ί–Ό,θϋ,Ηx@i”­¶’nj,Ηπ”ΤE’“έi”­¶’nj,s‹ζ’¬‘ΊƒR[ƒhi”­¶’nj,“s“Ή•{§i”­¶’nj,s‹ζ’¬‘Ίi”­¶’nj,’¬’–Ϊi”­¶’nj,”­¶”N“ϊinϊj,”­¶inϊj,”­¶κ,”­¶κ‚ΜΪΧ,”νQÒ‚Μ”N—ξ,”νQÒ‚ΜE‹Ζ,{ωΦW
ή“,©“]Τ“,¬–μ,‰Ί—Z,282189,•ΊΙ§,¬–μs,‰Ί—Z’¬,2022[sanitize]05[sanitize]10,06,‚»‚Μ‘Ό,’“Τi—Φjκ,10Ξ‘γ,‚Z¶,{ω‚Ή‚Έ
ή“,©“]Τ“,¬–μ,¬–μ‰w‘O,282189,•ΊΙ§,¬–μs,Ύ¶’¬,2022[sanitize]06[sanitize]06,07,‚»‚Μ‘Ό,’“Τi—Φjκ,10Ξ‘γ,‚Z¶,{ω‚Ή‚Έ
ή“,©“]Τ“,¬–μ,¬–μ‰w‘O,282189,•ΊΙ§,¬–μs,‰¤q’¬,2022[sanitize]06[sanitize]05,14,‚»‚Μ‘Ό,’“Τi—Φjκ,10Ξ‘γ,’†w¶,{ω‚Ή‚Έ
ή“,©“]Τ“,¬–μ,¬–μ‰w‘O,282189,•ΊΙ§,¬–μs,•μ’¬,2022[sanitize]01[sanitize]15,13,κΛZ‘ξ,‚»‚Μ‘Ό,10Ξ‘γ,’†w¶,{ω‚Ή‚Έ
ή“,©“]Τ“,¬–μ,¬–μ‰w‘O,282189,•ΊΙ§,¬–μs,•μ’¬,2022[sanitize]03[sanitize]14,19,‚»‚Μ‘Ό‚ΜZ‘ξi‚RK‚ΔΘ‰Ί‹¤“―Z‘ξ“™j,’“Τi—Φjκ,30Ξ‘γ,‚»‚Μ‘Ό,{ω‚Ή‚Έ
ή“,©“]Τ“,¬–μ,¬–μ‰w‘O,282189,•ΊΙ§,¬–μs,•μ’¬,2022[sanitize]06[sanitize]28,23,‚SK‚ΔΘγ‹¤“―Z‘ξ,’“Τi—Φjκ,30Ξ‘γ,‚»‚Μ‘Ό,{ω‚Ή‚Έ
ή“,©“]Τ“,¬–μ,¬–μ‰w‘O,282189,•ΊΙ§,¬–μs,•μ’¬,2022[sanitize]08[sanitize]04,22,‚»‚Μ‘Ό,’“Τi—Φjκ,30Ξ‘γ,‚»‚Μ‘Ό,{ω‚Ή‚Έ
ή“,©“]Τ“,¬–μ,¬–μ‰w‘O,282189,•ΊΙ§,¬–μs,_–Ύ’¬,2022[sanitize]07[sanitize]08,07,‚»‚Μ‘Ό,’“Τi—Φjκ,10Ξ‘γ,‚Z¶,{ω‚Ή‚Έ
ή“,©“]Τ“,¬–μ,¬–μ‰w‘O,282189,•ΊΙ§,¬–μs,_–Ύ’¬,2022[sanitize]12[sanitize]11,17,‚»‚Μ‘Ό,’“Τi—Φjκ,30Ξ‘γ,‚»‚Μ‘Ό,{ω‚Ή‚Έ
ή“,©“]Τ“,¬–μ,¬–μ‰w‘O,282189,•ΊΙ§,¬–μs,“V_’¬,2021[sanitize]09[sanitize]01,09,‚SK‚ΔΘγ‹¤“―Z‘ξ,’“Τi—Φjκ,–@lE’c‘ΜA”νQÒ‚Θ‚µ,–@lE’c‘ΜA”νQÒ‚Θ‚µ,{ω‚Ή‚Έ
ή“,©“]Τ“,¬–μ,¬–μ‰w‘O,282189,•ΊΙ§,¬–μs,Ό–{’¬,2022[sanitize]12[sanitize]04,00,κΛZ‘ξ,’“Τi—Φjκ,70ΞΘγ,‚»‚Μ‘Ό,{ω‚Ή‚Έ
ή“,©“]Τ“,¬–μ,¬–μ‰w‘O,282189,•ΊΙ§,¬–μs,–{’¬,2022[sanitize]03[sanitize]16,17,‚»‚Μ‘Ό,‚»‚Μ‘Ό,70ΞΘγ,‚»‚Μ‘Ό,{ω‚Ή‚Έ
ή“,©“]Τ“,¬–μ,‰Ν‡,282189,•ΊΙ§,¬–μs,V•”’¬,2022[sanitize]08[sanitize]12,06,’“Τi—Φjκ,’“Τi—Φjκ,10Ξ‘γ,‚»‚Μ‘Ό,{ω‚Ή‚Έ
ή“,©“]Τ“,O“c,‚ ‚Ά‚Μ—Ά,282197,•ΊΙ§,O“cs,‰Ί‘–μ,2022[sanitize]06[sanitize]04,18,‚»‚Μ‘Ό,’“Τi—Φjκ,10Ξ‘γ,‘εw¶,{ω‚Ή‚Έ
ή“,©“]Τ“,O“c,‚ ‚Ά‚Μ—Ά,282197,•ΊΙ§,O“cs,‰Ί‘–μ,2022[sanitize]06[sanitize]24,10,‚»‚Μ‘Ό,’“Τi—Φjκ,30Ξ‘γ,‚»‚Μ‘Ό,{ω‚Ή‚Έ
ή“,©“]Τ“,O“c,ƒEƒbƒfƒBƒ^ƒEƒ“’†‰›,282197,•ΊΙ§,O“cs,‚―‚β‚«‘δ‚P’–Ϊ,2022[sanitize]03[sanitize]23,14,‚»‚Μ‘Ό,’“Τi—Φjκ,10Ξ‘γ,‚Z¶,{ω‚Ή‚Έ
ή“,©“]Τ“,O“c,ƒEƒbƒfƒBƒ^ƒEƒ“’†‰›,282197,•ΊΙ§,O“cs,‚―‚β‚«‘δ‚P’–Ϊ,2022[sanitize]05[sanitize]09,18,‚»‚Μ‘Ό,’“Τi—Φjκ,10Ξ‘γ,‚Z¶,{ω‚Ή‚Έ
ή“,©“]Τ“,O“c,ƒEƒbƒfƒBƒ^ƒEƒ“’†‰›,282197,•ΊΙ§,O“cs,‚―‚β‚«‘δ‚P’–Ϊ,2022[sanitize]06[sanitize]26,09,‚»‚Μ‘Ό,’“Τi—Φjκ,20Ξ‘γ,‚»‚Μ‘Ό,{ω‚Ή‚Έ
ή“,©“]Τ“,O“c,ƒEƒbƒfƒBƒ^ƒEƒ“’†‰›,282197,•ΊΙ§,O“cs,‚―‚β‚«‘δ‚P’–Ϊ,2022[sanitize]07[sanitize]05,17,‚»‚Μ‘Ό,’“Τi—Φjκ,10Ξ‘γ,‚Z¶,{ω‚Ή‚Έ
ή“,©“]Τ“,O“c,ƒEƒbƒfƒBƒ^ƒEƒ“’†‰›,282197,•ΊΙ§,O“cs,‚―‚β‚«‘δ‚P’–Ϊ,2022[sanitize]08[sanitize]01,18,‚»‚Μ‘Ό,’“Τi—Φjκ,10Ξ‘γ,‚Z¶,{ω‚Ή‚Έ
ή“,©“]Τ“,O“c,ƒEƒbƒfƒBƒ^ƒEƒ“’†‰›,282197,•ΊΙ§,O“cs,‚―‚β‚«‘δ‚P’–Ϊ,2022[sanitize]08[sanitize]08,13,‚»‚Μ‘Ό,’“Τi—Φjκ,10Ξ‘γ,’†w¶,{ω‚Ή‚Έ
ή“,©“]Τ“,O“c,ƒEƒbƒfƒBƒ^ƒEƒ“’†‰›,282197,•ΊΙ§,O“cs,‚―‚β‚«‘δ‚P’–Ϊ,2022[sanitize]08[sanitize]09,17,‚»‚Μ‘Ό,’“Τi—Φjκ,10Ξ‘γ,‚Z¶,{ω‚Ή‚Έ
ή“,©“]Τ“,O“c,ƒEƒbƒfƒBƒ^ƒEƒ“’†‰›,282197,•ΊΙ§,O“cs,‚―‚β‚«‘δ‚P’–Ϊ,2022[sanitize]08[sanitize]13,06,‚»‚Μ‘Ό,’“Τi—Φjκ,10Ξ‘γ,‚Z¶,{ω‚Ή‚Έ
ή“,©“]Τ“,O“c,ƒEƒbƒfƒBƒ^ƒEƒ“’†‰›,282197,•ΊΙ§,O“cs,‚―‚β‚«‘δ‚P’–Ϊ,2022[sanitize]08[sanitize]28,17,‚»‚Μ‘Ό,’“Τi—Φjκ,10Ξ‘γ,‚Z¶,{ω‚Ή‚Έ
ή“,©“]Τ“,O“c,ƒEƒbƒfƒBƒ^ƒEƒ“’†‰›,282197,•ΊΙ§,O“cs,‚―‚β‚«‘δ‚P’–Ϊ,2022[sanitize]09[sanitize]04,09,‚»‚Μ‘Ό,’“Τi—Φjκ,20Ξ‘γ,‘εw¶,{ω‚Ή‚Έ
ή“,©“]Τ“,O“c,ƒEƒbƒfƒBƒ^ƒEƒ“’†‰›,282197,•ΊΙ§,O“cs,‚―‚β‚«‘δ‚P’–Ϊ,2022[sanitize]09[sanitize]10,15,‚»‚Μ‘Ό,’“Τi—Φjκ,10Ξ‘γ,’†w¶,{ω‚µ‚½
ή“,©“]Τ“,O“c,ƒEƒbƒfƒBƒ^ƒEƒ“’†‰›,282197,•ΊΙ§,O“cs,‚―‚β‚«‘δ‚P’–Ϊ,2022[sanitize]09[sanitize]12,17,‚»‚Μ‘Ό,’“Τi—Φjκ,10Ξ‘γ,’†w¶,{ω‚Ή‚Έ
ή“,©“]Τ“,O“c,ƒEƒbƒfƒBƒ^ƒEƒ“’†‰›,282197,•ΊΙ§,O“cs,‚―‚β‚«‘δ‚P’–Ϊ,2022[sanitize]09[sanitize]17,15,‚»‚Μ‘Ό,’“Τi—Φjκ,20Ξ‘γ,‘εw¶,{ω‚µ‚½
ή“,©“]Τ“,O“c,ƒEƒbƒfƒBƒ^ƒEƒ“’†‰›,282197,•ΊΙ§,O“cs,‚―‚β‚«‘δ‚P’–Ϊ,2022[sanitize]09[sanitize]24,16,‚»‚Μ‘Ό,’“Τi—Φjκ,20Ξ‘γ,‘εw¶,{ω‚Ή‚Έ
ή“,©“]Τ“,O“c,ƒEƒbƒfƒBƒ^ƒEƒ“’†‰›,282197,•ΊΙ§,O“cs,‚―‚β‚«‘δ‚P’–Ϊ,2022[sanitize]09[sanitize]25,14,‚»‚Μ‘Ό,’“Τi—Φjκ,10Ξ‘γ,’†w¶,{ω‚Ή‚Έ
ή“,©“]Τ“,O“c,ƒEƒbƒfƒBƒ^ƒEƒ“’†‰›,282197,•ΊΙ§,O“cs,‚―‚β‚«‘δ‚R’–Ϊ,2022[sanitize]10[sanitize]01,16,‚»‚Μ‘Ό,’“Τi—Φjκ,10Ξ‘γ,‚Z¶,{ω‚Ή‚Έ
ή“,©“]Τ“,O“c,ƒEƒbƒfƒBƒ^ƒEƒ“’†‰›,282197,•ΊΙ§,O“cs,‚―‚β‚«‘δ‚S’–Ϊ,2022[sanitize]08[sanitize]12,10,κΛZ‘ξ,’“Τi—Φjκ,10Ξ‘γ,’†w¶,{ω‚Ή‚Έ
ή“,©“]Τ“,O“c,ƒEƒbƒfƒBƒ^ƒEƒ“’†‰›,282197,•ΊΙ§,O“cs,,2022[sanitize]06[sanitize]07,08,‚»‚Μ‘Ό,’“Τi—Φjκ,20Ξ‘γ,‘εw¶,{ω‚Ή‚Έ
ή“,©“]Τ“,O“c,ƒEƒbƒfƒBƒ^ƒEƒ“’†‰›,282197,•ΊΙ§,O“cs,w‰€‚Q’–Ϊ,2022[sanitize]10[sanitize]19,08,‚»‚Μ‘Ό,’“Τi—Φjκ,10Ξ‘γ,‘εw¶,{ω‚µ‚½
ή“,©“]Τ“,O“c,ƒEƒbƒfƒBƒ^ƒEƒ“’†‰›,282197,•ΊΙ§,O“cs,‚δ‚θ‚Μ‚«‘δ‚P’–Ϊ,2022[sanitize]11[sanitize]14,13,‚»‚Μ‘Ό,’“Τi—Φjκ,10Ξ‘γ,‚Z¶,{ω‚Ή‚Έ
ή“,©“]Τ“,O“c,ƒEƒbƒfƒBƒ^ƒEƒ“’†‰›,282197,•ΊΙ§,O“cs,‚δ‚θ‚Μ‚«‘δ‚P’–Ϊ,2022[sanitize]11[sanitize]21,18,‚»‚Μ‘Ό,’“Τi—Φjκ,10Ξ‘γ,‚Z¶,{ω‚Ή‚Έ
ή“,©“]Τ“,O“c,ƒtƒ‰ƒ[ƒ^ƒEƒ“,282197,•ΊΙ§,O“cs,‹·Τ‚ª‹u‚T’–Ϊ,2022[sanitize]02[sanitize]10,04,‚SK‚ΔΘγ‹¤“―Z‘ξ,’“Τi—Φjκ,20Ξ‘γ,‘εw¶,{ω‚Ή‚Έ
ή“,©“]Τ“,O“c,ƒtƒ‰ƒ[ƒ^ƒEƒ“,282197,•ΊΙ§,O“cs,‹·Τ‚ª‹u‚T’–Ϊ,2022[sanitize]09[sanitize]20,09,‚SK‚ΔΘγ‹¤“―Z‘ξ,‚»‚Μ‘Ό,10Ξ‘γ,‚Z¶,{ω‚Ή‚Έ
ή“,©“]Τ“,O“c,ƒtƒ‰ƒ[ƒ^ƒEƒ“,282197,•ΊΙ§,O“cs,•Ι‚ª‹u‚S’–Ϊ,2022[sanitize]07[sanitize]14,19,‚SK‚ΔΘγ‹¤“―Z‘ξ,’“Τi—Φjκ,10Ξ‘γ,’†w¶,{ω‚Ή‚Έ
ή“,©“]Τ“,O“c,ƒtƒ‰ƒ[ƒ^ƒEƒ“,282197,•ΊΙ§,O“cs,•Ι‚ª‹u‚V’–Ϊ,2022[sanitize]05[sanitize]09,13,‚SK‚ΔΘγ‹¤“―Z‘ξ,’“Τi—Φjκ,30Ξ‘γ,‚»‚Μ‘Ό,{ω‚µ‚½
ή“,©“]Τ“,O“c,ƒtƒ‰ƒ[ƒ^ƒEƒ“,282197,•ΊΙ§,O“cs,•Ι‚ª‹u‚V’–Ϊ,2022[sanitize]05[sanitize]10,16,“ΉHγ,‚»‚Μ‘Ό,10Ξ‘γ,‘εw¶,{ω‚µ‚½
ή“,©“]Τ“,O“c,ƒtƒ‰ƒ[ƒ^ƒEƒ“,282197,•ΊΙ§,O“cs,–ν¶‚ª‹u‚P’–Ϊ,2022[sanitize]03[sanitize]23,13,‚»‚Μ‘Ό,’“Τi—Φjκ,10Ξ‘γ,¬w¶,{ω‚Ή‚Έ
ή“,©“]Τ“,O“c,ƒtƒ‰ƒ[ƒ^ƒEƒ“,282197,•ΊΙ§,O“cs,–ν¶‚ª‹u‚P’–Ϊ,2022[sanitize]05[sanitize]10,17,‚»‚Μ‘Ό,’“Τi—Φjκ,30Ξ‘γ,‚»‚Μ‘Ό,{ω‚µ‚½
ή“,©“]Τ“,O“c,ƒtƒ‰ƒ[ƒ^ƒEƒ“,282197,•ΊΙ§,O“cs,–ν¶‚ª‹u‚P’–Ϊ,2022[sanitize]08[sanitize]25,06,‚»‚Μ‘Ό,’“Τi—Φjκ,20Ξ‘γ,‚»‚Μ‘Ό,{ω‚Ή‚Έ
ή“,©“]Τ“,O“c,ƒtƒ‰ƒ[ƒ^ƒEƒ“,282197,•ΊΙ§,O“cs,–ν¶‚ª‹u‚P’–Ϊ,2022[sanitize]10[sanitize]15,18,‚SK‚ΔΘγ‹¤“―Z‘ξ,’“Τi—Φjκ,10Ξ‘γ,’†w¶,{ω‚Ή‚Έ
ή“,©“]Τ“,O“c,ƒtƒ‰ƒ[ƒ^ƒEƒ“,282197,•ΊΙ§,O“cs,–ν¶‚ª‹u‚P’–Ϊ,2022[sanitize]11[sanitize]07,06,‚»‚Μ‘Ό,’“Τi—Φjκ,30Ξ‘γ,‚»‚Μ‘Ό,{ω‚Ή‚Έ
ή“,©“]Τ“,O“c,O“c“μ,282197,•ΊΙ§,O“cs,‘¶’¬,2022[sanitize]05[sanitize]26,07,‚»‚Μ‘Ό,’“Τi—Φjκ,50Ξ‘γ,‚»‚Μ‘Ό,{ω‚Ή‚Έ
ή“,©“]Τ“,O“c,O“c“μ,282197,•ΊΙ§,O“cs,‘¶’¬,2022[sanitize]08[sanitize]12,13,“ΉHγ,‚»‚Μ‘Ό,10Ξ‘γ,‘εw¶,{ω‚Ή‚Έ
ή“,©“]Τ“,O“c,O“c“μ,282197,•ΊΙ§,O“cs,‘Ξ’†’¬,2022[sanitize]08[sanitize]15,16,‚»‚Μ‘Ό‚ΜZ‘ξi‚RK‚ΔΘ‰Ί‹¤“―Z‘ξ“™j,’“Τi—Φjκ,30Ξ‘γ,‚»‚Μ‘Ό,{ω‚Ή‚Έ
ή“,©“]Τ“,O“c,O“c“μ,282197,•ΊΙ§,O“cs,“V_‚Q’–Ϊ,2022[sanitize]10[sanitize]19,22,‚SK‚ΔΘγ‹¤“―Z‘ξ,’“Τi—Φjκ,10Ξ‘γ,‘εw¶,{ω‚Ή‚Έ
ή“,©“]Τ“,O“c,O“c“μ,282197,•ΊΙ§,O“cs,’†’¬,2022[sanitize]11[sanitize]26,08,‚SK‚ΔΘγ‹¤“―Z‘ξ,’“Τi—Φjκ,10Ξ‘γ,‘εw¶,{ω‚Ή‚Έ
ή“,©“]Τ“,O“c,O“c“μ,282197,•ΊΙ§,O“cs,ΌR‚P’–Ϊ,2022[sanitize]01[sanitize]29,14,‚SK‚ΔΘγ‹¤“―Z‘ξ,’“Τi—Φjκ,70ΞΘγ,‚»‚Μ‘Ό,{ω‚Ή‚Έ
ή“,©“]Τ“,O“c,O“c“μ,282197,•ΊΙ§,O“cs,ΌR‚P’–Ϊ,2022[sanitize]07[sanitize]20,15,‚»‚Μ‘Ό‚ΜZ‘ξi‚RK‚ΔΘ‰Ί‹¤“―Z‘ξ“™j,’“Τi—Φjκ,20Ξ‘γ,‘εw¶,{ω‚Ή‚Έ
ή“,©“]Τ“,O“c,O“c“μ,282197,•ΊΙ§,O“cs,ΌR‚Q’–Ϊ,2022[sanitize]04[sanitize]17,18,‚»‚Μ‘Ό‚ΜZ‘ξi‚RK‚ΔΘ‰Ί‹¤“―Z‘ξ“™j,‚»‚Μ‘Ό,10Ξ‘γ,’†w¶,{ω‚µ‚½
ή“,©“]Τ“,O“c,O“c“μ,282197,•ΊΙ§,O“cs,ΌR‚Q’–Ϊ,2022[sanitize]07[sanitize]26,21,‚»‚Μ‘Ό‚ΜZ‘ξi‚RK‚ΔΘ‰Ί‹¤“―Z‘ξ“™j,’“Τi—Φjκ,10Ξ‘γ,‚Z¶,{ω‚Ή‚Έ
ή“,©“]Τ“,O“c,O“c“μ,282197,•ΊΙ§,O“cs,“μ‚ª‹u‚P’–Ϊ,2022[sanitize]06[sanitize]25,19,‚»‚Μ‘Ό‚ΜZ‘ξi‚RK‚ΔΘ‰Ί‹¤“―Z‘ξ“™j,’“Τi—Φjκ,10Ξ‘γ,‘εw¶,{ω‚Ή‚Έ
ή“,©“]Τ“,O“c,O“c“μ,282197,•ΊΙ§,O“cs,“μ‚ª‹u‚P’–Ϊ,2022[sanitize]10[sanitize]24,23,‚SK‚ΔΘγ‹¤“―Z‘ξ,’“Τi—Φjκ,10Ξ‘γ,‘εw¶,{ω‚µ‚½
ή“,©“]Τ“,O“c,O“c“μ,282197,•ΊΙ§,O“cs,“μ‚ª‹u‚Q’–Ϊ,2022[sanitize]03[sanitize]12,08,‚»‚Μ‘Ό,’“Τi—Φjκ,20Ξ‘γ,‚»‚Μ‘Ό,{ω‚Ή‚Έ
ή“,©“]Τ“,O“c,O“c“μ,282197,•ΊΙ§,O“cs,“μ‚ª‹u‚Q’–Ϊ,2022[sanitize]05[sanitize]20,22,‚»‚Μ‘Ό,’“Τi—Φjκ,20Ξ‘γ,‘εw¶,{ω‚Ή‚Έ
ή“,©“]Τ“,O“c,O“c“μ,282197,•ΊΙ§,O“cs,“μ‚ª‹u‚Q’–Ϊ,2022[sanitize]11[sanitize]09,17,‚»‚Μ‘Ό,’“Τi—Φjκ,10Ξ‘γ,‚Z¶,{ω‚µ‚½
ή“,©“]Τ“,O“c,O“c“μ,282197,•ΊΙ§,O“cs,O“c’¬,2022[sanitize]05[sanitize]12,18,‚»‚Μ‘Ό‚ΜZ‘ξi‚RK‚ΔΘ‰Ί‹¤“―Z‘ξ“™j,’“Τi—Φjκ,20Ξ‘γ,‘εw¶,{ω‚Ή‚Έ
ή“,©“]Τ“,O“c,O“c‰w‘O,282197,•ΊΙ§,O“cs,‘ε΄,2022[sanitize]08[sanitize]15,16,‚SK‚ΔΘγ‹¤“―Z‘ξ,’“Τi—Φjκ,20Ξ‘γ,‘εw¶,{ω‚Ή‚Έ
ή“,©“]Τ“,O“c,O“c‰w‘O,282197,•ΊΙ§,O“cs,‰Ί“c’†,2022[sanitize]06[sanitize]04,22,‚SK‚ΔΘγ‹¤“―Z‘ξ,’“Τi—Φjκ,20Ξ‘γ,‚»‚Μ‘Ό,{ω‚Ή‚Έ
ή“,©“]Τ“,O“c,O“c‰w‘O,282197,•ΊΙ§,O“cs,‚‚P’–Ϊ,2022[sanitize]08[sanitize]04,10,‚»‚Μ‘Ό‚ΜZ‘ξi‚RK‚ΔΘ‰Ί‹¤“―Z‘ξ“™j,’“Τi—Φjκ,10Ξ‘γ,‘εw¶,{ω‚Ή‚Έ
ή“,©“]Τ“,O“c,O“c‰w‘O,282197,•ΊΙ§,O“cs,O—Φ‚P’–Ϊ,2022[sanitize]06[sanitize]05,12,‚SK‚ΔΘγ‹¤“―Z‘ξ,’“Τi—Φjκ,10Ξ‘γ,‘εw¶,{ω‚Ή‚Έ
ή“,©“]Τ“,O“c,O“c‰w‘O,282197,•ΊΙ§,O“cs,‰w‘O’¬,2022[sanitize]02[sanitize]05,14,‚»‚Μ‘Ό,‚»‚Μ‘Ό,65[sanitize]69Ξ,‚»‚Μ‘Ό,{ω‚Ή‚Έ
ή“,©“]Τ“,O“c,O“c‰w‘O,282197,•ΊΙ§,O“cs,‰w‘O’¬,2022[sanitize]02[sanitize]10,12,‚SK‚ΔΘγ‹¤“―Z‘ξ,’“Τi—Φjκ,70ΞΘγ,‚»‚Μ‘Ό,{ω‚Ή‚Έ
ή“,©“]Τ“,O“c,O“c‰w‘O,282197,•ΊΙ§,O“cs,‰w‘O’¬,2022[sanitize]05[sanitize]20,07,’“Τi—Φjκ,’“Τi—Φjκ,40Ξ‘γ,‚»‚Μ‘Ό,{ω‚µ‚½
ή“,©“]Τ“,O“c,O“c‰w‘O,282197,•ΊΙ§,O“cs,‰w‘O’¬,2022[sanitize]06[sanitize]19,15,‚»‚Μ‘Ό,’“Τi—Φjκ,10Ξ‘γ,‚Z¶,{ω‚Ή‚Έ
ή“,©“]Τ“,O“c,O“c‰w‘O,282197,•ΊΙ§,O“cs,‰w‘O’¬,2022[sanitize]06[sanitize]22,23,‚SK‚ΔΘγ‹¤“―Z‘ξ,’“Τi—Φjκ,20Ξ‘γ,‘εw¶,{ω‚Ή‚Έ
ή“,©“]Τ“,O“c,O“c‰w‘O,282197,•ΊΙ§,O“cs,‰w‘O’¬,2022[sanitize]06[sanitize]23,01,‚»‚Μ‘Ό,’“Τi—Φjκ,30Ξ‘γ,‚»‚Μ‘Ό,{ω‚µ‚½
ή“,©“]Τ“,O“c,O“c‰w‘O,282197,•ΊΙ§,O“cs,‰w‘O’¬,2022[sanitize]08[sanitize]10,22,“ΉHγ,‚»‚Μ‘Ό,20Ξ‘γ,‘εw¶,{ω‚Ή‚Έ
ή“,©“]Τ“,O“c,O“c‰w‘O,282197,•ΊΙ§,O“cs,‰w‘O’¬,2022[sanitize]09[sanitize]26,20,“ΉHγ,‚»‚Μ‘Ό,40Ξ‘γ,‚»‚Μ‘Ό,{ω‚µ‚½
ή“,©“]Τ“,O“c,O“c‰w‘O,282197,•ΊΙ§,O“cs,‰w‘O’¬,2022[sanitize]10[sanitize]07,08,’“Τi—Φjκ,’“Τi—Φjκ,30Ξ‘γ,‚»‚Μ‘Ό,{ω‚Ή‚Έ
ή“,©“]Τ“,O“c,O“c‰w‘O,282197,•ΊΙ§,O“cs,‰w‘O’¬,2022[sanitize]11[sanitize]30,06,‚»‚Μ‘Ό,’“Τi—Φjκ,30Ξ‘γ,‚»‚Μ‘Ό,{ω‚µ‚½
ή“,©“]Τ“,O“c,O“c‰w‘O,282197,•ΊΙ§,O“cs,’†‰›’¬,2022[sanitize]03[sanitize]18,12,‚SK‚ΔΘγ‹¤“―Z‘ξ,’“Τi—Φjκ,10Ξ‘γ,‚»‚Μ‘Ό,{ω‚Ή‚Έ
ή“,©“]Τ“,O“c,O“c‰w‘O,282197,•ΊΙ§,O“cs,’†‰›’¬,2022[sanitize]03[sanitize]25,23,“ΉHγ,‚»‚Μ‘Ό,20Ξ‘γ,‚»‚Μ‘Ό,{ω‚Ή‚Έ
ή“,©“]Τ“,O“c,O“c‰w‘O,282197,•ΊΙ§,O“cs,’†‰›’¬,2022[sanitize]04[sanitize]16,01,“ΉHγ,‚»‚Μ‘Ό,20Ξ‘γ,‚»‚Μ‘Ό,{ω‚Ή‚Έ
ή“,©“]Τ“,O“c,O“c‰w‘O,282197,•ΊΙ§,O“cs,’†‰›’¬,2022[sanitize]09[sanitize]22,20,“ΉHγ,‚»‚Μ‘Ό,20Ξ‘γ,‘εw¶,{ω‚µ‚½
ή“,©“]Τ“,O“c,O“c‰w‘O,282197,•ΊΙ§,O“cs,’†’¬,2022[sanitize]05[sanitize]09,23,‚SK‚ΔΘγ‹¤“―Z‘ξ,’“Τi—Φjκ,20Ξ‘γ,‘εw¶,{ω‚Ή‚Έ
ή“,©“]Τ“,O“c,‰Α–Ξ,282197,•ΊΙ§,O“cs,•“‡,2022[sanitize]09[sanitize]09,20,‚SK‚ΔΘγ‹¤“―Z‘ξ,’“Τi—Φjκ,10Ξ‘γ,‚»‚Μ‘Ό,{ω‚Ή‚Έ
ή“,©“]Τ“,O“c,“μƒEƒbƒfƒBƒ^ƒEƒ“,282197,•ΊΙ§,O“cs,•“‡,2022[sanitize]09[sanitize]09,17,‚»‚Μ‘Ό‚ΜZ‘ξi‚RK‚ΔΘ‰Ί‹¤“―Z‘ξ“™j,’“Τi—Φjκ,10Ξ–Ά–,¬w¶,{ω‚Ή‚Έ
ή“,©“]Τ“,O“c,“μƒEƒbƒfƒBƒ^ƒEƒ“,282197,•ΊΙ§,O“cs,•“‡,2022[sanitize]10[sanitize]06,06,‚»‚Μ‘Ό,’“Τi—Φjκ,10Ξ‘γ,‚Z¶,{ω‚Ή‚Έ
ή“,©“]Τ“,O“c,“μƒEƒbƒfƒBƒ^ƒEƒ“,282197,•ΊΙ§,O“cs,‚ ‚©‚µ‚ ‘δ‚Q’–Ϊ,2022[sanitize]07[sanitize]28,18,κΛZ‘ξ,‚»‚Μ‘Ό,50Ξ‘γ,‚»‚Μ‘Ό,{ω‚Ή‚Έ
ή“,©“]Τ“,O“c,“μƒEƒbƒfƒBƒ^ƒEƒ“,282197,•ΊΙ§,O“cs,‚ ‚©‚µ‚ ‘δ‚R’–Ϊ,2022[sanitize]09[sanitize]03,12,‚SK‚ΔΘγ‹¤“―Z‘ξ,’“Τi—Φjκ,10Ξ‘γ,¬w¶,{ω‚Ή‚Έ
ή“,©“]Τ“,O“c,“μƒEƒbƒfƒBƒ^ƒEƒ“,282197,•ΊΙ§,O“cs,‚·‚Έ‚©‚―‘δ‚P’–Ϊ,2022[sanitize]03[sanitize]22,18,κΛZ‘ξ,’“Τi—Φjκ,10Ξ‘γ,¬w¶,{ω‚Ή‚Έ
ή“,©“]Τ“,O“c,“μƒEƒbƒfƒBƒ^ƒEƒ“,282197,•ΊΙ§,O“cs,‚·‚Έ‚©‚―‘δ‚P’–Ϊ,2022[sanitize]04[sanitize]05,22,κΛZ‘ξ,’“Τi—Φjκ,10Ξ‘γ,’†w¶,{ω‚Ή‚Έ
ή“,©“]Τ“,O“c,“μƒEƒbƒfƒBƒ^ƒEƒ“,282197,•ΊΙ§,O“cs,‚·‚Έ‚©‚―‘δ‚Q’–Ϊ,2022[sanitize]03[sanitize]04,15,‚SK‚ΔΘγ‹¤“―Z‘ξ,’“Τi—Φjκ,10Ξ‘γ,¬w¶,{ω‚Ή‚Έ
ή“,©“]Τ“,O“c,“μƒEƒbƒfƒBƒ^ƒEƒ“,282197,•ΊΙ§,O“cs,‚·‚Έ‚©‚―‘δ‚Q’–Ϊ,2022[sanitize]11[sanitize]05,13,‚»‚Μ‘Ό,’“Τi—Φjκ,10Ξ‘γ,’†w¶,{ω‚Ή‚Έ
ή“,©“]Τ“,O“c,“μƒEƒbƒfƒBƒ^ƒEƒ“,282197,•ΊΙ§,O“cs,‚·‚Έ‚©‚―‘δ‚R’–Ϊ,2022[sanitize]07[sanitize]09,14,‚»‚Μ‘Ό,’“Τi—Φjκ,30Ξ‘γ,‚»‚Μ‘Ό,{ω‚Ή‚Έ
ή“,©“]Τ“,O“c,“μƒEƒbƒfƒBƒ^ƒEƒ“,282197,•ΊΙ§,O“cs,‚·‚Έ‚©‚―‘δ‚R’–Ϊ,2022[sanitize]09[sanitize]24,21,‚SK‚ΔΘγ‹¤“―Z‘ξ,’“Τi—Φjκ,10Ξ‘γ,’†w¶,{ω‚Ή‚Έ
ή“,©“]Τ“,O“c,L–μ,282197,•ΊΙ§,O“cs,L–μ,2022[sanitize]10[sanitize]06,17,‚»‚Μ‘Ό,’“Τi—Φjκ,10Ξ‘γ,‘εw¶,{ω‚Ή‚Έ
ή“,©“]Τ“,O“c,uθ΄,282197,•ΊΙ§,O“cs,‘ε΄,2022[sanitize]10[sanitize]15,11,‚SK‚ΔΘγ‹¤“―Z‘ξ,’“Τi—Φjκ,70ΞΘγ,‚»‚Μ‘Ό,{ω‚Ή‚Έ
ή“,©“]Τ“,““ε,ZbƒAƒCƒ‰ƒ“ƒh,281018,•ΊΙ§,_Λs““ε‹ζ,ό—m’¬’†‚P’–Ϊ,2022[sanitize]06[sanitize]20,19,‚»‚Μ‘Ό,’“Τi—Φjκ,20Ξ‘γ,‚»‚Μ‘Ό,{ω‚µ‚½
ή“,©“]Τ“,““ε,ZbƒAƒCƒ‰ƒ“ƒh,281018,•ΊΙ§,_Λs““ε‹ζ,ό—m’¬’†‚P’–Ϊ,2022[sanitize]06[sanitize]23,18,‚»‚Μ‘Ό,’“Τi—Φjκ,10Ξ‘γ,‘εw¶,{ω‚µ‚½
ή“,©“]Τ“,““ε,ZbƒAƒCƒ‰ƒ“ƒh,281018,•ΊΙ§,_Λs““ε‹ζ,ό—m’¬’†‚P’–Ϊ,2022[sanitize]06[sanitize]28,18,“ΉHγ,‚»‚Μ‘Ό,10Ξ‘γ,’†w¶,{ω‚µ‚½
ή“,©“]Τ“,““ε,ZbƒAƒCƒ‰ƒ“ƒh,281018,•ΊΙ§,_Λs““ε‹ζ,ό—m’¬’†‚P’–Ϊ,2022[sanitize]09[sanitize]12,08,“ΉHγ,‚»‚Μ‘Ό,20Ξ‘γ,‚»‚Μ‘Ό,{ω‚Ή‚Έ
ή“,©“]Τ“,““ε,ZbƒAƒCƒ‰ƒ“ƒh,281018,•ΊΙ§,_Λs““ε‹ζ,ό—m’¬’†‚P’–Ϊ,2022[sanitize]09[sanitize]16,17,“ΉHγ,‚»‚Μ‘Ό,10Ξ‘γ,’†w¶,{ω‚Ή‚Έ
ή“,©“]Τ“,““ε,ZbƒAƒCƒ‰ƒ“ƒh,281018,•ΊΙ§,_Λs““ε‹ζ,ό—m’¬’†‚Q’–Ϊ,2022[sanitize]09[sanitize]12,07,‚»‚Μ‘Ό,’“Τi—Φjκ,50Ξ‘γ,‚»‚Μ‘Ό,{ω‚Ή‚Έ
ή“,©“]Τ“,““ε,ZbƒAƒCƒ‰ƒ“ƒh,281018,•ΊΙ§,_Λs““ε‹ζ,ό—m’¬’†‚Q’–Ϊ,2022[sanitize]11[sanitize]01,07,‚»‚Μ‘Ό,’“Τi—Φjκ,20Ξ‘γ,‘εw¶,{ω‚µ‚½
ή“,©“]Τ“,““ε,ZbƒAƒCƒ‰ƒ“ƒh,281018,•ΊΙ§,_Λs““ε‹ζ,ό—m’¬’†‚Q’–Ϊ,2022[sanitize]12[sanitize]12,16,“ΉHγ,‚»‚Μ‘Ό,10Ξ‘γ,¬w¶,{ω‚Ή‚Έ
ή“,©“]Τ“,““ε,ZbƒAƒCƒ‰ƒ“ƒh,281018,•ΊΙ§,_Λs““ε‹ζ,ό—m’¬’†‚R’–Ϊ,2022[sanitize]11[sanitize]15,18,‚SK‚ΔΘγ‹¤“―Z‘ξ,’“Τi—Φjκ,10Ξ‘γ,¬w¶,{ω‚µ‚½
ή“,©“]Τ“,““ε,ZbƒAƒCƒ‰ƒ“ƒh,281018,•ΊΙ§,_Λs““ε‹ζ,ό—m’¬’†‚R’–Ϊ,2022[sanitize]12[sanitize]04,18,‚SK‚ΔΘγ‹¤“―Z‘ξ,’“Τi—Φjκ,10Ξ‘γ,¬w¶,{ω‚Ή‚Έ
ή“,©“]Τ“,““ε,ZbƒAƒCƒ‰ƒ“ƒh,281018,•ΊΙ§,_Λs““ε‹ζ,ό—m’¬’†‚S’–Ϊ,2022[sanitize]02[sanitize]01,17,‚»‚Μ‘Ό,’“Τi—Φjκ,10Ξ‘γ,¬w¶,{ω‚Ή‚Έ
ή“,©“]Τ“,““ε,ZbƒAƒCƒ‰ƒ“ƒh,281018,•ΊΙ§,_Λs““ε‹ζ,ό—m’¬’†‚S’–Ϊ,2022[sanitize]07[sanitize]22,07,‚»‚Μ‘Ό,‚»‚Μ‘Ό,10Ξ‘γ,’†w¶,{ω‚Ή‚Έ
ή“,©“]Τ“,““ε,ZbƒAƒCƒ‰ƒ“ƒh,281018,•ΊΙ§,_Λs““ε‹ζ,ό—m’¬’†‚S’–Ϊ,2022[sanitize]10[sanitize]20,20,’“Τi—Φjκ,’“Τi—Φjκ,40Ξ‘γ,‚»‚Μ‘Ό,{ω‚µ‚½
ή“,©“]Τ“,““ε,ZbƒAƒCƒ‰ƒ“ƒh,281018,•ΊΙ§,_Λs““ε‹ζ,ό—m’¬’†‚T’–Ϊ,2021[sanitize]12[sanitize]19,17,‚SK‚ΔΘγ‹¤“―Z‘ξ,’“Τi—Φjκ,60[sanitize]64Ξ,‚»‚Μ‘Ό,{ω‚Ή‚Έ
ή“,©“]Τ“,““ε,ZbƒAƒCƒ‰ƒ“ƒh,281018,•ΊΙ§,_Λs““ε‹ζ,ό—m’¬’†‚T’–Ϊ,2022[sanitize]01[sanitize]20,18,‚SK‚ΔΘγ‹¤“―Z‘ξ,’“Τi—Φjκ,10Ξ‘γ,¬w¶,{ω‚µ‚½
ή“,©“]Τ“,““ε,ZbƒAƒCƒ‰ƒ“ƒh,281018,•ΊΙ§,_Λs““ε‹ζ,ό—m’¬’†‚T’–Ϊ,2022[sanitize]07[sanitize]13,20,‚SK‚ΔΘγ‹¤“―Z‘ξ,’“Τi—Φjκ,10Ξ‘γ,‚»‚Μ‘Ό,{ω‚Ή‚Έ
ή“,©“]Τ“,““ε,ZbƒAƒCƒ‰ƒ“ƒh,281018,•ΊΙ§,_Λs““ε‹ζ,ό—m’¬’†‚T’–Ϊ,2022[sanitize]11[sanitize]14,16,‚SK‚ΔΘγ‹¤“―Z‘ξ,’“Τi—Φjκ,50Ξ‘γ,‚»‚Μ‘Ό,{ω‚Ή‚Έ
ή“,©“]Τ“,““ε,ZbƒAƒCƒ‰ƒ“ƒh,281018,•ΊΙ§,_Λs““ε‹ζ,ό—m’¬’†‚T’–Ϊ,2022[sanitize]11[sanitize]28,19,‚SK‚ΔΘγ‹¤“―Z‘ξ,’“Τi—Φjκ,10Ξ‘γ,’†w¶,{ω‚µ‚½
ή“,©“]Τ“,““ε,ZbƒAƒCƒ‰ƒ“ƒh,281018,•ΊΙ§,_Λs““ε‹ζ,ό—m’¬’†‚T’–Ϊ,2022[sanitize]12[sanitize]10,20,‚SK‚ΔΘγ‹¤“―Z‘ξ,’“Τi—Φjκ,10Ξ‘γ,¬w¶,{ω‚µ‚½
ή“,©“]Τ“,““ε,ZbƒAƒCƒ‰ƒ“ƒh,281018,•ΊΙ§,_Λs““ε‹ζ,ό—m’¬’†‚U’–Ϊ,2022[sanitize]04[sanitize]17,08,‚»‚Μ‘Ό,’“Τi—Φjκ,10Ξ‘γ,‚»‚Μ‘Ό,{ω‚Ή‚Έ
ή“,©“]Τ“,““ε,ZbƒAƒCƒ‰ƒ“ƒh,281018,•ΊΙ§,_Λs““ε‹ζ,ό—m’¬’†‚U’–Ϊ,2022[sanitize]05[sanitize]10,18,‚»‚Μ‘Ό,’“Τi—Φjκ,20Ξ‘γ,‚»‚Μ‘Ό,{ω‚Ή‚Έ
ή“,©“]Τ“,““ε,ZbƒAƒCƒ‰ƒ“ƒh,281018,•ΊΙ§,_Λs““ε‹ζ,ό—m’¬’†‚U’–Ϊ,2022[sanitize]07[sanitize]15,12,‚»‚Μ‘Ό,’“Τi—Φjκ,50Ξ‘γ,‚»‚Μ‘Ό,{ω‚Ή‚Έ
ή“,©“]Τ“,““ε,ZbƒAƒCƒ‰ƒ“ƒh,281018,•ΊΙ§,_Λs““ε‹ζ,ό—m’¬’†‚U’–Ϊ,2022[sanitize]10[sanitize]15,19,‚SK‚ΔΘγ‹¤“―Z‘ξ,’“Τi—Φjκ,10Ξ–Ά–,¬w¶,{ω‚Ή‚Έ
ή“,©“]Τ“,““ε,ZbƒAƒCƒ‰ƒ“ƒh,281018,•ΊΙ§,_Λs““ε‹ζ,ό—m’¬’†‚U’–Ϊ,2022[sanitize]12[sanitize]02,13,‚»‚Μ‘Ό,’“Τi—Φjκ,20Ξ‘γ,‚»‚Μ‘Ό,{ω‚Ή‚Έ
ή“,©“]Τ“,““ε,ZbƒAƒCƒ‰ƒ“ƒh,281018,•ΊΙ§,_Λs““ε‹ζ,ό—m’¬’†‚V’–Ϊ,2022[sanitize]08[sanitize]20,23,‚SK‚ΔΘγ‹¤“―Z‘ξ,’“Τi—Φjκ,10Ξ‘γ,‚Z¶,{ω‚Ή‚Έ
ή“,©“]Τ“,““ε,ZbƒAƒCƒ‰ƒ“ƒh,281018,•ΊΙ§,_Λs““ε‹ζ,ό—m’¬’†‚V’–Ϊ,2022[sanitize]11[sanitize]24,16,‚SK‚ΔΘγ‹¤“―Z‘ξ,’“Τi—Φjκ,10Ξ‘γ,‚Z¶,{ω‚µ‚½
ή“,©“]Τ“,““ε,ZbƒAƒCƒ‰ƒ“ƒh,281018,•ΊΙ§,_Λs““ε‹ζ,ό—m’¬’†‚X’–Ϊ,2022[sanitize]07[sanitize]02,16,‚»‚Μ‘Ό,‚»‚Μ‘Ό,10Ξ–Ά–,¬w¶,{ω‚Ή‚Έ
ή“,©“]Τ“,““ε,ZbƒAƒCƒ‰ƒ“ƒh,281018,•ΊΙ§,_Λs““ε‹ζ,ό—m’¬’†‚X’–Ϊ,2022[sanitize]11[sanitize]01,12,‚SK‚ΔΘγ‹¤“―Z‘ξ,’“Τi—Φjκ,40Ξ‘γ,‚»‚Μ‘Ό,{ω‚Ή‚Έ
ή“,©“]Τ“,““ε,ΰ“c,281018,•ΊΙ§,_Λs““ε‹ζ,‹›θΌ’¬‚P’–Ϊ,2022[sanitize]05[sanitize]10,17,“ΉHγ,‚»‚Μ‘Ό,20Ξ‘γ,‚»‚Μ‘Ό,{ω‚Ή‚Έ
ή“,©“]Τ“,““ε,ΰ“c,281018,•ΊΙ§,_Λs““ε‹ζ,‹›θΌ’¬‚Q’–Ϊ,2022[sanitize]10[sanitize]28,17,‚SK‚ΔΘγ‹¤“―Z‘ξ,’“Τi—Φjκ,30Ξ‘γ,‚»‚Μ‘Ό,{ω‚Ή‚Έ
ή“,©“]Τ“,““ε,ΰ“c,281018,•ΊΙ§,_Λs““ε‹ζ,‹›θΌ’¬‚R’–Ϊ,2022[sanitize]11[sanitize]09,17,“ΉHγ,‚»‚Μ‘Ό,40Ξ‘γ,‚»‚Μ‘Ό,{ω‚µ‚½
ή“,©“]Τ“,““ε,ΰ“c,281018,•ΊΙ§,_Λs““ε‹ζ,‹›θΌ’¬‚S’–Ϊ,2022[sanitize]07[sanitize]25,07,‚»‚Μ‘Ό,’“Τi—Φjκ,20Ξ‘γ,‚»‚Μ‘Ό,{ω‚Ή‚Έ
ή“,©“]Τ“,““ε,ΰ“c,281018,•ΊΙ§,_Λs““ε‹ζ,‹›θΌ’¬‚S’–Ϊ,2022[sanitize]09[sanitize]03,18,‚SK‚ΔΘγ‹¤“―Z‘ξ,’“Τi—Φjκ,40Ξ‘γ,‚»‚Μ‘Ό,{ω‚µ‚½
ή“,©“]Τ“,““ε,ΰ“c,281018,•ΊΙ§,_Λs““ε‹ζ,‹›θΌ’¬‚S’–Ϊ,2022[sanitize]09[sanitize]19,15,‚»‚Μ‘Ό,’“Τi—Φjκ,20Ξ‘γ,‚»‚Μ‘Ό,{ω‚Ή‚Έ
ή“,©“]Τ“,““ε,ΰ“c,281018,•ΊΙ§,_Λs““ε‹ζ,‹›θΌ’¬‚S’–Ϊ,2022[sanitize]10[sanitize]14,18,‚»‚Μ‘Ό,’“Τi—Φjκ,20Ξ‘γ,‚»‚Μ‘Ό,{ω‚µ‚½
ή“,©“]Τ“,““ε,ΰ“c,281018,•ΊΙ§,_Λs““ε‹ζ,Z‹g“μ’¬‚T’–Ϊ,2022[sanitize]12[sanitize]27,01,‚SK‚ΔΘγ‹¤“―Z‘ξ,’“Τi—Φjκ,20Ξ‘γ,‚»‚Μ‘Ό,{ω‚µ‚½
ή“,©“]Τ“,““ε,ΰ“c,281018,•ΊΙ§,_Λs““ε‹ζ,δ‰e–{’¬‚Q’–Ϊ,2021[sanitize]01[sanitize]12,09,‚SK‚ΔΘγ‹¤“―Z‘ξ,’“Τi—Φjκ,30Ξ‘γ,‚»‚Μ‘Ό,{ω‚µ‚½
ή“,©“]Τ“,““ε,ΰ“c,281018,•ΊΙ§,_Λs““ε‹ζ,δ‰e–{’¬‚Q’–Ϊ,2022[sanitize]06[sanitize]28,19,‚SK‚ΔΘγ‹¤“―Z‘ξ,’“Τi—Φjκ,10Ξ‘γ,¬w¶,{ω‚µ‚½
ή“,©“]Τ“,““ε,ΰ“c,281018,•ΊΙ§,_Λs““ε‹ζ,δ‰e–{’¬‚R’–Ϊ,2022[sanitize]01[sanitize]07,22,‚SK‚ΔΘγ‹¤“―Z‘ξ,’“Τi—Φjκ,20Ξ‘γ,‚»‚Μ‘Ό,{ω‚Ή‚Έ
ή“,©“]Τ“,““ε,ΰ“c,281018,•ΊΙ§,_Λs““ε‹ζ,δ‰e–{’¬‚R’–Ϊ,2022[sanitize]06[sanitize]29,20,’“Τi—Φjκ,’“Τi—Φjκ,20Ξ‘γ,‚»‚Μ‘Ό,{ω‚Ή‚Έ
ή“,©“]Τ“,““ε,ΰ“c,281018,•ΊΙ§,_Λs““ε‹ζ,δ‰e–{’¬‚S’–Ϊ,2022[sanitize]05[sanitize]11,20,‚»‚Μ‘Ό,’“Τi—Φjκ,10Ξ‘γ,‚Z¶,{ω‚µ‚½
ή“,©“]Τ“,““ε,ΰ“c,281018,•ΊΙ§,_Λs““ε‹ζ,δ‰e–{’¬‚V’–Ϊ,2022[sanitize]05[sanitize]23,21,‚SK‚ΔΘγ‹¤“―Z‘ξ,’“Τi—Φjκ,20Ξ‘γ,‚»‚Μ‘Ό,{ω‚Ή‚Έ
ή“,©“]Τ“,““ε,‰ª–{,281018,•ΊΙ§,_Λs““ε‹ζ,‰ª–{‚P’–Ϊ,2021[sanitize]12[sanitize]28,07,‚»‚Μ‘Ό,’“Τi—Φjκ,20Ξ‘γ,‚»‚Μ‘Ό,{ω‚Ή‚Έ
ή“,©“]Τ“,““ε,‰ª–{,281018,•ΊΙ§,_Λs““ε‹ζ,‰ª–{‚P’–Ϊ,2022[sanitize]03[sanitize]26,08,‚»‚Μ‘Ό,’“Τi—Φjκ,10Ξ‘γ,‚Z¶,{ω‚Ή‚Έ
ή“,©“]Τ“,““ε,‰ª–{,281018,•ΊΙ§,_Λs““ε‹ζ,‰ª–{‚P’–Ϊ,2022[sanitize]04[sanitize]29,09,’“Τi—Φjκ,’“Τi—Φjκ,30Ξ‘γ,‚»‚Μ‘Ό,{ω‚Ή‚Έ
ή“,©“]Τ“,““ε,‰ª–{,281018,•ΊΙ§,_Λs““ε‹ζ,‰ª–{‚P’–Ϊ,2022[sanitize]05[sanitize]07,07,‚»‚Μ‘Ό,’“Τi—Φjκ,40Ξ‘γ,‚»‚Μ‘Ό,{ω‚Ή‚Έ
ή“,©“]Τ“,““ε,‰ª–{,281018,•ΊΙ§,_Λs““ε‹ζ,‰ª–{‚P’–Ϊ,2022[sanitize]09[sanitize]14,16,‚»‚Μ‘Ό,’“Τi—Φjκ,20Ξ‘γ,‘εw¶,{ω‚Ή‚Έ
ή“,©“]Τ“,““ε,‰ª–{,281018,•ΊΙ§,_Λs““ε‹ζ,‰ª–{‚P’–Ϊ,2022[sanitize]10[sanitize]27,22,‚»‚Μ‘Ό,’“Τi—Φjκ,10Ξ‘γ,‚Z¶,{ω‚µ‚½
ή“,©“]Τ“,““ε,‰ª–{,281018,•ΊΙ§,_Λs““ε‹ζ,‰ª–{‚Q’–Ϊ,2022[sanitize]07[sanitize]28,12,‚SK‚ΔΘγ‹¤“―Z‘ξ,’“Τi—Φjκ,10Ξ‘γ,‚Z¶,{ω‚µ‚½
ή“,©“]Τ“,““ε,‰ª–{,281018,•ΊΙ§,_Λs““ε‹ζ,‰ª–{‚R’–Ϊ,2022[sanitize]10[sanitize]10,18,‚SK‚ΔΘγ‹¤“―Z‘ξ,’“Τi—Φjκ,10Ξ‘γ,‘εw¶,{ω‚µ‚½
ή“,©“]Τ“,““ε,‰ª–{,281018,•ΊΙ§,_Λs““ε‹ζ,‰ª–{‚T’–Ϊ,2021[sanitize]12[sanitize]19,18,“ΉHγ,‚»‚Μ‘Ό,30Ξ‘γ,‚»‚Μ‘Ό,{ω‚µ‚½
ή“,©“]Τ“,““ε,‰ª–{,281018,•ΊΙ§,_Λs““ε‹ζ,‰ª–{‚T’–Ϊ,2022[sanitize]03[sanitize]26,09,κΛZ‘ξ,’“Τi—Φjκ,10Ξ–Ά–,¬w¶,{ω‚Ή‚Έ
ή“,©“]Τ“,““ε,‰ª–{,281018,•ΊΙ§,_Λs““ε‹ζ,‰ª–{‚X’–Ϊ,2022[sanitize]09[sanitize]26,02,‚SK‚ΔΘγ‹¤“―Z‘ξ,’“Τi—Φjκ,10Ξ‘γ,‘εw¶,{ω‚µ‚½
ή“,©“]Τ“,““ε,‰ª–{,281018,•ΊΙ§,_Λs““ε‹ζ,‰ª–{‚X’–Ϊ,2022[sanitize]09[sanitize]28,19,‚SK‚ΔΘγ‹¤“―Z‘ξ,’“Τi—Φjκ,20Ξ‘γ,‘εw¶,{ω‚µ‚½
ή“,©“]Τ“,““ε,‰ª–{,281018,•ΊΙ§,_Λs““ε‹ζ,Ό‰ª–{‚P’–Ϊ,2022[sanitize]11[sanitize]14,15,‚SK‚ΔΘγ‹¤“―Z‘ξ,’“Τi—Φjκ,20Ξ‘γ,‘εw¶,{ω‚Ή‚Έ
ή“,©“]Τ“,““ε,‰ª–{,281018,•ΊΙ§,_Λs““ε‹ζ,Ό‰ª–{‚P’–Ϊ,•s–Ύ,•s–Ύ,‚SK‚ΔΘγ‹¤“―Z‘ξ,’“Τi—Φjκ,50Ξ‘γ,‚»‚Μ‘Ό,{ω‚Ή‚Έ
ή“,©“]Τ“,““ε,‰ª–{,281018,•ΊΙ§,_Λs““ε‹ζ,Ό‰ª–{‚R’–Ϊ,2022[sanitize]09[sanitize]25,12,‚»‚Μ‘Ό‚ΜZ‘ξi‚RK‚ΔΘ‰Ί‹¤“―Z‘ξ“™j,’“Τi—Φjκ,20Ξ‘γ,‚»‚Μ‘Ό,{ω‚µ‚½
ή“,©“]Τ“,““ε,‰ª–{,281018,•ΊΙ§,_Λs““ε‹ζ,Ό‰ª–{‚R’–Ϊ,2022[sanitize]10[sanitize]01,18,‚»‚Μ‘Ό‚ΜZ‘ξi‚RK‚ΔΘ‰Ί‹¤“―Z‘ξ“™j,’“Τi—Φjκ,20Ξ‘γ,‘εw¶,{ω‚Ή‚Έ
ή“,©“]Τ“,““ε,‰ª–{,281018,•ΊΙ§,_Λs““ε‹ζ,Ό‰ª–{‚U’–Ϊ,2022[sanitize]06[sanitize]29,22,‚SK‚ΔΘγ‹¤“―Z‘ξ,’“Τi—Φjκ,30Ξ‘γ,‚»‚Μ‘Ό,{ω‚µ‚½
ή“,©“]Τ“,““ε,‰ª–{,281018,•ΊΙ§,_Λs““ε‹ζ,Ό‰ª–{‚U’–Ϊ,2022[sanitize]08[sanitize]26,20,‚»‚Μ‘Ό‚ΜZ‘ξi‚RK‚ΔΘ‰Ί‹¤“―Z‘ξ“™j,’“Τi—Φjκ,40Ξ‘γ,‚»‚Μ‘Ό,{ω‚µ‚½
ή“,©“]Τ“,““ε,‰ª–{,281018,•ΊΙ§,_Λs““ε‹ζ,–{R–k’¬‚R’–Ϊ,2022[sanitize]01[sanitize]26,18,‚»‚Μ‘Ό‚ΜZ‘ξi‚RK‚ΔΘ‰Ί‹¤“―Z‘ξ“™j,‚»‚Μ‘Ό,20Ξ‘γ,‘εw¶,{ω‚Ή‚Έ
ή“,©“]Τ“,““ε,‰ª–{,281018,•ΊΙ§,_Λs““ε‹ζ,–{R–k’¬‚R’–Ϊ,2022[sanitize]02[sanitize]09,16,‚»‚Μ‘Ό,’“Τi—Φjκ,10Ξ‘γ,‚Z¶,{ω‚Ή‚Έ
ή“,©“]Τ“,““ε,X,281018,•ΊΙ§,_Λs““ε‹ζ,–{―’¬‚P’–Ϊ,2022[sanitize]01[sanitize]06,16,‚SK‚ΔΘγ‹¤“―Z‘ξ,’“Τi—Φjκ,50Ξ‘γ,‚»‚Μ‘Ό,{ω‚µ‚½
ή“,©“]Τ“,““ε,X,281018,•ΊΙ§,_Λs““ε‹ζ,–{―’¬‚P’–Ϊ,2022[sanitize]04[sanitize]26,18,‚»‚Μ‘Ό,’“Τi—Φjκ,10Ξ‘γ,‚Z¶,{ω‚µ‚½
ή“,©“]Τ“,““ε,X,281018,•ΊΙ§,_Λs““ε‹ζ,–{R’†’¬‚Q’–Ϊ,2022[sanitize]10[sanitize]02,20,‚SK‚ΔΘγ‹¤“―Z‘ξ,’“Τi—Φjκ,20Ξ‘γ,‚»‚Μ‘Ό,{ω‚Ή‚Έ
ή“,©“]Τ“,““ε,X,281018,•ΊΙ§,_Λs““ε‹ζ,–{R’†’¬‚R’–Ϊ,2022[sanitize]10[sanitize]08,23,’“Τi—Φjκ,’“Τi—Φjκ,20Ξ‘γ,‘εw¶,{ω‚Ή‚Έ
ή“,©“]Τ“,““ε,X,281018,•ΊΙ§,_Λs““ε‹ζ,–{R“μ’¬‚P’–Ϊ,2021[sanitize]12[sanitize]23,23,‚SK‚ΔΘγ‹¤“―Z‘ξ,’“Τi—Φjκ,20Ξ‘γ,‘εw¶,{ω‚Ή‚Έ
ή“,©“]Τ“,““ε,X,281018,•ΊΙ§,_Λs““ε‹ζ,–{R“μ’¬‚P’–Ϊ,2022[sanitize]04[sanitize]20,18,‚SK‚ΔΘγ‹¤“―Z‘ξ,’“Τi—Φjκ,20Ξ‘γ,‘εw¶,{ω‚µ‚½
ή“,©“]Τ“,““ε,X,281018,•ΊΙ§,_Λs““ε‹ζ,–{R“μ’¬‚P’–Ϊ,2022[sanitize]08[sanitize]24,12,‚SK‚ΔΘγ‹¤“―Z‘ξ,’“Τi—Φjκ,20Ξ‘γ,‘εw¶,{ω‚µ‚½
ή“,©“]Τ“,““ε,X,281018,•ΊΙ§,_Λs““ε‹ζ,–{R“μ’¬‚Q’–Ϊ,2022[sanitize]10[sanitize]09,12,‚SK‚ΔΘγ‹¤“―Z‘ξ,’“Τi—Φjκ,65[sanitize]69Ξ,‚»‚Μ‘Ό,{ω‚µ‚½
ή“,©“]Τ“,““ε,X,281018,•ΊΙ§,_Λs““ε‹ζ,–{R“μ’¬‚V’–Ϊ,2022[sanitize]04[sanitize]18,13,κΛZ‘ξ,‚»‚Μ‘Ό,70ΞΘγ,‚»‚Μ‘Ό,{ω‚µ‚½
ή“,©“]Τ“,““ε,X,281018,•ΊΙ§,_Λs““ε‹ζ,X–k’¬‚P’–Ϊ,2021[sanitize]12[sanitize]27,17,“ΉHγ,‚»‚Μ‘Ό,50Ξ‘γ,‚»‚Μ‘Ό,{ω‚µ‚½
ή“,©“]Τ“,““ε,X,281018,•ΊΙ§,_Λs““ε‹ζ,X–k’¬‚P’–Ϊ,2022[sanitize]07[sanitize]10,16,‚SK‚ΔΘγ‹¤“―Z‘ξ,’“Τi—Φjκ,50Ξ‘γ,‚»‚Μ‘Ό,{ω‚µ‚½
ή“,©“]Τ“,““ε,X,281018,•ΊΙ§,_Λs““ε‹ζ,X“μ’¬‚P’–Ϊ,2022[sanitize]05[sanitize]14,14,‚»‚Μ‘Ό,’“Τi—Φjκ,10Ξ‘γ,¬w¶,{ω‚Ή‚Έ
ή“,©“]Τ“,““ε,X,281018,•ΊΙ§,_Λs““ε‹ζ,X“μ’¬‚Q’–Ϊ,2022[sanitize]03[sanitize]09,10,‚SK‚ΔΘγ‹¤“―Z‘ξ,’“Τi—Φjκ,65[sanitize]69Ξ,‚»‚Μ‘Ό,{ω‚µ‚½
ή“,©“]Τ“,““ε,‘ςƒmδ,281018,•ΊΙ§,_Λs““ε‹ζ,δ‰e’Λ’¬‚P’–Ϊ,2022[sanitize]07[sanitize]28,19,‚»‚Μ‘Ό,’“Τi—Φjκ,30Ξ‘γ,‚»‚Μ‘Ό,{ω‚Ή‚Έ
ή“,©“]Τ“,““ε,‘ςƒmδ,281018,•ΊΙ§,_Λs““ε‹ζ,δ‰e’†’¬‚P’–Ϊ,2022[sanitize]03[sanitize]12,09,‚»‚Μ‘Ό,’“Τi—Φjκ,10Ξ‘γ,‚Z¶,{ω‚Ή‚Έ
ή“,©“]Τ“,““ε,‘ςƒmδ,281018,•ΊΙ§,_Λs““ε‹ζ,δ‰e’†’¬‚P’–Ϊ,2022[sanitize]07[sanitize]12,21,“ΉHγ,‚»‚Μ‘Ό,20Ξ‘γ,‘εw¶,{ω‚µ‚½
ή“,©“]Τ“,““ε,‘ςƒmδ,281018,•ΊΙ§,_Λs““ε‹ζ,δ‰e’†’¬‚Q’–Ϊ,2022[sanitize]06[sanitize]26,08,‚SK‚ΔΘγ‹¤“―Z‘ξ,’“Τi—Φjκ,20Ξ‘γ,‘εw¶,{ω‚µ‚½
ή“,©“]Τ“,““ε,‘ςƒmδ,281018,•ΊΙ§,_Λs““ε‹ζ,δ‰e’†’¬‚R’–Ϊ,2022[sanitize]03[sanitize]11,18,“ΉHγ,‚»‚Μ‘Ό,10Ξ‘γ,‚»‚Μ‘Ό,{ω‚µ‚½
ή“,©“]Τ“,““ε,‘ςƒmδ,281018,•ΊΙ§,_Λs““ε‹ζ,δ‰e’†’¬‚R’–Ϊ,2022[sanitize]07[sanitize]08,19,“ΉHγ,‚»‚Μ‘Ό,40Ξ‘γ,‚»‚Μ‘Ό,{ω‚µ‚½
ή“,©“]Τ“,““ε,‘ςƒmδ,281018,•ΊΙ§,_Λs““ε‹ζ,δ‰e’†’¬‚T’–Ϊ,2022[sanitize]02[sanitize]03,16,‚»‚Μ‘Ό,’“Τi—Φjκ,65[sanitize]69Ξ,‚»‚Μ‘Ό,{ω‚Ή‚Έ
ή“,©“]Τ“,““ε,‘ςƒmδ,281018,•ΊΙ§,_Λs““ε‹ζ,δ‰e’†’¬‚T’–Ϊ,2022[sanitize]03[sanitize]03,19,“ΉHγ,‚»‚Μ‘Ό,10Ξ‘γ,’†w¶,{ω‚Ή‚Έ
ή“,©“]Τ“,““ε,‘ςƒmδ,281018,•ΊΙ§,_Λs““ε‹ζ,δ‰e’†’¬‚V’–Ϊ,2022[sanitize]02[sanitize]22,12,‚SK‚ΔΘγ‹¤“―Z‘ξ,’“Τi—Φjκ,10Ξ‘γ,‘εw¶,{ω‚µ‚½
ή“,©“]Τ“,““ε,‘ςƒmδ,281018,•ΊΙ§,_Λs““ε‹ζ,δ‰e’†’¬‚V’–Ϊ,2022[sanitize]07[sanitize]28,18,‚»‚Μ‘Ό‚ΜZ‘ξi‚RK‚ΔΘ‰Ί‹¤“―Z‘ξ“™j,’“Τi—Φjκ,10Ξ‘γ,¬w¶,{ω‚Ή‚Έ
ή“,©“]Τ“,““ε,‘ςƒmδ,281018,•ΊΙ§,_Λs““ε‹ζ,δ‰e–{’¬‚W’–Ϊ,2022[sanitize]06[sanitize]18,18,“ΉHγ,‚»‚Μ‘Ό,70ΞΘγ,‚»‚Μ‘Ό,{ω‚Ή‚Έ
ή“,©“]Τ“,““ε,‘ςƒmδ,281018,•ΊΙ§,_Λs““ε‹ζ,δ‰e‚P’–Ϊ,2022[sanitize]07[sanitize]29,17,‚SK‚ΔΘγ‹¤“―Z‘ξ,’“Τi—Φjκ,30Ξ‘γ,‘εw¶,{ω‚µ‚½
ή“,©“]Τ“,““ε,‘ςƒmδ,281018,•ΊΙ§,_Λs““ε‹ζ,δ‰eS‰Ζ‚P’–Ϊ,2022[sanitize]08[sanitize]11,22,‚SK‚ΔΘγ‹¤“―Z‘ξ,’“Τi—Φjκ,10Ξ‘γ,’†w¶,{ω‚Ή‚Έ
ή“,©“]Τ“,““ε,[],281018,•ΊΙ§,_Λs““ε‹ζ,[]–k’¬‚P’–Ϊ,2021[sanitize]07[sanitize]10,15,‚SK‚ΔΘγ‹¤“―Z‘ξ,’“Τi—Φjκ,40Ξ‘γ,‚»‚Μ‘Ό,{ω‚µ‚½
ή“,©“]Τ“,““ε,[],281018,•ΊΙ§,_Λs““ε‹ζ,[]–k’¬‚R’–Ϊ,2022[sanitize]01[sanitize]18,06,‚»‚Μ‘Ό,’“Τi—Φjκ,70ΞΘγ,‚»‚Μ‘Ό,{ω‚µ‚½
ή“,©“]Τ“,““ε,[],281018,•ΊΙ§,_Λs““ε‹ζ,[]–k’¬‚R’–Ϊ,2022[sanitize]04[sanitize]27,13,‚SK‚ΔΘγ‹¤“―Z‘ξ,’“Τi—Φjκ,50Ξ‘γ,‚»‚Μ‘Ό,{ω‚µ‚½
ή“,©“]Τ“,““ε,[],281018,•ΊΙ§,_Λs““ε‹ζ,[]–k’¬‚R’–Ϊ,2022[sanitize]08[sanitize]14,11,’“Τi—Φjκ,’“Τi—Φjκ,20Ξ‘γ,‚»‚Μ‘Ό,{ω‚µ‚½
ή“,©“]Τ“,““ε,[],281018,•ΊΙ§,_Λs““ε‹ζ,[]–k’¬‚R’–Ϊ,2022[sanitize]08[sanitize]26,19,‚»‚Μ‘Ό,’“Τi—Φjκ,20Ξ‘γ,‘εw¶,{ω‚Ή‚Έ
ή“,©“]Τ“,““ε,[],281018,•ΊΙ§,_Λs““ε‹ζ,[]–k’¬‚R’–Ϊ,2022[sanitize]09[sanitize]23,16,‚»‚Μ‘Ό,’“Τi—Φjκ,40Ξ‘γ,‚»‚Μ‘Ό,{ω‚Ή‚Έ
ή“,©“]Τ“,““ε,[],281018,•ΊΙ§,_Λs““ε‹ζ,[]–k’¬‚R’–Ϊ,2022[sanitize]11[sanitize]14,18,‚SK‚ΔΘγ‹¤“―Z‘ξ,’“Τi—Φjκ,10Ξ‘γ,‚Z¶,{ω‚Ή‚Έ
ή“,©“]Τ“,““ε,[],281018,•ΊΙ§,_Λs““ε‹ζ,[]•l’¬,2022[sanitize]02[sanitize]20,14,‚»‚Μ‘Ό,‚»‚Μ‘Ό,20Ξ‘γ,‚»‚Μ‘Ό,{ω‚µ‚½
ή“,©“]Τ“,““ε,[],281018,•ΊΙ§,_Λs““ε‹ζ,[]•l’¬,2022[sanitize]06[sanitize]06,09,‚»‚Μ‘Ό,’“Τi—Φjκ,20Ξ‘γ,‚»‚Μ‘Ό,{ω‚Ή‚Έ
ή“,©“]Τ“,““ε,[],281018,•ΊΙ§,_Λs““ε‹ζ,[]–{’¬‚P’–Ϊ,2022[sanitize]08[sanitize]09,17,‚SK‚ΔΘγ‹¤“―Z‘ξ,’“Τi—Φjκ,10Ξ‘γ,‚Z¶,{ω‚µ‚½
ή“,©“]Τ“,““ε,[],281018,•ΊΙ§,_Λs““ε‹ζ,[]–{’¬‚P’–Ϊ,2022[sanitize]09[sanitize]11,06,“ΉHγ,‚»‚Μ‘Ό,20Ξ‘γ,‚»‚Μ‘Ό,{ω‚Ή‚Έ
ή“,©“]Τ“,““ε,[],281018,•ΊΙ§,_Λs““ε‹ζ,[]–{’¬‚P’–Ϊ,2022[sanitize]11[sanitize]11,19,‚SK‚ΔΘγ‹¤“―Z‘ξ,’“Τi—Φjκ,20Ξ‘γ,‚»‚Μ‘Ό,{ω‚Ή‚Έ
ή“,©“]Τ“,““ε,[],281018,•ΊΙ§,_Λs““ε‹ζ,[]–{’¬‚P’–Ϊ,2022[sanitize]12[sanitize]07,20,‚SK‚ΔΘγ‹¤“―Z‘ξ,’“Τi—Φjκ,30Ξ‘γ,‚»‚Μ‘Ό,{ω‚µ‚½
ή“,©“]Τ“,““ε,[],281018,•ΊΙ§,_Λs““ε‹ζ,[]–{’¬‚Q’–Ϊ,2022[sanitize]09[sanitize]04,20,‚SK‚ΔΘγ‹¤“―Z‘ξ,’“Τi—Φjκ,20Ξ‘γ,‚»‚Μ‘Ό,{ω‚Ή‚Έ
ή“,©“]Τ“,““ε,[],281018,•ΊΙ§,_Λs““ε‹ζ,[]–{’¬‚R’–Ϊ,2021[sanitize]12[sanitize]30,08,“ΉHγ,‚»‚Μ‘Ό,70ΞΘγ,‚»‚Μ‘Ό,{ω‚µ‚½
ή“,©“]Τ“,““ε,[],281018,•ΊΙ§,_Λs““ε‹ζ,[]–{’¬‚R’–Ϊ,2022[sanitize]05[sanitize]24,17,‚SK‚ΔΘγ‹¤“―Z‘ξ,’“Τi—Φjκ,40Ξ‘γ,‚»‚Μ‘Ό,{ω‚µ‚½
ή“,©“]Τ“,““ε,[],281018,•ΊΙ§,_Λs““ε‹ζ,[]–{’¬‚R’–Ϊ,2022[sanitize]06[sanitize]10,06,‚»‚Μ‘Ό,’“Τi—Φjκ,10Ξ‘γ,‚Z¶,{ω‚Ή‚Έ
ή“,©“]Τ“,““ε,[],281018,•ΊΙ§,_Λs““ε‹ζ,[]–{’¬‚R’–Ϊ,2022[sanitize]06[sanitize]22,06,‚»‚Μ‘Ό,’“Τi—Φjκ,10Ξ‘γ,‚Z¶,{ω‚Ή‚Έ
ή“,©“]Τ“,““ε,[],281018,•ΊΙ§,_Λs““ε‹ζ,[]–{’¬‚R’–Ϊ,2022[sanitize]07[sanitize]01,21,‚SK‚ΔΘγ‹¤“―Z‘ξ,’“Τi—Φjκ,40Ξ‘γ,‚»‚Μ‘Ό,{ω‚Ή‚Έ
ή“,©“]Τ“,““ε,[],281018,•ΊΙ§,_Λs““ε‹ζ,[]–{’¬‚R’–Ϊ,2022[sanitize]07[sanitize]05,22,“ΉHγ,‚»‚Μ‘Ό,20Ξ‘γ,‚»‚Μ‘Ό,{ω‚Ή‚Έ
ή“,©“]Τ“,““ε,[],281018,•ΊΙ§,_Λs““ε‹ζ,[]–{’¬‚R’–Ϊ,2022[sanitize]07[sanitize]07,17,“ΉHγ,‚»‚Μ‘Ό,10Ξ‘γ,‘εw¶,{ω‚Ή‚Έ
ή“,©“]Τ“,““ε,[],281018,•ΊΙ§,_Λs““ε‹ζ,[]–{’¬‚R’–Ϊ,2022[sanitize]07[sanitize]21,17,‚SK‚ΔΘγ‹¤“―Z‘ξ,’“Τi—Φjκ,20Ξ‘γ,‚»‚Μ‘Ό,{ω‚Ή‚Έ
ή“,©“]Τ“,““ε,[],281018,•ΊΙ§,_Λs““ε‹ζ,[]–{’¬‚R’–Ϊ,2022[sanitize]07[sanitize]22,17,‚»‚Μ‘Ό,’“Τi—Φjκ,10Ξ‘γ,¬w¶,{ω‚Ή‚Έ
ή“,©“]Τ“,““ε,[],281018,•ΊΙ§,_Λs““ε‹ζ,[]–{’¬‚R’–Ϊ,2022[sanitize]08[sanitize]29,00,“ΉHγ,‚»‚Μ‘Ό,40Ξ‘γ,‚»‚Μ‘Ό,{ω‚µ‚½
ή“,©“]Τ“,““ε,[],281018,•ΊΙ§,_Λs““ε‹ζ,[]–{’¬‚R’–Ϊ,2022[sanitize]10[sanitize]05,00,κΛZ‘ξ,‚»‚Μ‘Ό,40Ξ‘γ,‚»‚Μ‘Ό,{ω‚Ή‚Έ
ή“,©“]Τ“,““ε,[],281018,•ΊΙ§,_Λs““ε‹ζ,[]–{’¬‚R’–Ϊ,2022[sanitize]10[sanitize]08,13,“ΉHγ,‚»‚Μ‘Ό,10Ξ‘γ,’†w¶,{ω‚µ‚½
ή“,©“]Τ“,““ε,[],281018,•ΊΙ§,_Λs““ε‹ζ,[]–{’¬‚R’–Ϊ,2022[sanitize]10[sanitize]30,00,κΛZ‘ξ,‚»‚Μ‘Ό,10Ξ‘γ,’†w¶,{ω‚Ή‚Έ
ή“,©“]Τ“,““ε,[],281018,•ΊΙ§,_Λs““ε‹ζ,[]–{’¬‚R’–Ϊ,2022[sanitize]12[sanitize]19,16,‚»‚Μ‘Ό,’“Τi—Φjκ,40Ξ‘γ,‚»‚Μ‘Ό,{ω‚Ή‚Έ
ή“,©“]Τ“,““ε,[],281018,•ΊΙ§,_Λs““ε‹ζ,[]“μ’¬‚P’–Ϊ,2022[sanitize]09[sanitize]28,20,‚SK‚ΔΘγ‹¤“―Z‘ξ,‚»‚Μ‘Ό,10Ξ‘γ,‚Z¶,{ω‚Ή‚Έ
ή“,©“]Τ“,““ε,[],281018,•ΊΙ§,_Λs““ε‹ζ,[]“μ’¬‚P’–Ϊ,2022[sanitize]10[sanitize]10,08,‚»‚Μ‘Ό‚ΜZ‘ξi‚RK‚ΔΘ‰Ί‹¤“―Z‘ξ“™j,‚»‚Μ‘Ό,10Ξ‘γ,’†w¶,{ω‚Ή‚Έ
ή“,©“]Τ“,““ε,[],281018,•ΊΙ§,_Λs““ε‹ζ,[]“μ’¬‚Q’–Ϊ,2021[sanitize]09[sanitize]21,•s–Ύ,‚SK‚ΔΘγ‹¤“―Z‘ξ,’“Τi—Φjκ,20Ξ‘γ,‘εw¶,{ω‚µ‚½
ή“,©“]Τ“,““ε,[],281018,•ΊΙ§,_Λs““ε‹ζ,[]“μ’¬‚R’–Ϊ,2022[sanitize]06[sanitize]15,18,‚»‚Μ‘Ό,’“Τi—Φjκ,10Ξ‘γ,’†w¶,{ω‚Ή‚Έ
ή“,©“]Τ“,““ε,[],281018,•ΊΙ§,_Λs““ε‹ζ,[]“μ’¬‚S’–Ϊ,2021[sanitize]10[sanitize]25,•s–Ύ,‚»‚Μ‘Ό,‚»‚Μ‘Ό,50Ξ‘γ,‚»‚Μ‘Ό,{ω‚Ή‚Έ
ή“,©“]Τ“,““ε,[],281018,•ΊΙ§,_Λs““ε‹ζ,[]“μ’¬‚S’–Ϊ,2022[sanitize]05[sanitize]24,18,‚SK‚ΔΘγ‹¤“―Z‘ξ,’“Τi—Φjκ,30Ξ‘γ,‚»‚Μ‘Ό,{ω‚µ‚½
ή“,©“]Τ“,““ε,[],281018,•ΊΙ§,_Λs““ε‹ζ,[]“μ’¬‚S’–Ϊ,2022[sanitize]07[sanitize]25,00,‚SK‚ΔΘγ‹¤“―Z‘ξ,’“Τi—Φjκ,50Ξ‘γ,‚»‚Μ‘Ό,{ω‚µ‚½
ή“,©“]Τ“,““ε,“c’†,281018,•ΊΙ§,_Λs““ε‹ζ,b“μ’¬‚P’–Ϊ,2022[sanitize]02[sanitize]25,13,‚SK‚ΔΘγ‹¤“―Z‘ξ,’“Τi—Φjκ,20Ξ‘γ,‘εw¶,{ω‚Ή‚Έ
ή“,©“]Τ“,““ε,“c’†,281018,•ΊΙ§,_Λs““ε‹ζ,b“μ’¬‚Q’–Ϊ,2022[sanitize]12[sanitize]03,16,‚SK‚ΔΘγ‹¤“―Z‘ξ,’“Τi—Φjκ,10Ξ‘γ,‘εw¶,{ω‚Ή‚Έ
ή“,©“]Τ“,““ε,“c’†,281018,•ΊΙ§,_Λs““ε‹ζ,b“μ’¬‚R’–Ϊ,2022[sanitize]05[sanitize]09,18,‚»‚Μ‘Ό,’“Τi—Φjκ,20Ξ‘γ,‚»‚Μ‘Ό,{ω‚Ή‚Έ
ή“,©“]Τ“,““ε,“c’†,281018,•ΊΙ§,_Λs““ε‹ζ,b“μ’¬‚R’–Ϊ,2022[sanitize]07[sanitize]31,16,‚SK‚ΔΘγ‹¤“―Z‘ξ,’“Τi—Φjκ,20Ξ‘γ,‘εw¶,{ω‚µ‚½
ή“,©“]Τ“,““ε,“c’†,281018,•ΊΙ§,_Λs““ε‹ζ,b“μ’¬‚R’–Ϊ,2022[sanitize]09[sanitize]16,10,‚»‚Μ‘Ό,‚»‚Μ‘Ό,70ΞΘγ,‚»‚Μ‘Ό,{ω‚µ‚½
ή“,©“]Τ“,““ε,“c’†,281018,•ΊΙ§,_Λs““ε‹ζ,b“μ’¬‚R’–Ϊ,2022[sanitize]12[sanitize]10,16,‚»‚Μ‘Ό,’“Τi—Φjκ,65[sanitize]69Ξ,‚»‚Μ‘Ό,{ω‚Ή‚Έ
ή“,©“]Τ“,““ε,“c’†,281018,•ΊΙ§,_Λs““ε‹ζ,b“μ’¬‚S’–Ϊ,2022[sanitize]04[sanitize]19,09,‚SK‚ΔΘγ‹¤“―Z‘ξ,’“Τi—Φjκ,20Ξ‘γ,‚»‚Μ‘Ό,{ω‚Ή‚Έ
ή“,©“]Τ“,““ε,“c’†,281018,•ΊΙ§,_Λs““ε‹ζ,b“μ’¬‚S’–Ϊ,2022[sanitize]04[sanitize]19,15,“ΉHγ,‚»‚Μ‘Ό,40Ξ‘γ,‚»‚Μ‘Ό,{ω‚Ή‚Έ
ή“,©“]Τ“,““ε,“c’†,281018,•ΊΙ§,_Λs““ε‹ζ,“c’†’¬‚P’–Ϊ,2022[sanitize]07[sanitize]16,20,’“Τi—Φjκ,’“Τi—Φjκ,10Ξ‘γ,’†w¶,{ω‚Ή‚Έ
ή“,©“]Τ“,““ε,“c’†,281018,•ΊΙ§,_Λs““ε‹ζ,“c’†’¬‚Q’–Ϊ,2022[sanitize]05[sanitize]27,15,‚»‚Μ‘Ό,’“Τi—Φjκ,10Ξ‘γ,’†w¶,{ω‚Ή‚Έ
ή“,©“]Τ“,““ε,“c’†,281018,•ΊΙ§,_Λs““ε‹ζ,“c’†’¬‚S’–Ϊ,2022[sanitize]03[sanitize]22,18,“ΉHγ,‚»‚Μ‘Ό,20Ξ‘γ,‚»‚Μ‘Ό,{ω‚Ή‚Έ
ή“,©“]Τ“,““ε,“c’†,281018,•ΊΙ§,_Λs““ε‹ζ,“c’†’¬‚S’–Ϊ,2022[sanitize]04[sanitize]02,16,‚SK‚ΔΘγ‹¤“―Z‘ξ,’“Τi—Φjκ,20Ξ‘γ,‘εw¶,{ω‚µ‚½
ή“,©“]Τ“,““ε,“c’†,281018,•ΊΙ§,_Λs““ε‹ζ,“c’†’¬‚S’–Ϊ,2022[sanitize]12[sanitize]08,20,‚SK‚ΔΘγ‹¤“―Z‘ξ,’“Τi—Φjκ,40Ξ‘γ,‚»‚Μ‘Ό,{ω‚Ή‚Έ
ή“,©“]Τ“,““ε,“c’†,281018,•ΊΙ§,_Λs““ε‹ζ,“c’†’¬‚T’–Ϊ,2022[sanitize]12[sanitize]19,00,“ΉHγ,‚»‚Μ‘Ό,30Ξ‘γ,‚»‚Μ‘Ό,{ω‚Ή‚Έ
ή“,©“]Τ“,““ε,“c’†,281018,•ΊΙ§,_Λs““ε‹ζ,–{R’†’¬‚S’–Ϊ,2022[sanitize]01[sanitize]10,19,‚»‚Μ‘Ό,’“Τi—Φjκ,30Ξ‘γ,‚»‚Μ‘Ό,{ω‚Ή‚Έ
ή“,©“]Τ“,““ε,“c’†,281018,•ΊΙ§,_Λs““ε‹ζ,–{R’†’¬‚S’–Ϊ,2022[sanitize]02[sanitize]03,13,‚SK‚ΔΘγ‹¤“―Z‘ξ,’“Τi—Φjκ,50Ξ‘γ,‚»‚Μ‘Ό,{ω‚Ή‚Έ
ή“,©“]Τ“,““ε,“c’†,281018,•ΊΙ§,_Λs““ε‹ζ,–{R’†’¬‚S’–Ϊ,2022[sanitize]03[sanitize]31,12,‚»‚Μ‘Ό‚ΜZ‘ξi‚RK‚ΔΘ‰Ί‹¤“―Z‘ξ“™j,’“Τi—Φjκ,20Ξ‘γ,‘εw¶,{ω‚Ή‚Έ
ή“,©“]Τ“,““ε,“c’†,281018,•ΊΙ§,_Λs““ε‹ζ,–{R’†’¬‚S’–Ϊ,2022[sanitize]11[sanitize]24,18,‚SK‚ΔΘγ‹¤“―Z‘ξ,’“Τi—Φjκ,10Ξ‘γ,‘εw¶,{ω‚Ή‚Έ
ή“,©“]Τ“,““ε,“c’†,281018,•ΊΙ§,_Λs““ε‹ζ,–{R“μ’¬‚R’–Ϊ,2022[sanitize]07[sanitize]07,19,‚»‚Μ‘Ό,’“Τi—Φjκ,70ΞΘγ,‚»‚Μ‘Ό,{ω‚Ή‚Έ
ή“,©“]Τ“,““ε,“c’†,281018,•ΊΙ§,_Λs““ε‹ζ,–{R“μ’¬‚W’–Ϊ,2022[sanitize]04[sanitize]22,22,‚SK‚ΔΘγ‹¤“―Z‘ξ,’“Τi—Φjκ,10Ξ‘γ,‘εw¶,{ω‚µ‚½
ή“,©“]Τ“,““ε,“c’†,281018,•ΊΙ§,_Λs““ε‹ζ,–{R“μ’¬‚W’–Ϊ,2022[sanitize]12[sanitize]24,12,‚»‚Μ‘Ό,’“Τi—Φjκ,20Ξ‘γ,‘εw¶,{ω‚Ή‚Έ
ή“,©“]Τ“,““ε,“c’†,281018,•ΊΙ§,_Λs““ε‹ζ,–{R“μ’¬‚X’–Ϊ,2022[sanitize]10[sanitize]29,14,‚SK‚ΔΘγ‹¤“―Z‘ξ,’“Τi—Φjκ,50Ξ‘γ,‚»‚Μ‘Ό,{ω‚µ‚½
ή“,©“]Τ“,““ε,“c’†,281018,•ΊΙ§,_Λs““ε‹ζ,–{R“μ’¬‚X’–Ϊ,•s–Ύ,•s–Ύ,‚SK‚ΔΘγ‹¤“―Z‘ξ,’“Τi—Φjκ,30Ξ‘γ,‚»‚Μ‘Ό,{ω‚Ή‚Έ
ή“,©“]Τ“,““ε,Ξ‰®μ,281018,•ΊΙ§,_Λs““ε‹ζ,δ‰eΞ’¬‚P’–Ϊ,2022[sanitize]12[sanitize]22,18,‚SK‚ΔΘγ‹¤“―Z‘ξ,’“Τi—Φjκ,20Ξ‘γ,‚»‚Μ‘Ό,{ω‚Ή‚Έ
ή“,©“]Τ“,““ε,Ξ‰®μ,281018,•ΊΙ§,_Λs““ε‹ζ,δ‰eΞ’¬‚Q’–Ϊ,2022[sanitize]06[sanitize]08,21,’“Τi—Φjκ,’“Τi—Φjκ,60[sanitize]64Ξ,‚»‚Μ‘Ό,{ω‚µ‚½
ή“,©“]Τ“,““ε,Ξ‰®μ,281018,•ΊΙ§,_Λs““ε‹ζ,δ‰eΞ’¬‚Q’–Ϊ,2022[sanitize]07[sanitize]07,08,’“Τi—Φjκ,’“Τi—Φjκ,10Ξ‘γ,‚Z¶,{ω‚µ‚½
ή“,©“]Τ“,““ε,Ξ‰®μ,281018,•ΊΙ§,_Λs““ε‹ζ,δ‰eΞ’¬‚Q’–Ϊ,2022[sanitize]07[sanitize]07,15,’“Τi—Φjκ,’“Τi—Φjκ,20Ξ‘γ,‘εw¶,{ω‚Ή‚Έ
ή“,©“]Τ“,““ε,Ξ‰®μ,281018,•ΊΙ§,_Λs““ε‹ζ,δ‰eΞ’¬‚Q’–Ϊ,2022[sanitize]09[sanitize]17,08,‚SK‚ΔΘγ‹¤“―Z‘ξ,’“Τi—Φjκ,20Ξ‘γ,‘εw¶,{ω‚µ‚½
ή“,©“]Τ“,““ε,Ξ‰®μ,281018,•ΊΙ§,_Λs““ε‹ζ,δ‰eΞ’¬‚R’–Ϊ,2022[sanitize]06[sanitize]28,21,‚»‚Μ‘Ό‚ΜZ‘ξi‚RK‚ΔΘ‰Ί‹¤“―Z‘ξ“™j,’“Τi—Φjκ,40Ξ‘γ,‚»‚Μ‘Ό,{ω‚Ή‚Έ
ή“,©“]Τ“,““ε,Ξ‰®μ,281018,•ΊΙ§,_Λs““ε‹ζ,δ‰eΞ’¬‚R’–Ϊ,2022[sanitize]09[sanitize]01,05,‚SK‚ΔΘγ‹¤“―Z‘ξ,’“Τi—Φjκ,10Ξ‘γ,’†w¶,{ω‚Ή‚Έ
ή“,©“]Τ“,““ε,Ξ‰®μ,281018,•ΊΙ§,_Λs““ε‹ζ,δ‰eΞ’¬‚S’–Ϊ,2022[sanitize]05[sanitize]11,16,κΛZ‘ξ,’“Τi—Φjκ,30Ξ‘γ,‚»‚Μ‘Ό,{ω‚µ‚½
ή“,©“]Τ“,““ε,Ξ‰®μ,281018,•ΊΙ§,_Λs““ε‹ζ,δ‰e’Λ’¬‚Q’–Ϊ,2021[sanitize]11[sanitize]28,12,‚»‚Μ‘Ό‚ΜZ‘ξi‚RK‚ΔΘ‰Ί‹¤“―Z‘ξ“™j,’“Τi—Φjκ,10Ξ‘γ,‘εw¶,{ω‚Ή‚Έ
ή“,©“]Τ“,““ε,Ξ‰®μ,281018,•ΊΙ§,_Λs““ε‹ζ,δ‰e’Λ’¬‚Q’–Ϊ,2022[sanitize]05[sanitize]08,01,“ΉHγ,‚»‚Μ‘Ό,30Ξ‘γ,‚»‚Μ‘Ό,{ω‚Ή‚Έ
ή“,©“]Τ“,““ε,Ξ‰®μ,281018,•ΊΙ§,_Λs““ε‹ζ,δ‰e’Λ’¬‚Q’–Ϊ,2022[sanitize]10[sanitize]04,07,“ΉHγ,‚»‚Μ‘Ό,40Ξ‘γ,‚»‚Μ‘Ό,{ω‚Ή‚Έ
ή“,©“]Τ“,““ε,Ξ‰®μ,281018,•ΊΙ§,_Λs““ε‹ζ,δ‰e’Λ’¬‚Q’–Ϊ,2022[sanitize]11[sanitize]23,23,“ΉHγ,‚»‚Μ‘Ό,40Ξ‘γ,‚»‚Μ‘Ό,{ω‚Ή‚Έ
ή“,©“]Τ“,““ε,Ξ‰®μ,281018,•ΊΙ§,_Λs““ε‹ζ,δ‰e’Λ’¬‚R’–Ϊ,2022[sanitize]11[sanitize]04,17,“ΉHγ,‚»‚Μ‘Ό,20Ξ‘γ,‚»‚Μ‘Ό,{ω‚Ή‚Έ
ή“,©“]Τ“,““ε,Ξ‰®μ,281018,•ΊΙ§,_Λs““ε‹ζ,δ‰e’Λ’¬‚S’–Ϊ,2022[sanitize]03[sanitize]22,18,‚»‚Μ‘Ό,’“Τi—Φjκ,10Ξ‘γ,‘εw¶,{ω‚µ‚½
ή“,©“]Τ“,““ε,Ξ‰®μ,281018,•ΊΙ§,_Λs““ε‹ζ,δ‰e’Λ’¬‚S’–Ϊ,2022[sanitize]05[sanitize]01,09,‚SK‚ΔΘγ‹¤“―Z‘ξ,’“Τi—Φjκ,20Ξ‘γ,‚»‚Μ‘Ό,{ω‚Ή‚Έ
ή“,©“]Τ“,““ε,Ξ‰®μ,281018,•ΊΙ§,_Λs““ε‹ζ,δ‰e’Λ’¬‚S’–Ϊ,2022[sanitize]08[sanitize]18,07,κΛZ‘ξ,‚»‚Μ‘Ό,40Ξ‘γ,‚»‚Μ‘Ό,{ω‚µ‚½
ή“,©“]Τ“,““ε,Ξ‰®μ,281018,•ΊΙ§,_Λs““ε‹ζ,δ‰e’Λ’¬‚S’–Ϊ,2022[sanitize]10[sanitize]26,17,‚SK‚ΔΘγ‹¤“―Z‘ξ,’“Τi—Φjκ,10Ξ‘γ,’†w¶,{ω‚Ή‚Έ
ή“,©“]Τ“,““ε,γ‹}δ‰e‰w‘O,281018,•ΊΙ§,_Λs““ε‹ζ,δ‰e‚Q’–Ϊ,2022[sanitize]06[sanitize]20,11,κΛZ‘ξ,’“Τi—Φjκ,10Ξ‘γ,’†w¶,{ω‚µ‚½
ή“,©“]Τ“,““ε,γ‹}δ‰e‰w‘O,281018,•ΊΙ§,_Λs““ε‹ζ,δ‰eS‰Ζ‚Q’–Ϊ,2021[sanitize]12[sanitize]28,22,‚SK‚ΔΘγ‹¤“―Z‘ξ,’“Τi—Φjκ,10Ξ‘γ,’†w¶,{ω‚µ‚½
ή“,©“]Τ“,““ε,γ‹}δ‰e‰w‘O,281018,•ΊΙ§,_Λs““ε‹ζ,δ‰eS‰Ζ‚Q’–Ϊ,2022[sanitize]01[sanitize]23,07,‚SK‚ΔΘγ‹¤“―Z‘ξ,‚»‚Μ‘Ό,20Ξ‘γ,‚»‚Μ‘Ό,{ω‚µ‚½
ή“,©“]Τ“,““ε,Β–Ψ‰w‘O,281018,•ΊΙ§,_Λs““ε‹ζ,Β–Ψ‚P’–Ϊ,2021[sanitize]12[sanitize]01,09,‚»‚Μ‘Ό,’“Τi—Φjκ,40Ξ‘γ,‚»‚Μ‘Ό,{ω‚µ‚½
ή“,©“]Τ“,““ε,Β–Ψ‰w‘O,281018,•ΊΙ§,_Λs““ε‹ζ,Β–Ψ‚T’–Ϊ,2022[sanitize]02[sanitize]28,08,‚»‚Μ‘Ό‚ΜZ‘ξi‚RK‚ΔΘ‰Ί‹¤“―Z‘ξ“™j,‚»‚Μ‘Ό,40Ξ‘γ,‚»‚Μ‘Ό,{ω‚Ή‚Έ
ή“,©“]Τ“,““ε,Β–Ψ‰w‘O,281018,•ΊΙ§,_Λs““ε‹ζ,Β–Ψ‚T’–Ϊ,2022[sanitize]07[sanitize]16,12,‚SK‚ΔΘγ‹¤“―Z‘ξ,’“Τi—Φjκ,20Ξ‘γ,‘εw¶,{ω‚Ή‚Έ
ή“,©“]Τ“,““ε,Β–Ψ‰w‘O,281018,•ΊΙ§,_Λs““ε‹ζ,Β–Ψ‚T’–Ϊ,2022[sanitize]09[sanitize]05,18,‚SK‚ΔΘγ‹¤“―Z‘ξ,’“Τi—Φjκ,30Ξ‘γ,‚»‚Μ‘Ό,{ω‚Ή‚Έ
ή“,©“]Τ“,““ε,Β–Ψ‰w‘O,281018,•ΊΙ§,_Λs““ε‹ζ,Β–Ψ‚U’–Ϊ,2022[sanitize]03[sanitize]08,09,“ΉHγ,‚»‚Μ‘Ό,30Ξ‘γ,‚»‚Μ‘Ό,{ω‚Ή‚Έ
ή“,©“]Τ“,““ε,Β–Ψ‰w‘O,281018,•ΊΙ§,_Λs““ε‹ζ,Β–Ψ‚U’–Ϊ,2022[sanitize]05[sanitize]05,18,“ΉHγ,‚»‚Μ‘Ό,10Ξ‘γ,‚Z¶,{ω‚Ή‚Έ
ή“,©“]Τ“,““ε,Β–Ψ‰w‘O,281018,•ΊΙ§,_Λs““ε‹ζ,Β–Ψ‚U’–Ϊ,2022[sanitize]11[sanitize]02,06,’“Τi—Φjκ,’“Τi—Φjκ,30Ξ‘γ,‚»‚Μ‘Ό,{ω‚Ή‚Έ
ή“,©“]Τ“,““ε,Β–Ψ‰w‘O,281018,•ΊΙ§,_Λs““ε‹ζ,–kΒ–Ψ‚P’–Ϊ,2022[sanitize]03[sanitize]24,10,‚SK‚ΔΘγ‹¤“―Z‘ξ,’“Τi—Φjκ,50Ξ‘γ,‚»‚Μ‘Ό,{ω‚Ή‚Έ
ή“,©“]Τ“,““ε,Β–Ψ‰w‘O,281018,•ΊΙ§,_Λs““ε‹ζ,–kΒ–Ψ‚P’–Ϊ,2022[sanitize]09[sanitize]29,14,‚SK‚ΔΘγ‹¤“―Z‘ξ,’“Τi—Φjκ,65[sanitize]69Ξ,‚»‚Μ‘Ό,{ω‚µ‚½
ή“,©“]Τ“,““ε,Β–Ψ‰w‘O,281018,•ΊΙ§,_Λs““ε‹ζ,–kΒ–Ψ‚R’–Ϊ,2022[sanitize]01[sanitize]15,20,‚»‚Μ‘Ό‚ΜZ‘ξi‚RK‚ΔΘ‰Ί‹¤“―Z‘ξ“™j,’“Τi—Φjκ,10Ξ‘γ,’†w¶,{ω‚µ‚½
ή“,©“]Τ“,““ε,Β–Ψ‰w‘O,281018,•ΊΙ§,_Λs““ε‹ζ,–kΒ–Ψ‚R’–Ϊ,2022[sanitize]04[sanitize]12,00,‚SK‚ΔΘγ‹¤“―Z‘ξ,’“Τi—Φjκ,10Ξ‘γ,‘εw¶,{ω‚Ή‚Έ
ή“,©“]Τ“,““ε,Β–Ψ‰w‘O,281018,•ΊΙ§,_Λs““ε‹ζ,–kΒ–Ψ‚R’–Ϊ,2022[sanitize]06[sanitize]07,09,κΛZ‘ξ,’“Τi—Φjκ,10Ξ–Ά–,¬w¶,{ω‚Ή‚Έ
ή“,©“]Τ“,““ε,Β–Ψ‰w‘O,281018,•ΊΙ§,_Λs““ε‹ζ,–kΒ–Ψ‚R’–Ϊ,2022[sanitize]09[sanitize]07,09,“ΉHγ,‚»‚Μ‘Ό,50Ξ‘γ,‚»‚Μ‘Ό,{ω‚Ή‚Έ
ή“,©“]Τ“,““ε,Β–Ψ‰w‘O,281018,•ΊΙ§,_Λs““ε‹ζ,–kΒ–Ψ‚R’–Ϊ,2022[sanitize]09[sanitize]22,05,‚»‚Μ‘Ό,’“Τi—Φjκ,10Ξ‘γ,‚Z¶,{ω‚Ή‚Έ
ή“,©“]Τ“,““ε,Β–Ψ‰w‘O,281018,•ΊΙ§,_Λs““ε‹ζ,–kΒ–Ψ‚R’–Ϊ,2022[sanitize]09[sanitize]22,18,‚»‚Μ‘Ό,’“Τi—Φjκ,10Ξ‘γ,‚»‚Μ‘Ό,{ω‚Ή‚Έ
ή“,©“]Τ“,““ε,‹›θ,281018,•ΊΙ§,_Λs““ε‹ζ,‹›θ–k’¬‚Q’–Ϊ,2022[sanitize]06[sanitize]05,08,“ΉHγ,‚»‚Μ‘Ό,60[sanitize]64Ξ,‚»‚Μ‘Ό,{ω‚Ή‚Έ
ή“,©“]Τ“,““ε,‹›θ,281018,•ΊΙ§,_Λs““ε‹ζ,‹›θ–k’¬‚Q’–Ϊ,2022[sanitize]07[sanitize]13,23,‚»‚Μ‘Ό,‚»‚Μ‘Ό,50Ξ‘γ,‚»‚Μ‘Ό,{ω‚Ή‚Έ
ή“,©“]Τ“,““ε,‹›θ,281018,•ΊΙ§,_Λs““ε‹ζ,‹›θ–k’¬‚Q’–Ϊ,2022[sanitize]09[sanitize]21,18,‚»‚Μ‘Ό,‚»‚Μ‘Ό,10Ξ‘γ,‘εw¶,{ω‚Ή‚Έ
ή“,©“]Τ“,““ε,‹›θ,281018,•ΊΙ§,_Λs““ε‹ζ,‹›θ–k’¬‚R’–Ϊ,2022[sanitize]04[sanitize]03,21,‚SK‚ΔΘγ‹¤“―Z‘ξ,’“Τi—Φjκ,20Ξ‘γ,‚»‚Μ‘Ό,{ω‚Ή‚Έ
ή“,©“]Τ“,““ε,‹›θ,281018,•ΊΙ§,_Λs““ε‹ζ,‹›θ–k’¬‚S’–Ϊ,2022[sanitize]10[sanitize]11,19,‚»‚Μ‘Ό,‚»‚Μ‘Ό,10Ξ–Ά–,¬w¶,{ω‚µ‚½
ή“,©“]Τ“,““ε,‹›θ,281018,•ΊΙ§,_Λs““ε‹ζ,‹›θ–k’¬‚T’–Ϊ,2022[sanitize]06[sanitize]04,23,‚SK‚ΔΘγ‹¤“―Z‘ξ,‚»‚Μ‘Ό,10Ξ‘γ,‘εw¶,{ω‚Ή‚Έ
ή“,©“]Τ“,““ε,‹›θ,281018,•ΊΙ§,_Λs““ε‹ζ,‹›θ–k’¬‚U’–Ϊ,2022[sanitize]01[sanitize]26,13,‚»‚Μ‘Ό‚ΜZ‘ξi‚RK‚ΔΘ‰Ί‹¤“―Z‘ξ“™j,’“Τi—Φjκ,40Ξ‘γ,‚»‚Μ‘Ό,{ω‚µ‚½
ή“,©“]Τ“,““ε,‹›θ,281018,•ΊΙ§,_Λs““ε‹ζ,‹›θ–k’¬‚U’–Ϊ,2022[sanitize]03[sanitize]29,21,κΛZ‘ξ,‚»‚Μ‘Ό,40Ξ‘γ,‚»‚Μ‘Ό,{ω‚Ή‚Έ
ή“,©“]Τ“,““ε,‹›θ,281018,•ΊΙ§,_Λs““ε‹ζ,‹›θ–k’¬‚U’–Ϊ,2022[sanitize]09[sanitize]07,18,“ΉHγ,‚»‚Μ‘Ό,40Ξ‘γ,‚»‚Μ‘Ό,{ω‚Ή‚Έ
ή“,©“]Τ“,““ε,‹›θ,281018,•ΊΙ§,_Λs““ε‹ζ,‹›θ’†’¬‚Q’–Ϊ,2022[sanitize]11[sanitize]03,20,‚»‚Μ‘Ό‚ΜZ‘ξi‚RK‚ΔΘ‰Ί‹¤“―Z‘ξ“™j,’“Τi—Φjκ,20Ξ‘γ,‚»‚Μ‘Ό,{ω‚µ‚½
ή“,©“]Τ“,““ε,‹›θ,281018,•ΊΙ§,_Λs““ε‹ζ,‹›θ’†’¬‚R’–Ϊ,2022[sanitize]08[sanitize]23,11,‚»‚Μ‘Ό‚ΜZ‘ξi‚RK‚ΔΘ‰Ί‹¤“―Z‘ξ“™j,‚»‚Μ‘Ό,20Ξ‘γ,‚»‚Μ‘Ό,{ω‚Ή‚Έ
ή“,©“]Τ“,““ε,‹›θ,281018,•ΊΙ§,_Λs““ε‹ζ,‹›θ’†’¬‚S’–Ϊ,2022[sanitize]01[sanitize]10,12,“ΉHγ,‚»‚Μ‘Ό,30Ξ‘γ,‚»‚Μ‘Ό,{ω‚µ‚½
ή“,©“]Τ“,““ε,‹›θ,281018,•ΊΙ§,_Λs““ε‹ζ,‹›θ’†’¬‚S’–Ϊ,2022[sanitize]01[sanitize]12,22,‚»‚Μ‘Ό,’“Τi—Φjκ,20Ξ‘γ,‚»‚Μ‘Ό,{ω‚µ‚½
ή“,©“]Τ“,““ε,‹›θ,281018,•ΊΙ§,_Λs““ε‹ζ,‹›θ’†’¬‚S’–Ϊ,2022[sanitize]03[sanitize]25,12,‚»‚Μ‘Ό,’“Τi—Φjκ,10Ξ‘γ,’†w¶,{ω‚Ή‚Έ
ή“,©“]Τ“,““ε,‹›θ,281018,•ΊΙ§,_Λs““ε‹ζ,‹›θ’†’¬‚S’–Ϊ,2022[sanitize]05[sanitize]28,07,“ΉHγ,‚»‚Μ‘Ό,20Ξ‘γ,‘εw¶,{ω‚Ή‚Έ
ή“,©“]Τ“,““ε,‹›θ,281018,•ΊΙ§,_Λs““ε‹ζ,‹›θ’†’¬‚S’–Ϊ,2022[sanitize]08[sanitize]19,10,’“Τi—Φjκ,’“Τi—Φjκ,40Ξ‘γ,‚»‚Μ‘Ό,{ω‚µ‚½
ή“,©“]Τ“,““ε,‹›θ,281018,•ΊΙ§,_Λs““ε‹ζ,‹›θ’†’¬‚S’–Ϊ,2022[sanitize]08[sanitize]28,07,“ΉHγ,‚»‚Μ‘Ό,10Ξ‘γ,‚Z¶,{ω‚Ή‚Έ
ή“,©“]Τ“,““ε,‹›θ,281018,•ΊΙ§,_Λs““ε‹ζ,‹›θ’†’¬‚S’–Ϊ,2022[sanitize]10[sanitize]18,09,‚»‚Μ‘Ό,’“Τi—Φjκ,40Ξ‘γ,‚»‚Μ‘Ό,{ω‚Ή‚Έ
ή“,©“]Τ“,““ε,‹›θ,281018,•ΊΙ§,_Λs““ε‹ζ,‹›θ’†’¬‚S’–Ϊ,2022[sanitize]12[sanitize]16,07,‚»‚Μ‘Ό,’“Τi—Φjκ,10Ξ‘γ,‚Z¶,{ω‚Ή‚Έ
ή“,©“]Τ“,““ε,‹›θ,281018,•ΊΙ§,_Λs““ε‹ζ,‹›θ“μ’¬‚P’–Ϊ,2022[sanitize]06[sanitize]11,21,‚SK‚ΔΘγ‹¤“―Z‘ξ,’“Τi—Φjκ,50Ξ‘γ,‚»‚Μ‘Ό,{ω‚Ή‚Έ
ή“,©“]Τ“,““ε,‹›θ,281018,•ΊΙ§,_Λs““ε‹ζ,‹›θ“μ’¬‚P’–Ϊ,2022[sanitize]08[sanitize]26,04,‚SK‚ΔΘγ‹¤“―Z‘ξ,’“Τi—Φjκ,10Ξ‘γ,¬w¶,{ω‚Ή‚Έ
ή“,©“]Τ“,““ε,‹›θ,281018,•ΊΙ§,_Λs““ε‹ζ,‹›θ“μ’¬‚P’–Ϊ,2022[sanitize]10[sanitize]26,19,‚SK‚ΔΘγ‹¤“―Z‘ξ,’“Τi—Φjκ,10Ξ‘γ,’†w¶,{ω‚Ή‚Έ
ή“,©“]Τ“,““ε,‹›θ,281018,•ΊΙ§,_Λs““ε‹ζ,‹›θ“μ’¬‚Q’–Ϊ,2022[sanitize]04[sanitize]17,23,‚SK‚ΔΘγ‹¤“―Z‘ξ,’“Τi—Φjκ,20Ξ‘γ,‚»‚Μ‘Ό,{ω‚Ή‚Έ
ή“,©“]Τ“,““ε,‹›θ,281018,•ΊΙ§,_Λs““ε‹ζ,‹›θ“μ’¬‚Q’–Ϊ,2022[sanitize]09[sanitize]21,19,‚SK‚ΔΘγ‹¤“―Z‘ξ,’“Τi—Φjκ,10Ξ‘γ,’†w¶,{ω‚Ή‚Έ
ή“,©“]Τ“,““ε,‹›θ,281018,•ΊΙ§,_Λs““ε‹ζ,‹›θ“μ’¬‚Q’–Ϊ,2022[sanitize]12[sanitize]04,19,κΛZ‘ξ,‚»‚Μ‘Ό,30Ξ‘γ,‚»‚Μ‘Ό,{ω‚Ή‚Έ
ή“,©“]Τ“,““ε,‹›θ,281018,•ΊΙ§,_Λs““ε‹ζ,‹›θ“μ’¬‚R’–Ϊ,2022[sanitize]02[sanitize]26,10,‚SK‚ΔΘγ‹¤“―Z‘ξ,’“Τi—Φjκ,20Ξ‘γ,‚»‚Μ‘Ό,{ω‚µ‚½
ή“,©“]Τ“,““ε,‹›θ,281018,•ΊΙ§,_Λs““ε‹ζ,‹›θ“μ’¬‚R’–Ϊ,2022[sanitize]08[sanitize]03,20,‚SK‚ΔΘγ‹¤“―Z‘ξ,’“Τi—Φjκ,10Ξ‘γ,‚Z¶,{ω‚µ‚½
ή“,©“]Τ“,““ε,‹›θ,281018,•ΊΙ§,_Λs““ε‹ζ,‹›θ“μ’¬‚R’–Ϊ,2022[sanitize]08[sanitize]31,22,‚»‚Μ‘Ό‚ΜZ‘ξi‚RK‚ΔΘ‰Ί‹¤“―Z‘ξ“™j,’“Τi—Φjκ,20Ξ‘γ,‘εw¶,{ω‚µ‚½
ή“,©“]Τ“,““ε,‹›θ,281018,•ΊΙ§,_Λs““ε‹ζ,‹›θ“μ’¬‚R’–Ϊ,2022[sanitize]11[sanitize]21,18,‚SK‚ΔΘγ‹¤“―Z‘ξ,’“Τi—Φjκ,10Ξ‘γ,‚»‚Μ‘Ό,{ω‚Ή‚Έ
ή“,©“]Τ“,““ε,‹›θ,281018,•ΊΙ§,_Λs““ε‹ζ,‹›θ“μ’¬‚T’–Ϊ,2022[sanitize]06[sanitize]16,18,‚SK‚ΔΘγ‹¤“―Z‘ξ,’“Τi—Φjκ,10Ξ‘γ,’†w¶,{ω‚Ή‚Έ
ή“,©“]Τ“,““ε,‹›θ,281018,•ΊΙ§,_Λs““ε‹ζ,‹›θ“μ’¬‚T’–Ϊ,2022[sanitize]07[sanitize]15,08,‚SK‚ΔΘγ‹¤“―Z‘ξ,’“Τi—Φjκ,40Ξ‘γ,‚»‚Μ‘Ό,{ω‚Ή‚Έ
ή“,©“]Τ“,““ε,‹›θ,281018,•ΊΙ§,_Λs““ε‹ζ,‹›θ“μ’¬‚T’–Ϊ,2022[sanitize]10[sanitize]31,15,‚SK‚ΔΘγ‹¤“―Z‘ξ,’“Τi—Φjκ,50Ξ‘γ,‚»‚Μ‘Ό,{ω‚µ‚½
ή“,©“]Τ“,““ε,‹›θ,281018,•ΊΙ§,_Λs““ε‹ζ,‹›θ“μ’¬‚W’–Ϊ,2022[sanitize]03[sanitize]17,11,‚SK‚ΔΘγ‹¤“―Z‘ξ,’“Τi—Φjκ,70ΞΘγ,‚»‚Μ‘Ό,{ω‚µ‚½
ή“,©“]Τ“,““ε,‹›θ,281018,•ΊΙ§,_Λs““ε‹ζ,‹›θ“μ’¬‚W’–Ϊ,2022[sanitize]10[sanitize]04,08,‚»‚Μ‘Ό,’“Τi—Φjκ,50Ξ‘γ,‚»‚Μ‘Ό,{ω‚Ή‚Έ
ή“,©“]Τ“,““ε,‹›θ,281018,•ΊΙ§,_Λs““ε‹ζ,‹›θ“μ’¬‚W’–Ϊ,2022[sanitize]12[sanitize]06,11,’“Τi—Φjκ,’“Τi—Φjκ,70ΞΘγ,‚»‚Μ‘Ό,{ω‚µ‚½
ή“,©“]Τ“,““ε,‹›θ,281018,•ΊΙ§,_Λs““ε‹ζ,‹›θ“μ’¬‚W’–Ϊ,2022[sanitize]12[sanitize]11,13,‚SK‚ΔΘγ‹¤“―Z‘ξ,’“Τi—Φjκ,10Ξ‘γ,‘εw¶,{ω‚µ‚½
ή“,©“]Τ“,““ε,›qƒ–΄,281018,•ΊΙ§,_Λs““ε‹ζ,‰QX‘δ‚Q’–Ϊ,2022[sanitize]09[sanitize]02,19,‚»‚Μ‘Ό,‚»‚Μ‘Ό,10Ξ‘γ,‚Z¶,{ω‚Ή‚Έ
ή“,©“]Τ“,““ε,‚i‚qZ‹g‰w‘O,281018,•ΊΙ§,_Λs““ε‹ζ,Z‹g“’¬‚P’–Ϊ,2022[sanitize]06[sanitize]05,22,κΛZ‘ξ,’“Τi—Φjκ,30Ξ‘γ,‚»‚Μ‘Ό,{ω‚µ‚½
ή“,©“]Τ“,““ε,‚i‚qZ‹g‰w‘O,281018,•ΊΙ§,_Λs““ε‹ζ,Z‹g“’¬‚Q’–Ϊ,2022[sanitize]04[sanitize]30,10,‚»‚Μ‘Ό,’“Τi—Φjκ,60[sanitize]64Ξ,‚»‚Μ‘Ό,{ω‚µ‚½
ή“,©“]Τ“,““ε,‚i‚qZ‹g‰w‘O,281018,•ΊΙ§,_Λs““ε‹ζ,Z‹g“’¬‚Q’–Ϊ,2022[sanitize]10[sanitize]04,16,’“Τi—Φjκ,’“Τi—Φjκ,10Ξ‘γ,‘εw¶,{ω‚Ή‚Έ
ή“,©“]Τ“,““ε,‚i‚qZ‹g‰w‘O,281018,•ΊΙ§,_Λs““ε‹ζ,Z‹g“’¬‚Q’–Ϊ,2022[sanitize]12[sanitize]16,20,‚SK‚ΔΘγ‹¤“―Z‘ξ,‚»‚Μ‘Ό,30Ξ‘γ,‚»‚Μ‘Ό,{ω‚Ή‚Έ
ή“,©“]Τ“,““ε,‚i‚qZ‹g‰w‘O,281018,•ΊΙ§,_Λs““ε‹ζ,Z‹g“’¬‚S’–Ϊ,2022[sanitize]04[sanitize]30,17,‚SK‚ΔΘγ‹¤“―Z‘ξ,’“Τi—Φjκ,10Ξ‘γ,¬w¶,{ω‚Ή‚Έ
ή“,©“]Τ“,““ε,‚i‚qZ‹g‰w‘O,281018,•ΊΙ§,_Λs““ε‹ζ,Z‹g“’¬‚S’–Ϊ,2022[sanitize]08[sanitize]27,02,‚SK‚ΔΘγ‹¤“―Z‘ξ,’“Τi—Φjκ,20Ξ‘γ,‘εw¶,{ω‚µ‚½
ή“,©“]Τ“,““ε,‚i‚qZ‹g‰w‘O,281018,•ΊΙ§,_Λs““ε‹ζ,Z‹g“’¬‚T’–Ϊ,2022[sanitize]09[sanitize]17,12,‚SK‚ΔΘγ‹¤“―Z‘ξ,’“Τi—Φjκ,10Ξ–Ά–,¬w¶,{ω‚Ή‚Έ
ή“,©“]Τ“,““ε,‚i‚qZ‹g‰w‘O,281018,•ΊΙ§,_Λs““ε‹ζ,Z‹g“’¬‚T’–Ϊ,2022[sanitize]09[sanitize]20,11,’“Τi—Φjκ,’“Τi—Φjκ,10Ξ‘γ,‚Z¶,{ω‚Ή‚Έ
ή“,©“]Τ“,““ε,‚i‚qZ‹g‰w‘O,281018,•ΊΙ§,_Λs““ε‹ζ,Z‹g“’¬‚T’–Ϊ,2022[sanitize]10[sanitize]20,09,‚»‚Μ‘Ό,’“Τi—Φjκ,20Ξ‘γ,‚»‚Μ‘Ό,{ω‚Ή‚Έ
ή“,©“]Τ“,““ε,‚i‚qZ‹g‰w‘O,281018,•ΊΙ§,_Λs““ε‹ζ,Z‹g‹{’¬‚P’–Ϊ,2022[sanitize]02[sanitize]26,13,‚»‚Μ‘Ό‚ΜZ‘ξi‚RK‚ΔΘ‰Ί‹¤“―Z‘ξ“™j,’“Τi—Φjκ,20Ξ‘γ,‚»‚Μ‘Ό,{ω‚µ‚½
ή“,©“]Τ“,““ε,‚i‚qZ‹g‰w‘O,281018,•ΊΙ§,_Λs““ε‹ζ,Z‹g‹{’¬‚P’–Ϊ,2022[sanitize]09[sanitize]24,22,‚»‚Μ‘Ό‚ΜZ‘ξi‚RK‚ΔΘ‰Ί‹¤“―Z‘ξ“™j,’“Τi—Φjκ,40Ξ‘γ,‚»‚Μ‘Ό,{ω‚Ή‚Έ
ή“,©“]Τ“,““ε,‚i‚qZ‹g‰w‘O,281018,•ΊΙ§,_Λs““ε‹ζ,Z‹g‹{’¬‚P’–Ϊ,2022[sanitize]10[sanitize]03,18,’“Τi—Φjκ,’“Τi—Φjκ,70ΞΘγ,‚»‚Μ‘Ό,{ω‚µ‚½
ή“,©“]Τ“,““ε,‚i‚qZ‹g‰w‘O,281018,•ΊΙ§,_Λs““ε‹ζ,Z‹g‹{’¬‚R’–Ϊ,2022[sanitize]01[sanitize]07,21,“ΉHγ,‚»‚Μ‘Ό,40Ξ‘γ,‚»‚Μ‘Ό,{ω‚Ή‚Έ
ή“,©“]Τ“,““ε,‚i‚qZ‹g‰w‘O,281018,•ΊΙ§,_Λs““ε‹ζ,Z‹g‹{’¬‚S’–Ϊ,2022[sanitize]10[sanitize]01,17,“ΉHγ,‚»‚Μ‘Ό,10Ξ‘γ,’†w¶,{ω‚Ή‚Έ
ή“,©“]Τ“,““ε,‚i‚qZ‹g‰w‘O,281018,•ΊΙ§,_Λs““ε‹ζ,Z‹g‹{’¬‚S’–Ϊ,2022[sanitize]11[sanitize]14,13,“ΉHγ,‚»‚Μ‘Ό,20Ξ‘γ,‘εw¶,{ω‚Ή‚Έ
ή“,©“]Τ“,““ε,‚i‚qZ‹g‰w‘O,281018,•ΊΙ§,_Λs““ε‹ζ,Z‹g‹{’¬‚U’–Ϊ,2022[sanitize]05[sanitize]05,00,‚SK‚ΔΘγ‹¤“―Z‘ξ,’“Τi—Φjκ,40Ξ‘γ,‚»‚Μ‘Ό,{ω‚µ‚½
ή“,©“]Τ“,““ε,‚i‚qZ‹g‰w‘O,281018,•ΊΙ§,_Λs““ε‹ζ,Z‹g‹{’¬‚U’–Ϊ,2022[sanitize]11[sanitize]14,12,‚SK‚ΔΘγ‹¤“―Z‘ξ,’“Τi—Φjκ,20Ξ‘γ,‘εw¶,{ω‚Ή‚Έ
ή“,©“]Τ“,““ε,‚i‚qZ‹g‰w‘O,281018,•ΊΙ§,_Λs““ε‹ζ,Z‹g–{’¬‚P’–Ϊ,2022[sanitize]04[sanitize]23,12,‚»‚Μ‘Ό,’“Τi—Φjκ,30Ξ‘γ,‚»‚Μ‘Ό,{ω‚µ‚½
ή“,©“]Τ“,““ε,‚i‚qZ‹g‰w‘O,281018,•ΊΙ§,_Λs““ε‹ζ,Z‹g–{’¬‚P’–Ϊ,2022[sanitize]05[sanitize]17,07,‚»‚Μ‘Ό,’“Τi—Φjκ,10Ξ‘γ,‚Z¶,{ω‚Ή‚Έ
ή“,©“]Τ“,““ε,‚i‚qZ‹g‰w‘O,281018,•ΊΙ§,_Λs““ε‹ζ,Z‹g–{’¬‚P’–Ϊ,2022[sanitize]05[sanitize]27,14,‚»‚Μ‘Ό,’“Τi—Φjκ,10Ξ‘γ,‘εw¶,{ω‚Ή‚Έ
ή“,©“]Τ“,““ε,‚i‚qZ‹g‰w‘O,281018,•ΊΙ§,_Λs““ε‹ζ,Z‹g–{’¬‚P’–Ϊ,2022[sanitize]06[sanitize]06,07,’“Τi—Φjκ,’“Τi—Φjκ,10Ξ‘γ,‚Z¶,{ω‚Ή‚Έ
ή“,©“]Τ“,““ε,‚i‚qZ‹g‰w‘O,281018,•ΊΙ§,_Λs““ε‹ζ,Z‹g–{’¬‚P’–Ϊ,2022[sanitize]09[sanitize]08,19,‚»‚Μ‘Ό,’“Τi—Φjκ,40Ξ‘γ,‚»‚Μ‘Ό,{ω‚Ή‚Έ
ή“,©“]Τ“,““ε,‚i‚qZ‹g‰w‘O,281018,•ΊΙ§,_Λs““ε‹ζ,Z‹g–{’¬‚P’–Ϊ,2022[sanitize]10[sanitize]05,16,‚»‚Μ‘Ό,’“Τi—Φjκ,20Ξ‘γ,‘εw¶,{ω‚µ‚½
ή“,©“]Τ“,““ε,‚i‚qZ‹g‰w‘O,281018,•ΊΙ§,_Λs““ε‹ζ,Z‹g–{’¬‚Q’–Ϊ,2022[sanitize]05[sanitize]27,16,’“Τi—Φjκ,’“Τi—Φjκ,20Ξ‘γ,‚»‚Μ‘Ό,{ω‚µ‚½
ή“,©“]Τ“,““ε,‚i‚qZ‹g‰w‘O,281018,•ΊΙ§,_Λs““ε‹ζ,Z‹g–{’¬‚Q’–Ϊ,2022[sanitize]09[sanitize]25,07,‚»‚Μ‘Ό‚ΜZ‘ξi‚RK‚ΔΘ‰Ί‹¤“―Z‘ξ“™j,’“Τi—Φjκ,20Ξ‘γ,‚»‚Μ‘Ό,{ω‚Ή‚Έ
ή“,©“]Τ“,“ε,”ª”¦,281026,•ΊΙ§,_Λs“ε‹ζ,‰iθ’¬‚S’–Ϊ,2022[sanitize]01[sanitize]06,17,“ΉHγ,‚»‚Μ‘Ό,40Ξ‘γ,‚»‚Μ‘Ό,{ω‚µ‚½
ή“,©“]Τ“,“ε,”ª”¦,281026,•ΊΙ§,_Λs“ε‹ζ,‰iθ’¬‚S’–Ϊ,2022[sanitize]05[sanitize]20,18,‚»‚Μ‘Ό,’“Τi—Φjκ,10Ξ‘γ,’†w¶,{ω‚µ‚½
ή“,©“]Τ“,“ε,”ª”¦,281026,•ΊΙ§,_Λs“ε‹ζ,‰iθ’¬‚S’–Ϊ,2022[sanitize]08[sanitize]18,07,“ΉHγ,‚»‚Μ‘Ό,10Ξ‘γ,‘εw¶,{ω‚µ‚½
ή“,©“]Τ“,“ε,”ª”¦,281026,•ΊΙ§,_Λs“ε‹ζ,‰iθ’¬‚S’–Ϊ,2022[sanitize]09[sanitize]25,08,’“Τi—Φjκ,’“Τi—Φjκ,30Ξ‘γ,‚»‚Μ‘Ό,{ω‚Ή‚Έ
ή“,©“]Τ“,“ε,”ª”¦,281026,•ΊΙ§,_Λs“ε‹ζ,‰iθ’¬‚S’–Ϊ,2022[sanitize]09[sanitize]26,18,‚»‚Μ‘Ό,’“Τi—Φjκ,10Ξ‘γ,’†w¶,{ω‚Ή‚Έ
ή“,©“]Τ“,“ε,”ª”¦,281026,•ΊΙ§,_Λs“ε‹ζ,‰iθ’¬‚S’–Ϊ,2022[sanitize]09[sanitize]28,03,“ΉHγ,‚»‚Μ‘Ό,30Ξ‘γ,‚»‚Μ‘Ό,{ω‚Ή‚Έ
ή“,©“]Τ“,“ε,”ª”¦,281026,•ΊΙ§,_Λs“ε‹ζ,‰iθ’¬‚S’–Ϊ,2022[sanitize]11[sanitize]11,18,“ΉHγ,‚»‚Μ‘Ό,10Ξ‘γ,‘εw¶,{ω‚Ή‚Έ
ή“,©“]Τ“,“ε,”ª”¦,281026,•ΊΙ§,_Λs“ε‹ζ,‰iθ’¬‚S’–Ϊ,•s–Ύ,•s–Ύ,“ΉHγ,‚»‚Μ‘Ό,10Ξ‘γ,‘εw¶,{ω‚µ‚½
ή“,©“]Τ“,“ε,”ª”¦,281026,•ΊΙ§,_Λs“ε‹ζ,‰iθ’¬‚T’–Ϊ,2022[sanitize]01[sanitize]19,23,‚»‚Μ‘Ό,’“Τi—Φjκ,50Ξ‘γ,‚»‚Μ‘Ό,{ω‚µ‚½
ή“,©“]Τ“,“ε,”ª”¦,281026,•ΊΙ§,_Λs“ε‹ζ,‰iθ’¬‚T’–Ϊ,2022[sanitize]03[sanitize]28,17,“ΉHγ,‚»‚Μ‘Ό,40Ξ‘γ,‚»‚Μ‘Ό,{ω‚µ‚½
ή“,©“]Τ“,“ε,”ª”¦,281026,•ΊΙ§,_Λs“ε‹ζ,‰iθ’¬‚T’–Ϊ,2022[sanitize]12[sanitize]10,21,“ΉHγ,‚»‚Μ‘Ό,20Ξ‘γ,‘εw¶,{ω‚Ή‚Έ
ή“,©“]Τ“,“ε,”ª”¦,281026,•ΊΙ§,_Λs“ε‹ζ,‰iθ’¬‚T’–Ϊ,2022[sanitize]12[sanitize]21,08,’“Τi—Φjκ,’“Τi—Φjκ,40Ξ‘γ,‚»‚Μ‘Ό,{ω‚µ‚½
ή“,©“]Τ“,“ε,”ª”¦,281026,•ΊΙ§,_Λs“ε‹ζ,‹{R’¬‚P’–Ϊ,2022[sanitize]12[sanitize]05,07,‚»‚Μ‘Ό,’“Τi—Φjκ,10Ξ‘γ,’†w¶,{ω‚Ή‚Έ
ή“,©“]Τ“,“ε,”ª”¦,281026,•ΊΙ§,_Λs“ε‹ζ,‹{R’¬‚R’–Ϊ,2022[sanitize]01[sanitize]06,09,“ΉHγ,‚»‚Μ‘Ό,10Ξ‘γ,’†w¶,{ω‚µ‚½
ή“,©“]Τ“,“ε,”ª”¦,281026,•ΊΙ§,_Λs“ε‹ζ,‹{R’¬‚R’–Ϊ,2022[sanitize]10[sanitize]30,08,‚»‚Μ‘Ό,’“Τi—Φjκ,20Ξ‘γ,‚»‚Μ‘Ό,{ω‚Ή‚Έ
ή“,©“]Τ“,“ε,”ª”¦,281026,•ΊΙ§,_Λs“ε‹ζ,”ª”¦’¬‚P’–Ϊ,2022[sanitize]12[sanitize]15,22,‚SK‚ΔΘγ‹¤“―Z‘ξ,’“Τi—Φjκ,30Ξ‘γ,‚»‚Μ‘Ό,{ω‚µ‚½
ή“,©“]Τ“,“ε,”ª”¦,281026,•ΊΙ§,_Λs“ε‹ζ,”ª”¦’¬‚Q’–Ϊ,2022[sanitize]08[sanitize]07,07,’“Τi—Φjκ,’“Τi—Φjκ,10Ξ‘γ,‘εw¶,{ω‚Ή‚Έ
ή“,©“]Τ“,“ε,”ª”¦,281026,•ΊΙ§,_Λs“ε‹ζ,”ª”¦’¬‚S’–Ϊ,2022[sanitize]09[sanitize]20,16,‚»‚Μ‘Ό,’“Τi—Φjκ,20Ξ‘γ,‘εw¶,{ω‚Ή‚Έ
ή“,©“]Τ“,“ε,”ª”¦,281026,•ΊΙ§,_Λs“ε‹ζ,R“c’¬‚R’–Ϊ,2022[sanitize]09[sanitize]25,10,‚»‚Μ‘Ό‚ΜZ‘ξi‚RK‚ΔΘ‰Ί‹¤“―Z‘ξ“™j,’“Τi—Φjκ,40Ξ‘γ,‚»‚Μ‘Ό,{ω‚Ή‚Έ
ή“,©“]Τ“,“ε,”ª”¦,281026,•ΊΙ§,_Λs“ε‹ζ,R“c’¬‚R’–Ϊ,2022[sanitize]11[sanitize]19,12,‚»‚Μ‘Ό‚ΜZ‘ξi‚RK‚ΔΘ‰Ί‹¤“―Z‘ξ“™j,‚»‚Μ‘Ό,10Ξ‘γ,’†w¶,{ω‚µ‚½
ή“,©“]Τ“,“ε,Zb,281026,•ΊΙ§,_Λs“ε‹ζ,γ‰Ν΄’Κ‚R’–Ϊ,2022[sanitize]10[sanitize]09,23,‚SK‚ΔΘγ‹¤“―Z‘ξ,’“Τi—Φjκ,20Ξ‘γ,‘εw¶,{ω‚µ‚½
ή“,©“]Τ“,“ε,Zb,281026,•ΊΙ§,_Λs“ε‹ζ,_ƒm–Ψ’Κ‚S’–Ϊ,2022[sanitize]01[sanitize]05,10,“ΉHγ,‚»‚Μ‘Ό,60[sanitize]64Ξ,‚»‚Μ‘Ό,{ω‚µ‚½
ή“,©“]Τ“,“ε,Zb,281026,•ΊΙ§,_Λs“ε‹ζ,Β΄“μ’¬‚P’–Ϊ,2022[sanitize]09[sanitize]26,19,‚»‚Μ‘Ό,‚»‚Μ‘Ό,40Ξ‘γ,‚»‚Μ‘Ό,{ω‚µ‚½
ή“,©“]Τ“,“ε,Zb,281026,•ΊΙ§,_Λs“ε‹ζ,η’U’Κ‚P’–Ϊ,2022[sanitize]07[sanitize]22,09,κΛZ‘ξ,’“Τi—Φjκ,30Ξ‘γ,‚»‚Μ‘Ό,{ω‚Ή‚Έ
ή“,©“]Τ“,“ε,Zb,281026,•ΊΙ§,_Λs“ε‹ζ,•B΄’¬‚Q’–Ϊ,2022[sanitize]03[sanitize]28,11,“ΉHγ,‚»‚Μ‘Ό,40Ξ‘γ,‚»‚Μ‘Ό,{ω‚µ‚½
ή“,©“]Τ“,“ε,Zb,281026,•ΊΙ§,_Λs“ε‹ζ,•B΄’¬‚Q’–Ϊ,2022[sanitize]04[sanitize]11,07,κΛZ‘ξ,’“Τi—Φjκ,10Ξ‘γ,¬w¶,{ω‚Ή‚Έ
ή“,©“]Τ“,“ε,Zb,281026,•ΊΙ§,_Λs“ε‹ζ,•B΄’¬‚Q’–Ϊ,2022[sanitize]07[sanitize]27,00,‚SK‚ΔΘγ‹¤“―Z‘ξ,’“Τi—Φjκ,10Ξ‘γ,‘εw¶,{ω‚µ‚½
ή“,©“]Τ“,“ε,Zb,281026,•ΊΙ§,_Λs“ε‹ζ,•B΄’¬‚S’–Ϊ,2022[sanitize]05[sanitize]30,16,‚SK‚ΔΘγ‹¤“―Z‘ξ,’“Τi—Φjκ,20Ξ‘γ,‘εw¶,{ω‚Ή‚Έ
ή“,©“]Τ“,“ε,Zb,281026,•ΊΙ§,_Λs“ε‹ζ,Zb’¬‚T’–Ϊ,2022[sanitize]07[sanitize]03,22,‚SK‚ΔΘγ‹¤“―Z‘ξ,’“Τi—Φjκ,20Ξ‘γ,‘εw¶,{ω‚µ‚½
ή“,©“]Τ“,“ε,‘εΞ,281026,•ΊΙ§,_Λs“ε‹ζ,Vέ‰Ζ“μ’¬‚R’–Ϊ,2022[sanitize]10[sanitize]03,16,‚SK‚ΔΘγ‹¤“―Z‘ξ,‚»‚Μ‘Ό,65[sanitize]69Ξ,‚»‚Μ‘Ό,{ω‚Ή‚Έ
ή“,©“]Τ“,“ε,‘εΞ,281026,•ΊΙ§,_Λs“ε‹ζ,Vέ‰Ζ“μ’¬‚S’–Ϊ,2022[sanitize]02[sanitize]16,19,‚SK‚ΔΘγ‹¤“―Z‘ξ,’“Τi—Φjκ,30Ξ‘γ,‚»‚Μ‘Ό,{ω‚µ‚½
ή“,©“]Τ“,“ε,“Ώδ,281026,•ΊΙ§,_Λs“ε‹ζ,‹L“c’¬‚Q’–Ϊ,2022[sanitize]09[sanitize]08,19,‚SK‚ΔΘγ‹¤“―Z‘ξ,’“Τi—Φjκ,30Ξ‘γ,‚»‚Μ‘Ό,{ω‚Ή‚Έ
ή“,©“]Τ“,“ε,“Ώδ,281026,•ΊΙ§,_Λs“ε‹ζ,“Ώδ’¬‚S’–Ϊ,2022[sanitize]07[sanitize]26,19,‚SK‚ΔΘγ‹¤“―Z‘ξ,’“Τi—Φjκ,10Ξ‘γ,‚Z¶,{ω‚Ή‚Έ
ή“,©“]Τ“,“ε,“Ώδ,281026,•ΊΙ§,_Λs“ε‹ζ,’†‹½’¬‚P’–Ϊ,2022[sanitize]10[sanitize]23,19,‚SK‚ΔΘγ‹¤“―Z‘ξ,’“Τi—Φjκ,20Ξ‘γ,‚»‚Μ‘Ό,{ω‚Ή‚Έ
ή“,©“]Τ“,“ε,“Ώδ,281026,•ΊΙ§,_Λs“ε‹ζ,‘εa’¬‚S’–Ϊ,2022[sanitize]09[sanitize]05,03,‚»‚Μ‘Ό,’“Τi—Φjκ,70ΞΘγ,‚»‚Μ‘Ό,{ω‚µ‚½
ή“,©“]Τ“,“ε,χϋ,281026,•ΊΙ§,_Λs“ε‹ζ,χϋ’¬‚Q’–Ϊ,2022[sanitize]06[sanitize]12,21,‚SK‚ΔΘγ‹¤“―Z‘ξ,’“Τi—Φjκ,10Ξ‘γ,‚Z¶,{ω‚µ‚½
ή“,©“]Τ“,“ε,χϋ,281026,•ΊΙ§,_Λs“ε‹ζ,χϋ’¬‚R’–Ϊ,2022[sanitize]02[sanitize]04,21,“ΉHγ,‚»‚Μ‘Ό,40Ξ‘γ,‚»‚Μ‘Ό,{ω‚Ή‚Έ
ή“,©“]Τ“,“ε,χϋ,281026,•ΊΙ§,_Λs“ε‹ζ,χϋ’¬‚T’–Ϊ,2022[sanitize]05[sanitize]08,13,’“Τi—Φjκ,’“Τi—Φjκ,20Ξ‘γ,‘εw¶,{ω‚Ή‚Έ
ή“,©“]Τ“,“ε,χϋ,281026,•ΊΙ§,_Λs“ε‹ζ,Vέ‰Ζ“μ’¬‚P’–Ϊ,2022[sanitize]05[sanitize]08,20,‚SK‚ΔΘγ‹¤“―Z‘ξ,’“Τi—Φjκ,30Ξ‘γ,‚»‚Μ‘Ό,{ω‚Ή‚Έ
ή“,©“]Τ“,“ε,χϋ,281026,•ΊΙ§,_Λs“ε‹ζ,Vέ‰Ζ“μ’¬‚P’–Ϊ,2022[sanitize]08[sanitize]15,18,“ΉHγ,‚»‚Μ‘Ό,20Ξ‘γ,‚»‚Μ‘Ό,{ω‚µ‚½
ή“,©“]Τ“,“ε,χϋ,281026,•ΊΙ§,_Λs“ε‹ζ,Vέ‰Ζ“μ’¬‚P’–Ϊ,2022[sanitize]09[sanitize]30,19,‚SK‚ΔΘγ‹¤“―Z‘ξ,’“Τi—Φjκ,20Ξ‘γ,‚»‚Μ‘Ό,{ω‚Ή‚Έ
ή“,©“]Τ“,“ε,χϋ,281026,•ΊΙ§,_Λs“ε‹ζ,Vέ‰Ζ“μ’¬‚P’–Ϊ,2022[sanitize]10[sanitize]24,08,‚»‚Μ‘Ό,’“Τi—Φjκ,65[sanitize]69Ξ,‚»‚Μ‘Ό,{ω‚Ή‚Έ
ή“,©“]Τ“,“ε,χϋ,281026,•ΊΙ§,_Λs“ε‹ζ,Vέ‰Ζ“μ’¬‚P’–Ϊ,2022[sanitize]11[sanitize]29,17,‚»‚Μ‘Ό,‚»‚Μ‘Ό,30Ξ‘γ,‚»‚Μ‘Ό,{ω‚Ή‚Έ
ή“,©“]Τ“,“ε,χϋ,281026,•ΊΙ§,_Λs“ε‹ζ,—F“c’¬‚S’–Ϊ,2022[sanitize]08[sanitize]06,22,‚SK‚ΔΘγ‹¤“―Z‘ξ,’“Τi—Φjκ,20Ξ‘γ,‘εw¶,{ω‚µ‚½
ή“,©“]Τ“,“ε,χϋ,281026,•ΊΙ§,_Λs“ε‹ζ,—F“c’¬‚T’–Ϊ,2021[sanitize]12[sanitize]28,17,“ΉHγ,‚»‚Μ‘Ό,10Ξ‘γ,’†w¶,{ω‚µ‚½
ή“,©“]Τ“,“ε,χϋ,281026,•ΊΙ§,_Λs“ε‹ζ,—F“c’¬‚T’–Ϊ,2022[sanitize]05[sanitize]29,11,“ΉHγ,‚»‚Μ‘Ό,10Ξ‘γ,’†w¶,{ω‚µ‚½
ή“,©“]Τ“,“ε,χϋ,281026,•ΊΙ§,_Λs“ε‹ζ,—F“c’¬‚T’–Ϊ,2022[sanitize]08[sanitize]17,16,‚»‚Μ‘Ό,’“Τi—Φjκ,30Ξ‘γ,‚»‚Μ‘Ό,{ω‚Ή‚Έ
ή“,©“]Τ“,“ε,χϋ,281026,•ΊΙ§,_Λs“ε‹ζ,—F“c’¬‚T’–Ϊ,2022[sanitize]08[sanitize]22,00,‚»‚Μ‘Ό,’“Τi—Φjκ,10Ξ‘γ,¬w¶,{ω‚µ‚½
ή“,©“]Τ“,“ε,χϋ,281026,•ΊΙ§,_Λs“ε‹ζ,—F“c’¬‚T’–Ϊ,2022[sanitize]10[sanitize]02,16,“ΉHγ,‚»‚Μ‘Ό,10Ξ‘γ,’†w¶,{ω‚Ή‚Έ
ή“,©“]Τ“,“ε,χϋ,281026,•ΊΙ§,_Λs“ε‹ζ,—F“c’¬‚T’–Ϊ,2022[sanitize]10[sanitize]04,13,“ΉHγ,‚»‚Μ‘Ό,30Ξ‘γ,‚»‚Μ‘Ό,{ω‚Ή‚Έ
ή“,©“]Τ“,“ε,χϋ,281026,•ΊΙ§,_Λs“ε‹ζ,—F“c’¬‚T’–Ϊ,2022[sanitize]11[sanitize]07,17,“ΉHγ,‚»‚Μ‘Ό,60[sanitize]64Ξ,‚»‚Μ‘Ό,{ω‚Ή‚Έ
ή“,©“]Τ“,“ε,χϋ,281026,•ΊΙ§,_Λs“ε‹ζ,•l“c’¬‚P’–Ϊ,2022[sanitize]09[sanitize]23,23,κΛZ‘ξ,’“Τi—Φjκ,30Ξ‘γ,‚»‚Μ‘Ό,{ω‚Ή‚Έ
ή“,©“]Τ“,“ε,χϋ,281026,•ΊΙ§,_Λs“ε‹ζ,•l“c’¬‚P’–Ϊ,2022[sanitize]10[sanitize]05,16,‚SK‚ΔΘγ‹¤“―Z‘ξ,’“Τi—Φjκ,20Ξ‘γ,‘εw¶,{ω‚Ή‚Έ
ή“,©“]Τ“,“ε,χϋ,281026,•ΊΙ§,_Λs“ε‹ζ,•l“c’¬‚R’–Ϊ,2022[sanitize]11[sanitize]17,08,‚SK‚ΔΘγ‹¤“―Z‘ξ,’“Τi—Φjκ,10Ξ‘γ,’†w¶,{ω‚Ή‚Έ
ή“,©“]Τ“,“ε,χϋ,281026,•ΊΙ§,_Λs“ε‹ζ,•l“c’¬‚S’–Ϊ,2022[sanitize]08[sanitize]09,18,‚SK‚ΔΘγ‹¤“―Z‘ξ,‚»‚Μ‘Ό,40Ξ‘γ,‚»‚Μ‘Ό,{ω‚µ‚½
ή“,©“]Τ“,“ε,χϋ,281026,•ΊΙ§,_Λs“ε‹ζ,”υγ’¬‚R’–Ϊ,2022[sanitize]07[sanitize]21,16,“ΉHγ,‚»‚Μ‘Ό,40Ξ‘γ,‚»‚Μ‘Ό,{ω‚Ή‚Έ
ή“,©“]Τ“,“ε,χϋ,281026,•ΊΙ§,_Λs“ε‹ζ,”υγ’¬‚T’–Ϊ,2022[sanitize]08[sanitize]24,17,“ΉHγ,‚»‚Μ‘Ό,40Ξ‘γ,‚»‚Μ‘Ό,{ω‚Ή‚Έ
ή“,©“]Τ“,“ε,χϋ,281026,•ΊΙ§,_Λs“ε‹ζ,”υγ’¬‚T’–Ϊ,2022[sanitize]10[sanitize]06,11,‚»‚Μ‘Ό,’“Τi—Φjκ,70ΞΘγ,‚»‚Μ‘Ό,{ω‚µ‚½
ή“,©“]Τ“,“ε,χϋ,281026,•ΊΙ§,_Λs“ε‹ζ,[“c’¬‚S’–Ϊ,2022[sanitize]01[sanitize]12,20,“ΉHγ,‚»‚Μ‘Ό,20Ξ‘γ,‚»‚Μ‘Ό,{ω‚Ή‚Έ
ή“,©“]Τ“,“ε,χϋ,281026,•ΊΙ§,_Λs“ε‹ζ,[“c’¬‚S’–Ϊ,2022[sanitize]02[sanitize]25,15,‚SK‚ΔΘγ‹¤“―Z‘ξ,’“Τi—Φjκ,10Ξ‘γ,‚Z¶,{ω‚Ή‚Έ
ή“,©“]Τ“,“ε,χϋ,281026,•ΊΙ§,_Λs“ε‹ζ,[“c’¬‚S’–Ϊ,2022[sanitize]06[sanitize]10,11,“ΉHγ,‚»‚Μ‘Ό,20Ξ‘γ,‘εw¶,{ω‚Ή‚Έ
ή“,©“]Τ“,“ε,χϋ,281026,•ΊΙ§,_Λs“ε‹ζ,[“c’¬‚S’–Ϊ,2022[sanitize]09[sanitize]23,18,“ΉHγ,‚»‚Μ‘Ό,30Ξ‘γ,‚»‚Μ‘Ό,{ω‚Ή‚Έ
ή“,©“]Τ“,“ε,…“Ή‹Ψ,281026,•ΊΙ§,_Λs“ε‹ζ,“Vι’Κ‚S’–Ϊ,2022[sanitize]04[sanitize]06,18,“ΉHγ,‚»‚Μ‘Ό,20Ξ‘γ,‚»‚Μ‘Ό,{ω‚Ή‚Έ
ή“,©“]Τ“,“ε,…“Ή‹Ψ,281026,•ΊΙ§,_Λs“ε‹ζ,έ’n’Κ‚T’–Ϊ,2022[sanitize]04[sanitize]22,18,“ΉHγ,‚»‚Μ‘Ό,10Ξ‘γ,’†w¶,{ω‚Ή‚Έ
ή“,©“]Τ“,“ε,…“Ή‹Ψ,281026,•ΊΙ§,_Λs“ε‹ζ,‘qΞ’Κ‚R’–Ϊ,2022[sanitize]02[sanitize]20,14,‚SK‚ΔΘγ‹¤“―Z‘ξ,’“Τi—Φjκ,20Ξ‘γ,‚»‚Μ‘Ό,{ω‚Ή‚Έ
ή“,©“]Τ“,“ε,…“Ή‹Ψ,281026,•ΊΙ§,_Λs“ε‹ζ,Β΄“μ’¬‚U’–Ϊ,2022[sanitize]01[sanitize]31,09,κΛZ‘ξ,‚»‚Μ‘Ό,10Ξ‘γ,¬w¶,{ω‚Ή‚Έ
ή“,©“]Τ“,“ε,…“Ή‹Ψ,281026,•ΊΙ§,_Λs“ε‹ζ,…“Ή‹Ψ‚Q’–Ϊ,2022[sanitize]10[sanitize]23,17,‚SK‚ΔΘγ‹¤“―Z‘ξ,’“Τi—Φjκ,40Ξ‘γ,‚»‚Μ‘Ό,{ω‚µ‚½
ή“,©“]Τ“,“ε,…“Ή‹Ψ,281026,•ΊΙ§,_Λs“ε‹ζ,…“Ή‹Ψ‚R’–Ϊ,2022[sanitize]09[sanitize]28,18,“ΉHγ,‚»‚Μ‘Ό,10Ξ‘γ,’†w¶,{ω‚Ή‚Έ
ή“,©“]Τ“,“ε,…“Ή‹Ψ,281026,•ΊΙ§,_Λs“ε‹ζ,…“Ή‹Ψ‚T’–Ϊ,2022[sanitize]09[sanitize]09,10,‚»‚Μ‘Ό,’“Τi—Φjκ,70ΞΘγ,‚»‚Μ‘Ό,{ω‚µ‚½
ή“,©“]Τ“,“ε,…“Ή‹Ψ,281026,•ΊΙ§,_Λs“ε‹ζ,…“Ή‹Ψ‚T’–Ϊ,2022[sanitize]12[sanitize]02,18,‚SK‚ΔΘγ‹¤“―Z‘ξ,’“Τi—Φjκ,20Ξ‘γ,‚»‚Μ‘Ό,{ω‚µ‚½
ή“,©“]Τ“,“ε,…“Ή‹Ψ,281026,•ΊΙ§,_Λs“ε‹ζ,…“Ή‹Ψ‚U’–Ϊ,2022[sanitize]04[sanitize]03,11,“ΉHγ,‚»‚Μ‘Ό,40Ξ‘γ,‚»‚Μ‘Ό,{ω‚µ‚½
ή“,©“]Τ“,“ε,…“Ή‹Ψ,281026,•ΊΙ§,_Λs“ε‹ζ,…“Ή‹Ψ‚U’–Ϊ,2022[sanitize]08[sanitize]08,18,’“Τi—Φjκ,’“Τi—Φjκ,65[sanitize]69Ξ,‚»‚Μ‘Ό,{ω‚µ‚½
ή“,©“]Τ“,“ε,…“Ή‹Ψ,281026,•ΊΙ§,_Λs“ε‹ζ,“ε–k’Κ‚S’–Ϊ,2022[sanitize]08[sanitize]24,11,‚SK‚ΔΘγ‹¤“―Z‘ξ,’“Τi—Φjκ,40Ξ‘γ,‚»‚Μ‘Ό,{ω‚µ‚½
ή“,©“]Τ“,“ε,…“Ή‹Ψ,281026,•ΊΙ§,_Λs“ε‹ζ,“ε–k’Κ‚S’–Ϊ,2022[sanitize]10[sanitize]27,07,“ΉHγ,‚»‚Μ‘Ό,10Ξ‘γ,’†w¶,{ω‚µ‚½
ή“,©“]Τ“,“ε,…“Ή‹Ψ,281026,•ΊΙ§,_Λs“ε‹ζ,”¨΄’Κ‚S’–Ϊ,2022[sanitize]05[sanitize]03,20,“ΉHγ,‚»‚Μ‘Ό,10Ξ‘γ,‚Z¶,{ω‚Ή‚Έ
ή“,©“]Τ“,“ε,‰¤qφ‰€,281026,•ΊΙ§,_Λs“ε‹ζ,‰¤q’¬‚P’–Ϊ,2022[sanitize]01[sanitize]07,15,“ΉHγ,‚»‚Μ‘Ό,50Ξ‘γ,‚»‚Μ‘Ό,{ω‚Ή‚Έ
ή“,©“]Τ“,“ε,‰¤qφ‰€,281026,•ΊΙ§,_Λs“ε‹ζ,‰¤q’¬‚P’–Ϊ,2022[sanitize]05[sanitize]07,19,“ΉHγ,‚»‚Μ‘Ό,10Ξ‘γ,¬w¶,{ω‚Ή‚Έ
ή“,©“]Τ“,“ε,‰¤qφ‰€,281026,•ΊΙ§,_Λs“ε‹ζ,‰¤q’¬‚P’–Ϊ,2022[sanitize]09[sanitize]05,07,‚»‚Μ‘Ό,’“Τi—Φjκ,20Ξ‘γ,‚»‚Μ‘Ό,{ω‚µ‚½
ή“,©“]Τ“,“ε,‰¤qφ‰€,281026,•ΊΙ§,_Λs“ε‹ζ,‰¤q’¬‚P’–Ϊ,2022[sanitize]11[sanitize]15,08,‚»‚Μ‘Ό,’“Τi—Φjκ,20Ξ‘γ,‚»‚Μ‘Ό,{ω‚Ή‚Έ
ή“,©“]Τ“,“ε,‰¤qφ‰€,281026,•ΊΙ§,_Λs“ε‹ζ,‰¤q’¬‚Q’–Ϊ,2022[sanitize]11[sanitize]18,20,‚»‚Μ‘Ό,’“Τi—Φjκ,20Ξ‘γ,‚»‚Μ‘Ό,{ω‚Ή‚Έ
ή“,©“]Τ“,“ε,‰¤qφ‰€,281026,•ΊΙ§,_Λs“ε‹ζ,“ε–k’Κ‚X’–Ϊ,2022[sanitize]12[sanitize]05,18,‚SK‚ΔΘγ‹¤“―Z‘ξ,’“Τi—Φjκ,20Ξ‘γ,‚»‚Μ‘Ό,{ω‚Ή‚Έ
ή“,©“]Τ“,“ε,‰¤qφ‰€,281026,•ΊΙ§,_Λs“ε‹ζ,“ε–k’Κ‚P‚O’–Ϊ,2022[sanitize]02[sanitize]09,19,‚SK‚ΔΘγ‹¤“―Z‘ξ,’“Τi—Φjκ,40Ξ‘γ,‚»‚Μ‘Ό,{ω‚µ‚½
ή“,©“]Τ“,“ε,‰¤qφ‰€,281026,•ΊΙ§,_Λs“ε‹ζ,“ε–k’Κ‚P‚O’–Ϊ,2022[sanitize]10[sanitize]04,15,‚SK‚ΔΘγ‹¤“―Z‘ξ,’“Τi—Φjκ,20Ξ‘γ,‘εw¶,{ω‚Ή‚Έ
ή“,©“]Τ“,“ε,‰¤qφ‰€,281026,•ΊΙ§,_Λs“ε‹ζ,΄“c’Κ‚P’–Ϊ,2021[sanitize]12[sanitize]21,01,‚SK‚ΔΘγ‹¤“―Z‘ξ,‚»‚Μ‘Ό,10Ξ–Ά–,¬w¶,{ω‚Ή‚Έ
ή“,©“]Τ“,“ε,”ϊ”i’¬,281026,•ΊΙ§,_Λs“ε‹ζ,‰G–Xq’¬‚P’–Ϊ,2022[sanitize]07[sanitize]10,20,“ΉHγ,‚»‚Μ‘Ό,20Ξ‘γ,‚»‚Μ‘Ό,{ω‚Ή‚Έ
ή“,©“]Τ“,“ε,”ϊ”i’¬,281026,•ΊΙ§,_Λs“ε‹ζ,‰G–Xq’¬‚P’–Ϊ,2022[sanitize]07[sanitize]22,15,‚SK‚ΔΘγ‹¤“―Z‘ξ,’“Τi—Φjκ,30Ξ‘γ,‚»‚Μ‘Ό,{ω‚Ή‚Έ
ή“,©“]Τ“,“ε,”ϊ”i’¬,281026,•ΊΙ§,_Λs“ε‹ζ,‰G–Xq’¬‚R’–Ϊ,2022[sanitize]11[sanitize]08,02,“ΉHγ,‚»‚Μ‘Ό,20Ξ‘γ,‚»‚Μ‘Ό,{ω‚Ή‚Έ
ή“,©“]Τ“,“ε,”ϊ”i’¬,281026,•ΊΙ§,_Λs“ε‹ζ,‘εΞ“’¬‚P’–Ϊ,2021[sanitize]12[sanitize]27,17,‚»‚Μ‘Ό,’“Τi—Φjκ,20Ξ‘γ,‚»‚Μ‘Ό,{ω‚Ή‚Έ
ή“,©“]Τ“,“ε,”ϊ”i’¬,281026,•ΊΙ§,_Λs“ε‹ζ,‘εΞ“’¬‚R’–Ϊ,2022[sanitize]07[sanitize]31,21,‚SK‚ΔΘγ‹¤“―Z‘ξ,‚»‚Μ‘Ό,30Ξ‘γ,‚»‚Μ‘Ό,{ω‚µ‚½
ή“,©“]Τ“,“ε,”ϊ”i’¬,281026,•ΊΙ§,_Λs“ε‹ζ,‰Ί‰Ν΄’Κ‚P’–Ϊ,2022[sanitize]01[sanitize]12,10,κΛZ‘ξ,‚»‚Μ‘Ό,50Ξ‘γ,‚»‚Μ‘Ό,{ω‚Ή‚Έ
ή“,©“]Τ“,“ε,”ϊ”i’¬,281026,•ΊΙ§,_Λs“ε‹ζ,‰Ί‰Ν΄’Κ‚Q’–Ϊ,2022[sanitize]01[sanitize]14,20,κΛZ‘ξ,’“Τi—Φjκ,65[sanitize]69Ξ,‚»‚Μ‘Ό,{ω‚Ή‚Έ
ή“,©“]Τ“,“ε,”ϊ”i’¬,281026,•ΊΙ§,_Λs“ε‹ζ,‰Ί‰Ν΄’Κ‚Q’–Ϊ,2022[sanitize]08[sanitize]27,21,‚SK‚ΔΘγ‹¤“―Z‘ξ,’“Τi—Φjκ,50Ξ‘γ,‚»‚Μ‘Ό,{ω‚µ‚½
ή“,©“]Τ“,“ε,”ϊ”i’¬,281026,•ΊΙ§,_Λs“ε‹ζ,‰Ί‰Ν΄’Κ‚R’–Ϊ,2022[sanitize]03[sanitize]21,18,‚»‚Μ‘Ό‚ΜZ‘ξi‚RK‚ΔΘ‰Ί‹¤“―Z‘ξ“™j,’“Τi—Φjκ,20Ξ‘γ,‘εw¶,{ω‚Ή‚Έ
ή“,©“]Τ“,“ε,”ϊ”i’¬,281026,•ΊΙ§,_Λs“ε‹ζ,‰Ί‰Ν΄’Κ‚T’–Ϊ,2022[sanitize]03[sanitize]30,01,“ΉHγ,‚»‚Μ‘Ό,–@lE’c‘ΜA”νQÒ‚Θ‚µ,–@lE’c‘ΜA”νQÒ‚Θ‚µ,{ω‚Ή‚Έ
ή“,©“]Τ“,“ε,”ϊ”i’¬,281026,•ΊΙ§,_Λs“ε‹ζ,”ϊ”i’¬‚P’–Ϊ,2022[sanitize]11[sanitize]09,17,‚»‚Μ‘Ό‚ΜZ‘ξi‚RK‚ΔΘ‰Ί‹¤“―Z‘ξ“™j,’“Τi—Φjκ,10Ξ‘γ,‘εw¶,{ω‚µ‚½
ή“,©“]Τ“,“ε,”ϊ”i’¬,281026,•ΊΙ§,_Λs“ε‹ζ,”ϊ”i’¬‚R’–Ϊ,2022[sanitize]11[sanitize]27,07,κΛZ‘ξ,’“Τi—Φjκ,10Ξ–Ά–,¬w¶,{ω‚Ή‚Έ
ή“,©“]Τ“,“ε,Β΄–k’¬,281026,•ΊΙ§,_Λs“ε‹ζ,Β΄’†’¬‚S’–Ϊ,2022[sanitize]09[sanitize]15,18,“ΉHγ,‚»‚Μ‘Ό,10Ξ‘γ,’†w¶,{ω‚Ή‚Έ
ή“,©“]Τ“,“ε,Β΄–k’¬,281026,•ΊΙ§,_Λs“ε‹ζ,Β΄’†’¬‚S’–Ϊ,2022[sanitize]09[sanitize]28,20,‚»‚Μ‘Ό‚ΜZ‘ξi‚RK‚ΔΘ‰Ί‹¤“―Z‘ξ“™j,’“Τi—Φjκ,20Ξ‘γ,‘εw¶,{ω‚Ή‚Έ
ή“,©“]Τ“,“ε,Ό“ε,281026,•ΊΙ§,_Λs“ε‹ζ,β‰®–k’¬‚R’–Ϊ,2022[sanitize]06[sanitize]08,05,“ΉHγ,‚»‚Μ‘Ό,70ΞΘγ,‚»‚Μ‘Ό,{ω‚Ή‚Έ
ή“,©“]Τ“,“ε,Ό“ε,281026,•ΊΙ§,_Λs“ε‹ζ,β‰®–k’¬‚S’–Ϊ,2022[sanitize]10[sanitize]01,22,‚»‚Μ‘Ό‚ΜZ‘ξi‚RK‚ΔΘ‰Ί‹¤“―Z‘ξ“™j,’“Τi—Φjκ,50Ξ‘γ,‚»‚Μ‘Ό,{ω‚µ‚½
ή“,©“]Τ“,“ε,Ό“ε,281026,•ΊΙ§,_Λs“ε‹ζ,β‰®–k’¬‚V’–Ϊ,2022[sanitize]09[sanitize]08,17,‚SK‚ΔΘγ‹¤“―Z‘ξ,’“Τi—Φjκ,20Ξ‘γ,‚»‚Μ‘Ό,{ω‚µ‚½
ή“,©“]Τ“,“ε,Ό“ε,281026,•ΊΙ§,_Λs“ε‹ζ,β‰®–k’¬‚V’–Ϊ,2022[sanitize]09[sanitize]09,17,‚»‚Μ‘Ό‚ΜZ‘ξi‚RK‚ΔΘ‰Ί‹¤“―Z‘ξ“™j,’“Τi—Φjκ,40Ξ‘γ,‚»‚Μ‘Ό,{ω‚µ‚½
ή“,©“]Τ“,“ε,Ό“ε,281026,•ΊΙ§,_Λs“ε‹ζ,β‰®’†’¬‚Q’–Ϊ,2022[sanitize]04[sanitize]06,00,‚SK‚ΔΘγ‹¤“―Z‘ξ,’“Τi—Φjκ,20Ξ‘γ,‚»‚Μ‘Ό,{ω‚Ή‚Έ
ή“,©“]Τ“,“ε,Ό“ε,281026,•ΊΙ§,_Λs“ε‹ζ,β‰®’†’¬‚R’–Ϊ,2022[sanitize]10[sanitize]03,10,‚SK‚ΔΘγ‹¤“―Z‘ξ,’“Τi—Φjκ,10Ξ‘γ,‘εw¶,{ω‚µ‚½
ή“,©“]Τ“,“ε,Ό“ε,281026,•ΊΙ§,_Λs“ε‹ζ,β‰®’†’¬‚S’–Ϊ,2022[sanitize]01[sanitize]26,20,“ΉHγ,‚»‚Μ‘Ό,50Ξ‘γ,‚»‚Μ‘Ό,{ω‚Ή‚Έ
ή“,©“]Τ“,“ε,Ό“ε,281026,•ΊΙ§,_Λs“ε‹ζ,“ε•l’¬,2022[sanitize]09[sanitize]20,•s–Ύ,‚»‚Μ‘Ό,’“Τi—Φjκ,–@lE’c‘ΜA”νQÒ‚Θ‚µ,–@lE’c‘ΜA”νQÒ‚Θ‚µ,{ω‚Ή‚Έ
ή“,©“]Τ“,“ε,Ό“ε,281026,•ΊΙ§,_Λs“ε‹ζ,“ε“μ’Κ‚P’–Ϊ,2022[sanitize]10[sanitize]08,15,κΛZ‘ξ,‚»‚Μ‘Ό,10Ξ‘γ,¬w¶,{ω‚Ή‚Έ
ή“,©“]Τ“,“ε,Ό“ε,281026,•ΊΙ§,_Λs“ε‹ζ,“ε“μ’Κ‚S’–Ϊ,2022[sanitize]03[sanitize]08,19,‚»‚Μ‘Ό,’“Τi—Φjκ,10Ξ‘γ,¬w¶,{ω‚µ‚½
ή“,©“]Τ“,“ε,Ό“ε,281026,•ΊΙ§,_Λs“ε‹ζ,‘D›’Κ‚P’–Ϊ,2022[sanitize]07[sanitize]16,05,’“Τi—Φjκ,’“Τi—Φjκ,20Ξ‘γ,‘εw¶,{ω‚Ή‚Έ
ή“,©“]Τ“,“ε,Ό“ε,281026,•ΊΙ§,_Λs“ε‹ζ,‘D›’Κ‚P’–Ϊ,2022[sanitize]07[sanitize]23,14,‚»‚Μ‘Ό,’“Τi—Φjκ,10Ξ‘γ,‚Z¶,{ω‚Ή‚Έ
ή“,©“]Τ“,“ε,Ό“ε,281026,•ΊΙ§,_Λs“ε‹ζ,‘D›’Κ‚P’–Ϊ,2022[sanitize]07[sanitize]26,10,‚»‚Μ‘Ό,’“Τi—Φjκ,70ΞΘγ,‚»‚Μ‘Ό,{ω‚Ή‚Έ
ή“,©“]Τ“,“ε,Ό“ε,281026,•ΊΙ§,_Λs“ε‹ζ,‘D›’Κ‚P’–Ϊ,2022[sanitize]08[sanitize]03,08,’“Τi—Φjκ,’“Τi—Φjκ,40Ξ‘γ,‚»‚Μ‘Ό,{ω‚µ‚½
ή“,©“]Τ“,“ε,Ό“ε,281026,•ΊΙ§,_Λs“ε‹ζ,‘D›’Κ‚P’–Ϊ,2022[sanitize]12[sanitize]26,21,“ΉHγ,‚»‚Μ‘Ό,40Ξ‘γ,‚»‚Μ‘Ό,{ω‚Ή‚Έ
ή“,©“]Τ“,“ε,Ό“ε,281026,•ΊΙ§,_Λs“ε‹ζ,‘D›’Κ‚S’–Ϊ,2022[sanitize]07[sanitize]06,18,“ΉHγ,‚»‚Μ‘Ό,10Ξ‘γ,¬w¶,{ω‚µ‚½
ή“,©“]Τ“,“ε,Ό“ε,281026,•ΊΙ§,_Λs“ε‹ζ,‘D›’Κ‚U’–Ϊ,2022[sanitize]03[sanitize]30,17,“ΉHγ,‚»‚Μ‘Ό,40Ξ‘γ,‚»‚Μ‘Ό,{ω‚Ή‚Έ
ή“,©“]Τ“,“ε,Ό“ε,281026,•ΊΙ§,_Λs“ε‹ζ,–΅“D’¬,2022[sanitize]03[sanitize]29,14,‚»‚Μ‘Ό,’“Τi—Φjκ,10Ξ‘γ,’†w¶,{ω‚Ή‚Έ
ή“,©“]Τ“,“ε,Ό“ε,281026,•ΊΙ§,_Λs“ε‹ζ,–΅“D’¬,2022[sanitize]07[sanitize]27,12,‚»‚Μ‘Ό,’“Τi—Φjκ,10Ξ‘γ,’†w¶,{ω‚µ‚½
ή“,©“]Τ“,“ε,Ό“ε,281026,•ΊΙ§,_Λs“ε‹ζ,“s’Κ‚S’–Ϊ,2022[sanitize]06[sanitize]13,20,‚SK‚ΔΘγ‹¤“―Z‘ξ,’“Τi—Φjκ,50Ξ‘γ,‚»‚Μ‘Ό,{ω‚µ‚½
ή“,©“]Τ“,“ε,Ό“ε,281026,•ΊΙ§,_Λs“ε‹ζ,“s’Κ‚T’–Ϊ,2022[sanitize]06[sanitize]25,21,‚»‚Μ‘Ό,’“Τi—Φjκ,20Ξ‘γ,‚»‚Μ‘Ό,{ω‚µ‚½
ή“,©“]Τ“,“ε,Ό“ε,281026,•ΊΙ§,_Λs“ε‹ζ,“s’Κ‚T’–Ϊ,2022[sanitize]06[sanitize]26,11,‚»‚Μ‘Ό,’“Τi—Φjκ,10Ξ‘γ,‚Z¶,{ω‚Ή‚Έ
ή“,©“]Τ“,“ε,Ό“ε,281026,•ΊΙ§,_Λs“ε‹ζ,“s’Κ‚T’–Ϊ,2022[sanitize]07[sanitize]25,09,“ΉHγ,‚»‚Μ‘Ό,40Ξ‘γ,‚»‚Μ‘Ό,{ω‚µ‚½
ή“,©“]Τ“,“ε,Ό“ε,281026,•ΊΙ§,_Λs“ε‹ζ,“s’Κ‚T’–Ϊ,2022[sanitize]09[sanitize]19,08,“ΉHγ,‚»‚Μ‘Ό,20Ξ‘γ,‚»‚Μ‘Ό,{ω‚Ή‚Έ
ή“,©“]Τ“,“ε,Ό“ε,281026,•ΊΙ§,_Λs“ε‹ζ,“s’Κ‚T’–Ϊ,2022[sanitize]10[sanitize]05,23,“ΉHγ,‚»‚Μ‘Ό,30Ξ‘γ,‚»‚Μ‘Ό,{ω‚Ή‚Έ
ή“,©“]Τ“,“ε,Ό“ε,281026,•ΊΙ§,_Λs“ε‹ζ,“s’Κ‚T’–Ϊ,2022[sanitize]10[sanitize]27,07,‚»‚Μ‘Ό,’“Τi—Φjκ,30Ξ‘γ,‚»‚Μ‘Ό,{ω‚µ‚½
ή“,©“]Τ“,“ε,Ό“ε,281026,•ΊΙ§,_Λs“ε‹ζ,“s’Κ‚T’–Ϊ,2022[sanitize]10[sanitize]28,12,“ΉHγ,‚»‚Μ‘Ό,10Ξ‘γ,‚Z¶,{ω‚Ή‚Έ
ή“,©“]Τ“,“ε,Ό“ε,281026,•ΊΙ§,_Λs“ε‹ζ,–€–λCέ’Κ‚P’–Ϊ,2022[sanitize]04[sanitize]30,12,‚SK‚ΔΘγ‹¤“―Z‘ξ,’“Τi—Φjκ,10Ξ–Ά–,¬w¶,{ω‚µ‚½
ή“,©“]Τ“,“ε,Ό“ε,281026,•ΊΙ§,_Λs“ε‹ζ,–€–λCέ’Κ‚Q’–Ϊ,2022[sanitize]09[sanitize]18,18,“ΉHγ,‚»‚Μ‘Ό,20Ξ‘γ,‚»‚Μ‘Ό,{ω‚Ή‚Έ
ή“,©“]Τ“,“ε,Τβ,281026,•ΊΙ§,_Λs“ε‹ζ,Β’J’¬‚R’–Ϊ,2022[sanitize]07[sanitize]30,23,κΛZ‘ξ,‚»‚Μ‘Ό,50Ξ‘γ,‚»‚Μ‘Ό,{ω‚Ή‚Έ
ή“,©“]Τ“,“ε,Τβ,281026,•ΊΙ§,_Λs“ε‹ζ,Τβ’Κ‚W’–Ϊ,2022[sanitize]09[sanitize]13,16,“ΉHγ,‚»‚Μ‘Ό,10Ξ‘γ,‚Z¶,{ω‚Ή‚Έ
ή“,©“]Τ“,“ε,Τβ,281026,•ΊΙ§,_Λs“ε‹ζ,γ–μ’Κ‚U’–Ϊ,2022[sanitize]03[sanitize]11,17,κΛZ‘ξ,’“Τi—Φjκ,40Ξ‘γ,‚»‚Μ‘Ό,{ω‚Ή‚Έ
ή“,©“]Τ“,“ε,Τβ,281026,•ΊΙ§,_Λs“ε‹ζ,•Z’Κ‚U’–Ϊ,2022[sanitize]03[sanitize]08,17,κΛZ‘ξ,‚»‚Μ‘Ό,10Ξ–Ά–,¬w¶,{ω‚Ή‚Έ
ή“,©“]Τ“,“ε,‚‰H,281026,•ΊΙ§,_Λs“ε‹ζ,χƒP‹u’¬,2022[sanitize]06[sanitize]20,20,κΛZ‘ξ,’“Τi—Φjκ,50Ξ‘γ,‚»‚Μ‘Ό,{ω‚Ή‚Έ
ή“,©“]Τ“,“ε,‚‰H,281026,•ΊΙ§,_Λs“ε‹ζ,‚‰H’¬‚R’–Ϊ,2022[sanitize]10[sanitize]15,16,‚»‚Μ‘Ό‚ΜZ‘ξi‚RK‚ΔΘ‰Ί‹¤“―Z‘ξ“™j,’“Τi—Φjκ,20Ξ‘γ,‘εw¶,{ω‚µ‚½
ή“,©“]Τ“,“ε,’ίb,281026,•ΊΙ§,_Λs“ε‹ζ,Zb‘δ’¬,2022[sanitize]10[sanitize]08,20,‚SK‚ΔΘγ‹¤“―Z‘ξ,’“Τi—Φjκ,20Ξ‘γ,‚»‚Μ‘Ό,{ω‚µ‚½
ή“,©“]Τ“,•‡,O‹{ƒZƒ“ƒ^[,281107,•ΊΙ§,_Λs’†‰›‹ζ,®’Κ‚P’–Ϊ,2022[sanitize]10[sanitize]22,11,‚»‚Μ‘Ό,’“Τi—Φjκ,40Ξ‘γ,‚»‚Μ‘Ό,{ω‚µ‚½
ή“,©“]Τ“,•‡,O‹{ƒZƒ“ƒ^[,281107,•ΊΙ§,_Λs’†‰›‹ζ,®’Κ‚R’–Ϊ,2022[sanitize]05[sanitize]10,07,‚»‚Μ‘Ό,‚»‚Μ‘Ό,40Ξ‘γ,‚»‚Μ‘Ό,{ω‚µ‚½
ή“,©“]Τ“,•‡,O‹{ƒZƒ“ƒ^[,281107,•ΊΙ§,_Λs’†‰›‹ζ,®’Κ‚R’–Ϊ,2022[sanitize]08[sanitize]22,07,‚SK‚ΔΘγ‹¤“―Z‘ξ,‚»‚Μ‘Ό,20Ξ‘γ,‘εw¶,{ω‚Ή‚Έ
ή“,©“]Τ“,•‡,O‹{ƒZƒ“ƒ^[,281107,•ΊΙ§,_Λs’†‰›‹ζ,®’Κ‚S’–Ϊ,2022[sanitize]03[sanitize]17,22,“ΉHγ,‚»‚Μ‘Ό,20Ξ‘γ,‘εw¶,{ω‚µ‚½
ή“,©“]Τ“,•‡,O‹{ƒZƒ“ƒ^[,281107,•ΊΙ§,_Λs’†‰›‹ζ,®’Κ‚S’–Ϊ,2022[sanitize]05[sanitize]17,18,‚SK‚ΔΘγ‹¤“―Z‘ξ,’“Τi—Φjκ,65[sanitize]69Ξ,‚»‚Μ‘Ό,{ω‚µ‚½
ή“,©“]Τ“,•‡,O‹{ƒZƒ“ƒ^[,281107,•ΊΙ§,_Λs’†‰›‹ζ,®’Κ‚S’–Ϊ,2022[sanitize]06[sanitize]20,13,“ΉHγ,‚»‚Μ‘Ό,20Ξ‘γ,‚»‚Μ‘Ό,{ω‚µ‚½
ή“,©“]Τ“,•‡,O‹{ƒZƒ“ƒ^[,281107,•ΊΙ§,_Λs’†‰›‹ζ,®’Κ‚T’–Ϊ,2022[sanitize]11[sanitize]15,07,’“Τi—Φjκ,’“Τi—Φjκ,10Ξ‘γ,‚Z¶,{ω‚µ‚½
ή“,©“]Τ“,•‡,O‹{ƒZƒ“ƒ^[,281107,•ΊΙ§,_Λs’†‰›‹ζ,ιγ’Κ‚W’–Ϊ,2022[sanitize]02[sanitize]26,08,“ΉHγ,‚»‚Μ‘Ό,10Ξ‘γ,‘εw¶,{ω‚µ‚½
ή“,©“]Τ“,•‡,O‹{ƒZƒ“ƒ^[,281107,•ΊΙ§,_Λs’†‰›‹ζ,ιγ’Κ‚W’–Ϊ,2022[sanitize]03[sanitize]11,14,“ΉHγ,‚»‚Μ‘Ό,40Ξ‘γ,‚»‚Μ‘Ό,{ω‚Ή‚Έ
ή“,©“]Τ“,•‡,O‹{ƒZƒ“ƒ^[,281107,•ΊΙ§,_Λs’†‰›‹ζ,ιγ’Κ‚W’–Ϊ,2022[sanitize]09[sanitize]25,12,“ΉHγ,‚»‚Μ‘Ό,50Ξ‘γ,‚»‚Μ‘Ό,{ω‚Ή‚Έ
ή“,©“]Τ“,•‡,O‹{ƒZƒ“ƒ^[,281107,•ΊΙ§,_Λs’†‰›‹ζ,ι•Σ’Κ‚Q’–Ϊ,2022[sanitize]03[sanitize]29,21,“ΉHγ,‚»‚Μ‘Ό,20Ξ‘γ,‚»‚Μ‘Ό,{ω‚µ‚½
ή“,©“]Τ“,•‡,O‹{ƒZƒ“ƒ^[,281107,•ΊΙ§,_Λs’†‰›‹ζ,ι•Σ’Κ‚Q’–Ϊ,2022[sanitize]10[sanitize]20,10,“ΉHγ,‚»‚Μ‘Ό,20Ξ‘γ,‚»‚Μ‘Ό,{ω‚Ή‚Έ
ή“,©“]Τ“,•‡,O‹{ƒZƒ“ƒ^[,281107,•ΊΙ§,_Λs’†‰›‹ζ,ι•Σ’Κ‚S’–Ϊ,2022[sanitize]11[sanitize]18,13,‚SK‚ΔΘγ‹¤“―Z‘ξ,’“Τi—Φjκ,70ΞΘγ,‚»‚Μ‘Ό,{ω‚µ‚½
ή“,©“]Τ“,•‡,O‹{ƒZƒ“ƒ^[,281107,•ΊΙ§,_Λs’†‰›‹ζ,¬–μ•Ώ’Κ‚U’–Ϊ,2021[sanitize]12[sanitize]27,08,‚»‚Μ‘Ό,’“Τi—Φjκ,20Ξ‘γ,‘εw¶,{ω‚µ‚½
ή“,©“]Τ“,•‡,O‹{ƒZƒ“ƒ^[,281107,•ΊΙ§,_Λs’†‰›‹ζ,¬–μ•Ώ’Κ‚U’–Ϊ,2022[sanitize]07[sanitize]21,22,‚»‚Μ‘Ό,’“Τi—Φjκ,10Ξ‘γ,‚Z¶,{ω‚Ή‚Έ
ή“,©“]Τ“,•‡,O‹{ƒZƒ“ƒ^[,281107,•ΊΙ§,_Λs’†‰›‹ζ,¬–μ•Ώ’Κ‚U’–Ϊ,2022[sanitize]08[sanitize]29,15,‚»‚Μ‘Ό,’“Τi—Φjκ,20Ξ‘γ,‘εw¶,{ω‚µ‚½
ή“,©“]Τ“,•‡,O‹{ƒZƒ“ƒ^[,281107,•ΊΙ§,_Λs’†‰›‹ζ,¬–μ•Ώ’Κ‚U’–Ϊ,2022[sanitize]10[sanitize]05,00,‚»‚Μ‘Ό,’“Τi—Φjκ,20Ξ‘γ,‚»‚Μ‘Ό,{ω‚Ή‚Έ
ή“,©“]Τ“,•‡,O‹{ƒZƒ“ƒ^[,281107,•ΊΙ§,_Λs’†‰›‹ζ,¬–μ•Ώ’Κ‚V’–Ϊ,2022[sanitize]03[sanitize]06,06,“ΉHγ,‚»‚Μ‘Ό,10Ξ‘γ,’†w¶,{ω‚Ή‚Έ
ή“,©“]Τ“,•‡,O‹{ƒZƒ“ƒ^[,281107,•ΊΙ§,_Λs’†‰›‹ζ,‰_δ’Κ‚T’–Ϊ,2022[sanitize]04[sanitize]20,09,’“Τi—Φjκ,’“Τi—Φjκ,50Ξ‘γ,‚»‚Μ‘Ό,{ω‚Ή‚Έ
ή“,©“]Τ“,•‡,O‹{ƒZƒ“ƒ^[,281107,•ΊΙ§,_Λs’†‰›‹ζ,‰_δ’Κ‚U’–Ϊ,2022[sanitize]05[sanitize]05,09,“ΉHγ,‚»‚Μ‘Ό,40Ξ‘γ,‚»‚Μ‘Ό,{ω‚Ή‚Έ
ή“,©“]Τ“,•‡,O‹{ƒZƒ“ƒ^[,281107,•ΊΙ§,_Λs’†‰›‹ζ,‰_δ’Κ‚U’–Ϊ,2022[sanitize]06[sanitize]01,09,“ΉHγ,‚»‚Μ‘Ό,70ΞΘγ,‚»‚Μ‘Ό,{ω‚µ‚½
ή“,©“]Τ“,•‡,O‹{ƒZƒ“ƒ^[,281107,•ΊΙ§,_Λs’†‰›‹ζ,‰_δ’Κ‚U’–Ϊ,2022[sanitize]06[sanitize]18,23,‚»‚Μ‘Ό,’“Τi—Φjκ,60[sanitize]64Ξ,‚»‚Μ‘Ό,{ω‚Ή‚Έ
ή“,©“]Τ“,•‡,O‹{ƒZƒ“ƒ^[,281107,•ΊΙ§,_Λs’†‰›‹ζ,‰_δ’Κ‚U’–Ϊ,2022[sanitize]07[sanitize]16,18,“ΉHγ,‚»‚Μ‘Ό,40Ξ‘γ,‚»‚Μ‘Ό,{ω‚µ‚½
ή“,©“]Τ“,•‡,O‹{ƒZƒ“ƒ^[,281107,•ΊΙ§,_Λs’†‰›‹ζ,‰_δ’Κ‚V’–Ϊ,2021[sanitize]01[sanitize]01,18,“ΉHγ,‚»‚Μ‘Ό,20Ξ‘γ,‚»‚Μ‘Ό,{ω‚µ‚½
ή“,©“]Τ“,•‡,O‹{ƒZƒ“ƒ^[,281107,•ΊΙ§,_Λs’†‰›‹ζ,‰_δ’Κ‚W’–Ϊ,2022[sanitize]07[sanitize]18,12,’“Τi—Φjκ,’“Τi—Φjκ,10Ξ‘γ,¬w¶,{ω‚Ή‚Έ
ή“,©“]Τ“,•‡,O‹{ƒZƒ“ƒ^[,281107,•ΊΙ§,_Λs’†‰›‹ζ,‰_δ’Κ‚W’–Ϊ,2022[sanitize]08[sanitize]26,18,“ΉHγ,‚»‚Μ‘Ό,30Ξ‘γ,‚»‚Μ‘Ό,{ω‚µ‚½
ή“,©“]Τ“,•‡,O‹{ƒZƒ“ƒ^[,281107,•ΊΙ§,_Λs’†‰›‹ζ,‹Υƒm’¬‚S’–Ϊ,2022[sanitize]08[sanitize]10,15,’“Τi—Φjκ,’“Τi—Φjκ,30Ξ‘γ,‚»‚Μ‘Ό,{ω‚Ή‚Έ
ή“,©“]Τ“,•‡,O‹{ƒZƒ“ƒ^[,281107,•ΊΙ§,_Λs’†‰›‹ζ,‹Υƒm’¬‚S’–Ϊ,2022[sanitize]09[sanitize]30,19,’“Τi—Φjκ,’“Τi—Φjκ,50Ξ‘γ,‚»‚Μ‘Ό,{ω‚µ‚½
ή“,©“]Τ“,•‡,O‹{ƒZƒ“ƒ^[,281107,•ΊΙ§,_Λs’†‰›‹ζ,‹Υƒm’¬‚T’–Ϊ,2022[sanitize]06[sanitize]25,08,’“Τi—Φjκ,’“Τi—Φjκ,20Ξ‘γ,‚»‚Μ‘Ό,{ω‚µ‚½
ή“,©“]Τ“,•‡,O‹{ƒZƒ“ƒ^[,281107,•ΊΙ§,_Λs’†‰›‹ζ,δK’Κ‚T’–Ϊ,2022[sanitize]03[sanitize]08,12,“ΉHγ,‚»‚Μ‘Ό,20Ξ‘γ,‘εw¶,{ω‚µ‚½
ή“,©“]Τ“,•‡,O‹{ƒZƒ“ƒ^[,281107,•ΊΙ§,_Λs’†‰›‹ζ,”ª”¦’Κ‚S’–Ϊ,2022[sanitize]04[sanitize]06,17,“ΉHγ,‚»‚Μ‘Ό,40Ξ‘γ,‚»‚Μ‘Ό,{ω‚µ‚½
ή“,©“]Τ“,•‡,’†”φ‘O,281107,•ΊΙ§,_Λs’†‰›‹ζ,γ“›δ’Κ‚Q’–Ϊ,2022[sanitize]08[sanitize]10,12,‚SK‚ΔΘγ‹¤“―Z‘ξ,’“Τi—Φjκ,60[sanitize]64Ξ,‚»‚Μ‘Ό,{ω‚µ‚½
ή“,©“]Τ“,•‡,’†”φ‘O,281107,•ΊΙ§,_Λs’†‰›‹ζ,_ε›’Κ‚S’–Ϊ,2022[sanitize]08[sanitize]09,11,κΛZ‘ξ,‚»‚Μ‘Ό,10Ξ‘γ,¬w¶,{ω‚Ή‚Έ
ή“,©“]Τ“,•‡,“ρ‹{,281107,•ΊΙ§,_Λs’†‰›‹ζ,¶“c’¬‚P’–Ϊ,2022[sanitize]05[sanitize]28,21,‚SK‚ΔΘγ‹¤“―Z‘ξ,’“Τi—Φjκ,20Ξ‘γ,‘εw¶,{ω‚Ή‚Έ
ή“,©“]Τ“,•‡,“ρ‹{,281107,•ΊΙ§,_Λs’†‰›‹ζ,‹Υƒm’¬‚P’–Ϊ,2022[sanitize]07[sanitize]09,02,‚SK‚ΔΘγ‹¤“―Z‘ξ,‚»‚Μ‘Ό,30Ξ‘γ,‚»‚Μ‘Ό,{ω‚Ή‚Έ
ή“,©“]Τ“,•‡,“ρ‹{,281107,•ΊΙ§,_Λs’†‰›‹ζ,‹Υƒm’¬‚P’–Ϊ,2022[sanitize]08[sanitize]13,17,‚SK‚ΔΘγ‹¤“―Z‘ξ,‚»‚Μ‘Ό,10Ξ‘γ,‘εw¶,{ω‚Ή‚Έ
ή“,©“]Τ“,•‡,“ρ‹{,281107,•ΊΙ§,_Λs’†‰›‹ζ,‹Υƒm’¬‚Q’–Ϊ,2022[sanitize]09[sanitize]23,02,‚SK‚ΔΘγ‹¤“―Z‘ξ,’“Τi—Φjκ,50Ξ‘γ,‚»‚Μ‘Ό,{ω‚Ή‚Έ
ή“,©“]Τ“,•‡,“ρ‹{,281107,•ΊΙ§,_Λs’†‰›‹ζ,‹Υƒm’¬‚R’–Ϊ,2022[sanitize]03[sanitize]10,•s–Ύ,“ΉHγ,‚»‚Μ‘Ό,20Ξ‘γ,‘εw¶,{ω‚Ή‚Έ
ή“,©“]Τ“,•‡,“ρ‹{,281107,•ΊΙ§,_Λs’†‰›‹ζ,‹Υƒm’¬‚R’–Ϊ,2022[sanitize]07[sanitize]08,19,‚SK‚ΔΘγ‹¤“―Z‘ξ,’“Τi—Φjκ,40Ξ‘γ,‚»‚Μ‘Ό,{ω‚µ‚½
ή“,©“]Τ“,•‡,“ρ‹{,281107,•ΊΙ§,_Λs’†‰›‹ζ,‹Υƒm’¬‚R’–Ϊ,2022[sanitize]08[sanitize]12,04,‚SK‚ΔΘγ‹¤“―Z‘ξ,’“Τi—Φjκ,20Ξ‘γ,‚»‚Μ‘Ό,{ω‚µ‚½
ή“,©“]Τ“,•‡,“ρ‹{,281107,•ΊΙ§,_Λs’†‰›‹ζ,‹Υƒm’¬‚S’–Ϊ,2022[sanitize]09[sanitize]03,07,“ΉHγ,‚»‚Μ‘Ό,40Ξ‘γ,‚»‚Μ‘Ό,{ω‚µ‚½
ή“,©“]Τ“,•‡,“ρ‹{,281107,•ΊΙ§,_Λs’†‰›‹ζ,‹Υƒm’¬‚S’–Ϊ,2022[sanitize]09[sanitize]23,09,“ΉHγ,‚»‚Μ‘Ό,40Ξ‘γ,‚»‚Μ‘Ό,{ω‚µ‚½
ή“,©“]Τ“,•‡,“ρ‹{,281107,•ΊΙ§,_Λs’†‰›‹ζ,‹Υƒm’¬‚T’–Ϊ,2022[sanitize]02[sanitize]07,17,’“Τi—Φjκ,’“Τi—Φjκ,20Ξ‘γ,‚»‚Μ‘Ό,{ω‚Ή‚Έ
ή“,©“]Τ“,•‡,“ρ‹{,281107,•ΊΙ§,_Λs’†‰›‹ζ,‹Υƒm’¬‚T’–Ϊ,2022[sanitize]02[sanitize]10,21,“ΉHγ,‚»‚Μ‘Ό,30Ξ‘γ,‚»‚Μ‘Ό,{ω‚µ‚½
ή“,©“]Τ“,•‡,“ρ‹{,281107,•ΊΙ§,_Λs’†‰›‹ζ,‹Υƒm’¬‚T’–Ϊ,2022[sanitize]02[sanitize]25,20,“ΉHγ,‚»‚Μ‘Ό,10Ξ‘γ,‚Z¶,{ω‚µ‚½
ή“,©“]Τ“,•‡,“ρ‹{,281107,•ΊΙ§,_Λs’†‰›‹ζ,‹Υƒm’¬‚T’–Ϊ,2022[sanitize]03[sanitize]12,13,’“Τi—Φjκ,’“Τi—Φjκ,30Ξ‘γ,‚»‚Μ‘Ό,{ω‚µ‚½
ή“,©“]Τ“,•‡,“ρ‹{,281107,•ΊΙ§,_Λs’†‰›‹ζ,‹Υƒm’¬‚T’–Ϊ,2022[sanitize]05[sanitize]14,16,“ΉHγ,‚»‚Μ‘Ό,40Ξ‘γ,‚»‚Μ‘Ό,{ω‚Ή‚Έ
ή“,©“]Τ“,•‡,“ρ‹{,281107,•ΊΙ§,_Λs’†‰›‹ζ,‹Υƒm’¬‚T’–Ϊ,2022[sanitize]06[sanitize]10,18,“ΉHγ,‚»‚Μ‘Ό,20Ξ‘γ,‚»‚Μ‘Ό,{ω‚µ‚½
ή“,©“]Τ“,•‡,“ρ‹{,281107,•ΊΙ§,_Λs’†‰›‹ζ,‹Υƒm’¬‚T’–Ϊ,2022[sanitize]06[sanitize]24,11,“ΉHγ,‚»‚Μ‘Ό,20Ξ‘γ,‘εw¶,{ω‚µ‚½
ή“,©“]Τ“,•‡,“ρ‹{,281107,•ΊΙ§,_Λs’†‰›‹ζ,‹Υƒm’¬‚T’–Ϊ,2022[sanitize]07[sanitize]29,00,’“Τi—Φjκ,’“Τi—Φjκ,30Ξ‘γ,‚»‚Μ‘Ό,{ω‚µ‚½
ή“,©“]Τ“,•‡,“ρ‹{,281107,•ΊΙ§,_Λs’†‰›‹ζ,‹Υƒm’¬‚T’–Ϊ,2022[sanitize]07[sanitize]31,19,’“Τi—Φjκ,’“Τi—Φjκ,10Ξ‘γ,‚»‚Μ‘Ό,{ω‚Ή‚Έ
ή“,©“]Τ“,•‡,“ρ‹{,281107,•ΊΙ§,_Λs’†‰›‹ζ,‹Υƒm’¬‚T’–Ϊ,2022[sanitize]08[sanitize]19,02,“ΉHγ,‚»‚Μ‘Ό,20Ξ‘γ,‚»‚Μ‘Ό,{ω‚Ή‚Έ
ή“,©“]Τ“,•‡,“ρ‹{,281107,•ΊΙ§,_Λs’†‰›‹ζ,‹Υƒm’¬‚T’–Ϊ,2022[sanitize]09[sanitize]08,12,“ΉHγ,‚»‚Μ‘Ό,20Ξ‘γ,‚»‚Μ‘Ό,{ω‚µ‚½
ή“,©“]Τ“,•‡,“ρ‹{,281107,•ΊΙ§,_Λs’†‰›‹ζ,‹Υƒm’¬‚T’–Ϊ,2022[sanitize]09[sanitize]16,19,’“Τi—Φjκ,’“Τi—Φjκ,20Ξ‘γ,‚»‚Μ‘Ό,{ω‚µ‚½
ή“,©“]Τ“,•‡,“ρ‹{,281107,•ΊΙ§,_Λs’†‰›‹ζ,‹Υƒm’¬‚T’–Ϊ,2022[sanitize]09[sanitize]27,07,“ΉHγ,‚»‚Μ‘Ό,20Ξ‘γ,‚»‚Μ‘Ό,{ω‚Ή‚Έ
ή“,©“]Τ“,•‡,“ρ‹{,281107,•ΊΙ§,_Λs’†‰›‹ζ,‹Υƒm’¬‚T’–Ϊ,2022[sanitize]10[sanitize]02,17,“ΉHγ,‚»‚Μ‘Ό,40Ξ‘γ,‚»‚Μ‘Ό,{ω‚µ‚½
ή“,©“]Τ“,•‡,“ρ‹{,281107,•ΊΙ§,_Λs’†‰›‹ζ,‹Υƒm’¬‚T’–Ϊ,2022[sanitize]10[sanitize]23,17,’“Τi—Φjκ,’“Τi—Φjκ,20Ξ‘γ,‚»‚Μ‘Ό,{ω‚µ‚½
ή“,©“]Τ“,•‡,“ρ‹{,281107,•ΊΙ§,_Λs’†‰›‹ζ,‹Υƒm’¬‚T’–Ϊ,2022[sanitize]11[sanitize]21,21,“ΉHγ,‚»‚Μ‘Ό,20Ξ‘γ,‚»‚Μ‘Ό,{ω‚Ή‚Έ
ή“,©“]Τ“,•‡,“ρ‹{,281107,•ΊΙ§,_Λs’†‰›‹ζ,‹Υƒm’¬‚T’–Ϊ,•s–Ύ,•s–Ύ,“ΉHγ,‚»‚Μ‘Ό,–@lE’c‘ΜA”νQÒ‚Θ‚µ,–@lE’c‘ΜA”νQÒ‚Θ‚µ,{ω‚Ή‚Έ
ή“,©“]Τ“,•‡,“ρ‹{,281107,•ΊΙ§,_Λs’†‰›‹ζ,“ρ‹{’¬‚P’–Ϊ,2022[sanitize]10[sanitize]19,12,‚SK‚ΔΘγ‹¤“―Z‘ξ,’“Τi—Φjκ,10Ξ‘γ,’†w¶,{ω‚Ή‚Έ
ή“,©“]Τ“,•‡,“ρ‹{,281107,•ΊΙ§,_Λs’†‰›‹ζ,“ρ‹{’¬‚Q’–Ϊ,2022[sanitize]08[sanitize]22,22,‚SK‚ΔΘγ‹¤“―Z‘ξ,‚»‚Μ‘Ό,40Ξ‘γ,‚»‚Μ‘Ό,{ω‚Ή‚Έ
ή“,©“]Τ“,•‡,“ρ‹{,281107,•ΊΙ§,_Λs’†‰›‹ζ,“ρ‹{’¬‚Q’–Ϊ,2022[sanitize]09[sanitize]07,22,κΛZ‘ξ,’“Τi—Φjκ,10Ξ‘γ,’†w¶,{ω‚Ή‚Έ
ή“,©“]Τ“,•‡,“ρ‹{,281107,•ΊΙ§,_Λs’†‰›‹ζ,“ρ‹{’¬‚R’–Ϊ,2022[sanitize]12[sanitize]17,00,“ΉHγ,‚»‚Μ‘Ό,20Ξ‘γ,‚»‚Μ‘Ό,{ω‚Ή‚Έ
ή“,©“]Τ“,•‡,“ρ‹{,281107,•ΊΙ§,_Λs’†‰›‹ζ,“ρ‹{’¬‚S’–Ϊ,2021[sanitize]12[sanitize]29,14,“ΉHγ,‚»‚Μ‘Ό,30Ξ‘γ,‚»‚Μ‘Ό,{ω‚Ή‚Έ
ή“,©“]Τ“,•‡,“ρ‹{,281107,•ΊΙ§,_Λs’†‰›‹ζ,“ρ‹{’¬‚S’–Ϊ,2022[sanitize]04[sanitize]28,23,“ΉHγ,‚»‚Μ‘Ό,30Ξ‘γ,‚»‚Μ‘Ό,{ω‚µ‚½
ή“,©“]Τ“,•‡,“ρ‹{,281107,•ΊΙ§,_Λs’†‰›‹ζ,“ρ‹{’¬‚S’–Ϊ,2022[sanitize]08[sanitize]08,10,“ΉHγ,‚»‚Μ‘Ό,70ΞΘγ,‚»‚Μ‘Ό,{ω‚Ή‚Έ
ή“,©“]Τ“,•‡,“ρ‹{,281107,•ΊΙ§,_Λs’†‰›‹ζ,•zψ’¬‚S’–Ϊ,2022[sanitize]01[sanitize]14,12,’“Τi—Φjκ,’“Τi—Φjκ,40Ξ‘γ,‚»‚Μ‘Ό,{ω‚µ‚½
ή“,©“]Τ“,•‡,“ρ‹{,281107,•ΊΙ§,_Λs’†‰›‹ζ,•zψ’¬‚S’–Ϊ,2022[sanitize]10[sanitize]17,14,’“Τi—Φjκ,’“Τi—Φjκ,70ΞΘγ,‚»‚Μ‘Ό,{ω‚Ή‚Έ
ή“,©“]Τ“,•‡,“ρ‹{,281107,•ΊΙ§,_Λs’†‰›‹ζ,•zψ’¬‚S’–Ϊ,2022[sanitize]12[sanitize]16,20,’“Τi—Φjκ,’“Τi—Φjκ,20Ξ‘γ,‚»‚Μ‘Ό,{ω‚µ‚½
ή“,©“]Τ“,•‡,„’Λ,281107,•ΊΙ§,_Λs’†‰›‹ζ,“‰_’Κ‚P’–Ϊ,2022[sanitize]02[sanitize]24,19,“ΉHγ,‚»‚Μ‘Ό,30Ξ‘γ,‚»‚Μ‘Ό,{ω‚µ‚½
ή“,©“]Τ“,•‡,„’Λ,281107,•ΊΙ§,_Λs’†‰›‹ζ,“‰_’Κ‚P’–Ϊ,2022[sanitize]06[sanitize]02,22,‚SK‚ΔΘγ‹¤“―Z‘ξ,’“Τi—Φjκ,40Ξ‘γ,‚»‚Μ‘Ό,{ω‚µ‚½
ή“,©“]Τ“,•‡,„’Λ,281107,•ΊΙ§,_Λs’†‰›‹ζ,“‰_’Κ‚P’–Ϊ,2022[sanitize]07[sanitize]29,15,‚SK‚ΔΘγ‹¤“―Z‘ξ,’“Τi—Φjκ,20Ξ‘γ,‚»‚Μ‘Ό,{ω‚µ‚½
ή“,©“]Τ“,•‡,„’Λ,281107,•ΊΙ§,_Λs’†‰›‹ζ,“‰_’Κ‚P’–Ϊ,2022[sanitize]08[sanitize]24,19,“ΉHγ,‚»‚Μ‘Ό,20Ξ‘γ,‘εw¶,{ω‚Ή‚Έ
ή“,©“]Τ“,•‡,„’Λ,281107,•ΊΙ§,_Λs’†‰›‹ζ,“‰_’Κ‚P’–Ϊ,2022[sanitize]10[sanitize]07,21,“ΉHγ,‚»‚Μ‘Ό,20Ξ‘γ,‚»‚Μ‘Ό,{ω‚Ή‚Έ
ή“,©“]Τ“,•‡,„’Λ,281107,•ΊΙ§,_Λs’†‰›‹ζ,“‰_’Κ‚R’–Ϊ,2022[sanitize]03[sanitize]11,21,‚SK‚ΔΘγ‹¤“―Z‘ξ,’“Τi—Φjκ,20Ξ‘γ,‚»‚Μ‘Ό,{ω‚µ‚½
ή“,©“]Τ“,•‡,„’Λ,281107,•ΊΙ§,_Λs’†‰›‹ζ,“›δ’¬‚P’–Ϊ,2022[sanitize]06[sanitize]24,08,‚»‚Μ‘Ό,’“Τi—Φjκ,65[sanitize]69Ξ,‚»‚Μ‘Ό,{ω‚µ‚½
ή“,©“]Τ“,•‡,„’Λ,281107,•ΊΙ§,_Λs’†‰›‹ζ,“›δ’¬‚R’–Ϊ,2022[sanitize]07[sanitize]08,20,“ΉHγ,‚»‚Μ‘Ό,70ΞΘγ,‚»‚Μ‘Ό,{ω‚Ή‚Έ
ή“,©“]Τ“,•‡,„’Λ,281107,•ΊΙ§,_Λs’†‰›‹ζ,“›δ’¬‚R’–Ϊ,2022[sanitize]09[sanitize]27,01,“ΉHγ,‚»‚Μ‘Ό,50Ξ‘γ,‚»‚Μ‘Ό,{ω‚Ή‚Έ
ή“,©“]Τ“,•‡,„’Λ,281107,•ΊΙ§,_Λs’†‰›‹ζ,“›δ’¬‚R’–Ϊ,2022[sanitize]10[sanitize]02,22,‚SK‚ΔΘγ‹¤“―Z‘ξ,’“Τi—Φjκ,20Ξ‘γ,‚»‚Μ‘Ό,{ω‚Ή‚Έ
ή“,©“]Τ“,•‡,„’Λ,281107,•ΊΙ§,_Λs’†‰›‹ζ,“›δ’¬‚R’–Ϊ,2022[sanitize]10[sanitize]16,19,‚SK‚ΔΘγ‹¤“―Z‘ξ,‚»‚Μ‘Ό,30Ξ‘γ,‚»‚Μ‘Ό,{ω‚µ‚½
ή“,©“]Τ“,•‡,„’Λ,281107,•ΊΙ§,_Λs’†‰›‹ζ,“›δ’¬‚R’–Ϊ,2022[sanitize]10[sanitize]21,11,“ΉHγ,‚»‚Μ‘Ό,30Ξ‘γ,‚»‚Μ‘Ό,{ω‚µ‚½
ή“,©“]Τ“,•‡,„’Λ,281107,•ΊΙ§,_Λs’†‰›‹ζ,“›δ’¬‚R’–Ϊ,2022[sanitize]11[sanitize]09,19,‚SK‚ΔΘγ‹¤“―Z‘ξ,’“Τi—Φjκ,20Ξ‘γ,‚»‚Μ‘Ό,{ω‚µ‚½
ή“,©“]Τ“,•‡,„’Λ,281107,•ΊΙ§,_Λs’†‰›‹ζ,“›δ’¬‚R’–Ϊ,2022[sanitize]11[sanitize]15,18,‚SK‚ΔΘγ‹¤“―Z‘ξ,’“Τi—Φjκ,20Ξ‘γ,‚»‚Μ‘Ό,{ω‚µ‚½
ή“,©“]Τ“,•‡,„’Λ,281107,•ΊΙ§,_Λs’†‰›‹ζ,“›δ’¬‚R’–Ϊ,2022[sanitize]12[sanitize]24,15,‚SK‚ΔΘγ‹¤“―Z‘ξ,’“Τi—Φjκ,30Ξ‘γ,‚»‚Μ‘Ό,{ω‚µ‚½
ή“,©“]Τ“,•‡,„’Λ,281107,•ΊΙ§,_Λs’†‰›‹ζ,“ϊ•ι’Κ‚R’–Ϊ,2022[sanitize]05[sanitize]04,17,‚SK‚ΔΘγ‹¤“―Z‘ξ,’“Τi—Φjκ,20Ξ‘γ,‚»‚Μ‘Ό,{ω‚Ή‚Έ
ή“,©“]Τ“,•‡,„’Λ,281107,•ΊΙ§,_Λs’†‰›‹ζ,“ϊ•ι’Κ‚S’–Ϊ,2022[sanitize]08[sanitize]12,19,‚SK‚ΔΘγ‹¤“―Z‘ξ,’“Τi—Φjκ,65[sanitize]69Ξ,‚»‚Μ‘Ό,{ω‚Ή‚Έ
ή“,©“]Τ“,•‡,„’Λ,281107,•ΊΙ§,_Λs’†‰›‹ζ,“ϊ•ι’Κ‚S’–Ϊ,2022[sanitize]09[sanitize]30,13,“ΉHγ,‚»‚Μ‘Ό,70ΞΘγ,‚»‚Μ‘Ό,{ω‚µ‚½
ή“,©“]Τ“,•‡,„’Λ,281107,•ΊΙ§,_Λs’†‰›‹ζ,“ϊ•ι’Κ‚S’–Ϊ,2022[sanitize]12[sanitize]10,11,“ΉHγ,‚»‚Μ‘Ό,70ΞΘγ,‚»‚Μ‘Ό,{ω‚Ή‚Έ
ή“,©“]Τ“,•‡,„’Λ,281107,•ΊΙ§,_Λs’†‰›‹ζ,“ϊ•ι’Κ‚T’–Ϊ,2022[sanitize]11[sanitize]20,06,‚»‚Μ‘Ό‚ΜZ‘ξi‚RK‚ΔΘ‰Ί‹¤“―Z‘ξ“™j,‚»‚Μ‘Ό,20Ξ‘γ,‚»‚Μ‘Ό,{ω‚Ή‚Έ
ή“,©“]Τ“,•‡,„’Λ,281107,•ΊΙ§,_Λs’†‰›‹ζ,“ϊ•ι’Κ‚U’–Ϊ,2022[sanitize]05[sanitize]07,02,“ΉHγ,‚»‚Μ‘Ό,10Ξ‘γ,‚Z¶,{ω‚Ή‚Έ
ή“,©“]Τ“,•‡,„’Λ,281107,•ΊΙ§,_Λs’†‰›‹ζ,”ª‰_’Κ‚Q’–Ϊ,2022[sanitize]06[sanitize]27,01,“ΉHγ,‚»‚Μ‘Ό,20Ξ‘γ,‚»‚Μ‘Ό,{ω‚Ή‚Έ
ή“,©“]Τ“,•‡,„’Λ,281107,•ΊΙ§,_Λs’†‰›‹ζ,”ª‰_’Κ‚Q’–Ϊ,2022[sanitize]08[sanitize]10,16,“ΉHγ,‚»‚Μ‘Ό,70ΞΘγ,‚»‚Μ‘Ό,{ω‚Ή‚Έ
ή“,©“]Τ“,•‡,„’Λ,281107,•ΊΙ§,_Λs’†‰›‹ζ,”ª‰_’Κ‚Q’–Ϊ,2022[sanitize]08[sanitize]22,17,“ΉHγ,‚»‚Μ‘Ό,40Ξ‘γ,‚»‚Μ‘Ό,{ω‚µ‚½
ή“,©“]Τ“,•‡,„’Λ,281107,•ΊΙ§,_Λs’†‰›‹ζ,”ª‰_’Κ‚S’–Ϊ,2022[sanitize]07[sanitize]08,10,“ΉHγ,‚»‚Μ‘Ό,40Ξ‘γ,‚»‚Μ‘Ό,{ω‚Ή‚Έ
ή“,©“]Τ“,•‡,„’Λ,281107,•ΊΙ§,_Λs’†‰›‹ζ,”ª‰_’Κ‚S’–Ϊ,2022[sanitize]12[sanitize]02,16,“ΉHγ,‚»‚Μ‘Ό,20Ξ‘γ,‚»‚Μ‘Ό,{ω‚µ‚½
ή“,©“]Τ“,•‡,„’Λ,281107,•ΊΙ§,_Λs’†‰›‹ζ,”ª‰_’Κ‚T’–Ϊ,2022[sanitize]11[sanitize]17,07,“ΉHγ,‚»‚Μ‘Ό,30Ξ‘γ,‚»‚Μ‘Ό,{ω‚Ή‚Έ
ή“,©“]Τ“,•‡,„’Λ,281107,•ΊΙ§,_Λs’†‰›‹ζ,”ª‰_’Κ‚U’–Ϊ,2022[sanitize]03[sanitize]03,17,“ΉHγ,‚»‚Μ‘Ό,30Ξ‘γ,‚»‚Μ‘Ό,{ω‚µ‚½
ή“,©“]Τ“,•‡,„’Λ,281107,•ΊΙ§,_Λs’†‰›‹ζ,αΨ’Κ‚P’–Ϊ,2022[sanitize]08[sanitize]27,08,’“Τi—Φjκ,’“Τi—Φjκ,10Ξ‘γ,‘εw¶,{ω‚µ‚½
ή“,©“]Τ“,•‡,„’Λ,281107,•ΊΙ§,_Λs’†‰›‹ζ,αΨ’Κ‚P’–Ϊ,2022[sanitize]10[sanitize]25,07,“ΉHγ,‚»‚Μ‘Ό,10Ξ‘γ,‚Z¶,{ω‚µ‚½
ή“,©“]Τ“,•‡,‹{–{,281107,•ΊΙ§,_Λs’†‰›‹ζ,_α’Κ‚P’–Ϊ,2022[sanitize]03[sanitize]24,08,‚SK‚ΔΘγ‹¤“―Z‘ξ,’“Τi—Φjκ,20Ξ‘γ,‚»‚Μ‘Ό,{ω‚Ή‚Έ
ή“,©“]Τ“,•‡,‹{–{,281107,•ΊΙ§,_Λs’†‰›‹ζ,‘ε“ϊ’Κ‚T’–Ϊ,2022[sanitize]02[sanitize]09,20,“ΉHγ,‚»‚Μ‘Ό,20Ξ‘γ,‚»‚Μ‘Ό,{ω‚µ‚½
ή“,©“]Τ“,•‡,‹{–{,281107,•ΊΙ§,_Λs’†‰›‹ζ,‹{–{’Κ‚P’–Ϊ,2022[sanitize]01[sanitize]26,18,‚SK‚ΔΘγ‹¤“―Z‘ξ,‚»‚Μ‘Ό,30Ξ‘γ,‚»‚Μ‘Ό,{ω‚Ή‚Έ
ή“,©“]Τ“,•‡,‹{–{,281107,•ΊΙ§,_Λs’†‰›‹ζ,‹{–{’Κ‚Q’–Ϊ,2022[sanitize]09[sanitize]27,12,“ΉHγ,‚»‚Μ‘Ό,20Ξ‘γ,‚»‚Μ‘Ό,{ω‚Ή‚Έ
ή“,©“]Τ“,•‡,‹{–{,281107,•ΊΙ§,_Λs’†‰›‹ζ,‹{–{’Κ‚T’–Ϊ,2022[sanitize]07[sanitize]23,04,“ΉHγ,‚»‚Μ‘Ό,20Ξ‘γ,‚»‚Μ‘Ό,{ω‚Ή‚Έ
ή“,©“]Τ“,•‡,‹{–{,281107,•ΊΙ§,_Λs’†‰›‹ζ,‹{–{’Κ‚T’–Ϊ,2022[sanitize]12[sanitize]23,08,“ΉHγ,‚»‚Μ‘Ό,20Ξ‘γ,‚»‚Μ‘Ό,{ω‚Ή‚Έ
ή“,©“]Τ“,•‡,‹{–{,281107,•ΊΙ§,_Λs’†‰›‹ζ,„’Λ’Κ‚R’–Ϊ,2022[sanitize]10[sanitize]16,21,“ΉHγ,‚»‚Μ‘Ό,20Ξ‘γ,‚»‚Μ‘Ό,{ω‚Ή‚Έ
ή“,©“]Τ“,•‡,‹{–{,281107,•ΊΙ§,_Λs’†‰›‹ζ,„’Λ’Κ‚S’–Ϊ,2022[sanitize]03[sanitize]31,19,“ΉHγ,‚»‚Μ‘Ό,40Ξ‘γ,‚»‚Μ‘Ό,{ω‚Ή‚Έ
ή“,©“]Τ“,•‡,‹{–{,281107,•ΊΙ§,_Λs’†‰›‹ζ,„’Λ’Κ‚S’–Ϊ,2022[sanitize]08[sanitize]12,19,“ΉHγ,‚»‚Μ‘Ό,10Ξ–Ά–,¬w¶,{ω‚Ή‚Έ
ή“,©“]Τ“,•‡,‹{–{,281107,•ΊΙ§,_Λs’†‰›‹ζ,„’Λ’Κ‚T’–Ϊ,2022[sanitize]08[sanitize]30,10,“ΉHγ,‚»‚Μ‘Ό,10Ξ–Ά–,¬w¶,{ω‚µ‚½
ή“,©“]Τ“,•‡,¬–μ•Ώ,281107,•ΊΙ§,_Λs’†‰›‹ζ,αΘ’Κ‚S’–Ϊ,2022[sanitize]10[sanitize]15,09,‚»‚Μ‘Ό,’“Τi—Φjκ,70ΞΘγ,‚»‚Μ‘Ό,{ω‚Ή‚Έ
ή“,©“]Τ“,•‡,¬–μ•Ώ,281107,•ΊΙ§,_Λs’†‰›‹ζ,αΘ’Κ‚T’–Ϊ,2022[sanitize]05[sanitize]31,19,‚SK‚ΔΘγ‹¤“―Z‘ξ,’“Τi—Φjκ,20Ξ‘γ,‚»‚Μ‘Ό,{ω‚Ή‚Έ
ή“,©“]Τ“,•‡,¬–μ•Ώ,281107,•ΊΙ§,_Λs’†‰›‹ζ,αΘ’Κ‚U’–Ϊ,2022[sanitize]07[sanitize]02,19,‚SK‚ΔΘγ‹¤“―Z‘ξ,’“Τi—Φjκ,30Ξ‘γ,‚»‚Μ‘Ό,{ω‚Ή‚Έ
ή“,©“]Τ“,•‡,¬–μ•Ώ,281107,•ΊΙ§,_Λs’†‰›‹ζ,αΘ’Κ‚U’–Ϊ,2022[sanitize]08[sanitize]17,18,“ΉHγ,‚»‚Μ‘Ό,20Ξ‘γ,‚»‚Μ‘Ό,{ω‚Ή‚Έ
ή“,©“]Τ“,•‡,¬–μ•Ώ,281107,•ΊΙ§,_Λs’†‰›‹ζ,ιγ’Κ‚R’–Ϊ,2022[sanitize]10[sanitize]10,12,‚SK‚ΔΘγ‹¤“―Z‘ξ,’“Τi—Φjκ,30Ξ‘γ,‚»‚Μ‘Ό,{ω‚µ‚½
ή“,©“]Τ“,•‡,¬–μ•Ώ,281107,•ΊΙ§,_Λs’†‰›‹ζ,¬–μ•Ώ’Κ‚R’–Ϊ,2022[sanitize]09[sanitize]25,09,‚SK‚ΔΘγ‹¤“―Z‘ξ,’“Τi—Φjκ,30Ξ‘γ,‚»‚Μ‘Ό,{ω‚µ‚½
ή“,©“]Τ“,•‡,¬–μ•Ώ,281107,•ΊΙ§,_Λs’†‰›‹ζ,¬–μ•Ώ’Κ‚S’–Ϊ,2022[sanitize]01[sanitize]15,08,“ΉHγ,‚»‚Μ‘Ό,30Ξ‘γ,‚»‚Μ‘Ό,{ω‚Ή‚Έ
ή“,©“]Τ“,•‡,¬–μ•Ώ,281107,•ΊΙ§,_Λs’†‰›‹ζ,‰_δ’Κ‚Q’–Ϊ,2022[sanitize]02[sanitize]14,18,‚SK‚ΔΘγ‹¤“―Z‘ξ,’“Τi—Φjκ,70ΞΘγ,‚»‚Μ‘Ό,{ω‚µ‚½
ή“,©“]Τ“,•‡,¬–μ•Ώ,281107,•ΊΙ§,_Λs’†‰›‹ζ,‰_δ’Κ‚Q’–Ϊ,2022[sanitize]11[sanitize]22,08,κΛZ‘ξ,’“Τi—Φjκ,60[sanitize]64Ξ,‚»‚Μ‘Ό,{ω‚Ή‚Έ
ή“,©“]Τ“,•‡,¬–μ•Ώ,281107,•ΊΙ§,_Λs’†‰›‹ζ,‰_δ’Κ‚S’–Ϊ,2022[sanitize]01[sanitize]05,11,“ΉHγ,‚»‚Μ‘Ό,20Ξ‘γ,‚»‚Μ‘Ό,{ω‚µ‚½
ή“,©“]Τ“,•‡,¬–μ•Ώ,281107,•ΊΙ§,_Λs’†‰›‹ζ,‰_δ’Κ‚S’–Ϊ,2022[sanitize]06[sanitize]25,16,‚»‚Μ‘Ό,’“Τi—Φjκ,10Ξ‘γ,‚»‚Μ‘Ό,{ω‚Ή‚Έ
ή“,©“]Τ“,•‡,¬–μ•Ώ,281107,•ΊΙ§,_Λs’†‰›‹ζ,δK’Κ‚Q’–Ϊ,2022[sanitize]07[sanitize]23,18,‚SK‚ΔΘγ‹¤“―Z‘ξ,’“Τi—Φjκ,20Ξ‘γ,‚»‚Μ‘Ό,{ω‚µ‚½
ή“,©“]Τ“,•‡,¬–μ•Ώ,281107,•ΊΙ§,_Λs’†‰›‹ζ,δK’Κ‚Q’–Ϊ,2022[sanitize]10[sanitize]28,07,‚SK‚ΔΘγ‹¤“―Z‘ξ,’“Τi—Φjκ,30Ξ‘γ,‚»‚Μ‘Ό,{ω‚µ‚½
ή“,©“]Τ“,•‡,¬–μ•Ώ,281107,•ΊΙ§,_Λs’†‰›‹ζ,δK’Κ‚R’–Ϊ,2022[sanitize]03[sanitize]04,14,“ΉHγ,‚»‚Μ‘Ό,20Ξ‘γ,‘εw¶,{ω‚µ‚½
ή“,©“]Τ“,•‡,t“ϊ–μ,281107,•ΊΙ§,_Λs’†‰›‹ζ,αΘ’Κ‚P’–Ϊ,2022[sanitize]06[sanitize]28,17,“ΉHγ,‚»‚Μ‘Ό,20Ξ‘γ,‚»‚Μ‘Ό,{ω‚Ή‚Έ
ή“,©“]Τ“,•‡,t“ϊ–μ,281107,•ΊΙ§,_Λs’†‰›‹ζ,αΘ’Κ‚P’–Ϊ,2022[sanitize]10[sanitize]08,08,’“Τi—Φjκ,’“Τi—Φjκ,10Ξ‘γ,‚Z¶,{ω‚Ή‚Έ
ή“,©“]Τ“,•‡,t“ϊ–μ,281107,•ΊΙ§,_Λs’†‰›‹ζ,αΘ’Κ‚P’–Ϊ,2022[sanitize]10[sanitize]29,23,“ΉHγ,‚»‚Μ‘Ό,10Ξ‘γ,‚»‚Μ‘Ό,{ω‚Ή‚Έ
ή“,©“]Τ“,•‡,t“ϊ–μ,281107,•ΊΙ§,_Λs’†‰›‹ζ,–k–μ’¬‚Q’–Ϊ,2022[sanitize]02[sanitize]15,07,’“Τi—Φjκ,’“Τi—Φjκ,20Ξ‘γ,‚»‚Μ‘Ό,{ω‚Ή‚Έ
ή“,©“]Τ“,•‡,t“ϊ–μ,281107,•ΊΙ§,_Λs’†‰›‹ζ,–k–{’¬’Κ‚Q’–Ϊ,2022[sanitize]11[sanitize]14,17,’“Τi—Φjκ,’“Τi—Φjκ,30Ξ‘γ,‚»‚Μ‘Ό,{ω‚µ‚½
ή“,©“]Τ“,•‡,t“ϊ–μ,281107,•ΊΙ§,_Λs’†‰›‹ζ,e•l’¬‚R’–Ϊ,2022[sanitize]05[sanitize]18,03,’“Τi—Φjκ,’“Τi—Φjκ,20Ξ‘γ,‚»‚Μ‘Ό,{ω‚µ‚½
ή“,©“]Τ“,•‡,t“ϊ–μ,281107,•ΊΙ§,_Λs’†‰›‹ζ,e•l’¬‚R’–Ϊ,2022[sanitize]06[sanitize]18,18,‚»‚Μ‘Ό,‚»‚Μ‘Ό,30Ξ‘γ,‚»‚Μ‘Ό,{ω‚Ή‚Έ
ή“,©“]Τ“,•‡,t“ϊ–μ,281107,•ΊΙ§,_Λs’†‰›‹ζ,e•l’¬‚R’–Ϊ,2022[sanitize]07[sanitize]07,13,‚»‚Μ‘Ό,’“Τi—Φjκ,65[sanitize]69Ξ,‚»‚Μ‘Ό,{ω‚Ή‚Έ
ή“,©“]Τ“,•‡,t“ϊ–μ,281107,•ΊΙ§,_Λs’†‰›‹ζ,e•l’¬‚R’–Ϊ,2022[sanitize]07[sanitize]24,13,’“Τi—Φjκ,’“Τi—Φjκ,20Ξ‘γ,‚»‚Μ‘Ό,{ω‚Ή‚Έ
ή“,©“]Τ“,•‡,t“ϊ–μ,281107,•ΊΙ§,_Λs’†‰›‹ζ,e•l’¬‚R’–Ϊ,2022[sanitize]07[sanitize]30,17,’“Τi—Φjκ,’“Τi—Φjκ,10Ξ‘γ,’†w¶,{ω‚Ή‚Έ
ή“,©“]Τ“,•‡,t“ϊ–μ,281107,•ΊΙ§,_Λs’†‰›‹ζ,e•l’¬‚R’–Ϊ,2022[sanitize]08[sanitize]05,15,“ΉHγ,‚»‚Μ‘Ό,30Ξ‘γ,‚»‚Μ‘Ό,{ω‚Ή‚Έ
ή“,©“]Τ“,•‡,t“ϊ–μ,281107,•ΊΙ§,_Λs’†‰›‹ζ,e•l’¬‚R’–Ϊ,2022[sanitize]08[sanitize]20,00,‚SK‚ΔΘγ‹¤“―Z‘ξ,‚»‚Μ‘Ό,20Ξ‘γ,‚»‚Μ‘Ό,{ω‚Ή‚Έ
ή“,©“]Τ“,•‡,t“ϊ–μ,281107,•ΊΙ§,_Λs’†‰›‹ζ,e•l’¬‚R’–Ϊ,2022[sanitize]08[sanitize]27,19,“ΉHγ,‚»‚Μ‘Ό,20Ξ‘γ,‚»‚Μ‘Ό,{ω‚Ή‚Έ
ή“,©“]Τ“,•‡,t“ϊ–μ,281107,•ΊΙ§,_Λs’†‰›‹ζ,e•l’¬‚R’–Ϊ,2022[sanitize]08[sanitize]28,14,‚»‚Μ‘Ό,’“Τi—Φjκ,40Ξ‘γ,‚»‚Μ‘Ό,{ω‚µ‚½
ή“,©“]Τ“,•‡,t“ϊ–μ,281107,•ΊΙ§,_Λs’†‰›‹ζ,e•l’¬‚R’–Ϊ,2022[sanitize]09[sanitize]17,23,’“Τi—Φjκ,’“Τi—Φjκ,20Ξ‘γ,‚»‚Μ‘Ό,{ω‚Ή‚Έ
ή“,©“]Τ“,•‡,t“ϊ–μ,281107,•ΊΙ§,_Λs’†‰›‹ζ,e•l’¬‚R’–Ϊ,2022[sanitize]09[sanitize]24,19,“ΉHγ,‚»‚Μ‘Ό,50Ξ‘γ,‚»‚Μ‘Ό,{ω‚Ή‚Έ
ή“,©“]Τ“,•‡,F“ΰ,281107,•ΊΙ§,_Λs’†‰›‹ζ,¶“c’¬‚P’–Ϊ,2022[sanitize]03[sanitize]29,17,“ΉHγ,‚»‚Μ‘Ό,20Ξ‘γ,‚»‚Μ‘Ό,{ω‚Ή‚Έ
ή“,©“]Τ“,•‡,F“ΰ,281107,•ΊΙ§,_Λs’†‰›‹ζ,¶“c’¬‚P’–Ϊ,2022[sanitize]11[sanitize]29,08,’“Τi—Φjκ,’“Τi—Φjκ,10Ξ‘γ,‘εw¶,{ω‚µ‚½
ή“,©“]Τ“,•‡,F“ΰ,281107,•ΊΙ§,_Λs’†‰›‹ζ,¶“c’¬‚P’–Ϊ,2022[sanitize]11[sanitize]30,08,“ΉHγ,‚»‚Μ‘Ό,20Ξ‘γ,‚»‚Μ‘Ό,{ω‚µ‚½
ή“,©“]Τ“,•‡,F“ΰ,281107,•ΊΙ§,_Λs’†‰›‹ζ,¶“c’¬‚P’–Ϊ,2022[sanitize]12[sanitize]03,13,’“Τi—Φjκ,’“Τi—Φjκ,10Ξ‘γ,’†w¶,{ω‚Ή‚Έ
ή“,©“]Τ“,•‡,F“ΰ,281107,•ΊΙ§,_Λs’†‰›‹ζ,‰Α”[’¬‚P’–Ϊ,2022[sanitize]12[sanitize]03,09,“ΉHγ,‚»‚Μ‘Ό,50Ξ‘γ,‚»‚Μ‘Ό,{ω‚µ‚½
ή“,©“]Τ“,•‡,F“ΰ,281107,•ΊΙ§,_Λs’†‰›‹ζ,F“ΰ’¬‚V’–Ϊ,2022[sanitize]11[sanitize]27,11,’“Τi—Φjκ,’“Τi—Φjκ,10Ξ‘γ,¬w¶,{ω‚Ή‚Έ
ή“,©“]Τ“,•‡,F“ΰ,281107,•ΊΙ§,_Λs’†‰›‹ζ,F“ΰ’¬‚V’–Ϊ,2022[sanitize]11[sanitize]27,15,’“Τi—Φjκ,’“Τi—Φjκ,20Ξ‘γ,‚»‚Μ‘Ό,{ω‚µ‚½
ή“,©“]Τ“,•‡,F“ΰ,281107,•ΊΙ§,_Λs’†‰›‹ζ,F“ΰ‹΄’Κ‚S’–Ϊ,2022[sanitize]12[sanitize]16,05,“ΉHγ,‚»‚Μ‘Ό,50Ξ‘γ,‚»‚Μ‘Ό,{ω‚Ή‚Έ
ή“,©“]Τ“,•‡,F“ΰ,281107,•ΊΙ§,_Λs’†‰›‹ζ,ψ’Λ’Κ‚R’–Ϊ,2022[sanitize]03[sanitize]19,17,“ΉHγ,‚»‚Μ‘Ό,70ΞΘγ,‚»‚Μ‘Ό,{ω‚µ‚½
ή“,©“]Τ“,•‡,F“ΰ,281107,•ΊΙ§,_Λs’†‰›‹ζ,αΨ’Κ‚T’–Ϊ,2022[sanitize]07[sanitize]27,21,‚SK‚ΔΘγ‹¤“―Z‘ξ,’“Τi—Φjκ,20Ξ‘γ,‚»‚Μ‘Ό,{ω‚Ή‚Έ
ή“,©“]Τ“,•‡,F“ΰ,281107,•ΊΙ§,_Λs’†‰›‹ζ,αΨ’Κ‚U’–Ϊ,2022[sanitize]05[sanitize]15,09,‚SK‚ΔΘγ‹¤“―Z‘ξ,’“Τi—Φjκ,10Ξ‘γ,‚Z¶,{ω‚µ‚½
ή“,©“]Τ“,•‡,‚g‚`‚s_Λ,281107,•ΊΙ§,_Λs’†‰›‹ζ,e•lCέ’Κ‚P’–Ϊ,2022[sanitize]07[sanitize]26,20,‚»‚Μ‘Ό,’“Τi—Φjκ,70ΞΘγ,‚»‚Μ‘Ό,{ω‚Ή‚Έ
ή“,©“]Τ“,•‡,‚g‚`‚s_Λ,281107,•ΊΙ§,_Λs’†‰›‹ζ,e•lCέ’Κ‚Q’–Ϊ,2022[sanitize]02[sanitize]07,19,‚»‚Μ‘Ό,‚»‚Μ‘Ό,20Ξ‘γ,‚»‚Μ‘Ό,{ω‚µ‚½
ή“,©“]Τ“,•‡,‚g‚`‚s_Λ,281107,•ΊΙ§,_Λs’†‰›‹ζ,e•lCέ’Κ‚Q’–Ϊ,2022[sanitize]03[sanitize]20,10,“ΉHγ,‚»‚Μ‘Ό,10Ξ‘γ,’†w¶,{ω‚Ή‚Έ
ή“,©“]Τ“,•‡,‚g‚`‚s_Λ,281107,•ΊΙ§,_Λs’†‰›‹ζ,e•lCέ’Κ‚Q’–Ϊ,2022[sanitize]05[sanitize]23,19,‚»‚Μ‘Ό,’“Τi—Φjκ,10Ξ‘γ,’†w¶,{ω‚µ‚½
ή“,©“]Τ“,•‡,‚g‚`‚s_Λ,281107,•ΊΙ§,_Λs’†‰›‹ζ,e•lCέ’Κ‚Q’–Ϊ,2022[sanitize]07[sanitize]17,18,‚»‚Μ‘Ό,’“Τi—Φjκ,20Ξ‘γ,‚»‚Μ‘Ό,{ω‚Ή‚Έ
ή“,©“]Τ“,•‡,‚g‚`‚s_Λ,281107,•ΊΙ§,_Λs’†‰›‹ζ,e•lCέ’Κ‚Q’–Ϊ,2022[sanitize]07[sanitize]22,06,“ΉHγ,‚»‚Μ‘Ό,30Ξ‘γ,‚»‚Μ‘Ό,{ω‚µ‚½
ή“,©“]Τ“,•‡,‚g‚`‚s_Λ,281107,•ΊΙ§,_Λs’†‰›‹ζ,e•lCέ’Κ‚Q’–Ϊ,2022[sanitize]09[sanitize]17,18,‚»‚Μ‘Ό,‚»‚Μ‘Ό,20Ξ‘γ,‚»‚Μ‘Ό,{ω‚Ή‚Έ
ή“,©“]Τ“,•‡,‚g‚`‚s_Λ,281107,•ΊΙ§,_Λs’†‰›‹ζ,e•lCέ’Κ‚Q’–Ϊ,2022[sanitize]09[sanitize]21,17,“ΉHγ,‚»‚Μ‘Ό,10Ξ–Ά–,¬w¶,{ω‚Ή‚Έ
ή“,©“]Τ“,•‡,‚g‚`‚s_Λ,281107,•ΊΙ§,_Λs’†‰›‹ζ,e•lCέ’Κ‚Q’–Ϊ,2022[sanitize]09[sanitize]28,18,“ΉHγ,‚»‚Μ‘Ό,40Ξ‘γ,‚»‚Μ‘Ό,{ω‚µ‚½
ή“,©“]Τ“,•‡,‚g‚`‚s_Λ,281107,•ΊΙ§,_Λs’†‰›‹ζ,e•lCέ’Κ‚Q’–Ϊ,2022[sanitize]10[sanitize]04,18,“ΉHγ,‚»‚Μ‘Ό,20Ξ‘γ,‚»‚Μ‘Ό,{ω‚Ή‚Έ
ή“,©“]Τ“,•‡,‚g‚`‚s_Λ,281107,•ΊΙ§,_Λs’†‰›‹ζ,e•lCέ’Κ‚Q’–Ϊ,2022[sanitize]10[sanitize]08,18,‚»‚Μ‘Ό,’“Τi—Φjκ,10Ξ‘γ,‚»‚Μ‘Ό,{ω‚Ή‚Έ
ή“,©“]Τ“,•‡,‚g‚`‚s_Λ,281107,•ΊΙ§,_Λs’†‰›‹ζ,e•lCέ’Κ‚Q’–Ϊ,2022[sanitize]10[sanitize]10,20,“ΉHγ,‚»‚Μ‘Ό,20Ξ‘γ,‘εw¶,{ω‚Ή‚Έ
ή“,©“]Τ“,•‡,‚g‚`‚s_Λ,281107,•ΊΙ§,_Λs’†‰›‹ζ,e•lCέ’Κ‚Q’–Ϊ,2022[sanitize]11[sanitize]22,07,“ΉHγ,‚»‚Μ‘Ό,10Ξ‘γ,‚Z¶,{ω‚µ‚½
ή“,©“]Τ“,•‡,‚g‚`‚s_Λ,281107,•ΊΙ§,_Λs’†‰›‹ζ,e•lCέ’Κ‚R’–Ϊ,2022[sanitize]02[sanitize]03,06,‚SK‚ΔΘγ‹¤“―Z‘ξ,’“Τi—Φjκ,30Ξ‘γ,‚»‚Μ‘Ό,{ω‚Ή‚Έ
ή“,©“]Τ“,•‡,‚g‚`‚s_Λ,281107,•ΊΙ§,_Λs’†‰›‹ζ,e•lCέ’Κ‚R’–Ϊ,2022[sanitize]05[sanitize]14,11,‚SK‚ΔΘγ‹¤“―Z‘ξ,’“Τi—Φjκ,70ΞΘγ,‚»‚Μ‘Ό,{ω‚µ‚½
ή“,©“]Τ“,•‡,‚g‚`‚s_Λ,281107,•ΊΙ§,_Λs’†‰›‹ζ,e•lCέ’Κ‚R’–Ϊ,2022[sanitize]08[sanitize]27,08,‚»‚Μ‘Ό,’“Τi—Φjκ,60[sanitize]64Ξ,‚»‚Μ‘Ό,{ω‚Ή‚Έ
ή“,©“]Τ“,•‡,‚g‚`‚s_Λ,281107,•ΊΙ§,_Λs’†‰›‹ζ,e•l’¬‚P’–Ϊ,2022[sanitize]07[sanitize]23,14,“ΉHγ,‚»‚Μ‘Ό,30Ξ‘γ,‚»‚Μ‘Ό,{ω‚Ή‚Έ
ή“,©“]Τ“,¶“c,ƒfƒ…ƒI‚±‚¤‚Χ,281107,•ΊΙ§,_Λs’†‰›‹ζ,‘¶’¬‚Q’–Ϊ,2022[sanitize]06[sanitize]11,23,“ΉHγ,‚»‚Μ‘Ό,20Ξ‘γ,‚»‚Μ‘Ό,{ω‚µ‚½
ή“,©“]Τ“,¶“c,ƒfƒ…ƒI‚±‚¤‚Χ,281107,•ΊΙ§,_Λs’†‰›‹ζ,‘¶’¬‚Q’–Ϊ,2022[sanitize]09[sanitize]24,10,’“Τi—Φjκ,’“Τi—Φjκ,30Ξ‘γ,‚»‚Μ‘Ό,{ω‚µ‚½
ή“,©“]Τ“,¶“c,ƒfƒ…ƒI‚±‚¤‚Χ,281107,•ΊΙ§,_Λs’†‰›‹ζ,‘¶’¬‚R’–Ϊ,2021[sanitize]12[sanitize]06,21,‚»‚Μ‘Ό,’“Τi—Φjκ,30Ξ‘γ,‚»‚Μ‘Ό,{ω‚Ή‚Έ
ή“,©“]Τ“,¶“c,ƒfƒ…ƒI‚±‚¤‚Χ,281107,•ΊΙ§,_Λs’†‰›‹ζ,‘¶’¬‚R’–Ϊ,2021[sanitize]12[sanitize]30,09,‚»‚Μ‘Ό,’“Τi—Φjκ,20Ξ‘γ,‚»‚Μ‘Ό,{ω‚Ή‚Έ
ή“,©“]Τ“,¶“c,ƒfƒ…ƒI‚±‚¤‚Χ,281107,•ΊΙ§,_Λs’†‰›‹ζ,‘¶’¬‚R’–Ϊ,2021[sanitize]12[sanitize]30,21,’“Τi—Φjκ,’“Τi—Φjκ,20Ξ‘γ,‚»‚Μ‘Ό,{ω‚µ‚½
ή“,©“]Τ“,¶“c,ƒfƒ…ƒI‚±‚¤‚Χ,281107,•ΊΙ§,_Λs’†‰›‹ζ,‘¶’¬‚R’–Ϊ,2022[sanitize]01[sanitize]24,19,“ΉHγ,‚»‚Μ‘Ό,30Ξ‘γ,‚»‚Μ‘Ό,{ω‚µ‚½
ή“,©“]Τ“,¶“c,ƒfƒ…ƒI‚±‚¤‚Χ,281107,•ΊΙ§,_Λs’†‰›‹ζ,‘¶’¬‚R’–Ϊ,2022[sanitize]03[sanitize]29,23,’“Τi—Φjκ,’“Τi—Φjκ,10Ξ‘γ,‚Z¶,{ω‚µ‚½
ή“,©“]Τ“,¶“c,ƒfƒ…ƒI‚±‚¤‚Χ,281107,•ΊΙ§,_Λs’†‰›‹ζ,‘¶’¬‚R’–Ϊ,2022[sanitize]05[sanitize]02,11,‚»‚Μ‘Ό,’“Τi—Φjκ,40Ξ‘γ,‚»‚Μ‘Ό,{ω‚µ‚½
ή“,©“]Τ“,¶“c,ƒfƒ…ƒI‚±‚¤‚Χ,281107,•ΊΙ§,_Λs’†‰›‹ζ,‘¶’¬‚R’–Ϊ,2022[sanitize]05[sanitize]26,08,’“Τi—Φjκ,’“Τi—Φjκ,20Ξ‘γ,‚»‚Μ‘Ό,{ω‚µ‚½
ή“,©“]Τ“,¶“c,ƒfƒ…ƒI‚±‚¤‚Χ,281107,•ΊΙ§,_Λs’†‰›‹ζ,‘¶’¬‚R’–Ϊ,2022[sanitize]07[sanitize]26,15,’“Τi—Φjκ,’“Τi—Φjκ,30Ξ‘γ,‚»‚Μ‘Ό,{ω‚Ή‚Έ
ή“,©“]Τ“,¶“c,ƒfƒ…ƒI‚±‚¤‚Χ,281107,•ΊΙ§,_Λs’†‰›‹ζ,‘¶’¬‚R’–Ϊ,2022[sanitize]07[sanitize]26,23,’“Τi—Φjκ,’“Τi—Φjκ,20Ξ‘γ,‚»‚Μ‘Ό,{ω‚Ή‚Έ
ή“,©“]Τ“,¶“c,ƒfƒ…ƒI‚±‚¤‚Χ,281107,•ΊΙ§,_Λs’†‰›‹ζ,‘¶’¬‚R’–Ϊ,2022[sanitize]08[sanitize]09,07,’“Τi—Φjκ,’“Τi—Φjκ,30Ξ‘γ,‚»‚Μ‘Ό,{ω‚Ή‚Έ
ή“,©“]Τ“,¶“c,ƒfƒ…ƒI‚±‚¤‚Χ,281107,•ΊΙ§,_Λs’†‰›‹ζ,‘¶’¬‚R’–Ϊ,2022[sanitize]08[sanitize]15,17,’“Τi—Φjκ,’“Τi—Φjκ,10Ξ‘γ,‘εw¶,{ω‚Ή‚Έ
ή“,©“]Τ“,¶“c,ƒfƒ…ƒI‚±‚¤‚Χ,281107,•ΊΙ§,_Λs’†‰›‹ζ,‘¶’¬‚R’–Ϊ,2022[sanitize]10[sanitize]22,20,‚»‚Μ‘Ό,’“Τi—Φjκ,20Ξ‘γ,‚»‚Μ‘Ό,{ω‚Ή‚Έ
ή“,©“]Τ“,¶“c,ƒfƒ…ƒI‚±‚¤‚Χ,281107,•ΊΙ§,_Λs’†‰›‹ζ,‘¶’¬‚R’–Ϊ,2022[sanitize]11[sanitize]25,16,“ΉHγ,‚»‚Μ‘Ό,10Ξ‘γ,’†w¶,{ω‚Ή‚Έ
ή“,©“]Τ“,¶“c,ƒfƒ…ƒI‚±‚¤‚Χ,281107,•ΊΙ§,_Λs’†‰›‹ζ,‘¶’¬‚R’–Ϊ,2022[sanitize]12[sanitize]07,11,’“Τi—Φjκ,’“Τi—Φjκ,70ΞΘγ,‚»‚Μ‘Ό,{ω‚µ‚½
ή“,©“]Τ“,¶“c,ƒfƒ…ƒI‚±‚¤‚Χ,281107,•ΊΙ§,_Λs’†‰›‹ζ,‘¶’¬‚R’–Ϊ,2022[sanitize]12[sanitize]18,12,’“Τi—Φjκ,’“Τi—Φjκ,70ΞΘγ,‚»‚Μ‘Ό,{ω‚µ‚½
ή“,©“]Τ“,¶“c,ƒfƒ…ƒI‚±‚¤‚Χ,281107,•ΊΙ§,_Λs’†‰›‹ζ,‘¶’¬‚S’–Ϊ,2021[sanitize]12[sanitize]25,21,“ΉHγ,‚»‚Μ‘Ό,10Ξ‘γ,‚»‚Μ‘Ό,{ω‚µ‚½
ή“,©“]Τ“,¶“c,ƒfƒ…ƒI‚±‚¤‚Χ,281107,•ΊΙ§,_Λs’†‰›‹ζ,‘¶’¬‚S’–Ϊ,2022[sanitize]01[sanitize]22,08,“ΉHγ,‚»‚Μ‘Ό,30Ξ‘γ,‚»‚Μ‘Ό,{ω‚µ‚½
ή“,©“]Τ“,¶“c,ƒfƒ…ƒI‚±‚¤‚Χ,281107,•ΊΙ§,_Λs’†‰›‹ζ,‘¶’¬‚S’–Ϊ,2022[sanitize]06[sanitize]24,12,’“Τi—Φjκ,’“Τi—Φjκ,30Ξ‘γ,‚»‚Μ‘Ό,{ω‚µ‚½
ή“,©“]Τ“,¶“c,ƒfƒ…ƒI‚±‚¤‚Χ,281107,•ΊΙ§,_Λs’†‰›‹ζ,‘¶’¬‚S’–Ϊ,2022[sanitize]06[sanitize]24,17,“ΉHγ,‚»‚Μ‘Ό,50Ξ‘γ,‚»‚Μ‘Ό,{ω‚Ή‚Έ
ή“,©“]Τ“,¶“c,ƒfƒ…ƒI‚±‚¤‚Χ,281107,•ΊΙ§,_Λs’†‰›‹ζ,‘¶’¬‚S’–Ϊ,2022[sanitize]08[sanitize]31,14,‚SK‚ΔΘγ‹¤“―Z‘ξ,’“Τi—Φjκ,60[sanitize]64Ξ,‚»‚Μ‘Ό,{ω‚µ‚½
ή“,©“]Τ“,¶“c,ƒfƒ…ƒI‚±‚¤‚Χ,281107,•ΊΙ§,_Λs’†‰›‹ζ,‘¶’¬‚S’–Ϊ,2022[sanitize]09[sanitize]16,19,’“Τi—Φjκ,’“Τi—Φjκ,65[sanitize]69Ξ,‚»‚Μ‘Ό,{ω‚µ‚½
ή“,©“]Τ“,¶“c,ƒfƒ…ƒI‚±‚¤‚Χ,281107,•ΊΙ§,_Λs’†‰›‹ζ,‘¶’¬‚S’–Ϊ,2022[sanitize]12[sanitize]03,15,“ΉHγ,‚»‚Μ‘Ό,40Ξ‘γ,‚»‚Μ‘Ό,{ω‚µ‚½
ή“,©“]Τ“,¶“c,ƒfƒ…ƒI‚±‚¤‚Χ,281107,•ΊΙ§,_Λs’†‰›‹ζ,‰h’¬’Κ‚V’–Ϊ,2019[sanitize]07[sanitize]15,00,‚SK‚ΔΘγ‹¤“―Z‘ξ,’“Τi—Φjκ,30Ξ‘γ,‚»‚Μ‘Ό,{ω‚Ή‚Έ
ή“,©“]Τ“,¶“c,ƒfƒ…ƒI‚±‚¤‚Χ,281107,•ΊΙ§,_Λs’†‰›‹ζ,‰h’¬’Κ‚V’–Ϊ,2022[sanitize]07[sanitize]26,18,“ΉHγ,‚»‚Μ‘Ό,70ΞΘγ,‚»‚Μ‘Ό,{ω‚µ‚½
ή“,©“]Τ“,¶“c,ƒfƒ…ƒI‚±‚¤‚Χ,281107,•ΊΙ§,_Λs’†‰›‹ζ,‘½•·’Κ‚R’–Ϊ,2022[sanitize]06[sanitize]14,10,’“Τi—Φjκ,’“Τi—Φjκ,20Ξ‘γ,‘εw¶,{ω‚µ‚½
ή“,©“]Τ“,¶“c,ƒfƒ…ƒI‚±‚¤‚Χ,281107,•ΊΙ§,_Λs’†‰›‹ζ,‘½•·’Κ‚R’–Ϊ,2022[sanitize]07[sanitize]13,13,“ΉHγ,‚»‚Μ‘Ό,20Ξ‘γ,‚»‚Μ‘Ό,{ω‚Ή‚Έ
ή“,©“]Τ“,¶“c,ƒfƒ…ƒI‚±‚¤‚Χ,281107,•ΊΙ§,_Λs’†‰›‹ζ,‘½•·’Κ‚R’–Ϊ,2022[sanitize]08[sanitize]15,01,“ΉHγ,‚»‚Μ‘Ό,20Ξ‘γ,‚»‚Μ‘Ό,{ω‚Ή‚Έ
ή“,©“]Τ“,¶“c,ƒfƒ…ƒI‚±‚¤‚Χ,281107,•ΊΙ§,_Λs’†‰›‹ζ,‘½•·’Κ‚R’–Ϊ,2022[sanitize]10[sanitize]08,18,“ΉHγ,‚»‚Μ‘Ό,20Ξ‘γ,‚»‚Μ‘Ό,{ω‚Ή‚Έ
ή“,©“]Τ“,¶“c,ƒfƒ…ƒI‚±‚¤‚Χ,281107,•ΊΙ§,_Λs’†‰›‹ζ,’†’¬’Κ‚Q’–Ϊ,2022[sanitize]05[sanitize]28,11,“ΉHγ,‚»‚Μ‘Ό,10Ξ‘γ,’†w¶,{ω‚Ή‚Έ
ή“,©“]Τ“,¶“c,ƒfƒ…ƒI‚±‚¤‚Χ,281107,•ΊΙ§,_Λs’†‰›‹ζ,’†’¬’Κ‚Q’–Ϊ,2022[sanitize]06[sanitize]08,20,“ΉHγ,‚»‚Μ‘Ό,65[sanitize]69Ξ,‚»‚Μ‘Ό,{ω‚Ή‚Έ
ή“,©“]Τ“,¶“c,ƒfƒ…ƒI‚±‚¤‚Χ,281107,•ΊΙ§,_Λs’†‰›‹ζ,’†’¬’Κ‚Q’–Ϊ,2022[sanitize]07[sanitize]26,10,‚»‚Μ‘Ό,’“Τi—Φjκ,40Ξ‘γ,‚»‚Μ‘Ό,{ω‚µ‚½
ή“,©“]Τ“,¶“c,ƒfƒ…ƒI‚±‚¤‚Χ,281107,•ΊΙ§,_Λs’†‰›‹ζ,’†’¬’Κ‚Q’–Ϊ,2022[sanitize]10[sanitize]12,21,“ΉHγ,‚»‚Μ‘Ό,20Ξ‘γ,‘εw¶,{ω‚µ‚½
ή“,©“]Τ“,¶“c,ƒfƒ…ƒI‚±‚¤‚Χ,281107,•ΊΙ§,_Λs’†‰›‹ζ,’†’¬’Κ‚R’–Ϊ,2022[sanitize]03[sanitize]11,10,“ΉHγ,‚»‚Μ‘Ό,70ΞΘγ,‚»‚Μ‘Ό,{ω‚Ή‚Έ
ή“,©“]Τ“,¶“c,ƒfƒ…ƒI‚±‚¤‚Χ,281107,•ΊΙ§,_Λs’†‰›‹ζ,’†’¬’Κ‚R’–Ϊ,2022[sanitize]07[sanitize]04,18,“ΉHγ,‚»‚Μ‘Ό,20Ξ‘γ,‚»‚Μ‘Ό,{ω‚µ‚½
ή“,©“]Τ“,¶“c,ƒfƒ…ƒI‚±‚¤‚Χ,281107,•ΊΙ§,_Λs’†‰›‹ζ,’†’¬’Κ‚R’–Ϊ,2022[sanitize]07[sanitize]06,10,‚»‚Μ‘Ό,’“Τi—Φjκ,65[sanitize]69Ξ,‚»‚Μ‘Ό,{ω‚µ‚½
ή“,©“]Τ“,¶“c,ƒfƒ…ƒI‚±‚¤‚Χ,281107,•ΊΙ§,_Λs’†‰›‹ζ,’†’¬’Κ‚R’–Ϊ,2022[sanitize]09[sanitize]26,18,“ΉHγ,‚»‚Μ‘Ό,40Ξ‘γ,‚»‚Μ‘Ό,{ω‚Ή‚Έ
ή“,©“]Τ“,¶“c,ƒfƒ…ƒI‚±‚¤‚Χ,281107,•ΊΙ§,_Λs’†‰›‹ζ,’†’¬’Κ‚R’–Ϊ,2022[sanitize]10[sanitize]01,20,’“Τi—Φjκ,’“Τi—Φjκ,50Ξ‘γ,‚»‚Μ‘Ό,{ω‚Ή‚Έ
ή“,©“]Τ“,¶“c,ƒfƒ…ƒI‚±‚¤‚Χ,281107,•ΊΙ§,_Λs’†‰›‹ζ,’†’¬’Κ‚R’–Ϊ,2022[sanitize]12[sanitize]07,20,‚»‚Μ‘Ό,’“Τi—Φjκ,20Ξ‘γ,‚»‚Μ‘Ό,{ω‚Ή‚Έ
ή“,©“]Τ“,¶“c,ƒfƒ…ƒI‚±‚¤‚Χ,281107,•ΊΙ§,_Λs’†‰›‹ζ,’†’¬’Κ‚S’–Ϊ,2022[sanitize]08[sanitize]26,20,’“Τi—Φjκ,’“Τi—Φjκ,20Ξ‘γ,‘εw¶,{ω‚µ‚½
ή“,©“]Τ“,¶“c,ƒfƒ…ƒI‚±‚¤‚Χ,281107,•ΊΙ§,_Λs’†‰›‹ζ,“μθ’¬‚P’–Ϊ,2021[sanitize]12[sanitize]31,14,‚»‚Μ‘Ό,’“Τi—Φjκ,20Ξ‘γ,‚»‚Μ‘Ό,{ω‚µ‚½
ή“,©“]Τ“,¶“c,ƒfƒ…ƒI‚±‚¤‚Χ,281107,•ΊΙ§,_Λs’†‰›‹ζ,“μθ’¬‚P’–Ϊ,2022[sanitize]01[sanitize]31,06,“ΉHγ,‚»‚Μ‘Ό,20Ξ‘γ,‚»‚Μ‘Ό,{ω‚Ή‚Έ
ή“,©“]Τ“,¶“c,ƒfƒ…ƒI‚±‚¤‚Χ,281107,•ΊΙ§,_Λs’†‰›‹ζ,“μθ’¬‚P’–Ϊ,2022[sanitize]12[sanitize]12,18,‚»‚Μ‘Ό,’“Τi—Φjκ,30Ξ‘γ,‚»‚Μ‘Ό,{ω‚µ‚½
ή“,©“]Τ“,¶“c,ƒn[ƒo[ƒ‰ƒ“ƒh,281107,•ΊΙ§,_Λs’†‰›‹ζ,‘¶’¬‚T’–Ϊ,2022[sanitize]04[sanitize]27,18,‚SK‚ΔΘγ‹¤“―Z‘ξ,’“Τi—Φjκ,10Ξ‘γ,¬w¶,{ω‚Ή‚Έ
ή“,©“]Τ“,¶“c,ƒn[ƒo[ƒ‰ƒ“ƒh,281107,•ΊΙ§,_Λs’†‰›‹ζ,‘¶’¬‚T’–Ϊ,2022[sanitize]05[sanitize]17,13,“ΉHγ,‚»‚Μ‘Ό,30Ξ‘γ,‚»‚Μ‘Ό,{ω‚Ή‚Έ
ή“,©“]Τ“,¶“c,ƒn[ƒo[ƒ‰ƒ“ƒh,281107,•ΊΙ§,_Λs’†‰›‹ζ,‘¶’¬‚T’–Ϊ,2022[sanitize]09[sanitize]08,15,“ΉHγ,‚»‚Μ‘Ό,10Ξ‘γ,‚Z¶,{ω‚Ή‚Έ
ή“,©“]Τ“,¶“c,ƒn[ƒo[ƒ‰ƒ“ƒh,281107,•ΊΙ§,_Λs’†‰›‹ζ,‘¶’¬‚T’–Ϊ,2022[sanitize]11[sanitize]16,21,’“Τi—Φjκ,’“Τi—Φjκ,20Ξ‘γ,‚»‚Μ‘Ό,{ω‚µ‚½
ή“,©“]Τ“,¶“c,ƒn[ƒo[ƒ‰ƒ“ƒh,281107,•ΊΙ§,_Λs’†‰›‹ζ,“μθ’¬‚P’–Ϊ,2022[sanitize]04[sanitize]17,11,‚»‚Μ‘Ό,’“Τi—Φjκ,20Ξ‘γ,‘εw¶,{ω‚µ‚½
ή“,©“]Τ“,¶“c,ƒn[ƒo[ƒ‰ƒ“ƒh,281107,•ΊΙ§,_Λs’†‰›‹ζ,“μθ’¬‚P’–Ϊ,2022[sanitize]04[sanitize]28,10,‚»‚Μ‘Ό,’“Τi—Φjκ,20Ξ‘γ,‚»‚Μ‘Ό,{ω‚µ‚½
ή“,©“]Τ“,¶“c,ƒn[ƒo[ƒ‰ƒ“ƒh,281107,•ΊΙ§,_Λs’†‰›‹ζ,“μθ’¬‚P’–Ϊ,2022[sanitize]07[sanitize]18,18,’“Τi—Φjκ,’“Τi—Φjκ,10Ξ‘γ,‚Z¶,{ω‚µ‚½
ή“,©“]Τ“,¶“c,ƒn[ƒo[ƒ‰ƒ“ƒh,281107,•ΊΙ§,_Λs’†‰›‹ζ,“μθ’¬‚P’–Ϊ,2022[sanitize]08[sanitize]11,09,‚»‚Μ‘Ό,’“Τi—Φjκ,40Ξ‘γ,‚»‚Μ‘Ό,{ω‚µ‚½
ή“,©“]Τ“,¶“c,ƒn[ƒo[ƒ‰ƒ“ƒh,281107,•ΊΙ§,_Λs’†‰›‹ζ,“μθ’¬‚P’–Ϊ,2022[sanitize]08[sanitize]24,09,’“Τi—Φjκ,’“Τi—Φjκ,30Ξ‘γ,‚»‚Μ‘Ό,{ω‚Ή‚Έ
ή“,©“]Τ“,¶“c,ƒn[ƒo[ƒ‰ƒ“ƒh,281107,•ΊΙ§,_Λs’†‰›‹ζ,“μθ’¬‚P’–Ϊ,2022[sanitize]08[sanitize]26,17,“ΉHγ,‚»‚Μ‘Ό,20Ξ‘γ,‚»‚Μ‘Ό,{ω‚Ή‚Έ
ή“,©“]Τ“,¶“c,ƒn[ƒo[ƒ‰ƒ“ƒh,281107,•ΊΙ§,_Λs’†‰›‹ζ,“μθ’¬‚P’–Ϊ,2022[sanitize]09[sanitize]02,18,‚»‚Μ‘Ό,’“Τi—Φjκ,50Ξ‘γ,‚»‚Μ‘Ό,{ω‚Ή‚Έ
ή“,©“]Τ“,¶“c,ƒn[ƒo[ƒ‰ƒ“ƒh,281107,•ΊΙ§,_Λs’†‰›‹ζ,“μθ’¬‚P’–Ϊ,2022[sanitize]09[sanitize]13,13,“ΉHγ,‚»‚Μ‘Ό,40Ξ‘γ,‚»‚Μ‘Ό,{ω‚µ‚½
ή“,©“]Τ“,¶“c,ƒn[ƒo[ƒ‰ƒ“ƒh,281107,•ΊΙ§,_Λs’†‰›‹ζ,“μθ’¬‚P’–Ϊ,2022[sanitize]10[sanitize]21,18,‚»‚Μ‘Ό,’“Τi—Φjκ,10Ξ‘γ,’†w¶,{ω‚Ή‚Έ
ή“,©“]Τ“,¶“c,ƒn[ƒo[ƒ‰ƒ“ƒh,281107,•ΊΙ§,_Λs’†‰›‹ζ,“μθ’¬‚P’–Ϊ,2022[sanitize]10[sanitize]30,17,“ΉHγ,‚»‚Μ‘Ό,10Ξ‘γ,’†w¶,{ω‚Ή‚Έ
ή“,©“]Τ“,¶“c,ƒn[ƒo[ƒ‰ƒ“ƒh,281107,•ΊΙ§,_Λs’†‰›‹ζ,“μθ’¬‚P’–Ϊ,2022[sanitize]11[sanitize]12,13,‚»‚Μ‘Ό,’“Τi—Φjκ,10Ξ‘γ,’†w¶,{ω‚Ή‚Έ
ή“,©“]Τ“,¶“c,ƒn[ƒo[ƒ‰ƒ“ƒh,281107,•ΊΙ§,_Λs’†‰›‹ζ,“μθ’¬‚P’–Ϊ,2022[sanitize]11[sanitize]12,13,“ΉHγ,‚»‚Μ‘Ό,10Ξ‘γ,’†w¶,{ω‚Ή‚Έ
ή“,©“]Τ“,¶“c,ƒn[ƒo[ƒ‰ƒ“ƒh,281107,•ΊΙ§,_Λs’†‰›‹ζ,“μθ’¬‚P’–Ϊ,•s–Ύ,•s–Ύ,’“Τi—Φjκ,’“Τi—Φjκ,10Ξ‘γ,’†w¶,{ω‚µ‚½
ή“,©“]Τ“,¶“c,ƒn[ƒo[ƒ‰ƒ“ƒh,281107,•ΊΙ§,_Λs’†‰›‹ζ,“μθ’¬‚T’–Ϊ,2022[sanitize]10[sanitize]14,16,‚SK‚ΔΘγ‹¤“―Z‘ξ,’“Τi—Φjκ,10Ξ‘γ,‚Z¶,{ω‚Ή‚Έ
ή“,©“]Τ“,¶“c,ƒn[ƒo[ƒ‰ƒ“ƒh,281107,•ΊΙ§,_Λs’†‰›‹ζ,“μθ’¬‚U’–Ϊ,2022[sanitize]01[sanitize]12,09,‚SK‚ΔΘγ‹¤“―Z‘ξ,’“Τi—Φjκ,40Ξ‘γ,‚»‚Μ‘Ό,{ω‚µ‚½
ή“,©“]Τ“,¶“c,κ‹{,281107,•ΊΙ§,_Λs’†‰›‹ζ,‰Α”[’¬‚Q’–Ϊ,2022[sanitize]08[sanitize]22,19,‚SK‚ΔΘγ‹¤“―Z‘ξ,’“Τi—Φjκ,20Ξ‘γ,‚»‚Μ‘Ό,{ω‚Ή‚Έ
ή“,©“]Τ“,¶“c,κ‹{,281107,•ΊΙ§,_Λs’†‰›‹ζ,‰Α”[’¬‚Q’–Ϊ,2022[sanitize]08[sanitize]23,22,‚SK‚ΔΘγ‹¤“―Z‘ξ,’“Τi—Φjκ,20Ξ‘γ,‚»‚Μ‘Ό,{ω‚Ή‚Έ
ή“,©“]Τ“,¶“c,κ‹{,281107,•ΊΙ§,_Λs’†‰›‹ζ,‰Α”[’¬‚Q’–Ϊ,2022[sanitize]08[sanitize]27,16,‚»‚Μ‘Ό,‚»‚Μ‘Ό,20Ξ‘γ,‚»‚Μ‘Ό,{ω‚Ή‚Έ
ή“,©“]Τ“,¶“c,κ‹{,281107,•ΊΙ§,_Λs’†‰›‹ζ,–k–μ’¬‚Q’–Ϊ,2022[sanitize]10[sanitize]14,15,’“Τi—Φjκ,’“Τi—Φjκ,20Ξ‘γ,‘εw¶,{ω‚µ‚½
ή“,©“]Τ“,¶“c,κ‹{,281107,•ΊΙ§,_Λs’†‰›‹ζ,R–{’Κ‚P’–Ϊ,2022[sanitize]06[sanitize]03,17,κΛZ‘ξ,‚»‚Μ‘Ό,10Ξ‘γ,¬w¶,{ω‚Ή‚Έ
ή“,©“]Τ“,¶“c,‰ΊRθ,281107,•ΊΙ§,_Λs’†‰›‹ζ,–k’·‹·’Κ‚T’–Ϊ,2022[sanitize]05[sanitize]26,20,“ΉHγ,‚»‚Μ‘Ό,20Ξ‘γ,‘εw¶,{ω‚Ή‚Έ
ή“,©“]Τ“,¶“c,‰ΊRθ,281107,•ΊΙ§,_Λs’†‰›‹ζ,–k’·‹·’Κ‚U’–Ϊ,2022[sanitize]01[sanitize]13,22,’“Τi—Φjκ,’“Τi—Φjκ,20Ξ‘γ,‚»‚Μ‘Ό,{ω‚Ή‚Έ
ή“,©“]Τ“,¶“c,‰ΊRθ,281107,•ΊΙ§,_Λs’†‰›‹ζ,–k’·‹·’Κ‚U’–Ϊ,2022[sanitize]01[sanitize]26,08,“ΉHγ,‚»‚Μ‘Ό,20Ξ‘γ,‘εw¶,{ω‚Ή‚Έ
ή“,©“]Τ“,¶“c,‰ΊRθ,281107,•ΊΙ§,_Λs’†‰›‹ζ,–k’·‹·’Κ‚U’–Ϊ,2022[sanitize]04[sanitize]07,08,“ΉHγ,‚»‚Μ‘Ό,20Ξ‘γ,‘εw¶,{ω‚µ‚½
ή“,©“]Τ“,¶“c,‰ΊRθ,281107,•ΊΙ§,_Λs’†‰›‹ζ,–k’·‹·’Κ‚U’–Ϊ,2022[sanitize]04[sanitize]29,21,‚SK‚ΔΘγ‹¤“―Z‘ξ,’“Τi—Φjκ,20Ξ‘γ,‚»‚Μ‘Ό,{ω‚Ή‚Έ
ή“,©“]Τ“,¶“c,‰ΊRθ,281107,•ΊΙ§,_Λs’†‰›‹ζ,–k’·‹·’Κ‚U’–Ϊ,2022[sanitize]06[sanitize]16,08,’“Τi—Φjκ,’“Τi—Φjκ,20Ξ‘γ,‘εw¶,{ω‚µ‚½
ή“,©“]Τ“,¶“c,‰ΊRθ,281107,•ΊΙ§,_Λs’†‰›‹ζ,–k’·‹·’Κ‚U’–Ϊ,2022[sanitize]07[sanitize]02,10,“ΉHγ,‚»‚Μ‘Ό,30Ξ‘γ,‚»‚Μ‘Ό,{ω‚µ‚½
ή“,©“]Τ“,¶“c,‰ΊRθ,281107,•ΊΙ§,_Λs’†‰›‹ζ,–k’·‹·’Κ‚U’–Ϊ,2022[sanitize]08[sanitize]12,12,’“Τi—Φjκ,’“Τi—Φjκ,30Ξ‘γ,‚»‚Μ‘Ό,{ω‚Ή‚Έ
ή“,©“]Τ“,¶“c,‰ΊRθ,281107,•ΊΙ§,_Λs’†‰›‹ζ,–k’·‹·’Κ‚U’–Ϊ,2022[sanitize]10[sanitize]03,10,’“Τi—Φjκ,’“Τi—Φjκ,20Ξ‘γ,‚»‚Μ‘Ό,{ω‚Ή‚Έ
ή“,©“]Τ“,¶“c,‰ΊRθ,281107,•ΊΙ§,_Λs’†‰›‹ζ,–k’·‹·’Κ‚U’–Ϊ,2022[sanitize]11[sanitize]04,17,‚»‚Μ‘Ό,’“Τi—Φjκ,20Ξ‘γ,‘εw¶,{ω‚µ‚½
ή“,©“]Τ“,¶“c,‰ΊRθ,281107,•ΊΙ§,_Λs’†‰›‹ζ,–k–{’¬’Κ‚U’–Ϊ,2022[sanitize]07[sanitize]02,10,“ΉHγ,‚»‚Μ‘Ό,20Ξ‘γ,‚»‚Μ‘Ό,{ω‚µ‚½
ή“,©“]Τ“,¶“c,‰ΊRθ,281107,•ΊΙ§,_Λs’†‰›‹ζ,‰ΊRθ’Κ‚T’–Ϊ,2022[sanitize]04[sanitize]22,07,“ΉHγ,‚»‚Μ‘Ό,40Ξ‘γ,‚»‚Μ‘Ό,{ω‚µ‚½
ή“,©“]Τ“,¶“c,‰ΊRθ,281107,•ΊΙ§,_Λs’†‰›‹ζ,‰ΊRθ’Κ‚T’–Ϊ,2022[sanitize]07[sanitize]23,06,‚»‚Μ‘Ό,’“Τi—Φjκ,10Ξ‘γ,¬w¶,{ω‚Ή‚Έ
ή“,©“]Τ“,¶“c,‰ΊRθ,281107,•ΊΙ§,_Λs’†‰›‹ζ,‰ΊRθ’Κ‚T’–Ϊ,2022[sanitize]09[sanitize]14,18,’“Τi—Φjκ,’“Τi—Φjκ,10Ξ‘γ,‘εw¶,{ω‚µ‚½
ή“,©“]Τ“,¶“c,‰ΊRθ,281107,•ΊΙ§,_Λs’†‰›‹ζ,‰ΊRθ’Κ‚U’–Ϊ,2022[sanitize]03[sanitize]28,21,‚»‚Μ‘Ό‚ΜZ‘ξi‚RK‚ΔΘ‰Ί‹¤“―Z‘ξ“™j,’“Τi—Φjκ,20Ξ‘γ,‚»‚Μ‘Ό,{ω‚µ‚½
ή“,©“]Τ“,¶“c,‰ΊRθ,281107,•ΊΙ§,_Λs’†‰›‹ζ,‰ΊRθ’Κ‚V’–Ϊ,2021[sanitize]12[sanitize]31,09,“ΉHγ,‚»‚Μ‘Ό,10Ξ‘γ,¬w¶,{ω‚Ή‚Έ
ή“,©“]Τ“,¶“c,‰ΊRθ,281107,•ΊΙ§,_Λs’†‰›‹ζ,‰ΊRθ’Κ‚V’–Ϊ,2022[sanitize]06[sanitize]25,05,’“Τi—Φjκ,’“Τi—Φjκ,50Ξ‘γ,‚»‚Μ‘Ό,{ω‚Ή‚Έ
ή“,©“]Τ“,¶“c,‰ΊRθ,281107,•ΊΙ§,_Λs’†‰›‹ζ,‰ΊRθ’Κ‚V’–Ϊ,2022[sanitize]08[sanitize]02,13,‚SK‚ΔΘγ‹¤“―Z‘ξ,’“Τi—Φjκ,50Ξ‘γ,‚»‚Μ‘Ό,{ω‚µ‚½
ή“,©“]Τ“,¶“c,‰ΊRθ,281107,•ΊΙ§,_Λs’†‰›‹ζ,‰ΊRθ’Κ‚V’–Ϊ,2022[sanitize]11[sanitize]07,21,‚SK‚ΔΘγ‹¤“―Z‘ξ,’“Τi—Φjκ,20Ξ‘γ,‚»‚Μ‘Ό,{ω‚µ‚½
ή“,©“]Τ“,¶“c,‰ΊRθ,281107,•ΊΙ§,_Λs’†‰›‹ζ,‰ΊRθ’Κ‚V’–Ϊ,2022[sanitize]12[sanitize]16,22,‚SK‚ΔΘγ‹¤“―Z‘ξ,’“Τi—Φjκ,40Ξ‘γ,‚»‚Μ‘Ό,{ω‚Ή‚Έ
ή“,©“]Τ“,¶“c,‰ΊRθ,281107,•ΊΙ§,_Λs’†‰›‹ζ,‰ΊRθ’Κ‚W’–Ϊ,2022[sanitize]08[sanitize]25,19,“ΉHγ,‚»‚Μ‘Ό,20Ξ‘γ,‚»‚Μ‘Ό,{ω‚µ‚½
ή“,©“]Τ“,¶“c,‰ΊRθ,281107,•ΊΙ§,_Λs’†‰›‹ζ,‰ΊRθ’Κ‚X’–Ϊ,2021[sanitize]12[sanitize]01,06,‚»‚Μ‘Ό‚ΜZ‘ξi‚RK‚ΔΘ‰Ί‹¤“―Z‘ξ“™j,’“Τi—Φjκ,40Ξ‘γ,‚»‚Μ‘Ό,{ω‚µ‚½
ή“,©“]Τ“,¶“c,‰ΊRθ,281107,•ΊΙ§,_Λs’†‰›‹ζ,‰ΊRθ’Κ‚X’–Ϊ,2022[sanitize]09[sanitize]21,19,‚»‚Μ‘Ό,’“Τi—Φjκ,20Ξ‘γ,‚»‚Μ‘Ό,{ω‚Ή‚Έ
ή“,©“]Τ“,¶“c,‰ΊRθ,281107,•ΊΙ§,_Λs’†‰›‹ζ,’†Rθ’Κ‚U’–Ϊ,2022[sanitize]05[sanitize]08,00,“ΉHγ,‚»‚Μ‘Ό,30Ξ‘γ,‚»‚Μ‘Ό,{ω‚Ή‚Έ
ή“,©“]Τ“,¶“c,‰ΊRθ,281107,•ΊΙ§,_Λs’†‰›‹ζ,’†Rθ’Κ‚U’–Ϊ,2022[sanitize]08[sanitize]07,15,‚»‚Μ‘Ό‚ΜZ‘ξi‚RK‚ΔΘ‰Ί‹¤“―Z‘ξ“™j,’“Τi—Φjκ,40Ξ‘γ,‚»‚Μ‘Ό,{ω‚µ‚½
ή“,©“]Τ“,¶“c,‰ΊRθ,281107,•ΊΙ§,_Λs’†‰›‹ζ,’†Rθ’Κ‚V’–Ϊ,2022[sanitize]02[sanitize]02,21,‚SK‚ΔΘγ‹¤“―Z‘ξ,’“Τi—Φjκ,40Ξ‘γ,‚»‚Μ‘Ό,{ω‚µ‚½
ή“,©“]Τ“,¶“c,‰ΊRθ,281107,•ΊΙ§,_Λs’†‰›‹ζ,’†Rθ’Κ‚V’–Ϊ,2022[sanitize]04[sanitize]24,17,“ΉHγ,‚»‚Μ‘Ό,70ΞΘγ,‚»‚Μ‘Ό,{ω‚µ‚½
ή“,©“]Τ“,¶“c,‰ΊRθ,281107,•ΊΙ§,_Λs’†‰›‹ζ,’†Rθ’Κ‚V’–Ϊ,2022[sanitize]06[sanitize]08,01,‚»‚Μ‘Ό‚ΜZ‘ξi‚RK‚ΔΘ‰Ί‹¤“―Z‘ξ“™j,’“Τi—Φjκ,20Ξ‘γ,‚»‚Μ‘Ό,{ω‚Ή‚Έ
ή“,©“]Τ“,¶“c,‰ΊRθ,281107,•ΊΙ§,_Λs’†‰›‹ζ,’†Rθ’Κ‚V’–Ϊ,2022[sanitize]06[sanitize]24,02,“ΉHγ,‚»‚Μ‘Ό,20Ξ‘γ,‚»‚Μ‘Ό,{ω‚Ή‚Έ
ή“,©“]Τ“,¶“c,‰ΊRθ,281107,•ΊΙ§,_Λs’†‰›‹ζ,’†Rθ’Κ‚V’–Ϊ,2022[sanitize]07[sanitize]19,20,“ΉHγ,‚»‚Μ‘Ό,20Ξ‘γ,‚»‚Μ‘Ό,{ω‚µ‚½
ή“,©“]Τ“,¶“c,‰ΊRθ,281107,•ΊΙ§,_Λs’†‰›‹ζ,’†Rθ’Κ‚V’–Ϊ,2022[sanitize]09[sanitize]21,09,‚»‚Μ‘Ό,‚»‚Μ‘Ό,10Ξ‘γ,‘εw¶,{ω‚Ή‚Έ
ή“,©“]Τ“,¶“c,‰ΊRθ,281107,•ΊΙ§,_Λs’†‰›‹ζ,‰ΤG’¬,2022[sanitize]05[sanitize]08,00,“ΉHγ,‚»‚Μ‘Ό,20Ξ‘γ,‚»‚Μ‘Ό,{ω‚Ή‚Έ
ή“,©“]Τ“,¶“c,‰ΊRθ,281107,•ΊΙ§,_Λs’†‰›‹ζ,‰ΤG’¬,2022[sanitize]05[sanitize]18,16,“ΉHγ,‚»‚Μ‘Ό,20Ξ‘γ,‚»‚Μ‘Ό,{ω‚µ‚½
ή“,©“]Τ“,¶“c,‰ΊRθ,281107,•ΊΙ§,_Λs’†‰›‹ζ,‰ΤG’¬,2022[sanitize]05[sanitize]29,13,‚SK‚ΔΘγ‹¤“―Z‘ξ,’“Τi—Φjκ,10Ξ‘γ,‚»‚Μ‘Ό,{ω‚Ή‚Έ
ή“,©“]Τ“,¶“c,‰ΊRθ,281107,•ΊΙ§,_Λs’†‰›‹ζ,‰ΤG’¬,2022[sanitize]05[sanitize]31,21,‚SK‚ΔΘγ‹¤“―Z‘ξ,’“Τi—Φjκ,30Ξ‘γ,‚»‚Μ‘Ό,{ω‚Ή‚Έ
ή“,©“]Τ“,¶“c,‰ΊRθ,281107,•ΊΙ§,_Λs’†‰›‹ζ,‰ΤG’¬,2022[sanitize]06[sanitize]05,17,“ΉHγ,‚»‚Μ‘Ό,10Ξ‘γ,’†w¶,{ω‚Ή‚Έ
ή“,©“]Τ“,¶“c,‰ΊRθ,281107,•ΊΙ§,_Λs’†‰›‹ζ,‰ΤG’¬,2022[sanitize]06[sanitize]12,22,’“Τi—Φjκ,’“Τi—Φjκ,30Ξ‘γ,‚»‚Μ‘Ό,{ω‚µ‚½
ή“,©“]Τ“,¶“c,‰ΊRθ,281107,•ΊΙ§,_Λs’†‰›‹ζ,‰ΤG’¬,2022[sanitize]07[sanitize]21,12,‚SK‚ΔΘγ‹¤“―Z‘ξ,’“Τi—Φjκ,20Ξ‘γ,‚»‚Μ‘Ό,{ω‚µ‚½
ή“,©“]Τ“,¶“c,‰ΊRθ,281107,•ΊΙ§,_Λs’†‰›‹ζ,‰ΤG’¬,2022[sanitize]08[sanitize]29,00,“ΉHγ,‚»‚Μ‘Ό,30Ξ‘γ,‚»‚Μ‘Ό,{ω‚Ή‚Έ
ή“,©“]Τ“,¶“c,‰ΊRθ,281107,•ΊΙ§,_Λs’†‰›‹ζ,‰ΤG’¬,2022[sanitize]08[sanitize]29,02,‚SK‚ΔΘγ‹¤“―Z‘ξ,’“Τi—Φjκ,20Ξ‘γ,‚»‚Μ‘Ό,{ω‚µ‚½
ή“,©“]Τ“,¶“c,‰ΊRθ,281107,•ΊΙ§,_Λs’†‰›‹ζ,‰ΤG’¬,2022[sanitize]10[sanitize]12,18,‚»‚Μ‘Ό,‚»‚Μ‘Ό,20Ξ‘γ,‘εw¶,{ω‚Ή‚Έ
ή“,©“]Τ“,¶“c,‹’¬,281107,•ΊΙ§,_Λs’†‰›‹ζ,Cέ’Κ,2022[sanitize]04[sanitize]14,14,“ΉHγ,‚»‚Μ‘Ό,30Ξ‘γ,‚»‚Μ‘Ό,{ω‚µ‚½
ή“,©“]Τ“,¶“c,‹’¬,281107,•ΊΙ§,_Λs’†‰›‹ζ,‰Α”[’¬‚U’–Ϊ,2022[sanitize]03[sanitize]14,20,‚»‚Μ‘Ό,’“Τi—Φjκ,50Ξ‘γ,‚»‚Μ‘Ό,{ω‚µ‚½
ή“,©“]Τ“,¶“c,‹’¬,281107,•ΊΙ§,_Λs’†‰›‹ζ,‰Α”[’¬‚U’–Ϊ,2022[sanitize]03[sanitize]30,21,’“Τi—Φjκ,’“Τi—Φjκ,20Ξ‘γ,‚»‚Μ‘Ό,{ω‚µ‚½
ή“,©“]Τ“,¶“c,‹’¬,281107,•ΊΙ§,_Λs’†‰›‹ζ,‰Α”[’¬‚U’–Ϊ,2022[sanitize]07[sanitize]06,21,’“Τi—Φjκ,’“Τi—Φjκ,30Ξ‘γ,‚»‚Μ‘Ό,{ω‚µ‚½
ή“,©“]Τ“,¶“c,‹’¬,281107,•ΊΙ§,_Λs’†‰›‹ζ,‰Α”[’¬‚U’–Ϊ,2022[sanitize]10[sanitize]19,08,’“Τi—Φjκ,’“Τi—Φjκ,40Ξ‘γ,‚»‚Μ‘Ό,{ω‚µ‚½
ή“,©“]Τ“,¶“c,‹’¬,281107,•ΊΙ§,_Λs’†‰›‹ζ,‹’¬,2022[sanitize]10[sanitize]13,17,’“Τi—Φjκ,’“Τi—Φjκ,30Ξ‘γ,‚»‚Μ‘Ό,{ω‚µ‚½
ή“,©“]Τ“,¶“c,‹’¬,281107,•ΊΙ§,_Λs’†‰›‹ζ,O‹{’¬‚P’–Ϊ,2021[sanitize]10[sanitize]27,10,’“Τi—Φjκ,’“Τi—Φjκ,30Ξ‘γ,‚»‚Μ‘Ό,{ω‚µ‚½
ή“,©“]Τ“,¶“c,‹’¬,281107,•ΊΙ§,_Λs’†‰›‹ζ,O‹{’¬‚P’–Ϊ,2022[sanitize]01[sanitize]13,10,’“Τi—Φjκ,’“Τi—Φjκ,50Ξ‘γ,‚»‚Μ‘Ό,{ω‚µ‚½
ή“,©“]Τ“,¶“c,‹’¬,281107,•ΊΙ§,_Λs’†‰›‹ζ,O‹{’¬‚P’–Ϊ,2022[sanitize]02[sanitize]21,14,’“Τi—Φjκ,’“Τi—Φjκ,10Ξ‘γ,‚Z¶,{ω‚µ‚½
ή“,©“]Τ“,¶“c,‹’¬,281107,•ΊΙ§,_Λs’†‰›‹ζ,O‹{’¬‚P’–Ϊ,2022[sanitize]04[sanitize]20,15,‚»‚Μ‘Ό,’“Τi—Φjκ,70ΞΘγ,‚»‚Μ‘Ό,{ω‚µ‚½
ή“,©“]Τ“,¶“c,‹’¬,281107,•ΊΙ§,_Λs’†‰›‹ζ,O‹{’¬‚P’–Ϊ,2022[sanitize]05[sanitize]09,14,“ΉHγ,‚»‚Μ‘Ό,20Ξ‘γ,‚»‚Μ‘Ό,{ω‚µ‚½
ή“,©“]Τ“,¶“c,‹’¬,281107,•ΊΙ§,_Λs’†‰›‹ζ,O‹{’¬‚P’–Ϊ,2022[sanitize]05[sanitize]11,12,’“Τi—Φjκ,’“Τi—Φjκ,40Ξ‘γ,‚»‚Μ‘Ό,{ω‚Ή‚Έ
ή“,©“]Τ“,¶“c,‹’¬,281107,•ΊΙ§,_Λs’†‰›‹ζ,O‹{’¬‚P’–Ϊ,2022[sanitize]06[sanitize]23,11,“ΉHγ,‚»‚Μ‘Ό,70ΞΘγ,‚»‚Μ‘Ό,{ω‚Ή‚Έ
ή“,©“]Τ“,¶“c,‹’¬,281107,•ΊΙ§,_Λs’†‰›‹ζ,O‹{’¬‚P’–Ϊ,2022[sanitize]07[sanitize]25,13,“ΉHγ,‚»‚Μ‘Ό,10Ξ‘γ,‚Z¶,{ω‚µ‚½
ή“,©“]Τ“,¶“c,‹’¬,281107,•ΊΙ§,_Λs’†‰›‹ζ,O‹{’¬‚P’–Ϊ,2022[sanitize]11[sanitize]04,13,“ΉHγ,‚»‚Μ‘Ό,40Ξ‘γ,‚»‚Μ‘Ό,{ω‚Ή‚Έ
ή“,©“]Τ“,¶“c,‹’¬,281107,•ΊΙ§,_Λs’†‰›‹ζ,O‹{’¬‚P’–Ϊ,2022[sanitize]12[sanitize]07,09,’“Τi—Φjκ,’“Τi—Φjκ,30Ξ‘γ,‚»‚Μ‘Ό,{ω‚µ‚½
ή“,©“]Τ“,¶“c,‹’¬,281107,•ΊΙ§,_Λs’†‰›‹ζ,O‹{’¬‚P’–Ϊ,2022[sanitize]12[sanitize]07,12,’“Τi—Φjκ,’“Τi—Φjκ,20Ξ‘γ,‚»‚Μ‘Ό,{ω‚µ‚½
ή“,©“]Τ“,¶“c,‹’¬,281107,•ΊΙ§,_Λs’†‰›‹ζ,O‹{’¬‚Q’–Ϊ,2022[sanitize]01[sanitize]29,12,“ΉHγ,‚»‚Μ‘Ό,10Ξ‘γ,‚Z¶,{ω‚µ‚½
ή“,©“]Τ“,¶“c,‹’¬,281107,•ΊΙ§,_Λs’†‰›‹ζ,O‹{’¬‚Q’–Ϊ,2022[sanitize]10[sanitize]16,15,“ΉHγ,‚»‚Μ‘Ό,40Ξ‘γ,‚»‚Μ‘Ό,{ω‚µ‚½
ή“,©“]Τ“,¶“c,‹’¬,281107,•ΊΙ§,_Λs’†‰›‹ζ,O‹{’¬‚Q’–Ϊ,2022[sanitize]12[sanitize]19,18,“ΉHγ,‚»‚Μ‘Ό,20Ξ‘γ,‚»‚Μ‘Ό,{ω‚µ‚½
ή“,©“]Τ“,¶“c,‹’¬,281107,•ΊΙ§,_Λs’†‰›‹ζ,Q‰Τ’¬,2022[sanitize]10[sanitize]18,14,‚»‚Μ‘Ό,’“Τi—Φjκ,40Ξ‘γ,‚»‚Μ‘Ό,{ω‚Ή‚Έ
ή“,©“]Τ“,¶“c,³’¬’Κ,281107,•ΊΙ§,_Λs’†‰›‹ζ,Cέ’Κ‚S’–Ϊ,2022[sanitize]03[sanitize]29,12,‚SK‚ΔΘγ‹¤“―Z‘ξ,’“Τi—Φjκ,50Ξ‘γ,‚»‚Μ‘Ό,{ω‚µ‚½
ή“,©“]Τ“,¶“c,³’¬’Κ,281107,•ΊΙ§,_Λs’†‰›‹ζ,Cέ’Κ‚S’–Ϊ,2022[sanitize]07[sanitize]23,17,‚SK‚ΔΘγ‹¤“―Z‘ξ,’“Τi—Φjκ,20Ξ‘γ,‚»‚Μ‘Ό,{ω‚Ή‚Έ
ή“,©“]Τ“,¶“c,³’¬’Κ,281107,•ΊΙ§,_Λs’†‰›‹ζ,Cέ’Κ‚T’–Ϊ,2022[sanitize]07[sanitize]20,00,“ΉHγ,‚»‚Μ‘Ό,20Ξ‘γ,‚»‚Μ‘Ό,{ω‚Ή‚Έ
ή“,©“]Τ“,¶“c,³’¬’Κ,281107,•ΊΙ§,_Λs’†‰›‹ζ,Cέ’Κ‚U’–Ϊ,2022[sanitize]09[sanitize]28,07,“ΉHγ,‚»‚Μ‘Ό,20Ξ‘γ,‚»‚Μ‘Ό,{ω‚Ή‚Έ
ή“,©“]Τ“,¶“c,³’¬’Κ,281107,•ΊΙ§,_Λs’†‰›‹ζ,‰h’¬’Κ‚S’–Ϊ,2022[sanitize]04[sanitize]01,11,‚SK‚ΔΘγ‹¤“―Z‘ξ,’“Τi—Φjκ,20Ξ‘γ,‚»‚Μ‘Ό,{ω‚µ‚½
ή“,©“]Τ“,¶“c,³’¬’Κ,281107,•ΊΙ§,_Λs’†‰›‹ζ,‰h’¬’Κ‚U’–Ϊ,2022[sanitize]05[sanitize]18,14,‚»‚Μ‘Ό,‚»‚Μ‘Ό,40Ξ‘γ,‚»‚Μ‘Ό,{ω‚Ή‚Έ
ή“,©“]Τ“,¶“c,³’¬’Κ,281107,•ΊΙ§,_Λs’†‰›‹ζ,³’¬‚‰Λ’Κ,2022[sanitize]07[sanitize]09,09,“ΉHγ,‚»‚Μ‘Ό,20Ξ‘γ,‚»‚Μ‘Ό,{ω‚Ή‚Έ
ή“,©“]Τ“,¶“c,³’¬’Κ,281107,•ΊΙ§,_Λs’†‰›‹ζ,³’¬‚‰Λ’Κ,2022[sanitize]07[sanitize]30,00,“ΉHγ,‚»‚Μ‘Ό,40Ξ‘γ,‚»‚Μ‘Ό,{ω‚Ή‚Έ
ή“,©“]Τ“,¶“c,³’¬’Κ,281107,•ΊΙ§,_Λs’†‰›‹ζ,³’¬‚‰Λ’Κ,2022[sanitize]08[sanitize]20,15,’“Τi—Φjκ,’“Τi—Φjκ,20Ξ‘γ,‚»‚Μ‘Ό,{ω‚µ‚½
ή“,©“]Τ“,¶“c,³’¬’Κ,281107,•ΊΙ§,_Λs’†‰›‹ζ,³’¬’Κ‚R’–Ϊ,2022[sanitize]07[sanitize]21,18,’“Τi—Φjκ,’“Τi—Φjκ,20Ξ‘γ,‚»‚Μ‘Ό,{ω‚µ‚½
ή“,©“]Τ“,¶“c,³’¬’Κ,281107,•ΊΙ§,_Λs’†‰›‹ζ,³’¬’Κ‚R’–Ϊ,2022[sanitize]08[sanitize]15,21,‚SK‚ΔΘγ‹¤“―Z‘ξ,’“Τi—Φjκ,30Ξ‘γ,‚»‚Μ‘Ό,{ω‚Ή‚Έ
ή“,©“]Τ“,¶“c,³’¬’Κ,281107,•ΊΙ§,_Λs’†‰›‹ζ,³’¬’Κ‚S’–Ϊ,2022[sanitize]04[sanitize]29,07,“ΉHγ,‚»‚Μ‘Ό,30Ξ‘γ,‚»‚Μ‘Ό,{ω‚µ‚½
ή“,©“]Τ“,¶“c,³’¬’Κ,281107,•ΊΙ§,_Λs’†‰›‹ζ,³’¬’Κ‚S’–Ϊ,2022[sanitize]07[sanitize]01,21,“ΉHγ,‚»‚Μ‘Ό,20Ξ‘γ,‚»‚Μ‘Ό,{ω‚Ή‚Έ
ή“,©“]Τ“,¶“c,³’¬’Κ,281107,•ΊΙ§,_Λs’†‰›‹ζ,³’¬’Κ‚S’–Ϊ,2022[sanitize]08[sanitize]04,02,“ΉHγ,‚»‚Μ‘Ό,20Ξ‘γ,‚»‚Μ‘Ό,{ω‚Ή‚Έ
ή“,©“]Τ“,¶“c,³’¬’Κ,281107,•ΊΙ§,_Λs’†‰›‹ζ,³’¬’Κ‚S’–Ϊ,2022[sanitize]09[sanitize]01,•s–Ύ,’“Τi—Φjκ,’“Τi—Φjκ,20Ξ‘γ,‘εw¶,{ω‚Ή‚Έ
ή“,©“]Τ“,¶“c,³’¬’Κ,281107,•ΊΙ§,_Λs’†‰›‹ζ,³’¬’Κ‚T’–Ϊ,2021[sanitize]12[sanitize]23,20,‚SK‚ΔΘγ‹¤“―Z‘ξ,’“Τi—Φjκ,30Ξ‘γ,‚»‚Μ‘Ό,{ω‚µ‚½
ή“,©“]Τ“,¶“c,³’¬’Κ,281107,•ΊΙ§,_Λs’†‰›‹ζ,³’¬’Κ‚T’–Ϊ,2021[sanitize]12[sanitize]29,12,“ΉHγ,‚»‚Μ‘Ό,65[sanitize]69Ξ,‚»‚Μ‘Ό,{ω‚Ή‚Έ
ή“,©“]Τ“,¶“c,³’¬’Κ,281107,•ΊΙ§,_Λs’†‰›‹ζ,³’¬’Κ‚T’–Ϊ,2022[sanitize]06[sanitize]24,22,‚SK‚ΔΘγ‹¤“―Z‘ξ,’“Τi—Φjκ,30Ξ‘γ,‚»‚Μ‘Ό,{ω‚Ή‚Έ
ή“,©“]Τ“,¶“c,³’¬’Κ,281107,•ΊΙ§,_Λs’†‰›‹ζ,³’¬’Κ‚T’–Ϊ,2022[sanitize]11[sanitize]25,20,’“Τi—Φjκ,’“Τi—Φjκ,20Ξ‘γ,‚»‚Μ‘Ό,{ω‚Ή‚Έ
ή“,©“]Τ“,¶“c,³’¬’Κ,281107,•ΊΙ§,_Λs’†‰›‹ζ,³’¬’Κ‚U’–Ϊ,2022[sanitize]04[sanitize]07,23,“ΉHγ,‚»‚Μ‘Ό,20Ξ‘γ,‚»‚Μ‘Ό,{ω‚Ή‚Έ
ή“,©“]Τ“,¶“c,³’¬’Κ,281107,•ΊΙ§,_Λs’†‰›‹ζ,³’¬’Κ‚U’–Ϊ,2022[sanitize]06[sanitize]30,22,‚SK‚ΔΘγ‹¤“―Z‘ξ,’“Τi—Φjκ,30Ξ‘γ,‚»‚Μ‘Ό,{ω‚Ή‚Έ
ή“,©“]Τ“,¶“c,³’¬’Κ,281107,•ΊΙ§,_Λs’†‰›‹ζ,³’¬’Κ‚U’–Ϊ,2022[sanitize]07[sanitize]14,22,‚SK‚ΔΘγ‹¤“―Z‘ξ,’“Τi—Φjκ,30Ξ‘γ,‚»‚Μ‘Ό,{ω‚µ‚½
ή“,©“]Τ“,¶“c,³’¬’Κ,281107,•ΊΙ§,_Λs’†‰›‹ζ,³’¬’Κ‚U’–Ϊ,2022[sanitize]07[sanitize]25,09,“ΉHγ,‚»‚Μ‘Ό,50Ξ‘γ,‚»‚Μ‘Ό,{ω‚Ή‚Έ
ή“,©“]Τ“,¶“c,³’¬’Κ,281107,•ΊΙ§,_Λs’†‰›‹ζ,³’¬’Κ‚U’–Ϊ,2022[sanitize]12[sanitize]01,12,“ΉHγ,‚»‚Μ‘Ό,40Ξ‘γ,‚»‚Μ‘Ό,{ω‚Ή‚Έ
ή“,©“]Τ“,¶“c,³’¬‰w,281107,•ΊΙ§,_Λs’†‰›‹ζ,Cέ’Κ‚Q’–Ϊ,2022[sanitize]10[sanitize]09,09,“ΉHγ,‚»‚Μ‘Ό,50Ξ‘γ,‚»‚Μ‘Ό,{ω‚µ‚½
ή“,©“]Τ“,¶“c,³’¬‰w,281107,•ΊΙ§,_Λs’†‰›‹ζ,–k’·‹·’Κ‚R’–Ϊ,2022[sanitize]03[sanitize]04,07,’“Τi—Φjκ,’“Τi—Φjκ,40Ξ‘γ,‚»‚Μ‘Ό,{ω‚µ‚½
ή“,©“]Τ“,¶“c,³’¬‰w,281107,•ΊΙ§,_Λs’†‰›‹ζ,–k’·‹·’Κ‚R’–Ϊ,2022[sanitize]04[sanitize]09,22,‚SK‚ΔΘγ‹¤“―Z‘ξ,’“Τi—Φjκ,20Ξ‘γ,‚»‚Μ‘Ό,{ω‚µ‚½
ή“,©“]Τ“,¶“c,³’¬‰w,281107,•ΊΙ§,_Λs’†‰›‹ζ,–k’·‹·’Κ‚R’–Ϊ,2022[sanitize]04[sanitize]18,18,‚»‚Μ‘Ό,‚»‚Μ‘Ό,20Ξ‘γ,‚»‚Μ‘Ό,{ω‚µ‚½
ή“,©“]Τ“,¶“c,³’¬‰w,281107,•ΊΙ§,_Λs’†‰›‹ζ,–k’·‹·’Κ‚R’–Ϊ,2022[sanitize]05[sanitize]30,01,“ΉHγ,‚»‚Μ‘Ό,30Ξ‘γ,‚»‚Μ‘Ό,{ω‚µ‚½
ή“,©“]Τ“,¶“c,³’¬‰w,281107,•ΊΙ§,_Λs’†‰›‹ζ,–k’·‹·’Κ‚R’–Ϊ,2022[sanitize]08[sanitize]31,19,“ΉHγ,‚»‚Μ‘Ό,20Ξ‘γ,‚»‚Μ‘Ό,{ω‚µ‚½
ή“,©“]Τ“,¶“c,³’¬‰w,281107,•ΊΙ§,_Λs’†‰›‹ζ,–k’·‹·’Κ‚R’–Ϊ,2022[sanitize]10[sanitize]30,06,“ΉHγ,‚»‚Μ‘Ό,30Ξ‘γ,‚»‚Μ‘Ό,{ω‚µ‚½
ή“,©“]Τ“,¶“c,³’¬‰w,281107,•ΊΙ§,_Λs’†‰›‹ζ,–k’·‹·’Κ‚S’–Ϊ,2022[sanitize]11[sanitize]09,09,“ΉHγ,‚»‚Μ‘Ό,20Ξ‘γ,‚»‚Μ‘Ό,{ω‚Ή‚Έ
ή“,©“]Τ“,¶“c,³’¬‰w,281107,•ΊΙ§,_Λs’†‰›‹ζ,‰h’¬’Κ‚Q’–Ϊ,2022[sanitize]06[sanitize]23,18,“ΉHγ,‚»‚Μ‘Ό,40Ξ‘γ,‚»‚Μ‘Ό,{ω‚Ή‚Έ
ή“,©“]Τ“,¶“c,³’¬‰w,281107,•ΊΙ§,_Λs’†‰›‹ζ,‰ΊRθ’Κ‚R’–Ϊ,2022[sanitize]03[sanitize]12,23,‚SK‚ΔΘγ‹¤“―Z‘ξ,’“Τi—Φjκ,20Ξ‘γ,‘εw¶,{ω‚Ή‚Έ
ή“,©“]Τ“,¶“c,³’¬‰w,281107,•ΊΙ§,_Λs’†‰›‹ζ,‰ΊRθ’Κ‚R’–Ϊ,2022[sanitize]08[sanitize]08,00,“ΉHγ,‚»‚Μ‘Ό,20Ξ‘γ,‚»‚Μ‘Ό,{ω‚µ‚½
ή“,©“]Τ“,¶“c,³’¬‰w,281107,•ΊΙ§,_Λs’†‰›‹ζ,‰ΊRθ’Κ‚R’–Ϊ,2022[sanitize]08[sanitize]21,20,‚SK‚ΔΘγ‹¤“―Z‘ξ,‚»‚Μ‘Ό,10Ξ‘γ,‚Z¶,{ω‚µ‚½
ή“,©“]Τ“,¶“c,³’¬‰w,281107,•ΊΙ§,_Λs’†‰›‹ζ,‰ΊRθ’Κ‚R’–Ϊ,2022[sanitize]12[sanitize]08,11,’“Τi—Φjκ,’“Τi—Φjκ,40Ξ‘γ,‚»‚Μ‘Ό,{ω‚µ‚½
ή“,©“]Τ“,¶“c,³’¬‰w,281107,•ΊΙ§,_Λs’†‰›‹ζ,‰ΊRθ’Κ‚S’–Ϊ,2022[sanitize]03[sanitize]27,22,‚SK‚ΔΘγ‹¤“―Z‘ξ,’“Τi—Φjκ,20Ξ‘γ,‚»‚Μ‘Ό,{ω‚Ή‚Έ
ή“,©“]Τ“,¶“c,³’¬‰w,281107,•ΊΙ§,_Λs’†‰›‹ζ,‰ΊRθ’Κ‚S’–Ϊ,2022[sanitize]10[sanitize]17,21,‚SK‚ΔΘγ‹¤“―Z‘ξ,‚»‚Μ‘Ό,40Ξ‘γ,‚»‚Μ‘Ό,{ω‚µ‚½
ή“,©“]Τ“,¶“c,³’¬‰w,281107,•ΊΙ§,_Λs’†‰›‹ζ,³’¬‚‰Λ’Κ,2022[sanitize]05[sanitize]08,09,’“Τi—Φjκ,’“Τi—Φjκ,30Ξ‘γ,‚»‚Μ‘Ό,{ω‚Ή‚Έ
ή“,©“]Τ“,¶“c,³’¬‰w,281107,•ΊΙ§,_Λs’†‰›‹ζ,³’¬‚‰Λ’Κ,2022[sanitize]05[sanitize]21,14,’“Τi—Φjκ,’“Τi—Φjκ,50Ξ‘γ,‚»‚Μ‘Ό,{ω‚µ‚½
ή“,©“]Τ“,¶“c,³’¬‰w,281107,•ΊΙ§,_Λs’†‰›‹ζ,³’¬‚‰Λ’Κ,2022[sanitize]08[sanitize]19,22,“ΉHγ,‚»‚Μ‘Ό,20Ξ‘γ,‚»‚Μ‘Ό,{ω‚Ή‚Έ
ή“,©“]Τ“,¶“c,³’¬‰w,281107,•ΊΙ§,_Λs’†‰›‹ζ,³’¬‚‰Λ’Κ,2022[sanitize]09[sanitize]10,02,“ΉHγ,‚»‚Μ‘Ό,40Ξ‘γ,‚»‚Μ‘Ό,{ω‚Ή‚Έ
ή“,©“]Τ“,¶“c,³’¬‰w,281107,•ΊΙ§,_Λs’†‰›‹ζ,³’¬‚‰Λ’Κ,2022[sanitize]10[sanitize]30,18,’“Τi—Φjκ,’“Τi—Φjκ,40Ξ‘γ,‚»‚Μ‘Ό,{ω‚µ‚½
ή“,©“]Τ“,¶“c,³’¬‰w,281107,•ΊΙ§,_Λs’†‰›‹ζ,³’¬’Κ‚P’–Ϊ,2022[sanitize]01[sanitize]18,10,‚»‚Μ‘Ό,‚»‚Μ‘Ό,40Ξ‘γ,‚»‚Μ‘Ό,{ω‚Ή‚Έ
ή“,©“]Τ“,¶“c,³’¬‰w,281107,•ΊΙ§,_Λs’†‰›‹ζ,³’¬’Κ‚P’–Ϊ,2022[sanitize]08[sanitize]22,08,“ΉHγ,‚»‚Μ‘Ό,30Ξ‘γ,‚»‚Μ‘Ό,{ω‚µ‚½
ή“,©“]Τ“,¶“c,³’¬‰w,281107,•ΊΙ§,_Λs’†‰›‹ζ,³’¬’Κ‚P’–Ϊ,2022[sanitize]09[sanitize]02,12,“ΉHγ,‚»‚Μ‘Ό,20Ξ‘γ,‚»‚Μ‘Ό,{ω‚µ‚½
ή“,©“]Τ“,¶“c,³’¬‰w,281107,•ΊΙ§,_Λs’†‰›‹ζ,³’¬’Κ‚P’–Ϊ,2022[sanitize]09[sanitize]09,21,“ΉHγ,‚»‚Μ‘Ό,20Ξ‘γ,‚»‚Μ‘Ό,{ω‚µ‚½
ή“,©“]Τ“,¶“c,³’¬‰w,281107,•ΊΙ§,_Λs’†‰›‹ζ,³’¬’Κ‚Q’–Ϊ,2021[sanitize]12[sanitize]30,16,“ΉHγ,‚»‚Μ‘Ό,70ΞΘγ,‚»‚Μ‘Ό,{ω‚µ‚½
ή“,©“]Τ“,¶“c,³’¬‰w,281107,•ΊΙ§,_Λs’†‰›‹ζ,³’¬’Κ‚Q’–Ϊ,2022[sanitize]06[sanitize]25,15,“ΉHγ,‚»‚Μ‘Ό,30Ξ‘γ,‚»‚Μ‘Ό,{ω‚Ή‚Έ
ή“,©“]Τ“,¶“c,³’¬‰w,281107,•ΊΙ§,_Λs’†‰›‹ζ,³’¬’Κ‚Q’–Ϊ,2022[sanitize]09[sanitize]22,12,’“Τi—Φjκ,’“Τi—Φjκ,40Ξ‘γ,‚»‚Μ‘Ό,{ω‚Ή‚Έ
ή“,©“]Τ“,¶“c,³’¬‰w,281107,•ΊΙ§,_Λs’†‰›‹ζ,³’¬’Κ‚Q’–Ϊ,2022[sanitize]12[sanitize]19,16,’“Τi—Φjκ,’“Τi—Φjκ,20Ξ‘γ,‚»‚Μ‘Ό,{ω‚µ‚½
ή“,©“]Τ“,¶“c,³’¬‰w,281107,•ΊΙ§,_Λs’†‰›‹ζ,³’¬’Κ‚Q’–Ϊ,2022[sanitize]12[sanitize]22,06,’“Τi—Φjκ,’“Τi—Φjκ,50Ξ‘γ,‚»‚Μ‘Ό,{ω‚µ‚½
ή“,©“]Τ“,¶“c,³’¬‰w,281107,•ΊΙ§,_Λs’†‰›‹ζ,³’¬’Κ‚Q’–Ϊ,2022[sanitize]12[sanitize]22,10,’“Τi—Φjκ,’“Τi—Φjκ,30Ξ‘γ,‚»‚Μ‘Ό,{ω‚µ‚½
ή“,©“]Τ“,¶“c,–k–μ,281107,•ΊΙ§,_Λs’†‰›‹ζ,–k–μ’¬‚P’–Ϊ,2021[sanitize]12[sanitize]21,08,“ΉHγ,‚»‚Μ‘Ό,40Ξ‘γ,‚»‚Μ‘Ό,{ω‚Ή‚Έ
ή“,©“]Τ“,¶“c,–k–μ,281107,•ΊΙ§,_Λs’†‰›‹ζ,–k–μ’¬‚S’–Ϊ,2022[sanitize]06[sanitize]22,22,‚SK‚ΔΘγ‹¤“―Z‘ξ,’“Τi—Φjκ,30Ξ‘γ,‚»‚Μ‘Ό,{ω‚µ‚½
ή“,©“]Τ“,¶“c,‘ε‘qR,281107,•ΊΙ§,_Λs’†‰›‹ζ,–k’·‹·’Κ‚V’–Ϊ,2022[sanitize]05[sanitize]21,23,“ΉHγ,‚»‚Μ‘Ό,50Ξ‘γ,‚»‚Μ‘Ό,{ω‚µ‚½
ή“,©“]Τ“,¶“c,‘ε‘qR,281107,•ΊΙ§,_Λs’†‰›‹ζ,–k’·‹·’Κ‚V’–Ϊ,2022[sanitize]11[sanitize]04,23,“ΉHγ,‚»‚Μ‘Ό,20Ξ‘γ,‚»‚Μ‘Ό,{ω‚µ‚½
ή“,©“]Τ“,¶“c,‘ε‘qR,281107,•ΊΙ§,_Λs’†‰›‹ζ,–k’·‹·’Κ‚W’–Ϊ,2022[sanitize]04[sanitize]03,22,“ΉHγ,‚»‚Μ‘Ό,65[sanitize]69Ξ,‚»‚Μ‘Ό,{ω‚µ‚½
ή“,©“]Τ“,¶“c,‘ε‘qR,281107,•ΊΙ§,_Λs’†‰›‹ζ,–k’·‹·’Κ‚W’–Ϊ,2022[sanitize]08[sanitize]29,20,’“Τi—Φjκ,’“Τi—Φjκ,20Ξ‘γ,‚»‚Μ‘Ό,{ω‚µ‚½
ή“,©“]Τ“,¶“c,‘ε‘qR,281107,•ΊΙ§,_Λs’†‰›‹ζ,–k’·‹·’Κ‚W’–Ϊ,2022[sanitize]09[sanitize]07,19,“ΉHγ,‚»‚Μ‘Ό,65[sanitize]69Ξ,‚»‚Μ‘Ό,{ω‚µ‚½
ή“,©“]Τ“,¶“c,‘ε‘qR,281107,•ΊΙ§,_Λs’†‰›‹ζ,“ν’¬‚S’–Ϊ,2022[sanitize]05[sanitize]04,12,‚»‚Μ‘Ό,’“Τi—Φjκ,10Ξ‘γ,‚»‚Μ‘Ό,{ω‚Ή‚Έ
ή“,©“]Τ“,¶“c,‘ε‘qR,281107,•ΊΙ§,_Λs’†‰›‹ζ,“ν’¬‚S’–Ϊ,2022[sanitize]12[sanitize]25,09,’“Τi—Φjκ,’“Τi—Φjκ,10Ξ‘γ,¬w¶,{ω‚Ή‚Έ
ή“,©“]Τ“,¶“c,‘ε‘qR,281107,•ΊΙ§,_Λs’†‰›‹ζ,“ν’¬‚T’–Ϊ,2022[sanitize]05[sanitize]05,12,‚»‚Μ‘Ό,’“Τi—Φjκ,40Ξ‘γ,‚»‚Μ‘Ό,{ω‚µ‚½
ή“,©“]Τ“,¶“c,‘ε‘qR,281107,•ΊΙ§,_Λs’†‰›‹ζ,“ν’¬‚V’–Ϊ,2022[sanitize]06[sanitize]25,06,‚»‚Μ‘Ό,’“Τi—Φjκ,50Ξ‘γ,‚»‚Μ‘Ό,{ω‚µ‚½
ή“,©“]Τ“,¶“c,‘ε‘qR,281107,•ΊΙ§,_Λs’†‰›‹ζ,“ν’¬‚V’–Ϊ,2022[sanitize]08[sanitize]19,08,‚»‚Μ‘Ό,’“Τi—Φjκ,20Ξ‘γ,‚»‚Μ‘Ό,{ω‚µ‚½
ή“,©“]Τ“,¶“c,‘ε‘qR,281107,•ΊΙ§,_Λs’†‰›‹ζ,“ν’¬‚V’–Ϊ,2022[sanitize]10[sanitize]25,08,‚»‚Μ‘Ό,‚»‚Μ‘Ό,10Ξ‘γ,’†w¶,{ω‚Ή‚Έ
ή“,©“]Τ“,¶“c,‘ε‘qR,281107,•ΊΙ§,_Λs’†‰›‹ζ,“ν’¬‚V’–Ϊ,2022[sanitize]11[sanitize]21,11,‚»‚Μ‘Ό,’“Τi—Φjκ,70ΞΘγ,‚»‚Μ‘Ό,{ω‚µ‚½
ή“,©“]Τ“,¶“c,‘ε‘qR,281107,•ΊΙ§,_Λs’†‰›‹ζ,“ν’¬‚V’–Ϊ,2022[sanitize]12[sanitize]08,08,‚»‚Μ‘Ό,’“Τi—Φjκ,10Ξ‘γ,‚Z¶,{ω‚µ‚½
ή“,©“]Τ“,¶“c,‘ε‘qR,281107,•ΊΙ§,_Λs’†‰›‹ζ,‰ΊRθ’Κ‚W’–Ϊ,2022[sanitize]06[sanitize]14,21,‚»‚Μ‘Ό‚ΜZ‘ξi‚RK‚ΔΘ‰Ί‹¤“―Z‘ξ“™j,‚»‚Μ‘Ό,20Ξ‘γ,‚»‚Μ‘Ό,{ω‚Ή‚Έ
ή“,©“]Τ“,¶“c,‘ε‘qR,281107,•ΊΙ§,_Λs’†‰›‹ζ,‰ΊRθ’Κ‚W’–Ϊ,2022[sanitize]08[sanitize]26,00,“ΉHγ,‚»‚Μ‘Ό,30Ξ‘γ,‚»‚Μ‘Ό,{ω‚Ή‚Έ
ή“,©“]Τ“,¶“c,‘ε‘qR,281107,•ΊΙ§,_Λs’†‰›‹ζ,‰ΊRθ’Κ‚W’–Ϊ,2022[sanitize]08[sanitize]31,11,‚SK‚ΔΘγ‹¤“―Z‘ξ,’“Τi—Φjκ,40Ξ‘γ,‚»‚Μ‘Ό,{ω‚Ή‚Έ
ή“,©“]Τ“,¶“c,‘ε‘qR,281107,•ΊΙ§,_Λs’†‰›‹ζ,‰ΊRθ’Κ‚W’–Ϊ,2022[sanitize]12[sanitize]24,18,’“Τi—Φjκ,’“Τi—Φjκ,20Ξ‘γ,‚»‚Μ‘Ό,{ω‚Ή‚Έ
ή“,©“]Τ“,¶“c,‘ε‘qR,281107,•ΊΙ§,_Λs’†‰›‹ζ,‹k’Κ‚P’–Ϊ,2022[sanitize]03[sanitize]04,19,‚SK‚ΔΘγ‹¤“―Z‘ξ,‚»‚Μ‘Ό,20Ξ‘γ,‚»‚Μ‘Ό,{ω‚Ή‚Έ
ή“,©“]Τ“,¶“c,‘ε‘qR,281107,•ΊΙ§,_Λs’†‰›‹ζ,‹k’Κ‚R’–Ϊ,2022[sanitize]07[sanitize]06,10,“ΉHγ,‚»‚Μ‘Ό,65[sanitize]69Ξ,‚»‚Μ‘Ό,{ω‚µ‚½
ή“,©“]Τ“,¶“c,‘ε‘qR,281107,•ΊΙ§,_Λs’†‰›‹ζ,‘½•·’Κ‚P’–Ϊ,2022[sanitize]04[sanitize]10,20,“ΉHγ,‚»‚Μ‘Ό,40Ξ‘γ,‚»‚Μ‘Ό,{ω‚µ‚½
ή“,©“]Τ“,¶“c,‘ε‘qR,281107,•ΊΙ§,_Λs’†‰›‹ζ,‘½•·’Κ‚P’–Ϊ,2022[sanitize]07[sanitize]14,21,“ΉHγ,‚»‚Μ‘Ό,20Ξ‘γ,‚»‚Μ‘Ό,{ω‚Ή‚Έ
ή“,©“]Τ“,¶“c,‘ε‘qR,281107,•ΊΙ§,_Λs’†‰›‹ζ,‘½•·’Κ‚Q’–Ϊ,2022[sanitize]08[sanitize]28,09,“ΉHγ,‚»‚Μ‘Ό,20Ξ‘γ,‘εw¶,{ω‚µ‚½
ή“,©“]Τ“,¶“c,‘ε‘qR,281107,•ΊΙ§,_Λs’†‰›‹ζ,³’¬’Κ‚V’–Ϊ,2022[sanitize]07[sanitize]01,17,“ΉHγ,‚»‚Μ‘Ό,20Ξ‘γ,‚»‚Μ‘Ό,{ω‚Ή‚Έ
ή“,©“]Τ“,¶“c,‘ε‘qR,281107,•ΊΙ§,_Λs’†‰›‹ζ,³’¬’Κ‚V’–Ϊ,2022[sanitize]08[sanitize]08,03,“ΉHγ,‚»‚Μ‘Ό,20Ξ‘γ,‚»‚Μ‘Ό,{ω‚Ή‚Έ
ή“,©“]Τ“,¶“c,‘ε‘qR,281107,•ΊΙ§,_Λs’†‰›‹ζ,³’¬’Κ‚V’–Ϊ,2022[sanitize]10[sanitize]31,18,“ΉHγ,‚»‚Μ‘Ό,20Ξ‘γ,‚»‚Μ‘Ό,{ω‚Ή‚Έ
ή“,©“]Τ“,¶“c,¶“c‘O,281107,•ΊΙ§,_Λs’†‰›‹ζ,‰Α”[’¬‚R’–Ϊ,2022[sanitize]03[sanitize]29,22,‚SK‚ΔΘγ‹¤“―Z‘ξ,’“Τi—Φjκ,20Ξ‘γ,‚»‚Μ‘Ό,{ω‚Ή‚Έ
ή“,©“]Τ“,¶“c,¶“c‘O,281107,•ΊΙ§,_Λs’†‰›‹ζ,‰Α”[’¬‚R’–Ϊ,2022[sanitize]04[sanitize]05,03,“ΉHγ,‚»‚Μ‘Ό,30Ξ‘γ,‚»‚Μ‘Ό,{ω‚Ή‚Έ
ή“,©“]Τ“,¶“c,¶“c‘O,281107,•ΊΙ§,_Λs’†‰›‹ζ,‰Α”[’¬‚R’–Ϊ,2022[sanitize]08[sanitize]06,02,‚SK‚ΔΘγ‹¤“―Z‘ξ,‚»‚Μ‘Ό,30Ξ‘γ,‚»‚Μ‘Ό,{ω‚µ‚½
ή“,©“]Τ“,¶“c,¶“c‘O,281107,•ΊΙ§,_Λs’†‰›‹ζ,‰Α”[’¬‚S’–Ϊ,2022[sanitize]02[sanitize]01,16,“ΉHγ,‚»‚Μ‘Ό,20Ξ‘γ,‚»‚Μ‘Ό,{ω‚µ‚½
ή“,©“]Τ“,¶“c,¶“c‘O,281107,•ΊΙ§,_Λs’†‰›‹ζ,‰Α”[’¬‚S’–Ϊ,2022[sanitize]03[sanitize]07,11,’“Τi—Φjκ,’“Τi—Φjκ,50Ξ‘γ,‚»‚Μ‘Ό,{ω‚µ‚½
ή“,©“]Τ“,¶“c,¶“c‘O,281107,•ΊΙ§,_Λs’†‰›‹ζ,‰Α”[’¬‚S’–Ϊ,2022[sanitize]06[sanitize]27,19,“ΉHγ,‚»‚Μ‘Ό,20Ξ‘γ,‚»‚Μ‘Ό,{ω‚µ‚½
ή“,©“]Τ“,¶“c,¶“c‘O,281107,•ΊΙ§,_Λs’†‰›‹ζ,‰Α”[’¬‚S’–Ϊ,2022[sanitize]07[sanitize]05,19,“ΉHγ,‚»‚Μ‘Ό,60[sanitize]64Ξ,‚»‚Μ‘Ό,{ω‚Ή‚Έ
ή“,©“]Τ“,¶“c,¶“c‘O,281107,•ΊΙ§,_Λs’†‰›‹ζ,‰Α”[’¬‚S’–Ϊ,2022[sanitize]08[sanitize]09,20,“ΉHγ,‚»‚Μ‘Ό,30Ξ‘γ,‚»‚Μ‘Ό,{ω‚µ‚½
ή“,©“]Τ“,¶“c,¶“c‘O,281107,•ΊΙ§,_Λs’†‰›‹ζ,‰Α”[’¬‚S’–Ϊ,2022[sanitize]08[sanitize]16,07,’“Τi—Φjκ,’“Τi—Φjκ,10Ξ‘γ,’†w¶,{ω‚Ή‚Έ
ή“,©“]Τ“,¶“c,¶“c‘O,281107,•ΊΙ§,_Λs’†‰›‹ζ,‰Α”[’¬‚S’–Ϊ,2022[sanitize]09[sanitize]06,07,’“Τi—Φjκ,’“Τi—Φjκ,10Ξ‘γ,’†w¶,{ω‚Ή‚Έ
ή“,©“]Τ“,¶“c,¶“c‘O,281107,•ΊΙ§,_Λs’†‰›‹ζ,‰Α”[’¬‚S’–Ϊ,2022[sanitize]09[sanitize]13,05,“ΉHγ,‚»‚Μ‘Ό,50Ξ‘γ,‚»‚Μ‘Ό,{ω‚µ‚½
ή“,©“]Τ“,¶“c,¶“c‘O,281107,•ΊΙ§,_Λs’†‰›‹ζ,‰Α”[’¬‚S’–Ϊ,2022[sanitize]09[sanitize]16,22,’“Τi—Φjκ,’“Τi—Φjκ,20Ξ‘γ,‘εw¶,{ω‚Ή‚Έ
ή“,©“]Τ“,¶“c,¶“c‘O,281107,•ΊΙ§,_Λs’†‰›‹ζ,‰Α”[’¬‚S’–Ϊ,2022[sanitize]09[sanitize]20,18,’“Τi—Φjκ,’“Τi—Φjκ,20Ξ‘γ,‚»‚Μ‘Ό,{ω‚Ή‚Έ
ή“,©“]Τ“,¶“c,¶“c‘O,281107,•ΊΙ§,_Λs’†‰›‹ζ,‰Α”[’¬‚S’–Ϊ,2022[sanitize]09[sanitize]20,19,’“Τi—Φjκ,’“Τi—Φjκ,50Ξ‘γ,‚»‚Μ‘Ό,{ω‚µ‚½
ή“,©“]Τ“,¶“c,¶“c‘O,281107,•ΊΙ§,_Λs’†‰›‹ζ,‰Α”[’¬‚S’–Ϊ,2022[sanitize]09[sanitize]21,22,“ΉHγ,‚»‚Μ‘Ό,30Ξ‘γ,‚»‚Μ‘Ό,{ω‚Ή‚Έ
ή“,©“]Τ“,¶“c,¶“c‘O,281107,•ΊΙ§,_Λs’†‰›‹ζ,‰Α”[’¬‚S’–Ϊ,2022[sanitize]09[sanitize]24,17,’“Τi—Φjκ,’“Τi—Φjκ,40Ξ‘γ,‚»‚Μ‘Ό,{ω‚Ή‚Έ
ή“,©“]Τ“,¶“c,¶“c‘O,281107,•ΊΙ§,_Λs’†‰›‹ζ,‰Α”[’¬‚S’–Ϊ,2022[sanitize]10[sanitize]25,20,“ΉHγ,‚»‚Μ‘Ό,30Ξ‘γ,‚»‚Μ‘Ό,{ω‚µ‚½
ή“,©“]Τ“,¶“c,¶“c‘O,281107,•ΊΙ§,_Λs’†‰›‹ζ,‰Α”[’¬‚S’–Ϊ,2022[sanitize]12[sanitize]16,18,‚»‚Μ‘Ό,‚»‚Μ‘Ό,30Ξ‘γ,‚»‚Μ‘Ό,{ω‚µ‚½
ή“,©“]Τ“,¶“c,¶“c‘O,281107,•ΊΙ§,_Λs’†‰›‹ζ,–k’·‹·’Κ‚P’–Ϊ,2022[sanitize]06[sanitize]05,12,“ΉHγ,‚»‚Μ‘Ό,20Ξ‘γ,‚»‚Μ‘Ό,{ω‚µ‚½
ή“,©“]Τ“,¶“c,¶“c‘O,281107,•ΊΙ§,_Λs’†‰›‹ζ,–k’·‹·’Κ‚P’–Ϊ,2022[sanitize]06[sanitize]18,12,’“Τi—Φjκ,’“Τi—Φjκ,30Ξ‘γ,‚»‚Μ‘Ό,{ω‚µ‚½
ή“,©“]Τ“,¶“c,¶“c‘O,281107,•ΊΙ§,_Λs’†‰›‹ζ,–k’·‹·’Κ‚P’–Ϊ,2022[sanitize]06[sanitize]23,17,“ΉHγ,‚»‚Μ‘Ό,10Ξ‘γ,‚»‚Μ‘Ό,{ω‚Ή‚Έ
ή“,©“]Τ“,¶“c,¶“c‘O,281107,•ΊΙ§,_Λs’†‰›‹ζ,–k’·‹·’Κ‚P’–Ϊ,2022[sanitize]07[sanitize]17,23,“ΉHγ,‚»‚Μ‘Ό,20Ξ‘γ,‚»‚Μ‘Ό,{ω‚Ή‚Έ
ή“,©“]Τ“,¶“c,¶“c‘O,281107,•ΊΙ§,_Λs’†‰›‹ζ,–k’·‹·’Κ‚P’–Ϊ,2022[sanitize]08[sanitize]20,16,“ΉHγ,‚»‚Μ‘Ό,30Ξ‘γ,‚»‚Μ‘Ό,{ω‚µ‚½
ή“,©“]Τ“,¶“c,¶“c‘O,281107,•ΊΙ§,_Λs’†‰›‹ζ,–k’·‹·’Κ‚P’–Ϊ,2022[sanitize]08[sanitize]31,15,“ΉHγ,‚»‚Μ‘Ό,20Ξ‘γ,‚»‚Μ‘Ό,{ω‚Ή‚Έ
ή“,©“]Τ“,¶“c,¶“c‘O,281107,•ΊΙ§,_Λs’†‰›‹ζ,–k’·‹·’Κ‚P’–Ϊ,2022[sanitize]09[sanitize]03,13,“ΉHγ,‚»‚Μ‘Ό,20Ξ‘γ,‚»‚Μ‘Ό,{ω‚Ή‚Έ
ή“,©“]Τ“,¶“c,¶“c‘O,281107,•ΊΙ§,_Λs’†‰›‹ζ,–k’·‹·’Κ‚P’–Ϊ,2022[sanitize]09[sanitize]14,18,‚»‚Μ‘Ό,‚»‚Μ‘Ό,50Ξ‘γ,‚»‚Μ‘Ό,{ω‚Ή‚Έ
ή“,©“]Τ“,¶“c,¶“c‘O,281107,•ΊΙ§,_Λs’†‰›‹ζ,–k’·‹·’Κ‚P’–Ϊ,2022[sanitize]10[sanitize]24,22,“ΉHγ,‚»‚Μ‘Ό,20Ξ‘γ,‚»‚Μ‘Ό,{ω‚Ή‚Έ
ή“,©“]Τ“,¶“c,¶“c‘O,281107,•ΊΙ§,_Λs’†‰›‹ζ,–k’·‹·’Κ‚P’–Ϊ,2022[sanitize]11[sanitize]12,18,“ΉHγ,‚»‚Μ‘Ό,20Ξ‘γ,‚»‚Μ‘Ό,{ω‚Ή‚Έ
ή“,©“]Τ“,¶“c,¶“c‘O,281107,•ΊΙ§,_Λs’†‰›‹ζ,–k’·‹·’Κ‚Q’–Ϊ,2021[sanitize]12[sanitize]21,13,“ΉHγ,‚»‚Μ‘Ό,40Ξ‘γ,‚»‚Μ‘Ό,{ω‚µ‚½
ή“,©“]Τ“,¶“c,¶“c‘O,281107,•ΊΙ§,_Λs’†‰›‹ζ,–k’·‹·’Κ‚Q’–Ϊ,2022[sanitize]05[sanitize]24,18,“ΉHγ,‚»‚Μ‘Ό,40Ξ‘γ,‚»‚Μ‘Ό,{ω‚µ‚½
ή“,©“]Τ“,¶“c,¶“c‘O,281107,•ΊΙ§,_Λs’†‰›‹ζ,–k’·‹·’Κ‚Q’–Ϊ,2022[sanitize]09[sanitize]30,22,‚»‚Μ‘Ό,’“Τi—Φjκ,30Ξ‘γ,‚»‚Μ‘Ό,{ω‚µ‚½
ή“,©“]Τ“,¶“c,¶“c‘O,281107,•ΊΙ§,_Λs’†‰›‹ζ,–k’·‹·’Κ‚Q’–Ϊ,2022[sanitize]10[sanitize]10,15,“ΉHγ,‚»‚Μ‘Ό,20Ξ‘γ,‘εw¶,{ω‚µ‚½
ή“,©“]Τ“,¶“c,¶“c‘O,281107,•ΊΙ§,_Λs’†‰›‹ζ,–k’·‹·’Κ‚Q’–Ϊ,2022[sanitize]10[sanitize]19,15,“ΉHγ,‚»‚Μ‘Ό,20Ξ‘γ,‚»‚Μ‘Ό,{ω‚µ‚½
ή“,©“]Τ“,¶“c,¶“c‘O,281107,•ΊΙ§,_Λs’†‰›‹ζ,–k’·‹·’Κ‚Q’–Ϊ,2022[sanitize]11[sanitize]24,13,“ΉHγ,‚»‚Μ‘Ό,20Ξ‘γ,‚»‚Μ‘Ό,{ω‚µ‚½
ή“,©“]Τ“,¶“c,¶“c‘O,281107,•ΊΙ§,_Λs’†‰›‹ζ,‰ΊRθ’Κ‚P’–Ϊ,2022[sanitize]06[sanitize]28,21,“ΉHγ,‚»‚Μ‘Ό,30Ξ‘γ,‚»‚Μ‘Ό,{ω‚µ‚½
ή“,©“]Τ“,¶“c,¶“c‘O,281107,•ΊΙ§,_Λs’†‰›‹ζ,‰ΊRθ’Κ‚Q’–Ϊ,2022[sanitize]03[sanitize]25,01,“ΉHγ,‚»‚Μ‘Ό,20Ξ‘γ,‘εw¶,{ω‚Ή‚Έ
ή“,©“]Τ“,¶“c,¶“c‘O,281107,•ΊΙ§,_Λs’†‰›‹ζ,‰ΊRθ’Κ‚Q’–Ϊ,2022[sanitize]05[sanitize]03,16,‚SK‚ΔΘγ‹¤“―Z‘ξ,‚»‚Μ‘Ό,40Ξ‘γ,‚»‚Μ‘Ό,{ω‚µ‚½
ή“,©“]Τ“,¶“c,¶“c‘O,281107,•ΊΙ§,_Λs’†‰›‹ζ,‰ΊRθ’Κ‚Q’–Ϊ,2022[sanitize]06[sanitize]07,22,“ΉHγ,‚»‚Μ‘Ό,30Ξ‘γ,‚»‚Μ‘Ό,{ω‚µ‚½
ή“,©“]Τ“,¶“c,¶“c‘O,281107,•ΊΙ§,_Λs’†‰›‹ζ,‰ΊRθ’Κ‚Q’–Ϊ,2022[sanitize]06[sanitize]17,18,‚»‚Μ‘Ό,’“Τi—Φjκ,20Ξ‘γ,‚»‚Μ‘Ό,{ω‚µ‚½
ή“,©“]Τ“,¶“c,¶“c‘O,281107,•ΊΙ§,_Λs’†‰›‹ζ,‰ΊRθ’Κ‚Q’–Ϊ,2022[sanitize]07[sanitize]06,19,“ΉHγ,‚»‚Μ‘Ό,30Ξ‘γ,‚»‚Μ‘Ό,{ω‚µ‚½
ή“,©“]Τ“,¶“c,¶“c‘O,281107,•ΊΙ§,_Λs’†‰›‹ζ,‰ΊRθ’Κ‚Q’–Ϊ,2022[sanitize]07[sanitize]19,20,‚SK‚ΔΘγ‹¤“―Z‘ξ,‚»‚Μ‘Ό,20Ξ‘γ,‘εw¶,{ω‚Ή‚Έ
ή“,©“]Τ“,¶“c,¶“c‘O,281107,•ΊΙ§,_Λs’†‰›‹ζ,‰ΊRθ’Κ‚Q’–Ϊ,2022[sanitize]08[sanitize]19,23,“ΉHγ,‚»‚Μ‘Ό,40Ξ‘γ,‚»‚Μ‘Ό,{ω‚µ‚½
ή“,©“]Τ“,¶“c,¶“c‘O,281107,•ΊΙ§,_Λs’†‰›‹ζ,’†Rθ’Κ‚P’–Ϊ,2022[sanitize]01[sanitize]14,19,“ΉHγ,‚»‚Μ‘Ό,50Ξ‘γ,‚»‚Μ‘Ό,{ω‚µ‚½
ή“,©“]Τ“,¶“c,¶“c‘O,281107,•ΊΙ§,_Λs’†‰›‹ζ,’†Rθ’Κ‚P’–Ϊ,2022[sanitize]01[sanitize]15,17,“ΉHγ,‚»‚Μ‘Ό,40Ξ‘γ,‚»‚Μ‘Ό,{ω‚Ή‚Έ
ή“,©“]Τ“,¶“c,¶“c‘O,281107,•ΊΙ§,_Λs’†‰›‹ζ,’†Rθ’Κ‚P’–Ϊ,2022[sanitize]01[sanitize]17,17,“ΉHγ,‚»‚Μ‘Ό,50Ξ‘γ,‚»‚Μ‘Ό,{ω‚µ‚½
ή“,©“]Τ“,¶“c,¶“c‘O,281107,•ΊΙ§,_Λs’†‰›‹ζ,’†Rθ’Κ‚P’–Ϊ,2022[sanitize]04[sanitize]06,00,“ΉHγ,‚»‚Μ‘Ό,20Ξ‘γ,‚»‚Μ‘Ό,{ω‚µ‚½
ή“,©“]Τ“,¶“c,¶“c‘O,281107,•ΊΙ§,_Λs’†‰›‹ζ,’†Rθ’Κ‚P’–Ϊ,2022[sanitize]04[sanitize]09,18,“ΉHγ,‚»‚Μ‘Ό,20Ξ‘γ,‚»‚Μ‘Ό,{ω‚Ή‚Έ
ή“,©“]Τ“,¶“c,¶“c‘O,281107,•ΊΙ§,_Λs’†‰›‹ζ,’†Rθ’Κ‚P’–Ϊ,2022[sanitize]04[sanitize]13,00,“ΉHγ,‚»‚Μ‘Ό,30Ξ‘γ,‚»‚Μ‘Ό,{ω‚µ‚½
ή“,©“]Τ“,¶“c,¶“c‘O,281107,•ΊΙ§,_Λs’†‰›‹ζ,’†Rθ’Κ‚P’–Ϊ,2022[sanitize]05[sanitize]22,02,“ΉHγ,‚»‚Μ‘Ό,20Ξ‘γ,‚»‚Μ‘Ό,{ω‚Ή‚Έ
ή“,©“]Τ“,¶“c,¶“c‘O,281107,•ΊΙ§,_Λs’†‰›‹ζ,’†Rθ’Κ‚P’–Ϊ,2022[sanitize]07[sanitize]20,17,“ΉHγ,‚»‚Μ‘Ό,40Ξ‘γ,‚»‚Μ‘Ό,{ω‚µ‚½
ή“,©“]Τ“,¶“c,¶“c‘O,281107,•ΊΙ§,_Λs’†‰›‹ζ,’†Rθ’Κ‚P’–Ϊ,2022[sanitize]08[sanitize]19,22,“ΉHγ,‚»‚Μ‘Ό,70ΞΘγ,‚»‚Μ‘Ό,{ω‚µ‚½
ή“,©“]Τ“,¶“c,¶“c‘O,281107,•ΊΙ§,_Λs’†‰›‹ζ,’†Rθ’Κ‚P’–Ϊ,2022[sanitize]08[sanitize]20,21,“ΉHγ,‚»‚Μ‘Ό,60[sanitize]64Ξ,‚»‚Μ‘Ό,{ω‚µ‚½
ή“,©“]Τ“,¶“c,¶“c‘O,281107,•ΊΙ§,_Λs’†‰›‹ζ,’†Rθ’Κ‚P’–Ϊ,2022[sanitize]09[sanitize]02,08,“ΉHγ,‚»‚Μ‘Ό,40Ξ‘γ,‚»‚Μ‘Ό,{ω‚µ‚½
ή“,©“]Τ“,¶“c,¶“c‘O,281107,•ΊΙ§,_Λs’†‰›‹ζ,’†Rθ’Κ‚P’–Ϊ,2022[sanitize]09[sanitize]17,23,“ΉHγ,‚»‚Μ‘Ό,30Ξ‘γ,‚»‚Μ‘Ό,{ω‚Ή‚Έ
ή“,©“]Τ“,¶“c,¶“c‘O,281107,•ΊΙ§,_Λs’†‰›‹ζ,’†Rθ’Κ‚P’–Ϊ,2022[sanitize]10[sanitize]19,16,“ΉHγ,‚»‚Μ‘Ό,30Ξ‘γ,‚»‚Μ‘Ό,{ω‚µ‚½
ή“,©“]Τ“,¶“c,¶“c‘O,281107,•ΊΙ§,_Λs’†‰›‹ζ,’†Rθ’Κ‚P’–Ϊ,2022[sanitize]12[sanitize]15,22,‚SK‚ΔΘγ‹¤“―Z‘ξ,’“Τi—Φjκ,40Ξ‘γ,‚»‚Μ‘Ό,{ω‚Ή‚Έ
ή“,©“]Τ“,¶“c,¶“c‘O,281107,•ΊΙ§,_Λs’†‰›‹ζ,’†Rθ’Κ‚Q’–Ϊ,2022[sanitize]04[sanitize]09,19,“ΉHγ,‚»‚Μ‘Ό,30Ξ‘γ,‚»‚Μ‘Ό,{ω‚µ‚½
ή“,©“]Τ“,¶“c,¶“c‘O,281107,•ΊΙ§,_Λs’†‰›‹ζ,’†Rθ’Κ‚Q’–Ϊ,2022[sanitize]05[sanitize]16,22,‚SK‚ΔΘγ‹¤“―Z‘ξ,’“Τi—Φjκ,20Ξ‘γ,‚»‚Μ‘Ό,{ω‚µ‚½
ή“,©“]Τ“,¶“c,¶“c‘O,281107,•ΊΙ§,_Λs’†‰›‹ζ,’†Rθ’Κ‚Q’–Ϊ,2022[sanitize]05[sanitize]16,22,‚SK‚ΔΘγ‹¤“―Z‘ξ,’“Τi—Φjκ,30Ξ‘γ,‚»‚Μ‘Ό,{ω‚µ‚½
ή“,©“]Τ“,¶“c,¶“c‘O,281107,•ΊΙ§,_Λs’†‰›‹ζ,’†Rθ’Κ‚Q’–Ϊ,2022[sanitize]08[sanitize]07,14,“ΉHγ,‚»‚Μ‘Ό,30Ξ‘γ,‚»‚Μ‘Ό,{ω‚Ή‚Έ
ή“,©“]Τ“,¶“c,¶“c‘O,281107,•ΊΙ§,_Λs’†‰›‹ζ,’†Rθ’Κ‚Q’–Ϊ,2022[sanitize]11[sanitize]27,13,“ΉHγ,‚»‚Μ‘Ό,40Ξ‘γ,‚»‚Μ‘Ό,{ω‚Ή‚Έ
ή“,©“]Τ“,¶“c,¶“c‘O,281107,•ΊΙ§,_Λs’†‰›‹ζ,’†Rθ’Κ‚Q’–Ϊ,2022[sanitize]12[sanitize]03,03,“ΉHγ,‚»‚Μ‘Ό,30Ξ‘γ,‚»‚Μ‘Ό,{ω‚µ‚½
ή“,©“]Τ“,¶“c,¶“c‘O,281107,•ΊΙ§,_Λs’†‰›‹ζ,’†Rθ’Κ‚R’–Ϊ,2022[sanitize]03[sanitize]09,20,‚SK‚ΔΘγ‹¤“―Z‘ξ,’“Τi—Φjκ,10Ξ‘γ,¬w¶,{ω‚µ‚½
ή“,©“]Τ“,¶“c,z–KR,281107,•ΊΙ§,_Λs’†‰›‹ζ,’†Rθ’Κ‚S’–Ϊ,2022[sanitize]07[sanitize]30,22,‚SK‚ΔΘγ‹¤“―Z‘ξ,’“Τi—Φjκ,30Ξ‘γ,‚»‚Μ‘Ό,{ω‚Ή‚Έ
ή“,©“]Τ“,¶“c,z–KR,281107,•ΊΙ§,_Λs’†‰›‹ζ,’†Rθ’Κ‚S’–Ϊ,2022[sanitize]08[sanitize]26,22,’“Τi—Φjκ,’“Τi—Φjκ,40Ξ‘γ,‚»‚Μ‘Ό,{ω‚µ‚½
ή“,©“]Τ“,¶“c,z–KR,281107,•ΊΙ§,_Λs’†‰›‹ζ,’†Rθ’Κ‚S’–Ϊ,2022[sanitize]10[sanitize]13,22,’“Τi—Φjκ,’“Τi—Φjκ,20Ξ‘γ,‚»‚Μ‘Ό,{ω‚µ‚½
ή“,©“]Τ“,¶“c,z–KR,281107,•ΊΙ§,_Λs’†‰›‹ζ,R–{’Κ‚R’–Ϊ,2021[sanitize]12[sanitize]24,12,‚»‚Μ‘Ό,’“Τi—Φjκ,30Ξ‘γ,‚»‚Μ‘Ό,{ω‚Ή‚Έ
ή“,©“]Τ“,¶“c,z–KR,281107,•ΊΙ§,_Λs’†‰›‹ζ,R–{’Κ‚R’–Ϊ,2022[sanitize]04[sanitize]25,12,“ΉHγ,‚»‚Μ‘Ό,20Ξ‘γ,‚»‚Μ‘Ό,{ω‚Ή‚Έ
ή“,©“]Τ“,¶“c,z–KR,281107,•ΊΙ§,_Λs’†‰›‹ζ,R–{’Κ‚S’–Ϊ,2022[sanitize]09[sanitize]25,19,’“Τi—Φjκ,’“Τi—Φjκ,10Ξ‘γ,¬w¶,{ω‚Ή‚Έ
ή“,©“]Τ“,¶“c,z–KR,281107,•ΊΙ§,_Λs’†‰›‹ζ,R–{’Κ‚S’–Ϊ,2022[sanitize]10[sanitize]11,12,’“Τi—Φjκ,’“Τi—Φjκ,10Ξ‘γ,‘εw¶,{ω‚µ‚½
ή“,©“]Τ“,¶“c,z–KR,281107,•ΊΙ§,_Λs’†‰›‹ζ,R–{’Κ‚T’–Ϊ,2022[sanitize]08[sanitize]27,17,‚SK‚ΔΘγ‹¤“―Z‘ξ,‚»‚Μ‘Ό,40Ξ‘γ,‚»‚Μ‘Ό,{ω‚Ή‚Έ
ή“,©“]Τ“,¶“c,z–KR,281107,•ΊΙ§,_Λs’†‰›‹ζ,R–{’Κ‚T’–Ϊ,2022[sanitize]10[sanitize]18,20,‚»‚Μ‘Ό‚ΜZ‘ξi‚RK‚ΔΘ‰Ί‹¤“―Z‘ξ“™j,‚»‚Μ‘Ό,40Ξ‘γ,‚»‚Μ‘Ό,{ω‚Ή‚Έ
ή“,©“]Τ“,¶“c,,281069,•ΊΙ§,_Λs’·“c‹ζ,_y’¬‚R’–Ϊ,2022[sanitize]10[sanitize]12,12,‚SK‚ΔΘγ‹¤“―Z‘ξ,’“Τi—Φjκ,30Ξ‘γ,‚»‚Μ‘Ό,{ω‚Ή‚Έ
ή“,©“]Τ“,¶“c,,281069,•ΊΙ§,_Λs’·“c‹ζ,_y’¬‚R’–Ϊ,2022[sanitize]10[sanitize]12,12,‚SK‚ΔΘγ‹¤“―Z‘ξ,’“Τi—Φjκ,30Ξ‘γ,‚»‚Μ‘Ό,{ω‚Ή‚Έ
ή“,©“]Τ“,¶“c,,281107,•ΊΙ§,_Λs’†‰›‹ζ,‰Α”[’¬‚Q’–Ϊ,2021[sanitize]09[sanitize]25,20,“ΉHγ,‚»‚Μ‘Ό,30Ξ‘γ,‚»‚Μ‘Ό,{ω‚µ‚½
ή“,©“]Τ“,¶“c,,281107,•ΊΙ§,_Λs’†‰›‹ζ,–k’·‹·’Κ‚V’–Ϊ,2021[sanitize]07[sanitize]01,•s–Ύ,“ΉHγ,‚»‚Μ‘Ό,30Ξ‘γ,‚»‚Μ‘Ό,{ω‚µ‚½
ή“,©“]Τ“,•ΊΙ,µ‹{,281051,•ΊΙ§,_Λs•ΊΙ‹ζ,’b–θ‰®’¬‚Q’–Ϊ,2022[sanitize]05[sanitize]16,07,‚SK‚ΔΘγ‹¤“―Z‘ξ,’“Τi—Φjκ,10Ξ‘γ,’†w¶,{ω‚Ή‚Έ
ή“,©“]Τ“,•ΊΙ,µ‹{,281051,•ΊΙ§,_Λs•ΊΙ‹ζ,–k‹t£μ’¬,2022[sanitize]04[sanitize]08,03,“ΉHγ,‚»‚Μ‘Ό,20Ξ‘γ,‚»‚Μ‘Ό,{ω‚Ή‚Έ
ή“,©“]Τ“,•ΊΙ,µ‹{,281051,•ΊΙ§,_Λs•ΊΙ‹ζ,–k‹t£μ’¬,2022[sanitize]10[sanitize]15,12,‚SK‚ΔΘγ‹¤“―Z‘ξ,’“Τi—Φjκ,40Ξ‘γ,‚»‚Μ‘Ό,{ω‚Ή‚Έ
ή“,©“]Τ“,•ΊΙ,µ‹{,281051,•ΊΙ§,_Λs•ΊΙ‹ζ,µ‹{’¬‚Q’–Ϊ,2022[sanitize]12[sanitize]03,15,“ΉHγ,‚»‚Μ‘Ό,40Ξ‘γ,‚»‚Μ‘Ό,{ω‚Ή‚Έ
ή“,©“]Τ“,•ΊΙ,µ‹{,281051,•ΊΙ§,_Λs•ΊΙ‹ζ,“‡γ’¬‚Q’–Ϊ,2022[sanitize]09[sanitize]12,17,‚SK‚ΔΘγ‹¤“―Z‘ξ,’“Τi—Φjκ,70ΞΘγ,‚»‚Μ‘Ό,{ω‚µ‚½
ή“,©“]Τ“,•ΊΙ,µ‹{,281051,•ΊΙ§,_Λs•ΊΙ‹ζ,Ό‹{“ΰ’¬,2022[sanitize]02[sanitize]23,12,‚»‚Μ‘Ό,’“Τi—Φjκ,40Ξ‘γ,‚»‚Μ‘Ό,{ω‚µ‚½
ή“,©“]Τ“,•ΊΙ,µ‹{,281051,•ΊΙ§,_Λs•ΊΙ‹ζ,Ό‹{“ΰ’¬,2022[sanitize]08[sanitize]20,16,‚SK‚ΔΘγ‹¤“―Z‘ξ,’“Τi—Φjκ,40Ξ‘γ,‚»‚Μ‘Ό,{ω‚Ή‚Έ
ή“,©“]Τ“,•ΊΙ,µ‹{,281051,•ΊΙ§,_Λs•ΊΙ‹ζ,Ό–φ΄’¬,2022[sanitize]09[sanitize]22,23,‚»‚Μ‘Ό‚ΜZ‘ξi‚RK‚ΔΘ‰Ί‹¤“―Z‘ξ“™j,’“Τi—Φjκ,20Ξ‘γ,‚»‚Μ‘Ό,{ω‚µ‚½
ή“,©“]Τ“,•ΊΙ,µ‹{,281051,•ΊΙ§,_Λs•ΊΙ‹ζ,•lθ’Κ,2022[sanitize]05[sanitize]03,11,“ΉHγ,‚»‚Μ‘Ό,20Ξ‘γ,‚»‚Μ‘Ό,{ω‚Ή‚Έ
ή“,©“]Τ“,•ΊΙ,µ‹{,281051,•ΊΙ§,_Λs•ΊΙ‹ζ,•lθ’Κ,2022[sanitize]10[sanitize]17,12,‚SK‚ΔΘγ‹¤“―Z‘ξ,’“Τi—Φjκ,30Ξ‘γ,‚»‚Μ‘Ό,{ω‚Ή‚Έ
ή“,©“]Τ“,•ΊΙ,µ‹{,281051,•ΊΙ§,_Λs•ΊΙ‹ζ,•lθ’Κ,2022[sanitize]11[sanitize]08,13,‚»‚Μ‘Ό,’“Τi—Φjκ,20Ξ‘γ,‚»‚Μ‘Ό,{ω‚µ‚½
ή“,©“]Τ“,•ΊΙ,µ‹{,281051,•ΊΙ§,_Λs•ΊΙ‹ζ,•lθ’Κ,2022[sanitize]11[sanitize]28,18,’“Τi—Φjκ,’“Τi—Φjκ,30Ξ‘γ,‚»‚Μ‘Ό,{ω‚Ή‚Έ
ή“,©“]Τ“,•ΊΙ,µ‹{,281051,•ΊΙ§,_Λs•ΊΙ‹ζ,“–φ΄’¬,2022[sanitize]08[sanitize]27,17,“ΉHγ,‚»‚Μ‘Ό,40Ξ‘γ,‚»‚Μ‘Ό,{ω‚Ή‚Έ
ή“,©“]Τ“,•ΊΙ,µ‹{,281051,•ΊΙ§,_Λs•ΊΙ‹ζ,•ΊΙ’¬‚P’–Ϊ,2022[sanitize]05[sanitize]21,20,“ΉHγ,‚»‚Μ‘Ό,30Ξ‘γ,‚»‚Μ‘Ό,{ω‚Ή‚Έ
ή“,©“]Τ“,•ΊΙ,µ‹{,281051,•ΊΙ§,_Λs•ΊΙ‹ζ,•ΊΙ’¬‚P’–Ϊ,2022[sanitize]08[sanitize]01,20,κΛZ‘ξ,’“Τi—Φjκ,10Ξ‘γ,‚Z¶,{ω‚µ‚½
ή“,©“]Τ“,•ΊΙ,µ‹{,281051,•ΊΙ§,_Λs•ΊΙ‹ζ,•ΊΙ’¬‚P’–Ϊ,2022[sanitize]09[sanitize]13,09,“ΉHγ,‚»‚Μ‘Ό,50Ξ‘γ,‚»‚Μ‘Ό,{ω‚µ‚½
ή“,©“]Τ“,•ΊΙ,µ‹{,281051,•ΊΙ§,_Λs•ΊΙ‹ζ,Oμϋ’¬‚P’–Ϊ,2022[sanitize]06[sanitize]10,14,“ΉHγ,‚»‚Μ‘Ό,40Ξ‘γ,‚»‚Μ‘Ό,{ω‚Ή‚Έ
ή“,©“]Τ“,•ΊΙ,µ‹{,281051,•ΊΙ§,_Λs•ΊΙ‹ζ,Oμϋ’¬‚P’–Ϊ,2022[sanitize]06[sanitize]24,20,“ΉHγ,‚»‚Μ‘Ό,10Ξ‘γ,’†w¶,{ω‚µ‚½
ή“,©“]Τ“,•ΊΙ,µ‹{,281051,•ΊΙ§,_Λs•ΊΙ‹ζ,Oμϋ’¬‚P’–Ϊ,2022[sanitize]12[sanitize]01,23,κΛZ‘ξ,’“Τi—Φjκ,10Ξ‘γ,¬w¶,{ω‚Ή‚Έ
ή“,©“]Τ“,•ΊΙ,µ‹{,281051,•ΊΙ§,_Λs•ΊΙ‹ζ,–εϋ’¬,2022[sanitize]01[sanitize]28,18,“ΉHγ,‚»‚Μ‘Ό,40Ξ‘γ,‚»‚Μ‘Ό,{ω‚µ‚½
ή“,©“]Τ“,•ΊΙ,µ‹{,281051,•ΊΙ§,_Λs•ΊΙ‹ζ,–εϋ’¬,2022[sanitize]06[sanitize]13,16,’“Τi—Φjκ,’“Τi—Φjκ,10Ξ‘γ,¬w¶,{ω‚Ή‚Έ
ή“,©“]Τ“,•ΊΙ,µ‹{,281051,•ΊΙ§,_Λs•ΊΙ‹ζ,–εϋ’¬,2022[sanitize]09[sanitize]28,21,‚SK‚ΔΘγ‹¤“―Z‘ξ,’“Τi—Φjκ,20Ξ‘γ,‚»‚Μ‘Ό,{ω‚µ‚½
ή“,©“]Τ“,•ΊΙ,’†”V“‡,281051,•ΊΙ§,_Λs•ΊΙ‹ζ,’†”V“‡‚Q’–Ϊ,2022[sanitize]04[sanitize]22,07,‚»‚Μ‘Ό,’“Τi—Φjκ,10Ξ‘γ,‚Z¶,{ω‚Ή‚Έ
ή“,©“]Τ“,•ΊΙ,’†”V“‡,281051,•ΊΙ§,_Λs•ΊΙ‹ζ,’†”V“‡‚Q’–Ϊ,2022[sanitize]05[sanitize]16,16,‚»‚Μ‘Ό,’“Τi—Φjκ,10Ξ‘γ,’†w¶,{ω‚Ή‚Έ
ή“,©“]Τ“,•ΊΙ,’†”V“‡,281051,•ΊΙ§,_Λs•ΊΙ‹ζ,’†”V“‡‚Q’–Ϊ,2022[sanitize]05[sanitize]16,16,‚»‚Μ‘Ό,’“Τi—Φjκ,10Ξ‘γ,’†w¶,{ω‚Ή‚Έ
ή“,©“]Τ“,•ΊΙ,’†”V“‡,281051,•ΊΙ§,_Λs•ΊΙ‹ζ,’†”V“‡‚Q’–Ϊ,2022[sanitize]07[sanitize]11,16,‚»‚Μ‘Ό,’“Τi—Φjκ,10Ξ‘γ,¬w¶,{ω‚Ή‚Έ
ή“,©“]Τ“,•ΊΙ,’†”V“‡,281051,•ΊΙ§,_Λs•ΊΙ‹ζ,’†”V“‡‚Q’–Ϊ,2022[sanitize]08[sanitize]05,10,‚»‚Μ‘Ό,’“Τi—Φjκ,40Ξ‘γ,‚»‚Μ‘Ό,{ω‚Ή‚Έ
ή“,©“]Τ“,•ΊΙ,’†”V“‡,281051,•ΊΙ§,_Λs•ΊΙ‹ζ,’†”V“‡‚Q’–Ϊ,2022[sanitize]08[sanitize]12,20,‚»‚Μ‘Ό,’“Τi—Φjκ,10Ξ‘γ,’†w¶,{ω‚Ή‚Έ
ή“,©“]Τ“,•ΊΙ,’†”V“‡,281051,•ΊΙ§,_Λs•ΊΙ‹ζ,’†”V“‡‚Q’–Ϊ,2022[sanitize]08[sanitize]17,07,‚»‚Μ‘Ό,’“Τi—Φjκ,20Ξ‘γ,‚»‚Μ‘Ό,{ω‚Ή‚Έ
ή“,©“]Τ“,•ΊΙ,’†”V“‡,281051,•ΊΙ§,_Λs•ΊΙ‹ζ,’†”V“‡‚Q’–Ϊ,2022[sanitize]08[sanitize]25,16,‚»‚Μ‘Ό,’“Τi—Φjκ,70ΞΘγ,‚»‚Μ‘Ό,{ω‚Ή‚Έ
ή“,©“]Τ“,•ΊΙ,’†”V“‡,281051,•ΊΙ§,_Λs•ΊΙ‹ζ,‘D‘εH’¬,2022[sanitize]07[sanitize]23,17,“ΉHγ,‚»‚Μ‘Ό,10Ξ‘γ,‚»‚Μ‘Ό,{ω‚µ‚½
ή“,©“]Τ“,•ΊΙ,’†”V“‡,281051,•ΊΙ§,_Λs•ΊΙ‹ζ,a“cθ’¬‚R’–Ϊ,2022[sanitize]01[sanitize]16,14,‚»‚Μ‘Ό‚ΜZ‘ξi‚RK‚ΔΘ‰Ί‹¤“―Z‘ξ“™j,’“Τi—Φjκ,20Ξ‘γ,‚»‚Μ‘Ό,{ω‚Ή‚Έ
ή“,©“]Τ“,•ΊΙ,•ΊΙ‰w‘O,281051,•ΊΙ§,_Λs•ΊΙ‹ζ,‰w‘O’Κ‚P’–Ϊ,2022[sanitize]02[sanitize]10,17,’“Τi—Φjκ,’“Τi—Φjκ,30Ξ‘γ,‚»‚Μ‘Ό,{ω‚µ‚½
ή“,©“]Τ“,•ΊΙ,•ΊΙ‰w‘O,281051,•ΊΙ§,_Λs•ΊΙ‹ζ,‰w‘O’Κ‚P’–Ϊ,2022[sanitize]07[sanitize]21,13,‚»‚Μ‘Ό,’“Τi—Φjκ,20Ξ‘γ,‚»‚Μ‘Ό,{ω‚Ή‚Έ
ή“,©“]Τ“,•ΊΙ,•ΊΙ‰w‘O,281051,•ΊΙ§,_Λs•ΊΙ‹ζ,‰w‘O’Κ‚P’–Ϊ,2022[sanitize]08[sanitize]28,13,‚»‚Μ‘Ό,’“Τi—Φjκ,50Ξ‘γ,‚»‚Μ‘Ό,{ω‚µ‚½
ή“,©“]Τ“,•ΊΙ,•ΊΙ‰w‘O,281051,•ΊΙ§,_Λs•ΊΙ‹ζ,‰w‘O’Κ‚P’–Ϊ,2022[sanitize]09[sanitize]18,08,‚»‚Μ‘Ό,’“Τi—Φjκ,20Ξ‘γ,‚»‚Μ‘Ό,{ω‚µ‚½
ή“,©“]Τ“,•ΊΙ,•ΊΙ‰w‘O,281051,•ΊΙ§,_Λs•ΊΙ‹ζ,‰w‘O’Κ‚P’–Ϊ,2022[sanitize]09[sanitize]18,10,‚»‚Μ‘Ό,’“Τi—Φjκ,20Ξ‘γ,‚»‚Μ‘Ό,{ω‚Ή‚Έ
ή“,©“]Τ“,•ΊΙ,•ΊΙ‰w‘O,281051,•ΊΙ§,_Λs•ΊΙ‹ζ,‰w‘O’Κ‚P’–Ϊ,2022[sanitize]09[sanitize]22,07,’“Τi—Φjκ,’“Τi—Φjκ,50Ξ‘γ,‚»‚Μ‘Ό,{ω‚µ‚½
ή“,©“]Τ“,•ΊΙ,•ΊΙ‰w‘O,281051,•ΊΙ§,_Λs•ΊΙ‹ζ,‰w‘O’Κ‚P’–Ϊ,2022[sanitize]10[sanitize]17,20,‚»‚Μ‘Ό,’“Τi—Φjκ,20Ξ‘γ,‚»‚Μ‘Ό,{ω‚µ‚½
ή“,©“]Τ“,•ΊΙ,•ΊΙ‰w‘O,281051,•ΊΙ§,_Λs•ΊΙ‹ζ,‰w‘O’Κ‚P’–Ϊ,2022[sanitize]12[sanitize]06,11,‚»‚Μ‘Ό,’“Τi—Φjκ,70ΞΘγ,‚»‚Μ‘Ό,{ω‚µ‚½
ή“,©“]Τ“,•ΊΙ,•ΊΙ‰w‘O,281051,•ΊΙ§,_Λs•ΊΙ‹ζ,‰w‘O’Κ‚P’–Ϊ,2022[sanitize]12[sanitize]07,15,‚»‚Μ‘Ό,’“Τi—Φjκ,30Ξ‘γ,‚»‚Μ‘Ό,{ω‚µ‚½
ή“,©“]Τ“,•ΊΙ,•ΊΙ‰w‘O,281051,•ΊΙ§,_Λs•ΊΙ‹ζ,‰w‘O’Κ‚P’–Ϊ,2022[sanitize]12[sanitize]10,17,‚»‚Μ‘Ό,’“Τi—Φjκ,20Ξ‘γ,‚»‚Μ‘Ό,{ω‚µ‚½
ή“,©“]Τ“,•ΊΙ,•ΊΙ‰w‘O,281051,•ΊΙ§,_Λs•ΊΙ‹ζ,‰w‘O’Κ‚P’–Ϊ,2022[sanitize]12[sanitize]23,09,’“Τi—Φjκ,’“Τi—Φjκ,10Ξ‘γ,‚Z¶,{ω‚Ή‚Έ
ή“,©“]Τ“,•ΊΙ,•ΊΙ‰w‘O,281051,•ΊΙ§,_Λs•ΊΙ‹ζ,‰w‘O’Κ‚P’–Ϊ,2022[sanitize]12[sanitize]26,16,’“Τi—Φjκ,’“Τi—Φjκ,65[sanitize]69Ξ,‚»‚Μ‘Ό,{ω‚µ‚½
ή“,©“]Τ“,•ΊΙ,•ΊΙ‰w‘O,281051,•ΊΙ§,_Λs•ΊΙ‹ζ,‰w‘O’Κ‚Q’–Ϊ,2022[sanitize]09[sanitize]30,06,‚SK‚ΔΘγ‹¤“―Z‘ξ,’“Τi—Φjκ,50Ξ‘γ,‚»‚Μ‘Ό,{ω‚µ‚½
ή“,©“]Τ“,•ΊΙ,•ΊΙ‰w‘O,281051,•ΊΙ§,_Λs•ΊΙ‹ζ,‰w‘O’Κ‚R’–Ϊ,2022[sanitize]10[sanitize]13,07,“ΉHγ,‚»‚Μ‘Ό,60[sanitize]64Ξ,‚»‚Μ‘Ό,{ω‚Ή‚Έ
ή“,©“]Τ“,•ΊΙ,•ΊΙ‰w‘O,281051,•ΊΙ§,_Λs•ΊΙ‹ζ,‰w‘O’Κ‚S’–Ϊ,2022[sanitize]11[sanitize]14,20,‚»‚Μ‘Ό‚ΜZ‘ξi‚RK‚ΔΘ‰Ί‹¤“―Z‘ξ“™j,’“Τi—Φjκ,20Ξ‘γ,‚»‚Μ‘Ό,{ω‚Ή‚Έ
ή“,©“]Τ“,•ΊΙ,•ΊΙ‰w‘O,281051,•ΊΙ§,_Λs•ΊΙ‹ζ,‰w‘O’Κ‚T’–Ϊ,2022[sanitize]06[sanitize]13,22,“ΉHγ,‚»‚Μ‘Ό,20Ξ‘γ,‘εw¶,{ω‚Ή‚Έ
ή“,©“]Τ“,•ΊΙ,•ΊΙ‰w‘O,281051,•ΊΙ§,_Λs•ΊΙ‹ζ,‰w‘O’Κ‚T’–Ϊ,2022[sanitize]07[sanitize]06,19,‚SK‚ΔΘγ‹¤“―Z‘ξ,’“Τi—Φjκ,10Ξ‘γ,¬w¶,{ω‚µ‚½
ή“,©“]Τ“,•ΊΙ,•ΊΙ‰w‘O,281051,•ΊΙ§,_Λs•ΊΙ‹ζ,‰w‘O’Κ‚T’–Ϊ,2022[sanitize]10[sanitize]24,09,’“Τi—Φjκ,’“Τi—Φjκ,70ΞΘγ,‚»‚Μ‘Ό,{ω‚µ‚½
ή“,©“]Τ“,•ΊΙ,•ΊΙ‰w‘O,281051,•ΊΙ§,_Λs•ΊΙ‹ζ,‰w‘O’Κ‚T’–Ϊ,2022[sanitize]12[sanitize]29,12,’“Τi—Φjκ,’“Τi—Φjκ,50Ξ‘γ,‚»‚Μ‘Ό,{ω‚µ‚½
ή“,©“]Τ“,•ΊΙ,•ΊΙ‰w‘O,281051,•ΊΙ§,_Λs•ΊΙ‹ζ,‰w‘O’Κ‚T’–Ϊ,2022[sanitize]12[sanitize]29,13,’“Τi—Φjκ,’“Τi—Φjκ,20Ξ‘γ,‚»‚Μ‘Ό,{ω‚Ή‚Έ
ή“,©“]Τ“,•ΊΙ,•ΊΙ‰w‘O,281051,•ΊΙ§,_Λs•ΊΙ‹ζ,‰w“μ’Κ‚T’–Ϊ,2022[sanitize]01[sanitize]30,10,‚»‚Μ‘Ό,’“Τi—Φjκ,40Ξ‘γ,‚»‚Μ‘Ό,{ω‚µ‚½
ή“,©“]Τ“,•ΊΙ,•ΊΙ‰w‘O,281051,•ΊΙ§,_Λs•ΊΙ‹ζ,‰w“μ’Κ‚T’–Ϊ,2022[sanitize]07[sanitize]15,00,‚SK‚ΔΘγ‹¤“―Z‘ξ,’“Τi—Φjκ,10Ξ‘γ,‚»‚Μ‘Ό,{ω‚µ‚½
ή“,©“]Τ“,•ΊΙ,•ΊΙ‰w‘O,281051,•ΊΙ§,_Λs•ΊΙ‹ζ,‰w“μ’Κ‚T’–Ϊ,2022[sanitize]07[sanitize]26,20,‚»‚Μ‘Ό,’“Τi—Φjκ,20Ξ‘γ,‚»‚Μ‘Ό,{ω‚Ή‚Έ
ή“,©“]Τ“,•ΊΙ,•ΊΙ‰w‘O,281051,•ΊΙ§,_Λs•ΊΙ‹ζ,‰w“μ’Κ‚T’–Ϊ,2022[sanitize]10[sanitize]23,07,‚»‚Μ‘Ό,’“Τi—Φjκ,10Ξ‘γ,’†w¶,{ω‚Ή‚Έ
ή“,©“]Τ“,•ΊΙ,•ΊΙ‰w‘O,281051,•ΊΙ§,_Λs•ΊΙ‹ζ,‰w“μ’Κ‚T’–Ϊ,2022[sanitize]11[sanitize]14,18,“ΉHγ,‚»‚Μ‘Ό,20Ξ‘γ,‚»‚Μ‘Ό,{ω‚Ή‚Έ
ή“,©“]Τ“,•ΊΙ,•ΊΙ‰w‘O,281051,•ΊΙ§,_Λs•ΊΙ‹ζ,‰w“μ’Κ‚T’–Ϊ,2022[sanitize]12[sanitize]05,13,‚»‚Μ‘Ό,’“Τi—Φjκ,70ΞΘγ,‚»‚Μ‘Ό,{ω‚µ‚½
ή“,©“]Τ“,•ΊΙ,•ΊΙ‰w‘O,281051,•ΊΙ§,_Λs•ΊΙ‹ζ,‰w“μ’Κ‚T’–Ϊ,2022[sanitize]12[sanitize]11,17,“ΉHγ,‚»‚Μ‘Ό,10Ξ‘γ,‚Z¶,{ω‚µ‚½
ή“,©“]Τ“,•ΊΙ,•ΊΙ‰w‘O,281051,•ΊΙ§,_Λs•ΊΙ‹ζ,‘εJ’Κ‚W’–Ϊ,2022[sanitize]04[sanitize]16,20,‚SK‚ΔΘγ‹¤“―Z‘ξ,’“Τi—Φjκ,20Ξ‘γ,‚»‚Μ‘Ό,{ω‚Ή‚Έ
ή“,©“]Τ“,•ΊΙ,•ΊΙ‰w‘O,281051,•ΊΙ§,_Λs•ΊΙ‹ζ,‘εJ’Κ‚W’–Ϊ,2022[sanitize]06[sanitize]30,22,‚SK‚ΔΘγ‹¤“―Z‘ξ,’“Τi—Φjκ,10Ξ‘γ,‚Z¶,{ω‚µ‚½
ή“,©“]Τ“,•ΊΙ,•ΊΙ‰w‘O,281051,•ΊΙ§,_Λs•ΊΙ‹ζ,‘εJ’Κ‚W’–Ϊ,2022[sanitize]08[sanitize]24,14,“ΉHγ,‚»‚Μ‘Ό,30Ξ‘γ,‚»‚Μ‘Ό,{ω‚Ή‚Έ
ή“,©“]Τ“,•ΊΙ,•ΊΙ‰w‘O,281051,•ΊΙ§,_Λs•ΊΙ‹ζ,‘εJ’Κ‚W’–Ϊ,2022[sanitize]08[sanitize]26,17,‚SK‚ΔΘγ‹¤“―Z‘ξ,’“Τi—Φjκ,10Ξ‘γ,’†w¶,{ω‚µ‚½
ή“,©“]Τ“,•ΊΙ,•ΊΙ‰w‘O,281051,•ΊΙ§,_Λs•ΊΙ‹ζ,‘εJ’Κ‚W’–Ϊ,2022[sanitize]09[sanitize]03,23,“ΉHγ,‚»‚Μ‘Ό,10Ξ‘γ,‚»‚Μ‘Ό,{ω‚µ‚½
ή“,©“]Τ“,•ΊΙ,•ΊΙ‰w‘O,281051,•ΊΙ§,_Λs•ΊΙ‹ζ,‘εJ’Κ‚W’–Ϊ,2022[sanitize]12[sanitize]23,20,’“Τi—Φjκ,’“Τi—Φjκ,20Ξ‘γ,‚»‚Μ‘Ό,{ω‚Ή‚Έ
ή“,©“]Τ“,•ΊΙ,•ΊΙ‰w‘O,281051,•ΊΙ§,_Λs•ΊΙ‹ζ,‘εJ’Κ‚X’–Ϊ,2022[sanitize]06[sanitize]09,16,“ΉHγ,‚»‚Μ‘Ό,10Ξ–Ά–,¬w¶,{ω‚Ή‚Έ
ή“,©“]Τ“,•ΊΙ,•ΊΙ‰w‘O,281051,•ΊΙ§,_Λs•ΊΙ‹ζ,‘εJ’Κ‚P‚O’–Ϊ,2022[sanitize]04[sanitize]09,21,’“Τi—Φjκ,’“Τi—Φjκ,10Ξ‘γ,‘εw¶,{ω‚Ή‚Έ
ή“,©“]Τ“,•ΊΙ,•ΊΙ‰w‘O,281051,•ΊΙ§,_Λs•ΊΙ‹ζ,‘εJ’Κ‚P‚O’–Ϊ,2022[sanitize]07[sanitize]06,12,“ΉHγ,‚»‚Μ‘Ό,10Ξ‘γ,‚Z¶,{ω‚Ή‚Έ
ή“,©“]Τ“,•ΊΙ,•ΊΙ‰w‘O,281051,•ΊΙ§,_Λs•ΊΙ‹ζ,’Λ–{’Κ‚V’–Ϊ,2022[sanitize]06[sanitize]17,08,“ΉHγ,‚»‚Μ‘Ό,30Ξ‘γ,‚»‚Μ‘Ό,{ω‚Ή‚Έ
ή“,©“]Τ“,•ΊΙ,•ΊΙ‰w‘O,281051,•ΊΙ§,_Λs•ΊΙ‹ζ,‰Hβ’Κ‚S’–Ϊ,2022[sanitize]06[sanitize]10,18,’“Τi—Φjκ,’“Τi—Φjκ,40Ξ‘γ,‚»‚Μ‘Ό,{ω‚µ‚½
ή“,©“]Τ“,•ΊΙ,•ΊΙ‰w‘O,281051,•ΊΙ§,_Λs•ΊΙ‹ζ,‰Hβ’Κ‚S’–Ϊ,2022[sanitize]06[sanitize]19,18,‚SK‚ΔΘγ‹¤“―Z‘ξ,’“Τi—Φjκ,20Ξ‘γ,‚»‚Μ‘Ό,{ω‚µ‚½
ή“,©“]Τ“,•ΊΙ,•ΊΙ‰w‘O,281051,•ΊΙ§,_Λs•ΊΙ‹ζ,‰Hβ’Κ‚S’–Ϊ,2022[sanitize]08[sanitize]22,05,’“Τi—Φjκ,’“Τi—Φjκ,40Ξ‘γ,‚»‚Μ‘Ό,{ω‚µ‚½
ή“,©“]Τ“,•ΊΙ,‘εJ,281051,•ΊΙ§,_Λs•ΊΙ‹ζ,‘εJ’Κ‚R’–Ϊ,2022[sanitize]09[sanitize]25,18,‚SK‚ΔΘγ‹¤“―Z‘ξ,’“Τi—Φjκ,10Ξ‘γ,‚Z¶,{ω‚µ‚½
ή“,©“]Τ“,•ΊΙ,‘εJ,281051,•ΊΙ§,_Λs•ΊΙ‹ζ,‘εJ’Κ‚T’–Ϊ,2022[sanitize]06[sanitize]27,19,“ΉHγ,‚»‚Μ‘Ό,10Ξ‘γ,’†w¶,{ω‚Ή‚Έ
ή“,©“]Τ“,•ΊΙ,‘εJ,281051,•ΊΙ§,_Λs•ΊΙ‹ζ,‘εJ’Κ‚T’–Ϊ,2022[sanitize]09[sanitize]16,07,“ΉHγ,‚»‚Μ‘Ό,30Ξ‘γ,‚»‚Μ‘Ό,{ω‚Ή‚Έ
ή“,©“]Τ“,•ΊΙ,‘εJ,281051,•ΊΙ§,_Λs•ΊΙ‹ζ,‘εJ’Κ‚T’–Ϊ,2022[sanitize]09[sanitize]16,07,“ΉHγ,‚»‚Μ‘Ό,30Ξ‘γ,‚»‚Μ‘Ό,{ω‚Ή‚Έ
ή“,©“]Τ“,•ΊΙ,‘εJ,281051,•ΊΙ§,_Λs•ΊΙ‹ζ,‘εJ’Κ‚T’–Ϊ,2022[sanitize]11[sanitize]03,02,“ΉHγ,‚»‚Μ‘Ό,20Ξ‘γ,‚»‚Μ‘Ό,{ω‚Ή‚Έ
ή“,©“]Τ“,•ΊΙ,‘εJ,281051,•ΊΙ§,_Λs•ΊΙ‹ζ,‘εJ’Κ‚U’–Ϊ,2022[sanitize]06[sanitize]22,16,“ΉHγ,‚»‚Μ‘Ό,40Ξ‘γ,‚»‚Μ‘Ό,{ω‚Ή‚Έ
ή“,©“]Τ“,•ΊΙ,‘εJ,281051,•ΊΙ§,_Λs•ΊΙ‹ζ,‘εJ’Κ‚U’–Ϊ,2022[sanitize]06[sanitize]24,14,‚»‚Μ‘Ό,’“Τi—Φjκ,10Ξ‘γ,’†w¶,{ω‚Ή‚Έ
ή“,©“]Τ“,•ΊΙ,‘εJ,281051,•ΊΙ§,_Λs•ΊΙ‹ζ,‘εJ’Κ‚U’–Ϊ,2022[sanitize]09[sanitize]24,23,‚SK‚ΔΘγ‹¤“―Z‘ξ,’“Τi—Φjκ,20Ξ‘γ,‚»‚Μ‘Ό,{ω‚Ή‚Έ
ή“,©“]Τ“,•ΊΙ,‘εJ,281051,•ΊΙ§,_Λs•ΊΙ‹ζ,‘εJ’Κ‚V’–Ϊ,2022[sanitize]05[sanitize]25,17,‚»‚Μ‘Ό,’“Τi—Φjκ,20Ξ‘γ,‘εw¶,{ω‚µ‚½
ή“,©“]Τ“,•ΊΙ,‘εJ,281051,•ΊΙ§,_Λs•ΊΙ‹ζ,‘εJ’Κ‚V’–Ϊ,2022[sanitize]11[sanitize]23,22,‚»‚Μ‘Ό,’“Τi—Φjκ,10Ξ‘γ,‚»‚Μ‘Ό,{ω‚µ‚½
ή“,©“]Τ“,•ΊΙ,‘εJ,281051,•ΊΙ§,_Λs•ΊΙ‹ζ,’Λ–{’Κ‚R’–Ϊ,2022[sanitize]03[sanitize]27,16,“ΉHγ,‚»‚Μ‘Ό,40Ξ‘γ,‚»‚Μ‘Ό,{ω‚µ‚½
ή“,©“]Τ“,•ΊΙ,‘εJ,281051,•ΊΙ§,_Λs•ΊΙ‹ζ,’Λ–{’Κ‚R’–Ϊ,2022[sanitize]06[sanitize]12,14,‚SK‚ΔΘγ‹¤“―Z‘ξ,’“Τi—Φjκ,30Ξ‘γ,‚»‚Μ‘Ό,{ω‚µ‚½
ή“,©“]Τ“,•ΊΙ,‘εJ,281051,•ΊΙ§,_Λs•ΊΙ‹ζ,’Λ–{’Κ‚R’–Ϊ,2022[sanitize]09[sanitize]19,19,“ΉHγ,‚»‚Μ‘Ό,20Ξ‘γ,‚»‚Μ‘Ό,{ω‚Ή‚Έ
ή“,©“]Τ“,•ΊΙ,‘εJ,281051,•ΊΙ§,_Λs•ΊΙ‹ζ,’Λ–{’Κ‚T’–Ϊ,2022[sanitize]05[sanitize]10,22,‚SK‚ΔΘγ‹¤“―Z‘ξ,’“Τi—Φjκ,30Ξ‘γ,‚»‚Μ‘Ό,{ω‚Ή‚Έ
ή“,©“]Τ“,•ΊΙ,‘εJ,281051,•ΊΙ§,_Λs•ΊΙ‹ζ,’Λ–{’Κ‚T’–Ϊ,2022[sanitize]06[sanitize]06,09,“ΉHγ,‚»‚Μ‘Ό,20Ξ‘γ,‚»‚Μ‘Ό,{ω‚µ‚½
ή“,©“]Τ“,•ΊΙ,‘εJ,281051,•ΊΙ§,_Λs•ΊΙ‹ζ,’Λ–{’Κ‚T’–Ϊ,2022[sanitize]06[sanitize]06,09,“ΉHγ,‚»‚Μ‘Ό,20Ξ‘γ,‚»‚Μ‘Ό,{ω‚µ‚½
ή“,©“]Τ“,•ΊΙ,‘εJ,281051,•ΊΙ§,_Λs•ΊΙ‹ζ,’Λ–{’Κ‚T’–Ϊ,2022[sanitize]08[sanitize]04,18,‚SK‚ΔΘγ‹¤“―Z‘ξ,’“Τi—Φjκ,20Ξ‘γ,‚»‚Μ‘Ό,{ω‚µ‚½
ή“,©“]Τ“,•ΊΙ,‘εJ,281051,•ΊΙ§,_Λs•ΊΙ‹ζ,’Λ–{’Κ‚T’–Ϊ,2022[sanitize]08[sanitize]11,20,“ΉHγ,‚»‚Μ‘Ό,10Ξ‘γ,’†w¶,{ω‚Ή‚Έ
ή“,©“]Τ“,•ΊΙ,‘εJ,281051,•ΊΙ§,_Λs•ΊΙ‹ζ,’Λ–{’Κ‚U’–Ϊ,2022[sanitize]05[sanitize]20,08,“ΉHγ,‚»‚Μ‘Ό,30Ξ‘γ,‚»‚Μ‘Ό,{ω‚µ‚½
ή“,©“]Τ“,•ΊΙ,‘εJ,281051,•ΊΙ§,_Λs•ΊΙ‹ζ,‰Hβ’Κ‚Q’–Ϊ,2022[sanitize]06[sanitize]10,17,“ΉHγ,‚»‚Μ‘Ό,20Ξ‘γ,‚»‚Μ‘Ό,{ω‚Ή‚Έ
ή“,©“]Τ“,•ΊΙ,‘εJ,281051,•ΊΙ§,_Λs•ΊΙ‹ζ,‰Hβ’Κ‚Q’–Ϊ,2022[sanitize]08[sanitize]15,18,κΛZ‘ξ,’“Τi—Φjκ,10Ξ‘γ,’†w¶,{ω‚Ή‚Έ
ή“,©“]Τ“,•ΊΙ,‘εJ,281051,•ΊΙ§,_Λs•ΊΙ‹ζ,‰Hβ’Κ‚Q’–Ϊ,2022[sanitize]08[sanitize]26,23,“ΉHγ,‚»‚Μ‘Ό,10Ξ‘γ,’†w¶,{ω‚µ‚½
ή“,©“]Τ“,•ΊΙ,‘εJ,281051,•ΊΙ§,_Λs•ΊΙ‹ζ,‰Hβ’Κ‚R’–Ϊ,2022[sanitize]01[sanitize]04,06,“ΉHγ,‚»‚Μ‘Ό,20Ξ‘γ,‚»‚Μ‘Ό,{ω‚µ‚½
ή“,©“]Τ“,•ΊΙ,‘εJ,281051,•ΊΙ§,_Λs•ΊΙ‹ζ,‰Hβ’Κ‚R’–Ϊ,2022[sanitize]10[sanitize]14,12,‚SK‚ΔΘγ‹¤“―Z‘ξ,’“Τi—Φjκ,20Ξ‘γ,‚»‚Μ‘Ό,{ω‚Ή‚Έ
ή“,©“]Τ“,•ΊΙ,‘εJ,281051,•ΊΙ§,_Λs•ΊΙ‹ζ,Oμϋ’¬‚R’–Ϊ,2022[sanitize]10[sanitize]26,14,“ΉHγ,‚»‚Μ‘Ό,10Ξ‘γ,‚»‚Μ‘Ό,{ω‚Ή‚Έ
ή“,©“]Τ“,•ΊΙ,•½–μ,281051,•ΊΙ§,_Λs•ΊΙ‹ζ,”~³’¬,2022[sanitize]06[sanitize]29,19,‚»‚Μ‘Ό‚ΜZ‘ξi‚RK‚ΔΘ‰Ί‹¤“―Z‘ξ“™j,’“Τi—Φjκ,30Ξ‘γ,‚»‚Μ‘Ό,{ω‚Ή‚Έ
ή“,©“]Τ“,•ΊΙ,•½–μ,281051,•ΊΙ§,_Λs•ΊΙ‹ζ,_“c’¬,2022[sanitize]03[sanitize]01,20,’“Τi—Φjκ,’“Τi—Φjκ,20Ξ‘γ,‚»‚Μ‘Ό,{ω‚Ή‚Έ
ή“,©“]Τ“,•ΊΙ,•½–μ,281051,•ΊΙ§,_Λs•ΊΙ‹ζ,‹e…’¬‚Q’–Ϊ,2022[sanitize]07[sanitize]27,20,‚SK‚ΔΘγ‹¤“―Z‘ξ,’“Τi—Φjκ,10Ξ–Ά–,¬w¶,{ω‚Ή‚Έ
ή“,©“]Τ“,•ΊΙ,•½–μ,281051,•ΊΙ§,_Λs•ΊΙ‹ζ,‹e…’¬‚Q’–Ϊ,2022[sanitize]10[sanitize]04,09,‚SK‚ΔΘγ‹¤“―Z‘ξ,‚»‚Μ‘Ό,40Ξ‘γ,‚»‚Μ‘Ό,{ω‚µ‚½
ή“,©“]Τ“,•ΊΙ,•½–μ,281051,•ΊΙ§,_Λs•ΊΙ‹ζ,‹e…’¬‚R’–Ϊ,2022[sanitize]03[sanitize]19,17,‚SK‚ΔΘγ‹¤“―Z‘ξ,’“Τi—Φjκ,20Ξ‘γ,‚»‚Μ‘Ό,{ω‚µ‚½
ή“,©“]Τ“,•ΊΙ,•½–μ,281051,•ΊΙ§,_Λs•ΊΙ‹ζ,‰Ί‹_‰€’¬,2022[sanitize]01[sanitize]21,12,‚»‚Μ‘Ό,’“Τi—Φjκ,60[sanitize]64Ξ,‚»‚Μ‘Ό,{ω‚Ή‚Έ
ή“,©“]Τ“,•ΊΙ,•½–μ,281051,•ΊΙ§,_Λs•ΊΙ‹ζ,‰Ί‹_‰€’¬,2022[sanitize]08[sanitize]08,20,“ΉHγ,‚»‚Μ‘Ό,40Ξ‘γ,‚»‚Μ‘Ό,{ω‚Ή‚Έ
ή“,©“]Τ“,•ΊΙ,•½–μ,281051,•ΊΙ§,_Λs•ΊΙ‹ζ,‰ΊOπ’¬,2022[sanitize]10[sanitize]17,21,‚SK‚ΔΘγ‹¤“―Z‘ξ,’“Τi—Φjκ,20Ξ‘γ,‚»‚Μ‘Ό,{ω‚µ‚½
ή“,©“]Τ“,•ΊΙ,•½–μ,281051,•ΊΙ§,_Λs•ΊΙ‹ζ,”nκ’¬,2022[sanitize]02[sanitize]25,20,‚SK‚ΔΘγ‹¤“―Z‘ξ,’“Τi—Φjκ,20Ξ‘γ,‚»‚Μ‘Ό,{ω‚Ή‚Έ
ή“,©“]Τ“,•ΊΙ,•½–μ,281051,•ΊΙ§,_Λs•ΊΙ‹ζ,”nκ’¬,2022[sanitize]03[sanitize]17,18,“ΉHγ,‚»‚Μ‘Ό,20Ξ‘γ,‚»‚Μ‘Ό,{ω‚µ‚½
ή“,©“]Τ“,•ΊΙ,•½–μ,281051,•ΊΙ§,_Λs•ΊΙ‹ζ,”nκ’¬,2022[sanitize]08[sanitize]17,10,‚SK‚ΔΘγ‹¤“―Z‘ξ,’“Τi—Φjκ,40Ξ‘γ,‚»‚Μ‘Ό,{ω‚Ή‚Έ
ή“,©“]Τ“,•ΊΙ,•½–μ,281051,•ΊΙ§,_Λs•ΊΙ‹ζ,–©R’¬,2022[sanitize]03[sanitize]03,17,‚SK‚ΔΘγ‹¤“―Z‘ξ,‚»‚Μ‘Ό,10Ξ–Ά–,¬w¶,{ω‚Ή‚Έ
ή“,©“]Τ“,•ΊΙ,•½–μ,281051,•ΊΙ§,_Λs•ΊΙ‹ζ,–ξ•”’¬,2022[sanitize]02[sanitize]09,17,’“Τi—Φjκ,’“Τi—Φjκ,60[sanitize]64Ξ,‚»‚Μ‘Ό,{ω‚Ή‚Έ
ή“,©“]Τ“,•ΊΙ,•½–μ,281051,•ΊΙ§,_Λs•ΊΙ‹ζ,–ξ•”’¬,2022[sanitize]06[sanitize]02,17,κΛZ‘ξ,’“Τi—Φjκ,60[sanitize]64Ξ,‚»‚Μ‘Ό,{ω‚Ή‚Έ
ή“,©“]Τ“,•ΊΙ,•½–μ,281051,•ΊΙ§,_Λs•ΊΙ‹ζ,–ξ•”’¬,2022[sanitize]06[sanitize]27,20,‚SK‚ΔΘγ‹¤“―Z‘ξ,’“Τi—Φjκ,20Ξ‘γ,‚»‚Μ‘Ό,{ω‚Ή‚Έ
ή“,©“]Τ“,•ΊΙ,•½–μ,281051,•ΊΙ§,_Λs•ΊΙ‹ζ,–ξ•”’¬,2022[sanitize]10[sanitize]23,20,‚»‚Μ‘Ό,’“Τi—Φjκ,20Ξ‘γ,‚»‚Μ‘Ό,{ω‚Ή‚Έ
ή“,©“]Τ“,•ΊΙ,δθφ‰€,281051,•ΊΙ§,_Λs•ΊΙ‹ζ,ή–Ψ’¬,2022[sanitize]06[sanitize]27,05,“ΉHγ,‚»‚Μ‘Ό,30Ξ‘γ,‚»‚Μ‘Ό,{ω‚µ‚½
ή“,©“]Τ“,•ΊΙ,δθφ‰€,281051,•ΊΙ§,_Λs•ΊΙ‹ζ,•l’†’¬‚P’–Ϊ,2021[sanitize]10[sanitize]01,00,’“Τi—Φjκ,’“Τi—Φjκ,20Ξ‘γ,‚»‚Μ‘Ό,{ω‚µ‚½
ή“,©“]Τ“,•ΊΙ,δθφ‰€,281051,•ΊΙ§,_Λs•ΊΙ‹ζ,•l’†’¬‚P’–Ϊ,2022[sanitize]07[sanitize]02,05,“ΉHγ,‚»‚Μ‘Ό,10Ξ‘γ,‚»‚Μ‘Ό,{ω‚Ή‚Έ
ή“,©“]Τ“,•ΊΙ,δθφ‰€,281051,•ΊΙ§,_Λs•ΊΙ‹ζ,•l’†’¬‚P’–Ϊ,2022[sanitize]11[sanitize]02,14,‚SK‚ΔΘγ‹¤“―Z‘ξ,’“Τi—Φjκ,70ΞΘγ,‚»‚Μ‘Ό,{ω‚Ή‚Έ
ή“,©“]Τ“,•ΊΙ,δθφ‰€,281051,•ΊΙ§,_Λs•ΊΙ‹ζ,•lR’Κ‚P’–Ϊ,2022[sanitize]09[sanitize]04,22,“ΉHγ,‚»‚Μ‘Ό,20Ξ‘γ,‚»‚Μ‘Ό,{ω‚µ‚½
ή“,©“]Τ“,•ΊΙ,δθφ‰€,281051,•ΊΙ§,_Λs•ΊΙ‹ζ,•lR’Κ‚R’–Ϊ,2022[sanitize]08[sanitize]21,08,“ΉHγ,‚»‚Μ‘Ό,40Ξ‘γ,‚»‚Μ‘Ό,{ω‚Ή‚Έ
ή“,©“]Τ“,•ΊΙ,δθφ‰€,281051,•ΊΙ§,_Λs•ΊΙ‹ζ,δθ’¬‚P’–Ϊ,2022[sanitize]02[sanitize]12,18,‚SK‚ΔΘγ‹¤“―Z‘ξ,’“Τi—Φjκ,50Ξ‘γ,‚»‚Μ‘Ό,{ω‚Ή‚Έ
ή“,©“]Τ“,•ΊΙ,δθφ‰€,281051,•ΊΙ§,_Λs•ΊΙ‹ζ,δθ’¬‚P’–Ϊ,2022[sanitize]07[sanitize]17,13,‚»‚Μ‘Ό,’“Τi—Φjκ,50Ξ‘γ,‚»‚Μ‘Ό,{ω‚Ή‚Έ
ή“,©“]Τ“,•ΊΙ,δθφ‰€,281051,•ΊΙ§,_Λs•ΊΙ‹ζ,δθ–{’¬‚Q’–Ϊ,2022[sanitize]07[sanitize]30,13,‚SK‚ΔΘγ‹¤“―Z‘ξ,’“Τi—Φjκ,40Ξ‘γ,‚»‚Μ‘Ό,{ω‚µ‚½
ή“,©“]Τ“,•ΊΙ,δθφ‰€,281051,•ΊΙ§,_Λs•ΊΙ‹ζ,δθ–{’¬‚Q’–Ϊ,2022[sanitize]09[sanitize]05,07,‚»‚Μ‘Ό,’“Τi—Φjκ,20Ξ‘γ,‚»‚Μ‘Ό,{ω‚Ή‚Έ
ή“,©“]Τ“,•ΊΙ,δθφ‰€,281051,•ΊΙ§,_Λs•ΊΙ‹ζ,OΞ’Κ‚Q’–Ϊ,2022[sanitize]05[sanitize]29,07,’“Τi—Φjκ,’“Τi—Φjκ,20Ξ‘γ,‚»‚Μ‘Ό,{ω‚Ή‚Έ
ή“,©“]Τ“,•ΊΙ,δθφ‰€,281051,•ΊΙ§,_Λs•ΊΙ‹ζ,‹g“c’¬‚P’–Ϊ,2022[sanitize]05[sanitize]20,15,‚»‚Μ‘Ό,’“Τi—Φjκ,10Ξ‘γ,‘εw¶,{ω‚µ‚½
ή“,©“]Τ“,•ΊΙ,δθφ‰€,281051,•ΊΙ§,_Λs•ΊΙ‹ζ,‹g“c’¬‚P’–Ϊ,2022[sanitize]09[sanitize]21,18,‚SK‚ΔΘγ‹¤“―Z‘ξ,’“Τi—Φjκ,40Ξ‘γ,‚»‚Μ‘Ό,{ω‚Ή‚Έ
ή“,©“]Τ“,•ΊΙ,VJ’n,281051,•ΊΙ§,_Λs•ΊΙ‹ζ,‰i‘ς’¬‚Q’–Ϊ,2022[sanitize]06[sanitize]03,20,“ΉHγ,‚»‚Μ‘Ό,20Ξ‘γ,‚»‚Μ‘Ό,{ω‚µ‚½
ή“,©“]Τ“,•ΊΙ,VJ’n,281051,•ΊΙ§,_Λs•ΊΙ‹ζ,‰i‘ς’¬‚R’–Ϊ,2021[sanitize]12[sanitize]27,10,‚»‚Μ‘Ό,‚»‚Μ‘Ό,10Ξ‘γ,¬w¶,{ω‚Ή‚Έ
ή“,©“]Τ“,•ΊΙ,VJ’n,281051,•ΊΙ§,_Λs•ΊΙ‹ζ,‰i‘ς’¬‚R’–Ϊ,2021[sanitize]12[sanitize]29,16,‚»‚Μ‘Ό,‚»‚Μ‘Ό,10Ξ‘γ,¬w¶,{ω‚µ‚½
ή“,©“]Τ“,•ΊΙ,VJ’n,281051,•ΊΙ§,_Λs•ΊΙ‹ζ,‰i‘ς’¬‚R’–Ϊ,2022[sanitize]04[sanitize]11,12,‚SK‚ΔΘγ‹¤“―Z‘ξ,’“Τi—Φjκ,10Ξ‘γ,‚»‚Μ‘Ό,{ω‚µ‚½
ή“,©“]Τ“,•ΊΙ,VJ’n,281051,•ΊΙ§,_Λs•ΊΙ‹ζ,‰i‘ς’¬‚R’–Ϊ,2022[sanitize]06[sanitize]20,18,“ΉHγ,‚»‚Μ‘Ό,30Ξ‘γ,‚»‚Μ‘Ό,{ω‚Ή‚Έ
ή“,©“]Τ“,•ΊΙ,VJ’n,281051,•ΊΙ§,_Λs•ΊΙ‹ζ,‰i‘ς’¬‚R’–Ϊ,2022[sanitize]08[sanitize]08,20,‚SK‚ΔΘγ‹¤“―Z‘ξ,’“Τi—Φjκ,20Ξ‘γ,‚»‚Μ‘Ό,{ω‚µ‚½
ή“,©“]Τ“,•ΊΙ,VJ’n,281051,•ΊΙ§,_Λs•ΊΙ‹ζ,‰i‘ς’¬‚R’–Ϊ,2022[sanitize]10[sanitize]15,17,“ΉHγ,‚»‚Μ‘Ό,20Ξ‘γ,‚»‚Μ‘Ό,{ω‚Ή‚Έ
ή“,©“]Τ“,•ΊΙ,VJ’n,281051,•ΊΙ§,_Λs•ΊΙ‹ζ,‰i‘ς’¬‚S’–Ϊ,2022[sanitize]02[sanitize]01,17,“ΉHγ,‚»‚Μ‘Ό,20Ξ‘γ,‚»‚Μ‘Ό,{ω‚µ‚½
ή“,©“]Τ“,•ΊΙ,VJ’n,281051,•ΊΙ§,_Λs•ΊΙ‹ζ,‰i‘ς’¬‚S’–Ϊ,2022[sanitize]09[sanitize]13,20,‚SK‚ΔΘγ‹¤“―Z‘ξ,’“Τi—Φjκ,20Ξ‘γ,‚»‚Μ‘Ό,{ω‚Ή‚Έ
ή“,©“]Τ“,•ΊΙ,VJ’n,281051,•ΊΙ§,_Λs•ΊΙ‹ζ,²”δ]’¬,2022[sanitize]03[sanitize]20,11,‚SK‚ΔΘγ‹¤“―Z‘ξ,’“Τi—Φjκ,20Ξ‘γ,‘εw¶,{ω‚µ‚½
ή“,©“]Τ“,•ΊΙ,VJ’n,281051,•ΊΙ§,_Λs•ΊΙ‹ζ,²”δ]’¬,2022[sanitize]09[sanitize]08,07,‚»‚Μ‘Ό‚ΜZ‘ξi‚RK‚ΔΘ‰Ί‹¤“―Z‘ξ“™j,’“Τi—Φjκ,20Ξ‘γ,‚»‚Μ‘Ό,{ω‚Ή‚Έ
ή“,©“]Τ“,•ΊΙ,VJ’n,281051,•ΊΙ§,_Λs•ΊΙ‹ζ,VJ’n‚R’–Ϊ,2022[sanitize]08[sanitize]20,12,“ΉHγ,‚»‚Μ‘Ό,20Ξ‘γ,‘εw¶,{ω‚Ή‚Έ
ή“,©“]Τ“,•ΊΙ,VJ’n,281051,•ΊΙ§,_Λs•ΊΙ‹ζ,VJ’n‚R’–Ϊ,2022[sanitize]09[sanitize]17,14,“ΉHγ,‚»‚Μ‘Ό,50Ξ‘γ,‚»‚Μ‘Ό,{ω‚µ‚½
ή“,©“]Τ“,•ΊΙ,VJ’n,281051,•ΊΙ§,_Λs•ΊΙ‹ζ,VJ’n‚R’–Ϊ,2022[sanitize]10[sanitize]03,08,“ΉHγ,‚»‚Μ‘Ό,20Ξ‘γ,‘εw¶,{ω‚µ‚½
ή“,©“]Τ“,•ΊΙ,VJ’n,281051,•ΊΙ§,_Λs•ΊΙ‹ζ,VJ’n‚R’–Ϊ,2022[sanitize]11[sanitize]05,19,“ΉHγ,‚»‚Μ‘Ό,40Ξ‘γ,‚»‚Μ‘Ό,{ω‚Ή‚Έ
ή“,©“]Τ“,•ΊΙ,VJ’n,281051,•ΊΙ§,_Λs•ΊΙ‹ζ,VJ’n‚R’–Ϊ,2022[sanitize]11[sanitize]11,15,“ΉHγ,‚»‚Μ‘Ό,20Ξ‘γ,‚»‚Μ‘Ό,{ω‚µ‚½
ή“,©“]Τ“,•ΊΙ,VJ’n,281051,•ΊΙ§,_Λs•ΊΙ‹ζ,VJ’n‚R’–Ϊ,2022[sanitize]11[sanitize]18,16,’“Τi—Φjκ,’“Τi—Φjκ,10Ξ‘γ,‚Z¶,{ω‚Ή‚Έ
ή“,©“]Τ“,•ΊΙ,VJ’n,281051,•ΊΙ§,_Λs•ΊΙ‹ζ,VJ’n‚R’–Ϊ,2022[sanitize]11[sanitize]24,18,“ΉHγ,‚»‚Μ‘Ό,70ΞΘγ,‚»‚Μ‘Ό,{ω‚Ή‚Έ
ή“,©“]Τ“,•ΊΙ,VJ’n,281051,•ΊΙ§,_Λs•ΊΙ‹ζ,VJ’n‚R’–Ϊ,2022[sanitize]11[sanitize]26,05,‚SK‚ΔΘγ‹¤“―Z‘ξ,’“Τi—Φjκ,10Ξ‘γ,‚Z¶,{ω‚µ‚½
ή“,©“]Τ“,•ΊΙ,VJ’n,281051,•ΊΙ§,_Λs•ΊΙ‹ζ,VJ’n‚S’–Ϊ,2022[sanitize]07[sanitize]12,20,‚SK‚ΔΘγ‹¤“―Z‘ξ,’“Τi—Φjκ,65[sanitize]69Ξ,‚»‚Μ‘Ό,{ω‚µ‚½
ή“,©“]Τ“,•ΊΙ,VJ’n,281051,•ΊΙ§,_Λs•ΊΙ‹ζ,VJ’n‚S’–Ϊ,2022[sanitize]08[sanitize]20,21,“ΉHγ,‚»‚Μ‘Ό,20Ξ‘γ,‚»‚Μ‘Ό,{ω‚Ή‚Έ
ή“,©“]Τ“,•ΊΙ,VJ’n,281051,•ΊΙ§,_Λs•ΊΙ‹ζ,VJ’n‚S’–Ϊ,2022[sanitize]12[sanitize]08,17,‚»‚Μ‘Ό,’“Τi—Φjκ,70ΞΘγ,‚»‚Μ‘Ό,{ω‚Ή‚Έ
ή“,©“]Τ“,•ΊΙ,VJ’n,281051,•ΊΙ§,_Λs•ΊΙ‹ζ,VJ’n‚U’–Ϊ,2022[sanitize]01[sanitize]20,07,‚SK‚ΔΘγ‹¤“―Z‘ξ,’“Τi—Φjκ,20Ξ‘γ,‚»‚Μ‘Ό,{ω‚µ‚½
ή“,©“]Τ“,•ΊΙ,VJ’n,281051,•ΊΙ§,_Λs•ΊΙ‹ζ,VJ’n‚U’–Ϊ,2022[sanitize]05[sanitize]07,21,“ΉHγ,‚»‚Μ‘Ό,–@lE’c‘ΜA”νQÒ‚Θ‚µ,–@lE’c‘ΜA”νQÒ‚Θ‚µ,{ω‚µ‚½
ή“,©“]Τ“,•ΊΙ,VJ’n,281051,•ΊΙ§,_Λs•ΊΙ‹ζ,VJ’n‚U’–Ϊ,2022[sanitize]06[sanitize]07,06,“ΉHγ,‚»‚Μ‘Ό,50Ξ‘γ,‚»‚Μ‘Ό,{ω‚µ‚½
ή“,©“]Τ“,•ΊΙ,VJ’n,281051,•ΊΙ§,_Λs•ΊΙ‹ζ,VJ’n‚U’–Ϊ,2022[sanitize]07[sanitize]18,16,“ΉHγ,‚»‚Μ‘Ό,20Ξ‘γ,‚»‚Μ‘Ό,{ω‚µ‚½
ή“,©“]Τ“,•ΊΙ,VJ’n,281051,•ΊΙ§,_Λs•ΊΙ‹ζ,VJ’n‚U’–Ϊ,2022[sanitize]09[sanitize]21,21,“ΉHγ,‚»‚Μ‘Ό,40Ξ‘γ,‚»‚Μ‘Ό,{ω‚Ή‚Έ
ή“,©“]Τ“,•ΊΙ,VJ’n,281051,•ΊΙ§,_Λs•ΊΙ‹ζ,VJ’n‚U’–Ϊ,2022[sanitize]09[sanitize]28,02,“ΉHγ,‚»‚Μ‘Ό,70ΞΘγ,‚»‚Μ‘Ό,{ω‚Ή‚Έ
ή“,©“]Τ“,•ΊΙ,VJ’n,281051,•ΊΙ§,_Λs•ΊΙ‹ζ,VJ’n‚U’–Ϊ,2022[sanitize]10[sanitize]04,21,“ΉHγ,‚»‚Μ‘Ό,20Ξ‘γ,‚»‚Μ‘Ό,{ω‚Ή‚Έ
ή“,©“]Τ“,•ΊΙ,VJ’n,281051,•ΊΙ§,_Λs•ΊΙ‹ζ,VJ’n‚U’–Ϊ,2022[sanitize]10[sanitize]29,22,“ΉHγ,‚»‚Μ‘Ό,20Ξ‘γ,‚»‚Μ‘Ό,{ω‚Ή‚Έ
ή“,©“]Τ“,•ΊΙ,VJ’n,281051,•ΊΙ§,_Λs•ΊΙ‹ζ,‘εJ’Κ‚P’–Ϊ,2022[sanitize]01[sanitize]29,14,’“Τi—Φjκ,’“Τi—Φjκ,10Ξ‘γ,’†w¶,{ω‚Ή‚Έ
ή“,©“]Τ“,•ΊΙ,VJ’n,281051,•ΊΙ§,_Λs•ΊΙ‹ζ,‘εJ’Κ‚P’–Ϊ,2022[sanitize]03[sanitize]14,06,’“Τi—Φjκ,’“Τi—Φjκ,50Ξ‘γ,‚»‚Μ‘Ό,{ω‚µ‚½
ή“,©“]Τ“,•ΊΙ,VJ’n,281051,•ΊΙ§,_Λs•ΊΙ‹ζ,‘εJ’Κ‚P’–Ϊ,2022[sanitize]07[sanitize]21,16,“ΉHγ,‚»‚Μ‘Ό,20Ξ‘γ,‚»‚Μ‘Ό,{ω‚Ή‚Έ
ή“,©“]Τ“,•ΊΙ,VJ’n,281051,•ΊΙ§,_Λs•ΊΙ‹ζ,‘εJ’Κ‚P’–Ϊ,2022[sanitize]09[sanitize]22,07,‚»‚Μ‘Ό,’“Τi—Φjκ,10Ξ‘γ,‘εw¶,{ω‚Ή‚Έ
ή“,©“]Τ“,•ΊΙ,VJ’n,281051,•ΊΙ§,_Λs•ΊΙ‹ζ,‘εJ’Κ‚P’–Ϊ,2022[sanitize]11[sanitize]11,18,‚»‚Μ‘Ό,’“Τi—Φjκ,20Ξ‘γ,‘εw¶,{ω‚Ή‚Έ
ή“,©“]Τ“,•ΊΙ,VJ’n,281051,•ΊΙ§,_Λs•ΊΙ‹ζ,‘εJ’Κ‚P’–Ϊ,2022[sanitize]11[sanitize]18,09,“ΉHγ,‚»‚Μ‘Ό,20Ξ‘γ,‚»‚Μ‘Ό,{ω‚µ‚½
ή“,©“]Τ“,•ΊΙ,VJ’n,281051,•ΊΙ§,_Λs•ΊΙ‹ζ,‘εJ’Κ‚Q’–Ϊ,2022[sanitize]07[sanitize]11,08,“ΉHγ,‚»‚Μ‘Ό,30Ξ‘γ,‚»‚Μ‘Ό,{ω‚Ή‚Έ
ή“,©“]Τ“,•ΊΙ,VJ’n,281051,•ΊΙ§,_Λs•ΊΙ‹ζ,’Λ–{’Κ‚P’–Ϊ,2022[sanitize]07[sanitize]11,19,‚SK‚ΔΘγ‹¤“―Z‘ξ,’“Τi—Φjκ,40Ξ‘γ,‚»‚Μ‘Ό,{ω‚Ή‚Έ
ή“,©“]Τ“,•ΊΙ,VJ’n,281051,•ΊΙ§,_Λs•ΊΙ‹ζ,Όo’¬,2022[sanitize]11[sanitize]09,23,‚SK‚ΔΘγ‹¤“―Z‘ξ,’“Τi—Φjκ,20Ξ‘γ,‚»‚Μ‘Ό,{ω‚µ‚½
ή“,©“]Τ“,•ΊΙ,VJ’n,281051,•ΊΙ§,_Λs•ΊΙ‹ζ,–©’¬‚P’–Ϊ,2022[sanitize]07[sanitize]14,22,“ΉHγ,‚»‚Μ‘Ό,10Ξ‘γ,‚Z¶,{ω‚µ‚½
ή“,©“]Τ“,•ΊΙ,VJ’n,281051,•ΊΙ§,_Λs•ΊΙ‹ζ,–©’¬‚P’–Ϊ,2022[sanitize]07[sanitize]18,01,‚SK‚ΔΘγ‹¤“―Z‘ξ,’“Τi—Φjκ,20Ξ‘γ,‘εw¶,{ω‚Ή‚Έ
ή“,©“]Τ“,•ΊΙ,VJ’n,281051,•ΊΙ§,_Λs•ΊΙ‹ζ,–©’¬‚P’–Ϊ,2022[sanitize]09[sanitize]12,14,‚SK‚ΔΘγ‹¤“―Z‘ξ,‚»‚Μ‘Ό,20Ξ‘γ,‚»‚Μ‘Ό,{ω‚µ‚½
ή“,©“]Τ“,•ΊΙ,VJ’n,281051,•ΊΙ§,_Λs•ΊΙ‹ζ,–©’¬‚P’–Ϊ,2022[sanitize]11[sanitize]05,19,‚SK‚ΔΘγ‹¤“―Z‘ξ,’“Τi—Φjκ,20Ξ‘γ,‚»‚Μ‘Ό,{ω‚µ‚½
ή“,©“]Τ“,•ΊΙ,VJ’n,281051,•ΊΙ§,_Λs•ΊΙ‹ζ,–©’¬‚P’–Ϊ,2022[sanitize]11[sanitize]26,19,“ΉHγ,‚»‚Μ‘Ό,20Ξ‘γ,‚»‚Μ‘Ό,{ω‚µ‚½
ή“,©“]Τ“,•ΊΙ,VJ’n,281051,•ΊΙ§,_Λs•ΊΙ‹ζ,–©’¬‚Q’–Ϊ,2022[sanitize]08[sanitize]14,17,“ΉHγ,‚»‚Μ‘Ό,20Ξ‘γ,‚»‚Μ‘Ό,{ω‚Ή‚Έ
ή“,©“]Τ“,•ΊΙ,VJ’n,281051,•ΊΙ§,_Λs•ΊΙ‹ζ,–©’¬‚Q’–Ϊ,2022[sanitize]10[sanitize]25,16,“ΉHγ,‚»‚Μ‘Ό,70ΞΘγ,‚»‚Μ‘Ό,{ω‚µ‚½
ή“,©“]Τ“,•ΊΙ,VJ’n,281051,•ΊΙ§,_Λs•ΊΙ‹ζ,–©’¬‚R’–Ϊ,2022[sanitize]02[sanitize]19,09,‚SK‚ΔΘγ‹¤“―Z‘ξ,’“Τi—Φjκ,10Ξ‘γ,’†w¶,{ω‚Ή‚Έ
ή“,©“]Τ“,•ΊΙ,VJ’n,281051,•ΊΙ§,_Λs•ΊΙ‹ζ,–©’¬‚R’–Ϊ,2022[sanitize]06[sanitize]16,13,‚SK‚ΔΘγ‹¤“―Z‘ξ,’“Τi—Φjκ,20Ξ‘γ,‚»‚Μ‘Ό,{ω‚µ‚½
ή“,©“]Τ“,•ΊΙ,VJ’n,281051,•ΊΙ§,_Λs•ΊΙ‹ζ,–©’¬‚R’–Ϊ,2022[sanitize]07[sanitize]02,19,’“Τi—Φjκ,’“Τi—Φjκ,10Ξ‘γ,‚»‚Μ‘Ό,{ω‚Ή‚Έ
ή“,©“]Τ“,•ΊΙ,VJ’n,281051,•ΊΙ§,_Λs•ΊΙ‹ζ,–©’¬‚R’–Ϊ,2022[sanitize]07[sanitize]11,19,’“Τi—Φjκ,’“Τi—Φjκ,20Ξ‘γ,‘εw¶,{ω‚Ή‚Έ
ή“,©“]Τ“,•ΊΙ,VJ’n,281051,•ΊΙ§,_Λs•ΊΙ‹ζ,–©’¬‚S’–Ϊ,2022[sanitize]01[sanitize]22,00,‚SK‚ΔΘγ‹¤“―Z‘ξ,‚»‚Μ‘Ό,50Ξ‘γ,‚»‚Μ‘Ό,{ω‚µ‚½
ή“,©“]Τ“,•ΊΙ,VJ’n,281051,•ΊΙ§,_Λs•ΊΙ‹ζ,–©’¬‚S’–Ϊ,2022[sanitize]04[sanitize]20,19,“ΉHγ,‚»‚Μ‘Ό,40Ξ‘γ,‚»‚Μ‘Ό,{ω‚Ή‚Έ
ή“,©“]Τ“,•ΊΙ,VJ’n,281051,•ΊΙ§,_Λs•ΊΙ‹ζ,–©’¬‚S’–Ϊ,2022[sanitize]08[sanitize]18,13,“ΉHγ,‚»‚Μ‘Ό,50Ξ‘γ,‚»‚Μ‘Ό,{ω‚µ‚½
ή“,©“]Τ“,•ΊΙ,VJ’n,281051,•ΊΙ§,_Λs•ΊΙ‹ζ,–©’¬‚S’–Ϊ,2022[sanitize]08[sanitize]27,07,‚»‚Μ‘Ό,’“Τi—Φjκ,65[sanitize]69Ξ,‚»‚Μ‘Ό,{ω‚µ‚½
ή“,©“]Τ“,•ΊΙ,VJ’n,281051,•ΊΙ§,_Λs•ΊΙ‹ζ,–©’¬‚S’–Ϊ,2022[sanitize]09[sanitize]07,09,‚»‚Μ‘Ό,’“Τi—Φjκ,20Ξ‘γ,‚»‚Μ‘Ό,{ω‚µ‚½
ή“,©“]Τ“,•ΊΙ,VJ’n,281051,•ΊΙ§,_Λs•ΊΙ‹ζ,–©’¬‚S’–Ϊ,2022[sanitize]12[sanitize]07,08,‚»‚Μ‘Ό,’“Τi—Φjκ,10Ξ‘γ,‚Z¶,{ω‚Ή‚Έ
ή“,©“]Τ“,•ΊΙ,–Ύe,281051,•ΊΙ§,_Λs•ΊΙ‹ζ,°΄’Κ‚R’–Ϊ,2022[sanitize]01[sanitize]26,12,‚SK‚ΔΘγ‹¤“―Z‘ξ,’“Τi—Φjκ,30Ξ‘γ,‚»‚Μ‘Ό,{ω‚Ή‚Έ
ή“,©“]Τ“,•ΊΙ,–Ύe,281051,•ΊΙ§,_Λs•ΊΙ‹ζ,°΄’Κ‚U’–Ϊ,2022[sanitize]03[sanitize]11,22,‚»‚Μ‘Ό‚ΜZ‘ξi‚RK‚ΔΘ‰Ί‹¤“―Z‘ξ“™j,’“Τi—Φjκ,30Ξ‘γ,‚»‚Μ‘Ό,{ω‚µ‚½
ή“,©“]Τ“,•ΊΙ,–Ύe,281051,•ΊΙ§,_Λs•ΊΙ‹ζ,‰w“μ’Κ‚P’–Ϊ,2022[sanitize]05[sanitize]23,09,“ΉHγ,‚»‚Μ‘Ό,50Ξ‘γ,‚»‚Μ‘Ό,{ω‚µ‚½
ή“,©“]Τ“,•ΊΙ,–Ύe,281051,•ΊΙ§,_Λs•ΊΙ‹ζ,‰w“μ’Κ‚P’–Ϊ,2022[sanitize]07[sanitize]19,18,‚SK‚ΔΘγ‹¤“―Z‘ξ,’“Τi—Φjκ,20Ξ‘γ,‚»‚Μ‘Ό,{ω‚Ή‚Έ
ή“,©“]Τ“,•ΊΙ,–Ύe,281051,•ΊΙ§,_Λs•ΊΙ‹ζ,‰w“μ’Κ‚R’–Ϊ,2022[sanitize]10[sanitize]14,08,“ΉHγ,‚»‚Μ‘Ό,40Ξ‘γ,‚»‚Μ‘Ό,{ω‚Ή‚Έ
ή“,©“]Τ“,•ΊΙ,–Ύe,281051,•ΊΙ§,_Λs•ΊΙ‹ζ,‰w“μ’Κ‚T’–Ϊ,2022[sanitize]06[sanitize]08,12,‚»‚Μ‘Ό,’“Τi—Φjκ,65[sanitize]69Ξ,‚»‚Μ‘Ό,{ω‚Ή‚Έ
ή“,©“]Τ“,•ΊΙ,–Ύe,281051,•ΊΙ§,_Λs•ΊΙ‹ζ,‰w“μ’Κ‚T’–Ϊ,2022[sanitize]07[sanitize]22,17,‚SK‚ΔΘγ‹¤“―Z‘ξ,’“Τi—Φjκ,10Ξ‘γ,‚»‚Μ‘Ό,{ω‚Ή‚Έ
ή“,©“]Τ“,•ΊΙ,–Ύe,281051,•ΊΙ§,_Λs•ΊΙ‹ζ,‰w“μ’Κ‚T’–Ϊ,2022[sanitize]08[sanitize]12,11,‚»‚Μ‘Ό,‚»‚Μ‘Ό,10Ξ‘γ,‚Z¶,{ω‚Ή‚Έ
ή“,©“]Τ“,•ΊΙ,–Ύe,281051,•ΊΙ§,_Λs•ΊΙ‹ζ,‰w“μ’Κ‚T’–Ϊ,2022[sanitize]09[sanitize]04,13,‚SK‚ΔΘγ‹¤“―Z‘ξ,’“Τi—Φjκ,30Ξ‘γ,‚»‚Μ‘Ό,{ω‚µ‚½
ή“,©“]Τ“,•ΊΙ,–Ύe,281051,•ΊΙ§,_Λs•ΊΙ‹ζ,‰w“μ’Κ‚T’–Ϊ,2022[sanitize]10[sanitize]05,17,‚»‚Μ‘Ό,’“Τi—Φjκ,10Ξ‘γ,‚»‚Μ‘Ό,{ω‚µ‚½
ή“,©“]Τ“,•ΊΙ,–Ύe,281051,•ΊΙ§,_Λs•ΊΙ‹ζ,‰w“μ’Κ‚T’–Ϊ,2022[sanitize]10[sanitize]18,07,‚»‚Μ‘Ό,’“Τi—Φjκ,10Ξ‘γ,‚»‚Μ‘Ό,{ω‚µ‚½
ή“,©“]Τ“,•ΊΙ,–Ύe,281051,•ΊΙ§,_Λs•ΊΙ‹ζ,‰w“μ’Κ‚T’–Ϊ,2022[sanitize]12[sanitize]09,13,“ΉHγ,‚»‚Μ‘Ό,20Ξ‘γ,‘εw¶,{ω‚µ‚½
ή“,©“]Τ“,•ΊΙ,–Ύe,281051,•ΊΙ§,_Λs•ΊΙ‹ζ,‰w“μ’Κ‚T’–Ϊ,2022[sanitize]12[sanitize]10,21,“ΉHγ,‚»‚Μ‘Ό,30Ξ‘γ,‚»‚Μ‘Ό,{ω‚Ή‚Έ
ή“,©“]Τ“,•ΊΙ,–Ύe,281051,•ΊΙ§,_Λs•ΊΙ‹ζ,¬‰Ν’Κ‚S’–Ϊ,2022[sanitize]08[sanitize]10,14,’“Τi—Φjκ,’“Τi—Φjκ,30Ξ‘γ,‚»‚Μ‘Ό,{ω‚Ή‚Έ
ή“,©“]Τ“,•ΊΙ,–Ύe,281051,•ΊΙ§,_Λs•ΊΙ‹ζ,ΨΛ’¬,2022[sanitize]05[sanitize]21,13,κΛZ‘ξ,’“Τi—Φjκ,20Ξ‘γ,‚»‚Μ‘Ό,{ω‚Ή‚Έ
ή“,©“]Τ“,•ΊΙ,–Ύe,281051,•ΊΙ§,_Λs•ΊΙ‹ζ,ΨΛ’¬,2022[sanitize]06[sanitize]25,15,“ΉHγ,‚»‚Μ‘Ό,65[sanitize]69Ξ,‚»‚Μ‘Ό,{ω‚µ‚½
ή“,©“]Τ“,•ΊΙ,–Ύe,281051,•ΊΙ§,_Λs•ΊΙ‹ζ,δ’Κ‚P’–Ϊ,2022[sanitize]12[sanitize]09,20,“ΉHγ,‚»‚Μ‘Ό,50Ξ‘γ,‚»‚Μ‘Ό,{ω‚Ή‚Έ
ή“,©“]Τ“,•ΊΙ,–Ύe,281051,•ΊΙ§,_Λs•ΊΙ‹ζ,{²–μ’Κ‚P’–Ϊ,2022[sanitize]07[sanitize]04,17,‚SK‚ΔΘγ‹¤“―Z‘ξ,’“Τi—Φjκ,10Ξ‘γ,’†w¶,{ω‚Ή‚Έ
ή“,©“]Τ“,•ΊΙ,–Ύe,281051,•ΊΙ§,_Λs•ΊΙ‹ζ,Ό΄’Κ‚P’–Ϊ,2022[sanitize]03[sanitize]26,09,‚SK‚ΔΘγ‹¤“―Z‘ξ,’“Τi—Φjκ,40Ξ‘γ,‚»‚Μ‘Ό,{ω‚Ή‚Έ
ή“,©“]Τ“,•ΊΙ,–Ύe,281051,•ΊΙ§,_Λs•ΊΙ‹ζ,Ό΄’Κ‚P’–Ϊ,2022[sanitize]06[sanitize]21,17,κΛZ‘ξ,’“Τi—Φjκ,10Ξ‘γ,‚Z¶,{ω‚Ή‚Έ
ή“,©“]Τ“,•ΊΙ,–Ύe,281051,•ΊΙ§,_Λs•ΊΙ‹ζ,Ό΄’Κ‚R’–Ϊ,2022[sanitize]01[sanitize]05,16,‚»‚Μ‘Ό,‚»‚Μ‘Ό,10Ξ–Ά–,¬w¶,{ω‚Ή‚Έ
ή“,©“]Τ“,•ΊΙ,–©μ,281051,•ΊΙ§,_Λs•ΊΙ‹ζ,r“c’¬‚P’–Ϊ,2022[sanitize]05[sanitize]24,12,’“Τi—Φjκ,’“Τi—Φjκ,20Ξ‘γ,‚»‚Μ‘Ό,{ω‚µ‚½
ή“,©“]Τ“,•ΊΙ,–©μ,281051,•ΊΙ§,_Λs•ΊΙ‹ζ,r“c’¬‚P’–Ϊ,2022[sanitize]06[sanitize]07,08,’“Τi—Φjκ,’“Τi—Φjκ,20Ξ‘γ,‚»‚Μ‘Ό,{ω‚µ‚½
ή“,©“]Τ“,•ΊΙ,–©μ,281051,•ΊΙ§,_Λs•ΊΙ‹ζ,r“c’¬‚P’–Ϊ,2022[sanitize]07[sanitize]29,14,“ΉHγ,‚»‚Μ‘Ό,60[sanitize]64Ξ,‚»‚Μ‘Ό,{ω‚Ή‚Έ
ή“,©“]Τ“,•ΊΙ,–©μ,281051,•ΊΙ§,_Λs•ΊΙ‹ζ,r“c’¬‚P’–Ϊ,2022[sanitize]11[sanitize]24,19,‚SK‚ΔΘγ‹¤“―Z‘ξ,’“Τi—Φjκ,20Ξ‘γ,‚»‚Μ‘Ό,{ω‚µ‚½
ή“,©“]Τ“,•ΊΙ,–©μ,281051,•ΊΙ§,_Λs•ΊΙ‹ζ,r“c’¬‚P’–Ϊ,2022[sanitize]12[sanitize]16,10,’“Τi—Φjκ,’“Τi—Φjκ,10Ξ‘γ,‘εw¶,{ω‚µ‚½
ή“,©“]Τ“,•ΊΙ,–©μ,281051,•ΊΙ§,_Λs•ΊΙ‹ζ,r“c’¬‚S’–Ϊ,2022[sanitize]07[sanitize]26,08,‚SK‚ΔΘγ‹¤“―Z‘ξ,’“Τi—Φjκ,50Ξ‘γ,‚»‚Μ‘Ό,{ω‚µ‚½
ή“,©“]Τ“,•ΊΙ,–©μ,281051,•ΊΙ§,_Λs•ΊΙ‹ζ,γ‘ς’Κ‚P’–Ϊ,2022[sanitize]07[sanitize]28,08,“ΉHγ,‚»‚Μ‘Ό,30Ξ‘γ,‚»‚Μ‘Ό,{ω‚µ‚½
ή“,©“]Τ“,•ΊΙ,–©μ,281051,•ΊΙ§,_Λs•ΊΙ‹ζ,γ‘ς’Κ‚P’–Ϊ,2022[sanitize]07[sanitize]28,09,’“Τi—Φjκ,’“Τi—Φjκ,20Ξ‘γ,‚»‚Μ‘Ό,{ω‚µ‚½
ή“,©“]Τ“,•ΊΙ,–©μ,281051,•ΊΙ§,_Λs•ΊΙ‹ζ,γ‘ς’Κ‚P’–Ϊ,2022[sanitize]09[sanitize]02,09,“ΉHγ,‚»‚Μ‘Ό,20Ξ‘γ,‚»‚Μ‘Ό,{ω‚Ή‚Έ
ή“,©“]Τ“,•ΊΙ,–©μ,281051,•ΊΙ§,_Λs•ΊΙ‹ζ,‰Ί‘ς’Κ‚P’–Ϊ,2022[sanitize]08[sanitize]01,00,“ΉHγ,‚»‚Μ‘Ό,60[sanitize]64Ξ,‚»‚Μ‘Ό,{ω‚Ή‚Έ
ή“,©“]Τ“,•ΊΙ,–©μ,281051,•ΊΙ§,_Λs•ΊΙ‹ζ,‰Ί‘ς’Κ‚P’–Ϊ,2022[sanitize]09[sanitize]11,00,‚SK‚ΔΘγ‹¤“―Z‘ξ,‚»‚Μ‘Ό,70ΞΘγ,‚»‚Μ‘Ό,{ω‚µ‚½
ή“,©“]Τ“,•ΊΙ,–©μ,281051,•ΊΙ§,_Λs•ΊΙ‹ζ,‰Ί‘ς’Κ‚P’–Ϊ,2022[sanitize]09[sanitize]23,09,‚»‚Μ‘Ό,’“Τi—Φjκ,70ΞΘγ,‚»‚Μ‘Ό,{ω‚Ή‚Έ
ή“,©“]Τ“,•ΊΙ,–©μ,281051,•ΊΙ§,_Λs•ΊΙ‹ζ,VJ’n‚P’–Ϊ,2022[sanitize]02[sanitize]04,17,“ΉHγ,‚»‚Μ‘Ό,30Ξ‘γ,‚»‚Μ‘Ό,{ω‚Ή‚Έ
ή“,©“]Τ“,•ΊΙ,–©μ,281051,•ΊΙ§,_Λs•ΊΙ‹ζ,VJ’n‚P’–Ϊ,2022[sanitize]05[sanitize]18,09,“ΉHγ,‚»‚Μ‘Ό,20Ξ‘γ,‚»‚Μ‘Ό,{ω‚Ή‚Έ
ή“,©“]Τ“,•ΊΙ,–©μ,281051,•ΊΙ§,_Λs•ΊΙ‹ζ,VJ’n‚P’–Ϊ,2022[sanitize]07[sanitize]02,19,‚»‚Μ‘Ό,’“Τi—Φjκ,40Ξ‘γ,‚»‚Μ‘Ό,{ω‚µ‚½
ή“,©“]Τ“,•ΊΙ,–©μ,281051,•ΊΙ§,_Λs•ΊΙ‹ζ,VJ’n‚P’–Ϊ,2022[sanitize]07[sanitize]02,20,“ΉHγ,‚»‚Μ‘Ό,50Ξ‘γ,‚»‚Μ‘Ό,{ω‚Ή‚Έ
ή“,©“]Τ“,•ΊΙ,–©μ,281051,•ΊΙ§,_Λs•ΊΙ‹ζ,VJ’n‚P’–Ϊ,2022[sanitize]07[sanitize]22,11,‚»‚Μ‘Ό,’“Τi—Φjκ,70ΞΘγ,‚»‚Μ‘Ό,{ω‚Ή‚Έ
ή“,©“]Τ“,•ΊΙ,–©μ,281051,•ΊΙ§,_Λs•ΊΙ‹ζ,VJ’n‚P’–Ϊ,2022[sanitize]10[sanitize]02,11,’“Τi—Φjκ,’“Τi—Φjκ,65[sanitize]69Ξ,‚»‚Μ‘Ό,{ω‚Ή‚Έ
ή“,©“]Τ“,•ΊΙ,–©μ,281051,•ΊΙ§,_Λs•ΊΙ‹ζ,VJ’n‚P’–Ϊ,2022[sanitize]11[sanitize]02,18,“ΉHγ,‚»‚Μ‘Ό,30Ξ‘γ,‚»‚Μ‘Ό,{ω‚Ή‚Έ
ή“,©“]Τ“,•ΊΙ,–©μ,281051,•ΊΙ§,_Λs•ΊΙ‹ζ,VJ’n‚Q’–Ϊ,2022[sanitize]01[sanitize]17,22,“ΉHγ,‚»‚Μ‘Ό,60[sanitize]64Ξ,‚»‚Μ‘Ό,{ω‚µ‚½
ή“,©“]Τ“,•ΊΙ,–©μ,281051,•ΊΙ§,_Λs•ΊΙ‹ζ,VJ’n‚Q’–Ϊ,2022[sanitize]06[sanitize]29,18,“ΉHγ,‚»‚Μ‘Ό,40Ξ‘γ,‚»‚Μ‘Ό,{ω‚µ‚½
ή“,©“]Τ“,•ΊΙ,–©μ,281051,•ΊΙ§,_Λs•ΊΙ‹ζ,VJ’n‚Q’–Ϊ,2022[sanitize]07[sanitize]23,17,’“Τi—Φjκ,’“Τi—Φjκ,20Ξ‘γ,‚»‚Μ‘Ό,{ω‚µ‚½
ή“,©“]Τ“,•ΊΙ,–©μ,281051,•ΊΙ§,_Λs•ΊΙ‹ζ,VJ’n‚Q’–Ϊ,2022[sanitize]07[sanitize]27,14,‚»‚Μ‘Ό,’“Τi—Φjκ,50Ξ‘γ,‚»‚Μ‘Ό,{ω‚Ή‚Έ
ή“,©“]Τ“,•ΊΙ,–©μ,281051,•ΊΙ§,_Λs•ΊΙ‹ζ,VJ’n‚Q’–Ϊ,2022[sanitize]08[sanitize]29,09,‚»‚Μ‘Ό,’“Τi—Φjκ,20Ξ‘γ,‚»‚Μ‘Ό,{ω‚µ‚½
ή“,©“]Τ“,•ΊΙ,–©μ,281051,•ΊΙ§,_Λs•ΊΙ‹ζ,VJ’n‚Q’–Ϊ,2022[sanitize]09[sanitize]26,07,“ΉHγ,‚»‚Μ‘Ό,30Ξ‘γ,‚»‚Μ‘Ό,{ω‚Ή‚Έ
ή“,©“]Τ“,•ΊΙ,–©μ,281051,•ΊΙ§,_Λs•ΊΙ‹ζ,VJ’n‚Q’–Ϊ,2022[sanitize]12[sanitize]18,09,’“Τi—Φjκ,’“Τi—Φjκ,60[sanitize]64Ξ,‚»‚Μ‘Ό,{ω‚µ‚½
ή“,©“]Τ“,•ΊΙ,–©μ,281051,•ΊΙ§,_Λs•ΊΙ‹ζ,’†“Ή’Κ‚P’–Ϊ,2022[sanitize]05[sanitize]14,23,“ΉHγ,‚»‚Μ‘Ό,20Ξ‘γ,‚»‚Μ‘Ό,{ω‚µ‚½
ή“,©“]Τ“,•ΊΙ,–©μ,281051,•ΊΙ§,_Λs•ΊΙ‹ζ,’†“Ή’Κ‚P’–Ϊ,2022[sanitize]05[sanitize]22,08,“ΉHγ,‚»‚Μ‘Ό,20Ξ‘γ,‚»‚Μ‘Ό,{ω‚µ‚½
ή“,©“]Τ“,•ΊΙ,–©μ,281051,•ΊΙ§,_Λs•ΊΙ‹ζ,’†“Ή’Κ‚P’–Ϊ,2022[sanitize]06[sanitize]16,21,“ΉHγ,‚»‚Μ‘Ό,30Ξ‘γ,‚»‚Μ‘Ό,{ω‚µ‚½
ή“,©“]Τ“,•ΊΙ,–©μ,281051,•ΊΙ§,_Λs•ΊΙ‹ζ,’†“Ή’Κ‚Q’–Ϊ,2022[sanitize]12[sanitize]03,19,‚SK‚ΔΘγ‹¤“―Z‘ξ,’“Τi—Φjκ,10Ξ–Ά–,¬w¶,{ω‚Ή‚Έ
ή“,©“]Τ“,•ΊΙ,–©μ,281051,•ΊΙ§,_Λs•ΊΙ‹ζ,“R’¬‚P’–Ϊ,2022[sanitize]09[sanitize]01,18,‚»‚Μ‘Ό,‚»‚Μ‘Ό,20Ξ‘γ,‚»‚Μ‘Ό,{ω‚µ‚½
ή“,©“]Τ“,•ΊΙ,–©μ,281051,•ΊΙ§,_Λs•ΊΙ‹ζ,“R’¬‚Q’–Ϊ,2022[sanitize]08[sanitize]30,00,“ΉHγ,‚»‚Μ‘Ό,30Ξ‘γ,‚»‚Μ‘Ό,{ω‚Ή‚Έ
ή“,©“]Τ“,•ΊΙ,–©μ,281051,•ΊΙ§,_Λs•ΊΙ‹ζ,“R’¬‚S’–Ϊ,2022[sanitize]02[sanitize]04,16,“ΉHγ,‚»‚Μ‘Ό,20Ξ‘γ,‚»‚Μ‘Ό,{ω‚µ‚½
ή“,©“]Τ“,•ΊΙ,–©μ,281051,•ΊΙ§,_Λs•ΊΙ‹ζ,“R’¬‚S’–Ϊ,2022[sanitize]06[sanitize]28,18,‚SK‚ΔΘγ‹¤“―Z‘ξ,’“Τi—Φjκ,10Ξ‘γ,‚Z¶,{ω‚Ή‚Έ
ή“,©“]Τ“,•ΊΙ,–©μ,281051,•ΊΙ§,_Λs•ΊΙ‹ζ,Ό–{’Κ‚P’–Ϊ,2022[sanitize]05[sanitize]19,11,“ΉHγ,‚»‚Μ‘Ό,70ΞΘγ,‚»‚Μ‘Ό,{ω‚µ‚½
ή“,©“]Τ“,•ΊΙ,–©μ,281051,•ΊΙ§,_Λs•ΊΙ‹ζ,…–Ψ’Κ‚P’–Ϊ,2022[sanitize]03[sanitize]30,21,‚»‚Μ‘Ό,’“Τi—Φjκ,20Ξ‘γ,‚»‚Μ‘Ό,{ω‚µ‚½
ή“,©“]Τ“,•ΊΙ,–©μ,281051,•ΊΙ§,_Λs•ΊΙ‹ζ,…–Ψ’Κ‚P’–Ϊ,2022[sanitize]06[sanitize]10,17,’“Τi—Φjκ,’“Τi—Φjκ,60[sanitize]64Ξ,‚»‚Μ‘Ό,{ω‚µ‚½
ή“,©“]Τ“,•ΊΙ,–©μ,281051,•ΊΙ§,_Λs•ΊΙ‹ζ,…–Ψ’Κ‚P’–Ϊ,2022[sanitize]10[sanitize]25,12,’“Τi—Φjκ,’“Τi—Φjκ,20Ξ‘γ,‚»‚Μ‘Ό,{ω‚Ή‚Έ
ή“,©“]Τ“,•ΊΙ,–©μ,281051,•ΊΙ§,_Λs•ΊΙ‹ζ,…–Ψ’Κ‚Q’–Ϊ,2022[sanitize]09[sanitize]23,22,“ΉHγ,‚»‚Μ‘Ό,20Ξ‘γ,‚»‚Μ‘Ό,{ω‚µ‚½
ή“,©“]Τ“,•ΊΙ,F–μ,281051,•ΊΙ§,_Λs•ΊΙ‹ζ,‹e…’¬‚T’–Ϊ,2022[sanitize]04[sanitize]20,12,“ΉHγ,‚»‚Μ‘Ό,70ΞΘγ,‚»‚Μ‘Ό,{ω‚Ή‚Έ
ή“,©“]Τ“,•ΊΙ,F–μ,281051,•ΊΙ§,_Λs•ΊΙ‹ζ,F–μ’¬‚S’–Ϊ,2022[sanitize]03[sanitize]12,10,‚»‚Μ‘Ό‚ΜZ‘ξi‚RK‚ΔΘ‰Ί‹¤“―Z‘ξ“™j,’“Τi—Φjκ,40Ξ‘γ,‚»‚Μ‘Ό,{ω‚Ή‚Έ
ή“,©“]Τ“,•ΊΙ,F–μ,281051,•ΊΙ§,_Λs•ΊΙ‹ζ,•XΊ’¬‚Q’–Ϊ,2022[sanitize]09[sanitize]08,13,‚»‚Μ‘Ό,‚»‚Μ‘Ό,30Ξ‘γ,‚»‚Μ‘Ό,{ω‚µ‚½
ή“,©“]Τ“,•ΊΙ,F–μ,281051,•ΊΙ§,_Λs•ΊΙ‹ζ,–©μ’¬‚S’–Ϊ,2022[sanitize]04[sanitize]22,12,“ΉHγ,‚»‚Μ‘Ό,60[sanitize]64Ξ,‚»‚Μ‘Ό,{ω‚µ‚½
ή“,©“]Τ“,•ΊΙ,F–μ,281051,•ΊΙ§,_Λs•ΊΙ‹ζ,–©μ’¬‚V’–Ϊ,2022[sanitize]12[sanitize]01,19,κΛZ‘ξ,’“Τi—Φjκ,40Ξ‘γ,‚»‚Μ‘Ό,{ω‚Ή‚Έ
ή“,©“]Τ“,•ΊΙ,F–μ,281051,•ΊΙ§,_Λs•ΊΙ‹ζ,–©μ’¬‚W’–Ϊ,2022[sanitize]04[sanitize]13,14,“ΉHγ,‚»‚Μ‘Ό,10Ξ‘γ,¬w¶,{ω‚µ‚½
ή“,©“]Τ“,•ΊΙ,F–μ,281051,•ΊΙ§,_Λs•ΊΙ‹ζ,–©μ’¬‚W’–Ϊ,2022[sanitize]09[sanitize]13,21,“ΉHγ,‚»‚Μ‘Ό,10Ξ‘γ,’†w¶,{ω‚µ‚½
ή“,©“]Τ“,•ΊΙ,F–μ,281051,•ΊΙ§,_Λs•ΊΙ‹ζ,–©μ’¬‚W’–Ϊ,2022[sanitize]09[sanitize]14,19,‚»‚Μ‘Ό‚ΜZ‘ξi‚RK‚ΔΘ‰Ί‹¤“―Z‘ξ“™j,’“Τi—Φjκ,40Ξ‘γ,‚»‚Μ‘Ό,{ω‚Ή‚Έ
ή“,©“]Τ“,•ΊΙ,M’r,281051,•ΊΙ§,_Λs•ΊΙ‹ζ,‰ο‰ΊR’¬‚R’–Ϊ,2022[sanitize]03[sanitize]02,15,‚SK‚ΔΘγ‹¤“―Z‘ξ,’“Τi—Φjκ,20Ξ‘γ,‘εw¶,{ω‚Ή‚Έ
ή“,©“]Τ“,•ΊΙ,M’r,281051,•ΊΙ§,_Λs•ΊΙ‹ζ,γ‘ς’Κ‚R’–Ϊ,2022[sanitize]07[sanitize]15,19,“ΉHγ,‚»‚Μ‘Ό,10Ξ‘γ,¬w¶,{ω‚Ή‚Έ
ή“,©“]Τ“,•ΊΙ,M’r,281051,•ΊΙ§,_Λs•ΊΙ‹ζ,γ‘ς’Κ‚S’–Ϊ,2022[sanitize]07[sanitize]08,17,‚SK‚ΔΘγ‹¤“―Z‘ξ,’“Τi—Φjκ,40Ξ‘γ,‚»‚Μ‘Ό,{ω‚µ‚½
ή“,©“]Τ“,•ΊΙ,M’r,281051,•ΊΙ§,_Λs•ΊΙ‹ζ,γ‘ς’Κ‚T’–Ϊ,2022[sanitize]09[sanitize]14,19,‚»‚Μ‘Ό,‚»‚Μ‘Ό,40Ξ‘γ,‚»‚Μ‘Ό,{ω‚Ή‚Έ
ή“,©“]Τ“,•ΊΙ,M’r,281051,•ΊΙ§,_Λs•ΊΙ‹ζ,γ‘ς’Κ‚U’–Ϊ,2022[sanitize]08[sanitize]23,07,κΛZ‘ξ,‚»‚Μ‘Ό,10Ξ‘γ,’†w¶,{ω‚Ή‚Έ
ή“,©“]Τ“,•ΊΙ,M’r,281051,•ΊΙ§,_Λs•ΊΙ‹ζ,γ‘ς’Κ‚U’–Ϊ,2022[sanitize]10[sanitize]14,09,‚SK‚ΔΘγ‹¤“―Z‘ξ,‚»‚Μ‘Ό,50Ξ‘γ,‚»‚Μ‘Ό,{ω‚Ή‚Έ
ή“,©“]Τ“,•ΊΙ,M’r,281051,•ΊΙ§,_Λs•ΊΙ‹ζ,γ‘ς’Κ‚W’–Ϊ,2022[sanitize]12[sanitize]01,20,‚SK‚ΔΘγ‹¤“―Z‘ξ,’“Τi—Φjκ,70ΞΘγ,‚»‚Μ‘Ό,{ω‚Ή‚Έ
ή“,©“]Τ“,•ΊΙ,M’r,281051,•ΊΙ§,_Λs•ΊΙ‹ζ,γ‘ς’Κ‚W’–Ϊ,2022[sanitize]12[sanitize]12,08,“ΉHγ,‚»‚Μ‘Ό,20Ξ‘γ,‚»‚Μ‘Ό,{ω‚Ή‚Έ
ή“,©“]Τ“,•ΊΙ,M’r,281051,•ΊΙ§,_Λs•ΊΙ‹ζ,‰Ί‘ς’Κ‚R’–Ϊ,2022[sanitize]06[sanitize]16,18,“ΉHγ,‚»‚Μ‘Ό,10Ξ‘γ,’†w¶,{ω‚Ή‚Έ
ή“,©“]Τ“,•ΊΙ,M’r,281051,•ΊΙ§,_Λs•ΊΙ‹ζ,‰Ί‘ς’Κ‚R’–Ϊ,2022[sanitize]10[sanitize]24,18,“ΉHγ,‚»‚Μ‘Ό,10Ξ‘γ,’†w¶,{ω‚Ή‚Έ
ή“,©“]Τ“,•ΊΙ,M’r,281051,•ΊΙ§,_Λs•ΊΙ‹ζ,‰Ί‘ς’Κ‚S’–Ϊ,2022[sanitize]07[sanitize]25,17,κΛZ‘ξ,‚»‚Μ‘Ό,10Ξ‘γ,’†w¶,{ω‚Ή‚Έ
ή“,©“]Τ“,•ΊΙ,M’r,281051,•ΊΙ§,_Λs•ΊΙ‹ζ,‰Ί‘ς’Κ‚S’–Ϊ,2022[sanitize]10[sanitize]23,16,‚SK‚ΔΘγ‹¤“―Z‘ξ,’“Τi—Φjκ,20Ξ‘γ,‚»‚Μ‘Ό,{ω‚Ή‚Έ
ή“,©“]Τ“,•ΊΙ,M’r,281051,•ΊΙ§,_Λs•ΊΙ‹ζ,‰Ί‘ς’Κ‚S’–Ϊ,2022[sanitize]11[sanitize]02,17,‚»‚Μ‘Ό‚ΜZ‘ξi‚RK‚ΔΘ‰Ί‹¤“―Z‘ξ“™j,’“Τi—Φjκ,20Ξ‘γ,‘εw¶,{ω‚Ή‚Έ
ή“,©“]Τ“,•ΊΙ,M’r,281051,•ΊΙ§,_Λs•ΊΙ‹ζ,‰Ί‘ς’Κ‚U’–Ϊ,2022[sanitize]01[sanitize]09,12,κΛZ‘ξ,’“Τi—Φjκ,40Ξ‘γ,‚»‚Μ‘Ό,{ω‚Ή‚Έ
ή“,©“]Τ“,•ΊΙ,M’r,281051,•ΊΙ§,_Λs•ΊΙ‹ζ,‰Ί‘ς’Κ‚W’–Ϊ,2022[sanitize]02[sanitize]07,07,‚»‚Μ‘Ό,’“Τi—Φjκ,20Ξ‘γ,‚»‚Μ‘Ό,{ω‚Ή‚Έ
ή“,©“]Τ“,•ΊΙ,M’r,281051,•ΊΙ§,_Λs•ΊΙ‹ζ,‰Ί‘ς’Κ‚W’–Ϊ,2022[sanitize]06[sanitize]24,07,‚»‚Μ‘Ό,’“Τi—Φjκ,10Ξ‘γ,‚Z¶,{ω‚µ‚½
ή“,©“]Τ“,•ΊΙ,M’r,281051,•ΊΙ§,_Λs•ΊΙ‹ζ,‰Ί‘ς’Κ‚W’–Ϊ,2022[sanitize]12[sanitize]13,18,“ΉHγ,‚»‚Μ‘Ό,20Ξ‘γ,‚»‚Μ‘Ό,{ω‚Ή‚Έ
ή“,©“]Τ“,•ΊΙ,M’r,281051,•ΊΙ§,_Λs•ΊΙ‹ζ,’†“Ή’Κ‚T’–Ϊ,2017[sanitize]10[sanitize]01,12,‚SK‚ΔΘγ‹¤“―Z‘ξ,’“Τi—Φjκ,40Ξ‘γ,‚»‚Μ‘Ό,{ω‚Ή‚Έ
ή“,©“]Τ“,•ΊΙ,M’r,281051,•ΊΙ§,_Λs•ΊΙ‹ζ,’†“Ή’Κ‚U’–Ϊ,2022[sanitize]06[sanitize]24,19,‚»‚Μ‘Ό,’“Τi—Φjκ,10Ξ‘γ,¬w¶,{ω‚Ή‚Έ
ή“,©“]Τ“,•ΊΙ,M’r,281051,•ΊΙ§,_Λs•ΊΙ‹ζ,Ό–{’Κ‚R’–Ϊ,2022[sanitize]05[sanitize]31,21,“ΉHγ,‚»‚Μ‘Ό,20Ξ‘γ,‚»‚Μ‘Ό,{ω‚Ή‚Έ
ή“,©“]Τ“,•ΊΙ,M’r,281051,•ΊΙ§,_Λs•ΊΙ‹ζ,Ό–{’Κ‚T’–Ϊ,2022[sanitize]08[sanitize]22,20,κΛZ‘ξ,’“Τi—Φjκ,20Ξ‘γ,‚»‚Μ‘Ό,{ω‚µ‚½
ή“,©“]Τ“,•ΊΙ,M’r,281051,•ΊΙ§,_Λs•ΊΙ‹ζ,…–Ψ’Κ‚T’–Ϊ,2022[sanitize]02[sanitize]08,09,“ΉHγ,‚»‚Μ‘Ό,40Ξ‘γ,‚»‚Μ‘Ό,{ω‚Ή‚Έ
ή“,©“]Τ“,•ΊΙ,M’r,281051,•ΊΙ§,_Λs•ΊΙ‹ζ,…–Ψ’Κ‚T’–Ϊ,2022[sanitize]06[sanitize]30,18,“ΉHγ,‚»‚Μ‘Ό,20Ξ‘γ,‚»‚Μ‘Ό,{ω‚Ή‚Έ
ή“,©“]Τ“,•ΊΙ,M’r,281051,•ΊΙ§,_Λs•ΊΙ‹ζ,…–Ψ’Κ‚T’–Ϊ,2022[sanitize]08[sanitize]10,07,“ΉHγ,‚»‚Μ‘Ό,20Ξ‘γ,‚»‚Μ‘Ό,{ω‚µ‚½
ή“,©“]Τ“,•ΊΙ,M’r,281051,•ΊΙ§,_Λs•ΊΙ‹ζ,…–Ψ’Κ‚T’–Ϊ,2022[sanitize]10[sanitize]03,13,“ΉHγ,‚»‚Μ‘Ό,10Ξ‘γ,‚»‚Μ‘Ό,{ω‚µ‚½
ή“,©“]Τ“,•ΊΙ,M’r,281051,•ΊΙ§,_Λs•ΊΙ‹ζ,…–Ψ’Κ‚T’–Ϊ,2022[sanitize]10[sanitize]14,13,“ΉHγ,‚»‚Μ‘Ό,20Ξ‘γ,‚»‚Μ‘Ό,{ω‚µ‚½
ή“,©“]Τ“,•ΊΙ,M’r,281051,•ΊΙ§,_Λs•ΊΙ‹ζ,…–Ψ’Κ‚U’–Ϊ,2022[sanitize]08[sanitize]11,18,κΛZ‘ξ,‚»‚Μ‘Ό,70ΞΘγ,‚»‚Μ‘Ό,{ω‚Ή‚Έ
ή“,©“]Τ“,•ΊΙ,M’r,281051,•ΊΙ§,_Λs•ΊΙ‹ζ,…–Ψ’Κ‚U’–Ϊ,2022[sanitize]10[sanitize]05,18,‚SK‚ΔΘγ‹¤“―Z‘ξ,’“Τi—Φjκ,70ΞΘγ,‚»‚Μ‘Ό,{ω‚Ή‚Έ
ή“,©“]Τ“,•ΊΙ,M’r,281051,•ΊΙ§,_Λs•ΊΙ‹ζ,…–Ψ’Κ‚V’–Ϊ,2022[sanitize]05[sanitize]15,21,“ΉHγ,‚»‚Μ‘Ό,50Ξ‘γ,‚»‚Μ‘Ό,{ω‚Ή‚Έ
ή“,©“]Τ“,•ΊΙ,M’r,281051,•ΊΙ§,_Λs•ΊΙ‹ζ,…–Ψ’Κ‚V’–Ϊ,2022[sanitize]05[sanitize]24,08,‚»‚Μ‘Ό,’“Τi—Φjκ,10Ξ‘γ,‘εw¶,{ω‚Ή‚Έ
ή“,©“]Τ“,•ΊΙ,M’r,281051,•ΊΙ§,_Λs•ΊΙ‹ζ,…–Ψ’Κ‚V’–Ϊ,2022[sanitize]11[sanitize]27,08,‚»‚Μ‘Ό,’“Τi—Φjκ,20Ξ‘γ,‚»‚Μ‘Ό,{ω‚µ‚½
ή“,©“]Τ“,•ΊΙ,•΄,281051,•ΊΙ§,_Λs•ΊΙ‹ζ,Όγ‹k’Κ‚Q’–Ϊ,2022[sanitize]04[sanitize]07,03,‚SK‚ΔΘγ‹¤“―Z‘ξ,’“Τi—Φjκ,20Ξ‘γ,‚»‚Μ‘Ό,{ω‚µ‚½
ή“,©“]Τ“,•ΊΙ,•΄,281051,•ΊΙ§,_Λs•ΊΙ‹ζ,Όγ‹k’Κ‚Q’–Ϊ,2022[sanitize]04[sanitize]26,19,“ΉHγ,‚»‚Μ‘Ό,50Ξ‘γ,‚»‚Μ‘Ό,{ω‚µ‚½
ή“,©“]Τ“,•ΊΙ,•΄,281051,•ΊΙ§,_Λs•ΊΙ‹ζ,Όγ‹k’Κ‚Q’–Ϊ,2022[sanitize]10[sanitize]17,10,‚SK‚ΔΘγ‹¤“―Z‘ξ,’“Τi—Φjκ,30Ξ‘γ,‚»‚Μ‘Ό,{ω‚Ή‚Έ
ή“,©“]Τ“,•ΊΙ,•΄,281051,•ΊΙ§,_Λs•ΊΙ‹ζ,Όγ‹k’Κ‚Q’–Ϊ,2022[sanitize]10[sanitize]19,13,“ΉHγ,‚»‚Μ‘Ό,50Ξ‘γ,‚»‚Μ‘Ό,{ω‚Ή‚Έ
ή“,©“]Τ“,•ΊΙ,•΄,281051,•ΊΙ§,_Λs•ΊΙ‹ζ,Ό‹k’Κ‚P’–Ϊ,2022[sanitize]06[sanitize]04,20,“ΉHγ,‚»‚Μ‘Ό,20Ξ‘γ,‚»‚Μ‘Ό,{ω‚Ή‚Έ
ή“,©“]Τ“,•ΊΙ,•΄,281051,•ΊΙ§,_Λs•ΊΙ‹ζ,Ό‹k’Κ‚Q’–Ϊ,2022[sanitize]03[sanitize]03,17,’“Τi—Φjκ,’“Τi—Φjκ,20Ξ‘γ,‚»‚Μ‘Ό,{ω‚Ή‚Έ
ή“,©“]Τ“,•ΊΙ,•΄,281051,•ΊΙ§,_Λs•ΊΙ‹ζ,Ό‘½•·’Κ‚P’–Ϊ,2022[sanitize]04[sanitize]14,16,‚»‚Μ‘Ό‚ΜZ‘ξi‚RK‚ΔΘ‰Ί‹¤“―Z‘ξ“™j,’“Τi—Φjκ,30Ξ‘γ,‚»‚Μ‘Ό,{ω‚µ‚½
ή“,©“]Τ“,•ΊΙ,•΄,281051,•ΊΙ§,_Λs•ΊΙ‹ζ,Ό‘½•·’Κ‚P’–Ϊ,2022[sanitize]08[sanitize]13,15,“ΉHγ,‚»‚Μ‘Ό,20Ξ‘γ,‚»‚Μ‘Ό,{ω‚µ‚½
ή“,©“]Τ“,•ΊΙ,•΄,281051,•ΊΙ§,_Λs•ΊΙ‹ζ,Ό‘½•·’Κ‚P’–Ϊ,2022[sanitize]12[sanitize]02,14,“ΉHγ,‚»‚Μ‘Ό,20Ξ‘γ,‚»‚Μ‘Ό,{ω‚Ή‚Έ
ή“,©“]Τ“,•ΊΙ,•΄,281051,•ΊΙ§,_Λs•ΊΙ‹ζ,Ό‘½•·’Κ‚Q’–Ϊ,2022[sanitize]03[sanitize]31,06,“ΉHγ,‚»‚Μ‘Ό,20Ξ‘γ,‚»‚Μ‘Ό,{ω‚µ‚½
ή“,©“]Τ“,•ΊΙ,•΄,281051,•ΊΙ§,_Λs•ΊΙ‹ζ,Ό‘½•·’Κ‚Q’–Ϊ,2022[sanitize]07[sanitize]03,01,“ΉHγ,‚»‚Μ‘Ό,10Ξ‘γ,‚»‚Μ‘Ό,{ω‚Ή‚Έ
ή“,©“]Τ“,•ΊΙ,•΄,281051,•ΊΙ§,_Λs•ΊΙ‹ζ,•΄’¬,2022[sanitize]02[sanitize]01,11,‚SK‚ΔΘγ‹¤“―Z‘ξ,’“Τi—Φjκ,20Ξ‘γ,‚»‚Μ‘Ό,{ω‚µ‚½
ή“,©“]Τ“,•ΊΙ,•΄,281051,•ΊΙ§,_Λs•ΊΙ‹ζ,•΄’¬,2022[sanitize]03[sanitize]06,17,“ΉHγ,‚»‚Μ‘Ό,20Ξ‘γ,‚»‚Μ‘Ό,{ω‚µ‚½
ή“,©“]Τ“,•ΊΙ,•΄,281051,•ΊΙ§,_Λs•ΊΙ‹ζ,•΄’¬,2022[sanitize]03[sanitize]12,10,“ΉHγ,‚»‚Μ‘Ό,20Ξ‘γ,‚»‚Μ‘Ό,{ω‚µ‚½
ή“,©“]Τ“,•ΊΙ,•΄,281051,•ΊΙ§,_Λs•ΊΙ‹ζ,•΄’¬,2022[sanitize]04[sanitize]01,21,“ΉHγ,‚»‚Μ‘Ό,20Ξ‘γ,‘εw¶,{ω‚µ‚½
ή“,©“]Τ“,•ΊΙ,•΄,281051,•ΊΙ§,_Λs•ΊΙ‹ζ,•΄’¬,2022[sanitize]05[sanitize]24,17,“ΉHγ,‚»‚Μ‘Ό,20Ξ‘γ,‚»‚Μ‘Ό,{ω‚Ή‚Έ
ή“,©“]Τ“,•ΊΙ,•΄,281051,•ΊΙ§,_Λs•ΊΙ‹ζ,•΄’¬,2022[sanitize]06[sanitize]06,19,“ΉHγ,‚»‚Μ‘Ό,20Ξ‘γ,‚»‚Μ‘Ό,{ω‚µ‚½
ή“,©“]Τ“,•ΊΙ,•΄,281051,•ΊΙ§,_Λs•ΊΙ‹ζ,•΄’¬,2022[sanitize]06[sanitize]14,21,“ΉHγ,‚»‚Μ‘Ό,50Ξ‘γ,‚»‚Μ‘Ό,{ω‚Ή‚Έ
ή“,©“]Τ“,•ΊΙ,•΄,281051,•ΊΙ§,_Λs•ΊΙ‹ζ,•΄’¬,2022[sanitize]08[sanitize]07,02,“ΉHγ,‚»‚Μ‘Ό,40Ξ‘γ,‚»‚Μ‘Ό,{ω‚µ‚½
ή“,©“]Τ“,•ΊΙ,•΄,281051,•ΊΙ§,_Λs•ΊΙ‹ζ,•΄’¬,2022[sanitize]08[sanitize]26,18,“ΉHγ,‚»‚Μ‘Ό,20Ξ‘γ,‚»‚Μ‘Ό,{ω‚Ή‚Έ
ή“,©“]Τ“,•ΊΙ,•΄,281051,•ΊΙ§,_Λs•ΊΙ‹ζ,•΄’¬,2022[sanitize]11[sanitize]20,03,“ΉHγ,‚»‚Μ‘Ό,50Ξ‘γ,‚»‚Μ‘Ό,{ω‚Ή‚Έ
ή“,©“]Τ“,•ΊΙ,•΄,281051,•ΊΙ§,_Λs•ΊΙ‹ζ,•΄’¬,2022[sanitize]11[sanitize]26,20,“ΉHγ,‚»‚Μ‘Ό,20Ξ‘γ,‚»‚Μ‘Ό,{ω‚µ‚½
ή“,©“]Τ“,•ΊΙ,•΄,281051,•ΊΙ§,_Λs•ΊΙ‹ζ,•΄’¬,2022[sanitize]12[sanitize]23,18,“ΉHγ,‚»‚Μ‘Ό,20Ξ‘γ,‚»‚Μ‘Ό,{ω‚Ή‚Έ
ή“,©“]Τ“,•ΊΙ,•΄,281051,•ΊΙ§,_Λs•ΊΙ‹ζ,•΄’¬,2022[sanitize]12[sanitize]24,17,‚SK‚ΔΘγ‹¤“―Z‘ξ,‚»‚Μ‘Ό,40Ξ‘γ,‚»‚Μ‘Ό,{ω‚µ‚½
ή“,©“]Τ“,•ΊΙ,•΄,281051,•ΊΙ§,_Λs•ΊΙ‹ζ,•΄’¬,2022[sanitize]12[sanitize]29,23,“ΉHγ,‚»‚Μ‘Ό,50Ξ‘γ,‚»‚Μ‘Ό,{ω‚Ή‚Έ
ή“,©“]Τ“,•ΊΙ,r“c,281051,•ΊΙ§,_Λs•ΊΙ‹ζ,r“c’¬‚P’–Ϊ,2022[sanitize]01[sanitize]12,17,“ΉHγ,‚»‚Μ‘Ό,40Ξ‘γ,‚»‚Μ‘Ό,{ω‚µ‚½
ή“,©“]Τ“,•ΊΙ,r“c,281051,•ΊΙ§,_Λs•ΊΙ‹ζ,r“c’¬‚P’–Ϊ,2022[sanitize]01[sanitize]12,17,“ΉHγ,‚»‚Μ‘Ό,50Ξ‘γ,‚»‚Μ‘Ό,{ω‚µ‚½
ή“,©“]Τ“,•ΊΙ,r“c,281051,•ΊΙ§,_Λs•ΊΙ‹ζ,r“c’¬‚P’–Ϊ,2022[sanitize]02[sanitize]11,20,“ΉHγ,‚»‚Μ‘Ό,20Ξ‘γ,‘εw¶,{ω‚µ‚½
ή“,©“]Τ“,•ΊΙ,r“c,281051,•ΊΙ§,_Λs•ΊΙ‹ζ,r“c’¬‚P’–Ϊ,2022[sanitize]12[sanitize]18,15,“ΉHγ,‚»‚Μ‘Ό,10Ξ‘γ,‚Z¶,{ω‚Ή‚Έ
ή“,©“]Τ“,•ΊΙ,r“c,281051,•ΊΙ§,_Λs•ΊΙ‹ζ,r“c’¬‚Q’–Ϊ,2022[sanitize]05[sanitize]20,12,‚»‚Μ‘Ό,‚»‚Μ‘Ό,20Ξ‘γ,‚»‚Μ‘Ό,{ω‚µ‚½
ή“,©“]Τ“,•ΊΙ,r“c,281051,•ΊΙ§,_Λs•ΊΙ‹ζ,r“c’¬‚Q’–Ϊ,2022[sanitize]08[sanitize]08,19,“ΉHγ,‚»‚Μ‘Ό,10Ξ‘γ,’†w¶,{ω‚Ή‚Έ
ή“,©“]Τ“,•ΊΙ,r“c,281051,•ΊΙ§,_Λs•ΊΙ‹ζ,r“c’¬‚Q’–Ϊ,2022[sanitize]10[sanitize]18,17,“ΉHγ,‚»‚Μ‘Ό,10Ξ‘γ,’†w¶,{ω‚Ή‚Έ
ή“,©“]Τ“,•ΊΙ,r“c,281051,•ΊΙ§,_Λs•ΊΙ‹ζ,r“c’¬‚Q’–Ϊ,2022[sanitize]10[sanitize]22,17,‚SK‚ΔΘγ‹¤“―Z‘ξ,‚»‚Μ‘Ό,20Ξ‘γ,‚»‚Μ‘Ό,{ω‚Ή‚Έ
ή“,©“]Τ“,•ΊΙ,r“c,281051,•ΊΙ§,_Λs•ΊΙ‹ζ,r“c’¬‚Q’–Ϊ,2022[sanitize]11[sanitize]17,16,“ΉHγ,‚»‚Μ‘Ό,65[sanitize]69Ξ,‚»‚Μ‘Ό,{ω‚µ‚½
ή“,©“]Τ“,•ΊΙ,r“c,281051,•ΊΙ§,_Λs•ΊΙ‹ζ,r“c’¬‚R’–Ϊ,2022[sanitize]05[sanitize]29,18,‚SK‚ΔΘγ‹¤“―Z‘ξ,’“Τi—Φjκ,30Ξ‘γ,‚»‚Μ‘Ό,{ω‚Ή‚Έ
ή“,©“]Τ“,•ΊΙ,r“c,281051,•ΊΙ§,_Λs•ΊΙ‹ζ,r“c’¬‚R’–Ϊ,2022[sanitize]07[sanitize]13,08,‚SK‚ΔΘγ‹¤“―Z‘ξ,’“Τi—Φjκ,20Ξ‘γ,‚»‚Μ‘Ό,{ω‚Ή‚Έ
ή“,©“]Τ“,•ΊΙ,r“c,281051,•ΊΙ§,_Λs•ΊΙ‹ζ,r“c’¬‚R’–Ϊ,2022[sanitize]10[sanitize]12,13,“ΉHγ,‚»‚Μ‘Ό,30Ξ‘γ,‚»‚Μ‘Ό,{ω‚µ‚½
ή“,©“]Τ“,•ΊΙ,r“c,281051,•ΊΙ§,_Λs•ΊΙ‹ζ,r“c’¬‚S’–Ϊ,2021[sanitize]12[sanitize]20,09,’“Τi—Φjκ,’“Τi—Φjκ,20Ξ‘γ,‚»‚Μ‘Ό,{ω‚µ‚½
ή“,©“]Τ“,•ΊΙ,r“c,281051,•ΊΙ§,_Λs•ΊΙ‹ζ,r“c’¬‚S’–Ϊ,2022[sanitize]06[sanitize]30,15,“ΉHγ,‚»‚Μ‘Ό,20Ξ‘γ,‚»‚Μ‘Ό,{ω‚Ή‚Έ
ή“,©“]Τ“,•ΊΙ,r“c,281051,•ΊΙ§,_Λs•ΊΙ‹ζ,r“c’¬‚S’–Ϊ,2022[sanitize]12[sanitize]20,21,“ΉHγ,‚»‚Μ‘Ό,65[sanitize]69Ξ,‚»‚Μ‘Ό,{ω‚µ‚½
ή“,©“]Τ“,•ΊΙ,,281051,•ΊΙ§,_Λs•ΊΙ‹ζ,•΄’¬,2021[sanitize]09[sanitize]01,•s–Ύ,“ΉHγ,‚»‚Μ‘Ό,20Ξ‘γ,‚»‚Μ‘Ό,{ω‚Ή‚Έ
ή“,©“]Τ“,’·“c,γ’r“c,281069,•ΊΙ§,_Λs’·“c‹ζ,γ’r“c‚R’–Ϊ,2022[sanitize]07[sanitize]29,18,‚SK‚ΔΘγ‹¤“―Z‘ξ,’“Τi—Φjκ,30Ξ‘γ,‚»‚Μ‘Ό,{ω‚µ‚½
ή“,©“]Τ“,’·“c,‹v•Ϋ,281069,•ΊΙ§,_Λs’·“c‹ζ,r’Λ’¬‚R’–Ϊ,2022[sanitize]08[sanitize]24,19,κΛZ‘ξ,’“Τi—Φjκ,70ΞΘγ,‚»‚Μ‘Ό,{ω‚µ‚½
ή“,©“]Τ“,’·“c,‹v•Ϋ,281069,•ΊΙ§,_Λs’·“c‹ζ,r’Λ’¬‚U’–Ϊ,2022[sanitize]11[sanitize]16,14,‚»‚Μ‘Ό,’“Τi—Φjκ,70ΞΘγ,‚»‚Μ‘Ό,{ω‚Ή‚Έ
ή“,©“]Τ“,’·“c,‹v•Ϋ,281069,•ΊΙ§,_Λs’·“c‹ζ,r’Λ’¬‚V’–Ϊ,2022[sanitize]09[sanitize]16,07,κΛZ‘ξ,‚»‚Μ‘Ό,30Ξ‘γ,‚»‚Μ‘Ό,{ω‚µ‚½
ή“,©“]Τ“,’·“c,‹v•Ϋ,281069,•ΊΙ§,_Λs’·“c‹ζ,‹v•Ϋ’¬‚P’–Ϊ,2022[sanitize]06[sanitize]18,08,“ΉHγ,‚»‚Μ‘Ό,10Ξ‘γ,’†w¶,{ω‚µ‚½
ή“,©“]Τ“,’·“c,‹v•Ϋ,281069,•ΊΙ§,_Λs’·“c‹ζ,‹v•Ϋ’¬‚Q’–Ϊ,2022[sanitize]04[sanitize]25,13,“ΉHγ,‚»‚Μ‘Ό,70ΞΘγ,‚»‚Μ‘Ό,{ω‚µ‚½
ή“,©“]Τ“,’·“c,‹v•Ϋ,281069,•ΊΙ§,_Λs’·“c‹ζ,‹v•Ϋ’¬‚R’–Ϊ,2022[sanitize]09[sanitize]18,16,‚»‚Μ‘Ό‚ΜZ‘ξi‚RK‚ΔΘ‰Ί‹¤“―Z‘ξ“™j,’“Τi—Φjκ,20Ξ‘γ,‚»‚Μ‘Ό,{ω‚µ‚½
ή“,©“]Τ“,’·“c,‹v•Ϋ,281069,•ΊΙ§,_Λs’·“c‹ζ,‹v•Ϋ’¬‚R’–Ϊ,2022[sanitize]12[sanitize]18,08,“ΉHγ,‚»‚Μ‘Ό,20Ξ‘γ,‚»‚Μ‘Ό,{ω‚Ή‚Έ
ή“,©“]Τ“,’·“c,‹v•Ϋ,281069,•ΊΙ§,_Λs’·“c‹ζ,‹v•Ϋ’¬‚S’–Ϊ,2022[sanitize]07[sanitize]19,14,“ΉHγ,‚»‚Μ‘Ό,30Ξ‘γ,‚»‚Μ‘Ό,{ω‚Ή‚Έ
ή“,©“]Τ“,’·“c,‹v•Ϋ,281069,•ΊΙ§,_Λs’·“c‹ζ,‹v•Ϋ’¬‚T’–Ϊ,2022[sanitize]07[sanitize]25,14,“ΉHγ,‚»‚Μ‘Ό,10Ξ–Ά–,¬w¶,{ω‚Ή‚Έ
ή“,©“]Τ“,’·“c,‹v•Ϋ,281069,•ΊΙ§,_Λs’·“c‹ζ,‹v•Ϋ’¬‚T’–Ϊ,2022[sanitize]11[sanitize]22,17,“ΉHγ,‚»‚Μ‘Ό,10Ξ‘γ,‚Z¶,{ω‚Ή‚Έ
ή“,©“]Τ“,’·“c,‹v•Ϋ,281069,•ΊΙ§,_Λs’·“c‹ζ,‹v•Ϋ’¬‚W’–Ϊ,2022[sanitize]07[sanitize]07,18,“ΉHγ,‚»‚Μ‘Ό,40Ξ‘γ,‚»‚Μ‘Ό,{ω‚Ή‚Έ
ή“,©“]Τ“,’·“c,‹v•Ϋ,281069,•ΊΙ§,_Λs’·“c‹ζ,‹v•Ϋ’¬‚X’–Ϊ,2022[sanitize]08[sanitize]11,20,‚SK‚ΔΘγ‹¤“―Z‘ξ,’“Τi—Φjκ,20Ξ‘γ,‚»‚Μ‘Ό,{ω‚Ή‚Έ
ή“,©“]Τ“,’·“c,‹v•Ϋ,281069,•ΊΙ§,_Λs’·“c‹ζ,‹ξƒP—Ρ’¬‚P’–Ϊ,2022[sanitize]04[sanitize]04,10,“ΉHγ,‚»‚Μ‘Ό,40Ξ‘γ,‚»‚Μ‘Ό,{ω‚Ή‚Έ
ή“,©“]Τ“,’·“c,‹v•Ϋ,281069,•ΊΙ§,_Λs’·“c‹ζ,‹ξƒP—Ρ’¬‚P’–Ϊ,2022[sanitize]08[sanitize]28,16,“ΉHγ,‚»‚Μ‘Ό,30Ξ‘γ,‚»‚Μ‘Ό,{ω‚µ‚½
ή“,©“]Τ“,’·“c,‹v•Ϋ,281069,•ΊΙ§,_Λs’·“c‹ζ,‹ξƒP—Ρ’¬‚P’–Ϊ,2022[sanitize]11[sanitize]01,17,“ΉHγ,‚»‚Μ‘Ό,10Ξ‘γ,‚»‚Μ‘Ό,{ω‚Ή‚Έ
ή“,©“]Τ“,’·“c,‹v•Ϋ,281069,•ΊΙ§,_Λs’·“c‹ζ,‹ξƒP—Ρ’¬‚P’–Ϊ,2022[sanitize]11[sanitize]27,09,‚»‚Μ‘Ό,’“Τi—Φjκ,40Ξ‘γ,‚»‚Μ‘Ό,{ω‚µ‚½
ή“,©“]Τ“,’·“c,‹v•Ϋ,281069,•ΊΙ§,_Λs’·“c‹ζ,‹ξƒP—Ρ’¬‚P’–Ϊ,2022[sanitize]12[sanitize]06,21,“ΉHγ,‚»‚Μ‘Ό,50Ξ‘γ,‚»‚Μ‘Ό,{ω‚Ή‚Έ
ή“,©“]Τ“,’·“c,‹v•Ϋ,281069,•ΊΙ§,_Λs’·“c‹ζ,‹ξƒP—Ρ’¬‚S’–Ϊ,2022[sanitize]10[sanitize]19,07,κΛZ‘ξ,‚»‚Μ‘Ό,50Ξ‘γ,‚»‚Μ‘Ό,{ω‚Ή‚Έ
ή“,©“]Τ“,’·“c,‹v•Ϋ,281069,•ΊΙ§,_Λs’·“c‹ζ,‹ξƒP—Ρ’¬‚T’–Ϊ,2022[sanitize]11[sanitize]17,09,“ΉHγ,‚»‚Μ‘Ό,20Ξ‘γ,‚»‚Μ‘Ό,{ω‚Ή‚Έ
ή“,©“]Τ“,’·“c,‹v•Ϋ,281069,•ΊΙ§,_Λs’·“c‹ζ,―“c’¬‚R’–Ϊ,2022[sanitize]02[sanitize]17,07,“ΉHγ,‚»‚Μ‘Ό,10Ξ‘γ,’†w¶,{ω‚Ή‚Έ
ή“,©“]Τ“,’·“c,‹v•Ϋ,281069,•ΊΙ§,_Λs’·“c‹ζ,“ρ—t’¬‚P’–Ϊ,2022[sanitize]11[sanitize]29,13,κΛZ‘ξ,‚»‚Μ‘Ό,10Ξ‘γ,’†w¶,{ω‚Ή‚Έ
ή“,©“]Τ“,’·“c,‹v•Ϋ,281069,•ΊΙ§,_Λs’·“c‹ζ,“ρ—t’¬‚U’–Ϊ,2022[sanitize]07[sanitize]01,16,“ΉHγ,‚»‚Μ‘Ό,10Ξ‘γ,¬w¶,{ω‚Ή‚Έ
ή“,©“]Τ“,’·“c,‹v•Ϋ,281069,•ΊΙ§,_Λs’·“c‹ζ,“ρ—t’¬‚U’–Ϊ,2022[sanitize]08[sanitize]06,02,“ΉHγ,‚»‚Μ‘Ό,20Ξ‘γ,‘εw¶,{ω‚µ‚½
ή“,©“]Τ“,’·“c,‹v•Ϋ,281069,•ΊΙ§,_Λs’·“c‹ζ,“ρ—t’¬‚U’–Ϊ,2022[sanitize]09[sanitize]12,15,“ΉHγ,‚»‚Μ‘Ό,65[sanitize]69Ξ,‚»‚Μ‘Ό,{ω‚Ή‚Έ
ή“,©“]Τ“,’·“c,‹v•Ϋ,281069,•ΊΙ§,_Λs’·“c‹ζ,“ρ—t’¬‚V’–Ϊ,2022[sanitize]08[sanitize]07,19,“ΉHγ,‚»‚Μ‘Ό,30Ξ‘γ,‚»‚Μ‘Ό,{ω‚Ή‚Έ
ή“,©“]Τ“,’·“c,‹v•Ϋ,281069,•ΊΙ§,_Λs’·“c‹ζ,“μ‹ξ‰h’¬,2022[sanitize]08[sanitize]08,17,‚»‚Μ‘Ό,’“Τi—Φjκ,10Ξ–Ά–,¬w¶,{ω‚Ή‚Έ
ή“,©“]Τ“,’·“c,‹v•Ϋ,281069,•ΊΙ§,_Λs’·“c‹ζ,“μ‹ξ‰h’¬,2022[sanitize]09[sanitize]25,18,‚»‚Μ‘Ό,’“Τi—Φjκ,50Ξ‘γ,‚»‚Μ‘Ό,{ω‚Ή‚Έ
ή“,©“]Τ“,’·“c,–Ό‘q,281069,•ΊΙ§,_Λs’·“c‹ζ,’·“c“V_’¬‚Q’–Ϊ,2022[sanitize]09[sanitize]29,07,‚»‚Μ‘Ό,’“Τi—Φjκ,20Ξ‘γ,‚»‚Μ‘Ό,{ω‚Ή‚Έ
ή“,©“]Τ“,’·“c,–Ό‘q,281069,•ΊΙ§,_Λs’·“c‹ζ,’·“c“V_’¬‚S’–Ϊ,2022[sanitize]10[sanitize]22,16,“ΉHγ,‚»‚Μ‘Ό,20Ξ‘γ,‚»‚Μ‘Ό,{ω‚Ή‚Έ
ή“,©“]Τ“,’·“c,–Ό‘q,281069,•ΊΙ§,_Λs’·“c‹ζ,–Ό‘q’¬‚T’–Ϊ,2022[sanitize]08[sanitize]19,06,‚SK‚ΔΘγ‹¤“―Z‘ξ,’“Τi—Φjκ,10Ξ‘γ,‚Z¶,{ω‚Ή‚Έ
ή“,©“]Τ“,’·“c,–Ό‘q,281069,•ΊΙ§,_Λs’·“c‹ζ,–[‰¤›’¬‚U’–Ϊ,2022[sanitize]07[sanitize]17,03,‚»‚Μ‘Ό‚ΜZ‘ξi‚RK‚ΔΘ‰Ί‹¤“―Z‘ξ“™j,’“Τi—Φjκ,20Ξ‘γ,‚»‚Μ‘Ό,{ω‚Ή‚Έ
ή“,©“]Τ“,’·“c,‘ε’J,281069,•ΊΙ§,_Λs’·“c‹ζ,―R’¬‚P’–Ϊ,2022[sanitize]07[sanitize]23,20,‚SK‚ΔΘγ‹¤“―Z‘ξ,’“Τi—Φjκ,10Ξ‘γ,’†w¶,{ω‚µ‚½
ή“,©“]Τ“,’·“c,‘ε’J,281069,•ΊΙ§,_Λs’·“c‹ζ,@’r’¬,2022[sanitize]06[sanitize]18,18,‚»‚Μ‘Ό,‚»‚Μ‘Ό,20Ξ‘γ,‚»‚Μ‘Ό,{ω‚Ή‚Έ
ή“,©“]Τ“,’·“c,‘ε’J,281069,•ΊΙ§,_Λs’·“c‹ζ,@’r’¬,2022[sanitize]11[sanitize]06,09,‚»‚Μ‘Ό,‚»‚Μ‘Ό,40Ξ‘γ,‚»‚Μ‘Ό,{ω‚Ή‚Έ
ή“,©“]Τ“,’·“c,‘ε’J,281069,•ΊΙ§,_Λs’·“c‹ζ,δ‘D’Κ‚S’–Ϊ,2022[sanitize]10[sanitize]12,19,‚SK‚ΔΘγ‹¤“―Z‘ξ,’“Τi—Φjκ,10Ξ‘γ,‚Z¶,{ω‚Ή‚Έ
ή“,©“]Τ“,’·“c,‘ε’J,281069,•ΊΙ§,_Λs’·“c‹ζ,R‰Ί’¬‚P’–Ϊ,2022[sanitize]06[sanitize]10,22,“ΉHγ,‚»‚Μ‘Ό,10Ξ‘γ,‚Z¶,{ω‚Ή‚Έ
ή“,©“]Τ“,’·“c,‘ε’J,281069,•ΊΙ§,_Λs’·“c‹ζ,R‰Ί’¬‚P’–Ϊ,2022[sanitize]07[sanitize]19,00,‚SK‚ΔΘγ‹¤“―Z‘ξ,’“Τi—Φjκ,20Ξ‘γ,‘εw¶,{ω‚µ‚½
ή“,©“]Τ“,’·“c,‘ε’J,281069,•ΊΙ§,_Λs’·“c‹ζ,R‰Ί’¬‚Q’–Ϊ,2022[sanitize]03[sanitize]26,22,κΛZ‘ξ,‚»‚Μ‘Ό,20Ξ‘γ,‚»‚Μ‘Ό,{ω‚Ή‚Έ
ή“,©“]Τ“,’·“c,›’r,281069,•ΊΙ§,_Λs’·“c‹ζ,d’r’¬‚P’–Ϊ,2022[sanitize]02[sanitize]05,16,“ΉHγ,‚»‚Μ‘Ό,10Ξ‘γ,‚»‚Μ‘Ό,{ω‚Ή‚Έ
ή“,©“]Τ“,’·“c,›’r,281069,•ΊΙ§,_Λs’·“c‹ζ,‘O΄’¬‚P’–Ϊ,2022[sanitize]04[sanitize]18,07,‚»‚Μ‘Ό,’“Τi—Φjκ,20Ξ‘γ,‚»‚Μ‘Ό,{ω‚µ‚½
ή“,©“]Τ“,’·“c,δ‘ ,281069,•ΊΙ§,_Λs’·“c‹ζ,κ”Τ’¬‚R’–Ϊ,2022[sanitize]05[sanitize]01,00,‚SK‚ΔΘγ‹¤“―Z‘ξ,‚»‚Μ‘Ό,10Ξ‘γ,‚»‚Μ‘Ό,{ω‚µ‚½
ή“,©“]Τ“,’·“c,δ‘ ,281069,•ΊΙ§,_Λs’·“c‹ζ,κ”Τ’¬‚R’–Ϊ,2022[sanitize]05[sanitize]26,18,‚SK‚ΔΘγ‹¤“―Z‘ξ,’“Τi—Φjκ,40Ξ‘γ,‚»‚Μ‘Ό,{ω‚µ‚½
ή“,©“]Τ“,’·“c,δ‘ ,281069,•ΊΙ§,_Λs’·“c‹ζ,κ”Τ’¬‚T’–Ϊ,2021[sanitize]07[sanitize]01,•s–Ύ,‚SK‚ΔΘγ‹¤“―Z‘ξ,’“Τi—Φjκ,10Ξ‘γ,‚Z¶,{ω‚Ή‚Έ
ή“,©“]Τ“,’·“c,δ‘ ,281069,•ΊΙ§,_Λs’·“c‹ζ,–k’¬‚P’–Ϊ,2022[sanitize]04[sanitize]11,12,‚»‚Μ‘Ό,’“Τi—Φjκ,40Ξ‘γ,‚»‚Μ‘Ό,{ω‚Ή‚Έ
ή“,©“]Τ“,’·“c,δ‘ ,281069,•ΊΙ§,_Λs’·“c‹ζ,–k’¬‚P’–Ϊ,2022[sanitize]06[sanitize]08,18,‚»‚Μ‘Ό,’“Τi—Φjκ,40Ξ‘γ,‚»‚Μ‘Ό,{ω‚Ή‚Έ
ή“,©“]Τ“,’·“c,δ‘ ,281069,•ΊΙ§,_Λs’·“c‹ζ,–k’¬‚P’–Ϊ,2022[sanitize]06[sanitize]15,18,“ΉHγ,‚»‚Μ‘Ό,10Ξ‘γ,’†w¶,{ω‚µ‚½
ή“,©“]Τ“,’·“c,δ‘ ,281069,•ΊΙ§,_Λs’·“c‹ζ,–k’¬‚P’–Ϊ,2022[sanitize]10[sanitize]01,17,“ΉHγ,‚»‚Μ‘Ό,10Ξ‘γ,‚Z¶,{ω‚µ‚½
ή“,©“]Τ“,’·“c,δ‘ ,281069,•ΊΙ§,_Λs’·“c‹ζ,–k’¬‚P’–Ϊ,2022[sanitize]11[sanitize]05,11,“ΉHγ,‚»‚Μ‘Ό,70ΞΘγ,‚»‚Μ‘Ό,{ω‚Ή‚Έ
ή“,©“]Τ“,’·“c,δ‘ ,281069,•ΊΙ§,_Λs’·“c‹ζ,–k’¬‚P’–Ϊ,2022[sanitize]11[sanitize]10,06,’“Τi—Φjκ,’“Τi—Φjκ,20Ξ‘γ,‚»‚Μ‘Ό,{ω‚µ‚½
ή“,©“]Τ“,’·“c,δ‘ ,281069,•ΊΙ§,_Λs’·“c‹ζ,–k’¬‚P’–Ϊ,2022[sanitize]12[sanitize]02,16,‚»‚Μ‘Ό,‚»‚Μ‘Ό,70ΞΘγ,‚»‚Μ‘Ό,{ω‚Ή‚Έ
ή“,©“]Τ“,’·“c,δ‘ ,281069,•ΊΙ§,_Λs’·“c‹ζ,–k’¬‚P’–Ϊ,2022[sanitize]12[sanitize]16,10,‚»‚Μ‘Ό,’“Τi—Φjκ,10Ξ‘γ,‚»‚Μ‘Ό,{ω‚µ‚½
ή“,©“]Τ“,’·“c,δ‘ ,281069,•ΊΙ§,_Λs’·“c‹ζ,–k’¬‚Q’–Ϊ,2022[sanitize]07[sanitize]12,18,‚SK‚ΔΘγ‹¤“―Z‘ξ,’“Τi—Φjκ,10Ξ‘γ,‚Z¶,{ω‚Ή‚Έ
ή“,©“]Τ“,’·“c,δ‘ ,281069,•ΊΙ§,_Λs’·“c‹ζ,–k’¬‚Q’–Ϊ,2022[sanitize]08[sanitize]18,13,‚»‚Μ‘Ό,’“Τi—Φjκ,10Ξ‘γ,¬w¶,{ω‚Ή‚Έ
ή“,©“]Τ“,’·“c,δ‘ ,281069,•ΊΙ§,_Λs’·“c‹ζ,–k’¬‚Q’–Ϊ,2022[sanitize]08[sanitize]21,19,‚»‚Μ‘Ό,’“Τi—Φjκ,40Ξ‘γ,‚»‚Μ‘Ό,{ω‚Ή‚Έ
ή“,©“]Τ“,’·“c,δ‘ ,281069,•ΊΙ§,_Λs’·“c‹ζ,–k’¬‚Q’–Ϊ,2022[sanitize]08[sanitize]22,07,‚»‚Μ‘Ό,’“Τi—Φjκ,30Ξ‘γ,‚»‚Μ‘Ό,{ω‚µ‚½
ή“,©“]Τ“,’·“c,δ‘ ,281069,•ΊΙ§,_Λs’·“c‹ζ,–k’¬‚Q’–Ϊ,2022[sanitize]09[sanitize]13,14,“ΉHγ,‚»‚Μ‘Ό,20Ξ‘γ,‚»‚Μ‘Ό,{ω‚Ή‚Έ
ή“,©“]Τ“,’·“c,δ‘ ,281069,•ΊΙ§,_Λs’·“c‹ζ,–k’¬‚Q’–Ϊ,2022[sanitize]11[sanitize]15,14,‚»‚Μ‘Ό,‚»‚Μ‘Ό,20Ξ‘γ,‚»‚Μ‘Ό,{ω‚µ‚½
ή“,©“]Τ“,’·“c,δ‘ ,281069,•ΊΙ§,_Λs’·“c‹ζ,–k’¬‚R’–Ϊ,2021[sanitize]12[sanitize]20,17,‚SK‚ΔΘγ‹¤“―Z‘ξ,’“Τi—Φjκ,10Ξ‘γ,¬w¶,{ω‚µ‚½
ή“,©“]Τ“,’·“c,δ‘ ,281069,•ΊΙ§,_Λs’·“c‹ζ,–k’¬‚R’–Ϊ,2022[sanitize]06[sanitize]04,19,‚SK‚ΔΘγ‹¤“―Z‘ξ,’“Τi—Φjκ,60[sanitize]64Ξ,‚»‚Μ‘Ό,{ω‚µ‚½
ή“,©“]Τ“,’·“c,δ‘ ,281069,•ΊΙ§,_Λs’·“c‹ζ,›΄’Κ‚Q’–Ϊ,2022[sanitize]04[sanitize]12,20,κΛZ‘ξ,‚»‚Μ‘Ό,10Ξ‘γ,‚Z¶,{ω‚Ή‚Έ
ή“,©“]Τ“,’·“c,δ‘ ,281069,•ΊΙ§,_Λs’·“c‹ζ,›΄’Κ‚Q’–Ϊ,2022[sanitize]07[sanitize]22,22,κΛZ‘ξ,’“Τi—Φjκ,10Ξ‘γ,‚Z¶,{ω‚Ή‚Έ
ή“,©“]Τ“,’·“c,δ‘ ,281069,•ΊΙ§,_Λs’·“c‹ζ,›΄’Κ‚Q’–Ϊ,2022[sanitize]08[sanitize]28,00,‚SK‚ΔΘγ‹¤“―Z‘ξ,’“Τi—Φjκ,30Ξ‘γ,‚»‚Μ‘Ό,{ω‚Ή‚Έ
ή“,©“]Τ“,’·“c,δ‘ ,281069,•ΊΙ§,_Λs’·“c‹ζ,›΄’Κ‚U’–Ϊ,2022[sanitize]08[sanitize]01,13,“ΉHγ,‚»‚Μ‘Ό,10Ξ‘γ,‚Z¶,{ω‚µ‚½
ή“,©“]Τ“,’·“c,δ‘ ,281069,•ΊΙ§,_Λs’·“c‹ζ,›΄’Κ‚U’–Ϊ,2022[sanitize]08[sanitize]11,18,‚»‚Μ‘Ό,‚»‚Μ‘Ό,20Ξ‘γ,‚»‚Μ‘Ό,{ω‚Ή‚Έ
ή“,©“]Τ“,’·“c,δ‘ ,281069,•ΊΙ§,_Λs’·“c‹ζ,›΄’Κ‚U’–Ϊ,2022[sanitize]12[sanitize]02,01,“ΉHγ,‚»‚Μ‘Ό,40Ξ‘γ,‚»‚Μ‘Ό,{ω‚Ή‚Έ
ή“,©“]Τ“,’·“c,δ‘ ,281069,•ΊΙ§,_Λs’·“c‹ζ,›΄’Κ‚V’–Ϊ,2022[sanitize]08[sanitize]20,16,‚»‚Μ‘Ό,’“Τi—Φjκ,30Ξ‘γ,‚»‚Μ‘Ό,{ω‚µ‚½
ή“,©“]Τ“,’·“c,δ‘ ,281069,•ΊΙ§,_Λs’·“c‹ζ,“ρ”Τ’¬‚S’–Ϊ,2022[sanitize]09[sanitize]27,15,“ΉHγ,‚»‚Μ‘Ό,10Ξ‘γ,‘εw¶,{ω‚µ‚½
ή“,©“]Τ“,’·“c,δ‘ ,281069,•ΊΙ§,_Λs’·“c‹ζ,δ‘ ’Κ‚Q’–Ϊ,2022[sanitize]05[sanitize]11,00,‚»‚Μ‘Ό‚ΜZ‘ξi‚RK‚ΔΘ‰Ί‹¤“―Z‘ξ“™j,’“Τi—Φjκ,20Ξ‘γ,‚»‚Μ‘Ό,{ω‚µ‚½
ή“,©“]Τ“,’·“c,δ‘ ,281069,•ΊΙ§,_Λs’·“c‹ζ,δ‘ ’Κ‚U’–Ϊ,2022[sanitize]09[sanitize]30,15,“ΉHγ,‚»‚Μ‘Ό,20Ξ‘γ,‚»‚Μ‘Ό,{ω‚Ή‚Έ
ή“,©“]Τ“,’·“c,δ‘ ,281069,•ΊΙ§,_Λs’·“c‹ζ,δ‘D’Κ‚R’–Ϊ,2022[sanitize]04[sanitize]13,14,κΛZ‘ξ,’“Τi—Φjκ,70ΞΘγ,‚»‚Μ‘Ό,{ω‚µ‚½
ή“,©“]Τ“,’·“c,V’·“c‰w‘O,281069,•ΊΙ§,_Λs’·“c‹ζ,‘ε‹΄’¬‚S’–Ϊ,2022[sanitize]12[sanitize]12,11,“ΉHγ,‚»‚Μ‘Ό,65[sanitize]69Ξ,‚»‚Μ‘Ό,{ω‚µ‚½
ή“,©“]Τ“,’·“c,V’·“c‰w‘O,281069,•ΊΙ§,_Λs’·“c‹ζ,‘ε‹΄’¬‚T’–Ϊ,2022[sanitize]03[sanitize]26,16,‚»‚Μ‘Ό,’“Τi—Φjκ,40Ξ‘γ,‚»‚Μ‘Ό,{ω‚µ‚½
ή“,©“]Τ“,’·“c,V’·“c‰w‘O,281069,•ΊΙ§,_Λs’·“c‹ζ,‘ε‹΄’¬‚T’–Ϊ,2022[sanitize]10[sanitize]10,14,“ΉHγ,‚»‚Μ‘Ό,10Ξ‘γ,‚Z¶,{ω‚Ή‚Έ
ή“,©“]Τ“,’·“c,V’·“c‰w‘O,281069,•ΊΙ§,_Λs’·“c‹ζ,‘ε‹΄’¬‚T’–Ϊ,2022[sanitize]10[sanitize]18,14,‚»‚Μ‘Ό,‚»‚Μ‘Ό,10Ξ‘γ,‚Z¶,{ω‚µ‚½
ή“,©“]Τ“,’·“c,V’·“c‰w‘O,281069,•ΊΙ§,_Λs’·“c‹ζ,‘ε‹΄’¬‚U’–Ϊ,2022[sanitize]02[sanitize]16,18,“ΉHγ,‚»‚Μ‘Ό,40Ξ‘γ,‚»‚Μ‘Ό,{ω‚Ή‚Έ
ή“,©“]Τ“,’·“c,V’·“c‰w‘O,281069,•ΊΙ§,_Λs’·“c‹ζ,‘ε‹΄’¬‚U’–Ϊ,2022[sanitize]05[sanitize]08,10,“ΉHγ,‚»‚Μ‘Ό,30Ξ‘γ,‚»‚Μ‘Ό,{ω‚µ‚½
ή“,©“]Τ“,’·“c,V’·“c‰w‘O,281069,•ΊΙ§,_Λs’·“c‹ζ,‘ε‹΄’¬‚U’–Ϊ,2022[sanitize]06[sanitize]15,20,“ΉHγ,‚»‚Μ‘Ό,10Ξ‘γ,‚Z¶,{ω‚µ‚½
ή“,©“]Τ“,’·“c,V’·“c‰w‘O,281069,•ΊΙ§,_Λs’·“c‹ζ,‘ε‹΄’¬‚U’–Ϊ,2022[sanitize]08[sanitize]02,06,‚»‚Μ‘Ό,‚»‚Μ‘Ό,70ΞΘγ,‚»‚Μ‘Ό,{ω‚µ‚½
ή“,©“]Τ“,’·“c,V’·“c‰w‘O,281069,•ΊΙ§,_Λs’·“c‹ζ,‘ε‹΄’¬‚U’–Ϊ,2022[sanitize]08[sanitize]17,20,“ΉHγ,‚»‚Μ‘Ό,50Ξ‘γ,‚»‚Μ‘Ό,{ω‚µ‚½
ή“,©“]Τ“,’·“c,V’·“c‰w‘O,281069,•ΊΙ§,_Λs’·“c‹ζ,‘ε‹΄’¬‚U’–Ϊ,2022[sanitize]09[sanitize]13,20,“ΉHγ,‚»‚Μ‘Ό,20Ξ‘γ,‚»‚Μ‘Ό,{ω‚Ή‚Έ
ή“,©“]Τ“,’·“c,V’·“c‰w‘O,281069,•ΊΙ§,_Λs’·“c‹ζ,‘ε‹΄’¬‚U’–Ϊ,2022[sanitize]09[sanitize]25,10,“ΉHγ,‚»‚Μ‘Ό,10Ξ‘γ,‚Z¶,{ω‚µ‚½
ή“,©“]Τ“,’·“c,V’·“c‰w‘O,281069,•ΊΙ§,_Λs’·“c‹ζ,‘ε‹΄’¬‚U’–Ϊ,2022[sanitize]10[sanitize]14,17,‚»‚Μ‘Ό,‚»‚Μ‘Ό,70ΞΘγ,‚»‚Μ‘Ό,{ω‚µ‚½
ή“,©“]Τ“,’·“c,V’·“c‰w‘O,281069,•ΊΙ§,_Λs’·“c‹ζ,ΌK’r’¬‚P’–Ϊ,2022[sanitize]10[sanitize]27,18,‚»‚Μ‘Ό‚ΜZ‘ξi‚RK‚ΔΘ‰Ί‹¤“―Z‘ξ“™j,’“Τi—Φjκ,40Ξ‘γ,‚»‚Μ‘Ό,{ω‚Ή‚Έ
ή“,©“]Τ“,’·“c,V’·“c‰w‘O,281069,•ΊΙ§,_Λs’·“c‹ζ,Ό–μ’Κ‚P’–Ϊ,2021[sanitize]12[sanitize]28,15,‚»‚Μ‘Ό,’“Τi—Φjκ,10Ξ‘γ,‘εw¶,{ω‚Ή‚Έ
ή“,©“]Τ“,’·“c,V’·“c‰w‘O,281069,•ΊΙ§,_Λs’·“c‹ζ,Ό–μ’Κ‚P’–Ϊ,2022[sanitize]03[sanitize]09,15,‚»‚Μ‘Ό,’“Τi—Φjκ,50Ξ‘γ,‚»‚Μ‘Ό,{ω‚Ή‚Έ
ή“,©“]Τ“,’·“c,V’·“c‰w‘O,281069,•ΊΙ§,_Λs’·“c‹ζ,Ό–μ’Κ‚P’–Ϊ,2022[sanitize]06[sanitize]10,07,‚»‚Μ‘Ό,’“Τi—Φjκ,10Ξ‘γ,‚Z¶,{ω‚Ή‚Έ
ή“,©“]Τ“,’·“c,V’·“c‰w‘O,281069,•ΊΙ§,_Λs’·“c‹ζ,Ό–μ’Κ‚P’–Ϊ,2022[sanitize]06[sanitize]24,07,“ΉHγ,‚»‚Μ‘Ό,10Ξ‘γ,‚Z¶,{ω‚Ή‚Έ
ή“,©“]Τ“,’·“c,V’·“c‰w‘O,281069,•ΊΙ§,_Λs’·“c‹ζ,Ό–μ’Κ‚P’–Ϊ,2022[sanitize]08[sanitize]09,07,‚»‚Μ‘Ό,’“Τi—Φjκ,10Ξ‘γ,‚Z¶,{ω‚µ‚½
ή“,©“]Τ“,’·“c,V’·“c‰w‘O,281069,•ΊΙ§,_Λs’·“c‹ζ,Ό–μ’Κ‚P’–Ϊ,2022[sanitize]09[sanitize]11,10,’“Τi—Φjκ,’“Τi—Φjκ,10Ξ‘γ,‚Z¶,{ω‚Ή‚Έ
ή“,©“]Τ“,’·“c,V’·“c‰w‘O,281069,•ΊΙ§,_Λs’·“c‹ζ,Ό–μ’Κ‚P’–Ϊ,2022[sanitize]11[sanitize]07,09,’“Τi—Φjκ,’“Τi—Φjκ,40Ξ‘γ,‚»‚Μ‘Ό,{ω‚µ‚½
ή“,©“]Τ“,’·“c,V’·“c‰w‘O,281069,•ΊΙ§,_Λs’·“c‹ζ,αΌ’¬‚P’–Ϊ,2022[sanitize]03[sanitize]25,08,‚»‚Μ‘Ό,‚»‚Μ‘Ό,50Ξ‘γ,‚»‚Μ‘Ό,{ω‚Ή‚Έ
ή“,©“]Τ“,’·“c,V’·“c‰w‘O,281069,•ΊΙ§,_Λs’·“c‹ζ,αΌ’¬‚P’–Ϊ,2022[sanitize]08[sanitize]08,04,‚»‚Μ‘Ό,’“Τi—Φjκ,20Ξ‘γ,‚»‚Μ‘Ό,{ω‚Ή‚Έ
ή“,©“]Τ“,’·“c,V’·“c‰w‘O,281069,•ΊΙ§,_Λs’·“c‹ζ,αΌ’¬‚P’–Ϊ,2022[sanitize]12[sanitize]03,18,“ΉHγ,‚»‚Μ‘Ό,30Ξ‘γ,‚»‚Μ‘Ό,{ω‚Ή‚Έ
ή“,©“]Τ“,’·“c,V’·“c‰w‘O,281069,•ΊΙ§,_Λs’·“c‹ζ,αΌ’¬‚R’–Ϊ,2022[sanitize]03[sanitize]31,02,“ΉHγ,‚»‚Μ‘Ό,50Ξ‘γ,‚»‚Μ‘Ό,{ω‚Ή‚Έ
ή“,©“]Τ“,’·“c,V’·“c‰w‘O,281069,•ΊΙ§,_Λs’·“c‹ζ,αΌ’¬‚R’–Ϊ,2022[sanitize]05[sanitize]20,06,“ΉHγ,‚»‚Μ‘Ό,10Ξ‘γ,‚»‚Μ‘Ό,{ω‚µ‚½
ή“,©“]Τ“,’·“c,V’·“c‰w‘O,281069,•ΊΙ§,_Λs’·“c‹ζ,αΌ’¬‚R’–Ϊ,2022[sanitize]08[sanitize]23,16,‚»‚Μ‘Ό,’“Τi—Φjκ,10Ξ‘γ,’†w¶,{ω‚µ‚½
ή“,©“]Τ“,’·“c,V’·“c‰w‘O,281069,•ΊΙ§,_Λs’·“c‹ζ,αΌ’¬‚R’–Ϊ,2022[sanitize]10[sanitize]03,08,‚»‚Μ‘Ό,’“Τi—Φjκ,20Ξ‘γ,‚»‚Μ‘Ό,{ω‚µ‚½
ή“,©“]Τ“,’·“c,V’·“c‰w‘O,281069,•ΊΙ§,_Λs’·“c‹ζ,αΌ’¬‚S’–Ϊ,2022[sanitize]05[sanitize]17,08,‚»‚Μ‘Ό,’“Τi—Φjκ,10Ξ‘γ,‚Z¶,{ω‚µ‚½
ή“,©“]Τ“,’·“c,V’·“c‰w‘O,281069,•ΊΙ§,_Λs’·“c‹ζ,αΌ’¬‚S’–Ϊ,2022[sanitize]06[sanitize]08,16,‚»‚Μ‘Ό,‚»‚Μ‘Ό,10Ξ‘γ,’†w¶,{ω‚Ή‚Έ
ή“,©“]Τ“,’·“c,V’·“c‰w‘O,281069,•ΊΙ§,_Λs’·“c‹ζ,αΌ’¬‚S’–Ϊ,2022[sanitize]06[sanitize]11,02,‚»‚Μ‘Ό,’“Τi—Φjκ,10Ξ‘γ,‚Z¶,{ω‚Ή‚Έ
ή“,©“]Τ“,’·“c,V’·“c‰w‘O,281069,•ΊΙ§,_Λs’·“c‹ζ,αΌ’¬‚S’–Ϊ,2022[sanitize]06[sanitize]17,06,‚»‚Μ‘Ό,’“Τi—Φjκ,40Ξ‘γ,‚»‚Μ‘Ό,{ω‚µ‚½
ή“,©“]Τ“,’·“c,V’·“c‰w‘O,281069,•ΊΙ§,_Λs’·“c‹ζ,αΌ’¬‚S’–Ϊ,2022[sanitize]06[sanitize]28,07,“ΉHγ,‚»‚Μ‘Ό,10Ξ‘γ,‚Z¶,{ω‚Ή‚Έ
ή“,©“]Τ“,’·“c,V’·“c‰w‘O,281069,•ΊΙ§,_Λs’·“c‹ζ,αΌ’¬‚S’–Ϊ,2022[sanitize]07[sanitize]17,15,‚SK‚ΔΘγ‹¤“―Z‘ξ,’“Τi—Φjκ,10Ξ‘γ,‚Z¶,{ω‚µ‚½
ή“,©“]Τ“,’·“c,V’·“c‰w‘O,281069,•ΊΙ§,_Λs’·“c‹ζ,αΌ’¬‚S’–Ϊ,2022[sanitize]08[sanitize]13,15,‚»‚Μ‘Ό,’“Τi—Φjκ,20Ξ‘γ,‚»‚Μ‘Ό,{ω‚µ‚½
ή“,©“]Τ“,’·“c,V’·“c‰w‘O,281069,•ΊΙ§,_Λs’·“c‹ζ,αΌ’¬‚S’–Ϊ,2022[sanitize]09[sanitize]04,15,“ΉHγ,‚»‚Μ‘Ό,70ΞΘγ,‚»‚Μ‘Ό,{ω‚Ή‚Έ
ή“,©“]Τ“,’·“c,V’·“c‰w‘O,281069,•ΊΙ§,_Λs’·“c‹ζ,αΌ’¬‚S’–Ϊ,2022[sanitize]11[sanitize]14,17,‚»‚Μ‘Ό,’“Τi—Φjκ,20Ξ‘γ,‚»‚Μ‘Ό,{ω‚µ‚½
ή“,©“]Τ“,’·“c,V’·“c‰w‘O,281069,•ΊΙ§,_Λs’·“c‹ζ,αΌ’¬‚S’–Ϊ,2022[sanitize]11[sanitize]14,17,“ΉHγ,‚»‚Μ‘Ό,20Ξ‘γ,‚»‚Μ‘Ό,{ω‚Ή‚Έ
ή“,©“]Τ“,’·“c,V’·“c‰w‘O,281069,•ΊΙ§,_Λs’·“c‹ζ,αΌ’¬‚T’–Ϊ,2022[sanitize]03[sanitize]07,15,‚»‚Μ‘Ό,’“Τi—Φjκ,40Ξ‘γ,‚»‚Μ‘Ό,{ω‚Ή‚Έ
ή“,©“]Τ“,’·“c,V’·“c‰w‘O,281069,•ΊΙ§,_Λs’·“c‹ζ,αΌ’¬‚T’–Ϊ,2022[sanitize]04[sanitize]04,11,“ΉHγ,‚»‚Μ‘Ό,70ΞΘγ,‚»‚Μ‘Ό,{ω‚µ‚½
ή“,©“]Τ“,’·“c,V’·“c‰w‘O,281069,•ΊΙ§,_Λs’·“c‹ζ,αΌ’¬‚T’–Ϊ,2022[sanitize]05[sanitize]31,18,‚»‚Μ‘Ό,’“Τi—Φjκ,30Ξ‘γ,‚»‚Μ‘Ό,{ω‚Ή‚Έ
ή“,©“]Τ“,’·“c,V’·“c‰w‘O,281069,•ΊΙ§,_Λs’·“c‹ζ,αΌ’¬‚T’–Ϊ,2022[sanitize]09[sanitize]08,11,’“Τi—Φjκ,’“Τi—Φjκ,50Ξ‘γ,‚»‚Μ‘Ό,{ω‚µ‚½
ή“,©“]Τ“,’·“c,V’·“c‰w‘O,281069,•ΊΙ§,_Λs’·“c‹ζ,αΌ’¬‚T’–Ϊ,2022[sanitize]09[sanitize]25,17,’“Τi—Φjκ,’“Τi—Φjκ,40Ξ‘γ,‚»‚Μ‘Ό,{ω‚Ή‚Έ
ή“,©“]Τ“,’·“c,V’·“c‰w‘O,281069,•ΊΙ§,_Λs’·“c‹ζ,αΌ’¬‚T’–Ϊ,2022[sanitize]09[sanitize]25,17,’“Τi—Φjκ,’“Τi—Φjκ,60[sanitize]64Ξ,‚»‚Μ‘Ό,{ω‚Ή‚Έ
ή“,©“]Τ“,’·“c,V’·“c‰w‘O,281069,•ΊΙ§,_Λs’·“c‹ζ,αΌ’¬‚T’–Ϊ,2022[sanitize]10[sanitize]08,10,‚»‚Μ‘Ό,’“Τi—Φjκ,40Ξ‘γ,‚»‚Μ‘Ό,{ω‚Ή‚Έ
ή“,©“]Τ“,’·“c,V’·“c‰w‘O,281069,•ΊΙ§,_Λs’·“c‹ζ,αΌ’¬‚T’–Ϊ,2022[sanitize]10[sanitize]20,16,“ΉHγ,‚»‚Μ‘Ό,30Ξ‘γ,‚»‚Μ‘Ό,{ω‚Ή‚Έ
ή“,©“]Τ“,’·“c,V’·“c‰w‘O,281069,•ΊΙ§,_Λs’·“c‹ζ,αΌ’¬‚T’–Ϊ,2022[sanitize]11[sanitize]12,13,“ΉHγ,‚»‚Μ‘Ό,70ΞΘγ,‚»‚Μ‘Ό,{ω‚Ή‚Έ
ή“,©“]Τ“,’·“c,V’·“c‰w‘O,281069,•ΊΙ§,_Λs’·“c‹ζ,αΌ’¬‚T’–Ϊ,2022[sanitize]12[sanitize]22,16,“ΉHγ,‚»‚Μ‘Ό,10Ξ–Ά–,¬w¶,{ω‚Ή‚Έ
ή“,©“]Τ“,’·“c,V’·“c‰w‘O,281069,•ΊΙ§,_Λs’·“c‹ζ,αΌ’¬‚T’–Ϊ,2022[sanitize]12[sanitize]29,21,“ΉHγ,‚»‚Μ‘Ό,40Ξ‘γ,‚»‚Μ‘Ό,{ω‚µ‚½
ή“,©“]Τ“,’·“c,V’·“c‰w‘O,281069,•ΊΙ§,_Λs’·“c‹ζ,αΌ’¬‚U’–Ϊ,2022[sanitize]02[sanitize]12,12,“ΉHγ,‚»‚Μ‘Ό,50Ξ‘γ,‚»‚Μ‘Ό,{ω‚µ‚½
ή“,©“]Τ“,’·“c,V’·“c‰w‘O,281069,•ΊΙ§,_Λs’·“c‹ζ,αΌ’¬‚U’–Ϊ,2022[sanitize]05[sanitize]01,15,“ΉHγ,‚»‚Μ‘Ό,50Ξ‘γ,‚»‚Μ‘Ό,{ω‚Ή‚Έ
ή“,©“]Τ“,’·“c,V’·“c‰w‘O,281069,•ΊΙ§,_Λs’·“c‹ζ,αΌ’¬‚U’–Ϊ,2022[sanitize]05[sanitize]25,18,“ΉHγ,‚»‚Μ‘Ό,20Ξ‘γ,‘εw¶,{ω‚Ή‚Έ
ή“,©“]Τ“,’·“c,V’·“c‰w‘O,281069,•ΊΙ§,_Λs’·“c‹ζ,αΌ’¬‚U’–Ϊ,2022[sanitize]06[sanitize]10,13,‚»‚Μ‘Ό,‚»‚Μ‘Ό,70ΞΘγ,‚»‚Μ‘Ό,{ω‚µ‚½
ή“,©“]Τ“,’·“c,V’·“c‰w‘O,281069,•ΊΙ§,_Λs’·“c‹ζ,αΌ’¬‚U’–Ϊ,2022[sanitize]07[sanitize]27,11,“ΉHγ,‚»‚Μ‘Ό,10Ξ‘γ,’†w¶,{ω‚µ‚½
ή“,©“]Τ“,’·“c,V’·“c‰w‘O,281069,•ΊΙ§,_Λs’·“c‹ζ,αΌ’¬‚U’–Ϊ,2022[sanitize]11[sanitize]12,20,“ΉHγ,‚»‚Μ‘Ό,40Ξ‘γ,‚»‚Μ‘Ό,{ω‚µ‚½
ή“,©“]Τ“,’·“c,…},281069,•ΊΙ§,_Λs’·“c‹ζ,δ‰®•~’Κ‚P’–Ϊ,2022[sanitize]01[sanitize]17,09,‚»‚Μ‘Ό,’“Τi—Φjκ,40Ξ‘γ,‚»‚Μ‘Ό,{ω‚Ή‚Έ
ή“,©“]Τ“,’·“c,…},281069,•ΊΙ§,_Λs’·“c‹ζ,δ‰®•~’Κ‚P’–Ϊ,2022[sanitize]07[sanitize]13,08,‚»‚Μ‘Ό,’“Τi—Φjκ,20Ξ‘γ,‚»‚Μ‘Ό,{ω‚Ή‚Έ
ή“,©“]Τ“,’·“c,…},281069,•ΊΙ§,_Λs’·“c‹ζ,δ‰®•~’Κ‚Q’–Ϊ,2022[sanitize]02[sanitize]20,08,“ΉHγ,‚»‚Μ‘Ό,70ΞΘγ,‚»‚Μ‘Ό,{ω‚Ή‚Έ
ή“,©“]Τ“,’·“c,…},281069,•ΊΙ§,_Λs’·“c‹ζ,δ‰®•~’Κ‚Q’–Ϊ,2022[sanitize]03[sanitize]23,10,‚»‚Μ‘Ό,’“Τi—Φjκ,20Ξ‘γ,‘εw¶,{ω‚Ή‚Έ
ή“,©“]Τ“,’·“c,…},281069,•ΊΙ§,_Λs’·“c‹ζ,δ‰®•~’Κ‚Q’–Ϊ,2022[sanitize]06[sanitize]15,12,“ΉHγ,‚»‚Μ‘Ό,10Ξ‘γ,‚Z¶,{ω‚Ή‚Έ
ή“,©“]Τ“,’·“c,…},281069,•ΊΙ§,_Λs’·“c‹ζ,δ‰®•~’Κ‚Q’–Ϊ,2022[sanitize]06[sanitize]30,17,“ΉHγ,‚»‚Μ‘Ό,20Ξ‘γ,‚»‚Μ‘Ό,{ω‚Ή‚Έ
ή“,©“]Τ“,’·“c,…},281069,•ΊΙ§,_Λs’·“c‹ζ,δ‰®•~’Κ‚Q’–Ϊ,2022[sanitize]07[sanitize]17,16,‚»‚Μ‘Ό,’“Τi—Φjκ,10Ξ‘γ,’†w¶,{ω‚Ή‚Έ
ή“,©“]Τ“,’·“c,…},281069,•ΊΙ§,_Λs’·“c‹ζ,δ‰®•~’Κ‚Q’–Ϊ,2022[sanitize]09[sanitize]09,12,‚»‚Μ‘Ό,’“Τi—Φjκ,20Ξ‘γ,‚»‚Μ‘Ό,{ω‚µ‚½
ή“,©“]Τ“,’·“c,…},281069,•ΊΙ§,_Λs’·“c‹ζ,δ‰®•~’Κ‚Q’–Ϊ,2022[sanitize]09[sanitize]11,08,’“Τi—Φjκ,’“Τi—Φjκ,20Ξ‘γ,‚»‚Μ‘Ό,{ω‚µ‚½
ή“,©“]Τ“,’·“c,…},281069,•ΊΙ§,_Λs’·“c‹ζ,δ‰®•~’Κ‚Q’–Ϊ,2022[sanitize]09[sanitize]20,06,’“Τi—Φjκ,’“Τi—Φjκ,40Ξ‘γ,‚»‚Μ‘Ό,{ω‚Ή‚Έ
ή“,©“]Τ“,’·“c,…},281069,•ΊΙ§,_Λs’·“c‹ζ,_y’¬‚R’–Ϊ,2022[sanitize]12[sanitize]06,15,“ΉHγ,‚»‚Μ‘Ό,20Ξ‘γ,‚»‚Μ‘Ό,{ω‚Ή‚Έ
ή“,©“]Τ“,’·“c,…},281069,•ΊΙ§,_Λs’·“c‹ζ,_y’¬‚S’–Ϊ,2022[sanitize]04[sanitize]20,19,‚SK‚ΔΘγ‹¤“―Z‘ξ,’“Τi—Φjκ,10Ξ‘γ,¬w¶,{ω‚µ‚½
ή“,©“]Τ“,’·“c,…},281069,•ΊΙ§,_Λs’·“c‹ζ,_y’¬‚T’–Ϊ,2022[sanitize]08[sanitize]12,18,‚»‚Μ‘Ό,’“Τi—Φjκ,20Ξ‘γ,‚»‚Μ‘Ό,{ω‚Ή‚Έ
ή“,©“]Τ“,’·“c,…},281069,•ΊΙ§,_Λs’·“c‹ζ,_y’¬‚U’–Ϊ,2022[sanitize]04[sanitize]23,13,‚»‚Μ‘Ό,’“Τi—Φjκ,40Ξ‘γ,‚»‚Μ‘Ό,{ω‚Ή‚Έ
ή“,©“]Τ“,’·“c,…},281069,•ΊΙ§,_Λs’·“c‹ζ,μΌ’Κ‚T’–Ϊ,2021[sanitize]03[sanitize]27,01,‚»‚Μ‘Ό‚ΜZ‘ξi‚RK‚ΔΘ‰Ί‹¤“―Z‘ξ“™j,‚»‚Μ‘Ό,40Ξ‘γ,‚»‚Μ‘Ό,{ω‚Ή‚Έ
ή“,©“]Τ“,’·“c,…},281069,•ΊΙ§,_Λs’·“c‹ζ,μΌ’Κ‚T’–Ϊ,2022[sanitize]05[sanitize]25,15,“ΉHγ,‚»‚Μ‘Ό,10Ξ‘γ,’†w¶,{ω‚Ή‚Έ
ή“,©“]Τ“,’·“c,…},281069,•ΊΙ§,_Λs’·“c‹ζ,Ό‘γ’Κ‚P’–Ϊ,2022[sanitize]07[sanitize]20,20,‚»‚Μ‘Ό,’“Τi—Φjκ,60[sanitize]64Ξ,‚»‚Μ‘Ό,{ω‚µ‚½
ή“,©“]Τ“,’·“c,…},281069,•ΊΙ§,_Λs’·“c‹ζ,Ό–μ’Κ‚P’–Ϊ,2022[sanitize]05[sanitize]07,22,“ΉHγ,‚»‚Μ‘Ό,40Ξ‘γ,‚»‚Μ‘Ό,{ω‚Ή‚Έ
ή“,©“]Τ“,’·“c,…},281069,•ΊΙ§,_Λs’·“c‹ζ,Ό–μ’Κ‚P’–Ϊ,2022[sanitize]07[sanitize]22,09,‚»‚Μ‘Ό,’“Τi—Φjκ,10Ξ‘γ,‚»‚Μ‘Ό,{ω‚µ‚½
ή“,©“]Τ“,’·“c,…},281069,•ΊΙ§,_Λs’·“c‹ζ,Ό–μ’Κ‚P’–Ϊ,2022[sanitize]07[sanitize]27,08,‚»‚Μ‘Ό,’“Τi—Φjκ,10Ξ‘γ,‘εw¶,{ω‚µ‚½
ή“,©“]Τ“,’·“c,…},281069,•ΊΙ§,_Λs’·“c‹ζ,Ό–μ’Κ‚P’–Ϊ,2022[sanitize]07[sanitize]30,18,‚»‚Μ‘Ό,’“Τi—Φjκ,20Ξ‘γ,‚»‚Μ‘Ό,{ω‚Ή‚Έ
ή“,©“]Τ“,’·“c,…},281069,•ΊΙ§,_Λs’·“c‹ζ,Ό–μ’Κ‚P’–Ϊ,2022[sanitize]08[sanitize]10,10,“ΉHγ,‚»‚Μ‘Ό,10Ξ‘γ,‚Z¶,{ω‚Ή‚Έ
ή“,©“]Τ“,’·“c,…},281069,•ΊΙ§,_Λs’·“c‹ζ,Ό–μ’Κ‚P’–Ϊ,2022[sanitize]08[sanitize]25,13,‚»‚Μ‘Ό,’“Τi—Φjκ,10Ξ‘γ,‚»‚Μ‘Ό,{ω‚Ή‚Έ
ή“,©“]Τ“,’·“c,…},281069,•ΊΙ§,_Λs’·“c‹ζ,Ό–μ’Κ‚P’–Ϊ,2022[sanitize]09[sanitize]11,18,’“Τi—Φjκ,’“Τi—Φjκ,50Ξ‘γ,‚»‚Μ‘Ό,{ω‚Ή‚Έ
ή“,©“]Τ“,’·“c,…},281069,•ΊΙ§,_Λs’·“c‹ζ,Ό–μ’Κ‚P’–Ϊ,2022[sanitize]09[sanitize]25,13,‚»‚Μ‘Ό,’“Τi—Φjκ,30Ξ‘γ,‚»‚Μ‘Ό,{ω‚Ή‚Έ
ή“,©“]Τ“,’·“c,…},281069,•ΊΙ§,_Λs’·“c‹ζ,Ό–μ’Κ‚P’–Ϊ,2022[sanitize]10[sanitize]13,23,“ΉHγ,‚»‚Μ‘Ό,30Ξ‘γ,‚»‚Μ‘Ό,{ω‚µ‚½
ή“,©“]Τ“,’·“c,…},281069,•ΊΙ§,_Λs’·“c‹ζ,Ό–μ’Κ‚Q’–Ϊ,2022[sanitize]04[sanitize]27,18,“ΉHγ,‚»‚Μ‘Ό,40Ξ‘γ,‚»‚Μ‘Ό,{ω‚Ή‚Έ
ή“,©“]Τ“,’·“c,…},281069,•ΊΙ§,_Λs’·“c‹ζ,Ό–μ’Κ‚R’–Ϊ,2022[sanitize]04[sanitize]27,20,‚SK‚ΔΘγ‹¤“―Z‘ξ,’“Τi—Φjκ,40Ξ‘γ,‚»‚Μ‘Ό,{ω‚Ή‚Έ
ή“,©“]Τ“,’·“c,…},281069,•ΊΙ§,_Λs’·“c‹ζ,…}’Κ‚P’–Ϊ,2022[sanitize]01[sanitize]16,22,κΛZ‘ξ,‚»‚Μ‘Ό,10Ξ‘γ,‚Z¶,{ω‚Ή‚Έ
ή“,©“]Τ“,’·“c,…},281069,•ΊΙ§,_Λs’·“c‹ζ,…}’Κ‚P’–Ϊ,2022[sanitize]09[sanitize]15,16,“ΉHγ,‚»‚Μ‘Ό,30Ξ‘γ,‚»‚Μ‘Ό,{ω‚Ή‚Έ
ή“,©“]Τ“,’·“c,–©μ‘ε‹΄,281069,•ΊΙ§,_Λs’·“c‹ζ,΅‘”’Κ‚S’–Ϊ,2022[sanitize]02[sanitize]18,16,‚SK‚ΔΘγ‹¤“―Z‘ξ,’“Τi—Φjκ,40Ξ‘γ,‚»‚Μ‘Ό,{ω‚µ‚½
ή“,©“]Τ“,’·“c,–©μ‘ε‹΄,281069,•ΊΙ§,_Λs’·“c‹ζ,΅‘”’Κ‚V’–Ϊ,2022[sanitize]06[sanitize]23,18,‚SK‚ΔΘγ‹¤“―Z‘ξ,‚»‚Μ‘Ό,40Ξ‘γ,‚»‚Μ‘Ό,{ω‚µ‚½
ή“,©“]Τ“,’·“c,–©μ‘ε‹΄,281069,•ΊΙ§,_Λs’·“c‹ζ,•l“Y’Κ‚T’–Ϊ,2022[sanitize]03[sanitize]21,17,“ΉHγ,‚»‚Μ‘Ό,10Ξ‘γ,’†w¶,{ω‚Ή‚Έ
ή“,©“]Τ“,’·“c,–©μ‘ε‹΄,281069,•ΊΙ§,_Λs’·“c‹ζ,•l“Y’Κ‚T’–Ϊ,2022[sanitize]04[sanitize]12,16,“ΉHγ,‚»‚Μ‘Ό,70ΞΘγ,‚»‚Μ‘Ό,{ω‚µ‚½
ή“,©“]Τ“,’·“c,–©μ‘ε‹΄,281069,•ΊΙ§,_Λs’·“c‹ζ,•l“Y’Κ‚T’–Ϊ,2022[sanitize]05[sanitize]19,12,‚»‚Μ‘Ό,’“Τi—Φjκ,20Ξ‘γ,‚»‚Μ‘Ό,{ω‚µ‚½
ή“,©“]Τ“,’·“c,–©μ‘ε‹΄,281069,•ΊΙ§,_Λs’·“c‹ζ,•l“Y’Κ‚T’–Ϊ,2022[sanitize]11[sanitize]10,07,’“Τi—Φjκ,’“Τi—Φjκ,10Ξ‘γ,‚»‚Μ‘Ό,{ω‚Ή‚Έ
ή“,©“]Τ“,’·“c,–©μ‘ε‹΄,281069,•ΊΙ§,_Λs’·“c‹ζ,“K’rV’¬,2022[sanitize]04[sanitize]19,08,‚»‚Μ‘Ό,’“Τi—Φjκ,10Ξ‘γ,‚Z¶,{ω‚Ή‚Έ
ή“,©“]Τ“,’·“c,–©μ‘ε‹΄,281069,•ΊΙ§,_Λs’·“c‹ζ,“K’rV’¬,2022[sanitize]06[sanitize]09,20,‚»‚Μ‘Ό,’“Τi—Φjκ,40Ξ‘γ,‚»‚Μ‘Ό,{ω‚Ή‚Έ
ή“,©“]Τ“,’·“c,–©μ‘ε‹΄,281069,•ΊΙ§,_Λs’·“c‹ζ,“K’rV’¬,2022[sanitize]09[sanitize]22,18,‚»‚Μ‘Ό,’“Τi—Φjκ,10Ξ‘γ,‚Z¶,{ω‚µ‚½
ή“,©“]Τ“,’·“c,–©μ‘ε‹΄,281069,•ΊΙ§,_Λs’·“c‹ζ,“K’rV’¬,2022[sanitize]10[sanitize]27,20,‚»‚Μ‘Ό,’“Τi—Φjκ,70ΞΘγ,‚»‚Μ‘Ό,{ω‚Ή‚Έ
ή“,©“]Τ“,’·“c,–©μ‘ε‹΄,281069,•ΊΙ§,_Λs’·“c‹ζ,“K’rV’¬,2022[sanitize]11[sanitize]08,19,‚»‚Μ‘Ό,’“Τi—Φjκ,30Ξ‘γ,‚»‚Μ‘Ό,{ω‚Ή‚Έ
ή“,©“]Τ“,’·“c,–©μ‘ε‹΄,281069,•ΊΙ§,_Λs’·“c‹ζ,“K’r’¬‚P’–Ϊ,2022[sanitize]06[sanitize]24,06,‚»‚Μ‘Ό‚ΜZ‘ξi‚RK‚ΔΘ‰Ί‹¤“―Z‘ξ“™j,’“Τi—Φjκ,20Ξ‘γ,‚»‚Μ‘Ό,{ω‚Ή‚Έ
ή“,©“]Τ“,’·“c,–©μ‘ε‹΄,281069,•ΊΙ§,_Λs’·“c‹ζ,“K’r’¬‚P’–Ϊ,2022[sanitize]12[sanitize]08,08,“ΉHγ,‚»‚Μ‘Ό,65[sanitize]69Ξ,‚»‚Μ‘Ό,{ω‚Ή‚Έ
ή“,©“]Τ“,’·“c,–©μ‘ε‹΄,281069,•ΊΙ§,_Λs’·“c‹ζ,“K’r’¬‚Q’–Ϊ,2022[sanitize]08[sanitize]05,15,κΛZ‘ξ,‚»‚Μ‘Ό,10Ξ‘γ,’†w¶,{ω‚Ή‚Έ
ή“,©“]Τ“,’·“c,–©μ‘ε‹΄,281069,•ΊΙ§,_Λs’·“c‹ζ,“K’r’¬‚Q’–Ϊ,2022[sanitize]08[sanitize]30,18,‚»‚Μ‘Ό‚ΜZ‘ξi‚RK‚ΔΘ‰Ί‹¤“―Z‘ξ“™j,’“Τi—Φjκ,20Ξ‘γ,‚»‚Μ‘Ό,{ω‚Ή‚Έ
ή“,©“]Τ“,’·“c,–©μ‘ε‹΄,281069,•ΊΙ§,_Λs’·“c‹ζ,“K’r’¬‚S’–Ϊ,2022[sanitize]08[sanitize]20,00,‚SK‚ΔΘγ‹¤“―Z‘ξ,’“Τi—Φjκ,40Ξ‘γ,‚»‚Μ‘Ό,{ω‚µ‚½
ή“,©“]Τ“,’·“c,–©μ‘ε‹΄,281069,•ΊΙ§,_Λs’·“c‹ζ,“K’r’¬‚U’–Ϊ,2021[sanitize]07[sanitize]31,20,“ΉHγ,‚»‚Μ‘Ό,30Ξ‘γ,‚»‚Μ‘Ό,{ω‚Ή‚Έ
ή“,©“]Τ“,’·“c,–©μ‘ε‹΄,281069,•ΊΙ§,_Λs’·“c‹ζ,“K’r’¬‚U’–Ϊ,2022[sanitize]07[sanitize]02,17,‚SK‚ΔΘγ‹¤“―Z‘ξ,’“Τi—Φjκ,10Ξ‘γ,‚Z¶,{ω‚µ‚½
ή“,©“]Τ“,’·“c,–©μ‘ε‹΄,281069,•ΊΙ§,_Λs’·“c‹ζ,“K’r’¬‚X’–Ϊ,2022[sanitize]03[sanitize]28,07,“ΉHγ,‚»‚Μ‘Ό,70ΞΘγ,‚»‚Μ‘Ό,{ω‚Ή‚Έ
ή“,©“]Τ“,’·“c,–©μ‘ε‹΄,281069,•ΊΙ§,_Λs’·“c‹ζ,^–μ’¬,2022[sanitize]08[sanitize]26,19,“ΉHγ,‚»‚Μ‘Ό,10Ξ‘γ,‚»‚Μ‘Ό,{ω‚Ή‚Έ
ή“,©“]Τ“,’·“c,–μ“c,281069,•ΊΙ§,_Λs’·“c‹ζ,C‰^’¬‚Q’–Ϊ,2022[sanitize]09[sanitize]30,17,“ΉHγ,‚»‚Μ‘Ό,70ΞΘγ,‚»‚Μ‘Ό,{ω‚Ή‚Έ
ή“,©“]Τ“,’·“c,–μ“c,281069,•ΊΙ§,_Λs’·“c‹ζ,C‰^’¬‚S’–Ϊ,2022[sanitize]04[sanitize]06,13,κΛZ‘ξ,‚»‚Μ‘Ό,10Ξ‘γ,’†w¶,{ω‚Ή‚Έ
ή“,©“]Τ“,’·“c,–μ“c,281069,•ΊΙ§,_Λs’·“c‹ζ,C‰^’¬‚S’–Ϊ,2022[sanitize]08[sanitize]25,10,κΛZ‘ξ,‚»‚Μ‘Ό,10Ξ‘γ,’†w¶,{ω‚Ή‚Έ
ή“,©“]Τ“,’·“c,–μ“c,281069,•ΊΙ§,_Λs’·“c‹ζ,’·y’¬‚Q’–Ϊ,2022[sanitize]07[sanitize]01,08,’“Τi—Φjκ,’“Τi—Φjκ,10Ξ‘γ,‚»‚Μ‘Ό,{ω‚Ή‚Έ
ή“,©“]Τ“,’·“c,–μ“c,281069,•ΊΙ§,_Λs’·“c‹ζ,’·y’¬‚Q’–Ϊ,2022[sanitize]09[sanitize]18,22,“ΉHγ,‚»‚Μ‘Ό,40Ξ‘γ,‚»‚Μ‘Ό,{ω‚Ή‚Έ
ή“,©“]Τ“,’·“c,–μ“c,281069,•ΊΙ§,_Λs’·“c‹ζ,’·y’¬‚Q’–Ϊ,2022[sanitize]11[sanitize]13,10,‚»‚Μ‘Ό,’“Τi—Φjκ,20Ξ‘γ,‚»‚Μ‘Ό,{ω‚µ‚½
ή“,©“]Τ“,’·“c,–μ“c,281069,•ΊΙ§,_Λs’·“c‹ζ,’·y’¬‚Q’–Ϊ,2022[sanitize]12[sanitize]16,20,‚»‚Μ‘Ό,’“Τi—Φjκ,40Ξ‘γ,‚»‚Μ‘Ό,{ω‚µ‚½
ή“,©“]Τ“,’·“c,–μ“c,281069,•ΊΙ§,_Λs’·“c‹ζ,QΌ’¬‚Q’–Ϊ,2022[sanitize]06[sanitize]17,17,‚»‚Μ‘Ό,’“Τi—Φjκ,30Ξ‘γ,‚»‚Μ‘Ό,{ω‚µ‚½
ή“,©“]Τ“,’·“c,–μ“c,281069,•ΊΙ§,_Λs’·“c‹ζ,QΌ’¬‚U’–Ϊ,2022[sanitize]04[sanitize]12,13,‚»‚Μ‘Ό,’“Τi—Φjκ,10Ξ‘γ,‚»‚Μ‘Ό,{ω‚Ή‚Έ
ή“,©“]Τ“,’·“c,–μ“c,281069,•ΊΙ§,_Λs’·“c‹ζ,–μ“c’¬‚S’–Ϊ,2022[sanitize]09[sanitize]17,23,‚»‚Μ‘Ό‚ΜZ‘ξi‚RK‚ΔΘ‰Ί‹¤“―Z‘ξ“™j,‚»‚Μ‘Ό,40Ξ‘γ,‚»‚Μ‘Ό,{ω‚µ‚½
ή“,©“]Τ“,’·“c,–μ“c,281069,•ΊΙ§,_Λs’·“c‹ζ,–μ“c’¬‚X’–Ϊ,2022[sanitize]01[sanitize]06,19,‚»‚Μ‘Ό‚ΜZ‘ξi‚RK‚ΔΘ‰Ί‹¤“―Z‘ξ“™j,‚»‚Μ‘Ό,40Ξ‘γ,‚»‚Μ‘Ό,{ω‚Ή‚Έ
ή“,©“]Τ“,’·“c,–μ“c,281069,•ΊΙ§,_Λs’·“c‹ζ,“ϊ‹g’¬‚U’–Ϊ,2022[sanitize]11[sanitize]08,16,“ΉHγ,‚»‚Μ‘Ό,10Ξ–Ά–,¬w¶,{ω‚Ή‚Έ
ή“,©“]Τ“,’·“c,–μ“c,281069,•ΊΙ§,_Λs’·“c‹ζ,–{―’¬‚W’–Ϊ,2022[sanitize]03[sanitize]22,17,κΛZ‘ξ,‚»‚Μ‘Ό,30Ξ‘γ,‚»‚Μ‘Ό,{ω‚Ή‚Έ
ή“,©“]Τ“,’·“c,’·“c,281069,•ΊΙ§,_Λs’·“c‹ζ,’r“cL’¬,2022[sanitize]01[sanitize]25,07,‚»‚Μ‘Ό‚ΜZ‘ξi‚RK‚ΔΘ‰Ί‹¤“―Z‘ξ“™j,’“Τi—Φjκ,20Ξ‘γ,‚»‚Μ‘Ό,{ω‚Ή‚Έ
ή“,©“]Τ“,’·“c,’·“c,281069,•ΊΙ§,_Λs’·“c‹ζ,’r“cL’¬,2022[sanitize]03[sanitize]04,17,‚SK‚ΔΘγ‹¤“―Z‘ξ,’“Τi—Φjκ,20Ξ‘γ,‚»‚Μ‘Ό,{ω‚µ‚½
ή“,©“]Τ“,’·“c,’·“c,281069,•ΊΙ§,_Λs’·“c‹ζ,’r“cL’¬,2022[sanitize]03[sanitize]23,17,κΛZ‘ξ,’“Τi—Φjκ,10Ξ‘γ,’†w¶,{ω‚Ή‚Έ
ή“,©“]Τ“,’·“c,’·“c,281069,•ΊΙ§,_Λs’·“c‹ζ,’r“cL’¬,2022[sanitize]06[sanitize]08,18,‚SK‚ΔΘγ‹¤“―Z‘ξ,’“Τi—Φjκ,10Ξ‘γ,‚»‚Μ‘Ό,{ω‚Ή‚Έ
ή“,©“]Τ“,’·“c,’·“c,281069,•ΊΙ§,_Λs’·“c‹ζ,’r“cL’¬,2022[sanitize]06[sanitize]18,17,κΛZ‘ξ,’“Τi—Φjκ,40Ξ‘γ,‚»‚Μ‘Ό,{ω‚Ή‚Έ
ή“,©“]Τ“,’·“c,’·“c,281069,•ΊΙ§,_Λs’·“c‹ζ,‘ε’Λ’¬‚P’–Ϊ,2022[sanitize]04[sanitize]11,14,“ΉHγ,‚»‚Μ‘Ό,20Ξ‘γ,‚»‚Μ‘Ό,{ω‚µ‚½
ή“,©“]Τ“,’·“c,’·“c,281069,•ΊΙ§,_Λs’·“c‹ζ,‘ε’Λ’¬‚P’–Ϊ,2022[sanitize]06[sanitize]03,12,‚SK‚ΔΘγ‹¤“―Z‘ξ,’“Τi—Φjκ,20Ξ‘γ,‚»‚Μ‘Ό,{ω‚µ‚½
ή“,©“]Τ“,’·“c,’·“c,281069,•ΊΙ§,_Λs’·“c‹ζ,‘ε’Λ’¬‚P’–Ϊ,2022[sanitize]10[sanitize]30,15,“ΉHγ,‚»‚Μ‘Ό,40Ξ‘γ,‚»‚Μ‘Ό,{ω‚Ή‚Έ
ή“,©“]Τ“,’·“c,’·“c,281069,•ΊΙ§,_Λs’·“c‹ζ,‘ε’Λ’¬‚P’–Ϊ,2022[sanitize]11[sanitize]10,16,“ΉHγ,‚»‚Μ‘Ό,50Ξ‘γ,‚»‚Μ‘Ό,{ω‚Ή‚Έ
ή“,©“]Τ“,’·“c,’·“c,281069,•ΊΙ§,_Λs’·“c‹ζ,’·“c’¬‚P’–Ϊ,2022[sanitize]04[sanitize]21,18,‚»‚Μ‘Ό‚ΜZ‘ξi‚RK‚ΔΘ‰Ί‹¤“―Z‘ξ“™j,’“Τi—Φjκ,40Ξ‘γ,‚»‚Μ‘Ό,{ω‚µ‚½
ή“,©“]Τ“,’·“c,’·“c,281069,•ΊΙ§,_Λs’·“c‹ζ,’·“c’¬‚Q’–Ϊ,2022[sanitize]03[sanitize]03,13,“ΉHγ,‚»‚Μ‘Ό,20Ξ‘γ,‚»‚Μ‘Ό,{ω‚µ‚½
ή“,©“]Τ“,’·“c,’·“c,281069,•ΊΙ§,_Λs’·“c‹ζ,’·“c’¬‚R’–Ϊ,2022[sanitize]01[sanitize]10,13,‚»‚Μ‘Ό‚ΜZ‘ξi‚RK‚ΔΘ‰Ί‹¤“―Z‘ξ“™j,’“Τi—Φjκ,10Ξ‘γ,‚Z¶,{ω‚µ‚½
ή“,©“]Τ“,’·“c,’·“c,281069,•ΊΙ§,_Λs’·“c‹ζ,ΌR’¬‚S’–Ϊ,2022[sanitize]09[sanitize]05,18,“ΉHγ,‚»‚Μ‘Ό,20Ξ‘γ,‚»‚Μ‘Ό,{ω‚Ή‚Έ
ή“,©“]Τ“,’·“c,’·“c“,281069,•ΊΙ§,_Λs’·“c‹ζ,–k’¬‚P’–Ϊ,2022[sanitize]01[sanitize]05,18,“ΉHγ,‚»‚Μ‘Ό,20Ξ‘γ,‚»‚Μ‘Ό,{ω‚Ή‚Έ
ή“,©“]Τ“,’·“c,’·“c“,281069,•ΊΙ§,_Λs’·“c‹ζ,ά”Τ’¬‚P’–Ϊ,2022[sanitize]06[sanitize]01,10,‚»‚Μ‘Ό,’“Τi—Φjκ,30Ξ‘γ,‚»‚Μ‘Ό,{ω‚Ή‚Έ
ή“,©“]Τ“,’·“c,’·“c“,281069,•ΊΙ§,_Λs’·“c‹ζ,ά”Τ’¬‚R’–Ϊ,2022[sanitize]07[sanitize]01,17,“ΉHγ,‚»‚Μ‘Ό,20Ξ‘γ,‚»‚Μ‘Ό,{ω‚Ή‚Έ
ή“,©“]Τ“,’·“c,’·“c“,281069,•ΊΙ§,_Λs’·“c‹ζ,ά”Τ’¬‚R’–Ϊ,2022[sanitize]12[sanitize]28,16,“ΉHγ,‚»‚Μ‘Ό,20Ξ‘γ,‚»‚Μ‘Ό,{ω‚Ή‚Έ
ή“,©“]Τ“,’·“c,’·“c“,281069,•ΊΙ§,_Λs’·“c‹ζ,ά”Τ’¬‚T’–Ϊ,2022[sanitize]08[sanitize]16,18,‚SK‚ΔΘγ‹¤“―Z‘ξ,’“Τi—Φjκ,50Ξ‘γ,‚»‚Μ‘Ό,{ω‚µ‚½
ή“,©“]Τ“,’·“c,’·“c“,281069,•ΊΙ§,_Λs’·“c‹ζ,ά”Τ’¬‚U’–Ϊ,2022[sanitize]04[sanitize]22,16,‚»‚Μ‘Ό,’“Τi—Φjκ,20Ξ‘γ,‚»‚Μ‘Ό,{ω‚µ‚½
ή“,©“]Τ“,’·“c,’·“c“,281069,•ΊΙ§,_Λs’·“c‹ζ,ά”Τ’¬‚U’–Ϊ,2022[sanitize]06[sanitize]11,21,‚»‚Μ‘Ό,’“Τi—Φjκ,10Ξ‘γ,‚»‚Μ‘Ό,{ω‚Ή‚Έ
ή“,©“]Τ“,’·“c,’·“c“,281069,•ΊΙ§,_Λs’·“c‹ζ,ά”Τ’¬‚U’–Ϊ,2022[sanitize]07[sanitize]04,11,‚»‚Μ‘Ό,’“Τi—Φjκ,20Ξ‘γ,‚»‚Μ‘Ό,{ω‚Ή‚Έ
ή“,©“]Τ“,’·“c,’·“c“,281069,•ΊΙ§,_Λs’·“c‹ζ,ά”Τ’¬‚U’–Ϊ,2022[sanitize]08[sanitize]10,17,“ΉHγ,‚»‚Μ‘Ό,65[sanitize]69Ξ,‚»‚Μ‘Ό,{ω‚µ‚½
ή“,©“]Τ“,’·“c,’·“c“,281069,•ΊΙ§,_Λs’·“c‹ζ,ά”Τ’¬‚V’–Ϊ,2022[sanitize]03[sanitize]20,10,‚SK‚ΔΘγ‹¤“―Z‘ξ,’“Τi—Φjκ,50Ξ‘γ,‚»‚Μ‘Ό,{ω‚µ‚½
ή“,©“]Τ“,’·“c,’·“c“,281069,•ΊΙ§,_Λs’·“c‹ζ,ά”Τ’¬‚W’–Ϊ,2022[sanitize]07[sanitize]23,14,‚»‚Μ‘Ό,’“Τi—Φjκ,10Ξ‘γ,’†w¶,{ω‚µ‚½
ή“,©“]Τ“,’·“c,’·“c“,281069,•ΊΙ§,_Λs’·“c‹ζ,O”Τ’¬‚P’–Ϊ,2022[sanitize]05[sanitize]20,06,‚SK‚ΔΘγ‹¤“―Z‘ξ,’“Τi—Φjκ,30Ξ‘γ,‚»‚Μ‘Ό,{ω‚Ή‚Έ
ή“,©“]Τ“,’·“c,’·“c“,281069,•ΊΙ§,_Λs’·“c‹ζ,O”Τ’¬‚Q’–Ϊ,2022[sanitize]10[sanitize]23,20,“ΉHγ,‚»‚Μ‘Ό,20Ξ‘γ,‚»‚Μ‘Ό,{ω‚µ‚½
ή“,©“]Τ“,’·“c,’·“c“,281069,•ΊΙ§,_Λs’·“c‹ζ,O”Τ’¬‚R’–Ϊ,2022[sanitize]04[sanitize]28,17,‚SK‚ΔΘγ‹¤“―Z‘ξ,‚»‚Μ‘Ό,70ΞΘγ,‚»‚Μ‘Ό,{ω‚Ή‚Έ
ή“,©“]Τ“,’·“c,’·“c“,281069,•ΊΙ§,_Λs’·“c‹ζ,O”Τ’¬‚S’–Ϊ,2022[sanitize]10[sanitize]18,23,‚SK‚ΔΘγ‹¤“―Z‘ξ,‚»‚Μ‘Ό,50Ξ‘γ,‚»‚Μ‘Ό,{ω‚Ή‚Έ
ή“,©“]Τ“,’·“c,’·“c“,281069,•ΊΙ§,_Λs’·“c‹ζ,O”Τ’¬‚T’–Ϊ,2022[sanitize]06[sanitize]08,18,“ΉHγ,‚»‚Μ‘Ό,20Ξ‘γ,‚»‚Μ‘Ό,{ω‚Ή‚Έ
ή“,©“]Τ“,’·“c,’·“c“,281069,•ΊΙ§,_Λs’·“c‹ζ,µ”Τ’¬,2022[sanitize]10[sanitize]02,21,“ΉHγ,‚»‚Μ‘Ό,20Ξ‘γ,‚»‚Μ‘Ό,{ω‚Ή‚Έ
ή“,©“]Τ“,’·“c,’·“c“,281069,•ΊΙ§,_Λs’·“c‹ζ,l”Τ’¬‚P’–Ϊ,2022[sanitize]09[sanitize]13,16,’“Τi—Φjκ,’“Τi—Φjκ,30Ξ‘γ,‚»‚Μ‘Ό,{ω‚µ‚½
ή“,©“]Τ“,’·“c,’·“c“,281069,•ΊΙ§,_Λs’·“c‹ζ,l”Τ’¬‚P’–Ϊ,2022[sanitize]09[sanitize]29,07,‚SK‚ΔΘγ‹¤“―Z‘ξ,’“Τi—Φjκ,10Ξ‘γ,‚Z¶,{ω‚µ‚½
ή“,©“]Τ“,’·“c,’·“c“,281069,•ΊΙ§,_Λs’·“c‹ζ,l”Τ’¬‚R’–Ϊ,2022[sanitize]03[sanitize]30,19,‚SK‚ΔΘγ‹¤“―Z‘ξ,’“Τi—Φjκ,30Ξ‘γ,‚»‚Μ‘Ό,{ω‚µ‚½
ή“,©“]Τ“,’·“c,’·“c“,281069,•ΊΙ§,_Λs’·“c‹ζ,l”Τ’¬‚R’–Ϊ,2022[sanitize]05[sanitize]23,18,‚»‚Μ‘Ό‚ΜZ‘ξi‚RK‚ΔΘ‰Ί‹¤“―Z‘ξ“™j,’“Τi—Φjκ,10Ξ‘γ,’†w¶,{ω‚Ή‚Έ
ή“,©“]Τ“,’·“c,’·“c“,281069,•ΊΙ§,_Λs’·“c‹ζ,l”Τ’¬‚T’–Ϊ,2022[sanitize]05[sanitize]20,00,‚SK‚ΔΘγ‹¤“―Z‘ξ,’“Τi—Φjκ,10Ξ‘γ,‚Z¶,{ω‚µ‚½
ή“,©“]Τ“,’·“c,’·“c“,281069,•ΊΙ§,_Λs’·“c‹ζ,l”Τ’¬‚U’–Ϊ,2022[sanitize]05[sanitize]15,23,‚SK‚ΔΘγ‹¤“―Z‘ξ,’“Τi—Φjκ,10Ξ‘γ,‚Z¶,{ω‚µ‚½
ή“,©“]Τ“,’·“c,’·“c“,281069,•ΊΙ§,_Λs’·“c‹ζ,l”Τ’¬‚U’–Ϊ,2022[sanitize]06[sanitize]24,07,“ΉHγ,‚»‚Μ‘Ό,70ΞΘγ,‚»‚Μ‘Ό,{ω‚µ‚½
ή“,©“]Τ“,’·“c,’·“c“,281069,•ΊΙ§,_Λs’·“c‹ζ,l”Τ’¬‚V’–Ϊ,2022[sanitize]12[sanitize]07,13,“ΉHγ,‚»‚Μ‘Ό,10Ξ‘γ,‚Z¶,{ω‚µ‚½
ή“,©“]Τ“,’·“c,’·“c“,281069,•ΊΙ§,_Λs’·“c‹ζ,l”Τ’¬‚W’–Ϊ,2021[sanitize]08[sanitize]24,08,‚»‚Μ‘Ό,’“Τi—Φjκ,10Ξ‘γ,‚Z¶,{ω‚Ή‚Έ
ή“,©“]Τ“,’·“c,’·“c“,281069,•ΊΙ§,_Λs’·“c‹ζ,l”Τ’¬‚W’–Ϊ,2022[sanitize]02[sanitize]25,10,‚»‚Μ‘Ό,’“Τi—Φjκ,50Ξ‘γ,‚»‚Μ‘Ό,{ω‚Ή‚Έ
ή“,©“]Τ“,’·“c,’·“c“,281069,•ΊΙ§,_Λs’·“c‹ζ,l”Τ’¬‚W’–Ϊ,2022[sanitize]05[sanitize]04,05,‚»‚Μ‘Ό,’“Τi—Φjκ,20Ξ‘γ,‚»‚Μ‘Ό,{ω‚Ή‚Έ
ή“,©“]Τ“,’·“c,’·“c“,281069,•ΊΙ§,_Λs’·“c‹ζ,l”Τ’¬‚W’–Ϊ,2022[sanitize]06[sanitize]19,09,‚»‚Μ‘Ό,’“Τi—Φjκ,20Ξ‘γ,‚»‚Μ‘Ό,{ω‚Ή‚Έ
ή“,©“]Τ“,’·“c,’·“c“,281069,•ΊΙ§,_Λs’·“c‹ζ,l”Τ’¬‚W’–Ϊ,2022[sanitize]06[sanitize]22,04,“ΉHγ,‚»‚Μ‘Ό,10Ξ‘γ,’†w¶,{ω‚µ‚½
ή“,©“]Τ“,’·“c,’·“c“,281069,•ΊΙ§,_Λs’·“c‹ζ,l”Τ’¬‚W’–Ϊ,2022[sanitize]06[sanitize]24,08,’“Τi—Φjκ,’“Τi—Φjκ,20Ξ‘γ,‚»‚Μ‘Ό,{ω‚Ή‚Έ
ή“,©“]Τ“,’·“c,’·“c“,281069,•ΊΙ§,_Λs’·“c‹ζ,l”Τ’¬‚W’–Ϊ,2022[sanitize]07[sanitize]12,08,“ΉHγ,‚»‚Μ‘Ό,10Ξ‘γ,’†w¶,{ω‚Ή‚Έ
ή“,©“]Τ“,’·“c,’·“c“,281069,•ΊΙ§,_Λs’·“c‹ζ,l”Τ’¬‚W’–Ϊ,2022[sanitize]08[sanitize]06,11,‚»‚Μ‘Ό,’“Τi—Φjκ,10Ξ‘γ,‚Z¶,{ω‚Ή‚Έ
ή“,©“]Τ“,’·“c,’·“c“,281069,•ΊΙ§,_Λs’·“c‹ζ,l”Τ’¬‚W’–Ϊ,2022[sanitize]08[sanitize]07,08,‚»‚Μ‘Ό,’“Τi—Φjκ,30Ξ‘γ,‚»‚Μ‘Ό,{ω‚Ή‚Έ
ή“,©“]Τ“,’·“c,’·“c“,281069,•ΊΙ§,_Λs’·“c‹ζ,l”Τ’¬‚W’–Ϊ,2022[sanitize]08[sanitize]29,06,‚»‚Μ‘Ό,’“Τi—Φjκ,20Ξ‘γ,‚»‚Μ‘Ό,{ω‚Ή‚Έ
ή“,©“]Τ“,’·“c,’·“c“,281069,•ΊΙ§,_Λs’·“c‹ζ,l”Τ’¬‚W’–Ϊ,2022[sanitize]10[sanitize]05,07,“ΉHγ,‚»‚Μ‘Ό,10Ξ‘γ,‚Z¶,{ω‚µ‚½
ή“,©“]Τ“,’·“c,’·“c“,281069,•ΊΙ§,_Λs’·“c‹ζ,l”Τ’¬‚W’–Ϊ,2022[sanitize]10[sanitize]16,12,‚SK‚ΔΘγ‹¤“―Z‘ξ,’“Τi—Φjκ,10Ξ‘γ,‚Z¶,{ω‚µ‚½
ή“,©“]Τ“,’·“c,’·“c“,281069,•ΊΙ§,_Λs’·“c‹ζ,l”Τ’¬‚W’–Ϊ,2022[sanitize]11[sanitize]05,11,‚»‚Μ‘Ό,’“Τi—Φjκ,10Ξ‘γ,‘εw¶,{ω‚µ‚½
ή“,©“]Τ“,’·“c,’·“c“,281069,•ΊΙ§,_Λs’·“c‹ζ,l”Τ’¬‚W’–Ϊ,2022[sanitize]11[sanitize]09,16,“ΉHγ,‚»‚Μ‘Ό,10Ξ‘γ,‚»‚Μ‘Ό,{ω‚Ή‚Έ
ή“,©“]Τ“,’·“c,’·“c“,281069,•ΊΙ§,_Λs’·“c‹ζ,l”Τ’¬‚W’–Ϊ,2022[sanitize]11[sanitize]14,20,“ΉHγ,‚»‚Μ‘Ό,20Ξ‘γ,‚»‚Μ‘Ό,{ω‚µ‚½
ή“,©“]Τ“,’·“c,’·“c“,281069,•ΊΙ§,_Λs’·“c‹ζ,l”Τ’¬‚W’–Ϊ,2022[sanitize]11[sanitize]22,06,‚»‚Μ‘Ό,’“Τi—Φjκ,10Ξ‘γ,‚Z¶,{ω‚µ‚½
ή“,©“]Τ“,’·“c,’·“c“,281069,•ΊΙ§,_Λs’·“c‹ζ,l”Τ’¬‚W’–Ϊ,2022[sanitize]12[sanitize]16,16,‚»‚Μ‘Ό,’“Τi—Φjκ,10Ξ‘γ,‚»‚Μ‘Ό,{ω‚µ‚½
ή“,©“]Τ“,’·“c,’·“c“,281069,•ΊΙ§,_Λs’·“c‹ζ,l”Τ’¬‚W’–Ϊ,•s–Ύ,•s–Ύ,“ΉHγ,‚»‚Μ‘Ό,40Ξ‘γ,‚»‚Μ‘Ό,{ω‚µ‚½
ή“,©“]Τ“,’·“c,’·“c“,281069,•ΊΙ§,_Λs’·“c‹ζ,Z”Τ’¬‚P’–Ϊ,2022[sanitize]09[sanitize]12,09,‚»‚Μ‘Ό,’“Τi—Φjκ,10Ξ‘γ,‚»‚Μ‘Ό,{ω‚Ή‚Έ
ή“,©“]Τ“,’·“c,’·“c“,281069,•ΊΙ§,_Λs’·“c‹ζ,Z”Τ’¬‚W’–Ϊ,2022[sanitize]10[sanitize]27,18,‚SK‚ΔΘγ‹¤“―Z‘ξ,’“Τi—Φjκ,10Ξ‘γ,¬w¶,{ω‚Ή‚Έ
ή“,©“]Τ“,{–,ηΞ,281077,•ΊΙ§,_Λs{–‹ζ,^’¬‚R’–Ϊ,2022[sanitize]04[sanitize]21,10,’“Τi—Φjκ,’“Τi—Φjκ,10Ξ‘γ,‚Z¶,{ω‚µ‚½
ή“,©“]Τ“,{–,ηΞ,281077,•ΊΙ§,_Λs{–‹ζ,‘ε’r’¬‚S’–Ϊ,2022[sanitize]10[sanitize]22,20,‚SK‚ΔΘγ‹¤“―Z‘ξ,’“Τi—Φjκ,30Ξ‘γ,‚»‚Μ‘Ό,{ω‚Ή‚Έ
ή“,©“]Τ“,{–,ηΞ,281077,•ΊΙ§,_Λs{–‹ζ,‘ε’r’¬‚T’–Ϊ,2021[sanitize]09[sanitize]15,00,‚SK‚ΔΘγ‹¤“―Z‘ξ,’“Τi—Φjκ,70ΞΘγ,‚»‚Μ‘Ό,{ω‚µ‚½
ή“,©“]Τ“,{–,ηΞ,281077,•ΊΙ§,_Λs{–‹ζ,‘ε’r’¬‚T’–Ϊ,2022[sanitize]02[sanitize]05,19,‚SK‚ΔΘγ‹¤“―Z‘ξ,’“Τi—Φjκ,65[sanitize]69Ξ,‚»‚Μ‘Ό,{ω‚Ή‚Έ
ή“,©“]Τ“,{–,ηΞ,281077,•ΊΙ§,_Λs{–‹ζ,‘ε’r’¬‚T’–Ϊ,2022[sanitize]03[sanitize]15,19,‚SK‚ΔΘγ‹¤“―Z‘ξ,’“Τi—Φjκ,60[sanitize]64Ξ,‚»‚Μ‘Ό,{ω‚Ή‚Έ
ή“,©“]Τ“,{–,ηΞ,281077,•ΊΙ§,_Λs{–‹ζ,‘ε’r’¬‚T’–Ϊ,2022[sanitize]03[sanitize]29,20,‚SK‚ΔΘγ‹¤“―Z‘ξ,’“Τi—Φjκ,10Ξ‘γ,¬w¶,{ω‚Ή‚Έ
ή“,©“]Τ“,{–,ηΞ,281077,•ΊΙ§,_Λs{–‹ζ,‘ε’r’¬‚T’–Ϊ,2022[sanitize]06[sanitize]25,14,’“Τi—Φjκ,’“Τi—Φjκ,10Ξ‘γ,‘εw¶,{ω‚µ‚½
ή“,©“]Τ“,{–,ηΞ,281077,•ΊΙ§,_Λs{–‹ζ,‘ε’r’¬‚T’–Ϊ,2022[sanitize]07[sanitize]14,17,‚»‚Μ‘Ό,’“Τi—Φjκ,30Ξ‘γ,‚»‚Μ‘Ό,{ω‚µ‚½
ή“,©“]Τ“,{–,ηΞ,281077,•ΊΙ§,_Λs{–‹ζ,‘ε’r’¬‚T’–Ϊ,2022[sanitize]10[sanitize]01,13,’“Τi—Φjκ,’“Τi—Φjκ,10Ξ‘γ,’†w¶,{ω‚Ή‚Έ
ή“,©“]Τ“,{–,ηΞ,281077,•ΊΙ§,_Λs{–‹ζ,‘ε’r’¬‚T’–Ϊ,2022[sanitize]12[sanitize]11,17,’“Τi—Φjκ,’“Τi—Φjκ,40Ξ‘γ,‚»‚Μ‘Ό,{ω‚Ή‚Έ
ή“,©“]Τ“,{–,ηΞ,281077,•ΊΙ§,_Λs{–‹ζ,‘ε’r’¬‚T’–Ϊ,2022[sanitize]12[sanitize]19,18,‚»‚Μ‘Ό,’“Τi—Φjκ,10Ξ‘γ,’†w¶,{ω‚Ή‚Έ
ή“,©“]Τ“,{–,ηΞ,281077,•ΊΙ§,_Λs{–‹ζ,‘ε“c’¬‚R’–Ϊ,2022[sanitize]10[sanitize]25,08,“ΉHγ,‚»‚Μ‘Ό,30Ξ‘γ,‚»‚Μ‘Ό,{ω‚Ή‚Έ
ή“,©“]Τ“,{–,ηΞ,281077,•ΊΙ§,_Λs{–‹ζ,‘ε“c’¬‚R’–Ϊ,2022[sanitize]11[sanitize]20,11,“ΉHγ,‚»‚Μ‘Ό,50Ξ‘γ,‚»‚Μ‘Ό,{ω‚µ‚½
ή“,©“]Τ“,{–,ηΞ,281077,•ΊΙ§,_Λs{–‹ζ,‘ε“c’¬‚R’–Ϊ,2022[sanitize]12[sanitize]09,17,“ΉHγ,‚»‚Μ‘Ό,10Ξ‘γ,’†w¶,{ω‚Ή‚Έ
ή“,©“]Τ“,{–,ηΞ,281077,•ΊΙ§,_Λs{–‹ζ,‘ε“c’¬‚U’–Ϊ,2022[sanitize]06[sanitize]07,08,“ΉHγ,‚»‚Μ‘Ό,70ΞΘγ,‚»‚Μ‘Ό,{ω‚Ή‚Έ
ή“,©“]Τ“,{–,ηΞ,281077,•ΊΙ§,_Λs{–‹ζ,‘ε“c’¬‚W’–Ϊ,2022[sanitize]04[sanitize]13,18,κΛZ‘ξ,‚»‚Μ‘Ό,50Ξ‘γ,‚»‚Μ‘Ό,{ω‚µ‚½
ή“,©“]Τ“,{–,ηΞ,281077,•ΊΙ§,_Λs{–‹ζ,ηΞ’¬‚P’–Ϊ,2022[sanitize]09[sanitize]07,20,‚SK‚ΔΘγ‹¤“―Z‘ξ,’“Τi—Φjκ,40Ξ‘γ,‚»‚Μ‘Ό,{ω‚Ή‚Έ
ή“,©“]Τ“,{–,ηΞ,281077,•ΊΙ§,_Λs{–‹ζ,›“c’¬‚Q’–Ϊ,2022[sanitize]04[sanitize]29,18,“ΉHγ,‚»‚Μ‘Ό,30Ξ‘γ,‚»‚Μ‘Ό,{ω‚Ή‚Έ
ή“,©“]Τ“,{–,ηΞ,281077,•ΊΙ§,_Λs{–‹ζ,›“c’¬‚Q’–Ϊ,2022[sanitize]07[sanitize]09,18,‚SK‚ΔΘγ‹¤“―Z‘ξ,‚»‚Μ‘Ό,30Ξ‘γ,‚»‚Μ‘Ό,{ω‚Ή‚Έ
ή“,©“]Τ“,{–,ηΞ,281077,•ΊΙ§,_Λs{–‹ζ,›“c’¬‚R’–Ϊ,2022[sanitize]05[sanitize]15,01,“ΉHγ,‚»‚Μ‘Ό,30Ξ‘γ,‚»‚Μ‘Ό,{ω‚Ή‚Έ
ή“,©“]Τ“,{–,ηΞ,281077,•ΊΙ§,_Λs{–‹ζ,ν”Υ’¬‚Q’–Ϊ,2022[sanitize]11[sanitize]05,15,‚SK‚ΔΘγ‹¤“―Z‘ξ,‚»‚Μ‘Ό,70ΞΘγ,‚»‚Μ‘Ό,{ω‚µ‚½
ή“,©“]Τ“,{–,ηΞ,281077,•ΊΙ§,_Λs{–‹ζ,ν”Υ’¬‚R’–Ϊ,2022[sanitize]06[sanitize]12,03,“ΉHγ,‚»‚Μ‘Ό,20Ξ‘γ,‚»‚Μ‘Ό,{ω‚Ή‚Έ
ή“,©“]Τ“,{–,ηΞ,281077,•ΊΙ§,_Λs{–‹ζ,“’¬‚P’–Ϊ,2022[sanitize]10[sanitize]19,17,κΛZ‘ξ,‚»‚Μ‘Ό,10Ξ–Ά–,¬w¶,{ω‚µ‚½
ή“,©“]Τ“,{–,–Ό’J’†‰›,281077,•ΊΙ§,_Λs{–‹ζ,–k—‡‚R’–Ϊ,2022[sanitize]08[sanitize]22,18,κΛZ‘ξ,’“Τi—Φjκ,70ΞΘγ,‚»‚Μ‘Ό,{ω‚Ή‚Έ
ή“,©“]Τ“,{–,–Ό’J’†‰›,281077,•ΊΙ§,_Λs{–‹ζ,–k—‡‚S’–Ϊ,2022[sanitize]11[sanitize]01,19,‚»‚Μ‘Ό‚ΜZ‘ξi‚RK‚ΔΘ‰Ί‹¤“―Z‘ξ“™j,’“Τi—Φjκ,50Ξ‘γ,‚»‚Μ‘Ό,{ω‚µ‚½
ή“,©“]Τ“,{–,–Ό’J’†‰›,281077,•ΊΙ§,_Λs{–‹ζ,–k—‡‚T’–Ϊ,2022[sanitize]10[sanitize]31,22,‚SK‚ΔΘγ‹¤“―Z‘ξ,’“Τi—Φjκ,20Ξ‘γ,‚»‚Μ‘Ό,{ω‚µ‚½
ή“,©“]Τ“,{–,–Ό’J’†‰›,281077,•ΊΙ§,_Λs{–‹ζ,–k—‡‚U’–Ϊ,2022[sanitize]09[sanitize]14,17,‚SK‚ΔΘγ‹¤“―Z‘ξ,’“Τi—Φjκ,10Ξ‘γ,‚Z¶,{ω‚Ή‚Έ
ή“,©“]Τ“,{–,–Ό’J’†‰›,281077,•ΊΙ§,_Λs{–‹ζ,’†—‡‚Q’–Ϊ,2022[sanitize]08[sanitize]02,07,‚»‚Μ‘Ό,’“Τi—Φjκ,20Ξ‘γ,‘εw¶,{ω‚Ή‚Έ
ή“,©“]Τ“,{–,–Ό’J’†‰›,281077,•ΊΙ§,_Λs{–‹ζ,’†—‡‚Q’–Ϊ,2022[sanitize]08[sanitize]26,08,’“Τi—Φjκ,’“Τi—Φjκ,10Ξ‘γ,‚Z¶,{ω‚Ή‚Έ
ή“,©“]Τ“,{–,–Ό’J’†‰›,281077,•ΊΙ§,_Λs{–‹ζ,’†—‡‚Q’–Ϊ,2022[sanitize]09[sanitize]12,16,’“Τi—Φjκ,’“Τi—Φjκ,10Ξ‘γ,‘εw¶,{ω‚Ή‚Έ
ή“,©“]Τ“,{–,–Ό’J’†‰›,281077,•ΊΙ§,_Λs{–‹ζ,’†—‡‚Q’–Ϊ,2022[sanitize]09[sanitize]13,12,’“Τi—Φjκ,’“Τi—Φjκ,10Ξ‘γ,‘εw¶,{ω‚Ή‚Έ
ή“,©“]Τ“,{–,–Ό’J’†‰›,281077,•ΊΙ§,_Λs{–‹ζ,Ό—‡‚P’–Ϊ,2022[sanitize]09[sanitize]28,09,‚SK‚ΔΘγ‹¤“―Z‘ξ,’“Τi—Φjκ,10Ξ‘γ,‚Z¶,{ω‚µ‚½
ή“,©“]Τ“,{–,–Ό’J’†‰›,281077,•ΊΙ§,_Λs{–‹ζ,Ό—‡‚Q’–Ϊ,2022[sanitize]05[sanitize]10,16,’“Τi—Φjκ,’“Τi—Φjκ,20Ξ‘γ,‚»‚Μ‘Ό,{ω‚µ‚½
ή“,©“]Τ“,{–,–Ό’J’†‰›,281077,•ΊΙ§,_Λs{–‹ζ,Ό—‡‚T’–Ϊ,2022[sanitize]11[sanitize]24,16,“ΉHγ,‚»‚Μ‘Ό,70ΞΘγ,‚»‚Μ‘Ό,{ω‚µ‚½
ή“,©“]Τ“,{–,–Ό’J’†‰›,281077,•ΊΙ§,_Λs{–‹ζ,Ό—‡‚U’–Ϊ,2019[sanitize]01[sanitize]01,00,‚SK‚ΔΘγ‹¤“―Z‘ξ,‚»‚Μ‘Ό,–@lE’c‘ΜA”νQÒ‚Θ‚µ,–@lE’c‘ΜA”νQÒ‚Θ‚µ,{ω‚Ή‚Έ
ή“,©“]Τ“,{–,–Ό’J’†‰›,281077,•ΊΙ§,_Λs{–‹ζ,Ό—‡‚U’–Ϊ,2022[sanitize]04[sanitize]07,07,’“Τi—Φjκ,’“Τi—Φjκ,10Ξ‘γ,‚»‚Μ‘Ό,{ω‚Ή‚Έ
ή“,©“]Τ“,{–,–Ό’J’†‰›,281077,•ΊΙ§,_Λs{–‹ζ,Ό—‡‚U’–Ϊ,2022[sanitize]08[sanitize]17,08,’“Τi—Φjκ,’“Τi—Φjκ,10Ξ‘γ,¬w¶,{ω‚Ή‚Έ
ή“,©“]Τ“,{–,–Ό’J’†‰›,281077,•ΊΙ§,_Λs{–‹ζ,Ό—‡‚U’–Ϊ,2022[sanitize]09[sanitize]01,20,‚SK‚ΔΘγ‹¤“―Z‘ξ,’“Τi—Φjκ,10Ξ‘γ,’†w¶,{ω‚µ‚½
ή“,©“]Τ“,{–,–Ό’J’†‰›,281077,•ΊΙ§,_Λs{–‹ζ,Ό—‡‚U’–Ϊ,2022[sanitize]10[sanitize]20,17,‚SK‚ΔΘγ‹¤“―Z‘ξ,’“Τi—Φjκ,10Ξ‘γ,’†w¶,{ω‚µ‚½
ή“,©“]Τ“,{–,–Ό’J’†‰›,281077,•ΊΙ§,_Λs{–‹ζ,“μ—‡‚P’–Ϊ,2022[sanitize]05[sanitize]27,10,κΛZ‘ξ,’“Τi—Φjκ,10Ξ‘γ,‚Z¶,{ω‚Ή‚Έ
ή“,©“]Τ“,{–,–Ό’J’†‰›,281077,•ΊΙ§,_Λs{–‹ζ,—³‚ª‘δ‚Q’–Ϊ,2021[sanitize]04[sanitize]01,16,‚SK‚ΔΘγ‹¤“―Z‘ξ,’“Τi—Φjκ,30Ξ‘γ,‚»‚Μ‘Ό,{ω‚µ‚½
ή“,©“]Τ“,{–,–Ό’J’†‰›,281077,•ΊΙ§,_Λs{–‹ζ,—Ξ‘δ,2022[sanitize]01[sanitize]16,06,‚»‚Μ‘Ό,’“Τi—Φjκ,10Ξ‘γ,‘εw¶,{ω‚Ή‚Έ
ή“,©“]Τ“,{–,–Ό’J’†‰›,281077,•ΊΙ§,_Λs{–‹ζ,—Ξ‘δ,2022[sanitize]02[sanitize]10,10,‚»‚Μ‘Ό,’“Τi—Φjκ,20Ξ‘γ,‘εw¶,{ω‚µ‚½
ή“,©“]Τ“,{–,–Ό’J’†‰›,281077,•ΊΙ§,_Λs{–‹ζ,—Ξ‘δ,2022[sanitize]06[sanitize]09,08,’“Τi—Φjκ,’“Τi—Φjκ,40Ξ‘γ,‚»‚Μ‘Ό,{ω‚µ‚½
ή“,©“]Τ“,{–,–Ό’J’†‰›,281077,•ΊΙ§,_Λs{–‹ζ,—Ξ‘δ,2022[sanitize]06[sanitize]13,17,“ΉHγ,‚»‚Μ‘Ό,10Ξ‘γ,‚Z¶,{ω‚µ‚½
ή“,©“]Τ“,{–,–Ό’J’†‰›,281077,•ΊΙ§,_Λs{–‹ζ,—Ξ‘δ,2022[sanitize]08[sanitize]15,16,’“Τi—Φjκ,’“Τi—Φjκ,20Ξ‘γ,‘εw¶,{ω‚Ή‚Έ
ή“,©“]Τ“,{–,–Ό’J’†‰›,281077,•ΊΙ§,_Λs{–‹ζ,—Ξ‘δ,2022[sanitize]09[sanitize]14,07,‚»‚Μ‘Ό,’“Τi—Φjκ,20Ξ‘γ,‚»‚Μ‘Ό,{ω‚Ή‚Έ
ή“,©“]Τ“,{–,–Ό’J’†‰›,281077,•ΊΙ§,_Λs{–‹ζ,–ν‰h‘δ‚Q’–Ϊ,2022[sanitize]10[sanitize]20,07,’“Τi—Φjκ,’“Τi—Φjκ,10Ξ‘γ,‚Z¶,{ω‚µ‚½
ή“,©“]Τ“,{–,–Ό’J’†‰›,281077,•ΊΙ§,_Λs{–‹ζ,–ν‰h‘δ‚Q’–Ϊ,2022[sanitize]11[sanitize]10,07,’“Τi—Φjκ,’“Τi—Φjκ,40Ξ‘γ,‚»‚Μ‘Ό,{ω‚Ή‚Έ
ή“,©“]Τ“,{–,–­–@›,281077,•ΊΙ§,_Λs{–‹ζ,–­–@›~΄,2022[sanitize]06[sanitize]10,15,’“Τi—Φjκ,’“Τi—Φjκ,70ΞΘγ,‚»‚Μ‘Ό,{ω‚Ή‚Έ
ή“,©“]Τ“,{–,–­–@›,281077,•ΊΙ§,_Λs{–‹ζ,α‘’¬‚P’–Ϊ,2022[sanitize]05[sanitize]02,05,’“Τi—Φjκ,’“Τi—Φjκ,10Ξ‘γ,’†w¶,{ω‚µ‚½
ή“,©“]Τ“,{–,“{–,281077,•ΊΙ§,_Λs{–‹ζ,–k’¬‚P’–Ϊ,2022[sanitize]11[sanitize]02,15,‚»‚Μ‘Ό‚ΜZ‘ξi‚RK‚ΔΘ‰Ί‹¤“―Z‘ξ“™j,’“Τi—Φjκ,20Ξ‘γ,‚»‚Μ‘Ό,{ω‚µ‚½
ή“,©“]Τ“,{–,“{–,281077,•ΊΙ§,_Λs{–‹ζ,©R–{’¬‚P’–Ϊ,2021[sanitize]12[sanitize]31,16,“ΉHγ,‚»‚Μ‘Ό,70ΞΘγ,‚»‚Μ‘Ό,{ω‚Ή‚Έ
ή“,©“]Τ“,{–,“{–,281077,•ΊΙ§,_Λs{–‹ζ,©R–{’¬‚Q’–Ϊ,2022[sanitize]07[sanitize]25,13,‚»‚Μ‘Ό‚ΜZ‘ξi‚RK‚ΔΘ‰Ί‹¤“―Z‘ξ“™j,’“Τi—Φjκ,40Ξ‘γ,‚»‚Μ‘Ό,{ω‚µ‚½
ή“,©“]Τ“,{–,“{–,281077,•ΊΙ§,_Λs{–‹ζ,Ό•—’¬‚R’–Ϊ,2022[sanitize]06[sanitize]01,•s–Ύ,‚SK‚ΔΘγ‹¤“―Z‘ξ,’“Τi—Φjκ,20Ξ‘γ,‚»‚Μ‘Ό,{ω‚µ‚½
ή“,©“]Τ“,{–,“{–,281077,•ΊΙ§,_Λs{–‹ζ,Ό•—’¬‚R’–Ϊ,2022[sanitize]07[sanitize]11,15,‚SK‚ΔΘγ‹¤“―Z‘ξ,’“Τi—Φjκ,10Ξ–Ά–,¬w¶,{ω‚µ‚½
ή“,©“]Τ“,{–,“{–,281077,•ΊΙ§,_Λs{–‹ζ,Ό•—’¬‚R’–Ϊ,2022[sanitize]12[sanitize]09,21,‚SK‚ΔΘγ‹¤“―Z‘ξ,’“Τi—Φjκ,40Ξ‘γ,‚»‚Μ‘Ό,{ω‚Ή‚Έ
ή“,©“]Τ“,{–,“{–,281077,•ΊΙ§,_Λs{–‹ζ,Ό•—’¬‚T’–Ϊ,2022[sanitize]12[sanitize]11,13,‚»‚Μ‘Ό,’“Τi—Φjκ,50Ξ‘γ,‚»‚Μ‘Ό,{ω‚Ή‚Έ
ή“,©“]Τ“,{–,“{–,281077,•ΊΙ§,_Λs{–‹ζ,Ό•—’¬‚U’–Ϊ,2022[sanitize]12[sanitize]10,22,κΛZ‘ξ,’“Τi—Φjκ,40Ξ‘γ,‚»‚Μ‘Ό,{ω‚µ‚½
ή“,©“]Τ“,{–,“{–,281077,•ΊΙ§,_Λs{–‹ζ,sK’¬‚S’–Ϊ,2022[sanitize]10[sanitize]04,10,‚SK‚ΔΘγ‹¤“―Z‘ξ,’“Τi—Φjκ,10Ξ‘γ,‚Z¶,{ω‚Ή‚Έ
ή“,©“]Τ“,{–,”Βh,281077,•ΊΙ§,_Λs{–‹ζ,μγ’¬‚R’–Ϊ,2022[sanitize]11[sanitize]29,20,‚»‚Μ‘Ό‚ΜZ‘ξi‚RK‚ΔΘ‰Ί‹¤“―Z‘ξ“™j,’“Τi—Φjκ,50Ξ‘γ,‚»‚Μ‘Ό,{ω‚µ‚½
ή“,©“]Τ“,{–,”Βh,281077,•ΊΙ§,_Λs{–‹ζ,‹e’r’¬‚Q’–Ϊ,2022[sanitize]05[sanitize]15,15,“ΉHγ,‚»‚Μ‘Ό,40Ξ‘γ,‚»‚Μ‘Ό,{ω‚Ή‚Έ
ή“,©“]Τ“,{–,”Βh,281077,•ΊΙ§,_Λs{–‹ζ,‘ε•’¬‚P’–Ϊ,2022[sanitize]04[sanitize]07,18,“ΉHγ,‚»‚Μ‘Ό,10Ξ‘γ,¬w¶,{ω‚Ή‚Έ
ή“,©“]Τ“,{–,”Βh,281077,•ΊΙ§,_Λs{–‹ζ,‘ε•’¬‚Q’–Ϊ,2022[sanitize]02[sanitize]20,15,“ΉHγ,‚»‚Μ‘Ό,50Ξ‘γ,‚»‚Μ‘Ό,{ω‚µ‚½
ή“,©“]Τ“,{–,”Βh,281077,•ΊΙ§,_Λs{–‹ζ,‘ε•’¬‚R’–Ϊ,2022[sanitize]07[sanitize]21,06,’“Τi—Φjκ,’“Τi—Φjκ,10Ξ‘γ,‚Z¶,{ω‚Ή‚Έ
ή“,©“]Τ“,{–,”Βh,281077,•ΊΙ§,_Λs{–‹ζ,”ςΌ’¬‚Q’–Ϊ,2022[sanitize]01[sanitize]12,16,“ΉHγ,‚»‚Μ‘Ό,70ΞΘγ,‚»‚Μ‘Ό,{ω‚Ή‚Έ
ή“,©“]Τ“,{–,”Βh,281077,•ΊΙ§,_Λs{–‹ζ,”ςΌ’¬‚Q’–Ϊ,2022[sanitize]03[sanitize]22,22,‚»‚Μ‘Ό,‚»‚Μ‘Ό,20Ξ‘γ,‚»‚Μ‘Ό,{ω‚µ‚½
ή“,©“]Τ“,{–,”Βh,281077,•ΊΙ§,_Λs{–‹ζ,”ςΌ’¬‚Q’–Ϊ,2022[sanitize]04[sanitize]20,20,“ΉHγ,‚»‚Μ‘Ό,10Ξ‘γ,’†w¶,{ω‚Ή‚Έ
ή“,©“]Τ“,{–,”Βh,281077,•ΊΙ§,_Λs{–‹ζ,”ςΌ’¬‚Q’–Ϊ,2022[sanitize]09[sanitize]23,18,‚»‚Μ‘Ό,’“Τi—Φjκ,20Ξ‘γ,‚»‚Μ‘Ό,{ω‚µ‚½
ή“,©“]Τ“,{–,”Βh,281077,•ΊΙ§,_Λs{–‹ζ,”ςΌ’¬‚R’–Ϊ,2022[sanitize]04[sanitize]13,10,“ΉHγ,‚»‚Μ‘Ό,10Ξ‘γ,‚»‚Μ‘Ό,{ω‚µ‚½
ή“,©“]Τ“,{–,”Βh,281077,•ΊΙ§,_Λs{–‹ζ,”ςΌ’¬‚R’–Ϊ,2022[sanitize]08[sanitize]30,09,“ΉHγ,‚»‚Μ‘Ό,50Ξ‘γ,‚»‚Μ‘Ό,{ω‚µ‚½
ή“,©“]Τ“,{–,”Βh,281077,•ΊΙ§,_Λs{–‹ζ,•½“c’¬‚P’–Ϊ,2022[sanitize]01[sanitize]04,10,“ΉHγ,‚»‚Μ‘Ό,10Ξ‘γ,’†w¶,{ω‚µ‚½
ή“,©“]Τ“,{–,”Βh,281077,•ΊΙ§,_Λs{–‹ζ,•½“c’¬‚Q’–Ϊ,2022[sanitize]01[sanitize]04,00,“ΉHγ,‚»‚Μ‘Ό,50Ξ‘γ,‚»‚Μ‘Ό,{ω‚Ή‚Έ
ή“,©“]Τ“,{–,”Βh,281077,•ΊΙ§,_Λs{–‹ζ,•½“c’¬‚Q’–Ϊ,2022[sanitize]03[sanitize]09,13,“ΉHγ,‚»‚Μ‘Ό,40Ξ‘γ,‚»‚Μ‘Ό,{ω‚µ‚½
ή“,©“]Τ“,{–,”Βh,281077,•ΊΙ§,_Λs{–‹ζ,•½“c’¬‚Q’–Ϊ,2022[sanitize]03[sanitize]20,08,’“Τi—Φjκ,’“Τi—Φjκ,40Ξ‘γ,‚»‚Μ‘Ό,{ω‚µ‚½
ή“,©“]Τ“,{–,”Βh,281077,•ΊΙ§,_Λs{–‹ζ,•½“c’¬‚Q’–Ϊ,2022[sanitize]04[sanitize]01,22,“ΉHγ,‚»‚Μ‘Ό,10Ξ‘γ,‚Z¶,{ω‚Ή‚Έ
ή“,©“]Τ“,{–,”Βh,281077,•ΊΙ§,_Λs{–‹ζ,•½“c’¬‚Q’–Ϊ,2022[sanitize]04[sanitize]16,11,“ΉHγ,‚»‚Μ‘Ό,50Ξ‘γ,‚»‚Μ‘Ό,{ω‚µ‚½
ή“,©“]Τ“,{–,”Βh,281077,•ΊΙ§,_Λs{–‹ζ,•½“c’¬‚R’–Ϊ,2022[sanitize]04[sanitize]01,06,’“Τi—Φjκ,’“Τi—Φjκ,40Ξ‘γ,‚»‚Μ‘Ό,{ω‚µ‚½
ή“,©“]Τ“,{–,”Βh,281077,•ΊΙ§,_Λs{–‹ζ,•½“c’¬‚R’–Ϊ,2022[sanitize]09[sanitize]03,15,“ΉHγ,‚»‚Μ‘Ό,10Ξ‘γ,‚Z¶,{ω‚µ‚½
ή“,©“]Τ“,{–,”Βh,281077,•ΊΙ§,_Λs{–‹ζ,•½“c’¬‚S’–Ϊ,2022[sanitize]03[sanitize]09,07,’“Τi—Φjκ,’“Τi—Φjκ,10Ξ‘γ,‚Z¶,{ω‚µ‚½
ή“,©“]Τ“,{–,”Βh,281077,•ΊΙ§,_Λs{–‹ζ,‘O’r’¬‚Q’–Ϊ,2022[sanitize]06[sanitize]01,20,“ΉHγ,‚»‚Μ‘Ό,40Ξ‘γ,‚»‚Μ‘Ό,{ω‚µ‚½
ή“,©“]Τ“,{–,”Βh,281077,•ΊΙ§,_Λs{–‹ζ,‘O’r’¬‚Q’–Ϊ,2022[sanitize]10[sanitize]10,19,“ΉHγ,‚»‚Μ‘Ό,50Ξ‘γ,‚»‚Μ‘Ό,{ω‚Ή‚Έ
ή“,©“]Τ“,{–,”Βh,281077,•ΊΙ§,_Λs{–‹ζ,‘O’r’¬‚Q’–Ϊ,2022[sanitize]10[sanitize]27,21,“ΉHγ,‚»‚Μ‘Ό,40Ξ‘γ,‚»‚Μ‘Ό,{ω‚µ‚½
ή“,©“]Τ“,{–,”’μ‘δ,281077,•ΊΙ§,_Λs{–‹ζ,”’μ‘δ‚P’–Ϊ,2022[sanitize]06[sanitize]23,11,‚SK‚ΔΘγ‹¤“―Z‘ξ,’“Τi—Φjκ,10Ξ‘γ,¬w¶,{ω‚Ή‚Έ
ή“,©“]Τ“,{–,α‹{,281077,•ΊΙ§,_Λs{–‹ζ,ι“ι’¬‚R’–Ϊ,2022[sanitize]01[sanitize]26,12,‚»‚Μ‘Ό,’“Τi—Φjκ,60[sanitize]64Ξ,‚»‚Μ‘Ό,{ω‚µ‚½
ή“,©“]Τ“,{–,α‹{,281077,•ΊΙ§,_Λs{–‹ζ,¬›’¬‚R’–Ϊ,2022[sanitize]12[sanitize]13,07,‚SK‚ΔΘγ‹¤“―Z‘ξ,‚»‚Μ‘Ό,70ΞΘγ,‚»‚Μ‘Ό,{ω‚µ‚½
ή“,©“]Τ“,{–,α‹{,281077,•ΊΙ§,_Λs{–‹ζ,O•l’¬‚Q’–Ϊ,2021[sanitize]11[sanitize]15,19,κΛZ‘ξ,’“Τi—Φjκ,10Ξ‘γ,¬w¶,{ω‚Ή‚Έ
ή“,©“]Τ“,{–,α‹{,281077,•ΊΙ§,_Λs{–‹ζ,O•l’¬‚R’–Ϊ,2022[sanitize]03[sanitize]04,18,‚SK‚ΔΘγ‹¤“―Z‘ξ,’“Τi—Φjκ,70ΞΘγ,‚»‚Μ‘Ό,{ω‚µ‚½
ή“,©“]Τ“,{–,α‹{,281077,•ΊΙ§,_Λs{–‹ζ,‘ιζ’¬‚S’–Ϊ,2022[sanitize]10[sanitize]14,08,“ΉHγ,‚»‚Μ‘Ό,10Ξ‘γ,’†w¶,{ω‚Ή‚Έ
ή“,©“]Τ“,{–,α‹{,281077,•ΊΙ§,_Λs{–‹ζ,α‹{’¬‚P’–Ϊ,2022[sanitize]05[sanitize]20,22,’“Τi—Φjκ,’“Τi—Φjκ,20Ξ‘γ,‚»‚Μ‘Ό,{ω‚µ‚½
ή“,©“]Τ“,{–,α–Ψ,281077,•ΊΙ§,_Λs{–‹ζ,‘εθ’¬‚T’–Ϊ,2022[sanitize]08[sanitize]13,21,κΛZ‘ξ,’“Τi—Φjκ,70ΞΘγ,‚»‚Μ‘Ό,{ω‚µ‚½
ή“,©“]Τ“,{–,α–Ψ,281077,•ΊΙ§,_Λs{–‹ζ,α–Ψ’¬‚Q’–Ϊ,2022[sanitize]07[sanitize]23,23,“ΉHγ,‚»‚Μ‘Ό,10Ξ‘γ,‚Z¶,{ω‚µ‚½
ή“,©“]Τ“,{–,α–Ψ,281077,•ΊΙ§,_Λs{–‹ζ,α–Ψ’¬‚R’–Ϊ,2022[sanitize]03[sanitize]02,21,κΛZ‘ξ,‚»‚Μ‘Ό,10Ξ‘γ,¬w¶,{ω‚Ή‚Έ
ή“,©“]Τ“,{–,›‚Μ‘δ,281077,•ΊΙ§,_Λs{–‹ζ,—F‚ª‹u‚W’–Ϊ,2022[sanitize]03[sanitize]09,13,κΛZ‘ξ,’“Τi—Φjκ,10Ξ‘γ,¬w¶,{ω‚Ή‚Έ
ή“,©“]Τ“,{–,{–›,281077,•ΊΙ§,_Λs{–‹ζ,{–›’¬‚Q’–Ϊ,2022[sanitize]10[sanitize]31,05,κΛZ‘ξ,’“Τi—Φjκ,70ΞΘγ,‚»‚Μ‘Ό,{ω‚µ‚½
ή“,©“]Τ“,{–,{–›,281077,•ΊΙ§,_Λs{–‹ζ,—£‹{Ό’¬‚P’–Ϊ,2022[sanitize]08[sanitize]15,13,‚SK‚ΔΘγ‹¤“―Z‘ξ,’“Τi—Φjκ,65[sanitize]69Ξ,‚»‚Μ‘Ό,{ω‚Ή‚Έ
ή“,©“]Τ“,{–,{–‰w‘O,281077,•ΊΙ§,_Λs{–‹ζ,{–‰Y’Κ‚S’–Ϊ,2022[sanitize]06[sanitize]23,21,“ΉHγ,‚»‚Μ‘Ό,70ΞΘγ,‚»‚Μ‘Ό,{ω‚Ή‚Έ
ή“,©“]Τ“,{–,{–‰w‘O,281077,•ΊΙ§,_Λs{–‹ζ,{–‰Y’Κ‚T’–Ϊ,2022[sanitize]04[sanitize]15,16,‚»‚Μ‘Ό,‚»‚Μ‘Ό,10Ξ‘γ,’†w¶,{ω‚Ή‚Έ
ή“,©“]Τ“,{–,{–‰w‘O,281077,•ΊΙ§,_Λs{–‹ζ,“V_’¬‚P’–Ϊ,2022[sanitize]03[sanitize]26,18,κΛZ‘ξ,’“Τi—Φjκ,10Ξ‘γ,‚Z¶,{ω‚µ‚½
ή“,©“]Τ“,{–,‚‘q‘δ,281077,•ΊΙ§,_Λs{–‹ζ,‚‘q‘δ‚R’–Ϊ,2021[sanitize]11[sanitize]22,17,‚SK‚ΔΘγ‹¤“―Z‘ξ,’“Τi—Φjκ,40Ξ‘γ,‚»‚Μ‘Ό,{ω‚Ή‚Έ
ή“,©“]Τ“,{–,,281069,•ΊΙ§,_Λs’·“c‹ζ,Λθ’Κ‚P’–Ϊ,2022[sanitize]05[sanitize]03,19,‚»‚Μ‘Ό‚ΜZ‘ξi‚RK‚ΔΘ‰Ί‹¤“―Z‘ξ“™j,‚»‚Μ‘Ό,70ΞΘγ,‚»‚Μ‘Ό,{ω‚Ή‚Έ
ή“,©“]Τ“,{–,,281069,•ΊΙ§,_Λs’·“c‹ζ,Λθ’Κ‚R’–Ϊ,2022[sanitize]03[sanitize]01,00,‚SK‚ΔΘγ‹¤“―Z‘ξ,’“Τi—Φjκ,–@lE’c‘ΜA”νQÒ‚Θ‚µ,–@lE’c‘ΜA”νQÒ‚Θ‚µ,{ω‚µ‚½
ή“,©“]Τ“,‚…,γ‚Ϋ,281085,•ΊΙ§,_Λs‚…‹ζ,’ª©‚ª‹u‚P’–Ϊ,2022[sanitize]10[sanitize]18,06,κΛZ‘ξ,’“Τi—Φjκ,40Ξ‘γ,‚»‚Μ‘Ό,{ω‚µ‚½
ή“,©“]Τ“,‚…,–Ό’J,281085,•ΊΙ§,_Λs‚…‹ζ,‘½•·’¬,2021[sanitize]10[sanitize]15,•s–Ύ,‚SK‚ΔΘγ‹¤“―Z‘ξ,’“Τi—Φjκ,10Ξ‘γ,‚Z¶,{ω‚µ‚½
ή“,©“]Τ“,‚…,–Ό’J,281085,•ΊΙ§,_Λs‚…‹ζ,–Ό’J’¬,2022[sanitize]04[sanitize]28,08,‚»‚Μ‘Ό‚ΜZ‘ξi‚RK‚ΔΘ‰Ί‹¤“―Z‘ξ“™j,’“Τi—Φjκ,10Ξ‘γ,‚»‚Μ‘Ό,{ω‚Ή‚Έ
ή“,©“]Τ“,‚…,–Ό’J,281085,•ΊΙ§,_Λs‚…‹ζ,–Ό’J’¬,2022[sanitize]05[sanitize]20,19,‚SK‚ΔΘγ‹¤“―Z‘ξ,’“Τi—Φjκ,10Ξ‘γ,‘εw¶,{ω‚Ή‚Έ
ή“,©“]Τ“,‚…,–Ό’J,281085,•ΊΙ§,_Λs‚…‹ζ,–Ό’J’¬,2022[sanitize]11[sanitize]14,18,‚»‚Μ‘Ό,’“Τi—Φjκ,20Ξ‘γ,‚»‚Μ‘Ό,{ω‚Ή‚Έ
ή“,©“]Τ“,‚…,–Ό’J,281085,•ΊΙ§,_Λs‚…‹ζ,¬‘©R–{’¬‚P’–Ϊ,2022[sanitize]08[sanitize]05,18,’“Τi—Φjκ,’“Τi—Φjκ,10Ξ‘γ,‘εw¶,{ω‚µ‚½
ή“,©“]Τ“,‚…,–Ό’J,281085,•ΊΙ§,_Λs‚…‹ζ,¬‘©Rθ‚Q’–Ϊ,2022[sanitize]03[sanitize]25,13,‚»‚Μ‘Ό,’“Τi—Φjκ,10Ξ‘γ,‚Z¶,{ω‚µ‚½
ή“,©“]Τ“,‚…,–Ό’J,281085,•ΊΙ§,_Λs‚…‹ζ,¬‘©Rθ‚Q’–Ϊ,2022[sanitize]07[sanitize]22,19,‚»‚Μ‘Ό,’“Τi—Φjκ,10Ξ‘γ,‘εw¶,{ω‚Ή‚Έ
ή“,©“]Τ“,‚…,‚…‰w‘O,281085,•ΊΙ§,_Λs‚…‹ζ,®‚ª‹u‚P’–Ϊ,2022[sanitize]10[sanitize]04,08,κΛZ‘ξ,’“Τi—Φjκ,40Ξ‘γ,‚»‚Μ‘Ό,{ω‚µ‚½
ή“,©“]Τ“,‚…,‚…‰w‘O,281085,•ΊΙ§,_Λs‚…‹ζ,Cέ’Κ,2022[sanitize]03[sanitize]16,19,‚SK‚ΔΘγ‹¤“―Z‘ξ,’“Τi—Φjκ,50Ξ‘γ,‚»‚Μ‘Ό,{ω‚Ή‚Έ
ή“,©“]Τ“,‚…,‚…‰w‘O,281085,•ΊΙ§,_Λs‚…‹ζ,Cέ’Κ,2022[sanitize]08[sanitize]05,07,‚»‚Μ‘Ό‚ΜZ‘ξi‚RK‚ΔΘ‰Ί‹¤“―Z‘ξ“™j,’“Τi—Φjκ,30Ξ‘γ,‚»‚Μ‘Ό,{ω‚µ‚½
ή“,©“]Τ“,‚…,‚…‰w‘O,281085,•ΊΙ§,_Λs‚…‹ζ,Cέ’Κ,2022[sanitize]09[sanitize]17,19,‚»‚Μ‘Ό,‚»‚Μ‘Ό,10Ξ‘γ,¬w¶,{ω‚µ‚½
ή“,©“]Τ“,‚…,‚…‰w‘O,281085,•ΊΙ§,_Λs‚…‹ζ,Cέ’Κ,2022[sanitize]10[sanitize]11,12,‚»‚Μ‘Ό,’“Τi—Φjκ,20Ξ‘γ,‚»‚Μ‘Ό,{ω‚Ή‚Έ
ή“,©“]Τ“,‚…,‚…‰w‘O,281085,•ΊΙ§,_Λs‚…‹ζ,Cέ’Κ,2022[sanitize]12[sanitize]22,10,“ΉHγ,‚»‚Μ‘Ό,40Ξ‘γ,‚»‚Μ‘Ό,{ω‚Ή‚Έ
ή“,©“]Τ“,‚…,‚…‰w‘O,281085,•ΊΙ§,_Λs‚…‹ζ,_“c’¬,2022[sanitize]07[sanitize]17,20,‚»‚Μ‘Ό,’“Τi—Φjκ,10Ξ‘γ,‘εw¶,{ω‚Ή‚Έ
ή“,©“]Τ“,‚…,‚…‰w‘O,281085,•ΊΙ§,_Λs‚…‹ζ,_“c’¬,2022[sanitize]08[sanitize]03,07,“ΉHγ,‚»‚Μ‘Ό,20Ξ‘γ,‚»‚Μ‘Ό,{ω‚µ‚½
ή“,©“]Τ“,‚…,‚…‰w‘O,281085,•ΊΙ§,_Λs‚…‹ζ,_“c’¬,2022[sanitize]12[sanitize]02,15,‚»‚Μ‘Ό,’“Τi—Φjκ,10Ξ‘γ,‚Z¶,{ω‚µ‚½
ή“,©“]Τ“,‚…,‚…‰w‘O,281085,•ΊΙ§,_Λs‚…‹ζ,δ—μ’¬,2022[sanitize]07[sanitize]02,11,‚»‚Μ‘Ό,‚»‚Μ‘Ό,30Ξ‘γ,‚»‚Μ‘Ό,{ω‚Ή‚Έ
ή“,©“]Τ“,‚…,‚…‰w‘O,281085,•ΊΙ§,_Λs‚…‹ζ,’†“Ή‚Q’–Ϊ,2022[sanitize]08[sanitize]27,08,κΛZ‘ξ,’“Τi—Φjκ,10Ξ‘γ,‚Z¶,{ω‚Ή‚Έ
ή“,©“]Τ“,‚…,‚…‰w‘O,281085,•ΊΙ§,_Λs‚…‹ζ,“ϊό‚P’–Ϊ,2022[sanitize]09[sanitize]12,14,‚SK‚ΔΘγ‹¤“―Z‘ξ,’“Τi—Φjκ,40Ξ‘γ,‚»‚Μ‘Ό,{ω‚µ‚½
ή“,©“]Τ“,‚…,‚…‰w‘O,281085,•ΊΙ§,_Λs‚…‹ζ,“ϊό‚P’–Ϊ,2022[sanitize]10[sanitize]25,06,’“Τi—Φjκ,’“Τi—Φjκ,30Ξ‘γ,‚»‚Μ‘Ό,{ω‚Ή‚Έ
ή“,©“]Τ“,‚…,‚…‰w‘O,281085,•ΊΙ§,_Λs‚…‹ζ,“ϊό‚P’–Ϊ,2022[sanitize]12[sanitize]02,23,‚»‚Μ‘Ό,’“Τi—Φjκ,10Ξ‘γ,‚Z¶,{ω‚Ή‚Έ
ή“,©“]Τ“,‚…,‚…‰w‘O,281085,•ΊΙ§,_Λs‚…‹ζ,•½ι‚P’–Ϊ,2022[sanitize]05[sanitize]16,21,‚SK‚ΔΘγ‹¤“―Z‘ξ,’“Τi—Φjκ,40Ξ‘γ,‚»‚Μ‘Ό,{ω‚Ή‚Έ
ή“,©“]Τ“,‚…,‰–‰®,281085,•ΊΙ§,_Λs‚…‹ζ,‰–‰®’¬‚P’–Ϊ,2022[sanitize]07[sanitize]09,06,“ΉHγ,‚»‚Μ‘Ό,20Ξ‘γ,‚»‚Μ‘Ό,{ω‚µ‚½
ή“,©“]Τ“,‚…,‘½•·,281085,•ΊΙ§,_Λs‚…‹ζ,‘½•·‘δ‚R’–Ϊ,2022[sanitize]09[sanitize]27,16,‚SK‚ΔΘγ‹¤“―Z‘ξ,’“Τi—Φjκ,20Ξ‘γ,‚»‚Μ‘Ό,{ω‚Ή‚Έ
ή“,©“]Τ“,‚…,‘½•·,281085,•ΊΙ§,_Λs‚…‹ζ,¬‘©‘δ,2022[sanitize]03[sanitize]12,12,‚»‚Μ‘Ό‚ΜZ‘ξi‚RK‚ΔΘ‰Ί‹¤“―Z‘ξ“™j,’“Τi—Φjκ,30Ξ‘γ,‚»‚Μ‘Ό,{ω‚Ή‚Έ
ή“,©“]Τ“,‚…,‘½•·,281085,•ΊΙ§,_Λs‚…‹ζ,•‘‘½•·Ό‚W’–Ϊ,2022[sanitize]01[sanitize]04,08,κΛZ‘ξ,’“Τi—Φjκ,50Ξ‘γ,‚»‚Μ‘Ό,{ω‚µ‚½
ή“,©“]Τ“,‚…,‘½•·,281085,•ΊΙ§,_Λs‚…‹ζ,•‘‘½•·“‚P’–Ϊ,2022[sanitize]11[sanitize]17,19,‚»‚Μ‘Ό,’“Τi—Φjκ,10Ξ‘γ,‘εw¶,{ω‚Ή‚Έ
ή“,©“]Τ“,‚…,‘½•·,281085,•ΊΙ§,_Λs‚…‹ζ,•‘‘½•·“‚Q’–Ϊ,2022[sanitize]04[sanitize]30,14,’“Τi—Φjκ,’“Τi—Φjκ,10Ξ‘γ,’†w¶,{ω‚Ή‚Έ
ή“,©“]Τ“,‚…,•½”φ,281085,•ΊΙ§,_Λs‚…‹ζ,ς‚ª‹u‚S’–Ϊ,2022[sanitize]09[sanitize]30,18,‚SK‚ΔΘγ‹¤“―Z‘ξ,’“Τi—Φjκ,20Ξ‘γ,‚»‚Μ‘Ό,{ω‚Ή‚Έ
ή“,©“]Τ“,‚…,•½”φ,281085,•ΊΙ§,_Λs‚…‹ζ,‰¤‹“a‚R’–Ϊ,2021[sanitize]11[sanitize]16,16,’“Τi—Φjκ,’“Τi—Φjκ,10Ξ‘γ,‚Z¶,{ω‚Ή‚Έ
ή“,©“]Τ“,‚…,•½”φ,281085,•ΊΙ§,_Λs‚…‹ζ,,2022[sanitize]08[sanitize]30,07,‚»‚Μ‘Ό‚ΜZ‘ξi‚RK‚ΔΘ‰Ί‹¤“―Z‘ξ“™j,’“Τi—Φjκ,20Ξ‘γ,‚»‚Μ‘Ό,{ω‚µ‚½
ή“,©“]Τ“,‚…,V‘½•·,281085,•ΊΙ§,_Λs‚…‹ζ,–{‘½•·‚R’–Ϊ,2022[sanitize]10[sanitize]19,21,‚SK‚ΔΘγ‹¤“―Z‘ξ,’“Τi—Φjκ,10Ξ‘γ,‚»‚Μ‘Ό,{ω‚Ή‚Έ
ή“,©“]Τ“,‚…,V‘½•·,281085,•ΊΙ§,_Λs‚…‹ζ,–{‘½•·‚V’–Ϊ,2022[sanitize]04[sanitize]01,16,‚SK‚ΔΘγ‹¤“―Z‘ξ,’“Τi—Φjκ,10Ξ‘γ,‚Z¶,{ω‚Ή‚Έ
ή“,©“]Τ“,‚…,V‘½•·,281085,•ΊΙ§,_Λs‚…‹ζ,w‚ª‹u‚S’–Ϊ,2022[sanitize]07[sanitize]16,15,‚SK‚ΔΘγ‹¤“―Z‘ξ,’“Τi—Φjκ,20Ξ‘γ,‘εw¶,{ω‚µ‚½
ή“,©“]Τ“,‚…,–Ύ•‘,281085,•ΊΙ§,_Λs‚…‹ζ,λϋ‘δ‚P’–Ϊ,2022[sanitize]01[sanitize]26,13,‚SK‚ΔΘγ‹¤“―Z‘ξ,’“Τi—Φjκ,65[sanitize]69Ξ,‚»‚Μ‘Ό,{ω‚µ‚½
ή“,©“]Τ“,‚…,–Ύ•‘,281085,•ΊΙ§,_Λs‚…‹ζ,λϋ‘δ‚P’–Ϊ,2022[sanitize]04[sanitize]13,19,“ΉHγ,‚»‚Μ‘Ό,10Ξ‘γ,¬w¶,{ω‚Ή‚Έ
ή“,©“]Τ“,‚…,–Ύ•‘,281085,•ΊΙ§,_Λs‚…‹ζ,_—Λ‘δ‚Q’–Ϊ,2022[sanitize]03[sanitize]09,07,‚SK‚ΔΘγ‹¤“―Z‘ξ,’“Τi—Φjκ,60[sanitize]64Ξ,‚»‚Μ‘Ό,{ω‚µ‚½
ή“,©“]Τ“,‚…,–Ύ•‘,281085,•ΊΙ§,_Λs‚…‹ζ,_—Λ‘δ‚Q’–Ϊ,2022[sanitize]09[sanitize]23,22,‚SK‚ΔΘγ‹¤“―Z‘ξ,’“Τi—Φjκ,50Ξ‘γ,‚»‚Μ‘Ό,{ω‚Ή‚Έ
ή“,©“]Τ“,‚…,–Ύ•‘,281085,•ΊΙ§,_Λs‚…‹ζ,_—Λ‘δ‚X’–Ϊ,2022[sanitize]09[sanitize]04,16,κΛZ‘ξ,’“Τi—Φjκ,10Ξ‘γ,’†w¶,{ω‚Ή‚Έ
ή“,©“]Τ“,‚…,–Ύ•‘,281085,•ΊΙ§,_Λs‚…‹ζ,“μ‘½•·‘δ‚V’–Ϊ,2022[sanitize]04[sanitize]29,07,‚SK‚ΔΘγ‹¤“―Z‘ξ,’“Τi—Φjκ,50Ξ‘γ,‚»‚Μ‘Ό,{ω‚µ‚½
ή“,©“]Τ“,‚…,“R‘δ,281085,•ΊΙ§,_Λs‚…‹ζ,“R‘δ‚R’–Ϊ,2022[sanitize]07[sanitize]07,19,κΛZ‘ξ,’“Τi—Φjκ,10Ξ‘γ,¬w¶,{ω‚Ή‚Έ
ή“,©“]Τ“,‚…,•‘q‰w‘O,281085,•ΊΙ§,_Λs‚…‹ζ,Ό•‘q‚P’–Ϊ,2021[sanitize]12[sanitize]27,01,’“Τi—Φjκ,’“Τi—Φjκ,50Ξ‘γ,‚»‚Μ‘Ό,{ω‚Ή‚Έ
ή“,©“]Τ“,‚…,•‘q‰w‘O,281085,•ΊΙ§,_Λs‚…‹ζ,Ό•‘q‚P’–Ϊ,2022[sanitize]11[sanitize]11,21,‚»‚Μ‘Ό,’“Τi—Φjκ,30Ξ‘γ,‚»‚Μ‘Ό,{ω‚Ή‚Έ
ή“,©“]Τ“,‚…,•‘q‰w‘O,281085,•ΊΙ§,_Λs‚…‹ζ,“•‘q’¬,2022[sanitize]06[sanitize]12,02,‚»‚Μ‘Ό,’“Τi—Φjκ,10Ξ‘γ,‚Z¶,{ω‚Ή‚Έ
ή“,©“]Τ“,‚…,•‘q‰w‘O,281085,•ΊΙ§,_Λs‚…‹ζ,“•‘q’¬,2022[sanitize]07[sanitize]09,09,‚SK‚ΔΘγ‹¤“―Z‘ξ,’“Τi—Φjκ,30Ξ‘γ,‚»‚Μ‘Ό,{ω‚Ή‚Έ
ή“,©“]Τ“,‚…,•‘q‰w‘O,281085,•ΊΙ§,_Λs‚…‹ζ,“•‘q’¬,2022[sanitize]10[sanitize]27,07,’“Τi—Φjκ,’“Τi—Φjκ,10Ξ‘γ,‘εw¶,{ω‚µ‚½
ή“,©“]Τ“,‚…,•‘q‰w‘O,281085,•ΊΙ§,_Λs‚…‹ζ,“•‘q’¬,2022[sanitize]12[sanitize]08,09,’“Τi—Φjκ,’“Τi—Φjκ,40Ξ‘γ,‚»‚Μ‘Ό,{ω‚Ή‚Έ
ή“,©“]Τ“,‚…,•‘q‰w‘O,281085,•ΊΙ§,_Λs‚…‹ζ,•‘q‘δ‚U’–Ϊ,2022[sanitize]10[sanitize]31,14,‚»‚Μ‘Ό,’“Τi—Φjκ,10Ξ‘γ,’†w¶,{ω‚Ή‚Έ
ή“,©“]Τ“,‚…,Ό•‘q,281085,•ΊΙ§,_Λs‚…‹ζ,λϋ‘δ‚V’–Ϊ,2022[sanitize]01[sanitize]16,01,κΛZ‘ξ,’“Τi—Φjκ,40Ξ‘γ,‚»‚Μ‘Ό,{ω‚Ή‚Έ
ή“,©“]Τ“,‚…,Ό•‘q,281085,•ΊΙ§,_Λs‚…‹ζ,Ό•‘q‚Q’–Ϊ,2022[sanitize]03[sanitize]08,11,‚»‚Μ‘Ό‚ΜZ‘ξi‚RK‚ΔΘ‰Ί‹¤“―Z‘ξ“™j,‚»‚Μ‘Ό,50Ξ‘γ,‚»‚Μ‘Ό,{ω‚µ‚½
ή“,©“]Τ“,‚…,Ό•‘q,281085,•ΊΙ§,_Λs‚…‹ζ,Ό•‘q‚R’–Ϊ,2022[sanitize]09[sanitize]23,00,κΛZ‘ξ,’“Τi—Φjκ,10Ξ‘γ,‚Z¶,{ω‚Ή‚Έ
ή“,©“]Τ“,‚…,Ό•‘q,281085,•ΊΙ§,_Λs‚…‹ζ,Ό•‘q‚S’–Ϊ,2022[sanitize]11[sanitize]16,15,“ΉHγ,‚»‚Μ‘Ό,70ΞΘγ,‚»‚Μ‘Ό,{ω‚Ή‚Έ
ή“,©“]Τ“,‚…,ΒR‘δ,281085,•ΊΙ§,_Λs‚…‹ζ,ΒR‘δ‚S’–Ϊ,2022[sanitize]09[sanitize]04,12,‚»‚Μ‘Ό,‚»‚Μ‘Ό,10Ξ‘γ,‚Z¶,{ω‚Ή‚Έ
ή“,©“]Τ“,‚…,ΒR‘δ,281085,•ΊΙ§,_Λs‚…‹ζ,ΒR‘δ‚W’–Ϊ,2022[sanitize]06[sanitize]26,18,‚SK‚ΔΘγ‹¤“―Z‘ξ,’“Τi—Φjκ,10Ξ‘γ,’†w¶,{ω‚Ή‚Έ
ή“,©“]Τ“,‚…,ΒR‘δ,281085,•ΊΙ§,_Λs‚…‹ζ,”όR‘δ‚Q’–Ϊ,2022[sanitize]06[sanitize]27,18,’“Τi—Φjκ,’“Τi—Φjκ,10Ξ‘γ,‚Z¶,{ω‚Ή‚Έ
ή“,©“]Τ“,‚…,‚Ϋ,281085,•ΊΙ§,_Λs‚…‹ζ,‘ε’¬‚R’–Ϊ,2022[sanitize]11[sanitize]28,08,κΛZ‘ξ,’“Τi—Φjκ,30Ξ‘γ,‚»‚Μ‘Ό,{ω‚Ή‚Έ
ή“,©“]Τ“,‚…,‚Ϋ,281085,•ΊΙ§,_Λs‚…‹ζ,ό—z‚Q’–Ϊ,2022[sanitize]07[sanitize]15,21,‚SK‚ΔΘγ‹¤“―Z‘ξ,’“Τi—Φjκ,30Ξ‘γ,‚»‚Μ‘Ό,{ω‚Ή‚Έ
ή“,©“]Τ“,‚…,‚Ϋ,281085,•ΊΙ§,_Λs‚…‹ζ,‚Ϋ‚S’–Ϊ,2022[sanitize]09[sanitize]22,22,‚»‚Μ‘Ό‚ΜZ‘ξi‚RK‚ΔΘ‰Ί‹¤“―Z‘ξ“™j,’“Τi—Φjκ,30Ξ‘γ,‚»‚Μ‘Ό,{ω‚Ή‚Έ
ή“,©“]Τ“,‚…,,282031,•ΊΙ§,–ΎΞs,‘ε‘ “V_’¬,2022[sanitize]02[sanitize]15,00,‚»‚Μ‘Ό,‚»‚Μ‘Ό,–@lE’c‘ΜA”νQÒ‚Θ‚µ,–@lE’c‘ΜA”νQÒ‚Θ‚µ,{ω‚Ή‚Έ
ή“,©“]Τ“,_Λ…γ,ƒ|[ƒgƒAƒCƒ‰ƒ“ƒh,281107,•ΊΙ§,_Λs’†‰›‹ζ,`“‡‚P’–Ϊ,2022[sanitize]04[sanitize]27,11,‚»‚Μ‘Ό,’“Τi—Φjκ,20Ξ‘γ,‘εw¶,{ω‚Ή‚Έ
ή“,©“]Τ“,_Λ…γ,ƒ|[ƒgƒAƒCƒ‰ƒ“ƒh,281107,•ΊΙ§,_Λs’†‰›‹ζ,`“‡‚P’–Ϊ,2022[sanitize]08[sanitize]10,13,‚SK‚ΔΘγ‹¤“―Z‘ξ,’“Τi—Φjκ,20Ξ‘γ,‘εw¶,{ω‚µ‚½
ή“,©“]Τ“,_Λ…γ,ƒ|[ƒgƒAƒCƒ‰ƒ“ƒh,281107,•ΊΙ§,_Λs’†‰›‹ζ,`“‡‚U’–Ϊ,2022[sanitize]07[sanitize]07,18,‚»‚Μ‘Ό,’“Τi—Φjκ,20Ξ‘γ,‚»‚Μ‘Ό,{ω‚Ή‚Έ
ή“,©“]Τ“,_Λ…γ,ƒ|[ƒgƒAƒCƒ‰ƒ“ƒh,281107,•ΊΙ§,_Λs’†‰›‹ζ,`“‡’†’¬‚P’–Ϊ,2022[sanitize]10[sanitize]15,21,‚»‚Μ‘Ό,‚»‚Μ‘Ό,60[sanitize]64Ξ,‚»‚Μ‘Ό,{ω‚Ή‚Έ
ή“,©“]Τ“,_Λ…γ,ƒ|[ƒgƒAƒCƒ‰ƒ“ƒh,281107,•ΊΙ§,_Λs’†‰›‹ζ,`“‡’†’¬‚Q’–Ϊ,2022[sanitize]05[sanitize]28,17,‚SK‚ΔΘγ‹¤“―Z‘ξ,’“Τi—Φjκ,30Ξ‘γ,‚»‚Μ‘Ό,{ω‚Ή‚Έ
ή“,©“]Τ“,_Λ…γ,ƒ|[ƒgƒAƒCƒ‰ƒ“ƒh,281107,•ΊΙ§,_Λs’†‰›‹ζ,`“‡’†’¬‚R’–Ϊ,2022[sanitize]08[sanitize]02,06,‚SK‚ΔΘγ‹¤“―Z‘ξ,’“Τi—Φjκ,60[sanitize]64Ξ,‚»‚Μ‘Ό,{ω‚Ή‚Έ
ή“,©“]Τ“,_Λ…γ,ƒ|[ƒgƒAƒCƒ‰ƒ“ƒh,281107,•ΊΙ§,_Λs’†‰›‹ζ,`“‡’†’¬‚S’–Ϊ,2022[sanitize]09[sanitize]17,07,‚»‚Μ‘Ό,’“Τi—Φjκ,10Ξ‘γ,‚Z¶,{ω‚µ‚½
ή“,©“]Τ“,_Λ…γ,ƒ|[ƒgƒAƒCƒ‰ƒ“ƒh,281107,•ΊΙ§,_Λs’†‰›‹ζ,`“‡’†’¬‚S’–Ϊ,2022[sanitize]09[sanitize]30,18,‚»‚Μ‘Ό,’“Τi—Φjκ,10Ξ‘γ,¬w¶,{ω‚Ή‚Έ
ή“,©“]Τ“,_Λ…γ,ƒ|[ƒgƒAƒCƒ‰ƒ“ƒh,281107,•ΊΙ§,_Λs’†‰›‹ζ,`“‡’†’¬‚S’–Ϊ,2022[sanitize]10[sanitize]24,06,“ΉHγ,‚»‚Μ‘Ό,30Ξ‘γ,‚»‚Μ‘Ό,{ω‚µ‚½
ή“,©“]Τ“,_Λ…γ,ƒ|[ƒgƒAƒCƒ‰ƒ“ƒh,281107,•ΊΙ§,_Λs’†‰›‹ζ,`“‡’†’¬‚S’–Ϊ,2022[sanitize]11[sanitize]09,08,‚»‚Μ‘Ό,’“Τi—Φjκ,20Ξ‘γ,‚»‚Μ‘Ό,{ω‚Ή‚Έ
ή“,©“]Τ“,_Λ…γ,ƒ|[ƒgƒAƒCƒ‰ƒ“ƒh,281107,•ΊΙ§,_Λs’†‰›‹ζ,`“‡’†’¬‚S’–Ϊ,2022[sanitize]11[sanitize]19,07,‚»‚Μ‘Ό,’“Τi—Φjκ,10Ξ‘γ,‚Z¶,{ω‚µ‚½
ή“,©“]Τ“,_Λ…γ,ƒ|[ƒgƒAƒCƒ‰ƒ“ƒh,281107,•ΊΙ§,_Λs’†‰›‹ζ,`“‡’†’¬‚U’–Ϊ,2022[sanitize]06[sanitize]12,16,‚»‚Μ‘Ό,’“Τi—Φjκ,20Ξ‘γ,‚»‚Μ‘Ό,{ω‚µ‚½
ή“,©“]Τ“,_Λ…γ,ƒ|[ƒgƒAƒCƒ‰ƒ“ƒh,281107,•ΊΙ§,_Λs’†‰›‹ζ,`“‡’†’¬‚U’–Ϊ,2022[sanitize]12[sanitize]08,07,‚»‚Μ‘Ό,’“Τi—Φjκ,50Ξ‘γ,‚»‚Μ‘Ό,{ω‚Ή‚Έ
ή“,©“]Τ“,_Λ…γ,ƒ|[ƒgƒAƒCƒ‰ƒ“ƒh,281107,•ΊΙ§,_Λs’†‰›‹ζ,`“‡“μ’¬‚Q’–Ϊ,2021[sanitize]12[sanitize]10,08,‚»‚Μ‘Ό,’“Τi—Φjκ,30Ξ‘γ,‚»‚Μ‘Ό,{ω‚µ‚½
ή“,©“]Τ“,_Λ…γ,’†“Λ’η,281107,•ΊΙ§,_Λs’†‰›‹ζ,”g~κ’¬,2022[sanitize]03[sanitize]27,09,“ΉHγ,‚»‚Μ‘Ό,20Ξ‘γ,‚»‚Μ‘Ό,{ω‚µ‚½
ή“,©“]Τ“,_Λ…γ,’†“Λ’η,281107,•ΊΙ§,_Λs’†‰›‹ζ,”g~κ’¬,2022[sanitize]08[sanitize]01,18,‚SK‚ΔΘγ‹¤“―Z‘ξ,‚»‚Μ‘Ό,30Ξ‘γ,‚»‚Μ‘Ό,{ω‚Ή‚Έ
ή“,©“]Τ“,_Λ…γ,’†“Λ’η,281107,•ΊΙ§,_Λs’†‰›‹ζ,”g~κ’¬,2022[sanitize]09[sanitize]17,15,‚SK‚ΔΘγ‹¤“―Z‘ξ,‚»‚Μ‘Ό,10Ξ–Ά–,¬w¶,{ω‚µ‚½
ή“,©“]Τ“,_Λ…γ,V`,281107,•ΊΙ§,_Λs’†‰›‹ζ,¬–μ•l’¬,2022[sanitize]01[sanitize]21,20,‚»‚Μ‘Ό,’“Τi—Φjκ,20Ξ‘γ,‚»‚Μ‘Ό,{ω‚Ή‚Έ
ή“,©“]Τ“,_Λ…γ,V`,281107,•ΊΙ§,_Λs’†‰›‹ζ,¬–μ•l’¬,2022[sanitize]01[sanitize]24,09,‚»‚Μ‘Ό,‚»‚Μ‘Ό,20Ξ‘γ,‚»‚Μ‘Ό,{ω‚µ‚½
ή“,©“]Τ“,_ΛΌ,γ’r,281115,•ΊΙ§,_ΛsΌ‹ζ,‹Κ’Γ’¬΅’Γ,2022[sanitize]05[sanitize]03,10,‚»‚Μ‘Ό,‚»‚Μ‘Ό,20Ξ‘γ,‚»‚Μ‘Ό,{ω‚Ή‚Έ
ή“,©“]Τ“,_ΛΌ,γ’r,281115,•ΊΙ§,_ΛsΌ‹ζ,‹Κ’Γ’¬΅’Γ,2022[sanitize]05[sanitize]19,18,‚SK‚ΔΘγ‹¤“―Z‘ξ,’“Τi—Φjκ,10Ξ‘γ,‚»‚Μ‘Ό,{ω‚µ‚½
ή“,©“]Τ“,_ΛΌ,γ’r,281115,•ΊΙ§,_ΛsΌ‹ζ,‹Κ’Γ’¬΅’Γ,2022[sanitize]09[sanitize]15,08,‚SK‚ΔΘγ‹¤“―Z‘ξ,’“Τi—Φjκ,10Ξ‘γ,’†w¶,{ω‚µ‚½
ή“,©“]Τ“,_ΛΌ,γ’r,281115,•ΊΙ§,_ΛsΌ‹ζ,‹Κ’Γ’¬΅’Γ,2022[sanitize]09[sanitize]16,07,‚SK‚ΔΘγ‹¤“―Z‘ξ,’“Τi—Φjκ,10Ξ‘γ,‚Z¶,{ω‚Ή‚Έ
ή“,©“]Τ“,_ΛΌ,γ’r,281115,•ΊΙ§,_ΛsΌ‹ζ,‹Κ’Γ’¬γ’r,2022[sanitize]08[sanitize]26,18,‚SK‚ΔΘγ‹¤“―Z‘ξ,’“Τi—Φjκ,10Ξ‘γ,¬w¶,{ω‚µ‚½
ή“,©“]Τ“,_ΛΌ,γ’r,281115,•ΊΙ§,_ΛsΌ‹ζ,‹Κ’Γ’¬‚’Γ‹΄,2022[sanitize]03[sanitize]18,18,‚SK‚ΔΘγ‹¤“―Z‘ξ,’“Τi—Φjκ,20Ξ‘γ,‚»‚Μ‘Ό,{ω‚µ‚½
ή“,©“]Τ“,_ΛΌ,γ’r,281115,•ΊΙ§,_ΛsΌ‹ζ,‹Κ’Γ’¬‚’Γ‹΄,2022[sanitize]10[sanitize]26,16,‚»‚Μ‘Ό‚ΜZ‘ξi‚RK‚ΔΘ‰Ί‹¤“―Z‘ξ“™j,’“Τi—Φjκ,10Ξ‘γ,‚Z¶,{ω‚Ή‚Έ
ή“,©“]Τ“,_ΛΌ,γ’r,281115,•ΊΙ§,_ΛsΌ‹ζ,‹Κ’Γ’¬V•ϋ,2021[sanitize]12[sanitize]30,14,‚»‚Μ‘Ό‚ΜZ‘ξi‚RK‚ΔΘ‰Ί‹¤“―Z‘ξ“™j,’“Τi—Φjκ,30Ξ‘γ,‚»‚Μ‘Ό,{ω‚Ή‚Έ
ή“,©“]Τ“,_ΛΌ,γ’r,281115,•ΊΙ§,_ΛsΌ‹ζ,‹Κ’Γ’¬V•ϋ,2021[sanitize]12[sanitize]31,10,‚SK‚ΔΘγ‹¤“―Z‘ξ,’“Τi—Φjκ,50Ξ‘γ,‚»‚Μ‘Ό,{ω‚Ή‚Έ
ή“,©“]Τ“,_ΛΌ,γ’r,281115,•ΊΙ§,_ΛsΌ‹ζ,‹Κ’Γ’¬V•ϋ,2022[sanitize]05[sanitize]18,19,“ΉHγ,‚»‚Μ‘Ό,50Ξ‘γ,‚»‚Μ‘Ό,{ω‚Ή‚Έ
ή“,©“]Τ“,_ΛΌ,γ’r,281115,•ΊΙ§,_ΛsΌ‹ζ,‹Κ’Γ’¬Ό‰Ν΄,2022[sanitize]01[sanitize]03,08,κΛZ‘ξ,’“Τi—Φjκ,10Ξ‘γ,¬w¶,{ω‚Ή‚Έ
ή“,©“]Τ“,_ΛΌ,γ’r,281115,•ΊΙ§,_ΛsΌ‹ζ,‹Κ’Γ’¬…’J,2022[sanitize]04[sanitize]13,18,‚»‚Μ‘Ό‚ΜZ‘ξi‚RK‚ΔΘ‰Ί‹¤“―Z‘ξ“™j,’“Τi—Φjκ,30Ξ‘γ,‚»‚Μ‘Ό,{ω‚Ή‚Έ
ή“,©“]Τ“,_ΛΌ,δ‘δ,281115,•ΊΙ§,_ΛsΌ‹ζ,δ‘δ“’¬‚P’–Ϊ,2022[sanitize]02[sanitize]08,20,‚»‚Μ‘Ό,’“Τi—Φjκ,50Ξ‘γ,‚»‚Μ‘Ό,{ω‚µ‚½
ή“,©“]Τ“,_ΛΌ,δ‘δ,281115,•ΊΙ§,_ΛsΌ‹ζ,δ‘δ“’¬‚P’–Ϊ,2022[sanitize]06[sanitize]09,18,‚»‚Μ‘Ό,’“Τi—Φjκ,60[sanitize]64Ξ,‚»‚Μ‘Ό,{ω‚µ‚½
ή“,©“]Τ“,_ΛΌ,δ‘δ,281115,•ΊΙ§,_ΛsΌ‹ζ,δ‘δ“’¬‚P’–Ϊ,2022[sanitize]06[sanitize]14,11,‚»‚Μ‘Ό,’“Τi—Φjκ,20Ξ‘γ,‘εw¶,{ω‚Ή‚Έ
ή“,©“]Τ“,_ΛΌ,δ‘δ,281115,•ΊΙ§,_ΛsΌ‹ζ,δ‘δ“’¬‚P’–Ϊ,2022[sanitize]06[sanitize]22,10,‚»‚Μ‘Ό,’“Τi—Φjκ,30Ξ‘γ,‚»‚Μ‘Ό,{ω‚µ‚½
ή“,©“]Τ“,_ΛΌ,δ‘δ,281115,•ΊΙ§,_ΛsΌ‹ζ,δ‘δ“’¬‚P’–Ϊ,2022[sanitize]07[sanitize]22,19,‚»‚Μ‘Ό,’“Τi—Φjκ,10Ξ‘γ,’†w¶,{ω‚Ή‚Έ
ή“,©“]Τ“,_ΛΌ,δ‘δ,281115,•ΊΙ§,_ΛsΌ‹ζ,δ‘δ“’¬‚P’–Ϊ,2022[sanitize]08[sanitize]12,07,‚»‚Μ‘Ό,’“Τi—Φjκ,10Ξ‘γ,’†w¶,{ω‚Ή‚Έ
ή“,©“]Τ“,_ΛΌ,δ‘δ,281115,•ΊΙ§,_ΛsΌ‹ζ,δ‘δ“’¬‚P’–Ϊ,2022[sanitize]08[sanitize]29,17,‚»‚Μ‘Ό,’“Τi—Φjκ,10Ξ‘γ,‘εw¶,{ω‚Ή‚Έ
ή“,©“]Τ“,_ΛΌ,δ‘δ,281115,•ΊΙ§,_ΛsΌ‹ζ,δ‘δ“’¬‚P’–Ϊ,2022[sanitize]10[sanitize]01,19,‚»‚Μ‘Ό,’“Τi—Φjκ,10Ξ‘γ,’†w¶,{ω‚Ή‚Έ
ή“,©“]Τ“,_ΛΌ,δ‘δ,281115,•ΊΙ§,_ΛsΌ‹ζ,δ‘δ“’¬‚P’–Ϊ,2022[sanitize]10[sanitize]18,19,‚»‚Μ‘Ό,’“Τi—Φjκ,10Ξ‘γ,’†w¶,{ω‚Ή‚Έ
ή“,©“]Τ“,_ΛΌ,δ‘δ,281115,•ΊΙ§,_ΛsΌ‹ζ,δ‘δ“’¬‚P’–Ϊ,2022[sanitize]10[sanitize]25,06,‚»‚Μ‘Ό,’“Τi—Φjκ,10Ξ‘γ,‚Z¶,{ω‚Ή‚Έ
ή“,©“]Τ“,_ΛΌ,δ‘δ,281115,•ΊΙ§,_ΛsΌ‹ζ,δ‘δ“’¬‚P’–Ϊ,2022[sanitize]11[sanitize]04,19,‚»‚Μ‘Ό,’“Τi—Φjκ,10Ξ‘γ,’†w¶,{ω‚Ή‚Έ
ή“,©“]Τ“,_ΛΌ,δ‘δ,281115,•ΊΙ§,_ΛsΌ‹ζ,δ‘δ“’¬‚P’–Ϊ,2022[sanitize]11[sanitize]19,09,‚»‚Μ‘Ό,’“Τi—Φjκ,20Ξ‘γ,‘εw¶,{ω‚Ή‚Έ
ή“,©“]Τ“,_ΛΌ,δ‘δ,281115,•ΊΙ§,_ΛsΌ‹ζ,δ‘δ“’¬‚P’–Ϊ,2022[sanitize]12[sanitize]04,16,’“Τi—Φjκ,’“Τi—Φjκ,10Ξ‘γ,‚»‚Μ‘Ό,{ω‚µ‚½
ή“,©“]Τ“,_ΛΌ,δ‘δ,281115,•ΊΙ§,_ΛsΌ‹ζ,δ‘δ“’¬‚Q’–Ϊ,2022[sanitize]10[sanitize]08,12,‚SK‚ΔΘγ‹¤“―Z‘ξ,’“Τi—Φjκ,10Ξ‘γ,’†w¶,{ω‚Ή‚Έ
ή“,©“]Τ“,_ΛΌ,δ‘δ,281115,•ΊΙ§,_ΛsΌ‹ζ,δ‘δΌ’¬‚P’–Ϊ,2022[sanitize]07[sanitize]20,09,’“Τi—Φjκ,’“Τi—Φjκ,70ΞΘγ,‚»‚Μ‘Ό,{ω‚µ‚½
ή“,©“]Τ“,_ΛΌ,δ‘δ,281115,•ΊΙ§,_ΛsΌ‹ζ,δ‘δΌ’¬‚P’–Ϊ,2022[sanitize]07[sanitize]30,11,‚»‚Μ‘Ό,’“Τi—Φjκ,30Ξ‘γ,‚»‚Μ‘Ό,{ω‚µ‚½
ή“,©“]Τ“,_ΛΌ,δ‘δ,281115,•ΊΙ§,_ΛsΌ‹ζ,δ‘δΌ’¬‚P’–Ϊ,2022[sanitize]09[sanitize]28,08,‚»‚Μ‘Ό,’“Τi—Φjκ,40Ξ‘γ,‚»‚Μ‘Ό,{ω‚Ή‚Έ
ή“,©“]Τ“,_ΛΌ,δ‘δ,281115,•ΊΙ§,_ΛsΌ‹ζ,δ‘δΌ’¬‚P’–Ϊ,2022[sanitize]10[sanitize]25,00,‚»‚Μ‘Ό,’“Τi—Φjκ,20Ξ‘γ,‘εw¶,{ω‚µ‚½
ή“,©“]Τ“,_ΛΌ,δ‘δ,281115,•ΊΙ§,_ΛsΌ‹ζ,δ‘δΌ’¬‚S’–Ϊ,2022[sanitize]11[sanitize]19,11,‚»‚Μ‘Ό‚ΜZ‘ξi‚RK‚ΔΘ‰Ί‹¤“―Z‘ξ“™j,’“Τi—Φjκ,10Ξ–Ά–,¬w¶,{ω‚Ή‚Έ
ή“,©“]Τ“,_ΛΌ,δ‘δ,281115,•ΊΙ§,_ΛsΌ‹ζ,δ‘δ–k’¬‚P’–Ϊ,2022[sanitize]09[sanitize]16,16,“ΉHγ,‚»‚Μ‘Ό,10Ξ‘γ,‚Z¶,{ω‚Ή‚Έ
ή“,©“]Τ“,_ΛΌ,Ιμ’J,281115,•ΊΙ§,_ΛsΌ‹ζ,Ιμ’J’¬a,2022[sanitize]12[sanitize]28,20,‚»‚Μ‘Ό,’“Τi—Φjκ,40Ξ‘γ,‚»‚Μ‘Ό,{ω‚Ή‚Έ
ή“,©“]Τ“,_ΛΌ,Ιμ’J,281115,•ΊΙ§,_ΛsΌ‹ζ,Ιμ’J’¬•Κ•{,2022[sanitize]03[sanitize]25,11,‚»‚Μ‘Ό,’“Τi—Φjκ,20Ξ‘γ,‘εw¶,{ω‚Ή‚Έ
ή“,©“]Τ“,_ΛΌ,Ιμ’J,281115,•ΊΙ§,_ΛsΌ‹ζ,Ιμ’J’¬•Κ•{,2022[sanitize]08[sanitize]01,00,‚SK‚ΔΘγ‹¤“―Z‘ξ,’“Τi—Φjκ,10Ξ‘γ,’†w¶,{ω‚Ή‚Έ
ή“,©“]Τ“,_ΛΌ,Ιμ’J,281115,•ΊΙ§,_ΛsΌ‹ζ,–k•Κ•{‚P’–Ϊ,2022[sanitize]09[sanitize]23,14,‚»‚Μ‘Ό,’“Τi—Φjκ,20Ξ‘γ,‘εw¶,{ω‚Ή‚Έ
ή“,©“]Τ“,_ΛΌ,Ιμ’J,281115,•ΊΙ§,_ΛsΌ‹ζ,–k•Κ•{‚R’–Ϊ,2022[sanitize]08[sanitize]03,12,‚»‚Μ‘Ό‚ΜZ‘ξi‚RK‚ΔΘ‰Ί‹¤“―Z‘ξ“™j,’“Τi—Φjκ,10Ξ‘γ,‚Z¶,{ω‚Ή‚Έ
ή“,©“]Τ“,_ΛΌ,Ιμ’J,281115,•ΊΙ§,_ΛsΌ‹ζ,–k•Κ•{‚R’–Ϊ,2022[sanitize]09[sanitize]01,17,‚SK‚ΔΘγ‹¤“―Z‘ξ,’“Τi—Φjκ,50Ξ‘γ,‚»‚Μ‘Ό,{ω‚Ή‚Έ
ή“,©“]Τ“,_ΛΌ,Ιμ’J,281115,•ΊΙ§,_ΛsΌ‹ζ,–k•Κ•{‚R’–Ϊ,2022[sanitize]12[sanitize]23,21,’“Τi—Φjκ,’“Τi—Φjκ,40Ξ‘γ,‚»‚Μ‘Ό,{ω‚Ή‚Έ
ή“,©“]Τ“,_ΛΌ,Ιμ’J,281115,•ΊΙ§,_ΛsΌ‹ζ,–k•Κ•{‚S’–Ϊ,2022[sanitize]05[sanitize]01,16,‚»‚Μ‘Ό,‚»‚Μ‘Ό,10Ξ‘γ,‘εw¶,{ω‚Ή‚Έ
ή“,©“]Τ“,_ΛΌ,Ιμ’J,281115,•ΊΙ§,_ΛsΌ‹ζ,–k•Κ•{‚S’–Ϊ,2022[sanitize]05[sanitize]02,08,‚»‚Μ‘Ό‚ΜZ‘ξi‚RK‚ΔΘ‰Ί‹¤“―Z‘ξ“™j,’“Τi—Φjκ,30Ξ‘γ,‚»‚Μ‘Ό,{ω‚Ή‚Έ
ή“,©“]Τ“,_ΛΌ,Ιμ’J,281115,•ΊΙ§,_ΛsΌ‹ζ,–k•Κ•{‚T’–Ϊ,2022[sanitize]08[sanitize]27,16,‚»‚Μ‘Ό‚ΜZ‘ξi‚RK‚ΔΘ‰Ί‹¤“―Z‘ξ“™j,’“Τi—Φjκ,20Ξ‘γ,‚»‚Μ‘Ό,{ω‚Ή‚Έ
ή“,©“]Τ“,_ΛΌ,Ιμ’J,281115,•ΊΙ§,_ΛsΌ‹ζ,–k•Κ•{‚T’–Ϊ,2022[sanitize]10[sanitize]14,22,‚»‚Μ‘Ό‚ΜZ‘ξi‚RK‚ΔΘ‰Ί‹¤“―Z‘ξ“™j,’“Τi—Φjκ,10Ξ‘γ,‚Z¶,{ω‚Ή‚Έ
ή“,©“]Τ“,_ΛΌ,Ιμ’J,281115,•ΊΙ§,_ΛsΌ‹ζ,’rγ‚S’–Ϊ,2022[sanitize]06[sanitize]18,18,‚»‚Μ‘Ό,’“Τi—Φjκ,20Ξ‘γ,‘εw¶,{ω‚µ‚½
ή“,©“]Τ“,_ΛΌ,Ιμ’J,281115,•ΊΙ§,_ΛsΌ‹ζ,΅›,2022[sanitize]03[sanitize]21,23,‚SK‚ΔΘγ‹¤“―Z‘ξ,’“Τi—Φjκ,10Ξ‘γ,‚Z¶,{ω‚Ή‚Έ
ή“,©“]Τ“,_ΛΌ,Ιμ’J,281115,•ΊΙ§,_ΛsΌ‹ζ,‘ε’Γa‚P’–Ϊ,2022[sanitize]04[sanitize]14,18,‚»‚Μ‘Ό‚ΜZ‘ξi‚RK‚ΔΘ‰Ί‹¤“―Z‘ξ“™j,’“Τi—Φjκ,10Ξ‘γ,‘εw¶,{ω‚Ή‚Έ
ή“,©“]Τ“,_ΛΌ,Ιμ’J,281115,•ΊΙ§,_ΛsΌ‹ζ,‘ε’Γa‚Q’–Ϊ,2022[sanitize]12[sanitize]11,07,‚SK‚ΔΘγ‹¤“―Z‘ξ,’“Τi—Φjκ,10Ξ‘γ,‘εw¶,{ω‚µ‚½
ή“,©“]Τ“,_ΛΌ,Ιμ’J,281115,•ΊΙ§,_ΛsΌ‹ζ,‘ε’Γa‚Q’–Ϊ,2022[sanitize]12[sanitize]18,14,‚SK‚ΔΘγ‹¤“―Z‘ξ,’“Τi—Φjκ,10Ξ‘γ,‘εw¶,{ω‚Ή‚Έ
ή“,©“]Τ“,_ΛΌ,Ιμ’J,281115,•ΊΙ§,_ΛsΌ‹ζ,‘ε’Γa‚R’–Ϊ,2022[sanitize]10[sanitize]01,12,‚»‚Μ‘Ό‚ΜZ‘ξi‚RK‚ΔΘ‰Ί‹¤“―Z‘ξ“™j,’“Τi—Φjκ,20Ξ‘γ,‘εw¶,{ω‚µ‚½
ή“,©“]Τ“,_ΛΌ,Ιμ’J,281115,•ΊΙ§,_ΛsΌ‹ζ,“μ•Κ•{‚P’–Ϊ,2022[sanitize]07[sanitize]23,17,‚SK‚ΔΘγ‹¤“―Z‘ξ,’“Τi—Φjκ,20Ξ‘γ,‚»‚Μ‘Ό,{ω‚Ή‚Έ
ή“,©“]Τ“,_ΛΌ,Ιμ’J,281115,•ΊΙ§,_ΛsΌ‹ζ,“μ•Κ•{‚Q’–Ϊ,2022[sanitize]06[sanitize]16,18,κΛZ‘ξ,’“Τi—Φjκ,70ΞΘγ,‚»‚Μ‘Ό,{ω‚Ή‚Έ
ή“,©“]Τ“,_ΛΌ,Ιμ’J,281115,•ΊΙ§,_ΛsΌ‹ζ,“μ•Κ•{‚S’–Ϊ,2022[sanitize]08[sanitize]03,12,κΛZ‘ξ,’“Τi—Φjκ,20Ξ‘γ,‚»‚Μ‘Ό,{ω‚Ή‚Έ
ή“,©“]Τ“,_ΛΌ,Ιμ’J,281115,•ΊΙ§,_ΛsΌ‹ζ,”’…‚P’–Ϊ,2022[sanitize]08[sanitize]26,15,κΛZ‘ξ,’“Τi—Φjκ,20Ξ‘γ,‘εw¶,{ω‚Ή‚Έ
ή“,©“]Τ“,_ΛΌ,Ιμ’J,281115,•ΊΙ§,_ΛsΌ‹ζ,”’…‚P’–Ϊ,2022[sanitize]08[sanitize]29,17,‚»‚Μ‘Ό‚ΜZ‘ξi‚RK‚ΔΘ‰Ί‹¤“―Z‘ξ“™j,’“Τi—Φjκ,20Ξ‘γ,‚»‚Μ‘Ό,{ω‚Ή‚Έ
ή“,©“]Τ“,_ΛΌ,o‡,281115,•ΊΙ§,_ΛsΌ‹ζ,‰¤’Λ‘δ‚S’–Ϊ,2022[sanitize]07[sanitize]11,15,‚»‚Μ‘Ό‚ΜZ‘ξi‚RK‚ΔΘ‰Ί‹¤“―Z‘ξ“™j,’“Τi—Φjκ,40Ξ‘γ,‚»‚Μ‘Ό,{ω‚Ή‚Έ
ή“,©“]Τ“,_ΛΌ,o‡,281115,•ΊΙ§,_ΛsΌ‹ζ,‰¤’Λ‘δ‚V’–Ϊ,2022[sanitize]07[sanitize]29,08,‚»‚Μ‘Ό‚ΜZ‘ξi‚RK‚ΔΘ‰Ί‹¤“―Z‘ξ“™j,’“Τi—Φjκ,40Ξ‘γ,‚»‚Μ‘Ό,{ω‚µ‚½
ή“,©“]Τ“,_ΛΌ,o‡,281115,•ΊΙ§,_ΛsΌ‹ζ,‰¤’Λ‘δ‚V’–Ϊ,2022[sanitize]11[sanitize]30,16,‚»‚Μ‘Ό,’“Τi—Φjκ,60[sanitize]64Ξ,‚»‚Μ‘Ό,{ω‚µ‚½
ή“,©“]Τ“,_ΛΌ,o‡,281115,•ΊΙ§,_ΛsΌ‹ζ,¬R‚R’–Ϊ,2022[sanitize]10[sanitize]01,12,‚»‚Μ‘Ό‚ΜZ‘ξi‚RK‚ΔΘ‰Ί‹¤“―Z‘ξ“™j,’“Τi—Φjκ,10Ξ‘γ,‚Z¶,{ω‚µ‚½
ή“,©“]Τ“,_ΛΌ,o‡,281115,•ΊΙ§,_ΛsΌ‹ζ,Ϋ’Λ‚P’–Ϊ,2022[sanitize]11[sanitize]14,11,‚»‚Μ‘Ό‚ΜZ‘ξi‚RK‚ΔΘ‰Ί‹¤“―Z‘ξ“™j,’“Τi—Φjκ,20Ξ‘γ,‚»‚Μ‘Ό,{ω‚µ‚½
ή“,©“]Τ“,_ΛΌ,o‡,281115,•ΊΙ§,_ΛsΌ‹ζ,Ϋ’Λ‚Q’–Ϊ,2022[sanitize]06[sanitize]03,21,‚»‚Μ‘Ό,’“Τi—Φjκ,10Ξ‘γ,‚Z¶,{ω‚µ‚½
ή“,©“]Τ“,_ΛΌ,o‡,281115,•ΊΙ§,_ΛsΌ‹ζ,Ϋ’Λ‚Q’–Ϊ,2022[sanitize]07[sanitize]14,16,‚»‚Μ‘Ό,’“Τi—Φjκ,10Ξ‘γ,’†w¶,{ω‚Ή‚Έ
ή“,©“]Τ“,_ΛΌ,Γ‹½,281115,•ΊΙ§,_ΛsΌ‹ζ,β‰ª’¬–μ’†,2022[sanitize]09[sanitize]15,08,‚»‚Μ‘Ό,‚»‚Μ‘Ό,10Ξ‘γ,‚»‚Μ‘Ό,{ω‚Ή‚Έ
ή“,©“]Τ“,_ΛΌ,Γ‹½,281115,•ΊΙ§,_ΛsΌ‹ζ,•‹g‘δ‚P’–Ϊ,2022[sanitize]11[sanitize]03,09,‚SK‚ΔΘγ‹¤“―Z‘ξ,’“Τi—Φjκ,50Ξ‘γ,‚»‚Μ‘Ό,{ω‚Ή‚Έ
ή“,©“]Τ“,_ΛΌ,Γ‹½,281115,•ΊΙ§,_ΛsΌ‹ζ,—³‚ª‰ª‚P’–Ϊ,2022[sanitize]07[sanitize]25,09,‚»‚Μ‘Ό,’“Τi—Φjκ,70ΞΘγ,‚»‚Μ‘Ό,{ω‚µ‚½
ή“,©“]Τ“,_ΛΌ,Γ‹½,281115,•ΊΙ§,_ΛsΌ‹ζ,—³‚ª‰ª‚S’–Ϊ,2022[sanitize]04[sanitize]09,18,‚»‚Μ‘Ό‚ΜZ‘ξi‚RK‚ΔΘ‰Ί‹¤“―Z‘ξ“™j,’“Τi—Φjκ,20Ξ‘γ,‚»‚Μ‘Ό,{ω‚Ή‚Έ
ή“,©“]Τ“,_ΛΌ,Γ‹½,281115,•ΊΙ§,_ΛsΌ‹ζ,—³‚ª‰ª‚T’–Ϊ,2022[sanitize]02[sanitize]07,19,‚»‚Μ‘Ό‚ΜZ‘ξi‚RK‚ΔΘ‰Ί‹¤“―Z‘ξ“™j,’“Τi—Φjκ,20Ξ‘γ,‚»‚Μ‘Ό,{ω‚Ή‚Έ
ή“,©“]Τ“,_ΛΌ,w‰€‰w‘O,281115,•ΊΙ§,_ΛsΌ‹ζ,w‰€Ό’¬‚P’–Ϊ,2022[sanitize]01[sanitize]20,17,‚»‚Μ‘Ό,’“Τi—Φjκ,10Ξ‘γ,’†w¶,{ω‚Ή‚Έ
ή“,©“]Τ“,_ΛΌ,w‰€‰w‘O,281115,•ΊΙ§,_ΛsΌ‹ζ,w‰€Ό’¬‚P’–Ϊ,2022[sanitize]02[sanitize]19,19,‚»‚Μ‘Ό,’“Τi—Φjκ,10Ξ‘γ,’†w¶,{ω‚µ‚½
ή“,©“]Τ“,_ΛΌ,w‰€‰w‘O,281115,•ΊΙ§,_ΛsΌ‹ζ,w‰€Ό’¬‚P’–Ϊ,2022[sanitize]05[sanitize]07,15,‚»‚Μ‘Ό,’“Τi—Φjκ,10Ξ‘γ,‘εw¶,{ω‚Ή‚Έ
ή“,©“]Τ“,_ΛΌ,w‰€‰w‘O,281115,•ΊΙ§,_ΛsΌ‹ζ,w‰€Ό’¬‚P’–Ϊ,2022[sanitize]08[sanitize]29,22,“ΉHγ,‚»‚Μ‘Ό,10Ξ‘γ,‘εw¶,{ω‚µ‚½
ή“,©“]Τ“,_ΛΌ,w‰€‰w‘O,281115,•ΊΙ§,_ΛsΌ‹ζ,w‰€Ό’¬‚P’–Ϊ,2022[sanitize]11[sanitize]16,07,’“Τi—Φjκ,’“Τi—Φjκ,30Ξ‘γ,‚»‚Μ‘Ό,{ω‚Ή‚Έ
ή“,©“]Τ“,_ΛΌ,w‰€‰w‘O,281115,•ΊΙ§,_ΛsΌ‹ζ,w‰€Ό’¬‚P’–Ϊ,2022[sanitize]12[sanitize]03,21,‚»‚Μ‘Ό,’“Τi—Φjκ,20Ξ‘γ,‘εw¶,{ω‚Ή‚Έ
ή“,©“]Τ“,_ΛΌ,w‰€‰w‘O,281115,•ΊΙ§,_ΛsΌ‹ζ,w‰€Ό’¬‚P’–Ϊ,2022[sanitize]12[sanitize]05,17,‚»‚Μ‘Ό,’“Τi—Φjκ,20Ξ‘γ,‘εw¶,{ω‚Ή‚Έ
ή“,©“]Τ“,_ΛΌ,w‰€‰w‘O,281115,•ΊΙ§,_ΛsΌ‹ζ,w‰€Ό’¬‚P’–Ϊ,2022[sanitize]12[sanitize]13,11,‚»‚Μ‘Ό,’“Τi—Φjκ,10Ξ‘γ,‘εw¶,{ω‚µ‚½
ή“,©“]Τ“,_ΛΌ,w‰€‰w‘O,281115,•ΊΙ§,_ΛsΌ‹ζ,w‰€Ό’¬‚P’–Ϊ,2022[sanitize]12[sanitize]16,04,‚»‚Μ‘Ό,’“Τi—Φjκ,10Ξ‘γ,’†w¶,{ω‚Ή‚Έ
ή“,©“]Τ“,_ΛΌ,w‰€‰w‘O,281115,•ΊΙ§,_ΛsΌ‹ζ,w‰€Ό’¬‚R’–Ϊ,2022[sanitize]05[sanitize]19,10,‚»‚Μ‘Ό,’“Τi—Φjκ,20Ξ‘γ,‘εw¶,{ω‚µ‚½
ή“,©“]Τ“,_ΛΌ,w‰€‰w‘O,281115,•ΊΙ§,_ΛsΌ‹ζ,w‰€Ό’¬‚V’–Ϊ,2022[sanitize]06[sanitize]24,16,‚SK‚ΔΘγ‹¤“―Z‘ξ,’“Τi—Φjκ,40Ξ‘γ,‚»‚Μ‘Ό,{ω‚µ‚½
ή“,©“]Τ“,_ΛΌ,w‰€‰w‘O,281115,•ΊΙ§,_ΛsΌ‹ζ,w‰€Ό’¬‚W’–Ϊ,2022[sanitize]11[sanitize]02,21,’“Τi—Φjκ,’“Τi—Φjκ,30Ξ‘γ,‚»‚Μ‘Ό,{ω‚Ή‚Έ
ή“,©“]Τ“,_ΛΌ,w‰€‰w‘O,281115,•ΊΙ§,_ΛsΌ‹ζ,w‰€“’¬‚Q’–Ϊ,2022[sanitize]09[sanitize]10,20,’“Τi—Φjκ,’“Τi—Φjκ,10Ξ‘γ,’†w¶,{ω‚Ή‚Έ
ή“,©“]Τ“,_ΛΌ,w‰€‰w‘O,281115,•ΊΙ§,_ΛsΌ‹ζ,w‰€“’¬‚S’–Ϊ,2021[sanitize]12[sanitize]25,10,κΛZ‘ξ,’“Τi—Φjκ,10Ξ‘γ,’†w¶,{ω‚Ή‚Έ
ή“,©“]Τ“,_ΛΌ,w‰€‰w‘O,281115,•ΊΙ§,_ΛsΌ‹ζ,w‰€“’¬‚S’–Ϊ,2022[sanitize]07[sanitize]02,23,‚»‚Μ‘Ό‚ΜZ‘ξi‚RK‚ΔΘ‰Ί‹¤“―Z‘ξ“™j,’“Τi—Φjκ,10Ξ‘γ,‚»‚Μ‘Ό,{ω‚µ‚½
ή“,©“]Τ“,_ΛΌ,w‰€‰w‘O,281115,•ΊΙ§,_ΛsΌ‹ζ,w‰€“’¬‚S’–Ϊ,2022[sanitize]07[sanitize]03,16,‚»‚Μ‘Ό,’“Τi—Φjκ,10Ξ‘γ,‚»‚Μ‘Ό,{ω‚µ‚½
ή“,©“]Τ“,_ΛΌ,w‰€‰w‘O,281115,•ΊΙ§,_ΛsΌ‹ζ,‘OJ“μ’¬‚P’–Ϊ,2022[sanitize]05[sanitize]13,18,‚»‚Μ‘Ό,‚»‚Μ‘Ό,10Ξ‘γ,‚Z¶,{ω‚Ή‚Έ
ή“,©“]Τ“,_ΛΌ,w‰€‰w‘O,281115,•ΊΙ§,_ΛsΌ‹ζ,‘OJ“μ’¬‚P’–Ϊ,2022[sanitize]05[sanitize]27,17,‚»‚Μ‘Ό,’“Τi—Φjκ,10Ξ‘γ,‚Z¶,{ω‚Ή‚Έ
ή“,©“]Τ“,_ΛΌ,w‰€‰w‘O,281115,•ΊΙ§,_ΛsΌ‹ζ,‘OJ“μ’¬‚P’–Ϊ,2022[sanitize]06[sanitize]08,16,‚»‚Μ‘Ό,’“Τi—Φjκ,10Ξ‘γ,‚Z¶,{ω‚Ή‚Έ
ή“,©“]Τ“,_ΛΌ,w‰€‰w‘O,281115,•ΊΙ§,_ΛsΌ‹ζ,‘OJ“μ’¬‚P’–Ϊ,2022[sanitize]06[sanitize]19,10,‚»‚Μ‘Ό,’“Τi—Φjκ,10Ξ‘γ,‚Z¶,{ω‚µ‚½
ή“,©“]Τ“,_ΛΌ,w‰€‰w‘O,281115,•ΊΙ§,_ΛsΌ‹ζ,‘OJ“μ’¬‚P’–Ϊ,2022[sanitize]07[sanitize]09,08,‚»‚Μ‘Ό,’“Τi—Φjκ,20Ξ‘γ,‘εw¶,{ω‚Ή‚Έ
ή“,©“]Τ“,_ΛΌ,w‰€‰w‘O,281115,•ΊΙ§,_ΛsΌ‹ζ,‘OJ“μ’¬‚P’–Ϊ,2022[sanitize]07[sanitize]24,09,‚»‚Μ‘Ό,’“Τi—Φjκ,20Ξ‘γ,‚»‚Μ‘Ό,{ω‚Ή‚Έ
ή“,©“]Τ“,_ΛΌ,w‰€‰w‘O,281115,•ΊΙ§,_ΛsΌ‹ζ,‘OJ“μ’¬‚P’–Ϊ,2022[sanitize]07[sanitize]27,18,‚»‚Μ‘Ό,’“Τi—Φjκ,10Ξ‘γ,‚Z¶,{ω‚µ‚½
ή“,©“]Τ“,_ΛΌ,w‰€‰w‘O,281115,•ΊΙ§,_ΛsΌ‹ζ,‘OJ“μ’¬‚P’–Ϊ,2022[sanitize]08[sanitize]23,12,‚»‚Μ‘Ό,’“Τi—Φjκ,10Ξ‘γ,‚Z¶,{ω‚Ή‚Έ
ή“,©“]Τ“,_ΛΌ,w‰€‰w‘O,281115,•ΊΙ§,_ΛsΌ‹ζ,‘OJ“μ’¬‚P’–Ϊ,2022[sanitize]09[sanitize]29,12,‚»‚Μ‘Ό,’“Τi—Φjκ,30Ξ‘γ,‚»‚Μ‘Ό,{ω‚Ή‚Έ
ή“,©“]Τ“,_ΛΌ,•xm©‚ª‹u,281115,•ΊΙ§,_ΛsΌ‹ζ,‰•”’J’¬•Z,2022[sanitize]10[sanitize]12,10,‚»‚Μ‘Ό‚ΜZ‘ξi‚RK‚ΔΘ‰Ί‹¤“―Z‘ξ“™j,’“Τi—Φjκ,10Ξ‘γ,‘εw¶,{ω‚Ή‚Έ
ή“,©“]Τ“,_ΛΌ,β‰ª,281115,•ΊΙ§,_ΛsΌ‹ζ,β‰ª’¬β‰ª,2022[sanitize]11[sanitize]29,06,“ΉHγ,‚»‚Μ‘Ό,65[sanitize]69Ξ,‚»‚Μ‘Ό,{ω‚Ή‚Έ
ή“,©“]Τ“,_ΛΌ,—L£,281115,•ΊΙ§,_ΛsΌ‹ζ,Ιμ’J’¬—L£,2022[sanitize]03[sanitize]28,19,‚»‚Μ‘Ό‚ΜZ‘ξi‚RK‚ΔΘ‰Ί‹¤“―Z‘ξ“™j,’“Τi—Φjκ,30Ξ‘γ,‚»‚Μ‘Ό,{ω‚Ή‚Έ
ή“,©“]Τ“,_ΛΌ,—L£,281115,•ΊΙ§,_ΛsΌ‹ζ,Ιμ’J’¬—L£,2022[sanitize]05[sanitize]09,18,‚»‚Μ‘Ό‚ΜZ‘ξi‚RK‚ΔΘ‰Ί‹¤“―Z‘ξ“™j,’“Τi—Φjκ,10Ξ–Ά–,¬w¶,{ω‚µ‚½
ή“,©“]Τ“,_ΛΌ,—L£,281115,•ΊΙ§,_ΛsΌ‹ζ,Ιμ’J’¬—L£,2022[sanitize]07[sanitize]14,21,‚»‚Μ‘Ό‚ΜZ‘ξi‚RK‚ΔΘ‰Ί‹¤“―Z‘ξ“™j,’“Τi—Φjκ,20Ξ‘γ,‘εw¶,{ω‚Ή‚Έ
ή“,©“]Τ“,_ΛΌ,—L£,281115,•ΊΙ§,_ΛsΌ‹ζ,Ιμ’J’¬—L£,2022[sanitize]11[sanitize]30,18,’“Τi—Φjκ,’“Τi—Φjκ,10Ξ‘γ,’†w¶,{ω‚Ή‚Έ
ή“,©“]Τ“,_ΛΌ,—L£,281115,•ΊΙ§,_ΛsΌ‹ζ,Ιμ’J’¬—L£,2022[sanitize]12[sanitize]11,19,‚»‚Μ‘Ό,’“Τi—Φjκ,10Ξ‘γ,‘εw¶,{ω‚µ‚½
ή“,©“]Τ“,_ΛΌ,—L£,281115,•ΊΙ§,_ΛsΌ‹ζ,Ιμ’J’¬—L£,2022[sanitize]12[sanitize]15,17,‚SK‚ΔΘγ‹¤“―Z‘ξ,’“Τi—Φjκ,50Ξ‘γ,‚»‚Μ‘Ό,{ω‚Ή‚Έ
ή“,©“]Τ“,_ΛΌ,—L£,281115,•ΊΙ§,_ΛsΌ‹ζ,Ιμ’J’¬a,2021[sanitize]12[sanitize]31,21,‚»‚Μ‘Ό‚ΜZ‘ξi‚RK‚ΔΘ‰Ί‹¤“―Z‘ξ“™j,’“Τi—Φjκ,20Ξ‘γ,‚»‚Μ‘Ό,{ω‚Ή‚Έ
ή“,©“]Τ“,_ΛΌ,—L£,281115,•ΊΙ§,_ΛsΌ‹ζ,Ιμ’J’¬a,2022[sanitize]03[sanitize]07,02,’“Τi—Φjκ,’“Τi—Φjκ,20Ξ‘γ,‚»‚Μ‘Ό,{ω‚Ή‚Έ
ή“,©“]Τ“,_ΛΌ,—L£,281115,•ΊΙ§,_ΛsΌ‹ζ,Ιμ’J’¬a,2022[sanitize]05[sanitize]01,•s–Ύ,‚»‚Μ‘Ό‚ΜZ‘ξi‚RK‚ΔΘ‰Ί‹¤“―Z‘ξ“™j,’“Τi—Φjκ,20Ξ‘γ,‚»‚Μ‘Ό,{ω‚Ή‚Έ
ή“,©“]Τ“,_ΛΌ,—L£,281115,•ΊΙ§,_ΛsΌ‹ζ,Ιμ’J’¬a,2022[sanitize]10[sanitize]23,14,‚»‚Μ‘Ό‚ΜZ‘ξi‚RK‚ΔΘ‰Ί‹¤“―Z‘ξ“™j,’“Τi—Φjκ,40Ξ‘γ,‚»‚Μ‘Ό,{ω‚Ή‚Έ
ή“,©“]Τ“,_ΛΌ,}‹g,281115,•ΊΙ§,_ΛsΌ‹ζ,}‹g‚P’–Ϊ,2022[sanitize]04[sanitize]29,16,‚SK‚ΔΘγ‹¤“―Z‘ξ,’“Τi—Φjκ,70ΞΘγ,‚»‚Μ‘Ό,{ω‚µ‚½
ή“,©“]Τ“,_ΛΌ,}‹g,281115,•ΊΙ§,_ΛsΌ‹ζ,}‹g‚Q’–Ϊ,2022[sanitize]09[sanitize]10,14,κΛZ‘ξ,‚»‚Μ‘Ό,10Ξ‘γ,’†w¶,{ω‚Ή‚Έ
ή“,©“]Τ“,_ΛΌ,}‹g,281115,•ΊΙ§,_ΛsΌ‹ζ,}‹g‚T’–Ϊ,2022[sanitize]06[sanitize]03,21,‚»‚Μ‘Ό,’“Τi—Φjκ,10Ξ‘γ,‚Z¶,{ω‚Ή‚Έ
ή“,©“]Τ“,_ΛΌ,}‹g,281115,•ΊΙ§,_ΛsΌ‹ζ,}‹g‚T’–Ϊ,2022[sanitize]10[sanitize]01,19,‚»‚Μ‘Ό,’“Τi—Φjκ,10Ξ‘γ,‚Z¶,{ω‚Ή‚Έ
ή“,©“]Τ“,_ΛΌ,}‹g,281115,•ΊΙ§,_ΛsΌ‹ζ,}‹g‚T’–Ϊ,2022[sanitize]11[sanitize]18,18,‚»‚Μ‘Ό,’“Τi—Φjκ,10Ξ‘γ,’†w¶,{ω‚Ή‚Έ
ή“,©“]Τ“,_ΛΌ,}‹g,281115,•ΊΙ§,_ΛsΌ‹ζ,‰¤’Λ‘δ‚P’–Ϊ,2022[sanitize]07[sanitize]30,17,‚»‚Μ‘Ό‚ΜZ‘ξi‚RK‚ΔΘ‰Ί‹¤“―Z‘ξ“™j,’“Τi—Φjκ,70ΞΘγ,‚»‚Μ‘Ό,{ω‚Ή‚Έ
ή“,©“]Τ“,_ΛΌ,}‹g,281115,•ΊΙ§,_ΛsΌ‹ζ,X—F‚P’–Ϊ,2022[sanitize]12[sanitize]23,07,‚»‚Μ‘Ό‚ΜZ‘ξi‚RK‚ΔΘ‰Ί‹¤“―Z‘ξ“™j,’“Τi—Φjκ,20Ξ‘γ,‚»‚Μ‘Ό,{ω‚Ή‚Έ
ή“,©“]Τ“,_ΛΌ,}‹g,281115,•ΊΙ§,_ΛsΌ‹ζ,X—F‚Q’–Ϊ,2022[sanitize]06[sanitize]03,17,‚»‚Μ‘Ό,’“Τi—Φjκ,40Ξ‘γ,‚»‚Μ‘Ό,{ω‚Ή‚Έ
ή“,©“]Τ“,_ΛΌ,}‹g,281115,•ΊΙ§,_ΛsΌ‹ζ,X—F‚Q’–Ϊ,2022[sanitize]08[sanitize]09,14,‚»‚Μ‘Ό,’“Τi—Φjκ,40Ξ‘γ,‚»‚Μ‘Ό,{ω‚µ‚½
ή“,©“]Τ“,_ΛΌ,}‹g,281115,•ΊΙ§,_ΛsΌ‹ζ,X—F‚R’–Ϊ,2022[sanitize]05[sanitize]14,14,‚»‚Μ‘Ό,’“Τi—Φjκ,10Ξ‘γ,’†w¶,{ω‚Ή‚Έ
ή“,©“]Τ“,_ΛΌ,}‹g,281115,•ΊΙ§,_ΛsΌ‹ζ,X—F‚R’–Ϊ,2022[sanitize]07[sanitize]29,02,‚»‚Μ‘Ό,’“Τi—Φjκ,10Ξ‘γ,’†w¶,{ω‚Ή‚Έ
ή“,©“]Τ“,_ΛΌ,}‹g,281115,•ΊΙ§,_ΛsΌ‹ζ,X—F‚R’–Ϊ,2022[sanitize]08[sanitize]02,11,‚»‚Μ‘Ό,’“Τi—Φjκ,10Ξ‘γ,’†w¶,{ω‚Ή‚Έ
ή“,©“]Τ“,_ΛΌ,}‹g,281115,•ΊΙ§,_ΛsΌ‹ζ,X—F‚R’–Ϊ,2022[sanitize]09[sanitize]22,17,‚»‚Μ‘Ό,’“Τi—Φjκ,10Ξ‘γ,’†w¶,{ω‚Ή‚Έ
ή“,©“]Τ“,_ΛΌ,‰h,281115,•ΊΙ§,_ΛsΌ‹ζ,‰•”’J’¬–Ψ’Γ,2021[sanitize]12[sanitize]18,18,‚»‚Μ‘Ό,’“Τi—Φjκ,20Ξ‘γ,‚»‚Μ‘Ό,{ω‚Ή‚Έ
ή“,©“]Τ“,_ΛΌ,‰h,281115,•ΊΙ§,_ΛsΌ‹ζ,‰•”’J’¬–Ψ’Γ,2022[sanitize]10[sanitize]22,08,‚»‚Μ‘Ό,’“Τi—Φjκ,10Ξ‘γ,’†w¶,{ω‚Ή‚Έ
ή“,©“]Τ“,_ΛΌ,‰h,281115,•ΊΙ§,_ΛsΌ‹ζ,‰•”’J’¬–Ψ”¦,2022[sanitize]06[sanitize]04,13,“ΉHγ,‚»‚Μ‘Ό,10Ξ‘γ,’†w¶,{ω‚Ή‚Έ
ή“,©“]Τ“,_ΛΌ,‰h,281115,•ΊΙ§,_ΛsΌ‹ζ,χ‚ª‹u“’¬‚P’–Ϊ,2022[sanitize]12[sanitize]05,08,‚»‚Μ‘Ό,‚»‚Μ‘Ό,40Ξ‘γ,‚»‚Μ‘Ό,{ω‚Ή‚Έ
ή“,©“]Τ“,_ΛΌ,λκ‘δ,281115,•ΊΙ§,_ΛsΌ‹ζ,βο‘δ‚R’–Ϊ,2022[sanitize]05[sanitize]01,00,‚SK‚ΔΘγ‹¤“―Z‘ξ,’“Τi—Φjκ,40Ξ‘γ,‚»‚Μ‘Ό,{ω‚µ‚½
ή“,©“]Τ“,_ΛΌ,λκ‘δ,281115,•ΊΙ§,_ΛsΌ‹ζ,βο‘δ‚T’–Ϊ,2022[sanitize]03[sanitize]08,07,‚»‚Μ‘Ό,’“Τi—Φjκ,10Ξ‘γ,‚Z¶,{ω‚Ή‚Έ
ή“,©“]Τ“,_ΛΌ,λκ‘δ,281115,•ΊΙ§,_ΛsΌ‹ζ,βο‘δ‚T’–Ϊ,2022[sanitize]05[sanitize]11,07,’“Τi—Φjκ,’“Τi—Φjκ,65[sanitize]69Ξ,‚»‚Μ‘Ό,{ω‚Ή‚Έ
ή“,©“]Τ“,_ΛΌ,λκ‘δ,281115,•ΊΙ§,_ΛsΌ‹ζ,βο‘δ‚T’–Ϊ,2022[sanitize]05[sanitize]11,19,’“Τi—Φjκ,’“Τi—Φjκ,10Ξ‘γ,’†w¶,{ω‚Ή‚Έ
ή“,©“]Τ“,_ΛΌ,λκ‘δ,281115,•ΊΙ§,_ΛsΌ‹ζ,βο‘δ‚T’–Ϊ,2022[sanitize]08[sanitize]24,11,‚»‚Μ‘Ό,’“Τi—Φjκ,10Ξ‘γ,‚»‚Μ‘Ό,{ω‚Ή‚Έ
ή“,©“]Τ“,_ΛΌ,λκ‘δ,281115,•ΊΙ§,_ΛsΌ‹ζ,βο‘δ‚T’–Ϊ,2022[sanitize]11[sanitize]14,10,“ΉHγ,‚»‚Μ‘Ό,50Ξ‘γ,‚»‚Μ‘Ό,{ω‚µ‚½
ή“,©“]Τ“,_ΛΌ,λκ‘δ,281115,•ΊΙ§,_ΛsΌ‹ζ,βο‘δ‚T’–Ϊ,2022[sanitize]12[sanitize]20,17,‚»‚Μ‘Ό,’“Τi—Φjκ,10Ξ‘γ,‚Z¶,{ω‚Ή‚Έ
ή“,©“]Τ“,_ΛΌ,‹Κ’Γ,281115,•ΊΙ§,_ΛsΌ‹ζ,}‹g‚S’–Ϊ,2022[sanitize]11[sanitize]09,19,‚SK‚ΔΘγ‹¤“―Z‘ξ,’“Τi—Φjκ,20Ξ‘γ,‚»‚Μ‘Ό,{ω‚Ή‚Έ
ή“,©“]Τ“,_ΛΌ,‹Κ’Γ,281115,•ΊΙ§,_ΛsΌ‹ζ,‹Κ’Γ’¬‹Z,2022[sanitize]03[sanitize]16,17,“ΉHγ,‚»‚Μ‘Ό,20Ξ‘γ,‚»‚Μ‘Ό,{ω‚Ή‚Έ
ή“,©“]Τ“,_ΛΌ,‹Κ’Γ,281115,•ΊΙ§,_ΛsΌ‹ζ,“ρƒc‰®‚P’–Ϊ,2022[sanitize]03[sanitize]16,19,‚»‚Μ‘Ό‚ΜZ‘ξi‚RK‚ΔΘ‰Ί‹¤“―Z‘ξ“™j,’“Τi—Φjκ,40Ξ‘γ,‚»‚Μ‘Ό,{ω‚Ή‚Έ
ή“,©“]Τ“,_ΛΌ,_o,281115,•ΊΙ§,_ΛsΌ‹ζ,_o’¬•σ¨,2022[sanitize]01[sanitize]26,12,κΛZ‘ξ,’“Τi—Φjκ,10Ξ‘γ,‚Z¶,{ω‚Ή‚Έ
ή“,©“]Τ“,_ΛΌ,’|‚Μ‘δ,281115,•ΊΙ§,_ΛsΌ‹ζ,βο‘δ‚Q’–Ϊ,2022[sanitize]08[sanitize]30,14,’“Τi—Φjκ,’“Τi—Φjκ,10Ξ‘γ,¬w¶,{ω‚Ή‚Έ
ή“,©“]Τ“,_ΛΌ,’|‚Μ‘δ,281115,•ΊΙ§,_ΛsΌ‹ζ,”ό‰κ‘½‘δ‚P’–Ϊ,2021[sanitize]12[sanitize]31,13,‚SK‚ΔΘγ‹¤“―Z‘ξ,’“Τi—Φjκ,10Ξ‘γ,‚Z¶,{ω‚Ή‚Έ
ή“,©“]Τ“,_ΛΌ,’|‚Μ‘δ,281115,•ΊΙ§,_ΛsΌ‹ζ,”ό‰κ‘½‘δ‚U’–Ϊ,2022[sanitize]05[sanitize]24,13,‚SK‚ΔΘγ‹¤“―Z‘ξ,’“Τi—Φjκ,10Ξ‘γ,‚Z¶,{ω‚Ή‚Έ
ή“,©“]Τ“,_ΛΌ,’|‚Μ‘δ,281115,•ΊΙ§,_ΛsΌ‹ζ,”ό‰κ‘½‘δ‚U’–Ϊ,2022[sanitize]06[sanitize]18,14,‚SK‚ΔΘγ‹¤“―Z‘ξ,’“Τi—Φjκ,50Ξ‘γ,‚»‚Μ‘Ό,{ω‚Ή‚Έ
ή“,©“]Τ“,_ΛΌ,’|‚Μ‘δ,281115,•ΊΙ§,_ΛsΌ‹ζ,’|‚Μ‘δ‚Q’–Ϊ,2022[sanitize]03[sanitize]11,19,‚SK‚ΔΘγ‹¤“―Z‘ξ,‚»‚Μ‘Ό,20Ξ‘γ,‚»‚Μ‘Ό,{ω‚Ή‚Έ
ή“,©“]Τ“,_ΛΌ,’|‚Μ‘δ,281115,•ΊΙ§,_ΛsΌ‹ζ,’|‚Μ‘δ‚Q’–Ϊ,2022[sanitize]06[sanitize]18,22,‚SK‚ΔΘγ‹¤“―Z‘ξ,’“Τi—Φjκ,30Ξ‘γ,‚»‚Μ‘Ό,{ω‚Ή‚Έ
ή“,©“]Τ“,_ΛΌ,’|‚Μ‘δ,281115,•ΊΙ§,_ΛsΌ‹ζ,’|‚Μ‘δ‚T’–Ϊ,2022[sanitize]09[sanitize]04,17,κΛZ‘ξ,’“Τi—Φjκ,70ΞΘγ,‚»‚Μ‘Ό,{ω‚Ή‚Έ
ή“,©“]Τ“,_ΛΌ,’|‚Μ‘δ,281115,•ΊΙ§,_ΛsΌ‹ζ,’|‚Μ‘δ‚T’–Ϊ,2022[sanitize]09[sanitize]18,16,κΛZ‘ξ,’“Τi—Φjκ,70ΞΘγ,‚»‚Μ‘Ό,{ω‚Ή‚Έ
ή“,©“]Τ“,_ΛΌ,’|‚Μ‘δ,281115,•ΊΙ§,_ΛsΌ‹ζ,’|‚Μ‘δ‚U’–Ϊ,2022[sanitize]06[sanitize]10,18,‚SK‚ΔΘγ‹¤“―Z‘ξ,’“Τi—Φjκ,30Ξ‘γ,‚»‚Μ‘Ό,{ω‚µ‚½
ή“,©“]Τ“,—L”n,γ¬–Ό“c,281093,•ΊΙ§,_Λs–k‹ζ,‹’n‚R’–Ϊ,2022[sanitize]05[sanitize]28,17,κΛZ‘ξ,’“Τi—Φjκ,10Ξ–Ά–,¬w¶,{ω‚Ή‚Έ
ή“,©“]Τ“,—L”n,“‚C,281093,•ΊΙ§,_Λs–k‹ζ,“‚C‘δ‚Q’–Ϊ,2022[sanitize]09[sanitize]22,06,‚»‚Μ‘Ό,’“Τi—Φjκ,50Ξ‘γ,‚»‚Μ‘Ό,{ω‚µ‚½
ή“,©“]Τ“,—L”n,—L–μ,281093,•ΊΙ§,_Λs–k‹ζ,—L–μ’¬—L–μ,2022[sanitize]01[sanitize]15,07,‚»‚Μ‘Ό,’“Τi—Φjκ,10Ξ‘γ,‚Z¶,{ω‚µ‚½
ή“,©“]Τ“,—L”n,—L–μ,281093,•ΊΙ§,_Λs–k‹ζ,—L–μ’¬—L–μ,2022[sanitize]01[sanitize]22,10,‚»‚Μ‘Ό,’“Τi—Φjκ,10Ξ‘γ,‚Z¶,{ω‚Ή‚Έ
ή“,©“]Τ“,—L”n,—L–μ,281093,•ΊΙ§,_Λs–k‹ζ,—L–μ’¬—L–μ,2022[sanitize]05[sanitize]05,09,‚»‚Μ‘Ό,’“Τi—Φjκ,10Ξ‘γ,’†w¶,{ω‚Ή‚Έ
ή“,©“]Τ“,—L”n,—L–μ,281093,•ΊΙ§,_Λs–k‹ζ,—L–μ’¬—L–μ,2022[sanitize]07[sanitize]26,20,‚SK‚ΔΘγ‹¤“―Z‘ξ,’“Τi—Φjκ,30Ξ‘γ,‚»‚Μ‘Ό,{ω‚µ‚½
ή“,©“]Τ“,—L”n,—L–μ,281093,•ΊΙ§,_Λs–k‹ζ,“΅΄‘δ–k’¬‚P’–Ϊ,2022[sanitize]05[sanitize]23,17,‚»‚Μ‘Ό,’“Τi—Φjκ,20Ξ‘γ,‘εw¶,{ω‚Ή‚Έ
ή“,©“]Τ“,—L”n,—L–μ,281093,•ΊΙ§,_Λs–k‹ζ,“΅΄‘δ–k’¬‚P’–Ϊ,2022[sanitize]06[sanitize]12,14,‚»‚Μ‘Ό,’“Τi—Φjκ,20Ξ‘γ,‚»‚Μ‘Ό,{ω‚Ή‚Έ
ή“,©“]Τ“,—L”n,—L–μ,281093,•ΊΙ§,_Λs–k‹ζ,“΅΄‘δ–k’¬‚P’–Ϊ,2022[sanitize]06[sanitize]13,07,‚»‚Μ‘Ό,’“Τi—Φjκ,10Ξ‘γ,‚Z¶,{ω‚µ‚½
ή“,©“]Τ“,—L”n,—L–μ,281093,•ΊΙ§,_Λs–k‹ζ,“΅΄‘δ–k’¬‚P’–Ϊ,2022[sanitize]07[sanitize]31,06,‚»‚Μ‘Ό,’“Τi—Φjκ,20Ξ‘γ,‚»‚Μ‘Ό,{ω‚µ‚½
ή“,©“]Τ“,—L”n,—L–μ,281093,•ΊΙ§,_Λs–k‹ζ,“΅΄‘δ–k’¬‚T’–Ϊ,2021[sanitize]12[sanitize]28,18,‚SK‚ΔΘγ‹¤“―Z‘ξ,’“Τi—Φjκ,10Ξ‘γ,‚Z¶,{ω‚µ‚½
ή“,©“]Τ“,—L”n,—L–μ,281093,•ΊΙ§,_Λs–k‹ζ,“΅΄‘δ–k’¬‚T’–Ϊ,2022[sanitize]04[sanitize]22,15,‚SK‚ΔΘγ‹¤“―Z‘ξ,’“Τi—Φjκ,40Ξ‘γ,‚»‚Μ‘Ό,{ω‚µ‚½
ή“,©“]Τ“,—L”n,—L–μ,281093,•ΊΙ§,_Λs–k‹ζ,“΅΄‘δ–k’¬‚T’–Ϊ,2022[sanitize]06[sanitize]01,17,‚SK‚ΔΘγ‹¤“―Z‘ξ,’“Τi—Φjκ,40Ξ‘γ,‚»‚Μ‘Ό,{ω‚Ή‚Έ
ή“,©“]Τ“,—L”n,—L–μ,281093,•ΊΙ§,_Λs–k‹ζ,“΅΄‘δ–k’¬‚T’–Ϊ,2022[sanitize]10[sanitize]03,10,‚SK‚ΔΘγ‹¤“―Z‘ξ,’“Τi—Φjκ,65[sanitize]69Ξ,‚»‚Μ‘Ό,{ω‚µ‚½
ή“,©“]Τ“,—L”n,—L–μ,281093,•ΊΙ§,_Λs–k‹ζ,“΅΄‘δ–k’¬‚V’–Ϊ,2022[sanitize]08[sanitize]29,18,‚»‚Μ‘Ό,’“Τi—Φjκ,10Ξ‘γ,‚Z¶,{ω‚µ‚½
ή“,©“]Τ“,—L”n,—L–μ,281093,•ΊΙ§,_Λs–k‹ζ,“΅΄‘δ’†’¬‚P’–Ϊ,2022[sanitize]06[sanitize]12,13,‚»‚Μ‘Ό,’“Τi—Φjκ,10Ξ‘γ,‚Z¶,{ω‚Ή‚Έ
ή“,©“]Τ“,—L”n,—L–μ,281093,•ΊΙ§,_Λs–k‹ζ,“΅΄‘δ’†’¬‚P’–Ϊ,2022[sanitize]09[sanitize]28,06,‚»‚Μ‘Ό,’“Τi—Φjκ,10Ξ‘γ,‚Z¶,{ω‚Ή‚Έ
ή“,©“]Τ“,—L”n,¶–μ,281093,•ΊΙ§,_Λs–k‹ζ,“Ήκ’¬‰–“c,2022[sanitize]02[sanitize]07,15,κΛZ‘ξ,’“Τi—Φjκ,70ΞΘγ,‚»‚Μ‘Ό,{ω‚Ή‚Έ
ή“,©“]Τ“,—L”n,“Ήκ,281093,•ΊΙ§,_Λs–k‹ζ,“Ήκ’¬“ϊ‰Ί•”,2021[sanitize]12[sanitize]07,15,‚»‚Μ‘Ό,’“Τi—Φjκ,20Ξ‘γ,‚»‚Μ‘Ό,{ω‚Ή‚Έ
ή“,©“]Τ“,—L”n,“Ήκ,281093,•ΊΙ§,_Λs–k‹ζ,“Ήκ’¬“ϊ‰Ί•”,2022[sanitize]01[sanitize]26,07,‚»‚Μ‘Ό,’“Τi—Φjκ,10Ξ‘γ,‚Z¶,{ω‚Ή‚Έ
ή“,©“]Τ“,—L”n,“Ήκ,281093,•ΊΙ§,_Λs–k‹ζ,“Ήκ’¬“ϊ‰Ί•”,2022[sanitize]03[sanitize]11,07,κΛZ‘ξ,’“Τi—Φjκ,50Ξ‘γ,‚»‚Μ‘Ό,{ω‚µ‚½
ή“,©“]Τ“,—L”n,“Ήκ,281093,•ΊΙ§,_Λs–k‹ζ,“Ήκ’¬“ϊ‰Ί•”,2022[sanitize]11[sanitize]24,16,‚»‚Μ‘Ό,’“Τi—Φjκ,20Ξ‘γ,‘εw¶,{ω‚Ή‚Έ
ή“,©“]Τ“,—L”n,’·”φ,281093,•ΊΙ§,_Λs–k‹ζ,­‚Μq‘δ“μ’¬‚P’–Ϊ,2022[sanitize]11[sanitize]28,18,‚SK‚ΔΘγ‹¤“―Z‘ξ,’“Τi—Φjκ,65[sanitize]69Ξ,‚»‚Μ‘Ό,{ω‚Ή‚Έ
ή“,©“]Τ“,—L”n,’·”φ,281093,•ΊΙ§,_Λs–k‹ζ,­‚Μq‘δ“μ’¬‚P’–Ϊ,2022[sanitize]12[sanitize]08,12,‚SK‚ΔΘγ‹¤“―Z‘ξ,’“Τi—Φjκ,10Ξ‘γ,‚Z¶,{ω‚µ‚½
ή“,©“]Τ“,—L”n,’·”φ,281093,•ΊΙ§,_Λs–k‹ζ,­‚Μq‘δ“μ’¬‚U’–Ϊ,2022[sanitize]02[sanitize]03,19,‚SK‚ΔΘγ‹¤“―Z‘ξ,’“Τi—Φjκ,10Ξ‘γ,’†w¶,{ω‚µ‚½
ή“,©“]Τ“,—L”n,’·”φ,281093,•ΊΙ§,_Λs–k‹ζ,γ’Γ‘δ‚V’–Ϊ,2022[sanitize]06[sanitize]26,11,‚»‚Μ‘Ό,’“Τi—Φjκ,20Ξ‘γ,‘εw¶,{ω‚µ‚½
ή“,©“]Τ“,—L”n,’·”φ,281093,•ΊΙ§,_Λs–k‹ζ,γ’Γ‘δ‚W’–Ϊ,2022[sanitize]04[sanitize]05,11,‚»‚Μ‘Ό,’“Τi—Φjκ,10Ξ‘γ,‚Z¶,{ω‚Ή‚Έ
ή“,©“]Τ“,—L”n,’·”φ,281093,•ΊΙ§,_Λs–k‹ζ,γ’Γ‘δ‚W’–Ϊ,2022[sanitize]07[sanitize]20,07,‚»‚Μ‘Ό,’“Τi—Φjκ,10Ξ‘γ,‘εw¶,{ω‚Ή‚Έ
ή“,©“]Τ“,_Λ–k,‚Π‚ζ‚Η‚θ‘δ,281093,•ΊΙ§,_Λs–k‹ζ,‚µ‚ ‚ν‚Ή‚Μ‘Ί,2022[sanitize]05[sanitize]03,18,‚»‚Μ‘Ό,‚»‚Μ‘Ό,30Ξ‘γ,‚»‚Μ‘Ό,{ω‚Ή‚Έ
ή“,©“]Τ“,_Λ–k,ά—t,281093,•ΊΙ§,_Λs–k‹ζ,“μά—t‚P’–Ϊ,2022[sanitize]03[sanitize]23,16,“ΉHγ,‚»‚Μ‘Ό,10Ξ‘γ,’†w¶,{ω‚Ή‚Έ
ή“,©“]Τ“,_Λ–k,ά—t,281093,•ΊΙ§,_Λs–k‹ζ,“μά—t‚Q’–Ϊ,2022[sanitize]07[sanitize]04,06,‚SK‚ΔΘγ‹¤“―Z‘ξ,’“Τi—Φjκ,20Ξ‘γ,‚»‚Μ‘Ό,{ω‚Ή‚Έ
ή“,©“]Τ“,_Λ–k,ά—t,281093,•ΊΙ§,_Λs–k‹ζ,“μά—t‚S’–Ϊ,2022[sanitize]03[sanitize]17,17,κΛZ‘ξ,’“Τi—Φjκ,50Ξ‘γ,‚»‚Μ‘Ό,{ω‚µ‚½
ή“,©“]Τ“,_Λ–k,R‚ΜX,281093,•ΊΙ§,_Λs–k‹ζ,—Ξ’¬‚V’–Ϊ,2022[sanitize]11[sanitize]19,06,’“Τi—Φjκ,’“Τi—Φjκ,10Ξ‘γ,‚Z¶,{ω‚Ή‚Έ
ή“,©“]Τ“,_Λ–k,L—Λ,281093,•ΊΙ§,_Λs–k‹ζ,¬‘q‘δ‚P’–Ϊ,2022[sanitize]11[sanitize]25,17,‚»‚Μ‘Ό,‚»‚Μ‘Ό,10Ξ–Ά–,¬w¶,{ω‚Ή‚Έ
ή“,©“]Τ“,_Λ–k,“ϊ‚Μ•τ,281093,•ΊΙ§,_Λs–k‹ζ,—Ξ’¬‚P’–Ϊ,2022[sanitize]10[sanitize]03,07,‚»‚Μ‘Ό,’“Τi—Φjκ,10Ξ‘γ,‚Z¶,{ω‚Ή‚Έ
ή“,©“]Τ“,_Λ–k,’Jγ‰w‘O,281093,•ΊΙ§,_Λs–k‹ζ,Ό‚ª}’¬‚R’–Ϊ,2022[sanitize]11[sanitize]25,08,’“Τi—Φjκ,’“Τi—Φjκ,30Ξ‘γ,‚»‚Μ‘Ό,{ω‚µ‚½
ή“,©“]Τ“,_Λ–k,’Jγ‰w‘O,281093,•ΊΙ§,_Λs–k‹ζ,’JγΌ’¬,2022[sanitize]11[sanitize]05,21,‚SK‚ΔΘγ‹¤“―Z‘ξ,’“Τi—Φjκ,30Ξ‘γ,‚»‚Μ‘Ό,{ω‚Ή‚Έ
ή“,©“]Τ“,_Λ–k,—ι—–‘δ,281093,•ΊΙ§,_Λs–k‹ζ,’†—Ά’¬‚P’–Ϊ,2022[sanitize]04[sanitize]30,12,“ΉHγ,‚»‚Μ‘Ό,10Ξ–Ά–,¬w¶,{ω‚Ή‚Έ
ή“,©“]Τ“,°‰®,‹{μ,282065,•ΊΙ§,°‰®s,‘Εo¬’Ζ’¬,2022[sanitize]08[sanitize]05,06,‚»‚Μ‘Ό,‚»‚Μ‘Ό,70ΞΘγ,‚»‚Μ‘Ό,{ω‚µ‚½
ή“,©“]Τ“,°‰®,‹{μ,282065,•ΊΙ§,°‰®s,‘Εo¬’Ζ’¬,2022[sanitize]11[sanitize]19,07,“ΉHγ,‚»‚Μ‘Ό,10Ξ‘γ,‚Z¶,{ω‚Ή‚Έ
ή“,©“]Τ“,°‰®,‹{μ,282065,•ΊΙ§,°‰®s,γ‹{μ’¬,2022[sanitize]07[sanitize]23,09,’“Τi—Φjκ,’“Τi—Φjκ,10Ξ‘γ,‚Z¶,{ω‚Ή‚Έ
ή“,©“]Τ“,°‰®,‹{μ,282065,•ΊΙ§,°‰®s,γ‹{μ’¬,2022[sanitize]07[sanitize]27,20,‚SK‚ΔΘγ‹¤“―Z‘ξ,’“Τi—Φjκ,10Ξ‘γ,‚Z¶,{ω‚Ή‚Έ
ή“,©“]Τ“,°‰®,‹{μ,282065,•ΊΙ§,°‰®s,γ‹{μ’¬,2022[sanitize]09[sanitize]09,08,’“Τi—Φjκ,’“Τi—Φjκ,10Ξ‘γ,‘εw¶,{ω‚µ‚½
ή“,©“]Τ“,°‰®,‹{μ,282065,•ΊΙ§,°‰®s,γ‹{μ’¬,2022[sanitize]10[sanitize]07,17,‚SK‚ΔΘγ‹¤“―Z‘ξ,’“Τi—Φjκ,60[sanitize]64Ξ,‚»‚Μ‘Ό,{ω‚µ‚½
ή“,©“]Τ“,°‰®,‹{μ,282065,•ΊΙ§,°‰®s,γ‹{μ’¬,2022[sanitize]11[sanitize]09,07,’“Τi—Φjκ,’“Τi—Φjκ,30Ξ‘γ,‚»‚Μ‘Ό,{ω‚Ή‚Έ
ή“,©“]Τ“,°‰®,‹{μ,282065,•ΊΙ§,°‰®s,‹{μ’¬,2022[sanitize]11[sanitize]05,18,κΛZ‘ξ,’“Τi—Φjκ,10Ξ‘γ,’†w¶,{ω‚µ‚½
ή“,©“]Τ“,°‰®,‹{μ,282065,•ΊΙ§,°‰®s,‹{’Λ’¬,2022[sanitize]08[sanitize]01,07,‚»‚Μ‘Ό‚ΜZ‘ξi‚RK‚ΔΘ‰Ί‹¤“―Z‘ξ“™j,’“Τi—Φjκ,20Ξ‘γ,‚»‚Μ‘Ό,{ω‚Ή‚Έ
ή“,©“]Τ“,°‰®,‹{μ,282065,•ΊΙ§,°‰®s,t“ϊ’¬,2022[sanitize]03[sanitize]19,08,‚»‚Μ‘Ό,’“Τi—Φjκ,10Ξ‘γ,‘εw¶,{ω‚Ή‚Έ
ή“,©“]Τ“,°‰®,‹{μ,282065,•ΊΙ§,°‰®s,t“ϊ’¬,2022[sanitize]04[sanitize]30,09,‚»‚Μ‘Ό,’“Τi—Φjκ,10Ξ‘γ,’†w¶,{ω‚µ‚½
ή“,©“]Τ“,°‰®,‹{μ,282065,•ΊΙ§,°‰®s,t“ϊ’¬,2022[sanitize]07[sanitize]10,07,’“Τi—Φjκ,’“Τi—Φjκ,20Ξ‘γ,‚»‚Μ‘Ό,{ω‚µ‚½
ή“,©“]Τ“,°‰®,‹{μ,282065,•ΊΙ§,°‰®s,t“ϊ’¬,2022[sanitize]07[sanitize]10,07,’“Τi—Φjκ,’“Τi—Φjκ,20Ξ‘γ,‚»‚Μ‘Ό,{ω‚µ‚½
ή“,©“]Τ“,°‰®,‹{μ,282065,•ΊΙ§,°‰®s,t“ϊ’¬,2022[sanitize]07[sanitize]10,07,’“Τi—Φjκ,’“Τi—Φjκ,20Ξ‘γ,‚»‚Μ‘Ό,{ω‚µ‚½
ή“,©“]Τ“,°‰®,‹{μ,282065,•ΊΙ§,°‰®s,t“ϊ’¬,2022[sanitize]07[sanitize]18,10,“ΉHγ,‚»‚Μ‘Ό,20Ξ‘γ,‚»‚Μ‘Ό,{ω‚Ή‚Έ
ή“,©“]Τ“,°‰®,R°‰®,282065,•ΊΙ§,°‰®s,α’¬,2022[sanitize]01[sanitize]25,10,“ΉHγ,‚»‚Μ‘Ό,30Ξ‘γ,‚»‚Μ‘Ό,{ω‚µ‚½
ή“,©“]Τ“,°‰®,R°‰®,282065,•ΊΙ§,°‰®s,α’¬,2022[sanitize]06[sanitize]17,20,‚»‚Μ‘Ό‚ΜZ‘ξi‚RK‚ΔΘ‰Ί‹¤“―Z‘ξ“™j,‚»‚Μ‘Ό,20Ξ‘γ,‚»‚Μ‘Ό,{ω‚µ‚½
ή“,©“]Τ“,°‰®,R°‰®,282065,•ΊΙ§,°‰®s,Ό°‰®’¬,2022[sanitize]09[sanitize]06,20,κΛZ‘ξ,’“Τi—Φjκ,70ΞΘγ,‚»‚Μ‘Ό,{ω‚µ‚½
ή“,©“]Τ“,°‰®,R°‰®,282065,•ΊΙ§,°‰®s,ΌR’¬,2022[sanitize]01[sanitize]15,11,‚»‚Μ‘Ό,’“Τi—Φjκ,10Ξ‘γ,‚Z¶,{ω‚µ‚½
ή“,©“]Τ“,°‰®,‘Εo,282065,•ΊΙ§,°‰®s,‘ε“’¬,2022[sanitize]06[sanitize]01,17,‚»‚Μ‘Ό,’“Τi—Φjκ,40Ξ‘γ,‚»‚Μ‘Ό,{ω‚Ή‚Έ
ή“,©“]Τ“,°‰®,‘Εo,282065,•ΊΙ§,°‰®s,‘ε“’¬,2022[sanitize]09[sanitize]21,15,’“Τi—Φjκ,’“Τi—Φjκ,70ΞΘγ,‚»‚Μ‘Ό,{ω‚µ‚½
ή“,©“]Τ“,°‰®,‘Εo,282065,•ΊΙ§,°‰®s,‘ε“’¬,2022[sanitize]11[sanitize]17,16,’“Τi—Φjκ,’“Τi—Φjκ,10Ξ‘γ,’†w¶,{ω‚Ή‚Έ
ή“,©“]Τ“,°‰®,‘Εo,282065,•ΊΙ§,°‰®s,“μ‹{’¬,2022[sanitize]09[sanitize]30,17,’“Τi—Φjκ,’“Τi—Φjκ,10Ξ‘γ,’†w¶,{ω‚Ή‚Έ
ή“,©“]Τ“,°‰®,‘Εo,282065,•ΊΙ§,°‰®s,Ό‘ ’¬,2022[sanitize]11[sanitize]24,15,‚SK‚ΔΘγ‹¤“―Z‘ξ,’“Τi—Φjκ,70ΞΘγ,‚»‚Μ‘Ό,{ω‚µ‚½
ή“,©“]Τ“,°‰®,‘Εo,282065,•ΊΙ§,°‰®s,•l’¬,2022[sanitize]06[sanitize]01,18,“ΉHγ,‚»‚Μ‘Ό,60[sanitize]64Ξ,‚»‚Μ‘Ό,{ω‚Ή‚Έ
ή“,©“]Τ“,°‰®,‘Εo,282065,•ΊΙ§,°‰®s,•l’¬,2022[sanitize]09[sanitize]20,00,’“Τi—Φjκ,’“Τi—Φjκ,65[sanitize]69Ξ,‚»‚Μ‘Ό,{ω‚µ‚½
ή“,©“]Τ“,°‰®,‘Εo,282065,•ΊΙ§,°‰®s,α‹{’¬,2022[sanitize]05[sanitize]14,21,‚SK‚ΔΘγ‹¤“―Z‘ξ,’“Τi—Φjκ,10Ξ–Ά–,¬w¶,{ω‚Ή‚Έ
ή“,©“]Τ“,°‰®,‹Ζ•½‹΄,282065,•ΊΙ§,°‰®s,‘ε–‘’¬,2022[sanitize]10[sanitize]08,08,“ΉHγ,‚»‚Μ‘Ό,40Ξ‘γ,‚»‚Μ‘Ό,{ω‚Ή‚Έ
ή“,©“]Τ“,°‰®,‹Ζ•½‹΄,282065,•ΊΙ§,°‰®s,μΌ’¬,2022[sanitize]06[sanitize]26,09,‚»‚Μ‘Ό,’“Τi—Φjκ,10Ξ‘γ,’†w¶,{ω‚Ή‚Έ
ή“,©“]Τ“,°‰®,‹Ζ•½‹΄,282065,•ΊΙ§,°‰®s,φυ’¬,2022[sanitize]10[sanitize]05,08,’“Τi—Φjκ,’“Τi—Φjκ,30Ξ‘γ,‚»‚Μ‘Ό,{ω‚µ‚½
ή“,©“]Τ“,°‰®,‹Ζ•½‹΄,282065,•ΊΙ§,°‰®s,Έ“Ή’¬,2022[sanitize]10[sanitize]21,17,‚»‚Μ‘Ό,’“Τi—Φjκ,20Ξ‘γ,‘εw¶,{ω‚Ή‚Έ
ή“,©“]Τ“,°‰®,‹Ζ•½‹΄,282065,•ΊΙ§,°‰®s,Έ“Ή’¬,2022[sanitize]10[sanitize]28,13,’“Τi—Φjκ,’“Τi—Φjκ,30Ξ‘γ,‚»‚Μ‘Ό,{ω‚Ή‚Έ
ή“,©“]Τ“,°‰®,‹Ζ•½‹΄,282065,•ΊΙ§,°‰®s,’Γ’m’¬,2022[sanitize]12[sanitize]04,17,κΛZ‘ξ,’“Τi—Φjκ,30Ξ‘γ,‚»‚Μ‘Ό,{ω‚µ‚½
ή“,©“]Τ“,°‰®,‹Ζ•½‹΄,282065,•ΊΙ§,°‰®s,‹Ζ•½’¬,2022[sanitize]09[sanitize]05,07,‚»‚Μ‘Ό,’“Τi—Φjκ,20Ξ‘γ,‚»‚Μ‘Ό,{ω‚µ‚½
ή“,©“]Τ“,°‰®,‹Ζ•½‹΄,282065,•ΊΙ§,°‰®s,‹Ζ•½’¬,2022[sanitize]09[sanitize]21,18,“ΉHγ,‚»‚Μ‘Ό,65[sanitize]69Ξ,‚»‚Μ‘Ό,{ω‚µ‚½
ή“,©“]Τ“,°‰®,‹Ζ•½‹΄,282065,•ΊΙ§,°‰®s,‹Ζ•½’¬,2022[sanitize]10[sanitize]31,08,‚»‚Μ‘Ό,’“Τi—Φjκ,10Ξ‘γ,‘εw¶,{ω‚µ‚½
ή“,©“]Τ“,°‰®,‹Ζ•½‹΄,282065,•ΊΙ§,°‰®s,‹Ζ•½’¬,2022[sanitize]11[sanitize]17,07,‚»‚Μ‘Ό,’“Τi—Φjκ,20Ξ‘γ,‘εw¶,{ω‚Ή‚Έ
ή“,©“]Τ“,°‰®,‹Ζ•½‹΄,282065,•ΊΙ§,°‰®s,‹Ζ•½’¬,2022[sanitize]12[sanitize]08,06,“ΉHγ,‚»‚Μ‘Ό,10Ξ‘γ,‚Z¶,{ω‚µ‚½
ή“,©“]Τ“,°‰®,‹Ζ•½‹΄,282065,•ΊΙ§,°‰®s,‘O“c’¬,2022[sanitize]04[sanitize]16,18,κΛZ‘ξ,’“Τi—Φjκ,10Ξ‘γ,‚Z¶,{ω‚Ή‚Έ
ή“,©“]Τ“,°‰®,‹Ζ•½‹΄,282065,•ΊΙ§,°‰®s,C—m’¬,2022[sanitize]09[sanitize]18,14,’“Τi—Φjκ,’“Τi—Φjκ,10Ξ‘γ,‘εw¶,{ω‚Ή‚Έ
ή“,©“]Τ“,°‰®,•l°‰®,282065,•ΊΙ§,°‰®s,Ι¨’¬,2022[sanitize]12[sanitize]18,18,‚SK‚ΔΘγ‹¤“―Z‘ξ,’“Τi—Φjκ,40Ξ‘γ,‚»‚Μ‘Ό,{ω‚Ή‚Έ
ή“,©“]Τ“,°‰®,•l°‰®,282065,•ΊΙ§,°‰®s,ΰμ’¬,2022[sanitize]06[sanitize]09,19,‚»‚Μ‘Ό,‚»‚Μ‘Ό,10Ξ‘γ,’†w¶,{ω‚Ή‚Έ
ή“,©“]Τ“,°‰®,•l°‰®,282065,•ΊΙ§,°‰®s,ΰμ’¬,2022[sanitize]08[sanitize]18,08,’“Τi—Φjκ,’“Τi—Φjκ,40Ξ‘γ,‚»‚Μ‘Ό,{ω‚Ή‚Έ
ή“,©“]Τ“,°‰®,•l°‰®,282065,•ΊΙ§,°‰®s,ΰμ’¬,2022[sanitize]08[sanitize]28,17,κΛZ‘ξ,‚»‚Μ‘Ό,10Ξ‘γ,¬w¶,{ω‚Ή‚Έ
ή“,©“]Τ“,°‰®,•l°‰®,282065,•ΊΙ§,°‰®s,•l°‰®’¬,2022[sanitize]11[sanitize]09,04,‚»‚Μ‘Ό,’“Τi—Φjκ,20Ξ‘γ,‚»‚Μ‘Ό,{ω‚µ‚½
ή“,©“]Τ“,°‰®,•l°‰®,282065,•ΊΙ§,°‰®s,Ό•l’¬,2022[sanitize]05[sanitize]03,19,‚SK‚ΔΘγ‹¤“―Z‘ξ,’“Τi—Φjκ,20Ξ‘γ,‚»‚Μ‘Ό,{ω‚µ‚½
ή“,©“]Τ“,°‰®,•l°‰®,282065,•ΊΙ§,°‰®s,Ό•l’¬,2022[sanitize]08[sanitize]07,23,‚»‚Μ‘Ό‚ΜZ‘ξi‚RK‚ΔΘ‰Ί‹¤“―Z‘ξ“™j,’“Τi—Φjκ,30Ξ‘γ,‚»‚Μ‘Ό,{ω‚Ή‚Έ
ή“,©“]Τ“,°‰®,°‰®‰w‘O,282065,•ΊΙ§,°‰®s,‘ε΄’¬,2022[sanitize]02[sanitize]26,10,‚»‚Μ‘Ό,’“Τi—Φjκ,50Ξ‘γ,‚»‚Μ‘Ό,{ω‚µ‚½
ή“,©“]Τ“,°‰®,°‰®‰w‘O,282065,•ΊΙ§,°‰®s,‘ε΄’¬,2022[sanitize]06[sanitize]08,05,‚»‚Μ‘Ό,’“Τi—Φjκ,20Ξ‘γ,‚»‚Μ‘Ό,{ω‚Ή‚Έ
ή“,©“]Τ“,°‰®,°‰®‰w‘O,282065,•ΊΙ§,°‰®s,‘ε΄’¬,2022[sanitize]08[sanitize]26,22,“ΉHγ,‚»‚Μ‘Ό,20Ξ‘γ,‚»‚Μ‘Ό,{ω‚µ‚½
ή“,©“]Τ“,°‰®,°‰®‰w‘O,282065,•ΊΙ§,°‰®s,‘ε΄’¬,2022[sanitize]09[sanitize]26,14,‚»‚Μ‘Ό,’“Τi—Φjκ,60[sanitize]64Ξ,‚»‚Μ‘Ό,{ω‚Ή‚Έ
ή“,©“]Τ“,°‰®,°‰®‰w‘O,282065,•ΊΙ§,°‰®s,‘ε΄’¬,2022[sanitize]11[sanitize]05,17,‚»‚Μ‘Ό,’“Τi—Φjκ,40Ξ‘γ,‚»‚Μ‘Ό,{ω‚µ‚½
ή“,©“]Τ“,°‰®,°‰®‰w‘O,282065,•ΊΙ§,°‰®s,e‰¤’Λ’¬,2022[sanitize]08[sanitize]04,22,‚SK‚ΔΘγ‹¤“―Z‘ξ,’“Τi—Φjκ,70ΞΘγ,‚»‚Μ‘Ό,{ω‚µ‚½
ή“,©“]Τ“,°‰®,°‰®‰w‘O,282065,•ΊΙ§,°‰®s,‘DΛ’¬,2022[sanitize]10[sanitize]13,17,’“Τi—Φjκ,’“Τi—Φjκ,10Ξ‘γ,‚Z¶,{ω‚Ή‚Έ
ή“,©“]Τ“,°‰®,‚•l,282065,•ΊΙ§,°‰®s,‚•l’¬,2022[sanitize]03[sanitize]28,22,‚SK‚ΔΘγ‹¤“―Z‘ξ,’“Τi—Φjκ,10Ξ‘γ,‚Z¶,{ω‚Ή‚Έ
ή“,©“]Τ“,°‰®,‚•l,282065,•ΊΙ§,°‰®s,‚•l’¬,2022[sanitize]05[sanitize]03,19,‚SK‚ΔΘγ‹¤“―Z‘ξ,’“Τi—Φjκ,10Ξ‘γ,‚Z¶,{ω‚Ή‚Έ
ή“,©“]Τ“,°‰®,‚•l,282065,•ΊΙ§,°‰®s,‚•l’¬,2022[sanitize]06[sanitize]15,08,‚SK‚ΔΘγ‹¤“―Z‘ξ,’“Τi—Φjκ,10Ξ‘γ,¬w¶,{ω‚Ή‚Έ
ή“,©“]Τ“,°‰®,‚•l,282065,•ΊΙ§,°‰®s,‚•l’¬,2022[sanitize]11[sanitize]13,09,’“Τi—Φjκ,’“Τi—Φjκ,30Ξ‘γ,‚»‚Μ‘Ό,{ω‚Ή‚Έ
ή“,©“]Τ“,°‰®,‚•l,282065,•ΊΙ§,°‰®s,‚•l’¬,2022[sanitize]12[sanitize]17,09,’“Τi—Φjκ,’“Τi—Φjκ,10Ξ–Ά–,¬w¶,{ω‚Ή‚Έ
ή“,©“]Τ“,°‰®,‚•l,282065,•ΊΙ§,°‰®s,—Ξ’¬,2022[sanitize]03[sanitize]22,13,“ΉHγ,‚»‚Μ‘Ό,10Ξ‘γ,‚Z¶,{ω‚µ‚½
ή“,©“]Τ“,°‰®,‚•l,282065,•ΊΙ§,°‰®s,—Ξ’¬,2022[sanitize]07[sanitize]17,18,‚SK‚ΔΘγ‹¤“―Z‘ξ,’“Τi—Φjκ,60[sanitize]64Ξ,‚»‚Μ‘Ό,{ω‚Ή‚Έ
ή“,©“]Τ“,°‰®,‚•l,282065,•ΊΙ§,°‰®s,α—t’¬,2022[sanitize]04[sanitize]09,17,‚SK‚ΔΘγ‹¤“―Z‘ξ,’“Τi—Φjκ,30Ξ‘γ,‚»‚Μ‘Ό,{ω‚µ‚½
ή“,©“]Τ“,°‰®,‚•l,282065,•ΊΙ§,°‰®s,α—t’¬,2022[sanitize]04[sanitize]30,19,‚SK‚ΔΘγ‹¤“―Z‘ξ,’“Τi—Φjκ,30Ξ‘γ,‚»‚Μ‘Ό,{ω‚µ‚½
ή“,©“]Τ“,°‰®,‚•l,282065,•ΊΙ§,°‰®s,C—m’¬,2022[sanitize]06[sanitize]11,16,‚»‚Μ‘Ό,’“Τi—Φjκ,40Ξ‘γ,‚»‚Μ‘Ό,{ω‚Ή‚Έ
ή“,©“]Τ“,°‰®,‚•l,282065,•ΊΙ§,°‰®s,C—m’¬,2022[sanitize]07[sanitize]24,19,‚»‚Μ‘Ό,’“Τi—Φjκ,20Ξ‘γ,‘εw¶,{ω‚µ‚½
ή“,©“]Τ“,°‰®,‚•l,282065,•ΊΙ§,°‰®s,C—m’¬,2022[sanitize]10[sanitize]21,20,’“Τi—Φjκ,’“Τi—Φjκ,40Ξ‘γ,‚»‚Μ‘Ό,{ω‚µ‚½
ή“,©“]Τ“,°‰®,‚•l,282065,•ΊΙ§,°‰®s,C—m’¬,2022[sanitize]11[sanitize]07,16,‚»‚Μ‘Ό,’“Τi—Φjκ,10Ξ‘γ,¬w¶,{ω‚Ή‚Έ
ή“,©“]Τ“,°‰®,‚•l,282065,•ΊΙ§,°‰®s,“μ•l’¬,2022[sanitize]08[sanitize]02,17,‚»‚Μ‘Ό,‚»‚Μ‘Ό,20Ξ‘γ,‚»‚Μ‘Ό,{ω‚Ή‚Έ
ή“,©“]Τ“,°‰®,‚•l,282065,•ΊΙ§,°‰®s,—zυ’¬,2022[sanitize]03[sanitize]21,17,‚SK‚ΔΘγ‹¤“―Z‘ξ,’“Τi—Φjκ,10Ξ‘γ,‚Z¶,{ω‚Ή‚Έ
ή“,©“]Τ“,°‰®,‚•l,282065,•ΊΙ§,°‰®s,—zυ’¬,2022[sanitize]03[sanitize]23,20,‚SK‚ΔΘγ‹¤“―Z‘ξ,’“Τi—Φjκ,10Ξ‘γ,’†w¶,{ω‚Ή‚Έ
ή“,©“]Τ“,°‰®,‚•l,282065,•ΊΙ§,°‰®s,—zυ’¬,2022[sanitize]03[sanitize]23,21,‚SK‚ΔΘγ‹¤“―Z‘ξ,’“Τi—Φjκ,10Ξ‘γ,‚Z¶,{ω‚Ή‚Έ
ή“,©“]Τ“,°‰®,‚•l,282065,•ΊΙ§,°‰®s,—zυ’¬,2022[sanitize]04[sanitize]02,10,‚»‚Μ‘Ό,’“Τi—Φjκ,10Ξ‘γ,’†w¶,{ω‚µ‚½
ή“,©“]Τ“,°‰®,‚•l,282065,•ΊΙ§,°‰®s,—zυ’¬,2022[sanitize]05[sanitize]09,10,‚SK‚ΔΘγ‹¤“―Z‘ξ,’“Τi—Φjκ,70ΞΘγ,‚»‚Μ‘Ό,{ω‚Ή‚Έ
ή“,©“]Τ“,°‰®,‚•l,282065,•ΊΙ§,°‰®s,—zυ’¬,2022[sanitize]10[sanitize]01,06,’“Τi—Φjκ,’“Τi—Φjκ,10Ξ‘γ,‚Z¶,{ω‚µ‚½
ή“,©“]Τ“,°‰®,‚•l,282065,•ΊΙ§,°‰®s,—zυ’¬,2022[sanitize]11[sanitize]27,17,’“Τi—Φjκ,’“Τi—Φjκ,10Ξ‘γ,¬w¶,{ω‚Ή‚Έ
ή“,©“]Τ“,Ό‹{,γƒ–΄,282049,•ΊΙ§,Ό‹{s,γƒP΄κ”Τ’¬,2021[sanitize]12[sanitize]23,17,‚»‚Μ‘Ό,’“Τi—Φjκ,20Ξ‘γ,‘εw¶,{ω‚µ‚½
ή“,©“]Τ“,Ό‹{,γƒ–΄,282049,•ΊΙ§,Ό‹{s,γƒP΄κ”Τ’¬,2022[sanitize]04[sanitize]15,16,‚»‚Μ‘Ό,’“Τi—Φjκ,10Ξ‘γ,‘εw¶,{ω‚Ή‚Έ
ή“,©“]Τ“,Ό‹{,γƒ–΄,282049,•ΊΙ§,Ό‹{s,γƒP΄κ”Τ’¬,2022[sanitize]04[sanitize]20,17,‚»‚Μ‘Ό,’“Τi—Φjκ,10Ξ‘γ,‘εw¶,{ω‚µ‚½
ή“,©“]Τ“,Ό‹{,γƒ–΄,282049,•ΊΙ§,Ό‹{s,γƒP΄κ”Τ’¬,2022[sanitize]04[sanitize]26,10,‚»‚Μ‘Ό,’“Τi—Φjκ,10Ξ‘γ,‘εw¶,{ω‚Ή‚Έ
ή“,©“]Τ“,Ό‹{,γƒ–΄,282049,•ΊΙ§,Ό‹{s,γƒP΄κ”Τ’¬,2022[sanitize]05[sanitize]30,10,‚»‚Μ‘Ό,’“Τi—Φjκ,10Ξ‘γ,‘εw¶,{ω‚µ‚½
ή“,©“]Τ“,Ό‹{,γƒ–΄,282049,•ΊΙ§,Ό‹{s,γƒP΄κ”Τ’¬,2022[sanitize]06[sanitize]01,08,‚»‚Μ‘Ό,’“Τi—Φjκ,20Ξ‘γ,‘εw¶,{ω‚Ή‚Έ
ή“,©“]Τ“,Ό‹{,γƒ–΄,282049,•ΊΙ§,Ό‹{s,γƒP΄κ”Τ’¬,2022[sanitize]06[sanitize]16,08,‚»‚Μ‘Ό,’“Τi—Φjκ,10Ξ‘γ,‘εw¶,{ω‚Ή‚Έ
ή“,©“]Τ“,Ό‹{,γƒ–΄,282049,•ΊΙ§,Ό‹{s,γƒP΄κ”Τ’¬,2022[sanitize]06[sanitize]17,13,‚»‚Μ‘Ό,’“Τi—Φjκ,20Ξ‘γ,‘εw¶,{ω‚Ή‚Έ
ή“,©“]Τ“,Ό‹{,γƒ–΄,282049,•ΊΙ§,Ό‹{s,γƒP΄κ”Τ’¬,2022[sanitize]06[sanitize]22,17,‚»‚Μ‘Ό,’“Τi—Φjκ,10Ξ‘γ,‘εw¶,{ω‚µ‚½
ή“,©“]Τ“,Ό‹{,γƒ–΄,282049,•ΊΙ§,Ό‹{s,γƒP΄κ”Τ’¬,2022[sanitize]07[sanitize]10,00,‚»‚Μ‘Ό,’“Τi—Φjκ,10Ξ‘γ,‘εw¶,{ω‚µ‚½
ή“,©“]Τ“,Ό‹{,γƒ–΄,282049,•ΊΙ§,Ό‹{s,γƒP΄κ”Τ’¬,2022[sanitize]07[sanitize]19,10,‚»‚Μ‘Ό,’“Τi—Φjκ,10Ξ‘γ,‘εw¶,{ω‚µ‚½
ή“,©“]Τ“,Ό‹{,γƒ–΄,282049,•ΊΙ§,Ό‹{s,γƒP΄κ”Τ’¬,2022[sanitize]07[sanitize]19,13,‚»‚Μ‘Ό,’“Τi—Φjκ,10Ξ‘γ,‘εw¶,{ω‚Ή‚Έ
ή“,©“]Τ“,Ό‹{,γƒ–΄,282049,•ΊΙ§,Ό‹{s,γƒP΄κ”Τ’¬,2022[sanitize]07[sanitize]27,10,‚»‚Μ‘Ό,‚»‚Μ‘Ό,20Ξ‘γ,‘εw¶,{ω‚Ή‚Έ
ή“,©“]Τ“,Ό‹{,γƒ–΄,282049,•ΊΙ§,Ό‹{s,γƒP΄κ”Τ’¬,2022[sanitize]08[sanitize]03,08,‚»‚Μ‘Ό,’“Τi—Φjκ,20Ξ‘γ,‘εw¶,{ω‚Ή‚Έ
ή“,©“]Τ“,Ό‹{,γƒ–΄,282049,•ΊΙ§,Ό‹{s,γƒP΄κ”Τ’¬,2022[sanitize]08[sanitize]06,15,‚»‚Μ‘Ό,’“Τi—Φjκ,10Ξ‘γ,‘εw¶,{ω‚µ‚½
ή“,©“]Τ“,Ό‹{,γƒ–΄,282049,•ΊΙ§,Ό‹{s,γƒP΄κ”Τ’¬,2022[sanitize]08[sanitize]26,08,‚»‚Μ‘Ό,’“Τi—Φjκ,10Ξ‘γ,‘εw¶,{ω‚Ή‚Έ
ή“,©“]Τ“,Ό‹{,γƒ–΄,282049,•ΊΙ§,Ό‹{s,γƒP΄κ”Τ’¬,2022[sanitize]09[sanitize]26,08,‚»‚Μ‘Ό,’“Τi—Φjκ,10Ξ‘γ,‘εw¶,{ω‚Ή‚Έ
ή“,©“]Τ“,Ό‹{,γƒ–΄,282049,•ΊΙ§,Ό‹{s,γƒP΄κ”Τ’¬,2022[sanitize]09[sanitize]29,08,‚»‚Μ‘Ό,’“Τi—Φjκ,20Ξ‘γ,‘εw¶,{ω‚µ‚½
ή“,©“]Τ“,Ό‹{,γƒ–΄,282049,•ΊΙ§,Ό‹{s,γƒP΄κ”Τ’¬,2022[sanitize]09[sanitize]30,15,‚»‚Μ‘Ό,’“Τi—Φjκ,20Ξ‘γ,‘εw¶,{ω‚Ή‚Έ
ή“,©“]Τ“,Ό‹{,γƒ–΄,282049,•ΊΙ§,Ό‹{s,γƒP΄κ”Τ’¬,2022[sanitize]10[sanitize]11,15,‚»‚Μ‘Ό,’“Τi—Φjκ,20Ξ‘γ,‘εw¶,{ω‚Ή‚Έ
ή“,©“]Τ“,Ό‹{,γƒ–΄,282049,•ΊΙ§,Ό‹{s,γƒP΄κ”Τ’¬,2022[sanitize]11[sanitize]03,08,‚»‚Μ‘Ό,’“Τi—Φjκ,10Ξ‘γ,‘εw¶,{ω‚Ή‚Έ
ή“,©“]Τ“,Ό‹{,γƒ–΄,282049,•ΊΙ§,Ό‹{s,γƒP΄κ”Τ’¬,2022[sanitize]11[sanitize]16,09,‚»‚Μ‘Ό,’“Τi—Φjκ,10Ξ‘γ,‘εw¶,{ω‚Ή‚Έ
ή“,©“]Τ“,Ό‹{,γƒ–΄,282049,•ΊΙ§,Ό‹{s,γƒP΄κ”Τ’¬,2022[sanitize]11[sanitize]18,12,‚»‚Μ‘Ό,’“Τi—Φjκ,20Ξ‘γ,‘εw¶,{ω‚Ή‚Έ
ή“,©“]Τ“,Ό‹{,γƒ–΄,282049,•ΊΙ§,Ό‹{s,γƒP΄κ”Τ’¬,2022[sanitize]12[sanitize]14,11,‚»‚Μ‘Ό,’“Τi—Φjκ,20Ξ‘γ,‘εw¶,{ω‚Ή‚Έ
ή“,©“]Τ“,Ό‹{,γƒ–΄,282049,•ΊΙ§,Ό‹{s,γƒP΄O”Τ’¬,2022[sanitize]12[sanitize]12,12,‚»‚Μ‘Ό‚ΜZ‘ξi‚RK‚ΔΘ‰Ί‹¤“―Z‘ξ“™j,’“Τi—Φjκ,20Ξ‘γ,‘εw¶,{ω‚µ‚½
ή“,©“]Τ“,Ό‹{,γƒ–΄,282049,•ΊΙ§,Ό‹{s,γƒP΄µ”Τ’¬,2022[sanitize]03[sanitize]24,17,‚SK‚ΔΘγ‹¤“―Z‘ξ,’“Τi—Φjκ,10Ξ‘γ,‚»‚Μ‘Ό,{ω‚µ‚½
ή“,©“]Τ“,Ό‹{,γƒ–΄,282049,•ΊΙ§,Ό‹{s,γƒP΄\”Τ’¬,2022[sanitize]06[sanitize]17,14,‚»‚Μ‘Ό‚ΜZ‘ξi‚RK‚ΔΘ‰Ί‹¤“―Z‘ξ“™j,’“Τi—Φjκ,20Ξ‘γ,‘εw¶,{ω‚Ή‚Έ
ή“,©“]Τ“,Ό‹{,γƒ–΄,282049,•ΊΙ§,Ό‹{s,γƒP΄“ρ”Τ’¬,2022[sanitize]02[sanitize]01,22,‚»‚Μ‘Ό‚ΜZ‘ξi‚RK‚ΔΘ‰Ί‹¤“―Z‘ξ“™j,’“Τi—Φjκ,20Ξ‘γ,‘εw¶,{ω‚Ή‚Έ
ή“,©“]Τ“,Ό‹{,γƒ–΄,282049,•ΊΙ§,Ό‹{s,γƒP΄l”Τ’¬,2022[sanitize]01[sanitize]29,13,‚SK‚ΔΘγ‹¤“―Z‘ξ,’“Τi—Φjκ,40Ξ‘γ,‚»‚Μ‘Ό,{ω‚µ‚½
ή“,©“]Τ“,Ό‹{,γƒ–΄,282049,•ΊΙ§,Ό‹{s,γƒP΄l”Τ’¬,2022[sanitize]07[sanitize]13,03,κΛZ‘ξ,‚»‚Μ‘Ό,20Ξ‘γ,‘εw¶,{ω‚Ή‚Έ
ή“,©“]Τ“,Ό‹{,γƒ–΄,282049,•ΊΙ§,Ό‹{s,mμ•S‡–μ’¬,2022[sanitize]04[sanitize]05,19,‚»‚Μ‘Ό‚ΜZ‘ξi‚RK‚ΔΘ‰Ί‹¤“―Z‘ξ“™j,’“Τi—Φjκ,10Ξ‘γ,‘εw¶,{ω‚Ή‚Έ
ή“,©“]Τ“,Ό‹{,γƒ–΄,282049,•ΊΙ§,Ό‹{s,mμ•S‡–μ’¬,2022[sanitize]05[sanitize]29,10,“ΉHγ,‚»‚Μ‘Ό,10Ξ‘γ,’†w¶,{ω‚Ή‚Έ
ή“,©“]Τ“,Ό‹{,γƒ–΄,282049,•ΊΙ§,Ό‹{s,mμ’¬‚S’–Ϊ,2022[sanitize]02[sanitize]12,22,‚»‚Μ‘Ό‚ΜZ‘ξi‚RK‚ΔΘ‰Ί‹¤“―Z‘ξ“™j,’“Τi—Φjκ,10Ξ‘γ,‘εw¶,{ω‚µ‚½
ή“,©“]Τ“,Ό‹{,γƒ–΄,282049,•ΊΙ§,Ό‹{s,mμ’¬‚U’–Ϊ,2022[sanitize]07[sanitize]31,19,‚»‚Μ‘Ό‚ΜZ‘ξi‚RK‚ΔΘ‰Ί‹¤“―Z‘ξ“™j,‚»‚Μ‘Ό,20Ξ‘γ,‚»‚Μ‘Ό,{ω‚µ‚½
ή“,©“]Τ“,Ό‹{,γƒ–΄,282049,•ΊΙ§,Ό‹{s,mμ’¬‚U’–Ϊ,2022[sanitize]09[sanitize]24,14,“ΉHγ,‚»‚Μ‘Ό,10Ξ‘γ,’†w¶,{ω‚Ή‚Έ
ή“,©“]Τ“,Ό‹{,γ”V’¬,282049,•ΊΙ§,Ό‹{s,r–Ψ’¬,2022[sanitize]01[sanitize]17,12,‚SK‚ΔΘγ‹¤“―Z‘ξ,’“Τi—Φjκ,30Ξ‘γ,‚»‚Μ‘Ό,{ω‚µ‚½
ή“,©“]Τ“,Ό‹{,γ”V’¬,282049,•ΊΙ§,Ό‹{s,‘εX’¬,2022[sanitize]05[sanitize]19,10,‚SK‚ΔΘγ‹¤“―Z‘ξ,‚»‚Μ‘Ό,30Ξ‘γ,‚»‚Μ‘Ό,{ω‚µ‚½
ή“,©“]Τ“,Ό‹{,γ”V’¬,282049,•ΊΙ§,Ό‹{s,γ”V’¬,2022[sanitize]09[sanitize]20,18,‚»‚Μ‘Ό‚ΜZ‘ξi‚RK‚ΔΘ‰Ί‹¤“―Z‘ξ“™j,‚»‚Μ‘Ό,10Ξ‘γ,‘εw¶,{ω‚µ‚½
ή“,©“]Τ“,Ό‹{,γ”V’¬,282049,•ΊΙ§,Ό‹{s,“ϊ–μ’¬,2022[sanitize]06[sanitize]12,19,‚»‚Μ‘Ό‚ΜZ‘ξi‚RK‚ΔΘ‰Ί‹¤“―Z‘ξ“™j,’“Τi—Φjκ,50Ξ‘γ,‚»‚Μ‘Ό,{ω‚Ή‚Έ
ή“,©“]Τ“,Ό‹{,γ”V’¬,282049,•ΊΙ§,Ό‹{s,“ϊ–μ’¬,2022[sanitize]07[sanitize]09,17,‚»‚Μ‘Ό‚ΜZ‘ξi‚RK‚ΔΘ‰Ί‹¤“―Z‘ξ“™j,’“Τi—Φjκ,20Ξ‘γ,‚»‚Μ‘Ό,{ω‚Ή‚Έ
ή“,©“]Τ“,Ό‹{,γ”V’¬,282049,•ΊΙ§,Ό‹{s,–ε‘O’¬,2022[sanitize]03[sanitize]22,15,‚»‚Μ‘Ό‚ΜZ‘ξi‚RK‚ΔΘ‰Ί‹¤“―Z‘ξ“™j,’“Τi—Φjκ,10Ξ‘γ,‘εw¶,{ω‚µ‚½
ή“,©“]Τ“,Ό‹{,γ”V’¬,282049,•ΊΙ§,Ό‹{s,–ε‘O’¬,2022[sanitize]09[sanitize]09,08,“ΉHγ,‚»‚Μ‘Ό,10Ξ‘γ,‘εw¶,{ω‚Ή‚Έ
ή“,©“]Τ“,Ό‹{,γ”V’¬,282049,•ΊΙ§,Ό‹{s,–ε‘O’¬,2022[sanitize]10[sanitize]21,02,‚»‚Μ‘Ό‚ΜZ‘ξi‚RK‚ΔΘ‰Ί‹¤“―Z‘ξ“™j,’“Τi—Φjκ,10Ξ‘γ,‘εw¶,{ω‚Ή‚Έ
ή“,©“]Τ“,Ό‹{,γ”V’¬,282049,•ΊΙ§,Ό‹{s,–ε‘O’¬,2022[sanitize]10[sanitize]29,17,κΛZ‘ξ,‚»‚Μ‘Ό,50Ξ‘γ,‚»‚Μ‘Ό,{ω‚Ή‚Έ
ή“,©“]Τ“,Ό‹{,γ”V’¬,282049,•ΊΙ§,Ό‹{s,–ςt’¬,2022[sanitize]04[sanitize]11,14,‚»‚Μ‘Ό‚ΜZ‘ξi‚RK‚ΔΘ‰Ί‹¤“―Z‘ξ“™j,’“Τi—Φjκ,50Ξ‘γ,‚»‚Μ‘Ό,{ω‚µ‚½
ή“,©“]Τ“,Ό‹{,γ”V’¬,282049,•ΊΙ§,Ό‹{s,–ςt’¬,2022[sanitize]05[sanitize]22,15,‚SK‚ΔΘγ‹¤“―Z‘ξ,’“Τi—Φjκ,10Ξ‘γ,‚Z¶,{ω‚Ή‚Έ
ή“,©“]Τ“,Ό‹{,γ”V’¬,282049,•ΊΙ§,Ό‹{s,–ςt’¬,2022[sanitize]06[sanitize]06,18,“ΉHγ,‚»‚Μ‘Ό,10Ξ‘γ,’†w¶,{ω‚Ή‚Έ
ή“,©“]Τ“,Ό‹{,γ”V’¬,282049,•ΊΙ§,Ό‹{s,–ςt’¬,2022[sanitize]09[sanitize]16,18,‚SK‚ΔΘγ‹¤“―Z‘ξ,’“Τi—Φjκ,10Ξ‘γ,‘εw¶,{ω‚µ‚½
ή“,©“]Τ“,Ό‹{,“ρ©,282049,•ΊΙ§,Ό‹{s,‘ε‰®’¬,2022[sanitize]03[sanitize]29,11,‚SK‚ΔΘγ‹¤“―Z‘ξ,’“Τi—Φjκ,10Ξ‘γ,¬w¶,{ω‚Ή‚Έ
ή“,©“]Τ“,Ό‹{,“ρ©,282049,•ΊΙ§,Ό‹{s,‘ε‰®’¬,2022[sanitize]04[sanitize]24,12,‚»‚Μ‘Ό,’“Τi—Φjκ,10Ξ‘γ,’†w¶,{ω‚Ή‚Έ
ή“,©“]Τ“,Ό‹{,“ρ©,282049,•ΊΙ§,Ό‹{s,‘ε‰®’¬,2022[sanitize]08[sanitize]16,08,‚»‚Μ‘Ό‚ΜZ‘ξi‚RK‚ΔΘ‰Ί‹¤“―Z‘ξ“™j,’“Τi—Φjκ,40Ξ‘γ,‚»‚Μ‘Ό,{ω‚Ή‚Έ
ή“,©“]Τ“,Ό‹{,“ρ©,282049,•ΊΙ§,Ό‹{s,‘ε‰®’¬,2022[sanitize]10[sanitize]01,14,‚»‚Μ‘Ό,’“Τi—Φjκ,10Ξ‘γ,‚Z¶,{ω‚Ή‚Έ
ή“,©“]Τ“,Ό‹{,“ρ©,282049,•ΊΙ§,Ό‹{s,Ά—Ρ’¬,2021[sanitize]12[sanitize]24,06,‚»‚Μ‘Ό‚ΜZ‘ξi‚RK‚ΔΘ‰Ί‹¤“―Z‘ξ“™j,’“Τi—Φjκ,10Ξ‘γ,‚Z¶,{ω‚Ή‚Έ
ή“,©“]Τ“,Ό‹{,“ρ©,282049,•ΊΙ§,Ό‹{s,Ά—Ρ’¬,2022[sanitize]02[sanitize]10,20,‚»‚Μ‘Ό‚ΜZ‘ξi‚RK‚ΔΘ‰Ί‹¤“―Z‘ξ“™j,’“Τi—Φjκ,20Ξ‘γ,‚»‚Μ‘Ό,{ω‚Ή‚Έ
ή“,©“]Τ“,Ό‹{,“ρ©,282049,•ΊΙ§,Ό‹{s,Ά—Ρ’¬,2022[sanitize]04[sanitize]08,18,‚»‚Μ‘Ό‚ΜZ‘ξi‚RK‚ΔΘ‰Ί‹¤“―Z‘ξ“™j,’“Τi—Φjκ,20Ξ‘γ,‚»‚Μ‘Ό,{ω‚Ή‚Έ
ή“,©“]Τ“,Ό‹{,“ρ©,282049,•ΊΙ§,Ό‹{s,Ά—Ρ’¬,2022[sanitize]06[sanitize]24,14,‚»‚Μ‘Ό,’“Τi—Φjκ,50Ξ‘γ,‚»‚Μ‘Ό,{ω‚µ‚½
ή“,©“]Τ“,Ό‹{,“ρ©,282049,•ΊΙ§,Ό‹{s,Ά—Ρ’¬,2022[sanitize]07[sanitize]02,15,‚»‚Μ‘Ό‚ΜZ‘ξi‚RK‚ΔΘ‰Ί‹¤“―Z‘ξ“™j,’“Τi—Φjκ,20Ξ‘γ,‚»‚Μ‘Ό,{ω‚Ή‚Έ
ή“,©“]Τ“,Ό‹{,“ρ©,282049,•ΊΙ§,Ό‹{s,Ά—Ρ’¬,2022[sanitize]10[sanitize]15,01,κΛZ‘ξ,’“Τi—Φjκ,10Ξ‘γ,‚Z¶,{ω‚µ‚½
ή“,©“]Τ“,Ό‹{,“ρ©,282049,•ΊΙ§,Ό‹{s,F–μ’¬,2022[sanitize]05[sanitize]01,22,‚SK‚ΔΘγ‹¤“―Z‘ξ,’“Τi—Φjκ,10Ξ‘γ,‚Z¶,{ω‚Ή‚Έ
ή“,©“]Τ“,Ό‹{,“ρ©,282049,•ΊΙ§,Ό‹{s,F–μ’¬,2022[sanitize]08[sanitize]08,13,‚»‚Μ‘Ό,’“Τi—Φjκ,50Ξ‘γ,‚»‚Μ‘Ό,{ω‚µ‚½
ή“,©“]Τ“,Ό‹{,“ρ©,282049,•ΊΙ§,Ό‹{s,F–μ’¬,2022[sanitize]09[sanitize]13,12,‚»‚Μ‘Ό,’“Τi—Φjκ,60[sanitize]64Ξ,‚»‚Μ‘Ό,{ω‚Ή‚Έ
ή“,©“]Τ“,Ό‹{,“ρ©,282049,•ΊΙ§,Ό‹{s,bq‰€ϋ–k’¬,2022[sanitize]01[sanitize]13,08,’“Τi—Φjκ,’“Τi—Φjκ,10Ξ‘γ,‚Z¶,{ω‚Ή‚Έ
ή“,©“]Τ“,Ό‹{,“ρ©,282049,•ΊΙ§,Ό‹{s,bq‰€ϋ–k’¬,2022[sanitize]02[sanitize]05,08,‚»‚Μ‘Ό,’“Τi—Φjκ,20Ξ‘γ,‚»‚Μ‘Ό,{ω‚Ή‚Έ
ή“,©“]Τ“,Ό‹{,“ρ©,282049,•ΊΙ§,Ό‹{s,bq‰€ϋ–k’¬,2022[sanitize]02[sanitize]21,09,‚»‚Μ‘Ό,’“Τi—Φjκ,50Ξ‘γ,‚»‚Μ‘Ό,{ω‚Ή‚Έ
ή“,©“]Τ“,Ό‹{,“ρ©,282049,•ΊΙ§,Ό‹{s,bq‰€ϋ–k’¬,2022[sanitize]03[sanitize]06,11,’“Τi—Φjκ,’“Τi—Φjκ,10Ξ‘γ,’†w¶,{ω‚µ‚½
ή“,©“]Τ“,Ό‹{,“ρ©,282049,•ΊΙ§,Ό‹{s,bq‰€ϋ–k’¬,2022[sanitize]04[sanitize]04,08,’“Τi—Φjκ,’“Τi—Φjκ,10Ξ‘γ,‘εw¶,{ω‚µ‚½
ή“,©“]Τ“,Ό‹{,“ρ©,282049,•ΊΙ§,Ό‹{s,bq‰€ϋ–k’¬,2022[sanitize]05[sanitize]10,17,κΛZ‘ξ,‚»‚Μ‘Ό,40Ξ‘γ,‚»‚Μ‘Ό,{ω‚Ή‚Έ
ή“,©“]Τ“,Ό‹{,“ρ©,282049,•ΊΙ§,Ό‹{s,bq‰€ϋ–k’¬,2022[sanitize]05[sanitize]18,22,‚SK‚ΔΘγ‹¤“―Z‘ξ,’“Τi—Φjκ,20Ξ‘γ,‘εw¶,{ω‚Ή‚Έ
ή“,©“]Τ“,Ό‹{,“ρ©,282049,•ΊΙ§,Ό‹{s,bq‰€ϋ–k’¬,2022[sanitize]08[sanitize]12,18,‚»‚Μ‘Ό,’“Τi—Φjκ,50Ξ‘γ,‚»‚Μ‘Ό,{ω‚µ‚½
ή“,©“]Τ“,Ό‹{,“ρ©,282049,•ΊΙ§,Ό‹{s,bq‰€ϋ–k’¬,2022[sanitize]08[sanitize]17,18,‚SK‚ΔΘγ‹¤“―Z‘ξ,’“Τi—Φjκ,10Ξ‘γ,’†w¶,{ω‚Ή‚Έ
ή“,©“]Τ“,Ό‹{,“ρ©,282049,•ΊΙ§,Ό‹{s,bq‰€ϋ–k’¬,2022[sanitize]08[sanitize]23,11,‚»‚Μ‘Ό,’“Τi—Φjκ,40Ξ‘γ,‚»‚Μ‘Ό,{ω‚µ‚½
ή“,©“]Τ“,Ό‹{,“ρ©,282049,•ΊΙ§,Ό‹{s,bq‰€ϋ–k’¬,2022[sanitize]08[sanitize]26,08,‚»‚Μ‘Ό,’“Τi—Φjκ,20Ξ‘γ,‚»‚Μ‘Ό,{ω‚µ‚½
ή“,©“]Τ“,Ό‹{,“ρ©,282049,•ΊΙ§,Ό‹{s,bq‰€ϋ–k’¬,2022[sanitize]10[sanitize]07,17,’“Τi—Φjκ,’“Τi—Φjκ,10Ξ‘γ,‚Z¶,{ω‚Ή‚Έ
ή“,©“]Τ“,Ό‹{,“ρ©,282049,•ΊΙ§,Ό‹{s,bq‰€ϋ–k’¬,2022[sanitize]10[sanitize]20,22,‚»‚Μ‘Ό,‚»‚Μ‘Ό,10Ξ‘γ,’†w¶,{ω‚Ή‚Έ
ή“,©“]Τ“,Ό‹{,“ρ©,282049,•ΊΙ§,Ό‹{s,bq‰€ϋ–k’¬,2022[sanitize]10[sanitize]21,08,‚»‚Μ‘Ό,’“Τi—Φjκ,20Ξ‘γ,‚»‚Μ‘Ό,{ω‚µ‚½
ή“,©“]Τ“,Ό‹{,“ρ©,282049,•ΊΙ§,Ό‹{s,bq‰€ϋ–k’¬,2022[sanitize]11[sanitize]14,20,‚»‚Μ‘Ό‚ΜZ‘ξi‚RK‚ΔΘ‰Ί‹¤“―Z‘ξ“™j,’“Τi—Φjκ,20Ξ‘γ,‚»‚Μ‘Ό,{ω‚Ή‚Έ
ή“,©“]Τ“,Ό‹{,“ρ©,282049,•ΊΙ§,Ό‹{s,bq‰€ϋ–k’¬,2022[sanitize]12[sanitize]09,09,‚»‚Μ‘Ό,’“Τi—Φjκ,70ΞΘγ,‚»‚Μ‘Ό,{ω‚µ‚½
ή“,©“]Τ“,Ό‹{,“ρ©,282049,•ΊΙ§,Ό‹{s,bq‰€ϋ–k’¬,2022[sanitize]12[sanitize]25,16,‚»‚Μ‘Ό,’“Τi—Φjκ,10Ξ‘γ,‚»‚Μ‘Ό,{ω‚Ή‚Έ
ή“,©“]Τ“,Ό‹{,“ρ©,282049,•ΊΙ§,Ό‹{s,“V“Ή’¬,2022[sanitize]01[sanitize]05,21,‚»‚Μ‘Ό‚ΜZ‘ξi‚RK‚ΔΘ‰Ί‹¤“―Z‘ξ“™j,’“Τi—Φjκ,20Ξ‘γ,‚»‚Μ‘Ό,{ω‚Ή‚Έ
ή“,©“]Τ“,Ό‹{,“ρ©,282049,•ΊΙ§,Ό‹{s,“V“Ή’¬,2022[sanitize]02[sanitize]04,18,‚SK‚ΔΘγ‹¤“―Z‘ξ,’“Τi—Φjκ,10Ξ‘γ,‚Z¶,{ω‚Ή‚Έ
ή“,©“]Τ“,Ό‹{,“ρ©,282049,•ΊΙ§,Ό‹{s,“V“Ή’¬,2022[sanitize]05[sanitize]15,16,‚SK‚ΔΘγ‹¤“―Z‘ξ,’“Τi—Φjκ,50Ξ‘γ,‚»‚Μ‘Ό,{ω‚µ‚½
ή“,©“]Τ“,Ό‹{,“ρ©,282049,•ΊΙ§,Ό‹{s,“V“Ή’¬,2022[sanitize]07[sanitize]31,19,κΛZ‘ξ,‚»‚Μ‘Ό,10Ξ‘γ,‘εw¶,{ω‚Ή‚Έ
ή“,©“]Τ“,Ό‹{,“ρ©,282049,•ΊΙ§,Ό‹{s,“V“Ή’¬,2022[sanitize]12[sanitize]16,22,κΛZ‘ξ,’“Τi—Φjκ,50Ξ‘γ,‚»‚Μ‘Ό,{ω‚Ή‚Έ
ή“,©“]Τ“,Ό‹{,“ρ©,282049,•ΊΙ§,Ό‹{s,’†“‡’¬,2022[sanitize]05[sanitize]28,18,κΛZ‘ξ,‚»‚Μ‘Ό,70ΞΘγ,‚»‚Μ‘Ό,{ω‚Ή‚Έ
ή“,©“]Τ“,Ό‹{,“ρ©,282049,•ΊΙ§,Ό‹{s,’†“‡’¬,2022[sanitize]07[sanitize]15,17,‚»‚Μ‘Ό‚ΜZ‘ξi‚RK‚ΔΘ‰Ί‹¤“―Z‘ξ“™j,’“Τi—Φjκ,30Ξ‘γ,‚»‚Μ‘Ό,{ω‚Ή‚Έ
ή“,©“]Τ“,Ό‹{,“ρ©,282049,•ΊΙ§,Ό‹{s,’†“‡’¬,2022[sanitize]08[sanitize]23,00,“ΉHγ,‚»‚Μ‘Ό,40Ξ‘γ,‚»‚Μ‘Ό,{ω‚Ή‚Έ
ή“,©“]Τ“,Ό‹{,“ρ©,282049,•ΊΙ§,Ό‹{s,’†“‡’¬,2022[sanitize]08[sanitize]29,23,‚»‚Μ‘Ό‚ΜZ‘ξi‚RK‚ΔΘ‰Ί‹¤“―Z‘ξ“™j,’“Τi—Φjκ,20Ξ‘γ,‚»‚Μ‘Ό,{ω‚µ‚½
ή“,©“]Τ“,Ό‹{,“ρ©,282049,•ΊΙ§,Ό‹{s,’†“‡’¬,2022[sanitize]09[sanitize]26,17,κΛZ‘ξ,’“Τi—Φjκ,40Ξ‘γ,‚»‚Μ‘Ό,{ω‚Ή‚Έ
ή“,©“]Τ“,Ό‹{,“ρ©,282049,•ΊΙ§,Ό‹{s,“ρ©’¬,2022[sanitize]04[sanitize]17,12,‚SK‚ΔΘγ‹¤“―Z‘ξ,’“Τi—Φjκ,40Ξ‘γ,‚»‚Μ‘Ό,{ω‚µ‚½
ή“,©“]Τ“,Ό‹{,“ρ©,282049,•ΊΙ§,Ό‹{s,“ρ©’¬,2022[sanitize]06[sanitize]04,12,‚»‚Μ‘Ό,‚»‚Μ‘Ό,40Ξ‘γ,‚»‚Μ‘Ό,{ω‚Ή‚Έ
ή“,©“]Τ“,Ό‹{,“ρ©,282049,•ΊΙ§,Ό‹{s,“ρ©’¬,2022[sanitize]09[sanitize]08,18,‚»‚Μ‘Ό,’“Τi—Φjκ,50Ξ‘γ,‚»‚Μ‘Ό,{ω‚µ‚½
ή“,©“]Τ“,Ό‹{,“ρ©,282049,•ΊΙ§,Ό‹{s,“ρ©’¬,2022[sanitize]10[sanitize]17,18,“ΉHγ,‚»‚Μ‘Ό,10Ξ‘γ,‚Z¶,{ω‚Ή‚Έ
ή“,©“]Τ“,Ό‹{,“ρ©,282049,•ΊΙ§,Ό‹{s,Ό•ΐ’¬,2022[sanitize]02[sanitize]09,23,‚SK‚ΔΘγ‹¤“―Z‘ξ,’“Τi—Φjκ,30Ξ‘γ,‚»‚Μ‘Ό,{ω‚µ‚½
ή“,©“]Τ“,Ό‹{,“ρ©,282049,•ΊΙ§,Ό‹{s,Ό•ΐ’¬,2022[sanitize]02[sanitize]21,16,‚»‚Μ‘Ό,’“Τi—Φjκ,20Ξ‘γ,‘εw¶,{ω‚Ή‚Έ
ή“,©“]Τ“,Ό‹{,“ρ©,282049,•ΊΙ§,Ό‹{s,Ό•ΐ’¬,2022[sanitize]05[sanitize]19,16,‚SK‚ΔΘγ‹¤“―Z‘ξ,’“Τi—Φjκ,65[sanitize]69Ξ,‚»‚Μ‘Ό,{ω‚µ‚½
ή“,©“]Τ“,Ό‹{,“ρ©,282049,•ΊΙ§,Ό‹{s,Ό•ΐ’¬,2022[sanitize]06[sanitize]22,23,κΛZ‘ξ,‚»‚Μ‘Ό,10Ξ‘γ,‘εw¶,{ω‚Ή‚Έ
ή“,©“]Τ“,Ό‹{,“ρ©,282049,•ΊΙ§,Ό‹{s,Ό•ΐ’¬,2022[sanitize]06[sanitize]26,07,‚SK‚ΔΘγ‹¤“―Z‘ξ,’“Τi—Φjκ,30Ξ‘γ,‚»‚Μ‘Ό,{ω‚µ‚½
ή“,©“]Τ“,Ό‹{,“ρ©,282049,•ΊΙ§,Ό‹{s,Ό•ΐ’¬,2022[sanitize]07[sanitize]18,19,‚SK‚ΔΘγ‹¤“―Z‘ξ,’“Τi—Φjκ,40Ξ‘γ,‚»‚Μ‘Ό,{ω‚Ή‚Έ
ή“,©“]Τ“,Ό‹{,“ρ©,282049,•ΊΙ§,Ό‹{s,Ό•ΐ’¬,2022[sanitize]08[sanitize]26,16,‚SK‚ΔΘγ‹¤“―Z‘ξ,’“Τi—Φjκ,40Ξ‘γ,‚»‚Μ‘Ό,{ω‚µ‚½
ή“,©“]Τ“,Ό‹{,“ρ©,282049,•ΊΙ§,Ό‹{s,Ό•ΐ’¬,2022[sanitize]08[sanitize]28,15,‚SK‚ΔΘγ‹¤“―Z‘ξ,’“Τi—Φjκ,20Ξ‘γ,‚»‚Μ‘Ό,{ω‚µ‚½
ή“,©“]Τ“,Ό‹{,“ρ©,282049,•ΊΙ§,Ό‹{s,Ό•ΐ’¬,2022[sanitize]09[sanitize]23,18,‚SK‚ΔΘγ‹¤“―Z‘ξ,’“Τi—Φjκ,30Ξ‘γ,‚»‚Μ‘Ό,{ω‚Ή‚Έ
ή“,©“]Τ“,Ό‹{,“ρ©,282049,•ΊΙ§,Ό‹{s,Ό•ΐ’¬,2022[sanitize]11[sanitize]12,12,‚SK‚ΔΘγ‹¤“―Z‘ξ,’“Τi—Φjκ,10Ξ‘γ,‘εw¶,{ω‚Ή‚Έ
ή“,©“]Τ“,Ό‹{,“ρ©,282049,•ΊΙ§,Ό‹{s,ΌR’¬,2021[sanitize]12[sanitize]19,18,‚»‚Μ‘Ό,’“Τi—Φjκ,40Ξ‘γ,‚»‚Μ‘Ό,{ω‚Ή‚Έ
ή“,©“]Τ“,Ό‹{,“ρ©,282049,•ΊΙ§,Ό‹{s,ΌR’¬,2022[sanitize]01[sanitize]14,17,‚SK‚ΔΘγ‹¤“―Z‘ξ,’“Τi—Φjκ,10Ξ‘γ,’†w¶,{ω‚µ‚½
ή“,©“]Τ“,Ό‹{,“ρ©,282049,•ΊΙ§,Ό‹{s,ΌR’¬,2022[sanitize]04[sanitize]21,09,‚»‚Μ‘Ό‚ΜZ‘ξi‚RK‚ΔΘ‰Ί‹¤“―Z‘ξ“™j,’“Τi—Φjκ,30Ξ‘γ,‚»‚Μ‘Ό,{ω‚µ‚½
ή“,©“]Τ“,Ό‹{,“ρ©,282049,•ΊΙ§,Ό‹{s,ΌR’¬,2022[sanitize]05[sanitize]07,17,“ΉHγ,‚»‚Μ‘Ό,10Ξ‘γ,‚Z¶,{ω‚Ή‚Έ
ή“,©“]Τ“,Ό‹{,“ρ©,282049,•ΊΙ§,Ό‹{s,ΌR’¬,2022[sanitize]06[sanitize]27,16,‚»‚Μ‘Ό,’“Τi—Φjκ,10Ξ‘γ,‘εw¶,{ω‚µ‚½
ή“,©“]Τ“,Ό‹{,΅’Γ‰w‘O,282049,•ΊΙ§,Ό‹{s,΅’Γ’¬,2022[sanitize]01[sanitize]28,04,κΛZ‘ξ,’“Τi—Φjκ,20Ξ‘γ,‘εw¶,{ω‚Ή‚Έ
ή“,©“]Τ“,Ό‹{,΅’Γ‰w‘O,282049,•ΊΙ§,Ό‹{s,΅’Γ’¬,2022[sanitize]03[sanitize]23,10,‚»‚Μ‘Ό,’“Τi—Φjκ,40Ξ‘γ,‚»‚Μ‘Ό,{ω‚Ή‚Έ
ή“,©“]Τ“,Ό‹{,΅’Γ‰w‘O,282049,•ΊΙ§,Ό‹{s,΅’Γ’¬,2022[sanitize]05[sanitize]09,06,‚»‚Μ‘Ό‚ΜZ‘ξi‚RK‚ΔΘ‰Ί‹¤“―Z‘ξ“™j,’“Τi—Φjκ,10Ξ‘γ,‘εw¶,{ω‚Ή‚Έ
ή“,©“]Τ“,Ό‹{,΅’Γ‰w‘O,282049,•ΊΙ§,Ό‹{s,΅’Γ’¬,2022[sanitize]08[sanitize]04,19,‚»‚Μ‘Ό‚ΜZ‘ξi‚RK‚ΔΘ‰Ί‹¤“―Z‘ξ“™j,‚»‚Μ‘Ό,30Ξ‘γ,‚»‚Μ‘Ό,{ω‚Ή‚Έ
ή“,©“]Τ“,Ό‹{,΅’Γ‰w‘O,282049,•ΊΙ§,Ό‹{s,΅’Γ’¬,2022[sanitize]09[sanitize]07,18,‚»‚Μ‘Ό,’“Τi—Φjκ,10Ξ‘γ,‚Z¶,{ω‚µ‚½
ή“,©“]Τ“,Ό‹{,΅’Γ‰w‘O,282049,•ΊΙ§,Ό‹{s,΅’Γ’¬,2022[sanitize]12[sanitize]25,15,‚»‚Μ‘Ό,’“Τi—Φjκ,10Ξ‘γ,‘εw¶,{ω‚Ή‚Έ
ή“,©“]Τ“,Ό‹{,΅’Γ‰w‘O,282049,•ΊΙ§,Ό‹{s,΅’Γ…”g’¬,2022[sanitize]01[sanitize]21,09,‚»‚Μ‘Ό,’“Τi—Φjκ,30Ξ‘γ,‚»‚Μ‘Ό,{ω‚Ή‚Έ
ή“,©“]Τ“,Ό‹{,΅’Γ‰w‘O,282049,•ΊΙ§,Ό‹{s,΅’Γ…”g’¬,2022[sanitize]01[sanitize]21,19,“ΉHγ,‚»‚Μ‘Ό,40Ξ‘γ,‚»‚Μ‘Ό,{ω‚µ‚½
ή“,©“]Τ“,Ό‹{,΅’Γ‰w‘O,282049,•ΊΙ§,Ό‹{s,΅’Γ…”g’¬,2022[sanitize]10[sanitize]12,10,‚»‚Μ‘Ό,’“Τi—Φjκ,20Ξ‘γ,‘εw¶,{ω‚µ‚½
ή“,©“]Τ“,Ό‹{,΅’Γ‰w‘O,282049,•ΊΙ§,Ό‹{s,΅’Γ…”g’¬,2022[sanitize]11[sanitize]29,00,‚»‚Μ‘Ό,’“Τi—Φjκ,30Ξ‘γ,‚»‚Μ‘Ό,{ω‚Ή‚Έ
ή“,©“]Τ“,Ό‹{,΅’Γ‰w‘O,282049,•ΊΙ§,Ό‹{s,΅’ΓR’†’¬,2022[sanitize]04[sanitize]09,20,‚»‚Μ‘Ό‚ΜZ‘ξi‚RK‚ΔΘ‰Ί‹¤“―Z‘ξ“™j,’“Τi—Φjκ,20Ξ‘γ,‚»‚Μ‘Ό,{ω‚µ‚½
ή“,©“]Τ“,Ό‹{,΅’Γ‰w‘O,282049,•ΊΙ§,Ό‹{s,΅’ΓR’†’¬,2022[sanitize]09[sanitize]28,18,‚»‚Μ‘Ό,’“Τi—Φjκ,50Ξ‘γ,‚»‚Μ‘Ό,{ω‚Ή‚Έ
ή“,©“]Τ“,Ό‹{,΅’Γ‰w‘O,282049,•ΊΙ§,Ό‹{s,’Γ–εμ’¬,2022[sanitize]03[sanitize]06,17,“ΉHγ,‚»‚Μ‘Ό,40Ξ‘γ,‚»‚Μ‘Ό,{ω‚µ‚½
ή“,©“]Τ“,Ό‹{,΅’Γ‰w‘O,282049,•ΊΙ§,Ό‹{s,’Γ–εΰ‰H’¬,2022[sanitize]07[sanitize]29,08,‚»‚Μ‘Ό,’“Τi—Φjκ,20Ξ‘γ,‚»‚Μ‘Ό,{ω‚Ή‚Έ
ή“,©“]Τ“,Ό‹{,΅’Γ‰w‘O,282049,•ΊΙ§,Ό‹{s,’Γ–ε•σ’Γ’¬,2022[sanitize]05[sanitize]12,06,“ΉHγ,‚»‚Μ‘Ό,40Ξ‘γ,‚»‚Μ‘Ό,{ω‚Ή‚Έ
ή“,©“]Τ“,Ό‹{,΅’Γ‰w‘O,282049,•ΊΙ§,Ό‹{s,’Γ–ε•σ’Γ’¬,2022[sanitize]10[sanitize]04,23,“ΉHγ,‚»‚Μ‘Ό,10Ξ‘γ,‘εw¶,{ω‚Ή‚Έ
ή“,©“]Τ“,Ό‹{,–kϋΌ,282049,•ΊΙ§,Ό‹{s,‘ε”¨’¬,2022[sanitize]08[sanitize]12,12,’“Τi—Φjκ,’“Τi—Φjκ,70ΞΘγ,‚»‚Μ‘Ό,{ω‚Ή‚Έ
ή“,©“]Τ“,Ό‹{,–kϋΌ,282049,•ΊΙ§,Ό‹{s,‘ε”¨’¬,2022[sanitize]09[sanitize]30,20,‚»‚Μ‘Ό‚ΜZ‘ξi‚RK‚ΔΘ‰Ί‹¤“―Z‘ξ“™j,’“Τi—Φjκ,20Ξ‘γ,‚»‚Μ‘Ό,{ω‚µ‚½
ή“,©“]Τ“,Ό‹{,–kϋΌ,282049,•ΊΙ§,Ό‹{s,–kϋ’¬,2022[sanitize]08[sanitize]30,08,κΛZ‘ξ,‚»‚Μ‘Ό,40Ξ‘γ,‚»‚Μ‘Ό,{ω‚Ή‚Έ
ή“,©“]Τ“,Ό‹{,–kϋΌ,282049,•ΊΙ§,Ό‹{s,–kΊa’¬,2022[sanitize]08[sanitize]10,18,‚»‚Μ‘Ό‚ΜZ‘ξi‚RK‚ΔΘ‰Ί‹¤“―Z‘ξ“™j,’“Τi—Φjκ,40Ξ‘γ,‚»‚Μ‘Ό,{ω‚Ή‚Έ
ή“,©“]Τ“,Ό‹{,–kϋΌ,282049,•ΊΙ§,Ό‹{s,–kΊa’¬,2022[sanitize]09[sanitize]03,22,‚»‚Μ‘Ό‚ΜZ‘ξi‚RK‚ΔΘ‰Ί‹¤“―Z‘ξ“™j,’“Τi—Φjκ,20Ξ‘γ,‚»‚Μ‘Ό,{ω‚Ή‚Έ
ή“,©“]Τ“,Ό‹{,–kϋΌ,282049,•ΊΙ§,Ό‹{s,–kΊa’¬,2022[sanitize]09[sanitize]06,18,κΛZ‘ξ,’“Τi—Φjκ,40Ξ‘γ,‚»‚Μ‘Ό,{ω‚µ‚½
ή“,©“]Τ“,Ό‹{,–kϋΌ,282049,•ΊΙ§,Ό‹{s,–kΊa’¬,2022[sanitize]09[sanitize]21,18,κΛZ‘ξ,‚»‚Μ‘Ό,30Ξ‘γ,‚»‚Μ‘Ό,{ω‚Ή‚Έ
ή“,©“]Τ“,Ό‹{,–kϋΌ,282049,•ΊΙ§,Ό‹{s,–kΊa’¬,2022[sanitize]11[sanitize]24,22,‚»‚Μ‘Ό,’“Τi—Φjκ,20Ξ‘γ,‘εw¶,{ω‚Ή‚Έ
ή“,©“]Τ“,Ό‹{,–kϋΌ,282049,•ΊΙ§,Ό‹{s,b•—‰€‚P’–Ϊ,2022[sanitize]01[sanitize]06,18,’“Τi—Φjκ,’“Τi—Φjκ,10Ξ‘γ,’†w¶,{ω‚µ‚½
ή“,©“]Τ“,Ό‹{,–kϋΌ,282049,•ΊΙ§,Ό‹{s,b•—‰€‚P’–Ϊ,2022[sanitize]03[sanitize]21,18,“ΉHγ,‚»‚Μ‘Ό,40Ξ‘γ,‚»‚Μ‘Ό,{ω‚Ή‚Έ
ή“,©“]Τ“,Ό‹{,–kϋΌ,282049,•ΊΙ§,Ό‹{s,b•—‰€‚P’–Ϊ,2022[sanitize]04[sanitize]02,10,‚»‚Μ‘Ό,’“Τi—Φjκ,40Ξ‘γ,‚»‚Μ‘Ό,{ω‚µ‚½
ή“,©“]Τ“,Ό‹{,–kϋΌ,282049,•ΊΙ§,Ό‹{s,b•—‰€‚P’–Ϊ,2022[sanitize]04[sanitize]20,14,‚»‚Μ‘Ό,’“Τi—Φjκ,20Ξ‘γ,‚»‚Μ‘Ό,{ω‚µ‚½
ή“,©“]Τ“,Ό‹{,–kϋΌ,282049,•ΊΙ§,Ό‹{s,b•—‰€‚P’–Ϊ,2022[sanitize]04[sanitize]23,08,‚»‚Μ‘Ό,’“Τi—Φjκ,30Ξ‘γ,‚»‚Μ‘Ό,{ω‚µ‚½
ή“,©“]Τ“,Ό‹{,–kϋΌ,282049,•ΊΙ§,Ό‹{s,b•—‰€‚P’–Ϊ,2022[sanitize]04[sanitize]27,23,‚»‚Μ‘Ό,’“Τi—Φjκ,30Ξ‘γ,‚»‚Μ‘Ό,{ω‚Ή‚Έ
ή“,©“]Τ“,Ό‹{,–kϋΌ,282049,•ΊΙ§,Ό‹{s,b•—‰€‚P’–Ϊ,2022[sanitize]06[sanitize]17,22,‚»‚Μ‘Ό,‚»‚Μ‘Ό,20Ξ‘γ,‘εw¶,{ω‚Ή‚Έ
ή“,©“]Τ“,Ό‹{,–kϋΌ,282049,•ΊΙ§,Ό‹{s,b•—‰€‚P’–Ϊ,2022[sanitize]07[sanitize]12,23,‚»‚Μ‘Ό,’“Τi—Φjκ,40Ξ‘γ,‚»‚Μ‘Ό,{ω‚µ‚½
ή“,©“]Τ“,Ό‹{,–kϋΌ,282049,•ΊΙ§,Ό‹{s,b•—‰€‚P’–Ϊ,2022[sanitize]07[sanitize]15,23,‚»‚Μ‘Ό,’“Τi—Φjκ,10Ξ‘γ,‘εw¶,{ω‚Ή‚Έ
ή“,©“]Τ“,Ό‹{,–kϋΌ,282049,•ΊΙ§,Ό‹{s,b•—‰€‚P’–Ϊ,2022[sanitize]07[sanitize]20,17,“ΉHγ,‚»‚Μ‘Ό,10Ξ‘γ,‘εw¶,{ω‚µ‚½
ή“,©“]Τ“,Ό‹{,–kϋΌ,282049,•ΊΙ§,Ό‹{s,b•—‰€‚P’–Ϊ,2022[sanitize]07[sanitize]21,22,‚»‚Μ‘Ό,’“Τi—Φjκ,10Ξ‘γ,‘εw¶,{ω‚Ή‚Έ
ή“,©“]Τ“,Ό‹{,–kϋΌ,282049,•ΊΙ§,Ό‹{s,b•—‰€‚P’–Ϊ,2022[sanitize]08[sanitize]02,22,‚SK‚ΔΘγ‹¤“―Z‘ξ,’“Τi—Φjκ,10Ξ‘γ,’†w¶,{ω‚Ή‚Έ
ή“,©“]Τ“,Ό‹{,–kϋΌ,282049,•ΊΙ§,Ό‹{s,b•—‰€‚P’–Ϊ,2022[sanitize]08[sanitize]05,07,‚»‚Μ‘Ό,‚»‚Μ‘Ό,30Ξ‘γ,‚»‚Μ‘Ό,{ω‚Ή‚Έ
ή“,©“]Τ“,Ό‹{,–kϋΌ,282049,•ΊΙ§,Ό‹{s,b•—‰€‚P’–Ϊ,2022[sanitize]09[sanitize]18,19,“ΉHγ,‚»‚Μ‘Ό,10Ξ‘γ,‘εw¶,{ω‚Ή‚Έ
ή“,©“]Τ“,Ό‹{,–kϋΌ,282049,•ΊΙ§,Ό‹{s,b•—‰€‚P’–Ϊ,2022[sanitize]09[sanitize]22,18,“ΉHγ,‚»‚Μ‘Ό,20Ξ‘γ,‘εw¶,{ω‚µ‚½
ή“,©“]Τ“,Ό‹{,–kϋΌ,282049,•ΊΙ§,Ό‹{s,b•—‰€‚P’–Ϊ,2022[sanitize]09[sanitize]24,23,“ΉHγ,‚»‚Μ‘Ό,20Ξ‘γ,‚»‚Μ‘Ό,{ω‚Ή‚Έ
ή“,©“]Τ“,Ό‹{,–kϋΌ,282049,•ΊΙ§,Ό‹{s,b•—‰€‚P’–Ϊ,2022[sanitize]09[sanitize]28,00,“ΉHγ,‚»‚Μ‘Ό,10Ξ‘γ,‘εw¶,{ω‚Ή‚Έ
ή“,©“]Τ“,Ό‹{,–kϋΌ,282049,•ΊΙ§,Ό‹{s,b•—‰€‚P’–Ϊ,2022[sanitize]10[sanitize]01,08,‚»‚Μ‘Ό,’“Τi—Φjκ,20Ξ‘γ,‚»‚Μ‘Ό,{ω‚Ή‚Έ
ή“,©“]Τ“,Ό‹{,–kϋΌ,282049,•ΊΙ§,Ό‹{s,b•—‰€‚P’–Ϊ,2022[sanitize]10[sanitize]14,12,’“Τi—Φjκ,’“Τi—Φjκ,10Ξ‘γ,‘εw¶,{ω‚µ‚½
ή“,©“]Τ“,Ό‹{,–kϋΌ,282049,•ΊΙ§,Ό‹{s,b•—‰€‚P’–Ϊ,2022[sanitize]11[sanitize]07,06,‚»‚Μ‘Ό,’“Τi—Φjκ,10Ξ‘γ,‘εw¶,{ω‚µ‚½
ή“,©“]Τ“,Ό‹{,–kϋΌ,282049,•ΊΙ§,Ό‹{s,b•—‰€‚P’–Ϊ,2022[sanitize]11[sanitize]10,18,‚»‚Μ‘Ό,’“Τi—Φjκ,20Ξ‘γ,‚»‚Μ‘Ό,{ω‚Ή‚Έ
ή“,©“]Τ“,Ό‹{,–kϋΌ,282049,•ΊΙ§,Ό‹{s,b•—‰€‚P’–Ϊ,2022[sanitize]11[sanitize]22,22,“ΉHγ,‚»‚Μ‘Ό,30Ξ‘γ,‚»‚Μ‘Ό,{ω‚µ‚½
ή“,©“]Τ“,Ό‹{,–kϋΌ,282049,•ΊΙ§,Ό‹{s,b•—‰€‚P’–Ϊ,2022[sanitize]12[sanitize]15,14,‚»‚Μ‘Ό,’“Τi—Φjκ,10Ξ‘γ,‘εw¶,{ω‚µ‚½
ή“,©“]Τ“,Ό‹{,–kϋΌ,282049,•ΊΙ§,Ό‹{s,b•—‰€‚P’–Ϊ,2022[sanitize]12[sanitize]28,00,‚»‚Μ‘Ό,‚»‚Μ‘Ό,20Ξ‘γ,‘εw¶,{ω‚Ή‚Έ
ή“,©“]Τ“,Ό‹{,–kϋΌ,282049,•ΊΙ§,Ό‹{s,b•—‰€‚Q’–Ϊ,2022[sanitize]11[sanitize]05,20,“ΉHγ,‚»‚Μ‘Ό,20Ξ‘γ,‘εw¶,{ω‚µ‚½
ή“,©“]Τ“,Ό‹{,–kϋΌ,282049,•ΊΙ§,Ό‹{s,b•—‰€‚R’–Ϊ,2022[sanitize]05[sanitize]22,17,κΛZ‘ξ,‚»‚Μ‘Ό,10Ξ–Ά–,¬w¶,{ω‚Ή‚Έ
ή“,©“]Τ“,Ό‹{,–kϋΌ,282049,•ΊΙ§,Ό‹{s,b•—‰€‚R’–Ϊ,2022[sanitize]09[sanitize]22,23,κΛZ‘ξ,’“Τi—Φjκ,60[sanitize]64Ξ,‚»‚Μ‘Ό,{ω‚Ή‚Έ
ή“,©“]Τ“,Ό‹{,–kϋΌ,282049,•ΊΙ§,Ό‹{s,•½–Ψ’¬,2021[sanitize]12[sanitize]24,15,‚»‚Μ‘Ό‚ΜZ‘ξi‚RK‚ΔΘ‰Ί‹¤“―Z‘ξ“™j,‚»‚Μ‘Ό,10Ξ‘γ,‘εw¶,{ω‚Ή‚Έ
ή“,©“]Τ“,Ό‹{,–kϋΌ,282049,•ΊΙ§,Ό‹{s,•½–Ψ’¬,2022[sanitize]12[sanitize]10,18,‚SK‚ΔΘγ‹¤“―Z‘ξ,’“Τi—Φjκ,30Ξ‘γ,‚»‚Μ‘Ό,{ω‚µ‚½
ή“,©“]Τ“,Ό‹{,–kϋΌ,282049,•ΊΙ§,Ό‹{s,Ϋ‹΄’¬,2022[sanitize]01[sanitize]04,14,‚SK‚ΔΘγ‹¤“―Z‘ξ,’“Τi—Φjκ,30Ξ‘γ,‚»‚Μ‘Ό,{ω‚Ή‚Έ
ή“,©“]Τ“,Ό‹{,–kϋΌ,282049,•ΊΙ§,Ό‹{s,Ϋ‹΄’¬,2022[sanitize]03[sanitize]19,21,‚»‚Μ‘Ό,’“Τi—Φjκ,20Ξ‘γ,‚»‚Μ‘Ό,{ω‚Ή‚Έ
ή“,©“]Τ“,Ό‹{,–kϋΌ,282049,•ΊΙ§,Ό‹{s,Ϋ‹΄’¬,2022[sanitize]05[sanitize]23,19,‚SK‚ΔΘγ‹¤“―Z‘ξ,’“Τi—Φjκ,50Ξ‘γ,‚»‚Μ‘Ό,{ω‚Ή‚Έ
ή“,©“]Τ“,Ό‹{,–kϋΌ,282049,•ΊΙ§,Ό‹{s,Ϋ‹΄’¬,2022[sanitize]08[sanitize]15,18,κΛZ‘ξ,‚»‚Μ‘Ό,50Ξ‘γ,‚»‚Μ‘Ό,{ω‚Ή‚Έ
ή“,©“]Τ“,Ό‹{,–kϋΌ,282049,•ΊΙ§,Ό‹{s,Ϋ‹΄’¬,2022[sanitize]09[sanitize]18,09,‚»‚Μ‘Ό,’“Τi—Φjκ,20Ξ‘γ,‘εw¶,{ω‚Ή‚Έ
ή“,©“]Τ“,Ό‹{,–kϋΌ,282049,•ΊΙ§,Ό‹{s,“μΊa’¬,2022[sanitize]05[sanitize]28,19,‚»‚Μ‘Ό‚ΜZ‘ξi‚RK‚ΔΘ‰Ί‹¤“―Z‘ξ“™j,’“Τi—Φjκ,30Ξ‘γ,‚»‚Μ‘Ό,{ω‚Ή‚Έ
ή“,©“]Τ“,Ό‹{,–kϋΌ,282049,•ΊΙ§,Ό‹{s,“μΊa’¬,2022[sanitize]07[sanitize]28,21,“ΉHγ,‚»‚Μ‘Ό,10Ξ‘γ,‘εw¶,{ω‚Ή‚Έ
ή“,©“]Τ“,Ό‹{,–kϋΌ,282049,•ΊΙ§,Ό‹{s,“μΊa’¬,2022[sanitize]08[sanitize]04,17,‚»‚Μ‘Ό,’“Τi—Φjκ,20Ξ‘γ,‘εw¶,{ω‚Ή‚Έ
ή“,©“]Τ“,Ό‹{,–kϋΌ,282049,•ΊΙ§,Ό‹{s,“μΊa’¬,2022[sanitize]09[sanitize]21,18,‚»‚Μ‘Ό,’“Τi—Φjκ,10Ξ‘γ,’†w¶,{ω‚Ή‚Έ
ή“,©“]Τ“,Ό‹{,–kϋΌ,282049,•ΊΙ§,Ό‹{s,“μΊa’¬,2022[sanitize]12[sanitize]11,07,‚»‚Μ‘Ό,’“Τi—Φjκ,20Ξ‘γ,‘εw¶,{ω‚µ‚½
ή“,©“]Τ“,Ό‹{,–Ό‰–,282049,•ΊΙ§,Ό‹{s,–Ό‰–V’¬,2022[sanitize]03[sanitize]06,12,‚»‚Μ‘Ό,’“Τi—Φjκ,10Ξ‘γ,’†w¶,{ω‚Ή‚Έ
ή“,©“]Τ“,Ό‹{,gμ‰w‘O,282049,•ΊΙ§,Ό‹{s,‘¶’¬,2022[sanitize]06[sanitize]27,16,‚»‚Μ‘Ό,’“Τi—Φjκ,20Ξ‘γ,‚»‚Μ‘Ό,{ω‚Ή‚Έ
ή“,©“]Τ“,Ό‹{,gμ‰w‘O,282049,•ΊΙ§,Ό‹{s,‘ε’J’¬,2022[sanitize]04[sanitize]18,20,‚SK‚ΔΘγ‹¤“―Z‘ξ,’“Τi—Φjκ,40Ξ‘γ,‚»‚Μ‘Ό,{ω‚Ή‚Έ
ή“,©“]Τ“,Ό‹{,gμ‰w‘O,282049,•ΊΙ§,Ό‹{s,‰ΰ’¬,2022[sanitize]07[sanitize]14,12,‚»‚Μ‘Ό,’“Τi—Φjκ,40Ξ‘γ,‚»‚Μ‘Ό,{ω‚Ή‚Έ
ή“,©“]Τ“,Ό‹{,gμ‰w‘O,282049,•ΊΙ§,Ό‹{s,‰ΰ’¬,2022[sanitize]10[sanitize]16,14,“ΉHγ,‚»‚Μ‘Ό,20Ξ‘γ,‚»‚Μ‘Ό,{ω‚Ή‚Έ
ή“,©“]Τ“,Ό‹{,gμ‰w‘O,282049,•ΊΙ§,Ό‹{s,–Ψ’ΓR’¬,2022[sanitize]07[sanitize]13,15,‚»‚Μ‘Ό‚ΜZ‘ξi‚RK‚ΔΘ‰Ί‹¤“―Z‘ξ“™j,’“Τi—Φjκ,40Ξ‘γ,‚»‚Μ‘Ό,{ω‚µ‚½
ή“,©“]Τ“,Ό‹{,gμ‰w‘O,282049,•ΊΙ§,Ό‹{s,υ’¬,2022[sanitize]10[sanitize]01,14,’“Τi—Φjκ,’“Τi—Φjκ,20Ξ‘γ,‘εw¶,{ω‚µ‚½
ή“,©“]Τ“,Ό‹{,gμ‰w‘O,282049,•ΊΙ§,Ό‹{s,‹½–Ζ’¬,2022[sanitize]08[sanitize]04,20,‚»‚Μ‘Ό‚ΜZ‘ξi‚RK‚ΔΘ‰Ί‹¤“―Z‘ξ“™j,’“Τi—Φjκ,20Ξ‘γ,‚»‚Μ‘Ό,{ω‚µ‚½
ή“,©“]Τ“,Ό‹{,gμ‰w‘O,282049,•ΊΙ§,Ό‹{s,‹½–Ζ’¬,2022[sanitize]11[sanitize]03,18,‚SK‚ΔΘγ‹¤“―Z‘ξ,’“Τi—Φjκ,10Ξ‘γ,‘εw¶,{ω‚Ή‚Έ
ή“,©“]Τ“,Ό‹{,gμ‰w‘O,282049,•ΊΙ§,Ό‹{s,‰Hί’¬,2022[sanitize]05[sanitize]12,12,‚»‚Μ‘Ό,’“Τi—Φjκ,70ΞΘγ,‚»‚Μ‘Ό,{ω‚µ‚½
ή“,©“]Τ“,Ό‹{,gμ‰w‘O,282049,•ΊΙ§,Ό‹{s,‰Hί’¬,2022[sanitize]09[sanitize]14,16,‚SK‚ΔΘγ‹¤“―Z‘ξ,’“Τi—Φjκ,30Ξ‘γ,‚»‚Μ‘Ό,{ω‚Ή‚Έ
ή“,©“]Τ“,Ό‹{,gμ‰w‘O,282049,•ΊΙ§,Ό‹{s,‰Hί’¬,2022[sanitize]10[sanitize]03,16,‚»‚Μ‘Ό,‚»‚Μ‘Ό,20Ξ‘γ,‘εw¶,{ω‚Ή‚Έ
ή“,©“]Τ“,Ό‹{,gμ‰w‘O,282049,•ΊΙ§,Ό‹{s,‰Hί’¬,2022[sanitize]10[sanitize]20,16,‚»‚Μ‘Ό,’“Τi—Φjκ,70ΞΘγ,‚»‚Μ‘Ό,{ω‚Ή‚Έ
ή“,©“]Τ“,Ό‹{,υ,282049,•ΊΙ§,Ό‹{s,‘εδθ’¬,2022[sanitize]04[sanitize]27,10,‚»‚Μ‘Ό‚ΜZ‘ξi‚RK‚ΔΘ‰Ί‹¤“―Z‘ξ“™j,’“Τi—Φjκ,20Ξ‘γ,‘εw¶,{ω‚µ‚½
ή“,©“]Τ“,Ό‹{,υ,282049,•ΊΙ§,Ό‹{s,_΄,2022[sanitize]09[sanitize]02,15,‚SK‚ΔΘγ‹¤“―Z‘ξ,’“Τi—Φjκ,50Ξ‘γ,‚»‚Μ‘Ό,{ω‚µ‚½
ή“,©“]Τ“,Ό‹{,υ,282049,•ΊΙ§,Ό‹{s,ιƒP–x’¬,2022[sanitize]09[sanitize]04,16,‚SK‚ΔΘγ‹¤“―Z‘ξ,’“Τi—Φjκ,10Ξ–Ά–,¬w¶,{ω‚Ή‚Έ
ή“,©“]Τ“,Ό‹{,υ,282049,•ΊΙ§,Ό‹{s,ιƒP–x’¬,2022[sanitize]11[sanitize]02,20,‚SK‚ΔΘγ‹¤“―Z‘ξ,‚»‚Μ‘Ό,10Ξ‘γ,‘εw¶,{ω‚Ή‚Έ
ή“,©“]Τ“,Ό‹{,υ,282049,•ΊΙ§,Ό‹{s,ηΞ’¬,2022[sanitize]06[sanitize]19,11,’“Τi—Φjκ,’“Τi—Φjκ,10Ξ‘γ,‚Z¶,{ω‚µ‚½
ή“,©“]Τ“,Ό‹{,υ,282049,•ΊΙ§,Ό‹{s,ηΞ’¬,2022[sanitize]06[sanitize]20,17,’“Τi—Φjκ,’“Τi—Φjκ,10Ξ‘γ,¬w¶,{ω‚Ή‚Έ
ή“,©“]Τ“,Ό‹{,υ,282049,•ΊΙ§,Ό‹{s,ηΞ’¬,2022[sanitize]08[sanitize]28,07,’“Τi—Φjκ,’“Τi—Φjκ,10Ξ‘γ,‘εw¶,{ω‚Ή‚Έ
ή“,©“]Τ“,Ό‹{,υ,282049,•ΊΙ§,Ό‹{s,ηΞ’¬,2022[sanitize]09[sanitize]17,08,’“Τi—Φjκ,’“Τi—Φjκ,10Ξ‘γ,‚Z¶,{ω‚Ή‚Έ
ή“,©“]Τ“,Ό‹{,υ,282049,•ΊΙ§,Ό‹{s,ηΞ’¬,2022[sanitize]10[sanitize]14,10,’“Τi—Φjκ,’“Τi—Φjκ,20Ξ‘γ,‘εw¶,{ω‚µ‚½
ή“,©“]Τ“,Ό‹{,υ,282049,•ΊΙ§,Ό‹{s,ηΞ’¬,2022[sanitize]11[sanitize]08,13,’“Τi—Φjκ,’“Τi—Φjκ,10Ξ‘γ,‘εw¶,{ω‚µ‚½
ή“,©“]Τ“,Ό‹{,υ,282049,•ΊΙ§,Ό‹{s,ηΞ’¬,2022[sanitize]12[sanitize]08,15,’“Τi—Φjκ,’“Τi—Φjκ,30Ξ‘γ,‚»‚Μ‘Ό,{ω‚µ‚½
ή“,©“]Τ“,Ό‹{,υ,282049,•ΊΙ§,Ό‹{s,ηΞ’¬,2022[sanitize]12[sanitize]16,06,’“Τi—Φjκ,’“Τi—Φjκ,30Ξ‘γ,‚»‚Μ‘Ό,{ω‚µ‚½
ή“,©“]Τ“,Ό‹{,υ,282049,•ΊΙ§,Ό‹{s,ν”Φ’¬,2022[sanitize]05[sanitize]21,20,‚»‚Μ‘Ό‚ΜZ‘ξi‚RK‚ΔΘ‰Ί‹¤“―Z‘ξ“™j,’“Τi—Φjκ,50Ξ‘γ,‚»‚Μ‘Ό,{ω‚Ή‚Έ
ή“,©“]Τ“,Ό‹{,υ,282049,•ΊΙ§,Ό‹{s,”¥’Λ’¬,2022[sanitize]07[sanitize]09,12,‚SK‚ΔΘγ‹¤“―Z‘ξ,’“Τi—Φjκ,50Ξ‘γ,‚»‚Μ‘Ό,{ω‚µ‚½
ή“,©“]Τ“,Ό‹{,υ,282049,•ΊΙ§,Ό‹{s,”¥’Λ’¬,2022[sanitize]10[sanitize]27,19,‚SK‚ΔΘγ‹¤“―Z‘ξ,’“Τi—Φjκ,10Ξ‘γ,¬w¶,{ω‚Ή‚Έ
ή“,©“]Τ“,Ό‹{,υ,282049,•ΊΙ§,Ό‹{s,αΌ’¬,2021[sanitize]12[sanitize]26,10,‚SK‚ΔΘγ‹¤“―Z‘ξ,’“Τi—Φjκ,40Ξ‘γ,‚»‚Μ‘Ό,{ω‚Ή‚Έ
ή“,©“]Τ“,Ό‹{,Rϋ,282049,•ΊΙ§,Ό‹{s,Rϋ’¬‰ΊRϋ‚S’–Ϊ,2022[sanitize]08[sanitize]31,15,‚»‚Μ‘Ό,’“Τi—Φjκ,10Ξ–Ά–,¬w¶,{ω‚Ή‚Έ
ή“,©“]Τ“,Ό‹{,Rϋ,282049,•ΊΙ§,Ό‹{s,–kZb‘δ‚P’–Ϊ,2022[sanitize]03[sanitize]31,01,κΛZ‘ξ,‚»‚Μ‘Ό,20Ξ‘γ,‘εw¶,{ω‚Ή‚Έ
ή“,©“]Τ“,Ό‹{,μ“Y,282049,•ΊΙ§,Ό‹{s,ς’¬,2021[sanitize]12[sanitize]10,21,‚SK‚ΔΘγ‹¤“―Z‘ξ,’“Τi—Φjκ,50Ξ‘γ,‚»‚Μ‘Ό,{ω‚Ή‚Έ
ή“,©“]Τ“,Ό‹{,μ“Y,282049,•ΊΙ§,Ό‹{s,ς’¬,2022[sanitize]07[sanitize]23,00,‚SK‚ΔΘγ‹¤“―Z‘ξ,’“Τi—Φjκ,10Ξ‘γ,‚Z¶,{ω‚Ή‚Έ
ή“,©“]Τ“,Ό‹{,μ“Y,282049,•ΊΙ§,Ό‹{s,ς’¬,2022[sanitize]11[sanitize]06,00,“ΉHγ,‚»‚Μ‘Ό,40Ξ‘γ,‚»‚Μ‘Ό,{ω‚Ή‚Έ
ή“,©“]Τ“,Ό‹{,μ“Y,282049,•ΊΙ§,Ό‹{s,μ“Y’¬,2022[sanitize]01[sanitize]10,11,κΛZ‘ξ,‚»‚Μ‘Ό,50Ξ‘γ,‚»‚Μ‘Ό,{ω‚µ‚½
ή“,©“]Τ“,Ό‹{,μ“Y,282049,•ΊΙ§,Ό‹{s,‰ΊδΡ΄’¬,2022[sanitize]04[sanitize]09,20,‚SK‚ΔΘγ‹¤“―Z‘ξ,’“Τi—Φjκ,40Ξ‘γ,‚»‚Μ‘Ό,{ω‚µ‚½
ή“,©“]Τ“,Ό‹{,μ“Y,282049,•ΊΙ§,Ό‹{s,Ξ’¬,2022[sanitize]06[sanitize]22,13,‚»‚Μ‘Ό,’“Τi—Φjκ,70ΞΘγ,‚»‚Μ‘Ό,{ω‚µ‚½
ή“,©“]Τ“,Ό‹{,μ“Y,282049,•ΊΙ§,Ό‹{s,Ό”g~’¬,2022[sanitize]03[sanitize]28,11,κΛZ‘ξ,’“Τi—Φjκ,40Ξ‘γ,‚»‚Μ‘Ό,{ω‚Ή‚Έ
ή“,©“]Τ“,Ό‹{,μ“Y,282049,•ΊΙ§,Ό‹{s,Ό”g~’¬,2022[sanitize]04[sanitize]14,10,κΛZ‘ξ,’“Τi—Φjκ,10Ξ‘γ,’†w¶,{ω‚µ‚½
ή“,©“]Τ“,Ό‹{,μ“Y,282049,•ΊΙ§,Ό‹{s,Ό”g~’¬,2022[sanitize]05[sanitize]13,18,κΛZ‘ξ,’“Τi—Φjκ,10Ξ‘γ,‚»‚Μ‘Ό,{ω‚Ή‚Έ
ή“,©“]Τ“,Ό‹{,s’λ,282049,•ΊΙ§,Ό‹{s,r^’¬,2022[sanitize]10[sanitize]31,11,‚»‚Μ‘Ό,’“Τi—Φjκ,20Ξ‘γ,‚»‚Μ‘Ό,{ω‚Ή‚Έ
ή“,©“]Τ“,Ό‹{,s’λ,282049,•ΊΙ§,Ό‹{s,r^’¬,2022[sanitize]11[sanitize]26,17,‚SK‚ΔΘγ‹¤“―Z‘ξ,’“Τi—Φjκ,20Ξ‘γ,‚»‚Μ‘Ό,{ω‚Ή‚Έ
ή“,©“]Τ“,Ό‹{,s’λ,282049,•ΊΙ§,Ό‹{s,s’λ’¬,2022[sanitize]06[sanitize]28,10,‚»‚Μ‘Ό,‚»‚Μ‘Ό,70ΞΘγ,‚»‚Μ‘Ό,{ω‚Ή‚Έ
ή“,©“]Τ“,Ό‹{,s’λ,282049,•ΊΙ§,Ό‹{s,s’λ’¬,2022[sanitize]08[sanitize]05,09,‚»‚Μ‘Ό‚ΜZ‘ξi‚RK‚ΔΘ‰Ί‹¤“―Z‘ξ“™j,’“Τi—Φjκ,30Ξ‘γ,‚»‚Μ‘Ό,{ω‚Ή‚Έ
ή“,©“]Τ“,Ό‹{,s’λ,282049,•ΊΙ§,Ό‹{s,s’λ’¬,2022[sanitize]08[sanitize]10,17,‚»‚Μ‘Ό‚ΜZ‘ξi‚RK‚ΔΘ‰Ί‹¤“―Z‘ξ“™j,’“Τi—Φjκ,10Ξ‘γ,‚»‚Μ‘Ό,{ω‚Ή‚Έ
ή“,©“]Τ“,Ό‹{,s’λ,282049,•ΊΙ§,Ό‹{s,s’λ’¬,2022[sanitize]11[sanitize]03,01,‚»‚Μ‘Ό‚ΜZ‘ξi‚RK‚ΔΘ‰Ί‹¤“―Z‘ξ“™j,‚»‚Μ‘Ό,20Ξ‘γ,‚»‚Μ‘Ό,{ω‚Ή‚Έ
ή“,©“]Τ“,Ό‹{,s’λ,282049,•ΊΙ§,Ό‹{s,_y’¬,2022[sanitize]04[sanitize]02,16,‚SK‚ΔΘγ‹¤“―Z‘ξ,’“Τi—Φjκ,50Ξ‘γ,‚»‚Μ‘Ό,{ω‚µ‚½
ή“,©“]Τ“,Ό‹{,s’λ,282049,•ΊΙ§,Ό‹{s,_y’¬,2022[sanitize]11[sanitize]20,09,‚»‚Μ‘Ό,’“Τi—Φjκ,10Ξ‘γ,¬w¶,{ω‚Ή‚Έ
ή“,©“]Τ“,Ό‹{,s’λ,282049,•ΊΙ§,Ό‹{s,μ“’¬,2022[sanitize]03[sanitize]30,18,‚SK‚ΔΘγ‹¤“―Z‘ξ,’“Τi—Φjκ,40Ξ‘γ,‚»‚Μ‘Ό,{ω‚µ‚½
ή“,©“]Τ“,Ό‹{,s’λ,282049,•ΊΙ§,Ό‹{s,μ“’¬,2022[sanitize]06[sanitize]05,21,‚SK‚ΔΘγ‹¤“―Z‘ξ,’“Τi—Φjκ,10Ξ‘γ,’†w¶,{ω‚Ή‚Έ
ή“,©“]Τ“,Ό‹{,s’λ,282049,•ΊΙ§,Ό‹{s,Ό‰Ί’¬,2022[sanitize]01[sanitize]11,15,‚»‚Μ‘Ό,‚»‚Μ‘Ό,20Ξ‘γ,‘εw¶,{ω‚µ‚½
ή“,©“]Τ“,Ό‹{,s’λ,282049,•ΊΙ§,Ό‹{s,Ό‰Ί’¬,2022[sanitize]09[sanitize]19,14,‚»‚Μ‘Ό,‚»‚Μ‘Ό,40Ξ‘γ,‚»‚Μ‘Ό,{ω‚Ή‚Έ
ή“,©“]Τ“,Ό‹{,s’λ,282049,•ΊΙ§,Ό‹{s,Ό‰Ί’¬,2022[sanitize]10[sanitize]29,13,‚SK‚ΔΘγ‹¤“―Z‘ξ,’“Τi—Φjκ,10Ξ‘γ,’†w¶,{ω‚µ‚½
ή“,©“]Τ“,Ό‹{,s’λ,282049,•ΊΙ§,Ό‹{s,Ό‰Ί’¬,2022[sanitize]11[sanitize]03,12,“ΉHγ,‚»‚Μ‘Ό,50Ξ‘γ,‚»‚Μ‘Ό,{ω‚µ‚½
ή“,©“]Τ“,Ό‹{,s’λ,282049,•ΊΙ§,Ό‹{s,‹{Ό’¬,2022[sanitize]03[sanitize]31,17,‚»‚Μ‘Ό‚ΜZ‘ξi‚RK‚ΔΘ‰Ί‹¤“―Z‘ξ“™j,’“Τi—Φjκ,20Ξ‘γ,‘εw¶,{ω‚Ή‚Έ
ή“,©“]Τ“,Ό‹{,s’λ,282049,•ΊΙ§,Ό‹{s,‹{Ό’¬,2022[sanitize]04[sanitize]07,19,‚»‚Μ‘Ό‚ΜZ‘ξi‚RK‚ΔΘ‰Ί‹¤“―Z‘ξ“™j,’“Τi—Φjκ,30Ξ‘γ,‚»‚Μ‘Ό,{ω‚Ή‚Έ
ή“,©“]Τ“,Ό‹{,s’λ,282049,•ΊΙ§,Ό‹{s,‹{Ό’¬,2022[sanitize]07[sanitize]29,16,‚»‚Μ‘Ό‚ΜZ‘ξi‚RK‚ΔΘ‰Ί‹¤“―Z‘ξ“™j,’“Τi—Φjκ,20Ξ‘γ,‚»‚Μ‘Ό,{ω‚µ‚½
ή“,©“]Τ“,Ό‹{,s’λ,282049,•ΊΙ§,Ό‹{s,‹{Ό’¬,2022[sanitize]12[sanitize]05,20,‚»‚Μ‘Ό‚ΜZ‘ξi‚RK‚ΔΘ‰Ί‹¤“―Z‘ξ“™j,’“Τi—Φjκ,20Ξ‘γ,‚»‚Μ‘Ό,{ω‚µ‚½
ή“,©“]Τ“,Ό‹{,s’λ,282049,•ΊΙ§,Ό‹{s,‰®•~’¬,2022[sanitize]08[sanitize]11,23,κΛZ‘ξ,‚»‚Μ‘Ό,40Ξ‘γ,‚»‚Μ‘Ό,{ω‚Ή‚Έ
ή“,©“]Τ“,Ό‹{,Dκ‹Ψ,282049,•ΊΙ§,Ό‹{s,΅έ‰Ζ’¬,2022[sanitize]01[sanitize]02,20,“ΉHγ,‚»‚Μ‘Ό,30Ξ‘γ,‚»‚Μ‘Ό,{ω‚µ‚½
ή“,©“]Τ“,Ό‹{,Dκ‹Ψ,282049,•ΊΙ§,Ό‹{s,΅έ‰Ζ’¬,2022[sanitize]05[sanitize]20,20,‚SK‚ΔΘγ‹¤“―Z‘ξ,’“Τi—Φjκ,10Ξ‘γ,‚Z¶,{ω‚Ή‚Έ
ή“,©“]Τ“,Ό‹{,Dκ‹Ψ,282049,•ΊΙ§,Ό‹{s,΅έ‰Ζ’¬,2022[sanitize]05[sanitize]27,19,“ΉHγ,‚»‚Μ‘Ό,20Ξ‘γ,‚»‚Μ‘Ό,{ω‚Ή‚Έ
ή“,©“]Τ“,Ό‹{,Dκ‹Ψ,282049,•ΊΙ§,Ό‹{s,΅έ‰Ζ’¬,2022[sanitize]06[sanitize]22,19,‚»‚Μ‘Ό,’“Τi—Φjκ,50Ξ‘γ,‚»‚Μ‘Ό,{ω‚µ‚½
ή“,©“]Τ“,Ό‹{,Dκ‹Ψ,282049,•ΊΙ§,Ό‹{s,΅έ‰Ζ’¬,2022[sanitize]07[sanitize]09,17,‚SK‚ΔΘγ‹¤“―Z‘ξ,’“Τi—Φjκ,10Ξ‘γ,‚Z¶,{ω‚µ‚½
ή“,©“]Τ“,Ό‹{,Dκ‹Ψ,282049,•ΊΙ§,Ό‹{s,΅έ‰Ζ’¬,2022[sanitize]09[sanitize]15,15,‚»‚Μ‘Ό,’“Τi—Φjκ,10Ξ‘γ,‚Z¶,{ω‚Ή‚Έ
ή“,©“]Τ“,Ό‹{,Dκ‹Ψ,282049,•ΊΙ§,Ό‹{s,΅έ‰Ζ’¬,2022[sanitize]10[sanitize]12,16,“ΉHγ,‚»‚Μ‘Ό,20Ξ‘γ,‘εw¶,{ω‚µ‚½
ή“,©“]Τ“,Ό‹{,Dκ‹Ψ,282049,•ΊΙ§,Ό‹{s,΅έ‰Ζ’¬,2022[sanitize]12[sanitize]14,18,‚»‚Μ‘Ό,’“Τi—Φjκ,20Ξ‘γ,‚»‚Μ‘Ό,{ω‚Ή‚Έ
ή“,©“]Τ“,Ό‹{,Dκ‹Ψ,282049,•ΊΙ§,Ό‹{s,‹v•Ϋ’¬,2022[sanitize]03[sanitize]15,18,‚SK‚ΔΘγ‹¤“―Z‘ξ,’“Τi—Φjκ,20Ξ‘γ,‚»‚Μ‘Ό,{ω‚Ή‚Έ
ή“,©“]Τ“,Ό‹{,Dκ‹Ψ,282049,•ΊΙ§,Ό‹{s,‹v•Ϋ’¬,2022[sanitize]03[sanitize]17,14,‚SK‚ΔΘγ‹¤“―Z‘ξ,’“Τi—Φjκ,65[sanitize]69Ξ,‚»‚Μ‘Ό,{ω‚µ‚½
ή“,©“]Τ“,Ό‹{,Dκ‹Ψ,282049,•ΊΙ§,Ό‹{s,‹v•Ϋ’¬,2022[sanitize]05[sanitize]06,23,‚SK‚ΔΘγ‹¤“―Z‘ξ,’“Τi—Φjκ,30Ξ‘γ,‚»‚Μ‘Ό,{ω‚Ή‚Έ
ή“,©“]Τ“,Ό‹{,Dκ‹Ψ,282049,•ΊΙ§,Ό‹{s,‹v•Ϋ’¬,2022[sanitize]05[sanitize]07,19,‚SK‚ΔΘγ‹¤“―Z‘ξ,‚»‚Μ‘Ό,10Ξ‘γ,’†w¶,{ω‚Ή‚Έ
ή“,©“]Τ“,Ό‹{,Dκ‹Ψ,282049,•ΊΙ§,Ό‹{s,‹v•Ϋ’¬,2022[sanitize]12[sanitize]12,07,‚»‚Μ‘Ό,‚»‚Μ‘Ό,40Ξ‘γ,‚»‚Μ‘Ό,{ω‚Ή‚Έ
ή“,©“]Τ“,Ό‹{,Dκ‹Ψ,282049,•ΊΙ§,Ό‹{s,Y’¬,2022[sanitize]08[sanitize]03,06,‚»‚Μ‘Ό,’“Τi—Φjκ,10Ξ‘γ,‚Z¶,{ω‚µ‚½
ή“,©“]Τ“,Ό‹{,Dκ‹Ψ,282049,•ΊΙ§,Ό‹{s,Y’¬,2022[sanitize]10[sanitize]11,19,“ΉHγ,‚»‚Μ‘Ό,10Ξ‘γ,’†w¶,{ω‚Ή‚Έ
ή“,©“]Τ“,Ό‹{,Dκ‹Ψ,282049,•ΊΙ§,Ό‹{s,Π‰Ζ’¬,2022[sanitize]02[sanitize]27,18,‚SK‚ΔΘγ‹¤“―Z‘ξ,’“Τi—Φjκ,20Ξ‘γ,‘εw¶,{ω‚µ‚½
ή“,©“]Τ“,Ό‹{,Dκ‹Ψ,282049,•ΊΙ§,Ό‹{s,Π‰Ζ’¬,2022[sanitize]04[sanitize]28,13,‚SK‚ΔΘγ‹¤“―Z‘ξ,’“Τi—Φjκ,20Ξ‘γ,‚»‚Μ‘Ό,{ω‚Ή‚Έ
ή“,©“]Τ“,Ό‹{,Dκ‹Ψ,282049,•ΊΙ§,Ό‹{s,Π‰Ζ’¬,2022[sanitize]07[sanitize]20,18,“ΉHγ,‚»‚Μ‘Ό,10Ξ‘γ,’†w¶,{ω‚µ‚½
ή“,©“]Τ“,Ό‹{,Dκ‹Ψ,282049,•ΊΙ§,Ό‹{s,“c’†’¬,2021[sanitize]12[sanitize]31,23,“ΉHγ,‚»‚Μ‘Ό,10Ξ‘γ,‚Z¶,{ω‚µ‚½
ή“,©“]Τ“,Ό‹{,Dκ‹Ψ,282049,•ΊΙ§,Ό‹{s,“c’†’¬,2022[sanitize]02[sanitize]19,11,‚»‚Μ‘Ό,’“Τi—Φjκ,50Ξ‘γ,‚»‚Μ‘Ό,{ω‚Ή‚Έ
ή“,©“]Τ“,Ό‹{,Dκ‹Ψ,282049,•ΊΙ§,Ό‹{s,“c’†’¬,2022[sanitize]05[sanitize]06,11,‚»‚Μ‘Ό,’“Τi—Φjκ,50Ξ‘γ,‚»‚Μ‘Ό,{ω‚µ‚½
ή“,©“]Τ“,Ό‹{,Dκ‹Ψ,282049,•ΊΙ§,Ό‹{s,“c’†’¬,2022[sanitize]06[sanitize]16,12,‚»‚Μ‘Ό,’“Τi—Φjκ,20Ξ‘γ,‚»‚Μ‘Ό,{ω‚Ή‚Έ
ή“,©“]Τ“,Ό‹{,Dκ‹Ψ,282049,•ΊΙ§,Ό‹{s,“c’†’¬,2022[sanitize]07[sanitize]03,12,‚SK‚ΔΘγ‹¤“―Z‘ξ,’“Τi—Φjκ,50Ξ‘γ,‚»‚Μ‘Ό,{ω‚µ‚½
ή“,©“]Τ“,Ό‹{,Dκ‹Ψ,282049,•ΊΙ§,Ό‹{s,“c’†’¬,2022[sanitize]08[sanitize]02,14,‚»‚Μ‘Ό,’“Τi—Φjκ,20Ξ‘γ,‚»‚Μ‘Ό,{ω‚Ή‚Έ
ή“,©“]Τ“,Ό‹{,Dκ‹Ψ,282049,•ΊΙ§,Ό‹{s,“c’†’¬,2022[sanitize]08[sanitize]18,16,‚»‚Μ‘Ό,’“Τi—Φjκ,60[sanitize]64Ξ,‚»‚Μ‘Ό,{ω‚Ή‚Έ
ή“,©“]Τ“,Ό‹{,Dκ‹Ψ,282049,•ΊΙ§,Ό‹{s,“c’†’¬,2022[sanitize]08[sanitize]21,20,‚»‚Μ‘Ό,’“Τi—Φjκ,60[sanitize]64Ξ,‚»‚Μ‘Ό,{ω‚µ‚½
ή“,©“]Τ“,Ό‹{,Dκ‹Ψ,282049,•ΊΙ§,Ό‹{s,“c’†’¬,2022[sanitize]08[sanitize]26,18,‚SK‚ΔΘγ‹¤“―Z‘ξ,’“Τi—Φjκ,10Ξ‘γ,’†w¶,{ω‚Ή‚Έ
ή“,©“]Τ“,Ό‹{,Dκ‹Ψ,282049,•ΊΙ§,Ό‹{s,“c’†’¬,2022[sanitize]08[sanitize]26,19,κΛZ‘ξ,‚»‚Μ‘Ό,50Ξ‘γ,‚»‚Μ‘Ό,{ω‚Ή‚Έ
ή“,©“]Τ“,Ό‹{,Dκ‹Ψ,282049,•ΊΙ§,Ό‹{s,“c’†’¬,2022[sanitize]08[sanitize]31,18,‚»‚Μ‘Ό,’“Τi—Φjκ,20Ξ‘γ,‚»‚Μ‘Ό,{ω‚Ή‚Έ
ή“,©“]Τ“,Ό‹{,Dκ‹Ψ,282049,•ΊΙ§,Ό‹{s,“c’†’¬,2022[sanitize]09[sanitize]01,21,‚SK‚ΔΘγ‹¤“―Z‘ξ,’“Τi—Φjκ,10Ξ‘γ,‚»‚Μ‘Ό,{ω‚µ‚½
ή“,©“]Τ“,Ό‹{,Dκ‹Ψ,282049,•ΊΙ§,Ό‹{s,“c’†’¬,2022[sanitize]09[sanitize]09,15,“ΉHγ,‚»‚Μ‘Ό,10Ξ‘γ,‚Z¶,{ω‚µ‚½
ή“,©“]Τ“,Ό‹{,Dκ‹Ψ,282049,•ΊΙ§,Ό‹{s,“c’†’¬,2022[sanitize]09[sanitize]20,08,‚»‚Μ‘Ό,’“Τi—Φjκ,10Ξ‘γ,‚Z¶,{ω‚Ή‚Έ
ή“,©“]Τ“,Ό‹{,Dκ‹Ψ,282049,•ΊΙ§,Ό‹{s,“c’†’¬,2022[sanitize]10[sanitize]14,12,’“Τi—Φjκ,’“Τi—Φjκ,30Ξ‘γ,‚»‚Μ‘Ό,{ω‚Ή‚Έ
ή“,©“]Τ“,Ό‹{,Dκ‹Ψ,282049,•ΊΙ§,Ό‹{s,“c’†’¬,2022[sanitize]10[sanitize]14,17,‚»‚Μ‘Ό,’“Τi—Φjκ,20Ξ‘γ,‚»‚Μ‘Ό,{ω‚Ή‚Έ
ή“,©“]Τ“,Ό‹{,Dκ‹Ψ,282049,•ΊΙ§,Ό‹{s,“c’†’¬,2022[sanitize]10[sanitize]22,00,‚»‚Μ‘Ό,’“Τi—Φjκ,40Ξ‘γ,‚»‚Μ‘Ό,{ω‚Ή‚Έ
ή“,©“]Τ“,Ό‹{,Dκ‹Ψ,282049,•ΊΙ§,Ό‹{s,“c’†’¬,2022[sanitize]10[sanitize]22,15,’“Τi—Φjκ,’“Τi—Φjκ,10Ξ‘γ,‘εw¶,{ω‚Ή‚Έ
ή“,©“]Τ“,Ό‹{,Dκ‹Ψ,282049,•ΊΙ§,Ό‹{s,“c’†’¬,2022[sanitize]10[sanitize]31,09,’“Τi—Φjκ,’“Τi—Φjκ,40Ξ‘γ,‚»‚Μ‘Ό,{ω‚Ή‚Έ
ή“,©“]Τ“,Ό‹{,Dκ‹Ψ,282049,•ΊΙ§,Ό‹{s,“c’†’¬,2022[sanitize]11[sanitize]11,06,’“Τi—Φjκ,’“Τi—Φjκ,50Ξ‘γ,‚»‚Μ‘Ό,{ω‚Ή‚Έ
ή“,©“]Τ“,Ό‹{,Dκ‹Ψ,282049,•ΊΙ§,Ό‹{s,“c’†’¬,2022[sanitize]11[sanitize]11,17,‚»‚Μ‘Ό,’“Τi—Φjκ,20Ξ‘γ,‚»‚Μ‘Ό,{ω‚µ‚½
ή“,©“]Τ“,Ό‹{,Dκ‹Ψ,282049,•ΊΙ§,Ό‹{s,“c’†’¬,2022[sanitize]11[sanitize]30,20,“ΉHγ,‚»‚Μ‘Ό,10Ξ‘γ,’†w¶,{ω‚Ή‚Έ
ή“,©“]Τ“,Ό‹{,Dκ‹Ψ,282049,•ΊΙ§,Ό‹{s,Λ“c’¬,2022[sanitize]04[sanitize]15,20,“ΉHγ,‚»‚Μ‘Ό,50Ξ‘γ,‚»‚Μ‘Ό,{ω‚Ή‚Έ
ή“,©“]Τ“,Ό‹{,Dκ‹Ψ,282049,•ΊΙ§,Ό‹{s,Λ“c’¬,2022[sanitize]07[sanitize]07,03,“ΉHγ,‚»‚Μ‘Ό,30Ξ‘γ,‚»‚Μ‘Ό,{ω‚Ή‚Έ
ή“,©“]Τ“,Ό‹{,Dκ‹Ψ,282049,•ΊΙ§,Ό‹{s,Λ“c’¬,2022[sanitize]07[sanitize]07,20,“ΉHγ,‚»‚Μ‘Ό,40Ξ‘γ,‚»‚Μ‘Ό,{ω‚µ‚½
ή“,©“]Τ“,Ό‹{,Dκ‹Ψ,282049,•ΊΙ§,Ό‹{s,Λ“c’¬,2022[sanitize]09[sanitize]04,02,“ΉHγ,‚»‚Μ‘Ό,20Ξ‘γ,‚»‚Μ‘Ό,{ω‚Ή‚Έ
ή“,©“]Τ“,Ό‹{,Dκ‹Ψ,282049,•ΊΙ§,Ό‹{s,•l’¬,2022[sanitize]05[sanitize]16,07,‚»‚Μ‘Ό,’“Τi—Φjκ,70ΞΘγ,‚»‚Μ‘Ό,{ω‚Ή‚Έ
ή“,©“]Τ“,Ό‹{,Dκ‹Ψ,282049,•ΊΙ§,Ό‹{s,•l’¬,2022[sanitize]08[sanitize]21,17,κΛZ‘ξ,‚»‚Μ‘Ό,20Ξ‘γ,‘εw¶,{ω‚Ή‚Έ
ή“,©“]Τ“,Ό‹{,Dκ‹Ψ,282049,•ΊΙ§,Ό‹{s,”nκ’¬,2022[sanitize]02[sanitize]17,09,“ΉHγ,‚»‚Μ‘Ό,50Ξ‘γ,‚»‚Μ‘Ό,{ω‚µ‚½
ή“,©“]Τ“,Ό‹{,Dκ‹Ψ,282049,•ΊΙ§,Ό‹{s,”nκ’¬,2022[sanitize]05[sanitize]15,15,‚SK‚ΔΘγ‹¤“―Z‘ξ,’“Τi—Φjκ,50Ξ‘γ,‚»‚Μ‘Ό,{ω‚µ‚½
ή“,©“]Τ“,Ό‹{,Dκ‹Ψ,282049,•ΊΙ§,Ό‹{s,”nκ’¬,2022[sanitize]05[sanitize]18,18,‚SK‚ΔΘγ‹¤“―Z‘ξ,’“Τi—Φjκ,10Ξ‘γ,‚Z¶,{ω‚Ή‚Έ
ή“,©“]Τ“,Ό‹{,Dκ‹Ψ,282049,•ΊΙ§,Ό‹{s,”nκ’¬,2022[sanitize]09[sanitize]26,20,‚SK‚ΔΘγ‹¤“―Z‘ξ,’“Τi—Φjκ,10Ξ‘γ,‚Z¶,{ω‚Ή‚Έ
ή“,©“]Τ“,Ό‹{,Dκ‹Ψ,282049,•ΊΙ§,Ό‹{s,–{’¬,2022[sanitize]03[sanitize]14,17,“ΉHγ,‚»‚Μ‘Ό,30Ξ‘γ,‚»‚Μ‘Ό,{ω‚Ή‚Έ
ή“,©“]Τ“,Ό‹{,Dκ‹Ψ,282049,•ΊΙ§,Ό‹{s,–{’¬,2022[sanitize]06[sanitize]16,20,“ΉHγ,‚»‚Μ‘Ό,20Ξ‘γ,‚»‚Μ‘Ό,{ω‚Ή‚Έ
ή“,©“]Τ“,Ό‹{,Dκ‹Ψ,282049,•ΊΙ§,Ό‹{s,–{’¬,2022[sanitize]06[sanitize]24,05,“ΉHγ,‚»‚Μ‘Ό,20Ξ‘γ,‚»‚Μ‘Ό,{ω‚Ή‚Έ
ή“,©“]Τ“,Ό‹{,Dκ‹Ψ,282049,•ΊΙ§,Ό‹{s,‹{‘O’¬,2022[sanitize]07[sanitize]08,15,“ΉHγ,‚»‚Μ‘Ό,40Ξ‘γ,‚»‚Μ‘Ό,{ω‚µ‚½
ή“,©“]Τ“,Ό‹{,Dκ‹Ψ,282049,•ΊΙ§,Ό‹{s,Z’X›’¬,2022[sanitize]02[sanitize]05,06,‚SK‚ΔΘγ‹¤“―Z‘ξ,’“Τi—Φjκ,65[sanitize]69Ξ,‚»‚Μ‘Ό,{ω‚Ή‚Έ
ή“,©“]Τ“,Ό‹{,Dκ‹Ψ,282049,•ΊΙ§,Ό‹{s,Z’X›’¬,2022[sanitize]03[sanitize]19,15,“ΉHγ,‚»‚Μ‘Ό,10Ξ‘γ,’†w¶,{ω‚Ή‚Έ
ή“,©“]Τ“,Ό‹{,Dκ‹Ψ,282049,•ΊΙ§,Ό‹{s,Z’X›’¬,2022[sanitize]05[sanitize]05,17,‚»‚Μ‘Ό,‚»‚Μ‘Ό,20Ξ‘γ,‘εw¶,{ω‚Ή‚Έ
ή“,©“]Τ“,Ό‹{,Dκ‹Ψ,282049,•ΊΙ§,Ό‹{s,Z’X›’¬,2022[sanitize]06[sanitize]06,19,“ΉHγ,‚»‚Μ‘Ό,10Ξ‘γ,‘εw¶,{ω‚Ή‚Έ
ή“,©“]Τ“,Ό‹{,Dκ‹Ψ,282049,•ΊΙ§,Ό‹{s,Z’X›’¬,2022[sanitize]06[sanitize]10,13,‚»‚Μ‘Ό,’“Τi—Φjκ,30Ξ‘γ,‚»‚Μ‘Ό,{ω‚µ‚½
ή“,©“]Τ“,Ό‹{,Dκ‹Ψ,282049,•ΊΙ§,Ό‹{s,Z’X›’¬,2022[sanitize]06[sanitize]10,23,‚»‚Μ‘Ό,’“Τi—Φjκ,30Ξ‘γ,‚»‚Μ‘Ό,{ω‚Ή‚Έ
ή“,©“]Τ“,Ό‹{,Dκ‹Ψ,282049,•ΊΙ§,Ό‹{s,Z’X›’¬,2022[sanitize]06[sanitize]20,23,“ΉHγ,‚»‚Μ‘Ό,10Ξ‘γ,‚»‚Μ‘Ό,{ω‚Ή‚Έ
ή“,©“]Τ“,Ό‹{,Dκ‹Ψ,282049,•ΊΙ§,Ό‹{s,Z’X›’¬,2022[sanitize]07[sanitize]13,15,‚»‚Μ‘Ό,’“Τi—Φjκ,65[sanitize]69Ξ,‚»‚Μ‘Ό,{ω‚Ή‚Έ
ή“,©“]Τ“,Ό‹{,Dκ‹Ψ,282049,•ΊΙ§,Ό‹{s,Z’X›’¬,2022[sanitize]07[sanitize]22,22,“ΉHγ,‚»‚Μ‘Ό,50Ξ‘γ,‚»‚Μ‘Ό,{ω‚µ‚½
ή“,©“]Τ“,Ό‹{,Dκ‹Ψ,282049,•ΊΙ§,Ό‹{s,Z’X›’¬,2022[sanitize]07[sanitize]25,19,‚»‚Μ‘Ό,’“Τi—Φjκ,10Ξ‘γ,‘εw¶,{ω‚Ή‚Έ
ή“,©“]Τ“,Ό‹{,Dκ‹Ψ,282049,•ΊΙ§,Ό‹{s,Z’X›’¬,2022[sanitize]08[sanitize]05,22,‚»‚Μ‘Ό,’“Τi—Φjκ,20Ξ‘γ,‘εw¶,{ω‚Ή‚Έ
ή“,©“]Τ“,Ό‹{,Dκ‹Ψ,282049,•ΊΙ§,Ό‹{s,Z’X›’¬,2022[sanitize]08[sanitize]06,07,‚»‚Μ‘Ό,’“Τi—Φjκ,10Ξ‘γ,‚Z¶,{ω‚Ή‚Έ
ή“,©“]Τ“,Ό‹{,Dκ‹Ψ,282049,•ΊΙ§,Ό‹{s,Z’X›’¬,2022[sanitize]08[sanitize]18,19,“ΉHγ,‚»‚Μ‘Ό,30Ξ‘γ,‚»‚Μ‘Ό,{ω‚µ‚½
ή“,©“]Τ“,Ό‹{,Dκ‹Ψ,282049,•ΊΙ§,Ό‹{s,Z’X›’¬,2022[sanitize]08[sanitize]23,12,‚»‚Μ‘Ό,’“Τi—Φjκ,20Ξ‘γ,‚»‚Μ‘Ό,{ω‚Ή‚Έ
ή“,©“]Τ“,Ό‹{,Dκ‹Ψ,282049,•ΊΙ§,Ό‹{s,Z’X›’¬,2022[sanitize]09[sanitize]27,22,“ΉHγ,‚»‚Μ‘Ό,20Ξ‘γ,‘εw¶,{ω‚Ή‚Έ
ή“,©“]Τ“,Ό‹{,Dκ‹Ψ,282049,•ΊΙ§,Ό‹{s,Z’X›’¬,2022[sanitize]10[sanitize]16,03,“ΉHγ,‚»‚Μ‘Ό,10Ξ‘γ,‘εw¶,{ω‚Ή‚Έ
ή“,©“]Τ“,Ό‹{,Dκ‹Ψ,282049,•ΊΙ§,Ό‹{s,Z’X›’¬,2022[sanitize]10[sanitize]28,23,“ΉHγ,‚»‚Μ‘Ό,10Ξ‘γ,‚Z¶,{ω‚Ή‚Έ
ή“,©“]Τ“,Ό‹{,Dκ‹Ψ,282049,•ΊΙ§,Ό‹{s,Z’X›’¬,2022[sanitize]11[sanitize]04,08,‚»‚Μ‘Ό,’“Τi—Φjκ,20Ξ‘γ,‚»‚Μ‘Ό,{ω‚Ή‚Έ
ή“,©“]Τ“,Ό‹{,Dκ‹Ψ,282049,•ΊΙ§,Ό‹{s,Z’X›’¬,2022[sanitize]12[sanitize]09,00,’“Τi—Φjκ,’“Τi—Φjκ,20Ξ‘γ,‘εw¶,{ω‚Ή‚Έ
ή“,©“]Τ“,Ό‹{,Dκ‹Ψ,282049,•ΊΙ§,Ό‹{s,Z’X›’¬,2022[sanitize]12[sanitize]24,00,“ΉHγ,‚»‚Μ‘Ό,10Ξ‘γ,‚»‚Μ‘Ό,{ω‚Ή‚Έ
ή“,©“]Τ“,Ό‹{,Dκ‹Ψ,282049,•ΊΙ§,Ό‹{s,aγ’¬,2022[sanitize]05[sanitize]17,07,‚»‚Μ‘Ό,’“Τi—Φjκ,60[sanitize]64Ξ,‚»‚Μ‘Ό,{ω‚µ‚½
ή“,©“]Τ“,Ό‹{,b“‰€,282049,•ΊΙ§,Ό‹{s,γ‘εs‚P’–Ϊ,2022[sanitize]03[sanitize]26,22,‚SK‚ΔΘγ‹¤“―Z‘ξ,’“Τi—Φjκ,20Ξ‘γ,‘εw¶,{ω‚Ή‚Έ
ή“,©“]Τ“,Ό‹{,b“‰€,282049,•ΊΙ§,Ό‹{s,γ‘εs‚P’–Ϊ,2022[sanitize]04[sanitize]17,01,κΛZ‘ξ,’“Τi—Φjκ,20Ξ‘γ,‘εw¶,{ω‚Ή‚Έ
ή“,©“]Τ“,Ό‹{,b“‰€,282049,•ΊΙ§,Ό‹{s,γ‘εs‚R’–Ϊ,2022[sanitize]03[sanitize]04,07,‚»‚Μ‘Ό‚ΜZ‘ξi‚RK‚ΔΘ‰Ί‹¤“―Z‘ξ“™j,’“Τi—Φjκ,20Ξ‘γ,‘εw¶,{ω‚µ‚½
ή“,©“]Τ“,Ό‹{,b“‰€,282049,•ΊΙ§,Ό‹{s,γ‘εs‚R’–Ϊ,2022[sanitize]05[sanitize]17,19,‚»‚Μ‘Ό‚ΜZ‘ξi‚RK‚ΔΘ‰Ί‹¤“―Z‘ξ“™j,’“Τi—Φjκ,20Ξ‘γ,‘εw¶,{ω‚µ‚½
ή“,©“]Τ“,Ό‹{,b“‰€,282049,•ΊΙ§,Ό‹{s,γb“‰€‚S’–Ϊ,2022[sanitize]07[sanitize]20,10,’“Τi—Φjκ,’“Τi—Φjκ,20Ξ‘γ,‘εw¶,{ω‚µ‚½
ή“,©“]Τ“,Ό‹{,b“‰€,282049,•ΊΙ§,Ό‹{s,_τ’¬,2022[sanitize]10[sanitize]16,22,κΛZ‘ξ,’“Τi—Φjκ,10Ξ‘γ,‚Z¶,{ω‚Ή‚Έ
ή“,©“]Τ“,Ό‹{,b“‰€,282049,•ΊΙ§,Ό‹{s,b“‰€‚P’–Ϊ,2022[sanitize]01[sanitize]18,17,‚SK‚ΔΘγ‹¤“―Z‘ξ,’“Τi—Φjκ,10Ξ‘γ,¬w¶,{ω‚Ή‚Έ
ή“,©“]Τ“,Ό‹{,b“‰€,282049,•ΊΙ§,Ό‹{s,b“‰€‚P’–Ϊ,2022[sanitize]02[sanitize]04,11,‚SK‚ΔΘγ‹¤“―Z‘ξ,’“Τi—Φjκ,20Ξ‘γ,‘εw¶,{ω‚µ‚½
ή“,©“]Τ“,Ό‹{,b“‰€,282049,•ΊΙ§,Ό‹{s,b“‰€‚P’–Ϊ,2022[sanitize]11[sanitize]11,10,‚»‚Μ‘Ό,’“Τi—Φjκ,60[sanitize]64Ξ,‚»‚Μ‘Ό,{ω‚Ή‚Έ
ή“,©“]Τ“,Ό‹{,b“‰€,282049,•ΊΙ§,Ό‹{s,b“‰€‚P’–Ϊ,2022[sanitize]11[sanitize]28,20,‚SK‚ΔΘγ‹¤“―Z‘ξ,’“Τi—Φjκ,40Ξ‘γ,‚»‚Μ‘Ό,{ω‚µ‚½
ή“,©“]Τ“,Ό‹{,b“‰€,282049,•ΊΙ§,Ό‹{s,b“‰€‚Q’–Ϊ,2022[sanitize]08[sanitize]24,22,κΛZ‘ξ,’“Τi—Φjκ,10Ξ‘γ,’†w¶,{ω‚Ή‚Έ
ή“,©“]Τ“,Ό‹{,b“‰€,282049,•ΊΙ§,Ό‹{s,b“‰€‚R’–Ϊ,2022[sanitize]09[sanitize]26,22,‚SK‚ΔΘγ‹¤“―Z‘ξ,‚»‚Μ‘Ό,50Ξ‘γ,‚»‚Μ‘Ό,{ω‚Ή‚Έ
ή“,©“]Τ“,Ό‹{,b“‰€,282049,•ΊΙ§,Ό‹{s,b“‰€‚R’–Ϊ,2022[sanitize]10[sanitize]27,22,‚»‚Μ‘Ό‚ΜZ‘ξi‚RK‚ΔΘ‰Ί‹¤“―Z‘ξ“™j,’“Τi—Φjκ,10Ξ‘γ,‘εw¶,{ω‚Ή‚Έ
ή“,©“]Τ“,Ό‹{,b“‰€,282049,•ΊΙ§,Ό‹{s,ΌβΫ‘‘,2022[sanitize]03[sanitize]24,09,‚SK‚ΔΘγ‹¤“―Z‘ξ,’“Τi—Φjκ,30Ξ‘γ,‚»‚Μ‘Ό,{ω‚µ‚½
ή“,©“]Τ“,Ό‹{,b“‰€,282049,•ΊΙ§,Ό‹{s,ΌβΫ‘‘,2022[sanitize]04[sanitize]08,07,’“Τi—Φjκ,’“Τi—Φjκ,10Ξ‘γ,‘εw¶,{ω‚µ‚½
ή“,©“]Τ“,Ό‹{,b“‰€,282049,•ΊΙ§,Ό‹{s,ΌβΫ‘‘,2022[sanitize]10[sanitize]05,23,‚»‚Μ‘Ό‚ΜZ‘ξi‚RK‚ΔΘ‰Ί‹¤“―Z‘ξ“™j,’“Τi—Φjκ,20Ξ‘γ,‘εw¶,{ω‚Ή‚Έ
ή“,©“]Τ“,Ό‹{,b“‰€,282049,•ΊΙ§,Ό‹{s,ΌβΫ‘‘,2022[sanitize]10[sanitize]06,08,‚»‚Μ‘Ό‚ΜZ‘ξi‚RK‚ΔΘ‰Ί‹¤“―Z‘ξ“™j,’“Τi—Φjκ,20Ξ‘γ,‚»‚Μ‘Ό,{ω‚Ή‚Έ
ή“,©“]Τ“,Ό‹{,b“‰€,282049,•ΊΙ§,Ό‹{s,ΌβΫ‘‘,2022[sanitize]10[sanitize]08,19,“ΉHγ,‚»‚Μ‘Ό,20Ξ‘γ,‘εw¶,{ω‚Ή‚Έ
ή“,©“]Τ“,Ό‹{,b“‰€,282049,•ΊΙ§,Ό‹{s,’iγ’¬‚Q’–Ϊ,2022[sanitize]07[sanitize]22,02,‚SK‚ΔΘγ‹¤“―Z‘ξ,‚»‚Μ‘Ό,10Ξ‘γ,‘εw¶,{ω‚Ή‚Έ
ή“,©“]Τ“,Ό‹{,b“‰€,282049,•ΊΙ§,Ό‹{s,’iγ’¬‚T’–Ϊ,2022[sanitize]09[sanitize]24,07,‚»‚Μ‘Ό,’“Τi—Φjκ,20Ξ‘γ,‘εw¶,{ω‚µ‚½
ή“,©“]Τ“,Ό‹{,b“‰€,282049,•ΊΙ§,Ό‹{s,mμ’¬‚R’–Ϊ,2022[sanitize]11[sanitize]01,16,κΛZ‘ξ,’“Τi—Φjκ,10Ξ‘γ,¬w¶,{ω‚µ‚½
ή“,©“]Τ“,Ό‹{,b•‹΄,282049,•ΊΙ§,Ό‹{s,κ—ΆR’¬,2022[sanitize]11[sanitize]23,18,‚SK‚ΔΘγ‹¤“―Z‘ξ,’“Τi—Φjκ,70ΞΘγ,‚»‚Μ‘Ό,{ω‚µ‚½
ή“,©“]Τ“,Ό‹{,b•‹΄,282049,•ΊΙ§,Ό‹{s,γ‘εs‚T’–Ϊ,2022[sanitize]08[sanitize]20,09,κΛZ‘ξ,‚»‚Μ‘Ό,70ΞΘγ,‚»‚Μ‘Ό,{ω‚Ή‚Έ
ή“,©“]Τ“,Ό‹{,b•‹΄,282049,•ΊΙ§,Ό‹{s,’iγ’¬‚U’–Ϊ,2022[sanitize]09[sanitize]26,20,κΛZ‘ξ,’“Τi—Φjκ,30Ξ‘γ,‚»‚Μ‘Ό,{ω‚Ή‚Έ
ή“,©“]Τ“,Ό‹{,b•‹΄,282049,•ΊΙ§,Ό‹{s,’iγ’¬‚V’–Ϊ,2022[sanitize]09[sanitize]25,15,‚»‚Μ‘Ό,‚»‚Μ‘Ό,10Ξ‘γ,’†w¶,{ω‚Ή‚Έ
ή“,©“]Τ“,Ό‹{,b•‹΄,282049,•ΊΙ§,Ό‹{s,”σƒmϋ’¬‚Q’–Ϊ,2022[sanitize]01[sanitize]22,14,κΛZ‘ξ,’“Τi—Φjκ,70ΞΘγ,‚»‚Μ‘Ό,{ω‚µ‚½
ή“,©“]Τ“,Ό‹{,b•‹΄,282049,•ΊΙ§,Ό‹{s,”σƒmϋ’¬‚Q’–Ϊ,2022[sanitize]04[sanitize]28,18,‚»‚Μ‘Ό‚ΜZ‘ξi‚RK‚ΔΘ‰Ί‹¤“―Z‘ξ“™j,’“Τi—Φjκ,10Ξ‘γ,‚Z¶,{ω‚Ή‚Έ
ή“,©“]Τ“,Ό‹{,b•‹΄,282049,•ΊΙ§,Ό‹{s,αR’¬,2022[sanitize]03[sanitize]24,16,‚SK‚ΔΘγ‹¤“―Z‘ξ,’“Τi—Φjκ,50Ξ‘γ,‚»‚Μ‘Ό,{ω‚µ‚½
ή“,©“]Τ“,Ό‹{,b—z‰€,282049,•ΊΙ§,Ό‹{s,κƒP’J’¬,2022[sanitize]09[sanitize]17,08,‚»‚Μ‘Ό,‚»‚Μ‘Ό,20Ξ‘γ,‘εw¶,{ω‚Ή‚Έ
ή“,©“]Τ“,Ό‹{,b—z‰€,282049,•ΊΙ§,Ό‹{s,Z¬’¬,2022[sanitize]10[sanitize]14,18,“ΉHγ,‚»‚Μ‘Ό,60[sanitize]64Ξ,‚»‚Μ‘Ό,{ω‚µ‚½
ή“,©“]Τ“,Ό‹{,Π‘O,282049,•ΊΙ§,Ό‹{s,΅’Γ‹vυμ’¬,2022[sanitize]05[sanitize]12,17,’“Τi—Φjκ,’“Τi—Φjκ,40Ξ‘γ,‚»‚Μ‘Ό,{ω‚Ή‚Έ
ή“,©“]Τ“,Ό‹{,Π‘O,282049,•ΊΙ§,Ό‹{s,΅’ΓΠ‘O’¬,2022[sanitize]10[sanitize]10,12,‚»‚Μ‘Ό,’“Τi—Φjκ,40Ξ‘γ,‚»‚Μ‘Ό,{ω‚µ‚½
ή“,©“]Τ“,Ό‹{,Π‘O,282049,•ΊΙ§,Ό‹{s,΅’Γ’F’¬,2021[sanitize]11[sanitize]09,15,‚»‚Μ‘Ό,’“Τi—Φjκ,40Ξ‘γ,‚»‚Μ‘Ό,{ω‚µ‚½
ή“,©“]Τ“,Ό‹{,Π‘O,282049,•ΊΙ§,Ό‹{s,΅’Γ’F’¬,2022[sanitize]01[sanitize]15,12,‚SK‚ΔΘγ‹¤“―Z‘ξ,’“Τi—Φjκ,30Ξ‘γ,‚»‚Μ‘Ό,{ω‚Ή‚Έ
ή“,©“]Τ“,Ό‹{,Π‘O,282049,•ΊΙ§,Ό‹{s,΅’Γ’F’¬,2022[sanitize]03[sanitize]20,15,‚SK‚ΔΘγ‹¤“―Z‘ξ,’“Τi—Φjκ,50Ξ‘γ,‚»‚Μ‘Ό,{ω‚µ‚½
ή“,©“]Τ“,Ό‹{,Π‘O,282049,•ΊΙ§,Ό‹{s,΅’Γ’F’¬,2022[sanitize]05[sanitize]18,19,‚SK‚ΔΘγ‹¤“―Z‘ξ,’“Τi—Φjκ,10Ξ‘γ,¬w¶,{ω‚µ‚½
ή“,©“]Τ“,Ό‹{,Π‘O,282049,•ΊΙ§,Ό‹{s,΅’Γoέ‰Ζ’¬,2022[sanitize]08[sanitize]09,16,‚»‚Μ‘Ό,’“Τi—Φjκ,10Ξ‘γ,‘εw¶,{ω‚µ‚½
ή“,©“]Τ“,Ό‹{,Π‘O,282049,•ΊΙ§,Ό‹{s,΅’Γoέ‰Ζ’¬,2022[sanitize]10[sanitize]02,15,‚»‚Μ‘Ό,’“Τi—Φjκ,10Ξ‘γ,‚Z¶,{ω‚µ‚½
ή“,©“]Τ“,Ό‹{,Π‘O,282049,•ΊΙ§,Ό‹{s,΅’Γoέ‰Ζ’¬,2022[sanitize]10[sanitize]28,06,‚»‚Μ‘Ό,’“Τi—Φjκ,60[sanitize]64Ξ,‚»‚Μ‘Ό,{ω‚µ‚½
ή“,©“]Τ“,Ό‹{,Π‘O,282049,•ΊΙ§,Ό‹{s,΅’Γ“ρ—t’¬,2022[sanitize]06[sanitize]25,20,“ΉHγ,‚»‚Μ‘Ό,30Ξ‘γ,‚»‚Μ‘Ό,{ω‚µ‚½
ή“,©“]Τ“,Ό‹{,Π‘O,282049,•ΊΙ§,Ό‹{s,΅’Γ“ρ—t’¬,2022[sanitize]08[sanitize]25,13,“ΉHγ,‚»‚Μ‘Ό,10Ξ‘γ,‚Z¶,{ω‚µ‚½
ή“,©“]Τ“,Ό‹{,Π‘O,282049,•ΊΙ§,Ό‹{s,΅’Γ^»’¬,2022[sanitize]03[sanitize]11,18,‚SK‚ΔΘγ‹¤“―Z‘ξ,’“Τi—Φjκ,30Ξ‘γ,‚»‚Μ‘Ό,{ω‚µ‚½
ή“,©“]Τ“,Ό‹{,Π‘O,282049,•ΊΙ§,Ό‹{s,΅’Γ^»’¬,2022[sanitize]06[sanitize]09,16,‚SK‚ΔΘγ‹¤“―Z‘ξ,’“Τi—Φjκ,20Ξ‘γ,‘εw¶,{ω‚µ‚½
ή“,©“]Τ“,Ό‹{,Π‘O,282049,•ΊΙ§,Ό‹{s,΅’Γ^»’¬,2022[sanitize]06[sanitize]26,22,‚SK‚ΔΘγ‹¤“―Z‘ξ,’“Τi—Φjκ,20Ξ‘γ,‚»‚Μ‘Ό,{ω‚µ‚½
ή“,©“]Τ“,Ό‹{,Π‘O,282049,•ΊΙ§,Ό‹{s,΅’Γ^»’¬,2022[sanitize]11[sanitize]05,18,‚SK‚ΔΘγ‹¤“―Z‘ξ,’“Τi—Φjκ,20Ξ‘γ,‘εw¶,{ω‚Ή‚Έ
ή“,©“]Τ“,Ό‹{,Π‘O,282049,•ΊΙ§,Ό‹{s,΅’Γ^»’¬,2022[sanitize]11[sanitize]25,23,‚SK‚ΔΘγ‹¤“―Z‘ξ,’“Τi—Φjκ,30Ξ‘γ,‚»‚Μ‘Ό,{ω‚µ‚½
ή“,©“]Τ“,Ό‹{,Π‘O,282049,•ΊΙ§,Ό‹{s,΅’Γ^»’¬,2022[sanitize]12[sanitize]17,12,‚SK‚ΔΘγ‹¤“―Z‘ξ,’“Τi—Φjκ,70ΞΘγ,‚»‚Μ‘Ό,{ω‚Ή‚Έ
ή“,©“]Τ“,Ό‹{,Π‘O,282049,•ΊΙ§,Ό‹{s,΅’Γ…”g’¬,2022[sanitize]02[sanitize]10,22,‚SK‚ΔΘγ‹¤“―Z‘ξ,’“Τi—Φjκ,10Ξ‘γ,‚Z¶,{ω‚µ‚½
ή“,©“]Τ“,Ό‹{,Π‘O,282049,•ΊΙ§,Ό‹{s,΅’Γ…”g’¬,2022[sanitize]05[sanitize]05,08,‚SK‚ΔΘγ‹¤“―Z‘ξ,‚»‚Μ‘Ό,30Ξ‘γ,‚»‚Μ‘Ό,{ω‚µ‚½
ή“,©“]Τ“,Ό‹{,Π‘O,282049,•ΊΙ§,Ό‹{s,΅’Γ`’¬,2022[sanitize]04[sanitize]09,17,‚»‚Μ‘Ό,’“Τi—Φjκ,20Ξ‘γ,‘εw¶,{ω‚Ή‚Έ
ή“,©“]Τ“,Ό‹{,Π‘O,282049,•ΊΙ§,Ό‹{s,•lΌ΄’¬,2021[sanitize]12[sanitize]30,18,‚SK‚ΔΘγ‹¤“―Z‘ξ,’“Τi—Φjκ,50Ξ‘γ,‚»‚Μ‘Ό,{ω‚µ‚½
ή“,©“]Τ“,Ό‹{,Π‘O,282049,•ΊΙ§,Ό‹{s,•lΌ΄’¬,2022[sanitize]02[sanitize]25,16,‚»‚Μ‘Ό,’“Τi—Φjκ,70ΞΘγ,‚»‚Μ‘Ό,{ω‚Ή‚Έ
ή“,©“]Τ“,Ό‹{,Π‘O,282049,•ΊΙ§,Ό‹{s,“’¬‚P’–Ϊ,2022[sanitize]10[sanitize]05,15,“ΉHγ,‚»‚Μ‘Ό,65[sanitize]69Ξ,‚»‚Μ‘Ό,{ω‚Ή‚Έ
ή“,©“]Τ“,Ό‹{,Π‘O,282049,•ΊΙ§,Ό‹{s,“’¬‚Q’–Ϊ,2022[sanitize]01[sanitize]10,21,‚SK‚ΔΘγ‹¤“―Z‘ξ,’“Τi—Φjκ,10Ξ‘γ,‚Z¶,{ω‚Ή‚Έ
ή“,©“]Τ“,Ό‹{,°΄,282049,•ΊΙ§,Ό‹{s,°΄’¬,2022[sanitize]03[sanitize]23,17,‚»‚Μ‘Ό,’“Τi—Φjκ,10Ξ‘γ,¬w¶,{ω‚Ή‚Έ
ή“,©“]Τ“,Ό‹{,°΄,282049,•ΊΙ§,Ό‹{s,°΄’¬,2022[sanitize]03[sanitize]29,14,‚»‚Μ‘Ό,‚»‚Μ‘Ό,70ΞΘγ,‚»‚Μ‘Ό,{ω‚Ή‚Έ
ή“,©“]Τ“,Ό‹{,°΄,282049,•ΊΙ§,Ό‹{s,°΄’¬,2022[sanitize]03[sanitize]30,15,‚SK‚ΔΘγ‹¤“―Z‘ξ,’“Τi—Φjκ,70ΞΘγ,‚»‚Μ‘Ό,{ω‚Ή‚Έ
ή“,©“]Τ“,Ό‹{,°΄,282049,•ΊΙ§,Ό‹{s,Ό•’¬,2022[sanitize]03[sanitize]24,22,‚»‚Μ‘Ό,’“Τi—Φjκ,10Ξ‘γ,‚Z¶,{ω‚Ή‚Έ
ή“,©“]Τ“,Ό‹{,°΄,282049,•ΊΙ§,Ό‹{s,Ό•’¬,2022[sanitize]03[sanitize]25,23,“ΉHγ,‚»‚Μ‘Ό,20Ξ‘γ,‚»‚Μ‘Ό,{ω‚Ή‚Έ
ή“,©“]Τ“,Ό‹{,°΄,282049,•ΊΙ§,Ό‹{s,Ό•’¬,2022[sanitize]04[sanitize]26,07,’“Τi—Φjκ,’“Τi—Φjκ,50Ξ‘γ,‚»‚Μ‘Ό,{ω‚µ‚½
ή“,©“]Τ“,Ό‹{,°΄,282049,•ΊΙ§,Ό‹{s,Ό•’¬,2022[sanitize]05[sanitize]19,08,‚»‚Μ‘Ό,’“Τi—Φjκ,10Ξ‘γ,‘εw¶,{ω‚Ή‚Έ
ή“,©“]Τ“,Ό‹{,°΄,282049,•ΊΙ§,Ό‹{s,Ό•’¬,2022[sanitize]10[sanitize]02,22,‚»‚Μ‘Ό,’“Τi—Φjκ,20Ξ‘γ,‚»‚Μ‘Ό,{ω‚µ‚½
ή“,©“]Τ“,Ό‹{,°΄,282049,•ΊΙ§,Ό‹{s,Ό•’¬,2022[sanitize]10[sanitize]15,07,’“Τi—Φjκ,’“Τi—Φjκ,20Ξ‘γ,‚»‚Μ‘Ό,{ω‚µ‚½
ή“,©“]Τ“,Ό‹{,°΄,282049,•ΊΙ§,Ό‹{s,_–Ύ’¬,2022[sanitize]05[sanitize]07,23,“ΉHγ,‚»‚Μ‘Ό,70ΞΘγ,‚»‚Μ‘Ό,{ω‚µ‚½
ή“,©“]Τ“,Ό‹{,°΄,282049,•ΊΙ§,Ό‹{s,_–Ύ’¬,2022[sanitize]10[sanitize]05,00,‚»‚Μ‘Ό,’“Τi—Φjκ,10Ξ‘γ,’†w¶,{ω‚Ή‚Έ
ή“,©“]Τ“,Ό‹{,°΄,282049,•ΊΙ§,Ό‹{s,_‹_―’¬,2022[sanitize]01[sanitize]27,15,“ΉHγ,‚»‚Μ‘Ό,40Ξ‘γ,‚»‚Μ‘Ό,{ω‚Ή‚Έ
ή“,©“]Τ“,Ό‹{,°΄,282049,•ΊΙ§,Ό‹{s,_‹_―’¬,2022[sanitize]07[sanitize]06,21,κΛZ‘ξ,‚»‚Μ‘Ό,10Ξ‘γ,¬w¶,{ω‚Ή‚Έ
ή“,©“]Τ“,Ό‹{,°΄,282049,•ΊΙ§,Ό‹{s,’†{²’¬,2022[sanitize]10[sanitize]08,10,‚»‚Μ‘Ό‚ΜZ‘ξi‚RK‚ΔΘ‰Ί‹¤“―Z‘ξ“™j,’“Τi—Φjκ,20Ξ‘γ,‚»‚Μ‘Ό,{ω‚Ή‚Έ
ή“,©“]Τ“,Ό‹{,°΄,282049,•ΊΙ§,Ό‹{s,’†“a’¬,2022[sanitize]07[sanitize]14,20,‚SK‚ΔΘγ‹¤“―Z‘ξ,’“Τi—Φjκ,20Ξ‘γ,‚»‚Μ‘Ό,{ω‚µ‚½
ή“,©“]Τ“,Ό‹{,°΄,282049,•ΊΙ§,Ό‹{s,’†“a’¬,2022[sanitize]12[sanitize]09,14,‚SK‚ΔΘγ‹¤“―Z‘ξ,’“Τi—Φjκ,70ΞΘγ,‚»‚Μ‘Ό,{ω‚Ή‚Έ
ή“,©“]Τ“,Ό‹{,°΄,282049,•ΊΙ§,Ό‹{s,’†‘O“c’¬,2022[sanitize]02[sanitize]05,13,‚»‚Μ‘Ό‚ΜZ‘ξi‚RK‚ΔΘ‰Ί‹¤“―Z‘ξ“™j,‚»‚Μ‘Ό,10Ξ‘γ,‚Z¶,{ω‚µ‚½
ή“,©“]Τ“,Ό‹{,°΄,282049,•ΊΙ§,Ό‹{s,’†‘O“c’¬,2022[sanitize]03[sanitize]13,16,‚»‚Μ‘Ό,’“Τi—Φjκ,20Ξ‘γ,‘εw¶,{ω‚µ‚½
ή“,©“]Τ“,Ό‹{,°΄,282049,•ΊΙ§,Ό‹{s,’†‘O“c’¬,2022[sanitize]04[sanitize]28,08,‚SK‚ΔΘγ‹¤“―Z‘ξ,’“Τi—Φjκ,30Ξ‘γ,‚»‚Μ‘Ό,{ω‚Ή‚Έ
ή“,©“]Τ“,Ό‹{,°΄,282049,•ΊΙ§,Ό‹{s,’†‘O“c’¬,2022[sanitize]07[sanitize]18,21,‚»‚Μ‘Ό‚ΜZ‘ξi‚RK‚ΔΘ‰Ί‹¤“―Z‘ξ“™j,’“Τi—Φjκ,30Ξ‘γ,‚»‚Μ‘Ό,{ω‚Ή‚Έ
ή“,©“]Τ“,Ό‹{,°΄,282049,•ΊΙ§,Ό‹{s,’†‘O“c’¬,2022[sanitize]07[sanitize]24,19,“ΉHγ,‚»‚Μ‘Ό,30Ξ‘γ,‚»‚Μ‘Ό,{ω‚Ή‚Έ
ή“,©“]Τ“,Ό‹{,°΄,282049,•ΊΙ§,Ό‹{s,X‰Ί’¬,2022[sanitize]10[sanitize]02,04,‚SK‚ΔΘγ‹¤“―Z‘ξ,’“Τi—Φjκ,10Ξ‘γ,‚Z¶,{ω‚Ή‚Έ
ή“,©“]Τ“,Ό‹{,°΄,282049,•ΊΙ§,Ό‹{s,X‰Ί’¬,2022[sanitize]10[sanitize]25,08,‚SK‚ΔΘγ‹¤“―Z‘ξ,‚»‚Μ‘Ό,10Ξ‘γ,’†w¶,{ω‚µ‚½
ή“,©“]Τ“,Ό‹{,‹κy‰€,282049,•ΊΙ§,Ό‹{s,”“°’¬,2022[sanitize]08[sanitize]16,07,κΛZ‘ξ,‚»‚Μ‘Ό,10Ξ‘γ,‘εw¶,{ω‚µ‚½
ή“,©“]Τ“,Ό‹{,Ό‹{’†‰›,282049,•ΊΙ§,Ό‹{s,–kϋ’¬,2022[sanitize]01[sanitize]07,10,‚»‚Μ‘Ό,’“Τi—Φjκ,10Ξ‘γ,‘εw¶,{ω‚Ή‚Έ
ή“,©“]Τ“,Ό‹{,Ό‹{’†‰›,282049,•ΊΙ§,Ό‹{s,–kϋ’¬,2022[sanitize]01[sanitize]07,10,“ΉHγ,‚»‚Μ‘Ό,70ΞΘγ,‚»‚Μ‘Ό,{ω‚Ή‚Έ
ή“,©“]Τ“,Ό‹{,Ό‹{’†‰›,282049,•ΊΙ§,Ό‹{s,–kϋ’¬,2022[sanitize]01[sanitize]14,12,’“Τi—Φjκ,’“Τi—Φjκ,30Ξ‘γ,‚»‚Μ‘Ό,{ω‚Ή‚Έ
ή“,©“]Τ“,Ό‹{,Ό‹{’†‰›,282049,•ΊΙ§,Ό‹{s,–kϋ’¬,2022[sanitize]01[sanitize]20,12,‚»‚Μ‘Ό,’“Τi—Φjκ,50Ξ‘γ,‚»‚Μ‘Ό,{ω‚Ή‚Έ
ή“,©“]Τ“,Ό‹{,Ό‹{’†‰›,282049,•ΊΙ§,Ό‹{s,–kϋ’¬,2022[sanitize]01[sanitize]21,18,‚»‚Μ‘Ό,’“Τi—Φjκ,30Ξ‘γ,‚»‚Μ‘Ό,{ω‚µ‚½
ή“,©“]Τ“,Ό‹{,Ό‹{’†‰›,282049,•ΊΙ§,Ό‹{s,–kϋ’¬,2022[sanitize]02[sanitize]24,11,“ΉHγ,‚»‚Μ‘Ό,70ΞΘγ,‚»‚Μ‘Ό,{ω‚µ‚½
ή“,©“]Τ“,Ό‹{,Ό‹{’†‰›,282049,•ΊΙ§,Ό‹{s,–kϋ’¬,2022[sanitize]03[sanitize]04,07,‚»‚Μ‘Ό,’“Τi—Φjκ,10Ξ‘γ,‘εw¶,{ω‚Ή‚Έ
ή“,©“]Τ“,Ό‹{,Ό‹{’†‰›,282049,•ΊΙ§,Ό‹{s,–kϋ’¬,2022[sanitize]03[sanitize]14,08,‚»‚Μ‘Ό,’“Τi—Φjκ,10Ξ‘γ,‘εw¶,{ω‚µ‚½
ή“,©“]Τ“,Ό‹{,Ό‹{’†‰›,282049,•ΊΙ§,Ό‹{s,–kϋ’¬,2022[sanitize]05[sanitize]04,22,’“Τi—Φjκ,’“Τi—Φjκ,20Ξ‘γ,‚»‚Μ‘Ό,{ω‚µ‚½
ή“,©“]Τ“,Ό‹{,Ό‹{’†‰›,282049,•ΊΙ§,Ό‹{s,–kϋ’¬,2022[sanitize]06[sanitize]01,09,‚»‚Μ‘Ό,’“Τi—Φjκ,50Ξ‘γ,‚»‚Μ‘Ό,{ω‚µ‚½
ή“,©“]Τ“,Ό‹{,Ό‹{’†‰›,282049,•ΊΙ§,Ό‹{s,–kϋ’¬,2022[sanitize]06[sanitize]07,21,‚»‚Μ‘Ό,‚»‚Μ‘Ό,40Ξ‘γ,‚»‚Μ‘Ό,{ω‚Ή‚Έ
ή“,©“]Τ“,Ό‹{,Ό‹{’†‰›,282049,•ΊΙ§,Ό‹{s,–kϋ’¬,2022[sanitize]06[sanitize]12,21,‚»‚Μ‘Ό,’“Τi—Φjκ,20Ξ‘γ,‘εw¶,{ω‚Ή‚Έ
ή“,©“]Τ“,Ό‹{,Ό‹{’†‰›,282049,•ΊΙ§,Ό‹{s,–kϋ’¬,2022[sanitize]07[sanitize]01,12,‚»‚Μ‘Ό,’“Τi—Φjκ,65[sanitize]69Ξ,‚»‚Μ‘Ό,{ω‚µ‚½
ή“,©“]Τ“,Ό‹{,Ό‹{’†‰›,282049,•ΊΙ§,Ό‹{s,–kϋ’¬,2022[sanitize]07[sanitize]07,07,‚»‚Μ‘Ό,’“Τi—Φjκ,10Ξ‘γ,’†w¶,{ω‚Ή‚Έ
ή“,©“]Τ“,Ό‹{,Ό‹{’†‰›,282049,•ΊΙ§,Ό‹{s,–kϋ’¬,2022[sanitize]07[sanitize]21,07,‚»‚Μ‘Ό,’“Τi—Φjκ,20Ξ‘γ,‘εw¶,{ω‚µ‚½
ή“,©“]Τ“,Ό‹{,Ό‹{’†‰›,282049,•ΊΙ§,Ό‹{s,–kϋ’¬,2022[sanitize]08[sanitize]01,07,‚»‚Μ‘Ό,’“Τi—Φjκ,40Ξ‘γ,‚»‚Μ‘Ό,{ω‚Ή‚Έ
ή“,©“]Τ“,Ό‹{,Ό‹{’†‰›,282049,•ΊΙ§,Ό‹{s,–kϋ’¬,2022[sanitize]08[sanitize]08,13,‚»‚Μ‘Ό,’“Τi—Φjκ,70ΞΘγ,‚»‚Μ‘Ό,{ω‚µ‚½
ή“,©“]Τ“,Ό‹{,Ό‹{’†‰›,282049,•ΊΙ§,Ό‹{s,–kϋ’¬,2022[sanitize]08[sanitize]22,11,‚»‚Μ‘Ό,’“Τi—Φjκ,10Ξ‘γ,‚Z¶,{ω‚µ‚½
ή“,©“]Τ“,Ό‹{,Ό‹{’†‰›,282049,•ΊΙ§,Ό‹{s,–kϋ’¬,2022[sanitize]08[sanitize]31,14,‚»‚Μ‘Ό,’“Τi—Φjκ,50Ξ‘γ,‚»‚Μ‘Ό,{ω‚µ‚½
ή“,©“]Τ“,Ό‹{,Ό‹{’†‰›,282049,•ΊΙ§,Ό‹{s,–kϋ’¬,2022[sanitize]10[sanitize]04,11,‚»‚Μ‘Ό,’“Τi—Φjκ,20Ξ‘γ,‚»‚Μ‘Ό,{ω‚Ή‚Έ
ή“,©“]Τ“,Ό‹{,Ό‹{’†‰›,282049,•ΊΙ§,Ό‹{s,–kϋ’¬,2022[sanitize]10[sanitize]10,08,‚»‚Μ‘Ό,’“Τi—Φjκ,10Ξ‘γ,‚Z¶,{ω‚µ‚½
ή“,©“]Τ“,Ό‹{,Ό‹{’†‰›,282049,•ΊΙ§,Ό‹{s,–kϋ’¬,2022[sanitize]10[sanitize]29,14,“ΉHγ,‚»‚Μ‘Ό,70ΞΘγ,‚»‚Μ‘Ό,{ω‚µ‚½
ή“,©“]Τ“,Ό‹{,Ό‹{’†‰›,282049,•ΊΙ§,Ό‹{s,–kϋ’¬,2022[sanitize]11[sanitize]05,10,‚»‚Μ‘Ό,’“Τi—Φjκ,20Ξ‘γ,‚»‚Μ‘Ό,{ω‚Ή‚Έ
ή“,©“]Τ“,Ό‹{,Ό‹{’†‰›,282049,•ΊΙ§,Ό‹{s,–kϋ’¬,2022[sanitize]12[sanitize]08,06,‚»‚Μ‘Ό,’“Τi—Φjκ,10Ξ‘γ,‚Z¶,{ω‚µ‚½
ή“,©“]Τ“,Ό‹{,Ό‹{’†‰›,282049,•ΊΙ§,Ό‹{s,–kϋ’¬,2022[sanitize]12[sanitize]10,20,‚»‚Μ‘Ό,’“Τi—Φjκ,30Ξ‘γ,‚»‚Μ‘Ό,{ω‚µ‚½
ή“,©“]Τ“,Ό‹{,Ό‹{’†‰›,282049,•ΊΙ§,Ό‹{s,–kϋ’¬,2022[sanitize]12[sanitize]26,22,‚»‚Μ‘Ό,’“Τi—Φjκ,20Ξ‘γ,‚»‚Μ‘Ό,{ω‚Ή‚Έ
ή“,©“]Τ“,Ό‹{,Ό‹{’†‰›,282049,•ΊΙ§,Ό‹{s,–kΊa’¬,2022[sanitize]09[sanitize]18,12,‚SK‚ΔΘγ‹¤“―Z‘ξ,’“Τi—Φjκ,10Ξ‘γ,‘εw¶,{ω‚µ‚½
ή“,©“]Τ“,Ό‹{,Ό‹{’†‰›,282049,•ΊΙ§,Ό‹{s,‚–ΨΌ’¬,2022[sanitize]02[sanitize]15,17,‚SK‚ΔΘγ‹¤“―Z‘ξ,’“Τi—Φjκ,40Ξ‘γ,‚»‚Μ‘Ό,{ω‚µ‚½
ή“,©“]Τ“,Ό‹{,Ό‹{’†‰›,282049,•ΊΙ§,Ό‹{s,‚–ΨΌ’¬,2022[sanitize]04[sanitize]18,22,κΛZ‘ξ,’“Τi—Φjκ,20Ξ‘γ,‘εw¶,{ω‚Ή‚Έ
ή“,©“]Τ“,Ό‹{,Ό‹{’†‰›,282049,•ΊΙ§,Ό‹{s,‚–ΨΌ’¬,2022[sanitize]09[sanitize]10,18,κΛZ‘ξ,’“Τi—Φjκ,40Ξ‘γ,‚»‚Μ‘Ό,{ω‚Ή‚Έ
ή“,©“]Τ“,Ό‹{,Ό‹{’†‰›,282049,•ΊΙ§,Ό‹{s,‚–ΨΌ’¬,2022[sanitize]09[sanitize]30,23,‚»‚Μ‘Ό‚ΜZ‘ξi‚RK‚ΔΘ‰Ί‹¤“―Z‘ξ“™j,’“Τi—Φjκ,70ΞΘγ,‚»‚Μ‘Ό,{ω‚Ή‚Έ
ή“,©“]Τ“,Ό‹{,Ό‹{’†‰›,282049,•ΊΙ§,Ό‹{s,‚–ΨΌ’¬,2022[sanitize]12[sanitize]29,11,κΛZ‘ξ,’“Τi—Φjκ,60[sanitize]64Ξ,‚»‚Μ‘Ό,{ω‚Ή‚Έ
ή“,©“]Τ“,Ό‹{,Ό‹{’†‰›,282049,•ΊΙ§,Ό‹{s,‚–Ψ“’¬,2022[sanitize]01[sanitize]04,16,κΛZ‘ξ,‚»‚Μ‘Ό,60[sanitize]64Ξ,‚»‚Μ‘Ό,{ω‚Ή‚Έ
ή“,©“]Τ“,Ό‹{,Ό‹{’†‰›,282049,•ΊΙ§,Ό‹{s,‚–Ψ“’¬,2022[sanitize]03[sanitize]18,12,‚SK‚ΔΘγ‹¤“―Z‘ξ,’“Τi—Φjκ,10Ξ‘γ,‚Z¶,{ω‚Ή‚Έ
ή“,©“]Τ“,Ό‹{,Ό‹{’†‰›,282049,•ΊΙ§,Ό‹{s,‚–Ψ“’¬,2022[sanitize]04[sanitize]11,20,‚»‚Μ‘Ό‚ΜZ‘ξi‚RK‚ΔΘ‰Ί‹¤“―Z‘ξ“™j,’“Τi—Φjκ,20Ξ‘γ,‚»‚Μ‘Ό,{ω‚Ή‚Έ
ή“,©“]Τ“,Ό‹{,Ό‹{’†‰›,282049,•ΊΙ§,Ό‹{s,‚–Ψ“’¬,2022[sanitize]04[sanitize]23,18,‚SK‚ΔΘγ‹¤“―Z‘ξ,’“Τi—Φjκ,20Ξ‘γ,‚»‚Μ‘Ό,{ω‚Ή‚Έ
ή“,©“]Τ“,Ό‹{,Ό‹{’†‰›,282049,•ΊΙ§,Ό‹{s,‚–Ψ“’¬,2022[sanitize]06[sanitize]28,00,‚»‚Μ‘Ό‚ΜZ‘ξi‚RK‚ΔΘ‰Ί‹¤“―Z‘ξ“™j,’“Τi—Φjκ,20Ξ‘γ,‘εw¶,{ω‚Ή‚Έ
ή“,©“]Τ“,Ό‹{,Ό‹{’†‰›,282049,•ΊΙ§,Ό‹{s,‚–Ψ“’¬,2022[sanitize]08[sanitize]19,14,‚SK‚ΔΘγ‹¤“―Z‘ξ,‚»‚Μ‘Ό,10Ξ‘γ,‚Z¶,{ω‚Ή‚Έ
ή“,©“]Τ“,Ό‹{,Ό‹{’†‰›,282049,•ΊΙ§,Ό‹{s,‚–Ψ“’¬,2022[sanitize]11[sanitize]17,13,‚»‚Μ‘Ό‚ΜZ‘ξi‚RK‚ΔΘ‰Ί‹¤“―Z‘ξ“™j,’“Τi—Φjκ,50Ξ‘γ,‚»‚Μ‘Ό,{ω‚Ή‚Έ
ή“,©“]Τ“,Ό‹{,Ό‹{’†‰›,282049,•ΊΙ§,Ό‹{s,‚”¨’¬,2022[sanitize]03[sanitize]19,18,‚SK‚ΔΘγ‹¤“―Z‘ξ,’“Τi—Φjκ,40Ξ‘γ,‚»‚Μ‘Ό,{ω‚Ή‚Έ
ή“,©“]Τ“,Ό‹{,Ό‹{’†‰›,282049,•ΊΙ§,Ό‹{s,‚”¨’¬,2022[sanitize]03[sanitize]19,21,‚»‚Μ‘Ό‚ΜZ‘ξi‚RK‚ΔΘ‰Ί‹¤“―Z‘ξ“™j,’“Τi—Φjκ,20Ξ‘γ,‚»‚Μ‘Ό,{ω‚Ή‚Έ
ή“,©“]Τ“,Ό‹{,Ό‹{’†‰›,282049,•ΊΙ§,Ό‹{s,‚”¨’¬,2022[sanitize]04[sanitize]25,22,“ΉHγ,‚»‚Μ‘Ό,10Ξ‘γ,‚Z¶,{ω‚Ή‚Έ
ή“,©“]Τ“,Ό‹{,Ό‹{’†‰›,282049,•ΊΙ§,Ό‹{s,‚”¨’¬,2022[sanitize]09[sanitize]28,21,‚SK‚ΔΘγ‹¤“―Z‘ξ,’“Τi—Φjκ,10Ξ‘γ,‚Z¶,{ω‚Ή‚Έ
ή“,©“]Τ“,Ό‹{,Ό‹{’†‰›,282049,•ΊΙ§,Ό‹{s,‚”¨’¬,2022[sanitize]10[sanitize]17,18,‚SK‚ΔΘγ‹¤“―Z‘ξ,’“Τi—Φjκ,50Ξ‘γ,‚»‚Μ‘Ό,{ω‚µ‚½
ή“,©“]Τ“,Ό‹{,Ό‹{’†‰›,282049,•ΊΙ§,Ό‹{s,‚”¨’¬,2022[sanitize]12[sanitize]02,17,‚SK‚ΔΘγ‹¤“―Z‘ξ,’“Τi—Φjκ,40Ξ‘γ,‚»‚Μ‘Ό,{ω‚Ή‚Έ
ή“,©“]Τ“,Ό‹{,Ό‹{’†‰›,282049,•ΊΙ§,Ό‹{s,‚”¨’¬,2022[sanitize]12[sanitize]11,00,‚SK‚ΔΘγ‹¤“―Z‘ξ,’“Τi—Φjκ,30Ξ‘γ,‚»‚Μ‘Ό,{ω‚Ή‚Έ
ή“,©“]Τ“,Ό‹{,Ό‹{’†‰›,282049,•ΊΙ§,Ό‹{s,‚Ό’¬,2021[sanitize]12[sanitize]10,00,“ΉHγ,‚»‚Μ‘Ό,30Ξ‘γ,‚»‚Μ‘Ό,{ω‚Ή‚Έ
ή“,©“]Τ“,Ό‹{,Ό‹{’†‰›,282049,•ΊΙ§,Ό‹{s,‚Ό’¬,2022[sanitize]01[sanitize]05,15,‚»‚Μ‘Ό,’“Τi—Φjκ,10Ξ‘γ,’†w¶,{ω‚Ή‚Έ
ή“,©“]Τ“,Ό‹{,Ό‹{’†‰›,282049,•ΊΙ§,Ό‹{s,‚Ό’¬,2022[sanitize]01[sanitize]08,17,‚SK‚ΔΘγ‹¤“―Z‘ξ,’“Τi—Φjκ,10Ξ‘γ,‚Z¶,{ω‚µ‚½
ή“,©“]Τ“,Ό‹{,Ό‹{’†‰›,282049,•ΊΙ§,Ό‹{s,‚Ό’¬,2022[sanitize]01[sanitize]10,16,‚»‚Μ‘Ό,’“Τi—Φjκ,10Ξ‘γ,’†w¶,{ω‚Ή‚Έ
ή“,©“]Τ“,Ό‹{,Ό‹{’†‰›,282049,•ΊΙ§,Ό‹{s,‚Ό’¬,2022[sanitize]01[sanitize]28,09,‚»‚Μ‘Ό,’“Τi—Φjκ,70ΞΘγ,‚»‚Μ‘Ό,{ω‚µ‚½
ή“,©“]Τ“,Ό‹{,Ό‹{’†‰›,282049,•ΊΙ§,Ό‹{s,‚Ό’¬,2022[sanitize]02[sanitize]09,18,‚»‚Μ‘Ό,’“Τi—Φjκ,20Ξ‘γ,‘εw¶,{ω‚Ή‚Έ
ή“,©“]Τ“,Ό‹{,Ό‹{’†‰›,282049,•ΊΙ§,Ό‹{s,‚Ό’¬,2022[sanitize]02[sanitize]28,14,‚»‚Μ‘Ό,’“Τi—Φjκ,40Ξ‘γ,‚»‚Μ‘Ό,{ω‚µ‚½
ή“,©“]Τ“,Ό‹{,Ό‹{’†‰›,282049,•ΊΙ§,Ό‹{s,‚Ό’¬,2022[sanitize]03[sanitize]02,12,‚»‚Μ‘Ό,’“Τi—Φjκ,20Ξ‘γ,‘εw¶,{ω‚Ή‚Έ
ή“,©“]Τ“,Ό‹{,Ό‹{’†‰›,282049,•ΊΙ§,Ό‹{s,‚Ό’¬,2022[sanitize]03[sanitize]03,07,‚»‚Μ‘Ό,’“Τi—Φjκ,40Ξ‘γ,‚»‚Μ‘Ό,{ω‚Ή‚Έ
ή“,©“]Τ“,Ό‹{,Ό‹{’†‰›,282049,•ΊΙ§,Ό‹{s,‚Ό’¬,2022[sanitize]03[sanitize]06,13,‚»‚Μ‘Ό,’“Τi—Φjκ,20Ξ‘γ,‘εw¶,{ω‚Ή‚Έ
ή“,©“]Τ“,Ό‹{,Ό‹{’†‰›,282049,•ΊΙ§,Ό‹{s,‚Ό’¬,2022[sanitize]04[sanitize]13,11,‚»‚Μ‘Ό,’“Τi—Φjκ,40Ξ‘γ,‚»‚Μ‘Ό,{ω‚Ή‚Έ
ή“,©“]Τ“,Ό‹{,Ό‹{’†‰›,282049,•ΊΙ§,Ό‹{s,‚Ό’¬,2022[sanitize]04[sanitize]22,03,‚»‚Μ‘Ό‚ΜZ‘ξi‚RK‚ΔΘ‰Ί‹¤“―Z‘ξ“™j,’“Τi—Φjκ,20Ξ‘γ,‘εw¶,{ω‚µ‚½
ή“,©“]Τ“,Ό‹{,Ό‹{’†‰›,282049,•ΊΙ§,Ό‹{s,‚Ό’¬,2022[sanitize]05[sanitize]07,10,‚»‚Μ‘Ό,‚»‚Μ‘Ό,40Ξ‘γ,‚»‚Μ‘Ό,{ω‚µ‚½
ή“,©“]Τ“,Ό‹{,Ό‹{’†‰›,282049,•ΊΙ§,Ό‹{s,‚Ό’¬,2022[sanitize]05[sanitize]18,14,“ΉHγ,‚»‚Μ‘Ό,40Ξ‘γ,‚»‚Μ‘Ό,{ω‚µ‚½
ή“,©“]Τ“,Ό‹{,Ό‹{’†‰›,282049,•ΊΙ§,Ό‹{s,‚Ό’¬,2022[sanitize]06[sanitize]01,09,‚»‚Μ‘Ό,’“Τi—Φjκ,20Ξ‘γ,‚»‚Μ‘Ό,{ω‚Ή‚Έ
ή“,©“]Τ“,Ό‹{,Ό‹{’†‰›,282049,•ΊΙ§,Ό‹{s,‚Ό’¬,2022[sanitize]06[sanitize]03,19,‚»‚Μ‘Ό,’“Τi—Φjκ,20Ξ‘γ,‚»‚Μ‘Ό,{ω‚Ή‚Έ
ή“,©“]Τ“,Ό‹{,Ό‹{’†‰›,282049,•ΊΙ§,Ό‹{s,‚Ό’¬,2022[sanitize]07[sanitize]17,19,“ΉHγ,‚»‚Μ‘Ό,20Ξ‘γ,‚»‚Μ‘Ό,{ω‚µ‚½
ή“,©“]Τ“,Ό‹{,Ό‹{’†‰›,282049,•ΊΙ§,Ό‹{s,‚Ό’¬,2022[sanitize]07[sanitize]19,18,‚»‚Μ‘Ό,’“Τi—Φjκ,20Ξ‘γ,‚»‚Μ‘Ό,{ω‚Ή‚Έ
ή“,©“]Τ“,Ό‹{,Ό‹{’†‰›,282049,•ΊΙ§,Ό‹{s,‚Ό’¬,2022[sanitize]07[sanitize]22,16,‚»‚Μ‘Ό,’“Τi—Φjκ,20Ξ‘γ,‚»‚Μ‘Ό,{ω‚Ή‚Έ
ή“,©“]Τ“,Ό‹{,Ό‹{’†‰›,282049,•ΊΙ§,Ό‹{s,‚Ό’¬,2022[sanitize]08[sanitize]08,18,‚»‚Μ‘Ό,’“Τi—Φjκ,50Ξ‘γ,‚»‚Μ‘Ό,{ω‚µ‚½
ή“,©“]Τ“,Ό‹{,Ό‹{’†‰›,282049,•ΊΙ§,Ό‹{s,‚Ό’¬,2022[sanitize]08[sanitize]23,15,‚»‚Μ‘Ό,’“Τi—Φjκ,20Ξ‘γ,‘εw¶,{ω‚µ‚½
ή“,©“]Τ“,Ό‹{,Ό‹{’†‰›,282049,•ΊΙ§,Ό‹{s,‚Ό’¬,2022[sanitize]08[sanitize]25,19,‚»‚Μ‘Ό,’“Τi—Φjκ,20Ξ‘γ,‚»‚Μ‘Ό,{ω‚Ή‚Έ
ή“,©“]Τ“,Ό‹{,Ό‹{’†‰›,282049,•ΊΙ§,Ό‹{s,‚Ό’¬,2022[sanitize]08[sanitize]28,10,‚»‚Μ‘Ό,’“Τi—Φjκ,20Ξ‘γ,‘εw¶,{ω‚µ‚½
ή“,©“]Τ“,Ό‹{,Ό‹{’†‰›,282049,•ΊΙ§,Ό‹{s,‚Ό’¬,2022[sanitize]09[sanitize]09,20,‚»‚Μ‘Ό,’“Τi—Φjκ,10Ξ‘γ,’†w¶,{ω‚Ή‚Έ
ή“,©“]Τ“,Ό‹{,Ό‹{’†‰›,282049,•ΊΙ§,Ό‹{s,‚Ό’¬,2022[sanitize]09[sanitize]26,09,“ΉHγ,‚»‚Μ‘Ό,10Ξ‘γ,‘εw¶,{ω‚µ‚½
ή“,©“]Τ“,Ό‹{,Ό‹{’†‰›,282049,•ΊΙ§,Ό‹{s,‚Ό’¬,2022[sanitize]09[sanitize]30,08,‚»‚Μ‘Ό,’“Τi—Φjκ,20Ξ‘γ,‚»‚Μ‘Ό,{ω‚µ‚½
ή“,©“]Τ“,Ό‹{,Ό‹{’†‰›,282049,•ΊΙ§,Ό‹{s,‚Ό’¬,2022[sanitize]10[sanitize]02,16,‚»‚Μ‘Ό,’“Τi—Φjκ,10Ξ‘γ,‚Z¶,{ω‚Ή‚Έ
ή“,©“]Τ“,Ό‹{,Ό‹{’†‰›,282049,•ΊΙ§,Ό‹{s,‚Ό’¬,2022[sanitize]10[sanitize]24,16,“ΉHγ,‚»‚Μ‘Ό,40Ξ‘γ,‚»‚Μ‘Ό,{ω‚µ‚½
ή“,©“]Τ“,Ό‹{,Ό‹{’†‰›,282049,•ΊΙ§,Ό‹{s,‚Ό’¬,2022[sanitize]11[sanitize]03,17,“ΉHγ,‚»‚Μ‘Ό,20Ξ‘γ,‚»‚Μ‘Ό,{ω‚µ‚½
ή“,©“]Τ“,Ό‹{,Ό‹{’†‰›,282049,•ΊΙ§,Ό‹{s,‚Ό’¬,2022[sanitize]11[sanitize]11,15,‚»‚Μ‘Ό,’“Τi—Φjκ,10Ξ‘γ,‘εw¶,{ω‚Ή‚Έ
ή“,©“]Τ“,Ό‹{,Ό‹{’†‰›,282049,•ΊΙ§,Ό‹{s,‚Ό’¬,2022[sanitize]11[sanitize]17,13,‚»‚Μ‘Ό,’“Τi—Φjκ,20Ξ‘γ,‘εw¶,{ω‚Ή‚Έ
ή“,©“]Τ“,Ό‹{,Ό‹{’†‰›,282049,•ΊΙ§,Ό‹{s,‚Ό’¬,2022[sanitize]11[sanitize]25,14,‚»‚Μ‘Ό,’“Τi—Φjκ,10Ξ‘γ,‘εw¶,{ω‚Ή‚Έ
ή“,©“]Τ“,Ό‹{,Ό‹{’†‰›,282049,•ΊΙ§,Ό‹{s,‚Ό’¬,2022[sanitize]11[sanitize]27,09,‚»‚Μ‘Ό,’“Τi—Φjκ,10Ξ‘γ,’†w¶,{ω‚Ή‚Έ
ή“,©“]Τ“,Ό‹{,Ό‹{’†‰›,282049,•ΊΙ§,Ό‹{s,‚Ό’¬,2022[sanitize]12[sanitize]12,09,‚»‚Μ‘Ό,’“Τi—Φjκ,40Ξ‘γ,‚»‚Μ‘Ό,{ω‚µ‚½
ή“,©“]Τ“,Ό‹{,Ό‹{’†‰›,282049,•ΊΙ§,Ό‹{s,‚Ό’¬,2022[sanitize]12[sanitize]18,16,‚»‚Μ‘Ό,’“Τi—Φjκ,10Ξ‘γ,‚Z¶,{ω‚µ‚½
ή“,©“]Τ“,Ό‹{,Ό‹{’†‰›,282049,•ΊΙ§,Ό‹{s,“c‘γ’¬,2022[sanitize]05[sanitize]01,00,κΛZ‘ξ,’“Τi—Φjκ,10Ξ–Ά–,¬w¶,{ω‚Ή‚Έ
ή“,©“]Τ“,Ό‹{,Ό‹{’†‰›,282049,•ΊΙ§,Ό‹{s,“c‘γ’¬,2022[sanitize]08[sanitize]19,20,‚»‚Μ‘Ό‚ΜZ‘ξi‚RK‚ΔΘ‰Ί‹¤“―Z‘ξ“™j,’“Τi—Φjκ,20Ξ‘γ,‘εw¶,{ω‚Ή‚Έ
ή“,©“]Τ“,Ό‹{,Ό‹{’†‰›,282049,•ΊΙ§,Ό‹{s,“c‘γ’¬,2022[sanitize]08[sanitize]20,19,‚SK‚ΔΘγ‹¤“―Z‘ξ,’“Τi—Φjκ,20Ξ‘γ,‘εw¶,{ω‚Ή‚Έ
ή“,©“]Τ“,Ό‹{,Ό‹{’†‰›,282049,•ΊΙ§,Ό‹{s,“c‘γ’¬,2022[sanitize]09[sanitize]14,04,“ΉHγ,‚»‚Μ‘Ό,70ΞΘγ,‚»‚Μ‘Ό,{ω‚µ‚½
ή“,©“]Τ“,Ό‹{,Ό‹{’†‰›,282049,•ΊΙ§,Ό‹{s,“c‘γ’¬,2022[sanitize]09[sanitize]24,10,‚SK‚ΔΘγ‹¤“―Z‘ξ,’“Τi—Φjκ,40Ξ‘γ,‚»‚Μ‘Ό,{ω‚Ή‚Έ
ή“,©“]Τ“,Ό‹{,Ό‹{’†‰›,282049,•ΊΙ§,Ό‹{s,“c‘γ’¬,2022[sanitize]10[sanitize]29,07,‚»‚Μ‘Ό‚ΜZ‘ξi‚RK‚ΔΘ‰Ί‹¤“―Z‘ξ“™j,‚»‚Μ‘Ό,20Ξ‘γ,‚»‚Μ‘Ό,{ω‚µ‚½
ή“,©“]Τ“,Ό‹{,Ό‹{’†‰›,282049,•ΊΙ§,Ό‹{s,’·“c’¬,2022[sanitize]06[sanitize]24,10,‚»‚Μ‘Ό,’“Τi—Φjκ,10Ξ‘γ,‘εw¶,{ω‚Ή‚Έ
ή“,©“]Τ“,Ό‹{,Ό‹{’†‰›,282049,•ΊΙ§,Ό‹{s,’·“c’¬,2022[sanitize]08[sanitize]31,15,‚»‚Μ‘Ό,’“Τi—Φjκ,10Ξ‘γ,‘εw¶,{ω‚µ‚½
ή“,©“]Τ“,Ό‹{,Ό‹{’†‰›,282049,•ΊΙ§,Ό‹{s,[’Γ’¬,2022[sanitize]01[sanitize]04,23,‚SK‚ΔΘγ‹¤“―Z‘ξ,’“Τi—Φjκ,20Ξ‘γ,‘εw¶,{ω‚Ή‚Έ
ή“,©“]Τ“,Ό‹{,Ό‹{’†‰›,282049,•ΊΙ§,Ό‹{s,[’Γ’¬,2022[sanitize]01[sanitize]17,18,‚SK‚ΔΘγ‹¤“―Z‘ξ,’“Τi—Φjκ,10Ξ‘γ,¬w¶,{ω‚Ή‚Έ
ή“,©“]Τ“,Ό‹{,Ό‹{’†‰›,282049,•ΊΙ§,Ό‹{s,[’Γ’¬,2022[sanitize]11[sanitize]02,07,‚»‚Μ‘Ό,‚»‚Μ‘Ό,10Ξ‘γ,‚»‚Μ‘Ό,{ω‚µ‚½
ή“,©“]Τ“,Ό‹{,Ό‹{’†‰›,282049,•ΊΙ§,Ό‹{s,[’Γ’¬,2022[sanitize]11[sanitize]25,09,‚SK‚ΔΘγ‹¤“―Z‘ξ,’“Τi—Φjκ,10Ξ‘γ,’†w¶,{ω‚Ή‚Έ
ή“,©“]Τ“,Ό‹{,Ό‹{’†‰›,282049,•ΊΙ§,Ό‹{s,—Ό“x’¬,2021[sanitize]11[sanitize]30,10,‚SK‚ΔΘγ‹¤“―Z‘ξ,’“Τi—Φjκ,40Ξ‘γ,‚»‚Μ‘Ό,{ω‚µ‚½
ή“,©“]Τ“,Ό‹{,Ό‹{’†‰›,282049,•ΊΙ§,Ό‹{s,—Ό“x’¬,2021[sanitize]12[sanitize]31,15,“ΉHγ,‚»‚Μ‘Ό,20Ξ‘γ,‚»‚Μ‘Ό,{ω‚Ή‚Έ
ή“,©“]Τ“,Ό‹{,Ό‹{’†‰›,282049,•ΊΙ§,Ό‹{s,—Ό“x’¬,2022[sanitize]03[sanitize]26,20,‚SK‚ΔΘγ‹¤“―Z‘ξ,‚»‚Μ‘Ό,30Ξ‘γ,‚»‚Μ‘Ό,{ω‚Ή‚Έ
ή“,©“]Τ“,Ό‹{,Ό‹{’†‰›,282049,•ΊΙ§,Ό‹{s,—Ό“x’¬,2022[sanitize]11[sanitize]03,20,‚»‚Μ‘Ό,‚»‚Μ‘Ό,50Ξ‘γ,‚»‚Μ‘Ό,{ω‚Ή‚Έ
ή“,©“]Τ“,Ό‹{,Ό‹{•l,282049,•ΊΙ§,Ό‹{s,Ό‹{•l‚S’–Ϊ,2021[sanitize]07[sanitize]30,22,‚SK‚ΔΘγ‹¤“―Z‘ξ,’“Τi—Φjκ,10Ξ‘γ,‚»‚Μ‘Ό,{ω‚µ‚½
ή“,©“]Τ“,Ό‹{,Ό‹{•l,282049,•ΊΙ§,Ό‹{s,Ό‹{•l‚S’–Ϊ,2021[sanitize]10[sanitize]27,08,‚SK‚ΔΘγ‹¤“―Z‘ξ,’“Τi—Φjκ,10Ξ‘γ,‚Z¶,{ω‚µ‚½
ή“,©“]Τ“,Ό‹{,Ό‹{•l,282049,•ΊΙ§,Ό‹{s,Ό‹{•l‚S’–Ϊ,2022[sanitize]03[sanitize]16,21,‚SK‚ΔΘγ‹¤“―Z‘ξ,’“Τi—Φjκ,30Ξ‘γ,‚»‚Μ‘Ό,{ω‚µ‚½
ή“,©“]Τ“,Ό‹{,Ό‹{•l,282049,•ΊΙ§,Ό‹{s,Ό‹{•l‚S’–Ϊ,2022[sanitize]04[sanitize]25,16,‚SK‚ΔΘγ‹¤“―Z‘ξ,’“Τi—Φjκ,70ΞΘγ,‚»‚Μ‘Ό,{ω‚Ή‚Έ
ή“,©“]Τ“,Ό‹{,Ό‹{•l,282049,•ΊΙ§,Ό‹{s,Ό‹{•l‚S’–Ϊ,2022[sanitize]04[sanitize]25,20,‚SK‚ΔΘγ‹¤“―Z‘ξ,’“Τi—Φjκ,40Ξ‘γ,‚»‚Μ‘Ό,{ω‚µ‚½
ή“,©“]Τ“,Ό‹{,Ό‹{•l,282049,•ΊΙ§,Ό‹{s,Ό‹{•l‚S’–Ϊ,2022[sanitize]06[sanitize]11,13,‚SK‚ΔΘγ‹¤“―Z‘ξ,’“Τi—Φjκ,10Ξ‘γ,’†w¶,{ω‚Ή‚Έ
ή“,©“]Τ“,Ό‹{,Ό‹{•l,282049,•ΊΙ§,Ό‹{s,Ό‹{•l‚S’–Ϊ,2022[sanitize]07[sanitize]07,08,‚SK‚ΔΘγ‹¤“―Z‘ξ,’“Τi—Φjκ,10Ξ‘γ,‚Z¶,{ω‚Ή‚Έ
ή“,©“]Τ“,Ό‹{,Ό‹{•l,282049,•ΊΙ§,Ό‹{s,Ό‹{•l‚S’–Ϊ,2022[sanitize]07[sanitize]15,17,‚SK‚ΔΘγ‹¤“―Z‘ξ,’“Τi—Φjκ,70ΞΘγ,‚»‚Μ‘Ό,{ω‚µ‚½
ή“,©“]Τ“,Ό‹{,Ό‹{•l,282049,•ΊΙ§,Ό‹{s,Ό‹{•l‚S’–Ϊ,2022[sanitize]07[sanitize]20,13,‚SK‚ΔΘγ‹¤“―Z‘ξ,‚»‚Μ‘Ό,70ΞΘγ,‚»‚Μ‘Ό,{ω‚Ή‚Έ
ή“,©“]Τ“,Ό‹{,Ό‹{•l,282049,•ΊΙ§,Ό‹{s,Ό‹{•l‚S’–Ϊ,2022[sanitize]08[sanitize]01,12,’“Τi—Φjκ,’“Τi—Φjκ,70ΞΘγ,‚»‚Μ‘Ό,{ω‚µ‚½
ή“,©“]Τ“,Ό‹{,Ό‹{•l,282049,•ΊΙ§,Ό‹{s,Ό‹{•l‚S’–Ϊ,2022[sanitize]09[sanitize]10,21,‚SK‚ΔΘγ‹¤“―Z‘ξ,’“Τi—Φjκ,10Ξ‘γ,’†w¶,{ω‚Ή‚Έ
ή“,©“]Τ“,Ό‹{,Ό‹{•l,282049,•ΊΙ§,Ό‹{s,Ό‹{•l‚S’–Ϊ,2022[sanitize]09[sanitize]17,23,‚SK‚ΔΘγ‹¤“―Z‘ξ,’“Τi—Φjκ,20Ξ‘γ,‘εw¶,{ω‚µ‚½
ή“,©“]Τ“,Ό‹{,Ό‹{•l,282049,•ΊΙ§,Ό‹{s,Ό‹{•l‚S’–Ϊ,2022[sanitize]09[sanitize]22,17,‚SK‚ΔΘγ‹¤“―Z‘ξ,’“Τi—Φjκ,10Ξ‘γ,¬w¶,{ω‚Ή‚Έ
ή“,©“]Τ“,Ό‹{,Ό‹{•l,282049,•ΊΙ§,Ό‹{s,Ό‹{•l‚S’–Ϊ,2022[sanitize]09[sanitize]25,13,‚SK‚ΔΘγ‹¤“―Z‘ξ,’“Τi—Φjκ,50Ξ‘γ,‚»‚Μ‘Ό,{ω‚Ή‚Έ
ή“,©“]Τ“,Ό‹{,Ό‹{•l,282049,•ΊΙ§,Ό‹{s,Ό‹{•l‚S’–Ϊ,2022[sanitize]09[sanitize]27,18,’“Τi—Φjκ,’“Τi—Φjκ,10Ξ‘γ,‚Z¶,{ω‚Ή‚Έ
ή“,©“]Τ“,Ό‹{,Ό‹{•l,282049,•ΊΙ§,Ό‹{s,Ό‹{•l‚S’–Ϊ,2022[sanitize]10[sanitize]27,22,‚SK‚ΔΘγ‹¤“―Z‘ξ,’“Τi—Φjκ,10Ξ‘γ,’†w¶,{ω‚µ‚½
ή“,©“]Τ“,Ό‹{,Ό‹{‰w‘O,282049,•ΊΙ§,Ό‹{s,’r“c’¬,2021[sanitize]12[sanitize]31,22,‚»‚Μ‘Ό,‚»‚Μ‘Ό,20Ξ‘γ,‚»‚Μ‘Ό,{ω‚µ‚½
ή“,©“]Τ“,Ό‹{,Ό‹{‰w‘O,282049,•ΊΙ§,Ό‹{s,’r“c’¬,2022[sanitize]02[sanitize]18,09,‚»‚Μ‘Ό,’“Τi—Φjκ,20Ξ‘γ,‚»‚Μ‘Ό,{ω‚µ‚½
ή“,©“]Τ“,Ό‹{,Ό‹{‰w‘O,282049,•ΊΙ§,Ό‹{s,’r“c’¬,2022[sanitize]03[sanitize]10,07,’“Τi—Φjκ,’“Τi—Φjκ,20Ξ‘γ,‚»‚Μ‘Ό,{ω‚Ή‚Έ
ή“,©“]Τ“,Ό‹{,Ό‹{‰w‘O,282049,•ΊΙ§,Ό‹{s,’r“c’¬,2022[sanitize]05[sanitize]02,12,‚»‚Μ‘Ό,’“Τi—Φjκ,70ΞΘγ,‚»‚Μ‘Ό,{ω‚Ή‚Έ
ή“,©“]Τ“,Ό‹{,Ό‹{‰w‘O,282049,•ΊΙ§,Ό‹{s,’r“c’¬,2022[sanitize]05[sanitize]15,10,‚»‚Μ‘Ό,’“Τi—Φjκ,50Ξ‘γ,‚»‚Μ‘Ό,{ω‚Ή‚Έ
ή“,©“]Τ“,Ό‹{,Ό‹{‰w‘O,282049,•ΊΙ§,Ό‹{s,’r“c’¬,2022[sanitize]05[sanitize]25,18,“ΉHγ,‚»‚Μ‘Ό,30Ξ‘γ,‚»‚Μ‘Ό,{ω‚Ή‚Έ
ή“,©“]Τ“,Ό‹{,Ό‹{‰w‘O,282049,•ΊΙ§,Ό‹{s,’r“c’¬,2022[sanitize]07[sanitize]08,08,‚»‚Μ‘Ό,’“Τi—Φjκ,40Ξ‘γ,‚»‚Μ‘Ό,{ω‚Ή‚Έ
ή“,©“]Τ“,Ό‹{,Ό‹{‰w‘O,282049,•ΊΙ§,Ό‹{s,’r“c’¬,2022[sanitize]08[sanitize]06,16,‚»‚Μ‘Ό,’“Τi—Φjκ,20Ξ‘γ,‘εw¶,{ω‚Ή‚Έ
ή“,©“]Τ“,Ό‹{,Ό‹{‰w‘O,282049,•ΊΙ§,Ό‹{s,’r“c’¬,2022[sanitize]08[sanitize]24,20,“ΉHγ,‚»‚Μ‘Ό,10Ξ‘γ,‚»‚Μ‘Ό,{ω‚Ή‚Έ
ή“,©“]Τ“,Ό‹{,Ό‹{‰w‘O,282049,•ΊΙ§,Ό‹{s,’r“c’¬,2022[sanitize]08[sanitize]26,20,‚SK‚ΔΘγ‹¤“―Z‘ξ,‚»‚Μ‘Ό,50Ξ‘γ,‚»‚Μ‘Ό,{ω‚µ‚½
ή“,©“]Τ“,Ό‹{,Ό‹{‰w‘O,282049,•ΊΙ§,Ό‹{s,’r“c’¬,2022[sanitize]09[sanitize]28,18,“ΉHγ,‚»‚Μ‘Ό,40Ξ‘γ,‚»‚Μ‘Ό,{ω‚Ή‚Έ
ή“,©“]Τ“,Ό‹{,Ό‹{‰w‘O,282049,•ΊΙ§,Ό‹{s,’r“c’¬,2022[sanitize]10[sanitize]03,07,‚»‚Μ‘Ό,’“Τi—Φjκ,20Ξ‘γ,‘εw¶,{ω‚Ή‚Έ
ή“,©“]Τ“,Ό‹{,Ό‹{‰w‘O,282049,•ΊΙ§,Ό‹{s,’r“c’¬,2022[sanitize]11[sanitize]17,00,‚»‚Μ‘Ό,’“Τi—Φjκ,30Ξ‘γ,‚»‚Μ‘Ό,{ω‚µ‚½
ή“,©“]Τ“,Ό‹{,Ό‹{‰w‘O,282049,•ΊΙ§,Ό‹{s,’r“c’¬,2022[sanitize]12[sanitize]17,19,‚»‚Μ‘Ό,’“Τi—Φjκ,30Ξ‘γ,‚»‚Μ‘Ό,{ω‚Ή‚Έ
ή“,©“]Τ“,Ό‹{,Ό‹{‰w‘O,282049,•ΊΙ§,Ό‹{s,υ“a’¬,2022[sanitize]06[sanitize]03,15,“ΉHγ,‚»‚Μ‘Ό,70ΞΘγ,‚»‚Μ‘Ό,{ω‚µ‚½
ή“,©“]Τ“,Ό‹{,Ό‹{‰w‘O,282049,•ΊΙ§,Ό‹{s,υ“a’¬,2022[sanitize]07[sanitize]16,19,“ΉHγ,‚»‚Μ‘Ό,30Ξ‘γ,‚»‚Μ‘Ό,{ω‚Ή‚Έ
ή“,©“]Τ“,Ό‹{,Ό‹{‰w‘O,282049,•ΊΙ§,Ό‹{s,υ“a’¬,2022[sanitize]07[sanitize]24,23,‚»‚Μ‘Ό‚ΜZ‘ξi‚RK‚ΔΘ‰Ί‹¤“―Z‘ξ“™j,’“Τi—Φjκ,10Ξ‘γ,‘εw¶,{ω‚µ‚½
ή“,©“]Τ“,Ό‹{,Ό‹{‰w‘O,282049,•ΊΙ§,Ό‹{s,υ“a’¬,2022[sanitize]08[sanitize]30,22,‚SK‚ΔΘγ‹¤“―Z‘ξ,’“Τi—Φjκ,30Ξ‘γ,‚»‚Μ‘Ό,{ω‚Ή‚Έ
ή“,©“]Τ“,Ό‹{,Ό‹{‰w‘O,282049,•ΊΙ§,Ό‹{s,υ“a’¬,2022[sanitize]12[sanitize]14,21,“ΉHγ,‚»‚Μ‘Ό,30Ξ‘γ,‚»‚Μ‘Ό,{ω‚µ‚½
ή“,©“]Τ“,Ό‹{,Ό‹{‰w‘O,282049,•ΊΙ§,Ό‹{s,’Γ–ε»‰H’¬,2022[sanitize]07[sanitize]28,18,‚»‚Μ‘Ό‚ΜZ‘ξi‚RK‚ΔΘ‰Ί‹¤“―Z‘ξ“™j,’“Τi—Φjκ,20Ξ‘γ,‚»‚Μ‘Ό,{ω‚Ή‚Έ
ή“,©“]Τ“,Ό‹{,Ό‹{‰w‘O,282049,•ΊΙ§,Ό‹{s,’Γ–ε»‰H’¬,2022[sanitize]07[sanitize]29,19,‚»‚Μ‘Ό‚ΜZ‘ξi‚RK‚ΔΘ‰Ί‹¤“―Z‘ξ“™j,’“Τi—Φjκ,20Ξ‘γ,‚»‚Μ‘Ό,{ω‚Ή‚Έ
ή“,©“]Τ“,Ό‹{,Ό‹{‰w‘O,282049,•ΊΙ§,Ό‹{s,’Γ–εξ‰Χ’¬,2022[sanitize]05[sanitize]29,00,“ΉHγ,‚»‚Μ‘Ό,20Ξ‘γ,‘εw¶,{ω‚Ή‚Έ
ή“,©“]Τ“,Ό‹{,Ό‹{‰w‘O,282049,•ΊΙ§,Ό‹{s,’Γ–ε‘ε‰Σ’¬,2022[sanitize]01[sanitize]29,22,‚SK‚ΔΘγ‹¤“―Z‘ξ,’“Τi—Φjκ,20Ξ‘γ,‚»‚Μ‘Ό,{ω‚µ‚½
ή“,©“]Τ“,Ό‹{,Ό‹{‰w‘O,282049,•ΊΙ§,Ό‹{s,’Γ–ε‘ε’Λ’¬,2022[sanitize]01[sanitize]15,15,‚SK‚ΔΘγ‹¤“―Z‘ξ,’“Τi—Φjκ,20Ξ‘γ,‚»‚Μ‘Ό,{ω‚µ‚½
ή“,©“]Τ“,Ό‹{,Ό‹{‰w‘O,282049,•ΊΙ§,Ό‹{s,’Γ–ε‘ε’Λ’¬,2022[sanitize]01[sanitize]19,18,“ΉHγ,‚»‚Μ‘Ό,30Ξ‘γ,‚»‚Μ‘Ό,{ω‚µ‚½
ή“,©“]Τ“,Ό‹{,Ό‹{‰w‘O,282049,•ΊΙ§,Ό‹{s,’Γ–εΌϋ’¬,2022[sanitize]04[sanitize]07,08,’“Τi—Φjκ,’“Τi—Φjκ,50Ξ‘γ,‚»‚Μ‘Ό,{ω‚Ή‚Έ
ή“,©“]Τ“,Ό‹{,Ό‹{‰w‘O,282049,•ΊΙ§,Ό‹{s,’Γ–εΌϋ’¬,2022[sanitize]05[sanitize]25,21,“ΉHγ,‚»‚Μ‘Ό,65[sanitize]69Ξ,‚»‚Μ‘Ό,{ω‚Ή‚Έ
ή“,©“]Τ“,Ό‹{,Ό‹{‰w‘O,282049,•ΊΙ§,Ό‹{s,’Γ–εΌϋ’¬,2022[sanitize]10[sanitize]08,22,‚SK‚ΔΘγ‹¤“―Z‘ξ,’“Τi—Φjκ,10Ξ‘γ,‚Z¶,{ω‚Ή‚Έ
ή“,©“]Τ“,Ό‹{,Ό‹{‰w‘O,282049,•ΊΙ§,Ό‹{s,’Γ–εΌϋ’¬,2022[sanitize]10[sanitize]31,08,‚»‚Μ‘Ό‚ΜZ‘ξi‚RK‚ΔΘ‰Ί‹¤“―Z‘ξ“™j,‚»‚Μ‘Ό,50Ξ‘γ,‚»‚Μ‘Ό,{ω‚Ή‚Έ
ή“,©“]Τ“,Ό‹{,Ό‹{‰w‘O,282049,•ΊΙ§,Ό‹{s,’Γ–εΌϋ’¬,2022[sanitize]12[sanitize]12,16,’“Τi—Φjκ,’“Τi—Φjκ,50Ξ‘γ,‚»‚Μ‘Ό,{ω‚Ή‚Έ
ή“,©“]Τ“,Ό‹{,Ό‹{‰w‘O,282049,•ΊΙ§,Ό‹{s,’Γ–εm•Σ’¬,2022[sanitize]06[sanitize]27,14,‚SK‚ΔΘγ‹¤“―Z‘ξ,’“Τi—Φjκ,20Ξ‘γ,‘εw¶,{ω‚Ή‚Έ
ή“,©“]Τ“,Ό‹{,Ό‹{‰w‘O,282049,•ΊΙ§,Ό‹{s,’Γ–εm•Σ’¬,2022[sanitize]10[sanitize]28,18,κΛZ‘ξ,’“Τi—Φjκ,10Ξ‘γ,¬w¶,{ω‚Ή‚Έ
ή“,©“]Τ“,Ό‹{,Ό‹{‰w‘O,282049,•ΊΙ§,Ό‹{s,Ό΄’¬,2022[sanitize]06[sanitize]04,15,‚SK‚ΔΘγ‹¤“―Z‘ξ,’“Τi—Φjκ,40Ξ‘γ,‚»‚Μ‘Ό,{ω‚Ή‚Έ
ή“,©“]Τ“,Ό‹{,Ό‹{‰w‘O,282049,•ΊΙ§,Ό‹{s,Ό΄’¬,2022[sanitize]10[sanitize]07,20,‚»‚Μ‘Ό‚ΜZ‘ξi‚RK‚ΔΘ‰Ί‹¤“―Z‘ξ“™j,‚»‚Μ‘Ό,20Ξ‘γ,‚»‚Μ‘Ό,{ω‚Ή‚Έ
ή“,©“]Τ“,Ό‹{,Ό‹{‰w‘O,282049,•ΊΙ§,Ό‹{s,Ό΄’¬,2022[sanitize]10[sanitize]16,19,‚SK‚ΔΘγ‹¤“―Z‘ξ,’“Τi—Φjκ,10Ξ‘γ,’†w¶,{ω‚µ‚½
ή“,©“]Τ“,Ό‹{,‰z–Ψβ,282049,•ΊΙ§,Ό‹{s,Ξ™†’¬,2022[sanitize]03[sanitize]29,21,’“Τi—Φjκ,’“Τi—Φjκ,20Ξ‘γ,‚»‚Μ‘Ό,{ω‚µ‚½
ή“,©“]Τ“,Ό‹{,‰z–Ψβ,282049,•ΊΙ§,Ό‹{s,Ξ™†’¬,2022[sanitize]10[sanitize]11,07,‚»‚Μ‘Ό,‚»‚Μ‘Ό,10Ξ‘γ,‚Z¶,{ω‚µ‚½
ή“,©“]Τ“,Ό‹{,‰z–Ψβ,282049,•ΊΙ§,Ό‹{s,Ξ™†’¬,2022[sanitize]10[sanitize]14,05,‚»‚Μ‘Ό,‚»‚Μ‘Ό,65[sanitize]69Ξ,‚»‚Μ‘Ό,{ω‚µ‚½
ή“,©“]Τ“,Ό‹{,‰z–Ψβ,282049,•ΊΙ§,Ό‹{s,Ξ™†’¬,2022[sanitize]12[sanitize]11,07,’“Τi—Φjκ,’“Τi—Φjκ,30Ξ‘γ,‚»‚Μ‘Ό,{ω‚µ‚½
ή“,©“]Τ“,Ό‹{,‰z–Ψβ,282049,•ΊΙ§,Ό‹{s,”σ”V’r’¬,2022[sanitize]06[sanitize]16,15,‚SK‚ΔΘγ‹¤“―Z‘ξ,’“Τi—Φjκ,40Ξ‘γ,‚»‚Μ‘Ό,{ω‚Ή‚Έ
ή“,©“]Τ“,Ό‹{,‰z–Ψβ,282049,•ΊΙ§,Ό‹{s,”σ”V’r’¬,2022[sanitize]08[sanitize]13,23,‚SK‚ΔΘγ‹¤“―Z‘ξ,’“Τi—Φjκ,20Ξ‘γ,‘εw¶,{ω‚Ή‚Έ
ή“,©“]Τ“,Ό‹{,‰z–Ψβ,282049,•ΊΙ§,Ό‹{s,“μ‰z–Ψβ’¬,2022[sanitize]04[sanitize]26,17,“ΉHγ,‚»‚Μ‘Ό,20Ξ‘γ,‘εw¶,{ω‚Ή‚Έ
ή“,©“]Τ“,Ό‹{,‰z–Ψβ,282049,•ΊΙ§,Ό‹{s,“μ‰z–Ψβ’¬,2022[sanitize]09[sanitize]08,22,‚»‚Μ‘Ό‚ΜZ‘ξi‚RK‚ΔΘ‰Ί‹¤“―Z‘ξ“™j,‚»‚Μ‘Ό,50Ξ‘γ,‚»‚Μ‘Ό,{ω‚µ‚½
ή“,©“]Τ“,Ό‹{,–εΛ,282049,•ΊΙ§,Ό‹{s,‰ª“cR,2022[sanitize]04[sanitize]22,16,‚»‚Μ‘Ό,’“Τi—Φjκ,20Ξ‘γ,‘εw¶,{ω‚Ή‚Έ
ή“,©“]Τ“,Ό‹{,–εΛ,282049,•ΊΙ§,Ό‹{s,‰ª“cR,2022[sanitize]06[sanitize]10,16,‚»‚Μ‘Ό,’“Τi—Φjκ,20Ξ‘γ,‘εw¶,{ω‚Ή‚Έ
ή“,©“]Τ“,Ό‹{,–εΛ,282049,•ΊΙ§,Ό‹{s,‰ª“cR,2022[sanitize]06[sanitize]24,13,‚»‚Μ‘Ό,’“Τi—Φjκ,10Ξ‘γ,‘εw¶,{ω‚µ‚½
ή“,©“]Τ“,Ό‹{,–εΛ,282049,•ΊΙ§,Ό‹{s,‰Ί‘εs“’¬,2022[sanitize]09[sanitize]03,21,‚»‚Μ‘Ό‚ΜZ‘ξi‚RK‚ΔΘ‰Ί‹¤“―Z‘ξ“™j,’“Τi—Φjκ,30Ξ‘γ,‚»‚Μ‘Ό,{ω‚µ‚½
ή“,©“]Τ“,Ό‹{,–εΛ,282049,•ΊΙ§,Ό‹{s,‰Ί‘εs“’¬,2022[sanitize]09[sanitize]10,14,‚»‚Μ‘Ό‚ΜZ‘ξi‚RK‚ΔΘ‰Ί‹¤“―Z‘ξ“™j,’“Τi—Φjκ,30Ξ‘γ,‚»‚Μ‘Ό,{ω‚µ‚½
ή“,©“]Τ“,Ό‹{,–εΛ,282049,•ΊΙ§,Ό‹{s,–μΤ’¬,2022[sanitize]06[sanitize]09,22,‚»‚Μ‘Ό‚ΜZ‘ξi‚RK‚ΔΘ‰Ί‹¤“―Z‘ξ“™j,’“Τi—Φjκ,10Ξ‘γ,‘εw¶,{ω‚Ή‚Έ
ή“,©“]Τ“,Ό‹{,–εΛ,282049,•ΊΙ§,Ό‹{s,–μΤ’¬,2022[sanitize]07[sanitize]26,07,’“Τi—Φjκ,’“Τi—Φjκ,20Ξ‘γ,‚»‚Μ‘Ό,{ω‚µ‚½
ή“,©“]Τ“,Ό‹{,–εΛ,282049,•ΊΙ§,Ό‹{s,–μΤ’¬,2022[sanitize]07[sanitize]29,16,’“Τi—Φjκ,’“Τi—Φjκ,10Ξ‘γ,‚Z¶,{ω‚Ή‚Έ
ή“,©“]Τ“,Ό‹{,–εΛ,282049,•ΊΙ§,Ό‹{s,–μΤ’¬,2022[sanitize]09[sanitize]21,23,‚»‚Μ‘Ό‚ΜZ‘ξi‚RK‚ΔΘ‰Ί‹¤“―Z‘ξ“™j,’“Τi—Φjκ,10Ξ‘γ,‘εw¶,{ω‚µ‚½
ή“,©“]Τ“,Ό‹{,–εΛ,282049,•ΊΙ§,Ό‹{s,—Ρ“c’¬,2022[sanitize]03[sanitize]15,11,‚»‚Μ‘Ό,’“Τi—Φjκ,70ΞΘγ,‚»‚Μ‘Ό,{ω‚µ‚½
ή“,©“]Τ“,Ό‹{,–εΛ,282049,•ΊΙ§,Ό‹{s,—Ρ“c’¬,2022[sanitize]05[sanitize]06,00,‚SK‚ΔΘγ‹¤“―Z‘ξ,’“Τi—Φjκ,10Ξ‘γ,‘εw¶,{ω‚Ή‚Έ
ή“,©“]Τ“,Ό‹{,–εΛ,282049,•ΊΙ§,Ό‹{s,—Ρ“c’¬,2022[sanitize]05[sanitize]08,16,‚»‚Μ‘Ό,’“Τi—Φjκ,10Ξ‘γ,’†w¶,{ω‚µ‚½
ή“,©“]Τ“,Ό‹{,–εΛ,282049,•ΊΙ§,Ό‹{s,—Ρ“c’¬,2022[sanitize]06[sanitize]04,16,‚»‚Μ‘Ό,’“Τi—Φjκ,10Ξ‘γ,‘εw¶,{ω‚Ή‚Έ
ή“,©“]Τ“,Ό‹{,–εΛ,282049,•ΊΙ§,Ό‹{s,—Ρ“c’¬,2022[sanitize]06[sanitize]17,10,‚SK‚ΔΘγ‹¤“―Z‘ξ,’“Τi—Φjκ,20Ξ‘γ,‘εw¶,{ω‚µ‚½
ή“,©“]Τ“,Ό‹{,–εΛ,282049,•ΊΙ§,Ό‹{s,—Ρ“c’¬,2022[sanitize]08[sanitize]17,00,‚SK‚ΔΘγ‹¤“―Z‘ξ,‚»‚Μ‘Ό,10Ξ‘γ,‘εw¶,{ω‚Ή‚Έ
ή“,©“]Τ“,Ό‹{,–εΛ,282049,•ΊΙ§,Ό‹{s,—Ρ“c’¬,2022[sanitize]08[sanitize]24,21,‚»‚Μ‘Ό,’“Τi—Φjκ,20Ξ‘γ,‘εw¶,{ω‚Ή‚Έ
ή“,©“]Τ“,Ό‹{,–εΛ,282049,•ΊΙ§,Ό‹{s,Ϋ‹΄’¬,2022[sanitize]08[sanitize]03,20,‚»‚Μ‘Ό‚ΜZ‘ξi‚RK‚ΔΘ‰Ί‹¤“―Z‘ξ“™j,’“Τi—Φjκ,20Ξ‘γ,‘εw¶,{ω‚µ‚½
ή“,©“]Τ“,Ό‹{,–εΛ,282049,•ΊΙ§,Ό‹{s,–ε‘O’¬,2022[sanitize]06[sanitize]23,17,‚»‚Μ‘Ό‚ΜZ‘ξi‚RK‚ΔΘ‰Ί‹¤“―Z‘ξ“™j,’“Τi—Φjκ,10Ξ‘γ,‘εw¶,{ω‚Ή‚Έ
ή“,©“]Τ“,Ό‹{,–εΛ,282049,•ΊΙ§,Ό‹{s,–εΛΌ’¬,2022[sanitize]11[sanitize]17,11,‚SK‚ΔΘγ‹¤“―Z‘ξ,’“Τi—Φjκ,10Ξ‘γ,’†w¶,{ω‚Ή‚Έ
ή“,©“]Τ“,Ό‹{,–εΛ,282049,•ΊΙ§,Ό‹{s,–εΛ“’¬,2022[sanitize]10[sanitize]20,18,‚»‚Μ‘Ό‚ΜZ‘ξi‚RK‚ΔΘ‰Ί‹¤“―Z‘ξ“™j,’“Τi—Φjκ,10Ξ‘γ,‘εw¶,{ω‚µ‚½
ή“,©“]Τ“,Ό‹{,–εΛ,282049,•ΊΙ§,Ό‹{s,–εΛ‘‘,2022[sanitize]04[sanitize]25,11,‚»‚Μ‘Ό,’“Τi—Φjκ,70ΞΘγ,‚»‚Μ‘Ό,{ω‚µ‚½
ή“,©“]Τ“,Ό‹{,–εΛ,282049,•ΊΙ§,Ό‹{s,–εΛ‘‘,2022[sanitize]07[sanitize]21,20,’“Τi—Φjκ,’“Τi—Φjκ,10Ξ‘γ,‚Z¶,{ω‚Ή‚Έ
ή“,©“]Τ“,Ό‹{,–εΛ,282049,•ΊΙ§,Ό‹{s,–εΛ‘‘,2022[sanitize]10[sanitize]17,20,‚»‚Μ‘Ό,’“Τi—Φjκ,30Ξ‘γ,‚»‚Μ‘Ό,{ω‚Ή‚Έ
ή“,©“]Τ“,Ό‹{,–εΛ,282049,•ΊΙ§,Ό‹{s,–εΛ‘‘,2022[sanitize]10[sanitize]26,16,‚»‚Μ‘Ό,’“Τi—Φjκ,10Ξ‘γ,‚Z¶,{ω‚Ή‚Έ
ή“,©“]Τ“,Ό‹{,–εΛ,282049,•ΊΙ§,Ό‹{s,–εΛ‘‘,2022[sanitize]12[sanitize]05,12,‚»‚Μ‘Ό,’“Τi—Φjκ,40Ξ‘γ,‚»‚Μ‘Ό,{ω‚Ή‚Έ
ή“,©“]Τ“,Ό‹{,Β–Ψ,282049,•ΊΙ§,Ό‹{s,Β–Ψ’¬,2022[sanitize]01[sanitize]08,16,‚SK‚ΔΘγ‹¤“―Z‘ξ,’“Τi—Φjκ,10Ξ‘γ,‚Z¶,{ω‚µ‚½
ή“,©“]Τ“,Ό‹{,Β–Ψ,282049,•ΊΙ§,Ό‹{s,Β–Ψ’¬,2022[sanitize]01[sanitize]20,10,‚»‚Μ‘Ό‚ΜZ‘ξi‚RK‚ΔΘ‰Ί‹¤“―Z‘ξ“™j,’“Τi—Φjκ,10Ξ‘γ,‘εw¶,{ω‚µ‚½
ή“,©“]Τ“,Ό‹{,Β–Ψ,282049,•ΊΙ§,Ό‹{s,Β–Ψ’¬,2022[sanitize]07[sanitize]22,20,‚SK‚ΔΘγ‹¤“―Z‘ξ,’“Τi—Φjκ,10Ξ‘γ,’†w¶,{ω‚Ή‚Έ
ή“,©“]Τ“,Ό‹{,Β–Ψ,282049,•ΊΙ§,Ό‹{s,Β–Ψ’¬,2022[sanitize]07[sanitize]29,07,‚»‚Μ‘Ό,’“Τi—Φjκ,10Ξ‘γ,‚Z¶,{ω‚Ή‚Έ
ή“,©“]Τ“,Ό‹{,Β–Ψ,282049,•ΊΙ§,Ό‹{s,Β–Ψ’¬,2022[sanitize]08[sanitize]12,22,‚»‚Μ‘Ό‚ΜZ‘ξi‚RK‚ΔΘ‰Ί‹¤“―Z‘ξ“™j,’“Τi—Φjκ,30Ξ‘γ,‚»‚Μ‘Ό,{ω‚Ή‚Έ
ή“,©“]Τ“,Ό‹{,Β–Ψ,282049,•ΊΙ§,Ό‹{s,Β–Ψ’¬,2022[sanitize]09[sanitize]08,19,κΛZ‘ξ,‚»‚Μ‘Ό,10Ξ‘γ,¬w¶,{ω‚µ‚½
ή“,©“]Τ“,Ό‹{,Β–Ψ,282049,•ΊΙ§,Ό‹{s,Β–Ψ’¬,2022[sanitize]11[sanitize]30,05,’“Τi—Φjκ,’“Τi—Φjκ,50Ξ‘γ,‚»‚Μ‘Ό,{ω‚Ή‚Έ
ή“,©“]Τ“,Ό‹{,Β–Ψ,282049,•ΊΙ§,Ό‹{s,Β–Ψ’¬,2022[sanitize]12[sanitize]23,08,’“Τi—Φjκ,’“Τi—Φjκ,20Ξ‘γ,‚»‚Μ‘Ό,{ω‚Ή‚Έ
ή“,©“]Τ“,Ό‹{,Β–Ψ,282049,•ΊΙ§,Ό‹{s,¤“†R,2022[sanitize]01[sanitize]09,17,‚SK‚ΔΘγ‹¤“―Z‘ξ,’“Τi—Φjκ,30Ξ‘γ,‚»‚Μ‘Ό,{ω‚µ‚½
ή“,©“]Τ“,Ό‹{,Β–Ψ,282049,•ΊΙ§,Ό‹{s,¤“†R,2022[sanitize]06[sanitize]24,09,‚»‚Μ‘Ό,’“Τi—Φjκ,20Ξ‘γ,‚»‚Μ‘Ό,{ω‚Ή‚Έ
ή“,©“]Τ“,Ό‹{,Β–Ψ,282049,•ΊΙ§,Ό‹{s,¤“†R,2022[sanitize]10[sanitize]20,10,‚»‚Μ‘Ό‚ΜZ‘ξi‚RK‚ΔΘ‰Ί‹¤“―Z‘ξ“™j,’“Τi—Φjκ,20Ξ‘γ,‘εw¶,{ω‚µ‚½
ή“,©“]Τ“,Ό‹{,Β–Ψ,282049,•ΊΙ§,Ό‹{s,‰ª“cR,2022[sanitize]03[sanitize]14,18,‚»‚Μ‘Ό‚ΜZ‘ξi‚RK‚ΔΘ‰Ί‹¤“―Z‘ξ“™j,’“Τi—Φjκ,10Ξ‘γ,‘εw¶,{ω‚Ή‚Έ
ή“,©“]Τ“,Ό‹{,Β–Ψ,282049,•ΊΙ§,Ό‹{s,__’¬,2022[sanitize]08[sanitize]09,17,‚»‚Μ‘Ό‚ΜZ‘ξi‚RK‚ΔΘ‰Ί‹¤“―Z‘ξ“™j,’“Τi—Φjκ,20Ξ‘γ,‘εw¶,{ω‚µ‚½
ή“,©“]Τ“,Ό‹{,Β–Ψ,282049,•ΊΙ§,Ό‹{s,‰Ν΄’¬,2022[sanitize]07[sanitize]05,00,‚»‚Μ‘Ό‚ΜZ‘ξi‚RK‚ΔΘ‰Ί‹¤“―Z‘ξ“™j,’“Τi—Φjκ,10Ξ‘γ,‘εw¶,{ω‚Ή‚Έ
ή“,©“]Τ“,Ό‹{,Β–Ψ,282049,•ΊΙ§,Ό‹{s,‰Ν΄’¬,2022[sanitize]07[sanitize]11,07,‚»‚Μ‘Ό,’“Τi—Φjκ,10Ξ‘γ,‚Z¶,{ω‚Ή‚Έ
ή“,©“]Τ“,Ό‹{,Β–Ψ,282049,•ΊΙ§,Ό‹{s,‰Ν΄’¬,2022[sanitize]12[sanitize]21,19,‚»‚Μ‘Ό,’“Τi—Φjκ,10Ξ‘γ,’†w¶,{ω‚Ή‚Έ
ή“,©“]Τ“,Ό‹{,Β–Ψ,282049,•ΊΙ§,Ό‹{s,‰z…’¬,2021[sanitize]12[sanitize]30,21,κΛZ‘ξ,‚»‚Μ‘Ό,10Ξ‘γ,‚Z¶,{ω‚Ή‚Έ
ή“,©“]Τ“,Ό‹{,Β–Ψ,282049,•ΊΙ§,Ό‹{s,‰z…’¬,2022[sanitize]01[sanitize]03,20,κΛZ‘ξ,‚»‚Μ‘Ό,30Ξ‘γ,‚»‚Μ‘Ό,{ω‚Ή‚Έ
ή“,©“]Τ“,Ό‹{,Β–Ψ,282049,•ΊΙ§,Ό‹{s,‰z…’¬,2022[sanitize]09[sanitize]12,19,‚SK‚ΔΘγ‹¤“―Z‘ξ,’“Τi—Φjκ,30Ξ‘γ,‚»‚Μ‘Ό,{ω‚Ή‚Έ
ή“,©“]Τ“,Ό‹{,Β–Ψ,282049,•ΊΙ§,Ό‹{s,‘εΠ’¬,2022[sanitize]02[sanitize]26,20,‚»‚Μ‘Ό‚ΜZ‘ξi‚RK‚ΔΘ‰Ί‹¤“―Z‘ξ“™j,’“Τi—Φjκ,40Ξ‘γ,‚»‚Μ‘Ό,{ω‚Ή‚Έ
ή“,©“]Τ“,Ό‹{,Β–Ψ,282049,•ΊΙ§,Ό‹{s,‘εΠ’¬,2022[sanitize]08[sanitize]29,06,‚SK‚ΔΘγ‹¤“―Z‘ξ,’“Τi—Φjκ,10Ξ‘γ,‚Z¶,{ω‚Ή‚Έ
ή“,©“]Τ“,Ό‹{,Β–Ψ,282049,•ΊΙ§,Ό‹{s,‘εΠ’¬,2022[sanitize]10[sanitize]16,00,κΛZ‘ξ,‚»‚Μ‘Ό,10Ξ‘γ,‘εw¶,{ω‚Ή‚Έ
ή“,©“]Τ“,Ό‹{,Β–Ψ,282049,•ΊΙ§,Ό‹{s,‚ΐ’¬,2022[sanitize]05[sanitize]08,17,‚SK‚ΔΘγ‹¤“―Z‘ξ,’“Τi—Φjκ,40Ξ‘γ,‚»‚Μ‘Ό,{ω‚µ‚½
ή“,©“]Τ“,Ό‹{,Β–Ψ,282049,•ΊΙ§,Ό‹{s,”\“o’¬,2022[sanitize]10[sanitize]31,07,‚SK‚ΔΘγ‹¤“―Z‘ξ,’“Τi—Φjκ,20Ξ‘γ,‘εw¶,{ω‚µ‚½
ή“,©“]Τ“,Ό‹{,Β–Ψ,282049,•ΊΙ§,Ό‹{s,L“c’¬,2022[sanitize]08[sanitize]14,12,“ΉHγ,‚»‚Μ‘Ό,70ΞΘγ,‚»‚Μ‘Ό,{ω‚Ή‚Έ
ή“,©“]Τ“,Ό‹{,Β–Ψ,282049,•ΊΙ§,Ό‹{s,Ίμ’¬,2022[sanitize]08[sanitize]25,09,‚»‚Μ‘Ό‚ΜZ‘ξi‚RK‚ΔΘ‰Ί‹¤“―Z‘ξ“™j,’“Τi—Φjκ,50Ξ‘γ,‚»‚Μ‘Ό,{ω‚µ‚½
ή“,©“]Τ“,bq‰€,γ“c,282049,•ΊΙ§,Ό‹{s,γ“c’†’¬,2022[sanitize]01[sanitize]24,19,“ΉHγ,‚»‚Μ‘Ό,10Ξ‘γ,’†w¶,{ω‚Ή‚Έ
ή“,©“]Τ“,bq‰€,γ“c,282049,•ΊΙ§,Ό‹{s,γ“c’†’¬,2022[sanitize]10[sanitize]24,21,‚SK‚ΔΘγ‹¤“―Z‘ξ,’“Τi—Φjκ,10Ξ‘γ,’†w¶,{ω‚Ή‚Έ
ή“,©“]Τ“,bq‰€,γ“c,282049,•ΊΙ§,Ό‹{s,γ“cΌ’¬,2022[sanitize]06[sanitize]15,15,‚»‚Μ‘Ό,’“Τi—Φjκ,20Ξ‘γ,‘εw¶,{ω‚Ή‚Έ
ή“,©“]Τ“,bq‰€,γ“c,282049,•ΊΙ§,Ό‹{s,γ“cΌ’¬,2022[sanitize]07[sanitize]15,19,“ΉHγ,‚»‚Μ‘Ό,50Ξ‘γ,‚»‚Μ‘Ό,{ω‚µ‚½
ή“,©“]Τ“,bq‰€,γ“c,282049,•ΊΙ§,Ό‹{s,γ“cΌ’¬,2022[sanitize]09[sanitize]13,13,‚SK‚ΔΘγ‹¤“―Z‘ξ,‚»‚Μ‘Ό,10Ξ‘γ,‘εw¶,{ω‚Ή‚Έ
ή“,©“]Τ“,bq‰€,γ“c,282049,•ΊΙ§,Ό‹{s,γ“cΌ’¬,2022[sanitize]09[sanitize]29,23,‚»‚Μ‘Ό‚ΜZ‘ξi‚RK‚ΔΘ‰Ί‹¤“―Z‘ξ“™j,’“Τi—Φjκ,20Ξ‘γ,‚»‚Μ‘Ό,{ω‚Ή‚Έ
ή“,©“]Τ“,bq‰€,γ“c,282049,•ΊΙ§,Ό‹{s,γ“c“’¬,2022[sanitize]07[sanitize]04,20,“ΉHγ,‚»‚Μ‘Ό,20Ξ‘γ,‚»‚Μ‘Ό,{ω‚µ‚½
ή“,©“]Τ“,bq‰€,γ“c,282049,•ΊΙ§,Ό‹{s,γ“c“’¬,2022[sanitize]08[sanitize]03,07,‚»‚Μ‘Ό,‚»‚Μ‘Ό,10Ξ‘γ,’†w¶,{ω‚µ‚½
ή“,©“]Τ“,bq‰€,γ“c,282049,•ΊΙ§,Ό‹{s,γ“c“’¬,2022[sanitize]08[sanitize]05,16,‚SK‚ΔΘγ‹¤“―Z‘ξ,’“Τi—Φjκ,10Ξ‘γ,’†w¶,{ω‚Ή‚Έ
ή“,©“]Τ“,bq‰€,γ“c,282049,•ΊΙ§,Ό‹{s,}‰®’¬,2022[sanitize]06[sanitize]25,18,“ΉHγ,‚»‚Μ‘Ό,30Ξ‘γ,‚»‚Μ‘Ό,{ω‚Ή‚Έ
ή“,©“]Τ“,bq‰€,γ“c,282049,•ΊΙ§,Ό‹{s,}‰®’¬,2022[sanitize]08[sanitize]25,20,“ΉHγ,‚»‚Μ‘Ό,20Ξ‘γ,‚»‚Μ‘Ό,{ω‚Ή‚Έ
ή“,©“]Τ“,bq‰€,γ“c,282049,•ΊΙ§,Ό‹{s,}‰®’¬,2022[sanitize]10[sanitize]19,00,“ΉHγ,‚»‚Μ‘Ό,70ΞΘγ,‚»‚Μ‘Ό,{ω‚µ‚½
ή“,©“]Τ“,bq‰€,γ“c,282049,•ΊΙ§,Ό‹{s,}‰®’¬,2022[sanitize]12[sanitize]11,17,“ΉHγ,‚»‚Μ‘Ό,70ΞΘγ,‚»‚Μ‘Ό,{ω‚µ‚½
ή“,©“]Τ“,bq‰€,γ“c,282049,•ΊΙ§,Ό‹{s,“–Β”φ’¬‚P’–Ϊ,2022[sanitize]08[sanitize]10,21,‚SK‚ΔΘγ‹¤“―Z‘ξ,’“Τi—Φjκ,70ΞΘγ,‚»‚Μ‘Ό,{ω‚Ή‚Έ
ή“,©“]Τ“,bq‰€,γ“c,282049,•ΊΙ§,Ό‹{s,“–Β”φ’¬‚Q’–Ϊ,2022[sanitize]08[sanitize]17,08,’“Τi—Φjκ,’“Τi—Φjκ,10Ξ‘γ,‚Z¶,{ω‚Ή‚Έ
ή“,©“]Τ“,bq‰€,γbq‰€,282049,•ΊΙ§,Ό‹{s,γbq‰€‚Q’–Ϊ,2022[sanitize]11[sanitize]29,21,’“Τi—Φjκ,’“Τi—Φjκ,50Ξ‘γ,‚»‚Μ‘Ό,{ω‚µ‚½
ή“,©“]Τ“,bq‰€,γbq‰€,282049,•ΊΙ§,Ό‹{s,γbq‰€‚S’–Ϊ,2022[sanitize]09[sanitize]05,10,“ΉHγ,‚»‚Μ‘Ό,30Ξ‘γ,‚»‚Μ‘Ό,{ω‚Ή‚Έ
ή“,©“]Τ“,bq‰€,γbq‰€,282049,•ΊΙ§,Ό‹{s,γbq‰€‚T’–Ϊ,2022[sanitize]07[sanitize]03,22,‚»‚Μ‘Ό,’“Τi—Φjκ,20Ξ‘γ,‚»‚Μ‘Ό,{ω‚µ‚½
ή“,©“]Τ“,bq‰€,γbq‰€,282049,•ΊΙ§,Ό‹{s,bq‰€O”Τ’¬,2022[sanitize]10[sanitize]03,19,“ΉHγ,‚»‚Μ‘Ό,50Ξ‘γ,‚»‚Μ‘Ό,{ω‚µ‚½
ή“,©“]Τ“,bq‰€,γbq‰€,282049,•ΊΙ§,Ό‹{s,bq‰€“ρ”Τ’¬,2022[sanitize]09[sanitize]12,18,“ΉHγ,‚»‚Μ‘Ό,10Ξ‘γ,’†w¶,{ω‚Ή‚Έ
ή“,©“]Τ“,bq‰€,γbq‰€,282049,•ΊΙ§,Ό‹{s,bq‰€O•Ϋ’¬,2022[sanitize]10[sanitize]14,09,‚»‚Μ‘Ό‚ΜZ‘ξi‚RK‚ΔΘ‰Ί‹¤“―Z‘ξ“™j,’“Τi—Φjκ,30Ξ‘γ,‚»‚Μ‘Ό,{ω‚Ή‚Έ
ή“,©“]Τ“,bq‰€,γbq‰€,282049,•ΊΙ§,Ό‹{s,bq‰€ϋ‚P’–Ϊ,2021[sanitize]12[sanitize]15,19,κΛZ‘ξ,’“Τi—Φjκ,20Ξ‘γ,‘εw¶,{ω‚Ή‚Έ
ή“,©“]Τ“,bq‰€,γbq‰€,282049,•ΊΙ§,Ό‹{s,bq‰€ϋ‚P’–Ϊ,2022[sanitize]02[sanitize]12,14,‚SK‚ΔΘγ‹¤“―Z‘ξ,’“Τi—Φjκ,30Ξ‘γ,‚»‚Μ‘Ό,{ω‚µ‚½
ή“,©“]Τ“,bq‰€,γbq‰€,282049,•ΊΙ§,Ό‹{s,bq‰€ϋ‚Q’–Ϊ,2022[sanitize]01[sanitize]20,15,‚»‚Μ‘Ό,’“Τi—Φjκ,50Ξ‘γ,‚»‚Μ‘Ό,{ω‚Ή‚Έ
ή“,©“]Τ“,bq‰€,γbq‰€,282049,•ΊΙ§,Ό‹{s,bq‰€ϋ‚Q’–Ϊ,2022[sanitize]04[sanitize]14,09,‚»‚Μ‘Ό,’“Τi—Φjκ,20Ξ‘γ,‘εw¶,{ω‚µ‚½
ή“,©“]Τ“,bq‰€,γbq‰€,282049,•ΊΙ§,Ό‹{s,bq‰€ϋ‚Q’–Ϊ,2022[sanitize]04[sanitize]15,15,‚SK‚ΔΘγ‹¤“―Z‘ξ,‚»‚Μ‘Ό,30Ξ‘γ,‚»‚Μ‘Ό,{ω‚µ‚½
ή“,©“]Τ“,bq‰€,γbq‰€,282049,•ΊΙ§,Ό‹{s,bq‰€ϋ‚Q’–Ϊ,2022[sanitize]05[sanitize]29,14,‚SK‚ΔΘγ‹¤“―Z‘ξ,’“Τi—Φjκ,20Ξ‘γ,‚»‚Μ‘Ό,{ω‚µ‚½
ή“,©“]Τ“,bq‰€,γbq‰€,282049,•ΊΙ§,Ό‹{s,bq‰€ϋ‚Q’–Ϊ,2022[sanitize]07[sanitize]01,10,’“Τi—Φjκ,’“Τi—Φjκ,30Ξ‘γ,‚»‚Μ‘Ό,{ω‚µ‚½
ή“,©“]Τ“,bq‰€,γbq‰€,282049,•ΊΙ§,Ό‹{s,bq‰€ϋ‚Q’–Ϊ,2022[sanitize]07[sanitize]01,18,‚»‚Μ‘Ό‚ΜZ‘ξi‚RK‚ΔΘ‰Ί‹¤“―Z‘ξ“™j,‚»‚Μ‘Ό,20Ξ‘γ,‚»‚Μ‘Ό,{ω‚µ‚½
ή“,©“]Τ“,bq‰€,γbq‰€,282049,•ΊΙ§,Ό‹{s,bq‰€ϋ‚Q’–Ϊ,2022[sanitize]07[sanitize]22,20,κΛZ‘ξ,’“Τi—Φjκ,10Ξ‘γ,’†w¶,{ω‚Ή‚Έ
ή“,©“]Τ“,bq‰€,γbq‰€,282049,•ΊΙ§,Ό‹{s,bq‰€ϋ‚Q’–Ϊ,2022[sanitize]09[sanitize]16,06,‚»‚Μ‘Ό‚ΜZ‘ξi‚RK‚ΔΘ‰Ί‹¤“―Z‘ξ“™j,’“Τi—Φjκ,20Ξ‘γ,‘εw¶,{ω‚Ή‚Έ
ή“,©“]Τ“,bq‰€,γbq‰€,282049,•ΊΙ§,Ό‹{s,bq‰€ϋ‚Q’–Ϊ,2022[sanitize]10[sanitize]01,09,‚SK‚ΔΘγ‹¤“―Z‘ξ,’“Τi—Φjκ,50Ξ‘γ,‚»‚Μ‘Ό,{ω‚µ‚½
ή“,©“]Τ“,bq‰€,γbq‰€,282049,•ΊΙ§,Ό‹{s,bq‰€ϋ‚Q’–Ϊ,2022[sanitize]10[sanitize]01,•s–Ύ,“ΉHγ,‚»‚Μ‘Ό,50Ξ‘γ,‚»‚Μ‘Ό,{ω‚Ή‚Έ
ή“,©“]Τ“,bq‰€,γbq‰€,282049,•ΊΙ§,Ό‹{s,bq‰€ϋ‚Q’–Ϊ,2022[sanitize]10[sanitize]18,16,‚SK‚ΔΘγ‹¤“―Z‘ξ,’“Τi—Φjκ,40Ξ‘γ,‚»‚Μ‘Ό,{ω‚µ‚½
ή“,©“]Τ“,bq‰€,γbq‰€,282049,•ΊΙ§,Ό‹{s,bq‰€ϋ‚Q’–Ϊ,2022[sanitize]10[sanitize]21,17,“ΉHγ,‚»‚Μ‘Ό,50Ξ‘γ,‚»‚Μ‘Ό,{ω‚Ή‚Έ
ή“,©“]Τ“,bq‰€,γbq‰€,282049,•ΊΙ§,Ό‹{s,bq‰€ϋ‚Q’–Ϊ,2022[sanitize]10[sanitize]21,22,‚SK‚ΔΘγ‹¤“―Z‘ξ,’“Τi—Φjκ,40Ξ‘γ,‚»‚Μ‘Ό,{ω‚µ‚½
ή“,©“]Τ“,bq‰€,γbq‰€,282049,•ΊΙ§,Ό‹{s,bq‰€ϋ‚Q’–Ϊ,2022[sanitize]10[sanitize]28,06,‚»‚Μ‘Ό,’“Τi—Φjκ,20Ξ‘γ,‚»‚Μ‘Ό,{ω‚Ή‚Έ
ή“,©“]Τ“,bq‰€,γbq‰€,282049,•ΊΙ§,Ό‹{s,bq‰€ϋ‚R’–Ϊ,2021[sanitize]12[sanitize]28,18,‚»‚Μ‘Ό‚ΜZ‘ξi‚RK‚ΔΘ‰Ί‹¤“―Z‘ξ“™j,’“Τi—Φjκ,20Ξ‘γ,‘εw¶,{ω‚Ή‚Έ
ή“,©“]Τ“,bq‰€,γbq‰€,282049,•ΊΙ§,Ό‹{s,bq‰€ϋ‚R’–Ϊ,2022[sanitize]02[sanitize]18,02,‚»‚Μ‘Ό‚ΜZ‘ξi‚RK‚ΔΘ‰Ί‹¤“―Z‘ξ“™j,’“Τi—Φjκ,65[sanitize]69Ξ,‚»‚Μ‘Ό,{ω‚Ή‚Έ
ή“,©“]Τ“,bq‰€,γbq‰€,282049,•ΊΙ§,Ό‹{s,bq‰€ϋ‚R’–Ϊ,2022[sanitize]02[sanitize]20,14,“ΉHγ,‚»‚Μ‘Ό,10Ξ‘γ,‚Z¶,{ω‚µ‚½
ή“,©“]Τ“,bq‰€,γbq‰€,282049,•ΊΙ§,Ό‹{s,bq‰€ϋ‚R’–Ϊ,2022[sanitize]03[sanitize]10,20,‚»‚Μ‘Ό,’“Τi—Φjκ,30Ξ‘γ,‚»‚Μ‘Ό,{ω‚Ή‚Έ
ή“,©“]Τ“,bq‰€,γbq‰€,282049,•ΊΙ§,Ό‹{s,bq‰€ϋ‚R’–Ϊ,2022[sanitize]03[sanitize]21,17,“ΉHγ,‚»‚Μ‘Ό,10Ξ‘γ,’†w¶,{ω‚Ή‚Έ
ή“,©“]Τ“,bq‰€,γbq‰€,282049,•ΊΙ§,Ό‹{s,bq‰€ϋ‚R’–Ϊ,2022[sanitize]04[sanitize]20,18,κΛZ‘ξ,’“Τi—Φjκ,60[sanitize]64Ξ,‚»‚Μ‘Ό,{ω‚µ‚½
ή“,©“]Τ“,bq‰€,γbq‰€,282049,•ΊΙ§,Ό‹{s,bq‰€ϋ‚R’–Ϊ,2022[sanitize]06[sanitize]17,21,“ΉHγ,‚»‚Μ‘Ό,10Ξ‘γ,‚Z¶,{ω‚µ‚½
ή“,©“]Τ“,bq‰€,γbq‰€,282049,•ΊΙ§,Ό‹{s,bq‰€ϋ‚R’–Ϊ,2022[sanitize]06[sanitize]28,13,“ΉHγ,‚»‚Μ‘Ό,20Ξ‘γ,‚»‚Μ‘Ό,{ω‚Ή‚Έ
ή“,©“]Τ“,bq‰€,γbq‰€,282049,•ΊΙ§,Ό‹{s,bq‰€ϋ‚R’–Ϊ,2022[sanitize]08[sanitize]04,16,‚SK‚ΔΘγ‹¤“―Z‘ξ,’“Τi—Φjκ,30Ξ‘γ,‚»‚Μ‘Ό,{ω‚Ή‚Έ
ή“,©“]Τ“,bq‰€,γbq‰€,282049,•ΊΙ§,Ό‹{s,bq‰€ϋ‚R’–Ϊ,2022[sanitize]09[sanitize]13,19,“ΉHγ,‚»‚Μ‘Ό,20Ξ‘γ,‚»‚Μ‘Ό,{ω‚Ή‚Έ
ή“,©“]Τ“,bq‰€,γbq‰€,282049,•ΊΙ§,Ό‹{s,bq‰€ϋ‚R’–Ϊ,2022[sanitize]09[sanitize]17,11,“ΉHγ,‚»‚Μ‘Ό,30Ξ‘γ,‚»‚Μ‘Ό,{ω‚Ή‚Έ
ή“,©“]Τ“,bq‰€,γbq‰€,282049,•ΊΙ§,Ό‹{s,bq‰€ϋ‚R’–Ϊ,2022[sanitize]10[sanitize]18,17,“ΉHγ,‚»‚Μ‘Ό,30Ξ‘γ,‚»‚Μ‘Ό,{ω‚Ή‚Έ
ή“,©“]Τ“,bq‰€,γbq‰€,282049,•ΊΙ§,Ό‹{s,bq‰€ϋ‚R’–Ϊ,2022[sanitize]11[sanitize]03,22,‚»‚Μ‘Ό,‚»‚Μ‘Ό,10Ξ‘γ,‘εw¶,{ω‚Ή‚Έ
ή“,©“]Τ“,bq‰€,γbq‰€,282049,•ΊΙ§,Ό‹{s,bq‰€ϋ‚S’–Ϊ,2022[sanitize]01[sanitize]04,17,“ΉHγ,‚»‚Μ‘Ό,10Ξ‘γ,’†w¶,{ω‚Ή‚Έ
ή“,©“]Τ“,bq‰€,γbq‰€,282049,•ΊΙ§,Ό‹{s,bq‰€ϋ‚S’–Ϊ,2022[sanitize]01[sanitize]29,21,‚»‚Μ‘Ό‚ΜZ‘ξi‚RK‚ΔΘ‰Ί‹¤“―Z‘ξ“™j,’“Τi—Φjκ,50Ξ‘γ,‚»‚Μ‘Ό,{ω‚µ‚½
ή“,©“]Τ“,bq‰€,γbq‰€,282049,•ΊΙ§,Ό‹{s,bq‰€ϋ‚S’–Ϊ,2022[sanitize]02[sanitize]25,21,κΛZ‘ξ,‚»‚Μ‘Ό,10Ξ‘γ,‚Z¶,{ω‚Ή‚Έ
ή“,©“]Τ“,bq‰€,γbq‰€,282049,•ΊΙ§,Ό‹{s,bq‰€ϋ‚S’–Ϊ,2022[sanitize]06[sanitize]21,20,‚SK‚ΔΘγ‹¤“―Z‘ξ,’“Τi—Φjκ,30Ξ‘γ,‚»‚Μ‘Ό,{ω‚µ‚½
ή“,©“]Τ“,bq‰€,γbq‰€,282049,•ΊΙ§,Ό‹{s,bq‰€ϋ‚S’–Ϊ,2022[sanitize]09[sanitize]06,21,‚»‚Μ‘Ό‚ΜZ‘ξi‚RK‚ΔΘ‰Ί‹¤“―Z‘ξ“™j,’“Τi—Φjκ,60[sanitize]64Ξ,‚»‚Μ‘Ό,{ω‚µ‚½
ή“,©“]Τ“,bq‰€,γbq‰€,282049,•ΊΙ§,Ό‹{s,bq‰€ϋ‚S’–Ϊ,2022[sanitize]10[sanitize]06,16,‚»‚Μ‘Ό‚ΜZ‘ξi‚RK‚ΔΘ‰Ί‹¤“―Z‘ξ“™j,’“Τi—Φjκ,65[sanitize]69Ξ,‚»‚Μ‘Ό,{ω‚µ‚½
ή“,©“]Τ“,bq‰€,γbq‰€,282049,•ΊΙ§,Ό‹{s,bq‰€ϋ‚T’–Ϊ,2022[sanitize]07[sanitize]08,19,‚SK‚ΔΘγ‹¤“―Z‘ξ,’“Τi—Φjκ,20Ξ‘γ,‚»‚Μ‘Ό,{ω‚Ή‚Έ
ή“,©“]Τ“,bq‰€,γbq‰€,282049,•ΊΙ§,Ό‹{s,bq‰€ϋ‚U’–Ϊ,2021[sanitize]03[sanitize]01,00,‚»‚Μ‘Ό,’“Τi—Φjκ,20Ξ‘γ,‚»‚Μ‘Ό,{ω‚Ή‚Έ
ή“,©“]Τ“,bq‰€,γbq‰€,282049,•ΊΙ§,Ό‹{s,¬‘]ª’¬‚P’–Ϊ,2022[sanitize]02[sanitize]17,18,‚SK‚ΔΘγ‹¤“―Z‘ξ,‚»‚Μ‘Ό,30Ξ‘γ,‚»‚Μ‘Ό,{ω‚µ‚½
ή“,©“]Τ“,bq‰€,γbq‰€,282049,•ΊΙ§,Ό‹{s,¬‘]ª’¬‚R’–Ϊ,2022[sanitize]09[sanitize]06,21,‚»‚Μ‘Ό,‚»‚Μ‘Ό,10Ξ‘γ,‚Z¶,{ω‚Ή‚Έ
ή“,©“]Τ“,bq‰€,γbq‰€,282049,•ΊΙ§,Ό‹{s,Λθ’¬,2022[sanitize]04[sanitize]02,21,‚»‚Μ‘Ό‚ΜZ‘ξi‚RK‚ΔΘ‰Ί‹¤“―Z‘ξ“™j,’“Τi—Φjκ,20Ξ‘γ,‚»‚Μ‘Ό,{ω‚µ‚½
ή“,©“]Τ“,bq‰€,γbq‰€,282049,•ΊΙ§,Ό‹{s,Λθ’¬,2022[sanitize]09[sanitize]30,17,“ΉHγ,‚»‚Μ‘Ό,10Ξ‘γ,¬w¶,{ω‚Ή‚Έ
ή“,©“]Τ“,bq‰€,γbq‰€,282049,•ΊΙ§,Ό‹{s,Λθ’¬,2022[sanitize]10[sanitize]11,18,“ΉHγ,‚»‚Μ‘Ό,10Ξ‘γ,’†w¶,{ω‚Ή‚Έ
ή“,©“]Τ“,bq‰€,γbq‰€,282049,•ΊΙ§,Ό‹{s,α‘’¬‚P’–Ϊ,2022[sanitize]07[sanitize]02,15,‚»‚Μ‘Ό‚ΜZ‘ξi‚RK‚ΔΘ‰Ί‹¤“―Z‘ξ“™j,’“Τi—Φjκ,30Ξ‘γ,‚»‚Μ‘Ό,{ω‚Ή‚Έ
ή“,©“]Τ“,bq‰€,’†’Γ,282049,•ΊΙ§,Ό‹{s,bq‰€‹γ”Τ’¬,2022[sanitize]03[sanitize]22,20,‚»‚Μ‘Ό,‚»‚Μ‘Ό,10Ξ‘γ,‚Z¶,{ω‚Ή‚Έ
ή“,©“]Τ“,bq‰€,’†’Γ,282049,•ΊΙ§,Ό‹{s,bq‰€‹γ”Τ’¬,2022[sanitize]06[sanitize]21,11,‚»‚Μ‘Ό,‚»‚Μ‘Ό,40Ξ‘γ,‚»‚Μ‘Ό,{ω‚µ‚½
ή“,©“]Τ“,bq‰€,’†’Γ,282049,•ΊΙ§,Ό‹{s,bq‰€‹γ”Τ’¬,2022[sanitize]08[sanitize]04,12,“ΉHγ,‚»‚Μ‘Ό,10Ξ‘γ,’†w¶,{ω‚µ‚½
ή“,©“]Τ“,bq‰€,’†’Γ,282049,•ΊΙ§,Ό‹{s,bq‰€‹γ”Τ’¬,2022[sanitize]09[sanitize]09,08,‚»‚Μ‘Ό,’“Τi—Φjκ,40Ξ‘γ,‚»‚Μ‘Ό,{ω‚Ή‚Έ
ή“,©“]Τ“,bq‰€,’†’Γ,282049,•ΊΙ§,Ό‹{s,bq‰€‹γ”Τ’¬,2022[sanitize]09[sanitize]24,16,‚SK‚ΔΘγ‹¤“―Z‘ξ,’“Τi—Φjκ,50Ξ‘γ,‚»‚Μ‘Ό,{ω‚µ‚½
ή“,©“]Τ“,bq‰€,’†’Γ,282049,•ΊΙ§,Ό‹{s,bq‰€‹γ”Τ’¬,2022[sanitize]11[sanitize]30,14,“ΉHγ,‚»‚Μ‘Ό,10Ξ‘γ,‚Z¶,{ω‚Ή‚Έ
ή“,©“]Τ“,bq‰€,’†’Γ,282049,•ΊΙ§,Ό‹{s,bq‰€‚’ª’¬,2021[sanitize]12[sanitize]28,09,‚»‚Μ‘Ό,’“Τi—Φjκ,20Ξ‘γ,‚»‚Μ‘Ό,{ω‚µ‚½
ή“,©“]Τ“,bq‰€,’†’Γ,282049,•ΊΙ§,Ό‹{s,bq‰€‚’ª’¬,2022[sanitize]02[sanitize]20,14,‚»‚Μ‘Ό,’“Τi—Φjκ,10Ξ‘γ,‚Z¶,{ω‚µ‚½
ή“,©“]Τ“,bq‰€,’†’Γ,282049,•ΊΙ§,Ό‹{s,bq‰€‚’ª’¬,2022[sanitize]03[sanitize]13,21,‚SK‚ΔΘγ‹¤“―Z‘ξ,’“Τi—Φjκ,30Ξ‘γ,‚»‚Μ‘Ό,{ω‚µ‚½
ή“,©“]Τ“,bq‰€,’†’Γ,282049,•ΊΙ§,Ό‹{s,bq‰€‚’ª’¬,2022[sanitize]04[sanitize]15,08,‚»‚Μ‘Ό,’“Τi—Φjκ,30Ξ‘γ,‚»‚Μ‘Ό,{ω‚Ή‚Έ
ή“,©“]Τ“,bq‰€,’†’Γ,282049,•ΊΙ§,Ό‹{s,bq‰€‚’ª’¬,2022[sanitize]04[sanitize]16,23,“ΉHγ,‚»‚Μ‘Ό,40Ξ‘γ,‚»‚Μ‘Ό,{ω‚µ‚½
ή“,©“]Τ“,bq‰€,’†’Γ,282049,•ΊΙ§,Ό‹{s,bq‰€‚’ª’¬,2022[sanitize]04[sanitize]22,08,‚»‚Μ‘Ό,’“Τi—Φjκ,10Ξ‘γ,‚»‚Μ‘Ό,{ω‚µ‚½
ή“,©“]Τ“,bq‰€,’†’Γ,282049,•ΊΙ§,Ό‹{s,bq‰€‚’ª’¬,2022[sanitize]05[sanitize]01,10,‚»‚Μ‘Ό,’“Τi—Φjκ,20Ξ‘γ,‚»‚Μ‘Ό,{ω‚µ‚½
ή“,©“]Τ“,bq‰€,’†’Γ,282049,•ΊΙ§,Ό‹{s,bq‰€‚’ª’¬,2022[sanitize]05[sanitize]20,22,‚»‚Μ‘Ό,’“Τi—Φjκ,20Ξ‘γ,‘εw¶,{ω‚Ή‚Έ
ή“,©“]Τ“,bq‰€,’†’Γ,282049,•ΊΙ§,Ό‹{s,bq‰€‚’ª’¬,2022[sanitize]05[sanitize]27,07,‚»‚Μ‘Ό,’“Τi—Φjκ,30Ξ‘γ,‚»‚Μ‘Ό,{ω‚Ή‚Έ
ή“,©“]Τ“,bq‰€,’†’Γ,282049,•ΊΙ§,Ό‹{s,bq‰€‚’ª’¬,2022[sanitize]06[sanitize]07,17,‚»‚Μ‘Ό,’“Τi—Φjκ,10Ξ‘γ,’†w¶,{ω‚Ή‚Έ
ή“,©“]Τ“,bq‰€,’†’Γ,282049,•ΊΙ§,Ό‹{s,bq‰€‚’ª’¬,2022[sanitize]06[sanitize]12,09,’“Τi—Φjκ,’“Τi—Φjκ,40Ξ‘γ,‚»‚Μ‘Ό,{ω‚Ή‚Έ
ή“,©“]Τ“,bq‰€,’†’Γ,282049,•ΊΙ§,Ό‹{s,bq‰€‚’ª’¬,2022[sanitize]06[sanitize]25,18,‚»‚Μ‘Ό,’“Τi—Φjκ,40Ξ‘γ,‚»‚Μ‘Ό,{ω‚µ‚½
ή“,©“]Τ“,bq‰€,’†’Γ,282049,•ΊΙ§,Ό‹{s,bq‰€‚’ª’¬,2022[sanitize]06[sanitize]27,07,‚»‚Μ‘Ό,’“Τi—Φjκ,20Ξ‘γ,‘εw¶,{ω‚Ή‚Έ
ή“,©“]Τ“,bq‰€,’†’Γ,282049,•ΊΙ§,Ό‹{s,bq‰€‚’ª’¬,2022[sanitize]06[sanitize]27,08,‚»‚Μ‘Ό,’“Τi—Φjκ,20Ξ‘γ,‚»‚Μ‘Ό,{ω‚Ή‚Έ
ή“,©“]Τ“,bq‰€,’†’Γ,282049,•ΊΙ§,Ό‹{s,bq‰€‚’ª’¬,2022[sanitize]07[sanitize]06,05,‚»‚Μ‘Ό,’“Τi—Φjκ,30Ξ‘γ,‚»‚Μ‘Ό,{ω‚µ‚½
ή“,©“]Τ“,bq‰€,’†’Γ,282049,•ΊΙ§,Ό‹{s,bq‰€‚’ª’¬,2022[sanitize]08[sanitize]02,17,‚»‚Μ‘Ό,’“Τi—Φjκ,10Ξ‘γ,‚Z¶,{ω‚µ‚½
ή“,©“]Τ“,bq‰€,’†’Γ,282049,•ΊΙ§,Ό‹{s,bq‰€‚’ª’¬,2022[sanitize]09[sanitize]18,19,‚»‚Μ‘Ό,’“Τi—Φjκ,10Ξ‘γ,¬w¶,{ω‚Ή‚Έ
ή“,©“]Τ“,bq‰€,’†’Γ,282049,•ΊΙ§,Ό‹{s,bq‰€‚’ª’¬,2022[sanitize]09[sanitize]25,08,‚»‚Μ‘Ό,’“Τi—Φjκ,30Ξ‘γ,‚»‚Μ‘Ό,{ω‚Ή‚Έ
ή“,©“]Τ“,bq‰€,’†’Γ,282049,•ΊΙ§,Ό‹{s,bq‰€‚’ª’¬,2022[sanitize]09[sanitize]27,08,‚»‚Μ‘Ό,’“Τi—Φjκ,30Ξ‘γ,‚»‚Μ‘Ό,{ω‚µ‚½
ή“,©“]Τ“,bq‰€,’†’Γ,282049,•ΊΙ§,Ό‹{s,bq‰€‚’ª’¬,2022[sanitize]11[sanitize]08,15,‚»‚Μ‘Ό,’“Τi—Φjκ,50Ξ‘γ,‚»‚Μ‘Ό,{ω‚µ‚½
ή“,©“]Τ“,bq‰€,’†’Γ,282049,•ΊΙ§,Ό‹{s,bq‰€‚’ª’¬,2022[sanitize]12[sanitize]12,10,‚»‚Μ‘Ό,’“Τi—Φjκ,20Ξ‘γ,‘εw¶,{ω‚Ή‚Έ
ή“,©“]Τ“,bq‰€,’†’Γ,282049,•ΊΙ§,Ό‹{s,bq‰€’¬,2022[sanitize]01[sanitize]05,10,‚»‚Μ‘Ό,’“Τi—Φjκ,20Ξ‘γ,‘εw¶,{ω‚µ‚½
ή“,©“]Τ“,bq‰€,’†’Γ,282049,•ΊΙ§,Ό‹{s,bq‰€’¬,2022[sanitize]02[sanitize]28,06,‚SK‚ΔΘγ‹¤“―Z‘ξ,’“Τi—Φjκ,20Ξ‘γ,‘εw¶,{ω‚Ή‚Έ
ή“,©“]Τ“,bq‰€,’†’Γ,282049,•ΊΙ§,Ό‹{s,bq‰€’¬,2022[sanitize]04[sanitize]07,08,‚»‚Μ‘Ό,’“Τi—Φjκ,50Ξ‘γ,‚»‚Μ‘Ό,{ω‚Ή‚Έ
ή“,©“]Τ“,bq‰€,’†’Γ,282049,•ΊΙ§,Ό‹{s,bq‰€’¬,2022[sanitize]04[sanitize]09,18,“ΉHγ,‚»‚Μ‘Ό,20Ξ‘γ,‚»‚Μ‘Ό,{ω‚Ή‚Έ
ή“,©“]Τ“,bq‰€,’†’Γ,282049,•ΊΙ§,Ό‹{s,bq‰€’¬,2022[sanitize]06[sanitize]03,18,“ΉHγ,‚»‚Μ‘Ό,70ΞΘγ,‚»‚Μ‘Ό,{ω‚µ‚½
ή“,©“]Τ“,bq‰€,’†’Γ,282049,•ΊΙ§,Ό‹{s,bq‰€’¬,2022[sanitize]06[sanitize]11,12,“ΉHγ,‚»‚Μ‘Ό,40Ξ‘γ,‚»‚Μ‘Ό,{ω‚µ‚½
ή“,©“]Τ“,bq‰€,’†’Γ,282049,•ΊΙ§,Ό‹{s,bq‰€’¬,2022[sanitize]07[sanitize]16,17,‚»‚Μ‘Ό,’“Τi—Φjκ,10Ξ‘γ,‘εw¶,{ω‚Ή‚Έ
ή“,©“]Τ“,bq‰€,’†’Γ,282049,•ΊΙ§,Ό‹{s,bq‰€’¬,2022[sanitize]07[sanitize]22,21,“ΉHγ,‚»‚Μ‘Ό,10Ξ‘γ,’†w¶,{ω‚Ή‚Έ
ή“,©“]Τ“,bq‰€,’†’Γ,282049,•ΊΙ§,Ό‹{s,•lbq‰€‚Q’–Ϊ,2022[sanitize]11[sanitize]27,19,’“Τi—Φjκ,’“Τi—Φjκ,50Ξ‘γ,‚»‚Μ‘Ό,{ω‚µ‚½
ή“,©“]Τ“,bq‰€,’†’Γ,282049,•ΊΙ§,Ό‹{s,“μbq‰€‚P’–Ϊ,2022[sanitize]01[sanitize]07,10,‚SK‚ΔΘγ‹¤“―Z‘ξ,’“Τi—Φjκ,30Ξ‘γ,‚»‚Μ‘Ό,{ω‚Ή‚Έ
ή“,©“]Τ“,bq‰€,’†’Γ,282049,•ΊΙ§,Ό‹{s,“μbq‰€‚P’–Ϊ,2022[sanitize]10[sanitize]13,17,‚SK‚ΔΘγ‹¤“―Z‘ξ,’“Τi—Φjκ,10Ξ‘γ,‚Z¶,{ω‚Ή‚Έ
ή“,©“]Τ“,bq‰€,’†’Γ,282049,•ΊΙ§,Ό‹{s,“μbq‰€‚R’–Ϊ,2022[sanitize]02[sanitize]18,16,‚SK‚ΔΘγ‹¤“―Z‘ξ,’“Τi—Φjκ,10Ξ–Ά–,¬w¶,{ω‚Ή‚Έ
ή“,©“]Τ“,bq‰€,¬Ό,282049,•ΊΙ§,Ό‹{s,γ–Β”φ’¬,2022[sanitize]06[sanitize]03,08,‚»‚Μ‘Ό,’“Τi—Φjκ,20Ξ‘γ,‚»‚Μ‘Ό,{ω‚Ή‚Έ
ή“,©“]Τ“,bq‰€,¬Ό,282049,•ΊΙ§,Ό‹{s,γ–Β”φ’¬,2022[sanitize]06[sanitize]10,18,‚»‚Μ‘Ό,’“Τi—Φjκ,10Ξ‘γ,‚Z¶,{ω‚Ή‚Έ
ή“,©“]Τ“,bq‰€,¬Ό,282049,•ΊΙ§,Ό‹{s,γ–Β”φ’¬,2022[sanitize]07[sanitize]10,18,κΛZ‘ξ,‚»‚Μ‘Ό,65[sanitize]69Ξ,‚»‚Μ‘Ό,{ω‚Ή‚Έ
ή“,©“]Τ“,bq‰€,¬Ό,282049,•ΊΙ§,Ό‹{s,γ–Β”φ’¬,2022[sanitize]08[sanitize]14,08,‚SK‚ΔΘγ‹¤“―Z‘ξ,’“Τi—Φjκ,50Ξ‘γ,‚»‚Μ‘Ό,{ω‚µ‚½
ή“,©“]Τ“,bq‰€,¬Ό,282049,•ΊΙ§,Ό‹{s,}‰®’¬,2022[sanitize]10[sanitize]01,19,‚»‚Μ‘Ό,’“Τi—Φjκ,20Ξ‘γ,‘εw¶,{ω‚Ή‚Έ
ή“,©“]Τ“,bq‰€,¬Ό,282049,•ΊΙ§,Ό‹{s,w•¶“a’¬‚P’–Ϊ,2022[sanitize]01[sanitize]03,19,“ΉHγ,‚»‚Μ‘Ό,20Ξ‘γ,‘εw¶,{ω‚Ή‚Έ
ή“,©“]Τ“,bq‰€,¬Ό,282049,•ΊΙ§,Ό‹{s,w•¶“a’¬‚P’–Ϊ,2022[sanitize]07[sanitize]31,16,κΛZ‘ξ,’“Τi—Φjκ,10Ξ‘γ,‚Z¶,{ω‚µ‚½
ή“,©“]Τ“,bq‰€,¬Ό,282049,•ΊΙ§,Ό‹{s,bq‰€ά”Τ’¬,2020[sanitize]07[sanitize]01,09,‚SK‚ΔΘγ‹¤“―Z‘ξ,’“Τi—Φjκ,30Ξ‘γ,‚»‚Μ‘Ό,{ω‚µ‚½
ή“,©“]Τ“,bq‰€,¬Ό,282049,•ΊΙ§,Ό‹{s,bq‰€Z”Τ’¬,2022[sanitize]05[sanitize]16,20,“ΉHγ,‚»‚Μ‘Ό,20Ξ‘γ,‚»‚Μ‘Ό,{ω‚Ή‚Έ
ή“,©“]Τ“,bq‰€,¬Ό,282049,•ΊΙ§,Ό‹{s,bq‰€Z”Τ’¬,2022[sanitize]07[sanitize]06,08,’“Τi—Φjκ,’“Τi—Φjκ,40Ξ‘γ,‚»‚Μ‘Ό,{ω‚µ‚½
ή“,©“]Τ“,bq‰€,¬Ό,282049,•ΊΙ§,Ό‹{s,bq‰€Z”Τ’¬,2022[sanitize]10[sanitize]02,16,‚SK‚ΔΘγ‹¤“―Z‘ξ,’“Τi—Φjκ,20Ξ‘γ,‚»‚Μ‘Ό,{ω‚Ή‚Έ
ή“,©“]Τ“,bq‰€,¬Ό,282049,•ΊΙ§,Ό‹{s,bq‰€Z”Τ’¬,2022[sanitize]10[sanitize]20,02,‚SK‚ΔΘγ‹¤“―Z‘ξ,‚»‚Μ‘Ό,20Ξ‘γ,‚»‚Μ‘Ό,{ω‚Ή‚Έ
ή“,©“]Τ“,bq‰€,¬Ό,282049,•ΊΙ§,Ό‹{s,¬Ό–k’¬‚P’–Ϊ,2022[sanitize]03[sanitize]29,11,‚»‚Μ‘Ό,’“Τi—Φjκ,30Ξ‘γ,‚»‚Μ‘Ό,{ω‚Ή‚Έ
ή“,©“]Τ“,bq‰€,¬Ό,282049,•ΊΙ§,Ό‹{s,¬Ό–k’¬‚P’–Ϊ,2022[sanitize]06[sanitize]11,14,“ΉHγ,‚»‚Μ‘Ό,10Ξ‘γ,¬w¶,{ω‚µ‚½
ή“,©“]Τ“,bq‰€,¬Ό,282049,•ΊΙ§,Ό‹{s,¬Ό–k’¬‚Q’–Ϊ,2022[sanitize]03[sanitize]20,16,‚»‚Μ‘Ό,‚»‚Μ‘Ό,10Ξ–Ά–,¬w¶,{ω‚Ή‚Έ
ή“,©“]Τ“,bq‰€,¬Ό,282049,•ΊΙ§,Ό‹{s,¬Ό“μ’¬‚P’–Ϊ,2022[sanitize]05[sanitize]25,22,“ΉHγ,‚»‚Μ‘Ό,10Ξ‘γ,‚Z¶,{ω‚µ‚½
ή“,©“]Τ“,bq‰€,¬Ό,282049,•ΊΙ§,Ό‹{s,¬Ό“μ’¬‚P’–Ϊ,2022[sanitize]08[sanitize]18,05,“ΉHγ,‚»‚Μ‘Ό,70ΞΘγ,‚»‚Μ‘Ό,{ω‚Ή‚Έ
ή“,©“]Τ“,bq‰€,¬Ό,282049,•ΊΙ§,Ό‹{s,¬Ό“μ’¬‚Q’–Ϊ,2022[sanitize]08[sanitize]07,12,κΛZ‘ξ,‚»‚Μ‘Ό,10Ξ‘γ,’†w¶,{ω‚Ή‚Έ
ή“,©“]Τ“,bq‰€,¬Ό,282049,•ΊΙ§,Ό‹{s,—Ά’†’¬‚P’–Ϊ,2022[sanitize]06[sanitize]26,17,“ΉHγ,‚»‚Μ‘Ό,20Ξ‘γ,‘εw¶,{ω‚Ή‚Έ
ή“,©“]Τ“,bq‰€,¬Ό,282049,•ΊΙ§,Ό‹{s,—Ά’†’¬‚Q’–Ϊ,2022[sanitize]08[sanitize]06,18,‚»‚Μ‘Ό,’“Τi—Φjκ,10Ξ‘γ,‚Z¶,{ω‚Ή‚Έ
ή“,©“]Τ“,bq‰€,¬Ό,282049,•ΊΙ§,Ό‹{s,—Ά’†’¬‚Q’–Ϊ,2022[sanitize]10[sanitize]25,04,‚»‚Μ‘Ό,’“Τi—Φjκ,40Ξ‘γ,‚»‚Μ‘Ό,{ω‚Ή‚Έ
ή“,©“]Τ“,bq‰€,¬Ό,282049,•ΊΙ§,Ό‹{s,—Ά’†’¬‚Q’–Ϊ,2022[sanitize]11[sanitize]06,02,‚SK‚ΔΘγ‹¤“―Z‘ξ,‚»‚Μ‘Ό,20Ξ‘γ,‘εw¶,{ω‚Ή‚Έ
ή“,©“]Τ“,bq‰€,¬Ό,282049,•ΊΙ§,Ό‹{s,—Ά’†’¬‚R’–Ϊ,2022[sanitize]01[sanitize]29,21,‚»‚Μ‘Ό,’“Τi—Φjκ,20Ξ‘γ,‚»‚Μ‘Ό,{ω‚Ή‚Έ
ή“,©“]Τ“,bq‰€,¬Ό,282049,•ΊΙ§,Ό‹{s,—Ά’†’¬‚R’–Ϊ,2022[sanitize]02[sanitize]02,18,‚»‚Μ‘Ό,’“Τi—Φjκ,40Ξ‘γ,‚»‚Μ‘Ό,{ω‚Ή‚Έ
ή“,©“]Τ“,bq‰€,¬Ό,282049,•ΊΙ§,Ό‹{s,—Ά’†’¬‚R’–Ϊ,2022[sanitize]06[sanitize]10,10,“ΉHγ,‚»‚Μ‘Ό,20Ξ‘γ,‚»‚Μ‘Ό,{ω‚Ή‚Έ
ή“,©“]Τ“,bq‰€,¬Ό,282049,•ΊΙ§,Ό‹{s,—Ά’†’¬‚R’–Ϊ,2022[sanitize]08[sanitize]22,14,“ΉHγ,‚»‚Μ‘Ό,50Ξ‘γ,‚»‚Μ‘Ό,{ω‚Ή‚Έ
ή“,©“]Τ“,bq‰€,¬Ό,282049,•ΊΙ§,Ό‹{s,—Ά’†’¬‚R’–Ϊ,2022[sanitize]09[sanitize]26,19,‚»‚Μ‘Ό,’“Τi—Φjκ,10Ξ‘γ,’†w¶,{ω‚µ‚½
ή“,©“]Τ“,bq‰€,¬Ό,282049,•ΊΙ§,Ό‹{s,—Ά’†’¬‚R’–Ϊ,2022[sanitize]11[sanitize]09,13,“ΉHγ,‚»‚Μ‘Ό,20Ξ‘γ,‚»‚Μ‘Ό,{ω‚Ή‚Έ
ή“,©“]Τ“,bq‰€,¬Ό,282049,•ΊΙ§,Ό‹{s,‰Τ‰€’¬,2022[sanitize]07[sanitize]18,13,‚SK‚ΔΘγ‹¤“―Z‘ξ,’“Τi—Φjκ,30Ξ‘γ,‚»‚Μ‘Ό,{ω‚µ‚½
ή“,©“]Τ“,bq‰€,¬Ό,282049,•ΊΙ§,Ό‹{s,α‘’¬‚Q’–Ϊ,2022[sanitize]03[sanitize]17,22,‚SK‚ΔΘγ‹¤“―Z‘ξ,’“Τi—Φjκ,20Ξ‘γ,‚»‚Μ‘Ό,{ω‚µ‚½
ή“,©“]Τ“,bq‰€,–{‹½,282049,•ΊΙ§,Ό‹{s,’rJ’¬,2022[sanitize]06[sanitize]30,10,‚»‚Μ‘Ό,’“Τi—Φjκ,10Ξ‘γ,‘εw¶,{ω‚Ή‚Έ
ή“,©“]Τ“,bq‰€,–{‹½,282049,•ΊΙ§,Ό‹{s,bq‰€‹γ”Τ’¬,2022[sanitize]02[sanitize]22,10,‚»‚Μ‘Ό,’“Τi—Φjκ,20Ξ‘γ,‘εw¶,{ω‚µ‚½
ή“,©“]Τ“,bq‰€,–{‹½,282049,•ΊΙ§,Ό‹{s,bq‰€µ”Τ’¬,2022[sanitize]04[sanitize]12,05,“ΉHγ,‚»‚Μ‘Ό,30Ξ‘γ,‚»‚Μ‘Ό,{ω‚µ‚½
ή“,©“]Τ“,bq‰€,–{‹½,282049,•ΊΙ§,Ό‹{s,bq‰€µ”Τ’¬,2022[sanitize]05[sanitize]06,21,’“Τi—Φjκ,’“Τi—Φjκ,20Ξ‘γ,‘εw¶,{ω‚Ή‚Έ
ή“,©“]Τ“,bq‰€,–{‹½,282049,•ΊΙ§,Ό‹{s,bq‰€µ”Τ’¬,2022[sanitize]05[sanitize]16,19,“ΉHγ,‚»‚Μ‘Ό,20Ξ‘γ,‚»‚Μ‘Ό,{ω‚Ή‚Έ
ή“,©“]Τ“,bq‰€,–{‹½,282049,•ΊΙ§,Ό‹{s,bq‰€µ”Τ’¬,2022[sanitize]05[sanitize]31,18,“ΉHγ,‚»‚Μ‘Ό,10Ξ‘γ,‚Z¶,{ω‚Ή‚Έ
ή“,©“]Τ“,bq‰€,–{‹½,282049,•ΊΙ§,Ό‹{s,bq‰€µ”Τ’¬,2022[sanitize]07[sanitize]03,21,‚SK‚ΔΘγ‹¤“―Z‘ξ,‚»‚Μ‘Ό,30Ξ‘γ,‚»‚Μ‘Ό,{ω‚µ‚½
ή“,©“]Τ“,bq‰€,–{‹½,282049,•ΊΙ§,Ό‹{s,bq‰€µ”Τ’¬,2022[sanitize]07[sanitize]08,23,‚»‚Μ‘Ό‚ΜZ‘ξi‚RK‚ΔΘ‰Ί‹¤“―Z‘ξ“™j,’“Τi—Φjκ,20Ξ‘γ,‘εw¶,{ω‚Ή‚Έ
ή“,©“]Τ“,bq‰€,–{‹½,282049,•ΊΙ§,Ό‹{s,bq‰€µ”Τ’¬,2022[sanitize]08[sanitize]04,17,“ΉHγ,‚»‚Μ‘Ό,10Ξ‘γ,‚Z¶,{ω‚Ή‚Έ
ή“,©“]Τ“,bq‰€,–{‹½,282049,•ΊΙ§,Ό‹{s,bq‰€µ”Τ’¬,2022[sanitize]08[sanitize]10,22,“ΉHγ,‚»‚Μ‘Ό,20Ξ‘γ,‚»‚Μ‘Ό,{ω‚Ή‚Έ
ή“,©“]Τ“,bq‰€,–{‹½,282049,•ΊΙ§,Ό‹{s,bq‰€µ”Τ’¬,2022[sanitize]08[sanitize]11,16,‚»‚Μ‘Ό,’“Τi—Φjκ,30Ξ‘γ,‚»‚Μ‘Ό,{ω‚Ή‚Έ
ή“,©“]Τ“,bq‰€,–{‹½,282049,•ΊΙ§,Ό‹{s,bq‰€µ”Τ’¬,2022[sanitize]08[sanitize]22,15,‚»‚Μ‘Ό,’“Τi—Φjκ,10Ξ‘γ,‚Z¶,{ω‚µ‚½
ή“,©“]Τ“,bq‰€,–{‹½,282049,•ΊΙ§,Ό‹{s,bq‰€µ”Τ’¬,2022[sanitize]09[sanitize]26,20,“ΉHγ,‚»‚Μ‘Ό,10Ξ‘γ,‚Z¶,{ω‚Ή‚Έ
ή“,©“]Τ“,bq‰€,–{‹½,282049,•ΊΙ§,Ό‹{s,bq‰€µ”Τ’¬,2022[sanitize]10[sanitize]05,20,“ΉHγ,‚»‚Μ‘Ό,10Ξ‘γ,‚Z¶,{ω‚Ή‚Έ
ή“,©“]Τ“,bq‰€,–{‹½,282049,•ΊΙ§,Ό‹{s,bq‰€µ”Τ’¬,2022[sanitize]10[sanitize]14,08,“ΉHγ,‚»‚Μ‘Ό,10Ξ‘γ,‚Z¶,{ω‚Ή‚Έ
ή“,©“]Τ“,bq‰€,–{‹½,282049,•ΊΙ§,Ό‹{s,bq‰€µ”Τ’¬,2022[sanitize]12[sanitize]16,23,“ΉHγ,‚»‚Μ‘Ό,20Ξ‘γ,‚»‚Μ‘Ό,{ω‚µ‚½
ή“,©“]Τ“,bq‰€,–{‹½,282049,•ΊΙ§,Ό‹{s,bq‰€‚’ª’¬,2022[sanitize]02[sanitize]01,17,‚»‚Μ‘Ό,’“Τi—Φjκ,10Ξ‘γ,‘εw¶,{ω‚µ‚½
ή“,©“]Τ“,bq‰€,–{‹½,282049,•ΊΙ§,Ό‹{s,bq‰€”ª”Τ’¬,2022[sanitize]01[sanitize]12,18,‚SK‚ΔΘγ‹¤“―Z‘ξ,’“Τi—Φjκ,10Ξ‘γ,‚Z¶,{ω‚Ή‚Έ
ή“,©“]Τ“,bq‰€,–{‹½,282049,•ΊΙ§,Ό‹{s,bq‰€”ª”Τ’¬,2022[sanitize]01[sanitize]31,15,‚»‚Μ‘Ό,’“Τi—Φjκ,20Ξ‘γ,‘εw¶,{ω‚Ή‚Έ
ή“,©“]Τ“,bq‰€,–{‹½,282049,•ΊΙ§,Ό‹{s,bq‰€”ª”Τ’¬,2022[sanitize]03[sanitize]19,06,‚»‚Μ‘Ό,’“Τi—Φjκ,30Ξ‘γ,‚»‚Μ‘Ό,{ω‚Ή‚Έ
ή“,©“]Τ“,bq‰€,–{‹½,282049,•ΊΙ§,Ό‹{s,bq‰€”ª”Τ’¬,2022[sanitize]03[sanitize]30,10,‚»‚Μ‘Ό,’“Τi—Φjκ,70ΞΘγ,‚»‚Μ‘Ό,{ω‚µ‚½
ή“,©“]Τ“,bq‰€,–{‹½,282049,•ΊΙ§,Ό‹{s,bq‰€”ª”Τ’¬,2022[sanitize]06[sanitize]19,10,‚»‚Μ‘Ό,’“Τi—Φjκ,10Ξ‘γ,‘εw¶,{ω‚Ή‚Έ
ή“,©“]Τ“,bq‰€,–{‹½,282049,•ΊΙ§,Ό‹{s,bq‰€”ª”Τ’¬,2022[sanitize]08[sanitize]27,12,’“Τi—Φjκ,’“Τi—Φjκ,10Ξ‘γ,‘εw¶,{ω‚µ‚½
ή“,©“]Τ“,bq‰€,–{‹½,282049,•ΊΙ§,Ό‹{s,bq‰€”ª”Τ’¬,2022[sanitize]11[sanitize]13,18,‚»‚Μ‘Ό,’“Τi—Φjκ,20Ξ‘γ,‘εw¶,{ω‚Ή‚Έ
ή“,©“]Τ“,bq‰€,–{‹½,282049,•ΊΙ§,Ό‹{s,bq‰€”ª”Τ’¬,2022[sanitize]11[sanitize]22,12,‚»‚Μ‘Ό,’“Τi—Φjκ,30Ξ‘γ,‚»‚Μ‘Ό,{ω‚Ή‚Έ
ή“,©“]Τ“,bq‰€,–{‹½,282049,•ΊΙ§,Ό‹{s,bq‰€”ª”Τ’¬,2022[sanitize]11[sanitize]30,10,‚»‚Μ‘Ό,’“Τi—Φjκ,20Ξ‘γ,‚»‚Μ‘Ό,{ω‚Ή‚Έ
ή“,©“]Τ“,bq‰€,–{‹½,282049,•ΊΙ§,Ό‹{s,–Β”φ’¬‚P’–Ϊ,2021[sanitize]12[sanitize]30,21,“ΉHγ,‚»‚Μ‘Ό,20Ξ‘γ,‘εw¶,{ω‚Ή‚Έ
ή“,©“]Τ“,bq‰€,–{‹½,282049,•ΊΙ§,Ό‹{s,–Β”φ’¬‚P’–Ϊ,2022[sanitize]05[sanitize]22,11,‚SK‚ΔΘγ‹¤“―Z‘ξ,’“Τi—Φjκ,10Ξ‘γ,‘εw¶,{ω‚µ‚½
ή“,©“]Τ“,bq‰€,–{‹½,282049,•ΊΙ§,Ό‹{s,–Β”φ’¬‚P’–Ϊ,2022[sanitize]07[sanitize]18,17,‚»‚Μ‘Ό,’“Τi—Φjκ,10Ξ‘γ,‘εw¶,{ω‚µ‚½
ή“,©“]Τ“,bq‰€,–{‹½,282049,•ΊΙ§,Ό‹{s,–Β”φ’¬‚P’–Ϊ,2022[sanitize]08[sanitize]01,17,‚»‚Μ‘Ό,’“Τi—Φjκ,10Ξ‘γ,‘εw¶,{ω‚µ‚½
ή“,©“]Τ“,bq‰€,–{‹½,282049,•ΊΙ§,Ό‹{s,–Β”φ’¬‚P’–Ϊ,2022[sanitize]10[sanitize]28,10,‚»‚Μ‘Ό,’“Τi—Φjκ,30Ξ‘γ,‚»‚Μ‘Ό,{ω‚Ή‚Έ
ή“,©“]Τ“,bq‰€,–{‹½,282049,•ΊΙ§,Ό‹{s,–Β”φ’¬‚P’–Ϊ,2022[sanitize]11[sanitize]22,18,“ΉHγ,‚»‚Μ‘Ό,20Ξ‘γ,‚»‚Μ‘Ό,{ω‚Ή‚Έ
ή“,©“]Τ“,bq‰€,–{‹½,282049,•ΊΙ§,Ό‹{s,–Β”φ’¬‚Q’–Ϊ,2022[sanitize]10[sanitize]01,00,‚»‚Μ‘Ό‚ΜZ‘ξi‚RK‚ΔΘ‰Ί‹¤“―Z‘ξ“™j,’“Τi—Φjκ,20Ξ‘γ,‘εw¶,{ω‚Ή‚Έ
ή“,©“]Τ“,bq‰€,–{‹½,282049,•ΊΙ§,Ό‹{s,–Β”φ’¬‚Q’–Ϊ,2022[sanitize]12[sanitize]20,00,κΛZ‘ξ,‚»‚Μ‘Ό,50Ξ‘γ,‚»‚Μ‘Ό,{ω‚Ή‚Έ
ή“,©“]Τ“,bq‰€,–{‹½,282049,•ΊΙ§,Ό‹{s,–Β”φ’¬‚R’–Ϊ,2022[sanitize]02[sanitize]10,18,‚»‚Μ‘Ό,’“Τi—Φjκ,20Ξ‘γ,‘εw¶,{ω‚µ‚½
ή“,©“]Τ“,bq‰€,–{‹½,282049,•ΊΙ§,Ό‹{s,–Β”φ’¬‚R’–Ϊ,2022[sanitize]05[sanitize]06,08,“ΉHγ,‚»‚Μ‘Ό,20Ξ‘γ,‘εw¶,{ω‚Ή‚Έ
ή“,©“]Τ“,bq‰€,–{‹½,282049,•ΊΙ§,Ό‹{s,–Β”φ’¬‚R’–Ϊ,2022[sanitize]07[sanitize]13,08,‚»‚Μ‘Ό,’“Τi—Φjκ,60[sanitize]64Ξ,‚»‚Μ‘Ό,{ω‚Ή‚Έ
ή“,©“]Τ“,bq‰€,–{‹½,282049,•ΊΙ§,Ό‹{s,–Β”φ’¬‚R’–Ϊ,2022[sanitize]08[sanitize]01,12,’“Τi—Φjκ,’“Τi—Φjκ,20Ξ‘γ,‚»‚Μ‘Ό,{ω‚µ‚½
ή“,©“]Τ“,bq‰€,–{‹½,282049,•ΊΙ§,Ό‹{s,–Β”φ’¬‚R’–Ϊ,2022[sanitize]10[sanitize]14,13,‚»‚Μ‘Ό,’“Τi—Φjκ,10Ξ‘γ,‚Z¶,{ω‚Ή‚Έ
ή“,©“]Τ“,bq‰€,–{‹½,282049,•ΊΙ§,Ό‹{s,–Β”φ’¬‚R’–Ϊ,2022[sanitize]11[sanitize]19,19,‚»‚Μ‘Ό,’“Τi—Φjκ,10Ξ‘γ,’†w¶,{ω‚Ή‚Έ
ή“,©“]Τ“,bq‰€,–{‹½,282049,•ΊΙ§,Ό‹{s,–Β”φ’¬‚T’–Ϊ,2022[sanitize]01[sanitize]28,01,‚»‚Μ‘Ό‚ΜZ‘ξi‚RK‚ΔΘ‰Ί‹¤“―Z‘ξ“™j,’“Τi—Φjκ,20Ξ‘γ,‘εw¶,{ω‚Ή‚Έ
ή“,©“]Τ“,bq‰€,–{‹½,282049,•ΊΙ§,Ό‹{s,–Β”φ’¬‚T’–Ϊ,2022[sanitize]06[sanitize]10,14,‚»‚Μ‘Ό,’“Τi—Φjκ,10Ξ‘γ,‚Z¶,{ω‚µ‚½
ή“,©“]Τ“,bq‰€,–{‹½,282049,•ΊΙ§,Ό‹{s,–Β”φ’¬‚T’–Ϊ,2022[sanitize]07[sanitize]25,14,‚SK‚ΔΘγ‹¤“―Z‘ξ,’“Τi—Φjκ,20Ξ‘γ,‘εw¶,{ω‚Ή‚Έ
ή“,©“]Τ“,bq‰€,–{‹½,282049,•ΊΙ§,Ό‹{s,–Β”φ’¬‚T’–Ϊ,2022[sanitize]10[sanitize]05,23,‚SK‚ΔΘγ‹¤“―Z‘ξ,’“Τi—Φjκ,20Ξ‘γ,‘εw¶,{ω‚Ή‚Έ
ή“,©“]Τ“,bq‰€,–{‹½,282049,•ΊΙ§,Ό‹{s,•Ιμ’¬,2022[sanitize]03[sanitize]13,16,‚»‚Μ‘Ό,’“Τi—Φjκ,10Ξ‘γ,‘εw¶,{ω‚µ‚½
ή“,©“]Τ“,bq‰€,–{‹½,282049,•ΊΙ§,Ό‹{s,•Ιμ’¬,2022[sanitize]06[sanitize]09,07,’“Τi—Φjκ,’“Τi—Φjκ,10Ξ‘γ,‚»‚Μ‘Ό,{ω‚Ή‚Έ
ή“,©“]Τ“,bq‰€,–{‹½,282049,•ΊΙ§,Ό‹{s,•Ιμ’¬,2022[sanitize]10[sanitize]05,11,‚»‚Μ‘Ό,’“Τi—Φjκ,10Ξ‘γ,‘εw¶,{ω‚µ‚½
ή“,©“]Τ“,bq‰€,}μ,282049,•ΊΙ§,Ό‹{s,}μ’¬,2022[sanitize]06[sanitize]18,20,‚SK‚ΔΘγ‹¤“―Z‘ξ,’“Τi—Φjκ,10Ξ‘γ,‚Z¶,{ω‚Ή‚Έ
ή“,©“]Τ“,bq‰€,}μ,282049,•ΊΙ§,Ό‹{s,}μ’¬,2022[sanitize]09[sanitize]15,18,‚SK‚ΔΘγ‹¤“―Z‘ξ,’“Τi—Φjκ,70ΞΘγ,‚»‚Μ‘Ό,{ω‚Ή‚Έ
ή“,©“]Τ“,bq‰€,}μ,282049,•ΊΙ§,Ό‹{s,Γμ’¬,2022[sanitize]05[sanitize]14,08,‚SK‚ΔΘγ‹¤“―Z‘ξ,‚»‚Μ‘Ό,30Ξ‘γ,‚»‚Μ‘Ό,{ω‚Ή‚Έ
ή“,©“]Τ“,bq‰€,‰Y•—,282049,•ΊΙ§,Ό‹{s,γbq‰€‚S’–Ϊ,2022[sanitize]09[sanitize]14,12,“ΉHγ,‚»‚Μ‘Ό,20Ξ‘γ,‚»‚Μ‘Ό,{ω‚Ή‚Έ
ή“,©“]Τ“,bq‰€,‰Y•—,282049,•ΊΙ§,Ό‹{s,bq‰€‰Y•—’¬,2022[sanitize]04[sanitize]09,15,‚»‚Μ‘Ό‚ΜZ‘ξi‚RK‚ΔΘ‰Ί‹¤“―Z‘ξ“™j,’“Τi—Φjκ,20Ξ‘γ,‚»‚Μ‘Ό,{ω‚µ‚½
ή“,©“]Τ“,bq‰€,‰Y•—,282049,•ΊΙ§,Ό‹{s,bq‰€‰Y•—’¬,2022[sanitize]09[sanitize]08,07,’“Τi—Φjκ,’“Τi—Φjκ,30Ξ‘γ,‚»‚Μ‘Ό,{ω‚µ‚½
ή“,©“]Τ“,bq‰€,‰Y•—,282049,•ΊΙ§,Ό‹{s,bq‰€‰Y•—’¬,2022[sanitize]11[sanitize]03,14,“ΉHγ,‚»‚Μ‘Ό,20Ξ‘γ,‘εw¶,{ω‚Ή‚Έ
ή“,©“]Τ“,bq‰€,‰Y•—,282049,•ΊΙ§,Ό‹{s,bq‰€‰Y•—’¬,2022[sanitize]11[sanitize]21,20,‚»‚Μ‘Ό,‚»‚Μ‘Ό,20Ξ‘γ,‚»‚Μ‘Ό,{ω‚µ‚½
ή“,©“]Τ“,bq‰€,‰Y•—,282049,•ΊΙ§,Ό‹{s,bq‰€»“c’¬,2021[sanitize]12[sanitize]30,15,“ΉHγ,‚»‚Μ‘Ό,10Ξ‘γ,’†w¶,{ω‚Ή‚Έ
ή“,©“]Τ“,bq‰€,‰Y•—,282049,•ΊΙ§,Ό‹{s,bq‰€•l“c’¬,2022[sanitize]07[sanitize]29,16,‚SK‚ΔΘγ‹¤“―Z‘ξ,’“Τi—Φjκ,40Ξ‘γ,‚»‚Μ‘Ό,{ω‚µ‚½
ή“,©“]Τ“,bq‰€,‰Y•—,282049,•ΊΙ§,Ό‹{s,bq‰€•l“c’¬,2022[sanitize]08[sanitize]14,14,‚»‚Μ‘Ό‚ΜZ‘ξi‚RK‚ΔΘ‰Ί‹¤“―Z‘ξ“™j,’“Τi—Φjκ,40Ξ‘γ,‚»‚Μ‘Ό,{ω‚Ή‚Έ
ή“,©“]Τ“,bq‰€,‰Y•—,282049,•ΊΙ§,Ό‹{s,bq‰€O•Ϋ’¬,2022[sanitize]02[sanitize]24,19,κΛZ‘ξ,‚»‚Μ‘Ό,65[sanitize]69Ξ,‚»‚Μ‘Ό,{ω‚Ή‚Έ
ή“,©“]Τ“,bq‰€,‰Y•—,282049,•ΊΙ§,Ό‹{s,bq‰€O•Ϋ’¬,2022[sanitize]12[sanitize]24,10,κΛZ‘ξ,’“Τi—Φjκ,70ΞΘγ,‚»‚Μ‘Ό,{ω‚Ή‚Έ
ή“,©“]Τ“,bq‰€,‚{,282049,•ΊΙ§,Ό‹{s,‚{’¬‚P’–Ϊ,2022[sanitize]01[sanitize]16,17,“ΉHγ,‚»‚Μ‘Ό,10Ξ‘γ,’†w¶,{ω‚µ‚½
ή“,©“]Τ“,bq‰€,‚{,282049,•ΊΙ§,Ό‹{s,‚{’¬‚P’–Ϊ,2022[sanitize]01[sanitize]21,18,‚SK‚ΔΘγ‹¤“―Z‘ξ,’“Τi—Φjκ,10Ξ‘γ,¬w¶,{ω‚Ή‚Έ
ή“,©“]Τ“,bq‰€,‚{,282049,•ΊΙ§,Ό‹{s,‚{’¬‚P’–Ϊ,2022[sanitize]02[sanitize]14,18,‚SK‚ΔΘγ‹¤“―Z‘ξ,’“Τi—Φjκ,30Ξ‘γ,‚»‚Μ‘Ό,{ω‚µ‚½
ή“,©“]Τ“,bq‰€,‚{,282049,•ΊΙ§,Ό‹{s,‚{’¬‚P’–Ϊ,2022[sanitize]03[sanitize]04,20,‚SK‚ΔΘγ‹¤“―Z‘ξ,’“Τi—Φjκ,10Ξ‘γ,’†w¶,{ω‚Ή‚Έ
ή“,©“]Τ“,bq‰€,‚{,282049,•ΊΙ§,Ό‹{s,‚{’¬‚P’–Ϊ,2022[sanitize]03[sanitize]29,19,‚SK‚ΔΘγ‹¤“―Z‘ξ,’“Τi—Φjκ,20Ξ‘γ,‚»‚Μ‘Ό,{ω‚Ή‚Έ
ή“,©“]Τ“,bq‰€,‚{,282049,•ΊΙ§,Ό‹{s,‚{’¬‚P’–Ϊ,2022[sanitize]04[sanitize]05,17,‚SK‚ΔΘγ‹¤“―Z‘ξ,’“Τi—Φjκ,10Ξ–Ά–,¬w¶,{ω‚Ή‚Έ
ή“,©“]Τ“,bq‰€,‚{,282049,•ΊΙ§,Ό‹{s,‚{’¬‚P’–Ϊ,2022[sanitize]06[sanitize]10,12,‚SK‚ΔΘγ‹¤“―Z‘ξ,’“Τi—Φjκ,10Ξ‘γ,‚Z¶,{ω‚Ή‚Έ
ή“,©“]Τ“,bq‰€,‚{,282049,•ΊΙ§,Ό‹{s,‚{’¬‚P’–Ϊ,2022[sanitize]06[sanitize]26,18,‚SK‚ΔΘγ‹¤“―Z‘ξ,’“Τi—Φjκ,10Ξ‘γ,’†w¶,{ω‚µ‚½
ή“,©“]Τ“,bq‰€,‚{,282049,•ΊΙ§,Ό‹{s,‚{’¬‚P’–Ϊ,2022[sanitize]09[sanitize]15,07,‚SK‚ΔΘγ‹¤“―Z‘ξ,‚»‚Μ‘Ό,10Ξ‘γ,¬w¶,{ω‚Ή‚Έ
ή“,©“]Τ“,bq‰€,‚{,282049,•ΊΙ§,Ό‹{s,‚{’¬‚P’–Ϊ,2022[sanitize]10[sanitize]02,09,‚SK‚ΔΘγ‹¤“―Z‘ξ,’“Τi—Φjκ,10Ξ‘γ,‚Z¶,{ω‚µ‚½
ή“,©“]Τ“,bq‰€,‚{,282049,•ΊΙ§,Ό‹{s,‚{’¬‚P’–Ϊ,2022[sanitize]10[sanitize]07,18,‚SK‚ΔΘγ‹¤“―Z‘ξ,’“Τi—Φjκ,65[sanitize]69Ξ,‚»‚Μ‘Ό,{ω‚Ή‚Έ
ή“,©“]Τ“,bq‰€,‚{,282049,•ΊΙ§,Ό‹{s,‚{’¬‚P’–Ϊ,2022[sanitize]11[sanitize]10,12,‚SK‚ΔΘγ‹¤“―Z‘ξ,’“Τi—Φjκ,10Ξ‘γ,‚Z¶,{ω‚Ή‚Έ
ή“,©“]Τ“,bq‰€,‚{,282049,•ΊΙ§,Ό‹{s,‚{’¬‚P’–Ϊ,2022[sanitize]11[sanitize]17,20,‚SK‚ΔΘγ‹¤“―Z‘ξ,‚»‚Μ‘Ό,40Ξ‘γ,‚»‚Μ‘Ό,{ω‚Ή‚Έ
ή“,©“]Τ“,bq‰€,‚{,282049,•ΊΙ§,Ό‹{s,‚{’¬‚P’–Ϊ,2022[sanitize]12[sanitize]22,22,‚»‚Μ‘Ό,’“Τi—Φjκ,20Ξ‘γ,‘εw¶,{ω‚Ή‚Έ
ή“,©“]Τ“,bq‰€,‚{,282049,•ΊΙ§,Ό‹{s,‚{’¬‚Q’–Ϊ,2022[sanitize]02[sanitize]15,06,‚SK‚ΔΘγ‹¤“―Z‘ξ,’“Τi—Φjκ,40Ξ‘γ,‚»‚Μ‘Ό,{ω‚µ‚½
ή“,©“]Τ“,bq‰€,‚{,282049,•ΊΙ§,Ό‹{s,‚{’¬‚Q’–Ϊ,2022[sanitize]04[sanitize]05,15,‚SK‚ΔΘγ‹¤“―Z‘ξ,’“Τi—Φjκ,20Ξ‘γ,‚»‚Μ‘Ό,{ω‚Ή‚Έ
ή“,©“]Τ“,bq‰€,‚{,282049,•ΊΙ§,Ό‹{s,‚{’¬‚Q’–Ϊ,2022[sanitize]04[sanitize]13,16,‚SK‚ΔΘγ‹¤“―Z‘ξ,’“Τi—Φjκ,70ΞΘγ,‚»‚Μ‘Ό,{ω‚Ή‚Έ
ή“,©“]Τ“,bq‰€,‚{,282049,•ΊΙ§,Ό‹{s,‚{’¬‚Q’–Ϊ,2022[sanitize]06[sanitize]23,16,‚SK‚ΔΘγ‹¤“―Z‘ξ,’“Τi—Φjκ,10Ξ–Ά–,¬w¶,{ω‚µ‚½
ή“,©“]Τ“,bq‰€,‚{,282049,•ΊΙ§,Ό‹{s,‚{’¬‚Q’–Ϊ,2022[sanitize]08[sanitize]21,18,‚SK‚ΔΘγ‹¤“―Z‘ξ,’“Τi—Φjκ,50Ξ‘γ,‚»‚Μ‘Ό,{ω‚µ‚½
ή“,©“]Τ“,bq‰€,‚{,282049,•ΊΙ§,Ό‹{s,‚{’¬‚Q’–Ϊ,2022[sanitize]09[sanitize]05,22,‚SK‚ΔΘγ‹¤“―Z‘ξ,’“Τi—Φjκ,50Ξ‘γ,‚»‚Μ‘Ό,{ω‚µ‚½
ή“,©“]Τ“,bq‰€,‚{,282049,•ΊΙ§,Ό‹{s,‚{’¬‚Q’–Ϊ,2022[sanitize]09[sanitize]14,17,‚SK‚ΔΘγ‹¤“―Z‘ξ,’“Τi—Φjκ,10Ξ‘γ,‚Z¶,{ω‚Ή‚Έ
ή“,©“]Τ“,bq‰€,‚{,282049,•ΊΙ§,Ό‹{s,‚{’¬‚Q’–Ϊ,2022[sanitize]09[sanitize]17,12,‚»‚Μ‘Ό,’“Τi—Φjκ,10Ξ‘γ,‚Z¶,{ω‚Ή‚Έ
ή“,©“]Τ“,bq‰€,‚{,282049,•ΊΙ§,Ό‹{s,‚{’¬‚Q’–Ϊ,2022[sanitize]09[sanitize]26,08,‚SK‚ΔΘγ‹¤“―Z‘ξ,’“Τi—Φjκ,40Ξ‘γ,‚»‚Μ‘Ό,{ω‚µ‚½
ή“,©“]Τ“,bq‰€,‚{,282049,•ΊΙ§,Ό‹{s,‚{’¬‚Q’–Ϊ,2022[sanitize]11[sanitize]24,07,‚SK‚ΔΘγ‹¤“―Z‘ξ,’“Τi—Φjκ,20Ξ‘γ,‚»‚Μ‘Ό,{ω‚µ‚½
ή“,©“]Τ“,“ςθ“μ,ƒZƒ“ƒ^[ƒv[ƒ‹‘O,282022,•ΊΙ§,“ςθs,‘ε―μ“c’¬,2022[sanitize]06[sanitize]09,00,κΛZ‘ξ,’“Τi—Φjκ,30Ξ‘γ,‚»‚Μ‘Ό,{ω‚Ή‚Έ
ή“,©“]Τ“,“ςθ“μ,ƒZƒ“ƒ^[ƒv[ƒ‹‘O,282022,•ΊΙ§,“ςθs,‘ε―’†’Κ‚T’–Ϊ,2022[sanitize]07[sanitize]05,11,“ΉHγ,‚»‚Μ‘Ό,70ΞΘγ,‚»‚Μ‘Ό,{ω‚Ή‚Έ
ή“,©“]Τ“,“ςθ“μ,ƒZƒ“ƒ^[ƒv[ƒ‹‘O,282022,•ΊΙ§,“ςθs,‘ε―’†’Κ‚T’–Ϊ,2022[sanitize]09[sanitize]08,05,‚»‚Μ‘Ό,‚»‚Μ‘Ό,65[sanitize]69Ξ,‚»‚Μ‘Ό,{ω‚Ή‚Έ
ή“,©“]Τ“,“ςθ“μ,ƒZƒ“ƒ^[ƒv[ƒ‹‘O,282022,•ΊΙ§,“ςθs,…–Ύ’¬,2022[sanitize]03[sanitize]24,19,“ΉHγ,‚»‚Μ‘Ό,20Ξ‘γ,‚»‚Μ‘Ό,{ω‚µ‚½
ή“,©“]Τ“,“ςθ“μ,ƒZƒ“ƒ^[ƒv[ƒ‹‘O,282022,•ΊΙ§,“ςθs,…–Ύ’¬,2022[sanitize]06[sanitize]29,15,‚»‚Μ‘Ό,’“Τi—Φjκ,20Ξ‘γ,‚»‚Μ‘Ό,{ω‚µ‚½
ή“,©“]Τ“,“ςθ“μ,ƒZƒ“ƒ^[ƒv[ƒ‹‘O,282022,•ΊΙ§,“ςθs,…–Ύ’¬,2022[sanitize]07[sanitize]16,22,‚»‚Μ‘Ό,’“Τi—Φjκ,20Ξ‘γ,‚»‚Μ‘Ό,{ω‚Ή‚Έ
ή“,©“]Τ“,“ςθ“μ,ƒZƒ“ƒ^[ƒv[ƒ‹‘O,282022,•ΊΙ§,“ςθs,…–Ύ’¬,2022[sanitize]07[sanitize]28,09,‚»‚Μ‘Ό,’“Τi—Φjκ,30Ξ‘γ,‚»‚Μ‘Ό,{ω‚µ‚½
ή“,©“]Τ“,“ςθ“μ,ƒZƒ“ƒ^[ƒv[ƒ‹‘O,282022,•ΊΙ§,“ςθs,…–Ύ’¬,2022[sanitize]09[sanitize]29,20,‚»‚Μ‘Ό,’“Τi—Φjκ,20Ξ‘γ,‚»‚Μ‘Ό,{ω‚µ‚½
ή“,©“]Τ“,“ςθ“μ,ƒZƒ“ƒ^[ƒv[ƒ‹‘O,282022,•ΊΙ§,“ςθs,…–Ύ’¬,2022[sanitize]11[sanitize]02,14,‚»‚Μ‘Ό,’“Τi—Φjκ,10Ξ‘γ,‚Z¶,{ω‚Ή‚Έ
ή“,©“]Τ“,“ςθ“μ,ƒZƒ“ƒ^[ƒv[ƒ‹‘O,282022,•ΊΙ§,“ςθs,…–Ύ’¬,2022[sanitize]11[sanitize]04,18,’“Τi—Φjκ,’“Τi—Φjκ,20Ξ‘γ,‚»‚Μ‘Ό,{ω‚Ή‚Έ
ή“,©“]Τ“,“ςθ“μ,ƒZƒ“ƒ^[ƒv[ƒ‹‘O,282022,•ΊΙ§,“ςθs,’“Ώ‰@‚P’–Ϊ,2022[sanitize]05[sanitize]13,12,κΛZ‘ξ,‚»‚Μ‘Ό,10Ξ‘γ,‘εw¶,{ω‚Ή‚Έ
ή“,©“]Τ“,“ςθ“μ,ƒZƒ“ƒ^[ƒv[ƒ‹‘O,282022,•ΊΙ§,“ςθs,’“Ώ‰@‚P’–Ϊ,2022[sanitize]12[sanitize]10,21,‚SK‚ΔΘγ‹¤“―Z‘ξ,’“Τi—Φjκ,30Ξ‘γ,‚»‚Μ‘Ό,{ω‚Ή‚Έ
ή“,©“]Τ“,“ςθ“μ,ƒZƒ“ƒ^[ƒv[ƒ‹‘O,282022,•ΊΙ§,“ςθs,’“Ώ‰@‚R’–Ϊ,2022[sanitize]01[sanitize]09,22,‚SK‚ΔΘγ‹¤“―Z‘ξ,’“Τi—Φjκ,10Ξ‘γ,‚»‚Μ‘Ό,{ω‚Ή‚Έ
ή“,©“]Τ“,“ςθ“μ,ƒZƒ“ƒ^[ƒv[ƒ‹‘O,282022,•ΊΙ§,“ςθs,“ΉΣ’¬‚P’–Ϊ,2022[sanitize]10[sanitize]13,12,“ΉHγ,‚»‚Μ‘Ό,10Ξ‘γ,’†w¶,{ω‚Ή‚Έ
ή“,©“]Τ“,“ςθ“μ,ƒZƒ“ƒ^[ƒv[ƒ‹‘O,282022,•ΊΙ§,“ςθs,“ΉΣ’¬‚P’–Ϊ,2022[sanitize]10[sanitize]30,18,‚»‚Μ‘Ό‚ΜZ‘ξi‚RK‚ΔΘ‰Ί‹¤“―Z‘ξ“™j,’“Τi—Φjκ,20Ξ‘γ,‚»‚Μ‘Ό,{ω‚Ή‚Έ
ή“,©“]Τ“,“ςθ“μ,ƒZƒ“ƒ^[ƒv[ƒ‹‘O,282022,•ΊΙ§,“ςθs,“ΉΣ’¬‚S’–Ϊ,2022[sanitize]08[sanitize]01,00,‚»‚Μ‘Ό,‚»‚Μ‘Ό,–@lE’c‘ΜA”νQÒ‚Θ‚µ,–@lE’c‘ΜA”νQÒ‚Θ‚µ,{ω‚Ή‚Έ
ή“,©“]Τ“,“ςθ“μ,ƒZƒ“ƒ^[ƒv[ƒ‹‘O,282022,•ΊΙ§,“ςθs,“ΉΣ’¬‚S’–Ϊ,2022[sanitize]12[sanitize]23,20,“ΉHγ,‚»‚Μ‘Ό,50Ξ‘γ,‚»‚Μ‘Ό,{ω‚Ή‚Έ
ή“,©“]Τ“,“ςθ“μ,ƒZƒ“ƒ^[ƒv[ƒ‹‘O,282022,•ΊΙ§,“ςθs,“ΉΣ’¬‚U’–Ϊ,2022[sanitize]07[sanitize]23,00,‚SK‚ΔΘγ‹¤“―Z‘ξ,’“Τi—Φjκ,40Ξ‘γ,‚»‚Μ‘Ό,{ω‚µ‚½
ή“,©“]Τ“,“ςθ“μ,ƒZƒ“ƒ^[ƒv[ƒ‹‘O,282022,•ΊΙ§,“ςθs,“ΉΣ’¬‚V’–Ϊ,2022[sanitize]05[sanitize]30,10,‚»‚Μ‘Ό,’“Τi—Φjκ,10Ξ‘γ,‚Z¶,{ω‚Ή‚Έ
ή“,©“]Τ“,“ςθ“μ,ƒZƒ“ƒ^[ƒv[ƒ‹‘O,282022,•ΊΙ§,“ςθs,ΨΨR’¬,2022[sanitize]11[sanitize]24,10,“ΉHγ,‚»‚Μ‘Ό,70ΞΘγ,‚»‚Μ‘Ό,{ω‚Ή‚Έ
ή“,©“]Τ“,“ςθ“μ,ƒZƒ“ƒ^[ƒv[ƒ‹‘O,282022,•ΊΙ§,“ςθs,•Ιμ’¬‚Q’–Ϊ,2022[sanitize]02[sanitize]01,00,κΛZ‘ξ,’“Τi—Φjκ,10Ξ‘γ,‚Z¶,{ω‚Ή‚Έ
ή“,©“]Τ“,“ςθ“μ,ƒZƒ“ƒ^[ƒv[ƒ‹‘O,282022,•ΊΙ§,“ςθs,•Ιμ’¬‚Q’–Ϊ,2022[sanitize]04[sanitize]05,17,‚»‚Μ‘Ό,’“Τi—Φjκ,20Ξ‘γ,‘εw¶,{ω‚Ή‚Έ
ή“,©“]Τ“,“ςθ“μ,ƒZƒ“ƒ^[ƒv[ƒ‹‘O,282022,•ΊΙ§,“ςθs,•Ιμ’¬‚Q’–Ϊ,2022[sanitize]04[sanitize]24,14,κΛZ‘ξ,’“Τi—Φjκ,10Ξ‘γ,’†w¶,{ω‚µ‚½
ή“,©“]Τ“,“ςθ“μ,ƒZƒ“ƒ^[ƒv[ƒ‹‘O,282022,•ΊΙ§,“ςθs,•Ιμ’¬‚R’–Ϊ,2022[sanitize]08[sanitize]03,22,“ΉHγ,‚»‚Μ‘Ό,60[sanitize]64Ξ,‚»‚Μ‘Ό,{ω‚Ή‚Έ
ή“,©“]Τ“,“ςθ“μ,ƒZƒ“ƒ^[ƒv[ƒ‹‘O,282022,•ΊΙ§,“ςθs,•Ιμ’¬‚S’–Ϊ,2022[sanitize]01[sanitize]03,08,“ΉHγ,‚»‚Μ‘Ό,10Ξ‘γ,’†w¶,{ω‚Ή‚Έ
ή“,©“]Τ“,“ςθ“μ,ƒZƒ“ƒ^[ƒv[ƒ‹‘O,282022,•ΊΙ§,“ςθs,•Ιμ’¬‚S’–Ϊ,2022[sanitize]09[sanitize]14,18,‚»‚Μ‘Ό,’“Τi—Φjκ,30Ξ‘γ,‚»‚Μ‘Ό,{ω‚Ή‚Έ
ή“,©“]Τ“,“ςθ“μ,ƒZƒ“ƒ^[ƒv[ƒ‹‘O,282022,•ΊΙ§,“ςθs,•Ι’¬‚P’–Ϊ,2022[sanitize]11[sanitize]22,22,‚SK‚ΔΘγ‹¤“―Z‘ξ,’“Τi—Φjκ,10Ξ‘γ,‚Z¶,{ω‚µ‚½
ή“,©“]Τ“,“ςθ“μ,ƒZƒ“ƒ^[ƒv[ƒ‹‘O,282022,•ΊΙ§,“ςθs,–Hμ’¬,2021[sanitize]12[sanitize]29,16,“ΉHγ,‚»‚Μ‘Ό,20Ξ‘γ,‘εw¶,{ω‚µ‚½
ή“,©“]Τ“,“ςθ“μ,ƒZƒ“ƒ^[ƒv[ƒ‹‘O,282022,•ΊΙ§,“ςθs,–Hμ’¬,2022[sanitize]03[sanitize]14,06,κΛZ‘ξ,’“Τi—Φjκ,20Ξ‘γ,‚»‚Μ‘Ό,{ω‚Ή‚Έ
ή“,©“]Τ“,“ςθ“μ,ƒZƒ“ƒ^[ƒv[ƒ‹‘O,282022,•ΊΙ§,“ςθs,–Hμ’¬,2022[sanitize]05[sanitize]06,13,‚SK‚ΔΘγ‹¤“―Z‘ξ,’“Τi—Φjκ,65[sanitize]69Ξ,‚»‚Μ‘Ό,{ω‚µ‚½
ή“,©“]Τ“,“ςθ“μ,ƒZƒ“ƒ^[ƒv[ƒ‹‘O,282022,•ΊΙ§,“ςθs,–Hμ’¬,2022[sanitize]08[sanitize]18,16,“ΉHγ,‚»‚Μ‘Ό,65[sanitize]69Ξ,‚»‚Μ‘Ό,{ω‚Ή‚Έ
ή“,©“]Τ“,“ςθ“μ,ƒZƒ“ƒ^[ƒv[ƒ‹‘O,282022,•ΊΙ§,“ςθs,–Hμ’¬,2022[sanitize]09[sanitize]16,12,‚»‚Μ‘Ό,’“Τi—Φjκ,10Ξ‘γ,‚Z¶,{ω‚µ‚½
ή“,©“]Τ“,“ςθ“μ,ƒZƒ“ƒ^[ƒv[ƒ‹‘O,282022,•ΊΙ§,“ςθs,‘ε―Ό’¬‚P’–Ϊ,2022[sanitize]01[sanitize]28,10,‚»‚Μ‘Ό,’“Τi—Φjκ,20Ξ‘γ,‚»‚Μ‘Ό,{ω‚Ή‚Έ
ή“,©“]Τ“,“ςθ“μ,ƒZƒ“ƒ^[ƒv[ƒ‹‘O,282022,•ΊΙ§,“ςθs,‘ε―Ό’¬‚P’–Ϊ,2022[sanitize]05[sanitize]06,07,‚»‚Μ‘Ό‚ΜZ‘ξi‚RK‚ΔΘ‰Ί‹¤“―Z‘ξ“™j,’“Τi—Φjκ,30Ξ‘γ,‚»‚Μ‘Ό,{ω‚µ‚½
ή“,©“]Τ“,“ςθ“μ,ƒZƒ“ƒ^[ƒv[ƒ‹‘O,282022,•ΊΙ§,“ςθs,‘ε―Ό’¬‚P’–Ϊ,2022[sanitize]08[sanitize]27,18,‚»‚Μ‘Ό,‚»‚Μ‘Ό,10Ξ‘γ,‚Z¶,{ω‚Ή‚Έ
ή“,©“]Τ“,“ςθ“μ,ƒZƒ“ƒ^[ƒv[ƒ‹‘O,282022,•ΊΙ§,“ςθs,‘ε―Ό’¬‚P’–Ϊ,2022[sanitize]10[sanitize]03,23,κΛZ‘ξ,‚»‚Μ‘Ό,40Ξ‘γ,‚»‚Μ‘Ό,{ω‚µ‚½
ή“,©“]Τ“,“ςθ“μ,ƒZƒ“ƒ^[ƒv[ƒ‹‘O,282022,•ΊΙ§,“ςθs,‘ε―Ό’¬‚P’–Ϊ,2022[sanitize]12[sanitize]08,19,‚»‚Μ‘Ό,’“Τi—Φjκ,20Ξ‘γ,‚»‚Μ‘Ό,{ω‚µ‚½
ή“,©“]Τ“,“ςθ“μ,ƒZƒ“ƒ^[ƒv[ƒ‹‘O,282022,•ΊΙ§,“ςθs,‘ε―Ό’¬‚R’–Ϊ,2022[sanitize]06[sanitize]07,07,’“Τi—Φjκ,’“Τi—Φjκ,50Ξ‘γ,‚»‚Μ‘Ό,{ω‚Ή‚Έ
ή“,©“]Τ“,“ςθ“μ,ƒZƒ“ƒ^[ƒv[ƒ‹‘O,282022,•ΊΙ§,“ςθs,‘ε―Ό’¬‚S’–Ϊ,2022[sanitize]05[sanitize]22,20,‚»‚Μ‘Ό‚ΜZ‘ξi‚RK‚ΔΘ‰Ί‹¤“―Z‘ξ“™j,‚»‚Μ‘Ό,20Ξ‘γ,‚»‚Μ‘Ό,{ω‚µ‚½
ή“,©“]Τ“,“ςθ“μ,ƒZƒ“ƒ^[ƒv[ƒ‹‘O,282022,•ΊΙ§,“ςθs,‘ε―Ό’¬‚S’–Ϊ,2022[sanitize]07[sanitize]01,19,‚SK‚ΔΘγ‹¤“―Z‘ξ,’“Τi—Φjκ,10Ξ‘γ,‘εw¶,{ω‚µ‚½
ή“,©“]Τ“,“ςθ“μ,ƒZƒ“ƒ^[ƒv[ƒ‹‘O,282022,•ΊΙ§,“ςθs,‘ε―Ό’¬‚S’–Ϊ,2022[sanitize]08[sanitize]27,19,‚»‚Μ‘Ό,’“Τi—Φjκ,40Ξ‘γ,‚»‚Μ‘Ό,{ω‚µ‚½
ή“,©“]Τ“,“ςθ“μ,µΌ,282022,•ΊΙ§,“ςθs,—§‰Τ’¬‚R’–Ϊ,2022[sanitize]04[sanitize]20,16,“ΉHγ,‚»‚Μ‘Ό,70ΞΘγ,‚»‚Μ‘Ό,{ω‚µ‚½
ή“,©“]Τ“,“ςθ“μ,µΌ,282022,•ΊΙ§,“ςθs,µΌ’¬‚P’–Ϊ,2022[sanitize]01[sanitize]03,17,‚»‚Μ‘Ό,’“Τi—Φjκ,20Ξ‘γ,‘εw¶,{ω‚Ή‚Έ
ή“,©“]Τ“,“ςθ“μ,µΌ,282022,•ΊΙ§,“ςθs,µΌ’¬‚P’–Ϊ,2022[sanitize]03[sanitize]04,19,‚SK‚ΔΘγ‹¤“―Z‘ξ,’“Τi—Φjκ,50Ξ‘γ,‚»‚Μ‘Ό,{ω‚µ‚½
ή“,©“]Τ“,“ςθ“μ,µΌ,282022,•ΊΙ§,“ςθs,µΌ’¬‚P’–Ϊ,2022[sanitize]03[sanitize]22,17,“ΉHγ,‚»‚Μ‘Ό,10Ξ‘γ,‚Z¶,{ω‚µ‚½
ή“,©“]Τ“,“ςθ“μ,µΌ,282022,•ΊΙ§,“ςθs,µΌ’¬‚P’–Ϊ,2022[sanitize]04[sanitize]10,05,‚SK‚ΔΘγ‹¤“―Z‘ξ,’“Τi—Φjκ,60[sanitize]64Ξ,‚»‚Μ‘Ό,{ω‚Ή‚Έ
ή“,©“]Τ“,“ςθ“μ,µΌ,282022,•ΊΙ§,“ςθs,µΌ’¬‚P’–Ϊ,2022[sanitize]05[sanitize]15,05,“ΉHγ,‚»‚Μ‘Ό,10Ξ‘γ,‚Z¶,{ω‚Ή‚Έ
ή“,©“]Τ“,“ςθ“μ,µΌ,282022,•ΊΙ§,“ςθs,µΌ’¬‚P’–Ϊ,2022[sanitize]06[sanitize]30,17,“ΉHγ,‚»‚Μ‘Ό,50Ξ‘γ,‚»‚Μ‘Ό,{ω‚µ‚½
ή“,©“]Τ“,“ςθ“μ,µΌ,282022,•ΊΙ§,“ςθs,µΌ’¬‚P’–Ϊ,2022[sanitize]07[sanitize]18,21,‚SK‚ΔΘγ‹¤“―Z‘ξ,’“Τi—Φjκ,10Ξ‘γ,‚Z¶,{ω‚µ‚½
ή“,©“]Τ“,“ςθ“μ,µΌ,282022,•ΊΙ§,“ςθs,µΌ’¬‚P’–Ϊ,2022[sanitize]07[sanitize]24,05,‚»‚Μ‘Ό,’“Τi—Φjκ,10Ξ‘γ,‚Z¶,{ω‚Ή‚Έ
ή“,©“]Τ“,“ςθ“μ,µΌ,282022,•ΊΙ§,“ςθs,µΌ’¬‚P’–Ϊ,2022[sanitize]09[sanitize]09,18,“ΉHγ,‚»‚Μ‘Ό,50Ξ‘γ,‚»‚Μ‘Ό,{ω‚µ‚½
ή“,©“]Τ“,“ςθ“μ,µΌ,282022,•ΊΙ§,“ςθs,µΌ’¬‚P’–Ϊ,2022[sanitize]09[sanitize]09,22,“ΉHγ,‚»‚Μ‘Ό,20Ξ‘γ,‚»‚Μ‘Ό,{ω‚Ή‚Έ
ή“,©“]Τ“,“ςθ“μ,µΌ,282022,•ΊΙ§,“ςθs,µΌ’¬‚P’–Ϊ,2022[sanitize]09[sanitize]30,22,‚»‚Μ‘Ό,’“Τi—Φjκ,30Ξ‘γ,‚»‚Μ‘Ό,{ω‚Ή‚Έ
ή“,©“]Τ“,“ςθ“μ,µΌ,282022,•ΊΙ§,“ςθs,µΌ’¬‚P’–Ϊ,2022[sanitize]11[sanitize]07,19,‚»‚Μ‘Ό,’“Τi—Φjκ,20Ξ‘γ,‚»‚Μ‘Ό,{ω‚Ή‚Έ
ή“,©“]Τ“,“ςθ“μ,µΌ,282022,•ΊΙ§,“ςθs,µΌ’¬‚P’–Ϊ,2022[sanitize]11[sanitize]27,21,‚»‚Μ‘Ό‚ΜZ‘ξi‚RK‚ΔΘ‰Ί‹¤“―Z‘ξ“™j,’“Τi—Φjκ,20Ξ‘γ,‚»‚Μ‘Ό,{ω‚Ή‚Έ
ή“,©“]Τ“,“ςθ“μ,µΌ,282022,•ΊΙ§,“ςθs,µΌ’¬‚P’–Ϊ,2022[sanitize]12[sanitize]04,19,‚»‚Μ‘Ό,’“Τi—Φjκ,20Ξ‘γ,‚»‚Μ‘Ό,{ω‚Ή‚Έ
ή“,©“]Τ“,“ςθ“μ,µΌ,282022,•ΊΙ§,“ςθs,µΌ’¬‚P’–Ϊ,2022[sanitize]12[sanitize]23,10,‚SK‚ΔΘγ‹¤“―Z‘ξ,’“Τi—Φjκ,20Ξ‘γ,‚»‚Μ‘Ό,{ω‚Ή‚Έ
ή“,©“]Τ“,“ςθ“μ,µΌ,282022,•ΊΙ§,“ςθs,µΌ’¬‚Q’–Ϊ,2022[sanitize]06[sanitize]13,11,‚»‚Μ‘Ό‚ΜZ‘ξi‚RK‚ΔΘ‰Ί‹¤“―Z‘ξ“™j,’“Τi—Φjκ,20Ξ‘γ,‚»‚Μ‘Ό,{ω‚µ‚½
ή“,©“]Τ“,“ςθ“μ,µΌ,282022,•ΊΙ§,“ςθs,µΌ’¬‚R’–Ϊ,2022[sanitize]04[sanitize]18,12,‚»‚Μ‘Ό,’“Τi—Φjκ,40Ξ‘γ,‚»‚Μ‘Ό,{ω‚Ή‚Έ
ή“,©“]Τ“,“ςθ“μ,µΌ,282022,•ΊΙ§,“ςθs,“µΌ’¬‚P’–Ϊ,2022[sanitize]05[sanitize]19,19,‚»‚Μ‘Ό‚ΜZ‘ξi‚RK‚ΔΘ‰Ί‹¤“―Z‘ξ“™j,’“Τi—Φjκ,30Ξ‘γ,‚»‚Μ‘Ό,{ω‚Ή‚Έ
ή“,©“]Τ“,“ςθ“μ,µΌ,282022,•ΊΙ§,“ςθs,“µΌ’¬‚P’–Ϊ,2022[sanitize]07[sanitize]21,21,‚»‚Μ‘Ό‚ΜZ‘ξi‚RK‚ΔΘ‰Ί‹¤“―Z‘ξ“™j,’“Τi—Φjκ,30Ξ‘γ,‚»‚Μ‘Ό,{ω‚Ή‚Έ
ή“,©“]Τ“,“ςθ“μ,µΌ,282022,•ΊΙ§,“ςθs,“µΌ’¬‚P’–Ϊ,2022[sanitize]07[sanitize]29,23,‚SK‚ΔΘγ‹¤“―Z‘ξ,’“Τi—Φjκ,30Ξ‘γ,‚»‚Μ‘Ό,{ω‚Ή‚Έ
ή“,©“]Τ“,“ςθ“μ,µΌ,282022,•ΊΙ§,“ςθs,“µΌ’¬‚P’–Ϊ,2022[sanitize]10[sanitize]08,22,κΛZ‘ξ,‚»‚Μ‘Ό,40Ξ‘γ,‚»‚Μ‘Ό,{ω‚Ή‚Έ
ή“,©“]Τ“,“ςθ“μ,µΌ,282022,•ΊΙ§,“ςθs,“µΌ’¬‚P’–Ϊ,2022[sanitize]10[sanitize]26,08,‚»‚Μ‘Ό,’“Τi—Φjκ,20Ξ‘γ,‚»‚Μ‘Ό,{ω‚Ή‚Έ
ή“,©“]Τ“,“ςθ“μ,µΌ,282022,•ΊΙ§,“ςθs,“µΌ’¬‚Q’–Ϊ,2022[sanitize]06[sanitize]21,17,‚»‚Μ‘Ό,’“Τi—Φjκ,10Ξ‘γ,‚Z¶,{ω‚Ή‚Έ
ή“,©“]Τ“,“ςθ“μ,µΌ,282022,•ΊΙ§,“ςθs,“µΌ’¬‚Q’–Ϊ,2022[sanitize]07[sanitize]24,17,’“Τi—Φjκ,’“Τi—Φjκ,10Ξ‘γ,‚»‚Μ‘Ό,{ω‚Ή‚Έ
ή“,©“]Τ“,“ςθ“μ,µΌ,282022,•ΊΙ§,“ςθs,“µΌ’¬‚Q’–Ϊ,2022[sanitize]08[sanitize]19,18,‚»‚Μ‘Ό,’“Τi—Φjκ,10Ξ‘γ,‚Z¶,{ω‚Ή‚Έ
ή“,©“]Τ“,“ςθ“μ,µΌ,282022,•ΊΙ§,“ςθs,“μµΌ’¬‚Q’–Ϊ,2022[sanitize]05[sanitize]02,17,κΛZ‘ξ,‚»‚Μ‘Ό,40Ξ‘γ,‚»‚Μ‘Ό,{ω‚Ή‚Έ
ή“,©“]Τ“,“ςθ“μ,µΌ,282022,•ΊΙ§,“ςθs,Ό—§‰Τ’¬‚P’–Ϊ,2022[sanitize]05[sanitize]01,10,“ΉHγ,‚»‚Μ‘Ό,20Ξ‘γ,‚»‚Μ‘Ό,{ω‚µ‚½
ή“,©“]Τ“,“ςθ“μ,µΌ,282022,•ΊΙ§,“ςθs,Ό—§‰Τ’¬‚P’–Ϊ,2022[sanitize]05[sanitize]02,19,‚»‚Μ‘Ό,’“Τi—Φjκ,20Ξ‘γ,‘εw¶,{ω‚µ‚½
ή“,©“]Τ“,“ςθ“μ,µΌ,282022,•ΊΙ§,“ςθs,Ό—§‰Τ’¬‚P’–Ϊ,2022[sanitize]08[sanitize]27,22,“ΉHγ,‚»‚Μ‘Ό,50Ξ‘γ,‚»‚Μ‘Ό,{ω‚Ή‚Έ
ή“,©“]Τ“,“ςθ“μ,µΌ,282022,•ΊΙ§,“ςθs,Ό—§‰Τ’¬‚P’–Ϊ,2022[sanitize]09[sanitize]23,00,“ΉHγ,‚»‚Μ‘Ό,50Ξ‘γ,‚»‚Μ‘Ό,{ω‚µ‚½
ή“,©“]Τ“,“ςθ“μ,µΌ,282022,•ΊΙ§,“ςθs,Ό—§‰Τ’¬‚P’–Ϊ,2022[sanitize]10[sanitize]27,22,“ΉHγ,‚»‚Μ‘Ό,30Ξ‘γ,‚»‚Μ‘Ό,{ω‚µ‚½
ή“,©“]Τ“,“ςθ“μ,µΌ,282022,•ΊΙ§,“ςθs,Ό—§‰Τ’¬‚Q’–Ϊ,2022[sanitize]05[sanitize]01,16,“ΉHγ,‚»‚Μ‘Ό,20Ξ‘γ,‚»‚Μ‘Ό,{ω‚Ή‚Έ
ή“,©“]Τ“,“ςθ“μ,µΌ,282022,•ΊΙ§,“ςθs,Ό—§‰Τ’¬‚Q’–Ϊ,2022[sanitize]07[sanitize]28,17,“ΉHγ,‚»‚Μ‘Ό,40Ξ‘γ,‚»‚Μ‘Ό,{ω‚µ‚½
ή“,©“]Τ“,“ςθ“μ,µΌ,282022,•ΊΙ§,“ςθs,Ό—§‰Τ’¬‚Q’–Ϊ,2022[sanitize]12[sanitize]19,19,‚SK‚ΔΘγ‹¤“―Z‘ξ,’“Τi—Φjκ,20Ξ‘γ,‚»‚Μ‘Ό,{ω‚Ή‚Έ
ή“,©“]Τ“,“ςθ“μ,µΌ,282022,•ΊΙ§,“ςθs,Ό—§‰Τ’¬‚R’–Ϊ,2022[sanitize]08[sanitize]04,19,‚»‚Μ‘Ό‚ΜZ‘ξi‚RK‚ΔΘ‰Ί‹¤“―Z‘ξ“™j,’“Τi—Φjκ,40Ξ‘γ,‚»‚Μ‘Ό,{ω‚Ή‚Έ
ή“,©“]Τ“,“ςθ“μ,µΌ,282022,•ΊΙ§,“ςθs,Ό—§‰Τ’¬‚R’–Ϊ,2022[sanitize]08[sanitize]30,00,“ΉHγ,‚»‚Μ‘Ό,10Ξ‘γ,‚Z¶,{ω‚µ‚½
ή“,©“]Τ“,“ςθ“μ,µΌ,282022,•ΊΙ§,“ςθs,Ό—§‰Τ’¬‚R’–Ϊ,2022[sanitize]09[sanitize]26,16,‚»‚Μ‘Ό‚ΜZ‘ξi‚RK‚ΔΘ‰Ί‹¤“―Z‘ξ“™j,’“Τi—Φjκ,20Ξ‘γ,‚»‚Μ‘Ό,{ω‚Ή‚Έ
ή“,©“]Τ“,“ςθ“μ,µΌ,282022,•ΊΙ§,“ςθs,Ό—§‰Τ’¬‚R’–Ϊ,2022[sanitize]10[sanitize]09,01,“ΉHγ,‚»‚Μ‘Ό,20Ξ‘γ,‚»‚Μ‘Ό,{ω‚Ή‚Έ
ή“,©“]Τ“,“ςθ“μ,µΌ,282022,•ΊΙ§,“ςθs,Ό—§‰Τ’¬‚R’–Ϊ,2022[sanitize]10[sanitize]20,15,‚»‚Μ‘Ό,‚»‚Μ‘Ό,10Ξ‘γ,¬w¶,{ω‚Ή‚Έ
ή“,©“]Τ“,“ςθ“μ,µΌ,282022,•ΊΙ§,“ςθs,‘ε―–k‚S’–Ϊ,2022[sanitize]08[sanitize]09,12,κΛZ‘ξ,’“Τi—Φjκ,10Ξ‘γ,¬w¶,{ω‚Ή‚Έ
ή“,©“]Τ“,“ςθ“μ,’†‰›,282022,•ΊΙ§,“ςθs,J–Ύ’¬‚Q’–Ϊ,2022[sanitize]05[sanitize]27,23,‚SK‚ΔΘγ‹¤“―Z‘ξ,’“Τi—Φjκ,40Ξ‘γ,‚»‚Μ‘Ό,{ω‚µ‚½
ή“,©“]Τ“,“ςθ“μ,’†‰›,282022,•ΊΙ§,“ςθs,J–Ύ’¬‚Q’–Ϊ,2022[sanitize]10[sanitize]23,14,‚»‚Μ‘Ό‚ΜZ‘ξi‚RK‚ΔΘ‰Ί‹¤“―Z‘ξ“™j,’“Τi—Φjκ,20Ξ‘γ,‚»‚Μ‘Ό,{ω‚µ‚½
ή“,©“]Τ“,“ςθ“μ,’†‰›,282022,•ΊΙ§,“ςθs,_“c–k’Κ‚P’–Ϊ,2022[sanitize]01[sanitize]02,20,“ΉHγ,‚»‚Μ‘Ό,30Ξ‘γ,‚»‚Μ‘Ό,{ω‚µ‚½
ή“,©“]Τ“,“ςθ“μ,’†‰›,282022,•ΊΙ§,“ςθs,_“c–k’Κ‚P’–Ϊ,2022[sanitize]11[sanitize]02,22,“ΉHγ,‚»‚Μ‘Ό,20Ξ‘γ,‚»‚Μ‘Ό,{ω‚Ή‚Έ
ή“,©“]Τ“,“ςθ“μ,’†‰›,282022,•ΊΙ§,“ςθs,_“c–k’Κ‚P’–Ϊ,2022[sanitize]12[sanitize]11,02,“ΉHγ,‚»‚Μ‘Ό,50Ξ‘γ,‚»‚Μ‘Ό,{ω‚µ‚½
ή“,©“]Τ“,“ςθ“μ,’†‰›,282022,•ΊΙ§,“ςθs,_“c–k’Κ‚Q’–Ϊ,2022[sanitize]04[sanitize]10,17,“ΉHγ,‚»‚Μ‘Ό,10Ξ‘γ,‚»‚Μ‘Ό,{ω‚Ή‚Έ
ή“,©“]Τ“,“ςθ“μ,’†‰›,282022,•ΊΙ§,“ςθs,_“c–k’Κ‚Q’–Ϊ,2022[sanitize]05[sanitize]30,19,“ΉHγ,‚»‚Μ‘Ό,10Ξ‘γ,‚Z¶,{ω‚Ή‚Έ
ή“,©“]Τ“,“ςθ“μ,’†‰›,282022,•ΊΙ§,“ςθs,_“c–k’Κ‚Q’–Ϊ,2022[sanitize]06[sanitize]18,20,“ΉHγ,‚»‚Μ‘Ό,40Ξ‘γ,‚»‚Μ‘Ό,{ω‚Ή‚Έ
ή“,©“]Τ“,“ςθ“μ,’†‰›,282022,•ΊΙ§,“ςθs,_“c–k’Κ‚Q’–Ϊ,2022[sanitize]07[sanitize]24,22,“ΉHγ,‚»‚Μ‘Ό,10Ξ‘γ,‚Z¶,{ω‚Ή‚Έ
ή“,©“]Τ“,“ςθ“μ,’†‰›,282022,•ΊΙ§,“ςθs,_“c–k’Κ‚Q’–Ϊ,2022[sanitize]10[sanitize]20,18,“ΉHγ,‚»‚Μ‘Ό,10Ξ‘γ,‚»‚Μ‘Ό,{ω‚Ή‚Έ
ή“,©“]Τ“,“ςθ“μ,’†‰›,282022,•ΊΙ§,“ςθs,_“c–k’Κ‚Q’–Ϊ,2022[sanitize]10[sanitize]21,16,‚»‚Μ‘Ό,’“Τi—Φjκ,20Ξ‘γ,‚»‚Μ‘Ό,{ω‚Ή‚Έ
ή“,©“]Τ“,“ςθ“μ,’†‰›,282022,•ΊΙ§,“ςθs,_“c–k’Κ‚Q’–Ϊ,2022[sanitize]10[sanitize]24,19,“ΉHγ,‚»‚Μ‘Ό,40Ξ‘γ,‚»‚Μ‘Ό,{ω‚Ή‚Έ
ή“,©“]Τ“,“ςθ“μ,’†‰›,282022,•ΊΙ§,“ςθs,_“c–k’Κ‚Q’–Ϊ,2022[sanitize]10[sanitize]31,20,“ΉHγ,‚»‚Μ‘Ό,40Ξ‘γ,‚»‚Μ‘Ό,{ω‚µ‚½
ή“,©“]Τ“,“ςθ“μ,’†‰›,282022,•ΊΙ§,“ςθs,_“c–k’Κ‚Q’–Ϊ,2022[sanitize]11[sanitize]04,23,“ΉHγ,‚»‚Μ‘Ό,40Ξ‘γ,‚»‚Μ‘Ό,{ω‚µ‚½
ή“,©“]Τ“,“ςθ“μ,’†‰›,282022,•ΊΙ§,“ςθs,_“c–k’Κ‚Q’–Ϊ,2022[sanitize]11[sanitize]06,12,‚»‚Μ‘Ό,’“Τi—Φjκ,20Ξ‘γ,‚»‚Μ‘Ό,{ω‚Ή‚Έ
ή“,©“]Τ“,“ςθ“μ,’†‰›,282022,•ΊΙ§,“ςθs,_“c–k’Κ‚Q’–Ϊ,2022[sanitize]11[sanitize]08,12,‚»‚Μ‘Ό,’“Τi—Φjκ,20Ξ‘γ,‘εw¶,{ω‚Ή‚Έ
ή“,©“]Τ“,“ςθ“μ,’†‰›,282022,•ΊΙ§,“ςθs,_“c–k’Κ‚Q’–Ϊ,2022[sanitize]12[sanitize]12,00,’“Τi—Φjκ,’“Τi—Φjκ,20Ξ‘γ,‚»‚Μ‘Ό,{ω‚Ή‚Έ
ή“,©“]Τ“,“ςθ“μ,’†‰›,282022,•ΊΙ§,“ςθs,_“c–k’Κ‚R’–Ϊ,2022[sanitize]03[sanitize]11,11,“ΉHγ,‚»‚Μ‘Ό,70ΞΘγ,‚»‚Μ‘Ό,{ω‚µ‚½
ή“,©“]Τ“,“ςθ“μ,’†‰›,282022,•ΊΙ§,“ςθs,_“c–k’Κ‚R’–Ϊ,2022[sanitize]04[sanitize]23,20,“ΉHγ,‚»‚Μ‘Ό,40Ξ‘γ,‚»‚Μ‘Ό,{ω‚Ή‚Έ
ή“,©“]Τ“,“ςθ“μ,’†‰›,282022,•ΊΙ§,“ςθs,_“c–k’Κ‚R’–Ϊ,2022[sanitize]12[sanitize]01,19,“ΉHγ,‚»‚Μ‘Ό,50Ξ‘γ,‚»‚Μ‘Ό,{ω‚Ή‚Έ
ή“,©“]Τ“,“ςθ“μ,’†‰›,282022,•ΊΙ§,“ςθs,_“c–k’Κ‚S’–Ϊ,2022[sanitize]04[sanitize]04,20,‚SK‚ΔΘγ‹¤“―Z‘ξ,’“Τi—Φjκ,40Ξ‘γ,‚»‚Μ‘Ό,{ω‚µ‚½
ή“,©“]Τ“,“ςθ“μ,’†‰›,282022,•ΊΙ§,“ςθs,_“c’†’Κ‚P’–Ϊ,2021[sanitize]12[sanitize]15,12,“ΉHγ,‚»‚Μ‘Ό,10Ξ‘γ,‚»‚Μ‘Ό,{ω‚µ‚½
ή“,©“]Τ“,“ςθ“μ,’†‰›,282022,•ΊΙ§,“ςθs,_“c’†’Κ‚P’–Ϊ,2022[sanitize]01[sanitize]29,07,‚»‚Μ‘Ό,’“Τi—Φjκ,30Ξ‘γ,‚»‚Μ‘Ό,{ω‚Ή‚Έ
ή“,©“]Τ“,“ςθ“μ,’†‰›,282022,•ΊΙ§,“ςθs,_“c’†’Κ‚P’–Ϊ,2022[sanitize]03[sanitize]11,07,‚»‚Μ‘Ό,’“Τi—Φjκ,20Ξ‘γ,‚»‚Μ‘Ό,{ω‚µ‚½
ή“,©“]Τ“,“ςθ“μ,’†‰›,282022,•ΊΙ§,“ςθs,_“c’†’Κ‚P’–Ϊ,2022[sanitize]05[sanitize]22,15,‚»‚Μ‘Ό,‚»‚Μ‘Ό,40Ξ‘γ,‚»‚Μ‘Ό,{ω‚µ‚½
ή“,©“]Τ“,“ςθ“μ,’†‰›,282022,•ΊΙ§,“ςθs,_“c’†’Κ‚P’–Ϊ,2022[sanitize]06[sanitize]20,20,‚»‚Μ‘Ό,’“Τi—Φjκ,20Ξ‘γ,‚»‚Μ‘Ό,{ω‚Ή‚Έ
ή“,©“]Τ“,“ςθ“μ,’†‰›,282022,•ΊΙ§,“ςθs,_“c’†’Κ‚P’–Ϊ,2022[sanitize]06[sanitize]26,20,‚»‚Μ‘Ό,’“Τi—Φjκ,10Ξ‘γ,‚»‚Μ‘Ό,{ω‚µ‚½
ή“,©“]Τ“,“ςθ“μ,’†‰›,282022,•ΊΙ§,“ςθs,_“c’†’Κ‚P’–Ϊ,2022[sanitize]07[sanitize]22,03,‚»‚Μ‘Ό,’“Τi—Φjκ,50Ξ‘γ,‚»‚Μ‘Ό,{ω‚µ‚½
ή“,©“]Τ“,“ςθ“μ,’†‰›,282022,•ΊΙ§,“ςθs,_“c’†’Κ‚P’–Ϊ,2022[sanitize]07[sanitize]29,02,“ΉHγ,‚»‚Μ‘Ό,10Ξ‘γ,‘εw¶,{ω‚Ή‚Έ
ή“,©“]Τ“,“ςθ“μ,’†‰›,282022,•ΊΙ§,“ςθs,_“c’†’Κ‚P’–Ϊ,2022[sanitize]08[sanitize]20,15,‚»‚Μ‘Ό,’“Τi—Φjκ,10Ξ‘γ,‚Z¶,{ω‚Ή‚Έ
ή“,©“]Τ“,“ςθ“μ,’†‰›,282022,•ΊΙ§,“ςθs,_“c’†’Κ‚P’–Ϊ,2022[sanitize]09[sanitize]15,15,’“Τi—Φjκ,’“Τi—Φjκ,50Ξ‘γ,‚»‚Μ‘Ό,{ω‚Ή‚Έ
ή“,©“]Τ“,“ςθ“μ,’†‰›,282022,•ΊΙ§,“ςθs,_“c’†’Κ‚P’–Ϊ,2022[sanitize]09[sanitize]25,03,‚»‚Μ‘Ό,‚»‚Μ‘Ό,20Ξ‘γ,‚»‚Μ‘Ό,{ω‚µ‚½
ή“,©“]Τ“,“ςθ“μ,’†‰›,282022,•ΊΙ§,“ςθs,_“c’†’Κ‚P’–Ϊ,2022[sanitize]10[sanitize]30,11,‚»‚Μ‘Ό,’“Τi—Φjκ,10Ξ‘γ,‚Z¶,{ω‚µ‚½
ή“,©“]Τ“,“ςθ“μ,’†‰›,282022,•ΊΙ§,“ςθs,_“c’†’Κ‚Q’–Ϊ,2022[sanitize]01[sanitize]15,10,“ΉHγ,‚»‚Μ‘Ό,20Ξ‘γ,‚»‚Μ‘Ό,{ω‚µ‚½
ή“,©“]Τ“,“ςθ“μ,’†‰›,282022,•ΊΙ§,“ςθs,_“c’†’Κ‚Q’–Ϊ,2022[sanitize]01[sanitize]19,17,“ΉHγ,‚»‚Μ‘Ό,65[sanitize]69Ξ,‚»‚Μ‘Ό,{ω‚Ή‚Έ
ή“,©“]Τ“,“ςθ“μ,’†‰›,282022,•ΊΙ§,“ςθs,_“c’†’Κ‚Q’–Ϊ,2022[sanitize]03[sanitize]29,16,‚»‚Μ‘Ό,‚»‚Μ‘Ό,10Ξ‘γ,‚»‚Μ‘Ό,{ω‚µ‚½
ή“,©“]Τ“,“ςθ“μ,’†‰›,282022,•ΊΙ§,“ςθs,_“c’†’Κ‚Q’–Ϊ,2022[sanitize]09[sanitize]06,20,“ΉHγ,‚»‚Μ‘Ό,50Ξ‘γ,‚»‚Μ‘Ό,{ω‚Ή‚Έ
ή“,©“]Τ“,“ςθ“μ,’†‰›,282022,•ΊΙ§,“ςθs,_“c’†’Κ‚Q’–Ϊ,2022[sanitize]09[sanitize]18,20,“ΉHγ,‚»‚Μ‘Ό,40Ξ‘γ,‚»‚Μ‘Ό,{ω‚Ή‚Έ
ή“,©“]Τ“,“ςθ“μ,’†‰›,282022,•ΊΙ§,“ςθs,_“c’†’Κ‚Q’–Ϊ,2022[sanitize]10[sanitize]03,16,“ΉHγ,‚»‚Μ‘Ό,20Ξ‘γ,‚»‚Μ‘Ό,{ω‚µ‚½
ή“,©“]Τ“,“ςθ“μ,’†‰›,282022,•ΊΙ§,“ςθs,_“c’†’Κ‚Q’–Ϊ,2022[sanitize]10[sanitize]19,17,‚»‚Μ‘Ό,’“Τi—Φjκ,10Ξ‘γ,‚Z¶,{ω‚Ή‚Έ
ή“,©“]Τ“,“ςθ“μ,’†‰›,282022,•ΊΙ§,“ςθs,_“c’†’Κ‚Q’–Ϊ,2022[sanitize]12[sanitize]21,21,“ΉHγ,‚»‚Μ‘Ό,10Ξ‘γ,‚Z¶,{ω‚µ‚½
ή“,©“]Τ“,“ςθ“μ,’†‰›,282022,•ΊΙ§,“ςθs,_“c’†’Κ‚R’–Ϊ,2021[sanitize]12[sanitize]28,08,“ΉHγ,‚»‚Μ‘Ό,70ΞΘγ,‚»‚Μ‘Ό,{ω‚Ή‚Έ
ή“,©“]Τ“,“ςθ“μ,’†‰›,282022,•ΊΙ§,“ςθs,_“c’†’Κ‚R’–Ϊ,2022[sanitize]01[sanitize]01,00,“ΉHγ,‚»‚Μ‘Ό,65[sanitize]69Ξ,‚»‚Μ‘Ό,{ω‚µ‚½
ή“,©“]Τ“,“ςθ“μ,’†‰›,282022,•ΊΙ§,“ςθs,_“c’†’Κ‚R’–Ϊ,2022[sanitize]03[sanitize]24,07,‚»‚Μ‘Ό,’“Τi—Φjκ,20Ξ‘γ,‚»‚Μ‘Ό,{ω‚µ‚½
ή“,©“]Τ“,“ςθ“μ,’†‰›,282022,•ΊΙ§,“ςθs,_“c’†’Κ‚R’–Ϊ,2022[sanitize]07[sanitize]09,03,“ΉHγ,‚»‚Μ‘Ό,60[sanitize]64Ξ,‚»‚Μ‘Ό,{ω‚µ‚½
ή“,©“]Τ“,“ςθ“μ,’†‰›,282022,•ΊΙ§,“ςθs,_“c’†’Κ‚R’–Ϊ,2022[sanitize]07[sanitize]10,18,‚»‚Μ‘Ό,‚»‚Μ‘Ό,10Ξ‘γ,’†w¶,{ω‚µ‚½
ή“,©“]Τ“,“ςθ“μ,’†‰›,282022,•ΊΙ§,“ςθs,_“c’†’Κ‚R’–Ϊ,2022[sanitize]08[sanitize]17,15,“ΉHγ,‚»‚Μ‘Ό,50Ξ‘γ,‚»‚Μ‘Ό,{ω‚µ‚½
ή“,©“]Τ“,“ςθ“μ,’†‰›,282022,•ΊΙ§,“ςθs,_“c’†’Κ‚R’–Ϊ,2022[sanitize]09[sanitize]25,12,‚»‚Μ‘Ό,’“Τi—Φjκ,50Ξ‘γ,‚»‚Μ‘Ό,{ω‚µ‚½
ή“,©“]Τ“,“ςθ“μ,’†‰›,282022,•ΊΙ§,“ςθs,_“c’†’Κ‚R’–Ϊ,2022[sanitize]10[sanitize]04,14,“ΉHγ,‚»‚Μ‘Ό,30Ξ‘γ,‚»‚Μ‘Ό,{ω‚Ή‚Έ
ή“,©“]Τ“,“ςθ“μ,’†‰›,282022,•ΊΙ§,“ςθs,_“c’†’Κ‚R’–Ϊ,2022[sanitize]10[sanitize]05,18,“ΉHγ,‚»‚Μ‘Ό,50Ξ‘γ,‚»‚Μ‘Ό,{ω‚µ‚½
ή“,©“]Τ“,“ςθ“μ,’†‰›,282022,•ΊΙ§,“ςθs,_“c’†’Κ‚R’–Ϊ,2022[sanitize]10[sanitize]22,13,“ΉHγ,‚»‚Μ‘Ό,30Ξ‘γ,‚»‚Μ‘Ό,{ω‚µ‚½
ή“,©“]Τ“,“ςθ“μ,’†‰›,282022,•ΊΙ§,“ςθs,_“c’†’Κ‚R’–Ϊ,2022[sanitize]11[sanitize]18,12,‚SK‚ΔΘγ‹¤“―Z‘ξ,‚»‚Μ‘Ό,50Ξ‘γ,‚»‚Μ‘Ό,{ω‚µ‚½
ή“,©“]Τ“,“ςθ“μ,’†‰›,282022,•ΊΙ§,“ςθs,_“c’†’Κ‚R’–Ϊ,2022[sanitize]11[sanitize]29,23,“ΉHγ,‚»‚Μ‘Ό,20Ξ‘γ,‚»‚Μ‘Ό,{ω‚µ‚½
ή“,©“]Τ“,“ςθ“μ,’†‰›,282022,•ΊΙ§,“ςθs,_“c’†’Κ‚R’–Ϊ,2022[sanitize]12[sanitize]11,15,“ΉHγ,‚»‚Μ‘Ό,60[sanitize]64Ξ,‚»‚Μ‘Ό,{ω‚µ‚½
ή“,©“]Τ“,“ςθ“μ,’†‰›,282022,•ΊΙ§,“ςθs,_“c’†’Κ‚S’–Ϊ,2022[sanitize]01[sanitize]03,20,‚SK‚ΔΘγ‹¤“―Z‘ξ,’“Τi—Φjκ,20Ξ‘γ,‚»‚Μ‘Ό,{ω‚Ή‚Έ
ή“,©“]Τ“,“ςθ“μ,’†‰›,282022,•ΊΙ§,“ςθs,_“c’†’Κ‚S’–Ϊ,2022[sanitize]03[sanitize]26,11,“ΉHγ,‚»‚Μ‘Ό,70ΞΘγ,‚»‚Μ‘Ό,{ω‚µ‚½
ή“,©“]Τ“,“ςθ“μ,’†‰›,282022,•ΊΙ§,“ςθs,_“c’†’Κ‚S’–Ϊ,2022[sanitize]09[sanitize]16,09,‚»‚Μ‘Ό,’“Τi—Φjκ,40Ξ‘γ,‚»‚Μ‘Ό,{ω‚µ‚½
ή“,©“]Τ“,“ςθ“μ,’†‰›,282022,•ΊΙ§,“ςθs,_“c“μ’Κ‚P’–Ϊ,2022[sanitize]05[sanitize]25,18,κΛZ‘ξ,’“Τi—Φjκ,30Ξ‘γ,‚»‚Μ‘Ό,{ω‚µ‚½
ή“,©“]Τ“,“ςθ“μ,’†‰›,282022,•ΊΙ§,“ςθs,Ίa’Κ‚P’–Ϊ,2022[sanitize]08[sanitize]20,00,κΛZ‘ξ,‚»‚Μ‘Ό,20Ξ‘γ,‚»‚Μ‘Ό,{ω‚Ή‚Έ
ή“,©“]Τ“,“ςθ“μ,’†‰›,282022,•ΊΙ§,“ςθs,Ίa’Κ‚R’–Ϊ,2022[sanitize]04[sanitize]15,17,‚»‚Μ‘Ό,’“Τi—Φjκ,20Ξ‘γ,‚»‚Μ‘Ό,{ω‚Ή‚Έ
ή“,©“]Τ“,“ςθ“μ,’†‰›,282022,•ΊΙ§,“ςθs,Ίa’Κ‚R’–Ϊ,2022[sanitize]12[sanitize]07,17,‚»‚Μ‘Ό,’“Τi—Φjκ,65[sanitize]69Ξ,‚»‚Μ‘Ό,{ω‚Ή‚Έ
ή“,©“]Τ“,“ςθ“μ,’†‰›,282022,•ΊΙ§,“ςθs,Ίa’Κ‚S’–Ϊ,2022[sanitize]03[sanitize]31,08,“ΉHγ,‚»‚Μ‘Ό,40Ξ‘γ,‚»‚Μ‘Ό,{ω‚µ‚½
ή“,©“]Τ“,“ςθ“μ,’†‰›,282022,•ΊΙ§,“ςθs,Ίa’Κ‚S’–Ϊ,2022[sanitize]06[sanitize]24,22,“ΉHγ,‚»‚Μ‘Ό,30Ξ‘γ,‚»‚Μ‘Ό,{ω‚Ή‚Έ
ή“,©“]Τ“,“ςθ“μ,’†‰›,282022,•ΊΙ§,“ςθs,Ίa’Κ‚S’–Ϊ,2022[sanitize]11[sanitize]22,19,“ΉHγ,‚»‚Μ‘Ό,70ΞΘγ,‚»‚Μ‘Ό,{ω‚µ‚½
ή“,©“]Τ“,“ςθ“μ,’†‰›,282022,•ΊΙ§,“ςθs,Ίa’Κ‚T’–Ϊ,2022[sanitize]02[sanitize]17,19,“ΉHγ,‚»‚Μ‘Ό,10Ξ‘γ,‚Z¶,{ω‚µ‚½
ή“,©“]Τ“,“ςθ“μ,’†‰›,282022,•ΊΙ§,“ςθs,Ίa’Κ‚T’–Ϊ,2022[sanitize]09[sanitize]30,15,‚»‚Μ‘Ό,’“Τi—Φjκ,70ΞΘγ,‚»‚Μ‘Ό,{ω‚Ή‚Έ
ή“,©“]Τ“,“ςθ“μ,’†‰›,282022,•ΊΙ§,“ςθs,Ίa’Κ‚T’–Ϊ,2022[sanitize]10[sanitize]07,12,‚SK‚ΔΘγ‹¤“―Z‘ξ,’“Τi—Φjκ,20Ξ‘γ,‚»‚Μ‘Ό,{ω‚µ‚½
ή“,©“]Τ“,“ςθ“μ,’†‰›,282022,•ΊΙ§,“ςθs,Ίa“μ’Κ‚R’–Ϊ,2022[sanitize]02[sanitize]09,13,“ΉHγ,‚»‚Μ‘Ό,50Ξ‘γ,‚»‚Μ‘Ό,{ω‚µ‚½
ή“,©“]Τ“,“ςθ“μ,’†‰›,282022,•ΊΙ§,“ςθs,Ίa“μ’Κ‚R’–Ϊ,2022[sanitize]08[sanitize]07,08,“ΉHγ,‚»‚Μ‘Ό,20Ξ‘γ,‚»‚Μ‘Ό,{ω‚Ή‚Έ
ή“,©“]Τ“,“ςθ“μ,’†‰›,282022,•ΊΙ§,“ςθs,Ίa“μ’Κ‚R’–Ϊ,2022[sanitize]10[sanitize]15,22,‚SK‚ΔΘγ‹¤“―Z‘ξ,’“Τi—Φjκ,20Ξ‘γ,‚»‚Μ‘Ό,{ω‚Ή‚Έ
ή“,©“]Τ“,“ςθ“μ,’†‰›,282022,•ΊΙ§,“ςθs,Ίa“μ’Κ‚S’–Ϊ,2022[sanitize]01[sanitize]28,18,“ΉHγ,‚»‚Μ‘Ό,40Ξ‘γ,‚»‚Μ‘Ό,{ω‚Ή‚Έ
ή“,©“]Τ“,“ςθ“μ,’†‰›,282022,•ΊΙ§,“ςθs,Ίa“μ’Κ‚S’–Ϊ,2022[sanitize]02[sanitize]06,12,“ΉHγ,‚»‚Μ‘Ό,40Ξ‘γ,‚»‚Μ‘Ό,{ω‚µ‚½
ή“,©“]Τ“,“ςθ“μ,’†‰›,282022,•ΊΙ§,“ςθs,Ίa“μ’Κ‚S’–Ϊ,2022[sanitize]03[sanitize]24,18,“ΉHγ,‚»‚Μ‘Ό,50Ξ‘γ,‚»‚Μ‘Ό,{ω‚µ‚½
ή“,©“]Τ“,“ςθ“μ,’†‰›,282022,•ΊΙ§,“ςθs,Ίa“μ’Κ‚S’–Ϊ,2022[sanitize]03[sanitize]27,12,“ΉHγ,‚»‚Μ‘Ό,20Ξ‘γ,‚»‚Μ‘Ό,{ω‚µ‚½
ή“,©“]Τ“,“ςθ“μ,’†‰›,282022,•ΊΙ§,“ςθs,Ίa“μ’Κ‚S’–Ϊ,2022[sanitize]04[sanitize]07,19,“ΉHγ,‚»‚Μ‘Ό,50Ξ‘γ,‚»‚Μ‘Ό,{ω‚µ‚½
ή“,©“]Τ“,“ςθ“μ,’†‰›,282022,•ΊΙ§,“ςθs,Ίa“μ’Κ‚S’–Ϊ,2022[sanitize]07[sanitize]13,17,‚»‚Μ‘Ό,’“Τi—Φjκ,10Ξ‘γ,‚Z¶,{ω‚Ή‚Έ
ή“,©“]Τ“,“ςθ“μ,’†‰›,282022,•ΊΙ§,“ςθs,Ίa“μ’Κ‚S’–Ϊ,2022[sanitize]11[sanitize]06,19,“ΉHγ,‚»‚Μ‘Ό,20Ξ‘γ,‚»‚Μ‘Ό,{ω‚Ή‚Έ
ή“,©“]Τ“,“ςθ“μ,’†‰›,282022,•ΊΙ§,“ςθs,Ίa“μ’Κ‚S’–Ϊ,2022[sanitize]11[sanitize]26,19,’“Τi—Φjκ,’“Τi—Φjκ,30Ξ‘γ,‚»‚Μ‘Ό,{ω‚Ή‚Έ
ή“,©“]Τ“,“ςθ“μ,’†‰›,282022,•ΊΙ§,“ςθs,Ίa“μ’Κ‚S’–Ϊ,2022[sanitize]11[sanitize]26,23,“ΉHγ,‚»‚Μ‘Ό,20Ξ‘γ,‚»‚Μ‘Ό,{ω‚µ‚½
ή“,©“]Τ“,“ςθ“μ,’†‰›,282022,•ΊΙ§,“ςθs,Ίa“μ’Κ‚S’–Ϊ,2022[sanitize]11[sanitize]28,16,’“Τi—Φjκ,’“Τi—Φjκ,20Ξ‘γ,‚»‚Μ‘Ό,{ω‚Ή‚Έ
ή“,©“]Τ“,“ςθ“μ,’†‰›,282022,•ΊΙ§,“ςθs,Ίa“μ’Κ‚T’–Ϊ,2022[sanitize]01[sanitize]10,14,“ΉHγ,‚»‚Μ‘Ό,50Ξ‘γ,‚»‚Μ‘Ό,{ω‚µ‚½
ή“,©“]Τ“,“ςθ“μ,’†‰›,282022,•ΊΙ§,“ςθs,Ίa“μ’Κ‚T’–Ϊ,2022[sanitize]03[sanitize]22,22,“ΉHγ,‚»‚Μ‘Ό,10Ξ‘γ,‚Z¶,{ω‚Ή‚Έ
ή“,©“]Τ“,“ςθ“μ,’†‰›,282022,•ΊΙ§,“ςθs,Ίa“μ’Κ‚T’–Ϊ,2022[sanitize]06[sanitize]25,00,“ΉHγ,‚»‚Μ‘Ό,10Ξ‘γ,‚Z¶,{ω‚Ή‚Έ
ή“,©“]Τ“,“ςθ“μ,’†‰›,282022,•ΊΙ§,“ςθs,‰Ζ’¬,2022[sanitize]06[sanitize]28,20,‚SK‚ΔΘγ‹¤“―Z‘ξ,’“Τi—Φjκ,50Ξ‘γ,‚»‚Μ‘Ό,{ω‚µ‚½
ή“,©“]Τ“,“ςθ“μ,’†‰›,282022,•ΊΙ§,“ςθs,›’¬,2022[sanitize]10[sanitize]26,06,’“Τi—Φjκ,’“Τi—Φjκ,20Ξ‘γ,‚»‚Μ‘Ό,{ω‚µ‚½
ή“,©“]Τ“,“ςθ“μ,’†‰›,282022,•ΊΙ§,“ςθs,Όχ–Ψ’¬,2022[sanitize]08[sanitize]27,20,κΛZ‘ξ,’“Τi—Φjκ,10Ξ‘γ,’†w¶,{ω‚Ή‚Έ
ή“,©“]Τ“,“ςθ“μ,’†‰›,282022,•ΊΙ§,“ςθs,Ό–{’¬‚R’–Ϊ,2022[sanitize]03[sanitize]13,22,“ΉHγ,‚»‚Μ‘Ό,50Ξ‘γ,‚»‚Μ‘Ό,{ω‚µ‚½
ή“,©“]Τ“,“ςθ“μ,’†‰›,282022,•ΊΙ§,“ςθs,Ό–{’¬‚R’–Ϊ,2022[sanitize]05[sanitize]27,17,‚SK‚ΔΘγ‹¤“―Z‘ξ,’“Τi—Φjκ,20Ξ‘γ,‚»‚Μ‘Ό,{ω‚µ‚½
ή“,©“]Τ“,“ςθ“μ,’†‰›,282022,•ΊΙ§,“ςθs,Όδ‰€’¬,2022[sanitize]04[sanitize]02,21,κΛZ‘ξ,’“Τi—Φjκ,40Ξ‘γ,‚»‚Μ‘Ό,{ω‚µ‚½
ή“,©“]Τ“,“ςθ“μ,’†‰›,282022,•ΊΙ§,“ςθs,“χ–Ψ’¬,2022[sanitize]07[sanitize]17,13,‚SK‚ΔΘγ‹¤“―Z‘ξ,’“Τi—Φjκ,20Ξ‘γ,‚»‚Μ‘Ό,{ω‚µ‚½
ή“,©“]Τ“,“ςθ“μ,’†‰›,282022,•ΊΙ§,“ςθs,“δ‰€’¬,2022[sanitize]05[sanitize]12,13,“ΉHγ,‚»‚Μ‘Ό,10Ξ‘γ,‚»‚Μ‘Ό,{ω‚µ‚½
ή“,©“]Τ“,“ςθ“μ,’†‰›,282022,•ΊΙ§,“ςθs,δ‰€’¬,2022[sanitize]06[sanitize]10,09,‚SK‚ΔΘγ‹¤“―Z‘ξ,’“Τi—Φjκ,50Ξ‘γ,‚»‚Μ‘Ό,{ω‚µ‚½
ή“,©“]Τ“,“ςθ“μ,’†‰›,282022,•ΊΙ§,“ςθs,δ‰€’¬,2022[sanitize]08[sanitize]20,10,‚SK‚ΔΘγ‹¤“―Z‘ξ,’“Τi—Φjκ,10Ξ‘γ,‚Z¶,{ω‚Ή‚Έ
ή“,©“]Τ“,“ςθ“μ,³•l,282022,•ΊΙ§,“ςθs,ξ’¬,2022[sanitize]08[sanitize]01,08,‚»‚Μ‘Ό,’“Τi—Φjκ,20Ξ‘γ,‚»‚Μ‘Ό,{ω‚Ή‚Έ
ή“,©“]Τ“,“ςθ“μ,³•l,282022,•ΊΙ§,“ςθs,––L’¬‚P’–Ϊ,2022[sanitize]10[sanitize]14,18,‚»‚Μ‘Ό,’“Τi—Φjκ,10Ξ‘γ,‚»‚Μ‘Ό,{ω‚Ή‚Έ
ή“,©“]Τ“,“ςθ“μ,³•l,282022,•ΊΙ§,“ςθs,––L’¬‚Q’–Ϊ,2022[sanitize]07[sanitize]19,18,‚»‚Μ‘Ό,’“Τi—Φjκ,20Ξ‘γ,‚»‚Μ‘Ό,{ω‚Ή‚Έ
ή“,©“]Τ“,“ςθ“μ,³•l,282022,•ΊΙ§,“ςθs,“ΉΣ’¬‚U’–Ϊ,2022[sanitize]03[sanitize]19,02,“ΉHγ,‚»‚Μ‘Ό,30Ξ‘γ,‚»‚Μ‘Ό,{ω‚Ή‚Έ
ή“,©“]Τ“,“ςθ“μ,³•l,282022,•ΊΙ§,“ςθs,“ΉΣ’¬‚V’–Ϊ,2022[sanitize]07[sanitize]03,08,‚»‚Μ‘Ό,’“Τi—Φjκ,10Ξ‘γ,‚Z¶,{ω‚Ή‚Έ
ή“,©“]Τ“,“ςθ“μ,³•l,282022,•ΊΙ§,“ςθs,“ΉΣ’¬‚V’–Ϊ,2022[sanitize]08[sanitize]17,08,‚»‚Μ‘Ό,’“Τi—Φjκ,20Ξ‘γ,‚»‚Μ‘Ό,{ω‚Ή‚Έ
ή“,©“]Τ“,“ςθ“μ,³•l,282022,•ΊΙ§,“ςθs,“ΉΣ’¬‚V’–Ϊ,2022[sanitize]09[sanitize]10,12,‚»‚Μ‘Ό,’“Τi—Φjκ,70ΞΘγ,‚»‚Μ‘Ό,{ω‚Ή‚Έ
ή“,©“]Τ“,“ςθ“μ,³•l,282022,•ΊΙ§,“ςθs,“ΉΣ’¬‚V’–Ϊ,2022[sanitize]11[sanitize]01,19,‚»‚Μ‘Ό,’“Τi—Φjκ,10Ξ‘γ,‚»‚Μ‘Ό,{ω‚Ή‚Έ
ή“,©“]Τ“,“ςθ“μ,³•l,282022,•ΊΙ§,“ςθs,“ΉΣ’¬‚V’–Ϊ,2022[sanitize]12[sanitize]05,21,‚»‚Μ‘Ό,’“Τi—Φjκ,10Ξ‘γ,‘εw¶,{ω‚Ή‚Έ
ή“,©“]Τ“,“ςθ“μ,³•l,282022,•ΊΙ§,“ςθs,’†•l’¬,2022[sanitize]06[sanitize]05,08,‚»‚Μ‘Ό,‚»‚Μ‘Ό,20Ξ‘γ,‘εw¶,{ω‚Ή‚Έ
ή“,©“]Τ“,“ςθ“μ,³•l,282022,•ΊΙ§,“ςθs,³•l’¬‚Q’–Ϊ,2022[sanitize]05[sanitize]07,23,“ΉHγ,‚»‚Μ‘Ό,70ΞΘγ,‚»‚Μ‘Ό,{ω‚µ‚½
ή“,©“]Τ“,“ςθ“μ,³•l,282022,•ΊΙ§,“ςθs,³•l’¬‚Q’–Ϊ,2022[sanitize]09[sanitize]15,18,κΛZ‘ξ,’“Τi—Φjκ,10Ξ‘γ,’†w¶,{ω‚Ή‚Έ
ή“,©“]Τ“,“ςθ“μ,³•l,282022,•ΊΙ§,“ςθs,³•l’¬‚Q’–Ϊ,2022[sanitize]12[sanitize]29,13,κΛZ‘ξ,’“Τi—Φjκ,10Ξ‘γ,’†w¶,{ω‚µ‚½
ή“,©“]Τ“,“ςθ“μ,³•l,282022,•ΊΙ§,“ςθs,³•l’¬‚R’–Ϊ,2022[sanitize]10[sanitize]24,12,‚»‚Μ‘Ό,’“Τi—Φjκ,10Ξ‘γ,‚»‚Μ‘Ό,{ω‚Ή‚Έ
ή“,©“]Τ“,“ςθ“μ,³•l,282022,•ΊΙ§,“ςθs,³•l’¬‚S’–Ϊ,2022[sanitize]02[sanitize]01,00,‚»‚Μ‘Ό‚ΜZ‘ξi‚RK‚ΔΘ‰Ί‹¤“―Z‘ξ“™j,‚»‚Μ‘Ό,40Ξ‘γ,‚»‚Μ‘Ό,{ω‚Ή‚Έ
ή“,©“]Τ“,“ςθ“μ,o‰®•~,282022,•ΊΙ§,“ςθs,¬’¬,2022[sanitize]02[sanitize]18,19,‚SK‚ΔΘγ‹¤“―Z‘ξ,’“Τi—Φjκ,20Ξ‘γ,‚»‚Μ‘Ό,{ω‚µ‚½
ή“,©“]Τ“,“ςθ“μ,o‰®•~,282022,•ΊΙ§,“ςθs,’|’J’¬‚Q’–Ϊ,2022[sanitize]07[sanitize]29,17,‚»‚Μ‘Ό,’“Τi—Φjκ,30Ξ‘γ,‚»‚Μ‘Ό,{ω‚µ‚½
ή“,©“]Τ“,“ςθ“μ,o‰®•~,282022,•ΊΙ§,“ςθs,’|’J’¬‚Q’–Ϊ,2022[sanitize]09[sanitize]26,17,‚»‚Μ‘Ό,’“Τi—Φjκ,65[sanitize]69Ξ,‚»‚Μ‘Ό,{ω‚µ‚½
ή“,©“]Τ“,“ςθ“μ,o‰®•~,282022,•ΊΙ§,“ςθs,“μ’|’J’¬‚Q’–Ϊ,2022[sanitize]08[sanitize]18,21,‚SK‚ΔΘγ‹¤“―Z‘ξ,‚»‚Μ‘Ό,65[sanitize]69Ξ,‚»‚Μ‘Ό,{ω‚µ‚½
ή“,©“]Τ“,“ςθ“μ,‘ε“‡,282022,•ΊΙ§,“ςθs,ξ—t‘‘‚P’–Ϊ,2022[sanitize]05[sanitize]19,13,κΛZ‘ξ,’“Τi—Φjκ,30Ξ‘γ,‚»‚Μ‘Ό,{ω‚Ή‚Έ
ή“,©“]Τ“,“ςθ“μ,‘ε“‡,282022,•ΊΙ§,“ςθs,ξ—t‘‘‚P’–Ϊ,2022[sanitize]06[sanitize]08,21,κΛZ‘ξ,’“Τi—Φjκ,30Ξ‘γ,‚»‚Μ‘Ό,{ω‚Ή‚Έ
ή“,©“]Τ“,“ςθ“μ,‘ε“‡,282022,•ΊΙ§,“ςθs,ξ—t‘‘‚P’–Ϊ,2022[sanitize]10[sanitize]12,20,‚SK‚ΔΘγ‹¤“―Z‘ξ,’“Τi—Φjκ,30Ξ‘γ,‚»‚Μ‘Ό,{ω‚Ή‚Έ
ή“,©“]Τ“,“ςθ“μ,‘ε“‡,282022,•ΊΙ§,“ςθs,ξ—t‘‘‚Q’–Ϊ,2022[sanitize]05[sanitize]10,01,κΛZ‘ξ,‚»‚Μ‘Ό,20Ξ‘γ,‚»‚Μ‘Ό,{ω‚Ή‚Έ
ή“,©“]Τ“,“ςθ“μ,‘ε“‡,282022,•ΊΙ§,“ςθs,ξ—t‘‘‚Q’–Ϊ,2022[sanitize]05[sanitize]31,14,κΛZ‘ξ,’“Τi—Φjκ,40Ξ‘γ,‚»‚Μ‘Ό,{ω‚Ή‚Έ
ή“,©“]Τ“,“ςθ“μ,‘ε“‡,282022,•ΊΙ§,“ςθs,ξ—t‘‘‚Q’–Ϊ,2022[sanitize]06[sanitize]18,16,‚»‚Μ‘Ό‚ΜZ‘ξi‚RK‚ΔΘ‰Ί‹¤“―Z‘ξ“™j,’“Τi—Φjκ,10Ξ‘γ,¬w¶,{ω‚Ή‚Έ
ή“,©“]Τ“,“ςθ“μ,‘ε“‡,282022,•ΊΙ§,“ςθs,ξ—t‘‘‚Q’–Ϊ,2022[sanitize]12[sanitize]19,06,‚SK‚ΔΘγ‹¤“―Z‘ξ,‚»‚Μ‘Ό,20Ξ‘γ,‚»‚Μ‘Ό,{ω‚µ‚½
ή“,©“]Τ“,“ςθ“μ,‘ε“‡,282022,•ΊΙ§,“ςθs,•l“c’¬‚P’–Ϊ,2022[sanitize]03[sanitize]23,18,‚»‚Μ‘Ό‚ΜZ‘ξi‚RK‚ΔΘ‰Ί‹¤“―Z‘ξ“™j,’“Τi—Φjκ,40Ξ‘γ,‚»‚Μ‘Ό,{ω‚µ‚½
ή“,©“]Τ“,“ςθ“μ,‘ε“‡,282022,•ΊΙ§,“ςθs,•l“c’¬‚P’–Ϊ,2022[sanitize]09[sanitize]19,17,‚»‚Μ‘Ό‚ΜZ‘ξi‚RK‚ΔΘ‰Ί‹¤“―Z‘ξ“™j,’“Τi—Φjκ,30Ξ‘γ,‚»‚Μ‘Ό,{ω‚µ‚½
ή“,©“]Τ“,“ςθ“μ,‘ε“‡,282022,•ΊΙ§,“ςθs,•l“c’¬‚P’–Ϊ,2022[sanitize]10[sanitize]01,10,‚»‚Μ‘Ό‚ΜZ‘ξi‚RK‚ΔΘ‰Ί‹¤“―Z‘ξ“™j,’“Τi—Φjκ,20Ξ‘γ,‚»‚Μ‘Ό,{ω‚Ή‚Έ
ή“,©“]Τ“,“ςθ“μ,‘ε“‡,282022,•ΊΙ§,“ςθs,•l“c’¬‚Q’–Ϊ,2022[sanitize]02[sanitize]20,19,‚»‚Μ‘Ό‚ΜZ‘ξi‚RK‚ΔΘ‰Ί‹¤“―Z‘ξ“™j,‚»‚Μ‘Ό,70ΞΘγ,‚»‚Μ‘Ό,{ω‚µ‚½
ή“,©“]Τ“,“ςθ“μ,‘ε“‡,282022,•ΊΙ§,“ςθs,•l“c’¬‚Q’–Ϊ,2022[sanitize]03[sanitize]05,22,‚»‚Μ‘Ό,‚»‚Μ‘Ό,20Ξ‘γ,‚»‚Μ‘Ό,{ω‚Ή‚Έ
ή“,©“]Τ“,“ςθ“μ,‘ε“‡,282022,•ΊΙ§,“ςθs,•l“c’¬‚R’–Ϊ,2022[sanitize]04[sanitize]01,20,‚SK‚ΔΘγ‹¤“―Z‘ξ,’“Τi—Φjκ,30Ξ‘γ,‚»‚Μ‘Ό,{ω‚µ‚½
ή“,©“]Τ“,“ςθ“μ,‘ε“‡,282022,•ΊΙ§,“ςθs,•l“c’¬‚R’–Ϊ,2022[sanitize]06[sanitize]23,19,‚»‚Μ‘Ό‚ΜZ‘ξi‚RK‚ΔΘ‰Ί‹¤“―Z‘ξ“™j,’“Τi—Φjκ,10Ξ‘γ,‚Z¶,{ω‚Ή‚Έ
ή“,©“]Τ“,“ςθ“μ,‘ε“‡,282022,•ΊΙ§,“ςθs,•l“c’¬‚S’–Ϊ,2022[sanitize]03[sanitize]11,17,“ΉHγ,‚»‚Μ‘Ό,50Ξ‘γ,‚»‚Μ‘Ό,{ω‚Ή‚Έ
ή“,©“]Τ“,“ςθ“μ,‘ε“‡,282022,•ΊΙ§,“ςθs,•l“c’¬‚T’–Ϊ,2022[sanitize]02[sanitize]23,14,‚SK‚ΔΘγ‹¤“―Z‘ξ,’“Τi—Φjκ,20Ξ‘γ,‚»‚Μ‘Ό,{ω‚µ‚½
ή“,©“]Τ“,“ςθ“μ,‘ε“‡,282022,•ΊΙ§,“ςθs,‘ε―–k‚Q’–Ϊ,2022[sanitize]02[sanitize]10,08,‚»‚Μ‘Ό‚ΜZ‘ξi‚RK‚ΔΘ‰Ί‹¤“―Z‘ξ“™j,’“Τi—Φjκ,20Ξ‘γ,‚»‚Μ‘Ό,{ω‚Ή‚Έ
ή“,©“]Τ“,“ςθ“μ,‘ε“‡,282022,•ΊΙ§,“ςθs,‘ε―–k‚Q’–Ϊ,2022[sanitize]08[sanitize]04,01,“ΉHγ,‚»‚Μ‘Ό,10Ξ‘γ,’†w¶,{ω‚Ή‚Έ
ή“,©“]Τ“,“ςθ“μ,‘ε“‡,282022,•ΊΙ§,“ςθs,‘ε―–k‚R’–Ϊ,2021[sanitize]12[sanitize]25,12,‚SK‚ΔΘγ‹¤“―Z‘ξ,’“Τi—Φjκ,40Ξ‘γ,‚»‚Μ‘Ό,{ω‚Ή‚Έ
ή“,©“]Τ“,“ςθ“μ,‘ε“‡,282022,•ΊΙ§,“ςθs,‘ε―–k‚R’–Ϊ,2022[sanitize]01[sanitize]03,06,‚SK‚ΔΘγ‹¤“―Z‘ξ,’“Τi—Φjκ,20Ξ‘γ,‚»‚Μ‘Ό,{ω‚Ή‚Έ
ή“,©“]Τ“,“ςθ“μ,‘ε“‡,282022,•ΊΙ§,“ςθs,‘ε―–k‚R’–Ϊ,2022[sanitize]03[sanitize]01,17,κΛZ‘ξ,‚»‚Μ‘Ό,50Ξ‘γ,‚»‚Μ‘Ό,{ω‚µ‚½
ή“,©“]Τ“,“ςθ“μ,‘ε“‡,282022,•ΊΙ§,“ςθs,‘ε―–k‚R’–Ϊ,2022[sanitize]06[sanitize]24,08,‚SK‚ΔΘγ‹¤“―Z‘ξ,‚»‚Μ‘Ό,30Ξ‘γ,‚»‚Μ‘Ό,{ω‚Ή‚Έ
ή“,©“]Τ“,“ςθ“μ,‘ε“‡,282022,•ΊΙ§,“ςθs,‘ε―–k‚S’–Ϊ,2022[sanitize]01[sanitize]25,17,‚SK‚ΔΘγ‹¤“―Z‘ξ,’“Τi—Φjκ,10Ξ‘γ,‚Z¶,{ω‚µ‚½
ή“,©“]Τ“,“ςθ“μ,‘ε“‡,282022,•ΊΙ§,“ςθs,‘ε―–k‚S’–Ϊ,2022[sanitize]09[sanitize]10,13,‚»‚Μ‘Ό,’“Τi—Φjκ,10Ξ‘γ,‚Z¶,{ω‚Ή‚Έ
ή“,©“]Τ“,“ςθ“μ,‘ε“‡,282022,•ΊΙ§,“ςθs,‘ε―–k‚T’–Ϊ,2022[sanitize]05[sanitize]22,10,κΛZ‘ξ,‚»‚Μ‘Ό,10Ξ‘γ,‚Z¶,{ω‚Ή‚Έ
ή“,©“]Τ“,“ςθ“μ,‘ε“‡,282022,•ΊΙ§,“ςθs,‘ε―–k‚T’–Ϊ,2022[sanitize]07[sanitize]06,16,‚»‚Μ‘Ό‚ΜZ‘ξi‚RK‚ΔΘ‰Ί‹¤“―Z‘ξ“™j,’“Τi—Φjκ,10Ξ–Ά–,¬w¶,{ω‚Ή‚Έ
ή“,©“]Τ“,“ςθ“μ,‘ε“‡,282022,•ΊΙ§,“ςθs,‘ε―–k‚T’–Ϊ,2022[sanitize]09[sanitize]30,16,κΛZ‘ξ,‚»‚Μ‘Ό,60[sanitize]64Ξ,‚»‚Μ‘Ό,{ω‚Ή‚Έ
ή“,©“]Τ“,“ςθ“μ,‘ε“‡,282022,•ΊΙ§,“ςθs,‘ε―–k‚T’–Ϊ,2022[sanitize]11[sanitize]07,19,‚»‚Μ‘Ό,’“Τi—Φjκ,10Ξ‘γ,’†w¶,{ω‚µ‚½
ή“,©“]Τ“,“ςθ“μ,‘ε―,282022,•ΊΙ§,“ςθs,‘ε―’†’Κ‚P’–Ϊ,2022[sanitize]05[sanitize]24,19,κΛZ‘ξ,‚»‚Μ‘Ό,40Ξ‘γ,‚»‚Μ‘Ό,{ω‚µ‚½
ή“,©“]Τ“,“ςθ“μ,‘ε―,282022,•ΊΙ§,“ςθs,‘ε―’†’Κ‚P’–Ϊ,2022[sanitize]10[sanitize]19,08,‚SK‚ΔΘγ‹¤“―Z‘ξ,’“Τi—Φjκ,10Ξ–Ά–,¬w¶,{ω‚Ή‚Έ
ή“,©“]Τ“,“ςθ“μ,‘ε―,282022,•ΊΙ§,“ςθs,‘ε―’†’Κ‚Q’–Ϊ,2022[sanitize]01[sanitize]11,18,‚SK‚ΔΘγ‹¤“―Z‘ξ,’“Τi—Φjκ,10Ξ‘γ,’†w¶,{ω‚Ή‚Έ
ή“,©“]Τ“,“ςθ“μ,‘ε―,282022,•ΊΙ§,“ςθs,‘ε―’†’Κ‚Q’–Ϊ,2022[sanitize]05[sanitize]22,22,‚»‚Μ‘Ό‚ΜZ‘ξi‚RK‚ΔΘ‰Ί‹¤“―Z‘ξ“™j,’“Τi—Φjκ,40Ξ‘γ,‚»‚Μ‘Ό,{ω‚µ‚½
ή“,©“]Τ“,“ςθ“μ,‘ε―,282022,•ΊΙ§,“ςθs,‘ε―’†’Κ‚Q’–Ϊ,2022[sanitize]08[sanitize]05,14,‚»‚Μ‘Ό‚ΜZ‘ξi‚RK‚ΔΘ‰Ί‹¤“―Z‘ξ“™j,’“Τi—Φjκ,20Ξ‘γ,‚»‚Μ‘Ό,{ω‚Ή‚Έ
ή“,©“]Τ“,“ςθ“μ,‘ε―,282022,•ΊΙ§,“ςθs,‘ε―’†’Κ‚R’–Ϊ,2022[sanitize]07[sanitize]22,20,κΛZ‘ξ,’“Τi—Φjκ,30Ξ‘γ,‚»‚Μ‘Ό,{ω‚Ή‚Έ
ή“,©“]Τ“,“ςθ“μ,‘ε―,282022,•ΊΙ§,“ςθs,‘ε“‡‚P’–Ϊ,2022[sanitize]02[sanitize]06,19,‚SK‚ΔΘγ‹¤“―Z‘ξ,’“Τi—Φjκ,10Ξ‘γ,‚»‚Μ‘Ό,{ω‚µ‚½
ή“,©“]Τ“,“ςθ“μ,‘ε―,282022,•ΊΙ§,“ςθs,‘ε“‡‚P’–Ϊ,2022[sanitize]02[sanitize]12,23,“ΉHγ,‚»‚Μ‘Ό,10Ξ‘γ,‘εw¶,{ω‚Ή‚Έ
ή“,©“]Τ“,“ςθ“μ,‘ε―,282022,•ΊΙ§,“ςθs,‘ε“‡‚P’–Ϊ,2022[sanitize]03[sanitize]04,20,‚SK‚ΔΘγ‹¤“―Z‘ξ,’“Τi—Φjκ,20Ξ‘γ,‚»‚Μ‘Ό,{ω‚Ή‚Έ
ή“,©“]Τ“,“ςθ“μ,‘ε―,282022,•ΊΙ§,“ςθs,‘ε“‡‚P’–Ϊ,2022[sanitize]04[sanitize]20,02,κΛZ‘ξ,‚»‚Μ‘Ό,20Ξ‘γ,‚»‚Μ‘Ό,{ω‚Ή‚Έ
ή“,©“]Τ“,“ςθ“μ,‘ε―,282022,•ΊΙ§,“ςθs,‘ε“‡‚P’–Ϊ,2022[sanitize]07[sanitize]01,23,“ΉHγ,‚»‚Μ‘Ό,20Ξ‘γ,‘εw¶,{ω‚Ή‚Έ
ή“,©“]Τ“,“ςθ“μ,‘ε―,282022,•ΊΙ§,“ςθs,‘ε“‡‚P’–Ϊ,2022[sanitize]07[sanitize]03,09,‚»‚Μ‘Ό‚ΜZ‘ξi‚RK‚ΔΘ‰Ί‹¤“―Z‘ξ“™j,’“Τi—Φjκ,20Ξ‘γ,‚»‚Μ‘Ό,{ω‚µ‚½
ή“,©“]Τ“,“ςθ“μ,‘ε―,282022,•ΊΙ§,“ςθs,‘ε“‡‚P’–Ϊ,2022[sanitize]07[sanitize]22,15,“ΉHγ,‚»‚Μ‘Ό,10Ξ‘γ,‚Z¶,{ω‚Ή‚Έ
ή“,©“]Τ“,“ςθ“μ,‘ε―,282022,•ΊΙ§,“ςθs,‘ε“‡‚P’–Ϊ,2022[sanitize]08[sanitize]30,19,‚SK‚ΔΘγ‹¤“―Z‘ξ,’“Τi—Φjκ,10Ξ‘γ,¬w¶,{ω‚µ‚½
ή“,©“]Τ“,“ςθ“μ,‘ε―,282022,•ΊΙ§,“ςθs,‘ε“‡‚P’–Ϊ,2022[sanitize]09[sanitize]29,22,κΛZ‘ξ,’“Τi—Φjκ,20Ξ‘γ,‘εw¶,{ω‚µ‚½
ή“,©“]Τ“,“ςθ“μ,‘ε―,282022,•ΊΙ§,“ςθs,‘ε“‡‚P’–Ϊ,2022[sanitize]11[sanitize]08,16,“ΉHγ,‚»‚Μ‘Ό,70ΞΘγ,‚»‚Μ‘Ό,{ω‚µ‚½
ή“,©“]Τ“,“ςθ“μ,‘ε―,282022,•ΊΙ§,“ςθs,‘ε“‡‚P’–Ϊ,2022[sanitize]11[sanitize]10,21,‚»‚Μ‘Ό,‚»‚Μ‘Ό,30Ξ‘γ,‚»‚Μ‘Ό,{ω‚Ή‚Έ
ή“,©“]Τ“,“ςθ“μ,‘ε―,282022,•ΊΙ§,“ςθs,‘ε“‡‚Q’–Ϊ,2022[sanitize]06[sanitize]16,19,‚SK‚ΔΘγ‹¤“―Z‘ξ,’“Τi—Φjκ,30Ξ‘γ,‚»‚Μ‘Ό,{ω‚Ή‚Έ
ή“,©“]Τ“,“ςθ“μ,‘ε―,282022,•ΊΙ§,“ςθs,‘ε“‡‚Q’–Ϊ,2022[sanitize]08[sanitize]29,09,“ΉHγ,‚»‚Μ‘Ό,10Ξ‘γ,‚Z¶,{ω‚Ή‚Έ
ή“,©“]Τ“,“ςθ“μ,‘ε―,282022,•ΊΙ§,“ςθs,‘ε“‡‚Q’–Ϊ,2022[sanitize]09[sanitize]25,13,‚»‚Μ‘Ό,‚»‚Μ‘Ό,10Ξ‘γ,¬w¶,{ω‚µ‚½
ή“,©“]Τ“,“ςθ“μ,‘ε―,282022,•ΊΙ§,“ςθs,‘ε“‡‚R’–Ϊ,2022[sanitize]08[sanitize]04,12,“ΉHγ,‚»‚Μ‘Ό,30Ξ‘γ,‚»‚Μ‘Ό,{ω‚µ‚½
ή“,©“]Τ“,“ςθ“μ,‘ε―,282022,•ΊΙ§,“ςθs,‘ε“‡‚R’–Ϊ,2022[sanitize]09[sanitize]02,19,“ΉHγ,‚»‚Μ‘Ό,50Ξ‘γ,‚»‚Μ‘Ό,{ω‚Ή‚Έ
ή“,©“]Τ“,“ςθ“μ,‘ε―,282022,•ΊΙ§,“ςθs,‘ε―Ό’¬‚Q’–Ϊ,2022[sanitize]01[sanitize]11,17,‚»‚Μ‘Ό,’“Τi—Φjκ,10Ξ‘γ,‚Z¶,{ω‚µ‚½
ή“,©“]Τ“,“ςθ“μ,‘ε―,282022,•ΊΙ§,“ςθs,‘ε―Ό’¬‚Q’–Ϊ,2022[sanitize]05[sanitize]27,22,“ΉHγ,‚»‚Μ‘Ό,20Ξ‘γ,‚»‚Μ‘Ό,{ω‚Ή‚Έ
ή“,©“]Τ“,“ςθ“μ,‘ε―,282022,•ΊΙ§,“ςθs,‘ε―Ό’¬‚Q’–Ϊ,2022[sanitize]07[sanitize]20,13,‚»‚Μ‘Ό,’“Τi—Φjκ,10Ξ‘γ,’†w¶,{ω‚Ή‚Έ
ή“,©“]Τ“,“ςθ“μ,‘ε―,282022,•ΊΙ§,“ςθs,‘ε―Ό’¬‚Q’–Ϊ,2022[sanitize]12[sanitize]06,20,‚»‚Μ‘Ό‚ΜZ‘ξi‚RK‚ΔΘ‰Ί‹¤“―Z‘ξ“™j,’“Τi—Φjκ,10Ξ‘γ,’†w¶,{ω‚Ή‚Έ
ή“,©“]Τ“,“ςθ“μ,‘ε―,282022,•ΊΙ§,“ςθs,‘ε―Ό’¬‚R’–Ϊ,2022[sanitize]01[sanitize]11,19,‚»‚Μ‘Ό‚ΜZ‘ξi‚RK‚ΔΘ‰Ί‹¤“―Z‘ξ“™j,’“Τi—Φjκ,10Ξ‘γ,‚Z¶,{ω‚Ή‚Έ
ή“,©“]Τ“,“ςθ“μ,‘ε―,282022,•ΊΙ§,“ςθs,‘ε―Ό’¬‚R’–Ϊ,2022[sanitize]03[sanitize]09,19,‚»‚Μ‘Ό‚ΜZ‘ξi‚RK‚ΔΘ‰Ί‹¤“―Z‘ξ“™j,’“Τi—Φjκ,30Ξ‘γ,‚»‚Μ‘Ό,{ω‚µ‚½
ή“,©“]Τ“,“ςθ“μ,‘ε―,282022,•ΊΙ§,“ςθs,‘ε―Ό’¬‚R’–Ϊ,2022[sanitize]07[sanitize]29,19,‚»‚Μ‘Ό,’“Τi—Φjκ,40Ξ‘γ,‚»‚Μ‘Ό,{ω‚µ‚½
ή“,©“]Τ“,“ςθ“μ,‘ε―,282022,•ΊΙ§,“ςθs,‘ε―Ό’¬‚R’–Ϊ,2022[sanitize]12[sanitize]24,19,‚»‚Μ‘Ό‚ΜZ‘ξi‚RK‚ΔΘ‰Ί‹¤“―Z‘ξ“™j,‚»‚Μ‘Ό,20Ξ‘γ,‚»‚Μ‘Ό,{ω‚Ή‚Έ
ή“,©“]Τ“,“ςθ“μ,‘ε•¨,282022,•ΊΙ§,“ςθs,–kι“ΰ,2022[sanitize]07[sanitize]25,07,“ΉHγ,‚»‚Μ‘Ό,20Ξ‘γ,‚»‚Μ‘Ό,{ω‚µ‚½
ή“,©“]Τ“,“ςθ“μ,‘ε•¨,282022,•ΊΙ§,“ςθs,–kι“ΰ,2022[sanitize]10[sanitize]15,18,κΛZ‘ξ,’“Τi—Φjκ,50Ξ‘γ,‚»‚Μ‘Ό,{ω‚Ή‚Έ
ή“,©“]Τ“,“ςθ“μ,‘ε•¨,282022,•ΊΙ§,“ςθs,–kι“ΰ,2022[sanitize]12[sanitize]10,13,‚SK‚ΔΘγ‹¤“―Z‘ξ,’“Τi—Φjκ,40Ξ‘γ,‚»‚Μ‘Ό,{ω‚µ‚½
ή“,©“]Τ“,“ςθ“μ,‘ε•¨,282022,•ΊΙ§,“ςθs,–k‘ε•¨’¬,2022[sanitize]03[sanitize]12,23,κΛZ‘ξ,’“Τi—Φjκ,10Ξ‘γ,‚Z¶,{ω‚Ή‚Έ
ή“,©“]Τ“,“ςθ“μ,‘ε•¨,282022,•ΊΙ§,“ςθs,–k‘ε•¨’¬,2022[sanitize]04[sanitize]27,12,‚SK‚ΔΘγ‹¤“―Z‘ξ,’“Τi—Φjκ,30Ξ‘γ,‚»‚Μ‘Ό,{ω‚µ‚½
ή“,©“]Τ“,“ςθ“μ,‘ε•¨,282022,•ΊΙ§,“ςθs,–k‘ε•¨’¬,2022[sanitize]06[sanitize]26,22,‚»‚Μ‘Ό‚ΜZ‘ξi‚RK‚ΔΘ‰Ί‹¤“―Z‘ξ“™j,’“Τi—Φjκ,20Ξ‘γ,‚»‚Μ‘Ό,{ω‚µ‚½
ή“,©“]Τ“,“ςθ“μ,‘ε•¨,282022,•ΊΙ§,“ςθs,–k‘ε•¨’¬,2022[sanitize]07[sanitize]04,23,κΛZ‘ξ,‚»‚Μ‘Ό,10Ξ‘γ,‚Z¶,{ω‚µ‚½
ή“,©“]Τ“,“ςθ“μ,‘ε•¨,282022,•ΊΙ§,“ςθs,–k‘ε•¨’¬,2022[sanitize]07[sanitize]12,22,‚»‚Μ‘Ό‚ΜZ‘ξi‚RK‚ΔΘ‰Ί‹¤“―Z‘ξ“™j,’“Τi—Φjκ,40Ξ‘γ,‚»‚Μ‘Ό,{ω‚µ‚½
ή“,©“]Τ“,“ςθ“μ,‘ε•¨,282022,•ΊΙ§,“ςθs,–k‘ε•¨’¬,2022[sanitize]08[sanitize]01,08,“ΉHγ,‚»‚Μ‘Ό,30Ξ‘γ,‚»‚Μ‘Ό,{ω‚Ή‚Έ
ή“,©“]Τ“,“ςθ“μ,‘ε•¨,282022,•ΊΙ§,“ςθs,Ίa’Κ‚P’–Ϊ,2022[sanitize]02[sanitize]20,16,‚SK‚ΔΘγ‹¤“―Z‘ξ,’“Τi—Φjκ,30Ξ‘γ,‚»‚Μ‘Ό,{ω‚Ή‚Έ
ή“,©“]Τ“,“ςθ“μ,‘ε•¨,282022,•ΊΙ§,“ςθs,Ίa’Κ‚P’–Ϊ,2022[sanitize]03[sanitize]16,17,“ΉHγ,‚»‚Μ‘Ό,60[sanitize]64Ξ,‚»‚Μ‘Ό,{ω‚Ή‚Έ
ή“,©“]Τ“,“ςθ“μ,‘ε•¨,282022,•ΊΙ§,“ςθs,Ίa’Κ‚P’–Ϊ,2022[sanitize]03[sanitize]19,19,‚SK‚ΔΘγ‹¤“―Z‘ξ,’“Τi—Φjκ,20Ξ‘γ,‚»‚Μ‘Ό,{ω‚Ή‚Έ
ή“,©“]Τ“,“ςθ“μ,‘ε•¨,282022,•ΊΙ§,“ςθs,Ίa’Κ‚P’–Ϊ,2022[sanitize]06[sanitize]07,22,‚SK‚ΔΘγ‹¤“―Z‘ξ,‚»‚Μ‘Ό,10Ξ‘γ,‚Z¶,{ω‚Ή‚Έ
ή“,©“]Τ“,“ςθ“μ,‘ε•¨,282022,•ΊΙ§,“ςθs,Ίa’Κ‚P’–Ϊ,2022[sanitize]07[sanitize]05,18,“ΉHγ,‚»‚Μ‘Ό,10Ξ‘γ,’†w¶,{ω‚Ή‚Έ
ή“,©“]Τ“,“ςθ“μ,‘ε•¨,282022,•ΊΙ§,“ςθs,Ίa’Κ‚P’–Ϊ,2022[sanitize]10[sanitize]08,13,‚SK‚ΔΘγ‹¤“―Z‘ξ,‚»‚Μ‘Ό,30Ξ‘γ,‚»‚Μ‘Ό,{ω‚µ‚½
ή“,©“]Τ“,“ςθ“μ,‘ε•¨,282022,•ΊΙ§,“ςθs,Ίa’Κ‚P’–Ϊ,2022[sanitize]12[sanitize]14,10,‚»‚Μ‘Ό‚ΜZ‘ξi‚RK‚ΔΘ‰Ί‹¤“―Z‘ξ“™j,’“Τi—Φjκ,20Ξ‘γ,‚»‚Μ‘Ό,{ω‚Ή‚Έ
ή“,©“]Τ“,“ςθ“μ,‘ε•¨,282022,•ΊΙ§,“ςθs,Ίa’Κ‚Q’–Ϊ,2019[sanitize]11[sanitize]11,00,‚»‚Μ‘Ό,’“Τi—Φjκ,20Ξ‘γ,‚»‚Μ‘Ό,{ω‚Ή‚Έ
ή“,©“]Τ“,“ςθ“μ,‘ε•¨,282022,•ΊΙ§,“ςθs,Ίa’Κ‚Q’–Ϊ,2022[sanitize]05[sanitize]15,13,“ΉHγ,‚»‚Μ‘Ό,50Ξ‘γ,‚»‚Μ‘Ό,{ω‚Ή‚Έ
ή“,©“]Τ“,“ςθ“μ,‘ε•¨,282022,•ΊΙ§,“ςθs,Ίa’Κ‚Q’–Ϊ,2022[sanitize]06[sanitize]25,18,‚SK‚ΔΘγ‹¤“―Z‘ξ,’“Τi—Φjκ,30Ξ‘γ,‚»‚Μ‘Ό,{ω‚µ‚½
ή“,©“]Τ“,“ςθ“μ,‘ε•¨,282022,•ΊΙ§,“ςθs,Ίa’Κ‚Q’–Ϊ,2022[sanitize]06[sanitize]27,20,‚SK‚ΔΘγ‹¤“―Z‘ξ,’“Τi—Φjκ,10Ξ‘γ,‚Z¶,{ω‚Ή‚Έ
ή“,©“]Τ“,“ςθ“μ,‘ε•¨,282022,•ΊΙ§,“ςθs,Ίa’Κ‚Q’–Ϊ,2022[sanitize]09[sanitize]09,15,‚»‚Μ‘Ό,’“Τi—Φjκ,40Ξ‘γ,‚»‚Μ‘Ό,{ω‚Ή‚Έ
ή“,©“]Τ“,“ςθ“μ,‘ε•¨,282022,•ΊΙ§,“ςθs,Ίa’Κ‚Q’–Ϊ,2022[sanitize]10[sanitize]11,18,‚SK‚ΔΘγ‹¤“―Z‘ξ,’“Τi—Φjκ,30Ξ‘γ,‚»‚Μ‘Ό,{ω‚Ή‚Έ
ή“,©“]Τ“,“ςθ“μ,‘ε•¨,282022,•ΊΙ§,“ςθs,Ίa’Κ‚Q’–Ϊ,2022[sanitize]11[sanitize]03,12,“ΉHγ,‚»‚Μ‘Ό,10Ξ‘γ,‚Z¶,{ω‚Ή‚Έ
ή“,©“]Τ“,“ςθ“μ,‘ε•¨,282022,•ΊΙ§,“ςθs,Ίa’Κ‚Q’–Ϊ,2022[sanitize]11[sanitize]17,19,‚SK‚ΔΘγ‹¤“―Z‘ξ,’“Τi—Φjκ,10Ξ‘γ,‚Z¶,{ω‚Ή‚Έ
ή“,©“]Τ“,“ςθ“μ,‘ε•¨,282022,•ΊΙ§,“ςθs,‘ε•¨’¬‚Q’–Ϊ,2022[sanitize]04[sanitize]21,11,κΛZ‘ξ,’“Τi—Φjκ,20Ξ‘γ,‚»‚Μ‘Ό,{ω‚Ή‚Έ
ή“,©“]Τ“,“ςθ“μ,‘ε•¨,282022,•ΊΙ§,“ςθs,‘ε•¨’¬‚Q’–Ϊ,2022[sanitize]09[sanitize]22,10,“ΉHγ,‚»‚Μ‘Ό,10Ξ‘γ,‚Z¶,{ω‚Ή‚Έ
ή“,©“]Τ“,“ςθ“μ,‘ε•¨,282022,•ΊΙ§,“ςθs,‘ε•¨’¬‚Q’–Ϊ,2022[sanitize]10[sanitize]24,16,“ΉHγ,‚»‚Μ‘Ό,50Ξ‘γ,‚»‚Μ‘Ό,{ω‚µ‚½
ή“,©“]Τ“,“ςθ“μ,‘ε•¨,282022,•ΊΙ§,“ςθs,Ό‘ε•¨’¬,2022[sanitize]01[sanitize]03,12,‚SK‚ΔΘγ‹¤“―Z‘ξ,’“Τi—Φjκ,10Ξ‘γ,‚Z¶,{ω‚Ή‚Έ
ή“,©“]Τ“,“ςθ“μ,‘ε•¨,282022,•ΊΙ§,“ςθs,Ό‘ε•¨’¬,2022[sanitize]02[sanitize]02,15,‚»‚Μ‘Ό,’“Τi—Φjκ,30Ξ‘γ,‚»‚Μ‘Ό,{ω‚Ή‚Έ
ή“,©“]Τ“,“ςθ“μ,‘ε•¨,282022,•ΊΙ§,“ςθs,Ό‘ε•¨’¬,2022[sanitize]05[sanitize]15,09,‚»‚Μ‘Ό‚ΜZ‘ξi‚RK‚ΔΘ‰Ί‹¤“―Z‘ξ“™j,’“Τi—Φjκ,30Ξ‘γ,‚»‚Μ‘Ό,{ω‚Ή‚Έ
ή“,©“]Τ“,“ςθ“μ,‘ε•¨,282022,•ΊΙ§,“ςθs,Ό‘ε•¨’¬,2022[sanitize]05[sanitize]21,12,‚»‚Μ‘Ό,’“Τi—Φjκ,50Ξ‘γ,‚»‚Μ‘Ό,{ω‚Ή‚Έ
ή“,©“]Τ“,“ςθ“μ,‘ε•¨,282022,•ΊΙ§,“ςθs,Ό‘ε•¨’¬,2022[sanitize]08[sanitize]26,13,‚»‚Μ‘Ό,’“Τi—Φjκ,10Ξ‘γ,‚»‚Μ‘Ό,{ω‚µ‚½
ή“,©“]Τ“,“ςθ“μ,‘ε•¨,282022,•ΊΙ§,“ςθs,Ό‘ε•¨’¬,2022[sanitize]11[sanitize]21,16,‚»‚Μ‘Ό,’“Τi—Φjκ,40Ξ‘γ,‚»‚Μ‘Ό,{ω‚Ή‚Έ
ή“,©“]Τ“,“ςθ“μ,‘ε•¨,282022,•ΊΙ§,“ςθs,“‘ε•¨’¬‚P’–Ϊ,2022[sanitize]01[sanitize]03,19,“ΉHγ,‚»‚Μ‘Ό,20Ξ‘γ,‚»‚Μ‘Ό,{ω‚Ή‚Έ
ή“,©“]Τ“,“ςθ“μ,‘ε•¨,282022,•ΊΙ§,“ςθs,“‘ε•¨’¬‚P’–Ϊ,2022[sanitize]10[sanitize]09,16,‚»‚Μ‘Ό,’“Τi—Φjκ,10Ξ‘γ,‚Z¶,{ω‚µ‚½
ή“,©“]Τ“,“ςθ“μ,δ’ƒ‰®‹΄,282022,•ΊΙ§,“ςθs,“μ‰“‡’¬,2022[sanitize]08[sanitize]13,12,‚»‚Μ‘Ό,’“Τi—Φjκ,70ΞΘγ,‚»‚Μ‘Ό,{ω‚µ‚½
ή“,©“]Τ“,“ςθ“μ,δ’ƒ‰®‹΄,282022,•ΊΙ§,“ςθs,“μ‰“‡’¬,2022[sanitize]10[sanitize]06,14,‚SK‚ΔΘγ‹¤“―Z‘ξ,’“Τi—Φjκ,50Ξ‘γ,‚»‚Μ‘Ό,{ω‚µ‚½
ή“,©“]Τ“,“ςθ“μ,Ίa’Κ,282022,•ΊΙ§,“ςθs,_“c–k’Κ‚T’–Ϊ,2022[sanitize]10[sanitize]19,16,‚»‚Μ‘Ό,’“Τi—Φjκ,70ΞΘγ,‚»‚Μ‘Ό,{ω‚µ‚½
ή“,©“]Τ“,“ςθ“μ,Ίa’Κ,282022,•ΊΙ§,“ςθs,_“c–k’Κ‚T’–Ϊ,2022[sanitize]11[sanitize]19,14,“ΉHγ,‚»‚Μ‘Ό,70ΞΘγ,‚»‚Μ‘Ό,{ω‚µ‚½
ή“,©“]Τ“,“ςθ“μ,Ίa’Κ,282022,•ΊΙ§,“ςθs,_“c–k’Κ‚T’–Ϊ,2022[sanitize]12[sanitize]25,10,‚»‚Μ‘Ό,’“Τi—Φjκ,70ΞΘγ,‚»‚Μ‘Ό,{ω‚Ή‚Έ
ή“,©“]Τ“,“ςθ“μ,Ίa’Κ,282022,•ΊΙ§,“ςθs,_“c–k’Κ‚U’–Ϊ,2022[sanitize]05[sanitize]20,22,“ΉHγ,‚»‚Μ‘Ό,20Ξ‘γ,‚»‚Μ‘Ό,{ω‚Ή‚Έ
ή“,©“]Τ“,“ςθ“μ,Ίa’Κ,282022,•ΊΙ§,“ςθs,_“c–k’Κ‚U’–Ϊ,2022[sanitize]09[sanitize]08,21,“ΉHγ,‚»‚Μ‘Ό,20Ξ‘γ,‘εw¶,{ω‚µ‚½
ή“,©“]Τ“,“ςθ“μ,Ίa’Κ,282022,•ΊΙ§,“ςθs,_“c–k’Κ‚U’–Ϊ,2022[sanitize]09[sanitize]26,15,“ΉHγ,‚»‚Μ‘Ό,20Ξ‘γ,‚»‚Μ‘Ό,{ω‚Ή‚Έ
ή“,©“]Τ“,“ςθ“μ,Ίa’Κ,282022,•ΊΙ§,“ςθs,_“c–k’Κ‚U’–Ϊ,2022[sanitize]10[sanitize]23,20,“ΉHγ,‚»‚Μ‘Ό,20Ξ‘γ,‚»‚Μ‘Ό,{ω‚Ή‚Έ
ή“,©“]Τ“,“ςθ“μ,Ίa’Κ,282022,•ΊΙ§,“ςθs,_“c–k’Κ‚U’–Ϊ,2022[sanitize]11[sanitize]04,18,‚SK‚ΔΘγ‹¤“―Z‘ξ,’“Τi—Φjκ,10Ξ‘γ,‘εw¶,{ω‚Ή‚Έ
ή“,©“]Τ“,“ςθ“μ,Ίa’Κ,282022,•ΊΙ§,“ςθs,_“c’†’Κ‚T’–Ϊ,2022[sanitize]06[sanitize]10,16,“ΉHγ,‚»‚Μ‘Ό,50Ξ‘γ,‚»‚Μ‘Ό,{ω‚Ή‚Έ
ή“,©“]Τ“,“ςθ“μ,Ίa’Κ,282022,•ΊΙ§,“ςθs,Ίa’Κ‚U’–Ϊ,2022[sanitize]01[sanitize]14,13,‚SK‚ΔΘγ‹¤“―Z‘ξ,‚»‚Μ‘Ό,70ΞΘγ,‚»‚Μ‘Ό,{ω‚µ‚½
ή“,©“]Τ“,“ςθ“μ,Ίa’Κ,282022,•ΊΙ§,“ςθs,Ίa’Κ‚V’–Ϊ,2022[sanitize]05[sanitize]18,17,“ΉHγ,‚»‚Μ‘Ό,70ΞΘγ,‚»‚Μ‘Ό,{ω‚Ή‚Έ
ή“,©“]Τ“,“ςθ“μ,Ίa’Κ,282022,•ΊΙ§,“ςθs,Ίa’Κ‚V’–Ϊ,2022[sanitize]06[sanitize]10,16,“ΉHγ,‚»‚Μ‘Ό,20Ξ‘γ,‚»‚Μ‘Ό,{ω‚Ή‚Έ
ή“,©“]Τ“,“ςθ“μ,Ίa’Κ,282022,•ΊΙ§,“ςθs,Ίa’Κ‚V’–Ϊ,2022[sanitize]11[sanitize]19,20,“ΉHγ,‚»‚Μ‘Ό,30Ξ‘γ,‚»‚Μ‘Ό,{ω‚Ή‚Έ
ή“,©“]Τ“,“ςθ“μ,Ίa’Κ,282022,•ΊΙ§,“ςθs,Ό“ο”g’¬‚R’–Ϊ,2021[sanitize]12[sanitize]29,19,‚»‚Μ‘Ό,’“Τi—Φjκ,20Ξ‘γ,‚»‚Μ‘Ό,{ω‚Ή‚Έ
ή“,©“]Τ“,“ςθ“μ,Ίa’Κ,282022,•ΊΙ§,“ςθs,Ό“ο”g’¬‚R’–Ϊ,2022[sanitize]08[sanitize]01,11,‚»‚Μ‘Ό‚ΜZ‘ξi‚RK‚ΔΘ‰Ί‹¤“―Z‘ξ“™j,’“Τi—Φjκ,40Ξ‘γ,‚»‚Μ‘Ό,{ω‚Ή‚Έ
ή“,©“]Τ“,“ςθ“μ,Ίa’Κ,282022,•ΊΙ§,“ςθs,Ό“ο”g’¬‚R’–Ϊ,2022[sanitize]08[sanitize]22,21,‚»‚Μ‘Ό,’“Τi—Φjκ,20Ξ‘γ,‘εw¶,{ω‚Ή‚Έ
ή“,©“]Τ“,“ςθ“μ,Ίa’Κ,282022,•ΊΙ§,“ςθs,Ό“ο”g’¬‚S’–Ϊ,2022[sanitize]01[sanitize]06,21,‚SK‚ΔΘγ‹¤“―Z‘ξ,’“Τi—Φjκ,10Ξ‘γ,‚»‚Μ‘Ό,{ω‚µ‚½
ή“,©“]Τ“,“ςθ“μ,Ίa’Κ,282022,•ΊΙ§,“ςθs,Ό“ο”g’¬‚S’–Ϊ,2022[sanitize]04[sanitize]03,09,’“Τi—Φjκ,’“Τi—Φjκ,10Ξ‘γ,‚Z¶,{ω‚µ‚½
ή“,©“]Τ“,“ςθ“μ,Ίa’Κ,282022,•ΊΙ§,“ςθs,Ό“ο”g’¬‚S’–Ϊ,2022[sanitize]05[sanitize]29,00,‚SK‚ΔΘγ‹¤“―Z‘ξ,’“Τi—Φjκ,20Ξ‘γ,‘εw¶,{ω‚µ‚½
ή“,©“]Τ“,“ςθ“μ,Ίa’Κ,282022,•ΊΙ§,“ςθs,Ό“ο”g’¬‚S’–Ϊ,2022[sanitize]06[sanitize]20,17,‚SK‚ΔΘγ‹¤“―Z‘ξ,’“Τi—Φjκ,50Ξ‘γ,‚»‚Μ‘Ό,{ω‚µ‚½
ή“,©“]Τ“,“ςθ“μ,Ίa’Κ,282022,•ΊΙ§,“ςθs,Ό“ο”g’¬‚S’–Ϊ,2022[sanitize]07[sanitize]05,19,κΛZ‘ξ,’“Τi—Φjκ,10Ξ‘γ,¬w¶,{ω‚Ή‚Έ
ή“,©“]Τ“,“ςθ“μ,Ίa’Κ,282022,•ΊΙ§,“ςθs,Ό“ο”g’¬‚S’–Ϊ,2022[sanitize]07[sanitize]17,02,‚SK‚ΔΘγ‹¤“―Z‘ξ,’“Τi—Φjκ,20Ξ‘γ,‘εw¶,{ω‚µ‚½
ή“,©“]Τ“,“ςθ“μ,Ίa’Κ,282022,•ΊΙ§,“ςθs,Ό“ο”g’¬‚S’–Ϊ,2022[sanitize]12[sanitize]28,23,‚SK‚ΔΘγ‹¤“―Z‘ξ,‚»‚Μ‘Ό,20Ξ‘γ,‘εw¶,{ω‚µ‚½
ή“,©“]Τ“,“ςθ“μ,Ίa’Κ,282022,•ΊΙ§,“ςθs,““ο”g’¬‚S’–Ϊ,2022[sanitize]12[sanitize]03,15,κΛZ‘ξ,’“Τi—Φjκ,20Ξ‘γ,‚»‚Μ‘Ό,{ω‚Ή‚Έ
ή“,©“]Τ“,“ςθ“μ,Ίa’Κ,282022,•ΊΙ§,“ςθs,““ο”g’¬‚T’–Ϊ,2022[sanitize]01[sanitize]01,17,‚»‚Μ‘Ό,’“Τi—Φjκ,10Ξ‘γ,‚»‚Μ‘Ό,{ω‚µ‚½
ή“,©“]Τ“,“ςθ“μ,Ίa’Κ,282022,•ΊΙ§,“ςθs,““ο”g’¬‚T’–Ϊ,2022[sanitize]04[sanitize]02,16,‚SK‚ΔΘγ‹¤“―Z‘ξ,’“Τi—Φjκ,20Ξ‘γ,‚»‚Μ‘Ό,{ω‚µ‚½
ή“,©“]Τ“,“ςθ“μ,Ίa’Κ,282022,•ΊΙ§,“ςθs,““ο”g’¬‚T’–Ϊ,2022[sanitize]06[sanitize]03,11,‚»‚Μ‘Ό‚ΜZ‘ξi‚RK‚ΔΘ‰Ί‹¤“―Z‘ξ“™j,’“Τi—Φjκ,20Ξ‘γ,‚»‚Μ‘Ό,{ω‚Ή‚Έ
ή“,©“]Τ“,“ςθ“μ,Ίa’Κ,282022,•ΊΙ§,“ςθs,““ο”g’¬‚T’–Ϊ,2022[sanitize]11[sanitize]29,07,“ΉHγ,‚»‚Μ‘Ό,20Ξ‘γ,‚»‚Μ‘Ό,{ω‚Ή‚Έ
ή“,©“]Τ“,“ςθ“μ,““ο”g,282022,•ΊΙ§,“ςθs,““ο”g’¬‚R’–Ϊ,2022[sanitize]10[sanitize]15,11,‚»‚Μ‘Ό‚ΜZ‘ξi‚RK‚ΔΘ‰Ί‹¤“―Z‘ξ“™j,’“Τi—Φjκ,10Ξ‘γ,‚Z¶,{ω‚µ‚½
ή“,©“]Τ“,“ςθ“μ,““ο”g,282022,•ΊΙ§,“ςθs,““ο”g’¬‚S’–Ϊ,2021[sanitize]12[sanitize]28,21,κΛZ‘ξ,‚»‚Μ‘Ό,10Ξ‘γ,‚»‚Μ‘Ό,{ω‚µ‚½
ή“,©“]Τ“,“ςθ“μ,““ο”g,282022,•ΊΙ§,“ςθs,““ο”g’¬‚S’–Ϊ,2022[sanitize]05[sanitize]10,13,‚»‚Μ‘Ό‚ΜZ‘ξi‚RK‚ΔΘ‰Ί‹¤“―Z‘ξ“™j,’“Τi—Φjκ,20Ξ‘γ,‚»‚Μ‘Ό,{ω‚µ‚½
ή“,©“]Τ“,“ςθ“μ,““ο”g,282022,•ΊΙ§,“ςθs,““ο”g’¬‚S’–Ϊ,2022[sanitize]05[sanitize]10,13,‚»‚Μ‘Ό‚ΜZ‘ξi‚RK‚ΔΘ‰Ί‹¤“―Z‘ξ“™j,’“Τi—Φjκ,20Ξ‘γ,‚»‚Μ‘Ό,{ω‚µ‚½
ή“,©“]Τ“,“ςθ“μ,““ο”g,282022,•ΊΙ§,“ςθs,““ο”g’¬‚S’–Ϊ,2022[sanitize]07[sanitize]09,16,“ΉHγ,‚»‚Μ‘Ό,65[sanitize]69Ξ,‚»‚Μ‘Ό,{ω‚µ‚½
ή“,©“]Τ“,“ςθ“μ,““ο”g,282022,•ΊΙ§,“ςθs,““ο”g’¬‚S’–Ϊ,2022[sanitize]08[sanitize]06,22,‚SK‚ΔΘγ‹¤“―Z‘ξ,’“Τi—Φjκ,10Ξ‘γ,‚»‚Μ‘Ό,{ω‚Ή‚Έ
ή“,©“]Τ“,“ςθ“μ,““ο”g,282022,•ΊΙ§,“ςθs,““ο”g’¬‚S’–Ϊ,2022[sanitize]12[sanitize]01,22,‚SK‚ΔΘγ‹¤“―Z‘ξ,’“Τi—Φjκ,20Ξ‘γ,‘εw¶,{ω‚µ‚½
ή“,©“]Τ“,“ςθ“μ,““ο”g,282022,•ΊΙ§,“ςθs,““ο”g’¬‚S’–Ϊ,2022[sanitize]12[sanitize]05,22,‚SK‚ΔΘγ‹¤“―Z‘ξ,’“Τi—Φjκ,20Ξ‘γ,‚»‚Μ‘Ό,{ω‚µ‚½
ή“,©“]Τ“,“ςθ“μ,““ο”g,282022,•ΊΙ§,“ςθs,““ο”g’¬‚S’–Ϊ,2022[sanitize]12[sanitize]14,19,“ΉHγ,‚»‚Μ‘Ό,10Ξ‘γ,¬w¶,{ω‚Ή‚Έ
ή“,©“]Τ“,“ςθ“μ,““ο”g,282022,•ΊΙ§,“ςθs,““ο”g’¬‚T’–Ϊ,2022[sanitize]01[sanitize]01,22,“ΉHγ,‚»‚Μ‘Ό,20Ξ‘γ,‚»‚Μ‘Ό,{ω‚µ‚½
ή“,©“]Τ“,“ςθ“μ,““ο”g,282022,•ΊΙ§,“ςθs,““ο”g’¬‚T’–Ϊ,2022[sanitize]01[sanitize]06,13,‚»‚Μ‘Ό,’“Τi—Φjκ,70ΞΘγ,‚»‚Μ‘Ό,{ω‚µ‚½
ή“,©“]Τ“,“ςθ“μ,““ο”g,282022,•ΊΙ§,“ςθs,““ο”g’¬‚T’–Ϊ,2022[sanitize]01[sanitize]31,23,“ΉHγ,‚»‚Μ‘Ό,50Ξ‘γ,‚»‚Μ‘Ό,{ω‚µ‚½
ή“,©“]Τ“,“ςθ“μ,““ο”g,282022,•ΊΙ§,“ςθs,““ο”g’¬‚T’–Ϊ,2022[sanitize]04[sanitize]12,16,‚»‚Μ‘Ό,’“Τi—Φjκ,30Ξ‘γ,‚»‚Μ‘Ό,{ω‚Ή‚Έ
ή“,©“]Τ“,“ςθ“μ,““ο”g,282022,•ΊΙ§,“ςθs,““ο”g’¬‚T’–Ϊ,2022[sanitize]09[sanitize]03,13,κΛZ‘ξ,‚»‚Μ‘Ό,10Ξ‘γ,‚Z¶,{ω‚Ή‚Έ
ή“,©“]Τ“,“ςθ“μ,““ο”g,282022,•ΊΙ§,“ςθs,““ο”g’¬‚T’–Ϊ,2022[sanitize]09[sanitize]23,19,“ΉHγ,‚»‚Μ‘Ό,10Ξ‘γ,¬w¶,{ω‚Ή‚Έ
ή“,©“]Τ“,“ςθ“μ,““ο”g,282022,•ΊΙ§,“ςθs,““ο”g’¬‚T’–Ϊ,2022[sanitize]09[sanitize]25,17,“ΉHγ,‚»‚Μ‘Ό,60[sanitize]64Ξ,‚»‚Μ‘Ό,{ω‚µ‚½
ή“,©“]Τ“,“ςθ“μ,““ο”g,282022,•ΊΙ§,“ςθs,““ο”g’¬‚T’–Ϊ,2022[sanitize]10[sanitize]10,17,“ΉHγ,‚»‚Μ‘Ό,70ΞΘγ,‚»‚Μ‘Ό,{ω‚Ή‚Έ
ή“,©“]Τ“,“ςθ“μ,““ο”g,282022,•ΊΙ§,“ςθs,““ο”g’¬‚T’–Ϊ,2022[sanitize]10[sanitize]17,23,‚»‚Μ‘Ό‚ΜZ‘ξi‚RK‚ΔΘ‰Ί‹¤“―Z‘ξ“™j,’“Τi—Φjκ,50Ξ‘γ,‚»‚Μ‘Ό,{ω‚Ή‚Έ
ή“,©“]Τ“,“ςθ“μ,““ο”g,282022,•ΊΙ§,“ςθs,““ο”g’¬‚T’–Ϊ,2022[sanitize]11[sanitize]15,23,‚SK‚ΔΘγ‹¤“―Z‘ξ,’“Τi—Φjκ,10Ξ‘γ,‚Z¶,{ω‚Ή‚Έ
ή“,©“]Τ“,“ςθ“μ,ξ—t‘‘,282022,•ΊΙ§,“ςθs,ξ—t‘‘‚R’–Ϊ,2022[sanitize]10[sanitize]23,19,κΛZ‘ξ,’“Τi—Φjκ,30Ξ‘γ,‚»‚Μ‘Ό,{ω‚µ‚½
ή“,©“]Τ“,“ςθ“μ,ξ—t‘‘,282022,•ΊΙ§,“ςθs,ξ—t‘‘‚S’–Ϊ,2022[sanitize]01[sanitize]19,17,‚»‚Μ‘Ό‚ΜZ‘ξi‚RK‚ΔΘ‰Ί‹¤“―Z‘ξ“™j,’“Τi—Φjκ,70ΞΘγ,‚»‚Μ‘Ό,{ω‚µ‚½
ή“,©“]Τ“,“ςθ“μ,ξ—t‘‘,282022,•ΊΙ§,“ςθs,ξ—t‘‘‚S’–Ϊ,2022[sanitize]10[sanitize]31,13,“ΉHγ,‚»‚Μ‘Ό,10Ξ‘γ,‚Z¶,{ω‚Ή‚Έ
ή“,©“]Τ“,“ςθ“μ,ξ—t‘‘,282022,•ΊΙ§,“ςθs,ξ—t³’¬‚P’–Ϊ,2022[sanitize]06[sanitize]20,19,κΛZ‘ξ,’“Τi—Φjκ,40Ξ‘γ,‚»‚Μ‘Ό,{ω‚Ή‚Έ
ή“,©“]Τ“,“ςθ“μ,ξ—t‘‘,282022,•ΊΙ§,“ςθs,ξ—t³’¬‚P’–Ϊ,2022[sanitize]08[sanitize]26,19,κΛZ‘ξ,’“Τi—Φjκ,10Ξ‘γ,‚Z¶,{ω‚Ή‚Έ
ή“,©“]Τ“,“ςθ“μ,ξ—t‘‘,282022,•ΊΙ§,“ςθs,ξ—t³’¬‚Q’–Ϊ,2022[sanitize]09[sanitize]20,17,‚SK‚ΔΘγ‹¤“―Z‘ξ,’“Τi—Φjκ,20Ξ‘γ,‚»‚Μ‘Ό,{ω‚µ‚½
ή“,©“]Τ“,“ςθ“μ,ξ—t‘‘,282022,•ΊΙ§,“ςθs,ξ—t³’¬‚R’–Ϊ,2022[sanitize]09[sanitize]09,16,‚SK‚ΔΘγ‹¤“―Z‘ξ,’“Τi—Φjκ,70ΞΘγ,‚»‚Μ‘Ό,{ω‚µ‚½
ή“,©“]Τ“,“ςθ“μ,ξ—t‘‘,282022,•ΊΙ§,“ςθs,ξ—t³’¬‚R’–Ϊ,2022[sanitize]10[sanitize]18,14,’“Τi—Φjκ,’“Τi—Φjκ,30Ξ‘γ,‚»‚Μ‘Ό,{ω‚Ή‚Έ
ή“,©“]Τ“,“ςθ“μ,ξ—t‘‘,282022,•ΊΙ§,“ςθs,Ό—§‰Τ’¬‚Q’–Ϊ,2022[sanitize]10[sanitize]11,22,“ΉHγ,‚»‚Μ‘Ό,20Ξ‘γ,‚»‚Μ‘Ό,{ω‚Ή‚Έ
ή“,©“]Τ“,“ςθ“μ,ξ—t‘‘,282022,•ΊΙ§,“ςθs,Ό—§‰Τ’¬‚Q’–Ϊ,2022[sanitize]12[sanitize]09,19,’“Τi—Φjκ,’“Τi—Φjκ,70ΞΘγ,‚»‚Μ‘Ό,{ω‚Ή‚Έ
ή“,©“]Τ“,“ςθ“μ,ξ—t‘‘,282022,•ΊΙ§,“ςθs,Ό—§‰Τ’¬‚S’–Ϊ,2022[sanitize]03[sanitize]07,08,‚SK‚ΔΘγ‹¤“―Z‘ξ,’“Τi—Φjκ,10Ξ‘γ,’†w¶,{ω‚Ή‚Έ
ή“,©“]Τ“,“ςθ“μ,ξ—t‘‘,282022,•ΊΙ§,“ςθs,Ό—§‰Τ’¬‚S’–Ϊ,2022[sanitize]06[sanitize]01,20,‚SK‚ΔΘγ‹¤“―Z‘ξ,’“Τi—Φjκ,10Ξ‘γ,‚Z¶,{ω‚Ή‚Έ
ή“,©“]Τ“,“ςθ“μ,ξ—t‘‘,282022,•ΊΙ§,“ςθs,Ό—§‰Τ’¬‚S’–Ϊ,2022[sanitize]07[sanitize]03,21,‚SK‚ΔΘγ‹¤“―Z‘ξ,’“Τi—Φjκ,10Ξ‘γ,’†w¶,{ω‚µ‚½
ή“,©“]Τ“,“ςθ“μ,ξ—t‘‘,282022,•ΊΙ§,“ςθs,Ό—§‰Τ’¬‚S’–Ϊ,2022[sanitize]10[sanitize]06,08,‚SK‚ΔΘγ‹¤“―Z‘ξ,’“Τi—Φjκ,50Ξ‘γ,‚»‚Μ‘Ό,{ω‚µ‚½
ή“,©“]Τ“,“ςθ“μ,ξ—t‘‘,282022,•ΊΙ§,“ςθs,Ό—§‰Τ’¬‚T’–Ϊ,2022[sanitize]01[sanitize]09,05,“ΉHγ,‚»‚Μ‘Ό,70ΞΘγ,‚»‚Μ‘Ό,{ω‚Ή‚Έ
ή“,©“]Τ“,“ςθ“μ,’|’J,282022,•ΊΙ§,“ςθs,_“c’†’Κ‚R’–Ϊ,2022[sanitize]06[sanitize]06,20,“ΉHγ,‚»‚Μ‘Ό,50Ξ‘γ,‚»‚Μ‘Ό,{ω‚µ‚½
ή“,©“]Τ“,“ςθ“μ,’|’J,282022,•ΊΙ§,“ςθs,_“c’†’Κ‚R’–Ϊ,2022[sanitize]10[sanitize]25,17,“ΉHγ,‚»‚Μ‘Ό,70ΞΘγ,‚»‚Μ‘Ό,{ω‚Ή‚Έ
ή“,©“]Τ“,“ςθ“μ,’|’J,282022,•ΊΙ§,“ςθs,_“c’†’Κ‚V’–Ϊ,2022[sanitize]11[sanitize]02,20,‚SK‚ΔΘγ‹¤“―Z‘ξ,’“Τi—Φjκ,50Ξ‘γ,‚»‚Μ‘Ό,{ω‚Ή‚Έ
ή“,©“]Τ“,“ςθ“μ,’|’J,282022,•ΊΙ§,“ςθs,_“c’†’Κ‚X’–Ϊ,2022[sanitize]03[sanitize]21,22,κΛZ‘ξ,’“Τi—Φjκ,30Ξ‘γ,‚»‚Μ‘Ό,{ω‚Ή‚Έ
ή“,©“]Τ“,“ςθ“μ,’|’J,282022,•ΊΙ§,“ςθs,_“c“μ’Κ‚R’–Ϊ,2022[sanitize]09[sanitize]06,20,‚SK‚ΔΘγ‹¤“―Z‘ξ,’“Τi—Φjκ,20Ξ‘γ,‚»‚Μ‘Ό,{ω‚µ‚½
ή“,©“]Τ“,“ςθ“μ,’|’J,282022,•ΊΙ§,“ςθs,_“c“μ’Κ‚R’–Ϊ,2022[sanitize]11[sanitize]18,20,‚SK‚ΔΘγ‹¤“―Z‘ξ,’“Τi—Φjκ,20Ξ‘γ,‚»‚Μ‘Ό,{ω‚µ‚½
ή“,©“]Τ“,“ςθ“μ,’|’J,282022,•ΊΙ§,“ςθs,_“c“μ’Κ‚U’–Ϊ,2022[sanitize]12[sanitize]20,21,‚»‚Μ‘Ό,’“Τi—Φjκ,20Ξ‘γ,‚»‚Μ‘Ό,{ω‚Ή‚Έ
ή“,©“]Τ“,“ςθ“μ,’|’J,282022,•ΊΙ§,“ςθs,Ίa’Κ‚W’–Ϊ,2022[sanitize]10[sanitize]08,22,‚»‚Μ‘Ό,‚»‚Μ‘Ό,20Ξ‘γ,‘εw¶,{ω‚Ή‚Έ
ή“,©“]Τ“,“ςθ“μ,’|’J,282022,•ΊΙ§,“ςθs,Ίa“μ’Κ‚X’–Ϊ,2021[sanitize]12[sanitize]24,20,‚»‚Μ‘Ό‚ΜZ‘ξi‚RK‚ΔΘ‰Ί‹¤“―Z‘ξ“™j,’“Τi—Φjκ,40Ξ‘γ,‚»‚Μ‘Ό,{ω‚µ‚½
ή“,©“]Τ“,“ςθ“μ,’|’J,282022,•ΊΙ§,“ςθs,Ό–{’¬‚W’–Ϊ,2022[sanitize]04[sanitize]11,01,‚»‚Μ‘Ό‚ΜZ‘ξi‚RK‚ΔΘ‰Ί‹¤“―Z‘ξ“™j,’“Τi—Φjκ,40Ξ‘γ,‚»‚Μ‘Ό,{ω‚µ‚½
ή“,©“]Τ“,“ςθ“μ,’|’J,282022,•ΊΙ§,“ςθs,‹{“ΰ’¬‚Q’–Ϊ,2022[sanitize]05[sanitize]30,20,κΛZ‘ξ,’“Τi—Φjκ,10Ξ‘γ,‚Z¶,{ω‚Ή‚Έ
ή“,©“]Τ“,“ςθ“μ,’|’J,282022,•ΊΙ§,“ςθs,‹{“ΰ’¬‚Q’–Ϊ,2022[sanitize]06[sanitize]20,13,‚»‚Μ‘Ό‚ΜZ‘ξi‚RK‚ΔΘ‰Ί‹¤“―Z‘ξ“™j,’“Τi—Φjκ,30Ξ‘γ,‚»‚Μ‘Ό,{ω‚µ‚½
ή“,©“]Τ“,“ςθ“μ,Ό“ο”g,282022,•ΊΙ§,“ςθs,Ό“ο”g’¬‚P’–Ϊ,2022[sanitize]01[sanitize]10,19,‚SK‚ΔΘγ‹¤“―Z‘ξ,’“Τi—Φjκ,30Ξ‘γ,‚»‚Μ‘Ό,{ω‚µ‚½
ή“,©“]Τ“,“ςθ“μ,Ό“ο”g,282022,•ΊΙ§,“ςθs,Ό“ο”g’¬‚P’–Ϊ,2022[sanitize]02[sanitize]19,08,“ΉHγ,‚»‚Μ‘Ό,10Ξ‘γ,’†w¶,{ω‚Ή‚Έ
ή“,©“]Τ“,“ςθ“μ,Ό“ο”g,282022,•ΊΙ§,“ςθs,Ό“ο”g’¬‚P’–Ϊ,2022[sanitize]04[sanitize]10,20,‚SK‚ΔΘγ‹¤“―Z‘ξ,’“Τi—Φjκ,30Ξ‘γ,‚»‚Μ‘Ό,{ω‚µ‚½
ή“,©“]Τ“,“ςθ“μ,Ό“ο”g,282022,•ΊΙ§,“ςθs,Ό“ο”g’¬‚P’–Ϊ,2022[sanitize]04[sanitize]29,21,“ΉHγ,‚»‚Μ‘Ό,40Ξ‘γ,‚»‚Μ‘Ό,{ω‚Ή‚Έ
ή“,©“]Τ“,“ςθ“μ,Ό“ο”g,282022,•ΊΙ§,“ςθs,Ό“ο”g’¬‚P’–Ϊ,2022[sanitize]06[sanitize]12,15,“ΉHγ,‚»‚Μ‘Ό,20Ξ‘γ,‘εw¶,{ω‚Ή‚Έ
ή“,©“]Τ“,“ςθ“μ,Ό“ο”g,282022,•ΊΙ§,“ςθs,Ό“ο”g’¬‚P’–Ϊ,2022[sanitize]06[sanitize]18,18,κΛZ‘ξ,‚»‚Μ‘Ό,30Ξ‘γ,‚»‚Μ‘Ό,{ω‚µ‚½
ή“,©“]Τ“,“ςθ“μ,Ό“ο”g,282022,•ΊΙ§,“ςθs,Ό“ο”g’¬‚P’–Ϊ,2022[sanitize]08[sanitize]25,14,‚SK‚ΔΘγ‹¤“―Z‘ξ,’“Τi—Φjκ,10Ξ‘γ,’†w¶,{ω‚Ή‚Έ
ή“,©“]Τ“,“ςθ“μ,Ό“ο”g,282022,•ΊΙ§,“ςθs,Ό“ο”g’¬‚P’–Ϊ,2022[sanitize]09[sanitize]08,01,‚SK‚ΔΘγ‹¤“―Z‘ξ,’“Τi—Φjκ,10Ξ‘γ,‚»‚Μ‘Ό,{ω‚µ‚½
ή“,©“]Τ“,“ςθ“μ,Ό“ο”g,282022,•ΊΙ§,“ςθs,Ό“ο”g’¬‚P’–Ϊ,2022[sanitize]09[sanitize]09,19,“ΉHγ,‚»‚Μ‘Ό,10Ξ‘γ,‚Z¶,{ω‚µ‚½
ή“,©“]Τ“,“ςθ“μ,Ό“ο”g,282022,•ΊΙ§,“ςθs,Ό“ο”g’¬‚P’–Ϊ,2022[sanitize]09[sanitize]10,18,‚SK‚ΔΘγ‹¤“―Z‘ξ,‚»‚Μ‘Ό,10Ξ‘γ,’†w¶,{ω‚Ή‚Έ
ή“,©“]Τ“,“ςθ“μ,Ό“ο”g,282022,•ΊΙ§,“ςθs,Ό“ο”g’¬‚P’–Ϊ,2022[sanitize]11[sanitize]15,17,‚»‚Μ‘Ό,’“Τi—Φjκ,10Ξ‘γ,‚Z¶,{ω‚Ή‚Έ
ή“,©“]Τ“,“ςθ“μ,Ό“ο”g,282022,•ΊΙ§,“ςθs,Ό“ο”g’¬‚T’–Ϊ,2022[sanitize]01[sanitize]10,10,‚SK‚ΔΘγ‹¤“―Z‘ξ,’“Τi—Φjκ,10Ξ–Ά–,¬w¶,{ω‚Ή‚Έ
ή“,©“]Τ“,“ςθ“μ,Ό“ο”g,282022,•ΊΙ§,“ςθs,Ό“ο”g’¬‚T’–Ϊ,2022[sanitize]07[sanitize]27,16,‚SK‚ΔΘγ‹¤“―Z‘ξ,’“Τi—Φjκ,20Ξ‘γ,‚»‚Μ‘Ό,{ω‚Ή‚Έ
ή“,©“]Τ“,“ςθ“μ,Ό“ο”g,282022,•ΊΙ§,“ςθs,Ό“ο”g’¬‚T’–Ϊ,2022[sanitize]07[sanitize]29,15,‚»‚Μ‘Ό‚ΜZ‘ξi‚RK‚ΔΘ‰Ί‹¤“―Z‘ξ“™j,’“Τi—Φjκ,20Ξ‘γ,‚»‚Μ‘Ό,{ω‚Ή‚Έ
ή“,©“]Τ“,“ςθ“μ,Ό“ο”g,282022,•ΊΙ§,“ςθs,Ό“ο”g’¬‚T’–Ϊ,2022[sanitize]10[sanitize]19,18,κΛZ‘ξ,’“Τi—Φjκ,30Ξ‘γ,‚»‚Μ‘Ό,{ω‚Ή‚Έ
ή“,©“]Τ“,“ςθ“μ,Ό“ο”g,282022,•ΊΙ§,“ςθs,Ό“ο”g’¬‚T’–Ϊ,2022[sanitize]11[sanitize]11,02,“ΉHγ,‚»‚Μ‘Ό,50Ξ‘γ,‚»‚Μ‘Ό,{ω‚µ‚½
ή“,©“]Τ“,“ςθ“μ,Ό“ο”g,282022,•ΊΙ§,“ςθs,Ό“ο”g’¬‚T’–Ϊ,2022[sanitize]11[sanitize]11,02,“ΉHγ,‚»‚Μ‘Ό,50Ξ‘γ,‚»‚Μ‘Ό,{ω‚µ‚½
ή“,©“]Τ“,“ςθ“μ,Ό“ο”g,282022,•ΊΙ§,“ςθs,Ό“ο”g’¬‚U’–Ϊ,2022[sanitize]08[sanitize]02,19,‚SK‚ΔΘγ‹¤“―Z‘ξ,‚»‚Μ‘Ό,10Ξ‘γ,‚Z¶,{ω‚Ή‚Έ
ή“,©“]Τ“,“ςθ“μ,Ό“ο”g,282022,•ΊΙ§,“ςθs,Ό“ο”g’¬‚U’–Ϊ,2022[sanitize]08[sanitize]28,08,κΛZ‘ξ,’“Τi—Φjκ,40Ξ‘γ,‚»‚Μ‘Ό,{ω‚µ‚½
ή“,©“]Τ“,“ςθ“μ,Ό“ο”g,282022,•ΊΙ§,“ςθs,Ό“ο”g’¬‚U’–Ϊ,2022[sanitize]10[sanitize]08,22,‚SK‚ΔΘγ‹¤“―Z‘ξ,’“Τi—Φjκ,10Ξ‘γ,‚Z¶,{ω‚µ‚½
ή“,©“]Τ“,“ςθ“μ,Ό“ο”g,282022,•ΊΙ§,“ςθs,Ό“ο”g’¬‚U’–Ϊ,2022[sanitize]11[sanitize]05,21,‚SK‚ΔΘγ‹¤“―Z‘ξ,’“Τi—Φjκ,10Ξ‘γ,‚Z¶,{ω‚µ‚½
ή“,©“]Τ“,“ςθ“μ,Ό“ο”g,282022,•ΊΙ§,“ςθs,““ο”g’¬‚P’–Ϊ,2022[sanitize]06[sanitize]09,18,‚SK‚ΔΘγ‹¤“―Z‘ξ,’“Τi—Φjκ,10Ξ‘γ,‚»‚Μ‘Ό,{ω‚µ‚½
ή“,©“]Τ“,“ςθ“μ,Ό“ο”g,282022,•ΊΙ§,“ςθs,““ο”g’¬‚P’–Ϊ,2022[sanitize]08[sanitize]18,22,κΛZ‘ξ,‚»‚Μ‘Ό,10Ξ‘γ,‚Z¶,{ω‚µ‚½
ή“,©“]Τ“,“ςθ“μ,Ό“ο”g,282022,•ΊΙ§,“ςθs,““ο”g’¬‚P’–Ϊ,2022[sanitize]10[sanitize]15,21,“ΉHγ,‚»‚Μ‘Ό,20Ξ‘γ,‚»‚Μ‘Ό,{ω‚µ‚½
ή“,©“]Τ“,“ςθ“μ,Ό“ο”g,282022,•ΊΙ§,“ςθs,““ο”g’¬‚P’–Ϊ,2022[sanitize]10[sanitize]19,17,‚SK‚ΔΘγ‹¤“―Z‘ξ,’“Τi—Φjκ,70ΞΘγ,‚»‚Μ‘Ό,{ω‚µ‚½
ή“,©“]Τ“,“ςθ“μ,Ό“ο”g,282022,•ΊΙ§,“ςθs,““ο”g’¬‚Q’–Ϊ,2022[sanitize]02[sanitize]15,10,‚»‚Μ‘Ό,’“Τi—Φjκ,65[sanitize]69Ξ,‚»‚Μ‘Ό,{ω‚µ‚½
ή“,©“]Τ“,“ςθ“μ,Ό“ο”g,282022,•ΊΙ§,“ςθs,““ο”g’¬‚Q’–Ϊ,2022[sanitize]06[sanitize]20,15,‚»‚Μ‘Ό,’“Τi—Φjκ,20Ξ‘γ,‚»‚Μ‘Ό,{ω‚Ή‚Έ
ή“,©“]Τ“,“ςθ“μ,Ό“ο”g,282022,•ΊΙ§,“ςθs,““ο”g’¬‚Q’–Ϊ,2022[sanitize]08[sanitize]07,16,‚»‚Μ‘Ό,’“Τi—Φjκ,10Ξ‘γ,’†w¶,{ω‚Ή‚Έ
ή“,©“]Τ“,“ςθ“μ,Ό“ο”g,282022,•ΊΙ§,“ςθs,““ο”g’¬‚Q’–Ϊ,2022[sanitize]08[sanitize]19,19,‚SK‚ΔΘγ‹¤“―Z‘ξ,’“Τi—Φjκ,10Ξ‘γ,’†w¶,{ω‚µ‚½
ή“,©“]Τ“,“ςθ“μ,Ό“ο”g,282022,•ΊΙ§,“ςθs,““ο”g’¬‚Q’–Ϊ,2022[sanitize]08[sanitize]30,07,‚»‚Μ‘Ό,‚»‚Μ‘Ό,30Ξ‘γ,‚»‚Μ‘Ό,{ω‚Ή‚Έ
ή“,©“]Τ“,“ςθ“μ,Ό“ο”g,282022,•ΊΙ§,“ςθs,““ο”g’¬‚Q’–Ϊ,2022[sanitize]12[sanitize]12,09,“ΉHγ,‚»‚Μ‘Ό,20Ξ‘γ,‚»‚Μ‘Ό,{ω‚µ‚½
ή“,©“]Τ“,“ςθ“μ,Ό“ο”g,282022,•ΊΙ§,“ςθs,““ο”g’¬‚R’–Ϊ,2022[sanitize]09[sanitize]03,19,κΛZ‘ξ,‚»‚Μ‘Ό,30Ξ‘γ,‚»‚Μ‘Ό,{ω‚Ή‚Έ
ή“,©“]Τ“,“ςθ“μ,Ό“ο”g,282022,•ΊΙ§,“ςθs,““ο”g’¬‚R’–Ϊ,2022[sanitize]09[sanitize]10,01,κΛZ‘ξ,’“Τi—Φjκ,30Ξ‘γ,‚»‚Μ‘Ό,{ω‚µ‚½
ή“,©“]Τ“,“ςθ“μ,Ό“ο”g,282022,•ΊΙ§,“ςθs,““ο”g’¬‚R’–Ϊ,2022[sanitize]09[sanitize]27,23,‚»‚Μ‘Ό‚ΜZ‘ξi‚RK‚ΔΘ‰Ί‹¤“―Z‘ξ“™j,‚»‚Μ‘Ό,40Ξ‘γ,‚»‚Μ‘Ό,{ω‚Ή‚Έ
ή“,©“]Τ“,“ςθ“μ,Ό“ο”g,282022,•ΊΙ§,“ςθs,““ο”g’¬‚R’–Ϊ,2022[sanitize]10[sanitize]01,10,‚»‚Μ‘Ό,‚»‚Μ‘Ό,10Ξ‘γ,’†w¶,{ω‚Ή‚Έ
ή“,©“]Τ“,“ςθ“μ,Ό“ο”g,282022,•ΊΙ§,“ςθs,““ο”g’¬‚R’–Ϊ,2022[sanitize]11[sanitize]09,12,“ΉHγ,‚»‚Μ‘Ό,20Ξ‘γ,‚»‚Μ‘Ό,{ω‚Ή‚Έ
ή“,©“]Τ“,“ςθ“μ,Ό“ο”g,282022,•ΊΙ§,“ςθs,““ο”g’¬‚R’–Ϊ,2022[sanitize]11[sanitize]21,09,‚»‚Μ‘Ό‚ΜZ‘ξi‚RK‚ΔΘ‰Ί‹¤“―Z‘ξ“™j,’“Τi—Φjκ,30Ξ‘γ,‚»‚Μ‘Ό,{ω‚µ‚½
ή“,©“]Τ“,“ςθ“μ,Ό“ο”g,282022,•ΊΙ§,“ςθs,–Hμ‘‘‰€,2022[sanitize]02[sanitize]28,15,κΛZ‘ξ,‚»‚Μ‘Ό,50Ξ‘γ,‚»‚Μ‘Ό,{ω‚Ή‚Έ
ή“,©“]Τ“,“ςθ“,ƒ‚ƒXƒƒ“‹΄,282022,•ΊΙ§,“ςθs,Λƒm“ΰ’¬‚Q’–Ϊ,2022[sanitize]03[sanitize]17,18,‚»‚Μ‘Ό‚ΜZ‘ξi‚RK‚ΔΘ‰Ί‹¤“―Z‘ξ“™j,’“Τi—Φjκ,20Ξ‘γ,‚»‚Μ‘Ό,{ω‚Ή‚Έ
ή“,©“]Τ“,“ςθ“,ƒ‚ƒXƒƒ“‹΄,282022,•ΊΙ§,“ςθs,Λƒm“ΰ’¬‚T’–Ϊ,2022[sanitize]09[sanitize]28,17,‚SK‚ΔΘγ‹¤“―Z‘ξ,’“Τi—Φjκ,10Ξ‘γ,‚Z¶,{ω‚Ή‚Έ
ή“,©“]Τ“,“ςθ“,ƒ‚ƒXƒƒ“‹΄,282022,•ΊΙ§,“ςθs,“‰€“c’¬‚W’–Ϊ,2022[sanitize]06[sanitize]14,15,‚SK‚ΔΘγ‹¤“―Z‘ξ,’“Τi—Φjκ,10Ξ‘γ,‚»‚Μ‘Ό,{ω‚Ή‚Έ
ή“,©“]Τ“,“ςθ“,γβ•”,282022,•ΊΙ§,“ςθs,γβ•”‚P’–Ϊ,2022[sanitize]04[sanitize]21,16,‚SK‚ΔΘγ‹¤“―Z‘ξ,’“Τi—Φjκ,20Ξ‘γ,‚»‚Μ‘Ό,{ω‚Ή‚Έ
ή“,©“]Τ“,“ςθ“,γβ•”,282022,•ΊΙ§,“ςθs,γβ•”‚P’–Ϊ,2022[sanitize]04[sanitize]28,20,‚»‚Μ‘Ό,’“Τi—Φjκ,10Ξ‘γ,‚Z¶,{ω‚Ή‚Έ
ή“,©“]Τ“,“ςθ“,γβ•”,282022,•ΊΙ§,“ςθs,γβ•”‚P’–Ϊ,2022[sanitize]07[sanitize]09,18,‚»‚Μ‘Ό,’“Τi—Φjκ,20Ξ‘γ,‚»‚Μ‘Ό,{ω‚Ή‚Έ
ή“,©“]Τ“,“ςθ“,γβ•”,282022,•ΊΙ§,“ςθs,γβ•”‚P’–Ϊ,2022[sanitize]08[sanitize]30,22,‚SK‚ΔΘγ‹¤“―Z‘ξ,’“Τi—Φjκ,50Ξ‘γ,‚»‚Μ‘Ό,{ω‚µ‚½
ή“,©“]Τ“,“ςθ“,γβ•”,282022,•ΊΙ§,“ςθs,γβ•”‚P’–Ϊ,2022[sanitize]09[sanitize]29,07,‚»‚Μ‘Ό,’“Τi—Φjκ,20Ξ‘γ,‚»‚Μ‘Ό,{ω‚µ‚½
ή“,©“]Τ“,“ςθ“,γβ•”,282022,•ΊΙ§,“ςθs,γβ•”‚P’–Ϊ,2022[sanitize]10[sanitize]23,17,‚»‚Μ‘Ό,’“Τi—Φjκ,10Ξ‘γ,‚Z¶,{ω‚µ‚½
ή“,©“]Τ“,“ςθ“,γβ•”,282022,•ΊΙ§,“ςθs,γβ•”‚Q’–Ϊ,2021[sanitize]11[sanitize]25,09,‚SK‚ΔΘγ‹¤“―Z‘ξ,’“Τi—Φjκ,40Ξ‘γ,‚»‚Μ‘Ό,{ω‚µ‚½
ή“,©“]Τ“,“ςθ“,γβ•”,282022,•ΊΙ§,“ςθs,γβ•”‚Q’–Ϊ,2022[sanitize]03[sanitize]31,09,‚SK‚ΔΘγ‹¤“―Z‘ξ,’“Τi—Φjκ,40Ξ‘γ,‚»‚Μ‘Ό,{ω‚µ‚½
ή“,©“]Τ“,“ςθ“,γβ•”,282022,•ΊΙ§,“ςθs,γβ•”‚Q’–Ϊ,2022[sanitize]07[sanitize]05,20,‚»‚Μ‘Ό‚ΜZ‘ξi‚RK‚ΔΘ‰Ί‹¤“―Z‘ξ“™j,’“Τi—Φjκ,20Ξ‘γ,‚»‚Μ‘Ό,{ω‚Ή‚Έ
ή“,©“]Τ“,“ςθ“,γβ•”,282022,•ΊΙ§,“ςθs,γβ•”‚Q’–Ϊ,2022[sanitize]08[sanitize]20,15,‚»‚Μ‘Ό‚ΜZ‘ξi‚RK‚ΔΘ‰Ί‹¤“―Z‘ξ“™j,’“Τi—Φjκ,30Ξ‘γ,‚»‚Μ‘Ό,{ω‚Ή‚Έ
ή“,©“]Τ“,“ςθ“,γβ•”,282022,•ΊΙ§,“ςθs,γβ•”‚Q’–Ϊ,2022[sanitize]09[sanitize]12,18,‚»‚Μ‘Ό‚ΜZ‘ξi‚RK‚ΔΘ‰Ί‹¤“―Z‘ξ“™j,‚»‚Μ‘Ό,50Ξ‘γ,‚»‚Μ‘Ό,{ω‚Ή‚Έ
ή“,©“]Τ“,“ςθ“,γβ•”,282022,•ΊΙ§,“ςθs,γβ•”‚R’–Ϊ,2022[sanitize]02[sanitize]25,14,‚»‚Μ‘Ό,’“Τi—Φjκ,60[sanitize]64Ξ,‚»‚Μ‘Ό,{ω‚Ή‚Έ
ή“,©“]Τ“,“ςθ“,γβ•”,282022,•ΊΙ§,“ςθs,γβ•”‚R’–Ϊ,2022[sanitize]04[sanitize]07,20,‚»‚Μ‘Ό,’“Τi—Φjκ,10Ξ‘γ,’†w¶,{ω‚Ή‚Έ
ή“,©“]Τ“,“ςθ“,γβ•”,282022,•ΊΙ§,“ςθs,γβ•”‚R’–Ϊ,2022[sanitize]04[sanitize]08,12,‚»‚Μ‘Ό,’“Τi—Φjκ,60[sanitize]64Ξ,‚»‚Μ‘Ό,{ω‚Ή‚Έ
ή“,©“]Τ“,“ςθ“,γβ•”,282022,•ΊΙ§,“ςθs,γβ•”‚R’–Ϊ,2022[sanitize]05[sanitize]18,14,“ΉHγ,‚»‚Μ‘Ό,70ΞΘγ,‚»‚Μ‘Ό,{ω‚Ή‚Έ
ή“,©“]Τ“,“ςθ“,γβ•”,282022,•ΊΙ§,“ςθs,γβ•”‚R’–Ϊ,2022[sanitize]06[sanitize]08,22,κΛZ‘ξ,‚»‚Μ‘Ό,40Ξ‘γ,‚»‚Μ‘Ό,{ω‚µ‚½
ή“,©“]Τ“,“ςθ“,γβ•”,282022,•ΊΙ§,“ςθs,γβ•”‚R’–Ϊ,2022[sanitize]09[sanitize]21,07,‚»‚Μ‘Ό,’“Τi—Φjκ,30Ξ‘γ,‚»‚Μ‘Ό,{ω‚Ή‚Έ
ή“,©“]Τ“,“ςθ“,γβ•”,282022,•ΊΙ§,“ςθs,γβ•”‚R’–Ϊ,2022[sanitize]10[sanitize]21,11,“ΉHγ,‚»‚Μ‘Ό,10Ξ‘γ,‚Z¶,{ω‚Ή‚Έ
ή“,©“]Τ“,“ςθ“,γβ•”,282022,•ΊΙ§,“ςθs,Ά‹{‚Q’–Ϊ,2021[sanitize]12[sanitize]21,23,“ΉHγ,‚»‚Μ‘Ό,10Ξ‘γ,‘εw¶,{ω‚µ‚½
ή“,©“]Τ“,“ςθ“,γβ•”,282022,•ΊΙ§,“ςθs,¬’†“‡‚Q’–Ϊ,2021[sanitize]08[sanitize]01,00,‚SK‚ΔΘγ‹¤“―Z‘ξ,’“Τi—Φjκ,30Ξ‘γ,‚»‚Μ‘Ό,{ω‚µ‚½
ή“,©“]Τ“,“ςθ“,γβ•”,282022,•ΊΙ§,“ςθs,¬’†“‡‚Q’–Ϊ,2021[sanitize]12[sanitize]30,18,‚»‚Μ‘Ό‚ΜZ‘ξi‚RK‚ΔΘ‰Ί‹¤“―Z‘ξ“™j,’“Τi—Φjκ,10Ξ‘γ,‚Z¶,{ω‚µ‚½
ή“,©“]Τ“,“ςθ“,γβ•”,282022,•ΊΙ§,“ςθs,¬’†“‡‚Q’–Ϊ,2022[sanitize]11[sanitize]19,20,κΛZ‘ξ,‚»‚Μ‘Ό,10Ξ‘γ,¬w¶,{ω‚µ‚½
ή“,©“]Τ“,“ςθ“,γβ•”,282022,•ΊΙ§,“ςθs,¬’†“‡‚R’–Ϊ,2022[sanitize]09[sanitize]25,00,‚»‚Μ‘Ό‚ΜZ‘ξi‚RK‚ΔΘ‰Ί‹¤“―Z‘ξ“™j,’“Τi—Φjκ,20Ξ‘γ,‚»‚Μ‘Ό,{ω‚Ή‚Έ
ή“,©“]Τ“,“ςθ“,γβ•”,282022,•ΊΙ§,“ςθs,¬’†“‡‚R’–Ϊ,2022[sanitize]10[sanitize]23,19,‚SK‚ΔΘγ‹¤“―Z‘ξ,’“Τi—Φjκ,10Ξ‘γ,’†w¶,{ω‚Ή‚Έ
ή“,©“]Τ“,“ςθ“,γβ•”,282022,•ΊΙ§,“ςθs,α‰¤›‚Q’–Ϊ,2022[sanitize]01[sanitize]30,20,‚»‚Μ‘Ό‚ΜZ‘ξi‚RK‚ΔΘ‰Ί‹¤“―Z‘ξ“™j,’“Τi—Φjκ,30Ξ‘γ,‚»‚Μ‘Ό,{ω‚µ‚½
ή“,©“]Τ“,“ςθ“,γβ•”,282022,•ΊΙ§,“ςθs,α‰¤›‚Q’–Ϊ,2022[sanitize]03[sanitize]18,18,κΛZ‘ξ,‚»‚Μ‘Ό,10Ξ‘γ,¬w¶,{ω‚Ή‚Έ
ή“,©“]Τ“,“ςθ“,γβ•”,282022,•ΊΙ§,“ςθs,α‰¤›‚Q’–Ϊ,2022[sanitize]09[sanitize]27,14,κΛZ‘ξ,’“Τi—Φjκ,65[sanitize]69Ξ,‚»‚Μ‘Ό,{ω‚µ‚½
ή“,©“]Τ“,“ςθ“,γβ•”,282022,•ΊΙ§,“ςθs,α‰¤›‚R’–Ϊ,2022[sanitize]06[sanitize]23,16,κΛZ‘ξ,‚»‚Μ‘Ό,10Ξ‘γ,‘εw¶,{ω‚Ή‚Έ
ή“,©“]Τ“,“ςθ“,γβ•”,282022,•ΊΙ§,“ςθs,α‰¤›‚R’–Ϊ,2022[sanitize]10[sanitize]01,14,‚SK‚ΔΘγ‹¤“―Z‘ξ,’“Τi—Φjκ,10Ξ‘γ,‚»‚Μ‘Ό,{ω‚Ή‚Έ
ή“,©“]Τ“,“ςθ“,γβ•”,282022,•ΊΙ§,“ςθs,α‰¤›‚R’–Ϊ,2022[sanitize]11[sanitize]17,18,’“Τi—Φjκ,’“Τi—Φjκ,30Ξ‘γ,‚»‚Μ‘Ό,{ω‚µ‚½
ή“,©“]Τ“,“ςθ“,γβ•”,282022,•ΊΙ§,“ςθs,“’Λϋ’¬‚P’–Ϊ,2021[sanitize]10[sanitize]10,17,“ΉHγ,‚»‚Μ‘Ό,70ΞΘγ,‚»‚Μ‘Ό,{ω‚Ή‚Έ
ή“,©“]Τ“,“ςθ“,γβ•”,282022,•ΊΙ§,“ςθs,“’Λϋ’¬‚P’–Ϊ,2022[sanitize]06[sanitize]30,20,‚SK‚ΔΘγ‹¤“―Z‘ξ,’“Τi—Φjκ,10Ξ‘γ,’†w¶,{ω‚µ‚½
ή“,©“]Τ“,“ςθ“,γβ•”,282022,•ΊΙ§,“ςθs,“’Λϋ’¬‚P’–Ϊ,2022[sanitize]08[sanitize]11,09,‚»‚Μ‘Ό‚ΜZ‘ξi‚RK‚ΔΘ‰Ί‹¤“―Z‘ξ“™j,’“Τi—Φjκ,30Ξ‘γ,‚»‚Μ‘Ό,{ω‚µ‚½
ή“,©“]Τ“,“ςθ“,γβ•”,282022,•ΊΙ§,“ςθs,“’Λϋ’¬‚P’–Ϊ,2022[sanitize]09[sanitize]27,07,‚»‚Μ‘Ό,’“Τi—Φjκ,10Ξ‘γ,‘εw¶,{ω‚Ή‚Έ
ή“,©“]Τ“,“ςθ“,γβ•”,282022,•ΊΙ§,“ςθs,“’Λϋ’¬‚P’–Ϊ,2022[sanitize]10[sanitize]30,19,‚SK‚ΔΘγ‹¤“―Z‘ξ,’“Τi—Φjκ,50Ξ‘γ,‚»‚Μ‘Ό,{ω‚µ‚½
ή“,©“]Τ“,“ςθ“,γβ•”,282022,•ΊΙ§,“ςθs,“’Λϋ’¬‚Q’–Ϊ,2022[sanitize]02[sanitize]25,19,‚»‚Μ‘Ό,’“Τi—Φjκ,40Ξ‘γ,‚»‚Μ‘Ό,{ω‚Ή‚Έ
ή“,©“]Τ“,“ςθ“,γβ•”,282022,•ΊΙ§,“ςθs,δ‰€‚R’–Ϊ,2022[sanitize]10[sanitize]07,18,’“Τi—Φjκ,’“Τi—Φjκ,30Ξ‘γ,‚»‚Μ‘Ό,{ω‚µ‚½
ή“,©“]Τ“,“ςθ“,γβ•”,282022,•ΊΙ§,“ςθs,δ‰€‚R’–Ϊ,2022[sanitize]10[sanitize]07,21,‚»‚Μ‘Ό,’“Τi—Φjκ,10Ξ‘γ,’†w¶,{ω‚Ή‚Έ
ή“,©“]Τ“,“ςθ“,‰Ίβ•”,282022,•ΊΙ§,“ςθs,‹vX’m‚Q’–Ϊ,2022[sanitize]04[sanitize]29,22,‚SK‚ΔΘγ‹¤“―Z‘ξ,’“Τi—Φjκ,20Ξ‘γ,‚»‚Μ‘Ό,{ω‚µ‚½
ή“,©“]Τ“,“ςθ“,‰Ίβ•”,282022,•ΊΙ§,“ςθs,‹vX’m‚Q’–Ϊ,2022[sanitize]12[sanitize]01,18,’“Τi—Φjκ,’“Τi—Φjκ,20Ξ‘γ,‚»‚Μ‘Ό,{ω‚Ή‚Έ
ή“,©“]Τ“,“ςθ“,‰Ίβ•”,282022,•ΊΙ§,“ςθs,‹vX’mΌ’¬‚Q’–Ϊ,2022[sanitize]08[sanitize]21,03,κΛZ‘ξ,’“Τi—Φjκ,40Ξ‘γ,‚»‚Μ‘Ό,{ω‚Ή‚Έ
ή“,©“]Τ“,“ςθ“,‰Ίβ•”,282022,•ΊΙ§,“ςθs,‹vX’mΌ’¬‚Q’–Ϊ,2022[sanitize]09[sanitize]21,18,‚SK‚ΔΘγ‹¤“―Z‘ξ,’“Τi—Φjκ,20Ξ‘γ,‚»‚Μ‘Ό,{ω‚Ή‚Έ
ή“,©“]Τ“,“ςθ“,‰Ίβ•”,282022,•ΊΙ§,“ςθs,‰Ίβ•”‚P’–Ϊ,2022[sanitize]08[sanitize]03,20,κΛZ‘ξ,‚»‚Μ‘Ό,20Ξ‘γ,‚»‚Μ‘Ό,{ω‚µ‚½
ή“,©“]Τ“,“ςθ“,‰Ίβ•”,282022,•ΊΙ§,“ςθs,‰Ίβ•”‚Q’–Ϊ,2022[sanitize]10[sanitize]03,20,‚SK‚ΔΘγ‹¤“―Z‘ξ,’“Τi—Φjκ,30Ξ‘γ,‚»‚Μ‘Ό,{ω‚Ή‚Έ
ή“,©“]Τ“,“ςθ“,‰Ίβ•”,282022,•ΊΙ§,“ςθs,‰Ίβ•”‚R’–Ϊ,2022[sanitize]01[sanitize]03,11,‚»‚Μ‘Ό,‚»‚Μ‘Ό,70ΞΘγ,‚»‚Μ‘Ό,{ω‚µ‚½
ή“,©“]Τ“,“ςθ“,‰Ίβ•”,282022,•ΊΙ§,“ςθs,‰Ίβ•”‚R’–Ϊ,2022[sanitize]01[sanitize]31,19,‚»‚Μ‘Ό,’“Τi—Φjκ,10Ξ‘γ,’†w¶,{ω‚Ή‚Έ
ή“,©“]Τ“,“ςθ“,‰Ίβ•”,282022,•ΊΙ§,“ςθs,‰Ίβ•”‚R’–Ϊ,2022[sanitize]02[sanitize]17,05,‚»‚Μ‘Ό,’“Τi—Φjκ,10Ξ‘γ,’†w¶,{ω‚Ή‚Έ
ή“,©“]Τ“,“ςθ“,‰Ίβ•”,282022,•ΊΙ§,“ςθs,‰Ίβ•”‚R’–Ϊ,2022[sanitize]04[sanitize]28,22,‚»‚Μ‘Ό‚ΜZ‘ξi‚RK‚ΔΘ‰Ί‹¤“―Z‘ξ“™j,’“Τi—Φjκ,20Ξ‘γ,‚»‚Μ‘Ό,{ω‚Ή‚Έ
ή“,©“]Τ“,“ςθ“,‰Ίβ•”,282022,•ΊΙ§,“ςθs,‰Ίβ•”‚R’–Ϊ,2022[sanitize]05[sanitize]14,15,‚»‚Μ‘Ό,’“Τi—Φjκ,30Ξ‘γ,‚»‚Μ‘Ό,{ω‚µ‚½
ή“,©“]Τ“,“ςθ“,‰Ίβ•”,282022,•ΊΙ§,“ςθs,‰Ίβ•”‚R’–Ϊ,2022[sanitize]07[sanitize]08,18,κΛZ‘ξ,’“Τi—Φjκ,40Ξ‘γ,‚»‚Μ‘Ό,{ω‚Ή‚Έ
ή“,©“]Τ“,“ςθ“,‰Ίβ•”,282022,•ΊΙ§,“ςθs,‰Ίβ•”‚R’–Ϊ,2022[sanitize]10[sanitize]09,17,’“Τi—Φjκ,’“Τi—Φjκ,10Ξ‘γ,’†w¶,{ω‚Ή‚Έ
ή“,©“]Τ“,“ςθ“,‰Ίβ•”,282022,•ΊΙ§,“ςθs,‰Ίβ•”‚S’–Ϊ,2022[sanitize]05[sanitize]29,17,‚»‚Μ‘Ό‚ΜZ‘ξi‚RK‚ΔΘ‰Ί‹¤“―Z‘ξ“™j,‚»‚Μ‘Ό,30Ξ‘γ,‚»‚Μ‘Ό,{ω‚Ή‚Έ
ή“,©“]Τ“,“ςθ“,‰Ίβ•”,282022,•ΊΙ§,“ςθs,‰Ίβ•”‚S’–Ϊ,2022[sanitize]10[sanitize]07,19,‚SK‚ΔΘγ‹¤“―Z‘ξ,’“Τi—Φjκ,70ΞΘγ,‚»‚Μ‘Ό,{ω‚Ή‚Έ
ή“,©“]Τ“,“ςθ“,‰€“c‰w‘O,282022,•ΊΙ§,“ςθs,“‰€“c’¬‚P’–Ϊ,2022[sanitize]03[sanitize]10,08,κΛZ‘ξ,’“Τi—Φjκ,10Ξ‘γ,‚Z¶,{ω‚Ή‚Έ
ή“,©“]Τ“,“ςθ“,‰€“c‰w‘O,282022,•ΊΙ§,“ςθs,“‰€“c’¬‚P’–Ϊ,2022[sanitize]08[sanitize]10,18,κΛZ‘ξ,‚»‚Μ‘Ό,50Ξ‘γ,‚»‚Μ‘Ό,{ω‚Ή‚Έ
ή“,©“]Τ“,“ςθ“,‰€“c‰w‘O,282022,•ΊΙ§,“ςθs,“‰€“c’¬‚P’–Ϊ,2022[sanitize]10[sanitize]06,03,‚SK‚ΔΘγ‹¤“―Z‘ξ,’“Τi—Φjκ,20Ξ‘γ,‚»‚Μ‘Ό,{ω‚Ή‚Έ
ή“,©“]Τ“,“ςθ“,‰€“c‰w‘O,282022,•ΊΙ§,“ςθs,“‰€“c’¬‚S’–Ϊ,2022[sanitize]01[sanitize]08,18,κΛZ‘ξ,’“Τi—Φjκ,50Ξ‘γ,‚»‚Μ‘Ό,{ω‚µ‚½
ή“,©“]Τ“,“ςθ“,‰€“c‰w‘O,282022,•ΊΙ§,“ςθs,“‰€“c’¬‚S’–Ϊ,2022[sanitize]09[sanitize]12,08,‚»‚Μ‘Ό,’“Τi—Φjκ,20Ξ‘γ,‚»‚Μ‘Ό,{ω‚µ‚½
ή“,©“]Τ“,“ςθ“,‰€“c‰w‘O,282022,•ΊΙ§,“ςθs,“‰€“c’¬‚S’–Ϊ,2022[sanitize]11[sanitize]24,08,‚»‚Μ‘Ό,’“Τi—Φjκ,65[sanitize]69Ξ,‚»‚Μ‘Ό,{ω‚µ‚½
ή“,©“]Τ“,“ςθ“,‰€“c‰w‘O,282022,•ΊΙ§,“ςθs,“‰€“c’¬‚S’–Ϊ,2022[sanitize]12[sanitize]03,16,‚SK‚ΔΘγ‹¤“―Z‘ξ,’“Τi—Φjκ,30Ξ‘γ,‚»‚Μ‘Ό,{ω‚µ‚½
ή“,©“]Τ“,“ςθ“,‰€“c‰w‘O,282022,•ΊΙ§,“ςθs,“‰€“c’¬‚S’–Ϊ,2022[sanitize]12[sanitize]15,17,‚»‚Μ‘Ό,’“Τi—Φjκ,40Ξ‘γ,‚»‚Μ‘Ό,{ω‚Ή‚Έ
ή“,©“]Τ“,“ςθ“,‰€“c‰w‘O,282022,•ΊΙ§,“ςθs,“‰€“c’¬‚T’–Ϊ,2022[sanitize]04[sanitize]09,20,“ΉHγ,‚»‚Μ‘Ό,40Ξ‘γ,‚»‚Μ‘Ό,{ω‚µ‚½
ή“,©“]Τ“,“ςθ“,‰€“c‰w‘O,282022,•ΊΙ§,“ςθs,“‰€“c’¬‚T’–Ϊ,2022[sanitize]04[sanitize]10,21,“ΉHγ,‚»‚Μ‘Ό,40Ξ‘γ,‚»‚Μ‘Ό,{ω‚µ‚½
ή“,©“]Τ“,“ςθ“,‰€“c‰w‘O,282022,•ΊΙ§,“ςθs,“‰€“c’¬‚T’–Ϊ,2022[sanitize]06[sanitize]26,22,‚»‚Μ‘Ό‚ΜZ‘ξi‚RK‚ΔΘ‰Ί‹¤“―Z‘ξ“™j,’“Τi—Φjκ,10Ξ‘γ,‘εw¶,{ω‚µ‚½
ή“,©“]Τ“,“ςθ“,‰€“c‰w‘O,282022,•ΊΙ§,“ςθs,“‰€“c’¬‚T’–Ϊ,2022[sanitize]07[sanitize]01,22,‚»‚Μ‘Ό‚ΜZ‘ξi‚RK‚ΔΘ‰Ί‹¤“―Z‘ξ“™j,’“Τi—Φjκ,10Ξ‘γ,’†w¶,{ω‚Ή‚Έ
ή“,©“]Τ“,“ςθ“,‰€“c‰w‘O,282022,•ΊΙ§,“ςθs,“‰€“c’¬‚T’–Ϊ,2022[sanitize]07[sanitize]26,18,‚SK‚ΔΘγ‹¤“―Z‘ξ,’“Τi—Φjκ,30Ξ‘γ,‚»‚Μ‘Ό,{ω‚Ή‚Έ
ή“,©“]Τ“,“ςθ“,‰€“c‰w‘O,282022,•ΊΙ§,“ςθs,“‰€“c’¬‚T’–Ϊ,2022[sanitize]08[sanitize]05,07,’“Τi—Φjκ,’“Τi—Φjκ,10Ξ‘γ,‚»‚Μ‘Ό,{ω‚µ‚½
ή“,©“]Τ“,“ςθ“,‰€“c‰w‘O,282022,•ΊΙ§,“ςθs,“‰€“c’¬‚T’–Ϊ,2022[sanitize]08[sanitize]05,17,‚»‚Μ‘Ό,’“Τi—Φjκ,20Ξ‘γ,‘εw¶,{ω‚Ή‚Έ
ή“,©“]Τ“,“ςθ“,‰€“c‰w‘O,282022,•ΊΙ§,“ςθs,“‰€“c’¬‚T’–Ϊ,2022[sanitize]08[sanitize]20,15,‚SK‚ΔΘγ‹¤“―Z‘ξ,’“Τi—Φjκ,70ΞΘγ,‚»‚Μ‘Ό,{ω‚µ‚½
ή“,©“]Τ“,“ςθ“,‰€“c‰w‘O,282022,•ΊΙ§,“ςθs,“‰€“c’¬‚T’–Ϊ,2022[sanitize]09[sanitize]12,23,“ΉHγ,‚»‚Μ‘Ό,20Ξ‘γ,‘εw¶,{ω‚µ‚½
ή“,©“]Τ“,“ςθ“,‰€“c‰w‘O,282022,•ΊΙ§,“ςθs,“‰€“c’¬‚T’–Ϊ,2022[sanitize]11[sanitize]08,21,‚»‚Μ‘Ό‚ΜZ‘ξi‚RK‚ΔΘ‰Ί‹¤“―Z‘ξ“™j,‚»‚Μ‘Ό,20Ξ‘γ,‚»‚Μ‘Ό,{ω‚µ‚½
ή“,©“]Τ“,“ςθ“,‰€“c‰w‘O,282022,•ΊΙ§,“ςθs,“‰€“c’¬‚T’–Ϊ,2022[sanitize]12[sanitize]01,16,‚SK‚ΔΘγ‹¤“―Z‘ξ,‚»‚Μ‘Ό,10Ξ‘γ,¬w¶,{ω‚µ‚½
ή“,©“]Τ“,“ςθ“,‰€“c‰w‘O,282022,•ΊΙ§,“ςθs,“‰€“c’¬‚T’–Ϊ,2022[sanitize]12[sanitize]27,18,“ΉHγ,‚»‚Μ‘Ό,40Ξ‘γ,‚»‚Μ‘Ό,{ω‚µ‚½
ή“,©“]Τ“,“ςθ“,‰€“c‰w‘O,282022,•ΊΙ§,“ςθs,“‰€“c’¬‚U’–Ϊ,2022[sanitize]06[sanitize]02,06,‚»‚Μ‘Ό‚ΜZ‘ξi‚RK‚ΔΘ‰Ί‹¤“―Z‘ξ“™j,’“Τi—Φjκ,30Ξ‘γ,‚»‚Μ‘Ό,{ω‚µ‚½
ή“,©“]Τ“,“ςθ“,‰€“c‰w‘O,282022,•ΊΙ§,“ςθs,“‰€“c’¬‚U’–Ϊ,2022[sanitize]06[sanitize]04,18,‚»‚Μ‘Ό‚ΜZ‘ξi‚RK‚ΔΘ‰Ί‹¤“―Z‘ξ“™j,‚»‚Μ‘Ό,40Ξ‘γ,‚»‚Μ‘Ό,{ω‚µ‚½
ή“,©“]Τ“,“ςθ“,‰€“c‰w‘O,282022,•ΊΙ§,“ςθs,“‰€“c’¬‚U’–Ϊ,2022[sanitize]08[sanitize]16,16,‚»‚Μ‘Ό‚ΜZ‘ξi‚RK‚ΔΘ‰Ί‹¤“―Z‘ξ“™j,’“Τi—Φjκ,10Ξ‘γ,’†w¶,{ω‚Ή‚Έ
ή“,©“]Τ“,“ςθ“,‰€“c‰w‘O,282022,•ΊΙ§,“ςθs,“‰€“c’¬‚U’–Ϊ,2022[sanitize]11[sanitize]24,18,‚»‚Μ‘Ό‚ΜZ‘ξi‚RK‚ΔΘ‰Ί‹¤“―Z‘ξ“™j,‚»‚Μ‘Ό,40Ξ‘γ,‚»‚Μ‘Ό,{ω‚Ή‚Έ
ή“,©“]Τ“,“ςθ“,‰€“c‰w‘O,282022,•ΊΙ§,“ςθs,“‰€“c’¬‚V’–Ϊ,2022[sanitize]04[sanitize]27,23,‚SK‚ΔΘγ‹¤“―Z‘ξ,’“Τi—Φjκ,10Ξ‘γ,‚Z¶,{ω‚Ή‚Έ
ή“,©“]Τ“,“ςθ“,‰€“c‰w‘O,282022,•ΊΙ§,“ςθs,“‰€“c’¬‚V’–Ϊ,2022[sanitize]09[sanitize]25,15,‚»‚Μ‘Ό,‚»‚Μ‘Ό,10Ξ‘γ,’†w¶,{ω‚Ή‚Έ
ή“,©“]Τ“,“ςθ“,‰€“c‰w‘O,282022,•ΊΙ§,“ςθs,“‰€“c’¬‚W’–Ϊ,2022[sanitize]06[sanitize]03,21,κΛZ‘ξ,’“Τi—Φjκ,40Ξ‘γ,‚»‚Μ‘Ό,{ω‚µ‚½
ή“,©“]Τ“,“ςθ“,‰€“c‰w‘O,282022,•ΊΙ§,“ςθs,“‰€“c’¬‚W’–Ϊ,2022[sanitize]07[sanitize]31,07,κΛZ‘ξ,’“Τi—Φjκ,30Ξ‘γ,‚»‚Μ‘Ό,{ω‚Ή‚Έ
ή“,©“]Τ“,“ςθ“,‰€“c‰w‘O,282022,•ΊΙ§,“ςθs,“‰€“c’¬‚W’–Ϊ,2022[sanitize]11[sanitize]25,15,‚»‚Μ‘Ό‚ΜZ‘ξi‚RK‚ΔΘ‰Ί‹¤“―Z‘ξ“™j,’“Τi—Φjκ,65[sanitize]69Ξ,‚»‚Μ‘Ό,{ω‚Ή‚Έ
ή“,©“]Τ“,“ςθ“,‰€“c‰w‘O,282022,•ΊΙ§,“ςθs,“‰€“c’¬‚X’–Ϊ,2021[sanitize]12[sanitize]26,14,‚»‚Μ‘Ό‚ΜZ‘ξi‚RK‚ΔΘ‰Ί‹¤“―Z‘ξ“™j,’“Τi—Φjκ,30Ξ‘γ,‚»‚Μ‘Ό,{ω‚µ‚½
ή“,©“]Τ“,“ςθ“,‰€“c‰w‘O,282022,•ΊΙ§,“ςθs,“‰€“c’¬‚X’–Ϊ,2022[sanitize]01[sanitize]03,10,“ΉHγ,‚»‚Μ‘Ό,50Ξ‘γ,‚»‚Μ‘Ό,{ω‚µ‚½
ή“,©“]Τ“,“ςθ“,‰€“c‰w‘O,282022,•ΊΙ§,“ςθs,“‰€“c’¬‚X’–Ϊ,2022[sanitize]02[sanitize]11,16,‚»‚Μ‘Ό,’“Τi—Φjκ,20Ξ‘γ,‚»‚Μ‘Ό,{ω‚Ή‚Έ
ή“,©“]Τ“,“ςθ“,‰€“c‰w‘O,282022,•ΊΙ§,“ςθs,“‰€“c’¬‚X’–Ϊ,2022[sanitize]03[sanitize]25,13,‚»‚Μ‘Ό,’“Τi—Φjκ,20Ξ‘γ,‘εw¶,{ω‚Ή‚Έ
ή“,©“]Τ“,“ςθ“,‰€“c‰w‘O,282022,•ΊΙ§,“ςθs,“‰€“c’¬‚X’–Ϊ,2022[sanitize]04[sanitize]28,14,‚»‚Μ‘Ό,’“Τi—Φjκ,20Ξ‘γ,‚»‚Μ‘Ό,{ω‚µ‚½
ή“,©“]Τ“,“ςθ“,‰€“c‰w‘O,282022,•ΊΙ§,“ςθs,“‰€“c’¬‚X’–Ϊ,2022[sanitize]04[sanitize]28,18,“ΉHγ,‚»‚Μ‘Ό,10Ξ‘γ,‚Z¶,{ω‚Ή‚Έ
ή“,©“]Τ“,“ςθ“,‰€“c‰w‘O,282022,•ΊΙ§,“ςθs,“‰€“c’¬‚X’–Ϊ,2022[sanitize]05[sanitize]14,18,‚»‚Μ‘Ό‚ΜZ‘ξi‚RK‚ΔΘ‰Ί‹¤“―Z‘ξ“™j,‚»‚Μ‘Ό,40Ξ‘γ,‚»‚Μ‘Ό,{ω‚µ‚½
ή“,©“]Τ“,“ςθ“,‰€“c‰w‘O,282022,•ΊΙ§,“ςθs,“‰€“c’¬‚X’–Ϊ,2022[sanitize]05[sanitize]17,18,‚»‚Μ‘Ό,’“Τi—Φjκ,20Ξ‘γ,‘εw¶,{ω‚Ή‚Έ
ή“,©“]Τ“,“ςθ“,‰€“c‰w‘O,282022,•ΊΙ§,“ςθs,“‰€“c’¬‚X’–Ϊ,2022[sanitize]05[sanitize]20,19,‚»‚Μ‘Ό,’“Τi—Φjκ,20Ξ‘γ,‚»‚Μ‘Ό,{ω‚Ή‚Έ
ή“,©“]Τ“,“ςθ“,‰€“c‰w‘O,282022,•ΊΙ§,“ςθs,“‰€“c’¬‚X’–Ϊ,2022[sanitize]05[sanitize]25,19,‚»‚Μ‘Ό,’“Τi—Φjκ,10Ξ‘γ,¬w¶,{ω‚Ή‚Έ
ή“,©“]Τ“,“ςθ“,‰€“c‰w‘O,282022,•ΊΙ§,“ςθs,“‰€“c’¬‚X’–Ϊ,2022[sanitize]06[sanitize]24,12,‚»‚Μ‘Ό,’“Τi—Φjκ,20Ξ‘γ,‚»‚Μ‘Ό,{ω‚Ή‚Έ
ή“,©“]Τ“,“ςθ“,‰€“c‰w‘O,282022,•ΊΙ§,“ςθs,“‰€“c’¬‚X’–Ϊ,2022[sanitize]07[sanitize]07,16,“ΉHγ,‚»‚Μ‘Ό,70ΞΘγ,‚»‚Μ‘Ό,{ω‚Ή‚Έ
ή“,©“]Τ“,“ςθ“,‰€“c‰w‘O,282022,•ΊΙ§,“ςθs,“‰€“c’¬‚X’–Ϊ,2022[sanitize]07[sanitize]15,08,‚»‚Μ‘Ό,’“Τi—Φjκ,20Ξ‘γ,‚»‚Μ‘Ό,{ω‚µ‚½
ή“,©“]Τ“,“ςθ“,‰€“c‰w‘O,282022,•ΊΙ§,“ςθs,“‰€“c’¬‚X’–Ϊ,2022[sanitize]07[sanitize]25,07,’“Τi—Φjκ,’“Τi—Φjκ,20Ξ‘γ,‘εw¶,{ω‚Ή‚Έ
ή“,©“]Τ“,“ςθ“,‰€“c‰w‘O,282022,•ΊΙ§,“ςθs,“‰€“c’¬‚X’–Ϊ,2022[sanitize]09[sanitize]20,13,‚»‚Μ‘Ό,’“Τi—Φjκ,50Ξ‘γ,‚»‚Μ‘Ό,{ω‚Ή‚Έ
ή“,©“]Τ“,“ςθ“,‰€“c‰w‘O,282022,•ΊΙ§,“ςθs,“‰€“c’¬‚X’–Ϊ,2022[sanitize]09[sanitize]22,17,‚SK‚ΔΘγ‹¤“―Z‘ξ,’“Τi—Φjκ,10Ξ‘γ,‘εw¶,{ω‚µ‚½
ή“,©“]Τ“,“ςθ“,‰€“c‰w‘O,282022,•ΊΙ§,“ςθs,“‰€“c’¬‚X’–Ϊ,2022[sanitize]10[sanitize]03,19,’“Τi—Φjκ,’“Τi—Φjκ,10Ξ‘γ,‚Z¶,{ω‚Ή‚Έ
ή“,©“]Τ“,“ςθ“,‰€“c‰w‘O,282022,•ΊΙ§,“ςθs,“‰€“c’¬‚X’–Ϊ,2022[sanitize]10[sanitize]07,18,“ΉHγ,‚»‚Μ‘Ό,10Ξ‘γ,’†w¶,{ω‚Ή‚Έ
ή“,©“]Τ“,“ςθ“,‰€“c‰w‘O,282022,•ΊΙ§,“ςθs,“‰€“c’¬‚X’–Ϊ,2022[sanitize]10[sanitize]09,23,‚»‚Μ‘Ό,’“Τi—Φjκ,10Ξ‘γ,‚»‚Μ‘Ό,{ω‚Ή‚Έ
ή“,©“]Τ“,“ςθ“,‰€“c‰w‘O,282022,•ΊΙ§,“ςθs,“‰€“c’¬‚X’–Ϊ,2022[sanitize]10[sanitize]26,18,‚SK‚ΔΘγ‹¤“―Z‘ξ,’“Τi—Φjκ,20Ξ‘γ,‚»‚Μ‘Ό,{ω‚Ή‚Έ
ή“,©“]Τ“,“ςθ“,‰€“c‰w‘O,282022,•ΊΙ§,“ςθs,“‰€“c’¬‚X’–Ϊ,2022[sanitize]10[sanitize]27,08,“ΉHγ,‚»‚Μ‘Ό,10Ξ‘γ,‚Z¶,{ω‚Ή‚Έ
ή“,©“]Τ“,“ςθ“,‰€“c‰w‘O,282022,•ΊΙ§,“ςθs,“‰€“c’¬‚X’–Ϊ,2022[sanitize]10[sanitize]30,02,“ΉHγ,‚»‚Μ‘Ό,20Ξ‘γ,‘εw¶,{ω‚Ή‚Έ
ή“,©“]Τ“,“ςθ“,‰€“c‰w‘O,282022,•ΊΙ§,“ςθs,“‰€“c’¬‚X’–Ϊ,2022[sanitize]11[sanitize]02,06,“ΉHγ,‚»‚Μ‘Ό,70ΞΘγ,‚»‚Μ‘Ό,{ω‚Ή‚Έ
ή“,©“]Τ“,“ςθ“,‰€“c‰w‘O,282022,•ΊΙ§,“ςθs,“‰€“c’¬‚X’–Ϊ,2022[sanitize]11[sanitize]04,19,“ΉHγ,‚»‚Μ‘Ό,10Ξ‘γ,‚»‚Μ‘Ό,{ω‚Ή‚Έ
ή“,©“]Τ“,“ςθ“,‰€“c‰w‘O,282022,•ΊΙ§,“ςθs,“‰€“c’¬‚X’–Ϊ,2022[sanitize]11[sanitize]05,14,‚»‚Μ‘Ό,’“Τi—Φjκ,10Ξ‘γ,’†w¶,{ω‚Ή‚Έ
ή“,©“]Τ“,“ςθ“,‰€“c‰w‘O,282022,•ΊΙ§,“ςθs,“‰€“c’¬‚X’–Ϊ,2022[sanitize]11[sanitize]09,20,‚»‚Μ‘Ό,’“Τi—Φjκ,10Ξ‘γ,’†w¶,{ω‚Ή‚Έ
ή“,©“]Τ“,“ςθ“,‰€“c‰w‘O,282022,•ΊΙ§,“ςθs,“‰€“c’¬‚X’–Ϊ,2022[sanitize]11[sanitize]27,16,‚»‚Μ‘Ό,‚»‚Μ‘Ό,10Ξ‘γ,‚Z¶,{ω‚Ή‚Έ
ή“,©“]Τ“,“ςθ“,‰€“c‰w‘O,282022,•ΊΙ§,“ςθs,“‰€“c’¬‚X’–Ϊ,2022[sanitize]12[sanitize]13,20,‚»‚Μ‘Ό,’“Τi—Φjκ,20Ξ‘γ,‚»‚Μ‘Ό,{ω‚Ή‚Έ
ή“,©“]Τ“,“ςθ“,“ςθ‰w‘O,282022,•ΊΙ§,“ςθs,’ª]‚P’–Ϊ,2022[sanitize]02[sanitize]04,23,‚»‚Μ‘Ό,’“Τi—Φjκ,50Ξ‘γ,‚»‚Μ‘Ό,{ω‚Ή‚Έ
ή“,©“]Τ“,“ςθ“,“ςθ‰w‘O,282022,•ΊΙ§,“ςθs,’ª]‚P’–Ϊ,2022[sanitize]03[sanitize]17,11,‚»‚Μ‘Ό,’“Τi—Φjκ,20Ξ‘γ,‘εw¶,{ω‚µ‚½
ή“,©“]Τ“,“ςθ“,“ςθ‰w‘O,282022,•ΊΙ§,“ςθs,’ª]‚P’–Ϊ,2022[sanitize]04[sanitize]22,18,“ΉHγ,‚»‚Μ‘Ό,20Ξ‘γ,‚»‚Μ‘Ό,{ω‚Ή‚Έ
ή“,©“]Τ“,“ςθ“,“ςθ‰w‘O,282022,•ΊΙ§,“ςθs,’ª]‚P’–Ϊ,2022[sanitize]04[sanitize]25,18,“ΉHγ,‚»‚Μ‘Ό,10Ξ‘γ,‘εw¶,{ω‚µ‚½
ή“,©“]Τ“,“ςθ“,“ςθ‰w‘O,282022,•ΊΙ§,“ςθs,’ª]‚P’–Ϊ,2022[sanitize]06[sanitize]23,08,‚»‚Μ‘Ό,’“Τi—Φjκ,20Ξ‘γ,‚»‚Μ‘Ό,{ω‚µ‚½
ή“,©“]Τ“,“ςθ“,“ςθ‰w‘O,282022,•ΊΙ§,“ςθs,’ª]‚P’–Ϊ,2022[sanitize]06[sanitize]23,12,“ΉHγ,‚»‚Μ‘Ό,10Ξ‘γ,‘εw¶,{ω‚Ή‚Έ
ή“,©“]Τ“,“ςθ“,“ςθ‰w‘O,282022,•ΊΙ§,“ςθs,’ª]‚P’–Ϊ,2022[sanitize]06[sanitize]24,16,‚»‚Μ‘Ό,’“Τi—Φjκ,10Ξ‘γ,’†w¶,{ω‚Ή‚Έ
ή“,©“]Τ“,“ςθ“,“ςθ‰w‘O,282022,•ΊΙ§,“ςθs,’ª]‚P’–Ϊ,2022[sanitize]07[sanitize]15,21,‚»‚Μ‘Ό,’“Τi—Φjκ,20Ξ‘γ,‚»‚Μ‘Ό,{ω‚Ή‚Έ
ή“,©“]Τ“,“ςθ“,“ςθ‰w‘O,282022,•ΊΙ§,“ςθs,’ª]‚P’–Ϊ,2022[sanitize]09[sanitize]04,13,‚»‚Μ‘Ό,’“Τi—Φjκ,20Ξ‘γ,‚»‚Μ‘Ό,{ω‚µ‚½
ή“,©“]Τ“,“ςθ“,“ςθ‰w‘O,282022,•ΊΙ§,“ςθs,’ª]‚P’–Ϊ,2022[sanitize]10[sanitize]29,23,‚»‚Μ‘Ό,’“Τi—Φjκ,30Ξ‘γ,‚»‚Μ‘Ό,{ω‚Ή‚Έ
ή“,©“]Τ“,“ςθ“,“ςθ‰w‘O,282022,•ΊΙ§,“ςθs,’ª]‚P’–Ϊ,2022[sanitize]10[sanitize]30,10,‚»‚Μ‘Ό,’“Τi—Φjκ,40Ξ‘γ,‚»‚Μ‘Ό,{ω‚µ‚½
ή“,©“]Τ“,“ςθ“,“ςθ‰w‘O,282022,•ΊΙ§,“ςθs,’ª]‚P’–Ϊ,2022[sanitize]11[sanitize]27,17,’“Τi—Φjκ,’“Τi—Φjκ,20Ξ‘γ,‚»‚Μ‘Ό,{ω‚Ή‚Έ
ή“,©“]Τ“,“ςθ“,“ςθ‰w‘O,282022,•ΊΙ§,“ςθs,’ª]‚P’–Ϊ,2022[sanitize]12[sanitize]17,09,‚»‚Μ‘Ό,’“Τi—Φjκ,50Ξ‘γ,‚»‚Μ‘Ό,{ω‚µ‚½
ή“,©“]Τ“,“ςθ“,“ςθ‰w‘O,282022,•ΊΙ§,“ςθs,’·F’†’Κ‚P’–Ϊ,2021[sanitize]12[sanitize]15,21,“ΉHγ,‚»‚Μ‘Ό,20Ξ‘γ,‘εw¶,{ω‚Ή‚Έ
ή“,©“]Τ“,“ςθ“,“ςθ‰w‘O,282022,•ΊΙ§,“ςθs,’·F’†’Κ‚P’–Ϊ,2022[sanitize]06[sanitize]11,22,‚»‚Μ‘Ό‚ΜZ‘ξi‚RK‚ΔΘ‰Ί‹¤“―Z‘ξ“™j,’“Τi—Φjκ,10Ξ‘γ,’†w¶,{ω‚Ή‚Έ
ή“,©“]Τ“,“ςθ“,“ςθ‰w‘O,282022,•ΊΙ§,“ςθs,’·F’†’Κ‚P’–Ϊ,2022[sanitize]11[sanitize]29,13,‚SK‚ΔΘγ‹¤“―Z‘ξ,’“Τi—Φjκ,30Ξ‘γ,‚»‚Μ‘Ό,{ω‚Ή‚Έ
ή“,©“]Τ“,“ςθ“,“ςθ‰w‘O,282022,•ΊΙ§,“ςθs,’·FΌ’Κ‚P’–Ϊ,2022[sanitize]01[sanitize]15,07,‚»‚Μ‘Ό,’“Τi—Φjκ,20Ξ‘γ,‚»‚Μ‘Ό,{ω‚Ή‚Έ
ή“,©“]Τ“,“ςθ“,“ςθ‰w‘O,282022,•ΊΙ§,“ςθs,’·FΌ’Κ‚P’–Ϊ,2022[sanitize]03[sanitize]17,11,‚SK‚ΔΘγ‹¤“―Z‘ξ,’“Τi—Φjκ,10Ξ‘γ,’†w¶,{ω‚Ή‚Έ
ή“,©“]Τ“,“ςθ“,“ςθ‰w‘O,282022,•ΊΙ§,“ςθs,’·FΌ’Κ‚P’–Ϊ,2022[sanitize]06[sanitize]15,12,“ΉHγ,‚»‚Μ‘Ό,50Ξ‘γ,‚»‚Μ‘Ό,{ω‚Ή‚Έ
ή“,©“]Τ“,“ςθ“,“ςθ‰w‘O,282022,•ΊΙ§,“ςθs,’·FΌ’Κ‚P’–Ϊ,2022[sanitize]06[sanitize]26,12,‚SK‚ΔΘγ‹¤“―Z‘ξ,’“Τi—Φjκ,20Ξ‘γ,‚»‚Μ‘Ό,{ω‚Ή‚Έ
ή“,©“]Τ“,“ςθ“,“ςθ‰w‘O,282022,•ΊΙ§,“ςθs,’·FΌ’Κ‚P’–Ϊ,2022[sanitize]07[sanitize]15,22,“ΉHγ,‚»‚Μ‘Ό,20Ξ‘γ,‚»‚Μ‘Ό,{ω‚µ‚½
ή“,©“]Τ“,“ςθ“,“ςθ‰w‘O,282022,•ΊΙ§,“ςθs,’·FΌ’Κ‚P’–Ϊ,2022[sanitize]07[sanitize]29,09,‚SK‚ΔΘγ‹¤“―Z‘ξ,’“Τi—Φjκ,50Ξ‘γ,‚»‚Μ‘Ό,{ω‚Ή‚Έ
ή“,©“]Τ“,“ςθ“,“ςθ‰w‘O,282022,•ΊΙ§,“ςθs,’·FΌ’Κ‚P’–Ϊ,2022[sanitize]08[sanitize]04,20,‚»‚Μ‘Ό‚ΜZ‘ξi‚RK‚ΔΘ‰Ί‹¤“―Z‘ξ“™j,’“Τi—Φjκ,20Ξ‘γ,‚»‚Μ‘Ό,{ω‚Ή‚Έ
ή“,©“]Τ“,“ςθ“,“ςθ‰w‘O,282022,•ΊΙ§,“ςθs,’·FΌ’Κ‚P’–Ϊ,2022[sanitize]08[sanitize]11,17,‚»‚Μ‘Ό,’“Τi—Φjκ,20Ξ‘γ,‚»‚Μ‘Ό,{ω‚Ή‚Έ
ή“,©“]Τ“,“ςθ“,“ςθ‰w‘O,282022,•ΊΙ§,“ςθs,’·FΌ’Κ‚P’–Ϊ,2022[sanitize]08[sanitize]19,07,‚»‚Μ‘Ό,’“Τi—Φjκ,30Ξ‘γ,‚»‚Μ‘Ό,{ω‚Ή‚Έ
ή“,©“]Τ“,“ςθ“,“ςθ‰w‘O,282022,•ΊΙ§,“ςθs,’·FΌ’Κ‚P’–Ϊ,2022[sanitize]08[sanitize]29,17,κΛZ‘ξ,‚»‚Μ‘Ό,10Ξ‘γ,‚Z¶,{ω‚µ‚½
ή“,©“]Τ“,“ςθ“,“ςθ‰w‘O,282022,•ΊΙ§,“ςθs,’·FΌ’Κ‚P’–Ϊ,2022[sanitize]09[sanitize]20,07,κΛZ‘ξ,’“Τi—Φjκ,40Ξ‘γ,‚»‚Μ‘Ό,{ω‚Ή‚Έ
ή“,©“]Τ“,“ςθ“,“ςθ‰w‘O,282022,•ΊΙ§,“ςθs,’·FΌ’Κ‚P’–Ϊ,2022[sanitize]11[sanitize]14,16,‚»‚Μ‘Ό,‚»‚Μ‘Ό,20Ξ‘γ,‚»‚Μ‘Ό,{ω‚Ή‚Έ
ή“,©“]Τ“,“ςθ“,“ςθ‰w‘O,282022,•ΊΙ§,“ςθs,’·FΌ’Κ‚P’–Ϊ,2022[sanitize]12[sanitize]05,12,’“Τi—Φjκ,’“Τi—Φjκ,20Ξ‘γ,‚»‚Μ‘Ό,{ω‚Ή‚Έ
ή“,©“]Τ“,“ςθ“,“ςθ‰w‘O,282022,•ΊΙ§,“ςθs,’·F“’Κ‚P’–Ϊ,2022[sanitize]12[sanitize]26,21,κΛZ‘ξ,‚»‚Μ‘Ό,40Ξ‘γ,‚»‚Μ‘Ό,{ω‚Ή‚Έ
ή“,©“]Τ“,“ςθ“,“ςθ‰w‘O,282022,•ΊΙ§,“ςθs,’·F–{’Κ‚P’–Ϊ,2022[sanitize]02[sanitize]02,17,“ΉHγ,‚»‚Μ‘Ό,40Ξ‘γ,‚»‚Μ‘Ό,{ω‚Ή‚Έ
ή“,©“]Τ“,“ςθ“,“ςθ‰w‘O,282022,•ΊΙ§,“ςθs,’·F–{’Κ‚P’–Ϊ,2022[sanitize]03[sanitize]11,20,“ΉHγ,‚»‚Μ‘Ό,10Ξ‘γ,‚Z¶,{ω‚Ή‚Έ
ή“,©“]Τ“,“ςθ“,“ςθ‰w‘O,282022,•ΊΙ§,“ςθs,’·F–{’Κ‚P’–Ϊ,2022[sanitize]04[sanitize]01,06,“ΉHγ,‚»‚Μ‘Ό,20Ξ‘γ,‘εw¶,{ω‚µ‚½
ή“,©“]Τ“,“ςθ“,“ςθ‰w‘O,282022,•ΊΙ§,“ςθs,’·F–{’Κ‚P’–Ϊ,2022[sanitize]05[sanitize]01,18,‚SK‚ΔΘγ‹¤“―Z‘ξ,’“Τi—Φjκ,20Ξ‘γ,‚»‚Μ‘Ό,{ω‚µ‚½
ή“,©“]Τ“,“ςθ“,“ςθ‰w‘O,282022,•ΊΙ§,“ςθs,’·F–{’Κ‚P’–Ϊ,2022[sanitize]05[sanitize]09,09,‚SK‚ΔΘγ‹¤“―Z‘ξ,’“Τi—Φjκ,50Ξ‘γ,‚»‚Μ‘Ό,{ω‚µ‚½
ή“,©“]Τ“,“ςθ“,“ςθ‰w‘O,282022,•ΊΙ§,“ςθs,’·F–{’Κ‚P’–Ϊ,2022[sanitize]06[sanitize]27,06,“ΉHγ,‚»‚Μ‘Ό,10Ξ‘γ,‚Z¶,{ω‚Ή‚Έ
ή“,©“]Τ“,“ςθ“,“ςθ‰w‘O,282022,•ΊΙ§,“ςθs,’·F–{’Κ‚P’–Ϊ,2022[sanitize]07[sanitize]04,20,‚SK‚ΔΘγ‹¤“―Z‘ξ,‚»‚Μ‘Ό,40Ξ‘γ,‚»‚Μ‘Ό,{ω‚Ή‚Έ
ή“,©“]Τ“,“ςθ“,“ςθ‰w‘O,282022,•ΊΙ§,“ςθs,’·F–{’Κ‚P’–Ϊ,2022[sanitize]07[sanitize]08,21,‚SK‚ΔΘγ‹¤“―Z‘ξ,’“Τi—Φjκ,20Ξ‘γ,‚»‚Μ‘Ό,{ω‚µ‚½
ή“,©“]Τ“,“ςθ“,“ςθ‰w‘O,282022,•ΊΙ§,“ςθs,’·F–{’Κ‚P’–Ϊ,2022[sanitize]07[sanitize]22,20,’“Τi—Φjκ,’“Τi—Φjκ,20Ξ‘γ,‚»‚Μ‘Ό,{ω‚Ή‚Έ
ή“,©“]Τ“,“ςθ“,“ςθ‰w‘O,282022,•ΊΙ§,“ςθs,’·F–{’Κ‚P’–Ϊ,2022[sanitize]08[sanitize]24,18,‚SK‚ΔΘγ‹¤“―Z‘ξ,’“Τi—Φjκ,20Ξ‘γ,‚»‚Μ‘Ό,{ω‚Ή‚Έ
ή“,©“]Τ“,“ςθ“,“ςθ‰w‘O,282022,•ΊΙ§,“ςθs,’·F–{’Κ‚P’–Ϊ,2022[sanitize]10[sanitize]12,22,‚SK‚ΔΘγ‹¤“―Z‘ξ,’“Τi—Φjκ,10Ξ‘γ,‚Z¶,{ω‚Ή‚Έ
ή“,©“]Τ“,“ςθ“,“ςθ‰w‘O,282022,•ΊΙ§,“ςθs,’·F–{’Κ‚P’–Ϊ,2022[sanitize]11[sanitize]23,09,‚»‚Μ‘Ό,’“Τi—Φjκ,70ΞΘγ,‚»‚Μ‘Ό,{ω‚µ‚½
ή“,©“]Τ“,“ςθ“,“ςθ‰w‘O,282022,•ΊΙ§,“ςθs,’·F–{’Κ‚P’–Ϊ,2022[sanitize]12[sanitize]01,22,‚SK‚ΔΘγ‹¤“―Z‘ξ,’“Τi—Φjκ,40Ξ‘γ,‚»‚Μ‘Ό,{ω‚Ή‚Έ
ή“,©“]Τ“,“ςθ“,“ςθ‰w‘O,282022,•ΊΙ§,“ςθs,’·F–{’Κ‚P’–Ϊ,2022[sanitize]12[sanitize]03,17,‚»‚Μ‘Ό‚ΜZ‘ξi‚RK‚ΔΘ‰Ί‹¤“―Z‘ξ“™j,’“Τi—Φjκ,10Ξ‘γ,’†w¶,{ω‚Ή‚Έ
ή“,©“]Τ“,“ςθ“,“ςθ‰w‘O,282022,•ΊΙ§,“ςθs,‹ΰy›’¬‚P’–Ϊ,2022[sanitize]09[sanitize]12,19,‚SK‚ΔΘγ‹¤“―Z‘ξ,’“Τi—Φjκ,30Ξ‘γ,‚»‚Μ‘Ό,{ω‚µ‚½
ή“,©“]Τ“,“ςθ“,“ςθ‰w‘O,282022,•ΊΙ§,“ςθs,‹ΰy›’¬‚P’–Ϊ,2022[sanitize]10[sanitize]08,12,‚SK‚ΔΘγ‹¤“―Z‘ξ,’“Τi—Φjκ,50Ξ‘γ,‚»‚Μ‘Ό,{ω‚µ‚½
ή“,©“]Τ“,“ςθ“,νυ›,282022,•ΊΙ§,“ςθs,νυ›‚Q’–Ϊ,2022[sanitize]04[sanitize]01,04,‚»‚Μ‘Ό,’“Τi—Φjκ,30Ξ‘γ,‚»‚Μ‘Ό,{ω‚Ή‚Έ
ή“,©“]Τ“,“ςθ“,νυ›,282022,•ΊΙ§,“ςθs,νυ›‚R’–Ϊ,2022[sanitize]04[sanitize]11,12,‚SK‚ΔΘγ‹¤“―Z‘ξ,’“Τi—Φjκ,50Ξ‘γ,‚»‚Μ‘Ό,{ω‚µ‚½
ή“,©“]Τ“,“ςθ“,νυ›,282022,•ΊΙ§,“ςθs,νυ›‚R’–Ϊ,2022[sanitize]11[sanitize]02,16,‚SK‚ΔΘγ‹¤“―Z‘ξ,’“Τi—Φjκ,10Ξ‘γ,¬w¶,{ω‚Ή‚Έ
ή“,©“]Τ“,“ςθ“,νυ›,282022,•ΊΙ§,“ςθs,’·F“’Κ‚Q’–Ϊ,2022[sanitize]05[sanitize]04,07,‚SK‚ΔΘγ‹¤“―Z‘ξ,’“Τi—Φjκ,50Ξ‘γ,‚»‚Μ‘Ό,{ω‚Ή‚Έ
ή“,©“]Τ“,“ςθ“,Y£,282022,•ΊΙ§,“ςθs,΅•‚Q’–Ϊ,2022[sanitize]10[sanitize]08,17,“ΉHγ,‚»‚Μ‘Ό,70ΞΘγ,‚»‚Μ‘Ό,{ω‚µ‚½
ή“,©“]Τ“,“ςθ“,Y£,282022,•ΊΙ§,“ςθs,ƒP“‡,2022[sanitize]11[sanitize]11,21,“ΉHγ,‚»‚Μ‘Ό,60[sanitize]64Ξ,‚»‚Μ‘Ό,{ω‚Ή‚Έ
ή“,©“]Τ“,“ςθ“,Y£,282022,•ΊΙ§,“ςθs,ƒP“‡,2022[sanitize]11[sanitize]16,18,‚»‚Μ‘Ό,’“Τi—Φjκ,10Ξ‘γ,‚Z¶,{ω‚Ή‚Έ
ή“,©“]Τ“,“ςθ“,Y£,282022,•ΊΙ§,“ςθs,Y£–kV’¬‚P’–Ϊ,2022[sanitize]02[sanitize]03,17,“ΉHγ,‚»‚Μ‘Ό,30Ξ‘γ,‚»‚Μ‘Ό,{ω‚µ‚½
ή“,©“]Τ“,“ςθ“,Y£,282022,•ΊΙ§,“ςθs,Y£–kV’¬‚P’–Ϊ,2022[sanitize]11[sanitize]08,08,‚»‚Μ‘Ό,‚»‚Μ‘Ό,20Ξ‘γ,‚»‚Μ‘Ό,{ω‚Ή‚Έ
ή“,©“]Τ“,“ςθ“,Y£,282022,•ΊΙ§,“ςθs,Y£–kV’¬‚Q’–Ϊ,2022[sanitize]10[sanitize]09,09,“ΉHγ,‚»‚Μ‘Ό,65[sanitize]69Ξ,‚»‚Μ‘Ό,{ω‚Ή‚Έ
ή“,©“]Τ“,“ςθ“,Y£,282022,•ΊΙ§,“ςθs,Y£–kV’¬‚Q’–Ϊ,2022[sanitize]11[sanitize]06,10,κΛZ‘ξ,’“Τi—Φjκ,10Ξ‘γ,‚»‚Μ‘Ό,{ω‚µ‚½
ή“,©“]Τ“,“ςθ“,Y£,282022,•ΊΙ§,“ςθs,Y£–{’¬‚P’–Ϊ,2022[sanitize]01[sanitize]15,22,‚SK‚ΔΘγ‹¤“―Z‘ξ,’“Τi—Φjκ,20Ξ‘γ,‚»‚Μ‘Ό,{ω‚Ή‚Έ
ή“,©“]Τ“,“ςθ“,Y£,282022,•ΊΙ§,“ςθs,Y£–{’¬‚P’–Ϊ,2022[sanitize]05[sanitize]01,05,‚SK‚ΔΘγ‹¤“―Z‘ξ,’“Τi—Φjκ,65[sanitize]69Ξ,‚»‚Μ‘Ό,{ω‚µ‚½
ή“,©“]Τ“,“ςθ“,Y£,282022,•ΊΙ§,“ςθs,Y£–{’¬‚P’–Ϊ,2022[sanitize]05[sanitize]07,23,‚»‚Μ‘Ό‚ΜZ‘ξi‚RK‚ΔΘ‰Ί‹¤“―Z‘ξ“™j,’“Τi—Φjκ,10Ξ‘γ,‚»‚Μ‘Ό,{ω‚µ‚½
ή“,©“]Τ“,“ςθ“,Y£,282022,•ΊΙ§,“ςθs,Y£–{’¬‚P’–Ϊ,2022[sanitize]06[sanitize]28,11,‚»‚Μ‘Ό,’“Τi—Φjκ,60[sanitize]64Ξ,‚»‚Μ‘Ό,{ω‚µ‚½
ή“,©“]Τ“,“ςθ“,Y£,282022,•ΊΙ§,“ςθs,Y£–{’¬‚P’–Ϊ,2022[sanitize]08[sanitize]08,09,‚»‚Μ‘Ό,‚»‚Μ‘Ό,10Ξ‘γ,‚Z¶,{ω‚µ‚½
ή“,©“]Τ“,“ςθ“,Y£,282022,•ΊΙ§,“ςθs,Y£–{’¬‚P’–Ϊ,2022[sanitize]10[sanitize]07,17,’“Τi—Φjκ,’“Τi—Φjκ,20Ξ‘γ,‚»‚Μ‘Ό,{ω‚Ή‚Έ
ή“,©“]Τ“,“ςθ“,Y£,282022,•ΊΙ§,“ςθs,Y£–{’¬‚P’–Ϊ,2022[sanitize]10[sanitize]19,14,‚»‚Μ‘Ό,’“Τi—Φjκ,65[sanitize]69Ξ,‚»‚Μ‘Ό,{ω‚µ‚½
ή“,©“]Τ“,“ςθ“,Y£,282022,•ΊΙ§,“ςθs,Y£–{’¬‚P’–Ϊ,2022[sanitize]11[sanitize]17,08,‚»‚Μ‘Ό,’“Τi—Φjκ,10Ξ‘γ,‚»‚Μ‘Ό,{ω‚Ή‚Έ
ή“,©“]Τ“,“ςθ“,Y£,282022,•ΊΙ§,“ςθs,Y£–{’¬‚Q’–Ϊ,2022[sanitize]04[sanitize]30,12,“ΉHγ,‚»‚Μ‘Ό,10Ξ–Ά–,¬w¶,{ω‚µ‚½
ή“,©“]Τ“,“ςθ“,Y£,282022,•ΊΙ§,“ςθs,Y£–{’¬‚Q’–Ϊ,2022[sanitize]05[sanitize]24,06,“ΉHγ,‚»‚Μ‘Ό,65[sanitize]69Ξ,‚»‚Μ‘Ό,{ω‚Ή‚Έ
ή“,©“]Τ“,“ςθ“,Y£,282022,•ΊΙ§,“ςθs,Y£–{’¬‚Q’–Ϊ,2022[sanitize]10[sanitize]06,07,“ΉHγ,‚»‚Μ‘Ό,40Ξ‘γ,‚»‚Μ‘Ό,{ω‚Ή‚Έ
ή“,©“]Τ“,“ςθ“,Y£,282022,•ΊΙ§,“ςθs,Y£–{’¬‚Q’–Ϊ,2022[sanitize]12[sanitize]18,10,“ΉHγ,‚»‚Μ‘Ό,70ΞΘγ,‚»‚Μ‘Ό,{ω‚Ή‚Έ
ή“,©“]Τ“,“ςθ“,Y£,282022,•ΊΙ§,“ςθs,Y£–{’¬‚R’–Ϊ,2022[sanitize]09[sanitize]12,06,‚»‚Μ‘Ό,’“Τi—Φjκ,50Ξ‘γ,‚»‚Μ‘Ό,{ω‚Ή‚Έ
ή“,©“]Τ“,“ςθ“,Y£,282022,•ΊΙ§,“ςθs,Y£–{’¬‚R’–Ϊ,2022[sanitize]12[sanitize]04,09,“ΉHγ,‚»‚Μ‘Ό,70ΞΘγ,‚»‚Μ‘Ό,{ω‚µ‚½
ή“,©“]Τ“,“ςθ“,Y£,282022,•ΊΙ§,“ςθs,Y£“μV’¬‚P’–Ϊ,2022[sanitize]07[sanitize]15,22,‚SK‚ΔΘγ‹¤“―Z‘ξ,’“Τi—Φjκ,10Ξ‘γ,’†w¶,{ω‚Ή‚Έ
ή“,©“]Τ“,“ςθ“,Y£,282022,•ΊΙ§,“ςθs,Y£“μV’¬‚P’–Ϊ,2022[sanitize]11[sanitize]10,21,‚»‚Μ‘Ό,’“Τi—Φjκ,30Ξ‘γ,‚»‚Μ‘Ό,{ω‚Ή‚Έ
ή“,©“]Τ“,“ςθ“,Y£,282022,•ΊΙ§,“ςθs,Y£“μV’¬‚Q’–Ϊ,2022[sanitize]01[sanitize]30,17,‚SK‚ΔΘγ‹¤“―Z‘ξ,’“Τi—Φjκ,10Ξ‘γ,‘εw¶,{ω‚Ή‚Έ
ή“,©“]Τ“,“ςθ“,Y£,282022,•ΊΙ§,“ςθs,Y£“μV’¬‚S’–Ϊ,2022[sanitize]11[sanitize]24,00,κΛZ‘ξ,‚»‚Μ‘Ό,30Ξ‘γ,‚»‚Μ‘Ό,{ω‚Ή‚Έ
ή“,©“]Τ“,“ςθ“,Y£,282022,•ΊΙ§,“ςθs,Y£›“‡‚P’–Ϊ,2022[sanitize]03[sanitize]08,07,“ΉHγ,‚»‚Μ‘Ό,30Ξ‘γ,‚»‚Μ‘Ό,{ω‚Ή‚Έ
ή“,©“]Τ“,“ςθ“,Y£,282022,•ΊΙ§,“ςθs,Y£›“‡‚P’–Ϊ,2022[sanitize]07[sanitize]27,13,κΛZ‘ξ,‚»‚Μ‘Ό,20Ξ‘γ,‚»‚Μ‘Ό,{ω‚Ή‚Έ
ή“,©“]Τ“,“ςθ“,Y£,282022,•ΊΙ§,“ςθs,Y£›“‡‚P’–Ϊ,2022[sanitize]07[sanitize]29,17,‚»‚Μ‘Ό,‚»‚Μ‘Ό,70ΞΘγ,‚»‚Μ‘Ό,{ω‚Ή‚Έ
ή“,©“]Τ“,“ςθ“,’ª],282022,•ΊΙ§,“ςθs,’ª]‚P’–Ϊ,2021[sanitize]12[sanitize]08,13,‚»‚Μ‘Ό,’“Τi—Φjκ,20Ξ‘γ,‘εw¶,{ω‚µ‚½
ή“,©“]Τ“,“ςθ“,’ª],282022,•ΊΙ§,“ςθs,’ª]‚P’–Ϊ,2021[sanitize]12[sanitize]30,11,‚»‚Μ‘Ό,’“Τi—Φjκ,10Ξ‘γ,‘εw¶,{ω‚µ‚½
ή“,©“]Τ“,“ςθ“,’ª],282022,•ΊΙ§,“ςθs,’ª]‚P’–Ϊ,2022[sanitize]01[sanitize]04,13,‚SK‚ΔΘγ‹¤“―Z‘ξ,’“Τi—Φjκ,30Ξ‘γ,‚»‚Μ‘Ό,{ω‚Ή‚Έ
ή“,©“]Τ“,“ςθ“,’ª],282022,•ΊΙ§,“ςθs,’ª]‚P’–Ϊ,2022[sanitize]01[sanitize]10,20,‚»‚Μ‘Ό‚ΜZ‘ξi‚RK‚ΔΘ‰Ί‹¤“―Z‘ξ“™j,’“Τi—Φjκ,40Ξ‘γ,‚»‚Μ‘Ό,{ω‚Ή‚Έ
ή“,©“]Τ“,“ςθ“,’ª],282022,•ΊΙ§,“ςθs,’ª]‚P’–Ϊ,2022[sanitize]01[sanitize]24,20,‚»‚Μ‘Ό,’“Τi—Φjκ,10Ξ‘γ,’†w¶,{ω‚Ή‚Έ
ή“,©“]Τ“,“ςθ“,’ª],282022,•ΊΙ§,“ςθs,’ª]‚P’–Ϊ,2022[sanitize]02[sanitize]05,15,‚»‚Μ‘Ό,’“Τi—Φjκ,10Ξ‘γ,‚Z¶,{ω‚µ‚½
ή“,©“]Τ“,“ςθ“,’ª],282022,•ΊΙ§,“ςθs,’ª]‚P’–Ϊ,2022[sanitize]02[sanitize]12,19,‚»‚Μ‘Ό,‚»‚Μ‘Ό,50Ξ‘γ,‚»‚Μ‘Ό,{ω‚Ή‚Έ
ή“,©“]Τ“,“ςθ“,’ª],282022,•ΊΙ§,“ςθs,’ª]‚P’–Ϊ,2022[sanitize]02[sanitize]23,15,‚SK‚ΔΘγ‹¤“―Z‘ξ,’“Τi—Φjκ,30Ξ‘γ,‚»‚Μ‘Ό,{ω‚µ‚½
ή“,©“]Τ“,“ςθ“,’ª],282022,•ΊΙ§,“ςθs,’ª]‚P’–Ϊ,2022[sanitize]02[sanitize]26,23,“ΉHγ,‚»‚Μ‘Ό,20Ξ‘γ,‚»‚Μ‘Ό,{ω‚Ή‚Έ
ή“,©“]Τ“,“ςθ“,’ª],282022,•ΊΙ§,“ςθs,’ª]‚P’–Ϊ,2022[sanitize]03[sanitize]01,14,“ΉHγ,‚»‚Μ‘Ό,20Ξ‘γ,‚»‚Μ‘Ό,{ω‚µ‚½
ή“,©“]Τ“,“ςθ“,’ª],282022,•ΊΙ§,“ςθs,’ª]‚P’–Ϊ,2022[sanitize]04[sanitize]04,19,“ΉHγ,‚»‚Μ‘Ό,30Ξ‘γ,‚»‚Μ‘Ό,{ω‚Ή‚Έ
ή“,©“]Τ“,“ςθ“,’ª],282022,•ΊΙ§,“ςθs,’ª]‚P’–Ϊ,2022[sanitize]04[sanitize]07,17,‚SK‚ΔΘγ‹¤“―Z‘ξ,’“Τi—Φjκ,20Ξ‘γ,‚»‚Μ‘Ό,{ω‚µ‚½
ή“,©“]Τ“,“ςθ“,’ª],282022,•ΊΙ§,“ςθs,’ª]‚P’–Ϊ,2022[sanitize]04[sanitize]14,19,‚»‚Μ‘Ό,’“Τi—Φjκ,20Ξ‘γ,‚»‚Μ‘Ό,{ω‚Ή‚Έ
ή“,©“]Τ“,“ςθ“,’ª],282022,•ΊΙ§,“ςθs,’ª]‚P’–Ϊ,2022[sanitize]04[sanitize]15,15,‚»‚Μ‘Ό,’“Τi—Φjκ,30Ξ‘γ,‚»‚Μ‘Ό,{ω‚µ‚½
ή“,©“]Τ“,“ςθ“,’ª],282022,•ΊΙ§,“ςθs,’ª]‚P’–Ϊ,2022[sanitize]04[sanitize]21,23,“ΉHγ,‚»‚Μ‘Ό,20Ξ‘γ,‚»‚Μ‘Ό,{ω‚µ‚½
ή“,©“]Τ“,“ςθ“,’ª],282022,•ΊΙ§,“ςθs,’ª]‚P’–Ϊ,2022[sanitize]05[sanitize]02,11,‚SK‚ΔΘγ‹¤“―Z‘ξ,’“Τi—Φjκ,40Ξ‘γ,‚»‚Μ‘Ό,{ω‚µ‚½
ή“,©“]Τ“,“ςθ“,’ª],282022,•ΊΙ§,“ςθs,’ª]‚P’–Ϊ,2022[sanitize]05[sanitize]04,23,“ΉHγ,‚»‚Μ‘Ό,20Ξ‘γ,‘εw¶,{ω‚Ή‚Έ
ή“,©“]Τ“,“ςθ“,’ª],282022,•ΊΙ§,“ςθs,’ª]‚P’–Ϊ,2022[sanitize]05[sanitize]12,08,‚»‚Μ‘Ό,’“Τi—Φjκ,10Ξ‘γ,‚»‚Μ‘Ό,{ω‚Ή‚Έ
ή“,©“]Τ“,“ςθ“,’ª],282022,•ΊΙ§,“ςθs,’ª]‚P’–Ϊ,2022[sanitize]05[sanitize]14,16,‚»‚Μ‘Ό,’“Τi—Φjκ,10Ξ‘γ,‘εw¶,{ω‚µ‚½
ή“,©“]Τ“,“ςθ“,’ª],282022,•ΊΙ§,“ςθs,’ª]‚P’–Ϊ,2022[sanitize]05[sanitize]18,09,‚»‚Μ‘Ό,’“Τi—Φjκ,20Ξ‘γ,‚»‚Μ‘Ό,{ω‚µ‚½
ή“,©“]Τ“,“ςθ“,’ª],282022,•ΊΙ§,“ςθs,’ª]‚P’–Ϊ,2022[sanitize]05[sanitize]19,09,‚»‚Μ‘Ό,’“Τi—Φjκ,10Ξ‘γ,‘εw¶,{ω‚µ‚½
ή“,©“]Τ“,“ςθ“,’ª],282022,•ΊΙ§,“ςθs,’ª]‚P’–Ϊ,2022[sanitize]05[sanitize]22,17,’“Τi—Φjκ,’“Τi—Φjκ,30Ξ‘γ,‚»‚Μ‘Ό,{ω‚Ή‚Έ
ή“,©“]Τ“,“ςθ“,’ª],282022,•ΊΙ§,“ςθs,’ª]‚P’–Ϊ,2022[sanitize]05[sanitize]31,09,‚»‚Μ‘Ό,’“Τi—Φjκ,50Ξ‘γ,‚»‚Μ‘Ό,{ω‚µ‚½
ή“,©“]Τ“,“ςθ“,’ª],282022,•ΊΙ§,“ςθs,’ª]‚P’–Ϊ,2022[sanitize]06[sanitize]05,00,“ΉHγ,‚»‚Μ‘Ό,20Ξ‘γ,‚»‚Μ‘Ό,{ω‚µ‚½
ή“,©“]Τ“,“ςθ“,’ª],282022,•ΊΙ§,“ςθs,’ª]‚P’–Ϊ,2022[sanitize]06[sanitize]05,19,‚»‚Μ‘Ό,’“Τi—Φjκ,20Ξ‘γ,‚»‚Μ‘Ό,{ω‚µ‚½
ή“,©“]Τ“,“ςθ“,’ª],282022,•ΊΙ§,“ςθs,’ª]‚P’–Ϊ,2022[sanitize]06[sanitize]14,10,‚»‚Μ‘Ό,’“Τi—Φjκ,50Ξ‘γ,‚»‚Μ‘Ό,{ω‚µ‚½
ή“,©“]Τ“,“ςθ“,’ª],282022,•ΊΙ§,“ςθs,’ª]‚P’–Ϊ,2022[sanitize]07[sanitize]07,09,‚SK‚ΔΘγ‹¤“―Z‘ξ,’“Τi—Φjκ,10Ξ–Ά–,¬w¶,{ω‚µ‚½
ή“,©“]Τ“,“ςθ“,’ª],282022,•ΊΙ§,“ςθs,’ª]‚P’–Ϊ,2022[sanitize]07[sanitize]17,15,‚SK‚ΔΘγ‹¤“―Z‘ξ,’“Τi—Φjκ,30Ξ‘γ,‚»‚Μ‘Ό,{ω‚µ‚½
ή“,©“]Τ“,“ςθ“,’ª],282022,•ΊΙ§,“ςθs,’ª]‚P’–Ϊ,2022[sanitize]07[sanitize]24,14,“ΉHγ,‚»‚Μ‘Ό,10Ξ‘γ,’†w¶,{ω‚Ή‚Έ
ή“,©“]Τ“,“ςθ“,’ª],282022,•ΊΙ§,“ςθs,’ª]‚P’–Ϊ,2022[sanitize]07[sanitize]25,15,‚»‚Μ‘Ό,’“Τi—Φjκ,10Ξ–Ά–,¬w¶,{ω‚µ‚½
ή“,©“]Τ“,“ςθ“,’ª],282022,•ΊΙ§,“ςθs,’ª]‚P’–Ϊ,2022[sanitize]07[sanitize]26,12,“ΉHγ,‚»‚Μ‘Ό,10Ξ‘γ,‚Z¶,{ω‚µ‚½
ή“,©“]Τ“,“ςθ“,’ª],282022,•ΊΙ§,“ςθs,’ª]‚P’–Ϊ,2022[sanitize]07[sanitize]31,18,‚»‚Μ‘Ό,’“Τi—Φjκ,10Ξ‘γ,‚»‚Μ‘Ό,{ω‚Ή‚Έ
ή“,©“]Τ“,“ςθ“,’ª],282022,•ΊΙ§,“ςθs,’ª]‚P’–Ϊ,2022[sanitize]08[sanitize]02,17,“ΉHγ,‚»‚Μ‘Ό,10Ξ‘γ,‚»‚Μ‘Ό,{ω‚Ή‚Έ
ή“,©“]Τ“,“ςθ“,’ª],282022,•ΊΙ§,“ςθs,’ª]‚P’–Ϊ,2022[sanitize]08[sanitize]04,21,“ΉHγ,‚»‚Μ‘Ό,10Ξ‘γ,‚»‚Μ‘Ό,{ω‚Ή‚Έ
ή“,©“]Τ“,“ςθ“,’ª],282022,•ΊΙ§,“ςθs,’ª]‚P’–Ϊ,2022[sanitize]08[sanitize]10,13,‚SK‚ΔΘγ‹¤“―Z‘ξ,’“Τi—Φjκ,30Ξ‘γ,‚»‚Μ‘Ό,{ω‚µ‚½
ή“,©“]Τ“,“ςθ“,’ª],282022,•ΊΙ§,“ςθs,’ª]‚P’–Ϊ,2022[sanitize]08[sanitize]10,13,‚SK‚ΔΘγ‹¤“―Z‘ξ,’“Τi—Φjκ,40Ξ‘γ,‚»‚Μ‘Ό,{ω‚µ‚½
ή“,©“]Τ“,“ςθ“,’ª],282022,•ΊΙ§,“ςθs,’ª]‚P’–Ϊ,2022[sanitize]08[sanitize]10,13,‚SK‚ΔΘγ‹¤“―Z‘ξ,’“Τi—Φjκ,40Ξ‘γ,‚»‚Μ‘Ό,{ω‚µ‚½
ή“,©“]Τ“,“ςθ“,’ª],282022,•ΊΙ§,“ςθs,’ª]‚P’–Ϊ,2022[sanitize]08[sanitize]13,22,“ΉHγ,‚»‚Μ‘Ό,30Ξ‘γ,‚»‚Μ‘Ό,{ω‚Ή‚Έ
ή“,©“]Τ“,“ςθ“,’ª],282022,•ΊΙ§,“ςθs,’ª]‚P’–Ϊ,2022[sanitize]08[sanitize]15,07,‚»‚Μ‘Ό,’“Τi—Φjκ,50Ξ‘γ,‚»‚Μ‘Ό,{ω‚Ή‚Έ
ή“,©“]Τ“,“ςθ“,’ª],282022,•ΊΙ§,“ςθs,’ª]‚P’–Ϊ,2022[sanitize]08[sanitize]15,18,“ΉHγ,‚»‚Μ‘Ό,30Ξ‘γ,‚»‚Μ‘Ό,{ω‚Ή‚Έ
ή“,©“]Τ“,“ςθ“,’ª],282022,•ΊΙ§,“ςθs,’ª]‚P’–Ϊ,2022[sanitize]08[sanitize]16,16,‚»‚Μ‘Ό,’“Τi—Φjκ,40Ξ‘γ,‚»‚Μ‘Ό,{ω‚µ‚½
ή“,©“]Τ“,“ςθ“,’ª],282022,•ΊΙ§,“ςθs,’ª]‚P’–Ϊ,2022[sanitize]08[sanitize]20,11,“ΉHγ,‚»‚Μ‘Ό,65[sanitize]69Ξ,‚»‚Μ‘Ό,{ω‚µ‚½
ή“,©“]Τ“,“ςθ“,’ª],282022,•ΊΙ§,“ςθs,’ª]‚P’–Ϊ,2022[sanitize]09[sanitize]03,22,“ΉHγ,‚»‚Μ‘Ό,20Ξ‘γ,‚»‚Μ‘Ό,{ω‚Ή‚Έ
ή“,©“]Τ“,“ςθ“,’ª],282022,•ΊΙ§,“ςθs,’ª]‚P’–Ϊ,2022[sanitize]09[sanitize]14,09,‚»‚Μ‘Ό,’“Τi—Φjκ,20Ξ‘γ,‘εw¶,{ω‚µ‚½
ή“,©“]Τ“,“ςθ“,’ª],282022,•ΊΙ§,“ςθs,’ª]‚P’–Ϊ,2022[sanitize]09[sanitize]22,01,‚»‚Μ‘Ό,’“Τi—Φjκ,10Ξ‘γ,‚»‚Μ‘Ό,{ω‚Ή‚Έ
ή“,©“]Τ“,“ςθ“,’ª],282022,•ΊΙ§,“ςθs,’ª]‚P’–Ϊ,2022[sanitize]09[sanitize]23,17,“ΉHγ,‚»‚Μ‘Ό,10Ξ‘γ,‚Z¶,{ω‚Ή‚Έ
ή“,©“]Τ“,“ςθ“,’ª],282022,•ΊΙ§,“ςθs,’ª]‚P’–Ϊ,2022[sanitize]10[sanitize]01,21,’“Τi—Φjκ,’“Τi—Φjκ,10Ξ‘γ,‚»‚Μ‘Ό,{ω‚Ή‚Έ
ή“,©“]Τ“,“ςθ“,’ª],282022,•ΊΙ§,“ςθs,’ª]‚P’–Ϊ,2022[sanitize]10[sanitize]19,15,‚»‚Μ‘Ό,’“Τi—Φjκ,20Ξ‘γ,‚»‚Μ‘Ό,{ω‚Ή‚Έ
ή“,©“]Τ“,“ςθ“,’ª],282022,•ΊΙ§,“ςθs,’ª]‚P’–Ϊ,2022[sanitize]10[sanitize]20,17,‚»‚Μ‘Ό,‚»‚Μ‘Ό,10Ξ‘γ,‚Z¶,{ω‚µ‚½
ή“,©“]Τ“,“ςθ“,’ª],282022,•ΊΙ§,“ςθs,’ª]‚P’–Ϊ,2022[sanitize]10[sanitize]24,17,‚»‚Μ‘Ό,’“Τi—Φjκ,10Ξ‘γ,‚»‚Μ‘Ό,{ω‚Ή‚Έ
ή“,©“]Τ“,“ςθ“,’ª],282022,•ΊΙ§,“ςθs,’ª]‚P’–Ϊ,2022[sanitize]10[sanitize]30,10,‚»‚Μ‘Ό,’“Τi—Φjκ,10Ξ‘γ,’†w¶,{ω‚Ή‚Έ
ή“,©“]Τ“,“ςθ“,’ª],282022,•ΊΙ§,“ςθs,’ª]‚P’–Ϊ,2022[sanitize]11[sanitize]19,17,’“Τi—Φjκ,’“Τi—Φjκ,20Ξ‘γ,‚»‚Μ‘Ό,{ω‚Ή‚Έ
ή“,©“]Τ“,“ςθ“,’ª],282022,•ΊΙ§,“ςθs,’ª]‚P’–Ϊ,2022[sanitize]11[sanitize]21,14,‚»‚Μ‘Ό,’“Τi—Φjκ,10Ξ‘γ,‘εw¶,{ω‚µ‚½
ή“,©“]Τ“,“ςθ“,’ª],282022,•ΊΙ§,“ςθs,’ª]‚P’–Ϊ,2022[sanitize]11[sanitize]27,09,‚»‚Μ‘Ό,’“Τi—Φjκ,30Ξ‘γ,‚»‚Μ‘Ό,{ω‚Ή‚Έ
ή“,©“]Τ“,“ςθ“,’ª],282022,•ΊΙ§,“ςθs,’ª]‚P’–Ϊ,2022[sanitize]12[sanitize]08,18,‚SK‚ΔΘγ‹¤“―Z‘ξ,’“Τi—Φjκ,10Ξ‘γ,¬w¶,{ω‚µ‚½
ή“,©“]Τ“,“ςθ“,’ª],282022,•ΊΙ§,“ςθs,’ª]‚P’–Ϊ,2022[sanitize]12[sanitize]09,17,‚»‚Μ‘Ό,’“Τi—Φjκ,20Ξ‘γ,‚»‚Μ‘Ό,{ω‚µ‚½
ή“,©“]Τ“,“ςθ“,’ª],282022,•ΊΙ§,“ςθs,’ª]‚P’–Ϊ,2022[sanitize]12[sanitize]11,23,’“Τi—Φjκ,’“Τi—Φjκ,30Ξ‘γ,‚»‚Μ‘Ό,{ω‚Ή‚Έ
ή“,©“]Τ“,“ςθ“,’ª],282022,•ΊΙ§,“ςθs,’ª]‚P’–Ϊ,2022[sanitize]12[sanitize]14,16,“ΉHγ,‚»‚Μ‘Ό,20Ξ‘γ,‚»‚Μ‘Ό,{ω‚Ή‚Έ
ή“,©“]Τ“,“ςθ“,’ª],282022,•ΊΙ§,“ςθs,’ª]‚P’–Ϊ,2022[sanitize]12[sanitize]19,18,‚»‚Μ‘Ό,’“Τi—Φjκ,10Ξ‘γ,’†w¶,{ω‚Ή‚Έ
ή“,©“]Τ“,“ςθ“,’ª],282022,•ΊΙ§,“ςθs,’ª]‚Q’–Ϊ,2022[sanitize]03[sanitize]11,18,‚SK‚ΔΘγ‹¤“―Z‘ξ,’“Τi—Φjκ,20Ξ‘γ,‚»‚Μ‘Ό,{ω‚Ή‚Έ
ή“,©“]Τ“,“ςθ“,’ª],282022,•ΊΙ§,“ςθs,’ª]‚Q’–Ϊ,2022[sanitize]08[sanitize]17,07,“ΉHγ,‚»‚Μ‘Ό,10Ξ‘γ,‚Z¶,{ω‚µ‚½
ή“,©“]Τ“,“ςθ“,’ª],282022,•ΊΙ§,“ςθs,’ª]‚Q’–Ϊ,2022[sanitize]11[sanitize]07,17,‚»‚Μ‘Ό‚ΜZ‘ξi‚RK‚ΔΘ‰Ί‹¤“―Z‘ξ“™j,’“Τi—Φjκ,10Ξ‘γ,‚Z¶,{ω‚Ή‚Έ
ή“,©“]Τ“,“ςθ“,’ª],282022,•ΊΙ§,“ςθs,’ª]‚R’–Ϊ,2022[sanitize]07[sanitize]15,22,‚»‚Μ‘Ό‚ΜZ‘ξi‚RK‚ΔΘ‰Ί‹¤“―Z‘ξ“™j,’“Τi—Φjκ,30Ξ‘γ,‚»‚Μ‘Ό,{ω‚µ‚½
ή“,©“]Τ“,“ςθ“,’ª],282022,•ΊΙ§,“ςθs,’ª]‚R’–Ϊ,2022[sanitize]10[sanitize]01,16,“ΉHγ,‚»‚Μ‘Ό,70ΞΘγ,‚»‚Μ‘Ό,{ω‚Ή‚Έ
ή“,©“]Τ“,“ςθ“,’ª],282022,•ΊΙ§,“ςθs,’ª]‚T’–Ϊ,2022[sanitize]01[sanitize]22,17,‚SK‚ΔΘγ‹¤“―Z‘ξ,’“Τi—Φjκ,70ΞΘγ,‚»‚Μ‘Ό,{ω‚µ‚½
ή“,©“]Τ“,“ςθ“,’ª],282022,•ΊΙ§,“ςθs,’ª]‚T’–Ϊ,2022[sanitize]03[sanitize]01,20,‚SK‚ΔΘγ‹¤“―Z‘ξ,’“Τi—Φjκ,20Ξ‘γ,‚»‚Μ‘Ό,{ω‚Ή‚Έ
ή“,©“]Τ“,“ςθ“,’ª],282022,•ΊΙ§,“ςθs,’ª]‚T’–Ϊ,2022[sanitize]04[sanitize]12,08,‚»‚Μ‘Ό,’“Τi—Φjκ,30Ξ‘γ,‚»‚Μ‘Ό,{ω‚Ή‚Έ
ή“,©“]Τ“,“ςθ“,’ª],282022,•ΊΙ§,“ςθs,‰®‚P’–Ϊ,2022[sanitize]06[sanitize]05,00,‚»‚Μ‘Ό,’“Τi—Φjκ,20Ξ‘γ,‚»‚Μ‘Ό,{ω‚Ή‚Έ
ή“,©“]Τ“,“ςθ“,’ª],282022,•ΊΙ§,“ςθs,‰®‚P’–Ϊ,2022[sanitize]08[sanitize]13,17,’“Τi—Φjκ,’“Τi—Φjκ,20Ξ‘γ,‚»‚Μ‘Ό,{ω‚Ή‚Έ
ή“,©“]Τ“,“ςθ“,’ª],282022,•ΊΙ§,“ςθs,‰®‚P’–Ϊ,2022[sanitize]08[sanitize]27,00,“ΉHγ,‚»‚Μ‘Ό,10Ξ‘γ,‘εw¶,{ω‚Ή‚Έ
ή“,©“]Τ“,“ςθ“,’ª],282022,•ΊΙ§,“ςθs,‰®‚P’–Ϊ,2022[sanitize]10[sanitize]27,23,’“Τi—Φjκ,’“Τi—Φjκ,70ΞΘγ,‚»‚Μ‘Ό,{ω‚Ή‚Έ
ή“,©“]Τ“,“ςθ“,’ª],282022,•ΊΙ§,“ςθs,‰®‚P’–Ϊ,2022[sanitize]11[sanitize]17,10,‚SK‚ΔΘγ‹¤“―Z‘ξ,’“Τi—Φjκ,40Ξ‘γ,‚»‚Μ‘Ό,{ω‚Ή‚Έ
ή“,©“]Τ“,“ςθ“,’ª],282022,•ΊΙ§,“ςθs,‰®‚P’–Ϊ,2022[sanitize]11[sanitize]18,18,‚SK‚ΔΘγ‹¤“―Z‘ξ,’“Τi—Φjκ,50Ξ‘γ,‚»‚Μ‘Ό,{ω‚µ‚½
ή“,©“]Τ“,“ςθ“,’ª],282022,•ΊΙ§,“ςθs,‰®‚P’–Ϊ,2022[sanitize]11[sanitize]22,00,‚»‚Μ‘Ό‚ΜZ‘ξi‚RK‚ΔΘ‰Ί‹¤“―Z‘ξ“™j,’“Τi—Φjκ,10Ξ‘γ,‚Z¶,{ω‚µ‚½
ή“,©“]Τ“,“ςθ“,’ª],282022,•ΊΙ§,“ςθs,‰®‚Q’–Ϊ,2022[sanitize]06[sanitize]27,20,κΛZ‘ξ,‚»‚Μ‘Ό,20Ξ‘γ,‚»‚Μ‘Ό,{ω‚µ‚½
ή“,©“]Τ“,“ςθ“,’ª],282022,•ΊΙ§,“ςθs,‰®‚Q’–Ϊ,2022[sanitize]10[sanitize]20,21,κΛZ‘ξ,’“Τi—Φjκ,50Ξ‘γ,‚»‚Μ‘Ό,{ω‚Ή‚Έ
ή“,©“]Τ“,“ςθ“,’ª],282022,•ΊΙ§,“ςθs,•l‚P’–Ϊ,2022[sanitize]01[sanitize]06,10,‚SK‚ΔΘγ‹¤“―Z‘ξ,’“Τi—Φjκ,65[sanitize]69Ξ,‚»‚Μ‘Ό,{ω‚Ή‚Έ
ή“,©“]Τ“,“ςθ“,’ª],282022,•ΊΙ§,“ςθs,•l‚P’–Ϊ,2022[sanitize]04[sanitize]24,18,‚SK‚ΔΘγ‹¤“―Z‘ξ,’“Τi—Φjκ,10Ξ‘γ,‚Z¶,{ω‚µ‚½
ή“,©“]Τ“,“ςθ“,’ª],282022,•ΊΙ§,“ςθs,•l‚P’–Ϊ,2022[sanitize]05[sanitize]31,16,‚»‚Μ‘Ό,’“Τi—Φjκ,10Ξ‘γ,‚Z¶,{ω‚µ‚½
ή“,©“]Τ“,“ςθ“,’ª],282022,•ΊΙ§,“ςθs,•l‚P’–Ϊ,2022[sanitize]06[sanitize]03,17,‚SK‚ΔΘγ‹¤“―Z‘ξ,’“Τi—Φjκ,20Ξ‘γ,‘εw¶,{ω‚µ‚½
ή“,©“]Τ“,“ςθ“,’ª],282022,•ΊΙ§,“ςθs,•l‚P’–Ϊ,2022[sanitize]07[sanitize]16,23,‚»‚Μ‘Ό,’“Τi—Φjκ,10Ξ‘γ,‘εw¶,{ω‚Ή‚Έ
ή“,©“]Τ“,“ςθ“,’ª],282022,•ΊΙ§,“ςθs,•l‚P’–Ϊ,2022[sanitize]12[sanitize]17,15,‚»‚Μ‘Ό,’“Τi—Φjκ,70ΞΘγ,‚»‚Μ‘Ό,{ω‚Ή‚Έ
ή“,©“]Τ“,“ςθ“,’ª],282022,•ΊΙ§,“ςθs,•l‚Q’–Ϊ,2022[sanitize]02[sanitize]28,16,‚SK‚ΔΘγ‹¤“―Z‘ξ,’“Τi—Φjκ,10Ξ‘γ,‚Z¶,{ω‚µ‚½
ή“,©“]Τ“,“ςθ“,’ª],282022,•ΊΙ§,“ςθs,•l‚Q’–Ϊ,2022[sanitize]12[sanitize]14,08,“ΉHγ,‚»‚Μ‘Ό,10Ξ‘γ,¬w¶,{ω‚Ή‚Έ
ή“,©“]Τ“,“ςθ“,’ª],282022,•ΊΙ§,“ςθs,•l‚R’–Ϊ,2022[sanitize]05[sanitize]11,21,“ΉHγ,‚»‚Μ‘Ό,50Ξ‘γ,‚»‚Μ‘Ό,{ω‚Ή‚Έ
ή“,©“]Τ“,“ςθ“,’ª],282022,•ΊΙ§,“ςθs,•l‚R’–Ϊ,2022[sanitize]05[sanitize]19,17,‚»‚Μ‘Ό‚ΜZ‘ξi‚RK‚ΔΘ‰Ί‹¤“―Z‘ξ“™j,’“Τi—Φjκ,20Ξ‘γ,‚»‚Μ‘Ό,{ω‚Ή‚Έ
ή“,©“]Τ“,“ςθ“,’ª],282022,•ΊΙ§,“ςθs,•l‚R’–Ϊ,2022[sanitize]08[sanitize]02,21,‚»‚Μ‘Ό‚ΜZ‘ξi‚RK‚ΔΘ‰Ί‹¤“―Z‘ξ“™j,‚»‚Μ‘Ό,10Ξ‘γ,‚Z¶,{ω‚Ή‚Έ
ή“,©“]Τ“,“ςθ“,’ª],282022,•ΊΙ§,“ςθs,•l‚R’–Ϊ,2022[sanitize]12[sanitize]26,21,κΛZ‘ξ,’“Τi—Φjκ,20Ξ‘γ,‚»‚Μ‘Ό,{ω‚Ή‚Έ
ή“,©“]Τ“,“ςθ“,_θ,282022,•ΊΙ§,“ςθs,_θ’¬,2021[sanitize]12[sanitize]22,19,‚SK‚ΔΘγ‹¤“―Z‘ξ,’“Τi—Φjκ,10Ξ‘γ,’†w¶,{ω‚µ‚½
ή“,©“]Τ“,“ςθ“,_θ,282022,•ΊΙ§,“ςθs,_θ’¬,2021[sanitize]12[sanitize]28,01,’“Τi—Φjκ,’“Τi—Φjκ,30Ξ‘γ,‚»‚Μ‘Ό,{ω‚µ‚½
ή“,©“]Τ“,“ςθ“,_θ,282022,•ΊΙ§,“ςθs,_θ’¬,2022[sanitize]02[sanitize]18,09,‚SK‚ΔΘγ‹¤“―Z‘ξ,‚»‚Μ‘Ό,30Ξ‘γ,‚»‚Μ‘Ό,{ω‚Ή‚Έ
ή“,©“]Τ“,“ςθ“,_θ,282022,•ΊΙ§,“ςθs,_θ’¬,2022[sanitize]09[sanitize]05,15,“ΉHγ,‚»‚Μ‘Ό,70ΞΘγ,‚»‚Μ‘Ό,{ω‚µ‚½
ή“,©“]Τ“,“ςθ“,_θ,282022,•ΊΙ§,“ςθs,‚“c’¬,2022[sanitize]07[sanitize]15,16,‚SK‚ΔΘγ‹¤“―Z‘ξ,’“Τi—Φjκ,20Ξ‘γ,‘εw¶,{ω‚Ή‚Έ
ή“,©“]Τ“,“ςθ“,_θ,282022,•ΊΙ§,“ςθs,‰®‚R’–Ϊ,2021[sanitize]12[sanitize]25,00,‚»‚Μ‘Ό,’“Τi—Φjκ,50Ξ‘γ,‚»‚Μ‘Ό,{ω‚Ή‚Έ
ή“,©“]Τ“,“ςθ“,_θ,282022,•ΊΙ§,“ςθs,‰®‚R’–Ϊ,2022[sanitize]01[sanitize]18,18,‚»‚Μ‘Ό,’“Τi—Φjκ,20Ξ‘γ,‘εw¶,{ω‚Ή‚Έ
ή“,©“]Τ“,“ςθ“,_θ,282022,•ΊΙ§,“ςθs,‰®‚R’–Ϊ,2022[sanitize]01[sanitize]25,04,κΛZ‘ξ,’“Τi—Φjκ,10Ξ‘γ,¬w¶,{ω‚Ή‚Έ
ή“,©“]Τ“,“ςθ“,_θ,282022,•ΊΙ§,“ςθs,‰®‚R’–Ϊ,2022[sanitize]02[sanitize]01,08,κΛZ‘ξ,’“Τi—Φjκ,30Ξ‘γ,‚»‚Μ‘Ό,{ω‚Ή‚Έ
ή“,©“]Τ“,“ςθ“,_θ,282022,•ΊΙ§,“ςθs,‰®‚R’–Ϊ,2022[sanitize]02[sanitize]06,17,‚»‚Μ‘Ό,’“Τi—Φjκ,10Ξ‘γ,‚»‚Μ‘Ό,{ω‚Ή‚Έ
ή“,©“]Τ“,“ςθ“,_θ,282022,•ΊΙ§,“ςθs,‰®‚R’–Ϊ,2022[sanitize]05[sanitize]28,22,‚»‚Μ‘Ό,’“Τi—Φjκ,10Ξ‘γ,‚Z¶,{ω‚Ή‚Έ
ή“,©“]Τ“,“ςθ“,_θ,282022,•ΊΙ§,“ςθs,‰®‚R’–Ϊ,2022[sanitize]06[sanitize]04,10,‚»‚Μ‘Ό,’“Τi—Φjκ,30Ξ‘γ,‚»‚Μ‘Ό,{ω‚Ή‚Έ
ή“,©“]Τ“,“ςθ“,_θ,282022,•ΊΙ§,“ςθs,‰®‚R’–Ϊ,2022[sanitize]06[sanitize]07,20,‚»‚Μ‘Ό,‚»‚Μ‘Ό,10Ξ‘γ,’†w¶,{ω‚Ή‚Έ
ή“,©“]Τ“,“ςθ“,_θ,282022,•ΊΙ§,“ςθs,‰®‚R’–Ϊ,2022[sanitize]07[sanitize]06,17,‚»‚Μ‘Ό,’“Τi—Φjκ,10Ξ‘γ,’†w¶,{ω‚Ή‚Έ
ή“,©“]Τ“,“ςθ“,_θ,282022,•ΊΙ§,“ςθs,‰®‚R’–Ϊ,2022[sanitize]07[sanitize]10,10,‚»‚Μ‘Ό,’“Τi—Φjκ,10Ξ‘γ,’†w¶,{ω‚Ή‚Έ
ή“,©“]Τ“,“ςθ“,_θ,282022,•ΊΙ§,“ςθs,‰®‚R’–Ϊ,2022[sanitize]07[sanitize]16,14,‚»‚Μ‘Ό,’“Τi—Φjκ,10Ξ‘γ,’†w¶,{ω‚µ‚½
ή“,©“]Τ“,“ςθ“,_θ,282022,•ΊΙ§,“ςθs,‰®‚R’–Ϊ,2022[sanitize]09[sanitize]04,17,‚»‚Μ‘Ό,’“Τi—Φjκ,10Ξ‘γ,‚Z¶,{ω‚Ή‚Έ
ή“,©“]Τ“,“ςθ“,_θ,282022,•ΊΙ§,“ςθs,‰®‚R’–Ϊ,2022[sanitize]09[sanitize]04,17,‚»‚Μ‘Ό,’“Τi—Φjκ,20Ξ‘γ,‚»‚Μ‘Ό,{ω‚Ή‚Έ
ή“,©“]Τ“,“ςθ“,_θ,282022,•ΊΙ§,“ςθs,‰®‚R’–Ϊ,2022[sanitize]09[sanitize]20,21,‚»‚Μ‘Ό,’“Τi—Φjκ,10Ξ‘γ,‚»‚Μ‘Ό,{ω‚Ή‚Έ
ή“,©“]Τ“,“ςθ“,_θ,282022,•ΊΙ§,“ςθs,‰®‚R’–Ϊ,2022[sanitize]09[sanitize]23,13,‚»‚Μ‘Ό,’“Τi—Φjκ,10Ξ‘γ,’†w¶,{ω‚Ή‚Έ
ή“,©“]Τ“,“ςθ“,_θ,282022,•ΊΙ§,“ςθs,‰®‚R’–Ϊ,2022[sanitize]10[sanitize]15,13,“ΉHγ,‚»‚Μ‘Ό,20Ξ‘γ,‚»‚Μ‘Ό,{ω‚Ή‚Έ
ή“,©“]Τ“,“ςθ“,_θ,282022,•ΊΙ§,“ςθs,‰®‚R’–Ϊ,2022[sanitize]11[sanitize]07,05,‚»‚Μ‘Ό,’“Τi—Φjκ,70ΞΘγ,‚»‚Μ‘Ό,{ω‚Ή‚Έ
ή“,©“]Τ“,“ςθ“,_θ,282022,•ΊΙ§,“ςθs,‰®‚R’–Ϊ,2022[sanitize]12[sanitize]05,16,‚»‚Μ‘Ό,’“Τi—Φjκ,10Ξ‘γ,¬w¶,{ω‚Ή‚Έ
ή“,©“]Τ“,“ςθ“,_θ,282022,•ΊΙ§,“ςθs,‰®‚R’–Ϊ,2022[sanitize]12[sanitize]10,10,‚»‚Μ‘Ό‚ΜZ‘ξi‚RK‚ΔΘ‰Ί‹¤“―Z‘ξ“™j,’“Τi—Φjκ,10Ξ‘γ,’†w¶,{ω‚µ‚½
ή“,©“]Τ“,“ςθ“,_θ,282022,•ΊΙ§,“ςθs,‰®‚S’–Ϊ,2022[sanitize]05[sanitize]26,07,‚»‚Μ‘Ό,‚»‚Μ‘Ό,50Ξ‘γ,‚»‚Μ‘Ό,{ω‚Ή‚Έ
ή“,©“]Τ“,“ςθ“,_θ,282022,•ΊΙ§,“ςθs,Όμ‚P’–Ϊ,2021[sanitize]12[sanitize]30,19,‚SK‚ΔΘγ‹¤“―Z‘ξ,’“Τi—Φjκ,20Ξ‘γ,‚»‚Μ‘Ό,{ω‚µ‚½
ή“,©“]Τ“,“ςθ“,_θ,282022,•ΊΙ§,“ςθs,Όμ‚P’–Ϊ,2022[sanitize]01[sanitize]15,21,‚SK‚ΔΘγ‹¤“―Z‘ξ,’“Τi—Φjκ,10Ξ‘γ,’†w¶,{ω‚Ή‚Έ
ή“,©“]Τ“,“ςθ“,_θ,282022,•ΊΙ§,“ςθs,Όμ‚P’–Ϊ,2022[sanitize]02[sanitize]19,21,‚SK‚ΔΘγ‹¤“―Z‘ξ,’“Τi—Φjκ,20Ξ‘γ,‚»‚Μ‘Ό,{ω‚µ‚½
ή“,©“]Τ“,“ςθ“,_θ,282022,•ΊΙ§,“ςθs,Όμ‚P’–Ϊ,2022[sanitize]05[sanitize]15,18,‚SK‚ΔΘγ‹¤“―Z‘ξ,’“Τi—Φjκ,10Ξ‘γ,‘εw¶,{ω‚Ή‚Έ
ή“,©“]Τ“,“ςθ“,_θ,282022,•ΊΙ§,“ςθs,Όμ‚P’–Ϊ,2022[sanitize]05[sanitize]21,02,‚SK‚ΔΘγ‹¤“―Z‘ξ,’“Τi—Φjκ,40Ξ‘γ,‚»‚Μ‘Ό,{ω‚Ή‚Έ
ή“,©“]Τ“,“ςθ“,_θ,282022,•ΊΙ§,“ςθs,Όμ‚P’–Ϊ,2022[sanitize]06[sanitize]16,18,‚SK‚ΔΘγ‹¤“―Z‘ξ,’“Τi—Φjκ,10Ξ‘γ,’†w¶,{ω‚µ‚½
ή“,©“]Τ“,“ςθ“,_θ,282022,•ΊΙ§,“ςθs,Όμ‚P’–Ϊ,2022[sanitize]10[sanitize]17,10,‚SK‚ΔΘγ‹¤“―Z‘ξ,’“Τi—Φjκ,10Ξ‘γ,‚»‚Μ‘Ό,{ω‚Ή‚Έ
ή“,©“]Τ“,“ςθ“,_θ,282022,•ΊΙ§,“ςθs,Όμ‚Q’–Ϊ,2022[sanitize]02[sanitize]01,13,‚SK‚ΔΘγ‹¤“―Z‘ξ,’“Τi—Φjκ,10Ξ‘γ,‚Z¶,{ω‚µ‚½
ή“,©“]Τ“,“ςθ“,_θ,282022,•ΊΙ§,“ςθs,Όμ‚Q’–Ϊ,2022[sanitize]04[sanitize]28,17,κΛZ‘ξ,’“Τi—Φjκ,10Ξ‘γ,‚Z¶,{ω‚µ‚½
ή“,©“]Τ“,“ςθ“,_θ,282022,•ΊΙ§,“ςθs,Όμ‚Q’–Ϊ,2022[sanitize]04[sanitize]30,00,‚SK‚ΔΘγ‹¤“―Z‘ξ,‚»‚Μ‘Ό,10Ξ‘γ,‚»‚Μ‘Ό,{ω‚µ‚½
ή“,©“]Τ“,“ςθ“,_θ,282022,•ΊΙ§,“ςθs,Όμ‚Q’–Ϊ,2022[sanitize]05[sanitize]11,19,‚SK‚ΔΘγ‹¤“―Z‘ξ,’“Τi—Φjκ,40Ξ‘γ,‚»‚Μ‘Ό,{ω‚Ή‚Έ
ή“,©“]Τ“,“ςθ“,_θ,282022,•ΊΙ§,“ςθs,Όμ‚Q’–Ϊ,2022[sanitize]05[sanitize]19,17,‚SK‚ΔΘγ‹¤“―Z‘ξ,’“Τi—Φjκ,20Ξ‘γ,‚»‚Μ‘Ό,{ω‚µ‚½
ή“,©“]Τ“,“ςθ“,_θ,282022,•ΊΙ§,“ςθs,Όμ‚Q’–Ϊ,2022[sanitize]06[sanitize]10,20,‚»‚Μ‘Ό‚ΜZ‘ξi‚RK‚ΔΘ‰Ί‹¤“―Z‘ξ“™j,’“Τi—Φjκ,40Ξ‘γ,‚»‚Μ‘Ό,{ω‚µ‚½
ή“,©“]Τ“,“ςθ“,_θ,282022,•ΊΙ§,“ςθs,Όμ‚Q’–Ϊ,2022[sanitize]09[sanitize]02,17,‚SK‚ΔΘγ‹¤“―Z‘ξ,’“Τi—Φjκ,10Ξ‘γ,‚Z¶,{ω‚Ή‚Έ
ή“,©“]Τ“,“ςθ“,_θ,282022,•ΊΙ§,“ςθs,Όμ‚Q’–Ϊ,2022[sanitize]09[sanitize]09,20,‚SK‚ΔΘγ‹¤“―Z‘ξ,’“Τi—Φjκ,10Ξ‘γ,’†w¶,{ω‚µ‚½
ή“,©“]Τ“,“ςθ“,_θ,282022,•ΊΙ§,“ςθs,Όμ‚Q’–Ϊ,2022[sanitize]09[sanitize]29,15,‚SK‚ΔΘγ‹¤“―Z‘ξ,’“Τi—Φjκ,10Ξ‘γ,‚»‚Μ‘Ό,{ω‚µ‚½
ή“,©“]Τ“,“ςθ“,_θ,282022,•ΊΙ§,“ςθs,Όμ‚Q’–Ϊ,2022[sanitize]09[sanitize]30,23,“ΉHγ,‚»‚Μ‘Ό,60[sanitize]64Ξ,‚»‚Μ‘Ό,{ω‚Ή‚Έ
ή“,©“]Τ“,“ςθ“,_θ,282022,•ΊΙ§,“ςθs,Όμ‚Q’–Ϊ,2022[sanitize]10[sanitize]10,00,“ΉHγ,‚»‚Μ‘Ό,20Ξ‘γ,‚»‚Μ‘Ό,{ω‚Ή‚Έ
ή“,©“]Τ“,“ςθ“,_θ,282022,•ΊΙ§,“ςθs,Όμ‚Q’–Ϊ,2022[sanitize]10[sanitize]17,08,κΛZ‘ξ,’“Τi—Φjκ,20Ξ‘γ,‚»‚Μ‘Ό,{ω‚µ‚½
ή“,©“]Τ“,“ςθ“,_θ,282022,•ΊΙ§,“ςθs,z“c’¬,2022[sanitize]04[sanitize]04,12,κΛZ‘ξ,’“Τi—Φjκ,10Ξ‘γ,‚Z¶,{ω‚Ή‚Έ
ή“,©“]Τ“,“ςθ“,_θ,282022,•ΊΙ§,“ςθs,z“c’¬,2022[sanitize]05[sanitize]23,16,“ΉHγ,‚»‚Μ‘Ό,60[sanitize]64Ξ,‚»‚Μ‘Ό,{ω‚Ή‚Έ
ή“,©“]Τ“,“ςθ“,_θ,282022,•ΊΙ§,“ςθs,z“c’¬,2022[sanitize]05[sanitize]29,07,’“Τi—Φjκ,’“Τi—Φjκ,30Ξ‘γ,‚»‚Μ‘Ό,{ω‚Ή‚Έ
ή“,©“]Τ“,“ςθ“,ξμ‹΄,282022,•ΊΙ§,“ςθs,Y£–kV’¬‚S’–Ϊ,2022[sanitize]04[sanitize]20,16,“ΉHγ,‚»‚Μ‘Ό,20Ξ‘γ,‚»‚Μ‘Ό,{ω‚µ‚½
ή“,©“]Τ“,“ςθ“,ξμ‹΄,282022,•ΊΙ§,“ςθs,Y£–kV’¬‚S’–Ϊ,2022[sanitize]05[sanitize]12,10,“ΉHγ,‚»‚Μ‘Ό,70ΞΘγ,‚»‚Μ‘Ό,{ω‚µ‚½
ή“,©“]Τ“,“ςθ“,ξμ‹΄,282022,•ΊΙ§,“ςθs,Y£“μV’¬‚S’–Ϊ,2022[sanitize]01[sanitize]19,03,“ΉHγ,‚»‚Μ‘Ό,30Ξ‘γ,‚»‚Μ‘Ό,{ω‚Ή‚Έ
ή“,©“]Τ“,“ςθ“,ξμ‹΄,282022,•ΊΙ§,“ςθs,Y£“μV’¬‚S’–Ϊ,2022[sanitize]06[sanitize]04,12,‚»‚Μ‘Ό‚ΜZ‘ξi‚RK‚ΔΘ‰Ί‹¤“―Z‘ξ“™j,’“Τi—Φjκ,50Ξ‘γ,‚»‚Μ‘Ό,{ω‚Ή‚Έ
ή“,©“]Τ“,“ςθ“,ξμ‹΄,282022,•ΊΙ§,“ςθs,Y£“μV’¬‚S’–Ϊ,2022[sanitize]07[sanitize]03,13,“ΉHγ,‚»‚Μ‘Ό,10Ξ‘γ,‚Z¶,{ω‚µ‚½
ή“,©“]Τ“,“ςθ“,ξμ‹΄,282022,•ΊΙ§,“ςθs,Y£“μV’¬‚S’–Ϊ,2022[sanitize]09[sanitize]26,17,‚»‚Μ‘Ό,’“Τi—Φjκ,10Ξ‘γ,‚Z¶,{ω‚Ή‚Έ
ή“,©“]Τ“,“ςθ“,ξμ‹΄,282022,•ΊΙ§,“ςθs,’·F’†’Κ‚R’–Ϊ,2022[sanitize]07[sanitize]28,10,“ΉHγ,‚»‚Μ‘Ό,40Ξ‘γ,‚»‚Μ‘Ό,{ω‚Ή‚Έ
ή“,©“]Τ“,“ςθ“,ξμ‹΄,282022,•ΊΙ§,“ςθs,“‘ε•¨’¬‚P’–Ϊ,2022[sanitize]07[sanitize]25,09,‚»‚Μ‘Ό,’“Τi—Φjκ,30Ξ‘γ,‚»‚Μ‘Ό,{ω‚Ή‚Έ
ή“,©“]Τ“,“ςθ“,‹£”nκ‘O,282022,•ΊΙ§,“ςθs,’Ε“°‚P’–Ϊ,2022[sanitize]09[sanitize]18,19,‚»‚Μ‘Ό,’“Τi—Φjκ,20Ξ‘γ,‚»‚Μ‘Ό,{ω‚Ή‚Έ
ή“,©“]Τ“,“ςθ“,‹£”nκ‘O,282022,•ΊΙ§,“ςθs,’Ε“°‚Q’–Ϊ,2022[sanitize]06[sanitize]01,18,“ΉHγ,‚»‚Μ‘Ό,10Ξ‘γ,‚»‚Μ‘Ό,{ω‚Ή‚Έ
ή“,©“]Τ“,“ςθ“,‹£”nκ‘O,282022,•ΊΙ§,“ςθs,“c”\‚P’–Ϊ,2021[sanitize]12[sanitize]28,06,‚SK‚ΔΘγ‹¤“―Z‘ξ,‚»‚Μ‘Ό,50Ξ‘γ,‚»‚Μ‘Ό,{ω‚Ή‚Έ
ή“,©“]Τ“,“ςθ“,‹£”nκ‘O,282022,•ΊΙ§,“ςθs,“c”\‚P’–Ϊ,2022[sanitize]02[sanitize]17,19,‚SK‚ΔΘγ‹¤“―Z‘ξ,’“Τi—Φjκ,10Ξ‘γ,‚»‚Μ‘Ό,{ω‚µ‚½
ή“,©“]Τ“,“ςθ“,‹£”nκ‘O,282022,•ΊΙ§,“ςθs,“c”\‚P’–Ϊ,2022[sanitize]08[sanitize]12,13,‚SK‚ΔΘγ‹¤“―Z‘ξ,’“Τi—Φjκ,50Ξ‘γ,‚»‚Μ‘Ό,{ω‚µ‚½
ή“,©“]Τ“,“ςθ“,‹£”nκ‘O,282022,•ΊΙ§,“ςθs,“c”\‚Q’–Ϊ,2022[sanitize]07[sanitize]23,12,‚»‚Μ‘Ό,’“Τi—Φjκ,50Ξ‘γ,‚»‚Μ‘Ό,{ω‚Ή‚Έ
ή“,©“]Τ“,“ςθ“,‹£”nκ‘O,282022,•ΊΙ§,“ςθs,“c”\‚R’–Ϊ,2022[sanitize]05[sanitize]10,19,‚»‚Μ‘Ό‚ΜZ‘ξi‚RK‚ΔΘ‰Ί‹¤“―Z‘ξ“™j,’“Τi—Φjκ,20Ξ‘γ,‚»‚Μ‘Ό,{ω‚µ‚½
ή“,©“]Τ“,“ςθ“,‹£”nκ‘O,282022,•ΊΙ§,“ςθs,“c”\‚R’–Ϊ,2022[sanitize]08[sanitize]24,16,“ΉHγ,‚»‚Μ‘Ό,10Ξ‘γ,‘εw¶,{ω‚Ή‚Έ
ή“,©“]Τ“,“ςθ“,‹£”nκ‘O,282022,•ΊΙ§,“ςθs,“c”\‚S’–Ϊ,2022[sanitize]03[sanitize]02,12,‚SK‚ΔΘγ‹¤“―Z‘ξ,’“Τi—Φjκ,10Ξ‘γ,‚Z¶,{ω‚µ‚½
ή“,©“]Τ“,“ςθ“,‹£”nκ‘O,282022,•ΊΙ§,“ςθs,“c”\‚S’–Ϊ,2022[sanitize]08[sanitize]02,21,‚»‚Μ‘Ό,‚»‚Μ‘Ό,30Ξ‘γ,‚»‚Μ‘Ό,{ω‚µ‚½
ή“,©“]Τ“,“ςθ“,‹£”nκ‘O,282022,•ΊΙ§,“ςθs,“c”\‚S’–Ϊ,2022[sanitize]11[sanitize]05,17,κΛZ‘ξ,’“Τi—Φjκ,10Ξ‘γ,‚Z¶,{ω‚Ή‚Έ
ή“,©“]Τ“,“ςθ“,‹£”nκ‘O,282022,•ΊΙ§,“ςθs,“‰€“c’¬‚Q’–Ϊ,2022[sanitize]01[sanitize]26,23,‚SK‚ΔΘγ‹¤“―Z‘ξ,’“Τi—Φjκ,20Ξ‘γ,‚»‚Μ‘Ό,{ω‚µ‚½
ή“,©“]Τ“,“ςθ“,‹£”nκ‘O,282022,•ΊΙ§,“ςθs,“‰€“c’¬‚Q’–Ϊ,2022[sanitize]05[sanitize]21,12,“ΉHγ,‚»‚Μ‘Ό,30Ξ‘γ,‚»‚Μ‘Ό,{ω‚Ή‚Έ
ή“,©“]Τ“,“ςθ“,‹£”nκ‘O,282022,•ΊΙ§,“ςθs,“‰€“c’¬‚Q’–Ϊ,2022[sanitize]06[sanitize]09,08,‚»‚Μ‘Ό‚ΜZ‘ξi‚RK‚ΔΘ‰Ί‹¤“―Z‘ξ“™j,‚»‚Μ‘Ό,20Ξ‘γ,‚»‚Μ‘Ό,{ω‚Ή‚Έ
ή“,©“]Τ“,“ςθ“,‹£”nκ‘O,282022,•ΊΙ§,“ςθs,“‰€“c’¬‚Q’–Ϊ,2022[sanitize]10[sanitize]23,10,‚SK‚ΔΘγ‹¤“―Z‘ξ,’“Τi—Φjκ,10Ξ‘γ,’†w¶,{ω‚Ή‚Έ
ή“,©“]Τ“,“ςθ“,‹£”nκ‘O,282022,•ΊΙ§,“ςθs,“‰€“c’¬‚R’–Ϊ,2022[sanitize]01[sanitize]17,11,‚»‚Μ‘Ό‚ΜZ‘ξi‚RK‚ΔΘ‰Ί‹¤“―Z‘ξ“™j,’“Τi—Φjκ,70ΞΘγ,‚»‚Μ‘Ό,{ω‚µ‚½
ή“,©“]Τ“,“ςθ“,‹£”nκ‘O,282022,•ΊΙ§,“ςθs,“‰€“c’¬‚R’–Ϊ,2022[sanitize]02[sanitize]06,13,’“Τi—Φjκ,’“Τi—Φjκ,40Ξ‘γ,‚»‚Μ‘Ό,{ω‚µ‚½
ή“,©“]Τ“,“ςθ“,‹£”nκ‘O,282022,•ΊΙ§,“ςθs,“‰€“c’¬‚R’–Ϊ,2022[sanitize]05[sanitize]20,08,‚»‚Μ‘Ό‚ΜZ‘ξi‚RK‚ΔΘ‰Ί‹¤“―Z‘ξ“™j,’“Τi—Φjκ,30Ξ‘γ,‚»‚Μ‘Ό,{ω‚µ‚½
ή“,©“]Τ“,“ςθ“,‹£”nκ‘O,282022,•ΊΙ§,“ςθs,“‰€“c’¬‚R’–Ϊ,2022[sanitize]07[sanitize]30,22,‚»‚Μ‘Ό,’“Τi—Φjκ,20Ξ‘γ,‚»‚Μ‘Ό,{ω‚µ‚½
ή“,©“]Τ“,“ςθ“,‹£”nκ‘O,282022,•ΊΙ§,“ςθs,“‰€“c’¬‚R’–Ϊ,2022[sanitize]10[sanitize]21,20,’“Τi—Φjκ,’“Τi—Φjκ,30Ξ‘γ,‚»‚Μ‘Ό,{ω‚Ή‚Έ
ή“,©“]Τ“,“ςθ“,‹£”nκ‘O,282022,•ΊΙ§,“ςθs,“‰€“c’¬‚T’–Ϊ,2022[sanitize]08[sanitize]11,01,“ΉHγ,‚»‚Μ‘Ό,10Ξ‘γ,‘εw¶,{ω‚Ή‚Έ
ή“,©“]Τ“,“ςθ“,Ό’·F,282022,•ΊΙ§,“ςθs,•}K’¬,2022[sanitize]05[sanitize]09,08,‚»‚Μ‘Ό,‚»‚Μ‘Ό,20Ξ‘γ,‚»‚Μ‘Ό,{ω‚Ή‚Έ
ή“,©“]Τ“,“ςθ“,Ό’·F,282022,•ΊΙ§,“ςθs,,2022[sanitize]05[sanitize]17,15,‚»‚Μ‘Ό,‚»‚Μ‘Ό,65[sanitize]69Ξ,‚»‚Μ‘Ό,{ω‚Ή‚Έ
ή“,©“]Τ“,“ςθ“,Ό’·F,282022,•ΊΙ§,“ςθs,Ό’·F’¬‚P’–Ϊ,2022[sanitize]02[sanitize]06,18,‚»‚Μ‘Ό,’“Τi—Φjκ,10Ξ‘γ,‚Z¶,{ω‚µ‚½
ή“,©“]Τ“,“ςθ“,Ό’·F,282022,•ΊΙ§,“ςθs,Ό’·F’¬‚P’–Ϊ,2022[sanitize]02[sanitize]09,19,‚»‚Μ‘Ό,‚»‚Μ‘Ό,10Ξ‘γ,‚Z¶,{ω‚Ή‚Έ
ή“,©“]Τ“,“ςθ“,Ό’·F,282022,•ΊΙ§,“ςθs,Ό’·F’¬‚P’–Ϊ,2022[sanitize]02[sanitize]28,18,‚»‚Μ‘Ό,’“Τi—Φjκ,30Ξ‘γ,‚»‚Μ‘Ό,{ω‚µ‚½
ή“,©“]Τ“,“ςθ“,Ό’·F,282022,•ΊΙ§,“ςθs,Ό’·F’¬‚P’–Ϊ,2022[sanitize]05[sanitize]15,19,‚»‚Μ‘Ό,‚»‚Μ‘Ό,10Ξ‘γ,‚Z¶,{ω‚Ή‚Έ
ή“,©“]Τ“,“ςθ“,Ό’·F,282022,•ΊΙ§,“ςθs,Ό’·F’¬‚P’–Ϊ,2022[sanitize]05[sanitize]20,17,‚»‚Μ‘Ό,‚»‚Μ‘Ό,10Ξ‘γ,‚Z¶,{ω‚Ή‚Έ
ή“,©“]Τ“,“ςθ“,Ό’·F,282022,•ΊΙ§,“ςθs,Ό’·F’¬‚P’–Ϊ,2022[sanitize]08[sanitize]07,07,‚»‚Μ‘Ό,‚»‚Μ‘Ό,10Ξ‘γ,’†w¶,{ω‚µ‚½
ή“,©“]Τ“,“ςθ“,Ό’·F,282022,•ΊΙ§,“ςθs,Ό’·F’¬‚Q’–Ϊ,2022[sanitize]01[sanitize]14,12,‚»‚Μ‘Ό,’“Τi—Φjκ,20Ξ‘γ,‚»‚Μ‘Ό,{ω‚Ή‚Έ
ή“,©“]Τ“,“ςθ“,Ό’·F,282022,•ΊΙ§,“ςθs,Ό’·F’¬‚Q’–Ϊ,2022[sanitize]02[sanitize]07,20,‚»‚Μ‘Ό,’“Τi—Φjκ,10Ξ‘γ,‚Z¶,{ω‚µ‚½
ή“,©“]Τ“,“ςθ“,Ό’·F,282022,•ΊΙ§,“ςθs,Ό’·F’¬‚Q’–Ϊ,2022[sanitize]02[sanitize]13,22,‚»‚Μ‘Ό,‚»‚Μ‘Ό,10Ξ‘γ,‚Z¶,{ω‚µ‚½
ή“,©“]Τ“,“ςθ“,Ό’·F,282022,•ΊΙ§,“ςθs,Ό’·F’¬‚Q’–Ϊ,2022[sanitize]03[sanitize]28,15,‚SK‚ΔΘγ‹¤“―Z‘ξ,’“Τi—Φjκ,40Ξ‘γ,‚»‚Μ‘Ό,{ω‚µ‚½
ή“,©“]Τ“,“ςθ“,Ό’·F,282022,•ΊΙ§,“ςθs,Ό’·F’¬‚Q’–Ϊ,2022[sanitize]08[sanitize]19,16,‚»‚Μ‘Ό‚ΜZ‘ξi‚RK‚ΔΘ‰Ί‹¤“―Z‘ξ“™j,’“Τi—Φjκ,40Ξ‘γ,‚»‚Μ‘Ό,{ω‚Ή‚Έ
ή“,©“]Τ“,“ςθ“,Ό’·F,282022,•ΊΙ§,“ςθs,Ό’·F’¬‚R’–Ϊ,2022[sanitize]12[sanitize]01,17,’“Τi—Φjκ,’“Τi—Φjκ,10Ξ–Ά–,¬w¶,{ω‚Ή‚Έ
ή“,©“]Τ“,“ςθ“,’·F,282022,•ΊΙ§,“ςθs,’·FΌ’Κ‚Q’–Ϊ,2022[sanitize]03[sanitize]23,10,“ΉHγ,‚»‚Μ‘Ό,70ΞΘγ,‚»‚Μ‘Ό,{ω‚µ‚½
ή“,©“]Τ“,“ςθ“,’·F,282022,•ΊΙ§,“ςθs,’·F–{’Κ‚Q’–Ϊ,2022[sanitize]07[sanitize]04,17,‚»‚Μ‘Ό,‚»‚Μ‘Ό,10Ξ‘γ,’†w¶,{ω‚Ή‚Έ
ή“,©“]Τ“,“ςθ“,’·F,282022,•ΊΙ§,“ςθs,’·F–{’Κ‚Q’–Ϊ,2022[sanitize]10[sanitize]01,13,“ΉHγ,‚»‚Μ‘Ό,10Ξ‘γ,‚Z¶,{ω‚Ή‚Έ
ή“,©“]Τ“,“ςθ“,’·F,282022,•ΊΙ§,“ςθs,’·F–{’Κ‚R’–Ϊ,2022[sanitize]11[sanitize]10,16,κΛZ‘ξ,‚»‚Μ‘Ό,50Ξ‘γ,‚»‚Μ‘Ό,{ω‚µ‚½
ή“,©“]Τ“,“ςθ“,’·F,282022,•ΊΙ§,“ςθs,‹ΰy›’¬‚Q’–Ϊ,2022[sanitize]05[sanitize]22,18,‚»‚Μ‘Ό,’“Τi—Φjκ,10Ξ‘γ,‚Z¶,{ω‚Ή‚Έ
ή“,©“]Τ“,“ςθ“,’·F,282022,•ΊΙ§,“ςθs,‹ΰy›’¬‚Q’–Ϊ,2022[sanitize]11[sanitize]03,09,“ΉHγ,‚»‚Μ‘Ό,60[sanitize]64Ξ,‚»‚Μ‘Ό,{ω‚µ‚½
ή“,©“]Τ“,“ςθ“,’·F,282022,•ΊΙ§,“ςθs,‹ΰy›’¬‚Q’–Ϊ,2022[sanitize]12[sanitize]20,13,κΛZ‘ξ,’“Τi—Φjκ,40Ξ‘γ,‚»‚Μ‘Ό,{ω‚Ή‚Έ
ή“,©“]Τ“,“ςθ“,H–,282022,•ΊΙ§,“ςθs,’––Ό›‚P’–Ϊ,2022[sanitize]11[sanitize]17,15,“ΉHγ,‚»‚Μ‘Ό,70ΞΘγ,‚»‚Μ‘Ό,{ω‚Ή‚Έ
ή“,©“]Τ“,“ςθ“,H–,282022,•ΊΙ§,“ςθs,’––Ό›‚Q’–Ϊ,2021[sanitize]12[sanitize]29,09,‚»‚Μ‘Ό,’“Τi—Φjκ,30Ξ‘γ,‚»‚Μ‘Ό,{ω‚Ή‚Έ
ή“,©“]Τ“,“ςθ“,H–,282022,•ΊΙ§,“ςθs,’––Ό›‚Q’–Ϊ,2022[sanitize]05[sanitize]10,10,‚SK‚ΔΘγ‹¤“―Z‘ξ,’“Τi—Φjκ,10Ξ‘γ,’†w¶,{ω‚µ‚½
ή“,©“]Τ“,“ςθ“,H–,282022,•ΊΙ§,“ςθs,ϋ“c’†‚P’–Ϊ,2022[sanitize]06[sanitize]14,00,‚SK‚ΔΘγ‹¤“―Z‘ξ,’“Τi—Φjκ,20Ξ‘γ,‚»‚Μ‘Ό,{ω‚µ‚½
ή“,©“]Τ“,“ςθ“,H–,282022,•ΊΙ§,“ςθs,δ‰€‚P’–Ϊ,2022[sanitize]04[sanitize]05,13,‚»‚Μ‘Ό,’“Τi—Φjκ,10Ξ‘γ,¬w¶,{ω‚Ή‚Έ
ή“,©“]Τ“,“ςθ“,H–,282022,•ΊΙ§,“ςθs,δ‰€‚P’–Ϊ,2022[sanitize]08[sanitize]07,12,‚SK‚ΔΘγ‹¤“―Z‘ξ,’“Τi—Φjκ,20Ξ‘γ,‚»‚Μ‘Ό,{ω‚Ή‚Έ
ή“,©“]Τ“,“ςθ“,H–,282022,•ΊΙ§,“ςθs,δ‰€‚Q’–Ϊ,2022[sanitize]12[sanitize]02,20,‚»‚Μ‘Ό,’“Τi—Φjκ,20Ξ‘γ,‚»‚Μ‘Ό,{ω‚Ή‚Έ
ή“,©“]Τ“,“ςθ“,H–,282022,•ΊΙ§,“ςθs,“μ΄…,2022[sanitize]06[sanitize]10,21,’“Τi—Φjκ,’“Τi—Φjκ,20Ξ‘γ,‚»‚Μ‘Ό,{ω‚Ή‚Έ
ή“,©“]Τ“,“ςθ“,H–,282022,•ΊΙ§,“ςθs,“μ΄…,2022[sanitize]11[sanitize]03,15,‚»‚Μ‘Ό,’“Τi—Φjκ,30Ξ‘γ,‚»‚Μ‘Ό,{ω‚Ή‚Έ
ή“,©“]Τ“,“ςθ“,H–,282022,•ΊΙ§,“ςθs,“μ΄…,2022[sanitize]11[sanitize]15,20,‚SK‚ΔΘγ‹¤“―Z‘ξ,’“Τi—Φjκ,10Ξ‘γ,‚»‚Μ‘Ό,{ω‚µ‚½
ή“,©“]Τ“,“ςθ“,H–,282022,•ΊΙ§,“ςθs,H–‚P’–Ϊ,2022[sanitize]04[sanitize]05,18,‚SK‚ΔΘγ‹¤“―Z‘ξ,’“Τi—Φjκ,30Ξ‘γ,‚»‚Μ‘Ό,{ω‚µ‚½
ή“,©“]Τ“,“ςθ“,H–,282022,•ΊΙ§,“ςθs,H–‚P’–Ϊ,2022[sanitize]04[sanitize]06,12,‚SK‚ΔΘγ‹¤“―Z‘ξ,‚»‚Μ‘Ό,10Ξ‘γ,’†w¶,{ω‚µ‚½
ή“,©“]Τ“,“ςθ“,H–,282022,•ΊΙ§,“ςθs,H–‚P’–Ϊ,2022[sanitize]05[sanitize]03,22,‚SK‚ΔΘγ‹¤“―Z‘ξ,’“Τi—Φjκ,10Ξ‘γ,’†w¶,{ω‚Ή‚Έ
ή“,©“]Τ“,“ςθ“,H–,282022,•ΊΙ§,“ςθs,H–‚P’–Ϊ,2022[sanitize]05[sanitize]28,12,‚SK‚ΔΘγ‹¤“―Z‘ξ,’“Τi—Φjκ,70ΞΘγ,‚»‚Μ‘Ό,{ω‚µ‚½
ή“,©“]Τ“,“ςθ“,H–,282022,•ΊΙ§,“ςθs,H–‚P’–Ϊ,2022[sanitize]12[sanitize]16,10,‚SK‚ΔΘγ‹¤“―Z‘ξ,’“Τi—Φjκ,60[sanitize]64Ξ,‚»‚Μ‘Ό,{ω‚Ή‚Έ
ή“,©“]Τ“,“ςθ“,H–,282022,•ΊΙ§,“ςθs,H–‚Q’–Ϊ,2022[sanitize]04[sanitize]06,16,‚»‚Μ‘Ό,‚»‚Μ‘Ό,10Ξ‘γ,¬w¶,{ω‚Ή‚Έ
ή“,©“]Τ“,“ςθ“,H–,282022,•ΊΙ§,“ςθs,H–‚Q’–Ϊ,2022[sanitize]05[sanitize]13,08,‚»‚Μ‘Ό,’“Τi—Φjκ,10Ξ‘γ,’†w¶,{ω‚µ‚½
ή“,©“]Τ“,“ςθ“,H–,282022,•ΊΙ§,“ςθs,H–‚R’–Ϊ,2022[sanitize]05[sanitize]03,12,‚SK‚ΔΘγ‹¤“―Z‘ξ,’“Τi—Φjκ,60[sanitize]64Ξ,‚»‚Μ‘Ό,{ω‚Ή‚Έ
ή“,©“]Τ“,“ςθ“,H–,282022,•ΊΙ§,“ςθs,H–‚R’–Ϊ,2022[sanitize]05[sanitize]09,13,‚»‚Μ‘Ό‚ΜZ‘ξi‚RK‚ΔΘ‰Ί‹¤“―Z‘ξ“™j,’“Τi—Φjκ,10Ξ‘γ,¬w¶,{ω‚Ή‚Έ
ή“,©“]Τ“,“ςθ“,H–,282022,•ΊΙ§,“ςθs,H–‚R’–Ϊ,2022[sanitize]09[sanitize]30,05,’“Τi—Φjκ,’“Τi—Φjκ,30Ξ‘γ,‚»‚Μ‘Ό,{ω‚Ή‚Έ
ή“,©“]Τ“,“ςθ“,H–,282022,•ΊΙ§,“ςθs,H–‚T’–Ϊ,2022[sanitize]04[sanitize]03,20,‚»‚Μ‘Ό,’“Τi—Φjκ,20Ξ‘γ,‚»‚Μ‘Ό,{ω‚Ή‚Έ
ή“,©“]Τ“,“ςθ“,H–,282022,•ΊΙ§,“ςθs,H–‚T’–Ϊ,2022[sanitize]04[sanitize]09,13,‚»‚Μ‘Ό,’“Τi—Φjκ,50Ξ‘γ,‚»‚Μ‘Ό,{ω‚Ή‚Έ
ή“,©“]Τ“,“ςθ“,H–,282022,•ΊΙ§,“ςθs,H–‚T’–Ϊ,2022[sanitize]04[sanitize]19,18,‚SK‚ΔΘγ‹¤“―Z‘ξ,’“Τi—Φjκ,10Ξ‘γ,¬w¶,{ω‚µ‚½
ή“,©“]Τ“,“ςθ“,H–,282022,•ΊΙ§,“ςθs,H–‚T’–Ϊ,2022[sanitize]05[sanitize]24,16,‚SK‚ΔΘγ‹¤“―Z‘ξ,’“Τi—Φjκ,10Ξ‘γ,‚Z¶,{ω‚Ή‚Έ
ή“,©“]Τ“,“ςθ“,H–,282022,•ΊΙ§,“ςθs,H–‚T’–Ϊ,2022[sanitize]10[sanitize]01,07,‚SK‚ΔΘγ‹¤“―Z‘ξ,’“Τi—Φjκ,20Ξ‘γ,‚»‚Μ‘Ό,{ω‚µ‚½
ή“,©“]Τ“,“ςθ“,H–,282022,•ΊΙ§,“ςθs,H–‚T’–Ϊ,2022[sanitize]11[sanitize]06,20,‚»‚Μ‘Ό,’“Τi—Φjκ,20Ξ‘γ,‚»‚Μ‘Ό,{ω‚Ή‚Έ
ή“,©“]Τ“,“ςθ“,H–,282022,•ΊΙ§,“ςθs,H–‚U’–Ϊ,2022[sanitize]03[sanitize]05,20,“ΉHγ,‚»‚Μ‘Ό,50Ξ‘γ,‚»‚Μ‘Ό,{ω‚Ή‚Έ
ή“,©“]Τ“,“ςθ“,H–,282022,•ΊΙ§,“ςθs,H–‚U’–Ϊ,2022[sanitize]06[sanitize]02,16,κΛZ‘ξ,‚»‚Μ‘Ό,70ΞΘγ,‚»‚Μ‘Ό,{ω‚µ‚½
ή“,©“]Τ“,“ςθ“,H–,282022,•ΊΙ§,“ςθs,H–‚V’–Ϊ,2022[sanitize]04[sanitize]18,15,‚»‚Μ‘Ό,’“Τi—Φjκ,20Ξ‘γ,‚»‚Μ‘Ό,{ω‚Ή‚Έ
ή“,©“]Τ“,“ςθ“,H–,282022,•ΊΙ§,“ςθs,H–‚V’–Ϊ,2022[sanitize]06[sanitize]09,16,‚SK‚ΔΘγ‹¤“―Z‘ξ,’“Τi—Φjκ,10Ξ‘γ,‚»‚Μ‘Ό,{ω‚µ‚½
ή“,©“]Τ“,“ςθ“,H–,282022,•ΊΙ§,“ςθs,H–‚V’–Ϊ,2022[sanitize]08[sanitize]08,00,‚»‚Μ‘Ό‚ΜZ‘ξi‚RK‚ΔΘ‰Ί‹¤“―Z‘ξ“™j,’“Τi—Φjκ,50Ξ‘γ,‚»‚Μ‘Ό,{ω‚Ή‚Έ
ή“,©“]Τ“,“ςθ“,H–,282022,•ΊΙ§,“ςθs,H–‚V’–Ϊ,2022[sanitize]10[sanitize]17,18,‚»‚Μ‘Ό,’“Τi—Φjκ,20Ξ‘γ,‚»‚Μ‘Ό,{ω‚Ή‚Έ
ή“,©“]Τ“,“ςθ–k,“μ•Ι”V‘‘,282022,•ΊΙ§,“ςθs,…“°’¬‚S’–Ϊ,2022[sanitize]01[sanitize]14,10,‚»‚Μ‘Ό,’“Τi—Φjκ,20Ξ‘γ,‚»‚Μ‘Ό,{ω‚µ‚½
ή“,©“]Τ“,“ςθ–k,“μ•Ι”V‘‘,282022,•ΊΙ§,“ςθs,…“°’¬‚S’–Ϊ,2022[sanitize]04[sanitize]23,21,‚»‚Μ‘Ό‚ΜZ‘ξi‚RK‚ΔΘ‰Ί‹¤“―Z‘ξ“™j,’“Τi—Φjκ,50Ξ‘γ,‚»‚Μ‘Ό,{ω‚µ‚½
ή“,©“]Τ“,“ςθ–k,“μ•Ι”V‘‘,282022,•ΊΙ§,“ςθs,…“°’¬‚S’–Ϊ,2022[sanitize]05[sanitize]02,06,‚SK‚ΔΘγ‹¤“―Z‘ξ,‚»‚Μ‘Ό,60[sanitize]64Ξ,‚»‚Μ‘Ό,{ω‚µ‚½
ή“,©“]Τ“,“ςθ–k,“μ•Ι”V‘‘,282022,•ΊΙ§,“ςθs,…“°’¬‚S’–Ϊ,2022[sanitize]06[sanitize]21,22,‚SK‚ΔΘγ‹¤“―Z‘ξ,‚»‚Μ‘Ό,60[sanitize]64Ξ,‚»‚Μ‘Ό,{ω‚µ‚½
ή“,©“]Τ“,“ςθ–k,“μ•Ι”V‘‘,282022,•ΊΙ§,“ςθs,…“°’¬‚S’–Ϊ,2022[sanitize]06[sanitize]23,13,‚SK‚ΔΘγ‹¤“―Z‘ξ,’“Τi—Φjκ,10Ξ‘γ,’†w¶,{ω‚µ‚½
ή“,©“]Τ“,“ςθ–k,“μ•Ι”V‘‘,282022,•ΊΙ§,“ςθs,…“°’¬‚S’–Ϊ,2022[sanitize]06[sanitize]25,17,‚SK‚ΔΘγ‹¤“―Z‘ξ,’“Τi—Φjκ,10Ξ‘γ,’†w¶,{ω‚Ή‚Έ
ή“,©“]Τ“,“ςθ–k,“μ•Ι”V‘‘,282022,•ΊΙ§,“ςθs,…“°’¬‚S’–Ϊ,2022[sanitize]07[sanitize]01,20,‚»‚Μ‘Ό‚ΜZ‘ξi‚RK‚ΔΘ‰Ί‹¤“―Z‘ξ“™j,’“Τi—Φjκ,20Ξ‘γ,‚»‚Μ‘Ό,{ω‚Ή‚Έ
ή“,©“]Τ“,“ςθ–k,“μ•Ι”V‘‘,282022,•ΊΙ§,“ςθs,…“°’¬‚S’–Ϊ,2022[sanitize]08[sanitize]20,16,‚SK‚ΔΘγ‹¤“―Z‘ξ,’“Τi—Φjκ,70ΞΘγ,‚»‚Μ‘Ό,{ω‚µ‚½
ή“,©“]Τ“,“ςθ–k,“μ•Ι”V‘‘,282022,•ΊΙ§,“ςθs,…“°’¬‚S’–Ϊ,2022[sanitize]10[sanitize]02,19,‚»‚Μ‘Ό,’“Τi—Φjκ,70ΞΘγ,‚»‚Μ‘Ό,{ω‚Ή‚Έ
ή“,©“]Τ“,“ςθ–k,“μ•Ι”V‘‘,282022,•ΊΙ§,“ςθs,…“°’¬‚S’–Ϊ,2022[sanitize]10[sanitize]07,19,‚SK‚ΔΘγ‹¤“―Z‘ξ,’“Τi—Φjκ,10Ξ‘γ,’†w¶,{ω‚Ή‚Έ
ή“,©“]Τ“,“ςθ–k,“μ•Ι”V‘‘,282022,•ΊΙ§,“ςθs,…“°’¬‚S’–Ϊ,2022[sanitize]10[sanitize]25,20,‚SK‚ΔΘγ‹¤“―Z‘ξ,’“Τi—Φjκ,10Ξ‘γ,’†w¶,{ω‚Ή‚Έ
ή“,©“]Τ“,“ςθ–k,“μ•Ι”V‘‘,282022,•ΊΙ§,“ςθs,…“°’¬‚S’–Ϊ,2022[sanitize]12[sanitize]10,16,‚»‚Μ‘Ό‚ΜZ‘ξi‚RK‚ΔΘ‰Ί‹¤“―Z‘ξ“™j,‚»‚Μ‘Ό,20Ξ‘γ,‚»‚Μ‘Ό,{ω‚Ή‚Έ
ή“,©“]Τ“,“ςθ–k,“μ•Ι”V‘‘,282022,•ΊΙ§,“ςθs,…“°’¬‚S’–Ϊ,2022[sanitize]12[sanitize]15,22,‚»‚Μ‘Ό,’“Τi—Φjκ,10Ξ‘γ,’†w¶,{ω‚Ή‚Έ
ή“,©“]Τ“,“ςθ–k,“μ•Ι”V‘‘,282022,•ΊΙ§,“ςθs,…“°’¬‚S’–Ϊ,2022[sanitize]12[sanitize]23,23,‚SK‚ΔΘγ‹¤“―Z‘ξ,’“Τi—Φjκ,20Ξ‘γ,‚»‚Μ‘Ό,{ω‚Ή‚Έ
ή“,©“]Τ“,“ςθ–k,“μ•Ι”V‘‘,282022,•ΊΙ§,“ςθs,“μ•Ι”V‘‘‚S’–Ϊ,2017[sanitize]06[sanitize]18,00,κΛZ‘ξ,‚»‚Μ‘Ό,10Ξ‘γ,‘εw¶,{ω‚Ή‚Έ
ή“,©“]Τ“,“ςθ–k,“μ•Ι”V‘‘,282022,•ΊΙ§,“ςθs,“μ•Ι”V‘‘‚S’–Ϊ,2022[sanitize]04[sanitize]09,21,‚»‚Μ‘Ό‚ΜZ‘ξi‚RK‚ΔΘ‰Ί‹¤“―Z‘ξ“™j,’“Τi—Φjκ,40Ξ‘γ,‚»‚Μ‘Ό,{ω‚µ‚½
ή“,©“]Τ“,“ςθ–k,“μ•Ι”V‘‘,282022,•ΊΙ§,“ςθs,“μ•Ι”V‘‘‚S’–Ϊ,2022[sanitize]05[sanitize]04,21,‚SK‚ΔΘγ‹¤“―Z‘ξ,’“Τi—Φjκ,10Ξ‘γ,‚Z¶,{ω‚µ‚½
ή“,©“]Τ“,“ςθ–k,“μ•Ι”V‘‘,282022,•ΊΙ§,“ςθs,“μ•Ι”V‘‘‚S’–Ϊ,2022[sanitize]05[sanitize]05,20,‚SK‚ΔΘγ‹¤“―Z‘ξ,‚»‚Μ‘Ό,10Ξ‘γ,‚Z¶,{ω‚Ή‚Έ
ή“,©“]Τ“,“ςθ–k,“μ•Ι”V‘‘,282022,•ΊΙ§,“ςθs,“μ•Ι”V‘‘‚S’–Ϊ,2022[sanitize]08[sanitize]07,23,‚SK‚ΔΘγ‹¤“―Z‘ξ,‚»‚Μ‘Ό,10Ξ‘γ,‚Z¶,{ω‚Ή‚Έ
ή“,©“]Τ“,“ςθ–k,“μ•Ι”V‘‘,282022,•ΊΙ§,“ςθs,“μ•Ι”V‘‘‚S’–Ϊ,2022[sanitize]08[sanitize]27,00,‚SK‚ΔΘγ‹¤“―Z‘ξ,’“Τi—Φjκ,40Ξ‘γ,‚»‚Μ‘Ό,{ω‚Ή‚Έ
ή“,©“]Τ“,“ςθ–k,“μ•Ι”V‘‘,282022,•ΊΙ§,“ςθs,“μ•Ι”V‘‘‚T’–Ϊ,2022[sanitize]10[sanitize]16,11,‚SK‚ΔΘγ‹¤“―Z‘ξ,’“Τi—Φjκ,40Ξ‘γ,‚»‚Μ‘Ό,{ω‚Ή‚Έ
ή“,©“]Τ“,“ςθ–k,“μ•Ι”V‘‘,282022,•ΊΙ§,“ςθs,“μ•Ι”V‘‘‚U’–Ϊ,2022[sanitize]07[sanitize]27,16,κΛZ‘ξ,’“Τi—Φjκ,40Ξ‘γ,‚»‚Μ‘Ό,{ω‚Ή‚Έ
ή“,©“]Τ“,“ςθ–k,“μ•Ι”V‘‘,282022,•ΊΙ§,“ςθs,“μ•Ι”V‘‘‚V’–Ϊ,2022[sanitize]02[sanitize]02,16,‚SK‚ΔΘγ‹¤“―Z‘ξ,’“Τi—Φjκ,20Ξ‘γ,‚»‚Μ‘Ό,{ω‚µ‚½
ή“,©“]Τ“,“ςθ–k,“μ•Ι”V‘‘,282022,•ΊΙ§,“ςθs,“μ•Ι”V‘‘‚V’–Ϊ,2022[sanitize]03[sanitize]10,19,“ΉHγ,‚»‚Μ‘Ό,50Ξ‘γ,‚»‚Μ‘Ό,{ω‚µ‚½
ή“,©“]Τ“,“ςθ–k,“μ•Ι”V‘‘,282022,•ΊΙ§,“ςθs,“μ•Ι”V‘‘‚V’–Ϊ,2022[sanitize]08[sanitize]19,17,‚SK‚ΔΘγ‹¤“―Z‘ξ,’“Τi—Φjκ,40Ξ‘γ,‚»‚Μ‘Ό,{ω‚Ή‚Έ
ή“,©“]Τ“,“ςθ–k,“μ•Ι”V‘‘,282022,•ΊΙ§,“ςθs,“μ•Ι”V‘‘‚V’–Ϊ,2022[sanitize]08[sanitize]21,23,‚SK‚ΔΘγ‹¤“―Z‘ξ,’“Τi—Φjκ,50Ξ‘γ,‚»‚Μ‘Ό,{ω‚µ‚½
ή“,©“]Τ“,“ςθ–k,“μ•Ι”V‘‘,282022,•ΊΙ§,“ςθs,“μ•Ι”V‘‘‚V’–Ϊ,2022[sanitize]10[sanitize]09,00,‚»‚Μ‘Ό‚ΜZ‘ξi‚RK‚ΔΘ‰Ί‹¤“―Z‘ξ“™j,’“Τi—Φjκ,30Ξ‘γ,‚»‚Μ‘Ό,{ω‚Ή‚Έ
ή“,©“]Τ“,“ςθ–k,“μ•Ι”V‘‘,282022,•ΊΙ§,“ςθs,“μ•Ι”V‘‘‚V’–Ϊ,2022[sanitize]11[sanitize]10,19,‚SK‚ΔΘγ‹¤“―Z‘ξ,’“Τi—Φjκ,30Ξ‘γ,‚»‚Μ‘Ό,{ω‚µ‚½
ή“,©“]Τ“,“ςθ–k,“μ•Ι”V‘‘,282022,•ΊΙ§,“ςθs,“μ•Ι”V‘‘‚W’–Ϊ,2022[sanitize]05[sanitize]23,21,‚SK‚ΔΘγ‹¤“―Z‘ξ,’“Τi—Φjκ,40Ξ‘γ,‚»‚Μ‘Ό,{ω‚µ‚½
ή“,©“]Τ“,“ςθ–k,“μ•Ι”V‘‘,282022,•ΊΙ§,“ςθs,“μ•Ι”V‘‘‚W’–Ϊ,2022[sanitize]07[sanitize]10,17,‚SK‚ΔΘγ‹¤“―Z‘ξ,’“Τi—Φjκ,30Ξ‘γ,‚»‚Μ‘Ό,{ω‚Ή‚Έ
ή“,©“]Τ“,“ςθ–k,“μ•Ι”V‘‘,282022,•ΊΙ§,“ςθs,“μ•Ι”V‘‘‚W’–Ϊ,2022[sanitize]07[sanitize]27,18,κΛZ‘ξ,’“Τi—Φjκ,10Ξ‘γ,’†w¶,{ω‚Ή‚Έ
ή“,©“]Τ“,“ςθ–k,“μ•Ι”V‘‘,282022,•ΊΙ§,“ςθs,“μ•Ι”V‘‘‚W’–Ϊ,2022[sanitize]08[sanitize]24,08,‚SK‚ΔΘγ‹¤“―Z‘ξ,’“Τi—Φjκ,20Ξ‘γ,‚»‚Μ‘Ό,{ω‚µ‚½
ή“,©“]Τ“,“ςθ–k,“μ•Ι”V‘‘,282022,•ΊΙ§,“ςθs,“μ•Ι”V‘‘‚W’–Ϊ,2022[sanitize]11[sanitize]23,01,‚SK‚ΔΘγ‹¤“―Z‘ξ,’“Τi—Φjκ,20Ξ‘γ,‚»‚Μ‘Ό,{ω‚Ή‚Έ
ή“,©“]Τ“,“ςθ–k,“μ•Ι”V‘‘,282022,•ΊΙ§,“ςθs,“μ•Ι”V‘‘‚X’–Ϊ,2022[sanitize]09[sanitize]16,12,“ΉHγ,‚»‚Μ‘Ό,50Ξ‘γ,‚»‚Μ‘Ό,{ω‚Ή‚Έ
ή“,©“]Τ“,“ςθ–k,“μ•Ι”V‘‘,282022,•ΊΙ§,“ςθs,“μ•Ι”V‘‘‚X’–Ϊ,2022[sanitize]10[sanitize]19,20,κΛZ‘ξ,‚»‚Μ‘Ό,30Ξ‘γ,‚»‚Μ‘Ό,{ω‚Ή‚Έ
ή“,©“]Τ“,“ςθ–k,“μ•Ι”V‘‘,282022,•ΊΙ§,“ςθs,“μ•Ι”V‘‘‚P‚O’–Ϊ,2021[sanitize]11[sanitize]23,20,‚SK‚ΔΘγ‹¤“―Z‘ξ,’“Τi—Φjκ,40Ξ‘γ,‚»‚Μ‘Ό,{ω‚µ‚½
ή“,©“]Τ“,“ςθ–k,“μ•Ι”V‘‘,282022,•ΊΙ§,“ςθs,“μ•Ι”V‘‘‚P‚O’–Ϊ,2022[sanitize]05[sanitize]03,23,‚SK‚ΔΘγ‹¤“―Z‘ξ,’“Τi—Φjκ,20Ξ‘γ,‚»‚Μ‘Ό,{ω‚µ‚½
ή“,©“]Τ“,“ςθ–k,“μ•Ι”V‘‘,282022,•ΊΙ§,“ςθs,“μ•Ι”V‘‘‚P‚O’–Ϊ,2022[sanitize]05[sanitize]22,00,‚»‚Μ‘Ό,‚»‚Μ‘Ό,10Ξ‘γ,‚Z¶,{ω‚Ή‚Έ
ή“,©“]Τ“,“ςθ–k,“μ•Ι”V‘‘,282022,•ΊΙ§,“ςθs,“μ•Ι”V‘‘‚P‚O’–Ϊ,2022[sanitize]05[sanitize]31,15,‚SK‚ΔΘγ‹¤“―Z‘ξ,’“Τi—Φjκ,20Ξ‘γ,‚»‚Μ‘Ό,{ω‚µ‚½
ή“,©“]Τ“,“ςθ–k,“μ•Ι”V‘‘,282022,•ΊΙ§,“ςθs,“μ•Ι”V‘‘‚P‚O’–Ϊ,2022[sanitize]05[sanitize]31,18,‚SK‚ΔΘγ‹¤“―Z‘ξ,’“Τi—Φjκ,20Ξ‘γ,‚»‚Μ‘Ό,{ω‚µ‚½
ή“,©“]Τ“,“ςθ–k,“μ•Ι”V‘‘,282022,•ΊΙ§,“ςθs,“μ•Ι”V‘‘‚P‚O’–Ϊ,2022[sanitize]07[sanitize]01,09,’“Τi—Φjκ,’“Τi—Φjκ,10Ξ‘γ,‚»‚Μ‘Ό,{ω‚Ή‚Έ
ή“,©“]Τ“,“ςθ–k,“μ•Ι”V‘‘,282022,•ΊΙ§,“ςθs,“μ•Ι”V‘‘‚P‚O’–Ϊ,2022[sanitize]07[sanitize]01,18,‚SK‚ΔΘγ‹¤“―Z‘ξ,’“Τi—Φjκ,40Ξ‘γ,‚»‚Μ‘Ό,{ω‚µ‚½
ή“,©“]Τ“,“ςθ–k,“μ•Ι”V‘‘,282022,•ΊΙ§,“ςθs,“μ•Ι”V‘‘‚P‚O’–Ϊ,2022[sanitize]07[sanitize]28,11,’“Τi—Φjκ,’“Τi—Φjκ,10Ξ‘γ,‚Z¶,{ω‚Ή‚Έ
ή“,©“]Τ“,“ςθ–k,“μ•Ι”V‘‘,282022,•ΊΙ§,“ςθs,“μ•Ι”V‘‘‚P‚O’–Ϊ,2022[sanitize]10[sanitize]18,15,’“Τi—Φjκ,’“Τi—Φjκ,20Ξ‘γ,‚»‚Μ‘Ό,{ω‚µ‚½
ή“,©“]Τ“,“ςθ–k,“μ•Ι”V‘‘,282022,•ΊΙ§,“ςθs,“μ•Ι”V‘‘‚P‚O’–Ϊ,2022[sanitize]10[sanitize]20,19,‚SK‚ΔΘγ‹¤“―Z‘ξ,’“Τi—Φjκ,70ΞΘγ,‚»‚Μ‘Ό,{ω‚Ή‚Έ
ή“,©“]Τ“,“ςθ–k,“μ•Ι”V‘‘,282022,•ΊΙ§,“ςθs,“μ•Ι”V‘‘‚P‚O’–Ϊ,2022[sanitize]10[sanitize]26,05,’“Τi—Φjκ,’“Τi—Φjκ,10Ξ‘γ,‚»‚Μ‘Ό,{ω‚Ή‚Έ
ή“,©“]Τ“,“ςθ–k,“μ•Ι”V‘‘,282022,•ΊΙ§,“ςθs,“μ•Ι”V‘‘‚P‚P’–Ϊ,2022[sanitize]02[sanitize]25,20,κΛZ‘ξ,’“Τi—Φjκ,40Ξ‘γ,‚»‚Μ‘Ό,{ω‚Ή‚Έ
ή“,©“]Τ“,“ςθ–k,“μ•Ι”V‘‘,282022,•ΊΙ§,“ςθs,“μ•Ι”V‘‘‚P‚P’–Ϊ,2022[sanitize]03[sanitize]30,03,‚SK‚ΔΘγ‹¤“―Z‘ξ,‚»‚Μ‘Ό,20Ξ‘γ,‚»‚Μ‘Ό,{ω‚µ‚½
ή“,©“]Τ“,“ςθ–k,“μ•Ι”V‘‘,282022,•ΊΙ§,“ςθs,“μ•Ι”V‘‘‚P‚P’–Ϊ,2022[sanitize]04[sanitize]20,12,‚SK‚ΔΘγ‹¤“―Z‘ξ,’“Τi—Φjκ,10Ξ‘γ,‚Z¶,{ω‚µ‚½
ή“,©“]Τ“,“ςθ–k,“μ•Ι”V‘‘,282022,•ΊΙ§,“ςθs,“μ•Ι”V‘‘‚P‚P’–Ϊ,2022[sanitize]07[sanitize]27,17,‚»‚Μ‘Ό,’“Τi—Φjκ,20Ξ‘γ,‚»‚Μ‘Ό,{ω‚Ή‚Έ
ή“,©“]Τ“,“ςθ–k,“μ•Ι”V‘‘,282022,•ΊΙ§,“ςθs,“μ•Ι”V‘‘‚P‚P’–Ϊ,2022[sanitize]08[sanitize]28,09,‚SK‚ΔΘγ‹¤“―Z‘ξ,’“Τi—Φjκ,50Ξ‘γ,‚»‚Μ‘Ό,{ω‚µ‚½
ή“,©“]Τ“,“ςθ–k,“μ•Ι”V‘‘,282022,•ΊΙ§,“ςθs,“μ•Ι”V‘‘‚P‚P’–Ϊ,2022[sanitize]09[sanitize]09,12,‚SK‚ΔΘγ‹¤“―Z‘ξ,’“Τi—Φjκ,70ΞΘγ,‚»‚Μ‘Ό,{ω‚µ‚½
ή“,©“]Τ“,“ςθ–k,“μ•Ι”V‘‘,282022,•ΊΙ§,“ςθs,“μ•Ι”V‘‘‚P‚Q’–Ϊ,2022[sanitize]04[sanitize]25,18,‚»‚Μ‘Ό,‚»‚Μ‘Ό,10Ξ‘γ,’†w¶,{ω‚Ή‚Έ
ή“,©“]Τ“,“ςθ–k,“μ•Ι”V‘‘,282022,•ΊΙ§,“ςθs,Ό—§‰Τ’¬‚P’–Ϊ,2022[sanitize]12[sanitize]12,00,’“Τi—Φjκ,’“Τi—Φjκ,50Ξ‘γ,‚»‚Μ‘Ό,{ω‚Ή‚Έ
ή“,©“]Τ“,“ςθ–k,’Λϋ–k,282022,•ΊΙ§,“ςθs,’Λϋ’¬‚U’–Ϊ,2022[sanitize]04[sanitize]24,18,‚»‚Μ‘Ό‚ΜZ‘ξi‚RK‚ΔΘ‰Ί‹¤“―Z‘ξ“™j,’“Τi—Φjκ,10Ξ‘γ,‚Z¶,{ω‚Ή‚Έ
ή“,©“]Τ“,“ςθ–k,’Λϋ–k,282022,•ΊΙ§,“ςθs,’Λϋ’¬‚U’–Ϊ,2022[sanitize]10[sanitize]13,12,‚»‚Μ‘Ό‚ΜZ‘ξi‚RK‚ΔΘ‰Ί‹¤“―Z‘ξ“™j,’“Τi—Φjκ,65[sanitize]69Ξ,‚»‚Μ‘Ό,{ω‚µ‚½
ή“,©“]Τ“,“ςθ–k,’Λϋ–k,282022,•ΊΙ§,“ςθs,•xΌ’¬‚P’–Ϊ,2021[sanitize]11[sanitize]04,02,“ΉHγ,‚»‚Μ‘Ό,–@lE’c‘ΜA”νQÒ‚Θ‚µ,–@lE’c‘ΜA”νQÒ‚Θ‚µ,{ω‚Ή‚Έ
ή“,©“]Τ“,“ςθ–k,’Λϋ–k,282022,•ΊΙ§,“ςθs,•xΌ’¬‚P’–Ϊ,2022[sanitize]01[sanitize]27,22,“ΉHγ,‚»‚Μ‘Ό,10Ξ‘γ,‚Z¶,{ω‚Ή‚Έ
ή“,©“]Τ“,“ςθ–k,’Λϋ–k,282022,•ΊΙ§,“ςθs,•xΌ’¬‚P’–Ϊ,2022[sanitize]05[sanitize]20,00,‚»‚Μ‘Ό,’“Τi—Φjκ,70ΞΘγ,‚»‚Μ‘Ό,{ω‚Ή‚Έ
ή“,©“]Τ“,“ςθ–k,’Λϋ–k,282022,•ΊΙ§,“ςθs,•xΌ’¬‚P’–Ϊ,2022[sanitize]09[sanitize]10,17,‚SK‚ΔΘγ‹¤“―Z‘ξ,’“Τi—Φjκ,10Ξ–Ά–,¬w¶,{ω‚Ή‚Έ
ή“,©“]Τ“,“ςθ–k,’Λϋ–k,282022,•ΊΙ§,“ςθs,•xΌ’¬‚Q’–Ϊ,2022[sanitize]05[sanitize]21,02,‚»‚Μ‘Ό‚ΜZ‘ξi‚RK‚ΔΘ‰Ί‹¤“―Z‘ξ“™j,‚»‚Μ‘Ό,40Ξ‘γ,‚»‚Μ‘Ό,{ω‚Ή‚Έ
ή“,©“]Τ“,“ςθ–k,’Λϋ–k,282022,•ΊΙ§,“ςθs,•Ι”V‘‘“‚Q’–Ϊ,2022[sanitize]04[sanitize]21,16,κΛZ‘ξ,’“Τi—Φjκ,20Ξ‘γ,‘εw¶,{ω‚µ‚½
ή“,©“]Τ“,“ςθ–k,’Λϋ–k,282022,•ΊΙ§,“ςθs,•Ι”V‘‘“‚Q’–Ϊ,2022[sanitize]06[sanitize]24,23,’“Τi—Φjκ,’“Τi—Φjκ,10Ξ‘γ,‚Z¶,{ω‚µ‚½
ή“,©“]Τ“,“ςθ–k,’Λϋ–k,282022,•ΊΙ§,“ςθs,•Ι”V‘‘–{’¬‚R’–Ϊ,2022[sanitize]03[sanitize]31,23,‚»‚Μ‘Ό,’“Τi—Φjκ,20Ξ‘γ,‚»‚Μ‘Ό,{ω‚µ‚½
ή“,©“]Τ“,“ςθ–k,’Λϋ“,282022,•ΊΙ§,“ςθs,’––Ό›‚R’–Ϊ,2022[sanitize]07[sanitize]31,19,‚»‚Μ‘Ό,’“Τi—Φjκ,30Ξ‘γ,‚»‚Μ‘Ό,{ω‚Ή‚Έ
ή“,©“]Τ“,“ςθ–k,’Λϋ“,282022,•ΊΙ§,“ςθs,’––Ό›‚R’–Ϊ,2022[sanitize]09[sanitize]16,17,‚»‚Μ‘Ό,’“Τi—Φjκ,10Ξ‘γ,¬w¶,{ω‚Ή‚Έ
ή“,©“]Τ“,“ςθ–k,’Λϋ“,282022,•ΊΙ§,“ςθs,’Λϋ–{’¬‚P’–Ϊ,2022[sanitize]01[sanitize]16,12,‚»‚Μ‘Ό‚ΜZ‘ξi‚RK‚ΔΘ‰Ί‹¤“―Z‘ξ“™j,’“Τi—Φjκ,30Ξ‘γ,‚»‚Μ‘Ό,{ω‚µ‚½
ή“,©“]Τ“,“ςθ–k,’Λϋ“,282022,•ΊΙ§,“ςθs,’Λϋ–{’¬‚P’–Ϊ,2022[sanitize]02[sanitize]23,15,κΛZ‘ξ,‚»‚Μ‘Ό,70ΞΘγ,‚»‚Μ‘Ό,{ω‚µ‚½
ή“,©“]Τ“,“ςθ–k,’Λϋ“,282022,•ΊΙ§,“ςθs,’Λϋ–{’¬‚P’–Ϊ,2022[sanitize]08[sanitize]05,17,“ΉHγ,‚»‚Μ‘Ό,50Ξ‘γ,‚»‚Μ‘Ό,{ω‚µ‚½
ή“,©“]Τ“,“ςθ–k,’Λϋ“,282022,•ΊΙ§,“ςθs,’Λϋ–{’¬‚P’–Ϊ,2022[sanitize]10[sanitize]10,06,‚»‚Μ‘Ό,’“Τi—Φjκ,30Ξ‘γ,‚»‚Μ‘Ό,{ω‚Ή‚Έ
ή“,©“]Τ“,“ςθ–k,’Λϋ“,282022,•ΊΙ§,“ςθs,’Λϋ–{’¬‚P’–Ϊ,2022[sanitize]10[sanitize]23,09,‚»‚Μ‘Ό,’“Τi—Φjκ,20Ξ‘γ,‘εw¶,{ω‚Ή‚Έ
ή“,©“]Τ“,“ςθ–k,’Λϋ“,282022,•ΊΙ§,“ςθs,’Λϋ–{’¬‚Q’–Ϊ,2022[sanitize]12[sanitize]18,21,κΛZ‘ξ,’“Τi—Φjκ,40Ξ‘γ,‚»‚Μ‘Ό,{ω‚Ή‚Έ
ή“,©“]Τ“,“ςθ–k,’Λϋ“,282022,•ΊΙ§,“ςθs,’Λϋ–{’¬‚R’–Ϊ,2022[sanitize]03[sanitize]02,16,“ΉHγ,‚»‚Μ‘Ό,50Ξ‘γ,‚»‚Μ‘Ό,{ω‚µ‚½
ή“,©“]Τ“,“ςθ–k,’Λϋ“,282022,•ΊΙ§,“ςθs,’Λϋ–{’¬‚R’–Ϊ,2022[sanitize]05[sanitize]26,08,‚»‚Μ‘Ό‚ΜZ‘ξi‚RK‚ΔΘ‰Ί‹¤“―Z‘ξ“™j,’“Τi—Φjκ,70ΞΘγ,‚»‚Μ‘Ό,{ω‚µ‚½
ή“,©“]Τ“,“ςθ–k,’Λϋ“,282022,•ΊΙ§,“ςθs,’Λϋ–{’¬‚R’–Ϊ,2022[sanitize]09[sanitize]06,10,‚»‚Μ‘Ό‚ΜZ‘ξi‚RK‚ΔΘ‰Ί‹¤“―Z‘ξ“™j,’“Τi—Φjκ,10Ξ‘γ,‚Z¶,{ω‚µ‚½
ή“,©“]Τ“,“ςθ–k,’Λϋ“,282022,•ΊΙ§,“ςθs,’Λϋ–{’¬‚S’–Ϊ,2021[sanitize]08[sanitize]10,00,‚»‚Μ‘Ό,’“Τi—Φjκ,–@lE’c‘ΜA”νQÒ‚Θ‚µ,–@lE’c‘ΜA”νQÒ‚Θ‚µ,{ω‚Ή‚Έ
ή“,©“]Τ“,“ςθ–k,’Λϋ“,282022,•ΊΙ§,“ςθs,’Λϋ–{’¬‚S’–Ϊ,2022[sanitize]03[sanitize]13,10,‚»‚Μ‘Ό,’“Τi—Φjκ,50Ξ‘γ,‚»‚Μ‘Ό,{ω‚Ή‚Έ
ή“,©“]Τ“,“ςθ–k,’Λϋ“,282022,•ΊΙ§,“ςθs,’Λϋ–{’¬‚S’–Ϊ,2022[sanitize]03[sanitize]21,14,‚»‚Μ‘Ό,’“Τi—Φjκ,10Ξ–Ά–,¬w¶,{ω‚µ‚½
ή“,©“]Τ“,“ςθ–k,’Λϋ“,282022,•ΊΙ§,“ςθs,’Λϋ–{’¬‚S’–Ϊ,2022[sanitize]04[sanitize]09,14,‚»‚Μ‘Ό,‚»‚Μ‘Ό,70ΞΘγ,‚»‚Μ‘Ό,{ω‚µ‚½
ή“,©“]Τ“,“ςθ–k,’Λϋ“,282022,•ΊΙ§,“ςθs,’Λϋ–{’¬‚S’–Ϊ,2022[sanitize]05[sanitize]17,12,‚»‚Μ‘Ό,’“Τi—Φjκ,10Ξ‘γ,‚Z¶,{ω‚Ή‚Έ
ή“,©“]Τ“,“ςθ–k,’Λϋ“,282022,•ΊΙ§,“ςθs,’Λϋ–{’¬‚S’–Ϊ,2022[sanitize]07[sanitize]10,20,‚»‚Μ‘Ό,’“Τi—Φjκ,20Ξ‘γ,‚»‚Μ‘Ό,{ω‚Ή‚Έ
ή“,©“]Τ“,“ςθ–k,’Λϋ“,282022,•ΊΙ§,“ςθs,’Λϋ–{’¬‚S’–Ϊ,2022[sanitize]07[sanitize]27,20,‚»‚Μ‘Ό,’“Τi—Φjκ,10Ξ‘γ,‘εw¶,{ω‚µ‚½
ή“,©“]Τ“,“ςθ–k,’Λϋ“,282022,•ΊΙ§,“ςθs,’Λϋ–{’¬‚S’–Ϊ,2022[sanitize]08[sanitize]21,18,‚»‚Μ‘Ό,’“Τi—Φjκ,20Ξ‘γ,‘εw¶,{ω‚Ή‚Έ
ή“,©“]Τ“,“ςθ–k,’Λϋ“,282022,•ΊΙ§,“ςθs,’Λϋ–{’¬‚S’–Ϊ,2022[sanitize]08[sanitize]21,20,‚»‚Μ‘Ό,’“Τi—Φjκ,20Ξ‘γ,‘εw¶,{ω‚Ή‚Έ
ή“,©“]Τ“,“ςθ–k,’Λϋ“,282022,•ΊΙ§,“ςθs,’Λϋ–{’¬‚S’–Ϊ,2022[sanitize]09[sanitize]17,21,‚»‚Μ‘Ό,’“Τi—Φjκ,10Ξ‘γ,‚Z¶,{ω‚µ‚½
ή“,©“]Τ“,“ςθ–k,’Λϋ“,282022,•ΊΙ§,“ςθs,’Λϋ–{’¬‚S’–Ϊ,2022[sanitize]09[sanitize]18,18,‚»‚Μ‘Ό,’“Τi—Φjκ,30Ξ‘γ,‚»‚Μ‘Ό,{ω‚Ή‚Έ
ή“,©“]Τ“,“ςθ–k,’Λϋ“,282022,•ΊΙ§,“ςθs,’Λϋ–{’¬‚S’–Ϊ,2022[sanitize]09[sanitize]22,19,‚»‚Μ‘Ό,’“Τi—Φjκ,10Ξ‘γ,‘εw¶,{ω‚µ‚½
ή“,©“]Τ“,“ςθ–k,’Λϋ“,282022,•ΊΙ§,“ςθs,’Λϋ–{’¬‚S’–Ϊ,2022[sanitize]09[sanitize]23,10,‚»‚Μ‘Ό,’“Τi—Φjκ,10Ξ‘γ,‚Z¶,{ω‚µ‚½
ή“,©“]Τ“,“ςθ–k,’Λϋ“,282022,•ΊΙ§,“ςθs,’Λϋ–{’¬‚S’–Ϊ,2022[sanitize]10[sanitize]01,11,‚»‚Μ‘Ό,’“Τi—Φjκ,20Ξ‘γ,‚»‚Μ‘Ό,{ω‚Ή‚Έ
ή“,©“]Τ“,“ςθ–k,’Λϋ“,282022,•ΊΙ§,“ςθs,’Λϋ–{’¬‚S’–Ϊ,2022[sanitize]10[sanitize]23,07,‚»‚Μ‘Ό,’“Τi—Φjκ,20Ξ‘γ,‘εw¶,{ω‚µ‚½
ή“,©“]Τ“,“ςθ–k,’Λϋ“,282022,•ΊΙ§,“ςθs,’Λϋ–{’¬‚S’–Ϊ,2022[sanitize]10[sanitize]28,20,‚»‚Μ‘Ό,’“Τi—Φjκ,20Ξ‘γ,‚»‚Μ‘Ό,{ω‚Ή‚Έ
ή“,©“]Τ“,“ςθ–k,’Λϋ“,282022,•ΊΙ§,“ςθs,’Λϋ–{’¬‚S’–Ϊ,2022[sanitize]11[sanitize]07,18,‚»‚Μ‘Ό,’“Τi—Φjκ,10Ξ‘γ,‘εw¶,{ω‚µ‚½
ή“,©“]Τ“,“ςθ–k,’Λϋ“,282022,•ΊΙ§,“ςθs,’Λϋ–{’¬‚S’–Ϊ,2022[sanitize]11[sanitize]07,20,‚»‚Μ‘Ό,’“Τi—Φjκ,30Ξ‘γ,‚»‚Μ‘Ό,{ω‚Ή‚Έ
ή“,©“]Τ“,“ςθ–k,’Λϋ“,282022,•ΊΙ§,“ςθs,’Λϋ–{’¬‚S’–Ϊ,2022[sanitize]11[sanitize]30,12,“ΉHγ,‚»‚Μ‘Ό,20Ξ‘γ,‚»‚Μ‘Ό,{ω‚Ή‚Έ
ή“,©“]Τ“,“ςθ–k,’Λϋ“,282022,•ΊΙ§,“ςθs,’Λϋ–{’¬‚T’–Ϊ,2022[sanitize]05[sanitize]24,16,‚SK‚ΔΘγ‹¤“―Z‘ξ,’“Τi—Φjκ,20Ξ‘γ,‚»‚Μ‘Ό,{ω‚µ‚½
ή“,©“]Τ“,“ςθ–k,’Λϋ“,282022,•ΊΙ§,“ςθs,’Λϋ–{’¬‚U’–Ϊ,2022[sanitize]06[sanitize]03,20,‚SK‚ΔΘγ‹¤“―Z‘ξ,’“Τi—Φjκ,40Ξ‘γ,‚»‚Μ‘Ό,{ω‚µ‚½
ή“,©“]Τ“,“ςθ–k,’Λϋ“,282022,•ΊΙ§,“ςθs,’Λϋ–{’¬‚U’–Ϊ,2022[sanitize]11[sanitize]19,09,‚»‚Μ‘Ό,’“Τi—Φjκ,65[sanitize]69Ξ,‚»‚Μ‘Ό,{ω‚µ‚½
ή“,©“]Τ“,“ςθ–k,’Λϋ“,282022,•ΊΙ§,“ςθs,’Λϋ–{’¬‚V’–Ϊ,2022[sanitize]05[sanitize]25,22,‚SK‚ΔΘγ‹¤“―Z‘ξ,’“Τi—Φjκ,20Ξ‘γ,‚»‚Μ‘Ό,{ω‚µ‚½
ή“,©“]Τ“,“ςθ–k,’Λϋ“,282022,•ΊΙ§,“ςθs,’Λϋ–{’¬‚V’–Ϊ,2022[sanitize]10[sanitize]28,21,κΛZ‘ξ,’“Τi—Φjκ,10Ξ‘γ,‚Z¶,{ω‚Ή‚Έ
ή“,©“]Τ“,“ςθ–k,’ΛϋΌ,282022,•ΊΙ§,“ςθs,’Λϋ’¬‚P’–Ϊ,2021[sanitize]12[sanitize]13,19,“ΉHγ,‚»‚Μ‘Ό,20Ξ‘γ,‚»‚Μ‘Ό,{ω‚µ‚½
ή“,©“]Τ“,“ςθ–k,’ΛϋΌ,282022,•ΊΙ§,“ςθs,’Λϋ’¬‚P’–Ϊ,2022[sanitize]03[sanitize]24,08,“ΉHγ,‚»‚Μ‘Ό,70ΞΘγ,‚»‚Μ‘Ό,{ω‚Ή‚Έ
ή“,©“]Τ“,“ςθ–k,’ΛϋΌ,282022,•ΊΙ§,“ςθs,’Λϋ’¬‚P’–Ϊ,2022[sanitize]03[sanitize]25,03,‚»‚Μ‘Ό,’“Τi—Φjκ,20Ξ‘γ,‘εw¶,{ω‚µ‚½
ή“,©“]Τ“,“ςθ–k,’ΛϋΌ,282022,•ΊΙ§,“ςθs,’Λϋ’¬‚P’–Ϊ,2022[sanitize]04[sanitize]08,17,“ΉHγ,‚»‚Μ‘Ό,40Ξ‘γ,‚»‚Μ‘Ό,{ω‚Ή‚Έ
ή“,©“]Τ“,“ςθ–k,’ΛϋΌ,282022,•ΊΙ§,“ςθs,’Λϋ’¬‚P’–Ϊ,2022[sanitize]05[sanitize]03,09,“ΉHγ,‚»‚Μ‘Ό,20Ξ‘γ,‚»‚Μ‘Ό,{ω‚µ‚½
ή“,©“]Τ“,“ςθ–k,’ΛϋΌ,282022,•ΊΙ§,“ςθs,’Λϋ’¬‚P’–Ϊ,2022[sanitize]05[sanitize]05,00,“ΉHγ,‚»‚Μ‘Ό,20Ξ‘γ,‚»‚Μ‘Ό,{ω‚µ‚½
ή“,©“]Τ“,“ςθ–k,’ΛϋΌ,282022,•ΊΙ§,“ςθs,’Λϋ’¬‚P’–Ϊ,2022[sanitize]06[sanitize]07,07,‚»‚Μ‘Ό,’“Τi—Φjκ,20Ξ‘γ,‚»‚Μ‘Ό,{ω‚µ‚½
ή“,©“]Τ“,“ςθ–k,’ΛϋΌ,282022,•ΊΙ§,“ςθs,’Λϋ’¬‚P’–Ϊ,2022[sanitize]06[sanitize]09,22,‚SK‚ΔΘγ‹¤“―Z‘ξ,’“Τi—Φjκ,10Ξ‘γ,‚Z¶,{ω‚µ‚½
ή“,©“]Τ“,“ςθ–k,’ΛϋΌ,282022,•ΊΙ§,“ςθs,’Λϋ’¬‚P’–Ϊ,2022[sanitize]07[sanitize]26,13,“ΉHγ,‚»‚Μ‘Ό,10Ξ‘γ,‚»‚Μ‘Ό,{ω‚Ή‚Έ
ή“,©“]Τ“,“ςθ–k,’ΛϋΌ,282022,•ΊΙ§,“ςθs,’Λϋ’¬‚P’–Ϊ,2022[sanitize]07[sanitize]30,13,‚SK‚ΔΘγ‹¤“―Z‘ξ,’“Τi—Φjκ,10Ξ‘γ,‚Z¶,{ω‚Ή‚Έ
ή“,©“]Τ“,“ςθ–k,’ΛϋΌ,282022,•ΊΙ§,“ςθs,’Λϋ’¬‚P’–Ϊ,2022[sanitize]08[sanitize]08,09,κΛZ‘ξ,‚»‚Μ‘Ό,30Ξ‘γ,‚»‚Μ‘Ό,{ω‚µ‚½
ή“,©“]Τ“,“ςθ–k,’ΛϋΌ,282022,•ΊΙ§,“ςθs,’Λϋ’¬‚P’–Ϊ,2022[sanitize]08[sanitize]10,21,‚SK‚ΔΘγ‹¤“―Z‘ξ,’“Τi—Φjκ,20Ξ‘γ,‘εw¶,{ω‚Ή‚Έ
ή“,©“]Τ“,“ςθ–k,’ΛϋΌ,282022,•ΊΙ§,“ςθs,’Λϋ’¬‚P’–Ϊ,2022[sanitize]09[sanitize]15,21,‚SK‚ΔΘγ‹¤“―Z‘ξ,‚»‚Μ‘Ό,20Ξ‘γ,‚»‚Μ‘Ό,{ω‚Ή‚Έ
ή“,©“]Τ“,“ςθ–k,’ΛϋΌ,282022,•ΊΙ§,“ςθs,’Λϋ’¬‚P’–Ϊ,2022[sanitize]10[sanitize]13,11,‚SK‚ΔΘγ‹¤“―Z‘ξ,’“Τi—Φjκ,30Ξ‘γ,‚»‚Μ‘Ό,{ω‚Ή‚Έ
ή“,©“]Τ“,“ςθ–k,’ΛϋΌ,282022,•ΊΙ§,“ςθs,’Λϋ’¬‚P’–Ϊ,2022[sanitize]10[sanitize]14,18,‚SK‚ΔΘγ‹¤“―Z‘ξ,’“Τi—Φjκ,20Ξ‘γ,‚»‚Μ‘Ό,{ω‚Ή‚Έ
ή“,©“]Τ“,“ςθ–k,’ΛϋΌ,282022,•ΊΙ§,“ςθs,’Λϋ’¬‚P’–Ϊ,2022[sanitize]10[sanitize]29,19,“ΉHγ,‚»‚Μ‘Ό,40Ξ‘γ,‚»‚Μ‘Ό,{ω‚Ή‚Έ
ή“,©“]Τ“,“ςθ–k,’ΛϋΌ,282022,•ΊΙ§,“ςθs,’Λϋ’¬‚P’–Ϊ,2022[sanitize]11[sanitize]13,03,‚»‚Μ‘Ό,’“Τi—Φjκ,20Ξ‘γ,‘εw¶,{ω‚Ή‚Έ
ή“,©“]Τ“,“ςθ–k,’ΛϋΌ,282022,•ΊΙ§,“ςθs,’Λϋ’¬‚P’–Ϊ,2022[sanitize]11[sanitize]14,21,’“Τi—Φjκ,’“Τi—Φjκ,50Ξ‘γ,‚»‚Μ‘Ό,{ω‚µ‚½
ή“,©“]Τ“,“ςθ–k,’ΛϋΌ,282022,•ΊΙ§,“ςθs,’Λϋ’¬‚P’–Ϊ,2022[sanitize]11[sanitize]25,18,“ΉHγ,‚»‚Μ‘Ό,40Ξ‘γ,‚»‚Μ‘Ό,{ω‚Ή‚Έ
ή“,©“]Τ“,“ςθ–k,’ΛϋΌ,282022,•ΊΙ§,“ςθs,’Λϋ’¬‚P’–Ϊ,2022[sanitize]12[sanitize]02,22,“ΉHγ,‚»‚Μ‘Ό,10Ξ‘γ,‚»‚Μ‘Ό,{ω‚Ή‚Έ
ή“,©“]Τ“,“ςθ–k,’ΛϋΌ,282022,•ΊΙ§,“ςθs,’Λϋ’¬‚P’–Ϊ,2022[sanitize]12[sanitize]14,19,‚SK‚ΔΘγ‹¤“―Z‘ξ,’“Τi—Φjκ,10Ξ–Ά–,¬w¶,{ω‚Ή‚Έ
ή“,©“]Τ“,“ςθ–k,’ΛϋΌ,282022,•ΊΙ§,“ςθs,’Λϋ’¬‚P’–Ϊ,2022[sanitize]12[sanitize]18,15,‚SK‚ΔΘγ‹¤“―Z‘ξ,’“Τi—Φjκ,60[sanitize]64Ξ,‚»‚Μ‘Ό,{ω‚Ή‚Έ
ή“,©“]Τ“,“ςθ–k,’ΛϋΌ,282022,•ΊΙ§,“ςθs,’Λϋ’¬‚Q’–Ϊ,2022[sanitize]08[sanitize]27,21,‚SK‚ΔΘγ‹¤“―Z‘ξ,’“Τi—Φjκ,40Ξ‘γ,‚»‚Μ‘Ό,{ω‚µ‚½
ή“,©“]Τ“,“ςθ–k,’ΛϋΌ,282022,•ΊΙ§,“ςθs,’Λϋ’¬‚R’–Ϊ,2022[sanitize]06[sanitize]03,21,κΛZ‘ξ,‚»‚Μ‘Ό,40Ξ‘γ,‚»‚Μ‘Ό,{ω‚µ‚½
ή“,©“]Τ“,“ςθ–k,’ΛϋΌ,282022,•ΊΙ§,“ςθs,’Λϋ’¬‚S’–Ϊ,2022[sanitize]05[sanitize]14,10,‚»‚Μ‘Ό,’“Τi—Φjκ,40Ξ‘γ,‚»‚Μ‘Ό,{ω‚Ή‚Έ
ή“,©“]Τ“,“ςθ–k,’ΛϋΌ,282022,•ΊΙ§,“ςθs,’Λϋ’¬‚S’–Ϊ,2022[sanitize]05[sanitize]24,14,‚»‚Μ‘Ό,’“Τi—Φjκ,10Ξ‘γ,‚Z¶,{ω‚Ή‚Έ
ή“,©“]Τ“,“ςθ–k,’ΛϋΌ,282022,•ΊΙ§,“ςθs,’Λϋ’¬‚S’–Ϊ,2022[sanitize]08[sanitize]10,02,κΛZ‘ξ,‚»‚Μ‘Ό,10Ξ‘γ,‚Z¶,{ω‚µ‚½
ή“,©“]Τ“,“ςθ–k,’ΛϋΌ,282022,•ΊΙ§,“ςθs,’Λϋ’¬‚S’–Ϊ,2022[sanitize]08[sanitize]10,02,κΛZ‘ξ,‚»‚Μ‘Ό,40Ξ‘γ,‚»‚Μ‘Ό,{ω‚µ‚½
ή“,©“]Τ“,“ςθ–k,’ΛϋΌ,282022,•ΊΙ§,“ςθs,’Λϋ’¬‚S’–Ϊ,2022[sanitize]11[sanitize]12,21,‚»‚Μ‘Ό,’“Τi—Φjκ,20Ξ‘γ,‚»‚Μ‘Ό,{ω‚Ή‚Έ
ή“,©“]Τ“,“ςθ–k,’ΛϋΌ,282022,•ΊΙ§,“ςθs,’Λϋ’¬‚S’–Ϊ,2022[sanitize]12[sanitize]10,18,’“Τi—Φjκ,’“Τi—Φjκ,50Ξ‘γ,‚»‚Μ‘Ό,{ω‚Ή‚Έ
ή“,©“]Τ“,“ςθ–k,’ΛϋΌ,282022,•ΊΙ§,“ςθs,’Λϋ’¬‚T’–Ϊ,2022[sanitize]08[sanitize]29,23,“ΉHγ,‚»‚Μ‘Ό,20Ξ‘γ,‚»‚Μ‘Ό,{ω‚µ‚½
ή“,©“]Τ“,“ςθ–k,’ΛϋΌ,282022,•ΊΙ§,“ςθs,’Λϋ’¬‚T’–Ϊ,2022[sanitize]11[sanitize]05,20,‚SK‚ΔΘγ‹¤“―Z‘ξ,’“Τi—Φjκ,30Ξ‘γ,‚»‚Μ‘Ό,{ω‚µ‚½
ή“,©“]Τ“,“ςθ–k,’ΛϋΌ,282022,•ΊΙ§,“ςθs,’Λϋ’¬‚T’–Ϊ,2022[sanitize]11[sanitize]15,22,‚SK‚ΔΘγ‹¤“―Z‘ξ,’“Τi—Φjκ,20Ξ‘γ,‚»‚Μ‘Ό,{ω‚Ή‚Έ
ή“,©“]Τ“,“ςθ–k,’ΛϋΌ,282022,•ΊΙ§,“ςθs,’Λϋ’¬‚T’–Ϊ,2022[sanitize]11[sanitize]30,01,‚»‚Μ‘Ό‚ΜZ‘ξi‚RK‚ΔΘ‰Ί‹¤“―Z‘ξ“™j,’“Τi—Φjκ,20Ξ‘γ,‚»‚Μ‘Ό,{ω‚Ή‚Έ
ή“,©“]Τ“,“ςθ–k,”φ•l,282022,•ΊΙ§,“ςθs,”φ•l’¬‚P’–Ϊ,2021[sanitize]12[sanitize]19,21,‚»‚Μ‘Ό‚ΜZ‘ξi‚RK‚ΔΘ‰Ί‹¤“―Z‘ξ“™j,’“Τi—Φjκ,20Ξ‘γ,‚»‚Μ‘Ό,{ω‚µ‚½
ή“,©“]Τ“,“ςθ–k,”φ•l,282022,•ΊΙ§,“ςθs,”φ•l’¬‚P’–Ϊ,2022[sanitize]03[sanitize]23,02,“ΉHγ,‚»‚Μ‘Ό,50Ξ‘γ,‚»‚Μ‘Ό,{ω‚Ή‚Έ
ή“,©“]Τ“,“ςθ–k,”φ•l,282022,•ΊΙ§,“ςθs,”φ•l’¬‚P’–Ϊ,2022[sanitize]05[sanitize]05,10,“ΉHγ,‚»‚Μ‘Ό,70ΞΘγ,‚»‚Μ‘Ό,{ω‚Ή‚Έ
ή“,©“]Τ“,“ςθ–k,”φ•l,282022,•ΊΙ§,“ςθs,”φ•l’¬‚Q’–Ϊ,2022[sanitize]12[sanitize]07,11,κΛZ‘ξ,‚»‚Μ‘Ό,10Ξ‘γ,‚Z¶,{ω‚Ή‚Έ
ή“,©“]Τ“,“ςθ–k,”φ•l,282022,•ΊΙ§,“ςθs,”φ•l’¬‚Q’–Ϊ,2022[sanitize]12[sanitize]11,11,‚SK‚ΔΘγ‹¤“―Z‘ξ,’“Τi—Φjκ,70ΞΘγ,‚»‚Μ‘Ό,{ω‚Ή‚Έ
ή“,©“]Τ“,“ςθ–k,”φ•l,282022,•ΊΙ§,“ςθs,”φ•l’¬‚R’–Ϊ,2019[sanitize]11[sanitize]09,19,‚SK‚ΔΘγ‹¤“―Z‘ξ,’“Τi—Φjκ,60[sanitize]64Ξ,‚»‚Μ‘Ό,{ω‚µ‚½
ή“,©“]Τ“,“ςθ–k,”φ•l,282022,•ΊΙ§,“ςθs,”φ•l’¬‚R’–Ϊ,2022[sanitize]05[sanitize]01,16,‚SK‚ΔΘγ‹¤“―Z‘ξ,’“Τi—Φjκ,30Ξ‘γ,‚»‚Μ‘Ό,{ω‚Ή‚Έ
ή“,©“]Τ“,“ςθ–k,”φ•l,282022,•ΊΙ§,“ςθs,”φ•l’¬‚R’–Ϊ,2022[sanitize]11[sanitize]03,14,‚SK‚ΔΘγ‹¤“―Z‘ξ,’“Τi—Φjκ,40Ξ‘γ,‚»‚Μ‘Ό,{ω‚Ή‚Έ
ή“,©“]Τ“,“ςθ–k,”φ•l,282022,•ΊΙ§,“ςθs,”φ•l’¬‚R’–Ϊ,2022[sanitize]11[sanitize]28,05,‚»‚Μ‘Ό,’“Τi—Φjκ,20Ξ‘γ,‘εw¶,{ω‚µ‚½
ή“,©“]Τ“,“ςθ–k,”φ•l,282022,•ΊΙ§,“ςθs,“μ’Λϋ’¬‚T’–Ϊ,2022[sanitize]07[sanitize]20,00,‚SK‚ΔΘγ‹¤“―Z‘ξ,’“Τi—Φjκ,30Ξ‘γ,‚»‚Μ‘Ό,{ω‚Ή‚Έ
ή“,©“]Τ“,“ςθ–k,”φ•l,282022,•ΊΙ§,“ςθs,“μ’Λϋ’¬‚T’–Ϊ,2022[sanitize]10[sanitize]19,01,‚»‚Μ‘Ό,’“Τi—Φjκ,50Ξ‘γ,‚»‚Μ‘Ό,{ω‚µ‚½
ή“,©“]Τ“,“ςθ–k,”φ•l,282022,•ΊΙ§,“ςθs,–Ό_’¬‚P’–Ϊ,2022[sanitize]08[sanitize]04,07,‚SK‚ΔΘγ‹¤“―Z‘ξ,’“Τi—Φjκ,65[sanitize]69Ξ,‚»‚Μ‘Ό,{ω‚µ‚½
ή“,©“]Τ“,“ςθ–k,”φ•l,282022,•ΊΙ§,“ςθs,–Ό_’¬‚P’–Ϊ,2022[sanitize]09[sanitize]17,08,‚»‚Μ‘Ό,’“Τi—Φjκ,40Ξ‘γ,‚»‚Μ‘Ό,{ω‚Ή‚Έ
ή“,©“]Τ“,“ςθ–k,”φ•l,282022,•ΊΙ§,“ςθs,–Ό_’¬‚Q’–Ϊ,2022[sanitize]02[sanitize]22,11,‚»‚Μ‘Ό,’“Τi—Φjκ,65[sanitize]69Ξ,‚»‚Μ‘Ό,{ω‚Ή‚Έ
ή“,©“]Τ“,“ςθ–k,”φ•l,282022,•ΊΙ§,“ςθs,–Ό_’¬‚Q’–Ϊ,2022[sanitize]03[sanitize]12,09,‚»‚Μ‘Ό,’“Τi—Φjκ,10Ξ‘γ,‚Z¶,{ω‚Ή‚Έ
ή“,©“]Τ“,“ςθ–k,”φ•l,282022,•ΊΙ§,“ςθs,–Ό_’¬‚Q’–Ϊ,2022[sanitize]10[sanitize]17,19,‚»‚Μ‘Ό,’“Τi—Φjκ,20Ξ‘γ,‘εw¶,{ω‚Ή‚Έ
ή“,©“]Τ“,“ςθ–k,”φ•l,282022,•ΊΙ§,“ςθs,–Ό_’¬‚Q’–Ϊ,2022[sanitize]11[sanitize]10,11,‚»‚Μ‘Ό,’“Τi—Φjκ,30Ξ‘γ,‚»‚Μ‘Ό,{ω‚Ή‚Έ
ή“,©“]Τ“,“ςθ–k,•Ι”V‘‘,282022,•ΊΙ§,“ςθs,“μ•Ι”V‘‘‚P’–Ϊ,2022[sanitize]02[sanitize]14,15,’“Τi—Φjκ,’“Τi—Φjκ,40Ξ‘γ,‚»‚Μ‘Ό,{ω‚Ή‚Έ
ή“,©“]Τ“,“ςθ–k,•Ι”V‘‘,282022,•ΊΙ§,“ςθs,“μ•Ι”V‘‘‚P’–Ϊ,2022[sanitize]02[sanitize]22,07,’“Τi—Φjκ,’“Τi—Φjκ,10Ξ‘γ,‚Z¶,{ω‚Ή‚Έ
ή“,©“]Τ“,“ςθ–k,•Ι”V‘‘,282022,•ΊΙ§,“ςθs,“μ•Ι”V‘‘‚P’–Ϊ,2022[sanitize]03[sanitize]16,16,“ΉHγ,‚»‚Μ‘Ό,10Ξ‘γ,‘εw¶,{ω‚µ‚½
ή“,©“]Τ“,“ςθ–k,•Ι”V‘‘,282022,•ΊΙ§,“ςθs,“μ•Ι”V‘‘‚P’–Ϊ,2022[sanitize]03[sanitize]17,06,’“Τi—Φjκ,’“Τi—Φjκ,10Ξ‘γ,‚Z¶,{ω‚µ‚½
ή“,©“]Τ“,“ςθ–k,•Ι”V‘‘,282022,•ΊΙ§,“ςθs,“μ•Ι”V‘‘‚P’–Ϊ,2022[sanitize]03[sanitize]17,14,’“Τi—Φjκ,’“Τi—Φjκ,60[sanitize]64Ξ,‚»‚Μ‘Ό,{ω‚µ‚½
ή“,©“]Τ“,“ςθ–k,•Ι”V‘‘,282022,•ΊΙ§,“ςθs,“μ•Ι”V‘‘‚P’–Ϊ,2022[sanitize]05[sanitize]06,20,‚»‚Μ‘Ό,’“Τi—Φjκ,30Ξ‘γ,‚»‚Μ‘Ό,{ω‚µ‚½
ή“,©“]Τ“,“ςθ–k,•Ι”V‘‘,282022,•ΊΙ§,“ςθs,“μ•Ι”V‘‘‚P’–Ϊ,2022[sanitize]05[sanitize]11,09,’“Τi—Φjκ,’“Τi—Φjκ,20Ξ‘γ,‚»‚Μ‘Ό,{ω‚Ή‚Έ
ή“,©“]Τ“,“ςθ–k,•Ι”V‘‘,282022,•ΊΙ§,“ςθs,“μ•Ι”V‘‘‚P’–Ϊ,2022[sanitize]05[sanitize]12,10,’“Τi—Φjκ,’“Τi—Φjκ,10Ξ‘γ,‘εw¶,{ω‚Ή‚Έ
ή“,©“]Τ“,“ςθ–k,•Ι”V‘‘,282022,•ΊΙ§,“ςθs,“μ•Ι”V‘‘‚P’–Ϊ,2022[sanitize]05[sanitize]20,23,’“Τi—Φjκ,’“Τi—Φjκ,20Ξ‘γ,‚»‚Μ‘Ό,{ω‚µ‚½
ή“,©“]Τ“,“ςθ–k,•Ι”V‘‘,282022,•ΊΙ§,“ςθs,“μ•Ι”V‘‘‚P’–Ϊ,2022[sanitize]05[sanitize]25,07,’“Τi—Φjκ,’“Τi—Φjκ,10Ξ‘γ,‘εw¶,{ω‚µ‚½
ή“,©“]Τ“,“ςθ–k,•Ι”V‘‘,282022,•ΊΙ§,“ςθs,“μ•Ι”V‘‘‚P’–Ϊ,2022[sanitize]06[sanitize]11,09,‚»‚Μ‘Ό,’“Τi—Φjκ,40Ξ‘γ,‚»‚Μ‘Ό,{ω‚Ή‚Έ
ή“,©“]Τ“,“ςθ–k,•Ι”V‘‘,282022,•ΊΙ§,“ςθs,“μ•Ι”V‘‘‚P’–Ϊ,2022[sanitize]07[sanitize]26,19,‚»‚Μ‘Ό,’“Τi—Φjκ,20Ξ‘γ,‚»‚Μ‘Ό,{ω‚µ‚½
ή“,©“]Τ“,“ςθ–k,•Ι”V‘‘,282022,•ΊΙ§,“ςθs,“μ•Ι”V‘‘‚P’–Ϊ,2022[sanitize]07[sanitize]27,03,‚»‚Μ‘Ό,’“Τi—Φjκ,10Ξ‘γ,‘εw¶,{ω‚µ‚½
ή“,©“]Τ“,“ςθ–k,•Ι”V‘‘,282022,•ΊΙ§,“ςθs,“μ•Ι”V‘‘‚P’–Ϊ,2022[sanitize]07[sanitize]27,06,‚»‚Μ‘Ό,’“Τi—Φjκ,10Ξ‘γ,‚Z¶,{ω‚µ‚½
ή“,©“]Τ“,“ςθ–k,•Ι”V‘‘,282022,•ΊΙ§,“ςθs,“μ•Ι”V‘‘‚P’–Ϊ,2022[sanitize]07[sanitize]29,18,‚»‚Μ‘Ό,’“Τi—Φjκ,50Ξ‘γ,‚»‚Μ‘Ό,{ω‚µ‚½
ή“,©“]Τ“,“ςθ–k,•Ι”V‘‘,282022,•ΊΙ§,“ςθs,“μ•Ι”V‘‘‚P’–Ϊ,2022[sanitize]08[sanitize]18,18,‚»‚Μ‘Ό,’“Τi—Φjκ,20Ξ‘γ,‚»‚Μ‘Ό,{ω‚µ‚½
ή“,©“]Τ“,“ςθ–k,•Ι”V‘‘,282022,•ΊΙ§,“ςθs,“μ•Ι”V‘‘‚P’–Ϊ,2022[sanitize]08[sanitize]19,16,‚»‚Μ‘Ό,’“Τi—Φjκ,10Ξ‘γ,‘εw¶,{ω‚Ή‚Έ
ή“,©“]Τ“,“ςθ–k,•Ι”V‘‘,282022,•ΊΙ§,“ςθs,“μ•Ι”V‘‘‚P’–Ϊ,2022[sanitize]08[sanitize]20,06,‚SK‚ΔΘγ‹¤“―Z‘ξ,’“Τi—Φjκ,20Ξ‘γ,‚»‚Μ‘Ό,{ω‚µ‚½
ή“,©“]Τ“,“ςθ–k,•Ι”V‘‘,282022,•ΊΙ§,“ςθs,“μ•Ι”V‘‘‚P’–Ϊ,2022[sanitize]09[sanitize]03,11,‚»‚Μ‘Ό,’“Τi—Φjκ,40Ξ‘γ,‚»‚Μ‘Ό,{ω‚Ή‚Έ
ή“,©“]Τ“,“ςθ–k,•Ι”V‘‘,282022,•ΊΙ§,“ςθs,“μ•Ι”V‘‘‚P’–Ϊ,2022[sanitize]09[sanitize]10,14,‚»‚Μ‘Ό,’“Τi—Φjκ,10Ξ‘γ,’†w¶,{ω‚µ‚½
ή“,©“]Τ“,“ςθ–k,•Ι”V‘‘,282022,•ΊΙ§,“ςθs,“μ•Ι”V‘‘‚P’–Ϊ,2022[sanitize]09[sanitize]16,14,‚»‚Μ‘Ό,’“Τi—Φjκ,20Ξ‘γ,‘εw¶,{ω‚Ή‚Έ
ή“,©“]Τ“,“ςθ–k,•Ι”V‘‘,282022,•ΊΙ§,“ςθs,“μ•Ι”V‘‘‚P’–Ϊ,2022[sanitize]09[sanitize]19,14,‚»‚Μ‘Ό‚ΜZ‘ξi‚RK‚ΔΘ‰Ί‹¤“―Z‘ξ“™j,’“Τi—Φjκ,30Ξ‘γ,‚»‚Μ‘Ό,{ω‚µ‚½
ή“,©“]Τ“,“ςθ–k,•Ι”V‘‘,282022,•ΊΙ§,“ςθs,“μ•Ι”V‘‘‚P’–Ϊ,2022[sanitize]09[sanitize]20,05,‚»‚Μ‘Ό,’“Τi—Φjκ,20Ξ‘γ,‘εw¶,{ω‚Ή‚Έ
ή“,©“]Τ“,“ςθ–k,•Ι”V‘‘,282022,•ΊΙ§,“ςθs,“μ•Ι”V‘‘‚P’–Ϊ,2022[sanitize]09[sanitize]20,15,‚»‚Μ‘Ό,’“Τi—Φjκ,10Ξ‘γ,‚Z¶,{ω‚µ‚½
ή“,©“]Τ“,“ςθ–k,•Ι”V‘‘,282022,•ΊΙ§,“ςθs,“μ•Ι”V‘‘‚P’–Ϊ,2022[sanitize]09[sanitize]28,21,‚»‚Μ‘Ό,’“Τi—Φjκ,40Ξ‘γ,‚»‚Μ‘Ό,{ω‚Ή‚Έ
ή“,©“]Τ“,“ςθ–k,•Ι”V‘‘,282022,•ΊΙ§,“ςθs,“μ•Ι”V‘‘‚P’–Ϊ,2022[sanitize]10[sanitize]01,22,’“Τi—Φjκ,’“Τi—Φjκ,20Ξ‘γ,‚»‚Μ‘Ό,{ω‚Ή‚Έ
ή“,©“]Τ“,“ςθ–k,•Ι”V‘‘,282022,•ΊΙ§,“ςθs,“μ•Ι”V‘‘‚P’–Ϊ,2022[sanitize]10[sanitize]07,09,‚»‚Μ‘Ό,’“Τi—Φjκ,10Ξ‘γ,‚Z¶,{ω‚Ή‚Έ
ή“,©“]Τ“,“ςθ–k,•Ι”V‘‘,282022,•ΊΙ§,“ςθs,“μ•Ι”V‘‘‚P’–Ϊ,2022[sanitize]10[sanitize]14,18,“ΉHγ,‚»‚Μ‘Ό,10Ξ‘γ,‚Z¶,{ω‚Ή‚Έ
ή“,©“]Τ“,“ςθ–k,•Ι”V‘‘,282022,•ΊΙ§,“ςθs,“μ•Ι”V‘‘‚P’–Ϊ,2022[sanitize]10[sanitize]16,18,‚»‚Μ‘Ό,’“Τi—Φjκ,40Ξ‘γ,‚»‚Μ‘Ό,{ω‚Ή‚Έ
ή“,©“]Τ“,“ςθ–k,•Ι”V‘‘,282022,•ΊΙ§,“ςθs,“μ•Ι”V‘‘‚P’–Ϊ,2022[sanitize]10[sanitize]28,02,‚SK‚ΔΘγ‹¤“―Z‘ξ,’“Τi—Φjκ,65[sanitize]69Ξ,‚»‚Μ‘Ό,{ω‚Ή‚Έ
ή“,©“]Τ“,“ςθ–k,•Ι”V‘‘,282022,•ΊΙ§,“ςθs,“μ•Ι”V‘‘‚P’–Ϊ,2022[sanitize]10[sanitize]29,19,‚»‚Μ‘Ό,’“Τi—Φjκ,40Ξ‘γ,‚»‚Μ‘Ό,{ω‚Ή‚Έ
ή“,©“]Τ“,“ςθ–k,•Ι”V‘‘,282022,•ΊΙ§,“ςθs,“μ•Ι”V‘‘‚P’–Ϊ,2022[sanitize]11[sanitize]10,23,’“Τi—Φjκ,’“Τi—Φjκ,20Ξ‘γ,‚»‚Μ‘Ό,{ω‚Ή‚Έ
ή“,©“]Τ“,“ςθ–k,•Ι”V‘‘,282022,•ΊΙ§,“ςθs,“μ•Ι”V‘‘‚P’–Ϊ,2022[sanitize]11[sanitize]15,19,‚»‚Μ‘Ό,’“Τi—Φjκ,10Ξ‘γ,‚Z¶,{ω‚Ή‚Έ
ή“,©“]Τ“,“ςθ–k,•Ι”V‘‘,282022,•ΊΙ§,“ςθs,“μ•Ι”V‘‘‚P’–Ϊ,2022[sanitize]11[sanitize]27,08,‚»‚Μ‘Ό,’“Τi—Φjκ,30Ξ‘γ,‚»‚Μ‘Ό,{ω‚µ‚½
ή“,©“]Τ“,“ςθ–k,•Ι”V‘‘,282022,•ΊΙ§,“ςθs,“μ•Ι”V‘‘‚P’–Ϊ,2022[sanitize]12[sanitize]05,23,“ΉHγ,‚»‚Μ‘Ό,40Ξ‘γ,‚»‚Μ‘Ό,{ω‚Ή‚Έ
ή“,©“]Τ“,“ςθ–k,•Ι”V‘‘,282022,•ΊΙ§,“ςθs,“μ•Ι”V‘‘‚P’–Ϊ,2022[sanitize]12[sanitize]14,06,‚»‚Μ‘Ό,’“Τi—Φjκ,30Ξ‘γ,‚»‚Μ‘Ό,{ω‚µ‚½
ή“,©“]Τ“,“ςθ–k,•Ι”V‘‘,282022,•ΊΙ§,“ςθs,“μ•Ι”V‘‘‚P’–Ϊ,2022[sanitize]12[sanitize]18,11,‚»‚Μ‘Ό,’“Τi—Φjκ,20Ξ‘γ,‚»‚Μ‘Ό,{ω‚µ‚½
ή“,©“]Τ“,“ςθ–k,•Ι”V‘‘,282022,•ΊΙ§,“ςθs,“μ•Ι”V‘‘‚Q’–Ϊ,2022[sanitize]11[sanitize]19,18,’“Τi—Φjκ,’“Τi—Φjκ,10Ξ‘γ,’†w¶,{ω‚Ή‚Έ
ή“,©“]Τ“,“ςθ–k,•Ι”V‘‘,282022,•ΊΙ§,“ςθs,•Ι”V‘‘‚P’–Ϊ,2022[sanitize]02[sanitize]20,16,“ΉHγ,‚»‚Μ‘Ό,30Ξ‘γ,‚»‚Μ‘Ό,{ω‚µ‚½
ή“,©“]Τ“,“ςθ–k,•Ι”V‘‘,282022,•ΊΙ§,“ςθs,•Ι”V‘‘‚P’–Ϊ,2022[sanitize]02[sanitize]21,10,’“Τi—Φjκ,’“Τi—Φjκ,10Ξ‘γ,‚Z¶,{ω‚µ‚½
ή“,©“]Τ“,“ςθ–k,•Ι”V‘‘,282022,•ΊΙ§,“ςθs,•Ι”V‘‘‚P’–Ϊ,2022[sanitize]03[sanitize]12,22,‚SK‚ΔΘγ‹¤“―Z‘ξ,’“Τi—Φjκ,10Ξ‘γ,‚Z¶,{ω‚Ή‚Έ
ή“,©“]Τ“,“ςθ–k,•Ι”V‘‘,282022,•ΊΙ§,“ςθs,•Ι”V‘‘‚P’–Ϊ,2022[sanitize]04[sanitize]11,07,’“Τi—Φjκ,’“Τi—Φjκ,20Ξ‘γ,‚»‚Μ‘Ό,{ω‚Ή‚Έ
ή“,©“]Τ“,“ςθ–k,•Ι”V‘‘,282022,•ΊΙ§,“ςθs,•Ι”V‘‘‚P’–Ϊ,2022[sanitize]05[sanitize]10,16,‚SK‚ΔΘγ‹¤“―Z‘ξ,’“Τi—Φjκ,50Ξ‘γ,‚»‚Μ‘Ό,{ω‚µ‚½
ή“,©“]Τ“,“ςθ–k,•Ι”V‘‘,282022,•ΊΙ§,“ςθs,•Ι”V‘‘‚P’–Ϊ,2022[sanitize]05[sanitize]29,15,“ΉHγ,‚»‚Μ‘Ό,10Ξ‘γ,’†w¶,{ω‚Ή‚Έ
ή“,©“]Τ“,“ςθ–k,•Ι”V‘‘,282022,•ΊΙ§,“ςθs,•Ι”V‘‘‚P’–Ϊ,2022[sanitize]06[sanitize]13,09,’“Τi—Φjκ,’“Τi—Φjκ,30Ξ‘γ,‚»‚Μ‘Ό,{ω‚µ‚½
ή“,©“]Τ“,“ςθ–k,•Ι”V‘‘,282022,•ΊΙ§,“ςθs,•Ι”V‘‘‚P’–Ϊ,2022[sanitize]06[sanitize]13,18,‚SK‚ΔΘγ‹¤“―Z‘ξ,’“Τi—Φjκ,30Ξ‘γ,‚»‚Μ‘Ό,{ω‚µ‚½
ή“,©“]Τ“,“ςθ–k,•Ι”V‘‘,282022,•ΊΙ§,“ςθs,•Ι”V‘‘‚P’–Ϊ,2022[sanitize]06[sanitize]17,09,“ΉHγ,‚»‚Μ‘Ό,10Ξ‘γ,‚Z¶,{ω‚Ή‚Έ
ή“,©“]Τ“,“ςθ–k,•Ι”V‘‘,282022,•ΊΙ§,“ςθs,•Ι”V‘‘‚P’–Ϊ,2022[sanitize]07[sanitize]11,17,’“Τi—Φjκ,’“Τi—Φjκ,10Ξ‘γ,‚Z¶,{ω‚µ‚½
ή“,©“]Τ“,“ςθ–k,•Ι”V‘‘,282022,•ΊΙ§,“ςθs,•Ι”V‘‘‚P’–Ϊ,2022[sanitize]07[sanitize]26,17,‚»‚Μ‘Ό,’“Τi—Φjκ,10Ξ‘γ,‚Z¶,{ω‚µ‚½
ή“,©“]Τ“,“ςθ–k,•Ι”V‘‘,282022,•ΊΙ§,“ςθs,•Ι”V‘‘‚P’–Ϊ,2022[sanitize]07[sanitize]27,19,“ΉHγ,‚»‚Μ‘Ό,10Ξ‘γ,‘εw¶,{ω‚Ή‚Έ
ή“,©“]Τ“,“ςθ–k,•Ι”V‘‘,282022,•ΊΙ§,“ςθs,•Ι”V‘‘‚P’–Ϊ,2022[sanitize]08[sanitize]10,15,‚»‚Μ‘Ό,’“Τi—Φjκ,10Ξ‘γ,‘εw¶,{ω‚µ‚½
ή“,©“]Τ“,“ςθ–k,•Ι”V‘‘,282022,•ΊΙ§,“ςθs,•Ι”V‘‘‚P’–Ϊ,2022[sanitize]08[sanitize]11,19,‚»‚Μ‘Ό,’“Τi—Φjκ,30Ξ‘γ,‚»‚Μ‘Ό,{ω‚Ή‚Έ
ή“,©“]Τ“,“ςθ–k,•Ι”V‘‘,282022,•ΊΙ§,“ςθs,•Ι”V‘‘‚P’–Ϊ,2022[sanitize]08[sanitize]28,22,“ΉHγ,‚»‚Μ‘Ό,20Ξ‘γ,‚»‚Μ‘Ό,{ω‚Ή‚Έ
ή“,©“]Τ“,“ςθ–k,•Ι”V‘‘,282022,•ΊΙ§,“ςθs,•Ι”V‘‘‚P’–Ϊ,2022[sanitize]09[sanitize]21,18,‚»‚Μ‘Ό‚ΜZ‘ξi‚RK‚ΔΘ‰Ί‹¤“―Z‘ξ“™j,’“Τi—Φjκ,10Ξ‘γ,‚Z¶,{ω‚µ‚½
ή“,©“]Τ“,“ςθ–k,•Ι”V‘‘,282022,•ΊΙ§,“ςθs,•Ι”V‘‘‚P’–Ϊ,2022[sanitize]10[sanitize]27,17,κΛZ‘ξ,’“Τi—Φjκ,70ΞΘγ,‚»‚Μ‘Ό,{ω‚Ή‚Έ
ή“,©“]Τ“,“ςθ–k,•Ι”V‘‘,282022,•ΊΙ§,“ςθs,•Ι”V‘‘‚P’–Ϊ,2022[sanitize]11[sanitize]06,09,‚»‚Μ‘Ό,’“Τi—Φjκ,30Ξ‘γ,‚»‚Μ‘Ό,{ω‚µ‚½
ή“,©“]Τ“,“ςθ–k,•Ι”V‘‘,282022,•ΊΙ§,“ςθs,•Ι”V‘‘‚P’–Ϊ,2022[sanitize]11[sanitize]15,04,’“Τi—Φjκ,’“Τi—Φjκ,10Ξ‘γ,‘εw¶,{ω‚Ή‚Έ
ή“,©“]Τ“,“ςθ–k,•Ι”V‘‘,282022,•ΊΙ§,“ςθs,•Ι”V‘‘‚P’–Ϊ,2022[sanitize]12[sanitize]11,09,“ΉHγ,‚»‚Μ‘Ό,10Ξ‘γ,‚Z¶,{ω‚µ‚½
ή“,©“]Τ“,“ςθ–k,•Ι”V‘‘,282022,•ΊΙ§,“ςθs,•Ι”V‘‘‚P’–Ϊ,2022[sanitize]12[sanitize]17,04,‚»‚Μ‘Ό,’“Τi—Φjκ,50Ξ‘γ,‚»‚Μ‘Ό,{ω‚µ‚½
ή“,©“]Τ“,“ςθ–k,•Ι”V‘‘,282022,•ΊΙ§,“ςθs,•Ι”V‘‘‚P’–Ϊ,2022[sanitize]12[sanitize]17,09,’“Τi—Φjκ,’“Τi—Φjκ,20Ξ‘γ,‚»‚Μ‘Ό,{ω‚Ή‚Έ
ή“,©“]Τ“,“ςθ–k,•Ι”V‘‘,282022,•ΊΙ§,“ςθs,•Ι”V‘‘‚Q’–Ϊ,2021[sanitize]12[sanitize]31,00,‚»‚Μ‘Ό,’“Τi—Φjκ,10Ξ‘γ,‚»‚Μ‘Ό,{ω‚Ή‚Έ
ή“,©“]Τ“,“ςθ–k,•Ι”V‘‘,282022,•ΊΙ§,“ςθs,•Ι”V‘‘‚Q’–Ϊ,2022[sanitize]03[sanitize]25,09,’“Τi—Φjκ,’“Τi—Φjκ,20Ξ‘γ,‚»‚Μ‘Ό,{ω‚µ‚½
ή“,©“]Τ“,“ςθ–k,•Ι”V‘‘,282022,•ΊΙ§,“ςθs,•Ι”V‘‘‚Q’–Ϊ,2022[sanitize]04[sanitize]08,21,κΛZ‘ξ,’“Τi—Φjκ,10Ξ‘γ,‘εw¶,{ω‚Ή‚Έ
ή“,©“]Τ“,“ςθ–k,•Ι”V‘‘,282022,•ΊΙ§,“ςθs,•Ι”V‘‘‚Q’–Ϊ,2022[sanitize]05[sanitize]24,17,‚»‚Μ‘Ό,‚»‚Μ‘Ό,10Ξ‘γ,‘εw¶,{ω‚µ‚½
ή“,©“]Τ“,“ςθ–k,•Ι”V‘‘,282022,•ΊΙ§,“ςθs,•Ι”V‘‘‚Q’–Ϊ,2022[sanitize]06[sanitize]18,09,‚»‚Μ‘Ό,’“Τi—Φjκ,20Ξ‘γ,‚»‚Μ‘Ό,{ω‚Ή‚Έ
ή“,©“]Τ“,“ςθ–k,•Ι”V‘‘,282022,•ΊΙ§,“ςθs,•Ι”V‘‘‚Q’–Ϊ,2022[sanitize]07[sanitize]15,23,“ΉHγ,‚»‚Μ‘Ό,20Ξ‘γ,‚»‚Μ‘Ό,{ω‚µ‚½
ή“,©“]Τ“,“ςθ–k,•Ι”V‘‘,282022,•ΊΙ§,“ςθs,•Ι”V‘‘‚Q’–Ϊ,2022[sanitize]08[sanitize]02,13,‚»‚Μ‘Ό,’“Τi—Φjκ,20Ξ‘γ,‚»‚Μ‘Ό,{ω‚µ‚½
ή“,©“]Τ“,“ςθ–k,•Ι”V‘‘,282022,•ΊΙ§,“ςθs,•Ι”V‘‘‚Q’–Ϊ,2022[sanitize]09[sanitize]10,07,‚»‚Μ‘Ό‚ΜZ‘ξi‚RK‚ΔΘ‰Ί‹¤“―Z‘ξ“™j,‚»‚Μ‘Ό,30Ξ‘γ,‚»‚Μ‘Ό,{ω‚Ή‚Έ
ή“,©“]Τ“,“ςθ–k,•Ι”V‘‘,282022,•ΊΙ§,“ςθs,•Ι”V‘‘‚Q’–Ϊ,2022[sanitize]09[sanitize]17,15,‚»‚Μ‘Ό,’“Τi—Φjκ,10Ξ‘γ,‘εw¶,{ω‚Ή‚Έ
ή“,©“]Τ“,“ςθ–k,•Ι”V‘‘,282022,•ΊΙ§,“ςθs,•Ι”V‘‘‚Q’–Ϊ,2022[sanitize]10[sanitize]27,06,‚»‚Μ‘Ό,’“Τi—Φjκ,20Ξ‘γ,‚»‚Μ‘Ό,{ω‚Ή‚Έ
ή“,©“]Τ“,“ςθ–k,•Ι”V‘‘,282022,•ΊΙ§,“ςθs,•Ι”V‘‘‚Q’–Ϊ,2022[sanitize]11[sanitize]30,22,‚»‚Μ‘Ό,’“Τi—Φjκ,20Ξ‘γ,‘εw¶,{ω‚Ή‚Έ
ή“,©“]Τ“,“ςθ–k,•Ι”V‘‘,282022,•ΊΙ§,“ςθs,•Ι”V‘‘‚R’–Ϊ,2022[sanitize]01[sanitize]05,12,‚SK‚ΔΘγ‹¤“―Z‘ξ,’“Τi—Φjκ,60[sanitize]64Ξ,‚»‚Μ‘Ό,{ω‚Ή‚Έ
ή“,©“]Τ“,“ςθ–k,•Ι”V‘‘,282022,•ΊΙ§,“ςθs,•Ι”V‘‘‚R’–Ϊ,2022[sanitize]03[sanitize]05,22,‚»‚Μ‘Ό,’“Τi—Φjκ,10Ξ‘γ,‚»‚Μ‘Ό,{ω‚µ‚½
ή“,©“]Τ“,“ςθ–k,•Ι”V‘‘,282022,•ΊΙ§,“ςθs,•Ι”V‘‘‚R’–Ϊ,2022[sanitize]05[sanitize]05,19,κΛZ‘ξ,’“Τi—Φjκ,20Ξ‘γ,‘εw¶,{ω‚Ή‚Έ
ή“,©“]Τ“,“ςθ–k,•Ι”V‘‘,282022,•ΊΙ§,“ςθs,•Ι”V‘‘‚R’–Ϊ,2022[sanitize]05[sanitize]26,08,‚»‚Μ‘Ό‚ΜZ‘ξi‚RK‚ΔΘ‰Ί‹¤“―Z‘ξ“™j,’“Τi—Φjκ,20Ξ‘γ,‚»‚Μ‘Ό,{ω‚Ή‚Έ
ή“,©“]Τ“,“ςθ–k,•Ι”V‘‘,282022,•ΊΙ§,“ςθs,•Ι”V‘‘‚R’–Ϊ,2022[sanitize]06[sanitize]24,18,‚SK‚ΔΘγ‹¤“―Z‘ξ,’“Τi—Φjκ,50Ξ‘γ,‚»‚Μ‘Ό,{ω‚µ‚½
ή“,©“]Τ“,“ςθ–k,•Ι”V‘‘,282022,•ΊΙ§,“ςθs,•Ι”V‘‘‚R’–Ϊ,2022[sanitize]07[sanitize]21,17,‚»‚Μ‘Ό‚ΜZ‘ξi‚RK‚ΔΘ‰Ί‹¤“―Z‘ξ“™j,’“Τi—Φjκ,20Ξ‘γ,‘εw¶,{ω‚Ή‚Έ
ή“,©“]Τ“,“ςθ–k,•Ι”V‘‘,282022,•ΊΙ§,“ςθs,•Ι”V‘‘‚R’–Ϊ,2022[sanitize]11[sanitize]04,22,‚»‚Μ‘Ό,’“Τi—Φjκ,10Ξ‘γ,‚Z¶,{ω‚Ή‚Έ
ή“,©“]Τ“,“ςθ–k,•Ι”V‘‘,282022,•ΊΙ§,“ςθs,•Ι”V‘‘‚R’–Ϊ,2022[sanitize]12[sanitize]10,21,‚SK‚ΔΘγ‹¤“―Z‘ξ,’“Τi—Φjκ,20Ξ‘γ,‘εw¶,{ω‚Ή‚Έ
ή“,©“]Τ“,“ςθ–k,•Ι”V‘‘,282022,•ΊΙ§,“ςθs,•Ι”V‘‘‚S’–Ϊ,2022[sanitize]03[sanitize]20,18,‚SK‚ΔΘγ‹¤“―Z‘ξ,’“Τi—Φjκ,10Ξ‘γ,’†w¶,{ω‚Ή‚Έ
ή“,©“]Τ“,“ςθ–k,•Ι”V‘‘,282022,•ΊΙ§,“ςθs,•Ι”V‘‘‚S’–Ϊ,2022[sanitize]04[sanitize]07,12,‚»‚Μ‘Ό,’“Τi—Φjκ,50Ξ‘γ,‚»‚Μ‘Ό,{ω‚Ή‚Έ
ή“,©“]Τ“,“ςθ–k,•Ι”V‘‘,282022,•ΊΙ§,“ςθs,•Ι”V‘‘‚T’–Ϊ,2022[sanitize]05[sanitize]07,15,κΛZ‘ξ,’“Τi—Φjκ,40Ξ‘γ,‚»‚Μ‘Ό,{ω‚Ή‚Έ
ή“,©“]Τ“,“ςθ–k,•Ι”V‘‘,282022,•ΊΙ§,“ςθs,•Ι”V‘‘‚U’–Ϊ,2022[sanitize]07[sanitize]13,18,‚SK‚ΔΘγ‹¤“―Z‘ξ,’“Τi—Φjκ,65[sanitize]69Ξ,‚»‚Μ‘Ό,{ω‚µ‚½
ή“,©“]Τ“,“ςθ–k,•Ι”V‘‘,282022,•ΊΙ§,“ςθs,•Ι”V‘‘‚U’–Ϊ,2022[sanitize]07[sanitize]25,19,‚SK‚ΔΘγ‹¤“―Z‘ξ,’“Τi—Φjκ,50Ξ‘γ,‚»‚Μ‘Ό,{ω‚Ή‚Έ
ή“,©“]Τ“,“ςθ–k,•Ι”V‘‘,282022,•ΊΙ§,“ςθs,•Ι”V‘‘‚V’–Ϊ,2022[sanitize]01[sanitize]05,17,κΛZ‘ξ,’“Τi—Φjκ,20Ξ‘γ,‚»‚Μ‘Ό,{ω‚Ή‚Έ
ή“,©“]Τ“,“ςθ–k,•Ι”V‘‘,282022,•ΊΙ§,“ςθs,•Ι”V‘‘‚V’–Ϊ,2022[sanitize]01[sanitize]13,09,κΛZ‘ξ,‚»‚Μ‘Ό,30Ξ‘γ,‚»‚Μ‘Ό,{ω‚Ή‚Έ
ή“,©“]Τ“,“ςθ–k,•Ι”V‘‘,282022,•ΊΙ§,“ςθs,•Ι”V‘‘‚V’–Ϊ,2022[sanitize]07[sanitize]29,00,κΛZ‘ξ,’“Τi—Φjκ,10Ξ‘γ,‚Z¶,{ω‚Ή‚Έ
ή“,©“]Τ“,“ςθ–k,•Ι”V‘‘,282022,•ΊΙ§,“ςθs,•Ι”V‘‘Ό‚Q’–Ϊ,2022[sanitize]05[sanitize]05,21,κΛZ‘ξ,‚»‚Μ‘Ό,40Ξ‘γ,‚»‚Μ‘Ό,{ω‚Ή‚Έ
ή“,©“]Τ“,“ςθ–k,•Ι”V‘‘,282022,•ΊΙ§,“ςθs,•Ι”V‘‘“‚P’–Ϊ,2022[sanitize]07[sanitize]26,12,‚»‚Μ‘Ό,’“Τi—Φjκ,20Ξ‘γ,‚»‚Μ‘Ό,{ω‚Ή‚Έ
ή“,©“]Τ“,“ςθ–k,•Ι”V‘‘,282022,•ΊΙ§,“ςθs,•Ι”V‘‘“‚Q’–Ϊ,2022[sanitize]07[sanitize]20,07,‚SK‚ΔΘγ‹¤“―Z‘ξ,’“Τi—Φjκ,20Ξ‘γ,‚»‚Μ‘Ό,{ω‚Ή‚Έ
ή“,©“]Τ“,“ςθ–k,•Ι”V‘‘,282022,•ΊΙ§,“ςθs,•Ι”V‘‘–{’¬‚P’–Ϊ,2022[sanitize]09[sanitize]15,00,‚SK‚ΔΘγ‹¤“―Z‘ξ,’“Τi—Φjκ,50Ξ‘γ,‚»‚Μ‘Ό,{ω‚Ή‚Έ
ή“,©“]Τ“,“ςθ–k,•Ι”V‘‘,282022,•ΊΙ§,“ςθs,•Ι”V‘‘–{’¬‚P’–Ϊ,2022[sanitize]09[sanitize]22,21,‚SK‚ΔΘγ‹¤“―Z‘ξ,’“Τi—Φjκ,20Ξ‘γ,‘εw¶,{ω‚Ή‚Έ
ή“,©“]Τ“,“ςθ–k,•Ι”V‘‘,282022,•ΊΙ§,“ςθs,•Ι”V‘‘–{’¬‚Q’–Ϊ,2022[sanitize]11[sanitize]23,12,‚SK‚ΔΘγ‹¤“―Z‘ξ,’“Τi—Φjκ,60[sanitize]64Ξ,‚»‚Μ‘Ό,{ω‚µ‚½
ή“,©“]Τ“,“ςθ–k,¶“‡,282022,•ΊΙ§,“ςθs,‘εΌ’¬‚P’–Ϊ,2022[sanitize]11[sanitize]06,06,‚»‚Μ‘Ό,’“Τi—Φjκ,20Ξ‘γ,‚»‚Μ‘Ό,{ω‚Ή‚Έ
ή“,©“]Τ“,“ςθ–k,¶“‡,282022,•ΊΙ§,“ςθs,‘εΌ’¬‚Q’–Ϊ,2022[sanitize]03[sanitize]11,08,“ΉHγ,‚»‚Μ‘Ό,10Ξ‘γ,’†w¶,{ω‚Ή‚Έ
ή“,©“]Τ“,“ςθ–k,¶“‡,282022,•ΊΙ§,“ςθs,‘εΌ’¬‚R’–Ϊ,2022[sanitize]08[sanitize]13,18,‚SK‚ΔΘγ‹¤“―Z‘ξ,’“Τi—Φjκ,20Ξ‘γ,‚»‚Μ‘Ό,{ω‚Ή‚Έ
ή“,©“]Τ“,“ςθ–k,¶“‡,282022,•ΊΙ§,“ςθs,‘εΌ’¬‚R’–Ϊ,2022[sanitize]10[sanitize]14,19,‚»‚Μ‘Ό‚ΜZ‘ξi‚RK‚ΔΘ‰Ί‹¤“―Z‘ξ“™j,’“Τi—Φjκ,10Ξ‘γ,’†w¶,{ω‚µ‚½
ή“,©“]Τ“,“ςθ–k,¶“‡,282022,•ΊΙ§,“ςθs,—§‰Τ’¬‚R’–Ϊ,2022[sanitize]03[sanitize]02,21,κΛZ‘ξ,’“Τi—Φjκ,40Ξ‘γ,‚»‚Μ‘Ό,{ω‚µ‚½
ή“,©“]Τ“,“ςθ–k,¶“‡,282022,•ΊΙ§,“ςθs,—§‰Τ’¬‚R’–Ϊ,2022[sanitize]08[sanitize]31,19,‚SK‚ΔΘγ‹¤“―Z‘ξ,’“Τi—Φjκ,30Ξ‘γ,‚»‚Μ‘Ό,{ω‚Ή‚Έ
ή“,©“]Τ“,“ςθ–k,¶“‡,282022,•ΊΙ§,“ςθs,—§‰Τ’¬‚R’–Ϊ,2022[sanitize]09[sanitize]28,19,‚»‚Μ‘Ό,’“Τi—Φjκ,40Ξ‘γ,‚»‚Μ‘Ό,{ω‚Ή‚Έ
ή“,©“]Τ“,“ςθ–k,¶“‡,282022,•ΊΙ§,“ςθs,—§‰Τ’¬‚R’–Ϊ,2022[sanitize]09[sanitize]28,23,‚SK‚ΔΘγ‹¤“―Z‘ξ,’“Τi—Φjκ,20Ξ‘γ,‚»‚Μ‘Ό,{ω‚Ή‚Έ
ή“,©“]Τ“,“ςθ–k,¶“‡,282022,•ΊΙ§,“ςθs,“μ’Λϋ’¬‚V’–Ϊ,2022[sanitize]01[sanitize]20,21,“ΉHγ,‚»‚Μ‘Ό,10Ξ‘γ,‚Z¶,{ω‚Ή‚Έ
ή“,©“]Τ“,“ςθ–k,¶“‡,282022,•ΊΙ§,“ςθs,“μ’Λϋ’¬‚V’–Ϊ,2022[sanitize]04[sanitize]13,13,‚»‚Μ‘Ό,’“Τi—Φjκ,10Ξ‘γ,‘εw¶,{ω‚Ή‚Έ
ή“,©“]Τ“,“ςθ–k,¶“‡,282022,•ΊΙ§,“ςθs,“μ’Λϋ’¬‚V’–Ϊ,2022[sanitize]07[sanitize]02,18,‚SK‚ΔΘγ‹¤“―Z‘ξ,’“Τi—Φjκ,30Ξ‘γ,‚»‚Μ‘Ό,{ω‚Ή‚Έ
ή“,©“]Τ“,“ςθ–k,¶“‡,282022,•ΊΙ§,“ςθs,“μ’Λϋ’¬‚V’–Ϊ,2022[sanitize]12[sanitize]11,10,κΛZ‘ξ,‚»‚Μ‘Ό,20Ξ‘γ,‚»‚Μ‘Ό,{ω‚Ή‚Έ
ή“,©“]Τ“,“ςθ–k,¶“‡,282022,•ΊΙ§,“ςθs,“μ•Ι”V‘‘‚Q’–Ϊ,2021[sanitize]11[sanitize]28,18,’“Τi—Φjκ,’“Τi—Φjκ,20Ξ‘γ,‚»‚Μ‘Ό,{ω‚µ‚½
ή“,©“]Τ“,“ςθ–k,¶“‡,282022,•ΊΙ§,“ςθs,“μ•Ι”V‘‘‚Q’–Ϊ,2022[sanitize]02[sanitize]25,18,“ΉHγ,‚»‚Μ‘Ό,50Ξ‘γ,‚»‚Μ‘Ό,{ω‚Ή‚Έ
ή“,©“]Τ“,“ςθ–k,¶“‡,282022,•ΊΙ§,“ςθs,“μ•Ι”V‘‘‚Q’–Ϊ,2022[sanitize]02[sanitize]26,20,‚»‚Μ‘Ό‚ΜZ‘ξi‚RK‚ΔΘ‰Ί‹¤“―Z‘ξ“™j,’“Τi—Φjκ,30Ξ‘γ,‚»‚Μ‘Ό,{ω‚µ‚½
ή“,©“]Τ“,“ςθ–k,¶“‡,282022,•ΊΙ§,“ςθs,“μ•Ι”V‘‘‚Q’–Ϊ,2022[sanitize]04[sanitize]16,17,‚SK‚ΔΘγ‹¤“―Z‘ξ,’“Τi—Φjκ,40Ξ‘γ,‚»‚Μ‘Ό,{ω‚Ή‚Έ
ή“,©“]Τ“,“ςθ–k,¶“‡,282022,•ΊΙ§,“ςθs,“μ•Ι”V‘‘‚Q’–Ϊ,2022[sanitize]08[sanitize]08,01,‚SK‚ΔΘγ‹¤“―Z‘ξ,’“Τi—Φjκ,10Ξ‘γ,‘εw¶,{ω‚µ‚½
ή“,©“]Τ“,“ςθ–k,¶“‡,282022,•ΊΙ§,“ςθs,“μ•Ι”V‘‘‚Q’–Ϊ,2022[sanitize]10[sanitize]06,21,‚SK‚ΔΘγ‹¤“―Z‘ξ,’“Τi—Φjκ,30Ξ‘γ,‚»‚Μ‘Ό,{ω‚µ‚½
ή“,©“]Τ“,“ςθ–k,¶“‡,282022,•ΊΙ§,“ςθs,“μ•Ι”V‘‘‚Q’–Ϊ,2022[sanitize]12[sanitize]09,18,“ΉHγ,‚»‚Μ‘Ό,10Ξ‘γ,’†w¶,{ω‚Ή‚Έ
ή“,©“]Τ“,“ςθ–k,¶“‡,282022,•ΊΙ§,“ςθs,γƒm“‡’¬‚P’–Ϊ,2021[sanitize]06[sanitize]10,20,‚SK‚ΔΘγ‹¤“―Z‘ξ,’“Τi—Φjκ,40Ξ‘γ,‚»‚Μ‘Ό,{ω‚µ‚½
ή“,©“]Τ“,“ςθ–k,¶“‡,282022,•ΊΙ§,“ςθs,γƒm“‡’¬‚P’–Ϊ,2022[sanitize]06[sanitize]23,16,‚SK‚ΔΘγ‹¤“―Z‘ξ,’“Τi—Φjκ,40Ξ‘γ,‚»‚Μ‘Ό,{ω‚µ‚½
ή“,©“]Τ“,“ςθ–k,¶“‡,282022,•ΊΙ§,“ςθs,γƒm“‡’¬‚P’–Ϊ,2022[sanitize]08[sanitize]19,18,‚SK‚ΔΘγ‹¤“―Z‘ξ,’“Τi—Φjκ,10Ξ‘γ,’†w¶,{ω‚µ‚½
ή“,©“]Τ“,“ςθ–k,¶“‡,282022,•ΊΙ§,“ςθs,γƒm“‡’¬‚P’–Ϊ,2022[sanitize]08[sanitize]21,13,κΛZ‘ξ,’“Τi—Φjκ,50Ξ‘γ,‚»‚Μ‘Ό,{ω‚Ή‚Έ
ή“,©“]Τ“,“ςθ–k,¶“‡,282022,•ΊΙ§,“ςθs,γƒm“‡’¬‚P’–Ϊ,2022[sanitize]09[sanitize]02,22,‚SK‚ΔΘγ‹¤“―Z‘ξ,’“Τi—Φjκ,40Ξ‘γ,‚»‚Μ‘Ό,{ω‚µ‚½
ή“,©“]Τ“,“ςθ–k,¶“‡,282022,•ΊΙ§,“ςθs,γƒm“‡’¬‚P’–Ϊ,2022[sanitize]09[sanitize]03,17,‚SK‚ΔΘγ‹¤“―Z‘ξ,’“Τi—Φjκ,30Ξ‘γ,‚»‚Μ‘Ό,{ω‚Ή‚Έ
ή“,©“]Τ“,“ςθ–k,¶“‡,282022,•ΊΙ§,“ςθs,γƒm“‡’¬‚P’–Ϊ,2022[sanitize]10[sanitize]02,13,κΛZ‘ξ,’“Τi—Φjκ,10Ξ‘γ,‚Z¶,{ω‚Ή‚Έ
ή“,©“]Τ“,“ςθ–k,¶“‡,282022,•ΊΙ§,“ςθs,γƒm“‡’¬‚P’–Ϊ,2022[sanitize]11[sanitize]20,20,‚SK‚ΔΘγ‹¤“―Z‘ξ,’“Τi—Φjκ,20Ξ‘γ,‚»‚Μ‘Ό,{ω‚Ή‚Έ
ή“,©“]Τ“,“ςθ–k,¶“‡,282022,•ΊΙ§,“ςθs,γƒm“‡’¬‚Q’–Ϊ,2022[sanitize]02[sanitize]24,19,‚»‚Μ‘Ό‚ΜZ‘ξi‚RK‚ΔΘ‰Ί‹¤“―Z‘ξ“™j,’“Τi—Φjκ,30Ξ‘γ,‚»‚Μ‘Ό,{ω‚Ή‚Έ
ή“,©“]Τ“,“ςθ–k,¶“‡,282022,•ΊΙ§,“ςθs,γƒm“‡’¬‚Q’–Ϊ,2022[sanitize]04[sanitize]05,13,‚SK‚ΔΘγ‹¤“―Z‘ξ,’“Τi—Φjκ,10Ξ‘γ,‚Z¶,{ω‚µ‚½
ή“,©“]Τ“,“ςθ–k,¶“‡,282022,•ΊΙ§,“ςθs,γƒm“‡’¬‚R’–Ϊ,2021[sanitize]12[sanitize]30,06,‚SK‚ΔΘγ‹¤“―Z‘ξ,’“Τi—Φjκ,20Ξ‘γ,‚»‚Μ‘Ό,{ω‚µ‚½
ή“,©“]Τ“,“ςθ–k,¶“‡,282022,•ΊΙ§,“ςθs,γƒm“‡’¬‚R’–Ϊ,2022[sanitize]01[sanitize]03,15,‚SK‚ΔΘγ‹¤“―Z‘ξ,’“Τi—Φjκ,20Ξ‘γ,‚»‚Μ‘Ό,{ω‚µ‚½
ή“,©“]Τ“,“ςθ–k,¶“‡,282022,•ΊΙ§,“ςθs,γƒm“‡’¬‚R’–Ϊ,2022[sanitize]04[sanitize]07,11,‚»‚Μ‘Ό,’“Τi—Φjκ,10Ξ‘γ,‚Z¶,{ω‚Ή‚Έ
ή“,©“]Τ“,“ςθ–k,¶“‡,282022,•ΊΙ§,“ςθs,γƒm“‡’¬‚R’–Ϊ,2022[sanitize]06[sanitize]26,12,‚SK‚ΔΘγ‹¤“―Z‘ξ,’“Τi—Φjκ,20Ξ‘γ,‚»‚Μ‘Ό,{ω‚Ή‚Έ
ή“,©“]Τ“,“ςθ–k,¶“‡,282022,•ΊΙ§,“ςθs,γƒm“‡’¬‚R’–Ϊ,2022[sanitize]07[sanitize]31,14,‚»‚Μ‘Ό‚ΜZ‘ξi‚RK‚ΔΘ‰Ί‹¤“―Z‘ξ“™j,’“Τi—Φjκ,30Ξ‘γ,‚»‚Μ‘Ό,{ω‚Ή‚Έ
ή“,©“]Τ“,“ςθ–k,¶“‡,282022,•ΊΙ§,“ςθs,γƒm“‡’¬‚R’–Ϊ,2022[sanitize]09[sanitize]23,10,‚SK‚ΔΘγ‹¤“―Z‘ξ,’“Τi—Φjκ,20Ξ‘γ,‚»‚Μ‘Ό,{ω‚Ή‚Έ
ή“,©“]Τ“,“ςθ–k,¶“‡,282022,•ΊΙ§,“ςθs,γƒm“‡’¬‚R’–Ϊ,2022[sanitize]09[sanitize]25,21,‚SK‚ΔΘγ‹¤“―Z‘ξ,’“Τi—Φjκ,40Ξ‘γ,‚»‚Μ‘Ό,{ω‚Ή‚Έ
ή“,©“]Τ“,“ςθ–k,¶“‡,282022,•ΊΙ§,“ςθs,IR’¬‚P’–Ϊ,2022[sanitize]07[sanitize]06,19,‚SK‚ΔΘγ‹¤“―Z‘ξ,’“Τi—Φjκ,20Ξ‘γ,‚»‚Μ‘Ό,{ω‚µ‚½
ή“,©“]Τ“,“ςθ–k,¶“‡,282022,•ΊΙ§,“ςθs,IR’¬‚P’–Ϊ,2022[sanitize]07[sanitize]23,20,‚SK‚ΔΘγ‹¤“―Z‘ξ,’“Τi—Φjκ,20Ξ‘γ,‘εw¶,{ω‚Ή‚Έ
ή“,©“]Τ“,“ςθ–k,¶“‡,282022,•ΊΙ§,“ςθs,IR’¬‚P’–Ϊ,2022[sanitize]09[sanitize]24,14,‚»‚Μ‘Ό‚ΜZ‘ξi‚RK‚ΔΘ‰Ί‹¤“―Z‘ξ“™j,’“Τi—Φjκ,10Ξ‘γ,‚»‚Μ‘Ό,{ω‚µ‚½
ή“,©“]Τ“,“ςθ–k,¶“‡,282022,•ΊΙ§,“ςθs,IR’¬‚Q’–Ϊ,2022[sanitize]01[sanitize]03,22,‚SK‚ΔΘγ‹¤“―Z‘ξ,’“Τi—Φjκ,10Ξ‘γ,’†w¶,{ω‚µ‚½
ή“,©“]Τ“,“ςθ–k,¶“‡,282022,•ΊΙ§,“ςθs,IR’¬‚Q’–Ϊ,2022[sanitize]01[sanitize]04,12,‚SK‚ΔΘγ‹¤“―Z‘ξ,’“Τi—Φjκ,20Ξ‘γ,‘εw¶,{ω‚µ‚½
ή“,©“]Τ“,“ςθ–k,¶“‡,282022,•ΊΙ§,“ςθs,IR’¬‚Q’–Ϊ,2022[sanitize]10[sanitize]14,19,‚SK‚ΔΘγ‹¤“―Z‘ξ,’“Τi—Φjκ,30Ξ‘γ,‚»‚Μ‘Ό,{ω‚µ‚½
ή“,©“]Τ“,“ςθ–k,—§‰Τ‰w‘O,282022,•ΊΙ§,“ςθs,O”½“c’¬‚P’–Ϊ,2022[sanitize]01[sanitize]25,07,κΛZ‘ξ,’“Τi—Φjκ,10Ξ–Ά–,¬w¶,{ω‚Ή‚Έ
ή“,©“]Τ“,“ςθ–k,—§‰Τ‰w‘O,282022,•ΊΙ§,“ςθs,O”½“c’¬‚P’–Ϊ,2022[sanitize]05[sanitize]01,00,“ΉHγ,‚»‚Μ‘Ό,–@lE’c‘ΜA”νQÒ‚Θ‚µ,–@lE’c‘ΜA”νQÒ‚Θ‚µ,{ω‚Ή‚Έ
ή“,©“]Τ“,“ςθ–k,—§‰Τ‰w‘O,282022,•ΊΙ§,“ςθs,O”½“c’¬‚P’–Ϊ,2022[sanitize]09[sanitize]20,07,‚SK‚ΔΘγ‹¤“―Z‘ξ,’“Τi—Φjκ,10Ξ‘γ,’†w¶,{ω‚Ή‚Έ
ή“,©“]Τ“,“ςθ–k,—§‰Τ‰w‘O,282022,•ΊΙ§,“ςθs,O”½“c’¬‚P’–Ϊ,2022[sanitize]11[sanitize]08,15,κΛZ‘ξ,’“Τi—Φjκ,70ΞΘγ,‚»‚Μ‘Ό,{ω‚Ή‚Έ
ή“,©“]Τ“,“ςθ–k,—§‰Τ‰w‘O,282022,•ΊΙ§,“ςθs,O”½“c’¬‚P’–Ϊ,2022[sanitize]12[sanitize]02,05,‚»‚Μ‘Ό,’“Τi—Φjκ,40Ξ‘γ,‚»‚Μ‘Ό,{ω‚Ή‚Έ
ή“,©“]Τ“,“ςθ–k,—§‰Τ‰w‘O,282022,•ΊΙ§,“ςθs,O”½“c’¬‚Q’–Ϊ,2022[sanitize]08[sanitize]28,18,‚SK‚ΔΘγ‹¤“―Z‘ξ,’“Τi—Φjκ,20Ξ‘γ,‚»‚Μ‘Ό,{ω‚Ή‚Έ
ή“,©“]Τ“,“ςθ–k,—§‰Τ‰w‘O,282022,•ΊΙ§,“ςθs,O”½“c’¬‚Q’–Ϊ,2022[sanitize]09[sanitize]13,16,‚»‚Μ‘Ό‚ΜZ‘ξi‚RK‚ΔΘ‰Ί‹¤“―Z‘ξ“™j,’“Τi—Φjκ,30Ξ‘γ,‚»‚Μ‘Ό,{ω‚µ‚½
ή“,©“]Τ“,“ςθ–k,—§‰Τ‰w‘O,282022,•ΊΙ§,“ςθs,O”½“c’¬‚Q’–Ϊ,2022[sanitize]09[sanitize]25,20,‚»‚Μ‘Ό‚ΜZ‘ξi‚RK‚ΔΘ‰Ί‹¤“―Z‘ξ“™j,’“Τi—Φjκ,10Ξ–Ά–,¬w¶,{ω‚Ή‚Έ
ή“,©“]Τ“,“ςθ–k,—§‰Τ‰w‘O,282022,•ΊΙ§,“ςθs,O”½“c’¬‚Q’–Ϊ,2022[sanitize]12[sanitize]23,16,‚SK‚ΔΘγ‹¤“―Z‘ξ,’“Τi—Φjκ,10Ξ‘γ,¬w¶,{ω‚Ή‚Έ
ή“,©“]Τ“,“ςθ–k,—§‰Τ‰w‘O,282022,•ΊΙ§,“ςθs,O”½“c’¬‚R’–Ϊ,2022[sanitize]06[sanitize]14,08,‚»‚Μ‘Ό,’“Τi—Φjκ,20Ξ‘γ,‚»‚Μ‘Ό,{ω‚Ή‚Έ
ή“,©“]Τ“,“ςθ–k,—§‰Τ‰w‘O,282022,•ΊΙ§,“ςθs,O”½“c’¬‚R’–Ϊ,2022[sanitize]08[sanitize]16,16,’“Τi—Φjκ,’“Τi—Φjκ,30Ξ‘γ,‚»‚Μ‘Ό,{ω‚Ή‚Έ
ή“,©“]Τ“,“ςθ–k,—§‰Τ‰w‘O,282022,•ΊΙ§,“ςθs,—§‰Τ’¬‚P’–Ϊ,2021[sanitize]03[sanitize]31,10,“ΉHγ,‚»‚Μ‘Ό,20Ξ‘γ,‘εw¶,{ω‚µ‚½
ή“,©“]Τ“,“ςθ–k,—§‰Τ‰w‘O,282022,•ΊΙ§,“ςθs,—§‰Τ’¬‚P’–Ϊ,2022[sanitize]01[sanitize]13,16,‚»‚Μ‘Ό,’“Τi—Φjκ,10Ξ‘γ,‚Z¶,{ω‚µ‚½
ή“,©“]Τ“,“ςθ–k,—§‰Τ‰w‘O,282022,•ΊΙ§,“ςθs,—§‰Τ’¬‚P’–Ϊ,2022[sanitize]01[sanitize]26,11,“ΉHγ,‚»‚Μ‘Ό,20Ξ‘γ,‘εw¶,{ω‚Ή‚Έ
ή“,©“]Τ“,“ςθ–k,—§‰Τ‰w‘O,282022,•ΊΙ§,“ςθs,—§‰Τ’¬‚P’–Ϊ,2022[sanitize]01[sanitize]31,10,‚»‚Μ‘Ό,’“Τi—Φjκ,20Ξ‘γ,‚»‚Μ‘Ό,{ω‚µ‚½
ή“,©“]Τ“,“ςθ–k,—§‰Τ‰w‘O,282022,•ΊΙ§,“ςθs,—§‰Τ’¬‚P’–Ϊ,2022[sanitize]03[sanitize]15,19,“ΉHγ,‚»‚Μ‘Ό,50Ξ‘γ,‚»‚Μ‘Ό,{ω‚µ‚½
ή“,©“]Τ“,“ςθ–k,—§‰Τ‰w‘O,282022,•ΊΙ§,“ςθs,—§‰Τ’¬‚P’–Ϊ,2022[sanitize]04[sanitize]05,03,“ΉHγ,‚»‚Μ‘Ό,20Ξ‘γ,‚»‚Μ‘Ό,{ω‚µ‚½
ή“,©“]Τ“,“ςθ–k,—§‰Τ‰w‘O,282022,•ΊΙ§,“ςθs,—§‰Τ’¬‚P’–Ϊ,2022[sanitize]04[sanitize]25,17,‚SK‚ΔΘγ‹¤“―Z‘ξ,’“Τi—Φjκ,30Ξ‘γ,‚»‚Μ‘Ό,{ω‚µ‚½
ή“,©“]Τ“,“ςθ–k,—§‰Τ‰w‘O,282022,•ΊΙ§,“ςθs,—§‰Τ’¬‚P’–Ϊ,2022[sanitize]05[sanitize]16,20,“ΉHγ,‚»‚Μ‘Ό,10Ξ‘γ,‚»‚Μ‘Ό,{ω‚µ‚½
ή“,©“]Τ“,“ςθ–k,—§‰Τ‰w‘O,282022,•ΊΙ§,“ςθs,—§‰Τ’¬‚P’–Ϊ,2022[sanitize]06[sanitize]24,16,“ΉHγ,‚»‚Μ‘Ό,30Ξ‘γ,‚»‚Μ‘Ό,{ω‚µ‚½
ή“,©“]Τ“,“ςθ–k,—§‰Τ‰w‘O,282022,•ΊΙ§,“ςθs,—§‰Τ’¬‚P’–Ϊ,2022[sanitize]07[sanitize]12,12,‚»‚Μ‘Ό,’“Τi—Φjκ,10Ξ‘γ,‚»‚Μ‘Ό,{ω‚Ή‚Έ
ή“,©“]Τ“,“ςθ–k,—§‰Τ‰w‘O,282022,•ΊΙ§,“ςθs,—§‰Τ’¬‚P’–Ϊ,2022[sanitize]07[sanitize]13,09,‚»‚Μ‘Ό,’“Τi—Φjκ,10Ξ‘γ,‘εw¶,{ω‚Ή‚Έ
ή“,©“]Τ“,“ςθ–k,—§‰Τ‰w‘O,282022,•ΊΙ§,“ςθs,—§‰Τ’¬‚P’–Ϊ,2022[sanitize]07[sanitize]21,12,‚»‚Μ‘Ό‚ΜZ‘ξi‚RK‚ΔΘ‰Ί‹¤“―Z‘ξ“™j,’“Τi—Φjκ,10Ξ‘γ,‚Z¶,{ω‚Ή‚Έ
ή“,©“]Τ“,“ςθ–k,—§‰Τ‰w‘O,282022,•ΊΙ§,“ςθs,—§‰Τ’¬‚P’–Ϊ,2022[sanitize]07[sanitize]26,12,‚SK‚ΔΘγ‹¤“―Z‘ξ,’“Τi—Φjκ,70ΞΘγ,‚»‚Μ‘Ό,{ω‚µ‚½
ή“,©“]Τ“,“ςθ–k,—§‰Τ‰w‘O,282022,•ΊΙ§,“ςθs,—§‰Τ’¬‚P’–Ϊ,2022[sanitize]08[sanitize]30,15,‚»‚Μ‘Ό,’“Τi—Φjκ,70ΞΘγ,‚»‚Μ‘Ό,{ω‚µ‚½
ή“,©“]Τ“,“ςθ–k,—§‰Τ‰w‘O,282022,•ΊΙ§,“ςθs,—§‰Τ’¬‚P’–Ϊ,2022[sanitize]08[sanitize]30,17,‚»‚Μ‘Ό,’“Τi—Φjκ,20Ξ‘γ,‚»‚Μ‘Ό,{ω‚µ‚½
ή“,©“]Τ“,“ςθ–k,—§‰Τ‰w‘O,282022,•ΊΙ§,“ςθs,—§‰Τ’¬‚P’–Ϊ,2022[sanitize]09[sanitize]10,08,“ΉHγ,‚»‚Μ‘Ό,10Ξ‘γ,‚Z¶,{ω‚µ‚½
ή“,©“]Τ“,“ςθ–k,—§‰Τ‰w‘O,282022,•ΊΙ§,“ςθs,—§‰Τ’¬‚P’–Ϊ,2022[sanitize]09[sanitize]11,09,‚»‚Μ‘Ό,’“Τi—Φjκ,10Ξ‘γ,‚»‚Μ‘Ό,{ω‚µ‚½
ή“,©“]Τ“,“ςθ–k,—§‰Τ‰w‘O,282022,•ΊΙ§,“ςθs,—§‰Τ’¬‚P’–Ϊ,2022[sanitize]09[sanitize]12,17,“ΉHγ,‚»‚Μ‘Ό,10Ξ‘γ,’†w¶,{ω‚Ή‚Έ
ή“,©“]Τ“,“ςθ–k,—§‰Τ‰w‘O,282022,•ΊΙ§,“ςθs,—§‰Τ’¬‚P’–Ϊ,2022[sanitize]09[sanitize]20,20,‚»‚Μ‘Ό,’“Τi—Φjκ,30Ξ‘γ,‚»‚Μ‘Ό,{ω‚µ‚½
ή“,©“]Τ“,“ςθ–k,—§‰Τ‰w‘O,282022,•ΊΙ§,“ςθs,—§‰Τ’¬‚P’–Ϊ,2022[sanitize]10[sanitize]07,23,‚»‚Μ‘Ό,‚»‚Μ‘Ό,30Ξ‘γ,‚»‚Μ‘Ό,{ω‚Ή‚Έ
ή“,©“]Τ“,“ςθ–k,—§‰Τ‰w‘O,282022,•ΊΙ§,“ςθs,—§‰Τ’¬‚P’–Ϊ,2022[sanitize]10[sanitize]19,17,‚»‚Μ‘Ό‚ΜZ‘ξi‚RK‚ΔΘ‰Ί‹¤“―Z‘ξ“™j,’“Τi—Φjκ,40Ξ‘γ,‚»‚Μ‘Ό,{ω‚Ή‚Έ
ή“,©“]Τ“,“ςθ–k,—§‰Τ‰w‘O,282022,•ΊΙ§,“ςθs,—§‰Τ’¬‚P’–Ϊ,2022[sanitize]11[sanitize]05,02,“ΉHγ,‚»‚Μ‘Ό,20Ξ‘γ,‚»‚Μ‘Ό,{ω‚µ‚½
ή“,©“]Τ“,“ςθ–k,—§‰Τ‰w‘O,282022,•ΊΙ§,“ςθs,—§‰Τ’¬‚P’–Ϊ,2022[sanitize]11[sanitize]05,08,’“Τi—Φjκ,’“Τi—Φjκ,30Ξ‘γ,‚»‚Μ‘Ό,{ω‚µ‚½
ή“,©“]Τ“,“ςθ–k,—§‰Τ‰w‘O,282022,•ΊΙ§,“ςθs,—§‰Τ’¬‚P’–Ϊ,2022[sanitize]11[sanitize]05,10,‚SK‚ΔΘγ‹¤“―Z‘ξ,’“Τi—Φjκ,10Ξ‘γ,‚Z¶,{ω‚µ‚½
ή“,©“]Τ“,“ςθ–k,—§‰Τ‰w‘O,282022,•ΊΙ§,“ςθs,—§‰Τ’¬‚P’–Ϊ,2022[sanitize]12[sanitize]02,22,“ΉHγ,‚»‚Μ‘Ό,30Ξ‘γ,‚»‚Μ‘Ό,{ω‚Ή‚Έ
ή“,©“]Τ“,“ςθ–k,—§‰Τ‰w‘O,282022,•ΊΙ§,“ςθs,—§‰Τ’¬‚P’–Ϊ,2022[sanitize]12[sanitize]10,07,‚»‚Μ‘Ό,’“Τi—Φjκ,10Ξ‘γ,‚»‚Μ‘Ό,{ω‚Ή‚Έ
ή“,©“]Τ“,“ςθ–k,—§‰Τ‰w‘O,282022,•ΊΙ§,“ςθs,—§‰Τ’¬‚Q’–Ϊ,2022[sanitize]07[sanitize]21,20,“ΉHγ,‚»‚Μ‘Ό,40Ξ‘γ,‚»‚Μ‘Ό,{ω‚Ή‚Έ
ή“,©“]Τ“,“ςθ–k,—§‰Τ‰w‘O,282022,•ΊΙ§,“ςθs,—§‰Τ’¬‚Q’–Ϊ,2022[sanitize]08[sanitize]07,20,‚SK‚ΔΘγ‹¤“―Z‘ξ,’“Τi—Φjκ,10Ξ‘γ,‚Z¶,{ω‚Ή‚Έ
ή“,©“]Τ“,“ςθ–k,—§‰Τ‰w‘O,282022,•ΊΙ§,“ςθs,—§‰Τ’¬‚Q’–Ϊ,2022[sanitize]08[sanitize]30,17,“ΉHγ,‚»‚Μ‘Ό,10Ξ‘γ,‘εw¶,{ω‚Ή‚Έ
ή“,©“]Τ“,“ςθ–k,—§‰Τ‰w‘O,282022,•ΊΙ§,“ςθs,—§‰Τ’¬‚Q’–Ϊ,2022[sanitize]08[sanitize]31,15,‚»‚Μ‘Ό,’“Τi—Φjκ,70ΞΘγ,‚»‚Μ‘Ό,{ω‚Ή‚Έ
ή“,©“]Τ“,“ςθ–k,—§‰Τ‰w‘O,282022,•ΊΙ§,“ςθs,—§‰Τ’¬‚Q’–Ϊ,2022[sanitize]09[sanitize]11,18,‚SK‚ΔΘγ‹¤“―Z‘ξ,’“Τi—Φjκ,30Ξ‘γ,‚»‚Μ‘Ό,{ω‚Ή‚Έ
ή“,©“]Τ“,“ςθ–k,—§‰Τ‰w‘O,282022,•ΊΙ§,“ςθs,—§‰Τ’¬‚Q’–Ϊ,2022[sanitize]10[sanitize]28,22,‚»‚Μ‘Ό,’“Τi—Φjκ,20Ξ‘γ,‚»‚Μ‘Ό,{ω‚Ή‚Έ
ή“,©“]Τ“,“ςθ–k,—§‰Τ‰w‘O,282022,•ΊΙ§,“ςθs,—§‰Τ’¬‚Q’–Ϊ,2022[sanitize]11[sanitize]12,19,‚»‚Μ‘Ό,‚»‚Μ‘Ό,40Ξ‘γ,‚»‚Μ‘Ό,{ω‚Ή‚Έ
ή“,©“]Τ“,“ςθ–k,—§‰Τ‰w‘O,282022,•ΊΙ§,“ςθs,—§‰Τ’¬‚S’–Ϊ,2021[sanitize]12[sanitize]28,17,‚SK‚ΔΘγ‹¤“―Z‘ξ,’“Τi—Φjκ,70ΞΘγ,‚»‚Μ‘Ό,{ω‚µ‚½
ή“,©“]Τ“,“ςθ–k,—§‰Τ‰w‘O,282022,•ΊΙ§,“ςθs,—§‰Τ’¬‚S’–Ϊ,2022[sanitize]02[sanitize]02,17,‚»‚Μ‘Ό‚ΜZ‘ξi‚RK‚ΔΘ‰Ί‹¤“―Z‘ξ“™j,’“Τi—Φjκ,70ΞΘγ,‚»‚Μ‘Ό,{ω‚µ‚½
ή“,©“]Τ“,“ςθ–k,—§‰Τ‰w‘O,282022,•ΊΙ§,“ςθs,—§‰Τ’¬‚S’–Ϊ,2022[sanitize]03[sanitize]11,21,κΛZ‘ξ,’“Τi—Φjκ,10Ξ–Ά–,¬w¶,{ω‚Ή‚Έ
ή“,©“]Τ“,“ςθ–k,—§‰Τ‰w‘O,282022,•ΊΙ§,“ςθs,—§‰Τ’¬‚S’–Ϊ,2022[sanitize]06[sanitize]29,23,‚»‚Μ‘Ό‚ΜZ‘ξi‚RK‚ΔΘ‰Ί‹¤“―Z‘ξ“™j,’“Τi—Φjκ,50Ξ‘γ,‚»‚Μ‘Ό,{ω‚µ‚½
ή“,©“]Τ“,“ςθ–k,—§‰Τ‰w‘O,282022,•ΊΙ§,“ςθs,—§‰Τ’¬‚S’–Ϊ,2022[sanitize]06[sanitize]30,23,“ΉHγ,‚»‚Μ‘Ό,50Ξ‘γ,‚»‚Μ‘Ό,{ω‚Ή‚Έ
ή“,©“]Τ“,“ςθ–k,—§‰Τ‰w‘O,282022,•ΊΙ§,“ςθs,—§‰Τ’¬‚S’–Ϊ,2022[sanitize]07[sanitize]05,17,“ΉHγ,‚»‚Μ‘Ό,40Ξ‘γ,‚»‚Μ‘Ό,{ω‚Ή‚Έ
ή“,©“]Τ“,“ςθ–k,—§‰Τ‰w‘O,282022,•ΊΙ§,“ςθs,—§‰Τ’¬‚S’–Ϊ,2022[sanitize]08[sanitize]08,15,‚»‚Μ‘Ό‚ΜZ‘ξi‚RK‚ΔΘ‰Ί‹¤“―Z‘ξ“™j,’“Τi—Φjκ,30Ξ‘γ,‚»‚Μ‘Ό,{ω‚Ή‚Έ
ή“,©“]Τ“,“ςθ–k,—§‰Τ‰w‘O,282022,•ΊΙ§,“ςθs,—§‰Τ’¬‚S’–Ϊ,2022[sanitize]09[sanitize]03,18,“ΉHγ,‚»‚Μ‘Ό,40Ξ‘γ,‚»‚Μ‘Ό,{ω‚µ‚½
ή“,©“]Τ“,“ςθ–k,—§‰Τ‰w‘O,282022,•ΊΙ§,“ςθs,—§‰Τ’¬‚S’–Ϊ,2022[sanitize]11[sanitize]15,16,‚»‚Μ‘Ό,’“Τi—Φjκ,70ΞΘγ,‚»‚Μ‘Ό,{ω‚Ή‚Έ
ή“,©“]Τ“,“ςθ–k,—§‰Τ‰w‘O,282022,•ΊΙ§,“ςθs,…“°’¬‚P’–Ϊ,2022[sanitize]02[sanitize]20,02,κΛZ‘ξ,‚»‚Μ‘Ό,70ΞΘγ,‚»‚Μ‘Ό,{ω‚Ή‚Έ
ή“,©“]Τ“,“ςθ–k,—§‰Τ‰w‘O,282022,•ΊΙ§,“ςθs,…“°’¬‚P’–Ϊ,2022[sanitize]04[sanitize]16,08,κΛZ‘ξ,‚»‚Μ‘Ό,30Ξ‘γ,‚»‚Μ‘Ό,{ω‚µ‚½
ή“,©“]Τ“,“ςθ–k,—§‰Τ‰w‘O,282022,•ΊΙ§,“ςθs,…“°’¬‚P’–Ϊ,2022[sanitize]07[sanitize]10,01,“ΉHγ,‚»‚Μ‘Ό,40Ξ‘γ,‚»‚Μ‘Ό,{ω‚Ή‚Έ
ή“,©“]Τ“,“ςθ–k,—§‰Τ‰w‘O,282022,•ΊΙ§,“ςθs,…“°’¬‚P’–Ϊ,2022[sanitize]07[sanitize]29,17,‚»‚Μ‘Ό‚ΜZ‘ξi‚RK‚ΔΘ‰Ί‹¤“―Z‘ξ“™j,’“Τi—Φjκ,20Ξ‘γ,‚»‚Μ‘Ό,{ω‚Ή‚Έ
ή“,©“]Τ“,“ςθ–k,—§‰Τ‰w‘O,282022,•ΊΙ§,“ςθs,…“°’¬‚P’–Ϊ,2022[sanitize]09[sanitize]15,22,‚SK‚ΔΘγ‹¤“―Z‘ξ,’“Τi—Φjκ,20Ξ‘γ,‚»‚Μ‘Ό,{ω‚Ή‚Έ
ή“,©“]Τ“,“ςθ–k,—§‰Τ‰w‘O,282022,•ΊΙ§,“ςθs,…“°’¬‚P’–Ϊ,2022[sanitize]10[sanitize]14,17,“ΉHγ,‚»‚Μ‘Ό,50Ξ‘γ,‚»‚Μ‘Ό,{ω‚Ή‚Έ
ή“,©“]Τ“,“ςθ–k,—§‰Τ‰w‘O,282022,•ΊΙ§,“ςθs,…“°’¬‚P’–Ϊ,2022[sanitize]12[sanitize]10,13,“ΉHγ,‚»‚Μ‘Ό,10Ξ‘γ,’†w¶,{ω‚Ή‚Έ
ή“,©“]Τ“,“ςθ–k,—§‰Τ‰w‘O,282022,•ΊΙ§,“ςθs,…“°’¬‚P’–Ϊ,2022[sanitize]12[sanitize]27,11,κΛZ‘ξ,’“Τi—Φjκ,10Ξ‘γ,‘εw¶,{ω‚Ή‚Έ
ή“,©“]Τ“,“ςθ–k,—§‰Τ‰w‘O,282022,•ΊΙ§,“ςθs,…“°’¬‚Q’–Ϊ,2022[sanitize]09[sanitize]25,17,‚»‚Μ‘Ό,‚»‚Μ‘Ό,30Ξ‘γ,‚»‚Μ‘Ό,{ω‚Ή‚Έ
ή“,©“]Τ“,“ςθ–k,—§‰Τ‰w‘O,282022,•ΊΙ§,“ςθs,…“°’¬‚Q’–Ϊ,2022[sanitize]12[sanitize]17,19,κΛZ‘ξ,‚»‚Μ‘Ό,30Ξ‘γ,‚»‚Μ‘Ό,{ω‚Ή‚Έ
ή“,©“]Τ“,“ςθ–k,—§‰Τ‰w‘O,282022,•ΊΙ§,“ςθs,…“°’¬‚R’–Ϊ,2022[sanitize]03[sanitize]21,01,‚»‚Μ‘Ό,’“Τi—Φjκ,20Ξ‘γ,‘εw¶,{ω‚Ή‚Έ
ή“,©“]Τ“,“ςθ–k,—§‰Τ‰w‘O,282022,•ΊΙ§,“ςθs,…“°’¬‚R’–Ϊ,2022[sanitize]06[sanitize]05,13,“ΉHγ,‚»‚Μ‘Ό,50Ξ‘γ,‚»‚Μ‘Ό,{ω‚Ή‚Έ
ή“,©“]Τ“,“ςθ–k,—§‰Τ‰w‘O,282022,•ΊΙ§,“ςθs,…“°’¬‚R’–Ϊ,2022[sanitize]06[sanitize]27,16,‚SK‚ΔΘγ‹¤“―Z‘ξ,’“Τi—Φjκ,20Ξ‘γ,‚»‚Μ‘Ό,{ω‚Ή‚Έ
ή“,©“]Τ“,“ςθ–k,—§‰Τ‰w‘O,282022,•ΊΙ§,“ςθs,…“°’¬‚R’–Ϊ,2022[sanitize]09[sanitize]29,18,‚SK‚ΔΘγ‹¤“―Z‘ξ,’“Τi—Φjκ,10Ξ‘γ,¬w¶,{ω‚Ή‚Έ
ή“,©“]Τ“,“ςθ–k,—§‰Τ‰w‘O,282022,•ΊΙ§,“ςθs,…“°’¬‚R’–Ϊ,2022[sanitize]11[sanitize]04,01,“ΉHγ,‚»‚Μ‘Ό,70ΞΘγ,‚»‚Μ‘Ό,{ω‚Ή‚Έ
ή“,©“]Τ“,“ςθ–k,—§‰Τ‰w‘O,282022,•ΊΙ§,“ςθs,…“°’¬‚S’–Ϊ,2021[sanitize]11[sanitize]07,09,’“Τi—Φjκ,’“Τi—Φjκ,10Ξ‘γ,‚»‚Μ‘Ό,{ω‚Ή‚Έ
ή“,©“]Τ“,“ςθ–k,—§‰Τ‰w‘O,282022,•ΊΙ§,“ςθs,“μ•Ι”V‘‘‚Q’–Ϊ,2022[sanitize]07[sanitize]12,17,‚SK‚ΔΘγ‹¤“―Z‘ξ,’“Τi—Φjκ,10Ξ‘γ,‚Z¶,{ω‚µ‚½
ή“,©“]Τ“,“ςθ–k,—§‰Τ‰w‘O,282022,•ΊΙ§,“ςθs,“μ•Ι”V‘‘‚Q’–Ϊ,2022[sanitize]08[sanitize]01,23,‚SK‚ΔΘγ‹¤“―Z‘ξ,’“Τi—Φjκ,50Ξ‘γ,‚»‚Μ‘Ό,{ω‚µ‚½
ή“,©“]Τ“,“ςθ–k,—§‰Τ‰w‘O,282022,•ΊΙ§,“ςθs,“μ•Ι”V‘‘‚R’–Ϊ,2022[sanitize]02[sanitize]12,17,κΛZ‘ξ,‚»‚Μ‘Ό,10Ξ‘γ,‚Z¶,{ω‚Ή‚Έ
ή“,©“]Τ“,“ςθ–k,—§‰Τ‰w‘O,282022,•ΊΙ§,“ςθs,“μ•Ι”V‘‘‚R’–Ϊ,2022[sanitize]02[sanitize]15,22,κΛZ‘ξ,’“Τi—Φjκ,20Ξ‘γ,‚»‚Μ‘Ό,{ω‚µ‚½
ή“,©“]Τ“,“ςθ–k,—§‰Τ‰w‘O,282022,•ΊΙ§,“ςθs,“μ•Ι”V‘‘‚R’–Ϊ,2022[sanitize]02[sanitize]20,20,κΛZ‘ξ,‚»‚Μ‘Ό,70ΞΘγ,‚»‚Μ‘Ό,{ω‚Ή‚Έ
ή“,©“]Τ“,“ςθ–k,—§‰Τ‰w‘O,282022,•ΊΙ§,“ςθs,“μ•Ι”V‘‘‚R’–Ϊ,2022[sanitize]03[sanitize]21,16,‚SK‚ΔΘγ‹¤“―Z‘ξ,’“Τi—Φjκ,30Ξ‘γ,‚»‚Μ‘Ό,{ω‚µ‚½
ή“,©“]Τ“,“ςθ–k,—§‰Τ‰w‘O,282022,•ΊΙ§,“ςθs,“μ•Ι”V‘‘‚R’–Ϊ,2022[sanitize]06[sanitize]26,22,‚SK‚ΔΘγ‹¤“―Z‘ξ,’“Τi—Φjκ,10Ξ‘γ,‚Z¶,{ω‚Ή‚Έ
ή“,©“]Τ“,“ςθ–k,—§‰Τ‰w‘O,282022,•ΊΙ§,“ςθs,“μ•Ι”V‘‘‚R’–Ϊ,2022[sanitize]06[sanitize]29,17,‚SK‚ΔΘγ‹¤“―Z‘ξ,’“Τi—Φjκ,70ΞΘγ,‚»‚Μ‘Ό,{ω‚Ή‚Έ
ή“,©“]Τ“,“ςθ–k,—§‰Τ‰w‘O,282022,•ΊΙ§,“ςθs,“μ•Ι”V‘‘‚R’–Ϊ,2022[sanitize]06[sanitize]29,21,‚SK‚ΔΘγ‹¤“―Z‘ξ,’“Τi—Φjκ,50Ξ‘γ,‚»‚Μ‘Ό,{ω‚µ‚½
ή“,©“]Τ“,“ςθ–k,—§‰Τ‰w‘O,282022,•ΊΙ§,“ςθs,“μ•Ι”V‘‘‚R’–Ϊ,2022[sanitize]08[sanitize]18,17,‚»‚Μ‘Ό,’“Τi—Φjκ,10Ξ‘γ,‚Z¶,{ω‚µ‚½
ή“,©“]Τ“,“ςθ–k,—§‰Τ‰w‘O,282022,•ΊΙ§,“ςθs,“μ•Ι”V‘‘‚R’–Ϊ,2022[sanitize]10[sanitize]31,23,‚»‚Μ‘Ό‚ΜZ‘ξi‚RK‚ΔΘ‰Ί‹¤“―Z‘ξ“™j,’“Τi—Φjκ,20Ξ‘γ,‘εw¶,{ω‚Ή‚Έ
ή“,©“]Τ“,“ςθ–k,—§‰Τ‰w‘O,282022,•ΊΙ§,“ςθs,“μ•Ι”V‘‘‚R’–Ϊ,2022[sanitize]11[sanitize]01,00,‚»‚Μ‘Ό,’“Τi—Φjκ,10Ξ‘γ,‚»‚Μ‘Ό,{ω‚Ή‚Έ
ή“,©“]Τ“,“ςθ–k,—§‰Τ‰w‘O,282022,•ΊΙ§,“ςθs,“μ•Ι”V‘‘‚R’–Ϊ,2022[sanitize]11[sanitize]02,19,‚SK‚ΔΘγ‹¤“―Z‘ξ,’“Τi—Φjκ,20Ξ‘γ,‚»‚Μ‘Ό,{ω‚Ή‚Έ
ή“,©“]Τ“,“ςθ–k,—§‰Τ‰w‘O,282022,•ΊΙ§,“ςθs,“μ•Ι”V‘‘‚R’–Ϊ,2022[sanitize]11[sanitize]07,19,‚»‚Μ‘Ό‚ΜZ‘ξi‚RK‚ΔΘ‰Ί‹¤“―Z‘ξ“™j,’“Τi—Φjκ,10Ξ‘γ,‚»‚Μ‘Ό,{ω‚Ή‚Έ
ή“,©“]Τ“,“ςθ–k,—§‰Τ‰w‘O,282022,•ΊΙ§,“ςθs,“μ•Ι”V‘‘‚R’–Ϊ,2022[sanitize]11[sanitize]08,08,‚»‚Μ‘Ό,’“Τi—Φjκ,20Ξ‘γ,‚»‚Μ‘Ό,{ω‚Ή‚Έ
ή“,©“]Τ“,“ςθ–k,—§‰Τ‰w‘O,282022,•ΊΙ§,“ςθs,“μ•Ι”V‘‘‚R’–Ϊ,2022[sanitize]11[sanitize]17,08,‚»‚Μ‘Ό,‚»‚Μ‘Ό,20Ξ‘γ,‚»‚Μ‘Ό,{ω‚Ή‚Έ
ή“,©“]Τ“,“ςθ–k,—§‰Τ‰w‘O,282022,•ΊΙ§,“ςθs,“μ•Ι”V‘‘‚R’–Ϊ,2022[sanitize]12[sanitize]02,19,‚SK‚ΔΘγ‹¤“―Z‘ξ,’“Τi—Φjκ,10Ξ‘γ,’†w¶,{ω‚Ή‚Έ
ή“,©“]Τ“,“ςθ–k,—§‰Τ‰w‘O,282022,•ΊΙ§,“ςθs,“μ•Ι”V‘‘‚R’–Ϊ,2022[sanitize]12[sanitize]21,23,‚SK‚ΔΘγ‹¤“―Z‘ξ,’“Τi—Φjκ,20Ξ‘γ,‚»‚Μ‘Ό,{ω‚µ‚½
ή“,©“]Τ“,“ςθ–k,Ό©—z,282022,•ΊΙ§,“ςθs,Ό©—z‚Q’–Ϊ,2022[sanitize]08[sanitize]29,22,‚SK‚ΔΘγ‹¤“―Z‘ξ,’“Τi—Φjκ,10Ξ‘γ,’†w¶,{ω‚Ή‚Έ
ή“,©“]Τ“,“ςθ–k,Ό©—z,282022,•ΊΙ§,“ςθs,Ό©—z‚R’–Ϊ,2021[sanitize]12[sanitize]17,18,‚SK‚ΔΘγ‹¤“―Z‘ξ,’“Τi—Φjκ,40Ξ‘γ,‚»‚Μ‘Ό,{ω‚µ‚½
ή“,©“]Τ“,“ςθ–k,Ό©—z,282022,•ΊΙ§,“ςθs,Ό©—z‚R’–Ϊ,2022[sanitize]03[sanitize]28,10,‚»‚Μ‘Ό,’“Τi—Φjκ,10Ξ‘γ,’†w¶,{ω‚Ή‚Έ
ή“,©“]Τ“,“ςθ–k,Ό©—z,282022,•ΊΙ§,“ςθs,Ό©—z‚R’–Ϊ,2022[sanitize]05[sanitize]26,11,‚SK‚ΔΘγ‹¤“―Z‘ξ,’“Τi—Φjκ,70ΞΘγ,‚»‚Μ‘Ό,{ω‚Ή‚Έ
ή“,©“]Τ“,“ςθ–k,Ό©—z,282022,•ΊΙ§,“ςθs,Ό©—z‚R’–Ϊ,2022[sanitize]09[sanitize]10,17,‚»‚Μ‘Ό‚ΜZ‘ξi‚RK‚ΔΘ‰Ί‹¤“―Z‘ξ“™j,’“Τi—Φjκ,10Ξ‘γ,’†w¶,{ω‚µ‚½
ή“,©“]Τ“,“ςθ–k,Ό©—z,282022,•ΊΙ§,“ςθs,•Ι”V‘‘‚W’–Ϊ,2022[sanitize]01[sanitize]22,00,‚SK‚ΔΘγ‹¤“―Z‘ξ,’“Τi—Φjκ,10Ξ‘γ,‚Z¶,{ω‚Ή‚Έ
ή“,©“]Τ“,“ςθ–k,Ό©—z,282022,•ΊΙ§,“ςθs,•Ι”V‘‘‚W’–Ϊ,2022[sanitize]01[sanitize]22,00,‚SK‚ΔΘγ‹¤“―Z‘ξ,’“Τi—Φjκ,40Ξ‘γ,‚»‚Μ‘Ό,{ω‚Ή‚Έ
ή“,©“]Τ“,“ςθ–k,Ό©—z,282022,•ΊΙ§,“ςθs,•Ι”V‘‘‚W’–Ϊ,2022[sanitize]07[sanitize]27,09,‚SK‚ΔΘγ‹¤“―Z‘ξ,’“Τi—Φjκ,10Ξ‘γ,¬w¶,{ω‚µ‚½
ή“,©“]Τ“,“ςθ–k,Ό©—z,282022,•ΊΙ§,“ςθs,•Ι”V‘‘‚W’–Ϊ,2022[sanitize]08[sanitize]23,21,‚SK‚ΔΘγ‹¤“―Z‘ξ,’“Τi—Φjκ,10Ξ‘γ,’†w¶,{ω‚Ή‚Έ
ή“,©“]Τ“,“ςθ–k,Ό©—z,282022,•ΊΙ§,“ςθs,•Ι”V‘‘‚X’–Ϊ,2022[sanitize]06[sanitize]30,19,‚»‚Μ‘Ό‚ΜZ‘ξi‚RK‚ΔΘ‰Ί‹¤“―Z‘ξ“™j,’“Τi—Φjκ,30Ξ‘γ,‚»‚Μ‘Ό,{ω‚Ή‚Έ
ή“,©“]Τ“,“ςθ–k,Ό©—z,282022,•ΊΙ§,“ςθs,•Ι”V‘‘‚X’–Ϊ,2022[sanitize]09[sanitize]02,19,‚SK‚ΔΘγ‹¤“―Z‘ξ,’“Τi—Φjκ,10Ξ‘γ,‚Z¶,{ω‚µ‚½
ή“,©“]Τ“,“ςθ–k,Ό©—z,282022,•ΊΙ§,“ςθs,•Ι”V‘‘‚X’–Ϊ,2022[sanitize]11[sanitize]24,19,‚SK‚ΔΘγ‹¤“―Z‘ξ,’“Τi—Φjκ,20Ξ‘γ,‚»‚Μ‘Ό,{ω‚Ή‚Έ
ή“,©“]Τ“,“ςθ–k,Ό©—z,282022,•ΊΙ§,“ςθs,•Ι–L’¬‚R’–Ϊ,2022[sanitize]05[sanitize]09,19,‚SK‚ΔΘγ‹¤“―Z‘ξ,’“Τi—Φjκ,20Ξ‘γ,‚»‚Μ‘Ό,{ω‚µ‚½
ή“,©“]Τ“,“ςθ–k,Ό•Ι,282022,•ΊΙ§,“ςθs,νΌ‚P’–Ϊ,2022[sanitize]01[sanitize]07,00,‚SK‚ΔΘγ‹¤“―Z‘ξ,’“Τi—Φjκ,20Ξ‘γ,‚»‚Μ‘Ό,{ω‚Ή‚Έ
ή“,©“]Τ“,“ςθ–k,Ό•Ι,282022,•ΊΙ§,“ςθs,νΌ‚P’–Ϊ,2022[sanitize]03[sanitize]07,19,‚SK‚ΔΘγ‹¤“―Z‘ξ,’“Τi—Φjκ,30Ξ‘γ,‚»‚Μ‘Ό,{ω‚Ή‚Έ
ή“,©“]Τ“,“ςθ–k,Ό•Ι,282022,•ΊΙ§,“ςθs,νΌ‚P’–Ϊ,2022[sanitize]04[sanitize]03,02,‚SK‚ΔΘγ‹¤“―Z‘ξ,’“Τi—Φjκ,10Ξ‘γ,‚Z¶,{ω‚Ή‚Έ
ή“,©“]Τ“,“ςθ–k,Ό•Ι,282022,•ΊΙ§,“ςθs,νΌ‚P’–Ϊ,2022[sanitize]04[sanitize]03,21,“ΉHγ,‚»‚Μ‘Ό,65[sanitize]69Ξ,‚»‚Μ‘Ό,{ω‚µ‚½
ή“,©“]Τ“,“ςθ–k,Ό•Ι,282022,•ΊΙ§,“ςθs,νΌ‚P’–Ϊ,2022[sanitize]07[sanitize]10,09,‚SK‚ΔΘγ‹¤“―Z‘ξ,’“Τi—Φjκ,10Ξ‘γ,¬w¶,{ω‚Ή‚Έ
ή“,©“]Τ“,“ςθ–k,Ό•Ι,282022,•ΊΙ§,“ςθs,νΌ‚P’–Ϊ,2022[sanitize]09[sanitize]18,17,‚SK‚ΔΘγ‹¤“―Z‘ξ,’“Τi—Φjκ,10Ξ‘γ,‚Z¶,{ω‚µ‚½
ή“,©“]Τ“,“ςθ–k,Ό•Ι,282022,•ΊΙ§,“ςθs,νΌ‚P’–Ϊ,2022[sanitize]11[sanitize]17,20,κΛZ‘ξ,‚»‚Μ‘Ό,10Ξ‘γ,’†w¶,{ω‚Ή‚Έ
ή“,©“]Τ“,“ςθ–k,Ό•Ι,282022,•ΊΙ§,“ςθs,νΌ‚Q’–Ϊ,2022[sanitize]11[sanitize]27,16,‚SK‚ΔΘγ‹¤“―Z‘ξ,’“Τi—Φjκ,20Ξ‘γ,‚»‚Μ‘Ό,{ω‚Ή‚Έ
ή“,©“]Τ“,“ςθ–k,Ό•Ι,282022,•ΊΙ§,“ςθs,νΌ‚Q’–Ϊ,2022[sanitize]11[sanitize]27,17,‚SK‚ΔΘγ‹¤“―Z‘ξ,’“Τi—Φjκ,65[sanitize]69Ξ,‚»‚Μ‘Ό,{ω‚Ή‚Έ
ή“,©“]Τ“,“ςθ–k,Ό•Ι,282022,•ΊΙ§,“ςθs,ν‹g‚P’–Ϊ,2022[sanitize]08[sanitize]13,17,κΛZ‘ξ,’“Τi—Φjκ,10Ξ‘γ,’†w¶,{ω‚Ή‚Έ
ή“,©“]Τ“,“ςθ–k,Ό•Ι,282022,•ΊΙ§,“ςθs,ν‹g‚P’–Ϊ,2022[sanitize]10[sanitize]04,17,‚SK‚ΔΘγ‹¤“―Z‘ξ,‚»‚Μ‘Ό,10Ξ‘γ,‚»‚Μ‘Ό,{ω‚Ή‚Έ
ή“,©“]Τ“,“ςθ–k,Ό•Ι,282022,•ΊΙ§,“ςθs,ν‹g‚P’–Ϊ,2022[sanitize]10[sanitize]14,05,‚SK‚ΔΘγ‹¤“―Z‘ξ,‚»‚Μ‘Ό,10Ξ‘γ,‚»‚Μ‘Ό,{ω‚Ή‚Έ
ή“,©“]Τ“,“ςθ–k,Ό•Ι,282022,•ΊΙ§,“ςθs,ν‹g‚P’–Ϊ,2022[sanitize]11[sanitize]07,11,‚SK‚ΔΘγ‹¤“―Z‘ξ,’“Τi—Φjκ,20Ξ‘γ,‚»‚Μ‘Ό,{ω‚Ή‚Έ
ή“,©“]Τ“,“ςθ–k,Ό•Ι,282022,•ΊΙ§,“ςθs,ν‹g‚Q’–Ϊ,2021[sanitize]12[sanitize]30,22,‚SK‚ΔΘγ‹¤“―Z‘ξ,‚»‚Μ‘Ό,10Ξ‘γ,‘εw¶,{ω‚Ή‚Έ
ή“,©“]Τ“,“ςθ–k,Ό•Ι,282022,•ΊΙ§,“ςθs,ν‹g‚Q’–Ϊ,2022[sanitize]04[sanitize]25,17,κΛZ‘ξ,‚»‚Μ‘Ό,70ΞΘγ,‚»‚Μ‘Ό,{ω‚Ή‚Έ
ή“,©“]Τ“,“ςθ–k,Ό•Ι,282022,•ΊΙ§,“ςθs,ν‹g‚Q’–Ϊ,2022[sanitize]05[sanitize]10,00,‚»‚Μ‘Ό‚ΜZ‘ξi‚RK‚ΔΘ‰Ί‹¤“―Z‘ξ“™j,’“Τi—Φjκ,10Ξ‘γ,‚Z¶,{ω‚Ή‚Έ
ή“,©“]Τ“,“ςθ–k,Ό•Ι,282022,•ΊΙ§,“ςθs,ν‹g‚Q’–Ϊ,2022[sanitize]05[sanitize]29,18,‚SK‚ΔΘγ‹¤“―Z‘ξ,’“Τi—Φjκ,10Ξ‘γ,’†w¶,{ω‚Ή‚Έ
ή“,©“]Τ“,“ςθ–k,Ό•Ι,282022,•ΊΙ§,“ςθs,ν‹g‚Q’–Ϊ,2022[sanitize]09[sanitize]20,18,‚»‚Μ‘Ό‚ΜZ‘ξi‚RK‚ΔΘ‰Ί‹¤“―Z‘ξ“™j,’“Τi—Φjκ,10Ξ‘γ,‘εw¶,{ω‚Ή‚Έ
ή“,©“]Τ“,“ςθ–k,Ό•Ι,282022,•ΊΙ§,“ςθs,ν‹g‚Q’–Ϊ,2022[sanitize]09[sanitize]22,19,‚SK‚ΔΘγ‹¤“―Z‘ξ,’“Τi—Φjκ,10Ξ‘γ,’†w¶,{ω‚µ‚½
ή“,©“]Τ“,“ςθ–k,Ό•Ι,282022,•ΊΙ§,“ςθs,•Ι’¬‚P’–Ϊ,2022[sanitize]07[sanitize]27,22,κΛZ‘ξ,‚»‚Μ‘Ό,70ΞΘγ,‚»‚Μ‘Ό,{ω‚Ή‚Έ
ή“,©“]Τ“,“ςθ–k,Ό•Ι,282022,•ΊΙ§,“ςθs,•Ι’¬‚Q’–Ϊ,2022[sanitize]07[sanitize]11,19,κΛZ‘ξ,‚»‚Μ‘Ό,10Ξ‘γ,‚Z¶,{ω‚Ή‚Έ
ή“,©“]Τ“,“ςθ–k,Ό•Ι,282022,•ΊΙ§,“ςθs,•Ι’¬‚Q’–Ϊ,2022[sanitize]10[sanitize]23,12,‚SK‚ΔΘγ‹¤“―Z‘ξ,’“Τi—Φjκ,10Ξ‘γ,’†w¶,{ω‚µ‚½
ή“,©“]Τ“,“ςθ–k,Ό•Ι,282022,•ΊΙ§,“ςθs,•Ι’¬‚R’–Ϊ,2021[sanitize]01[sanitize]01,00,‚SK‚ΔΘγ‹¤“―Z‘ξ,’“Τi—Φjκ,30Ξ‘γ,‚»‚Μ‘Ό,{ω‚Ή‚Έ
ή“,©“]Τ“,“ςθ–k,Ό•Ι,282022,•ΊΙ§,“ςθs,•Ι’¬‚R’–Ϊ,2022[sanitize]01[sanitize]21,18,κΛZ‘ξ,‚»‚Μ‘Ό,30Ξ‘γ,‚»‚Μ‘Ό,{ω‚µ‚½
ή“,©“]Τ“,“ςθ–k,Ό•Ι,282022,•ΊΙ§,“ςθs,•Ι’¬‚R’–Ϊ,2022[sanitize]07[sanitize]10,16,‚»‚Μ‘Ό‚ΜZ‘ξi‚RK‚ΔΘ‰Ί‹¤“―Z‘ξ“™j,’“Τi—Φjκ,20Ξ‘γ,‚»‚Μ‘Ό,{ω‚Ή‚Έ
ή“,©“]Τ“,“ςθ–k,Ό•Ι,282022,•ΊΙ§,“ςθs,•Ι’¬‚S’–Ϊ,2022[sanitize]03[sanitize]25,18,’“Τi—Φjκ,’“Τi—Φjκ,20Ξ‘γ,‚»‚Μ‘Ό,{ω‚Ή‚Έ
ή“,©“]Τ“,“ςθ–k,Ό•Ι,282022,•ΊΙ§,“ςθs,•Ι³’¬‚P’–Ϊ,2022[sanitize]03[sanitize]23,15,‚SK‚ΔΘγ‹¤“―Z‘ξ,’“Τi—Φjκ,10Ξ‘γ,‚Z¶,{ω‚Ή‚Έ
ή“,©“]Τ“,“ςθ–k,Ό•Ι,282022,•ΊΙ§,“ςθs,•Ι³’¬‚P’–Ϊ,2022[sanitize]06[sanitize]04,17,‚»‚Μ‘Ό,’“Τi—Φjκ,20Ξ‘γ,‘εw¶,{ω‚Ή‚Έ
ή“,©“]Τ“,“ςθ–k,Ό•Ι,282022,•ΊΙ§,“ςθs,•Ι³’¬‚P’–Ϊ,2022[sanitize]06[sanitize]08,08,κΛZ‘ξ,’“Τi—Φjκ,40Ξ‘γ,‚»‚Μ‘Ό,{ω‚Ή‚Έ
ή“,©“]Τ“,“ςθ–k,Ό•Ι,282022,•ΊΙ§,“ςθs,•Ι³’¬‚P’–Ϊ,2022[sanitize]07[sanitize]20,17,κΛZ‘ξ,‚»‚Μ‘Ό,60[sanitize]64Ξ,‚»‚Μ‘Ό,{ω‚Ή‚Έ
ή“,©“]Τ“,“ςθ–k,Ό•Ι,282022,•ΊΙ§,“ςθs,•Ι³’¬‚Q’–Ϊ,2022[sanitize]04[sanitize]27,18,κΛZ‘ξ,‚»‚Μ‘Ό,10Ξ‘γ,’†w¶,{ω‚Ή‚Έ
ή“,©“]Τ“,“ςθ–k,Ό•Ι,282022,•ΊΙ§,“ςθs,•Ι³’¬‚Q’–Ϊ,2022[sanitize]05[sanitize]02,18,‚»‚Μ‘Ό‚ΜZ‘ξi‚RK‚ΔΘ‰Ί‹¤“―Z‘ξ“™j,’“Τi—Φjκ,10Ξ‘γ,‚Z¶,{ω‚Ή‚Έ
ή“,©“]Τ“,“ςθ–k,Ό•Ι,282022,•ΊΙ§,“ςθs,•Ι³’¬‚Q’–Ϊ,2022[sanitize]08[sanitize]31,23,“ΉHγ,‚»‚Μ‘Ό,10Ξ‘γ,‚»‚Μ‘Ό,{ω‚µ‚½
ή“,©“]Τ“,“ςθ–k,Ό•Ι,282022,•ΊΙ§,“ςθs,•Ι³’¬‚R’–Ϊ,2022[sanitize]03[sanitize]20,17,‚SK‚ΔΘγ‹¤“―Z‘ξ,’“Τi—Φjκ,60[sanitize]64Ξ,‚»‚Μ‘Ό,{ω‚Ή‚Έ
ή“,©“]Τ“,“ςθ–k,Ό•Ι,282022,•ΊΙ§,“ςθs,•Ι³’¬‚R’–Ϊ,2022[sanitize]06[sanitize]15,20,‚SK‚ΔΘγ‹¤“―Z‘ξ,’“Τi—Φjκ,60[sanitize]64Ξ,‚»‚Μ‘Ό,{ω‚µ‚½
ή“,©“]Τ“,“ςθ–k,Ό•Ι,282022,•ΊΙ§,“ςθs,•Ι³’¬‚R’–Ϊ,2022[sanitize]07[sanitize]10,20,‚»‚Μ‘Ό,‚»‚Μ‘Ό,10Ξ‘γ,’†w¶,{ω‚Ή‚Έ
ή“,©“]Τ“,“ςθ–k,Ό•Ι,282022,•ΊΙ§,“ςθs,•Ι³’¬‚R’–Ϊ,2022[sanitize]08[sanitize]20,17,κΛZ‘ξ,’“Τi—Φjκ,50Ξ‘γ,‚»‚Μ‘Ό,{ω‚Ή‚Έ
ή“,©“]Τ“,“ςθ–k,Ό•Ι,282022,•ΊΙ§,“ςθs,•Ι³’¬‚R’–Ϊ,2022[sanitize]09[sanitize]22,15,‚»‚Μ‘Ό,‚»‚Μ‘Ό,70ΞΘγ,‚»‚Μ‘Ό,{ω‚µ‚½
ή“,©“]Τ“,“ςθ–k,Ό•Ι,282022,•ΊΙ§,“ςθs,•Ι–L’¬‚Q’–Ϊ,2022[sanitize]04[sanitize]04,20,κΛZ‘ξ,‚»‚Μ‘Ό,30Ξ‘γ,‚»‚Μ‘Ό,{ω‚Ή‚Έ
ή“,©“]Τ“,“ςθ–k,Ό•Ι,282022,•ΊΙ§,“ςθs,•Ι–L’¬‚Q’–Ϊ,2022[sanitize]04[sanitize]12,16,κΛZ‘ξ,’“Τi—Φjκ,10Ξ‘γ,‚Z¶,{ω‚Ή‚Έ
ή“,©“]Τ“,“ςθ–k,Ό•Ι,282022,•ΊΙ§,“ςθs,•Ι–L’¬‚R’–Ϊ,2022[sanitize]05[sanitize]13,19,‚SK‚ΔΘγ‹¤“―Z‘ξ,’“Τi—Φjκ,30Ξ‘γ,‚»‚Μ‘Ό,{ω‚Ή‚Έ
ή“,©“]Τ“,“ςθ–k,Ό•Ι,282022,•ΊΙ§,“ςθs,•Ι–L’¬‚R’–Ϊ,2022[sanitize]05[sanitize]22,00,‚SK‚ΔΘγ‹¤“―Z‘ξ,’“Τi—Φjκ,10Ξ‘γ,‚»‚Μ‘Ό,{ω‚µ‚½
ή“,©“]Τ“,“ςθ–k,Ό•Ι,282022,•ΊΙ§,“ςθs,•Ι–L’¬‚R’–Ϊ,2022[sanitize]05[sanitize]24,18,‚SK‚ΔΘγ‹¤“―Z‘ξ,’“Τi—Φjκ,20Ξ‘γ,‚»‚Μ‘Ό,{ω‚Ή‚Έ
ή“,©“]Τ“,“ςθ–k,Ό•Ι,282022,•ΊΙ§,“ςθs,•Ι‚Μ—Ά‚P’–Ϊ,2022[sanitize]01[sanitize]18,09,‚»‚Μ‘Ό,’“Τi—Φjκ,10Ξ‘γ,‚»‚Μ‘Ό,{ω‚Ή‚Έ
ή“,©“]Τ“,“ςθ–k,Ό•Ι,282022,•ΊΙ§,“ςθs,•Ι‚Μ—Ά‚P’–Ϊ,2022[sanitize]08[sanitize]05,19,κΛZ‘ξ,’“Τi—Φjκ,10Ξ‘γ,‘εw¶,{ω‚Ή‚Έ
ή“,©“]Τ“,“ςθ–k,Ό•Ι,282022,•ΊΙ§,“ςθs,•Ι‚Μ—Ά‚P’–Ϊ,2022[sanitize]08[sanitize]24,16,‚»‚Μ‘Ό,’“Τi—Φjκ,20Ξ‘γ,‚»‚Μ‘Ό,{ω‚Ή‚Έ
ή“,©“]Τ“,“ςθ–k,Ό•Ι,282022,•ΊΙ§,“ςθs,•Ι‚Μ—Ά‚P’–Ϊ,2022[sanitize]10[sanitize]17,19,‚»‚Μ‘Ό,’“Τi—Φjκ,10Ξ‘γ,‚Z¶,{ω‚Ή‚Έ
ή“,©“]Τ“,“ςθ–k,Ό•Ι,282022,•ΊΙ§,“ςθs,•Ι‚Μ—Ά‚P’–Ϊ,2022[sanitize]11[sanitize]25,09,‚»‚Μ‘Ό,’“Τi—Φjκ,40Ξ‘γ,‚»‚Μ‘Ό,{ω‚Ή‚Έ
ή“,©“]Τ“,“ςθ–k,γ‹}’Λϋ‰w‘O,282022,•ΊΙ§,“ςθs,’Λϋ’¬‚P’–Ϊ,2022[sanitize]08[sanitize]05,20,“ΉHγ,‚»‚Μ‘Ό,10Ξ‘γ,‚»‚Μ‘Ό,{ω‚Ή‚Έ
ή“,©“]Τ“,“ςθ–k,γ‹}’Λϋ‰w‘O,282022,•ΊΙ§,“ςθs,“μ’Λϋ’¬‚P’–Ϊ,2022[sanitize]04[sanitize]09,08,κΛZ‘ξ,’“Τi—Φjκ,30Ξ‘γ,‚»‚Μ‘Ό,{ω‚Ή‚Έ
ή“,©“]Τ“,“ςθ–k,γ‹}’Λϋ‰w‘O,282022,•ΊΙ§,“ςθs,“μ’Λϋ’¬‚P’–Ϊ,2022[sanitize]08[sanitize]02,17,’“Τi—Φjκ,’“Τi—Φjκ,10Ξ‘γ,‚Z¶,{ω‚Ή‚Έ
ή“,©“]Τ“,“ςθ–k,γ‹}’Λϋ‰w‘O,282022,•ΊΙ§,“ςθs,“μ’Λϋ’¬‚P’–Ϊ,2022[sanitize]11[sanitize]08,18,‚»‚Μ‘Ό,’“Τi—Φjκ,20Ξ‘γ,‚»‚Μ‘Ό,{ω‚µ‚½
ή“,©“]Τ“,“ςθ–k,γ‹}’Λϋ‰w‘O,282022,•ΊΙ§,“ςθs,“μ’Λϋ’¬‚P’–Ϊ,2022[sanitize]11[sanitize]12,18,‚»‚Μ‘Ό,’“Τi—Φjκ,10Ξ‘γ,‚Z¶,{ω‚Ή‚Έ
ή“,©“]Τ“,“ςθ–k,γ‹}’Λϋ‰w‘O,282022,•ΊΙ§,“ςθs,“μ’Λϋ’¬‚P’–Ϊ,2022[sanitize]11[sanitize]20,18,’“Τi—Φjκ,’“Τi—Φjκ,10Ξ‘γ,‚Z¶,{ω‚Ή‚Έ
ή“,©“]Τ“,“ςθ–k,γ‹}’Λϋ‰w‘O,282022,•ΊΙ§,“ςθs,“μ’Λϋ’¬‚P’–Ϊ,2022[sanitize]11[sanitize]21,16,‚SK‚ΔΘγ‹¤“―Z‘ξ,’“Τi—Φjκ,10Ξ‘γ,‘εw¶,{ω‚Ή‚Έ
ή“,©“]Τ“,“ςθ–k,γ‹}’Λϋ‰w‘O,282022,•ΊΙ§,“ςθs,“μ’Λϋ’¬‚Q’–Ϊ,2022[sanitize]01[sanitize]02,20,’“Τi—Φjκ,’“Τi—Φjκ,65[sanitize]69Ξ,‚»‚Μ‘Ό,{ω‚Ή‚Έ
ή“,©“]Τ“,“ςθ–k,γ‹}’Λϋ‰w‘O,282022,•ΊΙ§,“ςθs,“μ’Λϋ’¬‚Q’–Ϊ,2022[sanitize]01[sanitize]22,17,“ΉHγ,‚»‚Μ‘Ό,40Ξ‘γ,‚»‚Μ‘Ό,{ω‚Ή‚Έ
ή“,©“]Τ“,“ςθ–k,γ‹}’Λϋ‰w‘O,282022,•ΊΙ§,“ςθs,“μ’Λϋ’¬‚Q’–Ϊ,2022[sanitize]02[sanitize]27,11,‚»‚Μ‘Ό,’“Τi—Φjκ,30Ξ‘γ,‚»‚Μ‘Ό,{ω‚Ή‚Έ
ή“,©“]Τ“,“ςθ–k,γ‹}’Λϋ‰w‘O,282022,•ΊΙ§,“ςθs,“μ’Λϋ’¬‚Q’–Ϊ,2022[sanitize]03[sanitize]06,23,‚»‚Μ‘Ό,’“Τi—Φjκ,20Ξ‘γ,‚»‚Μ‘Ό,{ω‚µ‚½
ή“,©“]Τ“,“ςθ–k,γ‹}’Λϋ‰w‘O,282022,•ΊΙ§,“ςθs,“μ’Λϋ’¬‚Q’–Ϊ,2022[sanitize]05[sanitize]04,01,‚»‚Μ‘Ό,’“Τi—Φjκ,20Ξ‘γ,‚»‚Μ‘Ό,{ω‚Ή‚Έ
ή“,©“]Τ“,“ςθ–k,γ‹}’Λϋ‰w‘O,282022,•ΊΙ§,“ςθs,“μ’Λϋ’¬‚Q’–Ϊ,2022[sanitize]06[sanitize]09,00,‚»‚Μ‘Ό,’“Τi—Φjκ,20Ξ‘γ,‚»‚Μ‘Ό,{ω‚Ή‚Έ
ή“,©“]Τ“,“ςθ–k,γ‹}’Λϋ‰w‘O,282022,•ΊΙ§,“ςθs,“μ’Λϋ’¬‚Q’–Ϊ,2022[sanitize]06[sanitize]18,17,‚SK‚ΔΘγ‹¤“―Z‘ξ,’“Τi—Φjκ,30Ξ‘γ,‚»‚Μ‘Ό,{ω‚Ή‚Έ
ή“,©“]Τ“,“ςθ–k,γ‹}’Λϋ‰w‘O,282022,•ΊΙ§,“ςθs,“μ’Λϋ’¬‚Q’–Ϊ,2022[sanitize]06[sanitize]26,10,’“Τi—Φjκ,’“Τi—Φjκ,40Ξ‘γ,‚»‚Μ‘Ό,{ω‚µ‚½
ή“,©“]Τ“,“ςθ–k,γ‹}’Λϋ‰w‘O,282022,•ΊΙ§,“ςθs,“μ’Λϋ’¬‚Q’–Ϊ,2022[sanitize]06[sanitize]30,23,‚»‚Μ‘Ό,’“Τi—Φjκ,50Ξ‘γ,‚»‚Μ‘Ό,{ω‚Ή‚Έ
ή“,©“]Τ“,“ςθ–k,γ‹}’Λϋ‰w‘O,282022,•ΊΙ§,“ςθs,“μ’Λϋ’¬‚Q’–Ϊ,2022[sanitize]07[sanitize]12,20,‚»‚Μ‘Ό,’“Τi—Φjκ,10Ξ‘γ,’†w¶,{ω‚Ή‚Έ
ή“,©“]Τ“,“ςθ–k,γ‹}’Λϋ‰w‘O,282022,•ΊΙ§,“ςθs,“μ’Λϋ’¬‚Q’–Ϊ,2022[sanitize]07[sanitize]15,19,’“Τi—Φjκ,’“Τi—Φjκ,40Ξ‘γ,‚»‚Μ‘Ό,{ω‚Ή‚Έ
ή“,©“]Τ“,“ςθ–k,γ‹}’Λϋ‰w‘O,282022,•ΊΙ§,“ςθs,“μ’Λϋ’¬‚Q’–Ϊ,2022[sanitize]07[sanitize]22,06,‚SK‚ΔΘγ‹¤“―Z‘ξ,’“Τi—Φjκ,30Ξ‘γ,‚»‚Μ‘Ό,{ω‚Ή‚Έ
ή“,©“]Τ“,“ςθ–k,γ‹}’Λϋ‰w‘O,282022,•ΊΙ§,“ςθs,“μ’Λϋ’¬‚Q’–Ϊ,2022[sanitize]07[sanitize]29,15,‚»‚Μ‘Ό,’“Τi—Φjκ,20Ξ‘γ,‚»‚Μ‘Ό,{ω‚Ή‚Έ
ή“,©“]Τ“,“ςθ–k,γ‹}’Λϋ‰w‘O,282022,•ΊΙ§,“ςθs,“μ’Λϋ’¬‚Q’–Ϊ,2022[sanitize]08[sanitize]02,15,‚»‚Μ‘Ό,’“Τi—Φjκ,65[sanitize]69Ξ,‚»‚Μ‘Ό,{ω‚Ή‚Έ
ή“,©“]Τ“,“ςθ–k,γ‹}’Λϋ‰w‘O,282022,•ΊΙ§,“ςθs,“μ’Λϋ’¬‚Q’–Ϊ,2022[sanitize]08[sanitize]06,20,‚»‚Μ‘Ό,’“Τi—Φjκ,20Ξ‘γ,‚»‚Μ‘Ό,{ω‚Ή‚Έ
ή“,©“]Τ“,“ςθ–k,γ‹}’Λϋ‰w‘O,282022,•ΊΙ§,“ςθs,“μ’Λϋ’¬‚Q’–Ϊ,2022[sanitize]09[sanitize]14,19,‚»‚Μ‘Ό‚ΜZ‘ξi‚RK‚ΔΘ‰Ί‹¤“―Z‘ξ“™j,’“Τi—Φjκ,20Ξ‘γ,‚»‚Μ‘Ό,{ω‚µ‚½
ή“,©“]Τ“,“ςθ–k,γ‹}’Λϋ‰w‘O,282022,•ΊΙ§,“ςθs,“μ’Λϋ’¬‚Q’–Ϊ,2022[sanitize]09[sanitize]24,16,‚»‚Μ‘Ό,’“Τi—Φjκ,10Ξ‘γ,¬w¶,{ω‚Ή‚Έ
ή“,©“]Τ“,“ςθ–k,γ‹}’Λϋ‰w‘O,282022,•ΊΙ§,“ςθs,“μ’Λϋ’¬‚Q’–Ϊ,2022[sanitize]10[sanitize]05,21,‚»‚Μ‘Ό,’“Τi—Φjκ,20Ξ‘γ,‚»‚Μ‘Ό,{ω‚Ή‚Έ
ή“,©“]Τ“,“ςθ–k,γ‹}’Λϋ‰w‘O,282022,•ΊΙ§,“ςθs,“μ’Λϋ’¬‚Q’–Ϊ,2022[sanitize]12[sanitize]13,23,’“Τi—Φjκ,’“Τi—Φjκ,30Ξ‘γ,‚»‚Μ‘Ό,{ω‚µ‚½
ή“,©“]Τ“,“ςθ–k,γ‹}’Λϋ‰w‘O,282022,•ΊΙ§,“ςθs,“μ’Λϋ’¬‚R’–Ϊ,2022[sanitize]05[sanitize]06,10,“ΉHγ,‚»‚Μ‘Ό,40Ξ‘γ,‚»‚Μ‘Ό,{ω‚Ή‚Έ
ή“,©“]Τ“,“ςθ–k,γ‹}’Λϋ‰w‘O,282022,•ΊΙ§,“ςθs,“μ’Λϋ’¬‚R’–Ϊ,2022[sanitize]11[sanitize]01,00,‚SK‚ΔΘγ‹¤“―Z‘ξ,’“Τi—Φjκ,20Ξ‘γ,‘εw¶,{ω‚µ‚½
ή“,©“]Τ“,“ςθ–k,γ‹}’Λϋ‰w‘O,282022,•ΊΙ§,“ςθs,“μ’Λϋ’¬‚R’–Ϊ,2022[sanitize]12[sanitize]09,19,‚»‚Μ‘Ό‚ΜZ‘ξi‚RK‚ΔΘ‰Ί‹¤“―Z‘ξ“™j,’“Τi—Φjκ,20Ξ‘γ,‘εw¶,{ω‚Ή‚Έ
ή“,©“]Τ“,“ςθ–k,γ‹}’Λϋ‰w‘O,282022,•ΊΙ§,“ςθs,“μ’Λϋ’¬‚R’–Ϊ,2022[sanitize]12[sanitize]17,10,‚SK‚ΔΘγ‹¤“―Z‘ξ,’“Τi—Φjκ,40Ξ‘γ,‚»‚Μ‘Ό,{ω‚Ή‚Έ
ή“,©“]Τ“,“ςθ–k,γ‹}’Λϋ‰w‘O,282022,•ΊΙ§,“ςθs,“μ’Λϋ’¬‚T’–Ϊ,2022[sanitize]07[sanitize]09,18,‚»‚Μ‘Ό‚ΜZ‘ξi‚RK‚ΔΘ‰Ί‹¤“―Z‘ξ“™j,‚»‚Μ‘Ό,20Ξ‘γ,‘εw¶,{ω‚Ή‚Έ
ή“,©“]Τ“,“ςθ–k,γ‹}’Λϋ‰w‘O,282022,•ΊΙ§,“ςθs,“μ’Λϋ’¬‚U’–Ϊ,2022[sanitize]02[sanitize]19,02,κΛZ‘ξ,’“Τi—Φjκ,20Ξ‘γ,‘εw¶,{ω‚Ή‚Έ
ή“,©“]Τ“,“ςθ–k,γ‹}’Λϋ‰w‘O,282022,•ΊΙ§,“ςθs,“μ’Λϋ’¬‚U’–Ϊ,2022[sanitize]09[sanitize]29,17,‚»‚Μ‘Ό‚ΜZ‘ξi‚RK‚ΔΘ‰Ί‹¤“―Z‘ξ“™j,’“Τi—Φjκ,70ΞΘγ,‚»‚Μ‘Ό,{ω‚Ή‚Έ
ή“,©“]Τ“,“ςθ–k,γ‹}’Λϋ‰w‘O,282022,•ΊΙ§,“ςθs,“μ’Λϋ’¬‚W’–Ϊ,2022[sanitize]01[sanitize]18,13,‚SK‚ΔΘγ‹¤“―Z‘ξ,’“Τi—Φjκ,10Ξ‘γ,’†w¶,{ω‚Ή‚Έ
ή“,©“]Τ“,“ςθ–k,γ‹}’Λϋ‰w‘O,282022,•ΊΙ§,“ςθs,“μ’Λϋ’¬‚W’–Ϊ,2022[sanitize]05[sanitize]13,09,‚»‚Μ‘Ό‚ΜZ‘ξi‚RK‚ΔΘ‰Ί‹¤“―Z‘ξ“™j,’“Τi—Φjκ,20Ξ‘γ,‚»‚Μ‘Ό,{ω‚Ή‚Έ
ή“,©“]Τ“,“ςθ–k,γ‹}’Λϋ‰w‘O,282022,•ΊΙ§,“ςθs,“μ’Λϋ’¬‚W’–Ϊ,2022[sanitize]07[sanitize]03,22,‚SK‚ΔΘγ‹¤“―Z‘ξ,’“Τi—Φjκ,20Ξ‘γ,‚»‚Μ‘Ό,{ω‚µ‚½
ή“,©“]Τ“,“ςθ–k,γ‹}’Λϋ‰w‘O,282022,•ΊΙ§,“ςθs,“μ’Λϋ’¬‚W’–Ϊ,2022[sanitize]08[sanitize]31,19,‚SK‚ΔΘγ‹¤“―Z‘ξ,’“Τi—Φjκ,20Ξ‘γ,‚»‚Μ‘Ό,{ω‚µ‚½
ή“,©“]Τ“,“ςθ–k,γ‹}’Λϋ‰w‘O,282022,•ΊΙ§,“ςθs,’Λϋ–{’¬‚P’–Ϊ,2022[sanitize]06[sanitize]28,16,‚»‚Μ‘Ό,’“Τi—Φjκ,30Ξ‘γ,‚»‚Μ‘Ό,{ω‚µ‚½
ή“,©“]Τ“,Ι’O,’†–μ,282073,•ΊΙ§,Ι’Os,’†–μ–k‚R’–Ϊ,2022[sanitize]11[sanitize]07,18,‚SK‚ΔΘγ‹¤“―Z‘ξ,’“Τi—Φjκ,20Ξ‘γ,‚»‚Μ‘Ό,{ω‚Ή‚Έ
ή“,©“]Τ“,Ι’O,’†–μ,282073,•ΊΙ§,Ι’Os,’†–μ“‚P’–Ϊ,2022[sanitize]07[sanitize]23,12,‚SK‚ΔΘγ‹¤“―Z‘ξ,’“Τi—Φjκ,10Ξ‘γ,’†w¶,{ω‚Ή‚Έ
ή“,©“]Τ“,Ι’O,’†–μ,282073,•ΊΙ§,Ι’Os,’†–μ“‚P’–Ϊ,2022[sanitize]07[sanitize]28,22,‚SK‚ΔΘγ‹¤“―Z‘ξ,’“Τi—Φjκ,10Ξ‘γ,‚Z¶,{ω‚Ή‚Έ
ή“,©“]Τ“,Ι’O,’†–μ,282073,•ΊΙ§,Ι’Os,’†–μ“‚P’–Ϊ,2022[sanitize]10[sanitize]13,16,‚SK‚ΔΘγ‹¤“―Z‘ξ,’“Τi—Φjκ,30Ξ‘γ,‚»‚Μ‘Ό,{ω‚Ή‚Έ
ή“,©“]Τ“,Ι’O,’†–μ,282073,•ΊΙ§,Ι’Os,’†–μ“‚P’–Ϊ,2022[sanitize]11[sanitize]24,20,‚SK‚ΔΘγ‹¤“―Z‘ξ,’“Τi—Φjκ,40Ξ‘γ,‚»‚Μ‘Ό,{ω‚Ή‚Έ
ή“,©“]Τ“,Ι’O,’†–μ,282073,•ΊΙ§,Ι’Os,’†–μ“‚P’–Ϊ,2022[sanitize]12[sanitize]13,19,‚SK‚ΔΘγ‹¤“―Z‘ξ,’“Τi—Φjκ,40Ξ‘γ,‚»‚Μ‘Ό,{ω‚µ‚½
ή“,©“]Τ“,Ι’O,’†–μ,282073,•ΊΙ§,Ι’Os,’†–μ“‚P’–Ϊ,2022[sanitize]12[sanitize]19,18,‚»‚Μ‘Ό‚ΜZ‘ξi‚RK‚ΔΘ‰Ί‹¤“―Z‘ξ“™j,’“Τi—Φjκ,10Ξ‘γ,¬w¶,{ω‚Ή‚Έ
ή“,©“]Τ“,Ι’O,’†–μ,282073,•ΊΙ§,Ι’Os,Ό–μ‚P’–Ϊ,2022[sanitize]08[sanitize]31,18,‚SK‚ΔΘγ‹¤“―Z‘ξ,’“Τi—Φjκ,40Ξ‘γ,‚»‚Μ‘Ό,{ω‚Ή‚Έ
ή“,©“]Τ“,Ι’O,’†–μ,282073,•ΊΙ§,Ι’Os,Ό–μ‚Q’–Ϊ,2022[sanitize]07[sanitize]15,15,κΛZ‘ξ,’“Τi—Φjκ,10Ξ‘γ,‚Z¶,{ω‚Ή‚Έ
ή“,©“]Τ“,Ι’O,’†–μ,282073,•ΊΙ§,Ι’Os,Ό–μ‚R’–Ϊ,2022[sanitize]01[sanitize]31,16,κΛZ‘ξ,‚»‚Μ‘Ό,10Ξ‘γ,‚»‚Μ‘Ό,{ω‚Ή‚Έ
ή“,©“]Τ“,Ι’O,’†–μ,282073,•ΊΙ§,Ι’Os,Ό–μ‚R’–Ϊ,2022[sanitize]09[sanitize]04,19,κΛZ‘ξ,’“Τi—Φjκ,70ΞΘγ,‚»‚Μ‘Ό,{ω‚Ή‚Έ
ή“,©“]Τ“,Ι’O,’†–μ,282073,•ΊΙ§,Ι’Os,Ό–μ‚T’–Ϊ,2022[sanitize]04[sanitize]24,09,’“Τi—Φjκ,’“Τi—Φjκ,20Ξ‘γ,‚»‚Μ‘Ό,{ω‚µ‚½
ή“,©“]Τ“,Ι’O,’†–μ,282073,•ΊΙ§,Ι’Os,Ό–μ‚V’–Ϊ,2022[sanitize]01[sanitize]07,21,‚SK‚ΔΘγ‹¤“―Z‘ξ,’“Τi—Φjκ,65[sanitize]69Ξ,‚»‚Μ‘Ό,{ω‚µ‚½
ή“,©“]Τ“,Ι’O,’†–μ,282073,•ΊΙ§,Ι’Os,Ό–μ‚W’–Ϊ,2022[sanitize]10[sanitize]14,17,‚SK‚ΔΘγ‹¤“―Z‘ξ,’“Τi—Φjκ,50Ξ‘γ,‚»‚Μ‘Ό,{ω‚µ‚½
ή“,©“]Τ“,Ι’O,’†–μ,282073,•ΊΙ§,Ι’Os,Ό–μ‚W’–Ϊ,2022[sanitize]10[sanitize]15,19,‚SK‚ΔΘγ‹¤“―Z‘ξ,’“Τi—Φjκ,30Ξ‘γ,‚»‚Μ‘Ό,{ω‚µ‚½
ή“,©“]Τ“,Ι’O,’†–μ,282073,•ΊΙ§,Ι’Os,Ό–μ‚W’–Ϊ,2022[sanitize]11[sanitize]17,16,‚SK‚ΔΘγ‹¤“―Z‘ξ,’“Τi—Φjκ,50Ξ‘γ,‚»‚Μ‘Ό,{ω‚µ‚½
ή“,©“]Τ“,Ι’O,Ι’O‰w‘O,282073,•ΊΙ§,Ι’Os,Ι’O‚P’–Ϊ,2021[sanitize]10[sanitize]16,16,‚SK‚ΔΘγ‹¤“―Z‘ξ,’“Τi—Φjκ,50Ξ‘γ,‚»‚Μ‘Ό,{ω‚µ‚½
ή“,©“]Τ“,Ι’O,Ι’O‰w‘O,282073,•ΊΙ§,Ι’Os,Ι’O‚P’–Ϊ,2021[sanitize]12[sanitize]21,08,’“Τi—Φjκ,’“Τi—Φjκ,20Ξ‘γ,‚»‚Μ‘Ό,{ω‚µ‚½
ή“,©“]Τ“,Ι’O,Ι’O‰w‘O,282073,•ΊΙ§,Ι’Os,Ι’O‚P’–Ϊ,2022[sanitize]02[sanitize]08,19,‚»‚Μ‘Ό,’“Τi—Φjκ,20Ξ‘γ,‚»‚Μ‘Ό,{ω‚µ‚½
ή“,©“]Τ“,Ι’O,Ι’O‰w‘O,282073,•ΊΙ§,Ι’Os,Ι’O‚P’–Ϊ,2022[sanitize]05[sanitize]29,15,’“Τi—Φjκ,’“Τi—Φjκ,70ΞΘγ,‚»‚Μ‘Ό,{ω‚µ‚½
ή“,©“]Τ“,Ι’O,Ι’O‰w‘O,282073,•ΊΙ§,Ι’Os,Ι’O‚P’–Ϊ,2022[sanitize]07[sanitize]07,18,‚»‚Μ‘Ό,’“Τi—Φjκ,10Ξ‘γ,‚Z¶,{ω‚Ή‚Έ
ή“,©“]Τ“,Ι’O,Ι’O‰w‘O,282073,•ΊΙ§,Ι’Os,Ι’O‚P’–Ϊ,2022[sanitize]08[sanitize]17,06,’“Τi—Φjκ,’“Τi—Φjκ,40Ξ‘γ,‚»‚Μ‘Ό,{ω‚µ‚½
ή“,©“]Τ“,Ι’O,Ι’O‰w‘O,282073,•ΊΙ§,Ι’Os,Ι’O‚P’–Ϊ,2022[sanitize]08[sanitize]31,16,“ΉHγ,‚»‚Μ‘Ό,20Ξ‘γ,‘εw¶,{ω‚µ‚½
ή“,©“]Τ“,Ι’O,Ι’O‰w‘O,282073,•ΊΙ§,Ι’Os,Ι’O‚P’–Ϊ,2022[sanitize]09[sanitize]04,13,‚»‚Μ‘Ό,’“Τi—Φjκ,40Ξ‘γ,‚»‚Μ‘Ό,{ω‚Ή‚Έ
ή“,©“]Τ“,Ι’O,Ι’O‰w‘O,282073,•ΊΙ§,Ι’Os,Ι’O‚P’–Ϊ,2022[sanitize]09[sanitize]08,06,’“Τi—Φjκ,’“Τi—Φjκ,70ΞΘγ,‚»‚Μ‘Ό,{ω‚µ‚½
ή“,©“]Τ“,Ι’O,Ι’O‰w‘O,282073,•ΊΙ§,Ι’Os,Ι’O‚P’–Ϊ,2022[sanitize]10[sanitize]14,09,‚»‚Μ‘Ό,’“Τi—Φjκ,50Ξ‘γ,‚»‚Μ‘Ό,{ω‚Ή‚Έ
ή“,©“]Τ“,Ι’O,Ι’O‰w‘O,282073,•ΊΙ§,Ι’Os,Ι’O‚P’–Ϊ,2022[sanitize]10[sanitize]26,16,‚»‚Μ‘Ό,’“Τi—Φjκ,10Ξ‘γ,¬w¶,{ω‚µ‚½
ή“,©“]Τ“,Ι’O,Ι’O‰w‘O,282073,•ΊΙ§,Ι’Os,Ι’O‚P’–Ϊ,2022[sanitize]12[sanitize]02,12,’“Τi—Φjκ,’“Τi—Φjκ,20Ξ‘γ,‚»‚Μ‘Ό,{ω‚µ‚½
ή“,©“]Τ“,Ι’O,Ι’O‰w‘O,282073,•ΊΙ§,Ι’Os,Ι’O‚P’–Ϊ,2022[sanitize]12[sanitize]12,14,‚»‚Μ‘Ό,’“Τi—Φjκ,70ΞΘγ,‚»‚Μ‘Ό,{ω‚µ‚½
ή“,©“]Τ“,Ι’O,Ι’O‰w‘O,282073,•ΊΙ§,Ι’Os,Ι’O‚Q’–Ϊ,2022[sanitize]03[sanitize]27,21,‚»‚Μ‘Ό‚ΜZ‘ξi‚RK‚ΔΘ‰Ί‹¤“―Z‘ξ“™j,’“Τi—Φjκ,20Ξ‘γ,‚»‚Μ‘Ό,{ω‚µ‚½
ή“,©“]Τ“,Ι’O,Ι’O‰w‘O,282073,•ΊΙ§,Ι’Os,Ι’O‚Q’–Ϊ,2022[sanitize]10[sanitize]16,06,‚»‚Μ‘Ό,’“Τi—Φjκ,20Ξ‘γ,‚»‚Μ‘Ό,{ω‚Ή‚Έ
ή“,©“]Τ“,Ι’O,Ι’O‰w‘O,282073,•ΊΙ§,Ι’Os,Ι’O‚R’–Ϊ,2022[sanitize]07[sanitize]23,22,‚SK‚ΔΘγ‹¤“―Z‘ξ,’“Τi—Φjκ,10Ξ‘γ,’†w¶,{ω‚Ή‚Έ
ή“,©“]Τ“,Ι’O,Ι’O‰w‘O,282073,•ΊΙ§,Ι’Os,Ι’O‚R’–Ϊ,2022[sanitize]09[sanitize]09,20,‚SK‚ΔΘγ‹¤“―Z‘ξ,’“Τi—Φjκ,30Ξ‘γ,‚»‚Μ‘Ό,{ω‚µ‚½
ή“,©“]Τ“,Ι’O,Ι’O‰w‘O,282073,•ΊΙ§,Ι’Os,Ι’O‚R’–Ϊ,2022[sanitize]12[sanitize]10,19,‚SK‚ΔΘγ‹¤“―Z‘ξ,’“Τi—Φjκ,20Ξ‘γ,‚»‚Μ‘Ό,{ω‚Ή‚Έ
ή“,©“]Τ“,Ι’O,Ι’O‰w‘O,282073,•ΊΙ§,Ι’Os,“—L‰ª‚P’–Ϊ,2022[sanitize]03[sanitize]20,14,’“Τi—Φjκ,’“Τi—Φjκ,10Ξ‘γ,¬w¶,{ω‚µ‚½
ή“,©“]Τ“,Ι’O,Ι’O‰w‘O,282073,•ΊΙ§,Ι’Os,“—L‰ª‚P’–Ϊ,2022[sanitize]08[sanitize]19,20,’“Τi—Φjκ,’“Τi—Φjκ,30Ξ‘γ,‚»‚Μ‘Ό,{ω‚µ‚½
ή“,©“]Τ“,Ι’O,Ι’O‰w‘O,282073,•ΊΙ§,Ι’Os,“—L‰ª‚P’–Ϊ,2022[sanitize]09[sanitize]21,08,’“Τi—Φjκ,’“Τi—Φjκ,20Ξ‘γ,‚»‚Μ‘Ό,{ω‚Ή‚Έ
ή“,©“]Τ“,Ι’O,Ι’O‰w‘O,282073,•ΊΙ§,Ι’Os,“—L‰ª‚P’–Ϊ,2022[sanitize]10[sanitize]07,16,’“Τi—Φjκ,’“Τi—Φjκ,30Ξ‘γ,‚»‚Μ‘Ό,{ω‚Ή‚Έ
ή“,©“]Τ“,Ι’O,Ι’O‰w‘O,282073,•ΊΙ§,Ι’Os,“΅ƒm–Ψ‚P’–Ϊ,2021[sanitize]11[sanitize]06,12,‚»‚Μ‘Ό,’“Τi—Φjκ,10Ξ‘γ,‚Z¶,{ω‚Ή‚Έ
ή“,©“]Τ“,Ι’O,Ι’O‰w‘O,282073,•ΊΙ§,Ι’Os,“΅ƒm–Ψ‚P’–Ϊ,2022[sanitize]06[sanitize]06,17,‚»‚Μ‘Ό,’“Τi—Φjκ,10Ξ‘γ,’†w¶,{ω‚Ή‚Έ
ή“,©“]Τ“,Ι’O,Ι’O‰w‘O,282073,•ΊΙ§,Ι’Os,“΅ƒm–Ψ‚P’–Ϊ,2022[sanitize]06[sanitize]22,14,‚»‚Μ‘Ό,’“Τi—Φjκ,70ΞΘγ,‚»‚Μ‘Ό,{ω‚µ‚½
ή“,©“]Τ“,Ι’O,Ι’O‰w‘O,282073,•ΊΙ§,Ι’Os,“΅ƒm–Ψ‚P’–Ϊ,2022[sanitize]06[sanitize]24,15,‚»‚Μ‘Ό,’“Τi—Φjκ,10Ξ‘γ,’†w¶,{ω‚Ή‚Έ
ή“,©“]Τ“,Ι’O,Ι’O‰w‘O,282073,•ΊΙ§,Ι’Os,“΅ƒm–Ψ‚P’–Ϊ,2022[sanitize]07[sanitize]03,09,‚»‚Μ‘Ό,’“Τi—Φjκ,40Ξ‘γ,‚»‚Μ‘Ό,{ω‚Ή‚Έ
ή“,©“]Τ“,Ι’O,Ι’O‰w‘O,282073,•ΊΙ§,Ι’Os,“΅ƒm–Ψ‚P’–Ϊ,2022[sanitize]07[sanitize]03,18,‚»‚Μ‘Ό,’“Τi—Φjκ,20Ξ‘γ,‘εw¶,{ω‚Ή‚Έ
ή“,©“]Τ“,Ι’O,Ι’O‰w‘O,282073,•ΊΙ§,Ι’Os,“΅ƒm–Ψ‚P’–Ϊ,2022[sanitize]07[sanitize]12,13,‚»‚Μ‘Ό,’“Τi—Φjκ,20Ξ‘γ,‚»‚Μ‘Ό,{ω‚µ‚½
ή“,©“]Τ“,Ι’O,Ι’O‰w‘O,282073,•ΊΙ§,Ι’Os,“΅ƒm–Ψ‚P’–Ϊ,2022[sanitize]07[sanitize]14,14,‚»‚Μ‘Ό,’“Τi—Φjκ,10Ξ‘γ,’†w¶,{ω‚Ή‚Έ
ή“,©“]Τ“,Ι’O,Ι’O‰w‘O,282073,•ΊΙ§,Ι’Os,“΅ƒm–Ψ‚P’–Ϊ,2022[sanitize]07[sanitize]17,04,‚»‚Μ‘Ό,’“Τi—Φjκ,10Ξ‘γ,‚»‚Μ‘Ό,{ω‚Ή‚Έ
ή“,©“]Τ“,Ι’O,Ι’O‰w‘O,282073,•ΊΙ§,Ι’Os,“΅ƒm–Ψ‚P’–Ϊ,2022[sanitize]08[sanitize]03,07,‚»‚Μ‘Ό,’“Τi—Φjκ,10Ξ‘γ,‚»‚Μ‘Ό,{ω‚Ή‚Έ
ή“,©“]Τ“,Ι’O,Ι’O‰w‘O,282073,•ΊΙ§,Ι’Os,“΅ƒm–Ψ‚P’–Ϊ,2022[sanitize]11[sanitize]23,14,‚»‚Μ‘Ό,’“Τi—Φjκ,10Ξ‘γ,’†w¶,{ω‚Ή‚Έ
ή“,©“]Τ“,Ι’O,Ι’O‰w‘O,282073,•ΊΙ§,Ι’Os,“΅ƒm–Ψ‚P’–Ϊ,2022[sanitize]12[sanitize]01,09,‚»‚Μ‘Ό,’“Τi—Φjκ,10Ξ‘γ,‘εw¶,{ω‚Ή‚Έ
ή“,©“]Τ“,Ι’O,–k‘Ί,282073,•ΊΙ§,Ι’Os,’’•¨t‚S’–Ϊ,2022[sanitize]12[sanitize]20,18,‚SK‚ΔΘγ‹¤“―Z‘ξ,’“Τi—Φjκ,10Ξ‘γ,¬w¶,{ω‚Ή‚Έ
ή“,©“]Τ“,Ι’O,–k‘Ί,282073,•ΊΙ§,Ι’Os,t“ϊ‹u‚U’–Ϊ,2022[sanitize]02[sanitize]03,16,‚»‚Μ‘Ό‚ΜZ‘ξi‚RK‚ΔΘ‰Ί‹¤“―Z‘ξ“™j,’“Τi—Φjκ,30Ξ‘γ,‚»‚Μ‘Ό,{ω‚µ‚½
ή“,©“]Τ“,Ι’O,–k‘Ί,282073,•ΊΙ§,Ι’Os,t“ϊ‹u‚U’–Ϊ,2022[sanitize]10[sanitize]19,19,‚»‚Μ‘Ό‚ΜZ‘ξi‚RK‚ΔΘ‰Ί‹¤“―Z‘ξ“™j,’“Τi—Φjκ,10Ξ‘γ,¬w¶,{ω‚Ή‚Έ
ή“,©“]Τ“,Ι’O,–k‘Ί,282073,•ΊΙ§,Ι’Os,–kΙ’O‚T’–Ϊ,2022[sanitize]03[sanitize]15,14,‚»‚Μ‘Ό,’“Τi—Φjκ,20Ξ‘γ,‘εw¶,{ω‚Ή‚Έ
ή“,©“]Τ“,Ι’O,–k‘Ί,282073,•ΊΙ§,Ι’Os,–kΙ’O‚V’–Ϊ,2022[sanitize]10[sanitize]04,17,‚»‚Μ‘Ό‚ΜZ‘ξi‚RK‚ΔΘ‰Ί‹¤“―Z‘ξ“™j,’“Τi—Φjκ,50Ξ‘γ,‚»‚Μ‘Ό,{ω‚µ‚½
ή“,©“]Τ“,Ι’O,–k‘Ί,282073,•ΊΙ§,Ι’Os,–kΙ’O‚W’–Ϊ,2022[sanitize]02[sanitize]07,14,‚»‚Μ‘Ό,’“Τi—Φjκ,10Ξ‘γ,‘εw¶,{ω‚µ‚½
ή“,©“]Τ“,Ι’O,–k‘Ί,282073,•ΊΙ§,Ι’Os,–kΙ’O‚W’–Ϊ,2022[sanitize]03[sanitize]11,17,‚»‚Μ‘Ό,‚»‚Μ‘Ό,10Ξ‘γ,‚»‚Μ‘Ό,{ω‚Ή‚Έ
ή“,©“]Τ“,Ι’O,–k‘Ί,282073,•ΊΙ§,Ι’Os,–kΙ’O‚X’–Ϊ,2021[sanitize]12[sanitize]27,20,’“Τi—Φjκ,’“Τi—Φjκ,30Ξ‘γ,‚»‚Μ‘Ό,{ω‚Ή‚Έ
ή“,©“]Τ“,Ι’O,–k‘Ί,282073,•ΊΙ§,Ι’Os,–kΙ’O‚X’–Ϊ,2022[sanitize]01[sanitize]07,13,’“Τi—Φjκ,’“Τi—Φjκ,10Ξ‘γ,‚Z¶,{ω‚µ‚½
ή“,©“]Τ“,Ι’O,–k‘Ί,282073,•ΊΙ§,Ι’Os,–kΙ’O‚X’–Ϊ,2022[sanitize]05[sanitize]02,11,’“Τi—Φjκ,’“Τi—Φjκ,10Ξ‘γ,‚Z¶,{ω‚Ή‚Έ
ή“,©“]Τ“,Ι’O,–k‘Ί,282073,•ΊΙ§,Ι’Os,–k‰€‚P’–Ϊ,2022[sanitize]10[sanitize]31,16,‚»‚Μ‘Ό‚ΜZ‘ξi‚RK‚ΔΘ‰Ί‹¤“―Z‘ξ“™j,’“Τi—Φjκ,30Ξ‘γ,‚»‚Μ‘Ό,{ω‚Ή‚Έ
ή“,©“]Τ“,Ι’O,–k‘Ί,282073,•ΊΙ§,Ι’Os,–k–{’¬‚Q’–Ϊ,2022[sanitize]11[sanitize]20,11,“ΉHγ,‚»‚Μ‘Ό,10Ξ‘γ,‚Z¶,{ω‚Ή‚Έ
ή“,©“]Τ“,Ι’O,“μ–{’¬,282073,•ΊΙ§,Ι’Os,Ι’O‚T’–Ϊ,2022[sanitize]11[sanitize]09,15,‚»‚Μ‘Ό‚ΜZ‘ξi‚RK‚ΔΘ‰Ί‹¤“―Z‘ξ“™j,’“Τi—Φjκ,20Ξ‘γ,‚»‚Μ‘Ό,{ω‚Ή‚Έ
ή“,©“]Τ“,Ι’O,“μ–{’¬,282073,•ΊΙ§,Ι’Os,•½Ό‚Q’–Ϊ,2022[sanitize]06[sanitize]23,11,‚»‚Μ‘Ό‚ΜZ‘ξi‚RK‚ΔΘ‰Ί‹¤“―Z‘ξ“™j,’“Τi—Φjκ,70ΞΘγ,‚»‚Μ‘Ό,{ω‚µ‚½
ή“,©“]Τ“,Ι’O,“μ–{’¬,282073,•ΊΙ§,Ι’Os,•½Ό‚T’–Ϊ,2022[sanitize]04[sanitize]30,20,‚»‚Μ‘Ό,‚»‚Μ‘Ό,10Ξ‘γ,‚Z¶,{ω‚Ή‚Έ
ή“,©“]Τ“,Ι’O,“μ–{’¬,282073,•ΊΙ§,Ι’Os,•½Ό‚T’–Ϊ,2022[sanitize]06[sanitize]19,17,‚»‚Μ‘Ό,‚»‚Μ‘Ό,10Ξ‘γ,’†w¶,{ω‚Ή‚Έ
ή“,©“]Τ“,Ι’O,“μ–{’¬,282073,•ΊΙ§,Ι’Os,•½Ό‚V’–Ϊ,2022[sanitize]09[sanitize]02,13,‚»‚Μ‘Ό,’“Τi—Φjκ,40Ξ‘γ,‚»‚Μ‘Ό,{ω‚Ή‚Έ
ή“,©“]Τ“,Ι’O,“μ–{’¬,282073,•ΊΙ§,Ι’Os,“μ’¬‚Q’–Ϊ,2022[sanitize]01[sanitize]07,17,‚»‚Μ‘Ό,’“Τi—Φjκ,10Ξ‘γ,‚Z¶,{ω‚Ή‚Έ
ή“,©“]Τ“,Ι’O,“μ–{’¬,282073,•ΊΙ§,Ι’Os,“μ’¬‚R’–Ϊ,2022[sanitize]12[sanitize]18,20,‚SK‚ΔΘγ‹¤“―Z‘ξ,’“Τi—Φjκ,10Ξ‘γ,’†w¶,{ω‚µ‚½
ή“,©“]Τ“,Ι’O,“μ–{’¬,282073,•ΊΙ§,Ι’Os,“μ’¬‚S’–Ϊ,2022[sanitize]07[sanitize]08,08,“ΉHγ,‚»‚Μ‘Ό,50Ξ‘γ,‚»‚Μ‘Ό,{ω‚Ή‚Έ
ή“,©“]Τ“,Ι’O,“μ–{’¬,282073,•ΊΙ§,Ι’Os,“μ–{’¬‚R’–Ϊ,2022[sanitize]11[sanitize]24,18,‚SK‚ΔΘγ‹¤“―Z‘ξ,’“Τi—Φjκ,30Ξ‘γ,‚»‚Μ‘Ό,{ω‚Ή‚Έ
ή“,©“]Τ“,Ι’O,“μ–{’¬,282073,•ΊΙ§,Ι’Os,“μ–{’¬‚U’–Ϊ,2022[sanitize]06[sanitize]27,17,κΛZ‘ξ,‚»‚Μ‘Ό,50Ξ‘γ,‚»‚Μ‘Ό,{ω‚µ‚½
ή“,©“]Τ“,Ι’O,“μ–{’¬,282073,•ΊΙ§,Ι’Os,“μ–{’¬‚U’–Ϊ,2022[sanitize]12[sanitize]20,14,‚SK‚ΔΘγ‹¤“―Z‘ξ,’“Τi—Φjκ,70ΞΘγ,‚»‚Μ‘Ό,{ω‚µ‚½
ή“,©“]Τ“,Ι’O,VΙ’O,282073,•ΊΙ§,Ι’Os,”~ƒm–Ψ‚S’–Ϊ,2022[sanitize]04[sanitize]01,00,‚»‚Μ‘Ό‚ΜZ‘ξi‚RK‚ΔΘ‰Ί‹¤“―Z‘ξ“™j,’“Τi—Φjκ,30Ξ‘γ,‚»‚Μ‘Ό,{ω‚µ‚½
ή“,©“]Τ“,Ι’O,VΙ’O,282073,•ΊΙ§,Ι’Os,δθ’Λ‚U’–Ϊ,2022[sanitize]07[sanitize]26,19,κΛZ‘ξ,’“Τi—Φjκ,70ΞΘγ,‚»‚Μ‘Ό,{ω‚µ‚½
ή“,©“]Τ“,Ι’O,VΙ’O,282073,•ΊΙ§,Ι’Os,—ι΄’¬‚V’–Ϊ,2022[sanitize]03[sanitize]28,17,κΛZ‘ξ,’“Τi—Φjκ,10Ξ‘γ,‚Z¶,{ω‚Ή‚Έ
ή“,©“]Τ“,Ι’O,VΙ’O,282073,•ΊΙ§,Ι’Os,Ό‘δ‚T’–Ϊ,2022[sanitize]05[sanitize]28,21,“ΉHγ,‚»‚Μ‘Ό,20Ξ‘γ,‚»‚Μ‘Ό,{ω‚µ‚½
ή“,©“]Τ“,Ι’O,VΙ’O,282073,•ΊΙ§,Ι’Os,©—z“‚U’–Ϊ,2022[sanitize]01[sanitize]29,16,‚»‚Μ‘Ό,’“Τi—Φjκ,10Ξ‘γ,‘εw¶,{ω‚Ή‚Έ
ή“,©“]Τ“,Ι’O,VΙ’O,282073,•ΊΙ§,Ι’Os,©—z“‚U’–Ϊ,2022[sanitize]06[sanitize]26,09,‚»‚Μ‘Ό,’“Τi—Φjκ,10Ξ‘γ,’†w¶,{ω‚Ή‚Έ
ή“,©“]Τ“,Ι’O,VΙ’O,282073,•ΊΙ§,Ι’Os,©—z“‚U’–Ϊ,2022[sanitize]11[sanitize]12,20,‚»‚Μ‘Ό,‚»‚Μ‘Ό,50Ξ‘γ,‚»‚Μ‘Ό,{ω‚µ‚½
ή“,©“]Τ“,Ι’O,©—z,282073,•ΊΙ§,Ι’Os,©—z‚T’–Ϊ,2022[sanitize]02[sanitize]07,16,‚»‚Μ‘Ό,’“Τi—Φjκ,10Ξ‘γ,‘εw¶,{ω‚Ή‚Έ
ή“,©“]Τ“,Ι’O,©—z,282073,•ΊΙ§,Ι’Os,©—z‚V’–Ϊ,2021[sanitize]08[sanitize]11,00,‚»‚Μ‘Ό,’“Τi—Φjκ,10Ξ‘γ,‘εw¶,{ω‚Ή‚Έ
ή“,©“]Τ“,Ι’O,©—z,282073,•ΊΙ§,Ι’Os,©—z‚V’–Ϊ,2022[sanitize]03[sanitize]12,20,‚»‚Μ‘Ό,’“Τi—Φjκ,10Ξ‘γ,‘εw¶,{ω‚µ‚½
ή“,©“]Τ“,Ι’O,©—z,282073,•ΊΙ§,Ι’Os,©—z‚V’–Ϊ,2022[sanitize]04[sanitize]02,22,‚»‚Μ‘Ό,’“Τi—Φjκ,20Ξ‘γ,‘εw¶,{ω‚Ή‚Έ
ή“,©“]Τ“,Ι’O,©—z,282073,•ΊΙ§,Ι’Os,©—z‚V’–Ϊ,2022[sanitize]09[sanitize]10,20,‚»‚Μ‘Ό,’“Τi—Φjκ,10Ξ‘γ,‚Z¶,{ω‚Ή‚Έ
ή“,©“]Τ“,Ι’O,©—z,282073,•ΊΙ§,Ι’Os,©—z‚V’–Ϊ,2022[sanitize]10[sanitize]21,12,‚»‚Μ‘Ό,’“Τi—Φjκ,10Ξ‘γ,‚Z¶,{ω‚Ή‚Έ
ή“,©“]Τ“,Ι’O,©—z,282073,•ΊΙ§,Ι’Os,©—z‚W’–Ϊ,2022[sanitize]02[sanitize]21,22,‚»‚Μ‘Ό‚ΜZ‘ξi‚RK‚ΔΘ‰Ί‹¤“―Z‘ξ“™j,’“Τi—Φjκ,20Ξ‘γ,‚»‚Μ‘Ό,{ω‚Ή‚Έ
ή“,©“]Τ“,Ι’O,©—z,282073,•ΊΙ§,Ι’Os,©—z‚W’–Ϊ,2022[sanitize]03[sanitize]30,08,‚»‚Μ‘Ό‚ΜZ‘ξi‚RK‚ΔΘ‰Ί‹¤“―Z‘ξ“™j,’“Τi—Φjκ,20Ξ‘γ,‚»‚Μ‘Ό,{ω‚µ‚½
ή“,©“]Τ“,Ι’O,©—z,282073,•ΊΙ§,Ι’Os,©—z’r‚P’–Ϊ,2022[sanitize]09[sanitize]22,19,‚SK‚ΔΘγ‹¤“―Z‘ξ,’“Τi—Φjκ,20Ξ‘γ,‚»‚Μ‘Ό,{ω‚Ή‚Έ
ή“,©“]Τ“,Ι’O,©—z,282073,•ΊΙ§,Ι’Os,©—zς’¬‚Q’–Ϊ,2022[sanitize]07[sanitize]20,17,κΛZ‘ξ,’“Τi—Φjκ,10Ξ‘γ,’†w¶,{ω‚Ή‚Έ
ή“,©“]Τ“,Ι’O,©—z,282073,•ΊΙ§,Ι’Os,η‘m‚U’–Ϊ,2022[sanitize]04[sanitize]29,19,κΛZ‘ξ,‚»‚Μ‘Ό,60[sanitize]64Ξ,‚»‚Μ‘Ό,{ω‚Ή‚Έ
ή“,©“]Τ“,Ι’O,©—z,282073,•ΊΙ§,Ι’Os,ΌƒP‹u‚Q’–Ϊ,2022[sanitize]11[sanitize]02,20,κΛZ‘ξ,‚»‚Μ‘Ό,10Ξ‘γ,’†w¶,{ω‚Ή‚Έ
ή“,©“]Τ“,Ι’O,©—z,282073,•ΊΙ§,Ι’Os,ƒP‹u‚Q’–Ϊ,2022[sanitize]12[sanitize]01,20,‚»‚Μ‘Ό‚ΜZ‘ξi‚RK‚ΔΘ‰Ί‹¤“―Z‘ξ“™j,’“Τi—Φjκ,20Ξ‘γ,‚»‚Μ‘Ό,{ω‚Ή‚Έ
ή“,©“]Τ“,Ι’O,©—z,282073,•ΊΙ§,Ι’Os,©—z“‚R’–Ϊ,2022[sanitize]11[sanitize]28,17,κΛZ‘ξ,’“Τi—Φjκ,40Ξ‘γ,‚»‚Μ‘Ό,{ω‚Ή‚Έ
ή“,©“]Τ“,Ι’O,©—z,282073,•ΊΙ§,Ι’Os,©—z“‚S’–Ϊ,2022[sanitize]12[sanitize]24,16,κΛZ‘ξ,‚»‚Μ‘Ό,40Ξ‘γ,‚»‚Μ‘Ό,{ω‚µ‚½
ή“,©“]Τ“,Ι’O,©—z,282073,•ΊΙ§,Ι’Os,©—z“μ‚P’–Ϊ,2022[sanitize]11[sanitize]20,09,‚SK‚ΔΘγ‹¤“―Z‘ξ,’“Τi—Φjκ,20Ξ‘γ,‚»‚Μ‘Ό,{ω‚Ή‚Έ
ή“,©“]Τ“,Ι’O,©—z,282073,•ΊΙ§,Ι’Os,©—z“μ‚P’–Ϊ,2022[sanitize]12[sanitize]26,15,“ΉHγ,‚»‚Μ‘Ό,10Ξ‘γ,’†w¶,{ω‚µ‚½
ή“,©“]Τ“,Ι’O,©—z,282073,•ΊΙ§,Ι’Os,©—z“μ‚Q’–Ϊ,2022[sanitize]08[sanitize]10,19,‚SK‚ΔΘγ‹¤“―Z‘ξ,’“Τi—Φjκ,30Ξ‘γ,‚»‚Μ‘Ό,{ω‚Ή‚Έ
ή“,©“]Τ“,Ι’O,©—z,282073,•ΊΙ§,Ι’Os,©—z“μ‚S’–Ϊ,2022[sanitize]07[sanitize]09,15,‚SK‚ΔΘγ‹¤“―Z‘ξ,’“Τi—Φjκ,10Ξ‘γ,‚Z¶,{ω‚µ‚½
ή“,©“]Τ“,Ι’O,©—z,282073,•ΊΙ§,Ι’Os,©—z“μ‚S’–Ϊ,2022[sanitize]11[sanitize]20,15,’“Τi—Φjκ,’“Τi—Φjκ,20Ξ‘γ,‘εw¶,{ω‚Ή‚Έ
ή“,©“]Τ“,Ι’O,©—z,282073,•ΊΙ§,Ι’Os,©—z“μ‚S’–Ϊ,2022[sanitize]12[sanitize]09,15,‚SK‚ΔΘγ‹¤“―Z‘ξ,’“Τi—Φjκ,60[sanitize]64Ξ,‚»‚Μ‘Ό,{ω‚Ή‚Έ
ή“,©“]Τ“,Ι’O,©—zƒm—Ά,282073,•ΊΙ§,Ι’Os,’rK‚P’–Ϊ,2022[sanitize]03[sanitize]29,13,‚»‚Μ‘Ό,’“Τi—Φjκ,10Ξ‘γ,’†w¶,{ω‚Ή‚Έ
ή“,©“]Τ“,Ι’O,©—zƒm—Ά,282073,•ΊΙ§,Ι’Os,’rK‚P’–Ϊ,2022[sanitize]09[sanitize]09,18,‚»‚Μ‘Ό,’“Τi—Φjκ,10Ξ‘γ,‚Z¶,{ω‚µ‚½
ή“,©“]Τ“,Ι’O,©—zƒm—Ά,282073,•ΊΙ§,Ι’Os,’rK‚P’–Ϊ,2022[sanitize]09[sanitize]29,20,‚SK‚ΔΘγ‹¤“―Z‘ξ,’“Τi—Φjκ,40Ξ‘γ,‚»‚Μ‘Ό,{ω‚Ή‚Έ
ή“,©“]Τ“,Ι’O,©—zƒm—Ά,282073,•ΊΙ§,Ι’Os,’rK‚P’–Ϊ,2022[sanitize]11[sanitize]11,16,‚»‚Μ‘Ό,’“Τi—Φjκ,30Ξ‘γ,‚»‚Μ‘Ό,{ω‚µ‚½
ή“,©“]Τ“,Ι’O,©—zƒm—Ά,282073,•ΊΙ§,Ι’Os,’rK‚Q’–Ϊ,2022[sanitize]09[sanitize]08,21,‚SK‚ΔΘγ‹¤“―Z‘ξ,’“Τi—Φjκ,10Ξ‘γ,’†w¶,{ω‚Ή‚Έ
ή“,©“]Τ“,Ι’O,©—zƒm—Ά,282073,•ΊΙ§,Ι’Os,’rK‚S’–Ϊ,2022[sanitize]01[sanitize]11,10,‚»‚Μ‘Ό,’“Τi—Φjκ,10Ξ‘γ,‚Z¶,{ω‚Ή‚Έ
ή“,©“]Τ“,Ι’O,©—zƒm—Ά,282073,•ΊΙ§,Ι’Os,’rK‚S’–Ϊ,2022[sanitize]01[sanitize]28,19,‚»‚Μ‘Ό,’“Τi—Φjκ,10Ξ‘γ,’†w¶,{ω‚µ‚½
ή“,©“]Τ“,Ι’O,©—zƒm—Ά,282073,•ΊΙ§,Ι’Os,’rK‚S’–Ϊ,2022[sanitize]03[sanitize]21,15,‚»‚Μ‘Ό,’“Τi—Φjκ,30Ξ‘γ,‚»‚Μ‘Ό,{ω‚Ή‚Έ
ή“,©“]Τ“,Ι’O,©—zƒm—Ά,282073,•ΊΙ§,Ι’Os,’rK‚S’–Ϊ,2022[sanitize]03[sanitize]26,17,‚»‚Μ‘Ό,’“Τi—Φjκ,10Ξ‘γ,’†w¶,{ω‚Ή‚Έ
ή“,©“]Τ“,Ι’O,©—zƒm—Ά,282073,•ΊΙ§,Ι’Os,’rK‚S’–Ϊ,2022[sanitize]04[sanitize]07,13,‚»‚Μ‘Ό,’“Τi—Φjκ,10Ξ‘γ,’†w¶,{ω‚Ή‚Έ
ή“,©“]Τ“,Ι’O,©—zƒm—Ά,282073,•ΊΙ§,Ι’Os,’rK‚S’–Ϊ,2022[sanitize]06[sanitize]05,12,‚»‚Μ‘Ό,’“Τi—Φjκ,10Ξ‘γ,‚Z¶,{ω‚Ή‚Έ
ή“,©“]Τ“,Ι’O,©—zƒm—Ά,282073,•ΊΙ§,Ι’Os,’rK‚S’–Ϊ,2022[sanitize]06[sanitize]20,00,‚SK‚ΔΘγ‹¤“―Z‘ξ,’“Τi—Φjκ,10Ξ‘γ,’†w¶,{ω‚Ή‚Έ
ή“,©“]Τ“,Ι’O,©—zƒm—Ά,282073,•ΊΙ§,Ι’Os,’rK‚S’–Ϊ,2022[sanitize]07[sanitize]06,18,‚»‚Μ‘Ό,’“Τi—Φjκ,10Ξ‘γ,‚»‚Μ‘Ό,{ω‚Ή‚Έ
ή“,©“]Τ“,Ι’O,©—zƒm—Ά,282073,•ΊΙ§,Ι’Os,’rK‚S’–Ϊ,2022[sanitize]07[sanitize]24,17,‚»‚Μ‘Ό,’“Τi—Φjκ,20Ξ‘γ,‘εw¶,{ω‚µ‚½
ή“,©“]Τ“,Ι’O,©—zƒm—Ά,282073,•ΊΙ§,Ι’Os,’rK‚S’–Ϊ,2022[sanitize]08[sanitize]06,16,‚»‚Μ‘Ό,’“Τi—Φjκ,10Ξ‘γ,‚Z¶,{ω‚Ή‚Έ
ή“,©“]Τ“,Ι’O,©—zƒm—Ά,282073,•ΊΙ§,Ι’Os,’rK‚S’–Ϊ,2022[sanitize]09[sanitize]16,16,‚»‚Μ‘Ό,’“Τi—Φjκ,10Ξ‘γ,¬w¶,{ω‚Ή‚Έ
ή“,©“]Τ“,Ι’O,©—zƒm—Ά,282073,•ΊΙ§,Ι’Os,’rK‚V’–Ϊ,2022[sanitize]09[sanitize]07,08,‚»‚Μ‘Ό,’“Τi—Φjκ,10Ξ‘γ,‚Z¶,{ω‚Ή‚Έ
ή“,©“]Τ“,Ι’O,©—zƒm—Ά,282073,•ΊΙ§,Ι’Os,’rK‚V’–Ϊ,2022[sanitize]09[sanitize]07,08,‚»‚Μ‘Ό,’“Τi—Φjκ,10Ξ‘γ,‚Z¶,{ω‚Ή‚Έ
ή“,©“]Τ“,Ι’O,©—zƒm—Ά,282073,•ΊΙ§,Ι’Os,’rK‚V’–Ϊ,2022[sanitize]11[sanitize]14,09,‚SK‚ΔΘγ‹¤“―Z‘ξ,’“Τi—Φjκ,20Ξ‘γ,‚»‚Μ‘Ό,{ω‚Ή‚Έ
ή“,©“]Τ“,Ι’O,©—zƒm—Ά,282073,•ΊΙ§,Ι’Os,‰”¨‚P’–Ϊ,2022[sanitize]06[sanitize]27,19,‚SK‚ΔΘγ‹¤“―Z‘ξ,’“Τi—Φjκ,30Ξ‘γ,‚»‚Μ‘Ό,{ω‚Ή‚Έ
ή“,©“]Τ“,Ι’O,©—zƒm—Ά,282073,•ΊΙ§,Ι’Os,‰”¨‚Q’–Ϊ,2022[sanitize]05[sanitize]27,18,‚SK‚ΔΘγ‹¤“―Z‘ξ,’“Τi—Φjκ,10Ξ‘γ,‚Z¶,{ω‚Ή‚Έ
ή“,©“]Τ“,Ι’O,©—zƒm—Ά,282073,•ΊΙ§,Ι’Os,‰”¨‚Q’–Ϊ,2022[sanitize]10[sanitize]21,19,‚SK‚ΔΘγ‹¤“―Z‘ξ,’“Τi—Φjκ,40Ξ‘γ,‚»‚Μ‘Ό,{ω‚µ‚½
ή“,©“]Τ“,Ι’O,©—zƒm—Ά,282073,•ΊΙ§,Ι’Os,‰”¨‚R’–Ϊ,2022[sanitize]09[sanitize]30,22,‚SK‚ΔΘγ‹¤“―Z‘ξ,’“Τi—Φjκ,40Ξ‘γ,‚»‚Μ‘Ό,{ω‚Ή‚Έ
ή“,©“]Τ“,Ι’O,©—zƒm—Ά,282073,•ΊΙ§,Ι’Os,›–{‚S’–Ϊ,2022[sanitize]06[sanitize]11,17,‚SK‚ΔΘγ‹¤“―Z‘ξ,’“Τi—Φjκ,10Ξ‘γ,’†w¶,{ω‚Ή‚Έ
ή“,©“]Τ“,Ι’O,©—zƒm—Ά,282073,•ΊΙ§,Ι’Os,›–{‚S’–Ϊ,2022[sanitize]08[sanitize]06,16,‚SK‚ΔΘγ‹¤“―Z‘ξ,’“Τi—Φjκ,10Ξ–Ά–,¬w¶,{ω‚Ή‚Έ
ή“,©“]Τ“,Ι’O,©—zƒm—Ά,282073,•ΊΙ§,Ι’Os,›–{‚T’–Ϊ,2022[sanitize]05[sanitize]11,11,‚»‚Μ‘Ό‚ΜZ‘ξi‚RK‚ΔΘ‰Ί‹¤“―Z‘ξ“™j,’“Τi—Φjκ,50Ξ‘γ,‚»‚Μ‘Ό,{ω‚Ή‚Έ
ή“,©“]Τ“,Ι’O,©—zƒm—Ά,282073,•ΊΙ§,Ι’Os,›–{‚T’–Ϊ,2022[sanitize]07[sanitize]28,00,‚»‚Μ‘Ό‚ΜZ‘ξi‚RK‚ΔΘ‰Ί‹¤“―Z‘ξ“™j,’“Τi—Φjκ,10Ξ‘γ,’†w¶,{ω‚Ή‚Έ
ή“,©“]Τ“,Ι’O,©—zƒm—Ά,282073,•ΊΙ§,Ι’Os,–μΤ–k‚P’–Ϊ,2022[sanitize]06[sanitize]07,09,“ΉHγ,‚»‚Μ‘Ό,20Ξ‘γ,‘εw¶,{ω‚Ή‚Έ
ή“,©“]Τ“,Ι’O,©—zƒm—Ά,282073,•ΊΙ§,Ι’Os,–μΤ–k‚Q’–Ϊ,2022[sanitize]07[sanitize]21,13,‚»‚Μ‘Ό,’“Τi—Φjκ,20Ξ‘γ,‚»‚Μ‘Ό,{ω‚Ή‚Έ
ή“,©“]Τ“,Ι’O,©—zƒm—Ά,282073,•ΊΙ§,Ι’Os,–μΤ–k‚Q’–Ϊ,2022[sanitize]09[sanitize]07,21,‚»‚Μ‘Ό,’“Τi—Φjκ,20Ξ‘γ,‚»‚Μ‘Ό,{ω‚Ή‚Έ
ή“,©“]Τ“,Ι’O,©—zƒm—Ά,282073,•ΊΙ§,Ι’Os,R“c‚P’–Ϊ,2022[sanitize]06[sanitize]26,17,‚»‚Μ‘Ό,‚»‚Μ‘Ό,10Ξ‘γ,’†w¶,{ω‚Ή‚Έ
ή“,©“]Τ“,Ι’O,©—zƒm—Ά,282073,•ΊΙ§,Ι’Os,R“c‚P’–Ϊ,2022[sanitize]06[sanitize]26,17,“ΉHγ,‚»‚Μ‘Ό,10Ξ‘γ,’†w¶,{ω‚Ή‚Έ
ή“,©“]Τ“,Ι’O,©—zƒm—Ά,282073,•ΊΙ§,Ι’Os,R“c‚R’–Ϊ,2022[sanitize]03[sanitize]05,00,κΛZ‘ξ,’“Τi—Φjκ,20Ξ‘γ,‘εw¶,{ω‚Ή‚Έ
ή“,©“]Τ“,Ι’O,©—zƒm—Ά,282073,•ΊΙ§,Ι’Os,R“c‚R’–Ϊ,2022[sanitize]03[sanitize]25,17,κΛZ‘ξ,’“Τi—Φjκ,10Ξ‘γ,¬w¶,{ω‚Ή‚Έ
ή“,©“]Τ“,Ι’O,©—zƒm—Ά,282073,•ΊΙ§,Ι’Os,R“c‚S’–Ϊ,2022[sanitize]12[sanitize]20,06,‚»‚Μ‘Ό,’“Τi—Φjκ,30Ξ‘γ,‚»‚Μ‘Ό,{ω‚Ή‚Έ
ή“,©“]Τ“,Ι’O,©—zƒm—Ά,282073,•ΊΙ§,Ι’Os,R“c‚T’–Ϊ,2022[sanitize]08[sanitize]26,12,‚SK‚ΔΘγ‹¤“―Z‘ξ,’“Τi—Φjκ,20Ξ‘γ,‚»‚Μ‘Ό,{ω‚µ‚½
ή“,©“]Τ“,Ι’O,©—zƒm—Ά,282073,•ΊΙ§,Ι’Os,R“c‚U’–Ϊ,2022[sanitize]06[sanitize]18,18,κΛZ‘ξ,’“Τi—Φjκ,70ΞΘγ,‚»‚Μ‘Ό,{ω‚Ή‚Έ
ή“,©“]Τ“,Ι’O,©—zƒm—Ά,282073,•ΊΙ§,Ι’Os,R“c‚U’–Ϊ,2022[sanitize]10[sanitize]23,06,‚»‚Μ‘Ό‚ΜZ‘ξi‚RK‚ΔΘ‰Ί‹¤“―Z‘ξ“™j,’“Τi—Φjκ,20Ξ‘γ,‚»‚Μ‘Ό,{ω‚Ή‚Έ
ή“,©“]Τ“,Ι’O,©—zƒm—Ά,282073,•ΊΙ§,Ι’Os,©—z“μ‚T’–Ϊ,2022[sanitize]04[sanitize]22,14,“ΉHγ,‚»‚Μ‘Ό,30Ξ‘γ,‚»‚Μ‘Ό,{ω‚Ή‚Έ
ή“,©“]Τ“,Ι’O,©—zƒm—Ά,282073,•ΊΙ§,Ι’Os,©—z“μ‚T’–Ϊ,2022[sanitize]07[sanitize]08,07,“ΉHγ,‚»‚Μ‘Ό,30Ξ‘γ,‚»‚Μ‘Ό,{ω‚µ‚½
ή“,©“]Τ“,Ι’O,©—zƒm—Ά,282073,•ΊΙ§,Ι’Os,›–{“‚P’–Ϊ,2022[sanitize]05[sanitize]18,17,κΛZ‘ξ,’“Τi—Φjκ,50Ξ‘γ,‚»‚Μ‘Ό,{ω‚Ή‚Έ
ή“,©“]Τ“,Ι’O,©—zƒm—Ά,282073,•ΊΙ§,Ι’Os,›–{“‚Q’–Ϊ,2022[sanitize]06[sanitize]11,15,‚»‚Μ‘Ό‚ΜZ‘ξi‚RK‚ΔΘ‰Ί‹¤“―Z‘ξ“™j,’“Τi—Φjκ,30Ξ‘γ,‚»‚Μ‘Ό,{ω‚µ‚½
ή“,©“]Τ“,Ι’O,©—zƒm—Ά,282073,•ΊΙ§,Ι’Os,›–{“‚Q’–Ϊ,2022[sanitize]06[sanitize]11,22,κΛZ‘ξ,’“Τi—Φjκ,10Ξ–Ά–,¬w¶,{ω‚Ή‚Έ
ή“,©“]Τ“,Ι’O,_’Γ,282073,•ΊΙ§,Ι’Os,ϋπδ‚Q’–Ϊ,2022[sanitize]04[sanitize]22,08,’“Τi—Φjκ,’“Τi—Φjκ,20Ξ‘γ,‚»‚Μ‘Ό,{ω‚Ή‚Έ
ή“,©“]Τ“,Ι’O,_’Γ,282073,•ΊΙ§,Ι’Os,“K’Γ’r“cμ‹Ψ,2022[sanitize]08[sanitize]09,08,‚»‚Μ‘Ό,‚»‚Μ‘Ό,10Ξ‘γ,’†w¶,{ω‚Ή‚Έ
ή“,©“]Τ“,Ι’O,_’Γ,282073,•ΊΙ§,Ι’Os,X–{‚P’–Ϊ,2022[sanitize]08[sanitize]01,18,’“Τi—Φjκ,’“Τi—Φjκ,70ΞΘγ,‚»‚Μ‘Ό,{ω‚Ή‚Έ
ή“,©“]Τ“,Ι’O,_’Γ,282073,•ΊΙ§,Ι’Os,X–{‚P’–Ϊ,2022[sanitize]09[sanitize]03,14,‚SK‚ΔΘγ‹¤“―Z‘ξ,’“Τi—Φjκ,10Ξ‘γ,‚Z¶,{ω‚Ή‚Έ
ή“,©“]Τ“,Ι’O,_’Γ,282073,•ΊΙ§,Ι’Os,X–{‚Q’–Ϊ,2022[sanitize]10[sanitize]05,12,‚»‚Μ‘Ό,‚»‚Μ‘Ό,20Ξ‘γ,‚»‚Μ‘Ό,{ω‚µ‚½
ή“,©“]Τ“,Ι’O,_’Γ,282073,•ΊΙ§,Ι’Os,X–{‚R’–Ϊ,2022[sanitize]12[sanitize]13,23,‚»‚Μ‘Ό‚ΜZ‘ξi‚RK‚ΔΘ‰Ί‹¤“―Z‘ξ“™j,’“Τi—Φjκ,65[sanitize]69Ξ,‚»‚Μ‘Ό,{ω‚Ή‚Έ
ή“,©“]Τ“,Ι’O,_’Γ,282073,•ΊΙ§,Ι’Os,K’Γ‚Q’–Ϊ,2022[sanitize]02[sanitize]25,18,κΛZ‘ξ,’“Τi—Φjκ,30Ξ‘γ,‚»‚Μ‘Ό,{ω‚µ‚½
ή“,©“]Τ“,Ι’O,ξ–μ,282073,•ΊΙ§,Ι’Os,ξ–μ’¬‚P’–Ϊ,2022[sanitize]11[sanitize]10,07,‚SK‚ΔΘγ‹¤“―Z‘ξ,’“Τi—Φjκ,10Ξ‘γ,‚Z¶,{ω‚µ‚½
ή“,©“]Τ“,Ι’O,ξ–μ,282073,•ΊΙ§,Ι’Os,ξ–μ’¬‚R’–Ϊ,2022[sanitize]02[sanitize]13,19,κΛZ‘ξ,’“Τi—Φjκ,40Ξ‘γ,‚»‚Μ‘Ό,{ω‚Ή‚Έ
ή“,©“]Τ“,Ι’O,ξ–μ,282073,•ΊΙ§,Ι’Os,ξ–μ’¬‚R’–Ϊ,2022[sanitize]08[sanitize]01,13,“ΉHγ,‚»‚Μ‘Ό,10Ξ‘γ,‚Z¶,{ω‚Ή‚Έ
ή“,©“]Τ“,Ι’O,ξ–μ,282073,•ΊΙ§,Ι’Os,δθ’Λ‚Q’–Ϊ,2022[sanitize]04[sanitize]28,21,‚»‚Μ‘Ό‚ΜZ‘ξi‚RK‚ΔΘ‰Ί‹¤“―Z‘ξ“™j,’“Τi—Φjκ,10Ξ‘γ,‚Z¶,{ω‚µ‚½
ή“,©“]Τ“,Ι’O,ξ–μ,282073,•ΊΙ§,Ι’Os,δθ’Λ‚T’–Ϊ,2022[sanitize]12[sanitize]27,23,‚»‚Μ‘Ό‚ΜZ‘ξi‚RK‚ΔΘ‰Ί‹¤“―Z‘ξ“™j,’“Τi—Φjκ,30Ξ‘γ,‚»‚Μ‘Ό,{ω‚Ή‚Έ
ή“,©“]Τ“,Ι’O,ξ–μ,282073,•ΊΙ§,Ι’Os,α•H’¬‚P’–Ϊ,2022[sanitize]02[sanitize]18,22,κΛZ‘ξ,‚»‚Μ‘Ό,10Ξ‘γ,‘εw¶,{ω‚Ή‚Έ
ή“,©“]Τ“,Ι’O,—Ξƒ–‹u,282073,•ΊΙ§,Ι’Os,‘ε­‚V’–Ϊ,2022[sanitize]04[sanitize]28,13,‚SK‚ΔΘγ‹¤“―Z‘ξ,‚»‚Μ‘Ό,20Ξ‘γ,‚»‚Μ‘Ό,{ω‚Ή‚Έ
ή“,©“]Τ“,Ι’O,—Ξƒ–‹u,282073,•ΊΙ§,Ι’Os,‘ε­‚V’–Ϊ,2022[sanitize]08[sanitize]15,21,‚»‚Μ‘Ό,’“Τi—Φjκ,20Ξ‘γ,‚»‚Μ‘Ό,{ω‚Ή‚Έ
ή“,©“]Τ“,Ι’O,—Ξƒ–‹u,282073,•ΊΙ§,Ι’Os,‘ε­‚V’–Ϊ,2022[sanitize]10[sanitize]14,20,‚»‚Μ‘Ό,’“Τi—Φjκ,10Ξ‘γ,’†w¶,{ω‚Ή‚Έ
ή“,©“]Τ“,Ι’O,—Ξƒ–‹u,282073,•ΊΙ§,Ι’Os,‘ε­‚V’–Ϊ,2022[sanitize]10[sanitize]27,21,‚»‚Μ‘Ό,’“Τi—Φjκ,20Ξ‘γ,‘εw¶,{ω‚Ή‚Έ
ή“,©“]Τ“,Ι’O,—Ξƒ–‹u,282073,•ΊΙ§,Ι’Os,‘ε­‚V’–Ϊ,2022[sanitize]12[sanitize]10,09,‚»‚Μ‘Ό,’“Τi—Φjκ,70ΞΘγ,‚»‚Μ‘Ό,{ω‚Ή‚Έ
ή“,©“]Τ“,Ι’O,—Ξƒ–‹u,282073,•ΊΙ§,Ι’Os,‘ε­‚V’–Ϊ,2022[sanitize]12[sanitize]24,09,‚»‚Μ‘Ό,’“Τi—Φjκ,20Ξ‘γ,‚»‚Μ‘Ό,{ω‚Ή‚Έ
ή“,©“]Τ“,Ι’O,—Ξƒ–‹u,282073,•ΊΙ§,Ι’Os,χƒP‹u‚U’–Ϊ,2022[sanitize]05[sanitize]14,06,‚SK‚ΔΘγ‹¤“―Z‘ξ,’“Τi—Φjκ,10Ξ‘γ,‚Z¶,{ω‚Ή‚Έ
ή“,©“]Τ“,Ι’O,—Ξƒ–‹u,282073,•ΊΙ§,Ι’Os,χƒP‹u‚U’–Ϊ,2022[sanitize]05[sanitize]23,03,‚»‚Μ‘Ό‚ΜZ‘ξi‚RK‚ΔΘ‰Ί‹¤“―Z‘ξ“™j,’“Τi—Φjκ,30Ξ‘γ,‚»‚Μ‘Ό,{ω‚Ή‚Έ
ή“,©“]Τ“,Ι’O,—Ξƒ–‹u,282073,•ΊΙ§,Ι’Os,“–μ‚P’–Ϊ,2021[sanitize]12[sanitize]28,00,‚»‚Μ‘Ό‚ΜZ‘ξi‚RK‚ΔΘ‰Ί‹¤“―Z‘ξ“™j,‚»‚Μ‘Ό,40Ξ‘γ,‚»‚Μ‘Ό,{ω‚Ή‚Έ
ή“,©“]Τ“,Ι’O,—Ξƒ–‹u,282073,•ΊΙ§,Ι’Os,“–μ‚T’–Ϊ,2022[sanitize]05[sanitize]29,16,‚SK‚ΔΘγ‹¤“―Z‘ξ,’“Τi—Φjκ,65[sanitize]69Ξ,‚»‚Μ‘Ό,{ω‚µ‚½
ή“,©“]Τ“,Ι’O,—Ξƒ–‹u,282073,•ΊΙ§,Ι’Os,ƒP‹u‚P’–Ϊ,2022[sanitize]01[sanitize]14,08,“ΉHγ,‚»‚Μ‘Ό,20Ξ‘γ,‚»‚Μ‘Ό,{ω‚Ή‚Έ
ή“,©“]Τ“,Ι’O,—Ξƒ–‹u,282073,•ΊΙ§,Ι’Os,ƒP‹u‚P’–Ϊ,2022[sanitize]05[sanitize]20,18,‚»‚Μ‘Ό‚ΜZ‘ξi‚RK‚ΔΘ‰Ί‹¤“―Z‘ξ“™j,’“Τi—Φjκ,10Ξ‘γ,‚Z¶,{ω‚Ή‚Έ
ή“,©“]Τ“,Ι’O,—Ξƒ–‹u,282073,•ΊΙ§,Ι’Os,ƒP‹u‚P’–Ϊ,2022[sanitize]05[sanitize]31,03,‚»‚Μ‘Ό‚ΜZ‘ξi‚RK‚ΔΘ‰Ί‹¤“―Z‘ξ“™j,’“Τi—Φjκ,70ΞΘγ,‚»‚Μ‘Ό,{ω‚Ή‚Έ
ή“,©“]Τ“,Ι’O,—Ξƒ–‹u,282073,•ΊΙ§,Ι’Os,ƒP‹u‚S’–Ϊ,2022[sanitize]09[sanitize]15,19,‚SK‚ΔΘγ‹¤“―Z‘ξ,’“Τi—Φjκ,20Ξ‘γ,‚»‚Μ‘Ό,{ω‚µ‚½
ή“,©“]Τ“,Ι’O,—Ξƒ–‹u,282073,•ΊΙ§,Ι’Os,•δ’¬‚Q’–Ϊ,2022[sanitize]10[sanitize]26,19,“ΉHγ,‚»‚Μ‘Ό,10Ξ‘γ,’†w¶,{ω‚Ή‚Έ
ή“,©“]Τ“,Ι’O,—Ξƒ–‹u,282073,•ΊΙ§,Ι’Os,•δ’¬‚Q’–Ϊ,2022[sanitize]11[sanitize]12,19,‚»‚Μ‘Ό‚ΜZ‘ξi‚RK‚ΔΘ‰Ί‹¤“―Z‘ξ“™j,‚»‚Μ‘Ό,40Ξ‘γ,‚»‚Μ‘Ό,{ω‚µ‚½
ή“,©“]Τ“,Ι’O,—Ξƒ–‹u,282073,•ΊΙ§,Ι’Os,—ΞƒP‹u‚U’–Ϊ,2022[sanitize]03[sanitize]03,18,‚SK‚ΔΘγ‹¤“―Z‘ξ,’“Τi—Φjκ,40Ξ‘γ,‚»‚Μ‘Ό,{ω‚µ‚½
ή“,©“]Τ“,Ι’O,—Ξƒ–‹u,282073,•ΊΙ§,Ι’Os,—ΞƒP‹u‚V’–Ϊ,2022[sanitize]08[sanitize]02,18,‚SK‚ΔΘγ‹¤“―Z‘ξ,’“Τi—Φjκ,40Ξ‘γ,‚»‚Μ‘Ό,{ω‚Ή‚Έ
ή“,©“]Τ“,Ι’O,—Ξƒ–‹u,282073,•ΊΙ§,Ι’Os,—ΞƒP‹u‚V’–Ϊ,2022[sanitize]11[sanitize]12,14,‚SK‚ΔΘγ‹¤“―Z‘ξ,’“Τi—Φjκ,50Ξ‘γ,‚»‚Μ‘Ό,{ω‚Ή‚Έ
ή“,©“]Τ“,Ι’O,r–q,282073,•ΊΙ§,Ι’Os,r–q‚R’–Ϊ,2022[sanitize]08[sanitize]17,09,‚SK‚ΔΘγ‹¤“―Z‘ξ,’“Τi—Φjκ,20Ξ‘γ,‘εw¶,{ω‚Ή‚Έ
ή“,©“]Τ“,Ι’O,r–q,282073,•ΊΙ§,Ι’Os,r–q‚R’–Ϊ,2022[sanitize]08[sanitize]25,05,‚»‚Μ‘Ό‚ΜZ‘ξi‚RK‚ΔΘ‰Ί‹¤“―Z‘ξ“™j,’“Τi—Φjκ,10Ξ‘γ,‚Z¶,{ω‚Ή‚Έ
ή“,©“]Τ“,Ι’O,r–q,282073,•ΊΙ§,Ι’Os,r–q‚S’–Ϊ,2022[sanitize]10[sanitize]14,15,‚»‚Μ‘Ό,’“Τi—Φjκ,40Ξ‘γ,‚»‚Μ‘Ό,{ω‚Ή‚Έ
ή“,©“]Τ“,Ι’O,r–q,282073,•ΊΙ§,Ι’Os,r–q‚S’–Ϊ,2022[sanitize]12[sanitize]13,16,‚»‚Μ‘Ό,’“Τi—Φjκ,10Ξ‘γ,’†w¶,{ω‚Ή‚Έ
ή“,©“]Τ“,Ι’O,r–q,282073,•ΊΙ§,Ι’Os,r–q‚T’–Ϊ,2022[sanitize]05[sanitize]14,18,‚SK‚ΔΘγ‹¤“―Z‘ξ,’“Τi—Φjκ,10Ξ‘γ,’†w¶,{ω‚µ‚½
ή“,©“]Τ“,Ι’O,r–q,282073,•ΊΙ§,Ι’Os,r–q‚T’–Ϊ,2022[sanitize]05[sanitize]16,16,‚SK‚ΔΘγ‹¤“―Z‘ξ,’“Τi—Φjκ,50Ξ‘γ,‚»‚Μ‘Ό,{ω‚Ή‚Έ
ή“,©“]Τ“,Ι’O,r–q,282073,•ΊΙ§,Ι’Os,r–q‚T’–Ϊ,2022[sanitize]07[sanitize]10,19,‚SK‚ΔΘγ‹¤“―Z‘ξ,’“Τi—Φjκ,30Ξ‘γ,‚»‚Μ‘Ό,{ω‚µ‚½
ή“,©“]Τ“,Ι’O,r–q,282073,•ΊΙ§,Ι’Os,r–q‚T’–Ϊ,2022[sanitize]07[sanitize]25,12,‚SK‚ΔΘγ‹¤“―Z‘ξ,’“Τi—Φjκ,40Ξ‘γ,‚»‚Μ‘Ό,{ω‚µ‚½
ή“,©“]Τ“,Ι’O,r–q,282073,•ΊΙ§,Ι’Os,r–q‚T’–Ϊ,2022[sanitize]08[sanitize]19,14,‚SK‚ΔΘγ‹¤“―Z‘ξ,’“Τi—Φjκ,10Ξ‘γ,’†w¶,{ω‚Ή‚Έ
ή“,©“]Τ“,Ι’O,r–q,282073,•ΊΙ§,Ι’Os,r–q‚T’–Ϊ,2022[sanitize]10[sanitize]06,18,κΛZ‘ξ,‚»‚Μ‘Ό,30Ξ‘γ,‚»‚Μ‘Ό,{ω‚Ή‚Έ
ή“,©“]Τ“,Ι’O,r–q,282073,•ΊΙ§,Ι’Os,r–q‚T’–Ϊ,2022[sanitize]10[sanitize]06,18,’“Τi—Φjκ,’“Τi—Φjκ,20Ξ‘γ,‚»‚Μ‘Ό,{ω‚µ‚½
ή“,©“]Τ“,Ι’O,r–q,282073,•ΊΙ§,Ι’Os,r–q‚U’–Ϊ,2021[sanitize]12[sanitize]29,21,‚»‚Μ‘Ό‚ΜZ‘ξi‚RK‚ΔΘ‰Ί‹¤“―Z‘ξ“™j,’“Τi—Φjκ,30Ξ‘γ,‚»‚Μ‘Ό,{ω‚µ‚½
ή“,©“]Τ“,Ι’O,r–q,282073,•ΊΙ§,Ι’Os,r–q‚U’–Ϊ,2022[sanitize]06[sanitize]11,10,‚»‚Μ‘Ό,’“Τi—Φjκ,10Ξ‘γ,‚Z¶,{ω‚µ‚½
ή“,©“]Τ“,Ι’O,r–q,282073,•ΊΙ§,Ι’Os,r–q‚V’–Ϊ,2022[sanitize]07[sanitize]29,12,‚»‚Μ‘Ό‚ΜZ‘ξi‚RK‚ΔΘ‰Ί‹¤“―Z‘ξ“™j,’“Τi—Φjκ,30Ξ‘γ,‚»‚Μ‘Ό,{ω‚Ή‚Έ
ή“,©“]Τ“,Ι’O,r–q,282073,•ΊΙ§,Ι’Os,r–q‚V’–Ϊ,2022[sanitize]08[sanitize]12,13,‚SK‚ΔΘγ‹¤“―Z‘ξ,’“Τi—Φjκ,20Ξ‘γ,‚»‚Μ‘Ό,{ω‚µ‚½
ή“,©“]Τ“,Ι’O,r–q,282073,•ΊΙ§,Ι’Os,‘ε–μ‚P’–Ϊ,2022[sanitize]09[sanitize]09,22,‚»‚Μ‘Ό,’“Τi—Φjκ,20Ξ‘γ,‚»‚Μ‘Ό,{ω‚Ή‚Έ
ή“,©“]Τ“,Ι’O,r–q,282073,•ΊΙ§,Ι’Os,‰¬–μ‚R’–Ϊ,2022[sanitize]06[sanitize]11,11,‚»‚Μ‘Ό,‚»‚Μ‘Ό,10Ξ–Ά–,¬w¶,{ω‚Ή‚Έ
ή“,©“]Τ“,Ι’O,r–q,282073,•ΊΙ§,Ι’Os,–k–μ‚P’–Ϊ,2022[sanitize]03[sanitize]01,•s–Ύ,‚SK‚ΔΘγ‹¤“―Z‘ξ,’“Τi—Φjκ,10Ξ‘γ,‚Z¶,{ω‚Ή‚Έ
ή“,©“]Τ“,Ι’O,r–q,282073,•ΊΙ§,Ι’Os,–k–μ‚P’–Ϊ,2022[sanitize]06[sanitize]03,23,‚SK‚ΔΘγ‹¤“―Z‘ξ,‚»‚Μ‘Ό,10Ξ‘γ,‚Z¶,{ω‚µ‚½
ή“,©“]Τ“,Ι’O,r–q,282073,•ΊΙ§,Ι’Os,–k–μ‚P’–Ϊ,2022[sanitize]09[sanitize]02,16,“ΉHγ,‚»‚Μ‘Ό,10Ξ‘γ,’†w¶,{ω‚Ή‚Έ
ή“,©“]Τ“,Ι’O,r–q,282073,•ΊΙ§,Ι’Os,–k–μ‚S’–Ϊ,2022[sanitize]02[sanitize]11,14,‚SK‚ΔΘγ‹¤“―Z‘ξ,’“Τi—Φjκ,10Ξ‘γ,’†w¶,{ω‚Ή‚Έ
ή“,©“]Τ“,Ι’O,r–q,282073,•ΊΙ§,Ι’Os,–k–μ‚T’–Ϊ,2022[sanitize]11[sanitize]15,13,“ΉHγ,‚»‚Μ‘Ό,70ΞΘγ,‚»‚Μ‘Ό,{ω‚µ‚½
ή“,©“]Τ“,Ι’O,r–q,282073,•ΊΙ§,Ι’Os,,2022[sanitize]07[sanitize]21,17,‚SK‚ΔΘγ‹¤“―Z‘ξ,’“Τi—Φjκ,10Ξ‘γ,‘εw¶,{ω‚Ή‚Έ
ή“,©“]Τ“,Ι’O,r–q,282073,•ΊΙ§,Ι’Os,ƒ’r‚P’–Ϊ,2022[sanitize]04[sanitize]07,20,‚SK‚ΔΘγ‹¤“―Z‘ξ,‚»‚Μ‘Ό,20Ξ‘γ,‚»‚Μ‘Ό,{ω‚µ‚½
ή“,©“]Τ“,Ι’O,r–q,282073,•ΊΙ§,Ι’Os,ƒ’r‚P’–Ϊ,2022[sanitize]09[sanitize]10,17,‚»‚Μ‘Ό,’“Τi—Φjκ,10Ξ‘γ,’†w¶,{ω‚Ή‚Έ
ή“,©“]Τ“,Ι’O,r–q,282073,•ΊΙ§,Ι’Os,ƒ’r‚Q’–Ϊ,2021[sanitize]03[sanitize]01,00,‚SK‚ΔΘγ‹¤“―Z‘ξ,’“Τi—Φjκ,40Ξ‘γ,‚»‚Μ‘Ό,{ω‚Ή‚Έ
ή“,©“]Τ“,Ι’O,r–q,282073,•ΊΙ§,Ι’Os,ƒ’r‚Q’–Ϊ,2022[sanitize]01[sanitize]08,17,‚SK‚ΔΘγ‹¤“―Z‘ξ,’“Τi—Φjκ,10Ξ‘γ,‚Z¶,{ω‚Ή‚Έ
ή“,©“]Τ“,Ι’O,r–q,282073,•ΊΙ§,Ι’Os,ƒ’r‚Q’–Ϊ,2022[sanitize]04[sanitize]27,11,‚»‚Μ‘Ό‚ΜZ‘ξi‚RK‚ΔΘ‰Ί‹¤“―Z‘ξ“™j,’“Τi—Φjκ,20Ξ‘γ,‚»‚Μ‘Ό,{ω‚Ή‚Έ
ή“,©“]Τ“,Ι’O,r–q,282073,•ΊΙ§,Ι’Os,ƒ’r‚Q’–Ϊ,2022[sanitize]07[sanitize]28,22,‚»‚Μ‘Ό‚ΜZ‘ξi‚RK‚ΔΘ‰Ί‹¤“―Z‘ξ“™j,’“Τi—Φjκ,20Ξ‘γ,‚»‚Μ‘Ό,{ω‚µ‚½
ή“,©“]Τ“,Ι’O,r–q,282073,•ΊΙ§,Ι’Os,ƒ’r‚Q’–Ϊ,2022[sanitize]09[sanitize]20,11,‚SK‚ΔΘγ‹¤“―Z‘ξ,’“Τi—Φjκ,10Ξ‘γ,‚»‚Μ‘Ό,{ω‚Ή‚Έ
ή“,©“]Τ“,Ι’O,r–q,282073,•ΊΙ§,Ι’Os,ƒ’r‚Q’–Ϊ,2022[sanitize]10[sanitize]17,11,‚SK‚ΔΘγ‹¤“―Z‘ξ,‚»‚Μ‘Ό,70ΞΘγ,‚»‚Μ‘Ό,{ω‚µ‚½
ή“,©“]Τ“,Ι’O,r–q,282073,•ΊΙ§,Ι’Os,ƒ’r‚Q’–Ϊ,2022[sanitize]11[sanitize]27,13,‚»‚Μ‘Ό,’“Τi—Φjκ,10Ξ‘γ,‚Z¶,{ω‚Ή‚Έ
ή“,©“]Τ“,Ι’O,r–q,282073,•ΊΙ§,Ι’Os,ƒ’r‚R’–Ϊ,2022[sanitize]05[sanitize]23,17,‚SK‚ΔΘγ‹¤“―Z‘ξ,’“Τi—Φjκ,10Ξ‘γ,‚Z¶,{ω‚Ή‚Έ
ή“,©“]Τ“,Ι’O,r–q,282073,•ΊΙ§,Ι’Os,ƒ’r‚R’–Ϊ,2022[sanitize]07[sanitize]13,21,κΛZ‘ξ,’“Τi—Φjκ,50Ξ‘γ,‚»‚Μ‘Ό,{ω‚Ή‚Έ
ή“,©“]Τ“,Ι’O,r–q,282073,•ΊΙ§,Ι’Os,ƒ’r‚S’–Ϊ,2022[sanitize]07[sanitize]03,15,‚»‚Μ‘Ό,’“Τi—Φjκ,40Ξ‘γ,‚»‚Μ‘Ό,{ω‚Ή‚Έ
ή“,©“]Τ“,Ι’O,r–q,282073,•ΊΙ§,Ι’Os,ƒ’r‚T’–Ϊ,2022[sanitize]01[sanitize]18,20,‚SK‚ΔΘγ‹¤“―Z‘ξ,’“Τi—Φjκ,10Ξ‘γ,’†w¶,{ω‚Ή‚Έ
ή“,©“]Τ“,Ι’O,r–q,282073,•ΊΙ§,Ι’Os,ƒ’r‚T’–Ϊ,2022[sanitize]05[sanitize]27,08,‚»‚Μ‘Ό,’“Τi—Φjκ,30Ξ‘γ,‚»‚Μ‘Ό,{ω‚Ή‚Έ
ή“,©“]Τ“,Ι’O,r–q,282073,•ΊΙ§,Ι’Os,ƒ’r‚T’–Ϊ,2022[sanitize]06[sanitize]25,13,‚»‚Μ‘Ό,’“Τi—Φjκ,60[sanitize]64Ξ,‚»‚Μ‘Ό,{ω‚Ή‚Έ
ή“,©“]Τ“,Ι’O,r–q,282073,•ΊΙ§,Ι’Os,ƒ’r‚T’–Ϊ,2022[sanitize]10[sanitize]06,17,‚»‚Μ‘Ό,’“Τi—Φjκ,60[sanitize]64Ξ,‚»‚Μ‘Ό,{ω‚Ή‚Έ
ή“,©“]Τ“,Ι’O,r–q,282073,•ΊΙ§,Ι’Os,ƒ’r‚U’–Ϊ,2022[sanitize]07[sanitize]26,18,κΛZ‘ξ,‚»‚Μ‘Ό,20Ξ‘γ,‚»‚Μ‘Ό,{ω‚µ‚½
ή“,©“]Τ“,Ι’O,r–q,282073,•ΊΙ§,Ι’Os,ƒ’r‚V’–Ϊ,2022[sanitize]10[sanitize]03,12,‚»‚Μ‘Ό,’“Τi—Φjκ,30Ξ‘γ,‚»‚Μ‘Ό,{ω‚Ή‚Έ
ή“,©“]Τ“,Ι’O,r–q,282073,•ΊΙ§,Ι’Os,r–q“μ‚Q’–Ϊ,2022[sanitize]07[sanitize]18,18,κΛZ‘ξ,’“Τi—Φjκ,10Ξ‘γ,’†w¶,{ω‚Ή‚Έ
ή“,©“]Τ“,Ι’O,r–q,282073,•ΊΙ§,Ι’Os,r–q“μ‚S’–Ϊ,2022[sanitize]08[sanitize]30,16,‚SK‚ΔΘγ‹¤“―Z‘ξ,’“Τi—Φjκ,30Ξ‘γ,‚»‚Μ‘Ό,{ω‚Ή‚Έ
ή“,©“]Τ“,Ι’O,r–q,282073,•ΊΙ§,Ι’Os,r–q“μ‚S’–Ϊ,2022[sanitize]11[sanitize]24,22,“ΉHγ,‚»‚Μ‘Ό,30Ξ‘γ,‚»‚Μ‘Ό,{ω‚Ή‚Έ
ή“,©“]Τ“,Ι’O,–μΤ,282073,•ΊΙ§,Ι’Os,ΐ“°›’¬‚U’–Ϊ,2022[sanitize]07[sanitize]31,21,κΛZ‘ξ,‚»‚Μ‘Ό,10Ξ‘γ,‚Z¶,{ω‚Ή‚Έ
ή“,©“]Τ“,Ι’O,–μΤ,282073,•ΊΙ§,Ι’Os,ΐ“°›’¬‚V’–Ϊ,2022[sanitize]07[sanitize]09,00,κΛZ‘ξ,’“Τi—Φjκ,20Ξ‘γ,‚»‚Μ‘Ό,{ω‚Ή‚Έ
ή“,©“]Τ“,Ι’O,–μΤ,282073,•ΊΙ§,Ι’Os,Τ’Λ‚P’–Ϊ,2022[sanitize]07[sanitize]09,14,‚»‚Μ‘Ό,‚»‚Μ‘Ό,10Ξ–Ά–,¬w¶,{ω‚Ή‚Έ
ή“,©“]Τ“,Ι’O,–μΤ,282073,•ΊΙ§,Ι’Os,Τ’Λ‚P’–Ϊ,2022[sanitize]11[sanitize]17,20,‚»‚Μ‘Ό,‚»‚Μ‘Ό,20Ξ‘γ,‚»‚Μ‘Ό,{ω‚Ή‚Έ
ή“,©“]Τ“,Ι’O,–μΤ,282073,•ΊΙ§,Ι’Os,Τ’Λ‚Q’–Ϊ,2021[sanitize]12[sanitize]24,12,‚SK‚ΔΘγ‹¤“―Z‘ξ,’“Τi—Φjκ,70ΞΘγ,‚»‚Μ‘Ό,{ω‚µ‚½
ή“,©“]Τ“,Ι’O,–μΤ,282073,•ΊΙ§,Ι’Os,Τ’Λ‚Q’–Ϊ,2021[sanitize]12[sanitize]31,15,‚SK‚ΔΘγ‹¤“―Z‘ξ,’“Τi—Φjκ,20Ξ‘γ,‚»‚Μ‘Ό,{ω‚µ‚½
ή“,©“]Τ“,Ι’O,–μΤ,282073,•ΊΙ§,Ι’Os,Τ’Λ‚Q’–Ϊ,2022[sanitize]12[sanitize]09,19,κΛZ‘ξ,’“Τi—Φjκ,40Ξ‘γ,‚»‚Μ‘Ό,{ω‚Ή‚Έ
ή“,©“]Τ“,Ι’O,–μΤ,282073,•ΊΙ§,Ι’Os,—ι΄’¬‚X’–Ϊ,2022[sanitize]03[sanitize]17,23,‚»‚Μ‘Ό‚ΜZ‘ξi‚RK‚ΔΘ‰Ί‹¤“―Z‘ξ“™j,’“Τi—Φjκ,20Ξ‘γ,‘εw¶,{ω‚µ‚½
ή“,©“]Τ“,Ι’O,–μΤ,282073,•ΊΙ§,Ι’Os,–μΤ‚Q’–Ϊ,2022[sanitize]01[sanitize]26,19,‚SK‚ΔΘγ‹¤“―Z‘ξ,’“Τi—Φjκ,10Ξ‘γ,¬w¶,{ω‚Ή‚Έ
ή“,©“]Τ“,Ι’O,–μΤ,282073,•ΊΙ§,Ι’Os,–μΤ‚Q’–Ϊ,2022[sanitize]10[sanitize]05,18,‚SK‚ΔΘγ‹¤“―Z‘ξ,‚»‚Μ‘Ό,10Ξ‘γ,’†w¶,{ω‚Ή‚Έ
ή“,©“]Τ“,Ι’O,–μΤ,282073,•ΊΙ§,Ι’Os,–μΤ‚V’–Ϊ,2022[sanitize]06[sanitize]23,21,‚»‚Μ‘Ό‚ΜZ‘ξi‚RK‚ΔΘ‰Ί‹¤“―Z‘ξ“™j,’“Τi—Φjκ,10Ξ‘γ,’†w¶,{ω‚Ή‚Έ
ή“,©“]Τ“,Ι’O,–μΤ,282073,•ΊΙ§,Ι’Os,–μΤ‚W’–Ϊ,2022[sanitize]06[sanitize]25,11,‚SK‚ΔΘγ‹¤“―Z‘ξ,’“Τi—Φjκ,20Ξ‘γ,‚»‚Μ‘Ό,{ω‚Ή‚Έ
ή“,©“]Τ“,Ι’O,–μΤ,282073,•ΊΙ§,Ι’Os,–μΤ‚W’–Ϊ,2022[sanitize]07[sanitize]28,11,‚SK‚ΔΘγ‹¤“―Z‘ξ,’“Τi—Φjκ,50Ξ‘γ,‚»‚Μ‘Ό,{ω‚Ή‚Έ
ή“,©“]Τ“,Ι’O,–μΤ,282073,•ΊΙ§,Ι’Os,,2022[sanitize]02[sanitize]25,08,‚SK‚ΔΘγ‹¤“―Z‘ξ,’“Τi—Φjκ,10Ξ‘γ,’†w¶,{ω‚Ή‚Έ
ή“,©“]Τ“,Ι’O,–μΤ,282073,•ΊΙ§,Ι’Os,–x’r‚P’–Ϊ,2022[sanitize]05[sanitize]25,17,κΛZ‘ξ,’“Τi—Φjκ,10Ξ‘γ,‚Z¶,{ω‚Ή‚Έ
ή“,©“]Τ“,Ι’O,–μΤ,282073,•ΊΙ§,Ι’Os,–x’r‚R’–Ϊ,2022[sanitize]06[sanitize]25,11,‚»‚Μ‘Ό,’“Τi—Φjκ,20Ξ‘γ,‘εw¶,{ω‚Ή‚Έ
ή“,©“]Τ“,Ι’O,–μΤ,282073,•ΊΙ§,Ι’Os,–x’r‚R’–Ϊ,2022[sanitize]06[sanitize]25,11,‚»‚Μ‘Ό,’“Τi—Φjκ,50Ξ‘γ,‚»‚Μ‘Ό,{ω‚Ή‚Έ
ή“,©“]Τ“,Ι’O,–μΤ,282073,•ΊΙ§,Ι’Os,”ό—ι’¬‚P’–Ϊ,2022[sanitize]07[sanitize]11,19,‚»‚Μ‘Ό‚ΜZ‘ξi‚RK‚ΔΘ‰Ί‹¤“―Z‘ξ“™j,’“Τi—Φjκ,20Ξ‘γ,‚»‚Μ‘Ό,{ω‚Ή‚Έ
ή“,©“]Τ“,Ι’O,–μΤ,282073,•ΊΙ§,Ι’Os,”ό—ι’¬‚P’–Ϊ,2022[sanitize]11[sanitize]14,17,‚»‚Μ‘Ό‚ΜZ‘ξi‚RK‚ΔΘ‰Ί‹¤“―Z‘ξ“™j,’“Τi—Φjκ,30Ξ‘γ,‚»‚Μ‘Ό,{ω‚Ή‚Έ
ή“,©“]Τ“,Ι’O,–μΤ,282073,•ΊΙ§,Ι’Os,”ό—ι’¬‚R’–Ϊ,2022[sanitize]06[sanitize]16,21,κΛZ‘ξ,’“Τi—Φjκ,20Ξ‘γ,‘εw¶,{ω‚Ή‚Έ
ή“,©“]Τ“,Ι’O,–μΤ,282073,•ΊΙ§,Ι’Os,“μ–μ‚U’–Ϊ,2022[sanitize]10[sanitize]01,12,‚»‚Μ‘Ό‚ΜZ‘ξi‚RK‚ΔΘ‰Ί‹¤“―Z‘ξ“™j,’“Τi—Φjκ,50Ξ‘γ,‚»‚Μ‘Ό,{ω‚µ‚½
ή“,©“]Τ“,Ι’O,–μΤ,282073,•ΊΙ§,Ι’Os,–μΤ–k‚R’–Ϊ,2022[sanitize]12[sanitize]05,22,‚»‚Μ‘Ό‚ΜZ‘ξi‚RK‚ΔΘ‰Ί‹¤“―Z‘ξ“™j,’“Τi—Φjκ,20Ξ‘γ,‚»‚Μ‘Ό,{ω‚Ή‚Έ
ή“,©“]Τ“,Ι’O,–μΤ,282073,•ΊΙ§,Ι’Os,–μΤ–k‚S’–Ϊ,2022[sanitize]06[sanitize]15,21,‚SK‚ΔΘγ‹¤“―Z‘ξ,’“Τi—Φjκ,20Ξ‘γ,‚»‚Μ‘Ό,{ω‚Ή‚Έ
ή“,©“]Τ“,Ι’O,–μΤ,282073,•ΊΙ§,Ι’Os,–μΤ–k‚S’–Ϊ,2022[sanitize]06[sanitize]24,03,‚SK‚ΔΘγ‹¤“―Z‘ξ,’“Τi—Φjκ,50Ξ‘γ,‚»‚Μ‘Ό,{ω‚µ‚½
ή“,©“]Τ“,Ι’O,–μΤ,282073,•ΊΙ§,Ι’Os,–μΤ–k‚S’–Ϊ,2022[sanitize]07[sanitize]19,21,‚SK‚ΔΘγ‹¤“―Z‘ξ,’“Τi—Φjκ,40Ξ‘γ,‚»‚Μ‘Ό,{ω‚Ή‚Έ
ή“,©“]Τ“,Ι’O,–μΤ,282073,•ΊΙ§,Ι’Os,–μΤ–k‚S’–Ϊ,2022[sanitize]07[sanitize]23,02,κΛZ‘ξ,‚»‚Μ‘Ό,65[sanitize]69Ξ,‚»‚Μ‘Ό,{ω‚Ή‚Έ
ή“,©“]Τ“,Ι’O,–μΤ,282073,•ΊΙ§,Ι’Os,–μΤ–k‚T’–Ϊ,2022[sanitize]08[sanitize]20,01,‚»‚Μ‘Ό,’“Τi—Φjκ,40Ξ‘γ,‚»‚Μ‘Ό,{ω‚Ή‚Έ
ή“,©“]Τ“,Ι’O,–μΤ,282073,•ΊΙ§,Ι’Os,–μΤ–k‚T’–Ϊ,2022[sanitize]09[sanitize]14,22,‚SK‚ΔΘγ‹¤“―Z‘ξ,’“Τi—Φjκ,10Ξ‘γ,‚Z¶,{ω‚µ‚½
ή“,©“]Τ“,Ι’O,–μΤ,282073,•ΊΙ§,Ι’Os,“μ–μ–k‚P’–Ϊ,2022[sanitize]07[sanitize]31,15,κΛZ‘ξ,’“Τi—Φjκ,70ΞΘγ,‚»‚Μ‘Ό,{ω‚µ‚½
ή“,©“]Τ“,Ι’O,–μΤ,282073,•ΊΙ§,Ι’Os,“μ–μ–k‚P’–Ϊ,2022[sanitize]11[sanitize]10,16,κΛZ‘ξ,‚»‚Μ‘Ό,70ΞΘγ,‚»‚Μ‘Ό,{ω‚µ‚½
ή“,©“]Τ“,Ι’O,–μΤ,282073,•ΊΙ§,Ι’Os,“μ–μ–k‚R’–Ϊ,2022[sanitize]11[sanitize]12,19,κΛZ‘ξ,‚»‚Μ‘Ό,20Ξ‘γ,‘εw¶,{ω‚Ή‚Έ
ή“,©“]Τ“,Ι’O,–μΤ,282073,•ΊΙ§,Ι’Os,“μ–μ–k‚T’–Ϊ,2022[sanitize]06[sanitize]26,22,‚SK‚ΔΘγ‹¤“―Z‘ξ,’“Τi—Φjκ,20Ξ‘γ,‚»‚Μ‘Ό,{ω‚Ή‚Έ
ή“,©“]Τ“,Ι’O,γ‹}‰w‘O,282073,•ΊΙ§,Ι’Os,η‘m‚S’–Ϊ,2022[sanitize]03[sanitize]25,21,‚»‚Μ‘Ό‚ΜZ‘ξi‚RK‚ΔΘ‰Ί‹¤“―Z‘ξ“™j,’“Τi—Φjκ,20Ξ‘γ,‚»‚Μ‘Ό,{ω‚Ή‚Έ
ή“,©“]Τ“,Ι’O,γ‹}‰w‘O,282073,•ΊΙ§,Ι’Os,η‘m‚S’–Ϊ,2022[sanitize]09[sanitize]17,23,κΛZ‘ξ,‚»‚Μ‘Ό,10Ξ‘γ,‚Z¶,{ω‚µ‚½
ή“,©“]Τ“,Ι’O,γ‹}‰w‘O,282073,•ΊΙ§,Ι’Os,η‘m‚S’–Ϊ,2022[sanitize]10[sanitize]31,12,κΛZ‘ξ,’“Τi—Φjκ,70ΞΘγ,‚»‚Μ‘Ό,{ω‚µ‚½
ή“,©“]Τ“,Ι’O,γ‹}‰w‘O,282073,•ΊΙ§,Ι’Os,η‘m‚T’–Ϊ,2022[sanitize]07[sanitize]02,21,‚SK‚ΔΘγ‹¤“―Z‘ξ,’“Τi—Φjκ,40Ξ‘γ,‚»‚Μ‘Ό,{ω‚µ‚½
ή“,©“]Τ“,Ι’O,γ‹}‰w‘O,282073,•ΊΙ§,Ι’Os,’†‰›‚P’–Ϊ,2021[sanitize]12[sanitize]29,14,“ΉHγ,‚»‚Μ‘Ό,10Ξ‘γ,’†w¶,{ω‚Ή‚Έ
ή“,©“]Τ“,Ι’O,γ‹}‰w‘O,282073,•ΊΙ§,Ι’Os,’†‰›‚P’–Ϊ,2021[sanitize]12[sanitize]29,21,“ΉHγ,‚»‚Μ‘Ό,20Ξ‘γ,‘εw¶,{ω‚Ή‚Έ
ή“,©“]Τ“,Ι’O,γ‹}‰w‘O,282073,•ΊΙ§,Ι’Os,’†‰›‚P’–Ϊ,2022[sanitize]02[sanitize]11,20,‚»‚Μ‘Ό,’“Τi—Φjκ,10Ξ‘γ,‚»‚Μ‘Ό,{ω‚Ή‚Έ
ή“,©“]Τ“,Ι’O,γ‹}‰w‘O,282073,•ΊΙ§,Ι’Os,’†‰›‚P’–Ϊ,2022[sanitize]03[sanitize]26,19,“ΉHγ,‚»‚Μ‘Ό,20Ξ‘γ,‘εw¶,{ω‚Ή‚Έ
ή“,©“]Τ“,Ι’O,γ‹}‰w‘O,282073,•ΊΙ§,Ι’Os,’†‰›‚P’–Ϊ,2022[sanitize]04[sanitize]17,17,“ΉHγ,‚»‚Μ‘Ό,70ΞΘγ,‚»‚Μ‘Ό,{ω‚Ή‚Έ
ή“,©“]Τ“,Ι’O,γ‹}‰w‘O,282073,•ΊΙ§,Ι’Os,’†‰›‚P’–Ϊ,2022[sanitize]06[sanitize]06,21,“ΉHγ,‚»‚Μ‘Ό,10Ξ‘γ,‚Z¶,{ω‚Ή‚Έ
ή“,©“]Τ“,Ι’O,γ‹}‰w‘O,282073,•ΊΙ§,Ι’Os,’†‰›‚P’–Ϊ,2022[sanitize]06[sanitize]15,19,‚»‚Μ‘Ό,’“Τi—Φjκ,30Ξ‘γ,‚»‚Μ‘Ό,{ω‚Ή‚Έ
ή“,©“]Τ“,Ι’O,γ‹}‰w‘O,282073,•ΊΙ§,Ι’Os,’†‰›‚P’–Ϊ,2022[sanitize]07[sanitize]01,12,“ΉHγ,‚»‚Μ‘Ό,50Ξ‘γ,‚»‚Μ‘Ό,{ω‚µ‚½
ή“,©“]Τ“,Ι’O,γ‹}‰w‘O,282073,•ΊΙ§,Ι’Os,’†‰›‚P’–Ϊ,2022[sanitize]07[sanitize]15,13,‚»‚Μ‘Ό,’“Τi—Φjκ,10Ξ‘γ,‚Z¶,{ω‚Ή‚Έ
ή“,©“]Τ“,Ι’O,γ‹}‰w‘O,282073,•ΊΙ§,Ι’Os,’†‰›‚P’–Ϊ,2022[sanitize]08[sanitize]01,22,“ΉHγ,‚»‚Μ‘Ό,30Ξ‘γ,‚»‚Μ‘Ό,{ω‚Ή‚Έ
ή“,©“]Τ“,Ι’O,γ‹}‰w‘O,282073,•ΊΙ§,Ι’Os,’†‰›‚P’–Ϊ,2022[sanitize]08[sanitize]21,14,‚»‚Μ‘Ό,‚»‚Μ‘Ό,40Ξ‘γ,‚»‚Μ‘Ό,{ω‚Ή‚Έ
ή“,©“]Τ“,Ι’O,γ‹}‰w‘O,282073,•ΊΙ§,Ι’Os,’†‰›‚P’–Ϊ,2022[sanitize]09[sanitize]09,13,’“Τi—Φjκ,’“Τi—Φjκ,20Ξ‘γ,‚»‚Μ‘Ό,{ω‚µ‚½
ή“,©“]Τ“,Ι’O,γ‹}‰w‘O,282073,•ΊΙ§,Ι’Os,’†‰›‚P’–Ϊ,2022[sanitize]10[sanitize]04,09,‚»‚Μ‘Ό,’“Τi—Φjκ,20Ξ‘γ,‚»‚Μ‘Ό,{ω‚Ή‚Έ
ή“,©“]Τ“,Ι’O,γ‹}‰w‘O,282073,•ΊΙ§,Ι’Os,’†‰›‚P’–Ϊ,2022[sanitize]10[sanitize]08,17,‚»‚Μ‘Ό,’“Τi—Φjκ,20Ξ‘γ,‚»‚Μ‘Ό,{ω‚µ‚½
ή“,©“]Τ“,Ι’O,γ‹}‰w‘O,282073,•ΊΙ§,Ι’Os,’†‰›‚P’–Ϊ,2022[sanitize]10[sanitize]12,12,‚»‚Μ‘Ό,’“Τi—Φjκ,40Ξ‘γ,‚»‚Μ‘Ό,{ω‚Ή‚Έ
ή“,©“]Τ“,Ι’O,γ‹}‰w‘O,282073,•ΊΙ§,Ι’Os,’†‰›‚P’–Ϊ,2022[sanitize]10[sanitize]21,18,“ΉHγ,‚»‚Μ‘Ό,40Ξ‘γ,‚»‚Μ‘Ό,{ω‚µ‚½
ή“,©“]Τ“,Ι’O,γ‹}‰w‘O,282073,•ΊΙ§,Ι’Os,’†‰›‚P’–Ϊ,2022[sanitize]12[sanitize]03,06,“ΉHγ,‚»‚Μ‘Ό,10Ξ‘γ,’†w¶,{ω‚Ή‚Έ
ή“,©“]Τ“,Ι’O,γ‹}‰w‘O,282073,•ΊΙ§,Ι’Os,’†‰›‚P’–Ϊ,2022[sanitize]12[sanitize]18,19,’“Τi—Φjκ,’“Τi—Φjκ,40Ξ‘γ,‚»‚Μ‘Ό,{ω‚Ή‚Έ
ή“,©“]Τ“,Ι’O,γ‹}‰w‘O,282073,•ΊΙ§,Ι’Os,’†‰›‚P’–Ϊ,2022[sanitize]12[sanitize]21,20,“ΉHγ,‚»‚Μ‘Ό,20Ξ‘γ,‘εw¶,{ω‚Ή‚Έ
ή“,©“]Τ“,Ι’O,γ‹}‰w‘O,282073,•ΊΙ§,Ι’Os,’†‰›‚Q’–Ϊ,2022[sanitize]03[sanitize]14,07,κΛZ‘ξ,’“Τi—Φjκ,20Ξ‘γ,‚»‚Μ‘Ό,{ω‚µ‚½
ή“,©“]Τ“,Ι’O,γ‹}‰w‘O,282073,•ΊΙ§,Ι’Os,’†‰›‚S’–Ϊ,2022[sanitize]04[sanitize]13,18,“ΉHγ,‚»‚Μ‘Ό,40Ξ‘γ,‚»‚Μ‘Ό,{ω‚Ή‚Έ
ή“,©“]Τ“,Ι’O,γ‹}‰w‘O,282073,•ΊΙ§,Ι’Os,’†‰›‚S’–Ϊ,2022[sanitize]07[sanitize]02,22,‚»‚Μ‘Ό,‚»‚Μ‘Ό,40Ξ‘γ,‚»‚Μ‘Ό,{ω‚Ή‚Έ
ή“,©“]Τ“,Ι’O,γ‹}‰w‘O,282073,•ΊΙ§,Ι’Os,’†‰›‚S’–Ϊ,2022[sanitize]07[sanitize]10,14,‚»‚Μ‘Ό,’“Τi—Φjκ,65[sanitize]69Ξ,‚»‚Μ‘Ό,{ω‚Ή‚Έ
ή“,©“]Τ“,Ι’O,γ‹}‰w‘O,282073,•ΊΙ§,Ι’Os,’†‰›‚T’–Ϊ,2022[sanitize]06[sanitize]20,17,“ΉHγ,‚»‚Μ‘Ό,50Ξ‘γ,‚»‚Μ‘Ό,{ω‚µ‚½
ή“,©“]Τ“,Ι’O,γ‹}‰w‘O,282073,•ΊΙ§,Ι’Os,Ό‘δ‚P’–Ϊ,2022[sanitize]04[sanitize]15,07,’“Τi—Φjκ,’“Τi—Φjκ,40Ξ‘γ,‚»‚Μ‘Ό,{ω‚µ‚½
ή“,©“]Τ“,Ι’O,γ‹}‰w‘O,282073,•ΊΙ§,Ι’Os,Ό‘δ‚P’–Ϊ,2022[sanitize]04[sanitize]23,12,“ΉHγ,‚»‚Μ‘Ό,30Ξ‘γ,‚»‚Μ‘Ό,{ω‚Ή‚Έ
ή“,©“]Τ“,Ι’O,γ‹}‰w‘O,282073,•ΊΙ§,Ι’Os,Ό‘δ‚P’–Ϊ,2022[sanitize]06[sanitize]14,18,‚SK‚ΔΘγ‹¤“―Z‘ξ,’“Τi—Φjκ,20Ξ‘γ,‚»‚Μ‘Ό,{ω‚µ‚½
ή“,©“]Τ“,Ι’O,γ‹}‰w‘O,282073,•ΊΙ§,Ι’Os,Ό‘δ‚P’–Ϊ,2022[sanitize]07[sanitize]30,08,“ΉHγ,‚»‚Μ‘Ό,30Ξ‘γ,‚»‚Μ‘Ό,{ω‚Ή‚Έ
ή“,©“]Τ“,Ι’O,γ‹}‰w‘O,282073,•ΊΙ§,Ι’Os,Ό‘δ‚P’–Ϊ,2022[sanitize]09[sanitize]04,18,’“Τi—Φjκ,’“Τi—Φjκ,30Ξ‘γ,‚»‚Μ‘Ό,{ω‚Ή‚Έ
ή“,©“]Τ“,Ι’O,γ‹}‰w‘O,282073,•ΊΙ§,Ι’Os,Ό‘δ‚P’–Ϊ,2022[sanitize]10[sanitize]16,19,“ΉHγ,‚»‚Μ‘Ό,20Ξ‘γ,‘εw¶,{ω‚Ή‚Έ
ή“,©“]Τ“,Ι’O,γ‹}‰w‘O,282073,•ΊΙ§,Ι’Os,Ό‘δ‚P’–Ϊ,2022[sanitize]10[sanitize]21,19,‚»‚Μ‘Ό,’“Τi—Φjκ,20Ξ‘γ,‚»‚Μ‘Ό,{ω‚Ή‚Έ
ή“,©“]Τ“,Ι’O,γ‹}‰w‘O,282073,•ΊΙ§,Ι’Os,Ό‘δ‚P’–Ϊ,2022[sanitize]11[sanitize]13,08,‚»‚Μ‘Ό,’“Τi—Φjκ,10Ξ‘γ,’†w¶,{ω‚Ή‚Έ
ή“,©“]Τ“,Ι’O,γ‹}‰w‘O,282073,•ΊΙ§,Ι’Os,Ό‘δ‚P’–Ϊ,2022[sanitize]12[sanitize]30,19,“ΉHγ,‚»‚Μ‘Ό,10Ξ‘γ,‚»‚Μ‘Ό,{ω‚µ‚½
ή“,©“]Τ“,Ι’O,γ‹}‰w‘O,282073,•ΊΙ§,Ι’Os,Ό‘δ‚Q’–Ϊ,2022[sanitize]06[sanitize]04,12,‚SK‚ΔΘγ‹¤“―Z‘ξ,’“Τi—Φjκ,10Ξ‘γ,’†w¶,{ω‚Ή‚Έ
ή“,©“]Τ“,Ι’O,γ‹}‰w‘O,282073,•ΊΙ§,Ι’Os,Ό‘δ‚Q’–Ϊ,2022[sanitize]07[sanitize]21,17,‚SK‚ΔΘγ‹¤“―Z‘ξ,’“Τi—Φjκ,20Ξ‘γ,‚»‚Μ‘Ό,{ω‚Ή‚Έ
ή“,©“]Τ“,Ι’O,γ‹}‰w‘O,282073,•ΊΙ§,Ι’Os,Ό‘δ‚Q’–Ϊ,2022[sanitize]11[sanitize]02,21,“ΉHγ,‚»‚Μ‘Ό,40Ξ‘γ,‚»‚Μ‘Ό,{ω‚Ή‚Έ
ή“,©“]Τ“,Ι’O,γ‹}‰w‘O,282073,•ΊΙ§,Ι’Os,Ό‘δ‚R’–Ϊ,2022[sanitize]01[sanitize]15,17,‚SK‚ΔΘγ‹¤“―Z‘ξ,’“Τi—Φjκ,20Ξ‘γ,‚»‚Μ‘Ό,{ω‚µ‚½
ή“,©“]Τ“,Ι’O,γ‹}‰w‘O,282073,•ΊΙ§,Ι’Os,Ό‘δ‚R’–Ϊ,2022[sanitize]05[sanitize]09,19,‚SK‚ΔΘγ‹¤“―Z‘ξ,’“Τi—Φjκ,65[sanitize]69Ξ,‚»‚Μ‘Ό,{ω‚µ‚½
ή“,©“]Τ“,Ι’O,γ‹}‰w‘O,282073,•ΊΙ§,Ι’Os,Ό‘δ‚R’–Ϊ,2022[sanitize]08[sanitize]22,10,‚»‚Μ‘Ό,’“Τi—Φjκ,10Ξ‘γ,‘εw¶,{ω‚µ‚½
ή“,©“]Τ“,Ι’O,γ‹}‰w‘O,282073,•ΊΙ§,Ι’Os,Ό‘δ‚R’–Ϊ,2022[sanitize]10[sanitize]09,02,“ΉHγ,‚»‚Μ‘Ό,65[sanitize]69Ξ,‚»‚Μ‘Ό,{ω‚Ή‚Έ
ή“,©“]Τ“,Ι’O,γ‹}‰w‘O,282073,•ΊΙ§,Ι’Os,Ό‘δ‚R’–Ϊ,2022[sanitize]10[sanitize]29,10,‚»‚Μ‘Ό,’“Τi—Φjκ,20Ξ‘γ,‚»‚Μ‘Ό,{ω‚Ή‚Έ
ή“,©“]Τ“,Ι’O,γ‹}‰w‘O,282073,•ΊΙ§,Ι’Os,Ό‘δ‚R’–Ϊ,2022[sanitize]11[sanitize]19,12,‚SK‚ΔΘγ‹¤“―Z‘ξ,’“Τi—Φjκ,20Ξ‘γ,‘εw¶,{ω‚Ή‚Έ
ή“,©“]Τ“,Ι’O,γ‹}‰w‘O,282073,•ΊΙ§,Ι’Os,Ό‘δ‚R’–Ϊ,2022[sanitize]12[sanitize]05,16,‚SK‚ΔΘγ‹¤“―Z‘ξ,’“Τi—Φjκ,50Ξ‘γ,‚»‚Μ‘Ό,{ω‚µ‚½
ή“,©“]Τ“,Ι’O,γ‹}‰w‘O,282073,•ΊΙ§,Ι’Os,Ό‘δ‚S’–Ϊ,2022[sanitize]01[sanitize]04,13,“ΉHγ,‚»‚Μ‘Ό,20Ξ‘γ,‘εw¶,{ω‚µ‚½
ή“,©“]Τ“,Ι’O,γ‹}‰w‘O,282073,•ΊΙ§,Ι’Os,Ό‘δ‚S’–Ϊ,2022[sanitize]06[sanitize]23,22,“ΉHγ,‚»‚Μ‘Ό,30Ξ‘γ,‚»‚Μ‘Ό,{ω‚Ή‚Έ
ή“,©“]Τ“,Ι’O,γ‹}‰w‘O,282073,•ΊΙ§,Ι’Os,‘D΄‚P’–Ϊ,2022[sanitize]12[sanitize]23,14,’“Τi—Φjκ,’“Τi—Φjκ,20Ξ‘γ,‘εw¶,{ω‚Ή‚Έ
ή“,©“]Τ“,Ι’O,γ‹}‰w‘O,282073,•ΊΙ§,Ι’Os,‘D΄‚Q’–Ϊ,2022[sanitize]07[sanitize]02,22,“ΉHγ,‚»‚Μ‘Ό,65[sanitize]69Ξ,‚»‚Μ‘Ό,{ω‚Ή‚Έ
ή“,©“]Τ“,Ι’O,γ‹}‰w‘O,282073,•ΊΙ§,Ι’Os,‘D΄‚Q’–Ϊ,2022[sanitize]07[sanitize]30,01,κΛZ‘ξ,’“Τi—Φjκ,20Ξ‘γ,‚»‚Μ‘Ό,{ω‚µ‚½
ή“,©“]Τ“,Ι’O,γ‹}‰w‘O,282073,•ΊΙ§,Ι’Os,‘D΄‚Q’–Ϊ,2022[sanitize]08[sanitize]18,12,“ΉHγ,‚»‚Μ‘Ό,10Ξ‘γ,‚Z¶,{ω‚µ‚½
ή“,©“]Τ“,Ι’O,γ‹}‰w‘O,282073,•ΊΙ§,Ι’Os,‹{ƒm‘O‚Q’–Ϊ,2022[sanitize]04[sanitize]24,23,‚»‚Μ‘Ό,’“Τi—Φjκ,10Ξ‘γ,‚»‚Μ‘Ό,{ω‚Ή‚Έ
ή“,©“]Τ“,Ι’O,γ‹}‰w‘O,282073,•ΊΙ§,Ι’Os,‹{ƒm‘O‚Q’–Ϊ,2022[sanitize]05[sanitize]02,17,‚»‚Μ‘Ό,’“Τi—Φjκ,70ΞΘγ,‚»‚Μ‘Ό,{ω‚µ‚½
ή“,©“]Τ“,Ι’O,γ‹}‰w‘O,282073,•ΊΙ§,Ι’Os,‹{ƒm‘O‚R’–Ϊ,2022[sanitize]01[sanitize]05,09,‚»‚Μ‘Ό,’“Τi—Φjκ,10Ξ‘γ,‚Z¶,{ω‚Ή‚Έ
ή“,©“]Τ“,Ι’O,γ‹}‰w‘O,282073,•ΊΙ§,Ι’Os,©—z“‚P’–Ϊ,2022[sanitize]07[sanitize]16,18,‚»‚Μ‘Ό,’“Τi—Φjκ,20Ξ‘γ,‚»‚Μ‘Ό,{ω‚Ή‚Έ
ή“,©“]Τ“,Ι’O,γ‹}‰w‘O,282073,•ΊΙ§,Ι’Os,©—z“‚P’–Ϊ,2022[sanitize]12[sanitize]08,17,‚SK‚ΔΘγ‹¤“―Z‘ξ,’“Τi—Φjκ,10Ξ‘γ,¬w¶,{ω‚Ή‚Έ
ή“,©“]Τ“,μΌ,’†‰›,282171,•ΊΙ§,μΌs,¬‰Τ‚P’–Ϊ,2021[sanitize]10[sanitize]01,17,‚»‚Μ‘Ό,’“Τi—Φjκ,10Ξ‘γ,‚»‚Μ‘Ό,{ω‚µ‚½
ή“,©“]Τ“,μΌ,’†‰›,282171,•ΊΙ§,μΌs,¬‰Τ‚P’–Ϊ,2022[sanitize]07[sanitize]07,18,‚»‚Μ‘Ό,’“Τi—Φjκ,50Ξ‘γ,‚»‚Μ‘Ό,{ω‚Ή‚Έ
ή“,©“]Τ“,μΌ,’†‰›,282171,•ΊΙ§,μΌs,‰h’¬,2022[sanitize]01[sanitize]06,07,‚»‚Μ‘Ό,’“Τi—Φjκ,30Ξ‘γ,‚»‚Μ‘Ό,{ω‚µ‚½
ή“,©“]Τ“,μΌ,’†‰›,282171,•ΊΙ§,μΌs,‰h’¬,2022[sanitize]01[sanitize]07,08,‚»‚Μ‘Ό,’“Τi—Φjκ,10Ξ‘γ,‘εw¶,{ω‚Ή‚Έ
ή“,©“]Τ“,μΌ,’†‰›,282171,•ΊΙ§,μΌs,‰h’¬,2022[sanitize]01[sanitize]09,16,‚SK‚ΔΘγ‹¤“―Z‘ξ,’“Τi—Φjκ,10Ξ‘γ,’†w¶,{ω‚Ή‚Έ
ή“,©“]Τ“,μΌ,’†‰›,282171,•ΊΙ§,μΌs,‰h’¬,2022[sanitize]02[sanitize]16,19,“ΉHγ,‚»‚Μ‘Ό,20Ξ‘γ,‚»‚Μ‘Ό,{ω‚µ‚½
ή“,©“]Τ“,μΌ,’†‰›,282171,•ΊΙ§,μΌs,‰h’¬,2022[sanitize]03[sanitize]05,10,‚»‚Μ‘Ό,’“Τi—Φjκ,30Ξ‘γ,‚»‚Μ‘Ό,{ω‚Ή‚Έ
ή“,©“]Τ“,μΌ,’†‰›,282171,•ΊΙ§,μΌs,‰h’¬,2022[sanitize]07[sanitize]10,13,‚»‚Μ‘Ό,’“Τi—Φjκ,10Ξ‘γ,’†w¶,{ω‚Ή‚Έ
ή“,©“]Τ“,μΌ,’†‰›,282171,•ΊΙ§,μΌs,‰h’¬,2022[sanitize]08[sanitize]06,22,‚SK‚ΔΘγ‹¤“―Z‘ξ,’“Τi—Φjκ,30Ξ‘γ,‚»‚Μ‘Ό,{ω‚Ή‚Έ
ή“,©“]Τ“,μΌ,’†‰›,282171,•ΊΙ§,μΌs,‰h’¬,2022[sanitize]08[sanitize]08,15,’“Τi—Φjκ,’“Τi—Φjκ,20Ξ‘γ,‚»‚Μ‘Ό,{ω‚Ή‚Έ
ή“,©“]Τ“,μΌ,’†‰›,282171,•ΊΙ§,μΌs,‰h’¬,2022[sanitize]10[sanitize]07,00,‚»‚Μ‘Ό,’“Τi—Φjκ,10Ξ‘γ,‘εw¶,{ω‚µ‚½
ή“,©“]Τ“,μΌ,’†‰›,282171,•ΊΙ§,μΌs,‰h’¬,2022[sanitize]10[sanitize]21,17,‚SK‚ΔΘγ‹¤“―Z‘ξ,’“Τi—Φjκ,50Ξ‘γ,‚»‚Μ‘Ό,{ω‚µ‚½
ή“,©“]Τ“,μΌ,’†‰›,282171,•ΊΙ§,μΌs,‰h’¬,2022[sanitize]10[sanitize]23,13,‚»‚Μ‘Ό,’“Τi—Φjκ,10Ξ‘γ,‚»‚Μ‘Ό,{ω‚Ή‚Έ
ή“,©“]Τ“,μΌ,’†‰›,282171,•ΊΙ§,μΌs,‰h’¬,2022[sanitize]11[sanitize]11,11,’“Τi—Φjκ,’“Τi—Φjκ,30Ξ‘γ,‚»‚Μ‘Ό,{ω‚Ή‚Έ
ή“,©“]Τ“,μΌ,’†‰›,282171,•ΊΙ§,μΌs,‰h’¬,2022[sanitize]11[sanitize]20,08,’“Τi—Φjκ,’“Τi—Φjκ,20Ξ‘γ,‘εw¶,{ω‚Ή‚Έ
ή“,©“]Τ“,μΌ,’†‰›,282171,•ΊΙ§,μΌs,‰h’¬,2022[sanitize]11[sanitize]24,18,’“Τi—Φjκ,’“Τi—Φjκ,10Ξ‘γ,‚Z¶,{ω‚Ή‚Έ
ή“,©“]Τ“,μΌ,’†‰›,282171,•ΊΙ§,μΌs,‰h’¬,2022[sanitize]12[sanitize]12,10,‚»‚Μ‘Ό,’“Τi—Φjκ,70ΞΘγ,‚»‚Μ‘Ό,{ω‚µ‚½
ή“,©“]Τ“,μΌ,’†‰›,282171,•ΊΙ§,μΌs,‰h’¬,2022[sanitize]12[sanitize]25,10,“ΉHγ,‚»‚Μ‘Ό,40Ξ‘γ,‚»‚Μ‘Ό,{ω‚µ‚½
ή“,©“]Τ“,μΌ,’†‰›,282171,•ΊΙ§,μΌs,›”¨‚Q’–Ϊ,2022[sanitize]08[sanitize]21,04,‚SK‚ΔΘγ‹¤“―Z‘ξ,’“Τi—Φjκ,10Ξ‘γ,‚Z¶,{ω‚µ‚½
ή“,©“]Τ“,μΌ,’†‰›,282171,•ΊΙ§,μΌs,“ϊ‚’¬,2022[sanitize]02[sanitize]26,18,‚»‚Μ‘Ό‚ΜZ‘ξi‚RK‚ΔΘ‰Ί‹¤“―Z‘ξ“™j,’“Τi—Φjκ,10Ξ‘γ,¬w¶,{ω‚Ή‚Έ
ή“,©“]Τ“,μΌ,’†‰›,282171,•ΊΙ§,μΌs,“ϊ‚’¬,2022[sanitize]09[sanitize]26,10,‚SK‚ΔΘγ‹¤“―Z‘ξ,’“Τi—Φjκ,60[sanitize]64Ξ,‚»‚Μ‘Ό,{ω‚µ‚½
ή“,©“]Τ“,μΌ,’†‰›,282171,•ΊΙ§,μΌs,Ό‚ª‹u’¬,2022[sanitize]02[sanitize]01,12,‚SK‚ΔΘγ‹¤“―Z‘ξ,’“Τi—Φjκ,10Ξ‘γ,‚Z¶,{ω‚Ή‚Έ
ή“,©“]Τ“,μΌ,‹v‘γ,282171,•ΊΙ§,μΌs,‹v‘γ‚U’–Ϊ,2021[sanitize]12[sanitize]27,16,’“Τi—Φjκ,’“Τi—Φjκ,20Ξ‘γ,‚»‚Μ‘Ό,{ω‚µ‚½
ή“,©“]Τ“,μΌ,‹v‘γ,282171,•ΊΙ§,μΌs,‹v‘γ‚U’–Ϊ,2022[sanitize]10[sanitize]21,22,‚SK‚ΔΘγ‹¤“―Z‘ξ,’“Τi—Φjκ,10Ξ‘γ,’†w¶,{ω‚Ή‚Έ
ή“,©“]Τ“,μΌ,‰Α–Ξ,282171,•ΊΙ§,μΌs,‰Α–Ξ‚P’–Ϊ,2022[sanitize]06[sanitize]07,06,κΛZ‘ξ,‚»‚Μ‘Ό,20Ξ‘γ,‚»‚Μ‘Ό,{ω‚Ή‚Έ
ή“,©“]Τ“,μΌ,‰Α–Ξ,282171,•ΊΙ§,μΌs,‰Α–Ξ‚Q’–Ϊ,2022[sanitize]10[sanitize]14,20,‚»‚Μ‘Ό‚ΜZ‘ξi‚RK‚ΔΘ‰Ί‹¤“―Z‘ξ“™j,’“Τi—Φjκ,30Ξ‘γ,‚»‚Μ‘Ό,{ω‚Ή‚Έ
ή“,©“]Τ“,μΌ,‰Α–Ξ,282171,•ΊΙ§,μΌs,‰Α–Ξ‚R’–Ϊ,2022[sanitize]05[sanitize]27,20,‚SK‚ΔΘγ‹¤“―Z‘ξ,’“Τi—Φjκ,20Ξ‘γ,‚»‚Μ‘Ό,{ω‚Ή‚Έ
ή“,©“]Τ“,μΌ,‰Α–Ξ,282171,•ΊΙ§,μΌs,‰Α–Ξ‚U’–Ϊ,2022[sanitize]06[sanitize]12,17,‚»‚Μ‘Ό,’“Τi—Φjκ,10Ξ‘γ,‘εw¶,{ω‚Ή‚Έ
ή“,©“]Τ“,μΌ,‰Α–Ξ,282171,•ΊΙ§,μΌs,‰Α–Ξ‚U’–Ϊ,2022[sanitize]11[sanitize]02,17,‚»‚Μ‘Ό,’“Τi—Φjκ,70ΞΘγ,‚»‚Μ‘Ό,{ω‚µ‚½
ή“,©“]Τ“,μΌ,‰Α–Ξ,282171,•ΊΙ§,μΌs,‰hª‚Q’–Ϊ,2021[sanitize]12[sanitize]30,10,‚»‚Μ‘Ό‚ΜZ‘ξi‚RK‚ΔΘ‰Ί‹¤“―Z‘ξ“™j,’“Τi—Φjκ,50Ξ‘γ,‚»‚Μ‘Ό,{ω‚µ‚½
ή“,©“]Τ“,μΌ,‰Α–Ξ,282171,•ΊΙ§,μΌs,‰hª‚Q’–Ϊ,2022[sanitize]01[sanitize]07,23,’“Τi—Φjκ,’“Τi—Φjκ,10Ξ‘γ,‘εw¶,{ω‚Ή‚Έ
ή“,©“]Τ“,μΌ,‰Α–Ξ,282171,•ΊΙ§,μΌs,‰hª‚Q’–Ϊ,2022[sanitize]05[sanitize]05,22,’“Τi—Φjκ,’“Τi—Φjκ,10Ξ‘γ,‚Z¶,{ω‚µ‚½
ή“,©“]Τ“,μΌ,‰Α–Ξ,282171,•ΊΙ§,μΌs,‰hª‚Q’–Ϊ,2022[sanitize]10[sanitize]18,21,“ΉHγ,‚»‚Μ‘Ό,–@lE’c‘ΜA”νQÒ‚Θ‚µ,–@lE’c‘ΜA”νQÒ‚Θ‚µ,{ω‚Ή‚Έ
ή“,©“]Τ“,μΌ,‰Α–Ξ,282171,•ΊΙ§,μΌs,‰hª‚Q’–Ϊ,2022[sanitize]10[sanitize]23,17,’“Τi—Φjκ,’“Τi—Φjκ,10Ξ‘γ,‚Z¶,{ω‚µ‚½
ή“,©“]Τ“,μΌ,‰Α–Ξ,282171,•ΊΙ§,μΌs,‰hª‚Q’–Ϊ,2022[sanitize]10[sanitize]25,14,“ΉHγ,‚»‚Μ‘Ό,60[sanitize]64Ξ,‚»‚Μ‘Ό,{ω‚µ‚½
ή“,©“]Τ“,μΌ,‰Α–Ξ,282171,•ΊΙ§,μΌs,‰Ί‰Α–Ξ‚P’–Ϊ,2022[sanitize]08[sanitize]24,18,‚»‚Μ‘Ό‚ΜZ‘ξi‚RK‚ΔΘ‰Ί‹¤“―Z‘ξ“™j,’“Τi—Φjκ,20Ξ‘γ,‚»‚Μ‘Ό,{ω‚Ή‚Έ
ή“,©“]Τ“,μΌ,‰Α–Ξ,282171,•ΊΙ§,μΌs,‰Ί‰Α–Ξ‚Q’–Ϊ,2022[sanitize]06[sanitize]03,00,‚»‚Μ‘Ό,‚»‚Μ‘Ό,40Ξ‘γ,‚»‚Μ‘Ό,{ω‚Ή‚Έ
ή“,©“]Τ“,μΌ,‰Α–Ξ,282171,•ΊΙ§,μΌs,“‘½“c‚R’–Ϊ,2022[sanitize]02[sanitize]28,17,‚SK‚ΔΘγ‹¤“―Z‘ξ,’“Τi—Φjκ,10Ξ‘γ,’†w¶,{ω‚µ‚½
ή“,©“]Τ“,μΌ,‰Α–Ξ,282171,•ΊΙ§,μΌs,“μ‰Τ‰®•~‚S’–Ϊ,2022[sanitize]01[sanitize]26,12,‚»‚Μ‘Ό,‚»‚Μ‘Ό,10Ξ‘γ,‚Z¶,{ω‚Ή‚Έ
ή“,©“]Τ“,μΌ,‘½“c“,282171,•ΊΙ§,μΌs,V“c‚P’–Ϊ,2022[sanitize]05[sanitize]02,14,‚»‚Μ‘Ό‚ΜZ‘ξi‚RK‚ΔΘ‰Ί‹¤“―Z‘ξ“™j,’“Τi—Φjκ,70ΞΘγ,‚»‚Μ‘Ό,{ω‚Ή‚Έ
ή“,©“]Τ“,μΌ,‘½“c“,282171,•ΊΙ§,μΌs,V“c‚P’–Ϊ,2022[sanitize]05[sanitize]02,17,‚»‚Μ‘Ό‚ΜZ‘ξi‚RK‚ΔΘ‰Ί‹¤“―Z‘ξ“™j,’“Τi—Φjκ,50Ξ‘γ,‚»‚Μ‘Ό,{ω‚µ‚½
ή“,©“]Τ“,μΌ,‘½“c“,282171,•ΊΙ§,μΌs,V“c‚R’–Ϊ,2022[sanitize]01[sanitize]14,19,‚»‚Μ‘Ό‚ΜZ‘ξi‚RK‚ΔΘ‰Ί‹¤“―Z‘ξ“™j,‚»‚Μ‘Ό,30Ξ‘γ,‚»‚Μ‘Ό,{ω‚µ‚½
ή“,©“]Τ“,μΌ,‘½“c“,282171,•ΊΙ§,μΌs,‘½“c‰@‚P’–Ϊ,2022[sanitize]06[sanitize]11,10,κΛZ‘ξ,’“Τi—Φjκ,10Ξ–Ά–,¬w¶,{ω‚Ή‚Έ
ή“,©“]Τ“,μΌ,‘½“c“,282171,•ΊΙ§,μΌs,‘½“c‰@‚Q’–Ϊ,2022[sanitize]07[sanitize]28,21,“ΉHγ,‚»‚Μ‘Ό,10Ξ‘γ,’†w¶,{ω‚µ‚½
ή“,©“]Τ“,μΌ,‘½“c“,282171,•ΊΙ§,μΌs,Ό‘½“c‚P’–Ϊ,2022[sanitize]11[sanitize]18,07,’“Τi—Φjκ,’“Τi—Φjκ,65[sanitize]69Ξ,‚»‚Μ‘Ό,{ω‚Ή‚Έ
ή“,©“]Τ“,μΌ,‘½“c“,282171,•ΊΙ§,μΌs,“‘½“c‚P’–Ϊ,2022[sanitize]11[sanitize]06,20,‚»‚Μ‘Ό‚ΜZ‘ξi‚RK‚ΔΘ‰Ί‹¤“―Z‘ξ“™j,’“Τi—Φjκ,20Ξ‘γ,‚»‚Μ‘Ό,{ω‚Ή‚Έ
ή“,©“]Τ“,μΌ,‘½“c“,282171,•ΊΙ§,μΌs,“‘½“c‚R’–Ϊ,2022[sanitize]08[sanitize]20,17,‚SK‚ΔΘγ‹¤“―Z‘ξ,’“Τi—Φjκ,70ΞΘγ,‚»‚Μ‘Ό,{ω‚µ‚½
ή“,©“]Τ“,μΌ,‘½“c“,282171,•ΊΙ§,μΌs,“‘½“c‚R’–Ϊ,2022[sanitize]11[sanitize]14,07,‚»‚Μ‘Ό‚ΜZ‘ξi‚RK‚ΔΘ‰Ί‹¤“―Z‘ξ“™j,’“Τi—Φjκ,30Ξ‘γ,‚»‚Μ‘Ό,{ω‚µ‚½
ή“,©“]Τ“,μΌ,‘½“c“,282171,•ΊΙ§,μΌs,“‘½“c‚R’–Ϊ,2022[sanitize]11[sanitize]19,00,‚»‚Μ‘Ό‚ΜZ‘ξi‚RK‚ΔΘ‰Ί‹¤“―Z‘ξ“™j,’“Τi—Φjκ,20Ξ‘γ,‚»‚Μ‘Ό,{ω‚Ή‚Έ
ή“,©“]Τ“,μΌ,‘½“c“,282171,•ΊΙ§,μΌs,•½–μ‚R’–Ϊ,2022[sanitize]05[sanitize]03,13,’“Τi—Φjκ,’“Τi—Φjκ,10Ξ‘γ,‚Z¶,{ω‚Ή‚Έ
ή“,©“]Τ“,μΌ,‘½“c“,282171,•ΊΙ§,μΌs,•½–μ‚R’–Ϊ,2022[sanitize]05[sanitize]07,07,’“Τi—Φjκ,’“Τi—Φjκ,10Ξ‘γ,‚Z¶,{ω‚Ή‚Έ
ή“,©“]Τ“,μΌ,‘½“c“,282171,•ΊΙ§,μΌs,•½–μ‚R’–Ϊ,2022[sanitize]08[sanitize]19,17,’“Τi—Φjκ,’“Τi—Φjκ,20Ξ‘γ,‚»‚Μ‘Ό,{ω‚Ή‚Έ
ή“,©“]Τ“,μΌ,‘½“c“,282171,•ΊΙ§,μΌs,–ξ–β‚P’–Ϊ,2022[sanitize]06[sanitize]06,20,‚SK‚ΔΘγ‹¤“―Z‘ξ,’“Τi—Φjκ,50Ξ‘γ,‚»‚Μ‘Ό,{ω‚µ‚½
ή“,©“]Τ“,μΌ,‘½“c“,282171,•ΊΙ§,μΌs,‘½“cχ–Ψ‚P’–Ϊ,2022[sanitize]01[sanitize]14,14,‚»‚Μ‘Ό,’“Τi—Φjκ,70ΞΘγ,‚»‚Μ‘Ό,{ω‚Ή‚Έ
ή“,©“]Τ“,μΌ,‘½“c“,282171,•ΊΙ§,μΌs,‘½“cχ–Ψ‚Q’–Ϊ,2022[sanitize]05[sanitize]27,07,’“Τi—Φjκ,’“Τi—Φjκ,20Ξ‘γ,‚»‚Μ‘Ό,{ω‚Ή‚Έ
ή“,©“]Τ“,μΌ,‘½“c“,282171,•ΊΙ§,μΌs,‘½“cχ–Ψ‚Q’–Ϊ,2022[sanitize]08[sanitize]29,19,‚»‚Μ‘Ό‚ΜZ‘ξi‚RK‚ΔΘ‰Ί‹¤“―Z‘ξ“™j,’“Τi—Φjκ,40Ξ‘γ,‚»‚Μ‘Ό,{ω‚µ‚½
ή“,©“]Τ“,μΌ,‘½“c“,282171,•ΊΙ§,μΌs,‘½“cχ–Ψ‚Q’–Ϊ,2022[sanitize]10[sanitize]06,21,’“Τi—Φjκ,’“Τi—Φjκ,10Ξ‘γ,‚Z¶,{ω‚Ή‚Έ
ή“,©“]Τ“,μΌ,‘½“c“,282171,•ΊΙ§,μΌs,‘½“cχ–Ψ‚Q’–Ϊ,2022[sanitize]10[sanitize]14,19,‚»‚Μ‘Ό,’“Τi—Φjκ,20Ξ‘γ,‚»‚Μ‘Ό,{ω‚µ‚½
ή“,©“]Τ“,μΌ,‘½“c“,282171,•ΊΙ§,μΌs,‘½“cχ–Ψ‚Q’–Ϊ,2022[sanitize]11[sanitize]08,20,‚SK‚ΔΘγ‹¤“―Z‘ξ,’“Τi—Φjκ,10Ξ‘γ,‚Z¶,{ω‚Ή‚Έ
ή“,©“]Τ“,μΌ,‘½“cΌ,282171,•ΊΙ§,μΌs,Ό‘½“c‚P’–Ϊ,2022[sanitize]12[sanitize]20,16,κΛZ‘ξ,‚»‚Μ‘Ό,10Ξ‘γ,¬w¶,{ω‚Ή‚Έ
ή“,©“]Τ“,μΌ,‘½“cΌ,282171,•ΊΙ§,μΌs,‘½“c‰@Ό‚P’–Ϊ,2022[sanitize]05[sanitize]31,12,‚»‚Μ‘Ό,’“Τi—Φjκ,20Ξ‘γ,‚»‚Μ‘Ό,{ω‚Ή‚Έ
ή“,©“]Τ“,μΌ,‘εa,282171,•ΊΙ§,μΌs,‘εaΌ‚P’–Ϊ,2022[sanitize]05[sanitize]03,18,’“Τi—Φjκ,’“Τi—Φjκ,20Ξ‘γ,‘εw¶,{ω‚Ή‚Έ
ή“,©“]Τ“,μΌ,‘εa,282171,•ΊΙ§,μΌs,‘εaΌ‚P’–Ϊ,2022[sanitize]07[sanitize]08,23,‚»‚Μ‘Ό,’“Τi—Φjκ,50Ξ‘γ,‚»‚Μ‘Ό,{ω‚Ή‚Έ
ή“,©“]Τ“,μΌ,¬‰Τ,282171,•ΊΙ§,μΌs,¬Λ‚Q’–Ϊ,2022[sanitize]04[sanitize]14,11,‚SK‚ΔΘγ‹¤“―Z‘ξ,’“Τi—Φjκ,20Ξ‘γ,‚»‚Μ‘Ό,{ω‚µ‚½
ή“,©“]Τ“,μΌ,¬‰Τ,282171,•ΊΙ§,μΌs,¬Λ‚Q’–Ϊ,2022[sanitize]05[sanitize]24,20,κΛZ‘ξ,’“Τi—Φjκ,40Ξ‘γ,‚»‚Μ‘Ό,{ω‚Ή‚Έ
ή“,©“]Τ“,μΌ,¬‰Τ,282171,•ΊΙ§,μΌs,¬‰Τ‚P’–Ϊ,2021[sanitize]08[sanitize]01,20,“ΉHγ,‚»‚Μ‘Ό,20Ξ‘γ,‚»‚Μ‘Ό,{ω‚Ή‚Έ
ή“,©“]Τ“,μΌ,¬‰Τ,282171,•ΊΙ§,μΌs,¬‰Τ‚P’–Ϊ,2022[sanitize]02[sanitize]19,18,‚»‚Μ‘Ό,’“Τi—Φjκ,20Ξ‘γ,‚»‚Μ‘Ό,{ω‚Ή‚Έ
ή“,©“]Τ“,μΌ,¬‰Τ,282171,•ΊΙ§,μΌs,¬‰Τ‚P’–Ϊ,2022[sanitize]09[sanitize]11,14,κΛZ‘ξ,’“Τi—Φjκ,30Ξ‘γ,‚»‚Μ‘Ό,{ω‚Ή‚Έ
ή“,©“]Τ“,μΌ,¬‰Τ,282171,•ΊΙ§,μΌs,¬‰Τ‚P’–Ϊ,2022[sanitize]11[sanitize]22,16,‚»‚Μ‘Ό,’“Τi—Φjκ,10Ξ‘γ,‚Z¶,{ω‚Ή‚Έ
ή“,©“]Τ“,μΌ,¬‰Τ,282171,•ΊΙ§,μΌs,¬‰Τ‚Q’–Ϊ,2022[sanitize]07[sanitize]20,17,κΛZ‘ξ,’“Τi—Φjκ,10Ξ‘γ,’†w¶,{ω‚Ή‚Έ
ή“,©“]Τ“,μΌ,R‰Ί,282171,•ΊΙ§,μΌs,“l–μ‚U’–Ϊ,2022[sanitize]07[sanitize]06,13,‚»‚Μ‘Ό,’“Τi—Φjκ,10Ξ‘γ,‚Z¶,{ω‚Ή‚Έ
ή“,©“]Τ“,μΌ,R‰Ί,282171,•ΊΙ§,μΌs,“l–μ‚U’–Ϊ,2022[sanitize]07[sanitize]08,17,‚»‚Μ‘Ό,’“Τi—Φjκ,10Ξ‘γ,‚Z¶,{ω‚Ή‚Έ
ή“,©“]Τ“,μΌ,R‰Ί,282171,•ΊΙ§,μΌs,“l–μ‚U’–Ϊ,2022[sanitize]08[sanitize]04,16,‚»‚Μ‘Ό,’“Τi—Φjκ,10Ξ‘γ,‚Z¶,{ω‚Ή‚Έ
ή“,©“]Τ“,μΌ,R‰Ί,282171,•ΊΙ§,μΌs,©–μ‚P’–Ϊ,2022[sanitize]05[sanitize]02,17,’“Τi—Φjκ,’“Τi—Φjκ,20Ξ‘γ,‘εw¶,{ω‚µ‚½
ή“,©“]Τ“,μΌ,R‰Ί,282171,•ΊΙ§,μΌs,©–μ‚Q’–Ϊ,2022[sanitize]06[sanitize]20,17,‚»‚Μ‘Ό,’“Τi—Φjκ,10Ξ‘γ,‚Z¶,{ω‚Ή‚Έ
ή“,©“]Τ“,μΌ,R‰Ί,282171,•ΊΙ§,μΌs,©–μ‚Q’–Ϊ,2022[sanitize]07[sanitize]07,16,‚»‚Μ‘Ό,’“Τi—Φjκ,10Ξ‘γ,‚Z¶,{ω‚Ή‚Έ
ή“,©“]Τ“,μΌ,R‰Ί,282171,•ΊΙ§,μΌs,©–μ‚Q’–Ϊ,2022[sanitize]07[sanitize]11,14,‚»‚Μ‘Ό,’“Τi—Φjκ,10Ξ‘γ,‚Z¶,{ω‚Ή‚Έ
ή“,©“]Τ“,μΌ,“ϊ‚Μo,282171,•ΊΙ§,μΌs,‰ΰƒP‹u‚P’–Ϊ,2022[sanitize]03[sanitize]23,22,“ΉHγ,‚»‚Μ‘Ό,20Ξ‘γ,‚»‚Μ‘Ό,{ω‚Ή‚Έ
ή“,©“]Τ“,μΌ,“ϊ‚Μo,282171,•ΊΙ§,μΌs,oέ‰Ζ’¬,2022[sanitize]09[sanitize]04,07,“ΉHγ,‚»‚Μ‘Ό,20Ξ‘γ,‚»‚Μ‘Ό,{ω‚Ή‚Έ
ή“,©“]Τ“,μΌ,“ϊ‚Μo,282171,•ΊΙ§,μΌs,oέ‰Ζ’¬,2022[sanitize]11[sanitize]03,16,‚»‚Μ‘Ό,’“Τi—Φjκ,10Ξ‘γ,‚Z¶,{ω‚Ή‚Έ
ή“,©“]Τ“,μΌ,“ϊ‚Μo,282171,•ΊΙ§,μΌs,”‹΄‚P’–Ϊ,2022[sanitize]02[sanitize]18,18,‚»‚Μ‘Ό‚ΜZ‘ξi‚RK‚ΔΘ‰Ί‹¤“―Z‘ξ“™j,’“Τi—Φjκ,10Ξ–Ά–,¬w¶,{ω‚µ‚½
ή“,©“]Τ“,μΌ,“ϊ‚Μo,282171,•ΊΙ§,μΌs,”‹΄‚P’–Ϊ,2022[sanitize]07[sanitize]08,17,κΛZ‘ξ,’“Τi—Φjκ,10Ξ‘γ,’†w¶,{ω‚Ή‚Έ
ή“,©“]Τ“,μΌ,“ϊ‚Μo,282171,•ΊΙ§,μΌs,”‹΄‚P’–Ϊ,2022[sanitize]11[sanitize]05,08,“ΉHγ,‚»‚Μ‘Ό,10Ξ‘γ,’†w¶,{ω‚Ή‚Έ
ή“,©“]Τ“,μΌ,“ϊ‚Μo,282171,•ΊΙ§,μΌs,‰Ξ‘Ε‚P’–Ϊ,2022[sanitize]08[sanitize]05,20,‚»‚Μ‘Ό,’“Τi—Φjκ,20Ξ‘γ,‘εw¶,{ω‚Ή‚Έ
ή“,©“]Τ“,μΌ,“ϊ‚Μo,282171,•ΊΙ§,μΌs,‰Ξ‘Ε‚P’–Ϊ,2022[sanitize]11[sanitize]04,18,‚»‚Μ‘Ό,‚»‚Μ‘Ό,10Ξ‘γ,‘εw¶,{ω‚Ή‚Έ
ή“,©“]Τ“,μΌ,“ϊ‚Μo,282171,•ΊΙ§,μΌs,‰Ξ‘Ε‚P’–Ϊ,2022[sanitize]11[sanitize]20,15,‚»‚Μ‘Ό,’“Τi—Φjκ,30Ξ‘γ,‚»‚Μ‘Ό,{ω‚Ή‚Έ
ή“,©“]Τ“,μΌ,“ϊ‚Μo,282171,•ΊΙ§,μΌs,“ϊ‚’¬,2022[sanitize]09[sanitize]06,15,’“Τi—Φjκ,’“Τi—Φjκ,20Ξ‘γ,‚»‚Μ‘Ό,{ω‚Ή‚Έ
ή“,©“]Τ“,μΌ,“ϊ‚Μo,282171,•ΊΙ§,μΌs,”ό‰€’¬,2022[sanitize]11[sanitize]05,20,‚»‚Μ‘Ό,’“Τi—Φjκ,40Ξ‘γ,‚»‚Μ‘Ό,{ω‚Ή‚Έ
ή“,©“]Τ“,μΌ,“ϊ¶’†‰›,282171,•ΊΙ§,μΌs,ΫR‘δ‚R’–Ϊ,2022[sanitize]05[sanitize]27,16,“ΉHγ,‚»‚Μ‘Ό,10Ξ‘γ,¬w¶,{ω‚Ή‚Έ
ή“,©“]Τ“,μΌ,΄a‘δ,282171,•ΊΙ§,μΌs,΄a‘δΌ‚Q’–Ϊ,2022[sanitize]01[sanitize]24,14,κΛZ‘ξ,’“Τi—Φjκ,70ΞΘγ,‚»‚Μ‘Ό,{ω‚Ή‚Έ
ή“,©“]Τ“,μΌ,΄a‘δ,282171,•ΊΙ§,μΌs,΄a‘δΌ‚Q’–Ϊ,2022[sanitize]09[sanitize]02,08,“ΉHγ,‚»‚Μ‘Ό,20Ξ‘γ,‚»‚Μ‘Ό,{ω‚Ή‚Έ
ή“,©“]Τ“,μΌ,΄a‘δ,282171,•ΊΙ§,μΌs,΄a‘δ“‚R’–Ϊ,2022[sanitize]01[sanitize]27,16,‚»‚Μ‘Ό,’“Τi—Φjκ,10Ξ‘γ,‚Z¶,{ω‚Ή‚Έ
ή“,©“]Τ“,μΌ,΄a‘δ,282171,•ΊΙ§,μΌs,΄a‘δ“‚R’–Ϊ,2022[sanitize]09[sanitize]17,19,‚»‚Μ‘Ό,’“Τi—Φjκ,60[sanitize]64Ξ,‚»‚Μ‘Ό,{ω‚µ‚½
ή“,©“]Τ“,μΌ,΄a‘δ,282171,•ΊΙ§,μΌs,΄a‘δ“‚R’–Ϊ,2022[sanitize]10[sanitize]25,09,‚»‚Μ‘Ό,’“Τi—Φjκ,70ΞΘγ,‚»‚Μ‘Ό,{ω‚Ή‚Έ
ή“,©“]Τ“,μΌ,΄a‘δ,282171,•ΊΙ§,μΌs,΄a‘δ“‚R’–Ϊ,2022[sanitize]11[sanitize]24,16,‚»‚Μ‘Ό,’“Τi—Φjκ,10Ξ‘γ,‚Z¶,{ω‚Ή‚Έ
ή“,©“]Τ“,μΌ,’––Όμƒp[ƒNƒ^ƒEƒ“,283011,•ΊΙ§,’––Όμ’¬,α—t‚P’–Ϊ,2022[sanitize]07[sanitize]29,10,‚SK‚ΔΘγ‹¤“―Z‘ξ,’“Τi—Φjκ,20Ξ‘γ,‘εw¶,{ω‚Ή‚Έ
ή“,©“]Τ“,μΌ,’––Όμƒp[ƒNƒ^ƒEƒ“,283011,•ΊΙ§,’––Όμ’¬,”’‹ΰ‚Q’–Ϊ,2021[sanitize]12[sanitize]30,13,‚»‚Μ‘Ό,’“Τi—Φjκ,10Ξ‘γ,‚Z¶,{ω‚Ή‚Έ
ή“,©“]Τ“,μΌ,’––Όμƒp[ƒNƒ^ƒEƒ“,283011,•ΊΙ§,’––Όμ’¬,”’‹ΰ‚Q’–Ϊ,2022[sanitize]01[sanitize]08,13,‚»‚Μ‘Ό,’“Τi—Φjκ,10Ξ‘γ,’†w¶,{ω‚µ‚½
ή“,©“]Τ“,μΌ,’––Όμƒp[ƒNƒ^ƒEƒ“,283011,•ΊΙ§,’––Όμ’¬,”’‹ΰ‚Q’–Ϊ,2022[sanitize]02[sanitize]07,17,κΛZ‘ξ,’“Τi—Φjκ,10Ξ‘γ,¬w¶,{ω‚µ‚½
ή“,©“]Τ“,μΌ,’––Όμƒp[ƒNƒ^ƒEƒ“,283011,•ΊΙ§,’––Όμ’¬,”’‹ΰ‚Q’–Ϊ,2022[sanitize]02[sanitize]23,13,‚»‚Μ‘Ό,’“Τi—Φjκ,10Ξ‘γ,‚Z¶,{ω‚Ή‚Έ
ή“,©“]Τ“,μΌ,—Ξ‘δ,282171,•ΊΙ§,μΌs,ό—z‘δ‚P’–Ϊ,2022[sanitize]09[sanitize]07,12,‚SK‚ΔΘγ‹¤“―Z‘ξ,’“Τi—Φjκ,70ΞΘγ,‚»‚Μ‘Ό,{ω‚Ή‚Έ
ή“,©“]Τ“,μΌ,—Ξ‘δ,282171,•ΊΙ§,μΌs,—Ξ‘δ‚R’–Ϊ,2022[sanitize]06[sanitize]07,15,‚»‚Μ‘Ό,’“Τi—Φjκ,30Ξ‘γ,‚»‚Μ‘Ό,{ω‚Ή‚Έ
ή“,©“]Τ“,μΌ,—Ξ‘δ,282171,•ΊΙ§,μΌs,—Ξ‘δ‚V’–Ϊ,2021[sanitize]12[sanitize]31,12,κΛZ‘ξ,’“Τi—Φjκ,40Ξ‘γ,‚»‚Μ‘Ό,{ω‚Ή‚Έ
ή“,©“]Τ“,•σ’Λ,’†R‘δ,282146,•ΊΙ§,•σ’Λs,’†‹Ψ‚Q’–Ϊ,2022[sanitize]09[sanitize]15,18,‚»‚Μ‘Ό,’“Τi—Φjκ,50Ξ‘γ,‚»‚Μ‘Ό,{ω‚Ή‚Έ
ή“,©“]Τ“,•σ’Λ,’†R‘δ,282146,•ΊΙ§,•σ’Λs,’†‹Ψ‚S’–Ϊ,2022[sanitize]07[sanitize]02,17,‚»‚Μ‘Ό,‚»‚Μ‘Ό,20Ξ‘γ,‚»‚Μ‘Ό,{ω‚Ή‚Έ
ή“,©“]Τ“,•σ’Λ,’†R‘δ,282146,•ΊΙ§,•σ’Λs,’†‹Ψ‚S’–Ϊ,2022[sanitize]08[sanitize]14,17,“ΉHγ,‚»‚Μ‘Ό,70ΞΘγ,‚»‚Μ‘Ό,{ω‚Ή‚Έ
ή“,©“]Τ“,•σ’Λ,’†R‘δ,282146,•ΊΙ§,•σ’Λs,’†‹Ψ‚S’–Ϊ,2022[sanitize]12[sanitize]15,21,‚»‚Μ‘Ό,‚»‚Μ‘Ό,10Ξ‘γ,‚»‚Μ‘Ό,{ω‚µ‚½
ή“,©“]Τ“,•σ’Λ,mμ,282146,•ΊΙ§,•σ’Λs,‘ε’¬,2022[sanitize]10[sanitize]03,20,“ΉHγ,‚»‚Μ‘Ό,30Ξ‘γ,‚»‚Μ‘Ό,{ω‚Ή‚Έ
ή“,©“]Τ“,•σ’Λ,mμ,282146,•ΊΙ§,•σ’Λs,­‰–‚P’–Ϊ,2022[sanitize]03[sanitize]14,22,κΛZ‘ξ,’“Τi—Φjκ,70ΞΘγ,‚»‚Μ‘Ό,{ω‚Ή‚Έ
ή“,©“]Τ“,•σ’Λ,mμ,282146,•ΊΙ§,•σ’Λs,­‰–‚P’–Ϊ,2022[sanitize]09[sanitize]08,18,‚»‚Μ‘Ό,’“Τi—Φjκ,10Ξ‘γ,‚Z¶,{ω‚Ή‚Έ
ή“,©“]Τ“,•σ’Λ,mμ,282146,•ΊΙ§,•σ’Λs,­‰–‚Q’–Ϊ,2022[sanitize]03[sanitize]15,06,κΛZ‘ξ,’“Τi—Φjκ,70ΞΘγ,‚»‚Μ‘Ό,{ω‚Ή‚Έ
ή“,©“]Τ“,•σ’Λ,mμ,282146,•ΊΙ§,•σ’Λs,­‰–‚Q’–Ϊ,2022[sanitize]10[sanitize]29,18,‚»‚Μ‘Ό‚ΜZ‘ξi‚RK‚ΔΘ‰Ί‹¤“―Z‘ξ“™j,’“Τi—Φjκ,20Ξ‘γ,‘εw¶,{ω‚µ‚½
ή“,©“]Τ“,•σ’Λ,mμ,282146,•ΊΙ§,•σ’Λs,‘ε¬’¬,2022[sanitize]03[sanitize]12,21,κΛZ‘ξ,’“Τi—Φjκ,10Ξ‘γ,‘εw¶,{ω‚Ή‚Έ
ή“,©“]Τ“,•σ’Λ,mμ,282146,•ΊΙ§,•σ’Λs,‘ε¬’¬,2022[sanitize]09[sanitize]02,17,‚»‚Μ‘Ό‚ΜZ‘ξi‚RK‚ΔΘ‰Ί‹¤“―Z‘ξ“™j,’“Τi—Φjκ,10Ξ‘γ,¬w¶,{ω‚Ή‚Έ
ή“,©“]Τ“,•σ’Λ,mμ,282146,•ΊΙ§,•σ’Λs,’†–μ’¬,2021[sanitize]12[sanitize]25,22,‚»‚Μ‘Ό‚ΜZ‘ξi‚RK‚ΔΘ‰Ί‹¤“―Z‘ξ“™j,’“Τi—Φjκ,50Ξ‘γ,‚»‚Μ‘Ό,{ω‚Ή‚Έ
ή“,©“]Τ“,•σ’Λ,mμ,282146,•ΊΙ§,•σ’Λs,’†–μ’¬,2022[sanitize]10[sanitize]06,18,‚»‚Μ‘Ό‚ΜZ‘ξi‚RK‚ΔΘ‰Ί‹¤“―Z‘ξ“™j,‚»‚Μ‘Ό,30Ξ‘γ,‚»‚Μ‘Ό,{ω‚Ή‚Έ
ή“,©“]Τ“,•σ’Λ,mμ,282146,•ΊΙ§,•σ’Λs,mμ–k‚P’–Ϊ,2022[sanitize]09[sanitize]24,12,‚SK‚ΔΘγ‹¤“―Z‘ξ,’“Τi—Φjκ,10Ξ‘γ,’†w¶,{ω‚Ή‚Έ
ή“,©“]Τ“,•σ’Λ,mμ,282146,•ΊΙ§,•σ’Λs,mμ–k‚Q’–Ϊ,2022[sanitize]06[sanitize]27,13,‚SK‚ΔΘγ‹¤“―Z‘ξ,’“Τi—Φjκ,20Ξ‘γ,‘εw¶,{ω‚Ή‚Έ
ή“,©“]Τ“,•σ’Λ,mμ,282146,•ΊΙ§,•σ’Λs,mμ–k‚Q’–Ϊ,2022[sanitize]07[sanitize]07,06,‚»‚Μ‘Ό,’“Τi—Φjκ,10Ξ‘γ,’†w¶,{ω‚Ή‚Έ
ή“,©“]Τ“,•σ’Λ,mμ,282146,•ΊΙ§,•σ’Λs,mμ–k‚Q’–Ϊ,2022[sanitize]10[sanitize]10,19,‚SK‚ΔΘγ‹¤“―Z‘ξ,’“Τi—Φjκ,20Ξ‘γ,‚»‚Μ‘Ό,{ω‚Ή‚Έ
ή“,©“]Τ“,•σ’Λ,mμ,282146,•ΊΙ§,•σ’Λs,mμ–k‚Q’–Ϊ,2022[sanitize]10[sanitize]23,15,‚»‚Μ‘Ό,’“Τi—Φjκ,50Ξ‘γ,‚»‚Μ‘Ό,{ω‚Ή‚Έ
ή“,©“]Τ“,•σ’Λ,mμ,282146,•ΊΙ§,•σ’Λs,mμ–k‚Q’–Ϊ,2022[sanitize]10[sanitize]25,10,‚SK‚ΔΘγ‹¤“―Z‘ξ,’“Τi—Φjκ,30Ξ‘γ,‚»‚Μ‘Ό,{ω‚Ή‚Έ
ή“,©“]Τ“,•σ’Λ,mμ,282146,•ΊΙ§,•σ’Λs,mμ–k‚Q’–Ϊ,2022[sanitize]11[sanitize]25,16,κΛZ‘ξ,’“Τi—Φjκ,70ΞΘγ,‚»‚Μ‘Ό,{ω‚Ή‚Έ
ή“,©“]Τ“,•σ’Λ,mμ,282146,•ΊΙ§,•σ’Λs,mμ–k‚Q’–Ϊ,2022[sanitize]12[sanitize]06,16,‚»‚Μ‘Ό‚ΜZ‘ξi‚RK‚ΔΘ‰Ί‹¤“―Z‘ξ“™j,’“Τi—Φjκ,70ΞΘγ,‚»‚Μ‘Ό,{ω‚Ή‚Έ
ή“,©“]Τ“,•σ’Λ,mμ,282146,•ΊΙ§,•σ’Λs,mμ–k‚Q’–Ϊ,2022[sanitize]12[sanitize]22,08,‚»‚Μ‘Ό,’“Τi—Φjκ,40Ξ‘γ,‚»‚Μ‘Ό,{ω‚Ή‚Έ
ή“,©“]Τ“,•σ’Λ,mμ,282146,•ΊΙ§,•σ’Λs,mμ–k‚R’–Ϊ,2022[sanitize]12[sanitize]01,16,‚SK‚ΔΘγ‹¤“―Z‘ξ,‚»‚Μ‘Ό,20Ξ‘γ,‘εw¶,{ω‚µ‚½
ή“,©“]Τ“,•σ’Λ,ΐ‘q,282146,•ΊΙ§,•σ’Λs,ΐ‘q’†‚Q’–Ϊ,2022[sanitize]05[sanitize]16,21,“ΉHγ,‚»‚Μ‘Ό,40Ξ‘γ,‚»‚Μ‘Ό,{ω‚µ‚½
ή“,©“]Τ“,•σ’Λ,ΐ‘q,282146,•ΊΙ§,•σ’Λs,ΐ‘q’†‚S’–Ϊ,2022[sanitize]07[sanitize]19,17,‚SK‚ΔΘγ‹¤“―Z‘ξ,’“Τi—Φjκ,20Ξ‘γ,‚»‚Μ‘Ό,{ω‚Ή‚Έ
ή“,©“]Τ“,•σ’Λ,ΐ‘q,282146,•ΊΙ§,•σ’Λs,ΐ‘q’†‚T’–Ϊ,2022[sanitize]01[sanitize]23,05,‚»‚Μ‘Ό‚ΜZ‘ξi‚RK‚ΔΘ‰Ί‹¤“―Z‘ξ“™j,’“Τi—Φjκ,30Ξ‘γ,‚»‚Μ‘Ό,{ω‚Ή‚Έ
ή“,©“]Τ“,•σ’Λ,ΐ‘q,282146,•ΊΙ§,•σ’Λs,ΐ‘q’†‚T’–Ϊ,2022[sanitize]03[sanitize]31,20,‚»‚Μ‘Ό‚ΜZ‘ξi‚RK‚ΔΘ‰Ί‹¤“―Z‘ξ“™j,’“Τi—Φjκ,10Ξ‘γ,’†w¶,{ω‚Ή‚Έ
ή“,©“]Τ“,•σ’Λ,ΐ‘q,282146,•ΊΙ§,•σ’Λs,ΐ‘q’†‚T’–Ϊ,2022[sanitize]12[sanitize]05,00,‚»‚Μ‘Ό,’“Τi—Φjκ,40Ξ‘γ,‚»‚Μ‘Ό,{ω‚µ‚½
ή“,©“]Τ“,•σ’Λ,ΐ‘q,282146,•ΊΙ§,•σ’Λs,ΐ‘qΌ‚Q’–Ϊ,2022[sanitize]07[sanitize]09,15,‚SK‚ΔΘγ‹¤“―Z‘ξ,’“Τi—Φjκ,60[sanitize]64Ξ,‚»‚Μ‘Ό,{ω‚Ή‚Έ
ή“,©“]Τ“,•σ’Λ,ΐ‘q,282146,•ΊΙ§,•σ’Λs,ΐ‘qΌ‚Q’–Ϊ,2022[sanitize]12[sanitize]15,16,‚SK‚ΔΘγ‹¤“―Z‘ξ,’“Τi—Φjκ,10Ξ‘γ,‚Z¶,{ω‚Ή‚Έ
ή“,©“]Τ“,•σ’Λ,ΐ‘q,282146,•ΊΙ§,•σ’Λs,ΐ‘qΌ‚S’–Ϊ,2022[sanitize]01[sanitize]04,20,‚»‚Μ‘Ό,’“Τi—Φjκ,10Ξ‘γ,‚»‚Μ‘Ό,{ω‚Ή‚Έ
ή“,©“]Τ“,•σ’Λ,ΐ‘q,282146,•ΊΙ§,•σ’Λs,ΐ‘qΌ‚S’–Ϊ,2022[sanitize]11[sanitize]06,17,’“Τi—Φjκ,’“Τi—Φjκ,20Ξ‘γ,‚»‚Μ‘Ό,{ω‚Ή‚Έ
ή“,©“]Τ“,•σ’Λ,ΐ‘q,282146,•ΊΙ§,•σ’Λs,ΐ‘q“μ‚Q’–Ϊ,2022[sanitize]03[sanitize]26,18,κΛZ‘ξ,’“Τi—Φjκ,10Ξ‘γ,‘εw¶,{ω‚Ή‚Έ
ή“,©“]Τ“,•σ’Λ,ΐ‘q,282146,•ΊΙ§,•σ’Λs,ΐ‘q“μ‚R’–Ϊ,2022[sanitize]09[sanitize]19,19,‚SK‚ΔΘγ‹¤“―Z‘ξ,’“Τi—Φjκ,20Ξ‘γ,‚»‚Μ‘Ό,{ω‚µ‚½
ή“,©“]Τ“,•σ’Λ,ΐ‘q,282146,•ΊΙ§,•σ’Λs,ΐ‘q“μ‚R’–Ϊ,2022[sanitize]10[sanitize]08,20,‚»‚Μ‘Ό‚ΜZ‘ξi‚RK‚ΔΘ‰Ί‹¤“―Z‘ξ“™j,’“Τi—Φjκ,20Ξ‘γ,‚»‚Μ‘Ό,{ω‚Ή‚Έ
ή“,©“]Τ“,•σ’Λ,ΐ‘q,282146,•ΊΙ§,•σ’Λs,ΐ‘q“μ‚R’–Ϊ,2022[sanitize]12[sanitize]15,12,‚SK‚ΔΘγ‹¤“―Z‘ξ,’“Τi—Φjκ,40Ξ‘γ,‚»‚Μ‘Ό,{ω‚Ή‚Έ
ή“,©“]Τ“,•σ’Λ,ΐ‘q,282146,•ΊΙ§,•σ’Λs,ΐ‘q“μ‚R’–Ϊ,2022[sanitize]12[sanitize]15,19,‚SK‚ΔΘγ‹¤“―Z‘ξ,’“Τi—Φjκ,60[sanitize]64Ξ,‚»‚Μ‘Ό,{ω‚Ή‚Έ
ή“,©“]Τ“,•σ’Λ,ΐ‘q,282146,•ΊΙ§,•σ’Λs,ΐ‘q“μ‚S’–Ϊ,2022[sanitize]06[sanitize]30,16,‚»‚Μ‘Ό‚ΜZ‘ξi‚RK‚ΔΘ‰Ί‹¤“―Z‘ξ“™j,’“Τi—Φjκ,50Ξ‘γ,‚»‚Μ‘Ό,{ω‚Ή‚Έ
ή“,©“]Τ“,•σ’Λ,ΐ‘q,282146,•ΊΙ§,•σ’Λs,ΐ‘q“μ‚S’–Ϊ,2022[sanitize]07[sanitize]04,17,‚SK‚ΔΘγ‹¤“―Z‘ξ,’“Τi—Φjκ,40Ξ‘γ,‚»‚Μ‘Ό,{ω‚Ή‚Έ
ή“,©“]Τ“,•σ’Λ,ΐ‘q,282146,•ΊΙ§,•σ’Λs,ΐ‘q“μ‚S’–Ϊ,2022[sanitize]10[sanitize]22,21,“ΉHγ,‚»‚Μ‘Ό,20Ξ‘γ,‚»‚Μ‘Ό,{ω‚Ή‚Έ
ή“,©“]Τ“,•σ’Λ,ΐ‘q,282146,•ΊΙ§,•σ’Λs,¬•l‚Q’–Ϊ,2022[sanitize]06[sanitize]25,13,‚»‚Μ‘Ό‚ΜZ‘ξi‚RK‚ΔΘ‰Ί‹¤“―Z‘ξ“™j,’“Τi—Φjκ,20Ξ‘γ,‘εw¶,{ω‚Ή‚Έ
ή“,©“]Τ“,•σ’Λ,•σ’Λ“μϋ,282146,•ΊΙ§,•σ’Λs,•σ”~‚Q’–Ϊ,2022[sanitize]03[sanitize]03,18,‚SK‚ΔΘγ‹¤“―Z‘ξ,’“Τi—Φjκ,10Ξ‘γ,¬w¶,{ω‚Ή‚Έ
ή“,©“]Τ“,•σ’Λ,•σ’Λ“μϋ,282146,•ΊΙ§,•σ’Λs,“’–{’¬,2022[sanitize]04[sanitize]24,09,‚SK‚ΔΘγ‹¤“―Z‘ξ,’“Τi—Φjκ,10Ξ‘γ,‚Z¶,{ω‚Ή‚Έ
ή“,©“]Τ“,•σ’Λ,•σ’Λ‰w‘O,282146,•ΊΙ§,•σ’Λs,μ–Κ‚Q’–Ϊ,2022[sanitize]09[sanitize]22,21,‚»‚Μ‘Ό‚ΜZ‘ξi‚RK‚ΔΘ‰Ί‹¤“―Z‘ξ“™j,’“Τi—Φjκ,10Ξ‘γ,‚Z¶,{ω‚Ή‚Έ
ή“,©“]Τ“,•σ’Λ,•σ’Λ‰w‘O,282146,•ΊΙ§,•σ’Λs,μ–Κ‚T’–Ϊ,2022[sanitize]11[sanitize]12,17,‚SK‚ΔΘγ‹¤“―Z‘ξ,‚»‚Μ‘Ό,10Ξ‘γ,‘εw¶,{ω‚Ή‚Έ
ή“,©“]Τ“,•σ’Λ,•σ’Λ‰w‘O,282146,•ΊΙ§,•σ’Λs,‰h’¬‚Q’–Ϊ,2022[sanitize]12[sanitize]21,20,‚»‚Μ‘Ό,‚»‚Μ‘Ό,30Ξ‘γ,‚»‚Μ‘Ό,{ω‚Ή‚Έ
ή“,©“]Τ“,•σ’Λ,•σ’Λ‰w‘O,282146,•ΊΙ§,•σ’Λs,‹{‚Μ’¬,2022[sanitize]09[sanitize]05,00,‚SK‚ΔΘγ‹¤“―Z‘ξ,’“Τi—Φjκ,10Ξ‘γ,‘εw¶,{ω‚Ή‚Έ
ή“,©“]Τ“,•σ’Λ,•σ’Λ‰w‘O,282146,•ΊΙ§,•σ’Λs,‹{‚Μ’¬,2022[sanitize]09[sanitize]23,08,κΛZ‘ξ,‚»‚Μ‘Ό,10Ξ‘γ,‚Z¶,{ω‚Ή‚Έ
ή“,©“]Τ“,•σ’Λ,¬—Ρ,282146,•ΊΙ§,•σ’Λs,¬—Ρ‚P’–Ϊ,2022[sanitize]08[sanitize]10,17,‚»‚Μ‘Ό‚ΜZ‘ξi‚RK‚ΔΘ‰Ί‹¤“―Z‘ξ“™j,’“Τi—Φjκ,20Ξ‘γ,‚»‚Μ‘Ό,{ω‚µ‚½
ή“,©“]Τ“,•σ’Λ,¬—Ρ,282146,•ΊΙ§,•σ’Λs,¬—Ρ‚P’–Ϊ,2022[sanitize]10[sanitize]27,20,‚»‚Μ‘Ό‚ΜZ‘ξi‚RK‚ΔΘ‰Ί‹¤“―Z‘ξ“™j,’“Τi—Φjκ,10Ξ‘γ,’†w¶,{ω‚Ή‚Έ
ή“,©“]Τ“,•σ’Λ,¬—Ρ,282146,•ΊΙ§,•σ’Λs,¬—Ρ‚Q’–Ϊ,2022[sanitize]04[sanitize]24,18,‚»‚Μ‘Ό‚ΜZ‘ξi‚RK‚ΔΘ‰Ί‹¤“―Z‘ξ“™j,’“Τi—Φjκ,20Ξ‘γ,‚»‚Μ‘Ό,{ω‚Ή‚Έ
ή“,©“]Τ“,•σ’Λ,¬—Ρ,282146,•ΊΙ§,•σ’Λs,¬—Ρ‚Q’–Ϊ,2022[sanitize]05[sanitize]17,08,‚»‚Μ‘Ό,’“Τi—Φjκ,20Ξ‘γ,‚»‚Μ‘Ό,{ω‚Ή‚Έ
ή“,©“]Τ“,•σ’Λ,¬—Ρ,282146,•ΊΙ§,•σ’Λs,¬—Ρ‚Q’–Ϊ,2022[sanitize]12[sanitize]07,08,‚»‚Μ‘Ό,’“Τi—Φjκ,20Ξ‘γ,‘εw¶,{ω‚µ‚½
ή“,©“]Τ“,•σ’Λ,¬—Ρ,282146,•ΊΙ§,•σ’Λs,¬—Ρ‚T’–Ϊ,2022[sanitize]05[sanitize]20,17,‚SK‚ΔΘγ‹¤“―Z‘ξ,’“Τi—Φjκ,30Ξ‘γ,‚»‚Μ‘Ό,{ω‚Ή‚Έ
ή“,©“]Τ“,•σ’Λ,¬—Ρ,282146,•ΊΙ§,•σ’Λs,¬—Ρ‚T’–Ϊ,2022[sanitize]07[sanitize]11,10,‚»‚Μ‘Ό,’“Τi—Φjκ,50Ξ‘γ,‚»‚Μ‘Ό,{ω‚Ή‚Έ
ή“,©“]Τ“,•σ’Λ,¬—Ρ,282146,•ΊΙ§,•σ’Λs,¬—Ρ‚T’–Ϊ,2022[sanitize]12[sanitize]10,08,‚»‚Μ‘Ό,’“Τi—Φjκ,50Ξ‘γ,‚»‚Μ‘Ό,{ω‚µ‚½
ή“,©“]Τ“,•σ’Λ,¬—Ρ,282146,•ΊΙ§,•σ’Λs,ην‚Q’–Ϊ,2022[sanitize]10[sanitize]11,07,‚»‚Μ‘Ό,’“Τi—Φjκ,10Ξ‘γ,‚Z¶,{ω‚Ή‚Έ
ή“,©“]Τ“,•σ’Λ,¬•l,282146,•ΊΙ§,•σ’Λs,®’¬‚R’–Ϊ,2021[sanitize]12[sanitize]07,19,‚SK‚ΔΘγ‹¤“―Z‘ξ,’“Τi—Φjκ,50Ξ‘γ,‚»‚Μ‘Ό,{ω‚Ή‚Έ
ή“,©“]Τ“,•σ’Λ,¬•l,282146,•ΊΙ§,•σ’Λs,®’¬‚R’–Ϊ,2022[sanitize]01[sanitize]10,17,‚SK‚ΔΘγ‹¤“―Z‘ξ,’“Τi—Φjκ,40Ξ‘γ,‚»‚Μ‘Ό,{ω‚µ‚½
ή“,©“]Τ“,•σ’Λ,¬•l,282146,•ΊΙ§,•σ’Λs,ς’¬,2022[sanitize]06[sanitize]20,18,‚SK‚ΔΘγ‹¤“―Z‘ξ,’“Τi—Φjκ,30Ξ‘γ,‚»‚Μ‘Ό,{ω‚Ή‚Έ
ή“,©“]Τ“,•σ’Λ,¬•l,282146,•ΊΙ§,•σ’Λs,΅—Ά’¬,2022[sanitize]01[sanitize]26,07,‚SK‚ΔΘγ‹¤“―Z‘ξ,‚»‚Μ‘Ό,60[sanitize]64Ξ,‚»‚Μ‘Ό,{ω‚µ‚½
ή“,©“]Τ“,•σ’Λ,¬•l,282146,•ΊΙ§,•σ’Λs,΅—Ά’¬,2022[sanitize]11[sanitize]13,17,‚»‚Μ‘Ό,’“Τi—Φjκ,10Ξ‘γ,‚Z¶,{ω‚Ή‚Έ
ή“,©“]Τ“,•σ’Λ,¬•l,282146,•ΊΙ§,•σ’Λs,ό’¬,2022[sanitize]12[sanitize]16,19,κΛZ‘ξ,’“Τi—Φjκ,10Ξ‘γ,’†w¶,{ω‚Ή‚Έ
ή“,©“]Τ“,•σ’Λ,¬•l,282146,•ΊΙ§,•σ’Λs,¬•l‚R’–Ϊ,2022[sanitize]04[sanitize]20,16,“ΉHγ,‚»‚Μ‘Ό,70ΞΘγ,‚»‚Μ‘Ό,{ω‚µ‚½
ή“,©“]Τ“,•σ’Λ,¬•l,282146,•ΊΙ§,•σ’Λs,¬•l‚R’–Ϊ,2022[sanitize]10[sanitize]04,18,‚»‚Μ‘Ό‚ΜZ‘ξi‚RK‚ΔΘ‰Ί‹¤“―Z‘ξ“™j,‚»‚Μ‘Ό,40Ξ‘γ,‚»‚Μ‘Ό,{ω‚µ‚½
ή“,©“]Τ“,•σ’Λ,¬•l,282146,•ΊΙ§,•σ’Λs,¬•l‚R’–Ϊ,2022[sanitize]11[sanitize]10,18,‚»‚Μ‘Ό‚ΜZ‘ξi‚RK‚ΔΘ‰Ί‹¤“―Z‘ξ“™j,‚»‚Μ‘Ό,40Ξ‘γ,‚»‚Μ‘Ό,{ω‚µ‚½
ή“,©“]Τ“,•σ’Λ,¬•l,282146,•ΊΙ§,•σ’Λs,¬•l‚S’–Ϊ,2022[sanitize]03[sanitize]25,09,‚»‚Μ‘Ό,’“Τi—Φjκ,70ΞΘγ,‚»‚Μ‘Ό,{ω‚µ‚½
ή“,©“]Τ“,•σ’Λ,¬•l,282146,•ΊΙ§,•σ’Λs,’†‹Ψ‚T’–Ϊ,2022[sanitize]02[sanitize]05,12,‚»‚Μ‘Ό,’“Τi—Φjκ,10Ξ‘γ,‚Z¶,{ω‚Ή‚Έ
ή“,©“]Τ“,•σ’Λ,¬•l,282146,•ΊΙ§,•σ’Λs,’†‹Ψ‚T’–Ϊ,2022[sanitize]06[sanitize]18,14,‚»‚Μ‘Ό‚ΜZ‘ξi‚RK‚ΔΘ‰Ί‹¤“―Z‘ξ“™j,’“Τi—Φjκ,20Ξ‘γ,‚»‚Μ‘Ό,{ω‚µ‚½
ή“,©“]Τ“,•σ’Λ,¬•l,282146,•ΊΙ§,•σ’Λs,’†‹Ψ‚T’–Ϊ,2022[sanitize]06[sanitize]20,14,‚»‚Μ‘Ό,’“Τi—Φjκ,20Ξ‘γ,‘εw¶,{ω‚Ή‚Έ
ή“,©“]Τ“,•σ’Λ,¬•l,282146,•ΊΙ§,•σ’Λs,’†‹Ψ‚T’–Ϊ,2022[sanitize]06[sanitize]21,08,‚»‚Μ‘Ό,’“Τi—Φjκ,10Ξ‘γ,‘εw¶,{ω‚µ‚½
ή“,©“]Τ“,•σ’Λ,¬•l,282146,•ΊΙ§,•σ’Λs,’†‹Ψ‚T’–Ϊ,2022[sanitize]07[sanitize]21,07,’“Τi—Φjκ,’“Τi—Φjκ,30Ξ‘γ,‚»‚Μ‘Ό,{ω‚Ή‚Έ
ή“,©“]Τ“,•σ’Λ,¬•l,282146,•ΊΙ§,•σ’Λs,’†‹Ψ‚T’–Ϊ,2022[sanitize]08[sanitize]11,17,‚»‚Μ‘Ό,’“Τi—Φjκ,10Ξ‘γ,‘εw¶,{ω‚Ή‚Έ
ή“,©“]Τ“,•σ’Λ,¬•l,282146,•ΊΙ§,•σ’Λs,’†‹Ψ‚T’–Ϊ,2022[sanitize]10[sanitize]10,02,‚SK‚ΔΘγ‹¤“―Z‘ξ,’“Τi—Φjκ,40Ξ‘γ,‚»‚Μ‘Ό,{ω‚Ή‚Έ
ή“,©“]Τ“,•σ’Λ,¬•l,282146,•ΊΙ§,•σ’Λs,’†‹Ψ‚T’–Ϊ,2022[sanitize]10[sanitize]15,08,‚»‚Μ‘Ό,’“Τi—Φjκ,10Ξ‘γ,‚Z¶,{ω‚Ή‚Έ
ή“,©“]Τ“,•σ’Λ,¬•l,282146,•ΊΙ§,•σ’Λs,’†‹Ψ‚T’–Ϊ,2022[sanitize]11[sanitize]11,18,‚»‚Μ‘Ό,‚»‚Μ‘Ό,20Ξ‘γ,‘εw¶,{ω‚Ή‚Έ
ή“,©“]Τ“,•σ’Λ,¬•l,282146,•ΊΙ§,•σ’Λs,’†‹Ψ‚T’–Ϊ,2022[sanitize]12[sanitize]12,16,‚»‚Μ‘Ό,’“Τi—Φjκ,10Ξ‘γ,’†w¶,{ω‚Ή‚Έ
ή“,©“]Τ“,•σ’Λ,¬•l,282146,•ΊΙ§,•σ’Λs,’†‹Ψ‚U’–Ϊ,2022[sanitize]04[sanitize]09,19,‚»‚Μ‘Ό,’“Τi—Φjκ,10Ξ‘γ,‚»‚Μ‘Ό,{ω‚µ‚½
ή“,©“]Τ“,•σ’Λ,¬•l,282146,•ΊΙ§,•σ’Λs,’†‹Ψ‚V’–Ϊ,2022[sanitize]10[sanitize]30,20,‚»‚Μ‘Ό‚ΜZ‘ξi‚RK‚ΔΘ‰Ί‹¤“―Z‘ξ“™j,’“Τi—Φjκ,30Ξ‘γ,‚»‚Μ‘Ό,{ω‚µ‚½
ή“,©“]Τ“,•σ’Λ,¬•l,282146,•ΊΙ§,•σ’Λs,’†‹Ψ‚X’–Ϊ,2022[sanitize]12[sanitize]04,05,‚SK‚ΔΘγ‹¤“―Z‘ξ,’“Τi—Φjκ,50Ξ‘γ,‚»‚Μ‘Ό,{ω‚Ή‚Έ
ή“,©“]Τ“,•σ’Λ,¬•l,282146,•ΊΙ§,•σ’Λs,’†R›‚P’–Ϊ,2022[sanitize]10[sanitize]25,20,‚»‚Μ‘Ό,‚»‚Μ‘Ό,10Ξ‘γ,‚Z¶,{ω‚Ή‚Έ
ή“,©“]Τ“,•σ’Λ,¬•l,282146,•ΊΙ§,•σ’Λs,”„•z‚S’–Ϊ,2020[sanitize]12[sanitize]01,12,‚»‚Μ‘Ό‚ΜZ‘ξi‚RK‚ΔΘ‰Ί‹¤“―Z‘ξ“™j,’“Τi—Φjκ,50Ξ‘γ,‚»‚Μ‘Ό,{ω‚Ή‚Έ
ή“,©“]Τ“,•σ’Λ,¬•l,282146,•ΊΙ§,•σ’Λs,”„•z“‚Μ’¬,2022[sanitize]01[sanitize]22,17,‚»‚Μ‘Ό,‚»‚Μ‘Ό,10Ξ‘γ,’†w¶,{ω‚Ή‚Έ
ή“,©“]Τ“,•σ’Λ,¬•l,282146,•ΊΙ§,•σ’Λs,”„•z“‚Μ’¬,2022[sanitize]02[sanitize]27,13,“ΉHγ,‚»‚Μ‘Ό,10Ξ‘γ,‚Z¶,{ω‚Ή‚Έ
ή“,©“]Τ“,•σ’Λ,¬•l,282146,•ΊΙ§,•σ’Λs,”„•z“‚Μ’¬,2022[sanitize]04[sanitize]07,18,‚»‚Μ‘Ό,’“Τi—Φjκ,20Ξ‘γ,‘εw¶,{ω‚Ή‚Έ
ή“,©“]Τ“,•σ’Λ,¬•l,282146,•ΊΙ§,•σ’Λs,”„•z“‚Μ’¬,2022[sanitize]05[sanitize]09,08,‚»‚Μ‘Ό,’“Τi—Φjκ,10Ξ‘γ,‚»‚Μ‘Ό,{ω‚Ή‚Έ
ή“,©“]Τ“,•σ’Λ,¬•l,282146,•ΊΙ§,•σ’Λs,”„•z“‚Μ’¬,2022[sanitize]11[sanitize]09,07,‚»‚Μ‘Ό,’“Τi—Φjκ,40Ξ‘γ,‚»‚Μ‘Ό,{ω‚Ή‚Έ
ή“,©“]Τ“,•σ’Λ,R–{,282146,•ΊΙ§,•σ’Λs,ϋ’J“‚R’–Ϊ,2022[sanitize]01[sanitize]20,15,‚SK‚ΔΘγ‹¤“―Z‘ξ,’“Τi—Φjκ,10Ξ‘γ,‚»‚Μ‘Ό,{ω‚Ή‚Έ
ή“,©“]Τ“,•σ’Λ,R–{,282146,•ΊΙ§,•σ’Λs,ϋ’J“‚R’–Ϊ,2022[sanitize]01[sanitize]21,10,κΛZ‘ξ,’“Τi—Φjκ,20Ξ‘γ,‚»‚Μ‘Ό,{ω‚Ή‚Έ
ή“,©“]Τ“,•σ’Λ,R–{,282146,•ΊΙ§,•σ’Λs,ϋ’J“‚R’–Ϊ,2022[sanitize]05[sanitize]09,18,‚SK‚ΔΘγ‹¤“―Z‘ξ,’“Τi—Φjκ,70ΞΘγ,‚»‚Μ‘Ό,{ω‚Ή‚Έ
ή“,©“]Τ“,•σ’Λ,R–{,282146,•ΊΙ§,•σ’Λs,ϋ’J“‚R’–Ϊ,2022[sanitize]09[sanitize]26,19,‚SK‚ΔΘγ‹¤“―Z‘ξ,’“Τi—Φjκ,10Ξ‘γ,’†w¶,{ω‚Ή‚Έ
ή“,©“]Τ“,•σ’Λ,R–{,282146,•ΊΙ§,•σ’Λs,ϋ’J“‚R’–Ϊ,2022[sanitize]10[sanitize]09,17,‚SK‚ΔΘγ‹¤“―Z‘ξ,’“Τi—Φjκ,40Ξ‘γ,‚»‚Μ‘Ό,{ω‚Ή‚Έ
ή“,©“]Τ“,•σ’Λ,R–{,282146,•ΊΙ§,•σ’Λs,•½δ‚P’–Ϊ,2022[sanitize]10[sanitize]26,01,‚»‚Μ‘Ό,’“Τi—Φjκ,70ΞΘγ,‚»‚Μ‘Ό,{ω‚Ή‚Έ
ή“,©“]Τ“,•σ’Λ,R–{,282146,•ΊΙ§,•σ’Λs,•½δ‚T’–Ϊ,2022[sanitize]08[sanitize]27,10,κΛZ‘ξ,’“Τi—Φjκ,60[sanitize]64Ξ,‚»‚Μ‘Ό,{ω‚Ή‚Έ
ή“,©“]Τ“,•σ’Λ,R–{,282146,•ΊΙ§,•σ’Λs,•½δ‚T’–Ϊ,2022[sanitize]08[sanitize]27,18,κΛZ‘ξ,’“Τi—Φjκ,50Ξ‘γ,‚»‚Μ‘Ό,{ω‚Ή‚Έ
ή“,©“]Τ“,•σ’Λ,R–{,282146,•ΊΙ§,•σ’Λs,•½δ‚T’–Ϊ,2022[sanitize]08[sanitize]28,17,κΛZ‘ξ,’“Τi—Φjκ,40Ξ‘γ,‚»‚Μ‘Ό,{ω‚Ή‚Έ
ή“,©“]Τ“,•σ’Λ,R–{,282146,•ΊΙ§,•σ’Λs,R–{’†‚Q’–Ϊ,2022[sanitize]05[sanitize]08,03,‚»‚Μ‘Ό‚ΜZ‘ξi‚RK‚ΔΘ‰Ί‹¤“―Z‘ξ“™j,‚»‚Μ‘Ό,30Ξ‘γ,‚»‚Μ‘Ό,{ω‚Ή‚Έ
ή“,©“]Τ“,•σ’Λ,R–{,282146,•ΊΙ§,•σ’Λs,R–{’†‚Q’–Ϊ,2022[sanitize]06[sanitize]13,08,‚SK‚ΔΘγ‹¤“―Z‘ξ,’“Τi—Φjκ,10Ξ‘γ,’†w¶,{ω‚Ή‚Έ
ή“,©“]Τ“,•σ’Λ,R–{,282146,•ΊΙ§,•σ’Λs,R–{’†‚R’–Ϊ,2022[sanitize]04[sanitize]22,16,‚»‚Μ‘Ό‚ΜZ‘ξi‚RK‚ΔΘ‰Ί‹¤“―Z‘ξ“™j,’“Τi—Φjκ,10Ξ–Ά–,¬w¶,{ω‚µ‚½
ή“,©“]Τ“,•σ’Λ,R–{,282146,•ΊΙ§,•σ’Λs,R–{’†‚R’–Ϊ,2022[sanitize]10[sanitize]15,19,‚»‚Μ‘Ό‚ΜZ‘ξi‚RK‚ΔΘ‰Ί‹¤“―Z‘ξ“™j,’“Τi—Φjκ,20Ξ‘γ,‚»‚Μ‘Ό,{ω‚µ‚½
ή“,©“]Τ“,•σ’Λ,R–{,282146,•ΊΙ§,•σ’Λs,R–{–μ—Ά‚P’–Ϊ,2022[sanitize]06[sanitize]27,21,‚SK‚ΔΘγ‹¤“―Z‘ξ,’“Τi—Φjκ,10Ξ‘γ,’†w¶,{ω‚Ή‚Έ
ή“,©“]Τ“,•σ’Λ,R–{,282146,•ΊΙ§,•σ’Λs,R–{“‚P’–Ϊ,2022[sanitize]05[sanitize]10,19,‚»‚Μ‘Ό‚ΜZ‘ξi‚RK‚ΔΘ‰Ί‹¤“―Z‘ξ“™j,’“Τi—Φjκ,30Ξ‘γ,‚»‚Μ‘Ό,{ω‚Ή‚Έ
ή“,©“]Τ“,•σ’Λ,R–{,282146,•ΊΙ§,•σ’Λs,R–{“‚Q’–Ϊ,2022[sanitize]07[sanitize]28,13,‚»‚Μ‘Ό,‚»‚Μ‘Ό,10Ξ‘γ,‘εw¶,{ω‚µ‚½
ή“,©“]Τ“,•σ’Λ,R–{,282146,•ΊΙ§,•σ’Λs,R–{“‚Q’–Ϊ,2022[sanitize]12[sanitize]24,16,‚»‚Μ‘Ό,’“Τi—Φjκ,10Ξ‘γ,‘εw¶,{ω‚µ‚½
ή“,©“]Τ“,•σ’Λ,R–{,282146,•ΊΙ§,•σ’Λs,R–{“‚R’–Ϊ,2022[sanitize]11[sanitize]25,14,‚»‚Μ‘Ό,‚»‚Μ‘Ό,70ΞΘγ,‚»‚Μ‘Ό,{ω‚Ή‚Έ
ή“,©“]Τ“,•σ’Λ,R–{,282146,•ΊΙ§,•σ’Λs,R–{Ϋ‹΄‚P’–Ϊ,2022[sanitize]07[sanitize]02,19,‚SK‚ΔΘγ‹¤“―Z‘ξ,’“Τi—Φjκ,30Ξ‘γ,‚»‚Μ‘Ό,{ω‚Ή‚Έ
ή“,©“]Τ“,•σ’Λ,R–{,282146,•ΊΙ§,•σ’Λs,R–{Ϋ‹΄‚Q’–Ϊ,2022[sanitize]12[sanitize]04,10,‚SK‚ΔΘγ‹¤“―Z‘ξ,’“Τi—Φjκ,10Ξ‘γ,¬w¶,{ω‚Ή‚Έ
ή“,©“]Τ“,•σ’Λ,•Ιμ,282146,•ΊΙ§,•σ’Λs,‹Tδ’¬,2022[sanitize]06[sanitize]18,08,κΛZ‘ξ,‚»‚Μ‘Ό,10Ξ‘γ,’†w¶,{ω‚Ή‚Έ
ή“,©“]Τ“,•σ’Λ,•Ιμ,282146,•ΊΙ§,•σ’Λs,υ–Ύ’¬,2022[sanitize]09[sanitize]07,18,‚»‚Μ‘Ό‚ΜZ‘ξi‚RK‚ΔΘ‰Ί‹¤“―Z‘ξ“™j,’“Τi—Φjκ,30Ξ‘γ,‚»‚Μ‘Ό,{ω‚Ή‚Έ
ή“,©“]Τ“,•σ’Λ,•Ιμ,282146,•ΊΙ§,•σ’Λs,υ–Ύ’¬,2022[sanitize]10[sanitize]05,00,‚»‚Μ‘Ό‚ΜZ‘ξi‚RK‚ΔΘ‰Ί‹¤“―Z‘ξ“™j,’“Τi—Φjκ,20Ξ‘γ,‚»‚Μ‘Ό,{ω‚Ή‚Έ
ή“,©“]Τ“,•σ’Λ,•Ιμ,282146,•ΊΙ§,•σ’Λs,”όK’¬,2022[sanitize]07[sanitize]31,12,‚»‚Μ‘Ό,’“Τi—Φjκ,30Ξ‘γ,‚»‚Μ‘Ό,{ω‚Ή‚Έ
ή“,©“]Τ“,•σ’Λ,΄r_,282146,•ΊΙ§,•σ’Λs,®’¬‚P’–Ϊ,2022[sanitize]09[sanitize]25,20,‚»‚Μ‘Ό‚ΜZ‘ξi‚RK‚ΔΘ‰Ί‹¤“―Z‘ξ“™j,’“Τi—Φjκ,30Ξ‘γ,‚»‚Μ‘Ό,{ω‚Ή‚Έ
ή“,©“]Τ“,•σ’Λ,΄r_,282146,•ΊΙ§,•σ’Λs,΄r_‚P’–Ϊ,2021[sanitize]08[sanitize]10,18,‚SK‚ΔΘγ‹¤“―Z‘ξ,’“Τi—Φjκ,40Ξ‘γ,‚»‚Μ‘Ό,{ω‚µ‚½
ή“,©“]Τ“,•σ’Λ,΄r_,282146,•ΊΙ§,•σ’Λs,΄r_‚P’–Ϊ,2022[sanitize]10[sanitize]24,18,‚SK‚ΔΘγ‹¤“―Z‘ξ,’“Τi—Φjκ,10Ξ‘γ,¬w¶,{ω‚µ‚½
ή“,©“]Τ“,•σ’Λ,΄r_,282146,•ΊΙ§,•σ’Λs,”„•z‚P’–Ϊ,2022[sanitize]10[sanitize]28,22,“ΉHγ,‚»‚Μ‘Ό,20Ξ‘γ,‚»‚Μ‘Ό,{ω‚Ή‚Έ
ή“,©“]Τ“,•σ’Λ,΄r_,282146,•ΊΙ§,•σ’Λs,”„•z‚Q’–Ϊ,2022[sanitize]11[sanitize]02,10,“ΉHγ,‚»‚Μ‘Ό,50Ξ‘γ,‚»‚Μ‘Ό,{ω‚µ‚½
ή“,©“]Τ“,•σ’Λ,ΌR,282146,•ΊΙ§,•σ’Λs,‹t£‘δ‚R’–Ϊ,2022[sanitize]09[sanitize]08,18,‚»‚Μ‘Ό‚ΜZ‘ξi‚RK‚ΔΘ‰Ί‹¤“―Z‘ξ“™j,’“Τi—Φjκ,10Ξ‘γ,‚Z¶,{ω‚Ή‚Έ
ή“,©“]Τ“,•σ’Λ,ΌR,282146,•ΊΙ§,•σ’Λs,‹t£‘δ‚R’–Ϊ,2022[sanitize]12[sanitize]22,20,‚SK‚ΔΘγ‹¤“―Z‘ξ,’“Τi—Φjκ,10Ξ‘γ,‚Z¶,{ω‚µ‚½
ή“,©“]Τ“,•σ’Λ,‹t£μ,282014,•ΊΙ§,•PHs,L”¨‹ζ––L’¬‚Q’–Ϊ,2022[sanitize]12[sanitize]21,21,κΛZ‘ξ,’“Τi—Φjκ,10Ξ‘γ,’†w¶,{ω‚µ‚½
ή“,©“]Τ“,•σ’Λ,‹t£μ,282146,•ΊΙ§,•σ’Λs,Ι›ru‚P’–Ϊ,2022[sanitize]09[sanitize]27,09,‚»‚Μ‘Ό,’“Τi—Φjκ,70ΞΘγ,‚»‚Μ‘Ό,{ω‚Ή‚Έ
ή“,©“]Τ“,•σ’Λ,‹t£μ,282146,•ΊΙ§,•σ’Λs,Ι›ru‚Q’–Ϊ,2022[sanitize]09[sanitize]26,19,‚»‚Μ‘Ό‚ΜZ‘ξi‚RK‚ΔΘ‰Ί‹¤“―Z‘ξ“™j,’“Τi—Φjκ,20Ξ‘γ,‚»‚Μ‘Ό,{ω‚Ή‚Έ
ή“,©“]Τ“,•σ’Λ,‹t£μ,282146,•ΊΙ§,•σ’Λs,Ι›ru‚R’–Ϊ,2022[sanitize]07[sanitize]18,18,‚SK‚ΔΘγ‹¤“―Z‘ξ,’“Τi—Φjκ,10Ξ‘γ,‘εw¶,{ω‚Ή‚Έ
ή“,©“]Τ“,•σ’Λ,‹t£μ,282146,•ΊΙ§,•σ’Λs,Ι›ru‚R’–Ϊ,2022[sanitize]09[sanitize]11,22,‚SK‚ΔΘγ‹¤“―Z‘ξ,’“Τi—Φjκ,10Ξ‘γ,’†w¶,{ω‚Ή‚Έ
ή“,©“]Τ“,•σ’Λ,‹t£μ,282146,•ΊΙ§,•σ’Λs,Ι›ru‚S’–Ϊ,2022[sanitize]08[sanitize]19,22,‚SK‚ΔΘγ‹¤“―Z‘ξ,’“Τi—Φjκ,10Ξ‘γ,’†w¶,{ω‚Ή‚Έ
ή“,©“]Τ“,•σ’Λ,‹t£μ,282146,•ΊΙ§,•σ’Λs,¬•l‚Q’–Ϊ,2022[sanitize]09[sanitize]29,23,‚SK‚ΔΘγ‹¤“―Z‘ξ,‚»‚Μ‘Ό,20Ξ‘γ,‚»‚Μ‘Ό,{ω‚Ή‚Έ
ή“,©“]Τ“,•σ’Λ,‹t£μ,282146,•ΊΙ§,•σ’Λs,‹t£μ‚P’–Ϊ,2022[sanitize]01[sanitize]31,13,“ΉHγ,‚»‚Μ‘Ό,20Ξ‘γ,‚»‚Μ‘Ό,{ω‚Ή‚Έ
ή“,©“]Τ“,•σ’Λ,‹t£μ,282146,•ΊΙ§,•σ’Λs,‹t£μ‚P’–Ϊ,2022[sanitize]03[sanitize]11,17,’“Τi—Φjκ,’“Τi—Φjκ,10Ξ‘γ,¬w¶,{ω‚Ή‚Έ
ή“,©“]Τ“,•σ’Λ,‹t£μ,282146,•ΊΙ§,•σ’Λs,‹t£μ‚P’–Ϊ,2022[sanitize]09[sanitize]20,10,‚»‚Μ‘Ό,‚»‚Μ‘Ό,30Ξ‘γ,‚»‚Μ‘Ό,{ω‚µ‚½
ή“,©“]Τ“,•σ’Λ,‹t£μ,282146,•ΊΙ§,•σ’Λs,‹t£μ‚P’–Ϊ,2022[sanitize]11[sanitize]08,14,‚»‚Μ‘Ό,’“Τi—Φjκ,10Ξ‘γ,‚»‚Μ‘Ό,{ω‚µ‚½
ή“,©“]Τ“,•σ’Λ,‹t£μ,282146,•ΊΙ§,•σ’Λs,‹t£μ‚P’–Ϊ,2022[sanitize]12[sanitize]11,08,‚»‚Μ‘Ό,’“Τi—Φjκ,10Ξ‘γ,’†w¶,{ω‚Ή‚Έ
ή“,©“]Τ“,•σ’Λ,‹t£μ,282146,•ΊΙ§,•σ’Λs,‹t£μ‚Q’–Ϊ,2022[sanitize]07[sanitize]01,17,‚»‚Μ‘Ό,’“Τi—Φjκ,10Ξ‘γ,‚»‚Μ‘Ό,{ω‚µ‚½
ή“,©“]Τ“,•σ’Λ,‹t£μ,282146,•ΊΙ§,•σ’Λs,‹t£μ‚Q’–Ϊ,2022[sanitize]08[sanitize]14,13,‚»‚Μ‘Ό,‚»‚Μ‘Ό,10Ξ‘γ,¬w¶,{ω‚µ‚½
ή“,©“]Τ“,•σ’Λ,‹t£μ,282146,•ΊΙ§,•σ’Λs,––L’¬,2022[sanitize]07[sanitize]18,20,‚»‚Μ‘Ό,’“Τi—Φjκ,10Ξ‘γ,’†w¶,{ω‚Ή‚Έ
ή“,©“]Τ“,•σ’Λ,‹t£μ,282146,•ΊΙ§,•σ’Λs,“—m’¬,2022[sanitize]07[sanitize]20,09,‚»‚Μ‘Ό,’“Τi—Φjκ,40Ξ‘γ,‚»‚Μ‘Ό,{ω‚µ‚½
ή“,©“]Τ“,•σ’Λ,‹t£μ,282146,•ΊΙ§,•σ’Λs,’†B‚P’–Ϊ,2022[sanitize]03[sanitize]02,05,‚»‚Μ‘Ό,’“Τi—Φjκ,60[sanitize]64Ξ,‚»‚Μ‘Ό,{ω‚µ‚½
ή“,©“]Τ“,•σ’Λ,‹t£μ,282146,•ΊΙ§,•σ’Λs,–μγ‚P’–Ϊ,2022[sanitize]01[sanitize]27,08,‚»‚Μ‘Ό,’“Τi—Φjκ,30Ξ‘γ,‚»‚Μ‘Ό,{ω‚Ή‚Έ
ή“,©“]Τ“,•σ’Λ,‹t£μ,282146,•ΊΙ§,•σ’Λs,–μγ‚P’–Ϊ,2022[sanitize]02[sanitize]02,11,‚»‚Μ‘Ό,’“Τi—Φjκ,50Ξ‘γ,‚»‚Μ‘Ό,{ω‚Ή‚Έ
ή“,©“]Τ“,•σ’Λ,‹t£μ,282146,•ΊΙ§,•σ’Λs,–μγ‚P’–Ϊ,2022[sanitize]02[sanitize]28,09,‚»‚Μ‘Ό,’“Τi—Φjκ,10Ξ‘γ,‚Z¶,{ω‚Ή‚Έ
ή“,©“]Τ“,ΒR,™,282219,•ΊΙ§,’O”gΒRs,™,2022[sanitize]08[sanitize]04,21,‚»‚Μ‘Ό‚ΜZ‘ξi‚RK‚ΔΘ‰Ί‹¤“―Z‘ξ“™j,’“Τi—Φjκ,20Ξ‘γ,‚»‚Μ‘Ό,{ω‚Ή‚Έ
ή“,©“]Τ“,ΒR,™,282219,•ΊΙ§,’O”gΒRs,“,2022[sanitize]06[sanitize]08,18,‚»‚Μ‘Ό‚ΜZ‘ξi‚RK‚ΔΘ‰Ί‹¤“―Z‘ξ“™j,’“Τi—Φjκ,20Ξ‘γ,‚»‚Μ‘Ό,{ω‚Ή‚Έ
ή“,©“]Τ“,ΒR,ΒR,282219,•ΊΙ§,’O”gΒRs,S‰Ζ,2022[sanitize]07[sanitize]25,08,‚»‚Μ‘Ό,’“Τi—Φjκ,10Ξ‘γ,‚Z¶,{ω‚Ή‚Έ
ή“,©“]Τ“,ΒR,ΒR,282219,•ΊΙ§,’O”gΒRs,“‰ª‰®,2022[sanitize]07[sanitize]13,10,‚»‚Μ‘Ό,’“Τi—Φjκ,10Ξ‘γ,‚Z¶,{ω‚Ή‚Έ
ή“,©“]Τ“,ΒR,ΒR,282219,•ΊΙ§,’O”gΒRs,βχƒP’Ψ,2022[sanitize]05[sanitize]03,14,‚»‚Μ‘Ό‚ΜZ‘ξi‚RK‚ΔΘ‰Ί‹¤“―Z‘ξ“™j,‚»‚Μ‘Ό,30Ξ‘γ,‚»‚Μ‘Ό,{ω‚Ή‚Έ
ή“,©“]Τ“,ΒR,ΒR,282219,•ΊΙ§,’O”gΒRs,βχƒP’Ψ,2022[sanitize]05[sanitize]03,14,‚»‚Μ‘Ό‚ΜZ‘ξi‚RK‚ΔΘ‰Ί‹¤“―Z‘ξ“™j,‚»‚Μ‘Ό,30Ξ‘γ,‚»‚Μ‘Ό,{ω‚Ή‚Έ
ή“,©“]Τ“,ΒR,ΒRϋ‰w‘O,282219,•ΊΙ§,’O”gΒRs,‘ε‘ς,2022[sanitize]07[sanitize]23,21,’“Τi—Φjκ,’“Τi—Φjκ,10Ξ‘γ,‚Z¶,{ω‚Ή‚Έ
ή“,©“]Τ“,’O”g,‘½—,282235,•ΊΙ§,’O”gs,t“ϊ’¬–μγ–μ,2022[sanitize]05[sanitize]02,15,‚»‚Μ‘Ό‚ΜZ‘ξi‚RK‚ΔΘ‰Ί‹¤“―Z‘ξ“™j,’“Τi—Φjκ,50Ξ‘γ,‚»‚Μ‘Ό,{ω‚Ή‚Έ
ή“,©“]Τ“,’O”g,s“‡,282235,•ΊΙ§,’O”gs,s“‡’¬s“‡,2022[sanitize]05[sanitize]20,07,‚»‚Μ‘Ό,’“Τi—Φjκ,10Ξ‘γ,‚Z¶,{ω‚Ή‚Έ
ή“,©“]Τ“,’O”g,s“‡,282235,•ΊΙ§,’O”gs,s“‡’¬s“‡,2022[sanitize]06[sanitize]10,17,‚»‚Μ‘Ό,’“Τi—Φjκ,10Ξ‘γ,‚Z¶,{ω‚Ή‚Έ
ή“,©“]Τ“,’O”g,s“‡,282235,•ΊΙ§,’O”gs,s“‡’¬s“‡,2022[sanitize]06[sanitize]13,15,‚»‚Μ‘Ό,’“Τi—Φjκ,10Ξ‘γ,‚Z¶,{ω‚Ή‚Έ
ή“,©“]Τ“,’O”g,s“‡,282235,•ΊΙ§,’O”gs,s“‡’¬s“‡,2022[sanitize]08[sanitize]02,07,‚»‚Μ‘Ό,’“Τi—Φjκ,10Ξ‘γ,‚Z¶,{ω‚Ή‚Έ
ή“,©“]Τ“,’O”g,s“‡,282235,•ΊΙ§,’O”gs,s“‡’¬s“‡,2022[sanitize]08[sanitize]05,16,‚»‚Μ‘Ό,’“Τi—Φjκ,10Ξ‘γ,‚Z¶,{ω‚Ή‚Έ
ή“,©“]Τ“,’O”g,s“‡,282235,•ΊΙ§,’O”gs,s“‡’¬s“‡,2022[sanitize]08[sanitize]31,08,‚»‚Μ‘Ό,’“Τi—Φjκ,10Ξ‘γ,‚Z¶,{ω‚Ή‚Έ
ή“,©“]Τ“,’O”g,¬Ό,282235,•ΊΙ§,’O”gs,•Xγ’¬νy,2022[sanitize]03[sanitize]04,14,κΛZ‘ξ,’“Τi—Φjκ,40Ξ‘γ,‚»‚Μ‘Ό,{ω‚Ή‚Έ
ή“,©“]Τ“,’O”g,”΄‰w‘O,282235,•ΊΙ§,’O”gs,”΄’¬”΄,2022[sanitize]09[sanitize]24,06,‚»‚Μ‘Ό,’“Τi—Φjκ,10Ξ‘γ,‚Z¶,{ω‚Ή‚Έ
ή“,©“]Τ“,’O”g,”΄‰w‘O,282235,•ΊΙ§,’O”gs,”΄’¬”΄,2022[sanitize]11[sanitize]29,07,‚»‚Μ‘Ό,’“Τi—Φjκ,10Ξ‘γ,‚Z¶,{ω‚Ή‚Έ
ή“,©“]Τ“,’O”g,Ξ¶,282235,•ΊΙ§,’O”gs,•Xγ’¬Ξ¶,2022[sanitize]02[sanitize]03,07,‚»‚Μ‘Ό,’“Τi—Φjκ,10Ξ‘γ,‚Z¶,{ω‚Ή‚Έ
ή“,©“]Τ“,’O”g,Ξ¶,282235,•ΊΙ§,’O”gs,•Xγ’¬Ξ¶,2022[sanitize]03[sanitize]04,12,‚»‚Μ‘Ό,‚»‚Μ‘Ό,50Ξ‘γ,‚»‚Μ‘Ό,{ω‚Ή‚Έ
ή“,©“]Τ“,’O”g,Ξ¶,282235,•ΊΙ§,’O”gs,•Xγ’¬Ξ¶,2022[sanitize]04[sanitize]01,08,‚»‚Μ‘Ό,’“Τi—Φjκ,10Ξ‘γ,‚Z¶,{ω‚Ή‚Έ
ή“,©“]Τ“,’O”g,Ξ¶,282235,•ΊΙ§,’O”gs,•Xγ’¬Ξ¶,2022[sanitize]04[sanitize]28,07,‚»‚Μ‘Ό,’“Τi—Φjκ,10Ξ‘γ,‚Z¶,{ω‚Ή‚Έ
ή“,©“]Τ“,’O”g,Ξ¶,282235,•ΊΙ§,’O”gs,•Xγ’¬Ξ¶,2022[sanitize]06[sanitize]22,07,‚»‚Μ‘Ό,’“Τi—Φjκ,10Ξ‘γ,‚Z¶,{ω‚Ή‚Έ
ή“,©“]Τ“,’O”g,Ξ¶,282235,•ΊΙ§,’O”gs,•Xγ’¬Ξ¶,2022[sanitize]10[sanitize]05,08,‚»‚Μ‘Ό,’“Τi—Φjκ,20Ξ‘γ,‘εw¶,{ω‚Ή‚Έ
ή“,©“]Τ“,’O”g,Ξ¶,282235,•ΊΙ§,’O”gs,•Xγ’¬Ξ¶,2022[sanitize]10[sanitize]08,18,‚»‚Μ‘Ό,’“Τi—Φjκ,10Ξ‘γ,‚Z¶,{ω‚Ή‚Έ
ή“,©“]Τ“,’O”g,’Jμ,282235,•ΊΙ§,’O”gs,R“μ’¬’r’J,2022[sanitize]11[sanitize]07,07,‚»‚Μ‘Ό,’“Τi—Φjκ,50Ξ‘γ,‚»‚Μ‘Ό,{ω‚µ‚½
ή“,©“]Τ“,’O”g,•δ,282235,•ΊΙ§,’O”gs,t“ϊ’¬•δ,2022[sanitize]08[sanitize]18,08,‚»‚Μ‘Ό,’“Τi—Φjκ,10Ξ‘γ,‚Z¶,{ω‚Ή‚Έ
ή“,©“]Τ“,–ΎΞ,”ª–Ψ,282031,•ΊΙ§,–ΎΞs,‘ε‹v•Ϋ’¬’J”ª–Ψ,2022[sanitize]04[sanitize]10,19,‚SK‚ΔΘγ‹¤“―Z‘ξ,’“Τi—Φjκ,40Ξ‘γ,‚»‚Μ‘Ό,{ω‚Ή‚Έ
ή“,©“]Τ“,–ΎΞ,”ª–Ψ,282031,•ΊΙ§,–ΎΞs,‘ε‹v•Ϋ’¬”ª–Ψ,2022[sanitize]01[sanitize]01,08,‚»‚Μ‘Ό,’“Τi—Φjκ,30Ξ‘γ,‚»‚Μ‘Ό,{ω‚Ή‚Έ
ή“,©“]Τ“,–ΎΞ,”ª–Ψ,282031,•ΊΙ§,–ΎΞs,‘ε‹v•Ϋ’¬”ª–Ψ,2022[sanitize]07[sanitize]26,07,‚»‚Μ‘Ό,’“Τi—Φjκ,50Ξ‘γ,‚»‚Μ‘Ό,{ω‚Ή‚Έ
ή“,©“]Τ“,–ΎΞ,”ª–Ψ,282031,•ΊΙ§,–ΎΞs,‘ε‹v•Ϋ’¬”ª–Ψ,2022[sanitize]10[sanitize]01,07,’“Τi—Φjκ,’“Τi—Φjκ,10Ξ‘γ,‚Z¶,{ω‚Ή‚Έ
ή“,©“]Τ“,–ΎΞ,”ª–Ψ,282031,•ΊΙ§,–ΎΞs,‘ε‹v•Ϋ’¬”ª–Ψ,2022[sanitize]10[sanitize]09,08,‚»‚Μ‘Ό,’“Τi—Φjκ,10Ξ‘γ,’†w¶,{ω‚Ή‚Έ
ή“,©“]Τ“,–ΎΞ,‘ε‹v•Ϋ,282031,•ΊΙ§,–ΎΞs,‘ε‹v•Ϋ’¬‘εE,2022[sanitize]01[sanitize]17,05,‚»‚Μ‘Ό,’“Τi—Φjκ,10Ξ‘γ,‘εw¶,{ω‚Ή‚Έ
ή“,©“]Τ“,–ΎΞ,‘ε‹v•Ϋ,282031,•ΊΙ§,–ΎΞs,‘ε‹v•Ϋ’¬‘εE,2022[sanitize]04[sanitize]11,08,κΛZ‘ξ,’“Τi—Φjκ,30Ξ‘γ,‚»‚Μ‘Ό,{ω‚Ή‚Έ
ή“,©“]Τ“,–ΎΞ,‘ε‹v•Ϋ,282031,•ΊΙ§,–ΎΞs,‘ε‹v•Ϋ’¬‘εE,2022[sanitize]05[sanitize]05,17,‚»‚Μ‘Ό,’“Τi—Φjκ,20Ξ‘γ,‘εw¶,{ω‚Ή‚Έ
ή“,©“]Τ“,–ΎΞ,‘ε‹v•Ϋ,282031,•ΊΙ§,–ΎΞs,‘ε‹v•Ϋ’¬‘ε‹v•Ϋ’¬,2022[sanitize]01[sanitize]07,19,‚»‚Μ‘Ό‚ΜZ‘ξi‚RK‚ΔΘ‰Ί‹¤“―Z‘ξ“™j,’“Τi—Φjκ,10Ξ‘γ,’†w¶,{ω‚µ‚½
ή“,©“]Τ“,–ΎΞ,‘ε‹v•Ϋ,282031,•ΊΙ§,–ΎΞs,‘ε‹v•Ϋ’¬‘ε‹v•Ϋ’¬,2022[sanitize]07[sanitize]29,07,’“Τi—Φjκ,’“Τi—Φjκ,10Ξ‘γ,‚Z¶,{ω‚Ή‚Έ
ή“,©“]Τ“,–ΎΞ,‘ε‹v•Ϋ,282031,•ΊΙ§,–ΎΞs,‘ε‹v•Ϋ’¬‘ε‹v•Ϋ’¬,2022[sanitize]09[sanitize]17,11,κΛZ‘ξ,’“Τi—Φjκ,10Ξ‘γ,‚Z¶,{ω‚Ή‚Έ
ή“,©“]Τ“,–ΎΞ,‘ε‹v•Ϋ,282031,•ΊΙ§,–ΎΞs,‘ε‹v•Ϋ’¬‘ε‹v•Ϋ’¬,2022[sanitize]09[sanitize]20,09,‚»‚Μ‘Ό,’“Τi—Φjκ,20Ξ‘γ,‚»‚Μ‘Ό,{ω‚Ή‚Έ
ή“,©“]Τ“,–ΎΞ,‘ε‹v•Ϋ,282031,•ΊΙ§,–ΎΞs,‘ε‹v•Ϋ’¬‘ε‹v•Ϋ’¬,2022[sanitize]10[sanitize]08,11,κΛZ‘ξ,’“Τi—Φjκ,10Ξ‘γ,¬w¶,{ω‚Ή‚Έ
ή“,©“]Τ“,–ΎΞ,‘ε‹v•Ϋ,282031,•ΊΙ§,–ΎΞs,‘ε‹v•Ϋ’¬‘ε‹v•Ϋ’¬,2022[sanitize]10[sanitize]14,01,‚SK‚ΔΘγ‹¤“―Z‘ξ,’“Τi—Φjκ,70ΞΘγ,‚»‚Μ‘Ό,{ω‚Ή‚Έ
ή“,©“]Τ“,–ΎΞ,‘ε‹v•Ϋ,282031,•ΊΙ§,–ΎΞs,‘ε‹v•Ϋ’¬Όe,2022[sanitize]10[sanitize]12,16,κΛZ‘ξ,’“Τi—Φjκ,60[sanitize]64Ξ,‚»‚Μ‘Ό,{ω‚Ή‚Έ
ή“,©“]Τ“,–ΎΞ,‘ε‹v•Ϋ,282031,•ΊΙ§,–ΎΞs,‘ε‹v•Ϋ’¬Ό‰A,2022[sanitize]04[sanitize]06,20,κΛZ‘ξ,’“Τi—Φjκ,10Ξ‘γ,’†w¶,{ω‚Ή‚Έ
ή“,©“]Τ“,–ΎΞ,‘ε‹v•Ϋ,282031,•ΊΙ§,–ΎΞs,‘ε‹v•Ϋ’¬X“c,2022[sanitize]10[sanitize]18,16,‚»‚Μ‘Ό‚ΜZ‘ξi‚RK‚ΔΘ‰Ί‹¤“―Z‘ξ“™j,’“Τi—Φjκ,40Ξ‘γ,‚»‚Μ‘Ό,{ω‚µ‚½
ή“,©“]Τ“,–ΎΞ,‘ε‹v•Ϋ,282031,•ΊΙ§,–ΎΞs,‘ε‹v•Ϋ’¬‰w‘O‚P’–Ϊ,2022[sanitize]03[sanitize]13,11,“ΉHγ,‚»‚Μ‘Ό,50Ξ‘γ,‚»‚Μ‘Ό,{ω‚Ή‚Έ
ή“,©“]Τ“,–ΎΞ,‘ε‹v•Ϋ,282031,•ΊΙ§,–ΎΞs,‘ε‹v•Ϋ’¬‰w‘O‚P’–Ϊ,2022[sanitize]03[sanitize]15,15,‚»‚Μ‘Ό,’“Τi—Φjκ,10Ξ‘γ,’†w¶,{ω‚µ‚½
ή“,©“]Τ“,–ΎΞ,‘ε‹v•Ϋ,282031,•ΊΙ§,–ΎΞs,‘ε‹v•Ϋ’¬‰w‘O‚P’–Ϊ,2022[sanitize]04[sanitize]23,09,’“Τi—Φjκ,’“Τi—Φjκ,10Ξ‘γ,‘εw¶,{ω‚Ή‚Έ
ή“,©“]Τ“,–ΎΞ,‘ε‹v•Ϋ,282031,•ΊΙ§,–ΎΞs,‘ε‹v•Ϋ’¬‰w‘O‚P’–Ϊ,2022[sanitize]07[sanitize]31,06,’“Τi—Φjκ,’“Τi—Φjκ,10Ξ‘γ,‘εw¶,{ω‚µ‚½
ή“,©“]Τ“,–ΎΞ,‘ε‹v•Ϋ,282031,•ΊΙ§,–ΎΞs,‘ε‹v•Ϋ’¬‰w‘O‚P’–Ϊ,2022[sanitize]10[sanitize]18,07,‚»‚Μ‘Ό,’“Τi—Φjκ,10Ξ‘γ,‚Z¶,{ω‚µ‚½
ή“,©“]Τ“,–ΎΞ,‘ε‹v•Ϋ,282031,•ΊΙ§,–ΎΞs,‘ε‹v•Ϋ’¬‰w‘O‚Q’–Ϊ,2022[sanitize]01[sanitize]08,14,‚SK‚ΔΘγ‹¤“―Z‘ξ,’“Τi—Φjκ,50Ξ‘γ,‚»‚Μ‘Ό,{ω‚µ‚½
ή“,©“]Τ“,–ΎΞ,‘ε‹v•Ϋ,282031,•ΊΙ§,–ΎΞs,‘ε‹v•Ϋ’¬‰w‘O‚Q’–Ϊ,2022[sanitize]02[sanitize]27,16,‚SK‚ΔΘγ‹¤“―Z‘ξ,’“Τi—Φjκ,40Ξ‘γ,‚»‚Μ‘Ό,{ω‚µ‚½
ή“,©“]Τ“,–ΎΞ,‘ε‹v•Ϋ“μ,282031,•ΊΙ§,–ΎΞs,‹›Z’¬‹ΰƒPθ,2022[sanitize]09[sanitize]17,02,‚»‚Μ‘Ό,’“Τi—Φjκ,–@lE’c‘ΜA”νQÒ‚Θ‚µ,–@lE’c‘ΜA”νQÒ‚Θ‚µ,{ω‚Ή‚Έ
ή“,©“]Τ“,–ΎΞ,‘ε‹v•Ϋ“μ,282031,•ΊΙ§,–ΎΞs,‘ε‹v•Ϋ’¬]δ“‡,2022[sanitize]09[sanitize]22,17,‚»‚Μ‘Ό,’“Τi—Φjκ,10Ξ‘γ,‚Z¶,{ω‚Ή‚Έ
ή“,©“]Τ“,–ΎΞ,‘ε‹v•Ϋ“μ,282031,•ΊΙ§,–ΎΞs,‘ε‹v•Ϋ’¬‘ε‹v•Ϋ’¬,2022[sanitize]06[sanitize]18,18,κΛZ‘ξ,’“Τi—Φjκ,10Ξ‘γ,‚Z¶,{ω‚Ή‚Έ
ή“,©“]Τ“,–ΎΞ,‘ε‹v•Ϋ“μ,282031,•ΊΙ§,–ΎΞs,‘ε‹v•Ϋ’¬‘ε‹v•Ϋ’¬,2022[sanitize]12[sanitize]08,07,κΛZ‘ξ,’“Τi—Φjκ,50Ξ‘γ,‚»‚Μ‘Ό,{ω‚Ή‚Έ
ή“,©“]Τ“,–ΎΞ,‘ε‹v•Ϋ“μ,282031,•ΊΙ§,–ΎΞs,‘ε‹v•Ϋ’¬Ό“‡,2022[sanitize]09[sanitize]01,19,‚»‚Μ‘Ό‚ΜZ‘ξi‚RK‚ΔΘ‰Ί‹¤“―Z‘ξ“™j,‚»‚Μ‘Ό,70ΞΘγ,‚»‚Μ‘Ό,{ω‚µ‚½
ή“,©“]Τ“,–ΎΞ,‘ε‹v•Ϋ“μ,282031,•ΊΙ§,–ΎΞs,‘ε‹v•Ϋ’¬Ό“‡,•s–Ύ,•s–Ύ,‚SK‚ΔΘγ‹¤“―Z‘ξ,’“Τi—Φjκ,10Ξ‘γ,‚Z¶,{ω‚µ‚½
ή“,©“]Τ“,–ΎΞ,‘ε‹v•Ϋ“μ,282031,•ΊΙ§,–ΎΞs,‘ε‹v•Ϋ’¬•“c‚P’–Ϊ,2022[sanitize]07[sanitize]27,21,κΛZ‘ξ,‚»‚Μ‘Ό,40Ξ‘γ,‚»‚Μ‘Ό,{ω‚Ή‚Έ
ή“,©“]Τ“,–ΎΞ,‘ε‹v•Ϋ“μ,282031,•ΊΙ§,–ΎΞs,‘ε‹v•Ϋ’¬”ª–Ψ,2022[sanitize]01[sanitize]23,08,‚»‚Μ‘Ό,’“Τi—Φjκ,30Ξ‘γ,‚»‚Μ‘Ό,{ω‚Ή‚Έ
ή“,©“]Τ“,–ΎΞ,‘ε‹v•Ϋ“μ,282031,•ΊΙ§,–ΎΞs,“΅],2022[sanitize]11[sanitize]14,11,‚SK‚ΔΘγ‹¤“―Z‘ξ,’“Τi—Φjκ,20Ξ‘γ,‚»‚Μ‘Ό,{ω‚µ‚½
ή“,©“]Τ“,–ΎΞ,‘ε‹v•Ϋ“μ,282031,•ΊΙ§,–ΎΞs,‘ε‹v•Ϋ’¬‚δ‚θ‚Μ‚«’Κ‚P’–Ϊ,2022[sanitize]06[sanitize]04,13,‚»‚Μ‘Ό,’“Τi—Φjκ,10Ξ‘γ,‚Z¶,{ω‚Ή‚Έ
ή“,©“]Τ“,–ΎΞ,‘ε‹v•Ϋ“μ,282031,•ΊΙ§,–ΎΞs,‘ε‹v•Ϋ’¬‚δ‚θ‚Μ‚«’Κ‚P’–Ϊ,2022[sanitize]07[sanitize]08,17,‚»‚Μ‘Ό,’“Τi—Φjκ,10Ξ‘γ,‚»‚Μ‘Ό,{ω‚µ‚½
ή“,©“]Τ“,–ΎΞ,‘ε‹v•Ϋ“μ,282031,•ΊΙ§,–ΎΞs,‘ε‹v•Ϋ’¬‚δ‚θ‚Μ‚«’Κ‚P’–Ϊ,2022[sanitize]07[sanitize]27,18,‚»‚Μ‘Ό,’“Τi—Φjκ,20Ξ‘γ,‚»‚Μ‘Ό,{ω‚µ‚½
ή“,©“]Τ“,–ΎΞ,‘ε‹v•Ϋ“μ,282031,•ΊΙ§,–ΎΞs,‘ε‹v•Ϋ’¬‚δ‚θ‚Μ‚«’Κ‚P’–Ϊ,2022[sanitize]08[sanitize]03,08,‚»‚Μ‘Ό,’“Τi—Φjκ,10Ξ‘γ,’†w¶,{ω‚Ή‚Έ
ή“,©“]Τ“,–ΎΞ,‘ε‹v•Ϋ“μ,282031,•ΊΙ§,–ΎΞs,‘ε‹v•Ϋ’¬‚δ‚θ‚Μ‚«’Κ‚P’–Ϊ,2022[sanitize]10[sanitize]02,13,‚»‚Μ‘Ό,‚»‚Μ‘Ό,10Ξ‘γ,’†w¶,{ω‚Ή‚Έ
ή“,©“]Τ“,–ΎΞ,‘ε‹v•Ϋ“μ,282031,•ΊΙ§,–ΎΞs,‘ε‹v•Ϋ’¬‚δ‚θ‚Μ‚«’Κ‚P’–Ϊ,2022[sanitize]10[sanitize]02,13,‚»‚Μ‘Ό,’“Τi—Φjκ,10Ξ‘γ,’†w¶,{ω‚Ή‚Έ
ή“,©“]Τ“,–ΎΞ,‘ε‹v•Ϋ“μ,282031,•ΊΙ§,–ΎΞs,‘ε‹v•Ϋ’¬‚δ‚θ‚Μ‚«’Κ‚P’–Ϊ,2022[sanitize]10[sanitize]14,08,‚»‚Μ‘Ό,’“Τi—Φjκ,10Ξ‘γ,‘εw¶,{ω‚µ‚½
ή“,©“]Τ“,–ΎΞ,‘ε‹v•Ϋ“μ,282031,•ΊΙ§,–ΎΞs,‘ε‹v•Ϋ’¬‚δ‚θ‚Μ‚«’Κ‚P’–Ϊ,2022[sanitize]12[sanitize]07,19,’“Τi—Φjκ,’“Τi—Φjκ,10Ξ‘γ,’†w¶,{ω‚Ή‚Έ
ή“,©“]Τ“,–ΎΞ,‘ε‹v•Ϋ“μ,282031,•ΊΙ§,–ΎΞs,‘ε‹v•Ϋ’¬‚δ‚θ‚Μ‚«’Κ‚Q’–Ϊ,2022[sanitize]01[sanitize]20,08,‚»‚Μ‘Ό,’“Τi—Φjκ,20Ξ‘γ,‚»‚Μ‘Ό,{ω‚Ή‚Έ
ή“,©“]Τ“,–ΎΞ,‘ε‹v•Ϋ“μ,282031,•ΊΙ§,–ΎΞs,‘ε‹v•Ϋ’¬‚δ‚θ‚Μ‚«’Κ‚Q’–Ϊ,2022[sanitize]02[sanitize]14,13,’“Τi—Φjκ,’“Τi—Φjκ,10Ξ‘γ,‚Z¶,{ω‚Ή‚Έ
ή“,©“]Τ“,–ΎΞ,‘ε‹v•Ϋ“μ,282031,•ΊΙ§,–ΎΞs,‘ε‹v•Ϋ’¬‚δ‚θ‚Μ‚«’Κ‚Q’–Ϊ,2022[sanitize]03[sanitize]02,11,‚»‚Μ‘Ό‚ΜZ‘ξi‚RK‚ΔΘ‰Ί‹¤“―Z‘ξ“™j,’“Τi—Φjκ,10Ξ‘γ,‘εw¶,{ω‚Ή‚Έ
ή“,©“]Τ“,–ΎΞ,‘ε‹v•Ϋ“μ,282031,•ΊΙ§,–ΎΞs,‘ε‹v•Ϋ’¬‚δ‚θ‚Μ‚«’Κ‚Q’–Ϊ,2022[sanitize]03[sanitize]30,10,‚»‚Μ‘Ό,’“Τi—Φjκ,20Ξ‘γ,‚»‚Μ‘Ό,{ω‚µ‚½
ή“,©“]Τ“,–ΎΞ,‘ε‹v•Ϋ“μ,282031,•ΊΙ§,–ΎΞs,‘ε‹v•Ϋ’¬‚δ‚θ‚Μ‚«’Κ‚Q’–Ϊ,2022[sanitize]06[sanitize]27,17,‚SK‚ΔΘγ‹¤“―Z‘ξ,‚»‚Μ‘Ό,10Ξ‘γ,‚Z¶,{ω‚µ‚½
ή“,©“]Τ“,–ΎΞ,‘ε‹v•Ϋ“μ,282031,•ΊΙ§,–ΎΞs,‘ε‹v•Ϋ’¬‚δ‚θ‚Μ‚«’Κ‚Q’–Ϊ,2022[sanitize]07[sanitize]06,18,‚»‚Μ‘Ό,’“Τi—Φjκ,10Ξ‘γ,’†w¶,{ω‚µ‚½
ή“,©“]Τ“,–ΎΞ,‘ε‹v•Ϋ“μ,282031,•ΊΙ§,–ΎΞs,‘ε‹v•Ϋ’¬‚δ‚θ‚Μ‚«’Κ‚Q’–Ϊ,2022[sanitize]08[sanitize]26,17,‚»‚Μ‘Ό,’“Τi—Φjκ,20Ξ‘γ,‚»‚Μ‘Ό,{ω‚µ‚½
ή“,©“]Τ“,–ΎΞ,‘ε‹v•Ϋ“μ,282031,•ΊΙ§,–ΎΞs,‘ε‹v•Ϋ’¬‚δ‚θ‚Μ‚«’Κ‚Q’–Ϊ,2022[sanitize]12[sanitize]24,20,‚»‚Μ‘Ό,’“Τi—Φjκ,10Ξ‘γ,‚Z¶,{ω‚Ή‚Έ
ή“,©“]Τ“,–ΎΞ,‘ε‹v•Ϋ“μ,282031,•ΊΙ§,–ΎΞs,‘ε‹v•Ϋ’¬‚δ‚θ‚Μ‚«’Κ‚R’–Ϊ,2022[sanitize]04[sanitize]19,19,’“Τi—Φjκ,’“Τi—Φjκ,10Ξ‘γ,‚Z¶,{ω‚Ή‚Έ
ή“,©“]Τ“,–ΎΞ,‘ε‹v•Ϋ“μ,282031,•ΊΙ§,–ΎΞs,‘ε‹v•Ϋ’¬‚δ‚θ‚Μ‚«’Κ‚R’–Ϊ,2022[sanitize]04[sanitize]22,18,‚»‚Μ‘Ό,’“Τi—Φjκ,10Ξ‘γ,‚Z¶,{ω‚Ή‚Έ
ή“,©“]Τ“,–ΎΞ,‘ε‹v•Ϋ“μ,282031,•ΊΙ§,–ΎΞs,‘ε‹v•Ϋ’¬‚δ‚θ‚Μ‚«’Κ‚R’–Ϊ,2022[sanitize]04[sanitize]23,16,‚»‚Μ‘Ό,’“Τi—Φjκ,10Ξ‘γ,’†w¶,{ω‚Ή‚Έ
ή“,©“]Τ“,–ΎΞ,‘ε‹v•Ϋ“μ,282031,•ΊΙ§,–ΎΞs,‘ε‹v•Ϋ’¬‚δ‚θ‚Μ‚«’Κ‚R’–Ϊ,2022[sanitize]04[sanitize]26,14,“ΉHγ,‚»‚Μ‘Ό,10Ξ‘γ,’†w¶,{ω‚Ή‚Έ
ή“,©“]Τ“,–ΎΞ,‘ε‹v•Ϋ“μ,282031,•ΊΙ§,–ΎΞs,‘ε‹v•Ϋ’¬‚δ‚θ‚Μ‚«’Κ‚R’–Ϊ,2022[sanitize]07[sanitize]02,18,‚»‚Μ‘Ό,’“Τi—Φjκ,20Ξ‘γ,‚»‚Μ‘Ό,{ω‚Ή‚Έ
ή“,©“]Τ“,–ΎΞ,‘ε‹v•Ϋ“μ,282031,•ΊΙ§,–ΎΞs,‘ε‹v•Ϋ’¬‚δ‚θ‚Μ‚«’Κ‚R’–Ϊ,2022[sanitize]07[sanitize]08,08,‚»‚Μ‘Ό,’“Τi—Φjκ,10Ξ‘γ,‚Z¶,{ω‚Ή‚Έ
ή“,©“]Τ“,–ΎΞ,‘ε‹v•Ϋ“μ,282031,•ΊΙ§,–ΎΞs,‘ε‹v•Ϋ’¬‚δ‚θ‚Μ‚«’Κ‚R’–Ϊ,2022[sanitize]07[sanitize]24,18,‚»‚Μ‘Ό,‚»‚Μ‘Ό,20Ξ‘γ,‚»‚Μ‘Ό,{ω‚Ή‚Έ
ή“,©“]Τ“,–ΎΞ,‘ε‹v•Ϋ“μ,282031,•ΊΙ§,–ΎΞs,‘ε‹v•Ϋ’¬‚δ‚θ‚Μ‚«’Κ‚R’–Ϊ,2022[sanitize]08[sanitize]21,18,‚»‚Μ‘Ό,‚»‚Μ‘Ό,10Ξ‘γ,‘εw¶,{ω‚µ‚½
ή“,©“]Τ“,–ΎΞ,‘ε‹v•Ϋ“μ,282031,•ΊΙ§,–ΎΞs,‘ε‹v•Ϋ’¬‚δ‚θ‚Μ‚«’Κ‚R’–Ϊ,2022[sanitize]08[sanitize]22,11,‚»‚Μ‘Ό,’“Τi—Φjκ,10Ξ‘γ,‚»‚Μ‘Ό,{ω‚Ή‚Έ
ή“,©“]Τ“,–ΎΞ,‘ε‹v•Ϋ“μ,282031,•ΊΙ§,–ΎΞs,‘ε‹v•Ϋ’¬‚δ‚θ‚Μ‚«’Κ‚R’–Ϊ,2022[sanitize]08[sanitize]22,14,‚»‚Μ‘Ό,‚»‚Μ‘Ό,10Ξ‘γ,‘εw¶,{ω‚Ή‚Έ
ή“,©“]Τ“,–ΎΞ,‘ε‹v•Ϋ“μ,282031,•ΊΙ§,–ΎΞs,‘ε‹v•Ϋ’¬‚δ‚θ‚Μ‚«’Κ‚R’–Ϊ,2022[sanitize]08[sanitize]22,18,‚»‚Μ‘Ό,’“Τi—Φjκ,10Ξ‘γ,‘εw¶,{ω‚Ή‚Έ
ή“,©“]Τ“,–ΎΞ,‘ε‘ ,282031,•ΊΙ§,–ΎΞs,‘¶’¬‚P’–Ϊ,2022[sanitize]02[sanitize]17,17,‚»‚Μ‘Ό‚ΜZ‘ξi‚RK‚ΔΘ‰Ί‹¤“―Z‘ξ“™j,’“Τi—Φjκ,60[sanitize]64Ξ,‚»‚Μ‘Ό,{ω‚µ‚½
ή“,©“]Τ“,–ΎΞ,‘ε‘ ,282031,•ΊΙ§,–ΎΞs,‘¶’¬‚P’–Ϊ,2022[sanitize]03[sanitize]10,03,‚SK‚ΔΘγ‹¤“―Z‘ξ,’“Τi—Φjκ,20Ξ‘γ,‚»‚Μ‘Ό,{ω‚µ‚½
ή“,©“]Τ“,–ΎΞ,‘ε‘ ,282031,•ΊΙ§,–ΎΞs,‘ε‘ “V_’¬,2022[sanitize]04[sanitize]14,17,‚SK‚ΔΘγ‹¤“―Z‘ξ,’“Τi—Φjκ,30Ξ‘γ,‚»‚Μ‘Ό,{ω‚Ή‚Έ
ή“,©“]Τ“,–ΎΞ,‘ε‘ ,282031,•ΊΙ§,–ΎΞs,‘ε‘ “V_’¬,2022[sanitize]06[sanitize]03,06,’“Τi—Φjκ,’“Τi—Φjκ,30Ξ‘γ,‚»‚Μ‘Ό,{ω‚Ή‚Έ
ή“,©“]Τ“,–ΎΞ,‘ε‘ ,282031,•ΊΙ§,–ΎΞs,‘ε‘ ’†’¬,2022[sanitize]10[sanitize]14,16,‚»‚Μ‘Ό,’“Τi—Φjκ,10Ξ–Ά–,¬w¶,{ω‚Ή‚Έ
ή“,©“]Τ“,–ΎΞ,‘ε‘ ,282031,•ΊΙ§,–ΎΞs,‘ε‘ ’†’¬,2022[sanitize]10[sanitize]14,17,‚»‚Μ‘Ό,’“Τi—Φjκ,10Ξ–Ά–,¬w¶,{ω‚Ή‚Έ
ή“,©“]Τ“,–ΎΞ,‘ε‘ ,282031,•ΊΙ§,–ΎΞs,‘ε‘ ”ª”¦’¬,2022[sanitize]01[sanitize]28,07,‚»‚Μ‘Ό,’“Τi—Φjκ,10Ξ‘γ,‚Z¶,{ω‚Ή‚Έ
ή“,©“]Τ“,–ΎΞ,‘ε‘ ,282031,•ΊΙ§,–ΎΞs,‘ε‘ ”ª”¦’¬,2022[sanitize]11[sanitize]27,21,‚»‚Μ‘Ό,’“Τi—Φjκ,10Ξ‘γ,‘εw¶,{ω‚Ή‚Έ
ή“,©“]Τ“,–ΎΞ,‘ε‘ ,282031,•ΊΙ§,–ΎΞs,‘ε‘ ’¬,2022[sanitize]10[sanitize]14,20,κΛZ‘ξ,’“Τi—Φjκ,10Ξ–Ά–,¬w¶,{ω‚Ή‚Έ
ή“,©“]Τ“,–ΎΞ,‘ε‘ ,282031,•ΊΙ§,–ΎΞs,“V•¶’¬‚Q’–Ϊ,2022[sanitize]08[sanitize]30,19,‚»‚Μ‘Ό‚ΜZ‘ξi‚RK‚ΔΘ‰Ί‹¤“―Z‘ξ“™j,’“Τi—Φjκ,20Ξ‘γ,‚»‚Μ‘Ό,{ω‚Ή‚Έ
ή“,©“]Τ“,–ΎΞ,‘ε‘ ,282031,•ΊΙ§,–ΎΞs,‘ε‘ Cέ’Κ‚P’–Ϊ,2022[sanitize]07[sanitize]02,17,’“Τi—Φjκ,’“Τi—Φjκ,10Ξ‘γ,’†w¶,{ω‚Ή‚Έ
ή“,©“]Τ“,–ΎΞ,‘ε‘ ,282031,•ΊΙ§,–ΎΞs,‘ε‘ Cέ’Κ‚P’–Ϊ,2022[sanitize]08[sanitize]24,13,‚»‚Μ‘Ό,‚»‚Μ‘Ό,10Ξ‘γ,‚Z¶,{ω‚Ή‚Έ
ή“,©“]Τ“,–ΎΞ,‘ε‘ ,282031,•ΊΙ§,–ΎΞs,‘ε‘ Cέ’Κ‚P’–Ϊ,2022[sanitize]09[sanitize]03,08,“ΉHγ,‚»‚Μ‘Ό,10Ξ‘γ,‘εw¶,{ω‚µ‚½
ή“,©“]Τ“,–ΎΞ,‘ε‘ ,282031,•ΊΙ§,–ΎΞs,‘ε‘ Cέ’Κ‚P’–Ϊ,2022[sanitize]09[sanitize]11,12,‚»‚Μ‘Ό,’“Τi—Φjκ,10Ξ‘γ,’†w¶,{ω‚Ή‚Έ
ή“,©“]Τ“,–ΎΞ,‘ε‘ ,282031,•ΊΙ§,–ΎΞs,‘ε‘ Cέ’Κ‚P’–Ϊ,2022[sanitize]09[sanitize]23,13,‚»‚Μ‘Ό,‚»‚Μ‘Ό,10Ξ‘γ,‚Z¶,{ω‚Ή‚Έ
ή“,©“]Τ“,–ΎΞ,‘ε‘ ,282031,•ΊΙ§,–ΎΞs,‘ε‘ Cέ’Κ‚P’–Ϊ,2022[sanitize]09[sanitize]30,17,‚»‚Μ‘Ό,’“Τi—Φjκ,10Ξ‘γ,‚Z¶,{ω‚Ή‚Έ
ή“,©“]Τ“,–ΎΞ,‘ε‘ ,282031,•ΊΙ§,–ΎΞs,‘ε‘ Cέ’Κ‚P’–Ϊ,2022[sanitize]11[sanitize]01,07,“ΉHγ,‚»‚Μ‘Ό,40Ξ‘γ,‚»‚Μ‘Ό,{ω‚Ή‚Έ
ή“,©“]Τ“,–ΎΞ,‘ε‘ ,282031,•ΊΙ§,–ΎΞs,‘ε‘ Cέ’Κ‚P’–Ϊ,2022[sanitize]11[sanitize]10,18,‚»‚Μ‘Ό,’“Τi—Φjκ,10Ξ‘γ,’†w¶,{ω‚Ή‚Έ
ή“,©“]Τ“,–ΎΞ,‘ε‘ ,282031,•ΊΙ§,–ΎΞs,‘ε‘ Cέ’Κ‚P’–Ϊ,2022[sanitize]11[sanitize]27,14,‚»‚Μ‘Ό,’“Τi—Φjκ,10Ξ‘γ,’†w¶,{ω‚Ή‚Έ
ή“,©“]Τ“,–ΎΞ,‘ε‘ ,282031,•ΊΙ§,–ΎΞs,‘ε‘ Cέ’Κ‚P’–Ϊ,2022[sanitize]11[sanitize]27,14,‚»‚Μ‘Ό,’“Τi—Φjκ,10Ξ‘γ,’†w¶,{ω‚Ή‚Έ
ή“,©“]Τ“,–ΎΞ,‘ε‘ ,282031,•ΊΙ§,–ΎΞs,‘ε‘ Cέ’Κ‚Q’–Ϊ,2022[sanitize]05[sanitize]01,06,“ΉHγ,‚»‚Μ‘Ό,30Ξ‘γ,‚»‚Μ‘Ό,{ω‚µ‚½
ή“,©“]Τ“,–ΎΞ,¬‹v•Ϋ,282031,•ΊΙ§,–ΎΞs,aβ,2018[sanitize]10[sanitize]19,10,“ΉHγ,‚»‚Μ‘Ό,20Ξ‘γ,‚»‚Μ‘Ό,{ω‚µ‚½
ή“,©“]Τ“,–ΎΞ,¬‹v•Ϋ,282031,•ΊΙ§,–ΎΞs,aβ,2022[sanitize]01[sanitize]08,19,‚SK‚ΔΘγ‹¤“―Z‘ξ,’“Τi—Φjκ,30Ξ‘γ,‚»‚Μ‘Ό,{ω‚µ‚½
ή“,©“]Τ“,–ΎΞ,¬‹v•Ϋ,282031,•ΊΙ§,–ΎΞs,aβ,2022[sanitize]03[sanitize]15,07,‚»‚Μ‘Ό‚ΜZ‘ξi‚RK‚ΔΘ‰Ί‹¤“―Z‘ξ“™j,’“Τi—Φjκ,10Ξ‘γ,’†w¶,{ω‚µ‚½
ή“,©“]Τ“,–ΎΞ,¬‹v•Ϋ,282031,•ΊΙ§,–ΎΞs,aβ,2022[sanitize]03[sanitize]24,18,‚»‚Μ‘Ό,’“Τi—Φjκ,20Ξ‘γ,‚»‚Μ‘Ό,{ω‚µ‚½
ή“,©“]Τ“,–ΎΞ,¬‹v•Ϋ,282031,•ΊΙ§,–ΎΞs,aβ,2022[sanitize]06[sanitize]17,00,’“Τi—Φjκ,’“Τi—Φjκ,20Ξ‘γ,‚»‚Μ‘Ό,{ω‚Ή‚Έ
ή“,©“]Τ“,–ΎΞ,¬‹v•Ϋ,282031,•ΊΙ§,–ΎΞs,aβ,2022[sanitize]10[sanitize]23,18,‚SK‚ΔΘγ‹¤“―Z‘ξ,’“Τi—Φjκ,10Ξ‘γ,‚Z¶,{ω‚µ‚½
ή“,©“]Τ“,–ΎΞ,¬‹v•Ϋ,282031,•ΊΙ§,–ΎΞs,aβ,2022[sanitize]11[sanitize]22,12,‚»‚Μ‘Ό,’“Τi—Φjκ,20Ξ‘γ,‚»‚Μ‘Ό,{ω‚Ή‚Έ
ή“,©“]Τ“,–ΎΞ,¬‹v•Ϋ,282031,•ΊΙ§,–ΎΞs,¬‹v•Ϋ,2021[sanitize]06[sanitize]01,17,’“Τi—Φjκ,’“Τi—Φjκ,50Ξ‘γ,‚»‚Μ‘Ό,{ω‚Ή‚Έ
ή“,©“]Τ“,–ΎΞ,¬‹v•Ϋ,282031,•ΊΙ§,–ΎΞs,¬‹v•Ϋ,2022[sanitize]09[sanitize]04,18,’“Τi—Φjκ,’“Τi—Φjκ,50Ξ‘γ,‚»‚Μ‘Ό,{ω‚Ή‚Έ
ή“,©“]Τ“,–ΎΞ,¬‹v•Ϋ,282031,•ΊΙ§,–ΎΞs,¬‹v•Ϋ‚P’–Ϊ,2022[sanitize]08[sanitize]07,17,‚SK‚ΔΘγ‹¤“―Z‘ξ,’“Τi—Φjκ,10Ξ‘γ,‘εw¶,{ω‚Ή‚Έ
ή“,©“]Τ“,–ΎΞ,¬‹v•Ϋ,282031,•ΊΙ§,–ΎΞs,¬‹v•Ϋ‚Q’–Ϊ,2022[sanitize]04[sanitize]26,05,’“Τi—Φjκ,’“Τi—Φjκ,40Ξ‘γ,‚»‚Μ‘Ό,{ω‚µ‚½
ή“,©“]Τ“,–ΎΞ,¬‹v•Ϋ,282031,•ΊΙ§,–ΎΞs,¬‹v•Ϋ‚Q’–Ϊ,2022[sanitize]06[sanitize]27,06,‚»‚Μ‘Ό,’“Τi—Φjκ,10Ξ‘γ,‚»‚Μ‘Ό,{ω‚Ή‚Έ
ή“,©“]Τ“,–ΎΞ,¬‹v•Ϋ,282031,•ΊΙ§,–ΎΞs,¬‹v•Ϋ‚Q’–Ϊ,2022[sanitize]07[sanitize]21,16,‚SK‚ΔΘγ‹¤“―Z‘ξ,’“Τi—Φjκ,70ΞΘγ,‚»‚Μ‘Ό,{ω‚Ή‚Έ
ή“,©“]Τ“,–ΎΞ,¬‹v•Ϋ,282031,•ΊΙ§,–ΎΞs,¬‹v•Ϋ‚Q’–Ϊ,2022[sanitize]07[sanitize]22,14,‚»‚Μ‘Ό,’“Τi—Φjκ,20Ξ‘γ,‚»‚Μ‘Ό,{ω‚Ή‚Έ
ή“,©“]Τ“,–ΎΞ,¬‹v•Ϋ,282031,•ΊΙ§,–ΎΞs,¬‹v•Ϋ‚Q’–Ϊ,2022[sanitize]07[sanitize]26,09,‚»‚Μ‘Ό,’“Τi—Φjκ,20Ξ‘γ,‚»‚Μ‘Ό,{ω‚Ή‚Έ
ή“,©“]Τ“,–ΎΞ,¬‹v•Ϋ,282031,•ΊΙ§,–ΎΞs,¬‹v•Ϋ‚Q’–Ϊ,2022[sanitize]08[sanitize]02,06,‚»‚Μ‘Ό,’“Τi—Φjκ,10Ξ‘γ,‘εw¶,{ω‚Ή‚Έ
ή“,©“]Τ“,–ΎΞ,¬‹v•Ϋ,282031,•ΊΙ§,–ΎΞs,¬‹v•Ϋ‚Q’–Ϊ,2022[sanitize]08[sanitize]02,17,‚»‚Μ‘Ό,’“Τi—Φjκ,20Ξ‘γ,‚»‚Μ‘Ό,{ω‚Ή‚Έ
ή“,©“]Τ“,–ΎΞ,¬‹v•Ϋ,282031,•ΊΙ§,–ΎΞs,¬‹v•Ϋ‚Q’–Ϊ,2022[sanitize]08[sanitize]03,17,‚SK‚ΔΘγ‹¤“―Z‘ξ,’“Τi—Φjκ,10Ξ‘γ,‘εw¶,{ω‚µ‚½
ή“,©“]Τ“,–ΎΞ,¬‹v•Ϋ,282031,•ΊΙ§,–ΎΞs,¬‹v•Ϋ‚Q’–Ϊ,2022[sanitize]08[sanitize]19,15,‚SK‚ΔΘγ‹¤“―Z‘ξ,‚»‚Μ‘Ό,60[sanitize]64Ξ,‚»‚Μ‘Ό,{ω‚µ‚½
ή“,©“]Τ“,–ΎΞ,¬‹v•Ϋ,282031,•ΊΙ§,–ΎΞs,¬‹v•Ϋ‚Q’–Ϊ,2022[sanitize]09[sanitize]14,08,‚»‚Μ‘Ό,’“Τi—Φjκ,50Ξ‘γ,‚»‚Μ‘Ό,{ω‚Ή‚Έ
ή“,©“]Τ“,–ΎΞ,¬‹v•Ϋ,282031,•ΊΙ§,–ΎΞs,¬‹v•Ϋ‚Q’–Ϊ,2022[sanitize]09[sanitize]16,05,‚»‚Μ‘Ό,’“Τi—Φjκ,20Ξ‘γ,‚»‚Μ‘Ό,{ω‚µ‚½
ή“,©“]Τ“,–ΎΞ,¬‹v•Ϋ,282031,•ΊΙ§,–ΎΞs,¬‹v•Ϋ‚Q’–Ϊ,2022[sanitize]09[sanitize]22,08,‚»‚Μ‘Ό,‚»‚Μ‘Ό,10Ξ‘γ,‚Z¶,{ω‚Ή‚Έ
ή“,©“]Τ“,–ΎΞ,¬‹v•Ϋ,282031,•ΊΙ§,–ΎΞs,¬‹v•Ϋ‚Q’–Ϊ,2022[sanitize]09[sanitize]26,07,“ΉHγ,‚»‚Μ‘Ό,70ΞΘγ,‚»‚Μ‘Ό,{ω‚µ‚½
ή“,©“]Τ“,–ΎΞ,¬‹v•Ϋ,282031,•ΊΙ§,–ΎΞs,¬‹v•Ϋ‚Q’–Ϊ,2022[sanitize]10[sanitize]02,18,‚»‚Μ‘Ό,’“Τi—Φjκ,10Ξ‘γ,‚Z¶,{ω‚Ή‚Έ
ή“,©“]Τ“,–ΎΞ,¬‹v•Ϋ,282031,•ΊΙ§,–ΎΞs,¬‹v•Ϋ‚R’–Ϊ,2022[sanitize]06[sanitize]25,23,‚»‚Μ‘Ό,’“Τi—Φjκ,20Ξ‘γ,‚»‚Μ‘Ό,{ω‚µ‚½
ή“,©“]Τ“,–ΎΞ,¬‹v•Ϋ,282031,•ΊΙ§,–ΎΞs,¬‹v•Ϋ‚S’–Ϊ,2021[sanitize]11[sanitize]30,18,‚SK‚ΔΘγ‹¤“―Z‘ξ,’“Τi—Φjκ,40Ξ‘γ,‚»‚Μ‘Ό,{ω‚µ‚½
ή“,©“]Τ“,–ΎΞ,¬‹v•Ϋ,282031,•ΊΙ§,–ΎΞs,¬‹v•Ϋ‚S’–Ϊ,2022[sanitize]03[sanitize]12,17,‚»‚Μ‘Ό‚ΜZ‘ξi‚RK‚ΔΘ‰Ί‹¤“―Z‘ξ“™j,’“Τi—Φjκ,30Ξ‘γ,‚»‚Μ‘Ό,{ω‚µ‚½
ή“,©“]Τ“,–ΎΞ,¬‹v•Ϋ,282031,•ΊΙ§,–ΎΞs,¬‹v•Ϋ‚S’–Ϊ,2022[sanitize]04[sanitize]17,20,‚SK‚ΔΘγ‹¤“―Z‘ξ,’“Τi—Φjκ,10Ξ‘γ,’†w¶,{ω‚Ή‚Έ
ή“,©“]Τ“,–ΎΞ,¬‹v•Ϋ,282031,•ΊΙ§,–ΎΞs,¬‹v•Ϋ‚S’–Ϊ,2022[sanitize]05[sanitize]20,09,‚SK‚ΔΘγ‹¤“―Z‘ξ,’“Τi—Φjκ,40Ξ‘γ,‚»‚Μ‘Ό,{ω‚Ή‚Έ
ή“,©“]Τ“,–ΎΞ,¬‹v•Ϋ,282031,•ΊΙ§,–ΎΞs,¬‹v•Ϋ‚S’–Ϊ,2022[sanitize]09[sanitize]23,20,‚»‚Μ‘Ό,’“Τi—Φjκ,10Ξ‘γ,’†w¶,{ω‚µ‚½
ή“,©“]Τ“,–ΎΞ,¬‹v•Ϋ,282031,•ΊΙ§,–ΎΞs,¬‹v•Ϋ‚T’–Ϊ,2022[sanitize]02[sanitize]01,05,‚SK‚ΔΘγ‹¤“―Z‘ξ,’“Τi—Φjκ,40Ξ‘γ,‚»‚Μ‘Ό,{ω‚µ‚½
ή“,©“]Τ“,–ΎΞ,¬‹v•Ϋ,282031,•ΊΙ§,–ΎΞs,¬‹v•Ϋ‚T’–Ϊ,2022[sanitize]07[sanitize]15,21,’“Τi—Φjκ,’“Τi—Φjκ,10Ξ‘γ,’†w¶,{ω‚Ή‚Έ
ή“,©“]Τ“,–ΎΞ,¬‹v•Ϋ,282031,•ΊΙ§,–ΎΞs,¬‹v•Ϋ‚T’–Ϊ,2022[sanitize]09[sanitize]09,18,‚SK‚ΔΘγ‹¤“―Z‘ξ,’“Τi—Φjκ,40Ξ‘γ,‚»‚Μ‘Ό,{ω‚Ή‚Έ
ή“,©“]Τ“,–ΎΞ,¬‹v•Ϋ,282031,•ΊΙ§,–ΎΞs,¬‹v•Ϋ‚U’–Ϊ,2022[sanitize]03[sanitize]24,11,κΛZ‘ξ,’“Τi—Φjκ,30Ξ‘γ,‚»‚Μ‘Ό,{ω‚Ή‚Έ
ή“,©“]Τ“,–ΎΞ,¬‹v•Ϋ,282031,•ΊΙ§,–ΎΞs,¬‹v•Ϋ‚U’–Ϊ,2022[sanitize]06[sanitize]25,17,‚»‚Μ‘Ό‚ΜZ‘ξi‚RK‚ΔΘ‰Ί‹¤“―Z‘ξ“™j,’“Τi—Φjκ,30Ξ‘γ,‚»‚Μ‘Ό,{ω‚Ή‚Έ
ή“,©“]Τ“,–ΎΞ,¬‹v•Ϋ,282031,•ΊΙ§,–ΎΞs,¬‹v•Ϋ‚U’–Ϊ,2022[sanitize]08[sanitize]30,17,‚»‚Μ‘Ό‚ΜZ‘ξi‚RK‚ΔΘ‰Ί‹¤“―Z‘ξ“™j,’“Τi—Φjκ,20Ξ‘γ,‚»‚Μ‘Ό,{ω‚Ή‚Έ
ή“,©“]Τ“,–ΎΞ,¬‹v•Ϋ,282031,•ΊΙ§,–ΎΞs,,2022[sanitize]01[sanitize]05,18,κΛZ‘ξ,’“Τi—Φjκ,10Ξ‘γ,¬w¶,{ω‚Ή‚Έ
ή“,©“]Τ“,–ΎΞ,¬‹v•Ϋ,282031,•ΊΙ§,–ΎΞs,Ό–ΎΞ–k’¬‚Q’–Ϊ,2022[sanitize]11[sanitize]27,15,‚SK‚ΔΘγ‹¤“―Z‘ξ,’“Τi—Φjκ,30Ξ‘γ,‚»‚Μ‘Ό,{ω‚Ή‚Έ
ή“,©“]Τ“,–ΎΞ,¬‹v•Ϋ,282031,•ΊΙ§,–ΎΞs,Ό–ΎΞ–k’¬‚R’–Ϊ,2022[sanitize]01[sanitize]13,17,‚»‚Μ‘Ό‚ΜZ‘ξi‚RK‚ΔΘ‰Ί‹¤“―Z‘ξ“™j,‚»‚Μ‘Ό,40Ξ‘γ,‚»‚Μ‘Ό,{ω‚µ‚½
ή“,©“]Τ“,–ΎΞ,¬‹v•Ϋ,282031,•ΊΙ§,–ΎΞs,Ό–ΎΞ–k’¬‚R’–Ϊ,2022[sanitize]05[sanitize]12,03,’“Τi—Φjκ,’“Τi—Φjκ,40Ξ‘γ,‚»‚Μ‘Ό,{ω‚Ή‚Έ
ή“,©“]Τ“,–ΎΞ,¬‹v•Ϋ,282031,•ΊΙ§,–ΎΞs,Ό–ΎΞ–k’¬‚R’–Ϊ,2022[sanitize]08[sanitize]24,17,’“Τi—Φjκ,’“Τi—Φjκ,40Ξ‘γ,‚»‚Μ‘Ό,{ω‚µ‚½
ή“,©“]Τ“,–ΎΞ,¬‹v•Ϋ,282031,•ΊΙ§,–ΎΞs,Ό–ΎΞ“μ’¬‚R’–Ϊ,2022[sanitize]07[sanitize]31,10,‚»‚Μ‘Ό,’“Τi—Φjκ,10Ξ‘γ,‘εw¶,{ω‚µ‚½
ή“,©“]Τ“,–ΎΞ,¬‹v•Ϋ,282031,•ΊΙ§,–ΎΞs,–μXγ‚P’–Ϊ,2022[sanitize]09[sanitize]30,22,‚»‚Μ‘Ό‚ΜZ‘ξi‚RK‚ΔΘ‰Ί‹¤“―Z‘ξ“™j,’“Τi—Φjκ,20Ξ‘γ,‚»‚Μ‘Ό,{ω‚Ή‚Έ
ή“,©“]Τ“,–ΎΞ,¬‹v•Ϋ,282031,•ΊΙ§,–ΎΞs,–μXγ‚R’–Ϊ,2022[sanitize]03[sanitize]27,12,‚SK‚ΔΘγ‹¤“―Z‘ξ,’“Τi—Φjκ,20Ξ‘γ,‚»‚Μ‘Ό,{ω‚µ‚½
ή“,©“]Τ“,–ΎΞ,¬‹v•Ϋ,282031,•ΊΙ§,–ΎΞs,–μXγ‚R’–Ϊ,2022[sanitize]07[sanitize]15,20,‚»‚Μ‘Ό‚ΜZ‘ξi‚RK‚ΔΘ‰Ί‹¤“―Z‘ξ“™j,’“Τi—Φjκ,20Ξ‘γ,‚»‚Μ‘Ό,{ω‚Ή‚Έ
ή“,©“]Τ“,–ΎΞ,¬‹v•Ϋ,282031,•ΊΙ§,–ΎΞs,–μXγ‚R’–Ϊ,2022[sanitize]09[sanitize]20,19,’“Τi—Φjκ,’“Τi—Φjκ,10Ξ‘γ,’†w¶,{ω‚Ή‚Έ
ή“,©“]Τ“,–ΎΞ,¬‹v•Ϋ,282031,•ΊΙ§,–ΎΞs,–μXγ‚R’–Ϊ,2022[sanitize]12[sanitize]13,16,‚SK‚ΔΘγ‹¤“―Z‘ξ,’“Τi—Φjκ,20Ξ‘γ,‚»‚Μ‘Ό,{ω‚Ή‚Έ
ή“,©“]Τ“,–ΎΞ,¬‹v•Ϋ,282031,•ΊΙ§,–ΎΞs,Ό‚Μ“ΰ‚Q’–Ϊ,2022[sanitize]04[sanitize]22,09,‚SK‚ΔΘγ‹¤“―Z‘ξ,’“Τi—Φjκ,20Ξ‘γ,‚»‚Μ‘Ό,{ω‚µ‚½
ή“,©“]Τ“,–ΎΞ,¬‹v•Ϋ,282031,•ΊΙ§,–ΎΞs,Ό‚Μ“ΰ‚Q’–Ϊ,2022[sanitize]05[sanitize]28,18,‚SK‚ΔΘγ‹¤“―Z‘ξ,’“Τi—Φjκ,30Ξ‘γ,‚»‚Μ‘Ό,{ω‚µ‚½
ή“,©“]Τ“,–ΎΞ,¬‹v•Ϋ,282031,•ΊΙ§,–ΎΞs,Ό‚Μ“ΰ‚Q’–Ϊ,2022[sanitize]07[sanitize]29,01,‚»‚Μ‘Ό,‚»‚Μ‘Ό,40Ξ‘γ,‚»‚Μ‘Ό,{ω‚Ή‚Έ
ή“,©“]Τ“,–ΎΞ,¬‹v•Ϋ,282031,•ΊΙ§,–ΎΞs,Ό‚Μ“ΰ‚Q’–Ϊ,2022[sanitize]12[sanitize]11,03,“ΉHγ,‚»‚Μ‘Ό,30Ξ‘γ,‚»‚Μ‘Ό,{ω‚µ‚½
ή“,©“]Τ“,–ΎΞ,¬‹v•Ϋ,282031,•ΊΙ§,–ΎΞs,–Ύ“μ’¬‚P’–Ϊ,2022[sanitize]06[sanitize]19,23,‚SK‚ΔΘγ‹¤“―Z‘ξ,’“Τi—Φjκ,30Ξ‘γ,‚»‚Μ‘Ό,{ω‚µ‚½
ή“,©“]Τ“,–ΎΞ,¬‹v•Ϋ,282031,•ΊΙ§,–ΎΞs,–Ύ“μ’¬‚Q’–Ϊ,2022[sanitize]03[sanitize]28,19,‚»‚Μ‘Ό‚ΜZ‘ξi‚RK‚ΔΘ‰Ί‹¤“―Z‘ξ“™j,’“Τi—Φjκ,20Ξ‘γ,‚»‚Μ‘Ό,{ω‚µ‚½
ή“,©“]Τ“,–ΎΞ,¬‹v•Ϋ,282031,•ΊΙ§,–ΎΞs,–Ύ“μ’¬‚Q’–Ϊ,2022[sanitize]06[sanitize]03,13,‚»‚Μ‘Ό,’“Τi—Φjκ,10Ξ‘γ,‘εw¶,{ω‚µ‚½
ή“,©“]Τ“,–ΎΞ,¬‹v•Ϋ,282031,•ΊΙ§,–ΎΞs,–Ύ“μ’¬‚R’–Ϊ,2022[sanitize]11[sanitize]07,07,‚»‚Μ‘Ό,’“Τi—Φjκ,10Ξ‘γ,’†w¶,{ω‚Ή‚Έ
ή“,©“]Τ“,–ΎΞ,¬‹v•Ϋ,282031,•ΊΙ§,–ΎΞs,aβ‚P’–Ϊ,2022[sanitize]10[sanitize]29,19,κΛZ‘ξ,‚»‚Μ‘Ό,30Ξ‘γ,‚»‚Μ‘Ό,{ω‚Ή‚Έ
ή“,©“]Τ“,–ΎΞ,¬‹v•Ϋ,282031,•ΊΙ§,–ΎΞs,aβ‚Q’–Ϊ,2022[sanitize]01[sanitize]11,01,‚»‚Μ‘Ό‚ΜZ‘ξi‚RK‚ΔΘ‰Ί‹¤“―Z‘ξ“™j,’“Τi—Φjκ,20Ξ‘γ,‘εw¶,{ω‚Ή‚Έ
ή“,©“]Τ“,–ΎΞ,–ΎΞ‰w‘O,282031,•ΊΙ§,–ΎΞs,–ΎΞφ‰€,2022[sanitize]06[sanitize]12,00,‚»‚Μ‘Ό,’“Τi—Φjκ,10Ξ‘γ,’†w¶,{ω‚Ή‚Έ
ή“,©“]Τ“,–ΎΞ,–ΎΞ‰w‘O,282031,•ΊΙ§,–ΎΞs,–ΎΞφ‰€,2022[sanitize]06[sanitize]14,06,‚»‚Μ‘Ό,‚»‚Μ‘Ό,40Ξ‘γ,‚»‚Μ‘Ό,{ω‚Ή‚Έ
ή“,©“]Τ“,–ΎΞ,–ΎΞ‰w‘O,282031,•ΊΙ§,–ΎΞs,–ΎΞφ‰€,2022[sanitize]09[sanitize]24,10,‚»‚Μ‘Ό,’“Τi—Φjκ,10Ξ‘γ,‚Z¶,{ω‚µ‚½
ή“,©“]Τ“,–ΎΞ,–ΎΞ‰w‘O,282031,•ΊΙ§,–ΎΞs,–ΎΞφ‰€,2022[sanitize]12[sanitize]23,14,‚»‚Μ‘Ό,‚»‚Μ‘Ό,10Ξ‘γ,’†w¶,{ω‚Ή‚Έ
ή“,©“]Τ“,–ΎΞ,–ΎΞ‰w‘O,282031,•ΊΙ§,–ΎΞs,‘ε–ΎΞ’¬‚P’–Ϊ,2022[sanitize]01[sanitize]12,18,‚»‚Μ‘Ό,’“Τi—Φjκ,20Ξ‘γ,‚»‚Μ‘Ό,{ω‚µ‚½
ή“,©“]Τ“,–ΎΞ,–ΎΞ‰w‘O,282031,•ΊΙ§,–ΎΞs,‘ε–ΎΞ’¬‚P’–Ϊ,2022[sanitize]01[sanitize]14,18,‚»‚Μ‘Ό,’“Τi—Φjκ,20Ξ‘γ,‘εw¶,{ω‚µ‚½
ή“,©“]Τ“,–ΎΞ,–ΎΞ‰w‘O,282031,•ΊΙ§,–ΎΞs,‘ε–ΎΞ’¬‚P’–Ϊ,2022[sanitize]02[sanitize]10,22,“ΉHγ,‚»‚Μ‘Ό,10Ξ‘γ,‘εw¶,{ω‚µ‚½
ή“,©“]Τ“,–ΎΞ,–ΎΞ‰w‘O,282031,•ΊΙ§,–ΎΞs,‘ε–ΎΞ’¬‚P’–Ϊ,2022[sanitize]03[sanitize]21,19,‚»‚Μ‘Ό,’“Τi—Φjκ,20Ξ‘γ,‚»‚Μ‘Ό,{ω‚Ή‚Έ
ή“,©“]Τ“,–ΎΞ,–ΎΞ‰w‘O,282031,•ΊΙ§,–ΎΞs,‘ε–ΎΞ’¬‚P’–Ϊ,2022[sanitize]04[sanitize]01,07,’“Τi—Φjκ,’“Τi—Φjκ,20Ξ‘γ,‚»‚Μ‘Ό,{ω‚Ή‚Έ
ή“,©“]Τ“,–ΎΞ,–ΎΞ‰w‘O,282031,•ΊΙ§,–ΎΞs,‘ε–ΎΞ’¬‚P’–Ϊ,2022[sanitize]05[sanitize]14,06,“ΉHγ,‚»‚Μ‘Ό,20Ξ‘γ,‚»‚Μ‘Ό,{ω‚µ‚½
ή“,©“]Τ“,–ΎΞ,–ΎΞ‰w‘O,282031,•ΊΙ§,–ΎΞs,‘ε–ΎΞ’¬‚P’–Ϊ,2022[sanitize]05[sanitize]30,09,‚»‚Μ‘Ό,’“Τi—Φjκ,20Ξ‘γ,‚»‚Μ‘Ό,{ω‚Ή‚Έ
ή“,©“]Τ“,–ΎΞ,–ΎΞ‰w‘O,282031,•ΊΙ§,–ΎΞs,‘ε–ΎΞ’¬‚P’–Ϊ,2022[sanitize]08[sanitize]07,12,’“Τi—Φjκ,’“Τi—Φjκ,40Ξ‘γ,‚»‚Μ‘Ό,{ω‚Ή‚Έ
ή“,©“]Τ“,–ΎΞ,–ΎΞ‰w‘O,282031,•ΊΙ§,–ΎΞs,‘ε–ΎΞ’¬‚P’–Ϊ,2022[sanitize]08[sanitize]12,01,“ΉHγ,‚»‚Μ‘Ό,40Ξ‘γ,‚»‚Μ‘Ό,{ω‚Ή‚Έ
ή“,©“]Τ“,–ΎΞ,–ΎΞ‰w‘O,282031,•ΊΙ§,–ΎΞs,‘ε–ΎΞ’¬‚P’–Ϊ,2022[sanitize]09[sanitize]08,12,’“Τi—Φjκ,’“Τi—Φjκ,60[sanitize]64Ξ,‚»‚Μ‘Ό,{ω‚µ‚½
ή“,©“]Τ“,–ΎΞ,–ΎΞ‰w‘O,282031,•ΊΙ§,–ΎΞs,‘ε–ΎΞ’¬‚P’–Ϊ,2022[sanitize]09[sanitize]23,18,‚»‚Μ‘Ό,’“Τi—Φjκ,10Ξ‘γ,’†w¶,{ω‚Ή‚Έ
ή“,©“]Τ“,–ΎΞ,–ΎΞ‰w‘O,282031,•ΊΙ§,–ΎΞs,‘ε–ΎΞ’¬‚P’–Ϊ,2022[sanitize]10[sanitize]15,13,‚SK‚ΔΘγ‹¤“―Z‘ξ,’“Τi—Φjκ,10Ξ‘γ,’†w¶,{ω‚Ή‚Έ
ή“,©“]Τ“,–ΎΞ,–ΎΞ‰w‘O,282031,•ΊΙ§,–ΎΞs,‘ε–ΎΞ’¬‚P’–Ϊ,2022[sanitize]10[sanitize]25,09,‚»‚Μ‘Ό,’“Τi—Φjκ,20Ξ‘γ,‘εw¶,{ω‚µ‚½
ή“,©“]Τ“,–ΎΞ,–ΎΞ‰w‘O,282031,•ΊΙ§,–ΎΞs,‘ε–ΎΞ’¬‚P’–Ϊ,2022[sanitize]11[sanitize]13,08,‚»‚Μ‘Ό,’“Τi—Φjκ,50Ξ‘γ,‚»‚Μ‘Ό,{ω‚µ‚½
ή“,©“]Τ“,–ΎΞ,–ΎΞ‰w‘O,282031,•ΊΙ§,–ΎΞs,‘ε–ΎΞ’¬‚P’–Ϊ,2022[sanitize]12[sanitize]02,06,‚»‚Μ‘Ό,’“Τi—Φjκ,10Ξ‘γ,‚Z¶,{ω‚Ή‚Έ
ή“,©“]Τ“,–ΎΞ,–ΎΞ‰w‘O,282031,•ΊΙ§,–ΎΞs,‘ε–ΎΞ’¬‚P’–Ϊ,2022[sanitize]12[sanitize]05,14,’“Τi—Φjκ,’“Τi—Φjκ,30Ξ‘γ,‚»‚Μ‘Ό,{ω‚Ή‚Έ
ή“,©“]Τ“,–ΎΞ,–ΎΞ‰w‘O,282031,•ΊΙ§,–ΎΞs,‘ε–ΎΞ’¬‚P’–Ϊ,2022[sanitize]12[sanitize]08,08,‚»‚Μ‘Ό,’“Τi—Φjκ,10Ξ‘γ,‘εw¶,{ω‚µ‚½
ή“,©“]Τ“,–ΎΞ,–ΎΞ‰w‘O,282031,•ΊΙ§,–ΎΞs,‘ε–ΎΞ’¬‚Q’–Ϊ,2022[sanitize]10[sanitize]30,17,‚SK‚ΔΘγ‹¤“―Z‘ξ,’“Τi—Φjκ,70ΞΘγ,‚»‚Μ‘Ό,{ω‚Ή‚Έ
ή“,©“]Τ“,–ΎΞ,–ΎΞ‰w‘O,282031,•ΊΙ§,–ΎΞs,’ƒ‰€κ’¬,2022[sanitize]03[sanitize]24,15,‚»‚Μ‘Ό,’“Τi—Φjκ,10Ξ‘γ,‚Z¶,{ω‚µ‚½
ή“,©“]Τ“,–ΎΞ,–ΎΞ‰w‘O,282031,•ΊΙ§,–ΎΞs,’ƒ‰€κ’¬,2022[sanitize]09[sanitize]02,17,‚»‚Μ‘Ό,’“Τi—Φjκ,10Ξ‘γ,‘εw¶,{ω‚µ‚½
ή“,©“]Τ“,–ΎΞ,–ΎΞ‰w‘O,282031,•ΊΙ§,–ΎΞs,‘ι ’¬,2022[sanitize]04[sanitize]10,16,‚»‚Μ‘Ό,’“Τi—Φjκ,40Ξ‘γ,‚»‚Μ‘Ό,{ω‚Ή‚Έ
ή“,©“]Τ“,–ΎΞ,–ΎΞ‰w‘O,282031,•ΊΙ§,–ΎΞs,“’‡ƒm’¬,2022[sanitize]01[sanitize]28,14,‚»‚Μ‘Ό,’“Τi—Φjκ,50Ξ‘γ,‚»‚Μ‘Ό,{ω‚Ή‚Έ
ή“,©“]Τ“,–ΎΞ,–ΎΞ‰w‘O,282031,•ΊΙ§,–ΎΞs,“’‡ƒm’¬,2022[sanitize]02[sanitize]03,10,‚»‚Μ‘Ό,‚»‚Μ‘Ό,70ΞΘγ,‚»‚Μ‘Ό,{ω‚µ‚½
ή“,©“]Τ“,–ΎΞ,–ΎΞ‰w‘O,282031,•ΊΙ§,–ΎΞs,“’‡ƒm’¬,2022[sanitize]08[sanitize]27,14,‚»‚Μ‘Ό,’“Τi—Φjκ,10Ξ‘γ,’†w¶,{ω‚Ή‚Έ
ή“,©“]Τ“,–ΎΞ,–ΎΞ‰w‘O,282031,•ΊΙ§,–ΎΞs,“’‡ƒm’¬,2022[sanitize]10[sanitize]10,15,“ΉHγ,‚»‚Μ‘Ό,20Ξ‘γ,‚»‚Μ‘Ό,{ω‚µ‚½
ή“,©“]Τ“,–ΎΞ,–ΎΞ‰w‘O,282031,•ΊΙ§,–ΎΞs,“’‡ƒm’¬,2022[sanitize]10[sanitize]30,19,‚»‚Μ‘Ό,‚»‚Μ‘Ό,10Ξ‘γ,’†w¶,{ω‚Ή‚Έ
ή“,©“]Τ“,–ΎΞ,–ΎΞ‰w‘O,282031,•ΊΙ§,–ΎΞs,“’‡ƒm’¬,2022[sanitize]11[sanitize]24,12,‚»‚Μ‘Ό,’“Τi—Φjκ,20Ξ‘γ,‚»‚Μ‘Ό,{ω‚µ‚½
ή“,©“]Τ“,–ΎΞ,–ΎΞ‰w‘O,282031,•ΊΙ§,–ΎΞs,R‰Ί’¬,2022[sanitize]02[sanitize]28,16,κΛZ‘ξ,’“Τi—Φjκ,65[sanitize]69Ξ,‚»‚Μ‘Ό,{ω‚Ή‚Έ
ή“,©“]Τ“,–ΎΞ,–ΎΞ‰w‘O,282031,•ΊΙ§,–ΎΞs,R‰Ί’¬,2022[sanitize]08[sanitize]23,07,‚»‚Μ‘Ό,’“Τi—Φjκ,10Ξ‘γ,‚»‚Μ‘Ό,{ω‚Ή‚Έ
ή“,©“]Τ“,–ΎΞ,–ΎΞ‰w‘O,282031,•ΊΙ§,–ΎΞs,R‰Ί’¬,2022[sanitize]12[sanitize]02,15,’“Τi—Φjκ,’“Τi—Φjκ,10Ξ‘γ,‘εw¶,{ω‚Ή‚Έ
ή“,©“]Τ“,–ΎΞ,–Ύ•‘,282031,•ΊΙ§,–ΎΞs,Ό‚ª‹u‚P’–Ϊ,2022[sanitize]04[sanitize]30,13,‚SK‚ΔΘγ‹¤“―Z‘ξ,’“Τi—Φjκ,10Ξ‘γ,¬w¶,{ω‚Ή‚Έ
ή“,©“]Τ“,–ΎΞ,–Ύ•‘,282031,•ΊΙ§,–ΎΞs,Ό‚ª‹u‚Q’–Ϊ,2022[sanitize]07[sanitize]25,10,‚SK‚ΔΘγ‹¤“―Z‘ξ,’“Τi—Φjκ,10Ξ–Ά–,¬w¶,{ω‚Ή‚Έ
ή“,©“]Τ“,–ΎΞ,–Ύ•‘,282031,•ΊΙ§,–ΎΞs,’©–¶“μ’¬‚P’–Ϊ,2022[sanitize]01[sanitize]03,10,‚»‚Μ‘Ό,‚»‚Μ‘Ό,10Ξ‘γ,‚Z¶,{ω‚µ‚½
ή“,©“]Τ“,–ΎΞ,–Ύ•‘,282031,•ΊΙ§,–ΎΞs,’©–¶“μ’¬‚P’–Ϊ,2022[sanitize]03[sanitize]10,00,‚»‚Μ‘Ό,’“Τi—Φjκ,30Ξ‘γ,‚»‚Μ‘Ό,{ω‚µ‚½
ή“,©“]Τ“,–ΎΞ,’©–¶’¬,282031,•ΊΙ§,–ΎΞs,’©–¶’¬‚P’–Ϊ,2022[sanitize]09[sanitize]02,10,’“Τi—Φjκ,’“Τi—Φjκ,60[sanitize]64Ξ,‚»‚Μ‘Ό,{ω‚Ή‚Έ
ή“,©“]Τ“,–ΎΞ,’©–¶’¬,282031,•ΊΙ§,–ΎΞs,‘Ύ›‚Q’–Ϊ,2022[sanitize]04[sanitize]28,19,κΛZ‘ξ,’“Τi—Φjκ,50Ξ‘γ,‚»‚Μ‘Ό,{ω‚Ή‚Έ
ή“,©“]Τ“,–ΎΞ,’©–¶’¬,282031,•ΊΙ§,–ΎΞs,‘Ύ›‘ε–μ’¬,2022[sanitize]09[sanitize]13,16,‚»‚Μ‘Ό,’“Τi—Φjκ,10Ξ–Ά–,¬w¶,{ω‚Ή‚Έ
ή“,©“]Τ“,–ΎΞ,’©–¶’¬,282031,•ΊΙ§,–ΎΞs,‰ΧR’¬,2022[sanitize]10[sanitize]21,12,‚SK‚ΔΘγ‹¤“―Z‘ξ,’“Τi—Φjκ,10Ξ‘γ,‚Z¶,{ω‚Ή‚Έ
ή“,©“]Τ“,–ΎΞ,’©–¶’¬,282031,•ΊΙ§,–ΎΞs,’©–¶“μ’¬‚P’–Ϊ,2022[sanitize]03[sanitize]08,06,‚»‚Μ‘Ό,’“Τi—Φjκ,20Ξ‘γ,‘εw¶,{ω‚Ή‚Έ
ή“,©“]Τ“,–ΎΞ,–{’¬,282031,•ΊΙ§,–ΎΞs,’b΅‰®’¬,2022[sanitize]09[sanitize]24,19,‚SK‚ΔΘγ‹¤“―Z‘ξ,‚»‚Μ‘Ό,30Ξ‘γ,‚»‚Μ‘Ό,{ω‚Ή‚Έ
ή“,©“]Τ“,–ΎΞ,–{’¬,282031,•ΊΙ§,–ΎΞs,χ’¬,2022[sanitize]08[sanitize]01,00,‚SK‚ΔΘγ‹¤“―Z‘ξ,’“Τi—Φjκ,40Ξ‘γ,‚»‚Μ‘Ό,{ω‚Ή‚Έ
ή“,©“]Τ“,–ΎΞ,–{’¬,282031,•ΊΙ§,–ΎΞs,’M‰®’¬,2022[sanitize]03[sanitize]19,11,‚»‚Μ‘Ό‚ΜZ‘ξi‚RK‚ΔΘ‰Ί‹¤“―Z‘ξ“™j,’“Τi—Φjκ,20Ξ‘γ,‚»‚Μ‘Ό,{ω‚µ‚½
ή“,©“]Τ“,–ΎΞ,–{’¬,282031,•ΊΙ§,–ΎΞs,“ϊ•x”ό’¬,2022[sanitize]07[sanitize]02,18,κΛZ‘ξ,’“Τi—Φjκ,10Ξ–Ά–,¬w¶,{ω‚Ή‚Έ
ή“,©“]Τ“,–ΎΞ,–{’¬,282031,•ΊΙ§,–ΎΞs,“ϊ•x”ό’¬,2022[sanitize]11[sanitize]24,21,κΛZ‘ξ,‚»‚Μ‘Ό,30Ξ‘γ,‘εw¶,{ω‚Ή‚Έ
ή“,©“]Τ“,–ΎΞ,–{’¬,282031,•ΊΙ§,–ΎΞs,–{’¬‚P’–Ϊ,2022[sanitize]09[sanitize]14,09,“ΉHγ,‚»‚Μ‘Ό,50Ξ‘γ,‚»‚Μ‘Ό,{ω‚Ή‚Έ
ή“,©“]Τ“,–ΎΞ,–{’¬,282031,•ΊΙ§,–ΎΞs,–{’¬‚P’–Ϊ,2022[sanitize]11[sanitize]07,10,“ΉHγ,‚»‚Μ‘Ό,70ΞΘγ,‚»‚Μ‘Ό,{ω‚Ή‚Έ
ή“,©“]Τ“,–ΎΞ,–{’¬,282031,•ΊΙ§,–ΎΞs,–{’¬‚P’–Ϊ,2022[sanitize]11[sanitize]25,21,“ΉHγ,‚»‚Μ‘Ό,40Ξ‘γ,‚»‚Μ‘Ό,{ω‚Ή‚Έ
ή“,©“]Τ“,–ΎΞ,–{’¬,282031,•ΊΙ§,–ΎΞs,–{’¬‚Q’–Ϊ,2022[sanitize]07[sanitize]01,09,“ΉHγ,‚»‚Μ‘Ό,40Ξ‘γ,‚»‚Μ‘Ό,{ω‚Ή‚Έ
ή“,©“]Τ“,–ΎΞ,–{’¬,282031,•ΊΙ§,–ΎΞs,–{’¬‚Q’–Ϊ,2022[sanitize]07[sanitize]05,09,’“Τi—Φjκ,’“Τi—Φjκ,10Ξ‘γ,‚»‚Μ‘Ό,{ω‚Ή‚Έ
ή“,©“]Τ“,–ΎΞ,–{’¬,282031,•ΊΙ§,–ΎΞs,–{’¬‚Q’–Ϊ,2022[sanitize]08[sanitize]04,06,‚»‚Μ‘Ό,’“Τi—Φjκ,50Ξ‘γ,‚»‚Μ‘Ό,{ω‚µ‚½
ή“,©“]Τ“,–ΎΞ,–{’¬,282031,•ΊΙ§,–ΎΞs,–{’¬‚Q’–Ϊ,2022[sanitize]08[sanitize]06,22,‚»‚Μ‘Ό‚ΜZ‘ξi‚RK‚ΔΘ‰Ί‹¤“―Z‘ξ“™j,’“Τi—Φjκ,10Ξ‘γ,’†w¶,{ω‚µ‚½
ή“,©“]Τ“,–ΎΞ,–{’¬,282031,•ΊΙ§,–ΎΞs,–{’¬‚Q’–Ϊ,2022[sanitize]10[sanitize]04,14,’“Τi—Φjκ,’“Τi—Φjκ,10Ξ‘γ,‚Z¶,{ω‚Ή‚Έ
ή“,©“]Τ“,–ΎΞ,–{’¬,282031,•ΊΙ§,–ΎΞs,–{’¬‚Q’–Ϊ,2022[sanitize]10[sanitize]04,16,’“Τi—Φjκ,’“Τi—Φjκ,50Ξ‘γ,‚»‚Μ‘Ό,{ω‚µ‚½
ή“,©“]Τ“,–ΎΞ,–{’¬,282031,•ΊΙ§,–ΎΞs,–{’¬‚Q’–Ϊ,2022[sanitize]10[sanitize]28,19,’“Τi—Φjκ,’“Τi—Φjκ,10Ξ‘γ,‚Z¶,{ω‚µ‚½
ή“,©“]Τ“,–ΎΞ,–{’¬,282031,•ΊΙ§,–ΎΞs,–{’¬‚Q’–Ϊ,2022[sanitize]11[sanitize]08,17,’“Τi—Φjκ,’“Τi—Φjκ,10Ξ‘γ,‚Z¶,{ω‚Ή‚Έ
ή“,©“]Τ“,–ΎΞ,–{’¬,282031,•ΊΙ§,–ΎΞs,–{’¬‚Q’–Ϊ,2022[sanitize]11[sanitize]16,07,‚»‚Μ‘Ό,’“Τi—Φjκ,10Ξ‘γ,‚Z¶,{ω‚Ή‚Έ
ή“,©“]Τ“,–ΎΞ,–{’¬,282031,•ΊΙ§,–ΎΞs,–¦’¬,2022[sanitize]03[sanitize]27,20,“ΉHγ,‚»‚Μ‘Ό,20Ξ‘γ,‚»‚Μ‘Ό,{ω‚Ή‚Έ
ή“,©“]Τ“,–ΎΞ,–{’¬,282031,•ΊΙ§,–ΎΞs,–¦’¬,2022[sanitize]11[sanitize]24,19,“ΉHγ,‚»‚Μ‘Ό,50Ξ‘γ,‚»‚Μ‘Ό,{ω‚Ή‚Έ
ή“,©“]Τ“,–ΎΞ,““ρ©,282031,•ΊΙ§,–ΎΞs,‹›Z’¬΄…,2022[sanitize]09[sanitize]10,14,‚»‚Μ‘Ό,’“Τi—Φjκ,10Ξ‘γ,’†w¶,{ω‚Ή‚Έ
ή“,©“]Τ“,–ΎΞ,““ρ©,282031,•ΊΙ§,–ΎΞs,“ρ©’¬Ό“ρ©,2022[sanitize]03[sanitize]23,16,κΛZ‘ξ,’“Τi—Φjκ,10Ξ‘γ,‚Z¶,{ω‚Ή‚Έ
ή“,©“]Τ“,–ΎΞ,““ρ©,282031,•ΊΙ§,–ΎΞs,“ρ©’¬Ό“ρ©,2022[sanitize]10[sanitize]22,17,‚SK‚ΔΘγ‹¤“―Z‘ξ,’“Τi—Φjκ,10Ξ‘γ,‚»‚Μ‘Ό,{ω‚Ή‚Έ
ή“,©“]Τ“,–ΎΞ,““ρ©,282031,•ΊΙ§,–ΎΞs,“ρ©’¬““ρ©,2021[sanitize]04[sanitize]04,13,‚SK‚ΔΘγ‹¤“―Z‘ξ,’“Τi—Φjκ,40Ξ‘γ,‚»‚Μ‘Ό,{ω‚µ‚½
ή“,©“]Τ“,–ΎΞ,““ρ©,282031,•ΊΙ§,–ΎΞs,“ρ©’¬““ρ©,2022[sanitize]04[sanitize]07,18,’“Τi—Φjκ,’“Τi—Φjκ,20Ξ‘γ,‚»‚Μ‘Ό,{ω‚Ή‚Έ
ή“,©“]Τ“,–ΎΞ,““ρ©,282031,•ΊΙ§,–ΎΞs,“ρ©’¬““ρ©,2022[sanitize]04[sanitize]17,00,’“Τi—Φjκ,’“Τi—Φjκ,60[sanitize]64Ξ,‚»‚Μ‘Ό,{ω‚Ή‚Έ
ή“,©“]Τ“,–ΎΞ,““ρ©,282031,•ΊΙ§,–ΎΞs,“ρ©’¬““ρ©,2022[sanitize]05[sanitize]05,18,‚»‚Μ‘Ό,’“Τi—Φjκ,50Ξ‘γ,‚»‚Μ‘Ό,{ω‚Ή‚Έ
ή“,©“]Τ“,–ΎΞ,““ρ©,282031,•ΊΙ§,–ΎΞs,“ρ©’¬““ρ©,2022[sanitize]07[sanitize]25,11,‚»‚Μ‘Ό,’“Τi—Φjκ,20Ξ‘γ,‚»‚Μ‘Ό,{ω‚µ‚½
ή“,©“]Τ“,–ΎΞ,““ρ©,282031,•ΊΙ§,–ΎΞs,“ρ©’¬““ρ©,2022[sanitize]10[sanitize]07,22,‚SK‚ΔΘγ‹¤“―Z‘ξ,’“Τi—Φjκ,10Ξ‘γ,‘εw¶,{ω‚Ή‚Έ
ή“,©“]Τ“,–ΎΞ,““ρ©,282031,•ΊΙ§,–ΎΞs,“ρ©’¬““ρ©,2022[sanitize]10[sanitize]25,18,‚»‚Μ‘Ό‚ΜZ‘ξi‚RK‚ΔΘ‰Ί‹¤“―Z‘ξ“™j,‚»‚Μ‘Ό,20Ξ‘γ,‚»‚Μ‘Ό,{ω‚Ή‚Έ
ή“,©“]Τ“,–ΎΞ,““ρ©,282031,•ΊΙ§,–ΎΞs,“ρ©’¬““ρ©,2022[sanitize]12[sanitize]01,14,‚»‚Μ‘Ό,’“Τi—Φjκ,60[sanitize]64Ξ,‚»‚Μ‘Ό,{ω‚µ‚½
ή“,©“]Τ“,–ΎΞ,““ρ©,282031,•ΊΙ§,–ΎΞs,“ρ©’¬““ρ©,2022[sanitize]12[sanitize]06,18,‚»‚Μ‘Ό,’“Τi—Φjκ,20Ξ‘γ,‚»‚Μ‘Ό,{ω‚µ‚½
ή“,©“]Τ“,–ΎΞ,““ρ©,282031,•ΊΙ§,–ΎΞs,“ρ©’¬““ρ©,2022[sanitize]12[sanitize]07,08,’“Τi—Φjκ,’“Τi—Φjκ,60[sanitize]64Ξ,‚»‚Μ‘Ό,{ω‚µ‚½
ή“,©“]Τ“,–ΎΞ,““ρ©,282031,•ΊΙ§,–ΎΞs,“ρ©’¬““ρ©,2022[sanitize]12[sanitize]09,19,‚»‚Μ‘Ό,’“Τi—Φjκ,10Ξ‘γ,¬w¶,{ω‚Ή‚Έ
ή“,©“]Τ“,–ΎΞ,““ρ©,282031,•ΊΙ§,–ΎΞs,“ρ©’¬Ό“ρ©‰w‘O‚P’–Ϊ,2022[sanitize]06[sanitize]11,09,‚»‚Μ‘Ό,’“Τi—Φjκ,10Ξ‘γ,¬w¶,{ω‚Ή‚Έ
ή“,©“]Τ“,–ΎΞ,““ρ©,282031,•ΊΙ§,–ΎΞs,“ρ©’¬Ό“ρ©‰w‘O‚P’–Ϊ,2022[sanitize]08[sanitize]16,09,‚»‚Μ‘Ό,’“Τi—Φjκ,10Ξ‘γ,’†w¶,{ω‚Ή‚Έ
ή“,©“]Τ“,–ΎΞ,““ρ©,282031,•ΊΙ§,–ΎΞs,“ρ©’¬Ό“ρ©‰w‘O‚P’–Ϊ,2022[sanitize]10[sanitize]23,10,‚»‚Μ‘Ό,’“Τi—Φjκ,10Ξ‘γ,‚Z¶,{ω‚Ή‚Έ
ή“,©“]Τ“,–ΎΞ,““ρ©,282031,•ΊΙ§,–ΎΞs,“ρ©’¬Ό“ρ©‰w‘O‚Q’–Ϊ,2022[sanitize]05[sanitize]14,20,’“Τi—Φjκ,’“Τi—Φjκ,30Ξ‘γ,‚»‚Μ‘Ό,{ω‚µ‚½
ή“,©“]Τ“,–ΎΞ,““ρ©,282031,•ΊΙ§,–ΎΞs,“ρ©’¬Ό“ρ©‰w‘O‚Q’–Ϊ,2022[sanitize]09[sanitize]25,15,‚»‚Μ‘Ό,‚»‚Μ‘Ό,10Ξ‘γ,’†w¶,{ω‚Ή‚Έ
ή“,©“]Τ“,–ΎΞ,““ρ©,282031,•ΊΙ§,–ΎΞs,“ρ©’¬Ό“ρ©‰w‘O‚S’–Ϊ,2022[sanitize]01[sanitize]30,20,‚»‚Μ‘Ό,’“Τi—Φjκ,10Ξ‘γ,’†w¶,{ω‚µ‚½
ή“,©“]Τ“,–ΎΞ,““ρ©,282031,•ΊΙ§,–ΎΞs,“ρ©’¬Ό“ρ©‰w‘O‚S’–Ϊ,2022[sanitize]02[sanitize]17,20,‚»‚Μ‘Ό,‚»‚Μ‘Ό,10Ξ‘γ,’†w¶,{ω‚µ‚½
ή“,©“]Τ“,–ΎΞ,—Ρθ,282031,•ΊΙ§,–ΎΞs,μθ’¬,2022[sanitize]05[sanitize]12,08,‚»‚Μ‘Ό,’“Τi—Φjκ,30Ξ‘γ,‚»‚Μ‘Ό,{ω‚Ή‚Έ
ή“,©“]Τ“,–ΎΞ,—Ρθ,282031,•ΊΙ§,–ΎΞs,‹Mθ‚R’–Ϊ,2022[sanitize]10[sanitize]31,19,‚»‚Μ‘Ό‚ΜZ‘ξi‚RK‚ΔΘ‰Ί‹¤“―Z‘ξ“™j,’“Τi—Φjκ,30Ξ‘γ,‚»‚Μ‘Ό,{ω‚Ή‚Έ
ή“,©“]Τ“,–ΎΞ,—Ρθ,282031,•ΊΙ§,–ΎΞs,—Ρθ’¬‚Q’–Ϊ,2022[sanitize]11[sanitize]30,17,‚»‚Μ‘Ό,’“Τi—Φjκ,10Ξ‘γ,‚»‚Μ‘Ό,{ω‚Ή‚Έ
ή“,©“]Τ“,–ΎΞ,—Ρθ,282031,•ΊΙ§,–ΎΞs,—Ρθ’¬‚R’–Ϊ,2022[sanitize]06[sanitize]19,14,‚»‚Μ‘Ό,‚»‚Μ‘Ό,10Ξ‘γ,’†w¶,{ω‚Ή‚Έ
ή“,©“]Τ“,–ΎΞ,—Ρθ,282031,•ΊΙ§,–ΎΞs,—Ρθ’¬‚R’–Ϊ,2022[sanitize]08[sanitize]07,17,‚»‚Μ‘Ό,’“Τi—Φjκ,20Ξ‘γ,‘εw¶,{ω‚Ή‚Έ
ή“,©“]Τ“,–ΎΞ,—Ρθ,282031,•ΊΙ§,–ΎΞs,Ό],2022[sanitize]05[sanitize]11,20,‚»‚Μ‘Ό‚ΜZ‘ξi‚RK‚ΔΘ‰Ί‹¤“―Z‘ξ“™j,‚»‚Μ‘Ό,60[sanitize]64Ξ,‚»‚Μ‘Ό,{ω‚µ‚½
ή“,©“]Τ“,–ΎΞ,—Ρθ,282031,•ΊΙ§,–ΎΞs,“μ‹Mθ’¬,2022[sanitize]07[sanitize]08,09,‚»‚Μ‘Ό,’“Τi—Φjκ,10Ξ‘γ,’†w¶,{ω‚Ή‚Έ
ή“,©“]Τ“,–ΎΞ,—Ρθ,282031,•ΊΙ§,–ΎΞs,“μ‹Mθ’¬,2022[sanitize]09[sanitize]27,08,‚»‚Μ‘Ό,’“Τi—Φjκ,20Ξ‘γ,‘εw¶,{ω‚µ‚½
ή“,©“]Τ“,–ΎΞ,]δ“‡,282031,•ΊΙ§,–ΎΞs,‘ε‹v•Ϋ’¬]δ“‡,2022[sanitize]02[sanitize]02,18,‚»‚Μ‘Ό,‚»‚Μ‘Ό,10Ξ‘γ,’†w¶,{ω‚Ή‚Έ
ή“,©“]Τ“,–ΎΞ,]δ“‡,282031,•ΊΙ§,–ΎΞs,‘ε‹v•Ϋ’¬]δ“‡,2022[sanitize]06[sanitize]20,18,‚»‚Μ‘Ό,’“Τi—Φjκ,10Ξ‘γ,‚Z¶,{ω‚Ή‚Έ
ή“,©“]Τ“,–ΎΞ,]δ“‡,282031,•ΊΙ§,–ΎΞs,‘ε‹v•Ϋ’¬]δ“‡,2022[sanitize]09[sanitize]20,11,‚»‚Μ‘Ό,’“Τi—Φjκ,50Ξ‘γ,‚»‚Μ‘Ό,{ω‚Ή‚Έ
ή“,©“]Τ“,–ΎΞ,]δ“‡,282031,•ΊΙ§,–ΎΞs,‘ε‹v•Ϋ’¬]δ“‡,2022[sanitize]10[sanitize]10,13,κΛZ‘ξ,’“Τi—Φjκ,20Ξ‘γ,‚»‚Μ‘Ό,{ω‚Ή‚Έ
ή“,©“]Τ“,–ΎΞ,]δ“‡,282031,•ΊΙ§,–ΎΞs,‘ε‹v•Ϋ’¬Ό“‡,2022[sanitize]01[sanitize]15,21,κΛZ‘ξ,‚»‚Μ‘Ό,10Ξ‘γ,‚Z¶,{ω‚Ή‚Έ
ή“,©“]Τ“,–ΎΞ,]δ“‡,282031,•ΊΙ§,–ΎΞs,‘ε‹v•Ϋ’¬Ό“‡,2022[sanitize]05[sanitize]10,10,’“Τi—Φjκ,’“Τi—Φjκ,20Ξ‘γ,‚»‚Μ‘Ό,{ω‚µ‚½
ή“,©“]Τ“,–ΎΞ,]δ“‡,282031,•ΊΙ§,–ΎΞs,‘ε‹v•Ϋ’¬Ό“‡,2022[sanitize]06[sanitize]13,08,‚»‚Μ‘Ό,’“Τi—Φjκ,10Ξ‘γ,‚Z¶,{ω‚Ή‚Έ
ή“,©“]Τ“,–ΎΞ,]δ“‡,282031,•ΊΙ§,–ΎΞs,‘ε‹v•Ϋ’¬Ό“‡,2022[sanitize]06[sanitize]15,22,‚»‚Μ‘Ό,’“Τi—Φjκ,60[sanitize]64Ξ,‚»‚Μ‘Ό,{ω‚Ή‚Έ
ή“,©“]Τ“,–ΎΞ,]δ“‡,282031,•ΊΙ§,–ΎΞs,‘ε‹v•Ϋ’¬Ό“‡,2022[sanitize]06[sanitize]28,19,‚»‚Μ‘Ό,’“Τi—Φjκ,10Ξ‘γ,‘εw¶,{ω‚Ή‚Έ
ή“,©“]Τ“,–ΎΞ,“΅],282031,•ΊΙ§,–ΎΞs,“΅],2022[sanitize]02[sanitize]06,14,“ΉHγ,‚»‚Μ‘Ό,10Ξ‘γ,‚Z¶,{ω‚µ‚½
ή“,©“]Τ“,–ΎΞ,“΅],282031,•ΊΙ§,–ΎΞs,“΅],2022[sanitize]03[sanitize]22,18,‚»‚Μ‘Ό,’“Τi—Φjκ,40Ξ‘γ,‚»‚Μ‘Ό,{ω‚Ή‚Έ
ή“,©“]Τ“,–ΎΞ,“΅],282031,•ΊΙ§,–ΎΞs,“΅],2022[sanitize]03[sanitize]24,07,‚»‚Μ‘Ό‚ΜZ‘ξi‚RK‚ΔΘ‰Ί‹¤“―Z‘ξ“™j,’“Τi—Φjκ,10Ξ‘γ,’†w¶,{ω‚Ή‚Έ
ή“,©“]Τ“,–ΎΞ,“΅],282031,•ΊΙ§,–ΎΞs,“΅],2022[sanitize]06[sanitize]03,09,’“Τi—Φjκ,’“Τi—Φjκ,10Ξ‘γ,‘εw¶,{ω‚Ή‚Έ
ή“,©“]Τ“,–ΎΞ,“΅],282031,•ΊΙ§,–ΎΞs,“΅],2022[sanitize]07[sanitize]16,10,‚»‚Μ‘Ό,’“Τi—Φjκ,40Ξ‘γ,‚»‚Μ‘Ό,{ω‚µ‚½
ή“,©“]Τ“,–ΎΞ,“΅],282031,•ΊΙ§,–ΎΞs,“΅],2022[sanitize]10[sanitize]13,22,‚»‚Μ‘Ό‚ΜZ‘ξi‚RK‚ΔΘ‰Ί‹¤“―Z‘ξ“™j,’“Τi—Φjκ,30Ξ‘γ,‚»‚Μ‘Ό,{ω‚µ‚½
ή“,©“]Τ“,–ΎΞ,“΅],282031,•ΊΙ§,–ΎΞs,“΅],2022[sanitize]10[sanitize]24,07,‚»‚Μ‘Ό,’“Τi—Φjκ,10Ξ‘γ,‚»‚Μ‘Ό,{ω‚Ή‚Έ
ή“,©“]Τ“,–ΎΞ,“΅],282031,•ΊΙ§,–ΎΞs,“΅],2022[sanitize]11[sanitize]22,21,‚»‚Μ‘Ό,’“Τi—Φjκ,50Ξ‘γ,‚»‚Μ‘Ό,{ω‚Ή‚Έ
ή“,©“]Τ“,–ΎΞ,Ό“ρ©,282031,•ΊΙ§,–ΎΞs,‹›Z’¬΄…,2022[sanitize]01[sanitize]15,10,“ΉHγ,‚»‚Μ‘Ό,50Ξ‘γ,‚»‚Μ‘Ό,{ω‚Ή‚Έ
ή“,©“]Τ“,–ΎΞ,Ό“ρ©,282031,•ΊΙ§,–ΎΞs,‹›Z’¬΄…,2022[sanitize]03[sanitize]29,00,‚»‚Μ‘Ό,’“Τi—Φjκ,10Ξ‘γ,’†w¶,{ω‚Ή‚Έ
ή“,©“]Τ“,–ΎΞ,Ό“ρ©,282031,•ΊΙ§,–ΎΞs,‹›Z’¬΄…,2022[sanitize]05[sanitize]27,00,‚»‚Μ‘Ό,’“Τi—Φjκ,70ΞΘγ,‚»‚Μ‘Ό,{ω‚µ‚½
ή“,©“]Τ“,–ΎΞ,Ό“ρ©,282031,•ΊΙ§,–ΎΞs,‹›Z’¬΄…,2022[sanitize]06[sanitize]03,16,‚»‚Μ‘Ό,’“Τi—Φjκ,60[sanitize]64Ξ,‚»‚Μ‘Ό,{ω‚µ‚½
ή“,©“]Τ“,–ΎΞ,Ό“ρ©,282031,•ΊΙ§,–ΎΞs,‹›Z’¬΄…,2022[sanitize]09[sanitize]13,23,‚»‚Μ‘Ό,’“Τi—Φjκ,50Ξ‘γ,‚»‚Μ‘Ό,{ω‚Ή‚Έ
ή“,©“]Τ“,–ΎΞ,Ό“ρ©,282031,•ΊΙ§,–ΎΞs,“ρ©’¬Ό“ρ©,2022[sanitize]01[sanitize]01,00,‚SK‚ΔΘγ‹¤“―Z‘ξ,’“Τi—Φjκ,70ΞΘγ,‚»‚Μ‘Ό,{ω‚Ή‚Έ
ή“,©“]Τ“,–ΎΞ,Ό“ρ©,282031,•ΊΙ§,–ΎΞs,“ρ©’¬Ό“ρ©,2022[sanitize]04[sanitize]14,08,’“Τi—Φjκ,’“Τi—Φjκ,10Ξ‘γ,‚Z¶,{ω‚Ή‚Έ
ή“,©“]Τ“,–ΎΞ,Ό“ρ©,282031,•ΊΙ§,–ΎΞs,“ρ©’¬Ό“ρ©,2022[sanitize]06[sanitize]01,21,‚»‚Μ‘Ό,’“Τi—Φjκ,20Ξ‘γ,‚»‚Μ‘Ό,{ω‚Ή‚Έ
ή“,©“]Τ“,–ΎΞ,Ό“ρ©,282031,•ΊΙ§,–ΎΞs,“ρ©’¬Ό“ρ©,2022[sanitize]07[sanitize]30,02,‚SK‚ΔΘγ‹¤“―Z‘ξ,’“Τi—Φjκ,50Ξ‘γ,‚»‚Μ‘Ό,{ω‚Ή‚Έ
ή“,©“]Τ“,–ΎΞ,Ό“ρ©,282031,•ΊΙ§,–ΎΞs,“ρ©’¬Ό“ρ©,2022[sanitize]09[sanitize]05,22,‚SK‚ΔΘγ‹¤“―Z‘ξ,’“Τi—Φjκ,10Ξ‘γ,‚Z¶,{ω‚Ή‚Έ
ή“,©“]Τ“,–ΎΞ,Ό“ρ©,282031,•ΊΙ§,–ΎΞs,“ρ©’¬Ό“ρ©,2022[sanitize]09[sanitize]28,23,‚SK‚ΔΘγ‹¤“―Z‘ξ,’“Τi—Φjκ,50Ξ‘γ,‚»‚Μ‘Ό,{ω‚Ή‚Έ
ή“,©“]Τ“,–ΎΞ,Ό“ρ©,282031,•ΊΙ§,–ΎΞs,“ρ©’¬Ό“ρ©,2022[sanitize]10[sanitize]01,06,‚»‚Μ‘Ό,’“Τi—Φjκ,20Ξ‘γ,‚»‚Μ‘Ό,{ω‚Ή‚Έ
ή“,©“]Τ“,–ΎΞ,Ό“ρ©,282031,•ΊΙ§,–ΎΞs,“ρ©’¬Ό“ρ©,2022[sanitize]11[sanitize]22,21,‚»‚Μ‘Ό‚ΜZ‘ξi‚RK‚ΔΘ‰Ί‹¤“―Z‘ξ“™j,’“Τi—Φjκ,20Ξ‘γ,‚»‚Μ‘Ό,{ω‚Ή‚Έ
ή“,©“]Τ“,–ΎΞ,Ό“ρ©,282031,•ΊΙ§,–ΎΞs,“ρ©’¬Ό“ρ©,2022[sanitize]12[sanitize]24,07,κΛZ‘ξ,’“Τi—Φjκ,60[sanitize]64Ξ,‚»‚Μ‘Ό,{ω‚Ή‚Έ
ή“,©“]Τ“,–ΎΞ,Ό“ρ©,282031,•ΊΙ§,–ΎΞs,“ρ©’¬•—Ά,2021[sanitize]12[sanitize]01,17,κΛZ‘ξ,’“Τi—Φjκ,10Ξ–Ά–,¬w¶,{ω‚Ή‚Έ
ή“,©“]Τ“,–ΎΞ,Ό“ρ©,282031,•ΊΙ§,–ΎΞs,“ρ©’¬•—Ά,2022[sanitize]06[sanitize]17,19,’“Τi—Φjκ,’“Τi—Φjκ,30Ξ‘γ,‚»‚Μ‘Ό,{ω‚µ‚½
ή“,©“]Τ“,–ΎΞ,Ό“ρ©,282031,•ΊΙ§,–ΎΞs,“ρ©’¬•—Ά,2022[sanitize]11[sanitize]12,12,κΛZ‘ξ,‚»‚Μ‘Ό,70ΞΘγ,‚»‚Μ‘Ό,{ω‚µ‚½
ή“,©“]Τ“,–ΎΞ,Ό“ρ©,282031,•ΊΙ§,–ΎΞs,“ρ©’¬Ό“ρ©‰w‘O‚S’–Ϊ,2022[sanitize]04[sanitize]13,06,’“Τi—Φjκ,’“Τi—Φjκ,30Ξ‘γ,‚»‚Μ‘Ό,{ω‚µ‚½
ή“,©“]Τ“,–ΎΞ,ΌV’¬,282031,•ΊΙ§,–ΎΞs,¥’¬‚R’–Ϊ,2022[sanitize]02[sanitize]09,18,‚SK‚ΔΘγ‹¤“―Z‘ξ,’“Τi—Φjκ,10Ξ‘γ,‘εw¶,{ω‚µ‚½
ή“,©“]Τ“,–ΎΞ,ΌV’¬,282031,•ΊΙ§,–ΎΞs,¥’¬‚R’–Ϊ,2022[sanitize]07[sanitize]24,14,‚»‚Μ‘Ό‚ΜZ‘ξi‚RK‚ΔΘ‰Ί‹¤“―Z‘ξ“™j,’“Τi—Φjκ,50Ξ‘γ,‚»‚Μ‘Ό,{ω‚µ‚½
ή“,©“]Τ“,–ΎΞ,ΌV’¬,282031,•ΊΙ§,–ΎΞs,“c’¬‚P’–Ϊ,2022[sanitize]02[sanitize]09,18,‚SK‚ΔΘγ‹¤“―Z‘ξ,’“Τi—Φjκ,30Ξ‘γ,‚»‚Μ‘Ό,{ω‚Ή‚Έ
ή“,©“]Τ“,–ΎΞ,ΌV’¬,282031,•ΊΙ§,–ΎΞs,ΌV’¬‚P’–Ϊ,2022[sanitize]07[sanitize]30,00,’“Τi—Φjκ,’“Τi—Φjκ,20Ξ‘γ,‚»‚Μ‘Ό,{ω‚µ‚½
ή“,©“]Τ“,–ΎΞ,ΌV’¬,282031,•ΊΙ§,–ΎΞs,ΌV’¬‚Q’–Ϊ,2022[sanitize]10[sanitize]01,20,‚SK‚ΔΘγ‹¤“―Z‘ξ,‚»‚Μ‘Ό,10Ξ‘γ,‚»‚Μ‘Ό,{ω‚Ή‚Έ
ή“,©“]Τ“,–ΎΞ,ΌV’¬,282031,•ΊΙ§,–ΎΞs,ΌV’¬‚Q’–Ϊ,2022[sanitize]10[sanitize]18,18,‚»‚Μ‘Ό,’“Τi—Φjκ,10Ξ‘γ,’†w¶,{ω‚Ή‚Έ
ή“,©“]Τ“,–ΎΞ,ΌV’¬,282031,•ΊΙ§,–ΎΞs,ΌV’¬‚Q’–Ϊ,2022[sanitize]11[sanitize]11,15,“ΉHγ,‚»‚Μ‘Ό,10Ξ‘γ,¬w¶,{ω‚Ή‚Έ
ή“,©“]Τ“,–ΎΞ,ΌV’¬,282031,•ΊΙ§,–ΎΞs,ΌV’¬‚Q’–Ϊ,2022[sanitize]12[sanitize]03,22,“ΉHγ,‚»‚Μ‘Ό,50Ξ‘γ,‚»‚Μ‘Ό,{ω‚Ή‚Έ
ή“,©“]Τ“,–ΎΞ,ΌV’¬,282031,•ΊΙ§,–ΎΞs,ΌV’¬‚R’–Ϊ,2022[sanitize]06[sanitize]04,12,κΛZ‘ξ,’“Τi—Φjκ,10Ξ‘γ,¬w¶,{ω‚Ή‚Έ
ή“,©“]Τ“,–ΎΞ,ΌV’¬,282031,•ΊΙ§,–ΎΞs,ΌV’¬‚R’–Ϊ,2022[sanitize]07[sanitize]19,07,‚»‚Μ‘Ό,’“Τi—Φjκ,10Ξ‘γ,‚Z¶,{ω‚Ή‚Έ
ή“,©“]Τ“,–ΎΞ,ΌV’¬,282031,•ΊΙ§,–ΎΞs,ΌV’¬‚R’–Ϊ,2022[sanitize]10[sanitize]18,07,‚»‚Μ‘Ό,’“Τi—Φjκ,10Ξ‘γ,’†w¶,{ω‚Ή‚Έ
ή“,©“]Τ“,–ΎΞ,ΌV’¬,282031,•ΊΙ§,–ΎΞs,ΌV’¬‚R’–Ϊ,2022[sanitize]11[sanitize]04,08,‚»‚Μ‘Ό,’“Τi—Φjκ,10Ξ‘γ,‚Z¶,{ω‚µ‚½
ή“,©“]Τ“,–ΎΞ,ΌV’¬,282031,•ΊΙ§,–ΎΞs,ΌV’¬‚R’–Ϊ,2022[sanitize]12[sanitize]07,18,’“Τi—Φjκ,’“Τi—Φjκ,10Ξ‘γ,’†w¶,{ω‚Ή‚Έ
ή“,©“]Τ“,–ΎΞ,ΌV’¬,282031,•ΊΙ§,–ΎΞs,‘Dγ’¬,2022[sanitize]07[sanitize]13,19,‚SK‚ΔΘγ‹¤“―Z‘ξ,’“Τi—Φjκ,10Ξ‘γ,‚»‚Μ‘Ό,{ω‚Ή‚Έ
ή“,©“]Τ“,–ΎΞ,ΌV’¬,282031,•ΊΙ§,–ΎΞs,“μ‰¤q’¬,2022[sanitize]06[sanitize]22,13,’“Τi—Φjκ,’“Τi—Φjκ,20Ξ‘γ,‚»‚Μ‘Ό,{ω‚Ή‚Έ
ή“,©“]Τ“,–ΎΞ,Ό–ΎΞ,282031,•ΊΙ§,–ΎΞs,Ό–ΎΞ“μ’¬‚P’–Ϊ,2022[sanitize]05[sanitize]01,21,‚»‚Μ‘Ό,’“Τi—Φjκ,20Ξ‘γ,‚»‚Μ‘Ό,{ω‚Ή‚Έ
ή“,©“]Τ“,–ΎΞ,Ό–ΎΞ,282031,•ΊΙ§,–ΎΞs,Ό–ΎΞ“μ’¬‚P’–Ϊ,2022[sanitize]05[sanitize]20,09,’“Τi—Φjκ,’“Τi—Φjκ,10Ξ‘γ,‘εw¶,{ω‚µ‚½
ή“,©“]Τ“,–ΎΞ,Ό–ΎΞ,282031,•ΊΙ§,–ΎΞs,Ό–ΎΞ“μ’¬‚P’–Ϊ,2022[sanitize]09[sanitize]29,07,‚»‚Μ‘Ό,’“Τi—Φjκ,10Ξ‘γ,‚Z¶,{ω‚Ή‚Έ
ή“,©“]Τ“,–ΎΞ,Ό–ΎΞ,282031,•ΊΙ§,–ΎΞs,Ό–ΎΞ“μ’¬‚P’–Ϊ,2022[sanitize]11[sanitize]16,07,‚»‚Μ‘Ό,’“Τi—Φjκ,10Ξ‘γ,‚Z¶,{ω‚µ‚½
ή“,©“]Τ“,–ΎΞ,Ό–ΎΞ,282031,•ΊΙ§,–ΎΞs,Ό–ΎΞ“μ’¬‚P’–Ϊ,2022[sanitize]11[sanitize]27,22,‚»‚Μ‘Ό,’“Τi—Φjκ,20Ξ‘γ,‚»‚Μ‘Ό,{ω‚Ή‚Έ
ή“,©“]Τ“,–ΎΞ,Ό–ΎΞ,282031,•ΊΙ§,–ΎΞs,Ό–ΎΞ“μ’¬‚Q’–Ϊ,2022[sanitize]02[sanitize]10,08,‚SK‚ΔΘγ‹¤“―Z‘ξ,‚»‚Μ‘Ό,40Ξ‘γ,‚»‚Μ‘Ό,{ω‚µ‚½
ή“,©“]Τ“,–ΎΞ,Ό–ΎΞ,282031,•ΊΙ§,–ΎΞs,Ό–ΎΞ“μ’¬‚Q’–Ϊ,2022[sanitize]05[sanitize]23,18,‚»‚Μ‘Ό,‚»‚Μ‘Ό,10Ξ‘γ,‚Z¶,{ω‚µ‚½
ή“,©“]Τ“,–ΎΞ,Ό–ΎΞ,282031,•ΊΙ§,–ΎΞs,Ό–ΎΞ“μ’¬‚Q’–Ϊ,2022[sanitize]10[sanitize]18,17,‚SK‚ΔΘγ‹¤“―Z‘ξ,’“Τi—Φjκ,10Ξ‘γ,‚Z¶,{ω‚Ή‚Έ
ή“,©“]Τ“,–ΎΞ,Ό–ΎΞ,282031,•ΊΙ§,–ΎΞs,Ό–ΎΞ“μ’¬‚Q’–Ϊ,2022[sanitize]11[sanitize]04,19,‚SK‚ΔΘγ‹¤“―Z‘ξ,’“Τi—Φjκ,20Ξ‘γ,‚»‚Μ‘Ό,{ω‚Ή‚Έ
ή“,©“]Τ“,–ΎΞ,Ό–ΎΞ,282031,•ΊΙ§,–ΎΞs,Ό–ΎΞ“μ’¬‚Q’–Ϊ,2022[sanitize]11[sanitize]14,15,‚»‚Μ‘Ό‚ΜZ‘ξi‚RK‚ΔΘ‰Ί‹¤“―Z‘ξ“™j,’“Τi—Φjκ,50Ξ‘γ,‚»‚Μ‘Ό,{ω‚µ‚½
ή“,©“]Τ“,–ΎΞ,Ό–ΎΞ,282031,•ΊΙ§,–ΎΞs,Ό–ΎΞ“μ’¬‚R’–Ϊ,2022[sanitize]04[sanitize]17,19,‚»‚Μ‘Ό,’“Τi—Φjκ,10Ξ‘γ,’†w¶,{ω‚Ή‚Έ
ή“,©“]Τ“,–ΎΞ,Ό–ΎΞ,282031,•ΊΙ§,–ΎΞs,Ό–ΎΞ“μ’¬‚R’–Ϊ,2022[sanitize]05[sanitize]07,08,‚»‚Μ‘Ό,’“Τi—Φjκ,10Ξ‘γ,‘εw¶,{ω‚Ή‚Έ
ή“,©“]Τ“,–ΎΞ,Ό–ΎΞ,282031,•ΊΙ§,–ΎΞs,Ό–ΎΞ“μ’¬‚R’–Ϊ,2022[sanitize]09[sanitize]24,10,‚SK‚ΔΘγ‹¤“―Z‘ξ,’“Τi—Φjκ,40Ξ‘γ,‚»‚Μ‘Ό,{ω‚µ‚½
ή“,©“]Τ“,–ΎΞ,Ό–ΎΞ,282031,•ΊΙ§,–ΎΞs,Ό–ΎΞ“μ’¬‚R’–Ϊ,2022[sanitize]10[sanitize]21,15,‚»‚Μ‘Ό,’“Τi—Φjκ,10Ξ‘γ,‚Z¶,{ω‚µ‚½
ή“,©“]Τ“,–ΎΞ,Ό–ΎΞ,282031,•ΊΙ§,–ΎΞs,Ό–ΎΞ“μ’¬‚R’–Ϊ,2022[sanitize]11[sanitize]05,14,‚»‚Μ‘Ό,’“Τi—Φjκ,30Ξ‘γ,‚»‚Μ‘Ό,{ω‚Ή‚Έ
ή“,©“]Τ“,–ΎΞ,‚‹u,282031,•ΊΙ§,–ΎΞs,‘ε‹v•Ϋ’¬‘εE,2022[sanitize]10[sanitize]10,10,‚»‚Μ‘Ό‚ΜZ‘ξi‚RK‚ΔΘ‰Ί‹¤“―Z‘ξ“™j,’“Τi—Φjκ,60[sanitize]64Ξ,‚»‚Μ‘Ό,{ω‚µ‚½
ή“,©“]Τ“,–ΎΞ,‚‹u,282031,•ΊΙ§,–ΎΞs,‘ε‹v•Ϋ’¬‘εE,2022[sanitize]10[sanitize]11,01,‚»‚Μ‘Ό‚ΜZ‘ξi‚RK‚ΔΘ‰Ί‹¤“―Z‘ξ“™j,’“Τi—Φjκ,50Ξ‘γ,‚»‚Μ‘Ό,{ω‚µ‚½
ή“,©“]Τ“,–ΎΞ,‚‹u,282031,•ΊΙ§,–ΎΞs,‘ε‹v•Ϋ’¬‘εE,2022[sanitize]12[sanitize]15,19,‚»‚Μ‘Ό‚ΜZ‘ξi‚RK‚ΔΘ‰Ί‹¤“―Z‘ξ“™j,’“Τi—Φjκ,20Ξ‘γ,‚»‚Μ‘Ό,{ω‚Ή‚Έ
ή“,©“]Τ“,–ΎΞ,‚‹u,282031,•ΊΙ§,–ΎΞs,‘ε‹v•Ϋ’¬‚‹u‚T’–Ϊ,2022[sanitize]06[sanitize]11,19,’“Τi—Φjκ,’“Τi—Φjκ,30Ξ‘γ,‚»‚Μ‘Ό,{ω‚Ή‚Έ
ή“,©“]Τ“,–ΎΞ,‚‹u,282031,•ΊΙ§,–ΎΞs,‘ε‹v•Ϋ’¬‚‹u‚V’–Ϊ,2022[sanitize]04[sanitize]02,22,κΛZ‘ξ,’“Τi—Φjκ,10Ξ‘γ,‚Z¶,{ω‚Ή‚Έ
ή“,©“]Τ“,–ΎΞ,‚‹u,282031,•ΊΙ§,–ΎΞs,‘ε‹v•Ϋ’¬‚‹u‚V’–Ϊ,2022[sanitize]04[sanitize]13,20,‚SK‚ΔΘγ‹¤“―Z‘ξ,’“Τi—Φjκ,10Ξ‘γ,’†w¶,{ω‚µ‚½
ή“,©“]Τ“,–ΎΞ,‚‹u,282031,•ΊΙ§,–ΎΞs,‘ε‹v•Ϋ’¬Rθ‘δ‚P’–Ϊ,2022[sanitize]10[sanitize]06,21,κΛZ‘ξ,‚»‚Μ‘Ό,30Ξ‘γ,‚»‚Μ‘Ό,{ω‚Ή‚Έ
ή“,©“]Τ“,–ΎΞ,‹›Z,282031,•ΊΙ§,–ΎΞs,‹›Z’¬΄…,2022[sanitize]03[sanitize]06,12,κΛZ‘ξ,‚»‚Μ‘Ό,50Ξ‘γ,‚»‚Μ‘Ό,{ω‚Ή‚Έ
ή“,©“]Τ“,–ΎΞ,‹›Z,282031,•ΊΙ§,–ΎΞs,‹›Z’¬΄…,2022[sanitize]05[sanitize]18,17,‚»‚Μ‘Ό‚ΜZ‘ξi‚RK‚ΔΘ‰Ί‹¤“―Z‘ξ“™j,’“Τi—Φjκ,40Ξ‘γ,‚»‚Μ‘Ό,{ω‚µ‚½
ή“,©“]Τ“,–ΎΞ,‹›Z,282031,•ΊΙ§,–ΎΞs,‹›Z’¬΄…,2022[sanitize]05[sanitize]20,17,‚SK‚ΔΘγ‹¤“―Z‘ξ,’“Τi—Φjκ,10Ξ‘γ,’†w¶,{ω‚Ή‚Έ
ή“,©“]Τ“,–ΎΞ,‹›Z,282031,•ΊΙ§,–ΎΞs,‹›Z’¬΄…,2022[sanitize]09[sanitize]05,16,κΛZ‘ξ,’“Τi—Φjκ,70ΞΘγ,‚»‚Μ‘Ό,{ω‚µ‚½
ή“,©“]Τ“,–ΎΞ,‹›Z,282031,•ΊΙ§,–ΎΞs,‹›Z’¬’·β›,2022[sanitize]01[sanitize]11,21,‚»‚Μ‘Ό‚ΜZ‘ξi‚RK‚ΔΘ‰Ί‹¤“―Z‘ξ“™j,’“Τi—Φjκ,20Ξ‘γ,‚»‚Μ‘Ό,{ω‚Ή‚Έ
ή“,©“]Τ“,–ΎΞ,‹›Z,282031,•ΊΙ§,–ΎΞs,‹›Z’¬’†”φ,2022[sanitize]04[sanitize]07,20,‚»‚Μ‘Ό,’“Τi—Φjκ,10Ξ‘γ,‚Z¶,{ω‚Ή‚Έ
ή“,©“]Τ“,–ΎΞ,‹›Z,282031,•ΊΙ§,–ΎΞs,‹›Z’¬’†”φ,2022[sanitize]07[sanitize]25,07,‚»‚Μ‘Ό,’“Τi—Φjκ,10Ξ‘γ,’†w¶,{ω‚Ή‚Έ
ή“,©“]Τ“,–ΎΞ,‹›Z,282031,•ΊΙ§,–ΎΞs,‹›Z’¬’†”φ,2022[sanitize]07[sanitize]25,08,‚»‚Μ‘Ό,’“Τi—Φjκ,10Ξ‘γ,‚Z¶,{ω‚Ή‚Έ
ή“,©“]Τ“,–ΎΞ,‹›Z,282031,•ΊΙ§,–ΎΞs,‹›Z’¬’†”φ,2022[sanitize]07[sanitize]30,21,‚»‚Μ‘Ό‚ΜZ‘ξi‚RK‚ΔΘ‰Ί‹¤“―Z‘ξ“™j,’“Τi—Φjκ,30Ξ‘γ,‚»‚Μ‘Ό,{ω‚µ‚½
ή“,©“]Τ“,–ΎΞ,‹›Z,282031,•ΊΙ§,–ΎΞs,‹›Z’¬’†”φ,2022[sanitize]08[sanitize]25,07,’“Τi—Φjκ,’“Τi—Φjκ,20Ξ‘γ,‚»‚Μ‘Ό,{ω‚Ή‚Έ
ή“,©“]Τ“,–ΎΞ,‹›Z,282031,•ΊΙ§,–ΎΞs,‹›Z’¬’†”φ,2022[sanitize]09[sanitize]06,06,‚»‚Μ‘Ό,’“Τi—Φjκ,30Ξ‘γ,‚»‚Μ‘Ό,{ω‚µ‚½
ή“,©“]Τ“,–ΎΞ,‹›Z,282031,•ΊΙ§,–ΎΞs,‹›Z’¬’†”φ,2022[sanitize]09[sanitize]28,05,‚»‚Μ‘Ό,’“Τi—Φjκ,20Ξ‘γ,‚»‚Μ‘Ό,{ω‚Ή‚Έ
ή“,©“]Τ“,–ΎΞ,‹›Z,282031,•ΊΙ§,–ΎΞs,‹›Z’¬’†”φ,2022[sanitize]11[sanitize]20,18,‚»‚Μ‘Ό,’“Τi—Φjκ,10Ξ‘γ,‚Z¶,{ω‚µ‚½
ή“,©“]Τ“,–ΎΞ,‹›Z,282031,•ΊΙ§,–ΎΞs,‹›Z’¬Ό‰ª,2022[sanitize]04[sanitize]24,17,‚»‚Μ‘Ό‚ΜZ‘ξi‚RK‚ΔΘ‰Ί‹¤“―Z‘ξ“™j,’“Τi—Φjκ,40Ξ‘γ,‚»‚Μ‘Ό,{ω‚µ‚½
ή“,©“]Τ“,–ΎΞ,‹›Z,282031,•ΊΙ§,–ΎΞs,‹›Z’¬Ό‰ª,2022[sanitize]07[sanitize]01,18,’“Τi—Φjκ,’“Τi—Φjκ,20Ξ‘γ,‚»‚Μ‘Ό,{ω‚Ή‚Έ
ή“,©“]Τ“,–ΎΞ,‹›Z,282031,•ΊΙ§,–ΎΞs,‹›Z’¬Ό‰ª,2022[sanitize]07[sanitize]23,18,‚»‚Μ‘Ό‚ΜZ‘ξi‚RK‚ΔΘ‰Ί‹¤“―Z‘ξ“™j,’“Τi—Φjκ,10Ξ‘γ,‚Z¶,{ω‚µ‚½
ή“,©“]Τ“,–ΎΞ,‹›Z,282031,•ΊΙ§,–ΎΞs,‹›Z’¬Ό‰ª,2022[sanitize]08[sanitize]21,19,‚»‚Μ‘Ό,’“Τi—Φjκ,10Ξ‘γ,‚Z¶,{ω‚Ή‚Έ
ή“,©“]Τ“,–ΎΞ,‹›Z,282031,•ΊΙ§,–ΎΞs,‹›Z’¬Ό‰ª,2022[sanitize]08[sanitize]31,20,‚SK‚ΔΘγ‹¤“―Z‘ξ,‚»‚Μ‘Ό,30Ξ‘γ,‚»‚Μ‘Ό,{ω‚µ‚½
ή“,©“]Τ“,–ΎΞ,‹›Z,282031,•ΊΙ§,–ΎΞs,‹›Z’¬Ό‰ª,2022[sanitize]09[sanitize]05,09,‚SK‚ΔΘγ‹¤“―Z‘ξ,’“Τi—Φjκ,20Ξ‘γ,‚»‚Μ‘Ό,{ω‚Ή‚Έ
ή“,©“]Τ“,–ΎΞ,‹›Z,282031,•ΊΙ§,–ΎΞs,‹›Z’¬Ό‰ª,2022[sanitize]09[sanitize]22,20,“ΉHγ,‚»‚Μ‘Ό,10Ξ‘γ,¬w¶,{ω‚Ή‚Έ
ή“,©“]Τ“,–ΎΞ,‹›Z,282031,•ΊΙ§,–ΎΞs,‹›Z’¬Ό‰ª,2022[sanitize]12[sanitize]14,08,κΛZ‘ξ,’“Τi—Φjκ,10Ξ‘γ,‚Z¶,{ω‚Ή‚Έ
ή“,©“]Τ“,–ΎΞ,‹›Z,282031,•ΊΙ§,–ΎΞs,‹›Z’¬‹Ρ‚ª‹u‚P’–Ϊ,2022[sanitize]10[sanitize]08,19,‚»‚Μ‘Ό,’“Τi—Φjκ,10Ξ‘γ,‚Z¶,{ω‚Ή‚Έ
ή“,©“]Τ“,–ΎΞ,‹›Z,282031,•ΊΙ§,–ΎΞs,‹›Z’¬‹Ρ‚ª‹u‚R’–Ϊ,2022[sanitize]03[sanitize]25,07,κΛZ‘ξ,’“Τi—Φjκ,10Ξ‘γ,’†w¶,{ω‚µ‚½
ή“,©“]Τ“,–ΎΞ,‹›Z,282031,•ΊΙ§,–ΎΞs,‹›Z’¬‹Ρ‚ª‹u‚S’–Ϊ,2022[sanitize]05[sanitize]03,00,’“Τi—Φjκ,’“Τi—Φjκ,10Ξ‘γ,‚Z¶,{ω‚Ή‚Έ
ή“,©“]Τ“,–ΎΞ,‹›Z,282031,•ΊΙ§,–ΎΞs,‹›Z’¬‹Ρ‚ª‹u‚S’–Ϊ,2022[sanitize]06[sanitize]09,20,’“Τi—Φjκ,’“Τi—Φjκ,10Ξ‘γ,’†w¶,{ω‚µ‚½
ή“,©“]Τ“,–ΎΞ,‹›Z,282031,•ΊΙ§,–ΎΞs,‹›Z’¬‹Ρ‚ª‹u‚S’–Ϊ,2022[sanitize]07[sanitize]11,10,’“Τi—Φjκ,’“Τi—Φjκ,20Ξ‘γ,‘εw¶,{ω‚Ή‚Έ
ή“,©“]Τ“,–ΎΞ,‹›Z,282031,•ΊΙ§,–ΎΞs,‹›Z’¬‹Ρ‚ª‹u‚S’–Ϊ,2022[sanitize]08[sanitize]13,13,‚»‚Μ‘Ό,’“Τi—Φjκ,50Ξ‘γ,‚»‚Μ‘Ό,{ω‚µ‚½
ή“,©“]Τ“,–ΎΞ,‹›Z,282031,•ΊΙ§,–ΎΞs,‹›Z’¬‹Ρ‚ª‹u‚S’–Ϊ,2022[sanitize]09[sanitize]15,07,‚»‚Μ‘Ό,’“Τi—Φjκ,20Ξ‘γ,‚»‚Μ‘Ό,{ω‚Ή‚Έ
ή“,©“]Τ“,–ΎΞ,‹›Z,282031,•ΊΙ§,–ΎΞs,‹›Z’¬‹Ρ‚ª‹u‚S’–Ϊ,2022[sanitize]09[sanitize]18,17,‚»‚Μ‘Ό,’“Τi—Φjκ,10Ξ‘γ,’†w¶,{ω‚Ή‚Έ
ή“,©“]Τ“,–ΎΞ,‹›Z,282031,•ΊΙ§,–ΎΞs,‹›Z’¬‹Ρ‚ª‹u‚S’–Ϊ,2022[sanitize]10[sanitize]15,04,‚»‚Μ‘Ό,’“Τi—Φjκ,30Ξ‘γ,‚»‚Μ‘Ό,{ω‚Ή‚Έ
ή“,©“]Τ“,–ΎΞ,‹›Z,282031,•ΊΙ§,–ΎΞs,‹›Z’¬‹Ρ‚ª‹u‚S’–Ϊ,2022[sanitize]11[sanitize]05,16,‚SK‚ΔΘγ‹¤“―Z‘ξ,’“Τi—Φjκ,10Ξ‘γ,‚Z¶,{ω‚Ή‚Έ
ή“,©“]Τ“,–ΎΞ,‹›Z,282031,•ΊΙ§,–ΎΞs,‹›Z’¬Z‹g‚P’–Ϊ,2022[sanitize]02[sanitize]01,16,‚»‚Μ‘Ό,’“Τi—Φjκ,40Ξ‘γ,‚»‚Μ‘Ό,{ω‚Ή‚Έ
ή“,©“]Τ“,–ΎΞ,‹›Z,282031,•ΊΙ§,–ΎΞs,‹›Z’¬Z‹g‚P’–Ϊ,2022[sanitize]11[sanitize]19,09,‚»‚Μ‘Ό,’“Τi—Φjκ,10Ξ‘γ,‚Z¶,{ω‚Ή‚Έ
ή“,©“]Τ“,–ΎΞ,‹›Z,282031,•ΊΙ§,–ΎΞs,‹›Z’¬Z‹g‚R’–Ϊ,2022[sanitize]07[sanitize]22,15,‚SK‚ΔΘγ‹¤“―Z‘ξ,’“Τi—Φjκ,10Ξ‘γ,’†w¶,{ω‚Ή‚Έ
ή“,©“]Τ“,–ΎΞ,‹›Z,282031,•ΊΙ§,–ΎΞs,‹›Z’¬Z‹g‚S’–Ϊ,2022[sanitize]11[sanitize]06,21,‚»‚Μ‘Ό‚ΜZ‘ξi‚RK‚ΔΘ‰Ί‹¤“―Z‘ξ“™j,’“Τi—Φjκ,10Ξ‘γ,‘εw¶,{ω‚Ή‚Έ
ή“,©“]Τ“,–ΎΞ,,282014,•ΊΙ§,•PHs,\“ρ‘O’¬,2022[sanitize]07[sanitize]01,00,‚»‚Μ‘Ό,’“Τi—Φjκ,30Ξ‘γ,‚»‚Μ‘Ό,{ω‚Ή‚Έ
ή“,©“]Τ“,O–Ψ,•Κ,282154,•ΊΙ§,O–Ψs,•Κ’¬’©“ϊƒP‹u,2022[sanitize]10[sanitize]01,09,‚»‚Μ‘Ό‚ΜZ‘ξi‚RK‚ΔΘ‰Ί‹¤“―Z‘ξ“™j,’“Τi—Φjκ,40Ξ‘γ,‚»‚Μ‘Ό,{ω‚µ‚½
ή“,©“]Τ“,O–Ψ,•Κ,282154,•ΊΙ§,O–Ψs,•Κ’¬‰ΊΞ–μ,2022[sanitize]12[sanitize]08,18,‚»‚Μ‘Ό,’“Τi—Φjκ,50Ξ‘γ,‚»‚Μ‘Ό,{ω‚µ‚½
ή“,©“]Τ“,O–Ψ,•Κ,282154,•ΊΙ§,O–Ψs,–{’¬‚R’–Ϊ,2022[sanitize]02[sanitize]20,12,’“Τi—Φjκ,’“Τi—Φjκ,10Ξ‘γ,‚»‚Μ‘Ό,{ω‚Ή‚Έ
ή“,©“]Τ“,O–Ψ,‹gμ,282154,•ΊΙ§,O–Ψs,‹gμ’¬‹gΐ,2022[sanitize]03[sanitize]08,17,‚»‚Μ‘Ό,‚»‚Μ‘Ό,40Ξ‘γ,‚»‚Μ‘Ό,{ω‚Ή‚Έ
ή“,©“]Τ“,O–Ψ,‘ε’Λ,282154,•ΊΙ§,O–Ψs,‘ε’Λ‚Q’–Ϊ,2022[sanitize]01[sanitize]14,06,‚»‚Μ‘Ό,’“Τi—Φjκ,20Ξ‘γ,‚»‚Μ‘Ό,{ω‚Ή‚Έ
ή“,©“]Τ“,O–Ψ,–{’¬,282154,•ΊΙ§,O–Ψs,‘ε‘Ί,2022[sanitize]03[sanitize]14,19,‚»‚Μ‘Ό,’“Τi—Φjκ,10Ξ‘γ,‚»‚Μ‘Ό,{ω‚Ή‚Έ
ή“,©“]Τ“,O–Ψ,–{’¬,282154,•ΊΙ§,O–Ψs,‰Α²,2021[sanitize]12[sanitize]20,13,‚»‚Μ‘Ό‚ΜZ‘ξi‚RK‚ΔΘ‰Ί‹¤“―Z‘ξ“™j,’“Τi—Φjκ,65[sanitize]69Ξ,‚»‚Μ‘Ό,{ω‚Ή‚Έ
ή“,©“]Τ“,O–Ψ,–{’¬,282154,•ΊΙ§,O–Ψs,‰Α²,2022[sanitize]05[sanitize]03,18,‚»‚Μ‘Ό,’“Τi—Φjκ,10Ξ‘γ,‘εw¶,{ω‚Ή‚Έ
ή“,©“]Τ“,O–Ψ,–{’¬,282154,•ΊΙ§,O–Ψs,––L‚P’–Ϊ,2021[sanitize]12[sanitize]29,23,‚»‚Μ‘Ό,’“Τi—Φjκ,20Ξ‘γ,‚»‚Μ‘Ό,{ω‚Ή‚Έ
ή“,©“]Τ“,O–Ψ,–{’¬,282154,•ΊΙ§,O–Ψs,––L‚R’–Ϊ,2022[sanitize]04[sanitize]20,07,κΛZ‘ξ,‚»‚Μ‘Ό,30Ξ‘γ,‚»‚Μ‘Ό,{ω‚Ή‚Έ
ή“,©“]Τ“,O–Ψ,–{’¬,282154,•ΊΙ§,O–Ψs,•½“c,2022[sanitize]06[sanitize]02,19,‚»‚Μ‘Ό‚ΜZ‘ξi‚RK‚ΔΘ‰Ί‹¤“―Z‘ξ“™j,’“Τi—Φjκ,30Ξ‘γ,‚»‚Μ‘Ό,{ω‚Ή‚Έ
ή“,©“]Τ“,O–Ψ,–{’¬,282154,•ΊΙ§,O–Ψs,–{’¬‚P’–Ϊ,2022[sanitize]08[sanitize]29,08,’“Τi—Φjκ,’“Τi—Φjκ,20Ξ‘γ,‚»‚Μ‘Ό,{ω‚Ή‚Έ
ή“,©“]Τ“,O–Ψ,—Ξ‚ª‹u,282154,•ΊΙ§,O–Ψs,—Ξ‚ª‹u’¬’†‚P’–Ϊ,2021[sanitize]11[sanitize]01,08,‚»‚Μ‘Ό‚ΜZ‘ξi‚RK‚ΔΘ‰Ί‹¤“―Z‘ξ“™j,’“Τi—Φjκ,20Ξ‘γ,‘εw¶,{ω‚µ‚½
ή“,©“]Τ“,O–Ψ,—Ξ‚ª‹u,282154,•ΊΙ§,O–Ψs,—Ξ‚ª‹u’¬Ό‚P’–Ϊ,2022[sanitize]11[sanitize]26,14,‚»‚Μ‘Ό,’“Τi—Φjκ,20Ξ‘γ,‘εw¶,{ω‚Ή‚Έ
ή“,©“]Τ“,O–Ψ,—Ξ‚ª‹u,282154,•ΊΙ§,O–Ψs,—Ξ‚ª‹u’¬–{’¬‚P’–Ϊ,2022[sanitize]08[sanitize]03,13,’“Τi—Φjκ,’“Τi—Φjκ,10Ξ‘γ,‚Z¶,{ω‚Ή‚Έ
ή“,©“]Τ“,O–Ψ,—Ξ‚ª‹u,282154,•ΊΙ§,O–Ψs,—Ξ‚ª‹u’¬–{’¬‚P’–Ϊ,2022[sanitize]10[sanitize]13,15,’“Τi—Φjκ,’“Τi—Φjκ,10Ξ‘γ,‘εw¶,{ω‚Ή‚Έ
ή“,©“]Τ“,O–Ψ,—Ξ‚ª‹u,282154,•ΊΙ§,O–Ψs,—Ξ‚ª‹u’¬–{’¬‚P’–Ϊ,2022[sanitize]11[sanitize]27,07,’“Τi—Φjκ,’“Τi—Φjκ,10Ξ‘γ,‚Z¶,{ω‚Ή‚Έ
ή“,©“]Τ“,O–Ψ,©—R‚ª‹u,282154,•ΊΙ§,O–Ψs,uυ’¬’†©—R‚ª‹u‚R’–Ϊ,2022[sanitize]07[sanitize]20,16,κΛZ‘ξ,’“Τi—Φjκ,10Ξ‘γ,‚Z¶,{ω‚Ή‚Έ
ή“,©“]Τ“,O–Ψ,©—R‚ª‹u,282154,•ΊΙ§,O–Ψs,uυ’¬Ό©—R‚ª‹u‚P’–Ϊ,2022[sanitize]10[sanitize]19,08,‚»‚Μ‘Ό‚ΜZ‘ξi‚RK‚ΔΘ‰Ί‹¤“―Z‘ξ“™j,’“Τi—Φjκ,40Ξ‘γ,‚»‚Μ‘Ό,{ω‚Ή‚Έ
ή“,©“]Τ“,O–Ψ,©—R‚ª‹u,282154,•ΊΙ§,O–Ψs,uυ’¬L–μ‚P’–Ϊ,2022[sanitize]04[sanitize]26,07,’“Τi—Φjκ,’“Τi—Φjκ,10Ξ‘γ,‚Z¶,{ω‚Ή‚Έ
ή“,©“]Τ“,O–Ψ,©—R‚ª‹u,282154,•ΊΙ§,O–Ψs,•Κ’¬¬—Ρ,2022[sanitize]03[sanitize]28,07,‚SK‚ΔΘγ‹¤“―Z‘ξ,’“Τi—Φjκ,–@lE’c‘ΜA”νQÒ‚Θ‚µ,–@lE’c‘ΜA”νQÒ‚Θ‚µ,{ω‚Ή‚Έ
ή“,©“]Τ“,‰Α“,‘κ–μ,282286,•ΊΙ§,‰Α“s,γ‘κ–μ,2022[sanitize]05[sanitize]07,07,‚»‚Μ‘Ό,’“Τi—Φjκ,30Ξ‘γ,‚»‚Μ‘Ό,{ω‚Ή‚Έ
ή“,©“]Τ“,‰Α“,Π,282286,•ΊΙ§,‰Α“s,Π,2022[sanitize]01[sanitize]18,07,’“Τi—Φjκ,’“Τi—Φjκ,10Ξ‘γ,‚Z¶,{ω‚Ή‚Έ
ή“,©“]Τ“,‰Α“,Π,282286,•ΊΙ§,‰Α“s,Π,2022[sanitize]03[sanitize]11,08,‚»‚Μ‘Ό,’“Τi—Φjκ,20Ξ‘γ,‚»‚Μ‘Ό,{ω‚Ή‚Έ
ή“,©“]Τ“,‰Α“,Π,282286,•ΊΙ§,‰Α“s,Π,2022[sanitize]10[sanitize]03,05,‚»‚Μ‘Ό,’“Τi—Φjκ,20Ξ‘γ,‚»‚Μ‘Ό,{ω‚Ή‚Έ
ή“,©“]Τ“,‰ΑΌ,–kπ,282201,•ΊΙ§,‰ΑΌs,–kπ’¬I“c,2022[sanitize]12[sanitize]14,18,‚SK‚ΔΘγ‹¤“―Z‘ξ,‚»‚Μ‘Ό,50Ξ‘γ,‚»‚Μ‘Ό,{ω‚Ή‚Έ
ή“,©“]Τ“,‰ΑΌ,–kπ,282201,•ΊΙ§,‰ΑΌs,–kπ’¬–kπ,2022[sanitize]07[sanitize]14,16,“ΉHγ,‚»‚Μ‘Ό,60[sanitize]64Ξ,‚»‚Μ‘Ό,{ω‚Ή‚Έ
ή“,©“]Τ“,‰ΑΌ,–kπ,282201,•ΊΙ§,‰ΑΌs,–kπ’¬–kπ,2022[sanitize]08[sanitize]29,14,‚»‚Μ‘Ό,’“Τi—Φjκ,10Ξ‘γ,’†w¶,{ω‚Ή‚Έ
ή“,©“]Τ“,‰ΑΌ,–kπ,282201,•ΊΙ§,‰ΑΌs,–kπ’¬–kπ,2022[sanitize]10[sanitize]11,06,‚»‚Μ‘Ό,’“Τi—Φjκ,10Ξ‘γ,‚Z¶,{ω‚Ή‚Έ
ή“,©“]Τ“,Όe,“ϊ–μ,282138,•ΊΙ§,Όes,‹½£’¬,2022[sanitize]07[sanitize]06,13,κΛZ‘ξ,‚»‚Μ‘Ό,70ΞΘγ,‚»‚Μ‘Ό,{ω‚Ή‚Έ
ή“,©“]Τ“,Όe,Όδ―,283657,•ΊΙ§,‘½‰Β’¬,‰Α”ό‹ζΌe,2022[sanitize]09[sanitize]12,17,‚»‚Μ‘Ό,’“Τi—Φjκ,50Ξ‘γ,‚»‚Μ‘Ό,{ω‚Ή‚Έ
ή“,©“]Τ“,Όe,Όe’†‰›,282138,•ΊΙ§,Όes,γ–μ,2022[sanitize]07[sanitize]21,16,‚»‚Μ‘Ό‚ΜZ‘ξi‚RK‚ΔΘ‰Ί‹¤“―Z‘ξ“™j,’“Τi—Φjκ,20Ξ‘γ,‚»‚Μ‘Ό,{ω‚Ή‚Έ
ή“,©“]Τ“,Όe,–μ‘Ί,282138,•ΊΙ§,Όes,‰ΊΛ“c,2022[sanitize]10[sanitize]23,17,‚»‚Μ‘Ό‚ΜZ‘ξi‚RK‚ΔΘ‰Ί‹¤“―Z‘ξ“™j,’“Τi—Φjκ,30Ξ‘γ,‚»‚Μ‘Ό,{ω‚Ή‚Έ
ή“,©“]Τ“,Όe,–μ‘Ί,282138,•ΊΙ§,Όes,–μ‘Ί’¬,2022[sanitize]05[sanitize]13,17,‚»‚Μ‘Ό,’“Τi—Φjκ,10Ξ‘γ,‚Z¶,{ω‚Ή‚Έ
ή“,©“]Τ“,Όe,–μ‘Ί,282138,•ΊΙ§,Όes,–μ‘Ί’¬,2022[sanitize]05[sanitize]14,12,‚»‚Μ‘Ό,’“Τi—Φjκ,10Ξ‘γ,‚Z¶,{ω‚Ή‚Έ
ή“,©“]Τ“,Όe,–μ‘Ί,282138,•ΊΙ§,Όes,–μ‘Ί’¬,2022[sanitize]05[sanitize]26,07,‚»‚Μ‘Ό,’“Τi—Φjκ,10Ξ‘γ,‚Z¶,{ω‚Ή‚Έ
ή“,©“]Τ“,Όe,–μ‘Ί,282138,•ΊΙ§,Όes,–μ‘Ί’¬,2022[sanitize]09[sanitize]09,07,‚»‚Μ‘Ό,’“Τi—Φjκ,10Ξ‘γ,‚Z¶,{ω‚Ή‚Έ
ή“,©“]Τ“,Όe,–μ‘Ί,282138,•ΊΙ§,Όes,a•z’¬,2022[sanitize]03[sanitize]10,10,‚»‚Μ‘Ό,‚»‚Μ‘Ό,30Ξ‘γ,‚»‚Μ‘Ό,{ω‚Ή‚Έ
ή“,©“]Τ“,‰ΑΓμ,—Ό‘‘,282103,•ΊΙ§,‰ΑΓμs,•½‘‘’¬—Ά,2022[sanitize]05[sanitize]23,06,’“Τi—Φjκ,’“Τi—Φjκ,40Ξ‘γ,‚»‚Μ‘Ό,{ω‚Ή‚Έ
ή“,©“]Τ“,‰ΑΓμ,”ª”¦,282103,•ΊΙ§,‰ΑΓμs,γ‘‘’¬‘•ο,2022[sanitize]06[sanitize]07,07,‚»‚Μ‘Ό,’“Τi—Φjκ,10Ξ‘γ,‚»‚Μ‘Ό,{ω‚Ή‚Έ
ή“,©“]Τ“,‰ΑΓμ,”ª”¦,282103,•ΊΙ§,‰ΑΓμs,γ‘‘’¬‘•ο,2022[sanitize]08[sanitize]21,13,‚»‚Μ‘Ό,’“Τi—Φjκ,10Ξ‘γ,‚Z¶,{ω‚Ή‚Έ
ή“,©“]Τ“,‰ΑΓμ,•Κ•{,282103,•ΊΙ§,‰ΑΓμs,‹ΰ‘ς’¬,2022[sanitize]02[sanitize]09,08,‚»‚Μ‘Ό,’“Τi—Φjκ,30Ξ‘γ,‚»‚Μ‘Ό,{ω‚Ή‚Έ
ή“,©“]Τ“,‰ΑΓμ,•Κ•{,282103,•ΊΙ§,‰ΑΓμs,‹ΰ‘ς’¬,2022[sanitize]09[sanitize]17,18,‚»‚Μ‘Ό,’“Τi—Φjκ,30Ξ‘γ,‚»‚Μ‘Ό,{ω‚Ή‚Έ
ή“,©“]Τ“,‰ΑΓμ,•Κ•{,282103,•ΊΙ§,‰ΑΓμs,–μϋ’¬βδ,2022[sanitize]06[sanitize]23,19,‚»‚Μ‘Ό,’“Τi—Φjκ,50Ξ‘γ,‚»‚Μ‘Ό,{ω‚µ‚½
ή“,©“]Τ“,‰ΑΓμ,•Κ•{,282103,•ΊΙ§,‰ΑΓμs,–μϋ’¬βδ,2022[sanitize]09[sanitize]30,08,‚»‚Μ‘Ό,’“Τi—Φjκ,20Ξ‘γ,‘εw¶,{ω‚µ‚½
ή“,©“]Τ“,‰ΑΓμ,•Κ•{,282103,•ΊΙ§,‰ΑΓμs,•½‰ª’¬’†–μ,2022[sanitize]06[sanitize]01,15,‚»‚Μ‘Ό,’“Τi—Φjκ,10Ξ‘γ,’†w¶,{ω‚Ή‚Έ
ή“,©“]Τ“,‰ΑΓμ,•Κ•{,282103,•ΊΙ§,‰ΑΓμs,•½‰ª’¬”ª”½“c,2022[sanitize]08[sanitize]10,08,‚»‚Μ‘Ό‚ΜZ‘ξi‚RK‚ΔΘ‰Ί‹¤“―Z‘ξ“™j,’“Τi—Φjκ,10Ξ‘γ,‚»‚Μ‘Ό,{ω‚Ή‚Έ
ή“,©“]Τ“,‰ΑΓμ,•Κ•{,282103,•ΊΙ§,‰ΑΓμs,•Κ•{’¬’©“ϊ’¬,2022[sanitize]04[sanitize]25,18,κΛZ‘ξ,‚»‚Μ‘Ό,70ΞΘγ,‚»‚Μ‘Ό,{ω‚Ή‚Έ
ή“,©“]Τ“,‰ΑΓμ,•Κ•{,282103,•ΊΙ§,‰ΑΓμs,•Κ•{’¬’©“ϊ’¬,2022[sanitize]11[sanitize]12,16,‚»‚Μ‘Ό,’“Τi—Φjκ,10Ξ‘γ,‚Z¶,{ω‚Ή‚Έ
ή“,©“]Τ“,‰ΑΓμ,•Κ•{,282103,•ΊΙ§,‰ΑΓμs,•Κ•{’¬Ξ’¬,2022[sanitize]01[sanitize]28,18,‚»‚Μ‘Ό,’“Τi—Φjκ,40Ξ‘γ,‚»‚Μ‘Ό,{ω‚Ή‚Έ
ή“,©“]Τ“,‰ΑΓμ,•Κ•{,282103,•ΊΙ§,‰ΑΓμs,•Κ•{’¬V–μ•Σ,2022[sanitize]08[sanitize]16,08,‚»‚Μ‘Ό‚ΜZ‘ξi‚RK‚ΔΘ‰Ί‹¤“―Z‘ξ“™j,’“Τi—Φjκ,50Ξ‘γ,‚»‚Μ‘Ό,{ω‚Ή‚Έ
ή“,©“]Τ“,‰ΑΓμ,•Κ•{,282103,•ΊΙ§,‰ΑΓμs,•Κ•{’¬V–μ•Σ,2022[sanitize]12[sanitize]10,19,κΛZ‘ξ,’“Τi—Φjκ,10Ξ‘γ,‚Z¶,{ω‚Ή‚Έ
ή“,©“]Τ“,‰ΑΓμ,•Κ•{,282103,•ΊΙ§,‰ΑΓμs,•Κ•{’¬V–μ•Σ–k’¬‚S’–Ϊ,2022[sanitize]02[sanitize]25,18,‚SK‚ΔΘγ‹¤“―Z‘ξ,’“Τi—Φjκ,10Ξ‘γ,¬w¶,{ω‚Ή‚Έ
ή“,©“]Τ“,‰ΑΓμ,•Κ•{,282103,•ΊΙ§,‰ΑΓμs,•Κ•{’¬V–μ•Σ–k’¬‚V’–Ϊ,2022[sanitize]09[sanitize]30,20,‚»‚Μ‘Ό‚ΜZ‘ξi‚RK‚ΔΘ‰Ί‹¤“―Z‘ξ“™j,’“Τi—Φjκ,20Ξ‘γ,‚»‚Μ‘Ό,{ω‚µ‚½
ή“,©“]Τ“,‰ΑΓμ,•Κ•{,282103,•ΊΙ§,‰ΑΓμs,•Κ•{’¬V–μ•Σ–k’¬‚V’–Ϊ,2022[sanitize]10[sanitize]27,17,‚»‚Μ‘Ό‚ΜZ‘ξi‚RK‚ΔΘ‰Ί‹¤“―Z‘ξ“™j,‚»‚Μ‘Ό,20Ξ‘γ,‚»‚Μ‘Ό,{ω‚µ‚½
ή“,©“]Τ“,‰ΑΓμ,•Κ•{,282103,•ΊΙ§,‰ΑΓμs,•Κ•{’¬V–μ•Σ–k’¬‚V’–Ϊ,2022[sanitize]12[sanitize]21,08,“ΉHγ,‚»‚Μ‘Ό,60[sanitize]64Ξ,‚»‚Μ‘Ό,{ω‚Ή‚Έ
ή“,©“]Τ“,‰ΑΓμ,•Κ•{,282103,•ΊΙ§,‰ΑΓμs,•Κ•{’¬V–μ•Σ–k’¬‚W’–Ϊ,2022[sanitize]09[sanitize]22,19,‚»‚Μ‘Ό‚ΜZ‘ξi‚RK‚ΔΘ‰Ί‹¤“―Z‘ξ“™j,’“Τi—Φjκ,30Ξ‘γ,‚»‚Μ‘Ό,{ω‚Ή‚Έ
ή“,©“]Τ“,‰ΑΓμ,•Κ•{,282103,•ΊΙ§,‰ΑΓμs,•Κ•{’¬V–μ•Σ–k’¬‚W’–Ϊ,2022[sanitize]12[sanitize]09,16,κΛZ‘ξ,‚»‚Μ‘Ό,40Ξ‘γ,‚»‚Μ‘Ό,{ω‚Ή‚Έ
ή“,©“]Τ“,‰ΑΓμ,•Κ•{,282103,•ΊΙ§,‰ΑΓμs,•Κ•{’¬“’¬,2022[sanitize]12[sanitize]28,06,’“Τi—Φjκ,’“Τi—Φjκ,20Ξ‘γ,‚»‚Μ‘Ό,{ω‚µ‚½
ή“,©“]Τ“,‰ΑΓμ,•Κ•{,282103,•ΊΙ§,‰ΑΓμs,•Κ•{’¬•Κ•{,2021[sanitize]12[sanitize]10,18,‚»‚Μ‘Ό,’“Τi—Φjκ,20Ξ‘γ,‚»‚Μ‘Ό,{ω‚µ‚½
ή“,©“]Τ“,‰ΑΓμ,•Κ•{,282103,•ΊΙ§,‰ΑΓμs,•Κ•{’¬•Κ•{,2022[sanitize]01[sanitize]04,13,‚»‚Μ‘Ό,’“Τi—Φjκ,10Ξ‘γ,‚Z¶,{ω‚µ‚½
ή“,©“]Τ“,‰ΑΓμ,•Κ•{,282103,•ΊΙ§,‰ΑΓμs,•Κ•{’¬•Κ•{,2022[sanitize]01[sanitize]25,20,‚»‚Μ‘Ό,’“Τi—Φjκ,10Ξ‘γ,‚Z¶,{ω‚Ή‚Έ
ή“,©“]Τ“,‰ΑΓμ,•Κ•{,282103,•ΊΙ§,‰ΑΓμs,•Κ•{’¬•Κ•{,2022[sanitize]02[sanitize]18,17,‚»‚Μ‘Ό,’“Τi—Φjκ,40Ξ‘γ,‚»‚Μ‘Ό,{ω‚µ‚½
ή“,©“]Τ“,‰ΑΓμ,•Κ•{,282103,•ΊΙ§,‰ΑΓμs,•Κ•{’¬•Κ•{,2022[sanitize]03[sanitize]01,00,κΛZ‘ξ,’“Τi—Φjκ,20Ξ‘γ,‚»‚Μ‘Ό,{ω‚Ή‚Έ
ή“,©“]Τ“,‰ΑΓμ,•Κ•{,282103,•ΊΙ§,‰ΑΓμs,•Κ•{’¬•Κ•{,2022[sanitize]04[sanitize]29,18,’“Τi—Φjκ,’“Τi—Φjκ,30Ξ‘γ,‚»‚Μ‘Ό,{ω‚µ‚½
ή“,©“]Τ“,‰ΑΓμ,•Κ•{,282103,•ΊΙ§,‰ΑΓμs,•Κ•{’¬•Κ•{,2022[sanitize]05[sanitize]06,07,‚»‚Μ‘Ό,’“Τi—Φjκ,10Ξ‘γ,‚Z¶,{ω‚µ‚½
ή“,©“]Τ“,‰ΑΓμ,•Κ•{,282103,•ΊΙ§,‰ΑΓμs,•Κ•{’¬•Κ•{,2022[sanitize]05[sanitize]07,11,‚»‚Μ‘Ό,’“Τi—Φjκ,10Ξ‘γ,‘εw¶,{ω‚Ή‚Έ
ή“,©“]Τ“,‰ΑΓμ,•Κ•{,282103,•ΊΙ§,‰ΑΓμs,•Κ•{’¬•Κ•{,2022[sanitize]05[sanitize]13,18,‚»‚Μ‘Ό,‚»‚Μ‘Ό,30Ξ‘γ,‚»‚Μ‘Ό,{ω‚Ή‚Έ
ή“,©“]Τ“,‰ΑΓμ,•Κ•{,282103,•ΊΙ§,‰ΑΓμs,•Κ•{’¬•Κ•{,2022[sanitize]06[sanitize]01,17,’“Τi—Φjκ,’“Τi—Φjκ,20Ξ‘γ,‚»‚Μ‘Ό,{ω‚µ‚½
ή“,©“]Τ“,‰ΑΓμ,•Κ•{,282103,•ΊΙ§,‰ΑΓμs,•Κ•{’¬•Κ•{,2022[sanitize]06[sanitize]08,18,‚»‚Μ‘Ό,’“Τi—Φjκ,20Ξ‘γ,‚»‚Μ‘Ό,{ω‚Ή‚Έ
ή“,©“]Τ“,‰ΑΓμ,•Κ•{,282103,•ΊΙ§,‰ΑΓμs,•Κ•{’¬•Κ•{,2022[sanitize]06[sanitize]17,07,’“Τi—Φjκ,’“Τi—Φjκ,10Ξ‘γ,‚»‚Μ‘Ό,{ω‚Ή‚Έ
ή“,©“]Τ“,‰ΑΓμ,•Κ•{,282103,•ΊΙ§,‰ΑΓμs,•Κ•{’¬•Κ•{,2022[sanitize]07[sanitize]14,07,‚»‚Μ‘Ό,’“Τi—Φjκ,40Ξ‘γ,‚»‚Μ‘Ό,{ω‚Ή‚Έ
ή“,©“]Τ“,‰ΑΓμ,•Κ•{,282103,•ΊΙ§,‰ΑΓμs,•Κ•{’¬•Κ•{,2022[sanitize]07[sanitize]30,10,κΛZ‘ξ,’“Τi—Φjκ,60[sanitize]64Ξ,‚»‚Μ‘Ό,{ω‚Ή‚Έ
ή“,©“]Τ“,‰ΑΓμ,•Κ•{,282103,•ΊΙ§,‰ΑΓμs,•Κ•{’¬•Κ•{,2022[sanitize]08[sanitize]04,17,‚»‚Μ‘Ό,‚»‚Μ‘Ό,20Ξ‘γ,‘εw¶,{ω‚Ή‚Έ
ή“,©“]Τ“,‰ΑΓμ,•Κ•{,282103,•ΊΙ§,‰ΑΓμs,•Κ•{’¬•Κ•{,2022[sanitize]08[sanitize]20,14,‚»‚Μ‘Ό,’“Τi—Φjκ,10Ξ‘γ,‚Z¶,{ω‚Ή‚Έ
ή“,©“]Τ“,‰ΑΓμ,•Κ•{,282103,•ΊΙ§,‰ΑΓμs,•Κ•{’¬•Κ•{,2022[sanitize]08[sanitize]24,17,‚»‚Μ‘Ό,’“Τi—Φjκ,20Ξ‘γ,‚»‚Μ‘Ό,{ω‚Ή‚Έ
ή“,©“]Τ“,‰ΑΓμ,•Κ•{,282103,•ΊΙ§,‰ΑΓμs,•Κ•{’¬•Κ•{,2022[sanitize]09[sanitize]16,11,‚»‚Μ‘Ό,’“Τi—Φjκ,30Ξ‘γ,‚»‚Μ‘Ό,{ω‚µ‚½
ή“,©“]Τ“,‰ΑΓμ,•Κ•{,282103,•ΊΙ§,‰ΑΓμs,•Κ•{’¬•Κ•{,2022[sanitize]09[sanitize]18,17,‚»‚Μ‘Ό,’“Τi—Φjκ,10Ξ‘γ,‚Z¶,{ω‚µ‚½
ή“,©“]Τ“,‰ΑΓμ,•Κ•{,282103,•ΊΙ§,‰ΑΓμs,•Κ•{’¬•Κ•{,2022[sanitize]09[sanitize]21,07,’“Τi—Φjκ,’“Τi—Φjκ,20Ξ‘γ,‚»‚Μ‘Ό,{ω‚µ‚½
ή“,©“]Τ“,‰ΑΓμ,•Κ•{,282103,•ΊΙ§,‰ΑΓμs,•Κ•{’¬•Κ•{,2022[sanitize]09[sanitize]22,06,‚»‚Μ‘Ό,’“Τi—Φjκ,30Ξ‘γ,‚»‚Μ‘Ό,{ω‚µ‚½
ή“,©“]Τ“,‰ΑΓμ,•Κ•{,282103,•ΊΙ§,‰ΑΓμs,•Κ•{’¬•Κ•{,2022[sanitize]09[sanitize]22,07,‚»‚Μ‘Ό,’“Τi—Φjκ,10Ξ‘γ,‚Z¶,{ω‚µ‚½
ή“,©“]Τ“,‰ΑΓμ,•Κ•{,282103,•ΊΙ§,‰ΑΓμs,•Κ•{’¬•Κ•{,2022[sanitize]09[sanitize]30,18,‚»‚Μ‘Ό,’“Τi—Φjκ,30Ξ‘γ,‚»‚Μ‘Ό,{ω‚Ή‚Έ
ή“,©“]Τ“,‰ΑΓμ,•Κ•{,282103,•ΊΙ§,‰ΑΓμs,•Κ•{’¬•Κ•{,2022[sanitize]10[sanitize]01,10,‚»‚Μ‘Ό,’“Τi—Φjκ,10Ξ‘γ,‚Z¶,{ω‚Ή‚Έ
ή“,©“]Τ“,‰ΑΓμ,•Κ•{,282103,•ΊΙ§,‰ΑΓμs,•Κ•{’¬•Κ•{,2022[sanitize]10[sanitize]07,07,‚»‚Μ‘Ό,’“Τi—Φjκ,10Ξ‘γ,‚Z¶,{ω‚Ή‚Έ
ή“,©“]Τ“,‰ΑΓμ,•Κ•{,282103,•ΊΙ§,‰ΑΓμs,•Κ•{’¬•Κ•{,2022[sanitize]10[sanitize]08,07,‚»‚Μ‘Ό,’“Τi—Φjκ,10Ξ‘γ,‚»‚Μ‘Ό,{ω‚Ή‚Έ
ή“,©“]Τ“,‰ΑΓμ,•Κ•{,282103,•ΊΙ§,‰ΑΓμs,•Κ•{’¬•Κ•{,2022[sanitize]10[sanitize]09,15,‚»‚Μ‘Ό,’“Τi—Φjκ,65[sanitize]69Ξ,‚»‚Μ‘Ό,{ω‚Ή‚Έ
ή“,©“]Τ“,‰ΑΓμ,•Κ•{,282103,•ΊΙ§,‰ΑΓμs,•Κ•{’¬•Κ•{,2022[sanitize]10[sanitize]14,16,‚»‚Μ‘Ό,’“Τi—Φjκ,20Ξ‘γ,‚»‚Μ‘Ό,{ω‚Ή‚Έ
ή“,©“]Τ“,‰ΑΓμ,•Κ•{,282103,•ΊΙ§,‰ΑΓμs,•Κ•{’¬•Κ•{,2022[sanitize]10[sanitize]17,06,‚»‚Μ‘Ό,’“Τi—Φjκ,10Ξ‘γ,‚»‚Μ‘Ό,{ω‚Ή‚Έ
ή“,©“]Τ“,‰ΑΓμ,•Κ•{,282103,•ΊΙ§,‰ΑΓμs,•Κ•{’¬•Κ•{,2022[sanitize]10[sanitize]17,11,‚»‚Μ‘Ό,’“Τi—Φjκ,10Ξ‘γ,‘εw¶,{ω‚µ‚½
ή“,©“]Τ“,‰ΑΓμ,•Κ•{,282103,•ΊΙ§,‰ΑΓμs,•Κ•{’¬•Κ•{,2022[sanitize]10[sanitize]17,12,‚»‚Μ‘Ό,’“Τi—Φjκ,10Ξ‘γ,‘εw¶,{ω‚Ή‚Έ
ή“,©“]Τ“,‰ΑΓμ,•Κ•{,282103,•ΊΙ§,‰ΑΓμs,•Κ•{’¬•Κ•{,2022[sanitize]10[sanitize]18,21,‚»‚Μ‘Ό,’“Τi—Φjκ,20Ξ‘γ,‘εw¶,{ω‚Ή‚Έ
ή“,©“]Τ“,‰ΑΓμ,•Κ•{,282103,•ΊΙ§,‰ΑΓμs,•Κ•{’¬•Κ•{,2022[sanitize]10[sanitize]19,19,‚»‚Μ‘Ό,’“Τi—Φjκ,65[sanitize]69Ξ,‚»‚Μ‘Ό,{ω‚Ή‚Έ
ή“,©“]Τ“,‰ΑΓμ,•Κ•{,282103,•ΊΙ§,‰ΑΓμs,•Κ•{’¬•Κ•{,2022[sanitize]10[sanitize]31,15,‚»‚Μ‘Ό,’“Τi—Φjκ,10Ξ‘γ,‚Z¶,{ω‚Ή‚Έ
ή“,©“]Τ“,‰ΑΓμ,•Κ•{,282103,•ΊΙ§,‰ΑΓμs,•Κ•{’¬•Κ•{,2022[sanitize]11[sanitize]01,07,‚»‚Μ‘Ό,’“Τi—Φjκ,20Ξ‘γ,‚»‚Μ‘Ό,{ω‚Ή‚Έ
ή“,©“]Τ“,‰ΑΓμ,•Κ•{,282103,•ΊΙ§,‰ΑΓμs,•Κ•{’¬•Κ•{,2022[sanitize]11[sanitize]17,07,‚»‚Μ‘Ό,’“Τi—Φjκ,10Ξ‘γ,‚»‚Μ‘Ό,{ω‚Ή‚Έ
ή“,©“]Τ“,‰ΑΓμ,•Κ•{,282103,•ΊΙ§,‰ΑΓμs,•Κ•{’¬•Κ•{,2022[sanitize]11[sanitize]26,12,‚»‚Μ‘Ό‚ΜZ‘ξi‚RK‚ΔΘ‰Ί‹¤“―Z‘ξ“™j,’“Τi—Φjκ,20Ξ‘γ,‘εw¶,{ω‚Ή‚Έ
ή“,©“]Τ“,‰ΑΓμ,•Κ•{,282103,•ΊΙ§,‰ΑΓμs,•Κ•{’¬•Κ•{,2022[sanitize]12[sanitize]10,10,‚»‚Μ‘Ό,’“Τi—Φjκ,10Ξ‘γ,‚Z¶,{ω‚Ή‚Έ
ή“,©“]Τ“,‰ΑΓμ,•Κ•{,282103,•ΊΙ§,‰ΑΓμs,•Κ•{’¬•Κ•{,2022[sanitize]12[sanitize]18,05,‚»‚Μ‘Ό,’“Τi—Φjκ,10Ξ‘γ,‚Z¶,{ω‚Ή‚Έ
ή“,©“]Τ“,‰ΑΓμ,•Κ•{,282103,•ΊΙ§,‰ΑΓμs,•Κ•{’¬•Κ•{,2022[sanitize]12[sanitize]23,15,’“Τi—Φjκ,’“Τi—Φjκ,20Ξ‘γ,‚»‚Μ‘Ό,{ω‚Ή‚Έ
ή“,©“]Τ“,‰ΑΓμ,•Κ•{,282103,•ΊΙ§,‰ΑΓμs,•Κ•{’¬–{’¬‚Q’–Ϊ,2022[sanitize]07[sanitize]28,19,‚»‚Μ‘Ό,’“Τi—Φjκ,30Ξ‘γ,‚»‚Μ‘Ό,{ω‚Ή‚Έ
ή“,©“]Τ“,‰ΑΓμ,•Κ•{,282103,•ΊΙ§,‰ΑΓμs,•Κ•{’¬—Ξ’¬,2022[sanitize]01[sanitize]02,11,’“Τi—Φjκ,’“Τi—Φjκ,10Ξ‘γ,‚Z¶,{ω‚Ή‚Έ
ή“,©“]Τ“,‰ΑΓμ,•Κ•{,282103,•ΊΙ§,‰ΑΓμs,•Κ•{’¬—Ξ’¬,2022[sanitize]01[sanitize]03,11,‚»‚Μ‘Ό,’“Τi—Φjκ,10Ξ‘γ,‘εw¶,{ω‚Ή‚Έ
ή“,©“]Τ“,‰ΑΓμ,•Κ•{,282103,•ΊΙ§,‰ΑΓμs,•Κ•{’¬—Ξ’¬,2022[sanitize]02[sanitize]07,07,‚»‚Μ‘Ό,’“Τi—Φjκ,20Ξ‘γ,‚»‚Μ‘Ό,{ω‚Ή‚Έ
ή“,©“]Τ“,‰ΑΓμ,•Κ•{,282103,•ΊΙ§,‰ΑΓμs,•Κ•{’¬—Ξ’¬,2022[sanitize]04[sanitize]17,14,‚»‚Μ‘Ό,’“Τi—Φjκ,10Ξ‘γ,‚Z¶,{ω‚Ή‚Έ
ή“,©“]Τ“,‰ΑΓμ,•Κ•{,282103,•ΊΙ§,‰ΑΓμs,•Κ•{’¬—Ξ’¬,2022[sanitize]05[sanitize]01,11,’“Τi—Φjκ,’“Τi—Φjκ,10Ξ‘γ,‘εw¶,{ω‚µ‚½
ή“,©“]Τ“,‰ΑΓμ,•Κ•{,282103,•ΊΙ§,‰ΑΓμs,•Κ•{’¬—Ξ’¬,2022[sanitize]05[sanitize]01,12,‚»‚Μ‘Ό,’“Τi—Φjκ,20Ξ‘γ,‚»‚Μ‘Ό,{ω‚µ‚½
ή“,©“]Τ“,‰ΑΓμ,•Κ•{,282103,•ΊΙ§,‰ΑΓμs,•Κ•{’¬—Ξ’¬,2022[sanitize]05[sanitize]15,13,‚»‚Μ‘Ό,’“Τi—Φjκ,10Ξ‘γ,’†w¶,{ω‚Ή‚Έ
ή“,©“]Τ“,‰ΑΓμ,•Κ•{,282103,•ΊΙ§,‰ΑΓμs,•Κ•{’¬—Ξ’¬,2022[sanitize]06[sanitize]08,07,‚»‚Μ‘Ό,’“Τi—Φjκ,10Ξ‘γ,‚Z¶,{ω‚Ή‚Έ
ή“,©“]Τ“,‰ΑΓμ,•Κ•{,282103,•ΊΙ§,‰ΑΓμs,•Κ•{’¬—Ξ’¬,2022[sanitize]06[sanitize]24,17,‚»‚Μ‘Ό,’“Τi—Φjκ,10Ξ‘γ,‘εw¶,{ω‚Ή‚Έ
ή“,©“]Τ“,‰ΑΓμ,•Κ•{,282103,•ΊΙ§,‰ΑΓμs,•Κ•{’¬—Ξ’¬,2022[sanitize]09[sanitize]08,16,‚»‚Μ‘Ό,’“Τi—Φjκ,10Ξ‘γ,‚Z¶,{ω‚Ή‚Έ
ή“,©“]Τ“,‰ΑΓμ,•Κ•{,282103,•ΊΙ§,‰ΑΓμs,•Κ•{’¬—Ξ’¬,2022[sanitize]09[sanitize]13,12,‚»‚Μ‘Ό,’“Τi—Φjκ,20Ξ‘γ,‘εw¶,{ω‚µ‚½
ή“,©“]Τ“,‰ΑΓμ,•Κ•{,282103,•ΊΙ§,‰ΑΓμs,•Κ•{’¬—Ξ’¬,2022[sanitize]09[sanitize]21,19,‚»‚Μ‘Ό,’“Τi—Φjκ,50Ξ‘γ,‚»‚Μ‘Ό,{ω‚Ή‚Έ
ή“,©“]Τ“,‰ΑΓμ,•Κ•{,282103,•ΊΙ§,‰ΑΓμs,•Κ•{’¬—Ξ’¬,2022[sanitize]10[sanitize]05,20,‚»‚Μ‘Ό,’“Τi—Φjκ,10Ξ‘γ,’†w¶,{ω‚Ή‚Έ
ή“,©“]Τ“,‰ΑΓμ,•Κ•{,282103,•ΊΙ§,‰ΑΓμs,•Κ•{’¬—Ξ’¬,2022[sanitize]10[sanitize]17,14,‚»‚Μ‘Ό,’“Τi—Φjκ,70ΞΘγ,‚»‚Μ‘Ό,{ω‚Ή‚Έ
ή“,©“]Τ“,‰ΑΓμ,•Κ•{,282103,•ΊΙ§,‰ΑΓμs,•Κ•{’¬—Ξ’¬,2022[sanitize]12[sanitize]29,17,‚»‚Μ‘Ό,’“Τi—Φjκ,10Ξ‘γ,’†w¶,{ω‚Ή‚Έ
ή“,©“]Τ“,‰ΑΓμ,‰ΑΓμ‰w‘O,282103,•ΊΙ§,‰ΑΓμs,‰ΑΓμ’¬Ύ’Γ,2022[sanitize]06[sanitize]16,07,‚»‚Μ‘Ό,’“Τi—Φjκ,40Ξ‘γ,‚»‚Μ‘Ό,{ω‚Ή‚Έ
ή“,©“]Τ“,‰ΑΓμ,‰ΑΓμ‰w‘O,282103,•ΊΙ§,‰ΑΓμs,‰ΑΓμ’¬Ύ’Γ,2022[sanitize]08[sanitize]16,07,‚»‚Μ‘Ό,’“Τi—Φjκ,20Ξ‘γ,‚»‚Μ‘Ό,{ω‚Ή‚Έ
ή“,©“]Τ“,‰ΑΓμ,‰ΑΓμ‰w‘O,282103,•ΊΙ§,‰ΑΓμs,‰ΑΓμ’¬Ύ’Γ,2022[sanitize]10[sanitize]30,13,‚SK‚ΔΘγ‹¤“―Z‘ξ,’“Τi—Φjκ,20Ξ‘γ,‘εw¶,{ω‚Ή‚Έ
ή“,©“]Τ“,‰ΑΓμ,‰ΑΓμ‰w‘O,282103,•ΊΙ§,‰ΑΓμs,‰ΑΓμ’¬‰Ν΄,2022[sanitize]05[sanitize]02,12,‚»‚Μ‘Ό,’“Τi—Φjκ,10Ξ‘γ,‚Z¶,{ω‚Ή‚Έ
ή“,©“]Τ“,‰ΑΓμ,‰ΑΓμ‰w‘O,282103,•ΊΙ§,‰ΑΓμs,‰ΑΓμ’¬‰Ν΄,2022[sanitize]10[sanitize]09,00,“ΉHγ,‚»‚Μ‘Ό,10Ξ‘γ,‚Z¶,{ω‚Ή‚Έ
ή“,©“]Τ“,‰ΑΓμ,‰ΑΓμ‰w‘O,282103,•ΊΙ§,‰ΑΓμs,‰ΑΓμ’¬Β΄’¬,2021[sanitize]12[sanitize]31,11,“ΉHγ,‚»‚Μ‘Ό,50Ξ‘γ,‚»‚Μ‘Ό,{ω‚Ή‚Έ
ή“,©“]Τ“,‰ΑΓμ,‰ΑΓμ‰w‘O,282103,•ΊΙ§,‰ΑΓμs,‰ΑΓμ’¬Β΄’¬,2022[sanitize]01[sanitize]07,13,‚»‚Μ‘Ό,’“Τi—Φjκ,10Ξ‘γ,’†w¶,{ω‚Ή‚Έ
ή“,©“]Τ“,‰ΑΓμ,‰ΑΓμ‰w‘O,282103,•ΊΙ§,‰ΑΓμs,‰ΑΓμ’¬Β΄’¬,2022[sanitize]01[sanitize]15,14,“ΉHγ,‚»‚Μ‘Ό,10Ξ‘γ,‚Z¶,{ω‚Ή‚Έ
ή“,©“]Τ“,‰ΑΓμ,‰ΑΓμ‰w‘O,282103,•ΊΙ§,‰ΑΓμs,‰ΑΓμ’¬Β΄’¬,2022[sanitize]01[sanitize]22,18,“ΉHγ,‚»‚Μ‘Ό,10Ξ‘γ,‚Z¶,{ω‚Ή‚Έ
ή“,©“]Τ“,‰ΑΓμ,‰ΑΓμ‰w‘O,282103,•ΊΙ§,‰ΑΓμs,‰ΑΓμ’¬Β΄’¬,2022[sanitize]02[sanitize]23,13,“ΉHγ,‚»‚Μ‘Ό,10Ξ‘γ,’†w¶,{ω‚Ή‚Έ
ή“,©“]Τ“,‰ΑΓμ,‰ΑΓμ‰w‘O,282103,•ΊΙ§,‰ΑΓμs,‰ΑΓμ’¬Β΄’¬,2022[sanitize]04[sanitize]15,16,‚SK‚ΔΘγ‹¤“―Z‘ξ,’“Τi—Φjκ,50Ξ‘γ,‚»‚Μ‘Ό,{ω‚µ‚½
ή“,©“]Τ“,‰ΑΓμ,‰ΑΓμ‰w‘O,282103,•ΊΙ§,‰ΑΓμs,‰ΑΓμ’¬Β΄’¬,2022[sanitize]05[sanitize]12,05,‚»‚Μ‘Ό,’“Τi—Φjκ,20Ξ‘γ,‘εw¶,{ω‚µ‚½
ή“,©“]Τ“,‰ΑΓμ,‰ΑΓμ‰w‘O,282103,•ΊΙ§,‰ΑΓμs,‰ΑΓμ’¬Β΄’¬,2022[sanitize]05[sanitize]16,20,‚»‚Μ‘Ό,’“Τi—Φjκ,10Ξ‘γ,‘εw¶,{ω‚µ‚½
ή“,©“]Τ“,‰ΑΓμ,‰ΑΓμ‰w‘O,282103,•ΊΙ§,‰ΑΓμs,‰ΑΓμ’¬Β΄’¬,2022[sanitize]05[sanitize]17,10,‚»‚Μ‘Ό,’“Τi—Φjκ,20Ξ‘γ,‚»‚Μ‘Ό,{ω‚Ή‚Έ
ή“,©“]Τ“,‰ΑΓμ,‰ΑΓμ‰w‘O,282103,•ΊΙ§,‰ΑΓμs,‰ΑΓμ’¬Β΄’¬,2022[sanitize]05[sanitize]19,13,‚»‚Μ‘Ό,’“Τi—Φjκ,10Ξ‘γ,‚Z¶,{ω‚Ή‚Έ
ή“,©“]Τ“,‰ΑΓμ,‰ΑΓμ‰w‘O,282103,•ΊΙ§,‰ΑΓμs,‰ΑΓμ’¬Β΄’¬,2022[sanitize]05[sanitize]25,08,‚»‚Μ‘Ό,’“Τi—Φjκ,20Ξ‘γ,‘εw¶,{ω‚µ‚½
ή“,©“]Τ“,‰ΑΓμ,‰ΑΓμ‰w‘O,282103,•ΊΙ§,‰ΑΓμs,‰ΑΓμ’¬Β΄’¬,2022[sanitize]06[sanitize]12,09,’“Τi—Φjκ,’“Τi—Φjκ,10Ξ‘γ,‚Z¶,{ω‚Ή‚Έ
ή“,©“]Τ“,‰ΑΓμ,‰ΑΓμ‰w‘O,282103,•ΊΙ§,‰ΑΓμs,‰ΑΓμ’¬Β΄’¬,2022[sanitize]06[sanitize]12,19,‚SK‚ΔΘγ‹¤“―Z‘ξ,’“Τi—Φjκ,40Ξ‘γ,‚»‚Μ‘Ό,{ω‚Ή‚Έ
ή“,©“]Τ“,‰ΑΓμ,‰ΑΓμ‰w‘O,282103,•ΊΙ§,‰ΑΓμs,‰ΑΓμ’¬Β΄’¬,2022[sanitize]07[sanitize]29,17,’“Τi—Φjκ,’“Τi—Φjκ,20Ξ‘γ,‘εw¶,{ω‚Ή‚Έ
ή“,©“]Τ“,‰ΑΓμ,‰ΑΓμ‰w‘O,282103,•ΊΙ§,‰ΑΓμs,‰ΑΓμ’¬Β΄’¬,2022[sanitize]08[sanitize]03,12,‚»‚Μ‘Ό,’“Τi—Φjκ,20Ξ‘γ,‘εw¶,{ω‚Ή‚Έ
ή“,©“]Τ“,‰ΑΓμ,‰ΑΓμ‰w‘O,282103,•ΊΙ§,‰ΑΓμs,‰ΑΓμ’¬Β΄’¬,2022[sanitize]08[sanitize]09,17,‚»‚Μ‘Ό,’“Τi—Φjκ,10Ξ‘γ,‚Z¶,{ω‚Ή‚Έ
ή“,©“]Τ“,‰ΑΓμ,‰ΑΓμ‰w‘O,282103,•ΊΙ§,‰ΑΓμs,‰ΑΓμ’¬Β΄’¬,2022[sanitize]09[sanitize]08,18,‚»‚Μ‘Ό,’“Τi—Φjκ,10Ξ‘γ,‘εw¶,{ω‚Ή‚Έ
ή“,©“]Τ“,‰ΑΓμ,‰ΑΓμ‰w‘O,282103,•ΊΙ§,‰ΑΓμs,‰ΑΓμ’¬Β΄’¬,2022[sanitize]09[sanitize]30,14,“ΉHγ,‚»‚Μ‘Ό,70ΞΘγ,‚»‚Μ‘Ό,{ω‚µ‚½
ή“,©“]Τ“,‰ΑΓμ,‰ΑΓμ‰w‘O,282103,•ΊΙ§,‰ΑΓμs,‰ΑΓμ’¬Β΄’¬,2022[sanitize]11[sanitize]26,14,“ΉHγ,‚»‚Μ‘Ό,10Ξ‘γ,’†w¶,{ω‚Ή‚Έ
ή“,©“]Τ“,‰ΑΓμ,‰ΑΓμ‰w‘O,282103,•ΊΙ§,‰ΑΓμs,‰ΑΓμ’¬Β΄’¬,2022[sanitize]11[sanitize]26,16,‚»‚Μ‘Ό,’“Τi—Φjκ,10Ξ‘γ,‚»‚Μ‘Ό,{ω‚Ή‚Έ
ή“,©“]Τ“,‰ΑΓμ,‰ΑΓμ‰w‘O,282103,•ΊΙ§,‰ΑΓμs,‰ΑΓμ’¬Β΄’¬,2022[sanitize]12[sanitize]10,06,‚»‚Μ‘Ό,’“Τi—Φjκ,10Ξ‘γ,’†w¶,{ω‚µ‚½
ή“,©“]Τ“,‰ΑΓμ,‰ΑΓμ‰w‘O,282103,•ΊΙ§,‰ΑΓμs,‰ΑΓμ’¬Β΄’¬,2022[sanitize]12[sanitize]27,14,“ΉHγ,‚»‚Μ‘Ό,10Ξ‘γ,‚Z¶,{ω‚Ή‚Έ
ή“,©“]Τ“,‰ΑΓμ,‰ΑΓμ‰w‘O,282103,•ΊΙ§,‰ΑΓμs,‰ΑΓμ’¬›‰Ζ’¬,2022[sanitize]01[sanitize]07,11,‚»‚Μ‘Ό,’“Τi—Φjκ,10Ξ‘γ,‚Z¶,{ω‚Ή‚Έ
ή“,©“]Τ“,‰ΑΓμ,‰ΑΓμ‰w‘O,282103,•ΊΙ§,‰ΑΓμs,‰ΑΓμ’¬›‰Ζ’¬,2022[sanitize]01[sanitize]21,18,‚»‚Μ‘Ό,’“Τi—Φjκ,20Ξ‘γ,‚»‚Μ‘Ό,{ω‚Ή‚Έ
ή“,©“]Τ“,‰ΑΓμ,‰ΑΓμ‰w‘O,282103,•ΊΙ§,‰ΑΓμs,‰ΑΓμ’¬›‰Ζ’¬,2022[sanitize]02[sanitize]03,18,‚»‚Μ‘Ό,’“Τi—Φjκ,10Ξ‘γ,‚Z¶,{ω‚Ή‚Έ
ή“,©“]Τ“,‰ΑΓμ,‰ΑΓμ‰w‘O,282103,•ΊΙ§,‰ΑΓμs,‰ΑΓμ’¬›‰Ζ’¬,2022[sanitize]02[sanitize]21,19,‚»‚Μ‘Ό,’“Τi—Φjκ,30Ξ‘γ,‚»‚Μ‘Ό,{ω‚Ή‚Έ
ή“,©“]Τ“,‰ΑΓμ,‰ΑΓμ‰w‘O,282103,•ΊΙ§,‰ΑΓμs,‰ΑΓμ’¬›‰Ζ’¬,2022[sanitize]03[sanitize]23,14,‚»‚Μ‘Ό,’“Τi—Φjκ,20Ξ‘γ,‘εw¶,{ω‚Ή‚Έ
ή“,©“]Τ“,‰ΑΓμ,‰ΑΓμ‰w‘O,282103,•ΊΙ§,‰ΑΓμs,‰ΑΓμ’¬›‰Ζ’¬,2022[sanitize]03[sanitize]25,10,‚»‚Μ‘Ό,’“Τi—Φjκ,70ΞΘγ,‚»‚Μ‘Ό,{ω‚Ή‚Έ
ή“,©“]Τ“,‰ΑΓμ,‰ΑΓμ‰w‘O,282103,•ΊΙ§,‰ΑΓμs,‰ΑΓμ’¬›‰Ζ’¬,2022[sanitize]04[sanitize]04,19,‚»‚Μ‘Ό,’“Τi—Φjκ,10Ξ‘γ,‚Z¶,{ω‚Ή‚Έ
ή“,©“]Τ“,‰ΑΓμ,‰ΑΓμ‰w‘O,282103,•ΊΙ§,‰ΑΓμs,‰ΑΓμ’¬›‰Ζ’¬,2022[sanitize]04[sanitize]10,18,‚»‚Μ‘Ό,’“Τi—Φjκ,10Ξ‘γ,‚Z¶,{ω‚Ή‚Έ
ή“,©“]Τ“,‰ΑΓμ,‰ΑΓμ‰w‘O,282103,•ΊΙ§,‰ΑΓμs,‰ΑΓμ’¬›‰Ζ’¬,2022[sanitize]05[sanitize]04,19,‚»‚Μ‘Ό,’“Τi—Φjκ,10Ξ‘γ,‚Z¶,{ω‚Ή‚Έ
ή“,©“]Τ“,‰ΑΓμ,‰ΑΓμ‰w‘O,282103,•ΊΙ§,‰ΑΓμs,‰ΑΓμ’¬›‰Ζ’¬,2022[sanitize]05[sanitize]07,04,‚»‚Μ‘Ό,‚»‚Μ‘Ό,30Ξ‘γ,‚»‚Μ‘Ό,{ω‚µ‚½
ή“,©“]Τ“,‰ΑΓμ,‰ΑΓμ‰w‘O,282103,•ΊΙ§,‰ΑΓμs,‰ΑΓμ’¬›‰Ζ’¬,2022[sanitize]05[sanitize]27,21,‚»‚Μ‘Ό,’“Τi—Φjκ,10Ξ‘γ,‘εw¶,{ω‚Ή‚Έ
ή“,©“]Τ“,‰ΑΓμ,‰ΑΓμ‰w‘O,282103,•ΊΙ§,‰ΑΓμs,‰ΑΓμ’¬›‰Ζ’¬,2022[sanitize]06[sanitize]06,19,‚SK‚ΔΘγ‹¤“―Z‘ξ,’“Τi—Φjκ,70ΞΘγ,‚»‚Μ‘Ό,{ω‚Ή‚Έ
ή“,©“]Τ“,‰ΑΓμ,‰ΑΓμ‰w‘O,282103,•ΊΙ§,‰ΑΓμs,‰ΑΓμ’¬›‰Ζ’¬,2022[sanitize]06[sanitize]07,10,‚»‚Μ‘Ό,’“Τi—Φjκ,65[sanitize]69Ξ,‚»‚Μ‘Ό,{ω‚Ή‚Έ
ή“,©“]Τ“,‰ΑΓμ,‰ΑΓμ‰w‘O,282103,•ΊΙ§,‰ΑΓμs,‰ΑΓμ’¬›‰Ζ’¬,2022[sanitize]07[sanitize]07,18,‚»‚Μ‘Ό,’“Τi—Φjκ,50Ξ‘γ,‚»‚Μ‘Ό,{ω‚Ή‚Έ
ή“,©“]Τ“,‰ΑΓμ,‰ΑΓμ‰w‘O,282103,•ΊΙ§,‰ΑΓμs,‰ΑΓμ’¬›‰Ζ’¬,2022[sanitize]08[sanitize]23,11,‚»‚Μ‘Ό,’“Τi—Φjκ,10Ξ‘γ,‚Z¶,{ω‚Ή‚Έ
ή“,©“]Τ“,‰ΑΓμ,‰ΑΓμ‰w‘O,282103,•ΊΙ§,‰ΑΓμs,‰ΑΓμ’¬›‰Ζ’¬,2022[sanitize]08[sanitize]25,10,“ΉHγ,‚»‚Μ‘Ό,70ΞΘγ,‚»‚Μ‘Ό,{ω‚Ή‚Έ
ή“,©“]Τ“,‰ΑΓμ,‰ΑΓμ‰w‘O,282103,•ΊΙ§,‰ΑΓμs,‰ΑΓμ’¬›‰Ζ’¬,2022[sanitize]10[sanitize]03,23,‚»‚Μ‘Ό,’“Τi—Φjκ,20Ξ‘γ,‘εw¶,{ω‚Ή‚Έ
ή“,©“]Τ“,‰ΑΓμ,‰ΑΓμ‰w‘O,282103,•ΊΙ§,‰ΑΓμs,‰ΑΓμ’¬›‰Ζ’¬,2022[sanitize]10[sanitize]30,18,‚»‚Μ‘Ό,’“Τi—Φjκ,10Ξ‘γ,‚Z¶,{ω‚Ή‚Έ
ή“,©“]Τ“,‰ΑΓμ,‰ΑΓμ‰w‘O,282103,•ΊΙ§,‰ΑΓμs,‰ΑΓμ’¬›‰Ζ’¬,2022[sanitize]11[sanitize]02,13,’“Τi—Φjκ,’“Τi—Φjκ,20Ξ‘γ,‘εw¶,{ω‚Ή‚Έ
ή“,©“]Τ“,‰ΑΓμ,‰ΑΓμ‰w‘O,282103,•ΊΙ§,‰ΑΓμs,‰ΑΓμ’¬›‰Ζ’¬,2022[sanitize]11[sanitize]19,20,‚»‚Μ‘Ό,’“Τi—Φjκ,30Ξ‘γ,‚»‚Μ‘Ό,{ω‚Ή‚Έ
ή“,©“]Τ“,‰ΑΓμ,‰ΑΓμ‰w‘O,282103,•ΊΙ§,‰ΑΓμs,‰ΑΓμ’¬Ό‰Ν΄,2022[sanitize]09[sanitize]22,18,‚SK‚ΔΘγ‹¤“―Z‘ξ,’“Τi—Φjκ,20Ξ‘γ,‚»‚Μ‘Ό,{ω‚Ή‚Έ
ή“,©“]Τ“,‰ΑΓμ,‰ΑΓμ‰w‘O,282103,•ΊΙ§,‰ΑΓμs,‰ΑΓμ’¬•½–μ,2022[sanitize]08[sanitize]30,19,‚»‚Μ‘Ό‚ΜZ‘ξi‚RK‚ΔΘ‰Ί‹¤“―Z‘ξ“™j,’“Τi—Φjκ,20Ξ‘γ,‚»‚Μ‘Ό,{ω‚Ή‚Έ
ή“,©“]Τ“,‰ΑΓμ,‰ΑΓμ‰w‘O,282103,•ΊΙ§,‰ΑΓμs,‰ΑΓμ’¬•½–μ,2022[sanitize]09[sanitize]26,18,κΛZ‘ξ,’“Τi—Φjκ,60[sanitize]64Ξ,‚»‚Μ‘Ό,{ω‚Ή‚Έ
ή“,©“]Τ“,‰ΑΓμ,‰ΑΓμ‰w‘O,282103,•ΊΙ§,‰ΑΓμs,‰ΑΓμ’¬•½–μ,2022[sanitize]11[sanitize]24,10,‚»‚Μ‘Ό‚ΜZ‘ξi‚RK‚ΔΘ‰Ί‹¤“―Z‘ξ“™j,’“Τi—Φjκ,70ΞΘγ,‚»‚Μ‘Ό,{ω‚Ή‚Έ
ή“,©“]Τ“,‰ΑΓμ,‰ΑΓμ‰w‘O,282103,•ΊΙ§,‰ΑΓμs,‰ΑΓμ’¬•½–μ,2022[sanitize]12[sanitize]16,16,‚SK‚ΔΘγ‹¤“―Z‘ξ,’“Τi—Φjκ,10Ξ–Ά–,¬w¶,{ω‚Ή‚Έ
ή“,©“]Τ“,‰ΑΓμ,‰ΑΓμ‰w‘O,282103,•ΊΙ§,‰ΑΓμs,‰ΑΓμ’¬–{’¬,2022[sanitize]10[sanitize]15,00,‚SK‚ΔΘγ‹¤“―Z‘ξ,’“Τi—Φjκ,10Ξ‘γ,‚Z¶,{ω‚Ή‚Έ
ή“,©“]Τ“,‰ΑΓμ,‰ΑΓμ‰w‘O,282103,•ΊΙ§,‰ΑΓμs,‰ΑΓμ’¬a”Vϋ,2022[sanitize]01[sanitize]05,21,‚SK‚ΔΘγ‹¤“―Z‘ξ,’“Τi—Φjκ,40Ξ‘γ,‚»‚Μ‘Ό,{ω‚µ‚½
ή“,©“]Τ“,‰ΑΓμ,‰ΑΓμ‰w‘O,282103,•ΊΙ§,‰ΑΓμs,‰ΑΓμ’¬a”Vϋ,2022[sanitize]02[sanitize]22,17,‚»‚Μ‘Ό,’“Τi—Φjκ,10Ξ‘γ,‚Z¶,{ω‚Ή‚Έ
ή“,©“]Τ“,‰ΑΓμ,‰ΑΓμ‰w‘O,282103,•ΊΙ§,‰ΑΓμs,‰ΑΓμ’¬a”Vϋ,2022[sanitize]03[sanitize]29,06,’“Τi—Φjκ,’“Τi—Φjκ,10Ξ‘γ,‚Z¶,{ω‚Ή‚Έ
ή“,©“]Τ“,‰ΑΓμ,‰ΑΓμ‰w‘O,282103,•ΊΙ§,‰ΑΓμs,‰ΑΓμ’¬a”Vϋ,2022[sanitize]04[sanitize]01,19,‚SK‚ΔΘγ‹¤“―Z‘ξ,’“Τi—Φjκ,20Ξ‘γ,‚»‚Μ‘Ό,{ω‚Ή‚Έ
ή“,©“]Τ“,‰ΑΓμ,‰ΑΓμ‰w‘O,282103,•ΊΙ§,‰ΑΓμs,‰ΑΓμ’¬a”Vϋ,2022[sanitize]04[sanitize]20,07,‚»‚Μ‘Ό,’“Τi—Φjκ,10Ξ‘γ,‚Z¶,{ω‚Ή‚Έ
ή“,©“]Τ“,‰ΑΓμ,‰ΑΓμ‰w‘O,282103,•ΊΙ§,‰ΑΓμs,‰ΑΓμ’¬a”Vϋ,2022[sanitize]04[sanitize]27,07,‚»‚Μ‘Ό,’“Τi—Φjκ,40Ξ‘γ,‚»‚Μ‘Ό,{ω‚Ή‚Έ
ή“,©“]Τ“,‰ΑΓμ,‰ΑΓμ‰w‘O,282103,•ΊΙ§,‰ΑΓμs,‰ΑΓμ’¬a”Vϋ,2022[sanitize]05[sanitize]05,08,‚»‚Μ‘Ό,’“Τi—Φjκ,10Ξ‘γ,‚Z¶,{ω‚µ‚½
ή“,©“]Τ“,‰ΑΓμ,‰ΑΓμ‰w‘O,282103,•ΊΙ§,‰ΑΓμs,‰ΑΓμ’¬a”Vϋ,2022[sanitize]07[sanitize]23,07,‚»‚Μ‘Ό,’“Τi—Φjκ,10Ξ‘γ,‚Z¶,{ω‚µ‚½
ή“,©“]Τ“,‰ΑΓμ,‰ΑΓμ‰w‘O,282103,•ΊΙ§,‰ΑΓμs,‰ΑΓμ’¬a”Vϋ,2022[sanitize]09[sanitize]01,12,‚»‚Μ‘Ό,’“Τi—Φjκ,20Ξ‘γ,‘εw¶,{ω‚µ‚½
ή“,©“]Τ“,‰ΑΓμ,‰ΑΓμ‰w‘O,282103,•ΊΙ§,‰ΑΓμs,‰ΑΓμ’¬a”Vϋ,2022[sanitize]09[sanitize]04,09,‚»‚Μ‘Ό,’“Τi—Φjκ,40Ξ‘γ,‚»‚Μ‘Ό,{ω‚µ‚½
ή“,©“]Τ“,‰ΑΓμ,‰ΑΓμ‰w‘O,282103,•ΊΙ§,‰ΑΓμs,‰ΑΓμ’¬a”Vϋ,2022[sanitize]09[sanitize]18,07,‚»‚Μ‘Ό,’“Τi—Φjκ,10Ξ‘γ,‚Z¶,{ω‚µ‚½
ή“,©“]Τ“,‰ΑΓμ,‰ΑΓμ‰w‘O,282103,•ΊΙ§,‰ΑΓμs,‰ΑΓμ’¬a”Vϋ,2022[sanitize]09[sanitize]24,14,“ΉHγ,‚»‚Μ‘Ό,20Ξ‘γ,‚»‚Μ‘Ό,{ω‚µ‚½
ή“,©“]Τ“,‰ΑΓμ,‰ΑΓμ‰w‘O,282103,•ΊΙ§,‰ΑΓμs,‰ΑΓμ’¬a”Vϋ,2022[sanitize]10[sanitize]08,17,’“Τi—Φjκ,’“Τi—Φjκ,40Ξ‘γ,‚»‚Μ‘Ό,{ω‚Ή‚Έ
ή“,©“]Τ“,‰ΑΓμ,‰ΑΓμ‰w‘O,282103,•ΊΙ§,‰ΑΓμs,‰ΑΓμ’¬a”Vϋ,2022[sanitize]11[sanitize]18,06,’“Τi—Φjκ,’“Τi—Φjκ,10Ξ‘γ,‚Z¶,{ω‚Ή‚Έ
ή“,©“]Τ“,‰ΑΓμ,“yR,282103,•ΊΙ§,‰ΑΓμs,•½‰ª’¬‚”¨,2022[sanitize]04[sanitize]15,22,κΛZ‘ξ,’“Τi—Φjκ,10Ξ‘γ,‚»‚Μ‘Ό,{ω‚Ή‚Έ
ή“,©“]Τ“,‰ΑΓμ,“yR,282103,•ΊΙ§,‰ΑΓμs,•½‰ª’¬‚”¨,2022[sanitize]07[sanitize]21,20,‚»‚Μ‘Ό,’“Τi—Φjκ,20Ξ‘γ,‚»‚Μ‘Ό,{ω‚Ή‚Έ
ή“,©“]Τ“,‰ΑΓμ,“yR,282103,•ΊΙ§,‰ΑΓμs,•½‰ª’¬‚”¨,2022[sanitize]09[sanitize]09,05,‚SK‚ΔΘγ‹¤“―Z‘ξ,’“Τi—Φjκ,60[sanitize]64Ξ,‚»‚Μ‘Ό,{ω‚µ‚½
ή“,©“]Τ“,‰ΑΓμ,“yR,282103,•ΊΙ§,‰ΑΓμs,•½‰ª’¬“yR,2022[sanitize]02[sanitize]01,07,‚SK‚ΔΘγ‹¤“―Z‘ξ,’“Τi—Φjκ,40Ξ‘γ,‚»‚Μ‘Ό,{ω‚µ‚½
ή“,©“]Τ“,‰ΑΓμ,“yR,282103,•ΊΙ§,‰ΑΓμs,•½‰ª’¬“yR,2022[sanitize]02[sanitize]25,21,‚SK‚ΔΘγ‹¤“―Z‘ξ,’“Τi—Φjκ,10Ξ‘γ,‚Z¶,{ω‚Ή‚Έ
ή“,©“]Τ“,‰ΑΓμ,“yR,282103,•ΊΙ§,‰ΑΓμs,•½‰ª’¬“yR,2022[sanitize]07[sanitize]01,16,‚SK‚ΔΘγ‹¤“―Z‘ξ,’“Τi—Φjκ,20Ξ‘γ,‘εw¶,{ω‚µ‚½
ή“,©“]Τ“,‰ΑΓμ,“yR,282103,•ΊΙ§,‰ΑΓμs,•½‰ª’¬“yR,2022[sanitize]07[sanitize]08,18,‚SK‚ΔΘγ‹¤“―Z‘ξ,‚»‚Μ‘Ό,10Ξ‘γ,‘εw¶,{ω‚µ‚½
ή“,©“]Τ“,‰ΑΓμ,”φγ,282103,•ΊΙ§,‰ΑΓμs,”φγ’¬®‚P’–Ϊ,2022[sanitize]02[sanitize]28,14,‚»‚Μ‘Ό,’“Τi—Φjκ,20Ξ‘γ,‘εw¶,{ω‚µ‚½
ή“,©“]Τ“,‰ΑΓμ,”φγ,282103,•ΊΙ§,‰ΑΓμs,”φγ’¬®‚P’–Ϊ,2022[sanitize]03[sanitize]25,11,‚»‚Μ‘Ό,’“Τi—Φjκ,30Ξ‘γ,‚»‚Μ‘Ό,{ω‚Ή‚Έ
ή“,©“]Τ“,‰ΑΓμ,”φγ,282103,•ΊΙ§,‰ΑΓμs,”φγ’¬®‚P’–Ϊ,2022[sanitize]05[sanitize]25,15,‚»‚Μ‘Ό,’“Τi—Φjκ,10Ξ‘γ,‚Z¶,{ω‚µ‚½
ή“,©“]Τ“,‰ΑΓμ,”φγ,282103,•ΊΙ§,‰ΑΓμs,”φγ’¬®‚P’–Ϊ,2022[sanitize]07[sanitize]07,08,‚»‚Μ‘Ό,’“Τi—Φjκ,20Ξ‘γ,‘εw¶,{ω‚µ‚½
ή“,©“]Τ“,‰ΑΓμ,”φγ,282103,•ΊΙ§,‰ΑΓμs,”φγ’¬®‚P’–Ϊ,2022[sanitize]11[sanitize]14,17,“ΉHγ,‚»‚Μ‘Ό,30Ξ‘γ,‚»‚Μ‘Ό,{ω‚µ‚½
ή“,©“]Τ“,‰ΑΓμ,”φγ,282103,•ΊΙ§,‰ΑΓμs,”φγ’¬®‚Q’–Ϊ,2018[sanitize]03[sanitize]15,00,‚»‚Μ‘Ό,‚»‚Μ‘Ό,–@lE’c‘ΜA”νQÒ‚Θ‚µ,–@lE’c‘ΜA”νQÒ‚Θ‚µ,{ω‚Ή‚Έ
ή“,©“]Τ“,‰ΑΓμ,”φγ,282103,•ΊΙ§,‰ΑΓμs,”φγ’¬®‚Q’–Ϊ,2022[sanitize]01[sanitize]17,07,‚»‚Μ‘Ό,’“Τi—Φjκ,10Ξ‘γ,‚Z¶,{ω‚Ή‚Έ
ή“,©“]Τ“,‰ΑΓμ,”φγ,282103,•ΊΙ§,‰ΑΓμs,”φγ’¬®‚Q’–Ϊ,2022[sanitize]04[sanitize]25,07,‚»‚Μ‘Ό,’“Τi—Φjκ,10Ξ‘γ,‚Z¶,{ω‚µ‚½
ή“,©“]Τ“,‰ΑΓμ,”φγ,282103,•ΊΙ§,‰ΑΓμs,”φγ’¬®‚Q’–Ϊ,2022[sanitize]04[sanitize]25,07,‚»‚Μ‘Ό,’“Τi—Φjκ,10Ξ‘γ,‚Z¶,{ω‚Ή‚Έ
ή“,©“]Τ“,‰ΑΓμ,”φγ,282103,•ΊΙ§,‰ΑΓμs,”φγ’¬®‚Q’–Ϊ,2022[sanitize]06[sanitize]22,09,‚»‚Μ‘Ό,’“Τi—Φjκ,10Ξ‘γ,‘εw¶,{ω‚µ‚½
ή“,©“]Τ“,‰ΑΓμ,”φγ,282103,•ΊΙ§,‰ΑΓμs,”φγ’¬®‚Q’–Ϊ,2022[sanitize]06[sanitize]30,08,‚»‚Μ‘Ό,’“Τi—Φjκ,20Ξ‘γ,‚»‚Μ‘Ό,{ω‚µ‚½
ή“,©“]Τ“,‰ΑΓμ,”φγ,282103,•ΊΙ§,‰ΑΓμs,”φγ’¬®‚Q’–Ϊ,2022[sanitize]09[sanitize]15,08,‚»‚Μ‘Ό,’“Τi—Φjκ,20Ξ‘γ,‚»‚Μ‘Ό,{ω‚µ‚½
ή“,©“]Τ“,‰ΑΓμ,”φγ,282103,•ΊΙ§,‰ΑΓμs,”φγ’¬®‚Q’–Ϊ,2022[sanitize]11[sanitize]09,09,‚»‚Μ‘Ό,’“Τi—Φjκ,30Ξ‘γ,‚»‚Μ‘Ό,{ω‚µ‚½
ή“,©“]Τ“,‰ΑΓμ,”φγ,282103,•ΊΙ§,‰ΑΓμs,”φγ’¬®‚Q’–Ϊ,2022[sanitize]11[sanitize]21,06,‚»‚Μ‘Ό,’“Τi—Φjκ,20Ξ‘γ,‚»‚Μ‘Ό,{ω‚µ‚½
ή“,©“]Τ“,‰ΑΓμ,”φγ,282103,•ΊΙ§,‰ΑΓμs,”φγ’¬®‚Q’–Ϊ,2022[sanitize]12[sanitize]21,09,‚»‚Μ‘Ό,’“Τi—Φjκ,65[sanitize]69Ξ,‚»‚Μ‘Ό,{ω‚µ‚½
ή“,©“]Τ“,‰ΑΓμ,”φγ,282103,•ΊΙ§,‰ΑΓμs,”φγ’¬’r“c,2022[sanitize]03[sanitize]25,16,‚»‚Μ‘Ό,’“Τi—Φjκ,60[sanitize]64Ξ,‚»‚Μ‘Ό,{ω‚µ‚½
ή“,©“]Τ“,‰ΑΓμ,”φγ,282103,•ΊΙ§,‰ΑΓμs,”φγ’¬’r“c,2022[sanitize]06[sanitize]19,20,‚»‚Μ‘Ό,’“Τi—Φjκ,10Ξ‘γ,’†w¶,{ω‚Ή‚Έ
ή“,©“]Τ“,‰ΑΓμ,”φγ,282103,•ΊΙ§,‰ΑΓμs,”φγ’¬’r“c,2022[sanitize]12[sanitize]14,18,‚»‚Μ‘Ό‚ΜZ‘ξi‚RK‚ΔΘ‰Ί‹¤“―Z‘ξ“™j,’“Τi—Φjκ,30Ξ‘γ,‚»‚Μ‘Ό,{ω‚µ‚½
ή“,©“]Τ“,‰ΑΓμ,”φγ,282103,•ΊΙ§,‰ΑΓμs,”φγ’¬΅•,2020[sanitize]01[sanitize]27,08,‚»‚Μ‘Ό,’“Τi—Φjκ,50Ξ‘γ,‚»‚Μ‘Ό,{ω‚Ή‚Έ
ή“,©“]Τ“,‰ΑΓμ,”φγ,282103,•ΊΙ§,‰ΑΓμs,”φγ’¬΅•,2022[sanitize]02[sanitize]11,08,‚»‚Μ‘Ό,’“Τi—Φjκ,10Ξ‘γ,‚Z¶,{ω‚Ή‚Έ
ή“,©“]Τ“,‰ΑΓμ,”φγ,282103,•ΊΙ§,‰ΑΓμs,”φγ’¬΅•,2022[sanitize]04[sanitize]12,07,‚»‚Μ‘Ό,’“Τi—Φjκ,20Ξ‘γ,‘εw¶,{ω‚µ‚½
ή“,©“]Τ“,‰ΑΓμ,”φγ,282103,•ΊΙ§,‰ΑΓμs,”φγ’¬΅•,2022[sanitize]04[sanitize]19,07,‚»‚Μ‘Ό,’“Τi—Φjκ,60[sanitize]64Ξ,‚»‚Μ‘Ό,{ω‚Ή‚Έ
ή“,©“]Τ“,‰ΑΓμ,”φγ,282103,•ΊΙ§,‰ΑΓμs,”φγ’¬΅•,2022[sanitize]04[sanitize]25,07,‚»‚Μ‘Ό,’“Τi—Φjκ,30Ξ‘γ,‚»‚Μ‘Ό,{ω‚µ‚½
ή“,©“]Τ“,‰ΑΓμ,”φγ,282103,•ΊΙ§,‰ΑΓμs,”φγ’¬΅•,2022[sanitize]04[sanitize]26,07,‚»‚Μ‘Ό,’“Τi—Φjκ,10Ξ‘γ,‚Z¶,{ω‚Ή‚Έ
ή“,©“]Τ“,‰ΑΓμ,”φγ,282103,•ΊΙ§,‰ΑΓμs,”φγ’¬΅•,2022[sanitize]05[sanitize]20,08,‚»‚Μ‘Ό,’“Τi—Φjκ,20Ξ‘γ,‘εw¶,{ω‚µ‚½
ή“,©“]Τ“,‰ΑΓμ,”φγ,282103,•ΊΙ§,‰ΑΓμs,”φγ’¬΅•,2022[sanitize]05[sanitize]22,17,‚»‚Μ‘Ό,’“Τi—Φjκ,40Ξ‘γ,‚»‚Μ‘Ό,{ω‚µ‚½
ή“,©“]Τ“,‰ΑΓμ,”φγ,282103,•ΊΙ§,‰ΑΓμs,”φγ’¬΅•,2022[sanitize]05[sanitize]26,07,‚»‚Μ‘Ό,’“Τi—Φjκ,10Ξ‘γ,‚Z¶,{ω‚µ‚½
ή“,©“]Τ“,‰ΑΓμ,”φγ,282103,•ΊΙ§,‰ΑΓμs,”φγ’¬΅•,2022[sanitize]05[sanitize]27,10,‚»‚Μ‘Ό,’“Τi—Φjκ,20Ξ‘γ,‘εw¶,{ω‚µ‚½
ή“,©“]Τ“,‰ΑΓμ,”φγ,282103,•ΊΙ§,‰ΑΓμs,”φγ’¬΅•,2022[sanitize]06[sanitize]13,21,‚»‚Μ‘Ό,’“Τi—Φjκ,20Ξ‘γ,‚»‚Μ‘Ό,{ω‚Ή‚Έ
ή“,©“]Τ“,‰ΑΓμ,”φγ,282103,•ΊΙ§,‰ΑΓμs,”φγ’¬΅•,2022[sanitize]06[sanitize]21,09,‚»‚Μ‘Ό,’“Τi—Φjκ,20Ξ‘γ,‚»‚Μ‘Ό,{ω‚µ‚½
ή“,©“]Τ“,‰ΑΓμ,”φγ,282103,•ΊΙ§,‰ΑΓμs,”φγ’¬΅•,2022[sanitize]06[sanitize]24,09,‚»‚Μ‘Ό,’“Τi—Φjκ,20Ξ‘γ,‘εw¶,{ω‚µ‚½
ή“,©“]Τ“,‰ΑΓμ,”φγ,282103,•ΊΙ§,‰ΑΓμs,”φγ’¬΅•,2022[sanitize]06[sanitize]29,08,‚»‚Μ‘Ό,’“Τi—Φjκ,10Ξ‘γ,‚Z¶,{ω‚µ‚½
ή“,©“]Τ“,‰ΑΓμ,”φγ,282103,•ΊΙ§,‰ΑΓμs,”φγ’¬΅•,2022[sanitize]07[sanitize]02,08,‚»‚Μ‘Ό,’“Τi—Φjκ,30Ξ‘γ,‚»‚Μ‘Ό,{ω‚Ή‚Έ
ή“,©“]Τ“,‰ΑΓμ,”φγ,282103,•ΊΙ§,‰ΑΓμs,”φγ’¬΅•,2022[sanitize]07[sanitize]05,07,‚»‚Μ‘Ό,’“Τi—Φjκ,10Ξ‘γ,‚Z¶,{ω‚µ‚½
ή“,©“]Τ“,‰ΑΓμ,”φγ,282103,•ΊΙ§,‰ΑΓμs,”φγ’¬΅•,2022[sanitize]07[sanitize]12,08,‚»‚Μ‘Ό,’“Τi—Φjκ,70ΞΘγ,‚»‚Μ‘Ό,{ω‚µ‚½
ή“,©“]Τ“,‰ΑΓμ,”φγ,282103,•ΊΙ§,‰ΑΓμs,”φγ’¬΅•,2022[sanitize]07[sanitize]14,08,‚»‚Μ‘Ό,’“Τi—Φjκ,10Ξ‘γ,‚Z¶,{ω‚Ή‚Έ
ή“,©“]Τ“,‰ΑΓμ,”φγ,282103,•ΊΙ§,‰ΑΓμs,”φγ’¬΅•,2022[sanitize]07[sanitize]15,08,’“Τi—Φjκ,’“Τi—Φjκ,30Ξ‘γ,‚»‚Μ‘Ό,{ω‚µ‚½
ή“,©“]Τ“,‰ΑΓμ,”φγ,282103,•ΊΙ§,‰ΑΓμs,”φγ’¬΅•,2022[sanitize]07[sanitize]20,12,‚»‚Μ‘Ό,’“Τi—Φjκ,10Ξ‘γ,‚Z¶,{ω‚Ή‚Έ
ή“,©“]Τ“,‰ΑΓμ,”φγ,282103,•ΊΙ§,‰ΑΓμs,”φγ’¬΅•,2022[sanitize]07[sanitize]26,08,‚»‚Μ‘Ό,’“Τi—Φjκ,10Ξ‘γ,’†w¶,{ω‚µ‚½
ή“,©“]Τ“,‰ΑΓμ,”φγ,282103,•ΊΙ§,‰ΑΓμs,”φγ’¬΅•,2022[sanitize]08[sanitize]04,06,‚»‚Μ‘Ό,’“Τi—Φjκ,20Ξ‘γ,‚»‚Μ‘Ό,{ω‚µ‚½
ή“,©“]Τ“,‰ΑΓμ,”φγ,282103,•ΊΙ§,‰ΑΓμs,”φγ’¬΅•,2022[sanitize]08[sanitize]24,08,‚»‚Μ‘Ό,’“Τi—Φjκ,20Ξ‘γ,‘εw¶,{ω‚µ‚½
ή“,©“]Τ“,‰ΑΓμ,”φγ,282103,•ΊΙ§,‰ΑΓμs,”φγ’¬΅•,2022[sanitize]09[sanitize]07,07,‚»‚Μ‘Ό,’“Τi—Φjκ,10Ξ‘γ,‚Z¶,{ω‚Ή‚Έ
ή“,©“]Τ“,‰ΑΓμ,”φγ,282103,•ΊΙ§,‰ΑΓμs,”φγ’¬΅•,2022[sanitize]09[sanitize]15,03,‚»‚Μ‘Ό,’“Τi—Φjκ,10Ξ‘γ,‚»‚Μ‘Ό,{ω‚Ή‚Έ
ή“,©“]Τ“,‰ΑΓμ,”φγ,282103,•ΊΙ§,‰ΑΓμs,”φγ’¬΅•,2022[sanitize]09[sanitize]21,07,‚»‚Μ‘Ό,’“Τi—Φjκ,10Ξ‘γ,‚Z¶,{ω‚µ‚½
ή“,©“]Τ“,‰ΑΓμ,”φγ,282103,•ΊΙ§,‰ΑΓμs,”φγ’¬΅•,2022[sanitize]09[sanitize]22,07,‚»‚Μ‘Ό,’“Τi—Φjκ,10Ξ‘γ,‚Z¶,{ω‚µ‚½
ή“,©“]Τ“,‰ΑΓμ,”φγ,282103,•ΊΙ§,‰ΑΓμs,”φγ’¬΅•,2022[sanitize]10[sanitize]01,16,‚»‚Μ‘Ό,’“Τi—Φjκ,10Ξ‘γ,‚»‚Μ‘Ό,{ω‚Ή‚Έ
ή“,©“]Τ“,‰ΑΓμ,”φγ,282103,•ΊΙ§,‰ΑΓμs,”φγ’¬΅•,2022[sanitize]10[sanitize]29,17,‚»‚Μ‘Ό,’“Τi—Φjκ,10Ξ‘γ,‚Z¶,{ω‚Ή‚Έ
ή“,©“]Τ“,‰ΑΓμ,”φγ,282103,•ΊΙ§,‰ΑΓμs,”φγ’¬΅•,2022[sanitize]11[sanitize]09,16,‚»‚Μ‘Ό,’“Τi—Φjκ,10Ξ‘γ,‚Z¶,{ω‚Ή‚Έ
ή“,©“]Τ“,‰ΑΓμ,”φγ,282103,•ΊΙ§,‰ΑΓμs,”φγ’¬΅•,2022[sanitize]11[sanitize]20,09,‚»‚Μ‘Ό,’“Τi—Φjκ,10Ξ‘γ,‚Z¶,{ω‚Ή‚Έ
ή“,©“]Τ“,‰ΑΓμ,”φγ,282103,•ΊΙ§,‰ΑΓμs,”φγ’¬΅•,2022[sanitize]11[sanitize]21,08,‚»‚Μ‘Ό,’“Τi—Φjκ,70ΞΘγ,‚»‚Μ‘Ό,{ω‚µ‚½
ή“,©“]Τ“,‰ΑΓμ,”φγ,282103,•ΊΙ§,‰ΑΓμs,”φγ’¬΅•,2022[sanitize]11[sanitize]28,08,‚»‚Μ‘Ό,’“Τi—Φjκ,10Ξ‘γ,‚Z¶,{ω‚µ‚½
ή“,©“]Τ“,‰ΑΓμ,”φγ,282103,•ΊΙ§,‰ΑΓμs,”φγ’¬΅•,2022[sanitize]12[sanitize]02,07,‚»‚Μ‘Ό,’“Τi—Φjκ,10Ξ‘γ,‚Z¶,{ω‚µ‚½
ή“,©“]Τ“,‰ΑΓμ,”φγ,282103,•ΊΙ§,‰ΑΓμs,”φγ’¬΅•,2022[sanitize]12[sanitize]02,07,‚»‚Μ‘Ό,’“Τi—Φjκ,20Ξ‘γ,‚»‚Μ‘Ό,{ω‚µ‚½
ή“,©“]Τ“,‰ΑΓμ,”φγ,282103,•ΊΙ§,‰ΑΓμs,”φγ’¬΅•,2022[sanitize]12[sanitize]07,07,‚»‚Μ‘Ό,’“Τi—Φjκ,30Ξ‘γ,‚»‚Μ‘Ό,{ω‚µ‚½
ή“,©“]Τ“,‰ΑΓμ,”φγ,282103,•ΊΙ§,‰ΑΓμs,”φγ’¬΅•,2022[sanitize]12[sanitize]14,06,‚»‚Μ‘Ό,’“Τi—Φjκ,10Ξ‘γ,‚Z¶,{ω‚µ‚½
ή“,©“]Τ“,‰ΑΓμ,”φγ,282103,•ΊΙ§,‰ΑΓμs,”φγ’¬ϋ—Ά,2022[sanitize]02[sanitize]20,13,‚»‚Μ‘Ό,’“Τi—Φjκ,10Ξ‘γ,’†w¶,{ω‚Ή‚Έ
ή“,©“]Τ“,‰ΑΓμ,”φγ,282103,•ΊΙ§,‰ΑΓμs,”φγ’¬ϋ—Ά,2022[sanitize]03[sanitize]11,16,‚»‚Μ‘Ό‚ΜZ‘ξi‚RK‚ΔΘ‰Ί‹¤“―Z‘ξ“™j,’“Τi—Φjκ,10Ξ‘γ,‚»‚Μ‘Ό,{ω‚Ή‚Έ
ή“,©“]Τ“,‰ΑΓμ,”φγ,282103,•ΊΙ§,‰ΑΓμs,”φγ’¬ϋ—Ά,2022[sanitize]04[sanitize]10,15,κΛZ‘ξ,’“Τi—Φjκ,10Ξ‘γ,¬w¶,{ω‚Ή‚Έ
ή“,©“]Τ“,‰ΑΓμ,”φγ,282103,•ΊΙ§,‰ΑΓμs,”φγ’¬ϋ—Ά,2022[sanitize]04[sanitize]14,07,‚»‚Μ‘Ό,’“Τi—Φjκ,20Ξ‘γ,‚»‚Μ‘Ό,{ω‚µ‚½
ή“,©“]Τ“,‰ΑΓμ,”φγ,282103,•ΊΙ§,‰ΑΓμs,”φγ’¬ϋ—Ά,2022[sanitize]06[sanitize]03,06,‚»‚Μ‘Ό,’“Τi—Φjκ,10Ξ‘γ,‚»‚Μ‘Ό,{ω‚Ή‚Έ
ή“,©“]Τ“,‰ΑΓμ,”φγ,282103,•ΊΙ§,‰ΑΓμs,”φγ’¬ϋ—Ά,2022[sanitize]06[sanitize]18,08,‚»‚Μ‘Ό,’“Τi—Φjκ,10Ξ‘γ,‚Z¶,{ω‚Ή‚Έ
ή“,©“]Τ“,‰ΑΓμ,”φγ,282103,•ΊΙ§,‰ΑΓμs,”φγ’¬ϋ—Ά,2022[sanitize]07[sanitize]02,16,‚»‚Μ‘Ό,’“Τi—Φjκ,20Ξ‘γ,‚»‚Μ‘Ό,{ω‚µ‚½
ή“,©“]Τ“,‰ΑΓμ,”φγ,282103,•ΊΙ§,‰ΑΓμs,”φγ’¬ϋ—Ά,2022[sanitize]09[sanitize]01,00,‚»‚Μ‘Ό,’“Τi—Φjκ,20Ξ‘γ,‚»‚Μ‘Ό,{ω‚Ή‚Έ
ή“,©“]Τ“,‰ΑΓμ,”φγ,282103,•ΊΙ§,‰ΑΓμs,”φγ’¬ϋ—Ά,2022[sanitize]09[sanitize]05,07,‚»‚Μ‘Ό,’“Τi—Φjκ,10Ξ‘γ,‚Z¶,{ω‚Ή‚Έ
ή“,©“]Τ“,‰ΑΓμ,”φγ,282103,•ΊΙ§,‰ΑΓμs,”φγ’¬ϋ—Ά,2022[sanitize]10[sanitize]04,16,‚»‚Μ‘Ό,’“Τi—Φjκ,–@lE’c‘ΜA”νQÒ‚Θ‚µ,–@lE’c‘ΜA”νQÒ‚Θ‚µ,{ω‚Ή‚Έ
ή“,©“]Τ“,‰ΑΓμ,”φγ,282103,•ΊΙ§,‰ΑΓμs,”φγ’¬ϋ—Ά,2022[sanitize]11[sanitize]08,08,‚»‚Μ‘Ό‚ΜZ‘ξi‚RK‚ΔΘ‰Ί‹¤“―Z‘ξ“™j,’“Τi—Φjκ,30Ξ‘γ,‚»‚Μ‘Ό,{ω‚Ή‚Έ
ή“,©“]Τ“,‰ΑΓμ,”φγ,282103,•ΊΙ§,‰ΑΓμs,”φγ’¬ϋ—Ά,2022[sanitize]12[sanitize]08,03,‚»‚Μ‘Ό‚ΜZ‘ξi‚RK‚ΔΘ‰Ί‹¤“―Z‘ξ“™j,’“Τi—Φjκ,40Ξ‘γ,‚»‚Μ‘Ό,{ω‚Ή‚Έ
ή“,©“]Τ“,‰ΑΓμ,”φγ,282103,•ΊΙ§,‰ΑΓμs,”φγ’¬’·“c,2022[sanitize]05[sanitize]25,18,‚»‚Μ‘Ό‚ΜZ‘ξi‚RK‚ΔΘ‰Ί‹¤“―Z‘ξ“™j,’“Τi—Φjκ,20Ξ‘γ,‚»‚Μ‘Ό,{ω‚Ή‚Έ
ή“,©“]Τ“,‰ΑΓμ,”φγ,282103,•ΊΙ§,‰ΑΓμs,”φγ’¬ΐ“c,2022[sanitize]05[sanitize]08,00,‚»‚Μ‘Ό‚ΜZ‘ξi‚RK‚ΔΘ‰Ί‹¤“―Z‘ξ“™j,’“Τi—Φjκ,30Ξ‘γ,‚»‚Μ‘Ό,{ω‚Ή‚Έ
ή“,©“]Τ“,‰ΑΓμ,”φγ,282103,•ΊΙ§,‰ΑΓμs,”φγ’¬ΐ“c,2022[sanitize]07[sanitize]07,19,‚»‚Μ‘Ό,’“Τi—Φjκ,10Ξ‘γ,’†w¶,{ω‚Ή‚Έ
ή“,©“]Τ“,‰ΑΓμ,”φγ,282103,•ΊΙ§,‰ΑΓμs,”φγ’¬ΐ“c,2022[sanitize]07[sanitize]15,16,‚SK‚ΔΘγ‹¤“―Z‘ξ,’“Τi—Φjκ,30Ξ‘γ,‚»‚Μ‘Ό,{ω‚Ή‚Έ
ή“,©“]Τ“,‰ΑΓμ,”φγ,282103,•ΊΙ§,‰ΑΓμs,”φγ’¬ΐ“c,2022[sanitize]08[sanitize]25,13,‚»‚Μ‘Ό,’“Τi—Φjκ,10Ξ‘γ,’†w¶,{ω‚µ‚½
ή“,©“]Τ“,‰ΑΓμ,”φγ,282103,•ΊΙ§,‰ΑΓμs,”φγ’¬ΐ“c,2022[sanitize]10[sanitize]30,14,‚»‚Μ‘Ό,’“Τi—Φjκ,10Ξ‘γ,‚Z¶,{ω‚Ή‚Έ
ή“,©“]Τ“,‰ΑΓμ,”φγ,282103,•ΊΙ§,‰ΑΓμs,”φγ’¬ΐ“c,2022[sanitize]11[sanitize]06,21,‚»‚Μ‘Ό,’“Τi—Φjκ,10Ξ‘γ,‚Z¶,{ω‚Ή‚Έ
ή“,©“]Τ“,‰ΑΓμ,”φγ,282103,•ΊΙ§,‰ΑΓμs,”φγ’¬ΐ“c,2022[sanitize]11[sanitize]22,07,‚SK‚ΔΘγ‹¤“―Z‘ξ,’“Τi—Φjκ,10Ξ‘γ,¬w¶,{ω‚Ή‚Έ
ή“,©“]Τ“,‰ΑΓμ,”φγ,282103,•ΊΙ§,‰ΑΓμs,”φγ’¬—{“c,2022[sanitize]04[sanitize]28,17,‚»‚Μ‘Ό‚ΜZ‘ξi‚RK‚ΔΘ‰Ί‹¤“―Z‘ξ“™j,’“Τi—Φjκ,10Ξ‘γ,‚Z¶,{ω‚µ‚½
ή“,©“]Τ“,‰ΑΓμ,•½’Γ,282103,•ΊΙ§,‰ΑΓμs,“_‹g’¬o‰Ν΄,2022[sanitize]01[sanitize]05,17,‚»‚Μ‘Ό,’“Τi—Φjκ,10Ξ‘γ,’†w¶,{ω‚Ή‚Έ
ή“,©“]Τ“,‰ΑΓμ,•½’Γ,282103,•ΊΙ§,‰ΑΓμs,“_‹g’¬Όδƒmϋ,2022[sanitize]02[sanitize]26,16,κΛZ‘ξ,’“Τi—Φjκ,50Ξ‘γ,‚»‚Μ‘Ό,{ω‚Ή‚Έ
ή“,©“]Τ“,‰ΑΓμ,•½’Γ,282103,•ΊΙ§,‰ΑΓμs,“_‹g’¬Όδƒmϋ,2022[sanitize]12[sanitize]23,23,κΛZ‘ξ,’“Τi—Φjκ,60[sanitize]64Ξ,‚»‚Μ‘Ό,{ω‚µ‚½
ή“,©“]Τ“,‰ΑΓμ,•½’Γ,282103,•ΊΙ§,‰ΑΓμs,•Δ“c’¬‘D“ª,2022[sanitize]04[sanitize]16,12,‚SK‚ΔΘγ‹¤“―Z‘ξ,’“Τi—Φjκ,10Ξ‘γ,’†w¶,{ω‚µ‚½
ή“,©“]Τ“,‰ΑΓμ,•½’Γ,282103,•ΊΙ§,‰ΑΓμs,•Δ“c’¬•½’Γ,2022[sanitize]01[sanitize]04,06,‚»‚Μ‘Ό,’“Τi—Φjκ,10Ξ‘γ,‚Z¶,{ω‚Ή‚Έ
ή“,©“]Τ“,‰ΑΓμ,•½’Γ,282103,•ΊΙ§,‰ΑΓμs,•Δ“c’¬•½’Γ,2022[sanitize]01[sanitize]17,07,‚»‚Μ‘Ό,’“Τi—Φjκ,10Ξ‘γ,‚Z¶,{ω‚Ή‚Έ
ή“,©“]Τ“,‰ΑΓμ,•½’Γ,282103,•ΊΙ§,‰ΑΓμs,•Δ“c’¬•½’Γ,2022[sanitize]01[sanitize]27,14,‚»‚Μ‘Ό,’“Τi—Φjκ,40Ξ‘γ,‚»‚Μ‘Ό,{ω‚µ‚½
ή“,©“]Τ“,‰ΑΓμ,•½’Γ,282103,•ΊΙ§,‰ΑΓμs,•Δ“c’¬•½’Γ,2022[sanitize]02[sanitize]04,07,‚»‚Μ‘Ό,’“Τi—Φjκ,10Ξ‘γ,‚Z¶,{ω‚Ή‚Έ
ή“,©“]Τ“,‰ΑΓμ,•½’Γ,282103,•ΊΙ§,‰ΑΓμs,•Δ“c’¬•½’Γ,2022[sanitize]02[sanitize]21,06,‚»‚Μ‘Ό,’“Τi—Φjκ,10Ξ‘γ,‘εw¶,{ω‚Ή‚Έ
ή“,©“]Τ“,‰ΑΓμ,•½’Γ,282103,•ΊΙ§,‰ΑΓμs,•Δ“c’¬•½’Γ,2022[sanitize]04[sanitize]17,13,‚»‚Μ‘Ό,’“Τi—Φjκ,10Ξ‘γ,‘εw¶,{ω‚Ή‚Έ
ή“,©“]Τ“,‰ΑΓμ,•½’Γ,282103,•ΊΙ§,‰ΑΓμs,•Δ“c’¬•½’Γ,2022[sanitize]05[sanitize]09,09,‚»‚Μ‘Ό,’“Τi—Φjκ,20Ξ‘γ,‘εw¶,{ω‚Ή‚Έ
ή“,©“]Τ“,‰ΑΓμ,•½’Γ,282103,•ΊΙ§,‰ΑΓμs,•Δ“c’¬•½’Γ,2022[sanitize]05[sanitize]21,17,‚»‚Μ‘Ό,’“Τi—Φjκ,20Ξ‘γ,‚»‚Μ‘Ό,{ω‚Ή‚Έ
ή“,©“]Τ“,‰ΑΓμ,•½’Γ,282103,•ΊΙ§,‰ΑΓμs,•Δ“c’¬•½’Γ,2022[sanitize]07[sanitize]20,08,‚»‚Μ‘Ό,’“Τi—Φjκ,10Ξ‘γ,‚»‚Μ‘Ό,{ω‚µ‚½
ή“,©“]Τ“,‰ΑΓμ,•½’Γ,282103,•ΊΙ§,‰ΑΓμs,•Δ“c’¬•½’Γ,2022[sanitize]08[sanitize]03,12,‚»‚Μ‘Ό,’“Τi—Φjκ,20Ξ‘γ,‘εw¶,{ω‚Ή‚Έ
ή“,©“]Τ“,‰ΑΓμ,•½’Γ,282103,•ΊΙ§,‰ΑΓμs,•Δ“c’¬•½’Γ,2022[sanitize]09[sanitize]22,06,‚»‚Μ‘Ό,’“Τi—Φjκ,10Ξ‘γ,‚Z¶,{ω‚Ή‚Έ
ή“,©“]Τ“,‰ΑΓμ,•½’Γ,282103,•ΊΙ§,‰ΑΓμs,•Δ“c’¬•½’Γ,2022[sanitize]10[sanitize]12,09,‚»‚Μ‘Ό,’“Τi—Φjκ,10Ξ‘γ,‘εw¶,{ω‚µ‚½
ή“,©“]Τ“,‰ΑΓμ,•½’Γ,282103,•ΊΙ§,‰ΑΓμs,•Δ“c’¬•½’Γ,2022[sanitize]10[sanitize]18,22,‚»‚Μ‘Ό‚ΜZ‘ξi‚RK‚ΔΘ‰Ί‹¤“―Z‘ξ“™j,’“Τi—Φjκ,20Ξ‘γ,‚»‚Μ‘Ό,{ω‚Ή‚Έ
ή“,©“]Τ“,‰ΑΓμ,•½’Γ,282103,•ΊΙ§,‰ΑΓμs,•Δ“c’¬•½’Γ,2022[sanitize]11[sanitize]06,08,‚»‚Μ‘Ό,’“Τi—Φjκ,10Ξ‘γ,‚Z¶,{ω‚Ή‚Έ
ή“,©“]Τ“,‰ΑΓμ,•½’Γ,282103,•ΊΙ§,‰ΑΓμs,•Δ“c’¬•½’Γ,2022[sanitize]11[sanitize]06,11,‚»‚Μ‘Ό,’“Τi—Φjκ,40Ξ‘γ,‚»‚Μ‘Ό,{ω‚Ή‚Έ
ή“,©“]Τ“,‰ΑΓμ,•½’Γ,282103,•ΊΙ§,‰ΑΓμs,•Δ“c’¬•½’Γ,2022[sanitize]11[sanitize]24,07,‚»‚Μ‘Ό,’“Τi—Φjκ,10Ξ‘γ,‚Z¶,{ω‚Ή‚Έ
ή“,©“]Τ“,‰ΑΓμ,•½’Γ,282103,•ΊΙ§,‰ΑΓμs,•Δ“c’¬•½’Γ,2022[sanitize]11[sanitize]27,10,‚»‚Μ‘Ό,’“Τi—Φjκ,10Ξ‘γ,‚»‚Μ‘Ό,{ω‚Ή‚Έ
ή“,©“]Τ“,‰ΑΓμ,•½’Γ,282103,•ΊΙ§,‰ΑΓμs,•Δ“c’¬•½’Γ,2022[sanitize]12[sanitize]05,07,’“Τi—Φjκ,’“Τi—Φjκ,30Ξ‘γ,‚»‚Μ‘Ό,{ω‚Ή‚Έ
ή“,©“]Τ“,‰ΑΓμ,•½’Γ,282103,•ΊΙ§,‰ΑΓμs,•Δ“c’¬•½’Γ,2022[sanitize]12[sanitize]11,07,‚»‚Μ‘Ό,’“Τi—Φjκ,10Ξ‘γ,‘εw¶,{ω‚Ή‚Έ
ή“,©“]Τ“,‰ΑΓμ,•½’Γ,282103,•ΊΙ§,‰ΑΓμs,•Δ“c’¬•½’Γ,2022[sanitize]12[sanitize]25,12,‚»‚Μ‘Ό,’“Τi—Φjκ,10Ξ‘γ,‚Z¶,{ω‚Ή‚Έ
ή“,©“]Τ“,‰ΑΓμ,u•ϋ,282103,•ΊΙ§,‰ΑΓμs,u•ϋ’¬‰΅‘εH,2022[sanitize]11[sanitize]10,14,“ΉHγ,‚»‚Μ‘Ό,50Ξ‘γ,‚»‚Μ‘Ό,{ω‚Ή‚Έ
ή“,©“]Τ“,‰ΑΓμ,u•ϋ“,282103,•ΊΙ§,‰ΑΓμs,u•ϋ’¬‘εΰV,2022[sanitize]09[sanitize]10,18,κΛZ‘ξ,’“Τi—Φjκ,20Ξ‘γ,‚»‚Μ‘Ό,{ω‚Ή‚Έ
ή“,©“]Τ“,‰ΑΓμ,V_–μ,282103,•ΊΙ§,‰ΑΓμs,_–μ’¬Όπ,2022[sanitize]07[sanitize]15,07,‚»‚Μ‘Ό,’“Τi—Φjκ,10Ξ‘γ,‚»‚Μ‘Ό,{ω‚Ή‚Έ
ή“,©“]Τ“,‰ΑΓμ,“ϊ‰ª,282103,•ΊΙ§,‰ΑΓμs,‰ΑΓμ’¬‘ε–μ,2022[sanitize]01[sanitize]01,06,‚»‚Μ‘Ό,‚»‚Μ‘Ό,10Ξ‘γ,’†w¶,{ω‚Ή‚Έ
ή“,©“]Τ“,‰ΑΓμ,“ϊ‰ª,282103,•ΊΙ§,‰ΑΓμs,‰ΑΓμ’¬‘ε–μ,2022[sanitize]02[sanitize]16,08,‚»‚Μ‘Ό,’“Τi—Φjκ,20Ξ‘γ,‚»‚Μ‘Ό,{ω‚Ή‚Έ
ή“,©“]Τ“,‰ΑΓμ,“ϊ‰ª,282103,•ΊΙ§,‰ΑΓμs,‰ΑΓμ’¬‘ε–μ,2022[sanitize]03[sanitize]16,07,‚»‚Μ‘Ό,’“Τi—Φjκ,10Ξ‘γ,‚Z¶,{ω‚Ή‚Έ
ή“,©“]Τ“,‰ΑΓμ,“ϊ‰ª,282103,•ΊΙ§,‰ΑΓμs,‰ΑΓμ’¬‘ε–μ,2022[sanitize]05[sanitize]02,10,‚»‚Μ‘Ό,’“Τi—Φjκ,60[sanitize]64Ξ,‚»‚Μ‘Ό,{ω‚µ‚½
ή“,©“]Τ“,‰ΑΓμ,“ϊ‰ª,282103,•ΊΙ§,‰ΑΓμs,‰ΑΓμ’¬‘ε–μ,2022[sanitize]05[sanitize]05,11,‚»‚Μ‘Ό,’“Τi—Φjκ,20Ξ‘γ,‚»‚Μ‘Ό,{ω‚Ή‚Έ
ή“,©“]Τ“,‰ΑΓμ,“ϊ‰ª,282103,•ΊΙ§,‰ΑΓμs,‰ΑΓμ’¬‘ε–μ,2022[sanitize]09[sanitize]29,07,‚»‚Μ‘Ό,’“Τi—Φjκ,20Ξ‘γ,‚»‚Μ‘Ό,{ω‚µ‚½
ή“,©“]Τ“,‰ΑΓμ,“ϊ‰ª,282103,•ΊΙ§,‰ΑΓμs,‰ΑΓμ’¬‘ε–μ,2022[sanitize]10[sanitize]29,17,κΛZ‘ξ,’“Τi—Φjκ,40Ξ‘γ,‚»‚Μ‘Ό,{ω‚Ή‚Έ
ή“,©“]Τ“,‰ΑΓμ,“ϊ‰ª,282103,•ΊΙ§,‰ΑΓμs,‰ΑΓμ’¬”ό”T—,2022[sanitize]06[sanitize]25,22,‚»‚Μ‘Ό,’“Τi—Φjκ,10Ξ‘γ,’†w¶,{ω‚Ή‚Έ
ή“,©“]Τ“,‰ΑΓμ,“ϊ‰ª,282103,•ΊΙ§,‰ΑΓμs,‰ΑΓμ’¬”ό”T—,2022[sanitize]10[sanitize]05,17,‚SK‚ΔΘγ‹¤“―Z‘ξ,’“Τi—Φjκ,10Ξ‘γ,‚Z¶,{ω‚Ή‚Έ
ή“,©“]Τ“,‰ΑΓμ,“ϊ‰ª,282103,•ΊΙ§,‰ΑΓμs,‰ΑΓμ’¬”ό”T—,2022[sanitize]12[sanitize]26,16,‚SK‚ΔΘγ‹¤“―Z‘ξ,’“Τi—Φjκ,10Ξ‘γ,‚Z¶,{ω‚Ή‚Έ
ή“,©“]Τ“,‰ΑΓμ,–{‘‘,283827,•ΊΙ§,”d–’¬,Γ‹{‚R’–Ϊ,2022[sanitize]10[sanitize]28,18,κΛZ‘ξ,’“Τi—Φjκ,30Ξ‘γ,‚»‚Μ‘Ό,{ω‚Ή‚Έ
ή“,©“]Τ“,‰ΑΓμ,–{‘‘,283827,•ΊΙ§,”d–’¬,Γ‹{‚T’–Ϊ,2022[sanitize]08[sanitize]23,09,κΛZ‘ξ,’“Τi—Φjκ,10Ξ‘γ,’†w¶,{ω‚Ή‚Έ
ή“,©“]Τ“,‰ΑΓμ,–{‘‘,283827,•ΊΙ§,”d–’¬,V“‡,2022[sanitize]11[sanitize]19,08,‚»‚Μ‘Ό,’“Τi—Φjκ,20Ξ‘γ,‚»‚Μ‘Ό,{ω‚µ‚½
ή“,©“]Τ“,‰ΑΓμ,–{‘‘,283827,•ΊΙ§,”d–’¬,‹{Ό‚P’–Ϊ,2022[sanitize]08[sanitize]13,17,‚»‚Μ‘Ό,’“Τi—Φjκ,65[sanitize]69Ξ,‚»‚Μ‘Ό,{ω‚Ή‚Έ
ή“,©“]Τ“,‰ΑΓμ,–{‘‘,283827,•ΊΙ§,”d–’¬,–k–{‘‘‚S’–Ϊ,2022[sanitize]08[sanitize]26,13,‚»‚Μ‘Ό,’“Τi—Φjκ,10Ξ‘γ,¬w¶,{ω‚Ή‚Έ
ή“,©“]Τ“,‰ΑΓμ,–{‘‘,283827,•ΊΙ§,”d–’¬,–k–{‘‘‚U’–Ϊ,2022[sanitize]02[sanitize]23,16,‚»‚Μ‘Ό,’“Τi—Φjκ,10Ξ‘γ,¬w¶,{ω‚Ή‚Έ
ή“,©“]Τ“,‰ΑΓμ,–{‘‘,283827,•ΊΙ§,”d–’¬,‹{–k‚Q’–Ϊ,2022[sanitize]07[sanitize]06,12,κΛZ‘ξ,‚»‚Μ‘Ό,10Ξ‘γ,’†w¶,{ω‚Ή‚Έ
ή“,©“]Τ“,‰ΑΓμ,–{‘‘,283827,•ΊΙ§,”d–’¬,“–{‘‘‚P’–Ϊ,2022[sanitize]04[sanitize]04,00,‚»‚Μ‘Ό,’“Τi—Φjκ,10Ξ‘γ,‚»‚Μ‘Ό,{ω‚Ή‚Έ
ή“,©“]Τ“,‰ΑΓμ,–{‘‘,283827,•ΊΙ§,”d–’¬,“–{‘‘‚P’–Ϊ,2022[sanitize]12[sanitize]12,17,‚»‚Μ‘Ό,’“Τi—Φjκ,20Ξ‘γ,‚»‚Μ‘Ό,{ω‚µ‚½
ή“,©“]Τ“,‰ΑΓμ,–{‘‘,283827,•ΊΙ§,”d–’¬,“–{‘‘‚Q’–Ϊ,2022[sanitize]10[sanitize]26,18,‚SK‚ΔΘγ‹¤“―Z‘ξ,’“Τi—Φjκ,40Ξ‘γ,‚»‚Μ‘Ό,{ω‚Ή‚Έ
ή“,©“]Τ“,‰ΑΓμ,“‰ΑΓμ,282103,•ΊΙ§,‰ΑΓμs,•½‰ª’¬κF,2022[sanitize]05[sanitize]14,14,‚»‚Μ‘Ό‚ΜZ‘ξi‚RK‚ΔΘ‰Ί‹¤“―Z‘ξ“™j,’“Τi—Φjκ,70ΞΘγ,‚»‚Μ‘Ό,{ω‚Ή‚Έ
ή“,©“]Τ“,‰ΑΓμ,“‰ΑΓμ,282103,•ΊΙ§,‰ΑΓμs,•½‰ª’¬κF,2022[sanitize]05[sanitize]19,08,‚»‚Μ‘Ό‚ΜZ‘ξi‚RK‚ΔΘ‰Ί‹¤“―Z‘ξ“™j,’“Τi—Φjκ,40Ξ‘γ,‚»‚Μ‘Ό,{ω‚Ή‚Έ
ή“,©“]Τ“,‰ΑΓμ,“‰ΑΓμ,282103,•ΊΙ§,‰ΑΓμs,•½‰ª’¬κF,2022[sanitize]05[sanitize]27,14,‚»‚Μ‘Ό‚ΜZ‘ξi‚RK‚ΔΘ‰Ί‹¤“―Z‘ξ“™j,’“Τi—Φjκ,70ΞΘγ,‚»‚Μ‘Ό,{ω‚µ‚½
ή“,©“]Τ“,‰ΑΓμ,“‰ΑΓμ,282103,•ΊΙ§,‰ΑΓμs,•½‰ª’¬κF,2022[sanitize]08[sanitize]08,17,‚»‚Μ‘Ό,’“Τi—Φjκ,20Ξ‘γ,‘εw¶,{ω‚Ή‚Έ
ή“,©“]Τ“,‰ΑΓμ,“‰ΑΓμ,282103,•ΊΙ§,‰ΑΓμs,•½‰ª’¬κF,2022[sanitize]12[sanitize]19,17,‚»‚Μ‘Ό,’“Τi—Φjκ,10Ξ‘γ,‚Z¶,{ω‚Ή‚Έ
ή“,©“]Τ“,‰ΑΓμ,“‰ΑΓμ,282103,•ΊΙ§,‰ΑΓμs,•½‰ª’¬Vέ‰Ζ,2022[sanitize]01[sanitize]08,21,‚»‚Μ‘Ό‚ΜZ‘ξi‚RK‚ΔΘ‰Ί‹¤“―Z‘ξ“™j,’“Τi—Φjκ,20Ξ‘γ,‚»‚Μ‘Ό,{ω‚µ‚½
ή“,©“]Τ“,‰ΑΓμ,“‰ΑΓμ,282103,•ΊΙ§,‰ΑΓμs,•½‰ª’¬Vέ‰Ζ,2022[sanitize]01[sanitize]10,08,‚»‚Μ‘Ό,’“Τi—Φjκ,10Ξ‘γ,‚Z¶,{ω‚Ή‚Έ
ή“,©“]Τ“,‰ΑΓμ,“‰ΑΓμ,282103,•ΊΙ§,‰ΑΓμs,•½‰ª’¬Vέ‰Ζ,2022[sanitize]01[sanitize]14,08,‚»‚Μ‘Ό‚ΜZ‘ξi‚RK‚ΔΘ‰Ί‹¤“―Z‘ξ“™j,’“Τi—Φjκ,20Ξ‘γ,‘εw¶,{ω‚µ‚½
ή“,©“]Τ“,‰ΑΓμ,“‰ΑΓμ,282103,•ΊΙ§,‰ΑΓμs,•½‰ª’¬Vέ‰Ζ,2022[sanitize]01[sanitize]23,10,‚»‚Μ‘Ό,’“Τi—Φjκ,10Ξ‘γ,‚Z¶,{ω‚Ή‚Έ
ή“,©“]Τ“,‰ΑΓμ,“‰ΑΓμ,282103,•ΊΙ§,‰ΑΓμs,•½‰ª’¬Vέ‰Ζ,2022[sanitize]01[sanitize]26,14,‚»‚Μ‘Ό,’“Τi—Φjκ,10Ξ‘γ,‚Z¶,{ω‚Ή‚Έ
ή“,©“]Τ“,‰ΑΓμ,“‰ΑΓμ,282103,•ΊΙ§,‰ΑΓμs,•½‰ª’¬Vέ‰Ζ,2022[sanitize]02[sanitize]11,15,‚»‚Μ‘Ό,’“Τi—Φjκ,10Ξ‘γ,‚Z¶,{ω‚Ή‚Έ
ή“,©“]Τ“,‰ΑΓμ,“‰ΑΓμ,282103,•ΊΙ§,‰ΑΓμs,•½‰ª’¬Vέ‰Ζ,2022[sanitize]02[sanitize]18,18,‚»‚Μ‘Ό,’“Τi—Φjκ,40Ξ‘γ,‚»‚Μ‘Ό,{ω‚Ή‚Έ
ή“,©“]Τ“,‰ΑΓμ,“‰ΑΓμ,282103,•ΊΙ§,‰ΑΓμs,•½‰ª’¬Vέ‰Ζ,2022[sanitize]03[sanitize]11,15,‚»‚Μ‘Ό,’“Τi—Φjκ,10Ξ‘γ,‚Z¶,{ω‚Ή‚Έ
ή“,©“]Τ“,‰ΑΓμ,“‰ΑΓμ,282103,•ΊΙ§,‰ΑΓμs,•½‰ª’¬Vέ‰Ζ,2022[sanitize]03[sanitize]18,10,‚»‚Μ‘Ό,’“Τi—Φjκ,10Ξ‘γ,‚Z¶,{ω‚µ‚½
ή“,©“]Τ“,‰ΑΓμ,“‰ΑΓμ,282103,•ΊΙ§,‰ΑΓμs,•½‰ª’¬Vέ‰Ζ,2022[sanitize]04[sanitize]12,07,‚»‚Μ‘Ό,’“Τi—Φjκ,10Ξ‘γ,‚Z¶,{ω‚µ‚½
ή“,©“]Τ“,‰ΑΓμ,“‰ΑΓμ,282103,•ΊΙ§,‰ΑΓμs,•½‰ª’¬Vέ‰Ζ,2022[sanitize]04[sanitize]16,17,‚»‚Μ‘Ό,’“Τi—Φjκ,10Ξ‘γ,‘εw¶,{ω‚Ή‚Έ
ή“,©“]Τ“,‰ΑΓμ,“‰ΑΓμ,282103,•ΊΙ§,‰ΑΓμs,•½‰ª’¬Vέ‰Ζ,2022[sanitize]05[sanitize]07,18,‚»‚Μ‘Ό,’“Τi—Φjκ,20Ξ‘γ,‚»‚Μ‘Ό,{ω‚µ‚½
ή“,©“]Τ“,‰ΑΓμ,“‰ΑΓμ,282103,•ΊΙ§,‰ΑΓμs,•½‰ª’¬Vέ‰Ζ,2022[sanitize]05[sanitize]10,07,‚»‚Μ‘Ό,’“Τi—Φjκ,40Ξ‘γ,‚»‚Μ‘Ό,{ω‚µ‚½
ή“,©“]Τ“,‰ΑΓμ,“‰ΑΓμ,282103,•ΊΙ§,‰ΑΓμs,•½‰ª’¬Vέ‰Ζ,2022[sanitize]06[sanitize]09,07,‚»‚Μ‘Ό,’“Τi—Φjκ,10Ξ‘γ,‚Z¶,{ω‚Ή‚Έ
ή“,©“]Τ“,‰ΑΓμ,“‰ΑΓμ,282103,•ΊΙ§,‰ΑΓμs,•½‰ª’¬Vέ‰Ζ,2022[sanitize]06[sanitize]17,08,‚»‚Μ‘Ό,’“Τi—Φjκ,20Ξ‘γ,‚»‚Μ‘Ό,{ω‚Ή‚Έ
ή“,©“]Τ“,‰ΑΓμ,“‰ΑΓμ,282103,•ΊΙ§,‰ΑΓμs,•½‰ª’¬Vέ‰Ζ,2022[sanitize]06[sanitize]18,06,‚»‚Μ‘Ό,’“Τi—Φjκ,10Ξ‘γ,‚Z¶,{ω‚µ‚½
ή“,©“]Τ“,‰ΑΓμ,“‰ΑΓμ,282103,•ΊΙ§,‰ΑΓμs,•½‰ª’¬Vέ‰Ζ,2022[sanitize]06[sanitize]18,10,‚»‚Μ‘Ό,’“Τi—Φjκ,10Ξ‘γ,‘εw¶,{ω‚Ή‚Έ
ή“,©“]Τ“,‰ΑΓμ,“‰ΑΓμ,282103,•ΊΙ§,‰ΑΓμs,•½‰ª’¬Vέ‰Ζ,2022[sanitize]06[sanitize]20,07,‚»‚Μ‘Ό,’“Τi—Φjκ,20Ξ‘γ,‚»‚Μ‘Ό,{ω‚µ‚½
ή“,©“]Τ“,‰ΑΓμ,“‰ΑΓμ,282103,•ΊΙ§,‰ΑΓμs,•½‰ª’¬Vέ‰Ζ,2022[sanitize]07[sanitize]09,21,‚»‚Μ‘Ό,’“Τi—Φjκ,20Ξ‘γ,‚»‚Μ‘Ό,{ω‚Ή‚Έ
ή“,©“]Τ“,‰ΑΓμ,“‰ΑΓμ,282103,•ΊΙ§,‰ΑΓμs,•½‰ª’¬Vέ‰Ζ,2022[sanitize]07[sanitize]12,18,‚»‚Μ‘Ό,’“Τi—Φjκ,50Ξ‘γ,‚»‚Μ‘Ό,{ω‚µ‚½
ή“,©“]Τ“,‰ΑΓμ,“‰ΑΓμ,282103,•ΊΙ§,‰ΑΓμs,•½‰ª’¬Vέ‰Ζ,2022[sanitize]07[sanitize]20,17,‚»‚Μ‘Ό,’“Τi—Φjκ,10Ξ‘γ,‚Z¶,{ω‚Ή‚Έ
ή“,©“]Τ“,‰ΑΓμ,“‰ΑΓμ,282103,•ΊΙ§,‰ΑΓμs,•½‰ª’¬Vέ‰Ζ,2022[sanitize]08[sanitize]18,08,‚»‚Μ‘Ό,’“Τi—Φjκ,20Ξ‘γ,‚»‚Μ‘Ό,{ω‚Ή‚Έ
ή“,©“]Τ“,‰ΑΓμ,“‰ΑΓμ,282103,•ΊΙ§,‰ΑΓμs,•½‰ª’¬Vέ‰Ζ,2022[sanitize]08[sanitize]20,10,‚»‚Μ‘Ό,’“Τi—Φjκ,70ΞΘγ,‚»‚Μ‘Ό,{ω‚µ‚½
ή“,©“]Τ“,‰ΑΓμ,“‰ΑΓμ,282103,•ΊΙ§,‰ΑΓμs,•½‰ª’¬Vέ‰Ζ,2022[sanitize]08[sanitize]24,17,’“Τi—Φjκ,’“Τi—Φjκ,30Ξ‘γ,‚»‚Μ‘Ό,{ω‚µ‚½
ή“,©“]Τ“,‰ΑΓμ,“‰ΑΓμ,282103,•ΊΙ§,‰ΑΓμs,•½‰ª’¬Vέ‰Ζ,2022[sanitize]09[sanitize]06,06,‚»‚Μ‘Ό,’“Τi—Φjκ,10Ξ‘γ,‚Z¶,{ω‚µ‚½
ή“,©“]Τ“,‰ΑΓμ,“‰ΑΓμ,282103,•ΊΙ§,‰ΑΓμs,•½‰ª’¬Vέ‰Ζ,2022[sanitize]09[sanitize]11,22,‚»‚Μ‘Ό,’“Τi—Φjκ,20Ξ‘γ,‘εw¶,{ω‚Ή‚Έ
ή“,©“]Τ“,‰ΑΓμ,“‰ΑΓμ,282103,•ΊΙ§,‰ΑΓμs,•½‰ª’¬Vέ‰Ζ,2022[sanitize]09[sanitize]13,07,‚»‚Μ‘Ό,’“Τi—Φjκ,10Ξ‘γ,‚Z¶,{ω‚Ή‚Έ
ή“,©“]Τ“,‰ΑΓμ,“‰ΑΓμ,282103,•ΊΙ§,‰ΑΓμs,•½‰ª’¬Vέ‰Ζ,2022[sanitize]09[sanitize]28,19,‚»‚Μ‘Ό,’“Τi—Φjκ,20Ξ‘γ,‘εw¶,{ω‚Ή‚Έ
ή“,©“]Τ“,‰ΑΓμ,“‰ΑΓμ,282103,•ΊΙ§,‰ΑΓμs,•½‰ª’¬Vέ‰Ζ,2022[sanitize]09[sanitize]30,14,‚»‚Μ‘Ό‚ΜZ‘ξi‚RK‚ΔΘ‰Ί‹¤“―Z‘ξ“™j,’“Τi—Φjκ,20Ξ‘γ,‚»‚Μ‘Ό,{ω‚Ή‚Έ
ή“,©“]Τ“,‰ΑΓμ,“‰ΑΓμ,282103,•ΊΙ§,‰ΑΓμs,•½‰ª’¬Vέ‰Ζ,2022[sanitize]10[sanitize]09,11,‚»‚Μ‘Ό,’“Τi—Φjκ,10Ξ‘γ,‘εw¶,{ω‚Ή‚Έ
ή“,©“]Τ“,‰ΑΓμ,“‰ΑΓμ,282103,•ΊΙ§,‰ΑΓμs,•½‰ª’¬Vέ‰Ζ,2022[sanitize]10[sanitize]13,07,’“Τi—Φjκ,’“Τi—Φjκ,10Ξ‘γ,‚Z¶,{ω‚µ‚½
ή“,©“]Τ“,‰ΑΓμ,“‰ΑΓμ,282103,•ΊΙ§,‰ΑΓμs,•½‰ª’¬Vέ‰Ζ,2022[sanitize]10[sanitize]19,21,‚»‚Μ‘Ό,’“Τi—Φjκ,10Ξ‘γ,‚»‚Μ‘Ό,{ω‚Ή‚Έ
ή“,©“]Τ“,‰ΑΓμ,“‰ΑΓμ,282103,•ΊΙ§,‰ΑΓμs,•½‰ª’¬Vέ‰Ζ,2022[sanitize]10[sanitize]22,11,‚»‚Μ‘Ό,’“Τi—Φjκ,30Ξ‘γ,‚»‚Μ‘Ό,{ω‚µ‚½
ή“,©“]Τ“,‰ΑΓμ,“‰ΑΓμ,282103,•ΊΙ§,‰ΑΓμs,•½‰ª’¬Vέ‰Ζ,2022[sanitize]10[sanitize]26,19,‚»‚Μ‘Ό,’“Τi—Φjκ,10Ξ‘γ,‚Z¶,{ω‚Ή‚Έ
ή“,©“]Τ“,‰ΑΓμ,“‰ΑΓμ,282103,•ΊΙ§,‰ΑΓμs,•½‰ª’¬Vέ‰Ζ,2022[sanitize]11[sanitize]11,20,‚»‚Μ‘Ό,’“Τi—Φjκ,10Ξ‘γ,‚Z¶,{ω‚Ή‚Έ
ή“,©“]Τ“,‰ΑΓμ,“‰ΑΓμ,282103,•ΊΙ§,‰ΑΓμs,•½‰ª’¬Vέ‰Ζ,2022[sanitize]12[sanitize]06,20,‚»‚Μ‘Ό,’“Τi—Φjκ,20Ξ‘γ,‘εw¶,{ω‚µ‚½
ή“,©“]Τ“,‰ΑΓμ,“‰ΑΓμ,282103,•ΊΙ§,‰ΑΓμs,•½‰ª’¬Vέ‰Ζ,2022[sanitize]12[sanitize]07,19,“ΉHγ,‚»‚Μ‘Ό,60[sanitize]64Ξ,‚»‚Μ‘Ό,{ω‚Ή‚Έ
ή“,©“]Τ“,‰ΑΓμ,“‰ΑΓμ,282103,•ΊΙ§,‰ΑΓμs,•½‰ª’¬Vέ‰Ζ,2022[sanitize]12[sanitize]08,19,’“Τi—Φjκ,’“Τi—Φjκ,20Ξ‘γ,‚»‚Μ‘Ό,{ω‚Ή‚Έ
ή“,©“]Τ“,‰ΑΓμ,“‰ΑΓμ,282103,•ΊΙ§,‰ΑΓμs,•½‰ª’¬Vέ‰Ζ‚P’–Ϊ,2022[sanitize]03[sanitize]30,12,‚»‚Μ‘Ό,’“Τi—Φjκ,50Ξ‘γ,‚»‚Μ‘Ό,{ω‚µ‚½
ή“,©“]Τ“,‰ΑΓμ,“‰ΑΓμ,282103,•ΊΙ§,‰ΑΓμs,•½‰ª’¬Vέ‰Ζ‚P’–Ϊ,2022[sanitize]08[sanitize]23,19,’“Τi—Φjκ,’“Τi—Φjκ,70ΞΘγ,‚»‚Μ‘Ό,{ω‚µ‚½
ή“,©“]Τ“,‰ΑΓμ,“‰ΑΓμ,282103,•ΊΙ§,‰ΑΓμs,•½‰ª’¬Vέ‰Ζ‚P’–Ϊ,2022[sanitize]08[sanitize]27,20,‚SK‚ΔΘγ‹¤“―Z‘ξ,’“Τi—Φjκ,10Ξ‘γ,‚Z¶,{ω‚Ή‚Έ
ή“,©“]Τ“,‰ΑΓμ,“‰ΑΓμ,282103,•ΊΙ§,‰ΑΓμs,•½‰ª’¬Vέ‰Ζ‚Q’–Ϊ,2022[sanitize]04[sanitize]27,02,‚SK‚ΔΘγ‹¤“―Z‘ξ,’“Τi—Φjκ,20Ξ‘γ,‚»‚Μ‘Ό,{ω‚µ‚½
ή“,©“]Τ“,‰ΑΓμ,“‰ΑΓμ,282103,•ΊΙ§,‰ΑΓμs,•½‰ª’¬Vέ‰Ζ‚Q’–Ϊ,2022[sanitize]05[sanitize]06,05,‚»‚Μ‘Ό,‚»‚Μ‘Ό,10Ξ‘γ,‚Z¶,{ω‚Ή‚Έ
ή“,©“]Τ“,‰ΑΓμ,“‰ΑΓμ,282103,•ΊΙ§,‰ΑΓμs,•½‰ª’¬Vέ‰Ζ‚Q’–Ϊ,2022[sanitize]06[sanitize]19,08,‚»‚Μ‘Ό,’“Τi—Φjκ,10Ξ‘γ,‚Z¶,{ω‚Ή‚Έ
ή“,©“]Τ“,‰ΑΓμ,“‰ΑΓμ,282103,•ΊΙ§,‰ΑΓμs,•½‰ª’¬Vέ‰Ζ‚Q’–Ϊ,2022[sanitize]07[sanitize]02,03,“ΉHγ,‚»‚Μ‘Ό,10Ξ‘γ,‚»‚Μ‘Ό,{ω‚Ή‚Έ
ή“,©“]Τ“,‰ΑΓμ,“‰ΑΓμ,282103,•ΊΙ§,‰ΑΓμs,•½‰ª’¬Vέ‰Ζ‚Q’–Ϊ,2022[sanitize]08[sanitize]30,07,‚»‚Μ‘Ό,’“Τi—Φjκ,50Ξ‘γ,‚»‚Μ‘Ό,{ω‚Ή‚Έ
ή“,©“]Τ“,‰ΑΓμ,“‰ΑΓμ,282103,•ΊΙ§,‰ΑΓμs,•½‰ª’¬Vέ‰Ζ‚Q’–Ϊ,2022[sanitize]09[sanitize]05,15,“ΉHγ,‚»‚Μ‘Ό,10Ξ‘γ,‚Z¶,{ω‚µ‚½
ή“,©“]Τ“,‰ΑΓμ,“‰ΑΓμ,282103,•ΊΙ§,‰ΑΓμs,•½‰ª’¬Vέ‰Ζ‚Q’–Ϊ,2022[sanitize]09[sanitize]16,16,“ΉHγ,‚»‚Μ‘Ό,10Ξ‘γ,‚Z¶,{ω‚µ‚½
ή“,©“]Τ“,‰ΑΓμ,“‰ΑΓμ,282103,•ΊΙ§,‰ΑΓμs,•½‰ª’¬Vέ‰Ζ‚Q’–Ϊ,2022[sanitize]10[sanitize]09,11,“ΉHγ,‚»‚Μ‘Ό,20Ξ‘γ,‚»‚Μ‘Ό,{ω‚µ‚½
ή“,©“]Τ“,‰ΑΓμ,“‰ΑΓμ,282103,•ΊΙ§,‰ΑΓμs,•½‰ª’¬Vέ‰Ζ‚Q’–Ϊ,2022[sanitize]10[sanitize]18,17,“ΉHγ,‚»‚Μ‘Ό,30Ξ‘γ,‚»‚Μ‘Ό,{ω‚Ή‚Έ
ή“,©“]Τ“,‰ΑΓμ,“‰ΑΓμ,282103,•ΊΙ§,‰ΑΓμs,•½‰ª’¬Vέ‰Ζ‚Q’–Ϊ,2022[sanitize]11[sanitize]19,10,‚»‚Μ‘Ό,’“Τi—Φjκ,10Ξ‘γ,‚Z¶,{ω‚Ή‚Έ
ή“,©“]Τ“,‰ΑΓμ,“‰ΑΓμ,282103,•ΊΙ§,‰ΑΓμs,•½‰ª’¬Vέ‰Ζ‚Q’–Ϊ,2022[sanitize]11[sanitize]20,12,“ΉHγ,‚»‚Μ‘Ό,10Ξ‘γ,‚Z¶,{ω‚Ή‚Έ
ή“,©“]Τ“,‰ΑΓμ,“‰ΑΓμ,282103,•ΊΙ§,‰ΑΓμs,•½‰ª’¬Vέ‰Ζ‚Q’–Ϊ,2022[sanitize]12[sanitize]09,08,‚»‚Μ‘Ό,’“Τi—Φjκ,60[sanitize]64Ξ,‚»‚Μ‘Ό,{ω‚Ή‚Έ
ή“,©“]Τ“,‰ΑΓμ,“‰ΑΓμ,282103,•ΊΙ§,‰ΑΓμs,•½‰ª’¬Vέ‰Ζ‚Q’–Ϊ,2022[sanitize]12[sanitize]18,11,“ΉHγ,‚»‚Μ‘Ό,10Ξ‘γ,’†w¶,{ω‚Ή‚Έ
ή“,©“]Τ“,‰ΑΓμ,“‰ΑΓμ,282103,•ΊΙ§,‰ΑΓμs,•½‰ª’¬Vέ‰Ζ‚Q’–Ϊ,2022[sanitize]12[sanitize]25,10,’“Τi—Φjκ,’“Τi—Φjκ,20Ξ‘γ,‚»‚Μ‘Ό,{ω‚Ή‚Έ
ή“,©“]Τ“,‰ΑΓμ,“‰ΑΓμ,282103,•ΊΙ§,‰ΑΓμs,•½‰ª’¬Vέ‰Ζ‚R’–Ϊ,2021[sanitize]10[sanitize]19,07,’“Τi—Φjκ,’“Τi—Φjκ,20Ξ‘γ,‘εw¶,{ω‚Ή‚Έ
ή“,©“]Τ“,‰ΑΓμ,“‰ΑΓμ,282103,•ΊΙ§,‰ΑΓμs,•½‰ª’¬Vέ‰Ζ‚R’–Ϊ,2022[sanitize]07[sanitize]11,21,‚»‚Μ‘Ό‚ΜZ‘ξi‚RK‚ΔΘ‰Ί‹¤“―Z‘ξ“™j,’“Τi—Φjκ,10Ξ‘γ,‘εw¶,{ω‚Ή‚Έ
ή“,©“]Τ“,‰ΑΓμ,“‰ΑΓμ,282103,•ΊΙ§,‰ΑΓμs,•½‰ª’¬“ρ–“,2022[sanitize]01[sanitize]01,13,‚SK‚ΔΘγ‹¤“―Z‘ξ,’“Τi—Φjκ,50Ξ‘γ,‚»‚Μ‘Ό,{ω‚Ή‚Έ
ή“,©“]Τ“,‰ΑΓμ,“‰ΑΓμ,282103,•ΊΙ§,‰ΑΓμs,•½‰ª’¬“ρ–“,2022[sanitize]01[sanitize]30,09,‚SK‚ΔΘγ‹¤“―Z‘ξ,’“Τi—Φjκ,40Ξ‘γ,‚»‚Μ‘Ό,{ω‚Ή‚Έ
ή“,©“]Τ“,‰ΑΓμ,“‰ΑΓμ,282103,•ΊΙ§,‰ΑΓμs,•½‰ª’¬“ρ–“,2022[sanitize]08[sanitize]01,12,‚»‚Μ‘Ό,’“Τi—Φjκ,20Ξ‘γ,‘εw¶,{ω‚Ή‚Έ
ή“,©“]Τ“,‰ΑΓμ,“‰ΑΓμ,282103,•ΊΙ§,‰ΑΓμs,•½‰ª’¬“ρ–“,2022[sanitize]09[sanitize]13,20,‚SK‚ΔΘγ‹¤“―Z‘ξ,’“Τi—Φjκ,20Ξ‘γ,‚»‚Μ‘Ό,{ω‚Ή‚Έ
ή“,©“]Τ“,‰ΑΓμ,“‰ΑΓμ,282103,•ΊΙ§,‰ΑΓμs,•½‰ª’¬“ρ–“,2022[sanitize]09[sanitize]26,17,‚SK‚ΔΘγ‹¤“―Z‘ξ,’“Τi—Φjκ,30Ξ‘γ,‚»‚Μ‘Ό,{ω‚Ή‚Έ
ή“,©“]Τ“,‰ΑΓμ,“‰ΑΓμ,282103,•ΊΙ§,‰ΑΓμs,•½‰ª’¬“ρ–“,2022[sanitize]10[sanitize]08,17,‚SK‚ΔΘγ‹¤“―Z‘ξ,’“Τi—Φjκ,10Ξ‘γ,¬w¶,{ω‚Ή‚Έ
ή“,©“]Τ“,‰ΑΓμ,§”_‘O,282103,•ΊΙ§,‰ΑΓμs,–μϋ’¬…‘«,2022[sanitize]06[sanitize]04,12,κΛZ‘ξ,’“Τi—Φjκ,10Ξ‘γ,¬w¶,{ω‚Ή‚Έ
ή“,©“]Τ“,‰ΑΓμ,§”_‘O,282103,•ΊΙ§,‰ΑΓμs,–μϋ’¬…‘«,2022[sanitize]06[sanitize]12,18,‚»‚Μ‘Ό,’“Τi—Φjκ,10Ξ‘γ,‚Z¶,{ω‚Ή‚Έ
ή“,©“]Τ“,‰ΑΓμ,§”_‘O,282103,•ΊΙ§,‰ΑΓμs,–μϋ’¬…‘«,2022[sanitize]06[sanitize]19,15,κΛZ‘ξ,’“Τi—Φjκ,10Ξ‘γ,’†w¶,{ω‚Ή‚Έ
ή“,©“]Τ“,‰ΑΓμ,§”_‘O,282103,•ΊΙ§,‰ΑΓμs,–μϋ’¬…‘«,2022[sanitize]08[sanitize]15,10,‚SK‚ΔΘγ‹¤“―Z‘ξ,’“Τi—Φjκ,40Ξ‘γ,‚»‚Μ‘Ό,{ω‚Ή‚Έ
ή“,©“]Τ“,‰ΑΓμ,§”_‘O,282103,•ΊΙ§,‰ΑΓμs,–μϋ’¬…‘«,2022[sanitize]11[sanitize]30,15,‚SK‚ΔΘγ‹¤“―Z‘ξ,’“Τi—Φjκ,10Ξ‘γ,¬w¶,{ω‚Ή‚Έ
ή“,©“]Τ“,‰ΑΓμ,§”_‘O,282103,•ΊΙ§,‰ΑΓμs,•½‰ª’¬Vέ‰Ζ,2022[sanitize]08[sanitize]01,00,‚»‚Μ‘Ό‚ΜZ‘ξi‚RK‚ΔΘ‰Ί‹¤“―Z‘ξ“™j,’“Τi—Φjκ,40Ξ‘γ,‚»‚Μ‘Ό,{ω‚µ‚½
ή“,©“]Τ“,‰ΑΓμ,§”_‘O,282103,•ΊΙ§,‰ΑΓμs,•½‰ª’¬Vέ‰Ζ,2022[sanitize]11[sanitize]05,19,‚»‚Μ‘Ό,’“Τi—Φjκ,10Ξ‘γ,‚Z¶,{ω‚Ή‚Έ
ή“,©“]Τ“,‰ΑΓμ,§”_‘O,282103,•ΊΙ§,‰ΑΓμs,•½‰ª’¬Vέ‰Ζ,2022[sanitize]11[sanitize]25,18,κΛZ‘ξ,‚»‚Μ‘Ό,70ΞΘγ,‚»‚Μ‘Ό,{ω‚µ‚½
ή“,©“]Τ“,‰ΑΓμ,_‹g,282103,•ΊΙ§,‰ΑΓμs,Ό_‹g’¬έ,2022[sanitize]03[sanitize]23,09,“ΉHγ,‚»‚Μ‘Ό,50Ξ‘γ,‚»‚Μ‘Ό,{ω‚µ‚½
ή“,©“]Τ“,‰ΑΓμ,_‹g,282103,•ΊΙ§,‰ΑΓμs,Ό_‹g’¬έ,2022[sanitize]05[sanitize]26,17,‚»‚Μ‘Ό,’“Τi—Φjκ,10Ξ‘γ,¬w¶,{ω‚Ή‚Έ
ή“,©“]Τ“,‰ΑΓμ,_‹g,282103,•ΊΙ§,‰ΑΓμs,“_‹g’¬΅“c,2022[sanitize]04[sanitize]20,16,“ΉHγ,‚»‚Μ‘Ό,70ΞΘγ,‚»‚Μ‘Ό,{ω‚Ή‚Έ
ή“,©“]Τ“,‰ΑΓμ,_–μ,282103,•ΊΙ§,‰ΑΓμs,_–μ’¬Ξη,2022[sanitize]09[sanitize]04,18,‚SK‚ΔΘγ‹¤“―Z‘ξ,’“Τi—Φjκ,10Ξ‘γ,‚Z¶,{ω‚Ή‚Έ
ή“,©“]Τ“,‰ΑΓμ,ξ”ό,283819,•ΊΙ§,ξ”ό’¬,‰ΑΓ,2022[sanitize]08[sanitize]01,00,‚»‚Μ‘Ό,’“Τi—Φjκ,65[sanitize]69Ξ,‚»‚Μ‘Ό,{ω‚Ή‚Έ
ή“,©“]Τ“,‰ΑΓμ,ξ”ό,283819,•ΊΙ§,ξ”ό’¬,’†‘Ί,2022[sanitize]11[sanitize]19,23,‚SK‚ΔΘγ‹¤“―Z‘ξ,’“Τi—Φjκ,30Ξ‘γ,‚»‚Μ‘Ό,{ω‚Ή‚Έ
ή“,©“]Τ“,‰ΑΓμ,ξ”ό,283819,•ΊΙ§,ξ”ό’¬,Z•ªκ,2021[sanitize]09[sanitize]01,00,’“Τi—Φjκ,’“Τi—Φjκ,20Ξ‘γ,‚»‚Μ‘Ό,{ω‚Ή‚Έ
ή“,©“]Τ“,‰ΑΓμ,ξ”ό,283819,•ΊΙ§,ξ”ό’¬,Z•ªκ,2022[sanitize]04[sanitize]21,09,κΛZ‘ξ,’“Τi—Φjκ,70ΞΘγ,‚»‚Μ‘Ό,{ω‚Ή‚Έ
ή“,©“]Τ“,‰ΑΓμ,ξ”ό,283819,•ΊΙ§,ξ”ό’¬,Z•ªκ,2022[sanitize]07[sanitize]29,09,‚»‚Μ‘Ό,’“Τi—Φjκ,50Ξ‘γ,‚»‚Μ‘Ό,{ω‚µ‚½
ή“,©“]Τ“,‰ΑΓμ,–μϋ,282103,•ΊΙ§,‰ΑΓμs,–μϋ’¬β³,2022[sanitize]07[sanitize]07,22,κΛZ‘ξ,’“Τi—Φjκ,10Ξ‘γ,’†w¶,{ω‚Ή‚Έ
ή“,©“]Τ“,‰ΑΓμ,–μϋ,282103,•ΊΙ§,‰ΑΓμs,–μϋ’¬β³,2022[sanitize]07[sanitize]29,09,‚»‚Μ‘Ό,’“Τi—Φjκ,30Ξ‘γ,‚»‚Μ‘Ό,{ω‚Ή‚Έ
ή“,©“]Τ“,‰ΑΓμ,–μϋ,282103,•ΊΙ§,‰ΑΓμs,–μϋ’¬β³,2022[sanitize]08[sanitize]26,19,‚SK‚ΔΘγ‹¤“―Z‘ξ,’“Τi—Φjκ,20Ξ‘γ,‚»‚Μ‘Ό,{ω‚Ή‚Έ
ή“,©“]Τ“,‰ΑΓμ,–μϋ,282103,•ΊΙ§,‰ΑΓμs,–μϋ’¬β³,2022[sanitize]09[sanitize]26,08,‚»‚Μ‘Ό,’“Τi—Φjκ,20Ξ‘γ,‚»‚Μ‘Ό,{ω‚Ή‚Έ
ή“,©“]Τ“,‰ΑΓμ,–μϋ,282103,•ΊΙ§,‰ΑΓμs,–μϋ’¬’·»,2022[sanitize]03[sanitize]14,19,‚»‚Μ‘Ό,’“Τi—Φjκ,20Ξ‘γ,‚»‚Μ‘Ό,{ω‚Ή‚Έ
ή“,©“]Τ“,‰ΑΓμ,–μϋ,282103,•ΊΙ§,‰ΑΓμs,–μϋ’¬’·»,2022[sanitize]03[sanitize]24,11,κΛZ‘ξ,’“Τi—Φjκ,70ΞΘγ,‚»‚Μ‘Ό,{ω‚Ή‚Έ
ή“,©“]Τ“,‰ΑΓμ,–μϋ,282103,•ΊΙ§,‰ΑΓμs,–μϋ’¬’·»,2022[sanitize]11[sanitize]18,21,‚»‚Μ‘Ό,’“Τi—Φjκ,20Ξ‘γ,‚»‚Μ‘Ό,{ω‚Ή‚Έ
ή“,©“]Τ“,‰ΑΓμ,–μϋ,282103,•ΊΙ§,‰ΑΓμs,–μϋ’¬’·»,2022[sanitize]12[sanitize]23,08,‚»‚Μ‘Ό,’“Τi—Φjκ,30Ξ‘γ,‚»‚Μ‘Ό,{ω‚Ή‚Έ
ή“,©“]Τ“,‰ΑΓμ,–μϋ,282103,•ΊΙ§,‰ΑΓμs,–μϋ’¬–μϋ,2022[sanitize]06[sanitize]24,17,‚»‚Μ‘Ό,’“Τi—Φjκ,10Ξ‘γ,‚Z¶,{ω‚Ή‚Έ
ή“,©“]Τ“,‰ΑΓμ,–μϋ,282103,•ΊΙ§,‰ΑΓμs,–μϋ’¬–μϋ,2022[sanitize]06[sanitize]25,21,‚»‚Μ‘Ό,’“Τi—Φjκ,20Ξ‘γ,‚»‚Μ‘Ό,{ω‚Ή‚Έ
ή“,©“]Τ“,‰ΑΓμ,–μϋ,282103,•ΊΙ§,‰ΑΓμs,–μϋ’¬Γ‘ε“ΰ,2022[sanitize]01[sanitize]17,09,κΛZ‘ξ,’“Τi—Φjκ,30Ξ‘γ,‚»‚Μ‘Ό,{ω‚Ή‚Έ
ή“,©“]Τ“,‰ΑΓμ,–μϋ,282103,•ΊΙ§,‰ΑΓμs,–μϋ’¬—Η–μ,2022[sanitize]03[sanitize]04,17,κΛZ‘ξ,’“Τi—Φjκ,10Ξ‘γ,‚Z¶,{ω‚Ή‚Έ
ή“,©“]Τ“,‰ΑΓμ,–μϋ,282103,•ΊΙ§,‰ΑΓμs,–μϋ’¬—Η–μ,2022[sanitize]05[sanitize]15,19,‚»‚Μ‘Ό,’“Τi—Φjκ,10Ξ‘γ,’†w¶,{ω‚Ή‚Έ
ή“,©“]Τ“,‰ΑΓμ,–μϋ,282103,•ΊΙ§,‰ΑΓμs,–μϋ’¬—Η–μ,2022[sanitize]05[sanitize]21,19,‚»‚Μ‘Ό,’“Τi—Φjκ,10Ξ‘γ,’†w¶,{ω‚Ή‚Έ
ή“,©“]Τ“,‰ΑΓμ,–μϋ,282103,•ΊΙ§,‰ΑΓμs,–μϋ’¬—Η–μ,2022[sanitize]08[sanitize]13,12,κΛZ‘ξ,’“Τi—Φjκ,20Ξ‘γ,‘εw¶,{ω‚Ή‚Έ
ή“,©“]Τ“,‰ΑΓμ,–μϋ,282103,•ΊΙ§,‰ΑΓμs,–μϋ’¬—Η–μ,2022[sanitize]10[sanitize]02,00,‚»‚Μ‘Ό‚ΜZ‘ξi‚RK‚ΔΘ‰Ί‹¤“―Z‘ξ“™j,’“Τi—Φjκ,20Ξ‘γ,‚»‚Μ‘Ό,{ω‚Ή‚Έ
ή“,©“]Τ“,‰ΑΓμ,–μ“Y,283827,•ΊΙ§,”d–’¬,Γ“c‚Q’–Ϊ,2022[sanitize]01[sanitize]08,08,κΛZ‘ξ,’“Τi—Φjκ,10Ξ‘γ,’†w¶,{ω‚Ή‚Έ
ή“,©“]Τ“,‰ΑΓμ,–μ“Y,283827,•ΊΙ§,”d–’¬,Γ“c‚Q’–Ϊ,2022[sanitize]08[sanitize]18,06,κΛZ‘ξ,’“Τi—Φjκ,70ΞΘγ,‚»‚Μ‘Ό,{ω‚Ή‚Έ
ή“,©“]Τ“,‰ΑΓμ,–μ“Y,283827,•ΊΙ§,”d–’¬,“μ‘ε’†‚R’–Ϊ,2022[sanitize]08[sanitize]24,08,“ΉHγ,‚»‚Μ‘Ό,70ΞΘγ,‚»‚Μ‘Ό,{ω‚µ‚½
ή“,©“]Τ“,‰ΑΓμ,–μ“Y,283827,•ΊΙ§,”d–’¬,γ–μ“Y‚P’–Ϊ,2022[sanitize]06[sanitize]16,16,‚»‚Μ‘Ό‚ΜZ‘ξi‚RK‚ΔΘ‰Ί‹¤“―Z‘ξ“™j,’“Τi—Φjκ,65[sanitize]69Ξ,‚»‚Μ‘Ό,{ω‚µ‚½
ή“,©“]Τ“,‰ΑΓμ,–μ“Y,283827,•ΊΙ§,”d–’¬,–k–μ“Y‚P’–Ϊ,2022[sanitize]06[sanitize]05,07,‚»‚Μ‘Ό,’“Τi—Φjκ,20Ξ‘γ,‚»‚Μ‘Ό,{ω‚µ‚½
ή“,©“]Τ“,‰ΑΓμ,–μ“Y,283827,•ΊΙ§,”d–’¬,–k–μ“Y‚Q’–Ϊ,2022[sanitize]06[sanitize]25,22,‚»‚Μ‘Ό,’“Τi—Φjκ,10Ξ‘γ,‚Z¶,{ω‚Ή‚Έ
ή“,©“]Τ“,‰ΑΓμ,–μ“Y,283827,•ΊΙ§,”d–’¬,–k–μ“Y‚Q’–Ϊ,2022[sanitize]08[sanitize]26,17,‚SK‚ΔΘγ‹¤“―Z‘ξ,’“Τi—Φjκ,10Ξ‘γ,‚Z¶,{ω‚µ‚½
ή“,©“]Τ“,‰ΑΓμ,–μ“Y,283827,•ΊΙ§,”d–’¬,–k–μ“Y‚Q’–Ϊ,2022[sanitize]11[sanitize]19,10,‚»‚Μ‘Ό,’“Τi—Φjκ,10Ξ‘γ,’†w¶,{ω‚µ‚½
ή“,©“]Τ“,‰ΑΓμ,–μ“Y,283827,•ΊΙ§,”d–’¬,–k–μ“Y‚Q’–Ϊ,2022[sanitize]12[sanitize]23,09,‚»‚Μ‘Ό,’“Τi—Φjκ,20Ξ‘γ,‚»‚Μ‘Ό,{ω‚µ‚½
ή“,©“]Τ“,‰ΑΓμ,–μ“Y,283827,•ΊΙ§,”d–’¬,–k–μ“Y‚Q’–Ϊ,2022[sanitize]12[sanitize]26,00,κΛZ‘ξ,’“Τi—Φjκ,30Ξ‘γ,‚»‚Μ‘Ό,{ω‚Ή‚Έ
ή“,©“]Τ“,‰ΑΓμ,–μ“Y,283827,•ΊΙ§,”d–’¬,“–μ“Y‚Q’–Ϊ,2022[sanitize]01[sanitize]07,18,‚»‚Μ‘Ό,’“Τi—Φjκ,10Ξ‘γ,‚Z¶,{ω‚Ή‚Έ
ή“,©“]Τ“,‰ΑΓμ,–μ“Y,283827,•ΊΙ§,”d–’¬,“–μ“Y‚R’–Ϊ,2022[sanitize]05[sanitize]15,13,‚»‚Μ‘Ό,‚»‚Μ‘Ό,10Ξ‘γ,’†w¶,{ω‚Ή‚Έ
ή“,©“]Τ“,‰ΑΓμ,–μ“Y,283827,•ΊΙ§,”d–’¬,“–μ“Y‚R’–Ϊ,2022[sanitize]10[sanitize]25,11,‚»‚Μ‘Ό,’“Τi—Φjκ,30Ξ‘γ,‚»‚Μ‘Ό,{ω‚µ‚½
ή“,©“]Τ“,‰ΑΓμ,–μ“Y,283827,•ΊΙ§,”d–’¬,“μ–μ“Y‚R’–Ϊ,2022[sanitize]09[sanitize]07,07,‚»‚Μ‘Ό,’“Τi—Φjκ,10Ξ‘γ,‚Z¶,{ω‚Ή‚Έ
ή“,©“]Τ“,‰ΑΓμ,”µ—Ά,282103,•ΊΙ§,‰ΑΓμs,‰ΑΓμ’¬Ύ’Γ,2022[sanitize]03[sanitize]31,11,‚SK‚ΔΘγ‹¤“―Z‘ξ,’“Τi—Φjκ,10Ξ‘γ,‚»‚Μ‘Ό,{ω‚µ‚½
ή“,©“]Τ“,‰ΑΓμ,”µ—Ά,282103,•ΊΙ§,‰ΑΓμs,‰ΑΓμ’¬Ύ’Γ,2022[sanitize]07[sanitize]26,10,‚SK‚ΔΘγ‹¤“―Z‘ξ,’“Τi—Φjκ,20Ξ‘γ,‚»‚Μ‘Ό,{ω‚Ή‚Έ
ή“,©“]Τ“,‰ΑΓμ,”µ—Ά,282103,•ΊΙ§,‰ΑΓμs,‰ΑΓμ’¬Ύ’Γ,2022[sanitize]09[sanitize]05,19,‚SK‚ΔΘγ‹¤“―Z‘ξ,’“Τi—Φjκ,10Ξ‘γ,‚Z¶,{ω‚Ή‚Έ
ή“,©“]Τ“,‰ΑΓμ,”µ—Ά,282103,•ΊΙ§,‰ΑΓμs,‰ΑΓμ’¬Ύ’Γ,2022[sanitize]11[sanitize]26,18,‚»‚Μ‘Ό,’“Τi—Φjκ,20Ξ‘γ,‚»‚Μ‘Ό,{ω‚Ή‚Έ
ή“,©“]Τ“,‰ΑΓμ,”µ—Ά,282103,•ΊΙ§,‰ΑΓμs,‰ΑΓμ’¬ξ‰®,2022[sanitize]02[sanitize]14,16,κΛZ‘ξ,’“Τi—Φjκ,60[sanitize]64Ξ,‚»‚Μ‘Ό,{ω‚Ή‚Έ
ή“,©“]Τ“,‰ΑΓμ,”µ—Ά,282103,•ΊΙ§,‰ΑΓμs,‰ΑΓμ’¬–kέ‰Ζ,2022[sanitize]06[sanitize]21,20,κΛZ‘ξ,‚»‚Μ‘Ό,20Ξ‘γ,‚»‚Μ‘Ό,{ω‚Ή‚Έ
ή“,©“]Τ“,‰ΑΓμ,”µ—Ά,282103,•ΊΙ§,‰ΑΓμs,‰ΑΓμ’¬–kέ‰Ζ,2022[sanitize]07[sanitize]07,19,‚»‚Μ‘Ό,‚»‚Μ‘Ό,10Ξ‘γ,’†w¶,{ω‚Ή‚Έ
ή“,©“]Τ“,‰ΑΓμ,”µ—Ά,282103,•ΊΙ§,‰ΑΓμs,‰ΑΓμ’¬—F‘ς,2022[sanitize]03[sanitize]03,05,κΛZ‘ξ,’“Τi—Φjκ,10Ξ‘γ,’†w¶,{ω‚Ή‚Έ
ή“,©“]Τ“,‰ΑΓμ,”µ—Ά,282103,•ΊΙ§,‰ΑΓμs,‰ΑΓμ’¬”υγ,2022[sanitize]07[sanitize]01,08,‚SK‚ΔΘγ‹¤“―Z‘ξ,’“Τi—Φjκ,50Ξ‘γ,‚»‚Μ‘Ό,{ω‚µ‚½
ή“,©“]Τ“,‚»,Ι•Ϋ,282162,•ΊΙ§,‚»s,Ι•Ϋ‚R’–Ϊ,2022[sanitize]09[sanitize]30,22,‚»‚Μ‘Ό‚ΜZ‘ξi‚RK‚ΔΘ‰Ί‹¤“―Z‘ξ“™j,’“Τi—Φjκ,30Ξ‘γ,‚»‚Μ‘Ό,{ω‚Ή‚Έ
ή“,©“]Τ“,‚»,Ι•Ϋ,282162,•ΊΙ§,‚»s,Ι•Ϋ`’¬‚P’–Ϊ,2022[sanitize]06[sanitize]26,20,‚SK‚ΔΘγ‹¤“―Z‘ξ,’“Τi—Φjκ,10Ξ‘γ,‚Z¶,{ω‚Ή‚Έ
ή“,©“]Τ“,‚»,Ι•Ϋ,282162,•ΊΙ§,‚»s,Ό—z‚P’–Ϊ,2022[sanitize]08[sanitize]20,19,‚»‚Μ‘Ό,’“Τi—Φjκ,10Ξ‘γ,’†w¶,{ω‚Ή‚Έ
ή“,©“]Τ“,‚»,Ι•Ϋ,282162,•ΊΙ§,‚»s,Ό—z‚R’–Ϊ,2022[sanitize]07[sanitize]23,09,“ΉHγ,‚»‚Μ‘Ό,70ΞΘγ,‚»‚Μ‘Ό,{ω‚Ή‚Έ
ή“,©“]Τ“,‚»,Ι•Ϋ,282162,•ΊΙ§,‚»s,—³R‚P’–Ϊ,2022[sanitize]08[sanitize]05,16,‚»‚Μ‘Ό‚ΜZ‘ξi‚RK‚ΔΘ‰Ί‹¤“―Z‘ξ“™j,’“Τi—Φjκ,10Ξ‘γ,’†w¶,{ω‚Ή‚Έ
ή“,©“]Τ“,‚»,–k•l,282162,•ΊΙ§,‚»s,–k•l’¬Ό•l,2022[sanitize]01[sanitize]26,10,‚»‚Μ‘Ό‚ΜZ‘ξi‚RK‚ΔΘ‰Ί‹¤“―Z‘ξ“™j,’“Τi—Φjκ,20Ξ‘γ,‘εw¶,{ω‚Ή‚Έ
ή“,©“]Τ“,‚»,‘]ª,282162,•ΊΙ§,‚»s,υ›’¬,2022[sanitize]03[sanitize]24,12,‚»‚Μ‘Ό,’“Τi—Φjκ,30Ξ‘γ,‚»‚Μ‘Ό,{ω‚µ‚½
ή“,©“]Τ“,‚»,‘]ª,282162,•ΊΙ§,‚»s,υ›’¬,2022[sanitize]09[sanitize]23,08,’“Τi—Φjκ,’“Τi—Φjκ,10Ξ‘γ,‚Z¶,{ω‚µ‚½
ή“,©“]Τ“,‚»,‘]ª,282162,•ΊΙ§,‚»s,υ›’¬,2022[sanitize]12[sanitize]25,09,’“Τi—Φjκ,’“Τi—Φjκ,10Ξ‘γ,‚Z¶,{ω‚Ή‚Έ
ή“,©“]Τ“,‚»,‘]ª,282162,•ΊΙ§,‚»s,‘]ª’¬,2022[sanitize]03[sanitize]04,05,‚»‚Μ‘Ό,’“Τi—Φjκ,20Ξ‘γ,‚»‚Μ‘Ό,{ω‚µ‚½
ή“,©“]Τ“,‚»,‘]ª,282162,•ΊΙ§,‚»s,‘]ª’¬,2022[sanitize]04[sanitize]18,06,‚»‚Μ‘Ό,’“Τi—Φjκ,10Ξ‘γ,‘εw¶,{ω‚Ή‚Έ
ή“,©“]Τ“,‚»,‘]ª,282162,•ΊΙ§,‚»s,‘]ª’¬,2022[sanitize]04[sanitize]18,18,‚»‚Μ‘Ό,’“Τi—Φjκ,40Ξ‘γ,‚»‚Μ‘Ό,{ω‚Ή‚Έ
ή“,©“]Τ“,‚»,‘]ª,282162,•ΊΙ§,‚»s,‘]ª’¬,2022[sanitize]04[sanitize]29,19,‚»‚Μ‘Ό,’“Τi—Φjκ,20Ξ‘γ,‚»‚Μ‘Ό,{ω‚µ‚½
ή“,©“]Τ“,‚»,‘]ª,282162,•ΊΙ§,‚»s,‘]ª’¬,2022[sanitize]06[sanitize]18,13,‚»‚Μ‘Ό,’“Τi—Φjκ,50Ξ‘γ,‚»‚Μ‘Ό,{ω‚Ή‚Έ
ή“,©“]Τ“,‚»,‘]ª,282162,•ΊΙ§,‚»s,‘]ª’¬,2022[sanitize]06[sanitize]21,07,‚»‚Μ‘Ό,’“Τi—Φjκ,10Ξ‘γ,‘εw¶,{ω‚Ή‚Έ
ή“,©“]Τ“,‚»,‘]ª,282162,•ΊΙ§,‚»s,‘]ª’¬,2022[sanitize]07[sanitize]06,20,“ΉHγ,‚»‚Μ‘Ό,65[sanitize]69Ξ,‚»‚Μ‘Ό,{ω‚Ή‚Έ
ή“,©“]Τ“,‚»,‘]ª,282162,•ΊΙ§,‚»s,‘]ª’¬,2022[sanitize]07[sanitize]10,10,‚»‚Μ‘Ό,’“Τi—Φjκ,10Ξ‘γ,’†w¶,{ω‚Ή‚Έ
ή“,©“]Τ“,‚»,‘]ª,282162,•ΊΙ§,‚»s,‘]ª’¬,2022[sanitize]08[sanitize]04,07,‚»‚Μ‘Ό,’“Τi—Φjκ,10Ξ‘γ,‚»‚Μ‘Ό,{ω‚Ή‚Έ
ή“,©“]Τ“,‚»,‘]ª,282162,•ΊΙ§,‚»s,‘]ª’¬,2022[sanitize]09[sanitize]10,19,κΛZ‘ξ,’“Τi—Φjκ,50Ξ‘γ,‚»‚Μ‘Ό,{ω‚Ή‚Έ
ή“,©“]Τ“,‚»,‘]ª,282162,•ΊΙ§,‚»s,‘]ª’¬,2022[sanitize]09[sanitize]16,09,‚»‚Μ‘Ό,’“Τi—Φjκ,70ΞΘγ,‚»‚Μ‘Ό,{ω‚Ή‚Έ
ή“,©“]Τ“,‚»,‘]ª,282162,•ΊΙ§,‚»s,‘]ª’¬,2022[sanitize]10[sanitize]14,14,‚»‚Μ‘Ό‚ΜZ‘ξi‚RK‚ΔΘ‰Ί‹¤“―Z‘ξ“™j,’“Τi—Φjκ,10Ξ‘γ,‚Z¶,{ω‚Ή‚Έ
ή“,©“]Τ“,‚»,‘]ª,282162,•ΊΙ§,‚»s,‘]ª’¬,2022[sanitize]10[sanitize]24,08,‚»‚Μ‘Ό,’“Τi—Φjκ,10Ξ‘γ,‘εw¶,{ω‚Ή‚Έ
ή“,©“]Τ“,‚»,‘]ª,282162,•ΊΙ§,‚»s,‘]ª’¬,2022[sanitize]11[sanitize]28,16,‚»‚Μ‘Ό,’“Τi—Φjκ,10Ξ‘γ,¬w¶,{ω‚Ή‚Έ
ή“,©“]Τ“,‚»,‘]ª,282162,•ΊΙ§,‚»s,’†‹Ψ‚P’–Ϊ,2022[sanitize]04[sanitize]13,08,’“Τi—Φjκ,’“Τi—Φjκ,10Ξ‘γ,’†w¶,{ω‚Ή‚Έ
ή“,©“]Τ“,‚»,•Δ“c,282162,•ΊΙ§,‚»s,’†“‡‚P’–Ϊ,2022[sanitize]04[sanitize]29,12,‚»‚Μ‘Ό‚ΜZ‘ξi‚RK‚ΔΘ‰Ί‹¤“―Z‘ξ“™j,’“Τi—Φjκ,30Ξ‘γ,‚»‚Μ‘Ό,{ω‚µ‚½
ή“,©“]Τ“,‚»,•Δ“c,282162,•ΊΙ§,‚»s,’†“‡‚R’–Ϊ,2022[sanitize]04[sanitize]01,00,‚SK‚ΔΘγ‹¤“―Z‘ξ,’“Τi—Φjκ,20Ξ‘γ,‚»‚Μ‘Ό,{ω‚µ‚½
ή“,©“]Τ“,‚»,•Δ“c,282162,•ΊΙ§,‚»s,’†“‡‚R’–Ϊ,2022[sanitize]05[sanitize]04,17,‚»‚Μ‘Ό,’“Τi—Φjκ,30Ξ‘γ,‚»‚Μ‘Ό,{ω‚Ή‚Έ
ή“,©“]Τ“,‚»,•Δ“c,282162,•ΊΙ§,‚»s,•Δ“c’¬“‡,2022[sanitize]04[sanitize]04,08,‚»‚Μ‘Ό,’“Τi—Φjκ,10Ξ‘γ,‚»‚Μ‘Ό,{ω‚µ‚½
ή“,©“]Τ“,‚»,•Δ“c,282162,•ΊΙ§,‚»s,•Δ“c’¬“‡,2022[sanitize]12[sanitize]17,14,‚»‚Μ‘Ό,’“Τi—Φjκ,10Ξ‘γ,‚Z¶,{ω‚Ή‚Έ
ή“,©“]Τ“,‚»,•Δ“c,282162,•ΊΙ§,‚»s,•Δ“c’¬•Δ“c,2021[sanitize]12[sanitize]25,21,κΛZ‘ξ,’“Τi—Φjκ,20Ξ‘γ,‘εw¶,{ω‚Ή‚Έ
ή“,©“]Τ“,‚»,•Δ“c,282162,•ΊΙ§,‚»s,•Δ“c’¬•Δ“c,2022[sanitize]01[sanitize]12,22,κΛZ‘ξ,’“Τi—Φjκ,10Ξ‘γ,‘εw¶,{ω‚Ή‚Έ
ή“,©“]Τ“,‚»,•Δ“c,282162,•ΊΙ§,‚»s,•Δ“c’¬•Δ“c,2022[sanitize]03[sanitize]01,12,‚»‚Μ‘Ό,’“Τi—Φjκ,70ΞΘγ,‚»‚Μ‘Ό,{ω‚Ή‚Έ
ή“,©“]Τ“,‚»,•Δ“c,282162,•ΊΙ§,‚»s,•Δ“c’¬•Δ“c,2022[sanitize]10[sanitize]08,14,‚»‚Μ‘Ό‚ΜZ‘ξi‚RK‚ΔΘ‰Ί‹¤“―Z‘ξ“™j,’“Τi—Φjκ,20Ξ‘γ,‚»‚Μ‘Ό,{ω‚Ή‚Έ
ή“,©“]Τ“,‚»,rδ,282162,•ΊΙ§,‚»s,rδ’¬ξ’¬,2022[sanitize]03[sanitize]17,20,κΛZ‘ξ,’“Τi—Φjκ,10Ξ‘γ,’†w¶,{ω‚Ή‚Έ
ή“,©“]Τ“,‚»,rδ,282162,•ΊΙ§,‚»s,rδ’¬ξ’¬,2022[sanitize]10[sanitize]12,06,’“Τi—Φjκ,’“Τi—Φjκ,10Ξ‘γ,‚Z¶,{ω‚Ή‚Έ
ή“,©“]Τ“,‚»,rδ,282162,•ΊΙ§,‚»s,rδ’¬ξ’¬,2022[sanitize]11[sanitize]08,12,‚»‚Μ‘Ό,’“Τi—Φjκ,20Ξ‘γ,‚»‚Μ‘Ό,{ω‚µ‚½
ή“,©“]Τ“,‚»,rδ,282162,•ΊΙ§,‚»s,rδ’¬ξ’¬,2022[sanitize]11[sanitize]12,20,κΛZ‘ξ,’“Τi—Φjκ,10Ξ‘γ,‚Z¶,{ω‚Ή‚Έ
ή“,©“]Τ“,‚»,rδ,282162,•ΊΙ§,‚»s,rδ’¬¬Ό΄‚R’–Ϊ,2022[sanitize]12[sanitize]21,16,κΛZ‘ξ,’“Τi—Φjκ,10Ξ‘γ,’†w¶,{ω‚Ή‚Έ
ή“,©“]Τ“,‚»,rδ,282162,•ΊΙ§,‚»s,rδ’¬¬Ό΄‚S’–Ϊ,2022[sanitize]09[sanitize]17,12,‚»‚Μ‘Ό‚ΜZ‘ξi‚RK‚ΔΘ‰Ί‹¤“―Z‘ξ“™j,’“Τi—Φjκ,30Ξ‘γ,‚»‚Μ‘Ό,{ω‚µ‚½
ή“,©“]Τ“,‚»,rδ,282162,•ΊΙ§,‚»s,rδ’¬¬Ό΄‚S’–Ϊ,2022[sanitize]10[sanitize]26,19,‚»‚Μ‘Ό‚ΜZ‘ξi‚RK‚ΔΘ‰Ί‹¤“―Z‘ξ“™j,’“Τi—Φjκ,10Ξ‘γ,’†w¶,{ω‚Ή‚Έ
ή“,©“]Τ“,‚»,rδ,282162,•ΊΙ§,‚»s,rδ’¬V•l‚Q’–Ϊ,2022[sanitize]08[sanitize]05,08,‚»‚Μ‘Ό,’“Τi—Φjκ,30Ξ‘γ,‚»‚Μ‘Ό,{ω‚µ‚½
ή“,©“]Τ“,‚»,rδ,282162,•ΊΙ§,‚»s,rδ’¬V•l‚Q’–Ϊ,2022[sanitize]12[sanitize]16,06,’“Τi—Φjκ,’“Τi—Φjκ,50Ξ‘γ,‚»‚Μ‘Ό,{ω‚Ή‚Έ
ή“,©“]Τ“,‚»,rδ,282162,•ΊΙ§,‚»s,rδ’¬’†V’¬,2022[sanitize]12[sanitize]15,16,κΛZ‘ξ,‚»‚Μ‘Ό,20Ξ‘γ,‘εw¶,{ω‚Ή‚Έ
ή“,©“]Τ“,‚»,rδ,282162,•ΊΙ§,‚»s,rδ’¬@’r‚Q’–Ϊ,2022[sanitize]12[sanitize]05,22,κΛZ‘ξ,’“Τi—Φjκ,50Ξ‘γ,‚»‚Μ‘Ό,{ω‚Ή‚Έ
ή“,©“]Τ“,‚»,rδ,282162,•ΊΙ§,‚»s,rδ’¬@’r‚Q’–Ϊ,2022[sanitize]12[sanitize]13,12,κΛZ‘ξ,’“Τi—Φjκ,40Ξ‘γ,‚»‚Μ‘Ό,{ω‚Ή‚Έ
ή“,©“]Τ“,‚»,rδ,282162,•ΊΙ§,‚»s,rδ’¬“ϊ”Vo’¬,2022[sanitize]10[sanitize]14,17,‚»‚Μ‘Ό,’“Τi—Φjκ,20Ξ‘γ,‚»‚Μ‘Ό,{ω‚µ‚½
ή“,©“]Τ“,‚»,rδ,282162,•ΊΙ§,‚»s,rδ’¬α‹{’¬,2022[sanitize]12[sanitize]04,09,κΛZ‘ξ,‚»‚Μ‘Ό,70ΞΘγ,‚»‚Μ‘Ό,{ω‚Ή‚Έ
ή“,©“]Τ“,‚»,rδ,282162,•ΊΙ§,‚»s,—Ξ‹u‚Q’–Ϊ,2022[sanitize]05[sanitize]04,08,’“Τi—Φjκ,’“Τi—Φjκ,50Ξ‘γ,‚»‚Μ‘Ό,{ω‚Ή‚Έ
ή“,©“]Τ“,‚»,rδ,282162,•ΊΙ§,‚»s,—Ξ‹u‚Q’–Ϊ,2022[sanitize]05[sanitize]07,14,‚»‚Μ‘Ό,’“Τi—Φjκ,10Ξ‘γ,’†w¶,{ω‚Ή‚Έ
ή“,©“]Τ“,‚»,Ά–ν‘Ι,282162,•ΊΙ§,‚»s,Ά–ν‘Ι‚P’–Ϊ,2022[sanitize]01[sanitize]18,20,’“Τi—Φjκ,’“Τi—Φjκ,20Ξ‘γ,‚»‚Μ‘Ό,{ω‚µ‚½
ή“,©“]Τ“,‚»,Ά–ν‘Ι,282162,•ΊΙ§,‚»s,Ά–ν‘Ι‚P’–Ϊ,2022[sanitize]07[sanitize]18,16,‚»‚Μ‘Ό,’“Τi—Φjκ,10Ξ‘γ,‚Z¶,{ω‚µ‚½
ή“,©“]Τ“,‚»,Ά–ν‘Ι,282162,•ΊΙ§,‚»s,Ά–ν‘Ι‚P’–Ϊ,2022[sanitize]07[sanitize]21,17,“ΉHγ,‚»‚Μ‘Ό,10Ξ‘γ,‚Z¶,{ω‚µ‚½
ή“,©“]Τ“,‚»,Ά–ν‘Ι,282162,•ΊΙ§,‚»s,Ά–ν‘Ι‚P’–Ϊ,2022[sanitize]08[sanitize]04,11,‚»‚Μ‘Ό,’“Τi—Φjκ,10Ξ‘γ,‘εw¶,{ω‚Ή‚Έ
ή“,©“]Τ“,‚»,Ά–ν‘Ι,282162,•ΊΙ§,‚»s,Ά–ν‘Ι‚P’–Ϊ,2022[sanitize]09[sanitize]05,15,‚»‚Μ‘Ό,’“Τi—Φjκ,10Ξ‘γ,‚Z¶,{ω‚Ή‚Έ
ή“,©“]Τ“,‚»,Ά–ν‘Ι,282162,•ΊΙ§,‚»s,Ά–ν‘Ι‚P’–Ϊ,2022[sanitize]10[sanitize]09,00,’“Τi—Φjκ,’“Τi—Φjκ,20Ξ‘γ,‚»‚Μ‘Ό,{ω‚Ή‚Έ
ή“,©“]Τ“,‚»,Ά–ν‘Ι,282162,•ΊΙ§,‚»s,Ά–ν‘Ι‚P’–Ϊ,2022[sanitize]10[sanitize]29,15,‚»‚Μ‘Ό,’“Τi—Φjκ,10Ξ‘γ,‚Z¶,{ω‚Ή‚Έ
ή“,©“]Τ“,‚»,Ά–ν‘Ι,282162,•ΊΙ§,‚»s,Ά–ν‘Ι‚P’–Ϊ,2022[sanitize]12[sanitize]08,20,‚»‚Μ‘Ό,’“Τi—Φjκ,10Ξ‘γ,‚»‚Μ‘Ό,{ω‚Ή‚Έ
ή“,©“]Τ“,‚»,Ά–ν‘Ι,282162,•ΊΙ§,‚»s,Ά–ν‘Ι’¬‹›‹΄,2022[sanitize]07[sanitize]07,05,‚»‚Μ‘Ό,’“Τi—Φjκ,10Ξ‘γ,‚Z¶,{ω‚Ή‚Έ
ή“,©“]Τ“,‚»,Ά–ν‘Ι,282162,•ΊΙ§,‚»s,_’ά‚P’–Ϊ,2022[sanitize]06[sanitize]11,19,‚»‚Μ‘Ό,’“Τi—Φjκ,10Ξ‘γ,‚Z¶,{ω‚Ή‚Έ
ή“,©“]Τ“,‚»,Ά–ν‘Ι,282162,•ΊΙ§,‚»s,_’ά‚P’–Ϊ,2022[sanitize]08[sanitize]15,12,‚»‚Μ‘Ό,’“Τi—Φjκ,10Ξ‘γ,‚Z¶,{ω‚Ή‚Έ
ή“,©“]Τ“,‚»,Ά–ν‘Ι,282162,•ΊΙ§,‚»s,_’ά‚P’–Ϊ,2022[sanitize]08[sanitize]15,12,‚»‚Μ‘Ό,’“Τi—Φjκ,20Ξ‘γ,‘εw¶,{ω‚µ‚½
ή“,©“]Τ“,‚»,Ά–ν‘Ι,282162,•ΊΙ§,‚»s,_’ά‚P’–Ϊ,2022[sanitize]10[sanitize]03,11,‚»‚Μ‘Ό,’“Τi—Φjκ,10Ξ‘γ,‘εw¶,{ω‚µ‚½
ή“,©“]Τ“,‚»,Ά–ν‘Ι,282162,•ΊΙ§,‚»s,_’ά‚P’–Ϊ,2022[sanitize]10[sanitize]20,12,’“Τi—Φjκ,’“Τi—Φjκ,20Ξ‘γ,‘εw¶,{ω‚µ‚½
ή“,©“]Τ“,‚»,Ά–ν‘Ι,282162,•ΊΙ§,‚»s,_’ά‚P’–Ϊ,2022[sanitize]11[sanitize]24,11,’“Τi—Φjκ,’“Τi—Φjκ,20Ξ‘γ,‘εw¶,{ω‚µ‚½
ή“,©“]Τ“,‚»,Ά–ν‘Ι,282162,•ΊΙ§,‚»s,_’ά‚P’–Ϊ,2022[sanitize]12[sanitize]12,19,’“Τi—Φjκ,’“Τi—Φjκ,20Ξ‘γ,‚»‚Μ‘Ό,{ω‚µ‚½
ή“,©“]Τ“,‚»,‚»‰w‘O,282162,•ΊΙ§,‚»s,‚»’¬’©“ϊ’¬‚P’–Ϊ,2022[sanitize]06[sanitize]07,07,‚»‚Μ‘Ό,’“Τi—Φjκ,20Ξ‘γ,‚»‚Μ‘Ό,{ω‚Ή‚Έ
ή“,©“]Τ“,‚»,‚»‰w‘O,282162,•ΊΙ§,‚»s,‚»’¬’©“ϊ’¬‚Q’–Ϊ,2022[sanitize]06[sanitize]24,06,‚»‚Μ‘Ό,’“Τi—Φjκ,10Ξ‘γ,‚Z¶,{ω‚µ‚½
ή“,©“]Τ“,‚»,‚»‰w‘O,282162,•ΊΙ§,‚»s,‚»’¬’©“ϊ’¬‚Q’–Ϊ,2022[sanitize]12[sanitize]18,09,κΛZ‘ξ,’“Τi—Φjκ,10Ξ‘γ,‚Z¶,{ω‚µ‚½
ή“,©“]Τ“,‚»,‚»‰w‘O,282162,•ΊΙ§,‚»s,‚»’¬’©“ϊ’¬‚R’–Ϊ,2022[sanitize]10[sanitize]06,07,’“Τi—Φjκ,’“Τi—Φjκ,10Ξ‘γ,‚Z¶,{ω‚µ‚½
ή“,©“]Τ“,‚»,‚»‰w‘O,282162,•ΊΙ§,‚»s,‚»’¬’©“ϊ’¬‚R’–Ϊ,2022[sanitize]10[sanitize]27,17,‚»‚Μ‘Ό,’“Τi—Φjκ,10Ξ‘γ,‚Z¶,{ω‚µ‚½
ή“,©“]Τ“,‚»,‚»‰w‘O,282162,•ΊΙ§,‚»s,‚»’¬’©“ϊ’¬‚R’–Ϊ,2022[sanitize]10[sanitize]31,07,‚»‚Μ‘Ό,’“Τi—Φjκ,10Ξ‘γ,’†w¶,{ω‚Ή‚Έ
ή“,©“]Τ“,‚»,‚»‰w‘O,282162,•ΊΙ§,‚»s,‚»’¬’©“ϊ’¬‚R’–Ϊ,2022[sanitize]11[sanitize]06,10,‚»‚Μ‘Ό,’“Τi—Φjκ,10Ξ‘γ,‚Z¶,{ω‚Ή‚Έ
ή“,©“]Τ“,‚»,‚»‰w‘O,282162,•ΊΙ§,‚»s,‚»’¬’©“ϊ’¬‚R’–Ϊ,2022[sanitize]11[sanitize]17,11,‚»‚Μ‘Ό,’“Τi—Φjκ,20Ξ‘γ,‚»‚Μ‘Ό,{ω‚Ή‚Έ
ή“,©“]Τ“,‚»,‚»‰w‘O,282162,•ΊΙ§,‚»s,‚»’¬’©“ϊ’¬‚R’–Ϊ,2022[sanitize]11[sanitize]21,19,’“Τi—Φjκ,’“Τi—Φjκ,10Ξ‘γ,‘εw¶,{ω‚µ‚½
ή“,©“]Τ“,‚»,‚»‰w‘O,282162,•ΊΙ§,‚»s,‚»’¬’©“ϊ’¬‚R’–Ϊ,2022[sanitize]11[sanitize]25,18,’“Τi—Φjκ,’“Τi—Φjκ,30Ξ‘γ,‚»‚Μ‘Ό,{ω‚µ‚½
ή“,©“]Τ“,‚»,‚»‰w‘O,282162,•ΊΙ§,‚»s,‚»’¬’©“ϊ’¬‚R’–Ϊ,2022[sanitize]12[sanitize]02,18,‚»‚Μ‘Ό,’“Τi—Φjκ,30Ξ‘γ,‚»‚Μ‘Ό,{ω‚µ‚½
ή“,©“]Τ“,‚»,‚»‰w‘O,282162,•ΊΙ§,‚»s,‚»’¬’©“ϊ’¬‚R’–Ϊ,2022[sanitize]12[sanitize]20,06,’“Τi—Φjκ,’“Τi—Φjκ,20Ξ‘γ,‚»‚Μ‘Ό,{ω‚µ‚½
ή“,©“]Τ“,‚»,‚»‰w‘O,282162,•ΊΙ§,‚»s,‚»’¬•l“c’¬‚P’–Ϊ,2022[sanitize]08[sanitize]21,13,‚»‚Μ‘Ό,’“Τi—Φjκ,10Ξ‘γ,’†w¶,{ω‚Ή‚Έ
ή“,©“]Τ“,‚»,‚»‰w‘O,282162,•ΊΙ§,‚»s,‚»’¬•l“c’¬‚Q’–Ϊ,2022[sanitize]06[sanitize]17,19,“ΉHγ,‚»‚Μ‘Ό,60[sanitize]64Ξ,‚»‚Μ‘Ό,{ω‚Ή‚Έ
ή“,©“]Τ“,‚»,‚»‰w‘O,282162,•ΊΙ§,‚»s,‚»’¬•l“c’¬‚Q’–Ϊ,2022[sanitize]07[sanitize]04,20,‚»‚Μ‘Ό,’“Τi—Φjκ,20Ξ‘γ,‚»‚Μ‘Ό,{ω‚µ‚½
ή“,©“]Τ“,‚»,‚»‰w‘O,282162,•ΊΙ§,‚»s,‚»’¬•l“c’¬‚Q’–Ϊ,2022[sanitize]08[sanitize]23,20,‚»‚Μ‘Ό,’“Τi—Φjκ,10Ξ‘γ,’†w¶,{ω‚Ή‚Έ
ή“,©“]Τ“,‚»,‚»‰w‘O,282162,•ΊΙ§,‚»s,‚»’¬ό“‡’¬,2022[sanitize]11[sanitize]19,14,‚»‚Μ‘Ό,’“Τi—Φjκ,10Ξ‘γ,’†w¶,{ω‚Ή‚Έ
ή“,©“]Τ“,•PH,‹ϋ,282014,•ΊΙ§,•PHs,,2022[sanitize]12[sanitize]13,17,’“Τi—Φjκ,’“Τi—Φjκ,50Ξ‘γ,‚»‚Μ‘Ό,{ω‚µ‚½
ή“,©“]Τ“,•PH,‹ϋ,282014,•ΊΙ§,•PHs,‰w‘O’¬,2022[sanitize]10[sanitize]18,12,‚»‚Μ‘Ό,’“Τi—Φjκ,10Ξ‘γ,‚Z¶,{ω‚Ή‚Έ
ή“,©“]Τ“,•PH,‹ϋ,282014,•ΊΙ§,•PHs,‹ϋ’¬,2021[sanitize]12[sanitize]29,10,‚»‚Μ‘Ό,’“Τi—Φjκ,40Ξ‘γ,‚»‚Μ‘Ό,{ω‚µ‚½
ή“,©“]Τ“,•PH,‹ϋ,282014,•ΊΙ§,•PHs,‹ϋ’¬,2022[sanitize]01[sanitize]01,06,‚»‚Μ‘Ό,’“Τi—Φjκ,10Ξ‘γ,’†w¶,{ω‚Ή‚Έ
ή“,©“]Τ“,•PH,‹ϋ,282014,•ΊΙ§,•PHs,‹ϋ’¬,2022[sanitize]01[sanitize]04,06,‚»‚Μ‘Ό,’“Τi—Φjκ,50Ξ‘γ,‚»‚Μ‘Ό,{ω‚Ή‚Έ
ή“,©“]Τ“,•PH,‹ϋ,282014,•ΊΙ§,•PHs,‹ϋ’¬,2022[sanitize]02[sanitize]07,07,‚»‚Μ‘Ό,’“Τi—Φjκ,10Ξ‘γ,‚Z¶,{ω‚Ή‚Έ
ή“,©“]Τ“,•PH,‹ϋ,282014,•ΊΙ§,•PHs,‹ϋ’¬,2022[sanitize]02[sanitize]09,07,‚»‚Μ‘Ό,’“Τi—Φjκ,10Ξ‘γ,‚Z¶,{ω‚µ‚½
ή“,©“]Τ“,•PH,‹ϋ,282014,•ΊΙ§,•PHs,‹ϋ’¬,2022[sanitize]02[sanitize]24,13,‚»‚Μ‘Ό,’“Τi—Φjκ,10Ξ‘γ,‘εw¶,{ω‚Ή‚Έ
ή“,©“]Τ“,•PH,‹ϋ,282014,•ΊΙ§,•PHs,‹ϋ’¬,2022[sanitize]03[sanitize]09,07,‚»‚Μ‘Ό,’“Τi—Φjκ,10Ξ‘γ,‚Z¶,{ω‚µ‚½
ή“,©“]Τ“,•PH,‹ϋ,282014,•ΊΙ§,•PHs,‹ϋ’¬,2022[sanitize]04[sanitize]01,17,‚»‚Μ‘Ό,’“Τi—Φjκ,10Ξ‘γ,‚Z¶,{ω‚Ή‚Έ
ή“,©“]Τ“,•PH,‹ϋ,282014,•ΊΙ§,•PHs,‹ϋ’¬,2022[sanitize]04[sanitize]12,09,‚»‚Μ‘Ό,’“Τi—Φjκ,20Ξ‘γ,‚»‚Μ‘Ό,{ω‚Ή‚Έ
ή“,©“]Τ“,•PH,‹ϋ,282014,•ΊΙ§,•PHs,‹ϋ’¬,2022[sanitize]04[sanitize]20,06,‚»‚Μ‘Ό,’“Τi—Φjκ,10Ξ‘γ,‚»‚Μ‘Ό,{ω‚µ‚½
ή“,©“]Τ“,•PH,‹ϋ,282014,•ΊΙ§,•PHs,‹ϋ’¬,2022[sanitize]05[sanitize]05,14,‚»‚Μ‘Ό,’“Τi—Φjκ,10Ξ‘γ,‚Z¶,{ω‚Ή‚Έ
ή“,©“]Τ“,•PH,‹ϋ,282014,•ΊΙ§,•PHs,‹ϋ’¬,2022[sanitize]05[sanitize]08,17,’“Τi—Φjκ,’“Τi—Φjκ,10Ξ‘γ,‚»‚Μ‘Ό,{ω‚Ή‚Έ
ή“,©“]Τ“,•PH,‹ϋ,282014,•ΊΙ§,•PHs,‹ϋ’¬,2022[sanitize]05[sanitize]21,18,‚»‚Μ‘Ό,’“Τi—Φjκ,20Ξ‘γ,‚»‚Μ‘Ό,{ω‚µ‚½
ή“,©“]Τ“,•PH,‹ϋ,282014,•ΊΙ§,•PHs,‹ϋ’¬,2022[sanitize]06[sanitize]01,18,‚»‚Μ‘Ό,’“Τi—Φjκ,40Ξ‘γ,‚»‚Μ‘Ό,{ω‚µ‚½
ή“,©“]Τ“,•PH,‹ϋ,282014,•ΊΙ§,•PHs,‹ϋ’¬,2022[sanitize]06[sanitize]06,06,‚»‚Μ‘Ό,’“Τi—Φjκ,40Ξ‘γ,‚»‚Μ‘Ό,{ω‚µ‚½
ή“,©“]Τ“,•PH,‹ϋ,282014,•ΊΙ§,•PHs,‹ϋ’¬,2022[sanitize]06[sanitize]08,06,‚»‚Μ‘Ό,‚»‚Μ‘Ό,10Ξ‘γ,‚»‚Μ‘Ό,{ω‚Ή‚Έ
ή“,©“]Τ“,•PH,‹ϋ,282014,•ΊΙ§,•PHs,‹ϋ’¬,2022[sanitize]06[sanitize]08,10,‚»‚Μ‘Ό,’“Τi—Φjκ,10Ξ‘γ,’†w¶,{ω‚Ή‚Έ
ή“,©“]Τ“,•PH,‹ϋ,282014,•ΊΙ§,•PHs,‹ϋ’¬,2022[sanitize]06[sanitize]10,07,‚»‚Μ‘Ό,’“Τi—Φjκ,10Ξ‘γ,’†w¶,{ω‚Ή‚Έ
ή“,©“]Τ“,•PH,‹ϋ,282014,•ΊΙ§,•PHs,‹ϋ’¬,2022[sanitize]06[sanitize]17,07,‚»‚Μ‘Ό,’“Τi—Φjκ,10Ξ‘γ,‚Z¶,{ω‚Ή‚Έ
ή“,©“]Τ“,•PH,‹ϋ,282014,•ΊΙ§,•PHs,‹ϋ’¬,2022[sanitize]06[sanitize]17,21,‚»‚Μ‘Ό,’“Τi—Φjκ,10Ξ‘γ,‘εw¶,{ω‚Ή‚Έ
ή“,©“]Τ“,•PH,‹ϋ,282014,•ΊΙ§,•PHs,‹ϋ’¬,2022[sanitize]06[sanitize]20,07,‚»‚Μ‘Ό,’“Τi—Φjκ,20Ξ‘γ,‚»‚Μ‘Ό,{ω‚Ή‚Έ
ή“,©“]Τ“,•PH,‹ϋ,282014,•ΊΙ§,•PHs,‹ϋ’¬,2022[sanitize]06[sanitize]27,07,‚»‚Μ‘Ό,’“Τi—Φjκ,30Ξ‘γ,‚»‚Μ‘Ό,{ω‚Ή‚Έ
ή“,©“]Τ“,•PH,‹ϋ,282014,•ΊΙ§,•PHs,‹ϋ’¬,2022[sanitize]07[sanitize]04,07,‚»‚Μ‘Ό,’“Τi—Φjκ,10Ξ‘γ,‚Z¶,{ω‚Ή‚Έ
ή“,©“]Τ“,•PH,‹ϋ,282014,•ΊΙ§,•PHs,‹ϋ’¬,2022[sanitize]07[sanitize]12,07,‚»‚Μ‘Ό,’“Τi—Φjκ,10Ξ‘γ,‚»‚Μ‘Ό,{ω‚µ‚½
ή“,©“]Τ“,•PH,‹ϋ,282014,•ΊΙ§,•PHs,‹ϋ’¬,2022[sanitize]07[sanitize]18,08,‚»‚Μ‘Ό,’“Τi—Φjκ,20Ξ‘γ,‚»‚Μ‘Ό,{ω‚µ‚½
ή“,©“]Τ“,•PH,‹ϋ,282014,•ΊΙ§,•PHs,‹ϋ’¬,2022[sanitize]07[sanitize]20,21,‚»‚Μ‘Ό,’“Τi—Φjκ,10Ξ‘γ,‚Z¶,{ω‚µ‚½
ή“,©“]Τ“,•PH,‹ϋ,282014,•ΊΙ§,•PHs,‹ϋ’¬,2022[sanitize]07[sanitize]21,21,‚»‚Μ‘Ό,’“Τi—Φjκ,10Ξ‘γ,‚Z¶,{ω‚Ή‚Έ
ή“,©“]Τ“,•PH,‹ϋ,282014,•ΊΙ§,•PHs,‹ϋ’¬,2022[sanitize]07[sanitize]24,13,‚»‚Μ‘Ό,’“Τi—Φjκ,10Ξ‘γ,‘εw¶,{ω‚µ‚½
ή“,©“]Τ“,•PH,‹ϋ,282014,•ΊΙ§,•PHs,‹ϋ’¬,2022[sanitize]07[sanitize]31,08,‚»‚Μ‘Ό,’“Τi—Φjκ,10Ξ‘γ,‚Z¶,{ω‚Ή‚Έ
ή“,©“]Τ“,•PH,‹ϋ,282014,•ΊΙ§,•PHs,‹ϋ’¬,2022[sanitize]08[sanitize]04,16,‚»‚Μ‘Ό,’“Τi—Φjκ,60[sanitize]64Ξ,‚»‚Μ‘Ό,{ω‚µ‚½
ή“,©“]Τ“,•PH,‹ϋ,282014,•ΊΙ§,•PHs,‹ϋ’¬,2022[sanitize]08[sanitize]07,07,‚»‚Μ‘Ό,’“Τi—Φjκ,10Ξ‘γ,‘εw¶,{ω‚µ‚½
ή“,©“]Τ“,•PH,‹ϋ,282014,•ΊΙ§,•PHs,‹ϋ’¬,2022[sanitize]09[sanitize]06,09,‚»‚Μ‘Ό,’“Τi—Φjκ,65[sanitize]69Ξ,‚»‚Μ‘Ό,{ω‚Ή‚Έ
ή“,©“]Τ“,•PH,‹ϋ,282014,•ΊΙ§,•PHs,‹ϋ’¬,2022[sanitize]09[sanitize]24,15,‚»‚Μ‘Ό,’“Τi—Φjκ,10Ξ‘γ,’†w¶,{ω‚Ή‚Έ
ή“,©“]Τ“,•PH,‹ϋ,282014,•ΊΙ§,•PHs,‹ϋ’¬,2022[sanitize]10[sanitize]23,11,‚»‚Μ‘Ό,’“Τi—Φjκ,20Ξ‘γ,‚»‚Μ‘Ό,{ω‚Ή‚Έ
ή“,©“]Τ“,•PH,‹ϋ,282014,•ΊΙ§,•PHs,‹ϋ’¬,2022[sanitize]11[sanitize]25,08,’“Τi—Φjκ,’“Τi—Φjκ,40Ξ‘γ,‚»‚Μ‘Ό,{ω‚µ‚½
ή“,©“]Τ“,•PH,‹ϋ,282014,•ΊΙ§,•PHs,‹ϋ’¬,2022[sanitize]11[sanitize]27,11,‚»‚Μ‘Ό,’“Τi—Φjκ,10Ξ‘γ,’†w¶,{ω‚Ή‚Έ
ή“,©“]Τ“,•PH,‹ϋ,282014,•ΊΙ§,•PHs,‹ϋ’¬,2022[sanitize]12[sanitize]17,12,’“Τi—Φjκ,’“Τi—Φjκ,10Ξ‘γ,’†w¶,{ω‚Ή‚Έ
ή“,©“]Τ“,•PH,‹ϋ,282014,•ΊΙ§,•PHs,‹ϋ’¬,2022[sanitize]12[sanitize]20,06,‚»‚Μ‘Ό,’“Τi—Φjκ,40Ξ‘γ,‚»‚Μ‘Ό,{ω‚µ‚½
ή“,©“]Τ“,•PH,‹ϋ,282014,•ΊΙ§,•PHs,‹ϋ’¬,2022[sanitize]12[sanitize]21,07,‚»‚Μ‘Ό,’“Τi—Φjκ,10Ξ‘γ,‚Z¶,{ω‚Ή‚Έ
ή“,©“]Τ“,•PH,‹ϋ,282014,•ΊΙ§,•PHs,ά¬“@‚S’–Ϊ,2021[sanitize]11[sanitize]20,13,‚»‚Μ‘Ό‚ΜZ‘ξi‚RK‚ΔΘ‰Ί‹¤“―Z‘ξ“™j,’“Τi—Φjκ,30Ξ‘γ,‚»‚Μ‘Ό,{ω‚Ή‚Έ
ή“,©“]Τ“,•PH,‹ϋ,282014,•ΊΙ§,•PHs,K’¬,2022[sanitize]07[sanitize]12,18,‚»‚Μ‘Ό,’“Τi—Φjκ,20Ξ‘γ,‚»‚Μ‘Ό,{ω‚Ή‚Έ
ή“,©“]Τ“,•PH,‹ϋ,282014,•ΊΙ§,•PHs,K’¬,2022[sanitize]11[sanitize]19,20,‚»‚Μ‘Ό,’“Τi—Φjκ,10Ξ‘γ,‘εw¶,{ω‚Ή‚Έ
ή“,©“]Τ“,•PH,‹ϋ,282014,•ΊΙ§,•PHs,K’¬,2022[sanitize]12[sanitize]05,20,‚»‚Μ‘Ό‚ΜZ‘ξi‚RK‚ΔΘ‰Ί‹¤“―Z‘ξ“™j,’“Τi—Φjκ,40Ξ‘γ,‚»‚Μ‘Ό,{ω‚Ή‚Έ
ή“,©“]Τ“,•PH,‹ϋ,282014,•ΊΙ§,•PHs,‰Ί›’¬,2022[sanitize]02[sanitize]01,22,‚SK‚ΔΘγ‹¤“―Z‘ξ,’“Τi—Φjκ,40Ξ‘γ,‚»‚Μ‘Ό,{ω‚µ‚½
ή“,©“]Τ“,•PH,‹ϋ,282014,•ΊΙ§,•PHs,ι“’¬,2022[sanitize]07[sanitize]21,16,‚»‚Μ‘Ό,’“Τi—Φjκ,10Ξ‘γ,‚Z¶,{ω‚µ‚½
ή“,©“]Τ“,•PH,‹ϋ,282014,•ΊΙ§,•PHs,ι“’¬΄…,2018[sanitize]12[sanitize]01,00,’“Τi—Φjκ,’“Τi—Φjκ,20Ξ‘γ,‚»‚Μ‘Ό,{ω‚Ή‚Έ
ή“,©“]Τ“,•PH,‹ϋ,282014,•ΊΙ§,•PHs,ι“’¬΄…,2022[sanitize]11[sanitize]09,16,‚SK‚ΔΘγ‹¤“―Z‘ξ,’“Τi—Φjκ,60[sanitize]64Ξ,‚»‚Μ‘Ό,{ω‚µ‚½
ή“,©“]Τ“,•PH,‹ϋ,282014,•ΊΙ§,•PHs,ι“’¬΄…,2022[sanitize]12[sanitize]02,22,‚SK‚ΔΘγ‹¤“―Z‘ξ,’“Τi—Φjκ,20Ξ‘γ,‚»‚Μ‘Ό,{ω‚µ‚½
ή“,©“]Τ“,•PH,‹ϋ,282014,•ΊΙ§,•PHs,ι“’¬΄…,2022[sanitize]12[sanitize]03,16,‚SK‚ΔΘγ‹¤“―Z‘ξ,’“Τi—Φjκ,60[sanitize]64Ξ,‚»‚Μ‘Ό,{ω‚µ‚½
ή“,©“]Τ“,•PH,‹ϋ,282014,•ΊΙ§,•PHs,ι“’¬΄…,2022[sanitize]12[sanitize]07,05,‚SK‚ΔΘγ‹¤“―Z‘ξ,’“Τi—Φjκ,60[sanitize]64Ξ,‚»‚Μ‘Ό,{ω‚µ‚½
ή“,©“]Τ“,•PH,‹ϋ,282014,•ΊΙ§,•PHs,ι“’¬–μ“c,2022[sanitize]07[sanitize]20,07,‚SK‚ΔΘγ‹¤“―Z‘ξ,’“Τi—Φjκ,10Ξ‘γ,’†w¶,{ω‚Ή‚Έ
ή“,©“]Τ“,•PH,‹ϋ,282014,•ΊΙ§,•PHs,–r’¬,2021[sanitize]12[sanitize]30,11,‚SK‚ΔΘγ‹¤“―Z‘ξ,’“Τi—Φjκ,10Ξ‘γ,‚Z¶,{ω‚µ‚½
ή“,©“]Τ“,•PH,m–L–μ,282014,•ΊΙ§,•PHs,“u–x,2022[sanitize]12[sanitize]12,07,’“Τi—Φjκ,’“Τi—Φjκ,10Ξ‘γ,‚Z¶,{ω‚Ή‚Έ
ή“,©“]Τ“,•PH,m–L–μ,282014,•ΊΙ§,•PHs,m–L–μ,2022[sanitize]03[sanitize]24,07,‚»‚Μ‘Ό,’“Τi—Φjκ,10Ξ‘γ,‚Z¶,{ω‚Ή‚Έ
ή“,©“]Τ“,•PH,m–L–μ,282014,•ΊΙ§,•PHs,m–L–μ,2022[sanitize]04[sanitize]04,18,‚»‚Μ‘Ό,’“Τi—Φjκ,20Ξ‘γ,‘εw¶,{ω‚µ‚½
ή“,©“]Τ“,•PH,m–L–μ,282014,•ΊΙ§,•PHs,m–L–μ,2022[sanitize]04[sanitize]08,16,‚»‚Μ‘Ό,’“Τi—Φjκ,10Ξ‘γ,‚Z¶,{ω‚Ή‚Έ
ή“,©“]Τ“,•PH,m–L–μ,282014,•ΊΙ§,•PHs,m–L–μ,2022[sanitize]04[sanitize]24,06,‚»‚Μ‘Ό,’“Τi—Φjκ,10Ξ‘γ,‚Z¶,{ω‚Ή‚Έ
ή“,©“]Τ“,•PH,m–L–μ,282014,•ΊΙ§,•PHs,m–L–μ,2022[sanitize]06[sanitize]15,21,‚»‚Μ‘Ό,’“Τi—Φjκ,10Ξ‘γ,‘εw¶,{ω‚Ή‚Έ
ή“,©“]Τ“,•PH,m–L–μ,282014,•ΊΙ§,•PHs,m–L–μ,2022[sanitize]06[sanitize]18,12,‚»‚Μ‘Ό‚ΜZ‘ξi‚RK‚ΔΘ‰Ί‹¤“―Z‘ξ“™j,’“Τi—Φjκ,30Ξ‘γ,‚»‚Μ‘Ό,{ω‚µ‚½
ή“,©“]Τ“,•PH,m–L–μ,282014,•ΊΙ§,•PHs,m–L–μ,2022[sanitize]06[sanitize]21,07,‚»‚Μ‘Ό,’“Τi—Φjκ,10Ξ‘γ,‘εw¶,{ω‚Ή‚Έ
ή“,©“]Τ“,•PH,m–L–μ,282014,•ΊΙ§,•PHs,m–L–μ,2022[sanitize]07[sanitize]27,07,‚»‚Μ‘Ό,’“Τi—Φjκ,10Ξ‘γ,‚»‚Μ‘Ό,{ω‚Ή‚Έ
ή“,©“]Τ“,•PH,”ª‘γ,282014,•ΊΙ§,•PHs,‰ΝΤ’¬,2022[sanitize]07[sanitize]31,23,‚»‚Μ‘Ό,’“Τi—Φjκ,10Ξ‘γ,‘εw¶,{ω‚Ή‚Έ
ή“,©“]Τ“,•PH,”ª‘γ,282014,•ΊΙ§,•PHs,ι–k–{’¬,2022[sanitize]07[sanitize]30,18,‚»‚Μ‘Ό‚ΜZ‘ξi‚RK‚ΔΘ‰Ί‹¤“―Z‘ξ“™j,’“Τi—Φjκ,40Ξ‘γ,‚»‚Μ‘Ό,{ω‚µ‚½
ή“,©“]Τ“,•PH,”ª‘γ,282014,•ΊΙ§,•PHs,Ό”ª‘γ’¬,2022[sanitize]03[sanitize]23,20,’“Τi—Φjκ,’“Τi—Φjκ,10Ξ‘γ,‚»‚Μ‘Ό,{ω‚Ή‚Έ
ή“,©“]Τ“,•PH,”ª‘γ,282014,•ΊΙ§,•PHs,”ª‘γ,2022[sanitize]03[sanitize]29,15,κΛZ‘ξ,’“Τi—Φjκ,70ΞΘγ,‚»‚Μ‘Ό,{ω‚Ή‚Έ
ή“,©“]Τ“,•PH,”ª‘γ,282014,•ΊΙ§,•PHs,”ª‘γ–{’¬‚Q’–Ϊ,2022[sanitize]04[sanitize]26,07,κΛZ‘ξ,’“Τi—Φjκ,20Ξ‘γ,‚»‚Μ‘Ό,{ω‚Ή‚Έ
ή“,©“]Τ“,•PH,”ª‘γ,282014,•ΊΙ§,•PHs,”ª‘γ‹{‘O’¬,2022[sanitize]08[sanitize]27,03,κΛZ‘ξ,’“Τi—Φjκ,30Ξ‘γ,‚»‚Μ‘Ό,{ω‚Ή‚Έ
ή“,©“]Τ“,•PH,”ª‘γ,282014,•ΊΙ§,•PHs,”ª‘γ‹{‘O’¬,2022[sanitize]11[sanitize]11,23,‚»‚Μ‘Ό‚ΜZ‘ξi‚RK‚ΔΘ‰Ί‹¤“―Z‘ξ“™j,‚»‚Μ‘Ό,10Ξ‘γ,‘εw¶,{ω‚Ή‚Έ
ή“,©“]Τ“,•PH,”ª‘γ,282014,•ΊΙ§,•PHs,”~ƒP’J’¬,2022[sanitize]02[sanitize]24,19,κΛZ‘ξ,‚»‚Μ‘Ό,40Ξ‘γ,‚»‚Μ‘Ό,{ω‚Ή‚Έ
ή“,©“]Τ“,•PH,”ª‘γ,282014,•ΊΙ§,•PHs,γ‘ε–μ‚P’–Ϊ,2022[sanitize]04[sanitize]16,14,‚SK‚ΔΘγ‹¤“―Z‘ξ,’“Τi—Φjκ,20Ξ‘γ,‘εw¶,{ω‚Ή‚Έ
ή“,©“]Τ“,•PH,”ª‘γ,282014,•ΊΙ§,•PHs,γ‘ε–μ‚S’–Ϊ,2022[sanitize]02[sanitize]27,13,‚»‚Μ‘Ό‚ΜZ‘ξi‚RK‚ΔΘ‰Ί‹¤“―Z‘ξ“™j,’“Τi—Φjκ,10Ξ‘γ,‚Z¶,{ω‚Ή‚Έ
ή“,©“]Τ“,•PH,”ª‘γ,282014,•ΊΙ§,•PHs,γ‘ε–μ‚V’–Ϊ,2022[sanitize]04[sanitize]12,09,‚»‚Μ‘Ό,’“Τi—Φjκ,10Ξ‘γ,‘εw¶,{ω‚Ή‚Έ
ή“,©“]Τ“,•PH,”ª‘γ,282014,•ΊΙ§,•PHs,γ‘ε–μ‚V’–Ϊ,2022[sanitize]05[sanitize]18,11,‚»‚Μ‘Ό,’“Τi—Φjκ,20Ξ‘γ,‘εw¶,{ω‚Ή‚Έ
ή“,©“]Τ“,•PH,”ª‘γ,282014,•ΊΙ§,•PHs,γ‘ε–μ‚V’–Ϊ,2022[sanitize]05[sanitize]25,13,‚»‚Μ‘Ό,’“Τi—Φjκ,10Ξ‘γ,‘εw¶,{ω‚Ή‚Έ
ή“,©“]Τ“,•PH,”ª‘γ,282014,•ΊΙ§,•PHs,–k•½–μ‚Q’–Ϊ,2022[sanitize]02[sanitize]26,22,κΛZ‘ξ,’“Τi—Φjκ,10Ξ‘γ,‘εw¶,{ω‚Ή‚Έ
ή“,©“]Τ“,•PH,”ª‘γ,282014,•ΊΙ§,•PHs,–k•½–μ‚T’–Ϊ,2022[sanitize]04[sanitize]17,16,κΛZ‘ξ,’“Τi—Φjκ,10Ξ‘γ,‘εw¶,{ω‚µ‚½
ή“,©“]Τ“,•PH,”ª‘γ,282014,•ΊΙ§,•PHs,–k•½–μ‚U’–Ϊ,2022[sanitize]07[sanitize]07,17,‚SK‚ΔΘγ‹¤“―Z‘ξ,‚»‚Μ‘Ό,20Ξ‘γ,‚»‚Μ‘Ό,{ω‚Ή‚Έ
ή“,©“]Τ“,•PH,”ª‘γ,282014,•ΊΙ§,•PHs,–k•½–μ“μ‚Μ’¬,2022[sanitize]04[sanitize]30,01,κΛZ‘ξ,’“Τi—Φjκ,30Ξ‘γ,‚»‚Μ‘Ό,{ω‚Ή‚Έ
ή“,©“]Τ“,•PH,ι“μ,282014,•ΊΙ§,•PHs,β³’¬,2022[sanitize]02[sanitize]26,22,‚SK‚ΔΘγ‹¤“―Z‘ξ,’“Τi—Φjκ,20Ξ‘γ,‚»‚Μ‘Ό,{ω‚Ή‚Έ
ή“,©“]Τ“,•PH,ι“μ,282014,•ΊΙ§,•PHs,”E’¬,2022[sanitize]03[sanitize]21,18,’“Τi—Φjκ,’“Τi—Φjκ,20Ξ‘γ,‘εw¶,{ω‚Ή‚Έ
ή“,©“]Τ“,•PH,ι“μ,282014,•ΊΙ§,•PHs,”E’¬,2022[sanitize]12[sanitize]14,00,“ΉHγ,‚»‚Μ‘Ό,20Ξ‘γ,‚»‚Μ‘Ό,{ω‚Ή‚Έ
ή“,©“]Τ“,•PH,ι“μ,282014,•ΊΙ§,•PHs,\“ρ‘O’¬,2022[sanitize]03[sanitize]12,19,“ΉHγ,‚»‚Μ‘Ό,50Ξ‘γ,‚»‚Μ‘Ό,{ω‚µ‚½
ή“,©“]Τ“,•PH,ι“μ,282014,•ΊΙ§,•PHs,”J’¬,2022[sanitize]05[sanitize]15,08,‚SK‚ΔΘγ‹¤“―Z‘ξ,’“Τi—Φjκ,20Ξ‘γ,‚»‚Μ‘Ό,{ω‚µ‚½
ή“,©“]Τ“,•PH,ι“μ,282014,•ΊΙ§,•PHs,•‘ς’¬,2022[sanitize]01[sanitize]04,06,‚»‚Μ‘Ό‚ΜZ‘ξi‚RK‚ΔΘ‰Ί‹¤“―Z‘ξ“™j,’“Τi—Φjκ,30Ξ‘γ,‚»‚Μ‘Ό,{ω‚Ή‚Έ
ή“,©“]Τ“,•PH,ι“μ,282014,•ΊΙ§,•PHs,•‘ς’¬,2022[sanitize]06[sanitize]04,15,‚SK‚ΔΘγ‹¤“―Z‘ξ,’“Τi—Φjκ,30Ξ‘γ,‚»‚Μ‘Ό,{ω‚Ή‚Έ
ή“,©“]Τ“,•PH,ι“μ,282014,•ΊΙ§,•PHs,‹›’¬,2022[sanitize]04[sanitize]23,19,“ΉHγ,‚»‚Μ‘Ό,50Ξ‘γ,‚»‚Μ‘Ό,{ω‚µ‚½
ή“,©“]Τ“,•PH,ι“μ,282014,•ΊΙ§,•PHs,‹›’¬,2022[sanitize]06[sanitize]02,11,“ΉHγ,‚»‚Μ‘Ό,70ΞΘγ,‚»‚Μ‘Ό,{ω‚Ή‚Έ
ή“,©“]Τ“,•PH,ι“μ,282014,•ΊΙ§,•PHs,‹›’¬,2022[sanitize]08[sanitize]21,03,“ΉHγ,‚»‚Μ‘Ό,50Ξ‘γ,‚»‚Μ‘Ό,{ω‚Ή‚Έ
ή“,©“]Τ“,•PH,ι“μ,282014,•ΊΙ§,•PHs,‰–’¬,2022[sanitize]04[sanitize]08,21,‚»‚Μ‘Ό,‚»‚Μ‘Ό,50Ξ‘γ,‚»‚Μ‘Ό,{ω‚Ή‚Έ
ή“,©“]Τ“,•PH,ι“μ,282014,•ΊΙ§,•PHs,‰–’¬,2022[sanitize]04[sanitize]13,15,“ΉHγ,‚»‚Μ‘Ό,50Ξ‘γ,‚»‚Μ‘Ό,{ω‚Ή‚Έ
ή“,©“]Τ“,•PH,ι“μ,282014,•ΊΙ§,•PHs,‰–’¬,2022[sanitize]07[sanitize]18,22,κΛZ‘ξ,‚»‚Μ‘Ό,30Ξ‘γ,‚»‚Μ‘Ό,{ω‚Ή‚Έ
ή“,©“]Τ“,•PH,ι“μ,282014,•ΊΙ§,•PHs,—§’¬,2022[sanitize]02[sanitize]26,08,“ΉHγ,‚»‚Μ‘Ό,40Ξ‘γ,‚»‚Μ‘Ό,{ω‚Ή‚Έ
ή“,©“]Τ“,•PH,ι“μ,282014,•ΊΙ§,•PHs,—§’¬,2022[sanitize]08[sanitize]06,17,“ΉHγ,‚»‚Μ‘Ό,20Ξ‘γ,‚»‚Μ‘Ό,{ω‚Ή‚Έ
ή“,©“]Τ“,•PH,‘εθ‘O,282014,•ΊΙ§,•PHs,β“c’¬,2022[sanitize]02[sanitize]22,01,‚»‚Μ‘Ό‚ΜZ‘ξi‚RK‚ΔΘ‰Ί‹¤“―Z‘ξ“™j,’“Τi—Φjκ,20Ξ‘γ,‚»‚Μ‘Ό,{ω‚µ‚½
ή“,©“]Τ“,•PH,‘εθ‘O,282014,•ΊΙ§,•PHs,β“c’¬,2022[sanitize]04[sanitize]26,06,‚SK‚ΔΘγ‹¤“―Z‘ξ,’“Τi—Φjκ,70ΞΘγ,‚»‚Μ‘Ό,{ω‚Ή‚Έ
ή“,©“]Τ“,•PH,‘εθ‘O,282014,•ΊΙ§,•PHs,β“c’¬,2022[sanitize]11[sanitize]19,17,κΛZ‘ξ,’“Τi—Φjκ,10Ξ‘γ,¬w¶,{ω‚Ή‚Έ
ή“,©“]Τ“,•PH,‘εθ‘O,282014,•ΊΙ§,•PHs,β“c’¬,2022[sanitize]11[sanitize]30,13,‚»‚Μ‘Ό‚ΜZ‘ξi‚RK‚ΔΘ‰Ί‹¤“―Z‘ξ“™j,’“Τi—Φjκ,30Ξ‘γ,‚»‚Μ‘Ό,{ω‚µ‚½
ή“,©“]Τ“,•PH,‘εθ‘O,282014,•ΊΙ§,•PHs,‘Π–{’¬,2022[sanitize]07[sanitize]15,20,“ΉHγ,‚»‚Μ‘Ό,40Ξ‘γ,‚»‚Μ‘Ό,{ω‚Ή‚Έ
ή“,©“]Τ“,•PH,‘εθ‘O,282014,•ΊΙ§,•PHs,‘Π–{’¬,2022[sanitize]07[sanitize]25,05,‚»‚Μ‘Ό,’“Τi—Φjκ,50Ξ‘γ,‚»‚Μ‘Ό,{ω‚µ‚½
ή“,©“]Τ“,•PH,‘εθ‘O,282014,•ΊΙ§,•PHs,–{’¬,2022[sanitize]06[sanitize]26,18,‚»‚Μ‘Ό,’“Τi—Φjκ,10Ξ‘γ,’†w¶,{ω‚Ή‚Έ
ή“,©“]Τ“,•PH,‘εθ‘O,282014,•ΊΙ§,•PHs,–{’¬,2022[sanitize]07[sanitize]16,16,‚»‚Μ‘Ό,’“Τi—Φjκ,10Ξ‘γ,¬w¶,{ω‚Ή‚Έ
ή“,©“]Τ“,•PH,‘εθ‘O,282014,•ΊΙ§,•PHs,–{’¬,2022[sanitize]10[sanitize]20,10,’“Τi—Φjκ,’“Τi—Φjκ,60[sanitize]64Ξ,‚»‚Μ‘Ό,{ω‚µ‚½
ή“,©“]Τ“,•PH,‘εθ‘O,282014,•ΊΙ§,•PHs,–{’¬,2022[sanitize]11[sanitize]28,16,“ΉHγ,‚»‚Μ‘Ό,10Ξ‘γ,‚Z¶,{ω‚Ή‚Έ
ή“,©“]Τ“,•PH,‘εθ‘O,282014,•ΊΙ§,•PHs,–{’¬,2022[sanitize]12[sanitize]03,17,‚»‚Μ‘Ό,’“Τi—Φjκ,20Ξ‘γ,‘εw¶,{ω‚µ‚½
ή“,©“]Τ“,•PH,‘εθ‘O,282014,•ΊΙ§,•PHs,–{’¬,2022[sanitize]12[sanitize]07,18,‚»‚Μ‘Ό,’“Τi—Φjκ,10Ξ‘γ,‚Z¶,{ω‚Ή‚Έ
ή“,©“]Τ“,•PH,‘εθ‘O,282014,•ΊΙ§,•PHs,–{’¬,2022[sanitize]12[sanitize]08,19,‚»‚Μ‘Ό,’“Τi—Φjκ,40Ξ‘γ,‚»‚Μ‘Ό,{ω‚µ‚½
ή“,©“]Τ“,•PH,‘εθ‘O,282014,•ΊΙ§,•PHs,³‰–’¬,2022[sanitize]05[sanitize]24,18,‚SK‚ΔΘγ‹¤“―Z‘ξ,’“Τi—Φjκ,30Ξ‘γ,‚»‚Μ‘Ό,{ω‚µ‚½
ή“,©“]Τ“,•PH,‘εθ‘O,282014,•ΊΙ§,•PHs,–Θ’¬,2022[sanitize]07[sanitize]26,18,‚»‚Μ‘Ό,’“Τi—Φjκ,10Ξ‘γ,‚Z¶,{ω‚Ή‚Έ
ή“,©“]Τ“,•PH,‘εθ‘O,282014,•ΊΙ§,•PHs,–Θ’¬,2022[sanitize]12[sanitize]18,01,‚SK‚ΔΘγ‹¤“―Z‘ξ,’“Τi—Φjκ,30Ξ‘γ,‚»‚Μ‘Ό,{ω‚Ή‚Έ
ή“,©“]Τ“,•PH,‘εθ‘O,282014,•ΊΙ§,•PHs,ΰ•’¬,2022[sanitize]04[sanitize]02,17,“ΉHγ,‚»‚Μ‘Ό,50Ξ‘γ,‚»‚Μ‘Ό,{ω‚Ή‚Έ
ή“,©“]Τ“,•PH,‘εθ‘O,282014,•ΊΙ§,•PHs,ΰ•’¬,2022[sanitize]05[sanitize]28,18,‚»‚Μ‘Ό,’“Τi—Φjκ,20Ξ‘γ,‚»‚Μ‘Ό,{ω‚Ή‚Έ
ή“,©“]Τ“,•PH,‘εθ‘O,282014,•ΊΙ§,•PHs,”’‹β’¬,2022[sanitize]03[sanitize]25,02,“ΉHγ,‚»‚Μ‘Ό,20Ξ‘γ,‚»‚Μ‘Ό,{ω‚µ‚½
ή“,©“]Τ“,•PH,‘εθ‘O,282014,•ΊΙ§,•PHs,“ρK’¬,2022[sanitize]08[sanitize]26,19,’“Τi—Φjκ,’“Τi—Φjκ,10Ξ‘γ,‚Z¶,{ω‚Ή‚Έ
ή“,©“]Τ“,•PH,“V_‘O,282014,•ΊΙ§,•PHs,sμ‘δ‚Q’–Ϊ,2022[sanitize]04[sanitize]09,16,‚SK‚ΔΘγ‹¤“―Z‘ξ,’“Τi—Φjκ,65[sanitize]69Ξ,‚»‚Μ‘Ό,{ω‚µ‚½
ή“,©“]Τ“,•PH,“V_‘O,282014,•ΊΙ§,•PHs,sμ‘δ‚Q’–Ϊ,2022[sanitize]05[sanitize]31,22,‚SK‚ΔΘγ‹¤“―Z‘ξ,’“Τi—Φjκ,10Ξ‘γ,‚»‚Μ‘Ό,{ω‚Ή‚Έ
ή“,©“]Τ“,•PH,“V_‘O,282014,•ΊΙ§,•PHs,sμ‘δ‚R’–Ϊ,2022[sanitize]05[sanitize]11,10,‚SK‚ΔΘγ‹¤“―Z‘ξ,’“Τi—Φjκ,70ΞΘγ,‚»‚Μ‘Ό,{ω‚Ή‚Έ
ή“,©“]Τ“,•PH,“V_‘O,282014,•ΊΙ§,•PHs,sμ‘δ‚R’–Ϊ,2022[sanitize]05[sanitize]16,22,‚SK‚ΔΘγ‹¤“―Z‘ξ,’“Τi—Φjκ,10Ξ‘γ,’†w¶,{ω‚Ή‚Έ
ή“,©“]Τ“,•PH,“V_‘O,282014,•ΊΙ§,•PHs,sμ‘δ‚R’–Ϊ,2022[sanitize]10[sanitize]30,17,‚SK‚ΔΘγ‹¤“―Z‘ξ,’“Τi—Φjκ,10Ξ‘γ,’†w¶,{ω‚µ‚½
ή“,©“]Τ“,•PH,“V_‘O,282014,•ΊΙ§,•PHs,sμ‹΄’Κ‚P’–Ϊ,2022[sanitize]09[sanitize]17,07,‚»‚Μ‘Ό,’“Τi—Φjκ,30Ξ‘γ,‚»‚Μ‘Ό,{ω‚µ‚½
ή“,©“]Τ“,•PH,“V_‘O,282014,•ΊΙ§,•PHs,s”V‹½,2022[sanitize]07[sanitize]16,17,“ΉHγ,‚»‚Μ‘Ό,60[sanitize]64Ξ,‚»‚Μ‘Ό,{ω‚Ή‚Έ
ή“,©“]Τ“,•PH,“V_‘O,282014,•ΊΙ§,•PHs,s”V‹½,2022[sanitize]07[sanitize]29,10,‚»‚Μ‘Ό,’“Τi—Φjκ,30Ξ‘γ,‚»‚Μ‘Ό,{ω‚µ‚½
ή“,©“]Τ“,•PH,“V_‘O,282014,•ΊΙ§,•PHs,s”V‹½,2022[sanitize]08[sanitize]21,12,’“Τi—Φjκ,’“Τi—Φjκ,10Ξ‘γ,‚Z¶,{ω‚Ή‚Έ
ή“,©“]Τ“,•PH,“V_‘O,282014,•ΊΙ§,•PHs,s”V‹½,2022[sanitize]11[sanitize]11,17,‚»‚Μ‘Ό,’“Τi—Φjκ,20Ξ‘γ,‚»‚Μ‘Ό,{ω‚Ή‚Έ
ή“,©“]Τ“,•PH,“V_‘O,282014,•ΊΙ§,•PHs,s”V‹½’¬‚R’–Ϊ,2022[sanitize]12[sanitize]15,14,’“Τi—Φjκ,’“Τi—Φjκ,50Ξ‘γ,‚»‚Μ‘Ό,{ω‚µ‚½
ή“,©“]Τ“,•PH,“V_‘O,282014,•ΊΙ§,•PHs,_‰®’¬‚R’–Ϊ,2022[sanitize]09[sanitize]24,15,‚»‚Μ‘Ό,’“Τi—Φjκ,20Ξ‘γ,‚»‚Μ‘Ό,{ω‚µ‚½
ή“,©“]Τ“,•PH,“V_‘O,282014,•ΊΙ§,•PHs,“ν’¬,2022[sanitize]01[sanitize]28,16,‚SK‚ΔΘγ‹¤“―Z‘ξ,’“Τi—Φjκ,40Ξ‘γ,‚»‚Μ‘Ό,{ω‚Ή‚Έ
ή“,©“]Τ“,•PH,“V_‘O,282014,•ΊΙ§,•PHs,‘ε‘P’¬,2022[sanitize]11[sanitize]07,17,‚»‚Μ‘Ό,‚»‚Μ‘Ό,65[sanitize]69Ξ,‚»‚Μ‘Ό,{ω‚Ή‚Έ
ή“,©“]Τ“,•PH,“V_‘O,282014,•ΊΙ§,•PHs,“‹½’¬,2022[sanitize]01[sanitize]08,11,‚»‚Μ‘Ό,’“Τi—Φjκ,60[sanitize]64Ξ,‚»‚Μ‘Ό,{ω‚µ‚½
ή“,©“]Τ“,•PH,“V_‘O,282014,•ΊΙ§,•PHs,“‹½’¬,2022[sanitize]04[sanitize]11,16,‚»‚Μ‘Ό,’“Τi—Φjκ,10Ξ‘γ,’†w¶,{ω‚Ή‚Έ
ή“,©“]Τ“,•PH,“V_‘O,282014,•ΊΙ§,•PHs,“‹½’¬,2022[sanitize]07[sanitize]14,19,‚»‚Μ‘Ό,’“Τi—Φjκ,20Ξ‘γ,‚»‚Μ‘Ό,{ω‚µ‚½
ή“,©“]Τ“,•PH,“V_‘O,282014,•ΊΙ§,•PHs,“‹½’¬,2022[sanitize]07[sanitize]16,17,‚»‚Μ‘Ό,’“Τi—Φjκ,20Ξ‘γ,‚»‚Μ‘Ό,{ω‚Ή‚Έ
ή“,©“]Τ“,•PH,“V_‘O,282014,•ΊΙ§,•PHs,“‹½’¬,2022[sanitize]07[sanitize]22,13,‚»‚Μ‘Ό,’“Τi—Φjκ,10Ξ‘γ,’†w¶,{ω‚Ή‚Έ
ή“,©“]Τ“,•PH,“V_‘O,282014,•ΊΙ§,•PHs,“‹½’¬,2022[sanitize]07[sanitize]28,17,‚»‚Μ‘Ό,’“Τi—Φjκ,10Ξ‘γ,‚Z¶,{ω‚Ή‚Έ
ή“,©“]Τ“,•PH,“V_‘O,282014,•ΊΙ§,•PHs,“‹½’¬,2022[sanitize]07[sanitize]29,13,‚»‚Μ‘Ό,’“Τi—Φjκ,10Ξ‘γ,‚Z¶,{ω‚Ή‚Έ
ή“,©“]Τ“,•PH,“V_‘O,282014,•ΊΙ§,•PHs,“‹½’¬,2022[sanitize]08[sanitize]23,13,‚»‚Μ‘Ό,‚»‚Μ‘Ό,40Ξ‘γ,‚»‚Μ‘Ό,{ω‚Ή‚Έ
ή“,©“]Τ“,•PH,“V_‘O,282014,•ΊΙ§,•PHs,“‹½’¬,2022[sanitize]08[sanitize]27,23,‚»‚Μ‘Ό,’“Τi—Φjκ,20Ξ‘γ,‚»‚Μ‘Ό,{ω‚Ή‚Έ
ή“,©“]Τ“,•PH,“V_‘O,282014,•ΊΙ§,•PHs,“‹½’¬,2022[sanitize]10[sanitize]02,11,‚»‚Μ‘Ό,’“Τi—Φjκ,50Ξ‘γ,‚»‚Μ‘Ό,{ω‚Ή‚Έ
ή“,©“]Τ“,•PH,“V_‘O,282014,•ΊΙ§,•PHs,“‹½’¬,2022[sanitize]10[sanitize]07,18,‚»‚Μ‘Ό,’“Τi—Φjκ,50Ξ‘γ,‚»‚Μ‘Ό,{ω‚Ή‚Έ
ή“,©“]Τ“,•PH,“V_‘O,282014,•ΊΙ§,•PHs,–μ—Ά,2022[sanitize]01[sanitize]09,03,‚»‚Μ‘Ό,’“Τi—Φjκ,20Ξ‘γ,‚»‚Μ‘Ό,{ω‚Ή‚Έ
ή“,©“]Τ“,•PH,“V_‘O,282014,•ΊΙ§,•PHs,“ϊo’¬‚P’–Ϊ,2022[sanitize]12[sanitize]24,17,κΛZ‘ξ,’“Τi—Φjκ,20Ξ‘γ,‘εw¶,{ω‚Ή‚Έ
ή“,©“]Τ“,•PH,“V_‘O,282014,•ΊΙ§,•PHs,“ϊo’¬‚R’–Ϊ,2022[sanitize]02[sanitize]01,00,‚SK‚ΔΘγ‹¤“―Z‘ξ,’“Τi—Φjκ,10Ξ‘γ,¬w¶,{ω‚Ή‚Έ
ή“,©“]Τ“,•PH,“V_‘O,282014,•ΊΙ§,•PHs,“ϊo’¬‚R’–Ϊ,2022[sanitize]05[sanitize]08,21,‚»‚Μ‘Ό‚ΜZ‘ξi‚RK‚ΔΘ‰Ί‹¤“―Z‘ξ“™j,’“Τi—Φjκ,50Ξ‘γ,‚»‚Μ‘Ό,{ω‚µ‚½
ή“,©“]Τ“,•PH,“V_‘O,282014,•ΊΙ§,•PHs,“ϊo’¬‚R’–Ϊ,2022[sanitize]07[sanitize]15,12,‚»‚Μ‘Ό,’“Τi—Φjκ,10Ξ‘γ,‚Z¶,{ω‚Ή‚Έ
ή“,©“]Τ“,•PH,“V_‘O,282014,•ΊΙ§,•PHs,‹{γ’¬‚P’–Ϊ,2022[sanitize]07[sanitize]12,11,‚»‚Μ‘Ό,’“Τi—Φjκ,50Ξ‘γ,‚»‚Μ‘Ό,{ω‚Ή‚Έ
ή“,©“]Τ“,•PH,“V_‘O,282014,•ΊΙ§,•PHs,‹{Ό’¬‚P’–Ϊ,2022[sanitize]04[sanitize]08,20,‚»‚Μ‘Ό‚ΜZ‘ξi‚RK‚ΔΘ‰Ί‹¤“―Z‘ξ“™j,’“Τi—Φjκ,20Ξ‘γ,‚»‚Μ‘Ό,{ω‚Ή‚Έ
ή“,©“]Τ“,•PH,“V_‘O,282014,•ΊΙ§,•PHs,‹{Ό’¬‚S’–Ϊ,2022[sanitize]08[sanitize]06,23,‚»‚Μ‘Ό,’“Τi—Φjκ,50Ξ‘γ,‚»‚Μ‘Ό,{ω‚Ή‚Έ
ή“,©“]Τ“,•PH,“V_‘O,282014,•ΊΙ§,•PHs,αΨ’¬‚Q’–Ϊ,2020[sanitize]01[sanitize]14,00,‚SK‚ΔΘγ‹¤“―Z‘ξ,’“Τi—Φjκ,60[sanitize]64Ξ,‚»‚Μ‘Ό,{ω‚Ή‚Έ
ή“,©“]Τ“,•PH,•PH‰w‘O,282014,•ΊΙ§,•PHs,‰w‘O’¬,2021[sanitize]11[sanitize]12,23,“ΉHγ,‚»‚Μ‘Ό,20Ξ‘γ,‚»‚Μ‘Ό,{ω‚Ή‚Έ
ή“,©“]Τ“,•PH,•PH‰w‘O,282014,•ΊΙ§,•PHs,‰w‘O’¬,2021[sanitize]12[sanitize]23,10,‚»‚Μ‘Ό,’“Τi—Φjκ,20Ξ‘γ,‚»‚Μ‘Ό,{ω‚µ‚½
ή“,©“]Τ“,•PH,•PH‰w‘O,282014,•ΊΙ§,•PHs,‰w‘O’¬,2022[sanitize]03[sanitize]03,19,“ΉHγ,‚»‚Μ‘Ό,10Ξ‘γ,‚Z¶,{ω‚Ή‚Έ
ή“,©“]Τ“,•PH,•PH‰w‘O,282014,•ΊΙ§,•PHs,‰w‘O’¬,2022[sanitize]04[sanitize]23,16,‚»‚Μ‘Ό,’“Τi—Φjκ,10Ξ‘γ,‚Z¶,{ω‚Ή‚Έ
ή“,©“]Τ“,•PH,•PH‰w‘O,282014,•ΊΙ§,•PHs,‰w‘O’¬,2022[sanitize]05[sanitize]04,15,’“Τi—Φjκ,’“Τi—Φjκ,10Ξ‘γ,‚»‚Μ‘Ό,{ω‚Ή‚Έ
ή“,©“]Τ“,•PH,•PH‰w‘O,282014,•ΊΙ§,•PHs,‰w‘O’¬,2022[sanitize]05[sanitize]18,22,“ΉHγ,‚»‚Μ‘Ό,10Ξ‘γ,‚Z¶,{ω‚Ή‚Έ
ή“,©“]Τ“,•PH,•PH‰w‘O,282014,•ΊΙ§,•PHs,‰w‘O’¬,2022[sanitize]06[sanitize]04,15,‚»‚Μ‘Ό,’“Τi—Φjκ,10Ξ‘γ,’†w¶,{ω‚Ή‚Έ
ή“,©“]Τ“,•PH,•PH‰w‘O,282014,•ΊΙ§,•PHs,‰w‘O’¬,2022[sanitize]06[sanitize]10,06,“ΉHγ,‚»‚Μ‘Ό,10Ξ‘γ,‚Z¶,{ω‚Ή‚Έ
ή“,©“]Τ“,•PH,•PH‰w‘O,282014,•ΊΙ§,•PHs,‰w‘O’¬,2022[sanitize]07[sanitize]02,14,’“Τi—Φjκ,’“Τi—Φjκ,20Ξ‘γ,‚»‚Μ‘Ό,{ω‚Ή‚Έ
ή“,©“]Τ“,•PH,•PH‰w‘O,282014,•ΊΙ§,•PHs,‰w‘O’¬,2022[sanitize]07[sanitize]08,10,’“Τi—Φjκ,’“Τi—Φjκ,50Ξ‘γ,‚»‚Μ‘Ό,{ω‚µ‚½
ή“,©“]Τ“,•PH,•PH‰w‘O,282014,•ΊΙ§,•PHs,‰w‘O’¬,2022[sanitize]07[sanitize]08,18,‚»‚Μ‘Ό,’“Τi—Φjκ,10Ξ‘γ,‚Z¶,{ω‚Ή‚Έ
ή“,©“]Τ“,•PH,•PH‰w‘O,282014,•ΊΙ§,•PHs,‰w‘O’¬,2022[sanitize]07[sanitize]08,21,“ΉHγ,‚»‚Μ‘Ό,10Ξ‘γ,’†w¶,{ω‚µ‚½
ή“,©“]Τ“,•PH,•PH‰w‘O,282014,•ΊΙ§,•PHs,‰w‘O’¬,2022[sanitize]07[sanitize]13,15,’“Τi—Φjκ,’“Τi—Φjκ,40Ξ‘γ,‚»‚Μ‘Ό,{ω‚Ή‚Έ
ή“,©“]Τ“,•PH,•PH‰w‘O,282014,•ΊΙ§,•PHs,‰w‘O’¬,2022[sanitize]07[sanitize]14,12,‚»‚Μ‘Ό,’“Τi—Φjκ,10Ξ‘γ,‚Z¶,{ω‚Ή‚Έ
ή“,©“]Τ“,•PH,•PH‰w‘O,282014,•ΊΙ§,•PHs,‰w‘O’¬,2022[sanitize]07[sanitize]15,09,‚»‚Μ‘Ό,’“Τi—Φjκ,10Ξ‘γ,‚»‚Μ‘Ό,{ω‚Ή‚Έ
ή“,©“]Τ“,•PH,•PH‰w‘O,282014,•ΊΙ§,•PHs,‰w‘O’¬,2022[sanitize]07[sanitize]16,00,‚»‚Μ‘Ό,’“Τi—Φjκ,10Ξ‘γ,‚»‚Μ‘Ό,{ω‚Ή‚Έ
ή“,©“]Τ“,•PH,•PH‰w‘O,282014,•ΊΙ§,•PHs,‰w‘O’¬,2022[sanitize]07[sanitize]18,12,“ΉHγ,‚»‚Μ‘Ό,40Ξ‘γ,‚»‚Μ‘Ό,{ω‚Ή‚Έ
ή“,©“]Τ“,•PH,•PH‰w‘O,282014,•ΊΙ§,•PHs,‰w‘O’¬,2022[sanitize]07[sanitize]25,17,‚»‚Μ‘Ό,’“Τi—Φjκ,30Ξ‘γ,‚»‚Μ‘Ό,{ω‚Ή‚Έ
ή“,©“]Τ“,•PH,•PH‰w‘O,282014,•ΊΙ§,•PHs,‰w‘O’¬,2022[sanitize]08[sanitize]06,16,’“Τi—Φjκ,’“Τi—Φjκ,20Ξ‘γ,‚»‚Μ‘Ό,{ω‚µ‚½
ή“,©“]Τ“,•PH,•PH‰w‘O,282014,•ΊΙ§,•PHs,‰w‘O’¬,2022[sanitize]08[sanitize]07,19,‚»‚Μ‘Ό,’“Τi—Φjκ,10Ξ‘γ,‘εw¶,{ω‚Ή‚Έ
ή“,©“]Τ“,•PH,•PH‰w‘O,282014,•ΊΙ§,•PHs,‰w‘O’¬,2022[sanitize]08[sanitize]08,13,‚»‚Μ‘Ό,’“Τi—Φjκ,10Ξ‘γ,’†w¶,{ω‚Ή‚Έ
ή“,©“]Τ“,•PH,•PH‰w‘O,282014,•ΊΙ§,•PHs,‰w‘O’¬,2022[sanitize]08[sanitize]09,18,“ΉHγ,‚»‚Μ‘Ό,30Ξ‘γ,‚»‚Μ‘Ό,{ω‚Ή‚Έ
ή“,©“]Τ“,•PH,•PH‰w‘O,282014,•ΊΙ§,•PHs,‰w‘O’¬,2022[sanitize]08[sanitize]12,13,“ΉHγ,‚»‚Μ‘Ό,10Ξ‘γ,‚Z¶,{ω‚Ή‚Έ
ή“,©“]Τ“,•PH,•PH‰w‘O,282014,•ΊΙ§,•PHs,‰w‘O’¬,2022[sanitize]08[sanitize]16,16,‚»‚Μ‘Ό,’“Τi—Φjκ,20Ξ‘γ,‚»‚Μ‘Ό,{ω‚Ή‚Έ
ή“,©“]Τ“,•PH,•PH‰w‘O,282014,•ΊΙ§,•PHs,‰w‘O’¬,2022[sanitize]08[sanitize]19,21,‚»‚Μ‘Ό,’“Τi—Φjκ,10Ξ‘γ,‚Z¶,{ω‚Ή‚Έ
ή“,©“]Τ“,•PH,•PH‰w‘O,282014,•ΊΙ§,•PHs,‰w‘O’¬,2022[sanitize]08[sanitize]22,10,“ΉHγ,‚»‚Μ‘Ό,65[sanitize]69Ξ,‚»‚Μ‘Ό,{ω‚Ή‚Έ
ή“,©“]Τ“,•PH,•PH‰w‘O,282014,•ΊΙ§,•PHs,‰w‘O’¬,2022[sanitize]08[sanitize]25,10,’“Τi—Φjκ,’“Τi—Φjκ,20Ξ‘γ,‚»‚Μ‘Ό,{ω‚Ή‚Έ
ή“,©“]Τ“,•PH,•PH‰w‘O,282014,•ΊΙ§,•PHs,‰w‘O’¬,2022[sanitize]08[sanitize]25,17,’“Τi—Φjκ,’“Τi—Φjκ,10Ξ‘γ,‚Z¶,{ω‚Ή‚Έ
ή“,©“]Τ“,•PH,•PH‰w‘O,282014,•ΊΙ§,•PHs,‰w‘O’¬,2022[sanitize]08[sanitize]31,18,‚»‚Μ‘Ό,’“Τi—Φjκ,10Ξ‘γ,‚Z¶,{ω‚Ή‚Έ
ή“,©“]Τ“,•PH,•PH‰w‘O,282014,•ΊΙ§,•PHs,‰w‘O’¬,2022[sanitize]09[sanitize]12,14,’“Τi—Φjκ,’“Τi—Φjκ,40Ξ‘γ,‚»‚Μ‘Ό,{ω‚Ή‚Έ
ή“,©“]Τ“,•PH,•PH‰w‘O,282014,•ΊΙ§,•PHs,‰w‘O’¬,2022[sanitize]09[sanitize]13,20,‚»‚Μ‘Ό,’“Τi—Φjκ,20Ξ‘γ,‚»‚Μ‘Ό,{ω‚Ή‚Έ
ή“,©“]Τ“,•PH,•PH‰w‘O,282014,•ΊΙ§,•PHs,‰w‘O’¬,2022[sanitize]09[sanitize]17,13,’“Τi—Φjκ,’“Τi—Φjκ,30Ξ‘γ,‚»‚Μ‘Ό,{ω‚Ή‚Έ
ή“,©“]Τ“,•PH,•PH‰w‘O,282014,•ΊΙ§,•PHs,‰w‘O’¬,2022[sanitize]10[sanitize]31,07,’“Τi—Φjκ,’“Τi—Φjκ,10Ξ‘γ,‘εw¶,{ω‚µ‚½
ή“,©“]Τ“,•PH,•PH‰w‘O,282014,•ΊΙ§,•PHs,‰w‘O’¬,2022[sanitize]11[sanitize]05,20,‚SK‚ΔΘγ‹¤“―Z‘ξ,’“Τi—Φjκ,50Ξ‘γ,‚»‚Μ‘Ό,{ω‚Ή‚Έ
ή“,©“]Τ“,•PH,•PH‰w‘O,282014,•ΊΙ§,•PHs,‰w‘O’¬,2022[sanitize]11[sanitize]13,00,“ΉHγ,‚»‚Μ‘Ό,10Ξ‘γ,‚Z¶,{ω‚Ή‚Έ
ή“,©“]Τ“,•PH,•PH‰w‘O,282014,•ΊΙ§,•PHs,‰w‘O’¬,2022[sanitize]11[sanitize]24,19,‚»‚Μ‘Ό,’“Τi—Φjκ,10Ξ‘γ,‚Z¶,{ω‚Ή‚Έ
ή“,©“]Τ“,•PH,•PH‰w‘O,282014,•ΊΙ§,•PHs,‰w‘O’¬,2022[sanitize]12[sanitize]03,18,“ΉHγ,‚»‚Μ‘Ό,10Ξ‘γ,‘εw¶,{ω‚Ή‚Έ
ή“,©“]Τ“,•PH,•PH‰w‘O,282014,•ΊΙ§,•PHs,‰w‘O’¬,2022[sanitize]12[sanitize]05,17,’“Τi—Φjκ,’“Τi—Φjκ,20Ξ‘γ,‘εw¶,{ω‚µ‚½
ή“,©“]Τ“,•PH,•PH‰w‘O,282014,•ΊΙ§,•PHs,‰w‘O’¬,2022[sanitize]12[sanitize]07,18,‚»‚Μ‘Ό,’“Τi—Φjκ,40Ξ‘γ,‚»‚Μ‘Ό,{ω‚µ‚½
ή“,©“]Τ“,•PH,•PH‰w‘O,282014,•ΊΙ§,•PHs,_‰®’¬‚R’–Ϊ,2022[sanitize]04[sanitize]29,13,“ΉHγ,‚»‚Μ‘Ό,20Ξ‘γ,‚»‚Μ‘Ό,{ω‚µ‚½
ή“,©“]Τ“,•PH,•PH‰w‘O,282014,•ΊΙ§,•PHs,_‰®’¬‚R’–Ϊ,2022[sanitize]10[sanitize]13,07,‚»‚Μ‘Ό,‚»‚Μ‘Ό,30Ξ‘γ,‚»‚Μ‘Ό,{ω‚Ή‚Έ
ή“,©“]Τ“,•PH,•PH‰w‘O,282014,•ΊΙ§,•PHs,_‰®’¬‚R’–Ϊ,2022[sanitize]10[sanitize]18,07,‚»‚Μ‘Ό,’“Τi—Φjκ,30Ξ‘γ,‚»‚Μ‘Ό,{ω‚µ‚½
ή“,©“]Τ“,•PH,•PH‰w‘O,282014,•ΊΙ§,•PHs,_‰®’¬‚R’–Ϊ,2022[sanitize]10[sanitize]25,18,‚»‚Μ‘Ό,’“Τi—Φjκ,20Ξ‘γ,‚»‚Μ‘Ό,{ω‚µ‚½
ή“,©“]Τ“,•PH,•PH‰w‘O,282014,•ΊΙ§,•PHs,_‰®’¬‚R’–Ϊ,2022[sanitize]11[sanitize]14,16,‚»‚Μ‘Ό,’“Τi—Φjκ,20Ξ‘γ,‚»‚Μ‘Ό,{ω‚µ‚½
ή“,©“]Τ“,•PH,•PH‰w‘O,282014,•ΊΙ§,•PHs,_‰®’¬‚R’–Ϊ,2022[sanitize]12[sanitize]01,09,‚»‚Μ‘Ό,’“Τi—Φjκ,30Ξ‘γ,‚»‚Μ‘Ό,{ω‚Ή‚Έ
ή“,©“]Τ“,•PH,•PH‰w‘O,282014,•ΊΙ§,•PHs,_‰®’¬‚R’–Ϊ,2022[sanitize]12[sanitize]13,08,‚»‚Μ‘Ό,’“Τi—Φjκ,20Ξ‘γ,‚»‚Μ‘Ό,{ω‚Ή‚Έ
ή“,©“]Τ“,•PH,•PH‰w‘O,282014,•ΊΙ§,•PHs,_‰®’¬‚U’–Ϊ,2022[sanitize]05[sanitize]05,13,κΛZ‘ξ,’“Τi—Φjκ,50Ξ‘γ,‚»‚Μ‘Ό,{ω‚Ή‚Έ
ή“,©“]Τ“,•PH,•PH‰w‘O,282014,•ΊΙ§,•PHs,_‰®’¬‚U’–Ϊ,2022[sanitize]07[sanitize]14,18,‚SK‚ΔΘγ‹¤“―Z‘ξ,’“Τi—Φjκ,20Ξ‘γ,‚»‚Μ‘Ό,{ω‚µ‚½
ή“,©“]Τ“,•PH,•PH‰w‘O,282014,•ΊΙ§,•PHs,‹Tδ’¬,2022[sanitize]04[sanitize]29,12,“ΉHγ,‚»‚Μ‘Ό,30Ξ‘γ,‚»‚Μ‘Ό,{ω‚µ‚½
ή“,©“]Τ“,•PH,•PH‰w‘O,282014,•ΊΙ§,•PHs,‹v•Ϋ’¬,2021[sanitize]12[sanitize]29,20,κΛZ‘ξ,’“Τi—Φjκ,20Ξ‘γ,‚»‚Μ‘Ό,{ω‚Ή‚Έ
ή“,©“]Τ“,•PH,•PH‰w‘O,282014,•ΊΙ§,•PHs,“¤•…’¬,2022[sanitize]06[sanitize]26,18,‚»‚Μ‘Ό,’“Τi—Φjκ,20Ξ‘γ,‘εw¶,{ω‚Ή‚Έ
ή“,©“]Τ“,•PH,•PH‰w‘O,282014,•ΊΙ§,•PHs,“¤•…’¬,2022[sanitize]09[sanitize]05,10,‚»‚Μ‘Ό,’“Τi—Φjκ,30Ξ‘γ,‚»‚Μ‘Ό,{ω‚Ή‚Έ
ή“,©“]Τ“,•PH,•PH‰w‘O,282014,•ΊΙ§,•PHs,“¤•…’¬,2022[sanitize]11[sanitize]06,14,’“Τi—Φjκ,’“Τi—Φjκ,10Ξ‘γ,‚Z¶,{ω‚Ή‚Έ
ή“,©“]Τ“,•PH,•PH‰w‘O,282014,•ΊΙ§,•PHs,“¤•…’¬,2022[sanitize]11[sanitize]18,10,’“Τi—Φjκ,’“Τi—Φjκ,10Ξ‘γ,‚Z¶,{ω‚Ή‚Έ
ή“,©“]Τ“,•PH,•PH‰w‘O,282014,•ΊΙ§,•PHs,“’Òδ‚S’–Ϊ,2022[sanitize]10[sanitize]20,23,‚SK‚ΔΘγ‹¤“―Z‘ξ,’“Τi—Φjκ,10Ξ‘γ,‘εw¶,{ω‚µ‚½
ή“,©“]Τ“,•PH,•PH‰w‘O,282014,•ΊΙ§,•PHs,“μ‰w‘O’¬,2022[sanitize]09[sanitize]25,09,’“Τi—Φjκ,’“Τi—Φjκ,10Ξ‘γ,‚»‚Μ‘Ό,{ω‚Ή‚Έ
ή“,©“]Τ“,•PH,•PH‰w‘O,282014,•ΊΙ§,•PHs,“μ‰w‘O’¬,2022[sanitize]09[sanitize]25,09,’“Τi—Φjκ,’“Τi—Φjκ,20Ξ‘γ,‚»‚Μ‘Ό,{ω‚Ή‚Έ
ή“,©“]Τ“,•PH,•PH‰w‘O,282014,•ΊΙ§,•PHs,“μ’¬,2022[sanitize]01[sanitize]26,08,‚»‚Μ‘Ό,’“Τi—Φjκ,50Ξ‘γ,‚»‚Μ‘Ό,{ω‚µ‚½
ή“,©“]Τ“,•PH,•PH‰w‘O,282014,•ΊΙ§,•PHs,“μ’¬,2022[sanitize]01[sanitize]27,08,“ΉHγ,‚»‚Μ‘Ό,20Ξ‘γ,‚»‚Μ‘Ό,{ω‚µ‚½
ή“,©“]Τ“,•PH,•PH‰w‘O,282014,•ΊΙ§,•PHs,“μ’¬,2022[sanitize]03[sanitize]11,18,’“Τi—Φjκ,’“Τi—Φjκ,50Ξ‘γ,‚»‚Μ‘Ό,{ω‚Ή‚Έ
ή“,©“]Τ“,•PH,•PH‰w‘O,282014,•ΊΙ§,•PHs,“μ’¬,2022[sanitize]04[sanitize]04,19,‚»‚Μ‘Ό,’“Τi—Φjκ,30Ξ‘γ,‚»‚Μ‘Ό,{ω‚µ‚½
ή“,©“]Τ“,•PH,•PH‰w‘O,282014,•ΊΙ§,•PHs,“μ’¬,2022[sanitize]05[sanitize]03,18,‚»‚Μ‘Ό,’“Τi—Φjκ,50Ξ‘γ,‚»‚Μ‘Ό,{ω‚Ή‚Έ
ή“,©“]Τ“,•PH,•PH‰w‘O,282014,•ΊΙ§,•PHs,“μ’¬,2022[sanitize]05[sanitize]17,22,“ΉHγ,‚»‚Μ‘Ό,10Ξ‘γ,‘εw¶,{ω‚Ή‚Έ
ή“,©“]Τ“,•PH,•PH‰w‘O,282014,•ΊΙ§,•PHs,“μ’¬,2022[sanitize]05[sanitize]22,19,“ΉHγ,‚»‚Μ‘Ό,50Ξ‘γ,‚»‚Μ‘Ό,{ω‚µ‚½
ή“,©“]Τ“,•PH,•PH‰w‘O,282014,•ΊΙ§,•PHs,“μ’¬,2022[sanitize]06[sanitize]07,16,‚»‚Μ‘Ό,’“Τi—Φjκ,10Ξ‘γ,‚Z¶,{ω‚Ή‚Έ
ή“,©“]Τ“,•PH,•PH‰w‘O,282014,•ΊΙ§,•PHs,“μ’¬,2022[sanitize]07[sanitize]27,14,“ΉHγ,‚»‚Μ‘Ό,10Ξ‘γ,‘εw¶,{ω‚Ή‚Έ
ή“,©“]Τ“,•PH,•PH‰w‘O,282014,•ΊΙ§,•PHs,“μ’¬,2022[sanitize]09[sanitize]11,15,‚»‚Μ‘Ό,‚»‚Μ‘Ό,70ΞΘγ,‚»‚Μ‘Ό,{ω‚µ‚½
ή“,©“]Τ“,•PH,•PH‰w‘O,282014,•ΊΙ§,•PHs,“μ’¬,2022[sanitize]10[sanitize]01,08,’“Τi—Φjκ,’“Τi—Φjκ,10Ξ‘γ,‘εw¶,{ω‚µ‚½
ή“,©“]Τ“,•PH,•PH‰w‘O,282014,•ΊΙ§,•PHs,“μ’¬,2022[sanitize]12[sanitize]19,17,“ΉHγ,‚»‚Μ‘Ό,20Ξ‘γ,‚»‚Μ‘Ό,{ω‚Ή‚Έ
ή“,©“]Τ“,•PH,•PH‰w‘O,282014,•ΊΙ§,•PHs,“μ’¬,2022[sanitize]12[sanitize]24,21,“ΉHγ,‚»‚Μ‘Ό,50Ξ‘γ,‚»‚Μ‘Ό,{ω‚µ‚½
ή“,©“]Τ“,•PH,•PH‰w‘O,282014,•ΊΙ§,•PHs,–Θ’¬,2022[sanitize]09[sanitize]27,19,’“Τi—Φjκ,’“Τi—Φjκ,10Ξ‘γ,‚Z¶,{ω‚µ‚½
ή“,©“]Τ“,•PH,•PH‰w‘O,282014,•ΊΙ§,•PHs,Ό‰w‘O’¬,2022[sanitize]04[sanitize]08,07,‚»‚Μ‘Ό,’“Τi—Φjκ,10Ξ‘γ,‚Z¶,{ω‚Ή‚Έ
ή“,©“]Τ“,•PH,•PH‰w‘O,282014,•ΊΙ§,•PHs,Ό‰w‘O’¬,2022[sanitize]04[sanitize]19,07,‚»‚Μ‘Ό,’“Τi—Φjκ,10Ξ‘γ,‘εw¶,{ω‚Ή‚Έ
ή“,©“]Τ“,•PH,•PH‰w‘O,282014,•ΊΙ§,•PHs,Ό‰w‘O’¬,2022[sanitize]06[sanitize]05,01,“ΉHγ,‚»‚Μ‘Ό,20Ξ‘γ,‚»‚Μ‘Ό,{ω‚Ή‚Έ
ή“,©“]Τ“,•PH,•PH‰w‘O,282014,•ΊΙ§,•PHs,Ό‰w‘O’¬,2022[sanitize]07[sanitize]01,16,’“Τi—Φjκ,’“Τi—Φjκ,10Ξ‘γ,‚»‚Μ‘Ό,{ω‚Ή‚Έ
ή“,©“]Τ“,•PH,•PH‰w‘O,282014,•ΊΙ§,•PHs,Ό‰w‘O’¬,2022[sanitize]07[sanitize]12,14,’“Τi—Φjκ,’“Τi—Φjκ,70ΞΘγ,‚»‚Μ‘Ό,{ω‚Ή‚Έ
ή“,©“]Τ“,•PH,•PH‰w‘O,282014,•ΊΙ§,•PHs,Ό‰w‘O’¬,2022[sanitize]10[sanitize]31,11,’“Τi—Φjκ,’“Τi—Φjκ,20Ξ‘γ,‚»‚Μ‘Ό,{ω‚Ή‚Έ
ή“,©“]Τ“,•PH,•PH‰w‘O,282014,•ΊΙ§,•PHs,“‰w‘O’¬,2022[sanitize]04[sanitize]20,13,“ΉHγ,‚»‚Μ‘Ό,30Ξ‘γ,‚»‚Μ‘Ό,{ω‚Ή‚Έ
ή“,©“]Τ“,•PH,•PH‰w‘O,282014,•ΊΙ§,•PHs,“‰w‘O’¬,2022[sanitize]06[sanitize]14,18,‚SK‚ΔΘγ‹¤“―Z‘ξ,’“Τi—Φjκ,20Ξ‘γ,‚»‚Μ‘Ό,{ω‚µ‚½
ή“,©“]Τ“,•PH,•PH‰w‘O,282014,•ΊΙ§,•PHs,“‰w‘O’¬,2022[sanitize]08[sanitize]05,10,’“Τi—Φjκ,’“Τi—Φjκ,60[sanitize]64Ξ,‚»‚Μ‘Ό,{ω‚Ή‚Έ
ή“,©“]Τ“,•PH,•PH‰w‘O,282014,•ΊΙ§,•PHs,“‰w‘O’¬,2022[sanitize]08[sanitize]19,21,‚»‚Μ‘Ό,’“Τi—Φjκ,20Ξ‘γ,‚»‚Μ‘Ό,{ω‚Ή‚Έ
ή“,©“]Τ“,•PH,•PH‰w‘O,282014,•ΊΙ§,•PHs,“‰w‘O’¬,2022[sanitize]09[sanitize]29,16,‚»‚Μ‘Ό,’“Τi—Φjκ,10Ξ‘γ,’†w¶,{ω‚Ή‚Έ
ή“,©“]Τ“,•PH,•PH‰w‘O,282014,•ΊΙ§,•PHs,ΒR–k‚P’–Ϊ,2022[sanitize]12[sanitize]16,18,’“Τi—Φjκ,’“Τi—Φjκ,20Ξ‘γ,‚»‚Μ‘Ό,{ω‚Ή‚Έ
ή“,©“]Τ“,•PH,•PH‰w‘O,282014,•ΊΙ§,•PHs,O¶‰q–ε–x“‚Μ’¬,2022[sanitize]10[sanitize]21,16,‚»‚Μ‘Ό‚ΜZ‘ξi‚RK‚ΔΘ‰Ί‹¤“―Z‘ξ“™j,’“Τi—Φjκ,10Ξ‘γ,‘εw¶,{ω‚Ή‚Έ
ή“,©“]Τ“,•PH,•PH‰w‘O,282014,•ΊΙ§,•PHs,›’¬aϋ,2022[sanitize]11[sanitize]07,08,’“Τi—Φjκ,’“Τi—Φjκ,20Ξ‘γ,‚»‚Μ‘Ό,{ω‚Ή‚Έ
ή“,©“]Τ“,•PH,•PH‰w“μ,282014,•ΊΙ§,•PHs,Ά•Ϋ,2022[sanitize]06[sanitize]25,18,‚»‚Μ‘Ό,’“Τi—Φjκ,20Ξ‘γ,‚»‚Μ‘Ό,{ω‚Ή‚Έ
ή“,©“]Τ“,•PH,•PH‰w“μ,282014,•ΊΙ§,•PHs,Ά•Ϋ,2022[sanitize]07[sanitize]15,17,κΛZ‘ξ,’“Τi—Φjκ,10Ξ‘γ,’†w¶,{ω‚Ή‚Έ
ή“,©“]Τ“,•PH,•PH‰w“μ,282014,•ΊΙ§,•PHs,Ά•Ϋ,2022[sanitize]09[sanitize]04,16,‚»‚Μ‘Ό‚ΜZ‘ξi‚RK‚ΔΘ‰Ί‹¤“―Z‘ξ“™j,’“Τi—Φjκ,10Ξ‘γ,‘εw¶,{ω‚Ή‚Έ
ή“,©“]Τ“,•PH,•PH‰w“μ,282014,•ΊΙ§,•PHs,Ά•Ϋ,2022[sanitize]11[sanitize]23,14,‚»‚Μ‘Ό,’“Τi—Φjκ,20Ξ‘γ,‚»‚Μ‘Ό,{ω‚Ή‚Έ
ή“,©“]Τ“,•PH,•PH‰w“μ,282014,•ΊΙ§,•PHs,Ά•Ϋ,2022[sanitize]12[sanitize]15,15,‚»‚Μ‘Ό‚ΜZ‘ξi‚RK‚ΔΘ‰Ί‹¤“―Z‘ξ“™j,’“Τi—Φjκ,10Ξ‘γ,¬w¶,{ω‚Ή‚Έ
ή“,©“]Τ“,•PH,•PH‰w“μ,282014,•ΊΙ§,•PHs,―“c,2022[sanitize]06[sanitize]07,18,“ΉHγ,‚»‚Μ‘Ό,70ΞΘγ,‚»‚Μ‘Ό,{ω‚Ή‚Έ
ή“,©“]Τ“,•PH,•PH‰w“μ,282014,•ΊΙ§,•PHs,―“c,2022[sanitize]07[sanitize]31,13,κΛZ‘ξ,’“Τi—Φjκ,70ΞΘγ,‚»‚Μ‘Ό,{ω‚Ή‚Έ
ή“,©“]Τ“,•PH,•PH‰w“μ,282014,•ΊΙ§,•PHs,’Ο’¬,2022[sanitize]07[sanitize]19,11,‚»‚Μ‘Ό,’“Τi—Φjκ,40Ξ‘γ,‚»‚Μ‘Ό,{ω‚Ή‚Έ
ή“,©“]Τ“,•PH,•PH‰w“μ,282014,•ΊΙ§,•PHs,–L‘ς’¬,•s–Ύ,•s–Ύ,‚»‚Μ‘Ό,’“Τi—Φjκ,60[sanitize]64Ξ,‚»‚Μ‘Ό,{ω‚Ή‚Έ
ή“,©“]Τ“,•PH,•PH‰w“μ,282014,•ΊΙ§,•PHs,“μ¤’¬,2022[sanitize]03[sanitize]17,07,κΛZ‘ξ,’“Τi—Φjκ,10Ξ‘γ,‚Z¶,{ω‚Ή‚Έ
ή“,©“]Τ“,•PH,•PH‰w“μ,282014,•ΊΙ§,•PHs,“μ¤’¬,2022[sanitize]10[sanitize]25,18,‚»‚Μ‘Ό,’“Τi—Φjκ,10Ξ‘γ,‚Z¶,{ω‚Ή‚Έ
ή“,©“]Τ“,•PH,•PH‰w“μ,282014,•ΊΙ§,•PHs,“μ¤’¬‚P’–Ϊ,2022[sanitize]04[sanitize]17,13,‚SK‚ΔΘγ‹¤“―Z‘ξ,’“Τi—Φjκ,10Ξ‘γ,‚Z¶,{ω‚µ‚½
ή“,©“]Τ“,•PH,•PH‰w“μ,282014,•ΊΙ§,•PHs,“μ¤’¬‚P’–Ϊ,2022[sanitize]07[sanitize]06,13,’“Τi—Φjκ,’“Τi—Φjκ,10Ξ‘γ,‘εw¶,{ω‚Ή‚Έ
ή“,©“]Τ“,•PH,•PH‰w“μ,282014,•ΊΙ§,•PHs,“μ¤’¬‚P’–Ϊ,2022[sanitize]07[sanitize]18,15,‚»‚Μ‘Ό,‚»‚Μ‘Ό,20Ξ‘γ,‚»‚Μ‘Ό,{ω‚Ή‚Έ
ή“,©“]Τ“,•PH,•PH‰w“μ,282014,•ΊΙ§,•PHs,“μ¤’¬‚P’–Ϊ,2022[sanitize]09[sanitize]11,14,’“Τi—Φjκ,’“Τi—Φjκ,10Ξ‘γ,’†w¶,{ω‚Ή‚Έ
ή“,©“]Τ“,•PH,•PH‰w“μ,282014,•ΊΙ§,•PHs,“μ¤’¬‚Q’–Ϊ,2022[sanitize]11[sanitize]04,09,‚»‚Μ‘Ό‚ΜZ‘ξi‚RK‚ΔΘ‰Ί‹¤“―Z‘ξ“™j,’“Τi—Φjκ,10Ξ‘γ,‚»‚Μ‘Ό,{ω‚µ‚½
ή“,©“]Τ“,•PH,•PH‰w“μ,282014,•ΊΙ§,•PHs,–kπ,2022[sanitize]03[sanitize]21,17,‚SK‚ΔΘγ‹¤“―Z‘ξ,’“Τi—Φjκ,20Ξ‘γ,‚»‚Μ‘Ό,{ω‚Ή‚Έ
ή“,©“]Τ“,•PH,•PH‰w“μ,282014,•ΊΙ§,•PHs,–kπ,2022[sanitize]06[sanitize]18,15,‚»‚Μ‘Ό,‚»‚Μ‘Ό,10Ξ‘γ,’†w¶,{ω‚Ή‚Έ
ή“,©“]Τ“,•PH,•PH‰w“μ,282014,•ΊΙ§,•PHs,–kπ,2022[sanitize]08[sanitize]01,13,‚SK‚ΔΘγ‹¤“―Z‘ξ,’“Τi—Φjκ,40Ξ‘γ,‚»‚Μ‘Ό,{ω‚µ‚½
ή“,©“]Τ“,•PH,•PH‰w“μ,282014,•ΊΙ§,•PHs,–kπ‚P’–Ϊ,2022[sanitize]07[sanitize]08,22,κΛZ‘ξ,‚»‚Μ‘Ό,10Ξ‘γ,’†w¶,{ω‚Ή‚Έ
ή“,©“]Τ“,•PH,•PH‰w“μ,282014,•ΊΙ§,•PHs,–kπ‚P’–Ϊ,2022[sanitize]09[sanitize]28,19,‚SK‚ΔΘγ‹¤“―Z‘ξ,’“Τi—Φjκ,10Ξ‘γ,‚Z¶,{ω‚Ή‚Έ
ή“,©“]Τ“,•PH,•PH‰w“μ,282014,•ΊΙ§,•PHs,–kπ‚P’–Ϊ,2022[sanitize]11[sanitize]12,17,‚»‚Μ‘Ό,’“Τi—Φjκ,20Ξ‘γ,‚»‚Μ‘Ό,{ω‚Ή‚Έ
ή“,©“]Τ“,•PH,•PH‰w“μ,282014,•ΊΙ§,•PHs,“μ‰w‘O’¬,2021[sanitize]12[sanitize]27,08,“ΉHγ,‚»‚Μ‘Ό,20Ξ‘γ,‚»‚Μ‘Ό,{ω‚µ‚½
ή“,©“]Τ“,•PH,•PH‰w“μ,282014,•ΊΙ§,•PHs,“μ‰w‘O’¬,2022[sanitize]01[sanitize]21,06,’“Τi—Φjκ,’“Τi—Φjκ,20Ξ‘γ,‚»‚Μ‘Ό,{ω‚Ή‚Έ
ή“,©“]Τ“,•PH,•PH‰w“μ,282014,•ΊΙ§,•PHs,“μ‰w‘O’¬,2022[sanitize]05[sanitize]04,11,’“Τi—Φjκ,’“Τi—Φjκ,20Ξ‘γ,‘εw¶,{ω‚Ή‚Έ
ή“,©“]Τ“,•PH,•PH‰w“μ,282014,•ΊΙ§,•PHs,“μ‰w‘O’¬,2022[sanitize]05[sanitize]29,10,‚»‚Μ‘Ό,’“Τi—Φjκ,20Ξ‘γ,‚»‚Μ‘Ό,{ω‚Ή‚Έ
ή“,©“]Τ“,•PH,•PH‰w“μ,282014,•ΊΙ§,•PHs,“μ‰w‘O’¬,2022[sanitize]06[sanitize]01,00,’“Τi—Φjκ,’“Τi—Φjκ,20Ξ‘γ,‚»‚Μ‘Ό,{ω‚Ή‚Έ
ή“,©“]Τ“,•PH,•PH‰w“μ,282014,•ΊΙ§,•PHs,“μ‰w‘O’¬,2022[sanitize]07[sanitize]02,14,‚»‚Μ‘Ό,’“Τi—Φjκ,10Ξ‘γ,’†w¶,{ω‚Ή‚Έ
ή“,©“]Τ“,•PH,•PH‰w“μ,282014,•ΊΙ§,•PHs,“μ‰w‘O’¬,2022[sanitize]08[sanitize]19,08,’“Τi—Φjκ,’“Τi—Φjκ,20Ξ‘γ,‚»‚Μ‘Ό,{ω‚µ‚½
ή“,©“]Τ“,•PH,•PH‰w“μ,282014,•ΊΙ§,•PHs,“μ‰w‘O’¬,2022[sanitize]12[sanitize]13,18,“ΉHγ,‚»‚Μ‘Ό,10Ξ‘γ,‚Z¶,{ω‚Ή‚Έ
ή“,©“]Τ“,•PH,•PH‰w“μ,282014,•ΊΙ§,•PHs,“μ‰w‘O’¬,2022[sanitize]12[sanitize]20,18,’“Τi—Φjκ,’“Τi—Φjκ,20Ξ‘γ,‘εw¶,{ω‚Ή‚Έ
ή“,©“]Τ“,•PH,•PH‰w“μ,282014,•ΊΙ§,•PHs,“μ’¬,2022[sanitize]06[sanitize]07,17,“ΉHγ,‚»‚Μ‘Ό,50Ξ‘γ,‚»‚Μ‘Ό,{ω‚Ή‚Έ
ή“,©“]Τ“,•PH,•PH‰w“μ,282014,•ΊΙ§,•PHs,“μ’¬,2022[sanitize]07[sanitize]17,17,“ΉHγ,‚»‚Μ‘Ό,50Ξ‘γ,‚»‚Μ‘Ό,{ω‚µ‚½
ή“,©“]Τ“,•PH,•PH‰w“μ,282014,•ΊΙ§,•PHs,ΐ“c‚S’–Ϊ,2022[sanitize]06[sanitize]10,10,‚»‚Μ‘Ό,’“Τi—Φjκ,60[sanitize]64Ξ,‚»‚Μ‘Ό,{ω‚Ή‚Έ
ή“,©“]Τ“,•PH,•PH‰w“μ,282014,•ΊΙ§,•PHs,ΐ“c‚S’–Ϊ,2022[sanitize]11[sanitize]25,08,‚»‚Μ‘Ό,’“Τi—Φjκ,30Ξ‘γ,‚»‚Μ‘Ό,{ω‚Ή‚Έ
ή“,©“]Τ“,•PH,•PH‰w“μ,282014,•ΊΙ§,•PHs,–kπ”~΄’¬,2022[sanitize]08[sanitize]22,17,‚»‚Μ‘Ό‚ΜZ‘ξi‚RK‚ΔΘ‰Ί‹¤“―Z‘ξ“™j,’“Τi—Φjκ,30Ξ‘γ,‚»‚Μ‘Ό,{ω‚µ‚½
ή“,©“]Τ“,•PH,•PH‰w“μ,282014,•ΊΙ§,•PHs,O¶‰q–ε–xΌ‚Μ’¬,2022[sanitize]06[sanitize]02,07,‚»‚Μ‘Ό‚ΜZ‘ξi‚RK‚ΔΘ‰Ί‹¤“―Z‘ξ“™j,’“Τi—Φjκ,20Ξ‘γ,‚»‚Μ‘Ό,{ω‚Ή‚Έ
ή“,©“]Τ“,•PH,•PH‰w“μ,282014,•ΊΙ§,•PHs,O¶‰q–ε–xΌ‚Μ’¬,2022[sanitize]07[sanitize]01,07,‚»‚Μ‘Ό,’“Τi—Φjκ,50Ξ‘γ,‚»‚Μ‘Ό,{ω‚Ή‚Έ
ή“,©“]Τ“,•PH,•PH‰w“μ,282014,•ΊΙ§,•PHs,O¶‰q–ε–x“‚Μ’¬,2022[sanitize]07[sanitize]10,18,‚»‚Μ‘Ό,’“Τi—Φjκ,30Ξ‘γ,‚»‚Μ‘Ό,{ω‚Ή‚Έ
ή“,©“]Τ“,•PH,•PH‰w“μ,282014,•ΊΙ§,•PHs,O¶‰q–ε–x“‚Μ’¬,2022[sanitize]10[sanitize]05,12,‚»‚Μ‘Ό‚ΜZ‘ξi‚RK‚ΔΘ‰Ί‹¤“―Z‘ξ“™j,’“Τi—Φjκ,20Ξ‘γ,‘εw¶,{ω‚Ή‚Έ
ή“,©“]Τ“,•PH,•PH‰w“μ,282014,•ΊΙ§,•PHs,O¶‰q–ε–x“‚Μ’¬,2022[sanitize]11[sanitize]06,22,‚SK‚ΔΘγ‹¤“―Z‘ξ,’“Τi—Φjκ,20Ξ‘γ,‚»‚Μ‘Ό,{ω‚Ή‚Έ
ή“,©“]Τ“,•PH,•PH‰w“μ,282014,•ΊΙ§,•PHs,–kπ‹{‚Μ’¬,2022[sanitize]05[sanitize]23,09,‚»‚Μ‘Ό,’“Τi—Φjκ,10Ξ‘γ,‚»‚Μ‘Ό,{ω‚µ‚½
ή“,©“]Τ“,•PH,ΐu,282014,•ΊΙ§,•PHs,ΐ•x’¬ΐu,2022[sanitize]06[sanitize]11,09,’“Τi—Φjκ,’“Τi—Φjκ,10Ξ‘γ,‚Z¶,{ω‚Ή‚Έ
ή“,©“]Τ“,•PH,ΐu,282014,•ΊΙ§,•PHs,ΐ•x’¬ΐu,2022[sanitize]07[sanitize]07,09,’“Τi—Φjκ,’“Τi—Φjκ,10Ξ‘γ,‚Z¶,{ω‚Ή‚Έ
ή“,©“]Τ“,•PH,ΐu,282014,•ΊΙ§,•PHs,ΐ•x’¬ΐu,2022[sanitize]07[sanitize]09,05,‚»‚Μ‘Ό‚ΜZ‘ξi‚RK‚ΔΘ‰Ί‹¤“―Z‘ξ“™j,’“Τi—Φjκ,10Ξ‘γ,‚Z¶,{ω‚Ή‚Έ
ή“,©“]Τ“,•PH,ΐu,282014,•ΊΙ§,•PHs,ΐ•x’¬ΐu,2022[sanitize]12[sanitize]23,13,κΛZ‘ξ,‚»‚Μ‘Ό,70ΞΘγ,‚»‚Μ‘Ό,{ω‚µ‚½
ή“,©“]Τ“,•PH,R“c,282014,•ΊΙ§,•PHs,R“c’¬ΌR“c,2022[sanitize]04[sanitize]24,10,κΛZ‘ξ,’“Τi—Φjκ,10Ξ‘γ,’†w¶,{ω‚Ή‚Έ
ή“,©“]Τ“,•PH,‰ª’¬,282014,•ΊΙ§,•PHs,—’R’¬,2022[sanitize]01[sanitize]12,22,‚SK‚ΔΘγ‹¤“―Z‘ξ,’“Τi—Φjκ,30Ξ‘γ,‚»‚Μ‘Ό,{ω‚µ‚½
ή“,©“]Τ“,•PH,‰ª’¬,282014,•ΊΙ§,•PHs,`R•,2022[sanitize]06[sanitize]10,14,‚»‚Μ‘Ό‚ΜZ‘ξi‚RK‚ΔΘ‰Ί‹¤“―Z‘ξ“™j,’“Τi—Φjκ,70ΞΘγ,‚»‚Μ‘Ό,{ω‚µ‚½
ή“,©“]Τ“,•PH,‰ª’¬,282014,•ΊΙ§,•PHs,“’Òδ‚S’–Ϊ,2020[sanitize]10[sanitize]31,11,‚SK‚ΔΘγ‹¤“―Z‘ξ,’“Τi—Φjκ,10Ξ‘γ,¬w¶,{ω‚Ή‚Έ
ή“,©“]Τ“,•PH,‰ª’¬,282014,•ΊΙ§,•PHs,‘D‹u’¬,2022[sanitize]08[sanitize]19,20,‚SK‚ΔΘγ‹¤“―Z‘ξ,’“Τi—Φjκ,20Ξ‘γ,‘εw¶,{ω‚Ή‚Έ
ή“,©“]Τ“,•PH,‘Κ,282014,•ΊΙ§,•PHs,‘Κ,2022[sanitize]02[sanitize]20,18,κΛZ‘ξ,’“Τi—Φjκ,10Ξ‘γ,‚Z¶,{ω‚µ‚½
ή“,©“]Τ“,•PH,‘Κ,282014,•ΊΙ§,•PHs,‘Κ,2022[sanitize]06[sanitize]10,21,‚SK‚ΔΘγ‹¤“―Z‘ξ,’“Τi—Φjκ,10Ξ‘γ,’†w¶,{ω‚Ή‚Έ
ή“,©“]Τ“,•PH,‘Κ,282014,•ΊΙ§,•PHs,‘Κ,2022[sanitize]06[sanitize]11,07,‚SK‚ΔΘγ‹¤“―Z‘ξ,’“Τi—Φjκ,10Ξ‘γ,’†w¶,{ω‚Ή‚Έ
ή“,©“]Τ“,•PH,‘Κ,282014,•ΊΙ§,•PHs,‘Κ,2022[sanitize]09[sanitize]07,17,‚»‚Μ‘Ό‚ΜZ‘ξi‚RK‚ΔΘ‰Ί‹¤“―Z‘ξ“™j,’“Τi—Φjκ,20Ξ‘γ,‘εw¶,{ω‚Ή‚Έ
ή“,©“]Τ“,•PH,‘Κ,282014,•ΊΙ§,•PHs,‘Κ,2022[sanitize]09[sanitize]13,19,‚SK‚ΔΘγ‹¤“―Z‘ξ,‚»‚Μ‘Ό,10Ξ‘γ,’†w¶,{ω‚Ή‚Έ
ή“,©“]Τ“,•PH,‘Κ,282014,•ΊΙ§,•PHs,‘Κ,2022[sanitize]10[sanitize]21,17,‚»‚Μ‘Ό,’“Τi—Φjκ,20Ξ‘γ,‘εw¶,{ω‚µ‚½
ή“,©“]Τ“,•PH,‘Κ,282014,•ΊΙ§,•PHs,‘Κ,2022[sanitize]12[sanitize]06,13,‚»‚Μ‘Ό,’“Τi—Φjκ,20Ξ‘γ,‘εw¶,{ω‚Ή‚Έ
ή“,©“]Τ“,•PH,‘Κ,282014,•ΊΙ§,•PHs,›¶‘δ,2022[sanitize]09[sanitize]12,16,‚SK‚ΔΘγ‹¤“―Z‘ξ,’“Τi—Φjκ,20Ξ‘γ,‚»‚Μ‘Ό,{ω‚Ή‚Έ
ή“,©“]Τ“,•PH,‘Κ,282014,•ΊΙ§,•PHs,–{’¬,2022[sanitize]12[sanitize]28,15,‚»‚Μ‘Ό,‚»‚Μ‘Ό,10Ξ‘γ,‘εw¶,{ω‚Ή‚Έ
ή“,©“]Τ“,•PH,“c›,282014,•ΊΙ§,•PHs,“c›‚P’–Ϊ,2022[sanitize]07[sanitize]08,06,κΛZ‘ξ,’“Τi—Φjκ,30Ξ‘γ,‚»‚Μ‘Ό,{ω‚Ή‚Έ
ή“,©“]Τ“,•PH,“c›,282014,•ΊΙ§,•PHs,“c›‚P’–Ϊ,2022[sanitize]07[sanitize]17,17,‚SK‚ΔΘγ‹¤“―Z‘ξ,’“Τi—Φjκ,10Ξ‘γ,‘εw¶,{ω‚Ή‚Έ
ή“,©“]Τ“,•PH,“c›,282014,•ΊΙ§,•PHs,“c›‚W’–Ϊ,2022[sanitize]01[sanitize]14,12,κΛZ‘ξ,’“Τi—Φjκ,10Ξ‘γ,‚Z¶,{ω‚Ή‚Έ
ή“,©“]Τ“,•PH,“c›,282014,•ΊΙ§,•PHs,’Òδ‚T’–Ϊ,2022[sanitize]12[sanitize]02,17,‚»‚Μ‘Ό‚ΜZ‘ξi‚RK‚ΔΘ‰Ί‹¤“―Z‘ξ“™j,’“Τi—Φjκ,10Ξ‘γ,‘εw¶,{ω‚Ή‚Έ
ή“,©“]Τ“,•PH,“c›,282014,•ΊΙ§,•PHs,“’Òδ‚P’–Ϊ,2022[sanitize]06[sanitize]25,10,‚SK‚ΔΘγ‹¤“―Z‘ξ,’“Τi—Φjκ,10Ξ‘γ,’†w¶,{ω‚µ‚½
ή“,©“]Τ“,•PH,“c›,282014,•ΊΙ§,•PHs,“’Òδ‚R’–Ϊ,2022[sanitize]06[sanitize]12,16,‚SK‚ΔΘγ‹¤“―Z‘ξ,’“Τi—Φjκ,10Ξ‘γ,’†w¶,{ω‚Ή‚Έ
ή“,©“]Τ“,•PH,“c›,282014,•ΊΙ§,•PHs,δ—§’†‚P’–Ϊ,2022[sanitize]08[sanitize]16,14,‚SK‚ΔΘγ‹¤“―Z‘ξ,’“Τi—Φjκ,20Ξ‘γ,‘εw¶,{ω‚µ‚½
ή“,©“]Τ“,•PH,“c›,282014,•ΊΙ§,•PHs,δ—§’†‚Q’–Ϊ,2022[sanitize]06[sanitize]18,18,‚»‚Μ‘Ό‚ΜZ‘ξi‚RK‚ΔΘ‰Ί‹¤“―Z‘ξ“™j,’“Τi—Φjκ,60[sanitize]64Ξ,‚»‚Μ‘Ό,{ω‚Ή‚Έ
ή“,©“]Τ“,•PH,“c›,282014,•ΊΙ§,•PHs,δ—§’†‚R’–Ϊ,2022[sanitize]01[sanitize]15,09,‚SK‚ΔΘγ‹¤“―Z‘ξ,’“Τi—Φjκ,20Ξ‘γ,‘εw¶,{ω‚µ‚½
ή“,©“]Τ“,•PH,“c›,282014,•ΊΙ§,•PHs,δ—§’†‚U’–Ϊ,2022[sanitize]09[sanitize]04,20,‚»‚Μ‘Ό‚ΜZ‘ξi‚RK‚ΔΘ‰Ί‹¤“―Z‘ξ“™j,’“Τi—Φjκ,10Ξ‘γ,‚Z¶,{ω‚Ή‚Έ
ή“,©“]Τ“,•PH,“c›,282014,•ΊΙ§,•PHs,δ—§’†‚V’–Ϊ,2022[sanitize]06[sanitize]16,15,κΛZ‘ξ,’“Τi—Φjκ,10Ξ‘γ,‚Z¶,{ω‚Ή‚Έ
ή“,©“]Τ“,•PH,“c›,282014,•ΊΙ§,•PHs,δ—§’†‚V’–Ϊ,2022[sanitize]12[sanitize]12,13,‚»‚Μ‘Ό‚ΜZ‘ξi‚RK‚ΔΘ‰Ί‹¤“―Z‘ξ“™j,’“Τi—Φjκ,10Ξ‘γ,‘εw¶,{ω‚Ή‚Έ
ή“,©“]Τ“,•PH,“c›,282014,•ΊΙ§,•PHs,δ—§Ό‚S’–Ϊ,2022[sanitize]09[sanitize]04,12,‚»‚Μ‘Ό,’“Τi—Φjκ,30Ξ‘γ,‚»‚Μ‘Ό,{ω‚µ‚½
ή“,©“]Τ“,•PH,_“c,282014,•ΊΙ§,•PHs,_“c’¬‚S’–Ϊ,2022[sanitize]11[sanitize]07,17,‚SK‚ΔΘγ‹¤“―Z‘ξ,’“Τi—Φjκ,30Ξ‘γ,‚»‚Μ‘Ό,{ω‚µ‚½
ή“,©“]Τ“,•PH,_“c,282014,•ΊΙ§,•PHs,η‘γ“c’¬,2022[sanitize]05[sanitize]31,20,‚SK‚ΔΘγ‹¤“―Z‘ξ,’“Τi—Φjκ,20Ξ‘γ,‚»‚Μ‘Ό,{ω‚Ή‚Έ
ή“,©“]Τ“,•PH,_“c,282014,•ΊΙ§,•PHs,“yR‚R’–Ϊ,2022[sanitize]03[sanitize]03,16,‚»‚Μ‘Ό,’“Τi—Φjκ,20Ξ‘γ,‚»‚Μ‘Ό,{ω‚Ή‚Έ
ή“,©“]Τ“,•PH,_“c,282014,•ΊΙ§,•PHs,“yR‚R’–Ϊ,2022[sanitize]05[sanitize]27,20,‚»‚Μ‘Ό‚ΜZ‘ξi‚RK‚ΔΘ‰Ί‹¤“―Z‘ξ“™j,’“Τi—Φjκ,60[sanitize]64Ξ,‚»‚Μ‘Ό,{ω‚Ή‚Έ
ή“,©“]Τ“,•PH,_“c,282014,•ΊΙ§,•PHs,“yR‚R’–Ϊ,2022[sanitize]06[sanitize]03,18,‚»‚Μ‘Ό,’“Τi—Φjκ,40Ξ‘γ,‚»‚Μ‘Ό,{ω‚Ή‚Έ
ή“,©“]Τ“,•PH,_“c,282014,•ΊΙ§,•PHs,“yR‚R’–Ϊ,2022[sanitize]11[sanitize]02,11,‚SK‚ΔΘγ‹¤“―Z‘ξ,’“Τi—Φjκ,20Ξ‘γ,‚»‚Μ‘Ό,{ω‚µ‚½
ή“,©“]Τ“,•PH,_“c,282014,•ΊΙ§,•PHs,“μ¤’¬‚P’–Ϊ,2022[sanitize]11[sanitize]05,18,’“Τi—Φjκ,’“Τi—Φjκ,10Ξ‘γ,‚»‚Μ‘Ό,{ω‚Ή‚Έ
ή“,©“]Τ“,•PH,_“c,282014,•ΊΙ§,•PHs,‰Τ‰e’¬‚Q’–Ϊ,2022[sanitize]02[sanitize]27,14,‚SK‚ΔΘγ‹¤“―Z‘ξ,’“Τi—Φjκ,40Ξ‘γ,‚»‚Μ‘Ό,{ω‚Ή‚Έ
ή“,©“]Τ“,•PH,_“c,282014,•ΊΙ§,•PHs,‰Τ‰e’¬‚R’–Ϊ,2021[sanitize]12[sanitize]23,17,‚»‚Μ‘Ό‚ΜZ‘ξi‚RK‚ΔΘ‰Ί‹¤“―Z‘ξ“™j,’“Τi—Φjκ,20Ξ‘γ,‚»‚Μ‘Ό,{ω‚Ή‚Έ
ή“,©“]Τ“,•PH,_“c,282014,•ΊΙ§,•PHs,‘D‹΄’¬‚T’–Ϊ,2022[sanitize]11[sanitize]28,16,‚SK‚ΔΘγ‹¤“―Z‘ξ,’“Τi—Φjκ,40Ξ‘γ,‚»‚Μ‘Ό,{ω‚Ή‚Έ
ή“,©“]Τ“,•PH,_“c,282014,•ΊΙ§,•PHs,“μ΅h,2021[sanitize]10[sanitize]02,15,‚SK‚ΔΘγ‹¤“―Z‘ξ,’“Τi—Φjκ,30Ξ‘γ,‚»‚Μ‘Ό,{ω‚µ‚½
ή“,©“]Τ“,•PH,_“c,282014,•ΊΙ§,•PHs,“μΤθ‚P’–Ϊ,2022[sanitize]10[sanitize]27,18,’“Τi—Φjκ,’“Τi—Φjκ,20Ξ‘γ,‚»‚Μ‘Ό,{ω‚Ή‚Έ
ή“,©“]Τ“,•PH,‘D’Γ,282014,•ΊΙ§,•PHs,‹ϋ’¬,2022[sanitize]09[sanitize]12,22,‚»‚Μ‘Ό,’“Τi—Φjκ,10Ξ‘γ,‚Z¶,{ω‚Ή‚Έ
ή“,©“]Τ“,•PH,‰Τ“c,282014,•ΊΙ§,•PHs,‰Τ“c’¬κ–{Ό,2022[sanitize]09[sanitize]27,08,“ΉHγ,‚»‚Μ‘Ό,70ΞΘγ,‚»‚Μ‘Ό,{ω‚µ‚½
ή“,©“]Τ“,•PH,‰Τ“c,282014,•ΊΙ§,•PHs,‰Τ“c’¬¬μ,2022[sanitize]01[sanitize]28,15,‚»‚Μ‘Ό,‚»‚Μ‘Ό,10Ξ–Ά–,¬w¶,{ω‚Ή‚Έ
ή“,©“]Τ“,•PH,‰Τ“c,282014,•ΊΙ§,•PHs,‰Τ“c’¬’Ί|,2022[sanitize]04[sanitize]10,01,‚SK‚ΔΘγ‹¤“―Z‘ξ,’“Τi—Φjκ,30Ξ‘γ,‚»‚Μ‘Ό,{ω‚µ‚½
ή“,©“]Τ“,•PH,‰Τ“c,282014,•ΊΙ§,•PHs,‰Τ“c’¬’Ί|,2022[sanitize]06[sanitize]28,20,‚SK‚ΔΘγ‹¤“―Z‘ξ,’“Τi—Φjκ,10Ξ‘γ,’†w¶,{ω‚µ‚½
ή“,©“]Τ“,•PH,–L‘,282014,•ΊΙ§,•PHs,ό“’¬―,2022[sanitize]11[sanitize]12,00,κΛZ‘ξ,‚»‚Μ‘Ό,70ΞΘγ,‚»‚Μ‘Ό,{ω‚µ‚½
ή“,©“]Τ“,•PH,–μ—Ά,282014,•ΊΙ§,•PHs,Ι“`‹,2022[sanitize]07[sanitize]08,12,κΛZ‘ξ,’“Τi—Φjκ,10Ξ‘γ,’†w¶,{ω‚µ‚½
ή“,©“]Τ“,•PH,–μ—Ά,282014,•ΊΙ§,•PHs,Ι“`‹,2022[sanitize]08[sanitize]20,07,‚»‚Μ‘Ό‚ΜZ‘ξi‚RK‚ΔΘ‰Ί‹¤“―Z‘ξ“™j,’“Τi—Φjκ,20Ξ‘γ,‚»‚Μ‘Ό,{ω‚Ή‚Έ
ή“,©“]Τ“,•PH,–μ—Ά,282014,•ΊΙ§,•PHs,Ι“`‹,2022[sanitize]10[sanitize]21,23,‚SK‚ΔΘγ‹¤“―Z‘ξ,’“Τi—Φjκ,20Ξ‘γ,‚»‚Μ‘Ό,{ω‚µ‚½
ή“,©“]Τ“,•PH,–μ—Ά,282014,•ΊΙ§,•PHs,‘ε–μ’¬,2021[sanitize]12[sanitize]20,17,‚SK‚ΔΘγ‹¤“―Z‘ξ,‚»‚Μ‘Ό,70ΞΘγ,‚»‚Μ‘Ό,{ω‚µ‚½
ή“,©“]Τ“,•PH,–μ—Ά,282014,•ΊΙ§,•PHs,®’¬,2022[sanitize]02[sanitize]09,16,“ΉHγ,‚»‚Μ‘Ό,10Ξ‘γ,‚Z¶,{ω‚Ή‚Έ
ή“,©“]Τ“,•PH,–μ—Ά,282014,•ΊΙ§,•PHs,”’‘‚P’–Ϊ,2022[sanitize]11[sanitize]11,10,’“Τi—Φjκ,’“Τi—Φjκ,30Ξ‘γ,‚»‚Μ‘Ό,{ω‚µ‚½
ή“,©“]Τ“,•PH,–μ—Ά,282014,•ΊΙ§,•PHs,ι–kV’¬‚P’–Ϊ,2022[sanitize]07[sanitize]06,19,’“Τi—Φjκ,’“Τi—Φjκ,10Ξ‘γ,‘εw¶,{ω‚µ‚½
ή“,©“]Τ“,•PH,–μ—Ά,282014,•ΊΙ§,•PHs,ι–kV’¬‚Q’–Ϊ,2022[sanitize]05[sanitize]23,01,‚»‚Μ‘Ό‚ΜZ‘ξi‚RK‚ΔΘ‰Ί‹¤“―Z‘ξ“™j,’“Τi—Φjκ,10Ξ‘γ,‘εw¶,{ω‚µ‚½
ή“,©“]Τ“,•PH,–μ—Ά,282014,•ΊΙ§,•PHs,L•τ‚Q’–Ϊ,2022[sanitize]04[sanitize]02,12,’“Τi—Φjκ,’“Τi—Φjκ,10Ξ‘γ,‚Z¶,{ω‚Ή‚Έ
ή“,©“]Τ“,•PH,–μ—Ά,282014,•ΊΙ§,•PHs,‘Κ–{’¬‚P’–Ϊ,2022[sanitize]07[sanitize]09,23,‚»‚Μ‘Ό,‚»‚Μ‘Ό,20Ξ‘γ,‘εw¶,{ω‚Ή‚Έ
ή“,©“]Τ“,•PH,–μ—Ά,282014,•ΊΙ§,•PHs,‘Κ–{’¬‚Q’–Ϊ,2022[sanitize]01[sanitize]26,19,‚SK‚ΔΘγ‹¤“―Z‘ξ,’“Τi—Φjκ,20Ξ‘γ,‘εw¶,{ω‚µ‚½
ή“,©“]Τ“,•PH,–μ—Ά,282014,•ΊΙ§,•PHs,‘Κ–{’¬‚Q’–Ϊ,2022[sanitize]03[sanitize]24,17,‚SK‚ΔΘγ‹¤“―Z‘ξ,’“Τi—Φjκ,20Ξ‘γ,‘εw¶,{ω‚µ‚½
ή“,©“]Τ“,•PH,–μ—Ά,282014,•ΊΙ§,•PHs,‘Κ–{’¬‚Q’–Ϊ,2022[sanitize]03[sanitize]25,18,‚»‚Μ‘Ό,’“Τi—Φjκ,40Ξ‘γ,‚»‚Μ‘Ό,{ω‚µ‚½
ή“,©“]Τ“,•PH,–μ—Ά,282014,•ΊΙ§,•PHs,‘Κ–{’¬‚Q’–Ϊ,2022[sanitize]05[sanitize]23,08,‚»‚Μ‘Ό,‚»‚Μ‘Ό,70ΞΘγ,‚»‚Μ‘Ό,{ω‚µ‚½
ή“,©“]Τ“,•PH,–μ—Ά,282014,•ΊΙ§,•PHs,‘Κ–{’¬‚Q’–Ϊ,2022[sanitize]09[sanitize]18,07,’“Τi—Φjκ,’“Τi—Φjκ,40Ξ‘γ,‚»‚Μ‘Ό,{ω‚Ή‚Έ
ή“,©“]Τ“,•PH,–μ—Ά,282014,•ΊΙ§,•PHs,‘Κ–{’¬‚Q’–Ϊ,2022[sanitize]09[sanitize]30,07,‚»‚Μ‘Ό,’“Τi—Φjκ,10Ξ‘γ,‚Z¶,{ω‚Ή‚Έ
ή“,©“]Τ“,•PH,–μ—Ά,282014,•ΊΙ§,•PHs,–μ—Άc‰_›‘O’¬,2022[sanitize]02[sanitize]21,17,‚»‚Μ‘Ό‚ΜZ‘ξi‚RK‚ΔΘ‰Ί‹¤“―Z‘ξ“™j,’“Τi—Φjκ,10Ξ‘γ,¬w¶,{ω‚µ‚½
ή“,©“]Τ“,•PH,–μ—Ά,282014,•ΊΙ§,•PHs,–μ—Άc‰_›‘O’¬,2022[sanitize]10[sanitize]28,14,’“Τi—Φjκ,’“Τi—Φjκ,30Ξ‘γ,‚»‚Μ‘Ό,{ω‚Ή‚Έ
ή“,©“]Τ“,•PH,–μ—Ά‰w‘O,282014,•ΊΙ§,•PHs,”’‘‚T’–Ϊ,2022[sanitize]11[sanitize]27,21,‚»‚Μ‘Ό‚ΜZ‘ξi‚RK‚ΔΘ‰Ί‹¤“―Z‘ξ“™j,’“Τi—Φjκ,10Ξ‘γ,’†w¶,{ω‚Ή‚Έ
ή“,©“]Τ“,•PH,–μ—Ά‰w‘O,282014,•ΊΙ§,•PHs,Ό’†“‡,2022[sanitize]06[sanitize]24,16,‚»‚Μ‘Ό,’“Τi—Φjκ,10Ξ‘γ,‚Z¶,{ω‚Ή‚Έ
ή“,©“]Τ“,•PH,–μ—Ά‰w‘O,282014,•ΊΙ§,•PHs,Ό’†“‡,2022[sanitize]06[sanitize]26,18,‚»‚Μ‘Ό,’“Τi—Φjκ,10Ξ‘γ,‚Z¶,{ω‚Ή‚Έ
ή“,©“]Τ“,•PH,–μ—Ά‰w‘O,282014,•ΊΙ§,•PHs,Ό’†“‡,2022[sanitize]07[sanitize]13,08,’“Τi—Φjκ,’“Τi—Φjκ,20Ξ‘γ,‚»‚Μ‘Ό,{ω‚Ή‚Έ
ή“,©“]Τ“,•PH,–μ—Ά‰w‘O,282014,•ΊΙ§,•PHs,Ό’†“‡,2022[sanitize]07[sanitize]14,13,‚»‚Μ‘Ό,’“Τi—Φjκ,10Ξ‘γ,‚Z¶,{ω‚Ή‚Έ
ή“,©“]Τ“,•PH,–μ—Ά‰w‘O,282014,•ΊΙ§,•PHs,Ό’†“‡,2022[sanitize]12[sanitize]09,11,‚»‚Μ‘Ό,’“Τi—Φjκ,10Ξ‘γ,‚Z¶,{ω‚Ή‚Έ
ή“,©“]Τ“,•PH,–μ—Ά‰w‘O,282014,•ΊΙ§,•PHs,–μ—Ά,2018[sanitize]07[sanitize]01,00,’“Τi—Φjκ,’“Τi—Φjκ,–@lE’c‘ΜA”νQÒ‚Θ‚µ,–@lE’c‘ΜA”νQÒ‚Θ‚µ,{ω‚µ‚½
ή“,©“]Τ“,•PH,–μ—Ά‰w‘O,282014,•ΊΙ§,•PHs,–μ—Ά,2022[sanitize]06[sanitize]06,15,‚SK‚ΔΘγ‹¤“―Z‘ξ,’“Τi—Φjκ,10Ξ‘γ,‚»‚Μ‘Ό,{ω‚Ή‚Έ
ή“,©“]Τ“,•PH,–μ—Ά‰w‘O,282014,•ΊΙ§,•PHs,–μ—Ά,2022[sanitize]11[sanitize]06,15,κΛZ‘ξ,’“Τi—Φjκ,50Ξ‘γ,‚»‚Μ‘Ό,{ω‚Ή‚Έ
ή“,©“]Τ“,•PH,–μ—Ά‰w‘O,282014,•ΊΙ§,•PHs,•Ϋι,2020[sanitize]04[sanitize]21,09,“ΉHγ,‚»‚Μ‘Ό,65[sanitize]69Ξ,‚»‚Μ‘Ό,{ω‚Ή‚Έ
ή“,©“]Τ“,•PH,–μ—Ά‰w‘O,282014,•ΊΙ§,•PHs,•Ϋι,2022[sanitize]11[sanitize]21,17,‚SK‚ΔΘγ‹¤“―Z‘ξ,’“Τi—Φjκ,10Ξ‘γ,¬w¶,{ω‚Ή‚Έ
ή“,©“]Τ“,•PH,–μ—Ά‰w‘O,282014,•ΊΙ§,•PHs,‘ΚV’¬‚P’–Ϊ,2022[sanitize]08[sanitize]14,18,‚SK‚ΔΘγ‹¤“―Z‘ξ,’“Τi—Φjκ,20Ξ‘γ,‚»‚Μ‘Ό,{ω‚Ή‚Έ
ή“,©“]Τ“,•PH,–μ—Ά‰w‘O,282014,•ΊΙ§,•PHs,‘ΚV’¬‚P’–Ϊ,2022[sanitize]08[sanitize]24,20,‚»‚Μ‘Ό,’“Τi—Φjκ,10Ξ‘γ,‚Z¶,{ω‚Ή‚Έ
ή“,©“]Τ“,•PH,–μ—Ά‰w‘O,282014,•ΊΙ§,•PHs,‘ΚV’¬‚P’–Ϊ,2022[sanitize]12[sanitize]12,09,‚»‚Μ‘Ό,’“Τi—Φjκ,20Ξ‘γ,‘εw¶,{ω‚Ή‚Έ
ή“,©“]Τ“,•PH,–μ—Ά‰w‘O,282014,•ΊΙ§,•PHs,‘ΚV’¬‚Q’–Ϊ,2022[sanitize]11[sanitize]13,14,‚»‚Μ‘Ό‚ΜZ‘ξi‚RK‚ΔΘ‰Ί‹¤“―Z‘ξ“™j,’“Τi—Φjκ,50Ξ‘γ,‚»‚Μ‘Ό,{ω‚µ‚½
ή“,©“]Τ“,•PH,–μ—Ά‰w‘O,282014,•ΊΙ§,•PHs,‘Κ–{’¬‚Q’–Ϊ,2022[sanitize]04[sanitize]15,10,‚»‚Μ‘Ό,’“Τi—Φjκ,10Ξ‘γ,‘εw¶,{ω‚µ‚½
ή“,©“]Τ“,•PH,–μ—Ά‰w‘O,282014,•ΊΙ§,•PHs,‘Κ–{’¬‚Q’–Ϊ,2022[sanitize]10[sanitize]14,15,‚»‚Μ‘Ό,’“Τi—Φjκ,10Ξ‘γ,‚»‚Μ‘Ό,{ω‚Ή‚Έ
ή“,©“]Τ“,•PH,όΌ,282014,•ΊΙ§,•PHs,ΒR‚S’–Ϊ,2022[sanitize]12[sanitize]18,09,‚»‚Μ‘Ό,’“Τi—Φjκ,20Ξ‘γ,‚»‚Μ‘Ό,{ω‚Ή‚Έ
ή“,©“]Τ“,•PH,όΌ,282014,•ΊΙ§,•PHs,‘Ε‰z,2022[sanitize]07[sanitize]10,11,‚»‚Μ‘Ό,’“Τi—Φjκ,10Ξ‘γ,‚Z¶,{ω‚Ή‚Έ
ή“,©“]Τ“,•PH,όΌ,282014,•ΊΙ§,•PHs,όΌ,2022[sanitize]06[sanitize]26,18,‚»‚Μ‘Ό‚ΜZ‘ξi‚RK‚ΔΘ‰Ί‹¤“―Z‘ξ“™j,’“Τi—Φjκ,30Ξ‘γ,‚»‚Μ‘Ό,{ω‚µ‚½
ή“,©“]Τ“,•PH,όΌ,282014,•ΊΙ§,•PHs,όΌ,2022[sanitize]07[sanitize]27,07,“ΉHγ,‚»‚Μ‘Ό,70ΞΘγ,‚»‚Μ‘Ό,{ω‚Ή‚Έ
ή“,©“]Τ“,•PH,όΌ,282014,•ΊΙ§,•PHs,‘Κ,2022[sanitize]10[sanitize]21,17,‚SK‚ΔΘγ‹¤“―Z‘ξ,’“Τi—Φjκ,10Ξ‘γ,‚Z¶,{ω‚µ‚½
ή“,©“]Τ“,•PH,όΌ,282014,•ΊΙ§,•PHs,ΐ–@›,2022[sanitize]07[sanitize]31,13,κΛZ‘ξ,‚»‚Μ‘Ό,10Ξ‘γ,‚Z¶,{ω‚Ή‚Έ
ή“,©“]Τ“,•PH,όΌ,282014,•ΊΙ§,•PHs,Ό–²‘O‘δ‚P’–Ϊ,2022[sanitize]04[sanitize]04,10,κΛZ‘ξ,’“Τi—Φjκ,70ΞΘγ,‚»‚Μ‘Ό,{ω‚Ή‚Έ
ή“,©“]Τ“,•PH,όΌ,282014,•ΊΙ§,•PHs,ΒR–k‚P’–Ϊ,2022[sanitize]01[sanitize]04,08,‚»‚Μ‘Ό,’“Τi—Φjκ,10Ξ‘γ,‚Z¶,{ω‚Ή‚Έ
ή“,©“]Τ“,•PH,όΌ,282014,•ΊΙ§,•PHs,ΒR–k‚P’–Ϊ,2022[sanitize]01[sanitize]08,14,‚»‚Μ‘Ό,’“Τi—Φjκ,10Ξ‘γ,‘εw¶,{ω‚Ή‚Έ
ή“,©“]Τ“,•PH,όΌ,282014,•ΊΙ§,•PHs,ΒR–k‚P’–Ϊ,2022[sanitize]01[sanitize]10,14,‚»‚Μ‘Ό,’“Τi—Φjκ,10Ξ‘γ,‚Z¶,{ω‚Ή‚Έ
ή“,©“]Τ“,•PH,όΌ,282014,•ΊΙ§,•PHs,ΒR–k‚P’–Ϊ,2022[sanitize]01[sanitize]16,11,‚»‚Μ‘Ό,’“Τi—Φjκ,10Ξ‘γ,‚Z¶,{ω‚Ή‚Έ
ή“,©“]Τ“,•PH,όΌ,282014,•ΊΙ§,•PHs,ΒR–k‚P’–Ϊ,2022[sanitize]01[sanitize]17,07,‚»‚Μ‘Ό,’“Τi—Φjκ,10Ξ‘γ,‚Z¶,{ω‚Ή‚Έ
ή“,©“]Τ“,•PH,όΌ,282014,•ΊΙ§,•PHs,ΒR–k‚P’–Ϊ,2022[sanitize]01[sanitize]28,19,‚»‚Μ‘Ό,’“Τi—Φjκ,30Ξ‘γ,‚»‚Μ‘Ό,{ω‚Ή‚Έ
ή“,©“]Τ“,•PH,όΌ,282014,•ΊΙ§,•PHs,ΒR–k‚P’–Ϊ,2022[sanitize]02[sanitize]10,07,‚»‚Μ‘Ό,’“Τi—Φjκ,10Ξ‘γ,‚Z¶,{ω‚Ή‚Έ
ή“,©“]Τ“,•PH,όΌ,282014,•ΊΙ§,•PHs,ΒR–k‚P’–Ϊ,2022[sanitize]03[sanitize]20,15,‚»‚Μ‘Ό,’“Τi—Φjκ,10Ξ‘γ,’†w¶,{ω‚Ή‚Έ
ή“,©“]Τ“,•PH,όΌ,282014,•ΊΙ§,•PHs,ΒR–k‚P’–Ϊ,2022[sanitize]03[sanitize]25,11,‚»‚Μ‘Ό,’“Τi—Φjκ,10Ξ‘γ,‚»‚Μ‘Ό,{ω‚Ή‚Έ
ή“,©“]Τ“,•PH,όΌ,282014,•ΊΙ§,•PHs,ΒR–k‚P’–Ϊ,2022[sanitize]05[sanitize]10,07,‚»‚Μ‘Ό,’“Τi—Φjκ,10Ξ‘γ,‚Z¶,{ω‚Ή‚Έ
ή“,©“]Τ“,•PH,όΌ,282014,•ΊΙ§,•PHs,ΒR–k‚P’–Ϊ,2022[sanitize]05[sanitize]17,12,‚»‚Μ‘Ό,’“Τi—Φjκ,10Ξ‘γ,‚Z¶,{ω‚µ‚½
ή“,©“]Τ“,•PH,όΌ,282014,•ΊΙ§,•PHs,ΒR–k‚P’–Ϊ,2022[sanitize]06[sanitize]02,07,‚»‚Μ‘Ό,’“Τi—Φjκ,10Ξ‘γ,‚Z¶,{ω‚Ή‚Έ
ή“,©“]Τ“,•PH,όΌ,282014,•ΊΙ§,•PHs,ΒR–k‚P’–Ϊ,2022[sanitize]06[sanitize]20,17,‚»‚Μ‘Ό,’“Τi—Φjκ,10Ξ‘γ,‚Z¶,{ω‚Ή‚Έ
ή“,©“]Τ“,•PH,όΌ,282014,•ΊΙ§,•PHs,ΒR–k‚P’–Ϊ,2022[sanitize]06[sanitize]25,12,‚»‚Μ‘Ό,’“Τi—Φjκ,10Ξ‘γ,‚Z¶,{ω‚Ή‚Έ
ή“,©“]Τ“,•PH,όΌ,282014,•ΊΙ§,•PHs,ΒR–k‚P’–Ϊ,2022[sanitize]06[sanitize]25,19,‚»‚Μ‘Ό,’“Τi—Φjκ,10Ξ‘γ,‚Z¶,{ω‚Ή‚Έ
ή“,©“]Τ“,•PH,όΌ,282014,•ΊΙ§,•PHs,ΒR–k‚P’–Ϊ,2022[sanitize]06[sanitize]27,07,‚»‚Μ‘Ό,’“Τi—Φjκ,10Ξ‘γ,‚Z¶,{ω‚Ή‚Έ
ή“,©“]Τ“,•PH,όΌ,282014,•ΊΙ§,•PHs,ΒR–k‚P’–Ϊ,2022[sanitize]07[sanitize]14,06,‚»‚Μ‘Ό,’“Τi—Φjκ,10Ξ‘γ,‚Z¶,{ω‚Ή‚Έ
ή“,©“]Τ“,•PH,όΌ,282014,•ΊΙ§,•PHs,ΒR–k‚P’–Ϊ,2022[sanitize]08[sanitize]13,12,’“Τi—Φjκ,’“Τi—Φjκ,10Ξ‘γ,‘εw¶,{ω‚Ή‚Έ
ή“,©“]Τ“,•PH,όΌ,282014,•ΊΙ§,•PHs,ΒR–k‚P’–Ϊ,2022[sanitize]11[sanitize]06,10,’“Τi—Φjκ,’“Τi—Φjκ,50Ξ‘γ,‚»‚Μ‘Ό,{ω‚Ή‚Έ
ή“,©“]Τ“,•PH,όΌ,282014,•ΊΙ§,•PHs,ΒR–k‚P’–Ϊ,2022[sanitize]11[sanitize]18,11,‚»‚Μ‘Ό,’“Τi—Φjκ,20Ξ‘γ,‘εw¶,{ω‚µ‚½
ή“,©“]Τ“,•PH,όΌ,282014,•ΊΙ§,•PHs,ΒR–k‚P’–Ϊ,2022[sanitize]12[sanitize]25,14,‚»‚Μ‘Ό,’“Τi—Φjκ,10Ξ‘γ,‚Z¶,{ω‚Ή‚Έ
ή“,©“]Τ“,•PH,όΌ,282014,•ΊΙ§,•PHs,ΒR–k‚Q’–Ϊ,2022[sanitize]11[sanitize]10,06,‚»‚Μ‘Ό,’“Τi—Φjκ,20Ξ‘γ,‚»‚Μ‘Ό,{ω‚Ή‚Έ
ή“,©“]Τ“,•PH,όΌ,282014,•ΊΙ§,•PHs,ΒR–k‚R’–Ϊ,2022[sanitize]09[sanitize]07,09,‚»‚Μ‘Ό‚ΜZ‘ξi‚RK‚ΔΘ‰Ί‹¤“―Z‘ξ“™j,’“Τi—Φjκ,20Ξ‘γ,‚»‚Μ‘Ό,{ω‚Ή‚Έ
ή“,©“]Τ“,•PH,όΌ,282014,•ΊΙ§,•PHs,ΒR–k‚R’–Ϊ,2022[sanitize]09[sanitize]09,15,‚»‚Μ‘Ό‚ΜZ‘ξi‚RK‚ΔΘ‰Ί‹¤“―Z‘ξ“™j,’“Τi—Φjκ,20Ξ‘γ,‚»‚Μ‘Ό,{ω‚Ή‚Έ
ή“,©“]Τ“,•PH,όΌ,282014,•ΊΙ§,•PHs,ΒRΌ‚Q’–Ϊ,2022[sanitize]10[sanitize]07,16,κΛZ‘ξ,’“Τi—Φjκ,10Ξ‘γ,‚Z¶,{ω‚Ή‚Έ
ή“,©“]Τ“,•PH,όΌ,282014,•ΊΙ§,•PHs,ΒR“μ‚P’–Ϊ,2022[sanitize]07[sanitize]16,22,‚SK‚ΔΘγ‹¤“―Z‘ξ,’“Τi—Φjκ,10Ξ‘γ,’†w¶,{ω‚Ή‚Έ
ή“,©“]Τ“,•PH,›,282014,•ΊΙ§,•PHs,›’¬C,2022[sanitize]07[sanitize]06,07,’“Τi—Φjκ,’“Τi—Φjκ,10Ξ‘γ,‚Z¶,{ω‚Ή‚Έ
ή“,©“]Τ“,•PH,›,282014,•ΊΙ§,•PHs,›’¬C,2022[sanitize]07[sanitize]09,13,‚»‚Μ‘Ό,’“Τi—Φjκ,10Ξ‘γ,¬w¶,{ω‚µ‚½
ή“,©“]Τ“,•PH,›,282014,•ΊΙ§,•PHs,›’¬’†‰®,2022[sanitize]07[sanitize]18,08,‚»‚Μ‘Ό,’“Τi—Φjκ,10Ξ‘γ,‚Z¶,{ω‚Ή‚Έ
ή“,©“]Τ“,•PH,›,282014,•ΊΙ§,•PHs,›’¬aϋ,2022[sanitize]03[sanitize]18,18,’“Τi—Φjκ,’“Τi—Φjκ,20Ξ‘γ,‚»‚Μ‘Ό,{ω‚Ή‚Έ
ή“,©“]Τ“,•PH,›,282014,•ΊΙ§,•PHs,›’¬aϋ,2022[sanitize]04[sanitize]24,06,‚»‚Μ‘Ό,’“Τi—Φjκ,20Ξ‘γ,‚»‚Μ‘Ό,{ω‚Ή‚Έ
ή“,©“]Τ“,•PH,›,282014,•ΊΙ§,•PHs,›’¬aϋ,2022[sanitize]11[sanitize]25,09,’“Τi—Φjκ,’“Τi—Φjκ,10Ξ‘γ,‚»‚Μ‘Ό,{ω‚Ή‚Έ
ή“,©“]Τ“,•PH,,282014,•ΊΙ§,•PHs,“μ‰w‘O’¬,2022[sanitize]09[sanitize]13,20,“ΉHγ,‚»‚Μ‘Ό,70ΞΘγ,‚»‚Μ‘Ό,{ω‚µ‚½
ή“,©“]Τ“,•PH,,282014,•ΊΙ§,•PHs,ΐ“c‚S’–Ϊ,2022[sanitize]11[sanitize]12,18,‚»‚Μ‘Ό,’“Τi—Φjκ,20Ξ‘γ,‘εw¶,{ω‚Ή‚Έ
ή“,©“]Τ“,ό–,δƒmϋ,282014,•ΊΙ§,•PHs,‰ª“c,2022[sanitize]05[sanitize]07,16,‚»‚Μ‘Ό,’“Τi—Φjκ,70ΞΘγ,‚»‚Μ‘Ό,{ω‚Ή‚Έ
ή“,©“]Τ“,ό–,δƒmϋ,282014,•ΊΙ§,•PHs,‰ª“c,2022[sanitize]08[sanitize]06,15,‚SK‚ΔΘγ‹¤“―Z‘ξ,‚»‚Μ‘Ό,10Ξ‘γ,¬w¶,{ω‚Ή‚Έ
ή“,©“]Τ“,ό–,δƒmϋ,282014,•ΊΙ§,•PHs,‰ª“c,2022[sanitize]09[sanitize]22,07,‚»‚Μ‘Ό‚ΜZ‘ξi‚RK‚ΔΘ‰Ί‹¤“―Z‘ξ“™j,‚»‚Μ‘Ό,70ΞΘγ,‚»‚Μ‘Ό,{ω‚Ή‚Έ
ή“,©“]Τ“,ό–,δƒmϋ,282014,•ΊΙ§,•PHs,Ό―,2022[sanitize]02[sanitize]15,07,‚»‚Μ‘Ό,’“Τi—Φjκ,50Ξ‘γ,‚»‚Μ‘Ό,{ω‚Ή‚Έ
ή“,©“]Τ“,ό–,δƒmϋ,282014,•ΊΙ§,•PHs,’†’n,2022[sanitize]09[sanitize]29,11,κΛZ‘ξ,‚»‚Μ‘Ό,70ΞΘγ,‚»‚Μ‘Ό,{ω‚Ή‚Έ
ή“,©“]Τ“,ό–,δƒmϋ,282014,•ΊΙ§,•PHs,’†’n,2022[sanitize]09[sanitize]30,17,“ΉHγ,‚»‚Μ‘Ό,10Ξ‘γ,¬w¶,{ω‚Ή‚Έ
ή“,©“]Τ“,ό–,δƒmϋ,282014,•ΊΙ§,•PHs,‹Κθ‚P’–Ϊ,2022[sanitize]03[sanitize]16,17,‚»‚Μ‘Ό‚ΜZ‘ξi‚RK‚ΔΘ‰Ί‹¤“―Z‘ξ“™j,‚»‚Μ‘Ό,20Ξ‘γ,‚»‚Μ‘Ό,{ω‚Ή‚Έ
ή“,©“]Τ“,ό–,δƒmϋ,282014,•ΊΙ§,•PHs,’¬’Ψ“μ’¬,2022[sanitize]03[sanitize]19,08,‚»‚Μ‘Ό‚ΜZ‘ξi‚RK‚ΔΘ‰Ί‹¤“―Z‘ξ“™j,’“Τi—Φjκ,40Ξ‘γ,‚»‚Μ‘Ό,{ω‚µ‚½
ή“,©“]Τ“,ό–,΅h,282014,•ΊΙ§,•PHs,‰Ίθ–μ‚Q’–Ϊ,2022[sanitize]07[sanitize]15,12,‚SK‚ΔΘγ‹¤“―Z‘ξ,’“Τi—Φjκ,40Ξ‘γ,‚»‚Μ‘Ό,{ω‚µ‚½
ή“,©“]Τ“,ό–,΅h,282014,•ΊΙ§,•PHs,‰Ίθ–μ‚Q’–Ϊ,2022[sanitize]10[sanitize]08,18,‚SK‚ΔΘγ‹¤“―Z‘ξ,’“Τi—Φjκ,10Ξ‘γ,‚Z¶,{ω‚µ‚½
ή“,©“]Τ“,ό–,΅h,282014,•ΊΙ§,•PHs,‰Ίθ–μ‚S’–Ϊ,2022[sanitize]10[sanitize]28,16,‚»‚Μ‘Ό,’“Τi—Φjκ,10Ξ‘γ,‚Z¶,{ω‚Ή‚Έ
ή“,©“]Τ“,ό–,΅h,282014,•ΊΙ§,•PHs,‰Ίθ–μ‚T’–Ϊ,2021[sanitize]12[sanitize]01,12,‚SK‚ΔΘγ‹¤“―Z‘ξ,‚»‚Μ‘Ό,40Ξ‘γ,‚»‚Μ‘Ό,{ω‚µ‚½
ή“,©“]Τ“,ό–,΅h,282014,•ΊΙ§,•PHs,‰Ίθ–μ‚T’–Ϊ,2021[sanitize]12[sanitize]02,12,‚SK‚ΔΘγ‹¤“―Z‘ξ,‚»‚Μ‘Ό,40Ξ‘γ,‚»‚Μ‘Ό,{ω‚µ‚½
ή“,©“]Τ“,ό–,΅h,282014,•ΊΙ§,•PHs,Ό΅h‚P’–Ϊ,2022[sanitize]01[sanitize]01,•s–Ύ,‚»‚Μ‘Ό‚ΜZ‘ξi‚RK‚ΔΘ‰Ί‹¤“―Z‘ξ“™j,’“Τi—Φjκ,50Ξ‘γ,‚»‚Μ‘Ό,{ω‚Ή‚Έ
ή“,©“]Τ“,ό–,΅h,282014,•ΊΙ§,•PHs,Ό΅h‚P’–Ϊ,2022[sanitize]01[sanitize]04,07,‚»‚Μ‘Ό,’“Τi—Φjκ,50Ξ‘γ,‚»‚Μ‘Ό,{ω‚Ή‚Έ
ή“,©“]Τ“,ό–,΅h,282014,•ΊΙ§,•PHs,Ό΅h‚P’–Ϊ,2022[sanitize]02[sanitize]21,07,‚»‚Μ‘Ό,’“Τi—Φjκ,10Ξ‘γ,‚Z¶,{ω‚Ή‚Έ
ή“,©“]Τ“,ό–,΅h,282014,•ΊΙ§,•PHs,Ό΅h‚R’–Ϊ,2022[sanitize]01[sanitize]10,07,‚»‚Μ‘Ό,’“Τi—Φjκ,10Ξ‘γ,‚Z¶,{ω‚Ή‚Έ
ή“,©“]Τ“,ό–,΅h,282014,•ΊΙ§,•PHs,Ό΅h‚R’–Ϊ,2022[sanitize]01[sanitize]31,07,‚»‚Μ‘Ό,’“Τi—Φjκ,10Ξ‘γ,‘εw¶,{ω‚Ή‚Έ
ή“,©“]Τ“,ό–,΅h,282014,•ΊΙ§,•PHs,Ό΅h‚R’–Ϊ,2022[sanitize]03[sanitize]03,22,‚»‚Μ‘Ό,’“Τi—Φjκ,10Ξ‘γ,‚Z¶,{ω‚Ή‚Έ
ή“,©“]Τ“,ό–,΅h,282014,•ΊΙ§,•PHs,Ό΅h‚R’–Ϊ,2022[sanitize]03[sanitize]04,07,‚»‚Μ‘Ό,’“Τi—Φjκ,10Ξ‘γ,‚Z¶,{ω‚Ή‚Έ
ή“,©“]Τ“,ό–,΅h,282014,•ΊΙ§,•PHs,Ό΅h‚R’–Ϊ,2022[sanitize]03[sanitize]17,12,‚»‚Μ‘Ό,’“Τi—Φjκ,30Ξ‘γ,‚»‚Μ‘Ό,{ω‚Ή‚Έ
ή“,©“]Τ“,ό–,΅h,282014,•ΊΙ§,•PHs,Ό΅h‚R’–Ϊ,2022[sanitize]05[sanitize]04,15,‚»‚Μ‘Ό,’“Τi—Φjκ,10Ξ‘γ,’†w¶,{ω‚Ή‚Έ
ή“,©“]Τ“,ό–,΅h,282014,•ΊΙ§,•PHs,Ό΅h‚R’–Ϊ,2022[sanitize]05[sanitize]08,15,‚»‚Μ‘Ό,’“Τi—Φjκ,10Ξ‘γ,’†w¶,{ω‚Ή‚Έ
ή“,©“]Τ“,ό–,΅h,282014,•ΊΙ§,•PHs,Ό΅h‚R’–Ϊ,2022[sanitize]06[sanitize]11,07,‚»‚Μ‘Ό,’“Τi—Φjκ,10Ξ‘γ,‚Z¶,{ω‚Ή‚Έ
ή“,©“]Τ“,ό–,΅h,282014,•ΊΙ§,•PHs,Ό΅h‚R’–Ϊ,2022[sanitize]06[sanitize]12,08,‚»‚Μ‘Ό,’“Τi—Φjκ,20Ξ‘γ,‚»‚Μ‘Ό,{ω‚µ‚½
ή“,©“]Τ“,ό–,΅h,282014,•ΊΙ§,•PHs,Ό΅h‚R’–Ϊ,2022[sanitize]06[sanitize]13,07,‚»‚Μ‘Ό,’“Τi—Φjκ,10Ξ‘γ,‚Z¶,{ω‚Ή‚Έ
ή“,©“]Τ“,ό–,΅h,282014,•ΊΙ§,•PHs,Ό΅h‚R’–Ϊ,2022[sanitize]06[sanitize]25,07,‚»‚Μ‘Ό,’“Τi—Φjκ,10Ξ‘γ,‘εw¶,{ω‚Ή‚Έ
ή“,©“]Τ“,ό–,΅h,282014,•ΊΙ§,•PHs,Ό΅h‚R’–Ϊ,2022[sanitize]06[sanitize]25,07,‚»‚Μ‘Ό,’“Τi—Φjκ,20Ξ‘γ,‚»‚Μ‘Ό,{ω‚Ή‚Έ
ή“,©“]Τ“,ό–,΅h,282014,•ΊΙ§,•PHs,Ό΅h‚R’–Ϊ,2022[sanitize]06[sanitize]29,08,‚»‚Μ‘Ό,’“Τi—Φjκ,10Ξ‘γ,‘εw¶,{ω‚Ή‚Έ
ή“,©“]Τ“,ό–,΅h,282014,•ΊΙ§,•PHs,Ό΅h‚R’–Ϊ,2022[sanitize]07[sanitize]18,08,‚»‚Μ‘Ό,’“Τi—Φjκ,50Ξ‘γ,‚»‚Μ‘Ό,{ω‚Ή‚Έ
ή“,©“]Τ“,ό–,΅h,282014,•ΊΙ§,•PHs,Ό΅h‚R’–Ϊ,2022[sanitize]07[sanitize]23,13,‚»‚Μ‘Ό,’“Τi—Φjκ,10Ξ‘γ,‚Z¶,{ω‚Ή‚Έ
ή“,©“]Τ“,ό–,΅h,282014,•ΊΙ§,•PHs,Ό΅h‚R’–Ϊ,2022[sanitize]07[sanitize]26,08,‚»‚Μ‘Ό,’“Τi—Φjκ,20Ξ‘γ,‚»‚Μ‘Ό,{ω‚µ‚½
ή“,©“]Τ“,ό–,΅h,282014,•ΊΙ§,•PHs,Ό΅h‚R’–Ϊ,2022[sanitize]07[sanitize]29,00,‚»‚Μ‘Ό,’“Τi—Φjκ,20Ξ‘γ,‚»‚Μ‘Ό,{ω‚µ‚½
ή“,©“]Τ“,ό–,΅h,282014,•ΊΙ§,•PHs,Ό΅h‚R’–Ϊ,2022[sanitize]08[sanitize]18,15,‚»‚Μ‘Ό,’“Τi—Φjκ,10Ξ‘γ,’†w¶,{ω‚Ή‚Έ
ή“,©“]Τ“,ό–,΅h,282014,•ΊΙ§,•PHs,Ό΅h‚R’–Ϊ,2022[sanitize]08[sanitize]29,18,‚»‚Μ‘Ό,’“Τi—Φjκ,20Ξ‘γ,‚»‚Μ‘Ό,{ω‚Ή‚Έ
ή“,©“]Τ“,ό–,΅h,282014,•ΊΙ§,•PHs,Ό΅h‚R’–Ϊ,2022[sanitize]08[sanitize]30,12,‚»‚Μ‘Ό,’“Τi—Φjκ,10Ξ‘γ,’†w¶,{ω‚Ή‚Έ
ή“,©“]Τ“,ό–,΅h,282014,•ΊΙ§,•PHs,Ό΅h‚R’–Ϊ,2022[sanitize]09[sanitize]09,08,‚»‚Μ‘Ό,’“Τi—Φjκ,20Ξ‘γ,‚»‚Μ‘Ό,{ω‚Ή‚Έ
ή“,©“]Τ“,ό–,΅h,282014,•ΊΙ§,•PHs,Ό΅h‚R’–Ϊ,2022[sanitize]10[sanitize]23,08,‚»‚Μ‘Ό,’“Τi—Φjκ,10Ξ‘γ,‚Z¶,{ω‚Ή‚Έ
ή“,©“]Τ“,ό–,΅h,282014,•ΊΙ§,•PHs,Ό΅h‚R’–Ϊ,2022[sanitize]11[sanitize]28,18,’“Τi—Φjκ,’“Τi—Φjκ,40Ξ‘γ,‚»‚Μ‘Ό,{ω‚µ‚½
ή“,©“]Τ“,ό–,΅h,282014,•ΊΙ§,•PHs,Ό΅h‚R’–Ϊ,2022[sanitize]12[sanitize]05,07,‚»‚Μ‘Ό,’“Τi—Φjκ,10Ξ‘γ,‚»‚Μ‘Ό,{ω‚Ή‚Έ
ή“,©“]Τ“,ό–,΅h,282014,•ΊΙ§,•PHs,Ό΅h‚S’–Ϊ,2022[sanitize]10[sanitize]07,14,κΛZ‘ξ,’“Τi—Φjκ,70ΞΘγ,‚»‚Μ‘Ό,{ω‚µ‚½
ή“,©“]Τ“,ό–,΅h,282014,•ΊΙ§,•PHs,Ό΅h‚T’–Ϊ,2022[sanitize]07[sanitize]24,18,‚»‚Μ‘Ό‚ΜZ‘ξi‚RK‚ΔΘ‰Ί‹¤“―Z‘ξ“™j,’“Τi—Φjκ,50Ξ‘γ,‚»‚Μ‘Ό,{ω‚Ή‚Έ
ή“,©“]Τ“,ό–,΅h,282014,•ΊΙ§,•PHs,Ό΅h‚W’–Ϊ,2022[sanitize]06[sanitize]11,16,‚»‚Μ‘Ό,‚»‚Μ‘Ό,10Ξ‘γ,‚Z¶,{ω‚Ή‚Έ
ή“,©“]Τ“,ό–,΅h,282014,•ΊΙ§,•PHs,“΅h‚Q’–Ϊ,2022[sanitize]01[sanitize]17,19,‚»‚Μ‘Ό,’“Τi—Φjκ,10Ξ‘γ,’†w¶,{ω‚Ή‚Έ
ή“,©“]Τ“,ό–,΅h,282014,•ΊΙ§,•PHs,“΅h‚R’–Ϊ,2022[sanitize]10[sanitize]19,12,‚»‚Μ‘Ό‚ΜZ‘ξi‚RK‚ΔΘ‰Ί‹¤“―Z‘ξ“™j,’“Τi—Φjκ,40Ξ‘γ,‚»‚Μ‘Ό,{ω‚µ‚½
ή“,©“]Τ“,ό–,΅h,282014,•ΊΙ§,•PHs,“΅h‚R’–Ϊ,•s–Ύ,•s–Ύ,‚»‚Μ‘Ό,’“Τi—Φjκ,30Ξ‘γ,‚»‚Μ‘Ό,{ω‚Ή‚Έ
ή“,©“]Τ“,ό–,΅h,282014,•ΊΙ§,•PHs,“–²‘O‘δ‚Q’–Ϊ,2022[sanitize]05[sanitize]04,17,‚SK‚ΔΘγ‹¤“―Z‘ξ,’“Τi—Φjκ,30Ξ‘γ,‚»‚Μ‘Ό,{ω‚Ή‚Έ
ή“,©“]Τ“,ό–,΅h,282014,•ΊΙ§,•PHs,“–²‘O‘δ‚Q’–Ϊ,2022[sanitize]08[sanitize]14,22,‚SK‚ΔΘγ‹¤“―Z‘ξ,’“Τi—Φjκ,10Ξ‘γ,‚Z¶,{ω‚Ή‚Έ
ή“,©“]Τ“,ό–,΅h,282014,•ΊΙ§,•PHs,“–²‘O‘δ‚Q’–Ϊ,2022[sanitize]11[sanitize]12,17,‚SK‚ΔΘγ‹¤“―Z‘ξ,’“Τi—Φjκ,40Ξ‘γ,‚»‚Μ‘Ό,{ω‚Ή‚Έ
ή“,©“]Τ“,ό–,΅h,282014,•ΊΙ§,•PHs,_q‰ª‘O‚P’–Ϊ,2022[sanitize]03[sanitize]10,14,‚SK‚ΔΘγ‹¤“―Z‘ξ,’“Τi—Φjκ,65[sanitize]69Ξ,‚»‚Μ‘Ό,{ω‚µ‚½
ή“,©“]Τ“,ό–,΅h,282014,•ΊΙ§,•PHs,_q‰ª‘O‚P’–Ϊ,2022[sanitize]09[sanitize]20,18,‚»‚Μ‘Ό‚ΜZ‘ξi‚RK‚ΔΘ‰Ί‹¤“―Z‘ξ“™j,’“Τi—Φjκ,10Ξ‘γ,‚»‚Μ‘Ό,{ω‚Ή‚Έ
ή“,©“]Τ“,ό–,΅h,282014,•ΊΙ§,•PHs,_q‰ª‘O‚Q’–Ϊ,2022[sanitize]11[sanitize]01,00,‚»‚Μ‘Ό‚ΜZ‘ξi‚RK‚ΔΘ‰Ί‹¤“―Z‘ξ“™j,’“Τi—Φjκ,50Ξ‘γ,‚»‚Μ‘Ό,{ω‚Ή‚Έ
ή“,©“]Τ“,ό–,΅h,282014,•ΊΙ§,•PHs,_q‰ª‘O‚R’–Ϊ,2022[sanitize]04[sanitize]06,15,‚»‚Μ‘Ό,’“Τi—Φjκ,10Ξ‘γ,’†w¶,{ω‚Ή‚Έ
ή“,©“]Τ“,ό–,΅h,282014,•ΊΙ§,•PHs,_q‰ª‘O‚R’–Ϊ,2022[sanitize]07[sanitize]12,18,‚»‚Μ‘Ό,’“Τi—Φjκ,20Ξ‘γ,‚»‚Μ‘Ό,{ω‚Ή‚Έ
ή“,©“]Τ“,ό–,΅h,282014,•ΊΙ§,•PHs,_q‰ª‘O‚R’–Ϊ,2022[sanitize]09[sanitize]20,11,‚»‚Μ‘Ό,’“Τi—Φjκ,20Ξ‘γ,‘εw¶,{ω‚µ‚½
ή“,©“]Τ“,ό–,΅h,282014,•ΊΙ§,•PHs,_q‰ª‘O‚S’–Ϊ,2022[sanitize]06[sanitize]16,09,’“Τi—Φjκ,’“Τi—Φjκ,20Ξ‘γ,‚»‚Μ‘Ό,{ω‚Ή‚Έ
ή“,©“]Τ“,ό–,΅h,282014,•ΊΙ§,•PHs,R‚P’–Ϊ,2022[sanitize]08[sanitize]29,19,κΛZ‘ξ,’“Τi—Φjκ,20Ξ‘γ,‚»‚Μ‘Ό,{ω‚Ή‚Έ
ή“,©“]Τ“,ό–,΅h,282014,•ΊΙ§,•PHs,R‚Q’–Ϊ,2022[sanitize]10[sanitize]04,22,‚»‚Μ‘Ό‚ΜZ‘ξi‚RK‚ΔΘ‰Ί‹¤“―Z‘ξ“™j,’“Τi—Φjκ,10Ξ‘γ,‚Z¶,{ω‚Ή‚Έ
ή“,©“]Τ“,ό–,΅h,282014,•ΊΙ§,•PHs,–ΌΓR’¬,2022[sanitize]05[sanitize]08,11,‚»‚Μ‘Ό,‚»‚Μ‘Ό,70ΞΘγ,‚»‚Μ‘Ό,{ω‚Ή‚Έ
ή“,©“]Τ“,ό–,΅h,282014,•ΊΙ§,•PHs,Τθ‚P’–Ϊ,2022[sanitize]07[sanitize]09,09,‚»‚Μ‘Ό,’“Τi—Φjκ,70ΞΘγ,‚»‚Μ‘Ό,{ω‚Ή‚Έ
ή“,©“]Τ“,ό–,΅h,282014,•ΊΙ§,•PHs,Τθ‚P’–Ϊ,2022[sanitize]08[sanitize]27,13,‚SK‚ΔΘγ‹¤“―Z‘ξ,’“Τi—Φjκ,50Ξ‘γ,‚»‚Μ‘Ό,{ω‚µ‚½
ή“,©“]Τ“,ό–,”ª–Ψ,282014,•ΊΙ§,•PHs,”ª‰Ζ,2022[sanitize]01[sanitize]09,12,‚»‚Μ‘Ό,’“Τi—Φjκ,70ΞΘγ,‚»‚Μ‘Ό,{ω‚µ‚½
ή“,©“]Τ“,ό–,”ª–Ψ,282014,•ΊΙ§,•PHs,”ª‰Ζ,2022[sanitize]08[sanitize]23,12,’“Τi—Φjκ,’“Τi—Φjκ,10Ξ‘γ,‚»‚Μ‘Ό,{ω‚µ‚½
ή“,©“]Τ“,ό–,”ª–Ψ,282014,•ΊΙ§,•PHs,”ª‰Ζ,2022[sanitize]11[sanitize]02,18,‚»‚Μ‘Ό,’“Τi—Φjκ,30Ξ‘γ,‚»‚Μ‘Ό,{ω‚µ‚½
ή“,©“]Τ“,ό–,•Κ,282014,•ΊΙ§,•PHs,•Κ’¬¬—Ρ,2022[sanitize]02[sanitize]25,12,κΛZ‘ξ,’“Τi—Φjκ,10Ξ–Ά–,¬w¶,{ω‚Ή‚Έ
ή“,©“]Τ“,ό–,•Κ,282014,•ΊΙ§,•PHs,•Κ’¬²“y,2021[sanitize]12[sanitize]31,15,‚»‚Μ‘Ό‚ΜZ‘ξi‚RK‚ΔΘ‰Ί‹¤“―Z‘ξ“™j,’“Τi—Φjκ,20Ξ‘γ,‚»‚Μ‘Ό,{ω‚Ή‚Έ
ή“,©“]Τ“,ό–,•Κ,282014,•ΊΙ§,•PHs,•Κ’¬•Κ‚S’–Ϊ,2022[sanitize]07[sanitize]19,18,‚»‚Μ‘Ό,‚»‚Μ‘Ό,10Ξ‘γ,’†w¶,{ω‚Ή‚Έ
ή“,©“]Τ“,ό–,•Κ,282014,•ΊΙ§,•PHs,•Κ’¬•Κ‚S’–Ϊ,2022[sanitize]11[sanitize]10,21,‚»‚Μ‘Ό‚ΜZ‘ξi‚RK‚ΔΘ‰Ί‹¤“―Z‘ξ“™j,’“Τi—Φjκ,20Ξ‘γ,‚»‚Μ‘Ό,{ω‚µ‚½
ή“,©“]Τ“,ό–,‘ε‰–,282014,•ΊΙ§,•PHs,‘ε‰–’¬,2021[sanitize]12[sanitize]29,06,‚»‚Μ‘Ό,’“Τi—Φjκ,10Ξ‘γ,‚»‚Μ‘Ό,{ω‚Ή‚Έ
ή“,©“]Τ“,ό–,‘ε‰–,282014,•ΊΙ§,•PHs,‘ε‰–’¬,2022[sanitize]05[sanitize]07,21,“ΉHγ,‚»‚Μ‘Ό,10Ξ‘γ,‚Z¶,{ω‚Ή‚Έ
ή“,©“]Τ“,ό–,‘ε‰–,282014,•ΊΙ§,•PHs,‘ε‰–’¬,2022[sanitize]11[sanitize]13,13,’“Τi—Φjκ,’“Τi—Φjκ,20Ξ‘γ,‚»‚Μ‘Ό,{ω‚Ή‚Έ
ή“,©“]Τ“,ό–,‘ε‰–,282014,•ΊΙ§,•PHs,‘ε‰–’¬,2022[sanitize]12[sanitize]01,15,κΛZ‘ξ,‚»‚Μ‘Ό,70ΞΘγ,‚»‚Μ‘Ό,{ω‚Ή‚Έ
ή“,©“]Τ“,ό–,‘ε‰–,282014,•ΊΙ§,•PHs,‘ε‰–’¬¬η‚P’–Ϊ,2022[sanitize]10[sanitize]15,09,’“Τi—Φjκ,’“Τi—Φjκ,10Ξ‘γ,’†w¶,{ω‚Ή‚Έ
ή“,©“]Τ“,ό–,Θ­,282014,•ΊΙ§,•PHs,ό–‹ζΘ­,2022[sanitize]01[sanitize]20,07,‚»‚Μ‘Ό,’“Τi—Φjκ,10Ξ‘γ,‘εw¶,{ω‚Ή‚Έ
ή“,©“]Τ“,ό–,Θ­,282014,•ΊΙ§,•PHs,ό–‹ζΘ­,2022[sanitize]02[sanitize]22,07,‚»‚Μ‘Ό,’“Τi—Φjκ,10Ξ‘γ,‚Z¶,{ω‚Ή‚Έ
ή“,©“]Τ“,ό–,Θ­,282014,•ΊΙ§,•PHs,ό–‹ζΘ­,2022[sanitize]04[sanitize]16,13,‚»‚Μ‘Ό,’“Τi—Φjκ,10Ξ‘γ,‚Z¶,{ω‚Ή‚Έ
ή“,©“]Τ“,ό–,Θ­,282014,•ΊΙ§,•PHs,ό–‹ζΘ­,2022[sanitize]05[sanitize]27,16,‚»‚Μ‘Ό,’“Τi—Φjκ,10Ξ‘γ,‚»‚Μ‘Ό,{ω‚Ή‚Έ
ή“,©“]Τ“,ό–,Θ­,282014,•ΊΙ§,•PHs,ό–‹ζΘ­,2022[sanitize]06[sanitize]04,16,‚»‚Μ‘Ό,’“Τi—Φjκ,10Ξ‘γ,‚Z¶,{ω‚Ή‚Έ
ή“,©“]Τ“,ό–,Θ­,282014,•ΊΙ§,•PHs,ό–‹ζΘ­,2022[sanitize]07[sanitize]05,08,‚»‚Μ‘Ό,’“Τi—Φjκ,20Ξ‘γ,‚»‚Μ‘Ό,{ω‚Ή‚Έ
ή“,©“]Τ“,ό–,Θ­,282014,•ΊΙ§,•PHs,ό–‹ζΘ­,2022[sanitize]07[sanitize]09,07,‚»‚Μ‘Ό,’“Τi—Φjκ,10Ξ‘γ,‘εw¶,{ω‚Ή‚Έ
ή“,©“]Τ“,ό–,Θ­,282014,•ΊΙ§,•PHs,ό–‹ζΘ­,2022[sanitize]07[sanitize]12,12,‚»‚Μ‘Ό,’“Τi—Φjκ,10Ξ‘γ,‚Z¶,{ω‚µ‚½
ή“,©“]Τ“,ό–,Θ­,282014,•ΊΙ§,•PHs,ό–‹ζΘ­,2022[sanitize]07[sanitize]12,15,‚»‚Μ‘Ό,’“Τi—Φjκ,10Ξ‘γ,‚»‚Μ‘Ό,{ω‚µ‚½
ή“,©“]Τ“,ό–,Θ­,282014,•ΊΙ§,•PHs,ό–‹ζΘ­,2022[sanitize]08[sanitize]10,12,‚»‚Μ‘Ό,’“Τi—Φjκ,10Ξ‘γ,’†w¶,{ω‚Ή‚Έ
ή“,©“]Τ“,ό–,Θ­,282014,•ΊΙ§,•PHs,ό–‹ζΘ­,2022[sanitize]08[sanitize]13,08,‚»‚Μ‘Ό,’“Τi—Φjκ,10Ξ‘γ,’†w¶,{ω‚Ή‚Έ
ή“,©“]Τ“,ό–,Θ­,282014,•ΊΙ§,•PHs,ό–‹ζΘ­,2022[sanitize]09[sanitize]02,18,‚SK‚ΔΘγ‹¤“―Z‘ξ,’“Τi—Φjκ,10Ξ‘γ,’†w¶,{ω‚Ή‚Έ
ή“,©“]Τ“,ό–,Θ­,282014,•ΊΙ§,•PHs,ό–‹ζΘ­,2022[sanitize]09[sanitize]16,06,‚»‚Μ‘Ό,’“Τi—Φjκ,10Ξ‘γ,‘εw¶,{ω‚Ή‚Έ
ή“,©“]Τ“,ό–,Θ­,282014,•ΊΙ§,•PHs,ό–‹ζΘ­,2022[sanitize]10[sanitize]22,10,‚»‚Μ‘Ό,’“Τi—Φjκ,50Ξ‘γ,‚»‚Μ‘Ό,{ω‚µ‚½
ή“,©“]Τ“,ό–,Θ­,282014,•ΊΙ§,•PHs,ό–‹ζΘ­,2022[sanitize]11[sanitize]09,15,’“Τi—Φjκ,’“Τi—Φjκ,10Ξ‘γ,‘εw¶,{ω‚Ή‚Έ
ή“,©“]Τ“,ό–,Θ­,282014,•ΊΙ§,•PHs,ό–‹ζΘ­,2022[sanitize]12[sanitize]24,08,’“Τi—Φjκ,’“Τi—Φjκ,10Ξ‘γ,‚»‚Μ‘Ό,{ω‚µ‚½
ή“,©“]Τ“,ό–,‹{,282014,•ΊΙ§,•PHs,ό–‹ζ\‚Q’–Ϊ,2022[sanitize]06[sanitize]23,21,‚»‚Μ‘Ό‚ΜZ‘ξi‚RK‚ΔΘ‰Ί‹¤“―Z‘ξ“™j,’“Τi—Φjκ,40Ξ‘γ,‚»‚Μ‘Ό,{ω‚µ‚½
ή“,©“]Τ“,ό–,‹{,282014,•ΊΙ§,•PHs,ό–‹ζ{‰Α,2022[sanitize]03[sanitize]20,09,‚»‚Μ‘Ό,’“Τi—Φjκ,10Ξ‘γ,‚Z¶,{ω‚Ή‚Έ
ή“,©“]Τ“,ό–,‹{,282014,•ΊΙ§,•PHs,ό–‹ζΧ],2022[sanitize]01[sanitize]22,14,‚»‚Μ‘Ό,’“Τi—Φjκ,10Ξ‘γ,¬w¶,{ω‚Ή‚Έ
ή“,©“]Τ“,ό–,‹{,282014,•ΊΙ§,•PHs,ό–‹ζΧ],2022[sanitize]02[sanitize]08,14,‚»‚Μ‘Ό,’“Τi—Φjκ,10Ξ‘γ,‚Z¶,{ω‚Ή‚Έ
ή“,©“]Τ“,ό–,‹{,282014,•ΊΙ§,•PHs,ό–‹ζΧ],2022[sanitize]02[sanitize]08,15,‚»‚Μ‘Ό,’“Τi—Φjκ,70ΞΘγ,‚»‚Μ‘Ό,{ω‚Ή‚Έ
ή“,©“]Τ“,ό–,‹{,282014,•ΊΙ§,•PHs,ό–‹ζΧ],2022[sanitize]03[sanitize]04,18,‚»‚Μ‘Ό,’“Τi—Φjκ,10Ξ‘γ,‚Z¶,{ω‚Ή‚Έ
ή“,©“]Τ“,ό–,‹{,282014,•ΊΙ§,•PHs,ό–‹ζΧ],2022[sanitize]04[sanitize]16,10,‚»‚Μ‘Ό,’“Τi—Φjκ,10Ξ‘γ,‚Z¶,{ω‚Ή‚Έ
ή“,©“]Τ“,ό–,‹{,282014,•ΊΙ§,•PHs,ό–‹ζΧ],2022[sanitize]04[sanitize]28,08,‚»‚Μ‘Ό,’“Τi—Φjκ,40Ξ‘γ,‚»‚Μ‘Ό,{ω‚Ή‚Έ
ή“,©“]Τ“,ό–,‹{,282014,•ΊΙ§,•PHs,ό–‹ζΧ],2022[sanitize]05[sanitize]05,12,‚»‚Μ‘Ό,’“Τi—Φjκ,40Ξ‘γ,‚»‚Μ‘Ό,{ω‚µ‚½
ή“,©“]Τ“,ό–,‹{,282014,•ΊΙ§,•PHs,ό–‹ζΧ],2022[sanitize]07[sanitize]22,08,‚»‚Μ‘Ό,’“Τi—Φjκ,60[sanitize]64Ξ,‚»‚Μ‘Ό,{ω‚Ή‚Έ
ή“,©“]Τ“,ό–,‹{,282014,•ΊΙ§,•PHs,ό–‹ζΧ],2022[sanitize]08[sanitize]12,00,‚»‚Μ‘Ό,’“Τi—Φjκ,20Ξ‘γ,‚»‚Μ‘Ό,{ω‚Ή‚Έ
ή“,©“]Τ“,ό–,‹{,282014,•ΊΙ§,•PHs,ό–‹ζΧ],2022[sanitize]08[sanitize]19,16,‚»‚Μ‘Ό,’“Τi—Φjκ,20Ξ‘γ,‚»‚Μ‘Ό,{ω‚Ή‚Έ
ή“,©“]Τ“,ό–,‹{,282014,•ΊΙ§,•PHs,ό–‹ζΧ],2022[sanitize]08[sanitize]30,19,‚SK‚ΔΘγ‹¤“―Z‘ξ,’“Τi—Φjκ,10Ξ‘γ,‘εw¶,{ω‚Ή‚Έ
ή“,©“]Τ“,ό–,‹{,282014,•ΊΙ§,•PHs,ό–‹ζΧ],2022[sanitize]10[sanitize]16,16,‚»‚Μ‘Ό,’“Τi—Φjκ,10Ξ‘γ,’†w¶,{ω‚Ή‚Έ
ή“,©“]Τ“,ό–,‹{,282014,•ΊΙ§,•PHs,ό–‹ζΧ],2022[sanitize]10[sanitize]30,13,‚»‚Μ‘Ό,’“Τi—Φjκ,10Ξ‘γ,‚Z¶,{ω‚Ή‚Έ
ή“,©“]Τ“,ό–,‹{,282014,•ΊΙ§,•PHs,ό–‹ζΧ],2022[sanitize]11[sanitize]14,12,κΛZ‘ξ,’“Τi—Φjκ,70ΞΘγ,‚»‚Μ‘Ό,{ω‚Ή‚Έ
ή“,©“]Τ“,ό–,‹{,282014,•ΊΙ§,•PHs,ό–‹ζΆ¬A–Ψ,2022[sanitize]09[sanitize]18,22,‚»‚Μ‘Ό‚ΜZ‘ξi‚RK‚ΔΘ‰Ί‹¤“―Z‘ξ“™j,’“Τi—Φjκ,10Ξ‘γ,‚»‚Μ‘Ό,{ω‚µ‚½
ή“,©“]Τ“,ό–,δ‘–μ,282014,•ΊΙ§,•PHs,l‹½’¬“Ά•Ϋ,2022[sanitize]07[sanitize]22,17,‚»‚Μ‘Ό‚ΜZ‘ξi‚RK‚ΔΘ‰Ί‹¤“―Z‘ξ“™j,’“Τi—Φjκ,20Ξ‘γ,‚»‚Μ‘Ό,{ω‚Ή‚Έ
ή“,©“]Τ“,ό–,δ‘–μ,282014,•ΊΙ§,•PHs,l‹½’¬“Ά•Ϋ,2022[sanitize]07[sanitize]29,17,‚»‚Μ‘Ό‚ΜZ‘ξi‚RK‚ΔΘ‰Ί‹¤“―Z‘ξ“™j,’“Τi—Φjκ,40Ξ‘γ,‚»‚Μ‘Ό,{ω‚µ‚½
ή“,©“]Τ“,ό–,δ‘–μ,282014,•ΊΙ§,•PHs,l‹½’¬–{‹½,2022[sanitize]10[sanitize]30,17,’“Τi—Φjκ,’“Τi—Φjκ,10Ξ‘γ,‚Z¶,{ω‚Ή‚Έ
ή“,©“]Τ“,ό–,δ‘–μ,282014,•ΊΙ§,•PHs,l‹½’¬©–μ,2021[sanitize]11[sanitize]10,15,‚»‚Μ‘Ό,’“Τi—Φjκ,20Ξ‘γ,‚»‚Μ‘Ό,{ω‚Ή‚Έ
ή“,©“]Τ“,ό–,δ‘–μ,282014,•ΊΙ§,•PHs,l‹½’¬©–μ,2022[sanitize]11[sanitize]07,07,‚»‚Μ‘Ό‚ΜZ‘ξi‚RK‚ΔΘ‰Ί‹¤“―Z‘ξ“™j,’“Τi—Φjκ,20Ξ‘γ,‚»‚Μ‘Ό,{ω‚Ή‚Έ
ή“,©“]Τ“,ό–,δ‘–μ,282014,•ΊΙ§,•PHs,l‹½’¬Re,•s–Ύ,•s–Ύ,‚»‚Μ‘Ό‚ΜZ‘ξi‚RK‚ΔΘ‰Ί‹¤“―Z‘ξ“™j,‚»‚Μ‘Ό,10Ξ‘γ,‚»‚Μ‘Ό,{ω‚Ή‚Έ
ή“,©“]Τ“,ό–,δ‘–μ,282014,•ΊΙ§,•PHs,δ‘–μ’¬‘•ª›,2022[sanitize]09[sanitize]26,10,‚»‚Μ‘Ό,’“Τi—Φjκ,20Ξ‘γ,‘εw¶,{ω‚Ή‚Έ
ή“,©“]Τ“,ό–,δ‘–μ,282014,•ΊΙ§,•PHs,δ‘–μ’¬δ’…,2022[sanitize]01[sanitize]05,16,‚SK‚ΔΘγ‹¤“―Z‘ξ,’“Τi—Φjκ,10Ξ‘γ,‚»‚Μ‘Ό,{ω‚Ή‚Έ
ή“,©“]Τ“,ό–,δ‘–μ,282014,•ΊΙ§,•PHs,δ‘–μ’¬δ’…,2022[sanitize]02[sanitize]06,12,κΛZ‘ξ,’“Τi—Φjκ,10Ξ‘γ,‚Z¶,{ω‚Ή‚Έ
ή“,©“]Τ“,ό–,δ‘–μ,282014,•ΊΙ§,•PHs,δ‘–μ’¬δ’…,2022[sanitize]06[sanitize]09,18,‚SK‚ΔΘγ‹¤“―Z‘ξ,’“Τi—Φjκ,50Ξ‘γ,‚»‚Μ‘Ό,{ω‚µ‚½
ή“,©“]Τ“,ό–,δ‘–μ,282014,•ΊΙ§,•PHs,δ‘–μ’¬δ’…,2022[sanitize]07[sanitize]15,12,’“Τi—Φjκ,’“Τi—Φjκ,10Ξ‘γ,’†w¶,{ω‚Ή‚Έ
ή“,©“]Τ“,ό–,δ‘–μ,282014,•ΊΙ§,•PHs,δ‘–μ’¬δ’…,2022[sanitize]07[sanitize]15,17,‚»‚Μ‘Ό,’“Τi—Φjκ,10Ξ‘γ,‚Z¶,{ω‚Ή‚Έ
ή“,©“]Τ“,ό–,δ‘–μ,282014,•ΊΙ§,•PHs,δ‘–μ’¬δ’…,2022[sanitize]08[sanitize]10,18,‚SK‚ΔΘγ‹¤“―Z‘ξ,’“Τi—Φjκ,20Ξ‘γ,‚»‚Μ‘Ό,{ω‚Ή‚Έ
ή“,©“]Τ“,ό–,δ‘–μ,282014,•ΊΙ§,•PHs,δ‘–μ’¬δ’…,2022[sanitize]08[sanitize]18,06,‚»‚Μ‘Ό,’“Τi—Φjκ,20Ξ‘γ,‚»‚Μ‘Ό,{ω‚Ή‚Έ
ή“,©“]Τ“,ό–,δ‘–μ,282014,•ΊΙ§,•PHs,δ‘–μ’¬δ’…,2022[sanitize]09[sanitize]29,08,’“Τi—Φjκ,’“Τi—Φjκ,20Ξ‘γ,‘εw¶,{ω‚Ή‚Έ
ή“,©“]Τ“,ό–,δ‘–μ,282014,•ΊΙ§,•PHs,δ‘–μ’¬δ’…,2022[sanitize]11[sanitize]01,06,‚»‚Μ‘Ό,’“Τi—Φjκ,40Ξ‘γ,‚»‚Μ‘Ό,{ω‚Ή‚Έ
ή“,©“]Τ“,ό–,δ‘–μ,282014,•ΊΙ§,•PHs,δ‘–μ’¬δ’…,2022[sanitize]11[sanitize]17,20,’“Τi—Φjκ,’“Τi—Φjκ,20Ξ‘γ,‘εw¶,{ω‚µ‚½
ή“,©“]Τ“,ό–,vΔ‹΄,282014,•ΊΙ§,•PHs,ό–‹ζ΅έ‰Ζ‚R’–Ϊ,2022[sanitize]06[sanitize]25,12,‚»‚Μ‘Ό‚ΜZ‘ξi‚RK‚ΔΘ‰Ί‹¤“―Z‘ξ“™j,’“Τi—Φjκ,70ΞΘγ,‚»‚Μ‘Ό,{ω‚Ή‚Έ
ή“,©“]Τ“,ό–,vΔ‹΄,282014,•ΊΙ§,•PHs,ό–‹ζ΅έ‰Ζ‚S’–Ϊ,2022[sanitize]03[sanitize]15,10,‚»‚Μ‘Ό,’“Τi—Φjκ,10Ξ‘γ,‚Z¶,{ω‚Ή‚Έ
ή“,©“]Τ“,ό–,vΔ‹΄,282014,•ΊΙ§,•PHs,ό–‹ζ΅έ‰Ζ‚S’–Ϊ,2022[sanitize]06[sanitize]22,11,‚»‚Μ‘Ό,’“Τi—Φjκ,20Ξ‘γ,‘εw¶,{ω‚Ή‚Έ
ή“,©“]Τ“,ό–,vΔ‹΄,282014,•ΊΙ§,•PHs,ό–‹ζ΅έ‰Ζ‚S’–Ϊ,2022[sanitize]09[sanitize]26,09,‚»‚Μ‘Ό,’“Τi—Φjκ,20Ξ‘γ,‘εw¶,{ω‚µ‚½
ή“,©“]Τ“,ό–,vΔ‹΄,282014,•ΊΙ§,•PHs,ό–‹ζ΅έ‰Ζ‚S’–Ϊ,2022[sanitize]11[sanitize]05,07,‚»‚Μ‘Ό,’“Τi—Φjκ,20Ξ‘γ,‚»‚Μ‘Ό,{ω‚Ή‚Έ
ή“,©“]Τ“,ό–,vΔ‹΄,282014,•ΊΙ§,•PHs,ό–‹ζ\‚R’–Ϊ,2022[sanitize]06[sanitize]22,18,‚»‚Μ‘Ό‚ΜZ‘ξi‚RK‚ΔΘ‰Ί‹¤“―Z‘ξ“™j,’“Τi—Φjκ,20Ξ‘γ,‚»‚Μ‘Ό,{ω‚Ή‚Έ
ή“,©“]Τ“,ό–,vΔ‹΄,282014,•ΊΙ§,•PHs,ό–‹ζ\‚T’–Ϊ,2022[sanitize]07[sanitize]15,01,‚SK‚ΔΘγ‹¤“―Z‘ξ,’“Τi—Φjκ,30Ξ‘γ,‚»‚Μ‘Ό,{ω‚Ή‚Έ
ή“,©“]Τ“,ό–,vΔ‹΄,282014,•ΊΙ§,•PHs,ό–‹ζ‰Α–Ξ,2022[sanitize]02[sanitize]01,18,‚SK‚ΔΘγ‹¤“―Z‘ξ,’“Τi—Φjκ,20Ξ‘γ,‚»‚Μ‘Ό,{ω‚µ‚½
ή“,©“]Τ“,ό–,vΔ‹΄,282014,•ΊΙ§,•PHs,ό–‹ζ‰Α–Ξ,2022[sanitize]07[sanitize]17,04,‚»‚Μ‘Ό‚ΜZ‘ξi‚RK‚ΔΘ‰Ί‹¤“―Z‘ξ“™j,’“Τi—Φjκ,20Ξ‘γ,‚»‚Μ‘Ό,{ω‚Ή‚Έ
ή“,©“]Τ“,ό–,vΔ‹΄,282014,•ΊΙ§,•PHs,ό–‹ζ‰Α–Ξ,2022[sanitize]09[sanitize]11,20,‚»‚Μ‘Ό‚ΜZ‘ξi‚RK‚ΔΘ‰Ί‹¤“―Z‘ξ“™j,‚»‚Μ‘Ό,50Ξ‘γ,‚»‚Μ‘Ό,{ω‚Ή‚Έ
ή“,©“]Τ“,ό–,vΔ‹΄,282014,•ΊΙ§,•PHs,ό–‹ζ‰Α–Ξ,2022[sanitize]10[sanitize]22,22,‚»‚Μ‘Ό‚ΜZ‘ξi‚RK‚ΔΘ‰Ί‹¤“―Z‘ξ“™j,‚»‚Μ‘Ό,30Ξ‘γ,‚»‚Μ‘Ό,{ω‚Ή‚Έ
ή“,©“]Τ“,ό–,vΔ‹΄,282014,•ΊΙ§,•PHs,ό–‹ζδψ–μ’¬,2022[sanitize]08[sanitize]17,23,κΛZ‘ξ,’“Τi—Φjκ,40Ξ‘γ,‚»‚Μ‘Ό,{ω‚µ‚½
ή“,©“]Τ“,ό–,vΔ‹΄,282014,•ΊΙ§,•PHs,ό–‹ζδψ–μ’¬,2022[sanitize]11[sanitize]05,10,‚»‚Μ‘Ό‚ΜZ‘ξi‚RK‚ΔΘ‰Ί‹¤“―Z‘ξ“™j,’“Τi—Φjκ,10Ξ‘γ,‚Z¶,{ω‚Ή‚Έ
ή“,©“]Τ“,ό–,θ•Ώ,282014,•ΊΙ§,•PHs,”Ρ“c‚P’–Ϊ,2022[sanitize]10[sanitize]03,18,‚»‚Μ‘Ό‚ΜZ‘ξi‚RK‚ΔΘ‰Ί‹¤“―Z‘ξ“™j,’“Τi—Φjκ,20Ξ‘γ,‚»‚Μ‘Ό,{ω‚Ή‚Έ
ή“,©“]Τ“,ό–,θ•Ώ,282014,•ΊΙ§,•PHs,”Ρ“c‚P’–Ϊ,2022[sanitize]10[sanitize]06,21,‚SK‚ΔΘγ‹¤“―Z‘ξ,’“Τi—Φjκ,10Ξ‘γ,‚Z¶,{ω‚Ή‚Έ
ή“,©“]Τ“,ό–,θ•Ώ,282014,•ΊΙ§,•PHs,‹TR,2021[sanitize]07[sanitize]30,19,’“Τi—Φjκ,’“Τi—Φjκ,30Ξ‘γ,‚»‚Μ‘Ό,{ω‚Ή‚Έ
ή“,©“]Τ“,ό–,θ•Ώ,282014,•ΊΙ§,•PHs,‹TR,2021[sanitize]12[sanitize]26,07,‚»‚Μ‘Ό,’“Τi—Φjκ,10Ξ‘γ,‚Z¶,{ω‚Ή‚Έ
ή“,©“]Τ“,ό–,θ•Ώ,282014,•ΊΙ§,•PHs,‹TR,2022[sanitize]01[sanitize]16,07,‚»‚Μ‘Ό,’“Τi—Φjκ,10Ξ‘γ,‚Z¶,{ω‚Ή‚Έ
ή“,©“]Τ“,ό–,θ•Ώ,282014,•ΊΙ§,•PHs,‹TR,2022[sanitize]03[sanitize]04,08,‚»‚Μ‘Ό,’“Τi—Φjκ,20Ξ‘γ,‚»‚Μ‘Ό,{ω‚Ή‚Έ
ή“,©“]Τ“,ό–,θ•Ώ,282014,•ΊΙ§,•PHs,‹TR,2022[sanitize]04[sanitize]19,08,‚»‚Μ‘Ό,’“Τi—Φjκ,40Ξ‘γ,‚»‚Μ‘Ό,{ω‚µ‚½
ή“,©“]Τ“,ό–,θ•Ώ,282014,•ΊΙ§,•PHs,‹TR,2022[sanitize]05[sanitize]05,19,‚SK‚ΔΘγ‹¤“―Z‘ξ,’“Τi—Φjκ,20Ξ‘γ,‚»‚Μ‘Ό,{ω‚Ή‚Έ
ή“,©“]Τ“,ό–,θ•Ώ,282014,•ΊΙ§,•PHs,‹TR,2022[sanitize]06[sanitize]04,21,‚»‚Μ‘Ό,’“Τi—Φjκ,10Ξ‘γ,‚»‚Μ‘Ό,{ω‚Ή‚Έ
ή“,©“]Τ“,ό–,θ•Ώ,282014,•ΊΙ§,•PHs,‹TR,2022[sanitize]06[sanitize]16,07,‚»‚Μ‘Ό,’“Τi—Φjκ,10Ξ‘γ,‚»‚Μ‘Ό,{ω‚µ‚½
ή“,©“]Τ“,ό–,θ•Ώ,282014,•ΊΙ§,•PHs,‹TR,2022[sanitize]06[sanitize]20,09,‚»‚Μ‘Ό,’“Τi—Φjκ,20Ξ‘γ,‘εw¶,{ω‚Ή‚Έ
ή“,©“]Τ“,ό–,θ•Ώ,282014,•ΊΙ§,•PHs,‹TR,2022[sanitize]06[sanitize]25,15,“ΉHγ,‚»‚Μ‘Ό,10Ξ‘γ,’†w¶,{ω‚Ή‚Έ
ή“,©“]Τ“,ό–,θ•Ώ,282014,•ΊΙ§,•PHs,‹TR,2022[sanitize]07[sanitize]11,08,‚»‚Μ‘Ό,’“Τi—Φjκ,20Ξ‘γ,‚»‚Μ‘Ό,{ω‚Ή‚Έ
ή“,©“]Τ“,ό–,θ•Ώ,282014,•ΊΙ§,•PHs,‹TR,2022[sanitize]07[sanitize]13,08,‚»‚Μ‘Ό,’“Τi—Φjκ,10Ξ‘γ,‚»‚Μ‘Ό,{ω‚Ή‚Έ
ή“,©“]Τ“,ό–,θ•Ώ,282014,•ΊΙ§,•PHs,‹TR,2022[sanitize]07[sanitize]23,06,‚»‚Μ‘Ό,’“Τi—Φjκ,20Ξ‘γ,‚»‚Μ‘Ό,{ω‚Ή‚Έ
ή“,©“]Τ“,ό–,θ•Ώ,282014,•ΊΙ§,•PHs,‹TR,2022[sanitize]08[sanitize]12,07,‚»‚Μ‘Ό,’“Τi—Φjκ,10Ξ‘γ,‚»‚Μ‘Ό,{ω‚Ή‚Έ
ή“,©“]Τ“,ό–,θ•Ώ,282014,•ΊΙ§,•PHs,‹TR,2022[sanitize]08[sanitize]14,10,‚»‚Μ‘Ό,’“Τi—Φjκ,20Ξ‘γ,‚»‚Μ‘Ό,{ω‚µ‚½
ή“,©“]Τ“,ό–,θ•Ώ,282014,•ΊΙ§,•PHs,‹TR,2022[sanitize]09[sanitize]07,08,‚»‚Μ‘Ό,’“Τi—Φjκ,10Ξ‘γ,‘εw¶,{ω‚µ‚½
ή“,©“]Τ“,ό–,θ•Ώ,282014,•ΊΙ§,•PHs,‹TR,2022[sanitize]09[sanitize]18,08,‚»‚Μ‘Ό,’“Τi—Φjκ,20Ξ‘γ,‘εw¶,{ω‚Ή‚Έ
ή“,©“]Τ“,ό–,θ•Ώ,282014,•ΊΙ§,•PHs,‹TR,2022[sanitize]10[sanitize]16,11,’“Τi—Φjκ,’“Τi—Φjκ,10Ξ‘γ,‚Z¶,{ω‚Ή‚Έ
ή“,©“]Τ“,ό–,θ•Ώ,282014,•ΊΙ§,•PHs,‹TR,2022[sanitize]11[sanitize]03,06,‚»‚Μ‘Ό,’“Τi—Φjκ,20Ξ‘γ,‚»‚Μ‘Ό,{ω‚Ή‚Έ
ή“,©“]Τ“,ό–,θ•Ώ,282014,•ΊΙ§,•PHs,‹TR,2022[sanitize]11[sanitize]05,06,‚»‚Μ‘Ό,’“Τi—Φjκ,10Ξ‘γ,’†w¶,{ω‚Ή‚Έ
ή“,©“]Τ“,ό–,θ•Ώ,282014,•ΊΙ§,•PHs,‹TR,2022[sanitize]11[sanitize]09,07,’“Τi—Φjκ,’“Τi—Φjκ,10Ξ‘γ,’†w¶,{ω‚µ‚½
ή“,©“]Τ“,ό–,θ•Ώ,282014,•ΊΙ§,•PHs,‹TR,2022[sanitize]12[sanitize]06,07,‚»‚Μ‘Ό,’“Τi—Φjκ,40Ξ‘γ,‚»‚Μ‘Ό,{ω‚Ή‚Έ
ή“,©“]Τ“,ό–,θ•Ώ,282014,•ΊΙ§,•PHs,‹TR,2022[sanitize]12[sanitize]06,20,‚»‚Μ‘Ό‚ΜZ‘ξi‚RK‚ΔΘ‰Ί‹¤“―Z‘ξ“™j,’“Τi—Φjκ,20Ξ‘γ,‚»‚Μ‘Ό,{ω‚µ‚½
ή“,©“]Τ“,ό–,θ•Ώ,282014,•ΊΙ§,•PHs,‹TR‚P’–Ϊ,2022[sanitize]10[sanitize]08,19,‚»‚Μ‘Ό,’“Τi—Φjκ,10Ξ‘γ,’†w¶,{ω‚Ή‚Έ
ή“,©“]Τ“,ό–,θ•Ώ,282014,•ΊΙ§,•PHs,θ•Ώ‚P’–Ϊ,2022[sanitize]08[sanitize]13,14,‚SK‚ΔΘγ‹¤“―Z‘ξ,’“Τi—Φjκ,50Ξ‘γ,‚»‚Μ‘Ό,{ω‚Ή‚Έ
ή“,©“]Τ“,ό–,θ•Ώ,282014,•ΊΙ§,•PHs,θ•Ώ‚P’–Ϊ,2022[sanitize]09[sanitize]04,09,‚SK‚ΔΘγ‹¤“―Z‘ξ,’“Τi—Φjκ,20Ξ‘γ,‚»‚Μ‘Ό,{ω‚Ή‚Έ
ή“,©“]Τ“,ό–,θ•Ώ,282014,•ΊΙ§,•PHs,θ•Ώ‚P’–Ϊ,2022[sanitize]11[sanitize]09,19,‚»‚Μ‘Ό‚ΜZ‘ξi‚RK‚ΔΘ‰Ί‹¤“―Z‘ξ“™j,’“Τi—Φjκ,10Ξ‘γ,’†w¶,{ω‚Ή‚Έ
ή“,©“]Τ“,ό–,θ•Ώ,282014,•ΊΙ§,•PHs,θ•Ώ‚Q’–Ϊ,2022[sanitize]07[sanitize]02,20,‚»‚Μ‘Ό‚ΜZ‘ξi‚RK‚ΔΘ‰Ί‹¤“―Z‘ξ“™j,’“Τi—Φjκ,10Ξ‘γ,‚Z¶,{ω‚Ή‚Έ
ή“,©“]Τ“,ό–,θ•Ώ,282014,•ΊΙ§,•PHs,Ό‰„––,2021[sanitize]10[sanitize]14,20,‚»‚Μ‘Ό,’“Τi—Φjκ,20Ξ‘γ,‚»‚Μ‘Ό,{ω‚Ή‚Έ
ή“,©“]Τ“,ό–,θ•Ώ,282014,•ΊΙ§,•PHs,Ό‰„––,2022[sanitize]06[sanitize]27,16,‚»‚Μ‘Ό,’“Τi—Φjκ,20Ξ‘γ,‚»‚Μ‘Ό,{ω‚Ή‚Έ
ή“,©“]Τ“,ό–,θ•Ώ,282014,•ΊΙ§,•PHs,Ό‰„––,2022[sanitize]11[sanitize]27,18,‚»‚Μ‘Ό‚ΜZ‘ξi‚RK‚ΔΘ‰Ί‹¤“―Z‘ξ“™j,’“Τi—Φjκ,20Ξ‘γ,‚»‚Μ‘Ό,{ω‚Ή‚Έ
ή“,©“]Τ“,ό–,θ•Ώ,282014,•ΊΙ§,•PHs,‰„––,2022[sanitize]02[sanitize]13,15,‚SK‚ΔΘγ‹¤“―Z‘ξ,’“Τi—Φjκ,20Ξ‘γ,‚»‚Μ‘Ό,{ω‚µ‚½
ή“,©“]Τ“,ό–,θ•Ώ,282014,•ΊΙ§,•PHs,‰„––,2022[sanitize]07[sanitize]09,15,‚»‚Μ‘Ό,’“Τi—Φjκ,10Ξ‘γ,‚Z¶,{ω‚Ή‚Έ
ή“,©“]Τ“,ό–,θ•Ώ,282014,•ΊΙ§,•PHs,‰„––,2022[sanitize]09[sanitize]04,08,‚»‚Μ‘Ό,’“Τi—Φjκ,30Ξ‘γ,‚»‚Μ‘Ό,{ω‚Ή‚Έ
ή“,©“]Τ“,ό–,θ•Ώ,282014,•ΊΙ§,•PHs,‰„––,2022[sanitize]10[sanitize]22,16,‚»‚Μ‘Ό,’“Τi—Φjκ,20Ξ‘γ,‚»‚Μ‘Ό,{ω‚Ή‚Έ
ή“,©“]Τ“,ό–,θ•Ώ,282014,•ΊΙ§,•PHs,“‰„––,2022[sanitize]11[sanitize]08,07,‚»‚Μ‘Ό,’“Τi—Φjκ,10Ξ‘γ,‚»‚Μ‘Ό,{ω‚µ‚½
ή“,©“]Τ“,ό–,θ•Ώ,282014,•ΊΙ§,•PHs,“‰„––‚Q’–Ϊ,2022[sanitize]06[sanitize]24,08,“ΉHγ,‚»‚Μ‘Ό,30Ξ‘γ,‚»‚Μ‘Ό,{ω‚µ‚½
ή“,©“]Τ“,ό–,θ•Ώ,282014,•ΊΙ§,•PHs,“‰„––‚Q’–Ϊ,2022[sanitize]09[sanitize]04,21,‚SK‚ΔΘγ‹¤“―Z‘ξ,’“Τi—Φjκ,10Ξ‘γ,‚Z¶,{ω‚Ή‚Έ
ή“,©“]Τ“,ό–,θ•Ώ,282014,•ΊΙ§,•PHs,“‰„––‚Q’–Ϊ,2022[sanitize]10[sanitize]03,22,κΛZ‘ξ,’“Τi—Φjκ,20Ξ‘γ,‚»‚Μ‘Ό,{ω‚Ή‚Έ
ή“,©“]Τ“,ό–,θ•Ώ,282014,•ΊΙ§,•PHs,“‰„––‚R’–Ϊ,2022[sanitize]05[sanitize]21,00,‚»‚Μ‘Ό,’“Τi—Φjκ,30Ξ‘γ,‚»‚Μ‘Ό,{ω‚µ‚½
ή“,©“]Τ“,ό–,θ•Ώ,282014,•ΊΙ§,•PHs,“‰„––‚S’–Ϊ,2022[sanitize]05[sanitize]28,13,‚»‚Μ‘Ό‚ΜZ‘ξi‚RK‚ΔΘ‰Ί‹¤“―Z‘ξ“™j,’“Τi—Φjκ,50Ξ‘γ,‚»‚Μ‘Ό,{ω‚Ή‚Έ
ή“,©“]Τ“,ό–,θ•Ώ,282014,•ΊΙ§,•PHs,“‰„––‚S’–Ϊ,2022[sanitize]10[sanitize]24,20,‚»‚Μ‘Ό‚ΜZ‘ξi‚RK‚ΔΘ‰Ί‹¤“―Z‘ξ“™j,’“Τi—Φjκ,30Ξ‘γ,‚»‚Μ‘Ό,{ω‚Ή‚Έ
ή“,©“]Τ“,ό–,θ•Ώ,282014,•ΊΙ§,•PHs,“‰„––‚T’–Ϊ,2022[sanitize]07[sanitize]25,16,‚»‚Μ‘Ό,’“Τi—Φjκ,10Ξ‘γ,‚Z¶,{ω‚Ή‚Έ
ή“,©“]Τ“,ό–,θ•Ώ,282014,•ΊΙ§,•PHs,ΐ“c‚Q’–Ϊ,2022[sanitize]03[sanitize]31,18,‚SK‚ΔΘγ‹¤“―Z‘ξ,’“Τi—Φjκ,10Ξ‘γ,’†w¶,{ω‚Ή‚Έ
ή“,©“]Τ“,ό–,θ•Ώ,282014,•ΊΙ§,•PHs,ΐ“c‚Q’–Ϊ,2022[sanitize]11[sanitize]20,16,‚»‚Μ‘Ό,’“Τi—Φjκ,20Ξ‘γ,‚»‚Μ‘Ό,{ω‚Ή‚Έ
ή“,©“]Τ“,ό–,θ•Ώ,282014,•ΊΙ§,•PHs,ΐ“c‚R’–Ϊ,2022[sanitize]06[sanitize]10,08,‚»‚Μ‘Ό,’“Τi—Φjκ,30Ξ‘γ,‚»‚Μ‘Ό,{ω‚µ‚½
ή“,©“]Τ“,ό–,θ•Ώ,282014,•ΊΙ§,•PHs,ΐ“c‚R’–Ϊ,2022[sanitize]07[sanitize]06,09,‚»‚Μ‘Ό,’“Τi—Φjκ,20Ξ‘γ,‚»‚Μ‘Ό,{ω‚Ή‚Έ
ή“,©“]Τ“,ό–,θ•Ώ,282014,•ΊΙ§,•PHs,ΐ“c‚R’–Ϊ,2022[sanitize]10[sanitize]07,12,‚»‚Μ‘Ό‚ΜZ‘ξi‚RK‚ΔΘ‰Ί‹¤“―Z‘ξ“™j,’“Τi—Φjκ,10Ξ‘γ,‚»‚Μ‘Ό,{ω‚Ή‚Έ
ή“,©“]Τ“,ό–,θ•Ώ,282014,•ΊΙ§,•PHs,ΐ“c‚S’–Ϊ,2022[sanitize]08[sanitize]16,11,‚»‚Μ‘Ό,’“Τi—Φjκ,10Ξ‘γ,‚Z¶,{ω‚Ή‚Έ
ή“,©“]Τ“,ό–,θ•Ώ,282014,•ΊΙ§,•PHs,ΐ“c‚S’–Ϊ,2022[sanitize]09[sanitize]03,17,‚»‚Μ‘Ό,’“Τi—Φjκ,20Ξ‘γ,‘εw¶,{ω‚Ή‚Έ
ή“,©“]Τ“,ό–,“R,282014,•ΊΙ§,•PHs,–k΄,2022[sanitize]07[sanitize]22,22,‚SK‚ΔΘγ‹¤“―Z‘ξ,’“Τi—Φjκ,20Ξ‘γ,‚»‚Μ‘Ό,{ω‚Ή‚Έ
ή“,©“]Τ“,ό–,“R,282014,•ΊΙ§,•PHs,–k΄,2022[sanitize]10[sanitize]17,07,‚»‚Μ‘Ό‚ΜZ‘ξi‚RK‚ΔΘ‰Ί‹¤“―Z‘ξ“™j,’“Τi—Φjκ,30Ξ‘γ,‚»‚Μ‘Ό,{ω‚µ‚½
ή“,©“]Τ“,ό–,“R,282014,•ΊΙ§,•PHs,”’•l’¬,2022[sanitize]12[sanitize]01,15,κΛZ‘ξ,‚»‚Μ‘Ό,10Ξ‘γ,’†w¶,{ω‚Ή‚Έ
ή“,©“]Τ“,ό–,“R,282014,•ΊΙ§,•PHs,“R,2022[sanitize]09[sanitize]03,19,‚»‚Μ‘Ό‚ΜZ‘ξi‚RK‚ΔΘ‰Ί‹¤“―Z‘ξ“™j,’“Τi—Φjκ,40Ξ‘γ,‚»‚Μ‘Ό,{ω‚µ‚½
ή“,©“]Τ“,ό–,“R,282014,•ΊΙ§,•PHs,“R,2022[sanitize]10[sanitize]14,17,κΛZ‘ξ,’“Τi—Φjκ,70ΞΘγ,‚»‚Μ‘Ό,{ω‚Ή‚Έ
ή“,©“]Τ“,ό–,“R,282014,•ΊΙ§,•PHs,“R,2022[sanitize]10[sanitize]21,12,κΛZ‘ξ,’“Τi—Φjκ,65[sanitize]69Ξ,‚»‚Μ‘Ό,{ω‚Ή‚Έ
ή“,©“]Τ“,ό–,΄…,282014,•ΊΙ§,•PHs,ό–‹ζb”όπ,2021[sanitize]12[sanitize]25,11,‚»‚Μ‘Ό,’“Τi—Φjκ,20Ξ‘γ,‚»‚Μ‘Ό,{ω‚Ή‚Έ
ή“,©“]Τ“,ό–,΄…,282014,•ΊΙ§,•PHs,ό–‹ζb”όπ,2022[sanitize]02[sanitize]09,11,‚SK‚ΔΘγ‹¤“―Z‘ξ,’“Τi—Φjκ,70ΞΘγ,‚»‚Μ‘Ό,{ω‚µ‚½
ή“,©“]Τ“,ό–,΄…,282014,•ΊΙ§,•PHs,ό–‹ζb”όπ,2022[sanitize]07[sanitize]30,13,‚»‚Μ‘Ό‚ΜZ‘ξi‚RK‚ΔΘ‰Ί‹¤“―Z‘ξ“™j,‚»‚Μ‘Ό,10Ξ‘γ,‚Z¶,{ω‚Ή‚Έ
ή“,©“]Τ“,ό–,΄…,282014,•ΊΙ§,•PHs,ό–‹ζb”όπ,2022[sanitize]10[sanitize]08,17,‚»‚Μ‘Ό,’“Τi—Φjκ,10Ξ‘γ,‚Z¶,{ω‚Ή‚Έ
ή“,©“]Τ“,ό–,΄…,282014,•ΊΙ§,•PHs,ό–‹ζb”όπ,•s–Ύ,•s–Ύ,‚SK‚ΔΘγ‹¤“―Z‘ξ,’“Τi—Φjκ,10Ξ‘γ,’†w¶,{ω‚Ή‚Έ
ή“,©“]Τ“,ό–,΄…,282014,•ΊΙ§,•PHs,ό–‹ζ΄…,2021[sanitize]10[sanitize]01,00,‚SK‚ΔΘγ‹¤“―Z‘ξ,’“Τi—Φjκ,50Ξ‘γ,‚»‚Μ‘Ό,{ω‚µ‚½
ή“,©“]Τ“,ό–,΄…,282014,•ΊΙ§,•PHs,ό–‹ζ΄…,2022[sanitize]05[sanitize]21,10,‚»‚Μ‘Ό,’“Τi—Φjκ,10Ξ‘γ,‘εw¶,{ω‚µ‚½
ή“,©“]Τ“,ό–,΄…,282014,•ΊΙ§,•PHs,ό–‹ζ΄…,2022[sanitize]05[sanitize]26,10,‚»‚Μ‘Ό,’“Τi—Φjκ,20Ξ‘γ,‘εw¶,{ω‚Ή‚Έ
ή“,©“]Τ“,ό–,΄…,282014,•ΊΙ§,•PHs,ό–‹ζ΄…,2022[sanitize]06[sanitize]20,15,“ΉHγ,‚»‚Μ‘Ό,10Ξ‘γ,’†w¶,{ω‚Ή‚Έ
ή“,©“]Τ“,ό–,΄…,282014,•ΊΙ§,•PHs,ό–‹ζ΄…,2022[sanitize]07[sanitize]08,06,’“Τi—Φjκ,’“Τi—Φjκ,10Ξ‘γ,‘εw¶,{ω‚Ή‚Έ
ή“,©“]Τ“,ό–,΄…,282014,•ΊΙ§,•PHs,ό–‹ζ΄…,2022[sanitize]10[sanitize]15,14,‚»‚Μ‘Ό,’“Τi—Φjκ,40Ξ‘γ,‚»‚Μ‘Ό,{ω‚Ή‚Έ
ή“,©“]Τ“,ό–,΄…,282014,•ΊΙ§,•PHs,ό–‹ζ΄…,2022[sanitize]10[sanitize]17,14,‚»‚Μ‘Ό,’“Τi—Φjκ,20Ξ‘γ,‘εw¶,{ω‚µ‚½
ή“,©“]Τ“,ό–,΄…,282014,•ΊΙ§,•PHs,ό–‹ζ΄…,2022[sanitize]10[sanitize]26,07,’“Τi—Φjκ,’“Τi—Φjκ,30Ξ‘γ,‚»‚Μ‘Ό,{ω‚Ή‚Έ
ή“,©“]Τ“,ό–,΄…,282014,•ΊΙ§,•PHs,ό–‹ζ΄…,2022[sanitize]11[sanitize]18,19,’“Τi—Φjκ,’“Τi—Φjκ,30Ξ‘γ,‚»‚Μ‘Ό,{ω‚Ή‚Έ
ή“,©“]Τ“,ό–,΄…,282014,•ΊΙ§,•PHs,ό–‹ζ΄…‚P’–Ϊ,2022[sanitize]08[sanitize]15,12,’“Τi—Φjκ,’“Τi—Φjκ,10Ξ‘γ,‚Z¶,{ω‚Ή‚Έ
ή“,©“]Τ“,ό–,΄…,282014,•ΊΙ§,•PHs,ό–‹ζ΄…‚P’–Ϊ,2022[sanitize]09[sanitize]02,06,’“Τi—Φjκ,’“Τi—Φjκ,20Ξ‘γ,‚»‚Μ‘Ό,{ω‚Ή‚Έ
ή“,©“]Τ“,ό–,΄…,282014,•ΊΙ§,•PHs,ό–‹ζ΄…‚P’–Ϊ,2022[sanitize]09[sanitize]05,06,’“Τi—Φjκ,’“Τi—Φjκ,10Ξ‘γ,‚Z¶,{ω‚µ‚½
ή“,©“]Τ“,ό–,΄…,282014,•ΊΙ§,•PHs,ό–‹ζ΄…‚P’–Ϊ,2022[sanitize]09[sanitize]20,13,‚SK‚ΔΘγ‹¤“―Z‘ξ,’“Τi—Φjκ,50Ξ‘γ,‚»‚Μ‘Ό,{ω‚Ή‚Έ
ή“,©“]Τ“,ό–,΄…,282014,•ΊΙ§,•PHs,ό–‹ζ‹Κ’n,2022[sanitize]07[sanitize]29,18,’“Τi—Φjκ,’“Τi—Φjκ,10Ξ‘γ,‚Z¶,{ω‚Ή‚Έ
ή“,©“]Τ“,ό–,΄…,282014,•ΊΙ§,•PHs,ό–‹ζ‹Κ’n,2022[sanitize]10[sanitize]26,06,‚»‚Μ‘Ό,’“Τi—Φjκ,10Ξ‘γ,‚Z¶,{ω‚Ή‚Έ
ή“,©“]Τ“,ό–,΄…,282014,•ΊΙ§,•PHs,ό–‹ζ‹Κ’n,2022[sanitize]12[sanitize]03,20,‚»‚Μ‘Ό,‚»‚Μ‘Ό,20Ξ‘γ,‚»‚Μ‘Ό,{ω‚Ή‚Έ
ή“,©“]Τ“,ό–,΄…,282014,•ΊΙ§,•PHs,ό–‹ζ‹Κ’n‚P’–Ϊ,2021[sanitize]12[sanitize]23,14,κΛZ‘ξ,’“Τi—Φjκ,10Ξ‘γ,‚Z¶,{ω‚Ή‚Έ
ή“,©“]Τ“,ό–,΄…,282014,•ΊΙ§,•PHs,ό–‹ζ‹Κ’n‚P’–Ϊ,2022[sanitize]04[sanitize]21,18,‚SK‚ΔΘγ‹¤“―Z‘ξ,‚»‚Μ‘Ό,10Ξ‘γ,¬w¶,{ω‚Ή‚Έ
ή“,©“]Τ“,ό–,΄…,282014,•ΊΙ§,•PHs,ό–‹ζ‹Κ’n‚P’–Ϊ,2022[sanitize]06[sanitize]17,07,‚»‚Μ‘Ό,’“Τi—Φjκ,10Ξ‘γ,‚Z¶,{ω‚Ή‚Έ
ή“,©“]Τ“,ό–,΄…,282014,•ΊΙ§,•PHs,ό–‹ζ‹Κ’n‚P’–Ϊ,2022[sanitize]11[sanitize]22,07,’“Τi—Φjκ,’“Τi—Φjκ,10Ξ‘γ,‚»‚Μ‘Ό,{ω‚Ή‚Έ
ή“,©“]Τ“,ό–,΄…,282014,•ΊΙ§,•PHs,ό–‹ζO‘ξ‚Q’–Ϊ,2022[sanitize]02[sanitize]18,08,‚»‚Μ‘Ό,’“Τi—Φjκ,20Ξ‘γ,‚»‚Μ‘Ό,{ω‚Ή‚Έ
ή“,©“]Τ“,ό–,”’•l,282014,•ΊΙ§,•PHs,”’•l’¬,2020[sanitize]09[sanitize]10,11,’“Τi—Φjκ,’“Τi—Φjκ,60[sanitize]64Ξ,‚»‚Μ‘Ό,{ω‚Ή‚Έ
ή“,©“]Τ“,ό–,”’•l,282014,•ΊΙ§,•PHs,”’•l’¬,2022[sanitize]01[sanitize]05,07,‚»‚Μ‘Ό,’“Τi—Φjκ,40Ξ‘γ,‚»‚Μ‘Ό,{ω‚Ή‚Έ
ή“,©“]Τ“,ό–,”’•l,282014,•ΊΙ§,•PHs,”’•l’¬,2022[sanitize]01[sanitize]17,08,‚»‚Μ‘Ό,’“Τi—Φjκ,30Ξ‘γ,‚»‚Μ‘Ό,{ω‚µ‚½
ή“,©“]Τ“,ό–,”’•l,282014,•ΊΙ§,•PHs,”’•l’¬,2022[sanitize]02[sanitize]12,10,‚»‚Μ‘Ό,’“Τi—Φjκ,20Ξ‘γ,‘εw¶,{ω‚Ή‚Έ
ή“,©“]Τ“,ό–,”’•l,282014,•ΊΙ§,•PHs,”’•l’¬,2022[sanitize]02[sanitize]20,17,‚SK‚ΔΘγ‹¤“―Z‘ξ,’“Τi—Φjκ,10Ξ‘γ,’†w¶,{ω‚µ‚½
ή“,©“]Τ“,ό–,”’•l,282014,•ΊΙ§,•PHs,”’•l’¬,2022[sanitize]02[sanitize]22,07,‚»‚Μ‘Ό,’“Τi—Φjκ,10Ξ‘γ,‚Z¶,{ω‚Ή‚Έ
ή“,©“]Τ“,ό–,”’•l,282014,•ΊΙ§,•PHs,”’•l’¬,2022[sanitize]02[sanitize]26,19,‚»‚Μ‘Ό,’“Τi—Φjκ,10Ξ‘γ,‚Z¶,{ω‚Ή‚Έ
ή“,©“]Τ“,ό–,”’•l,282014,•ΊΙ§,•PHs,”’•l’¬,2022[sanitize]03[sanitize]24,16,‚»‚Μ‘Ό,’“Τi—Φjκ,10Ξ‘γ,‘εw¶,{ω‚Ή‚Έ
ή“,©“]Τ“,ό–,”’•l,282014,•ΊΙ§,•PHs,”’•l’¬,2022[sanitize]04[sanitize]01,11,’“Τi—Φjκ,’“Τi—Φjκ,10Ξ‘γ,’†w¶,{ω‚µ‚½
ή“,©“]Τ“,ό–,”’•l,282014,•ΊΙ§,•PHs,”’•l’¬,2022[sanitize]04[sanitize]01,•s–Ύ,‚SK‚ΔΘγ‹¤“―Z‘ξ,’“Τi—Φjκ,10Ξ‘γ,’†w¶,{ω‚Ή‚Έ
ή“,©“]Τ“,ό–,”’•l,282014,•ΊΙ§,•PHs,”’•l’¬,2022[sanitize]04[sanitize]07,11,’“Τi—Φjκ,’“Τi—Φjκ,10Ξ‘γ,‚Z¶,{ω‚Ή‚Έ
ή“,©“]Τ“,ό–,”’•l,282014,•ΊΙ§,•PHs,”’•l’¬,2022[sanitize]04[sanitize]23,07,’“Τi—Φjκ,’“Τi—Φjκ,10Ξ‘γ,‚Z¶,{ω‚Ή‚Έ
ή“,©“]Τ“,ό–,”’•l,282014,•ΊΙ§,•PHs,”’•l’¬,2022[sanitize]04[sanitize]25,13,’“Τi—Φjκ,’“Τi—Φjκ,30Ξ‘γ,‚»‚Μ‘Ό,{ω‚µ‚½
ή“,©“]Τ“,ό–,”’•l,282014,•ΊΙ§,•PHs,”’•l’¬,2022[sanitize]04[sanitize]27,07,‚»‚Μ‘Ό,’“Τi—Φjκ,10Ξ‘γ,‚Z¶,{ω‚Ή‚Έ
ή“,©“]Τ“,ό–,”’•l,282014,•ΊΙ§,•PHs,”’•l’¬,2022[sanitize]05[sanitize]08,13,‚»‚Μ‘Ό,’“Τi—Φjκ,10Ξ‘γ,‚Z¶,{ω‚Ή‚Έ
ή“,©“]Τ“,ό–,”’•l,282014,•ΊΙ§,•PHs,”’•l’¬,2022[sanitize]05[sanitize]27,07,‚»‚Μ‘Ό,’“Τi—Φjκ,40Ξ‘γ,‚»‚Μ‘Ό,{ω‚Ή‚Έ
ή“,©“]Τ“,ό–,”’•l,282014,•ΊΙ§,•PHs,”’•l’¬,2022[sanitize]06[sanitize]10,17,‚»‚Μ‘Ό,’“Τi—Φjκ,10Ξ‘γ,‚Z¶,{ω‚Ή‚Έ
ή“,©“]Τ“,ό–,”’•l,282014,•ΊΙ§,•PHs,”’•l’¬,2022[sanitize]06[sanitize]13,16,‚»‚Μ‘Ό,’“Τi—Φjκ,10Ξ‘γ,‚Z¶,{ω‚Ή‚Έ
ή“,©“]Τ“,ό–,”’•l,282014,•ΊΙ§,•PHs,”’•l’¬,2022[sanitize]06[sanitize]16,11,‚»‚Μ‘Ό,’“Τi—Φjκ,10Ξ‘γ,‚Z¶,{ω‚Ή‚Έ
ή“,©“]Τ“,ό–,”’•l,282014,•ΊΙ§,•PHs,”’•l’¬,2022[sanitize]06[sanitize]26,14,‚»‚Μ‘Ό,’“Τi—Φjκ,10Ξ‘γ,’†w¶,{ω‚Ή‚Έ
ή“,©“]Τ“,ό–,”’•l,282014,•ΊΙ§,•PHs,”’•l’¬,2022[sanitize]07[sanitize]03,14,‚»‚Μ‘Ό,’“Τi—Φjκ,10Ξ‘γ,‚Z¶,{ω‚Ή‚Έ
ή“,©“]Τ“,ό–,”’•l,282014,•ΊΙ§,•PHs,”’•l’¬,2022[sanitize]07[sanitize]09,07,’“Τi—Φjκ,’“Τi—Φjκ,20Ξ‘γ,‘εw¶,{ω‚Ή‚Έ
ή“,©“]Τ“,ό–,”’•l,282014,•ΊΙ§,•PHs,”’•l’¬,2022[sanitize]07[sanitize]11,06,’“Τi—Φjκ,’“Τi—Φjκ,10Ξ‘γ,‚Z¶,{ω‚Ή‚Έ
ή“,©“]Τ“,ό–,”’•l,282014,•ΊΙ§,•PHs,”’•l’¬,2022[sanitize]07[sanitize]17,22,‚»‚Μ‘Ό,’“Τi—Φjκ,10Ξ‘γ,‚Z¶,{ω‚Ή‚Έ
ή“,©“]Τ“,ό–,”’•l,282014,•ΊΙ§,•PHs,”’•l’¬,2022[sanitize]07[sanitize]25,15,‚»‚Μ‘Ό,’“Τi—Φjκ,10Ξ‘γ,’†w¶,{ω‚Ή‚Έ
ή“,©“]Τ“,ό–,”’•l,282014,•ΊΙ§,•PHs,”’•l’¬,2022[sanitize]07[sanitize]29,16,‚»‚Μ‘Ό,’“Τi—Φjκ,10Ξ‘γ,‚Z¶,{ω‚Ή‚Έ
ή“,©“]Τ“,ό–,”’•l,282014,•ΊΙ§,•PHs,”’•l’¬,2022[sanitize]08[sanitize]01,07,‚»‚Μ‘Ό,’“Τi—Φjκ,65[sanitize]69Ξ,‚»‚Μ‘Ό,{ω‚µ‚½
ή“,©“]Τ“,ό–,”’•l,282014,•ΊΙ§,•PHs,”’•l’¬,2022[sanitize]08[sanitize]10,08,‚»‚Μ‘Ό,’“Τi—Φjκ,20Ξ‘γ,‚»‚Μ‘Ό,{ω‚µ‚½
ή“,©“]Τ“,ό–,”’•l,282014,•ΊΙ§,•PHs,”’•l’¬,2022[sanitize]08[sanitize]10,08,‚»‚Μ‘Ό,’“Τi—Φjκ,20Ξ‘γ,‚»‚Μ‘Ό,{ω‚Ή‚Έ
ή“,©“]Τ“,ό–,”’•l,282014,•ΊΙ§,•PHs,”’•l’¬,2022[sanitize]08[sanitize]12,15,‚»‚Μ‘Ό,’“Τi—Φjκ,10Ξ‘γ,‚Z¶,{ω‚Ή‚Έ
ή“,©“]Τ“,ό–,”’•l,282014,•ΊΙ§,•PHs,”’•l’¬,2022[sanitize]08[sanitize]12,18,‚SK‚ΔΘγ‹¤“―Z‘ξ,’“Τi—Φjκ,10Ξ‘γ,‚»‚Μ‘Ό,{ω‚Ή‚Έ
ή“,©“]Τ“,ό–,”’•l,282014,•ΊΙ§,•PHs,”’•l’¬,2022[sanitize]09[sanitize]08,18,‚SK‚ΔΘγ‹¤“―Z‘ξ,’“Τi—Φjκ,20Ξ‘γ,‚»‚Μ‘Ό,{ω‚Ή‚Έ
ή“,©“]Τ“,ό–,”’•l,282014,•ΊΙ§,•PHs,”’•l’¬,2022[sanitize]09[sanitize]13,07,‚»‚Μ‘Ό,’“Τi—Φjκ,10Ξ‘γ,‚Z¶,{ω‚Ή‚Έ
ή“,©“]Τ“,ό–,”’•l,282014,•ΊΙ§,•PHs,”’•l’¬,2022[sanitize]09[sanitize]16,07,‚»‚Μ‘Ό,’“Τi—Φjκ,10Ξ‘γ,‚Z¶,{ω‚Ή‚Έ
ή“,©“]Τ“,ό–,”’•l,282014,•ΊΙ§,•PHs,”’•l’¬,2022[sanitize]09[sanitize]16,18,‚»‚Μ‘Ό,’“Τi—Φjκ,30Ξ‘γ,‚»‚Μ‘Ό,{ω‚Ή‚Έ
ή“,©“]Τ“,ό–,”’•l,282014,•ΊΙ§,•PHs,”’•l’¬,2022[sanitize]09[sanitize]20,14,’“Τi—Φjκ,’“Τi—Φjκ,10Ξ‘γ,‚»‚Μ‘Ό,{ω‚Ή‚Έ
ή“,©“]Τ“,ό–,”’•l,282014,•ΊΙ§,•PHs,”’•l’¬,2022[sanitize]09[sanitize]22,07,‚»‚Μ‘Ό,’“Τi—Φjκ,10Ξ‘γ,‚Z¶,{ω‚Ή‚Έ
ή“,©“]Τ“,ό–,”’•l,282014,•ΊΙ§,•PHs,”’•l’¬,2022[sanitize]09[sanitize]23,15,‚»‚Μ‘Ό,’“Τi—Φjκ,10Ξ‘γ,’†w¶,{ω‚Ή‚Έ
ή“,©“]Τ“,ό–,”’•l,282014,•ΊΙ§,•PHs,”’•l’¬,2022[sanitize]09[sanitize]29,09,‚»‚Μ‘Ό,’“Τi—Φjκ,30Ξ‘γ,‚»‚Μ‘Ό,{ω‚Ή‚Έ
ή“,©“]Τ“,ό–,”’•l,282014,•ΊΙ§,•PHs,”’•l’¬,2022[sanitize]09[sanitize]29,22,‚»‚Μ‘Ό,‚»‚Μ‘Ό,40Ξ‘γ,‚»‚Μ‘Ό,{ω‚µ‚½
ή“,©“]Τ“,ό–,”’•l,282014,•ΊΙ§,•PHs,”’•l’¬,2022[sanitize]10[sanitize]01,07,’“Τi—Φjκ,’“Τi—Φjκ,40Ξ‘γ,‚»‚Μ‘Ό,{ω‚Ή‚Έ
ή“,©“]Τ“,ό–,”’•l,282014,•ΊΙ§,•PHs,”’•l’¬,2022[sanitize]10[sanitize]15,17,“ΉHγ,‚»‚Μ‘Ό,70ΞΘγ,‚»‚Μ‘Ό,{ω‚Ή‚Έ
ή“,©“]Τ“,ό–,”’•l,282014,•ΊΙ§,•PHs,”’•l’¬,2022[sanitize]10[sanitize]17,17,‚»‚Μ‘Ό,’“Τi—Φjκ,20Ξ‘γ,‚»‚Μ‘Ό,{ω‚Ή‚Έ
ή“,©“]Τ“,ό–,”’•l,282014,•ΊΙ§,•PHs,”’•l’¬,2022[sanitize]10[sanitize]18,17,‚»‚Μ‘Ό,’“Τi—Φjκ,20Ξ‘γ,‚»‚Μ‘Ό,{ω‚Ή‚Έ
ή“,©“]Τ“,ό–,”’•l,282014,•ΊΙ§,•PHs,”’•l’¬,2022[sanitize]10[sanitize]20,07,‚»‚Μ‘Ό,’“Τi—Φjκ,10Ξ‘γ,‘εw¶,{ω‚Ή‚Έ
ή“,©“]Τ“,ό–,”’•l,282014,•ΊΙ§,•PHs,”’•l’¬,2022[sanitize]10[sanitize]31,17,’“Τi—Φjκ,’“Τi—Φjκ,10Ξ‘γ,’†w¶,{ω‚Ή‚Έ
ή“,©“]Τ“,ό–,”’•l,282014,•ΊΙ§,•PHs,”’•l’¬,2022[sanitize]11[sanitize]01,18,‚SK‚ΔΘγ‹¤“―Z‘ξ,’“Τi—Φjκ,10Ξ‘γ,‚Z¶,{ω‚Ή‚Έ
ή“,©“]Τ“,ό–,”’•l,282014,•ΊΙ§,•PHs,”’•l’¬,2022[sanitize]11[sanitize]01,19,κΛZ‘ξ,’“Τi—Φjκ,10Ξ‘γ,’†w¶,{ω‚Ή‚Έ
ή“,©“]Τ“,ό–,”’•l,282014,•ΊΙ§,•PHs,”’•l’¬,2022[sanitize]11[sanitize]18,08,‚SK‚ΔΘγ‹¤“―Z‘ξ,’“Τi—Φjκ,10Ξ‘γ,’†w¶,{ω‚Ή‚Έ
ή“,©“]Τ“,ό–,”’•l,282014,•ΊΙ§,•PHs,”’•l’¬,2022[sanitize]11[sanitize]25,16,‚SK‚ΔΘγ‹¤“―Z‘ξ,’“Τi—Φjκ,10Ξ‘γ,’†w¶,{ω‚µ‚½
ή“,©“]Τ“,ό–,”’•l,282014,•ΊΙ§,•PHs,”’•l’¬,2022[sanitize]11[sanitize]27,08,’“Τi—Φjκ,’“Τi—Φjκ,10Ξ‘γ,’†w¶,{ω‚Ή‚Έ
ή“,©“]Τ“,ό–,”’•l,282014,•ΊΙ§,•PHs,”’•l’¬,2022[sanitize]11[sanitize]28,17,’“Τi—Φjκ,’“Τi—Φjκ,20Ξ‘γ,‚»‚Μ‘Ό,{ω‚Ή‚Έ
ή“,©“]Τ“,ό–,”’•l,282014,•ΊΙ§,•PHs,”’•l’¬,2022[sanitize]11[sanitize]30,08,‚»‚Μ‘Ό,’“Τi—Φjκ,10Ξ‘γ,‚»‚Μ‘Ό,{ω‚Ή‚Έ
ή“,©“]Τ“,ό–,”’•l,282014,•ΊΙ§,•PHs,”’•l’¬,2022[sanitize]12[sanitize]03,16,“ΉHγ,‚»‚Μ‘Ό,10Ξ‘γ,’†w¶,{ω‚Ή‚Έ
ή“,©“]Τ“,ό–,”’•l,282014,•ΊΙ§,•PHs,”’•l’¬,2022[sanitize]12[sanitize]08,06,‚»‚Μ‘Ό,’“Τi—Φjκ,60[sanitize]64Ξ,‚»‚Μ‘Ό,{ω‚µ‚½
ή“,©“]Τ“,ό–,”’•l,282014,•ΊΙ§,•PHs,”’•l’¬_“c‚Q’–Ϊ,2022[sanitize]12[sanitize]15,13,‚»‚Μ‘Ό,‚»‚Μ‘Ό,10Ξ‘γ,’†w¶,{ω‚Ή‚Έ
ή“,©“]Τ“,ό–,”’•l,282014,•ΊΙ§,•PHs,”’•l’¬›‰Ζ‚P’–Ϊ,2022[sanitize]01[sanitize]20,16,κΛZ‘ξ,’“Τi—Φjκ,70ΞΘγ,‚»‚Μ‘Ό,{ω‚Ή‚Έ
ή“,©“]Τ“,ό–,”’•l,282014,•ΊΙ§,•PHs,”’•l’¬‰F²θ’†‚R’–Ϊ,2022[sanitize]09[sanitize]03,15,‚»‚Μ‘Ό,’“Τi—Φjκ,40Ξ‘γ,‚»‚Μ‘Ό,{ω‚Ή‚Έ
ή“,©“]Τ“,ό–,”’•l,282014,•ΊΙ§,•PHs,”’•l’¬‰F²θ–k‚P’–Ϊ,2022[sanitize]08[sanitize]08,14,’“Τi—Φjκ,’“Τi—Φjκ,10Ξ‘γ,‚Z¶,{ω‚Ή‚Έ
ή“,©“]Τ“,ό–,”’•l,282014,•ΊΙ§,•PHs,”’•l’¬‰F²θ–k‚P’–Ϊ,2022[sanitize]09[sanitize]07,07,’“Τi—Φjκ,’“Τi—Φjκ,10Ξ‘γ,‚Z¶,{ω‚Ή‚Έ
ή“,©“]Τ“,ό–,”’•l,282014,•ΊΙ§,•PHs,”’•l’¬‰F²θ–k‚R’–Ϊ,2022[sanitize]07[sanitize]22,18,‚»‚Μ‘Ό‚ΜZ‘ξi‚RK‚ΔΘ‰Ί‹¤“―Z‘ξ“™j,’“Τi—Φjκ,20Ξ‘γ,‚»‚Μ‘Ό,{ω‚Ή‚Έ
ή“,©“]Τ“,ό–,“I`,282014,•ΊΙ§,•PHs,“I`’¬“I`,2022[sanitize]02[sanitize]03,07,‚»‚Μ‘Ό,’“Τi—Φjκ,10Ξ‘γ,‚Z¶,{ω‚Ή‚Έ
ή“,©“]Τ“,ό–,“I`,282014,•ΊΙ§,•PHs,“I`’¬“I`,2022[sanitize]04[sanitize]19,17,‚»‚Μ‘Ό,’“Τi—Φjκ,20Ξ‘γ,‚»‚Μ‘Ό,{ω‚Ή‚Έ
ή“,©“]Τ“,ό–,“I`,282014,•ΊΙ§,•PHs,“I`’¬“I`,2022[sanitize]06[sanitize]10,08,‚»‚Μ‘Ό,’“Τi—Φjκ,20Ξ‘γ,‘εw¶,{ω‚Ή‚Έ
ή“,©“]Τ“,ό–,“I`,282014,•ΊΙ§,•PHs,“I`’¬“I`,2022[sanitize]09[sanitize]25,09,‚»‚Μ‘Ό,’“Τi—Φjκ,40Ξ‘γ,‚»‚Μ‘Ό,{ω‚Ή‚Έ
ή“,©“]Τ“,ό–,“I`,282014,•ΊΙ§,•PHs,“I`’¬“I`,2022[sanitize]11[sanitize]28,07,‚»‚Μ‘Ό,’“Τi—Φjκ,10Ξ‘γ,‚Z¶,{ω‚Ή‚Έ
ή“,©“]Τ“,ό–,‰p‰κ•Ϋ‰w‘O,282014,•ΊΙ§,•PHs,ό–‹ζ‰p‰κ,2022[sanitize]01[sanitize]07,10,‚»‚Μ‘Ό,’“Τi—Φjκ,10Ξ‘γ,‚Z¶,{ω‚Ή‚Έ
ή“,©“]Τ“,ό–,‰p‰κ•Ϋ‰w‘O,282014,•ΊΙ§,•PHs,ό–‹ζ‰p‰κ,2022[sanitize]05[sanitize]05,19,‚»‚Μ‘Ό,‚»‚Μ‘Ό,70ΞΘγ,‚»‚Μ‘Ό,{ω‚Ή‚Έ
ή“,©“]Τ“,ό–,‰p‰κ•Ϋ‰w‘O,282014,•ΊΙ§,•PHs,ό–‹ζ‰p‰κ΄…’¬‚P’–Ϊ,2022[sanitize]10[sanitize]19,16,‚»‚Μ‘Ό,’“Τi—Φjκ,10Ξ‘γ,‚Z¶,{ω‚µ‚½
ή“,©“]Τ“,ό–,‰p‰κ•Ϋ‰w‘O,282014,•ΊΙ§,•PHs,ό–‹ζ΅έ‰Ζ‚S’–Ϊ,2022[sanitize]11[sanitize]22,07,‚»‚Μ‘Ό,’“Τi—Φjκ,20Ξ‘γ,‘εw¶,{ω‚Ή‚Έ
ή“,©“]Τ“,ό–,‰p‰κ•Ϋ‰w‘O,282014,•ΊΙ§,•PHs,ό–‹ζ™‘q’¬,2022[sanitize]01[sanitize]09,19,‚SK‚ΔΘγ‹¤“―Z‘ξ,’“Τi—Φjκ,50Ξ‘γ,‚»‚Μ‘Ό,{ω‚µ‚½
ή“,©“]Τ“,ό–,‰p‰κ•Ϋ‰w‘O,282014,•ΊΙ§,•PHs,ό–‹ζ™‘q’¬,2022[sanitize]10[sanitize]04,16,‚SK‚ΔΘγ‹¤“―Z‘ξ,’“Τi—Φjκ,40Ξ‘γ,‚»‚Μ‘Ό,{ω‚Ή‚Έ
ή“,©“]Τ“,ό–,‰p‰κ•Ϋ‰w‘O,282014,•ΊΙ§,•PHs,ό–‹ζι“μ’¬‚P’–Ϊ,2022[sanitize]04[sanitize]21,12,‚»‚Μ‘Ό‚ΜZ‘ξi‚RK‚ΔΘ‰Ί‹¤“―Z‘ξ“™j,‚»‚Μ‘Ό,70ΞΘγ,‚»‚Μ‘Ό,{ω‚Ή‚Έ
ή“,©“]Τ“,ό–,‰p‰κ•Ϋ‰w‘O,282014,•ΊΙ§,•PHs,ό–‹ζι“μ’¬‚R’–Ϊ,2022[sanitize]12[sanitize]18,18,‚»‚Μ‘Ό,’“Τi—Φjκ,10Ξ‘γ,‚»‚Μ‘Ό,{ω‚µ‚½
ή“,©“]Τ“,ό–,‰p‰κ•Ϋ‰w‘O,282014,•ΊΙ§,•PHs,ό–‹ζ’†•l’¬‚Q’–Ϊ,2022[sanitize]07[sanitize]12,18,‚»‚Μ‘Ό‚ΜZ‘ξi‚RK‚ΔΘ‰Ί‹¤“―Z‘ξ“™j,’“Τi—Φjκ,20Ξ‘γ,‚»‚Μ‘Ό,{ω‚Ή‚Έ
ή“,©“]Τ“,ό–,‰p‰κ•Ϋ‰w‘O,282014,•ΊΙ§,•PHs,ό–‹ζΧ],2022[sanitize]09[sanitize]26,16,‚»‚Μ‘Ό,’“Τi—Φjκ,20Ξ‘γ,‘εw¶,{ω‚Ή‚Έ
ή“,©“]Τ“,ό–,‰p‰κ•Ϋ‰w‘O,282014,•ΊΙ§,•PHs,ό–‹ζRθ,2022[sanitize]04[sanitize]20,16,κΛZ‘ξ,’“Τi—Φjκ,30Ξ‘γ,‚»‚Μ‘Ό,{ω‚Ή‚Έ
ή“,©“]Τ“,ό–,‰p‰κ•Ϋ‰w‘O,282014,•ΊΙ§,•PHs,ό–‹ζRθ,2022[sanitize]09[sanitize]18,09,‚»‚Μ‘Ό,’“Τi—Φjκ,10Ξ‘γ,‚Z¶,{ω‚Ή‚Έ
ή“,©“]Τ“,ό–,‰p‰κ•Ϋ‰w‘O,282014,•ΊΙ§,•PHs,ό–‹ζRθ,2022[sanitize]09[sanitize]28,08,‚»‚Μ‘Ό‚ΜZ‘ξi‚RK‚ΔΘ‰Ί‹¤“―Z‘ξ“™j,’“Τi—Φjκ,10Ξ‘γ,‚Z¶,{ω‚Ή‚Έ
ή“,©“]Τ“,ό–,‰p‰κ•Ϋ‰w‘O,282014,•ΊΙ§,•PHs,ό–‹ζRθ,2022[sanitize]12[sanitize]29,08,‚»‚Μ‘Ό,’“Τi—Φjκ,10Ξ‘γ,‚Z¶,{ω‚Ή‚Έ
ή“,©“]Τ“,ό–,‰p‰κ•Ϋ‰w‘O,282014,•ΊΙ§,•PHs,ό–‹ζα‹{’¬,2022[sanitize]06[sanitize]10,18,κΛZ‘ξ,’“Τi—Φjκ,50Ξ‘γ,‚»‚Μ‘Ό,{ω‚Ή‚Έ
ή“,©“]Τ“,ό–,‰p‰κ•Ϋ‰w‘O,282014,•ΊΙ§,•PHs,’¬’Ψ,2022[sanitize]07[sanitize]30,18,‚»‚Μ‘Ό‚ΜZ‘ξi‚RK‚ΔΘ‰Ί‹¤“―Z‘ξ“™j,’“Τi—Φjκ,20Ξ‘γ,‚»‚Μ‘Ό,{ω‚µ‚½
ή“,©“]Τ“,ό–,‰p‰κ•Ϋ‰w‘O,282014,•ΊΙ§,•PHs,ό–‹ζ΅έ‰Ζ–k‚R’–Ϊ,2022[sanitize]11[sanitize]11,17,‚»‚Μ‘Ό‚ΜZ‘ξi‚RK‚ΔΘ‰Ί‹¤“―Z‘ξ“™j,’“Τi—Φjκ,20Ξ‘γ,‚»‚Μ‘Ό,{ω‚Ή‚Έ
ή“,©“]Τ“,ό–,ό–“,282014,•ΊΙ§,•PHs,ό–‹ζγ–μ“c‚U’–Ϊ,2022[sanitize]10[sanitize]14,06,‚»‚Μ‘Ό‚ΜZ‘ξi‚RK‚ΔΘ‰Ί‹¤“―Z‘ξ“™j,’“Τi—Φjκ,20Ξ‘γ,‚»‚Μ‘Ό,{ω‚Ή‚Έ
ή“,©“]Τ“,ό–,ό–“,282014,•ΊΙ§,•PHs,ό–‹ζ‰Ί–μ“c‚Q’–Ϊ,2022[sanitize]11[sanitize]19,07,’“Τi—Φjκ,’“Τi—Φjκ,10Ξ‘γ,¬w¶,{ω‚Ή‚Έ
ή“,©“]Τ“,ό–,ό–“,282014,•ΊΙ§,•PHs,ό–‹ζ‰Ί–μ“c‚S’–Ϊ,2022[sanitize]05[sanitize]11,18,‚»‚Μ‘Ό‚ΜZ‘ξi‚RK‚ΔΘ‰Ί‹¤“―Z‘ξ“™j,‚»‚Μ‘Ό,10Ξ‘γ,¬w¶,{ω‚Ή‚Έ
ή“,©“]Τ“,ό–,ό–“,282014,•ΊΙ§,•PHs,ό–‹ζ‹Κ’n,2022[sanitize]07[sanitize]18,20,’“Τi—Φjκ,’“Τi—Φjκ,10Ξ‘γ,’†w¶,{ω‚µ‚½
ή“,©“]Τ“,ό–,ό–“,282014,•ΊΙ§,•PHs,ό–‹ζ‹Κ’n‚P’–Ϊ,2022[sanitize]07[sanitize]17,02,“ΉHγ,‚»‚Μ‘Ό,40Ξ‘γ,‚»‚Μ‘Ό,{ω‚Ή‚Έ
ή“,©“]Τ“,ό–,ό–“,282014,•ΊΙ§,•PHs,ό–‹ζ’†“‡,2022[sanitize]04[sanitize]13,18,‚»‚Μ‘Ό‚ΜZ‘ξi‚RK‚ΔΘ‰Ί‹¤“―Z‘ξ“™j,‚»‚Μ‘Ό,70ΞΘγ,‚»‚Μ‘Ό,{ω‚Ή‚Έ
ή“,©“]Τ“,ό–,ό–“,282014,•ΊΙ§,•PHs,ό–‹ζ’†“‡,2022[sanitize]05[sanitize]28,16,κΛZ‘ξ,’“Τi—Φjκ,20Ξ‘γ,‚»‚Μ‘Ό,{ω‚Ή‚Έ
ή“,©“]Τ“,ό–,ό–“,282014,•ΊΙ§,•PHs,ό–‹ζ’†“‡,2022[sanitize]10[sanitize]14,23,’“Τi—Φjκ,’“Τi—Φjκ,10Ξ‘γ,‚»‚Μ‘Ό,{ω‚Ή‚Έ
ή“,©“]Τ“,ό–,ό–“,282014,•ΊΙ§,•PHs,ό–‹ζ’†“‡‚P’–Ϊ,2022[sanitize]07[sanitize]13,20,‚»‚Μ‘Ό‚ΜZ‘ξi‚RK‚ΔΘ‰Ί‹¤“―Z‘ξ“™j,’“Τi—Φjκ,30Ξ‘γ,‚»‚Μ‘Ό,{ω‚Ή‚Έ
ή“,©“]Τ“,ό–,ό–“,282014,•ΊΙ§,•PHs,ό–‹ζ’†“‡‚P’–Ϊ,2022[sanitize]07[sanitize]24,15,‚»‚Μ‘Ό,’“Τi—Φjκ,10Ξ‘γ,‚»‚Μ‘Ό,{ω‚Ή‚Έ
ή“,©“]Τ“,ό–,ό–“,282014,•ΊΙ§,•PHs,ό–‹ζ’†–μ“c‚R’–Ϊ,2022[sanitize]06[sanitize]09,10,‚SK‚ΔΘγ‹¤“―Z‘ξ,’“Τi—Φjκ,40Ξ‘γ,‚»‚Μ‘Ό,{ω‚Ή‚Έ
ή“,©“]Τ“,ό–,ό–“,282014,•ΊΙ§,•PHs,ό–‹ζ’†–μ“c‚R’–Ϊ,2022[sanitize]09[sanitize]07,18,‚SK‚ΔΘγ‹¤“―Z‘ξ,’“Τi—Φjκ,10Ξ‘γ,‚»‚Μ‘Ό,{ω‚Ή‚Έ
ή“,©“]Τ“,ό–,ό–“,282014,•ΊΙ§,•PHs,ό–‹ζ’†–μ“c‚S’–Ϊ,2022[sanitize]03[sanitize]29,23,κΛZ‘ξ,’“Τi—Φjκ,10Ξ‘γ,¬w¶,{ω‚µ‚½
ή“,©“]Τ“,ό–,ό–“,282014,•ΊΙ§,•PHs,ό–‹ζΆ¬­Γ,2022[sanitize]03[sanitize]28,20,κΛZ‘ξ,’“Τi—Φjκ,50Ξ‘γ,‚»‚Μ‘Ό,{ω‚µ‚½
ή“,©“]Τ“,ό–,,282014,•ΊΙ§,•PHs,”’•l’¬‰F²θ–k‚P’–Ϊ,2021[sanitize]08[sanitize]15,•s–Ύ,’“Τi—Φjκ,’“Τi—Φjκ,20Ξ‘γ,‚»‚Μ‘Ό,{ω‚Ή‚Έ
ή“,©“]Τ“,–Τ±,”ª”¦,282014,•ΊΙ§,•PHs,,2022[sanitize]10[sanitize]19,17,‚SK‚ΔΘγ‹¤“―Z‘ξ,’“Τi—Φjκ,10Ξ‘γ,’†w¶,{ω‚Ή‚Έ
ή“,©“]Τ“,–Τ±,”ª”¦,282014,•ΊΙ§,•PHs,L”¨‹ζΛ,2022[sanitize]03[sanitize]19,09,‚SK‚ΔΘγ‹¤“―Z‘ξ,’“Τi—Φjκ,10Ξ‘γ,’†w¶,{ω‚Ή‚Έ
ή“,©“]Τ“,–Τ±,”ª”¦,282014,•ΊΙ§,•PHs,L”¨‹ζιR’¬,2022[sanitize]05[sanitize]05,12,‚SK‚ΔΘγ‹¤“―Z‘ξ,’“Τi—Φjκ,60[sanitize]64Ξ,‚»‚Μ‘Ό,{ω‚µ‚½
ή“,©“]Τ“,–Τ±,”ª”¦,282014,•ΊΙ§,•PHs,L”¨‹ζΌ–²‘O‘δ‚T’–Ϊ,2022[sanitize]06[sanitize]28,11,κΛZ‘ξ,’“Τi—Φjκ,20Ξ‘γ,‚»‚Μ‘Ό,{ω‚Ή‚Έ
ή“,©“]Τ“,–Τ±,΄,282014,•ΊΙ§,•PHs,΄‹ζ’©“ϊ’J,2022[sanitize]01[sanitize]12,06,‚»‚Μ‘Ό,’“Τi—Φjκ,10Ξ‘γ,‚Z¶,{ω‚µ‚½
ή“,©“]Τ“,–Τ±,΄,282014,•ΊΙ§,•PHs,΄‹ζF©,2022[sanitize]01[sanitize]06,06,‚»‚Μ‘Ό,’“Τi—Φjκ,10Ξ‘γ,‚Z¶,{ω‚Ή‚Έ
ή“,©“]Τ“,–Τ±,΄,282014,•ΊΙ§,•PHs,΄‹ζF©,2022[sanitize]01[sanitize]12,08,‚»‚Μ‘Ό,’“Τi—Φjκ,30Ξ‘γ,‚»‚Μ‘Ό,{ω‚µ‚½
ή“,©“]Τ“,–Τ±,΄,282014,•ΊΙ§,•PHs,΄‹ζF©,2022[sanitize]01[sanitize]27,07,‚»‚Μ‘Ό,’“Τi—Φjκ,10Ξ‘γ,‚Z¶,{ω‚µ‚½
ή“,©“]Τ“,–Τ±,΄,282014,•ΊΙ§,•PHs,΄‹ζF©,2022[sanitize]03[sanitize]10,14,‚»‚Μ‘Ό,’“Τi—Φjκ,10Ξ‘γ,‚Z¶,{ω‚Ή‚Έ
ή“,©“]Τ“,–Τ±,΄,282014,•ΊΙ§,•PHs,΄‹ζF©,2022[sanitize]04[sanitize]30,15,‚»‚Μ‘Ό,’“Τi—Φjκ,10Ξ‘γ,‚»‚Μ‘Ό,{ω‚µ‚½
ή“,©“]Τ“,–Τ±,΄,282014,•ΊΙ§,•PHs,΄‹ζF©,2022[sanitize]10[sanitize]02,18,’“Τi—Φjκ,’“Τi—Φjκ,10Ξ‘γ,‚Z¶,{ω‚Ή‚Έ
ή“,©“]Τ“,–Τ±,΄,282014,•ΊΙ§,•PHs,΄‹ζ‰Ί‘Ύ“c,2021[sanitize]07[sanitize]02,18,‚»‚Μ‘Ό‚ΜZ‘ξi‚RK‚ΔΘ‰Ί‹¤“―Z‘ξ“™j,’“Τi—Φjκ,60[sanitize]64Ξ,‚»‚Μ‘Ό,{ω‚Ή‚Έ
ή“,©“]Τ“,–Τ±,΄,282014,•ΊΙ§,•PHs,΄‹ζ‰Ί‘Ύ“c,2022[sanitize]09[sanitize]15,17,‚»‚Μ‘Ό‚ΜZ‘ξi‚RK‚ΔΘ‰Ί‹¤“―Z‘ξ“™j,’“Τi—Φjκ,70ΞΘγ,‚»‚Μ‘Ό,{ω‚Ή‚Έ
ή“,©“]Τ“,–Τ±,΄,282014,•ΊΙ§,•PHs,΄‹ζ‹{“c,2022[sanitize]07[sanitize]04,10,κΛZ‘ξ,’“Τi—Φjκ,10Ξ‘γ,’†w¶,{ω‚Ή‚Έ
ή“,©“]Τ“,–Τ±,΄,282014,•ΊΙ§,•PHs,΄‹ζ‹{“c,2022[sanitize]12[sanitize]10,13,‚»‚Μ‘Ό,’“Τi—Φjκ,10Ξ‘γ,’†w¶,{ω‚Ή‚Έ
ή“,©“]Τ“,–Τ±,΄,282014,•ΊΙ§,•PHs,΄‹ζRΛ,2022[sanitize]03[sanitize]31,18,“ΉHγ,‚»‚Μ‘Ό,30Ξ‘γ,‚»‚Μ‘Ό,{ω‚Ή‚Έ
ή“,©“]Τ“,–Τ±,΄,282014,•ΊΙ§,•PHs,΄‹ζRΛ,2022[sanitize]11[sanitize]18,18,‚SK‚ΔΘγ‹¤“―Z‘ξ,‚»‚Μ‘Ό,20Ξ‘γ,‚»‚Μ‘Ό,{ω‚Ή‚Έ
ή“,©“]Τ“,–Τ±,΄,282014,•ΊΙ§,•PHs,΄‹ζ’,2022[sanitize]03[sanitize]03,12,κΛZ‘ξ,’“Τi—Φjκ,10Ξ‘γ,’†w¶,{ω‚Ή‚Έ
ή“,©“]Τ“,–Τ±,΄,282014,•ΊΙ§,•PHs,΄‹ζ’,2022[sanitize]07[sanitize]02,11,‚»‚Μ‘Ό,’“Τi—Φjκ,10Ξ–Ά–,¬w¶,{ω‚Ή‚Έ
ή“,©“]Τ“,–Τ±,΄,282014,•ΊΙ§,•PHs,΄‹ζ’,2022[sanitize]09[sanitize]20,07,κΛZ‘ξ,’“Τi—Φjκ,50Ξ‘γ,‚»‚Μ‘Ό,{ω‚Ή‚Έ
ή“,©“]Τ“,–Τ±,΄,282014,•ΊΙ§,•PHs,΄‹ζ’,2022[sanitize]10[sanitize]06,19,κΛZ‘ξ,‚»‚Μ‘Ό,10Ξ‘γ,‚Z¶,{ω‚Ή‚Έ
ή“,©“]Τ“,–Τ±,΄,282014,•ΊΙ§,•PHs,΄‹ζ’,2022[sanitize]12[sanitize]04,13,‚»‚Μ‘Ό,’“Τi—Φjκ,40Ξ‘γ,‚»‚Μ‘Ό,{ω‚Ή‚Έ
ή“,©“]Τ“,–Τ±,‹g”ό,282014,•ΊΙ§,•PHs,‘ε’Γ‹ζV’¬‚Q’–Ϊ,2022[sanitize]10[sanitize]25,19,’“Τi—Φjκ,’“Τi—Φjκ,40Ξ‘γ,‚»‚Μ‘Ό,{ω‚µ‚½
ή“,©“]Τ“,–Τ±,‹g”ό,282014,•ΊΙ§,•PHs,‘ε’Γ‹ζ“V_’¬‚P’–Ϊ,2022[sanitize]08[sanitize]15,21,“ΉHγ,‚»‚Μ‘Ό,65[sanitize]69Ξ,‚»‚Μ‘Ό,{ω‚µ‚½
ή“,©“]Τ“,–Τ±,‹g”ό,282014,•ΊΙ§,•PHs,‘ε’Γ‹ζ“V_’¬‚P’–Ϊ,2022[sanitize]08[sanitize]21,07,‚»‚Μ‘Ό,’“Τi—Φjκ,20Ξ‘γ,‚»‚Μ‘Ό,{ω‚Ή‚Έ
ή“,©“]Τ“,–Τ±,‹g”ό,282014,•ΊΙ§,•PHs,‘ε’Γ‹ζ•½Ό,2022[sanitize]03[sanitize]12,17,‚»‚Μ‘Ό,’“Τi—Φjκ,20Ξ‘γ,‚»‚Μ‘Ό,{ω‚µ‚½
ή“,©“]Τ“,–Τ±,‹g”ό,282014,•ΊΙ§,•PHs,‘ε’Γ‹ζ•½Ό,2022[sanitize]03[sanitize]17,08,‚»‚Μ‘Ό,’“Τi—Φjκ,20Ξ‘γ,‘εw¶,{ω‚Ή‚Έ
ή“,©“]Τ“,–Τ±,‹g”ό,282014,•ΊΙ§,•PHs,‘ε’Γ‹ζ•½Ό,2022[sanitize]04[sanitize]14,18,‚»‚Μ‘Ό,’“Τi—Φjκ,20Ξ‘γ,‚»‚Μ‘Ό,{ω‚Ή‚Έ
ή“,©“]Τ“,–Τ±,‹g”ό,282014,•ΊΙ§,•PHs,‘ε’Γ‹ζ•½Ό,2022[sanitize]09[sanitize]29,06,’“Τi—Φjκ,’“Τi—Φjκ,20Ξ‘γ,‘εw¶,{ω‚Ή‚Έ
ή“,©“]Τ“,–Τ±,‹g”ό,282014,•ΊΙ§,•PHs,‘ε’Γ‹ζ•½Ό,2022[sanitize]10[sanitize]06,07,“ΉHγ,‚»‚Μ‘Ό,20Ξ‘γ,‘εw¶,{ω‚Ή‚Έ
ή“,©“]Τ“,–Τ±,‹g”ό,282014,•ΊΙ§,•PHs,‘ε’Γ‹ζ•½Ό,2022[sanitize]10[sanitize]18,17,’“Τi—Φjκ,’“Τi—Φjκ,10Ξ‘γ,’†w¶,{ω‚µ‚½
ή“,©“]Τ“,–Τ±,‹g”ό,282014,•ΊΙ§,•PHs,‘ε’Γ‹ζ•½Ό,2022[sanitize]11[sanitize]01,07,‚»‚Μ‘Ό,’“Τi—Φjκ,10Ξ‘γ,‚Z¶,{ω‚Ή‚Έ
ή“,©“]Τ“,–Τ±,‹g”ό,282014,•ΊΙ§,•PHs,‘ε’Γ‹ζ•½Ό,2022[sanitize]11[sanitize]03,08,’“Τi—Φjκ,’“Τi—Φjκ,50Ξ‘γ,‚»‚Μ‘Ό,{ω‚µ‚½
ή“,©“]Τ“,–Τ±,‹g”ό,282014,•ΊΙ§,•PHs,‘ε’Γ‹ζ^»’¬,2022[sanitize]04[sanitize]30,21,‚»‚Μ‘Ό‚ΜZ‘ξi‚RK‚ΔΘ‰Ί‹¤“―Z‘ξ“™j,’“Τi—Φjκ,20Ξ‘γ,‚»‚Μ‘Ό,{ω‚µ‚½
ή“,©“]Τ“,–Τ±,“V–,282014,•ΊΙ§,•PHs,–Τ±‹ζ“cδ,2022[sanitize]08[sanitize]20,06,‚SK‚ΔΘγ‹¤“―Z‘ξ,’“Τi—Φjκ,20Ξ‘γ,‚»‚Μ‘Ό,{ω‚µ‚½
ή“,©“]Τ“,–Τ±,“V–,282014,•ΊΙ§,•PHs,‘ε’Γ‹ζ‘ε’Γ’¬‚Q’–Ϊ,2022[sanitize]02[sanitize]23,10,‚»‚Μ‘Ό,’“Τi—Φjκ,10Ξ‘γ,’†w¶,{ω‚Ή‚Έ
ή“,©“]Τ“,–Τ±,“V–,282014,•ΊΙ§,•PHs,‘ε’Γ‹ζ‘ε’Γ’¬‚Q’–Ϊ,2022[sanitize]07[sanitize]06,19,‚»‚Μ‘Ό,’“Τi—Φjκ,10Ξ‘γ,’†w¶,{ω‚µ‚½
ή“,©“]Τ“,–Τ±,“V–,282014,•ΊΙ§,•PHs,‘ε’Γ‹ζ‘ε’Γ’¬‚Q’–Ϊ,2022[sanitize]07[sanitize]06,19,‚»‚Μ‘Ό,’“Τi—Φjκ,10Ξ‘γ,’†w¶,{ω‚Ή‚Έ
ή“,©“]Τ“,–Τ±,“V–,282014,•ΊΙ§,•PHs,‘ε’Γ‹ζ‘ε’Γ’¬‚Q’–Ϊ,2022[sanitize]08[sanitize]02,18,‚»‚Μ‘Ό,’“Τi—Φjκ,50Ξ‘γ,‚»‚Μ‘Ό,{ω‚Ή‚Έ
ή“,©“]Τ“,–Τ±,“V–,282014,•ΊΙ§,•PHs,‘ε’Γ‹ζ‘ε’Γ’¬‚Q’–Ϊ,2022[sanitize]12[sanitize]25,19,‚»‚Μ‘Ό,’“Τi—Φjκ,30Ξ‘γ,‚»‚Μ‘Ό,{ω‚Ή‚Έ
ή“,©“]Τ“,–Τ±,“V–,282014,•ΊΙ§,•PHs,‘ε’Γ‹ζ“V–,2022[sanitize]05[sanitize]06,17,“ΉHγ,‚»‚Μ‘Ό,50Ξ‘γ,‚»‚Μ‘Ό,{ω‚µ‚½
ή“,©“]Τ“,–Τ±,“V–,282014,•ΊΙ§,•PHs,΄‹ζF©,2022[sanitize]06[sanitize]16,13,‚»‚Μ‘Ό,‚»‚Μ‘Ό,20Ξ‘γ,‘εw¶,{ω‚Ή‚Έ
ή“,©“]Τ“,–Τ±,“V–,282014,•ΊΙ§,•PHs,΄‹ζF©,2022[sanitize]07[sanitize]01,10,‚»‚Μ‘Ό,’“Τi—Φjκ,10Ξ‘γ,‚Z¶,{ω‚Ή‚Έ
ή“,©“]Τ“,–Τ±,“V–,282014,•ΊΙ§,•PHs,΄‹ζ‹{“c,2022[sanitize]07[sanitize]21,20,κΛZ‘ξ,‚»‚Μ‘Ό,10Ξ–Ά–,¬w¶,{ω‚Ή‚Έ
ή“,©“]Τ“,–Τ±,“V–,282014,•ΊΙ§,•PHs,L”¨‹ζΛ,2022[sanitize]08[sanitize]16,19,κΛZ‘ξ,’“Τi—Φjκ,30Ξ‘γ,‚»‚Μ‘Ό,{ω‚Ή‚Έ
ή“,©“]Τ“,–Τ±,L”¨,282014,•ΊΙ§,•PHs,‘ε’Γ‹ζ‘ε’Γ’¬‚Q’–Ϊ,2022[sanitize]06[sanitize]15,14,‚»‚Μ‘Ό,’“Τi—Φjκ,10Ξ‘γ,‘εw¶,{ω‚Ή‚Έ
ή“,©“]Τ“,–Τ±,L”¨,282014,•ΊΙ§,•PHs,‘ε’Γ‹ζ‘ε’Γ’¬‚Q’–Ϊ,2022[sanitize]06[sanitize]15,19,‚»‚Μ‘Ό,‚»‚Μ‘Ό,10Ξ‘γ,‘εw¶,{ω‚Ή‚Έ
ή“,©“]Τ“,–Τ±,L”¨,282014,•ΊΙ§,•PHs,L”¨‹ζ–k‰Ν΄’¬,2022[sanitize]03[sanitize]17,17,κΛZ‘ξ,‚»‚Μ‘Ό,40Ξ‘γ,‚»‚Μ‘Ό,{ω‚µ‚½
ή“,©“]Τ“,–Τ±,L”¨,282014,•ΊΙ§,•PHs,L”¨‹ζ–k–μ’¬‚P’–Ϊ,2022[sanitize]09[sanitize]18,00,κΛZ‘ξ,’“Τi—Φjκ,50Ξ‘γ,‚»‚Μ‘Ό,{ω‚Ή‚Έ
ή“,©“]Τ“,–Τ±,L”¨,282014,•ΊΙ§,•PHs,L”¨‹ζ¬β,2022[sanitize]04[sanitize]01,17,“ΉHγ,‚»‚Μ‘Ό,40Ξ‘γ,‚»‚Μ‘Ό,{ω‚Ή‚Έ
ή“,©“]Τ“,–Τ±,L”¨,282014,•ΊΙ§,•PHs,L”¨‹ζ¬Ό’¬‚P’–Ϊ,2022[sanitize]09[sanitize]17,11,‚SK‚ΔΘγ‹¤“―Z‘ξ,’“Τi—Φjκ,30Ξ‘γ,‚»‚Μ‘Ό,{ω‚Ή‚Έ
ή“,©“]Τ“,–Τ±,L”¨,282014,•ΊΙ§,•PHs,L”¨‹ζΛ,2022[sanitize]03[sanitize]19,17,‚»‚Μ‘Ό,‚»‚Μ‘Ό,10Ξ‘γ,‚Z¶,{ω‚Ή‚Έ
ή“,©“]Τ“,–Τ±,L”¨,282014,•ΊΙ§,•PHs,L”¨‹ζΛ,2022[sanitize]05[sanitize]28,06,κΛZ‘ξ,‚»‚Μ‘Ό,50Ξ‘γ,‚»‚Μ‘Ό,{ω‚Ή‚Έ
ή“,©“]Τ“,–Τ±,L”¨,282014,•ΊΙ§,•PHs,L”¨‹ζΛ,2022[sanitize]08[sanitize]05,19,‚»‚Μ‘Ό‚ΜZ‘ξi‚RK‚ΔΘ‰Ί‹¤“―Z‘ξ“™j,’“Τi—Φjκ,20Ξ‘γ,‚»‚Μ‘Ό,{ω‚Ή‚Έ
ή“,©“]Τ“,–Τ±,L”¨,282014,•ΊΙ§,•PHs,L”¨‹ζ³–ε’Κ‚Q’–Ϊ,2022[sanitize]08[sanitize]01,00,‚»‚Μ‘Ό‚ΜZ‘ξi‚RK‚ΔΘ‰Ί‹¤“―Z‘ξ“™j,’“Τi—Φjκ,20Ξ‘γ,‘εw¶,{ω‚Ή‚Έ
ή“,©“]Τ“,–Τ±,L”¨,282014,•ΊΙ§,•PHs,L”¨‹ζ³–ε’Κ‚R’–Ϊ,2022[sanitize]04[sanitize]28,13,‚»‚Μ‘Ό,’“Τi—Φjκ,20Ξ‘γ,‚»‚Μ‘Ό,{ω‚Ή‚Έ
ή“,©“]Τ“,–Τ±,L”¨,282014,•ΊΙ§,•PHs,L”¨‹ζ³–ε’Κ‚R’–Ϊ,2022[sanitize]05[sanitize]02,07,‚»‚Μ‘Ό,’“Τi—Φjκ,10Ξ‘γ,‚Z¶,{ω‚µ‚½
ή“,©“]Τ“,–Τ±,L”¨,282014,•ΊΙ§,•PHs,L”¨‹ζ³–ε’Κ‚R’–Ϊ,2022[sanitize]06[sanitize]09,16,‚»‚Μ‘Ό,’“Τi—Φjκ,10Ξ‘γ,‚Z¶,{ω‚Ή‚Έ
ή“,©“]Τ“,–Τ±,L”¨,282014,•ΊΙ§,•PHs,L”¨‹ζ³–ε’Κ‚R’–Ϊ,2022[sanitize]07[sanitize]27,10,‚»‚Μ‘Ό,’“Τi—Φjκ,60[sanitize]64Ξ,‚»‚Μ‘Ό,{ω‚Ή‚Έ
ή“,©“]Τ“,–Τ±,L”¨,282014,•ΊΙ§,•PHs,L”¨‹ζ‚•l’¬‚P’–Ϊ,2022[sanitize]03[sanitize]20,06,‚»‚Μ‘Ό,’“Τi—Φjκ,10Ξ‘γ,’†w¶,{ω‚Ή‚Έ
ή“,©“]Τ“,–Τ±,L”¨,282014,•ΊΙ§,•PHs,L”¨‹ζ‚•l’¬‚P’–Ϊ,2022[sanitize]09[sanitize]15,18,‚»‚Μ‘Ό,’“Τi—Φjκ,50Ξ‘γ,‚»‚Μ‘Ό,{ω‚µ‚½
ή“,©“]Τ“,–Τ±,L”¨,282014,•ΊΙ§,•PHs,L”¨‹ζ’·’¬‚P’–Ϊ,2022[sanitize]04[sanitize]22,19,‚»‚Μ‘Ό‚ΜZ‘ξi‚RK‚ΔΘ‰Ί‹¤“―Z‘ξ“™j,’“Τi—Φjκ,20Ξ‘γ,‚»‚Μ‘Ό,{ω‚Ή‚Έ
ή“,©“]Τ“,–Τ±,L”¨,282014,•ΊΙ§,•PHs,L”¨‹ζ’·’¬‚P’–Ϊ,2022[sanitize]06[sanitize]20,08,‚SK‚ΔΘγ‹¤“―Z‘ξ,’“Τi—Φjκ,30Ξ‘γ,‚»‚Μ‘Ό,{ω‚µ‚½
ή“,©“]Τ“,–Τ±,L”¨,282014,•ΊΙ§,•PHs,L”¨‹ζ’·’¬‚Q’–Ϊ,2022[sanitize]09[sanitize]14,21,‚SK‚ΔΘγ‹¤“―Z‘ξ,’“Τi—Φjκ,20Ξ‘γ,‘εw¶,{ω‚Ή‚Έ
ή“,©“]Τ“,–Τ±,L”¨,282014,•ΊΙ§,•PHs,L”¨‹ζ‘£’¬‚Q’–Ϊ,2022[sanitize]07[sanitize]31,21,‚»‚Μ‘Ό‚ΜZ‘ξi‚RK‚ΔΘ‰Ί‹¤“―Z‘ξ“™j,’“Τi—Φjκ,20Ξ‘γ,‘εw¶,{ω‚Ή‚Έ
ή“,©“]Τ“,–Τ±,L”¨,282014,•ΊΙ§,•PHs,L”¨‹ζ“V’¬‚P’–Ϊ,2022[sanitize]08[sanitize]10,10,’“Τi—Φjκ,’“Τi—Φjκ,70ΞΘγ,‚»‚Μ‘Ό,{ω‚Ή‚Έ
ή“,©“]Τ“,–Τ±,L”¨,282014,•ΊΙ§,•PHs,L”¨‹ζ“V’¬‚P’–Ϊ,2022[sanitize]08[sanitize]10,15,’“Τi—Φjκ,’“Τi—Φjκ,65[sanitize]69Ξ,‚»‚Μ‘Ό,{ω‚Ή‚Έ
ή“,©“]Τ“,–Τ±,L”¨,282014,•ΊΙ§,•PHs,L”¨‹ζ“V’¬‚Q’–Ϊ,2022[sanitize]10[sanitize]14,19,‚SK‚ΔΘγ‹¤“―Z‘ξ,’“Τi—Φjκ,60[sanitize]64Ξ,‚»‚Μ‘Ό,{ω‚Ή‚Έ
ή“,©“]Τ“,–Τ±,L”¨,282014,•ΊΙ§,•PHs,L”¨‹ζ“V’¬‚Q’–Ϊ,2022[sanitize]12[sanitize]16,22,’“Τi—Φjκ,’“Τi—Φjκ,10Ξ‘γ,‚Z¶,{ω‚Ή‚Έ
ή“,©“]Τ“,–Τ±,L”¨,282014,•ΊΙ§,•PHs,L”¨‹ζ“V’¬‚R’–Ϊ,2022[sanitize]06[sanitize]06,18,‚SK‚ΔΘγ‹¤“―Z‘ξ,’“Τi—Φjκ,10Ξ‘γ,‚Z¶,{ω‚Ή‚Έ
ή“,©“]Τ“,–Τ±,L”¨,282014,•ΊΙ§,•PHs,L”¨‹ζ–²‘O’¬‚P’–Ϊ,2022[sanitize]03[sanitize]30,21,‚»‚Μ‘Ό,’“Τi—Φjκ,10Ξ‘γ,‚Z¶,{ω‚Ή‚Έ
ή“,©“]Τ“,–Τ±,L”¨,282014,•ΊΙ§,•PHs,L”¨‹ζ–²‘O’¬‚P’–Ϊ,2022[sanitize]04[sanitize]07,19,‚»‚Μ‘Ό,’“Τi—Φjκ,50Ξ‘γ,‚»‚Μ‘Ό,{ω‚µ‚½
ή“,©“]Τ“,–Τ±,L”¨,282014,•ΊΙ§,•PHs,L”¨‹ζ–²‘O’¬‚R’–Ϊ,2022[sanitize]07[sanitize]13,15,’“Τi—Φjκ,’“Τi—Φjκ,10Ξ‘γ,‚»‚Μ‘Ό,{ω‚Ή‚Έ
ή“,©“]Τ“,–Τ±,L”¨,282014,•ΊΙ§,•PHs,L”¨‹ζ–²‘O’¬‚R’–Ϊ,2022[sanitize]08[sanitize]19,10,’“Τi—Φjκ,’“Τi—Φjκ,40Ξ‘γ,‚»‚Μ‘Ό,{ω‚Ή‚Έ
ή“,©“]Τ“,–Τ±,L”¨,282014,•ΊΙ§,•PHs,L”¨‹ζ–²‘O’¬‚R’–Ϊ,2022[sanitize]10[sanitize]27,10,‚»‚Μ‘Ό,’“Τi—Φjκ,20Ξ‘γ,‚»‚Μ‘Ό,{ω‚Ή‚Έ
ή“,©“]Τ“,–Τ±,Vέ‰Ζ,282014,•ΊΙ§,•PHs,–Τ±‹ζVέ‰Ζ,2022[sanitize]04[sanitize]07,06,’“Τi—Φjκ,’“Τi—Φjκ,50Ξ‘γ,‚»‚Μ‘Ό,{ω‚Ή‚Έ
ή“,©“]Τ“,–Τ±,Vέ‰Ζ,282014,•ΊΙ§,•PHs,–Τ±‹ζVέ‰Ζ,2022[sanitize]07[sanitize]30,20,‚»‚Μ‘Ό,’“Τi—Φjκ,20Ξ‘γ,‚»‚Μ‘Ό,{ω‚Ή‚Έ
ή“,©“]Τ“,–Τ±,Vέ‰Ζ,282014,•ΊΙ§,•PHs,–Τ±‹ζVέ‰Ζ,2022[sanitize]08[sanitize]17,12,‚»‚Μ‘Ό‚ΜZ‘ξi‚RK‚ΔΘ‰Ί‹¤“―Z‘ξ“™j,’“Τi—Φjκ,30Ξ‘γ,‚»‚Μ‘Ό,{ω‚Ή‚Έ
ή“,©“]Τ“,–Τ±,Vέ‰Ζ,282014,•ΊΙ§,•PHs,–Τ±‹ζVέ‰Ζ,2022[sanitize]09[sanitize]07,20,‚»‚Μ‘Ό,’“Τi—Φjκ,20Ξ‘γ,‚»‚Μ‘Ό,{ω‚Ή‚Έ
ή“,©“]Τ“,–Τ±,Vέ‰Ζ,282014,•ΊΙ§,•PHs,–Τ±‹ζVέ‰Ζ,2022[sanitize]10[sanitize]29,08,‚»‚Μ‘Ό,’“Τi—Φjκ,70ΞΘγ,‚»‚Μ‘Ό,{ω‚µ‚½
ή“,©“]Τ“,–Τ±,Vέ‰Ζ,282014,•ΊΙ§,•PHs,–Τ±‹ζ‹{“ΰ,2022[sanitize]10[sanitize]22,17,‚»‚Μ‘Ό,‚»‚Μ‘Ό,70ΞΘγ,‚»‚Μ‘Ό,{ω‚µ‚½
ή“,©“]Τ“,–Τ±,Vέ‰Ζ,282014,•ΊΙ§,•PHs,–Τ±‹ζ‘ε]“‡Γμ’¬,2022[sanitize]04[sanitize]03,18,κΛZ‘ξ,’“Τi—Φjκ,65[sanitize]69Ξ,‚»‚Μ‘Ό,{ω‚Ή‚Έ
ή“,©“]Τ“,–Τ±,Vέ‰Ζ,282014,•ΊΙ§,•PHs,–Τ±‹ζ_“ΰ–k’¬,2022[sanitize]10[sanitize]22,21,‚»‚Μ‘Ό,‚»‚Μ‘Ό,10Ξ‘γ,’†w¶,{ω‚Ή‚Έ
ή“,©“]Τ“,–Τ±,Vέ‰Ζ,282014,•ΊΙ§,•PHs,–Τ±‹ζ_“ΰ“μ’¬,2022[sanitize]12[sanitize]19,09,‚SK‚ΔΘγ‹¤“―Z‘ξ,’“Τi—Φjκ,30Ξ‘γ,‚»‚Μ‘Ό,{ω‚µ‚½
ή“,©“]Τ“,–Τ±,“Ε‘O,282014,•ΊΙ§,•PHs,—]•”‹ζγ—]•”,2022[sanitize]01[sanitize]13,14,κΛZ‘ξ,‚»‚Μ‘Ό,20Ξ‘γ,‚»‚Μ‘Ό,{ω‚Ή‚Έ
ή“,©“]Τ“,–Τ±,•l“c,282014,•ΊΙ§,•PHs,–Τ±‹ζ‹»•l,2022[sanitize]10[sanitize]31,16,κΛZ‘ξ,’“Τi—Φjκ,70ΞΘγ,‚»‚Μ‘Ό,{ω‚Ή‚Έ
ή“,©“]Τ“,–Τ±,•l“c,282014,•ΊΙ§,•PHs,–Τ±‹ζ•l“c,2021[sanitize]08[sanitize]01,00,‚SK‚ΔΘγ‹¤“―Z‘ξ,’“Τi—Φjκ,20Ξ‘γ,‚»‚Μ‘Ό,{ω‚µ‚½
ή“,©“]Τ“,–Τ±,–Τ±‰w‘O,282014,•ΊΙ§,•PHs,–Τ±‹ζβγ,2022[sanitize]10[sanitize]22,11,“ΉHγ,‚»‚Μ‘Ό,10Ξ‘γ,’†w¶,{ω‚µ‚½
ή“,©“]Τ“,–Τ±,–Τ±‰w‘O,282014,•ΊΙ§,•PHs,–Τ±‹ζβo,2022[sanitize]03[sanitize]05,17,’“Τi—Φjκ,’“Τi—Φjκ,10Ξ‘γ,¬w¶,{ω‚Ή‚Έ
ή“,©“]Τ“,–Τ±,–Τ±‰w‘O,282014,•ΊΙ§,•PHs,–Τ±‹ζβo,2022[sanitize]03[sanitize]08,19,κΛZ‘ξ,’“Τi—Φjκ,10Ξ‘γ,¬w¶,{ω‚µ‚½
ή“,©“]Τ“,–Τ±,–Τ±‰w‘O,282014,•ΊΙ§,•PHs,–Τ±‹ζβo,2022[sanitize]09[sanitize]04,20,’“Τi—Φjκ,’“Τi—Φjκ,20Ξ‘γ,‚»‚Μ‘Ό,{ω‚Ή‚Έ
ή“,©“]Τ“,–Τ±,–Τ±‰w‘O,282014,•ΊΙ§,•PHs,–Τ±‹ζa‹v,2021[sanitize]11[sanitize]20,16,’“Τi—Φjκ,’“Τi—Φjκ,40Ξ‘γ,‚»‚Μ‘Ό,{ω‚Ή‚Έ
ή“,©“]Τ“,–Τ±,–Τ±‰w‘O,282014,•ΊΙ§,•PHs,–Τ±‹ζa‹v,2022[sanitize]03[sanitize]25,11,‚»‚Μ‘Ό,’“Τi—Φjκ,20Ξ‘γ,‚»‚Μ‘Ό,{ω‚µ‚½
ή“,©“]Τ“,–Τ±,–Τ±‰w‘O,282014,•ΊΙ§,•PHs,–Τ±‹ζa‹v,2022[sanitize]03[sanitize]26,15,“ΉHγ,‚»‚Μ‘Ό,10Ξ‘γ,‚»‚Μ‘Ό,{ω‚Ή‚Έ
ή“,©“]Τ“,–Τ±,–Τ±‰w‘O,282014,•ΊΙ§,•PHs,–Τ±‹ζa‹v,2022[sanitize]05[sanitize]04,07,’“Τi—Φjκ,’“Τi—Φjκ,10Ξ‘γ,‚»‚Μ‘Ό,{ω‚Ή‚Έ
ή“,©“]Τ“,–Τ±,–Τ±‰w‘O,282014,•ΊΙ§,•PHs,–Τ±‹ζa‹v,2022[sanitize]05[sanitize]30,08,‚»‚Μ‘Ό‚ΜZ‘ξi‚RK‚ΔΘ‰Ί‹¤“―Z‘ξ“™j,’“Τi—Φjκ,10Ξ‘γ,’†w¶,{ω‚Ή‚Έ
ή“,©“]Τ“,–Τ±,–Τ±‰w‘O,282014,•ΊΙ§,•PHs,–Τ±‹ζa‹v,2022[sanitize]07[sanitize]18,10,’“Τi—Φjκ,’“Τi—Φjκ,10Ξ‘γ,‚Z¶,{ω‚Ή‚Έ
ή“,©“]Τ“,–Τ±,–Τ±‰w‘O,282014,•ΊΙ§,•PHs,–Τ±‹ζa‹v,2022[sanitize]07[sanitize]20,12,‚»‚Μ‘Ό‚ΜZ‘ξi‚RK‚ΔΘ‰Ί‹¤“―Z‘ξ“™j,‚»‚Μ‘Ό,10Ξ‘γ,’†w¶,{ω‚Ή‚Έ
ή“,©“]Τ“,–Τ±,–Τ±‰w‘O,282014,•ΊΙ§,•PHs,–Τ±‹ζa‹v,2022[sanitize]07[sanitize]27,06,‚»‚Μ‘Ό,’“Τi—Φjκ,40Ξ‘γ,‚»‚Μ‘Ό,{ω‚Ή‚Έ
ή“,©“]Τ“,–Τ±,–Τ±‰w‘O,282014,•ΊΙ§,•PHs,–Τ±‹ζa‹v,2022[sanitize]08[sanitize]08,06,’“Τi—Φjκ,’“Τi—Φjκ,40Ξ‘γ,‚»‚Μ‘Ό,{ω‚µ‚½
ή“,©“]Τ“,–Τ±,–Τ±‰w‘O,282014,•ΊΙ§,•PHs,–Τ±‹ζa‹v,2022[sanitize]08[sanitize]14,03,κΛZ‘ξ,‚»‚Μ‘Ό,10Ξ‘γ,‚»‚Μ‘Ό,{ω‚Ή‚Έ
ή“,©“]Τ“,–Τ±,–Τ±‰w‘O,282014,•ΊΙ§,•PHs,–Τ±‹ζa‹v,2022[sanitize]09[sanitize]30,15,‚SK‚ΔΘγ‹¤“―Z‘ξ,’“Τi—Φjκ,20Ξ‘γ,‘εw¶,{ω‚Ή‚Έ
ή“,©“]Τ“,–Τ±,–Τ±‰w‘O,282014,•ΊΙ§,•PHs,–Τ±‹ζa‹v,2022[sanitize]10[sanitize]02,18,’“Τi—Φjκ,’“Τi—Φjκ,20Ξ‘γ,‚»‚Μ‘Ό,{ω‚Ή‚Έ
ή“,©“]Τ“,–Τ±,–Τ±‰w‘O,282014,•ΊΙ§,•PHs,L”¨‹ζ–²‘O’¬‚P’–Ϊ,2022[sanitize]12[sanitize]16,09,‚»‚Μ‘Ό,’“Τi—Φjκ,20Ξ‘γ,‚»‚Μ‘Ό,{ω‚Ή‚Έ
ή“,©“]Τ“,•θ,›‘O,284467,•ΊΙ§,_‰Ν’¬,V–μ,2022[sanitize]09[sanitize]10,07,‚»‚Μ‘Ό,’“Τi—Φjκ,10Ξ‘γ,‚Z¶,{ω‚Ή‚Έ
ή“,©“]Τ“,•θ,sμ,284424,•ΊΙ§,sμ’¬,Γ’n,2022[sanitize]04[sanitize]20,06,‚»‚Μ‘Ό,’“Τi—Φjκ,10Ξ‘γ,‚Z¶,{ω‚Ή‚Έ
ή“,©“]Τ“,•θ,sμ,284424,•ΊΙ§,sμ’¬,’ί‹,2022[sanitize]10[sanitize]02,07,‚»‚Μ‘Ό,’“Τi—Φjκ,10Ξ‘γ,‚Z¶,{ω‚Ή‚Έ
ή“,©“]Τ“,•θ,•θ“,284432,•ΊΙ§,•θ’¬,Ό“c΄,2022[sanitize]05[sanitize]14,12,‚»‚Μ‘Ό,’“Τi—Φjκ,10Ξ‘γ,‚»‚Μ‘Ό,{ω‚Ή‚Έ
ή“,©“]Τ“,•θ,•θ“,284432,•ΊΙ§,•θ’¬,Ό“c΄,2022[sanitize]11[sanitize]19,18,‚SK‚ΔΘγ‹¤“―Z‘ξ,’“Τi—Φjκ,50Ξ‘γ,‚»‚Μ‘Ό,{ω‚Ή‚Έ
ή“,©“]Τ“,•θ,•θ“,284432,•ΊΙ§,•θ’¬,Ό“c΄,2022[sanitize]11[sanitize]19,18,‚SK‚ΔΘγ‹¤“―Z‘ξ,’“Τi—Φjκ,50Ξ‘γ,‚»‚Μ‘Ό,{ω‚Ή‚Έ
ή“,©“]Τ“,•θ,•θ“,284432,•ΊΙ§,•θ’¬,“μ“c΄,2022[sanitize]06[sanitize]18,10,κΛZ‘ξ,’“Τi—Φjκ,10Ξ‘γ,’†w¶,{ω‚Ή‚Έ
ή“,©“]Τ“,•θ,•θ‰w‘O,284432,•ΊΙ§,•θ’¬,•θV,2022[sanitize]03[sanitize]05,20,‚»‚Μ‘Ό‚ΜZ‘ξi‚RK‚ΔΘ‰Ί‹¤“―Z‘ξ“™j,’“Τi—Φjκ,10Ξ‘γ,‚Z¶,{ω‚Ή‚Έ
ή“,©“]Τ“,‚½‚Β‚Μ,”Ό“c,282294,•ΊΙ§,‚½‚Β‚Μs,—K•Ϋμ’¬Vέ‰Ζ,2022[sanitize]10[sanitize]07,22,κΛZ‘ξ,’“Τi—Φjκ,10Ξ‘γ,‚Z¶,{ω‚Ή‚Έ
ή“,©“]Τ“,‚½‚Β‚Μ,‘εZ›,282294,•ΊΙ§,‚½‚Β‚Μs,_‰ª’¬‘εZ›,2022[sanitize]06[sanitize]23,18,‚»‚Μ‘Ό,’“Τi—Φjκ,20Ξ‘γ,‚»‚Μ‘Ό,{ω‚µ‚½
ή“,©“]Τ“,‚½‚Β‚Μ,‘εZ›,282294,•ΊΙ§,‚½‚Β‚Μs,_‰ª’¬‘εZ›,2022[sanitize]08[sanitize]31,07,‚»‚Μ‘Ό,’“Τi—Φjκ,10Ξ‘γ,‚Z¶,{ω‚Ή‚Έ
ή“,©“]Τ“,‚½‚Β‚Μ,‘εZ›,282294,•ΊΙ§,‚½‚Β‚Μs,_‰ª’¬‘εZ›,2022[sanitize]08[sanitize]31,15,‚»‚Μ‘Ό,’“Τi—Φjκ,20Ξ‘γ,‚»‚Μ‘Ό,{ω‚Ή‚Έ
ή“,©“]Τ“,‚½‚Β‚Μ,‘εZ›,282294,•ΊΙ§,‚½‚Β‚Μs,_‰ª’¬‘εZ›,2022[sanitize]09[sanitize]08,15,‚»‚Μ‘Ό,’“Τi—Φjκ,10Ξ‘γ,‚»‚Μ‘Ό,{ω‚Ή‚Έ
ή“,©“]Τ“,‚½‚Β‚Μ,‘εZ›,282294,•ΊΙ§,‚½‚Β‚Μs,_‰ª’¬“ζXθ,2022[sanitize]06[sanitize]09,11,‚»‚Μ‘Ό,’“Τi—Φjκ,50Ξ‘γ,‚»‚Μ‘Ό,{ω‚Ή‚Έ
ή“,©“]Τ“,‚½‚Β‚Μ,‘εθ,282294,•ΊΙ§,‚½‚Β‚Μs,—΄–μ’¬–k—΄–μ,2022[sanitize]06[sanitize]13,17,‚»‚Μ‘Ό,‚»‚Μ‘Ό,10Ξ–Ά–,¬w¶,{ω‚µ‚½
ή“,©“]Τ“,‚½‚Β‚Μ,‘εθ,282294,•ΊΙ§,‚½‚Β‚Μs,—΄–μ’¬—§’¬,2022[sanitize]07[sanitize]26,09,‚»‚Μ‘Ό,’“Τi—Φjκ,10Ξ‘γ,’†w¶,{ω‚Ή‚Έ
ή“,©“]Τ“,‚½‚Β‚Μ,‘Ύ“c,284645,•ΊΙ§,‘Ύq’¬,΄,2022[sanitize]07[sanitize]18,07,κΛZ‘ξ,’“Τi—Φjκ,65[sanitize]69Ξ,‚»‚Μ‘Ό,{ω‚Ή‚Έ
ή“,©“]Τ“,‚½‚Β‚Μ,”Α”µ,284645,•ΊΙ§,‘Ύq’¬,,2022[sanitize]10[sanitize]02,21,‚»‚Μ‘Ό‚ΜZ‘ξi‚RK‚ΔΘ‰Ί‹¤“―Z‘ξ“™j,’“Τi—Φjκ,10Ξ‘γ,’†w¶,{ω‚Ή‚Έ
ή“,©“]Τ“,‚½‚Β‚Μ,”Α”µ,284645,•ΊΙ§,‘Ύq’¬,κB,2022[sanitize]07[sanitize]12,16,‚»‚Μ‘Ό,’“Τi—Φjκ,70ΞΘγ,‚»‚Μ‘Ό,{ω‚µ‚½
ή“,©“]Τ“,‚½‚Β‚Μ,”Α”µ,284645,•ΊΙ§,‘Ύq’¬,κB,2022[sanitize]08[sanitize]05,13,‚»‚Μ‘Ό,’“Τi—Φjκ,30Ξ‘γ,‚»‚Μ‘Ό,{ω‚Ή‚Έ
ή“,©“]Τ“,‚½‚Β‚Μ,”Α”µ,284645,•ΊΙ§,‘Ύq’¬,…δ,2022[sanitize]03[sanitize]18,18,‚»‚Μ‘Ό‚ΜZ‘ξi‚RK‚ΔΘ‰Ί‹¤“―Z‘ξ“™j,’“Τi—Φjκ,20Ξ‘γ,‚»‚Μ‘Ό,{ω‚Ή‚Έ
ή“,©“]Τ“,‚½‚Β‚Μ,”Α”µ,284645,•ΊΙ§,‘Ύq’¬,…δ,2022[sanitize]06[sanitize]19,18,‚»‚Μ‘Ό‚ΜZ‘ξi‚RK‚ΔΘ‰Ί‹¤“―Z‘ξ“™j,’“Τi—Φjκ,30Ξ‘γ,‚»‚Μ‘Ό,{ω‚Ή‚Έ
ή“,©“]Τ“,‚½‚Β‚Μ,”Α”µ,284645,•ΊΙ§,‘Ύq’¬,…δ,2022[sanitize]09[sanitize]13,07,‚»‚Μ‘Ό‚ΜZ‘ξi‚RK‚ΔΘ‰Ί‹¤“―Z‘ξ“™j,’“Τi—Φjκ,40Ξ‘γ,‚»‚Μ‘Ό,{ω‚Ή‚Έ
ή“,©“]Τ“,‚½‚Β‚Μ,”Α”µ,284645,•ΊΙ§,‘Ύq’¬,—§‰ª,2022[sanitize]11[sanitize]01,18,‚»‚Μ‘Ό,’“Τi—Φjκ,30Ξ‘γ,‚»‚Μ‘Ό,{ω‚Ή‚Έ
ή“,©“]Τ“,‚½‚Β‚Μ,”Α”µ,284645,•ΊΙ§,‘Ύq’¬,““μ,2022[sanitize]08[sanitize]03,22,‚»‚Μ‘Ό,’“Τi—Φjκ,10Ξ‘γ,‚Z¶,{ω‚Ή‚Έ
ή“,©“]Τ“,‚½‚Β‚Μ,”Α”µ,284645,•ΊΙ§,‘Ύq’¬,““μ,2022[sanitize]08[sanitize]12,18,‚»‚Μ‘Ό‚ΜZ‘ξi‚RK‚ΔΘ‰Ί‹¤“―Z‘ξ“™j,’“Τi—Φjκ,10Ξ‘γ,‚»‚Μ‘Ό,{ω‚Ή‚Έ
ή“,©“]Τ“,‚½‚Β‚Μ,”Α”µ,284645,•ΊΙ§,‘Ύq’¬,““μ,2022[sanitize]09[sanitize]15,11,‚»‚Μ‘Ό,’“Τi—Φjκ,10Ξ‘γ,‚Z¶,{ω‚Ή‚Έ
ή“,©“]Τ“,‚½‚Β‚Μ,”Α”µ,284645,•ΊΙ§,‘Ύq’¬,“•Ϋ,2022[sanitize]04[sanitize]28,20,‚»‚Μ‘Ό‚ΜZ‘ξi‚RK‚ΔΘ‰Ί‹¤“―Z‘ξ“™j,’“Τi—Φjκ,10Ξ‘γ,‚Z¶,{ω‚Ή‚Έ
ή“,©“]Τ“,‚½‚Β‚Μ,”Α”µ,284645,•ΊΙ§,‘Ύq’¬,“•Ϋ,2022[sanitize]06[sanitize]03,18,‚»‚Μ‘Ό,’“Τi—Φjκ,20Ξ‘γ,‚»‚Μ‘Ό,{ω‚Ή‚Έ
ή“,©“]Τ“,‚½‚Β‚Μ,”Α”µ,284645,•ΊΙ§,‘Ύq’¬,”nκ,2022[sanitize]08[sanitize]05,07,‚»‚Μ‘Ό‚ΜZ‘ξi‚RK‚ΔΘ‰Ί‹¤“―Z‘ξ“™j,’“Τi—Φjκ,30Ξ‘γ,‚»‚Μ‘Ό,{ω‚Ή‚Έ
ή“,©“]Τ“,‚½‚Β‚Μ,”Α”µ,284645,•ΊΙ§,‘Ύq’¬,@ν›,2022[sanitize]08[sanitize]03,19,κΛZ‘ξ,‚»‚Μ‘Ό,65[sanitize]69Ξ,‚»‚Μ‘Ό,{ω‚Ή‚Έ
ή“,©“]Τ“,‚½‚Β‚Μ,V‹{,282294,•ΊΙ§,‚½‚Β‚Μs,V‹{’¬δ–μ΄,2022[sanitize]10[sanitize]14,18,‚»‚Μ‘Ό‚ΜZ‘ξi‚RK‚ΔΘ‰Ί‹¤“―Z‘ξ“™j,’“Τi—Φjκ,10Ξ‘γ,’†w¶,{ω‚Ή‚Έ
ή“,©“]Τ“,‚½‚Β‚Μ,V‹{,282294,•ΊΙ§,‚½‚Β‚Μs,V‹{’¬δ–μ΄,2022[sanitize]11[sanitize]20,12,‚»‚Μ‘Ό‚ΜZ‘ξi‚RK‚ΔΘ‰Ί‹¤“―Z‘ξ“™j,’“Τi—Φjκ,30Ξ‘γ,‚»‚Μ‘Ό,{ω‚µ‚½
ή“,©“]Τ“,‚½‚Β‚Μ,V‹{,282294,•ΊΙ§,‚½‚Β‚Μs,V‹{’¬V‹{,2022[sanitize]03[sanitize]13,22,’“Τi—Φjκ,’“Τi—Φjκ,10Ξ‘γ,‚»‚Μ‘Ό,{ω‚Ή‚Έ
ή“,©“]Τ“,‚½‚Β‚Μ,V‹{,282294,•ΊΙ§,‚½‚Β‚Μs,V‹{’¬V‹{,2022[sanitize]04[sanitize]08,01,‚»‚Μ‘Ό,’“Τi—Φjκ,20Ξ‘γ,‘εw¶,{ω‚Ή‚Έ
ή“,©“]Τ“,‚½‚Β‚Μ,V‹{,282294,•ΊΙ§,‚½‚Β‚Μs,V‹{’¬V‹{,2022[sanitize]04[sanitize]08,08,‚»‚Μ‘Ό,’“Τi—Φjκ,10Ξ‘γ,‚»‚Μ‘Ό,{ω‚Ή‚Έ
ή“,©“]Τ“,‚½‚Β‚Μ,V‹{,282294,•ΊΙ§,‚½‚Β‚Μs,V‹{’¬V‹{,2022[sanitize]05[sanitize]06,07,κΛZ‘ξ,’“Τi—Φjκ,20Ξ‘γ,‚»‚Μ‘Ό,{ω‚Ή‚Έ
ή“,©“]Τ“,‚½‚Β‚Μ,V‹{,282294,•ΊΙ§,‚½‚Β‚Μs,V‹{’¬V‹{,2022[sanitize]07[sanitize]05,07,‚»‚Μ‘Ό,’“Τi—Φjκ,10Ξ‘γ,‚Z¶,{ω‚Ή‚Έ
ή“,©“]Τ“,‚½‚Β‚Μ,–{—΄–μ‰w‘O,282294,•ΊΙ§,‚½‚Β‚Μs,—΄–μ’¬•ΠR,2022[sanitize]09[sanitize]10,15,“ΉHγ,‚»‚Μ‘Ό,40Ξ‘γ,‚»‚Μ‘Ό,{ω‚Ή‚Έ
ή“,©“]Τ“,‚½‚Β‚Μ,–{—΄–μ‰w‘O,282294,•ΊΙ§,‚½‚Β‚Μs,—΄–μ’¬“‡“c,2022[sanitize]12[sanitize]12,13,‚»‚Μ‘Ό,’“Τi—Φjκ,70ΞΘγ,‚»‚Μ‘Ό,{ω‚µ‚½
ή“,©“]Τ“,‚½‚Β‚Μ,–{—΄–μ‰w‘O,282294,•ΊΙ§,‚½‚Β‚Μs,—΄–μ’¬“°–{,2022[sanitize]06[sanitize]27,12,‚»‚Μ‘Ό‚ΜZ‘ξi‚RK‚ΔΘ‰Ί‹¤“―Z‘ξ“™j,’“Τi—Φjκ,10Ξ‘γ,¬w¶,{ω‚Ή‚Έ
ή“,©“]Τ“,‚½‚Β‚Μ,–{—΄–μ‰w‘O,282294,•ΊΙ§,‚½‚Β‚Μs,—΄–μ’¬“°–{,2022[sanitize]09[sanitize]20,11,‚»‚Μ‘Ό,’“Τi—Φjκ,70ΞΘγ,‚»‚Μ‘Ό,{ω‚µ‚½
ή“,©“]Τ“,‚½‚Β‚Μ,–{—΄–μ‰w‘O,282294,•ΊΙ§,‚½‚Β‚Μs,—΄–μ’¬•x‰i,2021[sanitize]11[sanitize]27,12,‚»‚Μ‘Ό‚ΜZ‘ξi‚RK‚ΔΘ‰Ί‹¤“―Z‘ξ“™j,’“Τi—Φjκ,20Ξ‘γ,‘εw¶,{ω‚µ‚½
ή“,©“]Τ“,‚½‚Β‚Μ,–{—΄–μ‰w‘O,282294,•ΊΙ§,‚½‚Β‚Μs,—΄–μ’¬•x‰i,2022[sanitize]08[sanitize]06,19,‚»‚Μ‘Ό,‚»‚Μ‘Ό,10Ξ‘γ,‚Z¶,{ω‚Ή‚Έ
ή“,©“]Τ“,‚½‚Β‚Μ,–{—΄–μ‰w‘O,282294,•ΊΙ§,‚½‚Β‚Μs,—΄–μ’¬•x‰i,2022[sanitize]09[sanitize]04,02,‚»‚Μ‘Ό,’“Τi—Φjκ,70ΞΘγ,‚»‚Μ‘Ό,{ω‚Ή‚Έ
ή“,©“]Τ“,‚½‚Β‚Μ,–{—΄–μ‰w‘O,282294,•ΊΙ§,‚½‚Β‚Μs,—΄–μ’¬’†‘Ί,2022[sanitize]03[sanitize]31,10,‚»‚Μ‘Ό,’“Τi—Φjκ,20Ξ‘γ,‘εw¶,{ω‚Ή‚Έ
ή“,©“]Τ“,‚½‚Β‚Μ,–{—΄–μ‰w‘O,282294,•ΊΙ§,‚½‚Β‚Μs,—΄–μ’¬’†‘Ί,2022[sanitize]04[sanitize]06,06,‚»‚Μ‘Ό,’“Τi—Φjκ,40Ξ‘γ,‚»‚Μ‘Ό,{ω‚Ή‚Έ
ή“,©“]Τ“,‚½‚Β‚Μ,–{—΄–μ‰w‘O,282294,•ΊΙ§,‚½‚Β‚Μs,—΄–μ’¬’†‘Ί,2022[sanitize]04[sanitize]29,07,‚»‚Μ‘Ό,’“Τi—Φjκ,10Ξ‘γ,‚Z¶,{ω‚Ή‚Έ
ή“,©“]Τ“,‚½‚Β‚Μ,–{—΄–μ‰w‘O,282294,•ΊΙ§,‚½‚Β‚Μs,—΄–μ’¬’†‘Ί,2022[sanitize]05[sanitize]02,07,‚»‚Μ‘Ό,’“Τi—Φjκ,10Ξ‘γ,‚Z¶,{ω‚Ή‚Έ
ή“,©“]Τ“,‚½‚Β‚Μ,–{—΄–μ‰w‘O,282294,•ΊΙ§,‚½‚Β‚Μs,—΄–μ’¬’†‘Ί,2022[sanitize]06[sanitize]10,06,‚»‚Μ‘Ό,’“Τi—Φjκ,30Ξ‘γ,‚»‚Μ‘Ό,{ω‚µ‚½
ή“,©“]Τ“,‚½‚Β‚Μ,–{—΄–μ‰w‘O,282294,•ΊΙ§,‚½‚Β‚Μs,—΄–μ’¬’†‘Ί,2022[sanitize]06[sanitize]12,11,‚»‚Μ‘Ό,’“Τi—Φjκ,10Ξ‘γ,‘εw¶,{ω‚µ‚½
ή“,©“]Τ“,‚½‚Β‚Μ,–{—΄–μ‰w‘O,282294,•ΊΙ§,‚½‚Β‚Μs,—΄–μ’¬’†‘Ί,2022[sanitize]06[sanitize]24,12,‚»‚Μ‘Ό,’“Τi—Φjκ,20Ξ‘γ,‚»‚Μ‘Ό,{ω‚Ή‚Έ
ή“,©“]Τ“,‚½‚Β‚Μ,–{—΄–μ‰w‘O,282294,•ΊΙ§,‚½‚Β‚Μs,—΄–μ’¬’†‘Ί,2022[sanitize]07[sanitize]27,07,‚»‚Μ‘Ό,’“Τi—Φjκ,10Ξ‘γ,‚Z¶,{ω‚Ή‚Έ
ή“,©“]Τ“,‚½‚Β‚Μ,–{—΄–μ‰w‘O,282294,•ΊΙ§,‚½‚Β‚Μs,—΄–μ’¬’†‘Ί,2022[sanitize]07[sanitize]30,16,‚»‚Μ‘Ό,’“Τi—Φjκ,20Ξ‘γ,‚»‚Μ‘Ό,{ω‚µ‚½
ή“,©“]Τ“,‚½‚Β‚Μ,–{—΄–μ‰w‘O,282294,•ΊΙ§,‚½‚Β‚Μs,—΄–μ’¬’†‘Ί,2022[sanitize]08[sanitize]16,06,‚»‚Μ‘Ό,’“Τi—Φjκ,20Ξ‘γ,‚»‚Μ‘Ό,{ω‚Ή‚Έ
ή“,©“]Τ“,‚½‚Β‚Μ,–{—΄–μ‰w‘O,282294,•ΊΙ§,‚½‚Β‚Μs,—΄–μ’¬’†‘Ί,2022[sanitize]08[sanitize]29,16,‚»‚Μ‘Ό,’“Τi—Φjκ,10Ξ‘γ,‚Z¶,{ω‚Ή‚Έ
ή“,©“]Τ“,‚½‚Β‚Μ,–{—΄–μ‰w‘O,282294,•ΊΙ§,‚½‚Β‚Μs,—΄–μ’¬’†‘Ί,2022[sanitize]08[sanitize]30,17,‚»‚Μ‘Ό,’“Τi—Φjκ,10Ξ‘γ,‚»‚Μ‘Ό,{ω‚Ή‚Έ
ή“,©“]Τ“,‚½‚Β‚Μ,–{—΄–μ‰w‘O,282294,•ΊΙ§,‚½‚Β‚Μs,—΄–μ’¬’†‘Ί,2022[sanitize]10[sanitize]04,07,‚»‚Μ‘Ό,’“Τi—Φjκ,10Ξ‘γ,‚Z¶,{ω‚Ή‚Έ
ή“,©“]Τ“,‚½‚Β‚Μ,–{—΄–μ‰w‘O,282294,•ΊΙ§,‚½‚Β‚Μs,—΄–μ’¬l‰Σ,2022[sanitize]10[sanitize]29,18,‚»‚Μ‘Ό,’“Τi—Φjκ,50Ξ‘γ,‚»‚Μ‘Ό,{ω‚Ή‚Έ
ή“,©“]Τ“,‚½‚Β‚Μ,_•”,282294,•ΊΙ§,‚½‚Β‚Μs,—K•Ϋμ’¬_Λ–kR,2022[sanitize]10[sanitize]05,07,’“Τi—Φjκ,’“Τi—Φjκ,10Ξ‘γ,‚»‚Μ‘Ό,{ω‚Ή‚Έ
ή“,©“]Τ“,‚½‚Β‚Μ,_•”,282294,•ΊΙ§,‚½‚Β‚Μs,—K•Ϋμ’¬‹o“c,2022[sanitize]01[sanitize]12,07,’“Τi—Φjκ,’“Τi—Φjκ,10Ξ‘γ,‚Z¶,{ω‚Ή‚Έ
ή“,©“]Τ“,‚½‚Β‚Μ,_•”,282294,•ΊΙ§,‚½‚Β‚Μs,—K•Ϋμ’¬‹o“c,2022[sanitize]01[sanitize]13,07,‚»‚Μ‘Ό,’“Τi—Φjκ,10Ξ‘γ,‚Z¶,{ω‚µ‚½
ή“,©“]Τ“,‚½‚Β‚Μ,_•”,282294,•ΊΙ§,‚½‚Β‚Μs,—K•Ϋμ’¬‹o“c,2022[sanitize]01[sanitize]13,08,‚»‚Μ‘Ό,’“Τi—Φjκ,10Ξ‘γ,‚Z¶,{ω‚Ή‚Έ
ή“,©“]Τ“,‚½‚Β‚Μ,_•”,282294,•ΊΙ§,‚½‚Β‚Μs,—K•Ϋμ’¬‹o“c,2022[sanitize]04[sanitize]13,07,“ΉHγ,‚»‚Μ‘Ό,10Ξ‘γ,‚»‚Μ‘Ό,{ω‚Ή‚Έ
ή“,©“]Τ“,‚½‚Β‚Μ,_•”,282294,•ΊΙ§,‚½‚Β‚Μs,—K•Ϋμ’¬‹o“c,2022[sanitize]04[sanitize]20,07,“ΉHγ,‚»‚Μ‘Ό,10Ξ‘γ,‚Z¶,{ω‚Ή‚Έ
ή“,©“]Τ“,‚½‚Β‚Μ,_•”,282294,•ΊΙ§,‚½‚Β‚Μs,—K•Ϋμ’¬‹o“c,2022[sanitize]06[sanitize]02,07,‚»‚Μ‘Ό,’“Τi—Φjκ,20Ξ‘γ,‚»‚Μ‘Ό,{ω‚Ή‚Έ
ή“,©“]Τ“,‚½‚Β‚Μ,_•”,282294,•ΊΙ§,‚½‚Β‚Μs,—K•Ϋμ’¬‹o“c,2022[sanitize]09[sanitize]02,07,‚»‚Μ‘Ό,’“Τi—Φjκ,10Ξ‘γ,‚Z¶,{ω‚Ή‚Έ
ή“,©“]Τ“,‚½‚Β‚Μ,_•”,282294,•ΊΙ§,‚½‚Β‚Μs,—K•Ϋμ’¬‹o“c,2022[sanitize]11[sanitize]13,08,‚»‚Μ‘Ό,’“Τi—Φjκ,10Ξ‘γ,‚Z¶,{ω‚Ή‚Έ
ή“,©“]Τ“,‚½‚Β‚Μ,Ό’Ήδ,282294,•ΊΙ§,‚½‚Β‚Μs,_‰ª’¬γ‰΅“ΰ,2022[sanitize]05[sanitize]09,08,‚»‚Μ‘Ό,’“Τi—Φjκ,50Ξ‘γ,‚»‚Μ‘Ό,{ω‚Ή‚Έ
ή“,©“]Τ“,‚½‚Β‚Μ,—_“c,282294,•ΊΙ§,‚½‚Β‚Μs,—_“c’¬—_,2022[sanitize]01[sanitize]24,17,‚»‚Μ‘Ό‚ΜZ‘ξi‚RK‚ΔΘ‰Ί‹¤“―Z‘ξ“™j,’“Τi—Φjκ,60[sanitize]64Ξ,‚»‚Μ‘Ό,{ω‚Ή‚Έ
ή“,©“]Τ“,‘¶,γS‹΄,284815,•ΊΙ§,γS’¬,‘ε,2022[sanitize]07[sanitize]15,07,‚»‚Μ‘Ό,’“Τi—Φjκ,40Ξ‘γ,‚»‚Μ‘Ό,{ω‚Ή‚Έ
ή“,©“]Τ“,‘¶,γS‰w‘O,284815,•ΊΙ§,γS’¬,R–μ—Ά,2022[sanitize]04[sanitize]01,06,‚SK‚ΔΘγ‹¤“―Z‘ξ,’“Τi—Φjκ,50Ξ‘γ,‚»‚Μ‘Ό,{ω‚µ‚½
ή“,©“]Τ“,‘¶,γS‰w‘O,284815,•ΊΙ§,γS’¬,R–μ—Ά,2022[sanitize]07[sanitize]19,10,‚»‚Μ‘Ό,’“Τi—Φjκ,70ΞΘγ,‚»‚Μ‘Ό,{ω‚Ή‚Έ
ή“,©“]Τ“,‘¶,‹u‚Μ‘δ,282081,•ΊΙ§,‘¶s,ηq’¬,2022[sanitize]08[sanitize]20,07,’“Τi—Φjκ,’“Τi—Φjκ,10Ξ‘γ,‚Z¶,{ω‚Ή‚Έ
ή“,©“]Τ“,‘¶,’†‰›’Κ,282081,•ΊΙ§,‘¶s,®‚P’–Ϊ,2022[sanitize]03[sanitize]31,08,‚»‚Μ‘Ό,’“Τi—Φjκ,20Ξ‘γ,‚»‚Μ‘Ό,{ω‚Ή‚Έ
ή“,©“]Τ“,‘¶,’†‰›’Κ,282081,•ΊΙ§,‘¶s,®‚P’–Ϊ,2022[sanitize]05[sanitize]09,08,‚»‚Μ‘Ό,’“Τi—Φjκ,30Ξ‘γ,‚»‚Μ‘Ό,{ω‚Ή‚Έ
ή“,©“]Τ“,‘¶,’†‰›’Κ,282081,•ΊΙ§,‘¶s,®‚P’–Ϊ,2022[sanitize]11[sanitize]15,08,‚»‚Μ‘Ό,’“Τi—Φjκ,20Ξ‘γ,‚»‚Μ‘Ό,{ω‚Ή‚Έ
ή“,©“]Τ“,‘¶,’†‰›’Κ,282081,•ΊΙ§,‘¶s,‘ε“‡’¬,2022[sanitize]12[sanitize]16,12,‚»‚Μ‘Ό,’“Τi—Φjκ,20Ξ‘γ,‚»‚Μ‘Ό,{ω‚Ή‚Έ
ή“,©“]Τ“,‘¶,‘¶‰w‘O,282081,•ΊΙ§,‘¶s,–{‹½’¬,2022[sanitize]03[sanitize]13,06,‚»‚Μ‘Ό,’“Τi—Φjκ,10Ξ‘γ,‚Z¶,{ω‚µ‚½
ή“,©“]Τ“,‘¶,‘¶‰w‘O,282081,•ΊΙ§,‘¶s,–{‹½’¬,2022[sanitize]07[sanitize]06,07,‚»‚Μ‘Ό,’“Τi—Φjκ,10Ξ‘γ,‚Z¶,{ω‚Ή‚Έ
ή“,©“]Τ“,Τ•δ,β‰z‰w‘O,282120,•ΊΙ§,Τ•δs,•ls,2022[sanitize]02[sanitize]14,07,’“Τi—Φjκ,’“Τi—Φjκ,10Ξ‘γ,‚Z¶,{ω‚Ή‚Έ
ή“,©“]Τ“,Τ•δ,β‰z‰w‘O,282120,•ΊΙ§,Τ•δs,•ls,2022[sanitize]03[sanitize]14,07,’“Τi—Φjκ,’“Τi—Φjκ,10Ξ‘γ,‚Z¶,{ω‚Ή‚Έ
ή“,©“]Τ“,Τ•δ,β‰z‰w‘O,282120,•ΊΙ§,Τ•δs,•ls,2022[sanitize]03[sanitize]23,10,’“Τi—Φjκ,’“Τi—Φjκ,10Ξ‘γ,‚Z¶,{ω‚Ή‚Έ
ή“,©“]Τ“,Τ•δ,‰–‰®,282120,•ΊΙ§,Τ•δs,‘ε’¬,2022[sanitize]12[sanitize]03,07,‚»‚Μ‘Ό‚ΜZ‘ξi‚RK‚ΔΘ‰Ί‹¤“―Z‘ξ“™j,’“Τi—Φjκ,10Ξ‘γ,‘εw¶,{ω‚Ή‚Έ
ή“,©“]Τ“,Τ•δ,‰–‰®,282120,•ΊΙ§,Τ•δs,υ’¬,2022[sanitize]03[sanitize]15,17,‚»‚Μ‘Ό‚ΜZ‘ξi‚RK‚ΔΘ‰Ί‹¤“―Z‘ξ“™j,’“Τi—Φjκ,20Ξ‘γ,‘εw¶,{ω‚Ή‚Έ
ή“,©“]Τ“,Τ•δ,‰–‰®,282120,•ΊΙ§,Τ•δs,‘y–ε’¬,2022[sanitize]07[sanitize]25,11,‚»‚Μ‘Ό,’“Τi—Φjκ,30Ξ‘γ,‚»‚Μ‘Ό,{ω‚Ή‚Έ
ή“,©“]Τ“,Τ•δ,‰–‰®,282120,•ΊΙ§,Τ•δs,‘y–ε’¬,2022[sanitize]10[sanitize]07,21,‚»‚Μ‘Ό,’“Τi—Φjκ,20Ξ‘γ,‘εw¶,{ω‚Ή‚Έ
ή“,©“]Τ“,Τ•δ,‰–‰®,282120,•ΊΙ§,Τ•δs,α‘’¬,2022[sanitize]08[sanitize]03,13,κΛZ‘ξ,’“Τi—Φjκ,70ΞΘγ,‚»‚Μ‘Ό,{ω‚Ή‚Έ
ή“,©“]Τ“,Τ•δ,‘ε‹΄,282120,•ΊΙ§,Τ•δs,’†L,2022[sanitize]05[sanitize]02,08,‚»‚Μ‘Ό,’“Τi—Φjκ,70ΞΘγ,‚»‚Μ‘Ό,{ω‚Ή‚Έ
ή“,©“]Τ“,Τ•δ,‘ε‹΄,282120,•ΊΙ§,Τ•δs,’†L,2022[sanitize]09[sanitize]07,09,‚»‚Μ‘Ό‚ΜZ‘ξi‚RK‚ΔΘ‰Ί‹¤“―Z‘ξ“™j,’“Τi—Φjκ,65[sanitize]69Ξ,‚»‚Μ‘Ό,{ω‚Ή‚Έ
ή“,©“]Τ“,Τ•δ,‘ε‹΄,282120,•ΊΙ§,Τ•δs,’†L,2022[sanitize]10[sanitize]20,09,κΛZ‘ξ,‚»‚Μ‘Ό,50Ξ‘γ,‚»‚Μ‘Ό,{ω‚µ‚½
ή“,©“]Τ“,Τ•δ,‘ε‹΄,282120,•ΊΙ§,Τ•δs,’†L,2022[sanitize]11[sanitize]18,10,‚»‚Μ‘Ό,‚»‚Μ‘Ό,20Ξ‘γ,‚»‚Μ‘Ό,{ω‚Ή‚Έ
ή“,©“]Τ“,Τ•δ,δθ,282120,•ΊΙ§,Τ•δs,–k–μ’†,2022[sanitize]10[sanitize]21,13,κΛZ‘ξ,’“Τi—Φjκ,20Ξ‘γ,‚»‚Μ‘Ό,{ω‚µ‚½
ή“,©“]Τ“,Τ•δ,ά•ϋ,282120,•ΊΙ§,Τ•δs,,2022[sanitize]02[sanitize]27,15,κΛZ‘ξ,‚»‚Μ‘Ό,20Ξ‘γ,‚»‚Μ‘Ό,{ω‚Ή‚Έ
ή“,©“]Τ“,Τ•δ,V“c,282120,•ΊΙ§,Τ•δs,V“c,2021[sanitize]09[sanitize]01,00,‚»‚Μ‘Ό,’“Τi—Φjκ,10Ξ‘γ,‘εw¶,{ω‚Ή‚Έ
ή“,©“]Τ“,Τ•δ,V“c,282120,•ΊΙ§,Τ•δs,V“c,2021[sanitize]09[sanitize]01,10,‚»‚Μ‘Ό,’“Τi—Φjκ,20Ξ‘γ,‘εw¶,{ω‚Ή‚Έ
ή“,©“]Τ“,Τ•δ,V“c,282120,•ΊΙ§,Τ•δs,V“c,2022[sanitize]06[sanitize]15,09,‚»‚Μ‘Ό,’“Τi—Φjκ,20Ξ‘γ,‘εw¶,{ω‚Ή‚Έ
ή“,©“]Τ“,Τ•δ,V“c,282120,•ΊΙ§,Τ•δs,Γ•l’¬,2022[sanitize]09[sanitize]02,18,‚»‚Μ‘Ό‚ΜZ‘ξi‚RK‚ΔΘ‰Ί‹¤“―Z‘ξ“™j,’“Τi—Φjκ,10Ξ‘γ,’†w¶,{ω‚Ή‚Έ
ή“,©“]Τ“,Τ•δ,—L”N,282120,•ΊΙ§,Τ•δs,—L”N‰΅”φ,2022[sanitize]04[sanitize]13,07,‚»‚Μ‘Ό,‚»‚Μ‘Ό,10Ξ‘γ,‚Z¶,{ω‚Ή‚Έ
ή“,©“]Τ“,Τ•δ,—L”N,282120,•ΊΙ§,Τ•δs,—L”N‰΅”φ,2022[sanitize]08[sanitize]21,07,‚»‚Μ‘Ό,’“Τi—Φjκ,10Ξ‘γ,‚Z¶,{ω‚Ή‚Έ
ή“,©“]Τ“,Τ•δ,—L”N,282120,•ΊΙ§,Τ•δs,—L”N‰΅”φ,2022[sanitize]09[sanitize]12,17,‚»‚Μ‘Ό,’“Τi—Φjκ,20Ξ‘γ,‚»‚Μ‘Ό,{ω‚Ή‚Έ
ή“,©“]Τ“,Τ•δ,—L”N,282120,•ΊΙ§,Τ•δs,—L”N‰΅”φ,2022[sanitize]10[sanitize]05,17,‚»‚Μ‘Ό,’“Τi—Φjκ,20Ξ‘γ,‚»‚Μ‘Ό,{ω‚µ‚½
ή“,©“]Τ“,Τ•δ,—L”N,282120,•ΊΙ§,Τ•δs,—L”N‰΅”φ,2022[sanitize]11[sanitize]21,17,‚»‚Μ‘Ό,’“Τi—Φjκ,30Ξ‘γ,‚»‚Μ‘Ό,{ω‚Ή‚Έ
ή“,©“]Τ“,Τ•δ,Τ•δ‰w‘O,282120,•ΊΙ§,Τ•δs,‰Α—Ά‰®,2022[sanitize]05[sanitize]06,10,‚»‚Μ‘Ό,’“Τi—Φjκ,20Ξ‘γ,‘εw¶,{ω‚Ή‚Έ
ή“,©“]Τ“,Τ•δ,Τ•δ‰w‘O,282120,•ΊΙ§,Τ•δs,‰Α—Ά‰®,2022[sanitize]06[sanitize]01,20,‚»‚Μ‘Ό,’“Τi—Φjκ,10Ξ‘γ,‚Z¶,{ω‚Ή‚Έ
ή“,©“]Τ“,Τ•δ,Τ•δ‰w‘O,282120,•ΊΙ§,Τ•δs,‰Α—Ά‰®,2022[sanitize]06[sanitize]24,23,‚»‚Μ‘Ό,’“Τi—Φjκ,20Ξ‘γ,‘εw¶,{ω‚Ή‚Έ
ή“,©“]Τ“,Τ•δ,Τ•δ‰w‘O,282120,•ΊΙ§,Τ•δs,‰Α—Ά‰®,2022[sanitize]07[sanitize]09,04,‚»‚Μ‘Ό,’“Τi—Φjκ,20Ξ‘γ,‚»‚Μ‘Ό,{ω‚Ή‚Έ
ή“,©“]Τ“,Τ•δ,Τ•δ‰w‘O,282120,•ΊΙ§,Τ•δs,‰Α—Ά‰®,2022[sanitize]07[sanitize]13,05,“ΉHγ,‚»‚Μ‘Ό,10Ξ‘γ,‘εw¶,{ω‚Ή‚Έ
ή“,©“]Τ“,Τ•δ,Τ•δ‰w‘O,282120,•ΊΙ§,Τ•δs,‰Α—Ά‰®,2022[sanitize]07[sanitize]30,11,‚»‚Μ‘Ό,’“Τi—Φjκ,10Ξ‘γ,‚Z¶,{ω‚Ή‚Έ
ή“,©“]Τ“,Τ•δ,Τ•δ‰w‘O,282120,•ΊΙ§,Τ•δs,‰Α—Ά‰®,2022[sanitize]08[sanitize]15,18,“ΉHγ,‚»‚Μ‘Ό,10Ξ‘γ,‚Z¶,{ω‚µ‚½
ή“,©“]Τ“,Τ•δ,Τ•δ‰w‘O,282120,•ΊΙ§,Τ•δs,‰Α—Ά‰®,2022[sanitize]08[sanitize]15,19,‚»‚Μ‘Ό,’“Τi—Φjκ,10Ξ‘γ,’†w¶,{ω‚Ή‚Έ
ή“,©“]Τ“,Τ•δ,Τ•δ‰w‘O,282120,•ΊΙ§,Τ•δs,‰Α—Ά‰®,2022[sanitize]09[sanitize]04,11,‚»‚Μ‘Ό,’“Τi—Φjκ,10Ξ‘γ,’†w¶,{ω‚Ή‚Έ
ή“,©“]Τ“,Τ•δ,Τ•δ‰w‘O,282120,•ΊΙ§,Τ•δs,‰Α—Ά‰®,2022[sanitize]12[sanitize]05,21,‚»‚Μ‘Ό,’“Τi—Φjκ,20Ξ‘γ,‘εw¶,{ω‚µ‚½
ή“,©“]Τ“,Τ•δ,Τ•δ‰w‘O,282120,•ΊΙ§,Τ•δs,‰Α—Ά‰®,2022[sanitize]12[sanitize]07,08,‚»‚Μ‘Ό‚ΜZ‘ξi‚RK‚ΔΘ‰Ί‹¤“―Z‘ξ“™j,’“Τi—Φjκ,70ΞΘγ,‚»‚Μ‘Ό,{ω‚µ‚½
ή“,©“]Τ“,Τ•δ,Τ•δ‰w‘O,282120,•ΊΙ§,Τ•δs,’†L,2022[sanitize]05[sanitize]25,11,‚»‚Μ‘Ό,’“Τi—Φjκ,40Ξ‘γ,‚»‚Μ‘Ό,{ω‚Ή‚Έ
ή“,©“]Τ“,Τ•δ,Τ•δ‰w‘O,282120,•ΊΙ§,Τ•δs,Rθ’¬,2022[sanitize]08[sanitize]06,22,‚»‚Μ‘Ό‚ΜZ‘ξi‚RK‚ΔΘ‰Ί‹¤“―Z‘ξ“™j,’“Τi—Φjκ,30Ξ‘γ,‚»‚Μ‘Ό,{ω‚Ή‚Έ
ή“,©“]Τ“,³Ύ,Rθ’†‰›,282278,•ΊΙ§,³Ύs,Rθ’¬‰Α¶,2022[sanitize]12[sanitize]10,09,‚»‚Μ‘Ό,’“Τi—Φjκ,10Ξ‘γ,‚Z¶,{ω‚Ή‚Έ
ή“,©“]Τ“,³Ύ,Rθ’†‰›,282278,•ΊΙ§,³Ύs,Rθ’¬­‘ς,2021[sanitize]08[sanitize]01,07,‚»‚Μ‘Ό,’“Τi—Φjκ,10Ξ‘γ,‚Z¶,{ω‚Ή‚Έ
ή“,©“]Τ“,³Ύ,Rθ’†‰›,282278,•ΊΙ§,³Ύs,Rθ’¬­‘ς,2021[sanitize]12[sanitize]15,04,’“Τi—Φjκ,’“Τi—Φjκ,30Ξ‘γ,‚»‚Μ‘Ό,{ω‚µ‚½
ή“,©“]Τ“,³Ύ,Rθ’†‰›,282278,•ΊΙ§,³Ύs,Rθ’¬­‘ς,2021[sanitize]12[sanitize]30,11,’“Τi—Φjκ,’“Τi—Φjκ,10Ξ‘γ,‚Z¶,{ω‚Ή‚Έ
ή“,©“]Τ“,³Ύ,Rθ’†‰›,282278,•ΊΙ§,³Ύs,Rθ’¬­‘ς,2022[sanitize]09[sanitize]27,07,‚»‚Μ‘Ό,’“Τi—Φjκ,10Ξ‘γ,‚Z¶,{ω‚Ή‚Έ
ή“,©“]Τ“,³Ύ,Rθ’†‰›,282278,•ΊΙ§,³Ύs,Rθ’¬­‘ς,2022[sanitize]10[sanitize]01,12,‚»‚Μ‘Ό,’“Τi—Φjκ,10Ξ‘γ,‚Z¶,{ω‚Ή‚Έ
ή“,©“]Τ“,³Ύ,Rθ’†‰›,282278,•ΊΙ§,³Ύs,Rθ’¬­‘ς,2022[sanitize]10[sanitize]07,18,’“Τi—Φjκ,’“Τi—Φjκ,10Ξ‘γ,‚Z¶,{ω‚Ή‚Έ
ή“,©“]Τ“,³Ύ,Rθ’†‰›,282278,•ΊΙ§,³Ύs,Rθ’¬­‘ς,2022[sanitize]10[sanitize]11,07,‚»‚Μ‘Ό,’“Τi—Φjκ,10Ξ‘γ,‚Z¶,{ω‚Ή‚Έ
ή“,©“]Τ“,³Ύ,Rθ’†‰›,282278,•ΊΙ§,³Ύs,Rθ’¬’†L£,2022[sanitize]08[sanitize]11,16,‚»‚Μ‘Ό,’“Τi—Φjκ,20Ξ‘γ,‚»‚Μ‘Ό,{ω‚Ή‚Έ
ή“,©“]Τ“,³Ύ,Rθ’†‰›,282278,•ΊΙ§,³Ύs,Rθ’¬–ε‘O,2022[sanitize]09[sanitize]12,19,‚»‚Μ‘Ό‚ΜZ‘ξi‚RK‚ΔΘ‰Ί‹¤“―Z‘ξ“™j,’“Τi—Φjκ,30Ξ‘γ,‚»‚Μ‘Ό,{ω‚Ή‚Έ
ή“,©“]Τ“,“μ’A”n,”ª­‰w‘O,282227,•ΊΙ§,—{•ƒs,”ª­’¬”ª­,2022[sanitize]03[sanitize]29,17,‚»‚Μ‘Ό,’“Τi—Φjκ,10Ξ‘γ,‚Z¶,{ω‚Ή‚Έ
ή“,©“]Τ“,“μ’A”n,”ª­‰w‘O,282227,•ΊΙ§,—{•ƒs,”ª­’¬”ª­,2022[sanitize]10[sanitize]04,18,‚»‚Μ‘Ό,’“Τi—Φjκ,10Ξ‘γ,‚Z¶,{ω‚µ‚½
ή“,©“]Τ“,“μ’A”n,a“cR‰w‘O,282251,•ΊΙ§,’©—s,a“cR’¬‹Κ’u,2022[sanitize]02[sanitize]04,14,‚»‚Μ‘Ό,’“Τi—Φjκ,70ΞΘγ,‚»‚Μ‘Ό,{ω‚Ή‚Έ
ή“,©“]Τ“,“μ’A”n,a“cR‰w‘O,282251,•ΊΙ§,’©—s,a“cR’¬‹Κ’u,2022[sanitize]09[sanitize]29,14,‚»‚Μ‘Ό,’“Τi—Φjκ,60[sanitize]64Ξ,‚»‚Μ‘Ό,{ω‚Ή‚Έ
ή“,©“]Τ“,“μ’A”n,a“cR‰w‘O,282251,•ΊΙ§,’©—s,a“cR’¬–‡“c,2022[sanitize]07[sanitize]10,08,‚SK‚ΔΘγ‹¤“―Z‘ξ,’“Τi—Φjκ,50Ξ‘γ,‚»‚Μ‘Ό,{ω‚Ή‚Έ
ή“,©“]Τ“,“μ’A”n,a“cR‰w‘O,282251,•ΊΙ§,’©—s,a“cR’¬–‡“c‰ª,2022[sanitize]05[sanitize]30,08,‚»‚Μ‘Ό,’“Τi—Φjκ,10Ξ‘γ,‚Z¶,{ω‚Ή‚Έ
ή“,©“]Τ“,“μ’A”n,a“cR‰w‘O,282251,•ΊΙ§,’©—s,a“cR’¬–‡“c‰ª,2022[sanitize]07[sanitize]22,13,‚»‚Μ‘Ό,’“Τi—Φjκ,10Ξ‘γ,‚Z¶,{ω‚Ή‚Έ
ή“,©“]Τ“,“μ’A”n,a“cR‰w‘O,282251,•ΊΙ§,’©—s,a“cR’¬–‡“c‰ª,2022[sanitize]10[sanitize]14,08,‚»‚Μ‘Ό,’“Τi—Φjκ,10Ξ‘γ,‚Z¶,{ω‚Ή‚Έ
ή“,©“]Τ“,–L‰ª,‰Ί‰A,282090,•ΊΙ§,–L‰ªs,‰Ί‰A,2022[sanitize]05[sanitize]24,22,‚»‚Μ‘Ό‚ΜZ‘ξi‚RK‚ΔΘ‰Ί‹¤“―Z‘ξ“™j,‚»‚Μ‘Ό,10Ξ‘γ,‚»‚Μ‘Ό,{ω‚Ή‚Έ
ή“,©“]Τ“,–L‰ª,‰Ί‰A,282090,•ΊΙ§,–L‰ªs,’†‰A,2022[sanitize]08[sanitize]31,07,‚»‚Μ‘Ό,’“Τi—Φjκ,10Ξ‘γ,’†w¶,{ω‚Ή‚Έ
ή“,©“]Τ“,–L‰ª,‰Ί‰A,282090,•ΊΙ§,–L‰ªs,’†‰A,2022[sanitize]09[sanitize]13,22,’“Τi—Φjκ,’“Τi—Φjκ,30Ξ‘γ,‚»‚Μ‘Ό,{ω‚Ή‚Έ
ή“,©“]Τ“,–L‰ª,‹γ“ϊs,282090,•ΊΙ§,–L‰ªs,‹γ“ϊsγ’¬,2022[sanitize]09[sanitize]10,12,‚»‚Μ‘Ό‚ΜZ‘ξi‚RK‚ΔΘ‰Ί‹¤“―Z‘ξ“™j,’“Τi—Φjκ,40Ξ‘γ,‚»‚Μ‘Ό,{ω‚µ‚½
ή“,©“]Τ“,–L‰ª,ιθ‰·ς‰w‘O,282090,•ΊΙ§,–L‰ªs,ιθ’¬΅’Γ,2022[sanitize]09[sanitize]22,07,’“Τi—Φjκ,’“Τi—Φjκ,10Ξ‘γ,‚Z¶,{ω‚Ή‚Έ
ή“,©“]Τ“,–L‰ª,ιθ‰·ς‰w‘O,282090,•ΊΙ§,–L‰ªs,ιθ’¬΅’Γ,2022[sanitize]10[sanitize]15,08,κΛZ‘ξ,’“Τi—Φjκ,30Ξ‘γ,‚»‚Μ‘Ό,{ω‚Ή‚Έ
ή“,©“]Τ“,–L‰ª,ιθ‰·ς‰w‘O,282090,•ΊΙ§,–L‰ªs,ιθ’¬“’“‡,2022[sanitize]07[sanitize]29,06,’“Τi—Φjκ,’“Τi—Φjκ,10Ξ‘γ,‚Z¶,{ω‚Ή‚Έ
ή“,©“]Τ“,–L‰ª,ιθ‰·ς‰w‘O,282090,•ΊΙ§,–L‰ªs,ιθ’¬“’“‡,2022[sanitize]10[sanitize]15,10,’“Τi—Φjκ,’“Τi—Φjκ,65[sanitize]69Ξ,‚»‚Μ‘Ό,{ω‚Ή‚Έ
ή“,©“]Τ“,–L‰ª,“ϊ‚,282090,•ΊΙ§,–L‰ªs,“ϊ‚’¬]΄,2022[sanitize]08[sanitize]16,07,‚»‚Μ‘Ό,’“Τi—Φjκ,10Ξ‘γ,‚Z¶,{ω‚Ή‚Έ
ή“,©“]Τ“,–L‰ª,—§–μ,282090,•ΊΙ§,–L‰ªs,ς’¬,2022[sanitize]09[sanitize]29,16,‚»‚Μ‘Ό,‚»‚Μ‘Ό,70ΞΘγ,‚»‚Μ‘Ό,{ω‚µ‚½
ή“,©“]Τ“,–L‰ª,–L‰ª‰w‘O,282090,•ΊΙ§,–L‰ªs,‘εθ’¬,2017[sanitize]10[sanitize]01,00,‚»‚Μ‘Ό,’“Τi—Φjκ,30Ξ‘γ,‚»‚Μ‘Ό,{ω‚µ‚½
ή“,©“]Τ“,–L‰ª,–L‰ª‰w‘O,282090,•ΊΙ§,–L‰ªs,‘εθ’¬,2022[sanitize]02[sanitize]21,18,‚»‚Μ‘Ό,’“Τi—Φjκ,10Ξ‘γ,’†w¶,{ω‚µ‚½
ή“,©“]Τ“,–L‰ª,–L‰ª‰w‘O,282090,•ΊΙ§,–L‰ªs,‘εθ’¬,2022[sanitize]03[sanitize]15,07,‚»‚Μ‘Ό,’“Τi—Φjκ,10Ξ‘γ,‚Z¶,{ω‚Ή‚Έ
ή“,©“]Τ“,–L‰ª,–L‰ª‰w‘O,282090,•ΊΙ§,–L‰ªs,–μ“c,2022[sanitize]04[sanitize]29,22,‚»‚Μ‘Ό,’“Τi—Φjκ,10Ξ‘γ,‚Z¶,{ω‚µ‚½
ή“,©“]Τ“,”ό•ϋ,δ“y,285862,•ΊΙ§,V‰·ς’¬,δ“y,2022[sanitize]03[sanitize]26,11,‚»‚Μ‘Ό‚ΜZ‘ξi‚RK‚ΔΘ‰Ί‹¤“―Z‘ξ“™j,‚»‚Μ‘Ό,10Ξ‘γ,‚Z¶,{ω‚Ή‚Έ
ή“,©“]Τ“,”ό•ϋ,•lβ‰w‘O,285862,•ΊΙ§,V‰·ς’¬,•lβ,2022[sanitize]05[sanitize]18,06,“ΉHγ,‚»‚Μ‘Ό,10Ξ‘γ,‚Z¶,{ω‚Ή‚Έ
ή“,©“]Τ“,”ό•ϋ,•lβ‰w‘O,285862,•ΊΙ§,V‰·ς’¬,“ρ“ϊs,2022[sanitize]11[sanitize]04,13,κΛZ‘ξ,‚»‚Μ‘Ό,70ΞΘγ,‚»‚Μ‘Ό,{ω‚Ή‚Έ
ή“,©“]Τ“,”ό•ϋ,Z‰w‘O,285854,•ΊΙ§,”ό’¬,Z‹ζZ,2022[sanitize]01[sanitize]19,07,“ΉHγ,‚»‚Μ‘Ό,10Ξ‘γ,’†w¶,{ω‚Ή‚Έ
ή“,©“]Τ“,F–{,“ΰ’¬,282057,•ΊΙ§,F–{s,‰h’¬‚P’–Ϊ,2022[sanitize]09[sanitize]03,11,“ΉHγ,‚»‚Μ‘Ό,10Ξ‘γ,‚Z¶,{ω‚Ή‚Έ
ή“,©“]Τ“,F–{,“ΰ’¬,282057,•ΊΙ§,F–{s,‰h’¬‚R’–Ϊ,2022[sanitize]09[sanitize]14,19,‚»‚Μ‘Ό,’“Τi—Φjκ,10Ξ‘γ,‚Z¶,{ω‚Ή‚Έ
ή“,©“]Τ“,F–{,“ΰ’¬,282057,•ΊΙ§,F–{s,‰–‰®‚P’–Ϊ,2022[sanitize]01[sanitize]02,19,‚»‚Μ‘Ό,’“Τi—Φjκ,10Ξ‘γ,’†w¶,{ω‚Ή‚Έ
ή“,©“]Τ“,F–{,“ΰ’¬,282057,•ΊΙ§,F–{s,‰–‰®‚P’–Ϊ,2022[sanitize]01[sanitize]15,17,‚»‚Μ‘Ό,’“Τi—Φjκ,10Ξ‘γ,‚Z¶,{ω‚Ή‚Έ
ή“,©“]Τ“,F–{,“ΰ’¬,282057,•ΊΙ§,F–{s,‰–‰®‚P’–Ϊ,2022[sanitize]03[sanitize]10,13,‚»‚Μ‘Ό,’“Τi—Φjκ,10Ξ‘γ,‚Z¶,{ω‚Ή‚Έ
ή“,©“]Τ“,F–{,“ΰ’¬,282057,•ΊΙ§,F–{s,‰–‰®‚P’–Ϊ,2022[sanitize]03[sanitize]13,18,‚»‚Μ‘Ό,‚»‚Μ‘Ό,10Ξ‘γ,‚Z¶,{ω‚Ή‚Έ
ή“,©“]Τ“,F–{,“ΰ’¬,282057,•ΊΙ§,F–{s,‰–‰®‚P’–Ϊ,2022[sanitize]11[sanitize]04,15,’“Τi—Φjκ,’“Τi—Φjκ,30Ξ‘γ,‚»‚Μ‘Ό,{ω‚Ή‚Έ
ή“,©“]Τ“,F–{,“ΰ’¬,282057,•ΊΙ§,F–{s,‰–‰®‚P’–Ϊ,2022[sanitize]12[sanitize]12,10,’“Τi—Φjκ,’“Τi—Φjκ,65[sanitize]69Ξ,‚»‚Μ‘Ό,{ω‚Ή‚Έ
ή“,©“]Τ“,F–{,“ΰ’¬,282057,•ΊΙ§,F–{s,–{’¬‚P’–Ϊ,2022[sanitize]08[sanitize]13,23,κΛZ‘ξ,’“Τi—Φjκ,10Ξ‘γ,‚Z¶,{ω‚Ή‚Έ
ή“,©“]Τ“,F–{,“ΰ’¬,282057,•ΊΙ§,F–{s,–{’¬‚S’–Ϊ,2022[sanitize]08[sanitize]19,20,“ΉHγ,‚»‚Μ‘Ό,10Ξ‘γ,‚Z¶,{ω‚Ή‚Έ
ή“,©“]Τ“,F–{,“ΰ’¬,282057,•ΊΙ§,F–{s,–{’¬‚S’–Ϊ,2022[sanitize]09[sanitize]16,19,“ΉHγ,‚»‚Μ‘Ό,30Ξ‘γ,‚»‚Μ‘Ό,{ω‚Ή‚Έ
ή“,©“]Τ“,F–{,“ΰ’¬,282057,•ΊΙ§,F–{s,–{’¬‚T’–Ϊ,2022[sanitize]01[sanitize]07,17,κΛZ‘ξ,’“Τi—Φjκ,10Ξ–Ά–,¬w¶,{ω‚Ή‚Έ
ή“,©“]Τ“,F–{,“ΰ’¬,282057,•ΊΙ§,F–{s,`,2021[sanitize]12[sanitize]29,07,‚»‚Μ‘Ό,’“Τi—Φjκ,20Ξ‘γ,‚»‚Μ‘Ό,{ω‚Ή‚Έ
ή“,©“]Τ“,F–{,“ΰ’¬,282057,•ΊΙ§,F–{s,`,2022[sanitize]01[sanitize]12,19,‚»‚Μ‘Ό,’“Τi—Φjκ,20Ξ‘γ,‚»‚Μ‘Ό,{ω‚Ή‚Έ
ή“,©“]Τ“,F–{,“ΰ’¬,282057,•ΊΙ§,F–{s,`,2022[sanitize]04[sanitize]09,11,‚»‚Μ‘Ό,’“Τi—Φjκ,10Ξ‘γ,‚Z¶,{ω‚Ή‚Έ
ή“,©“]Τ“,F–{,“ΰ’¬,282057,•ΊΙ§,F–{s,`,2022[sanitize]05[sanitize]04,06,‚»‚Μ‘Ό,’“Τi—Φjκ,20Ξ‘γ,‚»‚Μ‘Ό,{ω‚Ή‚Έ
ή“,©“]Τ“,F–{,“ΰ’¬,282057,•ΊΙ§,F–{s,`,2022[sanitize]09[sanitize]12,12,’“Τi—Φjκ,’“Τi—Φjκ,20Ξ‘γ,‚»‚Μ‘Ό,{ω‚Ή‚Έ
ή“,©“]Τ“,F–{,“ΰ’¬,282057,•ΊΙ§,F–{s,`,2022[sanitize]11[sanitize]15,07,’“Τi—Φjκ,’“Τi—Φjκ,10Ξ‘γ,‚Z¶,{ω‚Ή‚Έ
ή“,©“]Τ“,F–{,“ΰ’¬,282057,•ΊΙ§,F–{s,`,2022[sanitize]11[sanitize]27,09,’“Τi—Φjκ,’“Τi—Φjκ,10Ξ‘γ,’†w¶,{ω‚Ή‚Έ
ή“,©“]Τ“,F–{,“ΰ‘V,282057,•ΊΙ§,F–{s,”[,2022[sanitize]06[sanitize]01,07,‚»‚Μ‘Ό,’“Τi—Φjκ,20Ξ‘γ,‚»‚Μ‘Ό,{ω‚Ή‚Έ
ή“,©“]Τ“,F–{,“ΰ‘V,282057,•ΊΙ§,F–{s,”[,2022[sanitize]07[sanitize]02,13,’“Τi—Φjκ,’“Τi—Φjκ,20Ξ‘γ,‚»‚Μ‘Ό,{ω‚Ή‚Έ
ή“,©“]Τ“,F–{,O’Κ,282057,•ΊΙ§,F–{s,•¨•”,2022[sanitize]10[sanitize]08,23,‚»‚Μ‘Ό‚ΜZ‘ξi‚RK‚ΔΘ‰Ί‹¤“―Z‘ξ“™j,’“Τi—Φjκ,30Ξ‘γ,‚»‚Μ‘Ό,{ω‚Ή‚Έ
ή“,©“]Τ“,F–{,‰FR,282057,•ΊΙ§,F–{s,KΤ‚P’–Ϊ,2022[sanitize]01[sanitize]01,10,‚»‚Μ‘Ό‚ΜZ‘ξi‚RK‚ΔΘ‰Ί‹¤“―Z‘ξ“™j,’“Τi—Φjκ,10Ξ‘γ,’†w¶,{ω‚Ή‚Έ
ή“,©“]Τ“,F–{,‰FR,282057,•ΊΙ§,F–{s,‰Ί‰Α–Ξ‚Q’–Ϊ,2022[sanitize]03[sanitize]27,20,‚SK‚ΔΘγ‹¤“―Z‘ξ,’“Τi—Φjκ,10Ξ‘γ,‚Z¶,{ω‚Ή‚Έ
ή“,©“]Τ“,F–{,‰FR,282057,•ΊΙ§,F–{s,‰Ί‰Α–Ξ‚Q’–Ϊ,2022[sanitize]09[sanitize]13,06,‚SK‚ΔΘγ‹¤“―Z‘ξ,’“Τi—Φjκ,20Ξ‘γ,‚»‚Μ‘Ό,{ω‚Ή‚Έ
ή“,©“]Τ“,F–{,‰FR,282057,•ΊΙ§,F–{s,‰Ί‰Α–Ξ‚Q’–Ϊ,2022[sanitize]11[sanitize]21,07,‚»‚Μ‘Ό‚ΜZ‘ξi‚RK‚ΔΘ‰Ί‹¤“―Z‘ξ“™j,’“Τi—Φjκ,20Ξ‘γ,‚»‚Μ‘Ό,{ω‚µ‚½
ή“,©“]Τ“,F–{,’Ή”,282057,•ΊΙ§,F–{s,άF’¬’Ή”’†,2022[sanitize]04[sanitize]03,13,‚SK‚ΔΘγ‹¤“―Z‘ξ,’“Τi—Φjκ,10Ξ‘γ,‚Z¶,{ω‚Ή‚Έ
ή“,©“]Τ“,’WH,•x“‡,282260,•ΊΙ§,’WHs,σ–μ“μ,2022[sanitize]10[sanitize]23,12,‚SK‚ΔΘγ‹¤“―Z‘ξ,’“Τi—Φjκ,70ΞΘγ,‚»‚Μ‘Ό,{ω‚Ή‚Έ
ή“,©“]Τ“,’WH,”φθ,282260,•ΊΙ§,’WHs,”φθ,2022[sanitize]04[sanitize]05,15,“ΉHγ,‚»‚Μ‘Ό,70ΞΘγ,‚»‚Μ‘Ό,{ω‚Ή‚Έ
ή“,©“]Τ“,’WH,”φθ,282260,•ΊΙ§,’WHs,S‰Ζ,2022[sanitize]09[sanitize]17,08,‚»‚Μ‘Ό,’“Τi—Φjκ,10Ξ‘γ,‚»‚Μ‘Ό,{ω‚Ή‚Έ
ή“,©“]Τ“,’WH,”φθ,282260,•ΊΙ§,’WHs,S‰Ζ,2022[sanitize]09[sanitize]22,16,‚»‚Μ‘Ό‚ΜZ‘ξi‚RK‚ΔΘ‰Ί‹¤“―Z‘ξ“™j,’“Τi—Φjκ,10Ξ‘γ,’†w¶,{ω‚Ή‚Έ
ή“,©“]Τ“,’WH,β‰®,282260,•ΊΙ§,’WHs,β‰®,2022[sanitize]07[sanitize]08,07,’“Τi—Φjκ,’“Τi—Φjκ,10Ξ‘γ,‚Z¶,{ω‚Ή‚Έ
ή“,©“]Τ“,’WH,β‰®,282260,•ΊΙ§,’WHs,β‰®,2022[sanitize]07[sanitize]30,11,’“Τi—Φjκ,’“Τi—Φjκ,20Ξ‘γ,‚»‚Μ‘Ό,{ω‚Ή‚Έ
ή“,©“]Τ“,’WH,β‰®,282260,•ΊΙ§,’WHs,β‰®,2022[sanitize]10[sanitize]01,09,“ΉHγ,‚»‚Μ‘Ό,70ΞΘγ,‚»‚Μ‘Ό,{ω‚Ή‚Έ
ή“,©“]Τ“,’WH,u’},282260,•ΊΙ§,’WHs,‘ε’J,2022[sanitize]07[sanitize]14,07,’“Τi—Φjκ,’“Τi—Φjκ,10Ξ‘γ,‚Z¶,{ω‚µ‚½
ή“,©“]Τ“,’WH,u’},282260,•ΊΙ§,’WHs,u’},2022[sanitize]06[sanitize]20,08,‚»‚Μ‘Ό‚ΜZ‘ξi‚RK‚ΔΘ‰Ί‹¤“―Z‘ξ“™j,’“Τi—Φjκ,10Ξ–Ά–,¬w¶,{ω‚Ή‚Έ
ή“,©“]Τ“,’WH,u’},282260,•ΊΙ§,’WHs,u’},2022[sanitize]10[sanitize]23,13,‚»‚Μ‘Ό,’“Τi—Φjκ,10Ξ‘γ,‚Z¶,{ω‚Ή‚Έ
ή“,©“]Τ“,’WH,u’},282260,•ΊΙ§,’WHs,u’},2022[sanitize]11[sanitize]03,08,‚»‚Μ‘Ό,’“Τi—Φjκ,70ΞΘγ,‚»‚Μ‘Ό,{ω‚µ‚½
ή“,©“]Τ“,’WH,u’},282260,•ΊΙ§,’WHs,u’}V“‡,2022[sanitize]10[sanitize]19,08,‚»‚Μ‘Ό,’“Τi—Φjκ,30Ξ‘γ,‚»‚Μ‘Ό,{ω‚µ‚½
ή“,©“]Τ“,’WH,u’},282260,•ΊΙ§,’WHs,u’}V“‡,2022[sanitize]10[sanitize]28,09,‚»‚Μ‘Ό,‚»‚Μ‘Ό,70ΞΘγ,‚»‚Μ‘Ό,{ω‚µ‚½
ή“,©“]Τ“,’WH,]δ,282260,•ΊΙ§,’WHs,]δ,2022[sanitize]08[sanitize]16,14,‚»‚Μ‘Ό,’“Τi—Φjκ,50Ξ‘γ,‚»‚Μ‘Ό,{ω‚Ή‚Έ
ή“,©“]Τ“,’WH,‰Y,282260,•ΊΙ§,’WHs,‰Y,2022[sanitize]03[sanitize]30,12,‚SK‚ΔΘγ‹¤“―Z‘ξ,’“Τi—Φjκ,20Ξ‘γ,‚»‚Μ‘Ό,{ω‚µ‚½
ή“,©“]Τ“,’WH,‰Y,282260,•ΊΙ§,’WHs,‰Y,2022[sanitize]12[sanitize]04,17,κΛZ‘ξ,‚»‚Μ‘Ό,70ΞΘγ,‚»‚Μ‘Ό,{ω‚Ή‚Έ
ή“,©“]Τ“,’WH,η”g,282260,•ΊΙ§,’WHs,η”g,2022[sanitize]11[sanitize]18,16,‚»‚Μ‘Ό‚ΜZ‘ξi‚RK‚ΔΘ‰Ί‹¤“―Z‘ξ“™j,’“Τi—Φjκ,70ΞΘγ,‚»‚Μ‘Ό,{ω‚Ή‚Έ
ή“,©“]Τ“,“μ‚ ‚ν‚¶,”ª–Ψ,282243,•ΊΙ§,“μ‚ ‚ν‚¶s,”ª–Ψ—{‹Xγ,2022[sanitize]06[sanitize]26,12,κΛZ‘ξ,’“Τi—Φjκ,40Ξ‘γ,‚»‚Μ‘Ό,{ω‚Ή‚Έ
ή“,©“]Τ“,“μ‚ ‚ν‚¶,–kΆ–,282243,•ΊΙ§,“μ‚ ‚ν‚¶s,–kΆ–“›δ,2022[sanitize]08[sanitize]26,12,κΛZ‘ξ,’“Τi—Φjκ,10Ξ‘γ,’†w¶,{ω‚Ή‚Έ
ή“,©“]Τ“,“μ‚ ‚ν‚¶,–kΆ–,282243,•ΊΙ§,“μ‚ ‚ν‚¶s,–kΆ–“›δ,2022[sanitize]10[sanitize]15,18,κΛZ‘ξ,‚»‚Μ‘Ό,70ΞΘγ,‚»‚Μ‘Ό,{ω‚Ή‚Έ
ή“,©“]Τ“,“μ‚ ‚ν‚¶,L“c,282243,•ΊΙ§,“μ‚ ‚ν‚¶s,L“c’†‹Ψ,2022[sanitize]10[sanitize]25,12,‚»‚Μ‘Ό,‚»‚Μ‘Ό,10Ξ‘γ,‚Z¶,{ω‚Ή‚Έ
ή“,©“]Τ“,“μ‚ ‚ν‚¶,u’m,282243,•ΊΙ§,“μ‚ ‚ν‚¶s,u’mθn,2022[sanitize]03[sanitize]25,18,‚»‚Μ‘Ό,’“Τi—Φjκ,50Ξ‘γ,‚»‚Μ‘Ό,{ω‚Ή‚Έ
ή“,©“]Τ“,“μ‚ ‚ν‚¶,u’m,282243,•ΊΙ§,“μ‚ ‚ν‚¶s,Ό”Ώe“c,2022[sanitize]11[sanitize]01,17,κΛZ‘ξ,’“Τi—Φjκ,70ΞΘγ,‚»‚Μ‘Ό,{ω‚Ή‚Έ
ή“,©“]Τ“,“μ‚ ‚ν‚¶,c–μ,282243,•ΊΙ§,“μ‚ ‚ν‚¶s,Ό”Ώ–k•ϋ,2022[sanitize]04[sanitize]19,18,κΛZ‘ξ,‚»‚Μ‘Ό,30Ξ‘γ,‚»‚Μ‘Ό,{ω‚Ή‚Έ
ή“,©“]Τ“,“μ‚ ‚ν‚¶,c–μ,282243,•ΊΙ§,“μ‚ ‚ν‚¶s,Ό”ΏΓ’ΓH,2022[sanitize]01[sanitize]15,15,‚»‚Μ‘Ό,’“Τi—Φjκ,20Ξ‘γ,‚»‚Μ‘Ό,{ω‚Ή‚Έ
ή“,©“]Τ“,“μ‚ ‚ν‚¶,–©,282243,•ΊΙ§,“μ‚ ‚ν‚¶s,–©,2022[sanitize]02[sanitize]03,20,‚»‚Μ‘Ό,’“Τi—Φjκ,10Ξ‘γ,‚Z¶,{ω‚Ή‚Έ
ή“,©“]Τ“,“μ‚ ‚ν‚¶,•δ,282243,•ΊΙ§,“μ‚ ‚ν‚¶s,‰κW,2022[sanitize]10[sanitize]01,18,κΛZ‘ξ,‚»‚Μ‘Ό,70ΞΘγ,‚»‚Μ‘Ό,{ω‚Ή‚Έ
ή“,©“]Τ“,“μ‚ ‚ν‚¶,Ά–Ό,282243,•ΊΙ§,“μ‚ ‚ν‚¶s,Ά–Ό’¬,2022[sanitize]06[sanitize]16,19,κΛZ‘ξ,‚»‚Μ‘Ό,70ΞΘγ,‚»‚Μ‘Ό,{ω‚Ή‚Έ
ή“,©“]Τ“,“μ‚ ‚ν‚¶,Ά“ί‰κ,282243,•ΊΙ§,“μ‚ ‚ν‚¶s,Ά“ί‰κ,2022[sanitize]06[sanitize]22,05,‚»‚Μ‘Ό‚ΜZ‘ξi‚RK‚ΔΘ‰Ί‹¤“―Z‘ξ“™j,‚»‚Μ‘Ό,40Ξ‘γ,‚»‚Μ‘Ό,{ω‚Ή‚Έ
ή“,©“]Τ“,“μ‚ ‚ν‚¶,Ά“ί‰κ,282243,•ΊΙ§,“μ‚ ‚ν‚¶s,Ά“ί‰κ,2022[sanitize]06[sanitize]30,01,‚»‚Μ‘Ό,‚»‚Μ‘Ό,50Ξ‘γ,‚»‚Μ‘Ό,{ω‚Ή‚Έ
ή“,©“]Τ“,“μ‚ ‚ν‚¶,Β–Ψ,282243,•ΊΙ§,“μ‚ ‚ν‚¶s,u’m’†“‡,2022[sanitize]09[sanitize]20,10,“ΉHγ,‚»‚Μ‘Ό,60[sanitize]64Ξ,‚»‚Μ‘Ό,{ω‚Ή‚Έ
ή“,©“]Τ“,“μ‚ ‚ν‚¶,Β–Ψ,282243,•ΊΙ§,“μ‚ ‚ν‚¶s,u’mΌ–{,2022[sanitize]04[sanitize]24,19,κΛZ‘ξ,’“Τi—Φjκ,10Ξ‘γ,’†w¶,{ω‚Ή‚Έ
ή“,©“]Τ“,“μ‚ ‚ν‚¶,Β–Ψ,282243,•ΊΙ§,“μ‚ ‚ν‚¶s,_‘γμ—,2022[sanitize]05[sanitize]19,19,κΛZ‘ξ,’“Τi—Φjκ,60[sanitize]64Ξ,‚»‚Μ‘Ό,{ω‚Ή‚Έ
ή“,©“]Τ“,“μ‚ ‚ν‚¶,Β–Ψ,282243,•ΊΙ§,“μ‚ ‚ν‚¶s,_‘γ εΙ,2022[sanitize]05[sanitize]07,07,κΛZ‘ξ,’“Τi—Φjκ,50Ξ‘γ,‚»‚Μ‘Ό,{ω‚Ή‚Έ
