ί–Ό,θϋ,Ηx@i”­¶’nj,Ηπ”ΤE’“έi”­¶’nj,s‹ζ’¬‘ΊƒR[ƒhi”­¶’nj,“s“Ή•{§i”­¶’nj,s‹ζ’¬‘Ίi”­¶’nj,’¬’–Ϊi”­¶’nj,”­¶”N“ϊinϊj,”­¶inϊj,”­¶κ,”­¶κ‚ΜΪΧ,»‹ΰΘO‚Με‚Θ”νQ•i
ή“,•”•i‚Λ‚η‚Ά,¬–μ,‰Ί—Z,282189,•ΊΙ§,¬–μs,Ά`’¬,2021[sanitize]02[sanitize]01,11,κΛZ‘ξ,’“Τi—Φjκ,ƒ^ƒCƒ„EƒzƒC[ƒ‹
ή“,•”•i‚Λ‚η‚Ά,¬–μ,¬“c,282189,•ΊΙ§,¬–μs,–›’¬,2021[sanitize]09[sanitize]10,07,‚»‚Μ‘Ό,’“Τi—Φjκ,ƒiƒ“ƒo[ƒvƒ[ƒg
ή“,•”•i‚Λ‚η‚Ά,¬–μ,¬–μ‰w‘O,282189,•ΊΙ§,¬–μs,‰¤q’¬,2021[sanitize]07[sanitize]15,13,’“Τi—Φjκ,’“Τi—Φjκ,ƒiƒ“ƒo[ƒvƒ[ƒg
ή“,•”•i‚Λ‚η‚Ά,¬–μ,¬–μ‰w‘O,282189,•ΊΙ§,¬–μs,Ό–{’¬,2021[sanitize]01[sanitize]07,17,’“Τi—Φjκ,’“Τi—Φjκ,‚»‚Μ‘Ό
ή“,•”•i‚Λ‚η‚Ά,¬–μ,›“c,282189,•ΊΙ§,¬–μs,Z‹g’¬,2021[sanitize]03[sanitize]18,20,κΛZ‘ξ,’“Τi—Φjκ,‚»‚Μ‘Ό
ή“,•”•i‚Λ‚η‚Ά,O“c,ƒEƒbƒfƒBƒ^ƒEƒ“’†‰›,282197,•ΊΙ§,O“cs,‚δ‚θ‚Μ‚«‘δ‚T’–Ϊ,2021[sanitize]04[sanitize]24,11,κΛZ‘ξ,’“Τi—Φjκ,‚»‚Μ‘Ό
ή“,•”•i‚Λ‚η‚Ά,O“c,O“c“μ,282197,•ΊΙ§,O“cs,“V_‚R’–Ϊ,2020[sanitize]12[sanitize]27,19,‚SK‚ΔΘγ‹¤“―Z‘ξ,’“Τi—Φjκ,ƒiƒ“ƒo[ƒvƒ[ƒg
ή“,•”•i‚Λ‚η‚Ά,O“c,O“c‰w‘O,282197,•ΊΙ§,O“cs,‰w‘O’¬,2021[sanitize]10[sanitize]26,17,“ΉHγ,‚»‚Μ‘Ό,‚»‚Μ‘Ό
ή“,•”•i‚Λ‚η‚Ά,O“c,O“c‰w‘O,282197,•ΊΙ§,O“cs,‰w‘O’¬,2021[sanitize]12[sanitize]27,01,‚»‚Μ‘Ό,’“Τi—Φjκ,ƒiƒ“ƒo[ƒvƒ[ƒg
ή“,•”•i‚Λ‚η‚Ά,““ε,ZbƒAƒCƒ‰ƒ“ƒh,281018,•ΊΙ§,_Λs““ε‹ζ,ό—m’¬’†‚T’–Ϊ,2021[sanitize]09[sanitize]19,04,‚SK‚ΔΘγ‹¤“―Z‘ξ,’“Τi—Φjκ,ƒiƒ“ƒo[ƒvƒ[ƒg
ή“,•”•i‚Λ‚η‚Ά,““ε,ZbƒAƒCƒ‰ƒ“ƒh,281018,•ΊΙ§,_Λs““ε‹ζ,ό—m’¬’†‚U’–Ϊ,2021[sanitize]02[sanitize]11,15,’“Τi—Φjκ,’“Τi—Φjκ,‚»‚Μ‘Ό
ή“,•”•i‚Λ‚η‚Ά,““ε,ΰ“c,281018,•ΊΙ§,_Λs““ε‹ζ,Z‹g“μ’¬‚R’–Ϊ,2021[sanitize]10[sanitize]26,20,‚»‚Μ‘Ό,’“Τi—Φjκ,ƒiƒ“ƒo[ƒvƒ[ƒg
ή“,•”•i‚Λ‚η‚Ά,““ε,ΰ“c,281018,•ΊΙ§,_Λs““ε‹ζ,Z‹g“μ’¬‚T’–Ϊ,2021[sanitize]04[sanitize]05,20,‚»‚Μ‘Ό,’“Τi—Φjκ,‚»‚Μ‘Ό
ή“,•”•i‚Λ‚η‚Ά,““ε,X,281018,•ΊΙ§,_Λs““ε‹ζ,–{―’¬‚P’–Ϊ,2021[sanitize]11[sanitize]12,19,‚SK‚ΔΘγ‹¤“―Z‘ξ,’“Τi—Φjκ,‚»‚Μ‘Ό
ή“,•”•i‚Λ‚η‚Ά,““ε,X,281018,•ΊΙ§,_Λs““ε‹ζ,–{R“μ’¬‚U’–Ϊ,2021[sanitize]05[sanitize]03,11,‚»‚Μ‘Ό,’“Τi—Φjκ,‚»‚Μ‘Ό
ή“,•”•i‚Λ‚η‚Ά,““ε,‘ςƒmδ,281018,•ΊΙ§,_Λs““ε‹ζ,δ‰e–{’¬‚Q’–Ϊ,2021[sanitize]11[sanitize]29,00,“ΉHγ,‚»‚Μ‘Ό,ƒiƒ“ƒo[ƒvƒ[ƒg
ή“,•”•i‚Λ‚η‚Ά,““ε,‘ςƒmδ,281018,•ΊΙ§,_Λs““ε‹ζ,δ‰eS‰Ζ‚P’–Ϊ,2021[sanitize]03[sanitize]20,19,’“Τi—Φjκ,’“Τi—Φjκ,ƒiƒ“ƒo[ƒvƒ[ƒg
ή“,•”•i‚Λ‚η‚Ά,““ε,[],281018,•ΊΙ§,_Λs““ε‹ζ,[]•l’¬,2021[sanitize]01[sanitize]26,12,“ΉHγ,‚»‚Μ‘Ό,ƒiƒ“ƒo[ƒvƒ[ƒg
ή“,•”•i‚Λ‚η‚Ά,““ε,[],281018,•ΊΙ§,_Λs““ε‹ζ,[]“μ’¬‚R’–Ϊ,2021[sanitize]08[sanitize]02,00,‚»‚Μ‘Ό‚ΜZ‘ξi‚RK‚ΔΘ‰Ί‹¤“―Z‘ξ“™j,’“Τi—Φjκ,‚»‚Μ‘Ό
ή“,•”•i‚Λ‚η‚Ά,““ε,[],281018,•ΊΙ§,_Λs““ε‹ζ,[]“μ’¬‚S’–Ϊ,2021[sanitize]11[sanitize]15,10,“ΉHγ,‚»‚Μ‘Ό,‚Θ‚µ
ή“,•”•i‚Λ‚η‚Ά,““ε,[],281018,•ΊΙ§,_Λs““ε‹ζ,[]“μ’¬‚S’–Ϊ,2021[sanitize]12[sanitize]15,17,’“Τi—Φjκ,’“Τi—Φjκ,ƒiƒ“ƒo[ƒvƒ[ƒg
ή“,•”•i‚Λ‚η‚Ά,““ε,“c’†,281018,•ΊΙ§,_Λs““ε‹ζ,–{R“μ’¬‚W’–Ϊ,2021[sanitize]05[sanitize]16,12,‚SK‚ΔΘγ‹¤“―Z‘ξ,’“Τi—Φjκ,‚»‚Μ‘Ό
ή“,•”•i‚Λ‚η‚Ά,““ε,Ξ‰®μ,281018,•ΊΙ§,_Λs““ε‹ζ,δ‰eΞ’¬‚Q’–Ϊ,2021[sanitize]11[sanitize]29,09,‚»‚Μ‘Ό,’“Τi—Φjκ,‚»‚Μ‘Ό
ή“,•”•i‚Λ‚η‚Ά,““ε,Ξ‰®μ,281018,•ΊΙ§,_Λs““ε‹ζ,δ‰e’Λ’¬‚P’–Ϊ,2021[sanitize]03[sanitize]19,07,’“Τi—Φjκ,’“Τi—Φjκ,ƒiƒ“ƒo[ƒvƒ[ƒg
ή“,•”•i‚Λ‚η‚Ά,““ε,‹›θ,281018,•ΊΙ§,_Λs““ε‹ζ,‹›θ–k’¬‚Q’–Ϊ,2021[sanitize]08[sanitize]29,15,’“Τi—Φjκ,’“Τi—Φjκ,‚»‚Μ‘Ό
ή“,•”•i‚Λ‚η‚Ά,““ε,‹›θ,281018,•ΊΙ§,_Λs““ε‹ζ,‹›θ“μ’¬‚P’–Ϊ,2021[sanitize]01[sanitize]27,17,‚»‚Μ‘Ό,’“Τi—Φjκ,‚»‚Μ‘Ό
ή“,•”•i‚Λ‚η‚Ά,““ε,‹›θ,281018,•ΊΙ§,_Λs““ε‹ζ,‹›θ“μ’¬‚P’–Ϊ,2021[sanitize]06[sanitize]07,11,“ΉHγ,‚»‚Μ‘Ό,ƒiƒ“ƒo[ƒvƒ[ƒg
ή“,•”•i‚Λ‚η‚Ά,“ε,”ª”¦,281026,•ΊΙ§,_Λs“ε‹ζ,‰iθ’¬‚T’–Ϊ,2021[sanitize]01[sanitize]15,07,’“Τi—Φjκ,’“Τi—Φjκ,‚»‚Μ‘Ό
ή“,•”•i‚Λ‚η‚Ά,“ε,”ª”¦,281026,•ΊΙ§,_Λs“ε‹ζ,Xγ’¬‚R’–Ϊ,2021[sanitize]10[sanitize]24,14,‚SK‚ΔΘγ‹¤“―Z‘ξ,’“Τi—Φjκ,ƒiƒ“ƒo[ƒvƒ[ƒg
ή“,•”•i‚Λ‚η‚Ά,“ε,‘εΞ,281026,•ΊΙ§,_Λs“ε‹ζ,Vέ‰Ζ“μ’¬‚R’–Ϊ,2021[sanitize]10[sanitize]21,20,’“Τi—Φjκ,’“Τi—Φjκ,ƒiƒ“ƒo[ƒvƒ[ƒg
ή“,•”•i‚Λ‚η‚Ά,“ε,“Ώδ,281026,•ΊΙ§,_Λs“ε‹ζ,‹L“c’¬‚S’–Ϊ,2021[sanitize]01[sanitize]04,13,κΛZ‘ξ,‚»‚Μ‘Ό,‚»‚Μ‘Ό
ή“,•”•i‚Λ‚η‚Ά,“ε,χϋ,281026,•ΊΙ§,_Λs“ε‹ζ,χϋ’¬‚T’–Ϊ,2021[sanitize]10[sanitize]31,13,‚»‚Μ‘Ό,‚»‚Μ‘Ό,‚»‚Μ‘Ό
ή“,•”•i‚Λ‚η‚Ά,“ε,χϋ,281026,•ΊΙ§,_Λs“ε‹ζ,”υγ’¬‚P’–Ϊ,2021[sanitize]06[sanitize]08,12,‚SK‚ΔΘγ‹¤“―Z‘ξ,’“Τi—Φjκ,‚»‚Μ‘Ό
ή“,•”•i‚Λ‚η‚Ά,“ε,”ϊ”i’¬,281026,•ΊΙ§,_Λs“ε‹ζ,‰G–Xq’¬‚P’–Ϊ,2021[sanitize]10[sanitize]24,16,‚»‚Μ‘Ό,‚»‚Μ‘Ό,‚»‚Μ‘Ό
ή“,•”•i‚Λ‚η‚Ά,“ε,”ϊ”i’¬,281026,•ΊΙ§,_Λs“ε‹ζ,‘εΞ“’¬‚S’–Ϊ,2021[sanitize]09[sanitize]12,20,‚SK‚ΔΘγ‹¤“―Z‘ξ,’“Τi—Φjκ,‚»‚Μ‘Ό
ή“,•”•i‚Λ‚η‚Ά,“ε,”ϊ”i’¬,281026,•ΊΙ§,_Λs“ε‹ζ,‘εΞ“’¬‚T’–Ϊ,2021[sanitize]10[sanitize]20,10,“ΉHγ,‚»‚Μ‘Ό,‚»‚Μ‘Ό
ή“,•”•i‚Λ‚η‚Ά,“ε,”ϊ”i’¬,281026,•ΊΙ§,_Λs“ε‹ζ,‘εΞ“’¬‚T’–Ϊ,2021[sanitize]12[sanitize]27,15,κΛZ‘ξ,‚»‚Μ‘Ό,‚»‚Μ‘Ό
ή“,•”•i‚Λ‚η‚Ά,“ε,Ό“ε,281026,•ΊΙ§,_Λs“ε‹ζ,β‰®“μ’¬,2021[sanitize]11[sanitize]05,16,’“Τi—Φjκ,’“Τi—Φjκ,ƒiƒ“ƒo[ƒvƒ[ƒg
ή“,•”•i‚Λ‚η‚Ά,“ε,Ό“ε,281026,•ΊΙ§,_Λs“ε‹ζ,“ε“μ’Κ‚S’–Ϊ,2021[sanitize]10[sanitize]03,21,‚»‚Μ‘Ό,’“Τi—Φjκ,‚»‚Μ‘Ό
ή“,•”•i‚Λ‚η‚Ά,“ε,Ό“ε,281026,•ΊΙ§,_Λs“ε‹ζ,‘D›’Κ‚P’–Ϊ,2021[sanitize]09[sanitize]26,19,“ΉHγ,‚»‚Μ‘Ό,‚»‚Μ‘Ό
ή“,•”•i‚Λ‚η‚Ά,“ε,Ό“ε,281026,•ΊΙ§,_Λs“ε‹ζ,‘D›’Κ‚P’–Ϊ,2021[sanitize]12[sanitize]24,18,’“Τi—Φjκ,’“Τi—Φjκ,‚»‚Μ‘Ό
ή“,•”•i‚Λ‚η‚Ά,“ε,Ό“ε,281026,•ΊΙ§,_Λs“ε‹ζ,‘D›’Κ‚P’–Ϊ,2021[sanitize]12[sanitize]25,19,“ΉHγ,‚»‚Μ‘Ό,‚»‚Μ‘Ό
ή“,•”•i‚Λ‚η‚Ά,“ε,Ό“ε,281026,•ΊΙ§,_Λs“ε‹ζ,‘D›’Κ‚P’–Ϊ,2021[sanitize]12[sanitize]27,17,‚»‚Μ‘Ό,’“Τi—Φjκ,‚»‚Μ‘Ό
ή“,•”•i‚Λ‚η‚Ά,“ε,Ό“ε,281026,•ΊΙ§,_Λs“ε‹ζ,‘D›’Κ‚Q’–Ϊ,2021[sanitize]11[sanitize]07,16,’“Τi—Φjκ,’“Τi—Φjκ,‚»‚Μ‘Ό
ή“,•”•i‚Λ‚η‚Ά,“ε,Ό“ε,281026,•ΊΙ§,_Λs“ε‹ζ,–€–λ•u“ª,2021[sanitize]05[sanitize]21,17,‚»‚Μ‘Ό,’“Τi—Φjκ,ƒiƒ“ƒo[ƒvƒ[ƒg
ή“,•”•i‚Λ‚η‚Ά,“ε,Ό“ε,281026,•ΊΙ§,_Λs“ε‹ζ,–€–λ•u“ª,2021[sanitize]05[sanitize]29,12,’“Τi—Φjκ,’“Τi—Φjκ,‚»‚Μ‘Ό
ή“,•”•i‚Λ‚η‚Ά,•‡,O‹{ƒZƒ“ƒ^[,281107,•ΊΙ§,_Λs’†‰›‹ζ,®’Κ‚Q’–Ϊ,2021[sanitize]12[sanitize]13,17,’“Τi—Φjκ,’“Τi—Φjκ,‚»‚Μ‘Ό
ή“,•”•i‚Λ‚η‚Ά,•‡,O‹{ƒZƒ“ƒ^[,281107,•ΊΙ§,_Λs’†‰›‹ζ,®’Κ‚R’–Ϊ,2021[sanitize]11[sanitize]22,16,‚SK‚ΔΘγ‹¤“―Z‘ξ,’“Τi—Φjκ,‚»‚Μ‘Ό
ή“,•”•i‚Λ‚η‚Ά,•‡,O‹{ƒZƒ“ƒ^[,281107,•ΊΙ§,_Λs’†‰›‹ζ,¬–μ•Ώ’Κ‚V’–Ϊ,2021[sanitize]12[sanitize]08,08,’“Τi—Φjκ,’“Τi—Φjκ,‚»‚Μ‘Ό
ή“,•”•i‚Λ‚η‚Ά,•‡,O‹{ƒZƒ“ƒ^[,281107,•ΊΙ§,_Λs’†‰›‹ζ,‰_δ’Κ‚V’–Ϊ,2021[sanitize]01[sanitize]28,07,’“Τi—Φjκ,’“Τi—Φjκ,‚»‚Μ‘Ό
ή“,•”•i‚Λ‚η‚Ά,•‡,O‹{ƒZƒ“ƒ^[,281107,•ΊΙ§,_Λs’†‰›‹ζ,•l•Σ’Κ‚U’–Ϊ,2021[sanitize]10[sanitize]20,19,’“Τi—Φjκ,’“Τi—Φjκ,ƒiƒ“ƒo[ƒvƒ[ƒg
ή“,•”•i‚Λ‚η‚Ά,•‡,“ρ‹{,281107,•ΊΙ§,_Λs’†‰›‹ζ,¶“c’¬‚P’–Ϊ,2021[sanitize]10[sanitize]24,17,‚SK‚ΔΘγ‹¤“―Z‘ξ,’“Τi—Φjκ,ƒiƒ“ƒo[ƒvƒ[ƒg
ή“,•”•i‚Λ‚η‚Ά,•‡,“ρ‹{,281107,•ΊΙ§,_Λs’†‰›‹ζ,“ρ‹{’¬‚P’–Ϊ,2021[sanitize]10[sanitize]25,15,‚SK‚ΔΘγ‹¤“―Z‘ξ,’“Τi—Φjκ,‚»‚Μ‘Ό
ή“,•”•i‚Λ‚η‚Ά,•‡,„’Λ,281107,•ΊΙ§,_Λs’†‰›‹ζ,“›δ’¬‚R’–Ϊ,2021[sanitize]01[sanitize]05,14,‚SK‚ΔΘγ‹¤“―Z‘ξ,’“Τi—Φjκ,‚»‚Μ‘Ό
ή“,•”•i‚Λ‚η‚Ά,•‡,„’Λ,281107,•ΊΙ§,_Λs’†‰›‹ζ,“ϊ•ι’Κ‚R’–Ϊ,2021[sanitize]12[sanitize]07,17,‚SK‚ΔΘγ‹¤“―Z‘ξ,’“Τi—Φjκ,‚»‚Μ‘Ό
ή“,•”•i‚Λ‚η‚Ά,•‡,„’Λ,281107,•ΊΙ§,_Λs’†‰›‹ζ,„’Λ’Κ‚V’–Ϊ,2021[sanitize]02[sanitize]06,16,‚»‚Μ‘Ό,‚»‚Μ‘Ό,‚»‚Μ‘Ό
ή“,•”•i‚Λ‚η‚Ά,•‡,¬–μ•Ώ,281107,•ΊΙ§,_Λs’†‰›‹ζ,ιγ’Κ‚S’–Ϊ,2021[sanitize]12[sanitize]03,12,’“Τi—Φjκ,’“Τi—Φjκ,ƒiƒ“ƒo[ƒvƒ[ƒg
ή“,•”•i‚Λ‚η‚Ά,•‡,t“ϊ–μ,281107,•ΊΙ§,_Λs’†‰›‹ζ,–k–{’¬’Κ‚P’–Ϊ,2021[sanitize]04[sanitize]20,19,’“Τi—Φjκ,’“Τi—Φjκ,ƒiƒ“ƒo[ƒvƒ[ƒg
ή“,•”•i‚Λ‚η‚Ά,•‡,t“ϊ–μ,281107,•ΊΙ§,_Λs’†‰›‹ζ,“μ–{’¬’Κ‚Q’–Ϊ,2021[sanitize]06[sanitize]07,16,‚»‚Μ‘Ό,’“Τi—Φjκ,ƒiƒ“ƒo[ƒvƒ[ƒg
ή“,•”•i‚Λ‚η‚Ά,•‡,t“ϊ–μ,281107,•ΊΙ§,_Λs’†‰›‹ζ,e•l’¬‚R’–Ϊ,2021[sanitize]04[sanitize]23,06,’“Τi—Φjκ,’“Τi—Φjκ,‚»‚Μ‘Ό
ή“,•”•i‚Λ‚η‚Ά,•‡,F“ΰ,281107,•ΊΙ§,_Λs’†‰›‹ζ,F“ΰ’¬‚V’–Ϊ,2021[sanitize]06[sanitize]25,17,’“Τi—Φjκ,’“Τi—Φjκ,‚»‚Μ‘Ό
ή“,•”•i‚Λ‚η‚Ά,•‡,F“ΰ,281107,•ΊΙ§,_Λs’†‰›‹ζ,F“ΰ‹΄’Κ‚T’–Ϊ,2021[sanitize]05[sanitize]15,19,‚SK‚ΔΘγ‹¤“―Z‘ξ,’“Τi—Φjκ,‚»‚Μ‘Ό
ή“,•”•i‚Λ‚η‚Ά,¶“c,ƒfƒ…ƒI‚±‚¤‚Χ,281107,•ΊΙ§,_Λs’†‰›‹ζ,‘½•·’Κ‚R’–Ϊ,2021[sanitize]05[sanitize]14,08,“ΉHγ,‚»‚Μ‘Ό,‚»‚Μ‘Ό
ή“,•”•i‚Λ‚η‚Ά,¶“c,ƒn[ƒo[ƒ‰ƒ“ƒh,281107,•ΊΙ§,_Λs’†‰›‹ζ,“μθ’¬‚P’–Ϊ,2021[sanitize]05[sanitize]15,11,‚»‚Μ‘Ό,’“Τi—Φjκ,ƒiƒ“ƒo[ƒvƒ[ƒg
ή“,•”•i‚Λ‚η‚Ά,¶“c,κ‹{,281107,•ΊΙ§,_Λs’†‰›‹ζ,‰Α”[’¬‚P’–Ϊ,2021[sanitize]10[sanitize]01,20,’“Τi—Φjκ,’“Τi—Φjκ,‚»‚Μ‘Ό
ή“,•”•i‚Λ‚η‚Ά,¶“c,‰ΊRθ,281107,•ΊΙ§,_Λs’†‰›‹ζ,‰ΊRθ’Κ‚T’–Ϊ,2021[sanitize]08[sanitize]15,15,‚»‚Μ‘Ό,’“Τi—Φjκ,‚»‚Μ‘Ό
ή“,•”•i‚Λ‚η‚Ά,¶“c,‹’¬,281107,•ΊΙ§,_Λs’†‰›‹ζ,‰Α”[’¬‚U’–Ϊ,2021[sanitize]09[sanitize]22,00,’“Τi—Φjκ,’“Τi—Φjκ,‚»‚Μ‘Ό
ή“,•”•i‚Λ‚η‚Ά,¶“c,³’¬’Κ,281107,•ΊΙ§,_Λs’†‰›‹ζ,³’¬’Κ‚U’–Ϊ,2021[sanitize]11[sanitize]13,19,‚SK‚ΔΘγ‹¤“―Z‘ξ,’“Τi—Φjκ,ƒiƒ“ƒo[ƒvƒ[ƒg
ή“,•”•i‚Λ‚η‚Ά,¶“c,³’¬‰w,281107,•ΊΙ§,_Λs’†‰›‹ζ,‰ΊRθ’Κ‚R’–Ϊ,2021[sanitize]01[sanitize]21,18,“ΉHγ,‚»‚Μ‘Ό,‚»‚Μ‘Ό
ή“,•”•i‚Λ‚η‚Ά,¶“c,³’¬‰w,281107,•ΊΙ§,_Λs’†‰›‹ζ,‰ΊRθ’Κ‚S’–Ϊ,2021[sanitize]05[sanitize]08,12,‚»‚Μ‘Ό‚ΜZ‘ξi‚RK‚ΔΘ‰Ί‹¤“―Z‘ξ“™j,’“Τi—Φjκ,‚»‚Μ‘Ό
ή“,•”•i‚Λ‚η‚Ά,¶“c,¶“c‘O,281107,•ΊΙ§,_Λs’†‰›‹ζ,‰Α”[’¬‚S’–Ϊ,2021[sanitize]06[sanitize]30,08,“ΉHγ,‚»‚Μ‘Ό,‚»‚Μ‘Ό
ή“,•”•i‚Λ‚η‚Ά,¶“c,¶“c‘O,281107,•ΊΙ§,_Λs’†‰›‹ζ,–k’·‹·’Κ‚P’–Ϊ,2021[sanitize]02[sanitize]27,13,“ΉHγ,‚»‚Μ‘Ό,‚»‚Μ‘Ό
ή“,•”•i‚Λ‚η‚Ά,¶“c,z–KR,281107,•ΊΙ§,_Λs’†‰›‹ζ,R–{’Κ‚R’–Ϊ,2021[sanitize]09[sanitize]29,19,“ΉHγ,‚»‚Μ‘Ό,ƒ^ƒCƒ„EƒzƒC[ƒ‹
ή“,•”•i‚Λ‚η‚Ά,•ΊΙ,ƒLƒƒƒiƒ‹ƒ^ƒEƒ“,281051,•ΊΙ§,_Λs•ΊΙ‹ζ,‰w“μ’Κ‚T’–Ϊ,2021[sanitize]09[sanitize]05,23,’“Τi—Φjκ,’“Τi—Φjκ,ƒiƒ“ƒo[ƒvƒ[ƒg
ή“,•”•i‚Λ‚η‚Ά,•ΊΙ,µ‹{,281051,•ΊΙ§,_Λs•ΊΙ‹ζ,•lθ’Κ,2021[sanitize]08[sanitize]21,15,’“Τi—Φjκ,’“Τi—Φjκ,‚»‚Μ‘Ό
ή“,•”•i‚Λ‚η‚Ά,•ΊΙ,•ΊΙ‰w‘O,281051,•ΊΙ§,_Λs•ΊΙ‹ζ,’Λ–{’Κ‚V’–Ϊ,2021[sanitize]05[sanitize]29,18,‚SK‚ΔΘγ‹¤“―Z‘ξ,‚»‚Μ‘Ό,‚»‚Μ‘Ό
ή“,•”•i‚Λ‚η‚Ά,•ΊΙ,•ΊΙ‰w‘O,281051,•ΊΙ§,_Λs•ΊΙ‹ζ,’Λ–{’Κ‚V’–Ϊ,2021[sanitize]09[sanitize]21,22,“ΉHγ,‚»‚Μ‘Ό,‚»‚Μ‘Ό
ή“,•”•i‚Λ‚η‚Ά,•ΊΙ,‘εJ,281051,•ΊΙ§,_Λs•ΊΙ‹ζ,Oμϋ’¬‚R’–Ϊ,2021[sanitize]11[sanitize]04,01,’“Τi—Φjκ,’“Τi—Φjκ,ƒiƒ“ƒo[ƒvƒ[ƒg
ή“,•”•i‚Λ‚η‚Ά,•ΊΙ,•½–μ,281051,•ΊΙ§,_Λs•ΊΙ‹ζ,γ‹_‰€’¬,2021[sanitize]07[sanitize]23,19,‚SK‚ΔΘγ‹¤“―Z‘ξ,’“Τi—Φjκ,ƒiƒ“ƒo[ƒvƒ[ƒg
ή“,•”•i‚Λ‚η‚Ά,•ΊΙ,•½–μ,281051,•ΊΙ§,_Λs•ΊΙ‹ζ,‹e…’¬‚Q’–Ϊ,2021[sanitize]07[sanitize]21,21,“ΉHγ,‚»‚Μ‘Ό,ƒiƒ“ƒo[ƒvƒ[ƒg
ή“,•”•i‚Λ‚η‚Ά,•ΊΙ,•½–μ,281051,•ΊΙ§,_Λs•ΊΙ‹ζ,ά‹{’¬,2021[sanitize]05[sanitize]22,19,κΛZ‘ξ,’“Τi—Φjκ,‚»‚Μ‘Ό
ή“,•”•i‚Λ‚η‚Ά,•ΊΙ,•½–μ,281051,•ΊΙ§,_Λs•ΊΙ‹ζ,‰ΊOπ’¬,2021[sanitize]09[sanitize]13,18,“ΉHγ,‚»‚Μ‘Ό,‚»‚Μ‘Ό
ή“,•”•i‚Λ‚η‚Ά,•ΊΙ,•½–μ,281051,•ΊΙ§,_Λs•ΊΙ‹ζ,–ξ•”’¬,2021[sanitize]06[sanitize]29,19,‚SK‚ΔΘγ‹¤“―Z‘ξ,’“Τi—Φjκ,‚»‚Μ‘Ό
ή“,•”•i‚Λ‚η‚Ά,•ΊΙ,δθφ‰€,281051,•ΊΙ§,_Λs•ΊΙ‹ζ,a“cθ’¬‚P’–Ϊ,2021[sanitize]10[sanitize]11,17,‚»‚Μ‘Ό,’“Τi—Φjκ,‚»‚Μ‘Ό
ή“,•”•i‚Λ‚η‚Ά,•ΊΙ,VJ’n,281051,•ΊΙ§,_Λs•ΊΙ‹ζ,Όo’¬‚P’–Ϊ,2021[sanitize]03[sanitize]17,20,“ΉHγ,‚»‚Μ‘Ό,‚»‚Μ‘Ό
ή“,•”•i‚Λ‚η‚Ά,•ΊΙ,–Ύe,281051,•ΊΙ§,_Λs•ΊΙ‹ζ,Ό΄’Κ‚S’–Ϊ,2021[sanitize]02[sanitize]18,19,“ΉHγ,‚»‚Μ‘Ό,‚»‚Μ‘Ό
ή“,•”•i‚Λ‚η‚Ά,•ΊΙ,–©μ,281051,•ΊΙ§,_Λs•ΊΙ‹ζ,r“c’¬‚P’–Ϊ,2021[sanitize]11[sanitize]28,14,‚»‚Μ‘Ό,’“Τi—Φjκ,‚»‚Μ‘Ό
ή“,•”•i‚Λ‚η‚Ά,•ΊΙ,–©μ,281051,•ΊΙ§,_Λs•ΊΙ‹ζ,VJ’n‚P’–Ϊ,2021[sanitize]01[sanitize]14,00,“ΉHγ,‚»‚Μ‘Ό,ƒiƒ“ƒo[ƒvƒ[ƒg
ή“,•”•i‚Λ‚η‚Ά,•ΊΙ,–©μ,281051,•ΊΙ§,_Λs•ΊΙ‹ζ,“o’¬‚P’–Ϊ,2021[sanitize]04[sanitize]15,18,‚SK‚ΔΘγ‹¤“―Z‘ξ,’“Τi—Φjκ,‚»‚Μ‘Ό
ή“,•”•i‚Λ‚η‚Ά,•ΊΙ,F–μ,281051,•ΊΙ§,_Λs•ΊΙ‹ζ,F–μ’¬‚S’–Ϊ,2021[sanitize]09[sanitize]02,02,κΛZ‘ξ,’“Τi—Φjκ,‚»‚Μ‘Ό
ή“,•”•i‚Λ‚η‚Ά,•ΊΙ,F–μ,281051,•ΊΙ§,_Λs•ΊΙ‹ζ,–²–μ’¬‚Q’–Ϊ,2021[sanitize]04[sanitize]16,10,‚»‚Μ‘Ό‚ΜZ‘ξi‚RK‚ΔΘ‰Ί‹¤“―Z‘ξ“™j,’“Τi—Φjκ,‚»‚Μ‘Ό
ή“,•”•i‚Λ‚η‚Ά,•ΊΙ,M’r,281051,•ΊΙ§,_Λs•ΊΙ‹ζ,…–Ψ’Κ‚U’–Ϊ,2021[sanitize]02[sanitize]13,21,‚»‚Μ‘Ό‚ΜZ‘ξi‚RK‚ΔΘ‰Ί‹¤“―Z‘ξ“™j,’“Τi—Φjκ,‚»‚Μ‘Ό
ή“,•”•i‚Λ‚η‚Ά,•ΊΙ,•΄,281051,•ΊΙ§,_Λs•ΊΙ‹ζ,Όγ‹k’Κ‚P’–Ϊ,2021[sanitize]05[sanitize]01,00,‚SK‚ΔΘγ‹¤“―Z‘ξ,’“Τi—Φjκ,‚»‚Μ‘Ό
ή“,•”•i‚Λ‚η‚Ά,•ΊΙ,•΄,281051,•ΊΙ§,_Λs•ΊΙ‹ζ,Όγ‹k’Κ‚Q’–Ϊ,2021[sanitize]07[sanitize]21,18,“ΉHγ,‚»‚Μ‘Ό,ƒiƒ“ƒo[ƒvƒ[ƒg
ή“,•”•i‚Λ‚η‚Ά,•ΊΙ,•΄,281051,•ΊΙ§,_Λs•ΊΙ‹ζ,•΄’¬,2021[sanitize]06[sanitize]03,00,“ΉHγ,‚»‚Μ‘Ό,‚»‚Μ‘Ό
ή“,•”•i‚Λ‚η‚Ά,•ΊΙ,r“c,281051,•ΊΙ§,_Λs•ΊΙ‹ζ,r“c’¬‚R’–Ϊ,2021[sanitize]12[sanitize]11,20,“ΉHγ,‚»‚Μ‘Ό,‚»‚Μ‘Ό
ή“,•”•i‚Λ‚η‚Ά,’·“c,γ’r“c,281069,•ΊΙ§,_Λs’·“c‹ζ,γ’r“c‚R’–Ϊ,2021[sanitize]03[sanitize]14,13,’“Τi—Φjκ,’“Τi—Φjκ,‚»‚Μ‘Ό
ή“,•”•i‚Λ‚η‚Ά,’·“c,γ’r“c,281069,•ΊΙ§,_Λs’·“c‹ζ,γ’r“c‚S’–Ϊ,2021[sanitize]02[sanitize]11,18,“ΉHγ,‚»‚Μ‘Ό,‚»‚Μ‘Ό
ή“,•”•i‚Λ‚η‚Ά,’·“c,ΫR,281069,•ΊΙ§,_Λs’·“c‹ζ,wμ’¬‚P’–Ϊ,2021[sanitize]11[sanitize]12,11,“ΉHγ,‚»‚Μ‘Ό,‚»‚Μ‘Ό
ή“,•”•i‚Λ‚η‚Ά,’·“c,ΫR,281069,•ΊΙ§,_Λs’·“c‹ζ,–xΨ’¬,2021[sanitize]09[sanitize]22,08,“ΉHγ,‚»‚Μ‘Ό,ƒiƒ“ƒo[ƒvƒ[ƒg
ή“,•”•i‚Λ‚η‚Ά,’·“c,‹v•Ϋ,281069,•ΊΙ§,_Λs’·“c‹ζ,‹ξƒP—Ρ’¬‚P’–Ϊ,2021[sanitize]03[sanitize]04,13,‚»‚Μ‘Ό‚ΜZ‘ξi‚RK‚ΔΘ‰Ί‹¤“―Z‘ξ“™j,‚»‚Μ‘Ό,‚»‚Μ‘Ό
ή“,•”•i‚Λ‚η‚Ά,’·“c,‹v•Ϋ,281069,•ΊΙ§,_Λs’·“c‹ζ,‹ξƒP—Ρ’¬‚Q’–Ϊ,2021[sanitize]07[sanitize]12,11,κΛZ‘ξ,’“Τi—Φjκ,ƒiƒ“ƒo[ƒvƒ[ƒg
ή“,•”•i‚Λ‚η‚Ά,’·“c,‹v•Ϋ,281069,•ΊΙ§,_Λs’·“c‹ζ,“ρ—t’¬‚V’–Ϊ,2021[sanitize]11[sanitize]08,08,’“Τi—Φjκ,’“Τi—Φjκ,‚»‚Μ‘Ό
ή“,•”•i‚Λ‚η‚Ά,’·“c,–Ό‘q,281069,•ΊΙ§,_Λs’·“c‹ζ,’·“c“V_’¬‚S’–Ϊ,2021[sanitize]05[sanitize]12,18,κΛZ‘ξ,’“Τi—Φjκ,ƒiƒ“ƒo[ƒvƒ[ƒg
ή“,•”•i‚Λ‚η‚Ά,’·“c,–Ό‘q,281069,•ΊΙ§,_Λs’·“c‹ζ,–[‰¤›’¬‚V’–Ϊ,2021[sanitize]06[sanitize]20,02,‚»‚Μ‘Ό‚ΜZ‘ξi‚RK‚ΔΘ‰Ί‹¤“―Z‘ξ“™j,‚»‚Μ‘Ό,ƒiƒ“ƒo[ƒvƒ[ƒg
ή“,•”•i‚Λ‚η‚Ά,’·“c,›’r,281069,•ΊΙ§,_Λs’·“c‹ζ,•ΠR’¬‚P’–Ϊ,2021[sanitize]06[sanitize]11,17,κΛZ‘ξ,‚»‚Μ‘Ό,ƒiƒ“ƒo[ƒvƒ[ƒg
ή“,•”•i‚Λ‚η‚Ά,’·“c,›’r,281069,•ΊΙ§,_Λs’·“c‹ζ,•ΠR’¬‚Q’–Ϊ,2021[sanitize]11[sanitize]17,08,κΛZ‘ξ,’“Τi—Φjκ,‚»‚Μ‘Ό
ή“,•”•i‚Λ‚η‚Ά,’·“c,•½a‘δ,281069,•ΊΙ§,_Λs’·“c‹ζ,’·”φ’¬‚P’–Ϊ,2021[sanitize]04[sanitize]01,12,‚»‚Μ‘Ό‚ΜZ‘ξi‚RK‚ΔΘ‰Ί‹¤“―Z‘ξ“™j,’“Τi—Φjκ,ƒiƒ“ƒo[ƒvƒ[ƒg
ή“,•”•i‚Λ‚η‚Ά,’·“c,•½a‘δ,281069,•ΊΙ§,_Λs’·“c‹ζ,‹{‹u’¬‚P’–Ϊ,2021[sanitize]01[sanitize]08,22,’“Τi—Φjκ,’“Τi—Φjκ,‚»‚Μ‘Ό
ή“,•”•i‚Λ‚η‚Ά,’·“c,δ‘ ,281069,•ΊΙ§,_Λs’·“c‹ζ,–k’¬‚P’–Ϊ,2021[sanitize]08[sanitize]01,10,‚»‚Μ‘Ό,’“Τi—Φjκ,‚»‚Μ‘Ό
ή“,•”•i‚Λ‚η‚Ά,’·“c,δ‘ ,281069,•ΊΙ§,_Λs’·“c‹ζ,–k’¬‚P’–Ϊ,2021[sanitize]08[sanitize]30,23,‚»‚Μ‘Ό,’“Τi—Φjκ,‚»‚Μ‘Ό
ή“,•”•i‚Λ‚η‚Ά,’·“c,δ‘ ,281069,•ΊΙ§,_Λs’·“c‹ζ,–k’¬‚P’–Ϊ,2021[sanitize]10[sanitize]28,04,‚SK‚ΔΘγ‹¤“―Z‘ξ,’“Τi—Φjκ,‚»‚Μ‘Ό
ή“,•”•i‚Λ‚η‚Ά,’·“c,δ‘ ,281069,•ΊΙ§,_Λs’·“c‹ζ,›΄’Κ‚T’–Ϊ,2021[sanitize]01[sanitize]22,19,‚SK‚ΔΘγ‹¤“―Z‘ξ,’“Τi—Φjκ,‚»‚Μ‘Ό
ή“,•”•i‚Λ‚η‚Ά,’·“c,V’·“c‰w‘O,281069,•ΊΙ§,_Λs’·“c‹ζ,‘ε‹΄’¬‚U’–Ϊ,2021[sanitize]12[sanitize]25,10,‚»‚Μ‘Ό,’“Τi—Φjκ,‚»‚Μ‘Ό
ή“,•”•i‚Λ‚η‚Ά,’·“c,V’·“c‰w‘O,281069,•ΊΙ§,_Λs’·“c‹ζ,‘ε‹΄’¬‚X’–Ϊ,2021[sanitize]01[sanitize]07,12,’“Τi—Φjκ,’“Τi—Φjκ,ƒiƒ“ƒo[ƒvƒ[ƒg
ή“,•”•i‚Λ‚η‚Ά,’·“c,V’·“c‰w‘O,281069,•ΊΙ§,_Λs’·“c‹ζ,_y’¬‚U’–Ϊ,2021[sanitize]09[sanitize]18,23,‚»‚Μ‘Ό,’“Τi—Φjκ,ƒiƒ“ƒo[ƒvƒ[ƒg
ή“,•”•i‚Λ‚η‚Ά,’·“c,…},281069,•ΊΙ§,_Λs’·“c‹ζ,Ό–μ’Κ‚S’–Ϊ,2021[sanitize]09[sanitize]22,22,‚SK‚ΔΘγ‹¤“―Z‘ξ,’“Τi—Φjκ,ƒ^ƒCƒ„EƒzƒC[ƒ‹
ή“,•”•i‚Λ‚η‚Ά,’·“c,…},281069,•ΊΙ§,_Λs’·“c‹ζ,…}’Κ‚U’–Ϊ,2021[sanitize]08[sanitize]28,21,κΛZ‘ξ,‚»‚Μ‘Ό,‚»‚Μ‘Ό
ή“,•”•i‚Λ‚η‚Ά,’·“c,–μ“c,281069,•ΊΙ§,_Λs’·“c‹ζ,QΌ’¬‚U’–Ϊ,2021[sanitize]05[sanitize]13,09,‚»‚Μ‘Ό,’“Τi—Φjκ,‚»‚Μ‘Ό
ή“,•”•i‚Λ‚η‚Ά,’·“c,’·“c“,281069,•ΊΙ§,_Λs’·“c‹ζ,l”Τ’¬‚V’–Ϊ,2021[sanitize]10[sanitize]11,10,‚»‚Μ‘Ό,’“Τi—Φjκ,‚»‚Μ‘Ό
ή“,•”•i‚Λ‚η‚Ά,’·“c,’·“c“,281069,•ΊΙ§,_Λs’·“c‹ζ,l”Τ’¬‚V’–Ϊ,2021[sanitize]11[sanitize]10,15,‚»‚Μ‘Ό,’“Τi—Φjκ,‚»‚Μ‘Ό
ή“,•”•i‚Λ‚η‚Ά,’·“c,’·“c“,281069,•ΊΙ§,_Λs’·“c‹ζ,l”Τ’¬‚V’–Ϊ,2021[sanitize]11[sanitize]18,05,‚»‚Μ‘Ό,’“Τi—Φjκ,‚»‚Μ‘Ό
ή“,•”•i‚Λ‚η‚Ά,{–,ηΞ,281077,•ΊΙ§,_Λs{–‹ζ,‘ε’r’¬‚T’–Ϊ,2021[sanitize]07[sanitize]26,17,‚SK‚ΔΘγ‹¤“―Z‘ξ,’“Τi—Φjκ,‚»‚Μ‘Ό
ή“,•”•i‚Λ‚η‚Ά,{–,–Ό’J’†‰›,281077,•ΊΙ§,_Λs{–‹ζ,–k—‡‚U’–Ϊ,2021[sanitize]03[sanitize]25,13,‚SK‚ΔΘγ‹¤“―Z‘ξ,’“Τi—Φjκ,‚»‚Μ‘Ό
ή“,•”•i‚Λ‚η‚Ά,{–,–Ό’J’†‰›,281077,•ΊΙ§,_Λs{–‹ζ,“μ—‡‚P’–Ϊ,2021[sanitize]03[sanitize]31,17,’“Τi—Φjκ,’“Τi—Φjκ,‚»‚Μ‘Ό
ή“,•”•i‚Λ‚η‚Ά,{–,–Ό’J’†‰›,281077,•ΊΙ§,_Λs{–‹ζ,—Ξ‘δ,2021[sanitize]09[sanitize]25,13,‚»‚Μ‘Ό,‚»‚Μ‘Ό,‚»‚Μ‘Ό
ή“,•”•i‚Λ‚η‚Ά,{–,–Ό’J’†‰›,281077,•ΊΙ§,_Λs{–‹ζ,—Ξ‘δ,2021[sanitize]11[sanitize]13,07,‚»‚Μ‘Ό,’“Τi—Φjκ,‚»‚Μ‘Ό
ή“,•”•i‚Λ‚η‚Ά,{–,–Ό’J’†‰›,281077,•ΊΙ§,_Λs{–‹ζ,–ν‰h‘δ‚T’–Ϊ,2021[sanitize]04[sanitize]24,14,‚»‚Μ‘Ό,’“Τi—Φjκ,‚»‚Μ‘Ό
ή“,•”•i‚Λ‚η‚Ά,{–,–­–@›,281077,•ΊΙ§,_Λs{–‹ζ,—Ξ‚ª‹u‚P’–Ϊ,2021[sanitize]08[sanitize]27,14,κΛZ‘ξ,‚»‚Μ‘Ό,ƒiƒ“ƒo[ƒvƒ[ƒg
ή“,•”•i‚Λ‚η‚Ά,{–,‰΅”φ,281077,•ΊΙ§,_Λs{–‹ζ,‰΅”φ‚W’–Ϊ,2021[sanitize]02[sanitize]18,18,‚SK‚ΔΘγ‹¤“―Z‘ξ,’“Τi—Φjκ,ƒiƒ“ƒo[ƒvƒ[ƒg
ή“,•”•i‚Λ‚η‚Ά,{–,”’μ‘δ,281077,•ΊΙ§,_Λs{–‹ζ,”’μ•sv,2021[sanitize]08[sanitize]11,07,’“Τi—Φjκ,’“Τi—Φjκ,ƒiƒ“ƒo[ƒvƒ[ƒg
ή“,•”•i‚Λ‚η‚Ά,{–,”’μ‘δ,281077,•ΊΙ§,_Λs{–‹ζ,”’μ‘δ‚P’–Ϊ,2021[sanitize]01[sanitize]03,00,‚SK‚ΔΘγ‹¤“―Z‘ξ,’“Τi—Φjκ,‚»‚Μ‘Ό
ή“,•”•i‚Λ‚η‚Ά,{–,{–‰w‘O,281077,•ΊΙ§,_Λs{–‹ζ,{–‰Y’Κ‚S’–Ϊ,2021[sanitize]09[sanitize]21,11,‚»‚Μ‘Ό,‚»‚Μ‘Ό,‚»‚Μ‘Ό
ή“,•”•i‚Λ‚η‚Ά,{–,{–‰w‘O,281077,•ΊΙ§,_Λs{–‹ζ,{–‰Y’Κ‚T’–Ϊ,2021[sanitize]09[sanitize]02,13,‚»‚Μ‘Ό‚ΜZ‘ξi‚RK‚ΔΘ‰Ί‹¤“―Z‘ξ“™j,’“Τi—Φjκ,‚»‚Μ‘Ό
ή“,•”•i‚Λ‚η‚Ά,‚…,γ‚Ϋ,281085,•ΊΙ§,_Λs‚…‹ζ,γ‚Ϋ‚Q’–Ϊ,2021[sanitize]08[sanitize]01,•s–Ύ,‚SK‚ΔΘγ‹¤“―Z‘ξ,’“Τi—Φjκ,ƒiƒ“ƒo[ƒvƒ[ƒg
ή“,•”•i‚Λ‚η‚Ά,‚…,–k•‘q,281085,•ΊΙ§,_Λs‚…‹ζ,–k•‘q‚Q’–Ϊ,2021[sanitize]05[sanitize]30,13,‚SK‚ΔΘγ‹¤“―Z‘ξ,’“Τi—Φjκ,ƒiƒ“ƒo[ƒvƒ[ƒg
ή“,•”•i‚Λ‚η‚Ά,‚…,–k•‘q,281085,•ΊΙ§,_Λs‚…‹ζ,―—Λ‘δ‚U’–Ϊ,2021[sanitize]03[sanitize]03,21,“ΉHγ,‚»‚Μ‘Ό,‚»‚Μ‘Ό
ή“,•”•i‚Λ‚η‚Ά,‚…,–Ό’J,281085,•ΊΙ§,_Λs‚…‹ζ,–Ό’J’¬,2021[sanitize]06[sanitize]05,17,’“Τi—Φjκ,’“Τi—Φjκ,ƒiƒ“ƒo[ƒvƒ[ƒg
ή“,•”•i‚Λ‚η‚Ά,‚…,–Ό’J,281085,•ΊΙ§,_Λs‚…‹ζ,–Ό’J’¬,2021[sanitize]11[sanitize]25,13,‚»‚Μ‘Ό,’“Τi—Φjκ,ƒiƒ“ƒo[ƒvƒ[ƒg
ή“,•”•i‚Λ‚η‚Ά,‚…,‚…‰w‘O,281085,•ΊΙ§,_Λs‚…‹ζ,ƒP‹u,2021[sanitize]01[sanitize]08,20,‚»‚Μ‘Ό‚ΜZ‘ξi‚RK‚ΔΘ‰Ί‹¤“―Z‘ξ“™j,’“Τi—Φjκ,‚»‚Μ‘Ό
ή“,•”•i‚Λ‚η‚Ά,‚…,‰–‰®,281085,•ΊΙ§,_Λs‚…‹ζ,‰–‰®–k’¬‚P’–Ϊ,2021[sanitize]06[sanitize]20,21,κΛZ‘ξ,’“Τi—Φjκ,ƒiƒ“ƒo[ƒvƒ[ƒg
ή“,•”•i‚Λ‚η‚Ά,‚…,‰–‰®,281085,•ΊΙ§,_Λs‚…‹ζ,‰–‰®’¬‚T’–Ϊ,2021[sanitize]11[sanitize]29,12,κΛZ‘ξ,’“Τi—Φjκ,‚»‚Μ‘Ό
ή“,•”•i‚Λ‚η‚Ά,‚…,‘½•·,281085,•ΊΙ§,_Λs‚…‹ζ,‘½•·‘δ‚Q’–Ϊ,2021[sanitize]11[sanitize]18,19,‚SK‚ΔΘγ‹¤“―Z‘ξ,’“Τi—Φjκ,ƒiƒ“ƒo[ƒvƒ[ƒg
ή“,•”•i‚Λ‚η‚Ά,‚…,‘½•·,281085,•ΊΙ§,_Λs‚…‹ζ,‘½•·‘δ‚R’–Ϊ,2021[sanitize]01[sanitize]03,10,‚SK‚ΔΘγ‹¤“―Z‘ξ,’“Τi—Φjκ,‚»‚Μ‘Ό
ή“,•”•i‚Λ‚η‚Ά,‚…,‘½•·,281085,•ΊΙ§,_Λs‚…‹ζ,‘½•·‘δ‚R’–Ϊ,2021[sanitize]01[sanitize]17,22,‚SK‚ΔΘγ‹¤“―Z‘ξ,’“Τi—Φjκ,‚»‚Μ‘Ό
ή“,•”•i‚Λ‚η‚Ά,‚…,‘½•·,281085,•ΊΙ§,_Λs‚…‹ζ,‘½•·‘δ‚S’–Ϊ,2021[sanitize]07[sanitize]15,18,“ΉHγ,‚»‚Μ‘Ό,ƒ^ƒCƒ„EƒzƒC[ƒ‹
ή“,•”•i‚Λ‚η‚Ά,‚…,•½”φ,281085,•ΊΙ§,_Λs‚…‹ζ,“‚…’¬,2021[sanitize]08[sanitize]28,17,‚SK‚ΔΘγ‹¤“―Z‘ξ,’“Τi—Φjκ,‚»‚Μ‘Ό
ή“,•”•i‚Λ‚η‚Ά,‚…,•½”φ,281085,•ΊΙ§,_Λs‚…‹ζ,Rθ‚V’–Ϊ,2021[sanitize]04[sanitize]20,11,κΛZ‘ξ,’“Τi—Φjκ,ƒiƒ“ƒo[ƒvƒ[ƒg
ή“,•”•i‚Λ‚η‚Ά,‚…,•½”φ,281085,•ΊΙ§,_Λs‚…‹ζ,“‚…‚P’–Ϊ,2021[sanitize]03[sanitize]12,11,‚SK‚ΔΘγ‹¤“―Z‘ξ,’“Τi—Φjκ,‚»‚Μ‘Ό
ή“,•”•i‚Λ‚η‚Ά,‚…,V‘½•·,281085,•ΊΙ§,_Λs‚…‹ζ,–{‘½•·‚R’–Ϊ,2021[sanitize]05[sanitize]17,11,‚SK‚ΔΘγ‹¤“―Z‘ξ,’“Τi—Φjκ,‚»‚Μ‘Ό
ή“,•”•i‚Λ‚η‚Ά,‚…,V‘½•·,281085,•ΊΙ§,_Λs‚…‹ζ,–{‘½•·‚R’–Ϊ,2021[sanitize]05[sanitize]21,21,‚SK‚ΔΘγ‹¤“―Z‘ξ,’“Τi—Φjκ,ƒJ[ƒiƒr
ή“,•”•i‚Λ‚η‚Ά,‚…,V‘½•·,281085,•ΊΙ§,_Λs‚…‹ζ,w‚ª‹u‚Q’–Ϊ,2014[sanitize]03[sanitize]01,00,‚SK‚ΔΘγ‹¤“―Z‘ξ,’“Τi—Φjκ,ƒiƒ“ƒo[ƒvƒ[ƒg
ή“,•”•i‚Λ‚η‚Ά,‚…,V‘½•·,281085,•ΊΙ§,_Λs‚…‹ζ,w‚ª‹u‚Q’–Ϊ,2021[sanitize]02[sanitize]10,11,‚SK‚ΔΘγ‹¤“―Z‘ξ,’“Τi—Φjκ,‚»‚Μ‘Ό
ή“,•”•i‚Λ‚η‚Ά,‚…,V‘½•·,281085,•ΊΙ§,_Λs‚…‹ζ,w‚ª‹u‚T’–Ϊ,2021[sanitize]05[sanitize]13,17,‚SK‚ΔΘγ‹¤“―Z‘ξ,‚»‚Μ‘Ό,‚»‚Μ‘Ό
ή“,•”•i‚Λ‚η‚Ά,‚…,–Ύ•‘,281085,•ΊΙ§,_Λs‚…‹ζ,λϋ‘δ‚Q’–Ϊ,2020[sanitize]12[sanitize]28,16,‚SK‚ΔΘγ‹¤“―Z‘ξ,’“Τi—Φjκ,‚»‚Μ‘Ό
ή“,•”•i‚Λ‚η‚Ά,‚…,–Ύ•‘,281085,•ΊΙ§,_Λs‚…‹ζ,_—Λ‘δ‚Q’–Ϊ,2021[sanitize]02[sanitize]27,12,‚SK‚ΔΘγ‹¤“―Z‘ξ,’“Τi—Φjκ,‚»‚Μ‘Ό
ή“,•”•i‚Λ‚η‚Ά,‚…,Ό•‘q,281085,•ΊΙ§,_Λs‚…‹ζ,΄…‚ª‹u‚P’–Ϊ,2021[sanitize]12[sanitize]06,20,’“Τi—Φjκ,’“Τi—Φjκ,ƒiƒ“ƒo[ƒvƒ[ƒg
ή“,•”•i‚Λ‚η‚Ά,‚…,Ό•‘q,281085,•ΊΙ§,_Λs‚…‹ζ,΄…‚ª‹u‚Q’–Ϊ,2021[sanitize]12[sanitize]05,19,‚SK‚ΔΘγ‹¤“―Z‘ξ,’“Τi—Φjκ,ƒiƒ“ƒo[ƒvƒ[ƒg
ή“,•”•i‚Λ‚η‚Ά,‚…,Ό•‘q,281085,•ΊΙ§,_Λs‚…‹ζ,Ό•‘q‚Q’–Ϊ,2021[sanitize]12[sanitize]22,18,‚SK‚ΔΘγ‹¤“―Z‘ξ,’“Τi—Φjκ,‚»‚Μ‘Ό
ή“,•”•i‚Λ‚η‚Ά,‚…,ΒR‘δ,281085,•ΊΙ§,_Λs‚…‹ζ,ΒR‘δ‚T’–Ϊ,2021[sanitize]08[sanitize]01,10,‚SK‚ΔΘγ‹¤“―Z‘ξ,’“Τi—Φjκ,ƒiƒ“ƒo[ƒvƒ[ƒg
ή“,•”•i‚Λ‚η‚Ά,_Λ…γ,ƒ|[ƒgƒAƒCƒ‰ƒ“ƒh,281107,•ΊΙ§,_Λs’†‰›‹ζ,`“‡‚U’–Ϊ,2021[sanitize]04[sanitize]01,00,’“Τi—Φjκ,’“Τi—Φjκ,ƒ^ƒCƒ„EƒzƒC[ƒ‹
ή“,•”•i‚Λ‚η‚Ά,_Λ…γ,ƒ|[ƒgƒAƒCƒ‰ƒ“ƒh,281107,•ΊΙ§,_Λs’†‰›‹ζ,`“‡’†’¬‚R’–Ϊ,2021[sanitize]10[sanitize]01,16,‚SK‚ΔΘγ‹¤“―Z‘ξ,’“Τi—Φjκ,‚»‚Μ‘Ό
ή“,•”•i‚Λ‚η‚Ά,_Λ…γ,ƒ|[ƒgƒAƒCƒ‰ƒ“ƒh,281107,•ΊΙ§,_Λs’†‰›‹ζ,`“‡’†’¬‚U’–Ϊ,2021[sanitize]11[sanitize]23,15,‚»‚Μ‘Ό,’“Τi—Φjκ,ƒiƒ“ƒo[ƒvƒ[ƒg
ή“,•”•i‚Λ‚η‚Ά,_Λ…γ,’†“Λ’η,281107,•ΊΙ§,_Λs’†‰›‹ζ,”g~κ’¬,2021[sanitize]08[sanitize]07,03,‚»‚Μ‘Ό,’“Τi—Φjκ,‚»‚Μ‘Ό
ή“,•”•i‚Λ‚η‚Ά,_Λ…γ,V`,281107,•ΊΙ§,_Λs’†‰›‹ζ,¬–μ•l’¬,2021[sanitize]08[sanitize]21,09,‚»‚Μ‘Ό,’“Τi—Φjκ,ƒiƒ“ƒo[ƒvƒ[ƒg
ή“,•”•i‚Λ‚η‚Ά,_ΛΌ,γ’r,281115,•ΊΙ§,_ΛsΌ‹ζ,‹Κ’Γ’¬V•ϋ,2021[sanitize]07[sanitize]31,14,κΛZ‘ξ,‚»‚Μ‘Ό,ƒiƒ“ƒo[ƒvƒ[ƒg
ή“,•”•i‚Λ‚η‚Ά,_ΛΌ,γ’r,281115,•ΊΙ§,_ΛsΌ‹ζ,‹Κ’Γ’¬V•ϋ,2021[sanitize]12[sanitize]11,15,κΛZ‘ξ,’“Τi—Φjκ,ƒiƒ“ƒo[ƒvƒ[ƒg
ή“,•”•i‚Λ‚η‚Ά,_ΛΌ,γ’r,281115,•ΊΙ§,_ΛsΌ‹ζ,‹Κ’Γ’¬Ό‰Ν΄,2021[sanitize]09[sanitize]07,18,‚»‚Μ‘Ό‚ΜZ‘ξi‚RK‚ΔΘ‰Ί‹¤“―Z‘ξ“™j,’“Τi—Φjκ,‚»‚Μ‘Ό
ή“,•”•i‚Λ‚η‚Ά,_ΛΌ,δ‘δ,281115,•ΊΙ§,_ΛsΌ‹ζ,δ‘δΌ’¬‚P’–Ϊ,2021[sanitize]02[sanitize]24,18,‚SK‚ΔΘγ‹¤“―Z‘ξ,’“Τi—Φjκ,‚»‚Μ‘Ό
ή“,•”•i‚Λ‚η‚Ά,_ΛΌ,δ‘δ,281115,•ΊΙ§,_ΛsΌ‹ζ,δ‘δΌ’¬‚P’–Ϊ,2021[sanitize]11[sanitize]21,18,‚SK‚ΔΘγ‹¤“―Z‘ξ,’“Τi—Φjκ,‚»‚Μ‘Ό
ή“,•”•i‚Λ‚η‚Ά,_ΛΌ,Ιμ’J,281115,•ΊΙ§,_ΛsΌ‹ζ,–k•Κ•{‚R’–Ϊ,2021[sanitize]12[sanitize]05,20,’“Τi—Φjκ,’“Τi—Φjκ,ƒiƒ“ƒo[ƒvƒ[ƒg
ή“,•”•i‚Λ‚η‚Ά,_ΛΌ,Ιμ’J,281115,•ΊΙ§,_ΛsΌ‹ζ,“μ•Κ•{‚R’–Ϊ,2021[sanitize]04[sanitize]26,20,’“Τi—Φjκ,’“Τi—Φjκ,‚»‚Μ‘Ό
ή“,•”•i‚Λ‚η‚Ά,_ΛΌ,o‡,281115,•ΊΙ§,_ΛsΌ‹ζ,‰¤’Λ‘δ‚S’–Ϊ,2021[sanitize]04[sanitize]29,11,‚SK‚ΔΘγ‹¤“―Z‘ξ,’“Τi—Φjκ,ƒiƒ“ƒo[ƒvƒ[ƒg
ή“,•”•i‚Λ‚η‚Ά,_ΛΌ,Γ‹½,281115,•ΊΙ§,_ΛsΌ‹ζ,β‰ª’¬Όe,2020[sanitize]09[sanitize]01,15,κΛZ‘ξ,’“Τi—Φjκ,ƒiƒ“ƒo[ƒvƒ[ƒg
ή“,•”•i‚Λ‚η‚Ά,_ΛΌ,Γ‹½,281115,•ΊΙ§,_ΛsΌ‹ζ,β‰ª’¬Γ‹½,2021[sanitize]02[sanitize]01,15,‚»‚Μ‘Ό,’“Τi—Φjκ,ƒiƒ“ƒo[ƒvƒ[ƒg
ή“,•”•i‚Λ‚η‚Ά,_ΛΌ,Γ‹½,281115,•ΊΙ§,_ΛsΌ‹ζ,γV’n‚Q’–Ϊ,2020[sanitize]12[sanitize]29,14,’“Τi—Φjκ,’“Τi—Φjκ,ƒJ[ƒiƒr
ή“,•”•i‚Λ‚η‚Ά,_ΛΌ,w‰€‰w‘O,281115,•ΊΙ§,_ΛsΌ‹ζ,Ιμ’J’¬‘OJ,2020[sanitize]03[sanitize]20,00,‚»‚Μ‘Ό,‚»‚Μ‘Ό,ƒiƒ“ƒo[ƒvƒ[ƒg
ή“,•”•i‚Λ‚η‚Ά,_ΛΌ,w‰€‰w‘O,281115,•ΊΙ§,_ΛsΌ‹ζ,Ιμ’J’¬’·β,2021[sanitize]04[sanitize]06,02,“ΉHγ,‚»‚Μ‘Ό,‚»‚Μ‘Ό
ή“,•”•i‚Λ‚η‚Ά,_ΛΌ,w‰€‰w‘O,281115,•ΊΙ§,_ΛsΌ‹ζ,Ιμ’J’¬’·β,2021[sanitize]07[sanitize]04,22,‚»‚Μ‘Ό,’“Τi—Φjκ,‚»‚Μ‘Ό
ή“,•”•i‚Λ‚η‚Ά,_ΛΌ,w‰€‰w‘O,281115,•ΊΙ§,_ΛsΌ‹ζ,w‰€Ό’¬‚W’–Ϊ,2021[sanitize]06[sanitize]28,15,‚»‚Μ‘Ό,’“Τi—Φjκ,‚»‚Μ‘Ό
ή“,•”•i‚Λ‚η‚Ά,_ΛΌ,w‰€‰w‘O,281115,•ΊΙ§,_ΛsΌ‹ζ,w‰€“’¬‚U’–Ϊ,2021[sanitize]10[sanitize]04,18,’“Τi—Φjκ,’“Τi—Φjκ,ƒiƒ“ƒo[ƒvƒ[ƒg
ή“,•”•i‚Λ‚η‚Ά,_ΛΌ,w‰€‰w‘O,281115,•ΊΙ§,_ΛsΌ‹ζ,w‰€“’¬‚U’–Ϊ,2021[sanitize]10[sanitize]24,10,‚»‚Μ‘Ό,’“Τi—Φjκ,ƒiƒ“ƒo[ƒvƒ[ƒg
ή“,•”•i‚Λ‚η‚Ά,_ΛΌ,•xm©‚ª‹u,281115,•ΊΙ§,_ΛsΌ‹ζ,”ό•δ‚ª‹u‚R’–Ϊ,2021[sanitize]08[sanitize]06,00,‚SK‚ΔΘγ‹¤“―Z‘ξ,’“Τi—Φjκ,‚»‚Μ‘Ό
ή“,•”•i‚Λ‚η‚Ά,_ΛΌ,t“ϊ‘δ,281115,•ΊΙ§,_ΛsΌ‹ζ,t“ϊ‘δ‚T’–Ϊ,2021[sanitize]03[sanitize]27,14,κΛZ‘ξ,‚»‚Μ‘Ό,‚»‚Μ‘Ό
ή“,•”•i‚Λ‚η‚Ά,_ΛΌ,—L£,281115,•ΊΙ§,_ΛsΌ‹ζ,Ιμ’J’¬—L£,2021[sanitize]07[sanitize]09,13,’“Τi—Φjκ,’“Τi—Φjκ,‚»‚Μ‘Ό
ή“,•”•i‚Λ‚η‚Ά,_ΛΌ,—L£,281115,•ΊΙ§,_ΛsΌ‹ζ,Ιμ’J’¬—L£,2021[sanitize]07[sanitize]29,15,‚SK‚ΔΘγ‹¤“―Z‘ξ,’“Τi—Φjκ,‚»‚Μ‘Ό
ή“,•”•i‚Λ‚η‚Ά,_ΛΌ,—L£,281115,•ΊΙ§,_ΛsΌ‹ζ,Ιμ’J’¬a,2021[sanitize]01[sanitize]17,18,‚»‚Μ‘Ό‚ΜZ‘ξi‚RK‚ΔΘ‰Ί‹¤“―Z‘ξ“™j,’“Τi—Φjκ,ƒ^ƒCƒ„EƒzƒC[ƒ‹
ή“,•”•i‚Λ‚η‚Ά,_ΛΌ,}‹g,281115,•ΊΙ§,_ΛsΌ‹ζ,’¬,2021[sanitize]01[sanitize]29,12,‚»‚Μ‘Ό‚ΜZ‘ξi‚RK‚ΔΘ‰Ί‹¤“―Z‘ξ“™j,’“Τi—Φjκ,ƒiƒ“ƒo[ƒvƒ[ƒg
ή“,•”•i‚Λ‚η‚Ά,_ΛΌ,}‹g,281115,•ΊΙ§,_ΛsΌ‹ζ,}‹g‚S’–Ϊ,2021[sanitize]05[sanitize]10,08,κΛZ‘ξ,’“Τi—Φjκ,ƒiƒ“ƒo[ƒvƒ[ƒg
ή“,•”•i‚Λ‚η‚Ά,_ΛΌ,}‹g,281115,•ΊΙ§,_ΛsΌ‹ζ,X—F‚T’–Ϊ,2021[sanitize]07[sanitize]22,13,‚SK‚ΔΘγ‹¤“―Z‘ξ,’“Τi—Φjκ,‚»‚Μ‘Ό
ή“,•”•i‚Λ‚η‚Ά,_ΛΌ,λκ‘δ,281115,•ΊΙ§,_ΛsΌ‹ζ,βο‘δ‚Q’–Ϊ,2021[sanitize]05[sanitize]30,16,‚SK‚ΔΘγ‹¤“―Z‘ξ,‚»‚Μ‘Ό,‚»‚Μ‘Ό
ή“,•”•i‚Λ‚η‚Ά,_ΛΌ,‹Κ’Γ,281115,•ΊΙ§,_ΛsΌ‹ζ,•½–μ’¬•’†,2021[sanitize]05[sanitize]15,17,“ΉHγ,‚»‚Μ‘Ό,ƒiƒ“ƒo[ƒvƒ[ƒg
ή“,•”•i‚Λ‚η‚Ά,_ΛΌ,_o,281115,•ΊΙ§,_ΛsΌ‹ζ,_o’¬¬‘©–μ,2021[sanitize]06[sanitize]04,10,‚»‚Μ‘Ό,’“Τi—Φjκ,‚»‚Μ‘Ό
ή“,•”•i‚Λ‚η‚Ά,_ΛΌ,’|‚Μ‘δ,281115,•ΊΙ§,_ΛsΌ‹ζ,”ό‰κ‘½‘δ‚V’–Ϊ,2021[sanitize]08[sanitize]07,23,‚»‚Μ‘Ό,’“Τi—Φjκ,‚»‚Μ‘Ό
ή“,•”•i‚Λ‚η‚Ά,—L”n,“ρY,281093,•ΊΙ§,_Λs–k‹ζ,—L–μ’†’¬‚S’–Ϊ,2021[sanitize]03[sanitize]21,21,‚»‚Μ‘Ό,’“Τi—Φjκ,‚»‚Μ‘Ό
ή“,•”•i‚Λ‚η‚Ά,—L”n,“ρY,281093,•ΊΙ§,_Λs–k‹ζ,—L–μ’†’¬‚S’–Ϊ,2021[sanitize]06[sanitize]09,07,‚»‚Μ‘Ό,’“Τi—Φjκ,‚»‚Μ‘Ό
ή“,•”•i‚Λ‚η‚Ά,—L”n,“ρY,281093,•ΊΙ§,_Λs–k‹ζ,—L–μ’†’¬‚S’–Ϊ,2021[sanitize]06[sanitize]10,07,‚»‚Μ‘Ό,’“Τi—Φjκ,‚»‚Μ‘Ό
ή“,•”•i‚Λ‚η‚Ά,—L”n,“ρY,281093,•ΊΙ§,_Λs–k‹ζ,—L–μ’†’¬‚S’–Ϊ,2021[sanitize]07[sanitize]23,21,‚»‚Μ‘Ό‚ΜZ‘ξi‚RK‚ΔΘ‰Ί‹¤“―Z‘ξ“™j,’“Τi—Φjκ,ƒiƒ“ƒo[ƒvƒ[ƒg
ή“,•”•i‚Λ‚η‚Ά,—L”n,“ρY,281093,•ΊΙ§,_Λs–k‹ζ,—L–μ’†’¬‚S’–Ϊ,2021[sanitize]11[sanitize]12,18,‚SK‚ΔΘγ‹¤“―Z‘ξ,’“Τi—Φjκ,ƒiƒ“ƒo[ƒvƒ[ƒg
ή“,•”•i‚Λ‚η‚Ά,—L”n,—L–μ,281093,•ΊΙ§,_Λs–k‹ζ,—L–μ’¬—L–μ,2021[sanitize]07[sanitize]21,18,‚»‚Μ‘Ό,’“Τi—Φjκ,ƒiƒ“ƒo[ƒvƒ[ƒg
ή“,•”•i‚Λ‚η‚Ά,—L”n,—L–μ,281093,•ΊΙ§,_Λs–k‹ζ,—L–μ’†’¬‚R’–Ϊ,2021[sanitize]01[sanitize]04,09,‚»‚Μ‘Ό,’“Τi—Φjκ,‚»‚Μ‘Ό
ή“,•”•i‚Λ‚η‚Ά,—L”n,’·”φ,281093,•ΊΙ§,_Λs–k‹ζ,­‚Μq‘δ–k’¬‚Q’–Ϊ,2021[sanitize]04[sanitize]03,11,‚SK‚ΔΘγ‹¤“―Z‘ξ,’“Τi—Φjκ,‚»‚Μ‘Ό
ή“,•”•i‚Λ‚η‚Ά,—L”n,’·”φ,281093,•ΊΙ§,_Λs–k‹ζ,­‚Μq‘δ“μ’¬‚P’–Ϊ,2021[sanitize]08[sanitize]29,03,‚SK‚ΔΘγ‹¤“―Z‘ξ,’“Τi—Φjκ,‚»‚Μ‘Ό
ή“,•”•i‚Λ‚η‚Ά,—L”n,’·”φ,281093,•ΊΙ§,_Λs–k‹ζ,­‚Μq‘δ“μ’¬‚P’–Ϊ,2021[sanitize]09[sanitize]17,10,‚SK‚ΔΘγ‹¤“―Z‘ξ,’“Τi—Φjκ,‚»‚Μ‘Ό
ή“,•”•i‚Λ‚η‚Ά,—L”n,’·”φ,281093,•ΊΙ§,_Λs–k‹ζ,­‚Μq‘δ“μ’¬‚U’–Ϊ,2021[sanitize]09[sanitize]01,20,‚SK‚ΔΘγ‹¤“―Z‘ξ,’“Τi—Φjκ,‚»‚Μ‘Ό
ή“,•”•i‚Λ‚η‚Ά,_Λ–k,‚Π‚ζ‚Η‚θ‘δ,281093,•ΊΙ§,_Λs–k‹ζ,‚Π‚ζ‚Η‚θ‘δ“μ’¬‚Q’–Ϊ,2020[sanitize]10[sanitize]15,19,‚»‚Μ‘Ό,’“Τi—Φjκ,‚»‚Μ‘Ό
ή“,•”•i‚Λ‚η‚Ά,_Λ–k,ά—t,281093,•ΊΙ§,_Λs–k‹ζ,–kά—t‚R’–Ϊ,2021[sanitize]02[sanitize]09,15,‚SK‚ΔΘγ‹¤“―Z‘ξ,’“Τi—Φjκ,ƒiƒ“ƒo[ƒvƒ[ƒg
ή“,•”•i‚Λ‚η‚Ά,_Λ–k,ά—t,281093,•ΊΙ§,_Λs–k‹ζ,–kά—t‚V’–Ϊ,2020[sanitize]09[sanitize]21,00,‚SK‚ΔΘγ‹¤“―Z‘ξ,’“Τi—Φjκ,‚»‚Μ‘Ό
ή“,•”•i‚Λ‚η‚Ά,_Λ–k,ά—t,281093,•ΊΙ§,_Λs–k‹ζ,N‰e’¬‚S’–Ϊ,2020[sanitize]09[sanitize]01,00,’“Τi—Φjκ,’“Τi—Φjκ,ƒiƒ“ƒo[ƒvƒ[ƒg
ή“,•”•i‚Λ‚η‚Ά,_Λ–k,ά—t,281093,•ΊΙ§,_Λs–k‹ζ,“μά—t‚U’–Ϊ,2021[sanitize]10[sanitize]03,12,’“Τi—Φjκ,’“Τi—Φjκ,ƒiƒ“ƒo[ƒvƒ[ƒg
ή“,•”•i‚Λ‚η‚Ά,_Λ–k,’Jγ‰w‘O,281093,•ΊΙ§,_Λs–k‹ζ,Ό‚ª}’¬‚P’–Ϊ,2021[sanitize]02[sanitize]28,06,‚»‚Μ‘Ό,’“Τi—Φjκ,ƒiƒ“ƒo[ƒvƒ[ƒg
ή“,•”•i‚Λ‚η‚Ά,_Λ–k,’Jγ‰w‘O,281093,•ΊΙ§,_Λs–k‹ζ,Ό‚ª}’¬‚P’–Ϊ,2021[sanitize]05[sanitize]19,08,‚»‚Μ‘Ό,’“Τi—Φjκ,‚»‚Μ‘Ό
ή“,•”•i‚Λ‚η‚Ά,°‰®,“μ°‰®•l,282065,•ΊΙ§,°‰®s,C—m’¬,2021[sanitize]02[sanitize]14,15,κΛZ‘ξ,’“Τi—Φjκ,ƒiƒ“ƒo[ƒvƒ[ƒg
ή“,•”•i‚Λ‚η‚Ά,°‰®,‹{μ,282065,•ΊΙ§,°‰®s,γ‹{μ’¬,2021[sanitize]06[sanitize]10,04,‚SK‚ΔΘγ‹¤“―Z‘ξ,’“Τi—Φjκ,ƒiƒ“ƒo[ƒvƒ[ƒg
ή“,•”•i‚Λ‚η‚Ά,°‰®,‹{μ,282065,•ΊΙ§,°‰®s,‹{’Λ’¬,2021[sanitize]07[sanitize]20,18,’“Τi—Φjκ,’“Τi—Φjκ,ƒiƒ“ƒo[ƒvƒ[ƒg
ή“,•”•i‚Λ‚η‚Ά,°‰®,R°‰®,282065,•ΊΙ§,°‰®s,Oπ’¬,2021[sanitize]02[sanitize]13,16,’“Τi—Φjκ,’“Τi—Φjκ,ƒiƒ“ƒo[ƒvƒ[ƒg
ή“,•”•i‚Λ‚η‚Ά,°‰®,β‰€,282065,•ΊΙ§,°‰®s,β‰€’¬,2021[sanitize]11[sanitize]19,12,’“Τi—Φjκ,’“Τi—Φjκ,ƒiƒ“ƒo[ƒvƒ[ƒg
ή“,•”•i‚Λ‚η‚Ά,°‰®,‘Εo,282065,•ΊΙ§,°‰®s,‘ε“’¬,2021[sanitize]10[sanitize]15,23,’“Τi—Φjκ,’“Τi—Φjκ,‚»‚Μ‘Ό
ή“,•”•i‚Λ‚η‚Ά,°‰®,•l°‰®,282065,•ΊΙ§,°‰®s,•½“c’¬,2021[sanitize]12[sanitize]18,23,’“Τi—Φjκ,’“Τi—Φjκ,ƒiƒ“ƒo[ƒvƒ[ƒg
ή“,•”•i‚Λ‚η‚Ά,°‰®,°‰®‰w‘O,282065,•ΊΙ§,°‰®s,‘DΛ’¬,2021[sanitize]12[sanitize]02,10,’“Τi—Φjκ,’“Τi—Φjκ,ƒiƒ“ƒo[ƒvƒ[ƒg
ή“,•”•i‚Λ‚η‚Ά,°‰®,‚•l,282065,•ΊΙ§,°‰®s,‚•l’¬,2021[sanitize]01[sanitize]01,09,‚SK‚ΔΘγ‹¤“―Z‘ξ,’“Τi—Φjκ,ƒiƒ“ƒo[ƒvƒ[ƒg
ή“,•”•i‚Λ‚η‚Ά,°‰®,‚•l,282065,•ΊΙ§,°‰®s,‚•l’¬,2021[sanitize]01[sanitize]16,20,‚SK‚ΔΘγ‹¤“―Z‘ξ,’“Τi—Φjκ,‚»‚Μ‘Ό
ή“,•”•i‚Λ‚η‚Ά,°‰®,‚•l,282065,•ΊΙ§,°‰®s,‚•l’¬,2021[sanitize]01[sanitize]22,19,‚SK‚ΔΘγ‹¤“―Z‘ξ,’“Τi—Φjκ,‚»‚Μ‘Ό
ή“,•”•i‚Λ‚η‚Ά,°‰®,‚•l,282065,•ΊΙ§,°‰®s,‚•l’¬,2021[sanitize]04[sanitize]23,20,‚SK‚ΔΘγ‹¤“―Z‘ξ,’“Τi—Φjκ,‚»‚Μ‘Ό
ή“,•”•i‚Λ‚η‚Ά,Ό‹{,γƒ–΄,282049,•ΊΙ§,Ό‹{s,γƒP΄”ª”Τ’¬,2021[sanitize]04[sanitize]21,18,‚SK‚ΔΘγ‹¤“―Z‘ξ,’“Τi—Φjκ,ƒiƒ“ƒo[ƒvƒ[ƒg
ή“,•”•i‚Λ‚η‚Ά,Ό‹{,γƒ–΄,282049,•ΊΙ§,Ό‹{s,γƒP΄”ª”Τ’¬,2021[sanitize]07[sanitize]31,23,‚»‚Μ‘Ό‚ΜZ‘ξi‚RK‚ΔΘ‰Ί‹¤“―Z‘ξ“™j,’“Τi—Φjκ,‚»‚Μ‘Ό
ή“,•”•i‚Λ‚η‚Ά,Ό‹{,γƒ–΄,282049,•ΊΙ§,Ό‹{s,γƒP΄l”Τ’¬,2021[sanitize]05[sanitize]25,23,‚SK‚ΔΘγ‹¤“―Z‘ξ,’“Τi—Φjκ,ƒ^ƒCƒ„EƒzƒC[ƒ‹
ή“,•”•i‚Λ‚η‚Ά,Ό‹{,γƒ–΄,282049,•ΊΙ§,Ό‹{s,γƒP΄Z”Τ’¬,2021[sanitize]09[sanitize]20,14,’“Τi—Φjκ,’“Τi—Φjκ,ƒiƒ“ƒo[ƒvƒ[ƒg
ή“,•”•i‚Λ‚η‚Ά,Ό‹{,γ”V’¬,282049,•ΊΙ§,Ό‹{s,“ϊ–μ’¬,2021[sanitize]09[sanitize]14,01,‚SK‚ΔΘγ‹¤“―Z‘ξ,’“Τi—Φjκ,ƒ^ƒCƒ„EƒzƒC[ƒ‹
ή“,•”•i‚Λ‚η‚Ά,Ό‹{,γ”V’¬,282049,•ΊΙ§,Ό‹{s,–ε‘O’¬,2020[sanitize]12[sanitize]21,20,‚»‚Μ‘Ό,’“Τi—Φjκ,ƒiƒ“ƒo[ƒvƒ[ƒg
ή“,•”•i‚Λ‚η‚Ά,Ό‹{,“ρ©,282049,•ΊΙ§,Ό‹{s,‘ε‰®’¬,2021[sanitize]08[sanitize]14,12,‚SK‚ΔΘγ‹¤“―Z‘ξ,’“Τi—Φjκ,ƒiƒ“ƒo[ƒvƒ[ƒg
ή“,•”•i‚Λ‚η‚Ά,Ό‹{,“ρ©,282049,•ΊΙ§,Ό‹{s,‘ε‰®’¬,2021[sanitize]09[sanitize]10,18,‚»‚Μ‘Ό‚ΜZ‘ξi‚RK‚ΔΘ‰Ί‹¤“―Z‘ξ“™j,’“Τi—Φjκ,‚»‚Μ‘Ό
ή“,•”•i‚Λ‚η‚Ά,Ό‹{,΅’Γ‰w‘O,282049,•ΊΙ§,Ό‹{s,’Γ–εμ’¬,2021[sanitize]04[sanitize]06,20,‚»‚Μ‘Ό‚ΜZ‘ξi‚RK‚ΔΘ‰Ί‹¤“―Z‘ξ“™j,’“Τi—Φjκ,‚»‚Μ‘Ό
ή“,•”•i‚Λ‚η‚Ά,Ό‹{,΅’Γ‰w‘O,282049,•ΊΙ§,Ό‹{s,’Γ–εμ’¬,2021[sanitize]08[sanitize]03,11,‚»‚Μ‘Ό,’“Τi—Φjκ,‚»‚Μ‘Ό
ή“,•”•i‚Λ‚η‚Ά,Ό‹{,gμ‰w‘O,282049,•ΊΙ§,Ό‹{s,Ό‰€’¬,2021[sanitize]02[sanitize]13,12,‚»‚Μ‘Ό‚ΜZ‘ξi‚RK‚ΔΘ‰Ί‹¤“―Z‘ξ“™j,’“Τi—Φjκ,ƒiƒ“ƒo[ƒvƒ[ƒg
ή“,•”•i‚Λ‚η‚Ά,Ό‹{,υ,282049,•ΊΙ§,Ό‹{s,–k–Ό’¬,2021[sanitize]12[sanitize]02,08,’“Τi—Φjκ,’“Τi—Φjκ,ƒiƒ“ƒo[ƒvƒ[ƒg
ή“,•”•i‚Λ‚η‚Ά,Ό‹{,υ,282049,•ΊΙ§,Ό‹{s,Ό“c’¬,2021[sanitize]06[sanitize]15,12,’“Τi—Φjκ,’“Τi—Φjκ,ƒiƒ“ƒo[ƒvƒ[ƒg
ή“,•”•i‚Λ‚η‚Ά,Ό‹{,s’λ,282049,•ΊΙ§,Ό‹{s,r^’¬,2021[sanitize]05[sanitize]23,18,’“Τi—Φjκ,’“Τi—Φjκ,ƒiƒ“ƒo[ƒvƒ[ƒg
ή“,•”•i‚Λ‚η‚Ά,Ό‹{,s’λ,282049,•ΊΙ§,Ό‹{s,_y’¬,2021[sanitize]10[sanitize]28,07,‚»‚Μ‘Ό,’“Τi—Φjκ,‚»‚Μ‘Ό
ή“,•”•i‚Λ‚η‚Ά,Ό‹{,s’λ,282049,•ΊΙ§,Ό‹{s,μ“’¬,2021[sanitize]08[sanitize]13,12,‚»‚Μ‘Ό‚ΜZ‘ξi‚RK‚ΔΘ‰Ί‹¤“―Z‘ξ“™j,’“Τi—Φjκ,ƒiƒ“ƒo[ƒvƒ[ƒg
ή“,•”•i‚Λ‚η‚Ά,Ό‹{,s’λ,282049,•ΊΙ§,Ό‹{s,‹{Ό’¬,2021[sanitize]12[sanitize]17,18,‚SK‚ΔΘγ‹¤“―Z‘ξ,’“Τi—Φjκ,‚»‚Μ‘Ό
ή“,•”•i‚Λ‚η‚Ά,Ό‹{,s’λ,282049,•ΊΙ§,Ό‹{s,‰®•~’¬,2021[sanitize]11[sanitize]26,17,κΛZ‘ξ,’“Τi—Φjκ,ƒiƒ“ƒo[ƒvƒ[ƒg
ή“,•”•i‚Λ‚η‚Ά,Ό‹{,Dκ‹Ψ,282049,•ΊΙ§,Ό‹{s,Y’¬,2021[sanitize]08[sanitize]11,15,’“Τi—Φjκ,’“Τi—Φjκ,ƒiƒ“ƒo[ƒvƒ[ƒg
ή“,•”•i‚Λ‚η‚Ά,Ό‹{,Dκ‹Ψ,282049,•ΊΙ§,Ό‹{s,‹{‘O’¬,2021[sanitize]09[sanitize]27,17,‚»‚Μ‘Ό,’“Τi—Φjκ,‚»‚Μ‘Ό
ή“,•”•i‚Λ‚η‚Ά,Ό‹{,Dκ‹Ψ,282049,•ΊΙ§,Ό‹{s,Z’X›’¬,2021[sanitize]05[sanitize]07,12,’“Τi—Φjκ,’“Τi—Φjκ,‚»‚Μ‘Ό
ή“,•”•i‚Λ‚η‚Ά,Ό‹{,Dκ‹Ψ,282049,•ΊΙ§,Ό‹{s,Z’X›’¬,2021[sanitize]11[sanitize]15,10,‚»‚Μ‘Ό,’“Τi—Φjκ,ƒiƒ“ƒo[ƒvƒ[ƒg
ή“,•”•i‚Λ‚η‚Ά,Ό‹{,¶£,282049,•ΊΙ§,Ό‹{s,¶£•Ιμ’¬,2021[sanitize]02[sanitize]01,23,‚»‚Μ‘Ό‚ΜZ‘ξi‚RK‚ΔΘ‰Ί‹¤“―Z‘ξ“™j,’“Τi—Φjκ,‚»‚Μ‘Ό
ή“,•”•i‚Λ‚η‚Ά,Ό‹{,b“‰€,282049,•ΊΙ§,Ό‹{s,b“‰€‚P’–Ϊ,2021[sanitize]10[sanitize]06,08,‚»‚Μ‘Ό,’“Τi—Φjκ,‚»‚Μ‘Ό
ή“,•”•i‚Λ‚η‚Ά,Ό‹{,b“‰€,282049,•ΊΙ§,Ό‹{s,’iγ’¬‚P’–Ϊ,2021[sanitize]12[sanitize]26,13,‚»‚Μ‘Ό,’“Τi—Φjκ,‚»‚Μ‘Ό
ή“,•”•i‚Λ‚η‚Ά,Ό‹{,b—z‰€,282049,•ΊΙ§,Ό‹{s,Z¬’¬,2021[sanitize]09[sanitize]29,20,‚SK‚ΔΘγ‹¤“―Z‘ξ,’“Τi—Φjκ,ƒ^ƒCƒ„EƒzƒC[ƒ‹
ή“,•”•i‚Λ‚η‚Ά,Ό‹{,Π‘O,282049,•ΊΙ§,Ό‹{s,΅’Γ^»’¬,2021[sanitize]11[sanitize]05,12,’“Τi—Φjκ,’“Τi—Φjκ,ƒiƒ“ƒo[ƒvƒ[ƒg
ή“,•”•i‚Λ‚η‚Ά,Ό‹{,Π‘O,282049,•ΊΙ§,Ό‹{s,΅’Γ`’¬,2021[sanitize]02[sanitize]18,10,‚»‚Μ‘Ό,’“Τi—Φjκ,ƒiƒ“ƒo[ƒvƒ[ƒg
ή“,•”•i‚Λ‚η‚Ά,Ό‹{,Π‘O,282049,•ΊΙ§,Ό‹{s,•lΌ΄’¬,2021[sanitize]02[sanitize]13,14,‚»‚Μ‘Ό,‚»‚Μ‘Ό,ƒiƒ“ƒo[ƒvƒ[ƒg
ή“,•”•i‚Λ‚η‚Ά,Ό‹{,°΄,282049,•ΊΙ§,Ό‹{s,’†“a’¬,2019[sanitize]08[sanitize]10,00,‚SK‚ΔΘγ‹¤“―Z‘ξ,’“Τi—Φjκ,ƒiƒ“ƒo[ƒvƒ[ƒg
ή“,•”•i‚Λ‚η‚Ά,Ό‹{,°΄,282049,•ΊΙ§,Ό‹{s,X‰Ί’¬,2021[sanitize]01[sanitize]08,07,‚SK‚ΔΘγ‹¤“―Z‘ξ,‚»‚Μ‘Ό,ƒiƒ“ƒo[ƒvƒ[ƒg
ή“,•”•i‚Λ‚η‚Ά,Ό‹{,Ό‹{•l,282049,•ΊΙ§,Ό‹{s,Ό‹{•l‚S’–Ϊ,2021[sanitize]12[sanitize]25,17,‚SK‚ΔΘγ‹¤“―Z‘ξ,’“Τi—Φjκ,‚»‚Μ‘Ό
ή“,•”•i‚Λ‚η‚Ά,Ό‹{,Ό‹{‰w‘O,282049,•ΊΙ§,Ό‹{s,υ“a’¬,2021[sanitize]09[sanitize]07,08,‚»‚Μ‘Ό,’“Τi—Φjκ,‚»‚Μ‘Ό
ή“,•”•i‚Λ‚η‚Ά,Ό‹{,Ό‹{‰w‘O,282049,•ΊΙ§,Ό‹{s,’Γ–ε”Ρ“c’¬,2021[sanitize]11[sanitize]14,18,‚»‚Μ‘Ό,’“Τi—Φjκ,ƒiƒ“ƒo[ƒvƒ[ƒg
ή“,•”•i‚Λ‚η‚Ά,Ό‹{,‰z–Ψβ,282049,•ΊΙ§,Ό‹{s,Ξ™†’¬,2021[sanitize]03[sanitize]11,06,’“Τi—Φjκ,’“Τi—Φjκ,‚»‚Μ‘Ό
ή“,•”•i‚Λ‚η‚Ά,Ό‹{,‰z–Ψβ,282049,•ΊΙ§,Ό‹{s,Ξ™†’¬,2021[sanitize]04[sanitize]19,07,’“Τi—Φjκ,’“Τi—Φjκ,‚»‚Μ‘Ό
ή“,•”•i‚Λ‚η‚Ά,Ό‹{,‰z–Ψβ,282049,•ΊΙ§,Ό‹{s,Ξ™†’¬,2021[sanitize]09[sanitize]01,07,‚»‚Μ‘Ό,’“Τi—Φjκ,‚»‚Μ‘Ό
ή“,•”•i‚Λ‚η‚Ά,Ό‹{,–εΛ,282049,•ΊΙ§,Ό‹{s,—Ρ“c’¬,2021[sanitize]06[sanitize]23,16,‚»‚Μ‘Ό,’“Τi—Φjκ,‚»‚Μ‘Ό
ή“,•”•i‚Λ‚η‚Ά,Ό‹{,–εΛ,282049,•ΊΙ§,Ό‹{s,–εΛΌ’¬,2021[sanitize]11[sanitize]09,23,‚»‚Μ‘Ό‚ΜZ‘ξi‚RK‚ΔΘ‰Ί‹¤“―Z‘ξ“™j,’“Τi—Φjκ,‚»‚Μ‘Ό
ή“,•”•i‚Λ‚η‚Ά,Ό‹{,–εΛ,282049,•ΊΙ§,Ό‹{s,–εΛΌ’¬,2021[sanitize]11[sanitize]13,17,‚»‚Μ‘Ό‚ΜZ‘ξi‚RK‚ΔΘ‰Ί‹¤“―Z‘ξ“™j,’“Τi—Φjκ,‚»‚Μ‘Ό
ή“,•”•i‚Λ‚η‚Ά,Ό‹{,–εΛ,282049,•ΊΙ§,Ό‹{s,–εΛ‘‘,2021[sanitize]03[sanitize]12,07,’“Τi—Φjκ,’“Τi—Φjκ,‚»‚Μ‘Ό
ή“,•”•i‚Λ‚η‚Ά,Ό‹{,Β–Ψ,282049,•ΊΙ§,Ό‹{s,¤“†R,2021[sanitize]03[sanitize]17,15,‚SK‚ΔΘγ‹¤“―Z‘ξ,’“Τi—Φjκ,‚»‚Μ‘Ό
ή“,•”•i‚Λ‚η‚Ά,Ό‹{,Β–Ψ,282049,•ΊΙ§,Ό‹{s,__’¬,2021[sanitize]05[sanitize]16,13,’“Τi—Φjκ,’“Τi—Φjκ,ƒiƒ“ƒo[ƒvƒ[ƒg
ή“,•”•i‚Λ‚η‚Ά,Ό‹{,Β–Ψ,282049,•ΊΙ§,Ό‹{s,L“c’¬,2021[sanitize]10[sanitize]03,23,‚»‚Μ‘Ό‚ΜZ‘ξi‚RK‚ΔΘ‰Ί‹¤“―Z‘ξ“™j,‚»‚Μ‘Ό,‚»‚Μ‘Ό
ή“,•”•i‚Λ‚η‚Ά,bq‰€,γ“c,282049,•ΊΙ§,Ό‹{s,γ“c’†’¬,2021[sanitize]04[sanitize]23,15,‚»‚Μ‘Ό‚ΜZ‘ξi‚RK‚ΔΘ‰Ί‹¤“―Z‘ξ“™j,’“Τi—Φjκ,ƒiƒ“ƒo[ƒvƒ[ƒg
ή“,•”•i‚Λ‚η‚Ά,bq‰€,γ“c,282049,•ΊΙ§,Ό‹{s,γ“c’†’¬,2021[sanitize]12[sanitize]23,16,‚SK‚ΔΘγ‹¤“―Z‘ξ,’“Τi—Φjκ,ƒ^ƒCƒ„EƒzƒC[ƒ‹
ή“,•”•i‚Λ‚η‚Ά,bq‰€,γ“c,282049,•ΊΙ§,Ό‹{s,γ“c“’¬,2021[sanitize]11[sanitize]25,15,‚SK‚ΔΘγ‹¤“―Z‘ξ,’“Τi—Φjκ,ƒiƒ“ƒo[ƒvƒ[ƒg
ή“,•”•i‚Λ‚η‚Ά,bq‰€,γbq‰€,282049,•ΊΙ§,Ό‹{s,bq‰€ϋ‚S’–Ϊ,2021[sanitize]03[sanitize]02,03,“ΉHγ,‚»‚Μ‘Ό,‚»‚Μ‘Ό
ή“,•”•i‚Λ‚η‚Ά,bq‰€,γbq‰€,282049,•ΊΙ§,Ό‹{s,Λθ’¬,2021[sanitize]07[sanitize]05,16,‚SK‚ΔΘγ‹¤“―Z‘ξ,’“Τi—Φjκ,ƒiƒ“ƒo[ƒvƒ[ƒg
ή“,•”•i‚Λ‚η‚Ά,bq‰€,’†’Γ,282049,•ΊΙ§,Ό‹{s,bq‰€’¬,2021[sanitize]01[sanitize]25,21,‚»‚Μ‘Ό,’“Τi—Φjκ,ƒ^ƒCƒ„EƒzƒC[ƒ‹
ή“,•”•i‚Λ‚η‚Ά,bq‰€,¬Ό,282049,•ΊΙ§,Ό‹{s,γ–Β”φ’¬,2021[sanitize]06[sanitize]04,04,‚»‚Μ‘Ό,’“Τi—Φjκ,ƒiƒ“ƒo[ƒvƒ[ƒg
ή“,•”•i‚Λ‚η‚Ά,bq‰€,¬Ό,282049,•ΊΙ§,Ό‹{s,¬Ό“μ’¬‚P’–Ϊ,2021[sanitize]10[sanitize]08,15,‚»‚Μ‘Ό‚ΜZ‘ξi‚RK‚ΔΘ‰Ί‹¤“―Z‘ξ“™j,’“Τi—Φjκ,‚»‚Μ‘Ό
ή“,•”•i‚Λ‚η‚Ά,bq‰€,¬Ό,282049,•ΊΙ§,Ό‹{s,—Ά’†’¬‚R’–Ϊ,2021[sanitize]06[sanitize]15,09,‚»‚Μ‘Ό,’“Τi—Φjκ,‚»‚Μ‘Ό
ή“,•”•i‚Λ‚η‚Ά,bq‰€,}μ,282049,•ΊΙ§,Ό‹{s,}μ’¬,2021[sanitize]04[sanitize]24,02,‚SK‚ΔΘγ‹¤“―Z‘ξ,’“Τi—Φjκ,ƒiƒ“ƒo[ƒvƒ[ƒg
ή“,•”•i‚Λ‚η‚Ά,bq‰€,‰Y•—,282049,•ΊΙ§,Ό‹{s,bq‰€t•—’¬,2021[sanitize]01[sanitize]29,14,‚SK‚ΔΘγ‹¤“―Z‘ξ,’“Τi—Φjκ,‚»‚Μ‘Ό
ή“,•”•i‚Λ‚η‚Ά,bq‰€,‚{,282049,•ΊΙ§,Ό‹{s,‚{’¬‚P’–Ϊ,2021[sanitize]04[sanitize]29,21,‚SK‚ΔΘγ‹¤“―Z‘ξ,‚»‚Μ‘Ό,‚»‚Μ‘Ό
ή“,•”•i‚Λ‚η‚Ά,bq‰€,‚{,282049,•ΊΙ§,Ό‹{s,‚{’¬‚P’–Ϊ,2021[sanitize]08[sanitize]27,13,‚SK‚ΔΘγ‹¤“―Z‘ξ,’“Τi—Φjκ,‚»‚Μ‘Ό
ή“,•”•i‚Λ‚η‚Ά,bq‰€,‚{,282049,•ΊΙ§,Ό‹{s,‚{’¬‚P’–Ϊ,2021[sanitize]12[sanitize]13,13,‚SK‚ΔΘγ‹¤“―Z‘ξ,’“Τi—Φjκ,ƒiƒ“ƒo[ƒvƒ[ƒg
ή“,•”•i‚Λ‚η‚Ά,bq‰€,‚{,282049,•ΊΙ§,Ό‹{s,‚{’¬‚P’–Ϊ,2021[sanitize]12[sanitize]14,14,‚SK‚ΔΘγ‹¤“―Z‘ξ,’“Τi—Φjκ,ƒiƒ“ƒo[ƒvƒ[ƒg
ή“,•”•i‚Λ‚η‚Ά,bq‰€,‚{,282049,•ΊΙ§,Ό‹{s,‚{’¬‚Q’–Ϊ,2015[sanitize]11[sanitize]01,00,‚SK‚ΔΘγ‹¤“―Z‘ξ,’“Τi—Φjκ,ƒiƒ“ƒo[ƒvƒ[ƒg
ή“,•”•i‚Λ‚η‚Ά,bq‰€,‚{,282049,•ΊΙ§,Ό‹{s,‚{’¬‚Q’–Ϊ,2021[sanitize]02[sanitize]01,12,‚SK‚ΔΘγ‹¤“―Z‘ξ,’“Τi—Φjκ,ƒiƒ“ƒo[ƒvƒ[ƒg
ή“,•”•i‚Λ‚η‚Ά,bq‰€,‚{,282049,•ΊΙ§,Ό‹{s,‚{’¬‚Q’–Ϊ,2021[sanitize]10[sanitize]21,23,‚SK‚ΔΘγ‹¤“―Z‘ξ,’“Τi—Φjκ,‚»‚Μ‘Ό
ή“,•”•i‚Λ‚η‚Ά,“ςθ“μ,ƒZƒ“ƒ^[ƒv[ƒ‹‘O,282022,•ΊΙ§,“ςθs,’“Ώ‰@‚Q’–Ϊ,2021[sanitize]10[sanitize]21,21,’“Τi—Φjκ,’“Τi—Φjκ,ƒiƒ“ƒo[ƒvƒ[ƒg
ή“,•”•i‚Λ‚η‚Ά,“ςθ“μ,ƒZƒ“ƒ^[ƒv[ƒ‹‘O,282022,•ΊΙ§,“ςθs,“ΉΣ’¬‚S’–Ϊ,2021[sanitize]06[sanitize]11,08,’“Τi—Φjκ,’“Τi—Φjκ,‚»‚Μ‘Ό
ή“,•”•i‚Λ‚η‚Ά,“ςθ“μ,ƒZƒ“ƒ^[ƒv[ƒ‹‘O,282022,•ΊΙ§,“ςθs,–Hμ’¬,2021[sanitize]02[sanitize]24,19,‚»‚Μ‘Ό,‚»‚Μ‘Ό,‚»‚Μ‘Ό
ή“,•”•i‚Λ‚η‚Ά,“ςθ“μ,ƒZƒ“ƒ^[ƒv[ƒ‹‘O,282022,•ΊΙ§,“ςθs,–Hμ’¬,2021[sanitize]07[sanitize]25,18,‚SK‚ΔΘγ‹¤“―Z‘ξ,‚»‚Μ‘Ό,‚»‚Μ‘Ό
ή“,•”•i‚Λ‚η‚Ά,“ςθ“μ,ƒZƒ“ƒ^[ƒv[ƒ‹‘O,282022,•ΊΙ§,“ςθs,‘ε―Ό’¬‚P’–Ϊ,2021[sanitize]03[sanitize]09,09,‚SK‚ΔΘγ‹¤“―Z‘ξ,’“Τi—Φjκ,‚»‚Μ‘Ό
ή“,•”•i‚Λ‚η‚Ά,“ςθ“μ,ƒZƒ“ƒ^[ƒv[ƒ‹‘O,282022,•ΊΙ§,“ςθs,‘ε―Ό’¬‚P’–Ϊ,2021[sanitize]06[sanitize]03,06,‚»‚Μ‘Ό,’“Τi—Φjκ,‚»‚Μ‘Ό
ή“,•”•i‚Λ‚η‚Ά,“ςθ“μ,ƒZƒ“ƒ^[ƒv[ƒ‹‘O,282022,•ΊΙ§,“ςθs,‘ε―Ό’¬‚P’–Ϊ,2021[sanitize]09[sanitize]11,13,‚»‚Μ‘Ό,’“Τi—Φjκ,‚»‚Μ‘Ό
ή“,•”•i‚Λ‚η‚Ά,“ςθ“μ,µΌ,282022,•ΊΙ§,“ςθs,“μµΌ’¬‚Q’–Ϊ,2021[sanitize]11[sanitize]28,15,’“Τi—Φjκ,’“Τi—Φjκ,ƒiƒ“ƒo[ƒvƒ[ƒg
ή“,•”•i‚Λ‚η‚Ά,“ςθ“μ,µΌ,282022,•ΊΙ§,“ςθs,Ό—§‰Τ’¬‚Q’–Ϊ,2021[sanitize]02[sanitize]19,06,‚»‚Μ‘Ό‚ΜZ‘ξi‚RK‚ΔΘ‰Ί‹¤“―Z‘ξ“™j,‚»‚Μ‘Ό,‚»‚Μ‘Ό
ή“,•”•i‚Λ‚η‚Ά,“ςθ“μ,’†‰›,282022,•ΊΙ§,“ςθs,_“c’†’Κ‚Q’–Ϊ,2021[sanitize]11[sanitize]09,05,‚»‚Μ‘Ό,’“Τi—Φjκ,ƒ^ƒCƒ„EƒzƒC[ƒ‹
ή“,•”•i‚Λ‚η‚Ά,“ςθ“μ,’†‰›,282022,•ΊΙ§,“ςθs,_“c’†’Κ‚R’–Ϊ,2021[sanitize]06[sanitize]11,10,“ΉHγ,‚»‚Μ‘Ό,‚»‚Μ‘Ό
ή“,•”•i‚Λ‚η‚Ά,“ςθ“μ,’†‰›,282022,•ΊΙ§,“ςθs,Ίa’Κ‚S’–Ϊ,2021[sanitize]10[sanitize]20,11,‚»‚Μ‘Ό,’“Τi—Φjκ,‚»‚Μ‘Ό
ή“,•”•i‚Λ‚η‚Ά,“ςθ“μ,’†‰›,282022,•ΊΙ§,“ςθs,Ό–{’¬‚Q’–Ϊ,2021[sanitize]08[sanitize]31,17,‚SK‚ΔΘγ‹¤“―Z‘ξ,’“Τi—Φjκ,‚»‚Μ‘Ό
ή“,•”•i‚Λ‚η‚Ά,“ςθ“μ,’†‰›,282022,•ΊΙ§,“ςθs,“Cέ’¬,2021[sanitize]01[sanitize]23,12,‚»‚Μ‘Ό,‚»‚Μ‘Ό,‚»‚Μ‘Ό
ή“,•”•i‚Λ‚η‚Ά,“ςθ“μ,’†‰›,282022,•ΊΙ§,“ςθs,“Cέ’¬,2021[sanitize]03[sanitize]26,17,‚»‚Μ‘Ό,’“Τi—Φjκ,‚»‚Μ‘Ό
ή“,•”•i‚Λ‚η‚Ά,“ςθ“μ,³•l,282022,•ΊΙ§,“ςθs,“ΉΣ’¬‚U’–Ϊ,2021[sanitize]06[sanitize]11,19,’“Τi—Φjκ,’“Τi—Φjκ,ƒiƒ“ƒo[ƒvƒ[ƒg
ή“,•”•i‚Λ‚η‚Ά,“ςθ“μ,³•l,282022,•ΊΙ§,“ςθs,³•l’¬‚P’–Ϊ,2021[sanitize]08[sanitize]14,22,‚SK‚ΔΘγ‹¤“―Z‘ξ,’“Τi—Φjκ,ƒiƒ“ƒo[ƒvƒ[ƒg
ή“,•”•i‚Λ‚η‚Ά,“ςθ“μ,³•l,282022,•ΊΙ§,“ςθs,³•l’¬‚P’–Ϊ,2021[sanitize]08[sanitize]15,20,κΛZ‘ξ,’“Τi—Φjκ,‚»‚Μ‘Ό
ή“,•”•i‚Λ‚η‚Ά,“ςθ“μ,³•l,282022,•ΊΙ§,“ςθs,³•l’¬‚S’–Ϊ,2021[sanitize]11[sanitize]22,17,‚»‚Μ‘Ό,‚»‚Μ‘Ό,‚»‚Μ‘Ό
ή“,•”•i‚Λ‚η‚Ά,“ςθ“μ,‘ε“‡,282022,•ΊΙ§,“ςθs,ξ—t‘‘‚P’–Ϊ,2021[sanitize]03[sanitize]01,12,’“Τi—Φjκ,’“Τi—Φjκ,ƒiƒ“ƒo[ƒvƒ[ƒg
ή“,•”•i‚Λ‚η‚Ά,“ςθ“μ,‘ε“‡,282022,•ΊΙ§,“ςθs,ξ—t‘‘‚P’–Ϊ,2021[sanitize]03[sanitize]15,18,‚SK‚ΔΘγ‹¤“―Z‘ξ,’“Τi—Φjκ,‚»‚Μ‘Ό
ή“,•”•i‚Λ‚η‚Ά,“ςθ“μ,‘ε“‡,282022,•ΊΙ§,“ςθs,ξ—t‘‘‚Q’–Ϊ,2021[sanitize]05[sanitize]21,00,‚»‚Μ‘Ό‚ΜZ‘ξi‚RK‚ΔΘ‰Ί‹¤“―Z‘ξ“™j,’“Τi—Φjκ,‚»‚Μ‘Ό
ή“,•”•i‚Λ‚η‚Ά,“ςθ“μ,‘ε“‡,282022,•ΊΙ§,“ςθs,ξ—t‘‘‚Q’–Ϊ,2021[sanitize]05[sanitize]22,20,‚SK‚ΔΘγ‹¤“―Z‘ξ,’“Τi—Φjκ,ƒiƒ“ƒo[ƒvƒ[ƒg
ή“,•”•i‚Λ‚η‚Ά,“ςθ“μ,‘ε“‡,282022,•ΊΙ§,“ςθs,•l“c’¬‚S’–Ϊ,2021[sanitize]01[sanitize]26,17,‚»‚Μ‘Ό‚ΜZ‘ξi‚RK‚ΔΘ‰Ί‹¤“―Z‘ξ“™j,’“Τi—Φjκ,‚»‚Μ‘Ό
ή“,•”•i‚Λ‚η‚Ά,“ςθ“μ,‘ε“‡,282022,•ΊΙ§,“ςθs,•l“c’¬‚S’–Ϊ,2021[sanitize]01[sanitize]29,17,‚»‚Μ‘Ό‚ΜZ‘ξi‚RK‚ΔΘ‰Ί‹¤“―Z‘ξ“™j,’“Τi—Φjκ,‚»‚Μ‘Ό
ή“,•”•i‚Λ‚η‚Ά,“ςθ“μ,‘ε“‡,282022,•ΊΙ§,“ςθs,•l“c’¬‚T’–Ϊ,2021[sanitize]09[sanitize]13,20,“ΉHγ,‚»‚Μ‘Ό,ƒiƒ“ƒo[ƒvƒ[ƒg
ή“,•”•i‚Λ‚η‚Ά,“ςθ“μ,‘ε“‡,282022,•ΊΙ§,“ςθs,‘ε―–k‚T’–Ϊ,2021[sanitize]12[sanitize]04,13,’“Τi—Φjκ,’“Τi—Φjκ,ƒiƒ“ƒo[ƒvƒ[ƒg
ή“,•”•i‚Λ‚η‚Ά,“ςθ“μ,‘ε―,282022,•ΊΙ§,“ςθs,‘ε“‡‚R’–Ϊ,2021[sanitize]03[sanitize]25,16,“ΉHγ,‚»‚Μ‘Ό,‚»‚Μ‘Ό
ή“,•”•i‚Λ‚η‚Ά,“ςθ“μ,‘ε•¨,282022,•ΊΙ§,“ςθs,‘ε•¨’¬‚P’–Ϊ,2021[sanitize]11[sanitize]20,12,’“Τi—Φjκ,’“Τi—Φjκ,ƒiƒ“ƒo[ƒvƒ[ƒg
ή“,•”•i‚Λ‚η‚Ά,“ςθ“μ,‘ε•¨,282022,•ΊΙ§,“ςθs,‘ε•¨’¬‚Q’–Ϊ,2021[sanitize]06[sanitize]05,10,‚SK‚ΔΘγ‹¤“―Z‘ξ,‚»‚Μ‘Ό,‚»‚Μ‘Ό
ή“,•”•i‚Λ‚η‚Ά,“ςθ“μ,‘ε•¨,282022,•ΊΙ§,“ςθs,“‘ε•¨’¬‚P’–Ϊ,2021[sanitize]02[sanitize]15,00,’“Τi—Φjκ,’“Τi—Φjκ,ƒiƒ“ƒo[ƒvƒ[ƒg
ή“,•”•i‚Λ‚η‚Ά,“ςθ“μ,δ’ƒ‰®‹΄,282022,•ΊΙ§,“ςθs,’z’n‚T’–Ϊ,2021[sanitize]04[sanitize]28,19,‚SK‚ΔΘγ‹¤“―Z‘ξ,’“Τi—Φjκ,ƒiƒ“ƒo[ƒvƒ[ƒg
ή“,•”•i‚Λ‚η‚Ά,“ςθ“μ,Ίa’Κ,282022,•ΊΙ§,“ςθs,Ό“ο”g’¬‚R’–Ϊ,2021[sanitize]01[sanitize]15,08,‚»‚Μ‘Ό,‚»‚Μ‘Ό,ƒiƒ“ƒo[ƒvƒ[ƒg
ή“,•”•i‚Λ‚η‚Ά,“ςθ“μ,Ίa’Κ,282022,•ΊΙ§,“ςθs,““ο”g’¬‚S’–Ϊ,2021[sanitize]04[sanitize]10,10,‚»‚Μ‘Ό‚ΜZ‘ξi‚RK‚ΔΘ‰Ί‹¤“―Z‘ξ“™j,’“Τi—Φjκ,ƒiƒ“ƒo[ƒvƒ[ƒg
ή“,•”•i‚Λ‚η‚Ά,“ςθ“μ,““ο”g,282022,•ΊΙ§,“ςθs,““ο”g’¬‚S’–Ϊ,2021[sanitize]04[sanitize]09,18,’“Τi—Φjκ,’“Τi—Φjκ,ƒiƒ“ƒo[ƒvƒ[ƒg
ή“,•”•i‚Λ‚η‚Ά,“ςθ“μ,““ο”g,282022,•ΊΙ§,“ςθs,““ο”g’¬‚S’–Ϊ,2021[sanitize]07[sanitize]09,18,‚SK‚ΔΘγ‹¤“―Z‘ξ,’“Τi—Φjκ,‚»‚Μ‘Ό
ή“,•”•i‚Λ‚η‚Ά,“ςθ“μ,““ο”g,282022,•ΊΙ§,“ςθs,““ο”g’¬‚T’–Ϊ,2021[sanitize]04[sanitize]10,17,’“Τi—Φjκ,’“Τi—Φjκ,ƒiƒ“ƒo[ƒvƒ[ƒg
ή“,•”•i‚Λ‚η‚Ά,“ςθ“μ,ξ—t‘‘,282022,•ΊΙ§,“ςθs,ξ—t‘‘‚R’–Ϊ,2021[sanitize]06[sanitize]15,08,‚»‚Μ‘Ό‚ΜZ‘ξi‚RK‚ΔΘ‰Ί‹¤“―Z‘ξ“™j,’“Τi—Φjκ,‚»‚Μ‘Ό
ή“,•”•i‚Λ‚η‚Ά,“ςθ“μ,’|’J,282022,•ΊΙ§,“ςθs,‹{“ΰ’¬‚R’–Ϊ,2021[sanitize]07[sanitize]15,18,’“Τi—Φjκ,’“Τi—Φjκ,ƒiƒ“ƒo[ƒvƒ[ƒg
ή“,•”•i‚Λ‚η‚Ά,“ςθ“μ,Ό“ο”g,282022,•ΊΙ§,“ςθs,Ό“ο”g’¬‚P’–Ϊ,2020[sanitize]12[sanitize]24,00,’“Τi—Φjκ,’“Τi—Φjκ,ƒiƒ“ƒo[ƒvƒ[ƒg
ή“,•”•i‚Λ‚η‚Ά,“ςθ“μ,Ό“ο”g,282022,•ΊΙ§,“ςθs,Ό“ο”g’¬‚Q’–Ϊ,2021[sanitize]06[sanitize]09,18,’“Τi—Φjκ,’“Τi—Φjκ,ƒ^ƒCƒ„EƒzƒC[ƒ‹
ή“,•”•i‚Λ‚η‚Ά,“ςθ“μ,Ό“ο”g,282022,•ΊΙ§,“ςθs,Ό“ο”g’¬‚T’–Ϊ,2021[sanitize]03[sanitize]20,06,‚SK‚ΔΘγ‹¤“―Z‘ξ,’“Τi—Φjκ,ƒiƒ“ƒo[ƒvƒ[ƒg
ή“,•”•i‚Λ‚η‚Ά,“ςθ“μ,Ό“ο”g,282022,•ΊΙ§,“ςθs,Ό“ο”g’¬‚T’–Ϊ,2021[sanitize]06[sanitize]16,21,‚»‚Μ‘Ό‚ΜZ‘ξi‚RK‚ΔΘ‰Ί‹¤“―Z‘ξ“™j,’“Τi—Φjκ,ƒiƒ“ƒo[ƒvƒ[ƒg
ή“,•”•i‚Λ‚η‚Ά,“ςθ“μ,Ό“ο”g,282022,•ΊΙ§,“ςθs,““ο”g’¬‚Q’–Ϊ,2021[sanitize]10[sanitize]05,11,’“Τi—Φjκ,’“Τi—Φjκ,ƒiƒ“ƒo[ƒvƒ[ƒg
ή“,•”•i‚Λ‚η‚Ά,“ςθ“μ,Ό“ο”g,282022,•ΊΙ§,“ςθs,““ο”g’¬‚R’–Ϊ,2021[sanitize]03[sanitize]16,19,‚SK‚ΔΘγ‹¤“―Z‘ξ,’“Τi—Φjκ,‚»‚Μ‘Ό
ή“,•”•i‚Λ‚η‚Ά,“ςθ“μ,Ό“ο”g,282022,•ΊΙ§,“ςθs,““ο”g’¬‚R’–Ϊ,2021[sanitize]06[sanitize]08,06,‚SK‚ΔΘγ‹¤“―Z‘ξ,’“Τi—Φjκ,‚»‚Μ‘Ό
ή“,•”•i‚Λ‚η‚Ά,“ςθ“μ,Ό“ο”g,282022,•ΊΙ§,“ςθs,““ο”g’¬‚R’–Ϊ,2021[sanitize]07[sanitize]14,21,’“Τi—Φjκ,’“Τi—Φjκ,‚»‚Μ‘Ό
ή“,•”•i‚Λ‚η‚Ά,“ςθ“,ƒ‚ƒXƒƒ“‹΄,282022,•ΊΙ§,“ςθs,Λƒm“ΰ’¬‚R’–Ϊ,2020[sanitize]12[sanitize]20,10,’“Τi—Φjκ,’“Τi—Φjκ,ƒiƒ“ƒo[ƒvƒ[ƒg
ή“,•”•i‚Λ‚η‚Ά,“ςθ“,γβ•”,282022,•ΊΙ§,“ςθs,¬’†“‡‚R’–Ϊ,2021[sanitize]11[sanitize]03,17,‚SK‚ΔΘγ‹¤“―Z‘ξ,’“Τi—Φjκ,ƒiƒ“ƒo[ƒvƒ[ƒg
ή“,•”•i‚Λ‚η‚Ά,“ςθ“,γβ•”,282022,•ΊΙ§,“ςθs,α‰¤›‚R’–Ϊ,2021[sanitize]03[sanitize]06,18,’“Τi—Φjκ,’“Τi—Φjκ,ƒiƒ“ƒo[ƒvƒ[ƒg
ή“,•”•i‚Λ‚η‚Ά,“ςθ“,γβ•”,282022,•ΊΙ§,“ςθs,α‰¤›‚R’–Ϊ,2021[sanitize]07[sanitize]17,16,‚»‚Μ‘Ό,‚»‚Μ‘Ό,‚»‚Μ‘Ό
ή“,•”•i‚Λ‚η‚Ά,“ςθ“,γβ•”,282022,•ΊΙ§,“ςθs,“’Λϋ’¬‚P’–Ϊ,2021[sanitize]11[sanitize]28,18,‚SK‚ΔΘγ‹¤“―Z‘ξ,’“Τi—Φjκ,‚»‚Μ‘Ό
ή“,•”•i‚Λ‚η‚Ά,“ςθ“,γβ•”,282022,•ΊΙ§,“ςθs,δ‰€‚R’–Ϊ,2021[sanitize]06[sanitize]19,17,‚SK‚ΔΘγ‹¤“―Z‘ξ,’“Τi—Φjκ,ƒiƒ“ƒo[ƒvƒ[ƒg
ή“,•”•i‚Λ‚η‚Ά,“ςθ“,γβ•”,282022,•ΊΙ§,“ςθs,δ‰€‚R’–Ϊ,2021[sanitize]11[sanitize]20,20,‚SK‚ΔΘγ‹¤“―Z‘ξ,‚»‚Μ‘Ό,‚»‚Μ‘Ό
ή“,•”•i‚Λ‚η‚Ά,“ςθ“,‰Ίβ•”,282022,•ΊΙ§,“ςθs,‹vX’mΌ’¬‚Q’–Ϊ,2021[sanitize]02[sanitize]04,20,κΛZ‘ξ,’“Τi—Φjκ,ƒiƒ“ƒo[ƒvƒ[ƒg
ή“,•”•i‚Λ‚η‚Ά,“ςθ“,‰Ίβ•”,282022,•ΊΙ§,“ςθs,‰Ίβ•”‚R’–Ϊ,2021[sanitize]04[sanitize]07,23,‚SK‚ΔΘγ‹¤“―Z‘ξ,’“Τi—Φjκ,‚»‚Μ‘Ό
ή“,•”•i‚Λ‚η‚Ά,“ςθ“,‰Ίβ•”,282022,•ΊΙ§,“ςθs,‰Ίβ•”‚R’–Ϊ,2021[sanitize]04[sanitize]08,23,‚SK‚ΔΘγ‹¤“―Z‘ξ,’“Τi—Φjκ,‚»‚Μ‘Ό
ή“,•”•i‚Λ‚η‚Ά,“ςθ“,‰Ίβ•”,282022,•ΊΙ§,“ςθs,‰Ίβ•”‚R’–Ϊ,2021[sanitize]04[sanitize]10,20,‚SK‚ΔΘγ‹¤“―Z‘ξ,’“Τi—Φjκ,‚»‚Μ‘Ό
ή“,•”•i‚Λ‚η‚Ά,“ςθ“,‰Ίβ•”,282022,•ΊΙ§,“ςθs,‰Ίβ•”‚R’–Ϊ,2021[sanitize]04[sanitize]14,20,‚SK‚ΔΘγ‹¤“―Z‘ξ,’“Τi—Φjκ,‚»‚Μ‘Ό
ή“,•”•i‚Λ‚η‚Ά,“ςθ“,‰€“c‰w‘O,282022,•ΊΙ§,“ςθs,“‰€“c’¬‚S’–Ϊ,2021[sanitize]04[sanitize]30,13,κΛZ‘ξ,’“Τi—Φjκ,ƒiƒ“ƒo[ƒvƒ[ƒg
ή“,•”•i‚Λ‚η‚Ά,“ςθ“,“ςθ‰w‘O,282022,•ΊΙ§,“ςθs,’ª]‚P’–Ϊ,2021[sanitize]09[sanitize]23,10,‚»‚Μ‘Ό,’“Τi—Φjκ,‚»‚Μ‘Ό
ή“,•”•i‚Λ‚η‚Ά,“ςθ“,“ςθ‰w‘O,282022,•ΊΙ§,“ςθs,’·F–{’Κ‚P’–Ϊ,2021[sanitize]04[sanitize]28,11,“ΉHγ,‚»‚Μ‘Ό,‚»‚Μ‘Ό
ή“,•”•i‚Λ‚η‚Ά,“ςθ“,νυ›,282022,•ΊΙ§,“ςθs,νυ›‚Q’–Ϊ,2021[sanitize]05[sanitize]01,19,‚SK‚ΔΘγ‹¤“―Z‘ξ,’“Τi—Φjκ,ƒiƒ“ƒo[ƒvƒ[ƒg
ή“,•”•i‚Λ‚η‚Ά,“ςθ“,Y£,282022,•ΊΙ§,“ςθs,ƒP“‡,2021[sanitize]11[sanitize]12,21,’“Τi—Φjκ,’“Τi—Φjκ,ƒiƒ“ƒo[ƒvƒ[ƒg
ή“,•”•i‚Λ‚η‚Ά,“ςθ“,Y£,282022,•ΊΙ§,“ςθs,Y£–kV’¬‚Q’–Ϊ,2021[sanitize]06[sanitize]09,15,κΛZ‘ξ,’“Τi—Φjκ,ƒiƒ“ƒo[ƒvƒ[ƒg
ή“,•”•i‚Λ‚η‚Ά,“ςθ“,Y£,282022,•ΊΙ§,“ςθs,Y£–kV’¬‚R’–Ϊ,2021[sanitize]02[sanitize]14,23,κΛZ‘ξ,’“Τi—Φjκ,ƒiƒ“ƒo[ƒvƒ[ƒg
ή“,•”•i‚Λ‚η‚Ά,“ςθ“,’ª],282022,•ΊΙ§,“ςθs,’ª]‚P’–Ϊ,2021[sanitize]04[sanitize]26,10,“ΉHγ,‚»‚Μ‘Ό,‚»‚Μ‘Ό
ή“,•”•i‚Λ‚η‚Ά,“ςθ“,’ª],282022,•ΊΙ§,“ςθs,‰®‚P’–Ϊ,2021[sanitize]04[sanitize]23,14,‚SK‚ΔΘγ‹¤“―Z‘ξ,’“Τi—Φjκ,‚»‚Μ‘Ό
ή“,•”•i‚Λ‚η‚Ά,“ςθ“,’ª],282022,•ΊΙ§,“ςθs,•l‚P’–Ϊ,2021[sanitize]04[sanitize]08,08,‚SK‚ΔΘγ‹¤“―Z‘ξ,’“Τi—Φjκ,‚»‚Μ‘Ό
ή“,•”•i‚Λ‚η‚Ά,“ςθ“,’ª],282022,•ΊΙ§,“ςθs,•l‚P’–Ϊ,2021[sanitize]04[sanitize]22,09,‚»‚Μ‘Ό,’“Τi—Φjκ,‚»‚Μ‘Ό
ή“,•”•i‚Λ‚η‚Ά,“ςθ“,’ª],282022,•ΊΙ§,“ςθs,•l‚Q’–Ϊ,2021[sanitize]04[sanitize]09,16,“ΉHγ,‚»‚Μ‘Ό,‚»‚Μ‘Ό
ή“,•”•i‚Λ‚η‚Ά,“ςθ“,_θ,282022,•ΊΙ§,“ςθs,_θ’¬,2021[sanitize]12[sanitize]16,14,“ΉHγ,‚»‚Μ‘Ό,‚»‚Μ‘Ό
ή“,•”•i‚Λ‚η‚Ά,“ςθ“,_θ,282022,•ΊΙ§,“ςθs,Όμ‚Q’–Ϊ,2021[sanitize]10[sanitize]27,11,‚»‚Μ‘Ό‚ΜZ‘ξi‚RK‚ΔΘ‰Ί‹¤“―Z‘ξ“™j,’“Τi—Φjκ,ƒiƒ“ƒo[ƒvƒ[ƒg
ή“,•”•i‚Λ‚η‚Ά,“ςθ“,ξμ‹΄,282022,•ΊΙ§,“ςθs,Y£“μV’¬‚S’–Ϊ,2021[sanitize]02[sanitize]11,14,‚SK‚ΔΘγ‹¤“―Z‘ξ,’“Τi—Φjκ,‚»‚Μ‘Ό
ή“,•”•i‚Λ‚η‚Ά,“ςθ“,ξμ‹΄,282022,•ΊΙ§,“ςθs,’·F’†’Κ‚Q’–Ϊ,2021[sanitize]02[sanitize]27,16,’“Τi—Φjκ,’“Τi—Φjκ,ƒiƒ“ƒo[ƒvƒ[ƒg
ή“,•”•i‚Λ‚η‚Ά,“ςθ“,‹£”nκ‘O,282022,•ΊΙ§,“ςθs,“‰€“c’¬‚Q’–Ϊ,2021[sanitize]05[sanitize]05,09,“ΉHγ,‚»‚Μ‘Ό,ƒiƒ“ƒo[ƒvƒ[ƒg
ή“,•”•i‚Λ‚η‚Ά,“ςθ“,‹£”nκ‘O,282022,•ΊΙ§,“ςθs,“‰€“c’¬‚Q’–Ϊ,2021[sanitize]05[sanitize]07,18,κΛZ‘ξ,’“Τi—Φjκ,ƒiƒ“ƒo[ƒvƒ[ƒg
ή“,•”•i‚Λ‚η‚Ά,“ςθ“,‹£”nκ‘O,282022,•ΊΙ§,“ςθs,“‰€“c’¬‚Q’–Ϊ,2021[sanitize]07[sanitize]31,09,’“Τi—Φjκ,’“Τi—Φjκ,ƒiƒ“ƒo[ƒvƒ[ƒg
ή“,•”•i‚Λ‚η‚Ά,“ςθ“,Ό’·F,282022,•ΊΙ§,“ςθs,Ό’·F’¬‚P’–Ϊ,2021[sanitize]12[sanitize]21,19,‚»‚Μ‘Ό,’“Τi—Φjκ,‚»‚Μ‘Ό
ή“,•”•i‚Λ‚η‚Ά,“ςθ“,’·F,282022,•ΊΙ§,“ςθs,‹ΰy›’¬‚Q’–Ϊ,2021[sanitize]02[sanitize]09,18,’“Τi—Φjκ,’“Τi—Φjκ,ƒiƒ“ƒo[ƒvƒ[ƒg
ή“,•”•i‚Λ‚η‚Ά,“ςθ“,H–,282022,•ΊΙ§,“ςθs,’––Ό›‚Q’–Ϊ,2021[sanitize]11[sanitize]13,15,‚»‚Μ‘Ό‚ΜZ‘ξi‚RK‚ΔΘ‰Ί‹¤“―Z‘ξ“™j,’“Τi—Φjκ,ƒiƒ“ƒo[ƒvƒ[ƒg
ή“,•”•i‚Λ‚η‚Ά,“ςθ“,H–,282022,•ΊΙ§,“ςθs,’––Ό›‚Q’–Ϊ,2021[sanitize]11[sanitize]13,23,’“Τi—Φjκ,’“Τi—Φjκ,ƒiƒ“ƒo[ƒvƒ[ƒg
ή“,•”•i‚Λ‚η‚Ά,“ςθ“,H–,282022,•ΊΙ§,“ςθs,ϋ“c’†‚P’–Ϊ,2021[sanitize]01[sanitize]20,18,‚SK‚ΔΘγ‹¤“―Z‘ξ,’“Τi—Φjκ,‚»‚Μ‘Ό
ή“,•”•i‚Λ‚η‚Ά,“ςθ“,H–,282022,•ΊΙ§,“ςθs,ϋ“c’†‚P’–Ϊ,2021[sanitize]05[sanitize]06,23,‚SK‚ΔΘγ‹¤“―Z‘ξ,’“Τi—Φjκ,‚»‚Μ‘Ό
ή“,•”•i‚Λ‚η‚Ά,“ςθ“,H–,282022,•ΊΙ§,“ςθs,“μ΄…,2021[sanitize]10[sanitize]10,09,‚SK‚ΔΘγ‹¤“―Z‘ξ,’“Τi—Φjκ,‚»‚Μ‘Ό
ή“,•”•i‚Λ‚η‚Ά,“ςθ“,H–,282022,•ΊΙ§,“ςθs,H–‚P’–Ϊ,2021[sanitize]01[sanitize]11,21,’“Τi—Φjκ,’“Τi—Φjκ,ƒiƒ“ƒo[ƒvƒ[ƒg
ή“,•”•i‚Λ‚η‚Ά,“ςθ“,H–,282022,•ΊΙ§,“ςθs,H–‚T’–Ϊ,2021[sanitize]12[sanitize]20,19,κΛZ‘ξ,’“Τi—Φjκ,ƒ^ƒCƒ„EƒzƒC[ƒ‹
ή“,•”•i‚Λ‚η‚Ά,“ςθ–k,“μ•Ι”V‘‘,282022,•ΊΙ§,“ςθs,“μ•Ι”V‘‘‚S’–Ϊ,2021[sanitize]02[sanitize]14,17,’“Τi—Φjκ,’“Τi—Φjκ,ƒiƒ“ƒo[ƒvƒ[ƒg
ή“,•”•i‚Λ‚η‚Ά,“ςθ–k,“μ•Ι”V‘‘,282022,•ΊΙ§,“ςθs,“μ•Ι”V‘‘‚S’–Ϊ,2021[sanitize]02[sanitize]21,18,’“Τi—Φjκ,’“Τi—Φjκ,ƒiƒ“ƒo[ƒvƒ[ƒg
ή“,•”•i‚Λ‚η‚Ά,“ςθ–k,“μ•Ι”V‘‘,282022,•ΊΙ§,“ςθs,“μ•Ι”V‘‘‚V’–Ϊ,2021[sanitize]02[sanitize]13,16,’“Τi—Φjκ,’“Τi—Φjκ,ƒiƒ“ƒo[ƒvƒ[ƒg
ή“,•”•i‚Λ‚η‚Ά,“ςθ–k,“μ•Ι”V‘‘,282022,•ΊΙ§,“ςθs,“μ•Ι”V‘‘‚W’–Ϊ,2021[sanitize]04[sanitize]02,21,‚»‚Μ‘Ό‚ΜZ‘ξi‚RK‚ΔΘ‰Ί‹¤“―Z‘ξ“™j,’“Τi—Φjκ,‚»‚Μ‘Ό
ή“,•”•i‚Λ‚η‚Ά,“ςθ–k,“μ•Ι”V‘‘,282022,•ΊΙ§,“ςθs,“μ•Ι”V‘‘‚P‚O’–Ϊ,2021[sanitize]02[sanitize]08,04,‚SK‚ΔΘγ‹¤“―Z‘ξ,’“Τi—Φjκ,‚»‚Μ‘Ό
ή“,•”•i‚Λ‚η‚Ά,“ςθ–k,“μ•Ι”V‘‘,282022,•ΊΙ§,“ςθs,“μ•Ι”V‘‘‚P‚O’–Ϊ,2021[sanitize]02[sanitize]12,20,‚SK‚ΔΘγ‹¤“―Z‘ξ,’“Τi—Φjκ,ƒiƒ“ƒo[ƒvƒ[ƒg
ή“,•”•i‚Λ‚η‚Ά,“ςθ–k,“μ•Ι”V‘‘,282022,•ΊΙ§,“ςθs,“μ•Ι”V‘‘‚P‚O’–Ϊ,2021[sanitize]07[sanitize]03,23,‚SK‚ΔΘγ‹¤“―Z‘ξ,’“Τi—Φjκ,‚»‚Μ‘Ό
ή“,•”•i‚Λ‚η‚Ά,“ςθ–k,’ΛϋΌ,282022,•ΊΙ§,“ςθs,’Λϋ’¬‚P’–Ϊ,2021[sanitize]03[sanitize]27,19,’“Τi—Φjκ,’“Τi—Φjκ,ƒiƒ“ƒo[ƒvƒ[ƒg
ή“,•”•i‚Λ‚η‚Ά,“ςθ–k,”φ•l,282022,•ΊΙ§,“ςθs,”φ•l’¬‚R’–Ϊ,2021[sanitize]10[sanitize]23,19,’“Τi—Φjκ,’“Τi—Φjκ,‚»‚Μ‘Ό
ή“,•”•i‚Λ‚η‚Ά,“ςθ–k,”φ•l,282022,•ΊΙ§,“ςθs,“μ’Λϋ’¬‚T’–Ϊ,2021[sanitize]02[sanitize]24,15,’“Τi—Φjκ,’“Τi—Φjκ,ƒiƒ“ƒo[ƒvƒ[ƒg
ή“,•”•i‚Λ‚η‚Ά,“ςθ–k,”φ•l,282022,•ΊΙ§,“ςθs,“μ’Λϋ’¬‚U’–Ϊ,2021[sanitize]09[sanitize]06,16,‚»‚Μ‘Ό‚ΜZ‘ξi‚RK‚ΔΘ‰Ί‹¤“―Z‘ξ“™j,’“Τi—Φjκ,‚»‚Μ‘Ό
ή“,•”•i‚Λ‚η‚Ά,“ςθ–k,”φ•l,282022,•ΊΙ§,“ςθs,–Ό_’¬‚P’–Ϊ,2021[sanitize]12[sanitize]21,21,’“Τi—Φjκ,’“Τi—Φjκ,‚»‚Μ‘Ό
ή“,•”•i‚Λ‚η‚Ά,“ςθ–k,”φ•l,282022,•ΊΙ§,“ςθs,–Ό_’¬‚Q’–Ϊ,2021[sanitize]05[sanitize]14,21,’“Τi—Φjκ,’“Τi—Φjκ,‚»‚Μ‘Ό
ή“,•”•i‚Λ‚η‚Ά,“ςθ–k,”φ•l,282022,•ΊΙ§,“ςθs,–Ό_’¬‚Q’–Ϊ,2021[sanitize]10[sanitize]04,11,‚»‚Μ‘Ό‚ΜZ‘ξi‚RK‚ΔΘ‰Ί‹¤“―Z‘ξ“™j,’“Τi—Φjκ,‚»‚Μ‘Ό
ή“,•”•i‚Λ‚η‚Ά,“ςθ–k,•Ι”V‘‘,282022,•ΊΙ§,“ςθs,•Ι”V‘‘Ό‚Q’–Ϊ,2021[sanitize]03[sanitize]10,21,‚»‚Μ‘Ό‚ΜZ‘ξi‚RK‚ΔΘ‰Ί‹¤“―Z‘ξ“™j,’“Τi—Φjκ,‚»‚Μ‘Ό
ή“,•”•i‚Λ‚η‚Ά,“ςθ–k,•Ι”V‘‘,282022,•ΊΙ§,“ςθs,•Ι”V‘‘“‚P’–Ϊ,2021[sanitize]07[sanitize]03,18,‚»‚Μ‘Ό‚ΜZ‘ξi‚RK‚ΔΘ‰Ί‹¤“―Z‘ξ“™j,’“Τi—Φjκ,ƒiƒ“ƒo[ƒvƒ[ƒg
ή“,•”•i‚Λ‚η‚Ά,“ςθ–k,•Ι”V‘‘,282022,•ΊΙ§,“ςθs,•Ι”V‘‘“‚P’–Ϊ,2021[sanitize]11[sanitize]14,12,‚SK‚ΔΘγ‹¤“―Z‘ξ,’“Τi—Φjκ,ƒiƒ“ƒo[ƒvƒ[ƒg
ή“,•”•i‚Λ‚η‚Ά,“ςθ–k,¶“‡,282022,•ΊΙ§,“ςθs,“μ’Λϋ’¬‚V’–Ϊ,2021[sanitize]06[sanitize]21,19,‚SK‚ΔΘγ‹¤“―Z‘ξ,’“Τi—Φjκ,ƒ^ƒCƒ„EƒzƒC[ƒ‹
ή“,•”•i‚Λ‚η‚Ά,“ςθ–k,¶“‡,282022,•ΊΙ§,“ςθs,“μ•Ι”V‘‘‚Q’–Ϊ,2021[sanitize]03[sanitize]30,12,“ΉHγ,‚»‚Μ‘Ό,ƒ^ƒCƒ„EƒzƒC[ƒ‹
ή“,•”•i‚Λ‚η‚Ά,“ςθ–k,¶“‡,282022,•ΊΙ§,“ςθs,γƒm“‡’¬‚P’–Ϊ,2021[sanitize]01[sanitize]13,17,‚»‚Μ‘Ό,’“Τi—Φjκ,‚»‚Μ‘Ό
ή“,•”•i‚Λ‚η‚Ά,“ςθ–k,¶“‡,282022,•ΊΙ§,“ςθs,γƒm“‡’¬‚P’–Ϊ,2021[sanitize]10[sanitize]22,05,‚»‚Μ‘Ό‚ΜZ‘ξi‚RK‚ΔΘ‰Ί‹¤“―Z‘ξ“™j,’“Τi—Φjκ,ƒiƒ“ƒo[ƒvƒ[ƒg
ή“,•”•i‚Λ‚η‚Ά,“ςθ–k,¶“‡,282022,•ΊΙ§,“ςθs,γƒm“‡’¬‚Q’–Ϊ,2021[sanitize]06[sanitize]23,16,‚»‚Μ‘Ό,’“Τi—Φjκ,‚»‚Μ‘Ό
ή“,•”•i‚Λ‚η‚Ά,“ςθ–k,¶“‡,282022,•ΊΙ§,“ςθs,γƒm“‡’¬‚R’–Ϊ,2021[sanitize]04[sanitize]21,18,‚»‚Μ‘Ό‚ΜZ‘ξi‚RK‚ΔΘ‰Ί‹¤“―Z‘ξ“™j,‚»‚Μ‘Ό,‚»‚Μ‘Ό
ή“,•”•i‚Λ‚η‚Ά,“ςθ–k,¶“‡,282022,•ΊΙ§,“ςθs,IR’¬‚Q’–Ϊ,2021[sanitize]08[sanitize]31,08,‚SK‚ΔΘγ‹¤“―Z‘ξ,’“Τi—Φjκ,‚»‚Μ‘Ό
ή“,•”•i‚Λ‚η‚Ά,“ςθ–k,—§‰Τ‰w‘O,282022,•ΊΙ§,“ςθs,O”½“c’¬‚Q’–Ϊ,2021[sanitize]04[sanitize]27,18,κΛZ‘ξ,’“Τi—Φjκ,‚»‚Μ‘Ό
ή“,•”•i‚Λ‚η‚Ά,“ςθ–k,—§‰Τ‰w‘O,282022,•ΊΙ§,“ςθs,—§‰Τ’¬‚P’–Ϊ,2021[sanitize]02[sanitize]19,14,‚»‚Μ‘Ό‚ΜZ‘ξi‚RK‚ΔΘ‰Ί‹¤“―Z‘ξ“™j,‚»‚Μ‘Ό,‚»‚Μ‘Ό
ή“,•”•i‚Λ‚η‚Ά,“ςθ–k,—§‰Τ‰w‘O,282022,•ΊΙ§,“ςθs,—§‰Τ’¬‚P’–Ϊ,2021[sanitize]07[sanitize]09,20,’“Τi—Φjκ,’“Τi—Φjκ,‚»‚Μ‘Ό
ή“,•”•i‚Λ‚η‚Ά,“ςθ–k,—§‰Τ‰w‘O,282022,•ΊΙ§,“ςθs,—§‰Τ’¬‚P’–Ϊ,2021[sanitize]11[sanitize]24,15,’“Τi—Φjκ,’“Τi—Φjκ,ƒ^ƒCƒ„EƒzƒC[ƒ‹
ή“,•”•i‚Λ‚η‚Ά,“ςθ–k,—§‰Τ‰w‘O,282022,•ΊΙ§,“ςθs,…“°’¬‚Q’–Ϊ,2021[sanitize]09[sanitize]24,18,‚SK‚ΔΘγ‹¤“―Z‘ξ,’“Τi—Φjκ,‚»‚Μ‘Ό
ή“,•”•i‚Λ‚η‚Ά,“ςθ–k,—§‰Τ‰w‘O,282022,•ΊΙ§,“ςθs,…“°’¬‚R’–Ϊ,2021[sanitize]12[sanitize]04,17,‚SK‚ΔΘγ‹¤“―Z‘ξ,’“Τi—Φjκ,‚»‚Μ‘Ό
ή“,•”•i‚Λ‚η‚Ά,“ςθ–k,—§‰Τ‰w‘O,282022,•ΊΙ§,“ςθs,“μ•Ι”V‘‘‚Q’–Ϊ,2021[sanitize]11[sanitize]08,18,‚»‚Μ‘Ό,’“Τi—Φjκ,‚»‚Μ‘Ό
ή“,•”•i‚Λ‚η‚Ά,“ςθ–k,—§‰Τ‰w‘O,282022,•ΊΙ§,“ςθs,“μ•Ι”V‘‘‚R’–Ϊ,2021[sanitize]01[sanitize]13,19,‚SK‚ΔΘγ‹¤“―Z‘ξ,’“Τi—Φjκ,‚»‚Μ‘Ό
ή“,•”•i‚Λ‚η‚Ά,“ςθ–k,Ό©—z,282022,•ΊΙ§,“ςθs,•Ι”V‘‘‚X’–Ϊ,2021[sanitize]07[sanitize]24,21,’“Τi—Φjκ,’“Τi—Φjκ,ƒiƒ“ƒo[ƒvƒ[ƒg
ή“,•”•i‚Λ‚η‚Ά,“ςθ–k,Ό•Ι,282022,•ΊΙ§,“ςθs,ν‹g‚Q’–Ϊ,2021[sanitize]06[sanitize]17,11,κΛZ‘ξ,‚»‚Μ‘Ό,‚»‚Μ‘Ό
ή“,•”•i‚Λ‚η‚Ά,“ςθ–k,γ‹}’Λϋ‰w‘O,282022,•ΊΙ§,“ςθs,“μ’Λϋ’¬‚Q’–Ϊ,2021[sanitize]04[sanitize]15,18,‚»‚Μ‘Ό,’“Τi—Φjκ,‚»‚Μ‘Ό
ή“,•”•i‚Λ‚η‚Ά,Ι’O,’†–μ,282073,•ΊΙ§,Ι’Os,’†–μΌ‚R’–Ϊ,2021[sanitize]10[sanitize]27,16,‚»‚Μ‘Ό‚ΜZ‘ξi‚RK‚ΔΘ‰Ί‹¤“―Z‘ξ“™j,’“Τi—Φjκ,‚»‚Μ‘Ό
ή“,•”•i‚Λ‚η‚Ά,Ι’O,’†–μ,282073,•ΊΙ§,Ι’Os,’†–μ“‚Q’–Ϊ,2021[sanitize]04[sanitize]25,12,‚SK‚ΔΘγ‹¤“―Z‘ξ,’“Τi—Φjκ,‚»‚Μ‘Ό
ή“,•”•i‚Λ‚η‚Ά,Ι’O,Ι’O‰w‘O,282073,•ΊΙ§,Ι’Os,Ι’O‚P’–Ϊ,2021[sanitize]02[sanitize]09,18,‚»‚Μ‘Ό,’“Τi—Φjκ,‚»‚Μ‘Ό
ή“,•”•i‚Λ‚η‚Ά,Ι’O,Ι’O‰w‘O,282073,•ΊΙ§,Ι’Os,Ι’O‚P’–Ϊ,2021[sanitize]09[sanitize]01,08,‚»‚Μ‘Ό,’“Τi—Φjκ,‚»‚Μ‘Ό
ή“,•”•i‚Λ‚η‚Ά,Ι’O,–k‘Ί,282073,•ΊΙ§,Ι’Os,’’•¨t‚S’–Ϊ,2021[sanitize]03[sanitize]29,13,‚SK‚ΔΘγ‹¤“―Z‘ξ,’“Τi—Φjκ,ƒiƒ“ƒo[ƒvƒ[ƒg
ή“,•”•i‚Λ‚η‚Ά,Ι’O,–k‘Ί,282073,•ΊΙ§,Ι’Os,–kΙ’O‚R’–Ϊ,2021[sanitize]10[sanitize]06,15,’“Τi—Φjκ,’“Τi—Φjκ,ƒiƒ“ƒo[ƒvƒ[ƒg
ή“,•”•i‚Λ‚η‚Ά,Ι’O,–k‘Ί,282073,•ΊΙ§,Ι’Os,–k‰Ν΄‚P’–Ϊ,2021[sanitize]01[sanitize]15,07,’“Τi—Φjκ,’“Τi—Φjκ,‚»‚Μ‘Ό
ή“,•”•i‚Λ‚η‚Ά,Ι’O,©—z,282073,•ΊΙ§,Ι’Os,©—z–k‚P’–Ϊ,2021[sanitize]11[sanitize]05,20,‚»‚Μ‘Ό,’“Τi—Φjκ,ƒiƒ“ƒo[ƒvƒ[ƒg
ή“,•”•i‚Λ‚η‚Ά,Ι’O,©—z,282073,•ΊΙ§,Ι’Os,η‘m‚U’–Ϊ,2021[sanitize]02[sanitize]24,17,‚»‚Μ‘Ό,’“Τi—Φjκ,‚»‚Μ‘Ό
ή“,•”•i‚Λ‚η‚Ά,Ι’O,©—z,282073,•ΊΙ§,Ι’Os,©—z“‚S’–Ϊ,2021[sanitize]10[sanitize]31,16,‚»‚Μ‘Ό,’“Τi—Φjκ,‚»‚Μ‘Ό
ή“,•”•i‚Λ‚η‚Ά,Ι’O,©—zƒm—Ά,282073,•ΊΙ§,Ι’Os,’rK‚P’–Ϊ,2021[sanitize]08[sanitize]31,16,‚»‚Μ‘Ό,’“Τi—Φjκ,‚»‚Μ‘Ό
ή“,•”•i‚Λ‚η‚Ά,Ι’O,©—zƒm—Ά,282073,•ΊΙ§,Ι’Os,’rK‚R’–Ϊ,2021[sanitize]11[sanitize]20,09,κΛZ‘ξ,‚»‚Μ‘Ό,ƒiƒ“ƒo[ƒvƒ[ƒg
ή“,•”•i‚Λ‚η‚Ά,Ι’O,©—zƒm—Ά,282073,•ΊΙ§,Ι’Os,’rK‚U’–Ϊ,2021[sanitize]03[sanitize]03,18,‚SK‚ΔΘγ‹¤“―Z‘ξ,’“Τi—Φjκ,ƒiƒ“ƒo[ƒvƒ[ƒg
ή“,•”•i‚Λ‚η‚Ά,Ι’O,©—zƒm—Ά,282073,•ΊΙ§,Ι’Os,›–{‚R’–Ϊ,2021[sanitize]06[sanitize]22,20,κΛZ‘ξ,’“Τi—Φjκ,‚»‚Μ‘Ό
ή“,•”•i‚Λ‚η‚Ά,Ι’O,©—zƒm—Ά,282073,•ΊΙ§,Ι’Os,›–{‚S’–Ϊ,2021[sanitize]04[sanitize]05,12,’“Τi—Φjκ,’“Τi—Φjκ,ƒiƒ“ƒo[ƒvƒ[ƒg
ή“,•”•i‚Λ‚η‚Ά,Ι’O,©—zƒm—Ά,282073,•ΊΙ§,Ι’Os,›–{‚S’–Ϊ,2021[sanitize]04[sanitize]27,17,‚SK‚ΔΘγ‹¤“―Z‘ξ,’“Τi—Φjκ,ƒiƒ“ƒo[ƒvƒ[ƒg
ή“,•”•i‚Λ‚η‚Ά,Ι’O,©—zƒm—Ά,282073,•ΊΙ§,Ι’Os,›–{‚S’–Ϊ,2021[sanitize]06[sanitize]24,13,‚SK‚ΔΘγ‹¤“―Z‘ξ,’“Τi—Φjκ,ƒiƒ“ƒo[ƒvƒ[ƒg
ή“,•”•i‚Λ‚η‚Ά,Ι’O,©—zƒm—Ά,282073,•ΊΙ§,Ι’Os,›–{‚T’–Ϊ,2021[sanitize]05[sanitize]07,01,‚»‚Μ‘Ό‚ΜZ‘ξi‚RK‚ΔΘ‰Ί‹¤“―Z‘ξ“™j,’“Τi—Φjκ,‚»‚Μ‘Ό
ή“,•”•i‚Λ‚η‚Ά,Ι’O,©—zƒm—Ά,282073,•ΊΙ§,Ι’Os,R“c‚S’–Ϊ,2021[sanitize]08[sanitize]03,13,’“Τi—Φjκ,’“Τi—Φjκ,ƒiƒ“ƒo[ƒvƒ[ƒg
ή“,•”•i‚Λ‚η‚Ά,Ι’O,©—zƒm—Ά,282073,•ΊΙ§,Ι’Os,©—z“μ‚T’–Ϊ,2021[sanitize]03[sanitize]22,11,‚»‚Μ‘Ό,’“Τi—Φjκ,‚»‚Μ‘Ό
ή“,•”•i‚Λ‚η‚Ά,Ι’O,_’Γ,282073,•ΊΙ§,Ι’Os,ϋπδ‚Q’–Ϊ,2021[sanitize]05[sanitize]13,21,‚»‚Μ‘Ό,’“Τi—Φjκ,ƒiƒ“ƒo[ƒvƒ[ƒg
ή“,•”•i‚Λ‚η‚Ά,Ι’O,ξ–μ,282073,•ΊΙ§,Ι’Os,δθ’Λ‚R’–Ϊ,2021[sanitize]06[sanitize]07,19,‚»‚Μ‘Ό‚ΜZ‘ξi‚RK‚ΔΘ‰Ί‹¤“―Z‘ξ“™j,’“Τi—Φjκ,‚»‚Μ‘Ό
ή“,•”•i‚Λ‚η‚Ά,Ι’O,—Ξƒ–‹u,282073,•ΊΙ§,Ι’Os,•δ’¬‚Q’–Ϊ,2021[sanitize]09[sanitize]20,15,‚»‚Μ‘Ό‚ΜZ‘ξi‚RK‚ΔΘ‰Ί‹¤“―Z‘ξ“™j,’“Τi—Φjκ,ƒiƒ“ƒo[ƒvƒ[ƒg
ή“,•”•i‚Λ‚η‚Ά,Ι’O,—Ξƒ–‹u,282073,•ΊΙ§,Ι’Os,—ΞƒP‹u‚P’–Ϊ,2021[sanitize]04[sanitize]07,16,’“Τi—Φjκ,’“Τi—Φjκ,‚»‚Μ‘Ό
ή“,•”•i‚Λ‚η‚Ά,Ι’O,r–q,282073,•ΊΙ§,Ι’Os,r–q‚T’–Ϊ,2021[sanitize]07[sanitize]21,16,‚SK‚ΔΘγ‹¤“―Z‘ξ,’“Τi—Φjκ,‚»‚Μ‘Ό
ή“,•”•i‚Λ‚η‚Ά,Ι’O,r–q,282073,•ΊΙ§,Ι’Os,–k–μ‚P’–Ϊ,2021[sanitize]03[sanitize]25,09,‚SK‚ΔΘγ‹¤“―Z‘ξ,’“Τi—Φjκ,‚»‚Μ‘Ό
ή“,•”•i‚Λ‚η‚Ά,Ι’O,r–q,282073,•ΊΙ§,Ι’Os,–k–μ‚U’–Ϊ,2021[sanitize]05[sanitize]19,10,’“Τi—Φjκ,’“Τi—Φjκ,ƒiƒ“ƒo[ƒvƒ[ƒg
ή“,•”•i‚Λ‚η‚Ά,Ι’O,r–q,282073,•ΊΙ§,Ι’Os,ƒ’r‚P’–Ϊ,2021[sanitize]11[sanitize]26,18,‚»‚Μ‘Ό,’“Τi—Φjκ,‚»‚Μ‘Ό
ή“,•”•i‚Λ‚η‚Ά,Ι’O,r–q,282073,•ΊΙ§,Ι’Os,ƒ’r‚R’–Ϊ,2021[sanitize]05[sanitize]19,14,’“Τi—Φjκ,’“Τi—Φjκ,ƒiƒ“ƒo[ƒvƒ[ƒg
ή“,•”•i‚Λ‚η‚Ά,Ι’O,r–q,282073,•ΊΙ§,Ι’Os,r–q“μ‚R’–Ϊ,2021[sanitize]05[sanitize]19,15,‚»‚Μ‘Ό‚ΜZ‘ξi‚RK‚ΔΘ‰Ί‹¤“―Z‘ξ“™j,’“Τi—Φjκ,ƒiƒ“ƒo[ƒvƒ[ƒg
ή“,•”•i‚Λ‚η‚Ά,Ι’O,–μΤ,282073,•ΊΙ§,Ι’Os,ΐ“°›’¬‚U’–Ϊ,2021[sanitize]02[sanitize]06,09,‚SK‚ΔΘγ‹¤“―Z‘ξ,’“Τi—Φjκ,‚»‚Μ‘Ό
ή“,•”•i‚Λ‚η‚Ά,Ι’O,–μΤ,282073,•ΊΙ§,Ι’Os,–μΤ‚P’–Ϊ,2021[sanitize]06[sanitize]05,12,‚»‚Μ‘Ό,’“Τi—Φjκ,‚»‚Μ‘Ό
ή“,•”•i‚Λ‚η‚Ά,Ι’O,γ‹}‰w‘O,282073,•ΊΙ§,Ι’Os,sξ’¬‚P’–Ϊ,2021[sanitize]12[sanitize]20,21,κΛZ‘ξ,’“Τi—Φjκ,ƒiƒ“ƒo[ƒvƒ[ƒg
ή“,•”•i‚Λ‚η‚Ά,Ι’O,γ‹}‰w‘O,282073,•ΊΙ§,Ι’Os,’†‰›‚S’–Ϊ,2021[sanitize]10[sanitize]05,20,‚SK‚ΔΘγ‹¤“―Z‘ξ,’“Τi—Φjκ,‚»‚Μ‘Ό
ή“,•”•i‚Λ‚η‚Ά,Ι’O,γ‹}‰w‘O,282073,•ΊΙ§,Ι’Os,Ό‘δ‚R’–Ϊ,2021[sanitize]07[sanitize]03,13,“ΉHγ,‚»‚Μ‘Ό,‚»‚Μ‘Ό
ή“,•”•i‚Λ‚η‚Ά,Ι’O,γ‹}‰w‘O,282073,•ΊΙ§,Ι’Os,©—z“‚Q’–Ϊ,2021[sanitize]04[sanitize]19,12,κΛZ‘ξ,’“Τi—Φjκ,‚»‚Μ‘Ό
ή“,•”•i‚Λ‚η‚Ά,μΌ,’†‰›,282171,•ΊΙ§,μΌs,¬‰Τ‚P’–Ϊ,2021[sanitize]03[sanitize]12,05,’“Τi—Φjκ,’“Τi—Φjκ,‚»‚Μ‘Ό
ή“,•”•i‚Λ‚η‚Ά,μΌ,’†‰›,282171,•ΊΙ§,μΌs,‰h’¬,2021[sanitize]07[sanitize]18,23,“ΉHγ,‚»‚Μ‘Ό,‚»‚Μ‘Ό
ή“,•”•i‚Λ‚η‚Ά,μΌ,’†‰›,282171,•ΊΙ§,μΌs,‰h’¬,2021[sanitize]08[sanitize]01,18,‚»‚Μ‘Ό,’“Τi—Φjκ,‚»‚Μ‘Ό
ή“,•”•i‚Λ‚η‚Ά,μΌ,’†‰›,282171,•ΊΙ§,μΌs,‰h’¬,2021[sanitize]10[sanitize]23,20,‚»‚Μ‘Ό,’“Τi—Φjκ,‚»‚Μ‘Ό
ή“,•”•i‚Λ‚η‚Ά,μΌ,‹v‘γ,282171,•ΊΙ§,μΌs,‹v‘γ‚S’–Ϊ,2021[sanitize]07[sanitize]22,20,κΛZ‘ξ,’“Τi—Φjκ,ƒiƒ“ƒo[ƒvƒ[ƒg
ή“,•”•i‚Λ‚η‚Ά,μΌ,‰Α–Ξ,282171,•ΊΙ§,μΌs,‰hª‚Q’–Ϊ,2021[sanitize]03[sanitize]24,16,’“Τi—Φjκ,’“Τi—Φjκ,‚»‚Μ‘Ό
ή“,•”•i‚Λ‚η‚Ά,μΌ,‰Α–Ξ,282171,•ΊΙ§,μΌs,‰hª‚Q’–Ϊ,2021[sanitize]09[sanitize]12,18,’“Τi—Φjκ,’“Τi—Φjκ,ƒiƒ“ƒo[ƒvƒ[ƒg
ή“,•”•i‚Λ‚η‚Ά,μΌ,‘εa,282171,•ΊΙ§,μΌs,‘εaΌ‚P’–Ϊ,2021[sanitize]07[sanitize]18,20,κΛZ‘ξ,’“Τi—Φjκ,ƒiƒ“ƒo[ƒvƒ[ƒg
ή“,•”•i‚Λ‚η‚Ά,μΌ,¬‰Τ,282171,•ΊΙ§,μΌs,¬Λ‚Q’–Ϊ,2021[sanitize]11[sanitize]03,19,’“Τi—Φjκ,’“Τi—Φjκ,ƒiƒ“ƒo[ƒvƒ[ƒg
ή“,•”•i‚Λ‚η‚Ά,μΌ,“ϊ‚Μo,282171,•ΊΙ§,μΌs,¦‰„’¬,2021[sanitize]10[sanitize]03,14,‚SK‚ΔΘγ‹¤“―Z‘ξ,’“Τi—Φjκ,ƒiƒ“ƒo[ƒvƒ[ƒg
ή“,•”•i‚Λ‚η‚Ά,μΌ,“ϊ‚Μo,282171,•ΊΙ§,μΌs,oέ‰Ζ’¬,2021[sanitize]10[sanitize]07,17,‚SK‚ΔΘγ‹¤“―Z‘ξ,’“Τi—Φjκ,ƒiƒ“ƒo[ƒvƒ[ƒg
ή“,•”•i‚Λ‚η‚Ά,μΌ,“ϊ‚Μo,282171,•ΊΙ§,μΌs,”‹΄‚R’–Ϊ,2021[sanitize]07[sanitize]01,14,‚SK‚ΔΘγ‹¤“―Z‘ξ,’“Τi—Φjκ,ƒiƒ“ƒo[ƒvƒ[ƒg
ή“,•”•i‚Λ‚η‚Ά,μΌ,“ϊ‚Μo,282171,•ΊΙ§,μΌs,‰Ξ‘Ε‚P’–Ϊ,2021[sanitize]07[sanitize]16,13,‚»‚Μ‘Ό,’“Τi—Φjκ,‚»‚Μ‘Ό
ή“,•”•i‚Λ‚η‚Ά,μΌ,΄a‘δ,282171,•ΊΙ§,μΌs,΄a‘δ“‚S’–Ϊ,2021[sanitize]07[sanitize]17,07,‚SK‚ΔΘγ‹¤“―Z‘ξ,’“Τi—Φjκ,‚»‚Μ‘Ό
ή“,•”•i‚Λ‚η‚Ά,μΌ,’––Όμƒp[ƒNƒ^ƒEƒ“,283011,•ΊΙ§,’––Όμ’¬,Lª_qƒm’Ò,2021[sanitize]09[sanitize]21,10,‚»‚Μ‘Ό,‚»‚Μ‘Ό,ƒiƒ“ƒo[ƒvƒ[ƒg
ή“,•”•i‚Λ‚η‚Ά,μΌ,—Ξ‘δ,282171,•ΊΙ§,μΌs,—Ξ‘δ‚S’–Ϊ,2021[sanitize]06[sanitize]16,16,κΛZ‘ξ,’“Τi—Φjκ,ƒiƒ“ƒo[ƒvƒ[ƒg
ή“,•”•i‚Λ‚η‚Ά,•σ’Λ,‚Β‚Β‚¶ƒK‹u,282146,•ΊΙ§,•σ’Λs,‰Τ‰®•~ΌƒK‹u,2021[sanitize]06[sanitize]13,17,κΛZ‘ξ,‚»‚Μ‘Ό,ƒiƒ“ƒo[ƒvƒ[ƒg
ή“,•”•i‚Λ‚η‚Ά,•σ’Λ,‚Β‚Β‚¶ƒK‹u,282146,•ΊΙ§,•σ’Λs,‰_‹uRθ‚Q’–Ϊ,2021[sanitize]06[sanitize]21,11,κΛZ‘ξ,’“Τi—Φjκ,‚»‚Μ‘Ό
ή“,•”•i‚Λ‚η‚Ά,•σ’Λ,‚Β‚Β‚¶ƒK‹u,282146,•ΊΙ§,•σ’Λs,‚Σ‚¶ƒK‹u,2021[sanitize]03[sanitize]13,19,κΛZ‘ξ,’“Τi—Φjκ,‚»‚Μ‘Ό
ή“,•”•i‚Λ‚η‚Ά,•σ’Λ,mμ,282146,•ΊΙ§,•σ’Λs,mμ–k‚R’–Ϊ,2021[sanitize]10[sanitize]26,18,‚SK‚ΔΘγ‹¤“―Z‘ξ,’“Τi—Φjκ,ƒiƒ“ƒo[ƒvƒ[ƒg
ή“,•”•i‚Λ‚η‚Ά,•σ’Λ,ΐ‘q,282146,•ΊΙ§,•σ’Λs,ΐ‘qΌ‚R’–Ϊ,2021[sanitize]06[sanitize]04,09,‚»‚Μ‘Ό,’“Τi—Φjκ,ƒiƒ“ƒo[ƒvƒ[ƒg
ή“,•”•i‚Λ‚η‚Ά,•σ’Λ,ΐ‘q,282146,•ΊΙ§,•σ’Λs,ΐ‘qΌ‚R’–Ϊ,2021[sanitize]09[sanitize]27,08,“ΉHγ,‚»‚Μ‘Ό,‚»‚Μ‘Ό
ή“,•”•i‚Λ‚η‚Ά,•σ’Λ,ΐ‘q,282146,•ΊΙ§,•σ’Λs,ΐ‘q“μ‚Q’–Ϊ,2021[sanitize]06[sanitize]12,15,’“Τi—Φjκ,’“Τi—Φjκ,‚»‚Μ‘Ό
ή“,•”•i‚Λ‚η‚Ά,•σ’Λ,•σ’Λ‰w‘O,282146,•ΊΙ§,•σ’Λs,‰h’¬‚Q’–Ϊ,2021[sanitize]10[sanitize]29,06,’“Τi—Φjκ,’“Τi—Φjκ,‚»‚Μ‘Ό
ή“,•”•i‚Λ‚η‚Ά,•σ’Λ,¬—Ρ,282146,•ΊΙ§,•σ’Λs,ην‚R’–Ϊ,2021[sanitize]09[sanitize]12,21,κΛZ‘ξ,’“Τi—Φjκ,‚»‚Μ‘Ό
ή“,•”•i‚Λ‚η‚Ά,•σ’Λ,¬•l,282146,•ΊΙ§,•σ’Λs,•Δ’J‚P’–Ϊ,2021[sanitize]08[sanitize]27,18,‚»‚Μ‘Ό,’“Τi—Φjκ,‚»‚Μ‘Ό
ή“,•”•i‚Λ‚η‚Ά,•σ’Λ,R–{,282146,•ΊΙ§,•σ’Λs,R–{–μ—Ά‚R’–Ϊ,2021[sanitize]03[sanitize]08,07,‚SK‚ΔΘγ‹¤“―Z‘ξ,’“Τi—Φjκ,ƒ^ƒCƒ„EƒzƒC[ƒ‹
ή“,•”•i‚Λ‚η‚Ά,•σ’Λ,R–{,282146,•ΊΙ§,•σ’Λs,R–{“μ‚P’–Ϊ,2021[sanitize]09[sanitize]19,10,‚»‚Μ‘Ό‚ΜZ‘ξi‚RK‚ΔΘ‰Ί‹¤“―Z‘ξ“™j,’“Τi—Φjκ,ƒ^ƒCƒ„EƒzƒC[ƒ‹
ή“,•”•i‚Λ‚η‚Ά,•σ’Λ,•Ιμ,282146,•ΊΙ§,•σ’Λs,‚i‚S’–Ϊ,2021[sanitize]05[sanitize]19,10,’“Τi—Φjκ,’“Τi—Φjκ,‚Θ‚µ
ή“,•”•i‚Λ‚η‚Ά,•σ’Λ,‹t£μ,282146,•ΊΙ§,•σ’Λs,Ι›ru‚S’–Ϊ,2021[sanitize]08[sanitize]23,16,‚SK‚ΔΘγ‹¤“―Z‘ξ,’“Τi—Φjκ,‚»‚Μ‘Ό
ή“,•”•i‚Λ‚η‚Ά,•σ’Λ,‹t£μ,282146,•ΊΙ§,•σ’Λs,–μγ‚P’–Ϊ,2021[sanitize]08[sanitize]27,07,‚»‚Μ‘Ό,’“Τi—Φjκ,‚»‚Μ‘Ό
ή“,•”•i‚Λ‚η‚Ά,ΒR,ι“μ,282219,•ΊΙ§,’O”gΒRs,’JR,2021[sanitize]07[sanitize]26,16,’“Τi—Φjκ,’“Τi—Φjκ,‚»‚Μ‘Ό
ή“,•”•i‚Λ‚η‚Ά,ΒR,ι“μ,282219,•ΊΙ§,’O”gΒRs,^“μπ’†,2021[sanitize]11[sanitize]17,10,‚»‚Μ‘Ό,’“Τi—Φjκ,ƒiƒ“ƒo[ƒvƒ[ƒg
ή“,•”•i‚Λ‚η‚Ά,ΒR,‘επ,282219,•ΊΙ§,’O”gΒRs,‘ε“΅,2021[sanitize]11[sanitize]06,17,‚»‚Μ‘Ό‚ΜZ‘ξi‚RK‚ΔΘ‰Ί‹¤“―Z‘ξ“™j,’“Τi—Φjκ,ƒiƒ“ƒo[ƒvƒ[ƒg
ή“,•”•i‚Λ‚η‚Ά,ΒR,ΒR,282219,•ΊΙ§,’O”gΒRs,“μV’¬,2021[sanitize]08[sanitize]06,16,’“Τi—Φjκ,’“Τi—Φjκ,‚»‚Μ‘Ό
ή“,•”•i‚Λ‚η‚Ά,’O”g,²΅,282235,•ΊΙ§,’O”gs,Β_’¬‘ς–μ,2021[sanitize]06[sanitize]01,06,‚»‚Μ‘Ό,’“Τi—Φjκ,‚»‚Μ‘Ό
ή“,•”•i‚Λ‚η‚Ά,’O”g,¬Ό,282235,•ΊΙ§,’O”gs,•Xγ’¬¬Ό,2021[sanitize]11[sanitize]09,17,‚»‚Μ‘Ό,’“Τi—Φjκ,‚»‚Μ‘Ό
ή“,•”•i‚Λ‚η‚Ά,’O”g,¬Ό,282235,•ΊΙ§,’O”gs,•Xγ’¬¬Ό,2021[sanitize]12[sanitize]02,19,‚»‚Μ‘Ό,’“Τi—Φjκ,‚»‚Μ‘Ό
ή“,•”•i‚Λ‚η‚Ά,’O”g,”΄‰w‘O,282235,•ΊΙ§,’O”gs,”΄’¬•κ’Ψ,2021[sanitize]06[sanitize]22,16,κΛZ‘ξ,’“Τi—Φjκ,‚»‚Μ‘Ό
ή“,•”•i‚Λ‚η‚Ά,’O”g,”΄‰w‘O,282235,•ΊΙ§,’O”gs,”΄’¬©’·,2021[sanitize]08[sanitize]05,08,‚»‚Μ‘Ό‚ΜZ‘ξi‚RK‚ΔΘ‰Ί‹¤“―Z‘ξ“™j,’“Τi—Φjκ,ƒiƒ“ƒo[ƒvƒ[ƒg
ή“,•”•i‚Λ‚η‚Ά,’O”g,•Xγ,282235,•ΊΙ§,’O”gs,•Xγ’¬•“c,2021[sanitize]10[sanitize]02,18,‚»‚Μ‘Ό,’“Τi—Φjκ,‚»‚Μ‘Ό
ή“,•”•i‚Λ‚η‚Ά,’O”g,Ξ¶,282235,•ΊΙ§,’O”gs,•Xγ’¬Ξ¶,2021[sanitize]01[sanitize]04,10,‚»‚Μ‘Ό,’“Τi—Φjκ,ƒiƒ“ƒo[ƒvƒ[ƒg
ή“,•”•i‚Λ‚η‚Ά,’O”g,Ξ¶,282235,•ΊΙ§,’O”gs,•Xγ’¬Ξ¶,2021[sanitize]10[sanitize]06,20,‚»‚Μ‘Ό,’“Τi—Φjκ,‚»‚Μ‘Ό
ή“,•”•i‚Λ‚η‚Ά,’O”g,’J‘Ί,282235,•ΊΙ§,’O”gs,•Xγ’¬’©γ,2021[sanitize]05[sanitize]24,11,‚»‚Μ‘Ό,’“Τi—Φjκ,‚»‚Μ‘Ό
ή“,•”•i‚Λ‚η‚Ά,’O”g,’J‘Ί,282235,•ΊΙ§,’O”gs,•Xγ’¬’©γ,2021[sanitize]06[sanitize]22,09,‚»‚Μ‘Ό,’“Τi—Φjκ,‚»‚Μ‘Ό
ή“,•”•i‚Λ‚η‚Ά,–ΎΞ,‘ε‹v•Ϋ,282031,•ΊΙ§,–ΎΞs,‘ε‹v•Ϋ’¬‘εE,2021[sanitize]11[sanitize]21,19,‚»‚Μ‘Ό,’“Τi—Φjκ,ƒiƒ“ƒo[ƒvƒ[ƒg
ή“,•”•i‚Λ‚η‚Ά,–ΎΞ,‘ε‹v•Ϋ,282031,•ΊΙ§,–ΎΞs,‘ε‹v•Ϋ’¬‰w‘O‚Q’–Ϊ,2021[sanitize]10[sanitize]23,17,‚»‚Μ‘Ό,’“Τi—Φjκ,ƒiƒ“ƒo[ƒvƒ[ƒg
ή“,•”•i‚Λ‚η‚Ά,–ΎΞ,‘ε‹v•Ϋ,282031,•ΊΙ§,–ΎΞs,‘ε‹v•Ϋ’¬‰w‘O‚Q’–Ϊ,2021[sanitize]12[sanitize]05,21,’“Τi—Φjκ,’“Τi—Φjκ,ƒiƒ“ƒo[ƒvƒ[ƒg
ή“,•”•i‚Λ‚η‚Ά,–ΎΞ,‘ε‹v•Ϋ,282031,•ΊΙ§,–ΎΞs,‘ε‹v•Ϋ’¬©‚Q’–Ϊ,2021[sanitize]03[sanitize]14,08,κΛZ‘ξ,’“Τi—Φjκ,ƒiƒ“ƒo[ƒvƒ[ƒg
ή“,•”•i‚Λ‚η‚Ά,–ΎΞ,¬‹v•Ϋ,282031,•ΊΙ§,–ΎΞs,aβ,2021[sanitize]02[sanitize]14,17,‚SK‚ΔΘγ‹¤“―Z‘ξ,’“Τi—Φjκ,ƒiƒ“ƒo[ƒvƒ[ƒg
ή“,•”•i‚Λ‚η‚Ά,–ΎΞ,¬‹v•Ϋ,282031,•ΊΙ§,–ΎΞs,¬‹v•Ϋ‚Q’–Ϊ,2021[sanitize]08[sanitize]30,07,‚»‚Μ‘Ό,’“Τi—Φjκ,‚»‚Μ‘Ό
ή“,•”•i‚Λ‚η‚Ά,–ΎΞ,¬‹v•Ϋ,282031,•ΊΙ§,–ΎΞs,Ό‚Μ“ΰ‚Q’–Ϊ,2021[sanitize]08[sanitize]31,17,‚»‚Μ‘Ό,’“Τi—Φjκ,‚»‚Μ‘Ό
ή“,•”•i‚Λ‚η‚Ά,–ΎΞ,¬‹v•Ϋ,282031,•ΊΙ§,–ΎΞs,–Ύ“μ’¬‚Q’–Ϊ,2021[sanitize]09[sanitize]01,17,κΛZ‘ξ,’“Τi—Φjκ,ƒiƒ“ƒo[ƒvƒ[ƒg
ή“,•”•i‚Λ‚η‚Ά,–ΎΞ,¬‹v•Ϋ,282031,•ΊΙ§,–ΎΞs,aβ‚P’–Ϊ,2021[sanitize]08[sanitize]15,21,“ΉHγ,‚»‚Μ‘Ό,‚»‚Μ‘Ό
ή“,•”•i‚Λ‚η‚Ά,–ΎΞ,–Ύ•‘,282031,•ΊΙ§,–ΎΞs,Ό‚ª‹u‚P’–Ϊ,2021[sanitize]07[sanitize]15,21,‚SK‚ΔΘγ‹¤“―Z‘ξ,’“Τi—Φjκ,ƒ^ƒCƒ„EƒzƒC[ƒ‹
ή“,•”•i‚Λ‚η‚Ά,–ΎΞ,–Ύ•‘,282031,•ΊΙ§,–ΎΞs,Ό‚ª‹u‚Q’–Ϊ,2021[sanitize]11[sanitize]13,23,‚SK‚ΔΘγ‹¤“―Z‘ξ,’“Τi—Φjκ,‚»‚Μ‘Ό
ή“,•”•i‚Λ‚η‚Ά,–ΎΞ,–Ύ•‘,282031,•ΊΙ§,–ΎΞs,Ό‚ª‹u‚S’–Ϊ,2021[sanitize]04[sanitize]21,12,’“Τi—Φjκ,’“Τi—Φjκ,ƒJ[ƒiƒr
ή“,•”•i‚Λ‚η‚Ά,–ΎΞ,–Ύ•‘,282031,•ΊΙ§,–ΎΞs,’©–¶“’¬‚Q’–Ϊ,2021[sanitize]07[sanitize]12,17,‚»‚Μ‘Ό‚ΜZ‘ξi‚RK‚ΔΘ‰Ί‹¤“―Z‘ξ“™j,’“Τi—Φjκ,‚»‚Μ‘Ό
ή“,•”•i‚Λ‚η‚Ά,–ΎΞ,–{’¬,282031,•ΊΙ§,–ΎΞs,χ’¬,2021[sanitize]08[sanitize]06,18,‚»‚Μ‘Ό‚ΜZ‘ξi‚RK‚ΔΘ‰Ί‹¤“―Z‘ξ“™j,’“Τi—Φjκ,ƒiƒ“ƒo[ƒvƒ[ƒg
ή“,•”•i‚Λ‚η‚Ά,–ΎΞ,–{’¬,282031,•ΊΙ§,–ΎΞs,’†θ‚P’–Ϊ,2021[sanitize]12[sanitize]20,08,‚»‚Μ‘Ό,’“Τi—Φjκ,‚»‚Μ‘Ό
ή“,•”•i‚Λ‚η‚Ά,–ΎΞ,–{’¬,282031,•ΊΙ§,–ΎΞs,’†θ‚Q’–Ϊ,2021[sanitize]01[sanitize]18,16,‚SK‚ΔΘγ‹¤“―Z‘ξ,’“Τi—Φjκ,‚»‚Μ‘Ό
ή“,•”•i‚Λ‚η‚Ά,–ΎΞ,–{’¬,282031,•ΊΙ§,–ΎΞs,’†θ‚Q’–Ϊ,2021[sanitize]09[sanitize]26,04,‚»‚Μ‘Ό,‚»‚Μ‘Ό,ƒiƒ“ƒo[ƒvƒ[ƒg
ή“,•”•i‚Λ‚η‚Ά,–ΎΞ,–{’¬,282031,•ΊΙ§,–ΎΞs,–{’¬‚P’–Ϊ,2021[sanitize]12[sanitize]17,16,“ΉHγ,‚»‚Μ‘Ό,‚»‚Μ‘Ό
ή“,•”•i‚Λ‚η‚Ά,–ΎΞ,““ρ©,282031,•ΊΙ§,–ΎΞs,“ρ©’¬Ό“ρ©,2021[sanitize]07[sanitize]13,22,’“Τi—Φjκ,’“Τi—Φjκ,‚»‚Μ‘Ό
ή“,•”•i‚Λ‚η‚Ά,–ΎΞ,““ρ©,282031,•ΊΙ§,–ΎΞs,“ρ©’¬““ρ©,2021[sanitize]11[sanitize]29,18,‚SK‚ΔΘγ‹¤“―Z‘ξ,’“Τi—Φjκ,ƒiƒ“ƒo[ƒvƒ[ƒg
ή“,•”•i‚Λ‚η‚Ά,–ΎΞ,““ρ©,282031,•ΊΙ§,–ΎΞs,“ρ©’¬Ό“ρ©‰w‘O‚P’–Ϊ,2021[sanitize]10[sanitize]19,10,‚»‚Μ‘Ό,’“Τi—Φjκ,ƒiƒ“ƒo[ƒvƒ[ƒg
ή“,•”•i‚Λ‚η‚Ά,–ΎΞ,—Ρθ,282031,•ΊΙ§,–ΎΞs,‹Mθ‚R’–Ϊ,2020[sanitize]10[sanitize]10,16,‚SK‚ΔΘγ‹¤“―Z‘ξ,’“Τi—Φjκ,ƒiƒ“ƒo[ƒvƒ[ƒg
ή“,•”•i‚Λ‚η‚Ά,–ΎΞ,—Ρθ,282031,•ΊΙ§,–ΎΞs,‹Mθ‚S’–Ϊ,2021[sanitize]01[sanitize]02,19,’“Τi—Φjκ,’“Τi—Φjκ,ƒiƒ“ƒo[ƒvƒ[ƒg
ή“,•”•i‚Λ‚η‚Ά,–ΎΞ,—Ρθ,282031,•ΊΙ§,–ΎΞs,—§Ξ‚Q’–Ϊ,2021[sanitize]01[sanitize]03,01,‚SK‚ΔΘγ‹¤“―Z‘ξ,’“Τi—Φjκ,‚»‚Μ‘Ό
ή“,•”•i‚Λ‚η‚Ά,–ΎΞ,]δ“‡,282031,•ΊΙ§,–ΎΞs,‘ε‹v•Ϋ’¬Ό“‡,2021[sanitize]01[sanitize]06,17,‚»‚Μ‘Ό‚ΜZ‘ξi‚RK‚ΔΘ‰Ί‹¤“―Z‘ξ“™j,’“Τi—Φjκ,‚Θ‚µ
ή“,•”•i‚Λ‚η‚Ά,–ΎΞ,]δ“‡,282031,•ΊΙ§,–ΎΞs,‘ε‹v•Ϋ’¬Ό“‡,2021[sanitize]01[sanitize]06,21,’“Τi—Φjκ,’“Τi—Φjκ,ƒJ[ƒiƒr
ή“,•”•i‚Λ‚η‚Ά,–ΎΞ,“΅],282031,•ΊΙ§,–ΎΞs,“΅],2021[sanitize]05[sanitize]01,17,‚»‚Μ‘Ό‚ΜZ‘ξi‚RK‚ΔΘ‰Ί‹¤“―Z‘ξ“™j,‚»‚Μ‘Ό,‚»‚Μ‘Ό
ή“,•”•i‚Λ‚η‚Ά,–ΎΞ,Ό“ρ©,282031,•ΊΙ§,–ΎΞs,‹›Z’¬΄…,2021[sanitize]10[sanitize]16,21,‚»‚Μ‘Ό,’“Τi—Φjκ,ƒiƒ“ƒo[ƒvƒ[ƒg
ή“,•”•i‚Λ‚η‚Ά,–ΎΞ,Ό“ρ©,282031,•ΊΙ§,–ΎΞs,‹›Z’¬΄…,2021[sanitize]10[sanitize]30,17,‚»‚Μ‘Ό,’“Τi—Φjκ,ƒiƒ“ƒo[ƒvƒ[ƒg
ή“,•”•i‚Λ‚η‚Ά,–ΎΞ,Ό“ρ©,282031,•ΊΙ§,–ΎΞs,“ρ©’¬•—Ά,2020[sanitize]12[sanitize]28,01,’“Τi—Φjκ,’“Τi—Φjκ,ƒJ[ƒiƒr
ή“,•”•i‚Λ‚η‚Ά,–ΎΞ,ΌV’¬,282031,•ΊΙ§,–ΎΞs,¥’¬‚R’–Ϊ,2021[sanitize]03[sanitize]28,18,‚SK‚ΔΘγ‹¤“―Z‘ξ,’“Τi—Φjκ,‚»‚Μ‘Ό
ή“,•”•i‚Λ‚η‚Ά,–ΎΞ,ΌV’¬,282031,•ΊΙ§,–ΎΞs,‘ε“Ή’¬‚P’–Ϊ,2021[sanitize]07[sanitize]03,19,‚»‚Μ‘Ό‚ΜZ‘ξi‚RK‚ΔΘ‰Ί‹¤“―Z‘ξ“™j,’“Τi—Φjκ,ƒiƒ“ƒo[ƒvƒ[ƒg
ή“,•”•i‚Λ‚η‚Ά,–ΎΞ,ΌV’¬,282031,•ΊΙ§,–ΎΞs,ΌV’¬‚P’–Ϊ,2021[sanitize]12[sanitize]02,18,’“Τi—Φjκ,’“Τi—Φjκ,ƒiƒ“ƒo[ƒvƒ[ƒg
ή“,•”•i‚Λ‚η‚Ά,–ΎΞ,Ό–ΎΞ,282031,•ΊΙ§,–ΎΞs,Ό–ΎΞ“μ’¬‚Q’–Ϊ,2021[sanitize]05[sanitize]01,15,‚SK‚ΔΘγ‹¤“―Z‘ξ,’“Τi—Φjκ,‚»‚Μ‘Ό
ή“,•”•i‚Λ‚η‚Ά,–ΎΞ,‚‹u,282031,•ΊΙ§,–ΎΞs,‘ε‹v•Ϋ’¬‚‹u‚V’–Ϊ,2021[sanitize]10[sanitize]23,16,‚SK‚ΔΘγ‹¤“―Z‘ξ,’“Τi—Φjκ,ƒiƒ“ƒo[ƒvƒ[ƒg
ή“,•”•i‚Λ‚η‚Ά,–ΎΞ,‹›Z,282031,•ΊΙ§,–ΎΞs,‹›Z’¬΄…,2020[sanitize]11[sanitize]29,•s–Ύ,‚»‚Μ‘Ό,’“Τi—Φjκ,‚»‚Μ‘Ό
ή“,•”•i‚Λ‚η‚Ά,–ΎΞ,‹›Z,282031,•ΊΙ§,–ΎΞs,‹›Z’¬΄…,2021[sanitize]03[sanitize]04,16,κΛZ‘ξ,’“Τi—Φjκ,‚»‚Μ‘Ό
ή“,•”•i‚Λ‚η‚Ά,–ΎΞ,‹›Z,282031,•ΊΙ§,–ΎΞs,‹›Z’¬΄…,2021[sanitize]04[sanitize]10,•s–Ύ,‚»‚Μ‘Ό,’“Τi—Φjκ,‚»‚Μ‘Ό
ή“,•”•i‚Λ‚η‚Ά,–ΎΞ,‹›Z,282031,•ΊΙ§,–ΎΞs,‹›Z’¬΄…,2021[sanitize]05[sanitize]13,•s–Ύ,‚»‚Μ‘Ό,’“Τi—Φjκ,‚»‚Μ‘Ό
ή“,•”•i‚Λ‚η‚Ά,–ΎΞ,‹›Z,282031,•ΊΙ§,–ΎΞs,‹›Z’¬΄…,2021[sanitize]07[sanitize]24,12,‚»‚Μ‘Ό,’“Τi—Φjκ,ƒiƒ“ƒo[ƒvƒ[ƒg
ή“,•”•i‚Λ‚η‚Ά,–ΎΞ,‹›Z,282031,•ΊΙ§,–ΎΞs,‹›Z’¬’·β›,2021[sanitize]10[sanitize]22,12,‚»‚Μ‘Ό‚ΜZ‘ξi‚RK‚ΔΘ‰Ί‹¤“―Z‘ξ“™j,’“Τi—Φjκ,ƒiƒ“ƒo[ƒvƒ[ƒg
ή“,•”•i‚Λ‚η‚Ά,–ΎΞ,‹›Z,282031,•ΊΙ§,–ΎΞs,‹›Z’¬Ό‰ª,2021[sanitize]02[sanitize]19,15,κΛZ‘ξ,’“Τi—Φjκ,ƒiƒ“ƒo[ƒvƒ[ƒg
ή“,•”•i‚Λ‚η‚Ά,–ΎΞ,‹›Z,282031,•ΊΙ§,–ΎΞs,‹›Z’¬Z‹g‚P’–Ϊ,2021[sanitize]08[sanitize]22,10,‚SK‚ΔΘγ‹¤“―Z‘ξ,’“Τi—Φjκ,‚»‚Μ‘Ό
ή“,•”•i‚Λ‚η‚Ά,O–Ψ,•Κ,282154,•ΊΙ§,O–Ψs,•Κ’¬’©“ϊƒP‹u,2020[sanitize]05[sanitize]10,00,‚SK‚ΔΘγ‹¤“―Z‘ξ,’“Τi—Φjκ,ƒiƒ“ƒo[ƒvƒ[ƒg
ή“,•”•i‚Λ‚η‚Ά,O–Ψ,•Κ,282154,•ΊΙ§,O–Ψs,•Κ’¬’©“ϊƒP‹u,2021[sanitize]04[sanitize]01,•s–Ύ,‚SK‚ΔΘγ‹¤“―Z‘ξ,’“Τi—Φjκ,ƒiƒ“ƒo[ƒvƒ[ƒg
ή“,•”•i‚Λ‚η‚Ά,O–Ψ,‹gμ,282154,•ΊΙ§,O–Ψs,‹gμ’¬s–μ£,2021[sanitize]03[sanitize]27,13,‚»‚Μ‘Ό,’“Τi—Φjκ,‚»‚Μ‘Ό
ή“,•”•i‚Λ‚η‚Ά,O–Ψ,‹gμ,282154,•ΊΙ§,O–Ψs,‹gμ’¬γΌ,2021[sanitize]09[sanitize]13,12,‚»‚Μ‘Ό,‚»‚Μ‘Ό,‚»‚Μ‘Ό
ή“,•”•i‚Λ‚η‚Ά,O–Ψ,‹gμ,282154,•ΊΙ§,O–Ψs,‹gμ’¬“’’J,2021[sanitize]05[sanitize]10,10,‚»‚Μ‘Ό,‚»‚Μ‘Ό,‚»‚Μ‘Ό
ή“,•”•i‚Λ‚η‚Ά,O–Ψ,–{’¬,282154,•ΊΙ§,O–Ψs,‘ε‘Ί,2021[sanitize]10[sanitize]01,08,‚»‚Μ‘Ό,’“Τi—Φjκ,‚»‚Μ‘Ό
ή“,•”•i‚Λ‚η‚Ά,O–Ψ,–{’¬,282154,•ΊΙ§,O–Ψs,’Ή’¬,2021[sanitize]01[sanitize]08,17,‚»‚Μ‘Ό,’“Τi—Φjκ,‚»‚Μ‘Ό
ή“,•”•i‚Λ‚η‚Ά,O–Ψ,–{’¬,282154,•ΊΙ§,O–Ψs,•δ,2021[sanitize]04[sanitize]02,18,‚»‚Μ‘Ό,’“Τi—Φjκ,ƒ^ƒCƒ„EƒzƒC[ƒ‹
ή“,•”•i‚Λ‚η‚Ά,O–Ψ,–{’¬,282154,•ΊΙ§,O–Ψs,•δ‚R’–Ϊ,2021[sanitize]01[sanitize]05,21,‚»‚Μ‘Ό,‚»‚Μ‘Ό,ƒiƒ“ƒo[ƒvƒ[ƒg
ή“,•”•i‚Λ‚η‚Ά,O–Ψ,—Ξ‚ª‹u,282154,•ΊΙ§,O–Ψs,uυ’¬ΒR‚R’–Ϊ,2021[sanitize]06[sanitize]17,15,‚»‚Μ‘Ό‚ΜZ‘ξi‚RK‚ΔΘ‰Ί‹¤“―Z‘ξ“™j,’“Τi—Φjκ,ƒiƒ“ƒo[ƒvƒ[ƒg
ή“,•”•i‚Λ‚η‚Ά,O–Ψ,—Ξ‚ª‹u,282154,•ΊΙ§,O–Ψs,uυ’¬ΒR‚U’–Ϊ,2021[sanitize]06[sanitize]17,18,‚»‚Μ‘Ό,’“Τi—Φjκ,ƒiƒ“ƒo[ƒvƒ[ƒg
ή“,•”•i‚Λ‚η‚Ά,O–Ψ,©—R‚ª‹u,282154,•ΊΙ§,O–Ψs,uυ’¬Ό©—R‚ª‹u‚P’–Ϊ,2021[sanitize]06[sanitize]21,18,‚»‚Μ‘Ό,’“Τi—Φjκ,ƒiƒ“ƒo[ƒvƒ[ƒg
ή“,•”•i‚Λ‚η‚Ά,O–Ψ,©—R‚ª‹u,282154,•ΊΙ§,O–Ψs,uυ’¬“©—R‚ª‹u‚Q’–Ϊ,2021[sanitize]08[sanitize]27,12,κΛZ‘ξ,’“Τi—Φjκ,ƒiƒ“ƒo[ƒvƒ[ƒg
ή“,•”•i‚Λ‚η‚Ά,O–Ψ,©—R‚ª‹u,282154,•ΊΙ§,O–Ψs,uυ’¬L–μ‚T’–Ϊ,2021[sanitize]10[sanitize]04,18,‚»‚Μ‘Ό,’“Τi—Φjκ,‚»‚Μ‘Ό
ή“,•”•i‚Λ‚η‚Ά,‰Α“,‘κ–μ,282286,•ΊΙ§,‰Α“s,–k–μ,2021[sanitize]05[sanitize]20,17,‚»‚Μ‘Ό‚ΜZ‘ξi‚RK‚ΔΘ‰Ί‹¤“―Z‘ξ“™j,’“Τi—Φjκ,ƒiƒ“ƒo[ƒvƒ[ƒg
ή“,•”•i‚Λ‚η‚Ά,‰Α“,‘κ–μ,282286,•ΊΙ§,‰Α“s,‰Ί‘κ–μ‚R’–Ϊ,2021[sanitize]01[sanitize]16,11,‚»‚Μ‘Ό‚ΜZ‘ξi‚RK‚ΔΘ‰Ί‹¤“―Z‘ξ“™j,’“Τi—Φjκ,ƒiƒ“ƒo[ƒvƒ[ƒg
ή“,•”•i‚Λ‚η‚Ά,‰Α“,Π,282286,•ΊΙ§,‰Α“s,‰Ζ΄,2021[sanitize]10[sanitize]02,10,‚SK‚ΔΘγ‹¤“―Z‘ξ,’“Τi—Φjκ,ƒiƒ“ƒo[ƒvƒ[ƒg
ή“,•”•i‚Λ‚η‚Ά,‰Α“,Π,282286,•ΊΙ§,‰Α“s,γ’†,2021[sanitize]01[sanitize]17,21,‚»‚Μ‘Ό,’“Τi—Φjκ,ƒ^ƒCƒ„EƒzƒC[ƒ‹
ή“,•”•i‚Λ‚η‚Ά,‰Α“,Π,282286,•ΊΙ§,‰Α“s,μ“c‚P’–Ϊ,2021[sanitize]07[sanitize]24,11,‚»‚Μ‘Ό,’“Τi—Φjκ,‚»‚Μ‘Ό
ή“,•”•i‚Λ‚η‚Ά,‰Α“,‚‰ª,282286,•ΊΙ§,‰Α“s,‰Ν‚,2021[sanitize]02[sanitize]14,16,‚»‚Μ‘Ό,’“Τi—Φjκ,‚»‚Μ‘Ό
ή“,•”•i‚Λ‚η‚Ά,‰Α“,‚‰ª,282286,•ΊΙ§,‰Α“s,‰Ν‚,2021[sanitize]06[sanitize]15,18,‚»‚Μ‘Ό,’“Τi—Φjκ,ƒiƒ“ƒo[ƒvƒ[ƒg
ή“,•”•i‚Λ‚η‚Ά,‰Α“,‚‰ª,282286,•ΊΙ§,‰Α“s,‰Ν‚,2021[sanitize]11[sanitize]06,13,‚»‚Μ‘Ό,’“Τi—Φjκ,ƒiƒ“ƒo[ƒvƒ[ƒg
ή“,•”•i‚Λ‚η‚Ά,‰ΑΌ,–kπ,282201,•ΊΙ§,‰ΑΌs,–kπ’¬I“c,2021[sanitize]07[sanitize]23,21,‚»‚Μ‘Ό,’“Τi—Φjκ,ƒiƒ“ƒo[ƒvƒ[ƒg
ή“,•”•i‚Λ‚η‚Ά,‰ΑΌ,–kπ,282201,•ΊΙ§,‰ΑΌs,–kπ’¬Ό‚Ί,2021[sanitize]11[sanitize]16,19,’“Τi—Φjκ,’“Τi—Φjκ,ƒiƒ“ƒo[ƒvƒ[ƒg
ή“,•”•i‚Λ‚η‚Ά,‰ΑΌ,–kπ,282201,•ΊΙ§,‰ΑΌs,–kπ’¬Γβ‚R’–Ϊ,2021[sanitize]02[sanitize]22,11,’“Τi—Φjκ,’“Τi—Φjκ,ƒJ[ƒiƒr
ή“,•”•i‚Λ‚η‚Ά,‰ΑΌ,–kπ,282201,•ΊΙ§,‰ΑΌs,–kπ’¬–kπ,2021[sanitize]01[sanitize]12,19,‚»‚Μ‘Ό‚ΜZ‘ξi‚RK‚ΔΘ‰Ί‹¤“―Z‘ξ“™j,’“Τi—Φjκ,ƒJ[ƒiƒr
ή“,•”•i‚Λ‚η‚Ά,‰ΑΌ,–kπ,282201,•ΊΙ§,‰ΑΌs,–kπ’¬–kπ,2021[sanitize]07[sanitize]31,00,κΛZ‘ξ,’“Τi—Φjκ,‚»‚Μ‘Ό
ή“,•”•i‚Λ‚η‚Ά,‰ΑΌ,‰Fm,282201,•ΊΙ§,‰ΑΌs,Β–μ’¬,2021[sanitize]03[sanitize]31,11,’“Τi—Φjκ,’“Τi—Φjκ,‚»‚Μ‘Ό
ή“,•”•i‚Λ‚η‚Ά,‰ΑΌ,•x‡,282201,•ΊΙ§,‰ΑΌs,–L‘q’¬,2021[sanitize]07[sanitize]20,20,κΛZ‘ξ,’“Τi—Φjκ,ƒiƒ“ƒo[ƒvƒ[ƒg
ή“,•”•i‚Λ‚η‚Ά,‰ΑΌ,•x‡,282201,•ΊΙ§,‰ΑΌs,•Κ’¬,2021[sanitize]12[sanitize]19,06,κΛZ‘ξ,’“Τi—Φjκ,ƒiƒ“ƒo[ƒvƒ[ƒg
ή“,•”•i‚Λ‚η‚Ά,Όe,’†’¬,283657,•ΊΙ§,‘½‰Β’¬,’†‹ζ‚έ,2021[sanitize]12[sanitize]27,09,κΛZ‘ξ,’“Τi—Φjκ,ƒiƒ“ƒo[ƒvƒ[ƒg
ή“,•”•i‚Λ‚η‚Ά,Όe,”δ‰„,282138,•ΊΙ§,Όes,”δ‰„’¬,2021[sanitize]04[sanitize]03,18,‚»‚Μ‘Ό,‚»‚Μ‘Ό,‚»‚Μ‘Ό
ή“,•”•i‚Λ‚η‚Ά,Όe,–F“c,282138,•ΊΙ§,Όes,‡R’¬,2019[sanitize]07[sanitize]01,00,‚SK‚ΔΘγ‹¤“―Z‘ξ,’“Τi—Φjκ,ƒiƒ“ƒo[ƒvƒ[ƒg
ή“,•”•i‚Λ‚η‚Ά,Όe,–μ‘Ί,282138,•ΊΙ§,Όes,‰ΊΛ“c,2021[sanitize]09[sanitize]04,17,‚»‚Μ‘Ό,‚»‚Μ‘Ό,‚»‚Μ‘Ό
ή“,•”•i‚Λ‚η‚Ά,Όe,–μ‘Ί,282138,•ΊΙ§,Όes,–μ‘Ί’¬,2021[sanitize]06[sanitize]26,14,’“Τi—Φjκ,’“Τi—Φjκ,‚»‚Μ‘Ό
ή“,•”•i‚Λ‚η‚Ά,Όe,–μ‘Ί,282138,•ΊΙ§,Όes,–μ‘Ί’¬,2021[sanitize]06[sanitize]29,14,’“Τi—Φjκ,’“Τi—Φjκ,‚»‚Μ‘Ό
ή“,•”•i‚Λ‚η‚Ά,Όe,–μ‘Ί,282138,•ΊΙ§,Όes,a•z’¬,2021[sanitize]09[sanitize]10,17,‚»‚Μ‘Ό,’“Τi—Φjκ,‚»‚Μ‘Ό
ή“,•”•i‚Λ‚η‚Ά,Όe,–μ‘Ί,282138,•ΊΙ§,Όes,a•z’¬,2021[sanitize]09[sanitize]26,19,‚»‚Μ‘Ό,’“Τi—Φjκ,‚»‚Μ‘Ό
ή“,•”•i‚Λ‚η‚Ά,Όe,–μ‘Ί,282138,•ΊΙ§,Όes,a•z’¬,2021[sanitize]10[sanitize]14,19,‚»‚Μ‘Ό,’“Τi—Φjκ,‚»‚Μ‘Ό
ή“,•”•i‚Λ‚η‚Ά,‰ΑΓμ,—Ό‘‘,282103,•ΊΙ§,‰ΑΓμs,γ‘‘’¬¬–μ,2021[sanitize]05[sanitize]24,19,κΛZ‘ξ,’“Τi—Φjκ,‚»‚Μ‘Ό
ή“,•”•i‚Λ‚η‚Ά,‰ΑΓμ,—Ό‘‘,282103,•ΊΙ§,‰ΑΓμs,•½‘‘’¬—Ά,2021[sanitize]11[sanitize]08,22,κΛZ‘ξ,’“Τi—Φjκ,‚»‚Μ‘Ό
ή“,•”•i‚Λ‚η‚Ά,‰ΑΓμ,•Κ•{,282103,•ΊΙ§,‰ΑΓμs,•Κ•{’¬V–μ•Σ,2021[sanitize]07[sanitize]09,16,‚»‚Μ‘Ό,’“Τi—Φjκ,ƒiƒ“ƒo[ƒvƒ[ƒg
ή“,•”•i‚Λ‚η‚Ά,‰ΑΓμ,•Κ•{,282103,•ΊΙ§,‰ΑΓμs,•Κ•{’¬V–μ•Σ,2021[sanitize]11[sanitize]12,17,‚»‚Μ‘Ό,’“Τi—Φjκ,ƒiƒ“ƒo[ƒvƒ[ƒg
ή“,•”•i‚Λ‚η‚Ά,‰ΑΓμ,•Κ•{,282103,•ΊΙ§,‰ΑΓμs,•Κ•{’¬•Κ•{,2021[sanitize]09[sanitize]21,08,‚»‚Μ‘Ό,’“Τi—Φjκ,ƒ^ƒCƒ„EƒzƒC[ƒ‹
ή“,•”•i‚Λ‚η‚Ά,‰ΑΓμ,•Κ•{,282103,•ΊΙ§,‰ΑΓμs,•Κ•{’¬•Κ•{,2021[sanitize]11[sanitize]02,05,‚»‚Μ‘Ό,’“Τi—Φjκ,‚»‚Μ‘Ό
ή“,•”•i‚Λ‚η‚Ά,‰ΑΓμ,•Κ•{,282103,•ΊΙ§,‰ΑΓμs,•Κ•{’¬—Ξ’¬,2021[sanitize]09[sanitize]05,14,‚»‚Μ‘Ό,’“Τi—Φjκ,‚»‚Μ‘Ό
ή“,•”•i‚Λ‚η‚Ά,‰ΑΓμ,•Κ•{,282103,•ΊΙ§,‰ΑΓμs,•Κ•{’¬³’¬,2021[sanitize]07[sanitize]06,15,’“Τi—Φjκ,’“Τi—Φjκ,ƒ^ƒCƒ„EƒzƒC[ƒ‹
ή“,•”•i‚Λ‚η‚Ά,‰ΑΓμ,‰ΑΓμ‰w‘O,282103,•ΊΙ§,‰ΑΓμs,‰ΑΓμ’¬Ύ’Γ,2021[sanitize]11[sanitize]13,17,‚SK‚ΔΘγ‹¤“―Z‘ξ,’“Τi—Φjκ,‚»‚Μ‘Ό
ή“,•”•i‚Λ‚η‚Ά,‰ΑΓμ,‰ΑΓμ‰w‘O,282103,•ΊΙ§,‰ΑΓμs,‰ΑΓμ’¬‰Ν΄,2021[sanitize]10[sanitize]29,18,κΛZ‘ξ,’“Τi—Φjκ,‚»‚Μ‘Ό
ή“,•”•i‚Λ‚η‚Ά,‰ΑΓμ,‰ΑΓμ‰w‘O,282103,•ΊΙ§,‰ΑΓμs,‰ΑΓμ’¬›‰Ζ’¬,2021[sanitize]04[sanitize]15,17,‚»‚Μ‘Ό,’“Τi—Φjκ,‚»‚Μ‘Ό
ή“,•”•i‚Λ‚η‚Ά,‰ΑΓμ,‰ΑΓμ‰w‘O,282103,•ΊΙ§,‰ΑΓμs,‰ΑΓμ’¬›‰Ζ’¬,2021[sanitize]04[sanitize]20,17,‚»‚Μ‘Ό,’“Τi—Φjκ,‚»‚Μ‘Ό
ή“,•”•i‚Λ‚η‚Ά,‰ΑΓμ,‰ΑΓμ‰w‘O,282103,•ΊΙ§,‰ΑΓμs,‰ΑΓμ’¬›‰Ζ’¬,2021[sanitize]04[sanitize]22,08,‚»‚Μ‘Ό,’“Τi—Φjκ,‚»‚Μ‘Ό
ή“,•”•i‚Λ‚η‚Ά,‰ΑΓμ,‰ΑΓμ‰w‘O,282103,•ΊΙ§,‰ΑΓμs,‰ΑΓμ’¬›‰Ζ’¬,2021[sanitize]09[sanitize]05,15,’“Τi—Φjκ,’“Τi—Φjκ,‚»‚Μ‘Ό
ή“,•”•i‚Λ‚η‚Ά,‰ΑΓμ,‰ΑΓμ‰w‘O,282103,•ΊΙ§,‰ΑΓμs,‰ΑΓμ’¬›‰Ζ’¬,2021[sanitize]12[sanitize]26,16,‚»‚Μ‘Ό,’“Τi—Φjκ,‚»‚Μ‘Ό
ή“,•”•i‚Λ‚η‚Ά,‰ΑΓμ,‰ΑΓμ‰w‘O,282103,•ΊΙ§,‰ΑΓμs,‰ΑΓμ’¬–{’¬,2021[sanitize]01[sanitize]24,08,‚»‚Μ‘Ό,’“Τi—Φjκ,‚»‚Μ‘Ό
ή“,•”•i‚Λ‚η‚Ά,‰ΑΓμ,‰ΑΓμ‰w‘O,282103,•ΊΙ§,‰ΑΓμs,‰ΑΓμ’¬–{’¬,2021[sanitize]09[sanitize]04,16,κΛZ‘ξ,’“Τi—Φjκ,‚»‚Μ‘Ό
ή“,•”•i‚Λ‚η‚Ά,‰ΑΓμ,‰ΑΓμ‰w‘O,282103,•ΊΙ§,‰ΑΓμs,‰ΑΓμ’¬–{’¬,2021[sanitize]09[sanitize]12,00,κΛZ‘ξ,’“Τi—Φjκ,‚»‚Μ‘Ό
ή“,•”•i‚Λ‚η‚Ά,‰ΑΓμ,‰ΑΓμ‰w‘O,282103,•ΊΙ§,‰ΑΓμs,‰ΑΓμ’¬–{’¬,2021[sanitize]10[sanitize]24,10,’“Τi—Φjκ,’“Τi—Φjκ,ƒiƒ“ƒo[ƒvƒ[ƒg
ή“,•”•i‚Λ‚η‚Ά,‰ΑΓμ,“yR,282103,•ΊΙ§,‰ΑΓμs,•½‰ª’¬“yR,2021[sanitize]06[sanitize]14,19,κΛZ‘ξ,’“Τi—Φjκ,ƒiƒ“ƒo[ƒvƒ[ƒg
ή“,•”•i‚Λ‚η‚Ά,‰ΑΓμ,”φγ,282103,•ΊΙ§,‰ΑΓμs,”φγ’¬®‚P’–Ϊ,2021[sanitize]11[sanitize]18,09,‚»‚Μ‘Ό,’“Τi—Φjκ,‚»‚Μ‘Ό
ή“,•”•i‚Λ‚η‚Ά,‰ΑΓμ,”φγ,282103,•ΊΙ§,‰ΑΓμs,”φγ’¬ΐ“c,2021[sanitize]10[sanitize]09,14,‚»‚Μ‘Ό,’“Τi—Φjκ,‚»‚Μ‘Ό
ή“,•”•i‚Λ‚η‚Ά,‰ΑΓμ,”φγ,282103,•ΊΙ§,‰ΑΓμs,”φγ’¬—{“c,2021[sanitize]01[sanitize]01,11,’“Τi—Φjκ,’“Τi—Φjκ,ƒJ[ƒiƒr
ή“,•”•i‚Λ‚η‚Ά,‰ΑΓμ,•½’Γ,282103,•ΊΙ§,‰ΑΓμs,•Δ“c’¬‘D“ª,2021[sanitize]11[sanitize]28,17,‚SK‚ΔΘγ‹¤“―Z‘ξ,’“Τi—Φjκ,ƒiƒ“ƒo[ƒvƒ[ƒg
ή“,•”•i‚Λ‚η‚Ά,‰ΑΓμ,•½’Γ,282103,•ΊΙ§,‰ΑΓμs,•Δ“c’¬•½’Γ,2021[sanitize]03[sanitize]16,09,‚»‚Μ‘Ό,’“Τi—Φjκ,ƒ^ƒCƒ„EƒzƒC[ƒ‹
ή“,•”•i‚Λ‚η‚Ά,‰ΑΓμ,•½’Γ,282103,•ΊΙ§,‰ΑΓμs,•Δ“c’¬•½’Γ,2021[sanitize]03[sanitize]18,06,‚»‚Μ‘Ό,’“Τi—Φjκ,‚»‚Μ‘Ό
ή“,•”•i‚Λ‚η‚Ά,‰ΑΓμ,•½’Γ,282103,•ΊΙ§,‰ΑΓμs,•Δ“c’¬•½’Γ,2021[sanitize]03[sanitize]29,10,‚»‚Μ‘Ό,’“Τi—Φjκ,ƒ^ƒCƒ„EƒzƒC[ƒ‹
ή“,•”•i‚Λ‚η‚Ά,‰ΑΓμ,•½’Γ,282103,•ΊΙ§,‰ΑΓμs,•Δ“c’¬•½’Γ,2021[sanitize]06[sanitize]08,19,‚»‚Μ‘Ό,’“Τi—Φjκ,ƒ^ƒCƒ„EƒzƒC[ƒ‹
ή“,•”•i‚Λ‚η‚Ά,‰ΑΓμ,•½’Γ,282103,•ΊΙ§,‰ΑΓμs,•Δ“c’¬•½’Γ,2021[sanitize]10[sanitize]01,12,’“Τi—Φjκ,’“Τi—Φjκ,ƒiƒ“ƒo[ƒvƒ[ƒg
ή“,•”•i‚Λ‚η‚Ά,‰ΑΓμ,•½’Γ,282103,•ΊΙ§,‰ΑΓμs,•Δ“c’¬•½’Γ,2021[sanitize]12[sanitize]01,18,‚»‚Μ‘Ό,’“Τi—Φjκ,‚»‚Μ‘Ό
ή“,•”•i‚Λ‚η‚Ά,‰ΑΓμ,u•ϋ,282103,•ΊΙ§,‰ΑΓμs,u•ϋ’¬γ•y–Ψ,2021[sanitize]07[sanitize]08,20,‚SK‚ΔΘγ‹¤“―Z‘ξ,’“Τi—Φjκ,ƒ^ƒCƒ„EƒzƒC[ƒ‹
ή“,•”•i‚Λ‚η‚Ά,‰ΑΓμ,V_–μ,282103,•ΊΙ§,‰ΑΓμs,V_–μ‚R’–Ϊ,2021[sanitize]02[sanitize]10,07,‚»‚Μ‘Ό,’“Τi—Φjκ,ƒiƒ“ƒo[ƒvƒ[ƒg
ή“,•”•i‚Λ‚η‚Ά,‰ΑΓμ,V_–μ,282103,•ΊΙ§,‰ΑΓμs,Rθ‚Q’–Ϊ,2021[sanitize]07[sanitize]30,19,’“Τi—Φjκ,’“Τi—Φjκ,ƒ^ƒCƒ„EƒzƒC[ƒ‹
ή“,•”•i‚Λ‚η‚Ά,‰ΑΓμ,“ϊ‰ª,282103,•ΊΙ§,‰ΑΓμs,‰ΑΓμ’¬”ό”T—,2021[sanitize]03[sanitize]17,15,κΛZ‘ξ,’“Τi—Φjκ,‚»‚Μ‘Ό
ή“,•”•i‚Λ‚η‚Ά,‰ΑΓμ,–{‘‘,283827,•ΊΙ§,”d–’¬,V“‡,2021[sanitize]06[sanitize]10,•s–Ύ,‚»‚Μ‘Ό,‚»‚Μ‘Ό,‚»‚Μ‘Ό
ή“,•”•i‚Λ‚η‚Ά,‰ΑΓμ,–{‘‘,283827,•ΊΙ§,”d–’¬,V“‡,2021[sanitize]10[sanitize]17,17,‚»‚Μ‘Ό,‚»‚Μ‘Ό,‚»‚Μ‘Ό
ή“,•”•i‚Λ‚η‚Ά,‰ΑΓμ,–{‘‘,283827,•ΊΙ§,”d–’¬,–{‘‘,2021[sanitize]10[sanitize]15,12,‚»‚Μ‘Ό,‚»‚Μ‘Ό,‚»‚Μ‘Ό
ή“,•”•i‚Λ‚η‚Ά,‰ΑΓμ,“‰ΑΓμ,282103,•ΊΙ§,‰ΑΓμs,•½‰ª’¬Vέ‰Ζ,2021[sanitize]07[sanitize]19,07,‚»‚Μ‘Ό,’“Τi—Φjκ,‚»‚Μ‘Ό
ή“,•”•i‚Λ‚η‚Ά,‰ΑΓμ,“‰ΑΓμ,282103,•ΊΙ§,‰ΑΓμs,•½‰ª’¬Vέ‰Ζ,2021[sanitize]09[sanitize]28,23,‚»‚Μ‘Ό‚ΜZ‘ξi‚RK‚ΔΘ‰Ί‹¤“―Z‘ξ“™j,’“Τi—Φjκ,ƒiƒ“ƒo[ƒvƒ[ƒg
ή“,•”•i‚Λ‚η‚Ά,‰ΑΓμ,“‰ΑΓμ,282103,•ΊΙ§,‰ΑΓμs,•½‰ª’¬Vέ‰Ζ‚P’–Ϊ,2021[sanitize]06[sanitize]15,11,’“Τi—Φjκ,’“Τi—Φjκ,‚»‚Μ‘Ό
ή“,•”•i‚Λ‚η‚Ά,‰ΑΓμ,“‰ΑΓμ,282103,•ΊΙ§,‰ΑΓμs,•½‰ª’¬Vέ‰Ζ‚P’–Ϊ,2021[sanitize]07[sanitize]17,00,‚»‚Μ‘Ό,‚»‚Μ‘Ό,‚»‚Μ‘Ό
ή“,•”•i‚Λ‚η‚Ά,‰ΑΓμ,“‰ΑΓμ,282103,•ΊΙ§,‰ΑΓμs,•½‰ª’¬κFΌ‚Q’–Ϊ,2021[sanitize]05[sanitize]13,04,‚»‚Μ‘Ό‚ΜZ‘ξi‚RK‚ΔΘ‰Ί‹¤“―Z‘ξ“™j,’“Τi—Φjκ,‚»‚Μ‘Ό
ή“,•”•i‚Λ‚η‚Ά,‰ΑΓμ,§”_‘O,282103,•ΊΙ§,‰ΑΓμs,–μϋ’¬…‘«,2019[sanitize]10[sanitize]15,00,‚SK‚ΔΘγ‹¤“―Z‘ξ,’“Τi—Φjκ,ƒiƒ“ƒo[ƒvƒ[ƒg
ή“,•”•i‚Λ‚η‚Ά,‰ΑΓμ,§”_‘O,282103,•ΊΙ§,‰ΑΓμs,•½‰ª’¬Vέ‰Ζ,2021[sanitize]02[sanitize]18,15,’“Τi—Φjκ,’“Τi—Φjκ,‚»‚Μ‘Ό
ή“,•”•i‚Λ‚η‚Ά,‰ΑΓμ,§”_‘O,282103,•ΊΙ§,‰ΑΓμs,•½‰ª’¬Vέ‰Ζ,2021[sanitize]11[sanitize]24,19,‚»‚Μ‘Ό‚ΜZ‘ξi‚RK‚ΔΘ‰Ί‹¤“―Z‘ξ“™j,’“Τi—Φjκ,ƒiƒ“ƒo[ƒvƒ[ƒg
ή“,•”•i‚Λ‚η‚Ά,‰ΑΓμ,ξ”ό,283819,•ΊΙ§,ξ”ό’¬,‰ΑΓ,2021[sanitize]01[sanitize]30,18,‚»‚Μ‘Ό,’“Τi—Φjκ,‚»‚Μ‘Ό
ή“,•”•i‚Λ‚η‚Ά,‰ΑΓμ,ξ”ό,283819,•ΊΙ§,ξ”ό’¬,‰ΑΓ,2021[sanitize]01[sanitize]30,18,‚»‚Μ‘Ό,’“Τi—Φjκ,‚»‚Μ‘Ό
ή“,•”•i‚Λ‚η‚Ά,‰ΑΓμ,ξ”ό,283819,•ΊΙ§,ξ”ό’¬,‘ΐ,2021[sanitize]01[sanitize]07,00,’“Τi—Φjκ,’“Τi—Φjκ,‚Θ‚µ
ή“,•”•i‚Λ‚η‚Ά,‰ΑΓμ,ξ”ό,283819,•ΊΙ§,ξ”ό’¬,’†‘Ί,2020[sanitize]02[sanitize]06,00,κΛZ‘ξ,’“Τi—Φjκ,ƒiƒ“ƒo[ƒvƒ[ƒg
ή“,•”•i‚Λ‚η‚Ά,‰ΑΓμ,–μϋ,282103,•ΊΙ§,‰ΑΓμs,–μϋ’¬“ρ‰®,2020[sanitize]09[sanitize]23,09,‚»‚Μ‘Ό‚ΜZ‘ξi‚RK‚ΔΘ‰Ί‹¤“―Z‘ξ“™j,’“Τi—Φjκ,ƒiƒ“ƒo[ƒvƒ[ƒg
ή“,•”•i‚Λ‚η‚Ά,‰ΑΓμ,–μ“Y,283827,•ΊΙ§,”d–’¬,“μ‘ε’†‚P’–Ϊ,2021[sanitize]09[sanitize]25,12,κΛZ‘ξ,’“Τi—Φjκ,‚»‚Μ‘Ό
ή“,•”•i‚Λ‚η‚Ά,‰ΑΓμ,–μ“Y,283827,•ΊΙ§,”d–’¬,Ό–μ“Y‚P’–Ϊ,2021[sanitize]03[sanitize]26,19,’“Τi—Φjκ,’“Τi—Φjκ,‚»‚Μ‘Ό
ή“,•”•i‚Λ‚η‚Ά,‰ΑΓμ,–μ“Y,283827,•ΊΙ§,”d–’¬,Ό–μ“Y‚S’–Ϊ,2021[sanitize]03[sanitize]26,18,’“Τi—Φjκ,’“Τi—Φjκ,‚»‚Μ‘Ό
ή“,•”•i‚Λ‚η‚Ά,‰ΑΓμ,–μ“Y,283827,•ΊΙ§,”d–’¬,“–μ“Y‚R’–Ϊ,2021[sanitize]09[sanitize]09,13,‚»‚Μ‘Ό‚ΜZ‘ξi‚RK‚ΔΘ‰Ί‹¤“―Z‘ξ“™j,’“Τi—Φjκ,ƒiƒ“ƒo[ƒvƒ[ƒg
ή“,•”•i‚Λ‚η‚Ά,‰ΑΓμ,”µ—Ά,282103,•ΊΙ§,‰ΑΓμs,‰ΑΓμ’¬Ύ’Γ,2021[sanitize]11[sanitize]23,10,‚»‚Μ‘Ό,’“Τi—Φjκ,ƒiƒ“ƒo[ƒvƒ[ƒg
ή“,•”•i‚Λ‚η‚Ά,‰ΑΓμ,”µ—Ά,282103,•ΊΙ§,‰ΑΓμs,‰ΑΓμ’¬–kέ‰Ζ,2021[sanitize]12[sanitize]09,10,‚»‚Μ‘Ό‚ΜZ‘ξi‚RK‚ΔΘ‰Ί‹¤“―Z‘ξ“™j,’“Τi—Φjκ,‚»‚Μ‘Ό
ή“,•”•i‚Λ‚η‚Ά,‰ΑΓμ,”µ—Ά,282103,•ΊΙ§,‰ΑΓμs,‰ΑΓμ’¬–Ψ‘Ί,2021[sanitize]12[sanitize]08,07,‚»‚Μ‘Ό‚ΜZ‘ξi‚RK‚ΔΘ‰Ί‹¤“―Z‘ξ“™j,’“Τi—Φjκ,‚»‚Μ‘Ό
ή“,•”•i‚Λ‚η‚Ά,‰ΑΓμ,”µ—Ά,282103,•ΊΙ§,‰ΑΓμs,‰ΑΓμ’¬—F‘ς,2021[sanitize]10[sanitize]23,11,’“Τi—Φjκ,’“Τi—Φjκ,ƒiƒ“ƒo[ƒvƒ[ƒg
ή“,•”•i‚Λ‚η‚Ά,‰ΑΓμ,”µ—Ά,282103,•ΊΙ§,‰ΑΓμs,‰ΑΓμ’¬”υγ,2021[sanitize]09[sanitize]24,18,‚SK‚ΔΘγ‹¤“―Z‘ξ,’“Τi—Φjκ,ƒiƒ“ƒo[ƒvƒ[ƒg
ή“,•”•i‚Λ‚η‚Ά,‚»,Ι•Ϋ,282162,•ΊΙ§,‚»s,Ό—z‚R’–Ϊ,2021[sanitize]01[sanitize]14,15,‚»‚Μ‘Ό,’“Τi—Φjκ,‚»‚Μ‘Ό
ή“,•”•i‚Λ‚η‚Ά,‚»,Ι•Ϋ,282162,•ΊΙ§,‚»s,Ό—z‚R’–Ϊ,2021[sanitize]07[sanitize]07,15,‚»‚Μ‘Ό,’“Τi—Φjκ,‚»‚Μ‘Ό
ή“,•”•i‚Λ‚η‚Ά,‚»,Ι•Ϋ,282162,•ΊΙ§,‚»s,Ό—z‚S’–Ϊ,2021[sanitize]02[sanitize]05,17,’“Τi—Φjκ,’“Τi—Φjκ,ƒJ[ƒiƒr
ή“,•”•i‚Λ‚η‚Ά,‚»,Ι•Ϋ,282162,•ΊΙ§,‚»s,Ι•Ϋθ‚R’–Ϊ,2021[sanitize]12[sanitize]16,15,κΛZ‘ξ,’“Τi—Φjκ,ƒiƒ“ƒo[ƒvƒ[ƒg
ή“,•”•i‚Λ‚η‚Ά,‚»,Ι•Ϋ,282162,•ΊΙ§,‚»s,Ι•Ϋθ“μ,2021[sanitize]02[sanitize]10,16,κΛZ‘ξ,’“Τi—Φjκ,‚Θ‚µ
ή“,•”•i‚Λ‚η‚Ά,‚»,‘]ª,282162,•ΊΙ§,‚»s,t“ϊ–μ’¬,2020[sanitize]04[sanitize]04,09,’“Τi—Φjκ,’“Τi—Φjκ,ƒiƒ“ƒo[ƒvƒ[ƒg
ή“,•”•i‚Λ‚η‚Ά,‚»,‘]ª,282162,•ΊΙ§,‚»s,t“ϊ–μ’¬,2021[sanitize]01[sanitize]18,17,’“Τi—Φjκ,’“Τi—Φjκ,‚Θ‚µ
ή“,•”•i‚Λ‚η‚Ά,‚»,‘]ª,282162,•ΊΙ§,‚»s,t“ϊ–μ’¬,2021[sanitize]09[sanitize]01,07,‚»‚Μ‘Ό‚ΜZ‘ξi‚RK‚ΔΘ‰Ί‹¤“―Z‘ξ“™j,’“Τi—Φjκ,‚»‚Μ‘Ό
ή“,•”•i‚Λ‚η‚Ά,‚»,‘]ª,282162,•ΊΙ§,‚»s,υ›’¬,2021[sanitize]09[sanitize]13,14,’“Τi—Φjκ,’“Τi—Φjκ,‚»‚Μ‘Ό
ή“,•”•i‚Λ‚η‚Ά,‚»,‘]ª,282162,•ΊΙ§,‚»s,υ›’¬,2021[sanitize]09[sanitize]29,06,’“Τi—Φjκ,’“Τi—Φjκ,‚»‚Μ‘Ό
ή“,•”•i‚Λ‚η‚Ά,‚»,‘]ª,282162,•ΊΙ§,‚»s,υ›’¬,2021[sanitize]10[sanitize]27,07,’“Τi—Φjκ,’“Τi—Φjκ,‚»‚Μ‘Ό
ή“,•”•i‚Λ‚η‚Ά,‚»,‘]ª,282162,•ΊΙ§,‚»s,‘]ª’¬,2021[sanitize]02[sanitize]06,17,’“Τi—Φjκ,’“Τi—Φjκ,‚Θ‚µ
ή“,•”•i‚Λ‚η‚Ά,‚»,‘]ª,282162,•ΊΙ§,‚»s,‘]ª’¬,2021[sanitize]05[sanitize]18,18,κΛZ‘ξ,’“Τi—Φjκ,ƒiƒ“ƒo[ƒvƒ[ƒg
ή“,•”•i‚Λ‚η‚Ά,‚»,‘]ª,282162,•ΊΙ§,‚»s,‘]ª’¬,2021[sanitize]05[sanitize]28,07,‚»‚Μ‘Ό,’“Τi—Φjκ,ƒ^ƒCƒ„EƒzƒC[ƒ‹
ή“,•”•i‚Λ‚η‚Ά,‚»,‘]ª,282162,•ΊΙ§,‚»s,‘]ª’¬,2021[sanitize]06[sanitize]22,05,‚»‚Μ‘Ό,’“Τi—Φjκ,‚»‚Μ‘Ό
ή“,•”•i‚Λ‚η‚Ά,‚»,‘]ª,282162,•ΊΙ§,‚»s,‘]ª’¬,2021[sanitize]11[sanitize]28,22,’“Τi—Φjκ,’“Τi—Φjκ,ƒiƒ“ƒo[ƒvƒ[ƒg
ή“,•”•i‚Λ‚η‚Ά,‚»,•Δ“c,282162,•ΊΙ§,‚»s,’†“‡‚P’–Ϊ,2021[sanitize]02[sanitize]03,11,κΛZ‘ξ,’“Τi—Φjκ,‚»‚Μ‘Ό
ή“,•”•i‚Λ‚η‚Ά,‚»,•Δ“c,282162,•ΊΙ§,‚»s,’†“‡‚Q’–Ϊ,2021[sanitize]09[sanitize]26,01,’“Τi—Φjκ,’“Τi—Φjκ,ƒiƒ“ƒo[ƒvƒ[ƒg
ή“,•”•i‚Λ‚η‚Ά,‚»,•Δ“c,282162,•ΊΙ§,‚»s,’†“‡‚R’–Ϊ,2021[sanitize]03[sanitize]10,16,‚»‚Μ‘Ό,’“Τi—Φjκ,‚»‚Μ‘Ό
ή“,•”•i‚Λ‚η‚Ά,‚»,•Δ“c,282162,•ΊΙ§,‚»s,•Δ“c’¬•Δ“c,2021[sanitize]02[sanitize]09,21,’“Τi—Φjκ,’“Τi—Φjκ,ƒiƒ“ƒo[ƒvƒ[ƒg
ή“,•”•i‚Λ‚η‚Ά,‚»,Ά–ν‘Ι,282162,•ΊΙ§,‚»s,Ά–ν‘Ι‚P’–Ϊ,2021[sanitize]07[sanitize]15,17,‚»‚Μ‘Ό,’“Τi—Φjκ,ƒ^ƒCƒ„EƒzƒC[ƒ‹
ή“,•”•i‚Λ‚η‚Ά,‚»,Ά–ν‘Ι,282162,•ΊΙ§,‚»s,Ά–ν‘Ι’¬Ά–ν‘Ι,2021[sanitize]11[sanitize]26,21,‚»‚Μ‘Ό‚ΜZ‘ξi‚RK‚ΔΘ‰Ί‹¤“―Z‘ξ“™j,’“Τi—Φjκ,ƒiƒ“ƒo[ƒvƒ[ƒg
ή“,•”•i‚Λ‚η‚Ά,‚»,Ά–ν‘Ι,282162,•ΊΙ§,‚»s,Ά–ν‘Ι’¬’n“Ώ,2021[sanitize]02[sanitize]09,18,’“Τi—Φjκ,’“Τi—Φjκ,ƒiƒ“ƒo[ƒvƒ[ƒg
ή“,•”•i‚Λ‚η‚Ά,‚»,‚»‰w‘O,282162,•ΊΙ§,‚»s,‚»’¬’©“ϊ’¬‚R’–Ϊ,2021[sanitize]04[sanitize]29,09,’“Τi—Φjκ,’“Τi—Φjκ,‚»‚Μ‘Ό
ή“,•”•i‚Λ‚η‚Ά,‚»,‚»‰w‘O,282162,•ΊΙ§,‚»s,‚»’¬“‹{’¬,2021[sanitize]07[sanitize]21,11,’“Τi—Φjκ,’“Τi—Φjκ,ƒiƒ“ƒo[ƒvƒ[ƒg
ή“,•”•i‚Λ‚η‚Ά,‚»,‚»‰w‘O,282162,•ΊΙ§,‚»s,‚»’¬Ό”g’¬,2021[sanitize]02[sanitize]11,17,‚SK‚ΔΘγ‹¤“―Z‘ξ,’“Τi—Φjκ,ƒiƒ“ƒo[ƒvƒ[ƒg
ή“,•”•i‚Λ‚η‚Ά,‚»,‚»‰w‘O,282162,•ΊΙ§,‚»s,‚»’¬Ό”g’¬,2021[sanitize]04[sanitize]25,12,‚SK‚ΔΘγ‹¤“―Z‘ξ,’“Τi—Φjκ,‚»‚Μ‘Ό
ή“,•”•i‚Λ‚η‚Ά,‚»,‚»‰w‘O,282162,•ΊΙ§,‚»s,‚»’¬‹{‘O’¬,2021[sanitize]07[sanitize]11,08,’“Τi—Φjκ,’“Τi—Φjκ,ƒiƒ“ƒo[ƒvƒ[ƒg
ή“,•”•i‚Λ‚η‚Ά,‚»,‚»‰w‘O,282162,•ΊΙ§,‚»s,‚»’¬‹{‘O’¬,2021[sanitize]07[sanitize]21,22,’“Τi—Φjκ,’“Τi—Φjκ,ƒiƒ“ƒo[ƒvƒ[ƒg
ή“,•”•i‚Λ‚η‚Ά,‚»,‚»‰w‘O,282162,•ΊΙ§,‚»s,‚»’¬‹{‘O’¬,2021[sanitize]07[sanitize]26,11,’“Τi—Φjκ,’“Τi—Φjκ,‚Θ‚µ
ή“,•”•i‚Λ‚η‚Ά,•PH,‹ϋ,282014,•ΊΙ§,•PHs,‹΄”V’¬,2021[sanitize]03[sanitize]14,16,’“Τi—Φjκ,’“Τi—Φjκ,ƒiƒ“ƒo[ƒvƒ[ƒg
ή“,•”•i‚Λ‚η‚Ά,•PH,‹ϋ,282014,•ΊΙ§,•PHs,–r’¬,2021[sanitize]10[sanitize]17,21,‚SK‚ΔΘγ‹¤“―Z‘ξ,’“Τi—Φjκ,‚»‚Μ‘Ό
ή“,•”•i‚Λ‚η‚Ά,•PH,ι“μ,282014,•ΊΙ§,•PHs,β³’¬,2021[sanitize]10[sanitize]06,20,’“Τi—Φjκ,’“Τi—Φjκ,ƒiƒ“ƒo[ƒvƒ[ƒg
ή“,•”•i‚Λ‚η‚Ά,•PH,ι“μ,282014,•ΊΙ§,•PHs,—§’¬,2021[sanitize]03[sanitize]15,08,“ΉHγ,‚»‚Μ‘Ό,ƒiƒ“ƒo[ƒvƒ[ƒg
ή“,•”•i‚Λ‚η‚Ά,•PH,‘εθ‘O,282014,•ΊΙ§,•PHs,‘Π–{’¬,2021[sanitize]03[sanitize]19,19,κΛZ‘ξ,’“Τi—Φjκ,ƒiƒ“ƒo[ƒvƒ[ƒg
ή“,•”•i‚Λ‚η‚Ά,•PH,•PH‰w‘O,282014,•ΊΙ§,•PHs,‰w‘O’¬,2021[sanitize]01[sanitize]30,15,‚»‚Μ‘Ό,’“Τi—Φjκ,‚»‚Μ‘Ό
ή“,•”•i‚Λ‚η‚Ά,•PH,•PH‰w‘O,282014,•ΊΙ§,•PHs,‰w‘O’¬,2021[sanitize]04[sanitize]18,20,‚»‚Μ‘Ό,’“Τi—Φjκ,‚»‚Μ‘Ό
ή“,•”•i‚Λ‚η‚Ά,•PH,•PH‰w“μ,282014,•ΊΙ§,•PHs,Ά•Ϋ,2021[sanitize]11[sanitize]05,18,‚»‚Μ‘Ό‚ΜZ‘ξi‚RK‚ΔΘ‰Ί‹¤“―Z‘ξ“™j,’“Τi—Φjκ,ƒiƒ“ƒo[ƒvƒ[ƒg
ή“,•”•i‚Λ‚η‚Ά,•PH,•PH‰w“μ,282014,•ΊΙ§,•PHs,“μ‰w‘O’¬,2021[sanitize]01[sanitize]10,10,‚»‚Μ‘Ό,’“Τi—Φjκ,ƒiƒ“ƒo[ƒvƒ[ƒg
ή“,•”•i‚Λ‚η‚Ά,•PH,•PH‰w“μ,282014,•ΊΙ§,•PHs,“μπ,2021[sanitize]07[sanitize]31,18,‚»‚Μ‘Ό‚ΜZ‘ξi‚RK‚ΔΘ‰Ί‹¤“―Z‘ξ“™j,’“Τi—Φjκ,ƒiƒ“ƒo[ƒvƒ[ƒg
ή“,•”•i‚Λ‚η‚Ά,•PH,•PH‰w“μ,282014,•ΊΙ§,•PHs,–kπ”~΄’¬,2021[sanitize]09[sanitize]19,01,‚SK‚ΔΘγ‹¤“―Z‘ξ,’“Τi—Φjκ,‚»‚Μ‘Ό
ή“,•”•i‚Λ‚η‚Ά,•PH,•PH‰w“μ,282014,•ΊΙ§,•PHs,–kπ”~΄’¬,2021[sanitize]12[sanitize]04,22,‚»‚Μ‘Ό‚ΜZ‘ξi‚RK‚ΔΘ‰Ί‹¤“―Z‘ξ“™j,’“Τi—Φjκ,‚»‚Μ‘Ό
ή“,•”•i‚Λ‚η‚Ά,•PH,•PH‰w“μ,282014,•ΊΙ§,•PHs,–kπ‹{‚Μ’¬,2021[sanitize]03[sanitize]22,01,“ΉHγ,‚»‚Μ‘Ό,‚»‚Μ‘Ό
ή“,•”•i‚Λ‚η‚Ά,•PH,ΐu,282014,•ΊΙ§,•PHs,ΐ•x’¬ΐu,2021[sanitize]04[sanitize]05,15,‚»‚Μ‘Ό,’“Τi—Φjκ,‚»‚Μ‘Ό
ή“,•”•i‚Λ‚η‚Ά,•PH,R“c,282014,•ΊΙ§,•PHs,R“c’¬“μR“c,2021[sanitize]05[sanitize]21,17,‚»‚Μ‘Ό,’“Τi—Φjκ,‚»‚Μ‘Ό
ή“,•”•i‚Λ‚η‚Ά,•PH,R“c,282014,•ΊΙ§,•PHs,R“c’¬“μR“c,2021[sanitize]05[sanitize]22,17,‚»‚Μ‘Ό,’“Τi—Φjκ,‚»‚Μ‘Ό
ή“,•”•i‚Λ‚η‚Ά,•PH,‘Κ,282014,•ΊΙ§,•PHs,“o,2021[sanitize]05[sanitize]12,17,‚»‚Μ‘Ό,’“Τi—Φjκ,‚»‚Μ‘Ό
ή“,•”•i‚Λ‚η‚Ά,•PH,‘Κ,282014,•ΊΙ§,•PHs,‘Κ,2021[sanitize]06[sanitize]01,18,κΛZ‘ξ,’“Τi—Φjκ,‚Θ‚µ
ή“,•”•i‚Λ‚η‚Ά,•PH,‘Κ,282014,•ΊΙ§,•PHs,‘Κ‘δ‚R’–Ϊ,2021[sanitize]02[sanitize]10,19,‚SK‚ΔΘγ‹¤“―Z‘ξ,’“Τi—Φjκ,ƒ^ƒCƒ„EƒzƒC[ƒ‹
ή“,•”•i‚Λ‚η‚Ά,•PH,_“c,282014,•ΊΙ§,•PHs,η‘γ“c’¬,2021[sanitize]03[sanitize]26,16,’“Τi—Φjκ,’“Τi—Φjκ,ƒiƒ“ƒo[ƒvƒ[ƒg
ή“,•”•i‚Λ‚η‚Ά,•PH,_“c,282014,•ΊΙ§,•PHs,“yR‚R’–Ϊ,2021[sanitize]03[sanitize]09,15,‚»‚Μ‘Ό,’“Τi—Φjκ,‚»‚Μ‘Ό
ή“,•”•i‚Λ‚η‚Ά,•PH,–L‘,282014,•ΊΙ§,•PHs,ό“’¬²—Ηa,2021[sanitize]02[sanitize]08,15,κΛZ‘ξ,’“Τi—Φjκ,‚»‚Μ‘Ό
ή“,•”•i‚Λ‚η‚Ά,•PH,–L‘,282014,•ΊΙ§,•PHs,ό“’¬–L‘,2021[sanitize]01[sanitize]28,18,κΛZ‘ξ,’“Τi—Φjκ,ƒiƒ“ƒo[ƒvƒ[ƒg
ή“,•”•i‚Λ‚η‚Ά,•PH,–L•x,282014,•ΊΙ§,•PHs,–L•x’¬–L•x,2021[sanitize]01[sanitize]05,18,’“Τi—Φjκ,’“Τi—Φjκ,‚Θ‚µ
ή“,•”•i‚Λ‚η‚Ά,•PH,–μ—Ά,282014,•ΊΙ§,•PHs,‘ε–μ’¬,2021[sanitize]08[sanitize]24,18,‚SK‚ΔΘγ‹¤“―Z‘ξ,’“Τi—Φjκ,ƒ^ƒCƒ„EƒzƒC[ƒ‹
ή“,•”•i‚Λ‚η‚Ά,•PH,–μ—Ά,282014,•ΊΙ§,•PHs,–μ—Άc‰_›‘O’¬,2021[sanitize]04[sanitize]07,16,‚SK‚ΔΘγ‹¤“―Z‘ξ,’“Τi—Φjκ,‚»‚Μ‘Ό
ή“,•”•i‚Λ‚η‚Ά,•PH,–μ—Ά‰w‘O,282014,•ΊΙ§,•PHs,”’‘‚Q’–Ϊ,2021[sanitize]04[sanitize]02,19,’“Τi—Φjκ,’“Τi—Φjκ,ƒiƒ“ƒo[ƒvƒ[ƒg
ή“,•”•i‚Λ‚η‚Ά,•PH,–μ—Ά‰w‘O,282014,•ΊΙ§,•PHs,Ό’†“‡,2020[sanitize]12[sanitize]28,19,’“Τi—Φjκ,’“Τi—Φjκ,ƒJ[ƒiƒr
ή“,•”•i‚Λ‚η‚Ά,•PH,–μ—Ά‰w‘O,282014,•ΊΙ§,•PHs,Ό’†“‡,2021[sanitize]09[sanitize]19,06,‚SK‚ΔΘγ‹¤“―Z‘ξ,’“Τi—Φjκ,‚»‚Μ‘Ό
ή“,•”•i‚Λ‚η‚Ά,•PH,–μ—Ά‰w‘O,282014,•ΊΙ§,•PHs,–μ—Ά,2021[sanitize]02[sanitize]05,18,’“Τi—Φjκ,’“Τi—Φjκ,ƒJ[ƒiƒr
ή“,•”•i‚Λ‚η‚Ά,•PH,–μ—Ά‰w‘O,282014,•ΊΙ§,•PHs,–μ—Ά,2021[sanitize]03[sanitize]15,16,’“Τi—Φjκ,’“Τi—Φjκ,‚»‚Μ‘Ό
ή“,•”•i‚Λ‚η‚Ά,•PH,όΌ,282014,•ΊΙ§,•PHs,‘Ε‰z,2020[sanitize]12[sanitize]25,13,’“Τi—Φjκ,’“Τi—Φjκ,‚»‚Μ‘Ό
ή“,•”•i‚Λ‚η‚Ά,•PH,όΌ,282014,•ΊΙ§,•PHs,‘Ε‰z,2020[sanitize]12[sanitize]25,15,’“Τi—Φjκ,’“Τi—Φjκ,‚»‚Μ‘Ό
ή“,•”•i‚Λ‚η‚Ά,•PH,όΌ,282014,•ΊΙ§,•PHs,ΐ–@›,2020[sanitize]12[sanitize]28,18,‚»‚Μ‘Ό,’“Τi—Φjκ,‚»‚Μ‘Ό
ή“,•”•i‚Λ‚η‚Ά,•PH,›,282014,•ΊΙ§,•PHs,›’¬C,2021[sanitize]02[sanitize]14,10,‚»‚Μ‘Ό,’“Τi—Φjκ,‚»‚Μ‘Ό
ή“,•”•i‚Λ‚η‚Ά,ό–,΅h,282014,•ΊΙ§,•PHs,‰Ίθ–μ‚P’–Ϊ,2021[sanitize]05[sanitize]29,14,‚»‚Μ‘Ό,’“Τi—Φjκ,ƒiƒ“ƒo[ƒvƒ[ƒg
ή“,•”•i‚Λ‚η‚Ά,ό–,΅h,282014,•ΊΙ§,•PHs,Ό΅h‚R’–Ϊ,2021[sanitize]08[sanitize]31,07,‚»‚Μ‘Ό,’“Τi—Φjκ,ƒ^ƒCƒ„EƒzƒC[ƒ‹
ή“,•”•i‚Λ‚η‚Ά,ό–,΅h,282014,•ΊΙ§,•PHs,“–²‘O‘δ‚Q’–Ϊ,2021[sanitize]03[sanitize]03,16,‚SK‚ΔΘγ‹¤“―Z‘ξ,’“Τi—Φjκ,‚»‚Μ‘Ό
ή“,•”•i‚Λ‚η‚Ά,ό–,΅h,282014,•ΊΙ§,•PHs,“–²‘O‘δ‚Q’–Ϊ,2021[sanitize]03[sanitize]28,20,‚SK‚ΔΘγ‹¤“―Z‘ξ,’“Τi—Φjκ,‚»‚Μ‘Ό
ή“,•”•i‚Λ‚η‚Ά,ό–,΅h,282014,•ΊΙ§,•PHs,“–²‘O‘δ‚Q’–Ϊ,2021[sanitize]06[sanitize]04,17,‚SK‚ΔΘγ‹¤“―Z‘ξ,’“Τi—Φjκ,‚»‚Μ‘Ό
ή“,•”•i‚Λ‚η‚Ά,ό–,”ª–Ψ,282014,•ΊΙ§,•PHs,–Ψκ\”ª”½’¬,2021[sanitize]04[sanitize]23,16,‚»‚Μ‘Ό,’“Τi—Φjκ,‚»‚Μ‘Ό
ή“,•”•i‚Λ‚η‚Ά,ό–,•Κ,282014,•ΊΙ§,•PHs,•Κ’¬–kh,2021[sanitize]10[sanitize]13,13,‚»‚Μ‘Ό,’“Τi—Φjκ,ƒiƒ“ƒo[ƒvƒ[ƒg
ή“,•”•i‚Λ‚η‚Ά,ό–,•Κ,282014,•ΊΙ§,•PHs,•Κ’¬²“y‚Q’–Ϊ,2021[sanitize]02[sanitize]06,23,‚»‚Μ‘Ό‚ΜZ‘ξi‚RK‚ΔΘ‰Ί‹¤“―Z‘ξ“™j,’“Τi—Φjκ,ƒJ[ƒiƒr
ή“,•”•i‚Λ‚η‚Ά,ό–,‘ε‰–,282014,•ΊΙ§,•PHs,‘ε‰–’¬,2021[sanitize]10[sanitize]15,06,‚»‚Μ‘Ό,’“Τi—Φjκ,ƒiƒ“ƒo[ƒvƒ[ƒg
ή“,•”•i‚Λ‚η‚Ά,ό–,‹{,282014,•ΊΙ§,•PHs,ό–‹ζΧ],2021[sanitize]01[sanitize]31,20,‚»‚Μ‘Ό,’“Τi—Φjκ,‚»‚Μ‘Ό
ή“,•”•i‚Λ‚η‚Ά,ό–,vΔ‹΄,282014,•ΊΙ§,•PHs,ό–‹ζ‰Α–Ξ,2021[sanitize]05[sanitize]07,20,‚»‚Μ‘Ό,’“Τi—Φjκ,ƒ^ƒCƒ„EƒzƒC[ƒ‹
ή“,•”•i‚Λ‚η‚Ά,ό–,θ•Ώ,282014,•ΊΙ§,•PHs,θ•Ώ,2021[sanitize]11[sanitize]03,09,‚»‚Μ‘Ό‚ΜZ‘ξi‚RK‚ΔΘ‰Ί‹¤“―Z‘ξ“™j,’“Τi—Φjκ,ƒ^ƒCƒ„EƒzƒC[ƒ‹
ή“,•”•i‚Λ‚η‚Ά,ό–,΄…,282014,•ΊΙ§,•PHs,ό–‹ζO‘ξ‚P’–Ϊ,2021[sanitize]03[sanitize]23,18,‚»‚Μ‘Ό,’“Τi—Φjκ,‚»‚Μ‘Ό
ή“,•”•i‚Λ‚η‚Ά,ό–,”’•l,282014,•ΊΙ§,•PHs,”’•l’¬,2021[sanitize]01[sanitize]17,16,‚SK‚ΔΘγ‹¤“―Z‘ξ,’“Τi—Φjκ,ƒiƒ“ƒo[ƒvƒ[ƒg
ή“,•”•i‚Λ‚η‚Ά,ό–,”’•l,282014,•ΊΙ§,•PHs,”’•l’¬,2021[sanitize]05[sanitize]20,04,‚SK‚ΔΘγ‹¤“―Z‘ξ,’“Τi—Φjκ,‚»‚Μ‘Ό
ή“,•”•i‚Λ‚η‚Ά,ό–,”’•l,282014,•ΊΙ§,•PHs,”’•l’¬,2021[sanitize]09[sanitize]17,07,‚»‚Μ‘Ό,’“Τi—Φjκ,‚»‚Μ‘Ό
ή“,•”•i‚Λ‚η‚Ά,ό–,”’•l,282014,•ΊΙ§,•PHs,”’•l’¬‰F²θ“μ‚Q’–Ϊ,2021[sanitize]07[sanitize]24,12,‚»‚Μ‘Ό,’“Τi—Φjκ,‚»‚Μ‘Ό
ή“,•”•i‚Λ‚η‚Ά,ό–,ό–“,282014,•ΊΙ§,•PHs,ό–‹ζ’†“‡‚P’–Ϊ,2021[sanitize]09[sanitize]17,15,‚»‚Μ‘Ό,‚»‚Μ‘Ό,ƒiƒ“ƒo[ƒvƒ[ƒg
ή“,•”•i‚Λ‚η‚Ά,–Τ±,”ª”¦,282014,•ΊΙ§,•PHs,L”¨‹ζ—“c‚S’–Ϊ,2021[sanitize]05[sanitize]31,12,‚»‚Μ‘Ό,‚»‚Μ‘Ό,ƒiƒ“ƒo[ƒvƒ[ƒg
ή“,•”•i‚Λ‚η‚Ά,–Τ±,”ª”¦,282014,•ΊΙ§,•PHs,L”¨‹ζΛ,2021[sanitize]12[sanitize]14,17,’“Τi—Φjκ,’“Τi—Φjκ,‚»‚Μ‘Ό
ή“,•”•i‚Λ‚η‚Ά,–Τ±,”ª”¦,282014,•ΊΙ§,•PHs,L”¨‹ζιR’¬,2021[sanitize]02[sanitize]27,17,‚SK‚ΔΘγ‹¤“―Z‘ξ,’“Τi—Φjκ,‚»‚Μ‘Ό
ή“,•”•i‚Λ‚η‚Ά,–Τ±,”ª”¦,282014,•ΊΙ§,•PHs,L”¨‹ζΌ–²‘O‘δ‚T’–Ϊ,2021[sanitize]04[sanitize]05,00,‚SK‚ΔΘγ‹¤“―Z‘ξ,’“Τi—Φjκ,ƒiƒ“ƒo[ƒvƒ[ƒg
ή“,•”•i‚Λ‚η‚Ά,–Τ±,΄,282014,•ΊΙ§,•PHs,΄‹ζ‹{“c,2021[sanitize]11[sanitize]01,11,κΛZ‘ξ,’“Τi—Φjκ,ƒ^ƒCƒ„EƒzƒC[ƒ‹
ή“,•”•i‚Λ‚η‚Ά,–Τ±,‹g”ό,282014,•ΊΙ§,•PHs,‘ε’Γ‹ζ•½Ό,2021[sanitize]04[sanitize]26,21,‚»‚Μ‘Ό‚ΜZ‘ξi‚RK‚ΔΘ‰Ί‹¤“―Z‘ξ“™j,’“Τi—Φjκ,‚»‚Μ‘Ό
ή“,•”•i‚Λ‚η‚Ά,–Τ±,‹g”ό,282014,•ΊΙ§,•PHs,‘ε’Γ‹ζ•½Ό,2021[sanitize]07[sanitize]13,17,‚»‚Μ‘Ό,’“Τi—Φjκ,‚»‚Μ‘Ό
ή“,•”•i‚Λ‚η‚Ά,–Τ±,L”¨,282014,•ΊΙ§,•PHs,L”¨‹ζαΘ’¬‚R’–Ϊ,2021[sanitize]07[sanitize]21,18,’“Τi—Φjκ,’“Τi—Φjκ,‚»‚Μ‘Ό
ή“,•”•i‚Λ‚η‚Ά,–Τ±,L”¨,282014,•ΊΙ§,•PHs,L”¨‹ζ¬Ό’¬‚P’–Ϊ,2021[sanitize]12[sanitize]05,02,‚»‚Μ‘Ό,’“Τi—Φjκ,‚»‚Μ‘Ό
ή“,•”•i‚Λ‚η‚Ά,–Τ±,L”¨,282014,•ΊΙ§,•PHs,L”¨‹ζ–²‘O’¬‚P’–Ϊ,2021[sanitize]07[sanitize]15,05,‚»‚Μ‘Ό,’“Τi—Φjκ,ƒiƒ“ƒo[ƒvƒ[ƒg
ή“,•”•i‚Λ‚η‚Ά,–Τ±,Vέ‰Ζ,282014,•ΊΙ§,•PHs,–Τ±‹ζ_“ΰ–{’¬,2021[sanitize]04[sanitize]05,17,‚»‚Μ‘Ό‚ΜZ‘ξi‚RK‚ΔΘ‰Ί‹¤“―Z‘ξ“™j,’“Τi—Φjκ,ƒ^ƒCƒ„EƒzƒC[ƒ‹
ή“,•”•i‚Λ‚η‚Ά,–Τ±,“Ε‘O,282014,•ΊΙ§,•PHs,—]•”‹ζγ—]•”,2020[sanitize]12[sanitize]28,18,’“Τi—Φjκ,’“Τi—Φjκ,ƒJ[ƒiƒr
ή“,•”•i‚Λ‚η‚Ά,•θ,•θ“,284432,•ΊΙ§,•θ’¬,“μ“c΄,2021[sanitize]06[sanitize]19,09,‚»‚Μ‘Ό,’“Τi—Φjκ,‚»‚Μ‘Ό
ή“,•”•i‚Λ‚η‚Ά,•θ,•θ‰w‘O,284432,•ΊΙ§,•θ’¬,Ό΅,2021[sanitize]02[sanitize]27,20,‚»‚Μ‘Ό,’“Τi—Φjκ,‚»‚Μ‘Ό
ή“,•”•i‚Λ‚η‚Ά,•θ,•θ‰w‘O,284432,•ΊΙ§,•θ’¬,•“c,2021[sanitize]08[sanitize]16,22,‚»‚Μ‘Ό,‚»‚Μ‘Ό,‚»‚Μ‘Ό
ή“,•”•i‚Λ‚η‚Ά,•θ,•θ‰w‘O,284432,•ΊΙ§,•θ’¬,‚‹΄,2021[sanitize]02[sanitize]27,20,‚»‚Μ‘Ό,’“Τi—Φjκ,‚»‚Μ‘Ό
ή“,•”•i‚Λ‚η‚Ά,‚½‚Β‚Μ,‘Ύ“c,284645,•ΊΙ§,‘Ύq’¬,“V–R,2021[sanitize]02[sanitize]10,08,‚SK‚ΔΘγ‹¤“―Z‘ξ,’“Τi—Φjκ,ƒ^ƒCƒ„EƒzƒC[ƒ‹
ή“,•”•i‚Λ‚η‚Ά,‚½‚Β‚Μ,‘Ύ“c,284645,•ΊΙ§,‘Ύq’¬,΄,2021[sanitize]05[sanitize]21,18,’“Τi—Φjκ,’“Τi—Φjκ,ƒ^ƒCƒ„EƒzƒC[ƒ‹
ή“,•”•i‚Λ‚η‚Ά,‚½‚Β‚Μ,Ί’Γ,282294,•ΊΙ§,‚½‚Β‚Μs,δ’Γ’¬Ί’Γ,2021[sanitize]11[sanitize]03,18,’“Τi—Φjκ,’“Τi—Φjκ,ƒ^ƒCƒ„EƒzƒC[ƒ‹
ή“,•”•i‚Λ‚η‚Ά,‚½‚Β‚Μ,”Α”µ,284645,•ΊΙ§,‘Ύq’¬,Ά‘],2021[sanitize]07[sanitize]30,17,’“Τi—Φjκ,’“Τi—Φjκ,‚»‚Μ‘Ό
ή“,•”•i‚Λ‚η‚Ά,‚½‚Β‚Μ,”Α”µ,284645,•ΊΙ§,‘Ύq’¬,’|L,2021[sanitize]12[sanitize]19,17,κΛZ‘ξ,’“Τi—Φjκ,‚»‚Μ‘Ό
ή“,•”•i‚Λ‚η‚Ά,‚½‚Β‚Μ,V‹{,282294,•ΊΙ§,‚½‚Β‚Μs,V‹{’¬’i”Vγ,2021[sanitize]10[sanitize]20,16,κΛZ‘ξ,’“Τi—Φjκ,‚»‚Μ‘Ό
ή“,•”•i‚Λ‚η‚Ά,‚½‚Β‚Μ,–{—΄–μ‰w‘O,282294,•ΊΙ§,‚½‚Β‚Μs,—΄–μ’¬“°–{,2021[sanitize]12[sanitize]04,20,‚»‚Μ‘Ό‚ΜZ‘ξi‚RK‚ΔΘ‰Ί‹¤“―Z‘ξ“™j,’“Τi—Φjκ,‚»‚Μ‘Ό
ή“,•”•i‚Λ‚η‚Ά,‚½‚Β‚Μ,–{—΄–μ‰w‘O,282294,•ΊΙ§,‚½‚Β‚Μs,—΄–μ’¬•x‰i,2021[sanitize]06[sanitize]14,11,‚»‚Μ‘Ό,’“Τi—Φjκ,‚»‚Μ‘Ό
ή“,•”•i‚Λ‚η‚Ά,‚½‚Β‚Μ,_•”,282294,•ΊΙ§,‚½‚Β‚Μs,,2021[sanitize]02[sanitize]19,07,‚»‚Μ‘Ό,’“Τi—Φjκ,ƒiƒ“ƒo[ƒvƒ[ƒg
ή“,•”•i‚Λ‚η‚Ά,‚½‚Β‚Μ,_•”,282294,•ΊΙ§,‚½‚Β‚Μs,—K•Ϋμ’¬_Λ–kR,2021[sanitize]12[sanitize]13,21,‚»‚Μ‘Ό‚ΜZ‘ξi‚RK‚ΔΘ‰Ί‹¤“―Z‘ξ“™j,’“Τi—Φjκ,‚»‚Μ‘Ό
ή“,•”•i‚Λ‚η‚Ά,‘¶,‘¶‰w‘O,282081,•ΊΙ§,‘¶s,–{‹½’¬,2021[sanitize]01[sanitize]29,13,‚»‚Μ‘Ό,’“Τi—Φjκ,‚»‚Μ‘Ό
ή“,•”•i‚Λ‚η‚Ά,‘¶,“ί”g–μ,282081,•ΊΙ§,‘¶s,“ί”g–μ,2021[sanitize]11[sanitize]17,08,‚»‚Μ‘Ό,’“Τi—Φjκ,‚»‚Μ‘Ό
ή“,•”•i‚Λ‚η‚Ά,Τ•δ,‰–‰®,282120,•ΊΙ§,Τ•δs,‹{‘O’¬,2021[sanitize]07[sanitize]15,09,‚»‚Μ‘Ό‚ΜZ‘ξi‚RK‚ΔΘ‰Ί‹¤“―Z‘ξ“™j,’“Τi—Φjκ,‚»‚Μ‘Ό
ή“,•”•i‚Λ‚η‚Ά,³Ύ,ΐ‰κ,282278,•ΊΙ§,³Ύs,”g‰κ’¬¬–μ,2021[sanitize]01[sanitize]02,12,κΛZ‘ξ,‚»‚Μ‘Ό,ƒiƒ“ƒo[ƒvƒ[ƒg
ή“,•”•i‚Λ‚η‚Ά,³Ύ,Rθ’†‰›,282278,•ΊΙ§,³Ύs,Rθ’¬―”\,2021[sanitize]01[sanitize]10,16,’“Τi—Φjκ,’“Τi—Φjκ,‚»‚Μ‘Ό
ή“,•”•i‚Λ‚η‚Ά,³Ύ,‰Ν“,282278,•ΊΙ§,³Ύs,Rθ’¬‚,2021[sanitize]02[sanitize]07,20,κΛZ‘ξ,‚»‚Μ‘Ό,ƒiƒ“ƒo[ƒvƒ[ƒg
ή“,•”•i‚Λ‚η‚Ά,“μ’A”n,sκ,282251,•ΊΙ§,’©—s,a“cR’¬—Ρ_,2021[sanitize]06[sanitize]28,18,’“Τi—Φjκ,’“Τi—Φjκ,‚»‚Μ‘Ό
ή“,•”•i‚Λ‚η‚Ά,“μ’A”n,–ξ–Ό£,282251,•ΊΙ§,’©—s,R“’¬‘κ“c,2021[sanitize]04[sanitize]07,18,’“Τi—Φjκ,’“Τi—Φjκ,‚»‚Μ‘Ό
ή“,•”•i‚Λ‚η‚Ά,—{•ƒ,γ–μ,282227,•ΊΙ§,—{•ƒs,¬ι,2021[sanitize]01[sanitize]26,21,‚»‚Μ‘Ό,’“Τi—Φjκ,‚»‚Μ‘Ό
ή“,•”•i‚Λ‚η‚Ά,–L‰ª,—“ϊ,282090,•ΊΙ§,–L‰ªs,ιθ’¬Λ“‡,2021[sanitize]07[sanitize]11,18,’“Τi—Φjκ,’“Τi—Φjκ,ƒ^ƒCƒ„EƒzƒC[ƒ‹
ή“,•”•i‚Λ‚η‚Ά,–L‰ª,]΄,282090,•ΊΙ§,–L‰ªs,“ϊ‚’¬R–{,2021[sanitize]04[sanitize]02,20,’“Τi—Φjκ,’“Τi—Φjκ,ƒiƒ“ƒo[ƒvƒ[ƒg
ή“,•”•i‚Λ‚η‚Ά,”ό•ϋ,•lβ‰w‘O,285862,•ΊΙ§,V‰·ς’¬,•lβ,2021[sanitize]04[sanitize]07,13,κΛZ‘ξ,‚»‚Μ‘Ό,ƒiƒ“ƒo[ƒvƒ[ƒg
ή“,•”•i‚Λ‚η‚Ά,F–{,“ΰ’¬,282057,•ΊΙ§,F–{s,‰–‰®‚P’–Ϊ,2021[sanitize]02[sanitize]13,15,‚»‚Μ‘Ό,’“Τi—Φjκ,‚»‚Μ‘Ό
ή“,•”•i‚Λ‚η‚Ά,F–{,“ΰ’¬,282057,•ΊΙ§,F–{s,‰–‰®‚P’–Ϊ,2021[sanitize]07[sanitize]20,07,‚»‚Μ‘Ό,’“Τi—Φjκ,‚»‚Μ‘Ό
ή“,•”•i‚Λ‚η‚Ά,F–{,‰FR,282057,•ΊΙ§,F–{s,‰Ί‰Α–Ξ‚P’–Ϊ,2021[sanitize]09[sanitize]09,20,‚»‚Μ‘Ό‚ΜZ‘ξi‚RK‚ΔΘ‰Ί‹¤“―Z‘ξ“™j,’“Τi—Φjκ,ƒiƒ“ƒo[ƒvƒ[ƒg
ή“,•”•i‚Λ‚η‚Ά,’WH,‰Y,282260,•ΊΙ§,’WHs,“ν–{,2021[sanitize]06[sanitize]09,18,“ΉHγ,‚»‚Μ‘Ό,ƒiƒ“ƒo[ƒvƒ[ƒg
ή“,•”•i‚Λ‚η‚Ά,“μ‚ ‚ν‚¶,L“c,282243,•ΊΙ§,“μ‚ ‚ν‚¶s,R“Y,2021[sanitize]02[sanitize]23,22,‚»‚Μ‘Ό‚ΜZ‘ξi‚RK‚ΔΘ‰Ί‹¤“―Z‘ξ“™j,’“Τi—Φjκ,ƒiƒ“ƒo[ƒvƒ[ƒg