罪名,手口,管轄警察署（発生地）,管轄交番・駐在所（発生地）,市区町村コード（発生地）,都道府県（発生地）,市区町村（発生地）,町丁目（発生地）,発生年月日（始期）,発生時（始期）,発生場所,発生場所の詳細,被害者の年齢,被害者の職業,施錠関係
窃盗,自転車盗,小野,下来住,282189,兵庫県,小野市,下来住町,2023[sanitize]09[sanitize]15,07,その他,駐車（輪）場,40歳代,その他,施錠せず
窃盗,自転車盗,小野,下来住,282189,兵庫県,小野市,下来住町,2023[sanitize]09[sanitize]24,20,その他,駐車（輪）場,10歳代,高校生,施錠せず
窃盗,自転車盗,小野,小野駅前,282189,兵庫県,小野市,王子町,2023[sanitize]08[sanitize]19,17,その他,駐車（輪）場,10歳代,高校生,施錠せず
窃盗,自転車盗,小野,小野駅前,282189,兵庫県,小野市,王子町,2023[sanitize]11[sanitize]24,16,その他,その他,70歳以上,その他,施錠せず
窃盗,自転車盗,小野,小野駅前,282189,兵庫県,小野市,神明町,2023[sanitize]06[sanitize]15,16,４階建て以上共同住宅,駐車（輪）場,40歳代,その他,施錠せず
窃盗,自転車盗,小野,小野駅前,282189,兵庫県,小野市,田園町,2023[sanitize]10[sanitize]02,17,４階建て以上共同住宅,駐車（輪）場,10歳代,小学生,施錠した
窃盗,自転車盗,小野,小野駅前,282189,兵庫県,小野市,中町,2023[sanitize]11[sanitize]25,17,駐車（輪）場,駐車（輪）場,10歳代,大学生,施錠せず
窃盗,自転車盗,小野,小野駅前,282189,兵庫県,小野市,西本町,2023[sanitize]03[sanitize]08,07,駐車（輪）場,駐車（輪）場,10歳代,高校生,施錠せず
窃盗,自転車盗,小野,小野駅前,282189,兵庫県,小野市,西本町,2023[sanitize]03[sanitize]10,18,駐車（輪）場,駐車（輪）場,20歳代,大学生,施錠せず
窃盗,自転車盗,小野,小野駅前,282189,兵庫県,小野市,西本町,2023[sanitize]10[sanitize]21,07,駐車（輪）場,駐車（輪）場,10歳代,高校生,施錠せず
窃盗,自転車盗,小野,小野駅前,282189,兵庫県,小野市,葉多町,2023[sanitize]08[sanitize]27,08,その他,駐車（輪）場,10歳代,高校生,施錠せず
窃盗,自転車盗,小野,小野駅前,282189,兵庫県,小野市,本町,2023[sanitize]07[sanitize]06,05,その他,駐車（輪）場,50歳代,その他,施錠せず
窃盗,自転車盗,小野,栗生,282189,兵庫県,小野市,粟生町,2023[sanitize]06[sanitize]12,07,駐車（輪）場,駐車（輪）場,10歳代,高校生,施錠せず
窃盗,自転車盗,小野,河合,282189,兵庫県,小野市,新部町,2023[sanitize]07[sanitize]21,17,一戸建住宅,駐車（輪）場,30歳代,その他,施錠せず
窃盗,自転車盗,小野,河合,282189,兵庫県,小野市,新部町,2023[sanitize]07[sanitize]24,16,一戸建住宅,駐車（輪）場,70歳以上,その他,施錠せず
窃盗,自転車盗,三田,あいの里,282197,兵庫県,三田市,藍本,2023[sanitize]06[sanitize]23,07,その他,駐車（輪）場,10歳代,高校生,施錠せず
窃盗,自転車盗,三田,あいの里,282197,兵庫県,三田市,下相野,2023[sanitize]10[sanitize]14,12,その他,駐車（輪）場,20歳代,大学生,施錠せず
窃盗,自転車盗,三田,あいの里,282197,兵庫県,三田市,下相野,2023[sanitize]11[sanitize]25,10,その他,駐車（輪）場,20歳代,その他,施錠せず
窃盗,自転車盗,三田,ウッディタウン中央,282197,兵庫県,三田市,けやき台１丁目,2023[sanitize]10[sanitize]19,19,その他,駐車（輪）場,10歳代,大学生,施錠せず
窃盗,自転車盗,三田,ウッディタウン中央,282197,兵庫県,三田市,けやき台１丁目,2023[sanitize]10[sanitize]22,15,駐車（輪）場,駐車（輪）場,10歳代,大学生,施錠せず
窃盗,自転車盗,三田,ウッディタウン中央,282197,兵庫県,三田市,けやき台１丁目,2023[sanitize]10[sanitize]27,19,その他,駐車（輪）場,10歳代,中学生,施錠せず
窃盗,自転車盗,三田,ウッディタウン中央,282197,兵庫県,三田市,けやき台１丁目,2023[sanitize]12[sanitize]25,12,その他,駐車（輪）場,10歳代,中学生,施錠せず
窃盗,自転車盗,三田,ウッディタウン中央,282197,兵庫県,三田市,けやき台３丁目,2023[sanitize]08[sanitize]22,19,一戸建住宅,駐車（輪）場,10歳未満,小学生,施錠せず
窃盗,自転車盗,三田,ウッディタウン中央,282197,兵庫県,三田市,,2023[sanitize]06[sanitize]27,13,その他,駐車（輪）場,10歳代,大学生,施錠せず
窃盗,自転車盗,三田,ウッディタウン中央,282197,兵庫県,三田市,学園２丁目,2023[sanitize]10[sanitize]09,12,その他,駐車（輪）場,20歳代,大学生,施錠した
窃盗,自転車盗,三田,ウッディタウン中央,282197,兵庫県,三田市,ゆりのき台１丁目,2023[sanitize]09[sanitize]21,07,その他,駐車（輪）場,10歳代,中学生,施錠せず
窃盗,自転車盗,三田,ウッディタウン中央,282197,兵庫県,三田市,ゆりのき台１丁目,2023[sanitize]12[sanitize]13,07,その他,駐車（輪）場,10歳代,中学生,施錠せず
窃盗,自転車盗,三田,ウッディタウン中央,282197,兵庫県,三田市,,2023[sanitize]10[sanitize]19,15,その他,駐車（輪）場,10歳代,大学生,施錠せず
窃盗,自転車盗,三田,フラワータウン,282197,兵庫県,三田市,武庫が丘１丁目,2023[sanitize]04[sanitize]29,09,駐車（輪）場,駐車（輪）場,10歳代,高校生,施錠せず
窃盗,自転車盗,三田,フラワータウン,282197,兵庫県,三田市,武庫が丘７丁目,2023[sanitize]02[sanitize]17,10,道路上,その他,10歳代,高校生,施錠せず
窃盗,自転車盗,三田,フラワータウン,282197,兵庫県,三田市,富士が丘２丁目,2023[sanitize]03[sanitize]22,13,その他,その他,10歳代,小学生,施錠せず
窃盗,自転車盗,三田,フラワータウン,282197,兵庫県,三田市,弥生が丘１丁目,2022[sanitize]12[sanitize]26,17,その他,駐車（輪）場,10歳代,中学生,施錠せず
窃盗,自転車盗,三田,フラワータウン,282197,兵庫県,三田市,弥生が丘１丁目,2022[sanitize]12[sanitize]28,12,その他,駐車（輪）場,20歳代,その他,施錠した
窃盗,自転車盗,三田,フラワータウン,282197,兵庫県,三田市,弥生が丘１丁目,2023[sanitize]01[sanitize]25,16,その他,駐車（輪）場,10歳代,大学生,施錠した
窃盗,自転車盗,三田,フラワータウン,282197,兵庫県,三田市,弥生が丘１丁目,2023[sanitize]03[sanitize]08,18,その他,駐車（輪）場,20歳代,大学生,施錠した
窃盗,自転車盗,三田,フラワータウン,282197,兵庫県,三田市,弥生が丘１丁目,2023[sanitize]03[sanitize]23,08,その他,駐車（輪）場,10歳代,高校生,施錠せず
窃盗,自転車盗,三田,フラワータウン,282197,兵庫県,三田市,弥生が丘１丁目,2023[sanitize]03[sanitize]28,13,その他,駐車（輪）場,10歳代,中学生,施錠した
窃盗,自転車盗,三田,フラワータウン,282197,兵庫県,三田市,弥生が丘１丁目,2023[sanitize]06[sanitize]11,14,その他,駐車（輪）場,10歳代,中学生,施錠せず
窃盗,自転車盗,三田,フラワータウン,282197,兵庫県,三田市,弥生が丘１丁目,2023[sanitize]06[sanitize]15,08,その他,駐車（輪）場,10歳代,高校生,施錠せず
窃盗,自転車盗,三田,フラワータウン,282197,兵庫県,三田市,弥生が丘１丁目,2023[sanitize]06[sanitize]15,16,その他,駐車（輪）場,10歳代,高校生,施錠せず
窃盗,自転車盗,三田,フラワータウン,282197,兵庫県,三田市,弥生が丘１丁目,2023[sanitize]07[sanitize]20,08,その他,駐車（輪）場,10歳代,高校生,施錠せず
窃盗,自転車盗,三田,フラワータウン,282197,兵庫県,三田市,弥生が丘１丁目,2023[sanitize]10[sanitize]26,19,その他,駐車（輪）場,10歳代,中学生,施錠せず
窃盗,自転車盗,三田,フラワータウン,282197,兵庫県,三田市,弥生が丘１丁目,2023[sanitize]10[sanitize]30,19,駐車（輪）場,駐車（輪）場,10歳代,中学生,施錠せず
窃盗,自転車盗,三田,フラワータウン,282197,兵庫県,三田市,弥生が丘１丁目,2023[sanitize]11[sanitize]11,08,その他,駐車（輪）場,10歳代,高校生,施錠した
窃盗,自転車盗,三田,三田南,282197,兵庫県,三田市,相生町,2023[sanitize]04[sanitize]17,13,４階建て以上共同住宅,駐車（輪）場,30歳代,その他,施錠せず
窃盗,自転車盗,三田,三田南,282197,兵庫県,三田市,相生町,2023[sanitize]06[sanitize]29,07,その他,駐車（輪）場,10歳代,その他,施錠せず
窃盗,自転車盗,三田,三田南,282197,兵庫県,三田市,相生町,2023[sanitize]08[sanitize]06,12,道路上,その他,10歳代,中学生,施錠せず
窃盗,自転車盗,三田,三田南,282197,兵庫県,三田市,対中町,2023[sanitize]11[sanitize]03,19,その他,駐車（輪）場,20歳代,大学生,施錠せず
窃盗,自転車盗,三田,三田南,282197,兵庫県,三田市,寺村町,2023[sanitize]06[sanitize]10,01,４階建て以上共同住宅,駐車（輪）場,10歳代,大学生,施錠せず
窃盗,自転車盗,三田,三田南,282197,兵庫県,三田市,天神１丁目,2023[sanitize]12[sanitize]20,23,その他,駐車（輪）場,40歳代,その他,施錠せず
窃盗,自転車盗,三田,三田南,282197,兵庫県,三田市,天神３丁目,2023[sanitize]03[sanitize]10,17,その他の住宅（３階建て以下共同住宅等）,駐車（輪）場,30歳代,その他,施錠した
窃盗,自転車盗,三田,三田南,282197,兵庫県,三田市,天神３丁目,2023[sanitize]06[sanitize]09,15,その他の住宅（３階建て以下共同住宅等）,駐車（輪）場,10歳代,大学生,施錠せず
窃盗,自転車盗,三田,三田南,282197,兵庫県,三田市,天神３丁目,2023[sanitize]10[sanitize]28,12,その他の住宅（３階建て以下共同住宅等）,駐車（輪）場,20歳代,その他,施錠せず
窃盗,自転車盗,三田,三田南,282197,兵庫県,三田市,西山１丁目,2023[sanitize]08[sanitize]11,20,４階建て以上共同住宅,駐車（輪）場,10歳代,高校生,施錠せず
窃盗,自転車盗,三田,三田南,282197,兵庫県,三田市,西山１丁目,2023[sanitize]09[sanitize]04,16,４階建て以上共同住宅,駐車（輪）場,10歳代,中学生,施錠せず
窃盗,自転車盗,三田,三田南,282197,兵庫県,三田市,南が丘１丁目,2023[sanitize]05[sanitize]23,12,その他,駐車（輪）場,10歳代,高校生,施錠せず
窃盗,自転車盗,三田,三田南,282197,兵庫県,三田市,南が丘１丁目,2023[sanitize]07[sanitize]29,13,一戸建住宅,駐車（輪）場,70歳以上,その他,施錠せず
窃盗,自転車盗,三田,三田南,282197,兵庫県,三田市,南が丘２丁目,2023[sanitize]07[sanitize]10,13,その他,駐車（輪）場,20歳代,大学生,施錠せず
窃盗,自転車盗,三田,三田南,282197,兵庫県,三田市,南が丘２丁目,2023[sanitize]08[sanitize]22,15,その他,駐車（輪）場,10歳代,高校生,施錠せず
窃盗,自転車盗,三田,三田南,282197,兵庫県,三田市,南が丘２丁目,2023[sanitize]09[sanitize]10,14,その他,駐車（輪）場,10歳代,高校生,施錠した
窃盗,自転車盗,三田,三田南,282197,兵庫県,三田市,南が丘２丁目,2023[sanitize]11[sanitize]20,15,その他,駐車（輪）場,10歳代,中学生,施錠せず
窃盗,自転車盗,三田,三田南,282197,兵庫県,三田市,南が丘２丁目,2023[sanitize]12[sanitize]07,16,その他,駐車（輪）場,10歳代,高校生,施錠した
窃盗,自転車盗,三田,三田南,282197,兵庫県,三田市,横山町,2023[sanitize]05[sanitize]17,21,４階建て以上共同住宅,駐車（輪）場,20歳代,大学生,施錠せず
窃盗,自転車盗,三田,三田南,282197,兵庫県,三田市,横山町,2023[sanitize]05[sanitize]24,23,４階建て以上共同住宅,駐車（輪）場,10歳代,大学生,施錠せず
窃盗,自転車盗,三田,三田南,282197,兵庫県,三田市,三田町,2023[sanitize]02[sanitize]27,17,その他の住宅（３階建て以下共同住宅等）,駐車（輪）場,10歳代,大学生,施錠した
窃盗,自転車盗,三田,三田南,282197,兵庫県,三田市,三田町,2023[sanitize]03[sanitize]25,12,駐車（輪）場,駐車（輪）場,10歳代,大学生,施錠せず
窃盗,自転車盗,三田,三田南,282197,兵庫県,三田市,三田町,2023[sanitize]05[sanitize]01,18,その他の住宅（３階建て以下共同住宅等）,その他,20歳代,その他,施錠せず
窃盗,自転車盗,三田,三田南,282197,兵庫県,三田市,三田町,2023[sanitize]05[sanitize]19,00,４階建て以上共同住宅,駐車（輪）場,10歳代,大学生,施錠した
窃盗,自転車盗,三田,三田南,282197,兵庫県,三田市,三田町,2023[sanitize]06[sanitize]11,20,その他の住宅（３階建て以下共同住宅等）,その他,20歳代,大学生,施錠せず
窃盗,自転車盗,三田,三田南,282197,兵庫県,三田市,三田町,2023[sanitize]06[sanitize]19,08,駐車（輪）場,駐車（輪）場,10歳代,その他,施錠せず
窃盗,自転車盗,三田,三田駅前,282197,兵庫県,三田市,大原,2023[sanitize]02[sanitize]24,22,４階建て以上共同住宅,駐車（輪）場,20歳代,大学生,施錠せず
窃盗,自転車盗,三田,三田駅前,282197,兵庫県,三田市,高次１丁目,2023[sanitize]05[sanitize]12,21,４階建て以上共同住宅,駐車（輪）場,20歳代,大学生,施錠せず
窃盗,自転車盗,三田,三田駅前,282197,兵庫県,三田市,高次１丁目,2023[sanitize]07[sanitize]12,20,道路上,その他,20歳代,その他,施錠せず
窃盗,自転車盗,三田,三田駅前,282197,兵庫県,三田市,高次１丁目,2023[sanitize]10[sanitize]01,19,その他の住宅（３階建て以下共同住宅等）,駐車（輪）場,20歳代,その他,施錠せず
窃盗,自転車盗,三田,三田駅前,282197,兵庫県,三田市,福島,2022[sanitize]02[sanitize]01,00,その他,駐車（輪）場,30歳代,その他,施錠せず
窃盗,自転車盗,三田,三田駅前,282197,兵庫県,三田市,三輪４丁目,2023[sanitize]02[sanitize]16,22,その他,駐車（輪）場,20歳代,その他,施錠せず
窃盗,自転車盗,三田,三田駅前,282197,兵庫県,三田市,相生町,2023[sanitize]04[sanitize]13,06,一戸建住宅,駐車（輪）場,50歳代,その他,施錠せず
窃盗,自転車盗,三田,三田駅前,282197,兵庫県,三田市,駅前町,2023[sanitize]09[sanitize]20,07,道路上,その他,30歳代,その他,施錠せず
窃盗,自転車盗,三田,三田駅前,282197,兵庫県,三田市,中央町,2023[sanitize]07[sanitize]09,02,道路上,その他,20歳代,その他,施錠せず
窃盗,自転車盗,三田,三田駅前,282197,兵庫県,三田市,中央町,2023[sanitize]07[sanitize]18,17,４階建て以上共同住宅,駐車（輪）場,20歳代,その他,施錠せず
窃盗,自転車盗,三田,三田駅前,282197,兵庫県,三田市,中央町,2023[sanitize]08[sanitize]01,17,その他,その他,10歳代,高校生,施錠せず
窃盗,自転車盗,三田,三田駅前,282197,兵庫県,三田市,中央町,2023[sanitize]08[sanitize]21,22,４階建て以上共同住宅,駐車（輪）場,10歳代,その他,施錠した
窃盗,自転車盗,三田,三田駅前,282197,兵庫県,三田市,中央町,2023[sanitize]11[sanitize]19,13,４階建て以上共同住宅,駐車（輪）場,10歳代,その他,施錠した
窃盗,自転車盗,三田,三田駅前,282197,兵庫県,三田市,三田町,2023[sanitize]04[sanitize]14,00,その他の住宅（３階建て以下共同住宅等）,その他,20歳代,その他,施錠せず
窃盗,自転車盗,三田,加茂,282197,兵庫県,三田市,上井沢,2023[sanitize]03[sanitize]13,18,一戸建住宅,駐車（輪）場,20歳代,その他,施錠した
窃盗,自転車盗,三田,南ウッディタウン,282197,兵庫県,三田市,福島,2023[sanitize]06[sanitize]09,11,その他,駐車（輪）場,20歳代,大学生,施錠せず
窃盗,自転車盗,三田,南ウッディタウン,282197,兵庫県,三田市,,2023[sanitize]10[sanitize]25,22,その他,駐車（輪）場,10歳代,高校生,施錠せず
窃盗,自転車盗,三田,南ウッディタウン,282197,兵庫県,三田市,あかしあ台４丁目,2023[sanitize]01[sanitize]09,14,その他,その他,10歳代,小学生,施錠せず
窃盗,自転車盗,三田,南ウッディタウン,282197,兵庫県,三田市,あかしあ台４丁目,2023[sanitize]01[sanitize]15,15,その他,その他,10歳代,小学生,施錠せず
窃盗,自転車盗,三田,南ウッディタウン,282197,兵庫県,三田市,すずかけ台２丁目,2023[sanitize]12[sanitize]18,06,その他,その他,10歳代,中学生,施錠せず
窃盗,自転車盗,三田,南ウッディタウン,282197,兵庫県,三田市,すずかけ台３丁目,2023[sanitize]03[sanitize]04,12,その他,駐車（輪）場,20歳代,大学生,施錠せず
窃盗,自転車盗,三田,南ウッディタウン,282197,兵庫県,三田市,すずかけ台３丁目,2023[sanitize]07[sanitize]13,18,その他,駐車（輪）場,10歳代,大学生,施錠せず
窃盗,自転車盗,三田,南ウッディタウン,282197,兵庫県,三田市,すずかけ台３丁目,2023[sanitize]08[sanitize]12,11,道路上,その他,10歳代,その他,施錠せず
窃盗,自転車盗,三田,南ウッディタウン,282197,兵庫県,三田市,すずかけ台３丁目,2023[sanitize]09[sanitize]20,22,４階建て以上共同住宅,駐車（輪）場,20歳代,大学生,施錠した
窃盗,自転車盗,三田,広野,282197,兵庫県,三田市,広野,2023[sanitize]09[sanitize]27,06,その他,駐車（輪）場,10歳代,高校生,施錠せず
窃盗,自転車盗,三田,,282197,兵庫県,三田市,西山１丁目,2023[sanitize]07[sanitize]14,00,その他の住宅（３階建て以下共同住宅等）,駐車（輪）場,10歳代,大学生,施錠した
窃盗,自転車盗,東灘,六甲アイランド,281018,兵庫県,神戸市東灘区,向洋町東３丁目,2023[sanitize]03[sanitize]03,07,道路上,その他,50歳代,その他,施錠した
窃盗,自転車盗,東灘,六甲アイランド,281018,兵庫県,神戸市東灘区,向洋町中１丁目,2023[sanitize]02[sanitize]25,15,その他,駐車（輪）場,40歳代,その他,施錠した
窃盗,自転車盗,東灘,六甲アイランド,281018,兵庫県,神戸市東灘区,向洋町中１丁目,2023[sanitize]04[sanitize]14,08,その他,その他,20歳代,その他,施錠せず
窃盗,自転車盗,東灘,六甲アイランド,281018,兵庫県,神戸市東灘区,向洋町中１丁目,2023[sanitize]06[sanitize]09,09,その他,その他,50歳代,その他,施錠した
窃盗,自転車盗,東灘,六甲アイランド,281018,兵庫県,神戸市東灘区,向洋町中１丁目,2023[sanitize]06[sanitize]21,19,４階建て以上共同住宅,駐車（輪）場,10歳代,大学生,施錠せず
窃盗,自転車盗,東灘,六甲アイランド,281018,兵庫県,神戸市東灘区,向洋町中１丁目,2023[sanitize]06[sanitize]28,17,その他,駐車（輪）場,10歳代,小学生,施錠せず
窃盗,自転車盗,東灘,六甲アイランド,281018,兵庫県,神戸市東灘区,向洋町中１丁目,2023[sanitize]12[sanitize]01,14,道路上,その他,10歳代,大学生,施錠した
窃盗,自転車盗,東灘,六甲アイランド,281018,兵庫県,神戸市東灘区,向洋町中１丁目,不明,不明,道路上,その他,法人・団体、被害者なし,法人・団体、被害者なし,施錠せず
窃盗,自転車盗,東灘,六甲アイランド,281018,兵庫県,神戸市東灘区,向洋町中２丁目,2023[sanitize]01[sanitize]08,14,道路上,その他,10歳代,高校生,施錠せず
窃盗,自転車盗,東灘,六甲アイランド,281018,兵庫県,神戸市東灘区,向洋町中２丁目,2023[sanitize]08[sanitize]24,19,道路上,その他,50歳代,その他,施錠せず
窃盗,自転車盗,東灘,六甲アイランド,281018,兵庫県,神戸市東灘区,向洋町中２丁目,2023[sanitize]09[sanitize]13,20,道路上,その他,10歳代,中学生,施錠せず
窃盗,自転車盗,東灘,六甲アイランド,281018,兵庫県,神戸市東灘区,向洋町中２丁目,2023[sanitize]10[sanitize]18,07,駐車（輪）場,駐車（輪）場,30歳代,その他,施錠した
窃盗,自転車盗,東灘,六甲アイランド,281018,兵庫県,神戸市東灘区,向洋町中２丁目,2023[sanitize]11[sanitize]03,14,道路上,その他,10歳代,小学生,施錠せず
窃盗,自転車盗,東灘,六甲アイランド,281018,兵庫県,神戸市東灘区,向洋町中３丁目,2022[sanitize]11[sanitize]15,18,４階建て以上共同住宅,駐車（輪）場,10歳代,中学生,施錠せず
窃盗,自転車盗,東灘,六甲アイランド,281018,兵庫県,神戸市東灘区,向洋町中３丁目,2023[sanitize]01[sanitize]27,18,４階建て以上共同住宅,駐車（輪）場,10歳代,中学生,施錠した
窃盗,自転車盗,東灘,六甲アイランド,281018,兵庫県,神戸市東灘区,向洋町中３丁目,2023[sanitize]10[sanitize]11,17,駐車（輪）場,駐車（輪）場,30歳代,その他,施錠せず
窃盗,自転車盗,東灘,六甲アイランド,281018,兵庫県,神戸市東灘区,向洋町中３丁目,2023[sanitize]10[sanitize]27,18,駐車（輪）場,駐車（輪）場,40歳代,その他,施錠した
窃盗,自転車盗,東灘,六甲アイランド,281018,兵庫県,神戸市東灘区,向洋町中４丁目,2023[sanitize]02[sanitize]22,08,その他,その他,10歳代,高校生,施錠せず
窃盗,自転車盗,東灘,六甲アイランド,281018,兵庫県,神戸市東灘区,向洋町中５丁目,2022[sanitize]12[sanitize]27,20,４階建て以上共同住宅,駐車（輪）場,60[sanitize]64歳,その他,施錠した
窃盗,自転車盗,東灘,六甲アイランド,281018,兵庫県,神戸市東灘区,向洋町中５丁目,2023[sanitize]01[sanitize]11,17,道路上,その他,10歳代,小学生,施錠せず
窃盗,自転車盗,東灘,六甲アイランド,281018,兵庫県,神戸市東灘区,向洋町中５丁目,2023[sanitize]01[sanitize]19,19,その他,その他,40歳代,その他,施錠せず
窃盗,自転車盗,東灘,六甲アイランド,281018,兵庫県,神戸市東灘区,向洋町中５丁目,2023[sanitize]03[sanitize]09,08,道路上,その他,10歳代,高校生,施錠せず
窃盗,自転車盗,東灘,六甲アイランド,281018,兵庫県,神戸市東灘区,向洋町中５丁目,2023[sanitize]04[sanitize]16,17,４階建て以上共同住宅,駐車（輪）場,50歳代,その他,施錠した
窃盗,自転車盗,東灘,六甲アイランド,281018,兵庫県,神戸市東灘区,向洋町中５丁目,2023[sanitize]05[sanitize]23,21,道路上,その他,10歳代,高校生,施錠せず
窃盗,自転車盗,東灘,六甲アイランド,281018,兵庫県,神戸市東灘区,向洋町中５丁目,2023[sanitize]05[sanitize]24,08,その他,駐車（輪）場,40歳代,その他,施錠せず
窃盗,自転車盗,東灘,六甲アイランド,281018,兵庫県,神戸市東灘区,向洋町中５丁目,2023[sanitize]08[sanitize]02,17,道路上,その他,40歳代,その他,施錠した
窃盗,自転車盗,東灘,六甲アイランド,281018,兵庫県,神戸市東灘区,向洋町中５丁目,2023[sanitize]09[sanitize]12,15,４階建て以上共同住宅,駐車（輪）場,70歳以上,その他,施錠した
窃盗,自転車盗,東灘,六甲アイランド,281018,兵庫県,神戸市東灘区,向洋町中５丁目,2023[sanitize]11[sanitize]04,06,駐車（輪）場,駐車（輪）場,10歳代,高校生,施錠した
窃盗,自転車盗,東灘,六甲アイランド,281018,兵庫県,神戸市東灘区,向洋町中５丁目,2023[sanitize]11[sanitize]28,11,その他,その他,60[sanitize]64歳,その他,施錠せず
窃盗,自転車盗,東灘,六甲アイランド,281018,兵庫県,神戸市東灘区,向洋町中６丁目,2023[sanitize]09[sanitize]19,09,駐車（輪）場,駐車（輪）場,20歳代,その他,施錠せず
窃盗,自転車盗,東灘,六甲アイランド,281018,兵庫県,神戸市東灘区,向洋町中６丁目,2023[sanitize]09[sanitize]20,07,駐車（輪）場,駐車（輪）場,20歳代,その他,施錠した
窃盗,自転車盗,東灘,六甲アイランド,281018,兵庫県,神戸市東灘区,向洋町中６丁目,2023[sanitize]11[sanitize]04,07,駐車（輪）場,駐車（輪）場,10歳代,中学生,施錠した
窃盗,自転車盗,東灘,六甲アイランド,281018,兵庫県,神戸市東灘区,向洋町中６丁目,2023[sanitize]12[sanitize]12,07,駐車（輪）場,駐車（輪）場,50歳代,その他,施錠せず
窃盗,自転車盗,東灘,呉田,281018,兵庫県,神戸市東灘区,魚崎西町１丁目,2023[sanitize]07[sanitize]23,11,その他,その他,20歳代,その他,施錠せず
窃盗,自転車盗,東灘,呉田,281018,兵庫県,神戸市東灘区,魚崎西町２丁目,2023[sanitize]11[sanitize]15,18,４階建て以上共同住宅,駐車（輪）場,10歳代,小学生,施錠せず
窃盗,自転車盗,東灘,呉田,281018,兵庫県,神戸市東灘区,魚崎西町４丁目,2022[sanitize]12[sanitize]26,20,その他,駐車（輪）場,20歳代,その他,施錠した
窃盗,自転車盗,東灘,呉田,281018,兵庫県,神戸市東灘区,魚崎西町４丁目,2023[sanitize]03[sanitize]15,21,４階建て以上共同住宅,その他,20歳代,その他,施錠せず
窃盗,自転車盗,東灘,呉田,281018,兵庫県,神戸市東灘区,魚崎西町４丁目,2023[sanitize]09[sanitize]27,09,その他,駐車（輪）場,20歳代,その他,施錠せず
窃盗,自転車盗,東灘,呉田,281018,兵庫県,神戸市東灘区,魚崎西町４丁目,2023[sanitize]11[sanitize]02,09,その他,駐車（輪）場,20歳代,その他,施錠せず
窃盗,自転車盗,東灘,呉田,281018,兵庫県,神戸市東灘区,魚崎西町４丁目,2023[sanitize]11[sanitize]18,23,駐車（輪）場,駐車（輪）場,10歳代,中学生,施錠せず
窃盗,自転車盗,東灘,呉田,281018,兵庫県,神戸市東灘区,住吉南町３丁目,2023[sanitize]01[sanitize]20,09,その他の住宅（３階建て以下共同住宅等）,駐車（輪）場,20歳代,その他,施錠した
窃盗,自転車盗,東灘,呉田,281018,兵庫県,神戸市東灘区,住吉南町３丁目,2023[sanitize]07[sanitize]20,21,その他,駐車（輪）場,30歳代,大学生,施錠せず
窃盗,自転車盗,東灘,呉田,281018,兵庫県,神戸市東灘区,住吉南町５丁目,2023[sanitize]10[sanitize]20,16,駐車（輪）場,駐車（輪）場,20歳代,その他,施錠した
窃盗,自転車盗,東灘,呉田,281018,兵庫県,神戸市東灘区,住吉南町５丁目,2023[sanitize]11[sanitize]20,16,道路上,その他,20歳代,その他,施錠した
窃盗,自転車盗,東灘,呉田,281018,兵庫県,神戸市東灘区,御影本町２丁目,2023[sanitize]05[sanitize]20,16,４階建て以上共同住宅,駐車（輪）場,10歳代,高校生,施錠せず
窃盗,自転車盗,東灘,呉田,281018,兵庫県,神戸市東灘区,御影本町３丁目,2023[sanitize]08[sanitize]12,23,道路上,その他,20歳代,その他,施錠した
窃盗,自転車盗,東灘,呉田,281018,兵庫県,神戸市東灘区,御影本町３丁目,2023[sanitize]11[sanitize]06,08,４階建て以上共同住宅,駐車（輪）場,20歳代,その他,施錠した
窃盗,自転車盗,東灘,呉田,281018,兵庫県,神戸市東灘区,御影本町４丁目,2023[sanitize]07[sanitize]28,04,その他,駐車（輪）場,20歳代,その他,施錠した
窃盗,自転車盗,東灘,呉田,281018,兵庫県,神戸市東灘区,御影本町４丁目,2023[sanitize]10[sanitize]19,02,その他の住宅（３階建て以下共同住宅等）,駐車（輪）場,20歳代,大学生,施錠せず
窃盗,自転車盗,東灘,呉田,281018,兵庫県,神戸市東灘区,御影本町６丁目,2023[sanitize]04[sanitize]24,12,その他の住宅（３階建て以下共同住宅等）,駐車（輪）場,20歳代,その他,施錠せず
窃盗,自転車盗,東灘,岡本,281018,兵庫県,神戸市東灘区,岡本１丁目,2023[sanitize]01[sanitize]24,09,道路上,その他,20歳代,その他,施錠した
窃盗,自転車盗,東灘,岡本,281018,兵庫県,神戸市東灘区,岡本１丁目,2023[sanitize]02[sanitize]20,22,道路上,その他,20歳代,大学生,施錠した
窃盗,自転車盗,東灘,岡本,281018,兵庫県,神戸市東灘区,岡本１丁目,2023[sanitize]02[sanitize]23,17,その他,駐車（輪）場,10歳代,中学生,施錠せず
窃盗,自転車盗,東灘,岡本,281018,兵庫県,神戸市東灘区,岡本１丁目,2023[sanitize]03[sanitize]24,18,道路上,その他,20歳代,大学生,施錠せず
窃盗,自転車盗,東灘,岡本,281018,兵庫県,神戸市東灘区,岡本１丁目,2023[sanitize]04[sanitize]27,10,駐車（輪）場,駐車（輪）場,50歳代,その他,施錠した
窃盗,自転車盗,東灘,岡本,281018,兵庫県,神戸市東灘区,岡本１丁目,2023[sanitize]06[sanitize]16,18,その他,駐車（輪）場,20歳代,大学生,施錠せず
窃盗,自転車盗,東灘,岡本,281018,兵庫県,神戸市東灘区,岡本１丁目,2023[sanitize]06[sanitize]18,18,その他,駐車（輪）場,30歳代,その他,施錠した
窃盗,自転車盗,東灘,岡本,281018,兵庫県,神戸市東灘区,岡本１丁目,2023[sanitize]09[sanitize]18,19,その他,駐車（輪）場,20歳代,大学生,施錠した
窃盗,自転車盗,東灘,岡本,281018,兵庫県,神戸市東灘区,岡本１丁目,2023[sanitize]09[sanitize]27,09,駐車（輪）場,駐車（輪）場,20歳代,大学生,施錠した
窃盗,自転車盗,東灘,岡本,281018,兵庫県,神戸市東灘区,岡本１丁目,2023[sanitize]09[sanitize]28,07,その他,駐車（輪）場,10歳代,高校生,施錠した
窃盗,自転車盗,東灘,岡本,281018,兵庫県,神戸市東灘区,岡本１丁目,2023[sanitize]10[sanitize]20,19,その他,駐車（輪）場,40歳代,その他,施錠せず
窃盗,自転車盗,東灘,岡本,281018,兵庫県,神戸市東灘区,岡本２丁目,2022[sanitize]08[sanitize]11,不明,４階建て以上共同住宅,駐車（輪）場,20歳代,大学生,施錠した
窃盗,自転車盗,東灘,岡本,281018,兵庫県,神戸市東灘区,岡本３丁目,2023[sanitize]08[sanitize]25,12,４階建て以上共同住宅,駐車（輪）場,10歳代,大学生,施錠せず
窃盗,自転車盗,東灘,岡本,281018,兵庫県,神戸市東灘区,岡本７丁目,2023[sanitize]03[sanitize]07,01,その他の住宅（３階建て以下共同住宅等）,その他,20歳代,大学生,施錠せず
窃盗,自転車盗,東灘,岡本,281018,兵庫県,神戸市東灘区,岡本８丁目,2023[sanitize]07[sanitize]29,12,その他の住宅（３階建て以下共同住宅等）,駐車（輪）場,20歳代,その他,施錠した
窃盗,自転車盗,東灘,岡本,281018,兵庫県,神戸市東灘区,岡本８丁目,2023[sanitize]08[sanitize]05,10,その他,駐車（輪）場,20歳代,大学生,施錠せず
窃盗,自転車盗,東灘,岡本,281018,兵庫県,神戸市東灘区,岡本９丁目,2023[sanitize]07[sanitize]26,10,その他,駐車（輪）場,20歳代,大学生,施錠せず
窃盗,自転車盗,東灘,岡本,281018,兵庫県,神戸市東灘区,西岡本１丁目,2023[sanitize]06[sanitize]30,20,駐車（輪）場,駐車（輪）場,20歳代,その他,施錠せず
窃盗,自転車盗,東灘,岡本,281018,兵庫県,神戸市東灘区,西岡本２丁目,2022[sanitize]12[sanitize]31,12,４階建て以上共同住宅,駐車（輪）場,70歳以上,その他,施錠した
窃盗,自転車盗,東灘,岡本,281018,兵庫県,神戸市東灘区,西岡本３丁目,2023[sanitize]04[sanitize]29,18,その他,その他,10歳代,中学生,施錠せず
窃盗,自転車盗,東灘,岡本,281018,兵庫県,神戸市東灘区,西岡本３丁目,2023[sanitize]07[sanitize]03,15,４階建て以上共同住宅,駐車（輪）場,10歳未満,小学生,施錠せず
窃盗,自転車盗,東灘,岡本,281018,兵庫県,神戸市東灘区,西岡本３丁目,2023[sanitize]10[sanitize]07,21,その他の住宅（３階建て以下共同住宅等）,その他,20歳代,その他,施錠した
窃盗,自転車盗,東灘,岡本,281018,兵庫県,神戸市東灘区,西岡本５丁目,2023[sanitize]02[sanitize]19,17,その他の住宅（３階建て以下共同住宅等）,駐車（輪）場,10歳未満,小学生,施錠した
窃盗,自転車盗,東灘,岡本,281018,兵庫県,神戸市東灘区,本山北町２丁目,2023[sanitize]01[sanitize]25,09,４階建て以上共同住宅,駐車（輪）場,30歳代,その他,施錠した
窃盗,自転車盗,東灘,岡本,281018,兵庫県,神戸市東灘区,本山北町２丁目,2023[sanitize]02[sanitize]25,18,４階建て以上共同住宅,駐車（輪）場,20歳代,大学生,施錠せず
窃盗,自転車盗,東灘,岡本,281018,兵庫県,神戸市東灘区,本山北町３丁目,2023[sanitize]05[sanitize]18,18,その他,駐車（輪）場,20歳代,その他,施錠した
窃盗,自転車盗,東灘,岡本,281018,兵庫県,神戸市東灘区,本山北町３丁目,2023[sanitize]06[sanitize]13,07,その他,駐車（輪）場,10歳代,高校生,施錠せず
窃盗,自転車盗,東灘,岡本,281018,兵庫県,神戸市東灘区,本山北町３丁目,2023[sanitize]07[sanitize]19,18,駐車（輪）場,駐車（輪）場,10歳代,高校生,施錠した
窃盗,自転車盗,東灘,岡本,281018,兵庫県,神戸市東灘区,本山北町３丁目,2023[sanitize]09[sanitize]02,11,駐車（輪）場,駐車（輪）場,20歳代,大学生,施錠した
窃盗,自転車盗,東灘,森,281018,兵庫県,神戸市東灘区,本庄町１丁目,2023[sanitize]03[sanitize]28,18,４階建て以上共同住宅,駐車（輪）場,40歳代,その他,施錠せず
窃盗,自転車盗,東灘,森,281018,兵庫県,神戸市東灘区,本庄町１丁目,2023[sanitize]04[sanitize]01,11,駐車（輪）場,駐車（輪）場,65[sanitize]69歳,その他,施錠した
窃盗,自転車盗,東灘,森,281018,兵庫県,神戸市東灘区,本庄町１丁目,2023[sanitize]04[sanitize]03,13,駐車（輪）場,駐車（輪）場,50歳代,その他,施錠した
窃盗,自転車盗,東灘,森,281018,兵庫県,神戸市東灘区,本庄町１丁目,2023[sanitize]09[sanitize]15,21,その他,駐車（輪）場,10歳代,大学生,施錠した
窃盗,自転車盗,東灘,森,281018,兵庫県,神戸市東灘区,本庄町２丁目,2023[sanitize]01[sanitize]10,17,４階建て以上共同住宅,駐車（輪）場,65[sanitize]69歳,その他,施錠した
窃盗,自転車盗,東灘,森,281018,兵庫県,神戸市東灘区,本庄町２丁目,2023[sanitize]05[sanitize]13,10,４階建て以上共同住宅,駐車（輪）場,10歳代,中学生,施錠せず
窃盗,自転車盗,東灘,森,281018,兵庫県,神戸市東灘区,本庄町２丁目,2023[sanitize]06[sanitize]30,10,４階建て以上共同住宅,駐車（輪）場,40歳代,その他,施錠した
窃盗,自転車盗,東灘,森,281018,兵庫県,神戸市東灘区,本山中町２丁目,2023[sanitize]03[sanitize]20,10,道路上,その他,10歳代,高校生,施錠せず
窃盗,自転車盗,東灘,森,281018,兵庫県,神戸市東灘区,本山中町２丁目,2023[sanitize]05[sanitize]01,15,その他の住宅（３階建て以下共同住宅等）,その他,10歳代,高校生,施錠した
窃盗,自転車盗,東灘,森,281018,兵庫県,神戸市東灘区,本山中町２丁目,2023[sanitize]08[sanitize]19,20,駐車（輪）場,駐車（輪）場,40歳代,その他,施錠した
窃盗,自転車盗,東灘,森,281018,兵庫県,神戸市東灘区,本山中町３丁目,2023[sanitize]12[sanitize]04,22,その他の住宅（３階建て以下共同住宅等）,駐車（輪）場,10歳代,中学生,施錠せず
窃盗,自転車盗,東灘,森,281018,兵庫県,神戸市東灘区,本山南町２丁目,2023[sanitize]04[sanitize]09,15,道路上,その他,50歳代,その他,施錠せず
窃盗,自転車盗,東灘,森,281018,兵庫県,神戸市東灘区,本山南町６丁目,2023[sanitize]02[sanitize]26,12,その他,駐車（輪）場,30歳代,その他,施錠した
窃盗,自転車盗,東灘,森,281018,兵庫県,神戸市東灘区,本山南町６丁目,2023[sanitize]07[sanitize]08,20,その他,駐車（輪）場,20歳代,その他,施錠せず
窃盗,自転車盗,東灘,森,281018,兵庫県,神戸市東灘区,本山南町６丁目,2023[sanitize]10[sanitize]19,20,その他,駐車（輪）場,60[sanitize]64歳,その他,施錠せず
窃盗,自転車盗,東灘,森,281018,兵庫県,神戸市東灘区,本山南町７丁目,2023[sanitize]06[sanitize]09,20,４階建て以上共同住宅,その他,10歳代,高校生,施錠した
窃盗,自転車盗,東灘,森,281018,兵庫県,神戸市東灘区,森北町１丁目,2023[sanitize]04[sanitize]20,16,道路上,その他,10歳代,大学生,施錠せず
窃盗,自転車盗,東灘,森,281018,兵庫県,神戸市東灘区,森北町１丁目,2023[sanitize]10[sanitize]23,18,その他,駐車（輪）場,20歳代,その他,施錠せず
窃盗,自転車盗,東灘,森,281018,兵庫県,神戸市東灘区,森南町１丁目,2023[sanitize]03[sanitize]01,18,その他,駐車（輪）場,10歳代,中学生,施錠した
窃盗,自転車盗,東灘,森,281018,兵庫県,神戸市東灘区,森南町１丁目,2023[sanitize]04[sanitize]29,07,駐車（輪）場,駐車（輪）場,10歳代,大学生,施錠した
窃盗,自転車盗,東灘,森,281018,兵庫県,神戸市東灘区,森南町１丁目,2023[sanitize]05[sanitize]31,10,駐車（輪）場,駐車（輪）場,70歳以上,その他,施錠した
窃盗,自転車盗,東灘,森,281018,兵庫県,神戸市東灘区,森南町１丁目,2023[sanitize]07[sanitize]28,20,その他の住宅（３階建て以下共同住宅等）,駐車（輪）場,30歳代,その他,施錠した
窃盗,自転車盗,東灘,森,281018,兵庫県,神戸市東灘区,森南町１丁目,2023[sanitize]08[sanitize]13,12,駐車（輪）場,駐車（輪）場,10歳代,中学生,施錠せず
窃盗,自転車盗,東灘,森,281018,兵庫県,神戸市東灘区,森南町１丁目,2023[sanitize]12[sanitize]23,09,駐車（輪）場,駐車（輪）場,50歳代,その他,施錠した
窃盗,自転車盗,東灘,森,281018,兵庫県,神戸市東灘区,森南町２丁目,2023[sanitize]09[sanitize]17,19,４階建て以上共同住宅,駐車（輪）場,40歳代,その他,施錠せず
窃盗,自転車盗,東灘,沢ノ井,281018,兵庫県,神戸市東灘区,御影中町１丁目,2023[sanitize]03[sanitize]15,20,４階建て以上共同住宅,駐車（輪）場,40歳代,その他,施錠せず
窃盗,自転車盗,東灘,沢ノ井,281018,兵庫県,神戸市東灘区,御影中町１丁目,2023[sanitize]05[sanitize]19,22,道路上,その他,30歳代,その他,施錠した
窃盗,自転車盗,東灘,沢ノ井,281018,兵庫県,神戸市東灘区,御影中町１丁目,2023[sanitize]08[sanitize]06,22,その他の住宅（３階建て以下共同住宅等）,駐車（輪）場,20歳代,その他,施錠せず
窃盗,自転車盗,東灘,沢ノ井,281018,兵庫県,神戸市東灘区,御影中町１丁目,2023[sanitize]08[sanitize]23,17,道路上,その他,10歳代,高校生,施錠せず
窃盗,自転車盗,東灘,沢ノ井,281018,兵庫県,神戸市東灘区,御影中町１丁目,2023[sanitize]09[sanitize]01,10,４階建て以上共同住宅,駐車（輪）場,30歳代,その他,施錠した
窃盗,自転車盗,東灘,沢ノ井,281018,兵庫県,神戸市東灘区,御影中町２丁目,2023[sanitize]11[sanitize]08,21,４階建て以上共同住宅,駐車（輪）場,10歳代,大学生,施錠せず
窃盗,自転車盗,東灘,沢ノ井,281018,兵庫県,神戸市東灘区,御影中町２丁目,2023[sanitize]12[sanitize]05,00,４階建て以上共同住宅,駐車（輪）場,10歳代,大学生,施錠した
窃盗,自転車盗,東灘,沢ノ井,281018,兵庫県,神戸市東灘区,御影中町３丁目,2023[sanitize]02[sanitize]09,16,道路上,その他,10歳代,中学生,施錠せず
窃盗,自転車盗,東灘,沢ノ井,281018,兵庫県,神戸市東灘区,御影中町３丁目,2023[sanitize]12[sanitize]08,17,駐車（輪）場,駐車（輪）場,40歳代,その他,施錠せず
窃盗,自転車盗,東灘,沢ノ井,281018,兵庫県,神戸市東灘区,御影中町７丁目,2023[sanitize]04[sanitize]04,12,駐車（輪）場,駐車（輪）場,10歳代,中学生,施錠せず
窃盗,自転車盗,東灘,沢ノ井,281018,兵庫県,神戸市東灘区,御影中町８丁目,2023[sanitize]01[sanitize]02,22,４階建て以上共同住宅,駐車（輪）場,10歳代,高校生,施錠せず
窃盗,自転車盗,東灘,沢ノ井,281018,兵庫県,神戸市東灘区,御影中町８丁目,2023[sanitize]06[sanitize]07,18,道路上,その他,30歳代,その他,施錠せず
窃盗,自転車盗,東灘,沢ノ井,281018,兵庫県,神戸市東灘区,御影本町４丁目,2023[sanitize]08[sanitize]13,13,駐車（輪）場,駐車（輪）場,10歳代,中学生,施錠せず
窃盗,自転車盗,東灘,沢ノ井,281018,兵庫県,神戸市東灘区,御影本町４丁目,2023[sanitize]09[sanitize]04,21,その他,その他,20歳代,その他,施錠せず
窃盗,自転車盗,東灘,沢ノ井,281018,兵庫県,神戸市東灘区,御影本町６丁目,2023[sanitize]02[sanitize]28,23,その他,駐車（輪）場,30歳代,その他,施錠した
窃盗,自転車盗,東灘,沢ノ井,281018,兵庫県,神戸市東灘区,御影本町８丁目,2023[sanitize]10[sanitize]28,12,駐車（輪）場,駐車（輪）場,10歳未満,小学生,施錠せず
窃盗,自転車盗,東灘,沢ノ井,281018,兵庫県,神戸市東灘区,御影１丁目,2023[sanitize]02[sanitize]25,09,道路上,その他,10歳代,小学生,施錠せず
窃盗,自転車盗,東灘,深江,281018,兵庫県,神戸市東灘区,深江北町２丁目,2023[sanitize]07[sanitize]20,07,その他の住宅（３階建て以下共同住宅等）,駐車（輪）場,20歳代,その他,施錠した
窃盗,自転車盗,東灘,深江,281018,兵庫県,神戸市東灘区,深江北町２丁目,2023[sanitize]08[sanitize]23,21,４階建て以上共同住宅,駐車（輪）場,10歳代,中学生,施錠せず
窃盗,自転車盗,東灘,深江,281018,兵庫県,神戸市東灘区,深江北町３丁目,2022[sanitize]12[sanitize]30,12,一戸建住宅,その他,10歳代,小学生,施錠せず
窃盗,自転車盗,東灘,深江,281018,兵庫県,神戸市東灘区,深江北町３丁目,2023[sanitize]01[sanitize]08,17,一戸建住宅,その他,10歳代,高校生,施錠した
窃盗,自転車盗,東灘,深江,281018,兵庫県,神戸市東灘区,深江北町３丁目,2023[sanitize]01[sanitize]14,18,４階建て以上共同住宅,駐車（輪）場,20歳代,その他,施錠せず
窃盗,自転車盗,東灘,深江,281018,兵庫県,神戸市東灘区,深江北町３丁目,2023[sanitize]02[sanitize]08,14,道路上,その他,50歳代,その他,施錠した
窃盗,自転車盗,東灘,深江,281018,兵庫県,神戸市東灘区,深江北町３丁目,2023[sanitize]04[sanitize]13,20,その他,駐車（輪）場,10歳代,中学生,施錠した
窃盗,自転車盗,東灘,深江,281018,兵庫県,神戸市東灘区,深江北町３丁目,2023[sanitize]07[sanitize]14,17,その他,駐車（輪）場,50歳代,その他,施錠せず
窃盗,自転車盗,東灘,深江,281018,兵庫県,神戸市東灘区,深江北町３丁目,2023[sanitize]10[sanitize]28,20,駐車（輪）場,駐車（輪）場,50歳代,その他,施錠せず
窃盗,自転車盗,東灘,深江,281018,兵庫県,神戸市東灘区,深江北町３丁目,2023[sanitize]11[sanitize]29,19,４階建て以上共同住宅,駐車（輪）場,30歳代,その他,施錠した
窃盗,自転車盗,東灘,深江,281018,兵庫県,神戸市東灘区,深江北町４丁目,2023[sanitize]04[sanitize]01,13,駐車（輪）場,駐車（輪）場,40歳代,その他,施錠せず
窃盗,自転車盗,東灘,深江,281018,兵庫県,神戸市東灘区,深江北町４丁目,2023[sanitize]11[sanitize]21,22,道路上,その他,10歳代,中学生,施錠した
窃盗,自転車盗,東灘,深江,281018,兵庫県,神戸市東灘区,深江北町５丁目,2023[sanitize]01[sanitize]02,13,４階建て以上共同住宅,駐車（輪）場,70歳以上,その他,施錠した
窃盗,自転車盗,東灘,深江,281018,兵庫県,神戸市東灘区,深江北町５丁目,2023[sanitize]11[sanitize]12,09,駐車（輪）場,駐車（輪）場,20歳代,その他,施錠した
窃盗,自転車盗,東灘,深江,281018,兵庫県,神戸市東灘区,深江本町１丁目,2023[sanitize]03[sanitize]15,14,駐車（輪）場,駐車（輪）場,20歳代,その他,施錠した
窃盗,自転車盗,東灘,深江,281018,兵庫県,神戸市東灘区,深江本町１丁目,2023[sanitize]08[sanitize]04,17,４階建て以上共同住宅,その他,40歳代,その他,施錠せず
窃盗,自転車盗,東灘,深江,281018,兵庫県,神戸市東灘区,深江本町１丁目,2023[sanitize]08[sanitize]28,22,道路上,その他,10歳代,高校生,施錠せず
窃盗,自転車盗,東灘,深江,281018,兵庫県,神戸市東灘区,深江本町２丁目,2023[sanitize]11[sanitize]08,16,駐車（輪）場,駐車（輪）場,70歳以上,その他,施錠した
窃盗,自転車盗,東灘,深江,281018,兵庫県,神戸市東灘区,深江本町３丁目,2023[sanitize]03[sanitize]01,18,道路上,その他,20歳代,その他,施錠せず
窃盗,自転車盗,東灘,深江,281018,兵庫県,神戸市東灘区,深江本町３丁目,2023[sanitize]06[sanitize]06,12,駐車（輪）場,駐車（輪）場,10歳代,その他,施錠した
窃盗,自転車盗,東灘,深江,281018,兵庫県,神戸市東灘区,深江本町３丁目,2023[sanitize]07[sanitize]25,20,４階建て以上共同住宅,駐車（輪）場,20歳代,その他,施錠した
窃盗,自転車盗,東灘,深江,281018,兵庫県,神戸市東灘区,深江本町３丁目,2023[sanitize]08[sanitize]25,21,道路上,その他,20歳代,その他,施錠せず
窃盗,自転車盗,東灘,深江,281018,兵庫県,神戸市東灘区,深江南町１丁目,2023[sanitize]04[sanitize]03,13,駐車（輪）場,駐車（輪）場,70歳以上,その他,施錠した
窃盗,自転車盗,東灘,深江,281018,兵庫県,神戸市東灘区,深江南町１丁目,2023[sanitize]04[sanitize]20,23,駐車（輪）場,駐車（輪）場,30歳代,その他,施錠した
窃盗,自転車盗,東灘,深江,281018,兵庫県,神戸市東灘区,深江南町１丁目,2023[sanitize]07[sanitize]08,12,道路上,その他,40歳代,その他,施錠せず
窃盗,自転車盗,東灘,深江,281018,兵庫県,神戸市東灘区,深江南町１丁目,2023[sanitize]09[sanitize]10,22,４階建て以上共同住宅,駐車（輪）場,10歳代,大学生,施錠せず
窃盗,自転車盗,東灘,深江,281018,兵庫県,神戸市東灘区,深江南町１丁目,2023[sanitize]12[sanitize]01,23,駐車（輪）場,駐車（輪）場,10歳代,中学生,施錠せず
窃盗,自転車盗,東灘,田中,281018,兵庫県,神戸市東灘区,甲南町１丁目,2023[sanitize]03[sanitize]29,15,道路上,その他,50歳代,その他,施錠せず
窃盗,自転車盗,東灘,田中,281018,兵庫県,神戸市東灘区,甲南町２丁目,2023[sanitize]02[sanitize]27,10,４階建て以上共同住宅,駐車（輪）場,10歳代,中学生,施錠せず
窃盗,自転車盗,東灘,田中,281018,兵庫県,神戸市東灘区,甲南町３丁目,2023[sanitize]07[sanitize]14,17,道路上,その他,50歳代,その他,施錠した
窃盗,自転車盗,東灘,田中,281018,兵庫県,神戸市東灘区,甲南町４丁目,2023[sanitize]11[sanitize]21,07,駐車（輪）場,駐車（輪）場,20歳代,その他,施錠せず
窃盗,自転車盗,東灘,田中,281018,兵庫県,神戸市東灘区,甲南町４丁目,2023[sanitize]12[sanitize]09,18,４階建て以上共同住宅,駐車（輪）場,10歳代,中学生,施錠せず
窃盗,自転車盗,東灘,田中,281018,兵庫県,神戸市東灘区,田中町１丁目,2023[sanitize]03[sanitize]01,00,道路上,その他,10歳代,大学生,施錠した
窃盗,自転車盗,東灘,田中,281018,兵庫県,神戸市東灘区,田中町１丁目,2023[sanitize]09[sanitize]29,18,道路上,その他,20歳代,大学生,施錠した
窃盗,自転車盗,東灘,田中,281018,兵庫県,神戸市東灘区,田中町２丁目,2023[sanitize]12[sanitize]10,10,その他,その他,10歳代,高校生,施錠した
窃盗,自転車盗,東灘,田中,281018,兵庫県,神戸市東灘区,田中町３丁目,2023[sanitize]07[sanitize]19,22,道路上,その他,40歳代,その他,施錠せず
窃盗,自転車盗,東灘,田中,281018,兵庫県,神戸市東灘区,田中町４丁目,2023[sanitize]02[sanitize]20,20,道路上,その他,10歳代,中学生,施錠せず
窃盗,自転車盗,東灘,田中,281018,兵庫県,神戸市東灘区,田中町４丁目,2023[sanitize]02[sanitize]28,18,４階建て以上共同住宅,駐車（輪）場,10歳代,中学生,施錠した
窃盗,自転車盗,東灘,田中,281018,兵庫県,神戸市東灘区,田中町４丁目,2023[sanitize]03[sanitize]08,18,４階建て以上共同住宅,駐車（輪）場,10歳代,中学生,施錠した
窃盗,自転車盗,東灘,田中,281018,兵庫県,神戸市東灘区,田中町４丁目,2023[sanitize]06[sanitize]18,22,４階建て以上共同住宅,駐車（輪）場,10歳代,高校生,施錠せず
窃盗,自転車盗,東灘,田中,281018,兵庫県,神戸市東灘区,本山中町４丁目,2023[sanitize]02[sanitize]16,20,駐車（輪）場,駐車（輪）場,20歳代,その他,施錠せず
窃盗,自転車盗,東灘,田中,281018,兵庫県,神戸市東灘区,本山中町４丁目,2023[sanitize]03[sanitize]17,15,道路上,その他,70歳以上,その他,施錠した
窃盗,自転車盗,東灘,田中,281018,兵庫県,神戸市東灘区,本山中町４丁目,2023[sanitize]05[sanitize]29,06,その他の住宅（３階建て以下共同住宅等）,駐車（輪）場,20歳代,大学生,施錠せず
窃盗,自転車盗,東灘,田中,281018,兵庫県,神戸市東灘区,本山南町３丁目,2023[sanitize]02[sanitize]05,18,その他,駐車（輪）場,10歳代,中学生,施錠せず
窃盗,自転車盗,東灘,田中,281018,兵庫県,神戸市東灘区,本山南町３丁目,2023[sanitize]10[sanitize]04,16,その他,駐車（輪）場,10歳代,中学生,施錠せず
窃盗,自転車盗,東灘,田中,281018,兵庫県,神戸市東灘区,本山南町８丁目,2023[sanitize]01[sanitize]20,16,４階建て以上共同住宅,駐車（輪）場,40歳代,その他,施錠した
窃盗,自転車盗,東灘,田中,281018,兵庫県,神戸市東灘区,本山南町８丁目,2023[sanitize]05[sanitize]18,17,その他,駐車（輪）場,20歳代,その他,施錠せず
窃盗,自転車盗,東灘,田中,281018,兵庫県,神戸市東灘区,本山南町９丁目,2023[sanitize]06[sanitize]22,21,４階建て以上共同住宅,駐車（輪）場,10歳代,中学生,施錠せず
窃盗,自転車盗,東灘,石屋川,281018,兵庫県,神戸市東灘区,御影石町２丁目,2023[sanitize]03[sanitize]23,10,その他,駐車（輪）場,40歳代,その他,施錠せず
窃盗,自転車盗,東灘,石屋川,281018,兵庫県,神戸市東灘区,御影石町２丁目,2023[sanitize]04[sanitize]25,06,駐車（輪）場,駐車（輪）場,10歳代,中学生,施錠した
窃盗,自転車盗,東灘,石屋川,281018,兵庫県,神戸市東灘区,御影石町２丁目,2023[sanitize]07[sanitize]03,08,駐車（輪）場,駐車（輪）場,10歳代,大学生,施錠せず
窃盗,自転車盗,東灘,石屋川,281018,兵庫県,神戸市東灘区,御影石町２丁目,2023[sanitize]09[sanitize]15,22,一戸建住宅,駐車（輪）場,40歳代,その他,施錠せず
窃盗,自転車盗,東灘,石屋川,281018,兵庫県,神戸市東灘区,御影石町２丁目,2023[sanitize]09[sanitize]21,17,駐車（輪）場,駐車（輪）場,20歳代,その他,施錠せず
窃盗,自転車盗,東灘,石屋川,281018,兵庫県,神戸市東灘区,御影石町２丁目,不明,不明,４階建て以上共同住宅,駐車（輪）場,65[sanitize]69歳,その他,施錠せず
窃盗,自転車盗,東灘,石屋川,281018,兵庫県,神戸市東灘区,御影石町４丁目,2023[sanitize]04[sanitize]29,18,道路上,その他,10歳代,高校生,施錠した
窃盗,自転車盗,東灘,石屋川,281018,兵庫県,神戸市東灘区,御影石町４丁目,2023[sanitize]06[sanitize]18,17,その他の住宅（３階建て以下共同住宅等）,その他,10歳代,大学生,施錠せず
窃盗,自転車盗,東灘,石屋川,281018,兵庫県,神戸市東灘区,御影塚町１丁目,2023[sanitize]09[sanitize]06,19,４階建て以上共同住宅,駐車（輪）場,40歳代,その他,施錠した
窃盗,自転車盗,東灘,石屋川,281018,兵庫県,神戸市東灘区,御影塚町２丁目,2023[sanitize]03[sanitize]14,09,道路上,その他,10歳代,中学生,施錠せず
窃盗,自転車盗,東灘,阪急御影駅前,281018,兵庫県,神戸市東灘区,御影２丁目,2023[sanitize]04[sanitize]16,21,その他の住宅（３階建て以下共同住宅等）,駐車（輪）場,20歳代,その他,施錠した
窃盗,自転車盗,東灘,阪急御影駅前,281018,兵庫県,神戸市東灘区,御影３丁目,2023[sanitize]04[sanitize]03,06,駐車（輪）場,駐車（輪）場,30歳代,その他,施錠せず
窃盗,自転車盗,東灘,阪急御影駅前,281018,兵庫県,神戸市東灘区,御影郡家２丁目,2023[sanitize]08[sanitize]19,17,その他の住宅（３階建て以下共同住宅等）,その他,20歳代,大学生,施錠せず
窃盗,自転車盗,東灘,青木駅前,281018,兵庫県,神戸市東灘区,魚崎南町２丁目,2023[sanitize]10[sanitize]15,18,駐車（輪）場,駐車（輪）場,50歳代,その他,施錠せず
窃盗,自転車盗,東灘,青木駅前,281018,兵庫県,神戸市東灘区,青木１丁目,不明,不明,道路上,その他,20歳代,その他,施錠せず
窃盗,自転車盗,東灘,青木駅前,281018,兵庫県,神戸市東灘区,青木２丁目,2023[sanitize]07[sanitize]13,20,道路上,その他,50歳代,その他,施錠した
窃盗,自転車盗,東灘,青木駅前,281018,兵庫県,神戸市東灘区,青木２丁目,2023[sanitize]09[sanitize]30,17,その他,その他,40歳代,その他,施錠せず
窃盗,自転車盗,東灘,青木駅前,281018,兵庫県,神戸市東灘区,青木２丁目,2023[sanitize]11[sanitize]22,12,４階建て以上共同住宅,駐車（輪）場,20歳代,大学生,施錠した
窃盗,自転車盗,東灘,青木駅前,281018,兵庫県,神戸市東灘区,青木２丁目,2023[sanitize]11[sanitize]23,22,４階建て以上共同住宅,駐車（輪）場,20歳代,その他,施錠せず
窃盗,自転車盗,東灘,青木駅前,281018,兵庫県,神戸市東灘区,青木４丁目,2023[sanitize]08[sanitize]06,15,４階建て以上共同住宅,駐車（輪）場,10歳未満,小学生,施錠せず
窃盗,自転車盗,東灘,青木駅前,281018,兵庫県,神戸市東灘区,青木５丁目,2023[sanitize]04[sanitize]13,17,その他の住宅（３階建て以下共同住宅等）,駐車（輪）場,30歳代,その他,施錠した
窃盗,自転車盗,東灘,青木駅前,281018,兵庫県,神戸市東灘区,青木５丁目,2023[sanitize]05[sanitize]30,23,その他の住宅（３階建て以下共同住宅等）,駐車（輪）場,30歳代,その他,施錠した
窃盗,自転車盗,東灘,青木駅前,281018,兵庫県,神戸市東灘区,青木５丁目,2023[sanitize]08[sanitize]23,08,４階建て以上共同住宅,駐車（輪）場,10歳未満,小学生,施錠せず
窃盗,自転車盗,東灘,青木駅前,281018,兵庫県,神戸市東灘区,青木５丁目,2023[sanitize]10[sanitize]08,06,４階建て以上共同住宅,駐車（輪）場,10歳代,高校生,施錠せず
窃盗,自転車盗,東灘,青木駅前,281018,兵庫県,神戸市東灘区,青木６丁目,2023[sanitize]05[sanitize]02,17,道路上,その他,10歳代,大学生,施錠せず
窃盗,自転車盗,東灘,青木駅前,281018,兵庫県,神戸市東灘区,青木６丁目,2023[sanitize]05[sanitize]07,16,４階建て以上共同住宅,駐車（輪）場,10歳代,小学生,施錠せず
窃盗,自転車盗,東灘,青木駅前,281018,兵庫県,神戸市東灘区,青木６丁目,2023[sanitize]06[sanitize]29,14,その他,駐車（輪）場,10歳代,その他,施錠した
窃盗,自転車盗,東灘,青木駅前,281018,兵庫県,神戸市東灘区,青木６丁目,2023[sanitize]07[sanitize]07,16,道路上,その他,20歳代,その他,施錠した
窃盗,自転車盗,東灘,青木駅前,281018,兵庫県,神戸市東灘区,青木６丁目,2023[sanitize]07[sanitize]21,18,４階建て以上共同住宅,駐車（輪）場,10歳代,小学生,施錠した
窃盗,自転車盗,東灘,青木駅前,281018,兵庫県,神戸市東灘区,青木６丁目,2023[sanitize]08[sanitize]30,19,４階建て以上共同住宅,駐車（輪）場,10歳代,小学生,施錠せず
窃盗,自転車盗,東灘,青木駅前,281018,兵庫県,神戸市東灘区,青木６丁目,2023[sanitize]09[sanitize]15,19,道路上,その他,60[sanitize]64歳,その他,施錠した
窃盗,自転車盗,東灘,青木駅前,281018,兵庫県,神戸市東灘区,青木６丁目,2023[sanitize]10[sanitize]01,21,その他,駐車（輪）場,40歳代,その他,施錠せず
窃盗,自転車盗,東灘,青木駅前,281018,兵庫県,神戸市東灘区,青木６丁目,2023[sanitize]12[sanitize]24,08,道路上,その他,30歳代,その他,施錠せず
窃盗,自転車盗,東灘,青木駅前,281018,兵庫県,神戸市東灘区,北青木１丁目,2023[sanitize]07[sanitize]10,11,４階建て以上共同住宅,駐車（輪）場,70歳以上,その他,施錠せず
窃盗,自転車盗,東灘,青木駅前,281018,兵庫県,神戸市東灘区,北青木２丁目,2023[sanitize]03[sanitize]11,11,４階建て以上共同住宅,駐車（輪）場,20歳代,大学生,施錠せず
窃盗,自転車盗,東灘,青木駅前,281018,兵庫県,神戸市東灘区,北青木２丁目,2023[sanitize]05[sanitize]31,00,４階建て以上共同住宅,駐車（輪）場,30歳代,その他,施錠した
窃盗,自転車盗,東灘,青木駅前,281018,兵庫県,神戸市東灘区,北青木３丁目,2023[sanitize]04[sanitize]12,22,４階建て以上共同住宅,駐車（輪）場,20歳代,大学生,施錠した
窃盗,自転車盗,東灘,青木駅前,281018,兵庫県,神戸市東灘区,北青木３丁目,2023[sanitize]05[sanitize]21,00,道路上,その他,10歳代,大学生,施錠せず
窃盗,自転車盗,東灘,青木駅前,281018,兵庫県,神戸市東灘区,北青木３丁目,2023[sanitize]06[sanitize]05,10,その他,駐車（輪）場,10歳代,その他,施錠した
窃盗,自転車盗,東灘,青木駅前,281018,兵庫県,神戸市東灘区,北青木３丁目,2023[sanitize]07[sanitize]24,14,その他,駐車（輪）場,70歳以上,その他,施錠した
窃盗,自転車盗,東灘,青木駅前,281018,兵庫県,神戸市東灘区,北青木３丁目,2023[sanitize]10[sanitize]06,08,駐車（輪）場,駐車（輪）場,10歳代,高校生,施錠した
窃盗,自転車盗,東灘,青木駅前,281018,兵庫県,神戸市東灘区,本山南町４丁目,2023[sanitize]04[sanitize]13,23,その他,その他,20歳代,大学生,施錠した
窃盗,自転車盗,東灘,魚崎,281018,兵庫県,神戸市東灘区,魚崎北町１丁目,2023[sanitize]04[sanitize]02,17,一戸建住宅,駐車（輪）場,50歳代,その他,施錠した
窃盗,自転車盗,東灘,魚崎,281018,兵庫県,神戸市東灘区,魚崎北町２丁目,2023[sanitize]10[sanitize]02,19,その他,その他,10歳代,小学生,施錠せず
窃盗,自転車盗,東灘,魚崎,281018,兵庫県,神戸市東灘区,魚崎北町４丁目,2023[sanitize]02[sanitize]08,18,４階建て以上共同住宅,駐車（輪）場,10歳代,小学生,施錠した
窃盗,自転車盗,東灘,魚崎,281018,兵庫県,神戸市東灘区,魚崎北町５丁目,2023[sanitize]04[sanitize]02,16,４階建て以上共同住宅,駐車（輪）場,10歳代,その他,施錠した
窃盗,自転車盗,東灘,魚崎,281018,兵庫県,神戸市東灘区,魚崎北町５丁目,2023[sanitize]04[sanitize]02,18,４階建て以上共同住宅,駐車（輪）場,40歳代,その他,施錠した
窃盗,自転車盗,東灘,魚崎,281018,兵庫県,神戸市東灘区,魚崎北町６丁目,2023[sanitize]03[sanitize]24,21,一戸建住宅,駐車（輪）場,50歳代,その他,施錠した
窃盗,自転車盗,東灘,魚崎,281018,兵庫県,神戸市東灘区,魚崎北町６丁目,2023[sanitize]09[sanitize]27,17,４階建て以上共同住宅,駐車（輪）場,10歳代,大学生,施錠せず
窃盗,自転車盗,東灘,魚崎,281018,兵庫県,神戸市東灘区,魚崎北町７丁目,2023[sanitize]05[sanitize]04,09,その他の住宅（３階建て以下共同住宅等）,駐車（輪）場,20歳代,その他,施錠せず
窃盗,自転車盗,東灘,魚崎,281018,兵庫県,神戸市東灘区,魚崎中町１丁目,2023[sanitize]02[sanitize]04,20,その他,駐車（輪）場,40歳代,その他,施錠せず
窃盗,自転車盗,東灘,魚崎,281018,兵庫県,神戸市東灘区,魚崎中町１丁目,2023[sanitize]03[sanitize]04,21,４階建て以上共同住宅,駐車（輪）場,20歳代,その他,施錠した
窃盗,自転車盗,東灘,魚崎,281018,兵庫県,神戸市東灘区,魚崎中町１丁目,2023[sanitize]06[sanitize]16,15,４階建て以上共同住宅,駐車（輪）場,70歳以上,その他,施錠せず
窃盗,自転車盗,東灘,魚崎,281018,兵庫県,神戸市東灘区,魚崎中町１丁目,2023[sanitize]07[sanitize]29,17,その他,駐車（輪）場,50歳代,その他,施錠した
窃盗,自転車盗,東灘,魚崎,281018,兵庫県,神戸市東灘区,魚崎中町４丁目,2023[sanitize]02[sanitize]18,07,その他,駐車（輪）場,20歳代,その他,施錠した
窃盗,自転車盗,東灘,魚崎,281018,兵庫県,神戸市東灘区,魚崎中町４丁目,2023[sanitize]03[sanitize]31,08,その他,駐車（輪）場,20歳代,その他,施錠せず
窃盗,自転車盗,東灘,魚崎,281018,兵庫県,神戸市東灘区,魚崎中町４丁目,2023[sanitize]04[sanitize]14,07,その他,駐車（輪）場,10歳代,高校生,施錠せず
窃盗,自転車盗,東灘,魚崎,281018,兵庫県,神戸市東灘区,魚崎中町４丁目,2023[sanitize]04[sanitize]30,09,その他,駐車（輪）場,20歳代,大学生,施錠せず
窃盗,自転車盗,東灘,魚崎,281018,兵庫県,神戸市東灘区,魚崎中町４丁目,2023[sanitize]05[sanitize]10,19,その他,駐車（輪）場,20歳代,その他,施錠せず
窃盗,自転車盗,東灘,魚崎,281018,兵庫県,神戸市東灘区,魚崎中町４丁目,2023[sanitize]05[sanitize]26,17,その他,駐車（輪）場,20歳代,大学生,施錠せず
窃盗,自転車盗,東灘,魚崎,281018,兵庫県,神戸市東灘区,魚崎中町４丁目,2023[sanitize]07[sanitize]25,09,その他,駐車（輪）場,70歳以上,その他,施錠した
窃盗,自転車盗,東灘,魚崎,281018,兵庫県,神戸市東灘区,魚崎中町４丁目,2023[sanitize]08[sanitize]26,06,その他,駐車（輪）場,20歳代,その他,施錠せず
窃盗,自転車盗,東灘,魚崎,281018,兵庫県,神戸市東灘区,魚崎中町４丁目,2023[sanitize]09[sanitize]19,10,その他,駐車（輪）場,20歳代,大学生,施錠せず
窃盗,自転車盗,東灘,魚崎,281018,兵庫県,神戸市東灘区,魚崎中町４丁目,2023[sanitize]10[sanitize]19,22,その他,駐車（輪）場,20歳代,大学生,施錠せず
窃盗,自転車盗,東灘,魚崎,281018,兵庫県,神戸市東灘区,魚崎中町４丁目,2023[sanitize]10[sanitize]27,07,その他,駐車（輪）場,10歳代,高校生,施錠せず
窃盗,自転車盗,東灘,魚崎,281018,兵庫県,神戸市東灘区,魚崎南町１丁目,2023[sanitize]11[sanitize]02,23,４階建て以上共同住宅,駐車（輪）場,10歳代,中学生,施錠せず
窃盗,自転車盗,東灘,魚崎,281018,兵庫県,神戸市東灘区,魚崎南町２丁目,2023[sanitize]05[sanitize]01,21,４階建て以上共同住宅,その他,50歳代,その他,施錠せず
窃盗,自転車盗,東灘,魚崎,281018,兵庫県,神戸市東灘区,魚崎南町２丁目,2023[sanitize]06[sanitize]05,21,４階建て以上共同住宅,駐車（輪）場,法人・団体、被害者なし,法人・団体、被害者なし,施錠せず
窃盗,自転車盗,東灘,魚崎,281018,兵庫県,神戸市東灘区,魚崎南町２丁目,2023[sanitize]08[sanitize]31,09,４階建て以上共同住宅,駐車（輪）場,70歳以上,その他,施錠した
窃盗,自転車盗,東灘,魚崎,281018,兵庫県,神戸市東灘区,魚崎南町２丁目,2023[sanitize]09[sanitize]21,13,４階建て以上共同住宅,駐車（輪）場,60[sanitize]64歳,その他,施錠せず
窃盗,自転車盗,東灘,魚崎,281018,兵庫県,神戸市東灘区,魚崎南町２丁目,2023[sanitize]11[sanitize]23,22,４階建て以上共同住宅,駐車（輪）場,10歳代,大学生,施錠せず
窃盗,自転車盗,東灘,魚崎,281018,兵庫県,神戸市東灘区,魚崎南町４丁目,2023[sanitize]06[sanitize]03,13,その他の住宅（３階建て以下共同住宅等）,駐車（輪）場,法人・団体、被害者なし,法人・団体、被害者なし,施錠せず
窃盗,自転車盗,東灘,魚崎,281018,兵庫県,神戸市東灘区,魚崎南町４丁目,2023[sanitize]06[sanitize]14,17,４階建て以上共同住宅,駐車（輪）場,20歳代,その他,施錠せず
窃盗,自転車盗,東灘,魚崎,281018,兵庫県,神戸市東灘区,魚崎南町４丁目,2023[sanitize]08[sanitize]01,08,道路上,その他,65[sanitize]69歳,その他,施錠した
窃盗,自転車盗,東灘,魚崎,281018,兵庫県,神戸市東灘区,魚崎南町７丁目,2023[sanitize]07[sanitize]27,19,一戸建住宅,その他,70歳以上,その他,施錠した
窃盗,自転車盗,東灘,魚崎,281018,兵庫県,神戸市東灘区,魚崎南町８丁目,2019[sanitize]03[sanitize]20,12,その他の住宅（３階建て以下共同住宅等）,駐車（輪）場,20歳代,その他,施錠した
窃盗,自転車盗,東灘,魚崎,281018,兵庫県,神戸市東灘区,魚崎南町８丁目,2023[sanitize]07[sanitize]28,17,駐車（輪）場,駐車（輪）場,10歳代,中学生,施錠した
窃盗,自転車盗,東灘,魚崎,281018,兵庫県,神戸市東灘区,魚崎南町８丁目,2023[sanitize]08[sanitize]06,17,４階建て以上共同住宅,駐車（輪）場,20歳代,その他,施錠した
窃盗,自転車盗,東灘,魚崎,281018,兵庫県,神戸市東灘区,魚崎南町８丁目,2023[sanitize]09[sanitize]24,23,駐車（輪）場,駐車（輪）場,40歳代,その他,施錠した
窃盗,自転車盗,東灘,魚崎,281018,兵庫県,神戸市東灘区,魚崎南町８丁目,2023[sanitize]10[sanitize]04,12,駐車（輪）場,駐車（輪）場,10歳代,大学生,施錠した
窃盗,自転車盗,東灘,魚崎,281018,兵庫県,神戸市東灘区,魚崎南町８丁目,2023[sanitize]12[sanitize]04,17,その他,駐車（輪）場,30歳代,その他,施錠せず
窃盗,自転車盗,東灘,魚崎,281018,兵庫県,神戸市東灘区,甲南町４丁目,2023[sanitize]09[sanitize]13,19,駐車（輪）場,駐車（輪）場,50歳代,その他,施錠せず
窃盗,自転車盗,東灘,ＪＲ住吉駅前,281018,兵庫県,神戸市東灘区,住吉東町２丁目,2022[sanitize]12[sanitize]01,23,４階建て以上共同住宅,駐車（輪）場,30歳代,その他,施錠した
窃盗,自転車盗,東灘,ＪＲ住吉駅前,281018,兵庫県,神戸市東灘区,住吉東町４丁目,2023[sanitize]04[sanitize]08,12,４階建て以上共同住宅,駐車（輪）場,40歳代,その他,施錠した
窃盗,自転車盗,東灘,ＪＲ住吉駅前,281018,兵庫県,神戸市東灘区,住吉東町４丁目,2023[sanitize]11[sanitize]03,18,４階建て以上共同住宅,駐車（輪）場,10歳代,高校生,施錠せず
窃盗,自転車盗,東灘,ＪＲ住吉駅前,281018,兵庫県,神戸市東灘区,住吉宮町２丁目,2023[sanitize]03[sanitize]06,13,その他,その他,20歳代,その他,施錠せず
窃盗,自転車盗,東灘,ＪＲ住吉駅前,281018,兵庫県,神戸市東灘区,住吉宮町３丁目,2023[sanitize]04[sanitize]18,22,一戸建住宅,その他,10歳代,高校生,施錠した
窃盗,自転車盗,東灘,ＪＲ住吉駅前,281018,兵庫県,神戸市東灘区,住吉宮町４丁目,2023[sanitize]03[sanitize]23,08,道路上,その他,20歳代,その他,施錠した
窃盗,自転車盗,東灘,ＪＲ住吉駅前,281018,兵庫県,神戸市東灘区,住吉宮町４丁目,2023[sanitize]05[sanitize]02,23,道路上,その他,30歳代,その他,施錠した
窃盗,自転車盗,東灘,ＪＲ住吉駅前,281018,兵庫県,神戸市東灘区,住吉宮町４丁目,2023[sanitize]10[sanitize]10,18,その他,駐車（輪）場,30歳代,その他,施錠せず
窃盗,自転車盗,東灘,ＪＲ住吉駅前,281018,兵庫県,神戸市東灘区,住吉宮町４丁目,2023[sanitize]11[sanitize]11,09,その他,駐車（輪）場,20歳代,その他,施錠せず
窃盗,自転車盗,東灘,ＪＲ住吉駅前,281018,兵庫県,神戸市東灘区,住吉宮町５丁目,2023[sanitize]01[sanitize]29,13,その他,駐車（輪）場,50歳代,その他,施錠した
窃盗,自転車盗,東灘,ＪＲ住吉駅前,281018,兵庫県,神戸市東灘区,住吉宮町５丁目,2023[sanitize]05[sanitize]14,21,その他,駐車（輪）場,20歳代,その他,施錠せず
窃盗,自転車盗,東灘,ＪＲ住吉駅前,281018,兵庫県,神戸市東灘区,住吉宮町６丁目,2023[sanitize]02[sanitize]06,17,道路上,その他,20歳代,大学生,施錠せず
窃盗,自転車盗,東灘,ＪＲ住吉駅前,281018,兵庫県,神戸市東灘区,住吉宮町６丁目,2023[sanitize]07[sanitize]02,10,一戸建住宅,その他,60[sanitize]64歳,その他,施錠せず
窃盗,自転車盗,東灘,ＪＲ住吉駅前,281018,兵庫県,神戸市東灘区,住吉宮町６丁目,不明,不明,４階建て以上共同住宅,駐車（輪）場,10歳代,大学生,施錠した
窃盗,自転車盗,東灘,ＪＲ住吉駅前,281018,兵庫県,神戸市東灘区,住吉本町１丁目,2023[sanitize]07[sanitize]15,06,その他,駐車（輪）場,10歳代,高校生,施錠せず
窃盗,自転車盗,東灘,ＪＲ住吉駅前,281018,兵庫県,神戸市東灘区,住吉本町１丁目,2023[sanitize]08[sanitize]09,09,その他,駐車（輪）場,50歳代,その他,施錠した
窃盗,自転車盗,東灘,ＪＲ住吉駅前,281018,兵庫県,神戸市東灘区,住吉本町１丁目,2023[sanitize]09[sanitize]12,23,その他,駐車（輪）場,30歳代,その他,施錠した
窃盗,自転車盗,東灘,ＪＲ住吉駅前,281018,兵庫県,神戸市東灘区,住吉本町１丁目,2023[sanitize]10[sanitize]29,17,その他,駐車（輪）場,10歳代,大学生,施錠した
窃盗,自転車盗,東灘,ＪＲ住吉駅前,281018,兵庫県,神戸市東灘区,住吉本町１丁目,2023[sanitize]12[sanitize]02,07,その他,駐車（輪）場,50歳代,その他,施錠せず
窃盗,自転車盗,東灘,ＪＲ住吉駅前,281018,兵庫県,神戸市東灘区,住吉本町２丁目,2022[sanitize]04[sanitize]09,16,一戸建住宅,その他,50歳代,その他,施錠した
窃盗,自転車盗,東灘,ＪＲ住吉駅前,281018,兵庫県,神戸市東灘区,住吉本町２丁目,2023[sanitize]11[sanitize]07,18,一戸建住宅,駐車（輪）場,40歳代,その他,施錠した
窃盗,自転車盗,灘,八幡,281026,兵庫県,神戸市灘区,楠丘町１丁目,2023[sanitize]09[sanitize]12,22,４階建て以上共同住宅,駐車（輪）場,10歳代,中学生,施錠せず
窃盗,自転車盗,灘,八幡,281026,兵庫県,神戸市灘区,楠丘町５丁目,2023[sanitize]07[sanitize]25,16,一戸建住宅,その他,10歳代,中学生,施錠した
窃盗,自転車盗,灘,八幡,281026,兵庫県,神戸市灘区,楠丘町５丁目,2023[sanitize]12[sanitize]02,10,道路上,その他,40歳代,その他,施錠せず
窃盗,自転車盗,灘,八幡,281026,兵庫県,神戸市灘区,楠丘町６丁目,2023[sanitize]03[sanitize]29,10,その他の住宅（３階建て以下共同住宅等）,駐車（輪）場,10歳代,大学生,施錠せず
窃盗,自転車盗,灘,八幡,281026,兵庫県,神戸市灘区,楠丘町６丁目,2023[sanitize]07[sanitize]03,16,その他の住宅（３階建て以下共同住宅等）,駐車（輪）場,10歳代,大学生,施錠せず
窃盗,自転車盗,灘,八幡,281026,兵庫県,神戸市灘区,高徳町１丁目,2023[sanitize]07[sanitize]17,23,その他の住宅（３階建て以下共同住宅等）,駐車（輪）場,20歳代,大学生,施錠せず
窃盗,自転車盗,灘,八幡,281026,兵庫県,神戸市灘区,永手町１丁目,2023[sanitize]06[sanitize]25,17,道路上,その他,10歳代,中学生,施錠せず
窃盗,自転車盗,灘,八幡,281026,兵庫県,神戸市灘区,永手町４丁目,2022[sanitize]12[sanitize]28,17,その他,駐車（輪）場,30歳代,その他,施錠した
窃盗,自転車盗,灘,八幡,281026,兵庫県,神戸市灘区,永手町４丁目,2023[sanitize]01[sanitize]06,23,その他,その他,50歳代,その他,施錠せず
窃盗,自転車盗,灘,八幡,281026,兵庫県,神戸市灘区,永手町４丁目,2023[sanitize]01[sanitize]22,21,駐車（輪）場,駐車（輪）場,50歳代,その他,施錠した
窃盗,自転車盗,灘,八幡,281026,兵庫県,神戸市灘区,永手町４丁目,2023[sanitize]03[sanitize]19,14,その他,駐車（輪）場,10歳代,高校生,施錠せず
窃盗,自転車盗,灘,八幡,281026,兵庫県,神戸市灘区,永手町４丁目,2023[sanitize]05[sanitize]01,19,その他,駐車（輪）場,20歳代,その他,施錠せず
窃盗,自転車盗,灘,八幡,281026,兵庫県,神戸市灘区,永手町４丁目,2023[sanitize]06[sanitize]27,16,その他,駐車（輪）場,10歳代,高校生,施錠した
窃盗,自転車盗,灘,八幡,281026,兵庫県,神戸市灘区,永手町４丁目,2023[sanitize]07[sanitize]26,06,その他,駐車（輪）場,50歳代,その他,施錠した
窃盗,自転車盗,灘,八幡,281026,兵庫県,神戸市灘区,永手町４丁目,2023[sanitize]09[sanitize]09,17,その他,駐車（輪）場,40歳代,その他,施錠した
窃盗,自転車盗,灘,八幡,281026,兵庫県,神戸市灘区,永手町４丁目,2023[sanitize]10[sanitize]03,10,道路上,その他,30歳代,その他,施錠した
窃盗,自転車盗,灘,八幡,281026,兵庫県,神戸市灘区,永手町４丁目,2023[sanitize]10[sanitize]17,17,道路上,その他,20歳代,大学生,施錠した
窃盗,自転車盗,灘,八幡,281026,兵庫県,神戸市灘区,永手町４丁目,2023[sanitize]10[sanitize]26,12,その他,駐車（輪）場,20歳代,その他,施錠した
窃盗,自転車盗,灘,八幡,281026,兵庫県,神戸市灘区,永手町４丁目,2023[sanitize]11[sanitize]06,18,その他,その他,50歳代,その他,施錠せず
窃盗,自転車盗,灘,八幡,281026,兵庫県,神戸市灘区,永手町５丁目,2023[sanitize]03[sanitize]23,17,その他,駐車（輪）場,30歳代,その他,施錠した
窃盗,自転車盗,灘,八幡,281026,兵庫県,神戸市灘区,永手町５丁目,2023[sanitize]05[sanitize]28,16,４階建て以上共同住宅,駐車（輪）場,20歳代,大学生,施錠せず
窃盗,自転車盗,灘,八幡,281026,兵庫県,神戸市灘区,日尾町１丁目,2023[sanitize]09[sanitize]11,23,４階建て以上共同住宅,駐車（輪）場,20歳代,大学生,施錠した
窃盗,自転車盗,灘,八幡,281026,兵庫県,神戸市灘区,宮山町３丁目,2023[sanitize]02[sanitize]04,11,道路上,その他,10歳代,大学生,施錠した
窃盗,自転車盗,灘,八幡,281026,兵庫県,神戸市灘区,宮山町３丁目,2023[sanitize]06[sanitize]16,17,道路上,その他,20歳代,大学生,施錠した
窃盗,自転車盗,灘,八幡,281026,兵庫県,神戸市灘区,宮山町３丁目,2023[sanitize]06[sanitize]30,07,その他,駐車（輪）場,10歳代,大学生,施錠せず
窃盗,自転車盗,灘,八幡,281026,兵庫県,神戸市灘区,宮山町３丁目,2023[sanitize]07[sanitize]21,16,駐車（輪）場,駐車（輪）場,10歳代,小学生,施錠せず
窃盗,自転車盗,灘,八幡,281026,兵庫県,神戸市灘区,宮山町３丁目,2023[sanitize]09[sanitize]21,16,その他,駐車（輪）場,20歳代,その他,施錠せず
窃盗,自転車盗,灘,八幡,281026,兵庫県,神戸市灘区,宮山町３丁目,2023[sanitize]10[sanitize]08,06,その他,駐車（輪）場,30歳代,その他,施錠せず
窃盗,自転車盗,灘,八幡,281026,兵庫県,神戸市灘区,宮山町３丁目,2023[sanitize]11[sanitize]15,19,その他,駐車（輪）場,10歳代,中学生,施錠せず
窃盗,自転車盗,灘,八幡,281026,兵庫県,神戸市灘区,八幡町２丁目,2023[sanitize]03[sanitize]06,18,４階建て以上共同住宅,駐車（輪）場,20歳代,大学生,施錠せず
窃盗,自転車盗,灘,八幡,281026,兵庫県,神戸市灘区,八幡町４丁目,2023[sanitize]03[sanitize]12,10,４階建て以上共同住宅,駐車（輪）場,30歳代,その他,施錠した
窃盗,自転車盗,灘,六甲,281026,兵庫県,神戸市灘区,神前町１丁目,2023[sanitize]10[sanitize]23,07,４階建て以上共同住宅,駐車（輪）場,10歳代,中学生,施錠せず
窃盗,自転車盗,灘,六甲,281026,兵庫県,神戸市灘区,将軍通３丁目,2023[sanitize]09[sanitize]20,09,４階建て以上共同住宅,駐車（輪）場,20歳代,大学生,施錠した
窃盗,自転車盗,灘,六甲,281026,兵庫県,神戸市灘区,稗原町２丁目,2022[sanitize]12[sanitize]22,17,その他の住宅（３階建て以下共同住宅等）,駐車（輪）場,40歳代,その他,施錠した
窃盗,自転車盗,灘,大石,281026,兵庫県,神戸市灘区,大石北町,2023[sanitize]02[sanitize]09,12,一戸建住宅,駐車（輪）場,10歳代,高校生,施錠した
窃盗,自転車盗,灘,大石,281026,兵庫県,神戸市灘区,大石北町,2023[sanitize]08[sanitize]27,15,一戸建住宅,駐車（輪）場,40歳代,その他,施錠せず
窃盗,自転車盗,灘,大石,281026,兵庫県,神戸市灘区,大石北町,2023[sanitize]09[sanitize]23,19,一戸建住宅,駐車（輪）場,50歳代,その他,施錠せず
窃盗,自転車盗,灘,大石,281026,兵庫県,神戸市灘区,大石北町,2023[sanitize]11[sanitize]21,15,４階建て以上共同住宅,その他,20歳代,大学生,施錠せず
窃盗,自転車盗,灘,大石,281026,兵庫県,神戸市灘区,大石北町,2023[sanitize]12[sanitize]02,19,その他,その他,50歳代,その他,施錠した
窃盗,自転車盗,灘,大石,281026,兵庫県,神戸市灘区,大石南町１丁目,2023[sanitize]09[sanitize]29,08,一戸建住宅,駐車（輪）場,40歳代,その他,施錠した
窃盗,自転車盗,灘,大石,281026,兵庫県,神戸市灘区,新在家南町２丁目,2023[sanitize]09[sanitize]23,21,一戸建住宅,その他,30歳代,その他,施錠せず
窃盗,自転車盗,灘,大石,281026,兵庫県,神戸市灘区,新在家南町２丁目,2023[sanitize]09[sanitize]23,21,一戸建住宅,駐車（輪）場,10歳代,中学生,施錠せず
窃盗,自転車盗,灘,徳井,281026,兵庫県,神戸市灘区,記田町２丁目,2022[sanitize]07[sanitize]31,16,４階建て以上共同住宅,駐車（輪）場,20歳代,大学生,施錠せず
窃盗,自転車盗,灘,徳井,281026,兵庫県,神戸市灘区,記田町２丁目,2023[sanitize]09[sanitize]11,04,４階建て以上共同住宅,駐車（輪）場,10歳代,大学生,施錠せず
窃盗,自転車盗,灘,徳井,281026,兵庫県,神戸市灘区,徳井町３丁目,2023[sanitize]02[sanitize]03,19,４階建て以上共同住宅,駐車（輪）場,10歳代,大学生,施錠せず
窃盗,自転車盗,灘,徳井,281026,兵庫県,神戸市灘区,徳井町４丁目,2023[sanitize]04[sanitize]15,07,一戸建住宅,駐車（輪）場,40歳代,その他,施錠した
窃盗,自転車盗,灘,徳井,281026,兵庫県,神戸市灘区,中郷町２丁目,2023[sanitize]01[sanitize]13,08,一戸建住宅,駐車（輪）場,70歳以上,その他,施錠した
窃盗,自転車盗,灘,徳井,281026,兵庫県,神戸市灘区,弓木町３丁目,2023[sanitize]10[sanitize]14,14,４階建て以上共同住宅,その他,20歳代,その他,施錠せず
窃盗,自転車盗,灘,徳井,281026,兵庫県,神戸市灘区,弓木町４丁目,2023[sanitize]06[sanitize]14,21,４階建て以上共同住宅,駐車（輪）場,10歳代,大学生,施錠せず
窃盗,自転車盗,灘,徳井,281026,兵庫県,神戸市灘区,弓木町５丁目,2023[sanitize]06[sanitize]17,22,４階建て以上共同住宅,その他,20歳代,大学生,施錠せず
窃盗,自転車盗,灘,徳井,281026,兵庫県,神戸市灘区,弓木町５丁目,2023[sanitize]09[sanitize]12,20,４階建て以上共同住宅,その他,10歳代,中学生,施錠せず
窃盗,自転車盗,灘,桜口,281026,兵庫県,神戸市灘区,桜口町５丁目,2023[sanitize]07[sanitize]12,18,その他,その他,10歳代,中学生,施錠した
窃盗,自転車盗,灘,桜口,281026,兵庫県,神戸市灘区,新在家北町１丁目,2023[sanitize]05[sanitize]02,07,駐車（輪）場,駐車（輪）場,20歳代,その他,施錠した
窃盗,自転車盗,灘,桜口,281026,兵庫県,神戸市灘区,新在家北町１丁目,2023[sanitize]12[sanitize]03,17,その他,駐車（輪）場,50歳代,その他,施錠せず
窃盗,自転車盗,灘,桜口,281026,兵庫県,神戸市灘区,友田町３丁目,2023[sanitize]09[sanitize]02,15,４階建て以上共同住宅,駐車（輪）場,10歳代,高校生,施錠せず
窃盗,自転車盗,灘,桜口,281026,兵庫県,神戸市灘区,友田町５丁目,2022[sanitize]09[sanitize]11,00,駐車（輪）場,駐車（輪）場,20歳代,大学生,施錠せず
窃盗,自転車盗,灘,桜口,281026,兵庫県,神戸市灘区,友田町５丁目,2023[sanitize]06[sanitize]17,18,その他,駐車（輪）場,10歳代,高校生,施錠せず
窃盗,自転車盗,灘,桜口,281026,兵庫県,神戸市灘区,友田町５丁目,2023[sanitize]07[sanitize]16,14,道路上,その他,10歳代,小学生,施錠せず
窃盗,自転車盗,灘,桜口,281026,兵庫県,神戸市灘区,浜田町２丁目,2022[sanitize]12[sanitize]29,19,駐車（輪）場,駐車（輪）場,20歳代,その他,施錠せず
窃盗,自転車盗,灘,桜口,281026,兵庫県,神戸市灘区,浜田町３丁目,2023[sanitize]06[sanitize]24,20,道路上,その他,40歳代,その他,施錠した
窃盗,自転車盗,灘,桜口,281026,兵庫県,神戸市灘区,浜田町４丁目,2023[sanitize]05[sanitize]21,13,その他の住宅（３階建て以下共同住宅等）,その他,10歳代,大学生,施錠せず
窃盗,自転車盗,灘,桜口,281026,兵庫県,神戸市灘区,備後町５丁目,2023[sanitize]05[sanitize]26,15,道路上,その他,30歳代,その他,施錠した
窃盗,自転車盗,灘,桜口,281026,兵庫県,神戸市灘区,深田町１丁目,2023[sanitize]06[sanitize]13,16,４階建て以上共同住宅,その他,20歳代,大学生,施錠した
窃盗,自転車盗,灘,桜口,281026,兵庫県,神戸市灘区,深田町３丁目,2023[sanitize]02[sanitize]28,18,４階建て以上共同住宅,駐車（輪）場,30歳代,その他,施錠した
窃盗,自転車盗,灘,桜口,281026,兵庫県,神戸市灘区,深田町４丁目,2023[sanitize]01[sanitize]03,09,駐車（輪）場,駐車（輪）場,10歳代,高校生,施錠せず
窃盗,自転車盗,灘,桜口,281026,兵庫県,神戸市灘区,深田町４丁目,2023[sanitize]02[sanitize]14,09,その他,駐車（輪）場,10歳代,高校生,施錠した
窃盗,自転車盗,灘,桜口,281026,兵庫県,神戸市灘区,深田町４丁目,2023[sanitize]07[sanitize]27,11,その他,駐車（輪）場,50歳代,その他,施錠した
窃盗,自転車盗,灘,桜口,281026,兵庫県,神戸市灘区,深田町４丁目,2023[sanitize]09[sanitize]30,16,道路上,その他,30歳代,その他,施錠せず
窃盗,自転車盗,灘,桜口,281026,兵庫県,神戸市灘区,深田町４丁目,2023[sanitize]10[sanitize]16,18,その他,駐車（輪）場,40歳代,その他,施錠した
窃盗,自転車盗,灘,水道筋,281026,兵庫県,神戸市灘区,泉通２丁目,2023[sanitize]09[sanitize]30,12,４階建て以上共同住宅,駐車（輪）場,10歳代,小学生,施錠した
窃盗,自転車盗,灘,水道筋,281026,兵庫県,神戸市灘区,大内通２丁目,2023[sanitize]01[sanitize]15,12,４階建て以上共同住宅,その他,20歳代,その他,施錠した
窃盗,自転車盗,灘,水道筋,281026,兵庫県,神戸市灘区,大内通３丁目,2023[sanitize]05[sanitize]20,00,一戸建住宅,駐車（輪）場,65[sanitize]69歳,その他,施錠せず
窃盗,自転車盗,灘,水道筋,281026,兵庫県,神戸市灘区,岸地通４丁目,2023[sanitize]10[sanitize]01,00,その他の住宅（３階建て以下共同住宅等）,駐車（輪）場,10歳代,大学生,施錠した
窃盗,自転車盗,灘,水道筋,281026,兵庫県,神戸市灘区,岸地通５丁目,2023[sanitize]06[sanitize]24,19,道路上,その他,10歳代,中学生,施錠せず
窃盗,自転車盗,灘,水道筋,281026,兵庫県,神戸市灘区,記田町５丁目,2023[sanitize]10[sanitize]02,00,道路上,その他,10歳代,大学生,施錠せず
窃盗,自転車盗,灘,水道筋,281026,兵庫県,神戸市灘区,篠原中町６丁目,2023[sanitize]02[sanitize]01,20,４階建て以上共同住宅,駐車（輪）場,40歳代,その他,施錠せず
窃盗,自転車盗,灘,水道筋,281026,兵庫県,神戸市灘区,篠原中町６丁目,2023[sanitize]04[sanitize]13,13,その他の住宅（３階建て以下共同住宅等）,駐車（輪）場,10歳代,中学生,施錠せず
窃盗,自転車盗,灘,水道筋,281026,兵庫県,神戸市灘区,篠原南町７丁目,2023[sanitize]08[sanitize]06,17,４階建て以上共同住宅,駐車（輪）場,40歳代,その他,施錠せず
窃盗,自転車盗,灘,水道筋,281026,兵庫県,神戸市灘区,水道筋３丁目,2023[sanitize]04[sanitize]27,21,道路上,その他,10歳代,大学生,施錠した
窃盗,自転車盗,灘,水道筋,281026,兵庫県,神戸市灘区,水道筋５丁目,2022[sanitize]11[sanitize]15,10,その他,その他,20歳代,大学生,施錠した
窃盗,自転車盗,灘,水道筋,281026,兵庫県,神戸市灘区,水道筋５丁目,2023[sanitize]09[sanitize]11,12,道路上,その他,10歳代,大学生,施錠せず
窃盗,自転車盗,灘,水道筋,281026,兵庫県,神戸市灘区,水道筋５丁目,2023[sanitize]12[sanitize]15,10,道路上,その他,70歳以上,その他,施錠せず
窃盗,自転車盗,灘,水道筋,281026,兵庫県,神戸市灘区,水道筋６丁目,2023[sanitize]08[sanitize]30,19,４階建て以上共同住宅,駐車（輪）場,20歳代,その他,施錠せず
窃盗,自転車盗,灘,水道筋,281026,兵庫県,神戸市灘区,水道筋６丁目,2023[sanitize]10[sanitize]03,07,道路上,その他,20歳代,その他,施錠した
窃盗,自転車盗,灘,水道筋,281026,兵庫県,神戸市灘区,灘北通５丁目,2023[sanitize]10[sanitize]23,07,その他,駐車（輪）場,10歳代,高校生,施錠した
窃盗,自転車盗,灘,水道筋,281026,兵庫県,神戸市灘区,灘北通５丁目,2023[sanitize]10[sanitize]25,08,その他,駐車（輪）場,30歳代,その他,施錠した
窃盗,自転車盗,灘,王子公園,281026,兵庫県,神戸市灘区,王子町１丁目,2023[sanitize]06[sanitize]14,13,その他,駐車（輪）場,20歳代,その他,施錠せず
窃盗,自転車盗,灘,王子公園,281026,兵庫県,神戸市灘区,王子町１丁目,2023[sanitize]12[sanitize]02,10,その他,駐車（輪）場,20歳代,その他,施錠した
窃盗,自転車盗,灘,王子公園,281026,兵庫県,神戸市灘区,王子町２丁目,2023[sanitize]11[sanitize]01,12,その他,駐車（輪）場,40歳代,その他,施錠せず
窃盗,自転車盗,灘,王子公園,281026,兵庫県,神戸市灘区,灘北通７丁目,2023[sanitize]09[sanitize]07,21,駐車（輪）場,駐車（輪）場,30歳代,その他,施錠せず
窃盗,自転車盗,灘,王子公園,281026,兵庫県,神戸市灘区,灘北通９丁目,2023[sanitize]05[sanitize]15,21,４階建て以上共同住宅,駐車（輪）場,20歳代,その他,施錠せず
窃盗,自転車盗,灘,王子公園,281026,兵庫県,神戸市灘区,灘北通１０丁目,2023[sanitize]07[sanitize]02,15,駐車（輪）場,駐車（輪）場,60[sanitize]64歳,その他,施錠せず
窃盗,自転車盗,灘,王子公園,281026,兵庫県,神戸市灘区,原田通２丁目,2023[sanitize]03[sanitize]29,16,その他の住宅（３階建て以下共同住宅等）,駐車（輪）場,20歳代,大学生,施錠した
窃盗,自転車盗,灘,琵琶町,281026,兵庫県,神戸市灘区,烏帽子町３丁目,2023[sanitize]07[sanitize]13,18,その他の住宅（３階建て以下共同住宅等）,駐車（輪）場,20歳代,大学生,施錠せず
窃盗,自転車盗,灘,琵琶町,281026,兵庫県,神戸市灘区,大石東町１丁目,2023[sanitize]01[sanitize]23,10,４階建て以上共同住宅,その他,10歳代,高校生,施錠した
窃盗,自転車盗,灘,琵琶町,281026,兵庫県,神戸市灘区,大石東町２丁目,2023[sanitize]04[sanitize]12,17,４階建て以上共同住宅,駐車（輪）場,30歳代,その他,施錠せず
窃盗,自転車盗,灘,琵琶町,281026,兵庫県,神戸市灘区,大石東町２丁目,2023[sanitize]05[sanitize]21,17,一戸建住宅,その他,10歳代,小学生,施錠せず
窃盗,自転車盗,灘,琵琶町,281026,兵庫県,神戸市灘区,大石東町２丁目,2023[sanitize]11[sanitize]07,12,その他の住宅（３階建て以下共同住宅等）,駐車（輪）場,10歳代,大学生,施錠した
窃盗,自転車盗,灘,琵琶町,281026,兵庫県,神戸市灘区,大石東町５丁目,2023[sanitize]04[sanitize]01,12,４階建て以上共同住宅,駐車（輪）場,10歳代,中学生,施錠せず
窃盗,自転車盗,灘,琵琶町,281026,兵庫県,神戸市灘区,琵琶町１丁目,2023[sanitize]10[sanitize]27,13,４階建て以上共同住宅,駐車（輪）場,20歳代,大学生,施錠した
窃盗,自転車盗,灘,琵琶町,281026,兵庫県,神戸市灘区,琵琶町３丁目,2023[sanitize]06[sanitize]13,19,４階建て以上共同住宅,駐車（輪）場,60[sanitize]64歳,その他,施錠した
窃盗,自転車盗,灘,篠原北町,281026,兵庫県,神戸市灘区,篠原伯母野山町３丁目,2023[sanitize]08[sanitize]04,19,その他の住宅（３階建て以下共同住宅等）,駐車（輪）場,20歳代,大学生,施錠せず
窃盗,自転車盗,灘,篠原北町,281026,兵庫県,神戸市灘区,篠原北町１丁目,2023[sanitize]05[sanitize]11,17,４階建て以上共同住宅,駐車（輪）場,20歳代,大学生,施錠した
窃盗,自転車盗,灘,篠原北町,281026,兵庫県,神戸市灘区,篠原中町２丁目,2023[sanitize]02[sanitize]11,15,４階建て以上共同住宅,駐車（輪）場,20歳代,大学生,施錠した
窃盗,自転車盗,灘,篠原北町,281026,兵庫県,神戸市灘区,篠原中町３丁目,2023[sanitize]01[sanitize]12,16,道路上,その他,20歳代,大学生,施錠した
窃盗,自転車盗,灘,篠原北町,281026,兵庫県,神戸市灘区,篠原本町１丁目,2023[sanitize]02[sanitize]01,19,４階建て以上共同住宅,駐車（輪）場,10歳代,大学生,施錠せず
窃盗,自転車盗,灘,西灘,281026,兵庫県,神戸市灘区,岩屋北町３丁目,2023[sanitize]08[sanitize]09,00,４階建て以上共同住宅,駐車（輪）場,30歳代,その他,施錠せず
窃盗,自転車盗,灘,西灘,281026,兵庫県,神戸市灘区,岩屋北町５丁目,2023[sanitize]10[sanitize]14,12,４階建て以上共同住宅,駐車（輪）場,20歳代,その他,施錠した
窃盗,自転車盗,灘,西灘,281026,兵庫県,神戸市灘区,岩屋北町７丁目,2022[sanitize]12[sanitize]28,19,その他,駐車（輪）場,20歳代,その他,施錠せず
窃盗,自転車盗,灘,西灘,281026,兵庫県,神戸市灘区,岩屋北町７丁目,2023[sanitize]08[sanitize]05,14,その他,その他,10歳代,高校生,施錠せず
窃盗,自転車盗,灘,西灘,281026,兵庫県,神戸市灘区,岩屋中町４丁目,2023[sanitize]05[sanitize]03,10,その他の住宅（３階建て以下共同住宅等）,駐車（輪）場,20歳代,その他,施錠せず
窃盗,自転車盗,灘,西灘,281026,兵庫県,神戸市灘区,岩屋中町４丁目,2023[sanitize]07[sanitize]06,14,道路上,その他,30歳代,その他,施錠せず
窃盗,自転車盗,灘,西灘,281026,兵庫県,神戸市灘区,岩屋中町４丁目,2023[sanitize]09[sanitize]15,不明,駐車（輪）場,駐車（輪）場,30歳代,その他,施錠せず
窃盗,自転車盗,灘,西灘,281026,兵庫県,神戸市灘区,岩屋中町５丁目,2023[sanitize]07[sanitize]27,17,４階建て以上共同住宅,駐車（輪）場,10歳代,高校生,施錠せず
窃盗,自転車盗,灘,西灘,281026,兵庫県,神戸市灘区,灘南通２丁目,2023[sanitize]07[sanitize]04,06,その他,駐車（輪）場,20歳代,その他,施錠せず
窃盗,自転車盗,灘,西灘,281026,兵庫県,神戸市灘区,灘南通５丁目,2023[sanitize]06[sanitize]02,21,一戸建住宅,その他,65[sanitize]69歳,その他,施錠せず
窃盗,自転車盗,灘,西灘,281026,兵庫県,神戸市灘区,灘南通６丁目,2023[sanitize]02[sanitize]25,11,４階建て以上共同住宅,駐車（輪）場,20歳代,その他,施錠せず
窃盗,自転車盗,灘,西灘,281026,兵庫県,神戸市灘区,灘南通６丁目,2023[sanitize]07[sanitize]24,18,一戸建住宅,駐車（輪）場,20歳代,その他,施錠せず
窃盗,自転車盗,灘,西灘,281026,兵庫県,神戸市灘区,灘南通６丁目,2023[sanitize]08[sanitize]05,23,４階建て以上共同住宅,駐車（輪）場,30歳代,その他,施錠した
窃盗,自転車盗,灘,西灘,281026,兵庫県,神戸市灘区,船寺通１丁目,2023[sanitize]07[sanitize]30,17,その他,駐車（輪）場,50歳代,その他,施錠した
窃盗,自転車盗,灘,西灘,281026,兵庫県,神戸市灘区,味泥町,2023[sanitize]04[sanitize]25,16,道路上,その他,10歳代,中学生,施錠せず
窃盗,自転車盗,灘,西灘,281026,兵庫県,神戸市灘区,味泥町,2023[sanitize]08[sanitize]01,15,その他,駐車（輪）場,10歳代,小学生,施錠せず
窃盗,自転車盗,灘,西灘,281026,兵庫県,神戸市灘区,都通１丁目,2023[sanitize]09[sanitize]25,08,４階建て以上共同住宅,駐車（輪）場,10歳未満,小学生,施錠した
窃盗,自転車盗,灘,西灘,281026,兵庫県,神戸市灘区,都通４丁目,2023[sanitize]05[sanitize]14,14,４階建て以上共同住宅,駐車（輪）場,10歳代,中学生,施錠せず
窃盗,自転車盗,灘,西灘,281026,兵庫県,神戸市灘区,都通５丁目,2023[sanitize]01[sanitize]02,12,その他,駐車（輪）場,20歳代,その他,施錠した
窃盗,自転車盗,灘,西灘,281026,兵庫県,神戸市灘区,都通５丁目,2023[sanitize]04[sanitize]07,21,道路上,その他,10歳代,その他,施錠せず
窃盗,自転車盗,灘,西灘,281026,兵庫県,神戸市灘区,都通５丁目,2023[sanitize]04[sanitize]15,19,その他,駐車（輪）場,20歳代,その他,施錠した
窃盗,自転車盗,灘,西灘,281026,兵庫県,神戸市灘区,都通５丁目,2023[sanitize]05[sanitize]22,06,道路上,その他,10歳代,大学生,施錠せず
窃盗,自転車盗,灘,西灘,281026,兵庫県,神戸市灘区,摩耶海岸通１丁目,2023[sanitize]06[sanitize]23,21,４階建て以上共同住宅,駐車（輪）場,50歳代,その他,施錠した
窃盗,自転車盗,灘,西灘,281026,兵庫県,神戸市灘区,摩耶海岸通２丁目,2023[sanitize]04[sanitize]27,20,４階建て以上共同住宅,駐車（輪）場,40歳代,その他,施錠した
窃盗,自転車盗,灘,西灘,281026,兵庫県,神戸市灘区,摩耶海岸通２丁目,2023[sanitize]07[sanitize]16,17,４階建て以上共同住宅,その他,70歳以上,その他,施錠した
窃盗,自転車盗,灘,西灘,281026,兵庫県,神戸市灘区,摩耶海岸通２丁目,2023[sanitize]07[sanitize]16,23,４階建て以上共同住宅,駐車（輪）場,70歳以上,その他,施錠せず
窃盗,自転車盗,灘,西灘,281026,兵庫県,神戸市灘区,摩耶海岸通２丁目,2023[sanitize]08[sanitize]27,10,４階建て以上共同住宅,駐車（輪）場,40歳代,その他,施錠せず
窃盗,自転車盗,灘,西灘,281026,兵庫県,神戸市灘区,摩耶海岸通２丁目,2023[sanitize]10[sanitize]23,15,４階建て以上共同住宅,駐車（輪）場,10歳未満,小学生,施錠せず
窃盗,自転車盗,灘,赤坂,281026,兵庫県,神戸市灘区,赤坂通４丁目,2022[sanitize]12[sanitize]01,00,その他の住宅（３階建て以下共同住宅等）,駐車（輪）場,40歳代,その他,施錠した
窃盗,自転車盗,灘,赤坂,281026,兵庫県,神戸市灘区,赤坂通８丁目,2023[sanitize]03[sanitize]30,19,道路上,その他,10歳代,中学生,施錠せず
窃盗,自転車盗,灘,赤坂,281026,兵庫県,神戸市灘区,国玉通２丁目,2023[sanitize]04[sanitize]14,23,道路上,その他,20歳代,その他,施錠せず
窃盗,自転車盗,灘,赤坂,281026,兵庫県,神戸市灘区,国玉通２丁目,2023[sanitize]04[sanitize]15,16,道路上,その他,20歳代,その他,施錠せず
窃盗,自転車盗,灘,高羽,281026,兵庫県,神戸市灘区,桜ケ丘町,2023[sanitize]01[sanitize]28,00,その他の住宅（３階建て以下共同住宅等）,駐車（輪）場,20歳代,大学生,施錠せず
窃盗,自転車盗,灘,鶴甲,281026,兵庫県,神戸市灘区,水車新田字滝ノ下,2023[sanitize]08[sanitize]27,00,駐車（輪）場,駐車（輪）場,70歳以上,その他,施錠せず
窃盗,自転車盗,灘,鶴甲,281026,兵庫県,神戸市灘区,六甲台町,2023[sanitize]03[sanitize]30,08,その他,駐車（輪）場,30歳代,その他,施錠せず
窃盗,自転車盗,灘,鶴甲,281026,兵庫県,神戸市灘区,六甲台町,2023[sanitize]04[sanitize]17,11,その他,駐車（輪）場,10歳代,大学生,施錠せず
窃盗,自転車盗,灘,鶴甲,281026,兵庫県,神戸市灘区,六甲台町,2023[sanitize]05[sanitize]02,11,その他,駐車（輪）場,10歳代,大学生,施錠せず
窃盗,自転車盗,灘,鶴甲,281026,兵庫県,神戸市灘区,六甲台町,2023[sanitize]06[sanitize]14,08,駐車（輪）場,駐車（輪）場,10歳代,大学生,施錠した
窃盗,自転車盗,葺合,三宮センター,281107,兵庫県,神戸市中央区,旭通１丁目,2023[sanitize]08[sanitize]15,21,４階建て以上共同住宅,駐車（輪）場,20歳代,大学生,施錠せず
窃盗,自転車盗,葺合,三宮センター,281107,兵庫県,神戸市中央区,旭通２丁目,2023[sanitize]02[sanitize]02,11,４階建て以上共同住宅,駐車（輪）場,60[sanitize]64歳,その他,施錠した
窃盗,自転車盗,葺合,三宮センター,281107,兵庫県,神戸市中央区,旭通２丁目,2023[sanitize]02[sanitize]22,17,道路上,その他,20歳代,その他,施錠した
窃盗,自転車盗,葺合,三宮センター,281107,兵庫県,神戸市中央区,旭通３丁目,2023[sanitize]07[sanitize]08,12,４階建て以上共同住宅,駐車（輪）場,30歳代,その他,施錠せず
窃盗,自転車盗,葺合,三宮センター,281107,兵庫県,神戸市中央区,旭通３丁目,2023[sanitize]11[sanitize]28,20,道路上,その他,20歳代,その他,施錠せず
窃盗,自転車盗,葺合,三宮センター,281107,兵庫県,神戸市中央区,旭通３丁目,2023[sanitize]12[sanitize]25,20,駐車（輪）場,駐車（輪）場,40歳代,その他,施錠した
窃盗,自転車盗,葺合,三宮センター,281107,兵庫県,神戸市中央区,旭通４丁目,2023[sanitize]08[sanitize]10,18,４階建て以上共同住宅,その他,40歳代,その他,施錠せず
窃盗,自転車盗,葺合,三宮センター,281107,兵庫県,神戸市中央区,旭通５丁目,2023[sanitize]03[sanitize]09,15,道路上,その他,30歳代,その他,施錠せず
窃盗,自転車盗,葺合,三宮センター,281107,兵庫県,神戸市中央区,旭通５丁目,2023[sanitize]06[sanitize]16,22,道路上,その他,20歳代,その他,施錠せず
窃盗,自転車盗,葺合,三宮センター,281107,兵庫県,神戸市中央区,旭通５丁目,2023[sanitize]08[sanitize]11,12,駐車（輪）場,駐車（輪）場,70歳以上,その他,施錠せず
窃盗,自転車盗,葺合,三宮センター,281107,兵庫県,神戸市中央区,磯上通８丁目,2023[sanitize]11[sanitize]14,17,道路上,その他,20歳代,その他,施錠した
窃盗,自転車盗,葺合,三宮センター,281107,兵庫県,神戸市中央区,磯辺通２丁目,2023[sanitize]03[sanitize]10,08,道路上,その他,30歳代,その他,施錠せず
窃盗,自転車盗,葺合,三宮センター,281107,兵庫県,神戸市中央区,磯辺通２丁目,2023[sanitize]03[sanitize]26,13,４階建て以上共同住宅,駐車（輪）場,20歳代,その他,施錠せず
窃盗,自転車盗,葺合,三宮センター,281107,兵庫県,神戸市中央区,磯辺通２丁目,2023[sanitize]05[sanitize]23,08,道路上,その他,30歳代,その他,施錠した
窃盗,自転車盗,葺合,三宮センター,281107,兵庫県,神戸市中央区,磯辺通３丁目,2023[sanitize]02[sanitize]01,09,道路上,その他,40歳代,その他,施錠した
窃盗,自転車盗,葺合,三宮センター,281107,兵庫県,神戸市中央区,磯辺通３丁目,2023[sanitize]07[sanitize]23,12,道路上,その他,10歳代,高校生,施錠した
窃盗,自転車盗,葺合,三宮センター,281107,兵庫県,神戸市中央区,磯辺通３丁目,2023[sanitize]09[sanitize]17,08,道路上,その他,50歳代,その他,施錠した
窃盗,自転車盗,葺合,三宮センター,281107,兵庫県,神戸市中央区,磯辺通４丁目,2023[sanitize]03[sanitize]29,01,道路上,その他,10歳代,大学生,施錠した
窃盗,自転車盗,葺合,三宮センター,281107,兵庫県,神戸市中央区,小野柄通６丁目,2023[sanitize]02[sanitize]20,12,その他,駐車（輪）場,20歳代,大学生,施錠した
窃盗,自転車盗,葺合,三宮センター,281107,兵庫県,神戸市中央区,小野柄通６丁目,2023[sanitize]05[sanitize]21,00,その他,駐車（輪）場,10歳代,大学生,施錠せず
窃盗,自転車盗,葺合,三宮センター,281107,兵庫県,神戸市中央区,小野柄通６丁目,2023[sanitize]05[sanitize]21,13,道路上,その他,20歳代,大学生,施錠した
窃盗,自転車盗,葺合,三宮センター,281107,兵庫県,神戸市中央区,小野柄通６丁目,2023[sanitize]05[sanitize]24,11,その他,駐車（輪）場,10歳代,高校生,施錠した
窃盗,自転車盗,葺合,三宮センター,281107,兵庫県,神戸市中央区,小野柄通６丁目,2023[sanitize]06[sanitize]24,07,その他,駐車（輪）場,10歳代,中学生,施錠せず
窃盗,自転車盗,葺合,三宮センター,281107,兵庫県,神戸市中央区,小野柄通６丁目,2023[sanitize]07[sanitize]17,19,その他,駐車（輪）場,10歳代,中学生,施錠せず
窃盗,自転車盗,葺合,三宮センター,281107,兵庫県,神戸市中央区,小野柄通６丁目,2023[sanitize]07[sanitize]20,18,道路上,その他,20歳代,大学生,施錠した
窃盗,自転車盗,葺合,三宮センター,281107,兵庫県,神戸市中央区,小野柄通６丁目,2023[sanitize]08[sanitize]27,17,その他,駐車（輪）場,20歳代,その他,施錠せず
窃盗,自転車盗,葺合,三宮センター,281107,兵庫県,神戸市中央区,小野柄通６丁目,2023[sanitize]10[sanitize]06,11,その他,駐車（輪）場,40歳代,その他,施錠した
窃盗,自転車盗,葺合,三宮センター,281107,兵庫県,神戸市中央区,小野柄通７丁目,2022[sanitize]12[sanitize]07,21,道路上,その他,40歳代,その他,施錠した
窃盗,自転車盗,葺合,三宮センター,281107,兵庫県,神戸市中央区,雲井通６丁目,2023[sanitize]03[sanitize]16,21,駐車（輪）場,駐車（輪）場,20歳代,その他,施錠した
窃盗,自転車盗,葺合,三宮センター,281107,兵庫県,神戸市中央区,雲井通６丁目,2023[sanitize]03[sanitize]30,17,駐車（輪）場,駐車（輪）場,30歳代,その他,施錠した
窃盗,自転車盗,葺合,三宮センター,281107,兵庫県,神戸市中央区,雲井通６丁目,2023[sanitize]09[sanitize]22,21,道路上,その他,50歳代,その他,施錠せず
窃盗,自転車盗,葺合,三宮センター,281107,兵庫県,神戸市中央区,雲井通７丁目,2023[sanitize]01[sanitize]13,07,駐車（輪）場,駐車（輪）場,40歳代,その他,施錠せず
窃盗,自転車盗,葺合,三宮センター,281107,兵庫県,神戸市中央区,雲井通７丁目,2023[sanitize]08[sanitize]19,14,駐車（輪）場,駐車（輪）場,20歳代,その他,施錠した
窃盗,自転車盗,葺合,三宮センター,281107,兵庫県,神戸市中央区,雲井通７丁目,2023[sanitize]08[sanitize]19,18,駐車（輪）場,駐車（輪）場,40歳代,その他,施錠した
窃盗,自転車盗,葺合,三宮センター,281107,兵庫県,神戸市中央区,雲井通８丁目,2023[sanitize]06[sanitize]12,18,駐車（輪）場,駐車（輪）場,30歳代,その他,施錠した
窃盗,自転車盗,葺合,三宮センター,281107,兵庫県,神戸市中央区,雲井通８丁目,2023[sanitize]11[sanitize]18,13,駐車（輪）場,駐車（輪）場,30歳代,その他,施錠した
窃盗,自転車盗,葺合,三宮センター,281107,兵庫県,神戸市中央区,琴ノ緒町３丁目,2023[sanitize]02[sanitize]06,22,道路上,その他,20歳代,その他,施錠せず
窃盗,自転車盗,葺合,三宮センター,281107,兵庫県,神戸市中央区,琴ノ緒町４丁目,2023[sanitize]01[sanitize]06,18,駐車（輪）場,駐車（輪）場,20歳代,その他,施錠せず
窃盗,自転車盗,葺合,三宮センター,281107,兵庫県,神戸市中央区,琴ノ緒町４丁目,2023[sanitize]10[sanitize]14,18,駐車（輪）場,駐車（輪）場,40歳代,その他,施錠せず
窃盗,自転車盗,葺合,三宮センター,281107,兵庫県,神戸市中央区,琴ノ緒町５丁目,2023[sanitize]05[sanitize]06,20,道路上,その他,65[sanitize]69歳,その他,施錠せず
窃盗,自転車盗,葺合,三宮センター,281107,兵庫県,神戸市中央区,琴ノ緒町５丁目,2023[sanitize]06[sanitize]17,22,道路上,その他,20歳代,その他,施錠した
窃盗,自転車盗,葺合,三宮センター,281107,兵庫県,神戸市中央区,布引町４丁目,2023[sanitize]08[sanitize]30,22,道路上,その他,30歳代,その他,施錠せず
窃盗,自転車盗,葺合,三宮センター,281107,兵庫県,神戸市中央区,浜辺通３丁目,2023[sanitize]03[sanitize]03,10,４階建て以上共同住宅,駐車（輪）場,30歳代,その他,施錠した
窃盗,自転車盗,葺合,三宮センター,281107,兵庫県,神戸市中央区,浜辺通３丁目,2023[sanitize]03[sanitize]07,18,４階建て以上共同住宅,駐車（輪）場,30歳代,その他,施錠した
窃盗,自転車盗,葺合,三宮センター,281107,兵庫県,神戸市中央区,浜辺通４丁目,2023[sanitize]10[sanitize]17,08,道路上,その他,30歳代,その他,施錠した
窃盗,自転車盗,葺合,中尾前,281107,兵庫県,神戸市中央区,上筒井通３丁目,2023[sanitize]08[sanitize]06,11,４階建て以上共同住宅,その他,30歳代,その他,施錠した
窃盗,自転車盗,葺合,二宮,281107,兵庫県,神戸市中央区,生田町１丁目,2023[sanitize]10[sanitize]06,15,４階建て以上共同住宅,駐車（輪）場,20歳代,その他,施錠せず
窃盗,自転車盗,葺合,二宮,281107,兵庫県,神戸市中央区,生田町２丁目,2023[sanitize]04[sanitize]22,09,道路上,その他,20歳代,その他,施錠せず
窃盗,自転車盗,葺合,二宮,281107,兵庫県,神戸市中央区,生田町２丁目,2023[sanitize]11[sanitize]03,12,４階建て以上共同住宅,駐車（輪）場,20歳代,その他,施錠せず
窃盗,自転車盗,葺合,二宮,281107,兵庫県,神戸市中央区,生田町３丁目,2023[sanitize]03[sanitize]04,10,道路上,その他,40歳代,その他,施錠した
窃盗,自転車盗,葺合,二宮,281107,兵庫県,神戸市中央区,生田町４丁目,2023[sanitize]05[sanitize]29,11,道路上,その他,70歳以上,その他,施錠せず
窃盗,自転車盗,葺合,二宮,281107,兵庫県,神戸市中央区,琴ノ緒町１丁目,2022[sanitize]12[sanitize]24,12,４階建て以上共同住宅,駐車（輪）場,20歳代,その他,施錠せず
窃盗,自転車盗,葺合,二宮,281107,兵庫県,神戸市中央区,琴ノ緒町１丁目,2023[sanitize]01[sanitize]16,22,４階建て以上共同住宅,その他,30歳代,その他,施錠した
窃盗,自転車盗,葺合,二宮,281107,兵庫県,神戸市中央区,琴ノ緒町３丁目,2023[sanitize]08[sanitize]04,03,道路上,その他,40歳代,その他,施錠せず
窃盗,自転車盗,葺合,二宮,281107,兵庫県,神戸市中央区,琴ノ緒町４丁目,2023[sanitize]10[sanitize]23,02,道路上,その他,40歳代,その他,施錠した
窃盗,自転車盗,葺合,二宮,281107,兵庫県,神戸市中央区,琴ノ緒町５丁目,2022[sanitize]12[sanitize]13,16,道路上,その他,20歳代,その他,施錠した
窃盗,自転車盗,葺合,二宮,281107,兵庫県,神戸市中央区,琴ノ緒町５丁目,2022[sanitize]12[sanitize]29,12,その他,駐車（輪）場,30歳代,その他,施錠せず
窃盗,自転車盗,葺合,二宮,281107,兵庫県,神戸市中央区,琴ノ緒町５丁目,2023[sanitize]01[sanitize]05,19,４階建て以上共同住宅,その他,20歳代,その他,施錠した
窃盗,自転車盗,葺合,二宮,281107,兵庫県,神戸市中央区,琴ノ緒町５丁目,2023[sanitize]02[sanitize]04,23,道路上,その他,30歳代,その他,施錠せず
窃盗,自転車盗,葺合,二宮,281107,兵庫県,神戸市中央区,琴ノ緒町５丁目,2023[sanitize]05[sanitize]22,01,道路上,その他,20歳代,大学生,施錠した
窃盗,自転車盗,葺合,二宮,281107,兵庫県,神戸市中央区,琴ノ緒町５丁目,2023[sanitize]06[sanitize]16,16,道路上,その他,20歳代,その他,施錠した
窃盗,自転車盗,葺合,二宮,281107,兵庫県,神戸市中央区,琴ノ緒町５丁目,2023[sanitize]07[sanitize]31,02,道路上,その他,20歳代,その他,施錠せず
窃盗,自転車盗,葺合,二宮,281107,兵庫県,神戸市中央区,琴ノ緒町５丁目,2023[sanitize]08[sanitize]02,19,駐車（輪）場,駐車（輪）場,10歳代,高校生,施錠した
窃盗,自転車盗,葺合,二宮,281107,兵庫県,神戸市中央区,琴ノ緒町５丁目,2023[sanitize]10[sanitize]24,19,道路上,その他,65[sanitize]69歳,その他,施錠せず
窃盗,自転車盗,葺合,二宮,281107,兵庫県,神戸市中央区,二宮町２丁目,2023[sanitize]05[sanitize]08,23,４階建て以上共同住宅,駐車（輪）場,20歳代,その他,施錠せず
窃盗,自転車盗,葺合,二宮,281107,兵庫県,神戸市中央区,二宮町２丁目,2023[sanitize]08[sanitize]19,23,駐車（輪）場,駐車（輪）場,20歳代,その他,施錠せず
窃盗,自転車盗,葺合,二宮,281107,兵庫県,神戸市中央区,二宮町２丁目,2023[sanitize]09[sanitize]12,13,道路上,その他,20歳代,その他,施錠せず
窃盗,自転車盗,葺合,二宮,281107,兵庫県,神戸市中央区,二宮町３丁目,2023[sanitize]10[sanitize]21,23,その他の住宅（３階建て以下共同住宅等）,駐車（輪）場,40歳代,その他,施錠した
窃盗,自転車盗,葺合,二宮,281107,兵庫県,神戸市中央区,二宮町４丁目,2023[sanitize]07[sanitize]12,17,４階建て以上共同住宅,駐車（輪）場,50歳代,その他,施錠した
窃盗,自転車盗,葺合,二宮,281107,兵庫県,神戸市中央区,布引町２丁目,2023[sanitize]07[sanitize]08,16,道路上,その他,20歳代,その他,施錠せず
窃盗,自転車盗,葺合,二宮,281107,兵庫県,神戸市中央区,布引町２丁目,2023[sanitize]08[sanitize]10,04,道路上,その他,20歳代,その他,施錠せず
窃盗,自転車盗,葺合,二宮,281107,兵庫県,神戸市中央区,布引町３丁目,2023[sanitize]07[sanitize]20,13,道路上,その他,30歳代,その他,施錠した
窃盗,自転車盗,葺合,二宮,281107,兵庫県,神戸市中央区,布引町３丁目,2023[sanitize]08[sanitize]01,19,道路上,その他,20歳代,その他,施錠せず
窃盗,自転車盗,葺合,二宮,281107,兵庫県,神戸市中央区,布引町３丁目,2023[sanitize]12[sanitize]01,14,道路上,その他,20歳代,その他,施錠した
窃盗,自転車盗,葺合,二宮,281107,兵庫県,神戸市中央区,布引町４丁目,2023[sanitize]07[sanitize]25,00,道路上,その他,30歳代,その他,施錠せず
窃盗,自転車盗,葺合,割塚,281107,兵庫県,神戸市中央区,吾妻通１丁目,2023[sanitize]03[sanitize]12,21,駐車（輪）場,駐車（輪）場,10歳代,小学生,施錠した
窃盗,自転車盗,葺合,割塚,281107,兵庫県,神戸市中央区,東雲通１丁目,2023[sanitize]05[sanitize]19,13,一戸建住宅,駐車（輪）場,50歳代,その他,施錠せず
窃盗,自転車盗,葺合,割塚,281107,兵庫県,神戸市中央区,東雲通１丁目,2023[sanitize]06[sanitize]18,18,４階建て以上共同住宅,駐車（輪）場,30歳代,その他,施錠した
窃盗,自転車盗,葺合,割塚,281107,兵庫県,神戸市中央区,東雲通１丁目,2023[sanitize]07[sanitize]13,19,４階建て以上共同住宅,駐車（輪）場,20歳代,その他,施錠せず
窃盗,自転車盗,葺合,割塚,281107,兵庫県,神戸市中央区,東雲通３丁目,2023[sanitize]07[sanitize]16,15,道路上,その他,20歳代,大学生,施錠せず
窃盗,自転車盗,葺合,割塚,281107,兵庫県,神戸市中央区,東雲通３丁目,2023[sanitize]09[sanitize]23,16,道路上,その他,20歳代,その他,施錠した
窃盗,自転車盗,葺合,割塚,281107,兵庫県,神戸市中央区,東雲通４丁目,2023[sanitize]03[sanitize]16,17,道路上,その他,50歳代,その他,施錠せず
窃盗,自転車盗,葺合,割塚,281107,兵庫県,神戸市中央区,東雲通５丁目,2023[sanitize]01[sanitize]19,08,道路上,その他,30歳代,その他,施錠せず
窃盗,自転車盗,葺合,割塚,281107,兵庫県,神戸市中央区,東雲通５丁目,2023[sanitize]11[sanitize]09,07,道路上,その他,40歳代,その他,施錠した
窃盗,自転車盗,葺合,割塚,281107,兵庫県,神戸市中央区,筒井町１丁目,2023[sanitize]09[sanitize]22,13,４階建て以上共同住宅,駐車（輪）場,65[sanitize]69歳,その他,施錠せず
窃盗,自転車盗,葺合,割塚,281107,兵庫県,神戸市中央区,筒井町１丁目,2023[sanitize]11[sanitize]09,17,その他,駐車（輪）場,30歳代,その他,施錠せず
窃盗,自転車盗,葺合,割塚,281107,兵庫県,神戸市中央区,筒井町３丁目,2023[sanitize]03[sanitize]09,20,４階建て以上共同住宅,駐車（輪）場,20歳代,その他,施錠せず
窃盗,自転車盗,葺合,割塚,281107,兵庫県,神戸市中央区,筒井町３丁目,2023[sanitize]03[sanitize]30,07,道路上,その他,20歳代,その他,施錠した
窃盗,自転車盗,葺合,割塚,281107,兵庫県,神戸市中央区,筒井町３丁目,2023[sanitize]04[sanitize]19,06,道路上,その他,10歳代,大学生,施錠した
窃盗,自転車盗,葺合,割塚,281107,兵庫県,神戸市中央区,筒井町３丁目,2023[sanitize]04[sanitize]22,01,道路上,その他,30歳代,その他,施錠した
窃盗,自転車盗,葺合,割塚,281107,兵庫県,神戸市中央区,筒井町３丁目,2023[sanitize]05[sanitize]10,09,道路上,その他,70歳以上,その他,施錠した
窃盗,自転車盗,葺合,割塚,281107,兵庫県,神戸市中央区,筒井町３丁目,2023[sanitize]05[sanitize]10,17,４階建て以上共同住宅,その他,40歳代,その他,施錠した
窃盗,自転車盗,葺合,割塚,281107,兵庫県,神戸市中央区,筒井町３丁目,2023[sanitize]06[sanitize]08,11,４階建て以上共同住宅,駐車（輪）場,20歳代,大学生,施錠せず
窃盗,自転車盗,葺合,割塚,281107,兵庫県,神戸市中央区,筒井町３丁目,2023[sanitize]08[sanitize]21,21,４階建て以上共同住宅,駐車（輪）場,20歳代,その他,施錠した
窃盗,自転車盗,葺合,割塚,281107,兵庫県,神戸市中央区,筒井町３丁目,2023[sanitize]10[sanitize]06,19,４階建て以上共同住宅,駐車（輪）場,50歳代,その他,施錠した
窃盗,自転車盗,葺合,割塚,281107,兵庫県,神戸市中央区,筒井町３丁目,2023[sanitize]10[sanitize]18,20,道路上,その他,20歳代,その他,施錠した
窃盗,自転車盗,葺合,割塚,281107,兵庫県,神戸市中央区,筒井町３丁目,2023[sanitize]10[sanitize]21,00,道路上,その他,40歳代,その他,施錠せず
窃盗,自転車盗,葺合,割塚,281107,兵庫県,神戸市中央区,筒井町３丁目,2023[sanitize]12[sanitize]19,14,４階建て以上共同住宅,駐車（輪）場,20歳代,その他,施錠せず
窃盗,自転車盗,葺合,割塚,281107,兵庫県,神戸市中央区,日暮通１丁目,2023[sanitize]11[sanitize]04,06,４階建て以上共同住宅,その他,20歳代,その他,施錠した
窃盗,自転車盗,葺合,割塚,281107,兵庫県,神戸市中央区,日暮通２丁目,2022[sanitize]12[sanitize]31,14,その他の住宅（３階建て以下共同住宅等）,駐車（輪）場,40歳代,その他,施錠した
窃盗,自転車盗,葺合,割塚,281107,兵庫県,神戸市中央区,日暮通２丁目,2023[sanitize]09[sanitize]23,17,４階建て以上共同住宅,駐車（輪）場,20歳代,その他,施錠せず
窃盗,自転車盗,葺合,割塚,281107,兵庫県,神戸市中央区,日暮通３丁目,2023[sanitize]06[sanitize]16,08,道路上,その他,70歳以上,その他,施錠せず
窃盗,自転車盗,葺合,割塚,281107,兵庫県,神戸市中央区,日暮通４丁目,2022[sanitize]11[sanitize]26,01,４階建て以上共同住宅,駐車（輪）場,40歳代,その他,施錠した
窃盗,自転車盗,葺合,割塚,281107,兵庫県,神戸市中央区,日暮通４丁目,2023[sanitize]10[sanitize]07,09,４階建て以上共同住宅,駐車（輪）場,20歳代,その他,施錠せず
窃盗,自転車盗,葺合,割塚,281107,兵庫県,神戸市中央区,日暮通５丁目,2023[sanitize]09[sanitize]13,12,駐車（輪）場,駐車（輪）場,50歳代,その他,施錠せず
窃盗,自転車盗,葺合,割塚,281107,兵庫県,神戸市中央区,日暮通６丁目,2023[sanitize]06[sanitize]04,16,４階建て以上共同住宅,駐車（輪）場,30歳代,その他,施錠した
窃盗,自転車盗,葺合,割塚,281107,兵庫県,神戸市中央区,八雲通２丁目,2023[sanitize]04[sanitize]19,16,４階建て以上共同住宅,駐車（輪）場,20歳代,その他,施錠した
窃盗,自転車盗,葺合,割塚,281107,兵庫県,神戸市中央区,八雲通２丁目,2023[sanitize]05[sanitize]02,23,４階建て以上共同住宅,その他,30歳代,その他,施錠した
窃盗,自転車盗,葺合,割塚,281107,兵庫県,神戸市中央区,八雲通３丁目,2023[sanitize]09[sanitize]29,19,４階建て以上共同住宅,駐車（輪）場,30歳代,その他,施錠せず
窃盗,自転車盗,葺合,割塚,281107,兵庫県,神戸市中央区,八雲通６丁目,2023[sanitize]07[sanitize]30,01,道路上,その他,20歳代,その他,施錠せず
窃盗,自転車盗,葺合,割塚,281107,兵庫県,神戸市中央区,八雲通６丁目,2023[sanitize]11[sanitize]01,16,４階建て以上共同住宅,駐車（輪）場,20歳代,大学生,施錠せず
窃盗,自転車盗,葺合,割塚,281107,兵庫県,神戸市中央区,若菜通６丁目,2023[sanitize]11[sanitize]05,20,道路上,その他,50歳代,その他,施錠せず
窃盗,自転車盗,葺合,宮本,281107,兵庫県,神戸市中央区,神若通２丁目,2023[sanitize]09[sanitize]17,18,４階建て以上共同住宅,駐車（輪）場,20歳代,その他,施錠せず
窃盗,自転車盗,葺合,宮本,281107,兵庫県,神戸市中央区,国香通１丁目,2023[sanitize]08[sanitize]19,21,その他,その他,10歳代,大学生,施錠せず
窃盗,自転車盗,葺合,宮本,281107,兵庫県,神戸市中央区,坂口通１丁目,2023[sanitize]09[sanitize]05,03,道路上,その他,20歳代,その他,施錠せず
窃盗,自転車盗,葺合,宮本,281107,兵庫県,神戸市中央区,大日通２丁目,2023[sanitize]04[sanitize]11,19,道路上,その他,40歳代,その他,施錠した
窃盗,自転車盗,葺合,宮本,281107,兵庫県,神戸市中央区,大日通４丁目,2023[sanitize]07[sanitize]24,22,４階建て以上共同住宅,駐車（輪）場,20歳代,その他,施錠せず
窃盗,自転車盗,葺合,宮本,281107,兵庫県,神戸市中央区,大日通５丁目,2023[sanitize]08[sanitize]05,21,その他の住宅（３階建て以下共同住宅等）,駐車（輪）場,20歳代,大学生,施錠した
窃盗,自転車盗,葺合,宮本,281107,兵庫県,神戸市中央区,大日通６丁目,2023[sanitize]03[sanitize]26,19,４階建て以上共同住宅,駐車（輪）場,30歳代,その他,施錠せず
窃盗,自転車盗,葺合,宮本,281107,兵庫県,神戸市中央区,大日通７丁目,2023[sanitize]09[sanitize]02,21,道路上,その他,20歳代,その他,施錠した
窃盗,自転車盗,葺合,宮本,281107,兵庫県,神戸市中央区,旗塚通２丁目,2023[sanitize]08[sanitize]30,08,その他の住宅（３階建て以下共同住宅等）,駐車（輪）場,20歳代,その他,施錠せず
窃盗,自転車盗,葺合,宮本,281107,兵庫県,神戸市中央区,割塚通６丁目,2023[sanitize]07[sanitize]20,23,４階建て以上共同住宅,駐車（輪）場,20歳代,その他,施錠せず
窃盗,自転車盗,葺合,小野柄,281107,兵庫県,神戸市中央区,吾妻通２丁目,2023[sanitize]01[sanitize]30,01,その他,その他,20歳代,大学生,施錠せず
窃盗,自転車盗,葺合,小野柄,281107,兵庫県,神戸市中央区,吾妻通５丁目,2023[sanitize]06[sanitize]18,18,４階建て以上共同住宅,駐車（輪）場,20歳代,その他,施錠せず
窃盗,自転車盗,葺合,小野柄,281107,兵庫県,神戸市中央区,吾妻通６丁目,2023[sanitize]08[sanitize]19,00,道路上,その他,20歳代,大学生,施錠した
窃盗,自転車盗,葺合,小野柄,281107,兵庫県,神戸市中央区,吾妻通６丁目,2023[sanitize]11[sanitize]09,19,道路上,その他,30歳代,その他,施錠せず
窃盗,自転車盗,葺合,小野柄,281107,兵庫県,神戸市中央区,小野柄通３丁目,2023[sanitize]01[sanitize]21,17,４階建て以上共同住宅,駐車（輪）場,30歳代,その他,施錠した
窃盗,自転車盗,葺合,小野柄,281107,兵庫県,神戸市中央区,小野柄通４丁目,2022[sanitize]12[sanitize]09,18,道路上,その他,10歳代,高校生,施錠した
窃盗,自転車盗,葺合,小野柄,281107,兵庫県,神戸市中央区,北本町通２丁目,2022[sanitize]11[sanitize]15,12,道路上,その他,30歳代,その他,施錠した
窃盗,自転車盗,葺合,小野柄,281107,兵庫県,神戸市中央区,北本町通３丁目,2023[sanitize]02[sanitize]03,15,駐車（輪）場,駐車（輪）場,20歳代,その他,施錠した
窃盗,自転車盗,葺合,小野柄,281107,兵庫県,神戸市中央区,北本町通３丁目,2023[sanitize]10[sanitize]05,17,４階建て以上共同住宅,駐車（輪）場,20歳代,その他,施錠した
窃盗,自転車盗,葺合,小野柄,281107,兵庫県,神戸市中央区,北本町通４丁目,2022[sanitize]11[sanitize]01,09,４階建て以上共同住宅,駐車（輪）場,30歳代,その他,施錠した
窃盗,自転車盗,葺合,小野柄,281107,兵庫県,神戸市中央区,雲井通２丁目,2023[sanitize]09[sanitize]09,17,道路上,その他,30歳代,その他,施錠せず
窃盗,自転車盗,葺合,小野柄,281107,兵庫県,神戸市中央区,雲井通２丁目,2023[sanitize]11[sanitize]05,10,その他,駐車（輪）場,20歳代,その他,施錠せず
窃盗,自転車盗,葺合,小野柄,281107,兵庫県,神戸市中央区,雲井通３丁目,2023[sanitize]09[sanitize]13,07,一戸建住宅,駐車（輪）場,40歳代,その他,施錠した
窃盗,自転車盗,葺合,小野柄,281107,兵庫県,神戸市中央区,雲井通４丁目,2023[sanitize]08[sanitize]16,23,４階建て以上共同住宅,駐車（輪）場,20歳代,その他,施錠せず
窃盗,自転車盗,葺合,小野柄,281107,兵庫県,神戸市中央区,御幸通２丁目,2023[sanitize]02[sanitize]17,22,４階建て以上共同住宅,駐車（輪）場,30歳代,その他,施錠した
窃盗,自転車盗,葺合,小野柄,281107,兵庫県,神戸市中央区,御幸通４丁目,2023[sanitize]03[sanitize]01,00,その他,駐車（輪）場,法人・団体、被害者なし,法人・団体、被害者なし,施錠した
窃盗,自転車盗,葺合,小野柄,281107,兵庫県,神戸市中央区,御幸通４丁目,2023[sanitize]03[sanitize]29,05,その他,その他,65[sanitize]69歳,その他,施錠せず
窃盗,自転車盗,葺合,小野柄,281107,兵庫県,神戸市中央区,浜辺通１丁目,2023[sanitize]05[sanitize]05,14,道路上,その他,20歳代,その他,施錠した
窃盗,自転車盗,葺合,小野柄,281107,兵庫県,神戸市中央区,南本町通３丁目,2023[sanitize]03[sanitize]25,15,その他,駐車（輪）場,30歳代,その他,施錠せず
窃盗,自転車盗,葺合,小野柄,281107,兵庫県,神戸市中央区,南本町通５丁目,2023[sanitize]09[sanitize]13,01,４階建て以上共同住宅,駐車（輪）場,20歳代,その他,施錠せず
窃盗,自転車盗,葺合,小野柄,281107,兵庫県,神戸市中央区,南本町通５丁目,2023[sanitize]11[sanitize]05,19,道路上,その他,60[sanitize]64歳,その他,施錠せず
窃盗,自転車盗,葺合,小野柄,281107,兵庫県,神戸市中央区,南本町通６丁目,2023[sanitize]08[sanitize]10,19,４階建て以上共同住宅,その他,10歳代,その他,施錠せず
窃盗,自転車盗,葺合,小野柄,281107,兵庫県,神戸市中央区,南本町通６丁目,2023[sanitize]11[sanitize]17,15,４階建て以上共同住宅,その他,40歳代,その他,施錠した
窃盗,自転車盗,葺合,小野柄,281107,兵庫県,神戸市中央区,南本町通６丁目,2023[sanitize]11[sanitize]30,17,４階建て以上共同住宅,駐車（輪）場,20歳代,その他,施錠せず
窃盗,自転車盗,葺合,春日野,281107,兵庫県,神戸市中央区,吾妻通１丁目,2022[sanitize]12[sanitize]25,18,４階建て以上共同住宅,その他,20歳代,大学生,施錠せず
窃盗,自転車盗,葺合,春日野,281107,兵庫県,神戸市中央区,吾妻通１丁目,2023[sanitize]03[sanitize]20,22,４階建て以上共同住宅,駐車（輪）場,65[sanitize]69歳,その他,施錠せず
窃盗,自転車盗,葺合,春日野,281107,兵庫県,神戸市中央区,吾妻通１丁目,2023[sanitize]03[sanitize]27,08,駐車（輪）場,駐車（輪）場,20歳代,その他,施錠した
窃盗,自転車盗,葺合,春日野,281107,兵庫県,神戸市中央区,吾妻通１丁目,2023[sanitize]03[sanitize]30,17,道路上,その他,10歳代,高校生,施錠した
窃盗,自転車盗,葺合,春日野,281107,兵庫県,神戸市中央区,吾妻通１丁目,2023[sanitize]05[sanitize]05,23,道路上,その他,20歳代,その他,施錠せず
窃盗,自転車盗,葺合,春日野,281107,兵庫県,神戸市中央区,吾妻通１丁目,2023[sanitize]07[sanitize]08,23,駐車（輪）場,駐車（輪）場,10歳代,小学生,施錠した
窃盗,自転車盗,葺合,春日野,281107,兵庫県,神戸市中央区,吾妻通１丁目,2023[sanitize]08[sanitize]24,21,道路上,その他,40歳代,その他,施錠せず
窃盗,自転車盗,葺合,春日野,281107,兵庫県,神戸市中央区,吾妻通１丁目,2023[sanitize]10[sanitize]01,20,道路上,その他,10歳代,大学生,施錠せず
窃盗,自転車盗,葺合,春日野,281107,兵庫県,神戸市中央区,吾妻通１丁目,2023[sanitize]12[sanitize]06,13,４階建て以上共同住宅,その他,30歳代,その他,施錠せず
窃盗,自転車盗,葺合,春日野,281107,兵庫県,神戸市中央区,吾妻通２丁目,2023[sanitize]09[sanitize]22,18,その他,その他,20歳代,その他,施錠せず
窃盗,自転車盗,葺合,春日野,281107,兵庫県,神戸市中央区,北本町通１丁目,2023[sanitize]09[sanitize]05,21,その他,駐車（輪）場,40歳代,その他,施錠せず
窃盗,自転車盗,葺合,春日野,281107,兵庫県,神戸市中央区,北本町通１丁目,2023[sanitize]11[sanitize]01,07,その他,その他,30歳代,その他,施錠せず
窃盗,自転車盗,葺合,春日野,281107,兵庫県,神戸市中央区,脇浜町１丁目,2023[sanitize]10[sanitize]31,07,その他,その他,20歳代,大学生,施錠した
窃盗,自転車盗,葺合,春日野,281107,兵庫県,神戸市中央区,脇浜町１丁目,2023[sanitize]12[sanitize]07,10,４階建て以上共同住宅,駐車（輪）場,30歳代,その他,施錠せず
窃盗,自転車盗,葺合,春日野,281107,兵庫県,神戸市中央区,脇浜町３丁目,2023[sanitize]02[sanitize]09,00,その他,駐車（輪）場,30歳代,その他,施錠せず
窃盗,自転車盗,葺合,春日野,281107,兵庫県,神戸市中央区,脇浜町３丁目,2023[sanitize]02[sanitize]25,00,道路上,その他,20歳代,その他,施錠した
窃盗,自転車盗,葺合,春日野,281107,兵庫県,神戸市中央区,脇浜町３丁目,2023[sanitize]05[sanitize]05,00,駐車（輪）場,駐車（輪）場,50歳代,その他,施錠せず
窃盗,自転車盗,葺合,春日野,281107,兵庫県,神戸市中央区,脇浜町３丁目,2023[sanitize]05[sanitize]05,08,４階建て以上共同住宅,駐車（輪）場,20歳代,その他,施錠した
窃盗,自転車盗,葺合,春日野,281107,兵庫県,神戸市中央区,脇浜町３丁目,2023[sanitize]05[sanitize]06,16,その他,駐車（輪）場,10歳代,高校生,施錠せず
窃盗,自転車盗,葺合,春日野,281107,兵庫県,神戸市中央区,脇浜町３丁目,2023[sanitize]07[sanitize]27,17,道路上,その他,30歳代,その他,施錠せず
窃盗,自転車盗,葺合,春日野,281107,兵庫県,神戸市中央区,脇浜町３丁目,2023[sanitize]09[sanitize]27,00,道路上,その他,70歳以上,その他,施錠せず
窃盗,自転車盗,葺合,春日野,281107,兵庫県,神戸市中央区,脇浜町３丁目,2023[sanitize]10[sanitize]20,20,４階建て以上共同住宅,駐車（輪）場,20歳代,その他,施錠した
窃盗,自転車盗,葺合,春日野,281107,兵庫県,神戸市中央区,脇浜町３丁目,2023[sanitize]11[sanitize]02,21,その他,駐車（輪）場,20歳代,その他,施錠せず
窃盗,自転車盗,葺合,春日野,281107,兵庫県,神戸市中央区,脇浜町３丁目,2023[sanitize]12[sanitize]20,16,駐車（輪）場,駐車（輪）場,20歳代,その他,施錠せず
窃盗,自転車盗,葺合,春日野,281107,兵庫県,神戸市中央区,割塚通３丁目,2023[sanitize]07[sanitize]16,00,道路上,その他,70歳以上,その他,施錠せず
窃盗,自転車盗,葺合,熊内,281107,兵庫県,神戸市中央区,生田町１丁目,2023[sanitize]04[sanitize]18,18,駐車（輪）場,駐車（輪）場,50歳代,その他,施錠した
窃盗,自転車盗,葺合,熊内,281107,兵庫県,神戸市中央区,生田町１丁目,2023[sanitize]07[sanitize]22,06,駐車（輪）場,駐車（輪）場,20歳代,その他,施錠せず
窃盗,自転車盗,葺合,熊内,281107,兵庫県,神戸市中央区,生田町１丁目,2023[sanitize]08[sanitize]21,19,駐車（輪）場,駐車（輪）場,20歳代,その他,施錠せず
窃盗,自転車盗,葺合,熊内,281107,兵庫県,神戸市中央区,加納町１丁目,2023[sanitize]06[sanitize]17,12,駐車（輪）場,駐車（輪）場,20歳代,その他,施錠した
窃盗,自転車盗,葺合,熊内,281107,兵庫県,神戸市中央区,加納町１丁目,2023[sanitize]06[sanitize]25,10,道路上,その他,30歳代,その他,施錠せず
窃盗,自転車盗,葺合,熊内,281107,兵庫県,神戸市中央区,国香通３丁目,2023[sanitize]07[sanitize]07,15,４階建て以上共同住宅,駐車（輪）場,40歳代,その他,施錠せず
窃盗,自転車盗,葺合,熊内,281107,兵庫県,神戸市中央区,熊内町４丁目,2023[sanitize]11[sanitize]24,22,その他の住宅（３階建て以下共同住宅等）,駐車（輪）場,20歳代,その他,施錠せず
窃盗,自転車盗,葺合,熊内,281107,兵庫県,神戸市中央区,熊内町７丁目,2023[sanitize]08[sanitize]11,15,駐車（輪）場,駐車（輪）場,20歳代,その他,施錠した
窃盗,自転車盗,葺合,熊内,281107,兵庫県,神戸市中央区,葺合町字布引山,2023[sanitize]06[sanitize]16,10,駐車（輪）場,駐車（輪）場,20歳代,その他,施錠した
窃盗,自転車盗,葺合,熊内,281107,兵庫県,神戸市中央区,若菜通５丁目,2023[sanitize]05[sanitize]15,18,道路上,その他,40歳代,その他,施錠した
窃盗,自転車盗,葺合,熊内,281107,兵庫県,神戸市中央区,若菜通５丁目,2023[sanitize]08[sanitize]27,23,４階建て以上共同住宅,駐車（輪）場,20歳代,その他,施錠せず
窃盗,自転車盗,葺合,ＨＡＴ神戸,281107,兵庫県,神戸市中央区,脇浜海岸通１丁目,2023[sanitize]03[sanitize]16,21,その他,その他,20歳代,その他,施錠せず
窃盗,自転車盗,葺合,ＨＡＴ神戸,281107,兵庫県,神戸市中央区,脇浜海岸通１丁目,2023[sanitize]05[sanitize]28,15,その他,駐車（輪）場,20歳代,その他,施錠せず
窃盗,自転車盗,葺合,ＨＡＴ神戸,281107,兵庫県,神戸市中央区,脇浜海岸通１丁目,2023[sanitize]07[sanitize]28,04,その他,駐車（輪）場,20歳代,その他,施錠せず
窃盗,自転車盗,葺合,ＨＡＴ神戸,281107,兵庫県,神戸市中央区,脇浜海岸通１丁目,2023[sanitize]07[sanitize]28,16,その他,駐車（輪）場,20歳代,その他,施錠せず
窃盗,自転車盗,葺合,ＨＡＴ神戸,281107,兵庫県,神戸市中央区,脇浜海岸通２丁目,2023[sanitize]01[sanitize]25,14,その他,駐車（輪）場,20歳代,その他,施錠した
窃盗,自転車盗,葺合,ＨＡＴ神戸,281107,兵庫県,神戸市中央区,脇浜海岸通２丁目,2023[sanitize]04[sanitize]28,09,その他,駐車（輪）場,50歳代,その他,施錠せず
窃盗,自転車盗,葺合,ＨＡＴ神戸,281107,兵庫県,神戸市中央区,脇浜海岸通２丁目,2023[sanitize]05[sanitize]11,06,駐車（輪）場,駐車（輪）場,10歳代,大学生,施錠した
窃盗,自転車盗,葺合,ＨＡＴ神戸,281107,兵庫県,神戸市中央区,脇浜海岸通２丁目,2023[sanitize]06[sanitize]24,11,その他,その他,10歳代,高校生,施錠せず
窃盗,自転車盗,葺合,ＨＡＴ神戸,281107,兵庫県,神戸市中央区,脇浜海岸通２丁目,2023[sanitize]07[sanitize]02,16,その他,その他,10歳代,大学生,施錠せず
窃盗,自転車盗,葺合,ＨＡＴ神戸,281107,兵庫県,神戸市中央区,脇浜海岸通２丁目,2023[sanitize]07[sanitize]25,20,道路上,その他,10歳代,高校生,施錠せず
窃盗,自転車盗,葺合,ＨＡＴ神戸,281107,兵庫県,神戸市中央区,脇浜海岸通２丁目,2023[sanitize]07[sanitize]31,14,道路上,その他,10歳代,中学生,施錠せず
窃盗,自転車盗,葺合,ＨＡＴ神戸,281107,兵庫県,神戸市中央区,脇浜海岸通２丁目,2023[sanitize]09[sanitize]21,16,その他,駐車（輪）場,10歳代,高校生,施錠した
窃盗,自転車盗,葺合,ＨＡＴ神戸,281107,兵庫県,神戸市中央区,脇浜海岸通２丁目,2023[sanitize]10[sanitize]04,16,その他,その他,10歳未満,小学生,施錠せず
窃盗,自転車盗,葺合,ＨＡＴ神戸,281107,兵庫県,神戸市中央区,脇浜海岸通２丁目,2023[sanitize]10[sanitize]08,11,その他,駐車（輪）場,30歳代,その他,施錠した
窃盗,自転車盗,葺合,ＨＡＴ神戸,281107,兵庫県,神戸市中央区,脇浜海岸通２丁目,2023[sanitize]11[sanitize]24,10,その他,駐車（輪）場,50歳代,その他,施錠せず
窃盗,自転車盗,葺合,ＨＡＴ神戸,281107,兵庫県,神戸市中央区,脇浜海岸通３丁目,2023[sanitize]07[sanitize]30,12,４階建て以上共同住宅,駐車（輪）場,50歳代,その他,施錠した
窃盗,自転車盗,葺合,ＨＡＴ神戸,281107,兵庫県,神戸市中央区,脇浜海岸通３丁目,2023[sanitize]10[sanitize]05,10,駐車（輪）場,駐車（輪）場,30歳代,その他,施錠せず
窃盗,自転車盗,葺合,ＨＡＴ神戸,281107,兵庫県,神戸市中央区,脇浜海岸通３丁目,2023[sanitize]10[sanitize]27,21,その他,その他,10歳代,中学生,施錠せず
窃盗,自転車盗,葺合,ＨＡＴ神戸,281107,兵庫県,神戸市中央区,脇浜海岸通３丁目,2023[sanitize]10[sanitize]31,18,４階建て以上共同住宅,駐車（輪）場,20歳代,その他,施錠せず
窃盗,自転車盗,葺合,ＨＡＴ神戸,281107,兵庫県,神戸市中央区,脇浜海岸通３丁目,2023[sanitize]11[sanitize]08,21,４階建て以上共同住宅,その他,40歳代,その他,施錠せず
窃盗,自転車盗,葺合,ＨＡＴ神戸,281107,兵庫県,神戸市中央区,脇浜海岸通４丁目,2023[sanitize]10[sanitize]04,20,駐車（輪）場,駐車（輪）場,50歳代,その他,施錠せず
窃盗,自転車盗,葺合,ＨＡＴ神戸,281107,兵庫県,神戸市中央区,脇浜海岸通４丁目,2023[sanitize]11[sanitize]08,00,４階建て以上共同住宅,その他,20歳代,大学生,施錠せず
窃盗,自転車盗,生田,デュオこうべ,281107,兵庫県,神戸市中央区,相生町１丁目,2023[sanitize]06[sanitize]05,18,その他,その他,20歳代,その他,施錠せず
窃盗,自転車盗,生田,デュオこうべ,281107,兵庫県,神戸市中央区,相生町２丁目,2023[sanitize]08[sanitize]08,21,道路上,その他,10歳代,大学生,施錠した
窃盗,自転車盗,生田,デュオこうべ,281107,兵庫県,神戸市中央区,相生町２丁目,2023[sanitize]10[sanitize]12,08,駐車（輪）場,駐車（輪）場,20歳代,その他,施錠した
窃盗,自転車盗,生田,デュオこうべ,281107,兵庫県,神戸市中央区,相生町３丁目,2023[sanitize]01[sanitize]25,21,道路上,その他,60[sanitize]64歳,その他,施錠せず
窃盗,自転車盗,生田,デュオこうべ,281107,兵庫県,神戸市中央区,相生町３丁目,2023[sanitize]02[sanitize]21,18,道路上,その他,20歳代,その他,施錠せず
窃盗,自転車盗,生田,デュオこうべ,281107,兵庫県,神戸市中央区,相生町３丁目,2023[sanitize]06[sanitize]24,17,その他,駐車（輪）場,30歳代,その他,施錠せず
窃盗,自転車盗,生田,デュオこうべ,281107,兵庫県,神戸市中央区,相生町３丁目,2023[sanitize]06[sanitize]28,15,道路上,その他,30歳代,その他,施錠した
窃盗,自転車盗,生田,デュオこうべ,281107,兵庫県,神戸市中央区,相生町３丁目,2023[sanitize]06[sanitize]30,10,駐車（輪）場,駐車（輪）場,30歳代,その他,施錠せず
窃盗,自転車盗,生田,デュオこうべ,281107,兵庫県,神戸市中央区,相生町３丁目,2023[sanitize]07[sanitize]07,12,駐車（輪）場,駐車（輪）場,50歳代,その他,施錠した
窃盗,自転車盗,生田,デュオこうべ,281107,兵庫県,神戸市中央区,相生町３丁目,2023[sanitize]07[sanitize]12,19,道路上,その他,60[sanitize]64歳,その他,施錠せず
窃盗,自転車盗,生田,デュオこうべ,281107,兵庫県,神戸市中央区,相生町３丁目,2023[sanitize]07[sanitize]17,15,駐車（輪）場,駐車（輪）場,50歳代,その他,施錠せず
窃盗,自転車盗,生田,デュオこうべ,281107,兵庫県,神戸市中央区,相生町３丁目,2023[sanitize]07[sanitize]19,18,その他,駐車（輪）場,20歳代,その他,施錠せず
窃盗,自転車盗,生田,デュオこうべ,281107,兵庫県,神戸市中央区,相生町３丁目,2023[sanitize]08[sanitize]04,18,駐車（輪）場,駐車（輪）場,20歳代,その他,施錠せず
窃盗,自転車盗,生田,デュオこうべ,281107,兵庫県,神戸市中央区,相生町３丁目,2023[sanitize]09[sanitize]05,10,駐車（輪）場,駐車（輪）場,20歳代,その他,施錠せず
窃盗,自転車盗,生田,デュオこうべ,281107,兵庫県,神戸市中央区,相生町３丁目,2023[sanitize]09[sanitize]15,06,その他,駐車（輪）場,20歳代,その他,施錠せず
窃盗,自転車盗,生田,デュオこうべ,281107,兵庫県,神戸市中央区,相生町３丁目,2023[sanitize]09[sanitize]16,17,駐車（輪）場,駐車（輪）場,50歳代,その他,施錠した
窃盗,自転車盗,生田,デュオこうべ,281107,兵庫県,神戸市中央区,相生町３丁目,2023[sanitize]10[sanitize]27,13,駐車（輪）場,駐車（輪）場,10歳代,中学生,施錠せず
窃盗,自転車盗,生田,デュオこうべ,281107,兵庫県,神戸市中央区,相生町３丁目,2023[sanitize]11[sanitize]24,19,駐車（輪）場,駐車（輪）場,40歳代,その他,施錠した
窃盗,自転車盗,生田,デュオこうべ,281107,兵庫県,神戸市中央区,相生町４丁目,2023[sanitize]05[sanitize]21,06,駐車（輪）場,駐車（輪）場,70歳以上,その他,施錠せず
窃盗,自転車盗,生田,デュオこうべ,281107,兵庫県,神戸市中央区,相生町４丁目,2023[sanitize]05[sanitize]27,19,４階建て以上共同住宅,駐車（輪）場,20歳代,その他,施錠した
窃盗,自転車盗,生田,デュオこうべ,281107,兵庫県,神戸市中央区,相生町４丁目,2023[sanitize]06[sanitize]12,18,駐車（輪）場,駐車（輪）場,10歳代,高校生,施錠した
窃盗,自転車盗,生田,デュオこうべ,281107,兵庫県,神戸市中央区,相生町４丁目,2023[sanitize]08[sanitize]24,14,駐車（輪）場,駐車（輪）場,50歳代,その他,施錠せず
窃盗,自転車盗,生田,デュオこうべ,281107,兵庫県,神戸市中央区,相生町４丁目,2023[sanitize]10[sanitize]23,08,駐車（輪）場,駐車（輪）場,20歳代,その他,施錠した
窃盗,自転車盗,生田,デュオこうべ,281107,兵庫県,神戸市中央区,古湊通１丁目,2023[sanitize]06[sanitize]14,20,４階建て以上共同住宅,駐車（輪）場,10歳代,中学生,施錠した
窃盗,自転車盗,生田,デュオこうべ,281107,兵庫県,神戸市中央区,多聞通３丁目,2022[sanitize]12[sanitize]21,14,道路上,その他,20歳代,大学生,施錠した
窃盗,自転車盗,生田,デュオこうべ,281107,兵庫県,神戸市中央区,多聞通３丁目,2023[sanitize]02[sanitize]24,09,駐車（輪）場,駐車（輪）場,40歳代,その他,施錠した
窃盗,自転車盗,生田,デュオこうべ,281107,兵庫県,神戸市中央区,多聞通３丁目,2023[sanitize]06[sanitize]19,16,駐車（輪）場,駐車（輪）場,40歳代,その他,施錠せず
窃盗,自転車盗,生田,デュオこうべ,281107,兵庫県,神戸市中央区,中町通３丁目,2022[sanitize]12[sanitize]27,10,道路上,その他,20歳代,その他,施錠せず
窃盗,自転車盗,生田,デュオこうべ,281107,兵庫県,神戸市中央区,中町通３丁目,2023[sanitize]05[sanitize]04,11,道路上,その他,50歳代,その他,施錠せず
窃盗,自転車盗,生田,デュオこうべ,281107,兵庫県,神戸市中央区,中町通３丁目,2023[sanitize]06[sanitize]17,23,駐車（輪）場,駐車（輪）場,20歳代,その他,施錠した
窃盗,自転車盗,生田,デュオこうべ,281107,兵庫県,神戸市中央区,中町通３丁目,2023[sanitize]07[sanitize]29,08,道路上,その他,50歳代,その他,施錠せず
窃盗,自転車盗,生田,デュオこうべ,281107,兵庫県,神戸市中央区,中町通３丁目,2023[sanitize]08[sanitize]11,16,その他,駐車（輪）場,30歳代,その他,施錠せず
窃盗,自転車盗,生田,デュオこうべ,281107,兵庫県,神戸市中央区,中町通３丁目,2023[sanitize]11[sanitize]21,23,その他の住宅（３階建て以下共同住宅等）,駐車（輪）場,10歳代,その他,施錠した
窃盗,自転車盗,生田,デュオこうべ,281107,兵庫県,神戸市中央区,中町通４丁目,2022[sanitize]12[sanitize]30,18,駐車（輪）場,駐車（輪）場,20歳代,大学生,施錠した
窃盗,自転車盗,生田,デュオこうべ,281107,兵庫県,神戸市中央区,中町通４丁目,2023[sanitize]02[sanitize]15,20,４階建て以上共同住宅,駐車（輪）場,60[sanitize]64歳,その他,施錠した
窃盗,自転車盗,生田,デュオこうべ,281107,兵庫県,神戸市中央区,中町通４丁目,2023[sanitize]11[sanitize]22,18,４階建て以上共同住宅,駐車（輪）場,70歳以上,その他,施錠した
窃盗,自転車盗,生田,デュオこうべ,281107,兵庫県,神戸市中央区,東川崎町１丁目,2023[sanitize]02[sanitize]10,17,その他,駐車（輪）場,40歳代,その他,施錠せず
窃盗,自転車盗,生田,デュオこうべ,281107,兵庫県,神戸市中央区,東川崎町１丁目,2023[sanitize]02[sanitize]28,10,駐車（輪）場,駐車（輪）場,40歳代,その他,施錠せず
窃盗,自転車盗,生田,デュオこうべ,281107,兵庫県,神戸市中央区,東川崎町１丁目,2023[sanitize]03[sanitize]24,17,その他,駐車（輪）場,40歳代,その他,施錠せず
窃盗,自転車盗,生田,デュオこうべ,281107,兵庫県,神戸市中央区,東川崎町１丁目,2023[sanitize]03[sanitize]29,10,その他,その他,20歳代,その他,施錠した
窃盗,自転車盗,生田,ハーバーランド,281107,兵庫県,神戸市中央区,相生町５丁目,2023[sanitize]07[sanitize]13,20,道路上,その他,40歳代,その他,施錠せず
窃盗,自転車盗,生田,ハーバーランド,281107,兵庫県,神戸市中央区,相生町５丁目,2023[sanitize]08[sanitize]21,12,道路上,その他,40歳代,その他,施錠せず
窃盗,自転車盗,生田,ハーバーランド,281107,兵庫県,神戸市中央区,相生町５丁目,2023[sanitize]08[sanitize]29,20,駐車（輪）場,駐車（輪）場,30歳代,その他,施錠した
窃盗,自転車盗,生田,ハーバーランド,281107,兵庫県,神戸市中央区,相生町５丁目,2023[sanitize]12[sanitize]14,15,道路上,その他,10歳未満,小学生,施錠せず
窃盗,自転車盗,生田,ハーバーランド,281107,兵庫県,神戸市中央区,相生町５丁目,2023[sanitize]12[sanitize]27,19,４階建て以上共同住宅,駐車（輪）場,20歳代,その他,施錠せず
窃盗,自転車盗,生田,ハーバーランド,281107,兵庫県,神戸市中央区,東川崎町１丁目,2023[sanitize]02[sanitize]24,17,その他,駐車（輪）場,10歳代,高校生,施錠した
窃盗,自転車盗,生田,ハーバーランド,281107,兵庫県,神戸市中央区,東川崎町１丁目,2023[sanitize]04[sanitize]03,13,その他,駐車（輪）場,10歳代,高校生,施錠せず
窃盗,自転車盗,生田,ハーバーランド,281107,兵庫県,神戸市中央区,東川崎町１丁目,2023[sanitize]06[sanitize]19,11,その他,駐車（輪）場,30歳代,その他,施錠した
窃盗,自転車盗,生田,ハーバーランド,281107,兵庫県,神戸市中央区,東川崎町１丁目,2023[sanitize]07[sanitize]16,12,駐車（輪）場,駐車（輪）場,20歳代,その他,施錠せず
窃盗,自転車盗,生田,ハーバーランド,281107,兵庫県,神戸市中央区,東川崎町１丁目,2023[sanitize]07[sanitize]25,16,駐車（輪）場,駐車（輪）場,20歳代,その他,施錠せず
窃盗,自転車盗,生田,ハーバーランド,281107,兵庫県,神戸市中央区,東川崎町１丁目,2023[sanitize]08[sanitize]12,09,その他,駐車（輪）場,10歳代,大学生,施錠せず
窃盗,自転車盗,生田,ハーバーランド,281107,兵庫県,神戸市中央区,東川崎町１丁目,2023[sanitize]09[sanitize]12,00,駐車（輪）場,駐車（輪）場,20歳代,その他,施錠した
窃盗,自転車盗,生田,ハーバーランド,281107,兵庫県,神戸市中央区,東川崎町１丁目,2023[sanitize]09[sanitize]16,16,駐車（輪）場,駐車（輪）場,10歳代,中学生,施錠せず
窃盗,自転車盗,生田,ハーバーランド,281107,兵庫県,神戸市中央区,東川崎町１丁目,2023[sanitize]09[sanitize]28,18,その他,その他,30歳代,その他,施錠した
窃盗,自転車盗,生田,ハーバーランド,281107,兵庫県,神戸市中央区,東川崎町１丁目,2023[sanitize]10[sanitize]18,17,駐車（輪）場,駐車（輪）場,10歳代,小学生,施錠せず
窃盗,自転車盗,生田,ハーバーランド,281107,兵庫県,神戸市中央区,東川崎町１丁目,2023[sanitize]12[sanitize]21,15,道路上,その他,10歳代,中学生,施錠した
窃盗,自転車盗,生田,ハーバーランド,281107,兵庫県,神戸市中央区,東川崎町７丁目,2023[sanitize]09[sanitize]11,12,道路上,その他,30歳代,その他,施錠せず
窃盗,自転車盗,生田,一宮,281107,兵庫県,神戸市中央区,加納町１丁目,2023[sanitize]08[sanitize]22,03,駐車（輪）場,駐車（輪）場,40歳代,その他,施錠した
窃盗,自転車盗,生田,一宮,281107,兵庫県,神戸市中央区,加納町２丁目,2023[sanitize]10[sanitize]01,02,道路上,その他,40歳代,その他,施錠せず
窃盗,自転車盗,生田,一宮,281107,兵庫県,神戸市中央区,山本通２丁目,2023[sanitize]05[sanitize]01,19,道路上,その他,20歳代,その他,施錠した
窃盗,自転車盗,生田,下山手,281107,兵庫県,神戸市中央区,北長狭通５丁目,2023[sanitize]02[sanitize]11,22,その他,その他,20歳代,その他,施錠せず
窃盗,自転車盗,生田,下山手,281107,兵庫県,神戸市中央区,北長狭通６丁目,2023[sanitize]05[sanitize]14,12,駐車（輪）場,駐車（輪）場,40歳代,その他,施錠した
窃盗,自転車盗,生田,下山手,281107,兵庫県,神戸市中央区,北長狭通６丁目,2023[sanitize]06[sanitize]27,14,駐車（輪）場,駐車（輪）場,20歳代,その他,施錠した
窃盗,自転車盗,生田,下山手,281107,兵庫県,神戸市中央区,北長狭通６丁目,2023[sanitize]11[sanitize]01,22,駐車（輪）場,駐車（輪）場,20歳代,その他,施錠した
窃盗,自転車盗,生田,下山手,281107,兵庫県,神戸市中央区,下山手通５丁目,2023[sanitize]01[sanitize]22,18,４階建て以上共同住宅,駐車（輪）場,20歳代,その他,施錠せず
窃盗,自転車盗,生田,下山手,281107,兵庫県,神戸市中央区,下山手通５丁目,2023[sanitize]05[sanitize]31,20,道路上,その他,20歳代,その他,施錠せず
窃盗,自転車盗,生田,下山手,281107,兵庫県,神戸市中央区,下山手通５丁目,2023[sanitize]06[sanitize]29,19,４階建て以上共同住宅,その他,20歳代,大学生,施錠した
窃盗,自転車盗,生田,下山手,281107,兵庫県,神戸市中央区,下山手通５丁目,2023[sanitize]07[sanitize]12,16,その他の住宅（３階建て以下共同住宅等）,駐車（輪）場,10歳代,大学生,施錠した
窃盗,自転車盗,生田,下山手,281107,兵庫県,神戸市中央区,下山手通５丁目,2023[sanitize]08[sanitize]10,12,４階建て以上共同住宅,駐車（輪）場,20歳代,その他,施錠せず
窃盗,自転車盗,生田,下山手,281107,兵庫県,神戸市中央区,下山手通５丁目,2023[sanitize]08[sanitize]24,13,道路上,その他,10歳代,中学生,施錠せず
窃盗,自転車盗,生田,下山手,281107,兵庫県,神戸市中央区,下山手通５丁目,2023[sanitize]08[sanitize]28,16,道路上,その他,10歳代,中学生,施錠せず
窃盗,自転車盗,生田,下山手,281107,兵庫県,神戸市中央区,下山手通５丁目,2023[sanitize]10[sanitize]03,20,駐車（輪）場,駐車（輪）場,10歳代,大学生,施錠した
窃盗,自転車盗,生田,下山手,281107,兵庫県,神戸市中央区,下山手通６丁目,2023[sanitize]03[sanitize]10,12,駐車（輪）場,駐車（輪）場,20歳代,その他,施錠した
窃盗,自転車盗,生田,下山手,281107,兵庫県,神戸市中央区,下山手通６丁目,2023[sanitize]03[sanitize]22,20,駐車（輪）場,駐車（輪）場,20歳代,その他,施錠せず
窃盗,自転車盗,生田,下山手,281107,兵庫県,神戸市中央区,下山手通７丁目,2023[sanitize]07[sanitize]19,00,駐車（輪）場,駐車（輪）場,20歳代,その他,施錠せず
窃盗,自転車盗,生田,下山手,281107,兵庫県,神戸市中央区,下山手通７丁目,2023[sanitize]09[sanitize]01,18,４階建て以上共同住宅,駐車（輪）場,40歳代,その他,施錠せず
窃盗,自転車盗,生田,下山手,281107,兵庫県,神戸市中央区,下山手通７丁目,2023[sanitize]09[sanitize]07,16,道路上,その他,30歳代,その他,施錠せず
窃盗,自転車盗,生田,下山手,281107,兵庫県,神戸市中央区,下山手通７丁目,2023[sanitize]10[sanitize]06,18,駐車（輪）場,駐車（輪）場,20歳代,その他,施錠せず
窃盗,自転車盗,生田,下山手,281107,兵庫県,神戸市中央区,下山手通８丁目,2023[sanitize]02[sanitize]01,17,道路上,その他,20歳代,その他,施錠せず
窃盗,自転車盗,生田,下山手,281107,兵庫県,神戸市中央区,中山手通７丁目,2023[sanitize]11[sanitize]16,19,駐車（輪）場,駐車（輪）場,20歳代,その他,施錠した
窃盗,自転車盗,生田,下山手,281107,兵庫県,神戸市中央区,花隈町,2023[sanitize]01[sanitize]09,20,道路上,その他,50歳代,その他,施錠した
窃盗,自転車盗,生田,下山手,281107,兵庫県,神戸市中央区,花隈町,2023[sanitize]01[sanitize]21,18,４階建て以上共同住宅,駐車（輪）場,10歳代,高校生,施錠した
窃盗,自転車盗,生田,下山手,281107,兵庫県,神戸市中央区,花隈町,2023[sanitize]04[sanitize]04,18,駐車（輪）場,駐車（輪）場,50歳代,その他,施錠せず
窃盗,自転車盗,生田,下山手,281107,兵庫県,神戸市中央区,花隈町,2023[sanitize]05[sanitize]19,10,道路上,その他,20歳代,その他,施錠した
窃盗,自転車盗,生田,下山手,281107,兵庫県,神戸市中央区,花隈町,2023[sanitize]07[sanitize]24,12,駐車（輪）場,駐車（輪）場,10歳代,その他,施錠せず
窃盗,自転車盗,生田,下山手,281107,兵庫県,神戸市中央区,花隈町,2023[sanitize]07[sanitize]27,13,駐車（輪）場,駐車（輪）場,20歳代,その他,施錠した
窃盗,自転車盗,生田,下山手,281107,兵庫県,神戸市中央区,花隈町,2023[sanitize]08[sanitize]02,15,駐車（輪）場,駐車（輪）場,30歳代,その他,施錠した
窃盗,自転車盗,生田,下山手,281107,兵庫県,神戸市中央区,花隈町,2023[sanitize]08[sanitize]09,15,４階建て以上共同住宅,駐車（輪）場,30歳代,その他,施錠した
窃盗,自転車盗,生田,下山手,281107,兵庫県,神戸市中央区,花隈町,2023[sanitize]08[sanitize]13,19,駐車（輪）場,駐車（輪）場,40歳代,その他,施錠した
窃盗,自転車盗,生田,下山手,281107,兵庫県,神戸市中央区,花隈町,2023[sanitize]08[sanitize]23,23,道路上,その他,20歳代,大学生,施錠した
窃盗,自転車盗,生田,下山手,281107,兵庫県,神戸市中央区,花隈町,2023[sanitize]09[sanitize]02,21,道路上,その他,30歳代,その他,施錠した
窃盗,自転車盗,生田,下山手,281107,兵庫県,神戸市中央区,花隈町,2023[sanitize]10[sanitize]23,08,駐車（輪）場,駐車（輪）場,40歳代,その他,施錠した
窃盗,自転車盗,生田,京町,281107,兵庫県,神戸市中央区,明石町,2023[sanitize]03[sanitize]20,19,道路上,その他,70歳以上,その他,施錠した
窃盗,自転車盗,生田,京町,281107,兵庫県,神戸市中央区,明石町,2023[sanitize]10[sanitize]31,00,道路上,その他,20歳代,その他,施錠せず
窃盗,自転車盗,生田,京町,281107,兵庫県,神戸市中央区,海岸通,2023[sanitize]07[sanitize]11,14,道路上,その他,50歳代,その他,施錠した
窃盗,自転車盗,生田,京町,281107,兵庫県,神戸市中央区,海岸通２丁目,2023[sanitize]01[sanitize]05,06,道路上,その他,20歳代,その他,施錠せず
窃盗,自転車盗,生田,京町,281107,兵庫県,神戸市中央区,加納町６丁目,2023[sanitize]01[sanitize]25,15,道路上,その他,10歳代,大学生,施錠せず
窃盗,自転車盗,生田,京町,281107,兵庫県,神戸市中央区,加納町６丁目,2023[sanitize]03[sanitize]02,23,駐車（輪）場,駐車（輪）場,60[sanitize]64歳,その他,施錠した
窃盗,自転車盗,生田,京町,281107,兵庫県,神戸市中央区,加納町６丁目,2023[sanitize]03[sanitize]16,09,駐車（輪）場,駐車（輪）場,30歳代,その他,施錠せず
窃盗,自転車盗,生田,京町,281107,兵庫県,神戸市中央区,加納町６丁目,2023[sanitize]05[sanitize]26,08,駐車（輪）場,駐車（輪）場,40歳代,その他,施錠せず
窃盗,自転車盗,生田,京町,281107,兵庫県,神戸市中央区,三宮町１丁目,2023[sanitize]02[sanitize]03,18,道路上,その他,30歳代,その他,施錠した
窃盗,自転車盗,生田,京町,281107,兵庫県,神戸市中央区,三宮町１丁目,2023[sanitize]02[sanitize]26,18,道路上,その他,30歳代,その他,施錠した
窃盗,自転車盗,生田,京町,281107,兵庫県,神戸市中央区,三宮町１丁目,2023[sanitize]03[sanitize]17,15,道路上,その他,10歳代,高校生,施錠した
窃盗,自転車盗,生田,京町,281107,兵庫県,神戸市中央区,三宮町１丁目,2023[sanitize]04[sanitize]05,09,道路上,その他,10歳代,中学生,施錠せず
窃盗,自転車盗,生田,京町,281107,兵庫県,神戸市中央区,三宮町１丁目,2023[sanitize]04[sanitize]21,16,駐車（輪）場,駐車（輪）場,40歳代,その他,施錠した
窃盗,自転車盗,生田,京町,281107,兵庫県,神戸市中央区,三宮町１丁目,2023[sanitize]06[sanitize]30,17,駐車（輪）場,駐車（輪）場,20歳代,その他,施錠せず
窃盗,自転車盗,生田,京町,281107,兵庫県,神戸市中央区,三宮町１丁目,2023[sanitize]07[sanitize]16,21,駐車（輪）場,駐車（輪）場,30歳代,その他,施錠した
窃盗,自転車盗,生田,京町,281107,兵庫県,神戸市中央区,三宮町１丁目,2023[sanitize]09[sanitize]14,17,道路上,その他,20歳代,大学生,施錠した
窃盗,自転車盗,生田,京町,281107,兵庫県,神戸市中央区,三宮町１丁目,2023[sanitize]09[sanitize]27,23,道路上,その他,65[sanitize]69歳,その他,施錠した
窃盗,自転車盗,生田,京町,281107,兵庫県,神戸市中央区,三宮町１丁目,2023[sanitize]10[sanitize]22,15,道路上,その他,20歳代,その他,施錠した
窃盗,自転車盗,生田,京町,281107,兵庫県,神戸市中央区,三宮町１丁目,2023[sanitize]11[sanitize]22,16,その他,駐車（輪）場,30歳代,その他,施錠した
窃盗,自転車盗,生田,京町,281107,兵庫県,神戸市中央区,三宮町１丁目,2023[sanitize]11[sanitize]22,18,道路上,その他,40歳代,その他,施錠せず
窃盗,自転車盗,生田,京町,281107,兵庫県,神戸市中央区,三宮町３丁目,2023[sanitize]01[sanitize]07,10,道路上,その他,30歳代,その他,施錠した
窃盗,自転車盗,生田,京町,281107,兵庫県,神戸市中央区,三宮町３丁目,2023[sanitize]02[sanitize]28,21,道路上,その他,20歳代,その他,施錠せず
窃盗,自転車盗,生田,京町,281107,兵庫県,神戸市中央区,浪花町,2023[sanitize]03[sanitize]27,10,道路上,その他,20歳代,大学生,施錠した
窃盗,自転車盗,生田,元町通,281107,兵庫県,神戸市中央区,海岸通４丁目,2022[sanitize]11[sanitize]03,10,４階建て以上共同住宅,駐車（輪）場,10歳代,その他,施錠した
窃盗,自転車盗,生田,元町通,281107,兵庫県,神戸市中央区,海岸通４丁目,2023[sanitize]03[sanitize]31,21,駐車（輪）場,駐車（輪）場,20歳代,その他,施錠せず
窃盗,自転車盗,生田,元町通,281107,兵庫県,神戸市中央区,海岸通４丁目,2023[sanitize]05[sanitize]24,14,道路上,その他,70歳以上,その他,施錠した
窃盗,自転車盗,生田,元町通,281107,兵庫県,神戸市中央区,栄町通３丁目,2023[sanitize]08[sanitize]02,12,その他,その他,70歳以上,その他,施錠した
窃盗,自転車盗,生田,元町通,281107,兵庫県,神戸市中央区,元町高架通,2023[sanitize]05[sanitize]11,13,その他,駐車（輪）場,20歳代,大学生,施錠した
窃盗,自転車盗,生田,元町通,281107,兵庫県,神戸市中央区,元町高架通,2023[sanitize]07[sanitize]27,22,駐車（輪）場,駐車（輪）場,20歳代,その他,施錠した
窃盗,自転車盗,生田,元町通,281107,兵庫県,神戸市中央区,元町通３丁目,2023[sanitize]03[sanitize]26,17,その他,その他,20歳代,その他,施錠した
窃盗,自転車盗,生田,元町通,281107,兵庫県,神戸市中央区,元町通３丁目,2023[sanitize]08[sanitize]13,00,駐車（輪）場,駐車（輪）場,20歳代,その他,施錠せず
窃盗,自転車盗,生田,元町通,281107,兵庫県,神戸市中央区,元町通３丁目,2023[sanitize]09[sanitize]15,16,道路上,その他,20歳代,その他,施錠した
窃盗,自転車盗,生田,元町通,281107,兵庫県,神戸市中央区,元町通３丁目,2023[sanitize]10[sanitize]29,03,道路上,その他,20歳代,その他,施錠せず
窃盗,自転車盗,生田,元町通,281107,兵庫県,神戸市中央区,元町通４丁目,2023[sanitize]03[sanitize]18,22,道路上,その他,20歳代,その他,施錠せず
窃盗,自転車盗,生田,元町通,281107,兵庫県,神戸市中央区,元町通４丁目,2023[sanitize]03[sanitize]21,09,道路上,その他,60[sanitize]64歳,その他,施錠せず
窃盗,自転車盗,生田,元町通,281107,兵庫県,神戸市中央区,元町通４丁目,2023[sanitize]06[sanitize]03,23,道路上,その他,30歳代,その他,施錠せず
窃盗,自転車盗,生田,元町通,281107,兵庫県,神戸市中央区,元町通４丁目,2023[sanitize]06[sanitize]04,17,道路上,その他,30歳代,その他,施錠せず
窃盗,自転車盗,生田,元町通,281107,兵庫県,神戸市中央区,元町通４丁目,2023[sanitize]06[sanitize]24,22,道路上,その他,20歳代,その他,施錠した
窃盗,自転車盗,生田,元町通,281107,兵庫県,神戸市中央区,元町通４丁目,2023[sanitize]08[sanitize]01,07,道路上,その他,20歳代,大学生,施錠した
窃盗,自転車盗,生田,元町通,281107,兵庫県,神戸市中央区,元町通４丁目,2023[sanitize]08[sanitize]11,16,道路上,その他,20歳代,その他,施錠した
窃盗,自転車盗,生田,元町通,281107,兵庫県,神戸市中央区,元町通４丁目,2023[sanitize]10[sanitize]13,10,道路上,その他,20歳代,その他,施錠せず
窃盗,自転車盗,生田,元町通,281107,兵庫県,神戸市中央区,元町通５丁目,2022[sanitize]11[sanitize]01,09,道路上,その他,70歳以上,その他,施錠せず
窃盗,自転車盗,生田,元町通,281107,兵庫県,神戸市中央区,元町通５丁目,2022[sanitize]11[sanitize]10,18,道路上,その他,10歳代,高校生,施錠せず
窃盗,自転車盗,生田,元町通,281107,兵庫県,神戸市中央区,元町通５丁目,2023[sanitize]10[sanitize]30,17,道路上,その他,70歳以上,その他,施錠した
窃盗,自転車盗,生田,元町通,281107,兵庫県,神戸市中央区,元町通６丁目,2023[sanitize]01[sanitize]10,13,道路上,その他,20歳代,その他,施錠せず
窃盗,自転車盗,生田,元町通,281107,兵庫県,神戸市中央区,元町通６丁目,2023[sanitize]07[sanitize]17,09,道路上,その他,30歳代,その他,施錠した
窃盗,自転車盗,生田,元町通,281107,兵庫県,神戸市中央区,元町通６丁目,2023[sanitize]08[sanitize]22,19,道路上,その他,20歳代,その他,施錠せず
窃盗,自転車盗,生田,元町通,281107,兵庫県,神戸市中央区,元町通６丁目,2023[sanitize]10[sanitize]15,10,道路上,その他,20歳代,大学生,施錠した
窃盗,自転車盗,生田,元町通,281107,兵庫県,神戸市中央区,元町通６丁目,2023[sanitize]10[sanitize]27,23,道路上,その他,20歳代,その他,施錠せず
窃盗,自転車盗,生田,元町通,281107,兵庫県,神戸市中央区,元町通６丁目,2023[sanitize]12[sanitize]02,22,道路上,その他,30歳代,その他,施錠せず
窃盗,自転車盗,生田,元町駅,281107,兵庫県,神戸市中央区,上筒井通７丁目,2023[sanitize]04[sanitize]06,17,道路上,その他,20歳代,その他,施錠せず
窃盗,自転車盗,生田,元町駅,281107,兵庫県,神戸市中央区,北長狭通３丁目,2022[sanitize]12[sanitize]29,14,道路上,その他,30歳代,その他,施錠した
窃盗,自転車盗,生田,元町駅,281107,兵庫県,神戸市中央区,北長狭通３丁目,2023[sanitize]02[sanitize]22,18,道路上,その他,20歳代,その他,施錠せず
窃盗,自転車盗,生田,元町駅,281107,兵庫県,神戸市中央区,北長狭通３丁目,2023[sanitize]06[sanitize]23,20,道路上,その他,20歳代,その他,施錠せず
窃盗,自転車盗,生田,元町駅,281107,兵庫県,神戸市中央区,北長狭通３丁目,2023[sanitize]07[sanitize]27,23,道路上,その他,20歳代,その他,施錠した
窃盗,自転車盗,生田,元町駅,281107,兵庫県,神戸市中央区,北長狭通３丁目,2023[sanitize]08[sanitize]19,00,その他,その他,20歳代,その他,施錠した
窃盗,自転車盗,生田,元町駅,281107,兵庫県,神戸市中央区,北長狭通３丁目,2023[sanitize]09[sanitize]03,08,道路上,その他,20歳代,その他,施錠せず
窃盗,自転車盗,生田,元町駅,281107,兵庫県,神戸市中央区,北長狭通３丁目,2023[sanitize]09[sanitize]21,19,道路上,その他,20歳代,その他,施錠せず
窃盗,自転車盗,生田,元町駅,281107,兵庫県,神戸市中央区,北長狭通３丁目,2023[sanitize]10[sanitize]31,02,道路上,その他,20歳代,大学生,施錠せず
窃盗,自転車盗,生田,元町駅,281107,兵庫県,神戸市中央区,北長狭通３丁目,2023[sanitize]11[sanitize]01,14,道路上,その他,20歳代,その他,施錠せず
窃盗,自転車盗,生田,元町駅,281107,兵庫県,神戸市中央区,北長狭通４丁目,2023[sanitize]03[sanitize]19,22,道路上,その他,20歳代,その他,施錠せず
窃盗,自転車盗,生田,元町駅,281107,兵庫県,神戸市中央区,北長狭通４丁目,2023[sanitize]07[sanitize]06,20,道路上,その他,20歳代,その他,施錠せず
窃盗,自転車盗,生田,元町駅,281107,兵庫県,神戸市中央区,北長狭通４丁目,2023[sanitize]07[sanitize]11,14,道路上,その他,30歳代,その他,施錠せず
窃盗,自転車盗,生田,元町駅,281107,兵庫県,神戸市中央区,北長狭通４丁目,2023[sanitize]08[sanitize]01,12,道路上,その他,20歳代,その他,施錠した
窃盗,自転車盗,生田,元町駅,281107,兵庫県,神戸市中央区,下山手通３丁目,2023[sanitize]02[sanitize]28,09,道路上,その他,10歳代,その他,施錠せず
窃盗,自転車盗,生田,元町駅,281107,兵庫県,神戸市中央区,下山手通３丁目,2023[sanitize]04[sanitize]01,01,駐車（輪）場,駐車（輪）場,20歳代,その他,施錠せず
窃盗,自転車盗,生田,元町駅,281107,兵庫県,神戸市中央区,下山手通３丁目,2023[sanitize]05[sanitize]30,08,４階建て以上共同住宅,駐車（輪）場,20歳代,その他,施錠せず
窃盗,自転車盗,生田,元町駅,281107,兵庫県,神戸市中央区,下山手通３丁目,不明,不明,道路上,その他,30歳代,その他,施錠した
窃盗,自転車盗,生田,元町駅,281107,兵庫県,神戸市中央区,下山手通４丁目,2023[sanitize]05[sanitize]26,17,駐車（輪）場,駐車（輪）場,10歳代,高校生,施錠せず
窃盗,自転車盗,生田,元町駅,281107,兵庫県,神戸市中央区,元町高架通,2022[sanitize]12[sanitize]28,10,駐車（輪）場,駐車（輪）場,20歳代,その他,施錠せず
窃盗,自転車盗,生田,元町駅,281107,兵庫県,神戸市中央区,元町高架通,2023[sanitize]04[sanitize]25,12,駐車（輪）場,駐車（輪）場,70歳以上,その他,施錠せず
窃盗,自転車盗,生田,元町駅,281107,兵庫県,神戸市中央区,元町高架通,2023[sanitize]07[sanitize]18,09,道路上,その他,20歳代,その他,施錠せず
窃盗,自転車盗,生田,元町駅,281107,兵庫県,神戸市中央区,元町高架通,2023[sanitize]11[sanitize]11,19,駐車（輪）場,駐車（輪）場,20歳代,その他,施錠せず
窃盗,自転車盗,生田,元町駅,281107,兵庫県,神戸市中央区,元町通１丁目,2023[sanitize]04[sanitize]25,00,道路上,その他,40歳代,その他,施錠せず
窃盗,自転車盗,生田,元町駅,281107,兵庫県,神戸市中央区,元町通１丁目,2023[sanitize]06[sanitize]14,01,道路上,その他,20歳代,その他,施錠した
窃盗,自転車盗,生田,元町駅,281107,兵庫県,神戸市中央区,元町通１丁目,2023[sanitize]11[sanitize]11,20,道路上,その他,40歳代,その他,施錠した
窃盗,自転車盗,生田,元町駅,281107,兵庫県,神戸市中央区,元町通１丁目,2023[sanitize]12[sanitize]17,02,道路上,その他,30歳代,その他,施錠せず
窃盗,自転車盗,生田,北野,281107,兵庫県,神戸市中央区,北野町１丁目,2023[sanitize]11[sanitize]25,23,道路上,その他,30歳代,その他,施錠せず
窃盗,自転車盗,生田,大倉山,281107,兵庫県,神戸市中央区,北長狭通７丁目,2023[sanitize]08[sanitize]04,23,道路上,その他,50歳代,その他,施錠した
窃盗,自転車盗,生田,大倉山,281107,兵庫県,神戸市中央区,北長狭通８丁目,2023[sanitize]05[sanitize]20,12,駐車（輪）場,駐車（輪）場,50歳代,その他,施錠した
窃盗,自転車盗,生田,大倉山,281107,兵庫県,神戸市中央区,北長狭通８丁目,2023[sanitize]07[sanitize]18,14,駐車（輪）場,駐車（輪）場,20歳代,その他,施錠せず
窃盗,自転車盗,生田,大倉山,281107,兵庫県,神戸市中央区,楠町１丁目,2023[sanitize]05[sanitize]20,23,駐車（輪）場,駐車（輪）場,20歳代,その他,施錠した
窃盗,自転車盗,生田,大倉山,281107,兵庫県,神戸市中央区,楠町２丁目,2023[sanitize]05[sanitize]02,20,駐車（輪）場,駐車（輪）場,10歳代,中学生,施錠した
窃盗,自転車盗,生田,大倉山,281107,兵庫県,神戸市中央区,楠町３丁目,2023[sanitize]04[sanitize]12,15,駐車（輪）場,駐車（輪）場,20歳代,その他,施錠した
窃盗,自転車盗,生田,大倉山,281107,兵庫県,神戸市中央区,楠町４丁目,2023[sanitize]02[sanitize]08,17,駐車（輪）場,駐車（輪）場,60[sanitize]64歳,その他,施錠した
窃盗,自転車盗,生田,大倉山,281107,兵庫県,神戸市中央区,楠町４丁目,2023[sanitize]07[sanitize]16,11,駐車（輪）場,駐車（輪）場,10歳代,高校生,施錠した
窃盗,自転車盗,生田,大倉山,281107,兵庫県,神戸市中央区,楠町４丁目,2023[sanitize]09[sanitize]28,08,駐車（輪）場,駐車（輪）場,10歳代,高校生,施錠した
窃盗,自転車盗,生田,大倉山,281107,兵庫県,神戸市中央区,楠町４丁目,2023[sanitize]10[sanitize]30,22,駐車（輪）場,駐車（輪）場,10歳代,その他,施錠せず
窃盗,自転車盗,生田,大倉山,281107,兵庫県,神戸市中央区,楠町４丁目,2023[sanitize]12[sanitize]16,21,駐車（輪）場,駐車（輪）場,20歳代,大学生,施錠せず
窃盗,自転車盗,生田,大倉山,281107,兵庫県,神戸市中央区,楠町６丁目,2023[sanitize]04[sanitize]30,09,駐車（輪）場,駐車（輪）場,50歳代,その他,施錠した
窃盗,自転車盗,生田,大倉山,281107,兵庫県,神戸市中央区,楠町７丁目,2023[sanitize]01[sanitize]23,12,駐車（輪）場,駐車（輪）場,20歳代,大学生,施錠した
窃盗,自転車盗,生田,大倉山,281107,兵庫県,神戸市中央区,楠町７丁目,2023[sanitize]05[sanitize]09,08,その他,駐車（輪）場,30歳代,その他,施錠した
窃盗,自転車盗,生田,大倉山,281107,兵庫県,神戸市中央区,楠町７丁目,2023[sanitize]06[sanitize]08,11,駐車（輪）場,駐車（輪）場,20歳代,その他,施錠せず
窃盗,自転車盗,生田,大倉山,281107,兵庫県,神戸市中央区,楠町７丁目,2023[sanitize]06[sanitize]14,08,駐車（輪）場,駐車（輪）場,10歳代,高校生,施錠せず
窃盗,自転車盗,生田,大倉山,281107,兵庫県,神戸市中央区,楠町７丁目,2023[sanitize]08[sanitize]05,00,その他,その他,20歳代,その他,施錠した
窃盗,自転車盗,生田,大倉山,281107,兵庫県,神戸市中央区,楠町７丁目,2023[sanitize]08[sanitize]19,15,道路上,その他,30歳代,その他,施錠せず
窃盗,自転車盗,生田,大倉山,281107,兵庫県,神戸市中央区,下山手通９丁目,2023[sanitize]10[sanitize]19,11,駐車（輪）場,駐車（輪）場,20歳代,大学生,施錠した
窃盗,自転車盗,生田,大倉山,281107,兵庫県,神戸市中央区,多聞通２丁目,2023[sanitize]05[sanitize]12,23,道路上,その他,30歳代,その他,施錠した
窃盗,自転車盗,生田,大倉山,281107,兵庫県,神戸市中央区,多聞通２丁目,2023[sanitize]07[sanitize]20,20,道路上,その他,20歳代,その他,施錠した
窃盗,自転車盗,生田,大倉山,281107,兵庫県,神戸市中央区,多聞通３丁目,2023[sanitize]01[sanitize]01,04,道路上,その他,10歳代,中学生,施錠せず
窃盗,自転車盗,生田,大倉山,281107,兵庫県,神戸市中央区,多聞通３丁目,2023[sanitize]02[sanitize]23,19,道路上,その他,20歳代,その他,施錠せず
窃盗,自転車盗,生田,大倉山,281107,兵庫県,神戸市中央区,多聞通４丁目,2023[sanitize]09[sanitize]19,06,道路上,その他,20歳代,その他,施錠せず
窃盗,自転車盗,生田,大倉山,281107,兵庫県,神戸市中央区,多聞通５丁目,2023[sanitize]08[sanitize]05,17,駐車（輪）場,駐車（輪）場,40歳代,その他,施錠した
窃盗,自転車盗,生田,大倉山,281107,兵庫県,神戸市中央区,多聞通５丁目,2023[sanitize]09[sanitize]15,08,道路上,その他,10歳代,高校生,施錠した
窃盗,自転車盗,生田,大倉山,281107,兵庫県,神戸市中央区,元町通７丁目,2023[sanitize]10[sanitize]22,03,道路上,その他,10歳代,大学生,施錠せず
窃盗,自転車盗,生田,生田前,281107,兵庫県,神戸市中央区,加納町３丁目,2023[sanitize]02[sanitize]18,06,道路上,その他,20歳代,その他,施錠せず
窃盗,自転車盗,生田,生田前,281107,兵庫県,神戸市中央区,加納町４丁目,2022[sanitize]07[sanitize]10,05,その他,駐車（輪）場,30歳代,その他,施錠した
窃盗,自転車盗,生田,生田前,281107,兵庫県,神戸市中央区,加納町４丁目,2022[sanitize]12[sanitize]19,18,道路上,その他,20歳代,その他,施錠せず
窃盗,自転車盗,生田,生田前,281107,兵庫県,神戸市中央区,加納町４丁目,2023[sanitize]01[sanitize]22,23,駐車（輪）場,駐車（輪）場,20歳代,その他,施錠せず
窃盗,自転車盗,生田,生田前,281107,兵庫県,神戸市中央区,加納町４丁目,2023[sanitize]04[sanitize]03,20,道路上,その他,40歳代,その他,施錠せず
窃盗,自転車盗,生田,生田前,281107,兵庫県,神戸市中央区,加納町４丁目,2023[sanitize]04[sanitize]11,17,駐車（輪）場,駐車（輪）場,30歳代,その他,施錠せず
窃盗,自転車盗,生田,生田前,281107,兵庫県,神戸市中央区,加納町４丁目,2023[sanitize]04[sanitize]12,12,道路上,その他,20歳代,その他,施錠した
窃盗,自転車盗,生田,生田前,281107,兵庫県,神戸市中央区,加納町４丁目,2023[sanitize]05[sanitize]05,17,駐車（輪）場,駐車（輪）場,20歳代,その他,施錠した
窃盗,自転車盗,生田,生田前,281107,兵庫県,神戸市中央区,加納町４丁目,2023[sanitize]07[sanitize]25,16,駐車（輪）場,駐車（輪）場,20歳代,その他,施錠せず
窃盗,自転車盗,生田,生田前,281107,兵庫県,神戸市中央区,加納町４丁目,2023[sanitize]09[sanitize]20,19,道路上,その他,30歳代,その他,施錠した
窃盗,自転車盗,生田,生田前,281107,兵庫県,神戸市中央区,加納町４丁目,2023[sanitize]09[sanitize]29,21,道路上,その他,30歳代,その他,施錠せず
窃盗,自転車盗,生田,生田前,281107,兵庫県,神戸市中央区,加納町４丁目,2023[sanitize]10[sanitize]12,09,駐車（輪）場,駐車（輪）場,20歳代,その他,施錠した
窃盗,自転車盗,生田,生田前,281107,兵庫県,神戸市中央区,加納町４丁目,2023[sanitize]10[sanitize]13,16,駐車（輪）場,駐車（輪）場,20歳代,その他,施錠した
窃盗,自転車盗,生田,生田前,281107,兵庫県,神戸市中央区,北長狭通１丁目,2023[sanitize]01[sanitize]23,20,道路上,その他,30歳代,その他,施錠せず
窃盗,自転車盗,生田,生田前,281107,兵庫県,神戸市中央区,北長狭通１丁目,2023[sanitize]03[sanitize]22,12,道路上,その他,10歳代,大学生,施錠せず
窃盗,自転車盗,生田,生田前,281107,兵庫県,神戸市中央区,北長狭通１丁目,2023[sanitize]03[sanitize]26,21,道路上,その他,20歳代,その他,施錠した
窃盗,自転車盗,生田,生田前,281107,兵庫県,神戸市中央区,北長狭通１丁目,2023[sanitize]04[sanitize]11,05,道路上,その他,30歳代,その他,施錠した
窃盗,自転車盗,生田,生田前,281107,兵庫県,神戸市中央区,北長狭通１丁目,2023[sanitize]05[sanitize]05,21,道路上,その他,30歳代,その他,施錠せず
窃盗,自転車盗,生田,生田前,281107,兵庫県,神戸市中央区,北長狭通１丁目,2023[sanitize]05[sanitize]24,10,道路上,その他,40歳代,その他,施錠した
窃盗,自転車盗,生田,生田前,281107,兵庫県,神戸市中央区,北長狭通１丁目,2023[sanitize]06[sanitize]03,02,道路上,その他,10歳代,その他,施錠せず
窃盗,自転車盗,生田,生田前,281107,兵庫県,神戸市中央区,北長狭通１丁目,2023[sanitize]06[sanitize]14,18,駐車（輪）場,駐車（輪）場,40歳代,その他,施錠せず
窃盗,自転車盗,生田,生田前,281107,兵庫県,神戸市中央区,北長狭通１丁目,2023[sanitize]08[sanitize]01,13,道路上,その他,20歳代,その他,施錠せず
窃盗,自転車盗,生田,生田前,281107,兵庫県,神戸市中央区,北長狭通１丁目,2023[sanitize]08[sanitize]04,11,道路上,その他,50歳代,その他,施錠せず
窃盗,自転車盗,生田,生田前,281107,兵庫県,神戸市中央区,北長狭通１丁目,2023[sanitize]10[sanitize]17,22,道路上,その他,40歳代,その他,施錠した
窃盗,自転車盗,生田,生田前,281107,兵庫県,神戸市中央区,北長狭通１丁目,2023[sanitize]10[sanitize]25,02,道路上,その他,20歳代,大学生,施錠せず
窃盗,自転車盗,生田,生田前,281107,兵庫県,神戸市中央区,北長狭通１丁目,2023[sanitize]11[sanitize]13,00,道路上,その他,40歳代,その他,施錠せず
窃盗,自転車盗,生田,生田前,281107,兵庫県,神戸市中央区,北長狭通１丁目,2023[sanitize]11[sanitize]14,20,道路上,その他,40歳代,その他,施錠せず
窃盗,自転車盗,生田,生田前,281107,兵庫県,神戸市中央区,北長狭通１丁目,2023[sanitize]12[sanitize]19,13,道路上,その他,20歳代,その他,施錠した
窃盗,自転車盗,生田,生田前,281107,兵庫県,神戸市中央区,北長狭通１丁目,2023[sanitize]12[sanitize]19,20,その他,その他,20歳代,その他,施錠した
窃盗,自転車盗,生田,生田前,281107,兵庫県,神戸市中央区,北長狭通２丁目,2023[sanitize]02[sanitize]23,14,道路上,その他,20歳代,その他,施錠せず
窃盗,自転車盗,生田,生田前,281107,兵庫県,神戸市中央区,北長狭通２丁目,2023[sanitize]06[sanitize]04,00,駐車（輪）場,駐車（輪）場,30歳代,その他,施錠せず
窃盗,自転車盗,生田,生田前,281107,兵庫県,神戸市中央区,北長狭通２丁目,2023[sanitize]06[sanitize]05,16,道路上,その他,10歳代,その他,施錠した
窃盗,自転車盗,生田,生田前,281107,兵庫県,神戸市中央区,北長狭通２丁目,2023[sanitize]06[sanitize]11,02,道路上,その他,20歳代,その他,施錠せず
窃盗,自転車盗,生田,生田前,281107,兵庫県,神戸市中央区,北長狭通２丁目,2023[sanitize]07[sanitize]20,15,道路上,その他,40歳代,その他,施錠せず
窃盗,自転車盗,生田,生田前,281107,兵庫県,神戸市中央区,北長狭通２丁目,2023[sanitize]07[sanitize]21,13,駐車（輪）場,駐車（輪）場,30歳代,その他,施錠した
窃盗,自転車盗,生田,生田前,281107,兵庫県,神戸市中央区,北長狭通２丁目,2023[sanitize]08[sanitize]07,18,道路上,その他,50歳代,その他,施錠した
窃盗,自転車盗,生田,生田前,281107,兵庫県,神戸市中央区,北長狭通２丁目,2023[sanitize]08[sanitize]17,23,道路上,その他,20歳代,その他,施錠した
窃盗,自転車盗,生田,生田前,281107,兵庫県,神戸市中央区,北長狭通２丁目,2023[sanitize]08[sanitize]25,12,駐車（輪）場,駐車（輪）場,10歳代,高校生,施錠した
窃盗,自転車盗,生田,生田前,281107,兵庫県,神戸市中央区,北長狭通２丁目,2023[sanitize]10[sanitize]03,09,道路上,その他,65[sanitize]69歳,その他,施錠せず
窃盗,自転車盗,生田,生田前,281107,兵庫県,神戸市中央区,北長狭通３丁目,2022[sanitize]12[sanitize]23,19,駐車（輪）場,駐車（輪）場,20歳代,その他,施錠せず
窃盗,自転車盗,生田,生田前,281107,兵庫県,神戸市中央区,三宮町１丁目,2023[sanitize]08[sanitize]17,12,駐車（輪）場,駐車（輪）場,40歳代,その他,施錠した
窃盗,自転車盗,生田,生田前,281107,兵庫県,神戸市中央区,下山手通１丁目,2023[sanitize]08[sanitize]10,08,道路上,その他,20歳代,その他,施錠した
窃盗,自転車盗,生田,生田前,281107,兵庫県,神戸市中央区,下山手通１丁目,2023[sanitize]08[sanitize]23,12,道路上,その他,70歳以上,その他,施錠せず
窃盗,自転車盗,生田,生田前,281107,兵庫県,神戸市中央区,下山手通１丁目,2023[sanitize]11[sanitize]22,20,道路上,その他,30歳代,その他,施錠した
窃盗,自転車盗,生田,生田前,281107,兵庫県,神戸市中央区,下山手通２丁目,2023[sanitize]03[sanitize]06,19,道路上,その他,50歳代,その他,施錠した
窃盗,自転車盗,生田,生田前,281107,兵庫県,神戸市中央区,下山手通２丁目,2023[sanitize]07[sanitize]20,21,道路上,その他,20歳代,その他,施錠せず
窃盗,自転車盗,生田,生田前,281107,兵庫県,神戸市中央区,下山手通２丁目,2023[sanitize]09[sanitize]05,19,道路上,その他,20歳代,その他,施錠せず
窃盗,自転車盗,生田,生田前,281107,兵庫県,神戸市中央区,下山手通２丁目,2023[sanitize]09[sanitize]12,23,道路上,その他,50歳代,その他,施錠した
窃盗,自転車盗,生田,生田前,281107,兵庫県,神戸市中央区,下山手通２丁目,2023[sanitize]09[sanitize]26,10,その他,その他,20歳代,その他,施錠した
窃盗,自転車盗,生田,生田前,281107,兵庫県,神戸市中央区,下山手通２丁目,2023[sanitize]11[sanitize]29,11,駐車（輪）場,駐車（輪）場,30歳代,その他,施錠した
窃盗,自転車盗,生田,生田前,281107,兵庫県,神戸市中央区,中山手通１丁目,2023[sanitize]01[sanitize]08,14,道路上,その他,20歳代,その他,施錠した
窃盗,自転車盗,生田,生田前,281107,兵庫県,神戸市中央区,中山手通１丁目,2023[sanitize]03[sanitize]24,18,道路上,その他,50歳代,その他,施錠した
窃盗,自転車盗,生田,生田前,281107,兵庫県,神戸市中央区,中山手通１丁目,2023[sanitize]04[sanitize]28,09,道路上,その他,40歳代,その他,施錠せず
窃盗,自転車盗,生田,生田前,281107,兵庫県,神戸市中央区,中山手通１丁目,2023[sanitize]06[sanitize]17,16,道路上,その他,50歳代,その他,施錠した
窃盗,自転車盗,生田,生田前,281107,兵庫県,神戸市中央区,中山手通１丁目,2023[sanitize]08[sanitize]02,02,道路上,その他,30歳代,その他,施錠した
窃盗,自転車盗,生田,生田前,281107,兵庫県,神戸市中央区,中山手通１丁目,2023[sanitize]08[sanitize]28,11,道路上,その他,50歳代,その他,施錠せず
窃盗,自転車盗,生田,生田前,281107,兵庫県,神戸市中央区,中山手通１丁目,2023[sanitize]09[sanitize]29,16,その他,その他,50歳代,その他,施錠した
窃盗,自転車盗,生田,生田前,281107,兵庫県,神戸市中央区,中山手通１丁目,2023[sanitize]11[sanitize]02,18,道路上,その他,30歳代,その他,施錠せず
窃盗,自転車盗,生田,生田前,281107,兵庫県,神戸市中央区,中山手通１丁目,2023[sanitize]12[sanitize]09,09,道路上,その他,20歳代,その他,施錠せず
窃盗,自転車盗,生田,生田前,281107,兵庫県,神戸市中央区,中山手通１丁目,2023[sanitize]12[sanitize]09,09,道路上,その他,20歳代,その他,施錠せず
窃盗,自転車盗,生田,生田前,281107,兵庫県,神戸市中央区,中山手通１丁目,2023[sanitize]12[sanitize]21,15,道路上,その他,50歳代,その他,施錠した
窃盗,自転車盗,生田,生田前,281107,兵庫県,神戸市中央区,中山手通２丁目,2023[sanitize]02[sanitize]25,11,４階建て以上共同住宅,駐車（輪）場,50歳代,その他,施錠した
窃盗,自転車盗,生田,生田前,281107,兵庫県,神戸市中央区,中山手通２丁目,2023[sanitize]05[sanitize]28,08,道路上,その他,40歳代,その他,施錠せず
窃盗,自転車盗,生田,生田前,281107,兵庫県,神戸市中央区,中山手通２丁目,2023[sanitize]08[sanitize]09,01,４階建て以上共同住宅,駐車（輪）場,40歳代,その他,施錠した
窃盗,自転車盗,生田,生田前,281107,兵庫県,神戸市中央区,中山手通２丁目,2023[sanitize]08[sanitize]25,13,道路上,その他,40歳代,その他,施錠せず
窃盗,自転車盗,生田,生田前,281107,兵庫県,神戸市中央区,中山手通２丁目,2023[sanitize]08[sanitize]30,09,道路上,その他,10歳代,高校生,施錠せず
窃盗,自転車盗,生田,生田前,281107,兵庫県,神戸市中央区,中山手通２丁目,2023[sanitize]09[sanitize]07,23,道路上,その他,30歳代,その他,施錠した
窃盗,自転車盗,生田,生田前,281107,兵庫県,神戸市中央区,中山手通２丁目,2023[sanitize]11[sanitize]21,04,その他の住宅（３階建て以下共同住宅等）,その他,30歳代,その他,施錠せず
窃盗,自転車盗,生田,生田前,281107,兵庫県,神戸市中央区,中山手通２丁目,2023[sanitize]11[sanitize]28,17,道路上,その他,20歳代,大学生,施錠せず
窃盗,自転車盗,生田,生田前,281107,兵庫県,神戸市中央区,中山手通３丁目,2022[sanitize]12[sanitize]10,13,駐車（輪）場,駐車（輪）場,30歳代,その他,施錠した
窃盗,自転車盗,生田,生田前,281107,兵庫県,神戸市中央区,中山手通３丁目,2023[sanitize]02[sanitize]13,14,道路上,その他,20歳代,その他,施錠せず
窃盗,自転車盗,生田,生田前,281107,兵庫県,神戸市中央区,中山手通３丁目,2023[sanitize]05[sanitize]21,16,道路上,その他,20歳代,その他,施錠せず
窃盗,自転車盗,生田,諏訪山,281107,兵庫県,神戸市中央区,中山手通４丁目,2023[sanitize]08[sanitize]04,23,道路上,その他,40歳代,その他,施錠せず
窃盗,自転車盗,生田,諏訪山,281107,兵庫県,神戸市中央区,中山手通４丁目,2023[sanitize]09[sanitize]03,11,４階建て以上共同住宅,その他,40歳代,その他,施錠せず
窃盗,自転車盗,生田,諏訪山,281107,兵庫県,神戸市中央区,中山手通４丁目,2023[sanitize]09[sanitize]06,15,駐車（輪）場,駐車（輪）場,70歳以上,その他,施錠せず
窃盗,自転車盗,生田,諏訪山,281107,兵庫県,神戸市中央区,中山手通４丁目,2023[sanitize]09[sanitize]13,22,駐車（輪）場,駐車（輪）場,30歳代,その他,施錠せず
窃盗,自転車盗,生田,諏訪山,281107,兵庫県,神戸市中央区,中山手通４丁目,2023[sanitize]09[sanitize]29,08,４階建て以上共同住宅,駐車（輪）場,30歳代,その他,施錠した
窃盗,自転車盗,生田,諏訪山,281107,兵庫県,神戸市中央区,再度筋町,2023[sanitize]05[sanitize]11,15,４階建て以上共同住宅,駐車（輪）場,20歳代,大学生,施錠した
窃盗,自転車盗,生田,諏訪山,281107,兵庫県,神戸市中央区,山本通３丁目,2023[sanitize]11[sanitize]10,08,道路上,その他,20歳代,大学生,施錠せず
窃盗,自転車盗,生田,諏訪山,281107,兵庫県,神戸市中央区,山本通４丁目,2023[sanitize]10[sanitize]05,18,４階建て以上共同住宅,駐車（輪）場,40歳代,その他,施錠せず
窃盗,自転車盗,兵庫,七宮,281051,兵庫県,神戸市兵庫区,入江通２丁目,2023[sanitize]08[sanitize]19,18,道路上,その他,10歳代,その他,施錠した
窃盗,自転車盗,兵庫,七宮,281051,兵庫県,神戸市兵庫区,小河通５丁目,2022[sanitize]11[sanitize]01,10,駐車（輪）場,駐車（輪）場,法人・団体、被害者なし,法人・団体、被害者なし,施錠せず
窃盗,自転車盗,兵庫,七宮,281051,兵庫県,神戸市兵庫区,北逆瀬川町,2023[sanitize]02[sanitize]14,18,道路上,その他,20歳代,その他,施錠した
窃盗,自転車盗,兵庫,七宮,281051,兵庫県,神戸市兵庫区,七宮町２丁目,2023[sanitize]09[sanitize]08,17,その他,駐車（輪）場,20歳代,その他,施錠した
窃盗,自転車盗,兵庫,七宮,281051,兵庫県,神戸市兵庫区,七宮町２丁目,2023[sanitize]10[sanitize]20,11,道路上,その他,20歳代,その他,施錠せず
窃盗,自転車盗,兵庫,七宮,281051,兵庫県,神戸市兵庫区,中之島２丁目,2023[sanitize]09[sanitize]16,07,駐車（輪）場,駐車（輪）場,10歳代,中学生,施錠した
窃盗,自転車盗,兵庫,七宮,281051,兵庫県,神戸市兵庫区,西仲町,2023[sanitize]05[sanitize]20,07,その他,駐車（輪）場,40歳代,その他,施錠せず
窃盗,自転車盗,兵庫,七宮,281051,兵庫県,神戸市兵庫区,浜崎通,2023[sanitize]04[sanitize]20,22,４階建て以上共同住宅,駐車（輪）場,40歳代,その他,施錠せず
窃盗,自転車盗,兵庫,七宮,281051,兵庫県,神戸市兵庫区,浜崎通,2023[sanitize]05[sanitize]17,08,その他,駐車（輪）場,20歳代,その他,施錠した
窃盗,自転車盗,兵庫,七宮,281051,兵庫県,神戸市兵庫区,浜崎通,2023[sanitize]11[sanitize]21,07,駐車（輪）場,駐車（輪）場,10歳代,高校生,施錠した
窃盗,自転車盗,兵庫,七宮,281051,兵庫県,神戸市兵庫区,浜崎通,2023[sanitize]11[sanitize]24,13,その他,駐車（輪）場,30歳代,その他,施錠した
窃盗,自転車盗,兵庫,七宮,281051,兵庫県,神戸市兵庫区,本町１丁目,2023[sanitize]03[sanitize]14,23,道路上,その他,20歳代,その他,施錠せず
窃盗,自転車盗,兵庫,七宮,281051,兵庫県,神戸市兵庫区,本町１丁目,2023[sanitize]09[sanitize]01,23,４階建て以上共同住宅,その他,20歳代,その他,施錠せず
窃盗,自転車盗,兵庫,七宮,281051,兵庫県,神戸市兵庫区,本町２丁目,2023[sanitize]11[sanitize]12,12,その他,駐車（輪）場,10歳代,中学生,施錠せず
窃盗,自転車盗,兵庫,七宮,281051,兵庫県,神戸市兵庫区,三川口町１丁目,2023[sanitize]01[sanitize]25,20,道路上,その他,40歳代,その他,施錠した
窃盗,自転車盗,兵庫,七宮,281051,兵庫県,神戸市兵庫区,三川口町１丁目,2023[sanitize]03[sanitize]15,18,一戸建住宅,駐車（輪）場,10歳代,小学生,施錠せず
窃盗,自転車盗,兵庫,七宮,281051,兵庫県,神戸市兵庫区,三川口町１丁目,2023[sanitize]10[sanitize]27,22,４階建て以上共同住宅,その他,30歳代,その他,施錠した
窃盗,自転車盗,兵庫,七宮,281051,兵庫県,神戸市兵庫区,南仲町,2023[sanitize]10[sanitize]21,06,道路上,その他,30歳代,その他,施錠した
窃盗,自転車盗,兵庫,七宮,281051,兵庫県,神戸市兵庫区,門口町,2023[sanitize]03[sanitize]14,13,４階建て以上共同住宅,駐車（輪）場,20歳代,その他,施錠した
窃盗,自転車盗,兵庫,七宮,281051,兵庫県,神戸市兵庫区,門口町,2023[sanitize]07[sanitize]08,19,一戸建住宅,その他,50歳代,その他,施錠せず
窃盗,自転車盗,兵庫,中之島,281051,兵庫県,神戸市兵庫区,中之島１丁目,2023[sanitize]01[sanitize]07,15,駐車（輪）場,駐車（輪）場,30歳代,その他,施錠せず
窃盗,自転車盗,兵庫,中之島,281051,兵庫県,神戸市兵庫区,中之島１丁目,2023[sanitize]06[sanitize]02,18,その他,駐車（輪）場,30歳代,その他,施錠した
窃盗,自転車盗,兵庫,中之島,281051,兵庫県,神戸市兵庫区,中之島１丁目,2023[sanitize]08[sanitize]04,16,駐車（輪）場,駐車（輪）場,40歳代,その他,施錠した
窃盗,自転車盗,兵庫,中之島,281051,兵庫県,神戸市兵庫区,中之島２丁目,2023[sanitize]01[sanitize]09,15,その他,駐車（輪）場,20歳代,その他,施錠せず
窃盗,自転車盗,兵庫,中之島,281051,兵庫県,神戸市兵庫区,中之島２丁目,2023[sanitize]03[sanitize]25,09,その他,駐車（輪）場,20歳代,大学生,施錠せず
窃盗,自転車盗,兵庫,中之島,281051,兵庫県,神戸市兵庫区,中之島２丁目,2023[sanitize]04[sanitize]28,17,その他,駐車（輪）場,20歳代,その他,施錠せず
窃盗,自転車盗,兵庫,中之島,281051,兵庫県,神戸市兵庫区,中之島２丁目,2023[sanitize]06[sanitize]01,18,その他,駐車（輪）場,65[sanitize]69歳,その他,施錠せず
窃盗,自転車盗,兵庫,中之島,281051,兵庫県,神戸市兵庫区,中之島２丁目,2023[sanitize]06[sanitize]07,17,その他,駐車（輪）場,10歳代,中学生,施錠せず
窃盗,自転車盗,兵庫,中之島,281051,兵庫県,神戸市兵庫区,中之島２丁目,2023[sanitize]06[sanitize]22,14,その他,駐車（輪）場,10歳代,中学生,施錠せず
窃盗,自転車盗,兵庫,中之島,281051,兵庫県,神戸市兵庫区,中之島２丁目,2023[sanitize]06[sanitize]28,07,道路上,その他,10歳代,中学生,施錠せず
窃盗,自転車盗,兵庫,中之島,281051,兵庫県,神戸市兵庫区,中之島２丁目,2023[sanitize]07[sanitize]04,11,その他,駐車（輪）場,40歳代,その他,施錠せず
窃盗,自転車盗,兵庫,中之島,281051,兵庫県,神戸市兵庫区,中之島２丁目,2023[sanitize]09[sanitize]22,08,その他,駐車（輪）場,20歳代,その他,施錠せず
窃盗,自転車盗,兵庫,中之島,281051,兵庫県,神戸市兵庫区,中之島２丁目,2023[sanitize]09[sanitize]28,16,その他,駐車（輪）場,10歳代,中学生,施錠した
窃盗,自転車盗,兵庫,中之島,281051,兵庫県,神戸市兵庫区,中之島２丁目,2023[sanitize]10[sanitize]21,16,その他,駐車（輪）場,10歳代,小学生,施錠せず
窃盗,自転車盗,兵庫,中之島,281051,兵庫県,神戸市兵庫区,中之島２丁目,2023[sanitize]11[sanitize]08,14,その他,駐車（輪）場,20歳代,その他,施錠せず
窃盗,自転車盗,兵庫,中之島,281051,兵庫県,神戸市兵庫区,中之島２丁目,2023[sanitize]11[sanitize]29,16,その他,駐車（輪）場,20歳代,大学生,施錠せず
窃盗,自転車盗,兵庫,中之島,281051,兵庫県,神戸市兵庫区,中之島２丁目,2023[sanitize]12[sanitize]01,17,その他,駐車（輪）場,30歳代,その他,施錠せず
窃盗,自転車盗,兵庫,兵庫駅前,281051,兵庫県,神戸市兵庫区,駅前通１丁目,2022[sanitize]12[sanitize]28,17,その他,駐車（輪）場,10歳代,高校生,施錠した
窃盗,自転車盗,兵庫,兵庫駅前,281051,兵庫県,神戸市兵庫区,駅前通１丁目,2023[sanitize]01[sanitize]03,22,その他,駐車（輪）場,20歳代,その他,施錠せず
窃盗,自転車盗,兵庫,兵庫駅前,281051,兵庫県,神戸市兵庫区,駅前通１丁目,2023[sanitize]02[sanitize]04,17,道路上,その他,20歳代,その他,施錠した
窃盗,自転車盗,兵庫,兵庫駅前,281051,兵庫県,神戸市兵庫区,駅前通１丁目,2023[sanitize]03[sanitize]06,06,その他,駐車（輪）場,40歳代,その他,施錠した
窃盗,自転車盗,兵庫,兵庫駅前,281051,兵庫県,神戸市兵庫区,駅前通１丁目,2023[sanitize]04[sanitize]29,08,駐車（輪）場,駐車（輪）場,10歳代,高校生,施錠した
窃盗,自転車盗,兵庫,兵庫駅前,281051,兵庫県,神戸市兵庫区,駅前通１丁目,2023[sanitize]06[sanitize]01,07,その他,駐車（輪）場,20歳代,その他,施錠した
窃盗,自転車盗,兵庫,兵庫駅前,281051,兵庫県,神戸市兵庫区,駅前通１丁目,2023[sanitize]07[sanitize]16,17,駐車（輪）場,駐車（輪）場,20歳代,その他,施錠せず
窃盗,自転車盗,兵庫,兵庫駅前,281051,兵庫県,神戸市兵庫区,駅前通１丁目,2023[sanitize]07[sanitize]21,07,その他,駐車（輪）場,40歳代,その他,施錠せず
窃盗,自転車盗,兵庫,兵庫駅前,281051,兵庫県,神戸市兵庫区,駅前通１丁目,2023[sanitize]07[sanitize]21,17,４階建て以上共同住宅,駐車（輪）場,40歳代,その他,施錠した
窃盗,自転車盗,兵庫,兵庫駅前,281051,兵庫県,神戸市兵庫区,駅前通１丁目,2023[sanitize]07[sanitize]25,16,その他,駐車（輪）場,50歳代,その他,施錠せず
窃盗,自転車盗,兵庫,兵庫駅前,281051,兵庫県,神戸市兵庫区,駅前通１丁目,2023[sanitize]07[sanitize]25,20,駐車（輪）場,駐車（輪）場,30歳代,その他,施錠した
窃盗,自転車盗,兵庫,兵庫駅前,281051,兵庫県,神戸市兵庫区,駅前通１丁目,2023[sanitize]07[sanitize]28,19,駐車（輪）場,駐車（輪）場,20歳代,その他,施錠した
窃盗,自転車盗,兵庫,兵庫駅前,281051,兵庫県,神戸市兵庫区,駅前通１丁目,2023[sanitize]07[sanitize]30,00,その他,駐車（輪）場,30歳代,その他,施錠せず
窃盗,自転車盗,兵庫,兵庫駅前,281051,兵庫県,神戸市兵庫区,駅前通１丁目,2023[sanitize]08[sanitize]01,06,駐車（輪）場,駐車（輪）場,20歳代,その他,施錠した
窃盗,自転車盗,兵庫,兵庫駅前,281051,兵庫県,神戸市兵庫区,駅前通１丁目,2023[sanitize]08[sanitize]09,07,道路上,その他,20歳代,その他,施錠せず
窃盗,自転車盗,兵庫,兵庫駅前,281051,兵庫県,神戸市兵庫区,駅前通１丁目,2023[sanitize]08[sanitize]10,07,駐車（輪）場,駐車（輪）場,20歳代,その他,施錠せず
窃盗,自転車盗,兵庫,兵庫駅前,281051,兵庫県,神戸市兵庫区,駅前通１丁目,2023[sanitize]09[sanitize]12,17,道路上,その他,10歳代,中学生,施錠した
窃盗,自転車盗,兵庫,兵庫駅前,281051,兵庫県,神戸市兵庫区,駅前通１丁目,2023[sanitize]09[sanitize]17,10,その他,駐車（輪）場,65[sanitize]69歳,その他,施錠せず
窃盗,自転車盗,兵庫,兵庫駅前,281051,兵庫県,神戸市兵庫区,駅前通１丁目,2023[sanitize]10[sanitize]31,19,その他,駐車（輪）場,20歳代,その他,施錠せず
窃盗,自転車盗,兵庫,兵庫駅前,281051,兵庫県,神戸市兵庫区,駅前通１丁目,2023[sanitize]11[sanitize]01,03,その他,駐車（輪）場,10歳代,中学生,施錠せず
窃盗,自転車盗,兵庫,兵庫駅前,281051,兵庫県,神戸市兵庫区,駅前通３丁目,2023[sanitize]04[sanitize]12,17,４階建て以上共同住宅,駐車（輪）場,50歳代,その他,施錠せず
窃盗,自転車盗,兵庫,兵庫駅前,281051,兵庫県,神戸市兵庫区,駅前通３丁目,2023[sanitize]04[sanitize]29,17,４階建て以上共同住宅,駐車（輪）場,30歳代,その他,施錠した
窃盗,自転車盗,兵庫,兵庫駅前,281051,兵庫県,神戸市兵庫区,駅前通４丁目,2023[sanitize]08[sanitize]23,18,４階建て以上共同住宅,駐車（輪）場,20歳代,その他,施錠した
窃盗,自転車盗,兵庫,兵庫駅前,281051,兵庫県,神戸市兵庫区,駅前通４丁目,2023[sanitize]09[sanitize]05,17,その他の住宅（３階建て以下共同住宅等）,駐車（輪）場,20歳代,その他,施錠した
窃盗,自転車盗,兵庫,兵庫駅前,281051,兵庫県,神戸市兵庫区,駅前通５丁目,2023[sanitize]02[sanitize]09,08,その他,駐車（輪）場,30歳代,その他,施錠せず
窃盗,自転車盗,兵庫,兵庫駅前,281051,兵庫県,神戸市兵庫区,駅前通５丁目,2023[sanitize]03[sanitize]14,09,４階建て以上共同住宅,駐車（輪）場,10歳代,その他,施錠した
窃盗,自転車盗,兵庫,兵庫駅前,281051,兵庫県,神戸市兵庫区,駅前通５丁目,2023[sanitize]08[sanitize]27,05,駐車（輪）場,駐車（輪）場,10歳代,その他,施錠した
窃盗,自転車盗,兵庫,兵庫駅前,281051,兵庫県,神戸市兵庫区,駅南通５丁目,2023[sanitize]05[sanitize]10,20,その他,駐車（輪）場,20歳代,その他,施錠せず
窃盗,自転車盗,兵庫,兵庫駅前,281051,兵庫県,神戸市兵庫区,駅南通５丁目,2023[sanitize]09[sanitize]07,17,道路上,その他,20歳代,その他,施錠せず
窃盗,自転車盗,兵庫,兵庫駅前,281051,兵庫県,神戸市兵庫区,駅南通５丁目,2023[sanitize]10[sanitize]04,08,その他,駐車（輪）場,20歳代,その他,施錠した
窃盗,自転車盗,兵庫,兵庫駅前,281051,兵庫県,神戸市兵庫区,駅南通５丁目,2023[sanitize]11[sanitize]14,06,その他,駐車（輪）場,30歳代,その他,施錠した
窃盗,自転車盗,兵庫,兵庫駅前,281051,兵庫県,神戸市兵庫区,駅南通５丁目,2023[sanitize]12[sanitize]14,07,その他,駐車（輪）場,50歳代,その他,施錠した
窃盗,自転車盗,兵庫,兵庫駅前,281051,兵庫県,神戸市兵庫区,大開通８丁目,2023[sanitize]09[sanitize]15,18,４階建て以上共同住宅,駐車（輪）場,50歳代,その他,施錠した
窃盗,自転車盗,兵庫,兵庫駅前,281051,兵庫県,神戸市兵庫区,大開通１０丁目,2023[sanitize]07[sanitize]15,19,４階建て以上共同住宅,駐車（輪）場,50歳代,その他,施錠せず
窃盗,自転車盗,兵庫,兵庫駅前,281051,兵庫県,神戸市兵庫区,塚本通１丁目,2023[sanitize]09[sanitize]23,09,４階建て以上共同住宅,駐車（輪）場,20歳代,その他,施錠した
窃盗,自転車盗,兵庫,兵庫駅前,281051,兵庫県,神戸市兵庫区,塚本通７丁目,2023[sanitize]03[sanitize]25,16,４階建て以上共同住宅,その他,20歳代,その他,施錠せず
窃盗,自転車盗,兵庫,兵庫駅前,281051,兵庫県,神戸市兵庫区,羽坂通４丁目,2023[sanitize]01[sanitize]19,13,４階建て以上共同住宅,駐車（輪）場,40歳代,その他,施錠せず
窃盗,自転車盗,兵庫,兵庫駅前,281051,兵庫県,神戸市兵庫区,羽坂通４丁目,2023[sanitize]06[sanitize]11,18,その他,駐車（輪）場,20歳代,その他,施錠せず
窃盗,自転車盗,兵庫,兵庫駅前,281051,兵庫県,神戸市兵庫区,羽坂通４丁目,2023[sanitize]09[sanitize]04,19,４階建て以上共同住宅,駐車（輪）場,30歳代,その他,施錠せず
窃盗,自転車盗,兵庫,兵庫駅前,281051,兵庫県,神戸市兵庫区,和田宮通４丁目,2023[sanitize]02[sanitize]01,09,その他,駐車（輪）場,40歳代,その他,施錠せず
窃盗,自転車盗,兵庫,大開,281051,兵庫県,神戸市兵庫区,大開通３丁目,2023[sanitize]08[sanitize]30,16,道路上,その他,20歳代,その他,施錠せず
窃盗,自転車盗,兵庫,大開,281051,兵庫県,神戸市兵庫区,大開通３丁目,2023[sanitize]10[sanitize]19,17,道路上,その他,30歳代,その他,施錠した
窃盗,自転車盗,兵庫,大開,281051,兵庫県,神戸市兵庫区,大開通５丁目,2023[sanitize]02[sanitize]17,06,道路上,その他,10歳代,中学生,施錠せず
窃盗,自転車盗,兵庫,大開,281051,兵庫県,神戸市兵庫区,大開通５丁目,2023[sanitize]04[sanitize]08,21,４階建て以上共同住宅,駐車（輪）場,50歳代,その他,施錠した
窃盗,自転車盗,兵庫,大開,281051,兵庫県,神戸市兵庫区,大開通５丁目,2023[sanitize]06[sanitize]24,21,道路上,その他,20歳代,大学生,施錠せず
窃盗,自転車盗,兵庫,大開,281051,兵庫県,神戸市兵庫区,大開通６丁目,2023[sanitize]10[sanitize]27,01,道路上,その他,50歳代,その他,施錠した
窃盗,自転車盗,兵庫,大開,281051,兵庫県,神戸市兵庫区,大開通７丁目,2023[sanitize]05[sanitize]09,12,道路上,その他,10歳代,その他,施錠した
窃盗,自転車盗,兵庫,大開,281051,兵庫県,神戸市兵庫区,大開通７丁目,2023[sanitize]09[sanitize]13,07,駐車（輪）場,駐車（輪）場,10歳代,高校生,施錠せず
窃盗,自転車盗,兵庫,大開,281051,兵庫県,神戸市兵庫区,塚本通５丁目,2022[sanitize]10[sanitize]10,09,道路上,その他,20歳代,その他,施錠せず
窃盗,自転車盗,兵庫,大開,281051,兵庫県,神戸市兵庫区,塚本通５丁目,2023[sanitize]01[sanitize]14,17,道路上,その他,40歳代,その他,施錠せず
窃盗,自転車盗,兵庫,大開,281051,兵庫県,神戸市兵庫区,塚本通５丁目,2023[sanitize]06[sanitize]20,19,道路上,その他,10歳代,高校生,施錠した
窃盗,自転車盗,兵庫,大開,281051,兵庫県,神戸市兵庫区,塚本通５丁目,2023[sanitize]08[sanitize]18,16,４階建て以上共同住宅,その他,20歳代,その他,施錠せず
窃盗,自転車盗,兵庫,大開,281051,兵庫県,神戸市兵庫区,塚本通５丁目,2023[sanitize]09[sanitize]29,17,道路上,その他,50歳代,その他,施錠した
窃盗,自転車盗,兵庫,大開,281051,兵庫県,神戸市兵庫区,塚本通５丁目,2023[sanitize]10[sanitize]21,02,４階建て以上共同住宅,その他,50歳代,その他,施錠した
窃盗,自転車盗,兵庫,大開,281051,兵庫県,神戸市兵庫区,塚本通６丁目,2023[sanitize]06[sanitize]19,08,道路上,その他,50歳代,その他,施錠した
窃盗,自転車盗,兵庫,大開,281051,兵庫県,神戸市兵庫区,羽坂通１丁目,2023[sanitize]05[sanitize]21,14,道路上,その他,20歳代,その他,施錠せず
窃盗,自転車盗,兵庫,大開,281051,兵庫県,神戸市兵庫区,羽坂通３丁目,2023[sanitize]05[sanitize]29,19,道路上,その他,30歳代,その他,施錠せず
窃盗,自転車盗,兵庫,大開,281051,兵庫県,神戸市兵庫区,羽坂通３丁目,2023[sanitize]08[sanitize]27,07,道路上,その他,30歳代,その他,施錠した
窃盗,自転車盗,兵庫,大開,281051,兵庫県,神戸市兵庫区,羽坂通３丁目,2023[sanitize]10[sanitize]28,10,道路上,その他,10歳代,高校生,施錠した
窃盗,自転車盗,兵庫,大開,281051,兵庫県,神戸市兵庫区,三川口町３丁目,2023[sanitize]04[sanitize]18,18,道路上,その他,20歳代,その他,施錠した
窃盗,自転車盗,兵庫,大開,281051,兵庫県,神戸市兵庫区,三川口町３丁目,2023[sanitize]06[sanitize]01,21,４階建て以上共同住宅,駐車（輪）場,20歳代,その他,施錠した
窃盗,自転車盗,兵庫,大開,281051,兵庫県,神戸市兵庫区,三川口町３丁目,2023[sanitize]07[sanitize]20,12,道路上,その他,20歳代,その他,施錠せず
窃盗,自転車盗,兵庫,大開,281051,兵庫県,神戸市兵庫区,三川口町３丁目,2023[sanitize]07[sanitize]21,21,道路上,その他,20歳代,その他,施錠した
窃盗,自転車盗,兵庫,大開,281051,兵庫県,神戸市兵庫区,三川口町３丁目,2023[sanitize]08[sanitize]12,19,４階建て以上共同住宅,駐車（輪）場,20歳代,その他,施錠した
窃盗,自転車盗,兵庫,大開,281051,兵庫県,神戸市兵庫区,三川口町３丁目,2023[sanitize]09[sanitize]09,20,その他,駐車（輪）場,20歳代,その他,施錠した
窃盗,自転車盗,兵庫,大開,281051,兵庫県,神戸市兵庫区,三川口町３丁目,2023[sanitize]10[sanitize]24,09,道路上,その他,20歳代,その他,施錠した
窃盗,自転車盗,兵庫,平野,281051,兵庫県,神戸市兵庫区,上三条町,2023[sanitize]01[sanitize]14,19,一戸建住宅,駐車（輪）場,10歳代,中学生,施錠した
窃盗,自転車盗,兵庫,平野,281051,兵庫県,神戸市兵庫区,上三条町,2023[sanitize]10[sanitize]01,07,その他の住宅（３階建て以下共同住宅等）,駐車（輪）場,40歳代,その他,施錠せず
窃盗,自転車盗,兵庫,平野,281051,兵庫県,神戸市兵庫区,菊水町１丁目,2023[sanitize]04[sanitize]28,20,一戸建住宅,その他,20歳代,その他,施錠せず
窃盗,自転車盗,兵庫,平野,281051,兵庫県,神戸市兵庫区,菊水町３丁目,2023[sanitize]01[sanitize]17,15,４階建て以上共同住宅,駐車（輪）場,65[sanitize]69歳,その他,施錠せず
窃盗,自転車盗,兵庫,平野,281051,兵庫県,神戸市兵庫区,下祇園町,2023[sanitize]07[sanitize]25,22,その他の住宅（３階建て以下共同住宅等）,駐車（輪）場,20歳代,その他,施錠した
窃盗,自転車盗,兵庫,平野,281051,兵庫県,神戸市兵庫区,下祇園町,2023[sanitize]08[sanitize]08,21,道路上,その他,40歳代,その他,施錠せず
窃盗,自転車盗,兵庫,平野,281051,兵庫県,神戸市兵庫区,下祇園町,2023[sanitize]12[sanitize]27,16,４階建て以上共同住宅,その他,30歳代,その他,施錠せず
窃盗,自転車盗,兵庫,平野,281051,兵庫県,神戸市兵庫区,千鳥町１丁目,2023[sanitize]01[sanitize]11,17,道路上,その他,70歳以上,その他,施錠した
窃盗,自転車盗,兵庫,平野,281051,兵庫県,神戸市兵庫区,湊川町１丁目,2023[sanitize]11[sanitize]03,19,一戸建住宅,駐車（輪）場,10歳代,中学生,施錠せず
窃盗,自転車盗,兵庫,平野,281051,兵庫県,神戸市兵庫区,湊川町２丁目,2023[sanitize]01[sanitize]17,23,その他の住宅（３階建て以下共同住宅等）,駐車（輪）場,20歳代,大学生,施錠せず
窃盗,自転車盗,兵庫,平野,281051,兵庫県,神戸市兵庫区,矢部町,2023[sanitize]11[sanitize]10,09,４階建て以上共同住宅,駐車（輪）場,60[sanitize]64歳,その他,施錠した
窃盗,自転車盗,兵庫,御崎公園,281051,兵庫県,神戸市兵庫区,笠松通６丁目,2023[sanitize]11[sanitize]02,15,道路上,その他,20歳代,その他,施錠せず
窃盗,自転車盗,兵庫,御崎公園,281051,兵庫県,神戸市兵庫区,笠松通７丁目,2023[sanitize]05[sanitize]27,14,道路上,その他,30歳代,その他,施錠せず
窃盗,自転車盗,兵庫,御崎公園,281051,兵庫県,神戸市兵庫区,浜中町１丁目,2023[sanitize]01[sanitize]11,18,道路上,その他,10歳代,中学生,施錠せず
窃盗,自転車盗,兵庫,御崎公園,281051,兵庫県,神戸市兵庫区,浜山通１丁目,2023[sanitize]10[sanitize]04,18,４階建て以上共同住宅,駐車（輪）場,40歳代,その他,施錠した
窃盗,自転車盗,兵庫,御崎公園,281051,兵庫県,神戸市兵庫区,御崎町１丁目,2023[sanitize]02[sanitize]18,07,その他,その他,20歳代,その他,施錠せず
窃盗,自転車盗,兵庫,御崎公園,281051,兵庫県,神戸市兵庫区,御崎町１丁目,2023[sanitize]05[sanitize]22,20,駐車（輪）場,駐車（輪）場,30歳代,その他,施錠せず
窃盗,自転車盗,兵庫,御崎公園,281051,兵庫県,神戸市兵庫区,御崎町１丁目,2023[sanitize]10[sanitize]27,19,その他,駐車（輪）場,20歳代,その他,施錠せず
窃盗,自転車盗,兵庫,御崎公園,281051,兵庫県,神戸市兵庫区,御崎町２丁目,2023[sanitize]07[sanitize]10,22,一戸建住宅,駐車（輪）場,10歳代,高校生,施錠した
窃盗,自転車盗,兵庫,御崎公園,281051,兵庫県,神戸市兵庫区,御崎本町２丁目,2023[sanitize]06[sanitize]05,08,その他,駐車（輪）場,20歳代,その他,施錠せず
窃盗,自転車盗,兵庫,御崎公園,281051,兵庫県,神戸市兵庫区,御崎本町２丁目,2023[sanitize]12[sanitize]05,00,駐車（輪）場,駐車（輪）場,30歳代,その他,施錠せず
窃盗,自転車盗,兵庫,御崎公園,281051,兵庫県,神戸市兵庫区,吉田町２丁目,2023[sanitize]01[sanitize]27,12,４階建て以上共同住宅,その他,10歳代,高校生,施錠せず
窃盗,自転車盗,兵庫,御崎公園,281051,兵庫県,神戸市兵庫区,吉田町２丁目,2023[sanitize]05[sanitize]05,15,４階建て以上共同住宅,駐車（輪）場,40歳代,その他,施錠した
窃盗,自転車盗,兵庫,御崎公園,281051,兵庫県,神戸市兵庫区,和田宮通２丁目,2023[sanitize]08[sanitize]18,09,その他,駐車（輪）場,10歳代,高校生,施錠せず
窃盗,自転車盗,兵庫,御崎公園,281051,兵庫県,神戸市兵庫区,和田宮通４丁目,2023[sanitize]09[sanitize]04,08,道路上,その他,10歳代,高校生,施錠した
窃盗,自転車盗,兵庫,新開地,281051,兵庫県,神戸市兵庫区,永沢町２丁目,2023[sanitize]09[sanitize]01,17,道路上,その他,65[sanitize]69歳,その他,施錠した
窃盗,自転車盗,兵庫,新開地,281051,兵庫県,神戸市兵庫区,永沢町３丁目,2023[sanitize]04[sanitize]03,20,４階建て以上共同住宅,駐車（輪）場,40歳代,その他,施錠した
窃盗,自転車盗,兵庫,新開地,281051,兵庫県,神戸市兵庫区,永沢町３丁目,2023[sanitize]07[sanitize]06,20,４階建て以上共同住宅,駐車（輪）場,30歳代,その他,施錠せず
窃盗,自転車盗,兵庫,新開地,281051,兵庫県,神戸市兵庫区,永沢町３丁目,2023[sanitize]09[sanitize]15,19,４階建て以上共同住宅,駐車（輪）場,20歳代,その他,施錠した
窃盗,自転車盗,兵庫,新開地,281051,兵庫県,神戸市兵庫区,永沢町４丁目,2023[sanitize]06[sanitize]16,08,その他の住宅（３階建て以下共同住宅等）,その他,65[sanitize]69歳,その他,施錠せず
窃盗,自転車盗,兵庫,新開地,281051,兵庫県,神戸市兵庫区,永沢町４丁目,2023[sanitize]08[sanitize]25,14,道路上,その他,50歳代,その他,施錠せず
窃盗,自転車盗,兵庫,新開地,281051,兵庫県,神戸市兵庫区,永沢町４丁目,2023[sanitize]08[sanitize]27,00,道路上,その他,20歳代,その他,施錠した
窃盗,自転車盗,兵庫,新開地,281051,兵庫県,神戸市兵庫区,永沢町４丁目,2023[sanitize]09[sanitize]22,18,道路上,その他,10歳代,その他,施錠せず
窃盗,自転車盗,兵庫,新開地,281051,兵庫県,神戸市兵庫区,永沢町４丁目,2023[sanitize]12[sanitize]28,09,道路上,その他,20歳代,その他,施錠した
窃盗,自転車盗,兵庫,新開地,281051,兵庫県,神戸市兵庫区,佐比江町,2023[sanitize]05[sanitize]27,23,駐車（輪）場,駐車（輪）場,20歳代,その他,施錠せず
窃盗,自転車盗,兵庫,新開地,281051,兵庫県,神戸市兵庫区,佐比江町,2023[sanitize]06[sanitize]15,00,道路上,その他,10歳代,高校生,施錠せず
窃盗,自転車盗,兵庫,新開地,281051,兵庫県,神戸市兵庫区,佐比江町,2023[sanitize]07[sanitize]15,09,道路上,その他,20歳代,その他,施錠した
窃盗,自転車盗,兵庫,新開地,281051,兵庫県,神戸市兵庫区,佐比江町,2023[sanitize]08[sanitize]11,07,道路上,その他,20歳代,その他,施錠した
窃盗,自転車盗,兵庫,新開地,281051,兵庫県,神戸市兵庫区,佐比江町,2023[sanitize]10[sanitize]23,13,４階建て以上共同住宅,駐車（輪）場,20歳代,その他,施錠した
窃盗,自転車盗,兵庫,新開地,281051,兵庫県,神戸市兵庫区,新開地３丁目,2023[sanitize]01[sanitize]23,18,道路上,その他,20歳代,その他,施錠した
窃盗,自転車盗,兵庫,新開地,281051,兵庫県,神戸市兵庫区,新開地３丁目,2023[sanitize]05[sanitize]06,00,道路上,その他,65[sanitize]69歳,その他,施錠せず
窃盗,自転車盗,兵庫,新開地,281051,兵庫県,神戸市兵庫区,新開地３丁目,2023[sanitize]06[sanitize]05,01,道路上,その他,40歳代,その他,施錠せず
窃盗,自転車盗,兵庫,新開地,281051,兵庫県,神戸市兵庫区,新開地３丁目,2023[sanitize]07[sanitize]09,18,道路上,その他,40歳代,その他,施錠した
窃盗,自転車盗,兵庫,新開地,281051,兵庫県,神戸市兵庫区,新開地３丁目,2023[sanitize]08[sanitize]26,21,道路上,その他,40歳代,その他,施錠せず
窃盗,自転車盗,兵庫,新開地,281051,兵庫県,神戸市兵庫区,新開地３丁目,2023[sanitize]09[sanitize]19,06,道路上,その他,30歳代,その他,施錠した
窃盗,自転車盗,兵庫,新開地,281051,兵庫県,神戸市兵庫区,新開地３丁目,2023[sanitize]10[sanitize]31,16,道路上,その他,20歳代,その他,施錠せず
窃盗,自転車盗,兵庫,新開地,281051,兵庫県,神戸市兵庫区,新開地４丁目,2022[sanitize]09[sanitize]15,23,道路上,その他,50歳代,その他,施錠せず
窃盗,自転車盗,兵庫,新開地,281051,兵庫県,神戸市兵庫区,新開地４丁目,2023[sanitize]06[sanitize]29,09,４階建て以上共同住宅,駐車（輪）場,20歳代,その他,施錠した
窃盗,自転車盗,兵庫,新開地,281051,兵庫県,神戸市兵庫区,新開地４丁目,2023[sanitize]07[sanitize]01,00,駐車（輪）場,駐車（輪）場,65[sanitize]69歳,その他,施錠した
窃盗,自転車盗,兵庫,新開地,281051,兵庫県,神戸市兵庫区,新開地４丁目,2023[sanitize]08[sanitize]05,10,道路上,その他,20歳代,その他,施錠せず
窃盗,自転車盗,兵庫,新開地,281051,兵庫県,神戸市兵庫区,新開地５丁目,2023[sanitize]02[sanitize]19,23,４階建て以上共同住宅,駐車（輪）場,20歳代,その他,施錠せず
窃盗,自転車盗,兵庫,新開地,281051,兵庫県,神戸市兵庫区,新開地５丁目,2023[sanitize]06[sanitize]15,21,道路上,その他,65[sanitize]69歳,その他,施錠せず
窃盗,自転車盗,兵庫,新開地,281051,兵庫県,神戸市兵庫区,新開地５丁目,2023[sanitize]07[sanitize]20,21,道路上,その他,10歳代,高校生,施錠せず
窃盗,自転車盗,兵庫,新開地,281051,兵庫県,神戸市兵庫区,新開地５丁目,2023[sanitize]08[sanitize]25,19,道路上,その他,60[sanitize]64歳,その他,施錠した
窃盗,自転車盗,兵庫,新開地,281051,兵庫県,神戸市兵庫区,新開地５丁目,2023[sanitize]12[sanitize]01,17,道路上,その他,30歳代,その他,施錠せず
窃盗,自転車盗,兵庫,新開地,281051,兵庫県,神戸市兵庫区,新開地５丁目,2023[sanitize]12[sanitize]11,05,道路上,その他,50歳代,その他,施錠せず
窃盗,自転車盗,兵庫,新開地,281051,兵庫県,神戸市兵庫区,新開地６丁目,2023[sanitize]12[sanitize]23,14,４階建て以上共同住宅,駐車（輪）場,10歳代,その他,施錠せず
窃盗,自転車盗,兵庫,新開地,281051,兵庫県,神戸市兵庫区,大開通１丁目,2023[sanitize]04[sanitize]06,10,道路上,その他,70歳以上,その他,施錠した
窃盗,自転車盗,兵庫,新開地,281051,兵庫県,神戸市兵庫区,大開通１丁目,2023[sanitize]05[sanitize]08,14,道路上,その他,20歳代,その他,施錠せず
窃盗,自転車盗,兵庫,新開地,281051,兵庫県,神戸市兵庫区,大開通１丁目,2023[sanitize]06[sanitize]02,15,道路上,その他,20歳代,その他,施錠せず
窃盗,自転車盗,兵庫,新開地,281051,兵庫県,神戸市兵庫区,大開通１丁目,2023[sanitize]06[sanitize]28,21,道路上,その他,20歳代,その他,施錠した
窃盗,自転車盗,兵庫,新開地,281051,兵庫県,神戸市兵庫区,大開通１丁目,2023[sanitize]06[sanitize]30,10,道路上,その他,30歳代,その他,施錠せず
窃盗,自転車盗,兵庫,新開地,281051,兵庫県,神戸市兵庫区,大開通１丁目,2023[sanitize]07[sanitize]31,08,道路上,その他,10歳代,高校生,施錠した
窃盗,自転車盗,兵庫,新開地,281051,兵庫県,神戸市兵庫区,大開通１丁目,2023[sanitize]08[sanitize]17,07,道路上,その他,10歳代,中学生,施錠した
窃盗,自転車盗,兵庫,新開地,281051,兵庫県,神戸市兵庫区,大開通１丁目,2023[sanitize]08[sanitize]25,11,駐車（輪）場,駐車（輪）場,20歳代,その他,施錠せず
窃盗,自転車盗,兵庫,新開地,281051,兵庫県,神戸市兵庫区,大開通１丁目,2023[sanitize]09[sanitize]03,11,その他,その他,20歳代,その他,施錠せず
窃盗,自転車盗,兵庫,新開地,281051,兵庫県,神戸市兵庫区,大開通１丁目,2023[sanitize]09[sanitize]08,08,駐車（輪）場,駐車（輪）場,20歳代,その他,施錠した
窃盗,自転車盗,兵庫,新開地,281051,兵庫県,神戸市兵庫区,大開通１丁目,2023[sanitize]09[sanitize]10,11,その他,その他,20歳代,その他,施錠せず
窃盗,自転車盗,兵庫,新開地,281051,兵庫県,神戸市兵庫区,大開通１丁目,2023[sanitize]11[sanitize]08,08,道路上,その他,60[sanitize]64歳,その他,施錠した
窃盗,自転車盗,兵庫,新開地,281051,兵庫県,神戸市兵庫区,大開通２丁目,2023[sanitize]01[sanitize]10,08,道路上,その他,10歳代,中学生,施錠した
窃盗,自転車盗,兵庫,新開地,281051,兵庫県,神戸市兵庫区,大開通２丁目,2023[sanitize]08[sanitize]03,15,４階建て以上共同住宅,駐車（輪）場,10歳代,小学生,施錠せず
窃盗,自転車盗,兵庫,新開地,281051,兵庫県,神戸市兵庫区,大開通２丁目,2023[sanitize]08[sanitize]24,20,道路上,その他,20歳代,その他,施錠せず
窃盗,自転車盗,兵庫,新開地,281051,兵庫県,神戸市兵庫区,大開通２丁目,2023[sanitize]08[sanitize]26,17,４階建て以上共同住宅,その他,60[sanitize]64歳,その他,施錠せず
窃盗,自転車盗,兵庫,新開地,281051,兵庫県,神戸市兵庫区,大開通２丁目,2023[sanitize]11[sanitize]05,13,４階建て以上共同住宅,駐車（輪）場,50歳代,その他,施錠せず
窃盗,自転車盗,兵庫,新開地,281051,兵庫県,神戸市兵庫区,塚本通１丁目,2023[sanitize]07[sanitize]04,00,道路上,その他,10歳代,中学生,施錠せず
窃盗,自転車盗,兵庫,新開地,281051,兵庫県,神戸市兵庫区,塚本通１丁目,2023[sanitize]09[sanitize]03,22,道路上,その他,10歳代,その他,施錠した
窃盗,自転車盗,兵庫,新開地,281051,兵庫県,神戸市兵庫区,塚本通１丁目,2023[sanitize]10[sanitize]06,16,道路上,その他,20歳代,その他,施錠した
窃盗,自転車盗,兵庫,新開地,281051,兵庫県,神戸市兵庫区,塚本通１丁目,2023[sanitize]10[sanitize]09,18,４階建て以上共同住宅,駐車（輪）場,20歳代,その他,施錠せず
窃盗,自転車盗,兵庫,新開地,281051,兵庫県,神戸市兵庫区,中之島２丁目,2023[sanitize]02[sanitize]23,16,その他,駐車（輪）場,10歳代,中学生,施錠せず
窃盗,自転車盗,兵庫,新開地,281051,兵庫県,神戸市兵庫区,西出町,2023[sanitize]06[sanitize]20,02,道路上,その他,40歳代,その他,施錠せず
窃盗,自転車盗,兵庫,新開地,281051,兵庫県,神戸市兵庫区,西出町１丁目,2022[sanitize]12[sanitize]20,12,４階建て以上共同住宅,駐車（輪）場,10歳代,高校生,施錠せず
窃盗,自転車盗,兵庫,新開地,281051,兵庫県,神戸市兵庫区,西出町１丁目,2023[sanitize]03[sanitize]11,19,４階建て以上共同住宅,駐車（輪）場,70歳以上,その他,施錠せず
窃盗,自転車盗,兵庫,新開地,281051,兵庫県,神戸市兵庫区,東出町３丁目,2023[sanitize]10[sanitize]25,15,道路上,その他,40歳代,その他,施錠せず
窃盗,自転車盗,兵庫,新開地,281051,兵庫県,神戸市兵庫区,湊町１丁目,2023[sanitize]03[sanitize]20,22,道路上,その他,20歳代,その他,施錠した
窃盗,自転車盗,兵庫,新開地,281051,兵庫県,神戸市兵庫区,湊町１丁目,2023[sanitize]08[sanitize]27,17,４階建て以上共同住宅,駐車（輪）場,70歳以上,その他,施錠せず
窃盗,自転車盗,兵庫,新開地,281051,兵庫県,神戸市兵庫区,湊町１丁目,2023[sanitize]09[sanitize]16,21,４階建て以上共同住宅,駐車（輪）場,65[sanitize]69歳,その他,施錠せず
窃盗,自転車盗,兵庫,新開地,281051,兵庫県,神戸市兵庫区,湊町２丁目,2023[sanitize]08[sanitize]05,12,道路上,その他,20歳代,その他,施錠せず
窃盗,自転車盗,兵庫,新開地,281051,兵庫県,神戸市兵庫区,湊町２丁目,2023[sanitize]08[sanitize]11,00,道路上,その他,20歳代,その他,施錠せず
窃盗,自転車盗,兵庫,新開地,281051,兵庫県,神戸市兵庫区,湊町２丁目,2023[sanitize]11[sanitize]01,13,道路上,その他,20歳代,その他,施錠せず
窃盗,自転車盗,兵庫,新開地,281051,兵庫県,神戸市兵庫区,湊町３丁目,2023[sanitize]02[sanitize]28,13,道路上,その他,50歳代,その他,施錠せず
窃盗,自転車盗,兵庫,新開地,281051,兵庫県,神戸市兵庫区,湊町３丁目,2023[sanitize]05[sanitize]17,15,４階建て以上共同住宅,駐車（輪）場,40歳代,その他,施錠せず
窃盗,自転車盗,兵庫,新開地,281051,兵庫県,神戸市兵庫区,湊町３丁目,2023[sanitize]07[sanitize]15,18,道路上,その他,10歳代,小学生,施錠した
窃盗,自転車盗,兵庫,新開地,281051,兵庫県,神戸市兵庫区,湊町３丁目,2023[sanitize]08[sanitize]19,19,４階建て以上共同住宅,駐車（輪）場,40歳代,その他,施錠した
窃盗,自転車盗,兵庫,新開地,281051,兵庫県,神戸市兵庫区,湊町３丁目,2023[sanitize]09[sanitize]20,10,駐車（輪）場,駐車（輪）場,20歳代,その他,施錠せず
窃盗,自転車盗,兵庫,新開地,281051,兵庫県,神戸市兵庫区,湊町３丁目,2023[sanitize]11[sanitize]13,00,駐車（輪）場,駐車（輪）場,20歳代,その他,施錠せず
窃盗,自転車盗,兵庫,新開地,281051,兵庫県,神戸市兵庫区,湊町３丁目,2023[sanitize]11[sanitize]22,07,道路上,その他,20歳代,その他,施錠した
窃盗,自転車盗,兵庫,新開地,281051,兵庫県,神戸市兵庫区,湊町３丁目,2023[sanitize]11[sanitize]25,19,道路上,その他,20歳代,その他,施錠した
窃盗,自転車盗,兵庫,新開地,281051,兵庫県,神戸市兵庫区,湊町３丁目,2023[sanitize]12[sanitize]01,10,４階建て以上共同住宅,駐車（輪）場,30歳代,その他,施錠せず
窃盗,自転車盗,兵庫,新開地,281051,兵庫県,神戸市兵庫区,湊町３丁目,2023[sanitize]12[sanitize]01,16,その他,駐車（輪）場,20歳代,その他,施錠した
窃盗,自転車盗,兵庫,新開地,281051,兵庫県,神戸市兵庫区,湊町３丁目,2023[sanitize]12[sanitize]17,12,道路上,その他,70歳以上,その他,施錠した
窃盗,自転車盗,兵庫,新開地,281051,兵庫県,神戸市兵庫区,湊町４丁目,2022[sanitize]12[sanitize]30,23,その他,駐車（輪）場,20歳代,その他,施錠した
窃盗,自転車盗,兵庫,新開地,281051,兵庫県,神戸市兵庫区,湊町４丁目,2023[sanitize]01[sanitize]02,05,道路上,その他,20歳代,その他,施錠した
窃盗,自転車盗,兵庫,新開地,281051,兵庫県,神戸市兵庫区,湊町４丁目,2023[sanitize]03[sanitize]21,15,その他,駐車（輪）場,20歳代,その他,施錠した
窃盗,自転車盗,兵庫,新開地,281051,兵庫県,神戸市兵庫区,湊町４丁目,2023[sanitize]07[sanitize]17,20,その他,駐車（輪）場,20歳代,その他,施錠した
窃盗,自転車盗,兵庫,新開地,281051,兵庫県,神戸市兵庫区,湊町４丁目,2023[sanitize]08[sanitize]07,11,その他,駐車（輪）場,30歳代,その他,施錠した
窃盗,自転車盗,兵庫,新開地,281051,兵庫県,神戸市兵庫区,湊町４丁目,2023[sanitize]08[sanitize]25,08,その他,駐車（輪）場,20歳代,その他,施錠せず
窃盗,自転車盗,兵庫,新開地,281051,兵庫県,神戸市兵庫区,湊町４丁目,2023[sanitize]10[sanitize]20,07,その他,駐車（輪）場,10歳代,高校生,施錠した
窃盗,自転車盗,兵庫,新開地,281051,兵庫県,神戸市兵庫区,湊町４丁目,2023[sanitize]12[sanitize]02,11,その他,駐車（輪）場,20歳代,その他,施錠した
窃盗,自転車盗,兵庫,新開地,281051,兵庫県,神戸市兵庫区,湊町４丁目,2023[sanitize]12[sanitize]16,21,その他,駐車（輪）場,20歳代,その他,施錠した
窃盗,自転車盗,兵庫,明親,281051,兵庫県,神戸市兵庫区,芦原通４丁目,2023[sanitize]07[sanitize]16,17,４階建て以上共同住宅,駐車（輪）場,40歳代,その他,施錠した
窃盗,自転車盗,兵庫,明親,281051,兵庫県,神戸市兵庫区,駅前通５丁目,2023[sanitize]08[sanitize]23,14,道路上,その他,60[sanitize]64歳,その他,施錠した
窃盗,自転車盗,兵庫,明親,281051,兵庫県,神戸市兵庫区,駅南通１丁目,2023[sanitize]05[sanitize]13,13,道路上,その他,10歳代,大学生,施錠した
窃盗,自転車盗,兵庫,明親,281051,兵庫県,神戸市兵庫区,駅南通１丁目,2023[sanitize]11[sanitize]23,10,道路上,その他,20歳代,その他,施錠した
窃盗,自転車盗,兵庫,明親,281051,兵庫県,神戸市兵庫区,駅南通１丁目,2023[sanitize]12[sanitize]20,19,道路上,その他,20歳代,その他,施錠した
窃盗,自転車盗,兵庫,明親,281051,兵庫県,神戸市兵庫区,駅南通２丁目,2023[sanitize]06[sanitize]14,17,４階建て以上共同住宅,駐車（輪）場,10歳代,中学生,施錠せず
窃盗,自転車盗,兵庫,明親,281051,兵庫県,神戸市兵庫区,駅南通３丁目,2022[sanitize]12[sanitize]31,19,４階建て以上共同住宅,駐車（輪）場,60[sanitize]64歳,その他,施錠した
窃盗,自転車盗,兵庫,明親,281051,兵庫県,神戸市兵庫区,駅南通４丁目,2023[sanitize]04[sanitize]21,18,４階建て以上共同住宅,駐車（輪）場,10歳代,高校生,施錠せず
窃盗,自転車盗,兵庫,明親,281051,兵庫県,神戸市兵庫区,駅南通４丁目,2023[sanitize]04[sanitize]21,19,一戸建住宅,駐車（輪）場,10歳代,高校生,施錠した
窃盗,自転車盗,兵庫,明親,281051,兵庫県,神戸市兵庫区,駅南通５丁目,2022[sanitize]10[sanitize]01,12,４階建て以上共同住宅,駐車（輪）場,20歳代,その他,施錠した
窃盗,自転車盗,兵庫,明親,281051,兵庫県,神戸市兵庫区,駅南通５丁目,2022[sanitize]12[sanitize]28,18,４階建て以上共同住宅,駐車（輪）場,50歳代,その他,施錠した
窃盗,自転車盗,兵庫,明親,281051,兵庫県,神戸市兵庫区,駅南通５丁目,2023[sanitize]01[sanitize]21,12,道路上,その他,50歳代,その他,施錠した
窃盗,自転車盗,兵庫,明親,281051,兵庫県,神戸市兵庫区,駅南通５丁目,2023[sanitize]02[sanitize]24,04,その他,その他,70歳以上,その他,施錠せず
窃盗,自転車盗,兵庫,明親,281051,兵庫県,神戸市兵庫区,駅南通５丁目,2023[sanitize]03[sanitize]01,18,駐車（輪）場,駐車（輪）場,20歳代,その他,施錠した
窃盗,自転車盗,兵庫,明親,281051,兵庫県,神戸市兵庫区,駅南通５丁目,2023[sanitize]04[sanitize]09,11,駐車（輪）場,駐車（輪）場,20歳代,その他,施錠した
窃盗,自転車盗,兵庫,明親,281051,兵庫県,神戸市兵庫区,駅南通５丁目,2023[sanitize]04[sanitize]22,20,その他,駐車（輪）場,20歳代,その他,施錠せず
窃盗,自転車盗,兵庫,明親,281051,兵庫県,神戸市兵庫区,駅南通５丁目,2023[sanitize]06[sanitize]23,08,その他,その他,20歳代,その他,施錠せず
窃盗,自転車盗,兵庫,明親,281051,兵庫県,神戸市兵庫区,駅南通５丁目,2023[sanitize]07[sanitize]26,08,その他,駐車（輪）場,20歳代,その他,施錠せず
窃盗,自転車盗,兵庫,明親,281051,兵庫県,神戸市兵庫区,駅南通５丁目,2023[sanitize]08[sanitize]19,14,駐車（輪）場,駐車（輪）場,30歳代,その他,施錠した
窃盗,自転車盗,兵庫,明親,281051,兵庫県,神戸市兵庫区,駅南通５丁目,2023[sanitize]10[sanitize]03,17,その他,駐車（輪）場,20歳代,大学生,施錠せず
窃盗,自転車盗,兵庫,明親,281051,兵庫県,神戸市兵庫区,駅南通５丁目,2023[sanitize]10[sanitize]12,08,その他,駐車（輪）場,10歳代,高校生,施錠した
窃盗,自転車盗,兵庫,明親,281051,兵庫県,神戸市兵庫区,駅南通５丁目,2023[sanitize]10[sanitize]14,08,４階建て以上共同住宅,駐車（輪）場,20歳代,大学生,施錠した
窃盗,自転車盗,兵庫,明親,281051,兵庫県,神戸市兵庫区,須佐野通１丁目,2023[sanitize]08[sanitize]24,06,その他の住宅（３階建て以下共同住宅等）,駐車（輪）場,20歳代,その他,施錠した
窃盗,自転車盗,兵庫,明親,281051,兵庫県,神戸市兵庫区,浜崎通,2023[sanitize]08[sanitize]12,17,その他,駐車（輪）場,20歳代,その他,施錠せず
窃盗,自転車盗,兵庫,明親,281051,兵庫県,神戸市兵庫区,松原通１丁目,2023[sanitize]03[sanitize]24,18,４階建て以上共同住宅,駐車（輪）場,40歳代,その他,施錠せず
窃盗,自転車盗,兵庫,明親,281051,兵庫県,神戸市兵庫区,松原通４丁目,2022[sanitize]11[sanitize]01,00,道路上,その他,50歳代,その他,施錠した
窃盗,自転車盗,兵庫,明親,281051,兵庫県,神戸市兵庫区,松原通４丁目,2023[sanitize]06[sanitize]21,18,４階建て以上共同住宅,駐車（輪）場,30歳代,その他,施錠せず
窃盗,自転車盗,兵庫,明親,281051,兵庫県,神戸市兵庫区,松原通５丁目,2023[sanitize]09[sanitize]22,19,４階建て以上共同住宅,駐車（輪）場,10歳代,高校生,施錠せず
窃盗,自転車盗,兵庫,明親,281051,兵庫県,神戸市兵庫区,明和通２丁目,2023[sanitize]01[sanitize]20,15,４階建て以上共同住宅,駐車（輪）場,10歳代,高校生,施錠した
窃盗,自転車盗,兵庫,明親,281051,兵庫県,神戸市兵庫区,明和通２丁目,2023[sanitize]03[sanitize]20,02,４階建て以上共同住宅,駐車（輪）場,30歳代,その他,施錠した
窃盗,自転車盗,兵庫,明親,281051,兵庫県,神戸市兵庫区,明和通３丁目,2023[sanitize]09[sanitize]03,12,その他,駐車（輪）場,30歳代,その他,施錠した
窃盗,自転車盗,兵庫,湊川,281051,兵庫県,神戸市兵庫区,荒田町１丁目,2023[sanitize]02[sanitize]02,18,４階建て以上共同住宅,駐車（輪）場,20歳代,その他,施錠した
窃盗,自転車盗,兵庫,湊川,281051,兵庫県,神戸市兵庫区,荒田町１丁目,2023[sanitize]03[sanitize]16,10,その他,駐車（輪）場,10歳代,大学生,施錠した
窃盗,自転車盗,兵庫,湊川,281051,兵庫県,神戸市兵庫区,荒田町１丁目,2023[sanitize]07[sanitize]26,09,その他,駐車（輪）場,10歳代,高校生,施錠せず
窃盗,自転車盗,兵庫,湊川,281051,兵庫県,神戸市兵庫区,荒田町４丁目,2023[sanitize]05[sanitize]08,08,道路上,その他,10歳代,高校生,施錠せず
窃盗,自転車盗,兵庫,湊川,281051,兵庫県,神戸市兵庫区,上沢通１丁目,2023[sanitize]03[sanitize]07,23,その他,駐車（輪）場,10歳代,その他,施錠せず
窃盗,自転車盗,兵庫,湊川,281051,兵庫県,神戸市兵庫区,上沢通１丁目,2023[sanitize]04[sanitize]12,08,その他,駐車（輪）場,40歳代,その他,施錠せず
窃盗,自転車盗,兵庫,湊川,281051,兵庫県,神戸市兵庫区,上沢通１丁目,2023[sanitize]05[sanitize]02,07,道路上,その他,20歳代,その他,施錠せず
窃盗,自転車盗,兵庫,湊川,281051,兵庫県,神戸市兵庫区,上沢通１丁目,2023[sanitize]07[sanitize]27,09,駐車（輪）場,駐車（輪）場,70歳以上,その他,施錠した
窃盗,自転車盗,兵庫,湊川,281051,兵庫県,神戸市兵庫区,上沢通１丁目,2023[sanitize]07[sanitize]27,12,駐車（輪）場,駐車（輪）場,20歳代,大学生,施錠した
窃盗,自転車盗,兵庫,湊川,281051,兵庫県,神戸市兵庫区,上沢通１丁目,2023[sanitize]08[sanitize]04,09,道路上,その他,30歳代,その他,施錠した
窃盗,自転車盗,兵庫,湊川,281051,兵庫県,神戸市兵庫区,上沢通１丁目,2023[sanitize]08[sanitize]23,21,その他,駐車（輪）場,10歳代,大学生,施錠した
窃盗,自転車盗,兵庫,湊川,281051,兵庫県,神戸市兵庫区,上沢通１丁目,2023[sanitize]11[sanitize]06,22,道路上,その他,40歳代,その他,施錠せず
窃盗,自転車盗,兵庫,湊川,281051,兵庫県,神戸市兵庫区,下沢通１丁目,2023[sanitize]02[sanitize]26,22,道路上,その他,20歳代,その他,施錠せず
窃盗,自転車盗,兵庫,湊川,281051,兵庫県,神戸市兵庫区,下沢通１丁目,2023[sanitize]09[sanitize]22,19,その他,駐車（輪）場,20歳代,その他,施錠した
窃盗,自転車盗,兵庫,湊川,281051,兵庫県,神戸市兵庫区,下沢通２丁目,2023[sanitize]12[sanitize]14,20,４階建て以上共同住宅,駐車（輪）場,10歳代,中学生,施錠せず
窃盗,自転車盗,兵庫,湊川,281051,兵庫県,神戸市兵庫区,新開地１丁目,2023[sanitize]05[sanitize]02,11,４階建て以上共同住宅,その他,50歳代,その他,施錠した
窃盗,自転車盗,兵庫,湊川,281051,兵庫県,神戸市兵庫区,新開地１丁目,2023[sanitize]05[sanitize]22,20,道路上,その他,20歳代,その他,施錠した
窃盗,自転車盗,兵庫,湊川,281051,兵庫県,神戸市兵庫区,新開地１丁目,2023[sanitize]06[sanitize]21,20,駐車（輪）場,駐車（輪）場,40歳代,その他,施錠せず
窃盗,自転車盗,兵庫,湊川,281051,兵庫県,神戸市兵庫区,新開地１丁目,2023[sanitize]06[sanitize]22,18,道路上,その他,70歳以上,その他,施錠した
窃盗,自転車盗,兵庫,湊川,281051,兵庫県,神戸市兵庫区,新開地１丁目,2023[sanitize]08[sanitize]06,19,道路上,その他,50歳代,その他,施錠した
窃盗,自転車盗,兵庫,湊川,281051,兵庫県,神戸市兵庫区,新開地１丁目,2023[sanitize]09[sanitize]15,09,その他,駐車（輪）場,20歳代,大学生,施錠せず
窃盗,自転車盗,兵庫,湊川,281051,兵庫県,神戸市兵庫区,新開地１丁目,2023[sanitize]09[sanitize]16,18,道路上,その他,40歳代,その他,施錠せず
窃盗,自転車盗,兵庫,湊川,281051,兵庫県,神戸市兵庫区,新開地１丁目,2023[sanitize]10[sanitize]28,20,道路上,その他,40歳代,その他,施錠せず
窃盗,自転車盗,兵庫,湊川,281051,兵庫県,神戸市兵庫区,新開地１丁目,2023[sanitize]12[sanitize]18,10,道路上,その他,50歳代,その他,施錠した
窃盗,自転車盗,兵庫,湊川,281051,兵庫県,神戸市兵庫区,新開地２丁目,2023[sanitize]01[sanitize]25,20,道路上,その他,10歳代,高校生,施錠せず
窃盗,自転車盗,兵庫,湊川,281051,兵庫県,神戸市兵庫区,新開地２丁目,2023[sanitize]03[sanitize]14,17,道路上,その他,20歳代,その他,施錠せず
窃盗,自転車盗,兵庫,湊川,281051,兵庫県,神戸市兵庫区,新開地２丁目,2023[sanitize]06[sanitize]17,20,道路上,その他,40歳代,その他,施錠せず
窃盗,自転車盗,兵庫,湊川,281051,兵庫県,神戸市兵庫区,新開地２丁目,2023[sanitize]07[sanitize]29,17,駐車（輪）場,駐車（輪）場,40歳代,その他,施錠した
窃盗,自転車盗,兵庫,湊川,281051,兵庫県,神戸市兵庫区,新開地２丁目,2023[sanitize]08[sanitize]04,09,駐車（輪）場,駐車（輪）場,70歳以上,その他,施錠した
窃盗,自転車盗,兵庫,湊川,281051,兵庫県,神戸市兵庫区,新開地２丁目,2023[sanitize]08[sanitize]14,12,その他,駐車（輪）場,30歳代,その他,施錠せず
窃盗,自転車盗,兵庫,湊川,281051,兵庫県,神戸市兵庫区,新開地２丁目,2023[sanitize]09[sanitize]16,08,駐車（輪）場,駐車（輪）場,20歳代,その他,施錠せず
窃盗,自転車盗,兵庫,湊川,281051,兵庫県,神戸市兵庫区,新開地２丁目,2023[sanitize]10[sanitize]01,12,道路上,その他,30歳代,その他,施錠せず
窃盗,自転車盗,兵庫,湊川,281051,兵庫県,神戸市兵庫区,新開地２丁目,2023[sanitize]11[sanitize]22,23,道路上,その他,20歳代,その他,施錠せず
窃盗,自転車盗,兵庫,湊川,281051,兵庫県,神戸市兵庫区,中道通１丁目,2022[sanitize]12[sanitize]27,17,道路上,その他,20歳代,その他,施錠せず
窃盗,自転車盗,兵庫,湊川,281051,兵庫県,神戸市兵庫区,中道通１丁目,2023[sanitize]03[sanitize]19,16,道路上,その他,20歳代,その他,施錠せず
窃盗,自転車盗,兵庫,湊川,281051,兵庫県,神戸市兵庫区,中道通１丁目,2023[sanitize]04[sanitize]09,01,駐車（輪）場,駐車（輪）場,40歳代,その他,施錠した
窃盗,自転車盗,兵庫,湊川,281051,兵庫県,神戸市兵庫区,中道通１丁目,2023[sanitize]04[sanitize]09,20,道路上,その他,30歳代,その他,施錠せず
窃盗,自転車盗,兵庫,湊川,281051,兵庫県,神戸市兵庫区,中道通２丁目,2023[sanitize]05[sanitize]09,18,４階建て以上共同住宅,その他,10歳代,小学生,施錠せず
窃盗,自転車盗,兵庫,湊川,281051,兵庫県,神戸市兵庫区,中道通２丁目,2023[sanitize]07[sanitize]24,18,道路上,その他,65[sanitize]69歳,その他,施錠した
窃盗,自転車盗,兵庫,湊川,281051,兵庫県,神戸市兵庫区,中道通２丁目,2023[sanitize]11[sanitize]19,12,４階建て以上共同住宅,駐車（輪）場,40歳代,その他,施錠した
窃盗,自転車盗,兵庫,湊川,281051,兵庫県,神戸市兵庫区,東山町２丁目,2023[sanitize]08[sanitize]13,00,道路上,その他,30歳代,その他,施錠せず
窃盗,自転車盗,兵庫,湊川,281051,兵庫県,神戸市兵庫区,東山町４丁目,2023[sanitize]05[sanitize]08,16,道路上,その他,10歳代,小学生,施錠せず
窃盗,自転車盗,兵庫,湊川,281051,兵庫県,神戸市兵庫区,東山町４丁目,2023[sanitize]05[sanitize]08,16,道路上,その他,10歳代,小学生,施錠せず
窃盗,自転車盗,兵庫,湊川,281051,兵庫県,神戸市兵庫区,東山町４丁目,2023[sanitize]11[sanitize]20,22,４階建て以上共同住宅,駐車（輪）場,40歳代,その他,施錠した
窃盗,自転車盗,兵庫,湊川,281051,兵庫県,神戸市兵庫区,松本通１丁目,2023[sanitize]03[sanitize]16,09,道路上,その他,70歳以上,その他,施錠した
窃盗,自転車盗,兵庫,湊川,281051,兵庫県,神戸市兵庫区,松本通２丁目,2023[sanitize]02[sanitize]04,12,４階建て以上共同住宅,駐車（輪）場,30歳代,その他,施錠した
窃盗,自転車盗,兵庫,湊川,281051,兵庫県,神戸市兵庫区,水木通１丁目,2023[sanitize]01[sanitize]29,09,道路上,その他,10歳代,高校生,施錠せず
窃盗,自転車盗,兵庫,湊川,281051,兵庫県,神戸市兵庫区,水木通１丁目,2023[sanitize]03[sanitize]10,13,道路上,その他,70歳以上,その他,施錠した
窃盗,自転車盗,兵庫,湊川,281051,兵庫県,神戸市兵庫区,水木通１丁目,2023[sanitize]03[sanitize]11,20,駐車（輪）場,駐車（輪）場,20歳代,その他,施錠せず
窃盗,自転車盗,兵庫,湊川,281051,兵庫県,神戸市兵庫区,水木通１丁目,2023[sanitize]05[sanitize]12,09,駐車（輪）場,駐車（輪）場,20歳代,その他,施錠せず
窃盗,自転車盗,兵庫,湊川,281051,兵庫県,神戸市兵庫区,水木通１丁目,2023[sanitize]06[sanitize]03,07,道路上,その他,20歳代,その他,施錠せず
窃盗,自転車盗,兵庫,湊川,281051,兵庫県,神戸市兵庫区,水木通１丁目,2023[sanitize]06[sanitize]10,13,その他,駐車（輪）場,10歳代,高校生,施錠した
窃盗,自転車盗,兵庫,湊川,281051,兵庫県,神戸市兵庫区,水木通１丁目,2023[sanitize]07[sanitize]23,17,その他,その他,30歳代,その他,施錠せず
窃盗,自転車盗,兵庫,湊川,281051,兵庫県,神戸市兵庫区,水木通１丁目,2023[sanitize]09[sanitize]16,17,道路上,その他,40歳代,その他,施錠した
窃盗,自転車盗,兵庫,湊川,281051,兵庫県,神戸市兵庫区,水木通１丁目,2023[sanitize]10[sanitize]02,07,道路上,その他,20歳代,その他,施錠した
窃盗,自転車盗,兵庫,湊川,281051,兵庫県,神戸市兵庫区,水木通１丁目,2023[sanitize]10[sanitize]08,10,道路上,その他,10歳代,高校生,施錠した
窃盗,自転車盗,兵庫,湊川,281051,兵庫県,神戸市兵庫区,水木通１丁目,2023[sanitize]10[sanitize]22,07,道路上,その他,60[sanitize]64歳,その他,施錠した
窃盗,自転車盗,兵庫,湊川,281051,兵庫県,神戸市兵庫区,水木通１丁目,2023[sanitize]11[sanitize]02,08,道路上,その他,10歳代,高校生,施錠した
窃盗,自転車盗,兵庫,湊川,281051,兵庫県,神戸市兵庫区,水木通１丁目,2023[sanitize]11[sanitize]14,18,道路上,その他,50歳代,その他,施錠せず
窃盗,自転車盗,兵庫,湊川,281051,兵庫県,神戸市兵庫区,水木通１丁目,2023[sanitize]12[sanitize]04,08,その他,駐車（輪）場,10歳代,中学生,施錠せず
窃盗,自転車盗,兵庫,熊野,281051,兵庫県,神戸市兵庫区,菊水町７丁目,2023[sanitize]08[sanitize]30,12,道路上,その他,70歳以上,その他,施錠した
窃盗,自転車盗,兵庫,熊野,281051,兵庫県,神戸市兵庫区,熊野町４丁目,2023[sanitize]08[sanitize]30,16,その他の住宅（３階建て以下共同住宅等）,駐車（輪）場,40歳代,その他,施錠せず
窃盗,自転車盗,兵庫,熊野,281051,兵庫県,神戸市兵庫区,熊野町５丁目,2023[sanitize]01[sanitize]03,11,一戸建住宅,その他,40歳代,その他,施錠せず
窃盗,自転車盗,兵庫,熊野,281051,兵庫県,神戸市兵庫区,湊川町４丁目,2023[sanitize]08[sanitize]28,13,４階建て以上共同住宅,その他,20歳代,その他,施錠せず
窃盗,自転車盗,兵庫,熊野,281051,兵庫県,神戸市兵庫区,夢野町３丁目,2023[sanitize]02[sanitize]01,22,その他の住宅（３階建て以下共同住宅等）,駐車（輪）場,10歳代,中学生,施錠せず
窃盗,自転車盗,兵庫,皿池,281051,兵庫県,神戸市兵庫区,駅前通１丁目,2023[sanitize]07[sanitize]24,23,４階建て以上共同住宅,駐車（輪）場,20歳代,その他,施錠せず
窃盗,自転車盗,兵庫,皿池,281051,兵庫県,神戸市兵庫区,会下山町２丁目,2023[sanitize]04[sanitize]23,07,道路上,その他,10歳代,高校生,施錠せず
窃盗,自転車盗,兵庫,皿池,281051,兵庫県,神戸市兵庫区,上沢通３丁目,2023[sanitize]11[sanitize]18,17,４階建て以上共同住宅,駐車（輪）場,40歳代,その他,施錠した
窃盗,自転車盗,兵庫,皿池,281051,兵庫県,神戸市兵庫区,上沢通３丁目,2023[sanitize]12[sanitize]06,17,その他,その他,20歳代,大学生,施錠せず
窃盗,自転車盗,兵庫,皿池,281051,兵庫県,神戸市兵庫区,上沢通４丁目,2023[sanitize]09[sanitize]13,08,その他,駐車（輪）場,40歳代,その他,施錠せず
窃盗,自転車盗,兵庫,皿池,281051,兵庫県,神戸市兵庫区,上沢通５丁目,2023[sanitize]04[sanitize]09,19,道路上,その他,20歳代,その他,施錠せず
窃盗,自転車盗,兵庫,皿池,281051,兵庫県,神戸市兵庫区,上沢通５丁目,2023[sanitize]11[sanitize]09,19,道路上,その他,30歳代,その他,施錠せず
窃盗,自転車盗,兵庫,皿池,281051,兵庫県,神戸市兵庫区,上沢通５丁目,2023[sanitize]12[sanitize]04,00,道路上,その他,70歳以上,その他,施錠した
窃盗,自転車盗,兵庫,皿池,281051,兵庫県,神戸市兵庫区,上沢通６丁目,2023[sanitize]01[sanitize]06,17,４階建て以上共同住宅,駐車（輪）場,40歳代,その他,施錠せず
窃盗,自転車盗,兵庫,皿池,281051,兵庫県,神戸市兵庫区,上沢通６丁目,2023[sanitize]09[sanitize]27,01,その他,駐車（輪）場,20歳代,その他,施錠せず
窃盗,自転車盗,兵庫,皿池,281051,兵庫県,神戸市兵庫区,上沢通７丁目,2023[sanitize]08[sanitize]31,02,４階建て以上共同住宅,駐車（輪）場,20歳代,その他,施錠せず
窃盗,自転車盗,兵庫,皿池,281051,兵庫県,神戸市兵庫区,上沢通８丁目,2022[sanitize]12[sanitize]26,10,道路上,その他,10歳代,高校生,施錠した
窃盗,自転車盗,兵庫,皿池,281051,兵庫県,神戸市兵庫区,上沢通８丁目,2023[sanitize]04[sanitize]20,08,道路上,その他,10歳代,その他,施錠せず
窃盗,自転車盗,兵庫,皿池,281051,兵庫県,神戸市兵庫区,上沢通８丁目,2023[sanitize]06[sanitize]21,16,道路上,その他,10歳代,その他,施錠せず
窃盗,自転車盗,兵庫,皿池,281051,兵庫県,神戸市兵庫区,上沢通８丁目,2023[sanitize]06[sanitize]24,10,駐車（輪）場,駐車（輪）場,20歳代,その他,施錠せず
窃盗,自転車盗,兵庫,皿池,281051,兵庫県,神戸市兵庫区,下沢通３丁目,2022[sanitize]11[sanitize]30,18,道路上,その他,50歳代,その他,施錠せず
窃盗,自転車盗,兵庫,皿池,281051,兵庫県,神戸市兵庫区,下沢通３丁目,2023[sanitize]08[sanitize]23,17,道路上,その他,10歳代,中学生,施錠せず
窃盗,自転車盗,兵庫,皿池,281051,兵庫県,神戸市兵庫区,下沢通４丁目,2023[sanitize]07[sanitize]29,21,道路上,その他,30歳代,その他,施錠せず
窃盗,自転車盗,兵庫,皿池,281051,兵庫県,神戸市兵庫区,下沢通４丁目,2023[sanitize]12[sanitize]12,15,道路上,その他,40歳代,その他,施錠せず
窃盗,自転車盗,兵庫,皿池,281051,兵庫県,神戸市兵庫区,下沢通７丁目,2022[sanitize]10[sanitize]01,00,道路上,その他,70歳以上,その他,施錠せず
窃盗,自転車盗,兵庫,皿池,281051,兵庫県,神戸市兵庫区,下沢通８丁目,2023[sanitize]03[sanitize]04,18,道路上,その他,20歳代,その他,施錠せず
窃盗,自転車盗,兵庫,皿池,281051,兵庫県,神戸市兵庫区,下沢通８丁目,2023[sanitize]03[sanitize]16,08,駐車（輪）場,駐車（輪）場,20歳代,その他,施錠した
窃盗,自転車盗,兵庫,皿池,281051,兵庫県,神戸市兵庫区,下沢通８丁目,2023[sanitize]05[sanitize]11,23,道路上,その他,10歳代,その他,施錠せず
窃盗,自転車盗,兵庫,皿池,281051,兵庫県,神戸市兵庫区,下沢通８丁目,2023[sanitize]05[sanitize]18,08,駐車（輪）場,駐車（輪）場,20歳代,大学生,施錠せず
窃盗,自転車盗,兵庫,皿池,281051,兵庫県,神戸市兵庫区,下沢通８丁目,2023[sanitize]05[sanitize]30,08,駐車（輪）場,駐車（輪）場,20歳代,大学生,施錠せず
窃盗,自転車盗,兵庫,皿池,281051,兵庫県,神戸市兵庫区,下沢通８丁目,2023[sanitize]10[sanitize]04,07,道路上,その他,10歳代,高校生,施錠せず
窃盗,自転車盗,兵庫,皿池,281051,兵庫県,神戸市兵庫区,下沢通８丁目,2023[sanitize]11[sanitize]08,07,道路上,その他,10歳代,その他,施錠した
窃盗,自転車盗,兵庫,皿池,281051,兵庫県,神戸市兵庫区,下沢通８丁目,2023[sanitize]11[sanitize]10,07,４階建て以上共同住宅,駐車（輪）場,20歳代,その他,施錠した
窃盗,自転車盗,兵庫,皿池,281051,兵庫県,神戸市兵庫区,下沢通８丁目,2023[sanitize]12[sanitize]24,01,道路上,その他,20歳代,その他,施錠せず
窃盗,自転車盗,兵庫,皿池,281051,兵庫県,神戸市兵庫区,中道通３丁目,2023[sanitize]10[sanitize]25,14,４階建て以上共同住宅,駐車（輪）場,20歳代,大学生,施錠した
窃盗,自転車盗,兵庫,皿池,281051,兵庫県,神戸市兵庫区,中道通７丁目,2023[sanitize]06[sanitize]11,14,一戸建住宅,駐車（輪）場,10歳代,大学生,施錠した
窃盗,自転車盗,兵庫,皿池,281051,兵庫県,神戸市兵庫区,中道通８丁目,2023[sanitize]01[sanitize]15,14,４階建て以上共同住宅,駐車（輪）場,40歳代,その他,施錠せず
窃盗,自転車盗,兵庫,皿池,281051,兵庫県,神戸市兵庫区,中道通８丁目,2023[sanitize]08[sanitize]11,23,道路上,その他,10歳代,高校生,施錠せず
窃盗,自転車盗,兵庫,皿池,281051,兵庫県,神戸市兵庫区,中道通９丁目,2023[sanitize]07[sanitize]17,16,道路上,その他,50歳代,その他,施錠せず
窃盗,自転車盗,兵庫,皿池,281051,兵庫県,神戸市兵庫区,中道通９丁目,2023[sanitize]09[sanitize]24,00,一戸建住宅,駐車（輪）場,10歳代,高校生,施錠せず
窃盗,自転車盗,兵庫,皿池,281051,兵庫県,神戸市兵庫区,中道通９丁目,2023[sanitize]12[sanitize]15,06,４階建て以上共同住宅,駐車（輪）場,30歳代,その他,施錠せず
窃盗,自転車盗,兵庫,皿池,281051,兵庫県,神戸市兵庫区,水木通３丁目,2023[sanitize]05[sanitize]27,19,道路上,その他,10歳代,大学生,施錠せず
窃盗,自転車盗,兵庫,皿池,281051,兵庫県,神戸市兵庫区,水木通５丁目,2023[sanitize]03[sanitize]09,17,道路上,その他,50歳代,その他,施錠せず
窃盗,自転車盗,兵庫,皿池,281051,兵庫県,神戸市兵庫区,水木通５丁目,2023[sanitize]03[sanitize]12,18,４階建て以上共同住宅,その他,30歳代,その他,施錠せず
窃盗,自転車盗,兵庫,皿池,281051,兵庫県,神戸市兵庫区,水木通５丁目,2023[sanitize]04[sanitize]07,22,４階建て以上共同住宅,その他,30歳代,その他,施錠せず
窃盗,自転車盗,兵庫,皿池,281051,兵庫県,神戸市兵庫区,水木通７丁目,2023[sanitize]01[sanitize]26,17,その他,駐車（輪）場,20歳代,その他,施錠せず
窃盗,自転車盗,兵庫,皿池,281051,兵庫県,神戸市兵庫区,水木通７丁目,2023[sanitize]02[sanitize]12,07,その他,駐車（輪）場,20歳代,その他,施錠せず
窃盗,自転車盗,兵庫,皿池,281051,兵庫県,神戸市兵庫区,水木通７丁目,2023[sanitize]03[sanitize]03,22,その他,駐車（輪）場,20歳代,その他,施錠した
窃盗,自転車盗,兵庫,皿池,281051,兵庫県,神戸市兵庫区,水木通７丁目,2023[sanitize]03[sanitize]25,22,道路上,その他,20歳代,その他,施錠せず
窃盗,自転車盗,兵庫,皿池,281051,兵庫県,神戸市兵庫区,水木通７丁目,2023[sanitize]04[sanitize]01,21,４階建て以上共同住宅,駐車（輪）場,50歳代,その他,施錠した
窃盗,自転車盗,兵庫,皿池,281051,兵庫県,神戸市兵庫区,水木通７丁目,2023[sanitize]06[sanitize]16,07,その他,駐車（輪）場,20歳代,その他,施錠せず
窃盗,自転車盗,兵庫,皿池,281051,兵庫県,神戸市兵庫区,水木通７丁目,2023[sanitize]06[sanitize]23,19,道路上,その他,20歳代,その他,施錠せず
窃盗,自転車盗,兵庫,皿池,281051,兵庫県,神戸市兵庫区,水木通７丁目,2023[sanitize]07[sanitize]25,19,その他,その他,20歳代,その他,施錠せず
窃盗,自転車盗,兵庫,皿池,281051,兵庫県,神戸市兵庫区,水木通７丁目,2023[sanitize]08[sanitize]16,19,道路上,その他,20歳代,その他,施錠した
窃盗,自転車盗,兵庫,皿池,281051,兵庫県,神戸市兵庫区,水木通７丁目,2023[sanitize]09[sanitize]29,21,道路上,その他,20歳代,その他,施錠せず
窃盗,自転車盗,兵庫,皿池,281051,兵庫県,神戸市兵庫区,水木通７丁目,2023[sanitize]10[sanitize]31,15,その他,駐車（輪）場,20歳代,その他,施錠せず
窃盗,自転車盗,兵庫,皿池,281051,兵庫県,神戸市兵庫区,水木通７丁目,2023[sanitize]12[sanitize]03,20,その他,駐車（輪）場,20歳代,その他,施錠した
窃盗,自転車盗,兵庫,皿池,281051,兵庫県,神戸市兵庫区,水木通８丁目,2023[sanitize]04[sanitize]23,20,道路上,その他,20歳代,その他,施錠した
窃盗,自転車盗,兵庫,皿池,281051,兵庫県,神戸市兵庫区,水木通８丁目,2023[sanitize]05[sanitize]20,23,道路上,その他,10歳代,高校生,施錠せず
窃盗,自転車盗,兵庫,皿池,281051,兵庫県,神戸市兵庫区,水木通８丁目,2023[sanitize]07[sanitize]17,02,道路上,その他,20歳代,その他,施錠せず
窃盗,自転車盗,兵庫,皿池,281051,兵庫県,神戸市兵庫区,水木通８丁目,2023[sanitize]11[sanitize]12,13,道路上,その他,20歳代,その他,施錠せず
窃盗,自転車盗,兵庫,皿池,281051,兵庫県,神戸市兵庫区,水木通９丁目,2023[sanitize]04[sanitize]30,13,道路上,その他,10歳代,中学生,施錠せず
窃盗,自転車盗,兵庫,皿池,281051,兵庫県,神戸市兵庫区,水木通１０丁目,2023[sanitize]08[sanitize]26,21,一戸建住宅,その他,10歳代,小学生,施錠せず
窃盗,自転車盗,兵庫,福原,281051,兵庫県,神戸市兵庫区,西上橘通１丁目,2023[sanitize]08[sanitize]27,22,道路上,その他,40歳代,その他,施錠せず
窃盗,自転車盗,兵庫,福原,281051,兵庫県,神戸市兵庫区,西上橘通１丁目,2023[sanitize]10[sanitize]31,21,道路上,その他,20歳代,大学生,施錠した
窃盗,自転車盗,兵庫,福原,281051,兵庫県,神戸市兵庫区,西上橘通２丁目,2023[sanitize]03[sanitize]15,17,道路上,その他,20歳代,その他,施錠した
窃盗,自転車盗,兵庫,福原,281051,兵庫県,神戸市兵庫区,西上橘通２丁目,2023[sanitize]04[sanitize]03,19,道路上,その他,20歳代,その他,施錠した
窃盗,自転車盗,兵庫,福原,281051,兵庫県,神戸市兵庫区,西上橘通２丁目,2023[sanitize]05[sanitize]20,23,道路上,その他,50歳代,その他,施錠せず
窃盗,自転車盗,兵庫,福原,281051,兵庫県,神戸市兵庫区,西上橘通２丁目,2023[sanitize]05[sanitize]31,18,その他の住宅（３階建て以下共同住宅等）,その他,50歳代,その他,施錠した
窃盗,自転車盗,兵庫,福原,281051,兵庫県,神戸市兵庫区,西上橘通２丁目,2023[sanitize]10[sanitize]20,22,道路上,その他,20歳代,その他,施錠せず
窃盗,自転車盗,兵庫,福原,281051,兵庫県,神戸市兵庫区,西上橘通２丁目,2023[sanitize]11[sanitize]07,22,道路上,その他,20歳代,その他,施錠せず
窃盗,自転車盗,兵庫,福原,281051,兵庫県,神戸市兵庫区,西橘通１丁目,2023[sanitize]09[sanitize]11,19,その他の住宅（３階建て以下共同住宅等）,駐車（輪）場,20歳代,その他,施錠した
窃盗,自転車盗,兵庫,福原,281051,兵庫県,神戸市兵庫区,西橘通１丁目,2023[sanitize]09[sanitize]12,18,道路上,その他,40歳代,その他,施錠した
窃盗,自転車盗,兵庫,福原,281051,兵庫県,神戸市兵庫区,西橘通２丁目,2023[sanitize]06[sanitize]16,17,４階建て以上共同住宅,その他,20歳代,その他,施錠せず
窃盗,自転車盗,兵庫,福原,281051,兵庫県,神戸市兵庫区,西橘通２丁目,2023[sanitize]07[sanitize]11,12,道路上,その他,20歳代,その他,施錠した
窃盗,自転車盗,兵庫,福原,281051,兵庫県,神戸市兵庫区,西多聞通１丁目,2023[sanitize]03[sanitize]23,00,駐車（輪）場,駐車（輪）場,20歳代,大学生,施錠せず
窃盗,自転車盗,兵庫,福原,281051,兵庫県,神戸市兵庫区,西多聞通１丁目,2023[sanitize]04[sanitize]01,10,４階建て以上共同住宅,駐車（輪）場,20歳代,その他,施錠した
窃盗,自転車盗,兵庫,福原,281051,兵庫県,神戸市兵庫区,西多聞通１丁目,2023[sanitize]06[sanitize]23,18,４階建て以上共同住宅,駐車（輪）場,10歳代,大学生,施錠した
窃盗,自転車盗,兵庫,福原,281051,兵庫県,神戸市兵庫区,西多聞通１丁目,2023[sanitize]06[sanitize]29,21,駐車（輪）場,駐車（輪）場,20歳代,その他,施錠した
窃盗,自転車盗,兵庫,福原,281051,兵庫県,神戸市兵庫区,西多聞通２丁目,2023[sanitize]03[sanitize]26,18,道路上,その他,20歳代,その他,施錠せず
窃盗,自転車盗,兵庫,福原,281051,兵庫県,神戸市兵庫区,西多聞通２丁目,2023[sanitize]04[sanitize]01,00,その他,駐車（輪）場,40歳代,その他,施錠した
窃盗,自転車盗,兵庫,福原,281051,兵庫県,神戸市兵庫区,西多聞通２丁目,2023[sanitize]08[sanitize]15,22,道路上,その他,10歳代,その他,施錠せず
窃盗,自転車盗,兵庫,福原,281051,兵庫県,神戸市兵庫区,西多聞通２丁目,2023[sanitize]08[sanitize]18,13,道路上,その他,20歳代,その他,施錠した
窃盗,自転車盗,兵庫,福原,281051,兵庫県,神戸市兵庫区,西多聞通２丁目,2023[sanitize]08[sanitize]18,18,道路上,その他,10歳代,その他,施錠した
窃盗,自転車盗,兵庫,福原,281051,兵庫県,神戸市兵庫区,西多聞通２丁目,2023[sanitize]08[sanitize]22,21,道路上,その他,20歳代,その他,施錠した
窃盗,自転車盗,兵庫,福原,281051,兵庫県,神戸市兵庫区,西多聞通２丁目,2023[sanitize]09[sanitize]09,08,その他,その他,20歳代,その他,施錠した
窃盗,自転車盗,兵庫,福原,281051,兵庫県,神戸市兵庫区,西多聞通２丁目,2023[sanitize]11[sanitize]15,08,道路上,その他,20歳代,その他,施錠した
窃盗,自転車盗,兵庫,福原,281051,兵庫県,神戸市兵庫区,福原町,2023[sanitize]01[sanitize]14,00,道路上,その他,60[sanitize]64歳,その他,施錠せず
窃盗,自転車盗,兵庫,福原,281051,兵庫県,神戸市兵庫区,福原町,2023[sanitize]02[sanitize]09,12,道路上,その他,40歳代,その他,施錠した
窃盗,自転車盗,兵庫,福原,281051,兵庫県,神戸市兵庫区,福原町,2023[sanitize]02[sanitize]09,14,道路上,その他,40歳代,その他,施錠した
窃盗,自転車盗,兵庫,福原,281051,兵庫県,神戸市兵庫区,福原町,2023[sanitize]03[sanitize]18,18,道路上,その他,20歳代,その他,施錠せず
窃盗,自転車盗,兵庫,福原,281051,兵庫県,神戸市兵庫区,福原町,2023[sanitize]06[sanitize]06,09,道路上,その他,50歳代,その他,施錠した
窃盗,自転車盗,兵庫,福原,281051,兵庫県,神戸市兵庫区,福原町,2023[sanitize]07[sanitize]03,15,道路上,その他,20歳代,その他,施錠せず
窃盗,自転車盗,兵庫,福原,281051,兵庫県,神戸市兵庫区,福原町,2023[sanitize]08[sanitize]16,22,道路上,その他,65[sanitize]69歳,その他,施錠した
窃盗,自転車盗,兵庫,福原,281051,兵庫県,神戸市兵庫区,福原町,2023[sanitize]08[sanitize]17,18,道路上,その他,20歳代,その他,施錠せず
窃盗,自転車盗,兵庫,福原,281051,兵庫県,神戸市兵庫区,福原町,2023[sanitize]09[sanitize]26,21,道路上,その他,20歳代,その他,施錠した
窃盗,自転車盗,兵庫,福原,281051,兵庫県,神戸市兵庫区,福原町,2023[sanitize]11[sanitize]10,12,道路上,その他,10歳代,その他,施錠した
窃盗,自転車盗,兵庫,福原,281051,兵庫県,神戸市兵庫区,福原町,2023[sanitize]11[sanitize]12,04,道路上,その他,20歳代,その他,施錠せず
窃盗,自転車盗,兵庫,福原,281051,兵庫県,神戸市兵庫区,福原町,2023[sanitize]11[sanitize]21,20,４階建て以上共同住宅,その他,20歳代,大学生,施錠した
窃盗,自転車盗,兵庫,福原,281051,兵庫県,神戸市兵庫区,福原町,2023[sanitize]12[sanitize]01,22,４階建て以上共同住宅,駐車（輪）場,30歳代,その他,施錠せず
窃盗,自転車盗,兵庫,福原,281051,兵庫県,神戸市兵庫区,福原町,2023[sanitize]12[sanitize]30,20,道路上,その他,50歳代,その他,施錠した
窃盗,自転車盗,兵庫,荒田,281051,兵庫県,神戸市兵庫区,荒田町１丁目,2023[sanitize]04[sanitize]10,04,道路上,その他,60[sanitize]64歳,その他,施錠した
窃盗,自転車盗,兵庫,荒田,281051,兵庫県,神戸市兵庫区,荒田町１丁目,2023[sanitize]06[sanitize]24,23,道路上,その他,20歳代,その他,施錠した
窃盗,自転車盗,兵庫,荒田,281051,兵庫県,神戸市兵庫区,荒田町２丁目,2023[sanitize]07[sanitize]22,14,その他,その他,40歳代,その他,施錠した
窃盗,自転車盗,兵庫,荒田,281051,兵庫県,神戸市兵庫区,荒田町２丁目,2023[sanitize]08[sanitize]01,12,４階建て以上共同住宅,駐車（輪）場,40歳代,その他,施錠した
窃盗,自転車盗,兵庫,荒田,281051,兵庫県,神戸市兵庫区,荒田町２丁目,2023[sanitize]09[sanitize]16,19,道路上,その他,10歳代,高校生,施錠せず
窃盗,自転車盗,兵庫,荒田,281051,兵庫県,神戸市兵庫区,荒田町２丁目,2023[sanitize]09[sanitize]20,08,道路上,その他,70歳以上,その他,施錠した
窃盗,自転車盗,兵庫,荒田,281051,兵庫県,神戸市兵庫区,荒田町２丁目,2023[sanitize]11[sanitize]21,17,４階建て以上共同住宅,駐車（輪）場,20歳代,その他,施錠した
窃盗,自転車盗,兵庫,荒田,281051,兵庫県,神戸市兵庫区,荒田町３丁目,2023[sanitize]01[sanitize]20,22,道路上,その他,20歳代,その他,施錠せず
窃盗,自転車盗,兵庫,荒田,281051,兵庫県,神戸市兵庫区,荒田町３丁目,2023[sanitize]02[sanitize]27,15,その他の住宅（３階建て以下共同住宅等）,その他,20歳代,大学生,施錠せず
窃盗,自転車盗,兵庫,荒田,281051,兵庫県,神戸市兵庫区,荒田町４丁目,2023[sanitize]11[sanitize]01,22,一戸建住宅,その他,10歳代,高校生,施錠せず
窃盗,自転車盗,兵庫,荒田,281051,兵庫県,神戸市兵庫区,荒田町４丁目,2023[sanitize]11[sanitize]19,17,道路上,その他,10歳未満,小学生,施錠せず
窃盗,自転車盗,兵庫,菊水西,281051,兵庫県,神戸市兵庫区,菊水町９丁目,2023[sanitize]10[sanitize]03,20,道路上,その他,50歳代,その他,施錠した
窃盗,自転車盗,兵庫,菊水西,281051,兵庫県,神戸市兵庫区,菊水町１０丁目,2023[sanitize]03[sanitize]15,08,４階建て以上共同住宅,駐車（輪）場,40歳代,その他,施錠した
窃盗,自転車盗,兵庫,菊水西,281051,兵庫県,神戸市兵庫区,菊水町１０丁目,2023[sanitize]06[sanitize]12,01,４階建て以上共同住宅,駐車（輪）場,40歳代,その他,施錠せず
窃盗,自転車盗,兵庫,菊水西,281051,兵庫県,神戸市兵庫区,滝山町,2023[sanitize]07[sanitize]22,14,その他の住宅（３階建て以下共同住宅等）,駐車（輪）場,10歳代,高校生,施錠した
窃盗,自転車盗,長田,上池田,281069,兵庫県,神戸市長田区,上池田３丁目,2023[sanitize]03[sanitize]06,07,一戸建住宅,その他,10歳代,中学生,施錠した
窃盗,自転車盗,長田,上池田,281069,兵庫県,神戸市長田区,上池田３丁目,2023[sanitize]11[sanitize]30,04,道路上,その他,70歳以上,その他,施錠せず
窃盗,自転車盗,長田,丸山,281069,兵庫県,神戸市長田区,長者町,2023[sanitize]08[sanitize]10,09,道路上,その他,20歳代,その他,施錠した
窃盗,自転車盗,長田,丸山,281069,兵庫県,神戸市長田区,檜川町３丁目,2023[sanitize]04[sanitize]15,17,道路上,その他,60[sanitize]64歳,その他,施錠せず
窃盗,自転車盗,長田,久保,281069,兵庫県,神戸市長田区,腕塚町３丁目,2023[sanitize]07[sanitize]16,20,一戸建住宅,駐車（輪）場,40歳代,その他,施錠した
窃盗,自転車盗,長田,久保,281069,兵庫県,神戸市長田区,腕塚町４丁目,2023[sanitize]07[sanitize]20,18,道路上,その他,40歳代,その他,施錠せず
窃盗,自転車盗,長田,久保,281069,兵庫県,神戸市長田区,腕塚町５丁目,2022[sanitize]12[sanitize]05,07,道路上,その他,10歳代,高校生,施錠した
窃盗,自転車盗,長田,久保,281069,兵庫県,神戸市長田区,腕塚町５丁目,2023[sanitize]08[sanitize]23,12,道路上,その他,20歳代,その他,施錠した
窃盗,自転車盗,長田,久保,281069,兵庫県,神戸市長田区,腕塚町６丁目,2023[sanitize]03[sanitize]07,13,４階建て以上共同住宅,駐車（輪）場,50歳代,その他,施錠した
窃盗,自転車盗,長田,久保,281069,兵庫県,神戸市長田区,腕塚町８丁目,2023[sanitize]12[sanitize]03,22,道路上,その他,10歳代,高校生,施錠せず
窃盗,自転車盗,長田,久保,281069,兵庫県,神戸市長田区,久保町３丁目,2023[sanitize]03[sanitize]25,11,駐車（輪）場,駐車（輪）場,65[sanitize]69歳,その他,施錠した
窃盗,自転車盗,長田,久保,281069,兵庫県,神戸市長田区,久保町３丁目,2023[sanitize]09[sanitize]07,06,道路上,その他,20歳代,その他,施錠せず
窃盗,自転車盗,長田,久保,281069,兵庫県,神戸市長田区,久保町４丁目,2023[sanitize]09[sanitize]23,17,道路上,その他,30歳代,その他,施錠せず
窃盗,自転車盗,長田,久保,281069,兵庫県,神戸市長田区,久保町５丁目,2023[sanitize]09[sanitize]29,15,道路上,その他,40歳代,その他,施錠せず
窃盗,自転車盗,長田,久保,281069,兵庫県,神戸市長田区,久保町５丁目,2023[sanitize]12[sanitize]18,18,道路上,その他,10歳代,中学生,施錠せず
窃盗,自転車盗,長田,久保,281069,兵庫県,神戸市長田区,久保町７丁目,2023[sanitize]10[sanitize]15,17,道路上,その他,60[sanitize]64歳,その他,施錠した
窃盗,自転車盗,長田,久保,281069,兵庫県,神戸市長田区,久保町９丁目,2023[sanitize]10[sanitize]16,20,一戸建住宅,その他,10歳代,高校生,施錠せず
窃盗,自転車盗,長田,久保,281069,兵庫県,神戸市長田区,久保町９丁目,2023[sanitize]10[sanitize]25,20,道路上,その他,20歳代,その他,施錠せず
窃盗,自転車盗,長田,久保,281069,兵庫県,神戸市長田区,駒ケ林町２丁目,2023[sanitize]11[sanitize]04,20,道路上,その他,40歳代,その他,施錠せず
窃盗,自転車盗,長田,久保,281069,兵庫県,神戸市長田区,駒ケ林町４丁目,2023[sanitize]08[sanitize]29,08,道路上,その他,50歳代,その他,施錠せず
窃盗,自転車盗,長田,久保,281069,兵庫県,神戸市長田区,駒ケ林町５丁目,2023[sanitize]02[sanitize]14,19,道路上,その他,70歳以上,その他,施錠せず
窃盗,自転車盗,長田,久保,281069,兵庫県,神戸市長田区,駒ケ林町５丁目,2023[sanitize]05[sanitize]19,22,道路上,その他,60[sanitize]64歳,その他,施錠した
窃盗,自転車盗,長田,久保,281069,兵庫県,神戸市長田区,駒ケ林町５丁目,2023[sanitize]07[sanitize]11,01,その他の住宅（３階建て以下共同住宅等）,その他,20歳代,その他,施錠せず
窃盗,自転車盗,長田,久保,281069,兵庫県,神戸市長田区,駒ケ林町５丁目,2023[sanitize]09[sanitize]24,19,道路上,その他,40歳代,その他,施錠せず
窃盗,自転車盗,長田,久保,281069,兵庫県,神戸市長田区,駒ケ林町５丁目,2023[sanitize]12[sanitize]01,18,一戸建住宅,その他,50歳代,その他,施錠せず
窃盗,自転車盗,長田,久保,281069,兵庫県,神戸市長田区,庄田町２丁目,2023[sanitize]02[sanitize]01,13,道路上,その他,70歳以上,その他,施錠した
窃盗,自転車盗,長田,久保,281069,兵庫県,神戸市長田区,庄田町３丁目,2023[sanitize]04[sanitize]26,16,４階建て以上共同住宅,駐車（輪）場,20歳代,その他,施錠した
窃盗,自転車盗,長田,久保,281069,兵庫県,神戸市長田区,西尻池町３丁目,2023[sanitize]03[sanitize]12,10,道路上,その他,70歳以上,その他,施錠せず
窃盗,自転車盗,長田,久保,281069,兵庫県,神戸市長田区,西尻池町４丁目,2023[sanitize]03[sanitize]29,08,道路上,その他,30歳代,その他,施錠せず
窃盗,自転車盗,長田,久保,281069,兵庫県,神戸市長田区,西尻池町４丁目,2023[sanitize]10[sanitize]14,07,その他,その他,50歳代,その他,施錠した
窃盗,自転車盗,長田,久保,281069,兵庫県,神戸市長田区,西尻池町５丁目,2023[sanitize]07[sanitize]14,12,４階建て以上共同住宅,駐車（輪）場,30歳代,その他,施錠せず
窃盗,自転車盗,長田,久保,281069,兵庫県,神戸市長田区,二葉町２丁目,2023[sanitize]05[sanitize]25,14,４階建て以上共同住宅,駐車（輪）場,70歳以上,その他,施錠した
窃盗,自転車盗,長田,久保,281069,兵庫県,神戸市長田区,二葉町４丁目,2023[sanitize]08[sanitize]08,10,道路上,その他,70歳以上,その他,施錠した
窃盗,自転車盗,長田,久保,281069,兵庫県,神戸市長田区,二葉町４丁目,2023[sanitize]12[sanitize]14,19,その他,駐車（輪）場,30歳代,その他,施錠せず
窃盗,自転車盗,長田,久保,281069,兵庫県,神戸市長田区,二葉町５丁目,2023[sanitize]01[sanitize]16,18,駐車（輪）場,駐車（輪）場,10歳代,中学生,施錠せず
窃盗,自転車盗,長田,久保,281069,兵庫県,神戸市長田区,二葉町５丁目,2023[sanitize]01[sanitize]25,07,駐車（輪）場,駐車（輪）場,30歳代,その他,施錠せず
窃盗,自転車盗,長田,久保,281069,兵庫県,神戸市長田区,二葉町５丁目,2023[sanitize]05[sanitize]03,14,その他,駐車（輪）場,10歳代,中学生,施錠せず
窃盗,自転車盗,長田,久保,281069,兵庫県,神戸市長田区,二葉町５丁目,2023[sanitize]06[sanitize]14,08,駐車（輪）場,駐車（輪）場,20歳代,その他,施錠せず
窃盗,自転車盗,長田,久保,281069,兵庫県,神戸市長田区,二葉町５丁目,2023[sanitize]07[sanitize]02,10,その他,その他,65[sanitize]69歳,その他,施錠した
窃盗,自転車盗,長田,久保,281069,兵庫県,神戸市長田区,二葉町５丁目,2023[sanitize]07[sanitize]05,23,道路上,その他,10歳代,中学生,施錠した
窃盗,自転車盗,長田,久保,281069,兵庫県,神戸市長田区,二葉町５丁目,2023[sanitize]12[sanitize]19,09,駐車（輪）場,駐車（輪）場,30歳代,その他,施錠した
窃盗,自転車盗,長田,久保,281069,兵庫県,神戸市長田区,二葉町６丁目,2023[sanitize]03[sanitize]03,16,道路上,その他,10歳未満,小学生,施錠せず
窃盗,自転車盗,長田,久保,281069,兵庫県,神戸市長田区,二葉町６丁目,2023[sanitize]06[sanitize]27,19,道路上,その他,10歳代,その他,施錠せず
窃盗,自転車盗,長田,久保,281069,兵庫県,神戸市長田区,二葉町６丁目,2023[sanitize]07[sanitize]19,14,その他,駐車（輪）場,40歳代,その他,施錠せず
窃盗,自転車盗,長田,久保,281069,兵庫県,神戸市長田区,二葉町６丁目,2023[sanitize]10[sanitize]10,17,道路上,その他,50歳代,その他,施錠せず
窃盗,自転車盗,長田,久保,281069,兵庫県,神戸市長田区,二葉町６丁目,2023[sanitize]10[sanitize]23,16,４階建て以上共同住宅,駐車（輪）場,10歳未満,小学生,施錠した
窃盗,自転車盗,長田,久保,281069,兵庫県,神戸市長田区,二葉町８丁目,2023[sanitize]08[sanitize]16,11,道路上,その他,40歳代,その他,施錠せず
窃盗,自転車盗,長田,久保,281069,兵庫県,神戸市長田区,二葉町８丁目,2023[sanitize]09[sanitize]09,21,駐車（輪）場,駐車（輪）場,30歳代,その他,施錠せず
窃盗,自転車盗,長田,久保,281069,兵庫県,神戸市長田区,二葉町９丁目,2023[sanitize]11[sanitize]01,21,一戸建住宅,駐車（輪）場,10歳代,高校生,施錠せず
窃盗,自転車盗,長田,久保,281069,兵庫県,神戸市長田区,南駒栄町,2023[sanitize]05[sanitize]27,19,その他,その他,20歳代,その他,施錠せず
窃盗,自転車盗,長田,久保,281069,兵庫県,神戸市長田区,南駒栄町,2023[sanitize]08[sanitize]31,14,駐車（輪）場,駐車（輪）場,10歳代,小学生,施錠せず
窃盗,自転車盗,長田,名倉,281069,兵庫県,神戸市長田区,長田天神町１丁目,2023[sanitize]07[sanitize]04,15,道路上,その他,10歳代,その他,施錠せず
窃盗,自転車盗,長田,名倉,281069,兵庫県,神戸市長田区,長田天神町２丁目,2023[sanitize]02[sanitize]07,18,道路上,その他,20歳代,大学生,施錠した
窃盗,自転車盗,長田,名倉,281069,兵庫県,神戸市長田区,長田天神町６丁目,2023[sanitize]07[sanitize]20,16,４階建て以上共同住宅,駐車（輪）場,10歳代,中学生,施錠せず
窃盗,自転車盗,長田,名倉,281069,兵庫県,神戸市長田区,房王寺町４丁目,2023[sanitize]05[sanitize]20,10,４階建て以上共同住宅,駐車（輪）場,10歳未満,小学生,施錠せず
窃盗,自転車盗,長田,名倉,281069,兵庫県,神戸市長田区,房王寺町４丁目,2023[sanitize]11[sanitize]18,23,４階建て以上共同住宅,駐車（輪）場,65[sanitize]69歳,その他,施錠せず
窃盗,自転車盗,長田,名倉,281069,兵庫県,神戸市長田区,明泉寺町２丁目,2023[sanitize]07[sanitize]14,21,４階建て以上共同住宅,駐車（輪）場,10歳代,中学生,施錠した
窃盗,自転車盗,長田,大谷,281069,兵庫県,神戸市長田区,大谷町１丁目,2023[sanitize]01[sanitize]13,08,その他の住宅（３階建て以下共同住宅等）,駐車（輪）場,40歳代,その他,施錠した
窃盗,自転車盗,長田,大谷,281069,兵庫県,神戸市長田区,大谷町１丁目,2023[sanitize]07[sanitize]10,08,駐車（輪）場,駐車（輪）場,40歳代,その他,施錠せず
窃盗,自転車盗,長田,大谷,281069,兵庫県,神戸市長田区,五位ノ池町２丁目,2023[sanitize]06[sanitize]10,09,４階建て以上共同住宅,駐車（輪）場,50歳代,その他,施錠せず
窃盗,自転車盗,長田,大谷,281069,兵庫県,神戸市長田区,五位ノ池町２丁目,2023[sanitize]09[sanitize]17,18,４階建て以上共同住宅,駐車（輪）場,30歳代,その他,施錠せず
窃盗,自転車盗,長田,大谷,281069,兵庫県,神戸市長田区,蓮宮通１丁目,2023[sanitize]09[sanitize]16,15,道路上,その他,30歳代,その他,施錠せず
窃盗,自転車盗,長田,大谷,281069,兵庫県,神戸市長田区,蓮宮通２丁目,2023[sanitize]06[sanitize]13,03,一戸建住宅,その他,20歳代,その他,施錠せず
窃盗,自転車盗,長田,大谷,281069,兵庫県,神戸市長田区,蓮宮通５丁目,2023[sanitize]09[sanitize]23,15,一戸建住宅,その他,40歳代,その他,施錠せず
窃盗,自転車盗,長田,大谷,281069,兵庫県,神戸市長田区,御船通２丁目,2023[sanitize]11[sanitize]16,14,４階建て以上共同住宅,駐車（輪）場,30歳代,その他,施錠せず
窃盗,自転車盗,長田,大谷,281069,兵庫県,神戸市長田区,山下町１丁目,2023[sanitize]04[sanitize]08,17,４階建て以上共同住宅,駐車（輪）場,30歳代,その他,施錠せず
窃盗,自転車盗,長田,大谷,281069,兵庫県,神戸市長田区,山下町１丁目,2023[sanitize]10[sanitize]05,09,道路上,その他,10歳代,高校生,施錠せず
窃盗,自転車盗,長田,大谷,281069,兵庫県,神戸市長田区,山下町３丁目,2023[sanitize]03[sanitize]15,不明,道路上,その他,10歳代,高校生,施錠した
窃盗,自転車盗,長田,寺池,281069,兵庫県,神戸市長田区,大塚町２丁目,2023[sanitize]09[sanitize]13,20,一戸建住宅,駐車（輪）場,10歳代,その他,施錠せず
窃盗,自転車盗,長田,寺池,281069,兵庫県,神戸市長田区,重池町１丁目,2023[sanitize]03[sanitize]27,17,一戸建住宅,その他,10歳代,その他,施錠せず
窃盗,自転車盗,長田,寺池,281069,兵庫県,神戸市長田区,片山町１丁目,2023[sanitize]05[sanitize]05,07,一戸建住宅,駐車（輪）場,70歳以上,その他,施錠せず
窃盗,自転車盗,長田,寺池,281069,兵庫県,神戸市長田区,片山町１丁目,2023[sanitize]11[sanitize]21,19,道路上,その他,20歳代,その他,施錠せず
窃盗,自転車盗,長田,寺池,281069,兵庫県,神戸市長田区,片山町５丁目,2023[sanitize]08[sanitize]31,17,４階建て以上共同住宅,駐車（輪）場,20歳代,その他,施錠した
窃盗,自転車盗,長田,寺池,281069,兵庫県,神戸市長田区,寺池町１丁目,2023[sanitize]07[sanitize]13,17,４階建て以上共同住宅,駐車（輪）場,10歳代,小学生,施錠せず
窃盗,自転車盗,長田,寺池,281069,兵庫県,神戸市長田区,寺池町１丁目,2023[sanitize]07[sanitize]19,06,その他,駐車（輪）場,10歳代,大学生,施錠した
窃盗,自転車盗,長田,寺池,281069,兵庫県,神戸市長田区,寺池町２丁目,2020[sanitize]03[sanitize]30,12,４階建て以上共同住宅,駐車（輪）場,50歳代,その他,施錠した
窃盗,自転車盗,長田,寺池,281069,兵庫県,神戸市長田区,寺池町２丁目,2023[sanitize]06[sanitize]29,08,その他の住宅（３階建て以下共同住宅等）,その他,10歳代,その他,施錠せず
窃盗,自転車盗,長田,寺池,281069,兵庫県,神戸市長田区,寺池町３丁目,2023[sanitize]09[sanitize]10,18,４階建て以上共同住宅,その他,30歳代,その他,施錠せず
窃盗,自転車盗,長田,寺池,281069,兵庫県,神戸市長田区,房王寺町１丁目,2023[sanitize]05[sanitize]27,15,４階建て以上共同住宅,駐車（輪）場,20歳代,その他,施錠した
窃盗,自転車盗,長田,平和台,281069,兵庫県,神戸市長田区,平和台町３丁目,2023[sanitize]01[sanitize]18,09,４階建て以上共同住宅,駐車（輪）場,40歳代,その他,施錠した
窃盗,自転車盗,長田,御蔵,281069,兵庫県,神戸市長田区,一番町２丁目,2023[sanitize]04[sanitize]11,09,駐車（輪）場,駐車（輪）場,60[sanitize]64歳,その他,施錠した
窃盗,自転車盗,長田,御蔵,281069,兵庫県,神戸市長田区,一番町３丁目,2022[sanitize]01[sanitize]04,01,道路上,その他,50歳代,その他,施錠せず
窃盗,自転車盗,長田,御蔵,281069,兵庫県,神戸市長田区,一番町５丁目,2023[sanitize]07[sanitize]30,16,４階建て以上共同住宅,駐車（輪）場,20歳代,その他,施錠せず
窃盗,自転車盗,長田,御蔵,281069,兵庫県,神戸市長田区,北町１丁目,2023[sanitize]03[sanitize]20,18,その他,駐車（輪）場,10歳代,小学生,施錠せず
窃盗,自転車盗,長田,御蔵,281069,兵庫県,神戸市長田区,北町１丁目,2023[sanitize]03[sanitize]31,23,その他,駐車（輪）場,20歳代,その他,施錠せず
窃盗,自転車盗,長田,御蔵,281069,兵庫県,神戸市長田区,北町１丁目,2023[sanitize]12[sanitize]12,17,駐車（輪）場,駐車（輪）場,20歳代,その他,施錠せず
窃盗,自転車盗,長田,御蔵,281069,兵庫県,神戸市長田区,北町２丁目,2023[sanitize]02[sanitize]16,10,その他,駐車（輪）場,20歳代,その他,施錠せず
窃盗,自転車盗,長田,御蔵,281069,兵庫県,神戸市長田区,北町２丁目,2023[sanitize]03[sanitize]06,07,その他,駐車（輪）場,20歳代,その他,施錠せず
窃盗,自転車盗,長田,御蔵,281069,兵庫県,神戸市長田区,北町２丁目,2023[sanitize]04[sanitize]27,07,駐車（輪）場,駐車（輪）場,20歳代,大学生,施錠せず
窃盗,自転車盗,長田,御蔵,281069,兵庫県,神戸市長田区,北町２丁目,2023[sanitize]06[sanitize]15,17,その他,駐車（輪）場,30歳代,その他,施錠せず
窃盗,自転車盗,長田,御蔵,281069,兵庫県,神戸市長田区,北町２丁目,2023[sanitize]06[sanitize]24,19,道路上,その他,10歳代,小学生,施錠せず
窃盗,自転車盗,長田,御蔵,281069,兵庫県,神戸市長田区,北町２丁目,2023[sanitize]06[sanitize]25,21,道路上,その他,20歳代,その他,施錠せず
窃盗,自転車盗,長田,御蔵,281069,兵庫県,神戸市長田区,北町２丁目,2023[sanitize]09[sanitize]06,06,駐車（輪）場,駐車（輪）場,40歳代,その他,施錠せず
窃盗,自転車盗,長田,御蔵,281069,兵庫県,神戸市長田区,北町２丁目,2023[sanitize]10[sanitize]09,01,道路上,その他,70歳以上,その他,施錠せず
窃盗,自転車盗,長田,御蔵,281069,兵庫県,神戸市長田区,北町２丁目,2023[sanitize]10[sanitize]11,21,４階建て以上共同住宅,駐車（輪）場,40歳代,その他,施錠した
窃盗,自転車盗,長田,御蔵,281069,兵庫県,神戸市長田区,北町２丁目,2023[sanitize]10[sanitize]12,23,駐車（輪）場,駐車（輪）場,50歳代,その他,施錠せず
窃盗,自転車盗,長田,御蔵,281069,兵庫県,神戸市長田区,北町２丁目,2023[sanitize]10[sanitize]26,01,駐車（輪）場,駐車（輪）場,50歳代,その他,施錠せず
窃盗,自転車盗,長田,御蔵,281069,兵庫県,神戸市長田区,北町２丁目,2023[sanitize]11[sanitize]01,08,道路上,その他,50歳代,その他,施錠した
窃盗,自転車盗,長田,御蔵,281069,兵庫県,神戸市長田区,北町２丁目,2023[sanitize]11[sanitize]12,07,駐車（輪）場,駐車（輪）場,40歳代,その他,施錠した
窃盗,自転車盗,長田,御蔵,281069,兵庫県,神戸市長田区,北町３丁目,2023[sanitize]08[sanitize]31,12,４階建て以上共同住宅,駐車（輪）場,50歳代,その他,施錠した
窃盗,自転車盗,長田,御蔵,281069,兵庫県,神戸市長田区,北町３丁目,2023[sanitize]11[sanitize]16,01,４階建て以上共同住宅,駐車（輪）場,10歳代,中学生,施錠せず
窃盗,自転車盗,長田,御蔵,281069,兵庫県,神戸市長田区,菅原通１丁目,2023[sanitize]03[sanitize]07,13,道路上,その他,20歳代,その他,施錠せず
窃盗,自転車盗,長田,御蔵,281069,兵庫県,神戸市長田区,菅原通２丁目,2023[sanitize]03[sanitize]08,11,４階建て以上共同住宅,駐車（輪）場,20歳代,その他,施錠した
窃盗,自転車盗,長田,御蔵,281069,兵庫県,神戸市長田区,菅原通２丁目,2023[sanitize]08[sanitize]20,20,４階建て以上共同住宅,駐車（輪）場,30歳代,その他,施錠せず
窃盗,自転車盗,長田,御蔵,281069,兵庫県,神戸市長田区,菅原通５丁目,2023[sanitize]02[sanitize]11,17,４階建て以上共同住宅,駐車（輪）場,30歳代,その他,施錠せず
窃盗,自転車盗,長田,御蔵,281069,兵庫県,神戸市長田区,菅原通５丁目,2023[sanitize]07[sanitize]28,06,４階建て以上共同住宅,駐車（輪）場,20歳代,その他,施錠した
窃盗,自転車盗,長田,御蔵,281069,兵庫県,神戸市長田区,菅原通６丁目,2023[sanitize]08[sanitize]28,19,道路上,その他,10歳代,中学生,施錠せず
窃盗,自転車盗,長田,御蔵,281069,兵庫県,神戸市長田区,菅原通６丁目,2023[sanitize]11[sanitize]15,20,その他の住宅（３階建て以下共同住宅等）,その他,70歳以上,その他,施錠した
窃盗,自転車盗,長田,御蔵,281069,兵庫県,神戸市長田区,菅原通７丁目,2023[sanitize]04[sanitize]03,08,道路上,その他,40歳代,その他,施錠せず
窃盗,自転車盗,長田,御蔵,281069,兵庫県,神戸市長田区,菅原通７丁目,2023[sanitize]12[sanitize]25,14,道路上,その他,10歳代,中学生,施錠した
窃盗,自転車盗,長田,御蔵,281069,兵庫県,神戸市長田区,二番町３丁目,2023[sanitize]09[sanitize]02,16,道路上,その他,50歳代,その他,施錠した
窃盗,自転車盗,長田,御蔵,281069,兵庫県,神戸市長田区,御蔵通１丁目,2023[sanitize]06[sanitize]15,17,道路上,その他,10歳代,中学生,施錠した
窃盗,自転車盗,長田,御蔵,281069,兵庫県,神戸市長田区,御蔵通２丁目,2023[sanitize]02[sanitize]28,21,４階建て以上共同住宅,駐車（輪）場,10歳代,小学生,施錠した
窃盗,自転車盗,長田,御蔵,281069,兵庫県,神戸市長田区,御蔵通３丁目,2023[sanitize]09[sanitize]17,17,一戸建住宅,その他,40歳代,その他,施錠した
窃盗,自転車盗,長田,御蔵,281069,兵庫県,神戸市長田区,御蔵通４丁目,2023[sanitize]12[sanitize]25,19,一戸建住宅,駐車（輪）場,10歳代,高校生,施錠した
窃盗,自転車盗,長田,御蔵,281069,兵庫県,神戸市長田区,御蔵通６丁目,2023[sanitize]05[sanitize]20,不明,その他,その他,70歳以上,その他,施錠した
窃盗,自転車盗,長田,御蔵,281069,兵庫県,神戸市長田区,御蔵通６丁目,2023[sanitize]12[sanitize]08,14,駐車（輪）場,駐車（輪）場,20歳代,その他,施錠した
窃盗,自転車盗,長田,御蔵,281069,兵庫県,神戸市長田区,御蔵通７丁目,2023[sanitize]01[sanitize]16,17,一戸建住宅,その他,40歳代,その他,施錠せず
窃盗,自転車盗,長田,新長田駅前,281069,兵庫県,神戸市長田区,大塚町６丁目,2023[sanitize]01[sanitize]12,08,道路上,その他,65[sanitize]69歳,その他,施錠した
窃盗,自転車盗,長田,新長田駅前,281069,兵庫県,神戸市長田区,大橋町４丁目,2022[sanitize]12[sanitize]25,18,道路上,その他,20歳代,その他,施錠せず
窃盗,自転車盗,長田,新長田駅前,281069,兵庫県,神戸市長田区,大橋町５丁目,2023[sanitize]05[sanitize]24,09,道路上,その他,20歳代,大学生,施錠せず
窃盗,自転車盗,長田,新長田駅前,281069,兵庫県,神戸市長田区,大橋町５丁目,2023[sanitize]06[sanitize]21,12,４階建て以上共同住宅,駐車（輪）場,30歳代,その他,施錠せず
窃盗,自転車盗,長田,新長田駅前,281069,兵庫県,神戸市長田区,大橋町６丁目,2023[sanitize]02[sanitize]23,08,４階建て以上共同住宅,その他,50歳代,その他,施錠せず
窃盗,自転車盗,長田,新長田駅前,281069,兵庫県,神戸市長田区,大橋町６丁目,2023[sanitize]03[sanitize]01,16,道路上,その他,10歳未満,小学生,施錠せず
窃盗,自転車盗,長田,新長田駅前,281069,兵庫県,神戸市長田区,大橋町６丁目,2023[sanitize]04[sanitize]05,15,道路上,その他,50歳代,その他,施錠せず
窃盗,自転車盗,長田,新長田駅前,281069,兵庫県,神戸市長田区,大橋町６丁目,2023[sanitize]05[sanitize]06,21,道路上,その他,10歳代,高校生,施錠せず
窃盗,自転車盗,長田,新長田駅前,281069,兵庫県,神戸市長田区,大橋町６丁目,2023[sanitize]05[sanitize]30,16,道路上,その他,50歳代,その他,施錠した
窃盗,自転車盗,長田,新長田駅前,281069,兵庫県,神戸市長田区,大橋町６丁目,2023[sanitize]07[sanitize]06,10,４階建て以上共同住宅,駐車（輪）場,70歳以上,その他,施錠した
窃盗,自転車盗,長田,新長田駅前,281069,兵庫県,神戸市長田区,大橋町６丁目,2023[sanitize]07[sanitize]20,12,道路上,その他,20歳代,その他,施錠した
窃盗,自転車盗,長田,新長田駅前,281069,兵庫県,神戸市長田区,大橋町６丁目,2023[sanitize]07[sanitize]23,19,道路上,その他,20歳代,その他,施錠せず
窃盗,自転車盗,長田,新長田駅前,281069,兵庫県,神戸市長田区,大橋町６丁目,2023[sanitize]10[sanitize]10,18,４階建て以上共同住宅,その他,40歳代,その他,施錠せず
窃盗,自転車盗,長田,新長田駅前,281069,兵庫県,神戸市長田区,大橋町９丁目,2023[sanitize]10[sanitize]17,16,道路上,その他,20歳代,その他,施錠せず
窃盗,自転車盗,長田,新長田駅前,281069,兵庫県,神戸市長田区,神楽町６丁目,2022[sanitize]12[sanitize]28,08,その他,駐車（輪）場,20歳代,大学生,施錠せず
窃盗,自転車盗,長田,新長田駅前,281069,兵庫県,神戸市長田区,神楽町６丁目,2023[sanitize]06[sanitize]04,19,駐車（輪）場,駐車（輪）場,50歳代,その他,施錠した
窃盗,自転車盗,長田,新長田駅前,281069,兵庫県,神戸市長田区,神楽町６丁目,2023[sanitize]07[sanitize]26,10,道路上,その他,法人・団体、被害者なし,法人・団体、被害者なし,施錠せず
窃盗,自転車盗,長田,新長田駅前,281069,兵庫県,神戸市長田区,神楽町６丁目,2023[sanitize]08[sanitize]26,10,駐車（輪）場,駐車（輪）場,50歳代,その他,施錠した
窃盗,自転車盗,長田,新長田駅前,281069,兵庫県,神戸市長田区,神楽町６丁目,2023[sanitize]10[sanitize]19,09,駐車（輪）場,駐車（輪）場,20歳代,その他,施錠せず
窃盗,自転車盗,長田,新長田駅前,281069,兵庫県,神戸市長田区,神楽町６丁目,2023[sanitize]12[sanitize]17,17,駐車（輪）場,駐車（輪）場,30歳代,その他,施錠せず
窃盗,自転車盗,長田,新長田駅前,281069,兵庫県,神戸市長田区,西尻池町２丁目,2023[sanitize]10[sanitize]14,11,一戸建住宅,駐車（輪）場,10歳代,小学生,施錠せず
窃盗,自転車盗,長田,新長田駅前,281069,兵庫県,神戸市長田区,日吉町１丁目,2023[sanitize]06[sanitize]05,16,その他,その他,10歳代,中学生,施錠した
窃盗,自転車盗,長田,新長田駅前,281069,兵庫県,神戸市長田区,日吉町１丁目,2023[sanitize]11[sanitize]03,17,道路上,その他,10歳未満,小学生,施錠せず
窃盗,自転車盗,長田,新長田駅前,281069,兵庫県,神戸市長田区,日吉町１丁目,2023[sanitize]11[sanitize]06,18,その他,その他,10歳代,中学生,施錠せず
窃盗,自転車盗,長田,新長田駅前,281069,兵庫県,神戸市長田区,本庄町２丁目,2023[sanitize]03[sanitize]31,12,一戸建住宅,駐車（輪）場,50歳代,その他,施錠せず
窃盗,自転車盗,長田,新長田駅前,281069,兵庫県,神戸市長田区,松野通１丁目,2023[sanitize]05[sanitize]03,18,道路上,その他,10歳代,その他,施錠せず
窃盗,自転車盗,長田,新長田駅前,281069,兵庫県,神戸市長田区,松野通１丁目,2023[sanitize]07[sanitize]26,10,道路上,その他,10歳代,高校生,施錠せず
窃盗,自転車盗,長田,新長田駅前,281069,兵庫県,神戸市長田区,松野通１丁目,2023[sanitize]08[sanitize]27,16,道路上,その他,10歳代,高校生,施錠した
窃盗,自転車盗,長田,新長田駅前,281069,兵庫県,神戸市長田区,松野通１丁目,2023[sanitize]10[sanitize]08,07,その他,その他,20歳代,その他,施錠せず
窃盗,自転車盗,長田,新長田駅前,281069,兵庫県,神戸市長田区,松野通２丁目,2023[sanitize]10[sanitize]26,07,駐車（輪）場,駐車（輪）場,10歳代,高校生,施錠せず
窃盗,自転車盗,長田,新長田駅前,281069,兵庫県,神戸市長田区,松野通４丁目,2023[sanitize]09[sanitize]09,19,４階建て以上共同住宅,駐車（輪）場,10歳代,高校生,施錠せず
窃盗,自転車盗,長田,新長田駅前,281069,兵庫県,神戸市長田区,水笠通６丁目,2023[sanitize]02[sanitize]04,20,道路上,その他,40歳代,その他,施錠せず
窃盗,自転車盗,長田,新長田駅前,281069,兵庫県,神戸市長田区,若松町１丁目,2023[sanitize]10[sanitize]25,21,一戸建住宅,その他,10歳代,高校生,施錠せず
窃盗,自転車盗,長田,新長田駅前,281069,兵庫県,神戸市長田区,若松町３丁目,2023[sanitize]02[sanitize]10,20,４階建て以上共同住宅,駐車（輪）場,10歳代,中学生,施錠した
窃盗,自転車盗,長田,新長田駅前,281069,兵庫県,神戸市長田区,若松町３丁目,2023[sanitize]03[sanitize]25,17,道路上,その他,10歳代,その他,施錠せず
窃盗,自転車盗,長田,新長田駅前,281069,兵庫県,神戸市長田区,若松町３丁目,2023[sanitize]08[sanitize]26,22,道路上,その他,40歳代,その他,施錠せず
窃盗,自転車盗,長田,新長田駅前,281069,兵庫県,神戸市長田区,若松町４丁目,2023[sanitize]01[sanitize]04,12,駐車（輪）場,駐車（輪）場,20歳代,その他,施錠せず
窃盗,自転車盗,長田,新長田駅前,281069,兵庫県,神戸市長田区,若松町４丁目,2023[sanitize]01[sanitize]09,18,道路上,その他,70歳以上,その他,施錠した
窃盗,自転車盗,長田,新長田駅前,281069,兵庫県,神戸市長田区,若松町４丁目,2023[sanitize]03[sanitize]20,17,その他,その他,70歳以上,その他,施錠した
窃盗,自転車盗,長田,新長田駅前,281069,兵庫県,神戸市長田区,若松町４丁目,2023[sanitize]04[sanitize]11,08,その他,その他,10歳代,大学生,施錠した
窃盗,自転車盗,長田,新長田駅前,281069,兵庫県,神戸市長田区,若松町４丁目,2023[sanitize]04[sanitize]28,18,その他,駐車（輪）場,10歳代,中学生,施錠せず
窃盗,自転車盗,長田,新長田駅前,281069,兵庫県,神戸市長田区,若松町４丁目,2023[sanitize]05[sanitize]07,08,その他,駐車（輪）場,65[sanitize]69歳,その他,施錠した
窃盗,自転車盗,長田,新長田駅前,281069,兵庫県,神戸市長田区,若松町４丁目,2023[sanitize]05[sanitize]10,15,その他,駐車（輪）場,20歳代,その他,施錠した
窃盗,自転車盗,長田,新長田駅前,281069,兵庫県,神戸市長田区,若松町４丁目,2023[sanitize]06[sanitize]08,19,道路上,その他,10歳代,高校生,施錠した
窃盗,自転車盗,長田,新長田駅前,281069,兵庫県,神戸市長田区,若松町４丁目,2023[sanitize]06[sanitize]09,13,駐車（輪）場,駐車（輪）場,10歳代,高校生,施錠せず
窃盗,自転車盗,長田,新長田駅前,281069,兵庫県,神戸市長田区,若松町４丁目,2023[sanitize]06[sanitize]25,19,その他,駐車（輪）場,20歳代,大学生,施錠した
窃盗,自転車盗,長田,新長田駅前,281069,兵庫県,神戸市長田区,若松町４丁目,2023[sanitize]07[sanitize]20,09,その他,その他,20歳代,その他,施錠した
窃盗,自転車盗,長田,新長田駅前,281069,兵庫県,神戸市長田区,若松町４丁目,2023[sanitize]08[sanitize]01,09,駐車（輪）場,駐車（輪）場,20歳代,その他,施錠せず
窃盗,自転車盗,長田,新長田駅前,281069,兵庫県,神戸市長田区,若松町４丁目,2023[sanitize]08[sanitize]01,12,駐車（輪）場,駐車（輪）場,10歳代,高校生,施錠した
窃盗,自転車盗,長田,新長田駅前,281069,兵庫県,神戸市長田区,若松町４丁目,2023[sanitize]08[sanitize]05,07,道路上,その他,20歳代,その他,施錠せず
窃盗,自転車盗,長田,新長田駅前,281069,兵庫県,神戸市長田区,若松町４丁目,2023[sanitize]08[sanitize]15,08,４階建て以上共同住宅,駐車（輪）場,10歳代,小学生,施錠せず
窃盗,自転車盗,長田,新長田駅前,281069,兵庫県,神戸市長田区,若松町４丁目,2023[sanitize]10[sanitize]04,07,駐車（輪）場,駐車（輪）場,10歳代,その他,施錠せず
窃盗,自転車盗,長田,新長田駅前,281069,兵庫県,神戸市長田区,若松町４丁目,2023[sanitize]10[sanitize]21,09,道路上,その他,30歳代,その他,施錠した
窃盗,自転車盗,長田,新長田駅前,281069,兵庫県,神戸市長田区,若松町４丁目,2023[sanitize]12[sanitize]06,09,道路上,その他,60[sanitize]64歳,その他,施錠した
窃盗,自転車盗,長田,新長田駅前,281069,兵庫県,神戸市長田区,若松町４丁目,2023[sanitize]12[sanitize]20,08,駐車（輪）場,駐車（輪）場,20歳代,その他,施錠した
窃盗,自転車盗,長田,新長田駅前,281069,兵庫県,神戸市長田区,若松町４丁目,2023[sanitize]12[sanitize]26,21,駐車（輪）場,駐車（輪）場,40歳代,その他,施錠した
窃盗,自転車盗,長田,新長田駅前,281069,兵庫県,神戸市長田区,若松町５丁目,2022[sanitize]10[sanitize]01,16,道路上,その他,20歳代,その他,施錠せず
窃盗,自転車盗,長田,新長田駅前,281069,兵庫県,神戸市長田区,若松町５丁目,2023[sanitize]01[sanitize]04,20,駐車（輪）場,駐車（輪）場,70歳以上,その他,施錠せず
窃盗,自転車盗,長田,新長田駅前,281069,兵庫県,神戸市長田区,若松町５丁目,2023[sanitize]01[sanitize]12,15,駐車（輪）場,駐車（輪）場,70歳以上,その他,施錠した
窃盗,自転車盗,長田,新長田駅前,281069,兵庫県,神戸市長田区,若松町５丁目,2023[sanitize]01[sanitize]24,17,道路上,その他,10歳代,高校生,施錠せず
窃盗,自転車盗,長田,新長田駅前,281069,兵庫県,神戸市長田区,若松町５丁目,2023[sanitize]02[sanitize]16,07,その他,駐車（輪）場,10歳代,その他,施錠した
窃盗,自転車盗,長田,新長田駅前,281069,兵庫県,神戸市長田区,若松町５丁目,2023[sanitize]05[sanitize]19,21,その他,駐車（輪）場,40歳代,その他,施錠せず
窃盗,自転車盗,長田,新長田駅前,281069,兵庫県,神戸市長田区,若松町５丁目,2023[sanitize]05[sanitize]24,09,道路上,その他,10歳代,大学生,施錠せず
窃盗,自転車盗,長田,新長田駅前,281069,兵庫県,神戸市長田区,若松町５丁目,2023[sanitize]09[sanitize]05,09,その他,駐車（輪）場,70歳以上,その他,施錠せず
窃盗,自転車盗,長田,新長田駅前,281069,兵庫県,神戸市長田区,若松町５丁目,2023[sanitize]09[sanitize]25,18,駐車（輪）場,駐車（輪）場,10歳代,中学生,施錠せず
窃盗,自転車盗,長田,新長田駅前,281069,兵庫県,神戸市長田区,若松町５丁目,2023[sanitize]11[sanitize]19,05,道路上,その他,50歳代,その他,施錠せず
窃盗,自転車盗,長田,新長田駅前,281069,兵庫県,神戸市長田区,若松町６丁目,2023[sanitize]06[sanitize]19,10,道路上,その他,65[sanitize]69歳,その他,施錠した
窃盗,自転車盗,長田,新長田駅前,281069,兵庫県,神戸市長田区,若松町６丁目,2023[sanitize]10[sanitize]18,11,駐車（輪）場,駐車（輪）場,40歳代,その他,施錠した
窃盗,自転車盗,長田,新長田駅前,281069,兵庫県,神戸市長田区,若松町６丁目,2023[sanitize]12[sanitize]07,17,道路上,その他,10歳代,その他,施錠した
窃盗,自転車盗,長田,新長田駅前,281069,兵庫県,神戸市長田区,若松町８丁目,2023[sanitize]01[sanitize]14,16,４階建て以上共同住宅,駐車（輪）場,70歳以上,その他,施錠した
窃盗,自転車盗,長田,水笠,281069,兵庫県,神戸市長田区,大道通３丁目,2022[sanitize]09[sanitize]30,13,駐車（輪）場,駐車（輪）場,20歳代,その他,施錠した
窃盗,自転車盗,長田,水笠,281069,兵庫県,神戸市長田区,御屋敷通１丁目,2023[sanitize]04[sanitize]12,17,その他,その他,40歳代,その他,施錠せず
窃盗,自転車盗,長田,水笠,281069,兵庫県,神戸市長田区,御屋敷通１丁目,2023[sanitize]09[sanitize]05,11,駐車（輪）場,駐車（輪）場,10歳代,高校生,施錠せず
窃盗,自転車盗,長田,水笠,281069,兵庫県,神戸市長田区,御屋敷通１丁目,2023[sanitize]10[sanitize]25,12,駐車（輪）場,駐車（輪）場,10歳代,小学生,施錠せず
窃盗,自転車盗,長田,水笠,281069,兵庫県,神戸市長田区,御屋敷通２丁目,2023[sanitize]09[sanitize]05,20,駐車（輪）場,駐車（輪）場,10歳代,高校生,施錠せず
窃盗,自転車盗,長田,水笠,281069,兵庫県,神戸市長田区,御屋敷通２丁目,2023[sanitize]09[sanitize]23,15,駐車（輪）場,駐車（輪）場,20歳代,大学生,施錠せず
窃盗,自転車盗,長田,水笠,281069,兵庫県,神戸市長田区,御屋敷通２丁目,2023[sanitize]10[sanitize]19,15,駐車（輪）場,駐車（輪）場,10歳代,大学生,施錠せず
窃盗,自転車盗,長田,水笠,281069,兵庫県,神戸市長田区,御屋敷通２丁目,2023[sanitize]10[sanitize]22,16,駐車（輪）場,駐車（輪）場,40歳代,その他,施錠した
窃盗,自転車盗,長田,水笠,281069,兵庫県,神戸市長田区,御屋敷通２丁目,2023[sanitize]11[sanitize]18,16,駐車（輪）場,駐車（輪）場,10歳代,大学生,施錠せず
窃盗,自転車盗,長田,水笠,281069,兵庫県,神戸市長田区,御屋敷通２丁目,2023[sanitize]12[sanitize]03,17,駐車（輪）場,駐車（輪）場,30歳代,その他,施錠せず
窃盗,自転車盗,長田,水笠,281069,兵庫県,神戸市長田区,御屋敷通３丁目,2023[sanitize]01[sanitize]11,11,その他,駐車（輪）場,30歳代,その他,施錠した
窃盗,自転車盗,長田,水笠,281069,兵庫県,神戸市長田区,御屋敷通３丁目,2023[sanitize]02[sanitize]04,08,道路上,その他,10歳未満,小学生,施錠せず
窃盗,自転車盗,長田,水笠,281069,兵庫県,神戸市長田区,御屋敷通３丁目,2023[sanitize]02[sanitize]07,13,駐車（輪）場,駐車（輪）場,50歳代,その他,施錠せず
窃盗,自転車盗,長田,水笠,281069,兵庫県,神戸市長田区,御屋敷通３丁目,2023[sanitize]07[sanitize]07,08,その他,駐車（輪）場,10歳代,高校生,施錠せず
窃盗,自転車盗,長田,水笠,281069,兵庫県,神戸市長田区,御屋敷通３丁目,2023[sanitize]09[sanitize]20,18,その他,駐車（輪）場,20歳代,大学生,施錠せず
窃盗,自転車盗,長田,水笠,281069,兵庫県,神戸市長田区,御屋敷通５丁目,2023[sanitize]12[sanitize]09,10,道路上,その他,30歳代,その他,施錠せず
窃盗,自転車盗,長田,水笠,281069,兵庫県,神戸市長田区,神楽町４丁目,2023[sanitize]09[sanitize]04,16,道路上,その他,40歳代,その他,施錠せず
窃盗,自転車盗,長田,水笠,281069,兵庫県,神戸市長田区,神楽町５丁目,2023[sanitize]03[sanitize]15,20,４階建て以上共同住宅,駐車（輪）場,30歳代,その他,施錠した
窃盗,自転車盗,長田,水笠,281069,兵庫県,神戸市長田区,神楽町６丁目,2023[sanitize]06[sanitize]04,15,４階建て以上共同住宅,駐車（輪）場,20歳代,大学生,施錠せず
窃盗,自転車盗,長田,水笠,281069,兵庫県,神戸市長田区,神楽町６丁目,2023[sanitize]11[sanitize]02,12,道路上,その他,20歳代,その他,施錠した
窃盗,自転車盗,長田,水笠,281069,兵庫県,神戸市長田区,神楽町６丁目,2023[sanitize]12[sanitize]02,15,道路上,その他,70歳以上,その他,施錠せず
窃盗,自転車盗,長田,水笠,281069,兵庫県,神戸市長田区,川西通３丁目,2023[sanitize]12[sanitize]23,12,その他,駐車（輪）場,20歳代,その他,施錠せず
窃盗,自転車盗,長田,水笠,281069,兵庫県,神戸市長田区,川西通５丁目,2023[sanitize]09[sanitize]01,18,道路上,その他,10歳代,中学生,施錠せず
窃盗,自転車盗,長田,水笠,281069,兵庫県,神戸市長田区,西代通４丁目,2023[sanitize]11[sanitize]05,17,一戸建住宅,駐車（輪）場,40歳代,その他,施錠せず
窃盗,自転車盗,長田,水笠,281069,兵庫県,神戸市長田区,細田町７丁目,2023[sanitize]07[sanitize]08,10,道路上,その他,20歳代,その他,施錠せず
窃盗,自転車盗,長田,水笠,281069,兵庫県,神戸市長田区,松野通１丁目,2022[sanitize]12[sanitize]15,00,道路上,その他,40歳代,その他,施錠した
窃盗,自転車盗,長田,水笠,281069,兵庫県,神戸市長田区,松野通１丁目,2023[sanitize]01[sanitize]18,02,道路上,その他,30歳代,その他,施錠せず
窃盗,自転車盗,長田,水笠,281069,兵庫県,神戸市長田区,松野通１丁目,2023[sanitize]03[sanitize]11,13,その他,駐車（輪）場,40歳代,その他,施錠せず
窃盗,自転車盗,長田,水笠,281069,兵庫県,神戸市長田区,松野通１丁目,2023[sanitize]07[sanitize]11,10,その他,駐車（輪）場,50歳代,その他,施錠せず
窃盗,自転車盗,長田,水笠,281069,兵庫県,神戸市長田区,松野通１丁目,2023[sanitize]07[sanitize]16,16,駐車（輪）場,駐車（輪）場,20歳代,その他,施錠せず
窃盗,自転車盗,長田,水笠,281069,兵庫県,神戸市長田区,松野通１丁目,2023[sanitize]07[sanitize]20,19,その他,駐車（輪）場,20歳代,その他,施錠せず
窃盗,自転車盗,長田,水笠,281069,兵庫県,神戸市長田区,松野通１丁目,2023[sanitize]10[sanitize]26,19,道路上,その他,10歳代,中学生,施錠した
窃盗,自転車盗,長田,水笠,281069,兵庫県,神戸市長田区,松野通２丁目,2023[sanitize]03[sanitize]06,10,その他,その他,10歳代,高校生,施錠せず
窃盗,自転車盗,長田,水笠,281069,兵庫県,神戸市長田区,松野通２丁目,2023[sanitize]04[sanitize]20,19,一戸建住宅,その他,10歳代,中学生,施錠せず
窃盗,自転車盗,長田,水笠,281069,兵庫県,神戸市長田区,松野通２丁目,2023[sanitize]05[sanitize]09,19,その他,その他,10歳代,中学生,施錠せず
窃盗,自転車盗,長田,水笠,281069,兵庫県,神戸市長田区,松野通２丁目,2023[sanitize]08[sanitize]09,05,道路上,その他,50歳代,その他,施錠した
窃盗,自転車盗,長田,水笠,281069,兵庫県,神戸市長田区,松野通２丁目,2023[sanitize]09[sanitize]25,09,その他,駐車（輪）場,70歳以上,その他,施錠した
窃盗,自転車盗,長田,水笠,281069,兵庫県,神戸市長田区,松野通２丁目,2023[sanitize]09[sanitize]25,19,道路上,その他,10歳代,中学生,施錠せず
窃盗,自転車盗,長田,水笠,281069,兵庫県,神戸市長田区,松野通２丁目,2023[sanitize]11[sanitize]08,08,駐車（輪）場,駐車（輪）場,40歳代,その他,施錠せず
窃盗,自転車盗,長田,水笠,281069,兵庫県,神戸市長田区,松野通３丁目,2023[sanitize]05[sanitize]27,07,その他,その他,65[sanitize]69歳,その他,施錠せず
窃盗,自転車盗,長田,水笠,281069,兵庫県,神戸市長田区,松野通３丁目,2023[sanitize]07[sanitize]23,17,一戸建住宅,その他,40歳代,その他,施錠した
窃盗,自転車盗,長田,水笠,281069,兵庫県,神戸市長田区,松野通３丁目,2023[sanitize]10[sanitize]27,18,一戸建住宅,その他,10歳未満,小学生,施錠した
窃盗,自転車盗,長田,水笠,281069,兵庫県,神戸市長田区,松野通３丁目,2023[sanitize]10[sanitize]30,08,一戸建住宅,その他,10歳代,中学生,施錠した
窃盗,自転車盗,長田,水笠,281069,兵庫県,神戸市長田区,水笠通２丁目,2023[sanitize]02[sanitize]16,17,その他,その他,70歳以上,その他,施錠した
窃盗,自転車盗,長田,水笠,281069,兵庫県,神戸市長田区,水笠通３丁目,2023[sanitize]04[sanitize]05,08,駐車（輪）場,駐車（輪）場,50歳代,その他,施錠せず
窃盗,自転車盗,長田,水笠,281069,兵庫県,神戸市長田区,水笠通３丁目,2023[sanitize]04[sanitize]16,13,４階建て以上共同住宅,駐車（輪）場,50歳代,その他,施錠せず
窃盗,自転車盗,長田,水笠,281069,兵庫県,神戸市長田区,水笠通３丁目,2023[sanitize]06[sanitize]30,16,道路上,その他,10歳未満,小学生,施錠した
窃盗,自転車盗,長田,水笠,281069,兵庫県,神戸市長田区,水笠通４丁目,2023[sanitize]06[sanitize]17,13,一戸建住宅,駐車（輪）場,70歳以上,その他,施錠せず
窃盗,自転車盗,長田,水笠,281069,兵庫県,神戸市長田区,水笠通５丁目,2023[sanitize]05[sanitize]10,18,その他の住宅（３階建て以下共同住宅等）,駐車（輪）場,20歳代,その他,施錠した
窃盗,自転車盗,長田,水笠,281069,兵庫県,神戸市長田区,水笠通５丁目,2023[sanitize]10[sanitize]18,12,駐車（輪）場,駐車（輪）場,50歳代,その他,施錠せず
窃盗,自転車盗,長田,湊川大橋,281069,兵庫県,神戸市長田区,苅藻通１丁目,2023[sanitize]03[sanitize]11,11,その他,駐車（輪）場,20歳代,その他,施錠せず
窃盗,自転車盗,長田,湊川大橋,281069,兵庫県,神戸市長田区,苅藻通４丁目,2023[sanitize]05[sanitize]23,17,４階建て以上共同住宅,駐車（輪）場,70歳以上,その他,施錠した
窃盗,自転車盗,長田,湊川大橋,281069,兵庫県,神戸市長田区,苅藻通４丁目,2023[sanitize]09[sanitize]01,18,４階建て以上共同住宅,駐車（輪）場,10歳代,その他,施錠せず
窃盗,自転車盗,長田,湊川大橋,281069,兵庫県,神戸市長田区,苅藻通４丁目,2023[sanitize]09[sanitize]21,18,４階建て以上共同住宅,駐車（輪）場,30歳代,その他,施錠せず
窃盗,自転車盗,長田,湊川大橋,281069,兵庫県,神戸市長田区,浜添通５丁目,2023[sanitize]02[sanitize]20,12,道路上,その他,60[sanitize]64歳,その他,施錠せず
窃盗,自転車盗,長田,湊川大橋,281069,兵庫県,神戸市長田区,浜添通５丁目,2023[sanitize]04[sanitize]19,07,駐車（輪）場,駐車（輪）場,10歳代,高校生,施錠した
窃盗,自転車盗,長田,湊川大橋,281069,兵庫県,神戸市長田区,浜添通５丁目,2023[sanitize]05[sanitize]24,16,道路上,その他,10歳代,中学生,施錠した
窃盗,自転車盗,長田,湊川大橋,281069,兵庫県,神戸市長田区,浜添通５丁目,2023[sanitize]07[sanitize]09,06,駐車（輪）場,駐車（輪）場,10歳代,高校生,施錠せず
窃盗,自転車盗,長田,湊川大橋,281069,兵庫県,神戸市長田区,浜添通５丁目,2023[sanitize]09[sanitize]01,08,駐車（輪）場,駐車（輪）場,20歳代,その他,施錠せず
窃盗,自転車盗,長田,湊川大橋,281069,兵庫県,神戸市長田区,浜添通５丁目,2023[sanitize]09[sanitize]15,07,その他,駐車（輪）場,40歳代,その他,施錠した
窃盗,自転車盗,長田,湊川大橋,281069,兵庫県,神戸市長田区,東尻池新町,2023[sanitize]01[sanitize]16,20,その他,駐車（輪）場,20歳代,その他,施錠せず
窃盗,自転車盗,長田,湊川大橋,281069,兵庫県,神戸市長田区,東尻池町１丁目,2023[sanitize]04[sanitize]23,12,その他,駐車（輪）場,20歳代,その他,施錠した
窃盗,自転車盗,長田,湊川大橋,281069,兵庫県,神戸市長田区,東尻池町１丁目,2023[sanitize]09[sanitize]02,00,道路上,その他,20歳代,大学生,施錠せず
窃盗,自転車盗,長田,湊川大橋,281069,兵庫県,神戸市長田区,東尻池町２丁目,2023[sanitize]08[sanitize]19,17,道路上,その他,10歳代,高校生,施錠せず
窃盗,自転車盗,長田,湊川大橋,281069,兵庫県,神戸市長田区,東尻池町３丁目,2023[sanitize]07[sanitize]17,19,４階建て以上共同住宅,駐車（輪）場,10歳代,小学生,施錠した
窃盗,自転車盗,長田,湊川大橋,281069,兵庫県,神戸市長田区,東尻池町３丁目,2023[sanitize]07[sanitize]17,22,一戸建住宅,その他,20歳代,その他,施錠せず
窃盗,自転車盗,長田,湊川大橋,281069,兵庫県,神戸市長田区,東尻池町５丁目,2023[sanitize]02[sanitize]25,06,４階建て以上共同住宅,駐車（輪）場,10歳代,中学生,施錠せず
窃盗,自転車盗,長田,湊川大橋,281069,兵庫県,神戸市長田区,東尻池町５丁目,2023[sanitize]03[sanitize]30,09,駐車（輪）場,駐車（輪）場,50歳代,その他,施錠せず
窃盗,自転車盗,長田,湊川大橋,281069,兵庫県,神戸市長田区,東尻池町５丁目,2023[sanitize]03[sanitize]30,09,駐車（輪）場,駐車（輪）場,60[sanitize]64歳,その他,施錠せず
窃盗,自転車盗,長田,湊川大橋,281069,兵庫県,神戸市長田区,東尻池町５丁目,2023[sanitize]07[sanitize]02,06,４階建て以上共同住宅,駐車（輪）場,10歳代,中学生,施錠した
窃盗,自転車盗,長田,湊川大橋,281069,兵庫県,神戸市長田区,東尻池町６丁目,2022[sanitize]11[sanitize]27,19,４階建て以上共同住宅,その他,70歳以上,その他,施錠せず
窃盗,自転車盗,長田,湊川大橋,281069,兵庫県,神戸市長田区,東尻池町７丁目,2023[sanitize]03[sanitize]07,21,道路上,その他,40歳代,その他,施錠せず
窃盗,自転車盗,長田,湊川大橋,281069,兵庫県,神戸市長田区,東尻池町９丁目,2023[sanitize]03[sanitize]22,20,道路上,その他,法人・団体、被害者なし,法人・団体、被害者なし,施錠せず
窃盗,自転車盗,長田,湊川大橋,281069,兵庫県,神戸市長田区,松野通２丁目,2022[sanitize]12[sanitize]26,17,その他,駐車（輪）場,20歳代,その他,施錠せず
窃盗,自転車盗,長田,湊川大橋,281069,兵庫県,神戸市長田区,真野町,2023[sanitize]04[sanitize]16,17,４階建て以上共同住宅,駐車（輪）場,30歳代,その他,施錠せず
窃盗,自転車盗,長田,野田,281069,兵庫県,神戸市長田区,海運町２丁目,2023[sanitize]06[sanitize]13,21,４階建て以上共同住宅,駐車（輪）場,40歳代,その他,施錠せず
窃盗,自転車盗,長田,野田,281069,兵庫県,神戸市長田区,駒ケ林町６丁目,2023[sanitize]03[sanitize]14,14,道路上,その他,70歳以上,その他,施錠せず
窃盗,自転車盗,長田,野田,281069,兵庫県,神戸市長田区,長楽町２丁目,2023[sanitize]01[sanitize]31,07,その他,駐車（輪）場,40歳代,その他,施錠せず
窃盗,自転車盗,長田,野田,281069,兵庫県,神戸市長田区,長楽町２丁目,2023[sanitize]09[sanitize]10,17,駐車（輪）場,駐車（輪）場,60[sanitize]64歳,その他,施錠した
窃盗,自転車盗,長田,野田,281069,兵庫県,神戸市長田区,長楽町２丁目,2023[sanitize]09[sanitize]14,19,駐車（輪）場,駐車（輪）場,40歳代,その他,施錠した
窃盗,自転車盗,長田,野田,281069,兵庫県,神戸市長田区,長楽町３丁目,2023[sanitize]04[sanitize]13,15,一戸建住宅,駐車（輪）場,70歳以上,その他,施錠せず
窃盗,自転車盗,長田,野田,281069,兵庫県,神戸市長田区,長楽町３丁目,2023[sanitize]04[sanitize]20,06,その他,駐車（輪）場,10歳代,高校生,施錠せず
窃盗,自転車盗,長田,野田,281069,兵庫県,神戸市長田区,長楽町５丁目,2023[sanitize]11[sanitize]01,03,その他の住宅（３階建て以下共同住宅等）,駐車（輪）場,30歳代,その他,施錠せず
窃盗,自転車盗,長田,野田,281069,兵庫県,神戸市長田区,浪松町２丁目,2023[sanitize]01[sanitize]22,11,駐車（輪）場,駐車（輪）場,40歳代,その他,施錠せず
窃盗,自転車盗,長田,野田,281069,兵庫県,神戸市長田区,浪松町２丁目,2023[sanitize]04[sanitize]27,22,その他,駐車（輪）場,70歳以上,その他,施錠せず
窃盗,自転車盗,長田,野田,281069,兵庫県,神戸市長田区,浪松町２丁目,2023[sanitize]07[sanitize]18,17,道路上,その他,10歳代,小学生,施錠した
窃盗,自転車盗,長田,野田,281069,兵庫県,神戸市長田区,浪松町２丁目,2023[sanitize]07[sanitize]26,08,その他,駐車（輪）場,40歳代,その他,施錠せず
窃盗,自転車盗,長田,野田,281069,兵庫県,神戸市長田区,浪松町２丁目,2023[sanitize]10[sanitize]31,17,その他,駐車（輪）場,10歳代,高校生,施錠した
窃盗,自転車盗,長田,野田,281069,兵庫県,神戸市長田区,野田町４丁目,2023[sanitize]08[sanitize]11,16,一戸建住宅,駐車（輪）場,10歳代,高校生,施錠せず
窃盗,自転車盗,長田,野田,281069,兵庫県,神戸市長田区,野田町７丁目,2023[sanitize]02[sanitize]25,14,道路上,その他,30歳代,その他,施錠した
窃盗,自転車盗,長田,野田,281069,兵庫県,神戸市長田区,野田町８丁目,2023[sanitize]01[sanitize]15,17,道路上,その他,65[sanitize]69歳,その他,施錠せず
窃盗,自転車盗,長田,野田,281069,兵庫県,神戸市長田区,野田町９丁目,2023[sanitize]11[sanitize]29,10,道路上,その他,50歳代,その他,施錠せず
窃盗,自転車盗,長田,野田,281069,兵庫県,神戸市長田区,日吉町５丁目,2023[sanitize]01[sanitize]12,18,道路上,その他,30歳代,その他,施錠した
窃盗,自転車盗,長田,野田,281069,兵庫県,神戸市長田区,二葉町１０丁目,2023[sanitize]12[sanitize]13,09,一戸建住宅,駐車（輪）場,10歳未満,小学生,施錠せず
窃盗,自転車盗,長田,長田,281069,兵庫県,神戸市長田区,池田広町,2023[sanitize]02[sanitize]27,19,その他の住宅（３階建て以下共同住宅等）,駐車（輪）場,10歳代,中学生,施錠せず
窃盗,自転車盗,長田,長田,281069,兵庫県,神戸市長田区,池田広町,2023[sanitize]10[sanitize]07,23,その他の住宅（３階建て以下共同住宅等）,駐車（輪）場,20歳代,大学生,施錠せず
窃盗,自転車盗,長田,長田,281069,兵庫県,神戸市長田区,大塚町１丁目,2022[sanitize]12[sanitize]27,19,道路上,その他,20歳代,その他,施錠せず
窃盗,自転車盗,長田,長田,281069,兵庫県,神戸市長田区,大塚町１丁目,2023[sanitize]02[sanitize]13,17,４階建て以上共同住宅,駐車（輪）場,20歳代,その他,施錠した
窃盗,自転車盗,長田,長田,281069,兵庫県,神戸市長田区,大塚町１丁目,2023[sanitize]02[sanitize]17,17,４階建て以上共同住宅,駐車（輪）場,20歳代,その他,施錠した
窃盗,自転車盗,長田,長田,281069,兵庫県,神戸市長田区,大塚町１丁目,2023[sanitize]09[sanitize]24,15,道路上,その他,10歳代,小学生,施錠せず
窃盗,自転車盗,長田,長田,281069,兵庫県,神戸市長田区,大塚町６丁目,2023[sanitize]05[sanitize]10,15,一戸建住宅,駐車（輪）場,10歳代,その他,施錠した
窃盗,自転車盗,長田,長田,281069,兵庫県,神戸市長田区,大塚町９丁目,2023[sanitize]03[sanitize]27,21,その他の住宅（３階建て以下共同住宅等）,駐車（輪）場,20歳代,その他,施錠した
窃盗,自転車盗,長田,長田,281069,兵庫県,神戸市長田区,長田町１丁目,2023[sanitize]06[sanitize]15,18,４階建て以上共同住宅,駐車（輪）場,20歳代,その他,施錠した
窃盗,自転車盗,長田,長田,281069,兵庫県,神戸市長田区,長田町２丁目,2023[sanitize]07[sanitize]26,13,道路上,その他,10歳代,高校生,施錠せず
窃盗,自転車盗,長田,長田,281069,兵庫県,神戸市長田区,西山町１丁目,2023[sanitize]02[sanitize]08,22,その他の住宅（３階建て以下共同住宅等）,駐車（輪）場,20歳代,大学生,施錠した
窃盗,自転車盗,長田,長田,281069,兵庫県,神戸市長田区,宮川町２丁目,2023[sanitize]07[sanitize]14,13,道路上,その他,10歳代,小学生,施錠せず
窃盗,自転車盗,長田,長田,281069,兵庫県,神戸市長田区,宮川町９丁目,2023[sanitize]11[sanitize]25,16,その他の住宅（３階建て以下共同住宅等）,駐車（輪）場,20歳代,その他,施錠せず
窃盗,自転車盗,長田,長田東,281069,兵庫県,神戸市長田区,北町１丁目,2023[sanitize]05[sanitize]15,14,その他,その他,10歳代,中学生,施錠した
窃盗,自転車盗,長田,長田東,281069,兵庫県,神戸市長田区,五番町１丁目,2023[sanitize]05[sanitize]24,10,道路上,その他,30歳代,その他,施錠せず
窃盗,自転車盗,長田,長田東,281069,兵庫県,神戸市長田区,五番町１丁目,2023[sanitize]06[sanitize]10,21,駐車（輪）場,駐車（輪）場,20歳代,その他,施錠した
窃盗,自転車盗,長田,長田東,281069,兵庫県,神戸市長田区,五番町１丁目,2023[sanitize]06[sanitize]28,10,一戸建住宅,その他,20歳代,その他,施錠せず
窃盗,自転車盗,長田,長田東,281069,兵庫県,神戸市長田区,五番町１丁目,2023[sanitize]12[sanitize]18,12,駐車（輪）場,駐車（輪）場,50歳代,その他,施錠せず
窃盗,自転車盗,長田,長田東,281069,兵庫県,神戸市長田区,五番町５丁目,2023[sanitize]08[sanitize]14,12,その他,駐車（輪）場,20歳代,その他,施錠した
窃盗,自転車盗,長田,長田東,281069,兵庫県,神戸市長田区,五番町６丁目,2023[sanitize]02[sanitize]04,17,道路上,その他,20歳代,その他,施錠せず
窃盗,自転車盗,長田,長田東,281069,兵庫県,神戸市長田区,五番町６丁目,2023[sanitize]04[sanitize]10,22,道路上,その他,65[sanitize]69歳,その他,施錠せず
窃盗,自転車盗,長田,長田東,281069,兵庫県,神戸市長田区,五番町６丁目,2023[sanitize]09[sanitize]20,18,道路上,その他,20歳代,その他,施錠せず
窃盗,自転車盗,長田,長田東,281069,兵庫県,神戸市長田区,五番町６丁目,2023[sanitize]12[sanitize]10,15,その他,駐車（輪）場,70歳以上,その他,施錠せず
窃盗,自転車盗,長田,長田東,281069,兵庫県,神戸市長田区,五番町７丁目,2023[sanitize]02[sanitize]25,06,その他,駐車（輪）場,40歳代,その他,施錠せず
窃盗,自転車盗,長田,長田東,281069,兵庫県,神戸市長田区,五番町７丁目,2023[sanitize]05[sanitize]27,08,その他,駐車（輪）場,10歳代,高校生,施錠した
窃盗,自転車盗,長田,長田東,281069,兵庫県,神戸市長田区,五番町７丁目,2023[sanitize]09[sanitize]26,08,道路上,その他,20歳代,大学生,施錠せず
窃盗,自転車盗,長田,長田東,281069,兵庫県,神戸市長田区,五番町７丁目,2023[sanitize]12[sanitize]19,16,その他の住宅（３階建て以下共同住宅等）,その他,30歳代,その他,施錠した
窃盗,自転車盗,長田,長田東,281069,兵庫県,神戸市長田区,五番町８丁目,2023[sanitize]02[sanitize]14,06,駐車（輪）場,駐車（輪）場,10歳代,高校生,施錠せず
窃盗,自転車盗,長田,長田東,281069,兵庫県,神戸市長田区,五番町８丁目,2023[sanitize]05[sanitize]12,18,駐車（輪）場,駐車（輪）場,50歳代,その他,施錠せず
窃盗,自転車盗,長田,長田東,281069,兵庫県,神戸市長田区,五番町８丁目,2023[sanitize]06[sanitize]11,13,駐車（輪）場,駐車（輪）場,20歳代,大学生,施錠した
窃盗,自転車盗,長田,長田東,281069,兵庫県,神戸市長田区,五番町８丁目,2023[sanitize]08[sanitize]01,08,駐車（輪）場,駐車（輪）場,10歳代,高校生,施錠せず
窃盗,自転車盗,長田,長田東,281069,兵庫県,神戸市長田区,五番町８丁目,2023[sanitize]10[sanitize]04,20,道路上,その他,20歳代,その他,施錠した
窃盗,自転車盗,長田,長田東,281069,兵庫県,神戸市長田区,五番町８丁目,2023[sanitize]10[sanitize]23,08,駐車（輪）場,駐車（輪）場,20歳代,その他,施錠せず
窃盗,自転車盗,長田,長田東,281069,兵庫県,神戸市長田区,三番町１丁目,2023[sanitize]05[sanitize]01,08,４階建て以上共同住宅,駐車（輪）場,40歳代,その他,施錠せず
窃盗,自転車盗,長田,長田東,281069,兵庫県,神戸市長田区,三番町３丁目,2023[sanitize]06[sanitize]01,21,４階建て以上共同住宅,駐車（輪）場,50歳代,その他,施錠した
窃盗,自転車盗,長田,長田東,281069,兵庫県,神戸市長田区,三番町４丁目,2023[sanitize]11[sanitize]04,16,４階建て以上共同住宅,駐車（輪）場,30歳代,その他,施錠した
窃盗,自転車盗,長田,長田東,281069,兵庫県,神戸市長田区,三番町５丁目,2023[sanitize]01[sanitize]29,05,一戸建住宅,その他,30歳代,その他,施錠せず
窃盗,自転車盗,長田,長田東,281069,兵庫県,神戸市長田区,三番町５丁目,2023[sanitize]05[sanitize]16,17,道路上,その他,10歳代,その他,施錠せず
窃盗,自転車盗,長田,長田東,281069,兵庫県,神戸市長田区,三番町５丁目,2023[sanitize]09[sanitize]03,21,その他の住宅（３階建て以下共同住宅等）,駐車（輪）場,50歳代,その他,施錠した
窃盗,自転車盗,長田,長田東,281069,兵庫県,神戸市長田区,三番町５丁目,2023[sanitize]11[sanitize]17,18,道路上,その他,10歳代,その他,施錠せず
窃盗,自転車盗,長田,長田東,281069,兵庫県,神戸市長田区,七番町,2023[sanitize]09[sanitize]30,01,道路上,その他,65[sanitize]69歳,その他,施錠せず
窃盗,自転車盗,長田,長田東,281069,兵庫県,神戸市長田区,二番町１丁目,2023[sanitize]03[sanitize]10,17,道路上,その他,70歳以上,その他,施錠した
窃盗,自転車盗,長田,長田東,281069,兵庫県,神戸市長田区,二番町１丁目,2023[sanitize]04[sanitize]01,23,駐車（輪）場,駐車（輪）場,10歳代,高校生,施錠した
窃盗,自転車盗,長田,長田東,281069,兵庫県,神戸市長田区,二番町１丁目,2023[sanitize]06[sanitize]19,21,４階建て以上共同住宅,駐車（輪）場,50歳代,その他,施錠した
窃盗,自転車盗,長田,長田東,281069,兵庫県,神戸市長田区,二番町１丁目,2023[sanitize]08[sanitize]10,18,４階建て以上共同住宅,駐車（輪）場,70歳以上,その他,施錠せず
窃盗,自転車盗,長田,長田東,281069,兵庫県,神戸市長田区,二番町１丁目,2023[sanitize]10[sanitize]10,00,駐車（輪）場,駐車（輪）場,30歳代,その他,施錠した
窃盗,自転車盗,長田,長田東,281069,兵庫県,神戸市長田区,二番町１丁目,2023[sanitize]10[sanitize]22,12,４階建て以上共同住宅,駐車（輪）場,70歳以上,その他,施錠した
窃盗,自転車盗,長田,長田東,281069,兵庫県,神戸市長田区,四番町１丁目,2023[sanitize]01[sanitize]10,17,その他,駐車（輪）場,10歳代,高校生,施錠せず
窃盗,自転車盗,長田,長田東,281069,兵庫県,神戸市長田区,四番町１丁目,2023[sanitize]04[sanitize]25,14,その他,駐車（輪）場,20歳代,その他,施錠した
窃盗,自転車盗,長田,長田東,281069,兵庫県,神戸市長田区,四番町１丁目,2023[sanitize]06[sanitize]23,16,駐車（輪）場,駐車（輪）場,10歳代,高校生,施錠せず
窃盗,自転車盗,長田,長田東,281069,兵庫県,神戸市長田区,四番町１丁目,2023[sanitize]07[sanitize]14,04,駐車（輪）場,駐車（輪）場,10歳代,高校生,施錠せず
窃盗,自転車盗,長田,長田東,281069,兵庫県,神戸市長田区,四番町１丁目,2023[sanitize]08[sanitize]31,16,一戸建住宅,駐車（輪）場,40歳代,その他,施錠せず
窃盗,自転車盗,長田,長田東,281069,兵庫県,神戸市長田区,四番町１丁目,2023[sanitize]10[sanitize]22,20,４階建て以上共同住宅,駐車（輪）場,40歳代,その他,施錠せず
窃盗,自転車盗,長田,長田東,281069,兵庫県,神戸市長田区,四番町１丁目,2023[sanitize]11[sanitize]22,19,その他,駐車（輪）場,50歳代,その他,施錠した
窃盗,自転車盗,長田,長田東,281069,兵庫県,神戸市長田区,四番町２丁目,2023[sanitize]02[sanitize]28,13,駐車（輪）場,駐車（輪）場,20歳代,その他,施錠せず
窃盗,自転車盗,長田,長田東,281069,兵庫県,神戸市長田区,四番町２丁目,2023[sanitize]05[sanitize]05,22,その他の住宅（３階建て以下共同住宅等）,その他,20歳代,その他,施錠せず
窃盗,自転車盗,長田,長田東,281069,兵庫県,神戸市長田区,四番町２丁目,2023[sanitize]10[sanitize]17,19,その他の住宅（３階建て以下共同住宅等）,駐車（輪）場,20歳代,その他,施錠した
窃盗,自転車盗,長田,長田東,281069,兵庫県,神戸市長田区,四番町３丁目,2023[sanitize]12[sanitize]04,22,４階建て以上共同住宅,駐車（輪）場,20歳代,その他,施錠せず
窃盗,自転車盗,長田,長田東,281069,兵庫県,神戸市長田区,四番町４丁目,2023[sanitize]01[sanitize]13,17,４階建て以上共同住宅,駐車（輪）場,10歳代,小学生,施錠せず
窃盗,自転車盗,長田,長田東,281069,兵庫県,神戸市長田区,四番町４丁目,2023[sanitize]01[sanitize]14,21,４階建て以上共同住宅,駐車（輪）場,65[sanitize]69歳,その他,施錠した
窃盗,自転車盗,長田,長田東,281069,兵庫県,神戸市長田区,四番町４丁目,2023[sanitize]10[sanitize]21,13,道路上,その他,30歳代,その他,施錠した
窃盗,自転車盗,長田,長田東,281069,兵庫県,神戸市長田区,四番町５丁目,2023[sanitize]03[sanitize]29,20,駐車（輪）場,駐車（輪）場,65[sanitize]69歳,その他,施錠した
窃盗,自転車盗,長田,長田東,281069,兵庫県,神戸市長田区,四番町５丁目,2023[sanitize]06[sanitize]09,14,４階建て以上共同住宅,駐車（輪）場,10歳代,小学生,施錠した
窃盗,自転車盗,長田,長田東,281069,兵庫県,神戸市長田区,四番町７丁目,2022[sanitize]12[sanitize]10,06,道路上,その他,30歳代,その他,施錠した
窃盗,自転車盗,長田,長田東,281069,兵庫県,神戸市長田区,四番町７丁目,2023[sanitize]08[sanitize]17,14,４階建て以上共同住宅,駐車（輪）場,10歳代,その他,施錠せず
窃盗,自転車盗,長田,長田東,281069,兵庫県,神戸市長田区,四番町７丁目,2023[sanitize]09[sanitize]25,07,駐車（輪）場,駐車（輪）場,10歳代,高校生,施錠せず
窃盗,自転車盗,長田,長田東,281069,兵庫県,神戸市長田区,四番町７丁目,2023[sanitize]10[sanitize]27,18,駐車（輪）場,駐車（輪）場,50歳代,その他,施錠した
窃盗,自転車盗,長田,長田東,281069,兵庫県,神戸市長田区,四番町８丁目,2022[sanitize]07[sanitize]18,17,道路上,その他,10歳代,中学生,施錠せず
窃盗,自転車盗,長田,長田東,281069,兵庫県,神戸市長田区,四番町８丁目,2022[sanitize]12[sanitize]31,13,道路上,その他,20歳代,その他,施錠せず
窃盗,自転車盗,長田,長田東,281069,兵庫県,神戸市長田区,四番町８丁目,2023[sanitize]01[sanitize]01,12,駐車（輪）場,駐車（輪）場,30歳代,その他,施錠せず
窃盗,自転車盗,長田,長田東,281069,兵庫県,神戸市長田区,四番町８丁目,2023[sanitize]01[sanitize]01,20,道路上,その他,20歳代,その他,施錠せず
窃盗,自転車盗,長田,長田東,281069,兵庫県,神戸市長田区,四番町８丁目,2023[sanitize]01[sanitize]18,09,駐車（輪）場,駐車（輪）場,20歳代,大学生,施錠せず
窃盗,自転車盗,長田,長田東,281069,兵庫県,神戸市長田区,四番町８丁目,2023[sanitize]02[sanitize]01,11,その他,駐車（輪）場,50歳代,その他,施錠した
窃盗,自転車盗,長田,長田東,281069,兵庫県,神戸市長田区,四番町８丁目,2023[sanitize]02[sanitize]16,09,道路上,その他,20歳代,その他,施錠せず
窃盗,自転車盗,長田,長田東,281069,兵庫県,神戸市長田区,四番町８丁目,2023[sanitize]03[sanitize]21,17,駐車（輪）場,駐車（輪）場,10歳代,大学生,施錠した
窃盗,自転車盗,長田,長田東,281069,兵庫県,神戸市長田区,四番町８丁目,2023[sanitize]04[sanitize]08,12,駐車（輪）場,駐車（輪）場,40歳代,その他,施錠した
窃盗,自転車盗,長田,長田東,281069,兵庫県,神戸市長田区,四番町８丁目,2023[sanitize]04[sanitize]10,12,道路上,その他,10歳代,大学生,施錠せず
窃盗,自転車盗,長田,長田東,281069,兵庫県,神戸市長田区,四番町８丁目,2023[sanitize]04[sanitize]24,08,駐車（輪）場,駐車（輪）場,10歳代,高校生,施錠した
窃盗,自転車盗,長田,長田東,281069,兵庫県,神戸市長田区,四番町８丁目,2023[sanitize]07[sanitize]07,00,道路上,その他,30歳代,その他,施錠せず
窃盗,自転車盗,長田,長田東,281069,兵庫県,神戸市長田区,四番町８丁目,2023[sanitize]07[sanitize]25,19,道路上,その他,10歳代,高校生,施錠せず
窃盗,自転車盗,長田,長田東,281069,兵庫県,神戸市長田区,四番町８丁目,2023[sanitize]08[sanitize]08,17,道路上,その他,65[sanitize]69歳,その他,施錠せず
窃盗,自転車盗,長田,長田東,281069,兵庫県,神戸市長田区,四番町８丁目,2023[sanitize]08[sanitize]10,00,道路上,その他,10歳代,中学生,施錠せず
窃盗,自転車盗,長田,長田東,281069,兵庫県,神戸市長田区,四番町８丁目,2023[sanitize]08[sanitize]23,12,道路上,その他,20歳代,その他,施錠せず
窃盗,自転車盗,長田,長田東,281069,兵庫県,神戸市長田区,四番町８丁目,2023[sanitize]10[sanitize]02,09,駐車（輪）場,駐車（輪）場,20歳代,その他,施錠した
窃盗,自転車盗,長田,長田東,281069,兵庫県,神戸市長田区,四番町８丁目,2023[sanitize]11[sanitize]09,10,道路上,その他,20歳代,その他,施錠せず
窃盗,自転車盗,長田,長田東,281069,兵庫県,神戸市長田区,四番町８丁目,2023[sanitize]12[sanitize]04,14,道路上,その他,20歳代,その他,施錠した
窃盗,自転車盗,長田,長田東,281069,兵庫県,神戸市長田区,四番町８丁目,2023[sanitize]12[sanitize]22,07,道路上,その他,10歳代,高校生,施錠せず
窃盗,自転車盗,長田,長田東,281069,兵庫県,神戸市長田区,六番町１丁目,2023[sanitize]08[sanitize]05,11,道路上,その他,10歳代,その他,施錠せず
窃盗,自転車盗,長田,長田東,281069,兵庫県,神戸市長田区,六番町３丁目,2023[sanitize]06[sanitize]28,17,道路上,その他,10歳代,高校生,施錠した
窃盗,自転車盗,長田,長田東,281069,兵庫県,神戸市長田区,六番町７丁目,2023[sanitize]10[sanitize]27,07,道路上,その他,10歳代,高校生,施錠した
窃盗,自転車盗,長田,長田東,281069,兵庫県,神戸市長田区,六番町８丁目,2023[sanitize]02[sanitize]16,12,道路上,その他,10歳代,高校生,施錠した
窃盗,自転車盗,長田,長田東,281069,兵庫県,神戸市長田区,六番町８丁目,2023[sanitize]07[sanitize]19,07,４階建て以上共同住宅,駐車（輪）場,20歳代,その他,施錠した
窃盗,自転車盗,長田,長田東,281069,兵庫県,神戸市長田区,六番町８丁目,2023[sanitize]12[sanitize]10,16,道路上,その他,65[sanitize]69歳,その他,施錠せず
窃盗,自転車盗,須磨,千歳,281077,兵庫県,神戸市須磨区,戎町３丁目,2023[sanitize]11[sanitize]04,09,４階建て以上共同住宅,駐車（輪）場,40歳代,その他,施錠せず
窃盗,自転車盗,須磨,千歳,281077,兵庫県,神戸市須磨区,大池町３丁目,2023[sanitize]08[sanitize]28,21,道路上,その他,70歳以上,その他,施錠せず
窃盗,自転車盗,須磨,千歳,281077,兵庫県,神戸市須磨区,大池町３丁目,2023[sanitize]08[sanitize]30,12,４階建て以上共同住宅,駐車（輪）場,30歳代,その他,施錠した
窃盗,自転車盗,須磨,千歳,281077,兵庫県,神戸市須磨区,大池町５丁目,2023[sanitize]01[sanitize]05,07,その他,駐車（輪）場,20歳代,その他,施錠した
窃盗,自転車盗,須磨,千歳,281077,兵庫県,神戸市須磨区,大池町５丁目,2023[sanitize]04[sanitize]15,12,４階建て以上共同住宅,駐車（輪）場,20歳代,その他,施錠した
窃盗,自転車盗,須磨,千歳,281077,兵庫県,神戸市須磨区,大池町５丁目,2023[sanitize]04[sanitize]21,07,駐車（輪）場,駐車（輪）場,10歳代,その他,施錠せず
窃盗,自転車盗,須磨,千歳,281077,兵庫県,神戸市須磨区,大池町５丁目,2023[sanitize]07[sanitize]22,13,４階建て以上共同住宅,駐車（輪）場,10歳代,大学生,施錠せず
窃盗,自転車盗,須磨,千歳,281077,兵庫県,神戸市須磨区,大池町５丁目,2023[sanitize]07[sanitize]23,10,その他,駐車（輪）場,10歳代,中学生,施錠した
窃盗,自転車盗,須磨,千歳,281077,兵庫県,神戸市須磨区,大池町５丁目,2023[sanitize]07[sanitize]28,22,４階建て以上共同住宅,駐車（輪）場,10歳代,高校生,施錠せず
窃盗,自転車盗,須磨,千歳,281077,兵庫県,神戸市須磨区,大池町５丁目,2023[sanitize]09[sanitize]08,07,その他,駐車（輪）場,10歳代,高校生,施錠せず
窃盗,自転車盗,須磨,千歳,281077,兵庫県,神戸市須磨区,大池町５丁目,2023[sanitize]09[sanitize]18,16,４階建て以上共同住宅,駐車（輪）場,20歳代,その他,施錠せず
窃盗,自転車盗,須磨,千歳,281077,兵庫県,神戸市須磨区,大池町５丁目,2023[sanitize]11[sanitize]08,19,一戸建住宅,その他,10歳代,中学生,施錠せず
窃盗,自転車盗,須磨,千歳,281077,兵庫県,神戸市須磨区,大池町５丁目,2023[sanitize]11[sanitize]20,18,４階建て以上共同住宅,駐車（輪）場,10歳代,小学生,施錠せず
窃盗,自転車盗,須磨,千歳,281077,兵庫県,神戸市須磨区,大池町５丁目,2023[sanitize]11[sanitize]27,12,その他,駐車（輪）場,10歳代,大学生,施錠せず
窃盗,自転車盗,須磨,千歳,281077,兵庫県,神戸市須磨区,大田町１丁目,2023[sanitize]02[sanitize]09,22,４階建て以上共同住宅,その他,40歳代,その他,施錠した
窃盗,自転車盗,須磨,千歳,281077,兵庫県,神戸市須磨区,大田町５丁目,2023[sanitize]03[sanitize]17,09,その他,駐車（輪）場,20歳代,その他,施錠せず
窃盗,自転車盗,須磨,千歳,281077,兵庫県,神戸市須磨区,大田町６丁目,2023[sanitize]07[sanitize]12,13,その他の住宅（３階建て以下共同住宅等）,駐車（輪）場,10歳代,その他,施錠せず
窃盗,自転車盗,須磨,千歳,281077,兵庫県,神戸市須磨区,大田町７丁目,2023[sanitize]06[sanitize]20,11,その他,その他,70歳以上,その他,施錠せず
窃盗,自転車盗,須磨,千歳,281077,兵庫県,神戸市須磨区,権現町２丁目,2023[sanitize]07[sanitize]16,21,４階建て以上共同住宅,駐車（輪）場,20歳代,その他,施錠した
窃盗,自転車盗,須磨,千歳,281077,兵庫県,神戸市須磨区,鷹取町４丁目,2023[sanitize]04[sanitize]13,08,道路上,その他,10歳代,高校生,施錠せず
窃盗,自転車盗,須磨,千歳,281077,兵庫県,神戸市須磨区,寺田町２丁目,2023[sanitize]09[sanitize]04,19,その他,駐車（輪）場,10歳代,大学生,施錠せず
窃盗,自転車盗,須磨,千歳,281077,兵庫県,神戸市須磨区,松風町４丁目,2023[sanitize]02[sanitize]15,08,道路上,その他,10歳代,高校生,施錠せず
窃盗,自転車盗,須磨,名谷中央,281077,兵庫県,神戸市須磨区,神の谷２丁目,2023[sanitize]02[sanitize]05,14,その他,その他,10歳未満,小学生,施錠せず
窃盗,自転車盗,須磨,名谷中央,281077,兵庫県,神戸市須磨区,北落合１丁目,2023[sanitize]07[sanitize]26,20,４階建て以上共同住宅,駐車（輪）場,30歳代,その他,施錠せず
窃盗,自転車盗,須磨,名谷中央,281077,兵庫県,神戸市須磨区,北落合２丁目,2023[sanitize]01[sanitize]25,15,駐車（輪）場,駐車（輪）場,20歳代,大学生,施錠せず
窃盗,自転車盗,須磨,名谷中央,281077,兵庫県,神戸市須磨区,北落合３丁目,2023[sanitize]02[sanitize]17,16,４階建て以上共同住宅,駐車（輪）場,30歳代,その他,施錠した
窃盗,自転車盗,須磨,名谷中央,281077,兵庫県,神戸市須磨区,北落合６丁目,2023[sanitize]09[sanitize]19,17,４階建て以上共同住宅,駐車（輪）場,10歳代,小学生,施錠せず
窃盗,自転車盗,須磨,名谷中央,281077,兵庫県,神戸市須磨区,北落合６丁目,2023[sanitize]09[sanitize]24,06,４階建て以上共同住宅,駐車（輪）場,10歳代,小学生,施錠せず
窃盗,自転車盗,須磨,名谷中央,281077,兵庫県,神戸市須磨区,中落合１丁目,2023[sanitize]09[sanitize]30,12,その他,駐車（輪）場,10歳代,高校生,施錠せず
窃盗,自転車盗,須磨,名谷中央,281077,兵庫県,神戸市須磨区,中落合２丁目,2022[sanitize]12[sanitize]29,11,駐車（輪）場,駐車（輪）場,20歳代,大学生,施錠せず
窃盗,自転車盗,須磨,名谷中央,281077,兵庫県,神戸市須磨区,中落合２丁目,2023[sanitize]03[sanitize]01,06,駐車（輪）場,駐車（輪）場,10歳代,中学生,施錠した
窃盗,自転車盗,須磨,名谷中央,281077,兵庫県,神戸市須磨区,中落合２丁目,2023[sanitize]03[sanitize]01,16,その他,駐車（輪）場,10歳代,大学生,施錠せず
窃盗,自転車盗,須磨,名谷中央,281077,兵庫県,神戸市須磨区,中落合２丁目,2023[sanitize]05[sanitize]19,12,その他,駐車（輪）場,10歳代,高校生,施錠せず
窃盗,自転車盗,須磨,名谷中央,281077,兵庫県,神戸市須磨区,中落合２丁目,2023[sanitize]06[sanitize]04,19,その他,その他,20歳代,大学生,施錠せず
窃盗,自転車盗,須磨,名谷中央,281077,兵庫県,神戸市須磨区,中落合２丁目,2023[sanitize]06[sanitize]24,15,その他,駐車（輪）場,10歳未満,小学生,施錠せず
窃盗,自転車盗,須磨,名谷中央,281077,兵庫県,神戸市須磨区,中落合２丁目,2023[sanitize]07[sanitize]02,06,その他,駐車（輪）場,10歳代,高校生,施錠した
窃盗,自転車盗,須磨,名谷中央,281077,兵庫県,神戸市須磨区,中落合２丁目,2023[sanitize]07[sanitize]03,16,その他,駐車（輪）場,20歳代,その他,施錠した
窃盗,自転車盗,須磨,名谷中央,281077,兵庫県,神戸市須磨区,中落合２丁目,2023[sanitize]07[sanitize]29,07,その他,駐車（輪）場,20歳代,その他,施錠せず
窃盗,自転車盗,須磨,名谷中央,281077,兵庫県,神戸市須磨区,中落合２丁目,2023[sanitize]09[sanitize]29,17,その他,駐車（輪）場,20歳代,大学生,施錠せず
窃盗,自転車盗,須磨,名谷中央,281077,兵庫県,神戸市須磨区,中落合２丁目,2023[sanitize]11[sanitize]03,16,その他,駐車（輪）場,10歳代,高校生,施錠せず
窃盗,自転車盗,須磨,名谷中央,281077,兵庫県,神戸市須磨区,中落合２丁目,2023[sanitize]12[sanitize]01,15,その他,駐車（輪）場,70歳以上,その他,施錠した
窃盗,自転車盗,須磨,名谷中央,281077,兵庫県,神戸市須磨区,中落合３丁目,2022[sanitize]11[sanitize]03,10,４階建て以上共同住宅,駐車（輪）場,法人・団体、被害者なし,法人・団体、被害者なし,施錠せず
窃盗,自転車盗,須磨,名谷中央,281077,兵庫県,神戸市須磨区,中落合３丁目,2023[sanitize]01[sanitize]24,08,駐車（輪）場,駐車（輪）場,40歳代,その他,施錠した
窃盗,自転車盗,須磨,名谷中央,281077,兵庫県,神戸市須磨区,西落合１丁目,2023[sanitize]03[sanitize]01,18,４階建て以上共同住宅,駐車（輪）場,10歳代,小学生,施錠せず
窃盗,自転車盗,須磨,名谷中央,281077,兵庫県,神戸市須磨区,西落合６丁目,2022[sanitize]12[sanitize]23,13,４階建て以上共同住宅,駐車（輪）場,50歳代,その他,施錠した
窃盗,自転車盗,須磨,名谷中央,281077,兵庫県,神戸市須磨区,西落合６丁目,2023[sanitize]01[sanitize]13,08,その他,駐車（輪）場,10歳代,高校生,施錠せず
窃盗,自転車盗,須磨,名谷中央,281077,兵庫県,神戸市須磨区,西落合６丁目,2023[sanitize]06[sanitize]13,09,その他,駐車（輪）場,30歳代,その他,施錠せず
窃盗,自転車盗,須磨,名谷中央,281077,兵庫県,神戸市須磨区,西落合６丁目,2023[sanitize]09[sanitize]20,06,その他,駐車（輪）場,20歳代,大学生,施錠した
窃盗,自転車盗,須磨,名谷中央,281077,兵庫県,神戸市須磨区,西落合６丁目,2023[sanitize]09[sanitize]23,07,駐車（輪）場,駐車（輪）場,10歳代,高校生,施錠せず
窃盗,自転車盗,須磨,名谷中央,281077,兵庫県,神戸市須磨区,西落合７丁目,2023[sanitize]04[sanitize]26,19,その他,その他,10歳代,中学生,施錠せず
窃盗,自転車盗,須磨,名谷中央,281077,兵庫県,神戸市須磨区,東落合２丁目,2023[sanitize]03[sanitize]01,08,その他,駐車（輪）場,30歳代,その他,施錠せず
窃盗,自転車盗,須磨,名谷中央,281077,兵庫県,神戸市須磨区,南落合１丁目,2022[sanitize]12[sanitize]30,12,４階建て以上共同住宅,駐車（輪）場,20歳代,大学生,施錠した
窃盗,自転車盗,須磨,名谷中央,281077,兵庫県,神戸市須磨区,緑台,2023[sanitize]02[sanitize]25,07,駐車（輪）場,駐車（輪）場,10歳代,中学生,施錠せず
窃盗,自転車盗,須磨,名谷中央,281077,兵庫県,神戸市須磨区,緑台,2023[sanitize]03[sanitize]29,09,駐車（輪）場,駐車（輪）場,10歳代,その他,施錠せず
窃盗,自転車盗,須磨,名谷中央,281077,兵庫県,神戸市須磨区,緑台,2023[sanitize]04[sanitize]14,12,その他,駐車（輪）場,10歳代,大学生,施錠せず
窃盗,自転車盗,須磨,名谷中央,281077,兵庫県,神戸市須磨区,緑台,2023[sanitize]04[sanitize]18,07,駐車（輪）場,駐車（輪）場,40歳代,その他,施錠した
窃盗,自転車盗,須磨,名谷中央,281077,兵庫県,神戸市須磨区,緑台,2023[sanitize]04[sanitize]22,16,その他,駐車（輪）場,10歳代,大学生,施錠した
窃盗,自転車盗,須磨,名谷中央,281077,兵庫県,神戸市須磨区,緑台,2023[sanitize]05[sanitize]14,07,その他,駐車（輪）場,10歳代,高校生,施錠した
窃盗,自転車盗,須磨,名谷中央,281077,兵庫県,神戸市須磨区,緑台,2023[sanitize]05[sanitize]25,08,その他,駐車（輪）場,20歳代,その他,施錠せず
窃盗,自転車盗,須磨,名谷中央,281077,兵庫県,神戸市須磨区,緑台,2023[sanitize]06[sanitize]10,08,その他,駐車（輪）場,10歳代,高校生,施錠した
窃盗,自転車盗,須磨,名谷中央,281077,兵庫県,神戸市須磨区,緑台,2023[sanitize]06[sanitize]30,07,その他,その他,20歳代,その他,施錠せず
窃盗,自転車盗,須磨,名谷中央,281077,兵庫県,神戸市須磨区,緑台,2023[sanitize]08[sanitize]01,07,道路上,その他,20歳代,大学生,施錠した
窃盗,自転車盗,須磨,名谷中央,281077,兵庫県,神戸市須磨区,緑台,2023[sanitize]11[sanitize]06,16,道路上,その他,10歳代,その他,施錠した
窃盗,自転車盗,須磨,名谷中央,281077,兵庫県,神戸市須磨区,弥栄台２丁目,2023[sanitize]05[sanitize]21,11,駐車（輪）場,駐車（輪）場,10歳代,中学生,施錠せず
窃盗,自転車盗,須磨,名谷中央,281077,兵庫県,神戸市須磨区,弥栄台２丁目,2023[sanitize]06[sanitize]02,16,その他,駐車（輪）場,20歳代,その他,施錠せず
窃盗,自転車盗,須磨,名谷中央,281077,兵庫県,神戸市須磨区,弥栄台２丁目,2023[sanitize]06[sanitize]16,17,駐車（輪）場,駐車（輪）場,10歳代,その他,施錠した
窃盗,自転車盗,須磨,東須磨,281077,兵庫県,神戸市須磨区,鷹取町１丁目,2023[sanitize]02[sanitize]11,14,その他,駐車（輪）場,10歳代,中学生,施錠せず
窃盗,自転車盗,須磨,東須磨,281077,兵庫県,神戸市須磨区,戸政町４丁目,2023[sanitize]10[sanitize]16,17,４階建て以上共同住宅,駐車（輪）場,20歳代,その他,施錠せず
窃盗,自転車盗,須磨,東須磨,281077,兵庫県,神戸市須磨区,松風町３丁目,2023[sanitize]09[sanitize]23,18,４階建て以上共同住宅,駐車（輪）場,10歳代,その他,施錠せず
窃盗,自転車盗,須磨,東須磨,281077,兵庫県,神戸市須磨区,行幸町３丁目,2023[sanitize]10[sanitize]16,17,一戸建住宅,駐車（輪）場,10歳代,中学生,施錠せず
窃盗,自転車盗,須磨,東須磨,281077,兵庫県,神戸市須磨区,行幸町４丁目,2023[sanitize]01[sanitize]22,13,４階建て以上共同住宅,駐車（輪）場,40歳代,その他,施錠せず
窃盗,自転車盗,須磨,板宿,281077,兵庫県,神戸市須磨区,,2023[sanitize]11[sanitize]22,16,道路上,その他,70歳以上,その他,施錠せず
窃盗,自転車盗,須磨,板宿,281077,兵庫県,神戸市須磨区,永楽町３丁目,2023[sanitize]01[sanitize]27,22,４階建て以上共同住宅,駐車（輪）場,40歳代,その他,施錠せず
窃盗,自転車盗,須磨,板宿,281077,兵庫県,神戸市須磨区,戎町３丁目,2023[sanitize]03[sanitize]10,20,その他,その他,30歳代,その他,施錠せず
窃盗,自転車盗,須磨,板宿,281077,兵庫県,神戸市須磨区,大黒町３丁目,2022[sanitize]10[sanitize]13,08,その他,駐車（輪）場,20歳代,その他,施錠した
窃盗,自転車盗,須磨,板宿,281077,兵庫県,神戸市須磨区,大黒町３丁目,2023[sanitize]05[sanitize]19,23,その他,その他,20歳代,大学生,施錠した
窃盗,自転車盗,須磨,板宿,281077,兵庫県,神戸市須磨区,大黒町３丁目,2023[sanitize]06[sanitize]15,07,その他,駐車（輪）場,10歳代,高校生,施錠せず
窃盗,自転車盗,須磨,板宿,281077,兵庫県,神戸市須磨区,大黒町３丁目,2023[sanitize]06[sanitize]17,07,駐車（輪）場,駐車（輪）場,10歳代,中学生,施錠せず
窃盗,自転車盗,須磨,板宿,281077,兵庫県,神戸市須磨区,大黒町３丁目,2023[sanitize]07[sanitize]31,07,その他,駐車（輪）場,40歳代,その他,施錠せず
窃盗,自転車盗,須磨,板宿,281077,兵庫県,神戸市須磨区,飛松町１丁目,2023[sanitize]02[sanitize]12,17,道路上,その他,10歳代,中学生,施錠せず
窃盗,自転車盗,須磨,板宿,281077,兵庫県,神戸市須磨区,飛松町２丁目,2023[sanitize]10[sanitize]17,07,道路上,その他,20歳代,その他,施錠せず
窃盗,自転車盗,須磨,板宿,281077,兵庫県,神戸市須磨区,飛松町３丁目,2022[sanitize]12[sanitize]27,13,道路上,その他,65[sanitize]69歳,その他,施錠した
窃盗,自転車盗,須磨,板宿,281077,兵庫県,神戸市須磨区,飛松町３丁目,2023[sanitize]07[sanitize]15,06,駐車（輪）場,駐車（輪）場,10歳代,高校生,施錠せず
窃盗,自転車盗,須磨,板宿,281077,兵庫県,神戸市須磨区,飛松町３丁目,2023[sanitize]09[sanitize]26,12,道路上,その他,20歳代,その他,施錠した
窃盗,自転車盗,須磨,板宿,281077,兵庫県,神戸市須磨区,飛松町３丁目,2023[sanitize]10[sanitize]03,08,道路上,その他,20歳代,その他,施錠した
窃盗,自転車盗,須磨,板宿,281077,兵庫県,神戸市須磨区,飛松町４丁目,2023[sanitize]11[sanitize]24,19,一戸建住宅,駐車（輪）場,50歳代,その他,施錠した
窃盗,自転車盗,須磨,板宿,281077,兵庫県,神戸市須磨区,平田町１丁目,2023[sanitize]04[sanitize]04,17,道路上,その他,50歳代,その他,施錠した
窃盗,自転車盗,須磨,板宿,281077,兵庫県,神戸市須磨区,平田町２丁目,2023[sanitize]03[sanitize]08,07,道路上,その他,20歳代,その他,施錠せず
窃盗,自転車盗,須磨,板宿,281077,兵庫県,神戸市須磨区,平田町２丁目,2023[sanitize]03[sanitize]08,19,道路上,その他,10歳代,中学生,施錠せず
窃盗,自転車盗,須磨,板宿,281077,兵庫県,神戸市須磨区,平田町２丁目,2023[sanitize]05[sanitize]08,18,駐車（輪）場,駐車（輪）場,20歳代,その他,施錠せず
窃盗,自転車盗,須磨,板宿,281077,兵庫県,神戸市須磨区,平田町２丁目,2023[sanitize]05[sanitize]13,08,駐車（輪）場,駐車（輪）場,10歳代,大学生,施錠した
窃盗,自転車盗,須磨,板宿,281077,兵庫県,神戸市須磨区,平田町２丁目,2023[sanitize]06[sanitize]20,07,駐車（輪）場,駐車（輪）場,10歳代,大学生,施錠せず
窃盗,自転車盗,須磨,板宿,281077,兵庫県,神戸市須磨区,平田町２丁目,2023[sanitize]07[sanitize]07,17,その他,駐車（輪）場,50歳代,その他,施錠した
窃盗,自転車盗,須磨,板宿,281077,兵庫県,神戸市須磨区,平田町２丁目,2023[sanitize]07[sanitize]19,18,道路上,その他,20歳代,その他,施錠せず
窃盗,自転車盗,須磨,板宿,281077,兵庫県,神戸市須磨区,平田町３丁目,2023[sanitize]03[sanitize]27,04,道路上,その他,10歳代,小学生,施錠せず
窃盗,自転車盗,須磨,板宿,281077,兵庫県,神戸市須磨区,平田町３丁目,2023[sanitize]07[sanitize]17,10,その他,駐車（輪）場,10歳代,中学生,施錠せず
窃盗,自転車盗,須磨,板宿,281077,兵庫県,神戸市須磨区,平田町３丁目,2023[sanitize]07[sanitize]30,09,その他,駐車（輪）場,70歳以上,その他,施錠した
窃盗,自転車盗,須磨,板宿,281077,兵庫県,神戸市須磨区,平田町３丁目,2023[sanitize]08[sanitize]31,14,その他,駐車（輪）場,30歳代,その他,施錠せず
窃盗,自転車盗,須磨,板宿,281077,兵庫県,神戸市須磨区,平田町３丁目,2023[sanitize]10[sanitize]25,09,駐車（輪）場,駐車（輪）場,70歳以上,その他,施錠した
窃盗,自転車盗,須磨,板宿,281077,兵庫県,神戸市須磨区,平田町３丁目,2023[sanitize]12[sanitize]16,08,駐車（輪）場,駐車（輪）場,30歳代,その他,施錠せず
窃盗,自転車盗,須磨,板宿,281077,兵庫県,神戸市須磨区,前池町２丁目,2023[sanitize]08[sanitize]18,19,道路上,その他,40歳代,その他,施錠せず
窃盗,自転車盗,須磨,板宿,281077,兵庫県,神戸市須磨区,前池町３丁目,2023[sanitize]02[sanitize]03,19,道路上,その他,40歳代,その他,施錠せず
窃盗,自転車盗,須磨,板宿,281077,兵庫県,神戸市須磨区,明神町１丁目,2023[sanitize]08[sanitize]29,20,一戸建住宅,駐車（輪）場,40歳代,その他,施錠せず
窃盗,自転車盗,須磨,板宿,281077,兵庫県,神戸市須磨区,養老町１丁目,2023[sanitize]06[sanitize]13,15,一戸建住宅,駐車（輪）場,70歳以上,その他,施錠せず
窃盗,自転車盗,須磨,板宿,281077,兵庫県,神戸市須磨区,養老町３丁目,2023[sanitize]04[sanitize]30,11,道路上,その他,40歳代,その他,施錠せず
窃盗,自転車盗,須磨,横尾,281077,兵庫県,神戸市須磨区,横尾７丁目,2023[sanitize]11[sanitize]08,10,４階建て以上共同住宅,駐車（輪）場,10歳未満,小学生,施錠した
窃盗,自転車盗,須磨,白川台,281077,兵庫県,神戸市須磨区,大池町５丁目,2022[sanitize]11[sanitize]23,13,４階建て以上共同住宅,駐車（輪）場,30歳代,その他,施錠せず
窃盗,自転車盗,須磨,若宮,281077,兵庫県,神戸市須磨区,青葉町１丁目,2023[sanitize]04[sanitize]15,08,道路上,その他,10歳代,中学生,施錠せず
窃盗,自転車盗,須磨,若宮,281077,兵庫県,神戸市須磨区,磯馴町３丁目,2023[sanitize]05[sanitize]01,00,その他,駐車（輪）場,法人・団体、被害者なし,法人・団体、被害者なし,施錠せず
窃盗,自転車盗,須磨,若宮,281077,兵庫県,神戸市須磨区,磯馴町４丁目,2023[sanitize]08[sanitize]23,21,駐車（輪）場,駐車（輪）場,30歳代,その他,施錠した
窃盗,自転車盗,須磨,若宮,281077,兵庫県,神戸市須磨区,衣掛町４丁目,2023[sanitize]02[sanitize]11,15,４階建て以上共同住宅,駐車（輪）場,10歳代,小学生,施錠した
窃盗,自転車盗,須磨,若宮,281077,兵庫県,神戸市須磨区,小寺町３丁目,2023[sanitize]01[sanitize]04,21,４階建て以上共同住宅,駐車（輪）場,70歳以上,その他,施錠せず
窃盗,自転車盗,須磨,若宮,281077,兵庫県,神戸市須磨区,小寺町３丁目,2023[sanitize]05[sanitize]22,22,４階建て以上共同住宅,駐車（輪）場,20歳代,その他,施錠せず
窃盗,自転車盗,須磨,若宮,281077,兵庫県,神戸市須磨区,小寺町４丁目,2023[sanitize]10[sanitize]23,06,一戸建住宅,駐車（輪）場,20歳代,その他,施錠せず
窃盗,自転車盗,須磨,若宮,281077,兵庫県,神戸市須磨区,鷹取町１丁目,2023[sanitize]08[sanitize]11,10,駐車（輪）場,駐車（輪）場,10歳代,高校生,施錠した
窃盗,自転車盗,須磨,若宮,281077,兵庫県,神戸市須磨区,鷹取町２丁目,2023[sanitize]03[sanitize]18,19,道路上,その他,60[sanitize]64歳,その他,施錠せず
窃盗,自転車盗,須磨,若宮,281077,兵庫県,神戸市須磨区,鷹取町３丁目,2023[sanitize]10[sanitize]14,11,一戸建住宅,駐車（輪）場,20歳代,その他,施錠した
窃盗,自転車盗,須磨,若宮,281077,兵庫県,神戸市須磨区,鷹取町４丁目,2023[sanitize]03[sanitize]04,19,その他,その他,10歳代,中学生,施錠した
窃盗,自転車盗,須磨,若宮,281077,兵庫県,神戸市須磨区,古川町３丁目,2023[sanitize]06[sanitize]10,21,４階建て以上共同住宅,駐車（輪）場,10歳代,中学生,施錠せず
窃盗,自転車盗,須磨,若宮,281077,兵庫県,神戸市須磨区,古川町３丁目,2023[sanitize]09[sanitize]27,17,４階建て以上共同住宅,駐車（輪）場,50歳代,その他,施錠した
窃盗,自転車盗,須磨,若宮,281077,兵庫県,神戸市須磨区,行幸町１丁目,2023[sanitize]08[sanitize]20,16,駐車（輪）場,駐車（輪）場,30歳代,その他,施錠せず
窃盗,自転車盗,須磨,若宮,281077,兵庫県,神戸市須磨区,若宮町１丁目,2023[sanitize]08[sanitize]19,19,４階建て以上共同住宅,駐車（輪）場,10歳未満,小学生,施錠せず
窃盗,自転車盗,須磨,若宮,281077,兵庫県,神戸市須磨区,若宮町１丁目,2023[sanitize]09[sanitize]24,23,その他の住宅（３階建て以下共同住宅等）,その他,10歳代,中学生,施錠せず
窃盗,自転車盗,須磨,若宮,281077,兵庫県,神戸市須磨区,若宮町１丁目,2023[sanitize]12[sanitize]03,13,駐車（輪）場,駐車（輪）場,10歳代,小学生,施錠せず
窃盗,自転車盗,須磨,若木,281077,兵庫県,神戸市須磨区,高尾台３丁目,2023[sanitize]09[sanitize]08,12,一戸建住宅,駐車（輪）場,40歳代,その他,施錠せず
窃盗,自転車盗,須磨,若木,281077,兵庫県,神戸市須磨区,離宮前町１丁目,2023[sanitize]09[sanitize]07,12,一戸建住宅,その他,70歳以上,その他,施錠した
窃盗,自転車盗,須磨,若木,281077,兵庫県,神戸市須磨区,若木町１丁目,2023[sanitize]10[sanitize]20,14,その他,駐車（輪）場,10歳代,高校生,施錠せず
窃盗,自転車盗,須磨,若木,281077,兵庫県,神戸市須磨区,若木町１丁目,2023[sanitize]11[sanitize]14,08,その他,その他,10歳代,高校生,施錠せず
窃盗,自転車盗,須磨,若木,281077,兵庫県,神戸市須磨区,若木町２丁目,2022[sanitize]12[sanitize]29,22,その他の住宅（３階建て以下共同住宅等）,その他,20歳代,その他,施錠せず
窃盗,自転車盗,須磨,若木,281077,兵庫県,神戸市須磨区,若木町３丁目,2023[sanitize]03[sanitize]29,13,その他の住宅（３階建て以下共同住宅等）,駐車（輪）場,20歳代,その他,施錠した
窃盗,自転車盗,須磨,若木,281077,兵庫県,神戸市須磨区,若木町３丁目,2023[sanitize]03[sanitize]30,21,一戸建住宅,駐車（輪）場,50歳代,その他,施錠した
窃盗,自転車盗,須磨,若木,281077,兵庫県,神戸市須磨区,若木町４丁目,2023[sanitize]08[sanitize]03,09,駐車（輪）場,駐車（輪）場,70歳以上,その他,施錠せず
窃盗,自転車盗,須磨,菅の台,281077,兵庫県,神戸市須磨区,友が丘８丁目,2023[sanitize]05[sanitize]29,07,一戸建住宅,駐車（輪）場,10歳代,中学生,施錠せず
窃盗,自転車盗,須磨,菅の台,281077,兵庫県,神戸市須磨区,明神町４丁目,2023[sanitize]06[sanitize]06,02,道路上,その他,法人・団体、被害者なし,法人・団体、被害者なし,施錠せず
窃盗,自転車盗,須磨,須磨駅前,281077,兵庫県,神戸市須磨区,青葉町１丁目,2023[sanitize]02[sanitize]15,16,道路上,その他,10歳代,中学生,施錠せず
窃盗,自転車盗,須磨,須磨駅前,281077,兵庫県,神戸市須磨区,一ノ谷町５丁目,2023[sanitize]07[sanitize]07,01,道路上,その他,60[sanitize]64歳,その他,施錠せず
窃盗,自転車盗,須磨,須磨駅前,281077,兵庫県,神戸市須磨区,須磨浦通４丁目,2023[sanitize]07[sanitize]29,16,その他,その他,10歳代,高校生,施錠せず
窃盗,自転車盗,須磨,須磨駅前,281077,兵庫県,神戸市須磨区,須磨本町２丁目,2023[sanitize]03[sanitize]24,20,一戸建住宅,駐車（輪）場,70歳以上,その他,施錠せず
窃盗,自転車盗,須磨,須磨駅前,281077,兵庫県,神戸市須磨区,天神町４丁目,2023[sanitize]02[sanitize]12,16,一戸建住宅,駐車（輪）場,30歳代,その他,施錠せず
窃盗,自転車盗,須磨,須磨駅前,281077,兵庫県,神戸市須磨区,天神町４丁目,2023[sanitize]06[sanitize]17,17,道路上,その他,30歳代,その他,施錠せず
窃盗,自転車盗,須磨,高倉台,281077,兵庫県,神戸市須磨区,高倉台６丁目,2023[sanitize]05[sanitize]11,09,一戸建住宅,駐車（輪）場,30歳代,その他,施錠した
窃盗,自転車盗,須磨,,281077,兵庫県,神戸市須磨区,磯馴町１丁目,2023[sanitize]09[sanitize]01,16,道路上,その他,10歳代,小学生,施錠せず
窃盗,自転車盗,垂水,上高丸,281085,兵庫県,神戸市垂水区,上高丸１丁目,2023[sanitize]08[sanitize]29,20,道路上,その他,40歳代,その他,施錠せず
窃盗,自転車盗,垂水,上高丸,281085,兵庫県,神戸市垂水区,千鳥が丘３丁目,2023[sanitize]02[sanitize]26,17,道路上,その他,10歳代,小学生,施錠せず
窃盗,自転車盗,垂水,上高丸,281085,兵庫県,神戸市垂水区,千代が丘２丁目,2023[sanitize]01[sanitize]23,16,道路上,その他,10歳代,小学生,施錠せず
窃盗,自転車盗,垂水,北舞子,281085,兵庫県,神戸市垂水区,北舞子３丁目,2023[sanitize]01[sanitize]05,10,その他,その他,10歳代,小学生,施錠せず
窃盗,自転車盗,垂水,北舞子,281085,兵庫県,神戸市垂水区,清水が丘１丁目,2022[sanitize]12[sanitize]10,10,４階建て以上共同住宅,駐車（輪）場,40歳代,その他,施錠した
窃盗,自転車盗,垂水,北舞子,281085,兵庫県,神戸市垂水区,舞子台４丁目,2023[sanitize]03[sanitize]24,17,その他,その他,40歳代,その他,施錠せず
窃盗,自転車盗,垂水,北舞子,281085,兵庫県,神戸市垂水区,舞子台７丁目,2023[sanitize]03[sanitize]26,13,４階建て以上共同住宅,駐車（輪）場,10歳代,小学生,施錠せず
窃盗,自転車盗,垂水,北舞子,281085,兵庫県,神戸市垂水区,舞子台８丁目,2023[sanitize]09[sanitize]29,18,駐車（輪）場,駐車（輪）場,40歳代,その他,施錠せず
窃盗,自転車盗,垂水,名谷,281085,兵庫県,神戸市垂水区,名谷町,2023[sanitize]01[sanitize]02,23,その他,駐車（輪）場,20歳代,大学生,施錠せず
窃盗,自転車盗,垂水,名谷,281085,兵庫県,神戸市垂水区,名谷町,2023[sanitize]10[sanitize]08,16,その他,駐車（輪）場,10歳代,中学生,施錠せず
窃盗,自転車盗,垂水,名谷,281085,兵庫県,神戸市垂水区,名谷町,2023[sanitize]11[sanitize]13,15,駐車（輪）場,駐車（輪）場,20歳代,大学生,施錠せず
窃盗,自転車盗,垂水,名谷,281085,兵庫県,神戸市垂水区,名谷町,2023[sanitize]12[sanitize]09,22,駐車（輪）場,駐車（輪）場,20歳代,大学生,施錠せず
窃盗,自転車盗,垂水,名谷,281085,兵庫県,神戸市垂水区,名谷町,2023[sanitize]12[sanitize]15,18,４階建て以上共同住宅,駐車（輪）場,10歳代,高校生,施錠せず
窃盗,自転車盗,垂水,名谷,281085,兵庫県,神戸市垂水区,小束山本町１丁目,2023[sanitize]02[sanitize]05,10,駐車（輪）場,駐車（輪）場,50歳代,その他,施錠した
窃盗,自転車盗,垂水,名谷,281085,兵庫県,神戸市垂水区,小束山本町３丁目,2022[sanitize]12[sanitize]26,17,一戸建住宅,駐車（輪）場,10歳未満,小学生,施錠せず
窃盗,自転車盗,垂水,名谷,281085,兵庫県,神戸市垂水区,小束山本町３丁目,2023[sanitize]12[sanitize]25,17,駐車（輪）場,駐車（輪）場,30歳代,その他,施錠せず
窃盗,自転車盗,垂水,名谷,281085,兵庫県,神戸市垂水区,小束台,2023[sanitize]02[sanitize]08,07,一戸建住宅,駐車（輪）場,10歳代,中学生,施錠せず
窃盗,自転車盗,垂水,名谷,281085,兵庫県,神戸市垂水区,小束山手２丁目,2023[sanitize]10[sanitize]12,15,駐車（輪）場,駐車（輪）場,20歳代,大学生,施錠せず
窃盗,自転車盗,垂水,垂水駅前,281085,兵庫県,神戸市垂水区,旭が丘１丁目,2023[sanitize]06[sanitize]21,15,一戸建住宅,駐車（輪）場,10歳未満,小学生,施錠せず
窃盗,自転車盗,垂水,垂水駅前,281085,兵庫県,神戸市垂水区,海岸通,2023[sanitize]03[sanitize]08,14,一戸建住宅,駐車（輪）場,65[sanitize]69歳,その他,施錠せず
窃盗,自転車盗,垂水,垂水駅前,281085,兵庫県,神戸市垂水区,海岸通,2023[sanitize]04[sanitize]15,19,その他の住宅（３階建て以下共同住宅等）,駐車（輪）場,50歳代,その他,施錠した
窃盗,自転車盗,垂水,垂水駅前,281085,兵庫県,神戸市垂水区,海岸通,2023[sanitize]05[sanitize]20,17,４階建て以上共同住宅,その他,10歳未満,小学生,施錠せず
窃盗,自転車盗,垂水,垂水駅前,281085,兵庫県,神戸市垂水区,海岸通,2023[sanitize]08[sanitize]02,17,駐車（輪）場,駐車（輪）場,10歳代,高校生,施錠せず
窃盗,自転車盗,垂水,垂水駅前,281085,兵庫県,神戸市垂水区,海岸通,2023[sanitize]10[sanitize]25,07,その他,駐車（輪）場,10歳代,高校生,施錠せず
窃盗,自転車盗,垂水,垂水駅前,281085,兵庫県,神戸市垂水区,海岸通,2023[sanitize]12[sanitize]04,07,駐車（輪）場,駐車（輪）場,20歳代,その他,施錠せず
窃盗,自転車盗,垂水,垂水駅前,281085,兵庫県,神戸市垂水区,神田町,2023[sanitize]03[sanitize]04,19,駐車（輪）場,駐車（輪）場,30歳代,その他,施錠せず
窃盗,自転車盗,垂水,垂水駅前,281085,兵庫県,神戸市垂水区,神田町,2023[sanitize]03[sanitize]10,14,駐車（輪）場,駐車（輪）場,10歳代,高校生,施錠せず
窃盗,自転車盗,垂水,垂水駅前,281085,兵庫県,神戸市垂水区,神田町,2023[sanitize]11[sanitize]01,20,駐車（輪）場,駐車（輪）場,30歳代,その他,施錠せず
窃盗,自転車盗,垂水,垂水駅前,281085,兵庫県,神戸市垂水区,清水通,2023[sanitize]02[sanitize]06,09,その他,その他,20歳代,その他,施錠せず
窃盗,自転車盗,垂水,垂水駅前,281085,兵庫県,神戸市垂水区,馬場通,2023[sanitize]04[sanitize]01,16,一戸建住宅,駐車（輪）場,10歳未満,小学生,施錠せず
窃盗,自転車盗,垂水,垂水駅前,281085,兵庫県,神戸市垂水区,東舞子町,2022[sanitize]01[sanitize]01,00,道路上,その他,20歳代,その他,施錠せず
窃盗,自転車盗,垂水,垂水駅前,281085,兵庫県,神戸市垂水区,日向１丁目,2023[sanitize]04[sanitize]30,20,道路上,その他,20歳代,その他,施錠せず
窃盗,自転車盗,垂水,垂水駅前,281085,兵庫県,神戸市垂水区,日向１丁目,2023[sanitize]08[sanitize]22,15,その他,駐車（輪）場,10歳代,その他,施錠せず
窃盗,自転車盗,垂水,垂水駅前,281085,兵庫県,神戸市垂水区,平磯３丁目,2023[sanitize]06[sanitize]07,17,道路上,その他,50歳代,その他,施錠せず
窃盗,自転車盗,垂水,垂水駅前,281085,兵庫県,神戸市垂水区,星が丘２丁目,2023[sanitize]08[sanitize]04,05,一戸建住宅,駐車（輪）場,40歳代,その他,施錠せず
窃盗,自転車盗,垂水,垂水駅前,281085,兵庫県,神戸市垂水区,瑞穂通,2023[sanitize]06[sanitize]09,21,一戸建住宅,その他,20歳代,その他,施錠した
窃盗,自転車盗,垂水,塩屋,281085,兵庫県,神戸市垂水区,塩屋町１丁目,2023[sanitize]03[sanitize]07,20,４階建て以上共同住宅,駐車（輪）場,20歳代,その他,施錠せず
窃盗,自転車盗,垂水,塩屋,281085,兵庫県,神戸市垂水区,塩屋町１丁目,2023[sanitize]12[sanitize]15,17,その他,駐車（輪）場,10歳代,高校生,施錠せず
窃盗,自転車盗,垂水,多聞,281085,兵庫県,神戸市垂水区,多聞台３丁目,2023[sanitize]07[sanitize]26,10,４階建て以上共同住宅,駐車（輪）場,10歳代,小学生,施錠せず
窃盗,自転車盗,垂水,多聞,281085,兵庫県,神戸市垂水区,小束台,2023[sanitize]03[sanitize]14,16,その他,駐車（輪）場,10歳代,大学生,施錠した
窃盗,自転車盗,垂水,多聞,281085,兵庫県,神戸市垂水区,舞多聞西８丁目,2023[sanitize]10[sanitize]03,17,その他,その他,10歳未満,小学生,施錠せず
窃盗,自転車盗,垂水,多聞,281085,兵庫県,神戸市垂水区,舞多聞西８丁目,2023[sanitize]12[sanitize]17,13,一戸建住宅,その他,10歳代,高校生,施錠せず
窃盗,自転車盗,垂水,多聞,281085,兵庫県,神戸市垂水区,舞多聞東２丁目,2023[sanitize]12[sanitize]15,17,駐車（輪）場,駐車（輪）場,10歳代,中学生,施錠せず
窃盗,自転車盗,垂水,平尾,281085,兵庫県,神戸市垂水区,泉が丘２丁目,2023[sanitize]01[sanitize]25,16,駐車（輪）場,駐車（輪）場,10歳代,高校生,施錠せず
窃盗,自転車盗,垂水,平尾,281085,兵庫県,神戸市垂水区,泉が丘４丁目,2023[sanitize]12[sanitize]10,13,４階建て以上共同住宅,駐車（輪）場,10歳代,大学生,施錠せず
窃盗,自転車盗,垂水,平尾,281085,兵庫県,神戸市垂水区,泉が丘５丁目,2023[sanitize]12[sanitize]14,16,その他の住宅（３階建て以下共同住宅等）,駐車（輪）場,20歳代,その他,施錠せず
窃盗,自転車盗,垂水,平尾,281085,兵庫県,神戸市垂水区,城が山１丁目,2023[sanitize]04[sanitize]20,06,駐車（輪）場,駐車（輪）場,10歳代,高校生,施錠せず
窃盗,自転車盗,垂水,平尾,281085,兵庫県,神戸市垂水区,王居殿２丁目,2023[sanitize]07[sanitize]11,21,４階建て以上共同住宅,駐車（輪）場,20歳代,その他,施錠した
窃盗,自転車盗,垂水,平尾,281085,兵庫県,神戸市垂水区,王居殿３丁目,2023[sanitize]08[sanitize]04,06,一戸建住宅,その他,40歳代,その他,施錠した
窃盗,自転車盗,垂水,平尾,281085,兵庫県,神戸市垂水区,東垂水３丁目,2023[sanitize]07[sanitize]28,09,道路上,その他,70歳以上,その他,施錠した
窃盗,自転車盗,垂水,新多聞,281085,兵庫県,神戸市垂水区,本多聞１丁目,2023[sanitize]11[sanitize]23,17,その他,駐車（輪）場,40歳代,その他,施錠せず
窃盗,自転車盗,垂水,新多聞,281085,兵庫県,神戸市垂水区,本多聞２丁目,2023[sanitize]10[sanitize]01,16,４階建て以上共同住宅,駐車（輪）場,10歳代,その他,施錠せず
窃盗,自転車盗,垂水,新多聞,281085,兵庫県,神戸市垂水区,本多聞２丁目,2023[sanitize]10[sanitize]05,19,一戸建住宅,駐車（輪）場,50歳代,その他,施錠せず
窃盗,自転車盗,垂水,新多聞,281085,兵庫県,神戸市垂水区,本多聞３丁目,2023[sanitize]10[sanitize]01,15,４階建て以上共同住宅,駐車（輪）場,10歳代,小学生,施錠せず
窃盗,自転車盗,垂水,新多聞,281085,兵庫県,神戸市垂水区,本多聞４丁目,2022[sanitize]12[sanitize]16,20,一戸建住宅,駐車（輪）場,20歳代,その他,施錠した
窃盗,自転車盗,垂水,明舞,281085,兵庫県,神戸市垂水区,神陵台１丁目,2023[sanitize]06[sanitize]23,19,４階建て以上共同住宅,駐車（輪）場,10歳未満,小学生,施錠せず
窃盗,自転車盗,垂水,明舞,281085,兵庫県,神戸市垂水区,神陵台２丁目,2023[sanitize]08[sanitize]16,17,４階建て以上共同住宅,駐車（輪）場,40歳代,その他,施錠した
窃盗,自転車盗,垂水,明舞,281085,兵庫県,神戸市垂水区,神陵台２丁目,2023[sanitize]11[sanitize]08,06,４階建て以上共同住宅,駐車（輪）場,20歳代,その他,施錠せず
窃盗,自転車盗,垂水,明舞,281085,兵庫県,神戸市垂水区,南多聞台２丁目,2023[sanitize]04[sanitize]10,18,４階建て以上共同住宅,駐車（輪）場,30歳代,その他,施錠せず
窃盗,自転車盗,垂水,明舞,281085,兵庫県,神戸市垂水区,南多聞台２丁目,2023[sanitize]11[sanitize]17,18,４階建て以上共同住宅,駐車（輪）場,10歳代,中学生,施錠せず
窃盗,自転車盗,垂水,明舞,281085,兵庫県,神戸市垂水区,南多聞台６丁目,2023[sanitize]03[sanitize]02,05,一戸建住宅,駐車（輪）場,10歳代,小学生,施錠した
窃盗,自転車盗,垂水,明舞,281085,兵庫県,神戸市垂水区,南多聞台７丁目,2023[sanitize]12[sanitize]03,12,駐車（輪）場,駐車（輪）場,10歳代,小学生,施錠せず
窃盗,自転車盗,垂水,明舞,281085,兵庫県,神戸市垂水区,南多聞台８丁目,2023[sanitize]08[sanitize]11,14,一戸建住宅,駐車（輪）場,10歳未満,小学生,施錠せず
窃盗,自転車盗,垂水,桃山台,281085,兵庫県,神戸市垂水区,桃山台４丁目,2023[sanitize]04[sanitize]02,17,駐車（輪）場,駐車（輪）場,10歳代,中学生,施錠した
窃盗,自転車盗,垂水,桃山台,281085,兵庫県,神戸市垂水区,桃山台４丁目,2023[sanitize]08[sanitize]31,14,道路上,その他,10歳代,小学生,施錠せず
窃盗,自転車盗,垂水,舞子駅前,281085,兵庫県,神戸市垂水区,狩口台７丁目,2023[sanitize]10[sanitize]13,21,駐車（輪）場,駐車（輪）場,30歳代,その他,施錠せず
窃盗,自転車盗,垂水,舞子駅前,281085,兵庫県,神戸市垂水区,西舞子１丁目,2022[sanitize]12[sanitize]27,21,その他の住宅（３階建て以下共同住宅等）,その他,10歳代,小学生,施錠せず
窃盗,自転車盗,垂水,舞子駅前,281085,兵庫県,神戸市垂水区,西舞子１丁目,2023[sanitize]07[sanitize]03,09,その他,駐車（輪）場,10歳代,高校生,施錠した
窃盗,自転車盗,垂水,舞子駅前,281085,兵庫県,神戸市垂水区,東舞子町,2023[sanitize]01[sanitize]15,11,駐車（輪）場,駐車（輪）場,20歳代,その他,施錠した
窃盗,自転車盗,垂水,舞子駅前,281085,兵庫県,神戸市垂水区,東舞子町,2023[sanitize]01[sanitize]21,06,駐車（輪）場,駐車（輪）場,20歳代,その他,施錠した
窃盗,自転車盗,垂水,舞子駅前,281085,兵庫県,神戸市垂水区,東舞子町,2023[sanitize]02[sanitize]28,15,駐車（輪）場,駐車（輪）場,20歳代,その他,施錠した
窃盗,自転車盗,垂水,舞子駅前,281085,兵庫県,神戸市垂水区,東舞子町,2023[sanitize]06[sanitize]09,07,その他,駐車（輪）場,30歳代,その他,施錠せず
窃盗,自転車盗,垂水,舞子駅前,281085,兵庫県,神戸市垂水区,東舞子町,2023[sanitize]07[sanitize]07,09,その他,駐車（輪）場,20歳代,大学生,施錠した
窃盗,自転車盗,垂水,舞子駅前,281085,兵庫県,神戸市垂水区,東舞子町,2023[sanitize]09[sanitize]29,09,その他,駐車（輪）場,20歳代,その他,施錠せず
窃盗,自転車盗,垂水,舞子駅前,281085,兵庫県,神戸市垂水区,東舞子町,2023[sanitize]11[sanitize]12,10,４階建て以上共同住宅,駐車（輪）場,70歳以上,その他,施錠せず
窃盗,自転車盗,垂水,舞子駅前,281085,兵庫県,神戸市垂水区,東舞子町,不明,不明,道路上,その他,20歳代,その他,施錠せず
窃盗,自転車盗,垂水,西舞子,281085,兵庫県,神戸市垂水区,西舞子１丁目,2023[sanitize]05[sanitize]24,02,４階建て以上共同住宅,駐車（輪）場,20歳代,その他,施錠せず
窃盗,自転車盗,垂水,西舞子,281085,兵庫県,神戸市垂水区,西舞子２丁目,2023[sanitize]07[sanitize]05,18,４階建て以上共同住宅,駐車（輪）場,10歳代,高校生,施錠せず
窃盗,自転車盗,垂水,西舞子,281085,兵庫県,神戸市垂水区,西舞子３丁目,2023[sanitize]10[sanitize]17,22,道路上,その他,20歳代,その他,施錠せず
窃盗,自転車盗,垂水,西舞子,281085,兵庫県,神戸市垂水区,西舞子３丁目,2023[sanitize]12[sanitize]25,17,その他,駐車（輪）場,10歳代,小学生,施錠した
窃盗,自転車盗,垂水,西舞子,281085,兵庫県,神戸市垂水区,西舞子４丁目,2023[sanitize]04[sanitize]07,08,一戸建住宅,駐車（輪）場,50歳代,その他,施錠せず
窃盗,自転車盗,垂水,西舞子,281085,兵庫県,神戸市垂水区,舞子坂３丁目,2023[sanitize]10[sanitize]07,08,一戸建住宅,駐車（輪）場,10歳代,小学生,施錠せず
窃盗,自転車盗,垂水,西舞子,281085,兵庫県,神戸市垂水区,舞子坂４丁目,2023[sanitize]11[sanitize]23,18,駐車（輪）場,駐車（輪）場,40歳代,その他,施錠せず
窃盗,自転車盗,垂水,西舞子,281085,兵庫県,神戸市垂水区,舞子坂４丁目,2023[sanitize]11[sanitize]23,18,４階建て以上共同住宅,駐車（輪）場,30歳代,その他,施錠せず
窃盗,自転車盗,垂水,霞ヶ丘,281085,兵庫県,神戸市垂水区,五色山１丁目,2023[sanitize]08[sanitize]10,07,駐車（輪）場,駐車（輪）場,20歳代,その他,施錠せず
窃盗,自転車盗,垂水,霞ヶ丘,281085,兵庫県,神戸市垂水区,五色山５丁目,2023[sanitize]05[sanitize]01,17,４階建て以上共同住宅,駐車（輪）場,30歳代,その他,施錠した
窃盗,自転車盗,垂水,霞ヶ丘,281085,兵庫県,神戸市垂水区,五色山５丁目,2023[sanitize]06[sanitize]15,18,４階建て以上共同住宅,駐車（輪）場,50歳代,その他,施錠した
窃盗,自転車盗,垂水,霞ヶ丘,281085,兵庫県,神戸市垂水区,五色山５丁目,2023[sanitize]06[sanitize]21,12,４階建て以上共同住宅,駐車（輪）場,30歳代,その他,施錠した
窃盗,自転車盗,垂水,青山台,281085,兵庫県,神戸市垂水区,青山台７丁目,2023[sanitize]03[sanitize]27,22,その他,駐車（輪）場,10歳代,高校生,施錠せず
窃盗,自転車盗,垂水,青山台,281085,兵庫県,神戸市垂水区,青山台７丁目,2023[sanitize]08[sanitize]02,14,その他,駐車（輪）場,10歳代,中学生,施錠せず
窃盗,自転車盗,垂水,青山台,281085,兵庫県,神戸市垂水区,青山台７丁目,2023[sanitize]12[sanitize]18,08,その他,駐車（輪）場,20歳代,その他,施錠した
窃盗,自転車盗,垂水,青山台,281085,兵庫県,神戸市垂水区,美山台３丁目,2023[sanitize]07[sanitize]16,23,道路上,その他,10歳代,その他,施錠した
窃盗,自転車盗,垂水,青山台,281085,兵庫県,神戸市垂水区,乙木１丁目,2023[sanitize]10[sanitize]08,23,一戸建住宅,その他,30歳代,その他,施錠せず
窃盗,自転車盗,垂水,高丸,281085,兵庫県,神戸市垂水区,大町４丁目,2022[sanitize]12[sanitize]31,16,駐車（輪）場,駐車（輪）場,10歳代,大学生,施錠せず
窃盗,自転車盗,垂水,高丸,281085,兵庫県,神戸市垂水区,向陽２丁目,2023[sanitize]09[sanitize]28,17,４階建て以上共同住宅,駐車（輪）場,30歳代,その他,施錠した
窃盗,自転車盗,垂水,高丸,281085,兵庫県,神戸市垂水区,向陽３丁目,2023[sanitize]05[sanitize]23,18,４階建て以上共同住宅,駐車（輪）場,10歳代,中学生,施錠せず
窃盗,自転車盗,垂水,高丸,281085,兵庫県,神戸市垂水区,千鳥が丘１丁目,2023[sanitize]09[sanitize]04,18,４階建て以上共同住宅,駐車（輪）場,50歳代,その他,施錠せず
窃盗,自転車盗,垂水,高丸,281085,兵庫県,神戸市垂水区,千鳥が丘１丁目,2023[sanitize]09[sanitize]04,22,駐車（輪）場,駐車（輪）場,10歳代,高校生,施錠せず
窃盗,自転車盗,垂水,高丸,281085,兵庫県,神戸市垂水区,福田２丁目,2023[sanitize]07[sanitize]19,18,４階建て以上共同住宅,駐車（輪）場,30歳代,その他,施錠せず
窃盗,自転車盗,垂水,高丸,281085,兵庫県,神戸市垂水区,福田５丁目,2023[sanitize]12[sanitize]08,18,駐車（輪）場,駐車（輪）場,70歳以上,その他,施錠した
窃盗,自転車盗,垂水,高丸,281085,兵庫県,神戸市垂水区,山手６丁目,2022[sanitize]12[sanitize]26,18,４階建て以上共同住宅,その他,10歳代,中学生,施錠した
窃盗,自転車盗,垂水,,281085,兵庫県,神戸市垂水区,本多聞３丁目,2023[sanitize]01[sanitize]30,13,駐車（輪）場,駐車（輪）場,20歳代,その他,施錠せず
窃盗,自転車盗,神戸水上,ポートアイランド,281107,兵庫県,神戸市中央区,港島１丁目,2023[sanitize]06[sanitize]13,09,その他,駐車（輪）場,20歳代,大学生,施錠せず
窃盗,自転車盗,神戸水上,ポートアイランド,281107,兵庫県,神戸市中央区,港島１丁目,2023[sanitize]06[sanitize]16,13,その他,駐車（輪）場,20歳代,大学生,施錠せず
窃盗,自転車盗,神戸水上,ポートアイランド,281107,兵庫県,神戸市中央区,港島１丁目,2023[sanitize]07[sanitize]01,11,その他,駐車（輪）場,10歳代,大学生,施錠せず
窃盗,自転車盗,神戸水上,ポートアイランド,281107,兵庫県,神戸市中央区,港島１丁目,2023[sanitize]07[sanitize]27,09,その他,駐車（輪）場,20歳代,その他,施錠せず
窃盗,自転車盗,神戸水上,ポートアイランド,281107,兵庫県,神戸市中央区,港島１丁目,2023[sanitize]09[sanitize]21,11,その他,駐車（輪）場,20歳代,大学生,施錠せず
窃盗,自転車盗,神戸水上,ポートアイランド,281107,兵庫県,神戸市中央区,港島１丁目,2023[sanitize]10[sanitize]04,12,その他,駐車（輪）場,10歳代,大学生,施錠した
窃盗,自転車盗,神戸水上,ポートアイランド,281107,兵庫県,神戸市中央区,港島１丁目,2023[sanitize]10[sanitize]08,20,４階建て以上共同住宅,駐車（輪）場,10歳代,大学生,施錠せず
窃盗,自転車盗,神戸水上,ポートアイランド,281107,兵庫県,神戸市中央区,港島１丁目,2023[sanitize]10[sanitize]18,09,その他,駐車（輪）場,20歳代,大学生,施錠せず
窃盗,自転車盗,神戸水上,ポートアイランド,281107,兵庫県,神戸市中央区,港島１丁目,2023[sanitize]10[sanitize]24,09,その他,駐車（輪）場,10歳代,大学生,施錠せず
窃盗,自転車盗,神戸水上,ポートアイランド,281107,兵庫県,神戸市中央区,港島１丁目,2023[sanitize]11[sanitize]01,11,その他,駐車（輪）場,10歳代,大学生,施錠せず
窃盗,自転車盗,神戸水上,ポートアイランド,281107,兵庫県,神戸市中央区,港島１丁目,2023[sanitize]11[sanitize]20,13,４階建て以上共同住宅,駐車（輪）場,10歳代,大学生,施錠せず
窃盗,自転車盗,神戸水上,ポートアイランド,281107,兵庫県,神戸市中央区,港島１丁目,2023[sanitize]12[sanitize]14,08,その他,駐車（輪）場,20歳代,大学生,施錠した
窃盗,自転車盗,神戸水上,ポートアイランド,281107,兵庫県,神戸市中央区,港島中町１丁目,2023[sanitize]10[sanitize]02,15,その他,その他,20歳代,大学生,施錠せず
窃盗,自転車盗,神戸水上,ポートアイランド,281107,兵庫県,神戸市中央区,港島中町２丁目,2023[sanitize]05[sanitize]24,15,４階建て以上共同住宅,駐車（輪）場,10歳未満,小学生,施錠せず
窃盗,自転車盗,神戸水上,ポートアイランド,281107,兵庫県,神戸市中央区,港島中町３丁目,2023[sanitize]03[sanitize]11,11,４階建て以上共同住宅,駐車（輪）場,10歳未満,小学生,施錠した
窃盗,自転車盗,神戸水上,ポートアイランド,281107,兵庫県,神戸市中央区,港島中町３丁目,2023[sanitize]04[sanitize]14,13,４階建て以上共同住宅,駐車（輪）場,20歳代,大学生,施錠した
窃盗,自転車盗,神戸水上,ポートアイランド,281107,兵庫県,神戸市中央区,港島中町３丁目,2023[sanitize]05[sanitize]31,15,４階建て以上共同住宅,駐車（輪）場,10歳代,高校生,施錠した
窃盗,自転車盗,神戸水上,ポートアイランド,281107,兵庫県,神戸市中央区,港島中町３丁目,2023[sanitize]06[sanitize]01,19,４階建て以上共同住宅,駐車（輪）場,30歳代,その他,施錠した
窃盗,自転車盗,神戸水上,ポートアイランド,281107,兵庫県,神戸市中央区,港島中町３丁目,2023[sanitize]06[sanitize]29,20,４階建て以上共同住宅,駐車（輪）場,50歳代,その他,施錠せず
窃盗,自転車盗,神戸水上,ポートアイランド,281107,兵庫県,神戸市中央区,港島中町３丁目,2023[sanitize]07[sanitize]05,17,４階建て以上共同住宅,駐車（輪）場,60[sanitize]64歳,その他,施錠せず
窃盗,自転車盗,神戸水上,ポートアイランド,281107,兵庫県,神戸市中央区,港島中町３丁目,2023[sanitize]07[sanitize]15,11,４階建て以上共同住宅,駐車（輪）場,20歳代,その他,施錠せず
窃盗,自転車盗,神戸水上,ポートアイランド,281107,兵庫県,神戸市中央区,港島中町３丁目,2023[sanitize]07[sanitize]17,06,４階建て以上共同住宅,駐車（輪）場,30歳代,その他,施錠せず
窃盗,自転車盗,神戸水上,ポートアイランド,281107,兵庫県,神戸市中央区,港島中町３丁目,2023[sanitize]07[sanitize]26,20,４階建て以上共同住宅,駐車（輪）場,20歳代,その他,施錠せず
窃盗,自転車盗,神戸水上,ポートアイランド,281107,兵庫県,神戸市中央区,港島中町３丁目,2023[sanitize]10[sanitize]14,15,４階建て以上共同住宅,その他,20歳代,その他,施錠せず
窃盗,自転車盗,神戸水上,ポートアイランド,281107,兵庫県,神戸市中央区,港島中町３丁目,2023[sanitize]11[sanitize]22,09,４階建て以上共同住宅,駐車（輪）場,10歳代,高校生,施錠した
窃盗,自転車盗,神戸水上,ポートアイランド,281107,兵庫県,神戸市中央区,港島中町４丁目,2022[sanitize]10[sanitize]10,16,その他,駐車（輪）場,50歳代,その他,施錠した
窃盗,自転車盗,神戸水上,ポートアイランド,281107,兵庫県,神戸市中央区,港島中町４丁目,2023[sanitize]03[sanitize]21,21,道路上,その他,20歳代,その他,施錠せず
窃盗,自転車盗,神戸水上,ポートアイランド,281107,兵庫県,神戸市中央区,港島中町４丁目,2023[sanitize]06[sanitize]12,18,その他,駐車（輪）場,20歳代,その他,施錠せず
窃盗,自転車盗,神戸水上,ポートアイランド,281107,兵庫県,神戸市中央区,港島中町４丁目,2023[sanitize]07[sanitize]17,21,その他,駐車（輪）場,20歳代,その他,施錠せず
窃盗,自転車盗,神戸水上,ポートアイランド,281107,兵庫県,神戸市中央区,港島中町４丁目,2023[sanitize]07[sanitize]31,16,その他,駐車（輪）場,10歳代,高校生,施錠せず
窃盗,自転車盗,神戸水上,ポートアイランド,281107,兵庫県,神戸市中央区,港島中町４丁目,2023[sanitize]08[sanitize]03,17,その他,駐車（輪）場,10歳代,大学生,施錠せず
窃盗,自転車盗,神戸水上,ポートアイランド,281107,兵庫県,神戸市中央区,港島中町４丁目,2023[sanitize]08[sanitize]10,09,その他,駐車（輪）場,10歳代,大学生,施錠した
窃盗,自転車盗,神戸水上,ポートアイランド,281107,兵庫県,神戸市中央区,港島中町４丁目,2023[sanitize]08[sanitize]10,10,その他,駐車（輪）場,50歳代,その他,施錠した
窃盗,自転車盗,神戸水上,ポートアイランド,281107,兵庫県,神戸市中央区,港島中町４丁目,2023[sanitize]08[sanitize]25,18,その他,駐車（輪）場,10歳代,大学生,施錠した
窃盗,自転車盗,神戸水上,ポートアイランド,281107,兵庫県,神戸市中央区,港島中町４丁目,2023[sanitize]09[sanitize]28,07,その他,駐車（輪）場,10歳代,高校生,施錠せず
窃盗,自転車盗,神戸水上,ポートアイランド,281107,兵庫県,神戸市中央区,港島中町４丁目,2023[sanitize]10[sanitize]12,07,その他,駐車（輪）場,10歳代,高校生,施錠せず
窃盗,自転車盗,神戸水上,ポートアイランド,281107,兵庫県,神戸市中央区,港島中町４丁目,2023[sanitize]10[sanitize]14,11,その他,駐車（輪）場,20歳代,大学生,施錠した
窃盗,自転車盗,神戸水上,ポートアイランド,281107,兵庫県,神戸市中央区,港島中町４丁目,2023[sanitize]10[sanitize]15,22,その他,駐車（輪）場,30歳代,その他,施錠した
窃盗,自転車盗,神戸水上,ポートアイランド,281107,兵庫県,神戸市中央区,港島中町４丁目,2023[sanitize]10[sanitize]20,10,道路上,その他,50歳代,その他,施錠した
窃盗,自転車盗,神戸水上,ポートアイランド,281107,兵庫県,神戸市中央区,港島中町４丁目,2023[sanitize]12[sanitize]08,17,その他,駐車（輪）場,40歳代,その他,施錠した
窃盗,自転車盗,神戸水上,ポートアイランド,281107,兵庫県,神戸市中央区,港島中町６丁目,2023[sanitize]02[sanitize]24,00,その他,駐車（輪）場,20歳代,大学生,施錠せず
窃盗,自転車盗,神戸水上,ポートアイランド,281107,兵庫県,神戸市中央区,港島中町６丁目,2023[sanitize]05[sanitize]26,18,道路上,その他,30歳代,その他,施錠した
窃盗,自転車盗,神戸水上,ポートアイランド,281107,兵庫県,神戸市中央区,港島中町６丁目,2023[sanitize]06[sanitize]24,08,道路上,その他,40歳代,その他,施錠した
窃盗,自転車盗,神戸水上,ポートアイランド,281107,兵庫県,神戸市中央区,港島中町６丁目,2023[sanitize]07[sanitize]02,15,道路上,その他,10歳代,大学生,施錠した
窃盗,自転車盗,神戸水上,ポートアイランド,281107,兵庫県,神戸市中央区,港島中町６丁目,2023[sanitize]07[sanitize]14,18,その他,駐車（輪）場,30歳代,その他,施錠せず
窃盗,自転車盗,神戸水上,ポートアイランド,281107,兵庫県,神戸市中央区,港島中町６丁目,2023[sanitize]08[sanitize]01,20,その他,駐車（輪）場,30歳代,その他,施錠せず
窃盗,自転車盗,神戸水上,ポートアイランド,281107,兵庫県,神戸市中央区,港島中町８丁目,2023[sanitize]05[sanitize]16,15,その他,その他,60[sanitize]64歳,その他,施錠せず
窃盗,自転車盗,神戸水上,ポートアイランド,281107,兵庫県,神戸市中央区,港島南町１丁目,2023[sanitize]10[sanitize]02,09,その他,駐車（輪）場,40歳代,その他,施錠した
窃盗,自転車盗,神戸水上,ポートアイランド,281107,兵庫県,神戸市中央区,神戸空港,2023[sanitize]05[sanitize]13,08,道路上,その他,40歳代,その他,施錠した
窃盗,自転車盗,神戸水上,ポートアイランド,281107,兵庫県,神戸市中央区,神戸空港,2023[sanitize]05[sanitize]13,08,道路上,その他,50歳代,その他,施錠せず
窃盗,自転車盗,神戸水上,中突堤,281107,兵庫県,神戸市中央区,波止場町,2023[sanitize]03[sanitize]20,22,４階建て以上共同住宅,駐車（輪）場,30歳代,その他,施錠した
窃盗,自転車盗,神戸水上,中突堤,281107,兵庫県,神戸市中央区,波止場町,2023[sanitize]03[sanitize]26,06,４階建て以上共同住宅,その他,30歳代,その他,施錠した
窃盗,自転車盗,神戸水上,中突堤,281107,兵庫県,神戸市中央区,波止場町,2023[sanitize]04[sanitize]27,21,４階建て以上共同住宅,その他,40歳代,その他,施錠した
窃盗,自転車盗,神戸水上,中突堤,281107,兵庫県,神戸市中央区,波止場町,2023[sanitize]08[sanitize]02,08,その他,その他,20歳代,その他,施錠せず
窃盗,自転車盗,神戸水上,中突堤,281107,兵庫県,神戸市中央区,波止場町,2023[sanitize]08[sanitize]27,09,道路上,その他,20歳代,その他,施錠せず
窃盗,自転車盗,神戸水上,中突堤,281107,兵庫県,神戸市中央区,波止場町,2023[sanitize]10[sanitize]06,13,その他,駐車（輪）場,20歳代,その他,施錠せず
窃盗,自転車盗,神戸水上,中突堤,281107,兵庫県,神戸市中央区,波止場町,2023[sanitize]11[sanitize]02,16,その他,駐車（輪）場,20歳代,その他,施錠せず
窃盗,自転車盗,神戸水上,中突堤,281107,兵庫県,神戸市中央区,波止場町,2023[sanitize]11[sanitize]06,08,道路上,その他,30歳代,その他,施錠せず
窃盗,自転車盗,神戸水上,中突堤,281107,兵庫県,神戸市中央区,弁天町,2023[sanitize]01[sanitize]03,15,その他,その他,30歳代,その他,施錠せず
窃盗,自転車盗,神戸水上,中突堤,281107,兵庫県,神戸市中央区,弁天町,2023[sanitize]01[sanitize]05,18,道路上,その他,20歳代,その他,施錠せず
窃盗,自転車盗,神戸水上,中突堤,281107,兵庫県,神戸市中央区,弁天町,2023[sanitize]01[sanitize]17,06,道路上,その他,10歳代,高校生,施錠せず
窃盗,自転車盗,神戸水上,中突堤,281107,兵庫県,神戸市中央区,弁天町,2023[sanitize]05[sanitize]20,13,道路上,その他,10歳代,中学生,施錠せず
窃盗,自転車盗,神戸水上,中突堤,281107,兵庫県,神戸市中央区,弁天町,2023[sanitize]07[sanitize]17,14,道路上,その他,30歳代,その他,施錠せず
窃盗,自転車盗,神戸水上,中突堤,281107,兵庫県,神戸市中央区,弁天町,2023[sanitize]07[sanitize]23,20,道路上,その他,10歳代,中学生,施錠せず
窃盗,自転車盗,神戸水上,新港,281107,兵庫県,神戸市中央区,小野浜町,2023[sanitize]07[sanitize]14,08,その他,駐車（輪）場,50歳代,その他,施錠した
窃盗,自転車盗,神戸水上,新港,281107,兵庫県,神戸市中央区,小野浜町,2023[sanitize]08[sanitize]01,21,その他,その他,20歳代,その他,施錠した
窃盗,自転車盗,神戸水上,新港,281107,兵庫県,神戸市中央区,小野浜町,2023[sanitize]09[sanitize]13,07,道路上,その他,40歳代,その他,施錠せず
窃盗,自転車盗,神戸水上,新港,281107,兵庫県,神戸市中央区,新港町,2023[sanitize]12[sanitize]12,12,道路上,その他,30歳代,その他,施錠した
窃盗,自転車盗,神戸西,上池,281115,兵庫県,神戸市西区,玉津町今津,2022[sanitize]09[sanitize]01,09,４階建て以上共同住宅,駐車（輪）場,10歳代,中学生,施錠した
窃盗,自転車盗,神戸西,上池,281115,兵庫県,神戸市西区,玉津町今津,2022[sanitize]10[sanitize]01,09,４階建て以上共同住宅,駐車（輪）場,30歳代,その他,施錠した
窃盗,自転車盗,神戸西,上池,281115,兵庫県,神戸市西区,玉津町今津,2023[sanitize]04[sanitize]01,09,４階建て以上共同住宅,駐車（輪）場,10歳未満,小学生,施錠した
窃盗,自転車盗,神戸西,上池,281115,兵庫県,神戸市西区,玉津町今津,2023[sanitize]04[sanitize]11,13,４階建て以上共同住宅,駐車（輪）場,10歳代,高校生,施錠せず
窃盗,自転車盗,神戸西,上池,281115,兵庫県,神戸市西区,玉津町今津,2023[sanitize]04[sanitize]22,08,４階建て以上共同住宅,駐車（輪）場,10歳代,小学生,施錠した
窃盗,自転車盗,神戸西,上池,281115,兵庫県,神戸市西区,玉津町上池,2023[sanitize]01[sanitize]05,09,４階建て以上共同住宅,その他,10歳代,中学生,施錠せず
窃盗,自転車盗,神戸西,上池,281115,兵庫県,神戸市西区,玉津町高津橋,2023[sanitize]11[sanitize]04,21,４階建て以上共同住宅,駐車（輪）場,40歳代,その他,施錠した
窃盗,自転車盗,神戸西,上池,281115,兵庫県,神戸市西区,玉津町高津橋,2023[sanitize]11[sanitize]05,09,その他,その他,10歳代,中学生,施錠せず
窃盗,自転車盗,神戸西,上池,281115,兵庫県,神戸市西区,玉津町高津橋,2023[sanitize]12[sanitize]02,17,４階建て以上共同住宅,駐車（輪）場,20歳代,その他,施錠せず
窃盗,自転車盗,神戸西,上池,281115,兵庫県,神戸市西区,玉津町西河原,2023[sanitize]09[sanitize]15,16,道路上,その他,10歳代,中学生,施錠した
窃盗,自転車盗,神戸西,上池,281115,兵庫県,神戸市西区,玉津町水谷,2023[sanitize]09[sanitize]13,18,その他の住宅（３階建て以下共同住宅等）,その他,20歳代,その他,施錠せず
窃盗,自転車盗,神戸西,上池,281115,兵庫県,神戸市西区,水谷１丁目,2023[sanitize]09[sanitize]20,16,駐車（輪）場,駐車（輪）場,20歳代,その他,施錠せず
窃盗,自転車盗,神戸西,上池,281115,兵庫県,神戸市西区,水谷２丁目,2023[sanitize]03[sanitize]30,16,その他,駐車（輪）場,50歳代,その他,施錠せず
窃盗,自転車盗,神戸西,井吹台,281115,兵庫県,神戸市西区,,2023[sanitize]04[sanitize]23,09,一戸建住宅,その他,10歳未満,小学生,施錠せず
窃盗,自転車盗,神戸西,井吹台,281115,兵庫県,神戸市西区,櫨谷町福谷,2023[sanitize]07[sanitize]04,20,その他の住宅（３階建て以下共同住宅等）,駐車（輪）場,10歳代,高校生,施錠せず
窃盗,自転車盗,神戸西,井吹台,281115,兵庫県,神戸市西区,学園西町１丁目,2023[sanitize]03[sanitize]30,08,その他,駐車（輪）場,10歳代,高校生,施錠せず
窃盗,自転車盗,神戸西,井吹台,281115,兵庫県,神戸市西区,井吹台東町１丁目,2022[sanitize]12[sanitize]27,12,駐車（輪）場,駐車（輪）場,10歳代,中学生,施錠した
窃盗,自転車盗,神戸西,井吹台,281115,兵庫県,神戸市西区,井吹台東町１丁目,2023[sanitize]02[sanitize]28,13,その他,駐車（輪）場,40歳代,その他,施錠せず
窃盗,自転車盗,神戸西,井吹台,281115,兵庫県,神戸市西区,井吹台東町１丁目,2023[sanitize]03[sanitize]20,13,駐車（輪）場,駐車（輪）場,10歳代,中学生,施錠せず
窃盗,自転車盗,神戸西,井吹台,281115,兵庫県,神戸市西区,井吹台東町１丁目,2023[sanitize]04[sanitize]01,09,その他,駐車（輪）場,10歳代,中学生,施錠せず
窃盗,自転車盗,神戸西,井吹台,281115,兵庫県,神戸市西区,井吹台東町１丁目,2023[sanitize]04[sanitize]16,08,その他,駐車（輪）場,10歳代,その他,施錠した
窃盗,自転車盗,神戸西,井吹台,281115,兵庫県,神戸市西区,井吹台東町１丁目,2023[sanitize]04[sanitize]24,07,その他,駐車（輪）場,10歳代,高校生,施錠せず
窃盗,自転車盗,神戸西,井吹台,281115,兵庫県,神戸市西区,井吹台東町１丁目,2023[sanitize]05[sanitize]06,07,その他,駐車（輪）場,10歳代,高校生,施錠せず
窃盗,自転車盗,神戸西,井吹台,281115,兵庫県,神戸市西区,井吹台東町１丁目,2023[sanitize]07[sanitize]10,07,４階建て以上共同住宅,駐車（輪）場,40歳代,その他,施錠した
窃盗,自転車盗,神戸西,井吹台,281115,兵庫県,神戸市西区,井吹台東町１丁目,2023[sanitize]07[sanitize]14,16,その他,駐車（輪）場,10歳代,その他,施錠せず
窃盗,自転車盗,神戸西,井吹台,281115,兵庫県,神戸市西区,井吹台東町１丁目,2023[sanitize]07[sanitize]24,10,その他,駐車（輪）場,10歳代,高校生,施錠せず
窃盗,自転車盗,神戸西,井吹台,281115,兵庫県,神戸市西区,井吹台東町１丁目,2023[sanitize]08[sanitize]02,16,その他,駐車（輪）場,10歳代,大学生,施錠せず
窃盗,自転車盗,神戸西,井吹台,281115,兵庫県,神戸市西区,井吹台東町１丁目,2023[sanitize]08[sanitize]09,07,その他,駐車（輪）場,20歳代,その他,施錠せず
窃盗,自転車盗,神戸西,井吹台,281115,兵庫県,神戸市西区,井吹台東町１丁目,2023[sanitize]08[sanitize]22,12,道路上,その他,10歳代,高校生,施錠せず
窃盗,自転車盗,神戸西,井吹台,281115,兵庫県,神戸市西区,井吹台東町１丁目,2023[sanitize]08[sanitize]23,19,その他,駐車（輪）場,10歳代,高校生,施錠せず
窃盗,自転車盗,神戸西,井吹台,281115,兵庫県,神戸市西区,井吹台東町１丁目,2023[sanitize]08[sanitize]31,09,駐車（輪）場,駐車（輪）場,10歳代,中学生,施錠せず
窃盗,自転車盗,神戸西,井吹台,281115,兵庫県,神戸市西区,井吹台東町１丁目,2023[sanitize]09[sanitize]19,08,その他,駐車（輪）場,10歳代,高校生,施錠せず
窃盗,自転車盗,神戸西,井吹台,281115,兵庫県,神戸市西区,井吹台東町１丁目,2023[sanitize]09[sanitize]22,06,その他,駐車（輪）場,20歳代,その他,施錠せず
窃盗,自転車盗,神戸西,井吹台,281115,兵庫県,神戸市西区,井吹台東町１丁目,2023[sanitize]10[sanitize]11,11,その他,駐車（輪）場,10歳代,大学生,施錠せず
窃盗,自転車盗,神戸西,井吹台,281115,兵庫県,神戸市西区,井吹台東町１丁目,2023[sanitize]10[sanitize]14,07,その他,駐車（輪）場,10歳代,高校生,施錠せず
窃盗,自転車盗,神戸西,井吹台,281115,兵庫県,神戸市西区,井吹台東町１丁目,2023[sanitize]11[sanitize]02,08,その他,駐車（輪）場,10歳代,高校生,施錠せず
窃盗,自転車盗,神戸西,井吹台,281115,兵庫県,神戸市西区,井吹台東町１丁目,2023[sanitize]11[sanitize]17,18,その他,駐車（輪）場,10歳代,中学生,施錠せず
窃盗,自転車盗,神戸西,井吹台,281115,兵庫県,神戸市西区,井吹台東町１丁目,2023[sanitize]11[sanitize]21,16,その他,駐車（輪）場,10歳代,高校生,施錠せず
窃盗,自転車盗,神戸西,井吹台,281115,兵庫県,神戸市西区,井吹台東町１丁目,2023[sanitize]11[sanitize]27,20,４階建て以上共同住宅,駐車（輪）場,10歳代,中学生,施錠せず
窃盗,自転車盗,神戸西,井吹台,281115,兵庫県,神戸市西区,井吹台東町４丁目,2023[sanitize]06[sanitize]10,17,４階建て以上共同住宅,駐車（輪）場,10歳代,中学生,施錠せず
窃盗,自転車盗,神戸西,井吹台,281115,兵庫県,神戸市西区,井吹台東町４丁目,2023[sanitize]07[sanitize]25,11,その他の住宅（３階建て以下共同住宅等）,駐車（輪）場,10歳代,中学生,施錠せず
窃盗,自転車盗,神戸西,井吹台,281115,兵庫県,神戸市西区,井吹台西町１丁目,2023[sanitize]05[sanitize]02,19,４階建て以上共同住宅,駐車（輪）場,10歳代,中学生,施錠した
窃盗,自転車盗,神戸西,井吹台,281115,兵庫県,神戸市西区,井吹台西町１丁目,2023[sanitize]08[sanitize]24,08,その他,駐車（輪）場,10歳代,大学生,施錠せず
窃盗,自転車盗,神戸西,井吹台,281115,兵庫県,神戸市西区,井吹台西町１丁目,2023[sanitize]09[sanitize]12,07,その他,駐車（輪）場,40歳代,その他,施錠せず
窃盗,自転車盗,神戸西,井吹台,281115,兵庫県,神戸市西区,井吹台西町１丁目,2023[sanitize]09[sanitize]17,07,その他,駐車（輪）場,10歳代,高校生,施錠せず
窃盗,自転車盗,神戸西,井吹台,281115,兵庫県,神戸市西区,井吹台西町１丁目,2023[sanitize]09[sanitize]19,08,その他,駐車（輪）場,10歳代,その他,施錠せず
窃盗,自転車盗,神戸西,井吹台,281115,兵庫県,神戸市西区,井吹台西町１丁目,2023[sanitize]09[sanitize]28,14,４階建て以上共同住宅,駐車（輪）場,50歳代,その他,施錠せず
窃盗,自転車盗,神戸西,井吹台,281115,兵庫県,神戸市西区,井吹台西町２丁目,2023[sanitize]01[sanitize]15,21,その他の住宅（３階建て以下共同住宅等）,駐車（輪）場,20歳代,大学生,施錠した
窃盗,自転車盗,神戸西,井吹台,281115,兵庫県,神戸市西区,井吹台西町４丁目,2023[sanitize]05[sanitize]09,21,４階建て以上共同住宅,駐車（輪）場,30歳代,その他,施錠せず
窃盗,自転車盗,神戸西,井吹台,281115,兵庫県,神戸市西区,井吹台西町８丁目,2023[sanitize]11[sanitize]22,18,４階建て以上共同住宅,駐車（輪）場,30歳代,その他,施錠せず
窃盗,自転車盗,神戸西,伊川谷,281115,兵庫県,神戸市西区,伊川谷町潤和,2023[sanitize]11[sanitize]02,20,その他,駐車（輪）場,10歳代,大学生,施錠せず
窃盗,自転車盗,神戸西,伊川谷,281115,兵庫県,神戸市西区,伊川谷町前開,2023[sanitize]04[sanitize]17,19,その他,駐車（輪）場,20歳代,その他,施錠せず
窃盗,自転車盗,神戸西,伊川谷,281115,兵庫県,神戸市西区,伊川谷町別府,2023[sanitize]08[sanitize]29,16,４階建て以上共同住宅,駐車（輪）場,10歳代,その他,施錠せず
窃盗,自転車盗,神戸西,伊川谷,281115,兵庫県,神戸市西区,北別府３丁目,2023[sanitize]02[sanitize]05,07,４階建て以上共同住宅,駐車（輪）場,50歳代,その他,施錠せず
窃盗,自転車盗,神戸西,伊川谷,281115,兵庫県,神戸市西区,北別府３丁目,2023[sanitize]06[sanitize]25,22,その他の住宅（３階建て以下共同住宅等）,駐車（輪）場,10歳代,大学生,施錠せず
窃盗,自転車盗,神戸西,伊川谷,281115,兵庫県,神戸市西区,北別府３丁目,2023[sanitize]12[sanitize]21,18,駐車（輪）場,駐車（輪）場,10歳代,小学生,施錠せず
窃盗,自転車盗,神戸西,伊川谷,281115,兵庫県,神戸市西区,北別府４丁目,2023[sanitize]06[sanitize]08,20,その他,駐車（輪）場,20歳代,大学生,施錠せず
窃盗,自転車盗,神戸西,伊川谷,281115,兵庫県,神戸市西区,北別府４丁目,2023[sanitize]09[sanitize]07,11,その他,駐車（輪）場,10歳代,大学生,施錠せず
窃盗,自転車盗,神戸西,伊川谷,281115,兵庫県,神戸市西区,北別府４丁目,2023[sanitize]12[sanitize]20,14,その他,その他,10歳代,高校生,施錠せず
窃盗,自転車盗,神戸西,伊川谷,281115,兵庫県,神戸市西区,北別府５丁目,2023[sanitize]12[sanitize]06,08,その他の住宅（３階建て以下共同住宅等）,駐車（輪）場,10歳代,中学生,施錠せず
窃盗,自転車盗,神戸西,伊川谷,281115,兵庫県,神戸市西区,北別府５丁目,2023[sanitize]12[sanitize]17,10,その他,駐車（輪）場,10歳代,高校生,施錠せず
窃盗,自転車盗,神戸西,伊川谷,281115,兵庫県,神戸市西区,池上１丁目,2023[sanitize]02[sanitize]01,21,駐車（輪）場,駐車（輪）場,10歳代,高校生,施錠せず
窃盗,自転車盗,神戸西,伊川谷,281115,兵庫県,神戸市西区,池上２丁目,2023[sanitize]06[sanitize]29,17,その他の住宅（３階建て以下共同住宅等）,その他,10歳代,大学生,施錠せず
窃盗,自転車盗,神戸西,伊川谷,281115,兵庫県,神戸市西区,池上２丁目,2023[sanitize]10[sanitize]09,19,その他,駐車（輪）場,10歳代,中学生,施錠せず
窃盗,自転車盗,神戸西,伊川谷,281115,兵庫県,神戸市西区,池上３丁目,2023[sanitize]11[sanitize]20,16,その他,駐車（輪）場,10歳代,中学生,施錠せず
窃盗,自転車盗,神戸西,伊川谷,281115,兵庫県,神戸市西区,池上４丁目,2023[sanitize]09[sanitize]14,22,道路上,その他,20歳代,大学生,施錠せず
窃盗,自転車盗,神戸西,伊川谷,281115,兵庫県,神戸市西区,池上４丁目,2023[sanitize]10[sanitize]23,19,道路上,その他,20歳代,その他,施錠せず
窃盗,自転車盗,神戸西,伊川谷,281115,兵庫県,神戸市西区,今寺,2023[sanitize]09[sanitize]01,17,４階建て以上共同住宅,駐車（輪）場,30歳代,その他,施錠せず
窃盗,自転車盗,神戸西,伊川谷,281115,兵庫県,神戸市西区,大津和１丁目,2023[sanitize]09[sanitize]24,20,４階建て以上共同住宅,駐車（輪）場,20歳代,大学生,施錠せず
窃盗,自転車盗,神戸西,伊川谷,281115,兵庫県,神戸市西区,大津和２丁目,2022[sanitize]08[sanitize]15,13,駐車（輪）場,駐車（輪）場,20歳代,大学生,施錠した
窃盗,自転車盗,神戸西,伊川谷,281115,兵庫県,神戸市西区,大津和２丁目,2023[sanitize]02[sanitize]01,12,その他の住宅（３階建て以下共同住宅等）,駐車（輪）場,10歳代,大学生,施錠せず
窃盗,自転車盗,神戸西,伊川谷,281115,兵庫県,神戸市西区,大津和２丁目,2023[sanitize]06[sanitize]30,23,駐車（輪）場,駐車（輪）場,20歳代,大学生,施錠した
窃盗,自転車盗,神戸西,伊川谷,281115,兵庫県,神戸市西区,大津和３丁目,2023[sanitize]03[sanitize]06,01,４階建て以上共同住宅,駐車（輪）場,20歳代,大学生,施錠せず
窃盗,自転車盗,神戸西,伊川谷,281115,兵庫県,神戸市西区,南別府１丁目,2023[sanitize]05[sanitize]12,19,４階建て以上共同住宅,駐車（輪）場,10歳未満,小学生,施錠せず
窃盗,自転車盗,神戸西,伊川谷,281115,兵庫県,神戸市西区,南別府１丁目,2023[sanitize]11[sanitize]10,10,道路上,その他,20歳代,その他,施錠せず
窃盗,自転車盗,神戸西,伊川谷,281115,兵庫県,神戸市西区,南別府１丁目,2023[sanitize]11[sanitize]18,21,４階建て以上共同住宅,その他,10歳代,その他,施錠せず
窃盗,自転車盗,神戸西,伊川谷,281115,兵庫県,神戸市西区,南別府１丁目,2023[sanitize]12[sanitize]13,23,その他,駐車（輪）場,10歳代,大学生,施錠せず
窃盗,自転車盗,神戸西,伊川谷,281115,兵庫県,神戸市西区,南別府２丁目,2023[sanitize]07[sanitize]01,不明,４階建て以上共同住宅,駐車（輪）場,20歳代,その他,施錠した
窃盗,自転車盗,神戸西,伊川谷,281115,兵庫県,神戸市西区,南別府３丁目,2023[sanitize]07[sanitize]15,12,その他の住宅（３階建て以下共同住宅等）,駐車（輪）場,20歳代,その他,施錠した
窃盗,自転車盗,神戸西,伊川谷,281115,兵庫県,神戸市西区,南別府３丁目,2023[sanitize]12[sanitize]15,19,その他の住宅（３階建て以下共同住宅等）,駐車（輪）場,40歳代,その他,施錠せず
窃盗,自転車盗,神戸西,伊川谷,281115,兵庫県,神戸市西区,南別府５丁目,2023[sanitize]06[sanitize]10,07,一戸建住宅,その他,60[sanitize]64歳,その他,施錠せず
窃盗,自転車盗,神戸西,伊川谷,281115,兵庫県,神戸市西区,白水１丁目,2023[sanitize]03[sanitize]03,18,一戸建住宅,駐車（輪）場,40歳代,その他,施錠せず
窃盗,自転車盗,神戸西,伊川谷,281115,兵庫県,神戸市西区,白水１丁目,2023[sanitize]09[sanitize]20,21,その他の住宅（３階建て以下共同住宅等）,駐車（輪）場,10歳代,その他,施錠せず
窃盗,自転車盗,神戸西,伊川谷,281115,兵庫県,神戸市西区,白水２丁目,2023[sanitize]01[sanitize]10,21,その他,その他,10歳代,中学生,施錠せず
窃盗,自転車盗,神戸西,伊川谷,281115,兵庫県,神戸市西区,白水２丁目,2023[sanitize]06[sanitize]09,17,その他の住宅（３階建て以下共同住宅等）,その他,20歳代,その他,施錠せず
窃盗,自転車盗,神戸西,伊川谷,281115,兵庫県,神戸市西区,白水３丁目,2023[sanitize]08[sanitize]09,14,その他,駐車（輪）場,10歳代,中学生,施錠せず
窃盗,自転車盗,神戸西,伊川谷,281115,兵庫県,神戸市西区,白水３丁目,2023[sanitize]08[sanitize]25,15,その他,駐車（輪）場,10歳代,高校生,施錠せず
窃盗,自転車盗,神戸西,伊川谷,281115,兵庫県,神戸市西区,白水３丁目,2023[sanitize]12[sanitize]17,16,その他,駐車（輪）場,10歳代,高校生,施錠せず
窃盗,自転車盗,神戸西,出合,281115,兵庫県,神戸市西区,王塚台４丁目,2023[sanitize]01[sanitize]18,18,４階建て以上共同住宅,駐車（輪）場,20歳代,その他,施錠せず
窃盗,自転車盗,神戸西,出合,281115,兵庫県,神戸市西区,王塚台７丁目,2023[sanitize]08[sanitize]11,13,その他,駐車（輪）場,20歳代,その他,施錠せず
窃盗,自転車盗,神戸西,出合,281115,兵庫県,神戸市西区,玉津町出合,2023[sanitize]10[sanitize]11,09,一戸建住宅,その他,70歳以上,その他,施錠せず
窃盗,自転車盗,神戸西,出合,281115,兵庫県,神戸市西区,玉津町出合,2023[sanitize]11[sanitize]10,19,その他の住宅（３階建て以下共同住宅等）,駐車（輪）場,20歳代,その他,施錠せず
窃盗,自転車盗,神戸西,出合,281115,兵庫県,神戸市西区,中野１丁目,2023[sanitize]04[sanitize]02,04,一戸建住宅,その他,20歳代,その他,施錠せず
窃盗,自転車盗,神戸西,出合,281115,兵庫県,神戸市西区,丸塚２丁目,2023[sanitize]02[sanitize]11,19,その他,駐車（輪）場,20歳代,その他,施錠せず
窃盗,自転車盗,神戸西,出合,281115,兵庫県,神戸市西区,丸塚２丁目,2023[sanitize]04[sanitize]03,17,その他,駐車（輪）場,10歳代,高校生,施錠せず
窃盗,自転車盗,神戸西,出合,281115,兵庫県,神戸市西区,丸塚２丁目,2023[sanitize]06[sanitize]20,13,その他,駐車（輪）場,70歳以上,その他,施錠せず
窃盗,自転車盗,神戸西,出合,281115,兵庫県,神戸市西区,丸塚２丁目,2023[sanitize]10[sanitize]22,17,その他,駐車（輪）場,10歳代,高校生,施錠せず
窃盗,自転車盗,神戸西,古郷,281115,兵庫県,神戸市西区,岩岡町古郷,2023[sanitize]11[sanitize]25,09,その他,駐車（輪）場,10歳代,その他,施錠せず
窃盗,自転車盗,神戸西,古郷,281115,兵庫県,神戸市西区,竜が岡１丁目,2023[sanitize]02[sanitize]08,06,その他,駐車（輪）場,10歳代,高校生,施錠せず
窃盗,自転車盗,神戸西,古郷,281115,兵庫県,神戸市西区,竜が岡１丁目,2023[sanitize]08[sanitize]10,13,その他,駐車（輪）場,10歳代,中学生,施錠せず
窃盗,自転車盗,神戸西,古郷,281115,兵庫県,神戸市西区,竜が岡１丁目,2023[sanitize]12[sanitize]10,10,その他,駐車（輪）場,10歳代,その他,施錠せず
窃盗,自転車盗,神戸西,古郷,281115,兵庫県,神戸市西区,竜が岡２丁目,2023[sanitize]10[sanitize]11,19,一戸建住宅,駐車（輪）場,50歳代,その他,施錠した
窃盗,自転車盗,神戸西,古郷,281115,兵庫県,神戸市西区,竜が岡２丁目,2023[sanitize]10[sanitize]12,17,道路上,その他,50歳代,その他,施錠せず
窃盗,自転車盗,神戸西,古郷,281115,兵庫県,神戸市西区,竜が岡５丁目,2023[sanitize]03[sanitize]02,08,その他の住宅（３階建て以下共同住宅等）,駐車（輪）場,20歳代,その他,施錠した
窃盗,自転車盗,神戸西,古郷,281115,兵庫県,神戸市西区,竜が岡５丁目,2023[sanitize]08[sanitize]23,11,その他の住宅（３階建て以下共同住宅等）,駐車（輪）場,20歳代,その他,施錠した
窃盗,自転車盗,神戸西,古郷,281115,兵庫県,神戸市西区,竜が岡５丁目,2023[sanitize]09[sanitize]09,18,その他の住宅（３階建て以下共同住宅等）,駐車（輪）場,20歳代,その他,施錠せず
窃盗,自転車盗,神戸西,古郷,281115,兵庫県,神戸市西区,大沢１丁目,2023[sanitize]06[sanitize]04,17,駐車（輪）場,駐車（輪）場,50歳代,その他,施錠せず
窃盗,自転車盗,神戸西,古郷,281115,兵庫県,神戸市西区,大沢１丁目,2023[sanitize]08[sanitize]30,06,道路上,その他,10歳代,その他,施錠せず
窃盗,自転車盗,神戸西,古郷,281115,兵庫県,神戸市西区,大沢１丁目,2023[sanitize]08[sanitize]31,11,駐車（輪）場,駐車（輪）場,10歳代,高校生,施錠せず
窃盗,自転車盗,神戸西,学園駅前,281115,兵庫県,神戸市西区,伊川谷町長坂,2023[sanitize]10[sanitize]26,20,一戸建住宅,駐車（輪）場,10歳代,中学生,施錠せず
窃盗,自転車盗,神戸西,学園駅前,281115,兵庫県,神戸市西区,学園西町１丁目,2023[sanitize]02[sanitize]07,08,その他,駐車（輪）場,10歳代,その他,施錠せず
窃盗,自転車盗,神戸西,学園駅前,281115,兵庫県,神戸市西区,学園西町１丁目,2023[sanitize]02[sanitize]22,16,その他,駐車（輪）場,10歳代,中学生,施錠せず
窃盗,自転車盗,神戸西,学園駅前,281115,兵庫県,神戸市西区,学園西町１丁目,2023[sanitize]03[sanitize]27,05,４階建て以上共同住宅,駐車（輪）場,20歳代,その他,施錠した
窃盗,自転車盗,神戸西,学園駅前,281115,兵庫県,神戸市西区,学園西町１丁目,2023[sanitize]04[sanitize]09,12,その他,駐車（輪）場,50歳代,その他,施錠せず
窃盗,自転車盗,神戸西,学園駅前,281115,兵庫県,神戸市西区,学園西町１丁目,2023[sanitize]04[sanitize]30,10,その他,駐車（輪）場,10歳代,高校生,施錠した
窃盗,自転車盗,神戸西,学園駅前,281115,兵庫県,神戸市西区,学園西町１丁目,2023[sanitize]05[sanitize]06,11,駐車（輪）場,駐車（輪）場,10歳代,大学生,施錠せず
窃盗,自転車盗,神戸西,学園駅前,281115,兵庫県,神戸市西区,学園西町１丁目,2023[sanitize]06[sanitize]30,19,その他,駐車（輪）場,20歳代,その他,施錠せず
窃盗,自転車盗,神戸西,学園駅前,281115,兵庫県,神戸市西区,学園西町１丁目,2023[sanitize]07[sanitize]11,20,その他,駐車（輪）場,10歳代,その他,施錠せず
窃盗,自転車盗,神戸西,学園駅前,281115,兵庫県,神戸市西区,学園西町１丁目,2023[sanitize]07[sanitize]15,09,その他,駐車（輪）場,30歳代,その他,施錠した
窃盗,自転車盗,神戸西,学園駅前,281115,兵庫県,神戸市西区,学園西町１丁目,2023[sanitize]08[sanitize]04,17,その他,駐車（輪）場,20歳代,大学生,施錠せず
窃盗,自転車盗,神戸西,学園駅前,281115,兵庫県,神戸市西区,学園西町１丁目,2023[sanitize]09[sanitize]20,17,道路上,その他,10歳代,高校生,施錠せず
窃盗,自転車盗,神戸西,学園駅前,281115,兵庫県,神戸市西区,学園西町１丁目,2023[sanitize]09[sanitize]22,15,その他,駐車（輪）場,20歳代,その他,施錠せず
窃盗,自転車盗,神戸西,学園駅前,281115,兵庫県,神戸市西区,学園西町１丁目,2023[sanitize]10[sanitize]03,18,その他,駐車（輪）場,10歳代,小学生,施錠せず
窃盗,自転車盗,神戸西,学園駅前,281115,兵庫県,神戸市西区,学園西町１丁目,2023[sanitize]10[sanitize]10,16,その他,駐車（輪）場,10歳代,小学生,施錠せず
窃盗,自転車盗,神戸西,学園駅前,281115,兵庫県,神戸市西区,学園西町１丁目,2023[sanitize]10[sanitize]22,03,その他,駐車（輪）場,10歳代,大学生,施錠せず
窃盗,自転車盗,神戸西,学園駅前,281115,兵庫県,神戸市西区,学園西町１丁目,2023[sanitize]10[sanitize]31,15,その他,駐車（輪）場,20歳代,大学生,施錠せず
窃盗,自転車盗,神戸西,学園駅前,281115,兵庫県,神戸市西区,学園西町１丁目,2023[sanitize]12[sanitize]23,08,その他,駐車（輪）場,10歳代,高校生,施錠せず
窃盗,自転車盗,神戸西,学園駅前,281115,兵庫県,神戸市西区,学園西町３丁目,2023[sanitize]05[sanitize]21,11,その他,駐車（輪）場,10歳代,大学生,施錠せず
窃盗,自転車盗,神戸西,学園駅前,281115,兵庫県,神戸市西区,学園西町３丁目,2023[sanitize]06[sanitize]29,11,その他,駐車（輪）場,10歳代,大学生,施錠せず
窃盗,自転車盗,神戸西,学園駅前,281115,兵庫県,神戸市西区,学園西町５丁目,2023[sanitize]03[sanitize]01,09,４階建て以上共同住宅,駐車（輪）場,20歳代,その他,施錠した
窃盗,自転車盗,神戸西,学園駅前,281115,兵庫県,神戸市西区,学園西町８丁目,2023[sanitize]01[sanitize]25,01,その他,駐車（輪）場,10歳代,大学生,施錠した
窃盗,自転車盗,神戸西,学園駅前,281115,兵庫県,神戸市西区,学園西町８丁目,2023[sanitize]04[sanitize]11,08,その他,駐車（輪）場,10歳代,大学生,施錠せず
窃盗,自転車盗,神戸西,学園駅前,281115,兵庫県,神戸市西区,学園西町８丁目,2023[sanitize]04[sanitize]21,18,その他,駐車（輪）場,10歳代,大学生,施錠した
窃盗,自転車盗,神戸西,学園駅前,281115,兵庫県,神戸市西区,学園西町８丁目,2023[sanitize]10[sanitize]16,13,その他,駐車（輪）場,20歳代,大学生,施錠した
窃盗,自転車盗,神戸西,学園駅前,281115,兵庫県,神戸市西区,学園東町１丁目,2023[sanitize]04[sanitize]30,08,駐車（輪）場,駐車（輪）場,60[sanitize]64歳,その他,施錠した
窃盗,自転車盗,神戸西,学園駅前,281115,兵庫県,神戸市西区,前開南町１丁目,2023[sanitize]01[sanitize]20,06,その他の住宅（３階建て以下共同住宅等）,駐車（輪）場,10歳代,大学生,施錠せず
窃盗,自転車盗,神戸西,学園駅前,281115,兵庫県,神戸市西区,前開南町１丁目,2023[sanitize]02[sanitize]01,08,道路上,その他,20歳代,大学生,施錠せず
窃盗,自転車盗,神戸西,学園駅前,281115,兵庫県,神戸市西区,前開南町１丁目,2023[sanitize]02[sanitize]22,07,その他,その他,10歳代,高校生,施錠せず
窃盗,自転車盗,神戸西,学園駅前,281115,兵庫県,神戸市西区,前開南町１丁目,2023[sanitize]03[sanitize]30,07,その他,駐車（輪）場,10歳代,高校生,施錠せず
窃盗,自転車盗,神戸西,学園駅前,281115,兵庫県,神戸市西区,前開南町１丁目,2023[sanitize]05[sanitize]05,10,駐車（輪）場,駐車（輪）場,10歳代,高校生,施錠せず
窃盗,自転車盗,神戸西,学園駅前,281115,兵庫県,神戸市西区,前開南町１丁目,2023[sanitize]08[sanitize]26,11,その他,駐車（輪）場,10歳代,高校生,施錠した
窃盗,自転車盗,神戸西,学園駅前,281115,兵庫県,神戸市西区,前開南町１丁目,2023[sanitize]11[sanitize]02,17,道路上,その他,20歳代,大学生,施錠せず
窃盗,自転車盗,神戸西,学園駅前,281115,兵庫県,神戸市西区,前開南町１丁目,2023[sanitize]11[sanitize]22,07,その他,駐車（輪）場,40歳代,その他,施錠した
窃盗,自転車盗,神戸西,学園駅前,281115,兵庫県,神戸市西区,前開南町１丁目,2023[sanitize]12[sanitize]05,08,その他,駐車（輪）場,10歳代,高校生,施錠せず
窃盗,自転車盗,神戸西,学園駅前,281115,兵庫県,神戸市西区,前開南町１丁目,2023[sanitize]12[sanitize]26,12,その他,駐車（輪）場,20歳代,大学生,施錠せず
窃盗,自転車盗,神戸西,学園駅前,281115,兵庫県,神戸市西区,前開南町２丁目,2022[sanitize]12[sanitize]14,18,４階建て以上共同住宅,駐車（輪）場,30歳代,その他,施錠した
窃盗,自転車盗,神戸西,岩岡,281115,兵庫県,神戸市西区,岩岡町岩岡,2022[sanitize]05[sanitize]01,07,駐車（輪）場,駐車（輪）場,10歳代,高校生,施錠した
窃盗,自転車盗,神戸西,岩岡,281115,兵庫県,神戸市西区,岩岡町岩岡,2023[sanitize]03[sanitize]15,08,その他,その他,20歳代,その他,施錠せず
窃盗,自転車盗,神戸西,春日台,281115,兵庫県,神戸市西区,春日台６丁目,2023[sanitize]10[sanitize]02,08,その他,駐車（輪）場,10歳代,高校生,施錠せず
窃盗,自転車盗,神戸西,春日台,281115,兵庫県,神戸市西区,樫野台５丁目,2023[sanitize]06[sanitize]21,17,４階建て以上共同住宅,その他,10歳未満,小学生,施錠せず
窃盗,自転車盗,神戸西,春日台,281115,兵庫県,神戸市西区,樫野台６丁目,2023[sanitize]09[sanitize]26,10,道路上,その他,70歳以上,その他,施錠した
窃盗,自転車盗,神戸西,有瀬,281115,兵庫県,神戸市西区,伊川谷町有瀬,2021[sanitize]06[sanitize]01,06,その他の住宅（３階建て以下共同住宅等）,駐車（輪）場,30歳代,その他,施錠せず
窃盗,自転車盗,神戸西,有瀬,281115,兵庫県,神戸市西区,伊川谷町有瀬,2022[sanitize]12[sanitize]30,09,その他,駐車（輪）場,10歳代,高校生,施錠せず
窃盗,自転車盗,神戸西,有瀬,281115,兵庫県,神戸市西区,伊川谷町有瀬,2023[sanitize]01[sanitize]20,11,駐車（輪）場,駐車（輪）場,10歳代,大学生,施錠せず
窃盗,自転車盗,神戸西,有瀬,281115,兵庫県,神戸市西区,伊川谷町有瀬,2023[sanitize]02[sanitize]14,18,駐車（輪）場,駐車（輪）場,10歳代,大学生,施錠せず
窃盗,自転車盗,神戸西,有瀬,281115,兵庫県,神戸市西区,伊川谷町有瀬,2023[sanitize]02[sanitize]17,20,一戸建住宅,駐車（輪）場,10歳代,高校生,施錠せず
窃盗,自転車盗,神戸西,有瀬,281115,兵庫県,神戸市西区,伊川谷町有瀬,2023[sanitize]03[sanitize]04,21,４階建て以上共同住宅,駐車（輪）場,20歳代,その他,施錠せず
窃盗,自転車盗,神戸西,有瀬,281115,兵庫県,神戸市西区,伊川谷町有瀬,2023[sanitize]05[sanitize]05,13,その他の住宅（３階建て以下共同住宅等）,駐車（輪）場,20歳代,大学生,施錠せず
窃盗,自転車盗,神戸西,有瀬,281115,兵庫県,神戸市西区,伊川谷町有瀬,2023[sanitize]05[sanitize]09,16,その他,駐車（輪）場,20歳代,大学生,施錠せず
窃盗,自転車盗,神戸西,有瀬,281115,兵庫県,神戸市西区,伊川谷町有瀬,2023[sanitize]05[sanitize]23,05,その他の住宅（３階建て以下共同住宅等）,駐車（輪）場,60[sanitize]64歳,その他,施錠せず
窃盗,自転車盗,神戸西,有瀬,281115,兵庫県,神戸市西区,伊川谷町有瀬,2023[sanitize]06[sanitize]01,19,４階建て以上共同住宅,駐車（輪）場,20歳代,その他,施錠せず
窃盗,自転車盗,神戸西,有瀬,281115,兵庫県,神戸市西区,伊川谷町有瀬,2023[sanitize]07[sanitize]28,22,その他の住宅（３階建て以下共同住宅等）,駐車（輪）場,20歳代,大学生,施錠せず
窃盗,自転車盗,神戸西,有瀬,281115,兵庫県,神戸市西区,伊川谷町有瀬,2023[sanitize]09[sanitize]26,17,その他,駐車（輪）場,10歳代,中学生,施錠せず
窃盗,自転車盗,神戸西,有瀬,281115,兵庫県,神戸市西区,伊川谷町有瀬,2023[sanitize]10[sanitize]01,10,４階建て以上共同住宅,駐車（輪）場,10歳代,中学生,施錠せず
窃盗,自転車盗,神戸西,有瀬,281115,兵庫県,神戸市西区,伊川谷町有瀬,2023[sanitize]11[sanitize]01,15,その他の住宅（３階建て以下共同住宅等）,駐車（輪）場,10歳代,大学生,施錠せず
窃盗,自転車盗,神戸西,有瀬,281115,兵庫県,神戸市西区,伊川谷町潤和,2023[sanitize]08[sanitize]31,18,駐車（輪）場,駐車（輪）場,10歳代,その他,施錠せず
窃盗,自転車盗,神戸西,枝吉,281115,兵庫県,神戸市西区,枝吉１丁目,2023[sanitize]09[sanitize]06,17,その他の住宅（３階建て以下共同住宅等）,その他,20歳代,その他,施錠した
窃盗,自転車盗,神戸西,枝吉,281115,兵庫県,神戸市西区,枝吉２丁目,2023[sanitize]01[sanitize]01,00,駐車（輪）場,駐車（輪）場,30歳代,その他,施錠せず
窃盗,自転車盗,神戸西,枝吉,281115,兵庫県,神戸市西区,枝吉２丁目,2023[sanitize]09[sanitize]14,15,その他,駐車（輪）場,60[sanitize]64歳,その他,施錠した
窃盗,自転車盗,神戸西,枝吉,281115,兵庫県,神戸市西区,枝吉３丁目,2023[sanitize]07[sanitize]12,18,その他の住宅（３階建て以下共同住宅等）,駐車（輪）場,20歳代,大学生,施錠せず
窃盗,自転車盗,神戸西,枝吉,281115,兵庫県,神戸市西区,枝吉４丁目,2023[sanitize]06[sanitize]20,21,その他の住宅（３階建て以下共同住宅等）,駐車（輪）場,10歳代,高校生,施錠せず
窃盗,自転車盗,神戸西,枝吉,281115,兵庫県,神戸市西区,枝吉５丁目,2023[sanitize]04[sanitize]04,18,その他,駐車（輪）場,10歳代,高校生,施錠せず
窃盗,自転車盗,神戸西,枝吉,281115,兵庫県,神戸市西区,王塚台３丁目,2023[sanitize]09[sanitize]15,13,その他の住宅（３階建て以下共同住宅等）,駐車（輪）場,70歳以上,その他,施錠せず
窃盗,自転車盗,神戸西,枝吉,281115,兵庫県,神戸市西区,森友１丁目,2022[sanitize]12[sanitize]30,15,その他の住宅（３階建て以下共同住宅等）,駐車（輪）場,50歳代,その他,施錠せず
窃盗,自転車盗,神戸西,枝吉,281115,兵庫県,神戸市西区,森友２丁目,2023[sanitize]06[sanitize]23,12,その他,駐車（輪）場,65[sanitize]69歳,その他,施錠せず
窃盗,自転車盗,神戸西,枝吉,281115,兵庫県,神戸市西区,森友３丁目,2023[sanitize]04[sanitize]05,09,その他,駐車（輪）場,40歳代,その他,施錠せず
窃盗,自転車盗,神戸西,枝吉,281115,兵庫県,神戸市西区,森友３丁目,2023[sanitize]04[sanitize]07,02,道路上,その他,20歳代,その他,施錠せず
窃盗,自転車盗,神戸西,枝吉,281115,兵庫県,神戸市西区,森友３丁目,2023[sanitize]05[sanitize]03,16,その他,駐車（輪）場,10歳代,中学生,施錠せず
窃盗,自転車盗,神戸西,枝吉,281115,兵庫県,神戸市西区,森友３丁目,2023[sanitize]08[sanitize]18,14,その他,駐車（輪）場,10歳代,中学生,施錠せず
窃盗,自転車盗,神戸西,枝吉,281115,兵庫県,神戸市西区,森友３丁目,2023[sanitize]08[sanitize]31,14,その他,駐車（輪）場,30歳代,その他,施錠した
窃盗,自転車盗,神戸西,枝吉,281115,兵庫県,神戸市西区,森友３丁目,2023[sanitize]09[sanitize]05,14,その他,駐車（輪）場,20歳代,その他,施錠せず
窃盗,自転車盗,神戸西,枝吉,281115,兵庫県,神戸市西区,森友３丁目,2023[sanitize]09[sanitize]18,16,その他,駐車（輪）場,20歳代,大学生,施錠せず
窃盗,自転車盗,神戸西,枝吉,281115,兵庫県,神戸市西区,森友３丁目,2023[sanitize]09[sanitize]30,14,その他,駐車（輪）場,10歳代,中学生,施錠せず
窃盗,自転車盗,神戸西,枝吉,281115,兵庫県,神戸市西区,森友３丁目,2023[sanitize]11[sanitize]18,16,その他,駐車（輪）場,10歳代,中学生,施錠せず
窃盗,自転車盗,神戸西,枝吉,281115,兵庫県,神戸市西区,森友４丁目,2023[sanitize]02[sanitize]28,12,その他,駐車（輪）場,20歳代,大学生,施錠せず
窃盗,自転車盗,神戸西,枝吉,281115,兵庫県,神戸市西区,森友４丁目,2023[sanitize]12[sanitize]24,11,その他,駐車（輪）場,20歳代,その他,施錠した
窃盗,自転車盗,神戸西,枝吉,281115,兵庫県,神戸市西区,二ツ屋２丁目,2023[sanitize]06[sanitize]02,15,その他の住宅（３階建て以下共同住宅等）,駐車（輪）場,10歳代,高校生,施錠せず
窃盗,自転車盗,神戸西,栄,281115,兵庫県,神戸市西区,押部谷町木津,2023[sanitize]04[sanitize]22,10,その他,その他,20歳代,大学生,施錠せず
窃盗,自転車盗,神戸西,栄,281115,兵庫県,神戸市西区,押部谷町栄,2021[sanitize]07[sanitize]10,07,その他,駐車（輪）場,10歳代,その他,施錠せず
窃盗,自転車盗,神戸西,栄,281115,兵庫県,神戸市西区,押部谷町福住,2023[sanitize]02[sanitize]12,02,その他,駐車（輪）場,20歳代,大学生,施錠せず
窃盗,自転車盗,神戸西,栄,281115,兵庫県,神戸市西区,押部谷町福住,2023[sanitize]08[sanitize]08,16,その他,駐車（輪）場,20歳代,大学生,施錠した
窃盗,自転車盗,神戸西,栄,281115,兵庫県,神戸市西区,桜が丘東町３丁目,2023[sanitize]09[sanitize]21,15,駐車（輪）場,駐車（輪）場,20歳代,その他,施錠した
窃盗,自転車盗,神戸西,櫨谷,281115,兵庫県,神戸市西区,井吹台西町１丁目,2023[sanitize]04[sanitize]01,10,駐車（輪）場,駐車（輪）場,70歳以上,その他,施錠した
窃盗,自転車盗,神戸西,狩場台,281115,兵庫県,神戸市西区,糀台２丁目,2023[sanitize]08[sanitize]06,14,一戸建住宅,駐車（輪）場,70歳以上,その他,施錠した
窃盗,自転車盗,神戸西,狩場台,281115,兵庫県,神戸市西区,糀台４丁目,2023[sanitize]11[sanitize]04,14,４階建て以上共同住宅,駐車（輪）場,40歳代,その他,施錠せず
窃盗,自転車盗,神戸西,狩場台,281115,兵庫県,神戸市西区,糀台５丁目,2023[sanitize]04[sanitize]03,08,その他,その他,40歳代,その他,施錠した
窃盗,自転車盗,神戸西,狩場台,281115,兵庫県,神戸市西区,糀台５丁目,2023[sanitize]06[sanitize]04,05,その他,駐車（輪）場,10歳代,大学生,施錠せず
窃盗,自転車盗,神戸西,狩場台,281115,兵庫県,神戸市西区,糀台５丁目,2023[sanitize]07[sanitize]25,15,その他,駐車（輪）場,10歳代,中学生,施錠せず
窃盗,自転車盗,神戸西,狩場台,281115,兵庫県,神戸市西区,糀台５丁目,2023[sanitize]08[sanitize]17,16,駐車（輪）場,駐車（輪）場,40歳代,その他,施錠せず
窃盗,自転車盗,神戸西,狩場台,281115,兵庫県,神戸市西区,糀台５丁目,2023[sanitize]08[sanitize]30,14,その他,駐車（輪）場,10歳代,高校生,施錠せず
窃盗,自転車盗,神戸西,狩場台,281115,兵庫県,神戸市西区,糀台５丁目,2023[sanitize]09[sanitize]08,23,その他,駐車（輪）場,50歳代,その他,施錠した
窃盗,自転車盗,神戸西,狩場台,281115,兵庫県,神戸市西区,糀台５丁目,2023[sanitize]09[sanitize]11,18,その他,駐車（輪）場,40歳代,その他,施錠せず
窃盗,自転車盗,神戸西,狩場台,281115,兵庫県,神戸市西区,糀台５丁目,2023[sanitize]10[sanitize]03,07,その他,駐車（輪）場,10歳代,高校生,施錠せず
窃盗,自転車盗,神戸西,狩場台,281115,兵庫県,神戸市西区,糀台５丁目,2023[sanitize]10[sanitize]12,16,その他,駐車（輪）場,70歳以上,その他,施錠した
窃盗,自転車盗,神戸西,狩場台,281115,兵庫県,神戸市西区,糀台５丁目,2023[sanitize]10[sanitize]13,16,その他,駐車（輪）場,10歳代,高校生,施錠した
窃盗,自転車盗,神戸西,狩場台,281115,兵庫県,神戸市西区,糀台５丁目,2023[sanitize]10[sanitize]23,07,その他,駐車（輪）場,10歳代,高校生,施錠せず
窃盗,自転車盗,神戸西,狩場台,281115,兵庫県,神戸市西区,糀台５丁目,2023[sanitize]10[sanitize]26,17,その他,駐車（輪）場,10歳代,中学生,施錠せず
窃盗,自転車盗,神戸西,狩場台,281115,兵庫県,神戸市西区,糀台５丁目,2023[sanitize]12[sanitize]11,07,その他,駐車（輪）場,10歳代,高校生,施錠せず
窃盗,自転車盗,神戸西,狩場台,281115,兵庫県,神戸市西区,糀台６丁目,2023[sanitize]10[sanitize]01,13,その他,その他,20歳代,大学生,施錠せず
窃盗,自転車盗,神戸西,狩場台,281115,兵庫県,神戸市西区,高塚台５丁目,2023[sanitize]03[sanitize]10,08,その他,その他,40歳代,その他,施錠せず
窃盗,自転車盗,神戸西,玉津,281115,兵庫県,神戸市西区,玉津町居住,2023[sanitize]08[sanitize]10,11,その他,その他,10歳代,中学生,施錠せず
窃盗,自転車盗,神戸西,玉津,281115,兵庫県,神戸市西区,玉津町高津橋,2023[sanitize]10[sanitize]01,00,駐車（輪）場,駐車（輪）場,法人・団体、被害者なし,法人・団体、被害者なし,施錠せず
窃盗,自転車盗,神戸西,玉津,281115,兵庫県,神戸市西区,平野町慶明,2023[sanitize]05[sanitize]28,09,道路上,その他,20歳代,その他,施錠せず
窃盗,自転車盗,神戸西,玉津,281115,兵庫県,神戸市西区,平野町芝崎,2023[sanitize]07[sanitize]02,17,その他,その他,10歳代,小学生,施錠せず
窃盗,自転車盗,神戸西,玉津,281115,兵庫県,神戸市西区,二ツ屋１丁目,2023[sanitize]09[sanitize]17,23,その他の住宅（３階建て以下共同住宅等）,駐車（輪）場,40歳代,その他,施錠せず
窃盗,自転車盗,神戸西,玉津,281115,兵庫県,神戸市西区,二ツ屋１丁目,2023[sanitize]10[sanitize]16,18,その他の住宅（３階建て以下共同住宅等）,駐車（輪）場,10歳代,高校生,施錠せず
窃盗,自転車盗,神戸西,玉津,281115,兵庫県,神戸市西区,二ツ屋１丁目,2023[sanitize]11[sanitize]01,17,その他の住宅（３階建て以下共同住宅等）,その他,10歳代,小学生,施錠せず
窃盗,自転車盗,神戸西,玉津,281115,兵庫県,神戸市西区,二ツ屋１丁目,2023[sanitize]11[sanitize]08,12,４階建て以上共同住宅,駐車（輪）場,10歳代,その他,施錠した
窃盗,自転車盗,神戸西,玉津,281115,兵庫県,神戸市西区,小山１丁目,2023[sanitize]10[sanitize]01,00,その他の住宅（３階建て以下共同住宅等）,駐車（輪）場,40歳代,その他,施錠した
窃盗,自転車盗,神戸西,玉津,281115,兵庫県,神戸市西区,小山１丁目,2023[sanitize]10[sanitize]12,19,その他の住宅（３階建て以下共同住宅等）,その他,10歳代,中学生,施錠せず
窃盗,自転車盗,神戸西,玉津,281115,兵庫県,神戸市西区,小山２丁目,2023[sanitize]07[sanitize]10,17,一戸建住宅,駐車（輪）場,10歳代,中学生,施錠せず
窃盗,自転車盗,神戸西,神出,281115,兵庫県,神戸市西区,神出町五百蔵,2023[sanitize]01[sanitize]20,17,一戸建住宅,駐車（輪）場,60[sanitize]64歳,その他,施錠せず
窃盗,自転車盗,神戸西,神出,281115,兵庫県,神戸市西区,神出町紫合,2023[sanitize]10[sanitize]31,08,その他,その他,70歳以上,その他,施錠せず
窃盗,自転車盗,神戸西,竹の台,281115,兵庫県,神戸市西区,美賀多台１丁目,2023[sanitize]01[sanitize]20,12,４階建て以上共同住宅,駐車（輪）場,10歳代,小学生,施錠した
窃盗,自転車盗,神戸西,竹の台,281115,兵庫県,神戸市西区,竹の台２丁目,2023[sanitize]11[sanitize]06,08,４階建て以上共同住宅,駐車（輪）場,20歳代,その他,施錠した
窃盗,自転車盗,神戸西,竹の台,281115,兵庫県,神戸市西区,竹の台６丁目,2023[sanitize]04[sanitize]12,06,その他,駐車（輪）場,10歳代,その他,施錠せず
窃盗,自転車盗,神戸西,竹の台,281115,兵庫県,神戸市西区,竹の台６丁目,2023[sanitize]06[sanitize]30,18,その他,駐車（輪）場,10歳代,その他,施錠せず
窃盗,自転車盗,神戸西,竹の台,281115,兵庫県,神戸市西区,竹の台６丁目,2023[sanitize]09[sanitize]03,15,駐車（輪）場,駐車（輪）場,50歳代,その他,施錠した
窃盗,自転車盗,神戸西,竹の台,281115,兵庫県,神戸市西区,竹の台６丁目,2023[sanitize]09[sanitize]15,17,その他,その他,10歳代,小学生,施錠せず
窃盗,自転車盗,有馬,上小名田,281093,兵庫県,神戸市北区,八多町中,2023[sanitize]07[sanitize]01,22,その他の住宅（３階建て以下共同住宅等）,駐車（輪）場,20歳代,その他,施錠せず
窃盗,自転車盗,有馬,上小名田,281093,兵庫県,神戸市北区,八多町中,2023[sanitize]10[sanitize]26,17,その他,その他,10歳代,小学生,施錠せず
窃盗,自転車盗,有馬,上小名田,281093,兵庫県,神戸市北区,八多町吉尾,2023[sanitize]11[sanitize]26,11,駐車（輪）場,駐車（輪）場,10歳代,中学生,施錠した
窃盗,自転車盗,有馬,二郎,281093,兵庫県,神戸市北区,有野町二郎,2023[sanitize]04[sanitize]19,15,その他,駐車（輪）場,法人・団体、被害者なし,法人・団体、被害者なし,施錠した
窃盗,自転車盗,有馬,二郎,281093,兵庫県,神戸市北区,菖蒲が丘１丁目,2023[sanitize]05[sanitize]26,22,一戸建住宅,駐車（輪）場,10歳代,中学生,施錠した
窃盗,自転車盗,有馬,二郎,281093,兵庫県,神戸市北区,有野中町４丁目,2023[sanitize]08[sanitize]23,07,その他,駐車（輪）場,40歳代,その他,施錠せず
窃盗,自転車盗,有馬,二郎,281093,兵庫県,神戸市北区,有野中町４丁目,2023[sanitize]12[sanitize]11,07,その他,駐車（輪）場,20歳代,その他,施錠せず
窃盗,自転車盗,有馬,有野,281093,兵庫県,神戸市北区,藤原台北町１丁目,2023[sanitize]09[sanitize]02,05,その他,駐車（輪）場,10歳代,高校生,施錠せず
窃盗,自転車盗,有馬,有野,281093,兵庫県,神戸市北区,藤原台北町１丁目,2023[sanitize]10[sanitize]20,07,その他,駐車（輪）場,10歳代,中学生,施錠せず
窃盗,自転車盗,有馬,有野,281093,兵庫県,神戸市北区,藤原台北町５丁目,2023[sanitize]05[sanitize]12,16,４階建て以上共同住宅,駐車（輪）場,65[sanitize]69歳,その他,施錠した
窃盗,自転車盗,有馬,有野,281093,兵庫県,神戸市北区,藤原台北町６丁目,2023[sanitize]08[sanitize]29,16,その他,駐車（輪）場,10歳代,高校生,施錠した
窃盗,自転車盗,有馬,有野,281093,兵庫県,神戸市北区,藤原台北町６丁目,2023[sanitize]11[sanitize]09,15,駐車（輪）場,駐車（輪）場,10歳代,高校生,施錠せず
窃盗,自転車盗,有馬,有野,281093,兵庫県,神戸市北区,藤原台北町７丁目,2023[sanitize]04[sanitize]22,14,その他,駐車（輪）場,10歳代,高校生,施錠せず
窃盗,自転車盗,有馬,有野,281093,兵庫県,神戸市北区,藤原台北町７丁目,2023[sanitize]11[sanitize]03,07,その他,駐車（輪）場,10歳代,高校生,施錠した
窃盗,自転車盗,有馬,有野,281093,兵庫県,神戸市北区,藤原台北町７丁目,2023[sanitize]11[sanitize]13,07,その他,駐車（輪）場,10歳代,高校生,施錠せず
窃盗,自転車盗,有馬,有野,281093,兵庫県,神戸市北区,藤原台北町７丁目,2023[sanitize]11[sanitize]26,17,道路上,その他,10歳代,高校生,施錠せず
窃盗,自転車盗,有馬,有野,281093,兵庫県,神戸市北区,藤原台北町７丁目,2023[sanitize]11[sanitize]27,11,その他,駐車（輪）場,20歳代,大学生,施錠せず
窃盗,自転車盗,有馬,有野,281093,兵庫県,神戸市北区,藤原台中町１丁目,2023[sanitize]01[sanitize]23,12,その他,駐車（輪）場,10歳代,高校生,施錠した
窃盗,自転車盗,有馬,有野,281093,兵庫県,神戸市北区,藤原台中町１丁目,2023[sanitize]02[sanitize]22,13,その他,駐車（輪）場,10歳代,大学生,施錠せず
窃盗,自転車盗,有馬,有野,281093,兵庫県,神戸市北区,藤原台中町１丁目,2023[sanitize]05[sanitize]26,07,その他,駐車（輪）場,10歳代,高校生,施錠した
窃盗,自転車盗,有馬,有野,281093,兵庫県,神戸市北区,藤原台中町１丁目,2023[sanitize]10[sanitize]07,19,４階建て以上共同住宅,駐車（輪）場,10歳代,中学生,施錠せず
窃盗,自転車盗,有馬,有野,281093,兵庫県,神戸市北区,藤原台中町１丁目,2023[sanitize]10[sanitize]28,11,その他,駐車（輪）場,10歳代,高校生,施錠せず
窃盗,自転車盗,有馬,有野,281093,兵庫県,神戸市北区,藤原台中町７丁目,2023[sanitize]06[sanitize]09,21,一戸建住宅,駐車（輪）場,20歳代,その他,施錠した
窃盗,自転車盗,有馬,有野,281093,兵庫県,神戸市北区,藤原台南町３丁目,2023[sanitize]09[sanitize]05,18,一戸建住宅,駐車（輪）場,10歳代,小学生,施錠せず
窃盗,自転車盗,有馬,有野,281093,兵庫県,神戸市北区,有野中町３丁目,2023[sanitize]11[sanitize]19,06,その他,駐車（輪）場,20歳代,大学生,施錠した
窃盗,自転車盗,有馬,道場,281093,兵庫県,神戸市北区,道場町日下部,2023[sanitize]04[sanitize]14,08,その他,駐車（輪）場,30歳代,その他,施錠した
窃盗,自転車盗,有馬,道場,281093,兵庫県,神戸市北区,道場町日下部,2023[sanitize]11[sanitize]03,08,その他,駐車（輪）場,20歳代,その他,施錠せず
窃盗,自転車盗,有馬,道場,281093,兵庫県,神戸市北区,道場町日下部,2023[sanitize]11[sanitize]28,07,その他,駐車（輪）場,10歳代,高校生,施錠した
窃盗,自転車盗,有馬,長尾,281093,兵庫県,神戸市北区,鹿の子台北町２丁目,2023[sanitize]03[sanitize]10,17,４階建て以上共同住宅,駐車（輪）場,10歳代,小学生,施錠した
窃盗,自転車盗,有馬,長尾,281093,兵庫県,神戸市北区,鹿の子台北町３丁目,2023[sanitize]04[sanitize]26,17,４階建て以上共同住宅,駐車（輪）場,10歳代,中学生,施錠せず
窃盗,自転車盗,有馬,長尾,281093,兵庫県,神戸市北区,上津台１丁目,2023[sanitize]01[sanitize]03,17,一戸建住宅,その他,10歳代,高校生,施錠せず
窃盗,自転車盗,有馬,長尾,281093,兵庫県,神戸市北区,上津台８丁目,2023[sanitize]01[sanitize]26,12,その他,駐車（輪）場,20歳代,大学生,施錠せず
窃盗,自転車盗,有馬,長尾,281093,兵庫県,神戸市北区,上津台８丁目,2023[sanitize]03[sanitize]05,09,その他,駐車（輪）場,20歳代,大学生,施錠せず
窃盗,自転車盗,有馬,長尾,281093,兵庫県,神戸市北区,上津台８丁目,2023[sanitize]05[sanitize]05,17,その他,駐車（輪）場,10歳代,高校生,施錠せず
窃盗,自転車盗,有馬,長尾,281093,兵庫県,神戸市北区,上津台８丁目,2023[sanitize]09[sanitize]26,18,その他,駐車（輪）場,10歳代,高校生,施錠せず
窃盗,自転車盗,神戸北,ひよどり台,281093,兵庫県,神戸市北区,山田町藍那字手垣,2023[sanitize]11[sanitize]06,18,その他,駐車（輪）場,10歳代,中学生,施錠せず
窃盗,自転車盗,神戸北,五葉,281093,兵庫県,神戸市北区,北五葉４丁目,2023[sanitize]06[sanitize]15,19,一戸建住宅,その他,30歳代,その他,施錠せず
窃盗,自転車盗,神戸北,五葉,281093,兵庫県,神戸市北区,君影町１丁目,2023[sanitize]11[sanitize]04,14,その他,その他,10歳未満,小学生,施錠せず
窃盗,自転車盗,神戸北,五葉,281093,兵庫県,神戸市北区,君影町６丁目,2023[sanitize]01[sanitize]16,16,駐車（輪）場,駐車（輪）場,10歳代,大学生,施錠せず
窃盗,自転車盗,神戸北,五葉,281093,兵庫県,神戸市北区,鈴蘭台南町６丁目,2023[sanitize]12[sanitize]21,07,その他,駐車（輪）場,10歳代,高校生,施錠せず
窃盗,自転車盗,神戸北,五葉,281093,兵庫県,神戸市北区,南五葉６丁目,2023[sanitize]11[sanitize]07,16,道路上,その他,70歳以上,その他,施錠せず
窃盗,自転車盗,神戸北,日の峰,281093,兵庫県,神戸市北区,日の峰５丁目,2023[sanitize]10[sanitize]14,01,駐車（輪）場,駐車（輪）場,10歳代,小学生,施錠せず
窃盗,自転車盗,神戸北,日の峰,281093,兵庫県,神戸市北区,日の峰５丁目,2023[sanitize]10[sanitize]14,01,駐車（輪）場,駐車（輪）場,50歳代,その他,施錠せず
窃盗,自転車盗,神戸北,谷上駅前,281093,兵庫県,神戸市北区,松が枝町１丁目,2022[sanitize]12[sanitize]28,09,駐車（輪）場,駐車（輪）場,10歳代,高校生,施錠せず
窃盗,自転車盗,神戸北,谷上駅前,281093,兵庫県,神戸市北区,松が枝町１丁目,2023[sanitize]10[sanitize]13,07,その他,駐車（輪）場,10歳代,高校生,施錠せず
窃盗,自転車盗,神戸北,谷上駅前,281093,兵庫県,神戸市北区,山田町下谷上字芝,2023[sanitize]12[sanitize]01,19,駐車（輪）場,駐車（輪）場,20歳代,その他,施錠した
窃盗,自転車盗,神戸北,谷上駅前,281093,兵庫県,神戸市北区,山田町下谷上字箕谷,2023[sanitize]11[sanitize]09,07,道路上,その他,10歳代,高校生,施錠した
窃盗,自転車盗,神戸北,鈴蘭台,281093,兵庫県,神戸市北区,鈴蘭台北町９丁目,2023[sanitize]08[sanitize]13,21,駐車（輪）場,駐車（輪）場,10歳代,大学生,施錠せず
窃盗,自転車盗,神戸北,鈴蘭台,281093,兵庫県,神戸市北区,山田町小部字法殿ノ下,2023[sanitize]01[sanitize]06,10,その他,駐車（輪）場,10歳代,大学生,施錠した
窃盗,自転車盗,芦屋,宮川,282065,兵庫県,芦屋市,打出小槌町,2023[sanitize]05[sanitize]19,07,駐車（輪）場,駐車（輪）場,10歳代,高校生,施錠せず
窃盗,自転車盗,芦屋,宮川,282065,兵庫県,芦屋市,上宮川町,2022[sanitize]09[sanitize]15,22,４階建て以上共同住宅,駐車（輪）場,30歳代,その他,施錠した
窃盗,自転車盗,芦屋,宮川,282065,兵庫県,芦屋市,上宮川町,2023[sanitize]02[sanitize]10,17,駐車（輪）場,駐車（輪）場,50歳代,その他,施錠した
窃盗,自転車盗,芦屋,宮川,282065,兵庫県,芦屋市,上宮川町,2023[sanitize]06[sanitize]07,09,その他,駐車（輪）場,10歳代,大学生,施錠した
窃盗,自転車盗,芦屋,宮川,282065,兵庫県,芦屋市,上宮川町,2023[sanitize]07[sanitize]20,13,駐車（輪）場,駐車（輪）場,30歳代,その他,施錠せず
窃盗,自転車盗,芦屋,宮川,282065,兵庫県,芦屋市,上宮川町,2023[sanitize]10[sanitize]25,18,その他,駐車（輪）場,70歳以上,その他,施錠した
窃盗,自転車盗,芦屋,宮川,282065,兵庫県,芦屋市,楠町,2023[sanitize]02[sanitize]10,12,その他,駐車（輪）場,20歳代,大学生,施錠せず
窃盗,自転車盗,芦屋,宮川,282065,兵庫県,芦屋市,楠町,2023[sanitize]09[sanitize]08,17,駐車（輪）場,駐車（輪）場,65[sanitize]69歳,その他,施錠せず
窃盗,自転車盗,芦屋,宮川,282065,兵庫県,芦屋市,楠町,2023[sanitize]10[sanitize]11,18,その他,駐車（輪）場,10歳代,高校生,施錠せず
窃盗,自転車盗,芦屋,宮川,282065,兵庫県,芦屋市,翠ケ丘町,2023[sanitize]04[sanitize]01,不明,４階建て以上共同住宅,その他,10歳代,中学生,施錠せず
窃盗,自転車盗,芦屋,宮川,282065,兵庫県,芦屋市,宮塚町,2023[sanitize]02[sanitize]06,12,その他の住宅（３階建て以下共同住宅等）,その他,20歳代,その他,施錠せず
窃盗,自転車盗,芦屋,宮川,282065,兵庫県,芦屋市,春日町,2023[sanitize]06[sanitize]10,16,その他,駐車（輪）場,20歳代,大学生,施錠せず
窃盗,自転車盗,芦屋,宮川,282065,兵庫県,芦屋市,春日町,2023[sanitize]07[sanitize]16,20,駐車（輪）場,駐車（輪）場,30歳代,その他,施錠した
窃盗,自転車盗,芦屋,宮川,282065,兵庫県,芦屋市,春日町,2023[sanitize]12[sanitize]02,13,その他,駐車（輪）場,10歳代,中学生,施錠せず
窃盗,自転車盗,芦屋,山芦屋,282065,兵庫県,芦屋市,東芦屋町,2023[sanitize]03[sanitize]04,07,その他,駐車（輪）場,65[sanitize]69歳,その他,施錠した
窃盗,自転車盗,芦屋,岩園,282065,兵庫県,芦屋市,朝日ケ丘町,2023[sanitize]03[sanitize]12,19,駐車（輪）場,駐車（輪）場,20歳代,大学生,施錠せず
窃盗,自転車盗,芦屋,岩園,282065,兵庫県,芦屋市,朝日ケ丘町,2023[sanitize]04[sanitize]22,17,その他,駐車（輪）場,70歳以上,その他,施錠せず
窃盗,自転車盗,芦屋,岩園,282065,兵庫県,芦屋市,朝日ケ丘町,2023[sanitize]06[sanitize]20,12,４階建て以上共同住宅,駐車（輪）場,50歳代,その他,施錠せず
窃盗,自転車盗,芦屋,岩園,282065,兵庫県,芦屋市,東芦屋町,2023[sanitize]08[sanitize]28,12,道路上,その他,10歳代,高校生,施錠せず
窃盗,自転車盗,芦屋,岩園,282065,兵庫県,芦屋市,東山町,2023[sanitize]03[sanitize]13,19,４階建て以上共同住宅,駐車（輪）場,10歳代,小学生,施錠せず
窃盗,自転車盗,芦屋,岩園,282065,兵庫県,芦屋市,東山町,2023[sanitize]11[sanitize]03,17,４階建て以上共同住宅,その他,50歳代,その他,施錠した
窃盗,自転車盗,芦屋,打出,282065,兵庫県,芦屋市,大東町,2023[sanitize]03[sanitize]20,12,４階建て以上共同住宅,駐車（輪）場,70歳以上,その他,施錠せず
窃盗,自転車盗,芦屋,打出,282065,兵庫県,芦屋市,大東町,2023[sanitize]10[sanitize]31,22,その他の住宅（３階建て以下共同住宅等）,駐車（輪）場,20歳代,その他,施錠した
窃盗,自転車盗,芦屋,打出,282065,兵庫県,芦屋市,南宮町,2023[sanitize]01[sanitize]19,22,４階建て以上共同住宅,駐車（輪）場,10歳代,中学生,施錠せず
窃盗,自転車盗,芦屋,打出,282065,兵庫県,芦屋市,南宮町,2023[sanitize]06[sanitize]05,15,駐車（輪）場,駐車（輪）場,10歳代,高校生,施錠せず
窃盗,自転車盗,芦屋,打出,282065,兵庫県,芦屋市,南宮町,2023[sanitize]12[sanitize]10,13,その他,駐車（輪）場,20歳代,大学生,施錠せず
窃盗,自転車盗,芦屋,打出,282065,兵庫県,芦屋市,浜町,2023[sanitize]02[sanitize]15,21,一戸建住宅,その他,10歳代,高校生,施錠せず
窃盗,自転車盗,芦屋,打出,282065,兵庫県,芦屋市,浜町,2023[sanitize]05[sanitize]03,19,その他,駐車（輪）場,60[sanitize]64歳,その他,施錠せず
窃盗,自転車盗,芦屋,打出,282065,兵庫県,芦屋市,浜町,2023[sanitize]11[sanitize]17,22,４階建て以上共同住宅,駐車（輪）場,70歳以上,その他,施錠した
窃盗,自転車盗,芦屋,打出,282065,兵庫県,芦屋市,若宮町,2023[sanitize]09[sanitize]22,19,４階建て以上共同住宅,駐車（輪）場,10歳代,小学生,施錠した
窃盗,自転車盗,芦屋,業平橋,282065,兵庫県,芦屋市,川西町,2023[sanitize]05[sanitize]26,11,駐車（輪）場,駐車（輪）場,30歳代,その他,施錠した
窃盗,自転車盗,芦屋,業平橋,282065,兵庫県,芦屋市,川西町,2023[sanitize]10[sanitize]15,12,その他,駐車（輪）場,50歳代,その他,施錠した
窃盗,自転車盗,芦屋,業平橋,282065,兵庫県,芦屋市,川西町,2023[sanitize]10[sanitize]27,15,その他,駐車（輪）場,50歳代,その他,施錠せず
窃盗,自転車盗,芦屋,業平橋,282065,兵庫県,芦屋市,川西町,2023[sanitize]12[sanitize]26,12,その他,駐車（輪）場,10歳代,高校生,施錠せず
窃盗,自転車盗,芦屋,業平橋,282065,兵庫県,芦屋市,公光町,2023[sanitize]12[sanitize]08,00,道路上,その他,20歳代,その他,施錠せず
窃盗,自転車盗,芦屋,業平橋,282065,兵庫県,芦屋市,清水町,2023[sanitize]05[sanitize]05,13,道路上,その他,30歳代,その他,施錠した
窃盗,自転車盗,芦屋,業平橋,282065,兵庫県,芦屋市,精道町,2023[sanitize]02[sanitize]07,19,駐車（輪）場,駐車（輪）場,40歳代,その他,施錠せず
窃盗,自転車盗,芦屋,業平橋,282065,兵庫県,芦屋市,月若町,2022[sanitize]07[sanitize]01,00,駐車（輪）場,駐車（輪）場,30歳代,その他,施錠した
窃盗,自転車盗,芦屋,業平橋,282065,兵庫県,芦屋市,業平町,2023[sanitize]02[sanitize]28,21,その他,駐車（輪）場,10歳代,高校生,施錠せず
窃盗,自転車盗,芦屋,業平橋,282065,兵庫県,芦屋市,平田北町,2023[sanitize]04[sanitize]11,20,駐車（輪）場,駐車（輪）場,20歳代,大学生,施錠せず
窃盗,自転車盗,芦屋,浜芦屋,282065,兵庫県,芦屋市,竹園町,2023[sanitize]01[sanitize]18,18,４階建て以上共同住宅,駐車（輪）場,40歳代,その他,施錠せず
窃盗,自転車盗,芦屋,浜芦屋,282065,兵庫県,芦屋市,浜芦屋町,2023[sanitize]07[sanitize]19,23,その他,駐車（輪）場,20歳代,その他,施錠せず
窃盗,自転車盗,芦屋,浜芦屋,282065,兵庫県,芦屋市,平田町,2023[sanitize]05[sanitize]20,20,道路上,その他,10歳代,高校生,施錠せず
窃盗,自転車盗,芦屋,芦屋駅前,282065,兵庫県,芦屋市,大原町,2023[sanitize]04[sanitize]29,23,その他,駐車（輪）場,20歳代,その他,施錠せず
窃盗,自転車盗,芦屋,芦屋駅前,282065,兵庫県,芦屋市,大原町,2023[sanitize]07[sanitize]22,18,その他,駐車（輪）場,30歳代,その他,施錠せず
窃盗,自転車盗,芦屋,芦屋駅前,282065,兵庫県,芦屋市,大原町,2023[sanitize]07[sanitize]26,20,道路上,その他,20歳代,大学生,施錠した
窃盗,自転車盗,芦屋,芦屋駅前,282065,兵庫県,芦屋市,大原町,2023[sanitize]10[sanitize]09,14,４階建て以上共同住宅,駐車（輪）場,50歳代,その他,施錠した
窃盗,自転車盗,芦屋,芦屋駅前,282065,兵庫県,芦屋市,船戸町,2023[sanitize]02[sanitize]05,17,４階建て以上共同住宅,駐車（輪）場,30歳代,その他,施錠した
窃盗,自転車盗,芦屋,芦屋駅前,282065,兵庫県,芦屋市,船戸町,2023[sanitize]02[sanitize]16,18,駐車（輪）場,駐車（輪）場,10歳代,中学生,施錠せず
窃盗,自転車盗,芦屋,芦屋駅前,282065,兵庫県,芦屋市,船戸町,2023[sanitize]04[sanitize]21,08,その他,駐車（輪）場,30歳代,その他,施錠した
窃盗,自転車盗,芦屋,芦屋駅前,282065,兵庫県,芦屋市,船戸町,2023[sanitize]04[sanitize]21,23,その他,駐車（輪）場,10歳代,大学生,施錠せず
窃盗,自転車盗,芦屋,芦屋駅前,282065,兵庫県,芦屋市,船戸町,2023[sanitize]06[sanitize]18,17,道路上,その他,70歳以上,その他,施錠せず
窃盗,自転車盗,芦屋,芦屋駅前,282065,兵庫県,芦屋市,松ノ内町,2023[sanitize]10[sanitize]30,18,４階建て以上共同住宅,駐車（輪）場,50歳代,その他,施錠した
窃盗,自転車盗,芦屋,芦屋駅前,282065,兵庫県,芦屋市,松ノ内町,2023[sanitize]11[sanitize]09,08,道路上,その他,10歳代,高校生,施錠せず
窃盗,自転車盗,芦屋,芦屋駅前,282065,兵庫県,芦屋市,松ノ内町,2023[sanitize]12[sanitize]06,13,道路上,その他,10歳代,その他,施錠せず
窃盗,自転車盗,芦屋,芦屋駅前,282065,兵庫県,芦屋市,翠ケ丘町,2023[sanitize]06[sanitize]30,18,４階建て以上共同住宅,駐車（輪）場,10歳代,高校生,施錠せず
窃盗,自転車盗,芦屋,芦屋駅前,282065,兵庫県,芦屋市,翠ケ丘町,2023[sanitize]07[sanitize]07,15,４階建て以上共同住宅,駐車（輪）場,40歳代,その他,施錠した
窃盗,自転車盗,芦屋,芦屋駅前,282065,兵庫県,芦屋市,翠ケ丘町,2023[sanitize]08[sanitize]10,22,その他の住宅（３階建て以下共同住宅等）,駐車（輪）場,10歳代,高校生,施錠せず
窃盗,自転車盗,芦屋,芦屋駅前,282065,兵庫県,芦屋市,翠ケ丘町,2023[sanitize]10[sanitize]25,20,４階建て以上共同住宅,駐車（輪）場,10歳代,高校生,施錠した
窃盗,自転車盗,芦屋,高浜,282065,兵庫県,芦屋市,潮見町,2023[sanitize]09[sanitize]01,15,一戸建住宅,駐車（輪）場,30歳代,その他,施錠せず
窃盗,自転車盗,芦屋,高浜,282065,兵庫県,芦屋市,高浜町,2023[sanitize]06[sanitize]10,17,その他の住宅（３階建て以下共同住宅等）,駐車（輪）場,40歳代,その他,施錠した
窃盗,自転車盗,芦屋,高浜,282065,兵庫県,芦屋市,高浜町,2023[sanitize]06[sanitize]22,14,その他の住宅（３階建て以下共同住宅等）,駐車（輪）場,20歳代,その他,施錠した
窃盗,自転車盗,芦屋,高浜,282065,兵庫県,芦屋市,高浜町,2023[sanitize]09[sanitize]12,08,駐車（輪）場,駐車（輪）場,10歳代,高校生,施錠した
窃盗,自転車盗,芦屋,高浜,282065,兵庫県,芦屋市,高浜町,2023[sanitize]10[sanitize]08,19,駐車（輪）場,駐車（輪）場,60[sanitize]64歳,その他,施錠した
窃盗,自転車盗,芦屋,高浜,282065,兵庫県,芦屋市,高浜町,2023[sanitize]11[sanitize]01,08,駐車（輪）場,駐車（輪）場,10歳代,中学生,施錠した
窃盗,自転車盗,芦屋,高浜,282065,兵庫県,芦屋市,高浜町,2023[sanitize]12[sanitize]11,15,４階建て以上共同住宅,駐車（輪）場,30歳代,その他,施錠せず
窃盗,自転車盗,芦屋,高浜,282065,兵庫県,芦屋市,高浜町,2023[sanitize]12[sanitize]20,23,４階建て以上共同住宅,駐車（輪）場,30歳代,その他,施錠した
窃盗,自転車盗,芦屋,高浜,282065,兵庫県,芦屋市,緑町,2023[sanitize]02[sanitize]21,19,４階建て以上共同住宅,駐車（輪）場,20歳代,大学生,施錠した
窃盗,自転車盗,芦屋,高浜,282065,兵庫県,芦屋市,緑町,2023[sanitize]02[sanitize]22,16,駐車（輪）場,駐車（輪）場,10歳代,中学生,施錠した
窃盗,自転車盗,芦屋,高浜,282065,兵庫県,芦屋市,緑町,2023[sanitize]10[sanitize]22,22,４階建て以上共同住宅,駐車（輪）場,10歳代,大学生,施錠せず
窃盗,自転車盗,芦屋,高浜,282065,兵庫県,芦屋市,若葉町,2023[sanitize]03[sanitize]04,09,４階建て以上共同住宅,駐車（輪）場,40歳代,その他,施錠せず
窃盗,自転車盗,芦屋,高浜,282065,兵庫県,芦屋市,若葉町,2023[sanitize]03[sanitize]05,12,駐車（輪）場,駐車（輪）場,10歳代,中学生,施錠せず
窃盗,自転車盗,芦屋,高浜,282065,兵庫県,芦屋市,若葉町,2023[sanitize]03[sanitize]12,04,駐車（輪）場,駐車（輪）場,30歳代,その他,施錠せず
窃盗,自転車盗,芦屋,高浜,282065,兵庫県,芦屋市,若葉町,2023[sanitize]04[sanitize]13,19,４階建て以上共同住宅,駐車（輪）場,10歳代,中学生,施錠せず
窃盗,自転車盗,芦屋,高浜,282065,兵庫県,芦屋市,若葉町,2023[sanitize]04[sanitize]28,08,駐車（輪）場,駐車（輪）場,40歳代,その他,施錠せず
窃盗,自転車盗,芦屋,高浜,282065,兵庫県,芦屋市,海洋町,2023[sanitize]11[sanitize]14,18,その他,駐車（輪）場,40歳代,その他,施錠せず
窃盗,自転車盗,芦屋,高浜,282065,兵庫県,芦屋市,涼風町,2023[sanitize]07[sanitize]12,19,一戸建住宅,その他,65[sanitize]69歳,その他,施錠した
窃盗,自転車盗,芦屋,高浜,282065,兵庫県,芦屋市,南浜町,2022[sanitize]10[sanitize]25,不明,駐車（輪）場,駐車（輪）場,10歳代,小学生,施錠せず
窃盗,自転車盗,芦屋,高浜,282065,兵庫県,芦屋市,南浜町,2023[sanitize]07[sanitize]22,19,その他,その他,50歳代,その他,施錠せず
窃盗,自転車盗,芦屋,高浜,282065,兵庫県,芦屋市,陽光町,2023[sanitize]01[sanitize]05,09,駐車（輪）場,駐車（輪）場,10歳代,中学生,施錠せず
窃盗,自転車盗,芦屋,高浜,282065,兵庫県,芦屋市,陽光町,2023[sanitize]01[sanitize]30,18,その他,駐車（輪）場,10歳代,小学生,施錠せず
窃盗,自転車盗,芦屋,高浜,282065,兵庫県,芦屋市,陽光町,2023[sanitize]04[sanitize]01,10,その他,駐車（輪）場,50歳代,その他,施錠した
窃盗,自転車盗,芦屋,高浜,282065,兵庫県,芦屋市,陽光町,2023[sanitize]06[sanitize]29,17,４階建て以上共同住宅,駐車（輪）場,70歳以上,その他,施錠した
窃盗,自転車盗,芦屋,高浜,282065,兵庫県,芦屋市,陽光町,2023[sanitize]10[sanitize]12,07,その他,駐車（輪）場,10歳代,高校生,施錠せず
窃盗,自転車盗,芦屋,高浜,282065,兵庫県,芦屋市,陽光町,2023[sanitize]10[sanitize]16,22,４階建て以上共同住宅,駐車（輪）場,10歳代,高校生,施錠せず
窃盗,自転車盗,西宮,上ヶ原,282049,兵庫県,西宮市,上ケ原一番町,2022[sanitize]12[sanitize]16,14,その他,駐車（輪）場,20歳代,大学生,施錠せず
窃盗,自転車盗,西宮,上ヶ原,282049,兵庫県,西宮市,上ケ原一番町,2023[sanitize]01[sanitize]11,17,その他,駐車（輪）場,20歳代,大学生,施錠せず
窃盗,自転車盗,西宮,上ヶ原,282049,兵庫県,西宮市,上ケ原一番町,2023[sanitize]05[sanitize]09,10,その他,駐車（輪）場,10歳代,大学生,施錠せず
窃盗,自転車盗,西宮,上ヶ原,282049,兵庫県,西宮市,上ケ原一番町,2023[sanitize]05[sanitize]24,18,その他,駐車（輪）場,20歳代,大学生,施錠せず
窃盗,自転車盗,西宮,上ヶ原,282049,兵庫県,西宮市,上ケ原一番町,2023[sanitize]05[sanitize]25,18,その他,駐車（輪）場,10歳代,大学生,施錠せず
窃盗,自転車盗,西宮,上ヶ原,282049,兵庫県,西宮市,上ケ原一番町,2023[sanitize]05[sanitize]30,12,その他,駐車（輪）場,10歳代,大学生,施錠せず
窃盗,自転車盗,西宮,上ヶ原,282049,兵庫県,西宮市,上ケ原一番町,2023[sanitize]06[sanitize]06,10,その他,駐車（輪）場,10歳代,大学生,施錠した
窃盗,自転車盗,西宮,上ヶ原,282049,兵庫県,西宮市,上ケ原一番町,2023[sanitize]06[sanitize]07,08,その他,駐車（輪）場,20歳代,大学生,施錠せず
窃盗,自転車盗,西宮,上ヶ原,282049,兵庫県,西宮市,上ケ原一番町,2023[sanitize]06[sanitize]14,11,その他,駐車（輪）場,10歳代,大学生,施錠せず
窃盗,自転車盗,西宮,上ヶ原,282049,兵庫県,西宮市,上ケ原一番町,2023[sanitize]06[sanitize]15,18,その他,駐車（輪）場,20歳代,大学生,施錠せず
窃盗,自転車盗,西宮,上ヶ原,282049,兵庫県,西宮市,上ケ原一番町,2023[sanitize]06[sanitize]27,10,その他,駐車（輪）場,20歳代,大学生,施錠した
窃盗,自転車盗,西宮,上ヶ原,282049,兵庫県,西宮市,上ケ原一番町,2023[sanitize]07[sanitize]21,19,その他,駐車（輪）場,10歳代,大学生,施錠した
窃盗,自転車盗,西宮,上ヶ原,282049,兵庫県,西宮市,上ケ原一番町,2023[sanitize]07[sanitize]22,07,その他,駐車（輪）場,20歳代,大学生,施錠せず
窃盗,自転車盗,西宮,上ヶ原,282049,兵庫県,西宮市,上ケ原一番町,2023[sanitize]08[sanitize]11,09,その他,駐車（輪）場,10歳代,大学生,施錠せず
窃盗,自転車盗,西宮,上ヶ原,282049,兵庫県,西宮市,上ケ原一番町,2023[sanitize]09[sanitize]15,12,その他,駐車（輪）場,10歳代,大学生,施錠せず
窃盗,自転車盗,西宮,上ヶ原,282049,兵庫県,西宮市,上ケ原一番町,2023[sanitize]09[sanitize]16,08,その他,駐車（輪）場,10歳代,大学生,施錠せず
窃盗,自転車盗,西宮,上ヶ原,282049,兵庫県,西宮市,上ケ原一番町,2023[sanitize]09[sanitize]27,12,その他,駐車（輪）場,10歳代,大学生,施錠した
窃盗,自転車盗,西宮,上ヶ原,282049,兵庫県,西宮市,上ケ原一番町,2023[sanitize]09[sanitize]28,12,その他,駐車（輪）場,10歳代,大学生,施錠せず
窃盗,自転車盗,西宮,上ヶ原,282049,兵庫県,西宮市,上ケ原一番町,2023[sanitize]10[sanitize]06,15,その他の住宅（３階建て以下共同住宅等）,駐車（輪）場,20歳代,大学生,施錠せず
窃盗,自転車盗,西宮,上ヶ原,282049,兵庫県,西宮市,上ケ原一番町,2023[sanitize]10[sanitize]10,13,その他,駐車（輪）場,20歳代,大学生,施錠せず
窃盗,自転車盗,西宮,上ヶ原,282049,兵庫県,西宮市,上ケ原一番町,2023[sanitize]10[sanitize]11,12,その他,駐車（輪）場,10歳代,大学生,施錠せず
窃盗,自転車盗,西宮,上ヶ原,282049,兵庫県,西宮市,上ケ原一番町,2023[sanitize]10[sanitize]11,17,その他,駐車（輪）場,20歳代,大学生,施錠せず
窃盗,自転車盗,西宮,上ヶ原,282049,兵庫県,西宮市,上ケ原一番町,2023[sanitize]10[sanitize]12,08,その他,駐車（輪）場,10歳代,大学生,施錠せず
窃盗,自転車盗,西宮,上ヶ原,282049,兵庫県,西宮市,上ケ原一番町,2023[sanitize]10[sanitize]12,12,その他,駐車（輪）場,10歳代,大学生,施錠せず
窃盗,自転車盗,西宮,上ヶ原,282049,兵庫県,西宮市,上ケ原一番町,2023[sanitize]10[sanitize]17,09,その他,駐車（輪）場,10歳代,大学生,施錠せず
窃盗,自転車盗,西宮,上ヶ原,282049,兵庫県,西宮市,上ケ原一番町,2023[sanitize]10[sanitize]24,11,その他,駐車（輪）場,20歳代,大学生,施錠せず
窃盗,自転車盗,西宮,上ヶ原,282049,兵庫県,西宮市,上ケ原一番町,2023[sanitize]11[sanitize]02,15,その他,駐車（輪）場,20歳代,大学生,施錠せず
窃盗,自転車盗,西宮,上ヶ原,282049,兵庫県,西宮市,上ケ原一番町,2023[sanitize]11[sanitize]03,12,その他,駐車（輪）場,20歳代,大学生,施錠せず
窃盗,自転車盗,西宮,上ヶ原,282049,兵庫県,西宮市,上ケ原一番町,2023[sanitize]11[sanitize]16,16,その他,駐車（輪）場,10歳代,大学生,施錠せず
窃盗,自転車盗,西宮,上ヶ原,282049,兵庫県,西宮市,上ケ原一番町,2023[sanitize]11[sanitize]30,10,その他,駐車（輪）場,10歳代,大学生,施錠せず
窃盗,自転車盗,西宮,上ヶ原,282049,兵庫県,西宮市,上ケ原一番町,2023[sanitize]12[sanitize]21,16,その他,駐車（輪）場,10歳代,大学生,施錠せず
窃盗,自転車盗,西宮,上ヶ原,282049,兵庫県,西宮市,上ケ原五番町,2023[sanitize]01[sanitize]14,18,４階建て以上共同住宅,駐車（輪）場,10歳代,中学生,施錠せず
窃盗,自転車盗,西宮,上ヶ原,282049,兵庫県,西宮市,上ケ原五番町,2023[sanitize]06[sanitize]10,09,その他の住宅（３階建て以下共同住宅等）,駐車（輪）場,20歳代,大学生,施錠した
窃盗,自転車盗,西宮,上ヶ原,282049,兵庫県,西宮市,上ケ原三番町,2023[sanitize]04[sanitize]27,11,駐車（輪）場,駐車（輪）場,20歳代,大学生,施錠せず
窃盗,自転車盗,西宮,上ヶ原,282049,兵庫県,西宮市,上ケ原三番町,2023[sanitize]07[sanitize]01,00,その他,駐車（輪）場,20歳代,大学生,施錠せず
窃盗,自転車盗,西宮,上ヶ原,282049,兵庫県,西宮市,上ケ原三番町,2023[sanitize]09[sanitize]11,22,その他の住宅（３階建て以下共同住宅等）,駐車（輪）場,20歳代,大学生,施錠せず
窃盗,自転車盗,西宮,上ヶ原,282049,兵庫県,西宮市,上ケ原十番町,2023[sanitize]09[sanitize]07,22,４階建て以上共同住宅,駐車（輪）場,20歳代,その他,施錠せず
窃盗,自転車盗,西宮,上ヶ原,282049,兵庫県,西宮市,上ケ原八番町,2023[sanitize]10[sanitize]24,23,駐車（輪）場,駐車（輪）場,10歳代,大学生,施錠せず
窃盗,自転車盗,西宮,上ヶ原,282049,兵庫県,西宮市,上ケ原八番町,2023[sanitize]11[sanitize]22,21,その他の住宅（３階建て以下共同住宅等）,駐車（輪）場,20歳代,大学生,施錠せず
窃盗,自転車盗,西宮,上ヶ原,282049,兵庫県,西宮市,上ケ原六番町,2023[sanitize]01[sanitize]19,23,４階建て以上共同住宅,駐車（輪）場,20歳代,大学生,施錠した
窃盗,自転車盗,西宮,上ヶ原,282049,兵庫県,西宮市,上ケ原六番町,2023[sanitize]06[sanitize]03,18,４階建て以上共同住宅,駐車（輪）場,10歳代,大学生,施錠せず
窃盗,自転車盗,西宮,上ヶ原,282049,兵庫県,西宮市,上ケ原六番町,2023[sanitize]06[sanitize]19,16,その他の住宅（３階建て以下共同住宅等）,駐車（輪）場,20歳代,大学生,施錠した
窃盗,自転車盗,西宮,上ヶ原,282049,兵庫県,西宮市,上ケ原六番町,2023[sanitize]06[sanitize]20,13,その他の住宅（３階建て以下共同住宅等）,駐車（輪）場,20歳代,大学生,施錠せず
窃盗,自転車盗,西宮,上ヶ原,282049,兵庫県,西宮市,上ケ原六番町,2023[sanitize]07[sanitize]25,17,４階建て以上共同住宅,駐車（輪）場,10歳代,大学生,施錠せず
窃盗,自転車盗,西宮,上ヶ原,282049,兵庫県,西宮市,上ケ原六番町,2023[sanitize]08[sanitize]06,19,４階建て以上共同住宅,駐車（輪）場,10歳代,大学生,施錠せず
窃盗,自転車盗,西宮,上ヶ原,282049,兵庫県,西宮市,上ケ原六番町,2023[sanitize]08[sanitize]10,22,その他の住宅（３階建て以下共同住宅等）,駐車（輪）場,20歳代,大学生,施錠した
窃盗,自転車盗,西宮,上ヶ原,282049,兵庫県,西宮市,上ケ原六番町,2023[sanitize]09[sanitize]21,22,４階建て以上共同住宅,駐車（輪）場,20歳代,大学生,施錠した
窃盗,自転車盗,西宮,上ヶ原,282049,兵庫県,西宮市,上ケ原六番町,2023[sanitize]10[sanitize]29,20,その他の住宅（３階建て以下共同住宅等）,駐車（輪）場,20歳代,大学生,施錠せず
窃盗,自転車盗,西宮,上ヶ原,282049,兵庫県,西宮市,仁川五ケ山町,2023[sanitize]06[sanitize]05,21,その他の住宅（３階建て以下共同住宅等）,駐車（輪）場,20歳代,大学生,施錠した
窃盗,自転車盗,西宮,上ヶ原,282049,兵庫県,西宮市,仁川百合野町,2023[sanitize]05[sanitize]23,10,４階建て以上共同住宅,駐車（輪）場,20歳代,大学生,施錠せず
窃盗,自転車盗,西宮,上ヶ原,282049,兵庫県,西宮市,仁川町４丁目,2023[sanitize]06[sanitize]10,21,４階建て以上共同住宅,駐車（輪）場,40歳代,その他,施錠した
窃盗,自転車盗,西宮,上ヶ原,282049,兵庫県,西宮市,仁川町６丁目,2023[sanitize]06[sanitize]29,22,一戸建住宅,駐車（輪）場,40歳代,その他,施錠せず
窃盗,自転車盗,西宮,上ヶ原,282049,兵庫県,西宮市,仁川町６丁目,2023[sanitize]09[sanitize]02,13,道路上,その他,10歳代,中学生,施錠せず
窃盗,自転車盗,西宮,上之町,282049,兵庫県,西宮市,荒木町,2023[sanitize]02[sanitize]27,19,その他の住宅（３階建て以下共同住宅等）,その他,20歳代,その他,施錠せず
窃盗,自転車盗,西宮,上之町,282049,兵庫県,西宮市,大森町,2023[sanitize]08[sanitize]06,10,その他の住宅（３階建て以下共同住宅等）,駐車（輪）場,10歳代,その他,施錠した
窃盗,自転車盗,西宮,上之町,282049,兵庫県,西宮市,大森町,2023[sanitize]08[sanitize]26,22,その他の住宅（３階建て以下共同住宅等）,駐車（輪）場,20歳代,その他,施錠した
窃盗,自転車盗,西宮,上之町,282049,兵庫県,西宮市,上之町,2023[sanitize]02[sanitize]16,21,その他の住宅（３階建て以下共同住宅等）,駐車（輪）場,30歳代,その他,施錠せず
窃盗,自転車盗,西宮,上之町,282049,兵庫県,西宮市,上之町,2023[sanitize]07[sanitize]25,18,一戸建住宅,その他,50歳代,その他,施錠せず
窃盗,自転車盗,西宮,上之町,282049,兵庫県,西宮市,上之町,2023[sanitize]08[sanitize]14,17,その他,その他,40歳代,その他,施錠せず
窃盗,自転車盗,西宮,上之町,282049,兵庫県,西宮市,堤町,2023[sanitize]03[sanitize]22,15,道路上,その他,70歳以上,その他,施錠せず
窃盗,自転車盗,西宮,上之町,282049,兵庫県,西宮市,日野町,2023[sanitize]03[sanitize]04,22,一戸建住宅,その他,10歳代,高校生,施錠せず
窃盗,自転車盗,西宮,上之町,282049,兵庫県,西宮市,日野町,2023[sanitize]07[sanitize]17,18,一戸建住宅,その他,10歳代,高校生,施錠せず
窃盗,自転車盗,西宮,上之町,282049,兵庫県,西宮市,日野町,2023[sanitize]07[sanitize]23,06,一戸建住宅,駐車（輪）場,40歳代,その他,施錠せず
窃盗,自転車盗,西宮,上之町,282049,兵庫県,西宮市,日野町,2023[sanitize]10[sanitize]28,13,一戸建住宅,駐車（輪）場,50歳代,その他,施錠せず
窃盗,自転車盗,西宮,上之町,282049,兵庫県,西宮市,日野町,2023[sanitize]12[sanitize]25,08,４階建て以上共同住宅,駐車（輪）場,30歳代,その他,施錠せず
窃盗,自転車盗,西宮,上之町,282049,兵庫県,西宮市,門前町,2023[sanitize]05[sanitize]01,15,その他の住宅（３階建て以下共同住宅等）,駐車（輪）場,20歳代,大学生,施錠した
窃盗,自転車盗,西宮,上之町,282049,兵庫県,西宮市,門前町,2023[sanitize]06[sanitize]09,19,その他の住宅（３階建て以下共同住宅等）,駐車（輪）場,20歳代,大学生,施錠した
窃盗,自転車盗,西宮,上之町,282049,兵庫県,西宮市,門前町,2023[sanitize]06[sanitize]25,18,その他の住宅（３階建て以下共同住宅等）,駐車（輪）場,20歳代,大学生,施錠した
窃盗,自転車盗,西宮,上之町,282049,兵庫県,西宮市,門前町,2023[sanitize]07[sanitize]04,08,その他の住宅（３階建て以下共同住宅等）,駐車（輪）場,20歳代,大学生,施錠した
窃盗,自転車盗,西宮,上之町,282049,兵庫県,西宮市,門前町,2023[sanitize]08[sanitize]12,18,４階建て以上共同住宅,駐車（輪）場,10歳代,大学生,施錠した
窃盗,自転車盗,西宮,上之町,282049,兵庫県,西宮市,門前町,2023[sanitize]08[sanitize]19,05,その他,駐車（輪）場,20歳代,大学生,施錠せず
窃盗,自転車盗,西宮,上之町,282049,兵庫県,西宮市,門前町,2023[sanitize]09[sanitize]22,19,その他の住宅（３階建て以下共同住宅等）,駐車（輪）場,10歳代,大学生,施錠せず
窃盗,自転車盗,西宮,上之町,282049,兵庫県,西宮市,門前町,2023[sanitize]10[sanitize]16,21,その他,駐車（輪）場,50歳代,その他,施錠した
窃盗,自転車盗,西宮,上之町,282049,兵庫県,西宮市,薬師町,2023[sanitize]03[sanitize]18,03,４階建て以上共同住宅,駐車（輪）場,20歳代,その他,施錠せず
窃盗,自転車盗,西宮,上之町,282049,兵庫県,西宮市,薬師町,2023[sanitize]03[sanitize]19,10,その他,駐車（輪）場,50歳代,その他,施錠せず
窃盗,自転車盗,西宮,上之町,282049,兵庫県,西宮市,薬師町,2023[sanitize]04[sanitize]12,12,４階建て以上共同住宅,駐車（輪）場,10歳代,小学生,施錠せず
窃盗,自転車盗,西宮,上之町,282049,兵庫県,西宮市,薬師町,2023[sanitize]07[sanitize]04,21,４階建て以上共同住宅,駐車（輪）場,10歳代,その他,施錠せず
窃盗,自転車盗,西宮,上之町,282049,兵庫県,西宮市,薬師町,2023[sanitize]07[sanitize]22,22,一戸建住宅,その他,40歳代,その他,施錠せず
窃盗,自転車盗,西宮,二見,282049,兵庫県,西宮市,大屋町,2022[sanitize]12[sanitize]30,12,その他,駐車（輪）場,10歳代,大学生,施錠した
窃盗,自転車盗,西宮,二見,282049,兵庫県,西宮市,大屋町,2023[sanitize]01[sanitize]13,11,その他の住宅（３階建て以下共同住宅等）,駐車（輪）場,20歳代,その他,施錠せず
窃盗,自転車盗,西宮,二見,282049,兵庫県,西宮市,大屋町,2023[sanitize]07[sanitize]10,19,その他の住宅（３階建て以下共同住宅等）,駐車（輪）場,30歳代,その他,施錠せず
窃盗,自転車盗,西宮,二見,282049,兵庫県,西宮市,瓦林町,2023[sanitize]01[sanitize]15,10,その他の住宅（３階建て以下共同住宅等）,駐車（輪）場,10歳代,高校生,施錠した
窃盗,自転車盗,西宮,二見,282049,兵庫県,西宮市,瓦林町,2023[sanitize]02[sanitize]03,15,４階建て以上共同住宅,駐車（輪）場,30歳代,その他,施錠せず
窃盗,自転車盗,西宮,二見,282049,兵庫県,西宮市,瓦林町,2023[sanitize]04[sanitize]20,18,一戸建住宅,その他,50歳代,その他,施錠した
窃盗,自転車盗,西宮,二見,282049,兵庫県,西宮市,瓦林町,2023[sanitize]05[sanitize]27,09,その他の住宅（３階建て以下共同住宅等）,駐車（輪）場,10歳代,小学生,施錠せず
窃盗,自転車盗,西宮,二見,282049,兵庫県,西宮市,瓦林町,2023[sanitize]11[sanitize]05,14,その他,駐車（輪）場,10歳代,高校生,施錠せず
窃盗,自転車盗,西宮,二見,282049,兵庫県,西宮市,熊野町,2023[sanitize]01[sanitize]13,21,駐車（輪）場,駐車（輪）場,10歳代,大学生,施錠せず
窃盗,自転車盗,西宮,二見,282049,兵庫県,西宮市,熊野町,2023[sanitize]08[sanitize]18,19,道路上,その他,50歳代,その他,施錠せず
窃盗,自転車盗,西宮,二見,282049,兵庫県,西宮市,熊野町,2023[sanitize]08[sanitize]20,12,４階建て以上共同住宅,駐車（輪）場,60[sanitize]64歳,その他,施錠した
窃盗,自転車盗,西宮,二見,282049,兵庫県,西宮市,熊野町,2023[sanitize]11[sanitize]08,11,その他,駐車（輪）場,30歳代,その他,施錠せず
窃盗,自転車盗,西宮,二見,282049,兵庫県,西宮市,甲子園口北町,2022[sanitize]12[sanitize]13,18,駐車（輪）場,駐車（輪）場,10歳代,大学生,施錠せず
窃盗,自転車盗,西宮,二見,282049,兵庫県,西宮市,甲子園口北町,2023[sanitize]01[sanitize]10,07,その他,駐車（輪）場,40歳代,その他,施錠した
窃盗,自転車盗,西宮,二見,282049,兵庫県,西宮市,甲子園口北町,2023[sanitize]01[sanitize]16,15,駐車（輪）場,駐車（輪）場,20歳代,その他,施錠した
窃盗,自転車盗,西宮,二見,282049,兵庫県,西宮市,甲子園口北町,2023[sanitize]03[sanitize]04,12,その他,駐車（輪）場,20歳代,その他,施錠せず
窃盗,自転車盗,西宮,二見,282049,兵庫県,西宮市,甲子園口北町,2023[sanitize]03[sanitize]28,08,駐車（輪）場,駐車（輪）場,20歳代,その他,施錠した
窃盗,自転車盗,西宮,二見,282049,兵庫県,西宮市,甲子園口北町,2023[sanitize]04[sanitize]09,11,駐車（輪）場,駐車（輪）場,30歳代,その他,施錠した
窃盗,自転車盗,西宮,二見,282049,兵庫県,西宮市,甲子園口北町,2023[sanitize]05[sanitize]11,10,駐車（輪）場,駐車（輪）場,30歳代,その他,施錠せず
窃盗,自転車盗,西宮,二見,282049,兵庫県,西宮市,甲子園口北町,2023[sanitize]06[sanitize]03,19,その他,駐車（輪）場,20歳代,大学生,施錠せず
窃盗,自転車盗,西宮,二見,282049,兵庫県,西宮市,甲子園口北町,2023[sanitize]07[sanitize]19,06,その他,駐車（輪）場,20歳代,その他,施錠した
窃盗,自転車盗,西宮,二見,282049,兵庫県,西宮市,甲子園口北町,2023[sanitize]08[sanitize]04,18,その他,駐車（輪）場,60[sanitize]64歳,その他,施錠した
窃盗,自転車盗,西宮,二見,282049,兵庫県,西宮市,甲子園口北町,2023[sanitize]08[sanitize]10,06,その他,駐車（輪）場,10歳代,高校生,施錠した
窃盗,自転車盗,西宮,二見,282049,兵庫県,西宮市,甲子園口北町,2023[sanitize]08[sanitize]10,10,その他,駐車（輪）場,20歳代,その他,施錠した
窃盗,自転車盗,西宮,二見,282049,兵庫県,西宮市,甲子園口北町,2023[sanitize]08[sanitize]10,18,その他,駐車（輪）場,10歳代,中学生,施錠せず
窃盗,自転車盗,西宮,二見,282049,兵庫県,西宮市,甲子園口北町,2023[sanitize]09[sanitize]30,08,４階建て以上共同住宅,駐車（輪）場,70歳以上,その他,施錠した
窃盗,自転車盗,西宮,二見,282049,兵庫県,西宮市,中島町,2023[sanitize]05[sanitize]26,21,その他の住宅（３階建て以下共同住宅等）,駐車（輪）場,10歳代,中学生,施錠せず
窃盗,自転車盗,西宮,二見,282049,兵庫県,西宮市,中島町,2023[sanitize]06[sanitize]21,23,その他の住宅（３階建て以下共同住宅等）,駐車（輪）場,20歳代,その他,施錠せず
窃盗,自転車盗,西宮,二見,282049,兵庫県,西宮市,中島町,2023[sanitize]08[sanitize]29,07,一戸建住宅,その他,10歳代,中学生,施錠せず
窃盗,自転車盗,西宮,二見,282049,兵庫県,西宮市,中島町,2023[sanitize]10[sanitize]09,15,その他,駐車（輪）場,20歳代,その他,施錠した
窃盗,自転車盗,西宮,二見,282049,兵庫県,西宮市,二見町,2023[sanitize]04[sanitize]21,00,道路上,その他,20歳代,その他,施錠せず
窃盗,自転車盗,西宮,二見,282049,兵庫県,西宮市,二見町,2023[sanitize]05[sanitize]27,18,その他の住宅（３階建て以下共同住宅等）,駐車（輪）場,30歳代,その他,施錠した
窃盗,自転車盗,西宮,二見,282049,兵庫県,西宮市,二見町,2023[sanitize]06[sanitize]16,08,その他,駐車（輪）場,20歳代,その他,施錠せず
窃盗,自転車盗,西宮,二見,282049,兵庫県,西宮市,二見町,2023[sanitize]07[sanitize]19,08,その他,駐車（輪）場,20歳代,その他,施錠した
窃盗,自転車盗,西宮,二見,282049,兵庫県,西宮市,二見町,2023[sanitize]07[sanitize]29,03,その他,駐車（輪）場,50歳代,その他,施錠せず
窃盗,自転車盗,西宮,二見,282049,兵庫県,西宮市,二見町,2023[sanitize]08[sanitize]26,21,その他,駐車（輪）場,40歳代,その他,施錠した
窃盗,自転車盗,西宮,二見,282049,兵庫県,西宮市,松並町,2023[sanitize]01[sanitize]13,05,駐車（輪）場,駐車（輪）場,20歳代,その他,施錠せず
窃盗,自転車盗,西宮,二見,282049,兵庫県,西宮市,松並町,2023[sanitize]07[sanitize]18,01,一戸建住宅,駐車（輪）場,10歳代,大学生,施錠した
窃盗,自転車盗,西宮,二見,282049,兵庫県,西宮市,松並町,2023[sanitize]10[sanitize]10,19,道路上,その他,20歳代,大学生,施錠せず
窃盗,自転車盗,西宮,二見,282049,兵庫県,西宮市,松並町,2023[sanitize]12[sanitize]17,21,４階建て以上共同住宅,駐車（輪）場,65[sanitize]69歳,その他,施錠せず
窃盗,自転車盗,西宮,二見,282049,兵庫県,西宮市,松並町,2023[sanitize]12[sanitize]26,13,その他,その他,10歳代,中学生,施錠せず
窃盗,自転車盗,西宮,二見,282049,兵庫県,西宮市,松山町,2023[sanitize]01[sanitize]08,17,４階建て以上共同住宅,駐車（輪）場,10歳代,その他,施錠せず
窃盗,自転車盗,西宮,二見,282049,兵庫県,西宮市,松山町,2023[sanitize]01[sanitize]27,20,４階建て以上共同住宅,その他,10歳代,中学生,施錠せず
窃盗,自転車盗,西宮,二見,282049,兵庫県,西宮市,松山町,2023[sanitize]03[sanitize]01,18,道路上,その他,10歳代,中学生,施錠せず
窃盗,自転車盗,西宮,二見,282049,兵庫県,西宮市,松山町,2023[sanitize]03[sanitize]30,11,その他,駐車（輪）場,10歳代,高校生,施錠せず
窃盗,自転車盗,西宮,二見,282049,兵庫県,西宮市,松山町,2023[sanitize]04[sanitize]03,17,その他,駐車（輪）場,10歳代,高校生,施錠せず
窃盗,自転車盗,西宮,二見,282049,兵庫県,西宮市,松山町,2023[sanitize]06[sanitize]28,10,道路上,その他,50歳代,その他,施錠せず
窃盗,自転車盗,西宮,二見,282049,兵庫県,西宮市,松山町,2023[sanitize]07[sanitize]23,18,４階建て以上共同住宅,駐車（輪）場,10歳代,その他,施錠せず
窃盗,自転車盗,西宮,二見,282049,兵庫県,西宮市,松山町,2023[sanitize]08[sanitize]09,17,一戸建住宅,駐車（輪）場,10歳代,高校生,施錠せず
窃盗,自転車盗,西宮,二見,282049,兵庫県,西宮市,松山町,2023[sanitize]08[sanitize]16,19,一戸建住宅,駐車（輪）場,50歳代,その他,施錠した
窃盗,自転車盗,西宮,今津駅前,282049,兵庫県,西宮市,今津曙町,2022[sanitize]09[sanitize]29,12,その他,駐車（輪）場,20歳代,その他,施錠した
窃盗,自転車盗,西宮,今津駅前,282049,兵庫県,西宮市,今津曙町,2023[sanitize]01[sanitize]28,21,その他,駐車（輪）場,20歳代,その他,施錠せず
窃盗,自転車盗,西宮,今津駅前,282049,兵庫県,西宮市,今津曙町,2023[sanitize]02[sanitize]04,08,４階建て以上共同住宅,その他,30歳代,その他,施錠した
窃盗,自転車盗,西宮,今津駅前,282049,兵庫県,西宮市,今津曙町,2023[sanitize]02[sanitize]04,11,その他,駐車（輪）場,70歳以上,その他,施錠した
窃盗,自転車盗,西宮,今津駅前,282049,兵庫県,西宮市,今津曙町,2023[sanitize]02[sanitize]26,00,道路上,その他,20歳代,その他,施錠せず
窃盗,自転車盗,西宮,今津駅前,282049,兵庫県,西宮市,今津曙町,2023[sanitize]06[sanitize]16,21,その他,駐車（輪）場,60[sanitize]64歳,その他,施錠せず
窃盗,自転車盗,西宮,今津駅前,282049,兵庫県,西宮市,今津曙町,2023[sanitize]08[sanitize]07,15,その他,駐車（輪）場,10歳代,高校生,施錠せず
窃盗,自転車盗,西宮,今津駅前,282049,兵庫県,西宮市,今津曙町,2023[sanitize]08[sanitize]18,09,その他,駐車（輪）場,20歳代,その他,施錠せず
窃盗,自転車盗,西宮,今津駅前,282049,兵庫県,西宮市,今津曙町,2023[sanitize]08[sanitize]24,09,その他,駐車（輪）場,10歳代,その他,施錠せず
窃盗,自転車盗,西宮,今津駅前,282049,兵庫県,西宮市,今津曙町,2023[sanitize]09[sanitize]08,08,その他,駐車（輪）場,20歳代,大学生,施錠せず
窃盗,自転車盗,西宮,今津駅前,282049,兵庫県,西宮市,今津曙町,2023[sanitize]09[sanitize]16,18,その他,駐車（輪）場,50歳代,その他,施錠せず
窃盗,自転車盗,西宮,今津駅前,282049,兵庫県,西宮市,今津曙町,2023[sanitize]10[sanitize]10,15,一戸建住宅,その他,40歳代,その他,施錠した
窃盗,自転車盗,西宮,今津駅前,282049,兵庫県,西宮市,今津曙町,2023[sanitize]10[sanitize]21,10,一戸建住宅,その他,20歳代,大学生,施錠せず
窃盗,自転車盗,西宮,今津駅前,282049,兵庫県,西宮市,今津曙町,2023[sanitize]11[sanitize]09,06,道路上,その他,10歳代,高校生,施錠せず
窃盗,自転車盗,西宮,今津駅前,282049,兵庫県,西宮市,今津水波町,2022[sanitize]12[sanitize]28,18,一戸建住宅,その他,20歳代,その他,施錠せず
窃盗,自転車盗,西宮,今津駅前,282049,兵庫県,西宮市,今津水波町,2023[sanitize]02[sanitize]08,17,その他,駐車（輪）場,20歳代,大学生,施錠せず
窃盗,自転車盗,西宮,今津駅前,282049,兵庫県,西宮市,今津水波町,2023[sanitize]04[sanitize]08,10,道路上,その他,20歳代,大学生,施錠せず
窃盗,自転車盗,西宮,今津駅前,282049,兵庫県,西宮市,今津水波町,2023[sanitize]07[sanitize]21,09,道路上,その他,20歳代,その他,施錠せず
窃盗,自転車盗,西宮,今津駅前,282049,兵庫県,西宮市,今津水波町,2023[sanitize]08[sanitize]28,18,その他,駐車（輪）場,20歳代,大学生,施錠した
窃盗,自転車盗,西宮,今津駅前,282049,兵庫県,西宮市,今津水波町,2023[sanitize]09[sanitize]06,21,４階建て以上共同住宅,駐車（輪）場,10歳代,その他,施錠した
窃盗,自転車盗,西宮,今津駅前,282049,兵庫県,西宮市,今津水波町,2023[sanitize]10[sanitize]22,08,道路上,その他,20歳代,その他,施錠した
窃盗,自転車盗,西宮,今津駅前,282049,兵庫県,西宮市,今津水波町,2023[sanitize]12[sanitize]03,17,その他,駐車（輪）場,40歳代,その他,施錠せず
窃盗,自転車盗,西宮,今津駅前,282049,兵庫県,西宮市,今津山中町,2023[sanitize]05[sanitize]05,17,４階建て以上共同住宅,駐車（輪）場,10歳代,中学生,施錠せず
窃盗,自転車盗,西宮,今津駅前,282049,兵庫県,西宮市,今津山中町,2023[sanitize]06[sanitize]28,21,一戸建住宅,その他,30歳代,その他,施錠せず
窃盗,自転車盗,西宮,今津駅前,282049,兵庫県,西宮市,今津山中町,2023[sanitize]08[sanitize]04,18,道路上,その他,10歳代,小学生,施錠せず
窃盗,自転車盗,西宮,今津駅前,282049,兵庫県,西宮市,津門綾羽町,2023[sanitize]03[sanitize]10,07,その他,駐車（輪）場,65[sanitize]69歳,その他,施錠した
窃盗,自転車盗,西宮,今津駅前,282049,兵庫県,西宮市,津門川町,2023[sanitize]01[sanitize]23,07,駐車（輪）場,駐車（輪）場,50歳代,その他,施錠せず
窃盗,自転車盗,西宮,今津駅前,282049,兵庫県,西宮市,津門川町,2023[sanitize]03[sanitize]26,06,その他,駐車（輪）場,30歳代,その他,施錠した
窃盗,自転車盗,西宮,今津駅前,282049,兵庫県,西宮市,津門呉羽町,2023[sanitize]01[sanitize]01,17,４階建て以上共同住宅,駐車（輪）場,20歳代,その他,施錠した
窃盗,自転車盗,西宮,今津駅前,282049,兵庫県,西宮市,津門呉羽町,2023[sanitize]01[sanitize]12,12,道路上,その他,20歳代,大学生,施錠した
窃盗,自転車盗,西宮,今津駅前,282049,兵庫県,西宮市,津門呉羽町,2023[sanitize]07[sanitize]11,09,その他の住宅（３階建て以下共同住宅等）,駐車（輪）場,40歳代,その他,施錠した
窃盗,自転車盗,西宮,今津駅前,282049,兵庫県,西宮市,津門呉羽町,2023[sanitize]09[sanitize]05,15,その他,駐車（輪）場,70歳以上,その他,施錠した
窃盗,自転車盗,西宮,今津駅前,282049,兵庫県,西宮市,津門呉羽町,2023[sanitize]09[sanitize]23,20,その他,駐車（輪）場,20歳代,その他,施錠せず
窃盗,自転車盗,西宮,今津駅前,282049,兵庫県,西宮市,津門呉羽町,2023[sanitize]11[sanitize]01,19,道路上,その他,50歳代,その他,施錠した
窃盗,自転車盗,西宮,今津駅前,282049,兵庫県,西宮市,津門宝津町,2023[sanitize]10[sanitize]14,11,４階建て以上共同住宅,その他,70歳以上,その他,施錠せず
窃盗,自転車盗,西宮,北口西,282049,兵庫県,西宮市,大畑町,2023[sanitize]01[sanitize]24,18,その他,その他,30歳代,その他,施錠せず
窃盗,自転車盗,西宮,北口西,282049,兵庫県,西宮市,大畑町,2023[sanitize]04[sanitize]23,12,その他の住宅（３階建て以下共同住宅等）,駐車（輪）場,20歳代,その他,施錠せず
窃盗,自転車盗,西宮,北口西,282049,兵庫県,西宮市,大畑町,2023[sanitize]06[sanitize]03,23,その他の住宅（３階建て以下共同住宅等）,駐車（輪）場,30歳代,その他,施錠した
窃盗,自転車盗,西宮,北口西,282049,兵庫県,西宮市,北昭和町,2023[sanitize]04[sanitize]18,21,４階建て以上共同住宅,駐車（輪）場,10歳代,大学生,施錠せず
窃盗,自転車盗,西宮,北口西,282049,兵庫県,西宮市,甲風園１丁目,2023[sanitize]02[sanitize]01,08,駐車（輪）場,駐車（輪）場,20歳代,その他,施錠せず
窃盗,自転車盗,西宮,北口西,282049,兵庫県,西宮市,甲風園１丁目,2023[sanitize]02[sanitize]02,16,４階建て以上共同住宅,駐車（輪）場,20歳代,大学生,施錠した
窃盗,自転車盗,西宮,北口西,282049,兵庫県,西宮市,甲風園１丁目,2023[sanitize]02[sanitize]03,10,駐車（輪）場,駐車（輪）場,10歳代,高校生,施錠した
窃盗,自転車盗,西宮,北口西,282049,兵庫県,西宮市,甲風園１丁目,2023[sanitize]02[sanitize]04,10,その他,駐車（輪）場,70歳以上,その他,施錠した
窃盗,自転車盗,西宮,北口西,282049,兵庫県,西宮市,甲風園１丁目,2023[sanitize]02[sanitize]14,21,その他,その他,30歳代,その他,施錠せず
窃盗,自転車盗,西宮,北口西,282049,兵庫県,西宮市,甲風園１丁目,2023[sanitize]02[sanitize]23,00,その他,駐車（輪）場,50歳代,その他,施錠した
窃盗,自転車盗,西宮,北口西,282049,兵庫県,西宮市,甲風園１丁目,2023[sanitize]03[sanitize]12,22,道路上,その他,40歳代,その他,施錠せず
窃盗,自転車盗,西宮,北口西,282049,兵庫県,西宮市,甲風園１丁目,2023[sanitize]03[sanitize]18,04,その他,駐車（輪）場,10歳代,高校生,施錠せず
窃盗,自転車盗,西宮,北口西,282049,兵庫県,西宮市,甲風園１丁目,2023[sanitize]03[sanitize]23,21,道路上,その他,20歳代,その他,施錠せず
窃盗,自転車盗,西宮,北口西,282049,兵庫県,西宮市,甲風園１丁目,2023[sanitize]04[sanitize]01,20,道路上,その他,20歳代,その他,施錠せず
窃盗,自転車盗,西宮,北口西,282049,兵庫県,西宮市,甲風園１丁目,2023[sanitize]04[sanitize]04,12,道路上,その他,20歳代,その他,施錠せず
窃盗,自転車盗,西宮,北口西,282049,兵庫県,西宮市,甲風園１丁目,2023[sanitize]05[sanitize]04,00,道路上,その他,10歳代,大学生,施錠せず
窃盗,自転車盗,西宮,北口西,282049,兵庫県,西宮市,甲風園１丁目,2023[sanitize]06[sanitize]03,05,その他,駐車（輪）場,10歳代,高校生,施錠せず
窃盗,自転車盗,西宮,北口西,282049,兵庫県,西宮市,甲風園１丁目,2023[sanitize]06[sanitize]07,17,道路上,その他,20歳代,大学生,施錠した
窃盗,自転車盗,西宮,北口西,282049,兵庫県,西宮市,甲風園１丁目,2023[sanitize]06[sanitize]10,10,その他,駐車（輪）場,20歳代,その他,施錠せず
窃盗,自転車盗,西宮,北口西,282049,兵庫県,西宮市,甲風園１丁目,2023[sanitize]06[sanitize]11,18,駐車（輪）場,駐車（輪）場,20歳代,大学生,施錠せず
窃盗,自転車盗,西宮,北口西,282049,兵庫県,西宮市,甲風園１丁目,2023[sanitize]06[sanitize]12,11,その他,駐車（輪）場,20歳代,大学生,施錠した
窃盗,自転車盗,西宮,北口西,282049,兵庫県,西宮市,甲風園１丁目,2023[sanitize]06[sanitize]16,17,道路上,その他,20歳代,大学生,施錠せず
窃盗,自転車盗,西宮,北口西,282049,兵庫県,西宮市,甲風園１丁目,2023[sanitize]07[sanitize]03,10,道路上,その他,10歳代,大学生,施錠した
窃盗,自転車盗,西宮,北口西,282049,兵庫県,西宮市,甲風園１丁目,2023[sanitize]07[sanitize]14,12,その他,駐車（輪）場,20歳代,その他,施錠せず
窃盗,自転車盗,西宮,北口西,282049,兵庫県,西宮市,甲風園１丁目,2023[sanitize]07[sanitize]15,17,その他,その他,10歳代,高校生,施錠した
窃盗,自転車盗,西宮,北口西,282049,兵庫県,西宮市,甲風園１丁目,2023[sanitize]08[sanitize]03,21,道路上,その他,70歳以上,その他,施錠せず
窃盗,自転車盗,西宮,北口西,282049,兵庫県,西宮市,甲風園１丁目,2023[sanitize]08[sanitize]04,20,道路上,その他,20歳代,大学生,施錠せず
窃盗,自転車盗,西宮,北口西,282049,兵庫県,西宮市,甲風園１丁目,2023[sanitize]08[sanitize]06,23,道路上,その他,20歳代,大学生,施錠した
窃盗,自転車盗,西宮,北口西,282049,兵庫県,西宮市,甲風園１丁目,2023[sanitize]08[sanitize]17,09,その他,駐車（輪）場,10歳代,高校生,施錠せず
窃盗,自転車盗,西宮,北口西,282049,兵庫県,西宮市,甲風園１丁目,2023[sanitize]08[sanitize]24,18,その他,駐車（輪）場,10歳代,大学生,施錠せず
窃盗,自転車盗,西宮,北口西,282049,兵庫県,西宮市,甲風園１丁目,2023[sanitize]09[sanitize]06,18,道路上,その他,20歳代,大学生,施錠せず
窃盗,自転車盗,西宮,北口西,282049,兵庫県,西宮市,甲風園１丁目,2023[sanitize]09[sanitize]15,05,道路上,その他,10歳代,高校生,施錠した
窃盗,自転車盗,西宮,北口西,282049,兵庫県,西宮市,甲風園１丁目,2023[sanitize]09[sanitize]22,21,道路上,その他,10歳代,大学生,施錠せず
窃盗,自転車盗,西宮,北口西,282049,兵庫県,西宮市,甲風園１丁目,2023[sanitize]10[sanitize]01,22,道路上,その他,20歳代,大学生,施錠せず
窃盗,自転車盗,西宮,北口西,282049,兵庫県,西宮市,甲風園１丁目,2023[sanitize]10[sanitize]02,08,その他,駐車（輪）場,20歳代,その他,施錠した
窃盗,自転車盗,西宮,北口西,282049,兵庫県,西宮市,甲風園１丁目,2023[sanitize]10[sanitize]10,17,道路上,その他,10歳代,高校生,施錠せず
窃盗,自転車盗,西宮,北口西,282049,兵庫県,西宮市,甲風園１丁目,2023[sanitize]10[sanitize]13,10,その他,その他,40歳代,その他,施錠した
窃盗,自転車盗,西宮,北口西,282049,兵庫県,西宮市,甲風園１丁目,2023[sanitize]10[sanitize]18,14,４階建て以上共同住宅,駐車（輪）場,50歳代,その他,施錠せず
窃盗,自転車盗,西宮,北口西,282049,兵庫県,西宮市,甲風園１丁目,2023[sanitize]10[sanitize]19,11,その他,駐車（輪）場,30歳代,その他,施錠した
窃盗,自転車盗,西宮,北口西,282049,兵庫県,西宮市,甲風園１丁目,2023[sanitize]10[sanitize]27,11,その他,駐車（輪）場,10歳代,その他,施錠せず
窃盗,自転車盗,西宮,北口西,282049,兵庫県,西宮市,甲風園１丁目,2023[sanitize]12[sanitize]02,11,その他,駐車（輪）場,10歳代,大学生,施錠せず
窃盗,自転車盗,西宮,北口西,282049,兵庫県,西宮市,甲風園１丁目,2023[sanitize]12[sanitize]18,22,道路上,その他,10歳代,大学生,施錠せず
窃盗,自転車盗,西宮,北口西,282049,兵庫県,西宮市,甲風園１丁目,2023[sanitize]12[sanitize]25,23,道路上,その他,40歳代,その他,施錠した
窃盗,自転車盗,西宮,北口西,282049,兵庫県,西宮市,甲風園２丁目,2023[sanitize]06[sanitize]24,20,一戸建住宅,駐車（輪）場,70歳以上,その他,施錠せず
窃盗,自転車盗,西宮,北口西,282049,兵庫県,西宮市,甲風園３丁目,2023[sanitize]10[sanitize]30,08,一戸建住宅,駐車（輪）場,10歳未満,小学生,施錠した
窃盗,自転車盗,西宮,北口西,282049,兵庫県,西宮市,能登町,2023[sanitize]02[sanitize]26,01,その他,その他,10歳代,大学生,施錠せず
窃盗,自転車盗,西宮,北口西,282049,兵庫県,西宮市,能登町,2023[sanitize]07[sanitize]22,22,その他の住宅（３階建て以下共同住宅等）,その他,20歳代,その他,施錠せず
窃盗,自転車盗,西宮,北口西,282049,兵庫県,西宮市,能登町,2023[sanitize]08[sanitize]10,00,一戸建住宅,その他,10歳代,小学生,施錠した
窃盗,自転車盗,西宮,北口西,282049,兵庫県,西宮市,能登町,2023[sanitize]09[sanitize]21,20,４階建て以上共同住宅,駐車（輪）場,10歳代,大学生,施錠せず
窃盗,自転車盗,西宮,北口西,282049,兵庫県,西宮市,平木町,2023[sanitize]06[sanitize]01,10,その他の住宅（３階建て以下共同住宅等）,駐車（輪）場,20歳代,大学生,施錠した
窃盗,自転車盗,西宮,北口西,282049,兵庫県,西宮市,丸橋町,2023[sanitize]06[sanitize]05,09,その他,駐車（輪）場,20歳代,大学生,施錠せず
窃盗,自転車盗,西宮,北口西,282049,兵庫県,西宮市,丸橋町,2023[sanitize]06[sanitize]18,21,その他の住宅（３階建て以下共同住宅等）,駐車（輪）場,20歳代,その他,施錠せず
窃盗,自転車盗,西宮,北口西,282049,兵庫県,西宮市,丸橋町,2023[sanitize]06[sanitize]21,21,４階建て以上共同住宅,駐車（輪）場,30歳代,その他,施錠せず
窃盗,自転車盗,西宮,北口西,282049,兵庫県,西宮市,丸橋町,2023[sanitize]07[sanitize]13,14,４階建て以上共同住宅,駐車（輪）場,65[sanitize]69歳,その他,施錠せず
窃盗,自転車盗,西宮,北口西,282049,兵庫県,西宮市,丸橋町,2023[sanitize]07[sanitize]16,13,４階建て以上共同住宅,駐車（輪）場,40歳代,その他,施錠した
窃盗,自転車盗,西宮,北口西,282049,兵庫県,西宮市,南昭和町,2023[sanitize]07[sanitize]14,12,その他の住宅（３階建て以下共同住宅等）,駐車（輪）場,20歳代,大学生,施錠せず
窃盗,自転車盗,西宮,北口西,282049,兵庫県,西宮市,南昭和町,2023[sanitize]08[sanitize]14,12,その他の住宅（３階建て以下共同住宅等）,駐車（輪）場,20歳代,大学生,施錠した
窃盗,自転車盗,西宮,北口西,282049,兵庫県,西宮市,南昭和町,2023[sanitize]10[sanitize]29,19,道路上,その他,65[sanitize]69歳,その他,施錠せず
窃盗,自転車盗,西宮,北口西,282049,兵庫県,西宮市,南昭和町,2023[sanitize]11[sanitize]25,00,道路上,その他,10歳代,大学生,施錠せず
窃盗,自転車盗,西宮,名塩,282049,兵庫県,西宮市,名塩さくら台４丁目,2023[sanitize]02[sanitize]03,08,一戸建住宅,その他,10歳代,中学生,施錠した
窃盗,自転車盗,西宮,名塩,282049,兵庫県,西宮市,名塩さくら台４丁目,2023[sanitize]02[sanitize]03,08,一戸建住宅,その他,10歳代,中学生,施錠した
窃盗,自転車盗,西宮,夙川駅前,282049,兵庫県,西宮市,相生町,2023[sanitize]10[sanitize]21,17,道路上,その他,30歳代,その他,施錠した
窃盗,自転車盗,西宮,夙川駅前,282049,兵庫県,西宮市,大谷町,2023[sanitize]01[sanitize]28,23,その他の住宅（３階建て以下共同住宅等）,その他,10歳代,高校生,施錠せず
窃盗,自転車盗,西宮,夙川駅前,282049,兵庫県,西宮市,大谷町,2023[sanitize]02[sanitize]09,22,４階建て以上共同住宅,その他,30歳代,その他,施錠せず
窃盗,自転車盗,西宮,夙川駅前,282049,兵庫県,西宮市,大谷町,2023[sanitize]11[sanitize]16,11,その他,駐車（輪）場,40歳代,その他,施錠した
窃盗,自転車盗,西宮,夙川駅前,282049,兵庫県,西宮市,御茶家所町,2023[sanitize]06[sanitize]16,01,その他,駐車（輪）場,40歳代,その他,施錠せず
窃盗,自転車盗,西宮,夙川駅前,282049,兵庫県,西宮市,神楽町,2023[sanitize]10[sanitize]06,19,道路上,その他,10歳代,中学生,施錠せず
窃盗,自転車盗,西宮,夙川駅前,282049,兵庫県,西宮市,寿町,2023[sanitize]09[sanitize]23,19,その他,駐車（輪）場,10歳代,大学生,施錠せず
窃盗,自転車盗,西宮,夙川駅前,282049,兵庫県,西宮市,千歳町,2023[sanitize]01[sanitize]13,16,駐車（輪）場,駐車（輪）場,10歳代,大学生,施錠せず
窃盗,自転車盗,西宮,夙川駅前,282049,兵庫県,西宮市,千歳町,2023[sanitize]03[sanitize]08,07,駐車（輪）場,駐車（輪）場,10歳代,高校生,施錠せず
窃盗,自転車盗,西宮,夙川駅前,282049,兵庫県,西宮市,羽衣町,2023[sanitize]01[sanitize]05,15,道路上,その他,10歳代,中学生,施錠した
窃盗,自転車盗,西宮,夙川駅前,282049,兵庫県,西宮市,羽衣町,2023[sanitize]03[sanitize]08,17,道路上,その他,10歳代,大学生,施錠せず
窃盗,自転車盗,西宮,夙川駅前,282049,兵庫県,西宮市,羽衣町,2023[sanitize]05[sanitize]01,21,その他の住宅（３階建て以下共同住宅等）,駐車（輪）場,20歳代,その他,施錠した
窃盗,自転車盗,西宮,夙川駅前,282049,兵庫県,西宮市,羽衣町,2023[sanitize]05[sanitize]20,12,その他,その他,70歳以上,その他,施錠した
窃盗,自転車盗,西宮,夙川駅前,282049,兵庫県,西宮市,羽衣町,2023[sanitize]07[sanitize]15,14,その他,駐車（輪）場,10歳代,高校生,施錠せず
窃盗,自転車盗,西宮,夙川駅前,282049,兵庫県,西宮市,羽衣町,2023[sanitize]10[sanitize]31,20,道路上,その他,10歳代,中学生,施錠せず
窃盗,自転車盗,西宮,夙川駅前,282049,兵庫県,西宮市,羽衣町,2023[sanitize]11[sanitize]05,19,道路上,その他,10歳代,高校生,施錠せず
窃盗,自転車盗,西宮,夙川駅前,282049,兵庫県,西宮市,羽衣町,2023[sanitize]12[sanitize]05,08,その他,駐車（輪）場,30歳代,その他,施錠せず
窃盗,自転車盗,西宮,夙川駅前,282049,兵庫県,西宮市,羽衣町,2023[sanitize]12[sanitize]11,08,道路上,その他,10歳代,その他,施錠した
窃盗,自転車盗,西宮,寿,282049,兵庫県,西宮市,江上町,2023[sanitize]05[sanitize]12,17,４階建て以上共同住宅,駐車（輪）場,40歳代,その他,施錠した
窃盗,自転車盗,西宮,寿,282049,兵庫県,西宮市,大井手町,2023[sanitize]12[sanitize]01,10,その他の住宅（３階建て以下共同住宅等）,駐車（輪）場,30歳代,その他,施錠した
窃盗,自転車盗,西宮,寿,282049,兵庫県,西宮市,神原,2023[sanitize]01[sanitize]11,02,４階建て以上共同住宅,駐車（輪）場,40歳代,その他,施錠せず
窃盗,自転車盗,西宮,寿,282049,兵庫県,西宮市,神原,2023[sanitize]04[sanitize]04,18,４階建て以上共同住宅,駐車（輪）場,70歳以上,その他,施錠した
窃盗,自転車盗,西宮,寿,282049,兵庫県,西宮市,神原,2023[sanitize]10[sanitize]13,19,４階建て以上共同住宅,駐車（輪）場,70歳以上,その他,施錠した
窃盗,自転車盗,西宮,寿,282049,兵庫県,西宮市,北名次町,2023[sanitize]09[sanitize]17,13,その他,その他,10歳代,高校生,施錠せず
窃盗,自転車盗,西宮,寿,282049,兵庫県,西宮市,桜谷町,2023[sanitize]12[sanitize]07,12,その他の住宅（３階建て以下共同住宅等）,駐車（輪）場,70歳以上,その他,施錠せず
窃盗,自転車盗,西宮,寿,282049,兵庫県,西宮市,城ケ堀町,2023[sanitize]02[sanitize]01,21,道路上,その他,20歳代,その他,施錠せず
窃盗,自転車盗,西宮,寿,282049,兵庫県,西宮市,城ケ堀町,2023[sanitize]03[sanitize]20,16,駐車（輪）場,駐車（輪）場,70歳以上,その他,施錠せず
窃盗,自転車盗,西宮,寿,282049,兵庫県,西宮市,城ケ堀町,2023[sanitize]05[sanitize]22,18,４階建て以上共同住宅,駐車（輪）場,50歳代,その他,施錠した
窃盗,自転車盗,西宮,寿,282049,兵庫県,西宮市,城ケ堀町,2023[sanitize]11[sanitize]04,21,４階建て以上共同住宅,駐車（輪）場,50歳代,その他,施錠した
窃盗,自転車盗,西宮,寿,282049,兵庫県,西宮市,末広町,2023[sanitize]11[sanitize]09,16,その他の住宅（３階建て以下共同住宅等）,駐車（輪）場,10歳代,大学生,施錠せず
窃盗,自転車盗,西宮,寿,282049,兵庫県,西宮市,千歳町,2023[sanitize]01[sanitize]06,10,駐車（輪）場,駐車（輪）場,20歳代,大学生,施錠した
窃盗,自転車盗,西宮,寿,282049,兵庫県,西宮市,千歳町,2023[sanitize]07[sanitize]08,22,駐車（輪）場,駐車（輪）場,20歳代,大学生,施錠した
窃盗,自転車盗,西宮,寿,282049,兵庫県,西宮市,千歳町,2023[sanitize]08[sanitize]20,16,駐車（輪）場,駐車（輪）場,10歳代,高校生,施錠せず
窃盗,自転車盗,西宮,寿,282049,兵庫県,西宮市,千歳町,2023[sanitize]08[sanitize]28,07,駐車（輪）場,駐車（輪）場,20歳代,大学生,施錠せず
窃盗,自転車盗,西宮,寿,282049,兵庫県,西宮市,千歳町,2023[sanitize]10[sanitize]16,18,駐車（輪）場,駐車（輪）場,10歳代,中学生,施錠した
窃盗,自転車盗,西宮,寿,282049,兵庫県,西宮市,千歳町,2023[sanitize]11[sanitize]22,15,駐車（輪）場,駐車（輪）場,20歳代,大学生,施錠せず
窃盗,自転車盗,西宮,寿,282049,兵庫県,西宮市,千歳町,2023[sanitize]12[sanitize]26,07,駐車（輪）場,駐車（輪）場,10歳代,高校生,施錠せず
窃盗,自転車盗,西宮,寿,282049,兵庫県,西宮市,常磐町,2023[sanitize]09[sanitize]08,21,その他の住宅（３階建て以下共同住宅等）,駐車（輪）場,20歳代,大学生,施錠せず
窃盗,自転車盗,西宮,寿,282049,兵庫県,西宮市,常磐町,2023[sanitize]10[sanitize]17,12,４階建て以上共同住宅,駐車（輪）場,30歳代,その他,施錠せず
窃盗,自転車盗,西宮,寿,282049,兵庫県,西宮市,西田町,2023[sanitize]06[sanitize]15,23,道路上,その他,50歳代,その他,施錠せず
窃盗,自転車盗,西宮,寿,282049,兵庫県,西宮市,櫨塚町,2023[sanitize]06[sanitize]18,10,４階建て以上共同住宅,その他,40歳代,その他,施錠した
窃盗,自転車盗,西宮,寿,282049,兵庫県,西宮市,櫨塚町,2023[sanitize]07[sanitize]04,17,その他,駐車（輪）場,30歳代,その他,施錠せず
窃盗,自転車盗,西宮,寿,282049,兵庫県,西宮市,櫨塚町,2023[sanitize]07[sanitize]20,21,道路上,その他,20歳代,その他,施錠した
窃盗,自転車盗,西宮,寿,282049,兵庫県,西宮市,櫨塚町,2023[sanitize]07[sanitize]21,17,その他,駐車（輪）場,50歳代,その他,施錠した
窃盗,自転車盗,西宮,寿,282049,兵庫県,西宮市,平松町,2023[sanitize]06[sanitize]09,18,道路上,その他,10歳代,中学生,施錠せず
窃盗,自転車盗,西宮,寿,282049,兵庫県,西宮市,平松町,2023[sanitize]07[sanitize]02,19,４階建て以上共同住宅,駐車（輪）場,50歳代,その他,施錠せず
窃盗,自転車盗,西宮,寿,282049,兵庫県,西宮市,平松町,2023[sanitize]07[sanitize]08,17,その他の住宅（３階建て以下共同住宅等）,駐車（輪）場,20歳代,その他,施錠せず
窃盗,自転車盗,西宮,寿,282049,兵庫県,西宮市,安井町,2023[sanitize]10[sanitize]21,22,一戸建住宅,その他,40歳代,その他,施錠した
窃盗,自転車盗,西宮,山口,282049,兵庫県,西宮市,山口町名来２丁目,2023[sanitize]03[sanitize]08,08,一戸建住宅,その他,10歳代,中学生,施錠せず
窃盗,自転車盗,西宮,川添,282049,兵庫県,西宮市,泉町,2023[sanitize]01[sanitize]15,22,駐車（輪）場,駐車（輪）場,50歳代,その他,施錠せず
窃盗,自転車盗,西宮,川添,282049,兵庫県,西宮市,泉町,2023[sanitize]07[sanitize]25,18,４階建て以上共同住宅,駐車（輪）場,10歳代,中学生,施錠せず
窃盗,自転車盗,西宮,川添,282049,兵庫県,西宮市,泉町,2023[sanitize]09[sanitize]23,08,一戸建住宅,駐車（輪）場,10歳代,高校生,施錠せず
窃盗,自転車盗,西宮,川添,282049,兵庫県,西宮市,泉町,2023[sanitize]11[sanitize]12,11,４階建て以上共同住宅,駐車（輪）場,20歳代,その他,施錠した
窃盗,自転車盗,西宮,川添,282049,兵庫県,西宮市,大浜町,2023[sanitize]01[sanitize]31,07,４階建て以上共同住宅,駐車（輪）場,70歳以上,その他,施錠した
窃盗,自転車盗,西宮,川添,282049,兵庫県,西宮市,大浜町,2023[sanitize]06[sanitize]16,18,その他,その他,10歳代,中学生,施錠せず
窃盗,自転車盗,西宮,川添,282049,兵庫県,西宮市,大浜町,2023[sanitize]09[sanitize]09,01,道路上,その他,10歳代,その他,施錠せず
窃盗,自転車盗,西宮,川添,282049,兵庫県,西宮市,上葭原町,2023[sanitize]05[sanitize]05,17,４階建て以上共同住宅,駐車（輪）場,20歳代,その他,施錠せず
窃盗,自転車盗,西宮,川添,282049,兵庫県,西宮市,上葭原町,2023[sanitize]06[sanitize]06,16,４階建て以上共同住宅,駐車（輪）場,70歳以上,その他,施錠せず
窃盗,自転車盗,西宮,川添,282049,兵庫県,西宮市,川添町,2023[sanitize]12[sanitize]14,16,その他,駐車（輪）場,10歳代,中学生,施錠せず
窃盗,自転車盗,西宮,川添,282049,兵庫県,西宮市,浜町,2023[sanitize]02[sanitize]11,19,その他,駐車（輪）場,10歳代,中学生,施錠せず
窃盗,自転車盗,西宮,川添,282049,兵庫県,西宮市,堀切町,2023[sanitize]02[sanitize]28,07,４階建て以上共同住宅,その他,20歳代,大学生,施錠せず
窃盗,自転車盗,西宮,川添,282049,兵庫県,西宮市,前浜町,2023[sanitize]02[sanitize]05,18,４階建て以上共同住宅,駐車（輪）場,10歳代,小学生,施錠せず
窃盗,自転車盗,西宮,川添,282049,兵庫県,西宮市,前浜町,2023[sanitize]03[sanitize]24,21,その他の住宅（３階建て以下共同住宅等）,駐車（輪）場,10歳代,中学生,施錠せず
窃盗,自転車盗,西宮,川添,282049,兵庫県,西宮市,前浜町,2023[sanitize]07[sanitize]07,07,４階建て以上共同住宅,その他,10歳代,小学生,施錠せず
窃盗,自転車盗,西宮,川添,282049,兵庫県,西宮市,前浜町,2023[sanitize]07[sanitize]22,20,その他,駐車（輪）場,10歳代,高校生,施錠せず
窃盗,自転車盗,西宮,川添,282049,兵庫県,西宮市,前浜町,2023[sanitize]11[sanitize]15,22,その他,駐車（輪）場,40歳代,その他,施錠せず
窃盗,自転車盗,西宮,市庭,282049,兵庫県,西宮市,市庭町,2023[sanitize]04[sanitize]25,08,４階建て以上共同住宅,駐車（輪）場,10歳代,中学生,施錠せず
窃盗,自転車盗,西宮,市庭,282049,兵庫県,西宮市,神楽町,2022[sanitize]12[sanitize]31,18,４階建て以上共同住宅,駐車（輪）場,30歳代,その他,施錠した
窃盗,自転車盗,西宮,市庭,282049,兵庫県,西宮市,神楽町,2023[sanitize]03[sanitize]08,19,その他,駐車（輪）場,10歳代,高校生,施錠せず
窃盗,自転車盗,西宮,市庭,282049,兵庫県,西宮市,神楽町,2023[sanitize]07[sanitize]12,08,その他,その他,40歳代,その他,施錠せず
窃盗,自転車盗,西宮,市庭,282049,兵庫県,西宮市,神楽町,2023[sanitize]08[sanitize]15,10,その他,その他,40歳代,その他,施錠せず
窃盗,自転車盗,西宮,市庭,282049,兵庫県,西宮市,神楽町,2023[sanitize]09[sanitize]21,14,４階建て以上共同住宅,駐車（輪）場,50歳代,その他,施錠せず
窃盗,自転車盗,西宮,市庭,282049,兵庫県,西宮市,神楽町,2023[sanitize]12[sanitize]02,18,道路上,その他,10歳代,大学生,施錠せず
窃盗,自転車盗,西宮,市庭,282049,兵庫県,西宮市,川西町,2023[sanitize]02[sanitize]25,18,道路上,その他,30歳代,その他,施錠した
窃盗,自転車盗,西宮,市庭,282049,兵庫県,西宮市,川西町,2023[sanitize]03[sanitize]20,13,４階建て以上共同住宅,駐車（輪）場,65[sanitize]69歳,その他,施錠した
窃盗,自転車盗,西宮,市庭,282049,兵庫県,西宮市,川西町,2023[sanitize]05[sanitize]06,17,その他の住宅（３階建て以下共同住宅等）,駐車（輪）場,30歳代,その他,施錠した
窃盗,自転車盗,西宮,市庭,282049,兵庫県,西宮市,川西町,2023[sanitize]05[sanitize]28,19,道路上,その他,10歳代,大学生,施錠せず
窃盗,自転車盗,西宮,市庭,282049,兵庫県,西宮市,川西町,2023[sanitize]11[sanitize]11,10,駐車（輪）場,駐車（輪）場,10歳代,その他,施錠せず
窃盗,自転車盗,西宮,市庭,282049,兵庫県,西宮市,中浜町,2022[sanitize]12[sanitize]18,21,４階建て以上共同住宅,駐車（輪）場,10歳代,その他,施錠せず
窃盗,自転車盗,西宮,市庭,282049,兵庫県,西宮市,松下町,2023[sanitize]04[sanitize]19,16,道路上,その他,10歳代,高校生,施錠した
窃盗,自転車盗,西宮,市庭,282049,兵庫県,西宮市,松下町,2023[sanitize]04[sanitize]22,06,道路上,その他,10歳代,大学生,施錠した
窃盗,自転車盗,西宮,市庭,282049,兵庫県,西宮市,屋敷町,2023[sanitize]10[sanitize]19,17,一戸建住宅,その他,10歳代,高校生,施錠せず
窃盗,自転車盗,西宮,市庭,282049,兵庫県,西宮市,弓場町,2023[sanitize]02[sanitize]01,12,その他の住宅（３階建て以下共同住宅等）,その他,20歳代,その他,施錠した
窃盗,自転車盗,西宮,市庭,282049,兵庫県,西宮市,弓場町,2023[sanitize]12[sanitize]29,16,道路上,その他,20歳代,大学生,施錠せず
窃盗,自転車盗,西宮,札場筋,282049,兵庫県,西宮市,今在家町,2023[sanitize]02[sanitize]27,10,その他,駐車（輪）場,50歳代,その他,施錠した
窃盗,自転車盗,西宮,札場筋,282049,兵庫県,西宮市,今在家町,2023[sanitize]06[sanitize]29,06,道路上,その他,20歳代,その他,施錠した
窃盗,自転車盗,西宮,札場筋,282049,兵庫県,西宮市,今在家町,2023[sanitize]08[sanitize]03,20,道路上,その他,20歳代,その他,施錠した
窃盗,自転車盗,西宮,札場筋,282049,兵庫県,西宮市,今在家町,2023[sanitize]08[sanitize]17,18,その他,駐車（輪）場,10歳代,大学生,施錠せず
窃盗,自転車盗,西宮,札場筋,282049,兵庫県,西宮市,今在家町,2023[sanitize]08[sanitize]21,22,４階建て以上共同住宅,駐車（輪）場,20歳代,その他,施錠せず
窃盗,自転車盗,西宮,札場筋,282049,兵庫県,西宮市,久保町,2023[sanitize]03[sanitize]08,02,４階建て以上共同住宅,駐車（輪）場,20歳代,その他,施錠せず
窃盗,自転車盗,西宮,札場筋,282049,兵庫県,西宮市,産所町,2023[sanitize]02[sanitize]12,08,道路上,その他,40歳代,その他,施錠した
窃盗,自転車盗,西宮,札場筋,282049,兵庫県,西宮市,産所町,2023[sanitize]03[sanitize]24,17,その他,駐車（輪）場,20歳代,大学生,施錠した
窃盗,自転車盗,西宮,札場筋,282049,兵庫県,西宮市,産所町,2023[sanitize]04[sanitize]29,12,その他,駐車（輪）場,10歳代,中学生,施錠せず
窃盗,自転車盗,西宮,札場筋,282049,兵庫県,西宮市,産所町,2023[sanitize]06[sanitize]25,18,４階建て以上共同住宅,駐車（輪）場,40歳代,その他,施錠した
窃盗,自転車盗,西宮,札場筋,282049,兵庫県,西宮市,産所町,2023[sanitize]12[sanitize]01,19,４階建て以上共同住宅,駐車（輪）場,20歳代,その他,施錠せず
窃盗,自転車盗,西宮,札場筋,282049,兵庫県,西宮市,社家町,2023[sanitize]06[sanitize]28,23,その他の住宅（３階建て以下共同住宅等）,その他,70歳以上,その他,施錠せず
窃盗,自転車盗,西宮,札場筋,282049,兵庫県,西宮市,染殿町,2023[sanitize]01[sanitize]18,21,道路上,その他,30歳代,その他,施錠した
窃盗,自転車盗,西宮,札場筋,282049,兵庫県,西宮市,田中町,2023[sanitize]01[sanitize]20,10,その他,駐車（輪）場,70歳以上,その他,施錠した
窃盗,自転車盗,西宮,札場筋,282049,兵庫県,西宮市,田中町,2023[sanitize]03[sanitize]05,19,道路上,その他,20歳代,その他,施錠せず
窃盗,自転車盗,西宮,札場筋,282049,兵庫県,西宮市,田中町,2023[sanitize]05[sanitize]04,08,駐車（輪）場,駐車（輪）場,20歳代,大学生,施錠せず
窃盗,自転車盗,西宮,札場筋,282049,兵庫県,西宮市,田中町,2023[sanitize]05[sanitize]23,08,駐車（輪）場,駐車（輪）場,20歳代,その他,施錠した
窃盗,自転車盗,西宮,札場筋,282049,兵庫県,西宮市,田中町,2023[sanitize]05[sanitize]27,12,その他,駐車（輪）場,20歳代,その他,施錠せず
窃盗,自転車盗,西宮,札場筋,282049,兵庫県,西宮市,田中町,2023[sanitize]07[sanitize]04,01,道路上,その他,20歳代,その他,施錠した
窃盗,自転車盗,西宮,札場筋,282049,兵庫県,西宮市,田中町,2023[sanitize]07[sanitize]04,07,駐車（輪）場,駐車（輪）場,10歳代,高校生,施錠した
窃盗,自転車盗,西宮,札場筋,282049,兵庫県,西宮市,田中町,2023[sanitize]07[sanitize]06,08,駐車（輪）場,駐車（輪）場,10歳代,その他,施錠せず
窃盗,自転車盗,西宮,札場筋,282049,兵庫県,西宮市,田中町,2023[sanitize]07[sanitize]28,17,その他,駐車（輪）場,10歳代,大学生,施錠せず
窃盗,自転車盗,西宮,札場筋,282049,兵庫県,西宮市,田中町,2023[sanitize]08[sanitize]17,00,道路上,その他,40歳代,その他,施錠せず
窃盗,自転車盗,西宮,札場筋,282049,兵庫県,西宮市,田中町,2023[sanitize]08[sanitize]18,20,道路上,その他,10歳代,その他,施錠せず
窃盗,自転車盗,西宮,札場筋,282049,兵庫県,西宮市,田中町,2023[sanitize]08[sanitize]27,19,その他,駐車（輪）場,10歳代,高校生,施錠せず
窃盗,自転車盗,西宮,札場筋,282049,兵庫県,西宮市,田中町,2023[sanitize]09[sanitize]16,16,その他,駐車（輪）場,20歳代,大学生,施錠した
窃盗,自転車盗,西宮,札場筋,282049,兵庫県,西宮市,田中町,2023[sanitize]10[sanitize]16,10,その他,駐車（輪）場,10歳代,大学生,施錠せず
窃盗,自転車盗,西宮,札場筋,282049,兵庫県,西宮市,田中町,2023[sanitize]10[sanitize]21,16,駐車（輪）場,駐車（輪）場,50歳代,その他,施錠せず
窃盗,自転車盗,西宮,札場筋,282049,兵庫県,西宮市,田中町,2023[sanitize]12[sanitize]07,23,道路上,その他,30歳代,その他,施錠せず
窃盗,自転車盗,西宮,札場筋,282049,兵庫県,西宮市,田中町,2023[sanitize]12[sanitize]22,08,その他,駐車（輪）場,50歳代,その他,施錠せず
窃盗,自転車盗,西宮,札場筋,282049,兵庫県,西宮市,戸田町,2023[sanitize]02[sanitize]10,21,道路上,その他,40歳代,その他,施錠した
窃盗,自転車盗,西宮,札場筋,282049,兵庫県,西宮市,戸田町,2023[sanitize]03[sanitize]01,03,道路上,その他,40歳代,その他,施錠した
窃盗,自転車盗,西宮,札場筋,282049,兵庫県,西宮市,戸田町,2023[sanitize]06[sanitize]09,16,４階建て以上共同住宅,駐車（輪）場,40歳代,その他,施錠せず
窃盗,自転車盗,西宮,札場筋,282049,兵庫県,西宮市,戸田町,2023[sanitize]10[sanitize]29,06,道路上,その他,40歳代,その他,施錠した
窃盗,自転車盗,西宮,札場筋,282049,兵庫県,西宮市,戸田町,2023[sanitize]12[sanitize]02,11,道路上,その他,65[sanitize]69歳,その他,施錠せず
窃盗,自転車盗,西宮,札場筋,282049,兵庫県,西宮市,浜町,2023[sanitize]10[sanitize]20,17,４階建て以上共同住宅,駐車（輪）場,10歳未満,小学生,施錠せず
窃盗,自転車盗,西宮,札場筋,282049,兵庫県,西宮市,馬場町,2023[sanitize]01[sanitize]11,16,道路上,その他,60[sanitize]64歳,その他,施錠せず
窃盗,自転車盗,西宮,札場筋,282049,兵庫県,西宮市,東町２丁目,2023[sanitize]08[sanitize]06,21,道路上,その他,50歳代,その他,施錠せず
窃盗,自転車盗,西宮,札場筋,282049,兵庫県,西宮市,本町,2022[sanitize]01[sanitize]10,15,道路上,その他,70歳以上,その他,施錠した
窃盗,自転車盗,西宮,札場筋,282049,兵庫県,西宮市,宮前町,2023[sanitize]02[sanitize]09,21,４階建て以上共同住宅,駐車（輪）場,20歳代,その他,施錠した
窃盗,自転車盗,西宮,札場筋,282049,兵庫県,西宮市,宮前町,2023[sanitize]05[sanitize]24,16,道路上,その他,10歳代,大学生,施錠せず
窃盗,自転車盗,西宮,札場筋,282049,兵庫県,西宮市,宮前町,2023[sanitize]08[sanitize]19,22,４階建て以上共同住宅,駐車（輪）場,10歳代,大学生,施錠せず
窃盗,自転車盗,西宮,札場筋,282049,兵庫県,西宮市,宮前町,2023[sanitize]09[sanitize]18,22,４階建て以上共同住宅,駐車（輪）場,20歳代,その他,施錠せず
窃盗,自転車盗,西宮,札場筋,282049,兵庫県,西宮市,宮前町,2023[sanitize]09[sanitize]19,13,その他の住宅（３階建て以下共同住宅等）,その他,70歳以上,その他,施錠せず
窃盗,自転車盗,西宮,札場筋,282049,兵庫県,西宮市,六湛寺町,2023[sanitize]01[sanitize]04,12,その他,駐車（輪）場,30歳代,その他,施錠した
窃盗,自転車盗,西宮,札場筋,282049,兵庫県,西宮市,六湛寺町,2023[sanitize]02[sanitize]06,01,その他,駐車（輪）場,20歳代,その他,施錠した
窃盗,自転車盗,西宮,札場筋,282049,兵庫県,西宮市,六湛寺町,2023[sanitize]02[sanitize]08,22,その他,駐車（輪）場,20歳代,その他,施錠せず
窃盗,自転車盗,西宮,札場筋,282049,兵庫県,西宮市,六湛寺町,2023[sanitize]02[sanitize]16,21,道路上,その他,10歳代,高校生,施錠した
窃盗,自転車盗,西宮,札場筋,282049,兵庫県,西宮市,六湛寺町,2023[sanitize]02[sanitize]27,21,その他,駐車（輪）場,30歳代,その他,施錠せず
窃盗,自転車盗,西宮,札場筋,282049,兵庫県,西宮市,六湛寺町,2023[sanitize]03[sanitize]04,21,道路上,その他,20歳代,大学生,施錠した
窃盗,自転車盗,西宮,札場筋,282049,兵庫県,西宮市,六湛寺町,2023[sanitize]03[sanitize]04,23,道路上,その他,30歳代,その他,施錠した
窃盗,自転車盗,西宮,札場筋,282049,兵庫県,西宮市,六湛寺町,2023[sanitize]03[sanitize]05,00,道路上,その他,10歳代,高校生,施錠せず
窃盗,自転車盗,西宮,札場筋,282049,兵庫県,西宮市,六湛寺町,2023[sanitize]03[sanitize]31,19,道路上,その他,30歳代,その他,施錠した
窃盗,自転車盗,西宮,札場筋,282049,兵庫県,西宮市,六湛寺町,2023[sanitize]05[sanitize]31,07,その他,駐車（輪）場,10歳代,高校生,施錠せず
窃盗,自転車盗,西宮,札場筋,282049,兵庫県,西宮市,六湛寺町,2023[sanitize]07[sanitize]07,09,その他,駐車（輪）場,10歳代,大学生,施錠した
窃盗,自転車盗,西宮,札場筋,282049,兵庫県,西宮市,六湛寺町,2023[sanitize]07[sanitize]10,18,その他,駐車（輪）場,20歳代,その他,施錠した
窃盗,自転車盗,西宮,札場筋,282049,兵庫県,西宮市,六湛寺町,2023[sanitize]07[sanitize]10,20,その他,駐車（輪）場,30歳代,その他,施錠せず
窃盗,自転車盗,西宮,札場筋,282049,兵庫県,西宮市,六湛寺町,2023[sanitize]08[sanitize]26,23,道路上,その他,10歳代,大学生,施錠せず
窃盗,自転車盗,西宮,札場筋,282049,兵庫県,西宮市,六湛寺町,2023[sanitize]09[sanitize]08,22,その他,駐車（輪）場,20歳代,大学生,施錠した
窃盗,自転車盗,西宮,札場筋,282049,兵庫県,西宮市,六湛寺町,2023[sanitize]09[sanitize]16,23,道路上,その他,20歳代,その他,施錠した
窃盗,自転車盗,西宮,札場筋,282049,兵庫県,西宮市,六湛寺町,2023[sanitize]09[sanitize]21,18,その他,駐車（輪）場,20歳代,その他,施錠せず
窃盗,自転車盗,西宮,札場筋,282049,兵庫県,西宮市,六湛寺町,2023[sanitize]09[sanitize]24,15,その他,駐車（輪）場,10歳代,高校生,施錠せず
窃盗,自転車盗,西宮,札場筋,282049,兵庫県,西宮市,六湛寺町,2023[sanitize]09[sanitize]24,15,その他,駐車（輪）場,20歳代,大学生,施錠せず
窃盗,自転車盗,西宮,札場筋,282049,兵庫県,西宮市,六湛寺町,2023[sanitize]09[sanitize]25,06,その他,駐車（輪）場,40歳代,その他,施錠せず
窃盗,自転車盗,西宮,札場筋,282049,兵庫県,西宮市,六湛寺町,2023[sanitize]10[sanitize]04,15,その他,駐車（輪）場,10歳代,中学生,施錠せず
窃盗,自転車盗,西宮,札場筋,282049,兵庫県,西宮市,和上町,2023[sanitize]01[sanitize]20,00,その他,駐車（輪）場,10歳代,大学生,施錠せず
窃盗,自転車盗,西宮,札場筋,282049,兵庫県,西宮市,和上町,2023[sanitize]04[sanitize]21,18,その他,駐車（輪）場,30歳代,その他,施錠せず
窃盗,自転車盗,西宮,札場筋,282049,兵庫県,西宮市,和上町,2023[sanitize]06[sanitize]25,18,駐車（輪）場,駐車（輪）場,10歳代,大学生,施錠せず
窃盗,自転車盗,西宮,札場筋,282049,兵庫県,西宮市,和上町,2023[sanitize]08[sanitize]12,05,道路上,その他,10歳代,大学生,施錠せず
窃盗,自転車盗,西宮,札場筋,282049,兵庫県,西宮市,和上町,2023[sanitize]09[sanitize]15,13,その他,駐車（輪）場,10歳代,中学生,施錠せず
窃盗,自転車盗,西宮,札場筋,282049,兵庫県,西宮市,和上町,2023[sanitize]10[sanitize]02,15,道路上,その他,10歳代,大学生,施錠せず
窃盗,自転車盗,西宮,生瀬,282049,兵庫県,西宮市,生瀬町１丁目,2023[sanitize]05[sanitize]26,09,その他の住宅（３階建て以下共同住宅等）,駐車（輪）場,30歳代,その他,施錠せず
窃盗,自転車盗,西宮,生瀬,282049,兵庫県,西宮市,生瀬町２丁目,2023[sanitize]12[sanitize]03,08,その他の住宅（３階建て以下共同住宅等）,駐車（輪）場,30歳代,その他,施錠せず
窃盗,自転車盗,西宮,生瀬,282049,兵庫県,西宮市,生瀬東町,2023[sanitize]08[sanitize]27,22,その他の住宅（３階建て以下共同住宅等）,駐車（輪）場,20歳代,その他,施錠せず
窃盗,自転車盗,西宮,生瀬,282049,兵庫県,西宮市,生瀬武庫川町,2023[sanitize]07[sanitize]18,19,４階建て以上共同住宅,駐車（輪）場,10歳代,大学生,施錠せず
窃盗,自転車盗,西宮,甲東園,282049,兵庫県,西宮市,上大市２丁目,2023[sanitize]08[sanitize]28,18,その他の住宅（３階建て以下共同住宅等）,駐車（輪）場,20歳代,大学生,施錠した
窃盗,自転車盗,西宮,甲東園,282049,兵庫県,西宮市,神呪町,2023[sanitize]03[sanitize]25,04,その他の住宅（３階建て以下共同住宅等）,駐車（輪）場,50歳代,その他,施錠せず
窃盗,自転車盗,西宮,甲東園,282049,兵庫県,西宮市,甲東園１丁目,2022[sanitize]12[sanitize]22,22,４階建て以上共同住宅,駐車（輪）場,20歳代,大学生,施錠した
窃盗,自転車盗,西宮,甲東園,282049,兵庫県,西宮市,甲東園１丁目,2023[sanitize]10[sanitize]27,08,４階建て以上共同住宅,駐車（輪）場,10歳代,高校生,施錠した
窃盗,自転車盗,西宮,甲東園,282049,兵庫県,西宮市,甲東園１丁目,2023[sanitize]11[sanitize]03,18,４階建て以上共同住宅,駐車（輪）場,10歳代,大学生,施錠せず
窃盗,自転車盗,西宮,甲東園,282049,兵庫県,西宮市,甲東園２丁目,2023[sanitize]08[sanitize]18,09,４階建て以上共同住宅,その他,50歳代,その他,施錠せず
窃盗,自転車盗,西宮,甲東園,282049,兵庫県,西宮市,甲東園３丁目,2023[sanitize]10[sanitize]22,12,その他,その他,40歳代,その他,施錠した
窃盗,自転車盗,西宮,甲東園,282049,兵庫県,西宮市,松籟荘,2023[sanitize]01[sanitize]16,17,４階建て以上共同住宅,駐車（輪）場,10歳代,大学生,施錠せず
窃盗,自転車盗,西宮,甲東園,282049,兵庫県,西宮市,松籟荘,2023[sanitize]03[sanitize]21,07,道路上,その他,10歳代,高校生,施錠せず
窃盗,自転車盗,西宮,甲東園,282049,兵庫県,西宮市,松籟荘,2023[sanitize]03[sanitize]28,20,道路上,その他,20歳代,大学生,施錠せず
窃盗,自転車盗,西宮,甲東園,282049,兵庫県,西宮市,松籟荘,2023[sanitize]06[sanitize]05,18,４階建て以上共同住宅,駐車（輪）場,40歳代,その他,施錠した
窃盗,自転車盗,西宮,甲東園,282049,兵庫県,西宮市,松籟荘,2023[sanitize]10[sanitize]06,18,その他,その他,10歳代,中学生,施錠せず
窃盗,自転車盗,西宮,甲東園,282049,兵庫県,西宮市,松籟荘,2023[sanitize]10[sanitize]17,10,道路上,その他,50歳代,その他,施錠した
窃盗,自転車盗,西宮,甲東園,282049,兵庫県,西宮市,松籟荘,2023[sanitize]11[sanitize]05,21,道路上,その他,10歳代,大学生,施錠せず
窃盗,自転車盗,西宮,甲東園,282049,兵庫県,西宮市,段上町１丁目,2023[sanitize]10[sanitize]11,18,その他の住宅（３階建て以下共同住宅等）,駐車（輪）場,20歳代,大学生,施錠した
窃盗,自転車盗,西宮,甲東園,282049,兵庫県,西宮市,仁川町２丁目,2022[sanitize]12[sanitize]13,15,駐車（輪）場,駐車（輪）場,20歳代,大学生,施錠せず
窃盗,自転車盗,西宮,甲東園,282049,兵庫県,西宮市,仁川町２丁目,2023[sanitize]05[sanitize]12,17,その他の住宅（３階建て以下共同住宅等）,駐車（輪）場,10歳代,大学生,施錠した
窃盗,自転車盗,西宮,甲東園,282049,兵庫県,西宮市,仁川町３丁目,2023[sanitize]06[sanitize]09,18,４階建て以上共同住宅,駐車（輪）場,10歳代,高校生,施錠せず
窃盗,自転車盗,西宮,甲東園,282049,兵庫県,西宮市,仁川町３丁目,2023[sanitize]07[sanitize]03,21,一戸建住宅,駐車（輪）場,40歳代,その他,施錠せず
窃盗,自転車盗,西宮,甲武橋,282049,兵庫県,西宮市,大島町,2023[sanitize]03[sanitize]02,18,その他の住宅（３階建て以下共同住宅等）,駐車（輪）場,20歳代,その他,施錠せず
窃盗,自転車盗,西宮,甲武橋,282049,兵庫県,西宮市,上大市４丁目,2023[sanitize]04[sanitize]11,12,その他,駐車（輪）場,70歳以上,その他,施錠した
窃盗,自転車盗,西宮,甲武橋,282049,兵庫県,西宮市,上大市５丁目,2023[sanitize]06[sanitize]18,11,４階建て以上共同住宅,駐車（輪）場,30歳代,その他,施錠せず
窃盗,自転車盗,西宮,甲武橋,282049,兵庫県,西宮市,上大市５丁目,2023[sanitize]06[sanitize]24,13,その他,その他,70歳以上,その他,施錠した
窃盗,自転車盗,西宮,甲武橋,282049,兵庫県,西宮市,上大市５丁目,2023[sanitize]10[sanitize]18,20,一戸建住宅,その他,10歳代,高校生,施錠せず
窃盗,自転車盗,西宮,甲武橋,282049,兵庫県,西宮市,上大市５丁目,2023[sanitize]10[sanitize]27,07,道路上,その他,10歳代,中学生,施錠せず
窃盗,自転車盗,西宮,甲武橋,282049,兵庫県,西宮市,田近野町,2023[sanitize]11[sanitize]20,13,４階建て以上共同住宅,駐車（輪）場,20歳代,その他,施錠せず
窃盗,自転車盗,西宮,甲武橋,282049,兵庫県,西宮市,段上町６丁目,2023[sanitize]08[sanitize]09,17,一戸建住宅,その他,10歳代,小学生,施錠せず
窃盗,自転車盗,西宮,甲武橋,282049,兵庫県,西宮市,段上町８丁目,2023[sanitize]08[sanitize]21,08,その他の住宅（３階建て以下共同住宅等）,駐車（輪）場,20歳代,その他,施錠した
窃盗,自転車盗,西宮,甲武橋,282049,兵庫県,西宮市,樋ノ口町２丁目,2023[sanitize]10[sanitize]29,08,４階建て以上共同住宅,駐車（輪）場,40歳代,その他,施錠せず
窃盗,自転車盗,西宮,甲陽園,282049,兵庫県,西宮市,一ケ谷町,2023[sanitize]04[sanitize]06,12,４階建て以上共同住宅,駐車（輪）場,65[sanitize]69歳,その他,施錠した
窃盗,自転車盗,西宮,甲陽園,282049,兵庫県,西宮市,甲陽園日之出町,2023[sanitize]07[sanitize]12,12,その他の住宅（３階建て以下共同住宅等）,駐車（輪）場,20歳代,その他,施錠せず
窃盗,自転車盗,西宮,甲陽園,282049,兵庫県,西宮市,甲陽園本庄町,2023[sanitize]09[sanitize]29,21,駐車（輪）場,駐車（輪）場,20歳代,その他,施錠せず
窃盗,自転車盗,西宮,甲陽園,282049,兵庫県,西宮市,五月ケ丘,2023[sanitize]10[sanitize]13,18,４階建て以上共同住宅,駐車（輪）場,40歳代,その他,施錠せず
窃盗,自転車盗,西宮,甲陽園,282049,兵庫県,西宮市,獅子ケ口町,2023[sanitize]01[sanitize]18,19,４階建て以上共同住宅,駐車（輪）場,20歳代,その他,施錠せず
窃盗,自転車盗,西宮,甲陽園,282049,兵庫県,西宮市,新甲陽町,2023[sanitize]08[sanitize]04,20,４階建て以上共同住宅,駐車（輪）場,10歳代,大学生,施錠した
窃盗,自転車盗,西宮,甲陽園,282049,兵庫県,西宮市,六軒町,2023[sanitize]10[sanitize]04,21,一戸建住宅,駐車（輪）場,10歳代,中学生,施錠した
窃盗,自転車盗,西宮,社前,282049,兵庫県,西宮市,今津大東町,2023[sanitize]03[sanitize]08,17,その他,その他,10歳代,小学生,施錠せず
窃盗,自転車盗,西宮,社前,282049,兵庫県,西宮市,今津久寿川町,2023[sanitize]09[sanitize]12,14,その他の住宅（３階建て以下共同住宅等）,その他,20歳代,その他,施錠せず
窃盗,自転車盗,西宮,社前,282049,兵庫県,西宮市,今津社前町,2023[sanitize]07[sanitize]23,21,その他,駐車（輪）場,20歳代,その他,施錠せず
窃盗,自転車盗,西宮,社前,282049,兵庫県,西宮市,今津社前町,2023[sanitize]08[sanitize]30,22,その他の住宅（３階建て以下共同住宅等）,駐車（輪）場,30歳代,その他,施錠せず
窃盗,自転車盗,西宮,社前,282049,兵庫県,西宮市,今津巽町,2023[sanitize]08[sanitize]29,11,４階建て以上共同住宅,駐車（輪）場,70歳以上,その他,施錠せず
窃盗,自転車盗,西宮,社前,282049,兵庫県,西宮市,今津二葉町,2023[sanitize]07[sanitize]27,17,道路上,その他,40歳代,その他,施錠した
窃盗,自転車盗,西宮,社前,282049,兵庫県,西宮市,今津二葉町,2023[sanitize]11[sanitize]03,18,道路上,その他,20歳代,大学生,施錠せず
窃盗,自転車盗,西宮,社前,282049,兵庫県,西宮市,今津二葉町,2023[sanitize]12[sanitize]02,16,その他,駐車（輪）場,10歳未満,小学生,施錠せず
窃盗,自転車盗,西宮,社前,282049,兵庫県,西宮市,今津真砂町,2023[sanitize]06[sanitize]17,21,４階建て以上共同住宅,駐車（輪）場,20歳代,その他,施錠せず
窃盗,自転車盗,西宮,社前,282049,兵庫県,西宮市,今津真砂町,2023[sanitize]06[sanitize]30,18,４階建て以上共同住宅,駐車（輪）場,65[sanitize]69歳,その他,施錠した
窃盗,自転車盗,西宮,社前,282049,兵庫県,西宮市,今津真砂町,2023[sanitize]07[sanitize]19,16,４階建て以上共同住宅,駐車（輪）場,60[sanitize]64歳,その他,施錠した
窃盗,自転車盗,西宮,社前,282049,兵庫県,西宮市,今津真砂町,2023[sanitize]07[sanitize]22,15,４階建て以上共同住宅,駐車（輪）場,10歳代,高校生,施錠した
窃盗,自転車盗,西宮,社前,282049,兵庫県,西宮市,今津真砂町,2023[sanitize]09[sanitize]22,19,４階建て以上共同住宅,駐車（輪）場,20歳代,その他,施錠せず
窃盗,自転車盗,西宮,社前,282049,兵庫県,西宮市,今津真砂町,2023[sanitize]09[sanitize]24,07,その他,駐車（輪）場,10歳代,小学生,施錠せず
窃盗,自転車盗,西宮,社前,282049,兵庫県,西宮市,今津真砂町,2023[sanitize]10[sanitize]15,14,４階建て以上共同住宅,駐車（輪）場,10歳代,大学生,施錠せず
窃盗,自転車盗,西宮,社前,282049,兵庫県,西宮市,今津港町,2023[sanitize]02[sanitize]09,14,その他,駐車（輪）場,40歳代,その他,施錠せず
窃盗,自転車盗,西宮,社前,282049,兵庫県,西宮市,今津港町,2023[sanitize]06[sanitize]04,23,その他,駐車（輪）場,20歳代,大学生,施錠せず
窃盗,自転車盗,西宮,社前,282049,兵庫県,西宮市,今津港町,2023[sanitize]09[sanitize]27,14,その他,駐車（輪）場,30歳代,その他,施錠せず
窃盗,自転車盗,西宮,社前,282049,兵庫県,西宮市,津門住江町,2023[sanitize]07[sanitize]29,01,４階建て以上共同住宅,駐車（輪）場,50歳代,その他,施錠せず
窃盗,自転車盗,西宮,社前,282049,兵庫県,西宮市,津門住江町,2023[sanitize]10[sanitize]16,15,４階建て以上共同住宅,駐車（輪）場,70歳以上,その他,施錠した
窃盗,自転車盗,西宮,社前,282049,兵庫県,西宮市,津門住江町,2023[sanitize]10[sanitize]22,10,その他の住宅（３階建て以下共同住宅等）,その他,50歳代,その他,施錠せず
窃盗,自転車盗,西宮,社前,282049,兵庫県,西宮市,津門住江町,2023[sanitize]11[sanitize]23,18,４階建て以上共同住宅,駐車（輪）場,20歳代,その他,施錠した
窃盗,自転車盗,西宮,社前,282049,兵庫県,西宮市,津門住江町,2023[sanitize]11[sanitize]25,08,その他,駐車（輪）場,10歳代,中学生,施錠せず
窃盗,自転車盗,西宮,社前,282049,兵庫県,西宮市,浜松原町,2023[sanitize]01[sanitize]16,18,その他,駐車（輪）場,10歳代,大学生,施錠せず
窃盗,自転車盗,西宮,社前,282049,兵庫県,西宮市,浜松原町,2023[sanitize]03[sanitize]03,19,その他の住宅（３階建て以下共同住宅等）,駐車（輪）場,30歳代,その他,施錠せず
窃盗,自転車盗,西宮,社前,282049,兵庫県,西宮市,浜松原町,2023[sanitize]07[sanitize]06,22,その他,駐車（輪）場,10歳代,高校生,施錠せず
窃盗,自転車盗,西宮,社前,282049,兵庫県,西宮市,浜松原町,2023[sanitize]09[sanitize]12,15,４階建て以上共同住宅,駐車（輪）場,10歳代,中学生,施錠せず
窃盗,自転車盗,西宮,社前,282049,兵庫県,西宮市,東町１丁目,2023[sanitize]12[sanitize]01,14,４階建て以上共同住宅,駐車（輪）場,10歳代,小学生,施錠せず
窃盗,自転車盗,西宮,社前,282049,兵庫県,西宮市,東町１丁目,2023[sanitize]12[sanitize]14,00,４階建て以上共同住宅,駐車（輪）場,10歳代,大学生,施錠した
窃盗,自転車盗,西宮,社前,282049,兵庫県,西宮市,用海町,2023[sanitize]07[sanitize]19,08,その他の住宅（３階建て以下共同住宅等）,駐車（輪）場,10歳代,中学生,施錠せず
窃盗,自転車盗,西宮,芦原,282049,兵庫県,西宮市,芦原町,2023[sanitize]03[sanitize]04,18,４階建て以上共同住宅,駐車（輪）場,10歳代,高校生,施錠した
窃盗,自転車盗,西宮,芦原,282049,兵庫県,西宮市,西福町,2023[sanitize]01[sanitize]21,09,その他,駐車（輪）場,10歳代,高校生,施錠せず
窃盗,自転車盗,西宮,芦原,282049,兵庫県,西宮市,西福町,2023[sanitize]01[sanitize]24,08,一戸建住宅,駐車（輪）場,10歳代,高校生,施錠せず
窃盗,自転車盗,西宮,芦原,282049,兵庫県,西宮市,西福町,2023[sanitize]02[sanitize]15,18,一戸建住宅,その他,50歳代,その他,施錠せず
窃盗,自転車盗,西宮,芦原,282049,兵庫県,西宮市,西福町,2023[sanitize]02[sanitize]28,13,一戸建住宅,駐車（輪）場,30歳代,その他,施錠せず
窃盗,自転車盗,西宮,芦原,282049,兵庫県,西宮市,西福町,2023[sanitize]03[sanitize]05,17,４階建て以上共同住宅,駐車（輪）場,20歳代,その他,施錠した
窃盗,自転車盗,西宮,芦原,282049,兵庫県,西宮市,西福町,2023[sanitize]04[sanitize]06,17,道路上,その他,40歳代,その他,施錠した
窃盗,自転車盗,西宮,芦原,282049,兵庫県,西宮市,西福町,2023[sanitize]06[sanitize]21,18,その他,駐車（輪）場,70歳以上,その他,施錠した
窃盗,自転車盗,西宮,芦原,282049,兵庫県,西宮市,西福町,2023[sanitize]07[sanitize]15,22,駐車（輪）場,駐車（輪）場,10歳代,その他,施錠せず
窃盗,自転車盗,西宮,芦原,282049,兵庫県,西宮市,西福町,2023[sanitize]09[sanitize]19,17,道路上,その他,10歳代,高校生,施錠せず
窃盗,自転車盗,西宮,芦原,282049,兵庫県,西宮市,西福町,2023[sanitize]09[sanitize]22,07,その他,駐車（輪）場,10歳代,中学生,施錠せず
窃盗,自転車盗,西宮,芦原,282049,兵庫県,西宮市,西福町,2023[sanitize]10[sanitize]19,09,駐車（輪）場,駐車（輪）場,50歳代,その他,施錠した
窃盗,自転車盗,西宮,芦原,282049,兵庫県,西宮市,神明町,2023[sanitize]01[sanitize]12,22,その他の住宅（３階建て以下共同住宅等）,駐車（輪）場,20歳代,その他,施錠した
窃盗,自転車盗,西宮,芦原,282049,兵庫県,西宮市,神祇官町,2023[sanitize]04[sanitize]08,05,その他の住宅（３階建て以下共同住宅等）,その他,30歳代,その他,施錠した
窃盗,自転車盗,西宮,芦原,282049,兵庫県,西宮市,神祇官町,2023[sanitize]04[sanitize]08,05,その他の住宅（３階建て以下共同住宅等）,その他,30歳代,その他,施錠した
窃盗,自転車盗,西宮,芦原,282049,兵庫県,西宮市,神祇官町,2023[sanitize]08[sanitize]03,06,その他の住宅（３階建て以下共同住宅等）,その他,20歳代,その他,施錠した
窃盗,自転車盗,西宮,芦原,282049,兵庫県,西宮市,神祇官町,2023[sanitize]08[sanitize]03,22,４階建て以上共同住宅,駐車（輪）場,50歳代,その他,施錠した
窃盗,自転車盗,西宮,芦原,282049,兵庫県,西宮市,神祇官町,2023[sanitize]09[sanitize]28,22,その他,駐車（輪）場,20歳代,その他,施錠せず
窃盗,自転車盗,西宮,芦原,282049,兵庫県,西宮市,中須佐町,2023[sanitize]06[sanitize]15,21,その他,駐車（輪）場,65[sanitize]69歳,その他,施錠せず
窃盗,自転車盗,西宮,芦原,282049,兵庫県,西宮市,中須佐町,2023[sanitize]11[sanitize]02,01,その他,駐車（輪）場,60[sanitize]64歳,その他,施錠せず
窃盗,自転車盗,西宮,芦原,282049,兵庫県,西宮市,中殿町,2023[sanitize]01[sanitize]02,18,４階建て以上共同住宅,駐車（輪）場,20歳代,大学生,施錠せず
窃盗,自転車盗,西宮,芦原,282049,兵庫県,西宮市,中殿町,2023[sanitize]01[sanitize]28,20,その他の住宅（３階建て以下共同住宅等）,駐車（輪）場,30歳代,その他,施錠した
窃盗,自転車盗,西宮,芦原,282049,兵庫県,西宮市,中殿町,2023[sanitize]03[sanitize]25,01,４階建て以上共同住宅,駐車（輪）場,20歳代,その他,施錠せず
窃盗,自転車盗,西宮,芦原,282049,兵庫県,西宮市,中殿町,2023[sanitize]06[sanitize]03,15,４階建て以上共同住宅,駐車（輪）場,10歳代,小学生,施錠した
窃盗,自転車盗,西宮,芦原,282049,兵庫県,西宮市,中殿町,2023[sanitize]09[sanitize]10,18,４階建て以上共同住宅,駐車（輪）場,30歳代,その他,施錠せず
窃盗,自転車盗,西宮,芦原,282049,兵庫県,西宮市,中前田町,2023[sanitize]01[sanitize]11,15,４階建て以上共同住宅,駐車（輪）場,10歳代,高校生,施錠せず
窃盗,自転車盗,西宮,芦原,282049,兵庫県,西宮市,中前田町,2023[sanitize]06[sanitize]23,01,道路上,その他,20歳代,その他,施錠せず
窃盗,自転車盗,西宮,芦原,282049,兵庫県,西宮市,中前田町,2023[sanitize]08[sanitize]18,23,４階建て以上共同住宅,駐車（輪）場,40歳代,その他,施錠せず
窃盗,自転車盗,西宮,芦原,282049,兵庫県,西宮市,中前田町,2023[sanitize]09[sanitize]26,18,道路上,その他,65[sanitize]69歳,その他,施錠せず
窃盗,自転車盗,西宮,芦原,282049,兵庫県,西宮市,中前田町,2023[sanitize]10[sanitize]22,18,４階建て以上共同住宅,駐車（輪）場,20歳代,その他,施錠した
窃盗,自転車盗,西宮,芦原,282049,兵庫県,西宮市,森下町,2023[sanitize]07[sanitize]06,21,その他,駐車（輪）場,20歳代,大学生,施錠せず
窃盗,自転車盗,西宮,西宮中央,282049,兵庫県,西宮市,北口町,2023[sanitize]02[sanitize]08,11,道路上,その他,10歳代,高校生,施錠した
窃盗,自転車盗,西宮,西宮中央,282049,兵庫県,西宮市,北口町,2023[sanitize]03[sanitize]06,08,その他,駐車（輪）場,50歳代,その他,施錠した
窃盗,自転車盗,西宮,西宮中央,282049,兵庫県,西宮市,北口町,2023[sanitize]03[sanitize]27,13,道路上,その他,40歳代,その他,施錠した
窃盗,自転車盗,西宮,西宮中央,282049,兵庫県,西宮市,北口町,2023[sanitize]04[sanitize]14,08,駐車（輪）場,駐車（輪）場,10歳代,大学生,施錠した
窃盗,自転車盗,西宮,西宮中央,282049,兵庫県,西宮市,北口町,2023[sanitize]05[sanitize]23,10,その他,駐車（輪）場,10歳代,大学生,施錠せず
窃盗,自転車盗,西宮,西宮中央,282049,兵庫県,西宮市,北口町,2023[sanitize]05[sanitize]24,09,道路上,その他,50歳代,その他,施錠した
窃盗,自転車盗,西宮,西宮中央,282049,兵庫県,西宮市,北口町,2023[sanitize]05[sanitize]28,11,その他,駐車（輪）場,30歳代,その他,施錠した
窃盗,自転車盗,西宮,西宮中央,282049,兵庫県,西宮市,北口町,2023[sanitize]06[sanitize]04,13,その他,駐車（輪）場,70歳以上,その他,施錠した
窃盗,自転車盗,西宮,西宮中央,282049,兵庫県,西宮市,北口町,2023[sanitize]06[sanitize]16,14,その他,駐車（輪）場,20歳代,大学生,施錠せず
窃盗,自転車盗,西宮,西宮中央,282049,兵庫県,西宮市,北口町,2023[sanitize]06[sanitize]24,11,その他,駐車（輪）場,20歳代,大学生,施錠した
窃盗,自転車盗,西宮,西宮中央,282049,兵庫県,西宮市,北口町,2023[sanitize]06[sanitize]24,14,その他,駐車（輪）場,10歳代,高校生,施錠した
窃盗,自転車盗,西宮,西宮中央,282049,兵庫県,西宮市,北口町,2023[sanitize]07[sanitize]01,17,その他,駐車（輪）場,10歳代,その他,施錠せず
窃盗,自転車盗,西宮,西宮中央,282049,兵庫県,西宮市,北口町,2023[sanitize]07[sanitize]29,23,その他,駐車（輪）場,20歳代,大学生,施錠した
窃盗,自転車盗,西宮,西宮中央,282049,兵庫県,西宮市,北口町,2023[sanitize]08[sanitize]02,09,その他,駐車（輪）場,20歳代,大学生,施錠せず
窃盗,自転車盗,西宮,西宮中央,282049,兵庫県,西宮市,北口町,2023[sanitize]08[sanitize]06,14,その他,その他,20歳代,その他,施錠した
窃盗,自転車盗,西宮,西宮中央,282049,兵庫県,西宮市,北口町,2023[sanitize]08[sanitize]14,11,その他,駐車（輪）場,10歳代,大学生,施錠した
窃盗,自転車盗,西宮,西宮中央,282049,兵庫県,西宮市,北口町,2023[sanitize]08[sanitize]25,10,道路上,その他,50歳代,その他,施錠した
窃盗,自転車盗,西宮,西宮中央,282049,兵庫県,西宮市,北口町,2023[sanitize]09[sanitize]11,10,その他,駐車（輪）場,20歳代,大学生,施錠せず
窃盗,自転車盗,西宮,西宮中央,282049,兵庫県,西宮市,北口町,2023[sanitize]09[sanitize]14,07,その他,駐車（輪）場,40歳代,その他,施錠した
窃盗,自転車盗,西宮,西宮中央,282049,兵庫県,西宮市,北口町,2023[sanitize]09[sanitize]19,12,その他,駐車（輪）場,65[sanitize]69歳,その他,施錠した
窃盗,自転車盗,西宮,西宮中央,282049,兵庫県,西宮市,北口町,2023[sanitize]09[sanitize]24,12,道路上,その他,10歳代,高校生,施錠した
窃盗,自転車盗,西宮,西宮中央,282049,兵庫県,西宮市,北口町,2023[sanitize]09[sanitize]24,15,その他,駐車（輪）場,30歳代,その他,施錠せず
窃盗,自転車盗,西宮,西宮中央,282049,兵庫県,西宮市,北口町,2023[sanitize]10[sanitize]05,19,道路上,その他,70歳以上,その他,施錠した
窃盗,自転車盗,西宮,西宮中央,282049,兵庫県,西宮市,北口町,2023[sanitize]11[sanitize]04,20,その他,駐車（輪）場,20歳代,大学生,施錠せず
窃盗,自転車盗,西宮,西宮中央,282049,兵庫県,西宮市,北口町,2023[sanitize]11[sanitize]15,10,道路上,その他,70歳以上,その他,施錠した
窃盗,自転車盗,西宮,西宮中央,282049,兵庫県,西宮市,北口町,2023[sanitize]11[sanitize]15,18,道路上,その他,10歳代,大学生,施錠した
窃盗,自転車盗,西宮,西宮中央,282049,兵庫県,西宮市,北口町,2023[sanitize]11[sanitize]29,11,道路上,その他,50歳代,その他,施錠した
窃盗,自転車盗,西宮,西宮中央,282049,兵庫県,西宮市,北口町,2023[sanitize]12[sanitize]12,10,その他,駐車（輪）場,40歳代,その他,施錠した
窃盗,自転車盗,西宮,西宮中央,282049,兵庫県,西宮市,北口町,2023[sanitize]12[sanitize]12,20,その他,駐車（輪）場,20歳代,その他,施錠せず
窃盗,自転車盗,西宮,西宮中央,282049,兵庫県,西宮市,甲風園１丁目,2023[sanitize]03[sanitize]16,22,その他,その他,10歳代,大学生,施錠した
窃盗,自転車盗,西宮,西宮中央,282049,兵庫県,西宮市,甲風園１丁目,2023[sanitize]03[sanitize]18,17,その他,駐車（輪）場,40歳代,その他,施錠した
窃盗,自転車盗,西宮,西宮中央,282049,兵庫県,西宮市,神明町,2023[sanitize]03[sanitize]24,11,４階建て以上共同住宅,駐車（輪）場,50歳代,その他,施錠した
窃盗,自転車盗,西宮,西宮中央,282049,兵庫県,西宮市,高木西町,2023[sanitize]03[sanitize]03,23,その他の住宅（３階建て以下共同住宅等）,駐車（輪）場,20歳代,その他,施錠せず
窃盗,自転車盗,西宮,西宮中央,282049,兵庫県,西宮市,高木西町,2023[sanitize]03[sanitize]16,19,一戸建住宅,駐車（輪）場,60[sanitize]64歳,その他,施錠せず
窃盗,自転車盗,西宮,西宮中央,282049,兵庫県,西宮市,高木西町,2023[sanitize]03[sanitize]20,00,４階建て以上共同住宅,駐車（輪）場,10歳代,中学生,施錠せず
窃盗,自転車盗,西宮,西宮中央,282049,兵庫県,西宮市,高木西町,2023[sanitize]03[sanitize]22,17,４階建て以上共同住宅,駐車（輪）場,10歳代,小学生,施錠せず
窃盗,自転車盗,西宮,西宮中央,282049,兵庫県,西宮市,高木西町,2023[sanitize]10[sanitize]19,20,その他の住宅（３階建て以下共同住宅等）,駐車（輪）場,20歳代,大学生,施錠せず
窃盗,自転車盗,西宮,西宮中央,282049,兵庫県,西宮市,高木東町,2023[sanitize]02[sanitize]14,12,その他の住宅（３階建て以下共同住宅等）,駐車（輪）場,20歳代,大学生,施錠せず
窃盗,自転車盗,西宮,西宮中央,282049,兵庫県,西宮市,高木東町,2023[sanitize]02[sanitize]20,14,４階建て以上共同住宅,駐車（輪）場,10歳代,高校生,施錠せず
窃盗,自転車盗,西宮,西宮中央,282049,兵庫県,西宮市,高木東町,2023[sanitize]05[sanitize]27,17,その他の住宅（３階建て以下共同住宅等）,駐車（輪）場,30歳代,その他,施錠せず
窃盗,自転車盗,西宮,西宮中央,282049,兵庫県,西宮市,高木東町,2023[sanitize]05[sanitize]28,21,４階建て以上共同住宅,駐車（輪）場,10歳代,高校生,施錠せず
窃盗,自転車盗,西宮,西宮中央,282049,兵庫県,西宮市,高木東町,2023[sanitize]06[sanitize]12,21,４階建て以上共同住宅,駐車（輪）場,10歳代,中学生,施錠せず
窃盗,自転車盗,西宮,西宮中央,282049,兵庫県,西宮市,高木東町,2023[sanitize]07[sanitize]29,16,その他の住宅（３階建て以下共同住宅等）,駐車（輪）場,30歳代,その他,施錠した
窃盗,自転車盗,西宮,西宮中央,282049,兵庫県,西宮市,高木東町,2023[sanitize]08[sanitize]21,16,道路上,その他,10歳未満,小学生,施錠せず
窃盗,自転車盗,西宮,西宮中央,282049,兵庫県,西宮市,高木東町,2023[sanitize]09[sanitize]18,00,４階建て以上共同住宅,駐車（輪）場,20歳代,その他,施錠した
窃盗,自転車盗,西宮,西宮中央,282049,兵庫県,西宮市,高木東町,2023[sanitize]10[sanitize]28,15,４階建て以上共同住宅,駐車（輪）場,40歳代,その他,施錠せず
窃盗,自転車盗,西宮,西宮中央,282049,兵庫県,西宮市,高木東町,2023[sanitize]11[sanitize]29,21,その他の住宅（３階建て以下共同住宅等）,駐車（輪）場,10歳代,中学生,施錠せず
窃盗,自転車盗,西宮,西宮中央,282049,兵庫県,西宮市,高畑町,2023[sanitize]01[sanitize]22,13,４階建て以上共同住宅,駐車（輪）場,20歳代,大学生,施錠せず
窃盗,自転車盗,西宮,西宮中央,282049,兵庫県,西宮市,高畑町,2023[sanitize]02[sanitize]17,19,４階建て以上共同住宅,駐車（輪）場,20歳代,その他,施錠せず
窃盗,自転車盗,西宮,西宮中央,282049,兵庫県,西宮市,高畑町,2023[sanitize]02[sanitize]23,00,４階建て以上共同住宅,駐車（輪）場,20歳代,その他,施錠せず
窃盗,自転車盗,西宮,西宮中央,282049,兵庫県,西宮市,高畑町,2023[sanitize]05[sanitize]20,00,４階建て以上共同住宅,駐車（輪）場,60[sanitize]64歳,その他,施錠した
窃盗,自転車盗,西宮,西宮中央,282049,兵庫県,西宮市,高畑町,2023[sanitize]05[sanitize]29,14,４階建て以上共同住宅,その他,10歳代,高校生,施錠せず
窃盗,自転車盗,西宮,西宮中央,282049,兵庫県,西宮市,高畑町,2023[sanitize]10[sanitize]04,20,４階建て以上共同住宅,駐車（輪）場,10歳代,小学生,施錠せず
窃盗,自転車盗,西宮,西宮中央,282049,兵庫県,西宮市,高畑町,2023[sanitize]10[sanitize]29,23,４階建て以上共同住宅,その他,10歳代,高校生,施錠せず
窃盗,自転車盗,西宮,西宮中央,282049,兵庫県,西宮市,高畑町,2023[sanitize]11[sanitize]04,18,４階建て以上共同住宅,駐車（輪）場,10歳代,中学生,施錠せず
窃盗,自転車盗,西宮,西宮中央,282049,兵庫県,西宮市,高畑町,2023[sanitize]11[sanitize]20,13,４階建て以上共同住宅,駐車（輪）場,10歳代,小学生,施錠せず
窃盗,自転車盗,西宮,西宮中央,282049,兵庫県,西宮市,高畑町,2023[sanitize]11[sanitize]20,18,４階建て以上共同住宅,駐車（輪）場,30歳代,その他,施錠せず
窃盗,自転車盗,西宮,西宮中央,282049,兵庫県,西宮市,高松町,2023[sanitize]01[sanitize]03,16,その他,駐車（輪）場,20歳代,その他,施錠せず
窃盗,自転車盗,西宮,西宮中央,282049,兵庫県,西宮市,高松町,2023[sanitize]01[sanitize]22,12,その他,駐車（輪）場,20歳代,大学生,施錠せず
窃盗,自転車盗,西宮,西宮中央,282049,兵庫県,西宮市,高松町,2023[sanitize]01[sanitize]28,12,その他,駐車（輪）場,20歳代,大学生,施錠せず
窃盗,自転車盗,西宮,西宮中央,282049,兵庫県,西宮市,高松町,2023[sanitize]02[sanitize]01,12,その他,駐車（輪）場,50歳代,その他,施錠せず
窃盗,自転車盗,西宮,西宮中央,282049,兵庫県,西宮市,高松町,2023[sanitize]02[sanitize]22,12,その他,駐車（輪）場,20歳代,大学生,施錠せず
窃盗,自転車盗,西宮,西宮中央,282049,兵庫県,西宮市,高松町,2023[sanitize]03[sanitize]02,17,その他,駐車（輪）場,10歳代,大学生,施錠した
窃盗,自転車盗,西宮,西宮中央,282049,兵庫県,西宮市,高松町,2023[sanitize]03[sanitize]09,11,その他,駐車（輪）場,20歳代,大学生,施錠せず
窃盗,自転車盗,西宮,西宮中央,282049,兵庫県,西宮市,高松町,2023[sanitize]03[sanitize]11,13,その他,駐車（輪）場,70歳以上,その他,施錠せず
窃盗,自転車盗,西宮,西宮中央,282049,兵庫県,西宮市,高松町,2023[sanitize]03[sanitize]15,19,道路上,その他,10歳代,高校生,施錠した
窃盗,自転車盗,西宮,西宮中央,282049,兵庫県,西宮市,高松町,2023[sanitize]03[sanitize]17,18,その他,駐車（輪）場,10歳代,高校生,施錠した
窃盗,自転車盗,西宮,西宮中央,282049,兵庫県,西宮市,高松町,2023[sanitize]03[sanitize]18,18,その他,その他,30歳代,その他,施錠した
窃盗,自転車盗,西宮,西宮中央,282049,兵庫県,西宮市,高松町,2023[sanitize]03[sanitize]21,11,その他,駐車（輪）場,10歳代,高校生,施錠せず
窃盗,自転車盗,西宮,西宮中央,282049,兵庫県,西宮市,高松町,2023[sanitize]03[sanitize]30,13,その他,駐車（輪）場,20歳代,大学生,施錠した
窃盗,自転車盗,西宮,西宮中央,282049,兵庫県,西宮市,高松町,2023[sanitize]03[sanitize]30,16,その他,駐車（輪）場,10歳代,大学生,施錠せず
窃盗,自転車盗,西宮,西宮中央,282049,兵庫県,西宮市,高松町,2023[sanitize]04[sanitize]06,10,道路上,その他,10歳代,大学生,施錠した
窃盗,自転車盗,西宮,西宮中央,282049,兵庫県,西宮市,高松町,2023[sanitize]04[sanitize]18,08,その他,駐車（輪）場,10歳代,大学生,施錠した
窃盗,自転車盗,西宮,西宮中央,282049,兵庫県,西宮市,高松町,2023[sanitize]04[sanitize]20,06,その他の住宅（３階建て以下共同住宅等）,その他,30歳代,その他,施錠した
窃盗,自転車盗,西宮,西宮中央,282049,兵庫県,西宮市,高松町,2023[sanitize]04[sanitize]21,16,その他,駐車（輪）場,10歳代,大学生,施錠した
窃盗,自転車盗,西宮,西宮中央,282049,兵庫県,西宮市,高松町,2023[sanitize]04[sanitize]23,18,その他,駐車（輪）場,10歳代,その他,施錠した
窃盗,自転車盗,西宮,西宮中央,282049,兵庫県,西宮市,高松町,2023[sanitize]04[sanitize]29,15,その他,その他,10歳代,大学生,施錠した
窃盗,自転車盗,西宮,西宮中央,282049,兵庫県,西宮市,高松町,2023[sanitize]05[sanitize]08,17,その他,駐車（輪）場,10歳代,高校生,施錠せず
窃盗,自転車盗,西宮,西宮中央,282049,兵庫県,西宮市,高松町,2023[sanitize]05[sanitize]28,16,その他,駐車（輪）場,10歳代,中学生,施錠した
窃盗,自転車盗,西宮,西宮中央,282049,兵庫県,西宮市,高松町,2023[sanitize]06[sanitize]14,06,駐車（輪）場,駐車（輪）場,20歳代,大学生,施錠せず
窃盗,自転車盗,西宮,西宮中央,282049,兵庫県,西宮市,高松町,2023[sanitize]06[sanitize]14,08,その他,駐車（輪）場,20歳代,その他,施錠せず
窃盗,自転車盗,西宮,西宮中央,282049,兵庫県,西宮市,高松町,2023[sanitize]06[sanitize]18,15,その他,駐車（輪）場,20歳代,その他,施錠せず
窃盗,自転車盗,西宮,西宮中央,282049,兵庫県,西宮市,高松町,2023[sanitize]06[sanitize]24,12,その他,駐車（輪）場,70歳以上,その他,施錠した
窃盗,自転車盗,西宮,西宮中央,282049,兵庫県,西宮市,高松町,2023[sanitize]06[sanitize]28,10,その他,その他,20歳代,大学生,施錠した
窃盗,自転車盗,西宮,西宮中央,282049,兵庫県,西宮市,高松町,2023[sanitize]07[sanitize]07,08,その他,駐車（輪）場,50歳代,その他,施錠せず
窃盗,自転車盗,西宮,西宮中央,282049,兵庫県,西宮市,高松町,2023[sanitize]07[sanitize]13,19,その他,駐車（輪）場,10歳代,中学生,施錠せず
窃盗,自転車盗,西宮,西宮中央,282049,兵庫県,西宮市,高松町,2023[sanitize]07[sanitize]22,19,一戸建住宅,駐車（輪）場,60[sanitize]64歳,その他,施錠した
窃盗,自転車盗,西宮,西宮中央,282049,兵庫県,西宮市,高松町,2023[sanitize]08[sanitize]18,12,その他,駐車（輪）場,20歳代,その他,施錠せず
窃盗,自転車盗,西宮,西宮中央,282049,兵庫県,西宮市,高松町,2023[sanitize]09[sanitize]06,15,駐車（輪）場,駐車（輪）場,10歳代,小学生,施錠せず
窃盗,自転車盗,西宮,西宮中央,282049,兵庫県,西宮市,高松町,2023[sanitize]09[sanitize]07,21,駐車（輪）場,駐車（輪）場,10歳代,大学生,施錠せず
窃盗,自転車盗,西宮,西宮中央,282049,兵庫県,西宮市,高松町,2023[sanitize]09[sanitize]26,18,その他,駐車（輪）場,40歳代,その他,施錠せず
窃盗,自転車盗,西宮,西宮中央,282049,兵庫県,西宮市,高松町,2023[sanitize]09[sanitize]27,11,その他,駐車（輪）場,10歳代,高校生,施錠せず
窃盗,自転車盗,西宮,西宮中央,282049,兵庫県,西宮市,高松町,2023[sanitize]10[sanitize]11,12,その他,駐車（輪）場,40歳代,その他,施錠せず
窃盗,自転車盗,西宮,西宮中央,282049,兵庫県,西宮市,高松町,2023[sanitize]10[sanitize]27,21,道路上,その他,50歳代,その他,施錠せず
窃盗,自転車盗,西宮,西宮中央,282049,兵庫県,西宮市,高松町,2023[sanitize]10[sanitize]30,13,４階建て以上共同住宅,駐車（輪）場,70歳以上,その他,施錠した
窃盗,自転車盗,西宮,西宮中央,282049,兵庫県,西宮市,高松町,2023[sanitize]11[sanitize]10,09,その他,駐車（輪）場,20歳代,大学生,施錠せず
窃盗,自転車盗,西宮,西宮中央,282049,兵庫県,西宮市,高松町,2023[sanitize]11[sanitize]18,01,その他,駐車（輪）場,40歳代,その他,施錠せず
窃盗,自転車盗,西宮,西宮中央,282049,兵庫県,西宮市,高松町,2023[sanitize]11[sanitize]19,17,その他,駐車（輪）場,30歳代,その他,施錠せず
窃盗,自転車盗,西宮,西宮中央,282049,兵庫県,西宮市,高松町,2023[sanitize]11[sanitize]21,09,道路上,その他,20歳代,大学生,施錠した
窃盗,自転車盗,西宮,西宮中央,282049,兵庫県,西宮市,高松町,2023[sanitize]12[sanitize]13,07,その他,駐車（輪）場,10歳代,高校生,施錠せず
窃盗,自転車盗,西宮,西宮中央,282049,兵庫県,西宮市,高松町,2023[sanitize]12[sanitize]18,15,その他,駐車（輪）場,20歳代,大学生,施錠せず
窃盗,自転車盗,西宮,西宮中央,282049,兵庫県,西宮市,田代町,2021[sanitize]04[sanitize]28,19,その他,その他,40歳代,その他,施錠せず
窃盗,自転車盗,西宮,西宮中央,282049,兵庫県,西宮市,田代町,2023[sanitize]04[sanitize]01,19,４階建て以上共同住宅,駐車（輪）場,40歳代,その他,施錠した
窃盗,自転車盗,西宮,西宮中央,282049,兵庫県,西宮市,田代町,2023[sanitize]12[sanitize]01,18,４階建て以上共同住宅,駐車（輪）場,50歳代,その他,施錠した
窃盗,自転車盗,西宮,西宮中央,282049,兵庫県,西宮市,田代町,2023[sanitize]12[sanitize]16,23,４階建て以上共同住宅,駐車（輪）場,20歳代,その他,施錠した
窃盗,自転車盗,西宮,西宮中央,282049,兵庫県,西宮市,中須佐町,2022[sanitize]12[sanitize]29,21,その他の住宅（３階建て以下共同住宅等）,駐車（輪）場,30歳代,その他,施錠せず
窃盗,自転車盗,西宮,西宮中央,282049,兵庫県,西宮市,長田町,2023[sanitize]08[sanitize]11,17,その他,駐車（輪）場,40歳代,その他,施錠せず
窃盗,自転車盗,西宮,西宮中央,282049,兵庫県,西宮市,長田町,2023[sanitize]08[sanitize]17,13,その他,駐車（輪）場,70歳以上,その他,施錠した
窃盗,自転車盗,西宮,西宮中央,282049,兵庫県,西宮市,長田町,2023[sanitize]10[sanitize]19,07,その他,駐車（輪）場,20歳代,その他,施錠せず
窃盗,自転車盗,西宮,西宮中央,282049,兵庫県,西宮市,長田町,2023[sanitize]10[sanitize]27,12,その他,駐車（輪）場,20歳代,大学生,施錠した
窃盗,自転車盗,西宮,西宮中央,282049,兵庫県,西宮市,長田町,2023[sanitize]11[sanitize]01,20,その他,駐車（輪）場,30歳代,その他,施錠した
窃盗,自転車盗,西宮,西宮中央,282049,兵庫県,西宮市,長田町,2023[sanitize]11[sanitize]04,09,その他,駐車（輪）場,60[sanitize]64歳,その他,施錠した
窃盗,自転車盗,西宮,西宮中央,282049,兵庫県,西宮市,両度町,2023[sanitize]02[sanitize]01,18,４階建て以上共同住宅,駐車（輪）場,10歳代,中学生,施錠せず
窃盗,自転車盗,西宮,西宮中央,282049,兵庫県,西宮市,両度町,2023[sanitize]09[sanitize]05,15,４階建て以上共同住宅,駐車（輪）場,70歳以上,その他,施錠せず
窃盗,自転車盗,西宮,西宮浜,282049,兵庫県,西宮市,西宮浜１丁目,2023[sanitize]07[sanitize]12,20,道路上,その他,10歳代,高校生,施錠せず
窃盗,自転車盗,西宮,西宮浜,282049,兵庫県,西宮市,西宮浜３丁目,2023[sanitize]08[sanitize]01,11,その他,駐車（輪）場,10歳代,中学生,施錠せず
窃盗,自転車盗,西宮,西宮浜,282049,兵庫県,西宮市,西宮浜３丁目,2023[sanitize]08[sanitize]30,17,その他,駐車（輪）場,10歳代,小学生,施錠せず
窃盗,自転車盗,西宮,西宮浜,282049,兵庫県,西宮市,西宮浜３丁目,2023[sanitize]09[sanitize]17,18,その他,駐車（輪）場,10歳代,高校生,施錠せず
窃盗,自転車盗,西宮,西宮浜,282049,兵庫県,西宮市,西宮浜３丁目,2023[sanitize]09[sanitize]19,16,その他,駐車（輪）場,10歳代,高校生,施錠せず
窃盗,自転車盗,西宮,西宮浜,282049,兵庫県,西宮市,西宮浜３丁目,2023[sanitize]09[sanitize]19,17,その他,駐車（輪）場,10歳代,小学生,施錠せず
窃盗,自転車盗,西宮,西宮浜,282049,兵庫県,西宮市,西宮浜３丁目,2023[sanitize]09[sanitize]27,19,その他,駐車（輪）場,10歳代,中学生,施錠せず
窃盗,自転車盗,西宮,西宮浜,282049,兵庫県,西宮市,西宮浜４丁目,2022[sanitize]01[sanitize]10,不明,道路上,その他,法人・団体、被害者なし,法人・団体、被害者なし,施錠せず
窃盗,自転車盗,西宮,西宮浜,282049,兵庫県,西宮市,西宮浜４丁目,2023[sanitize]02[sanitize]16,18,４階建て以上共同住宅,駐車（輪）場,10歳代,小学生,施錠せず
窃盗,自転車盗,西宮,西宮浜,282049,兵庫県,西宮市,西宮浜４丁目,2023[sanitize]03[sanitize]24,22,４階建て以上共同住宅,駐車（輪）場,40歳代,その他,施錠した
窃盗,自転車盗,西宮,西宮浜,282049,兵庫県,西宮市,西宮浜４丁目,2023[sanitize]04[sanitize]05,20,４階建て以上共同住宅,駐車（輪）場,20歳代,その他,施錠した
窃盗,自転車盗,西宮,西宮浜,282049,兵庫県,西宮市,西宮浜４丁目,2023[sanitize]05[sanitize]13,19,４階建て以上共同住宅,駐車（輪）場,10歳代,高校生,施錠した
窃盗,自転車盗,西宮,西宮浜,282049,兵庫県,西宮市,西宮浜４丁目,2023[sanitize]06[sanitize]05,22,４階建て以上共同住宅,駐車（輪）場,20歳代,大学生,施錠した
窃盗,自転車盗,西宮,西宮浜,282049,兵庫県,西宮市,西宮浜４丁目,2023[sanitize]07[sanitize]28,16,４階建て以上共同住宅,駐車（輪）場,70歳以上,その他,施錠した
窃盗,自転車盗,西宮,西宮浜,282049,兵庫県,西宮市,西宮浜４丁目,2023[sanitize]09[sanitize]02,19,４階建て以上共同住宅,駐車（輪）場,50歳代,その他,施錠せず
窃盗,自転車盗,西宮,西宮浜,282049,兵庫県,西宮市,西宮浜４丁目,2023[sanitize]09[sanitize]11,16,４階建て以上共同住宅,駐車（輪）場,10歳未満,小学生,施錠した
窃盗,自転車盗,西宮,西宮浜,282049,兵庫県,西宮市,西宮浜４丁目,2023[sanitize]10[sanitize]27,18,４階建て以上共同住宅,その他,50歳代,その他,施錠せず
窃盗,自転車盗,西宮,西宮駅前,282049,兵庫県,西宮市,池田町,2023[sanitize]05[sanitize]01,07,４階建て以上共同住宅,駐車（輪）場,70歳以上,その他,施錠せず
窃盗,自転車盗,西宮,西宮駅前,282049,兵庫県,西宮市,池田町,2023[sanitize]05[sanitize]16,22,４階建て以上共同住宅,駐車（輪）場,20歳代,その他,施錠せず
窃盗,自転車盗,西宮,西宮駅前,282049,兵庫県,西宮市,池田町,2023[sanitize]10[sanitize]21,16,その他,駐車（輪）場,20歳代,大学生,施錠した
窃盗,自転車盗,西宮,西宮駅前,282049,兵庫県,西宮市,池田町,2023[sanitize]12[sanitize]17,09,その他,駐車（輪）場,20歳代,大学生,施錠した
窃盗,自転車盗,西宮,西宮駅前,282049,兵庫県,西宮市,池田町,2023[sanitize]12[sanitize]20,22,道路上,その他,10歳代,高校生,施錠せず
窃盗,自転車盗,西宮,西宮駅前,282049,兵庫県,西宮市,染殿町,2023[sanitize]04[sanitize]12,18,４階建て以上共同住宅,駐車（輪）場,20歳代,大学生,施錠せず
窃盗,自転車盗,西宮,西宮駅前,282049,兵庫県,西宮市,津門綾羽町,2023[sanitize]10[sanitize]04,18,駐車（輪）場,駐車（輪）場,30歳代,その他,施錠した
窃盗,自転車盗,西宮,西宮駅前,282049,兵庫県,西宮市,津門稲荷町,2023[sanitize]07[sanitize]26,20,一戸建住宅,その他,70歳以上,その他,施錠せず
窃盗,自転車盗,西宮,西宮駅前,282049,兵庫県,西宮市,津門大箇町,2023[sanitize]02[sanitize]20,16,４階建て以上共同住宅,駐車（輪）場,20歳代,その他,施錠せず
窃盗,自転車盗,西宮,西宮駅前,282049,兵庫県,西宮市,津門大箇町,2023[sanitize]03[sanitize]30,19,４階建て以上共同住宅,駐車（輪）場,40歳代,その他,施錠した
窃盗,自転車盗,西宮,西宮駅前,282049,兵庫県,西宮市,津門大塚町,2023[sanitize]07[sanitize]02,17,一戸建住宅,その他,10歳代,高校生,施錠せず
窃盗,自転車盗,西宮,西宮駅前,282049,兵庫県,西宮市,津門大塚町,2023[sanitize]07[sanitize]15,13,その他,駐車（輪）場,50歳代,その他,施錠した
窃盗,自転車盗,西宮,西宮駅前,282049,兵庫県,西宮市,津門大塚町,2023[sanitize]09[sanitize]08,14,その他,駐車（輪）場,20歳代,その他,施錠した
窃盗,自転車盗,西宮,西宮駅前,282049,兵庫県,西宮市,津門西口町,2023[sanitize]02[sanitize]17,12,４階建て以上共同住宅,駐車（輪）場,70歳以上,その他,施錠した
窃盗,自転車盗,西宮,西宮駅前,282049,兵庫県,西宮市,松原町,2023[sanitize]02[sanitize]13,16,道路上,その他,10歳代,小学生,施錠せず
窃盗,自転車盗,西宮,西宮駅前,282049,兵庫県,西宮市,松原町,2023[sanitize]06[sanitize]10,22,４階建て以上共同住宅,駐車（輪）場,40歳代,その他,施錠せず
窃盗,自転車盗,西宮,西宮駅前,282049,兵庫県,西宮市,松原町,2023[sanitize]07[sanitize]10,21,４階建て以上共同住宅,駐車（輪）場,40歳代,その他,施錠した
窃盗,自転車盗,西宮,越木岩,282049,兵庫県,西宮市,石刎町,2022[sanitize]12[sanitize]21,10,その他,その他,20歳代,大学生,施錠した
窃盗,自転車盗,西宮,越木岩,282049,兵庫県,西宮市,石刎町,2023[sanitize]08[sanitize]29,11,４階建て以上共同住宅,駐車（輪）場,60[sanitize]64歳,その他,施錠した
窃盗,自転車盗,西宮,越木岩,282049,兵庫県,西宮市,甲陽園本庄町,2023[sanitize]01[sanitize]30,23,４階建て以上共同住宅,その他,20歳代,その他,施錠した
窃盗,自転車盗,西宮,越木岩,282049,兵庫県,西宮市,樋之池町,2023[sanitize]07[sanitize]16,22,道路上,その他,50歳代,その他,施錠した
窃盗,自転車盗,西宮,門戸,282049,兵庫県,西宮市,岡田山,2023[sanitize]06[sanitize]09,10,その他,駐車（輪）場,20歳代,大学生,施錠せず
窃盗,自転車盗,西宮,門戸,282049,兵庫県,西宮市,岡田山,2023[sanitize]06[sanitize]16,13,その他,駐車（輪）場,20歳代,大学生,施錠せず
窃盗,自転車盗,西宮,門戸,282049,兵庫県,西宮市,岡田山,2023[sanitize]10[sanitize]20,13,その他,駐車（輪）場,70歳以上,その他,施錠した
窃盗,自転車盗,西宮,門戸,282049,兵庫県,西宮市,下大市西町,2023[sanitize]08[sanitize]14,19,その他の住宅（３階建て以下共同住宅等）,駐車（輪）場,10歳代,小学生,施錠せず
窃盗,自転車盗,西宮,門戸,282049,兵庫県,西宮市,下大市西町,2023[sanitize]09[sanitize]25,07,駐車（輪）場,駐車（輪）場,20歳代,その他,施錠せず
窃盗,自転車盗,西宮,門戸,282049,兵庫県,西宮市,下大市東町,2022[sanitize]12[sanitize]20,08,道路上,その他,20歳代,大学生,施錠した
窃盗,自転車盗,西宮,門戸,282049,兵庫県,西宮市,下大市東町,2023[sanitize]03[sanitize]01,10,その他の住宅（３階建て以下共同住宅等）,その他,10歳代,大学生,施錠せず
窃盗,自転車盗,西宮,門戸,282049,兵庫県,西宮市,下大市東町,2023[sanitize]05[sanitize]12,23,その他の住宅（３階建て以下共同住宅等）,駐車（輪）場,20歳代,その他,施錠した
窃盗,自転車盗,西宮,門戸,282049,兵庫県,西宮市,下大市東町,2023[sanitize]06[sanitize]08,12,その他,駐車（輪）場,20歳代,大学生,施錠せず
窃盗,自転車盗,西宮,門戸,282049,兵庫県,西宮市,下大市東町,2023[sanitize]06[sanitize]13,19,その他,駐車（輪）場,10歳代,大学生,施錠せず
窃盗,自転車盗,西宮,門戸,282049,兵庫県,西宮市,下大市東町,2023[sanitize]06[sanitize]19,23,その他の住宅（３階建て以下共同住宅等）,駐車（輪）場,10歳代,大学生,施錠せず
窃盗,自転車盗,西宮,門戸,282049,兵庫県,西宮市,下大市東町,2023[sanitize]07[sanitize]31,19,道路上,その他,20歳代,大学生,施錠せず
窃盗,自転車盗,西宮,門戸,282049,兵庫県,西宮市,下大市東町,2023[sanitize]08[sanitize]16,17,その他の住宅（３階建て以下共同住宅等）,その他,20歳代,大学生,施錠せず
窃盗,自転車盗,西宮,門戸,282049,兵庫県,西宮市,下大市東町,2023[sanitize]09[sanitize]29,07,その他,駐車（輪）場,20歳代,その他,施錠せず
窃盗,自転車盗,西宮,門戸,282049,兵庫県,西宮市,下大市東町,2023[sanitize]11[sanitize]16,08,その他,駐車（輪）場,50歳代,その他,施錠せず
窃盗,自転車盗,西宮,門戸,282049,兵庫県,西宮市,野間町,2023[sanitize]03[sanitize]16,19,４階建て以上共同住宅,駐車（輪）場,20歳代,その他,施錠した
窃盗,自転車盗,西宮,門戸,282049,兵庫県,西宮市,野間町,2023[sanitize]07[sanitize]28,10,その他,その他,10歳代,高校生,施錠せず
窃盗,自転車盗,西宮,門戸,282049,兵庫県,西宮市,林田町,2023[sanitize]11[sanitize]05,18,その他,駐車（輪）場,20歳代,大学生,施錠せず
窃盗,自転車盗,西宮,門戸,282049,兵庫県,西宮市,丸橋町,2023[sanitize]04[sanitize]14,19,その他の住宅（３階建て以下共同住宅等）,駐車（輪）場,10歳代,大学生,施錠せず
窃盗,自転車盗,西宮,門戸,282049,兵庫県,西宮市,丸橋町,2023[sanitize]06[sanitize]08,14,その他の住宅（３階建て以下共同住宅等）,駐車（輪）場,30歳代,その他,施錠せず
窃盗,自転車盗,西宮,門戸,282049,兵庫県,西宮市,丸橋町,2023[sanitize]06[sanitize]14,12,その他の住宅（３階建て以下共同住宅等）,駐車（輪）場,20歳代,大学生,施錠せず
窃盗,自転車盗,西宮,門戸,282049,兵庫県,西宮市,丸橋町,2023[sanitize]09[sanitize]12,16,一戸建住宅,その他,20歳代,その他,施錠した
窃盗,自転車盗,西宮,門戸,282049,兵庫県,西宮市,丸橋町,2023[sanitize]10[sanitize]24,18,４階建て以上共同住宅,駐車（輪）場,10歳代,その他,施錠せず
窃盗,自転車盗,西宮,門戸,282049,兵庫県,西宮市,丸橋町,2023[sanitize]11[sanitize]03,18,４階建て以上共同住宅,駐車（輪）場,40歳代,その他,施錠した
窃盗,自転車盗,西宮,門戸,282049,兵庫県,西宮市,門戸岡田町,2022[sanitize]11[sanitize]20,12,その他の住宅（３階建て以下共同住宅等）,その他,20歳代,大学生,施錠した
窃盗,自転車盗,西宮,門戸,282049,兵庫県,西宮市,門戸岡田町,2023[sanitize]09[sanitize]30,20,その他の住宅（３階建て以下共同住宅等）,駐車（輪）場,40歳代,その他,施錠せず
窃盗,自転車盗,西宮,門戸,282049,兵庫県,西宮市,門戸岡田町,2023[sanitize]10[sanitize]10,21,その他の住宅（３階建て以下共同住宅等）,駐車（輪）場,20歳代,大学生,施錠せず
窃盗,自転車盗,西宮,門戸,282049,兵庫県,西宮市,門戸西町,2023[sanitize]06[sanitize]23,19,道路上,その他,40歳代,その他,施錠せず
窃盗,自転車盗,西宮,門戸,282049,兵庫県,西宮市,門戸西町,2023[sanitize]10[sanitize]06,12,４階建て以上共同住宅,駐車（輪）場,50歳代,その他,施錠した
窃盗,自転車盗,西宮,門戸,282049,兵庫県,西宮市,門戸西町,2023[sanitize]10[sanitize]30,15,その他の住宅（３階建て以下共同住宅等）,駐車（輪）場,20歳代,大学生,施錠した
窃盗,自転車盗,西宮,門戸,282049,兵庫県,西宮市,門戸東町,2023[sanitize]12[sanitize]04,17,その他の住宅（３階建て以下共同住宅等）,駐車（輪）場,10歳代,大学生,施錠せず
窃盗,自転車盗,西宮,門戸,282049,兵庫県,西宮市,門戸荘,2023[sanitize]03[sanitize]10,18,その他の住宅（３階建て以下共同住宅等）,駐車（輪）場,30歳代,その他,施錠せず
窃盗,自転車盗,西宮,門戸,282049,兵庫県,西宮市,門戸荘,2023[sanitize]06[sanitize]08,03,４階建て以上共同住宅,駐車（輪）場,20歳代,大学生,施錠した
窃盗,自転車盗,西宮,門戸,282049,兵庫県,西宮市,門戸荘,2023[sanitize]08[sanitize]21,08,４階建て以上共同住宅,駐車（輪）場,20歳代,大学生,施錠した
窃盗,自転車盗,西宮,門戸,282049,兵庫県,西宮市,門戸荘,2023[sanitize]10[sanitize]28,14,４階建て以上共同住宅,駐車（輪）場,20歳代,その他,施錠した
窃盗,自転車盗,西宮,門戸,282049,兵庫県,西宮市,門戸荘,2023[sanitize]12[sanitize]01,22,その他,駐車（輪）場,10歳代,高校生,施錠せず
窃盗,自転車盗,西宮,青木,282049,兵庫県,西宮市,青木町,2022[sanitize]11[sanitize]16,12,その他の住宅（３階建て以下共同住宅等）,駐車（輪）場,40歳代,その他,施錠した
窃盗,自転車盗,西宮,青木,282049,兵庫県,西宮市,青木町,2022[sanitize]12[sanitize]31,21,その他の住宅（３階建て以下共同住宅等）,その他,20歳代,その他,施錠せず
窃盗,自転車盗,西宮,青木,282049,兵庫県,西宮市,青木町,2023[sanitize]02[sanitize]17,20,４階建て以上共同住宅,駐車（輪）場,40歳代,その他,施錠した
窃盗,自転車盗,西宮,青木,282049,兵庫県,西宮市,青木町,2023[sanitize]03[sanitize]02,09,一戸建住宅,駐車（輪）場,30歳代,その他,施錠した
窃盗,自転車盗,西宮,青木,282049,兵庫県,西宮市,青木町,2023[sanitize]04[sanitize]18,16,４階建て以上共同住宅,駐車（輪）場,30歳代,その他,施錠した
窃盗,自転車盗,西宮,青木,282049,兵庫県,西宮市,青木町,2023[sanitize]05[sanitize]08,12,その他の住宅（３階建て以下共同住宅等）,その他,50歳代,その他,施錠せず
窃盗,自転車盗,西宮,青木,282049,兵庫県,西宮市,青木町,2023[sanitize]08[sanitize]27,21,その他の住宅（３階建て以下共同住宅等）,駐車（輪）場,30歳代,その他,施錠せず
窃盗,自転車盗,西宮,青木,282049,兵庫県,西宮市,青木町,2023[sanitize]10[sanitize]06,14,４階建て以上共同住宅,駐車（輪）場,40歳代,その他,施錠せず
窃盗,自転車盗,西宮,青木,282049,兵庫県,西宮市,青木町,2023[sanitize]10[sanitize]23,17,その他の住宅（３階建て以下共同住宅等）,駐車（輪）場,20歳代,その他,施錠せず
窃盗,自転車盗,西宮,青木,282049,兵庫県,西宮市,愛宕山,2023[sanitize]06[sanitize]05,20,その他の住宅（３階建て以下共同住宅等）,駐車（輪）場,30歳代,その他,施錠せず
窃盗,自転車盗,西宮,青木,282049,兵庫県,西宮市,愛宕山,2023[sanitize]09[sanitize]10,17,４階建て以上共同住宅,その他,20歳代,その他,施錠せず
窃盗,自転車盗,西宮,青木,282049,兵庫県,西宮市,河原町,2023[sanitize]10[sanitize]21,10,その他,駐車（輪）場,20歳代,その他,施錠せず
窃盗,自転車盗,西宮,青木,282049,兵庫県,西宮市,越水町,2023[sanitize]10[sanitize]25,23,４階建て以上共同住宅,駐車（輪）場,30歳代,その他,施錠せず
窃盗,自転車盗,西宮,青木,282049,兵庫県,西宮市,大社町,2023[sanitize]09[sanitize]27,20,４階建て以上共同住宅,駐車（輪）場,60[sanitize]64歳,その他,施錠せず
窃盗,自転車盗,西宮,青木,282049,兵庫県,西宮市,中屋町,2023[sanitize]02[sanitize]26,22,その他の住宅（３階建て以下共同住宅等）,駐車（輪）場,10歳代,中学生,施錠せず
窃盗,自転車盗,西宮,青木,282049,兵庫県,西宮市,中屋町,2023[sanitize]06[sanitize]04,21,その他の住宅（３階建て以下共同住宅等）,駐車（輪）場,30歳代,その他,施錠せず
窃盗,自転車盗,西宮,青木,282049,兵庫県,西宮市,能登町,2023[sanitize]06[sanitize]12,21,４階建て以上共同住宅,駐車（輪）場,10歳代,中学生,施錠せず
窃盗,自転車盗,西宮,青木,282049,兵庫県,西宮市,広田町,2023[sanitize]02[sanitize]06,15,その他,駐車（輪）場,10歳代,小学生,施錠せず
窃盗,自転車盗,西宮,青木,282049,兵庫県,西宮市,広田町,2023[sanitize]02[sanitize]08,18,４階建て以上共同住宅,駐車（輪）場,40歳代,その他,施錠せず
窃盗,自転車盗,西宮,青木,282049,兵庫県,西宮市,室川町,2023[sanitize]08[sanitize]17,14,その他,駐車（輪）場,60[sanitize]64歳,その他,施錠した
窃盗,自転車盗,西宮,青木,282049,兵庫県,西宮市,室川町,2023[sanitize]10[sanitize]25,20,４階建て以上共同住宅,駐車（輪）場,20歳代,その他,施錠した
窃盗,自転車盗,西宮,青木,282049,兵庫県,西宮市,柳本町,2023[sanitize]06[sanitize]04,19,４階建て以上共同住宅,駐車（輪）場,20歳代,大学生,施錠せず
窃盗,自転車盗,西宮,青木,282049,兵庫県,西宮市,柳本町,2023[sanitize]12[sanitize]15,17,道路上,その他,10歳代,中学生,施錠せず
窃盗,自転車盗,甲子園,上田,282049,兵庫県,西宮市,上田中町,2023[sanitize]03[sanitize]27,19,一戸建住宅,駐車（輪）場,70歳以上,その他,施錠した
窃盗,自転車盗,甲子園,上田,282049,兵庫県,西宮市,上田中町,2023[sanitize]07[sanitize]30,14,道路上,その他,50歳代,その他,施錠した
窃盗,自転車盗,甲子園,上田,282049,兵庫県,西宮市,上田中町,2023[sanitize]09[sanitize]05,21,一戸建住宅,駐車（輪）場,10歳代,高校生,施錠せず
窃盗,自転車盗,甲子園,上田,282049,兵庫県,西宮市,上田西町,2023[sanitize]06[sanitize]10,09,その他,駐車（輪）場,10歳代,その他,施錠せず
窃盗,自転車盗,甲子園,上田,282049,兵庫県,西宮市,上田西町,2023[sanitize]09[sanitize]17,15,その他,その他,10歳未満,小学生,施錠せず
窃盗,自転車盗,甲子園,上田,282049,兵庫県,西宮市,上田東町,2023[sanitize]03[sanitize]17,19,道路上,その他,20歳代,大学生,施錠せず
窃盗,自転車盗,甲子園,上田,282049,兵庫県,西宮市,上田東町,2023[sanitize]03[sanitize]27,16,道路上,その他,20歳代,その他,施錠せず
窃盗,自転車盗,甲子園,上田,282049,兵庫県,西宮市,上田東町,2023[sanitize]05[sanitize]11,16,４階建て以上共同住宅,駐車（輪）場,60[sanitize]64歳,その他,施錠せず
窃盗,自転車盗,甲子園,上田,282049,兵庫県,西宮市,上田東町,2023[sanitize]05[sanitize]30,08,その他,その他,20歳代,その他,施錠せず
窃盗,自転車盗,甲子園,上田,282049,兵庫県,西宮市,上田東町,2023[sanitize]10[sanitize]14,12,その他,その他,20歳代,その他,施錠せず
窃盗,自転車盗,甲子園,上田,282049,兵庫県,西宮市,上田東町,2023[sanitize]12[sanitize]23,12,その他,その他,10歳代,中学生,施錠せず
窃盗,自転車盗,甲子園,上田,282049,兵庫県,西宮市,笠屋町,2023[sanitize]03[sanitize]10,14,４階建て以上共同住宅,駐車（輪）場,50歳代,その他,施錠した
窃盗,自転車盗,甲子園,上田,282049,兵庫県,西宮市,笠屋町,2023[sanitize]03[sanitize]10,17,一戸建住宅,その他,65[sanitize]69歳,その他,施錠した
窃盗,自転車盗,甲子園,上田,282049,兵庫県,西宮市,笠屋町,2023[sanitize]06[sanitize]06,19,道路上,その他,70歳以上,その他,施錠した
窃盗,自転車盗,甲子園,上田,282049,兵庫県,西宮市,笠屋町,2023[sanitize]06[sanitize]17,19,道路上,その他,70歳以上,その他,施錠した
窃盗,自転車盗,甲子園,上田,282049,兵庫県,西宮市,笠屋町,2023[sanitize]06[sanitize]21,19,道路上,その他,10歳代,中学生,施錠せず
窃盗,自転車盗,甲子園,上田,282049,兵庫県,西宮市,笠屋町,2023[sanitize]10[sanitize]12,22,４階建て以上共同住宅,駐車（輪）場,10歳代,中学生,施錠せず
窃盗,自転車盗,甲子園,上田,282049,兵庫県,西宮市,笠屋町,2023[sanitize]10[sanitize]19,16,４階建て以上共同住宅,駐車（輪）場,10歳代,小学生,施錠せず
窃盗,自転車盗,甲子園,上田,282049,兵庫県,西宮市,笠屋町,2023[sanitize]10[sanitize]27,08,道路上,その他,20歳代,その他,施錠せず
窃盗,自転車盗,甲子園,上田,282049,兵庫県,西宮市,笠屋町,2023[sanitize]11[sanitize]01,22,４階建て以上共同住宅,駐車（輪）場,30歳代,その他,施錠せず
窃盗,自転車盗,甲子園,上田,282049,兵庫県,西宮市,東鳴尾町１丁目,2023[sanitize]03[sanitize]31,15,４階建て以上共同住宅,駐車（輪）場,70歳以上,その他,施錠せず
窃盗,自転車盗,甲子園,上田,282049,兵庫県,西宮市,東鳴尾町１丁目,2023[sanitize]08[sanitize]08,05,一戸建住宅,その他,10歳代,中学生,施錠せず
窃盗,自転車盗,甲子園,上田,282049,兵庫県,西宮市,東鳴尾町１丁目,2023[sanitize]08[sanitize]31,22,その他,駐車（輪）場,30歳代,その他,施錠した
窃盗,自転車盗,甲子園,上田,282049,兵庫県,西宮市,東鳴尾町２丁目,2023[sanitize]05[sanitize]30,16,その他,駐車（輪）場,10歳代,高校生,施錠せず
窃盗,自転車盗,甲子園,上田,282049,兵庫県,西宮市,東鳴尾町２丁目,2023[sanitize]07[sanitize]15,06,その他,駐車（輪）場,10歳代,高校生,施錠せず
窃盗,自転車盗,甲子園,上甲子園,282049,兵庫県,西宮市,上甲子園１丁目,2023[sanitize]01[sanitize]08,20,４階建て以上共同住宅,駐車（輪）場,20歳代,その他,施錠せず
窃盗,自転車盗,甲子園,上甲子園,282049,兵庫県,西宮市,上甲子園１丁目,2023[sanitize]04[sanitize]28,18,道路上,その他,70歳以上,その他,施錠した
窃盗,自転車盗,甲子園,上甲子園,282049,兵庫県,西宮市,甲子園五番町,2023[sanitize]02[sanitize]06,15,４階建て以上共同住宅,駐車（輪）場,20歳代,大学生,施錠した
窃盗,自転車盗,甲子園,上甲子園,282049,兵庫県,西宮市,甲子園三番町,2023[sanitize]01[sanitize]29,18,その他,駐車（輪）場,65[sanitize]69歳,その他,施錠せず
窃盗,自転車盗,甲子園,上甲子園,282049,兵庫県,西宮市,甲子園三番町,2023[sanitize]02[sanitize]25,17,その他,駐車（輪）場,40歳代,その他,施錠せず
窃盗,自転車盗,甲子園,上甲子園,282049,兵庫県,西宮市,甲子園三番町,2023[sanitize]11[sanitize]04,07,その他,駐車（輪）場,30歳代,その他,施錠せず
窃盗,自転車盗,甲子園,上甲子園,282049,兵庫県,西宮市,甲子園口１丁目,2022[sanitize]12[sanitize]27,12,その他の住宅（３階建て以下共同住宅等）,駐車（輪）場,20歳代,その他,施錠した
窃盗,自転車盗,甲子園,上甲子園,282049,兵庫県,西宮市,甲子園口１丁目,2023[sanitize]01[sanitize]27,18,その他,駐車（輪）場,30歳代,その他,施錠せず
窃盗,自転車盗,甲子園,上甲子園,282049,兵庫県,西宮市,甲子園口１丁目,2023[sanitize]04[sanitize]04,06,一戸建住宅,駐車（輪）場,50歳代,その他,施錠せず
窃盗,自転車盗,甲子園,上甲子園,282049,兵庫県,西宮市,甲子園口１丁目,2023[sanitize]04[sanitize]20,07,一戸建住宅,駐車（輪）場,50歳代,その他,施錠した
窃盗,自転車盗,甲子園,上甲子園,282049,兵庫県,西宮市,甲子園口２丁目,2023[sanitize]01[sanitize]22,17,その他の住宅（３階建て以下共同住宅等）,駐車（輪）場,30歳代,その他,施錠した
窃盗,自転車盗,甲子園,上甲子園,282049,兵庫県,西宮市,甲子園口２丁目,2023[sanitize]02[sanitize]19,17,道路上,その他,50歳代,その他,施錠せず
窃盗,自転車盗,甲子園,上甲子園,282049,兵庫県,西宮市,甲子園口２丁目,2023[sanitize]04[sanitize]04,08,道路上,その他,65[sanitize]69歳,その他,施錠した
窃盗,自転車盗,甲子園,上甲子園,282049,兵庫県,西宮市,甲子園口２丁目,2023[sanitize]04[sanitize]04,10,その他の住宅（３階建て以下共同住宅等）,駐車（輪）場,30歳代,その他,施錠せず
窃盗,自転車盗,甲子園,上甲子園,282049,兵庫県,西宮市,甲子園口２丁目,2023[sanitize]05[sanitize]05,17,道路上,その他,30歳代,その他,施錠せず
窃盗,自転車盗,甲子園,上甲子園,282049,兵庫県,西宮市,甲子園口２丁目,2023[sanitize]06[sanitize]03,15,４階建て以上共同住宅,駐車（輪）場,10歳代,大学生,施錠せず
窃盗,自転車盗,甲子園,上甲子園,282049,兵庫県,西宮市,甲子園口２丁目,2023[sanitize]06[sanitize]03,19,道路上,その他,30歳代,その他,施錠した
窃盗,自転車盗,甲子園,上甲子園,282049,兵庫県,西宮市,甲子園口２丁目,2023[sanitize]06[sanitize]04,17,４階建て以上共同住宅,駐車（輪）場,40歳代,その他,施錠せず
窃盗,自転車盗,甲子園,上甲子園,282049,兵庫県,西宮市,甲子園口２丁目,2023[sanitize]06[sanitize]25,19,道路上,その他,20歳代,大学生,施錠せず
窃盗,自転車盗,甲子園,上甲子園,282049,兵庫県,西宮市,甲子園口２丁目,2023[sanitize]07[sanitize]09,19,道路上,その他,10歳代,高校生,施錠せず
窃盗,自転車盗,甲子園,上甲子園,282049,兵庫県,西宮市,甲子園口２丁目,2023[sanitize]07[sanitize]10,21,その他,その他,10歳代,中学生,施錠せず
窃盗,自転車盗,甲子園,上甲子園,282049,兵庫県,西宮市,甲子園口２丁目,2023[sanitize]07[sanitize]17,16,道路上,その他,70歳以上,その他,施錠せず
窃盗,自転車盗,甲子園,上甲子園,282049,兵庫県,西宮市,甲子園口２丁目,2023[sanitize]07[sanitize]23,20,道路上,その他,10歳代,高校生,施錠せず
窃盗,自転車盗,甲子園,上甲子園,282049,兵庫県,西宮市,甲子園口２丁目,2023[sanitize]08[sanitize]05,18,その他,その他,40歳代,その他,施錠せず
窃盗,自転車盗,甲子園,上甲子園,282049,兵庫県,西宮市,甲子園口２丁目,2023[sanitize]08[sanitize]10,08,道路上,その他,50歳代,その他,施錠せず
窃盗,自転車盗,甲子園,上甲子園,282049,兵庫県,西宮市,甲子園口２丁目,2023[sanitize]09[sanitize]29,08,駐車（輪）場,駐車（輪）場,50歳代,その他,施錠した
窃盗,自転車盗,甲子園,上甲子園,282049,兵庫県,西宮市,甲子園口２丁目,2023[sanitize]09[sanitize]30,14,道路上,その他,20歳代,その他,施錠せず
窃盗,自転車盗,甲子園,上甲子園,282049,兵庫県,西宮市,甲子園口２丁目,2023[sanitize]10[sanitize]02,19,４階建て以上共同住宅,駐車（輪）場,20歳代,その他,施錠せず
窃盗,自転車盗,甲子園,上甲子園,282049,兵庫県,西宮市,甲子園口２丁目,2023[sanitize]10[sanitize]27,15,駐車（輪）場,駐車（輪）場,10歳代,高校生,施錠せず
窃盗,自転車盗,甲子園,上甲子園,282049,兵庫県,西宮市,甲子園口２丁目,2023[sanitize]10[sanitize]27,18,道路上,その他,40歳代,その他,施錠せず
窃盗,自転車盗,甲子園,上甲子園,282049,兵庫県,西宮市,甲子園口２丁目,2023[sanitize]11[sanitize]03,18,駐車（輪）場,駐車（輪）場,20歳代,大学生,施錠した
窃盗,自転車盗,甲子園,上甲子園,282049,兵庫県,西宮市,甲子園口２丁目,2023[sanitize]11[sanitize]05,20,道路上,その他,10歳代,高校生,施錠せず
窃盗,自転車盗,甲子園,上甲子園,282049,兵庫県,西宮市,甲子園口２丁目,2023[sanitize]11[sanitize]09,12,道路上,その他,70歳以上,その他,施錠せず
窃盗,自転車盗,甲子園,上甲子園,282049,兵庫県,西宮市,甲子園口２丁目,2023[sanitize]11[sanitize]22,23,その他,駐車（輪）場,20歳代,その他,施錠せず
窃盗,自転車盗,甲子園,上甲子園,282049,兵庫県,西宮市,甲子園口２丁目,2023[sanitize]11[sanitize]28,12,その他,駐車（輪）場,10歳代,大学生,施錠せず
窃盗,自転車盗,甲子園,上甲子園,282049,兵庫県,西宮市,甲子園口２丁目,2023[sanitize]12[sanitize]25,06,道路上,その他,10歳代,高校生,施錠した
窃盗,自転車盗,甲子園,上甲子園,282049,兵庫県,西宮市,甲子園口３丁目,2022[sanitize]12[sanitize]30,01,道路上,その他,50歳代,その他,施錠せず
窃盗,自転車盗,甲子園,上甲子園,282049,兵庫県,西宮市,甲子園口３丁目,2023[sanitize]02[sanitize]04,18,４階建て以上共同住宅,駐車（輪）場,40歳代,その他,施錠した
窃盗,自転車盗,甲子園,上甲子園,282049,兵庫県,西宮市,甲子園口３丁目,2023[sanitize]02[sanitize]07,07,その他,駐車（輪）場,20歳代,その他,施錠した
窃盗,自転車盗,甲子園,上甲子園,282049,兵庫県,西宮市,甲子園口３丁目,2023[sanitize]03[sanitize]23,07,その他,駐車（輪）場,20歳代,その他,施錠せず
窃盗,自転車盗,甲子園,上甲子園,282049,兵庫県,西宮市,甲子園口３丁目,2023[sanitize]04[sanitize]04,09,道路上,その他,20歳代,大学生,施錠した
窃盗,自転車盗,甲子園,上甲子園,282049,兵庫県,西宮市,甲子園口３丁目,2023[sanitize]05[sanitize]30,16,駐車（輪）場,駐車（輪）場,50歳代,その他,施錠した
窃盗,自転車盗,甲子園,上甲子園,282049,兵庫県,西宮市,甲子園口３丁目,2023[sanitize]06[sanitize]20,17,駐車（輪）場,駐車（輪）場,20歳代,その他,施錠せず
窃盗,自転車盗,甲子園,上甲子園,282049,兵庫県,西宮市,甲子園口３丁目,2023[sanitize]07[sanitize]13,09,道路上,その他,65[sanitize]69歳,その他,施錠せず
窃盗,自転車盗,甲子園,上甲子園,282049,兵庫県,西宮市,甲子園口３丁目,2023[sanitize]08[sanitize]23,08,その他,駐車（輪）場,10歳代,高校生,施錠した
窃盗,自転車盗,甲子園,上甲子園,282049,兵庫県,西宮市,甲子園口３丁目,2023[sanitize]08[sanitize]24,07,その他,駐車（輪）場,10歳代,その他,施錠せず
窃盗,自転車盗,甲子園,上甲子園,282049,兵庫県,西宮市,甲子園口３丁目,2023[sanitize]09[sanitize]01,00,道路上,その他,20歳代,その他,施錠した
窃盗,自転車盗,甲子園,上甲子園,282049,兵庫県,西宮市,甲子園口３丁目,2023[sanitize]09[sanitize]02,07,駐車（輪）場,駐車（輪）場,10歳代,中学生,施錠せず
窃盗,自転車盗,甲子園,上甲子園,282049,兵庫県,西宮市,甲子園口３丁目,2023[sanitize]10[sanitize]29,19,その他,駐車（輪）場,50歳代,その他,施錠した
窃盗,自転車盗,甲子園,上甲子園,282049,兵庫県,西宮市,甲子園口４丁目,2023[sanitize]02[sanitize]01,18,４階建て以上共同住宅,駐車（輪）場,60[sanitize]64歳,その他,施錠した
窃盗,自転車盗,甲子園,上甲子園,282049,兵庫県,西宮市,甲子園口５丁目,2023[sanitize]03[sanitize]14,08,道路上,その他,20歳代,大学生,施錠した
窃盗,自転車盗,甲子園,上甲子園,282049,兵庫県,西宮市,甲子園口５丁目,2023[sanitize]08[sanitize]05,18,４階建て以上共同住宅,駐車（輪）場,10歳代,中学生,施錠せず
窃盗,自転車盗,甲子園,上甲子園,282049,兵庫県,西宮市,甲子園口５丁目,2023[sanitize]12[sanitize]27,16,その他,駐車（輪）場,10歳代,高校生,施錠せず
窃盗,自転車盗,甲子園,上甲子園,282049,兵庫県,西宮市,甲子園口６丁目,2023[sanitize]04[sanitize]07,09,その他の住宅（３階建て以下共同住宅等）,その他,30歳代,その他,施錠した
窃盗,自転車盗,甲子園,上甲子園,282049,兵庫県,西宮市,甲子園口６丁目,2023[sanitize]09[sanitize]11,09,一戸建住宅,駐車（輪）場,10歳代,中学生,施錠せず
窃盗,自転車盗,甲子園,上甲子園,282049,兵庫県,西宮市,甲子園口６丁目,2023[sanitize]10[sanitize]24,19,４階建て以上共同住宅,駐車（輪）場,50歳代,その他,施錠した
窃盗,自転車盗,甲子園,上甲子園,282049,兵庫県,西宮市,小曽根町１丁目,2023[sanitize]12[sanitize]23,12,４階建て以上共同住宅,駐車（輪）場,20歳代,その他,施錠した
窃盗,自転車盗,甲子園,上甲子園,282049,兵庫県,西宮市,小曽根町４丁目,2022[sanitize]12[sanitize]30,17,一戸建住宅,その他,40歳代,その他,施錠した
窃盗,自転車盗,甲子園,上甲子園,282049,兵庫県,西宮市,戸崎町,2023[sanitize]01[sanitize]01,05,道路上,その他,50歳代,その他,施錠せず
窃盗,自転車盗,甲子園,上甲子園,282049,兵庫県,西宮市,戸崎町,2023[sanitize]05[sanitize]27,21,その他の住宅（３階建て以下共同住宅等）,駐車（輪）場,10歳代,高校生,施錠せず
窃盗,自転車盗,甲子園,上甲子園,282049,兵庫県,西宮市,若草町１丁目,2022[sanitize]11[sanitize]04,21,一戸建住宅,その他,50歳代,その他,施錠した
窃盗,自転車盗,甲子園,中津,282049,兵庫県,西宮市,甲子園網引町,2023[sanitize]03[sanitize]03,16,４階建て以上共同住宅,その他,10歳代,中学生,施錠した
窃盗,自転車盗,甲子園,中津,282049,兵庫県,西宮市,甲子園網引町,2023[sanitize]07[sanitize]16,00,道路上,その他,20歳代,その他,施錠した
窃盗,自転車盗,甲子園,中津,282049,兵庫県,西宮市,甲子園網引町,2023[sanitize]09[sanitize]26,17,４階建て以上共同住宅,駐車（輪）場,60[sanitize]64歳,その他,施錠せず
窃盗,自転車盗,甲子園,中津,282049,兵庫県,西宮市,甲子園九番町,2023[sanitize]05[sanitize]05,11,一戸建住宅,駐車（輪）場,60[sanitize]64歳,その他,施錠した
窃盗,自転車盗,甲子園,中津,282049,兵庫県,西宮市,甲子園九番町,2023[sanitize]05[sanitize]05,19,道路上,その他,20歳代,その他,施錠せず
窃盗,自転車盗,甲子園,中津,282049,兵庫県,西宮市,甲子園九番町,2023[sanitize]12[sanitize]25,21,その他,その他,10歳代,高校生,施錠せず
窃盗,自転車盗,甲子園,中津,282049,兵庫県,西宮市,甲子園洲鳥町,2023[sanitize]07[sanitize]12,10,その他,その他,30歳代,その他,施錠せず
窃盗,自転車盗,甲子園,中津,282049,兵庫県,西宮市,甲子園高潮町,2022[sanitize]12[sanitize]28,22,その他,駐車（輪）場,10歳代,大学生,施錠せず
窃盗,自転車盗,甲子園,中津,282049,兵庫県,西宮市,甲子園高潮町,2023[sanitize]02[sanitize]02,08,その他,駐車（輪）場,10歳代,その他,施錠せず
窃盗,自転車盗,甲子園,中津,282049,兵庫県,西宮市,甲子園高潮町,2023[sanitize]02[sanitize]04,17,その他,駐車（輪）場,20歳代,その他,施錠せず
窃盗,自転車盗,甲子園,中津,282049,兵庫県,西宮市,甲子園高潮町,2023[sanitize]02[sanitize]07,19,その他,駐車（輪）場,20歳代,大学生,施錠せず
窃盗,自転車盗,甲子園,中津,282049,兵庫県,西宮市,甲子園高潮町,2023[sanitize]02[sanitize]08,17,その他,駐車（輪）場,10歳代,中学生,施錠した
窃盗,自転車盗,甲子園,中津,282049,兵庫県,西宮市,甲子園高潮町,2023[sanitize]03[sanitize]19,15,駐車（輪）場,駐車（輪）場,20歳代,その他,施錠せず
窃盗,自転車盗,甲子園,中津,282049,兵庫県,西宮市,甲子園高潮町,2023[sanitize]04[sanitize]01,10,その他,駐車（輪）場,10歳代,高校生,施錠せず
窃盗,自転車盗,甲子園,中津,282049,兵庫県,西宮市,甲子園高潮町,2023[sanitize]05[sanitize]04,06,その他,駐車（輪）場,20歳代,大学生,施錠せず
窃盗,自転車盗,甲子園,中津,282049,兵庫県,西宮市,甲子園高潮町,2023[sanitize]05[sanitize]12,07,その他,駐車（輪）場,30歳代,その他,施錠せず
窃盗,自転車盗,甲子園,中津,282049,兵庫県,西宮市,甲子園高潮町,2023[sanitize]05[sanitize]28,17,その他,駐車（輪）場,20歳代,その他,施錠した
窃盗,自転車盗,甲子園,中津,282049,兵庫県,西宮市,甲子園高潮町,2023[sanitize]06[sanitize]23,09,その他,その他,20歳代,大学生,施錠せず
窃盗,自転車盗,甲子園,中津,282049,兵庫県,西宮市,甲子園高潮町,2023[sanitize]07[sanitize]21,19,駐車（輪）場,駐車（輪）場,10歳代,高校生,施錠せず
窃盗,自転車盗,甲子園,中津,282049,兵庫県,西宮市,甲子園高潮町,2023[sanitize]07[sanitize]22,14,その他,駐車（輪）場,10歳代,高校生,施錠した
窃盗,自転車盗,甲子園,中津,282049,兵庫県,西宮市,甲子園高潮町,2023[sanitize]07[sanitize]25,09,その他,駐車（輪）場,10歳代,大学生,施錠せず
窃盗,自転車盗,甲子園,中津,282049,兵庫県,西宮市,甲子園高潮町,2023[sanitize]07[sanitize]31,14,その他,駐車（輪）場,20歳代,その他,施錠せず
窃盗,自転車盗,甲子園,中津,282049,兵庫県,西宮市,甲子園高潮町,2023[sanitize]08[sanitize]01,12,その他,駐車（輪）場,10歳代,高校生,施錠せず
窃盗,自転車盗,甲子園,中津,282049,兵庫県,西宮市,甲子園高潮町,2023[sanitize]08[sanitize]02,16,道路上,その他,10歳代,中学生,施錠せず
窃盗,自転車盗,甲子園,中津,282049,兵庫県,西宮市,甲子園高潮町,2023[sanitize]08[sanitize]04,18,その他,駐車（輪）場,10歳代,高校生,施錠せず
窃盗,自転車盗,甲子園,中津,282049,兵庫県,西宮市,甲子園高潮町,2023[sanitize]08[sanitize]05,17,その他,駐車（輪）場,10歳代,中学生,施錠せず
窃盗,自転車盗,甲子園,中津,282049,兵庫県,西宮市,甲子園高潮町,2023[sanitize]08[sanitize]14,17,その他,駐車（輪）場,50歳代,その他,施錠せず
窃盗,自転車盗,甲子園,中津,282049,兵庫県,西宮市,甲子園高潮町,2023[sanitize]09[sanitize]04,16,その他,駐車（輪）場,10歳代,高校生,施錠せず
窃盗,自転車盗,甲子園,中津,282049,兵庫県,西宮市,甲子園高潮町,2023[sanitize]09[sanitize]18,23,その他,駐車（輪）場,20歳代,その他,施錠せず
窃盗,自転車盗,甲子園,中津,282049,兵庫県,西宮市,甲子園高潮町,2023[sanitize]09[sanitize]24,16,その他,駐車（輪）場,70歳以上,その他,施錠した
窃盗,自転車盗,甲子園,中津,282049,兵庫県,西宮市,甲子園高潮町,2023[sanitize]10[sanitize]11,08,その他,駐車（輪）場,20歳代,その他,施錠せず
窃盗,自転車盗,甲子園,中津,282049,兵庫県,西宮市,甲子園高潮町,2023[sanitize]10[sanitize]14,17,その他,駐車（輪）場,20歳代,その他,施錠せず
窃盗,自転車盗,甲子園,中津,282049,兵庫県,西宮市,甲子園高潮町,2023[sanitize]10[sanitize]20,18,その他,駐車（輪）場,20歳代,大学生,施錠せず
窃盗,自転車盗,甲子園,中津,282049,兵庫県,西宮市,甲子園高潮町,2023[sanitize]10[sanitize]21,17,道路上,その他,40歳代,その他,施錠した
窃盗,自転車盗,甲子園,中津,282049,兵庫県,西宮市,甲子園高潮町,2023[sanitize]10[sanitize]29,11,その他,駐車（輪）場,20歳代,その他,施錠せず
窃盗,自転車盗,甲子園,中津,282049,兵庫県,西宮市,甲子園高潮町,2023[sanitize]11[sanitize]19,20,道路上,その他,10歳代,高校生,施錠した
窃盗,自転車盗,甲子園,中津,282049,兵庫県,西宮市,甲子園高潮町,2023[sanitize]12[sanitize]02,17,その他,駐車（輪）場,20歳代,大学生,施錠せず
窃盗,自転車盗,甲子園,中津,282049,兵庫県,西宮市,甲子園口３丁目,2023[sanitize]02[sanitize]05,22,道路上,その他,20歳代,その他,施錠せず
窃盗,自転車盗,甲子園,中津,282049,兵庫県,西宮市,甲子園町,2022[sanitize]12[sanitize]28,08,その他,駐車（輪）場,10歳代,中学生,施錠せず
窃盗,自転車盗,甲子園,中津,282049,兵庫県,西宮市,甲子園町,2022[sanitize]12[sanitize]29,18,その他,駐車（輪）場,20歳代,大学生,施錠せず
窃盗,自転車盗,甲子園,中津,282049,兵庫県,西宮市,甲子園町,2023[sanitize]07[sanitize]13,17,その他,駐車（輪）場,10歳代,大学生,施錠した
窃盗,自転車盗,甲子園,中津,282049,兵庫県,西宮市,甲子園町,2023[sanitize]09[sanitize]22,22,４階建て以上共同住宅,駐車（輪）場,20歳代,その他,施錠せず
窃盗,自転車盗,甲子園,中津,282049,兵庫県,西宮市,甲子園町,2023[sanitize]11[sanitize]03,14,その他の住宅（３階建て以下共同住宅等）,駐車（輪）場,20歳代,大学生,施錠した
窃盗,自転車盗,甲子園,中津,282049,兵庫県,西宮市,浜甲子園１丁目,2023[sanitize]05[sanitize]27,14,道路上,その他,10歳代,中学生,施錠せず
窃盗,自転車盗,甲子園,中津,282049,兵庫県,西宮市,南甲子園１丁目,2023[sanitize]01[sanitize]02,18,４階建て以上共同住宅,駐車（輪）場,70歳以上,その他,施錠せず
窃盗,自転車盗,甲子園,中津,282049,兵庫県,西宮市,南甲子園１丁目,2023[sanitize]03[sanitize]16,21,４階建て以上共同住宅,駐車（輪）場,10歳代,高校生,施錠せず
窃盗,自転車盗,甲子園,中津,282049,兵庫県,西宮市,南甲子園１丁目,2023[sanitize]08[sanitize]02,10,４階建て以上共同住宅,駐車（輪）場,50歳代,その他,施錠せず
窃盗,自転車盗,甲子園,中津,282049,兵庫県,西宮市,南甲子園１丁目,2023[sanitize]10[sanitize]02,19,４階建て以上共同住宅,駐車（輪）場,30歳代,その他,施錠せず
窃盗,自転車盗,甲子園,小松,282049,兵庫県,西宮市,上鳴尾町,2023[sanitize]11[sanitize]26,22,その他の住宅（３階建て以下共同住宅等）,駐車（輪）場,20歳代,大学生,施錠せず
窃盗,自転車盗,甲子園,小松,282049,兵庫県,西宮市,学文殿町２丁目,2023[sanitize]08[sanitize]11,21,その他の住宅（３階建て以下共同住宅等）,駐車（輪）場,10歳代,高校生,施錠せず
窃盗,自転車盗,甲子園,小松,282049,兵庫県,西宮市,甲子園五番町,2023[sanitize]02[sanitize]01,20,その他,その他,70歳以上,その他,施錠した
窃盗,自転車盗,甲子園,小松,282049,兵庫県,西宮市,甲子園五番町,2023[sanitize]05[sanitize]23,16,一戸建住宅,駐車（輪）場,10歳代,高校生,施錠せず
窃盗,自転車盗,甲子園,小松,282049,兵庫県,西宮市,甲子園四番町,2023[sanitize]03[sanitize]25,06,４階建て以上共同住宅,駐車（輪）場,20歳代,その他,施錠した
窃盗,自転車盗,甲子園,小松,282049,兵庫県,西宮市,甲子園四番町,2023[sanitize]05[sanitize]05,17,４階建て以上共同住宅,駐車（輪）場,60[sanitize]64歳,その他,施錠した
窃盗,自転車盗,甲子園,小松,282049,兵庫県,西宮市,甲子園四番町,2023[sanitize]09[sanitize]03,10,４階建て以上共同住宅,駐車（輪）場,30歳代,その他,施錠した
窃盗,自転車盗,甲子園,小松,282049,兵庫県,西宮市,甲子園六番町,2022[sanitize]12[sanitize]10,22,その他,駐車（輪）場,20歳代,大学生,施錠した
窃盗,自転車盗,甲子園,小松,282049,兵庫県,西宮市,甲子園六番町,2023[sanitize]01[sanitize]13,12,その他,駐車（輪）場,20歳代,大学生,施錠せず
窃盗,自転車盗,甲子園,小松,282049,兵庫県,西宮市,甲子園六番町,2023[sanitize]04[sanitize]22,17,その他の住宅（３階建て以下共同住宅等）,駐車（輪）場,20歳代,その他,施錠した
窃盗,自転車盗,甲子園,小松,282049,兵庫県,西宮市,甲子園六番町,2023[sanitize]07[sanitize]31,15,駐車（輪）場,駐車（輪）場,10歳代,高校生,施錠せず
窃盗,自転車盗,甲子園,小松,282049,兵庫県,西宮市,甲子園六番町,2023[sanitize]12[sanitize]01,08,駐車（輪）場,駐車（輪）場,10歳代,その他,施錠した
窃盗,自転車盗,甲子園,小松,282049,兵庫県,西宮市,小松北町１丁目,2023[sanitize]01[sanitize]04,10,その他,駐車（輪）場,20歳代,その他,施錠せず
窃盗,自転車盗,甲子園,小松,282049,兵庫県,西宮市,小松北町１丁目,2023[sanitize]03[sanitize]08,13,その他,駐車（輪）場,20歳代,大学生,施錠せず
窃盗,自転車盗,甲子園,小松,282049,兵庫県,西宮市,小松北町１丁目,2023[sanitize]05[sanitize]01,00,駐車（輪）場,駐車（輪）場,50歳代,その他,施錠した
窃盗,自転車盗,甲子園,小松,282049,兵庫県,西宮市,小松北町２丁目,2023[sanitize]06[sanitize]13,03,道路上,その他,10歳代,高校生,施錠せず
窃盗,自転車盗,甲子園,小松,282049,兵庫県,西宮市,小松西町１丁目,2023[sanitize]02[sanitize]25,14,道路上,その他,30歳代,その他,施錠せず
窃盗,自転車盗,甲子園,小松,282049,兵庫県,西宮市,小松西町２丁目,2023[sanitize]04[sanitize]06,20,４階建て以上共同住宅,駐車（輪）場,30歳代,その他,施錠せず
窃盗,自転車盗,甲子園,小松,282049,兵庫県,西宮市,小松南町１丁目,2023[sanitize]06[sanitize]13,16,駐車（輪）場,駐車（輪）場,20歳代,大学生,施錠した
窃盗,自転車盗,甲子園,小松,282049,兵庫県,西宮市,小松町１丁目,2023[sanitize]08[sanitize]18,22,その他の住宅（３階建て以下共同住宅等）,駐車（輪）場,50歳代,その他,施錠した
窃盗,自転車盗,甲子園,小松,282049,兵庫県,西宮市,里中町１丁目,2023[sanitize]06[sanitize]11,01,道路上,その他,20歳代,大学生,施錠せず
窃盗,自転車盗,甲子園,小松,282049,兵庫県,西宮市,里中町１丁目,2023[sanitize]07[sanitize]10,17,道路上,その他,20歳代,その他,施錠せず
窃盗,自転車盗,甲子園,小松,282049,兵庫県,西宮市,里中町１丁目,2023[sanitize]07[sanitize]10,17,道路上,その他,20歳代,その他,施錠せず
窃盗,自転車盗,甲子園,小松,282049,兵庫県,西宮市,里中町２丁目,2023[sanitize]01[sanitize]08,15,その他,駐車（輪）場,10歳代,高校生,施錠せず
窃盗,自転車盗,甲子園,小松,282049,兵庫県,西宮市,里中町２丁目,2023[sanitize]03[sanitize]24,10,その他,その他,10歳代,高校生,施錠した
窃盗,自転車盗,甲子園,小松,282049,兵庫県,西宮市,里中町３丁目,2023[sanitize]01[sanitize]17,15,その他の住宅（３階建て以下共同住宅等）,駐車（輪）場,20歳代,大学生,施錠せず
窃盗,自転車盗,甲子園,小松,282049,兵庫県,西宮市,里中町３丁目,2023[sanitize]04[sanitize]28,08,道路上,その他,50歳代,その他,施錠せず
窃盗,自転車盗,甲子園,小松,282049,兵庫県,西宮市,里中町３丁目,2023[sanitize]09[sanitize]28,15,駐車（輪）場,駐車（輪）場,10歳代,大学生,施錠せず
窃盗,自転車盗,甲子園,小松,282049,兵庫県,西宮市,鳴尾町１丁目,2023[sanitize]01[sanitize]30,12,その他,駐車（輪）場,70歳以上,その他,施錠せず
窃盗,自転車盗,甲子園,本郷,282049,兵庫県,西宮市,池開町,2023[sanitize]03[sanitize]28,16,その他,駐車（輪）場,10歳代,その他,施錠した
窃盗,自転車盗,甲子園,本郷,282049,兵庫県,西宮市,池開町,2023[sanitize]06[sanitize]26,12,その他の住宅（３階建て以下共同住宅等）,駐車（輪）場,20歳代,大学生,施錠した
窃盗,自転車盗,甲子園,本郷,282049,兵庫県,西宮市,池開町,2023[sanitize]09[sanitize]25,21,４階建て以上共同住宅,駐車（輪）場,10歳代,中学生,施錠せず
窃盗,自転車盗,甲子園,本郷,282049,兵庫県,西宮市,池開町,2023[sanitize]10[sanitize]23,17,４階建て以上共同住宅,その他,20歳代,大学生,施錠せず
窃盗,自転車盗,甲子園,本郷,282049,兵庫県,西宮市,池開町,2023[sanitize]11[sanitize]16,20,その他,駐車（輪）場,20歳代,大学生,施錠せず
窃盗,自転車盗,甲子園,本郷,282049,兵庫県,西宮市,池開町,2023[sanitize]12[sanitize]15,21,その他,駐車（輪）場,20歳代,大学生,施錠せず
窃盗,自転車盗,甲子園,本郷,282049,兵庫県,西宮市,甲子園七番町,2022[sanitize]05[sanitize]01,10,その他,駐車（輪）場,20歳代,その他,施錠せず
窃盗,自転車盗,甲子園,本郷,282049,兵庫県,西宮市,甲子園七番町,2023[sanitize]01[sanitize]16,17,その他,駐車（輪）場,10歳代,高校生,施錠せず
窃盗,自転車盗,甲子園,本郷,282049,兵庫県,西宮市,甲子園七番町,2023[sanitize]01[sanitize]20,20,道路上,その他,10歳代,高校生,施錠せず
窃盗,自転車盗,甲子園,本郷,282049,兵庫県,西宮市,甲子園七番町,2023[sanitize]01[sanitize]30,16,道路上,その他,10歳代,高校生,施錠せず
窃盗,自転車盗,甲子園,本郷,282049,兵庫県,西宮市,甲子園七番町,2023[sanitize]02[sanitize]16,22,道路上,その他,10歳代,高校生,施錠せず
窃盗,自転車盗,甲子園,本郷,282049,兵庫県,西宮市,甲子園七番町,2023[sanitize]03[sanitize]08,14,その他,駐車（輪）場,20歳代,大学生,施錠した
窃盗,自転車盗,甲子園,本郷,282049,兵庫県,西宮市,甲子園七番町,2023[sanitize]03[sanitize]18,07,駐車（輪）場,駐車（輪）場,50歳代,その他,施錠した
窃盗,自転車盗,甲子園,本郷,282049,兵庫県,西宮市,甲子園七番町,2023[sanitize]04[sanitize]28,09,駐車（輪）場,駐車（輪）場,10歳代,その他,施錠せず
窃盗,自転車盗,甲子園,本郷,282049,兵庫県,西宮市,甲子園七番町,2023[sanitize]05[sanitize]12,22,その他の住宅（３階建て以下共同住宅等）,駐車（輪）場,10歳代,高校生,施錠せず
窃盗,自転車盗,甲子園,本郷,282049,兵庫県,西宮市,甲子園七番町,2023[sanitize]06[sanitize]14,18,道路上,その他,20歳代,その他,施錠せず
窃盗,自転車盗,甲子園,本郷,282049,兵庫県,西宮市,甲子園七番町,2023[sanitize]07[sanitize]27,19,その他,駐車（輪）場,40歳代,その他,施錠せず
窃盗,自転車盗,甲子園,本郷,282049,兵庫県,西宮市,甲子園七番町,2023[sanitize]07[sanitize]30,07,その他,駐車（輪）場,10歳代,高校生,施錠せず
窃盗,自転車盗,甲子園,本郷,282049,兵庫県,西宮市,甲子園七番町,2023[sanitize]08[sanitize]29,08,駐車（輪）場,駐車（輪）場,50歳代,その他,施錠せず
窃盗,自転車盗,甲子園,本郷,282049,兵庫県,西宮市,甲子園七番町,2023[sanitize]09[sanitize]11,00,その他の住宅（３階建て以下共同住宅等）,駐車（輪）場,10歳代,大学生,施錠せず
窃盗,自転車盗,甲子園,本郷,282049,兵庫県,西宮市,甲子園七番町,2023[sanitize]10[sanitize]24,06,駐車（輪）場,駐車（輪）場,40歳代,その他,施錠せず
窃盗,自転車盗,甲子園,本郷,282049,兵庫県,西宮市,甲子園八番町,2023[sanitize]02[sanitize]05,11,その他,駐車（輪）場,10歳代,高校生,施錠せず
窃盗,自転車盗,甲子園,本郷,282049,兵庫県,西宮市,甲子園八番町,2023[sanitize]02[sanitize]07,18,その他,駐車（輪）場,10歳代,小学生,施錠せず
窃盗,自転車盗,甲子園,本郷,282049,兵庫県,西宮市,甲子園八番町,2023[sanitize]02[sanitize]14,11,駐車（輪）場,駐車（輪）場,20歳代,大学生,施錠せず
窃盗,自転車盗,甲子園,本郷,282049,兵庫県,西宮市,甲子園八番町,2023[sanitize]02[sanitize]16,18,道路上,その他,20歳代,大学生,施錠せず
窃盗,自転車盗,甲子園,本郷,282049,兵庫県,西宮市,甲子園八番町,2023[sanitize]03[sanitize]19,13,その他,駐車（輪）場,30歳代,その他,施錠せず
窃盗,自転車盗,甲子園,本郷,282049,兵庫県,西宮市,甲子園八番町,2023[sanitize]04[sanitize]01,13,その他,駐車（輪）場,20歳代,その他,施錠した
窃盗,自転車盗,甲子園,本郷,282049,兵庫県,西宮市,甲子園八番町,2023[sanitize]07[sanitize]28,17,道路上,その他,10歳代,中学生,施錠せず
窃盗,自転車盗,甲子園,本郷,282049,兵庫県,西宮市,甲子園八番町,2023[sanitize]08[sanitize]24,10,その他,駐車（輪）場,10歳代,小学生,施錠せず
窃盗,自転車盗,甲子園,本郷,282049,兵庫県,西宮市,甲子園八番町,2023[sanitize]08[sanitize]26,22,道路上,その他,40歳代,その他,施錠せず
窃盗,自転車盗,甲子園,本郷,282049,兵庫県,西宮市,甲子園八番町,2023[sanitize]08[sanitize]29,15,その他,駐車（輪）場,10歳代,高校生,施錠せず
窃盗,自転車盗,甲子園,本郷,282049,兵庫県,西宮市,甲子園八番町,2023[sanitize]09[sanitize]06,13,その他,駐車（輪）場,10歳代,大学生,施錠せず
窃盗,自転車盗,甲子園,本郷,282049,兵庫県,西宮市,甲子園八番町,2023[sanitize]09[sanitize]21,13,その他,駐車（輪）場,20歳代,その他,施錠せず
窃盗,自転車盗,甲子園,本郷,282049,兵庫県,西宮市,甲子園八番町,2023[sanitize]10[sanitize]21,17,その他,駐車（輪）場,10歳代,高校生,施錠せず
窃盗,自転車盗,甲子園,本郷,282049,兵庫県,西宮市,甲子園八番町,2023[sanitize]10[sanitize]31,21,道路上,その他,20歳代,その他,施錠せず
窃盗,自転車盗,甲子園,本郷,282049,兵庫県,西宮市,甲子園八番町,2023[sanitize]11[sanitize]05,11,その他,駐車（輪）場,10歳代,高校生,施錠せず
窃盗,自転車盗,甲子園,本郷,282049,兵庫県,西宮市,甲子園八番町,2023[sanitize]11[sanitize]10,15,その他,駐車（輪）場,50歳代,その他,施錠した
窃盗,自転車盗,甲子園,本郷,282049,兵庫県,西宮市,甲子園八番町,2023[sanitize]11[sanitize]18,15,その他,駐車（輪）場,30歳代,その他,施錠せず
窃盗,自転車盗,甲子園,本郷,282049,兵庫県,西宮市,甲子園八番町,2023[sanitize]12[sanitize]12,08,その他の住宅（３階建て以下共同住宅等）,駐車（輪）場,20歳代,その他,施錠せず
窃盗,自転車盗,甲子園,本郷,282049,兵庫県,西宮市,甲子園八番町,2023[sanitize]12[sanitize]13,17,道路上,その他,10歳代,高校生,施錠せず
窃盗,自転車盗,甲子園,本郷,282049,兵庫県,西宮市,里中町３丁目,2023[sanitize]04[sanitize]20,08,その他,駐車（輪）場,20歳代,その他,施錠せず
窃盗,自転車盗,甲子園,本郷,282049,兵庫県,西宮市,鳴尾町１丁目,2022[sanitize]12[sanitize]22,16,その他,駐車（輪）場,10歳代,大学生,施錠せず
窃盗,自転車盗,甲子園,本郷,282049,兵庫県,西宮市,鳴尾町１丁目,2022[sanitize]12[sanitize]31,14,４階建て以上共同住宅,駐車（輪）場,20歳代,その他,施錠せず
窃盗,自転車盗,甲子園,本郷,282049,兵庫県,西宮市,鳴尾町１丁目,2023[sanitize]05[sanitize]31,18,道路上,その他,10歳代,その他,施錠せず
窃盗,自転車盗,甲子園,本郷,282049,兵庫県,西宮市,鳴尾町１丁目,2023[sanitize]06[sanitize]22,16,４階建て以上共同住宅,駐車（輪）場,10歳代,大学生,施錠せず
窃盗,自転車盗,甲子園,本郷,282049,兵庫県,西宮市,鳴尾町１丁目,2023[sanitize]06[sanitize]24,18,道路上,その他,10歳代,小学生,施錠せず
窃盗,自転車盗,甲子園,本郷,282049,兵庫県,西宮市,鳴尾町１丁目,2023[sanitize]07[sanitize]29,19,道路上,その他,10歳代,大学生,施錠せず
窃盗,自転車盗,甲子園,本郷,282049,兵庫県,西宮市,鳴尾町１丁目,2023[sanitize]08[sanitize]24,01,道路上,その他,10歳代,大学生,施錠した
窃盗,自転車盗,甲子園,本郷,282049,兵庫県,西宮市,鳴尾町１丁目,2023[sanitize]08[sanitize]26,17,４階建て以上共同住宅,駐車（輪）場,10歳代,大学生,施錠せず
窃盗,自転車盗,甲子園,本郷,282049,兵庫県,西宮市,鳴尾町１丁目,2023[sanitize]09[sanitize]25,17,その他,駐車（輪）場,10歳代,大学生,施錠せず
窃盗,自転車盗,甲子園,本郷,282049,兵庫県,西宮市,鳴尾町１丁目,2023[sanitize]11[sanitize]01,00,４階建て以上共同住宅,駐車（輪）場,50歳代,その他,施錠せず
窃盗,自転車盗,甲子園,本郷,282049,兵庫県,西宮市,鳴尾町１丁目,2023[sanitize]12[sanitize]08,16,その他,駐車（輪）場,20歳代,その他,施錠した
窃盗,自転車盗,甲子園,本郷,282049,兵庫県,西宮市,鳴尾町２丁目,2023[sanitize]05[sanitize]18,10,その他の住宅（３階建て以下共同住宅等）,その他,70歳以上,その他,施錠した
窃盗,自転車盗,甲子園,本郷,282049,兵庫県,西宮市,鳴尾町２丁目,2023[sanitize]09[sanitize]25,00,その他,駐車（輪）場,30歳代,その他,施錠せず
窃盗,自転車盗,甲子園,本郷,282049,兵庫県,西宮市,鳴尾町３丁目,2023[sanitize]01[sanitize]13,08,道路上,その他,20歳代,大学生,施錠した
窃盗,自転車盗,甲子園,本郷,282049,兵庫県,西宮市,鳴尾町３丁目,2023[sanitize]06[sanitize]04,02,その他の住宅（３階建て以下共同住宅等）,駐車（輪）場,20歳代,その他,施錠せず
窃盗,自転車盗,甲子園,本郷,282049,兵庫県,西宮市,鳴尾町３丁目,2023[sanitize]06[sanitize]10,12,４階建て以上共同住宅,駐車（輪）場,20歳代,大学生,施錠せず
窃盗,自転車盗,甲子園,本郷,282049,兵庫県,西宮市,鳴尾町３丁目,2023[sanitize]07[sanitize]07,23,その他,駐車（輪）場,20歳代,大学生,施錠せず
窃盗,自転車盗,甲子園,本郷,282049,兵庫県,西宮市,鳴尾町３丁目,2023[sanitize]07[sanitize]24,21,その他,駐車（輪）場,10歳代,中学生,施錠せず
窃盗,自転車盗,甲子園,本郷,282049,兵庫県,西宮市,鳴尾町３丁目,2023[sanitize]07[sanitize]26,13,道路上,その他,30歳代,その他,施錠した
窃盗,自転車盗,甲子園,本郷,282049,兵庫県,西宮市,鳴尾町３丁目,2023[sanitize]10[sanitize]24,06,駐車（輪）場,駐車（輪）場,10歳代,中学生,施錠せず
窃盗,自転車盗,甲子園,本郷,282049,兵庫県,西宮市,鳴尾町５丁目,2023[sanitize]01[sanitize]03,22,その他の住宅（３階建て以下共同住宅等）,その他,20歳代,その他,施錠せず
窃盗,自転車盗,甲子園,本郷,282049,兵庫県,西宮市,鳴尾町５丁目,2023[sanitize]04[sanitize]07,20,４階建て以上共同住宅,駐車（輪）場,30歳代,その他,施錠せず
窃盗,自転車盗,甲子園,本郷,282049,兵庫県,西宮市,鳴尾町５丁目,2023[sanitize]06[sanitize]30,07,一戸建住宅,駐車（輪）場,30歳代,その他,施錠せず
窃盗,自転車盗,甲子園,本郷,282049,兵庫県,西宮市,武庫川町,2022[sanitize]12[sanitize]28,11,駐車（輪）場,駐車（輪）場,20歳代,その他,施錠せず
窃盗,自転車盗,甲子園,本郷,282049,兵庫県,西宮市,武庫川町,2022[sanitize]12[sanitize]29,08,その他,駐車（輪）場,20歳代,大学生,施錠せず
窃盗,自転車盗,甲子園,本郷,282049,兵庫県,西宮市,武庫川町,2023[sanitize]03[sanitize]16,11,その他,駐車（輪）場,10歳代,大学生,施錠した
窃盗,自転車盗,甲子園,本郷,282049,兵庫県,西宮市,武庫川町,2023[sanitize]03[sanitize]29,09,駐車（輪）場,駐車（輪）場,20歳代,大学生,施錠した
窃盗,自転車盗,甲子園,本郷,282049,兵庫県,西宮市,武庫川町,2023[sanitize]08[sanitize]12,21,駐車（輪）場,駐車（輪）場,10歳代,その他,施錠した
窃盗,自転車盗,甲子園,本郷,282049,兵庫県,西宮市,武庫川町,2023[sanitize]11[sanitize]07,23,４階建て以上共同住宅,駐車（輪）場,20歳代,その他,施錠せず
窃盗,自転車盗,甲子園,本郷,282049,兵庫県,西宮市,武庫川町,2023[sanitize]11[sanitize]16,00,その他の住宅（３階建て以下共同住宅等）,駐車（輪）場,20歳代,大学生,施錠せず
窃盗,自転車盗,甲子園,本郷,282049,兵庫県,西宮市,武庫川町,2023[sanitize]12[sanitize]10,14,その他,駐車（輪）場,70歳以上,その他,施錠した
窃盗,自転車盗,甲子園,本郷,282049,兵庫県,西宮市,武庫川町,2023[sanitize]12[sanitize]11,07,駐車（輪）場,駐車（輪）場,10歳代,高校生,施錠した
窃盗,自転車盗,甲子園,枝川,282049,兵庫県,西宮市,枝川町,2023[sanitize]02[sanitize]15,18,４階建て以上共同住宅,駐車（輪）場,10歳代,高校生,施錠せず
窃盗,自転車盗,甲子園,枝川,282049,兵庫県,西宮市,枝川町,2023[sanitize]06[sanitize]18,20,その他,その他,10歳代,高校生,施錠せず
窃盗,自転車盗,甲子園,枝川,282049,兵庫県,西宮市,枝川町,2023[sanitize]08[sanitize]26,17,一戸建住宅,駐車（輪）場,30歳代,その他,施錠せず
窃盗,自転車盗,甲子園,枝川,282049,兵庫県,西宮市,枝川町,2023[sanitize]08[sanitize]26,20,一戸建住宅,駐車（輪）場,30歳代,その他,施錠せず
窃盗,自転車盗,甲子園,枝川,282049,兵庫県,西宮市,枝川町,2023[sanitize]10[sanitize]02,22,その他,その他,10歳代,その他,施錠した
窃盗,自転車盗,甲子園,枝川,282049,兵庫県,西宮市,甲子園九番町,2023[sanitize]06[sanitize]13,11,４階建て以上共同住宅,駐車（輪）場,70歳以上,その他,施錠せず
窃盗,自転車盗,甲子園,浦風,282049,兵庫県,西宮市,今津野田町,2023[sanitize]06[sanitize]03,16,道路上,その他,20歳代,その他,施錠せず
窃盗,自転車盗,甲子園,浦風,282049,兵庫県,西宮市,上甲子園２丁目,2023[sanitize]10[sanitize]09,20,４階建て以上共同住宅,駐車（輪）場,60[sanitize]64歳,その他,施錠せず
窃盗,自転車盗,甲子園,浦風,282049,兵庫県,西宮市,上甲子園２丁目,2023[sanitize]10[sanitize]15,22,４階建て以上共同住宅,その他,20歳代,その他,施錠せず
窃盗,自転車盗,甲子園,浦風,282049,兵庫県,西宮市,上甲子園２丁目,2023[sanitize]10[sanitize]20,10,４階建て以上共同住宅,その他,20歳代,その他,施錠せず
窃盗,自転車盗,甲子園,浦風,282049,兵庫県,西宮市,上甲子園３丁目,2023[sanitize]10[sanitize]21,16,その他の住宅（３階建て以下共同住宅等）,駐車（輪）場,10歳代,高校生,施錠せず
窃盗,自転車盗,甲子園,浦風,282049,兵庫県,西宮市,甲子園浦風町,2023[sanitize]05[sanitize]21,12,４階建て以上共同住宅,駐車（輪）場,20歳代,その他,施錠せず
窃盗,自転車盗,甲子園,浦風,282049,兵庫県,西宮市,甲子園浦風町,2023[sanitize]06[sanitize]25,17,駐車（輪）場,駐車（輪）場,20歳代,大学生,施錠せず
窃盗,自転車盗,甲子園,浦風,282049,兵庫県,西宮市,甲子園浦風町,2023[sanitize]07[sanitize]01,17,その他の住宅（３階建て以下共同住宅等）,駐車（輪）場,10歳代,その他,施錠せず
窃盗,自転車盗,甲子園,浦風,282049,兵庫県,西宮市,甲子園浦風町,2023[sanitize]09[sanitize]28,22,４階建て以上共同住宅,駐車（輪）場,30歳代,その他,施錠せず
窃盗,自転車盗,甲子園,浦風,282049,兵庫県,西宮市,甲子園浦風町,2023[sanitize]10[sanitize]04,15,その他,駐車（輪）場,40歳代,その他,施錠せず
窃盗,自転車盗,甲子園,浦風,282049,兵庫県,西宮市,甲子園五番町,2022[sanitize]12[sanitize]29,15,４階建て以上共同住宅,その他,10歳代,小学生,施錠せず
窃盗,自転車盗,甲子園,浦風,282049,兵庫県,西宮市,甲子園七番町,2023[sanitize]01[sanitize]23,18,道路上,その他,10歳代,中学生,施錠せず
窃盗,自転車盗,甲子園,浦風,282049,兵庫県,西宮市,甲子園砂田町,2023[sanitize]09[sanitize]26,18,道路上,その他,50歳代,その他,施錠せず
窃盗,自転車盗,甲子園,浦風,282049,兵庫県,西宮市,甲子園砂田町,2023[sanitize]10[sanitize]28,14,駐車（輪）場,駐車（輪）場,10歳代,中学生,施錠せず
窃盗,自転車盗,甲子園,浦風,282049,兵庫県,西宮市,甲子園浜田町,2023[sanitize]01[sanitize]21,00,４階建て以上共同住宅,駐車（輪）場,30歳代,その他,施錠した
窃盗,自転車盗,甲子園,浦風,282049,兵庫県,西宮市,甲子園三保町,2023[sanitize]10[sanitize]12,16,その他の住宅（３階建て以下共同住宅等）,駐車（輪）場,10歳代,高校生,施錠せず
窃盗,自転車盗,甲子園,浦風,282049,兵庫県,西宮市,甲子園六石町,2023[sanitize]09[sanitize]21,18,４階建て以上共同住宅,駐車（輪）場,10歳代,小学生,施錠せず
窃盗,自転車盗,甲子園,高須,282049,兵庫県,西宮市,上田西町,2023[sanitize]10[sanitize]19,08,４階建て以上共同住宅,駐車（輪）場,10歳代,中学生,施錠した
窃盗,自転車盗,甲子園,高須,282049,兵庫県,西宮市,高須町１丁目,2022[sanitize]12[sanitize]30,15,４階建て以上共同住宅,駐車（輪）場,65[sanitize]69歳,その他,施錠した
窃盗,自転車盗,甲子園,高須,282049,兵庫県,西宮市,高須町１丁目,2023[sanitize]03[sanitize]04,19,４階建て以上共同住宅,駐車（輪）場,10歳代,中学生,施錠した
窃盗,自転車盗,甲子園,高須,282049,兵庫県,西宮市,高須町１丁目,2023[sanitize]03[sanitize]05,14,４階建て以上共同住宅,駐車（輪）場,20歳代,その他,施錠した
窃盗,自転車盗,甲子園,高須,282049,兵庫県,西宮市,高須町１丁目,2023[sanitize]03[sanitize]06,22,４階建て以上共同住宅,駐車（輪）場,60[sanitize]64歳,その他,施錠せず
窃盗,自転車盗,甲子園,高須,282049,兵庫県,西宮市,高須町１丁目,2023[sanitize]03[sanitize]27,16,４階建て以上共同住宅,駐車（輪）場,20歳代,その他,施錠した
窃盗,自転車盗,甲子園,高須,282049,兵庫県,西宮市,高須町１丁目,2023[sanitize]04[sanitize]12,19,４階建て以上共同住宅,駐車（輪）場,10歳代,小学生,施錠せず
窃盗,自転車盗,甲子園,高須,282049,兵庫県,西宮市,高須町１丁目,2023[sanitize]04[sanitize]17,20,４階建て以上共同住宅,駐車（輪）場,30歳代,その他,施錠せず
窃盗,自転車盗,甲子園,高須,282049,兵庫県,西宮市,高須町１丁目,2023[sanitize]05[sanitize]03,16,４階建て以上共同住宅,駐車（輪）場,50歳代,その他,施錠した
窃盗,自転車盗,甲子園,高須,282049,兵庫県,西宮市,高須町１丁目,2023[sanitize]05[sanitize]05,13,４階建て以上共同住宅,駐車（輪）場,10歳代,高校生,施錠せず
窃盗,自転車盗,甲子園,高須,282049,兵庫県,西宮市,高須町１丁目,2023[sanitize]05[sanitize]31,18,その他,駐車（輪）場,10歳代,大学生,施錠せず
窃盗,自転車盗,甲子園,高須,282049,兵庫県,西宮市,高須町１丁目,2023[sanitize]06[sanitize]01,20,４階建て以上共同住宅,駐車（輪）場,70歳以上,その他,施錠した
窃盗,自転車盗,甲子園,高須,282049,兵庫県,西宮市,高須町１丁目,2023[sanitize]06[sanitize]02,21,４階建て以上共同住宅,駐車（輪）場,30歳代,その他,施錠せず
窃盗,自転車盗,甲子園,高須,282049,兵庫県,西宮市,高須町１丁目,2023[sanitize]06[sanitize]08,22,４階建て以上共同住宅,駐車（輪）場,20歳代,その他,施錠せず
窃盗,自転車盗,甲子園,高須,282049,兵庫県,西宮市,高須町１丁目,2023[sanitize]07[sanitize]05,17,４階建て以上共同住宅,駐車（輪）場,20歳代,その他,施錠せず
窃盗,自転車盗,甲子園,高須,282049,兵庫県,西宮市,高須町１丁目,2023[sanitize]08[sanitize]02,19,４階建て以上共同住宅,駐車（輪）場,20歳代,その他,施錠せず
窃盗,自転車盗,甲子園,高須,282049,兵庫県,西宮市,高須町１丁目,2023[sanitize]08[sanitize]06,18,４階建て以上共同住宅,その他,10歳代,中学生,施錠せず
窃盗,自転車盗,甲子園,高須,282049,兵庫県,西宮市,高須町１丁目,2023[sanitize]09[sanitize]09,18,４階建て以上共同住宅,駐車（輪）場,20歳代,その他,施錠した
窃盗,自転車盗,甲子園,高須,282049,兵庫県,西宮市,高須町１丁目,2023[sanitize]10[sanitize]06,09,駐車（輪）場,駐車（輪）場,30歳代,その他,施錠した
窃盗,自転車盗,甲子園,高須,282049,兵庫県,西宮市,高須町１丁目,2023[sanitize]12[sanitize]03,12,４階建て以上共同住宅,その他,50歳代,その他,施錠せず
窃盗,自転車盗,甲子園,高須,282049,兵庫県,西宮市,高須町２丁目,2022[sanitize]09[sanitize]01,20,４階建て以上共同住宅,駐車（輪）場,10歳代,高校生,施錠した
窃盗,自転車盗,甲子園,高須,282049,兵庫県,西宮市,高須町２丁目,2022[sanitize]12[sanitize]10,18,４階建て以上共同住宅,駐車（輪）場,40歳代,その他,施錠した
窃盗,自転車盗,甲子園,高須,282049,兵庫県,西宮市,高須町２丁目,2023[sanitize]04[sanitize]24,06,４階建て以上共同住宅,駐車（輪）場,20歳代,その他,施錠した
窃盗,自転車盗,甲子園,高須,282049,兵庫県,西宮市,高須町２丁目,2023[sanitize]05[sanitize]16,22,４階建て以上共同住宅,駐車（輪）場,20歳代,大学生,施錠した
窃盗,自転車盗,甲子園,高須,282049,兵庫県,西宮市,高須町２丁目,2023[sanitize]06[sanitize]08,12,４階建て以上共同住宅,その他,20歳代,その他,施錠せず
窃盗,自転車盗,甲子園,高須,282049,兵庫県,西宮市,高須町２丁目,2023[sanitize]07[sanitize]31,19,４階建て以上共同住宅,駐車（輪）場,60[sanitize]64歳,その他,施錠した
窃盗,自転車盗,甲子園,高須,282049,兵庫県,西宮市,高須町２丁目,2023[sanitize]08[sanitize]30,10,４階建て以上共同住宅,その他,70歳以上,その他,施錠せず
窃盗,自転車盗,甲子園,高須,282049,兵庫県,西宮市,高須町２丁目,2023[sanitize]10[sanitize]15,23,４階建て以上共同住宅,駐車（輪）場,10歳代,その他,施錠した
窃盗,自転車盗,甲子園,高須,282049,兵庫県,西宮市,高須町２丁目,2023[sanitize]10[sanitize]20,13,４階建て以上共同住宅,駐車（輪）場,30歳代,その他,施錠した
窃盗,自転車盗,甲子園,高須,282049,兵庫県,西宮市,鳴尾浜１丁目,2023[sanitize]06[sanitize]10,07,その他,駐車（輪）場,10歳代,高校生,施錠した
窃盗,自転車盗,甲子園,,282049,兵庫県,西宮市,小松西町２丁目,2023[sanitize]05[sanitize]05,17,その他,駐車（輪）場,50歳代,その他,施錠せず
窃盗,自転車盗,尼崎南,センタープール前,282022,兵庫県,尼崎市,大庄川田町,2023[sanitize]05[sanitize]06,10,その他,駐車（輪）場,10歳代,中学生,施錠した
窃盗,自転車盗,尼崎南,センタープール前,282022,兵庫県,尼崎市,大庄川田町,2023[sanitize]08[sanitize]26,15,その他,駐車（輪）場,10歳代,高校生,施錠した
窃盗,自転車盗,尼崎南,センタープール前,282022,兵庫県,尼崎市,大庄中通５丁目,2023[sanitize]09[sanitize]09,13,一戸建住宅,駐車（輪）場,20歳代,その他,施錠せず
窃盗,自転車盗,尼崎南,センタープール前,282022,兵庫県,尼崎市,琴浦町,2023[sanitize]02[sanitize]17,22,一戸建住宅,駐車（輪）場,30歳代,その他,施錠せず
窃盗,自転車盗,尼崎南,センタープール前,282022,兵庫県,尼崎市,琴浦町,2023[sanitize]09[sanitize]21,11,道路上,その他,65[sanitize]69歳,その他,施錠せず
窃盗,自転車盗,尼崎南,センタープール前,282022,兵庫県,尼崎市,水明町,2023[sanitize]05[sanitize]24,15,その他,駐車（輪）場,70歳以上,その他,施錠せず
窃盗,自転車盗,尼崎南,センタープール前,282022,兵庫県,尼崎市,水明町,2023[sanitize]08[sanitize]06,19,その他,駐車（輪）場,40歳代,その他,施錠せず
窃盗,自転車盗,尼崎南,センタープール前,282022,兵庫県,尼崎市,水明町,2023[sanitize]09[sanitize]26,18,道路上,その他,40歳代,その他,施錠せず
窃盗,自転車盗,尼崎南,センタープール前,282022,兵庫県,尼崎市,水明町,2023[sanitize]10[sanitize]31,19,その他,その他,20歳代,その他,施錠した
窃盗,自転車盗,尼崎南,センタープール前,282022,兵庫県,尼崎市,水明町,2023[sanitize]11[sanitize]26,12,駐車（輪）場,駐車（輪）場,10歳代,高校生,施錠せず
窃盗,自転車盗,尼崎南,センタープール前,282022,兵庫県,尼崎市,崇徳院１丁目,2023[sanitize]06[sanitize]03,20,４階建て以上共同住宅,駐車（輪）場,10歳未満,小学生,施錠した
窃盗,自転車盗,尼崎南,センタープール前,282022,兵庫県,尼崎市,崇徳院２丁目,2023[sanitize]08[sanitize]04,17,道路上,その他,20歳代,その他,施錠した
窃盗,自転車盗,尼崎南,センタープール前,282022,兵庫県,尼崎市,崇徳院３丁目,2023[sanitize]07[sanitize]18,08,４階建て以上共同住宅,駐車（輪）場,70歳以上,その他,施錠した
窃盗,自転車盗,尼崎南,センタープール前,282022,兵庫県,尼崎市,崇徳院３丁目,2023[sanitize]10[sanitize]23,19,４階建て以上共同住宅,駐車（輪）場,50歳代,その他,施錠せず
窃盗,自転車盗,尼崎南,センタープール前,282022,兵庫県,尼崎市,道意町２丁目,2023[sanitize]06[sanitize]04,03,その他の住宅（３階建て以下共同住宅等）,駐車（輪）場,40歳代,その他,施錠せず
窃盗,自転車盗,尼崎南,センタープール前,282022,兵庫県,尼崎市,道意町２丁目,2023[sanitize]08[sanitize]10,09,その他の住宅（３階建て以下共同住宅等）,駐車（輪）場,20歳代,その他,施錠せず
窃盗,自転車盗,尼崎南,センタープール前,282022,兵庫県,尼崎市,道意町３丁目,2023[sanitize]08[sanitize]21,05,その他の住宅（３階建て以下共同住宅等）,駐車（輪）場,20歳代,その他,施錠せず
窃盗,自転車盗,尼崎南,センタープール前,282022,兵庫県,尼崎市,菜切山町,2023[sanitize]01[sanitize]29,14,その他,駐車（輪）場,10歳代,中学生,施錠せず
窃盗,自転車盗,尼崎南,センタープール前,282022,兵庫県,尼崎市,菜切山町,2023[sanitize]05[sanitize]14,09,その他,駐車（輪）場,40歳代,その他,施錠した
窃盗,自転車盗,尼崎南,センタープール前,282022,兵庫県,尼崎市,武庫川町２丁目,2023[sanitize]03[sanitize]27,08,その他,駐車（輪）場,70歳以上,その他,施錠せず
窃盗,自転車盗,尼崎南,センタープール前,282022,兵庫県,尼崎市,武庫川町２丁目,2023[sanitize]09[sanitize]06,17,４階建て以上共同住宅,駐車（輪）場,10歳代,小学生,施錠せず
窃盗,自転車盗,尼崎南,センタープール前,282022,兵庫県,尼崎市,武庫川町３丁目,2023[sanitize]01[sanitize]01,13,その他の住宅（３階建て以下共同住宅等）,駐車（輪）場,20歳代,その他,施錠せず
窃盗,自転車盗,尼崎南,センタープール前,282022,兵庫県,尼崎市,武庫川町３丁目,2023[sanitize]08[sanitize]30,22,４階建て以上共同住宅,駐車（輪）場,10歳代,中学生,施錠せず
窃盗,自転車盗,尼崎南,センタープール前,282022,兵庫県,尼崎市,武庫川町４丁目,2023[sanitize]04[sanitize]25,07,その他,駐車（輪）場,30歳代,その他,施錠せず
窃盗,自転車盗,尼崎南,センタープール前,282022,兵庫県,尼崎市,武庫川町４丁目,2023[sanitize]04[sanitize]28,15,その他,駐車（輪）場,30歳代,その他,施錠した
窃盗,自転車盗,尼崎南,センタープール前,282022,兵庫県,尼崎市,武庫川町４丁目,2023[sanitize]05[sanitize]06,13,４階建て以上共同住宅,駐車（輪）場,20歳代,その他,施錠した
窃盗,自転車盗,尼崎南,センタープール前,282022,兵庫県,尼崎市,武庫川町４丁目,2023[sanitize]06[sanitize]17,22,その他の住宅（３階建て以下共同住宅等）,駐車（輪）場,50歳代,その他,施錠した
窃盗,自転車盗,尼崎南,センタープール前,282022,兵庫県,尼崎市,武庫川町４丁目,2023[sanitize]08[sanitize]05,15,その他,駐車（輪）場,50歳代,その他,施錠した
窃盗,自転車盗,尼崎南,センタープール前,282022,兵庫県,尼崎市,武庫川町４丁目,2023[sanitize]09[sanitize]30,01,その他の住宅（３階建て以下共同住宅等）,駐車（輪）場,30歳代,その他,施錠せず
窃盗,自転車盗,尼崎南,センタープール前,282022,兵庫県,尼崎市,蓬川町,2022[sanitize]05[sanitize]11,00,４階建て以上共同住宅,駐車（輪）場,20歳代,その他,施錠せず
窃盗,自転車盗,尼崎南,センタープール前,282022,兵庫県,尼崎市,蓬川町,2022[sanitize]12[sanitize]24,18,４階建て以上共同住宅,駐車（輪）場,10歳代,小学生,施錠せず
窃盗,自転車盗,尼崎南,センタープール前,282022,兵庫県,尼崎市,蓬川町,2023[sanitize]01[sanitize]03,15,４階建て以上共同住宅,駐車（輪）場,10歳代,中学生,施錠せず
窃盗,自転車盗,尼崎南,センタープール前,282022,兵庫県,尼崎市,蓬川町,2023[sanitize]01[sanitize]06,17,４階建て以上共同住宅,駐車（輪）場,40歳代,その他,施錠せず
窃盗,自転車盗,尼崎南,センタープール前,282022,兵庫県,尼崎市,蓬川町,2023[sanitize]01[sanitize]18,18,４階建て以上共同住宅,駐車（輪）場,10歳代,中学生,施錠した
窃盗,自転車盗,尼崎南,センタープール前,282022,兵庫県,尼崎市,蓬川町,2023[sanitize]01[sanitize]21,18,４階建て以上共同住宅,駐車（輪）場,40歳代,その他,施錠せず
窃盗,自転車盗,尼崎南,センタープール前,282022,兵庫県,尼崎市,蓬川町,2023[sanitize]01[sanitize]23,17,４階建て以上共同住宅,駐車（輪）場,40歳代,その他,施錠せず
窃盗,自転車盗,尼崎南,センタープール前,282022,兵庫県,尼崎市,蓬川町,2023[sanitize]03[sanitize]18,17,道路上,その他,60[sanitize]64歳,その他,施錠せず
窃盗,自転車盗,尼崎南,センタープール前,282022,兵庫県,尼崎市,蓬川町,2023[sanitize]03[sanitize]19,20,その他,駐車（輪）場,10歳代,中学生,施錠せず
窃盗,自転車盗,尼崎南,センタープール前,282022,兵庫県,尼崎市,蓬川町,2023[sanitize]04[sanitize]23,22,４階建て以上共同住宅,その他,10歳代,高校生,施錠せず
窃盗,自転車盗,尼崎南,センタープール前,282022,兵庫県,尼崎市,大庄西町１丁目,2022[sanitize]12[sanitize]22,08,その他,駐車（輪）場,20歳代,その他,施錠せず
窃盗,自転車盗,尼崎南,センタープール前,282022,兵庫県,尼崎市,大庄西町１丁目,2023[sanitize]03[sanitize]07,07,その他,駐車（輪）場,10歳代,中学生,施錠せず
窃盗,自転車盗,尼崎南,センタープール前,282022,兵庫県,尼崎市,大庄西町１丁目,2023[sanitize]03[sanitize]26,00,その他,駐車（輪）場,10歳代,高校生,施錠した
窃盗,自転車盗,尼崎南,センタープール前,282022,兵庫県,尼崎市,大庄西町１丁目,2023[sanitize]06[sanitize]13,12,その他,駐車（輪）場,20歳代,大学生,施錠せず
窃盗,自転車盗,尼崎南,センタープール前,282022,兵庫県,尼崎市,大庄西町１丁目,2023[sanitize]06[sanitize]13,13,その他,駐車（輪）場,30歳代,その他,施錠せず
窃盗,自転車盗,尼崎南,センタープール前,282022,兵庫県,尼崎市,大庄西町１丁目,2023[sanitize]09[sanitize]28,10,その他,駐車（輪）場,10歳代,大学生,施錠した
窃盗,自転車盗,尼崎南,センタープール前,282022,兵庫県,尼崎市,大庄西町１丁目,2023[sanitize]10[sanitize]31,20,その他,駐車（輪）場,40歳代,その他,施錠せず
窃盗,自転車盗,尼崎南,センタープール前,282022,兵庫県,尼崎市,大庄西町１丁目,2023[sanitize]12[sanitize]24,11,その他の住宅（３階建て以下共同住宅等）,駐車（輪）場,20歳代,その他,施錠した
窃盗,自転車盗,尼崎南,センタープール前,282022,兵庫県,尼崎市,大庄西町４丁目,2022[sanitize]09[sanitize]04,19,道路上,その他,65[sanitize]69歳,その他,施錠せず
窃盗,自転車盗,尼崎南,センタープール前,282022,兵庫県,尼崎市,大庄西町４丁目,2023[sanitize]02[sanitize]08,20,道路上,その他,10歳代,高校生,施錠した
窃盗,自転車盗,尼崎南,センタープール前,282022,兵庫県,尼崎市,大庄西町４丁目,2023[sanitize]11[sanitize]22,20,４階建て以上共同住宅,駐車（輪）場,10歳代,中学生,施錠せず
窃盗,自転車盗,尼崎南,七松,282022,兵庫県,尼崎市,七松町１丁目,2022[sanitize]09[sanitize]22,22,道路上,その他,10歳代,その他,施錠せず
窃盗,自転車盗,尼崎南,七松,282022,兵庫県,尼崎市,七松町１丁目,2022[sanitize]12[sanitize]26,08,その他,駐車（輪）場,10歳代,中学生,施錠せず
窃盗,自転車盗,尼崎南,七松,282022,兵庫県,尼崎市,七松町１丁目,2022[sanitize]12[sanitize]30,23,その他,駐車（輪）場,20歳代,その他,施錠せず
窃盗,自転車盗,尼崎南,七松,282022,兵庫県,尼崎市,七松町１丁目,2023[sanitize]01[sanitize]17,10,道路上,その他,10歳代,高校生,施錠した
窃盗,自転車盗,尼崎南,七松,282022,兵庫県,尼崎市,七松町１丁目,2023[sanitize]01[sanitize]17,11,その他,駐車（輪）場,10歳代,その他,施錠した
窃盗,自転車盗,尼崎南,七松,282022,兵庫県,尼崎市,七松町１丁目,2023[sanitize]03[sanitize]04,16,駐車（輪）場,駐車（輪）場,10歳代,小学生,施錠せず
窃盗,自転車盗,尼崎南,七松,282022,兵庫県,尼崎市,七松町１丁目,2023[sanitize]03[sanitize]06,20,その他,駐車（輪）場,20歳代,その他,施錠せず
窃盗,自転車盗,尼崎南,七松,282022,兵庫県,尼崎市,七松町１丁目,2023[sanitize]03[sanitize]14,16,その他,駐車（輪）場,30歳代,その他,施錠した
窃盗,自転車盗,尼崎南,七松,282022,兵庫県,尼崎市,七松町１丁目,2023[sanitize]03[sanitize]15,09,道路上,その他,40歳代,その他,施錠せず
窃盗,自転車盗,尼崎南,七松,282022,兵庫県,尼崎市,七松町１丁目,2023[sanitize]03[sanitize]16,14,その他,駐車（輪）場,50歳代,その他,施錠せず
窃盗,自転車盗,尼崎南,七松,282022,兵庫県,尼崎市,七松町１丁目,2023[sanitize]04[sanitize]08,10,道路上,その他,50歳代,その他,施錠せず
窃盗,自転車盗,尼崎南,七松,282022,兵庫県,尼崎市,七松町１丁目,2023[sanitize]04[sanitize]09,16,駐車（輪）場,駐車（輪）場,50歳代,その他,施錠せず
窃盗,自転車盗,尼崎南,七松,282022,兵庫県,尼崎市,七松町１丁目,2023[sanitize]04[sanitize]14,19,その他,駐車（輪）場,10歳代,中学生,施錠した
窃盗,自転車盗,尼崎南,七松,282022,兵庫県,尼崎市,七松町１丁目,2023[sanitize]04[sanitize]15,13,その他,駐車（輪）場,10歳代,大学生,施錠せず
窃盗,自転車盗,尼崎南,七松,282022,兵庫県,尼崎市,七松町１丁目,2023[sanitize]05[sanitize]16,18,その他,駐車（輪）場,40歳代,その他,施錠した
窃盗,自転車盗,尼崎南,七松,282022,兵庫県,尼崎市,七松町１丁目,2023[sanitize]05[sanitize]25,17,その他,駐車（輪）場,40歳代,その他,施錠せず
窃盗,自転車盗,尼崎南,七松,282022,兵庫県,尼崎市,七松町１丁目,2023[sanitize]05[sanitize]28,18,道路上,その他,50歳代,その他,施錠せず
窃盗,自転車盗,尼崎南,七松,282022,兵庫県,尼崎市,七松町１丁目,2023[sanitize]06[sanitize]11,09,駐車（輪）場,駐車（輪）場,10歳代,高校生,施錠せず
窃盗,自転車盗,尼崎南,七松,282022,兵庫県,尼崎市,七松町１丁目,2023[sanitize]06[sanitize]11,13,その他,駐車（輪）場,60[sanitize]64歳,その他,施錠した
窃盗,自転車盗,尼崎南,七松,282022,兵庫県,尼崎市,七松町１丁目,2023[sanitize]07[sanitize]11,13,その他,駐車（輪）場,20歳代,大学生,施錠せず
窃盗,自転車盗,尼崎南,七松,282022,兵庫県,尼崎市,七松町１丁目,2023[sanitize]07[sanitize]14,11,その他,駐車（輪）場,30歳代,その他,施錠せず
窃盗,自転車盗,尼崎南,七松,282022,兵庫県,尼崎市,七松町１丁目,2023[sanitize]07[sanitize]26,21,その他,駐車（輪）場,40歳代,その他,施錠した
窃盗,自転車盗,尼崎南,七松,282022,兵庫県,尼崎市,七松町１丁目,2023[sanitize]08[sanitize]29,07,その他,駐車（輪）場,10歳代,その他,施錠せず
窃盗,自転車盗,尼崎南,七松,282022,兵庫県,尼崎市,七松町１丁目,2023[sanitize]09[sanitize]16,16,その他,駐車（輪）場,20歳代,大学生,施錠せず
窃盗,自転車盗,尼崎南,七松,282022,兵庫県,尼崎市,七松町１丁目,2023[sanitize]10[sanitize]14,15,道路上,その他,30歳代,その他,施錠せず
窃盗,自転車盗,尼崎南,七松,282022,兵庫県,尼崎市,七松町１丁目,2023[sanitize]10[sanitize]14,21,その他,駐車（輪）場,40歳代,その他,施錠せず
窃盗,自転車盗,尼崎南,七松,282022,兵庫県,尼崎市,七松町１丁目,2023[sanitize]11[sanitize]11,16,その他,駐車（輪）場,70歳以上,その他,施錠せず
窃盗,自転車盗,尼崎南,七松,282022,兵庫県,尼崎市,七松町１丁目,2023[sanitize]11[sanitize]21,19,その他,駐車（輪）場,10歳代,中学生,施錠せず
窃盗,自転車盗,尼崎南,七松,282022,兵庫県,尼崎市,七松町２丁目,2023[sanitize]02[sanitize]20,22,その他の住宅（３階建て以下共同住宅等）,駐車（輪）場,20歳代,その他,施錠せず
窃盗,自転車盗,尼崎南,七松,282022,兵庫県,尼崎市,七松町２丁目,2023[sanitize]03[sanitize]27,22,４階建て以上共同住宅,駐車（輪）場,10歳代,高校生,施錠せず
窃盗,自転車盗,尼崎南,七松,282022,兵庫県,尼崎市,七松町２丁目,2023[sanitize]04[sanitize]04,12,４階建て以上共同住宅,その他,20歳代,その他,施錠せず
窃盗,自転車盗,尼崎南,七松,282022,兵庫県,尼崎市,七松町２丁目,2023[sanitize]04[sanitize]06,11,駐車（輪）場,駐車（輪）場,50歳代,その他,施錠した
窃盗,自転車盗,尼崎南,七松,282022,兵庫県,尼崎市,七松町２丁目,2023[sanitize]04[sanitize]11,10,駐車（輪）場,駐車（輪）場,60[sanitize]64歳,その他,施錠した
窃盗,自転車盗,尼崎南,七松,282022,兵庫県,尼崎市,七松町２丁目,2023[sanitize]05[sanitize]20,17,その他,駐車（輪）場,30歳代,その他,施錠した
窃盗,自転車盗,尼崎南,七松,282022,兵庫県,尼崎市,七松町２丁目,2023[sanitize]05[sanitize]31,10,一戸建住宅,駐車（輪）場,10歳代,高校生,施錠せず
窃盗,自転車盗,尼崎南,七松,282022,兵庫県,尼崎市,七松町２丁目,2023[sanitize]06[sanitize]27,08,その他の住宅（３階建て以下共同住宅等）,駐車（輪）場,20歳代,その他,施錠せず
窃盗,自転車盗,尼崎南,七松,282022,兵庫県,尼崎市,七松町２丁目,2023[sanitize]07[sanitize]01,14,その他の住宅（３階建て以下共同住宅等）,駐車（輪）場,30歳代,その他,施錠した
窃盗,自転車盗,尼崎南,七松,282022,兵庫県,尼崎市,七松町２丁目,2023[sanitize]07[sanitize]25,17,その他,駐車（輪）場,20歳代,その他,施錠せず
窃盗,自転車盗,尼崎南,七松,282022,兵庫県,尼崎市,七松町２丁目,2023[sanitize]08[sanitize]10,22,道路上,その他,70歳以上,その他,施錠した
窃盗,自転車盗,尼崎南,七松,282022,兵庫県,尼崎市,七松町２丁目,2023[sanitize]08[sanitize]15,16,４階建て以上共同住宅,駐車（輪）場,10歳代,高校生,施錠せず
窃盗,自転車盗,尼崎南,七松,282022,兵庫県,尼崎市,七松町３丁目,2023[sanitize]09[sanitize]12,18,その他の住宅（３階建て以下共同住宅等）,駐車（輪）場,10歳代,中学生,施錠せず
窃盗,自転車盗,尼崎南,七松,282022,兵庫県,尼崎市,七松町３丁目,2023[sanitize]10[sanitize]13,20,道路上,その他,50歳代,その他,施錠せず
窃盗,自転車盗,尼崎南,七松,282022,兵庫県,尼崎市,七松町３丁目,2023[sanitize]10[sanitize]28,23,道路上,その他,20歳代,大学生,施錠せず
窃盗,自転車盗,尼崎南,七松,282022,兵庫県,尼崎市,七松町３丁目,2023[sanitize]12[sanitize]05,18,４階建て以上共同住宅,駐車（輪）場,10歳代,高校生,施錠せず
窃盗,自転車盗,尼崎南,七松,282022,兵庫県,尼崎市,東七松町１丁目,2023[sanitize]06[sanitize]04,09,その他,駐車（輪）場,10歳未満,小学生,施錠せず
窃盗,自転車盗,尼崎南,七松,282022,兵庫県,尼崎市,東七松町１丁目,2023[sanitize]11[sanitize]17,08,その他,駐車（輪）場,20歳代,その他,施錠した
窃盗,自転車盗,尼崎南,七松,282022,兵庫県,尼崎市,東七松町１丁目,2023[sanitize]11[sanitize]20,05,一戸建住宅,その他,20歳代,その他,施錠せず
窃盗,自転車盗,尼崎南,七松,282022,兵庫県,尼崎市,東七松町２丁目,2023[sanitize]01[sanitize]11,21,道路上,その他,10歳代,大学生,施錠した
窃盗,自転車盗,尼崎南,七松,282022,兵庫県,尼崎市,東七松町２丁目,2023[sanitize]02[sanitize]04,14,その他,その他,10歳代,その他,施錠せず
窃盗,自転車盗,尼崎南,七松,282022,兵庫県,尼崎市,東七松町２丁目,2023[sanitize]08[sanitize]06,09,その他,その他,10歳代,中学生,施錠せず
窃盗,自転車盗,尼崎南,七松,282022,兵庫県,尼崎市,東七松町２丁目,2023[sanitize]09[sanitize]08,20,道路上,その他,20歳代,その他,施錠せず
窃盗,自転車盗,尼崎南,七松,282022,兵庫県,尼崎市,東七松町２丁目,2023[sanitize]10[sanitize]05,20,その他,駐車（輪）場,10歳代,高校生,施錠せず
窃盗,自転車盗,尼崎南,七松,282022,兵庫県,尼崎市,南七松町１丁目,2023[sanitize]01[sanitize]01,12,４階建て以上共同住宅,駐車（輪）場,20歳代,その他,施錠した
窃盗,自転車盗,尼崎南,七松,282022,兵庫県,尼崎市,南七松町１丁目,2023[sanitize]01[sanitize]10,12,４階建て以上共同住宅,駐車（輪）場,50歳代,その他,施錠した
窃盗,自転車盗,尼崎南,七松,282022,兵庫県,尼崎市,南七松町１丁目,2023[sanitize]07[sanitize]25,07,道路上,その他,40歳代,その他,施錠せず
窃盗,自転車盗,尼崎南,七松,282022,兵庫県,尼崎市,南七松町１丁目,2023[sanitize]10[sanitize]11,23,一戸建住宅,駐車（輪）場,50歳代,その他,施錠せず
窃盗,自転車盗,尼崎南,七松,282022,兵庫県,尼崎市,南七松町１丁目,2023[sanitize]10[sanitize]28,17,４階建て以上共同住宅,駐車（輪）場,40歳代,その他,施錠せず
窃盗,自転車盗,尼崎南,七松,282022,兵庫県,尼崎市,南七松町２丁目,2023[sanitize]10[sanitize]07,16,一戸建住宅,駐車（輪）場,20歳代,その他,施錠せず
窃盗,自転車盗,尼崎南,七松,282022,兵庫県,尼崎市,西立花町１丁目,2022[sanitize]12[sanitize]28,06,その他,駐車（輪）場,10歳代,高校生,施錠せず
窃盗,自転車盗,尼崎南,七松,282022,兵庫県,尼崎市,西立花町１丁目,2023[sanitize]04[sanitize]23,09,駐車（輪）場,駐車（輪）場,20歳代,その他,施錠せず
窃盗,自転車盗,尼崎南,七松,282022,兵庫県,尼崎市,西立花町１丁目,2023[sanitize]06[sanitize]12,08,その他の住宅（３階建て以下共同住宅等）,駐車（輪）場,20歳代,その他,施錠した
窃盗,自転車盗,尼崎南,七松,282022,兵庫県,尼崎市,西立花町１丁目,2023[sanitize]06[sanitize]29,22,道路上,その他,30歳代,その他,施錠せず
窃盗,自転車盗,尼崎南,七松,282022,兵庫県,尼崎市,西立花町１丁目,2023[sanitize]07[sanitize]03,09,その他,駐車（輪）場,20歳代,大学生,施錠せず
窃盗,自転車盗,尼崎南,七松,282022,兵庫県,尼崎市,西立花町１丁目,2023[sanitize]08[sanitize]04,18,道路上,その他,40歳代,その他,施錠した
窃盗,自転車盗,尼崎南,七松,282022,兵庫県,尼崎市,西立花町１丁目,2023[sanitize]08[sanitize]13,09,駐車（輪）場,駐車（輪）場,10歳代,大学生,施錠した
窃盗,自転車盗,尼崎南,七松,282022,兵庫県,尼崎市,西立花町１丁目,2023[sanitize]09[sanitize]01,16,道路上,その他,10歳代,大学生,施錠せず
窃盗,自転車盗,尼崎南,七松,282022,兵庫県,尼崎市,西立花町１丁目,2023[sanitize]10[sanitize]04,09,駐車（輪）場,駐車（輪）場,20歳代,大学生,施錠した
窃盗,自転車盗,尼崎南,七松,282022,兵庫県,尼崎市,西立花町１丁目,2023[sanitize]10[sanitize]04,12,その他,駐車（輪）場,10歳代,高校生,施錠した
窃盗,自転車盗,尼崎南,七松,282022,兵庫県,尼崎市,西立花町１丁目,2023[sanitize]10[sanitize]12,13,駐車（輪）場,駐車（輪）場,20歳代,大学生,施錠した
窃盗,自転車盗,尼崎南,七松,282022,兵庫県,尼崎市,西立花町１丁目,2023[sanitize]10[sanitize]15,13,駐車（輪）場,駐車（輪）場,50歳代,その他,施錠した
窃盗,自転車盗,尼崎南,七松,282022,兵庫県,尼崎市,西立花町１丁目,2023[sanitize]10[sanitize]20,00,その他,駐車（輪）場,20歳代,大学生,施錠せず
窃盗,自転車盗,尼崎南,七松,282022,兵庫県,尼崎市,西立花町１丁目,2023[sanitize]10[sanitize]20,09,駐車（輪）場,駐車（輪）場,10歳代,その他,施錠した
窃盗,自転車盗,尼崎南,七松,282022,兵庫県,尼崎市,西立花町１丁目,2023[sanitize]11[sanitize]26,12,駐車（輪）場,駐車（輪）場,20歳代,その他,施錠した
窃盗,自転車盗,尼崎南,七松,282022,兵庫県,尼崎市,西立花町１丁目,2023[sanitize]12[sanitize]06,10,一戸建住宅,その他,50歳代,その他,施錠せず
窃盗,自転車盗,尼崎南,七松,282022,兵庫県,尼崎市,西立花町２丁目,2023[sanitize]11[sanitize]11,23,道路上,その他,20歳代,その他,施錠せず
窃盗,自転車盗,尼崎南,中央,282022,兵庫県,尼崎市,開明町１丁目,2023[sanitize]11[sanitize]18,04,道路上,その他,20歳代,その他,施錠せず
窃盗,自転車盗,尼崎南,中央,282022,兵庫県,尼崎市,開明町２丁目,2022[sanitize]12[sanitize]31,22,その他の住宅（３階建て以下共同住宅等）,駐車（輪）場,30歳代,その他,施錠した
窃盗,自転車盗,尼崎南,中央,282022,兵庫県,尼崎市,開明町２丁目,2022[sanitize]12[sanitize]31,22,その他の住宅（３階建て以下共同住宅等）,駐車（輪）場,30歳代,その他,施錠した
窃盗,自転車盗,尼崎南,中央,282022,兵庫県,尼崎市,開明町２丁目,2023[sanitize]11[sanitize]15,23,その他の住宅（３階建て以下共同住宅等）,駐車（輪）場,30歳代,その他,施錠した
窃盗,自転車盗,尼崎南,中央,282022,兵庫県,尼崎市,神田北通１丁目,2023[sanitize]07[sanitize]15,23,その他,その他,10歳代,大学生,施錠せず
窃盗,自転車盗,尼崎南,中央,282022,兵庫県,尼崎市,神田北通１丁目,2023[sanitize]07[sanitize]30,19,道路上,その他,10歳代,中学生,施錠せず
窃盗,自転車盗,尼崎南,中央,282022,兵庫県,尼崎市,神田北通１丁目,2023[sanitize]12[sanitize]26,21,その他,駐車（輪）場,20歳代,その他,施錠せず
窃盗,自転車盗,尼崎南,中央,282022,兵庫県,尼崎市,神田北通２丁目,2023[sanitize]01[sanitize]02,16,その他,駐車（輪）場,10歳代,高校生,施錠した
窃盗,自転車盗,尼崎南,中央,282022,兵庫県,尼崎市,神田北通２丁目,2023[sanitize]02[sanitize]26,16,道路上,その他,50歳代,その他,施錠した
窃盗,自転車盗,尼崎南,中央,282022,兵庫県,尼崎市,神田北通２丁目,2023[sanitize]04[sanitize]12,22,その他,駐車（輪）場,10歳代,その他,施錠せず
窃盗,自転車盗,尼崎南,中央,282022,兵庫県,尼崎市,神田北通２丁目,2023[sanitize]05[sanitize]05,00,道路上,その他,20歳代,その他,施錠せず
窃盗,自転車盗,尼崎南,中央,282022,兵庫県,尼崎市,神田北通２丁目,2023[sanitize]05[sanitize]05,21,駐車（輪）場,駐車（輪）場,30歳代,その他,施錠した
窃盗,自転車盗,尼崎南,中央,282022,兵庫県,尼崎市,神田北通２丁目,2023[sanitize]05[sanitize]27,03,その他,駐車（輪）場,40歳代,その他,施錠した
窃盗,自転車盗,尼崎南,中央,282022,兵庫県,尼崎市,神田北通２丁目,2023[sanitize]07[sanitize]24,19,駐車（輪）場,駐車（輪）場,20歳代,その他,施錠した
窃盗,自転車盗,尼崎南,中央,282022,兵庫県,尼崎市,神田北通２丁目,2023[sanitize]08[sanitize]01,11,道路上,その他,10歳代,その他,施錠せず
窃盗,自転車盗,尼崎南,中央,282022,兵庫県,尼崎市,神田北通２丁目,2023[sanitize]08[sanitize]13,08,その他,駐車（輪）場,20歳代,その他,施錠した
窃盗,自転車盗,尼崎南,中央,282022,兵庫県,尼崎市,神田北通２丁目,2023[sanitize]09[sanitize]29,12,道路上,その他,40歳代,その他,施錠せず
窃盗,自転車盗,尼崎南,中央,282022,兵庫県,尼崎市,神田北通２丁目,2023[sanitize]09[sanitize]29,17,道路上,その他,10歳代,高校生,施錠せず
窃盗,自転車盗,尼崎南,中央,282022,兵庫県,尼崎市,神田北通２丁目,2023[sanitize]11[sanitize]18,14,駐車（輪）場,駐車（輪）場,70歳以上,その他,施錠せず
窃盗,自転車盗,尼崎南,中央,282022,兵庫県,尼崎市,神田北通３丁目,2023[sanitize]06[sanitize]25,00,４階建て以上共同住宅,駐車（輪）場,30歳代,その他,施錠せず
窃盗,自転車盗,尼崎南,中央,282022,兵庫県,尼崎市,神田北通４丁目,2023[sanitize]06[sanitize]26,18,４階建て以上共同住宅,駐車（輪）場,40歳代,その他,施錠せず
窃盗,自転車盗,尼崎南,中央,282022,兵庫県,尼崎市,神田中通１丁目,2022[sanitize]11[sanitize]07,00,道路上,その他,10歳代,大学生,施錠せず
窃盗,自転車盗,尼崎南,中央,282022,兵庫県,尼崎市,神田中通１丁目,2023[sanitize]01[sanitize]08,13,その他,駐車（輪）場,30歳代,その他,施錠せず
窃盗,自転車盗,尼崎南,中央,282022,兵庫県,尼崎市,神田中通１丁目,2023[sanitize]02[sanitize]04,21,その他,駐車（輪）場,20歳代,その他,施錠した
窃盗,自転車盗,尼崎南,中央,282022,兵庫県,尼崎市,神田中通１丁目,2023[sanitize]04[sanitize]25,20,その他,駐車（輪）場,30歳代,その他,施錠せず
窃盗,自転車盗,尼崎南,中央,282022,兵庫県,尼崎市,神田中通１丁目,2023[sanitize]06[sanitize]09,07,その他,その他,60[sanitize]64歳,その他,施錠した
窃盗,自転車盗,尼崎南,中央,282022,兵庫県,尼崎市,神田中通１丁目,2023[sanitize]08[sanitize]01,17,その他,駐車（輪）場,10歳代,その他,施錠した
窃盗,自転車盗,尼崎南,中央,282022,兵庫県,尼崎市,神田中通１丁目,2023[sanitize]08[sanitize]22,07,その他,駐車（輪）場,10歳代,中学生,施錠せず
窃盗,自転車盗,尼崎南,中央,282022,兵庫県,尼崎市,神田中通１丁目,2023[sanitize]09[sanitize]03,00,その他,駐車（輪）場,20歳代,その他,施錠せず
窃盗,自転車盗,尼崎南,中央,282022,兵庫県,尼崎市,神田中通１丁目,2023[sanitize]10[sanitize]19,13,その他,その他,30歳代,その他,施錠せず
窃盗,自転車盗,尼崎南,中央,282022,兵庫県,尼崎市,神田中通１丁目,2023[sanitize]10[sanitize]28,10,その他,駐車（輪）場,10歳代,その他,施錠せず
窃盗,自転車盗,尼崎南,中央,282022,兵庫県,尼崎市,神田中通１丁目,2023[sanitize]11[sanitize]06,13,駐車（輪）場,駐車（輪）場,20歳代,その他,施錠した
窃盗,自転車盗,尼崎南,中央,282022,兵庫県,尼崎市,神田中通１丁目,2023[sanitize]11[sanitize]14,14,その他,駐車（輪）場,10歳代,大学生,施錠した
窃盗,自転車盗,尼崎南,中央,282022,兵庫県,尼崎市,神田中通１丁目,2023[sanitize]12[sanitize]25,16,その他,その他,70歳以上,その他,施錠せず
窃盗,自転車盗,尼崎南,中央,282022,兵庫県,尼崎市,神田中通２丁目,2021[sanitize]12[sanitize]01,00,その他,駐車（輪）場,20歳代,その他,施錠せず
窃盗,自転車盗,尼崎南,中央,282022,兵庫県,尼崎市,神田中通２丁目,2023[sanitize]01[sanitize]11,09,道路上,その他,10歳代,高校生,施錠した
窃盗,自転車盗,尼崎南,中央,282022,兵庫県,尼崎市,神田中通２丁目,2023[sanitize]03[sanitize]06,17,道路上,その他,10歳代,高校生,施錠せず
窃盗,自転車盗,尼崎南,中央,282022,兵庫県,尼崎市,神田中通２丁目,2023[sanitize]03[sanitize]25,18,その他,駐車（輪）場,10歳代,大学生,施錠せず
窃盗,自転車盗,尼崎南,中央,282022,兵庫県,尼崎市,神田中通２丁目,2023[sanitize]05[sanitize]05,17,駐車（輪）場,駐車（輪）場,10歳代,大学生,施錠せず
窃盗,自転車盗,尼崎南,中央,282022,兵庫県,尼崎市,神田中通２丁目,2023[sanitize]05[sanitize]08,14,道路上,その他,70歳以上,その他,施錠せず
窃盗,自転車盗,尼崎南,中央,282022,兵庫県,尼崎市,神田中通２丁目,2023[sanitize]05[sanitize]12,23,道路上,その他,10歳代,その他,施錠せず
窃盗,自転車盗,尼崎南,中央,282022,兵庫県,尼崎市,神田中通２丁目,2023[sanitize]05[sanitize]20,11,駐車（輪）場,駐車（輪）場,70歳以上,その他,施錠した
窃盗,自転車盗,尼崎南,中央,282022,兵庫県,尼崎市,神田中通２丁目,2023[sanitize]05[sanitize]24,12,駐車（輪）場,駐車（輪）場,10歳代,その他,施錠した
窃盗,自転車盗,尼崎南,中央,282022,兵庫県,尼崎市,神田中通２丁目,2023[sanitize]07[sanitize]24,18,駐車（輪）場,駐車（輪）場,30歳代,その他,施錠せず
窃盗,自転車盗,尼崎南,中央,282022,兵庫県,尼崎市,神田中通２丁目,2023[sanitize]07[sanitize]25,17,道路上,その他,60[sanitize]64歳,その他,施錠した
窃盗,自転車盗,尼崎南,中央,282022,兵庫県,尼崎市,神田中通２丁目,2023[sanitize]08[sanitize]11,18,その他,駐車（輪）場,50歳代,その他,施錠した
窃盗,自転車盗,尼崎南,中央,282022,兵庫県,尼崎市,神田中通２丁目,2023[sanitize]09[sanitize]15,00,道路上,その他,10歳代,その他,施錠せず
窃盗,自転車盗,尼崎南,中央,282022,兵庫県,尼崎市,神田中通２丁目,2023[sanitize]10[sanitize]09,08,その他,駐車（輪）場,20歳代,その他,施錠した
窃盗,自転車盗,尼崎南,中央,282022,兵庫県,尼崎市,神田中通２丁目,2023[sanitize]10[sanitize]31,07,その他,駐車（輪）場,20歳代,その他,施錠した
窃盗,自転車盗,尼崎南,中央,282022,兵庫県,尼崎市,神田中通２丁目,2023[sanitize]11[sanitize]23,01,道路上,その他,10歳代,小学生,施錠せず
窃盗,自転車盗,尼崎南,中央,282022,兵庫県,尼崎市,神田中通２丁目,2023[sanitize]11[sanitize]24,23,道路上,その他,50歳代,その他,施錠せず
窃盗,自転車盗,尼崎南,中央,282022,兵庫県,尼崎市,神田中通２丁目,2023[sanitize]12[sanitize]13,17,道路上,その他,10歳代,その他,施錠せず
窃盗,自転車盗,尼崎南,中央,282022,兵庫県,尼崎市,神田中通２丁目,2023[sanitize]12[sanitize]17,15,その他,駐車（輪）場,30歳代,その他,施錠せず
窃盗,自転車盗,尼崎南,中央,282022,兵庫県,尼崎市,神田中通３丁目,2023[sanitize]01[sanitize]25,13,道路上,その他,30歳代,その他,施錠せず
窃盗,自転車盗,尼崎南,中央,282022,兵庫県,尼崎市,神田中通３丁目,2023[sanitize]06[sanitize]07,17,道路上,その他,10歳代,その他,施錠した
窃盗,自転車盗,尼崎南,中央,282022,兵庫県,尼崎市,神田中通３丁目,2023[sanitize]11[sanitize]23,19,道路上,その他,40歳代,その他,施錠せず
窃盗,自転車盗,尼崎南,中央,282022,兵庫県,尼崎市,神田中通４丁目,2023[sanitize]06[sanitize]25,06,道路上,その他,70歳以上,その他,施錠せず
窃盗,自転車盗,尼崎南,中央,282022,兵庫県,尼崎市,神田中通４丁目,2023[sanitize]06[sanitize]29,16,道路上,その他,30歳代,その他,施錠せず
窃盗,自転車盗,尼崎南,中央,282022,兵庫県,尼崎市,神田中通４丁目,2023[sanitize]07[sanitize]03,16,道路上,その他,65[sanitize]69歳,その他,施錠せず
窃盗,自転車盗,尼崎南,中央,282022,兵庫県,尼崎市,神田中通４丁目,2023[sanitize]07[sanitize]09,12,道路上,その他,30歳代,その他,施錠せず
窃盗,自転車盗,尼崎南,中央,282022,兵庫県,尼崎市,神田中通４丁目,2023[sanitize]08[sanitize]03,12,道路上,その他,10歳代,小学生,施錠せず
窃盗,自転車盗,尼崎南,中央,282022,兵庫県,尼崎市,汐町,2023[sanitize]10[sanitize]15,14,その他の住宅（３階建て以下共同住宅等）,駐車（輪）場,20歳代,その他,施錠せず
窃盗,自転車盗,尼崎南,中央,282022,兵庫県,尼崎市,昭和通３丁目,2023[sanitize]05[sanitize]12,10,４階建て以上共同住宅,駐車（輪）場,30歳代,その他,施錠せず
窃盗,自転車盗,尼崎南,中央,282022,兵庫県,尼崎市,昭和通３丁目,2023[sanitize]05[sanitize]25,09,その他,駐車（輪）場,30歳代,その他,施錠した
窃盗,自転車盗,尼崎南,中央,282022,兵庫県,尼崎市,昭和通４丁目,2023[sanitize]06[sanitize]18,12,４階建て以上共同住宅,駐車（輪）場,30歳代,その他,施錠した
窃盗,自転車盗,尼崎南,中央,282022,兵庫県,尼崎市,昭和通４丁目,2023[sanitize]06[sanitize]30,21,道路上,その他,20歳代,その他,施錠した
窃盗,自転車盗,尼崎南,中央,282022,兵庫県,尼崎市,昭和通４丁目,2023[sanitize]07[sanitize]10,00,道路上,その他,50歳代,その他,施錠せず
窃盗,自転車盗,尼崎南,中央,282022,兵庫県,尼崎市,昭和通４丁目,2023[sanitize]07[sanitize]15,00,道路上,その他,20歳代,その他,施錠せず
窃盗,自転車盗,尼崎南,中央,282022,兵庫県,尼崎市,昭和通５丁目,2023[sanitize]04[sanitize]20,22,その他,駐車（輪）場,10歳代,大学生,施錠した
窃盗,自転車盗,尼崎南,中央,282022,兵庫県,尼崎市,昭和通５丁目,2023[sanitize]05[sanitize]19,11,道路上,その他,60[sanitize]64歳,その他,施錠せず
窃盗,自転車盗,尼崎南,中央,282022,兵庫県,尼崎市,昭和通５丁目,2023[sanitize]06[sanitize]15,09,４階建て以上共同住宅,駐車（輪）場,20歳代,その他,施錠した
窃盗,自転車盗,尼崎南,中央,282022,兵庫県,尼崎市,昭和通５丁目,2023[sanitize]07[sanitize]11,13,道路上,その他,10歳代,その他,施錠せず
窃盗,自転車盗,尼崎南,中央,282022,兵庫県,尼崎市,昭和通５丁目,2023[sanitize]07[sanitize]25,10,４階建て以上共同住宅,駐車（輪）場,20歳代,その他,施錠した
窃盗,自転車盗,尼崎南,中央,282022,兵庫県,尼崎市,昭和通５丁目,2023[sanitize]08[sanitize]13,13,４階建て以上共同住宅,駐車（輪）場,50歳代,その他,施錠せず
窃盗,自転車盗,尼崎南,中央,282022,兵庫県,尼崎市,昭和通５丁目,2023[sanitize]09[sanitize]18,22,４階建て以上共同住宅,駐車（輪）場,60[sanitize]64歳,その他,施錠した
窃盗,自転車盗,尼崎南,中央,282022,兵庫県,尼崎市,昭和南通３丁目,2023[sanitize]10[sanitize]26,21,４階建て以上共同住宅,駐車（輪）場,30歳代,その他,施錠せず
窃盗,自転車盗,尼崎南,中央,282022,兵庫県,尼崎市,昭和南通４丁目,2023[sanitize]01[sanitize]28,19,道路上,その他,30歳代,その他,施錠した
窃盗,自転車盗,尼崎南,中央,282022,兵庫県,尼崎市,昭和南通４丁目,2023[sanitize]02[sanitize]27,00,道路上,その他,20歳代,その他,施錠した
窃盗,自転車盗,尼崎南,中央,282022,兵庫県,尼崎市,昭和南通４丁目,2023[sanitize]03[sanitize]21,18,道路上,その他,10歳代,高校生,施錠せず
窃盗,自転車盗,尼崎南,中央,282022,兵庫県,尼崎市,昭和南通４丁目,2023[sanitize]05[sanitize]14,11,道路上,その他,20歳代,その他,施錠せず
窃盗,自転車盗,尼崎南,中央,282022,兵庫県,尼崎市,昭和南通４丁目,2023[sanitize]06[sanitize]09,09,４階建て以上共同住宅,駐車（輪）場,40歳代,その他,施錠した
窃盗,自転車盗,尼崎南,中央,282022,兵庫県,尼崎市,昭和南通４丁目,2023[sanitize]11[sanitize]23,04,道路上,その他,30歳代,その他,施錠した
窃盗,自転車盗,尼崎南,中央,282022,兵庫県,尼崎市,昭和南通５丁目,2023[sanitize]01[sanitize]06,20,道路上,その他,20歳代,その他,施錠した
窃盗,自転車盗,尼崎南,中央,282022,兵庫県,尼崎市,昭和南通５丁目,2023[sanitize]10[sanitize]20,23,道路上,その他,20歳代,その他,施錠した
窃盗,自転車盗,尼崎南,中央,282022,兵庫県,尼崎市,西本町１丁目,2023[sanitize]07[sanitize]27,07,道路上,その他,40歳代,その他,施錠した
窃盗,自転車盗,尼崎南,中央,282022,兵庫県,尼崎市,西本町３丁目,2023[sanitize]11[sanitize]08,06,駐車（輪）場,駐車（輪）場,20歳代,その他,施錠した
窃盗,自転車盗,尼崎南,中央,282022,兵庫県,尼崎市,西本町５丁目,2023[sanitize]06[sanitize]01,18,その他の住宅（３階建て以下共同住宅等）,駐車（輪）場,20歳代,その他,施錠せず
窃盗,自転車盗,尼崎南,中央,282022,兵庫県,尼崎市,西本町６丁目,2023[sanitize]08[sanitize]02,17,その他,その他,60[sanitize]64歳,その他,施錠せず
窃盗,自転車盗,尼崎南,中央,282022,兵庫県,尼崎市,西本町６丁目,2023[sanitize]08[sanitize]02,20,道路上,その他,10歳代,高校生,施錠せず
窃盗,自転車盗,尼崎南,中央,282022,兵庫県,尼崎市,西御園町,2023[sanitize]12[sanitize]23,17,その他,駐車（輪）場,10歳代,高校生,施錠せず
窃盗,自転車盗,尼崎南,中央,282022,兵庫県,尼崎市,東御園町,2023[sanitize]05[sanitize]10,09,駐車（輪）場,駐車（輪）場,20歳代,その他,施錠せず
窃盗,自転車盗,尼崎南,中央,282022,兵庫県,尼崎市,東御園町,2023[sanitize]11[sanitize]24,10,４階建て以上共同住宅,駐車（輪）場,30歳代,その他,施錠せず
窃盗,自転車盗,尼崎南,中央,282022,兵庫県,尼崎市,御園町,2023[sanitize]01[sanitize]01,06,その他,駐車（輪）場,50歳代,その他,施錠した
窃盗,自転車盗,尼崎南,中央,282022,兵庫県,尼崎市,御園町,2023[sanitize]01[sanitize]02,18,４階建て以上共同住宅,駐車（輪）場,10歳代,高校生,施錠せず
窃盗,自転車盗,尼崎南,中央,282022,兵庫県,尼崎市,御園町,2023[sanitize]06[sanitize]01,09,道路上,その他,10歳代,その他,施錠せず
窃盗,自転車盗,尼崎南,中央,282022,兵庫県,尼崎市,御園町,2023[sanitize]06[sanitize]20,18,道路上,その他,50歳代,その他,施錠せず
窃盗,自転車盗,尼崎南,中央,282022,兵庫県,尼崎市,御園町,2023[sanitize]07[sanitize]11,18,４階建て以上共同住宅,その他,50歳代,その他,施錠した
窃盗,自転車盗,尼崎南,中央,282022,兵庫県,尼崎市,御園町,2023[sanitize]07[sanitize]18,09,４階建て以上共同住宅,駐車（輪）場,50歳代,その他,施錠した
窃盗,自転車盗,尼崎南,中央,282022,兵庫県,尼崎市,御園町,2023[sanitize]08[sanitize]01,16,その他,駐車（輪）場,50歳代,その他,施錠せず
窃盗,自転車盗,尼崎南,中央,282022,兵庫県,尼崎市,御園町,2023[sanitize]09[sanitize]03,13,その他,駐車（輪）場,40歳代,その他,施錠した
窃盗,自転車盗,尼崎南,中央,282022,兵庫県,尼崎市,御園町,2023[sanitize]11[sanitize]08,08,その他,駐車（輪）場,20歳代,その他,施錠せず
窃盗,自転車盗,尼崎南,中央,282022,兵庫県,尼崎市,御園町,2023[sanitize]12[sanitize]16,11,その他,駐車（輪）場,65[sanitize]69歳,その他,施錠した
窃盗,自転車盗,尼崎南,元浜,282022,兵庫県,尼崎市,扇町,2023[sanitize]01[sanitize]26,17,その他,駐車（輪）場,40歳代,その他,施錠せず
窃盗,自転車盗,尼崎南,元浜,282022,兵庫県,尼崎市,大浜町２丁目,2023[sanitize]07[sanitize]26,07,その他,その他,20歳代,その他,施錠せず
窃盗,自転車盗,尼崎南,元浜,282022,兵庫県,尼崎市,大浜町２丁目,2023[sanitize]07[sanitize]26,07,その他,その他,20歳代,その他,施錠せず
窃盗,自転車盗,尼崎南,元浜,282022,兵庫県,尼崎市,末広町２丁目,2023[sanitize]05[sanitize]21,18,一戸建住宅,駐車（輪）場,50歳代,その他,施錠せず
窃盗,自転車盗,尼崎南,元浜,282022,兵庫県,尼崎市,道意町６丁目,2023[sanitize]05[sanitize]04,20,４階建て以上共同住宅,駐車（輪）場,20歳代,その他,施錠せず
窃盗,自転車盗,尼崎南,元浜,282022,兵庫県,尼崎市,道意町６丁目,2023[sanitize]05[sanitize]12,18,４階建て以上共同住宅,駐車（輪）場,30歳代,その他,施錠せず
窃盗,自転車盗,尼崎南,元浜,282022,兵庫県,尼崎市,道意町６丁目,2023[sanitize]08[sanitize]21,07,その他,駐車（輪）場,20歳代,その他,施錠せず
窃盗,自転車盗,尼崎南,元浜,282022,兵庫県,尼崎市,道意町７丁目,2023[sanitize]02[sanitize]09,19,その他,駐車（輪）場,10歳代,高校生,施錠した
窃盗,自転車盗,尼崎南,元浜,282022,兵庫県,尼崎市,道意町７丁目,2023[sanitize]08[sanitize]02,17,その他,駐車（輪）場,20歳代,その他,施錠せず
窃盗,自転車盗,尼崎南,元浜,282022,兵庫県,尼崎市,道意町７丁目,2023[sanitize]08[sanitize]21,09,その他,駐車（輪）場,40歳代,その他,施錠せず
窃盗,自転車盗,尼崎南,元浜,282022,兵庫県,尼崎市,道意町７丁目,2023[sanitize]08[sanitize]26,16,その他,駐車（輪）場,20歳代,その他,施錠せず
窃盗,自転車盗,尼崎南,元浜,282022,兵庫県,尼崎市,道意町７丁目,2023[sanitize]09[sanitize]02,13,その他,駐車（輪）場,40歳代,その他,施錠した
窃盗,自転車盗,尼崎南,元浜,282022,兵庫県,尼崎市,道意町７丁目,2023[sanitize]12[sanitize]24,23,その他,駐車（輪）場,10歳代,高校生,施錠せず
窃盗,自転車盗,尼崎南,元浜,282022,兵庫県,尼崎市,元浜町１丁目,2023[sanitize]05[sanitize]16,15,４階建て以上共同住宅,駐車（輪）場,50歳代,その他,施錠した
窃盗,自転車盗,尼崎南,元浜,282022,兵庫県,尼崎市,元浜町２丁目,2023[sanitize]04[sanitize]13,20,道路上,その他,70歳以上,その他,施錠せず
窃盗,自転車盗,尼崎南,元浜,282022,兵庫県,尼崎市,元浜町２丁目,2023[sanitize]04[sanitize]18,21,その他,駐車（輪）場,10歳代,その他,施錠せず
窃盗,自転車盗,尼崎南,元浜,282022,兵庫県,尼崎市,元浜町２丁目,2023[sanitize]06[sanitize]19,19,一戸建住宅,駐車（輪）場,20歳代,その他,施錠した
窃盗,自転車盗,尼崎南,元浜,282022,兵庫県,尼崎市,元浜町２丁目,2023[sanitize]10[sanitize]10,12,一戸建住宅,駐車（輪）場,10歳代,中学生,施錠せず
窃盗,自転車盗,尼崎南,出屋敷,282022,兵庫県,尼崎市,玄番南之町,2023[sanitize]08[sanitize]02,19,道路上,その他,10歳代,中学生,施錠せず
窃盗,自転車盗,尼崎南,出屋敷,282022,兵庫県,尼崎市,竹谷町１丁目,2023[sanitize]06[sanitize]16,17,その他の住宅（３階建て以下共同住宅等）,駐車（輪）場,20歳代,その他,施錠した
窃盗,自転車盗,尼崎南,出屋敷,282022,兵庫県,尼崎市,竹谷町２丁目,2023[sanitize]02[sanitize]26,06,その他,駐車（輪）場,20歳代,その他,施錠せず
窃盗,自転車盗,尼崎南,出屋敷,282022,兵庫県,尼崎市,竹谷町２丁目,2023[sanitize]05[sanitize]09,16,その他,駐車（輪）場,10歳代,高校生,施錠せず
窃盗,自転車盗,尼崎南,出屋敷,282022,兵庫県,尼崎市,竹谷町２丁目,2023[sanitize]06[sanitize]26,07,その他,駐車（輪）場,10歳代,高校生,施錠した
窃盗,自転車盗,尼崎南,出屋敷,282022,兵庫県,尼崎市,竹谷町２丁目,2023[sanitize]11[sanitize]04,18,その他,駐車（輪）場,50歳代,その他,施錠した
窃盗,自転車盗,尼崎南,出屋敷,282022,兵庫県,尼崎市,竹谷町３丁目,2023[sanitize]04[sanitize]10,00,その他の住宅（３階建て以下共同住宅等）,駐車（輪）場,10歳代,小学生,施錠した
窃盗,自転車盗,尼崎南,出屋敷,282022,兵庫県,尼崎市,南竹谷町２丁目,2023[sanitize]07[sanitize]22,11,４階建て以上共同住宅,駐車（輪）場,30歳代,その他,施錠せず
窃盗,自転車盗,尼崎南,出屋敷,282022,兵庫県,尼崎市,南竹谷町３丁目,2023[sanitize]01[sanitize]20,12,４階建て以上共同住宅,駐車（輪）場,50歳代,その他,施錠せず
窃盗,自転車盗,尼崎南,出屋敷,282022,兵庫県,尼崎市,南竹谷町３丁目,2023[sanitize]08[sanitize]06,12,４階建て以上共同住宅,駐車（輪）場,30歳代,その他,施錠した
窃盗,自転車盗,尼崎南,出屋敷,282022,兵庫県,尼崎市,南竹谷町３丁目,2023[sanitize]10[sanitize]27,06,その他,駐車（輪）場,20歳代,その他,施錠せず
窃盗,自転車盗,尼崎南,大島,282022,兵庫県,尼崎市,稲葉荘１丁目,2023[sanitize]05[sanitize]04,17,４階建て以上共同住宅,駐車（輪）場,10歳代,高校生,施錠した
窃盗,自転車盗,尼崎南,大島,282022,兵庫県,尼崎市,稲葉荘２丁目,2023[sanitize]06[sanitize]02,19,４階建て以上共同住宅,駐車（輪）場,70歳以上,その他,施錠せず
窃盗,自転車盗,尼崎南,大島,282022,兵庫県,尼崎市,稲葉荘２丁目,2023[sanitize]11[sanitize]02,14,４階建て以上共同住宅,駐車（輪）場,20歳代,その他,施錠せず
窃盗,自転車盗,尼崎南,大島,282022,兵庫県,尼崎市,稲葉荘２丁目,2023[sanitize]11[sanitize]18,11,その他の住宅（３階建て以下共同住宅等）,駐車（輪）場,70歳以上,その他,施錠せず
窃盗,自転車盗,尼崎南,大島,282022,兵庫県,尼崎市,稲葉荘２丁目,2023[sanitize]12[sanitize]04,13,４階建て以上共同住宅,駐車（輪）場,50歳代,その他,施錠した
窃盗,自転車盗,尼崎南,大島,282022,兵庫県,尼崎市,浜田町２丁目,2023[sanitize]05[sanitize]10,15,４階建て以上共同住宅,駐車（輪）場,20歳代,その他,施錠せず
窃盗,自転車盗,尼崎南,大島,282022,兵庫県,尼崎市,浜田町３丁目,2023[sanitize]09[sanitize]05,12,４階建て以上共同住宅,駐車（輪）場,40歳代,その他,施錠した
窃盗,自転車盗,尼崎南,大島,282022,兵庫県,尼崎市,浜田町３丁目,2023[sanitize]09[sanitize]27,20,４階建て以上共同住宅,その他,10歳代,高校生,施錠した
窃盗,自転車盗,尼崎南,大島,282022,兵庫県,尼崎市,浜田町３丁目,2023[sanitize]12[sanitize]16,00,道路上,その他,10歳代,その他,施錠せず
窃盗,自転車盗,尼崎南,大島,282022,兵庫県,尼崎市,浜田町４丁目,2023[sanitize]06[sanitize]26,20,その他の住宅（３階建て以下共同住宅等）,駐車（輪）場,30歳代,その他,施錠した
窃盗,自転車盗,尼崎南,大島,282022,兵庫県,尼崎市,浜田町５丁目,2023[sanitize]11[sanitize]13,17,４階建て以上共同住宅,駐車（輪）場,20歳代,その他,施錠せず
窃盗,自転車盗,尼崎南,大島,282022,兵庫県,尼崎市,浜田町５丁目,2023[sanitize]12[sanitize]09,20,その他の住宅（３階建て以下共同住宅等）,駐車（輪）場,10歳代,中学生,施錠せず
窃盗,自転車盗,尼崎南,大島,282022,兵庫県,尼崎市,大島１丁目,2023[sanitize]02[sanitize]19,19,一戸建住宅,その他,40歳代,その他,施錠した
窃盗,自転車盗,尼崎南,大島,282022,兵庫県,尼崎市,大庄北１丁目,2023[sanitize]04[sanitize]06,08,一戸建住宅,その他,10歳代,高校生,施錠せず
窃盗,自転車盗,尼崎南,大島,282022,兵庫県,尼崎市,大庄北１丁目,2023[sanitize]07[sanitize]25,14,一戸建住宅,その他,30歳代,その他,施錠せず
窃盗,自転車盗,尼崎南,大島,282022,兵庫県,尼崎市,大庄北１丁目,2023[sanitize]10[sanitize]21,06,駐車（輪）場,駐車（輪）場,30歳代,その他,施錠せず
窃盗,自転車盗,尼崎南,大島,282022,兵庫県,尼崎市,大庄北３丁目,2023[sanitize]02[sanitize]08,14,４階建て以上共同住宅,駐車（輪）場,20歳代,その他,施錠せず
窃盗,自転車盗,尼崎南,大島,282022,兵庫県,尼崎市,大庄北３丁目,2023[sanitize]04[sanitize]10,13,一戸建住宅,その他,50歳代,その他,施錠せず
窃盗,自転車盗,尼崎南,大島,282022,兵庫県,尼崎市,大庄北３丁目,2023[sanitize]09[sanitize]24,12,一戸建住宅,駐車（輪）場,20歳代,その他,施錠せず
窃盗,自転車盗,尼崎南,大島,282022,兵庫県,尼崎市,大庄北４丁目,2023[sanitize]03[sanitize]30,15,道路上,その他,10歳代,中学生,施錠せず
窃盗,自転車盗,尼崎南,大島,282022,兵庫県,尼崎市,大庄北４丁目,2023[sanitize]05[sanitize]20,17,その他,駐車（輪）場,50歳代,その他,施錠した
窃盗,自転車盗,尼崎南,大島,282022,兵庫県,尼崎市,大庄北４丁目,2023[sanitize]07[sanitize]23,09,その他,駐車（輪）場,50歳代,その他,施錠した
窃盗,自転車盗,尼崎南,大島,282022,兵庫県,尼崎市,大庄北４丁目,2023[sanitize]10[sanitize]19,22,４階建て以上共同住宅,駐車（輪）場,10歳代,高校生,施錠した
窃盗,自転車盗,尼崎南,大島,282022,兵庫県,尼崎市,大庄北４丁目,2023[sanitize]12[sanitize]07,15,道路上,その他,10歳代,高校生,施錠した
窃盗,自転車盗,尼崎南,大島,282022,兵庫県,尼崎市,大庄北５丁目,2023[sanitize]01[sanitize]11,17,道路上,その他,40歳代,その他,施錠せず
窃盗,自転車盗,尼崎南,大島,282022,兵庫県,尼崎市,大庄北５丁目,2023[sanitize]01[sanitize]29,02,その他,その他,20歳代,その他,施錠せず
窃盗,自転車盗,尼崎南,大庄,282022,兵庫県,尼崎市,大庄中通１丁目,2023[sanitize]08[sanitize]28,19,４階建て以上共同住宅,駐車（輪）場,70歳以上,その他,施錠せず
窃盗,自転車盗,尼崎南,大庄,282022,兵庫県,尼崎市,大庄中通２丁目,2023[sanitize]02[sanitize]07,18,その他の住宅（３階建て以下共同住宅等）,駐車（輪）場,60[sanitize]64歳,その他,施錠した
窃盗,自転車盗,尼崎南,大庄,282022,兵庫県,尼崎市,大庄中通３丁目,2023[sanitize]08[sanitize]24,16,その他の住宅（３階建て以下共同住宅等）,駐車（輪）場,20歳代,その他,施錠せず
窃盗,自転車盗,尼崎南,大庄,282022,兵庫県,尼崎市,大庄中通４丁目,2023[sanitize]06[sanitize]14,17,一戸建住宅,その他,10歳代,大学生,施錠せず
窃盗,自転車盗,尼崎南,大庄,282022,兵庫県,尼崎市,大島１丁目,2023[sanitize]04[sanitize]04,20,道路上,その他,10歳代,大学生,施錠せず
窃盗,自転車盗,尼崎南,大庄,282022,兵庫県,尼崎市,大島１丁目,2023[sanitize]06[sanitize]07,20,その他,駐車（輪）場,10歳代,大学生,施錠せず
窃盗,自転車盗,尼崎南,大庄,282022,兵庫県,尼崎市,大島１丁目,2023[sanitize]07[sanitize]09,23,一戸建住宅,その他,10歳代,その他,施錠せず
窃盗,自転車盗,尼崎南,大庄,282022,兵庫県,尼崎市,大島１丁目,2023[sanitize]10[sanitize]06,17,４階建て以上共同住宅,駐車（輪）場,10歳代,中学生,施錠した
窃盗,自転車盗,尼崎南,大庄,282022,兵庫県,尼崎市,大島１丁目,2023[sanitize]11[sanitize]04,12,道路上,その他,10歳代,中学生,施錠した
窃盗,自転車盗,尼崎南,大庄,282022,兵庫県,尼崎市,大島１丁目,2023[sanitize]11[sanitize]25,00,道路上,その他,10歳代,大学生,施錠せず
窃盗,自転車盗,尼崎南,大庄,282022,兵庫県,尼崎市,大島２丁目,2023[sanitize]06[sanitize]18,14,その他の住宅（３階建て以下共同住宅等）,駐車（輪）場,20歳代,その他,施錠せず
窃盗,自転車盗,尼崎南,大庄,282022,兵庫県,尼崎市,大島３丁目,2022[sanitize]09[sanitize]20,17,道路上,その他,50歳代,その他,施錠した
窃盗,自転車盗,尼崎南,大庄,282022,兵庫県,尼崎市,大島３丁目,2023[sanitize]01[sanitize]04,17,道路上,その他,50歳代,その他,施錠した
窃盗,自転車盗,尼崎南,大庄,282022,兵庫県,尼崎市,大島３丁目,2023[sanitize]04[sanitize]01,17,その他の住宅（３階建て以下共同住宅等）,駐車（輪）場,30歳代,その他,施錠した
窃盗,自転車盗,尼崎南,大庄,282022,兵庫県,尼崎市,大島３丁目,2023[sanitize]08[sanitize]30,18,一戸建住宅,駐車（輪）場,40歳代,その他,施錠せず
窃盗,自転車盗,尼崎南,大庄,282022,兵庫県,尼崎市,大島３丁目,2023[sanitize]12[sanitize]12,17,その他の住宅（３階建て以下共同住宅等）,駐車（輪）場,20歳代,その他,施錠せず
窃盗,自転車盗,尼崎南,大庄,282022,兵庫県,尼崎市,大島３丁目,2023[sanitize]12[sanitize]22,20,一戸建住宅,駐車（輪）場,40歳代,その他,施錠せず
窃盗,自転車盗,尼崎南,大庄,282022,兵庫県,尼崎市,大庄西町２丁目,2023[sanitize]09[sanitize]07,22,その他の住宅（３階建て以下共同住宅等）,駐車（輪）場,10歳代,中学生,施錠せず
窃盗,自転車盗,尼崎南,大庄,282022,兵庫県,尼崎市,大庄西町２丁目,2023[sanitize]09[sanitize]08,05,その他の住宅（３階建て以下共同住宅等）,駐車（輪）場,30歳代,その他,施錠した
窃盗,自転車盗,尼崎南,大庄,282022,兵庫県,尼崎市,大庄西町２丁目,2023[sanitize]11[sanitize]14,17,その他の住宅（３階建て以下共同住宅等）,駐車（輪）場,20歳代,その他,施錠した
窃盗,自転車盗,尼崎南,大物,282022,兵庫県,尼崎市,北城内,2023[sanitize]02[sanitize]04,19,その他の住宅（３階建て以下共同住宅等）,その他,70歳以上,その他,施錠せず
窃盗,自転車盗,尼崎南,大物,282022,兵庫県,尼崎市,北大物町,2023[sanitize]02[sanitize]23,12,一戸建住宅,駐車（輪）場,70歳以上,その他,施錠せず
窃盗,自転車盗,尼崎南,大物,282022,兵庫県,尼崎市,北大物町,2023[sanitize]06[sanitize]04,18,４階建て以上共同住宅,駐車（輪）場,10歳代,小学生,施錠した
窃盗,自転車盗,尼崎南,大物,282022,兵庫県,尼崎市,北大物町,2023[sanitize]06[sanitize]06,22,一戸建住宅,駐車（輪）場,10歳代,高校生,施錠せず
窃盗,自転車盗,尼崎南,大物,282022,兵庫県,尼崎市,昭和通１丁目,2022[sanitize]12[sanitize]31,16,道路上,その他,60[sanitize]64歳,その他,施錠せず
窃盗,自転車盗,尼崎南,大物,282022,兵庫県,尼崎市,昭和通１丁目,2023[sanitize]02[sanitize]02,20,４階建て以上共同住宅,駐車（輪）場,20歳代,その他,施錠せず
窃盗,自転車盗,尼崎南,大物,282022,兵庫県,尼崎市,昭和通１丁目,2023[sanitize]03[sanitize]16,11,一戸建住宅,その他,60[sanitize]64歳,その他,施錠せず
窃盗,自転車盗,尼崎南,大物,282022,兵庫県,尼崎市,昭和通１丁目,2023[sanitize]04[sanitize]07,19,道路上,その他,10歳代,中学生,施錠せず
窃盗,自転車盗,尼崎南,大物,282022,兵庫県,尼崎市,昭和通１丁目,2023[sanitize]04[sanitize]23,23,４階建て以上共同住宅,駐車（輪）場,20歳代,その他,施錠した
窃盗,自転車盗,尼崎南,大物,282022,兵庫県,尼崎市,昭和通１丁目,2023[sanitize]04[sanitize]25,21,４階建て以上共同住宅,駐車（輪）場,20歳代,その他,施錠せず
窃盗,自転車盗,尼崎南,大物,282022,兵庫県,尼崎市,昭和通１丁目,2023[sanitize]05[sanitize]11,19,４階建て以上共同住宅,駐車（輪）場,20歳代,その他,施錠せず
窃盗,自転車盗,尼崎南,大物,282022,兵庫県,尼崎市,昭和通１丁目,2023[sanitize]07[sanitize]16,23,その他の住宅（３階建て以下共同住宅等）,その他,40歳代,その他,施錠した
窃盗,自転車盗,尼崎南,大物,282022,兵庫県,尼崎市,昭和通１丁目,2023[sanitize]08[sanitize]24,18,４階建て以上共同住宅,その他,30歳代,その他,施錠した
窃盗,自転車盗,尼崎南,大物,282022,兵庫県,尼崎市,昭和通１丁目,2023[sanitize]09[sanitize]10,21,道路上,その他,10歳代,中学生,施錠せず
窃盗,自転車盗,尼崎南,大物,282022,兵庫県,尼崎市,昭和通１丁目,2023[sanitize]09[sanitize]29,00,一戸建住宅,駐車（輪）場,10歳代,高校生,施錠せず
窃盗,自転車盗,尼崎南,大物,282022,兵庫県,尼崎市,昭和通１丁目,2023[sanitize]09[sanitize]29,08,一戸建住宅,駐車（輪）場,10歳代,高校生,施錠した
窃盗,自転車盗,尼崎南,大物,282022,兵庫県,尼崎市,昭和通１丁目,2023[sanitize]10[sanitize]02,22,一戸建住宅,駐車（輪）場,30歳代,その他,施錠した
窃盗,自転車盗,尼崎南,大物,282022,兵庫県,尼崎市,昭和通２丁目,2023[sanitize]03[sanitize]16,22,その他,駐車（輪）場,20歳代,その他,施錠した
窃盗,自転車盗,尼崎南,大物,282022,兵庫県,尼崎市,昭和通２丁目,2023[sanitize]04[sanitize]13,09,その他,駐車（輪）場,50歳代,その他,施錠せず
窃盗,自転車盗,尼崎南,大物,282022,兵庫県,尼崎市,昭和通２丁目,2023[sanitize]06[sanitize]27,22,その他の住宅（３階建て以下共同住宅等）,その他,30歳代,その他,施錠せず
窃盗,自転車盗,尼崎南,大物,282022,兵庫県,尼崎市,昭和通２丁目,2023[sanitize]07[sanitize]24,22,４階建て以上共同住宅,駐車（輪）場,30歳代,その他,施錠した
窃盗,自転車盗,尼崎南,大物,282022,兵庫県,尼崎市,昭和通２丁目,2023[sanitize]11[sanitize]28,18,その他の住宅（３階建て以下共同住宅等）,駐車（輪）場,10歳代,高校生,施錠せず
窃盗,自転車盗,尼崎南,大物,282022,兵庫県,尼崎市,昭和通２丁目,2023[sanitize]12[sanitize]02,16,その他,駐車（輪）場,10歳代,大学生,施錠した
窃盗,自転車盗,尼崎南,大物,282022,兵庫県,尼崎市,昭和通２丁目,2023[sanitize]12[sanitize]02,23,その他,駐車（輪）場,10歳代,中学生,施錠せず
窃盗,自転車盗,尼崎南,大物,282022,兵庫県,尼崎市,昭和通２丁目,2023[sanitize]12[sanitize]05,05,その他,駐車（輪）場,60[sanitize]64歳,その他,施錠せず
窃盗,自転車盗,尼崎南,大物,282022,兵庫県,尼崎市,大物町１丁目,2022[sanitize]08[sanitize]21,00,その他,その他,30歳代,その他,施錠せず
窃盗,自転車盗,尼崎南,大物,282022,兵庫県,尼崎市,大物町２丁目,2023[sanitize]02[sanitize]19,19,道路上,その他,20歳代,その他,施錠した
窃盗,自転車盗,尼崎南,大物,282022,兵庫県,尼崎市,大物町２丁目,2023[sanitize]02[sanitize]20,12,道路上,その他,10歳代,中学生,施錠した
窃盗,自転車盗,尼崎南,大物,282022,兵庫県,尼崎市,西大物町,2023[sanitize]03[sanitize]06,14,一戸建住宅,その他,20歳代,大学生,施錠した
窃盗,自転車盗,尼崎南,大物,282022,兵庫県,尼崎市,西大物町,2023[sanitize]03[sanitize]24,08,その他,駐車（輪）場,10歳代,中学生,施錠した
窃盗,自転車盗,尼崎南,大物,282022,兵庫県,尼崎市,西大物町,2023[sanitize]03[sanitize]24,08,その他,駐車（輪）場,20歳代,その他,施錠した
窃盗,自転車盗,尼崎南,大物,282022,兵庫県,尼崎市,西大物町,2023[sanitize]05[sanitize]19,15,その他の住宅（３階建て以下共同住宅等）,駐車（輪）場,20歳代,その他,施錠せず
窃盗,自転車盗,尼崎南,大物,282022,兵庫県,尼崎市,西大物町,2023[sanitize]06[sanitize]21,17,その他,駐車（輪）場,10歳代,その他,施錠せず
窃盗,自転車盗,尼崎南,大物,282022,兵庫県,尼崎市,西大物町,2023[sanitize]07[sanitize]04,15,その他,駐車（輪）場,50歳代,その他,施錠せず
窃盗,自転車盗,尼崎南,大物,282022,兵庫県,尼崎市,西大物町,2023[sanitize]10[sanitize]05,10,道路上,その他,20歳代,その他,施錠せず
窃盗,自転車盗,尼崎南,大物,282022,兵庫県,尼崎市,西大物町,2023[sanitize]11[sanitize]21,00,その他,駐車（輪）場,10歳代,高校生,施錠せず
窃盗,自転車盗,尼崎南,大物,282022,兵庫県,尼崎市,東大物町１丁目,2023[sanitize]07[sanitize]28,13,道路上,その他,50歳代,その他,施錠した
窃盗,自転車盗,尼崎南,大物,282022,兵庫県,尼崎市,東大物町１丁目,2023[sanitize]10[sanitize]24,17,その他,その他,50歳代,その他,施錠した
窃盗,自転車盗,尼崎南,御茶屋橋,282022,兵庫県,尼崎市,東本町２丁目,2023[sanitize]11[sanitize]22,18,４階建て以上共同住宅,駐車（輪）場,10歳代,中学生,施錠した
窃盗,自転車盗,尼崎南,御茶屋橋,282022,兵庫県,尼崎市,東本町４丁目,2023[sanitize]07[sanitize]28,19,その他の住宅（３階建て以下共同住宅等）,その他,20歳代,その他,施錠した
窃盗,自転車盗,尼崎南,御茶屋橋,282022,兵庫県,尼崎市,南城内,2023[sanitize]05[sanitize]18,22,４階建て以上共同住宅,駐車（輪）場,10歳代,高校生,施錠せず
窃盗,自転車盗,尼崎南,御茶屋橋,282022,兵庫県,尼崎市,南城内,2023[sanitize]07[sanitize]04,13,その他の住宅（３階建て以下共同住宅等）,駐車（輪）場,40歳代,その他,施錠した
窃盗,自転車盗,尼崎南,御茶屋橋,282022,兵庫県,尼崎市,南城内,2023[sanitize]09[sanitize]19,12,その他の住宅（３階建て以下共同住宅等）,駐車（輪）場,40歳代,その他,施錠した
窃盗,自転車盗,尼崎南,御茶屋橋,282022,兵庫県,尼崎市,南城内,2023[sanitize]11[sanitize]04,13,その他の住宅（３階建て以下共同住宅等）,駐車（輪）場,20歳代,その他,施錠せず
窃盗,自転車盗,尼崎南,御茶屋橋,282022,兵庫県,尼崎市,南初島町,2023[sanitize]01[sanitize]22,14,駐車（輪）場,駐車（輪）場,20歳代,その他,施錠した
窃盗,自転車盗,尼崎南,御茶屋橋,282022,兵庫県,尼崎市,築地２丁目,2023[sanitize]02[sanitize]06,06,その他,その他,20歳代,その他,施錠せず
窃盗,自転車盗,尼崎南,御茶屋橋,282022,兵庫県,尼崎市,築地２丁目,2023[sanitize]09[sanitize]17,18,道路上,その他,10歳代,中学生,施錠せず
窃盗,自転車盗,尼崎南,昭和通,282022,兵庫県,尼崎市,神田北通５丁目,2021[sanitize]10[sanitize]22,17,道路上,その他,40歳代,その他,施錠せず
窃盗,自転車盗,尼崎南,昭和通,282022,兵庫県,尼崎市,神田北通５丁目,2023[sanitize]05[sanitize]14,19,道路上,その他,50歳代,その他,施錠せず
窃盗,自転車盗,尼崎南,昭和通,282022,兵庫県,尼崎市,神田中通５丁目,2023[sanitize]04[sanitize]08,12,道路上,その他,70歳以上,その他,施錠した
窃盗,自転車盗,尼崎南,昭和通,282022,兵庫県,尼崎市,神田中通５丁目,2023[sanitize]08[sanitize]08,15,道路上,その他,50歳代,その他,施錠せず
窃盗,自転車盗,尼崎南,昭和通,282022,兵庫県,尼崎市,神田南通２丁目,2023[sanitize]02[sanitize]12,14,道路上,その他,70歳以上,その他,施錠した
窃盗,自転車盗,尼崎南,昭和通,282022,兵庫県,尼崎市,神田南通２丁目,2023[sanitize]08[sanitize]25,12,４階建て以上共同住宅,駐車（輪）場,30歳代,その他,施錠せず
窃盗,自転車盗,尼崎南,昭和通,282022,兵庫県,尼崎市,昭和通６丁目,2023[sanitize]11[sanitize]03,15,４階建て以上共同住宅,駐車（輪）場,50歳代,その他,施錠せず
窃盗,自転車盗,尼崎南,昭和通,282022,兵庫県,尼崎市,昭和通７丁目,2023[sanitize]12[sanitize]10,01,道路上,その他,30歳代,その他,施錠せず
窃盗,自転車盗,尼崎南,昭和通,282022,兵庫県,尼崎市,昭和南通６丁目,2023[sanitize]08[sanitize]17,22,道路上,その他,30歳代,その他,施錠せず
窃盗,自転車盗,尼崎南,昭和通,282022,兵庫県,尼崎市,昭和南通７丁目,2023[sanitize]08[sanitize]05,23,道路上,その他,50歳代,その他,施錠せず
窃盗,自転車盗,尼崎南,昭和通,282022,兵庫県,尼崎市,建家町,2023[sanitize]04[sanitize]26,15,道路上,その他,50歳代,その他,施錠せず
窃盗,自転車盗,尼崎南,昭和通,282022,兵庫県,尼崎市,西難波町３丁目,2022[sanitize]12[sanitize]28,17,その他,駐車（輪）場,20歳代,大学生,施錠せず
窃盗,自転車盗,尼崎南,昭和通,282022,兵庫県,尼崎市,西難波町３丁目,2023[sanitize]08[sanitize]19,18,一戸建住宅,駐車（輪）場,20歳代,大学生,施錠せず
窃盗,自転車盗,尼崎南,昭和通,282022,兵庫県,尼崎市,西難波町３丁目,2023[sanitize]12[sanitize]03,00,その他,駐車（輪）場,10歳代,高校生,施錠せず
窃盗,自転車盗,尼崎南,昭和通,282022,兵庫県,尼崎市,西難波町４丁目,2023[sanitize]06[sanitize]09,19,４階建て以上共同住宅,その他,20歳代,その他,施錠した
窃盗,自転車盗,尼崎南,昭和通,282022,兵庫県,尼崎市,西難波町４丁目,2023[sanitize]11[sanitize]27,20,４階建て以上共同住宅,駐車（輪）場,20歳代,その他,施錠した
窃盗,自転車盗,尼崎南,昭和通,282022,兵庫県,尼崎市,東難波町４丁目,2023[sanitize]08[sanitize]17,00,道路上,その他,30歳代,その他,施錠せず
窃盗,自転車盗,尼崎南,昭和通,282022,兵庫県,尼崎市,東難波町５丁目,2023[sanitize]10[sanitize]19,09,道路上,その他,40歳代,その他,施錠した
窃盗,自転車盗,尼崎南,東難波,282022,兵庫県,尼崎市,東難波町４丁目,2023[sanitize]04[sanitize]19,17,その他,駐車（輪）場,70歳以上,その他,施錠せず
窃盗,自転車盗,尼崎南,東難波,282022,兵庫県,尼崎市,東難波町４丁目,2023[sanitize]05[sanitize]15,10,４階建て以上共同住宅,駐車（輪）場,65[sanitize]69歳,その他,施錠せず
窃盗,自転車盗,尼崎南,東難波,282022,兵庫県,尼崎市,東難波町４丁目,2023[sanitize]05[sanitize]22,12,その他,駐車（輪）場,10歳代,高校生,施錠せず
窃盗,自転車盗,尼崎南,東難波,282022,兵庫県,尼崎市,東難波町４丁目,2023[sanitize]06[sanitize]01,00,一戸建住宅,駐車（輪）場,20歳代,その他,施錠せず
窃盗,自転車盗,尼崎南,東難波,282022,兵庫県,尼崎市,東難波町４丁目,2023[sanitize]06[sanitize]11,17,４階建て以上共同住宅,駐車（輪）場,40歳代,その他,施錠した
窃盗,自転車盗,尼崎南,東難波,282022,兵庫県,尼崎市,東難波町４丁目,2023[sanitize]08[sanitize]16,07,４階建て以上共同住宅,駐車（輪）場,10歳代,中学生,施錠せず
窃盗,自転車盗,尼崎南,東難波,282022,兵庫県,尼崎市,東難波町４丁目,2023[sanitize]11[sanitize]26,15,その他の住宅（３階建て以下共同住宅等）,駐車（輪）場,10歳代,中学生,施錠せず
窃盗,自転車盗,尼崎南,東難波,282022,兵庫県,尼崎市,東難波町５丁目,2022[sanitize]11[sanitize]20,00,道路上,その他,30歳代,その他,施錠せず
窃盗,自転車盗,尼崎南,東難波,282022,兵庫県,尼崎市,東難波町５丁目,2023[sanitize]01[sanitize]16,18,道路上,その他,20歳代,その他,施錠せず
窃盗,自転車盗,尼崎南,東難波,282022,兵庫県,尼崎市,東難波町５丁目,2023[sanitize]02[sanitize]25,20,４階建て以上共同住宅,駐車（輪）場,40歳代,その他,施錠せず
窃盗,自転車盗,尼崎南,東難波,282022,兵庫県,尼崎市,東難波町５丁目,2023[sanitize]03[sanitize]11,17,その他の住宅（３階建て以下共同住宅等）,その他,65[sanitize]69歳,その他,施錠した
窃盗,自転車盗,尼崎南,東難波,282022,兵庫県,尼崎市,東難波町５丁目,2023[sanitize]05[sanitize]03,15,その他,駐車（輪）場,70歳以上,その他,施錠せず
窃盗,自転車盗,尼崎南,東難波,282022,兵庫県,尼崎市,東難波町５丁目,2023[sanitize]07[sanitize]08,19,道路上,その他,10歳代,中学生,施錠せず
窃盗,自転車盗,尼崎南,東難波,282022,兵庫県,尼崎市,東難波町５丁目,2023[sanitize]07[sanitize]18,23,４階建て以上共同住宅,駐車（輪）場,50歳代,その他,施錠した
窃盗,自転車盗,尼崎南,東難波,282022,兵庫県,尼崎市,東難波町５丁目,2023[sanitize]07[sanitize]20,13,道路上,その他,10歳代,高校生,施錠せず
窃盗,自転車盗,尼崎南,東難波,282022,兵庫県,尼崎市,東難波町５丁目,2023[sanitize]09[sanitize]12,21,その他の住宅（３階建て以下共同住宅等）,駐車（輪）場,20歳代,その他,施錠せず
窃盗,自転車盗,尼崎南,東難波,282022,兵庫県,尼崎市,東難波町５丁目,2023[sanitize]09[sanitize]24,20,道路上,その他,30歳代,その他,施錠せず
窃盗,自転車盗,尼崎南,東難波,282022,兵庫県,尼崎市,東難波町５丁目,2023[sanitize]10[sanitize]04,21,４階建て以上共同住宅,駐車（輪）場,20歳代,その他,施錠せず
窃盗,自転車盗,尼崎南,東難波,282022,兵庫県,尼崎市,東難波町５丁目,2023[sanitize]10[sanitize]13,19,４階建て以上共同住宅,駐車（輪）場,20歳代,その他,施錠した
窃盗,自転車盗,尼崎南,東難波,282022,兵庫県,尼崎市,東難波町５丁目,2023[sanitize]10[sanitize]27,17,４階建て以上共同住宅,駐車（輪）場,20歳代,その他,施錠した
窃盗,自転車盗,尼崎南,東難波,282022,兵庫県,尼崎市,東難波町５丁目,2023[sanitize]11[sanitize]21,17,その他の住宅（３階建て以下共同住宅等）,駐車（輪）場,20歳代,その他,施錠せず
窃盗,自転車盗,尼崎南,稲葉荘,282022,兵庫県,尼崎市,稲葉荘４丁目,2023[sanitize]09[sanitize]01,21,一戸建住宅,駐車（輪）場,10歳代,中学生,施錠せず
窃盗,自転車盗,尼崎南,稲葉荘,282022,兵庫県,尼崎市,稲葉荘４丁目,2023[sanitize]11[sanitize]06,18,その他の住宅（３階建て以下共同住宅等）,駐車（輪）場,30歳代,その他,施錠せず
窃盗,自転車盗,尼崎南,稲葉荘,282022,兵庫県,尼崎市,稲葉元町１丁目,2023[sanitize]06[sanitize]26,10,４階建て以上共同住宅,駐車（輪）場,40歳代,その他,施錠した
窃盗,自転車盗,尼崎南,稲葉荘,282022,兵庫県,尼崎市,稲葉元町１丁目,2023[sanitize]07[sanitize]30,10,４階建て以上共同住宅,駐車（輪）場,40歳代,その他,施錠せず
窃盗,自転車盗,尼崎南,稲葉荘,282022,兵庫県,尼崎市,稲葉元町３丁目,2023[sanitize]05[sanitize]11,18,４階建て以上共同住宅,駐車（輪）場,20歳代,その他,施錠した
窃盗,自転車盗,尼崎南,稲葉荘,282022,兵庫県,尼崎市,稲葉元町３丁目,2023[sanitize]10[sanitize]11,05,駐車（輪）場,駐車（輪）場,30歳代,その他,施錠せず
窃盗,自転車盗,尼崎南,稲葉荘,282022,兵庫県,尼崎市,西立花町２丁目,2023[sanitize]02[sanitize]23,13,道路上,その他,30歳代,その他,施錠した
窃盗,自転車盗,尼崎南,稲葉荘,282022,兵庫県,尼崎市,西立花町２丁目,2023[sanitize]04[sanitize]29,17,４階建て以上共同住宅,駐車（輪）場,70歳以上,その他,施錠せず
窃盗,自転車盗,尼崎南,稲葉荘,282022,兵庫県,尼崎市,西立花町２丁目,2023[sanitize]11[sanitize]09,18,４階建て以上共同住宅,駐車（輪）場,30歳代,その他,施錠せず
窃盗,自転車盗,尼崎南,稲葉荘,282022,兵庫県,尼崎市,西立花町２丁目,2023[sanitize]11[sanitize]10,00,その他の住宅（３階建て以下共同住宅等）,駐車（輪）場,70歳以上,その他,施錠した
窃盗,自転車盗,尼崎南,稲葉荘,282022,兵庫県,尼崎市,西立花町４丁目,2023[sanitize]12[sanitize]01,12,４階建て以上共同住宅,駐車（輪）場,10歳代,高校生,施錠せず
窃盗,自転車盗,尼崎南,竹谷,282022,兵庫県,尼崎市,神田中通７丁目,2023[sanitize]11[sanitize]30,11,一戸建住宅,その他,65[sanitize]69歳,その他,施錠せず
窃盗,自転車盗,尼崎南,竹谷,282022,兵庫県,尼崎市,神田中通８丁目,2023[sanitize]09[sanitize]09,19,その他の住宅（３階建て以下共同住宅等）,駐車（輪）場,20歳代,その他,施錠せず
窃盗,自転車盗,尼崎南,竹谷,282022,兵庫県,尼崎市,神田中通８丁目,2023[sanitize]11[sanitize]03,18,一戸建住宅,駐車（輪）場,10歳代,高校生,施錠せず
窃盗,自転車盗,尼崎南,竹谷,282022,兵庫県,尼崎市,神田南通３丁目,2023[sanitize]06[sanitize]29,09,道路上,その他,70歳以上,その他,施錠した
窃盗,自転車盗,尼崎南,竹谷,282022,兵庫県,尼崎市,神田南通５丁目,2023[sanitize]12[sanitize]09,23,その他の住宅（３階建て以下共同住宅等）,その他,20歳代,その他,施錠した
窃盗,自転車盗,尼崎南,竹谷,282022,兵庫県,尼崎市,神田南通６丁目,2023[sanitize]09[sanitize]10,09,その他,駐車（輪）場,50歳代,その他,施錠せず
窃盗,自転車盗,尼崎南,竹谷,282022,兵庫県,尼崎市,北竹谷町３丁目,2023[sanitize]10[sanitize]04,20,その他の住宅（３階建て以下共同住宅等）,駐車（輪）場,20歳代,その他,施錠した
窃盗,自転車盗,尼崎南,竹谷,282022,兵庫県,尼崎市,玄番北之町,2023[sanitize]03[sanitize]02,15,４階建て以上共同住宅,駐車（輪）場,70歳以上,その他,施錠した
窃盗,自転車盗,尼崎南,竹谷,282022,兵庫県,尼崎市,昭和南通８丁目,2023[sanitize]08[sanitize]02,18,道路上,その他,20歳代,その他,施錠した
窃盗,自転車盗,尼崎南,竹谷,282022,兵庫県,尼崎市,西本町８丁目,2023[sanitize]04[sanitize]22,19,４階建て以上共同住宅,駐車（輪）場,20歳代,その他,施錠せず
窃盗,自転車盗,尼崎南,竹谷,282022,兵庫県,尼崎市,西本町８丁目,2023[sanitize]12[sanitize]23,16,４階建て以上共同住宅,駐車（輪）場,20歳代,その他,施錠せず
窃盗,自転車盗,尼崎南,竹谷,282022,兵庫県,尼崎市,宮内町２丁目,2023[sanitize]08[sanitize]24,12,道路上,その他,70歳以上,その他,施錠した
窃盗,自転車盗,尼崎南,西難波,282022,兵庫県,尼崎市,西難波町１丁目,2023[sanitize]04[sanitize]28,09,４階建て以上共同住宅,駐車（輪）場,10歳代,中学生,施錠せず
窃盗,自転車盗,尼崎南,西難波,282022,兵庫県,尼崎市,西難波町１丁目,2023[sanitize]05[sanitize]02,22,４階建て以上共同住宅,駐車（輪）場,20歳代,その他,施錠せず
窃盗,自転車盗,尼崎南,西難波,282022,兵庫県,尼崎市,西難波町１丁目,2023[sanitize]05[sanitize]14,12,その他,駐車（輪）場,20歳代,大学生,施錠せず
窃盗,自転車盗,尼崎南,西難波,282022,兵庫県,尼崎市,西難波町１丁目,2023[sanitize]06[sanitize]23,17,一戸建住宅,その他,65[sanitize]69歳,その他,施錠せず
窃盗,自転車盗,尼崎南,西難波,282022,兵庫県,尼崎市,西難波町１丁目,2023[sanitize]09[sanitize]09,22,その他の住宅（３階建て以下共同住宅等）,駐車（輪）場,30歳代,その他,施錠せず
窃盗,自転車盗,尼崎南,西難波,282022,兵庫県,尼崎市,西難波町１丁目,2023[sanitize]09[sanitize]15,20,その他の住宅（３階建て以下共同住宅等）,駐車（輪）場,20歳代,その他,施錠せず
窃盗,自転車盗,尼崎南,西難波,282022,兵庫県,尼崎市,西難波町１丁目,2023[sanitize]10[sanitize]30,17,４階建て以上共同住宅,駐車（輪）場,30歳代,その他,施錠せず
窃盗,自転車盗,尼崎南,西難波,282022,兵庫県,尼崎市,西難波町１丁目,2023[sanitize]11[sanitize]05,16,道路上,その他,10歳未満,小学生,施錠せず
窃盗,自転車盗,尼崎南,西難波,282022,兵庫県,尼崎市,西難波町１丁目,2023[sanitize]12[sanitize]03,17,４階建て以上共同住宅,駐車（輪）場,10歳代,中学生,施錠せず
窃盗,自転車盗,尼崎南,西難波,282022,兵庫県,尼崎市,西難波町２丁目,2023[sanitize]01[sanitize]06,20,その他の住宅（３階建て以下共同住宅等）,駐車（輪）場,50歳代,その他,施錠せず
窃盗,自転車盗,尼崎南,西難波,282022,兵庫県,尼崎市,西難波町２丁目,2023[sanitize]03[sanitize]16,13,その他の住宅（３階建て以下共同住宅等）,駐車（輪）場,20歳代,その他,施錠した
窃盗,自転車盗,尼崎南,西難波,282022,兵庫県,尼崎市,西難波町２丁目,2023[sanitize]04[sanitize]10,20,道路上,その他,40歳代,その他,施錠せず
窃盗,自転車盗,尼崎南,西難波,282022,兵庫県,尼崎市,西難波町２丁目,2023[sanitize]05[sanitize]06,20,一戸建住宅,駐車（輪）場,10歳代,小学生,施錠せず
窃盗,自転車盗,尼崎南,西難波,282022,兵庫県,尼崎市,西難波町２丁目,2023[sanitize]05[sanitize]25,20,４階建て以上共同住宅,駐車（輪）場,50歳代,その他,施錠せず
窃盗,自転車盗,尼崎南,西難波,282022,兵庫県,尼崎市,西難波町２丁目,2023[sanitize]07[sanitize]22,18,道路上,その他,40歳代,その他,施錠せず
窃盗,自転車盗,尼崎南,西難波,282022,兵庫県,尼崎市,西難波町５丁目,2023[sanitize]05[sanitize]23,12,道路上,その他,70歳以上,その他,施錠せず
窃盗,自転車盗,尼崎南,西難波,282022,兵庫県,尼崎市,西難波町５丁目,2023[sanitize]08[sanitize]21,23,一戸建住宅,駐車（輪）場,10歳代,大学生,施錠せず
窃盗,自転車盗,尼崎南,西難波,282022,兵庫県,尼崎市,西難波町６丁目,2023[sanitize]03[sanitize]09,08,一戸建住宅,駐車（輪）場,10歳代,小学生,施錠せず
窃盗,自転車盗,尼崎南,西難波,282022,兵庫県,尼崎市,西難波町６丁目,2023[sanitize]05[sanitize]15,21,一戸建住宅,駐車（輪）場,30歳代,その他,施錠せず
窃盗,自転車盗,尼崎南,西難波,282022,兵庫県,尼崎市,西難波町６丁目,2023[sanitize]05[sanitize]25,18,４階建て以上共同住宅,駐車（輪）場,10歳未満,小学生,施錠した
窃盗,自転車盗,尼崎南,西難波,282022,兵庫県,尼崎市,西難波町６丁目,2023[sanitize]07[sanitize]02,21,道路上,その他,50歳代,その他,施錠せず
窃盗,自転車盗,尼崎南,西難波,282022,兵庫県,尼崎市,西難波町６丁目,2023[sanitize]10[sanitize]14,17,４階建て以上共同住宅,駐車（輪）場,65[sanitize]69歳,その他,施錠せず
窃盗,自転車盗,尼崎南,西難波,282022,兵庫県,尼崎市,西難波町６丁目,2023[sanitize]11[sanitize]18,09,その他の住宅（３階建て以下共同住宅等）,駐車（輪）場,40歳代,その他,施錠した
窃盗,自転車盗,尼崎南,西難波,282022,兵庫県,尼崎市,東難波町１丁目,2023[sanitize]05[sanitize]23,06,４階建て以上共同住宅,駐車（輪）場,30歳代,その他,施錠した
窃盗,自転車盗,尼崎南,西難波,282022,兵庫県,尼崎市,東難波町１丁目,2023[sanitize]06[sanitize]24,21,４階建て以上共同住宅,駐車（輪）場,20歳代,その他,施錠せず
窃盗,自転車盗,尼崎南,西難波,282022,兵庫県,尼崎市,東難波町１丁目,2023[sanitize]08[sanitize]11,18,４階建て以上共同住宅,駐車（輪）場,10歳代,中学生,施錠した
窃盗,自転車盗,尼崎南,西難波,282022,兵庫県,尼崎市,東難波町１丁目,2023[sanitize]09[sanitize]01,11,一戸建住宅,その他,10歳代,高校生,施錠せず
窃盗,自転車盗,尼崎南,西難波,282022,兵庫県,尼崎市,東難波町２丁目,2022[sanitize]12[sanitize]30,15,その他,駐車（輪）場,20歳代,その他,施錠せず
窃盗,自転車盗,尼崎南,西難波,282022,兵庫県,尼崎市,東難波町２丁目,2023[sanitize]01[sanitize]05,13,一戸建住宅,その他,10歳代,高校生,施錠した
窃盗,自転車盗,尼崎南,西難波,282022,兵庫県,尼崎市,東難波町２丁目,2023[sanitize]01[sanitize]12,15,その他,駐車（輪）場,30歳代,その他,施錠せず
窃盗,自転車盗,尼崎南,西難波,282022,兵庫県,尼崎市,東難波町２丁目,2023[sanitize]02[sanitize]12,23,一戸建住宅,駐車（輪）場,20歳代,その他,施錠した
窃盗,自転車盗,尼崎南,西難波,282022,兵庫県,尼崎市,東難波町２丁目,2023[sanitize]03[sanitize]04,23,道路上,その他,40歳代,その他,施錠せず
窃盗,自転車盗,尼崎南,西難波,282022,兵庫県,尼崎市,東難波町２丁目,2023[sanitize]03[sanitize]27,08,その他,駐車（輪）場,30歳代,その他,施錠せず
窃盗,自転車盗,尼崎南,西難波,282022,兵庫県,尼崎市,東難波町２丁目,2023[sanitize]04[sanitize]20,19,駐車（輪）場,駐車（輪）場,20歳代,その他,施錠せず
窃盗,自転車盗,尼崎南,西難波,282022,兵庫県,尼崎市,東難波町２丁目,2023[sanitize]04[sanitize]30,19,４階建て以上共同住宅,駐車（輪）場,10歳代,高校生,施錠した
窃盗,自転車盗,尼崎南,西難波,282022,兵庫県,尼崎市,東難波町２丁目,2023[sanitize]05[sanitize]27,04,その他,駐車（輪）場,70歳以上,その他,施錠せず
窃盗,自転車盗,尼崎南,西難波,282022,兵庫県,尼崎市,東難波町２丁目,2023[sanitize]05[sanitize]28,06,その他,駐車（輪）場,60[sanitize]64歳,その他,施錠せず
窃盗,自転車盗,尼崎南,西難波,282022,兵庫県,尼崎市,東難波町２丁目,2023[sanitize]05[sanitize]29,17,その他,駐車（輪）場,10歳代,高校生,施錠せず
窃盗,自転車盗,尼崎南,西難波,282022,兵庫県,尼崎市,東難波町２丁目,2023[sanitize]06[sanitize]03,22,その他の住宅（３階建て以下共同住宅等）,駐車（輪）場,10歳代,高校生,施錠した
窃盗,自転車盗,尼崎南,西難波,282022,兵庫県,尼崎市,東難波町２丁目,2023[sanitize]06[sanitize]08,08,その他,駐車（輪）場,20歳代,その他,施錠した
窃盗,自転車盗,尼崎南,西難波,282022,兵庫県,尼崎市,東難波町２丁目,2023[sanitize]06[sanitize]16,20,その他,駐車（輪）場,10歳代,高校生,施錠せず
窃盗,自転車盗,尼崎南,西難波,282022,兵庫県,尼崎市,東難波町２丁目,2023[sanitize]07[sanitize]16,21,その他,駐車（輪）場,10歳代,その他,施錠せず
窃盗,自転車盗,尼崎南,西難波,282022,兵庫県,尼崎市,東難波町２丁目,2023[sanitize]09[sanitize]15,09,道路上,その他,10歳未満,小学生,施錠せず
窃盗,自転車盗,尼崎南,西難波,282022,兵庫県,尼崎市,東難波町２丁目,2023[sanitize]10[sanitize]23,00,一戸建住宅,駐車（輪）場,20歳代,その他,施錠せず
窃盗,自転車盗,尼崎南,西難波,282022,兵庫県,尼崎市,東難波町３丁目,2022[sanitize]10[sanitize]02,16,その他,その他,法人・団体、被害者なし,法人・団体、被害者なし,施錠せず
窃盗,自転車盗,尼崎南,西難波,282022,兵庫県,尼崎市,東難波町３丁目,2023[sanitize]02[sanitize]07,07,駐車（輪）場,駐車（輪）場,20歳代,その他,施錠した
窃盗,自転車盗,尼崎南,西難波,282022,兵庫県,尼崎市,東難波町３丁目,2023[sanitize]04[sanitize]06,00,４階建て以上共同住宅,駐車（輪）場,20歳代,その他,施錠した
窃盗,自転車盗,尼崎南,西難波,282022,兵庫県,尼崎市,東難波町３丁目,2023[sanitize]05[sanitize]31,21,４階建て以上共同住宅,駐車（輪）場,50歳代,その他,施錠した
窃盗,自転車盗,尼崎南,西難波,282022,兵庫県,尼崎市,東難波町３丁目,2023[sanitize]09[sanitize]01,21,４階建て以上共同住宅,駐車（輪）場,20歳代,その他,施錠した
窃盗,自転車盗,尼崎南,西難波,282022,兵庫県,尼崎市,東難波町３丁目,2023[sanitize]10[sanitize]03,09,その他,駐車（輪）場,30歳代,その他,施錠せず
窃盗,自転車盗,尼崎南,西難波,282022,兵庫県,尼崎市,東難波町３丁目,2023[sanitize]10[sanitize]17,01,道路上,その他,40歳代,その他,施錠せず
窃盗,自転車盗,尼崎南,西難波,282022,兵庫県,尼崎市,東難波町３丁目,2023[sanitize]11[sanitize]12,09,４階建て以上共同住宅,駐車（輪）場,10歳代,小学生,施錠した
窃盗,自転車盗,尼崎南,西難波,282022,兵庫県,尼崎市,東難波町３丁目,2023[sanitize]11[sanitize]27,21,４階建て以上共同住宅,その他,50歳代,その他,施錠せず
窃盗,自転車盗,尼崎東,モスリン橋,282022,兵庫県,尼崎市,戸ノ内町２丁目,2023[sanitize]04[sanitize]11,04,一戸建住宅,その他,30歳代,その他,施錠した
窃盗,自転車盗,尼崎東,モスリン橋,282022,兵庫県,尼崎市,戸ノ内町５丁目,2023[sanitize]01[sanitize]28,18,４階建て以上共同住宅,駐車（輪）場,10歳代,高校生,施錠した
窃盗,自転車盗,尼崎東,モスリン橋,282022,兵庫県,尼崎市,東園田町８丁目,2023[sanitize]04[sanitize]08,21,道路上,その他,30歳代,その他,施錠せず
窃盗,自転車盗,尼崎東,モスリン橋,282022,兵庫県,尼崎市,東園田町８丁目,2023[sanitize]06[sanitize]24,13,駐車（輪）場,駐車（輪）場,50歳代,その他,施錠せず
窃盗,自転車盗,尼崎東,モスリン橋,282022,兵庫県,尼崎市,東園田町８丁目,2023[sanitize]06[sanitize]27,10,道路上,その他,50歳代,その他,施錠せず
窃盗,自転車盗,尼崎東,上坂部,282022,兵庫県,尼崎市,上坂部１丁目,2023[sanitize]01[sanitize]29,10,その他,駐車（輪）場,20歳代,その他,施錠した
窃盗,自転車盗,尼崎東,上坂部,282022,兵庫県,尼崎市,上坂部１丁目,2023[sanitize]02[sanitize]14,12,その他,駐車（輪）場,65[sanitize]69歳,その他,施錠せず
窃盗,自転車盗,尼崎東,上坂部,282022,兵庫県,尼崎市,上坂部１丁目,2023[sanitize]05[sanitize]01,20,４階建て以上共同住宅,駐車（輪）場,10歳代,中学生,施錠せず
窃盗,自転車盗,尼崎東,上坂部,282022,兵庫県,尼崎市,上坂部１丁目,2023[sanitize]05[sanitize]24,12,４階建て以上共同住宅,駐車（輪）場,10歳代,高校生,施錠せず
窃盗,自転車盗,尼崎東,上坂部,282022,兵庫県,尼崎市,上坂部１丁目,2023[sanitize]06[sanitize]11,14,その他,駐車（輪）場,20歳代,その他,施錠せず
窃盗,自転車盗,尼崎東,上坂部,282022,兵庫県,尼崎市,上坂部１丁目,2023[sanitize]07[sanitize]11,11,その他,駐車（輪）場,30歳代,その他,施錠した
窃盗,自転車盗,尼崎東,上坂部,282022,兵庫県,尼崎市,上坂部１丁目,2023[sanitize]07[sanitize]15,14,その他,駐車（輪）場,10歳代,高校生,施錠せず
窃盗,自転車盗,尼崎東,上坂部,282022,兵庫県,尼崎市,上坂部１丁目,2023[sanitize]07[sanitize]20,06,その他,駐車（輪）場,40歳代,その他,施錠した
窃盗,自転車盗,尼崎東,上坂部,282022,兵庫県,尼崎市,上坂部１丁目,2023[sanitize]08[sanitize]23,17,４階建て以上共同住宅,駐車（輪）場,10歳代,大学生,施錠せず
窃盗,自転車盗,尼崎東,上坂部,282022,兵庫県,尼崎市,上坂部１丁目,2023[sanitize]08[sanitize]27,12,４階建て以上共同住宅,駐車（輪）場,50歳代,その他,施錠せず
窃盗,自転車盗,尼崎東,上坂部,282022,兵庫県,尼崎市,上坂部１丁目,2023[sanitize]09[sanitize]03,18,４階建て以上共同住宅,駐車（輪）場,10歳代,中学生,施錠せず
窃盗,自転車盗,尼崎東,上坂部,282022,兵庫県,尼崎市,上坂部１丁目,2023[sanitize]09[sanitize]26,09,その他,駐車（輪）場,10歳代,大学生,施錠せず
窃盗,自転車盗,尼崎東,上坂部,282022,兵庫県,尼崎市,上坂部１丁目,2023[sanitize]10[sanitize]03,08,その他,駐車（輪）場,20歳代,その他,施錠せず
窃盗,自転車盗,尼崎東,上坂部,282022,兵庫県,尼崎市,上坂部１丁目,2023[sanitize]11[sanitize]05,11,その他,駐車（輪）場,10歳代,中学生,施錠せず
窃盗,自転車盗,尼崎東,上坂部,282022,兵庫県,尼崎市,上坂部２丁目,2023[sanitize]01[sanitize]13,16,その他の住宅（３階建て以下共同住宅等）,駐車（輪）場,20歳代,その他,施錠した
窃盗,自転車盗,尼崎東,上坂部,282022,兵庫県,尼崎市,上坂部２丁目,2023[sanitize]10[sanitize]12,14,一戸建住宅,駐車（輪）場,70歳以上,その他,施錠せず
窃盗,自転車盗,尼崎東,上坂部,282022,兵庫県,尼崎市,上坂部２丁目,2023[sanitize]12[sanitize]02,12,４階建て以上共同住宅,駐車（輪）場,60[sanitize]64歳,その他,施錠した
窃盗,自転車盗,尼崎東,上坂部,282022,兵庫県,尼崎市,上坂部２丁目,2023[sanitize]12[sanitize]08,11,駐車（輪）場,駐車（輪）場,10歳代,高校生,施錠した
窃盗,自転車盗,尼崎東,上坂部,282022,兵庫県,尼崎市,上坂部３丁目,2023[sanitize]01[sanitize]27,18,その他,その他,40歳代,その他,施錠せず
窃盗,自転車盗,尼崎東,上坂部,282022,兵庫県,尼崎市,上坂部３丁目,2023[sanitize]06[sanitize]16,16,その他,その他,10歳代,高校生,施錠せず
窃盗,自転車盗,尼崎東,上坂部,282022,兵庫県,尼崎市,上坂部３丁目,2023[sanitize]09[sanitize]20,18,４階建て以上共同住宅,駐車（輪）場,10歳代,中学生,施錠せず
窃盗,自転車盗,尼崎東,上坂部,282022,兵庫県,尼崎市,上坂部３丁目,2023[sanitize]09[sanitize]29,17,その他,駐車（輪）場,10歳代,中学生,施錠せず
窃盗,自転車盗,尼崎東,上坂部,282022,兵庫県,尼崎市,上坂部３丁目,2023[sanitize]10[sanitize]21,17,その他,駐車（輪）場,10歳代,高校生,施錠せず
窃盗,自転車盗,尼崎東,上坂部,282022,兵庫県,尼崎市,瓦宮２丁目,2022[sanitize]12[sanitize]02,01,駐車（輪）場,駐車（輪）場,30歳代,その他,施錠した
窃盗,自転車盗,尼崎東,上坂部,282022,兵庫県,尼崎市,瓦宮２丁目,2023[sanitize]05[sanitize]19,11,駐車（輪）場,駐車（輪）場,20歳代,その他,施錠せず
窃盗,自転車盗,尼崎東,上坂部,282022,兵庫県,尼崎市,瓦宮２丁目,2023[sanitize]06[sanitize]11,19,その他の住宅（３階建て以下共同住宅等）,駐車（輪）場,40歳代,その他,施錠せず
窃盗,自転車盗,尼崎東,上坂部,282022,兵庫県,尼崎市,瓦宮２丁目,2023[sanitize]06[sanitize]17,18,一戸建住宅,駐車（輪）場,40歳代,その他,施錠せず
窃盗,自転車盗,尼崎東,上坂部,282022,兵庫県,尼崎市,瓦宮２丁目,2023[sanitize]09[sanitize]13,19,駐車（輪）場,駐車（輪）場,20歳代,その他,施錠した
窃盗,自転車盗,尼崎東,上坂部,282022,兵庫県,尼崎市,瓦宮２丁目,2023[sanitize]10[sanitize]09,16,４階建て以上共同住宅,駐車（輪）場,10歳代,小学生,施錠せず
窃盗,自転車盗,尼崎東,上坂部,282022,兵庫県,尼崎市,瓦宮２丁目,2023[sanitize]10[sanitize]14,17,その他の住宅（３階建て以下共同住宅等）,駐車（輪）場,20歳代,その他,施錠せず
窃盗,自転車盗,尼崎東,上坂部,282022,兵庫県,尼崎市,小中島１丁目,2023[sanitize]04[sanitize]25,08,その他の住宅（３階建て以下共同住宅等）,駐車（輪）場,20歳代,その他,施錠した
窃盗,自転車盗,尼崎東,上坂部,282022,兵庫県,尼崎市,小中島２丁目,2023[sanitize]09[sanitize]06,17,道路上,その他,30歳代,その他,施錠せず
窃盗,自転車盗,尼崎東,上坂部,282022,兵庫県,尼崎市,小中島３丁目,2023[sanitize]03[sanitize]21,15,道路上,その他,30歳代,その他,施錠せず
窃盗,自転車盗,尼崎東,上坂部,282022,兵庫県,尼崎市,小中島３丁目,2023[sanitize]03[sanitize]30,11,４階建て以上共同住宅,その他,10歳代,中学生,施錠した
窃盗,自転車盗,尼崎東,上坂部,282022,兵庫県,尼崎市,小中島３丁目,2023[sanitize]04[sanitize]06,16,道路上,その他,70歳以上,その他,施錠せず
窃盗,自転車盗,尼崎東,上坂部,282022,兵庫県,尼崎市,小中島３丁目,2023[sanitize]10[sanitize]08,14,４階建て以上共同住宅,駐車（輪）場,60[sanitize]64歳,その他,施錠せず
窃盗,自転車盗,尼崎東,上坂部,282022,兵庫県,尼崎市,若王寺１丁目,2023[sanitize]06[sanitize]11,20,一戸建住宅,駐車（輪）場,20歳代,その他,施錠せず
窃盗,自転車盗,尼崎東,上坂部,282022,兵庫県,尼崎市,若王寺１丁目,2023[sanitize]08[sanitize]29,19,４階建て以上共同住宅,駐車（輪）場,30歳代,その他,施錠せず
窃盗,自転車盗,尼崎東,上坂部,282022,兵庫県,尼崎市,若王寺１丁目,2023[sanitize]09[sanitize]18,19,４階建て以上共同住宅,その他,10歳代,中学生,施錠せず
窃盗,自転車盗,尼崎東,上坂部,282022,兵庫県,尼崎市,若王寺２丁目,2023[sanitize]04[sanitize]24,22,４階建て以上共同住宅,駐車（輪）場,10歳代,大学生,施錠せず
窃盗,自転車盗,尼崎東,上坂部,282022,兵庫県,尼崎市,若王寺３丁目,2023[sanitize]03[sanitize]24,08,駐車（輪）場,駐車（輪）場,20歳代,その他,施錠せず
窃盗,自転車盗,尼崎東,上坂部,282022,兵庫県,尼崎市,若王寺３丁目,2023[sanitize]06[sanitize]01,16,その他の住宅（３階建て以下共同住宅等）,駐車（輪）場,10歳代,小学生,施錠せず
窃盗,自転車盗,尼崎東,上坂部,282022,兵庫県,尼崎市,若王寺３丁目,2023[sanitize]08[sanitize]09,00,その他の住宅（３階建て以下共同住宅等）,駐車（輪）場,40歳代,その他,施錠した
窃盗,自転車盗,尼崎東,上坂部,282022,兵庫県,尼崎市,若王寺３丁目,2023[sanitize]09[sanitize]03,19,駐車（輪）場,駐車（輪）場,60[sanitize]64歳,その他,施錠した
窃盗,自転車盗,尼崎東,上坂部,282022,兵庫県,尼崎市,若王寺３丁目,2023[sanitize]09[sanitize]09,06,その他,駐車（輪）場,20歳代,その他,施錠せず
窃盗,自転車盗,尼崎東,上坂部,282022,兵庫県,尼崎市,若王寺３丁目,2023[sanitize]12[sanitize]02,17,一戸建住宅,その他,30歳代,その他,施錠せず
窃盗,自転車盗,尼崎東,上坂部,282022,兵庫県,尼崎市,東塚口町１丁目,2023[sanitize]04[sanitize]19,23,一戸建住宅,その他,10歳代,中学生,施錠せず
窃盗,自転車盗,尼崎東,上坂部,282022,兵庫県,尼崎市,東塚口町１丁目,2023[sanitize]06[sanitize]03,19,４階建て以上共同住宅,駐車（輪）場,10歳代,中学生,施錠せず
窃盗,自転車盗,尼崎東,上坂部,282022,兵庫県,尼崎市,東塚口町１丁目,2023[sanitize]07[sanitize]01,00,４階建て以上共同住宅,駐車（輪）場,10歳代,中学生,施錠せず
窃盗,自転車盗,尼崎東,上坂部,282022,兵庫県,尼崎市,東塚口町１丁目,2023[sanitize]07[sanitize]23,12,道路上,その他,20歳代,その他,施錠せず
窃盗,自転車盗,尼崎東,上坂部,282022,兵庫県,尼崎市,東塚口町１丁目,2023[sanitize]09[sanitize]15,17,道路上,その他,50歳代,その他,施錠せず
窃盗,自転車盗,尼崎東,上坂部,282022,兵庫県,尼崎市,東塚口町１丁目,2023[sanitize]11[sanitize]29,15,４階建て以上共同住宅,駐車（輪）場,40歳代,その他,施錠せず
窃盗,自転車盗,尼崎東,上坂部,282022,兵庫県,尼崎市,御園３丁目,2023[sanitize]07[sanitize]13,23,４階建て以上共同住宅,駐車（輪）場,30歳代,その他,施錠した
窃盗,自転車盗,尼崎東,上坂部,282022,兵庫県,尼崎市,御園３丁目,2023[sanitize]07[sanitize]25,18,４階建て以上共同住宅,駐車（輪）場,30歳代,その他,施錠せず
窃盗,自転車盗,尼崎東,下坂部,282022,兵庫県,尼崎市,久々知１丁目,2023[sanitize]05[sanitize]05,17,道路上,その他,40歳代,その他,施錠した
窃盗,自転車盗,尼崎東,下坂部,282022,兵庫県,尼崎市,久々知１丁目,2023[sanitize]05[sanitize]31,20,４階建て以上共同住宅,駐車（輪）場,10歳代,高校生,施錠した
窃盗,自転車盗,尼崎東,下坂部,282022,兵庫県,尼崎市,久々知１丁目,2023[sanitize]08[sanitize]23,08,道路上,その他,20歳代,その他,施錠せず
窃盗,自転車盗,尼崎東,下坂部,282022,兵庫県,尼崎市,久々知１丁目,2023[sanitize]09[sanitize]04,13,その他,駐車（輪）場,20歳代,その他,施錠せず
窃盗,自転車盗,尼崎東,下坂部,282022,兵庫県,尼崎市,久々知２丁目,2023[sanitize]02[sanitize]05,22,その他の住宅（３階建て以下共同住宅等）,駐車（輪）場,20歳代,その他,施錠した
窃盗,自転車盗,尼崎東,下坂部,282022,兵庫県,尼崎市,久々知２丁目,2023[sanitize]10[sanitize]29,21,一戸建住宅,その他,20歳代,大学生,施錠せず
窃盗,自転車盗,尼崎東,下坂部,282022,兵庫県,尼崎市,久々知３丁目,2022[sanitize]12[sanitize]23,16,道路上,その他,10歳代,中学生,施錠した
窃盗,自転車盗,尼崎東,下坂部,282022,兵庫県,尼崎市,久々知西町２丁目,2023[sanitize]07[sanitize]08,13,その他の住宅（３階建て以下共同住宅等）,駐車（輪）場,10歳代,中学生,施錠した
窃盗,自転車盗,尼崎東,下坂部,282022,兵庫県,尼崎市,下坂部３丁目,2023[sanitize]01[sanitize]15,17,その他,その他,20歳代,その他,施錠した
窃盗,自転車盗,尼崎東,下坂部,282022,兵庫県,尼崎市,下坂部３丁目,2023[sanitize]02[sanitize]24,16,その他,駐車（輪）場,20歳代,その他,施錠せず
窃盗,自転車盗,尼崎東,下坂部,282022,兵庫県,尼崎市,下坂部３丁目,2023[sanitize]06[sanitize]12,11,その他,駐車（輪）場,20歳代,その他,施錠した
窃盗,自転車盗,尼崎東,下坂部,282022,兵庫県,尼崎市,下坂部３丁目,2023[sanitize]08[sanitize]27,15,その他,その他,30歳代,その他,施錠せず
窃盗,自転車盗,尼崎東,下坂部,282022,兵庫県,尼崎市,名神町３丁目,2023[sanitize]04[sanitize]22,16,道路上,その他,70歳以上,その他,施錠した
窃盗,自転車盗,尼崎東,下坂部,282022,兵庫県,尼崎市,名神町３丁目,2023[sanitize]04[sanitize]22,20,４階建て以上共同住宅,駐車（輪）場,20歳代,大学生,施錠せず
窃盗,自転車盗,尼崎東,下坂部,282022,兵庫県,尼崎市,名神町３丁目,2023[sanitize]05[sanitize]04,23,道路上,その他,10歳代,高校生,施錠した
窃盗,自転車盗,尼崎東,園田駅前,282022,兵庫県,尼崎市,東園田町１丁目,2023[sanitize]02[sanitize]27,22,４階建て以上共同住宅,駐車（輪）場,30歳代,その他,施錠した
窃盗,自転車盗,尼崎東,園田駅前,282022,兵庫県,尼崎市,東園田町１丁目,2023[sanitize]09[sanitize]13,09,４階建て以上共同住宅,駐車（輪）場,50歳代,その他,施錠せず
窃盗,自転車盗,尼崎東,園田駅前,282022,兵庫県,尼崎市,東園田町１丁目,2023[sanitize]10[sanitize]07,16,その他,駐車（輪）場,10歳代,中学生,施錠した
窃盗,自転車盗,尼崎東,園田駅前,282022,兵庫県,尼崎市,東園田町１丁目,2023[sanitize]11[sanitize]20,16,４階建て以上共同住宅,駐車（輪）場,10歳未満,小学生,施錠せず
窃盗,自転車盗,尼崎東,園田駅前,282022,兵庫県,尼崎市,東園田町２丁目,2023[sanitize]01[sanitize]02,18,４階建て以上共同住宅,駐車（輪）場,20歳代,その他,施錠せず
窃盗,自転車盗,尼崎東,園田駅前,282022,兵庫県,尼崎市,東園田町３丁目,2023[sanitize]01[sanitize]05,16,道路上,その他,10歳代,中学生,施錠せず
窃盗,自転車盗,尼崎東,園田駅前,282022,兵庫県,尼崎市,東園田町４丁目,2022[sanitize]12[sanitize]26,21,道路上,その他,10歳代,高校生,施錠せず
窃盗,自転車盗,尼崎東,園田駅前,282022,兵庫県,尼崎市,東園田町４丁目,2022[sanitize]12[sanitize]28,17,駐車（輪）場,駐車（輪）場,60[sanitize]64歳,その他,施錠した
窃盗,自転車盗,尼崎東,園田駅前,282022,兵庫県,尼崎市,東園田町４丁目,2023[sanitize]02[sanitize]04,20,一戸建住宅,駐車（輪）場,10歳代,小学生,施錠せず
窃盗,自転車盗,尼崎東,園田駅前,282022,兵庫県,尼崎市,東園田町４丁目,2023[sanitize]02[sanitize]08,12,４階建て以上共同住宅,駐車（輪）場,10歳代,高校生,施錠した
窃盗,自転車盗,尼崎東,園田駅前,282022,兵庫県,尼崎市,東園田町４丁目,2023[sanitize]03[sanitize]11,21,４階建て以上共同住宅,駐車（輪）場,65[sanitize]69歳,その他,施錠せず
窃盗,自転車盗,尼崎東,園田駅前,282022,兵庫県,尼崎市,東園田町４丁目,2023[sanitize]03[sanitize]29,21,その他,駐車（輪）場,40歳代,その他,施錠せず
窃盗,自転車盗,尼崎東,園田駅前,282022,兵庫県,尼崎市,東園田町４丁目,2023[sanitize]04[sanitize]06,11,その他,駐車（輪）場,10歳代,大学生,施錠せず
窃盗,自転車盗,尼崎東,園田駅前,282022,兵庫県,尼崎市,東園田町４丁目,2023[sanitize]06[sanitize]09,17,４階建て以上共同住宅,駐車（輪）場,20歳代,その他,施錠した
窃盗,自転車盗,尼崎東,園田駅前,282022,兵庫県,尼崎市,東園田町４丁目,2023[sanitize]08[sanitize]14,09,道路上,その他,70歳以上,その他,施錠せず
窃盗,自転車盗,尼崎東,園田駅前,282022,兵庫県,尼崎市,東園田町５丁目,2023[sanitize]01[sanitize]11,19,道路上,その他,10歳代,その他,施錠せず
窃盗,自転車盗,尼崎東,園田駅前,282022,兵庫県,尼崎市,東園田町５丁目,2023[sanitize]04[sanitize]08,10,その他,駐車（輪）場,20歳代,大学生,施錠せず
窃盗,自転車盗,尼崎東,園田駅前,282022,兵庫県,尼崎市,東園田町５丁目,2023[sanitize]04[sanitize]09,23,その他,駐車（輪）場,10歳代,大学生,施錠せず
窃盗,自転車盗,尼崎東,園田駅前,282022,兵庫県,尼崎市,東園田町５丁目,2023[sanitize]04[sanitize]23,13,道路上,その他,70歳以上,その他,施錠した
窃盗,自転車盗,尼崎東,園田駅前,282022,兵庫県,尼崎市,東園田町５丁目,2023[sanitize]05[sanitize]23,22,道路上,その他,40歳代,その他,施錠した
窃盗,自転車盗,尼崎東,園田駅前,282022,兵庫県,尼崎市,東園田町５丁目,2023[sanitize]05[sanitize]25,07,その他,駐車（輪）場,10歳代,高校生,施錠せず
窃盗,自転車盗,尼崎東,園田駅前,282022,兵庫県,尼崎市,東園田町５丁目,2023[sanitize]05[sanitize]26,00,道路上,その他,10歳代,その他,施錠せず
窃盗,自転車盗,尼崎東,園田駅前,282022,兵庫県,尼崎市,東園田町５丁目,2023[sanitize]05[sanitize]27,18,その他,駐車（輪）場,30歳代,その他,施錠した
窃盗,自転車盗,尼崎東,園田駅前,282022,兵庫県,尼崎市,東園田町５丁目,2023[sanitize]06[sanitize]03,19,道路上,その他,10歳代,中学生,施錠せず
窃盗,自転車盗,尼崎東,園田駅前,282022,兵庫県,尼崎市,東園田町５丁目,2023[sanitize]07[sanitize]14,18,駐車（輪）場,駐車（輪）場,30歳代,その他,施錠した
窃盗,自転車盗,尼崎東,園田駅前,282022,兵庫県,尼崎市,東園田町５丁目,2023[sanitize]08[sanitize]05,22,道路上,その他,40歳代,その他,施錠せず
窃盗,自転車盗,尼崎東,園田駅前,282022,兵庫県,尼崎市,東園田町５丁目,2023[sanitize]08[sanitize]13,03,道路上,その他,20歳代,その他,施錠せず
窃盗,自転車盗,尼崎東,園田駅前,282022,兵庫県,尼崎市,東園田町５丁目,2023[sanitize]08[sanitize]25,13,一戸建住宅,駐車（輪）場,10歳代,高校生,施錠せず
窃盗,自転車盗,尼崎東,園田駅前,282022,兵庫県,尼崎市,東園田町５丁目,2023[sanitize]09[sanitize]30,17,その他,その他,20歳代,その他,施錠せず
窃盗,自転車盗,尼崎東,園田駅前,282022,兵庫県,尼崎市,東園田町５丁目,2023[sanitize]10[sanitize]04,23,その他,その他,10歳代,その他,施錠した
窃盗,自転車盗,尼崎東,園田駅前,282022,兵庫県,尼崎市,東園田町５丁目,2023[sanitize]11[sanitize]10,09,その他,駐車（輪）場,50歳代,その他,施錠した
窃盗,自転車盗,尼崎東,園田駅前,282022,兵庫県,尼崎市,東園田町６丁目,2023[sanitize]01[sanitize]03,20,一戸建住宅,駐車（輪）場,60[sanitize]64歳,その他,施錠した
窃盗,自転車盗,尼崎東,園田駅前,282022,兵庫県,尼崎市,東園田町６丁目,2023[sanitize]05[sanitize]03,07,その他の住宅（３階建て以下共同住宅等）,その他,20歳代,その他,施錠した
窃盗,自転車盗,尼崎東,園田駅前,282022,兵庫県,尼崎市,東園田町７丁目,2023[sanitize]04[sanitize]20,01,駐車（輪）場,駐車（輪）場,20歳代,その他,施錠した
窃盗,自転車盗,尼崎東,園田駅前,282022,兵庫県,尼崎市,東園田町８丁目,2023[sanitize]02[sanitize]23,00,一戸建住宅,その他,20歳代,その他,施錠した
窃盗,自転車盗,尼崎東,園田駅前,282022,兵庫県,尼崎市,東園田町８丁目,2023[sanitize]03[sanitize]27,22,駐車（輪）場,駐車（輪）場,60[sanitize]64歳,その他,施錠せず
窃盗,自転車盗,尼崎東,園田駅前,282022,兵庫県,尼崎市,東園田町８丁目,2023[sanitize]08[sanitize]09,18,４階建て以上共同住宅,駐車（輪）場,20歳代,その他,施錠した
窃盗,自転車盗,尼崎東,園田駅前,282022,兵庫県,尼崎市,東園田町８丁目,2023[sanitize]08[sanitize]24,12,その他の住宅（３階建て以下共同住宅等）,駐車（輪）場,40歳代,その他,施錠せず
窃盗,自転車盗,尼崎東,園田駅前,282022,兵庫県,尼崎市,東園田町９丁目,2022[sanitize]12[sanitize]29,12,その他,駐車（輪）場,10歳代,中学生,施錠せず
窃盗,自転車盗,尼崎東,園田駅前,282022,兵庫県,尼崎市,東園田町９丁目,2023[sanitize]01[sanitize]04,18,その他,駐車（輪）場,30歳代,その他,施錠せず
窃盗,自転車盗,尼崎東,園田駅前,282022,兵庫県,尼崎市,東園田町９丁目,2023[sanitize]01[sanitize]26,16,駐車（輪）場,駐車（輪）場,70歳以上,その他,施錠した
窃盗,自転車盗,尼崎東,園田駅前,282022,兵庫県,尼崎市,東園田町９丁目,2023[sanitize]02[sanitize]04,07,その他,駐車（輪）場,10歳代,大学生,施錠した
窃盗,自転車盗,尼崎東,園田駅前,282022,兵庫県,尼崎市,東園田町９丁目,2023[sanitize]02[sanitize]04,18,駐車（輪）場,駐車（輪）場,10歳代,小学生,施錠した
窃盗,自転車盗,尼崎東,園田駅前,282022,兵庫県,尼崎市,東園田町９丁目,2023[sanitize]03[sanitize]11,18,その他,駐車（輪）場,10歳代,大学生,施錠せず
窃盗,自転車盗,尼崎東,園田駅前,282022,兵庫県,尼崎市,東園田町９丁目,2023[sanitize]03[sanitize]29,10,駐車（輪）場,駐車（輪）場,70歳以上,その他,施錠せず
窃盗,自転車盗,尼崎東,園田駅前,282022,兵庫県,尼崎市,東園田町９丁目,2023[sanitize]05[sanitize]14,19,その他,駐車（輪）場,10歳代,中学生,施錠せず
窃盗,自転車盗,尼崎東,園田駅前,282022,兵庫県,尼崎市,東園田町９丁目,2023[sanitize]06[sanitize]21,09,その他,駐車（輪）場,10歳代,大学生,施錠せず
窃盗,自転車盗,尼崎東,園田駅前,282022,兵庫県,尼崎市,東園田町９丁目,2023[sanitize]06[sanitize]27,18,その他,駐車（輪）場,30歳代,その他,施錠した
窃盗,自転車盗,尼崎東,園田駅前,282022,兵庫県,尼崎市,東園田町９丁目,2023[sanitize]07[sanitize]24,18,その他,駐車（輪）場,10歳代,その他,施錠せず
窃盗,自転車盗,尼崎東,園田駅前,282022,兵庫県,尼崎市,東園田町９丁目,2023[sanitize]08[sanitize]11,10,駐車（輪）場,駐車（輪）場,30歳代,その他,施錠した
窃盗,自転車盗,尼崎東,園田駅前,282022,兵庫県,尼崎市,東園田町９丁目,2023[sanitize]08[sanitize]24,08,４階建て以上共同住宅,駐車（輪）場,30歳代,その他,施錠した
窃盗,自転車盗,尼崎東,園田駅前,282022,兵庫県,尼崎市,東園田町９丁目,2023[sanitize]08[sanitize]30,12,その他の住宅（３階建て以下共同住宅等）,駐車（輪）場,40歳代,その他,施錠せず
窃盗,自転車盗,尼崎東,園田駅前,282022,兵庫県,尼崎市,東園田町９丁目,2023[sanitize]09[sanitize]29,15,その他の住宅（３階建て以下共同住宅等）,駐車（輪）場,60[sanitize]64歳,その他,施錠した
窃盗,自転車盗,尼崎東,園田駅前,282022,兵庫県,尼崎市,東園田町９丁目,2023[sanitize]10[sanitize]19,11,その他,その他,10歳代,大学生,施錠した
窃盗,自転車盗,尼崎東,園田駅前,282022,兵庫県,尼崎市,東園田町９丁目,2023[sanitize]10[sanitize]20,18,４階建て以上共同住宅,駐車（輪）場,20歳代,その他,施錠した
窃盗,自転車盗,尼崎東,園田駅前,282022,兵庫県,尼崎市,東園田町９丁目,2023[sanitize]10[sanitize]31,08,道路上,その他,10歳代,その他,施錠せず
窃盗,自転車盗,尼崎東,園田駅前,282022,兵庫県,尼崎市,東園田町９丁目,2023[sanitize]11[sanitize]02,00,その他,駐車（輪）場,20歳代,その他,施錠せず
窃盗,自転車盗,尼崎東,園田駅前,282022,兵庫県,尼崎市,東園田町９丁目,2023[sanitize]12[sanitize]18,13,その他,駐車（輪）場,70歳以上,その他,施錠した
窃盗,自転車盗,尼崎東,園田駅前,282022,兵庫県,尼崎市,東園田町９丁目,2023[sanitize]12[sanitize]20,09,その他,駐車（輪）場,20歳代,その他,施錠せず
窃盗,自転車盗,尼崎東,尼崎駅前,282022,兵庫県,尼崎市,潮江１丁目,2023[sanitize]02[sanitize]03,18,道路上,その他,20歳代,大学生,施錠した
窃盗,自転車盗,尼崎東,尼崎駅前,282022,兵庫県,尼崎市,潮江１丁目,2023[sanitize]03[sanitize]09,21,道路上,その他,10歳代,中学生,施錠せず
窃盗,自転車盗,尼崎東,尼崎駅前,282022,兵庫県,尼崎市,潮江１丁目,2023[sanitize]03[sanitize]18,19,その他,駐車（輪）場,10歳代,中学生,施錠せず
窃盗,自転車盗,尼崎東,尼崎駅前,282022,兵庫県,尼崎市,潮江１丁目,2023[sanitize]03[sanitize]31,12,その他,駐車（輪）場,10歳代,その他,施錠せず
窃盗,自転車盗,尼崎東,尼崎駅前,282022,兵庫県,尼崎市,潮江１丁目,2023[sanitize]04[sanitize]05,10,駐車（輪）場,駐車（輪）場,40歳代,その他,施錠した
窃盗,自転車盗,尼崎東,尼崎駅前,282022,兵庫県,尼崎市,潮江１丁目,2023[sanitize]04[sanitize]05,15,駐車（輪）場,駐車（輪）場,10歳代,高校生,施錠せず
窃盗,自転車盗,尼崎東,尼崎駅前,282022,兵庫県,尼崎市,潮江１丁目,2023[sanitize]04[sanitize]06,15,駐車（輪）場,駐車（輪）場,20歳代,その他,施錠せず
窃盗,自転車盗,尼崎東,尼崎駅前,282022,兵庫県,尼崎市,潮江１丁目,2023[sanitize]04[sanitize]12,09,駐車（輪）場,駐車（輪）場,20歳代,その他,施錠せず
窃盗,自転車盗,尼崎東,尼崎駅前,282022,兵庫県,尼崎市,潮江１丁目,2023[sanitize]05[sanitize]04,23,駐車（輪）場,駐車（輪）場,10歳代,中学生,施錠せず
窃盗,自転車盗,尼崎東,尼崎駅前,282022,兵庫県,尼崎市,潮江１丁目,2023[sanitize]05[sanitize]21,13,その他,駐車（輪）場,10歳代,高校生,施錠せず
窃盗,自転車盗,尼崎東,尼崎駅前,282022,兵庫県,尼崎市,潮江１丁目,2023[sanitize]07[sanitize]28,15,その他,駐車（輪）場,10歳未満,小学生,施錠した
窃盗,自転車盗,尼崎東,尼崎駅前,282022,兵庫県,尼崎市,潮江１丁目,2023[sanitize]08[sanitize]05,16,その他,駐車（輪）場,10歳代,高校生,施錠せず
窃盗,自転車盗,尼崎東,尼崎駅前,282022,兵庫県,尼崎市,潮江１丁目,2023[sanitize]10[sanitize]09,12,その他,駐車（輪）場,10歳代,中学生,施錠せず
窃盗,自転車盗,尼崎東,尼崎駅前,282022,兵庫県,尼崎市,潮江１丁目,2023[sanitize]10[sanitize]16,10,その他,駐車（輪）場,10歳代,高校生,施錠した
窃盗,自転車盗,尼崎東,尼崎駅前,282022,兵庫県,尼崎市,潮江１丁目,2023[sanitize]11[sanitize]01,17,道路上,その他,10歳代,高校生,施錠した
窃盗,自転車盗,尼崎東,尼崎駅前,282022,兵庫県,尼崎市,潮江１丁目,2023[sanitize]12[sanitize]09,14,その他,駐車（輪）場,10歳代,中学生,施錠せず
窃盗,自転車盗,尼崎東,尼崎駅前,282022,兵庫県,尼崎市,長洲中通１丁目,2023[sanitize]04[sanitize]16,09,４階建て以上共同住宅,駐車（輪）場,30歳代,その他,施錠した
窃盗,自転車盗,尼崎東,尼崎駅前,282022,兵庫県,尼崎市,長洲中通１丁目,2023[sanitize]04[sanitize]16,21,４階建て以上共同住宅,駐車（輪）場,30歳代,その他,施錠せず
窃盗,自転車盗,尼崎東,尼崎駅前,282022,兵庫県,尼崎市,長洲中通１丁目,2023[sanitize]07[sanitize]02,21,一戸建住宅,駐車（輪）場,30歳代,その他,施錠せず
窃盗,自転車盗,尼崎東,尼崎駅前,282022,兵庫県,尼崎市,長洲中通１丁目,2023[sanitize]09[sanitize]22,11,道路上,その他,20歳代,その他,施錠せず
窃盗,自転車盗,尼崎東,尼崎駅前,282022,兵庫県,尼崎市,長洲中通１丁目,2023[sanitize]10[sanitize]20,22,一戸建住宅,駐車（輪）場,50歳代,その他,施錠せず
窃盗,自転車盗,尼崎東,尼崎駅前,282022,兵庫県,尼崎市,長洲西通１丁目,2023[sanitize]01[sanitize]27,23,道路上,その他,10歳代,高校生,施錠せず
窃盗,自転車盗,尼崎東,尼崎駅前,282022,兵庫県,尼崎市,長洲西通１丁目,2023[sanitize]04[sanitize]28,17,４階建て以上共同住宅,駐車（輪）場,10歳代,小学生,施錠した
窃盗,自転車盗,尼崎東,尼崎駅前,282022,兵庫県,尼崎市,長洲西通１丁目,2023[sanitize]07[sanitize]04,17,その他,駐車（輪）場,10歳代,その他,施錠せず
窃盗,自転車盗,尼崎東,尼崎駅前,282022,兵庫県,尼崎市,長洲西通１丁目,2023[sanitize]07[sanitize]26,12,駐車（輪）場,駐車（輪）場,30歳代,その他,施錠した
窃盗,自転車盗,尼崎東,尼崎駅前,282022,兵庫県,尼崎市,長洲西通１丁目,2023[sanitize]10[sanitize]03,17,４階建て以上共同住宅,駐車（輪）場,40歳代,その他,施錠せず
窃盗,自転車盗,尼崎東,尼崎駅前,282022,兵庫県,尼崎市,長洲西通１丁目,2023[sanitize]11[sanitize]27,22,４階建て以上共同住宅,駐車（輪）場,20歳代,その他,施錠した
窃盗,自転車盗,尼崎東,尼崎駅前,282022,兵庫県,尼崎市,長洲東通１丁目,2023[sanitize]11[sanitize]16,09,その他,駐車（輪）場,20歳代,その他,施錠した
窃盗,自転車盗,尼崎東,尼崎駅前,282022,兵庫県,尼崎市,長洲東通１丁目,2023[sanitize]11[sanitize]27,01,道路上,その他,70歳以上,その他,施錠せず
窃盗,自転車盗,尼崎東,尼崎駅前,282022,兵庫県,尼崎市,長洲本通１丁目,2022[sanitize]12[sanitize]31,20,その他の住宅（３階建て以下共同住宅等）,駐車（輪）場,20歳代,その他,施錠せず
窃盗,自転車盗,尼崎東,尼崎駅前,282022,兵庫県,尼崎市,長洲本通１丁目,2023[sanitize]01[sanitize]14,21,４階建て以上共同住宅,駐車（輪）場,40歳代,その他,施錠せず
窃盗,自転車盗,尼崎東,尼崎駅前,282022,兵庫県,尼崎市,長洲本通１丁目,2023[sanitize]03[sanitize]29,07,その他,駐車（輪）場,40歳代,その他,施錠せず
窃盗,自転車盗,尼崎東,尼崎駅前,282022,兵庫県,尼崎市,長洲本通１丁目,2023[sanitize]04[sanitize]07,20,駐車（輪）場,駐車（輪）場,10歳代,中学生,施錠せず
窃盗,自転車盗,尼崎東,尼崎駅前,282022,兵庫県,尼崎市,長洲本通１丁目,2023[sanitize]08[sanitize]06,03,４階建て以上共同住宅,駐車（輪）場,30歳代,その他,施錠せず
窃盗,自転車盗,尼崎東,尼崎駅前,282022,兵庫県,尼崎市,長洲本通１丁目,2023[sanitize]08[sanitize]08,17,その他,駐車（輪）場,20歳代,その他,施錠せず
窃盗,自転車盗,尼崎東,尼崎駅前,282022,兵庫県,尼崎市,長洲本通１丁目,2023[sanitize]08[sanitize]12,17,４階建て以上共同住宅,駐車（輪）場,40歳代,その他,施錠せず
窃盗,自転車盗,尼崎東,尼崎駅前,282022,兵庫県,尼崎市,長洲本通１丁目,2023[sanitize]08[sanitize]13,23,４階建て以上共同住宅,駐車（輪）場,10歳代,高校生,施錠した
窃盗,自転車盗,尼崎東,尼崎駅前,282022,兵庫県,尼崎市,長洲本通１丁目,2023[sanitize]09[sanitize]02,19,道路上,その他,10歳代,中学生,施錠せず
窃盗,自転車盗,尼崎東,尼崎駅前,282022,兵庫県,尼崎市,長洲本通１丁目,2023[sanitize]09[sanitize]12,07,駐車（輪）場,駐車（輪）場,20歳代,その他,施錠した
窃盗,自転車盗,尼崎東,尼崎駅前,282022,兵庫県,尼崎市,長洲本通１丁目,2023[sanitize]10[sanitize]08,22,道路上,その他,40歳代,その他,施錠せず
窃盗,自転車盗,尼崎東,尼崎駅前,282022,兵庫県,尼崎市,長洲本通１丁目,2023[sanitize]10[sanitize]25,17,道路上,その他,70歳以上,その他,施錠した
窃盗,自転車盗,尼崎東,尼崎駅前,282022,兵庫県,尼崎市,長洲本通１丁目,2023[sanitize]11[sanitize]20,08,その他の住宅（３階建て以下共同住宅等）,駐車（輪）場,30歳代,その他,施錠した
窃盗,自転車盗,尼崎東,尼崎駅前,282022,兵庫県,尼崎市,金楽寺町１丁目,2023[sanitize]01[sanitize]06,14,４階建て以上共同住宅,その他,10歳代,高校生,施錠せず
窃盗,自転車盗,尼崎東,尼崎駅前,282022,兵庫県,尼崎市,金楽寺町１丁目,2023[sanitize]03[sanitize]16,08,４階建て以上共同住宅,駐車（輪）場,20歳代,その他,施錠せず
窃盗,自転車盗,尼崎東,尼崎駅前,282022,兵庫県,尼崎市,金楽寺町１丁目,2023[sanitize]05[sanitize]13,20,その他,駐車（輪）場,40歳代,その他,施錠した
窃盗,自転車盗,尼崎東,常光寺,282022,兵庫県,尼崎市,常光寺１丁目,2023[sanitize]02[sanitize]01,08,その他,その他,10歳代,中学生,施錠した
窃盗,自転車盗,尼崎東,常光寺,282022,兵庫県,尼崎市,常光寺１丁目,2023[sanitize]05[sanitize]06,19,４階建て以上共同住宅,駐車（輪）場,40歳代,その他,施錠した
窃盗,自転車盗,尼崎東,常光寺,282022,兵庫県,尼崎市,常光寺１丁目,2023[sanitize]07[sanitize]10,09,その他,駐車（輪）場,50歳代,その他,施錠した
窃盗,自転車盗,尼崎東,常光寺,282022,兵庫県,尼崎市,常光寺１丁目,2023[sanitize]08[sanitize]13,13,駐車（輪）場,駐車（輪）場,70歳以上,その他,施錠した
窃盗,自転車盗,尼崎東,常光寺,282022,兵庫県,尼崎市,常光寺２丁目,2023[sanitize]07[sanitize]20,16,４階建て以上共同住宅,駐車（輪）場,50歳代,その他,施錠した
窃盗,自転車盗,尼崎東,常光寺,282022,兵庫県,尼崎市,常光寺２丁目,2023[sanitize]12[sanitize]17,20,４階建て以上共同住宅,駐車（輪）場,10歳代,中学生,施錠した
窃盗,自転車盗,尼崎東,常光寺,282022,兵庫県,尼崎市,常光寺３丁目,2023[sanitize]09[sanitize]18,18,４階建て以上共同住宅,駐車（輪）場,40歳代,その他,施錠せず
窃盗,自転車盗,尼崎東,常光寺,282022,兵庫県,尼崎市,長洲東通２丁目,2023[sanitize]03[sanitize]20,19,一戸建住宅,駐車（輪）場,10歳代,小学生,施錠せず
窃盗,自転車盗,尼崎東,常光寺,282022,兵庫県,尼崎市,長洲東通２丁目,2023[sanitize]07[sanitize]01,00,一戸建住宅,駐車（輪）場,10歳代,その他,施錠せず
窃盗,自転車盗,尼崎東,杭瀬,282022,兵庫県,尼崎市,梶ケ島,2023[sanitize]06[sanitize]05,19,その他,駐車（輪）場,20歳代,その他,施錠せず
窃盗,自転車盗,尼崎東,杭瀬,282022,兵庫県,尼崎市,梶ケ島,2023[sanitize]11[sanitize]23,15,その他,その他,30歳代,その他,施錠せず
窃盗,自転車盗,尼崎東,杭瀬,282022,兵庫県,尼崎市,杭瀬北新町１丁目,2023[sanitize]08[sanitize]16,12,道路上,その他,40歳代,その他,施錠せず
窃盗,自転車盗,尼崎東,杭瀬,282022,兵庫県,尼崎市,杭瀬北新町２丁目,2023[sanitize]05[sanitize]11,13,道路上,その他,20歳代,その他,施錠せず
窃盗,自転車盗,尼崎東,杭瀬,282022,兵庫県,尼崎市,杭瀬北新町３丁目,2023[sanitize]03[sanitize]29,05,駐車（輪）場,駐車（輪）場,30歳代,その他,施錠せず
窃盗,自転車盗,尼崎東,杭瀬,282022,兵庫県,尼崎市,杭瀬北新町３丁目,2023[sanitize]10[sanitize]10,06,一戸建住宅,その他,10歳代,中学生,施錠せず
窃盗,自転車盗,尼崎東,杭瀬,282022,兵庫県,尼崎市,杭瀬本町１丁目,2023[sanitize]05[sanitize]18,19,４階建て以上共同住宅,駐車（輪）場,20歳代,その他,施錠せず
窃盗,自転車盗,尼崎東,杭瀬,282022,兵庫県,尼崎市,杭瀬本町１丁目,2023[sanitize]06[sanitize]12,23,その他,駐車（輪）場,20歳代,その他,施錠せず
窃盗,自転車盗,尼崎東,杭瀬,282022,兵庫県,尼崎市,杭瀬本町２丁目,2023[sanitize]01[sanitize]03,20,道路上,その他,40歳代,その他,施錠せず
窃盗,自転車盗,尼崎東,杭瀬,282022,兵庫県,尼崎市,杭瀬本町２丁目,2023[sanitize]03[sanitize]05,16,その他,駐車（輪）場,20歳代,大学生,施錠せず
窃盗,自転車盗,尼崎東,杭瀬,282022,兵庫県,尼崎市,杭瀬本町２丁目,2023[sanitize]03[sanitize]16,16,駐車（輪）場,駐車（輪）場,10歳代,高校生,施錠せず
窃盗,自転車盗,尼崎東,杭瀬,282022,兵庫県,尼崎市,杭瀬本町２丁目,2023[sanitize]07[sanitize]10,23,道路上,その他,40歳代,その他,施錠せず
窃盗,自転車盗,尼崎東,杭瀬,282022,兵庫県,尼崎市,杭瀬本町２丁目,2023[sanitize]08[sanitize]07,15,道路上,その他,10歳代,中学生,施錠せず
窃盗,自転車盗,尼崎東,杭瀬,282022,兵庫県,尼崎市,杭瀬本町２丁目,2023[sanitize]08[sanitize]28,08,４階建て以上共同住宅,駐車（輪）場,30歳代,その他,施錠せず
窃盗,自転車盗,尼崎東,杭瀬,282022,兵庫県,尼崎市,杭瀬本町２丁目,2023[sanitize]09[sanitize]05,11,道路上,その他,20歳代,その他,施錠せず
窃盗,自転車盗,尼崎東,杭瀬,282022,兵庫県,尼崎市,杭瀬本町２丁目,2023[sanitize]09[sanitize]08,22,一戸建住宅,その他,10歳代,中学生,施錠した
窃盗,自転車盗,尼崎東,杭瀬,282022,兵庫県,尼崎市,杭瀬本町２丁目,2023[sanitize]11[sanitize]07,12,その他,駐車（輪）場,50歳代,その他,施錠せず
窃盗,自転車盗,尼崎東,杭瀬,282022,兵庫県,尼崎市,杭瀬本町２丁目,2023[sanitize]12[sanitize]21,18,道路上,その他,70歳以上,その他,施錠せず
窃盗,自転車盗,尼崎東,杭瀬,282022,兵庫県,尼崎市,杭瀬本町３丁目,2022[sanitize]12[sanitize]24,17,道路上,その他,10歳代,高校生,施錠した
窃盗,自転車盗,尼崎東,杭瀬,282022,兵庫県,尼崎市,杭瀬本町３丁目,2023[sanitize]02[sanitize]21,18,道路上,その他,10歳代,小学生,施錠せず
窃盗,自転車盗,尼崎東,杭瀬,282022,兵庫県,尼崎市,杭瀬本町３丁目,2023[sanitize]06[sanitize]23,08,一戸建住宅,駐車（輪）場,30歳代,その他,施錠せず
窃盗,自転車盗,尼崎東,杭瀬,282022,兵庫県,尼崎市,杭瀬本町３丁目,2023[sanitize]09[sanitize]29,12,道路上,その他,70歳以上,その他,施錠せず
窃盗,自転車盗,尼崎東,杭瀬,282022,兵庫県,尼崎市,杭瀬南新町２丁目,2023[sanitize]06[sanitize]09,21,道路上,その他,65[sanitize]69歳,その他,施錠せず
窃盗,自転車盗,尼崎東,杭瀬,282022,兵庫県,尼崎市,杭瀬南新町３丁目,2023[sanitize]11[sanitize]19,11,道路上,その他,40歳代,その他,施錠した
窃盗,自転車盗,尼崎東,杭瀬,282022,兵庫県,尼崎市,杭瀬寺島１丁目,2023[sanitize]05[sanitize]20,06,その他,その他,10歳代,小学生,施錠せず
窃盗,自転車盗,尼崎東,潮江,282022,兵庫県,尼崎市,潮江１丁目,2022[sanitize]08[sanitize]01,00,その他,駐車（輪）場,10歳代,高校生,施錠せず
窃盗,自転車盗,尼崎東,潮江,282022,兵庫県,尼崎市,潮江１丁目,2022[sanitize]09[sanitize]22,12,４階建て以上共同住宅,駐車（輪）場,60[sanitize]64歳,その他,施錠した
窃盗,自転車盗,尼崎東,潮江,282022,兵庫県,尼崎市,潮江１丁目,2022[sanitize]12[sanitize]29,08,駐車（輪）場,駐車（輪）場,10歳代,高校生,施錠した
窃盗,自転車盗,尼崎東,潮江,282022,兵庫県,尼崎市,潮江１丁目,2023[sanitize]01[sanitize]07,23,道路上,その他,50歳代,その他,施錠した
窃盗,自転車盗,尼崎東,潮江,282022,兵庫県,尼崎市,潮江１丁目,2023[sanitize]01[sanitize]20,23,その他,駐車（輪）場,60[sanitize]64歳,その他,施錠せず
窃盗,自転車盗,尼崎東,潮江,282022,兵庫県,尼崎市,潮江１丁目,2023[sanitize]01[sanitize]29,18,道路上,その他,50歳代,その他,施錠した
窃盗,自転車盗,尼崎東,潮江,282022,兵庫県,尼崎市,潮江１丁目,2023[sanitize]02[sanitize]15,00,駐車（輪）場,駐車（輪）場,10歳代,中学生,施錠せず
窃盗,自転車盗,尼崎東,潮江,282022,兵庫県,尼崎市,潮江１丁目,2023[sanitize]02[sanitize]20,14,駐車（輪）場,駐車（輪）場,40歳代,その他,施錠した
窃盗,自転車盗,尼崎東,潮江,282022,兵庫県,尼崎市,潮江１丁目,2023[sanitize]02[sanitize]25,23,道路上,その他,10歳代,その他,施錠せず
窃盗,自転車盗,尼崎東,潮江,282022,兵庫県,尼崎市,潮江１丁目,2023[sanitize]02[sanitize]26,10,４階建て以上共同住宅,駐車（輪）場,40歳代,その他,施錠した
窃盗,自転車盗,尼崎東,潮江,282022,兵庫県,尼崎市,潮江１丁目,2023[sanitize]03[sanitize]02,13,その他,駐車（輪）場,10歳代,高校生,施錠した
窃盗,自転車盗,尼崎東,潮江,282022,兵庫県,尼崎市,潮江１丁目,2023[sanitize]03[sanitize]05,17,道路上,その他,40歳代,その他,施錠せず
窃盗,自転車盗,尼崎東,潮江,282022,兵庫県,尼崎市,潮江１丁目,2023[sanitize]03[sanitize]11,11,駐車（輪）場,駐車（輪）場,40歳代,その他,施錠せず
窃盗,自転車盗,尼崎東,潮江,282022,兵庫県,尼崎市,潮江１丁目,2023[sanitize]03[sanitize]11,16,その他,駐車（輪）場,10歳代,大学生,施錠した
窃盗,自転車盗,尼崎東,潮江,282022,兵庫県,尼崎市,潮江１丁目,2023[sanitize]03[sanitize]11,16,道路上,その他,10歳未満,小学生,施錠せず
窃盗,自転車盗,尼崎東,潮江,282022,兵庫県,尼崎市,潮江１丁目,2023[sanitize]03[sanitize]14,06,道路上,その他,30歳代,その他,施錠した
窃盗,自転車盗,尼崎東,潮江,282022,兵庫県,尼崎市,潮江１丁目,2023[sanitize]03[sanitize]14,17,駐車（輪）場,駐車（輪）場,10歳代,高校生,施錠した
窃盗,自転車盗,尼崎東,潮江,282022,兵庫県,尼崎市,潮江１丁目,2023[sanitize]03[sanitize]23,01,駐車（輪）場,駐車（輪）場,30歳代,その他,施錠せず
窃盗,自転車盗,尼崎東,潮江,282022,兵庫県,尼崎市,潮江１丁目,2023[sanitize]03[sanitize]25,11,道路上,その他,65[sanitize]69歳,その他,施錠した
窃盗,自転車盗,尼崎東,潮江,282022,兵庫県,尼崎市,潮江１丁目,2023[sanitize]03[sanitize]25,13,その他,駐車（輪）場,10歳代,高校生,施錠せず
窃盗,自転車盗,尼崎東,潮江,282022,兵庫県,尼崎市,潮江１丁目,2023[sanitize]03[sanitize]25,16,道路上,その他,10歳代,高校生,施錠した
窃盗,自転車盗,尼崎東,潮江,282022,兵庫県,尼崎市,潮江１丁目,2023[sanitize]03[sanitize]29,17,駐車（輪）場,駐車（輪）場,10歳代,高校生,施錠せず
窃盗,自転車盗,尼崎東,潮江,282022,兵庫県,尼崎市,潮江１丁目,2023[sanitize]03[sanitize]30,17,道路上,その他,70歳以上,その他,施錠した
窃盗,自転車盗,尼崎東,潮江,282022,兵庫県,尼崎市,潮江１丁目,2023[sanitize]03[sanitize]31,13,道路上,その他,20歳代,その他,施錠せず
窃盗,自転車盗,尼崎東,潮江,282022,兵庫県,尼崎市,潮江１丁目,2023[sanitize]04[sanitize]05,08,道路上,その他,40歳代,その他,施錠した
窃盗,自転車盗,尼崎東,潮江,282022,兵庫県,尼崎市,潮江１丁目,2023[sanitize]04[sanitize]06,16,その他,駐車（輪）場,20歳代,大学生,施錠せず
窃盗,自転車盗,尼崎東,潮江,282022,兵庫県,尼崎市,潮江１丁目,2023[sanitize]04[sanitize]17,19,その他,駐車（輪）場,30歳代,その他,施錠せず
窃盗,自転車盗,尼崎東,潮江,282022,兵庫県,尼崎市,潮江１丁目,2023[sanitize]04[sanitize]22,14,４階建て以上共同住宅,駐車（輪）場,20歳代,その他,施錠した
窃盗,自転車盗,尼崎東,潮江,282022,兵庫県,尼崎市,潮江１丁目,2023[sanitize]04[sanitize]28,11,駐車（輪）場,駐車（輪）場,30歳代,その他,施錠した
窃盗,自転車盗,尼崎東,潮江,282022,兵庫県,尼崎市,潮江１丁目,2023[sanitize]04[sanitize]30,23,その他,駐車（輪）場,10歳代,大学生,施錠せず
窃盗,自転車盗,尼崎東,潮江,282022,兵庫県,尼崎市,潮江１丁目,2023[sanitize]05[sanitize]02,11,道路上,その他,50歳代,その他,施錠した
窃盗,自転車盗,尼崎東,潮江,282022,兵庫県,尼崎市,潮江１丁目,2023[sanitize]05[sanitize]02,20,道路上,その他,20歳代,その他,施錠せず
窃盗,自転車盗,尼崎東,潮江,282022,兵庫県,尼崎市,潮江１丁目,2023[sanitize]05[sanitize]02,21,その他,その他,20歳代,その他,施錠せず
窃盗,自転車盗,尼崎東,潮江,282022,兵庫県,尼崎市,潮江１丁目,2023[sanitize]05[sanitize]11,08,その他,駐車（輪）場,20歳代,その他,施錠した
窃盗,自転車盗,尼崎東,潮江,282022,兵庫県,尼崎市,潮江１丁目,2023[sanitize]05[sanitize]16,15,道路上,その他,10歳代,高校生,施錠せず
窃盗,自転車盗,尼崎東,潮江,282022,兵庫県,尼崎市,潮江１丁目,2023[sanitize]05[sanitize]18,21,その他,駐車（輪）場,10歳代,高校生,施錠した
窃盗,自転車盗,尼崎東,潮江,282022,兵庫県,尼崎市,潮江１丁目,2023[sanitize]05[sanitize]22,12,道路上,その他,40歳代,その他,施錠した
窃盗,自転車盗,尼崎東,潮江,282022,兵庫県,尼崎市,潮江１丁目,2023[sanitize]05[sanitize]24,08,道路上,その他,20歳代,大学生,施錠せず
窃盗,自転車盗,尼崎東,潮江,282022,兵庫県,尼崎市,潮江１丁目,2023[sanitize]05[sanitize]26,19,その他,駐車（輪）場,10歳代,その他,施錠した
窃盗,自転車盗,尼崎東,潮江,282022,兵庫県,尼崎市,潮江１丁目,2023[sanitize]05[sanitize]28,14,その他,その他,50歳代,その他,施錠した
窃盗,自転車盗,尼崎東,潮江,282022,兵庫県,尼崎市,潮江１丁目,2023[sanitize]06[sanitize]08,17,その他,駐車（輪）場,20歳代,その他,施錠した
窃盗,自転車盗,尼崎東,潮江,282022,兵庫県,尼崎市,潮江１丁目,2023[sanitize]06[sanitize]14,17,その他,駐車（輪）場,10歳代,高校生,施錠せず
窃盗,自転車盗,尼崎東,潮江,282022,兵庫県,尼崎市,潮江１丁目,2023[sanitize]06[sanitize]14,21,道路上,その他,10歳代,中学生,施錠せず
窃盗,自転車盗,尼崎東,潮江,282022,兵庫県,尼崎市,潮江１丁目,2023[sanitize]06[sanitize]16,18,道路上,その他,10歳代,小学生,施錠せず
窃盗,自転車盗,尼崎東,潮江,282022,兵庫県,尼崎市,潮江１丁目,2023[sanitize]06[sanitize]22,19,道路上,その他,20歳代,その他,施錠せず
窃盗,自転車盗,尼崎東,潮江,282022,兵庫県,尼崎市,潮江１丁目,2023[sanitize]06[sanitize]24,17,道路上,その他,65[sanitize]69歳,その他,施錠した
窃盗,自転車盗,尼崎東,潮江,282022,兵庫県,尼崎市,潮江１丁目,2023[sanitize]06[sanitize]26,18,道路上,その他,10歳代,中学生,施錠せず
窃盗,自転車盗,尼崎東,潮江,282022,兵庫県,尼崎市,潮江１丁目,2023[sanitize]06[sanitize]29,19,その他,駐車（輪）場,40歳代,その他,施錠せず
窃盗,自転車盗,尼崎東,潮江,282022,兵庫県,尼崎市,潮江１丁目,2023[sanitize]06[sanitize]30,05,その他,駐車（輪）場,20歳代,高校生,施錠した
窃盗,自転車盗,尼崎東,潮江,282022,兵庫県,尼崎市,潮江１丁目,2023[sanitize]07[sanitize]21,11,道路上,その他,30歳代,その他,施錠せず
窃盗,自転車盗,尼崎東,潮江,282022,兵庫県,尼崎市,潮江１丁目,2023[sanitize]07[sanitize]23,02,道路上,その他,30歳代,その他,施錠した
窃盗,自転車盗,尼崎東,潮江,282022,兵庫県,尼崎市,潮江１丁目,2023[sanitize]07[sanitize]24,14,４階建て以上共同住宅,駐車（輪）場,10歳代,中学生,施錠せず
窃盗,自転車盗,尼崎東,潮江,282022,兵庫県,尼崎市,潮江１丁目,2023[sanitize]07[sanitize]25,08,その他,駐車（輪）場,10歳代,その他,施錠せず
窃盗,自転車盗,尼崎東,潮江,282022,兵庫県,尼崎市,潮江１丁目,2023[sanitize]07[sanitize]29,17,道路上,その他,10歳代,高校生,施錠せず
窃盗,自転車盗,尼崎東,潮江,282022,兵庫県,尼崎市,潮江１丁目,2023[sanitize]08[sanitize]04,20,４階建て以上共同住宅,駐車（輪）場,10歳代,中学生,施錠した
窃盗,自転車盗,尼崎東,潮江,282022,兵庫県,尼崎市,潮江１丁目,2023[sanitize]08[sanitize]06,23,その他,駐車（輪）場,10歳代,その他,施錠せず
窃盗,自転車盗,尼崎東,潮江,282022,兵庫県,尼崎市,潮江１丁目,2023[sanitize]08[sanitize]10,19,道路上,その他,20歳代,その他,施錠した
窃盗,自転車盗,尼崎東,潮江,282022,兵庫県,尼崎市,潮江１丁目,2023[sanitize]08[sanitize]10,21,道路上,その他,20歳代,その他,施錠した
窃盗,自転車盗,尼崎東,潮江,282022,兵庫県,尼崎市,潮江１丁目,2023[sanitize]08[sanitize]16,22,その他,その他,10歳代,大学生,施錠せず
窃盗,自転車盗,尼崎東,潮江,282022,兵庫県,尼崎市,潮江１丁目,2023[sanitize]08[sanitize]18,03,道路上,その他,30歳代,その他,施錠した
窃盗,自転車盗,尼崎東,潮江,282022,兵庫県,尼崎市,潮江１丁目,2023[sanitize]08[sanitize]19,12,その他,駐車（輪）場,10歳代,高校生,施錠せず
窃盗,自転車盗,尼崎東,潮江,282022,兵庫県,尼崎市,潮江１丁目,2023[sanitize]09[sanitize]01,23,道路上,その他,40歳代,その他,施錠した
窃盗,自転車盗,尼崎東,潮江,282022,兵庫県,尼崎市,潮江１丁目,2023[sanitize]09[sanitize]03,00,道路上,その他,50歳代,その他,施錠せず
窃盗,自転車盗,尼崎東,潮江,282022,兵庫県,尼崎市,潮江１丁目,2023[sanitize]09[sanitize]08,22,一戸建住宅,駐車（輪）場,10歳代,高校生,施錠せず
窃盗,自転車盗,尼崎東,潮江,282022,兵庫県,尼崎市,潮江１丁目,2023[sanitize]09[sanitize]10,08,駐車（輪）場,駐車（輪）場,70歳以上,その他,施錠した
窃盗,自転車盗,尼崎東,潮江,282022,兵庫県,尼崎市,潮江１丁目,2023[sanitize]09[sanitize]14,07,その他,駐車（輪）場,20歳代,その他,施錠せず
窃盗,自転車盗,尼崎東,潮江,282022,兵庫県,尼崎市,潮江１丁目,2023[sanitize]09[sanitize]24,22,道路上,その他,40歳代,その他,施錠せず
窃盗,自転車盗,尼崎東,潮江,282022,兵庫県,尼崎市,潮江１丁目,2023[sanitize]09[sanitize]25,09,その他の住宅（３階建て以下共同住宅等）,その他,20歳代,その他,施錠せず
窃盗,自転車盗,尼崎東,潮江,282022,兵庫県,尼崎市,潮江１丁目,2023[sanitize]09[sanitize]25,12,道路上,その他,10歳代,高校生,施錠せず
窃盗,自転車盗,尼崎東,潮江,282022,兵庫県,尼崎市,潮江１丁目,2023[sanitize]09[sanitize]25,17,その他,駐車（輪）場,20歳代,その他,施錠せず
窃盗,自転車盗,尼崎東,潮江,282022,兵庫県,尼崎市,潮江１丁目,2023[sanitize]09[sanitize]28,14,その他,駐車（輪）場,50歳代,その他,施錠した
窃盗,自転車盗,尼崎東,潮江,282022,兵庫県,尼崎市,潮江１丁目,2023[sanitize]09[sanitize]30,22,その他,駐車（輪）場,20歳代,大学生,施錠せず
窃盗,自転車盗,尼崎東,潮江,282022,兵庫県,尼崎市,潮江１丁目,2023[sanitize]10[sanitize]01,18,４階建て以上共同住宅,駐車（輪）場,10歳代,高校生,施錠せず
窃盗,自転車盗,尼崎東,潮江,282022,兵庫県,尼崎市,潮江１丁目,2023[sanitize]10[sanitize]05,20,その他,駐車（輪）場,20歳代,その他,施錠した
窃盗,自転車盗,尼崎東,潮江,282022,兵庫県,尼崎市,潮江１丁目,2023[sanitize]10[sanitize]09,09,駐車（輪）場,駐車（輪）場,20歳代,その他,施錠せず
窃盗,自転車盗,尼崎東,潮江,282022,兵庫県,尼崎市,潮江１丁目,2023[sanitize]10[sanitize]10,16,道路上,その他,60[sanitize]64歳,その他,施錠せず
窃盗,自転車盗,尼崎東,潮江,282022,兵庫県,尼崎市,潮江１丁目,2023[sanitize]10[sanitize]13,15,道路上,その他,10歳代,高校生,施錠した
窃盗,自転車盗,尼崎東,潮江,282022,兵庫県,尼崎市,潮江１丁目,2023[sanitize]10[sanitize]16,07,道路上,その他,10歳代,大学生,施錠せず
窃盗,自転車盗,尼崎東,潮江,282022,兵庫県,尼崎市,潮江１丁目,2023[sanitize]10[sanitize]19,10,道路上,その他,70歳以上,その他,施錠した
窃盗,自転車盗,尼崎東,潮江,282022,兵庫県,尼崎市,潮江１丁目,2023[sanitize]10[sanitize]19,20,道路上,その他,10歳代,高校生,施錠せず
窃盗,自転車盗,尼崎東,潮江,282022,兵庫県,尼崎市,潮江１丁目,2023[sanitize]10[sanitize]27,18,その他,その他,20歳代,その他,施錠せず
窃盗,自転車盗,尼崎東,潮江,282022,兵庫県,尼崎市,潮江１丁目,2023[sanitize]10[sanitize]28,16,その他,その他,10歳代,高校生,施錠せず
窃盗,自転車盗,尼崎東,潮江,282022,兵庫県,尼崎市,潮江１丁目,2023[sanitize]10[sanitize]29,20,その他,その他,20歳代,その他,施錠せず
窃盗,自転車盗,尼崎東,潮江,282022,兵庫県,尼崎市,潮江１丁目,2023[sanitize]10[sanitize]31,19,道路上,その他,10歳代,高校生,施錠せず
窃盗,自転車盗,尼崎東,潮江,282022,兵庫県,尼崎市,潮江１丁目,2023[sanitize]11[sanitize]04,18,道路上,その他,20歳代,その他,施錠した
窃盗,自転車盗,尼崎東,潮江,282022,兵庫県,尼崎市,潮江１丁目,2023[sanitize]11[sanitize]09,11,その他,駐車（輪）場,20歳代,その他,施錠せず
窃盗,自転車盗,尼崎東,潮江,282022,兵庫県,尼崎市,潮江１丁目,2023[sanitize]11[sanitize]12,12,その他,その他,10歳代,中学生,施錠せず
窃盗,自転車盗,尼崎東,潮江,282022,兵庫県,尼崎市,潮江１丁目,2023[sanitize]11[sanitize]17,16,道路上,その他,10歳代,大学生,施錠せず
窃盗,自転車盗,尼崎東,潮江,282022,兵庫県,尼崎市,潮江１丁目,2023[sanitize]11[sanitize]22,19,駐車（輪）場,駐車（輪）場,10歳代,高校生,施錠せず
窃盗,自転車盗,尼崎東,潮江,282022,兵庫県,尼崎市,潮江１丁目,2023[sanitize]12[sanitize]07,19,その他,駐車（輪）場,20歳代,その他,施錠せず
窃盗,自転車盗,尼崎東,潮江,282022,兵庫県,尼崎市,潮江１丁目,2023[sanitize]12[sanitize]09,11,道路上,その他,40歳代,その他,施錠せず
窃盗,自転車盗,尼崎東,潮江,282022,兵庫県,尼崎市,潮江１丁目,2023[sanitize]12[sanitize]14,14,４階建て以上共同住宅,駐車（輪）場,65[sanitize]69歳,その他,施錠した
窃盗,自転車盗,尼崎東,潮江,282022,兵庫県,尼崎市,潮江１丁目,2023[sanitize]12[sanitize]15,13,駐車（輪）場,駐車（輪）場,10歳代,中学生,施錠せず
窃盗,自転車盗,尼崎東,潮江,282022,兵庫県,尼崎市,潮江１丁目,2023[sanitize]12[sanitize]22,19,道路上,その他,10歳代,高校生,施錠した
窃盗,自転車盗,尼崎東,潮江,282022,兵庫県,尼崎市,潮江１丁目,2023[sanitize]12[sanitize]26,16,駐車（輪）場,駐車（輪）場,30歳代,その他,施錠せず
窃盗,自転車盗,尼崎東,潮江,282022,兵庫県,尼崎市,潮江２丁目,2023[sanitize]01[sanitize]20,00,その他の住宅（３階建て以下共同住宅等）,駐車（輪）場,30歳代,その他,施錠した
窃盗,自転車盗,尼崎東,潮江,282022,兵庫県,尼崎市,潮江２丁目,2023[sanitize]02[sanitize]15,19,駐車（輪）場,駐車（輪）場,20歳代,その他,施錠した
窃盗,自転車盗,尼崎東,潮江,282022,兵庫県,尼崎市,潮江２丁目,2023[sanitize]06[sanitize]05,16,その他,その他,40歳代,その他,施錠せず
窃盗,自転車盗,尼崎東,潮江,282022,兵庫県,尼崎市,潮江２丁目,2023[sanitize]08[sanitize]11,18,その他,その他,10歳代,高校生,施錠した
窃盗,自転車盗,尼崎東,潮江,282022,兵庫県,尼崎市,潮江２丁目,2023[sanitize]08[sanitize]19,09,その他,駐車（輪）場,20歳代,大学生,施錠せず
窃盗,自転車盗,尼崎東,潮江,282022,兵庫県,尼崎市,潮江２丁目,2023[sanitize]09[sanitize]06,12,一戸建住宅,駐車（輪）場,60[sanitize]64歳,その他,施錠した
窃盗,自転車盗,尼崎東,潮江,282022,兵庫県,尼崎市,潮江２丁目,2023[sanitize]12[sanitize]21,06,一戸建住宅,その他,70歳以上,その他,施錠せず
窃盗,自転車盗,尼崎東,潮江,282022,兵庫県,尼崎市,潮江３丁目,2023[sanitize]09[sanitize]09,15,その他の住宅（３階建て以下共同住宅等）,駐車（輪）場,30歳代,その他,施錠した
窃盗,自転車盗,尼崎東,潮江,282022,兵庫県,尼崎市,潮江３丁目,2023[sanitize]09[sanitize]17,08,その他の住宅（３階建て以下共同住宅等）,駐車（輪）場,30歳代,その他,施錠した
窃盗,自転車盗,尼崎東,潮江,282022,兵庫県,尼崎市,潮江３丁目,2023[sanitize]11[sanitize]17,20,その他,その他,10歳代,中学生,施錠せず
窃盗,自転車盗,尼崎東,潮江,282022,兵庫県,尼崎市,潮江５丁目,2023[sanitize]05[sanitize]16,18,その他,その他,10歳未満,小学生,施錠せず
窃盗,自転車盗,尼崎東,潮江,282022,兵庫県,尼崎市,次屋１丁目,2022[sanitize]12[sanitize]01,10,その他の住宅（３階建て以下共同住宅等）,駐車（輪）場,20歳代,その他,施錠せず
窃盗,自転車盗,尼崎東,潮江,282022,兵庫県,尼崎市,次屋１丁目,2023[sanitize]03[sanitize]03,11,道路上,その他,10歳代,その他,施錠せず
窃盗,自転車盗,尼崎東,潮江,282022,兵庫県,尼崎市,次屋１丁目,2023[sanitize]03[sanitize]03,20,一戸建住宅,駐車（輪）場,40歳代,その他,施錠した
窃盗,自転車盗,尼崎東,潮江,282022,兵庫県,尼崎市,次屋１丁目,2023[sanitize]06[sanitize]16,14,その他の住宅（３階建て以下共同住宅等）,駐車（輪）場,20歳代,大学生,施錠せず
窃盗,自転車盗,尼崎東,潮江,282022,兵庫県,尼崎市,次屋１丁目,2023[sanitize]06[sanitize]20,07,道路上,その他,20歳代,その他,施錠せず
窃盗,自転車盗,尼崎東,潮江,282022,兵庫県,尼崎市,次屋１丁目,2023[sanitize]12[sanitize]15,21,その他の住宅（３階建て以下共同住宅等）,駐車（輪）場,10歳代,その他,施錠せず
窃盗,自転車盗,尼崎東,潮江,282022,兵庫県,尼崎市,次屋２丁目,2020[sanitize]07[sanitize]01,00,駐車（輪）場,駐車（輪）場,20歳代,その他,施錠せず
窃盗,自転車盗,尼崎東,潮江,282022,兵庫県,尼崎市,次屋２丁目,2023[sanitize]12[sanitize]09,14,駐車（輪）場,駐車（輪）場,10歳代,高校生,施錠せず
窃盗,自転車盗,尼崎東,潮江,282022,兵庫県,尼崎市,浜１丁目,2023[sanitize]05[sanitize]26,16,駐車（輪）場,駐車（輪）場,40歳代,その他,施錠した
窃盗,自転車盗,尼崎東,潮江,282022,兵庫県,尼崎市,浜１丁目,2023[sanitize]08[sanitize]22,19,その他,駐車（輪）場,10歳代,高校生,施錠せず
窃盗,自転車盗,尼崎東,潮江,282022,兵庫県,尼崎市,浜１丁目,2023[sanitize]10[sanitize]01,11,その他,駐車（輪）場,10歳代,高校生,施錠せず
窃盗,自転車盗,尼崎東,潮江,282022,兵庫県,尼崎市,浜２丁目,2023[sanitize]04[sanitize]17,18,４階建て以上共同住宅,駐車（輪）場,10歳代,小学生,施錠せず
窃盗,自転車盗,尼崎東,潮江,282022,兵庫県,尼崎市,浜２丁目,2023[sanitize]05[sanitize]02,07,一戸建住宅,その他,10歳代,小学生,施錠せず
窃盗,自転車盗,尼崎東,潮江,282022,兵庫県,尼崎市,浜２丁目,2023[sanitize]07[sanitize]25,17,道路上,その他,70歳以上,その他,施錠した
窃盗,自転車盗,尼崎東,潮江,282022,兵庫県,尼崎市,浜２丁目,2023[sanitize]08[sanitize]27,22,４階建て以上共同住宅,駐車（輪）場,20歳代,その他,施錠した
窃盗,自転車盗,尼崎東,潮江,282022,兵庫県,尼崎市,浜２丁目,2023[sanitize]10[sanitize]30,19,道路上,その他,30歳代,その他,施錠せず
窃盗,自転車盗,尼崎東,潮江,282022,兵庫県,尼崎市,浜３丁目,2023[sanitize]02[sanitize]10,18,道路上,その他,10歳代,高校生,施錠せず
窃盗,自転車盗,尼崎東,潮江,282022,兵庫県,尼崎市,浜３丁目,2023[sanitize]06[sanitize]16,16,道路上,その他,30歳代,その他,施錠せず
窃盗,自転車盗,尼崎東,潮江,282022,兵庫県,尼崎市,浜３丁目,2023[sanitize]07[sanitize]01,20,道路上,その他,20歳代,その他,施錠せず
窃盗,自転車盗,尼崎東,潮江,282022,兵庫県,尼崎市,浜３丁目,2023[sanitize]11[sanitize]29,19,道路上,その他,10歳代,高校生,施錠せず
窃盗,自転車盗,尼崎東,神崎,282022,兵庫県,尼崎市,神崎町,2023[sanitize]04[sanitize]04,11,一戸建住宅,駐車（輪）場,30歳代,その他,施錠せず
窃盗,自転車盗,尼崎東,神崎,282022,兵庫県,尼崎市,神崎町,2023[sanitize]08[sanitize]29,02,その他,その他,10歳代,小学生,施錠せず
窃盗,自転車盗,尼崎東,神崎,282022,兵庫県,尼崎市,善法寺町,2023[sanitize]10[sanitize]15,20,４階建て以上共同住宅,駐車（輪）場,10歳代,中学生,施錠せず
窃盗,自転車盗,尼崎東,神崎,282022,兵庫県,尼崎市,善法寺町,2023[sanitize]11[sanitize]16,20,４階建て以上共同住宅,駐車（輪）場,40歳代,その他,施錠せず
窃盗,自転車盗,尼崎東,神崎,282022,兵庫県,尼崎市,次屋３丁目,2023[sanitize]04[sanitize]02,11,その他,駐車（輪）場,10歳代,中学生,施錠せず
窃盗,自転車盗,尼崎東,神崎,282022,兵庫県,尼崎市,次屋３丁目,2023[sanitize]04[sanitize]07,01,道路上,その他,10歳代,小学生,施錠せず
窃盗,自転車盗,尼崎東,神崎,282022,兵庫県,尼崎市,次屋３丁目,2023[sanitize]04[sanitize]11,16,その他,駐車（輪）場,10歳代,中学生,施錠せず
窃盗,自転車盗,尼崎東,神崎,282022,兵庫県,尼崎市,次屋３丁目,2023[sanitize]05[sanitize]09,21,その他,駐車（輪）場,10歳代,高校生,施錠せず
窃盗,自転車盗,尼崎東,神崎,282022,兵庫県,尼崎市,次屋３丁目,2023[sanitize]05[sanitize]18,18,一戸建住宅,駐車（輪）場,65[sanitize]69歳,その他,施錠せず
窃盗,自転車盗,尼崎東,神崎,282022,兵庫県,尼崎市,次屋３丁目,2023[sanitize]05[sanitize]21,09,その他,駐車（輪）場,10歳代,中学生,施錠せず
窃盗,自転車盗,尼崎東,神崎,282022,兵庫県,尼崎市,次屋３丁目,2023[sanitize]06[sanitize]05,19,その他,駐車（輪）場,20歳代,その他,施錠せず
窃盗,自転車盗,尼崎東,神崎,282022,兵庫県,尼崎市,次屋３丁目,2023[sanitize]06[sanitize]08,16,その他,その他,10歳代,中学生,施錠せず
窃盗,自転車盗,尼崎東,神崎,282022,兵庫県,尼崎市,次屋３丁目,2023[sanitize]06[sanitize]11,11,その他,駐車（輪）場,10歳代,高校生,施錠せず
窃盗,自転車盗,尼崎東,神崎,282022,兵庫県,尼崎市,次屋３丁目,2023[sanitize]07[sanitize]21,07,一戸建住宅,駐車（輪）場,10歳未満,小学生,施錠せず
窃盗,自転車盗,尼崎東,神崎,282022,兵庫県,尼崎市,次屋３丁目,2023[sanitize]07[sanitize]30,15,その他,駐車（輪）場,10歳代,中学生,施錠せず
窃盗,自転車盗,尼崎東,神崎,282022,兵庫県,尼崎市,次屋３丁目,2023[sanitize]08[sanitize]08,15,その他,駐車（輪）場,20歳代,その他,施錠せず
窃盗,自転車盗,尼崎東,神崎,282022,兵庫県,尼崎市,次屋３丁目,2023[sanitize]08[sanitize]12,09,その他,駐車（輪）場,10歳代,高校生,施錠せず
窃盗,自転車盗,尼崎東,神崎,282022,兵庫県,尼崎市,次屋３丁目,2023[sanitize]08[sanitize]12,14,その他,駐車（輪）場,10歳代,中学生,施錠せず
窃盗,自転車盗,尼崎東,神崎,282022,兵庫県,尼崎市,次屋３丁目,2023[sanitize]08[sanitize]17,11,その他,駐車（輪）場,10歳代,中学生,施錠せず
窃盗,自転車盗,尼崎東,神崎,282022,兵庫県,尼崎市,次屋３丁目,2023[sanitize]11[sanitize]03,19,その他,駐車（輪）場,10歳代,高校生,施錠せず
窃盗,自転車盗,尼崎東,神崎,282022,兵庫県,尼崎市,次屋３丁目,2023[sanitize]11[sanitize]17,18,その他,駐車（輪）場,10歳代,中学生,施錠せず
窃盗,自転車盗,尼崎東,神崎,282022,兵庫県,尼崎市,次屋３丁目,2023[sanitize]11[sanitize]25,15,その他,駐車（輪）場,10歳代,中学生,施錠した
窃盗,自転車盗,尼崎東,神崎,282022,兵庫県,尼崎市,次屋３丁目,2023[sanitize]11[sanitize]27,18,その他,駐車（輪）場,10歳代,大学生,施錠せず
窃盗,自転車盗,尼崎東,神崎,282022,兵庫県,尼崎市,次屋３丁目,2023[sanitize]11[sanitize]30,14,その他,駐車（輪）場,70歳以上,その他,施錠した
窃盗,自転車盗,尼崎東,神崎,282022,兵庫県,尼崎市,次屋３丁目,2023[sanitize]12[sanitize]14,14,その他,その他,10歳代,中学生,施錠した
窃盗,自転車盗,尼崎東,神崎,282022,兵庫県,尼崎市,次屋３丁目,2023[sanitize]12[sanitize]15,14,その他,駐車（輪）場,10歳代,中学生,施錠した
窃盗,自転車盗,尼崎東,神崎,282022,兵庫県,尼崎市,次屋３丁目,不明,不明,その他,駐車（輪）場,60[sanitize]64歳,その他,施錠せず
窃盗,自転車盗,尼崎東,神崎,282022,兵庫県,尼崎市,西川１丁目,2023[sanitize]05[sanitize]19,20,４階建て以上共同住宅,駐車（輪）場,20歳代,その他,施錠せず
窃盗,自転車盗,尼崎東,神崎,282022,兵庫県,尼崎市,西川１丁目,2023[sanitize]09[sanitize]28,08,４階建て以上共同住宅,駐車（輪）場,20歳代,その他,施錠した
窃盗,自転車盗,尼崎東,神崎,282022,兵庫県,尼崎市,西川１丁目,2023[sanitize]10[sanitize]28,18,４階建て以上共同住宅,駐車（輪）場,10歳代,中学生,施錠せず
窃盗,自転車盗,尼崎東,神崎,282022,兵庫県,尼崎市,西川２丁目,2023[sanitize]02[sanitize]11,11,４階建て以上共同住宅,駐車（輪）場,70歳以上,その他,施錠した
窃盗,自転車盗,尼崎東,神崎,282022,兵庫県,尼崎市,西川２丁目,2023[sanitize]04[sanitize]06,16,道路上,その他,20歳代,大学生,施錠せず
窃盗,自転車盗,尼崎東,神崎,282022,兵庫県,尼崎市,西川２丁目,2023[sanitize]06[sanitize]25,22,一戸建住宅,駐車（輪）場,10歳代,大学生,施錠せず
窃盗,自転車盗,尼崎東,神崎,282022,兵庫県,尼崎市,額田町,2023[sanitize]03[sanitize]28,15,その他の住宅（３階建て以下共同住宅等）,駐車（輪）場,10歳未満,小学生,施錠せず
窃盗,自転車盗,尼崎東,神崎,282022,兵庫県,尼崎市,額田町,2023[sanitize]07[sanitize]31,21,４階建て以上共同住宅,駐車（輪）場,50歳代,その他,施錠せず
窃盗,自転車盗,尼崎東,神崎,282022,兵庫県,尼崎市,額田町,2023[sanitize]09[sanitize]22,19,駐車（輪）場,駐車（輪）場,10歳代,大学生,施錠せず
窃盗,自転車盗,尼崎東,稲川橋,282022,兵庫県,尼崎市,杭瀬北新町４丁目,2022[sanitize]12[sanitize]27,16,その他,駐車（輪）場,10歳代,高校生,施錠せず
窃盗,自転車盗,尼崎東,稲川橋,282022,兵庫県,尼崎市,杭瀬南新町３丁目,2022[sanitize]12[sanitize]27,22,その他,その他,20歳代,大学生,施錠せず
窃盗,自転車盗,尼崎東,稲川橋,282022,兵庫県,尼崎市,杭瀬南新町４丁目,2018[sanitize]06[sanitize]01,00,４階建て以上共同住宅,駐車（輪）場,50歳代,その他,施錠せず
窃盗,自転車盗,尼崎東,稲川橋,282022,兵庫県,尼崎市,杭瀬南新町４丁目,2023[sanitize]08[sanitize]04,23,４階建て以上共同住宅,駐車（輪）場,40歳代,その他,施錠せず
窃盗,自転車盗,尼崎東,稲川橋,282022,兵庫県,尼崎市,杭瀬南新町４丁目,2023[sanitize]11[sanitize]18,15,その他,駐車（輪）場,20歳代,大学生,施錠した
窃盗,自転車盗,尼崎東,稲川橋,282022,兵庫県,尼崎市,長洲中通３丁目,2023[sanitize]03[sanitize]13,09,その他,駐車（輪）場,10歳代,高校生,施錠した
窃盗,自転車盗,尼崎東,稲川橋,282022,兵庫県,尼崎市,長洲中通３丁目,2023[sanitize]06[sanitize]07,21,その他,駐車（輪）場,10歳代,その他,施錠した
窃盗,自転車盗,尼崎東,稲川橋,282022,兵庫県,尼崎市,長洲中通３丁目,2023[sanitize]06[sanitize]11,21,道路上,その他,10歳代,高校生,施錠せず
窃盗,自転車盗,尼崎東,稲川橋,282022,兵庫県,尼崎市,長洲中通３丁目,2023[sanitize]06[sanitize]18,15,その他の住宅（３階建て以下共同住宅等）,駐車（輪）場,20歳代,その他,施錠せず
窃盗,自転車盗,尼崎東,稲川橋,282022,兵庫県,尼崎市,長洲中通３丁目,2023[sanitize]07[sanitize]16,17,その他の住宅（３階建て以下共同住宅等）,駐車（輪）場,65[sanitize]69歳,その他,施錠せず
窃盗,自転車盗,尼崎東,稲川橋,282022,兵庫県,尼崎市,長洲中通３丁目,2023[sanitize]10[sanitize]14,18,道路上,その他,60[sanitize]64歳,その他,施錠せず
窃盗,自転車盗,尼崎東,稲川橋,282022,兵庫県,尼崎市,長洲中通３丁目,2023[sanitize]11[sanitize]11,11,一戸建住宅,駐車（輪）場,20歳代,その他,施錠した
窃盗,自転車盗,尼崎東,稲川橋,282022,兵庫県,尼崎市,長洲中通３丁目,2023[sanitize]12[sanitize]09,08,一戸建住宅,駐車（輪）場,30歳代,その他,施錠せず
窃盗,自転車盗,尼崎東,稲川橋,282022,兵庫県,尼崎市,長洲中通３丁目,2023[sanitize]12[sanitize]15,18,その他,駐車（輪）場,30歳代,その他,施錠せず
窃盗,自転車盗,尼崎東,競馬場前,282022,兵庫県,尼崎市,田能１丁目,2023[sanitize]04[sanitize]30,13,４階建て以上共同住宅,駐車（輪）場,20歳代,その他,施錠した
窃盗,自転車盗,尼崎東,競馬場前,282022,兵庫県,尼崎市,田能１丁目,2023[sanitize]09[sanitize]10,06,道路上,その他,20歳代,その他,施錠せず
窃盗,自転車盗,尼崎東,競馬場前,282022,兵庫県,尼崎市,田能３丁目,2023[sanitize]02[sanitize]19,21,その他の住宅（３階建て以下共同住宅等）,その他,20歳代,その他,施錠せず
窃盗,自転車盗,尼崎東,競馬場前,282022,兵庫県,尼崎市,東園田町２丁目,2023[sanitize]06[sanitize]09,17,その他の住宅（３階建て以下共同住宅等）,駐車（輪）場,30歳代,その他,施錠せず
窃盗,自転車盗,尼崎東,競馬場前,282022,兵庫県,尼崎市,東園田町２丁目,2023[sanitize]08[sanitize]14,21,その他,駐車（輪）場,10歳代,高校生,施錠した
窃盗,自転車盗,尼崎東,競馬場前,282022,兵庫県,尼崎市,東園田町２丁目,2023[sanitize]10[sanitize]21,14,４階建て以上共同住宅,その他,10歳代,中学生,施錠せず
窃盗,自転車盗,尼崎東,競馬場前,282022,兵庫県,尼崎市,東園田町３丁目,2023[sanitize]03[sanitize]27,19,その他の住宅（３階建て以下共同住宅等）,駐車（輪）場,60[sanitize]64歳,その他,施錠した
窃盗,自転車盗,尼崎東,競馬場前,282022,兵庫県,尼崎市,東園田町３丁目,2023[sanitize]06[sanitize]11,00,その他の住宅（３階建て以下共同住宅等）,駐車（輪）場,30歳代,その他,施錠せず
窃盗,自転車盗,尼崎東,競馬場前,282022,兵庫県,尼崎市,東園田町３丁目,2023[sanitize]06[sanitize]20,09,その他,駐車（輪）場,20歳代,その他,施錠せず
窃盗,自転車盗,尼崎東,競馬場前,282022,兵庫県,尼崎市,東園田町３丁目,2023[sanitize]06[sanitize]23,19,４階建て以上共同住宅,駐車（輪）場,30歳代,その他,施錠せず
窃盗,自転車盗,尼崎東,西長洲,282022,兵庫県,尼崎市,扶桑町,2023[sanitize]02[sanitize]01,09,その他,駐車（輪）場,50歳代,その他,施錠した
窃盗,自転車盗,尼崎東,西長洲,282022,兵庫県,尼崎市,西長洲町１丁目,2023[sanitize]03[sanitize]03,13,道路上,その他,20歳代,大学生,施錠した
窃盗,自転車盗,尼崎東,西長洲,282022,兵庫県,尼崎市,西長洲町１丁目,2023[sanitize]03[sanitize]15,13,道路上,その他,10歳代,中学生,施錠せず
窃盗,自転車盗,尼崎東,西長洲,282022,兵庫県,尼崎市,西長洲町１丁目,2023[sanitize]03[sanitize]29,08,その他,駐車（輪）場,10歳代,中学生,施錠せず
窃盗,自転車盗,尼崎東,西長洲,282022,兵庫県,尼崎市,西長洲町１丁目,2023[sanitize]03[sanitize]30,13,その他,その他,10歳代,中学生,施錠せず
窃盗,自転車盗,尼崎東,西長洲,282022,兵庫県,尼崎市,西長洲町１丁目,2023[sanitize]04[sanitize]18,20,駐車（輪）場,駐車（輪）場,60[sanitize]64歳,その他,施錠した
窃盗,自転車盗,尼崎東,西長洲,282022,兵庫県,尼崎市,西長洲町１丁目,2023[sanitize]04[sanitize]30,08,駐車（輪）場,駐車（輪）場,10歳未満,小学生,施錠した
窃盗,自転車盗,尼崎東,西長洲,282022,兵庫県,尼崎市,西長洲町１丁目,2023[sanitize]05[sanitize]01,08,その他,駐車（輪）場,10歳代,その他,施錠せず
窃盗,自転車盗,尼崎東,西長洲,282022,兵庫県,尼崎市,西長洲町１丁目,2023[sanitize]05[sanitize]03,09,その他,その他,10歳代,中学生,施錠せず
窃盗,自転車盗,尼崎東,西長洲,282022,兵庫県,尼崎市,西長洲町１丁目,2023[sanitize]05[sanitize]04,08,その他,駐車（輪）場,10歳代,中学生,施錠せず
窃盗,自転車盗,尼崎東,西長洲,282022,兵庫県,尼崎市,西長洲町１丁目,2023[sanitize]05[sanitize]05,08,駐車（輪）場,駐車（輪）場,10歳代,小学生,施錠せず
窃盗,自転車盗,尼崎東,西長洲,282022,兵庫県,尼崎市,西長洲町１丁目,2023[sanitize]05[sanitize]12,12,その他,その他,10歳代,大学生,施錠した
窃盗,自転車盗,尼崎東,西長洲,282022,兵庫県,尼崎市,西長洲町１丁目,2023[sanitize]05[sanitize]20,07,その他,駐車（輪）場,10歳代,中学生,施錠せず
窃盗,自転車盗,尼崎東,西長洲,282022,兵庫県,尼崎市,西長洲町１丁目,2023[sanitize]05[sanitize]28,09,その他,その他,70歳以上,その他,施錠せず
窃盗,自転車盗,尼崎東,西長洲,282022,兵庫県,尼崎市,西長洲町１丁目,2023[sanitize]07[sanitize]23,16,道路上,その他,40歳代,その他,施錠せず
窃盗,自転車盗,尼崎東,西長洲,282022,兵庫県,尼崎市,西長洲町１丁目,2023[sanitize]07[sanitize]27,10,その他,駐車（輪）場,10歳代,高校生,施錠せず
窃盗,自転車盗,尼崎東,西長洲,282022,兵庫県,尼崎市,西長洲町１丁目,2023[sanitize]08[sanitize]11,11,その他,駐車（輪）場,10歳代,中学生,施錠せず
窃盗,自転車盗,尼崎東,西長洲,282022,兵庫県,尼崎市,西長洲町１丁目,2023[sanitize]08[sanitize]13,12,道路上,その他,10歳代,中学生,施錠せず
窃盗,自転車盗,尼崎東,西長洲,282022,兵庫県,尼崎市,西長洲町１丁目,2023[sanitize]08[sanitize]16,06,その他,駐車（輪）場,10歳代,中学生,施錠せず
窃盗,自転車盗,尼崎東,西長洲,282022,兵庫県,尼崎市,西長洲町１丁目,2023[sanitize]08[sanitize]19,20,４階建て以上共同住宅,駐車（輪）場,10歳代,小学生,施錠せず
窃盗,自転車盗,尼崎東,西長洲,282022,兵庫県,尼崎市,西長洲町１丁目,2023[sanitize]08[sanitize]20,08,その他,駐車（輪）場,10歳代,中学生,施錠せず
窃盗,自転車盗,尼崎東,西長洲,282022,兵庫県,尼崎市,西長洲町１丁目,2023[sanitize]09[sanitize]09,08,その他,その他,10歳代,中学生,施錠せず
窃盗,自転車盗,尼崎東,西長洲,282022,兵庫県,尼崎市,西長洲町１丁目,2023[sanitize]10[sanitize]15,08,その他,その他,10歳代,中学生,施錠せず
窃盗,自転車盗,尼崎東,西長洲,282022,兵庫県,尼崎市,西長洲町１丁目,2023[sanitize]11[sanitize]19,07,その他,その他,10歳代,中学生,施錠した
窃盗,自転車盗,尼崎東,西長洲,282022,兵庫県,尼崎市,西長洲町１丁目,2023[sanitize]12[sanitize]20,15,４階建て以上共同住宅,駐車（輪）場,70歳以上,その他,施錠せず
窃盗,自転車盗,尼崎東,西長洲,282022,兵庫県,尼崎市,西長洲町２丁目,2022[sanitize]08[sanitize]09,09,その他の住宅（３階建て以下共同住宅等）,駐車（輪）場,20歳代,その他,施錠した
窃盗,自転車盗,尼崎東,西長洲,282022,兵庫県,尼崎市,西長洲町２丁目,2023[sanitize]03[sanitize]17,12,その他,駐車（輪）場,20歳代,その他,施錠せず
窃盗,自転車盗,尼崎東,西長洲,282022,兵庫県,尼崎市,西長洲町２丁目,2023[sanitize]04[sanitize]09,11,一戸建住宅,駐車（輪）場,10歳代,中学生,施錠せず
窃盗,自転車盗,尼崎東,西長洲,282022,兵庫県,尼崎市,西長洲町２丁目,2023[sanitize]04[sanitize]27,08,一戸建住宅,その他,10歳代,高校生,施錠せず
窃盗,自転車盗,尼崎東,西長洲,282022,兵庫県,尼崎市,西長洲町２丁目,2023[sanitize]04[sanitize]28,13,一戸建住宅,駐車（輪）場,70歳以上,その他,施錠せず
窃盗,自転車盗,尼崎東,西長洲,282022,兵庫県,尼崎市,西長洲町２丁目,2023[sanitize]05[sanitize]02,08,駐車（輪）場,駐車（輪）場,50歳代,その他,施錠せず
窃盗,自転車盗,尼崎東,西長洲,282022,兵庫県,尼崎市,西長洲町２丁目,2023[sanitize]05[sanitize]11,11,一戸建住宅,その他,40歳代,その他,施錠せず
窃盗,自転車盗,尼崎東,西長洲,282022,兵庫県,尼崎市,西長洲町２丁目,2023[sanitize]06[sanitize]10,14,道路上,その他,40歳代,その他,施錠せず
窃盗,自転車盗,尼崎東,西長洲,282022,兵庫県,尼崎市,西長洲町２丁目,2023[sanitize]08[sanitize]20,05,４階建て以上共同住宅,駐車（輪）場,10歳代,高校生,施錠した
窃盗,自転車盗,尼崎東,西長洲,282022,兵庫県,尼崎市,西長洲町２丁目,2023[sanitize]09[sanitize]22,20,その他の住宅（３階建て以下共同住宅等）,駐車（輪）場,20歳代,その他,施錠した
窃盗,自転車盗,尼崎東,西長洲,282022,兵庫県,尼崎市,西長洲町２丁目,2023[sanitize]10[sanitize]07,09,一戸建住宅,駐車（輪）場,10歳代,高校生,施錠せず
窃盗,自転車盗,尼崎東,西長洲,282022,兵庫県,尼崎市,西長洲町２丁目,2023[sanitize]10[sanitize]16,07,４階建て以上共同住宅,駐車（輪）場,50歳代,その他,施錠せず
窃盗,自転車盗,尼崎東,西長洲,282022,兵庫県,尼崎市,西長洲町２丁目,2023[sanitize]11[sanitize]01,08,その他,駐車（輪）場,40歳代,その他,施錠せず
窃盗,自転車盗,尼崎東,西長洲,282022,兵庫県,尼崎市,西長洲町２丁目,2023[sanitize]11[sanitize]11,18,４階建て以上共同住宅,駐車（輪）場,40歳代,その他,施錠せず
窃盗,自転車盗,尼崎東,西長洲,282022,兵庫県,尼崎市,西長洲町２丁目,2023[sanitize]11[sanitize]12,10,一戸建住宅,駐車（輪）場,10歳代,高校生,施錠せず
窃盗,自転車盗,尼崎東,西長洲,282022,兵庫県,尼崎市,西長洲町２丁目,2023[sanitize]11[sanitize]23,08,その他,その他,20歳代,その他,施錠せず
窃盗,自転車盗,尼崎東,西長洲,282022,兵庫県,尼崎市,西長洲町２丁目,2023[sanitize]11[sanitize]30,18,４階建て以上共同住宅,駐車（輪）場,20歳代,その他,施錠した
窃盗,自転車盗,尼崎東,西長洲,282022,兵庫県,尼崎市,西長洲町３丁目,2023[sanitize]02[sanitize]24,10,その他,駐車（輪）場,30歳代,その他,施錠せず
窃盗,自転車盗,尼崎東,西長洲,282022,兵庫県,尼崎市,西長洲町３丁目,2023[sanitize]03[sanitize]13,15,道路上,その他,20歳代,その他,施錠せず
窃盗,自転車盗,尼崎東,西長洲,282022,兵庫県,尼崎市,西長洲町３丁目,2023[sanitize]05[sanitize]16,07,その他,その他,50歳代,その他,施錠せず
窃盗,自転車盗,尼崎東,西長洲,282022,兵庫県,尼崎市,西長洲町３丁目,2023[sanitize]06[sanitize]17,17,その他,駐車（輪）場,10歳代,高校生,施錠した
窃盗,自転車盗,尼崎東,長洲,282022,兵庫県,尼崎市,長洲中通３丁目,2022[sanitize]10[sanitize]17,19,道路上,その他,60[sanitize]64歳,その他,施錠せず
窃盗,自転車盗,尼崎東,長洲,282022,兵庫県,尼崎市,長洲西通２丁目,2023[sanitize]04[sanitize]27,17,４階建て以上共同住宅,その他,10歳代,高校生,施錠せず
窃盗,自転車盗,尼崎東,長洲,282022,兵庫県,尼崎市,長洲西通２丁目,2023[sanitize]08[sanitize]02,22,その他,その他,20歳代,その他,施錠せず
窃盗,自転車盗,尼崎東,長洲,282022,兵庫県,尼崎市,長洲西通２丁目,2023[sanitize]09[sanitize]29,22,４階建て以上共同住宅,駐車（輪）場,10歳代,高校生,施錠せず
窃盗,自転車盗,尼崎東,長洲,282022,兵庫県,尼崎市,長洲西通２丁目,2023[sanitize]11[sanitize]05,13,道路上,その他,70歳以上,その他,施錠せず
窃盗,自転車盗,尼崎東,長洲,282022,兵庫県,尼崎市,長洲東通３丁目,2022[sanitize]12[sanitize]28,00,その他の住宅（３階建て以下共同住宅等）,その他,20歳代,大学生,施錠せず
窃盗,自転車盗,尼崎東,長洲,282022,兵庫県,尼崎市,長洲本通２丁目,2023[sanitize]01[sanitize]19,20,４階建て以上共同住宅,駐車（輪）場,30歳代,その他,施錠せず
窃盗,自転車盗,尼崎東,長洲,282022,兵庫県,尼崎市,長洲本通２丁目,2023[sanitize]02[sanitize]21,17,道路上,その他,10歳代,小学生,施錠せず
窃盗,自転車盗,尼崎東,長洲,282022,兵庫県,尼崎市,長洲本通２丁目,2023[sanitize]06[sanitize]16,19,その他,その他,10歳代,中学生,施錠せず
窃盗,自転車盗,尼崎東,長洲,282022,兵庫県,尼崎市,金楽寺町２丁目,2023[sanitize]03[sanitize]11,12,一戸建住宅,駐車（輪）場,60[sanitize]64歳,その他,施錠せず
窃盗,自転車盗,尼崎東,長洲,282022,兵庫県,尼崎市,金楽寺町２丁目,2023[sanitize]07[sanitize]22,04,一戸建住宅,駐車（輪）場,40歳代,その他,施錠せず
窃盗,自転車盗,尼崎東,長洲,282022,兵庫県,尼崎市,金楽寺町２丁目,2023[sanitize]07[sanitize]28,17,一戸建住宅,駐車（輪）場,30歳代,その他,施錠せず
窃盗,自転車盗,尼崎東,長洲,282022,兵庫県,尼崎市,金楽寺町２丁目,2023[sanitize]08[sanitize]09,12,一戸建住宅,駐車（輪）場,20歳代,大学生,施錠せず
窃盗,自転車盗,尼崎東,長洲,282022,兵庫県,尼崎市,金楽寺町２丁目,2023[sanitize]09[sanitize]24,09,一戸建住宅,その他,10歳代,中学生,施錠せず
窃盗,自転車盗,尼崎東,長洲,282022,兵庫県,尼崎市,金楽寺町２丁目,2023[sanitize]09[sanitize]27,20,一戸建住宅,その他,10歳代,小学生,施錠せず
窃盗,自転車盗,尼崎東,食満,282022,兵庫県,尼崎市,猪名寺１丁目,2023[sanitize]04[sanitize]01,18,一戸建住宅,その他,50歳代,その他,施錠した
窃盗,自転車盗,尼崎東,食満,282022,兵庫県,尼崎市,猪名寺１丁目,2023[sanitize]09[sanitize]29,19,４階建て以上共同住宅,駐車（輪）場,10歳代,中学生,施錠せず
窃盗,自転車盗,尼崎東,食満,282022,兵庫県,尼崎市,猪名寺２丁目,2023[sanitize]04[sanitize]03,08,駐車（輪）場,駐車（輪）場,20歳代,大学生,施錠した
窃盗,自転車盗,尼崎東,食満,282022,兵庫県,尼崎市,猪名寺２丁目,2023[sanitize]06[sanitize]05,16,その他,駐車（輪）場,50歳代,その他,施錠せず
窃盗,自転車盗,尼崎東,食満,282022,兵庫県,尼崎市,猪名寺２丁目,2023[sanitize]06[sanitize]22,09,その他,駐車（輪）場,20歳代,その他,施錠した
窃盗,自転車盗,尼崎東,食満,282022,兵庫県,尼崎市,猪名寺２丁目,2023[sanitize]09[sanitize]20,16,その他,駐車（輪）場,20歳代,大学生,施錠した
窃盗,自転車盗,尼崎東,食満,282022,兵庫県,尼崎市,猪名寺２丁目,2023[sanitize]09[sanitize]29,18,その他,駐車（輪）場,20歳代,その他,施錠せず
窃盗,自転車盗,尼崎東,食満,282022,兵庫県,尼崎市,猪名寺２丁目,2023[sanitize]11[sanitize]24,07,その他,駐車（輪）場,20歳代,その他,施錠せず
窃盗,自転車盗,尼崎東,食満,282022,兵庫県,尼崎市,猪名寺２丁目,2023[sanitize]12[sanitize]28,08,その他,駐車（輪）場,20歳代,その他,施錠した
窃盗,自転車盗,尼崎東,食満,282022,兵庫県,尼崎市,瓦宮１丁目,2023[sanitize]06[sanitize]05,06,その他の住宅（３階建て以下共同住宅等）,駐車（輪）場,20歳代,その他,施錠した
窃盗,自転車盗,尼崎東,食満,282022,兵庫県,尼崎市,瓦宮１丁目,2023[sanitize]06[sanitize]13,22,駐車（輪）場,駐車（輪）場,10歳代,大学生,施錠せず
窃盗,自転車盗,尼崎東,食満,282022,兵庫県,尼崎市,瓦宮１丁目,2023[sanitize]06[sanitize]24,12,その他の住宅（３階建て以下共同住宅等）,駐車（輪）場,20歳代,その他,施錠せず
窃盗,自転車盗,尼崎東,食満,282022,兵庫県,尼崎市,瓦宮１丁目,2023[sanitize]12[sanitize]25,22,一戸建住宅,その他,10歳代,高校生,施錠した
窃盗,自転車盗,尼崎東,食満,282022,兵庫県,尼崎市,口田中１丁目,2023[sanitize]01[sanitize]14,18,４階建て以上共同住宅,駐車（輪）場,20歳代,その他,施錠せず
窃盗,自転車盗,尼崎東,食満,282022,兵庫県,尼崎市,口田中１丁目,2023[sanitize]02[sanitize]26,18,４階建て以上共同住宅,駐車（輪）場,10歳代,小学生,施錠した
窃盗,自転車盗,尼崎東,食満,282022,兵庫県,尼崎市,口田中１丁目,2023[sanitize]03[sanitize]18,18,道路上,その他,20歳代,その他,施錠せず
窃盗,自転車盗,尼崎東,食満,282022,兵庫県,尼崎市,口田中１丁目,2023[sanitize]05[sanitize]31,15,一戸建住宅,駐車（輪）場,10歳未満,小学生,施錠せず
窃盗,自転車盗,尼崎東,食満,282022,兵庫県,尼崎市,口田中１丁目,2023[sanitize]06[sanitize]12,17,その他,その他,10歳未満,小学生,施錠せず
窃盗,自転車盗,尼崎東,食満,282022,兵庫県,尼崎市,口田中１丁目,2023[sanitize]07[sanitize]10,14,４階建て以上共同住宅,駐車（輪）場,20歳代,その他,施錠せず
窃盗,自転車盗,尼崎東,食満,282022,兵庫県,尼崎市,口田中１丁目,2023[sanitize]07[sanitize]27,23,４階建て以上共同住宅,駐車（輪）場,10歳代,中学生,施錠せず
窃盗,自転車盗,尼崎東,食満,282022,兵庫県,尼崎市,口田中１丁目,2023[sanitize]10[sanitize]30,12,４階建て以上共同住宅,駐車（輪）場,60[sanitize]64歳,その他,施錠した
窃盗,自転車盗,尼崎東,食満,282022,兵庫県,尼崎市,口田中１丁目,2023[sanitize]11[sanitize]19,13,一戸建住宅,駐車（輪）場,30歳代,その他,施錠せず
窃盗,自転車盗,尼崎東,食満,282022,兵庫県,尼崎市,下坂部３丁目,2023[sanitize]10[sanitize]15,21,その他,駐車（輪）場,10歳代,中学生,施錠せず
窃盗,自転車盗,尼崎東,食満,282022,兵庫県,尼崎市,御園１丁目,2023[sanitize]11[sanitize]18,14,駐車（輪）場,駐車（輪）場,10歳代,中学生,施錠した
窃盗,自転車盗,尼崎東,食満,282022,兵庫県,尼崎市,御園２丁目,2023[sanitize]09[sanitize]06,18,４階建て以上共同住宅,駐車（輪）場,65[sanitize]69歳,その他,施錠せず
窃盗,自転車盗,尼崎東,食満,282022,兵庫県,尼崎市,南清水,2023[sanitize]02[sanitize]15,23,その他の住宅（３階建て以下共同住宅等）,駐車（輪）場,10歳代,中学生,施錠せず
窃盗,自転車盗,尼崎東,食満,282022,兵庫県,尼崎市,南清水,2023[sanitize]06[sanitize]07,08,道路上,その他,70歳以上,その他,施錠せず
窃盗,自転車盗,尼崎東,食満,282022,兵庫県,尼崎市,食満２丁目,2023[sanitize]11[sanitize]19,21,その他,その他,30歳代,その他,施錠せず
窃盗,自転車盗,尼崎東,食満,282022,兵庫県,尼崎市,食満３丁目,2023[sanitize]05[sanitize]07,08,４階建て以上共同住宅,駐車（輪）場,30歳代,その他,施錠せず
窃盗,自転車盗,尼崎東,食満,282022,兵庫県,尼崎市,食満５丁目,2023[sanitize]01[sanitize]06,19,４階建て以上共同住宅,駐車（輪）場,20歳代,その他,施錠した
窃盗,自転車盗,尼崎東,食満,282022,兵庫県,尼崎市,食満５丁目,2023[sanitize]01[sanitize]26,19,４階建て以上共同住宅,駐車（輪）場,10歳代,高校生,施錠せず
窃盗,自転車盗,尼崎東,食満,282022,兵庫県,尼崎市,食満５丁目,2023[sanitize]02[sanitize]19,15,４階建て以上共同住宅,その他,20歳代,その他,施錠せず
窃盗,自転車盗,尼崎東,食満,282022,兵庫県,尼崎市,食満５丁目,2023[sanitize]03[sanitize]05,15,４階建て以上共同住宅,駐車（輪）場,10歳代,中学生,施錠せず
窃盗,自転車盗,尼崎東,食満,282022,兵庫県,尼崎市,食満５丁目,2023[sanitize]03[sanitize]18,13,駐車（輪）場,駐車（輪）場,20歳代,その他,施錠した
窃盗,自転車盗,尼崎東,食満,282022,兵庫県,尼崎市,食満５丁目,2023[sanitize]04[sanitize]05,14,駐車（輪）場,駐車（輪）場,10歳代,中学生,施錠せず
窃盗,自転車盗,尼崎東,食満,282022,兵庫県,尼崎市,食満５丁目,2023[sanitize]04[sanitize]16,14,４階建て以上共同住宅,その他,10歳代,高校生,施錠せず
窃盗,自転車盗,尼崎東,食満,282022,兵庫県,尼崎市,食満５丁目,2023[sanitize]04[sanitize]16,19,駐車（輪）場,駐車（輪）場,10歳代,高校生,施錠せず
窃盗,自転車盗,尼崎東,食満,282022,兵庫県,尼崎市,食満５丁目,2023[sanitize]04[sanitize]23,13,駐車（輪）場,駐車（輪）場,10歳代,小学生,施錠せず
窃盗,自転車盗,尼崎東,食満,282022,兵庫県,尼崎市,食満５丁目,2023[sanitize]09[sanitize]16,17,４階建て以上共同住宅,駐車（輪）場,50歳代,その他,施錠せず
窃盗,自転車盗,尼崎東,食満,282022,兵庫県,尼崎市,食満５丁目,2023[sanitize]11[sanitize]17,23,一戸建住宅,その他,30歳代,その他,施錠せず
窃盗,自転車盗,尼崎東,食満,282022,兵庫県,尼崎市,食満６丁目,2023[sanitize]05[sanitize]18,09,一戸建住宅,駐車（輪）場,50歳代,その他,施錠せず
窃盗,自転車盗,尼崎東,食満,282022,兵庫県,尼崎市,食満６丁目,2023[sanitize]06[sanitize]19,19,４階建て以上共同住宅,駐車（輪）場,10歳代,高校生,施錠せず
窃盗,自転車盗,尼崎東,食満,282022,兵庫県,尼崎市,食満６丁目,2023[sanitize]09[sanitize]08,23,一戸建住宅,駐車（輪）場,30歳代,その他,施錠した
窃盗,自転車盗,尼崎東,食満,282022,兵庫県,尼崎市,食満７丁目,2023[sanitize]06[sanitize]24,22,道路上,その他,10歳未満,小学生,施錠せず
窃盗,自転車盗,尼崎東,食満,282022,兵庫県,尼崎市,食満７丁目,2023[sanitize]07[sanitize]01,18,４階建て以上共同住宅,駐車（輪）場,10歳代,中学生,施錠せず
窃盗,自転車盗,尼崎東,食満,282022,兵庫県,尼崎市,食満７丁目,2023[sanitize]11[sanitize]06,18,駐車（輪）場,駐車（輪）場,10歳代,中学生,施錠した
窃盗,自転車盗,尼崎北,南武庫之荘,282022,兵庫県,尼崎市,水堂町４丁目,2023[sanitize]02[sanitize]26,18,その他,駐車（輪）場,10歳代,大学生,施錠せず
窃盗,自転車盗,尼崎北,南武庫之荘,282022,兵庫県,尼崎市,水堂町４丁目,2023[sanitize]05[sanitize]05,19,４階建て以上共同住宅,駐車（輪）場,65[sanitize]69歳,その他,施錠した
窃盗,自転車盗,尼崎北,南武庫之荘,282022,兵庫県,尼崎市,水堂町４丁目,2023[sanitize]05[sanitize]11,13,４階建て以上共同住宅,駐車（輪）場,10歳代,高校生,施錠せず
窃盗,自転車盗,尼崎北,南武庫之荘,282022,兵庫県,尼崎市,水堂町４丁目,2023[sanitize]06[sanitize]13,21,４階建て以上共同住宅,駐車（輪）場,10歳代,中学生,施錠せず
窃盗,自転車盗,尼崎北,南武庫之荘,282022,兵庫県,尼崎市,水堂町４丁目,2023[sanitize]08[sanitize]22,20,４階建て以上共同住宅,駐車（輪）場,40歳代,その他,施錠した
窃盗,自転車盗,尼崎北,南武庫之荘,282022,兵庫県,尼崎市,南武庫之荘４丁目,2023[sanitize]01[sanitize]05,06,その他,その他,10歳代,中学生,施錠せず
窃盗,自転車盗,尼崎北,南武庫之荘,282022,兵庫県,尼崎市,南武庫之荘４丁目,2023[sanitize]01[sanitize]31,08,４階建て以上共同住宅,駐車（輪）場,10歳代,高校生,施錠せず
窃盗,自転車盗,尼崎北,南武庫之荘,282022,兵庫県,尼崎市,南武庫之荘４丁目,2023[sanitize]02[sanitize]14,13,４階建て以上共同住宅,駐車（輪）場,10歳代,高校生,施錠せず
窃盗,自転車盗,尼崎北,南武庫之荘,282022,兵庫県,尼崎市,南武庫之荘４丁目,2023[sanitize]03[sanitize]09,11,４階建て以上共同住宅,駐車（輪）場,10歳代,中学生,施錠せず
窃盗,自転車盗,尼崎北,南武庫之荘,282022,兵庫県,尼崎市,南武庫之荘４丁目,2023[sanitize]03[sanitize]10,14,４階建て以上共同住宅,駐車（輪）場,10歳代,高校生,施錠せず
窃盗,自転車盗,尼崎北,南武庫之荘,282022,兵庫県,尼崎市,南武庫之荘４丁目,2023[sanitize]03[sanitize]10,16,４階建て以上共同住宅,駐車（輪）場,10歳代,高校生,施錠した
窃盗,自転車盗,尼崎北,南武庫之荘,282022,兵庫県,尼崎市,南武庫之荘４丁目,2023[sanitize]08[sanitize]29,21,一戸建住宅,その他,10歳代,中学生,施錠せず
窃盗,自転車盗,尼崎北,南武庫之荘,282022,兵庫県,尼崎市,南武庫之荘４丁目,2023[sanitize]10[sanitize]17,13,その他,駐車（輪）場,10歳代,中学生,施錠せず
窃盗,自転車盗,尼崎北,南武庫之荘,282022,兵庫県,尼崎市,南武庫之荘４丁目,2023[sanitize]10[sanitize]28,21,一戸建住宅,駐車（輪）場,30歳代,その他,施錠せず
窃盗,自転車盗,尼崎北,南武庫之荘,282022,兵庫県,尼崎市,南武庫之荘５丁目,2023[sanitize]03[sanitize]22,18,４階建て以上共同住宅,駐車（輪）場,20歳代,その他,施錠した
窃盗,自転車盗,尼崎北,南武庫之荘,282022,兵庫県,尼崎市,南武庫之荘５丁目,2023[sanitize]08[sanitize]10,19,道路上,その他,10歳代,中学生,施錠せず
窃盗,自転車盗,尼崎北,南武庫之荘,282022,兵庫県,尼崎市,南武庫之荘５丁目,2023[sanitize]10[sanitize]11,07,４階建て以上共同住宅,駐車（輪）場,20歳代,その他,施錠せず
窃盗,自転車盗,尼崎北,南武庫之荘,282022,兵庫県,尼崎市,南武庫之荘５丁目,2023[sanitize]10[sanitize]22,14,その他の住宅（３階建て以下共同住宅等）,駐車（輪）場,20歳代,大学生,施錠した
窃盗,自転車盗,尼崎北,南武庫之荘,282022,兵庫県,尼崎市,南武庫之荘５丁目,2023[sanitize]10[sanitize]23,12,その他の住宅（３階建て以下共同住宅等）,駐車（輪）場,20歳代,その他,施錠した
窃盗,自転車盗,尼崎北,南武庫之荘,282022,兵庫県,尼崎市,南武庫之荘５丁目,2023[sanitize]12[sanitize]20,03,４階建て以上共同住宅,駐車（輪）場,50歳代,その他,施錠した
窃盗,自転車盗,尼崎北,南武庫之荘,282022,兵庫県,尼崎市,南武庫之荘５丁目,2023[sanitize]12[sanitize]23,23,４階建て以上共同住宅,駐車（輪）場,10歳代,大学生,施錠せず
窃盗,自転車盗,尼崎北,南武庫之荘,282022,兵庫県,尼崎市,南武庫之荘６丁目,2022[sanitize]12[sanitize]25,03,その他の住宅（３階建て以下共同住宅等）,駐車（輪）場,30歳代,その他,施錠した
窃盗,自転車盗,尼崎北,南武庫之荘,282022,兵庫県,尼崎市,南武庫之荘６丁目,2023[sanitize]06[sanitize]19,22,４階建て以上共同住宅,駐車（輪）場,20歳代,その他,施錠した
窃盗,自転車盗,尼崎北,南武庫之荘,282022,兵庫県,尼崎市,南武庫之荘７丁目,2022[sanitize]12[sanitize]01,12,４階建て以上共同住宅,駐車（輪）場,30歳代,その他,施錠した
窃盗,自転車盗,尼崎北,南武庫之荘,282022,兵庫県,尼崎市,南武庫之荘７丁目,2023[sanitize]01[sanitize]15,11,道路上,その他,70歳以上,その他,施錠せず
窃盗,自転車盗,尼崎北,南武庫之荘,282022,兵庫県,尼崎市,南武庫之荘７丁目,2023[sanitize]04[sanitize]02,19,４階建て以上共同住宅,その他,10歳未満,小学生,施錠した
窃盗,自転車盗,尼崎北,南武庫之荘,282022,兵庫県,尼崎市,南武庫之荘７丁目,2023[sanitize]05[sanitize]24,13,その他,駐車（輪）場,30歳代,その他,施錠せず
窃盗,自転車盗,尼崎北,南武庫之荘,282022,兵庫県,尼崎市,南武庫之荘７丁目,2023[sanitize]07[sanitize]13,21,その他の住宅（３階建て以下共同住宅等）,駐車（輪）場,30歳代,その他,施錠せず
窃盗,自転車盗,尼崎北,南武庫之荘,282022,兵庫県,尼崎市,南武庫之荘７丁目,2023[sanitize]09[sanitize]16,23,その他の住宅（３階建て以下共同住宅等）,駐車（輪）場,20歳代,その他,施錠せず
窃盗,自転車盗,尼崎北,南武庫之荘,282022,兵庫県,尼崎市,南武庫之荘８丁目,2023[sanitize]01[sanitize]20,11,駐車（輪）場,駐車（輪）場,50歳代,その他,施錠せず
窃盗,自転車盗,尼崎北,南武庫之荘,282022,兵庫県,尼崎市,南武庫之荘８丁目,2023[sanitize]05[sanitize]19,10,一戸建住宅,駐車（輪）場,65[sanitize]69歳,その他,施錠した
窃盗,自転車盗,尼崎北,南武庫之荘,282022,兵庫県,尼崎市,南武庫之荘８丁目,2023[sanitize]06[sanitize]09,17,その他の住宅（３階建て以下共同住宅等）,駐車（輪）場,20歳代,その他,施錠せず
窃盗,自転車盗,尼崎北,南武庫之荘,282022,兵庫県,尼崎市,南武庫之荘８丁目,2023[sanitize]08[sanitize]13,08,４階建て以上共同住宅,その他,10歳代,高校生,施錠せず
窃盗,自転車盗,尼崎北,南武庫之荘,282022,兵庫県,尼崎市,南武庫之荘８丁目,2023[sanitize]08[sanitize]14,20,４階建て以上共同住宅,駐車（輪）場,30歳代,その他,施錠した
窃盗,自転車盗,尼崎北,南武庫之荘,282022,兵庫県,尼崎市,南武庫之荘８丁目,2023[sanitize]09[sanitize]23,06,その他,駐車（輪）場,10歳代,その他,施錠せず
窃盗,自転車盗,尼崎北,南武庫之荘,282022,兵庫県,尼崎市,南武庫之荘８丁目,2023[sanitize]10[sanitize]02,09,駐車（輪）場,駐車（輪）場,30歳代,その他,施錠した
窃盗,自転車盗,尼崎北,南武庫之荘,282022,兵庫県,尼崎市,南武庫之荘９丁目,2023[sanitize]07[sanitize]31,20,一戸建住宅,駐車（輪）場,40歳代,その他,施錠せず
窃盗,自転車盗,尼崎北,南武庫之荘,282022,兵庫県,尼崎市,南武庫之荘１０丁目,2022[sanitize]01[sanitize]18,16,４階建て以上共同住宅,駐車（輪）場,10歳代,高校生,施錠した
窃盗,自転車盗,尼崎北,南武庫之荘,282022,兵庫県,尼崎市,南武庫之荘１０丁目,2023[sanitize]03[sanitize]22,17,４階建て以上共同住宅,駐車（輪）場,20歳代,その他,施錠せず
窃盗,自転車盗,尼崎北,南武庫之荘,282022,兵庫県,尼崎市,南武庫之荘１０丁目,2023[sanitize]03[sanitize]22,21,その他,その他,10歳代,大学生,施錠した
窃盗,自転車盗,尼崎北,南武庫之荘,282022,兵庫県,尼崎市,南武庫之荘１０丁目,2023[sanitize]05[sanitize]05,09,４階建て以上共同住宅,駐車（輪）場,10歳代,高校生,施錠せず
窃盗,自転車盗,尼崎北,南武庫之荘,282022,兵庫県,尼崎市,南武庫之荘１０丁目,2023[sanitize]07[sanitize]28,18,４階建て以上共同住宅,駐車（輪）場,10歳代,その他,施錠した
窃盗,自転車盗,尼崎北,南武庫之荘,282022,兵庫県,尼崎市,南武庫之荘１０丁目,2023[sanitize]10[sanitize]26,22,駐車（輪）場,駐車（輪）場,10歳代,その他,施錠した
窃盗,自転車盗,尼崎北,南武庫之荘,282022,兵庫県,尼崎市,南武庫之荘１０丁目,2023[sanitize]10[sanitize]26,22,駐車（輪）場,駐車（輪）場,10歳代,その他,施錠した
窃盗,自転車盗,尼崎北,南武庫之荘,282022,兵庫県,尼崎市,南武庫之荘１０丁目,2023[sanitize]12[sanitize]08,19,４階建て以上共同住宅,駐車（輪）場,10歳代,中学生,施錠した
窃盗,自転車盗,尼崎北,塚口北,282022,兵庫県,尼崎市,塚口町６丁目,2022[sanitize]12[sanitize]01,00,４階建て以上共同住宅,駐車（輪）場,30歳代,その他,施錠せず
窃盗,自転車盗,尼崎北,塚口北,282022,兵庫県,尼崎市,塚口町６丁目,2023[sanitize]04[sanitize]02,20,道路上,その他,40歳代,その他,施錠せず
窃盗,自転車盗,尼崎北,塚口北,282022,兵庫県,尼崎市,富松町１丁目,2023[sanitize]03[sanitize]25,08,一戸建住宅,駐車（輪）場,20歳代,その他,施錠せず
窃盗,自転車盗,尼崎北,塚口北,282022,兵庫県,尼崎市,富松町１丁目,2023[sanitize]05[sanitize]23,17,４階建て以上共同住宅,駐車（輪）場,20歳代,その他,施錠した
窃盗,自転車盗,尼崎北,塚口北,282022,兵庫県,尼崎市,富松町１丁目,2023[sanitize]09[sanitize]01,19,４階建て以上共同住宅,その他,10歳代,中学生,施錠せず
窃盗,自転車盗,尼崎北,塚口北,282022,兵庫県,尼崎市,富松町１丁目,2023[sanitize]10[sanitize]18,08,一戸建住宅,駐車（輪）場,30歳代,その他,施錠せず
窃盗,自転車盗,尼崎北,塚口北,282022,兵庫県,尼崎市,富松町２丁目,2023[sanitize]05[sanitize]08,07,４階建て以上共同住宅,駐車（輪）場,50歳代,その他,施錠した
窃盗,自転車盗,尼崎北,塚口北,282022,兵庫県,尼崎市,富松町２丁目,2023[sanitize]07[sanitize]14,00,４階建て以上共同住宅,駐車（輪）場,20歳代,大学生,施錠せず
窃盗,自転車盗,尼崎北,塚口北,282022,兵庫県,尼崎市,富松町２丁目,2023[sanitize]09[sanitize]01,16,その他の住宅（３階建て以下共同住宅等）,駐車（輪）場,20歳代,その他,施錠せず
窃盗,自転車盗,尼崎北,塚口北,282022,兵庫県,尼崎市,富松町２丁目,2023[sanitize]09[sanitize]16,12,道路上,その他,10歳代,高校生,施錠せず
窃盗,自転車盗,尼崎北,塚口北,282022,兵庫県,尼崎市,富松町２丁目,2023[sanitize]12[sanitize]20,22,４階建て以上共同住宅,駐車（輪）場,10歳代,高校生,施錠せず
窃盗,自転車盗,尼崎北,塚口北,282022,兵庫県,尼崎市,富松町３丁目,2022[sanitize]12[sanitize]20,17,その他の住宅（３階建て以下共同住宅等）,駐車（輪）場,30歳代,その他,施錠した
窃盗,自転車盗,尼崎北,塚口北,282022,兵庫県,尼崎市,富松町３丁目,2023[sanitize]01[sanitize]01,20,４階建て以上共同住宅,その他,30歳代,その他,施錠した
窃盗,自転車盗,尼崎北,塚口北,282022,兵庫県,尼崎市,富松町３丁目,2023[sanitize]04[sanitize]17,11,４階建て以上共同住宅,駐車（輪）場,40歳代,その他,施錠した
窃盗,自転車盗,尼崎北,塚口北,282022,兵庫県,尼崎市,富松町３丁目,2023[sanitize]05[sanitize]03,15,その他の住宅（３階建て以下共同住宅等）,駐車（輪）場,20歳代,その他,施錠せず
窃盗,自転車盗,尼崎北,塚口北,282022,兵庫県,尼崎市,富松町３丁目,2023[sanitize]06[sanitize]08,16,その他の住宅（３階建て以下共同住宅等）,駐車（輪）場,30歳代,その他,施錠せず
窃盗,自転車盗,尼崎北,塚口北,282022,兵庫県,尼崎市,富松町３丁目,2023[sanitize]09[sanitize]21,21,道路上,その他,50歳代,その他,施錠せず
窃盗,自転車盗,尼崎北,塚口北,282022,兵庫県,尼崎市,富松町３丁目,2023[sanitize]10[sanitize]24,20,４階建て以上共同住宅,駐車（輪）場,20歳代,その他,施錠した
窃盗,自転車盗,尼崎北,塚口北,282022,兵庫県,尼崎市,富松町３丁目,2023[sanitize]12[sanitize]08,21,その他,駐車（輪）場,20歳代,大学生,施錠せず
窃盗,自転車盗,尼崎北,塚口北,282022,兵庫県,尼崎市,富松町４丁目,2023[sanitize]06[sanitize]15,14,一戸建住宅,駐車（輪）場,20歳代,その他,施錠せず
窃盗,自転車盗,尼崎北,塚口北,282022,兵庫県,尼崎市,富松町４丁目,2023[sanitize]07[sanitize]02,22,一戸建住宅,その他,10歳代,高校生,施錠せず
窃盗,自転車盗,尼崎北,塚口北,282022,兵庫県,尼崎市,富松町４丁目,2023[sanitize]07[sanitize]22,15,道路上,その他,30歳代,その他,施錠せず
窃盗,自転車盗,尼崎北,塚口北,282022,兵庫県,尼崎市,富松町４丁目,2023[sanitize]08[sanitize]13,23,その他の住宅（３階建て以下共同住宅等）,駐車（輪）場,20歳代,その他,施錠せず
窃盗,自転車盗,尼崎北,塚口北,282022,兵庫県,尼崎市,富松町４丁目,2023[sanitize]09[sanitize]01,12,４階建て以上共同住宅,駐車（輪）場,10歳代,高校生,施錠せず
窃盗,自転車盗,尼崎北,塚口北,282022,兵庫県,尼崎市,富松町４丁目,2023[sanitize]09[sanitize]24,12,４階建て以上共同住宅,駐車（輪）場,10歳代,小学生,施錠せず
窃盗,自転車盗,尼崎北,塚口北,282022,兵庫県,尼崎市,武庫之荘本町３丁目,2023[sanitize]05[sanitize]05,21,一戸建住宅,駐車（輪）場,30歳代,その他,施錠した
窃盗,自転車盗,尼崎北,塚口北,282022,兵庫県,尼崎市,武庫之荘本町３丁目,2023[sanitize]11[sanitize]25,18,４階建て以上共同住宅,駐車（輪）場,40歳代,その他,施錠した
窃盗,自転車盗,尼崎北,塚口東,282022,兵庫県,尼崎市,猪名寺２丁目,2023[sanitize]07[sanitize]22,09,その他,駐車（輪）場,10歳代,高校生,施錠した
窃盗,自転車盗,尼崎北,塚口東,282022,兵庫県,尼崎市,猪名寺３丁目,2023[sanitize]04[sanitize]25,08,その他,駐車（輪）場,20歳代,大学生,施錠せず
窃盗,自転車盗,尼崎北,塚口東,282022,兵庫県,尼崎市,猪名寺３丁目,2023[sanitize]08[sanitize]28,06,その他,駐車（輪）場,30歳代,その他,施錠した
窃盗,自転車盗,尼崎北,塚口東,282022,兵庫県,尼崎市,塚口本町１丁目,2022[sanitize]12[sanitize]30,23,その他の住宅（３階建て以下共同住宅等）,駐車（輪）場,20歳代,その他,施錠せず
窃盗,自転車盗,尼崎北,塚口東,282022,兵庫県,尼崎市,塚口本町１丁目,2023[sanitize]03[sanitize]03,18,４階建て以上共同住宅,駐車（輪）場,20歳代,その他,施錠した
窃盗,自転車盗,尼崎北,塚口東,282022,兵庫県,尼崎市,塚口本町１丁目,2023[sanitize]07[sanitize]20,23,４階建て以上共同住宅,駐車（輪）場,40歳代,その他,施錠せず
窃盗,自転車盗,尼崎北,塚口東,282022,兵庫県,尼崎市,塚口本町１丁目,2023[sanitize]08[sanitize]01,16,その他の住宅（３階建て以下共同住宅等）,駐車（輪）場,30歳代,その他,施錠した
窃盗,自転車盗,尼崎北,塚口東,282022,兵庫県,尼崎市,塚口本町１丁目,2023[sanitize]08[sanitize]23,23,４階建て以上共同住宅,駐車（輪）場,20歳代,その他,施錠せず
窃盗,自転車盗,尼崎北,塚口東,282022,兵庫県,尼崎市,塚口本町１丁目,2023[sanitize]09[sanitize]27,18,その他,駐車（輪）場,20歳代,その他,施錠した
窃盗,自転車盗,尼崎北,塚口東,282022,兵庫県,尼崎市,塚口本町２丁目,2023[sanitize]06[sanitize]30,15,４階建て以上共同住宅,駐車（輪）場,20歳代,大学生,施錠せず
窃盗,自転車盗,尼崎北,塚口東,282022,兵庫県,尼崎市,塚口本町３丁目,2023[sanitize]07[sanitize]03,14,一戸建住宅,その他,60[sanitize]64歳,その他,施錠せず
窃盗,自転車盗,尼崎北,塚口東,282022,兵庫県,尼崎市,塚口本町３丁目,2023[sanitize]10[sanitize]29,08,その他の住宅（３階建て以下共同住宅等）,駐車（輪）場,30歳代,その他,施錠せず
窃盗,自転車盗,尼崎北,塚口東,282022,兵庫県,尼崎市,塚口本町４丁目,2022[sanitize]06[sanitize]11,00,その他,駐車（輪）場,20歳代,その他,施錠した
窃盗,自転車盗,尼崎北,塚口東,282022,兵庫県,尼崎市,塚口本町４丁目,2023[sanitize]01[sanitize]04,19,その他,駐車（輪）場,10歳代,高校生,施錠せず
窃盗,自転車盗,尼崎北,塚口東,282022,兵庫県,尼崎市,塚口本町４丁目,2023[sanitize]01[sanitize]20,06,その他,その他,10歳代,高校生,施錠せず
窃盗,自転車盗,尼崎北,塚口東,282022,兵庫県,尼崎市,塚口本町４丁目,2023[sanitize]01[sanitize]26,08,その他,その他,20歳代,その他,施錠せず
窃盗,自転車盗,尼崎北,塚口東,282022,兵庫県,尼崎市,塚口本町４丁目,2023[sanitize]01[sanitize]27,17,その他,駐車（輪）場,20歳代,その他,施錠せず
窃盗,自転車盗,尼崎北,塚口東,282022,兵庫県,尼崎市,塚口本町４丁目,2023[sanitize]04[sanitize]01,19,その他,駐車（輪）場,10歳代,中学生,施錠せず
窃盗,自転車盗,尼崎北,塚口東,282022,兵庫県,尼崎市,塚口本町４丁目,2023[sanitize]04[sanitize]23,14,その他,駐車（輪）場,60[sanitize]64歳,その他,施錠した
窃盗,自転車盗,尼崎北,塚口東,282022,兵庫県,尼崎市,塚口本町４丁目,2023[sanitize]05[sanitize]24,16,その他,駐車（輪）場,20歳代,大学生,施錠せず
窃盗,自転車盗,尼崎北,塚口東,282022,兵庫県,尼崎市,塚口本町４丁目,2023[sanitize]05[sanitize]24,20,その他,駐車（輪）場,10歳代,高校生,施錠した
窃盗,自転車盗,尼崎北,塚口東,282022,兵庫県,尼崎市,塚口本町４丁目,2023[sanitize]06[sanitize]03,16,その他,駐車（輪）場,30歳代,その他,施錠せず
窃盗,自転車盗,尼崎北,塚口東,282022,兵庫県,尼崎市,塚口本町４丁目,2023[sanitize]06[sanitize]11,11,その他,駐車（輪）場,70歳以上,その他,施錠せず
窃盗,自転車盗,尼崎北,塚口東,282022,兵庫県,尼崎市,塚口本町４丁目,2023[sanitize]06[sanitize]19,22,駐車（輪）場,駐車（輪）場,法人・団体、被害者なし,法人・団体、被害者なし,施錠せず
窃盗,自転車盗,尼崎北,塚口東,282022,兵庫県,尼崎市,塚口本町４丁目,2023[sanitize]06[sanitize]22,13,駐車（輪）場,駐車（輪）場,20歳代,その他,施錠せず
窃盗,自転車盗,尼崎北,塚口東,282022,兵庫県,尼崎市,塚口本町４丁目,2023[sanitize]08[sanitize]17,09,その他,駐車（輪）場,20歳代,大学生,施錠した
窃盗,自転車盗,尼崎北,塚口東,282022,兵庫県,尼崎市,塚口本町４丁目,2023[sanitize]08[sanitize]24,09,その他,駐車（輪）場,20歳代,大学生,施錠せず
窃盗,自転車盗,尼崎北,塚口東,282022,兵庫県,尼崎市,塚口本町４丁目,2023[sanitize]09[sanitize]15,16,その他,駐車（輪）場,10歳代,高校生,施錠せず
窃盗,自転車盗,尼崎北,塚口東,282022,兵庫県,尼崎市,塚口本町４丁目,2023[sanitize]10[sanitize]11,18,道路上,その他,40歳代,その他,施錠せず
窃盗,自転車盗,尼崎北,塚口東,282022,兵庫県,尼崎市,塚口本町４丁目,2023[sanitize]10[sanitize]13,19,その他,駐車（輪）場,20歳代,その他,施錠せず
窃盗,自転車盗,尼崎北,塚口東,282022,兵庫県,尼崎市,塚口本町４丁目,2023[sanitize]10[sanitize]27,14,その他,駐車（輪）場,20歳代,大学生,施錠した
窃盗,自転車盗,尼崎北,塚口東,282022,兵庫県,尼崎市,塚口本町４丁目,2023[sanitize]11[sanitize]24,17,その他,駐車（輪）場,10歳代,小学生,施錠した
窃盗,自転車盗,尼崎北,塚口東,282022,兵庫県,尼崎市,塚口本町４丁目,2023[sanitize]11[sanitize]26,10,その他,駐車（輪）場,10歳代,中学生,施錠せず
窃盗,自転車盗,尼崎北,塚口東,282022,兵庫県,尼崎市,塚口本町５丁目,2023[sanitize]09[sanitize]23,23,４階建て以上共同住宅,駐車（輪）場,10歳代,中学生,施錠せず
窃盗,自転車盗,尼崎北,塚口東,282022,兵庫県,尼崎市,塚口本町６丁目,2022[sanitize]10[sanitize]10,19,４階建て以上共同住宅,駐車（輪）場,20歳代,その他,施錠せず
窃盗,自転車盗,尼崎北,塚口東,282022,兵庫県,尼崎市,塚口本町６丁目,2023[sanitize]02[sanitize]21,17,４階建て以上共同住宅,駐車（輪）場,10歳代,高校生,施錠せず
窃盗,自転車盗,尼崎北,塚口東,282022,兵庫県,尼崎市,塚口本町６丁目,2023[sanitize]07[sanitize]16,19,その他の住宅（３階建て以下共同住宅等）,その他,30歳代,その他,施錠せず
窃盗,自転車盗,尼崎北,塚口東,282022,兵庫県,尼崎市,塚口本町７丁目,2023[sanitize]03[sanitize]15,09,一戸建住宅,駐車（輪）場,20歳代,その他,施錠せず
窃盗,自転車盗,尼崎北,塚口東,282022,兵庫県,尼崎市,塚口本町７丁目,2023[sanitize]05[sanitize]29,10,４階建て以上共同住宅,駐車（輪）場,65[sanitize]69歳,その他,施錠した
窃盗,自転車盗,尼崎北,塚口東,282022,兵庫県,尼崎市,塚口本町７丁目,2023[sanitize]06[sanitize]23,23,４階建て以上共同住宅,駐車（輪）場,10歳代,高校生,施錠せず
窃盗,自転車盗,尼崎北,塚口東,282022,兵庫県,尼崎市,塚口本町７丁目,2023[sanitize]07[sanitize]02,22,４階建て以上共同住宅,駐車（輪）場,10歳代,中学生,施錠せず
窃盗,自転車盗,尼崎北,塚口東,282022,兵庫県,尼崎市,塚口本町７丁目,2023[sanitize]07[sanitize]14,10,４階建て以上共同住宅,駐車（輪）場,20歳代,大学生,施錠せず
窃盗,自転車盗,尼崎北,塚口東,282022,兵庫県,尼崎市,塚口本町７丁目,2023[sanitize]08[sanitize]31,13,４階建て以上共同住宅,駐車（輪）場,10歳代,高校生,施錠せず
窃盗,自転車盗,尼崎北,塚口東,282022,兵庫県,尼崎市,塚口本町７丁目,2023[sanitize]11[sanitize]12,22,一戸建住宅,その他,30歳代,その他,施錠せず
窃盗,自転車盗,尼崎北,塚口西,282022,兵庫県,尼崎市,塚口町１丁目,2023[sanitize]03[sanitize]16,21,４階建て以上共同住宅,駐車（輪）場,20歳代,その他,施錠せず
窃盗,自転車盗,尼崎北,塚口西,282022,兵庫県,尼崎市,塚口町１丁目,2023[sanitize]04[sanitize]03,19,その他,その他,60[sanitize]64歳,その他,施錠せず
窃盗,自転車盗,尼崎北,塚口西,282022,兵庫県,尼崎市,塚口町１丁目,2023[sanitize]06[sanitize]13,17,道路上,その他,10歳代,高校生,施錠せず
窃盗,自転車盗,尼崎北,塚口西,282022,兵庫県,尼崎市,塚口町１丁目,2023[sanitize]07[sanitize]21,18,その他,駐車（輪）場,40歳代,その他,施錠した
窃盗,自転車盗,尼崎北,塚口西,282022,兵庫県,尼崎市,塚口町１丁目,2023[sanitize]08[sanitize]11,13,道路上,その他,20歳代,その他,施錠した
窃盗,自転車盗,尼崎北,塚口西,282022,兵庫県,尼崎市,塚口町１丁目,2023[sanitize]08[sanitize]18,17,道路上,その他,10歳代,大学生,施錠せず
窃盗,自転車盗,尼崎北,塚口西,282022,兵庫県,尼崎市,塚口町１丁目,2023[sanitize]08[sanitize]29,23,道路上,その他,40歳代,その他,施錠せず
窃盗,自転車盗,尼崎北,塚口西,282022,兵庫県,尼崎市,塚口町１丁目,2023[sanitize]09[sanitize]23,15,４階建て以上共同住宅,駐車（輪）場,50歳代,その他,施錠した
窃盗,自転車盗,尼崎北,塚口西,282022,兵庫県,尼崎市,塚口町１丁目,2023[sanitize]11[sanitize]22,10,道路上,その他,60[sanitize]64歳,その他,施錠した
窃盗,自転車盗,尼崎北,塚口西,282022,兵庫県,尼崎市,塚口町１丁目,2023[sanitize]11[sanitize]23,05,道路上,その他,10歳代,高校生,施錠せず
窃盗,自転車盗,尼崎北,塚口西,282022,兵庫県,尼崎市,塚口町１丁目,2023[sanitize]12[sanitize]21,15,道路上,その他,70歳以上,その他,施錠せず
窃盗,自転車盗,尼崎北,塚口西,282022,兵庫県,尼崎市,塚口町２丁目,2023[sanitize]03[sanitize]18,18,４階建て以上共同住宅,駐車（輪）場,30歳代,その他,施錠せず
窃盗,自転車盗,尼崎北,塚口西,282022,兵庫県,尼崎市,塚口町４丁目,2023[sanitize]02[sanitize]05,20,その他,駐車（輪）場,20歳代,その他,施錠した
窃盗,自転車盗,尼崎北,塚口西,282022,兵庫県,尼崎市,塚口町４丁目,2023[sanitize]04[sanitize]14,18,４階建て以上共同住宅,駐車（輪）場,40歳代,その他,施錠せず
窃盗,自転車盗,尼崎北,塚口西,282022,兵庫県,尼崎市,塚口町４丁目,2023[sanitize]09[sanitize]14,21,その他,駐車（輪）場,20歳代,大学生,施錠せず
窃盗,自転車盗,尼崎北,塚口西,282022,兵庫県,尼崎市,塚口町５丁目,2023[sanitize]05[sanitize]24,02,駐車（輪）場,駐車（輪）場,10歳代,その他,施錠した
窃盗,自転車盗,尼崎北,塚口西,282022,兵庫県,尼崎市,塚口町５丁目,2023[sanitize]10[sanitize]14,15,その他の住宅（３階建て以下共同住宅等）,駐車（輪）場,20歳代,その他,施錠せず
窃盗,自転車盗,尼崎北,塚口西,282022,兵庫県,尼崎市,塚口町５丁目,2023[sanitize]12[sanitize]15,20,その他の住宅（３階建て以下共同住宅等）,駐車（輪）場,10歳代,その他,施錠した
窃盗,自転車盗,尼崎北,尾浜,282022,兵庫県,尼崎市,尾浜町１丁目,2023[sanitize]01[sanitize]24,16,４階建て以上共同住宅,駐車（輪）場,10歳代,小学生,施錠せず
窃盗,自転車盗,尼崎北,尾浜,282022,兵庫県,尼崎市,尾浜町１丁目,2023[sanitize]02[sanitize]19,00,道路上,その他,10歳代,中学生,施錠した
窃盗,自転車盗,尼崎北,尾浜,282022,兵庫県,尼崎市,尾浜町１丁目,2023[sanitize]04[sanitize]11,21,４階建て以上共同住宅,駐車（輪）場,20歳代,その他,施錠した
窃盗,自転車盗,尼崎北,尾浜,282022,兵庫県,尼崎市,尾浜町１丁目,2023[sanitize]04[sanitize]18,23,４階建て以上共同住宅,駐車（輪）場,20歳代,その他,施錠せず
窃盗,自転車盗,尼崎北,尾浜,282022,兵庫県,尼崎市,尾浜町１丁目,2023[sanitize]04[sanitize]29,18,４階建て以上共同住宅,駐車（輪）場,10歳代,その他,施錠せず
窃盗,自転車盗,尼崎北,尾浜,282022,兵庫県,尼崎市,尾浜町１丁目,2023[sanitize]04[sanitize]30,17,４階建て以上共同住宅,駐車（輪）場,20歳代,その他,施錠した
窃盗,自転車盗,尼崎北,尾浜,282022,兵庫県,尼崎市,尾浜町１丁目,2023[sanitize]11[sanitize]07,18,道路上,その他,10歳代,高校生,施錠せず
窃盗,自転車盗,尼崎北,尾浜,282022,兵庫県,尼崎市,尾浜町１丁目,2023[sanitize]11[sanitize]23,15,道路上,その他,50歳代,その他,施錠せず
窃盗,自転車盗,尼崎北,尾浜,282022,兵庫県,尼崎市,尾浜町２丁目,2023[sanitize]02[sanitize]14,15,その他,駐車（輪）場,70歳以上,その他,施錠せず
窃盗,自転車盗,尼崎北,尾浜,282022,兵庫県,尼崎市,尾浜町２丁目,2023[sanitize]04[sanitize]06,21,道路上,その他,40歳代,その他,施錠した
窃盗,自転車盗,尼崎北,尾浜,282022,兵庫県,尼崎市,尾浜町２丁目,2023[sanitize]05[sanitize]25,19,４階建て以上共同住宅,駐車（輪）場,60[sanitize]64歳,その他,施錠した
窃盗,自転車盗,尼崎北,尾浜,282022,兵庫県,尼崎市,尾浜町２丁目,2023[sanitize]12[sanitize]30,00,４階建て以上共同住宅,駐車（輪）場,40歳代,その他,施錠せず
窃盗,自転車盗,尼崎北,尾浜,282022,兵庫県,尼崎市,尾浜町３丁目,2023[sanitize]02[sanitize]28,14,４階建て以上共同住宅,駐車（輪）場,10歳代,中学生,施錠せず
窃盗,自転車盗,尼崎北,尾浜,282022,兵庫県,尼崎市,尾浜町３丁目,2023[sanitize]03[sanitize]01,10,４階建て以上共同住宅,駐車（輪）場,10歳代,高校生,施錠せず
窃盗,自転車盗,尼崎北,尾浜,282022,兵庫県,尼崎市,尾浜町３丁目,2023[sanitize]06[sanitize]03,16,４階建て以上共同住宅,駐車（輪）場,20歳代,その他,施錠した
窃盗,自転車盗,尼崎北,尾浜,282022,兵庫県,尼崎市,尾浜町３丁目,2023[sanitize]10[sanitize]04,22,４階建て以上共同住宅,駐車（輪）場,30歳代,その他,施錠した
窃盗,自転車盗,尼崎北,尾浜,282022,兵庫県,尼崎市,尾浜町３丁目,2023[sanitize]10[sanitize]09,22,４階建て以上共同住宅,駐車（輪）場,10歳代,高校生,施錠せず
窃盗,自転車盗,尼崎北,尾浜,282022,兵庫県,尼崎市,尾浜町３丁目,2023[sanitize]10[sanitize]13,23,一戸建住宅,駐車（輪）場,20歳代,その他,施錠した
窃盗,自転車盗,尼崎北,尾浜,282022,兵庫県,尼崎市,尾浜町３丁目,2023[sanitize]11[sanitize]10,09,４階建て以上共同住宅,駐車（輪）場,20歳代,大学生,施錠した
窃盗,自転車盗,尼崎北,尾浜,282022,兵庫県,尼崎市,南塚口町５丁目,2023[sanitize]11[sanitize]17,13,４階建て以上共同住宅,駐車（輪）場,20歳代,大学生,施錠せず
窃盗,自転車盗,尼崎北,尾浜,282022,兵庫県,尼崎市,南塚口町６丁目,2023[sanitize]10[sanitize]19,21,道路上,その他,50歳代,その他,施錠せず
窃盗,自転車盗,尼崎北,尾浜,282022,兵庫県,尼崎市,名神町１丁目,2023[sanitize]05[sanitize]17,12,道路上,その他,50歳代,その他,施錠した
窃盗,自転車盗,尼崎北,尾浜,282022,兵庫県,尼崎市,名神町２丁目,2023[sanitize]04[sanitize]28,13,道路上,その他,10歳代,その他,施錠せず
窃盗,自転車盗,尼崎北,尾浜,282022,兵庫県,尼崎市,名神町２丁目,2023[sanitize]09[sanitize]13,20,その他の住宅（３階建て以下共同住宅等）,駐車（輪）場,20歳代,その他,施錠した
窃盗,自転車盗,尼崎北,尾浜,282022,兵庫県,尼崎市,名神町２丁目,2023[sanitize]10[sanitize]16,23,その他の住宅（３階建て以下共同住宅等）,駐車（輪）場,10歳代,その他,施錠せず
窃盗,自転車盗,尼崎北,尾浜,282022,兵庫県,尼崎市,名神町２丁目,2023[sanitize]10[sanitize]19,17,その他の住宅（３階建て以下共同住宅等）,駐車（輪）場,50歳代,その他,施錠せず
窃盗,自転車盗,尼崎北,尾浜,282022,兵庫県,尼崎市,名神町２丁目,2023[sanitize]11[sanitize]20,02,４階建て以上共同住宅,駐車（輪）場,20歳代,その他,施錠した
窃盗,自転車盗,尼崎北,武庫之荘,282022,兵庫県,尼崎市,南武庫之荘１丁目,2023[sanitize]01[sanitize]01,17,その他,駐車（輪）場,10歳代,高校生,施錠せず
窃盗,自転車盗,尼崎北,武庫之荘,282022,兵庫県,尼崎市,南武庫之荘１丁目,2023[sanitize]01[sanitize]08,10,その他,駐車（輪）場,10歳代,大学生,施錠した
窃盗,自転車盗,尼崎北,武庫之荘,282022,兵庫県,尼崎市,南武庫之荘１丁目,2023[sanitize]01[sanitize]14,16,その他,駐車（輪）場,20歳代,大学生,施錠せず
窃盗,自転車盗,尼崎北,武庫之荘,282022,兵庫県,尼崎市,南武庫之荘１丁目,2023[sanitize]01[sanitize]20,07,道路上,その他,70歳以上,その他,施錠した
窃盗,自転車盗,尼崎北,武庫之荘,282022,兵庫県,尼崎市,南武庫之荘１丁目,2023[sanitize]01[sanitize]29,10,その他,駐車（輪）場,40歳代,その他,施錠せず
窃盗,自転車盗,尼崎北,武庫之荘,282022,兵庫県,尼崎市,南武庫之荘１丁目,2023[sanitize]02[sanitize]04,19,道路上,その他,30歳代,その他,施錠した
窃盗,自転車盗,尼崎北,武庫之荘,282022,兵庫県,尼崎市,南武庫之荘１丁目,2023[sanitize]02[sanitize]25,05,その他,駐車（輪）場,40歳代,その他,施錠した
窃盗,自転車盗,尼崎北,武庫之荘,282022,兵庫県,尼崎市,南武庫之荘１丁目,2023[sanitize]03[sanitize]11,10,その他,駐車（輪）場,20歳代,その他,施錠した
窃盗,自転車盗,尼崎北,武庫之荘,282022,兵庫県,尼崎市,南武庫之荘１丁目,2023[sanitize]03[sanitize]18,00,道路上,その他,10歳代,その他,施錠した
窃盗,自転車盗,尼崎北,武庫之荘,282022,兵庫県,尼崎市,南武庫之荘１丁目,2023[sanitize]03[sanitize]25,23,道路上,その他,50歳代,その他,施錠した
窃盗,自転車盗,尼崎北,武庫之荘,282022,兵庫県,尼崎市,南武庫之荘１丁目,2023[sanitize]04[sanitize]18,08,その他,駐車（輪）場,10歳代,その他,施錠した
窃盗,自転車盗,尼崎北,武庫之荘,282022,兵庫県,尼崎市,南武庫之荘１丁目,2023[sanitize]05[sanitize]06,03,その他,駐車（輪）場,20歳代,その他,施錠せず
窃盗,自転車盗,尼崎北,武庫之荘,282022,兵庫県,尼崎市,南武庫之荘１丁目,2023[sanitize]05[sanitize]18,08,その他,駐車（輪）場,10歳代,大学生,施錠した
窃盗,自転車盗,尼崎北,武庫之荘,282022,兵庫県,尼崎市,南武庫之荘１丁目,2023[sanitize]05[sanitize]20,21,その他,その他,40歳代,その他,施錠した
窃盗,自転車盗,尼崎北,武庫之荘,282022,兵庫県,尼崎市,南武庫之荘１丁目,2023[sanitize]05[sanitize]20,21,道路上,その他,40歳代,その他,施錠した
窃盗,自転車盗,尼崎北,武庫之荘,282022,兵庫県,尼崎市,南武庫之荘１丁目,2023[sanitize]05[sanitize]21,21,その他,駐車（輪）場,20歳代,その他,施錠せず
窃盗,自転車盗,尼崎北,武庫之荘,282022,兵庫県,尼崎市,南武庫之荘１丁目,2023[sanitize]05[sanitize]24,19,道路上,その他,20歳代,その他,施錠した
窃盗,自転車盗,尼崎北,武庫之荘,282022,兵庫県,尼崎市,南武庫之荘１丁目,2023[sanitize]05[sanitize]24,20,道路上,その他,20歳代,その他,施錠した
窃盗,自転車盗,尼崎北,武庫之荘,282022,兵庫県,尼崎市,南武庫之荘１丁目,2023[sanitize]05[sanitize]24,22,４階建て以上共同住宅,駐車（輪）場,20歳代,その他,施錠した
窃盗,自転車盗,尼崎北,武庫之荘,282022,兵庫県,尼崎市,南武庫之荘１丁目,2023[sanitize]05[sanitize]26,16,その他の住宅（３階建て以下共同住宅等）,駐車（輪）場,10歳代,高校生,施錠せず
窃盗,自転車盗,尼崎北,武庫之荘,282022,兵庫県,尼崎市,南武庫之荘１丁目,2023[sanitize]05[sanitize]27,21,その他,その他,20歳代,その他,施錠した
窃盗,自転車盗,尼崎北,武庫之荘,282022,兵庫県,尼崎市,南武庫之荘１丁目,2023[sanitize]05[sanitize]27,21,その他,駐車（輪）場,20歳代,その他,施錠した
窃盗,自転車盗,尼崎北,武庫之荘,282022,兵庫県,尼崎市,南武庫之荘１丁目,2023[sanitize]06[sanitize]10,23,その他の住宅（３階建て以下共同住宅等）,駐車（輪）場,30歳代,その他,施錠した
窃盗,自転車盗,尼崎北,武庫之荘,282022,兵庫県,尼崎市,南武庫之荘１丁目,2023[sanitize]06[sanitize]16,10,その他,駐車（輪）場,20歳代,その他,施錠した
窃盗,自転車盗,尼崎北,武庫之荘,282022,兵庫県,尼崎市,南武庫之荘１丁目,2023[sanitize]06[sanitize]17,18,その他,駐車（輪）場,20歳代,その他,施錠せず
窃盗,自転車盗,尼崎北,武庫之荘,282022,兵庫県,尼崎市,南武庫之荘１丁目,2023[sanitize]06[sanitize]29,10,その他,駐車（輪）場,20歳代,その他,施錠せず
窃盗,自転車盗,尼崎北,武庫之荘,282022,兵庫県,尼崎市,南武庫之荘１丁目,2023[sanitize]07[sanitize]11,16,その他,駐車（輪）場,10歳代,中学生,施錠せず
窃盗,自転車盗,尼崎北,武庫之荘,282022,兵庫県,尼崎市,南武庫之荘１丁目,2023[sanitize]07[sanitize]11,16,その他,駐車（輪）場,10歳代,高校生,施錠せず
窃盗,自転車盗,尼崎北,武庫之荘,282022,兵庫県,尼崎市,南武庫之荘１丁目,2023[sanitize]07[sanitize]11,17,その他,駐車（輪）場,20歳代,その他,施錠せず
窃盗,自転車盗,尼崎北,武庫之荘,282022,兵庫県,尼崎市,南武庫之荘１丁目,2023[sanitize]07[sanitize]20,08,その他,駐車（輪）場,20歳代,大学生,施錠した
窃盗,自転車盗,尼崎北,武庫之荘,282022,兵庫県,尼崎市,南武庫之荘１丁目,2023[sanitize]07[sanitize]20,09,その他,駐車（輪）場,10歳代,大学生,施錠せず
窃盗,自転車盗,尼崎北,武庫之荘,282022,兵庫県,尼崎市,南武庫之荘１丁目,2023[sanitize]07[sanitize]25,14,その他,駐車（輪）場,40歳代,その他,施錠せず
窃盗,自転車盗,尼崎北,武庫之荘,282022,兵庫県,尼崎市,南武庫之荘１丁目,2023[sanitize]08[sanitize]04,12,４階建て以上共同住宅,駐車（輪）場,20歳代,その他,施錠した
窃盗,自転車盗,尼崎北,武庫之荘,282022,兵庫県,尼崎市,南武庫之荘１丁目,2023[sanitize]08[sanitize]08,15,その他,駐車（輪）場,10歳代,中学生,施錠せず
窃盗,自転車盗,尼崎北,武庫之荘,282022,兵庫県,尼崎市,南武庫之荘１丁目,2023[sanitize]08[sanitize]11,20,その他,駐車（輪）場,40歳代,その他,施錠せず
窃盗,自転車盗,尼崎北,武庫之荘,282022,兵庫県,尼崎市,南武庫之荘１丁目,2023[sanitize]08[sanitize]19,07,その他,駐車（輪）場,10歳代,大学生,施錠せず
窃盗,自転車盗,尼崎北,武庫之荘,282022,兵庫県,尼崎市,南武庫之荘１丁目,2023[sanitize]08[sanitize]19,22,その他,駐車（輪）場,20歳代,大学生,施錠せず
窃盗,自転車盗,尼崎北,武庫之荘,282022,兵庫県,尼崎市,南武庫之荘１丁目,2023[sanitize]08[sanitize]22,15,駐車（輪）場,駐車（輪）場,60[sanitize]64歳,その他,施錠せず
窃盗,自転車盗,尼崎北,武庫之荘,282022,兵庫県,尼崎市,南武庫之荘１丁目,2023[sanitize]08[sanitize]22,20,その他,駐車（輪）場,40歳代,その他,施錠せず
窃盗,自転車盗,尼崎北,武庫之荘,282022,兵庫県,尼崎市,南武庫之荘１丁目,2023[sanitize]08[sanitize]25,09,４階建て以上共同住宅,駐車（輪）場,20歳代,その他,施錠せず
窃盗,自転車盗,尼崎北,武庫之荘,282022,兵庫県,尼崎市,南武庫之荘１丁目,2023[sanitize]08[sanitize]28,16,その他,駐車（輪）場,70歳以上,その他,施錠した
窃盗,自転車盗,尼崎北,武庫之荘,282022,兵庫県,尼崎市,南武庫之荘１丁目,2023[sanitize]09[sanitize]18,20,その他,駐車（輪）場,20歳代,その他,施錠せず
窃盗,自転車盗,尼崎北,武庫之荘,282022,兵庫県,尼崎市,南武庫之荘１丁目,2023[sanitize]09[sanitize]27,21,その他,その他,10歳代,その他,施錠せず
窃盗,自転車盗,尼崎北,武庫之荘,282022,兵庫県,尼崎市,南武庫之荘１丁目,2023[sanitize]09[sanitize]29,23,４階建て以上共同住宅,駐車（輪）場,30歳代,その他,施錠せず
窃盗,自転車盗,尼崎北,武庫之荘,282022,兵庫県,尼崎市,南武庫之荘１丁目,2023[sanitize]10[sanitize]05,20,その他,駐車（輪）場,10歳代,高校生,施錠せず
窃盗,自転車盗,尼崎北,武庫之荘,282022,兵庫県,尼崎市,南武庫之荘１丁目,2023[sanitize]10[sanitize]21,14,その他,駐車（輪）場,10歳代,中学生,施錠した
窃盗,自転車盗,尼崎北,武庫之荘,282022,兵庫県,尼崎市,南武庫之荘１丁目,2023[sanitize]10[sanitize]22,12,その他,駐車（輪）場,30歳代,その他,施錠せず
窃盗,自転車盗,尼崎北,武庫之荘,282022,兵庫県,尼崎市,南武庫之荘１丁目,2023[sanitize]10[sanitize]29,14,道路上,その他,10歳代,高校生,施錠せず
窃盗,自転車盗,尼崎北,武庫之荘,282022,兵庫県,尼崎市,南武庫之荘１丁目,2023[sanitize]11[sanitize]09,00,その他,駐車（輪）場,20歳代,その他,施錠した
窃盗,自転車盗,尼崎北,武庫之荘,282022,兵庫県,尼崎市,南武庫之荘１丁目,2023[sanitize]11[sanitize]14,06,駐車（輪）場,駐車（輪）場,10歳代,高校生,施錠した
窃盗,自転車盗,尼崎北,武庫之荘,282022,兵庫県,尼崎市,南武庫之荘１丁目,2023[sanitize]12[sanitize]11,17,その他,駐車（輪）場,20歳代,その他,施錠した
窃盗,自転車盗,尼崎北,武庫之荘,282022,兵庫県,尼崎市,南武庫之荘１丁目,2023[sanitize]12[sanitize]16,12,その他,駐車（輪）場,20歳代,その他,施錠した
窃盗,自転車盗,尼崎北,武庫之荘,282022,兵庫県,尼崎市,南武庫之荘２丁目,2023[sanitize]09[sanitize]07,20,その他の住宅（３階建て以下共同住宅等）,駐車（輪）場,20歳代,大学生,施錠せず
窃盗,自転車盗,尼崎北,武庫之荘,282022,兵庫県,尼崎市,武庫之荘１丁目,2023[sanitize]01[sanitize]31,08,その他,駐車（輪）場,20歳代,その他,施錠した
窃盗,自転車盗,尼崎北,武庫之荘,282022,兵庫県,尼崎市,武庫之荘１丁目,2023[sanitize]02[sanitize]01,08,４階建て以上共同住宅,駐車（輪）場,10歳代,高校生,施錠した
窃盗,自転車盗,尼崎北,武庫之荘,282022,兵庫県,尼崎市,武庫之荘１丁目,2023[sanitize]03[sanitize]09,20,その他,駐車（輪）場,10歳代,高校生,施錠せず
窃盗,自転車盗,尼崎北,武庫之荘,282022,兵庫県,尼崎市,武庫之荘１丁目,2023[sanitize]03[sanitize]15,10,その他,駐車（輪）場,30歳代,その他,施錠せず
窃盗,自転車盗,尼崎北,武庫之荘,282022,兵庫県,尼崎市,武庫之荘１丁目,2023[sanitize]03[sanitize]17,10,その他,駐車（輪）場,10歳代,大学生,施錠した
窃盗,自転車盗,尼崎北,武庫之荘,282022,兵庫県,尼崎市,武庫之荘１丁目,2023[sanitize]03[sanitize]24,20,その他,駐車（輪）場,10歳代,中学生,施錠せず
窃盗,自転車盗,尼崎北,武庫之荘,282022,兵庫県,尼崎市,武庫之荘１丁目,2023[sanitize]04[sanitize]09,22,道路上,その他,20歳代,その他,施錠せず
窃盗,自転車盗,尼崎北,武庫之荘,282022,兵庫県,尼崎市,武庫之荘１丁目,2023[sanitize]04[sanitize]20,19,その他,駐車（輪）場,10歳代,大学生,施錠した
窃盗,自転車盗,尼崎北,武庫之荘,282022,兵庫県,尼崎市,武庫之荘１丁目,2023[sanitize]04[sanitize]28,11,その他,駐車（輪）場,20歳代,その他,施錠せず
窃盗,自転車盗,尼崎北,武庫之荘,282022,兵庫県,尼崎市,武庫之荘１丁目,2023[sanitize]05[sanitize]02,08,その他,駐車（輪）場,20歳代,その他,施錠した
窃盗,自転車盗,尼崎北,武庫之荘,282022,兵庫県,尼崎市,武庫之荘１丁目,2023[sanitize]05[sanitize]08,08,駐車（輪）場,駐車（輪）場,30歳代,その他,施錠した
窃盗,自転車盗,尼崎北,武庫之荘,282022,兵庫県,尼崎市,武庫之荘１丁目,2023[sanitize]05[sanitize]19,19,その他,駐車（輪）場,10歳代,中学生,施錠した
窃盗,自転車盗,尼崎北,武庫之荘,282022,兵庫県,尼崎市,武庫之荘１丁目,2023[sanitize]05[sanitize]27,00,道路上,その他,30歳代,その他,施錠した
窃盗,自転車盗,尼崎北,武庫之荘,282022,兵庫県,尼崎市,武庫之荘１丁目,2023[sanitize]05[sanitize]31,11,その他,駐車（輪）場,10歳代,大学生,施錠した
窃盗,自転車盗,尼崎北,武庫之荘,282022,兵庫県,尼崎市,武庫之荘１丁目,2023[sanitize]06[sanitize]11,11,その他,駐車（輪）場,10歳代,大学生,施錠した
窃盗,自転車盗,尼崎北,武庫之荘,282022,兵庫県,尼崎市,武庫之荘１丁目,2023[sanitize]06[sanitize]17,22,道路上,その他,10歳代,高校生,施錠した
窃盗,自転車盗,尼崎北,武庫之荘,282022,兵庫県,尼崎市,武庫之荘１丁目,2023[sanitize]06[sanitize]21,09,その他,駐車（輪）場,60[sanitize]64歳,その他,施錠した
窃盗,自転車盗,尼崎北,武庫之荘,282022,兵庫県,尼崎市,武庫之荘１丁目,2023[sanitize]06[sanitize]28,03,駐車（輪）場,駐車（輪）場,20歳代,その他,施錠せず
窃盗,自転車盗,尼崎北,武庫之荘,282022,兵庫県,尼崎市,武庫之荘１丁目,2023[sanitize]06[sanitize]29,17,その他,駐車（輪）場,10歳代,高校生,施錠せず
窃盗,自転車盗,尼崎北,武庫之荘,282022,兵庫県,尼崎市,武庫之荘１丁目,2023[sanitize]07[sanitize]01,04,一戸建住宅,駐車（輪）場,20歳代,大学生,施錠せず
窃盗,自転車盗,尼崎北,武庫之荘,282022,兵庫県,尼崎市,武庫之荘１丁目,2023[sanitize]07[sanitize]28,16,その他,駐車（輪）場,30歳代,その他,施錠した
窃盗,自転車盗,尼崎北,武庫之荘,282022,兵庫県,尼崎市,武庫之荘１丁目,2023[sanitize]08[sanitize]11,06,駐車（輪）場,駐車（輪）場,10歳代,大学生,施錠せず
窃盗,自転車盗,尼崎北,武庫之荘,282022,兵庫県,尼崎市,武庫之荘１丁目,2023[sanitize]09[sanitize]02,07,その他,駐車（輪）場,10歳代,高校生,施錠せず
窃盗,自転車盗,尼崎北,武庫之荘,282022,兵庫県,尼崎市,武庫之荘１丁目,2023[sanitize]09[sanitize]25,20,４階建て以上共同住宅,駐車（輪）場,20歳代,その他,施錠せず
窃盗,自転車盗,尼崎北,武庫之荘,282022,兵庫県,尼崎市,武庫之荘１丁目,2023[sanitize]10[sanitize]26,16,その他,駐車（輪）場,70歳以上,その他,施錠した
窃盗,自転車盗,尼崎北,武庫之荘,282022,兵庫県,尼崎市,武庫之荘１丁目,2023[sanitize]11[sanitize]09,12,道路上,その他,70歳以上,その他,施錠せず
窃盗,自転車盗,尼崎北,武庫之荘,282022,兵庫県,尼崎市,武庫之荘１丁目,2023[sanitize]11[sanitize]15,17,一戸建住宅,駐車（輪）場,60[sanitize]64歳,その他,施錠した
窃盗,自転車盗,尼崎北,武庫之荘,282022,兵庫県,尼崎市,武庫之荘１丁目,2023[sanitize]11[sanitize]24,18,その他,駐車（輪）場,20歳代,その他,施錠せず
窃盗,自転車盗,尼崎北,武庫之荘,282022,兵庫県,尼崎市,武庫之荘１丁目,2023[sanitize]12[sanitize]12,19,その他の住宅（３階建て以下共同住宅等）,駐車（輪）場,50歳代,その他,施錠した
窃盗,自転車盗,尼崎北,武庫之荘,282022,兵庫県,尼崎市,武庫之荘１丁目,2023[sanitize]12[sanitize]25,08,その他,駐車（輪）場,30歳代,その他,施錠した
窃盗,自転車盗,尼崎北,武庫之荘,282022,兵庫県,尼崎市,武庫之荘２丁目,2022[sanitize]12[sanitize]23,12,その他,駐車（輪）場,10歳代,その他,施錠した
窃盗,自転車盗,尼崎北,武庫之荘,282022,兵庫県,尼崎市,武庫之荘２丁目,2023[sanitize]03[sanitize]04,19,道路上,その他,20歳代,その他,施錠せず
窃盗,自転車盗,尼崎北,武庫之荘,282022,兵庫県,尼崎市,武庫之荘２丁目,2023[sanitize]03[sanitize]21,08,その他,駐車（輪）場,20歳代,その他,施錠した
窃盗,自転車盗,尼崎北,武庫之荘,282022,兵庫県,尼崎市,武庫之荘２丁目,2023[sanitize]04[sanitize]06,07,その他,駐車（輪）場,30歳代,その他,施錠した
窃盗,自転車盗,尼崎北,武庫之荘,282022,兵庫県,尼崎市,武庫之荘２丁目,2023[sanitize]05[sanitize]02,09,４階建て以上共同住宅,駐車（輪）場,50歳代,その他,施錠せず
窃盗,自転車盗,尼崎北,武庫之荘,282022,兵庫県,尼崎市,武庫之荘２丁目,2023[sanitize]05[sanitize]16,07,その他,駐車（輪）場,50歳代,その他,施錠した
窃盗,自転車盗,尼崎北,武庫之荘,282022,兵庫県,尼崎市,武庫之荘２丁目,2023[sanitize]05[sanitize]23,10,その他の住宅（３階建て以下共同住宅等）,駐車（輪）場,10歳代,高校生,施錠せず
窃盗,自転車盗,尼崎北,武庫之荘,282022,兵庫県,尼崎市,武庫之荘２丁目,2023[sanitize]05[sanitize]29,07,その他,駐車（輪）場,10歳代,高校生,施錠した
窃盗,自転車盗,尼崎北,武庫之荘,282022,兵庫県,尼崎市,武庫之荘２丁目,2023[sanitize]06[sanitize]13,07,その他,駐車（輪）場,10歳代,高校生,施錠せず
窃盗,自転車盗,尼崎北,武庫之荘,282022,兵庫県,尼崎市,武庫之荘２丁目,2023[sanitize]07[sanitize]03,14,４階建て以上共同住宅,駐車（輪）場,10歳代,高校生,施錠せず
窃盗,自転車盗,尼崎北,武庫之荘,282022,兵庫県,尼崎市,武庫之荘２丁目,2023[sanitize]08[sanitize]11,09,駐車（輪）場,駐車（輪）場,10歳代,その他,施錠せず
窃盗,自転車盗,尼崎北,武庫之荘,282022,兵庫県,尼崎市,武庫之荘２丁目,2023[sanitize]08[sanitize]27,16,駐車（輪）場,駐車（輪）場,65[sanitize]69歳,その他,施錠せず
窃盗,自転車盗,尼崎北,武庫之荘,282022,兵庫県,尼崎市,武庫之荘２丁目,2023[sanitize]08[sanitize]29,09,その他,駐車（輪）場,30歳代,その他,施錠せず
窃盗,自転車盗,尼崎北,武庫之荘,282022,兵庫県,尼崎市,武庫之荘２丁目,2023[sanitize]09[sanitize]04,10,４階建て以上共同住宅,その他,50歳代,その他,施錠せず
窃盗,自転車盗,尼崎北,武庫之荘,282022,兵庫県,尼崎市,武庫之荘２丁目,2023[sanitize]09[sanitize]17,06,その他,駐車（輪）場,10歳代,高校生,施錠せず
窃盗,自転車盗,尼崎北,武庫之荘,282022,兵庫県,尼崎市,武庫之荘２丁目,2023[sanitize]10[sanitize]13,07,駐車（輪）場,駐車（輪）場,20歳代,その他,施錠せず
窃盗,自転車盗,尼崎北,武庫之荘,282022,兵庫県,尼崎市,武庫之荘２丁目,2023[sanitize]10[sanitize]17,08,道路上,その他,10歳代,その他,施錠した
窃盗,自転車盗,尼崎北,武庫之荘,282022,兵庫県,尼崎市,武庫之荘２丁目,2023[sanitize]11[sanitize]03,05,その他,その他,20歳代,その他,施錠した
窃盗,自転車盗,尼崎北,武庫之荘,282022,兵庫県,尼崎市,武庫之荘２丁目,2023[sanitize]11[sanitize]14,08,その他,駐車（輪）場,30歳代,その他,施錠した
窃盗,自転車盗,尼崎北,武庫之荘,282022,兵庫県,尼崎市,武庫之荘２丁目,2023[sanitize]11[sanitize]17,12,その他の住宅（３階建て以下共同住宅等）,駐車（輪）場,10歳代,大学生,施錠せず
窃盗,自転車盗,尼崎北,武庫之荘,282022,兵庫県,尼崎市,武庫之荘２丁目,2023[sanitize]11[sanitize]26,09,その他,駐車（輪）場,20歳代,その他,施錠した
窃盗,自転車盗,尼崎北,武庫之荘,282022,兵庫県,尼崎市,武庫之荘２丁目,2023[sanitize]11[sanitize]27,07,４階建て以上共同住宅,その他,10歳代,大学生,施錠した
窃盗,自転車盗,尼崎北,武庫之荘,282022,兵庫県,尼崎市,武庫之荘２丁目,2023[sanitize]12[sanitize]06,09,その他,駐車（輪）場,20歳代,その他,施錠せず
窃盗,自転車盗,尼崎北,武庫之荘,282022,兵庫県,尼崎市,武庫之荘２丁目,2023[sanitize]12[sanitize]18,08,その他,駐車（輪）場,20歳代,大学生,施錠した
窃盗,自転車盗,尼崎北,武庫之荘,282022,兵庫県,尼崎市,武庫之荘２丁目,2023[sanitize]12[sanitize]29,17,その他,駐車（輪）場,30歳代,その他,施錠した
窃盗,自転車盗,尼崎北,武庫之荘,282022,兵庫県,尼崎市,武庫之荘３丁目,2023[sanitize]02[sanitize]27,15,その他,駐車（輪）場,10歳代,大学生,施錠せず
窃盗,自転車盗,尼崎北,武庫之荘,282022,兵庫県,尼崎市,武庫之荘３丁目,2023[sanitize]04[sanitize]15,18,４階建て以上共同住宅,駐車（輪）場,20歳代,その他,施錠せず
窃盗,自転車盗,尼崎北,武庫之荘,282022,兵庫県,尼崎市,武庫之荘３丁目,2023[sanitize]05[sanitize]18,13,４階建て以上共同住宅,駐車（輪）場,40歳代,その他,施錠せず
窃盗,自転車盗,尼崎北,武庫之荘,282022,兵庫県,尼崎市,武庫之荘４丁目,2023[sanitize]10[sanitize]08,18,道路上,その他,10歳代,中学生,施錠せず
窃盗,自転車盗,尼崎北,武庫之荘,282022,兵庫県,尼崎市,武庫之荘５丁目,2023[sanitize]06[sanitize]28,20,一戸建住宅,その他,30歳代,その他,施錠せず
窃盗,自転車盗,尼崎北,武庫之荘,282022,兵庫県,尼崎市,武庫之荘５丁目,2023[sanitize]10[sanitize]22,12,一戸建住宅,駐車（輪）場,40歳代,その他,施錠せず
窃盗,自転車盗,尼崎北,武庫之荘,282022,兵庫県,尼崎市,武庫之荘５丁目,2023[sanitize]12[sanitize]15,20,一戸建住宅,駐車（輪）場,20歳代,大学生,施錠せず
窃盗,自転車盗,尼崎北,武庫之荘,282022,兵庫県,尼崎市,武庫之荘５丁目,2023[sanitize]12[sanitize]25,17,道路上,その他,20歳代,その他,施錠した
窃盗,自転車盗,尼崎北,武庫之荘,282022,兵庫県,尼崎市,武庫之荘６丁目,2023[sanitize]06[sanitize]17,22,道路上,その他,10歳代,その他,施錠せず
窃盗,自転車盗,尼崎北,武庫之荘,282022,兵庫県,尼崎市,武庫之荘７丁目,2022[sanitize]11[sanitize]02,10,４階建て以上共同住宅,駐車（輪）場,30歳代,その他,施錠せず
窃盗,自転車盗,尼崎北,武庫之荘,282022,兵庫県,尼崎市,武庫之荘７丁目,2023[sanitize]02[sanitize]22,07,その他の住宅（３階建て以下共同住宅等）,駐車（輪）場,40歳代,その他,施錠せず
窃盗,自転車盗,尼崎北,武庫之荘,282022,兵庫県,尼崎市,武庫之荘７丁目,2023[sanitize]06[sanitize]03,17,４階建て以上共同住宅,駐車（輪）場,20歳代,その他,施錠せず
窃盗,自転車盗,尼崎北,武庫之荘,282022,兵庫県,尼崎市,武庫之荘７丁目,2023[sanitize]10[sanitize]15,13,その他の住宅（３階建て以下共同住宅等）,駐車（輪）場,10歳代,高校生,施錠した
窃盗,自転車盗,尼崎北,武庫之荘,282022,兵庫県,尼崎市,武庫之荘９丁目,2023[sanitize]09[sanitize]10,23,４階建て以上共同住宅,駐車（輪）場,10歳代,その他,施錠せず
窃盗,自転車盗,尼崎北,武庫之荘,282022,兵庫県,尼崎市,武庫之荘西２丁目,2023[sanitize]04[sanitize]02,22,道路上,その他,20歳代,その他,施錠せず
窃盗,自転車盗,尼崎北,武庫之荘,282022,兵庫県,尼崎市,武庫之荘西２丁目,2023[sanitize]09[sanitize]20,21,一戸建住宅,駐車（輪）場,20歳代,その他,施錠した
窃盗,自転車盗,尼崎北,武庫之荘,282022,兵庫県,尼崎市,武庫之荘東１丁目,2021[sanitize]08[sanitize]01,17,道路上,その他,20歳代,その他,施錠した
窃盗,自転車盗,尼崎北,武庫之荘,282022,兵庫県,尼崎市,武庫之荘東１丁目,2023[sanitize]04[sanitize]03,18,その他,駐車（輪）場,10歳代,大学生,施錠せず
窃盗,自転車盗,尼崎北,武庫之荘,282022,兵庫県,尼崎市,武庫之荘東１丁目,2023[sanitize]05[sanitize]20,10,４階建て以上共同住宅,駐車（輪）場,40歳代,その他,施錠せず
窃盗,自転車盗,尼崎北,武庫之荘,282022,兵庫県,尼崎市,武庫之荘東１丁目,2023[sanitize]05[sanitize]26,08,その他,駐車（輪）場,10歳代,その他,施錠せず
窃盗,自転車盗,尼崎北,武庫之荘,282022,兵庫県,尼崎市,武庫之荘東１丁目,2023[sanitize]08[sanitize]16,16,その他,駐車（輪）場,10歳代,高校生,施錠せず
窃盗,自転車盗,尼崎北,武庫之荘,282022,兵庫県,尼崎市,武庫之荘東１丁目,2023[sanitize]08[sanitize]20,11,その他,駐車（輪）場,10歳代,大学生,施錠せず
窃盗,自転車盗,尼崎北,武庫之荘,282022,兵庫県,尼崎市,武庫之荘東１丁目,2023[sanitize]09[sanitize]14,09,その他,駐車（輪）場,20歳代,その他,施錠した
窃盗,自転車盗,尼崎北,武庫之荘,282022,兵庫県,尼崎市,武庫之荘東１丁目,2023[sanitize]10[sanitize]03,16,４階建て以上共同住宅,駐車（輪）場,40歳代,その他,施錠せず
窃盗,自転車盗,尼崎北,武庫之荘,282022,兵庫県,尼崎市,武庫之荘東１丁目,2023[sanitize]11[sanitize]03,12,その他,駐車（輪）場,30歳代,その他,施錠した
窃盗,自転車盗,尼崎北,武庫之荘,282022,兵庫県,尼崎市,武庫之荘本町１丁目,2023[sanitize]06[sanitize]02,15,駐車（輪）場,駐車（輪）場,30歳代,その他,施錠せず
窃盗,自転車盗,尼崎北,武庫之荘,282022,兵庫県,尼崎市,武庫之荘本町２丁目,2023[sanitize]01[sanitize]11,13,駐車（輪）場,駐車（輪）場,40歳代,その他,施錠せず
窃盗,自転車盗,尼崎北,武庫之荘,282022,兵庫県,尼崎市,武庫之荘本町２丁目,2023[sanitize]03[sanitize]06,15,道路上,その他,70歳以上,その他,施錠せず
窃盗,自転車盗,尼崎北,生島,282022,兵庫県,尼崎市,大西町１丁目,2023[sanitize]06[sanitize]16,18,その他の住宅（３階建て以下共同住宅等）,駐車（輪）場,30歳代,その他,施錠した
窃盗,自転車盗,尼崎北,生島,282022,兵庫県,尼崎市,大西町１丁目,2023[sanitize]09[sanitize]01,23,その他の住宅（３階建て以下共同住宅等）,その他,20歳代,その他,施錠した
窃盗,自転車盗,尼崎北,生島,282022,兵庫県,尼崎市,大西町１丁目,2023[sanitize]09[sanitize]22,20,道路上,その他,10歳代,中学生,施錠せず
窃盗,自転車盗,尼崎北,生島,282022,兵庫県,尼崎市,大西町３丁目,2023[sanitize]02[sanitize]16,08,一戸建住宅,その他,20歳代,その他,施錠した
窃盗,自転車盗,尼崎北,生島,282022,兵庫県,尼崎市,大西町３丁目,2023[sanitize]07[sanitize]12,12,４階建て以上共同住宅,駐車（輪）場,65[sanitize]69歳,その他,施錠せず
窃盗,自転車盗,尼崎北,生島,282022,兵庫県,尼崎市,大西町３丁目,2023[sanitize]08[sanitize]21,21,一戸建住宅,その他,20歳代,大学生,施錠せず
窃盗,自転車盗,尼崎北,生島,282022,兵庫県,尼崎市,大西町３丁目,2023[sanitize]09[sanitize]14,18,４階建て以上共同住宅,駐車（輪）場,10歳代,中学生,施錠せず
窃盗,自転車盗,尼崎北,生島,282022,兵庫県,尼崎市,大西町３丁目,2023[sanitize]10[sanitize]29,17,その他,駐車（輪）場,10歳代,中学生,施錠せず
窃盗,自転車盗,尼崎北,生島,282022,兵庫県,尼崎市,大西町３丁目,2023[sanitize]12[sanitize]09,16,その他の住宅（３階建て以下共同住宅等）,駐車（輪）場,50歳代,その他,施錠せず
窃盗,自転車盗,尼崎北,生島,282022,兵庫県,尼崎市,大西町３丁目,2023[sanitize]12[sanitize]22,20,４階建て以上共同住宅,駐車（輪）場,10歳代,小学生,施錠せず
窃盗,自転車盗,尼崎北,生島,282022,兵庫県,尼崎市,立花町３丁目,2022[sanitize]11[sanitize]01,21,４階建て以上共同住宅,駐車（輪）場,20歳代,その他,施錠した
窃盗,自転車盗,尼崎北,生島,282022,兵庫県,尼崎市,立花町３丁目,2023[sanitize]03[sanitize]24,19,その他の住宅（３階建て以下共同住宅等）,駐車（輪）場,20歳代,その他,施錠せず
窃盗,自転車盗,尼崎北,生島,282022,兵庫県,尼崎市,立花町３丁目,2023[sanitize]07[sanitize]10,18,４階建て以上共同住宅,駐車（輪）場,30歳代,その他,施錠せず
窃盗,自転車盗,尼崎北,生島,282022,兵庫県,尼崎市,立花町３丁目,2023[sanitize]08[sanitize]05,02,その他,駐車（輪）場,70歳以上,その他,施錠せず
窃盗,自転車盗,尼崎北,生島,282022,兵庫県,尼崎市,南塚口町７丁目,2023[sanitize]03[sanitize]11,00,その他,駐車（輪）場,30歳代,その他,施錠した
窃盗,自転車盗,尼崎北,生島,282022,兵庫県,尼崎市,南塚口町７丁目,2023[sanitize]05[sanitize]06,16,その他の住宅（３階建て以下共同住宅等）,駐車（輪）場,30歳代,その他,施錠した
窃盗,自転車盗,尼崎北,生島,282022,兵庫県,尼崎市,南塚口町７丁目,2023[sanitize]05[sanitize]17,18,道路上,その他,40歳代,その他,施錠せず
窃盗,自転車盗,尼崎北,生島,282022,兵庫県,尼崎市,南塚口町７丁目,2023[sanitize]08[sanitize]08,10,一戸建住宅,その他,10歳代,中学生,施錠せず
窃盗,自転車盗,尼崎北,生島,282022,兵庫県,尼崎市,南塚口町７丁目,2023[sanitize]08[sanitize]11,10,その他,駐車（輪）場,50歳代,その他,施錠せず
窃盗,自転車盗,尼崎北,生島,282022,兵庫県,尼崎市,南塚口町７丁目,2023[sanitize]08[sanitize]30,10,道路上,その他,50歳代,その他,施錠せず
窃盗,自転車盗,尼崎北,生島,282022,兵庫県,尼崎市,南塚口町７丁目,2023[sanitize]09[sanitize]18,22,一戸建住宅,その他,20歳代,大学生,施錠した
窃盗,自転車盗,尼崎北,生島,282022,兵庫県,尼崎市,南塚口町７丁目,2023[sanitize]11[sanitize]21,17,４階建て以上共同住宅,駐車（輪）場,10歳代,高校生,施錠せず
窃盗,自転車盗,尼崎北,生島,282022,兵庫県,尼崎市,南塚口町７丁目,2023[sanitize]12[sanitize]14,12,４階建て以上共同住宅,駐車（輪）場,20歳代,その他,施錠した
窃盗,自転車盗,尼崎北,生島,282022,兵庫県,尼崎市,南武庫之荘２丁目,2023[sanitize]06[sanitize]25,15,４階建て以上共同住宅,その他,50歳代,その他,施錠せず
窃盗,自転車盗,尼崎北,生島,282022,兵庫県,尼崎市,上ノ島町１丁目,2023[sanitize]01[sanitize]11,18,その他の住宅（３階建て以下共同住宅等）,駐車（輪）場,30歳代,その他,施錠せず
窃盗,自転車盗,尼崎北,生島,282022,兵庫県,尼崎市,上ノ島町１丁目,2023[sanitize]02[sanitize]14,20,一戸建住宅,駐車（輪）場,10歳代,大学生,施錠した
窃盗,自転車盗,尼崎北,生島,282022,兵庫県,尼崎市,上ノ島町１丁目,2023[sanitize]03[sanitize]30,09,その他,その他,20歳代,その他,施錠した
窃盗,自転車盗,尼崎北,生島,282022,兵庫県,尼崎市,上ノ島町１丁目,2023[sanitize]04[sanitize]14,18,４階建て以上共同住宅,駐車（輪）場,40歳代,その他,施錠した
窃盗,自転車盗,尼崎北,生島,282022,兵庫県,尼崎市,上ノ島町１丁目,2023[sanitize]07[sanitize]26,09,その他,駐車（輪）場,10歳代,高校生,施錠せず
窃盗,自転車盗,尼崎北,生島,282022,兵庫県,尼崎市,上ノ島町１丁目,2023[sanitize]08[sanitize]18,20,４階建て以上共同住宅,駐車（輪）場,20歳代,その他,施錠せず
窃盗,自転車盗,尼崎北,生島,282022,兵庫県,尼崎市,上ノ島町１丁目,2023[sanitize]09[sanitize]14,08,道路上,その他,20歳代,その他,施錠せず
窃盗,自転車盗,尼崎北,生島,282022,兵庫県,尼崎市,上ノ島町２丁目,2023[sanitize]05[sanitize]15,18,その他,駐車（輪）場,20歳代,その他,施錠せず
窃盗,自転車盗,尼崎北,生島,282022,兵庫県,尼崎市,上ノ島町２丁目,2023[sanitize]07[sanitize]26,02,その他の住宅（３階建て以下共同住宅等）,その他,20歳代,その他,施錠せず
窃盗,自転車盗,尼崎北,生島,282022,兵庫県,尼崎市,上ノ島町２丁目,2023[sanitize]08[sanitize]01,22,その他の住宅（３階建て以下共同住宅等）,駐車（輪）場,10歳代,中学生,施錠せず
窃盗,自転車盗,尼崎北,生島,282022,兵庫県,尼崎市,上ノ島町２丁目,2023[sanitize]09[sanitize]15,16,その他の住宅（３階建て以下共同住宅等）,駐車（輪）場,10歳代,高校生,施錠せず
窃盗,自転車盗,尼崎北,生島,282022,兵庫県,尼崎市,上ノ島町２丁目,2023[sanitize]09[sanitize]19,16,その他の住宅（３階建て以下共同住宅等）,駐車（輪）場,30歳代,その他,施錠せず
窃盗,自転車盗,尼崎北,生島,282022,兵庫県,尼崎市,上ノ島町２丁目,2023[sanitize]10[sanitize]07,16,駐車（輪）場,駐車（輪）場,50歳代,その他,施錠した
窃盗,自転車盗,尼崎北,生島,282022,兵庫県,尼崎市,上ノ島町３丁目,2023[sanitize]02[sanitize]13,19,一戸建住宅,駐車（輪）場,10歳代,高校生,施錠せず
窃盗,自転車盗,尼崎北,生島,282022,兵庫県,尼崎市,上ノ島町３丁目,2023[sanitize]03[sanitize]08,08,その他,その他,10歳代,中学生,施錠した
窃盗,自転車盗,尼崎北,生島,282022,兵庫県,尼崎市,上ノ島町３丁目,2023[sanitize]04[sanitize]14,19,４階建て以上共同住宅,駐車（輪）場,20歳代,その他,施錠せず
窃盗,自転車盗,尼崎北,生島,282022,兵庫県,尼崎市,上ノ島町３丁目,2023[sanitize]05[sanitize]19,18,一戸建住宅,駐車（輪）場,30歳代,その他,施錠した
窃盗,自転車盗,尼崎北,生島,282022,兵庫県,尼崎市,上ノ島町３丁目,2023[sanitize]07[sanitize]23,21,一戸建住宅,その他,70歳以上,その他,施錠した
窃盗,自転車盗,尼崎北,生島,282022,兵庫県,尼崎市,上ノ島町３丁目,2023[sanitize]09[sanitize]01,00,４階建て以上共同住宅,駐車（輪）場,20歳代,その他,施錠せず
窃盗,自転車盗,尼崎北,生島,282022,兵庫県,尼崎市,栗山町１丁目,2023[sanitize]05[sanitize]13,20,４階建て以上共同住宅,駐車（輪）場,20歳代,大学生,施錠せず
窃盗,自転車盗,尼崎北,生島,282022,兵庫県,尼崎市,栗山町１丁目,2023[sanitize]05[sanitize]13,21,４階建て以上共同住宅,駐車（輪）場,20歳代,大学生,施錠した
窃盗,自転車盗,尼崎北,生島,282022,兵庫県,尼崎市,栗山町１丁目,2023[sanitize]09[sanitize]04,17,４階建て以上共同住宅,駐車（輪）場,20歳代,その他,施錠せず
窃盗,自転車盗,尼崎北,生島,282022,兵庫県,尼崎市,栗山町１丁目,2023[sanitize]12[sanitize]24,03,４階建て以上共同住宅,駐車（輪）場,20歳代,その他,施錠せず
窃盗,自転車盗,尼崎北,生島,282022,兵庫県,尼崎市,栗山町２丁目,2023[sanitize]02[sanitize]12,18,一戸建住宅,その他,40歳代,その他,施錠した
窃盗,自転車盗,尼崎北,生島,282022,兵庫県,尼崎市,栗山町２丁目,2023[sanitize]05[sanitize]15,17,４階建て以上共同住宅,駐車（輪）場,10歳代,高校生,施錠せず
窃盗,自転車盗,尼崎北,生島,282022,兵庫県,尼崎市,栗山町２丁目,2023[sanitize]09[sanitize]11,19,４階建て以上共同住宅,駐車（輪）場,40歳代,その他,施錠せず
窃盗,自転車盗,尼崎北,生島,282022,兵庫県,尼崎市,栗山町２丁目,2023[sanitize]11[sanitize]20,16,その他の住宅（３階建て以下共同住宅等）,駐車（輪）場,30歳代,その他,施錠せず
窃盗,自転車盗,尼崎北,生島,282022,兵庫県,尼崎市,栗山町２丁目,2023[sanitize]12[sanitize]16,22,道路上,その他,10歳代,その他,施錠せず
窃盗,自転車盗,尼崎北,立花駅前,282022,兵庫県,尼崎市,三反田町１丁目,2023[sanitize]01[sanitize]06,22,一戸建住宅,その他,10歳代,高校生,施錠せず
窃盗,自転車盗,尼崎北,立花駅前,282022,兵庫県,尼崎市,三反田町１丁目,2023[sanitize]01[sanitize]31,22,一戸建住宅,駐車（輪）場,70歳以上,その他,施錠せず
窃盗,自転車盗,尼崎北,立花駅前,282022,兵庫県,尼崎市,三反田町１丁目,2023[sanitize]05[sanitize]01,07,４階建て以上共同住宅,駐車（輪）場,10歳代,高校生,施錠せず
窃盗,自転車盗,尼崎北,立花駅前,282022,兵庫県,尼崎市,三反田町１丁目,2023[sanitize]09[sanitize]26,23,一戸建住宅,駐車（輪）場,10歳代,中学生,施錠せず
窃盗,自転車盗,尼崎北,立花駅前,282022,兵庫県,尼崎市,三反田町２丁目,2023[sanitize]01[sanitize]14,06,道路上,その他,65[sanitize]69歳,その他,施錠せず
窃盗,自転車盗,尼崎北,立花駅前,282022,兵庫県,尼崎市,三反田町２丁目,2023[sanitize]01[sanitize]15,17,その他の住宅（３階建て以下共同住宅等）,駐車（輪）場,10歳代,小学生,施錠せず
窃盗,自転車盗,尼崎北,立花駅前,282022,兵庫県,尼崎市,三反田町２丁目,2023[sanitize]02[sanitize]01,17,その他の住宅（３階建て以下共同住宅等）,その他,10歳代,小学生,施錠せず
窃盗,自転車盗,尼崎北,立花駅前,282022,兵庫県,尼崎市,三反田町２丁目,2023[sanitize]04[sanitize]01,18,その他の住宅（３階建て以下共同住宅等）,その他,10歳代,小学生,施錠せず
窃盗,自転車盗,尼崎北,立花駅前,282022,兵庫県,尼崎市,三反田町２丁目,2023[sanitize]06[sanitize]11,19,一戸建住宅,その他,20歳代,その他,施錠せず
窃盗,自転車盗,尼崎北,立花駅前,282022,兵庫県,尼崎市,三反田町２丁目,2023[sanitize]12[sanitize]02,09,その他の住宅（３階建て以下共同住宅等）,駐車（輪）場,20歳代,その他,施錠せず
窃盗,自転車盗,尼崎北,立花駅前,282022,兵庫県,尼崎市,三反田町２丁目,2023[sanitize]12[sanitize]15,19,その他の住宅（３階建て以下共同住宅等）,駐車（輪）場,20歳代,その他,施錠せず
窃盗,自転車盗,尼崎北,立花駅前,282022,兵庫県,尼崎市,三反田町３丁目,2023[sanitize]03[sanitize]22,07,その他,駐車（輪）場,法人・団体、被害者なし,法人・団体、被害者なし,施錠した
窃盗,自転車盗,尼崎北,立花駅前,282022,兵庫県,尼崎市,三反田町３丁目,2023[sanitize]07[sanitize]04,09,４階建て以上共同住宅,駐車（輪）場,40歳代,その他,施錠した
窃盗,自転車盗,尼崎北,立花駅前,282022,兵庫県,尼崎市,三反田町３丁目,2023[sanitize]08[sanitize]05,17,その他,その他,70歳以上,その他,施錠せず
窃盗,自転車盗,尼崎北,立花駅前,282022,兵庫県,尼崎市,三反田町３丁目,2023[sanitize]08[sanitize]10,10,一戸建住宅,その他,10歳代,高校生,施錠した
窃盗,自転車盗,尼崎北,立花駅前,282022,兵庫県,尼崎市,立花町１丁目,2022[sanitize]08[sanitize]06,14,その他,駐車（輪）場,10歳代,小学生,施錠した
窃盗,自転車盗,尼崎北,立花駅前,282022,兵庫県,尼崎市,立花町１丁目,2022[sanitize]08[sanitize]06,14,その他,駐車（輪）場,40歳代,その他,施錠した
窃盗,自転車盗,尼崎北,立花駅前,282022,兵庫県,尼崎市,立花町１丁目,2022[sanitize]10[sanitize]11,00,４階建て以上共同住宅,駐車（輪）場,30歳代,その他,施錠せず
窃盗,自転車盗,尼崎北,立花駅前,282022,兵庫県,尼崎市,立花町１丁目,2022[sanitize]12[sanitize]29,08,その他,駐車（輪）場,65[sanitize]69歳,その他,施錠した
窃盗,自転車盗,尼崎北,立花駅前,282022,兵庫県,尼崎市,立花町１丁目,2023[sanitize]01[sanitize]10,07,その他,駐車（輪）場,40歳代,その他,施錠した
窃盗,自転車盗,尼崎北,立花駅前,282022,兵庫県,尼崎市,立花町１丁目,2023[sanitize]01[sanitize]18,16,その他の住宅（３階建て以下共同住宅等）,駐車（輪）場,20歳代,その他,施錠した
窃盗,自転車盗,尼崎北,立花駅前,282022,兵庫県,尼崎市,立花町１丁目,2023[sanitize]01[sanitize]20,23,道路上,その他,10歳代,大学生,施錠せず
窃盗,自転車盗,尼崎北,立花駅前,282022,兵庫県,尼崎市,立花町１丁目,2023[sanitize]01[sanitize]21,20,道路上,その他,20歳代,その他,施錠せず
窃盗,自転車盗,尼崎北,立花駅前,282022,兵庫県,尼崎市,立花町１丁目,2023[sanitize]03[sanitize]16,06,道路上,その他,10歳代,中学生,施錠した
窃盗,自転車盗,尼崎北,立花駅前,282022,兵庫県,尼崎市,立花町１丁目,2023[sanitize]03[sanitize]31,22,道路上,その他,20歳代,その他,施錠した
窃盗,自転車盗,尼崎北,立花駅前,282022,兵庫県,尼崎市,立花町１丁目,2023[sanitize]03[sanitize]31,23,道路上,その他,10歳代,大学生,施錠せず
窃盗,自転車盗,尼崎北,立花駅前,282022,兵庫県,尼崎市,立花町１丁目,2023[sanitize]03[sanitize]31,23,道路上,その他,20歳代,その他,施錠した
窃盗,自転車盗,尼崎北,立花駅前,282022,兵庫県,尼崎市,立花町１丁目,2023[sanitize]04[sanitize]18,19,道路上,その他,70歳以上,その他,施錠した
窃盗,自転車盗,尼崎北,立花駅前,282022,兵庫県,尼崎市,立花町１丁目,2023[sanitize]04[sanitize]18,21,その他,駐車（輪）場,40歳代,その他,施錠した
窃盗,自転車盗,尼崎北,立花駅前,282022,兵庫県,尼崎市,立花町１丁目,2023[sanitize]04[sanitize]25,05,その他,その他,20歳代,その他,施錠した
窃盗,自転車盗,尼崎北,立花駅前,282022,兵庫県,尼崎市,立花町１丁目,2023[sanitize]05[sanitize]02,04,その他,駐車（輪）場,70歳以上,その他,施錠した
窃盗,自転車盗,尼崎北,立花駅前,282022,兵庫県,尼崎市,立花町１丁目,2023[sanitize]05[sanitize]04,12,駐車（輪）場,駐車（輪）場,70歳以上,その他,施錠した
窃盗,自転車盗,尼崎北,立花駅前,282022,兵庫県,尼崎市,立花町１丁目,2023[sanitize]05[sanitize]06,10,その他,駐車（輪）場,40歳代,その他,施錠せず
窃盗,自転車盗,尼崎北,立花駅前,282022,兵庫県,尼崎市,立花町１丁目,2023[sanitize]05[sanitize]06,17,道路上,その他,20歳代,大学生,施錠せず
窃盗,自転車盗,尼崎北,立花駅前,282022,兵庫県,尼崎市,立花町１丁目,2023[sanitize]05[sanitize]10,22,その他の住宅（３階建て以下共同住宅等）,駐車（輪）場,20歳代,その他,施錠した
窃盗,自転車盗,尼崎北,立花駅前,282022,兵庫県,尼崎市,立花町１丁目,2023[sanitize]05[sanitize]23,17,その他,駐車（輪）場,10歳代,中学生,施錠せず
窃盗,自転車盗,尼崎北,立花駅前,282022,兵庫県,尼崎市,立花町１丁目,2023[sanitize]06[sanitize]07,07,道路上,その他,20歳代,その他,施錠せず
窃盗,自転車盗,尼崎北,立花駅前,282022,兵庫県,尼崎市,立花町１丁目,2023[sanitize]06[sanitize]23,07,その他,駐車（輪）場,20歳代,その他,施錠せず
窃盗,自転車盗,尼崎北,立花駅前,282022,兵庫県,尼崎市,立花町１丁目,2023[sanitize]06[sanitize]30,05,その他,駐車（輪）場,30歳代,その他,施錠せず
窃盗,自転車盗,尼崎北,立花駅前,282022,兵庫県,尼崎市,立花町１丁目,2023[sanitize]07[sanitize]13,19,駐車（輪）場,駐車（輪）場,20歳代,その他,施錠せず
窃盗,自転車盗,尼崎北,立花駅前,282022,兵庫県,尼崎市,立花町１丁目,2023[sanitize]07[sanitize]16,06,その他,駐車（輪）場,10歳代,大学生,施錠した
窃盗,自転車盗,尼崎北,立花駅前,282022,兵庫県,尼崎市,立花町１丁目,2023[sanitize]07[sanitize]19,05,４階建て以上共同住宅,駐車（輪）場,30歳代,その他,施錠せず
窃盗,自転車盗,尼崎北,立花駅前,282022,兵庫県,尼崎市,立花町１丁目,2023[sanitize]07[sanitize]20,11,その他,駐車（輪）場,50歳代,その他,施錠せず
窃盗,自転車盗,尼崎北,立花駅前,282022,兵庫県,尼崎市,立花町１丁目,2023[sanitize]08[sanitize]02,08,道路上,その他,20歳代,その他,施錠せず
窃盗,自転車盗,尼崎北,立花駅前,282022,兵庫県,尼崎市,立花町１丁目,2023[sanitize]08[sanitize]10,18,その他,駐車（輪）場,20歳代,大学生,施錠した
窃盗,自転車盗,尼崎北,立花駅前,282022,兵庫県,尼崎市,立花町１丁目,2023[sanitize]08[sanitize]11,10,その他,駐車（輪）場,70歳以上,その他,施錠せず
窃盗,自転車盗,尼崎北,立花駅前,282022,兵庫県,尼崎市,立花町１丁目,2023[sanitize]08[sanitize]28,17,駐車（輪）場,駐車（輪）場,10歳代,高校生,施錠せず
窃盗,自転車盗,尼崎北,立花駅前,282022,兵庫県,尼崎市,立花町１丁目,2023[sanitize]09[sanitize]01,14,その他,駐車（輪）場,20歳代,大学生,施錠せず
窃盗,自転車盗,尼崎北,立花駅前,282022,兵庫県,尼崎市,立花町１丁目,2023[sanitize]09[sanitize]16,11,その他,駐車（輪）場,20歳代,その他,施錠した
窃盗,自転車盗,尼崎北,立花駅前,282022,兵庫県,尼崎市,立花町１丁目,2023[sanitize]09[sanitize]17,18,その他,駐車（輪）場,10歳代,高校生,施錠せず
窃盗,自転車盗,尼崎北,立花駅前,282022,兵庫県,尼崎市,立花町１丁目,2023[sanitize]10[sanitize]12,07,道路上,その他,20歳代,その他,施錠した
窃盗,自転車盗,尼崎北,立花駅前,282022,兵庫県,尼崎市,立花町１丁目,2023[sanitize]10[sanitize]16,15,その他,駐車（輪）場,10歳代,高校生,施錠せず
窃盗,自転車盗,尼崎北,立花駅前,282022,兵庫県,尼崎市,立花町１丁目,2023[sanitize]10[sanitize]24,19,道路上,その他,20歳代,大学生,施錠せず
窃盗,自転車盗,尼崎北,立花駅前,282022,兵庫県,尼崎市,立花町１丁目,2023[sanitize]10[sanitize]25,00,その他,駐車（輪）場,20歳代,その他,施錠せず
窃盗,自転車盗,尼崎北,立花駅前,282022,兵庫県,尼崎市,立花町１丁目,2023[sanitize]11[sanitize]07,08,道路上,その他,10歳代,高校生,施錠した
窃盗,自転車盗,尼崎北,立花駅前,282022,兵庫県,尼崎市,立花町１丁目,2023[sanitize]11[sanitize]11,16,道路上,その他,20歳代,その他,施錠した
窃盗,自転車盗,尼崎北,立花駅前,282022,兵庫県,尼崎市,立花町１丁目,2023[sanitize]11[sanitize]17,17,その他,駐車（輪）場,60[sanitize]64歳,その他,施錠せず
窃盗,自転車盗,尼崎北,立花駅前,282022,兵庫県,尼崎市,立花町１丁目,2023[sanitize]11[sanitize]18,18,道路上,その他,70歳以上,その他,施錠せず
窃盗,自転車盗,尼崎北,立花駅前,282022,兵庫県,尼崎市,立花町１丁目,2023[sanitize]11[sanitize]20,21,その他,駐車（輪）場,10歳代,高校生,施錠せず
窃盗,自転車盗,尼崎北,立花駅前,282022,兵庫県,尼崎市,立花町１丁目,2023[sanitize]11[sanitize]23,08,その他,駐車（輪）場,20歳代,大学生,施錠した
窃盗,自転車盗,尼崎北,立花駅前,282022,兵庫県,尼崎市,立花町１丁目,2023[sanitize]12[sanitize]07,08,道路上,その他,30歳代,その他,施錠した
窃盗,自転車盗,尼崎北,立花駅前,282022,兵庫県,尼崎市,立花町１丁目,2023[sanitize]12[sanitize]09,22,その他,その他,30歳代,その他,施錠せず
窃盗,自転車盗,尼崎北,立花駅前,282022,兵庫県,尼崎市,立花町１丁目,2023[sanitize]12[sanitize]11,09,その他,駐車（輪）場,20歳代,その他,施錠した
窃盗,自転車盗,尼崎北,立花駅前,282022,兵庫県,尼崎市,立花町１丁目,2023[sanitize]12[sanitize]15,18,その他,駐車（輪）場,10歳代,高校生,施錠せず
窃盗,自転車盗,尼崎北,立花駅前,282022,兵庫県,尼崎市,立花町１丁目,2023[sanitize]12[sanitize]16,08,その他,駐車（輪）場,40歳代,その他,施錠せず
窃盗,自転車盗,尼崎北,立花駅前,282022,兵庫県,尼崎市,立花町１丁目,2023[sanitize]12[sanitize]19,14,道路上,その他,70歳以上,その他,施錠した
窃盗,自転車盗,尼崎北,立花駅前,282022,兵庫県,尼崎市,立花町１丁目,2023[sanitize]12[sanitize]27,14,その他,駐車（輪）場,30歳代,その他,施錠した
窃盗,自転車盗,尼崎北,立花駅前,282022,兵庫県,尼崎市,立花町２丁目,2021[sanitize]11[sanitize]20,18,その他の住宅（３階建て以下共同住宅等）,駐車（輪）場,20歳代,その他,施錠した
窃盗,自転車盗,尼崎北,立花駅前,282022,兵庫県,尼崎市,立花町２丁目,2023[sanitize]05[sanitize]06,09,道路上,その他,60[sanitize]64歳,その他,施錠せず
窃盗,自転車盗,尼崎北,立花駅前,282022,兵庫県,尼崎市,立花町２丁目,2023[sanitize]06[sanitize]22,22,道路上,その他,60[sanitize]64歳,その他,施錠した
窃盗,自転車盗,尼崎北,立花駅前,282022,兵庫県,尼崎市,立花町２丁目,2023[sanitize]07[sanitize]01,22,４階建て以上共同住宅,駐車（輪）場,10歳代,大学生,施錠せず
窃盗,自転車盗,尼崎北,立花駅前,282022,兵庫県,尼崎市,立花町２丁目,2023[sanitize]10[sanitize]11,23,道路上,その他,60[sanitize]64歳,その他,施錠した
窃盗,自転車盗,尼崎北,立花駅前,282022,兵庫県,尼崎市,立花町２丁目,2023[sanitize]11[sanitize]04,08,４階建て以上共同住宅,駐車（輪）場,50歳代,その他,施錠せず
窃盗,自転車盗,尼崎北,立花駅前,282022,兵庫県,尼崎市,立花町２丁目,2023[sanitize]11[sanitize]27,05,その他,駐車（輪）場,50歳代,その他,施錠した
窃盗,自転車盗,尼崎北,立花駅前,282022,兵庫県,尼崎市,立花町４丁目,2023[sanitize]01[sanitize]20,18,その他の住宅（３階建て以下共同住宅等）,駐車（輪）場,20歳代,その他,施錠せず
窃盗,自転車盗,尼崎北,立花駅前,282022,兵庫県,尼崎市,立花町４丁目,2023[sanitize]03[sanitize]12,20,道路上,その他,10歳代,大学生,施錠せず
窃盗,自転車盗,尼崎北,立花駅前,282022,兵庫県,尼崎市,立花町４丁目,2023[sanitize]04[sanitize]01,00,道路上,その他,20歳代,その他,施錠せず
窃盗,自転車盗,尼崎北,立花駅前,282022,兵庫県,尼崎市,立花町４丁目,2023[sanitize]04[sanitize]19,15,一戸建住宅,その他,70歳以上,その他,施錠せず
窃盗,自転車盗,尼崎北,立花駅前,282022,兵庫県,尼崎市,立花町４丁目,2023[sanitize]07[sanitize]08,21,道路上,その他,30歳代,その他,施錠せず
窃盗,自転車盗,尼崎北,立花駅前,282022,兵庫県,尼崎市,立花町４丁目,2023[sanitize]07[sanitize]12,04,道路上,その他,60[sanitize]64歳,その他,施錠せず
窃盗,自転車盗,尼崎北,立花駅前,282022,兵庫県,尼崎市,立花町４丁目,2023[sanitize]07[sanitize]18,13,その他,駐車（輪）場,50歳代,その他,施錠せず
窃盗,自転車盗,尼崎北,立花駅前,282022,兵庫県,尼崎市,立花町４丁目,2023[sanitize]07[sanitize]23,23,その他の住宅（３階建て以下共同住宅等）,駐車（輪）場,20歳代,その他,施錠した
窃盗,自転車盗,尼崎北,立花駅前,282022,兵庫県,尼崎市,立花町４丁目,2023[sanitize]09[sanitize]16,21,その他,駐車（輪）場,30歳代,その他,施錠した
窃盗,自転車盗,尼崎北,立花駅前,282022,兵庫県,尼崎市,立花町４丁目,2023[sanitize]10[sanitize]13,05,その他,駐車（輪）場,50歳代,その他,施錠した
窃盗,自転車盗,尼崎北,立花駅前,282022,兵庫県,尼崎市,立花町４丁目,2023[sanitize]10[sanitize]13,18,その他,駐車（輪）場,20歳代,その他,施錠した
窃盗,自転車盗,尼崎北,立花駅前,282022,兵庫県,尼崎市,立花町４丁目,2023[sanitize]10[sanitize]19,16,その他,駐車（輪）場,10歳代,高校生,施錠せず
窃盗,自転車盗,尼崎北,立花駅前,282022,兵庫県,尼崎市,立花町４丁目,2023[sanitize]10[sanitize]29,18,道路上,その他,30歳代,その他,施錠した
窃盗,自転車盗,尼崎北,立花駅前,282022,兵庫県,尼崎市,立花町４丁目,2023[sanitize]11[sanitize]08,15,４階建て以上共同住宅,駐車（輪）場,20歳代,その他,施錠した
窃盗,自転車盗,尼崎北,立花駅前,282022,兵庫県,尼崎市,立花町４丁目,2023[sanitize]12[sanitize]12,20,その他の住宅（３階建て以下共同住宅等）,駐車（輪）場,30歳代,その他,施錠せず
窃盗,自転車盗,尼崎北,立花駅前,282022,兵庫県,尼崎市,立花町４丁目,2023[sanitize]12[sanitize]16,22,道路上,その他,20歳代,その他,施錠した
窃盗,自転車盗,尼崎北,立花駅前,282022,兵庫県,尼崎市,水堂町１丁目,2022[sanitize]03[sanitize]21,00,４階建て以上共同住宅,その他,30歳代,その他,施錠せず
窃盗,自転車盗,尼崎北,立花駅前,282022,兵庫県,尼崎市,水堂町１丁目,2023[sanitize]02[sanitize]11,23,道路上,その他,70歳以上,その他,施錠せず
窃盗,自転車盗,尼崎北,立花駅前,282022,兵庫県,尼崎市,水堂町１丁目,2023[sanitize]05[sanitize]07,17,一戸建住宅,駐車（輪）場,10歳代,大学生,施錠した
窃盗,自転車盗,尼崎北,立花駅前,282022,兵庫県,尼崎市,水堂町１丁目,2023[sanitize]06[sanitize]27,08,その他の住宅（３階建て以下共同住宅等）,駐車（輪）場,20歳代,その他,施錠せず
窃盗,自転車盗,尼崎北,立花駅前,282022,兵庫県,尼崎市,水堂町１丁目,2023[sanitize]09[sanitize]01,21,道路上,その他,10歳代,中学生,施錠せず
窃盗,自転車盗,尼崎北,立花駅前,282022,兵庫県,尼崎市,水堂町１丁目,2023[sanitize]10[sanitize]12,16,その他,駐車（輪）場,40歳代,その他,施錠せず
窃盗,自転車盗,尼崎北,立花駅前,282022,兵庫県,尼崎市,水堂町２丁目,2023[sanitize]02[sanitize]04,16,一戸建住宅,駐車（輪）場,10歳代,中学生,施錠せず
窃盗,自転車盗,尼崎北,立花駅前,282022,兵庫県,尼崎市,水堂町２丁目,2023[sanitize]03[sanitize]25,13,その他の住宅（３階建て以下共同住宅等）,駐車（輪）場,10歳代,高校生,施錠せず
窃盗,自転車盗,尼崎北,立花駅前,282022,兵庫県,尼崎市,水堂町２丁目,2023[sanitize]04[sanitize]20,10,道路上,その他,60[sanitize]64歳,その他,施錠せず
窃盗,自転車盗,尼崎北,立花駅前,282022,兵庫県,尼崎市,水堂町２丁目,2023[sanitize]06[sanitize]16,16,４階建て以上共同住宅,駐車（輪）場,20歳代,その他,施錠せず
窃盗,自転車盗,尼崎北,立花駅前,282022,兵庫県,尼崎市,水堂町２丁目,2023[sanitize]07[sanitize]12,21,その他の住宅（３階建て以下共同住宅等）,駐車（輪）場,20歳代,その他,施錠せず
窃盗,自転車盗,尼崎北,立花駅前,282022,兵庫県,尼崎市,水堂町３丁目,2023[sanitize]01[sanitize]02,18,４階建て以上共同住宅,駐車（輪）場,40歳代,その他,施錠した
窃盗,自転車盗,尼崎北,立花駅前,282022,兵庫県,尼崎市,水堂町３丁目,2023[sanitize]02[sanitize]20,11,その他,駐車（輪）場,10歳代,高校生,施錠せず
窃盗,自転車盗,尼崎北,立花駅前,282022,兵庫県,尼崎市,水堂町３丁目,2023[sanitize]10[sanitize]15,17,４階建て以上共同住宅,駐車（輪）場,70歳以上,その他,施錠せず
窃盗,自転車盗,尼崎北,立花駅前,282022,兵庫県,尼崎市,水堂町３丁目,2023[sanitize]12[sanitize]03,20,駐車（輪）場,駐車（輪）場,40歳代,その他,施錠せず
窃盗,自転車盗,尼崎北,立花駅前,282022,兵庫県,尼崎市,南武庫之荘２丁目,2023[sanitize]03[sanitize]03,18,４階建て以上共同住宅,駐車（輪）場,40歳代,その他,施錠せず
窃盗,自転車盗,尼崎北,立花駅前,282022,兵庫県,尼崎市,南武庫之荘２丁目,2023[sanitize]06[sanitize]25,19,その他の住宅（３階建て以下共同住宅等）,駐車（輪）場,50歳代,その他,施錠した
窃盗,自転車盗,尼崎北,立花駅前,282022,兵庫県,尼崎市,南武庫之荘２丁目,2023[sanitize]07[sanitize]22,17,４階建て以上共同住宅,駐車（輪）場,20歳代,その他,施錠せず
窃盗,自転車盗,尼崎北,立花駅前,282022,兵庫県,尼崎市,南武庫之荘２丁目,2023[sanitize]07[sanitize]25,18,４階建て以上共同住宅,駐車（輪）場,10歳代,高校生,施錠した
窃盗,自転車盗,尼崎北,立花駅前,282022,兵庫県,尼崎市,南武庫之荘２丁目,2023[sanitize]07[sanitize]28,16,その他の住宅（３階建て以下共同住宅等）,駐車（輪）場,20歳代,大学生,施錠せず
窃盗,自転車盗,尼崎北,立花駅前,282022,兵庫県,尼崎市,南武庫之荘２丁目,2023[sanitize]08[sanitize]10,22,４階建て以上共同住宅,駐車（輪）場,40歳代,その他,施錠した
窃盗,自転車盗,尼崎北,立花駅前,282022,兵庫県,尼崎市,南武庫之荘２丁目,2023[sanitize]08[sanitize]11,21,その他,駐車（輪）場,20歳代,大学生,施錠せず
窃盗,自転車盗,尼崎北,立花駅前,282022,兵庫県,尼崎市,南武庫之荘２丁目,2023[sanitize]10[sanitize]29,19,４階建て以上共同住宅,その他,50歳代,その他,施錠せず
窃盗,自転車盗,尼崎北,立花駅前,282022,兵庫県,尼崎市,南武庫之荘２丁目,2023[sanitize]10[sanitize]31,18,４階建て以上共同住宅,駐車（輪）場,70歳以上,その他,施錠した
窃盗,自転車盗,尼崎北,立花駅前,282022,兵庫県,尼崎市,南武庫之荘３丁目,2023[sanitize]01[sanitize]01,14,道路上,その他,30歳代,その他,施錠せず
窃盗,自転車盗,尼崎北,立花駅前,282022,兵庫県,尼崎市,南武庫之荘３丁目,2023[sanitize]03[sanitize]11,23,４階建て以上共同住宅,駐車（輪）場,40歳代,その他,施錠した
窃盗,自転車盗,尼崎北,立花駅前,282022,兵庫県,尼崎市,南武庫之荘３丁目,2023[sanitize]03[sanitize]16,19,４階建て以上共同住宅,その他,30歳代,その他,施錠せず
窃盗,自転車盗,尼崎北,立花駅前,282022,兵庫県,尼崎市,南武庫之荘３丁目,2023[sanitize]04[sanitize]11,14,４階建て以上共同住宅,その他,30歳代,その他,施錠せず
窃盗,自転車盗,尼崎北,立花駅前,282022,兵庫県,尼崎市,南武庫之荘３丁目,2023[sanitize]04[sanitize]16,10,道路上,その他,20歳代,大学生,施錠せず
窃盗,自転車盗,尼崎北,立花駅前,282022,兵庫県,尼崎市,南武庫之荘３丁目,2023[sanitize]05[sanitize]05,19,４階建て以上共同住宅,駐車（輪）場,30歳代,その他,施錠せず
窃盗,自転車盗,尼崎北,立花駅前,282022,兵庫県,尼崎市,南武庫之荘３丁目,2023[sanitize]05[sanitize]09,21,その他,駐車（輪）場,10歳代,高校生,施錠せず
窃盗,自転車盗,尼崎北,立花駅前,282022,兵庫県,尼崎市,南武庫之荘３丁目,2023[sanitize]05[sanitize]11,14,その他,その他,50歳代,その他,施錠せず
窃盗,自転車盗,尼崎北,立花駅前,282022,兵庫県,尼崎市,南武庫之荘３丁目,2023[sanitize]05[sanitize]27,20,その他の住宅（３階建て以下共同住宅等）,駐車（輪）場,30歳代,その他,施錠せず
窃盗,自転車盗,尼崎北,立花駅前,282022,兵庫県,尼崎市,南武庫之荘３丁目,2023[sanitize]06[sanitize]07,08,その他,駐車（輪）場,30歳代,その他,施錠した
窃盗,自転車盗,尼崎北,立花駅前,282022,兵庫県,尼崎市,南武庫之荘３丁目,2023[sanitize]08[sanitize]01,12,４階建て以上共同住宅,駐車（輪）場,70歳以上,その他,施錠せず
窃盗,自転車盗,尼崎北,立花駅前,282022,兵庫県,尼崎市,南武庫之荘３丁目,2023[sanitize]08[sanitize]19,18,４階建て以上共同住宅,駐車（輪）場,40歳代,その他,施錠せず
窃盗,自転車盗,尼崎北,立花駅前,282022,兵庫県,尼崎市,南武庫之荘３丁目,2023[sanitize]08[sanitize]24,20,その他,その他,10歳代,高校生,施錠せず
窃盗,自転車盗,尼崎北,西昆陽,282022,兵庫県,尼崎市,西昆陽１丁目,2023[sanitize]12[sanitize]14,17,その他,駐車（輪）場,10歳代,高校生,施錠せず
窃盗,自転車盗,尼崎北,西昆陽,282022,兵庫県,尼崎市,西昆陽２丁目,2023[sanitize]06[sanitize]24,18,４階建て以上共同住宅,駐車（輪）場,70歳以上,その他,施錠せず
窃盗,自転車盗,尼崎北,西昆陽,282022,兵庫県,尼崎市,西昆陽２丁目,2023[sanitize]06[sanitize]28,14,駐車（輪）場,駐車（輪）場,20歳代,その他,施錠せず
窃盗,自転車盗,尼崎北,西昆陽,282022,兵庫県,尼崎市,西昆陽２丁目,2023[sanitize]12[sanitize]11,16,４階建て以上共同住宅,その他,10歳代,高校生,施錠せず
窃盗,自転車盗,尼崎北,西昆陽,282022,兵庫県,尼崎市,西昆陽２丁目,2023[sanitize]12[sanitize]16,17,その他,駐車（輪）場,70歳以上,その他,施錠した
窃盗,自転車盗,尼崎北,西昆陽,282022,兵庫県,尼崎市,西昆陽３丁目,2023[sanitize]04[sanitize]01,23,４階建て以上共同住宅,駐車（輪）場,50歳代,その他,施錠した
窃盗,自転車盗,尼崎北,西昆陽,282022,兵庫県,尼崎市,武庫之荘８丁目,2023[sanitize]01[sanitize]27,14,４階建て以上共同住宅,駐車（輪）場,10歳代,大学生,施錠した
窃盗,自転車盗,尼崎北,西昆陽,282022,兵庫県,尼崎市,武庫之荘８丁目,2023[sanitize]02[sanitize]17,14,４階建て以上共同住宅,その他,10歳代,大学生,施錠した
窃盗,自転車盗,尼崎北,西昆陽,282022,兵庫県,尼崎市,武庫之荘８丁目,2023[sanitize]08[sanitize]13,09,４階建て以上共同住宅,駐車（輪）場,70歳以上,その他,施錠した
窃盗,自転車盗,尼崎北,西昆陽,282022,兵庫県,尼崎市,武庫之荘８丁目,2023[sanitize]10[sanitize]11,19,４階建て以上共同住宅,駐車（輪）場,70歳以上,その他,施錠せず
窃盗,自転車盗,尼崎北,西昆陽,282022,兵庫県,尼崎市,武庫之荘９丁目,2023[sanitize]05[sanitize]28,20,４階建て以上共同住宅,駐車（輪）場,10歳代,高校生,施錠せず
窃盗,自転車盗,尼崎北,西昆陽,282022,兵庫県,尼崎市,武庫之荘９丁目,2023[sanitize]06[sanitize]13,16,４階建て以上共同住宅,駐車（輪）場,70歳以上,その他,施錠せず
窃盗,自転車盗,尼崎北,西昆陽,282022,兵庫県,尼崎市,武庫之荘９丁目,2023[sanitize]08[sanitize]17,07,４階建て以上共同住宅,駐車（輪）場,10歳代,高校生,施錠せず
窃盗,自転車盗,尼崎北,西昆陽,282022,兵庫県,尼崎市,武庫之荘９丁目,2023[sanitize]09[sanitize]18,21,４階建て以上共同住宅,駐車（輪）場,10歳代,高校生,施錠した
窃盗,自転車盗,尼崎北,西武庫,282022,兵庫県,尼崎市,常松１丁目,2023[sanitize]02[sanitize]04,21,４階建て以上共同住宅,駐車（輪）場,10歳代,中学生,施錠せず
窃盗,自転車盗,尼崎北,西武庫,282022,兵庫県,尼崎市,常松１丁目,2023[sanitize]02[sanitize]12,23,４階建て以上共同住宅,駐車（輪）場,10歳代,大学生,施錠した
窃盗,自転車盗,尼崎北,西武庫,282022,兵庫県,尼崎市,常松１丁目,2023[sanitize]04[sanitize]25,23,４階建て以上共同住宅,駐車（輪）場,10歳代,大学生,施錠した
窃盗,自転車盗,尼崎北,西武庫,282022,兵庫県,尼崎市,常松１丁目,2023[sanitize]06[sanitize]02,18,道路上,その他,10歳代,高校生,施錠した
窃盗,自転車盗,尼崎北,西武庫,282022,兵庫県,尼崎市,常松１丁目,2023[sanitize]06[sanitize]03,22,一戸建住宅,駐車（輪）場,30歳代,その他,施錠せず
窃盗,自転車盗,尼崎北,西武庫,282022,兵庫県,尼崎市,常松１丁目,2023[sanitize]06[sanitize]30,08,４階建て以上共同住宅,駐車（輪）場,40歳代,その他,施錠した
窃盗,自転車盗,尼崎北,西武庫,282022,兵庫県,尼崎市,常松１丁目,2023[sanitize]07[sanitize]06,12,一戸建住宅,駐車（輪）場,10歳代,高校生,施錠せず
窃盗,自転車盗,尼崎北,西武庫,282022,兵庫県,尼崎市,常松１丁目,2023[sanitize]07[sanitize]21,17,４階建て以上共同住宅,駐車（輪）場,60[sanitize]64歳,その他,施錠した
窃盗,自転車盗,尼崎北,西武庫,282022,兵庫県,尼崎市,常吉１丁目,2022[sanitize]12[sanitize]25,22,４階建て以上共同住宅,駐車（輪）場,10歳代,中学生,施錠せず
窃盗,自転車盗,尼崎北,西武庫,282022,兵庫県,尼崎市,常吉１丁目,2023[sanitize]04[sanitize]16,19,４階建て以上共同住宅,駐車（輪）場,20歳代,その他,施錠せず
窃盗,自転車盗,尼崎北,西武庫,282022,兵庫県,尼崎市,常吉１丁目,2023[sanitize]06[sanitize]07,18,一戸建住宅,その他,40歳代,その他,施錠した
窃盗,自転車盗,尼崎北,西武庫,282022,兵庫県,尼崎市,常吉１丁目,2023[sanitize]07[sanitize]10,19,一戸建住宅,駐車（輪）場,20歳代,大学生,施錠せず
窃盗,自転車盗,尼崎北,西武庫,282022,兵庫県,尼崎市,常吉１丁目,2023[sanitize]08[sanitize]24,13,一戸建住宅,駐車（輪）場,30歳代,その他,施錠せず
窃盗,自転車盗,尼崎北,西武庫,282022,兵庫県,尼崎市,常吉１丁目,2023[sanitize]10[sanitize]07,21,一戸建住宅,駐車（輪）場,10歳未満,小学生,施錠せず
窃盗,自転車盗,尼崎北,西武庫,282022,兵庫県,尼崎市,常吉２丁目,2023[sanitize]04[sanitize]07,19,その他の住宅（３階建て以下共同住宅等）,駐車（輪）場,40歳代,その他,施錠せず
窃盗,自転車盗,尼崎北,西武庫,282022,兵庫県,尼崎市,武庫町１丁目,2023[sanitize]05[sanitize]12,11,その他の住宅（３階建て以下共同住宅等）,駐車（輪）場,20歳代,大学生,施錠した
窃盗,自転車盗,尼崎北,西武庫,282022,兵庫県,尼崎市,武庫町１丁目,2023[sanitize]12[sanitize]27,19,一戸建住宅,駐車（輪）場,10歳代,中学生,施錠せず
窃盗,自転車盗,尼崎北,西武庫,282022,兵庫県,尼崎市,武庫町２丁目,2023[sanitize]05[sanitize]17,11,４階建て以上共同住宅,駐車（輪）場,50歳代,その他,施錠した
窃盗,自転車盗,尼崎北,西武庫,282022,兵庫県,尼崎市,武庫町２丁目,2023[sanitize]08[sanitize]26,14,道路上,その他,50歳代,その他,施錠せず
窃盗,自転車盗,尼崎北,西武庫,282022,兵庫県,尼崎市,武庫町４丁目,2023[sanitize]08[sanitize]13,20,一戸建住宅,駐車（輪）場,20歳代,その他,施錠せず
窃盗,自転車盗,尼崎北,西武庫,282022,兵庫県,尼崎市,武庫元町１丁目,2023[sanitize]02[sanitize]23,17,その他の住宅（３階建て以下共同住宅等）,駐車（輪）場,20歳代,その他,施錠した
窃盗,自転車盗,尼崎北,西武庫,282022,兵庫県,尼崎市,武庫元町１丁目,2023[sanitize]04[sanitize]15,18,道路上,その他,40歳代,その他,施錠せず
窃盗,自転車盗,尼崎北,西武庫,282022,兵庫県,尼崎市,武庫元町１丁目,2023[sanitize]11[sanitize]14,13,その他,駐車（輪）場,40歳代,その他,施錠せず
窃盗,自転車盗,尼崎北,西武庫,282022,兵庫県,尼崎市,武庫元町２丁目,2023[sanitize]02[sanitize]01,16,その他の住宅（３階建て以下共同住宅等）,駐車（輪）場,10歳代,中学生,施錠せず
窃盗,自転車盗,尼崎北,西武庫,282022,兵庫県,尼崎市,武庫元町２丁目,2023[sanitize]02[sanitize]28,09,道路上,その他,10歳代,中学生,施錠せず
窃盗,自転車盗,尼崎北,西武庫,282022,兵庫県,尼崎市,武庫元町２丁目,2023[sanitize]03[sanitize]13,03,道路上,その他,50歳代,その他,施錠した
窃盗,自転車盗,尼崎北,西武庫,282022,兵庫県,尼崎市,武庫元町２丁目,2023[sanitize]12[sanitize]27,13,道路上,その他,50歳代,その他,施錠せず
窃盗,自転車盗,尼崎北,西武庫,282022,兵庫県,尼崎市,武庫元町３丁目,2023[sanitize]11[sanitize]29,05,その他,その他,10歳代,中学生,施錠せず
窃盗,自転車盗,尼崎北,西武庫,282022,兵庫県,尼崎市,武庫元町３丁目,2023[sanitize]12[sanitize]27,03,その他の住宅（３階建て以下共同住宅等）,駐車（輪）場,30歳代,その他,施錠せず
窃盗,自転車盗,尼崎北,西武庫,282022,兵庫県,尼崎市,武庫豊町２丁目,2023[sanitize]11[sanitize]02,18,４階建て以上共同住宅,駐車（輪）場,50歳代,その他,施錠せず
窃盗,自転車盗,尼崎北,西武庫,282022,兵庫県,尼崎市,武庫豊町３丁目,2023[sanitize]01[sanitize]27,16,４階建て以上共同住宅,駐車（輪）場,10歳代,高校生,施錠せず
窃盗,自転車盗,尼崎北,西武庫,282022,兵庫県,尼崎市,武庫豊町３丁目,2023[sanitize]09[sanitize]04,17,４階建て以上共同住宅,駐車（輪）場,30歳代,その他,施錠した
窃盗,自転車盗,尼崎北,西武庫,282022,兵庫県,尼崎市,武庫の里１丁目,2023[sanitize]03[sanitize]13,13,その他,駐車（輪）場,10歳代,高校生,施錠せず
窃盗,自転車盗,尼崎北,西武庫,282022,兵庫県,尼崎市,武庫の里１丁目,2023[sanitize]08[sanitize]01,13,一戸建住宅,駐車（輪）場,30歳代,その他,施錠せず
窃盗,自転車盗,尼崎北,西武庫,282022,兵庫県,尼崎市,武庫の里１丁目,2023[sanitize]08[sanitize]08,17,一戸建住宅,その他,30歳代,その他,施錠せず
窃盗,自転車盗,尼崎北,西武庫,282022,兵庫県,尼崎市,武庫の里１丁目,2023[sanitize]11[sanitize]06,23,一戸建住宅,駐車（輪）場,20歳代,その他,施錠せず
窃盗,自転車盗,尼崎北,阪急塚口駅前,282022,兵庫県,尼崎市,塚口町１丁目,2023[sanitize]05[sanitize]19,08,一戸建住宅,駐車（輪）場,10歳代,その他,施錠した
窃盗,自転車盗,尼崎北,阪急塚口駅前,282022,兵庫県,尼崎市,南塚口町１丁目,2022[sanitize]12[sanitize]20,09,その他,駐車（輪）場,20歳代,その他,施錠した
窃盗,自転車盗,尼崎北,阪急塚口駅前,282022,兵庫県,尼崎市,南塚口町１丁目,2022[sanitize]12[sanitize]30,21,道路上,その他,20歳代,その他,施錠せず
窃盗,自転車盗,尼崎北,阪急塚口駅前,282022,兵庫県,尼崎市,南塚口町１丁目,2023[sanitize]01[sanitize]10,10,その他,駐車（輪）場,20歳代,大学生,施錠した
窃盗,自転車盗,尼崎北,阪急塚口駅前,282022,兵庫県,尼崎市,南塚口町１丁目,2023[sanitize]04[sanitize]01,09,その他,駐車（輪）場,40歳代,その他,施錠した
窃盗,自転車盗,尼崎北,阪急塚口駅前,282022,兵庫県,尼崎市,南塚口町１丁目,2023[sanitize]04[sanitize]01,19,その他,駐車（輪）場,70歳以上,その他,施錠せず
窃盗,自転車盗,尼崎北,阪急塚口駅前,282022,兵庫県,尼崎市,南塚口町１丁目,2023[sanitize]04[sanitize]11,19,道路上,その他,20歳代,大学生,施錠した
窃盗,自転車盗,尼崎北,阪急塚口駅前,282022,兵庫県,尼崎市,南塚口町１丁目,2023[sanitize]04[sanitize]23,22,道路上,その他,40歳代,その他,施錠せず
窃盗,自転車盗,尼崎北,阪急塚口駅前,282022,兵庫県,尼崎市,南塚口町１丁目,2023[sanitize]08[sanitize]04,10,道路上,その他,10歳代,中学生,施錠せず
窃盗,自転車盗,尼崎北,阪急塚口駅前,282022,兵庫県,尼崎市,南塚口町１丁目,2023[sanitize]08[sanitize]07,07,その他の住宅（３階建て以下共同住宅等）,駐車（輪）場,30歳代,その他,施錠せず
窃盗,自転車盗,尼崎北,阪急塚口駅前,282022,兵庫県,尼崎市,南塚口町１丁目,2023[sanitize]09[sanitize]06,06,その他,駐車（輪）場,30歳代,その他,施錠した
窃盗,自転車盗,尼崎北,阪急塚口駅前,282022,兵庫県,尼崎市,南塚口町１丁目,2023[sanitize]09[sanitize]20,20,駐車（輪）場,駐車（輪）場,20歳代,その他,施錠せず
窃盗,自転車盗,尼崎北,阪急塚口駅前,282022,兵庫県,尼崎市,南塚口町１丁目,2023[sanitize]09[sanitize]28,20,その他,駐車（輪）場,70歳以上,その他,施錠せず
窃盗,自転車盗,尼崎北,阪急塚口駅前,282022,兵庫県,尼崎市,南塚口町１丁目,2023[sanitize]10[sanitize]04,17,４階建て以上共同住宅,駐車（輪）場,20歳代,その他,施錠せず
窃盗,自転車盗,尼崎北,阪急塚口駅前,282022,兵庫県,尼崎市,南塚口町１丁目,2023[sanitize]10[sanitize]19,22,その他,駐車（輪）場,30歳代,その他,施錠した
窃盗,自転車盗,尼崎北,阪急塚口駅前,282022,兵庫県,尼崎市,南塚口町１丁目,2023[sanitize]10[sanitize]25,19,その他,駐車（輪）場,40歳代,その他,施錠せず
窃盗,自転車盗,尼崎北,阪急塚口駅前,282022,兵庫県,尼崎市,南塚口町１丁目,2023[sanitize]11[sanitize]24,10,その他,駐車（輪）場,70歳以上,その他,施錠せず
窃盗,自転車盗,尼崎北,阪急塚口駅前,282022,兵庫県,尼崎市,南塚口町１丁目,2023[sanitize]12[sanitize]04,18,その他,駐車（輪）場,40歳代,その他,施錠した
窃盗,自転車盗,尼崎北,阪急塚口駅前,282022,兵庫県,尼崎市,南塚口町１丁目,2023[sanitize]12[sanitize]15,18,その他,駐車（輪）場,20歳代,その他,施錠せず
窃盗,自転車盗,尼崎北,阪急塚口駅前,282022,兵庫県,尼崎市,南塚口町１丁目,2023[sanitize]12[sanitize]22,19,その他,駐車（輪）場,50歳代,その他,施錠した
窃盗,自転車盗,尼崎北,阪急塚口駅前,282022,兵庫県,尼崎市,南塚口町２丁目,2020[sanitize]01[sanitize]01,00,道路上,その他,30歳代,その他,施錠せず
窃盗,自転車盗,尼崎北,阪急塚口駅前,282022,兵庫県,尼崎市,南塚口町２丁目,2022[sanitize]12[sanitize]28,21,その他,駐車（輪）場,10歳代,大学生,施錠せず
窃盗,自転車盗,尼崎北,阪急塚口駅前,282022,兵庫県,尼崎市,南塚口町２丁目,2023[sanitize]02[sanitize]02,20,その他,駐車（輪）場,20歳代,その他,施錠せず
窃盗,自転車盗,尼崎北,阪急塚口駅前,282022,兵庫県,尼崎市,南塚口町２丁目,2023[sanitize]02[sanitize]02,20,その他,駐車（輪）場,30歳代,その他,施錠せず
窃盗,自転車盗,尼崎北,阪急塚口駅前,282022,兵庫県,尼崎市,南塚口町２丁目,2023[sanitize]02[sanitize]02,21,その他,駐車（輪）場,10歳代,中学生,施錠せず
窃盗,自転車盗,尼崎北,阪急塚口駅前,282022,兵庫県,尼崎市,南塚口町２丁目,2023[sanitize]02[sanitize]03,17,４階建て以上共同住宅,駐車（輪）場,10歳代,小学生,施錠せず
窃盗,自転車盗,尼崎北,阪急塚口駅前,282022,兵庫県,尼崎市,南塚口町２丁目,2023[sanitize]05[sanitize]15,01,その他,駐車（輪）場,10歳代,その他,施錠せず
窃盗,自転車盗,尼崎北,阪急塚口駅前,282022,兵庫県,尼崎市,南塚口町２丁目,2023[sanitize]05[sanitize]31,17,その他,駐車（輪）場,10歳代,高校生,施錠せず
窃盗,自転車盗,尼崎北,阪急塚口駅前,282022,兵庫県,尼崎市,南塚口町２丁目,2023[sanitize]06[sanitize]15,18,その他の住宅（３階建て以下共同住宅等）,駐車（輪）場,20歳代,その他,施錠せず
窃盗,自転車盗,尼崎北,阪急塚口駅前,282022,兵庫県,尼崎市,南塚口町２丁目,2023[sanitize]06[sanitize]15,22,道路上,その他,20歳代,その他,施錠せず
窃盗,自転車盗,尼崎北,阪急塚口駅前,282022,兵庫県,尼崎市,南塚口町２丁目,2023[sanitize]07[sanitize]24,17,道路上,その他,70歳以上,その他,施錠せず
窃盗,自転車盗,尼崎北,阪急塚口駅前,282022,兵庫県,尼崎市,南塚口町２丁目,2023[sanitize]08[sanitize]05,06,その他,駐車（輪）場,10歳代,大学生,施錠せず
窃盗,自転車盗,尼崎北,阪急塚口駅前,282022,兵庫県,尼崎市,南塚口町２丁目,2023[sanitize]08[sanitize]12,09,駐車（輪）場,駐車（輪）場,65[sanitize]69歳,その他,施錠した
窃盗,自転車盗,尼崎北,阪急塚口駅前,282022,兵庫県,尼崎市,南塚口町２丁目,2023[sanitize]08[sanitize]14,22,４階建て以上共同住宅,駐車（輪）場,20歳代,大学生,施錠せず
窃盗,自転車盗,尼崎北,阪急塚口駅前,282022,兵庫県,尼崎市,南塚口町２丁目,2023[sanitize]08[sanitize]19,16,その他,駐車（輪）場,10歳代,大学生,施錠せず
窃盗,自転車盗,尼崎北,阪急塚口駅前,282022,兵庫県,尼崎市,南塚口町２丁目,2023[sanitize]08[sanitize]20,08,その他,駐車（輪）場,10歳代,大学生,施錠せず
窃盗,自転車盗,尼崎北,阪急塚口駅前,282022,兵庫県,尼崎市,南塚口町２丁目,2023[sanitize]09[sanitize]15,19,その他,駐車（輪）場,20歳代,その他,施錠せず
窃盗,自転車盗,尼崎北,阪急塚口駅前,282022,兵庫県,尼崎市,南塚口町２丁目,2023[sanitize]09[sanitize]17,18,その他,駐車（輪）場,65[sanitize]69歳,その他,施錠せず
窃盗,自転車盗,尼崎北,阪急塚口駅前,282022,兵庫県,尼崎市,南塚口町２丁目,2023[sanitize]10[sanitize]26,23,その他,駐車（輪）場,20歳代,大学生,施錠せず
窃盗,自転車盗,尼崎北,阪急塚口駅前,282022,兵庫県,尼崎市,南塚口町３丁目,2022[sanitize]09[sanitize]18,17,４階建て以上共同住宅,駐車（輪）場,10歳代,中学生,施錠せず
窃盗,自転車盗,尼崎北,阪急塚口駅前,282022,兵庫県,尼崎市,南塚口町３丁目,2023[sanitize]02[sanitize]20,20,一戸建住宅,その他,10歳代,小学生,施錠せず
窃盗,自転車盗,尼崎北,阪急塚口駅前,282022,兵庫県,尼崎市,南塚口町３丁目,2023[sanitize]04[sanitize]29,19,一戸建住宅,駐車（輪）場,30歳代,その他,施錠した
窃盗,自転車盗,尼崎北,阪急塚口駅前,282022,兵庫県,尼崎市,南塚口町３丁目,2023[sanitize]05[sanitize]12,15,４階建て以上共同住宅,その他,50歳代,その他,施錠した
窃盗,自転車盗,尼崎北,阪急塚口駅前,282022,兵庫県,尼崎市,南塚口町３丁目,2023[sanitize]06[sanitize]05,11,道路上,その他,20歳代,大学生,施錠せず
窃盗,自転車盗,尼崎北,阪急塚口駅前,282022,兵庫県,尼崎市,南塚口町３丁目,2023[sanitize]07[sanitize]05,13,４階建て以上共同住宅,駐車（輪）場,50歳代,その他,施錠せず
窃盗,自転車盗,尼崎北,阪急塚口駅前,282022,兵庫県,尼崎市,南塚口町３丁目,2023[sanitize]08[sanitize]13,21,一戸建住宅,駐車（輪）場,40歳代,その他,施錠せず
窃盗,自転車盗,尼崎北,阪急塚口駅前,282022,兵庫県,尼崎市,南塚口町３丁目,2023[sanitize]09[sanitize]01,16,４階建て以上共同住宅,駐車（輪）場,60[sanitize]64歳,その他,施錠せず
窃盗,自転車盗,尼崎北,阪急塚口駅前,282022,兵庫県,尼崎市,南塚口町３丁目,2023[sanitize]09[sanitize]04,20,４階建て以上共同住宅,駐車（輪）場,30歳代,その他,施錠した
窃盗,自転車盗,尼崎北,阪急塚口駅前,282022,兵庫県,尼崎市,南塚口町３丁目,2023[sanitize]12[sanitize]04,22,その他の住宅（３階建て以下共同住宅等）,駐車（輪）場,40歳代,その他,施錠せず
窃盗,自転車盗,尼崎北,阪急塚口駅前,282022,兵庫県,尼崎市,南塚口町３丁目,2023[sanitize]12[sanitize]22,22,その他の住宅（３階建て以下共同住宅等）,駐車（輪）場,10歳代,高校生,施錠せず
窃盗,自転車盗,尼崎北,阪急塚口駅前,282022,兵庫県,尼崎市,南塚口町４丁目,2023[sanitize]01[sanitize]08,08,駐車（輪）場,駐車（輪）場,30歳代,その他,施錠せず
窃盗,自転車盗,尼崎北,阪急塚口駅前,282022,兵庫県,尼崎市,南塚口町５丁目,2023[sanitize]05[sanitize]29,14,４階建て以上共同住宅,その他,30歳代,その他,施錠せず
窃盗,自転車盗,尼崎北,阪急塚口駅前,282022,兵庫県,尼崎市,南塚口町５丁目,2023[sanitize]12[sanitize]15,18,その他の住宅（３階建て以下共同住宅等）,駐車（輪）場,10歳代,小学生,施錠せず
窃盗,自転車盗,尼崎北,阪急塚口駅前,282022,兵庫県,尼崎市,南塚口町６丁目,2022[sanitize]01[sanitize]01,12,その他の住宅（３階建て以下共同住宅等）,駐車（輪）場,30歳代,その他,施錠せず
窃盗,自転車盗,尼崎北,阪急塚口駅前,282022,兵庫県,尼崎市,南塚口町７丁目,2023[sanitize]12[sanitize]08,18,その他,駐車（輪）場,10歳代,大学生,施錠した
窃盗,自転車盗,尼崎北,阪急塚口駅前,282022,兵庫県,尼崎市,南塚口町８丁目,2023[sanitize]03[sanitize]30,15,その他,駐車（輪）場,20歳代,その他,施錠せず
窃盗,自転車盗,尼崎北,阪急塚口駅前,282022,兵庫県,尼崎市,南塚口町８丁目,2023[sanitize]04[sanitize]17,09,一戸建住宅,駐車（輪）場,40歳代,その他,施錠せず
窃盗,自転車盗,尼崎北,阪急塚口駅前,282022,兵庫県,尼崎市,南塚口町８丁目,2023[sanitize]05[sanitize]23,15,道路上,その他,20歳代,その他,施錠せず
窃盗,自転車盗,尼崎北,阪急塚口駅前,282022,兵庫県,尼崎市,南塚口町８丁目,2023[sanitize]06[sanitize]28,19,その他の住宅（３階建て以下共同住宅等）,駐車（輪）場,30歳代,その他,施錠した
窃盗,自転車盗,尼崎北,阪急塚口駅前,282022,兵庫県,尼崎市,南塚口町８丁目,2023[sanitize]07[sanitize]25,23,その他の住宅（３階建て以下共同住宅等）,駐車（輪）場,20歳代,大学生,施錠せず
窃盗,自転車盗,尼崎北,阪急塚口駅前,282022,兵庫県,尼崎市,南塚口町８丁目,2023[sanitize]08[sanitize]04,23,その他の住宅（３階建て以下共同住宅等）,駐車（輪）場,10歳代,大学生,施錠せず
窃盗,自転車盗,尼崎北,阪急塚口駅前,282022,兵庫県,尼崎市,南塚口町８丁目,2023[sanitize]09[sanitize]06,18,その他,駐車（輪）場,20歳代,その他,施錠せず
窃盗,自転車盗,尼崎北,阪急塚口駅前,282022,兵庫県,尼崎市,南塚口町８丁目,2023[sanitize]09[sanitize]29,08,４階建て以上共同住宅,駐車（輪）場,20歳代,その他,施錠せず
窃盗,自転車盗,尼崎北,阪急塚口駅前,282022,兵庫県,尼崎市,南塚口町８丁目,2023[sanitize]11[sanitize]13,14,その他の住宅（３階建て以下共同住宅等）,駐車（輪）場,20歳代,その他,施錠せず
窃盗,自転車盗,尼崎北,阪急塚口駅前,282022,兵庫県,尼崎市,南塚口町８丁目,2023[sanitize]12[sanitize]03,18,その他の住宅（３階建て以下共同住宅等）,その他,10歳代,高校生,施錠せず
窃盗,自転車盗,伊丹,中野,282073,兵庫県,伊丹市,中野北１丁目,2023[sanitize]04[sanitize]26,18,一戸建住宅,駐車（輪）場,40歳代,その他,施錠した
窃盗,自転車盗,伊丹,中野,282073,兵庫県,伊丹市,中野北１丁目,2023[sanitize]05[sanitize]26,19,一戸建住宅,駐車（輪）場,10歳代,中学生,施錠せず
窃盗,自転車盗,伊丹,中野,282073,兵庫県,伊丹市,中野西１丁目,2023[sanitize]11[sanitize]06,23,一戸建住宅,その他,20歳代,大学生,施錠した
窃盗,自転車盗,伊丹,中野,282073,兵庫県,伊丹市,中野西４丁目,2022[sanitize]01[sanitize]10,20,その他の住宅（３階建て以下共同住宅等）,駐車（輪）場,30歳代,その他,施錠せず
窃盗,自転車盗,伊丹,中野,282073,兵庫県,伊丹市,中野東１丁目,2023[sanitize]08[sanitize]28,10,４階建て以上共同住宅,駐車（輪）場,60[sanitize]64歳,その他,施錠した
窃盗,自転車盗,伊丹,中野,282073,兵庫県,伊丹市,中野東２丁目,2023[sanitize]06[sanitize]03,07,４階建て以上共同住宅,駐車（輪）場,70歳以上,その他,施錠せず
窃盗,自転車盗,伊丹,中野,282073,兵庫県,伊丹市,西野１丁目,2023[sanitize]03[sanitize]04,19,その他の住宅（３階建て以下共同住宅等）,駐車（輪）場,40歳代,その他,施錠せず
窃盗,自転車盗,伊丹,中野,282073,兵庫県,伊丹市,西野１丁目,2023[sanitize]08[sanitize]13,18,一戸建住宅,駐車（輪）場,10歳代,高校生,施錠せず
窃盗,自転車盗,伊丹,中野,282073,兵庫県,伊丹市,西野１丁目,2023[sanitize]10[sanitize]21,16,４階建て以上共同住宅,駐車（輪）場,70歳以上,その他,施錠した
窃盗,自転車盗,伊丹,中野,282073,兵庫県,伊丹市,西野２丁目,2021[sanitize]11[sanitize]20,00,４階建て以上共同住宅,駐車（輪）場,50歳代,その他,施錠せず
窃盗,自転車盗,伊丹,中野,282073,兵庫県,伊丹市,西野３丁目,2023[sanitize]02[sanitize]20,08,４階建て以上共同住宅,駐車（輪）場,30歳代,その他,施錠した
窃盗,自転車盗,伊丹,中野,282073,兵庫県,伊丹市,西野３丁目,2023[sanitize]07[sanitize]25,22,一戸建住宅,その他,20歳代,大学生,施錠せず
窃盗,自転車盗,伊丹,中野,282073,兵庫県,伊丹市,西野３丁目,2023[sanitize]11[sanitize]19,17,その他の住宅（３階建て以下共同住宅等）,駐車（輪）場,30歳代,その他,施錠せず
窃盗,自転車盗,伊丹,中野,282073,兵庫県,伊丹市,西野３丁目,2023[sanitize]12[sanitize]16,15,４階建て以上共同住宅,駐車（輪）場,10歳代,大学生,施錠せず
窃盗,自転車盗,伊丹,中野,282073,兵庫県,伊丹市,西野５丁目,2023[sanitize]04[sanitize]24,15,道路上,その他,70歳以上,その他,施錠せず
窃盗,自転車盗,伊丹,中野,282073,兵庫県,伊丹市,西野５丁目,2023[sanitize]09[sanitize]29,22,その他の住宅（３階建て以下共同住宅等）,駐車（輪）場,10歳代,高校生,施錠した
窃盗,自転車盗,伊丹,中野,282073,兵庫県,伊丹市,西野５丁目,2023[sanitize]09[sanitize]30,22,４階建て以上共同住宅,駐車（輪）場,20歳代,大学生,施錠せず
窃盗,自転車盗,伊丹,中野,282073,兵庫県,伊丹市,西野５丁目,2023[sanitize]10[sanitize]04,09,駐車（輪）場,駐車（輪）場,50歳代,その他,施錠せず
窃盗,自転車盗,伊丹,中野,282073,兵庫県,伊丹市,西野５丁目,2023[sanitize]12[sanitize]16,20,４階建て以上共同住宅,駐車（輪）場,30歳代,その他,施錠した
窃盗,自転車盗,伊丹,中野,282073,兵庫県,伊丹市,西野７丁目,2023[sanitize]02[sanitize]24,16,４階建て以上共同住宅,駐車（輪）場,50歳代,その他,施錠した
窃盗,自転車盗,伊丹,中野,282073,兵庫県,伊丹市,西野７丁目,2023[sanitize]06[sanitize]27,17,４階建て以上共同住宅,駐車（輪）場,10歳代,小学生,施錠せず
窃盗,自転車盗,伊丹,中野,282073,兵庫県,伊丹市,西野８丁目,2023[sanitize]10[sanitize]13,11,４階建て以上共同住宅,駐車（輪）場,70歳以上,その他,施錠せず
窃盗,自転車盗,伊丹,伊丹駅前,282073,兵庫県,伊丹市,伊丹１丁目,2023[sanitize]05[sanitize]30,19,その他,駐車（輪）場,30歳代,その他,施錠せず
窃盗,自転車盗,伊丹,伊丹駅前,282073,兵庫県,伊丹市,伊丹１丁目,2023[sanitize]06[sanitize]11,16,その他,駐車（輪）場,10歳代,大学生,施錠せず
窃盗,自転車盗,伊丹,伊丹駅前,282073,兵庫県,伊丹市,伊丹１丁目,2023[sanitize]06[sanitize]15,07,駐車（輪）場,駐車（輪）場,30歳代,その他,施錠せず
窃盗,自転車盗,伊丹,伊丹駅前,282073,兵庫県,伊丹市,伊丹１丁目,2023[sanitize]06[sanitize]29,06,駐車（輪）場,駐車（輪）場,20歳代,その他,施錠せず
窃盗,自転車盗,伊丹,伊丹駅前,282073,兵庫県,伊丹市,伊丹１丁目,2023[sanitize]07[sanitize]22,14,その他,駐車（輪）場,20歳代,その他,施錠せず
窃盗,自転車盗,伊丹,伊丹駅前,282073,兵庫県,伊丹市,伊丹１丁目,2023[sanitize]08[sanitize]14,10,その他,駐車（輪）場,40歳代,その他,施錠した
窃盗,自転車盗,伊丹,伊丹駅前,282073,兵庫県,伊丹市,伊丹１丁目,2023[sanitize]09[sanitize]25,19,その他,駐車（輪）場,40歳代,その他,施錠せず
窃盗,自転車盗,伊丹,伊丹駅前,282073,兵庫県,伊丹市,伊丹１丁目,2023[sanitize]10[sanitize]18,13,その他,駐車（輪）場,10歳代,高校生,施錠した
窃盗,自転車盗,伊丹,伊丹駅前,282073,兵庫県,伊丹市,伊丹１丁目,2023[sanitize]10[sanitize]19,21,４階建て以上共同住宅,駐車（輪）場,50歳代,その他,施錠した
窃盗,自転車盗,伊丹,伊丹駅前,282073,兵庫県,伊丹市,伊丹１丁目,2023[sanitize]11[sanitize]20,17,その他,駐車（輪）場,20歳代,その他,施錠せず
窃盗,自転車盗,伊丹,伊丹駅前,282073,兵庫県,伊丹市,伊丹１丁目,2023[sanitize]11[sanitize]23,13,その他,駐車（輪）場,10歳代,大学生,施錠せず
窃盗,自転車盗,伊丹,伊丹駅前,282073,兵庫県,伊丹市,伊丹１丁目,2023[sanitize]12[sanitize]07,05,その他,駐車（輪）場,30歳代,その他,施錠せず
窃盗,自転車盗,伊丹,伊丹駅前,282073,兵庫県,伊丹市,伊丹１丁目,2023[sanitize]12[sanitize]24,12,その他,駐車（輪）場,20歳代,大学生,施錠した
窃盗,自転車盗,伊丹,伊丹駅前,282073,兵庫県,伊丹市,伊丹２丁目,2023[sanitize]09[sanitize]08,13,その他,その他,10歳代,高校生,施錠せず
窃盗,自転車盗,伊丹,伊丹駅前,282073,兵庫県,伊丹市,伊丹２丁目,2023[sanitize]10[sanitize]17,18,その他,その他,10歳代,その他,施錠した
窃盗,自転車盗,伊丹,伊丹駅前,282073,兵庫県,伊丹市,伊丹３丁目,2023[sanitize]08[sanitize]19,17,駐車（輪）場,駐車（輪）場,10歳代,中学生,施錠せず
窃盗,自転車盗,伊丹,伊丹駅前,282073,兵庫県,伊丹市,伊丹３丁目,2023[sanitize]08[sanitize]25,01,その他,駐車（輪）場,10歳代,高校生,施錠せず
窃盗,自転車盗,伊丹,伊丹駅前,282073,兵庫県,伊丹市,伊丹３丁目,2023[sanitize]09[sanitize]01,16,４階建て以上共同住宅,駐車（輪）場,60[sanitize]64歳,その他,施錠した
窃盗,自転車盗,伊丹,伊丹駅前,282073,兵庫県,伊丹市,伊丹３丁目,2023[sanitize]10[sanitize]16,21,４階建て以上共同住宅,その他,30歳代,その他,施錠した
窃盗,自転車盗,伊丹,伊丹駅前,282073,兵庫県,伊丹市,北本町１丁目,2023[sanitize]08[sanitize]26,22,４階建て以上共同住宅,駐車（輪）場,40歳代,その他,施錠せず
窃盗,自転車盗,伊丹,伊丹駅前,282073,兵庫県,伊丹市,北本町１丁目,2023[sanitize]09[sanitize]05,16,４階建て以上共同住宅,駐車（輪）場,10歳代,大学生,施錠せず
窃盗,自転車盗,伊丹,伊丹駅前,282073,兵庫県,伊丹市,東有岡１丁目,2023[sanitize]03[sanitize]27,11,その他,駐車（輪）場,70歳以上,その他,施錠した
窃盗,自転車盗,伊丹,伊丹駅前,282073,兵庫県,伊丹市,東有岡１丁目,2023[sanitize]06[sanitize]24,09,４階建て以上共同住宅,駐車（輪）場,20歳代,その他,施錠せず
窃盗,自転車盗,伊丹,伊丹駅前,282073,兵庫県,伊丹市,東有岡１丁目,2023[sanitize]10[sanitize]04,09,その他,駐車（輪）場,50歳代,その他,施錠した
窃盗,自転車盗,伊丹,伊丹駅前,282073,兵庫県,伊丹市,東有岡１丁目,2023[sanitize]10[sanitize]06,22,その他,駐車（輪）場,20歳代,その他,施錠せず
窃盗,自転車盗,伊丹,伊丹駅前,282073,兵庫県,伊丹市,東有岡１丁目,2023[sanitize]10[sanitize]30,19,その他,駐車（輪）場,30歳代,その他,施錠した
窃盗,自転車盗,伊丹,伊丹駅前,282073,兵庫県,伊丹市,東有岡１丁目,2023[sanitize]11[sanitize]07,07,その他,駐車（輪）場,10歳代,高校生,施錠せず
窃盗,自転車盗,伊丹,伊丹駅前,282073,兵庫県,伊丹市,東有岡１丁目,2023[sanitize]11[sanitize]08,06,その他,駐車（輪）場,10歳代,大学生,施錠せず
窃盗,自転車盗,伊丹,伊丹駅前,282073,兵庫県,伊丹市,東有岡１丁目,2023[sanitize]11[sanitize]20,17,その他,駐車（輪）場,30歳代,その他,施錠せず
窃盗,自転車盗,伊丹,伊丹駅前,282073,兵庫県,伊丹市,藤ノ木１丁目,2023[sanitize]08[sanitize]19,15,その他,駐車（輪）場,40歳代,その他,施錠した
窃盗,自転車盗,伊丹,伊丹駅前,282073,兵庫県,伊丹市,藤ノ木１丁目,2023[sanitize]08[sanitize]23,16,その他,駐車（輪）場,20歳代,その他,施錠せず
窃盗,自転車盗,伊丹,伊丹駅前,282073,兵庫県,伊丹市,藤ノ木１丁目,2023[sanitize]08[sanitize]26,12,その他,駐車（輪）場,50歳代,その他,施錠せず
窃盗,自転車盗,伊丹,伊丹駅前,282073,兵庫県,伊丹市,藤ノ木１丁目,2023[sanitize]09[sanitize]03,11,その他,駐車（輪）場,20歳代,その他,施錠せず
窃盗,自転車盗,伊丹,伊丹駅前,282073,兵庫県,伊丹市,藤ノ木１丁目,2023[sanitize]09[sanitize]13,17,その他,その他,20歳代,大学生,施錠した
窃盗,自転車盗,伊丹,伊丹駅前,282073,兵庫県,伊丹市,藤ノ木１丁目,2023[sanitize]10[sanitize]30,16,その他,駐車（輪）場,10歳代,中学生,施錠した
窃盗,自転車盗,伊丹,伊丹駅前,282073,兵庫県,伊丹市,藤ノ木１丁目,2023[sanitize]12[sanitize]30,15,その他,駐車（輪）場,10歳代,高校生,施錠した
窃盗,自転車盗,伊丹,北村,282073,兵庫県,伊丹市,鋳物師４丁目,2023[sanitize]04[sanitize]30,18,４階建て以上共同住宅,駐車（輪）場,10歳代,中学生,施錠せず
窃盗,自転車盗,伊丹,北村,282073,兵庫県,伊丹市,北伊丹５丁目,2023[sanitize]11[sanitize]10,12,その他,駐車（輪）場,10歳代,その他,施錠した
窃盗,自転車盗,伊丹,北村,282073,兵庫県,伊丹市,北伊丹８丁目,2023[sanitize]04[sanitize]07,20,その他の住宅（３階建て以下共同住宅等）,その他,50歳代,その他,施錠せず
窃盗,自転車盗,伊丹,北村,282073,兵庫県,伊丹市,北伊丹８丁目,2023[sanitize]04[sanitize]07,20,４階建て以上共同住宅,駐車（輪）場,10歳代,大学生,施錠せず
窃盗,自転車盗,伊丹,北村,282073,兵庫県,伊丹市,北伊丹８丁目,2023[sanitize]06[sanitize]18,17,一戸建住宅,その他,20歳代,大学生,施錠せず
窃盗,自転車盗,伊丹,北村,282073,兵庫県,伊丹市,北伊丹８丁目,2023[sanitize]08[sanitize]26,22,道路上,その他,10歳代,高校生,施錠せず
窃盗,自転車盗,伊丹,北村,282073,兵庫県,伊丹市,北伊丹８丁目,2023[sanitize]08[sanitize]31,14,その他,駐車（輪）場,20歳代,大学生,施錠した
窃盗,自転車盗,伊丹,北村,282073,兵庫県,伊丹市,北伊丹９丁目,2023[sanitize]10[sanitize]06,17,その他,駐車（輪）場,30歳代,その他,施錠せず
窃盗,自転車盗,伊丹,北村,282073,兵庫県,伊丹市,北河原２丁目,2023[sanitize]07[sanitize]20,21,４階建て以上共同住宅,駐車（輪）場,10歳代,高校生,施錠せず
窃盗,自転車盗,伊丹,北村,282073,兵庫県,伊丹市,北河原３丁目,2023[sanitize]10[sanitize]31,08,道路上,その他,30歳代,その他,施錠せず
窃盗,自転車盗,伊丹,北村,282073,兵庫県,伊丹市,北河原４丁目,2023[sanitize]03[sanitize]01,22,その他の住宅（３階建て以下共同住宅等）,駐車（輪）場,10歳代,大学生,施錠せず
窃盗,自転車盗,伊丹,北村,282073,兵庫県,伊丹市,北本町２丁目,2023[sanitize]10[sanitize]16,11,その他の住宅（３階建て以下共同住宅等）,駐車（輪）場,20歳代,その他,施錠せず
窃盗,自転車盗,伊丹,北村,282073,兵庫県,伊丹市,北本町２丁目,2023[sanitize]12[sanitize]21,15,４階建て以上共同住宅,駐車（輪）場,10歳代,高校生,施錠した
窃盗,自転車盗,伊丹,北村,282073,兵庫県,伊丹市,北本町３丁目,2023[sanitize]03[sanitize]11,08,その他,その他,20歳代,その他,施錠せず
窃盗,自転車盗,伊丹,北村,282073,兵庫県,伊丹市,北本町３丁目,2023[sanitize]05[sanitize]02,18,４階建て以上共同住宅,駐車（輪）場,40歳代,その他,施錠せず
窃盗,自転車盗,伊丹,北村,282073,兵庫県,伊丹市,北本町３丁目,2023[sanitize]10[sanitize]15,14,４階建て以上共同住宅,駐車（輪）場,40歳代,その他,施錠した
窃盗,自転車盗,伊丹,南本町,282073,兵庫県,伊丹市,伊丹４丁目,2023[sanitize]03[sanitize]14,21,一戸建住宅,駐車（輪）場,60[sanitize]64歳,その他,施錠せず
窃盗,自転車盗,伊丹,南本町,282073,兵庫県,伊丹市,伊丹７丁目,2023[sanitize]04[sanitize]01,00,４階建て以上共同住宅,駐車（輪）場,20歳代,大学生,施錠せず
窃盗,自転車盗,伊丹,南本町,282073,兵庫県,伊丹市,平松３丁目,2023[sanitize]06[sanitize]01,22,４階建て以上共同住宅,駐車（輪）場,50歳代,その他,施錠せず
窃盗,自転車盗,伊丹,南本町,282073,兵庫県,伊丹市,平松３丁目,2023[sanitize]09[sanitize]16,09,その他の住宅（３階建て以下共同住宅等）,駐車（輪）場,40歳代,その他,施錠せず
窃盗,自転車盗,伊丹,南本町,282073,兵庫県,伊丹市,平松３丁目,2023[sanitize]10[sanitize]19,13,４階建て以上共同住宅,駐車（輪）場,50歳代,その他,施錠せず
窃盗,自転車盗,伊丹,南本町,282073,兵庫県,伊丹市,平松４丁目,2023[sanitize]11[sanitize]12,10,４階建て以上共同住宅,駐車（輪）場,30歳代,その他,施錠した
窃盗,自転車盗,伊丹,南本町,282073,兵庫県,伊丹市,南町２丁目,2023[sanitize]05[sanitize]26,16,４階建て以上共同住宅,駐車（輪）場,10歳代,高校生,施錠せず
窃盗,自転車盗,伊丹,南本町,282073,兵庫県,伊丹市,南町２丁目,2023[sanitize]05[sanitize]28,17,４階建て以上共同住宅,駐車（輪）場,20歳代,その他,施錠せず
窃盗,自転車盗,伊丹,南本町,282073,兵庫県,伊丹市,南町３丁目,2023[sanitize]04[sanitize]03,18,その他,その他,50歳代,その他,施錠せず
窃盗,自転車盗,伊丹,南本町,282073,兵庫県,伊丹市,南町３丁目,2023[sanitize]11[sanitize]10,14,その他,駐車（輪）場,30歳代,その他,施錠せず
窃盗,自転車盗,伊丹,南本町,282073,兵庫県,伊丹市,南町４丁目,2023[sanitize]06[sanitize]22,19,道路上,その他,10歳代,中学生,施錠した
窃盗,自転車盗,伊丹,南本町,282073,兵庫県,伊丹市,南本町１丁目,2023[sanitize]08[sanitize]23,19,その他,駐車（輪）場,20歳代,その他,施錠せず
窃盗,自転車盗,伊丹,南本町,282073,兵庫県,伊丹市,南本町４丁目,2023[sanitize]07[sanitize]20,18,その他,駐車（輪）場,10歳代,高校生,施錠せず
窃盗,自転車盗,伊丹,南本町,282073,兵庫県,伊丹市,南本町５丁目,2023[sanitize]05[sanitize]12,20,４階建て以上共同住宅,その他,20歳代,その他,施錠した
窃盗,自転車盗,伊丹,南本町,282073,兵庫県,伊丹市,南本町６丁目,2023[sanitize]02[sanitize]27,13,４階建て以上共同住宅,駐車（輪）場,30歳代,その他,施錠した
窃盗,自転車盗,伊丹,新伊丹,282073,兵庫県,伊丹市,梅ノ木２丁目,2023[sanitize]08[sanitize]04,20,道路上,その他,10歳代,中学生,施錠せず
窃盗,自転車盗,伊丹,新伊丹,282073,兵庫県,伊丹市,梅ノ木２丁目,2023[sanitize]09[sanitize]12,16,その他,その他,10歳代,小学生,施錠した
窃盗,自転車盗,伊丹,新伊丹,282073,兵庫県,伊丹市,梅ノ木５丁目,2023[sanitize]10[sanitize]06,22,一戸建住宅,その他,40歳代,その他,施錠せず
窃盗,自転車盗,伊丹,新伊丹,282073,兵庫県,伊丹市,梅ノ木６丁目,2022[sanitize]12[sanitize]29,06,一戸建住宅,駐車（輪）場,40歳代,その他,施錠せず
窃盗,自転車盗,伊丹,新伊丹,282073,兵庫県,伊丹市,行基町３丁目,2022[sanitize]05[sanitize]16,19,４階建て以上共同住宅,駐車（輪）場,30歳代,その他,施錠した
窃盗,自転車盗,伊丹,新伊丹,282073,兵庫県,伊丹市,行基町３丁目,2023[sanitize]09[sanitize]02,18,４階建て以上共同住宅,駐車（輪）場,20歳代,その他,施錠せず
窃盗,自転車盗,伊丹,新伊丹,282073,兵庫県,伊丹市,御願塚６丁目,2023[sanitize]01[sanitize]20,19,その他の住宅（３階建て以下共同住宅等）,駐車（輪）場,10歳代,大学生,施錠した
窃盗,自転車盗,伊丹,新伊丹,282073,兵庫県,伊丹市,昆陽東６丁目,2023[sanitize]01[sanitize]28,14,その他の住宅（３階建て以下共同住宅等）,駐車（輪）場,20歳代,その他,施錠せず
窃盗,自転車盗,伊丹,昆陽,282022,兵庫県,尼崎市,神田中通１丁目,2022[sanitize]11[sanitize]01,00,道路上,その他,40歳代,その他,施錠せず
窃盗,自転車盗,伊丹,昆陽,282073,兵庫県,伊丹市,昆陽２丁目,2023[sanitize]04[sanitize]22,18,４階建て以上共同住宅,その他,40歳代,その他,施錠せず
窃盗,自転車盗,伊丹,昆陽,282073,兵庫県,伊丹市,昆陽３丁目,2023[sanitize]09[sanitize]16,20,道路上,その他,65[sanitize]69歳,その他,施錠せず
窃盗,自転車盗,伊丹,昆陽,282073,兵庫県,伊丹市,昆陽５丁目,2023[sanitize]01[sanitize]27,20,その他の住宅（３階建て以下共同住宅等）,駐車（輪）場,30歳代,その他,施錠せず
窃盗,自転車盗,伊丹,昆陽,282073,兵庫県,伊丹市,昆陽６丁目,2023[sanitize]02[sanitize]07,17,４階建て以上共同住宅,駐車（輪）場,10歳代,小学生,施錠せず
窃盗,自転車盗,伊丹,昆陽,282073,兵庫県,伊丹市,昆陽８丁目,2023[sanitize]11[sanitize]09,12,その他,駐車（輪）場,20歳代,その他,施錠せず
窃盗,自転車盗,伊丹,昆陽,282073,兵庫県,伊丹市,昆陽池１丁目,2022[sanitize]12[sanitize]11,00,その他の住宅（３階建て以下共同住宅等）,駐車（輪）場,30歳代,その他,施錠した
窃盗,自転車盗,伊丹,昆陽,282073,兵庫県,伊丹市,昆陽池１丁目,2023[sanitize]03[sanitize]28,07,４階建て以上共同住宅,その他,60[sanitize]64歳,その他,施錠せず
窃盗,自転車盗,伊丹,昆陽,282073,兵庫県,伊丹市,昆陽池１丁目,2023[sanitize]07[sanitize]02,11,その他,駐車（輪）場,10歳代,中学生,施錠した
窃盗,自転車盗,伊丹,昆陽,282073,兵庫県,伊丹市,昆陽池１丁目,2023[sanitize]09[sanitize]11,13,その他の住宅（３階建て以下共同住宅等）,駐車（輪）場,50歳代,その他,施錠せず
窃盗,自転車盗,伊丹,昆陽,282073,兵庫県,伊丹市,昆陽泉町１丁目,2023[sanitize]11[sanitize]28,16,その他,駐車（輪）場,50歳代,その他,施錠せず
窃盗,自転車盗,伊丹,昆陽,282073,兵庫県,伊丹市,昆陽泉町１丁目,2023[sanitize]12[sanitize]22,23,一戸建住宅,その他,10歳代,その他,施錠した
窃盗,自転車盗,伊丹,昆陽,282073,兵庫県,伊丹市,千僧６丁目,2023[sanitize]09[sanitize]17,14,その他,駐車（輪）場,50歳代,その他,施錠せず
窃盗,自転車盗,伊丹,昆陽,282073,兵庫県,伊丹市,瑞ケ丘２丁目,2023[sanitize]03[sanitize]03,22,４階建て以上共同住宅,駐車（輪）場,10歳代,大学生,施錠せず
窃盗,自転車盗,伊丹,昆陽,282073,兵庫県,伊丹市,瑞ケ丘２丁目,2023[sanitize]03[sanitize]12,17,４階建て以上共同住宅,駐車（輪）場,70歳以上,その他,施錠せず
窃盗,自転車盗,伊丹,昆陽,282073,兵庫県,伊丹市,昆陽東１丁目,2023[sanitize]09[sanitize]24,17,４階建て以上共同住宅,駐車（輪）場,20歳代,その他,施錠した
窃盗,自転車盗,伊丹,昆陽,282073,兵庫県,伊丹市,昆陽東３丁目,2023[sanitize]03[sanitize]10,15,その他,駐車（輪）場,40歳代,その他,施錠せず
窃盗,自転車盗,伊丹,昆陽,282073,兵庫県,伊丹市,昆陽東３丁目,2023[sanitize]10[sanitize]08,09,一戸建住宅,駐車（輪）場,10歳代,中学生,施錠せず
窃盗,自転車盗,伊丹,昆陽,282073,兵庫県,伊丹市,昆陽東４丁目,2023[sanitize]04[sanitize]10,13,その他,駐車（輪）場,40歳代,その他,施錠せず
窃盗,自転車盗,伊丹,昆陽,282073,兵庫県,伊丹市,昆陽南１丁目,2023[sanitize]04[sanitize]29,11,４階建て以上共同住宅,駐車（輪）場,40歳代,その他,施錠せず
窃盗,自転車盗,伊丹,昆陽,282073,兵庫県,伊丹市,昆陽南１丁目,2023[sanitize]08[sanitize]31,16,一戸建住宅,その他,30歳代,その他,施錠せず
窃盗,自転車盗,伊丹,昆陽ノ里,282073,兵庫県,伊丹市,池尻１丁目,2022[sanitize]11[sanitize]01,09,４階建て以上共同住宅,駐車（輪）場,10歳代,中学生,施錠した
窃盗,自転車盗,伊丹,昆陽ノ里,282073,兵庫県,伊丹市,池尻１丁目,2023[sanitize]01[sanitize]28,15,その他,駐車（輪）場,10歳代,高校生,施錠せず
窃盗,自転車盗,伊丹,昆陽ノ里,282073,兵庫県,伊丹市,池尻１丁目,2023[sanitize]02[sanitize]14,16,その他,駐車（輪）場,10歳代,小学生,施錠せず
窃盗,自転車盗,伊丹,昆陽ノ里,282073,兵庫県,伊丹市,池尻１丁目,2023[sanitize]03[sanitize]27,23,４階建て以上共同住宅,駐車（輪）場,10歳代,高校生,施錠した
窃盗,自転車盗,伊丹,昆陽ノ里,282073,兵庫県,伊丹市,池尻１丁目,2023[sanitize]04[sanitize]11,15,その他,駐車（輪）場,10歳代,高校生,施錠せず
窃盗,自転車盗,伊丹,昆陽ノ里,282073,兵庫県,伊丹市,池尻１丁目,2023[sanitize]12[sanitize]28,13,その他,駐車（輪）場,40歳代,その他,施錠せず
窃盗,自転車盗,伊丹,昆陽ノ里,282073,兵庫県,伊丹市,池尻２丁目,2023[sanitize]08[sanitize]09,06,その他,駐車（輪）場,20歳代,その他,施錠した
窃盗,自転車盗,伊丹,昆陽ノ里,282073,兵庫県,伊丹市,池尻２丁目,2023[sanitize]09[sanitize]19,19,駐車（輪）場,駐車（輪）場,30歳代,その他,施錠せず
窃盗,自転車盗,伊丹,昆陽ノ里,282073,兵庫県,伊丹市,池尻３丁目,2023[sanitize]09[sanitize]23,16,その他,駐車（輪）場,10歳代,高校生,施錠せず
窃盗,自転車盗,伊丹,昆陽ノ里,282073,兵庫県,伊丹市,池尻３丁目,2023[sanitize]11[sanitize]30,08,その他,駐車（輪）場,20歳代,その他,施錠した
窃盗,自転車盗,伊丹,昆陽ノ里,282073,兵庫県,伊丹市,池尻４丁目,2022[sanitize]12[sanitize]24,11,その他,駐車（輪）場,10歳代,その他,施錠した
窃盗,自転車盗,伊丹,昆陽ノ里,282073,兵庫県,伊丹市,池尻４丁目,2023[sanitize]01[sanitize]03,16,その他,駐車（輪）場,30歳代,その他,施錠した
窃盗,自転車盗,伊丹,昆陽ノ里,282073,兵庫県,伊丹市,池尻４丁目,2023[sanitize]01[sanitize]06,13,その他,駐車（輪）場,10歳代,中学生,施錠せず
窃盗,自転車盗,伊丹,昆陽ノ里,282073,兵庫県,伊丹市,池尻４丁目,2023[sanitize]01[sanitize]19,14,その他,駐車（輪）場,70歳以上,その他,施錠せず
窃盗,自転車盗,伊丹,昆陽ノ里,282073,兵庫県,伊丹市,池尻４丁目,2023[sanitize]02[sanitize]06,16,その他,駐車（輪）場,10歳代,高校生,施錠した
窃盗,自転車盗,伊丹,昆陽ノ里,282073,兵庫県,伊丹市,池尻４丁目,2023[sanitize]02[sanitize]10,10,その他,駐車（輪）場,20歳代,大学生,施錠せず
窃盗,自転車盗,伊丹,昆陽ノ里,282073,兵庫県,伊丹市,池尻４丁目,2023[sanitize]04[sanitize]22,19,その他,駐車（輪）場,10歳代,中学生,施錠せず
窃盗,自転車盗,伊丹,昆陽ノ里,282073,兵庫県,伊丹市,池尻４丁目,2023[sanitize]04[sanitize]30,14,その他,駐車（輪）場,10歳代,中学生,施錠せず
窃盗,自転車盗,伊丹,昆陽ノ里,282073,兵庫県,伊丹市,池尻４丁目,2023[sanitize]05[sanitize]03,21,４階建て以上共同住宅,その他,65[sanitize]69歳,その他,施錠した
窃盗,自転車盗,伊丹,昆陽ノ里,282073,兵庫県,伊丹市,池尻４丁目,2023[sanitize]07[sanitize]02,17,その他,駐車（輪）場,10歳代,中学生,施錠せず
窃盗,自転車盗,伊丹,昆陽ノ里,282073,兵庫県,伊丹市,池尻４丁目,2023[sanitize]08[sanitize]07,18,その他,駐車（輪）場,10歳代,大学生,施錠せず
窃盗,自転車盗,伊丹,昆陽ノ里,282073,兵庫県,伊丹市,池尻４丁目,2023[sanitize]09[sanitize]23,17,その他,駐車（輪）場,10歳代,高校生,施錠せず
窃盗,自転車盗,伊丹,昆陽ノ里,282073,兵庫県,伊丹市,池尻４丁目,2023[sanitize]09[sanitize]30,08,その他,駐車（輪）場,65[sanitize]69歳,その他,施錠せず
窃盗,自転車盗,伊丹,昆陽ノ里,282073,兵庫県,伊丹市,池尻４丁目,2023[sanitize]10[sanitize]04,19,その他,駐車（輪）場,10歳代,高校生,施錠せず
窃盗,自転車盗,伊丹,昆陽ノ里,282073,兵庫県,伊丹市,池尻４丁目,2023[sanitize]10[sanitize]14,14,その他,駐車（輪）場,10歳代,高校生,施錠せず
窃盗,自転車盗,伊丹,昆陽ノ里,282073,兵庫県,伊丹市,池尻４丁目,2023[sanitize]11[sanitize]12,11,その他,駐車（輪）場,30歳代,その他,施錠せず
窃盗,自転車盗,伊丹,昆陽ノ里,282073,兵庫県,伊丹市,池尻４丁目,2023[sanitize]12[sanitize]22,19,その他,駐車（輪）場,50歳代,その他,施錠せず
窃盗,自転車盗,伊丹,昆陽ノ里,282073,兵庫県,伊丹市,池尻４丁目,2023[sanitize]12[sanitize]24,18,その他,駐車（輪）場,10歳代,小学生,施錠せず
窃盗,自転車盗,伊丹,昆陽ノ里,282073,兵庫県,伊丹市,池尻７丁目,2023[sanitize]09[sanitize]11,16,その他の住宅（３階建て以下共同住宅等）,駐車（輪）場,30歳代,その他,施錠した
窃盗,自転車盗,伊丹,昆陽ノ里,282073,兵庫県,伊丹市,奥畑２丁目,2023[sanitize]07[sanitize]06,17,４階建て以上共同住宅,駐車（輪）場,10歳代,中学生,施錠せず
窃盗,自転車盗,伊丹,昆陽ノ里,282073,兵庫県,伊丹市,奥畑２丁目,2023[sanitize]07[sanitize]24,20,その他,駐車（輪）場,20歳代,大学生,施錠せず
窃盗,自転車盗,伊丹,昆陽ノ里,282073,兵庫県,伊丹市,奥畑２丁目,2023[sanitize]10[sanitize]11,16,４階建て以上共同住宅,駐車（輪）場,40歳代,その他,施錠せず
窃盗,自転車盗,伊丹,昆陽ノ里,282073,兵庫県,伊丹市,寺本１丁目,2023[sanitize]09[sanitize]19,22,４階建て以上共同住宅,駐車（輪）場,20歳代,その他,施錠せず
窃盗,自転車盗,伊丹,昆陽ノ里,282073,兵庫県,伊丹市,寺本２丁目,2023[sanitize]01[sanitize]16,20,４階建て以上共同住宅,その他,40歳代,その他,施錠した
窃盗,自転車盗,伊丹,昆陽ノ里,282073,兵庫県,伊丹市,寺本２丁目,2023[sanitize]11[sanitize]19,14,その他の住宅（３階建て以下共同住宅等）,駐車（輪）場,10歳代,高校生,施錠せず
窃盗,自転車盗,伊丹,昆陽ノ里,282073,兵庫県,伊丹市,寺本３丁目,2023[sanitize]05[sanitize]05,16,その他の住宅（３階建て以下共同住宅等）,駐車（輪）場,50歳代,その他,施錠した
窃盗,自転車盗,伊丹,昆陽ノ里,282073,兵庫県,伊丹市,寺本３丁目,2023[sanitize]08[sanitize]21,07,駐車（輪）場,駐車（輪）場,20歳代,その他,施錠した
窃盗,自転車盗,伊丹,昆陽ノ里,282073,兵庫県,伊丹市,寺本３丁目,2023[sanitize]09[sanitize]28,23,４階建て以上共同住宅,駐車（輪）場,40歳代,その他,施錠した
窃盗,自転車盗,伊丹,昆陽ノ里,282073,兵庫県,伊丹市,野間北１丁目,2023[sanitize]10[sanitize]12,12,その他,駐車（輪）場,50歳代,その他,施錠せず
窃盗,自転車盗,伊丹,昆陽ノ里,282073,兵庫県,伊丹市,野間北１丁目,2023[sanitize]12[sanitize]23,17,その他,駐車（輪）場,20歳代,その他,施錠せず
窃盗,自転車盗,伊丹,昆陽ノ里,282073,兵庫県,伊丹市,野間北２丁目,2023[sanitize]07[sanitize]18,19,その他,駐車（輪）場,10歳代,高校生,施錠せず
窃盗,自転車盗,伊丹,昆陽ノ里,282073,兵庫県,伊丹市,山田１丁目,2023[sanitize]07[sanitize]22,20,道路上,その他,10歳代,小学生,施錠せず
窃盗,自転車盗,伊丹,昆陽ノ里,282073,兵庫県,伊丹市,山田１丁目,2023[sanitize]10[sanitize]16,08,駐車（輪）場,駐車（輪）場,20歳代,その他,施錠せず
窃盗,自転車盗,伊丹,昆陽ノ里,282073,兵庫県,伊丹市,山田１丁目,2023[sanitize]10[sanitize]19,04,その他,その他,10歳代,小学生,施錠せず
窃盗,自転車盗,伊丹,昆陽ノ里,282073,兵庫県,伊丹市,山田２丁目,2023[sanitize]12[sanitize]03,07,その他,駐車（輪）場,40歳代,その他,施錠せず
窃盗,自転車盗,伊丹,昆陽ノ里,282073,兵庫県,伊丹市,山田４丁目,2023[sanitize]06[sanitize]15,19,４階建て以上共同住宅,駐車（輪）場,40歳代,その他,施錠せず
窃盗,自転車盗,伊丹,昆陽ノ里,282073,兵庫県,伊丹市,山田４丁目,2023[sanitize]08[sanitize]04,08,その他,駐車（輪）場,40歳代,その他,施錠せず
窃盗,自転車盗,伊丹,昆陽ノ里,282073,兵庫県,伊丹市,山田５丁目,2023[sanitize]03[sanitize]02,12,４階建て以上共同住宅,駐車（輪）場,10歳代,高校生,施錠せず
窃盗,自転車盗,伊丹,昆陽ノ里,282073,兵庫県,伊丹市,山田５丁目,2023[sanitize]06[sanitize]17,22,４階建て以上共同住宅,駐車（輪）場,20歳代,その他,施錠せず
窃盗,自転車盗,伊丹,昆陽ノ里,282073,兵庫県,伊丹市,山田６丁目,2023[sanitize]09[sanitize]15,16,その他の住宅（３階建て以下共同住宅等）,駐車（輪）場,20歳代,その他,施錠せず
窃盗,自転車盗,伊丹,神津,282073,兵庫県,伊丹市,岩屋１丁目,2023[sanitize]02[sanitize]11,18,道路上,その他,10歳代,高校生,施錠した
窃盗,自転車盗,伊丹,神津,282073,兵庫県,伊丹市,口酒井１丁目,2023[sanitize]08[sanitize]17,21,その他,その他,40歳代,その他,施錠せず
窃盗,自転車盗,伊丹,神津,282073,兵庫県,伊丹市,口酒井２丁目,2023[sanitize]10[sanitize]09,20,その他の住宅（３階建て以下共同住宅等）,駐車（輪）場,40歳代,その他,施錠せず
窃盗,自転車盗,伊丹,神津,282073,兵庫県,伊丹市,森本１丁目,2023[sanitize]12[sanitize]06,18,４階建て以上共同住宅,駐車（輪）場,40歳代,その他,施錠せず
窃盗,自転車盗,伊丹,神津,282073,兵庫県,伊丹市,森本３丁目,2023[sanitize]01[sanitize]15,11,その他,駐車（輪）場,70歳以上,その他,施錠した
窃盗,自転車盗,伊丹,神津,282073,兵庫県,伊丹市,森本３丁目,2023[sanitize]02[sanitize]26,20,その他の住宅（３階建て以下共同住宅等）,駐車（輪）場,20歳代,その他,施錠した
窃盗,自転車盗,伊丹,稲野,282073,兵庫県,伊丹市,稲野町１丁目,2023[sanitize]11[sanitize]06,19,その他の住宅（３階建て以下共同住宅等）,駐車（輪）場,30歳代,その他,施錠せず
窃盗,自転車盗,伊丹,稲野,282073,兵庫県,伊丹市,稲野町３丁目,2023[sanitize]01[sanitize]21,09,道路上,その他,20歳代,大学生,施錠した
窃盗,自転車盗,伊丹,稲野,282073,兵庫県,伊丹市,稲野町４丁目,2023[sanitize]03[sanitize]14,20,駐車（輪）場,駐車（輪）場,10歳代,大学生,施錠した
窃盗,自転車盗,伊丹,稲野,282073,兵庫県,伊丹市,稲野町７丁目,2023[sanitize]02[sanitize]15,15,一戸建住宅,駐車（輪）場,30歳代,その他,施錠せず
窃盗,自転車盗,伊丹,稲野,282073,兵庫県,伊丹市,柏木町１丁目,2023[sanitize]09[sanitize]16,08,一戸建住宅,その他,40歳代,その他,施錠せず
窃盗,自転車盗,伊丹,稲野,282073,兵庫県,伊丹市,柏木町３丁目,2023[sanitize]03[sanitize]15,19,一戸建住宅,駐車（輪）場,10歳代,中学生,施錠した
窃盗,自転車盗,伊丹,稲野,282073,兵庫県,伊丹市,春日丘１丁目,2023[sanitize]09[sanitize]03,20,一戸建住宅,駐車（輪）場,10歳代,高校生,施錠せず
窃盗,自転車盗,伊丹,稲野,282073,兵庫県,伊丹市,御願塚２丁目,2023[sanitize]03[sanitize]19,12,その他の住宅（３階建て以下共同住宅等）,駐車（輪）場,40歳代,その他,施錠せず
窃盗,自転車盗,伊丹,稲野,282073,兵庫県,伊丹市,御願塚３丁目,2023[sanitize]08[sanitize]23,18,一戸建住宅,駐車（輪）場,30歳代,その他,施錠せず
窃盗,自転車盗,伊丹,稲野,282073,兵庫県,伊丹市,御願塚３丁目,2023[sanitize]10[sanitize]25,20,その他の住宅（３階建て以下共同住宅等）,駐車（輪）場,20歳代,その他,施錠した
窃盗,自転車盗,伊丹,稲野,282073,兵庫県,伊丹市,御願塚４丁目,2023[sanitize]06[sanitize]07,11,その他の住宅（３階建て以下共同住宅等）,駐車（輪）場,30歳代,その他,施錠せず
窃盗,自転車盗,伊丹,稲野,282073,兵庫県,伊丹市,御願塚７丁目,2023[sanitize]10[sanitize]01,01,その他の住宅（３階建て以下共同住宅等）,駐車（輪）場,30歳代,その他,施錠せず
窃盗,自転車盗,伊丹,稲野,282073,兵庫県,伊丹市,若菱町６丁目,2023[sanitize]10[sanitize]13,01,その他の住宅（３階建て以下共同住宅等）,その他,20歳代,その他,施錠せず
窃盗,自転車盗,伊丹,緑ヶ丘,282073,兵庫県,伊丹市,池尻４丁目,2023[sanitize]04[sanitize]22,13,その他,駐車（輪）場,10歳代,中学生,施錠せず
窃盗,自転車盗,伊丹,緑ヶ丘,282073,兵庫県,伊丹市,大鹿１丁目,2023[sanitize]05[sanitize]16,10,一戸建住宅,駐車（輪）場,30歳代,その他,施錠せず
窃盗,自転車盗,伊丹,緑ヶ丘,282073,兵庫県,伊丹市,大鹿１丁目,2023[sanitize]12[sanitize]09,20,一戸建住宅,その他,65[sanitize]69歳,その他,施錠せず
窃盗,自転車盗,伊丹,緑ヶ丘,282073,兵庫県,伊丹市,大鹿２丁目,2023[sanitize]04[sanitize]03,18,４階建て以上共同住宅,駐車（輪）場,10歳代,高校生,施錠せず
窃盗,自転車盗,伊丹,緑ヶ丘,282073,兵庫県,伊丹市,大鹿２丁目,2023[sanitize]06[sanitize]07,11,駐車（輪）場,駐車（輪）場,30歳代,その他,施錠せず
窃盗,自転車盗,伊丹,緑ヶ丘,282073,兵庫県,伊丹市,大鹿５丁目,2023[sanitize]04[sanitize]22,00,４階建て以上共同住宅,駐車（輪）場,30歳代,その他,施錠せず
窃盗,自転車盗,伊丹,緑ヶ丘,282073,兵庫県,伊丹市,大鹿７丁目,2023[sanitize]01[sanitize]10,16,４階建て以上共同住宅,駐車（輪）場,10歳代,中学生,施錠した
窃盗,自転車盗,伊丹,緑ヶ丘,282073,兵庫県,伊丹市,大鹿７丁目,2023[sanitize]05[sanitize]20,09,４階建て以上共同住宅,駐車（輪）場,20歳代,その他,施錠せず
窃盗,自転車盗,伊丹,緑ヶ丘,282073,兵庫県,伊丹市,大鹿７丁目,2023[sanitize]06[sanitize]16,21,その他,駐車（輪）場,20歳代,その他,施錠せず
窃盗,自転車盗,伊丹,緑ヶ丘,282073,兵庫県,伊丹市,大鹿７丁目,2023[sanitize]09[sanitize]18,22,その他,駐車（輪）場,10歳代,大学生,施錠せず
窃盗,自転車盗,伊丹,緑ヶ丘,282073,兵庫県,伊丹市,北伊丹１丁目,2023[sanitize]02[sanitize]26,07,一戸建住宅,駐車（輪）場,10歳代,その他,施錠せず
窃盗,自転車盗,伊丹,緑ヶ丘,282073,兵庫県,伊丹市,昆陽７丁目,2023[sanitize]04[sanitize]18,22,その他,駐車（輪）場,10歳代,高校生,施錠せず
窃盗,自転車盗,伊丹,緑ヶ丘,282073,兵庫県,伊丹市,桜ケ丘７丁目,2023[sanitize]09[sanitize]16,16,４階建て以上共同住宅,駐車（輪）場,20歳代,大学生,施錠せず
窃盗,自転車盗,伊丹,緑ヶ丘,282073,兵庫県,伊丹市,桜ケ丘８丁目,2023[sanitize]08[sanitize]22,17,その他の住宅（３階建て以下共同住宅等）,駐車（輪）場,30歳代,その他,施錠せず
窃盗,自転車盗,伊丹,緑ヶ丘,282073,兵庫県,伊丹市,高台４丁目,2022[sanitize]01[sanitize]09,11,４階建て以上共同住宅,駐車（輪）場,20歳代,大学生,施錠せず
窃盗,自転車盗,伊丹,緑ヶ丘,282073,兵庫県,伊丹市,東野４丁目,2023[sanitize]08[sanitize]17,11,その他の住宅（３階建て以下共同住宅等）,駐車（輪）場,20歳代,その他,施錠せず
窃盗,自転車盗,伊丹,緑ヶ丘,282073,兵庫県,伊丹市,瑞ケ丘１丁目,2023[sanitize]06[sanitize]05,23,その他の住宅（３階建て以下共同住宅等）,駐車（輪）場,50歳代,その他,施錠せず
窃盗,自転車盗,伊丹,緑ヶ丘,282073,兵庫県,伊丹市,瑞ケ丘３丁目,2023[sanitize]07[sanitize]01,14,一戸建住宅,その他,10歳代,高校生,施錠せず
窃盗,自転車盗,伊丹,緑ヶ丘,282073,兵庫県,伊丹市,瑞ケ丘４丁目,2023[sanitize]03[sanitize]11,18,その他の住宅（３階建て以下共同住宅等）,駐車（輪）場,20歳代,その他,施錠した
窃盗,自転車盗,伊丹,緑ヶ丘,282073,兵庫県,伊丹市,瑞ケ丘４丁目,2023[sanitize]04[sanitize]28,19,道路上,その他,20歳代,その他,施錠せず
窃盗,自転車盗,伊丹,緑ヶ丘,282073,兵庫県,伊丹市,瑞ケ丘４丁目,2023[sanitize]06[sanitize]17,18,その他の住宅（３階建て以下共同住宅等）,駐車（輪）場,20歳代,その他,施錠せず
窃盗,自転車盗,伊丹,緑ヶ丘,282073,兵庫県,伊丹市,瑞ケ丘４丁目,2023[sanitize]07[sanitize]08,22,一戸建住宅,駐車（輪）場,10歳代,大学生,施錠せず
窃盗,自転車盗,伊丹,緑ヶ丘,282073,兵庫県,伊丹市,瑞ケ丘４丁目,2023[sanitize]07[sanitize]28,18,その他の住宅（３階建て以下共同住宅等）,駐車（輪）場,30歳代,その他,施錠せず
窃盗,自転車盗,伊丹,緑ヶ丘,282073,兵庫県,伊丹市,瑞ケ丘４丁目,2023[sanitize]07[sanitize]31,20,その他の住宅（３階建て以下共同住宅等）,駐車（輪）場,30歳代,その他,施錠せず
窃盗,自転車盗,伊丹,緑ヶ丘,282073,兵庫県,伊丹市,瑞原１丁目,2023[sanitize]02[sanitize]11,11,その他の住宅（３階建て以下共同住宅等）,駐車（輪）場,10歳代,中学生,施錠した
窃盗,自転車盗,伊丹,緑ヶ丘,282073,兵庫県,伊丹市,瑞穂町１丁目,2023[sanitize]03[sanitize]04,13,４階建て以上共同住宅,駐車（輪）場,10歳代,小学生,施錠せず
窃盗,自転車盗,伊丹,緑ヶ丘,282073,兵庫県,伊丹市,瑞穂町１丁目,2023[sanitize]04[sanitize]29,18,４階建て以上共同住宅,駐車（輪）場,10歳代,中学生,施錠せず
窃盗,自転車盗,伊丹,緑ヶ丘,282073,兵庫県,伊丹市,瑞穂町１丁目,2023[sanitize]07[sanitize]01,09,その他,駐車（輪）場,30歳代,その他,施錠せず
窃盗,自転車盗,伊丹,緑ヶ丘,282073,兵庫県,伊丹市,瑞穂町１丁目,2023[sanitize]08[sanitize]07,20,その他の住宅（３階建て以下共同住宅等）,駐車（輪）場,20歳代,その他,施錠した
窃盗,自転車盗,伊丹,緑ヶ丘,282073,兵庫県,伊丹市,瑞穂町３丁目,2023[sanitize]01[sanitize]03,13,その他の住宅（３階建て以下共同住宅等）,駐車（輪）場,50歳代,その他,施錠せず
窃盗,自転車盗,伊丹,緑ヶ丘,282073,兵庫県,伊丹市,瑞穂町３丁目,2023[sanitize]12[sanitize]19,17,その他,駐車（輪）場,10歳代,大学生,施錠せず
窃盗,自転車盗,伊丹,緑ヶ丘,282073,兵庫県,伊丹市,緑ケ丘１丁目,2023[sanitize]04[sanitize]30,13,一戸建住宅,その他,50歳代,その他,施錠せず
窃盗,自転車盗,伊丹,緑ヶ丘,282073,兵庫県,伊丹市,緑ケ丘１丁目,2023[sanitize]08[sanitize]08,08,一戸建住宅,その他,40歳代,その他,施錠せず
窃盗,自転車盗,伊丹,緑ヶ丘,282073,兵庫県,伊丹市,緑ケ丘１丁目,2023[sanitize]08[sanitize]11,10,その他,駐車（輪）場,10歳代,中学生,施錠せず
窃盗,自転車盗,伊丹,緑ヶ丘,282073,兵庫県,伊丹市,緑ケ丘２丁目,2023[sanitize]10[sanitize]20,19,４階建て以上共同住宅,駐車（輪）場,30歳代,その他,施錠せず
窃盗,自転車盗,伊丹,緑ヶ丘,282073,兵庫県,伊丹市,緑ケ丘５丁目,2023[sanitize]07[sanitize]29,20,その他の住宅（３階建て以下共同住宅等）,駐車（輪）場,50歳代,その他,施錠した
窃盗,自転車盗,伊丹,緑ヶ丘,282073,兵庫県,伊丹市,緑ケ丘６丁目,2023[sanitize]03[sanitize]17,18,４階建て以上共同住宅,駐車（輪）場,20歳代,その他,施錠せず
窃盗,自転車盗,伊丹,荒牧,282073,兵庫県,伊丹市,,2022[sanitize]09[sanitize]01,00,駐車（輪）場,駐車（輪）場,60[sanitize]64歳,その他,施錠せず
窃盗,自転車盗,伊丹,荒牧,282073,兵庫県,伊丹市,荒牧１丁目,2023[sanitize]01[sanitize]16,15,一戸建住宅,その他,20歳代,大学生,施錠せず
窃盗,自転車盗,伊丹,荒牧,282073,兵庫県,伊丹市,荒牧１丁目,2023[sanitize]05[sanitize]02,21,一戸建住宅,駐車（輪）場,10歳代,高校生,施錠せず
窃盗,自転車盗,伊丹,荒牧,282073,兵庫県,伊丹市,荒牧１丁目,2023[sanitize]07[sanitize]24,19,その他,駐車（輪）場,30歳代,その他,施錠せず
窃盗,自転車盗,伊丹,荒牧,282073,兵庫県,伊丹市,荒牧４丁目,2023[sanitize]09[sanitize]17,10,その他,駐車（輪）場,20歳代,大学生,施錠せず
窃盗,自転車盗,伊丹,荒牧,282073,兵庫県,伊丹市,荒牧５丁目,2023[sanitize]03[sanitize]24,11,４階建て以上共同住宅,駐車（輪）場,10歳代,中学生,施錠した
窃盗,自転車盗,伊丹,荒牧,282073,兵庫県,伊丹市,荒牧５丁目,2023[sanitize]04[sanitize]21,19,４階建て以上共同住宅,駐車（輪）場,10歳代,中学生,施錠せず
窃盗,自転車盗,伊丹,荒牧,282073,兵庫県,伊丹市,荒牧５丁目,2023[sanitize]06[sanitize]23,20,その他の住宅（３階建て以下共同住宅等）,駐車（輪）場,20歳代,大学生,施錠せず
窃盗,自転車盗,伊丹,荒牧,282073,兵庫県,伊丹市,荒牧５丁目,2023[sanitize]07[sanitize]19,17,４階建て以上共同住宅,駐車（輪）場,10歳代,高校生,施錠した
窃盗,自転車盗,伊丹,荒牧,282073,兵庫県,伊丹市,荒牧５丁目,2023[sanitize]09[sanitize]13,18,その他の住宅（３階建て以下共同住宅等）,駐車（輪）場,20歳代,その他,施錠した
窃盗,自転車盗,伊丹,荒牧,282073,兵庫県,伊丹市,荒牧５丁目,2023[sanitize]09[sanitize]22,23,その他の住宅（３階建て以下共同住宅等）,駐車（輪）場,10歳代,小学生,施錠した
窃盗,自転車盗,伊丹,荒牧,282073,兵庫県,伊丹市,荒牧６丁目,2023[sanitize]01[sanitize]09,18,４階建て以上共同住宅,駐車（輪）場,10歳代,中学生,施錠せず
窃盗,自転車盗,伊丹,荒牧,282073,兵庫県,伊丹市,荒牧６丁目,2023[sanitize]07[sanitize]20,00,４階建て以上共同住宅,駐車（輪）場,10歳代,中学生,施錠せず
窃盗,自転車盗,伊丹,荒牧,282073,兵庫県,伊丹市,荒牧６丁目,2023[sanitize]12[sanitize]01,10,４階建て以上共同住宅,駐車（輪）場,30歳代,その他,施錠した
窃盗,自転車盗,伊丹,荒牧,282073,兵庫県,伊丹市,大野１丁目,2023[sanitize]05[sanitize]28,13,４階建て以上共同住宅,駐車（輪）場,20歳代,その他,施錠せず
窃盗,自転車盗,伊丹,荒牧,282073,兵庫県,伊丹市,大野１丁目,2023[sanitize]08[sanitize]08,20,４階建て以上共同住宅,駐車（輪）場,10歳代,中学生,施錠した
窃盗,自転車盗,伊丹,荒牧,282073,兵庫県,伊丹市,大野１丁目,2023[sanitize]09[sanitize]17,21,４階建て以上共同住宅,駐車（輪）場,20歳代,その他,施錠せず
窃盗,自転車盗,伊丹,荒牧,282073,兵庫県,伊丹市,大野２丁目,2023[sanitize]06[sanitize]21,12,一戸建住宅,駐車（輪）場,30歳代,その他,施錠した
窃盗,自転車盗,伊丹,荒牧,282073,兵庫県,伊丹市,荻野４丁目,2023[sanitize]06[sanitize]01,19,道路上,その他,10歳代,高校生,施錠せず
窃盗,自転車盗,伊丹,荒牧,282073,兵庫県,伊丹市,荻野５丁目,2023[sanitize]04[sanitize]11,14,その他の住宅（３階建て以下共同住宅等）,駐車（輪）場,20歳代,大学生,施錠せず
窃盗,自転車盗,伊丹,荒牧,282073,兵庫県,伊丹市,荻野５丁目,2023[sanitize]12[sanitize]23,22,その他の住宅（３階建て以下共同住宅等）,駐車（輪）場,10歳代,高校生,施錠した
窃盗,自転車盗,伊丹,荒牧,282073,兵庫県,伊丹市,荻野８丁目,2023[sanitize]08[sanitize]09,13,一戸建住宅,駐車（輪）場,30歳代,その他,施錠せず
窃盗,自転車盗,伊丹,荒牧,282073,兵庫県,伊丹市,北野１丁目,2023[sanitize]07[sanitize]10,19,その他の住宅（３階建て以下共同住宅等）,駐車（輪）場,10歳代,高校生,施錠せず
窃盗,自転車盗,伊丹,荒牧,282073,兵庫県,伊丹市,北野５丁目,2023[sanitize]01[sanitize]30,23,道路上,その他,20歳代,大学生,施錠せず
窃盗,自転車盗,伊丹,荒牧,282073,兵庫県,伊丹市,鴻池１丁目,2023[sanitize]02[sanitize]17,20,４階建て以上共同住宅,駐車（輪）場,70歳以上,その他,施錠せず
窃盗,自転車盗,伊丹,荒牧,282073,兵庫県,伊丹市,鴻池１丁目,2023[sanitize]10[sanitize]09,10,その他,駐車（輪）場,30歳代,その他,施錠せず
窃盗,自転車盗,伊丹,荒牧,282073,兵庫県,伊丹市,鴻池１丁目,2023[sanitize]10[sanitize]13,09,４階建て以上共同住宅,駐車（輪）場,40歳代,その他,施錠せず
窃盗,自転車盗,伊丹,荒牧,282073,兵庫県,伊丹市,鴻池２丁目,2022[sanitize]10[sanitize]02,15,４階建て以上共同住宅,駐車（輪）場,50歳代,その他,施錠した
窃盗,自転車盗,伊丹,荒牧,282073,兵庫県,伊丹市,鴻池２丁目,2023[sanitize]04[sanitize]03,17,４階建て以上共同住宅,駐車（輪）場,50歳代,その他,施錠した
窃盗,自転車盗,伊丹,荒牧,282073,兵庫県,伊丹市,鴻池２丁目,2023[sanitize]05[sanitize]17,15,４階建て以上共同住宅,駐車（輪）場,10歳代,高校生,施錠せず
窃盗,自転車盗,伊丹,荒牧,282073,兵庫県,伊丹市,鴻池２丁目,2023[sanitize]08[sanitize]23,20,４階建て以上共同住宅,駐車（輪）場,50歳代,その他,施錠した
窃盗,自転車盗,伊丹,荒牧,282073,兵庫県,伊丹市,鴻池３丁目,2023[sanitize]04[sanitize]30,20,４階建て以上共同住宅,駐車（輪）場,30歳代,その他,施錠せず
窃盗,自転車盗,伊丹,荒牧,282073,兵庫県,伊丹市,鴻池３丁目,2023[sanitize]08[sanitize]06,20,４階建て以上共同住宅,駐車（輪）場,10歳代,中学生,施錠した
窃盗,自転車盗,伊丹,荒牧,282073,兵庫県,伊丹市,鴻池３丁目,2023[sanitize]09[sanitize]03,04,４階建て以上共同住宅,駐車（輪）場,10歳代,その他,施錠せず
窃盗,自転車盗,伊丹,荒牧,282073,兵庫県,伊丹市,鴻池３丁目,2023[sanitize]10[sanitize]18,08,４階建て以上共同住宅,駐車（輪）場,30歳代,その他,施錠せず
窃盗,自転車盗,伊丹,荒牧,282073,兵庫県,伊丹市,鴻池４丁目,2023[sanitize]09[sanitize]02,18,一戸建住宅,駐車（輪）場,10歳代,中学生,施錠せず
窃盗,自転車盗,伊丹,荒牧,282073,兵庫県,伊丹市,鴻池４丁目,2023[sanitize]11[sanitize]20,05,その他,駐車（輪）場,50歳代,その他,施錠せず
窃盗,自転車盗,伊丹,荒牧,282073,兵庫県,伊丹市,鴻池５丁目,2023[sanitize]09[sanitize]08,17,その他の住宅（３階建て以下共同住宅等）,駐車（輪）場,10歳代,小学生,施錠した
窃盗,自転車盗,伊丹,荒牧,282073,兵庫県,伊丹市,鴻池６丁目,2023[sanitize]09[sanitize]22,08,道路上,その他,70歳以上,その他,施錠せず
窃盗,自転車盗,伊丹,荒牧,282073,兵庫県,伊丹市,鴻池６丁目,2023[sanitize]10[sanitize]05,22,一戸建住宅,その他,20歳代,大学生,施錠せず
窃盗,自転車盗,伊丹,荒牧,282073,兵庫県,伊丹市,鴻池７丁目,2023[sanitize]08[sanitize]28,10,その他,駐車（輪）場,70歳以上,その他,施錠せず
窃盗,自転車盗,伊丹,荒牧,282073,兵庫県,伊丹市,中野北３丁目,2023[sanitize]03[sanitize]16,12,４階建て以上共同住宅,駐車（輪）場,60[sanitize]64歳,その他,施錠した
窃盗,自転車盗,伊丹,荒牧,282073,兵庫県,伊丹市,荒牧南１丁目,2023[sanitize]09[sanitize]28,15,４階建て以上共同住宅,駐車（輪）場,30歳代,その他,施錠した
窃盗,自転車盗,伊丹,荒牧,282073,兵庫県,伊丹市,荒牧南２丁目,2023[sanitize]01[sanitize]13,18,その他の住宅（３階建て以下共同住宅等）,駐車（輪）場,10歳代,大学生,施錠せず
窃盗,自転車盗,伊丹,荒牧,282073,兵庫県,伊丹市,荒牧南３丁目,2023[sanitize]07[sanitize]03,14,その他,駐車（輪）場,40歳代,その他,施錠した
窃盗,自転車盗,伊丹,荒牧,282073,兵庫県,伊丹市,荒牧南３丁目,2023[sanitize]10[sanitize]12,18,道路上,その他,10歳代,その他,施錠した
窃盗,自転車盗,伊丹,荒牧,282073,兵庫県,伊丹市,荻野西２丁目,2023[sanitize]03[sanitize]16,19,一戸建住宅,駐車（輪）場,30歳代,その他,施錠せず
窃盗,自転車盗,伊丹,荒牧,282073,兵庫県,伊丹市,荻野西２丁目,2023[sanitize]10[sanitize]02,19,その他,駐車（輪）場,10歳代,中学生,施錠せず
窃盗,自転車盗,伊丹,野間,282073,兵庫県,伊丹市,安堂寺町７丁目,2023[sanitize]10[sanitize]30,19,道路上,その他,50歳代,その他,施錠した
窃盗,自転車盗,伊丹,野間,282073,兵庫県,伊丹市,野間１丁目,2023[sanitize]08[sanitize]01,00,４階建て以上共同住宅,その他,65[sanitize]69歳,その他,施錠せず
窃盗,自転車盗,伊丹,野間,282073,兵庫県,伊丹市,野間６丁目,2023[sanitize]09[sanitize]18,22,一戸建住宅,駐車（輪）場,10歳代,高校生,施錠した
窃盗,自転車盗,伊丹,野間,282073,兵庫県,伊丹市,野間８丁目,2023[sanitize]03[sanitize]25,15,道路上,その他,30歳代,その他,施錠せず
窃盗,自転車盗,伊丹,野間,282073,兵庫県,伊丹市,野間８丁目,2023[sanitize]11[sanitize]11,10,４階建て以上共同住宅,駐車（輪）場,10歳代,その他,施錠した
窃盗,自転車盗,伊丹,野間,282073,兵庫県,伊丹市,堀池２丁目,2023[sanitize]08[sanitize]31,18,４階建て以上共同住宅,駐車（輪）場,10歳代,小学生,施錠せず
窃盗,自転車盗,伊丹,野間,282073,兵庫県,伊丹市,堀池３丁目,2023[sanitize]10[sanitize]06,22,その他の住宅（３階建て以下共同住宅等）,駐車（輪）場,40歳代,その他,施錠した
窃盗,自転車盗,伊丹,野間,282073,兵庫県,伊丹市,堀池５丁目,2023[sanitize]09[sanitize]23,19,一戸建住宅,その他,40歳代,その他,施錠せず
窃盗,自転車盗,伊丹,野間,282073,兵庫県,伊丹市,南野５丁目,2023[sanitize]11[sanitize]11,21,４階建て以上共同住宅,駐車（輪）場,10歳代,高校生,施錠せず
窃盗,自転車盗,伊丹,野間,282073,兵庫県,伊丹市,南鈴原２丁目,2023[sanitize]09[sanitize]15,13,一戸建住宅,その他,40歳代,その他,施錠せず
窃盗,自転車盗,伊丹,野間,282073,兵庫県,伊丹市,南鈴原４丁目,2023[sanitize]06[sanitize]08,12,道路上,その他,40歳代,その他,施錠せず
窃盗,自転車盗,伊丹,野間,282073,兵庫県,伊丹市,野間北３丁目,2023[sanitize]12[sanitize]24,16,その他,駐車（輪）場,50歳代,その他,施錠せず
窃盗,自転車盗,伊丹,野間,282073,兵庫県,伊丹市,野間北４丁目,2023[sanitize]01[sanitize]04,15,４階建て以上共同住宅,駐車（輪）場,50歳代,その他,施錠した
窃盗,自転車盗,伊丹,野間,282073,兵庫県,伊丹市,南野北４丁目,2023[sanitize]09[sanitize]21,09,一戸建住宅,その他,30歳代,その他,施錠せず
窃盗,自転車盗,伊丹,野間,282073,兵庫県,伊丹市,南野北５丁目,2023[sanitize]10[sanitize]22,14,その他の住宅（３階建て以下共同住宅等）,駐車（輪）場,40歳代,その他,施錠した
窃盗,自転車盗,伊丹,阪急駅前,282073,兵庫県,伊丹市,伊丹１丁目,2023[sanitize]04[sanitize]16,12,その他,駐車（輪）場,20歳代,その他,施錠した
窃盗,自転車盗,伊丹,阪急駅前,282073,兵庫県,伊丹市,伊丹１丁目,2023[sanitize]09[sanitize]14,07,一戸建住宅,その他,30歳代,その他,施錠せず
窃盗,自転車盗,伊丹,阪急駅前,282073,兵庫県,伊丹市,伊丹２丁目,2023[sanitize]06[sanitize]23,17,道路上,その他,20歳代,大学生,施錠せず
窃盗,自転車盗,伊丹,阪急駅前,282073,兵庫県,伊丹市,北本町２丁目,2023[sanitize]01[sanitize]01,10,４階建て以上共同住宅,駐車（輪）場,65[sanitize]69歳,その他,施錠した
窃盗,自転車盗,伊丹,阪急駅前,282073,兵庫県,伊丹市,北本町２丁目,2023[sanitize]09[sanitize]09,20,その他,駐車（輪）場,10歳代,高校生,施錠せず
窃盗,自転車盗,伊丹,阪急駅前,282073,兵庫県,伊丹市,行基町１丁目,2023[sanitize]09[sanitize]14,13,４階建て以上共同住宅,その他,65[sanitize]69歳,その他,施錠せず
窃盗,自転車盗,伊丹,阪急駅前,282073,兵庫県,伊丹市,行基町２丁目,2023[sanitize]10[sanitize]24,12,４階建て以上共同住宅,その他,10歳代,高校生,施錠せず
窃盗,自転車盗,伊丹,阪急駅前,282073,兵庫県,伊丹市,行基町２丁目,2023[sanitize]11[sanitize]03,18,４階建て以上共同住宅,駐車（輪）場,20歳代,その他,施錠せず
窃盗,自転車盗,伊丹,阪急駅前,282073,兵庫県,伊丹市,行基町２丁目,2023[sanitize]11[sanitize]07,16,４階建て以上共同住宅,駐車（輪）場,30歳代,その他,施錠せず
窃盗,自転車盗,伊丹,阪急駅前,282073,兵庫県,伊丹市,桜ケ丘１丁目,2023[sanitize]03[sanitize]16,20,その他の住宅（３階建て以下共同住宅等）,駐車（輪）場,20歳代,その他,施錠せず
窃盗,自転車盗,伊丹,阪急駅前,282073,兵庫県,伊丹市,桜ケ丘１丁目,2023[sanitize]06[sanitize]09,08,道路上,その他,30歳代,その他,施錠せず
窃盗,自転車盗,伊丹,阪急駅前,282073,兵庫県,伊丹市,桜ケ丘３丁目,2023[sanitize]07[sanitize]26,21,一戸建住宅,駐車（輪）場,10歳代,高校生,施錠せず
窃盗,自転車盗,伊丹,阪急駅前,282073,兵庫県,伊丹市,桜ケ丘３丁目,2023[sanitize]08[sanitize]29,19,一戸建住宅,その他,40歳代,その他,施錠せず
窃盗,自転車盗,伊丹,阪急駅前,282073,兵庫県,伊丹市,清水２丁目,2023[sanitize]08[sanitize]25,17,その他の住宅（３階建て以下共同住宅等）,駐車（輪）場,20歳代,その他,施錠せず
窃盗,自転車盗,伊丹,阪急駅前,282073,兵庫県,伊丹市,千僧４丁目,2023[sanitize]05[sanitize]28,22,道路上,その他,20歳代,その他,施錠せず
窃盗,自転車盗,伊丹,阪急駅前,282073,兵庫県,伊丹市,中央１丁目,2023[sanitize]01[sanitize]29,13,その他,駐車（輪）場,40歳代,その他,施錠せず
窃盗,自転車盗,伊丹,阪急駅前,282073,兵庫県,伊丹市,中央１丁目,2023[sanitize]02[sanitize]21,16,その他,駐車（輪）場,20歳代,その他,施錠せず
窃盗,自転車盗,伊丹,阪急駅前,282073,兵庫県,伊丹市,中央１丁目,2023[sanitize]03[sanitize]03,17,道路上,その他,20歳代,その他,施錠せず
窃盗,自転車盗,伊丹,阪急駅前,282073,兵庫県,伊丹市,中央１丁目,2023[sanitize]04[sanitize]25,11,その他,その他,20歳代,大学生,施錠せず
窃盗,自転車盗,伊丹,阪急駅前,282073,兵庫県,伊丹市,中央１丁目,2023[sanitize]05[sanitize]30,23,道路上,その他,40歳代,その他,施錠せず
窃盗,自転車盗,伊丹,阪急駅前,282073,兵庫県,伊丹市,中央１丁目,2023[sanitize]06[sanitize]02,22,道路上,その他,20歳代,大学生,施錠せず
窃盗,自転車盗,伊丹,阪急駅前,282073,兵庫県,伊丹市,中央１丁目,2023[sanitize]06[sanitize]21,23,道路上,その他,20歳代,大学生,施錠せず
窃盗,自転車盗,伊丹,阪急駅前,282073,兵庫県,伊丹市,中央１丁目,2023[sanitize]06[sanitize]24,01,駐車（輪）場,駐車（輪）場,10歳代,その他,施錠した
窃盗,自転車盗,伊丹,阪急駅前,282073,兵庫県,伊丹市,中央１丁目,2023[sanitize]07[sanitize]14,18,その他,駐車（輪）場,10歳代,高校生,施錠せず
窃盗,自転車盗,伊丹,阪急駅前,282073,兵庫県,伊丹市,中央１丁目,2023[sanitize]08[sanitize]08,18,道路上,その他,50歳代,その他,施錠した
窃盗,自転車盗,伊丹,阪急駅前,282073,兵庫県,伊丹市,中央１丁目,2023[sanitize]08[sanitize]21,11,駐車（輪）場,駐車（輪）場,10歳代,大学生,施錠した
窃盗,自転車盗,伊丹,阪急駅前,282073,兵庫県,伊丹市,中央１丁目,2023[sanitize]08[sanitize]27,08,その他,駐車（輪）場,20歳代,その他,施錠せず
窃盗,自転車盗,伊丹,阪急駅前,282073,兵庫県,伊丹市,中央１丁目,2023[sanitize]08[sanitize]28,18,道路上,その他,40歳代,その他,施錠した
窃盗,自転車盗,伊丹,阪急駅前,282073,兵庫県,伊丹市,中央１丁目,2023[sanitize]09[sanitize]10,01,道路上,その他,20歳代,大学生,施錠せず
窃盗,自転車盗,伊丹,阪急駅前,282073,兵庫県,伊丹市,中央１丁目,2023[sanitize]09[sanitize]18,19,道路上,その他,40歳代,その他,施錠した
窃盗,自転車盗,伊丹,阪急駅前,282073,兵庫県,伊丹市,中央１丁目,2023[sanitize]10[sanitize]08,11,その他,駐車（輪）場,70歳以上,その他,施錠せず
窃盗,自転車盗,伊丹,阪急駅前,282073,兵庫県,伊丹市,中央１丁目,2023[sanitize]12[sanitize]04,14,その他,その他,40歳代,その他,施錠せず
窃盗,自転車盗,伊丹,阪急駅前,282073,兵庫県,伊丹市,中央２丁目,2022[sanitize]06[sanitize]24,17,４階建て以上共同住宅,駐車（輪）場,70歳以上,その他,施錠した
窃盗,自転車盗,伊丹,阪急駅前,282073,兵庫県,伊丹市,中央２丁目,2023[sanitize]05[sanitize]18,18,道路上,その他,20歳代,その他,施錠せず
窃盗,自転車盗,伊丹,阪急駅前,282073,兵庫県,伊丹市,中央２丁目,2023[sanitize]06[sanitize]08,09,一戸建住宅,駐車（輪）場,10歳代,大学生,施錠した
窃盗,自転車盗,伊丹,阪急駅前,282073,兵庫県,伊丹市,中央２丁目,2023[sanitize]09[sanitize]16,08,その他,その他,10歳代,大学生,施錠した
窃盗,自転車盗,伊丹,阪急駅前,282073,兵庫県,伊丹市,中央３丁目,2023[sanitize]07[sanitize]08,23,その他,その他,10歳代,大学生,施錠せず
窃盗,自転車盗,伊丹,阪急駅前,282073,兵庫県,伊丹市,中央３丁目,2023[sanitize]08[sanitize]18,15,その他,駐車（輪）場,20歳代,大学生,施錠せず
窃盗,自転車盗,伊丹,阪急駅前,282073,兵庫県,伊丹市,中央３丁目,2023[sanitize]10[sanitize]28,16,その他,駐車（輪）場,20歳代,大学生,施錠せず
窃盗,自転車盗,伊丹,阪急駅前,282073,兵庫県,伊丹市,中央４丁目,2023[sanitize]02[sanitize]22,23,道路上,その他,30歳代,その他,施錠せず
窃盗,自転車盗,伊丹,阪急駅前,282073,兵庫県,伊丹市,中央４丁目,2023[sanitize]03[sanitize]01,14,その他,駐車（輪）場,40歳代,その他,施錠せず
窃盗,自転車盗,伊丹,阪急駅前,282073,兵庫県,伊丹市,中央４丁目,2023[sanitize]03[sanitize]23,19,その他,駐車（輪）場,20歳代,その他,施錠せず
窃盗,自転車盗,伊丹,阪急駅前,282073,兵庫県,伊丹市,中央４丁目,2023[sanitize]06[sanitize]20,19,道路上,その他,30歳代,その他,施錠せず
窃盗,自転車盗,伊丹,阪急駅前,282073,兵庫県,伊丹市,中央４丁目,2023[sanitize]09[sanitize]22,15,その他,その他,40歳代,その他,施錠せず
窃盗,自転車盗,伊丹,阪急駅前,282073,兵庫県,伊丹市,中央４丁目,2023[sanitize]09[sanitize]27,21,道路上,その他,30歳代,その他,施錠せず
窃盗,自転車盗,伊丹,阪急駅前,282073,兵庫県,伊丹市,中央４丁目,2023[sanitize]10[sanitize]20,19,道路上,その他,30歳代,その他,施錠せず
窃盗,自転車盗,伊丹,阪急駅前,282073,兵庫県,伊丹市,中央５丁目,2023[sanitize]09[sanitize]26,16,その他,その他,60[sanitize]64歳,その他,施錠した
窃盗,自転車盗,伊丹,阪急駅前,282073,兵庫県,伊丹市,中央６丁目,2023[sanitize]10[sanitize]25,17,４階建て以上共同住宅,駐車（輪）場,10歳代,高校生,施錠せず
窃盗,自転車盗,伊丹,阪急駅前,282073,兵庫県,伊丹市,西台１丁目,2023[sanitize]01[sanitize]31,08,その他,駐車（輪）場,20歳代,その他,施錠した
窃盗,自転車盗,伊丹,阪急駅前,282073,兵庫県,伊丹市,西台１丁目,2023[sanitize]03[sanitize]07,08,駐車（輪）場,駐車（輪）場,20歳代,大学生,施錠せず
窃盗,自転車盗,伊丹,阪急駅前,282073,兵庫県,伊丹市,西台１丁目,2023[sanitize]03[sanitize]14,13,駐車（輪）場,駐車（輪）場,20歳代,その他,施錠せず
窃盗,自転車盗,伊丹,阪急駅前,282073,兵庫県,伊丹市,西台１丁目,2023[sanitize]06[sanitize]16,10,道路上,その他,70歳以上,その他,施錠した
窃盗,自転車盗,伊丹,阪急駅前,282073,兵庫県,伊丹市,西台１丁目,2023[sanitize]06[sanitize]20,07,駐車（輪）場,駐車（輪）場,40歳代,その他,施錠した
窃盗,自転車盗,伊丹,阪急駅前,282073,兵庫県,伊丹市,西台１丁目,2023[sanitize]07[sanitize]14,11,その他,その他,50歳代,その他,施錠せず
窃盗,自転車盗,伊丹,阪急駅前,282073,兵庫県,伊丹市,西台１丁目,2023[sanitize]07[sanitize]29,20,駐車（輪）場,駐車（輪）場,20歳代,その他,施錠せず
窃盗,自転車盗,伊丹,阪急駅前,282073,兵庫県,伊丹市,西台１丁目,2023[sanitize]09[sanitize]19,20,駐車（輪）場,駐車（輪）場,30歳代,その他,施錠せず
窃盗,自転車盗,伊丹,阪急駅前,282073,兵庫県,伊丹市,西台１丁目,2023[sanitize]11[sanitize]05,08,その他,駐車（輪）場,20歳代,その他,施錠した
窃盗,自転車盗,伊丹,阪急駅前,282073,兵庫県,伊丹市,西台１丁目,2023[sanitize]11[sanitize]20,09,駐車（輪）場,駐車（輪）場,20歳代,その他,施錠せず
窃盗,自転車盗,伊丹,阪急駅前,282073,兵庫県,伊丹市,西台１丁目,2023[sanitize]12[sanitize]21,14,その他,駐車（輪）場,10歳代,高校生,施錠せず
窃盗,自転車盗,伊丹,阪急駅前,282073,兵庫県,伊丹市,西台１丁目,2023[sanitize]12[sanitize]29,10,その他,駐車（輪）場,10歳代,中学生,施錠せず
窃盗,自転車盗,伊丹,阪急駅前,282073,兵庫県,伊丹市,西台２丁目,2023[sanitize]03[sanitize]06,16,その他,駐車（輪）場,40歳代,その他,施錠した
窃盗,自転車盗,伊丹,阪急駅前,282073,兵庫県,伊丹市,西台２丁目,2023[sanitize]06[sanitize]11,19,道路上,その他,40歳代,その他,施錠せず
窃盗,自転車盗,伊丹,阪急駅前,282073,兵庫県,伊丹市,西台２丁目,2023[sanitize]06[sanitize]14,08,４階建て以上共同住宅,駐車（輪）場,50歳代,その他,施錠せず
窃盗,自転車盗,伊丹,阪急駅前,282073,兵庫県,伊丹市,西台２丁目,2023[sanitize]07[sanitize]04,18,４階建て以上共同住宅,駐車（輪）場,30歳代,その他,施錠した
窃盗,自転車盗,伊丹,阪急駅前,282073,兵庫県,伊丹市,西台２丁目,2023[sanitize]08[sanitize]10,14,４階建て以上共同住宅,駐車（輪）場,30歳代,その他,施錠した
窃盗,自転車盗,伊丹,阪急駅前,282073,兵庫県,伊丹市,西台３丁目,2023[sanitize]08[sanitize]27,02,道路上,その他,20歳代,大学生,施錠せず
窃盗,自転車盗,伊丹,阪急駅前,282073,兵庫県,伊丹市,西台３丁目,2023[sanitize]10[sanitize]19,06,駐車（輪）場,駐車（輪）場,70歳以上,その他,施錠した
窃盗,自転車盗,伊丹,阪急駅前,282073,兵庫県,伊丹市,西台４丁目,2023[sanitize]09[sanitize]08,19,道路上,その他,20歳代,その他,施錠せず
窃盗,自転車盗,伊丹,阪急駅前,282073,兵庫県,伊丹市,船原１丁目,2023[sanitize]04[sanitize]11,17,その他,駐車（輪）場,20歳代,その他,施錠せず
窃盗,自転車盗,伊丹,阪急駅前,282073,兵庫県,伊丹市,船原１丁目,2023[sanitize]09[sanitize]17,12,その他,駐車（輪）場,10歳代,高校生,施錠した
窃盗,自転車盗,伊丹,阪急駅前,282073,兵庫県,伊丹市,船原２丁目,2023[sanitize]06[sanitize]23,17,道路上,その他,50歳代,その他,施錠した
窃盗,自転車盗,伊丹,阪急駅前,282073,兵庫県,伊丹市,宮ノ前１丁目,2023[sanitize]04[sanitize]08,20,道路上,その他,40歳代,その他,施錠せず
窃盗,自転車盗,伊丹,阪急駅前,282073,兵庫県,伊丹市,宮ノ前２丁目,2023[sanitize]02[sanitize]23,23,一戸建住宅,その他,40歳代,その他,施錠した
窃盗,自転車盗,伊丹,阪急駅前,282073,兵庫県,伊丹市,藤ノ木１丁目,2023[sanitize]03[sanitize]26,13,その他,駐車（輪）場,20歳代,大学生,施錠せず
窃盗,自転車盗,伊丹,阪急駅前,282073,兵庫県,伊丹市,昆陽東１丁目,2023[sanitize]04[sanitize]24,02,その他,駐車（輪）場,40歳代,その他,施錠せず
窃盗,自転車盗,伊丹,阪急駅前,282073,兵庫県,伊丹市,昆陽東１丁目,2023[sanitize]08[sanitize]30,23,４階建て以上共同住宅,駐車（輪）場,20歳代,その他,施錠せず
窃盗,自転車盗,伊丹,阪急駅前,282073,兵庫県,伊丹市,昆陽東１丁目,2023[sanitize]11[sanitize]11,13,４階建て以上共同住宅,駐車（輪）場,20歳代,その他,施錠せず
窃盗,自転車盗,川西,中央,282171,兵庫県,川西市,小戸１丁目,2023[sanitize]08[sanitize]14,14,道路上,その他,10歳代,中学生,施錠せず
窃盗,自転車盗,川西,中央,282171,兵庫県,川西市,小花１丁目,2023[sanitize]10[sanitize]11,19,駐車（輪）場,駐車（輪）場,10歳代,中学生,施錠せず
窃盗,自転車盗,川西,中央,282171,兵庫県,川西市,小花１丁目,2023[sanitize]11[sanitize]21,09,４階建て以上共同住宅,駐車（輪）場,70歳以上,その他,施錠せず
窃盗,自転車盗,川西,中央,282171,兵庫県,川西市,栄町,2022[sanitize]12[sanitize]28,18,駐車（輪）場,駐車（輪）場,40歳代,その他,施錠した
窃盗,自転車盗,川西,中央,282171,兵庫県,川西市,栄町,2023[sanitize]01[sanitize]04,20,駐車（輪）場,駐車（輪）場,10歳代,中学生,施錠せず
窃盗,自転車盗,川西,中央,282171,兵庫県,川西市,栄町,2023[sanitize]02[sanitize]01,00,その他,駐車（輪）場,40歳代,その他,施錠せず
窃盗,自転車盗,川西,中央,282171,兵庫県,川西市,栄町,2023[sanitize]02[sanitize]17,10,その他,駐車（輪）場,50歳代,その他,施錠した
窃盗,自転車盗,川西,中央,282171,兵庫県,川西市,栄町,2023[sanitize]02[sanitize]22,15,駐車（輪）場,駐車（輪）場,70歳以上,その他,施錠した
窃盗,自転車盗,川西,中央,282171,兵庫県,川西市,栄町,2023[sanitize]05[sanitize]26,22,道路上,その他,10歳代,その他,施錠せず
窃盗,自転車盗,川西,中央,282171,兵庫県,川西市,栄町,2023[sanitize]06[sanitize]17,00,その他,駐車（輪）場,20歳代,その他,施錠せず
窃盗,自転車盗,川西,中央,282171,兵庫県,川西市,栄町,2023[sanitize]07[sanitize]09,10,駐車（輪）場,駐車（輪）場,65[sanitize]69歳,その他,施錠した
窃盗,自転車盗,川西,中央,282171,兵庫県,川西市,栄町,2023[sanitize]07[sanitize]20,08,駐車（輪）場,駐車（輪）場,30歳代,その他,施錠せず
窃盗,自転車盗,川西,中央,282171,兵庫県,川西市,栄町,2023[sanitize]07[sanitize]25,13,駐車（輪）場,駐車（輪）場,50歳代,その他,施錠した
窃盗,自転車盗,川西,中央,282171,兵庫県,川西市,栄町,2023[sanitize]08[sanitize]24,12,駐車（輪）場,駐車（輪）場,10歳代,その他,施錠せず
窃盗,自転車盗,川西,中央,282171,兵庫県,川西市,栄町,2023[sanitize]10[sanitize]26,13,その他,駐車（輪）場,70歳以上,その他,施錠せず
窃盗,自転車盗,川西,中央,282171,兵庫県,川西市,栄町,2023[sanitize]11[sanitize]07,10,その他,駐車（輪）場,40歳代,その他,施錠せず
窃盗,自転車盗,川西,中央,282171,兵庫県,川西市,栄町,2023[sanitize]11[sanitize]14,07,その他,駐車（輪）場,40歳代,その他,施錠した
窃盗,自転車盗,川西,中央,282171,兵庫県,川西市,栄町,2023[sanitize]11[sanitize]16,00,その他,駐車（輪）場,10歳代,高校生,施錠せず
窃盗,自転車盗,川西,中央,282171,兵庫県,川西市,栄町,2023[sanitize]12[sanitize]10,12,その他,駐車（輪）場,50歳代,その他,施錠せず
窃盗,自転車盗,川西,中央,282171,兵庫県,川西市,栄根１丁目,2023[sanitize]04[sanitize]19,00,駐車（輪）場,駐車（輪）場,40歳代,その他,施錠せず
窃盗,自転車盗,川西,中央,282171,兵庫県,川西市,栄根２丁目,2023[sanitize]09[sanitize]22,15,その他,駐車（輪）場,10歳代,高校生,施錠せず
窃盗,自転車盗,川西,中央,282171,兵庫県,川西市,中央町,2023[sanitize]01[sanitize]05,20,その他の住宅（３階建て以下共同住宅等）,その他,30歳代,その他,施錠した
窃盗,自転車盗,川西,中央,282171,兵庫県,川西市,中央町,2023[sanitize]11[sanitize]23,19,その他の住宅（３階建て以下共同住宅等）,駐車（輪）場,20歳代,その他,施錠せず
窃盗,自転車盗,川西,中央,282171,兵庫県,川西市,寺畑１丁目,2023[sanitize]07[sanitize]21,22,その他,その他,20歳代,その他,施錠せず
窃盗,自転車盗,川西,中央,282171,兵庫県,川西市,花屋敷１丁目,2023[sanitize]03[sanitize]01,18,４階建て以上共同住宅,駐車（輪）場,50歳代,その他,施錠した
窃盗,自転車盗,川西,中央,282171,兵庫県,川西市,花屋敷２丁目,2023[sanitize]12[sanitize]22,18,一戸建住宅,その他,40歳代,その他,施錠せず
窃盗,自転車盗,川西,久代,282171,兵庫県,川西市,久代１丁目,2023[sanitize]07[sanitize]20,09,道路上,その他,30歳代,その他,施錠せず
窃盗,自転車盗,川西,久代,282171,兵庫県,川西市,久代１丁目,2023[sanitize]11[sanitize]13,11,道路上,その他,30歳代,その他,施錠せず
窃盗,自転車盗,川西,久代,282171,兵庫県,川西市,久代３丁目,2023[sanitize]02[sanitize]26,17,一戸建住宅,その他,40歳代,その他,施錠せず
窃盗,自転車盗,川西,久代,282171,兵庫県,川西市,久代３丁目,2023[sanitize]07[sanitize]07,19,一戸建住宅,駐車（輪）場,40歳代,その他,施錠した
窃盗,自転車盗,川西,久代,282171,兵庫県,川西市,久代４丁目,2023[sanitize]11[sanitize]05,22,一戸建住宅,駐車（輪）場,30歳代,その他,施錠せず
窃盗,自転車盗,川西,久代,282171,兵庫県,川西市,久代５丁目,2023[sanitize]06[sanitize]30,18,一戸建住宅,駐車（輪）場,10歳代,高校生,施錠せず
窃盗,自転車盗,川西,久代,282171,兵庫県,川西市,久代５丁目,2023[sanitize]10[sanitize]25,18,道路上,その他,10歳代,中学生,施錠せず
窃盗,自転車盗,川西,久代,282171,兵庫県,川西市,久代６丁目,2023[sanitize]02[sanitize]08,08,駐車（輪）場,駐車（輪）場,20歳代,大学生,施錠せず
窃盗,自転車盗,川西,久代,282171,兵庫県,川西市,久代６丁目,2023[sanitize]03[sanitize]05,15,４階建て以上共同住宅,駐車（輪）場,10歳代,大学生,施錠せず
窃盗,自転車盗,川西,久代,282171,兵庫県,川西市,久代６丁目,2023[sanitize]03[sanitize]31,18,その他,その他,20歳代,その他,施錠せず
窃盗,自転車盗,川西,久代,282171,兵庫県,川西市,久代６丁目,2023[sanitize]06[sanitize]09,07,駐車（輪）場,駐車（輪）場,20歳代,大学生,施錠せず
窃盗,自転車盗,川西,久代,282171,兵庫県,川西市,久代６丁目,2023[sanitize]07[sanitize]04,17,駐車（輪）場,駐車（輪）場,40歳代,その他,施錠した
窃盗,自転車盗,川西,久代,282171,兵庫県,川西市,久代６丁目,2023[sanitize]08[sanitize]05,16,駐車（輪）場,駐車（輪）場,20歳代,その他,施錠した
窃盗,自転車盗,川西,久代,282171,兵庫県,川西市,久代６丁目,2023[sanitize]08[sanitize]14,17,駐車（輪）場,駐車（輪）場,10歳代,中学生,施錠せず
窃盗,自転車盗,川西,久代,282171,兵庫県,川西市,久代６丁目,2023[sanitize]11[sanitize]02,22,その他,駐車（輪）場,30歳代,その他,施錠した
窃盗,自転車盗,川西,久代,282171,兵庫県,川西市,久代６丁目,2023[sanitize]11[sanitize]21,13,その他,駐車（輪）場,20歳代,大学生,施錠した
窃盗,自転車盗,川西,久代,282171,兵庫県,川西市,久代６丁目,2023[sanitize]12[sanitize]11,11,駐車（輪）場,駐車（輪）場,10歳代,大学生,施錠せず
窃盗,自転車盗,川西,久代,282171,兵庫県,川西市,東久代２丁目,2023[sanitize]09[sanitize]10,16,一戸建住宅,駐車（輪）場,70歳以上,その他,施錠せず
窃盗,自転車盗,川西,加茂,282171,兵庫県,川西市,加茂２丁目,2023[sanitize]03[sanitize]10,18,その他の住宅（３階建て以下共同住宅等）,駐車（輪）場,20歳代,その他,施錠せず
窃盗,自転車盗,川西,加茂,282171,兵庫県,川西市,加茂２丁目,2023[sanitize]06[sanitize]13,23,駐車（輪）場,駐車（輪）場,50歳代,その他,施錠せず
窃盗,自転車盗,川西,加茂,282171,兵庫県,川西市,加茂２丁目,2023[sanitize]07[sanitize]04,20,その他の住宅（３階建て以下共同住宅等）,駐車（輪）場,20歳代,その他,施錠せず
窃盗,自転車盗,川西,加茂,282171,兵庫県,川西市,加茂２丁目,2023[sanitize]11[sanitize]03,17,その他の住宅（３階建て以下共同住宅等）,駐車（輪）場,20歳代,その他,施錠せず
窃盗,自転車盗,川西,加茂,282171,兵庫県,川西市,加茂３丁目,2023[sanitize]02[sanitize]13,20,その他の住宅（３階建て以下共同住宅等）,駐車（輪）場,30歳代,その他,施錠せず
窃盗,自転車盗,川西,加茂,282171,兵庫県,川西市,加茂３丁目,2023[sanitize]06[sanitize]25,11,４階建て以上共同住宅,駐車（輪）場,20歳代,その他,施錠した
窃盗,自転車盗,川西,加茂,282171,兵庫県,川西市,加茂３丁目,2023[sanitize]08[sanitize]12,11,一戸建住宅,駐車（輪）場,10歳代,高校生,施錠せず
窃盗,自転車盗,川西,加茂,282171,兵庫県,川西市,加茂３丁目,2023[sanitize]08[sanitize]30,20,その他の住宅（３階建て以下共同住宅等）,駐車（輪）場,30歳代,その他,施錠せず
窃盗,自転車盗,川西,加茂,282171,兵庫県,川西市,加茂３丁目,2023[sanitize]09[sanitize]23,18,一戸建住宅,駐車（輪）場,70歳以上,その他,施錠せず
窃盗,自転車盗,川西,加茂,282171,兵庫県,川西市,加茂３丁目,2023[sanitize]10[sanitize]29,17,その他,駐車（輪）場,20歳代,その他,施錠せず
窃盗,自転車盗,川西,加茂,282171,兵庫県,川西市,加茂３丁目,2023[sanitize]11[sanitize]07,19,一戸建住宅,その他,40歳代,その他,施錠せず
窃盗,自転車盗,川西,加茂,282171,兵庫県,川西市,栄根１丁目,2023[sanitize]10[sanitize]07,05,一戸建住宅,その他,70歳以上,その他,施錠せず
窃盗,自転車盗,川西,加茂,282171,兵庫県,川西市,栄根２丁目,2023[sanitize]01[sanitize]11,11,駐車（輪）場,駐車（輪）場,60[sanitize]64歳,その他,施錠せず
窃盗,自転車盗,川西,加茂,282171,兵庫県,川西市,栄根２丁目,2023[sanitize]06[sanitize]26,18,その他,駐車（輪）場,10歳代,高校生,施錠せず
窃盗,自転車盗,川西,加茂,282171,兵庫県,川西市,栄根２丁目,2023[sanitize]07[sanitize]12,12,その他,駐車（輪）場,65[sanitize]69歳,その他,施錠した
窃盗,自転車盗,川西,加茂,282171,兵庫県,川西市,栄根２丁目,2023[sanitize]08[sanitize]29,18,その他の住宅（３階建て以下共同住宅等）,駐車（輪）場,20歳代,その他,施錠せず
窃盗,自転車盗,川西,加茂,282171,兵庫県,川西市,栄根２丁目,2023[sanitize]11[sanitize]01,07,その他,駐車（輪）場,40歳代,その他,施錠した
窃盗,自転車盗,川西,加茂,282171,兵庫県,川西市,栄根２丁目,2023[sanitize]11[sanitize]01,09,その他,駐車（輪）場,20歳代,その他,施錠せず
窃盗,自転車盗,川西,加茂,282171,兵庫県,川西市,下加茂１丁目,2023[sanitize]01[sanitize]08,01,その他,駐車（輪）場,30歳代,その他,施錠せず
窃盗,自転車盗,川西,加茂,282171,兵庫県,川西市,下加茂１丁目,2023[sanitize]07[sanitize]21,22,道路上,その他,30歳代,その他,施錠した
窃盗,自転車盗,川西,加茂,282171,兵庫県,川西市,下加茂１丁目,2023[sanitize]09[sanitize]02,06,その他の住宅（３階建て以下共同住宅等）,駐車（輪）場,20歳代,その他,施錠せず
窃盗,自転車盗,川西,加茂,282171,兵庫県,川西市,下加茂１丁目,2023[sanitize]09[sanitize]20,12,その他の住宅（３階建て以下共同住宅等）,駐車（輪）場,10歳代,その他,施錠せず
窃盗,自転車盗,川西,加茂,282171,兵庫県,川西市,下加茂１丁目,2023[sanitize]10[sanitize]12,22,一戸建住宅,駐車（輪）場,40歳代,その他,施錠した
窃盗,自転車盗,川西,加茂,282171,兵庫県,川西市,南花屋敷３丁目,2023[sanitize]01[sanitize]23,18,その他,駐車（輪）場,20歳代,大学生,施錠せず
窃盗,自転車盗,川西,加茂,282171,兵庫県,川西市,南花屋敷３丁目,2023[sanitize]09[sanitize]28,23,その他の住宅（３階建て以下共同住宅等）,その他,20歳代,その他,施錠せず
窃盗,自転車盗,川西,多田東,282171,兵庫県,川西市,新田１丁目,2023[sanitize]06[sanitize]13,17,４階建て以上共同住宅,駐車（輪）場,40歳代,その他,施錠せず
窃盗,自転車盗,川西,多田東,282171,兵庫県,川西市,東多田３丁目,2023[sanitize]03[sanitize]17,18,４階建て以上共同住宅,駐車（輪）場,10歳代,その他,施錠した
窃盗,自転車盗,川西,多田東,282171,兵庫県,川西市,多田桜木１丁目,2023[sanitize]05[sanitize]08,21,駐車（輪）場,駐車（輪）場,20歳代,その他,施錠した
窃盗,自転車盗,川西,多田東,282171,兵庫県,川西市,多田桜木２丁目,2022[sanitize]12[sanitize]27,21,４階建て以上共同住宅,駐車（輪）場,10歳代,高校生,施錠せず
窃盗,自転車盗,川西,多田東,282171,兵庫県,川西市,多田桜木２丁目,2023[sanitize]01[sanitize]24,19,その他,駐車（輪）場,10歳代,中学生,施錠した
窃盗,自転車盗,川西,多田東,282171,兵庫県,川西市,多田桜木２丁目,2023[sanitize]02[sanitize]01,07,その他の住宅（３階建て以下共同住宅等）,駐車（輪）場,20歳代,大学生,施錠せず
窃盗,自転車盗,川西,多田東,282171,兵庫県,川西市,多田桜木２丁目,2023[sanitize]10[sanitize]31,08,道路上,その他,50歳代,その他,施錠せず
窃盗,自転車盗,川西,多田東,282171,兵庫県,川西市,鼓が滝１丁目,2023[sanitize]01[sanitize]11,18,道路上,その他,20歳代,大学生,施錠せず
窃盗,自転車盗,川西,多田西,282171,兵庫県,川西市,鴬台１丁目,2023[sanitize]12[sanitize]10,10,一戸建住宅,駐車（輪）場,20歳代,その他,施錠した
窃盗,自転車盗,川西,多田西,282171,兵庫県,川西市,西多田１丁目,2023[sanitize]09[sanitize]20,21,駐車（輪）場,駐車（輪）場,10歳代,高校生,施錠せず
窃盗,自転車盗,川西,小花,282171,兵庫県,川西市,小戸１丁目,2023[sanitize]02[sanitize]25,18,駐車（輪）場,駐車（輪）場,50歳代,その他,施錠した
窃盗,自転車盗,川西,小花,282171,兵庫県,川西市,小戸１丁目,2023[sanitize]04[sanitize]17,08,駐車（輪）場,駐車（輪）場,30歳代,その他,施錠した
窃盗,自転車盗,川西,小花,282171,兵庫県,川西市,小戸３丁目,2023[sanitize]11[sanitize]01,07,その他,駐車（輪）場,10歳代,大学生,施錠せず
窃盗,自転車盗,川西,小花,282171,兵庫県,川西市,小花１丁目,2023[sanitize]07[sanitize]25,20,駐車（輪）場,駐車（輪）場,40歳代,その他,施錠せず
窃盗,自転車盗,川西,小花,282171,兵庫県,川西市,小花２丁目,2023[sanitize]04[sanitize]27,18,駐車（輪）場,駐車（輪）場,50歳代,その他,施錠せず
窃盗,自転車盗,川西,小花,282171,兵庫県,川西市,小花２丁目,2023[sanitize]07[sanitize]03,20,４階建て以上共同住宅,駐車（輪）場,70歳以上,その他,施錠した
窃盗,自転車盗,川西,小花,282171,兵庫県,川西市,小花２丁目,2023[sanitize]08[sanitize]12,22,４階建て以上共同住宅,駐車（輪）場,10歳代,高校生,施錠した
窃盗,自転車盗,川西,山下,282171,兵庫県,川西市,見野１丁目,2023[sanitize]11[sanitize]24,07,駐車（輪）場,駐車（輪）場,10歳代,高校生,施錠せず
窃盗,自転車盗,川西,山下,282171,兵庫県,川西市,見野２丁目,2023[sanitize]06[sanitize]16,14,道路上,その他,10歳代,高校生,施錠した
窃盗,自転車盗,川西,山下,282171,兵庫県,川西市,見野２丁目,2023[sanitize]10[sanitize]23,07,道路上,その他,10歳代,高校生,施錠せず
窃盗,自転車盗,川西,山下,282171,兵庫県,川西市,見野２丁目,2023[sanitize]11[sanitize]28,14,その他,駐車（輪）場,10歳代,高校生,施錠せず
窃盗,自転車盗,川西,山下,282171,兵庫県,川西市,山下町,2023[sanitize]09[sanitize]22,10,一戸建住宅,駐車（輪）場,10歳未満,小学生,施錠せず
窃盗,自転車盗,川西,日の出,281051,兵庫県,神戸市兵庫区,滝山町,2023[sanitize]03[sanitize]19,15,駐車（輪）場,駐車（輪）場,50歳代,その他,施錠せず
窃盗,自転車盗,川西,日の出,282171,兵庫県,川西市,鴬が丘,2023[sanitize]10[sanitize]09,17,その他,その他,10歳未満,小学生,施錠せず
窃盗,自転車盗,川西,日の出,282171,兵庫県,川西市,絹延町,2023[sanitize]09[sanitize]08,20,駐車（輪）場,駐車（輪）場,50歳代,その他,施錠せず
窃盗,自転車盗,川西,日の出,282171,兵庫県,川西市,萩原台西２丁目,2023[sanitize]06[sanitize]15,14,その他,その他,10歳代,高校生,施錠せず
窃盗,自転車盗,川西,日の出,282171,兵庫県,川西市,火打１丁目,2023[sanitize]08[sanitize]01,08,駐車（輪）場,駐車（輪）場,10歳代,中学生,施錠せず
窃盗,自転車盗,川西,日の出,282171,兵庫県,川西市,火打１丁目,2023[sanitize]08[sanitize]11,20,一戸建住宅,駐車（輪）場,30歳代,その他,施錠した
窃盗,自転車盗,川西,日の出,282171,兵庫県,川西市,火打１丁目,2023[sanitize]08[sanitize]16,11,その他,駐車（輪）場,20歳代,大学生,施錠せず
窃盗,自転車盗,川西,日の出,282171,兵庫県,川西市,火打１丁目,2023[sanitize]08[sanitize]16,16,その他,駐車（輪）場,30歳代,その他,施錠した
窃盗,自転車盗,川西,日の出,282171,兵庫県,川西市,火打１丁目,2023[sanitize]08[sanitize]24,11,その他,駐車（輪）場,10歳代,中学生,施錠せず
窃盗,自転車盗,川西,日の出,282171,兵庫県,川西市,火打１丁目,2023[sanitize]10[sanitize]12,14,その他,駐車（輪）場,40歳代,その他,施錠せず
窃盗,自転車盗,川西,日の出,282171,兵庫県,川西市,火打１丁目,2023[sanitize]11[sanitize]13,11,その他,駐車（輪）場,20歳代,その他,施錠せず
窃盗,自転車盗,川西,日の出,282171,兵庫県,川西市,丸の内町,2023[sanitize]11[sanitize]15,12,その他,駐車（輪）場,70歳以上,その他,施錠せず
窃盗,自転車盗,川西,日の出,282171,兵庫県,川西市,美園町,2023[sanitize]11[sanitize]09,17,４階建て以上共同住宅,駐車（輪）場,20歳代,その他,施錠せず
窃盗,自転車盗,川西,清和台,282171,兵庫県,川西市,清和台西１丁目,2023[sanitize]06[sanitize]20,16,その他,その他,10歳未満,小学生,施錠せず
窃盗,自転車盗,川西,清和台,282171,兵庫県,川西市,清和台西３丁目,2023[sanitize]12[sanitize]08,19,道路上,その他,10歳代,中学生,施錠せず
窃盗,自転車盗,川西,清和台,282171,兵庫県,川西市,清和台東３丁目,2023[sanitize]01[sanitize]18,16,道路上,その他,70歳以上,その他,施錠せず
窃盗,自転車盗,川西,清和台,282171,兵庫県,川西市,清和台東３丁目,2023[sanitize]06[sanitize]17,18,駐車（輪）場,駐車（輪）場,10歳代,大学生,施錠せず
窃盗,自転車盗,川西,清和台,282171,兵庫県,川西市,清和台東３丁目,2023[sanitize]12[sanitize]19,19,道路上,その他,10歳代,高校生,施錠せず
窃盗,自転車盗,川西,清和台,282171,兵庫県,川西市,清和台東４丁目,2023[sanitize]12[sanitize]09,20,一戸建住宅,駐車（輪）場,50歳代,その他,施錠した
窃盗,自転車盗,川西,清和台,282171,兵庫県,川西市,けやき坂５丁目,2023[sanitize]06[sanitize]14,11,一戸建住宅,駐車（輪）場,10歳代,中学生,施錠せず
窃盗,自転車盗,川西,猪名川パークタウン,283011,兵庫県,猪名川町,白金２丁目,2023[sanitize]04[sanitize]08,17,一戸建住宅,駐車（輪）場,10歳代,小学生,施錠せず
窃盗,自転車盗,川西,猪名川パークタウン,283011,兵庫県,猪名川町,白金２丁目,2023[sanitize]06[sanitize]06,15,その他,駐車（輪）場,10歳代,中学生,施錠せず
窃盗,自転車盗,川西,猪名川パークタウン,283011,兵庫県,猪名川町,つつじが丘５丁目,2023[sanitize]03[sanitize]28,20,一戸建住宅,駐車（輪）場,10歳代,大学生,施錠せず
窃盗,自転車盗,川西,猪名川パークタウン,283011,兵庫県,猪名川町,つつじが丘５丁目,2023[sanitize]07[sanitize]05,15,一戸建住宅,駐車（輪）場,50歳代,その他,施錠せず
窃盗,自転車盗,川西,緑台,282171,兵庫県,川西市,緑台４丁目,2023[sanitize]01[sanitize]19,15,一戸建住宅,その他,30歳代,その他,施錠せず
窃盗,自転車盗,川西,緑台,282171,兵庫県,川西市,緑台５丁目,2023[sanitize]07[sanitize]25,01,その他,駐車（輪）場,10歳代,高校生,施錠せず
窃盗,自転車盗,宝塚,中山台,282146,兵庫県,宝塚市,中筋４丁目,2023[sanitize]01[sanitize]05,10,その他,その他,10歳代,高校生,施錠せず
窃盗,自転車盗,宝塚,中山台,282146,兵庫県,宝塚市,中筋４丁目,2023[sanitize]02[sanitize]25,18,その他,その他,10歳代,その他,施錠した
窃盗,自転車盗,宝塚,中山台,282146,兵庫県,宝塚市,中筋４丁目,2023[sanitize]03[sanitize]29,15,その他,その他,20歳代,その他,施錠せず
窃盗,自転車盗,宝塚,中山台,282146,兵庫県,宝塚市,中筋４丁目,2023[sanitize]04[sanitize]14,08,その他,駐車（輪）場,20歳代,その他,施錠せず
窃盗,自転車盗,宝塚,仁川,282146,兵庫県,宝塚市,大吹町,2023[sanitize]11[sanitize]08,13,駐車（輪）場,駐車（輪）場,10歳代,小学生,施錠せず
窃盗,自転車盗,宝塚,仁川,282146,兵庫県,宝塚市,大吹町,2023[sanitize]11[sanitize]08,13,４階建て以上共同住宅,駐車（輪）場,10歳代,中学生,施錠せず
窃盗,自転車盗,宝塚,仁川,282146,兵庫県,宝塚市,大吹町,2023[sanitize]11[sanitize]08,13,４階建て以上共同住宅,駐車（輪）場,10歳代,小学生,施錠せず
窃盗,自転車盗,宝塚,仁川,282146,兵庫県,宝塚市,鹿塩１丁目,2023[sanitize]01[sanitize]05,14,その他,駐車（輪）場,10歳代,中学生,施錠せず
窃盗,自転車盗,宝塚,仁川,282146,兵庫県,宝塚市,鹿塩２丁目,2023[sanitize]08[sanitize]16,18,４階建て以上共同住宅,駐車（輪）場,20歳代,その他,施錠せず
窃盗,自転車盗,宝塚,仁川,282146,兵庫県,宝塚市,鹿塩２丁目,2023[sanitize]09[sanitize]23,22,その他の住宅（３階建て以下共同住宅等）,駐車（輪）場,20歳代,その他,施錠せず
窃盗,自転車盗,宝塚,仁川,282146,兵庫県,宝塚市,高司１丁目,2023[sanitize]01[sanitize]22,06,道路上,その他,70歳以上,その他,施錠せず
窃盗,自転車盗,宝塚,仁川,282146,兵庫県,宝塚市,高司１丁目,2023[sanitize]09[sanitize]10,22,４階建て以上共同住宅,駐車（輪）場,30歳代,その他,施錠せず
窃盗,自転車盗,宝塚,仁川,282146,兵庫県,宝塚市,高司１丁目,2023[sanitize]11[sanitize]02,15,４階建て以上共同住宅,駐車（輪）場,10歳代,高校生,施錠せず
窃盗,自転車盗,宝塚,仁川,282146,兵庫県,宝塚市,谷口町,2023[sanitize]08[sanitize]29,12,４階建て以上共同住宅,駐車（輪）場,10歳代,大学生,施錠せず
窃盗,自転車盗,宝塚,仁川,282146,兵庫県,宝塚市,中野町,2023[sanitize]06[sanitize]26,19,その他の住宅（３階建て以下共同住宅等）,駐車（輪）場,10歳代,大学生,施錠した
窃盗,自転車盗,宝塚,仁川,282146,兵庫県,宝塚市,中野町,2023[sanitize]08[sanitize]08,00,その他の住宅（３階建て以下共同住宅等）,駐車（輪）場,20歳代,大学生,施錠せず
窃盗,自転車盗,宝塚,仁川,282146,兵庫県,宝塚市,中野町,2023[sanitize]09[sanitize]01,18,一戸建住宅,その他,20歳代,その他,施錠せず
窃盗,自転車盗,宝塚,仁川,282146,兵庫県,宝塚市,仁川北２丁目,2023[sanitize]01[sanitize]12,07,駐車（輪）場,駐車（輪）場,10歳代,高校生,施錠せず
窃盗,自転車盗,宝塚,仁川,282146,兵庫県,宝塚市,仁川北２丁目,2023[sanitize]02[sanitize]05,14,その他,その他,70歳以上,その他,施錠した
窃盗,自転車盗,宝塚,仁川,282146,兵庫県,宝塚市,仁川北２丁目,2023[sanitize]03[sanitize]13,20,駐車（輪）場,駐車（輪）場,10歳代,中学生,施錠した
窃盗,自転車盗,宝塚,仁川,282146,兵庫県,宝塚市,仁川北２丁目,2023[sanitize]04[sanitize]11,22,４階建て以上共同住宅,駐車（輪）場,30歳代,その他,施錠せず
窃盗,自転車盗,宝塚,仁川,282146,兵庫県,宝塚市,仁川北２丁目,2023[sanitize]06[sanitize]10,00,その他,その他,20歳代,その他,施錠せず
窃盗,自転車盗,宝塚,仁川,282146,兵庫県,宝塚市,仁川北２丁目,2023[sanitize]07[sanitize]11,18,４階建て以上共同住宅,駐車（輪）場,20歳代,その他,施錠した
窃盗,自転車盗,宝塚,仁川,282146,兵庫県,宝塚市,仁川北２丁目,2023[sanitize]07[sanitize]16,00,４階建て以上共同住宅,駐車（輪）場,10歳代,中学生,施錠した
窃盗,自転車盗,宝塚,仁川,282146,兵庫県,宝塚市,仁川北２丁目,2023[sanitize]08[sanitize]15,09,その他,駐車（輪）場,10歳代,大学生,施錠した
窃盗,自転車盗,宝塚,仁川,282146,兵庫県,宝塚市,仁川北２丁目,2023[sanitize]09[sanitize]28,08,その他の住宅（３階建て以下共同住宅等）,駐車（輪）場,20歳代,大学生,施錠した
窃盗,自転車盗,宝塚,仁川,282146,兵庫県,宝塚市,仁川北３丁目,2023[sanitize]08[sanitize]03,07,その他,駐車（輪）場,50歳代,その他,施錠せず
窃盗,自転車盗,宝塚,仁川,282146,兵庫県,宝塚市,仁川宮西町,2023[sanitize]12[sanitize]11,04,その他の住宅（３階建て以下共同住宅等）,その他,40歳代,その他,施錠せず
窃盗,自転車盗,宝塚,安倉,282146,兵庫県,宝塚市,安倉北２丁目,2023[sanitize]07[sanitize]19,15,その他,駐車（輪）場,10歳代,高校生,施錠した
窃盗,自転車盗,宝塚,安倉,282146,兵庫県,宝塚市,安倉北２丁目,2023[sanitize]10[sanitize]22,10,その他,駐車（輪）場,20歳代,その他,施錠せず
窃盗,自転車盗,宝塚,安倉,282146,兵庫県,宝塚市,安倉中３丁目,2023[sanitize]03[sanitize]29,11,その他,駐車（輪）場,10歳代,大学生,施錠せず
窃盗,自転車盗,宝塚,安倉,282146,兵庫県,宝塚市,安倉中５丁目,2023[sanitize]01[sanitize]21,17,その他の住宅（３階建て以下共同住宅等）,駐車（輪）場,50歳代,その他,施錠した
窃盗,自転車盗,宝塚,安倉,282146,兵庫県,宝塚市,安倉中５丁目,2023[sanitize]05[sanitize]28,16,その他の住宅（３階建て以下共同住宅等）,駐車（輪）場,10歳代,中学生,施錠せず
窃盗,自転車盗,宝塚,安倉,282146,兵庫県,宝塚市,安倉中５丁目,2023[sanitize]09[sanitize]18,18,その他の住宅（３階建て以下共同住宅等）,駐車（輪）場,10歳代,小学生,施錠せず
窃盗,自転車盗,宝塚,安倉,282146,兵庫県,宝塚市,安倉中６丁目,2023[sanitize]08[sanitize]11,20,その他の住宅（３階建て以下共同住宅等）,駐車（輪）場,20歳代,その他,施錠せず
窃盗,自転車盗,宝塚,安倉,282146,兵庫県,宝塚市,安倉西３丁目,2023[sanitize]06[sanitize]23,15,その他の住宅（３階建て以下共同住宅等）,駐車（輪）場,10歳代,高校生,施錠せず
窃盗,自転車盗,宝塚,安倉,282146,兵庫県,宝塚市,安倉西４丁目,2023[sanitize]03[sanitize]28,12,その他,駐車（輪）場,20歳代,その他,施錠せず
窃盗,自転車盗,宝塚,安倉,282146,兵庫県,宝塚市,安倉西４丁目,2023[sanitize]03[sanitize]30,10,道路上,その他,10歳代,高校生,施錠せず
窃盗,自転車盗,宝塚,安倉,282146,兵庫県,宝塚市,安倉西４丁目,2023[sanitize]06[sanitize]16,20,その他の住宅（３階建て以下共同住宅等）,駐車（輪）場,30歳代,その他,施錠せず
窃盗,自転車盗,宝塚,安倉,282146,兵庫県,宝塚市,安倉南１丁目,2023[sanitize]05[sanitize]07,17,その他の住宅（３階建て以下共同住宅等）,駐車（輪）場,40歳代,その他,施錠した
窃盗,自転車盗,宝塚,安倉,282146,兵庫県,宝塚市,安倉南１丁目,2023[sanitize]07[sanitize]19,17,その他の住宅（３階建て以下共同住宅等）,駐車（輪）場,10歳代,中学生,施錠せず
窃盗,自転車盗,宝塚,安倉,282146,兵庫県,宝塚市,安倉南１丁目,2023[sanitize]10[sanitize]07,18,４階建て以上共同住宅,駐車（輪）場,40歳代,その他,施錠せず
窃盗,自転車盗,宝塚,安倉,282146,兵庫県,宝塚市,安倉南２丁目,2023[sanitize]07[sanitize]07,18,４階建て以上共同住宅,駐車（輪）場,40歳代,その他,施錠せず
窃盗,自転車盗,宝塚,安倉,282146,兵庫県,宝塚市,安倉南３丁目,2023[sanitize]06[sanitize]05,14,４階建て以上共同住宅,駐車（輪）場,10歳代,中学生,施錠した
窃盗,自転車盗,宝塚,安倉,282146,兵庫県,宝塚市,安倉南３丁目,2023[sanitize]06[sanitize]14,21,４階建て以上共同住宅,駐車（輪）場,20歳代,その他,施錠せず
窃盗,自転車盗,宝塚,安倉,282146,兵庫県,宝塚市,安倉南３丁目,2023[sanitize]08[sanitize]17,06,４階建て以上共同住宅,駐車（輪）場,65[sanitize]69歳,その他,施錠した
窃盗,自転車盗,宝塚,安倉,282146,兵庫県,宝塚市,安倉南３丁目,2023[sanitize]08[sanitize]19,18,４階建て以上共同住宅,駐車（輪）場,30歳代,その他,施錠した
窃盗,自転車盗,宝塚,安倉,282146,兵庫県,宝塚市,安倉南４丁目,2023[sanitize]06[sanitize]19,18,その他の住宅（３階建て以下共同住宅等）,駐車（輪）場,20歳代,その他,施錠せず
窃盗,自転車盗,宝塚,安倉,282146,兵庫県,宝塚市,安倉南４丁目,2023[sanitize]06[sanitize]25,12,その他の住宅（３階建て以下共同住宅等）,駐車（輪）場,20歳代,その他,施錠せず
窃盗,自転車盗,宝塚,安倉,282146,兵庫県,宝塚市,小浜２丁目,2023[sanitize]05[sanitize]27,20,４階建て以上共同住宅,駐車（輪）場,10歳代,高校生,施錠した
窃盗,自転車盗,宝塚,宝塚南口,282146,兵庫県,宝塚市,宝梅１丁目,2023[sanitize]01[sanitize]03,10,駐車（輪）場,駐車（輪）場,10歳代,小学生,施錠せず
窃盗,自転車盗,宝塚,宝塚南口,282146,兵庫県,宝塚市,宝梅２丁目,2023[sanitize]01[sanitize]06,09,一戸建住宅,駐車（輪）場,70歳以上,その他,施錠せず
窃盗,自転車盗,宝塚,宝塚駅前,282146,兵庫県,宝塚市,川面５丁目,2023[sanitize]06[sanitize]23,17,その他の住宅（３階建て以下共同住宅等）,その他,10歳代,大学生,施錠した
窃盗,自転車盗,宝塚,宝塚駅前,282146,兵庫県,宝塚市,川面５丁目,2023[sanitize]09[sanitize]05,17,道路上,その他,10歳代,大学生,施錠せず
窃盗,自転車盗,宝塚,宝塚駅前,282146,兵庫県,宝塚市,川面５丁目,2023[sanitize]10[sanitize]18,12,一戸建住宅,その他,50歳代,その他,施錠せず
窃盗,自転車盗,宝塚,宝塚駅前,282146,兵庫県,宝塚市,川面５丁目,2023[sanitize]11[sanitize]16,12,道路上,その他,50歳代,その他,施錠した
窃盗,自転車盗,宝塚,宝塚駅前,282146,兵庫県,宝塚市,川面５丁目,2023[sanitize]11[sanitize]25,13,その他,駐車（輪）場,10歳代,高校生,施錠せず
窃盗,自転車盗,宝塚,宝塚駅前,282146,兵庫県,宝塚市,栄町１丁目,2023[sanitize]01[sanitize]31,19,４階建て以上共同住宅,駐車（輪）場,10歳代,大学生,施錠した
窃盗,自転車盗,宝塚,宝塚駅前,282146,兵庫県,宝塚市,栄町１丁目,2023[sanitize]03[sanitize]26,12,その他の住宅（３階建て以下共同住宅等）,駐車（輪）場,20歳代,大学生,施錠せず
窃盗,自転車盗,宝塚,宝塚駅前,282146,兵庫県,宝塚市,栄町２丁目,2022[sanitize]11[sanitize]15,15,その他,駐車（輪）場,20歳代,大学生,施錠せず
窃盗,自転車盗,宝塚,宝塚駅前,282146,兵庫県,宝塚市,栄町２丁目,2023[sanitize]01[sanitize]04,09,道路上,その他,50歳代,その他,施錠した
窃盗,自転車盗,宝塚,宝塚駅前,282146,兵庫県,宝塚市,栄町２丁目,2023[sanitize]03[sanitize]01,14,道路上,その他,70歳以上,その他,施錠した
窃盗,自転車盗,宝塚,宝塚駅前,282146,兵庫県,宝塚市,栄町２丁目,2023[sanitize]06[sanitize]13,08,その他,駐車（輪）場,20歳代,大学生,施錠せず
窃盗,自転車盗,宝塚,宝塚駅前,282146,兵庫県,宝塚市,栄町２丁目,2023[sanitize]09[sanitize]28,17,その他,その他,10歳代,中学生,施錠せず
窃盗,自転車盗,宝塚,宝塚駅前,282146,兵庫県,宝塚市,武庫川町,2023[sanitize]05[sanitize]15,18,一戸建住宅,駐車（輪）場,40歳代,その他,施錠せず
窃盗,自転車盗,宝塚,宝塚駅前,282146,兵庫県,宝塚市,武庫川町,2023[sanitize]07[sanitize]19,12,４階建て以上共同住宅,駐車（輪）場,40歳代,その他,施錠せず
窃盗,自転車盗,宝塚,小林,282146,兵庫県,宝塚市,小林２丁目,2021[sanitize]07[sanitize]01,18,その他の住宅（３階建て以下共同住宅等）,駐車（輪）場,30歳代,その他,施錠した
窃盗,自転車盗,宝塚,小林,282146,兵庫県,宝塚市,小林２丁目,2023[sanitize]04[sanitize]01,20,その他の住宅（３階建て以下共同住宅等）,その他,20歳代,その他,施錠せず
窃盗,自転車盗,宝塚,小林,282146,兵庫県,宝塚市,小林２丁目,2023[sanitize]06[sanitize]06,07,その他,駐車（輪）場,10歳代,高校生,施錠した
窃盗,自転車盗,宝塚,小林,282146,兵庫県,宝塚市,小林２丁目,2023[sanitize]11[sanitize]06,10,その他,駐車（輪）場,10歳代,大学生,施錠せず
窃盗,自転車盗,宝塚,小林,282146,兵庫県,宝塚市,小林２丁目,2023[sanitize]12[sanitize]12,15,その他,駐車（輪）場,20歳代,その他,施錠せず
窃盗,自転車盗,宝塚,小林,282146,兵庫県,宝塚市,小林４丁目,2023[sanitize]07[sanitize]24,11,その他の住宅（３階建て以下共同住宅等）,その他,50歳代,その他,施錠した
窃盗,自転車盗,宝塚,小林,282146,兵庫県,宝塚市,小林５丁目,2022[sanitize]12[sanitize]30,21,道路上,その他,50歳代,その他,施錠せず
窃盗,自転車盗,宝塚,小林,282146,兵庫県,宝塚市,小林５丁目,2023[sanitize]01[sanitize]20,08,その他の住宅（３階建て以下共同住宅等）,駐車（輪）場,10歳代,高校生,施錠せず
窃盗,自転車盗,宝塚,小林,282146,兵庫県,宝塚市,小林５丁目,2023[sanitize]02[sanitize]18,20,その他,その他,50歳代,その他,施錠せず
窃盗,自転車盗,宝塚,小林,282146,兵庫県,宝塚市,小林５丁目,2023[sanitize]04[sanitize]01,00,４階建て以上共同住宅,駐車（輪）場,40歳代,その他,施錠した
窃盗,自転車盗,宝塚,小林,282146,兵庫県,宝塚市,小林５丁目,2023[sanitize]04[sanitize]23,19,道路上,その他,65[sanitize]69歳,その他,施錠せず
窃盗,自転車盗,宝塚,小林,282146,兵庫県,宝塚市,小林５丁目,2023[sanitize]06[sanitize]18,07,駐車（輪）場,駐車（輪）場,20歳代,大学生,施錠せず
窃盗,自転車盗,宝塚,小林,282146,兵庫県,宝塚市,千種１丁目,2023[sanitize]06[sanitize]01,12,一戸建住宅,駐車（輪）場,40歳代,その他,施錠せず
窃盗,自転車盗,宝塚,小林,282146,兵庫県,宝塚市,千種１丁目,2023[sanitize]08[sanitize]09,07,一戸建住宅,駐車（輪）場,40歳代,その他,施錠せず
窃盗,自転車盗,宝塚,小林,282146,兵庫県,宝塚市,千種２丁目,2023[sanitize]10[sanitize]27,07,その他,駐車（輪）場,10歳代,高校生,施錠せず
窃盗,自転車盗,宝塚,小浜,282146,兵庫県,宝塚市,旭町１丁目,2023[sanitize]03[sanitize]19,18,その他の住宅（３階建て以下共同住宅等）,駐車（輪）場,30歳代,その他,施錠せず
窃盗,自転車盗,宝塚,小浜,282146,兵庫県,宝塚市,泉町,2023[sanitize]08[sanitize]18,18,その他の住宅（３階建て以下共同住宅等）,駐車（輪）場,10歳代,大学生,施錠した
窃盗,自転車盗,宝塚,小浜,282146,兵庫県,宝塚市,泉町,2023[sanitize]08[sanitize]20,15,４階建て以上共同住宅,その他,10歳代,小学生,施錠せず
窃盗,自転車盗,宝塚,小浜,282146,兵庫県,宝塚市,小浜３丁目,2023[sanitize]08[sanitize]25,16,その他の住宅（３階建て以下共同住宅等）,駐車（輪）場,10歳代,高校生,施錠した
窃盗,自転車盗,宝塚,小浜,282146,兵庫県,宝塚市,小浜４丁目,2023[sanitize]01[sanitize]04,07,道路上,その他,10歳代,高校生,施錠せず
窃盗,自転車盗,宝塚,小浜,282146,兵庫県,宝塚市,中筋５丁目,2023[sanitize]03[sanitize]14,10,その他,駐車（輪）場,20歳代,大学生,施錠せず
窃盗,自転車盗,宝塚,小浜,282146,兵庫県,宝塚市,中筋５丁目,2023[sanitize]03[sanitize]22,10,その他,駐車（輪）場,10歳代,大学生,施錠せず
窃盗,自転車盗,宝塚,小浜,282146,兵庫県,宝塚市,中筋５丁目,2023[sanitize]05[sanitize]31,12,その他,駐車（輪）場,30歳代,その他,施錠せず
窃盗,自転車盗,宝塚,小浜,282146,兵庫県,宝塚市,中筋５丁目,2023[sanitize]07[sanitize]30,13,その他,駐車（輪）場,20歳代,大学生,施錠せず
窃盗,自転車盗,宝塚,小浜,282146,兵庫県,宝塚市,中筋５丁目,2023[sanitize]08[sanitize]08,18,その他の住宅（３階建て以下共同住宅等）,駐車（輪）場,60[sanitize]64歳,その他,施錠せず
窃盗,自転車盗,宝塚,小浜,282146,兵庫県,宝塚市,中筋５丁目,2023[sanitize]09[sanitize]13,19,その他,駐車（輪）場,30歳代,その他,施錠した
窃盗,自転車盗,宝塚,小浜,282146,兵庫県,宝塚市,中筋６丁目,2023[sanitize]09[sanitize]10,16,その他の住宅（３階建て以下共同住宅等）,駐車（輪）場,30歳代,その他,施錠せず
窃盗,自転車盗,宝塚,小浜,282146,兵庫県,宝塚市,中筋９丁目,2023[sanitize]07[sanitize]14,20,４階建て以上共同住宅,駐車（輪）場,10歳代,高校生,施錠した
窃盗,自転車盗,宝塚,小浜,282146,兵庫県,宝塚市,中山寺１丁目,2023[sanitize]04[sanitize]11,18,その他,駐車（輪）場,65[sanitize]69歳,その他,施錠せず
窃盗,自転車盗,宝塚,小浜,282146,兵庫県,宝塚市,中山寺１丁目,2023[sanitize]07[sanitize]07,10,４階建て以上共同住宅,駐車（輪）場,20歳代,その他,施錠せず
窃盗,自転車盗,宝塚,小浜,282146,兵庫県,宝塚市,売布東の町,2023[sanitize]01[sanitize]05,15,その他,駐車（輪）場,60[sanitize]64歳,その他,施錠せず
窃盗,自転車盗,宝塚,小浜,282146,兵庫県,宝塚市,売布東の町,2023[sanitize]03[sanitize]05,09,その他,駐車（輪）場,50歳代,その他,施錠せず
窃盗,自転車盗,宝塚,小浜,282146,兵庫県,宝塚市,売布東の町,2023[sanitize]03[sanitize]15,09,その他,駐車（輪）場,20歳代,その他,施錠せず
窃盗,自転車盗,宝塚,小浜,282146,兵庫県,宝塚市,売布東の町,2023[sanitize]04[sanitize]05,12,その他,駐車（輪）場,10歳代,中学生,施錠せず
窃盗,自転車盗,宝塚,小浜,282146,兵庫県,宝塚市,売布東の町,2023[sanitize]06[sanitize]16,08,その他,駐車（輪）場,10歳代,その他,施錠せず
窃盗,自転車盗,宝塚,小浜,282146,兵庫県,宝塚市,売布東の町,2023[sanitize]06[sanitize]20,12,その他,駐車（輪）場,10歳代,その他,施錠せず
窃盗,自転車盗,宝塚,小浜,282146,兵庫県,宝塚市,売布東の町,2023[sanitize]07[sanitize]06,10,その他,駐車（輪）場,10歳代,高校生,施錠せず
窃盗,自転車盗,宝塚,小浜,282146,兵庫県,宝塚市,売布東の町,2023[sanitize]08[sanitize]10,18,その他,駐車（輪）場,70歳以上,その他,施錠せず
窃盗,自転車盗,宝塚,小浜,282146,兵庫県,宝塚市,売布東の町,2023[sanitize]08[sanitize]25,17,その他,駐車（輪）場,10歳代,高校生,施錠せず
窃盗,自転車盗,宝塚,小浜,282146,兵庫県,宝塚市,売布東の町,2023[sanitize]09[sanitize]02,15,その他,駐車（輪）場,50歳代,その他,施錠せず
窃盗,自転車盗,宝塚,小浜,282146,兵庫県,宝塚市,売布東の町,2023[sanitize]09[sanitize]26,12,その他,駐車（輪）場,10歳代,その他,施錠せず
窃盗,自転車盗,宝塚,小浜,282146,兵庫県,宝塚市,売布東の町,2023[sanitize]10[sanitize]12,00,４階建て以上共同住宅,駐車（輪）場,10歳代,その他,施錠せず
窃盗,自転車盗,宝塚,小浜,282146,兵庫県,宝塚市,売布東の町,2023[sanitize]10[sanitize]22,09,その他,駐車（輪）場,20歳代,その他,施錠せず
窃盗,自転車盗,宝塚,小浜,282146,兵庫県,宝塚市,売布東の町,2023[sanitize]11[sanitize]19,13,駐車（輪）場,駐車（輪）場,10歳代,中学生,施錠せず
窃盗,自転車盗,宝塚,小浜,282146,兵庫県,宝塚市,売布東の町,2023[sanitize]12[sanitize]18,12,その他,駐車（輪）場,20歳代,大学生,施錠した
窃盗,自転車盗,宝塚,小浜,282146,兵庫県,宝塚市,売布東の町,2023[sanitize]12[sanitize]26,21,その他,駐車（輪）場,50歳代,その他,施錠せず
窃盗,自転車盗,宝塚,山本,282146,兵庫県,宝塚市,口谷西２丁目,2023[sanitize]07[sanitize]04,07,一戸建住宅,その他,40歳代,その他,施錠せず
窃盗,自転車盗,宝塚,山本,282146,兵庫県,宝塚市,口谷東１丁目,2023[sanitize]04[sanitize]20,09,一戸建住宅,駐車（輪）場,60[sanitize]64歳,その他,施錠した
窃盗,自転車盗,宝塚,山本,282146,兵庫県,宝塚市,口谷東１丁目,2023[sanitize]10[sanitize]16,22,その他の住宅（３階建て以下共同住宅等）,駐車（輪）場,10歳代,大学生,施錠せず
窃盗,自転車盗,宝塚,山本,282146,兵庫県,宝塚市,口谷東３丁目,2023[sanitize]01[sanitize]27,18,４階建て以上共同住宅,駐車（輪）場,10歳代,小学生,施錠せず
窃盗,自転車盗,宝塚,山本,282146,兵庫県,宝塚市,口谷東３丁目,2023[sanitize]08[sanitize]21,16,４階建て以上共同住宅,駐車（輪）場,20歳代,大学生,施錠した
窃盗,自転車盗,宝塚,山本,282146,兵庫県,宝塚市,口谷東３丁目,2023[sanitize]08[sanitize]28,18,一戸建住宅,その他,10歳代,その他,施錠せず
窃盗,自転車盗,宝塚,山本,282146,兵庫県,宝塚市,平井５丁目,2023[sanitize]01[sanitize]12,16,４階建て以上共同住宅,駐車（輪）場,50歳代,その他,施錠せず
窃盗,自転車盗,宝塚,山本,282146,兵庫県,宝塚市,平井５丁目,2023[sanitize]08[sanitize]28,22,道路上,その他,20歳代,その他,施錠せず
窃盗,自転車盗,宝塚,山本,282146,兵庫県,宝塚市,山本中３丁目,2023[sanitize]04[sanitize]02,18,一戸建住宅,その他,50歳代,その他,施錠した
窃盗,自転車盗,宝塚,山本,282146,兵庫県,宝塚市,山本西２丁目,2023[sanitize]11[sanitize]12,17,４階建て以上共同住宅,駐車（輪）場,20歳代,その他,施錠した
窃盗,自転車盗,宝塚,山本,282146,兵庫県,宝塚市,山本野里１丁目,2023[sanitize]02[sanitize]06,12,４階建て以上共同住宅,駐車（輪）場,20歳代,大学生,施錠した
窃盗,自転車盗,宝塚,山本,282146,兵庫県,宝塚市,山本野里３丁目,2023[sanitize]12[sanitize]16,16,４階建て以上共同住宅,その他,20歳代,その他,施錠せず
窃盗,自転車盗,宝塚,山本,282146,兵庫県,宝塚市,山本野里３丁目,2023[sanitize]12[sanitize]16,20,４階建て以上共同住宅,その他,30歳代,その他,施錠せず
窃盗,自転車盗,宝塚,山本,282146,兵庫県,宝塚市,山本東１丁目,2022[sanitize]12[sanitize]31,14,一戸建住宅,駐車（輪）場,10歳代,高校生,施錠せず
窃盗,自転車盗,宝塚,山本,282146,兵庫県,宝塚市,山本東２丁目,2023[sanitize]01[sanitize]03,17,その他,駐車（輪）場,20歳代,その他,施錠した
窃盗,自転車盗,宝塚,山本,282146,兵庫県,宝塚市,山本東２丁目,2023[sanitize]02[sanitize]20,07,その他,駐車（輪）場,20歳代,その他,施錠せず
窃盗,自転車盗,宝塚,山本,282146,兵庫県,宝塚市,山本東２丁目,2023[sanitize]02[sanitize]20,08,道路上,その他,50歳代,その他,施錠した
窃盗,自転車盗,宝塚,山本,282146,兵庫県,宝塚市,山本東３丁目,2023[sanitize]09[sanitize]09,14,その他,駐車（輪）場,10歳代,大学生,施錠せず
窃盗,自転車盗,宝塚,山本,282146,兵庫県,宝塚市,山本丸橋１丁目,2023[sanitize]06[sanitize]17,22,４階建て以上共同住宅,その他,10歳代,中学生,施錠せず
窃盗,自転車盗,宝塚,山本,282146,兵庫県,宝塚市,山本丸橋１丁目,2023[sanitize]10[sanitize]30,20,４階建て以上共同住宅,駐車（輪）場,60[sanitize]64歳,その他,施錠した
窃盗,自転車盗,宝塚,山本,282146,兵庫県,宝塚市,山手台東１丁目,2023[sanitize]09[sanitize]08,09,その他,その他,50歳代,その他,施錠せず
窃盗,自転車盗,宝塚,武庫川,282146,兵庫県,宝塚市,亀井町,2023[sanitize]11[sanitize]08,06,道路上,その他,70歳以上,その他,施錠せず
窃盗,自転車盗,宝塚,武庫川,282146,兵庫県,宝塚市,光明町,2023[sanitize]03[sanitize]20,不明,その他の住宅（３階建て以下共同住宅等）,駐車（輪）場,10歳代,大学生,施錠せず
窃盗,自転車盗,宝塚,武庫川,282146,兵庫県,宝塚市,光明町,2023[sanitize]05[sanitize]01,10,その他の住宅（３階建て以下共同住宅等）,駐車（輪）場,10歳代,その他,施錠した
窃盗,自転車盗,宝塚,武庫川,282146,兵庫県,宝塚市,光明町,2023[sanitize]05[sanitize]21,06,４階建て以上共同住宅,駐車（輪）場,10歳代,小学生,施錠せず
窃盗,自転車盗,宝塚,武庫川,282146,兵庫県,宝塚市,光明町,2023[sanitize]05[sanitize]28,17,その他の住宅（３階建て以下共同住宅等）,駐車（輪）場,70歳以上,その他,施錠した
窃盗,自転車盗,宝塚,武庫川,282146,兵庫県,宝塚市,光明町,2023[sanitize]06[sanitize]25,11,その他の住宅（３階建て以下共同住宅等）,駐車（輪）場,10歳未満,小学生,施錠せず
窃盗,自転車盗,宝塚,武庫川,282146,兵庫県,宝塚市,光明町,2023[sanitize]07[sanitize]03,21,一戸建住宅,駐車（輪）場,60[sanitize]64歳,その他,施錠せず
窃盗,自転車盗,宝塚,武庫川,282146,兵庫県,宝塚市,高司２丁目,2023[sanitize]09[sanitize]29,20,その他の住宅（３階建て以下共同住宅等）,駐車（輪）場,10歳代,高校生,施錠せず
窃盗,自転車盗,宝塚,武庫川,282146,兵庫県,宝塚市,高司２丁目,2023[sanitize]10[sanitize]12,17,道路上,その他,70歳以上,その他,施錠した
窃盗,自転車盗,宝塚,武庫川,282146,兵庫県,宝塚市,高司４丁目,2023[sanitize]06[sanitize]25,17,その他,駐車（輪）場,20歳代,その他,施錠せず
窃盗,自転車盗,宝塚,武庫川,282146,兵庫県,宝塚市,高司４丁目,2023[sanitize]12[sanitize]10,15,４階建て以上共同住宅,駐車（輪）場,10歳代,高校生,施錠せず
窃盗,自転車盗,宝塚,武庫川,282146,兵庫県,宝塚市,高司５丁目,2023[sanitize]11[sanitize]29,01,その他,駐車（輪）場,20歳代,大学生,施錠せず
窃盗,自転車盗,宝塚,武庫川,282146,兵庫県,宝塚市,高松町,2023[sanitize]03[sanitize]24,08,その他,駐車（輪）場,50歳代,その他,施錠した
窃盗,自転車盗,宝塚,武庫川,282146,兵庫県,宝塚市,美幸町,2022[sanitize]12[sanitize]28,12,一戸建住宅,駐車（輪）場,20歳代,その他,施錠せず
窃盗,自転車盗,宝塚,武庫川,282146,兵庫県,宝塚市,美幸町,2023[sanitize]11[sanitize]23,09,その他,駐車（輪）場,20歳代,大学生,施錠せず
窃盗,自転車盗,宝塚,清荒神,282146,兵庫県,宝塚市,旭町１丁目,2023[sanitize]12[sanitize]22,19,その他の住宅（３階建て以下共同住宅等）,その他,50歳代,その他,施錠せず
窃盗,自転車盗,宝塚,清荒神,282146,兵庫県,宝塚市,旭町２丁目,2023[sanitize]07[sanitize]29,18,その他,駐車（輪）場,10歳代,高校生,施錠した
窃盗,自転車盗,宝塚,清荒神,282146,兵庫県,宝塚市,旭町２丁目,2023[sanitize]08[sanitize]01,00,その他の住宅（３階建て以下共同住宅等）,駐車（輪）場,10歳未満,小学生,施錠せず
窃盗,自転車盗,宝塚,清荒神,282146,兵庫県,宝塚市,旭町２丁目,2023[sanitize]08[sanitize]10,17,一戸建住宅,駐車（輪）場,10歳代,中学生,施錠した
窃盗,自転車盗,宝塚,清荒神,282146,兵庫県,宝塚市,清荒神１丁目,2023[sanitize]05[sanitize]08,08,その他,駐車（輪）場,10歳代,高校生,施錠した
窃盗,自転車盗,宝塚,清荒神,282146,兵庫県,宝塚市,米谷２丁目,2023[sanitize]01[sanitize]31,14,４階建て以上共同住宅,駐車（輪）場,20歳代,その他,施錠せず
窃盗,自転車盗,宝塚,清荒神,282146,兵庫県,宝塚市,米谷２丁目,2023[sanitize]01[sanitize]31,18,４階建て以上共同住宅,駐車（輪）場,10歳未満,小学生,施錠せず
窃盗,自転車盗,宝塚,清荒神,282146,兵庫県,宝塚市,売布４丁目,2023[sanitize]08[sanitize]01,17,その他の住宅（３階建て以下共同住宅等）,駐車（輪）場,20歳代,大学生,施錠せず
窃盗,自転車盗,宝塚,逆瀬川,282146,兵庫県,宝塚市,伊孑志３丁目,2023[sanitize]08[sanitize]08,12,４階建て以上共同住宅,駐車（輪）場,20歳代,その他,施錠せず
窃盗,自転車盗,宝塚,逆瀬川,282146,兵庫県,宝塚市,伊孑志４丁目,2023[sanitize]11[sanitize]08,01,一戸建住宅,駐車（輪）場,40歳代,その他,施錠せず
窃盗,自転車盗,宝塚,逆瀬川,282146,兵庫県,宝塚市,栄町１丁目,2023[sanitize]09[sanitize]26,22,その他,駐車（輪）場,20歳代,大学生,施錠した
窃盗,自転車盗,宝塚,逆瀬川,282146,兵庫県,宝塚市,逆瀬川１丁目,2023[sanitize]05[sanitize]10,17,道路上,その他,10歳代,高校生,施錠せず
窃盗,自転車盗,宝塚,逆瀬川,282146,兵庫県,宝塚市,逆瀬川１丁目,2023[sanitize]05[sanitize]18,18,道路上,その他,50歳代,その他,施錠せず
窃盗,自転車盗,宝塚,逆瀬川,282146,兵庫県,宝塚市,逆瀬川１丁目,2023[sanitize]05[sanitize]26,18,その他,駐車（輪）場,10歳代,高校生,施錠せず
窃盗,自転車盗,宝塚,逆瀬川,282146,兵庫県,宝塚市,逆瀬川１丁目,2023[sanitize]05[sanitize]27,16,その他,駐車（輪）場,10歳代,中学生,施錠せず
窃盗,自転車盗,宝塚,逆瀬川,282146,兵庫県,宝塚市,逆瀬川１丁目,2023[sanitize]08[sanitize]08,17,その他,その他,20歳代,その他,施錠した
窃盗,自転車盗,宝塚,逆瀬川,282146,兵庫県,宝塚市,逆瀬川２丁目,2023[sanitize]05[sanitize]27,18,その他,駐車（輪）場,10歳代,中学生,施錠せず
窃盗,自転車盗,宝塚,逆瀬川,282146,兵庫県,宝塚市,末広町,2023[sanitize]08[sanitize]06,18,その他,その他,10歳代,中学生,施錠せず
窃盗,自転車盗,宝塚,逆瀬川,282146,兵庫県,宝塚市,末広町,2023[sanitize]08[sanitize]06,21,その他,その他,10歳代,大学生,施錠せず
窃盗,自転車盗,宝塚,逆瀬川,282146,兵庫県,宝塚市,千種４丁目,2022[sanitize]11[sanitize]27,12,４階建て以上共同住宅,駐車（輪）場,20歳代,その他,施錠した
窃盗,自転車盗,宝塚,逆瀬川,282146,兵庫県,宝塚市,東洋町,2023[sanitize]08[sanitize]09,11,その他,駐車（輪）場,30歳代,その他,施錠した
窃盗,自転車盗,宝塚,逆瀬川,282146,兵庫県,宝塚市,野上１丁目,2023[sanitize]02[sanitize]11,15,その他,駐車（輪）場,40歳代,その他,施錠せず
窃盗,自転車盗,宝塚,逆瀬川,282146,兵庫県,宝塚市,野上１丁目,2023[sanitize]03[sanitize]17,22,その他,駐車（輪）場,20歳代,大学生,施錠した
窃盗,自転車盗,篠山,古市,282219,兵庫県,丹波篠山市,草野,2023[sanitize]05[sanitize]17,07,その他,駐車（輪）場,10歳代,高校生,施錠せず
窃盗,自転車盗,篠山,古市,282219,兵庫県,丹波篠山市,南矢代,2023[sanitize]06[sanitize]03,07,その他,駐車（輪）場,20歳代,その他,施錠せず
窃盗,自転車盗,篠山,古市,282219,兵庫県,丹波篠山市,南矢代,2023[sanitize]06[sanitize]10,07,その他,駐車（輪）場,20歳代,大学生,施錠せず
窃盗,自転車盗,篠山,古市,282219,兵庫県,丹波篠山市,南矢代,2023[sanitize]11[sanitize]27,06,その他,駐車（輪）場,20歳代,その他,施錠せず
窃盗,自転車盗,篠山,杉,282219,兵庫県,丹波篠山市,杉,2023[sanitize]09[sanitize]04,12,駐車（輪）場,駐車（輪）場,30歳代,その他,施錠せず
窃盗,自転車盗,篠山,篠山,282219,兵庫県,丹波篠山市,池上,2023[sanitize]03[sanitize]09,07,４階建て以上共同住宅,駐車（輪）場,10歳代,高校生,施錠せず
窃盗,自転車盗,篠山,篠山,282219,兵庫県,丹波篠山市,西古佐,2023[sanitize]07[sanitize]03,07,その他,その他,10歳代,高校生,施錠せず
窃盗,自転車盗,篠山,篠山,282219,兵庫県,丹波篠山市,東新町,2022[sanitize]12[sanitize]21,08,その他,駐車（輪）場,30歳代,その他,施錠せず
窃盗,自転車盗,篠山,篠山口駅前,282219,兵庫県,丹波篠山市,大沢,2023[sanitize]07[sanitize]14,16,その他,駐車（輪）場,10歳代,高校生,施錠せず
窃盗,自転車盗,篠山,篠山口駅前,282219,兵庫県,丹波篠山市,大沢,2023[sanitize]12[sanitize]10,10,その他,駐車（輪）場,10歳代,中学生,施錠した
窃盗,自転車盗,篠山,篠山口駅前,282219,兵庫県,丹波篠山市,大沢２丁目,2023[sanitize]09[sanitize]01,16,駐車（輪）場,駐車（輪）場,10歳代,高校生,施錠せず
窃盗,自転車盗,篠山,篠山口駅前,282219,兵庫県,丹波篠山市,西古佐,2023[sanitize]07[sanitize]03,07,その他,駐車（輪）場,10歳代,高校生,施錠せず
窃盗,自転車盗,丹波,上牧,282235,兵庫県,丹波市,市島町市島,2023[sanitize]04[sanitize]14,16,駐車（輪）場,駐車（輪）場,10歳代,高校生,施錠せず
窃盗,自転車盗,丹波,上竹田,282235,兵庫県,丹波市,市島町上竹田,2023[sanitize]09[sanitize]20,09,その他,駐車（輪）場,30歳代,その他,施錠せず
窃盗,自転車盗,丹波,中竹田,282235,兵庫県,丹波市,市島町下竹田,2023[sanitize]05[sanitize]06,17,一戸建住宅,駐車（輪）場,60[sanitize]64歳,その他,施錠せず
窃盗,自転車盗,丹波,中竹田,282235,兵庫県,丹波市,市島町中竹田,2023[sanitize]03[sanitize]29,07,その他,駐車（輪）場,10歳代,高校生,施錠せず
窃盗,自転車盗,丹波,中竹田,282235,兵庫県,丹波市,市島町中竹田,2023[sanitize]07[sanitize]12,07,その他,駐車（輪）場,10歳代,高校生,施錠せず
窃盗,自転車盗,丹波,中竹田,282235,兵庫県,丹波市,市島町中竹田,2023[sanitize]08[sanitize]01,00,４階建て以上共同住宅,駐車（輪）場,10歳代,高校生,施錠した
窃盗,自転車盗,丹波,佐治,282235,兵庫県,丹波市,青垣町市原,2023[sanitize]12[sanitize]20,14,その他,その他,10歳代,高校生,施錠せず
窃盗,自転車盗,丹波,国領,282235,兵庫県,丹波市,春日町国領,2023[sanitize]01[sanitize]13,08,一戸建住宅,駐車（輪）場,10歳代,高校生,施錠せず
窃盗,自転車盗,丹波,市島,282235,兵庫県,丹波市,市島町市島,2023[sanitize]04[sanitize]02,08,駐車（輪）場,駐車（輪）場,10歳代,高校生,施錠せず
窃盗,自転車盗,丹波,市島,282235,兵庫県,丹波市,市島町市島,2023[sanitize]04[sanitize]13,06,その他,駐車（輪）場,40歳代,その他,施錠せず
窃盗,自転車盗,丹波,市島,282235,兵庫県,丹波市,市島町市島,2023[sanitize]08[sanitize]26,18,駐車（輪）場,駐車（輪）場,10歳代,高校生,施錠せず
窃盗,自転車盗,丹波,市島,282235,兵庫県,丹波市,市島町市島,2023[sanitize]09[sanitize]06,07,その他,駐車（輪）場,10歳代,高校生,施錠せず
窃盗,自転車盗,丹波,市島,282235,兵庫県,丹波市,市島町市島,2023[sanitize]09[sanitize]15,07,その他,駐車（輪）場,10歳代,高校生,施錠せず
窃盗,自転車盗,丹波,柏原駅前,282235,兵庫県,丹波市,柏原町柏原,2023[sanitize]01[sanitize]27,08,その他,駐車（輪）場,10歳代,高校生,施錠せず
窃盗,自転車盗,丹波,柏原駅前,282235,兵庫県,丹波市,柏原町柏原,2023[sanitize]04[sanitize]27,17,一戸建住宅,駐車（輪）場,40歳代,その他,施錠せず
窃盗,自転車盗,丹波,柏原駅前,282235,兵庫県,丹波市,柏原町柏原,2023[sanitize]06[sanitize]26,06,その他,駐車（輪）場,10歳代,高校生,施錠せず
窃盗,自転車盗,丹波,池谷,282235,兵庫県,丹波市,山南町池谷,2023[sanitize]08[sanitize]17,08,その他,駐車（輪）場,10歳代,大学生,施錠せず
窃盗,自転車盗,丹波,池谷,282235,兵庫県,丹波市,山南町池谷,2023[sanitize]12[sanitize]12,07,その他,駐車（輪）場,10歳代,高校生,施錠せず
窃盗,自転車盗,丹波,石生,282235,兵庫県,丹波市,氷上町石生,2023[sanitize]05[sanitize]01,06,その他,駐車（輪）場,40歳代,その他,施錠せず
窃盗,自転車盗,丹波,石生,282235,兵庫県,丹波市,氷上町石生,2023[sanitize]06[sanitize]01,00,その他の住宅（３階建て以下共同住宅等）,駐車（輪）場,20歳代,その他,施錠せず
窃盗,自転車盗,丹波,石生,282235,兵庫県,丹波市,氷上町石生,2023[sanitize]07[sanitize]03,07,その他,駐車（輪）場,10歳代,高校生,施錠せず
窃盗,自転車盗,丹波,石生,282235,兵庫県,丹波市,氷上町石生,2023[sanitize]07[sanitize]19,07,その他,駐車（輪）場,10歳代,高校生,施錠せず
窃盗,自転車盗,丹波,石生,282235,兵庫県,丹波市,氷上町石生,2023[sanitize]09[sanitize]01,10,その他の住宅（３階建て以下共同住宅等）,駐車（輪）場,20歳代,その他,施錠した
窃盗,自転車盗,丹波,石生,282235,兵庫県,丹波市,氷上町石生,2023[sanitize]09[sanitize]03,07,駐車（輪）場,駐車（輪）場,10歳代,高校生,施錠せず
窃盗,自転車盗,丹波,石生,282235,兵庫県,丹波市,氷上町石生,2023[sanitize]10[sanitize]11,07,その他,駐車（輪）場,10歳代,高校生,施錠せず
窃盗,自転車盗,丹波,石生,282235,兵庫県,丹波市,氷上町石生,2023[sanitize]11[sanitize]04,12,その他,駐車（輪）場,10歳代,高校生,施錠せず
窃盗,自転車盗,丹波,石生,282235,兵庫県,丹波市,氷上町石生,2023[sanitize]11[sanitize]26,07,その他,駐車（輪）場,10歳代,高校生,施錠せず
窃盗,自転車盗,丹波,酒梨,282235,兵庫県,丹波市,市島町東勅使,2023[sanitize]08[sanitize]03,16,その他の住宅（３階建て以下共同住宅等）,その他,65[sanitize]69歳,その他,施錠した
窃盗,自転車盗,明石,八木,282031,兵庫県,明石市,大久保町谷八木,2023[sanitize]07[sanitize]28,23,駐車（輪）場,駐車（輪）場,10歳代,中学生,施錠せず
窃盗,自転車盗,明石,八木,282031,兵庫県,明石市,大久保町八木,2023[sanitize]02[sanitize]23,00,４階建て以上共同住宅,駐車（輪）場,10歳代,高校生,施錠せず
窃盗,自転車盗,明石,八木,282031,兵庫県,明石市,大久保町八木,2023[sanitize]03[sanitize]11,18,４階建て以上共同住宅,駐車（輪）場,30歳代,その他,施錠せず
窃盗,自転車盗,明石,八木,282031,兵庫県,明石市,大久保町八木,2023[sanitize]04[sanitize]06,07,その他,駐車（輪）場,20歳代,その他,施錠した
窃盗,自転車盗,明石,八木,282031,兵庫県,明石市,大久保町八木,2023[sanitize]06[sanitize]21,07,その他,駐車（輪）場,30歳代,その他,施錠せず
窃盗,自転車盗,明石,八木,282031,兵庫県,明石市,大久保町八木,2023[sanitize]07[sanitize]14,01,道路上,その他,20歳代,その他,施錠せず
窃盗,自転車盗,明石,八木,282031,兵庫県,明石市,大久保町八木,2023[sanitize]09[sanitize]29,07,その他,駐車（輪）場,10歳代,高校生,施錠せず
窃盗,自転車盗,明石,大久保,282031,兵庫県,明石市,大久保町大窪,2023[sanitize]05[sanitize]07,18,駐車（輪）場,駐車（輪）場,50歳代,その他,施錠せず
窃盗,自転車盗,明石,大久保,282031,兵庫県,明石市,大久保町大窪,2023[sanitize]05[sanitize]15,13,その他,駐車（輪）場,30歳代,その他,施錠せず
窃盗,自転車盗,明石,大久保,282031,兵庫県,明石市,大久保町大窪,2023[sanitize]05[sanitize]20,19,駐車（輪）場,駐車（輪）場,20歳代,その他,施錠せず
窃盗,自転車盗,明石,大久保,282031,兵庫県,明石市,大久保町大窪,2023[sanitize]06[sanitize]09,22,その他,駐車（輪）場,10歳代,大学生,施錠せず
窃盗,自転車盗,明石,大久保,282031,兵庫県,明石市,大久保町大窪,2023[sanitize]07[sanitize]25,12,駐車（輪）場,駐車（輪）場,10歳代,中学生,施錠せず
窃盗,自転車盗,明石,大久保,282031,兵庫県,明石市,大久保町大窪,2023[sanitize]08[sanitize]07,19,その他の住宅（３階建て以下共同住宅等）,駐車（輪）場,30歳代,その他,施錠せず
窃盗,自転車盗,明石,大久保,282031,兵庫県,明石市,大久保町大窪,2023[sanitize]08[sanitize]23,06,４階建て以上共同住宅,駐車（輪）場,30歳代,その他,施錠せず
窃盗,自転車盗,明石,大久保,282031,兵庫県,明石市,大久保町大窪,2023[sanitize]10[sanitize]04,08,一戸建住宅,その他,10歳代,中学生,施錠せず
窃盗,自転車盗,明石,大久保,282031,兵庫県,明石市,大久保町大窪,2023[sanitize]11[sanitize]06,06,道路上,その他,20歳代,大学生,施錠した
窃盗,自転車盗,明石,大久保,282031,兵庫県,明石市,大久保町大窪,2023[sanitize]12[sanitize]05,21,４階建て以上共同住宅,駐車（輪）場,10歳代,中学生,施錠せず
窃盗,自転車盗,明石,大久保,282031,兵庫県,明石市,大久保町大久保町,2023[sanitize]02[sanitize]22,07,その他の住宅（３階建て以下共同住宅等）,駐車（輪）場,30歳代,その他,施錠せず
窃盗,自転車盗,明石,大久保,282031,兵庫県,明石市,大久保町大久保町,2023[sanitize]05[sanitize]21,13,その他,その他,40歳代,その他,施錠せず
窃盗,自転車盗,明石,大久保,282031,兵庫県,明石市,大久保町大久保町,2023[sanitize]12[sanitize]01,16,一戸建住宅,駐車（輪）場,10歳代,高校生,施錠せず
窃盗,自転車盗,明石,大久保,282031,兵庫県,明石市,大久保町松陰,2023[sanitize]05[sanitize]04,17,駐車（輪）場,駐車（輪）場,10歳代,高校生,施錠せず
窃盗,自転車盗,明石,大久保,282031,兵庫県,明石市,大久保町森田,2023[sanitize]01[sanitize]20,18,一戸建住宅,駐車（輪）場,30歳代,その他,施錠せず
窃盗,自転車盗,明石,大久保,282031,兵庫県,明石市,大久保町森田,2023[sanitize]08[sanitize]29,22,一戸建住宅,その他,10歳代,高校生,施錠せず
窃盗,自転車盗,明石,大久保,282031,兵庫県,明石市,大久保町駅前１丁目,2023[sanitize]05[sanitize]19,07,駐車（輪）場,駐車（輪）場,10歳代,高校生,施錠せず
窃盗,自転車盗,明石,大久保,282031,兵庫県,明石市,大久保町駅前１丁目,2023[sanitize]05[sanitize]25,08,駐車（輪）場,駐車（輪）場,10歳代,大学生,施錠せず
窃盗,自転車盗,明石,大久保,282031,兵庫県,明石市,大久保町駅前１丁目,2023[sanitize]06[sanitize]10,08,駐車（輪）場,駐車（輪）場,10歳代,高校生,施錠せず
窃盗,自転車盗,明石,大久保,282031,兵庫県,明石市,大久保町駅前１丁目,2023[sanitize]06[sanitize]18,12,その他,駐車（輪）場,10歳代,高校生,施錠せず
窃盗,自転車盗,明石,大久保,282031,兵庫県,明石市,大久保町駅前１丁目,2023[sanitize]06[sanitize]20,18,その他,駐車（輪）場,20歳代,その他,施錠した
窃盗,自転車盗,明石,大久保,282031,兵庫県,明石市,大久保町駅前１丁目,2023[sanitize]06[sanitize]24,10,その他,駐車（輪）場,10歳代,高校生,施錠せず
窃盗,自転車盗,明石,大久保,282031,兵庫県,明石市,大久保町駅前１丁目,2023[sanitize]06[sanitize]29,06,その他,駐車（輪）場,40歳代,その他,施錠せず
窃盗,自転車盗,明石,大久保,282031,兵庫県,明石市,大久保町駅前１丁目,2023[sanitize]07[sanitize]05,07,道路上,その他,10歳代,高校生,施錠せず
窃盗,自転車盗,明石,大久保,282031,兵庫県,明石市,大久保町駅前１丁目,2023[sanitize]07[sanitize]20,07,その他,駐車（輪）場,10歳代,その他,施錠した
窃盗,自転車盗,明石,大久保,282031,兵庫県,明石市,大久保町駅前１丁目,2023[sanitize]08[sanitize]18,10,その他,駐車（輪）場,20歳代,その他,施錠せず
窃盗,自転車盗,明石,大久保,282031,兵庫県,明石市,大久保町駅前１丁目,2023[sanitize]09[sanitize]03,13,駐車（輪）場,駐車（輪）場,10歳代,高校生,施錠せず
窃盗,自転車盗,明石,大久保,282031,兵庫県,明石市,大久保町駅前１丁目,2023[sanitize]10[sanitize]16,06,駐車（輪）場,駐車（輪）場,10歳代,中学生,施錠せず
窃盗,自転車盗,明石,大久保,282031,兵庫県,明石市,大久保町駅前１丁目,2023[sanitize]11[sanitize]09,08,その他,駐車（輪）場,10歳代,大学生,施錠せず
窃盗,自転車盗,明石,大久保,282031,兵庫県,明石市,大久保町駅前１丁目,2023[sanitize]12[sanitize]08,11,その他,その他,70歳以上,その他,施錠せず
窃盗,自転車盗,明石,大久保,282031,兵庫県,明石市,大久保町駅前２丁目,2023[sanitize]03[sanitize]13,10,４階建て以上共同住宅,駐車（輪）場,30歳代,その他,施錠した
窃盗,自転車盗,明石,大久保,282031,兵庫県,明石市,大久保町駅前２丁目,2023[sanitize]04[sanitize]07,18,駐車（輪）場,駐車（輪）場,10歳代,高校生,施錠せず
窃盗,自転車盗,明石,大久保,282031,兵庫県,明石市,大久保町駅前２丁目,2023[sanitize]04[sanitize]19,20,駐車（輪）場,駐車（輪）場,10歳代,高校生,施錠した
窃盗,自転車盗,明石,大久保,282031,兵庫県,明石市,大久保町駅前２丁目,2023[sanitize]05[sanitize]02,18,その他,その他,50歳代,その他,施錠した
窃盗,自転車盗,明石,大久保南,282031,兵庫県,明石市,,2023[sanitize]02[sanitize]10,16,その他,駐車（輪）場,10歳代,高校生,施錠せず
窃盗,自転車盗,明石,大久保南,282031,兵庫県,明石市,大久保町大久保町,2023[sanitize]07[sanitize]17,23,一戸建住宅,その他,40歳代,その他,施錠した
窃盗,自転車盗,明石,大久保南,282031,兵庫県,明石市,大久保町大久保町,2023[sanitize]09[sanitize]23,14,４階建て以上共同住宅,駐車（輪）場,10歳代,高校生,施錠せず
窃盗,自転車盗,明石,大久保南,282031,兵庫県,明石市,大久保町谷八木,2023[sanitize]06[sanitize]04,13,その他の住宅（３階建て以下共同住宅等）,駐車（輪）場,20歳代,その他,施錠せず
窃盗,自転車盗,明石,大久保南,282031,兵庫県,明石市,大久保町谷八木,2023[sanitize]07[sanitize]30,23,一戸建住宅,その他,50歳代,その他,施錠せず
窃盗,自転車盗,明石,大久保南,282031,兵庫県,明石市,大久保町谷八木,2023[sanitize]09[sanitize]22,22,その他の住宅（３階建て以下共同住宅等）,駐車（輪）場,20歳代,その他,施錠せず
窃盗,自転車盗,明石,大久保南,282031,兵庫県,明石市,大久保町西島,2023[sanitize]03[sanitize]22,11,その他,駐車（輪）場,10歳代,大学生,施錠せず
窃盗,自転車盗,明石,大久保南,282031,兵庫県,明石市,大久保町西島,2023[sanitize]05[sanitize]06,07,駐車（輪）場,駐車（輪）場,20歳代,その他,施錠せず
窃盗,自転車盗,明石,大久保南,282031,兵庫県,明石市,大久保町西島,2023[sanitize]07[sanitize]08,17,その他,駐車（輪）場,10歳代,高校生,施錠せず
窃盗,自転車盗,明石,大久保南,282031,兵庫県,明石市,大久保町西島,2023[sanitize]09[sanitize]26,18,その他の住宅（３階建て以下共同住宅等）,駐車（輪）場,30歳代,その他,施錠せず
窃盗,自転車盗,明石,大久保南,282031,兵庫県,明石市,大久保町西島,2023[sanitize]11[sanitize]04,16,駐車（輪）場,駐車（輪）場,10歳代,高校生,施錠せず
窃盗,自転車盗,明石,大久保南,282031,兵庫県,明石市,大久保町西島,2023[sanitize]12[sanitize]08,07,駐車（輪）場,駐車（輪）場,20歳代,その他,施錠した
窃盗,自転車盗,明石,大久保南,282031,兵庫県,明石市,藤江,2023[sanitize]05[sanitize]30,19,その他の住宅（３階建て以下共同住宅等）,駐車（輪）場,20歳代,その他,施錠した
窃盗,自転車盗,明石,大久保南,282031,兵庫県,明石市,大久保町ゆりのき通１丁目,2022[sanitize]05[sanitize]03,10,その他,駐車（輪）場,10歳代,大学生,施錠せず
窃盗,自転車盗,明石,大久保南,282031,兵庫県,明石市,大久保町ゆりのき通１丁目,2023[sanitize]02[sanitize]13,15,道路上,その他,10歳代,高校生,施錠した
窃盗,自転車盗,明石,大久保南,282031,兵庫県,明石市,大久保町ゆりのき通１丁目,2023[sanitize]05[sanitize]23,08,その他,駐車（輪）場,10歳代,大学生,施錠した
窃盗,自転車盗,明石,大久保南,282031,兵庫県,明石市,大久保町ゆりのき通１丁目,2023[sanitize]06[sanitize]16,23,その他,駐車（輪）場,40歳代,その他,施錠せず
窃盗,自転車盗,明石,大久保南,282031,兵庫県,明石市,大久保町ゆりのき通１丁目,2023[sanitize]08[sanitize]08,12,その他,駐車（輪）場,10歳代,中学生,施錠せず
窃盗,自転車盗,明石,大久保南,282031,兵庫県,明石市,大久保町ゆりのき通１丁目,2023[sanitize]08[sanitize]24,17,その他,駐車（輪）場,10歳代,その他,施錠せず
窃盗,自転車盗,明石,大久保南,282031,兵庫県,明石市,大久保町ゆりのき通１丁目,2023[sanitize]09[sanitize]11,20,駐車（輪）場,駐車（輪）場,20歳代,その他,施錠せず
窃盗,自転車盗,明石,大久保南,282031,兵庫県,明石市,大久保町ゆりのき通１丁目,2023[sanitize]09[sanitize]20,19,その他,駐車（輪）場,10歳代,中学生,施錠せず
窃盗,自転車盗,明石,大久保南,282031,兵庫県,明石市,大久保町ゆりのき通１丁目,2023[sanitize]10[sanitize]10,20,その他,駐車（輪）場,50歳代,その他,施錠せず
窃盗,自転車盗,明石,大久保南,282031,兵庫県,明石市,大久保町ゆりのき通１丁目,2023[sanitize]10[sanitize]20,11,駐車（輪）場,駐車（輪）場,20歳代,高校生,施錠した
窃盗,自転車盗,明石,大久保南,282031,兵庫県,明石市,大久保町ゆりのき通１丁目,2023[sanitize]10[sanitize]27,16,その他,駐車（輪）場,10歳代,高校生,施錠せず
窃盗,自転車盗,明石,大久保南,282031,兵庫県,明石市,大久保町ゆりのき通１丁目,2023[sanitize]10[sanitize]27,19,駐車（輪）場,駐車（輪）場,10歳代,中学生,施錠せず
窃盗,自転車盗,明石,大久保南,282031,兵庫県,明石市,大久保町ゆりのき通１丁目,2023[sanitize]11[sanitize]05,19,その他,駐車（輪）場,20歳代,その他,施錠せず
窃盗,自転車盗,明石,大久保南,282031,兵庫県,明石市,大久保町ゆりのき通１丁目,2023[sanitize]12[sanitize]10,20,道路上,その他,30歳代,その他,施錠せず
窃盗,自転車盗,明石,大久保南,282031,兵庫県,明石市,大久保町ゆりのき通２丁目,2023[sanitize]03[sanitize]19,13,その他,駐車（輪）場,10歳代,高校生,施錠せず
窃盗,自転車盗,明石,大久保南,282031,兵庫県,明石市,大久保町ゆりのき通２丁目,2023[sanitize]05[sanitize]27,13,４階建て以上共同住宅,駐車（輪）場,50歳代,その他,施錠した
窃盗,自転車盗,明石,大久保南,282031,兵庫県,明石市,大久保町ゆりのき通２丁目,2023[sanitize]06[sanitize]03,19,その他,駐車（輪）場,20歳代,その他,施錠せず
窃盗,自転車盗,明石,大久保南,282031,兵庫県,明石市,大久保町ゆりのき通３丁目,2023[sanitize]02[sanitize]23,15,その他,駐車（輪）場,10歳代,高校生,施錠せず
窃盗,自転車盗,明石,大久保南,282031,兵庫県,明石市,大久保町ゆりのき通３丁目,2023[sanitize]04[sanitize]02,07,その他,その他,50歳代,その他,施錠せず
窃盗,自転車盗,明石,大久保南,282031,兵庫県,明石市,大久保町ゆりのき通３丁目,2023[sanitize]06[sanitize]03,19,その他,駐車（輪）場,20歳代,その他,施錠せず
窃盗,自転車盗,明石,大久保南,282031,兵庫県,明石市,大久保町ゆりのき通３丁目,2023[sanitize]08[sanitize]01,20,その他,その他,10歳未満,小学生,施錠せず
窃盗,自転車盗,明石,大久保南,282031,兵庫県,明石市,大久保町ゆりのき通３丁目,2023[sanitize]08[sanitize]07,16,道路上,その他,10歳代,中学生,施錠せず
窃盗,自転車盗,明石,大久保南,282031,兵庫県,明石市,大久保町ゆりのき通３丁目,2023[sanitize]08[sanitize]20,13,その他,その他,10歳代,中学生,施錠せず
窃盗,自転車盗,明石,大久保南,282031,兵庫県,明石市,大久保町ゆりのき通３丁目,2023[sanitize]08[sanitize]27,18,その他,駐車（輪）場,10歳代,中学生,施錠せず
窃盗,自転車盗,明石,大久保南,282031,兵庫県,明石市,大久保町ゆりのき通３丁目,2023[sanitize]08[sanitize]29,16,道路上,その他,10歳代,中学生,施錠せず
窃盗,自転車盗,明石,大久保南,282031,兵庫県,明石市,大久保町ゆりのき通３丁目,2023[sanitize]09[sanitize]03,14,駐車（輪）場,駐車（輪）場,10歳代,中学生,施錠せず
窃盗,自転車盗,明石,大久保南,282031,兵庫県,明石市,大久保町ゆりのき通３丁目,2023[sanitize]09[sanitize]06,09,駐車（輪）場,駐車（輪）場,20歳代,その他,施錠せず
窃盗,自転車盗,明石,大久保南,282031,兵庫県,明石市,大久保町ゆりのき通３丁目,2023[sanitize]09[sanitize]06,17,その他,その他,10歳代,中学生,施錠せず
窃盗,自転車盗,明石,大久保南,282031,兵庫県,明石市,大久保町ゆりのき通３丁目,2023[sanitize]09[sanitize]18,14,その他,駐車（輪）場,10歳代,中学生,施錠せず
窃盗,自転車盗,明石,大久保南,282031,兵庫県,明石市,大久保町ゆりのき通３丁目,2023[sanitize]09[sanitize]18,14,その他,駐車（輪）場,10歳代,中学生,施錠せず
窃盗,自転車盗,明石,大久保南,282031,兵庫県,明石市,大久保町ゆりのき通３丁目,2023[sanitize]09[sanitize]27,15,その他,その他,50歳代,その他,施錠せず
窃盗,自転車盗,明石,大久保南,282031,兵庫県,明石市,大久保町ゆりのき通３丁目,2023[sanitize]09[sanitize]28,11,道路上,その他,10歳代,その他,施錠せず
窃盗,自転車盗,明石,大久保南,282031,兵庫県,明石市,大久保町ゆりのき通３丁目,2023[sanitize]10[sanitize]01,00,道路上,その他,10歳代,中学生,施錠した
窃盗,自転車盗,明石,大久保南,282031,兵庫県,明石市,大久保町ゆりのき通３丁目,2023[sanitize]11[sanitize]05,18,駐車（輪）場,駐車（輪）場,10歳代,大学生,施錠せず
窃盗,自転車盗,明石,大久保南,282031,兵庫県,明石市,大久保町ゆりのき通３丁目,2023[sanitize]12[sanitize]05,17,その他,その他,10歳代,高校生,施錠せず
窃盗,自転車盗,明石,大久保南,282031,兵庫県,明石市,大久保町わかば,2023[sanitize]05[sanitize]19,17,駐車（輪）場,駐車（輪）場,40歳代,その他,施錠した
窃盗,自転車盗,明石,大久保南,282031,兵庫県,明石市,大久保町わかば,2023[sanitize]07[sanitize]26,19,駐車（輪）場,駐車（輪）場,10歳代,中学生,施錠せず
窃盗,自転車盗,明石,大蔵,282031,兵庫県,明石市,相生町１丁目,2023[sanitize]12[sanitize]18,15,４階建て以上共同住宅,駐車（輪）場,10歳代,高校生,施錠せず
窃盗,自転車盗,明石,大蔵,282031,兵庫県,明石市,大蔵天神町,2023[sanitize]02[sanitize]18,11,その他,駐車（輪）場,10歳代,高校生,施錠せず
窃盗,自転車盗,明石,大蔵,282031,兵庫県,明石市,大蔵八幡町,2023[sanitize]01[sanitize]27,07,その他,駐車（輪）場,10歳代,高校生,施錠せず
窃盗,自転車盗,明石,大蔵,282031,兵庫県,明石市,大蔵八幡町,2023[sanitize]04[sanitize]14,21,駐車（輪）場,駐車（輪）場,10歳代,大学生,施錠せず
窃盗,自転車盗,明石,大蔵,282031,兵庫県,明石市,大蔵八幡町,2023[sanitize]06[sanitize]03,13,その他,駐車（輪）場,50歳代,その他,施錠せず
窃盗,自転車盗,明石,大蔵,282031,兵庫県,明石市,大蔵八幡町,2023[sanitize]07[sanitize]19,15,その他,駐車（輪）場,10歳代,大学生,施錠せず
窃盗,自転車盗,明石,大蔵,282031,兵庫県,明石市,大蔵本町,2023[sanitize]01[sanitize]20,21,一戸建住宅,駐車（輪）場,10歳代,中学生,施錠せず
窃盗,自転車盗,明石,大蔵,282031,兵庫県,明石市,天文町１丁目,2023[sanitize]04[sanitize]25,14,その他,駐車（輪）場,60[sanitize]64歳,その他,施錠した
窃盗,自転車盗,明石,大蔵,282031,兵庫県,明石市,中崎１丁目,2023[sanitize]11[sanitize]24,08,４階建て以上共同住宅,駐車（輪）場,10歳代,中学生,施錠せず
窃盗,自転車盗,明石,大蔵,282031,兵庫県,明石市,大蔵海岸通１丁目,2023[sanitize]01[sanitize]29,11,その他,駐車（輪）場,10歳代,大学生,施錠せず
窃盗,自転車盗,明石,大蔵,282031,兵庫県,明石市,大蔵海岸通１丁目,2023[sanitize]02[sanitize]20,19,その他,駐車（輪）場,40歳代,その他,施錠した
窃盗,自転車盗,明石,大蔵,282031,兵庫県,明石市,大蔵海岸通１丁目,2023[sanitize]03[sanitize]31,14,その他,その他,10歳代,中学生,施錠した
窃盗,自転車盗,明石,大蔵,282031,兵庫県,明石市,大蔵海岸通１丁目,2023[sanitize]04[sanitize]10,07,その他,駐車（輪）場,10歳代,高校生,施錠した
窃盗,自転車盗,明石,大蔵,282031,兵庫県,明石市,大蔵海岸通１丁目,2023[sanitize]06[sanitize]06,07,駐車（輪）場,駐車（輪）場,20歳代,その他,施錠せず
窃盗,自転車盗,明石,大蔵,282031,兵庫県,明石市,大蔵海岸通１丁目,2023[sanitize]06[sanitize]25,17,その他,駐車（輪）場,10歳代,中学生,施錠せず
窃盗,自転車盗,明石,大蔵,282031,兵庫県,明石市,大蔵海岸通１丁目,2023[sanitize]08[sanitize]08,16,その他,その他,10歳代,高校生,施錠せず
窃盗,自転車盗,明石,大蔵,282031,兵庫県,明石市,大蔵海岸通１丁目,2023[sanitize]08[sanitize]29,11,その他,駐車（輪）場,10歳代,高校生,施錠せず
窃盗,自転車盗,明石,大蔵,282031,兵庫県,明石市,大蔵海岸通１丁目,2023[sanitize]11[sanitize]24,12,駐車（輪）場,駐車（輪）場,20歳代,その他,施錠せず
窃盗,自転車盗,明石,大蔵,282031,兵庫県,明石市,大蔵海岸通２丁目,2023[sanitize]02[sanitize]24,07,道路上,その他,30歳代,その他,施錠した
窃盗,自転車盗,明石,大蔵,282031,兵庫県,明石市,大蔵海岸通２丁目,2023[sanitize]11[sanitize]14,21,その他,駐車（輪）場,10歳代,その他,施錠せず
窃盗,自転車盗,明石,小久保,282031,兵庫県,明石市,旭が丘,2023[sanitize]07[sanitize]12,12,４階建て以上共同住宅,駐車（輪）場,20歳代,その他,施錠せず
窃盗,自転車盗,明石,小久保,282031,兵庫県,明石市,和坂,2023[sanitize]05[sanitize]08,06,その他,駐車（輪）場,20歳代,その他,施錠した
窃盗,自転車盗,明石,小久保,282031,兵庫県,明石市,和坂,2023[sanitize]06[sanitize]01,17,４階建て以上共同住宅,駐車（輪）場,10歳代,中学生,施錠した
窃盗,自転車盗,明石,小久保,282031,兵庫県,明石市,和坂,2023[sanitize]06[sanitize]08,07,その他,駐車（輪）場,50歳代,その他,施錠した
窃盗,自転車盗,明石,小久保,282031,兵庫県,明石市,和坂,2023[sanitize]08[sanitize]09,17,４階建て以上共同住宅,駐車（輪）場,20歳代,その他,施錠せず
窃盗,自転車盗,明石,小久保,282031,兵庫県,明石市,和坂,2023[sanitize]08[sanitize]29,08,その他,駐車（輪）場,20歳代,その他,施錠せず
窃盗,自転車盗,明石,小久保,282031,兵庫県,明石市,和坂,2023[sanitize]09[sanitize]02,22,４階建て以上共同住宅,駐車（輪）場,30歳代,その他,施錠せず
窃盗,自転車盗,明石,小久保,282031,兵庫県,明石市,和坂,2023[sanitize]10[sanitize]05,06,その他,駐車（輪）場,50歳代,その他,施錠した
窃盗,自転車盗,明石,小久保,282031,兵庫県,明石市,和坂,2023[sanitize]10[sanitize]06,07,駐車（輪）場,駐車（輪）場,20歳代,その他,施錠した
窃盗,自転車盗,明石,小久保,282031,兵庫県,明石市,和坂,2023[sanitize]10[sanitize]10,08,その他,駐車（輪）場,20歳代,その他,施錠せず
窃盗,自転車盗,明石,小久保,282031,兵庫県,明石市,和坂,2023[sanitize]10[sanitize]20,08,道路上,その他,10歳代,その他,施錠せず
窃盗,自転車盗,明石,小久保,282031,兵庫県,明石市,和坂,不明,不明,４階建て以上共同住宅,駐車（輪）場,10歳代,中学生,施錠した
窃盗,自転車盗,明石,小久保,282031,兵庫県,明石市,小久保,2023[sanitize]03[sanitize]03,14,４階建て以上共同住宅,駐車（輪）場,10歳代,高校生,施錠した
窃盗,自転車盗,明石,小久保,282031,兵庫県,明石市,小久保１丁目,2023[sanitize]03[sanitize]10,16,その他,駐車（輪）場,10歳代,大学生,施錠せず
窃盗,自転車盗,明石,小久保,282031,兵庫県,明石市,小久保１丁目,2023[sanitize]05[sanitize]12,10,４階建て以上共同住宅,駐車（輪）場,30歳代,その他,施錠した
窃盗,自転車盗,明石,小久保,282031,兵庫県,明石市,小久保２丁目,2022[sanitize]12[sanitize]18,14,その他,その他,65[sanitize]69歳,その他,施錠した
窃盗,自転車盗,明石,小久保,282031,兵庫県,明石市,小久保２丁目,2023[sanitize]02[sanitize]14,16,その他,駐車（輪）場,20歳代,その他,施錠した
窃盗,自転車盗,明石,小久保,282031,兵庫県,明石市,小久保２丁目,2023[sanitize]06[sanitize]12,08,駐車（輪）場,駐車（輪）場,20歳代,その他,施錠した
窃盗,自転車盗,明石,小久保,282031,兵庫県,明石市,小久保２丁目,2023[sanitize]08[sanitize]18,16,その他,駐車（輪）場,10歳代,大学生,施錠した
窃盗,自転車盗,明石,小久保,282031,兵庫県,明石市,小久保２丁目,2023[sanitize]09[sanitize]18,18,４階建て以上共同住宅,その他,10歳代,中学生,施錠せず
窃盗,自転車盗,明石,小久保,282031,兵庫県,明石市,小久保２丁目,2023[sanitize]10[sanitize]15,22,４階建て以上共同住宅,駐車（輪）場,20歳代,その他,施錠した
窃盗,自転車盗,明石,小久保,282031,兵庫県,明石市,小久保２丁目,2023[sanitize]12[sanitize]01,20,その他,駐車（輪）場,20歳代,その他,施錠せず
窃盗,自転車盗,明石,小久保,282031,兵庫県,明石市,小久保２丁目,2023[sanitize]12[sanitize]18,10,その他,駐車（輪）場,30歳代,その他,施錠した
窃盗,自転車盗,明石,小久保,282031,兵庫県,明石市,小久保４丁目,2023[sanitize]01[sanitize]06,20,４階建て以上共同住宅,駐車（輪）場,50歳代,その他,施錠せず
窃盗,自転車盗,明石,小久保,282031,兵庫県,明石市,,2023[sanitize]06[sanitize]15,12,駐車（輪）場,駐車（輪）場,50歳代,その他,施錠せず
窃盗,自転車盗,明石,小久保,282031,兵庫県,明石市,西明石北町１丁目,2023[sanitize]07[sanitize]29,21,その他の住宅（３階建て以下共同住宅等）,駐車（輪）場,30歳代,その他,施錠した
窃盗,自転車盗,明石,小久保,282031,兵庫県,明石市,西明石北町１丁目,2023[sanitize]11[sanitize]05,10,その他,駐車（輪）場,50歳代,その他,施錠せず
窃盗,自転車盗,明石,小久保,282031,兵庫県,明石市,西明石北町２丁目,2023[sanitize]06[sanitize]20,17,４階建て以上共同住宅,駐車（輪）場,20歳代,その他,施錠した
窃盗,自転車盗,明石,小久保,282031,兵庫県,明石市,西明石北町２丁目,2023[sanitize]10[sanitize]18,10,その他の住宅（３階建て以下共同住宅等）,駐車（輪）場,60[sanitize]64歳,その他,施錠した
窃盗,自転車盗,明石,小久保,282031,兵庫県,明石市,西明石北町３丁目,2023[sanitize]05[sanitize]31,17,その他,駐車（輪）場,20歳代,大学生,施錠せず
窃盗,自転車盗,明石,小久保,282031,兵庫県,明石市,西明石町５丁目,2023[sanitize]12[sanitize]13,20,一戸建住宅,駐車（輪）場,10歳代,中学生,施錠せず
窃盗,自転車盗,明石,小久保,282031,兵庫県,明石市,野々上１丁目,2023[sanitize]03[sanitize]24,18,一戸建住宅,駐車（輪）場,40歳代,その他,施錠した
窃盗,自転車盗,明石,小久保,282031,兵庫県,明石市,野々上１丁目,2023[sanitize]05[sanitize]24,16,その他,その他,10歳未満,小学生,施錠せず
窃盗,自転車盗,明石,小久保,282031,兵庫県,明石市,野々上１丁目,2023[sanitize]06[sanitize]01,21,その他の住宅（３階建て以下共同住宅等）,駐車（輪）場,20歳代,その他,施錠した
窃盗,自転車盗,明石,小久保,282031,兵庫県,明石市,野々上２丁目,2022[sanitize]12[sanitize]30,21,その他,駐車（輪）場,50歳代,その他,施錠した
窃盗,自転車盗,明石,小久保,282031,兵庫県,明石市,野々上３丁目,2023[sanitize]08[sanitize]01,01,その他,駐車（輪）場,20歳代,その他,施錠せず
窃盗,自転車盗,明石,小久保,282031,兵庫県,明石市,藤江,2022[sanitize]12[sanitize]31,18,その他,駐車（輪）場,10歳代,高校生,施錠せず
窃盗,自転車盗,明石,小久保,282031,兵庫県,明石市,藤江,2023[sanitize]09[sanitize]30,23,その他,駐車（輪）場,10歳代,大学生,施錠せず
窃盗,自転車盗,明石,小久保,282031,兵庫県,明石市,藤江,2023[sanitize]11[sanitize]16,11,駐車（輪）場,駐車（輪）場,70歳以上,その他,施錠せず
窃盗,自転車盗,明石,小久保,282031,兵庫県,明石市,松の内１丁目,2023[sanitize]02[sanitize]03,18,４階建て以上共同住宅,駐車（輪）場,30歳代,その他,施錠した
窃盗,自転車盗,明石,小久保,282031,兵庫県,明石市,松の内１丁目,2023[sanitize]07[sanitize]03,18,４階建て以上共同住宅,駐車（輪）場,60[sanitize]64歳,その他,施錠せず
窃盗,自転車盗,明石,小久保,282031,兵庫県,明石市,松の内１丁目,2023[sanitize]12[sanitize]22,21,一戸建住宅,その他,60[sanitize]64歳,その他,施錠せず
窃盗,自転車盗,明石,小久保,282031,兵庫県,明石市,松の内２丁目,2023[sanitize]02[sanitize]28,14,４階建て以上共同住宅,駐車（輪）場,40歳代,その他,施錠した
窃盗,自転車盗,明石,小久保,282031,兵庫県,明石市,松の内２丁目,2023[sanitize]06[sanitize]08,15,その他,駐車（輪）場,50歳代,その他,施錠せず
窃盗,自転車盗,明石,小久保,282031,兵庫県,明石市,松の内２丁目,2023[sanitize]08[sanitize]20,21,４階建て以上共同住宅,駐車（輪）場,40歳代,その他,施錠せず
窃盗,自転車盗,明石,小久保,282031,兵庫県,明石市,松の内２丁目,2023[sanitize]09[sanitize]14,21,その他,その他,40歳代,その他,施錠せず
窃盗,自転車盗,明石,小久保,282031,兵庫県,明石市,松の内２丁目,2023[sanitize]10[sanitize]25,16,その他,駐車（輪）場,40歳代,その他,施錠した
窃盗,自転車盗,明石,小久保,282031,兵庫県,明石市,松の内２丁目,2023[sanitize]12[sanitize]03,20,４階建て以上共同住宅,その他,20歳代,その他,施錠せず
窃盗,自転車盗,明石,小久保,282031,兵庫県,明石市,松の内２丁目,2023[sanitize]12[sanitize]15,05,その他,駐車（輪）場,20歳代,その他,施錠した
窃盗,自転車盗,明石,小久保,282031,兵庫県,明石市,松の内２丁目,2023[sanitize]12[sanitize]16,15,その他の住宅（３階建て以下共同住宅等）,その他,30歳代,その他,施錠した
窃盗,自転車盗,明石,小久保,282031,兵庫県,明石市,松の内２丁目,2023[sanitize]12[sanitize]22,20,道路上,その他,30歳代,その他,施錠せず
窃盗,自転車盗,明石,小久保,282031,兵庫県,明石市,明南町１丁目,2023[sanitize]05[sanitize]16,15,４階建て以上共同住宅,その他,30歳代,その他,施錠せず
窃盗,自転車盗,明石,小久保,282031,兵庫県,明石市,明南町１丁目,2023[sanitize]09[sanitize]06,07,一戸建住宅,その他,10歳未満,小学生,施錠せず
窃盗,自転車盗,明石,小久保,282031,兵庫県,明石市,明南町２丁目,2023[sanitize]02[sanitize]20,17,駐車（輪）場,駐車（輪）場,60[sanitize]64歳,その他,施錠した
窃盗,自転車盗,明石,小久保,282031,兵庫県,明石市,明南町３丁目,2023[sanitize]03[sanitize]27,13,道路上,その他,10歳代,小学生,施錠せず
窃盗,自転車盗,明石,小久保,282031,兵庫県,明石市,明南町３丁目,2023[sanitize]03[sanitize]31,14,その他,その他,70歳以上,その他,施錠した
窃盗,自転車盗,明石,小久保,282031,兵庫県,明石市,和坂３丁目,2023[sanitize]04[sanitize]22,18,４階建て以上共同住宅,駐車（輪）場,20歳代,大学生,施錠せず
窃盗,自転車盗,明石,小久保,282031,兵庫県,明石市,西明石東町,2023[sanitize]06[sanitize]13,20,一戸建住宅,その他,20歳代,その他,施錠した
窃盗,自転車盗,明石,明石駅前,282031,兵庫県,明石市,明石公園,2022[sanitize]12[sanitize]13,13,その他,駐車（輪）場,20歳代,大学生,施錠せず
窃盗,自転車盗,明石,明石駅前,282031,兵庫県,明石市,明石公園,2023[sanitize]01[sanitize]05,13,その他,その他,10歳代,中学生,施錠せず
窃盗,自転車盗,明石,明石駅前,282031,兵庫県,明石市,明石公園,2023[sanitize]05[sanitize]04,12,駐車（輪）場,駐車（輪）場,10歳代,高校生,施錠せず
窃盗,自転車盗,明石,明石駅前,282031,兵庫県,明石市,明石公園,2023[sanitize]06[sanitize]14,08,その他,駐車（輪）場,10歳代,高校生,施錠せず
窃盗,自転車盗,明石,明石駅前,282031,兵庫県,明石市,明石公園,2023[sanitize]06[sanitize]14,19,その他,その他,10歳代,中学生,施錠した
窃盗,自転車盗,明石,明石駅前,282031,兵庫県,明石市,明石公園,2023[sanitize]06[sanitize]27,10,その他,駐車（輪）場,10歳代,大学生,施錠せず
窃盗,自転車盗,明石,明石駅前,282031,兵庫県,明石市,明石公園,2023[sanitize]07[sanitize]27,07,駐車（輪）場,駐車（輪）場,10歳代,中学生,施錠せず
窃盗,自転車盗,明石,明石駅前,282031,兵庫県,明石市,明石公園,2023[sanitize]10[sanitize]29,17,駐車（輪）場,駐車（輪）場,10歳代,中学生,施錠せず
窃盗,自転車盗,明石,明石駅前,282031,兵庫県,明石市,上ノ丸１丁目,2023[sanitize]11[sanitize]11,14,その他の住宅（３階建て以下共同住宅等）,駐車（輪）場,20歳代,その他,施錠した
窃盗,自転車盗,明石,明石駅前,282031,兵庫県,明石市,上ノ丸３丁目,2023[sanitize]07[sanitize]21,22,一戸建住宅,駐車（輪）場,10歳代,中学生,施錠せず
窃盗,自転車盗,明石,明石駅前,282031,兵庫県,明石市,上ノ丸３丁目,2023[sanitize]10[sanitize]01,20,駐車（輪）場,駐車（輪）場,20歳代,その他,施錠せず
窃盗,自転車盗,明石,明石駅前,282031,兵庫県,明石市,大明石町１丁目,2022[sanitize]12[sanitize]20,18,駐車（輪）場,駐車（輪）場,40歳代,その他,施錠せず
窃盗,自転車盗,明石,明石駅前,282031,兵庫県,明石市,大明石町１丁目,2023[sanitize]01[sanitize]12,00,その他,駐車（輪）場,20歳代,その他,施錠せず
窃盗,自転車盗,明石,明石駅前,282031,兵庫県,明石市,大明石町１丁目,2023[sanitize]02[sanitize]07,20,駐車（輪）場,駐車（輪）場,10歳代,高校生,施錠せず
窃盗,自転車盗,明石,明石駅前,282031,兵庫県,明石市,大明石町１丁目,2023[sanitize]02[sanitize]15,18,その他,駐車（輪）場,20歳代,その他,施錠せず
窃盗,自転車盗,明石,明石駅前,282031,兵庫県,明石市,大明石町１丁目,2023[sanitize]02[sanitize]27,06,その他,駐車（輪）場,50歳代,その他,施錠した
窃盗,自転車盗,明石,明石駅前,282031,兵庫県,明石市,大明石町１丁目,2023[sanitize]03[sanitize]20,17,駐車（輪）場,駐車（輪）場,30歳代,その他,施錠せず
窃盗,自転車盗,明石,明石駅前,282031,兵庫県,明石市,大明石町１丁目,2023[sanitize]03[sanitize]25,19,道路上,その他,10歳代,高校生,施錠せず
窃盗,自転車盗,明石,明石駅前,282031,兵庫県,明石市,大明石町１丁目,2023[sanitize]04[sanitize]03,23,駐車（輪）場,駐車（輪）場,20歳代,その他,施錠せず
窃盗,自転車盗,明石,明石駅前,282031,兵庫県,明石市,大明石町１丁目,2023[sanitize]06[sanitize]03,11,４階建て以上共同住宅,駐車（輪）場,20歳代,その他,施錠せず
窃盗,自転車盗,明石,明石駅前,282031,兵庫県,明石市,大明石町１丁目,2023[sanitize]07[sanitize]11,11,その他,駐車（輪）場,70歳以上,その他,施錠した
窃盗,自転車盗,明石,明石駅前,282031,兵庫県,明石市,大明石町１丁目,2023[sanitize]08[sanitize]05,23,その他,駐車（輪）場,10歳代,その他,施錠せず
窃盗,自転車盗,明石,明石駅前,282031,兵庫県,明石市,大明石町１丁目,2023[sanitize]08[sanitize]26,13,その他,駐車（輪）場,10歳代,中学生,施錠した
窃盗,自転車盗,明石,明石駅前,282031,兵庫県,明石市,大明石町１丁目,2023[sanitize]09[sanitize]05,01,道路上,その他,10歳代,大学生,施錠せず
窃盗,自転車盗,明石,明石駅前,282031,兵庫県,明石市,大明石町１丁目,2023[sanitize]09[sanitize]11,18,その他,駐車（輪）場,10歳代,中学生,施錠した
窃盗,自転車盗,明石,明石駅前,282031,兵庫県,明石市,大明石町１丁目,2023[sanitize]09[sanitize]16,11,その他,駐車（輪）場,40歳代,その他,施錠せず
窃盗,自転車盗,明石,明石駅前,282031,兵庫県,明石市,大明石町１丁目,2023[sanitize]10[sanitize]07,17,駐車（輪）場,駐車（輪）場,40歳代,その他,施錠せず
窃盗,自転車盗,明石,明石駅前,282031,兵庫県,明石市,大明石町１丁目,2023[sanitize]11[sanitize]30,12,道路上,その他,70歳以上,その他,施錠した
窃盗,自転車盗,明石,明石駅前,282031,兵庫県,明石市,大明石町１丁目,2023[sanitize]12[sanitize]14,19,道路上,その他,10歳代,中学生,施錠せず
窃盗,自転車盗,明石,明石駅前,282031,兵庫県,明石市,大明石町２丁目,2023[sanitize]05[sanitize]20,08,その他,駐車（輪）場,20歳代,その他,施錠した
窃盗,自転車盗,明石,明石駅前,282031,兵庫県,明石市,大明石町２丁目,2023[sanitize]05[sanitize]22,14,その他,駐車（輪）場,20歳代,その他,施錠した
窃盗,自転車盗,明石,明石駅前,282031,兵庫県,明石市,茶園場町,2022[sanitize]10[sanitize]30,18,４階建て以上共同住宅,駐車（輪）場,40歳代,その他,施錠せず
窃盗,自転車盗,明石,明石駅前,282031,兵庫県,明石市,茶園場町,2023[sanitize]08[sanitize]06,13,道路上,その他,70歳以上,その他,施錠せず
窃盗,自転車盗,明石,明石駅前,282031,兵庫県,明石市,茶園場町,2023[sanitize]08[sanitize]27,17,その他,駐車（輪）場,10歳代,中学生,施錠せず
窃盗,自転車盗,明石,明石駅前,282031,兵庫県,明石市,鷹匠町,2023[sanitize]04[sanitize]16,18,４階建て以上共同住宅,駐車（輪）場,10歳代,小学生,施錠せず
窃盗,自転車盗,明石,明石駅前,282031,兵庫県,明石市,東仲ノ町,2022[sanitize]12[sanitize]20,15,その他,駐車（輪）場,20歳代,大学生,施錠せず
窃盗,自転車盗,明石,明石駅前,282031,兵庫県,明石市,東仲ノ町,2023[sanitize]01[sanitize]31,16,その他,その他,10歳代,中学生,施錠せず
窃盗,自転車盗,明石,明石駅前,282031,兵庫県,明石市,東仲ノ町,2023[sanitize]02[sanitize]20,17,駐車（輪）場,駐車（輪）場,20歳代,その他,施錠した
窃盗,自転車盗,明石,明石駅前,282031,兵庫県,明石市,東仲ノ町,2023[sanitize]03[sanitize]08,23,駐車（輪）場,駐車（輪）場,40歳代,その他,施錠した
窃盗,自転車盗,明石,明石駅前,282031,兵庫県,明石市,東仲ノ町,2023[sanitize]06[sanitize]05,16,その他,駐車（輪）場,70歳以上,その他,施錠せず
窃盗,自転車盗,明石,明石駅前,282031,兵庫県,明石市,東仲ノ町,2023[sanitize]08[sanitize]06,17,その他,駐車（輪）場,30歳代,その他,施錠せず
窃盗,自転車盗,明石,明石駅前,282031,兵庫県,明石市,東仲ノ町,2023[sanitize]08[sanitize]26,17,その他,駐車（輪）場,10歳代,大学生,施錠せず
窃盗,自転車盗,明石,明石駅前,282031,兵庫県,明石市,東仲ノ町,2023[sanitize]09[sanitize]24,15,その他,その他,20歳代,その他,施錠せず
窃盗,自転車盗,明石,明石駅前,282031,兵庫県,明石市,東仲ノ町,2023[sanitize]09[sanitize]30,12,その他,駐車（輪）場,20歳代,その他,施錠せず
窃盗,自転車盗,明石,明石駅前,282031,兵庫県,明石市,東仲ノ町,2023[sanitize]09[sanitize]30,18,その他,駐車（輪）場,10歳代,高校生,施錠せず
窃盗,自転車盗,明石,明石駅前,282031,兵庫県,明石市,山下町,2022[sanitize]04[sanitize]01,18,４階建て以上共同住宅,駐車（輪）場,50歳代,その他,施錠せず
窃盗,自転車盗,明石,明石駅前,282031,兵庫県,明石市,山下町,2023[sanitize]01[sanitize]22,15,その他,駐車（輪）場,10歳代,大学生,施錠せず
窃盗,自転車盗,明石,明石駅前,282031,兵庫県,明石市,山下町,2023[sanitize]06[sanitize]08,16,その他,駐車（輪）場,10歳代,高校生,施錠した
窃盗,自転車盗,明石,明石駅前,282031,兵庫県,明石市,山下町,2023[sanitize]07[sanitize]12,09,その他,駐車（輪）場,20歳代,大学生,施錠した
窃盗,自転車盗,明石,明石駅前,282031,兵庫県,明石市,山下町,2023[sanitize]09[sanitize]01,08,一戸建住宅,その他,50歳代,その他,施錠した
窃盗,自転車盗,明石,明石駅前,282031,兵庫県,明石市,山下町,2023[sanitize]11[sanitize]07,19,一戸建住宅,その他,20歳代,その他,施錠せず
窃盗,自転車盗,明石,明舞,282031,兵庫県,明石市,松が丘１丁目,2023[sanitize]05[sanitize]21,19,４階建て以上共同住宅,駐車（輪）場,70歳以上,その他,施錠した
窃盗,自転車盗,明石,明舞,282031,兵庫県,明石市,松が丘２丁目,2023[sanitize]08[sanitize]25,16,その他,駐車（輪）場,10歳代,中学生,施錠せず
窃盗,自転車盗,明石,明舞,282031,兵庫県,明石市,大蔵谷奥,2023[sanitize]07[sanitize]18,22,一戸建住宅,その他,10歳代,高校生,施錠した
窃盗,自転車盗,明石,明舞,282031,兵庫県,明石市,大蔵谷奥,2023[sanitize]09[sanitize]18,16,その他の住宅（３階建て以下共同住宅等）,その他,10歳代,小学生,施錠せず
窃盗,自転車盗,明石,明舞,282031,兵庫県,明石市,朝霧東町２丁目,2023[sanitize]06[sanitize]12,18,その他の住宅（３階建て以下共同住宅等）,駐車（輪）場,20歳代,その他,施錠した
窃盗,自転車盗,明石,明舞,282031,兵庫県,明石市,朝霧東町２丁目,2023[sanitize]09[sanitize]11,22,その他の住宅（３階建て以下共同住宅等）,駐車（輪）場,10歳代,高校生,施錠せず
窃盗,自転車盗,明石,明舞,282031,兵庫県,明石市,朝霧東町３丁目,2023[sanitize]08[sanitize]06,12,その他,駐車（輪）場,10歳代,中学生,施錠せず
窃盗,自転車盗,明石,明舞,282031,兵庫県,明石市,朝霧東町３丁目,2023[sanitize]08[sanitize]14,13,その他,駐車（輪）場,10歳代,高校生,施錠せず
窃盗,自転車盗,明石,明舞,282031,兵庫県,明石市,朝霧南町１丁目,2023[sanitize]04[sanitize]07,07,駐車（輪）場,駐車（輪）場,30歳代,その他,施錠した
窃盗,自転車盗,明石,明舞,282031,兵庫県,明石市,朝霧南町１丁目,2023[sanitize]05[sanitize]30,06,その他,駐車（輪）場,10歳代,高校生,施錠せず
窃盗,自転車盗,明石,明舞,282031,兵庫県,明石市,朝霧南町１丁目,2023[sanitize]06[sanitize]09,12,その他,駐車（輪）場,20歳代,大学生,施錠せず
窃盗,自転車盗,明石,明舞,282031,兵庫県,明石市,朝霧南町１丁目,2023[sanitize]06[sanitize]23,16,その他,駐車（輪）場,10歳代,高校生,施錠せず
窃盗,自転車盗,明石,明舞,282031,兵庫県,明石市,朝霧南町１丁目,2023[sanitize]08[sanitize]19,05,その他,駐車（輪）場,40歳代,その他,施錠せず
窃盗,自転車盗,明石,明舞,282031,兵庫県,明石市,朝霧南町１丁目,2023[sanitize]09[sanitize]02,12,その他,駐車（輪）場,10歳代,その他,施錠せず
窃盗,自転車盗,明石,明舞,282031,兵庫県,明石市,朝霧南町１丁目,2023[sanitize]10[sanitize]02,08,その他,駐車（輪）場,10歳代,大学生,施錠した
窃盗,自転車盗,明石,明舞,282031,兵庫県,明石市,朝霧南町１丁目,2023[sanitize]11[sanitize]30,07,その他,駐車（輪）場,20歳代,その他,施錠した
窃盗,自転車盗,明石,明舞,282031,兵庫県,明石市,朝霧南町２丁目,2023[sanitize]09[sanitize]23,08,その他,駐車（輪）場,10歳代,大学生,施錠せず
窃盗,自転車盗,明石,明舞,282031,兵庫県,明石市,朝霧南町４丁目,2023[sanitize]09[sanitize]12,22,４階建て以上共同住宅,駐車（輪）場,20歳代,大学生,施錠せず
窃盗,自転車盗,明石,朝霧町,282031,兵庫県,明石市,朝霧町１丁目,2023[sanitize]12[sanitize]25,21,一戸建住宅,その他,10歳代,高校生,施錠した
窃盗,自転車盗,明石,朝霧町,282031,兵庫県,明石市,朝霧町３丁目,2023[sanitize]10[sanitize]28,15,その他の住宅（３階建て以下共同住宅等）,その他,50歳代,その他,施錠した
窃盗,自転車盗,明石,朝霧町,282031,兵庫県,明石市,太寺１丁目,2023[sanitize]07[sanitize]05,07,その他,駐車（輪）場,65[sanitize]69歳,その他,施錠せず
窃盗,自転車盗,明石,朝霧町,282031,兵庫県,明石市,太寺３丁目,2023[sanitize]04[sanitize]03,20,一戸建住宅,駐車（輪）場,40歳代,その他,施錠した
窃盗,自転車盗,明石,朝霧町,282031,兵庫県,明石市,東野町,2023[sanitize]11[sanitize]11,14,４階建て以上共同住宅,駐車（輪）場,30歳代,その他,施錠した
窃盗,自転車盗,明石,本町,282031,兵庫県,明石市,相生町２丁目,2023[sanitize]10[sanitize]19,20,道路上,その他,30歳代,その他,施錠せず
窃盗,自転車盗,明石,本町,282031,兵庫県,明石市,鍛治屋町,2022[sanitize]12[sanitize]17,17,道路上,その他,20歳代,その他,施錠せず
窃盗,自転車盗,明石,本町,282031,兵庫県,明石市,鍛治屋町,2023[sanitize]09[sanitize]05,20,道路上,その他,30歳代,その他,施錠せず
窃盗,自転車盗,明石,本町,282031,兵庫県,明石市,桜町,2023[sanitize]05[sanitize]07,23,４階建て以上共同住宅,駐車（輪）場,30歳代,その他,施錠せず
窃盗,自転車盗,明石,本町,282031,兵庫県,明石市,桜町,2023[sanitize]11[sanitize]02,22,４階建て以上共同住宅,駐車（輪）場,10歳代,中学生,施錠せず
窃盗,自転車盗,明石,本町,282031,兵庫県,明石市,桜町,2023[sanitize]12[sanitize]03,00,その他,駐車（輪）場,40歳代,その他,施錠せず
窃盗,自転車盗,明石,本町,282031,兵庫県,明石市,大観町,2023[sanitize]02[sanitize]12,20,道路上,その他,20歳代,その他,施錠せず
窃盗,自転車盗,明石,本町,282031,兵庫県,明石市,大観町,2023[sanitize]09[sanitize]06,18,道路上,その他,10歳代,その他,施錠せず
窃盗,自転車盗,明石,本町,282031,兵庫県,明石市,樽屋町,2023[sanitize]05[sanitize]15,10,駐車（輪）場,駐車（輪）場,70歳以上,その他,施錠せず
窃盗,自転車盗,明石,本町,282031,兵庫県,明石市,樽屋町,2023[sanitize]06[sanitize]10,01,４階建て以上共同住宅,駐車（輪）場,40歳代,その他,施錠せず
窃盗,自転車盗,明石,本町,282031,兵庫県,明石市,樽屋町,2023[sanitize]12[sanitize]08,20,４階建て以上共同住宅,駐車（輪）場,50歳代,その他,施錠せず
窃盗,自転車盗,明石,本町,282031,兵庫県,明石市,中崎１丁目,2023[sanitize]06[sanitize]25,20,道路上,その他,10歳代,高校生,施錠せず
窃盗,自転車盗,明石,本町,282031,兵庫県,明石市,中崎１丁目,2023[sanitize]10[sanitize]18,08,その他,駐車（輪）場,20歳代,その他,施錠せず
窃盗,自転車盗,明石,本町,282031,兵庫県,明石市,本町１丁目,2023[sanitize]02[sanitize]26,00,道路上,その他,50歳代,その他,施錠した
窃盗,自転車盗,明石,本町,282031,兵庫県,明石市,本町１丁目,2023[sanitize]05[sanitize]20,15,道路上,その他,10歳代,高校生,施錠せず
窃盗,自転車盗,明石,本町,282031,兵庫県,明石市,本町１丁目,2023[sanitize]07[sanitize]16,13,道路上,その他,40歳代,その他,施錠せず
窃盗,自転車盗,明石,本町,282031,兵庫県,明石市,本町１丁目,2023[sanitize]09[sanitize]22,13,道路上,その他,70歳以上,その他,施錠した
窃盗,自転車盗,明石,本町,282031,兵庫県,明石市,本町２丁目,2023[sanitize]02[sanitize]01,07,駐車（輪）場,駐車（輪）場,20歳代,その他,施錠せず
窃盗,自転車盗,明石,本町,282031,兵庫県,明石市,本町２丁目,2023[sanitize]02[sanitize]24,15,駐車（輪）場,駐車（輪）場,10歳代,高校生,施錠せず
窃盗,自転車盗,明石,本町,282031,兵庫県,明石市,本町２丁目,2023[sanitize]03[sanitize]28,15,駐車（輪）場,駐車（輪）場,20歳代,その他,施錠せず
窃盗,自転車盗,明石,本町,282031,兵庫県,明石市,本町２丁目,2023[sanitize]05[sanitize]02,07,駐車（輪）場,駐車（輪）場,10歳代,高校生,施錠した
窃盗,自転車盗,明石,本町,282031,兵庫県,明石市,本町２丁目,2023[sanitize]05[sanitize]11,07,駐車（輪）場,駐車（輪）場,40歳代,その他,施錠した
窃盗,自転車盗,明石,本町,282031,兵庫県,明石市,本町２丁目,2023[sanitize]05[sanitize]11,09,道路上,その他,40歳代,その他,施錠せず
窃盗,自転車盗,明石,本町,282031,兵庫県,明石市,本町２丁目,2023[sanitize]05[sanitize]13,06,その他,その他,70歳以上,その他,施錠せず
窃盗,自転車盗,明石,本町,282031,兵庫県,明石市,本町２丁目,2023[sanitize]05[sanitize]27,09,駐車（輪）場,駐車（輪）場,10歳代,高校生,施錠した
窃盗,自転車盗,明石,本町,282031,兵庫県,明石市,本町２丁目,2023[sanitize]06[sanitize]23,07,その他の住宅（３階建て以下共同住宅等）,駐車（輪）場,10歳代,高校生,施錠せず
窃盗,自転車盗,明石,本町,282031,兵庫県,明石市,本町２丁目,2023[sanitize]06[sanitize]30,07,駐車（輪）場,駐車（輪）場,10歳代,高校生,施錠せず
窃盗,自転車盗,明石,本町,282031,兵庫県,明石市,本町２丁目,2023[sanitize]08[sanitize]26,18,その他,駐車（輪）場,10歳代,高校生,施錠せず
窃盗,自転車盗,明石,本町,282031,兵庫県,明石市,本町２丁目,2023[sanitize]09[sanitize]01,19,その他,駐車（輪）場,10歳代,高校生,施錠せず
窃盗,自転車盗,明石,本町,282031,兵庫県,明石市,本町２丁目,2023[sanitize]09[sanitize]09,12,その他,駐車（輪）場,10歳代,高校生,施錠せず
窃盗,自転車盗,明石,本町,282031,兵庫県,明石市,本町２丁目,2023[sanitize]09[sanitize]22,16,その他,駐車（輪）場,10歳代,高校生,施錠せず
窃盗,自転車盗,明石,本町,282031,兵庫県,明石市,本町２丁目,2023[sanitize]10[sanitize]21,18,４階建て以上共同住宅,駐車（輪）場,50歳代,その他,施錠した
窃盗,自転車盗,明石,本町,282031,兵庫県,明石市,本町２丁目,2023[sanitize]11[sanitize]02,17,駐車（輪）場,駐車（輪）場,60[sanitize]64歳,その他,施錠せず
窃盗,自転車盗,明石,本町,282031,兵庫県,明石市,本町２丁目,2023[sanitize]11[sanitize]22,12,その他,駐車（輪）場,10歳代,高校生,施錠せず
窃盗,自転車盗,明石,本町,282031,兵庫県,明石市,本町２丁目,2023[sanitize]12[sanitize]19,17,４階建て以上共同住宅,駐車（輪）場,10歳代,中学生,施錠せず
窃盗,自転車盗,明石,本町,282031,兵庫県,明石市,港町,2023[sanitize]03[sanitize]23,14,道路上,その他,50歳代,その他,施錠せず
窃盗,自転車盗,明石,東二見,282031,兵庫県,明石市,,2023[sanitize]11[sanitize]11,19,その他,駐車（輪）場,10歳代,高校生,施錠せず
窃盗,自転車盗,明石,東二見,282031,兵庫県,明石市,二見町西二見,2023[sanitize]07[sanitize]01,07,駐車（輪）場,駐車（輪）場,10歳未満,小学生,施錠せず
窃盗,自転車盗,明石,東二見,282031,兵庫県,明石市,二見町西二見,2023[sanitize]08[sanitize]05,03,その他,駐車（輪）場,10歳代,大学生,施錠せず
窃盗,自転車盗,明石,東二見,282031,兵庫県,明石市,二見町西二見,2023[sanitize]12[sanitize]20,14,４階建て以上共同住宅,駐車（輪）場,40歳代,その他,施錠せず
窃盗,自転車盗,明石,東二見,282031,兵庫県,明石市,二見町東二見,2023[sanitize]01[sanitize]11,15,その他,駐車（輪）場,20歳代,その他,施錠せず
窃盗,自転車盗,明石,東二見,282031,兵庫県,明石市,二見町東二見,2023[sanitize]01[sanitize]12,23,道路上,その他,50歳代,その他,施錠せず
窃盗,自転車盗,明石,東二見,282031,兵庫県,明石市,二見町東二見,2023[sanitize]01[sanitize]13,10,その他の住宅（３階建て以下共同住宅等）,その他,50歳代,その他,施錠せず
窃盗,自転車盗,明石,東二見,282031,兵庫県,明石市,二見町東二見,2023[sanitize]01[sanitize]14,17,一戸建住宅,駐車（輪）場,20歳代,その他,施錠せず
窃盗,自転車盗,明石,東二見,282031,兵庫県,明石市,二見町東二見,2023[sanitize]01[sanitize]15,09,一戸建住宅,その他,10歳代,大学生,施錠せず
窃盗,自転車盗,明石,東二見,282031,兵庫県,明石市,二見町東二見,2023[sanitize]01[sanitize]15,15,一戸建住宅,駐車（輪）場,65[sanitize]69歳,その他,施錠せず
窃盗,自転車盗,明石,東二見,282031,兵庫県,明石市,二見町東二見,2023[sanitize]02[sanitize]04,18,その他,駐車（輪）場,20歳代,その他,施錠せず
窃盗,自転車盗,明石,東二見,282031,兵庫県,明石市,二見町東二見,2023[sanitize]03[sanitize]30,23,駐車（輪）場,駐車（輪）場,20歳代,大学生,施錠せず
窃盗,自転車盗,明石,東二見,282031,兵庫県,明石市,二見町東二見,2023[sanitize]05[sanitize]01,07,駐車（輪）場,駐車（輪）場,10歳代,高校生,施錠した
窃盗,自転車盗,明石,東二見,282031,兵庫県,明石市,二見町東二見,2023[sanitize]06[sanitize]24,20,駐車（輪）場,駐車（輪）場,20歳代,その他,施錠せず
窃盗,自転車盗,明石,東二見,282031,兵庫県,明石市,二見町東二見,2023[sanitize]07[sanitize]10,19,道路上,その他,20歳代,その他,施錠せず
窃盗,自転車盗,明石,東二見,282031,兵庫県,明石市,二見町東二見,2023[sanitize]07[sanitize]10,20,その他,駐車（輪）場,30歳代,その他,施錠せず
窃盗,自転車盗,明石,東二見,282031,兵庫県,明石市,二見町東二見,2023[sanitize]08[sanitize]05,09,その他,その他,20歳代,その他,施錠した
窃盗,自転車盗,明石,東二見,282031,兵庫県,明石市,二見町東二見,2023[sanitize]10[sanitize]22,21,道路上,その他,10歳代,中学生,施錠せず
窃盗,自転車盗,明石,東二見,282031,兵庫県,明石市,二見町東二見,2023[sanitize]12[sanitize]04,18,その他の住宅（３階建て以下共同住宅等）,駐車（輪）場,30歳代,その他,施錠せず
窃盗,自転車盗,明石,東二見,282031,兵庫県,明石市,二見町東二見,2023[sanitize]12[sanitize]18,18,４階建て以上共同住宅,駐車（輪）場,10歳代,高校生,施錠せず
窃盗,自転車盗,明石,東二見,282031,兵庫県,明石市,二見町南二見,2023[sanitize]07[sanitize]26,09,その他,駐車（輪）場,10歳代,中学生,施錠せず
窃盗,自転車盗,明石,東二見,282031,兵庫県,明石市,二見町南二見,2023[sanitize]07[sanitize]26,10,その他,駐車（輪）場,10歳代,中学生,施錠せず
窃盗,自転車盗,明石,東二見,282031,兵庫県,明石市,二見町南二見,2023[sanitize]07[sanitize]26,14,その他,駐車（輪）場,10歳代,中学生,施錠せず
窃盗,自転車盗,明石,東二見,282031,兵庫県,明石市,二見町西二見駅前１丁目,2023[sanitize]10[sanitize]19,17,その他,駐車（輪）場,10歳代,高校生,施錠せず
窃盗,自転車盗,明石,東二見,282031,兵庫県,明石市,二見町西二見駅前４丁目,2023[sanitize]01[sanitize]26,21,その他,駐車（輪）場,10歳代,中学生,施錠せず
窃盗,自転車盗,明石,東二見,282031,兵庫県,明石市,二見町西二見駅前４丁目,2023[sanitize]02[sanitize]18,18,その他の住宅（３階建て以下共同住宅等）,駐車（輪）場,10歳代,高校生,施錠せず
窃盗,自転車盗,明石,東二見,282031,兵庫県,明石市,二見町西二見駅前４丁目,2023[sanitize]03[sanitize]15,20,その他,駐車（輪）場,10歳代,中学生,施錠せず
窃盗,自転車盗,明石,東二見,282031,兵庫県,明石市,二見町西二見駅前４丁目,2023[sanitize]05[sanitize]28,13,駐車（輪）場,駐車（輪）場,10歳代,中学生,施錠した
窃盗,自転車盗,明石,東二見,282031,兵庫県,明石市,二見町西二見駅前４丁目,2023[sanitize]12[sanitize]10,14,駐車（輪）場,駐車（輪）場,10歳代,高校生,施錠せず
窃盗,自転車盗,明石,林崎,282031,兵庫県,明石市,貴崎３丁目,2023[sanitize]10[sanitize]20,20,４階建て以上共同住宅,駐車（輪）場,10歳代,中学生,施錠せず
窃盗,自転車盗,明石,林崎,282031,兵庫県,明石市,貴崎４丁目,2023[sanitize]07[sanitize]28,17,４階建て以上共同住宅,駐車（輪）場,40歳代,その他,施錠せず
窃盗,自転車盗,明石,林崎,282031,兵庫県,明石市,貴崎５丁目,2023[sanitize]03[sanitize]21,23,一戸建住宅,その他,10歳代,高校生,施錠せず
窃盗,自転車盗,明石,林崎,282031,兵庫県,明石市,林２丁目,2023[sanitize]04[sanitize]08,17,その他の住宅（３階建て以下共同住宅等）,駐車（輪）場,40歳代,その他,施錠せず
窃盗,自転車盗,明石,林崎,282031,兵庫県,明石市,林３丁目,2022[sanitize]12[sanitize]28,07,道路上,その他,70歳以上,その他,施錠せず
窃盗,自転車盗,明石,林崎,282031,兵庫県,明石市,林３丁目,2023[sanitize]07[sanitize]23,15,道路上,その他,10歳代,中学生,施錠せず
窃盗,自転車盗,明石,林崎,282031,兵庫県,明石市,林３丁目,2023[sanitize]07[sanitize]30,07,その他,その他,70歳以上,その他,施錠せず
窃盗,自転車盗,明石,林崎,282031,兵庫県,明石市,林３丁目,2023[sanitize]08[sanitize]31,05,その他,その他,40歳代,その他,施錠せず
窃盗,自転車盗,明石,林崎,282031,兵庫県,明石市,林崎町１丁目,2023[sanitize]07[sanitize]30,10,その他,駐車（輪）場,65[sanitize]69歳,その他,施錠せず
窃盗,自転車盗,明石,林崎,282031,兵庫県,明石市,林崎町３丁目,2023[sanitize]08[sanitize]03,12,その他,その他,10歳代,中学生,施錠せず
窃盗,自転車盗,明石,林崎,282031,兵庫県,明石市,南貴崎町,2023[sanitize]03[sanitize]24,07,駐車（輪）場,駐車（輪）場,50歳代,その他,施錠せず
窃盗,自転車盗,明石,江井島,282031,兵庫県,明石市,大久保町江井島,2023[sanitize]01[sanitize]26,16,４階建て以上共同住宅,駐車（輪）場,40歳代,その他,施錠した
窃盗,自転車盗,明石,江井島,282031,兵庫県,明石市,大久保町江井島,2023[sanitize]06[sanitize]01,07,その他,駐車（輪）場,20歳代,その他,施錠せず
窃盗,自転車盗,明石,江井島,282031,兵庫県,明石市,大久保町江井島,2023[sanitize]06[sanitize]28,07,その他,駐車（輪）場,10歳代,その他,施錠せず
窃盗,自転車盗,明石,江井島,282031,兵庫県,明石市,大久保町江井島,2023[sanitize]07[sanitize]03,05,その他,駐車（輪）場,60[sanitize]64歳,その他,施錠せず
窃盗,自転車盗,明石,江井島,282031,兵庫県,明石市,大久保町江井島,2023[sanitize]07[sanitize]21,12,その他,駐車（輪）場,10歳代,高校生,施錠せず
窃盗,自転車盗,明石,江井島,282031,兵庫県,明石市,大久保町江井島,2023[sanitize]07[sanitize]27,10,その他,その他,10歳代,中学生,施錠せず
窃盗,自転車盗,明石,江井島,282031,兵庫県,明石市,大久保町江井島,2023[sanitize]08[sanitize]19,18,駐車（輪）場,駐車（輪）場,法人・団体、被害者なし,法人・団体、被害者なし,施錠せず
窃盗,自転車盗,明石,江井島,282031,兵庫県,明石市,大久保町江井島,2023[sanitize]09[sanitize]06,07,その他,駐車（輪）場,20歳代,その他,施錠せず
窃盗,自転車盗,明石,江井島,282031,兵庫県,明石市,大久保町江井島,2023[sanitize]09[sanitize]27,18,駐車（輪）場,駐車（輪）場,40歳代,その他,施錠せず
窃盗,自転車盗,明石,江井島,282031,兵庫県,明石市,大久保町江井島,2023[sanitize]11[sanitize]22,07,その他,駐車（輪）場,10歳代,高校生,施錠した
窃盗,自転車盗,明石,江井島,282031,兵庫県,明石市,大久保町江井島,2023[sanitize]12[sanitize]01,08,駐車（輪）場,駐車（輪）場,40歳代,その他,施錠せず
窃盗,自転車盗,明石,江井島,282031,兵庫県,明石市,大久保町西島,2023[sanitize]03[sanitize]04,23,その他,駐車（輪）場,10歳代,高校生,施錠せず
窃盗,自転車盗,明石,江井島,282031,兵庫県,明石市,大久保町西島,2023[sanitize]05[sanitize]09,06,その他,駐車（輪）場,20歳代,その他,施錠せず
窃盗,自転車盗,明石,江井島,282031,兵庫県,明石市,大久保町西島,2023[sanitize]10[sanitize]08,09,その他,駐車（輪）場,20歳代,大学生,施錠せず
窃盗,自転車盗,明石,江井島,282031,兵庫県,明石市,大久保町西島,2023[sanitize]11[sanitize]22,16,その他,駐車（輪）場,20歳代,その他,施錠せず
窃盗,自転車盗,明石,藤江,282031,兵庫県,明石市,藤江,2023[sanitize]02[sanitize]01,12,４階建て以上共同住宅,駐車（輪）場,40歳代,その他,施錠せず
窃盗,自転車盗,明石,藤江,282031,兵庫県,明石市,藤江,2023[sanitize]02[sanitize]06,00,その他の住宅（３階建て以下共同住宅等）,駐車（輪）場,20歳代,その他,施錠せず
窃盗,自転車盗,明石,藤江,282031,兵庫県,明石市,藤江,2023[sanitize]04[sanitize]21,19,一戸建住宅,駐車（輪）場,20歳代,その他,施錠せず
窃盗,自転車盗,明石,藤江,282031,兵庫県,明石市,藤江,2023[sanitize]04[sanitize]25,14,一戸建住宅,駐車（輪）場,10歳代,大学生,施錠せず
窃盗,自転車盗,明石,藤江,282031,兵庫県,明石市,藤江,2023[sanitize]06[sanitize]01,13,その他の住宅（３階建て以下共同住宅等）,駐車（輪）場,30歳代,その他,施錠した
窃盗,自転車盗,明石,藤江,282031,兵庫県,明石市,藤江,2023[sanitize]07[sanitize]18,19,道路上,その他,70歳以上,その他,施錠せず
窃盗,自転車盗,明石,藤江,282031,兵庫県,明石市,藤江,2023[sanitize]08[sanitize]10,10,駐車（輪）場,駐車（輪）場,10歳代,高校生,施錠せず
窃盗,自転車盗,明石,藤江,282031,兵庫県,明石市,藤江,2023[sanitize]08[sanitize]31,14,道路上,その他,70歳以上,その他,施錠せず
窃盗,自転車盗,明石,藤江,282031,兵庫県,明石市,藤江,2023[sanitize]10[sanitize]19,19,駐車（輪）場,駐車（輪）場,20歳代,その他,施錠した
窃盗,自転車盗,明石,藤江,282031,兵庫県,明石市,松江,2023[sanitize]04[sanitize]13,14,駐車（輪）場,駐車（輪）場,10歳代,中学生,施錠せず
窃盗,自転車盗,明石,藤江,282031,兵庫県,明石市,松江,2023[sanitize]12[sanitize]01,18,その他の住宅（３階建て以下共同住宅等）,駐車（輪）場,30歳代,その他,施錠した
窃盗,自転車盗,明石,藤江,282031,兵庫県,明石市,松江,2023[sanitize]12[sanitize]01,20,駐車（輪）場,駐車（輪）場,20歳代,その他,施錠した
窃盗,自転車盗,明石,西二見,282031,兵庫県,明石市,魚住町清水,2023[sanitize]02[sanitize]20,18,４階建て以上共同住宅,駐車（輪）場,10歳代,中学生,施錠せず
窃盗,自転車盗,明石,西二見,282031,兵庫県,明石市,魚住町清水,2023[sanitize]02[sanitize]23,13,その他,駐車（輪）場,10歳代,中学生,施錠せず
窃盗,自転車盗,明石,西二見,282031,兵庫県,明石市,魚住町清水,2023[sanitize]08[sanitize]09,01,４階建て以上共同住宅,駐車（輪）場,10歳代,高校生,施錠せず
窃盗,自転車盗,明石,西二見,282031,兵庫県,明石市,魚住町清水,2023[sanitize]08[sanitize]10,22,その他の住宅（３階建て以下共同住宅等）,その他,30歳代,その他,施錠せず
窃盗,自転車盗,明石,西二見,282031,兵庫県,明石市,魚住町清水,2023[sanitize]09[sanitize]28,22,４階建て以上共同住宅,駐車（輪）場,20歳代,その他,施錠せず
窃盗,自転車盗,明石,西二見,282031,兵庫県,明石市,魚住町清水,2023[sanitize]10[sanitize]15,07,その他,駐車（輪）場,10歳代,高校生,施錠せず
窃盗,自転車盗,明石,西二見,282031,兵庫県,明石市,魚住町清水,2023[sanitize]10[sanitize]19,18,その他,駐車（輪）場,10歳代,大学生,施錠せず
窃盗,自転車盗,明石,西二見,282031,兵庫県,明石市,魚住町清水,2023[sanitize]11[sanitize]05,18,その他,駐車（輪）場,10歳代,高校生,施錠せず
窃盗,自転車盗,明石,西二見,282031,兵庫県,明石市,魚住町清水,2023[sanitize]11[sanitize]22,22,駐車（輪）場,駐車（輪）場,50歳代,その他,施錠せず
窃盗,自転車盗,明石,西二見,282031,兵庫県,明石市,魚住町清水,2023[sanitize]12[sanitize]02,20,駐車（輪）場,駐車（輪）場,60[sanitize]64歳,その他,施錠せず
窃盗,自転車盗,明石,西二見,282031,兵庫県,明石市,魚住町清水,2023[sanitize]12[sanitize]13,20,その他,駐車（輪）場,10歳代,中学生,施錠せず
窃盗,自転車盗,明石,西二見,282031,兵庫県,明石市,魚住町清水,2023[sanitize]12[sanitize]28,09,駐車（輪）場,駐車（輪）場,10歳代,高校生,施錠せず
窃盗,自転車盗,明石,西二見,282031,兵庫県,明石市,二見町西二見,2023[sanitize]01[sanitize]07,06,その他,駐車（輪）場,40歳代,その他,施錠せず
窃盗,自転車盗,明石,西二見,282031,兵庫県,明石市,二見町西二見,2023[sanitize]01[sanitize]13,13,一戸建住宅,その他,50歳代,その他,施錠せず
窃盗,自転車盗,明石,西二見,282031,兵庫県,明石市,二見町西二見,2023[sanitize]01[sanitize]15,09,一戸建住宅,その他,10歳代,中学生,施錠せず
窃盗,自転車盗,明石,西二見,282031,兵庫県,明石市,二見町西二見,2023[sanitize]01[sanitize]16,14,一戸建住宅,その他,50歳代,その他,施錠せず
窃盗,自転車盗,明石,西二見,282031,兵庫県,明石市,二見町西二見,2023[sanitize]01[sanitize]18,09,一戸建住宅,その他,65[sanitize]69歳,その他,施錠せず
窃盗,自転車盗,明石,西二見,282031,兵庫県,明石市,二見町西二見,2023[sanitize]02[sanitize]27,11,４階建て以上共同住宅,駐車（輪）場,50歳代,その他,施錠せず
窃盗,自転車盗,明石,西二見,282031,兵庫県,明石市,二見町西二見,2023[sanitize]05[sanitize]15,08,駐車（輪）場,駐車（輪）場,10歳代,中学生,施錠せず
窃盗,自転車盗,明石,西二見,282031,兵庫県,明石市,二見町西二見,2023[sanitize]06[sanitize]26,10,その他,駐車（輪）場,70歳以上,その他,施錠せず
窃盗,自転車盗,明石,西二見,282031,兵庫県,明石市,二見町西二見,2023[sanitize]08[sanitize]06,17,４階建て以上共同住宅,駐車（輪）場,50歳代,その他,施錠した
窃盗,自転車盗,明石,西二見,282031,兵庫県,明石市,二見町西二見,2023[sanitize]09[sanitize]15,08,その他,駐車（輪）場,40歳代,その他,施錠した
窃盗,自転車盗,明石,西二見,282031,兵庫県,明石市,二見町西二見,2023[sanitize]09[sanitize]28,19,その他の住宅（３階建て以下共同住宅等）,駐車（輪）場,20歳代,その他,施錠した
窃盗,自転車盗,明石,西二見,282031,兵庫県,明石市,二見町福里,2023[sanitize]01[sanitize]06,22,一戸建住宅,駐車（輪）場,30歳代,その他,施錠せず
窃盗,自転車盗,明石,西二見,282031,兵庫県,明石市,二見町福里,2023[sanitize]03[sanitize]09,03,４階建て以上共同住宅,その他,20歳代,その他,施錠せず
窃盗,自転車盗,明石,西二見,282031,兵庫県,明石市,二見町福里,2023[sanitize]10[sanitize]08,15,その他の住宅（３階建て以下共同住宅等）,駐車（輪）場,10歳代,高校生,施錠せず
窃盗,自転車盗,明石,西新町,282031,兵庫県,明石市,王子１丁目,2023[sanitize]07[sanitize]16,13,４階建て以上共同住宅,駐車（輪）場,20歳代,その他,施錠した
窃盗,自転車盗,明石,西新町,282031,兵庫県,明石市,王子１丁目,不明,不明,４階建て以上共同住宅,駐車（輪）場,10歳代,高校生,施錠せず
窃盗,自転車盗,明石,西新町,282031,兵庫県,明石市,北王子町,2023[sanitize]01[sanitize]13,08,その他,駐車（輪）場,20歳代,その他,施錠せず
窃盗,自転車盗,明石,西新町,282031,兵庫県,明石市,硯町１丁目,2022[sanitize]12[sanitize]29,01,その他の住宅（３階建て以下共同住宅等）,その他,20歳代,大学生,施錠せず
窃盗,自転車盗,明石,西新町,282031,兵庫県,明石市,硯町１丁目,2023[sanitize]05[sanitize]11,00,その他の住宅（３階建て以下共同住宅等）,駐車（輪）場,20歳代,大学生,施錠せず
窃盗,自転車盗,明石,西新町,282031,兵庫県,明石市,硯町２丁目,2023[sanitize]05[sanitize]25,00,駐車（輪）場,駐車（輪）場,50歳代,その他,施錠せず
窃盗,自転車盗,明石,西新町,282031,兵庫県,明石市,硯町２丁目,2023[sanitize]09[sanitize]05,17,４階建て以上共同住宅,駐車（輪）場,60[sanitize]64歳,その他,施錠せず
窃盗,自転車盗,明石,西新町,282031,兵庫県,明石市,硯町２丁目,不明,不明,４階建て以上共同住宅,駐車（輪）場,40歳代,その他,施錠した
窃盗,自転車盗,明石,西新町,282031,兵庫県,明石市,硯町３丁目,2022[sanitize]12[sanitize]28,15,その他,駐車（輪）場,10歳代,中学生,施錠せず
窃盗,自転車盗,明石,西新町,282031,兵庫県,明石市,硯町３丁目,2023[sanitize]01[sanitize]22,12,その他,駐車（輪）場,10歳代,小学生,施錠した
窃盗,自転車盗,明石,西新町,282031,兵庫県,明石市,硯町３丁目,2023[sanitize]03[sanitize]04,11,４階建て以上共同住宅,駐車（輪）場,10歳代,小学生,施錠せず
窃盗,自転車盗,明石,西新町,282031,兵庫県,明石市,硯町３丁目,2023[sanitize]07[sanitize]19,01,その他,駐車（輪）場,70歳以上,その他,施錠せず
窃盗,自転車盗,明石,西新町,282031,兵庫県,明石市,硯町３丁目,2023[sanitize]10[sanitize]30,09,その他,駐車（輪）場,20歳代,その他,施錠した
窃盗,自転車盗,明石,西新町,282031,兵庫県,明石市,田町２丁目,2023[sanitize]02[sanitize]25,17,その他,その他,10歳代,高校生,施錠せず
窃盗,自転車盗,明石,西新町,282031,兵庫県,明石市,田町２丁目,2023[sanitize]11[sanitize]08,14,４階建て以上共同住宅,駐車（輪）場,10歳代,高校生,施錠せず
窃盗,自転車盗,明石,西新町,282031,兵庫県,明石市,大道町１丁目,2023[sanitize]02[sanitize]12,20,４階建て以上共同住宅,駐車（輪）場,20歳代,その他,施錠せず
窃盗,自転車盗,明石,西新町,282031,兵庫県,明石市,西新町２丁目,2023[sanitize]07[sanitize]26,16,その他の住宅（３階建て以下共同住宅等）,その他,10歳未満,小学生,施錠せず
窃盗,自転車盗,明石,西新町,282031,兵庫県,明石市,西新町２丁目,2023[sanitize]08[sanitize]05,17,その他の住宅（３階建て以下共同住宅等）,駐車（輪）場,10歳代,高校生,施錠せず
窃盗,自転車盗,明石,西新町,282031,兵庫県,明石市,西新町２丁目,2023[sanitize]08[sanitize]05,19,その他の住宅（３階建て以下共同住宅等）,駐車（輪）場,10歳代,中学生,施錠せず
窃盗,自転車盗,明石,西新町,282031,兵庫県,明石市,西新町２丁目,2023[sanitize]08[sanitize]05,22,一戸建住宅,駐車（輪）場,10歳代,大学生,施錠した
窃盗,自転車盗,明石,西新町,282031,兵庫県,明石市,西新町２丁目,2023[sanitize]09[sanitize]03,17,その他,駐車（輪）場,10歳代,高校生,施錠せず
窃盗,自転車盗,明石,西新町,282031,兵庫県,明石市,西新町３丁目,2023[sanitize]01[sanitize]20,06,道路上,その他,70歳以上,その他,施錠した
窃盗,自転車盗,明石,西新町,282031,兵庫県,明石市,西新町３丁目,2023[sanitize]01[sanitize]29,08,その他,駐車（輪）場,20歳代,その他,施錠せず
窃盗,自転車盗,明石,西新町,282031,兵庫県,明石市,西新町３丁目,2023[sanitize]04[sanitize]04,18,その他,駐車（輪）場,20歳代,大学生,施錠せず
窃盗,自転車盗,明石,西新町,282031,兵庫県,明石市,西新町３丁目,2023[sanitize]04[sanitize]19,14,その他,駐車（輪）場,10歳代,中学生,施錠せず
窃盗,自転車盗,明石,西新町,282031,兵庫県,明石市,西新町３丁目,2023[sanitize]04[sanitize]19,18,その他,駐車（輪）場,法人・団体、被害者なし,法人・団体、被害者なし,施錠せず
窃盗,自転車盗,明石,西新町,282031,兵庫県,明石市,西新町３丁目,2023[sanitize]06[sanitize]09,16,その他,駐車（輪）場,10歳代,小学生,施錠せず
窃盗,自転車盗,明石,西新町,282031,兵庫県,明石市,西新町３丁目,2023[sanitize]06[sanitize]13,07,その他,駐車（輪）場,10歳代,大学生,施錠せず
窃盗,自転車盗,明石,西新町,282031,兵庫県,明石市,西新町３丁目,2023[sanitize]06[sanitize]20,07,その他,駐車（輪）場,10歳代,高校生,施錠せず
窃盗,自転車盗,明石,西新町,282031,兵庫県,明石市,西新町３丁目,2023[sanitize]06[sanitize]25,18,その他,駐車（輪）場,10歳代,その他,施錠せず
窃盗,自転車盗,明石,西新町,282031,兵庫県,明石市,西新町３丁目,2023[sanitize]10[sanitize]27,18,その他,駐車（輪）場,10歳代,高校生,施錠せず
窃盗,自転車盗,明石,西新町,282031,兵庫県,明石市,西新町３丁目,2023[sanitize]10[sanitize]31,07,その他,駐車（輪）場,10歳代,高校生,施錠せず
窃盗,自転車盗,明石,西新町,282031,兵庫県,明石市,西新町３丁目,2023[sanitize]12[sanitize]14,17,その他,駐車（輪）場,10歳代,高校生,施錠せず
窃盗,自転車盗,明石,西新町,282031,兵庫県,明石市,西新町３丁目,不明,不明,その他,駐車（輪）場,20歳代,その他,施錠せず
窃盗,自転車盗,明石,西新町,282031,兵庫県,明石市,船上町,2023[sanitize]01[sanitize]13,12,その他の住宅（３階建て以下共同住宅等）,駐車（輪）場,20歳代,その他,施錠した
窃盗,自転車盗,明石,西新町,282031,兵庫県,明石市,船上町,2023[sanitize]10[sanitize]30,00,一戸建住宅,駐車（輪）場,10歳代,中学生,施錠せず
窃盗,自転車盗,明石,西新町,282031,兵庫県,明石市,南王子町,2023[sanitize]08[sanitize]22,19,一戸建住宅,その他,10歳代,小学生,施錠せず
窃盗,自転車盗,明石,西明石,282031,兵庫県,明石市,川崎町,2023[sanitize]06[sanitize]09,11,駐車（輪）場,駐車（輪）場,70歳以上,その他,施錠した
窃盗,自転車盗,明石,西明石,282031,兵庫県,明石市,貴崎５丁目,2023[sanitize]09[sanitize]29,16,駐車（輪）場,駐車（輪）場,10歳代,高校生,施錠せず
窃盗,自転車盗,明石,西明石,282031,兵庫県,明石市,硯町１丁目,2023[sanitize]02[sanitize]25,11,その他,駐車（輪）場,70歳以上,その他,施錠せず
窃盗,自転車盗,明石,西明石,282031,兵庫県,明石市,西明石西町１丁目,2023[sanitize]03[sanitize]04,00,一戸建住宅,その他,20歳代,大学生,施錠せず
窃盗,自転車盗,明石,西明石,282031,兵庫県,明石市,西明石西町１丁目,2023[sanitize]11[sanitize]23,15,道路上,その他,70歳以上,その他,施錠せず
窃盗,自転車盗,明石,西明石,282031,兵庫県,明石市,西明石南町１丁目,2023[sanitize]05[sanitize]24,17,４階建て以上共同住宅,駐車（輪）場,20歳代,その他,施錠せず
窃盗,自転車盗,明石,西明石,282031,兵庫県,明石市,西明石南町１丁目,2023[sanitize]09[sanitize]03,14,道路上,その他,40歳代,その他,施錠せず
窃盗,自転車盗,明石,西明石,282031,兵庫県,明石市,西明石南町１丁目,2023[sanitize]09[sanitize]10,06,その他,駐車（輪）場,20歳代,その他,施錠せず
窃盗,自転車盗,明石,西明石,282031,兵庫県,明石市,西明石南町１丁目,2023[sanitize]12[sanitize]07,07,その他,駐車（輪）場,20歳代,大学生,施錠せず
窃盗,自転車盗,明石,西明石,282031,兵庫県,明石市,西明石南町２丁目,2023[sanitize]06[sanitize]18,11,駐車（輪）場,駐車（輪）場,40歳代,その他,施錠した
窃盗,自転車盗,明石,西明石,282031,兵庫県,明石市,西明石南町２丁目,2023[sanitize]06[sanitize]28,07,道路上,その他,50歳代,その他,施錠した
窃盗,自転車盗,明石,西明石,282031,兵庫県,明石市,西明石南町２丁目,2023[sanitize]09[sanitize]09,02,一戸建住宅,その他,40歳代,その他,施錠せず
窃盗,自転車盗,明石,西明石,282031,兵庫県,明石市,西明石南町２丁目,2023[sanitize]10[sanitize]14,17,駐車（輪）場,駐車（輪）場,40歳代,その他,施錠せず
窃盗,自転車盗,明石,西明石,282031,兵庫県,明石市,西明石南町２丁目,2023[sanitize]11[sanitize]26,14,４階建て以上共同住宅,駐車（輪）場,40歳代,その他,施錠せず
窃盗,自転車盗,明石,西明石,282031,兵庫県,明石市,西明石南町３丁目,2023[sanitize]04[sanitize]08,08,その他,駐車（輪）場,20歳代,その他,施錠した
窃盗,自転車盗,明石,西明石,282031,兵庫県,明石市,東藤江１丁目,2023[sanitize]05[sanitize]01,17,その他の住宅（３階建て以下共同住宅等）,駐車（輪）場,20歳代,その他,施錠せず
窃盗,自転車盗,明石,西明石,282031,兵庫県,明石市,東藤江１丁目,2023[sanitize]08[sanitize]01,07,その他,駐車（輪）場,40歳代,その他,施錠せず
窃盗,自転車盗,明石,高丘,282031,兵庫県,明石市,大久保町大窪,2023[sanitize]07[sanitize]06,20,一戸建住宅,その他,50歳代,その他,施錠せず
窃盗,自転車盗,明石,高丘,282031,兵庫県,明石市,大久保町大窪,2023[sanitize]07[sanitize]24,21,４階建て以上共同住宅,駐車（輪）場,10歳代,高校生,施錠せず
窃盗,自転車盗,明石,高丘,282031,兵庫県,明石市,大久保町大窪,2023[sanitize]07[sanitize]30,14,その他,駐車（輪）場,10歳代,高校生,施錠した
窃盗,自転車盗,明石,高丘,282031,兵庫県,明石市,大久保町大窪,2023[sanitize]09[sanitize]16,15,駐車（輪）場,駐車（輪）場,10歳代,高校生,施錠せず
窃盗,自転車盗,明石,高丘,282031,兵庫県,明石市,大久保町大窪,2023[sanitize]09[sanitize]25,19,その他,駐車（輪）場,10歳代,中学生,施錠せず
窃盗,自転車盗,明石,高丘,282031,兵庫県,明石市,大久保町高丘３丁目,2023[sanitize]05[sanitize]16,17,駐車（輪）場,駐車（輪）場,50歳代,その他,施錠した
窃盗,自転車盗,明石,高丘,282031,兵庫県,明石市,大久保町高丘３丁目,2023[sanitize]06[sanitize]12,20,駐車（輪）場,駐車（輪）場,10歳代,高校生,施錠せず
窃盗,自転車盗,明石,高丘,282031,兵庫県,明石市,大久保町高丘３丁目,2023[sanitize]07[sanitize]09,23,４階建て以上共同住宅,駐車（輪）場,20歳代,その他,施錠した
窃盗,自転車盗,明石,高丘,282031,兵庫県,明石市,大久保町高丘３丁目,2023[sanitize]09[sanitize]06,22,４階建て以上共同住宅,駐車（輪）場,10歳代,高校生,施錠せず
窃盗,自転車盗,明石,高丘,282031,兵庫県,明石市,大久保町高丘３丁目,2023[sanitize]09[sanitize]16,20,駐車（輪）場,駐車（輪）場,10歳代,高校生,施錠せず
窃盗,自転車盗,明石,高丘,282031,兵庫県,明石市,大久保町高丘４丁目,2023[sanitize]12[sanitize]01,18,４階建て以上共同住宅,駐車（輪）場,10歳代,小学生,施錠せず
窃盗,自転車盗,明石,高丘,282031,兵庫県,明石市,大久保町高丘７丁目,2023[sanitize]08[sanitize]29,19,４階建て以上共同住宅,その他,10歳代,その他,施錠せず
窃盗,自転車盗,明石,魚住,282031,兵庫県,明石市,,2023[sanitize]10[sanitize]29,13,その他,その他,10歳代,小学生,施錠せず
窃盗,自転車盗,明石,魚住,282031,兵庫県,明石市,魚住町金ケ崎,2023[sanitize]10[sanitize]12,06,その他の住宅（３階建て以下共同住宅等）,駐車（輪）場,50歳代,その他,施錠した
窃盗,自転車盗,明石,魚住,282031,兵庫県,明石市,魚住町清水,2023[sanitize]02[sanitize]17,16,その他の住宅（３階建て以下共同住宅等）,駐車（輪）場,10歳代,小学生,施錠せず
窃盗,自転車盗,明石,魚住,282031,兵庫県,明石市,魚住町清水,2023[sanitize]02[sanitize]17,18,４階建て以上共同住宅,駐車（輪）場,20歳代,その他,施錠せず
窃盗,自転車盗,明石,魚住,282031,兵庫県,明石市,魚住町清水,2023[sanitize]06[sanitize]17,14,その他,駐車（輪）場,40歳代,その他,施錠した
窃盗,自転車盗,明石,魚住,282031,兵庫県,明石市,魚住町清水,2023[sanitize]07[sanitize]19,08,その他の住宅（３階建て以下共同住宅等）,その他,10歳未満,小学生,施錠せず
窃盗,自転車盗,明石,魚住,282031,兵庫県,明石市,魚住町清水,2023[sanitize]08[sanitize]20,16,４階建て以上共同住宅,駐車（輪）場,10歳代,高校生,施錠した
窃盗,自転車盗,明石,魚住,282031,兵庫県,明石市,魚住町清水,2023[sanitize]08[sanitize]22,16,４階建て以上共同住宅,駐車（輪）場,20歳代,その他,施錠せず
窃盗,自転車盗,明石,魚住,282031,兵庫県,明石市,魚住町清水,2023[sanitize]10[sanitize]18,22,４階建て以上共同住宅,駐車（輪）場,10歳代,中学生,施錠せず
窃盗,自転車盗,明石,魚住,282031,兵庫県,明石市,魚住町清水,2023[sanitize]10[sanitize]24,18,その他,駐車（輪）場,10歳代,高校生,施錠した
窃盗,自転車盗,明石,魚住,282031,兵庫県,明石市,魚住町清水,2023[sanitize]10[sanitize]25,15,一戸建住宅,その他,10歳代,小学生,施錠せず
窃盗,自転車盗,明石,魚住,282031,兵庫県,明石市,魚住町清水,2023[sanitize]12[sanitize]15,18,４階建て以上共同住宅,駐車（輪）場,40歳代,その他,施錠せず
窃盗,自転車盗,明石,魚住,282031,兵庫県,明石市,魚住町長坂寺,2023[sanitize]05[sanitize]12,12,その他の住宅（３階建て以下共同住宅等）,その他,10歳代,中学生,施錠せず
窃盗,自転車盗,明石,魚住,282031,兵庫県,明石市,魚住町長坂寺,2023[sanitize]06[sanitize]06,16,その他,駐車（輪）場,10歳代,高校生,施錠せず
窃盗,自転車盗,明石,魚住,282031,兵庫県,明石市,魚住町長坂寺,2023[sanitize]06[sanitize]11,10,駐車（輪）場,駐車（輪）場,10歳代,大学生,施錠せず
窃盗,自転車盗,明石,魚住,282031,兵庫県,明石市,魚住町長坂寺,2023[sanitize]07[sanitize]19,11,４階建て以上共同住宅,駐車（輪）場,70歳以上,その他,施錠せず
窃盗,自転車盗,明石,魚住,282031,兵庫県,明石市,魚住町長坂寺,2023[sanitize]11[sanitize]04,16,その他,駐車（輪）場,10歳代,中学生,施錠せず
窃盗,自転車盗,明石,魚住,282031,兵庫県,明石市,魚住町中尾,2023[sanitize]04[sanitize]05,07,その他,駐車（輪）場,10歳代,その他,施錠した
窃盗,自転車盗,明石,魚住,282031,兵庫県,明石市,魚住町中尾,2023[sanitize]06[sanitize]14,10,その他,駐車（輪）場,10歳代,大学生,施錠せず
窃盗,自転車盗,明石,魚住,282031,兵庫県,明石市,魚住町中尾,2023[sanitize]06[sanitize]18,10,その他,駐車（輪）場,10歳代,中学生,施錠せず
窃盗,自転車盗,明石,魚住,282031,兵庫県,明石市,魚住町中尾,2023[sanitize]08[sanitize]05,18,その他の住宅（３階建て以下共同住宅等）,駐車（輪）場,20歳代,その他,施錠せず
窃盗,自転車盗,明石,魚住,282031,兵庫県,明石市,魚住町中尾,2023[sanitize]10[sanitize]10,16,その他,駐車（輪）場,10歳代,高校生,施錠せず
窃盗,自転車盗,明石,魚住,282031,兵庫県,明石市,魚住町中尾,2023[sanitize]10[sanitize]29,13,その他,その他,10歳代,高校生,施錠せず
窃盗,自転車盗,明石,魚住,282031,兵庫県,明石市,魚住町中尾,2023[sanitize]10[sanitize]29,13,道路上,その他,10歳代,中学生,施錠せず
窃盗,自転車盗,明石,魚住,282031,兵庫県,明石市,魚住町中尾,2023[sanitize]11[sanitize]08,09,一戸建住宅,その他,40歳代,その他,施錠せず
窃盗,自転車盗,明石,魚住,282031,兵庫県,明石市,魚住町中尾,2023[sanitize]12[sanitize]01,12,その他,駐車（輪）場,10歳代,高校生,施錠せず
窃盗,自転車盗,明石,魚住,282031,兵庫県,明石市,魚住町西岡,2022[sanitize]08[sanitize]01,11,その他,駐車（輪）場,20歳代,その他,施錠した
窃盗,自転車盗,明石,魚住,282031,兵庫県,明石市,魚住町西岡,2023[sanitize]01[sanitize]19,22,道路上,その他,10歳代,高校生,施錠せず
窃盗,自転車盗,明石,魚住,282031,兵庫県,明石市,魚住町西岡,2023[sanitize]04[sanitize]15,19,その他,駐車（輪）場,10歳代,高校生,施錠せず
窃盗,自転車盗,明石,魚住,282031,兵庫県,明石市,魚住町西岡,2023[sanitize]05[sanitize]29,19,一戸建住宅,駐車（輪）場,20歳代,その他,施錠せず
窃盗,自転車盗,明石,魚住,282031,兵庫県,明石市,魚住町西岡,2023[sanitize]06[sanitize]15,19,その他の住宅（３階建て以下共同住宅等）,駐車（輪）場,10歳代,高校生,施錠した
窃盗,自転車盗,明石,魚住,282031,兵庫県,明石市,魚住町西岡,2023[sanitize]07[sanitize]08,15,駐車（輪）場,駐車（輪）場,10歳代,高校生,施錠せず
窃盗,自転車盗,明石,魚住,282031,兵庫県,明石市,魚住町西岡,2023[sanitize]09[sanitize]09,05,その他,その他,60[sanitize]64歳,その他,施錠した
窃盗,自転車盗,明石,魚住,282031,兵庫県,明石市,魚住町西岡,2023[sanitize]09[sanitize]16,15,道路上,その他,50歳代,その他,施錠せず
窃盗,自転車盗,明石,魚住,282031,兵庫県,明石市,魚住町西岡,2023[sanitize]10[sanitize]28,20,駐車（輪）場,駐車（輪）場,20歳代,その他,施錠した
窃盗,自転車盗,明石,魚住,282031,兵庫県,明石市,魚住町西岡,2023[sanitize]11[sanitize]17,17,一戸建住宅,駐車（輪）場,10歳代,高校生,施錠せず
窃盗,自転車盗,明石,魚住,282031,兵庫県,明石市,魚住町西岡,2023[sanitize]11[sanitize]20,16,４階建て以上共同住宅,駐車（輪）場,10歳代,高校生,施錠せず
窃盗,自転車盗,明石,魚住,282031,兵庫県,明石市,魚住町西岡,2023[sanitize]11[sanitize]21,08,一戸建住宅,駐車（輪）場,10歳代,中学生,施錠せず
窃盗,自転車盗,明石,魚住,282031,兵庫県,明石市,魚住町西岡,2023[sanitize]11[sanitize]29,16,４階建て以上共同住宅,駐車（輪）場,10歳代,高校生,施錠せず
窃盗,自転車盗,明石,魚住,282031,兵庫県,明石市,魚住町西岡,2023[sanitize]12[sanitize]07,10,一戸建住宅,その他,10歳代,中学生,施錠せず
窃盗,自転車盗,明石,魚住,282031,兵庫県,明石市,魚住町西岡,2023[sanitize]12[sanitize]12,17,４階建て以上共同住宅,駐車（輪）場,10歳代,高校生,施錠せず
窃盗,自転車盗,明石,魚住,282031,兵庫県,明石市,魚住町錦が丘１丁目,2023[sanitize]08[sanitize]11,17,その他,その他,10歳代,中学生,施錠せず
窃盗,自転車盗,明石,魚住,282031,兵庫県,明石市,魚住町錦が丘３丁目,2023[sanitize]06[sanitize]09,23,一戸建住宅,駐車（輪）場,40歳代,その他,施錠せず
窃盗,自転車盗,明石,魚住,282031,兵庫県,明石市,魚住町錦が丘４丁目,2023[sanitize]01[sanitize]16,07,その他,駐車（輪）場,20歳代,その他,施錠せず
窃盗,自転車盗,明石,魚住,282031,兵庫県,明石市,魚住町錦が丘４丁目,2023[sanitize]01[sanitize]20,15,その他,駐車（輪）場,10歳代,高校生,施錠せず
窃盗,自転車盗,明石,魚住,282031,兵庫県,明石市,魚住町錦が丘４丁目,2023[sanitize]01[sanitize]21,10,道路上,その他,50歳代,その他,施錠せず
窃盗,自転車盗,明石,魚住,282031,兵庫県,明石市,魚住町錦が丘４丁目,2023[sanitize]04[sanitize]17,13,その他,駐車（輪）場,10歳代,高校生,施錠せず
窃盗,自転車盗,明石,魚住,282031,兵庫県,明石市,魚住町錦が丘４丁目,2023[sanitize]04[sanitize]27,07,その他,駐車（輪）場,10歳代,中学生,施錠せず
窃盗,自転車盗,明石,魚住,282031,兵庫県,明石市,魚住町錦が丘４丁目,2023[sanitize]05[sanitize]02,15,その他,駐車（輪）場,10歳代,高校生,施錠せず
窃盗,自転車盗,明石,魚住,282031,兵庫県,明石市,魚住町錦が丘４丁目,2023[sanitize]05[sanitize]11,不明,その他,駐車（輪）場,10歳代,高校生,施錠した
窃盗,自転車盗,明石,魚住,282031,兵庫県,明石市,魚住町錦が丘４丁目,2023[sanitize]05[sanitize]24,21,その他,駐車（輪）場,10歳代,高校生,施錠せず
窃盗,自転車盗,明石,魚住,282031,兵庫県,明石市,魚住町錦が丘４丁目,2023[sanitize]06[sanitize]06,12,その他,駐車（輪）場,10歳代,高校生,施錠せず
窃盗,自転車盗,明石,魚住,282031,兵庫県,明石市,魚住町錦が丘４丁目,2023[sanitize]06[sanitize]15,17,その他,駐車（輪）場,10歳代,高校生,施錠せず
窃盗,自転車盗,明石,魚住,282031,兵庫県,明石市,魚住町錦が丘４丁目,2023[sanitize]06[sanitize]28,20,その他,駐車（輪）場,10歳代,高校生,施錠せず
窃盗,自転車盗,明石,魚住,282031,兵庫県,明石市,魚住町錦が丘４丁目,2023[sanitize]06[sanitize]30,11,その他,駐車（輪）場,10歳代,高校生,施錠せず
窃盗,自転車盗,明石,魚住,282031,兵庫県,明石市,魚住町錦が丘４丁目,2023[sanitize]06[sanitize]30,15,その他,駐車（輪）場,10歳代,高校生,施錠せず
窃盗,自転車盗,明石,魚住,282031,兵庫県,明石市,魚住町錦が丘４丁目,2023[sanitize]07[sanitize]11,07,駐車（輪）場,駐車（輪）場,10歳代,高校生,施錠せず
窃盗,自転車盗,明石,魚住,282031,兵庫県,明石市,魚住町錦が丘４丁目,2023[sanitize]07[sanitize]12,18,その他,駐車（輪）場,10歳代,高校生,施錠した
窃盗,自転車盗,明石,魚住,282031,兵庫県,明石市,魚住町錦が丘４丁目,2023[sanitize]07[sanitize]14,11,その他,駐車（輪）場,10歳代,高校生,施錠せず
窃盗,自転車盗,明石,魚住,282031,兵庫県,明石市,魚住町錦が丘４丁目,2023[sanitize]07[sanitize]20,10,４階建て以上共同住宅,駐車（輪）場,10歳代,高校生,施錠せず
窃盗,自転車盗,明石,魚住,282031,兵庫県,明石市,魚住町錦が丘４丁目,2023[sanitize]09[sanitize]23,15,その他,駐車（輪）場,20歳代,その他,施錠せず
窃盗,自転車盗,明石,魚住,282031,兵庫県,明石市,魚住町錦が丘４丁目,2023[sanitize]10[sanitize]15,08,その他,駐車（輪）場,30歳代,その他,施錠せず
窃盗,自転車盗,明石,魚住,282031,兵庫県,明石市,魚住町鴨池,2023[sanitize]03[sanitize]20,13,その他,駐車（輪）場,65[sanitize]69歳,その他,施錠した
窃盗,自転車盗,明石,魚住,282031,兵庫県,明石市,魚住町鴨池,2023[sanitize]06[sanitize]15,17,その他の住宅（３階建て以下共同住宅等）,その他,50歳代,その他,施錠せず
窃盗,自転車盗,明石,魚住,282031,兵庫県,明石市,魚住町住吉１丁目,2023[sanitize]03[sanitize]15,17,その他,駐車（輪）場,10歳代,高校生,施錠した
窃盗,自転車盗,明石,魚住,282031,兵庫県,明石市,魚住町住吉１丁目,2023[sanitize]03[sanitize]31,21,その他,駐車（輪）場,40歳代,その他,施錠せず
窃盗,自転車盗,明石,魚住,282031,兵庫県,明石市,魚住町住吉１丁目,2023[sanitize]11[sanitize]11,12,その他,駐車（輪）場,10歳代,中学生,施錠せず
窃盗,自転車盗,明石,魚住,282031,兵庫県,明石市,魚住町住吉１丁目,2023[sanitize]11[sanitize]18,13,その他,駐車（輪）場,10歳代,高校生,施錠せず
窃盗,自転車盗,明石,魚住,282031,兵庫県,明石市,魚住町住吉１丁目,2023[sanitize]11[sanitize]18,13,道路上,その他,10歳代,中学生,施錠せず
窃盗,自転車盗,明石,魚住,282031,兵庫県,明石市,魚住町住吉１丁目,2023[sanitize]12[sanitize]06,19,その他,駐車（輪）場,10歳代,高校生,施錠せず
窃盗,自転車盗,明石,魚住,282031,兵庫県,明石市,魚住町住吉２丁目,2023[sanitize]10[sanitize]15,12,その他,駐車（輪）場,10歳代,高校生,施錠した
窃盗,自転車盗,明石,魚住,282031,兵庫県,明石市,魚住町住吉２丁目,2023[sanitize]10[sanitize]31,10,一戸建住宅,駐車（輪）場,10歳代,その他,施錠せず
窃盗,自転車盗,明石,魚住,282031,兵庫県,明石市,魚住町住吉２丁目,2023[sanitize]11[sanitize]02,18,４階建て以上共同住宅,駐車（輪）場,30歳代,その他,施錠せず
窃盗,自転車盗,明石,魚住,282031,兵庫県,明石市,魚住町住吉３丁目,2023[sanitize]06[sanitize]03,12,４階建て以上共同住宅,駐車（輪）場,10歳代,中学生,施錠せず
窃盗,自転車盗,明石,魚住,282031,兵庫県,明石市,魚住町住吉３丁目,2023[sanitize]10[sanitize]05,07,駐車（輪）場,駐車（輪）場,50歳代,その他,施錠せず
窃盗,自転車盗,明石,魚住,282031,兵庫県,明石市,魚住町住吉３丁目,2023[sanitize]10[sanitize]27,17,一戸建住宅,その他,10歳代,小学生,施錠せず
窃盗,自転車盗,明石,魚住,282031,兵庫県,明石市,魚住町住吉４丁目,2023[sanitize]11[sanitize]29,21,一戸建住宅,その他,60[sanitize]64歳,その他,施錠せず
窃盗,自転車盗,明石,,,,,,不明,不明,道路上,その他,法人・団体、被害者なし,法人・団体、被害者なし,施錠せず
窃盗,自転車盗,三木,別所,282154,兵庫県,三木市,別所町朝日ケ丘,2023[sanitize]05[sanitize]24,09,その他,その他,70歳以上,その他,施錠した
窃盗,自転車盗,三木,別所,282154,兵庫県,三木市,別所町東這田,2023[sanitize]02[sanitize]25,12,一戸建住宅,その他,20歳代,その他,施錠した
窃盗,自転車盗,三木,大塚,282154,兵庫県,三木市,大塚２丁目,2023[sanitize]07[sanitize]29,16,その他,駐車（輪）場,10歳代,中学生,施錠せず
窃盗,自転車盗,三木,大塚,282154,兵庫県,三木市,大塚２丁目,2023[sanitize]08[sanitize]20,16,その他,駐車（輪）場,10歳代,高校生,施錠した
窃盗,自転車盗,三木,大塚,282154,兵庫県,三木市,平田,2022[sanitize]12[sanitize]26,23,一戸建住宅,駐車（輪）場,10歳代,高校生,施錠せず
窃盗,自転車盗,三木,御坂,282154,兵庫県,三木市,志染町窟屋,2023[sanitize]07[sanitize]29,16,その他,駐車（輪）場,10歳代,中学生,施錠せず
窃盗,自転車盗,三木,御坂,282154,兵庫県,三木市,志染町三津田,2023[sanitize]07[sanitize]29,16,その他,駐車（輪）場,10歳代,中学生,施錠せず
窃盗,自転車盗,三木,本町,282154,兵庫県,三木市,大村,2023[sanitize]04[sanitize]06,19,その他,駐車（輪）場,20歳代,その他,施錠せず
窃盗,自転車盗,三木,本町,282154,兵庫県,三木市,大村,2023[sanitize]05[sanitize]03,18,その他の住宅（３階建て以下共同住宅等）,駐車（輪）場,20歳代,その他,施錠した
窃盗,自転車盗,三木,本町,282154,兵庫県,三木市,大村,2023[sanitize]05[sanitize]04,10,その他,駐車（輪）場,20歳代,大学生,施錠せず
窃盗,自転車盗,三木,本町,282154,兵庫県,三木市,大村,2023[sanitize]05[sanitize]15,13,その他の住宅（３階建て以下共同住宅等）,駐車（輪）場,30歳代,その他,施錠した
窃盗,自転車盗,三木,本町,282154,兵庫県,三木市,大村,2023[sanitize]09[sanitize]24,07,その他,駐車（輪）場,20歳代,その他,施錠せず
窃盗,自転車盗,三木,本町,282154,兵庫県,三木市,加佐,2023[sanitize]11[sanitize]05,14,その他の住宅（３階建て以下共同住宅等）,駐車（輪）場,70歳以上,その他,施錠せず
窃盗,自転車盗,三木,本町,282154,兵庫県,三木市,末広１丁目,2023[sanitize]02[sanitize]17,08,その他,駐車（輪）場,10歳代,高校生,施錠せず
窃盗,自転車盗,三木,本町,282154,兵庫県,三木市,末広１丁目,2023[sanitize]06[sanitize]01,07,その他,駐車（輪）場,10歳代,高校生,施錠せず
窃盗,自転車盗,三木,本町,282154,兵庫県,三木市,末広１丁目,2023[sanitize]06[sanitize]19,07,その他,駐車（輪）場,10歳代,高校生,施錠せず
窃盗,自転車盗,三木,本町,282154,兵庫県,三木市,末広１丁目,2023[sanitize]07[sanitize]04,07,その他,駐車（輪）場,10歳代,高校生,施錠せず
窃盗,自転車盗,三木,本町,282154,兵庫県,三木市,末広１丁目,2023[sanitize]07[sanitize]29,08,その他,駐車（輪）場,20歳代,その他,施錠せず
窃盗,自転車盗,三木,本町,282154,兵庫県,三木市,末広１丁目,2023[sanitize]10[sanitize]15,05,その他,駐車（輪）場,10歳代,高校生,施錠せず
窃盗,自転車盗,三木,本町,282154,兵庫県,三木市,末広１丁目,2023[sanitize]12[sanitize]18,07,その他,駐車（輪）場,20歳代,その他,施錠せず
窃盗,自転車盗,三木,本町,282154,兵庫県,三木市,平田,2023[sanitize]12[sanitize]10,21,その他の住宅（３階建て以下共同住宅等）,駐車（輪）場,20歳代,その他,施錠した
窃盗,自転車盗,三木,本町,282154,兵庫県,三木市,平田１丁目,2023[sanitize]08[sanitize]26,18,その他の住宅（３階建て以下共同住宅等）,駐車（輪）場,20歳代,その他,施錠した
窃盗,自転車盗,三木,本町,282154,兵庫県,三木市,福井１丁目,2023[sanitize]08[sanitize]07,07,その他,駐車（輪）場,20歳代,大学生,施錠せず
窃盗,自転車盗,三木,緑が丘,282154,兵庫県,三木市,緑が丘町本町１丁目,2023[sanitize]01[sanitize]31,06,駐車（輪）場,駐車（輪）場,20歳代,大学生,施錠せず
窃盗,自転車盗,三木,緑が丘,282154,兵庫県,三木市,緑が丘町本町１丁目,2023[sanitize]07[sanitize]19,20,その他,駐車（輪）場,10歳代,大学生,施錠せず
窃盗,自転車盗,三木,緑が丘,282154,兵庫県,三木市,緑が丘町本町１丁目,2023[sanitize]10[sanitize]13,09,その他,駐車（輪）場,20歳代,その他,施錠した
窃盗,自転車盗,三木,自由が丘,282154,兵庫県,三木市,志染町中自由が丘１丁目,2023[sanitize]07[sanitize]10,16,その他,駐車（輪）場,20歳代,大学生,施錠せず
窃盗,自転車盗,三木,自由が丘,282154,兵庫県,三木市,志染町西自由が丘１丁目,2023[sanitize]04[sanitize]05,19,その他の住宅（３階建て以下共同住宅等）,駐車（輪）場,20歳代,その他,施錠した
窃盗,自転車盗,三木,自由が丘,282154,兵庫県,三木市,志染町西自由が丘１丁目,2023[sanitize]04[sanitize]21,05,その他,駐車（輪）場,10歳代,高校生,施錠せず
窃盗,自転車盗,三木,自由が丘,282154,兵庫県,三木市,志染町西自由が丘１丁目,2023[sanitize]05[sanitize]19,17,その他,駐車（輪）場,10歳代,大学生,施錠せず
窃盗,自転車盗,三木,自由が丘,282154,兵庫県,三木市,志染町西自由が丘１丁目,2023[sanitize]07[sanitize]26,08,その他,駐車（輪）場,10歳代,その他,施錠せず
窃盗,自転車盗,三木,自由が丘,282154,兵庫県,三木市,志染町西自由が丘１丁目,2023[sanitize]09[sanitize]19,09,その他,駐車（輪）場,20歳代,その他,施錠せず
窃盗,自転車盗,三木,自由が丘,282154,兵庫県,三木市,志染町西自由が丘１丁目,2023[sanitize]11[sanitize]13,20,その他,駐車（輪）場,10歳代,高校生,施錠せず
窃盗,自転車盗,三木,自由が丘,282154,兵庫県,三木市,志染町西自由が丘１丁目,2023[sanitize]11[sanitize]19,07,その他,駐車（輪）場,10歳代,高校生,施錠せず
窃盗,自転車盗,三木,自由が丘,282154,兵庫県,三木市,志染町西自由が丘１丁目,2023[sanitize]11[sanitize]23,10,その他,駐車（輪）場,10歳代,高校生,施錠せず
窃盗,自転車盗,三木,自由が丘,282154,兵庫県,三木市,志染町西自由が丘１丁目,2023[sanitize]11[sanitize]30,07,その他,駐車（輪）場,20歳代,大学生,施錠せず
窃盗,自転車盗,三木,自由が丘,282154,兵庫県,三木市,志染町西自由が丘２丁目,2022[sanitize]12[sanitize]29,12,４階建て以上共同住宅,駐車（輪）場,20歳代,その他,施錠した
窃盗,自転車盗,三木,自由が丘,282154,兵庫県,三木市,志染町広野１丁目,2023[sanitize]01[sanitize]18,16,駐車（輪）場,駐車（輪）場,10歳代,高校生,施錠せず
窃盗,自転車盗,三木,自由が丘,282154,兵庫県,三木市,志染町広野１丁目,2023[sanitize]03[sanitize]31,19,その他,駐車（輪）場,10歳代,高校生,施錠せず
窃盗,自転車盗,三木,自由が丘,282154,兵庫県,三木市,志染町広野５丁目,2023[sanitize]04[sanitize]06,17,その他,駐車（輪）場,20歳代,その他,施錠せず
窃盗,自転車盗,三木,自由が丘,282154,兵庫県,三木市,志染町広野７丁目,2023[sanitize]02[sanitize]14,12,その他,駐車（輪）場,10歳代,高校生,施錠した
窃盗,自転車盗,三木,自由が丘,282154,兵庫県,三木市,自由が丘本町１丁目,2023[sanitize]01[sanitize]06,14,一戸建住宅,駐車（輪）場,65[sanitize]69歳,その他,施錠した
窃盗,自転車盗,三木,自由が丘,282154,兵庫県,三木市,別所町小林,2023[sanitize]07[sanitize]20,07,道路上,その他,10歳代,高校生,施錠した
窃盗,自転車盗,加東,上久米,282286,兵庫県,加東市,上久米,2023[sanitize]12[sanitize]15,18,駐車（輪）場,駐車（輪）場,10歳代,高校生,施錠せず
窃盗,自転車盗,加東,上久米,282286,兵庫県,加東市,久米,2023[sanitize]08[sanitize]24,07,道路上,その他,10歳代,その他,施錠せず
窃盗,自転車盗,加東,滝野,282286,兵庫県,加東市,上滝野,2023[sanitize]03[sanitize]04,15,駐車（輪）場,駐車（輪）場,10歳代,高校生,施錠せず
窃盗,自転車盗,加東,滝野,282286,兵庫県,加東市,北野,2023[sanitize]09[sanitize]25,08,駐車（輪）場,駐車（輪）場,10歳代,大学生,施錠せず
窃盗,自転車盗,加東,社,282286,兵庫県,加東市,家原,2023[sanitize]09[sanitize]09,07,４階建て以上共同住宅,駐車（輪）場,60[sanitize]64歳,その他,施錠せず
窃盗,自転車盗,加東,社,282286,兵庫県,加東市,上中３丁目,2023[sanitize]01[sanitize]15,21,その他の住宅（３階建て以下共同住宅等）,その他,30歳代,その他,施錠せず
窃盗,自転車盗,加東,社,282286,兵庫県,加東市,上中３丁目,2023[sanitize]01[sanitize]22,17,駐車（輪）場,駐車（輪）場,50歳代,その他,施錠した
窃盗,自転車盗,加東,社,282286,兵庫県,加東市,社,2023[sanitize]09[sanitize]25,15,駐車（輪）場,駐車（輪）場,50歳代,その他,施錠せず
窃盗,自転車盗,加東,高岡,282286,兵庫県,加東市,河高,2023[sanitize]04[sanitize]18,06,駐車（輪）場,駐車（輪）場,50歳代,その他,施錠せず
窃盗,自転車盗,加東,高岡,282286,兵庫県,加東市,河高,2023[sanitize]05[sanitize]05,19,その他,駐車（輪）場,10歳代,高校生,施錠せず
窃盗,自転車盗,加東,高岡,282286,兵庫県,加東市,河高,2023[sanitize]05[sanitize]18,06,その他,駐車（輪）場,20歳代,その他,施錠せず
窃盗,自転車盗,加東,高岡,282286,兵庫県,加東市,河高,2023[sanitize]05[sanitize]18,07,その他,駐車（輪）場,10歳代,高校生,施錠せず
窃盗,自転車盗,加東,高岡,282286,兵庫県,加東市,河高,2023[sanitize]12[sanitize]10,09,道路上,その他,10歳代,高校生,施錠せず
窃盗,自転車盗,加西,北条,282201,兵庫県,加西市,西横田町,2023[sanitize]06[sanitize]20,17,その他,駐車（輪）場,10歳代,高校生,施錠した
窃盗,自転車盗,加西,北条,282201,兵庫県,加西市,北条町西高室,2023[sanitize]06[sanitize]30,19,駐車（輪）場,駐車（輪）場,30歳代,その他,施錠せず
窃盗,自転車盗,加西,北条,282201,兵庫県,加西市,北条町西高室,2023[sanitize]09[sanitize]03,15,駐車（輪）場,駐車（輪）場,30歳代,その他,施錠した
窃盗,自転車盗,加西,北条,282201,兵庫県,加西市,北条町古坂７丁目,2022[sanitize]12[sanitize]31,16,その他,その他,10歳代,高校生,施錠せず
窃盗,自転車盗,加西,北条,282201,兵庫県,加西市,北条町北条,2023[sanitize]01[sanitize]20,07,その他,その他,10歳代,高校生,施錠せず
窃盗,自転車盗,加西,北条,282201,兵庫県,加西市,北条町北条,2023[sanitize]02[sanitize]16,07,その他,駐車（輪）場,10歳代,高校生,施錠せず
窃盗,自転車盗,加西,北条,282201,兵庫県,加西市,北条町北条,2023[sanitize]05[sanitize]24,08,その他,駐車（輪）場,10歳代,その他,施錠せず
窃盗,自転車盗,加西,北条,282201,兵庫県,加西市,北条町北条,2023[sanitize]06[sanitize]23,19,その他,駐車（輪）場,10歳代,高校生,施錠せず
窃盗,自転車盗,加西,北条,282201,兵庫県,加西市,北条町北条,2023[sanitize]06[sanitize]28,12,その他,駐車（輪）場,10歳代,高校生,施錠せず
窃盗,自転車盗,加西,北条,282201,兵庫県,加西市,北条町北条,2023[sanitize]11[sanitize]11,21,その他,駐車（輪）場,20歳代,その他,施錠せず
窃盗,自転車盗,加西,北条,282201,兵庫県,加西市,北条町北条,2023[sanitize]11[sanitize]25,07,その他,駐車（輪）場,10歳代,高校生,施錠せず
窃盗,自転車盗,加西,北条,282201,兵庫県,加西市,北条町北条,2023[sanitize]12[sanitize]28,14,駐車（輪）場,駐車（輪）場,10歳代,高校生,施錠せず
窃盗,自転車盗,加西,北条,282201,兵庫県,加西市,北条町横尾,2023[sanitize]01[sanitize]17,19,駐車（輪）場,駐車（輪）場,20歳代,その他,施錠せず
窃盗,自転車盗,加西,大村,282201,兵庫県,加西市,王子町,2023[sanitize]03[sanitize]10,09,駐車（輪）場,駐車（輪）場,10歳代,高校生,施錠した
窃盗,自転車盗,加西,網引,282201,兵庫県,加西市,網引町,2023[sanitize]05[sanitize]25,17,その他,駐車（輪）場,50歳代,その他,施錠せず
窃盗,自転車盗,加西,網引,282201,兵庫県,加西市,網引町,不明,不明,その他,駐車（輪）場,50歳代,その他,施錠せず
窃盗,自転車盗,西脇,中町,283657,兵庫県,多可町,中区高岸,2023[sanitize]06[sanitize]14,19,その他,その他,50歳代,その他,施錠せず
窃盗,自転車盗,西脇,中町,283657,兵庫県,多可町,中区中村町,2023[sanitize]06[sanitize]02,18,駐車（輪）場,駐車（輪）場,法人・団体、被害者なし,法人・団体、被害者なし,施錠せず
窃盗,自転車盗,西脇,喜多,282138,兵庫県,西脇市,黒田庄町喜多,2023[sanitize]08[sanitize]03,09,その他の住宅（３階建て以下共同住宅等）,駐車（輪）場,10歳代,高校生,施錠せず
窃盗,自転車盗,西脇,日野,282138,兵庫県,西脇市,小坂町,2023[sanitize]12[sanitize]18,21,その他の住宅（３階建て以下共同住宅等）,駐車（輪）場,20歳代,その他,施錠せず
窃盗,自転車盗,西脇,比延,282138,兵庫県,西脇市,堀町,2023[sanitize]10[sanitize]01,18,その他の住宅（３階建て以下共同住宅等）,駐車（輪）場,20歳代,その他,施錠せず
窃盗,自転車盗,西脇,西脇中央,282138,兵庫県,西脇市,西脇,2023[sanitize]06[sanitize]20,20,道路上,その他,30歳代,その他,施錠した
窃盗,自転車盗,西脇,野村,282138,兵庫県,西脇市,下戸田,2023[sanitize]04[sanitize]03,17,その他,駐車（輪）場,65[sanitize]69歳,その他,施錠せず
窃盗,自転車盗,西脇,野村,282138,兵庫県,西脇市,野村町,2023[sanitize]02[sanitize]02,18,その他,駐車（輪）場,10歳代,中学生,施錠した
窃盗,自転車盗,西脇,野村,282138,兵庫県,西脇市,野村町,2023[sanitize]03[sanitize]28,12,その他,駐車（輪）場,10歳代,高校生,施錠せず
窃盗,自転車盗,西脇,野村,282138,兵庫県,西脇市,野村町,2023[sanitize]04[sanitize]28,06,その他,駐車（輪）場,10歳代,大学生,施錠せず
窃盗,自転車盗,西脇,野村,282138,兵庫県,西脇市,野村町,2023[sanitize]06[sanitize]23,21,その他の住宅（３階建て以下共同住宅等）,駐車（輪）場,20歳代,その他,施錠せず
窃盗,自転車盗,西脇,野村,282138,兵庫県,西脇市,野村町,2023[sanitize]09[sanitize]08,17,その他,駐車（輪）場,10歳代,高校生,施錠した
窃盗,自転車盗,西脇,野村,282138,兵庫県,西脇市,野村町,2023[sanitize]09[sanitize]08,18,その他,駐車（輪）場,10歳代,高校生,施錠せず
窃盗,自転車盗,西脇,野村,282138,兵庫県,西脇市,野村町,2023[sanitize]10[sanitize]28,10,その他,駐車（輪）場,20歳代,その他,施錠せず
窃盗,自転車盗,加古川,八幡,282103,兵庫県,加古川市,八幡町船町,2023[sanitize]06[sanitize]22,16,道路上,その他,70歳以上,その他,施錠せず
窃盗,自転車盗,加古川,八幡,282103,兵庫県,加古川市,上荘町国包,2023[sanitize]01[sanitize]06,15,その他,駐車（輪）場,10歳代,その他,施錠せず
窃盗,自転車盗,加古川,八幡,282103,兵庫県,加古川市,上荘町国包,2023[sanitize]03[sanitize]15,09,その他,駐車（輪）場,10歳代,高校生,施錠した
窃盗,自転車盗,加古川,八幡,282103,兵庫県,加古川市,上荘町国包,2023[sanitize]06[sanitize]27,06,その他,駐車（輪）場,10歳代,高校生,施錠せず
窃盗,自転車盗,加古川,八幡,282103,兵庫県,加古川市,上荘町国包,2023[sanitize]10[sanitize]07,09,その他,駐車（輪）場,10歳代,その他,施錠せず
窃盗,自転車盗,加古川,八幡,282103,兵庫県,加古川市,上荘町国包,2023[sanitize]12[sanitize]21,12,その他,駐車（輪）場,50歳代,その他,施錠せず
窃盗,自転車盗,加古川,別府,282103,兵庫県,加古川市,金沢町,2022[sanitize]02[sanitize]01,00,その他,駐車（輪）場,30歳代,その他,施錠せず
窃盗,自転車盗,加古川,別府,282103,兵庫県,加古川市,野口町坂井,2023[sanitize]05[sanitize]17,17,一戸建住宅,駐車（輪）場,30歳代,その他,施錠した
窃盗,自転車盗,加古川,別府,282103,兵庫県,加古川市,野口町坂井,2023[sanitize]09[sanitize]30,07,その他,駐車（輪）場,20歳代,その他,施錠せず
窃盗,自転車盗,加古川,別府,282103,兵庫県,加古川市,野口町坂井,2023[sanitize]12[sanitize]20,10,その他,駐車（輪）場,60[sanitize]64歳,その他,施錠せず
窃盗,自転車盗,加古川,別府,282103,兵庫県,加古川市,平岡町新在家２丁目,2023[sanitize]01[sanitize]01,23,道路上,その他,10歳代,高校生,施錠せず
窃盗,自転車盗,加古川,別府,282103,兵庫県,加古川市,平岡町中野,2022[sanitize]12[sanitize]14,18,駐車（輪）場,駐車（輪）場,10歳代,中学生,施錠せず
窃盗,自転車盗,加古川,別府,282103,兵庫県,加古川市,平岡町中野,2023[sanitize]04[sanitize]15,16,その他,駐車（輪）場,10歳代,高校生,施錠せず
窃盗,自転車盗,加古川,別府,282103,兵庫県,加古川市,別府町朝日町,2023[sanitize]03[sanitize]29,16,その他,駐車（輪）場,40歳代,その他,施錠せず
窃盗,自転車盗,加古川,別府,282103,兵庫県,加古川市,別府町朝日町,2023[sanitize]08[sanitize]02,13,道路上,その他,70歳以上,その他,施錠した
窃盗,自転車盗,加古川,別府,282103,兵庫県,加古川市,別府町朝日町,2023[sanitize]11[sanitize]13,17,その他,駐車（輪）場,40歳代,その他,施錠せず
窃盗,自転車盗,加古川,別府,282103,兵庫県,加古川市,別府町石町,2023[sanitize]07[sanitize]28,18,その他の住宅（３階建て以下共同住宅等）,駐車（輪）場,10歳代,中学生,施錠せず
窃盗,自転車盗,加古川,別府,282103,兵庫県,加古川市,別府町新野辺,2023[sanitize]05[sanitize]02,10,４階建て以上共同住宅,駐車（輪）場,65[sanitize]69歳,その他,施錠せず
窃盗,自転車盗,加古川,別府,282103,兵庫県,加古川市,別府町新野辺北町３丁目,2023[sanitize]10[sanitize]07,16,４階建て以上共同住宅,駐車（輪）場,30歳代,その他,施錠せず
窃盗,自転車盗,加古川,別府,282103,兵庫県,加古川市,別府町新野辺北町６丁目,2023[sanitize]06[sanitize]16,20,駐車（輪）場,駐車（輪）場,30歳代,その他,施錠せず
窃盗,自転車盗,加古川,別府,282103,兵庫県,加古川市,別府町新野辺北町８丁目,2022[sanitize]12[sanitize]31,21,４階建て以上共同住宅,駐車（輪）場,20歳代,その他,施錠せず
窃盗,自転車盗,加古川,別府,282103,兵庫県,加古川市,別府町新野辺北町８丁目,2023[sanitize]03[sanitize]14,13,一戸建住宅,駐車（輪）場,10歳代,高校生,施錠せず
窃盗,自転車盗,加古川,別府,282103,兵庫県,加古川市,別府町新野辺北町８丁目,2023[sanitize]03[sanitize]16,01,一戸建住宅,駐車（輪）場,20歳代,大学生,施錠せず
窃盗,自転車盗,加古川,別府,282103,兵庫県,加古川市,別府町新野辺北町８丁目,2023[sanitize]05[sanitize]10,17,その他,その他,10歳代,中学生,施錠せず
窃盗,自転車盗,加古川,別府,282103,兵庫県,加古川市,別府町新野辺北町８丁目,2023[sanitize]05[sanitize]18,18,４階建て以上共同住宅,駐車（輪）場,10歳代,中学生,施錠せず
窃盗,自転車盗,加古川,別府,282103,兵庫県,加古川市,別府町別府,2022[sanitize]12[sanitize]28,10,その他,駐車（輪）場,20歳代,その他,施錠した
窃盗,自転車盗,加古川,別府,282103,兵庫県,加古川市,別府町別府,2023[sanitize]01[sanitize]14,17,その他,駐車（輪）場,30歳代,その他,施錠した
窃盗,自転車盗,加古川,別府,282103,兵庫県,加古川市,別府町別府,2023[sanitize]01[sanitize]16,06,その他,駐車（輪）場,30歳代,その他,施錠した
窃盗,自転車盗,加古川,別府,282103,兵庫県,加古川市,別府町別府,2023[sanitize]02[sanitize]05,17,その他,駐車（輪）場,10歳代,高校生,施錠せず
窃盗,自転車盗,加古川,別府,282103,兵庫県,加古川市,別府町別府,2023[sanitize]02[sanitize]18,08,その他,駐車（輪）場,10歳代,高校生,施錠せず
窃盗,自転車盗,加古川,別府,282103,兵庫県,加古川市,別府町別府,2023[sanitize]02[sanitize]25,14,その他,駐車（輪）場,10歳代,高校生,施錠せず
窃盗,自転車盗,加古川,別府,282103,兵庫県,加古川市,別府町別府,2023[sanitize]03[sanitize]01,18,その他,駐車（輪）場,50歳代,その他,施錠せず
窃盗,自転車盗,加古川,別府,282103,兵庫県,加古川市,別府町別府,2023[sanitize]03[sanitize]23,12,その他,駐車（輪）場,10歳代,高校生,施錠せず
窃盗,自転車盗,加古川,別府,282103,兵庫県,加古川市,別府町別府,2023[sanitize]03[sanitize]26,17,その他,駐車（輪）場,20歳代,その他,施錠した
窃盗,自転車盗,加古川,別府,282103,兵庫県,加古川市,別府町別府,2023[sanitize]04[sanitize]09,07,その他,駐車（輪）場,20歳代,その他,施錠した
窃盗,自転車盗,加古川,別府,282103,兵庫県,加古川市,別府町別府,2023[sanitize]04[sanitize]17,07,その他,駐車（輪）場,10歳代,その他,施錠せず
窃盗,自転車盗,加古川,別府,282103,兵庫県,加古川市,別府町別府,2023[sanitize]05[sanitize]06,07,その他,駐車（輪）場,10歳代,高校生,施錠せず
窃盗,自転車盗,加古川,別府,282103,兵庫県,加古川市,別府町別府,2023[sanitize]05[sanitize]19,07,その他,駐車（輪）場,10歳代,大学生,施錠した
窃盗,自転車盗,加古川,別府,282103,兵庫県,加古川市,別府町別府,2023[sanitize]06[sanitize]09,06,その他,駐車（輪）場,20歳代,その他,施錠せず
窃盗,自転車盗,加古川,別府,282103,兵庫県,加古川市,別府町別府,2023[sanitize]06[sanitize]09,07,その他,駐車（輪）場,10歳代,その他,施錠せず
窃盗,自転車盗,加古川,別府,282103,兵庫県,加古川市,別府町別府,2023[sanitize]07[sanitize]01,00,その他,駐車（輪）場,40歳代,その他,施錠した
窃盗,自転車盗,加古川,別府,282103,兵庫県,加古川市,別府町別府,2023[sanitize]07[sanitize]04,23,その他,駐車（輪）場,20歳代,その他,施錠した
窃盗,自転車盗,加古川,別府,282103,兵庫県,加古川市,別府町別府,2023[sanitize]07[sanitize]08,07,その他,駐車（輪）場,20歳代,その他,施錠せず
窃盗,自転車盗,加古川,別府,282103,兵庫県,加古川市,別府町別府,2023[sanitize]08[sanitize]04,08,その他,駐車（輪）場,65[sanitize]69歳,その他,施錠せず
窃盗,自転車盗,加古川,別府,282103,兵庫県,加古川市,別府町別府,2023[sanitize]08[sanitize]28,09,その他,駐車（輪）場,10歳代,高校生,施錠せず
窃盗,自転車盗,加古川,別府,282103,兵庫県,加古川市,別府町別府,2023[sanitize]09[sanitize]01,07,その他,駐車（輪）場,30歳代,その他,施錠せず
窃盗,自転車盗,加古川,別府,282103,兵庫県,加古川市,別府町別府,2023[sanitize]09[sanitize]18,16,その他,駐車（輪）場,30歳代,その他,施錠せず
窃盗,自転車盗,加古川,別府,282103,兵庫県,加古川市,別府町別府,2023[sanitize]09[sanitize]27,07,その他,駐車（輪）場,10歳代,高校生,施錠せず
窃盗,自転車盗,加古川,別府,282103,兵庫県,加古川市,別府町別府,2023[sanitize]10[sanitize]13,12,４階建て以上共同住宅,駐車（輪）場,10歳代,高校生,施錠せず
窃盗,自転車盗,加古川,別府,282103,兵庫県,加古川市,別府町別府,2023[sanitize]10[sanitize]13,15,その他,駐車（輪）場,10歳代,大学生,施錠せず
窃盗,自転車盗,加古川,別府,282103,兵庫県,加古川市,別府町別府,2023[sanitize]10[sanitize]23,08,その他,駐車（輪）場,20歳代,その他,施錠せず
窃盗,自転車盗,加古川,別府,282103,兵庫県,加古川市,別府町別府,2023[sanitize]11[sanitize]12,15,その他,駐車（輪）場,20歳代,その他,施錠せず
窃盗,自転車盗,加古川,別府,282103,兵庫県,加古川市,別府町別府,2023[sanitize]11[sanitize]13,16,その他,駐車（輪）場,10歳代,高校生,施錠した
窃盗,自転車盗,加古川,別府,282103,兵庫県,加古川市,別府町別府,2023[sanitize]11[sanitize]17,22,その他,駐車（輪）場,10歳代,その他,施錠せず
窃盗,自転車盗,加古川,別府,282103,兵庫県,加古川市,別府町別府,2023[sanitize]12[sanitize]06,11,その他,駐車（輪）場,20歳代,その他,施錠せず
窃盗,自転車盗,加古川,別府,282103,兵庫県,加古川市,別府町別府,2023[sanitize]12[sanitize]07,19,その他,駐車（輪）場,20歳代,その他,施錠せず
窃盗,自転車盗,加古川,別府,282103,兵庫県,加古川市,別府町緑町,2023[sanitize]01[sanitize]03,06,その他,駐車（輪）場,50歳代,その他,施錠した
窃盗,自転車盗,加古川,別府,282103,兵庫県,加古川市,別府町緑町,2023[sanitize]06[sanitize]03,13,その他,その他,10歳未満,小学生,施錠せず
窃盗,自転車盗,加古川,別府,282103,兵庫県,加古川市,別府町緑町,2023[sanitize]08[sanitize]14,14,その他,駐車（輪）場,10歳代,中学生,施錠せず
窃盗,自転車盗,加古川,別府,282103,兵庫県,加古川市,別府町元町,2023[sanitize]05[sanitize]12,21,駐車（輪）場,駐車（輪）場,20歳代,その他,施錠せず
窃盗,自転車盗,加古川,加古川駅前,282103,兵庫県,加古川市,加古川町粟津,2023[sanitize]03[sanitize]02,07,その他,駐車（輪）場,10歳代,高校生,施錠した
窃盗,自転車盗,加古川,加古川駅前,282103,兵庫県,加古川市,加古川町大野,2023[sanitize]01[sanitize]02,07,その他,駐車（輪）場,20歳代,その他,施錠せず
窃盗,自転車盗,加古川,加古川駅前,282103,兵庫県,加古川市,加古川町河原,2023[sanitize]07[sanitize]13,16,一戸建住宅,駐車（輪）場,10歳代,中学生,施錠せず
窃盗,自転車盗,加古川,加古川駅前,282103,兵庫県,加古川市,加古川町河原,2023[sanitize]07[sanitize]29,18,一戸建住宅,駐車（輪）場,60[sanitize]64歳,その他,施錠せず
窃盗,自転車盗,加古川,加古川駅前,282103,兵庫県,加古川市,加古川町河原,2023[sanitize]08[sanitize]03,19,その他,駐車（輪）場,10歳代,中学生,施錠せず
窃盗,自転車盗,加古川,加古川駅前,282103,兵庫県,加古川市,加古川町河原,2023[sanitize]09[sanitize]30,11,その他,その他,20歳代,大学生,施錠せず
窃盗,自転車盗,加古川,加古川駅前,282103,兵庫県,加古川市,加古川町篠原町,2023[sanitize]01[sanitize]15,16,その他,駐車（輪）場,20歳代,大学生,施錠せず
窃盗,自転車盗,加古川,加古川駅前,282103,兵庫県,加古川市,加古川町篠原町,2023[sanitize]01[sanitize]21,20,その他,駐車（輪）場,30歳代,その他,施錠した
窃盗,自転車盗,加古川,加古川駅前,282103,兵庫県,加古川市,加古川町篠原町,2023[sanitize]02[sanitize]01,12,その他,駐車（輪）場,10歳代,高校生,施錠せず
窃盗,自転車盗,加古川,加古川駅前,282103,兵庫県,加古川市,加古川町篠原町,2023[sanitize]02[sanitize]12,10,駐車（輪）場,駐車（輪）場,10歳代,中学生,施錠せず
窃盗,自転車盗,加古川,加古川駅前,282103,兵庫県,加古川市,加古川町篠原町,2023[sanitize]02[sanitize]26,08,道路上,その他,10歳代,中学生,施錠せず
窃盗,自転車盗,加古川,加古川駅前,282103,兵庫県,加古川市,加古川町篠原町,2023[sanitize]03[sanitize]13,09,その他,駐車（輪）場,20歳代,大学生,施錠した
窃盗,自転車盗,加古川,加古川駅前,282103,兵庫県,加古川市,加古川町篠原町,2023[sanitize]03[sanitize]17,18,その他,駐車（輪）場,20歳代,その他,施錠した
窃盗,自転車盗,加古川,加古川駅前,282103,兵庫県,加古川市,加古川町篠原町,2023[sanitize]03[sanitize]24,21,その他,駐車（輪）場,40歳代,その他,施錠した
窃盗,自転車盗,加古川,加古川駅前,282103,兵庫県,加古川市,加古川町篠原町,2023[sanitize]03[sanitize]29,20,道路上,その他,20歳代,大学生,施錠せず
窃盗,自転車盗,加古川,加古川駅前,282103,兵庫県,加古川市,加古川町篠原町,2023[sanitize]03[sanitize]30,18,道路上,その他,10歳代,その他,施錠せず
窃盗,自転車盗,加古川,加古川駅前,282103,兵庫県,加古川市,加古川町篠原町,2023[sanitize]03[sanitize]31,18,その他,駐車（輪）場,10歳代,高校生,施錠せず
窃盗,自転車盗,加古川,加古川駅前,282103,兵庫県,加古川市,加古川町篠原町,2023[sanitize]04[sanitize]14,19,道路上,その他,50歳代,その他,施錠せず
窃盗,自転車盗,加古川,加古川駅前,282103,兵庫県,加古川市,加古川町篠原町,2023[sanitize]04[sanitize]23,21,４階建て以上共同住宅,駐車（輪）場,30歳代,その他,施錠した
窃盗,自転車盗,加古川,加古川駅前,282103,兵庫県,加古川市,加古川町篠原町,2023[sanitize]06[sanitize]15,10,その他,駐車（輪）場,40歳代,その他,施錠せず
窃盗,自転車盗,加古川,加古川駅前,282103,兵庫県,加古川市,加古川町篠原町,2023[sanitize]06[sanitize]17,13,その他,駐車（輪）場,10歳代,小学生,施錠せず
窃盗,自転車盗,加古川,加古川駅前,282103,兵庫県,加古川市,加古川町篠原町,2023[sanitize]07[sanitize]04,17,４階建て以上共同住宅,駐車（輪）場,50歳代,その他,施錠した
窃盗,自転車盗,加古川,加古川駅前,282103,兵庫県,加古川市,加古川町篠原町,2023[sanitize]07[sanitize]15,18,道路上,その他,50歳代,その他,施錠した
窃盗,自転車盗,加古川,加古川駅前,282103,兵庫県,加古川市,加古川町篠原町,2023[sanitize]07[sanitize]19,18,道路上,その他,10歳代,高校生,施錠せず
窃盗,自転車盗,加古川,加古川駅前,282103,兵庫県,加古川市,加古川町篠原町,2023[sanitize]07[sanitize]21,不明,その他,駐車（輪）場,40歳代,その他,施錠せず
窃盗,自転車盗,加古川,加古川駅前,282103,兵庫県,加古川市,加古川町篠原町,2023[sanitize]07[sanitize]24,11,その他,駐車（輪）場,10歳代,その他,施錠せず
窃盗,自転車盗,加古川,加古川駅前,282103,兵庫県,加古川市,加古川町篠原町,2023[sanitize]07[sanitize]25,19,道路上,その他,10歳代,高校生,施錠せず
窃盗,自転車盗,加古川,加古川駅前,282103,兵庫県,加古川市,加古川町篠原町,2023[sanitize]08[sanitize]03,14,その他,駐車（輪）場,10歳代,高校生,施錠せず
窃盗,自転車盗,加古川,加古川駅前,282103,兵庫県,加古川市,加古川町篠原町,2023[sanitize]09[sanitize]02,14,道路上,その他,10歳代,高校生,施錠せず
窃盗,自転車盗,加古川,加古川駅前,282103,兵庫県,加古川市,加古川町篠原町,2023[sanitize]09[sanitize]05,15,その他,駐車（輪）場,50歳代,その他,施錠した
窃盗,自転車盗,加古川,加古川駅前,282103,兵庫県,加古川市,加古川町篠原町,2023[sanitize]09[sanitize]23,08,その他,駐車（輪）場,20歳代,大学生,施錠せず
窃盗,自転車盗,加古川,加古川駅前,282103,兵庫県,加古川市,加古川町篠原町,2023[sanitize]09[sanitize]29,06,その他,駐車（輪）場,60[sanitize]64歳,その他,施錠した
窃盗,自転車盗,加古川,加古川駅前,282103,兵庫県,加古川市,加古川町篠原町,2023[sanitize]10[sanitize]07,17,その他,駐車（輪）場,10歳代,大学生,施錠した
窃盗,自転車盗,加古川,加古川駅前,282103,兵庫県,加古川市,加古川町篠原町,2023[sanitize]11[sanitize]18,07,その他,駐車（輪）場,10歳代,大学生,施錠した
窃盗,自転車盗,加古川,加古川駅前,282103,兵庫県,加古川市,加古川町篠原町,2023[sanitize]11[sanitize]20,17,その他,駐車（輪）場,20歳代,大学生,施錠せず
窃盗,自転車盗,加古川,加古川駅前,282103,兵庫県,加古川市,加古川町篠原町,2023[sanitize]11[sanitize]23,14,その他,駐車（輪）場,10歳代,大学生,施錠せず
窃盗,自転車盗,加古川,加古川駅前,282103,兵庫県,加古川市,加古川町寺家町,2023[sanitize]01[sanitize]08,14,その他,駐車（輪）場,10歳代,中学生,施錠せず
窃盗,自転車盗,加古川,加古川駅前,282103,兵庫県,加古川市,加古川町寺家町,2023[sanitize]01[sanitize]17,11,その他,駐車（輪）場,70歳以上,その他,施錠した
窃盗,自転車盗,加古川,加古川駅前,282103,兵庫県,加古川市,加古川町寺家町,2023[sanitize]01[sanitize]21,13,その他,駐車（輪）場,10歳代,高校生,施錠せず
窃盗,自転車盗,加古川,加古川駅前,282103,兵庫県,加古川市,加古川町寺家町,2023[sanitize]01[sanitize]30,16,その他,駐車（輪）場,10歳代,高校生,施錠した
窃盗,自転車盗,加古川,加古川駅前,282103,兵庫県,加古川市,加古川町寺家町,2023[sanitize]02[sanitize]03,20,その他,駐車（輪）場,10歳代,高校生,施錠せず
窃盗,自転車盗,加古川,加古川駅前,282103,兵庫県,加古川市,加古川町寺家町,2023[sanitize]02[sanitize]04,15,その他,駐車（輪）場,10歳代,高校生,施錠せず
窃盗,自転車盗,加古川,加古川駅前,282103,兵庫県,加古川市,加古川町寺家町,2023[sanitize]03[sanitize]09,14,その他,駐車（輪）場,50歳代,その他,施錠せず
窃盗,自転車盗,加古川,加古川駅前,282103,兵庫県,加古川市,加古川町寺家町,2023[sanitize]03[sanitize]15,11,その他,駐車（輪）場,40歳代,その他,施錠せず
窃盗,自転車盗,加古川,加古川駅前,282103,兵庫県,加古川市,加古川町寺家町,2023[sanitize]03[sanitize]27,19,道路上,その他,20歳代,その他,施錠せず
窃盗,自転車盗,加古川,加古川駅前,282103,兵庫県,加古川市,加古川町寺家町,2023[sanitize]04[sanitize]11,19,その他,駐車（輪）場,10歳代,高校生,施錠せず
窃盗,自転車盗,加古川,加古川駅前,282103,兵庫県,加古川市,加古川町寺家町,2023[sanitize]05[sanitize]13,16,その他,駐車（輪）場,10歳代,中学生,施錠せず
窃盗,自転車盗,加古川,加古川駅前,282103,兵庫県,加古川市,加古川町寺家町,2023[sanitize]06[sanitize]30,18,４階建て以上共同住宅,駐車（輪）場,30歳代,その他,施錠せず
窃盗,自転車盗,加古川,加古川駅前,282103,兵庫県,加古川市,加古川町寺家町,2023[sanitize]07[sanitize]29,15,その他,駐車（輪）場,10歳代,高校生,施錠せず
窃盗,自転車盗,加古川,加古川駅前,282103,兵庫県,加古川市,加古川町寺家町,2023[sanitize]07[sanitize]29,15,その他,駐車（輪）場,10歳代,高校生,施錠せず
窃盗,自転車盗,加古川,加古川駅前,282103,兵庫県,加古川市,加古川町寺家町,2023[sanitize]08[sanitize]02,17,その他,駐車（輪）場,10歳代,中学生,施錠せず
窃盗,自転車盗,加古川,加古川駅前,282103,兵庫県,加古川市,加古川町寺家町,2023[sanitize]08[sanitize]07,09,その他,駐車（輪）場,40歳代,その他,施錠せず
窃盗,自転車盗,加古川,加古川駅前,282103,兵庫県,加古川市,加古川町寺家町,2023[sanitize]08[sanitize]29,18,その他,駐車（輪）場,10歳代,中学生,施錠せず
窃盗,自転車盗,加古川,加古川駅前,282103,兵庫県,加古川市,加古川町寺家町,2023[sanitize]08[sanitize]30,17,その他,駐車（輪）場,10歳代,高校生,施錠せず
窃盗,自転車盗,加古川,加古川駅前,282103,兵庫県,加古川市,加古川町寺家町,2023[sanitize]09[sanitize]06,18,その他,駐車（輪）場,10歳代,中学生,施錠した
窃盗,自転車盗,加古川,加古川駅前,282103,兵庫県,加古川市,加古川町寺家町,2023[sanitize]09[sanitize]23,22,その他,駐車（輪）場,60[sanitize]64歳,その他,施錠せず
窃盗,自転車盗,加古川,加古川駅前,282103,兵庫県,加古川市,加古川町寺家町,2023[sanitize]10[sanitize]09,18,その他,駐車（輪）場,10歳代,高校生,施錠した
窃盗,自転車盗,加古川,加古川駅前,282103,兵庫県,加古川市,加古川町寺家町,2023[sanitize]10[sanitize]13,17,その他,駐車（輪）場,10歳代,中学生,施錠せず
窃盗,自転車盗,加古川,加古川駅前,282103,兵庫県,加古川市,加古川町寺家町,2023[sanitize]10[sanitize]22,18,その他,駐車（輪）場,10歳代,中学生,施錠せず
窃盗,自転車盗,加古川,加古川駅前,282103,兵庫県,加古川市,加古川町寺家町,2023[sanitize]10[sanitize]22,18,その他,駐車（輪）場,10歳代,中学生,施錠せず
窃盗,自転車盗,加古川,加古川駅前,282103,兵庫県,加古川市,加古川町寺家町,2023[sanitize]10[sanitize]25,09,その他,駐車（輪）場,20歳代,大学生,施錠せず
窃盗,自転車盗,加古川,加古川駅前,282103,兵庫県,加古川市,加古川町寺家町,2023[sanitize]11[sanitize]03,07,その他,駐車（輪）場,20歳代,その他,施錠した
窃盗,自転車盗,加古川,加古川駅前,282103,兵庫県,加古川市,加古川町寺家町,2023[sanitize]11[sanitize]05,19,その他,駐車（輪）場,10歳代,中学生,施錠せず
窃盗,自転車盗,加古川,加古川駅前,282103,兵庫県,加古川市,加古川町寺家町,2023[sanitize]12[sanitize]14,22,道路上,その他,10歳代,中学生,施錠せず
窃盗,自転車盗,加古川,加古川駅前,282103,兵庫県,加古川市,加古川町寺家町,2023[sanitize]12[sanitize]19,07,その他,駐車（輪）場,10歳代,高校生,施錠せず
窃盗,自転車盗,加古川,加古川駅前,282103,兵庫県,加古川市,加古川町寺家町,2023[sanitize]12[sanitize]19,12,その他,駐車（輪）場,10歳代,高校生,施錠せず
窃盗,自転車盗,加古川,加古川駅前,282103,兵庫県,加古川市,加古川町西河原,2023[sanitize]05[sanitize]08,16,その他,駐車（輪）場,10歳代,大学生,施錠せず
窃盗,自転車盗,加古川,加古川駅前,282103,兵庫県,加古川市,加古川町平野,2022[sanitize]12[sanitize]01,19,４階建て以上共同住宅,駐車（輪）場,50歳代,その他,施錠した
窃盗,自転車盗,加古川,加古川駅前,282103,兵庫県,加古川市,加古川町平野,2023[sanitize]06[sanitize]16,19,その他の住宅（３階建て以下共同住宅等）,駐車（輪）場,20歳代,その他,施錠した
窃盗,自転車盗,加古川,加古川駅前,282103,兵庫県,加古川市,加古川町平野,2023[sanitize]12[sanitize]27,10,その他,駐車（輪）場,10歳未満,小学生,施錠せず
窃盗,自転車盗,加古川,加古川駅前,282103,兵庫県,加古川市,加古川町本町,2023[sanitize]03[sanitize]07,08,その他,駐車（輪）場,70歳以上,その他,施錠した
窃盗,自転車盗,加古川,加古川駅前,282103,兵庫県,加古川市,加古川町本町,2023[sanitize]03[sanitize]11,09,その他,駐車（輪）場,70歳以上,その他,施錠した
窃盗,自転車盗,加古川,加古川駅前,282103,兵庫県,加古川市,加古川町本町,2023[sanitize]03[sanitize]28,18,その他の住宅（３階建て以下共同住宅等）,駐車（輪）場,20歳代,その他,施錠せず
窃盗,自転車盗,加古川,加古川駅前,282103,兵庫県,加古川市,加古川町溝之口,2023[sanitize]01[sanitize]05,08,駐車（輪）場,駐車（輪）場,10歳代,大学生,施錠せず
窃盗,自転車盗,加古川,加古川駅前,282103,兵庫県,加古川市,加古川町溝之口,2023[sanitize]01[sanitize]10,14,その他,駐車（輪）場,30歳代,その他,施錠せず
窃盗,自転車盗,加古川,加古川駅前,282103,兵庫県,加古川市,加古川町溝之口,2023[sanitize]01[sanitize]15,09,駐車（輪）場,駐車（輪）場,10歳代,高校生,施錠した
窃盗,自転車盗,加古川,加古川駅前,282103,兵庫県,加古川市,加古川町溝之口,2023[sanitize]03[sanitize]16,20,その他,駐車（輪）場,10歳代,高校生,施錠した
窃盗,自転車盗,加古川,加古川駅前,282103,兵庫県,加古川市,加古川町溝之口,2023[sanitize]03[sanitize]30,18,その他の住宅（３階建て以下共同住宅等）,駐車（輪）場,30歳代,その他,施錠せず
窃盗,自転車盗,加古川,加古川駅前,282103,兵庫県,加古川市,加古川町溝之口,2023[sanitize]05[sanitize]03,09,その他,駐車（輪）場,70歳以上,その他,施錠した
窃盗,自転車盗,加古川,加古川駅前,282103,兵庫県,加古川市,加古川町溝之口,2023[sanitize]05[sanitize]12,07,その他,駐車（輪）場,10歳代,その他,施錠した
窃盗,自転車盗,加古川,加古川駅前,282103,兵庫県,加古川市,加古川町溝之口,2023[sanitize]06[sanitize]23,14,その他,駐車（輪）場,20歳代,その他,施錠せず
窃盗,自転車盗,加古川,加古川駅前,282103,兵庫県,加古川市,加古川町溝之口,2023[sanitize]06[sanitize]29,10,その他,駐車（輪）場,30歳代,その他,施錠した
窃盗,自転車盗,加古川,加古川駅前,282103,兵庫県,加古川市,加古川町溝之口,2023[sanitize]07[sanitize]05,11,その他,駐車（輪）場,20歳代,大学生,施錠せず
窃盗,自転車盗,加古川,加古川駅前,282103,兵庫県,加古川市,加古川町溝之口,2023[sanitize]07[sanitize]08,13,その他,駐車（輪）場,40歳代,その他,施錠せず
窃盗,自転車盗,加古川,加古川駅前,282103,兵庫県,加古川市,加古川町溝之口,2023[sanitize]07[sanitize]24,09,その他,駐車（輪）場,10歳代,高校生,施錠せず
窃盗,自転車盗,加古川,加古川駅前,282103,兵庫県,加古川市,加古川町溝之口,2023[sanitize]10[sanitize]01,18,その他,駐車（輪）場,20歳代,その他,施錠せず
窃盗,自転車盗,加古川,加古川駅前,282103,兵庫県,加古川市,加古川町溝之口,2023[sanitize]10[sanitize]16,10,その他,駐車（輪）場,70歳以上,その他,施錠せず
窃盗,自転車盗,加古川,土山,282103,兵庫県,加古川市,平岡町新在家,2023[sanitize]01[sanitize]06,06,その他,駐車（輪）場,65[sanitize]69歳,その他,施錠せず
窃盗,自転車盗,加古川,土山,282103,兵庫県,加古川市,平岡町土山,2022[sanitize]01[sanitize]01,00,その他,駐車（輪）場,30歳代,その他,施錠せず
窃盗,自転車盗,加古川,土山,282103,兵庫県,加古川市,平岡町土山,2022[sanitize]08[sanitize]11,20,４階建て以上共同住宅,駐車（輪）場,20歳代,その他,施錠せず
窃盗,自転車盗,加古川,土山,282103,兵庫県,加古川市,平岡町土山,2023[sanitize]08[sanitize]11,07,その他の住宅（３階建て以下共同住宅等）,その他,10歳代,大学生,施錠せず
窃盗,自転車盗,加古川,土山,282103,兵庫県,加古川市,平岡町土山,2023[sanitize]09[sanitize]01,15,一戸建住宅,駐車（輪）場,10歳代,中学生,施錠せず
窃盗,自転車盗,加古川,土山,282103,兵庫県,加古川市,平岡町土山,2023[sanitize]09[sanitize]26,03,４階建て以上共同住宅,駐車（輪）場,10歳代,中学生,施錠せず
窃盗,自転車盗,加古川,土山,282103,兵庫県,加古川市,平岡町土山,2023[sanitize]09[sanitize]30,17,一戸建住宅,駐車（輪）場,10歳代,中学生,施錠せず
窃盗,自転車盗,加古川,土山,282103,兵庫県,加古川市,平岡町土山,2023[sanitize]10[sanitize]01,08,一戸建住宅,駐車（輪）場,70歳以上,その他,施錠した
窃盗,自転車盗,加古川,土山,282103,兵庫県,加古川市,平岡町土山,2023[sanitize]10[sanitize]12,12,一戸建住宅,駐車（輪）場,50歳代,その他,施錠せず
窃盗,自転車盗,加古川,土山,282103,兵庫県,加古川市,平岡町土山,2023[sanitize]12[sanitize]01,17,一戸建住宅,駐車（輪）場,10歳代,中学生,施錠せず
窃盗,自転車盗,加古川,土山,282103,兵庫県,加古川市,平岡町山之上,2023[sanitize]02[sanitize]22,20,一戸建住宅,その他,10歳代,その他,施錠せず
窃盗,自転車盗,加古川,土山,283827,兵庫県,播磨町,,2023[sanitize]09[sanitize]16,10,その他,駐車（輪）場,20歳代,その他,施錠せず
窃盗,自転車盗,加古川,土山,283827,兵庫県,播磨町,野添城２丁目,2023[sanitize]11[sanitize]08,08,一戸建住宅,駐車（輪）場,20歳代,その他,施錠した
窃盗,自転車盗,加古川,土山,283827,兵庫県,播磨町,野添城３丁目,2023[sanitize]12[sanitize]08,19,４階建て以上共同住宅,駐車（輪）場,10歳代,高校生,施錠した
窃盗,自転車盗,加古川,土山,283827,兵庫県,播磨町,野添,2023[sanitize]01[sanitize]16,10,その他,駐車（輪）場,20歳代,大学生,施錠せず
窃盗,自転車盗,加古川,土山,283827,兵庫県,播磨町,野添,2023[sanitize]08[sanitize]23,07,その他,駐車（輪）場,10歳代,その他,施錠せず
窃盗,自転車盗,加古川,土山,283827,兵庫県,播磨町,野添,2023[sanitize]09[sanitize]25,07,その他,駐車（輪）場,10歳代,高校生,施錠せず
窃盗,自転車盗,加古川,土山,283827,兵庫県,播磨町,野添,2023[sanitize]10[sanitize]07,12,その他,駐車（輪）場,10歳代,高校生,施錠せず
窃盗,自転車盗,加古川,土山,283827,兵庫県,播磨町,野添,2023[sanitize]10[sanitize]17,15,その他,駐車（輪）場,30歳代,その他,施錠せず
窃盗,自転車盗,加古川,土山,283827,兵庫県,播磨町,野添,2023[sanitize]11[sanitize]16,17,その他,駐車（輪）場,10歳代,中学生,施錠せず
窃盗,自転車盗,加古川,土山,283827,兵庫県,播磨町,野添,2023[sanitize]12[sanitize]16,16,その他,駐車（輪）場,20歳代,大学生,施錠せず
窃盗,自転車盗,加古川,土山,283827,兵庫県,播磨町,野添,2023[sanitize]12[sanitize]27,07,その他,駐車（輪）場,20歳代,その他,施錠した
窃盗,自転車盗,加古川,土山,283827,兵庫県,播磨町,上野添１丁目,2023[sanitize]03[sanitize]20,17,４階建て以上共同住宅,駐車（輪）場,10歳代,小学生,施錠した
窃盗,自転車盗,加古川,土山,283827,兵庫県,播磨町,北野添２丁目,2023[sanitize]01[sanitize]26,08,その他,駐車（輪）場,10歳代,高校生,施錠せず
窃盗,自転車盗,加古川,尾上,282103,兵庫県,加古川市,尾上町旭１丁目,2023[sanitize]03[sanitize]16,08,その他,駐車（輪）場,10歳代,高校生,施錠した
窃盗,自転車盗,加古川,尾上,282103,兵庫県,加古川市,尾上町旭１丁目,2023[sanitize]04[sanitize]27,08,その他,駐車（輪）場,30歳代,その他,施錠せず
窃盗,自転車盗,加古川,尾上,282103,兵庫県,加古川市,尾上町旭１丁目,2023[sanitize]09[sanitize]01,07,その他,駐車（輪）場,20歳代,その他,施錠した
窃盗,自転車盗,加古川,尾上,282103,兵庫県,加古川市,尾上町旭１丁目,2023[sanitize]09[sanitize]04,08,その他,駐車（輪）場,30歳代,その他,施錠した
窃盗,自転車盗,加古川,尾上,282103,兵庫県,加古川市,尾上町旭１丁目,2023[sanitize]09[sanitize]09,10,その他,駐車（輪）場,20歳代,その他,施錠せず
窃盗,自転車盗,加古川,尾上,282103,兵庫県,加古川市,尾上町旭１丁目,2023[sanitize]10[sanitize]20,18,その他,駐車（輪）場,20歳代,その他,施錠した
窃盗,自転車盗,加古川,尾上,282103,兵庫県,加古川市,尾上町旭１丁目,2023[sanitize]12[sanitize]13,07,その他,駐車（輪）場,10歳代,高校生,施錠した
窃盗,自転車盗,加古川,尾上,282103,兵庫県,加古川市,尾上町旭２丁目,2023[sanitize]10[sanitize]06,07,その他,駐車（輪）場,10歳代,高校生,施錠した
窃盗,自転車盗,加古川,尾上,282103,兵庫県,加古川市,尾上町旭２丁目,2023[sanitize]10[sanitize]07,08,その他,駐車（輪）場,20歳代,大学生,施錠した
窃盗,自転車盗,加古川,尾上,282103,兵庫県,加古川市,尾上町旭２丁目,2023[sanitize]10[sanitize]23,07,その他,駐車（輪）場,10歳代,高校生,施錠せず
窃盗,自転車盗,加古川,尾上,282103,兵庫県,加古川市,尾上町池田,2023[sanitize]04[sanitize]16,15,その他,駐車（輪）場,10歳代,高校生,施錠せず
窃盗,自転車盗,加古川,尾上,282103,兵庫県,加古川市,尾上町池田,2023[sanitize]06[sanitize]16,10,その他,駐車（輪）場,50歳代,その他,施錠せず
窃盗,自転車盗,加古川,尾上,282103,兵庫県,加古川市,尾上町池田,2023[sanitize]07[sanitize]18,19,その他の住宅（３階建て以下共同住宅等）,駐車（輪）場,20歳代,その他,施錠せず
窃盗,自転車盗,加古川,尾上,282103,兵庫県,加古川市,尾上町今福,2022[sanitize]12[sanitize]13,10,その他,駐車（輪）場,20歳代,その他,施錠した
窃盗,自転車盗,加古川,尾上,282103,兵庫県,加古川市,尾上町今福,2023[sanitize]01[sanitize]05,22,その他,駐車（輪）場,20歳代,その他,施錠した
窃盗,自転車盗,加古川,尾上,282103,兵庫県,加古川市,尾上町今福,2023[sanitize]01[sanitize]19,11,その他,駐車（輪）場,30歳代,その他,施錠した
窃盗,自転車盗,加古川,尾上,282103,兵庫県,加古川市,尾上町今福,2023[sanitize]01[sanitize]31,07,その他,駐車（輪）場,20歳代,その他,施錠した
窃盗,自転車盗,加古川,尾上,282103,兵庫県,加古川市,尾上町今福,2023[sanitize]02[sanitize]11,17,その他,駐車（輪）場,10歳代,中学生,施錠せず
窃盗,自転車盗,加古川,尾上,282103,兵庫県,加古川市,尾上町今福,2023[sanitize]02[sanitize]25,15,その他,駐車（輪）場,10歳代,高校生,施錠せず
窃盗,自転車盗,加古川,尾上,282103,兵庫県,加古川市,尾上町今福,2023[sanitize]03[sanitize]04,15,その他,駐車（輪）場,10歳代,中学生,施錠せず
窃盗,自転車盗,加古川,尾上,282103,兵庫県,加古川市,尾上町今福,2023[sanitize]03[sanitize]25,13,その他,駐車（輪）場,20歳代,その他,施錠せず
窃盗,自転車盗,加古川,尾上,282103,兵庫県,加古川市,尾上町今福,2023[sanitize]03[sanitize]27,10,その他,駐車（輪）場,10歳代,高校生,施錠した
窃盗,自転車盗,加古川,尾上,282103,兵庫県,加古川市,尾上町今福,2023[sanitize]03[sanitize]29,21,その他の住宅（３階建て以下共同住宅等）,駐車（輪）場,10歳代,高校生,施錠した
窃盗,自転車盗,加古川,尾上,282103,兵庫県,加古川市,尾上町今福,2023[sanitize]04[sanitize]06,07,その他,駐車（輪）場,10歳代,高校生,施錠せず
窃盗,自転車盗,加古川,尾上,282103,兵庫県,加古川市,尾上町今福,2023[sanitize]04[sanitize]18,09,その他,駐車（輪）場,20歳代,大学生,施錠した
窃盗,自転車盗,加古川,尾上,282103,兵庫県,加古川市,尾上町今福,2023[sanitize]04[sanitize]28,09,その他,駐車（輪）場,20歳代,大学生,施錠した
窃盗,自転車盗,加古川,尾上,282103,兵庫県,加古川市,尾上町今福,2023[sanitize]05[sanitize]24,19,その他,駐車（輪）場,10歳代,大学生,施錠せず
窃盗,自転車盗,加古川,尾上,282103,兵庫県,加古川市,尾上町今福,2023[sanitize]06[sanitize]01,07,その他,駐車（輪）場,30歳代,その他,施錠した
窃盗,自転車盗,加古川,尾上,282103,兵庫県,加古川市,尾上町今福,2023[sanitize]06[sanitize]10,10,その他,駐車（輪）場,20歳代,その他,施錠せず
窃盗,自転車盗,加古川,尾上,282103,兵庫県,加古川市,尾上町今福,2023[sanitize]06[sanitize]14,07,その他,駐車（輪）場,10歳代,高校生,施錠せず
窃盗,自転車盗,加古川,尾上,282103,兵庫県,加古川市,尾上町今福,2023[sanitize]06[sanitize]19,08,その他,駐車（輪）場,10歳代,その他,施錠した
窃盗,自転車盗,加古川,尾上,282103,兵庫県,加古川市,尾上町今福,2023[sanitize]07[sanitize]03,08,その他,駐車（輪）場,20歳代,その他,施錠した
窃盗,自転車盗,加古川,尾上,282103,兵庫県,加古川市,尾上町今福,2023[sanitize]07[sanitize]10,09,その他,駐車（輪）場,50歳代,その他,施錠せず
窃盗,自転車盗,加古川,尾上,282103,兵庫県,加古川市,尾上町今福,2023[sanitize]07[sanitize]14,17,その他,駐車（輪）場,20歳代,その他,施錠した
窃盗,自転車盗,加古川,尾上,282103,兵庫県,加古川市,尾上町今福,2023[sanitize]07[sanitize]19,08,その他,駐車（輪）場,20歳代,その他,施錠した
窃盗,自転車盗,加古川,尾上,282103,兵庫県,加古川市,尾上町今福,2023[sanitize]07[sanitize]31,05,その他,駐車（輪）場,10歳代,高校生,施錠した
窃盗,自転車盗,加古川,尾上,282103,兵庫県,加古川市,尾上町今福,2023[sanitize]08[sanitize]18,08,その他,駐車（輪）場,10歳代,高校生,施錠した
窃盗,自転車盗,加古川,尾上,282103,兵庫県,加古川市,尾上町今福,2023[sanitize]09[sanitize]01,08,その他,駐車（輪）場,40歳代,その他,施錠した
窃盗,自転車盗,加古川,尾上,282103,兵庫県,加古川市,尾上町今福,2023[sanitize]09[sanitize]22,09,その他,駐車（輪）場,65[sanitize]69歳,その他,施錠した
窃盗,自転車盗,加古川,尾上,282103,兵庫県,加古川市,尾上町今福,2023[sanitize]10[sanitize]04,06,その他,駐車（輪）場,10歳代,その他,施錠せず
窃盗,自転車盗,加古川,尾上,282103,兵庫県,加古川市,尾上町今福,2023[sanitize]10[sanitize]04,07,その他,駐車（輪）場,10歳代,高校生,施錠せず
窃盗,自転車盗,加古川,尾上,282103,兵庫県,加古川市,尾上町今福,2023[sanitize]10[sanitize]26,06,その他,駐車（輪）場,10歳代,高校生,施錠した
窃盗,自転車盗,加古川,尾上,282103,兵庫県,加古川市,尾上町今福,2023[sanitize]10[sanitize]31,09,その他,駐車（輪）場,20歳代,その他,施錠した
窃盗,自転車盗,加古川,尾上,282103,兵庫県,加古川市,尾上町今福,2023[sanitize]12[sanitize]17,15,その他,駐車（輪）場,10歳代,高校生,施錠せず
窃盗,自転車盗,加古川,尾上,282103,兵庫県,加古川市,尾上町口里,2023[sanitize]04[sanitize]23,07,その他,駐車（輪）場,20歳代,その他,施錠せず
窃盗,自転車盗,加古川,尾上,282103,兵庫県,加古川市,尾上町口里,2023[sanitize]05[sanitize]16,15,その他,駐車（輪）場,30歳代,その他,施錠せず
窃盗,自転車盗,加古川,尾上,282103,兵庫県,加古川市,尾上町口里,2023[sanitize]06[sanitize]14,10,４階建て以上共同住宅,駐車（輪）場,10歳代,その他,施錠した
窃盗,自転車盗,加古川,尾上,282103,兵庫県,加古川市,尾上町口里,2023[sanitize]07[sanitize]03,07,その他,駐車（輪）場,20歳代,その他,施錠せず
窃盗,自転車盗,加古川,尾上,282103,兵庫県,加古川市,尾上町口里,2023[sanitize]07[sanitize]11,06,その他,駐車（輪）場,10歳代,その他,施錠せず
窃盗,自転車盗,加古川,尾上,282103,兵庫県,加古川市,尾上町口里,2023[sanitize]07[sanitize]15,08,その他,駐車（輪）場,10歳代,中学生,施錠せず
窃盗,自転車盗,加古川,尾上,282103,兵庫県,加古川市,尾上町口里,2023[sanitize]08[sanitize]08,09,その他,駐車（輪）場,50歳代,その他,施錠せず
窃盗,自転車盗,加古川,尾上,282103,兵庫県,加古川市,尾上町口里,2023[sanitize]08[sanitize]17,07,その他,駐車（輪）場,20歳代,その他,施錠した
窃盗,自転車盗,加古川,尾上,282103,兵庫県,加古川市,尾上町口里,2023[sanitize]09[sanitize]24,09,その他,駐車（輪）場,40歳代,その他,施錠せず
窃盗,自転車盗,加古川,尾上,282103,兵庫県,加古川市,尾上町口里,2023[sanitize]09[sanitize]28,12,その他,駐車（輪）場,65[sanitize]69歳,その他,施錠した
窃盗,自転車盗,加古川,尾上,282103,兵庫県,加古川市,尾上町口里,2023[sanitize]10[sanitize]30,05,その他,駐車（輪）場,10歳代,高校生,施錠せず
窃盗,自転車盗,加古川,尾上,282103,兵庫県,加古川市,尾上町口里,2023[sanitize]11[sanitize]21,07,その他,駐車（輪）場,10歳代,高校生,施錠せず
窃盗,自転車盗,加古川,尾上,282103,兵庫県,加古川市,尾上町口里,2023[sanitize]11[sanitize]25,18,その他の住宅（３階建て以下共同住宅等）,駐車（輪）場,10歳代,中学生,施錠せず
窃盗,自転車盗,加古川,尾上,282103,兵庫県,加古川市,尾上町口里,2023[sanitize]12[sanitize]15,05,その他,駐車（輪）場,30歳代,その他,施錠した
窃盗,自転車盗,加古川,尾上,282103,兵庫県,加古川市,尾上町長田,2023[sanitize]11[sanitize]14,18,一戸建住宅,駐車（輪）場,50歳代,その他,施錠せず
窃盗,自転車盗,加古川,尾上,282103,兵庫県,加古川市,尾上町安田,2023[sanitize]01[sanitize]19,17,その他,駐車（輪）場,10歳代,高校生,施錠せず
窃盗,自転車盗,加古川,尾上,282103,兵庫県,加古川市,尾上町安田,2023[sanitize]02[sanitize]19,10,一戸建住宅,駐車（輪）場,20歳代,大学生,施錠せず
窃盗,自転車盗,加古川,尾上,282103,兵庫県,加古川市,尾上町安田,2023[sanitize]03[sanitize]15,16,その他,駐車（輪）場,10歳代,中学生,施錠せず
窃盗,自転車盗,加古川,尾上,282103,兵庫県,加古川市,尾上町安田,2023[sanitize]04[sanitize]18,22,一戸建住宅,その他,10歳代,高校生,施錠した
窃盗,自転車盗,加古川,尾上,282103,兵庫県,加古川市,尾上町安田,2023[sanitize]04[sanitize]20,14,その他,駐車（輪）場,10歳代,中学生,施錠せず
窃盗,自転車盗,加古川,尾上,282103,兵庫県,加古川市,尾上町安田,2023[sanitize]04[sanitize]29,11,一戸建住宅,駐車（輪）場,70歳以上,その他,施錠した
窃盗,自転車盗,加古川,尾上,282103,兵庫県,加古川市,尾上町安田,2023[sanitize]06[sanitize]13,18,その他の住宅（３階建て以下共同住宅等）,駐車（輪）場,10歳代,高校生,施錠せず
窃盗,自転車盗,加古川,尾上,282103,兵庫県,加古川市,尾上町安田,2023[sanitize]08[sanitize]30,14,その他,駐車（輪）場,10歳代,中学生,施錠せず
窃盗,自転車盗,加古川,尾上,282103,兵庫県,加古川市,尾上町安田,2023[sanitize]11[sanitize]04,17,その他,駐車（輪）場,10歳代,高校生,施錠せず
窃盗,自転車盗,加古川,尾上,282103,兵庫県,加古川市,尾上町養田,2023[sanitize]06[sanitize]10,10,その他,駐車（輪）場,50歳代,その他,施錠せず
窃盗,自転車盗,加古川,尾上,282103,兵庫県,加古川市,尾上町養田,2023[sanitize]07[sanitize]31,10,道路上,その他,70歳以上,その他,施錠した
窃盗,自転車盗,加古川,尾上,282103,兵庫県,加古川市,尾上町養田,2023[sanitize]08[sanitize]14,18,その他の住宅（３階建て以下共同住宅等）,駐車（輪）場,10歳代,小学生,施錠せず
窃盗,自転車盗,加古川,平津,282103,兵庫県,加古川市,東神吉町出河原,2023[sanitize]12[sanitize]18,15,その他,駐車（輪）場,10歳代,中学生,施錠せず
窃盗,自転車盗,加古川,平津,282103,兵庫県,加古川市,東神吉町西井ノ口,2023[sanitize]03[sanitize]14,17,一戸建住宅,その他,50歳代,その他,施錠せず
窃盗,自転車盗,加古川,平津,282103,兵庫県,加古川市,東神吉町西井ノ口,2023[sanitize]08[sanitize]12,00,一戸建住宅,その他,60[sanitize]64歳,その他,施錠せず
窃盗,自転車盗,加古川,平津,282103,兵庫県,加古川市,米田町平津,2022[sanitize]12[sanitize]18,12,その他,駐車（輪）場,10歳代,その他,施錠せず
窃盗,自転車盗,加古川,平津,282103,兵庫県,加古川市,米田町平津,2022[sanitize]12[sanitize]31,19,その他,駐車（輪）場,20歳代,その他,施錠せず
窃盗,自転車盗,加古川,平津,282103,兵庫県,加古川市,米田町平津,2023[sanitize]01[sanitize]23,06,その他,駐車（輪）場,10歳代,高校生,施錠した
窃盗,自転車盗,加古川,平津,282103,兵庫県,加古川市,米田町平津,2023[sanitize]01[sanitize]23,08,その他,駐車（輪）場,10歳代,その他,施錠せず
窃盗,自転車盗,加古川,平津,282103,兵庫県,加古川市,米田町平津,2023[sanitize]01[sanitize]27,20,その他,駐車（輪）場,10歳代,中学生,施錠せず
窃盗,自転車盗,加古川,平津,282103,兵庫県,加古川市,米田町平津,2023[sanitize]04[sanitize]14,18,その他,駐車（輪）場,20歳代,その他,施錠した
窃盗,自転車盗,加古川,平津,282103,兵庫県,加古川市,米田町平津,2023[sanitize]04[sanitize]14,20,その他,駐車（輪）場,20歳代,その他,施錠せず
窃盗,自転車盗,加古川,平津,282103,兵庫県,加古川市,米田町平津,2023[sanitize]04[sanitize]16,08,その他,駐車（輪）場,20歳代,その他,施錠した
窃盗,自転車盗,加古川,平津,282103,兵庫県,加古川市,米田町平津,2023[sanitize]05[sanitize]05,07,その他,駐車（輪）場,10歳代,高校生,施錠せず
窃盗,自転車盗,加古川,平津,282103,兵庫県,加古川市,米田町平津,2023[sanitize]05[sanitize]08,07,その他,駐車（輪）場,10歳代,高校生,施錠した
窃盗,自転車盗,加古川,平津,282103,兵庫県,加古川市,米田町平津,2023[sanitize]05[sanitize]12,10,その他,駐車（輪）場,10歳代,大学生,施錠せず
窃盗,自転車盗,加古川,平津,282103,兵庫県,加古川市,米田町平津,2023[sanitize]05[sanitize]26,18,その他,駐車（輪）場,10歳代,高校生,施錠せず
窃盗,自転車盗,加古川,平津,282103,兵庫県,加古川市,米田町平津,2023[sanitize]05[sanitize]31,07,その他,駐車（輪）場,10歳代,高校生,施錠せず
窃盗,自転車盗,加古川,平津,282103,兵庫県,加古川市,米田町平津,2023[sanitize]06[sanitize]02,08,その他,駐車（輪）場,10歳代,高校生,施錠せず
窃盗,自転車盗,加古川,平津,282103,兵庫県,加古川市,米田町平津,2023[sanitize]06[sanitize]07,09,その他,駐車（輪）場,20歳代,大学生,施錠した
窃盗,自転車盗,加古川,平津,282103,兵庫県,加古川市,米田町平津,2023[sanitize]06[sanitize]16,09,その他,駐車（輪）場,40歳代,その他,施錠した
窃盗,自転車盗,加古川,平津,282103,兵庫県,加古川市,米田町平津,2023[sanitize]06[sanitize]23,16,その他,駐車（輪）場,10歳代,高校生,施錠せず
窃盗,自転車盗,加古川,平津,282103,兵庫県,加古川市,米田町平津,2023[sanitize]06[sanitize]24,14,その他,駐車（輪）場,10歳代,その他,施錠せず
窃盗,自転車盗,加古川,平津,282103,兵庫県,加古川市,米田町平津,2023[sanitize]06[sanitize]29,13,その他,駐車（輪）場,50歳代,その他,施錠した
窃盗,自転車盗,加古川,平津,282103,兵庫県,加古川市,米田町平津,2023[sanitize]06[sanitize]30,19,その他,駐車（輪）場,40歳代,その他,施錠した
窃盗,自転車盗,加古川,平津,282103,兵庫県,加古川市,米田町平津,2023[sanitize]07[sanitize]09,07,その他,駐車（輪）場,10歳代,大学生,施錠せず
窃盗,自転車盗,加古川,平津,282103,兵庫県,加古川市,米田町平津,2023[sanitize]07[sanitize]21,13,その他,駐車（輪）場,50歳代,その他,施錠せず
窃盗,自転車盗,加古川,平津,282103,兵庫県,加古川市,米田町平津,2023[sanitize]07[sanitize]28,09,その他,駐車（輪）場,10歳代,高校生,施錠した
窃盗,自転車盗,加古川,平津,282103,兵庫県,加古川市,米田町平津,2023[sanitize]07[sanitize]30,07,その他,駐車（輪）場,10歳代,高校生,施錠した
窃盗,自転車盗,加古川,平津,282103,兵庫県,加古川市,米田町平津,2023[sanitize]08[sanitize]10,06,その他,駐車（輪）場,20歳代,大学生,施錠せず
窃盗,自転車盗,加古川,平津,282103,兵庫県,加古川市,米田町平津,2023[sanitize]08[sanitize]16,10,その他,駐車（輪）場,20歳代,その他,施錠せず
窃盗,自転車盗,加古川,平津,282103,兵庫県,加古川市,米田町平津,2023[sanitize]09[sanitize]08,20,一戸建住宅,駐車（輪）場,50歳代,その他,施錠せず
窃盗,自転車盗,加古川,平津,282103,兵庫県,加古川市,米田町平津,2023[sanitize]09[sanitize]10,16,その他,駐車（輪）場,50歳代,その他,施錠した
窃盗,自転車盗,加古川,平津,282103,兵庫県,加古川市,米田町平津,2023[sanitize]09[sanitize]19,17,一戸建住宅,駐車（輪）場,65[sanitize]69歳,その他,施錠せず
窃盗,自転車盗,加古川,平津,282103,兵庫県,加古川市,米田町平津,2023[sanitize]09[sanitize]20,13,４階建て以上共同住宅,駐車（輪）場,30歳代,その他,施錠した
窃盗,自転車盗,加古川,平津,282103,兵庫県,加古川市,米田町平津,2023[sanitize]09[sanitize]23,16,その他,駐車（輪）場,10歳代,高校生,施錠せず
窃盗,自転車盗,加古川,平津,282103,兵庫県,加古川市,米田町平津,2023[sanitize]10[sanitize]04,09,その他,駐車（輪）場,60[sanitize]64歳,その他,施錠した
窃盗,自転車盗,加古川,平津,282103,兵庫県,加古川市,米田町平津,2023[sanitize]10[sanitize]09,06,その他,駐車（輪）場,10歳代,その他,施錠せず
窃盗,自転車盗,加古川,平津,282103,兵庫県,加古川市,米田町平津,2023[sanitize]10[sanitize]13,13,その他,駐車（輪）場,10歳代,高校生,施錠した
窃盗,自転車盗,加古川,平津,282103,兵庫県,加古川市,米田町平津,2023[sanitize]10[sanitize]17,07,その他,駐車（輪）場,40歳代,その他,施錠した
窃盗,自転車盗,加古川,平津,282103,兵庫県,加古川市,米田町平津,2023[sanitize]10[sanitize]18,08,その他,駐車（輪）場,40歳代,その他,施錠した
窃盗,自転車盗,加古川,平津,282103,兵庫県,加古川市,米田町平津,2023[sanitize]11[sanitize]04,11,その他,駐車（輪）場,50歳代,その他,施錠せず
窃盗,自転車盗,加古川,平津,282103,兵庫県,加古川市,米田町平津,2023[sanitize]11[sanitize]15,08,その他,駐車（輪）場,10歳代,大学生,施錠せず
窃盗,自転車盗,加古川,平津,282103,兵庫県,加古川市,米田町平津,2023[sanitize]11[sanitize]29,07,その他,駐車（輪）場,10歳代,高校生,施錠した
窃盗,自転車盗,加古川,平津,282103,兵庫県,加古川市,米田町平津,2023[sanitize]12[sanitize]15,09,その他,駐車（輪）場,10歳代,大学生,施錠した
窃盗,自転車盗,加古川,平津,282103,兵庫県,加古川市,米田町平津,2023[sanitize]12[sanitize]25,09,その他,駐車（輪）場,20歳代,その他,施錠した
窃盗,自転車盗,加古川,新神野,282103,兵庫県,加古川市,神野町西条,2023[sanitize]03[sanitize]15,09,その他,駐車（輪）場,70歳以上,その他,施錠せず
窃盗,自転車盗,加古川,新神野,282103,兵庫県,加古川市,神野町西条,2023[sanitize]07[sanitize]14,09,その他,駐車（輪）場,10歳代,大学生,施錠せず
窃盗,自転車盗,加古川,新神野,282103,兵庫県,加古川市,神野町西条,2023[sanitize]07[sanitize]14,16,その他,駐車（輪）場,10歳代,高校生,施錠せず
窃盗,自転車盗,加古川,新神野,282103,兵庫県,加古川市,神野町西条,2023[sanitize]07[sanitize]19,07,その他,駐車（輪）場,20歳代,その他,施錠せず
窃盗,自転車盗,加古川,新神野,282103,兵庫県,加古川市,神野町西条,2023[sanitize]08[sanitize]17,07,その他,駐車（輪）場,40歳代,その他,施錠せず
窃盗,自転車盗,加古川,新神野,282103,兵庫県,加古川市,神野町西条,2023[sanitize]09[sanitize]08,06,その他,駐車（輪）場,10歳代,高校生,施錠せず
窃盗,自転車盗,加古川,新神野,282103,兵庫県,加古川市,神野町西条,2023[sanitize]09[sanitize]20,07,その他,駐車（輪）場,10歳代,高校生,施錠せず
窃盗,自転車盗,加古川,新神野,282103,兵庫県,加古川市,神野町西条,2023[sanitize]09[sanitize]22,11,その他,駐車（輪）場,20歳代,その他,施錠せず
窃盗,自転車盗,加古川,新神野,282103,兵庫県,加古川市,神野町西条,2023[sanitize]10[sanitize]08,06,その他,駐車（輪）場,10歳代,高校生,施錠した
窃盗,自転車盗,加古川,新神野,282103,兵庫県,加古川市,西条山手１丁目,2023[sanitize]07[sanitize]24,10,一戸建住宅,その他,30歳代,その他,施錠せず
窃盗,自転車盗,加古川,新神野,282103,兵庫県,加古川市,新神野３丁目,2023[sanitize]02[sanitize]13,08,その他,駐車（輪）場,20歳代,その他,施錠せず
窃盗,自転車盗,加古川,新神野,282103,兵庫県,加古川市,新神野３丁目,2023[sanitize]06[sanitize]25,11,その他,駐車（輪）場,10歳代,高校生,施錠せず
窃盗,自転車盗,加古川,日岡,282103,兵庫県,加古川市,加古川町大野,2023[sanitize]03[sanitize]11,17,道路上,その他,50歳代,その他,施錠せず
窃盗,自転車盗,加古川,日岡,282103,兵庫県,加古川市,加古川町大野,2023[sanitize]03[sanitize]31,13,その他,駐車（輪）場,10歳代,高校生,施錠せず
窃盗,自転車盗,加古川,日岡,282103,兵庫県,加古川市,加古川町大野,2023[sanitize]04[sanitize]03,11,その他,駐車（輪）場,10歳代,高校生,施錠した
窃盗,自転車盗,加古川,日岡,282103,兵庫県,加古川市,加古川町大野,2023[sanitize]06[sanitize]24,07,その他,駐車（輪）場,20歳代,大学生,施錠せず
窃盗,自転車盗,加古川,日岡,282103,兵庫県,加古川市,加古川町大野,2023[sanitize]08[sanitize]09,17,その他,駐車（輪）場,10歳代,高校生,施錠せず
窃盗,自転車盗,加古川,日岡,282103,兵庫県,加古川市,加古川町大野,2023[sanitize]08[sanitize]10,08,その他,駐車（輪）場,10歳代,高校生,施錠せず
窃盗,自転車盗,加古川,日岡,282103,兵庫県,加古川市,加古川町大野,2023[sanitize]08[sanitize]23,10,その他,駐車（輪）場,10歳代,中学生,施錠せず
窃盗,自転車盗,加古川,日岡,282103,兵庫県,加古川市,加古川町大野,2023[sanitize]12[sanitize]17,10,その他,駐車（輪）場,10歳代,高校生,施錠せず
窃盗,自転車盗,加古川,日岡,282103,兵庫県,加古川市,加古川町中津,2023[sanitize]06[sanitize]29,13,一戸建住宅,その他,20歳代,その他,施錠せず
窃盗,自転車盗,加古川,日岡,282103,兵庫県,加古川市,加古川町中津,2023[sanitize]08[sanitize]09,19,その他,駐車（輪）場,50歳代,その他,施錠した
窃盗,自転車盗,加古川,日岡,282103,兵庫県,加古川市,加古川町中津,2023[sanitize]09[sanitize]17,09,その他の住宅（３階建て以下共同住宅等）,その他,40歳代,その他,施錠せず
窃盗,自転車盗,加古川,日岡,282103,兵庫県,加古川市,加古川町美乃利,2023[sanitize]02[sanitize]11,20,一戸建住宅,駐車（輪）場,10歳代,中学生,施錠せず
窃盗,自転車盗,加古川,日岡,282103,兵庫県,加古川市,加古川町美乃利,2023[sanitize]07[sanitize]12,21,その他,駐車（輪）場,20歳代,大学生,施錠せず
窃盗,自転車盗,加古川,日岡,282103,兵庫県,加古川市,加古川町美乃利,2023[sanitize]10[sanitize]17,20,４階建て以上共同住宅,駐車（輪）場,10歳代,その他,施錠せず
窃盗,自転車盗,加古川,本荘,283827,兵庫県,播磨町,新島,2023[sanitize]03[sanitize]03,16,道路上,その他,40歳代,その他,施錠した
窃盗,自転車盗,加古川,本荘,283827,兵庫県,播磨町,宮西１丁目,2023[sanitize]04[sanitize]30,00,その他,駐車（輪）場,50歳代,その他,施錠せず
窃盗,自転車盗,加古川,本荘,283827,兵庫県,播磨町,北本荘１丁目,2023[sanitize]03[sanitize]05,09,４階建て以上共同住宅,駐車（輪）場,60[sanitize]64歳,その他,施錠せず
窃盗,自転車盗,加古川,本荘,283827,兵庫県,播磨町,東本荘１丁目,2020[sanitize]03[sanitize]01,不明,その他,駐車（輪）場,50歳代,その他,施錠せず
窃盗,自転車盗,加古川,本荘,283827,兵庫県,播磨町,東本荘１丁目,2023[sanitize]05[sanitize]16,11,その他,駐車（輪）場,20歳代,大学生,施錠せず
窃盗,自転車盗,加古川,本荘,283827,兵庫県,播磨町,東本荘１丁目,2023[sanitize]06[sanitize]08,07,その他,駐車（輪）場,10歳代,高校生,施錠せず
窃盗,自転車盗,加古川,本荘,283827,兵庫県,播磨町,東本荘１丁目,2023[sanitize]11[sanitize]19,11,その他,駐車（輪）場,20歳代,その他,施錠せず
窃盗,自転車盗,加古川,本荘,283827,兵庫県,播磨町,東本荘３丁目,2023[sanitize]04[sanitize]28,17,一戸建住宅,駐車（輪）場,20歳代,その他,施錠せず
窃盗,自転車盗,加古川,東加古川,282103,兵庫県,加古川市,野口町二屋,2023[sanitize]03[sanitize]07,07,その他,駐車（輪）場,30歳代,その他,施錠した
窃盗,自転車盗,加古川,東加古川,282103,兵庫県,加古川市,平岡町一色,2023[sanitize]02[sanitize]16,09,その他,駐車（輪）場,65[sanitize]69歳,その他,施錠せず
窃盗,自転車盗,加古川,東加古川,282103,兵庫県,加古川市,平岡町一色,2023[sanitize]06[sanitize]16,20,その他,駐車（輪）場,60[sanitize]64歳,その他,施錠せず
窃盗,自転車盗,加古川,東加古川,282103,兵庫県,加古川市,平岡町新在家,2022[sanitize]11[sanitize]01,00,駐車（輪）場,駐車（輪）場,40歳代,その他,施錠した
窃盗,自転車盗,加古川,東加古川,282103,兵庫県,加古川市,平岡町新在家,2023[sanitize]01[sanitize]09,14,その他,駐車（輪）場,10歳代,高校生,施錠せず
窃盗,自転車盗,加古川,東加古川,282103,兵庫県,加古川市,平岡町新在家,2023[sanitize]01[sanitize]16,08,駐車（輪）場,駐車（輪）場,30歳代,その他,施錠せず
窃盗,自転車盗,加古川,東加古川,282103,兵庫県,加古川市,平岡町新在家,2023[sanitize]01[sanitize]17,07,その他,駐車（輪）場,20歳代,大学生,施錠した
窃盗,自転車盗,加古川,東加古川,282103,兵庫県,加古川市,平岡町新在家,2023[sanitize]01[sanitize]28,14,その他,駐車（輪）場,10歳代,中学生,施錠せず
窃盗,自転車盗,加古川,東加古川,282103,兵庫県,加古川市,平岡町新在家,2023[sanitize]02[sanitize]04,07,その他,駐車（輪）場,10歳代,中学生,施錠せず
窃盗,自転車盗,加古川,東加古川,282103,兵庫県,加古川市,平岡町新在家,2023[sanitize]02[sanitize]05,13,その他,駐車（輪）場,10歳代,高校生,施錠せず
窃盗,自転車盗,加古川,東加古川,282103,兵庫県,加古川市,平岡町新在家,2023[sanitize]02[sanitize]07,15,駐車（輪）場,駐車（輪）場,20歳代,その他,施錠せず
窃盗,自転車盗,加古川,東加古川,282103,兵庫県,加古川市,平岡町新在家,2023[sanitize]02[sanitize]08,09,その他,駐車（輪）場,10歳代,高校生,施錠せず
窃盗,自転車盗,加古川,東加古川,282103,兵庫県,加古川市,平岡町新在家,2023[sanitize]02[sanitize]15,12,その他,駐車（輪）場,10歳代,高校生,施錠せず
窃盗,自転車盗,加古川,東加古川,282103,兵庫県,加古川市,平岡町新在家,2023[sanitize]02[sanitize]17,20,駐車（輪）場,駐車（輪）場,10歳代,高校生,施錠せず
窃盗,自転車盗,加古川,東加古川,282103,兵庫県,加古川市,平岡町新在家,2023[sanitize]02[sanitize]22,07,その他,駐車（輪）場,30歳代,その他,施錠した
窃盗,自転車盗,加古川,東加古川,282103,兵庫県,加古川市,平岡町新在家,2023[sanitize]03[sanitize]14,07,その他,駐車（輪）場,50歳代,その他,施錠した
窃盗,自転車盗,加古川,東加古川,282103,兵庫県,加古川市,平岡町新在家,2023[sanitize]03[sanitize]21,18,その他の住宅（３階建て以下共同住宅等）,駐車（輪）場,10歳代,中学生,施錠せず
窃盗,自転車盗,加古川,東加古川,282103,兵庫県,加古川市,平岡町新在家,2023[sanitize]04[sanitize]05,13,その他,駐車（輪）場,10歳代,中学生,施錠せず
窃盗,自転車盗,加古川,東加古川,282103,兵庫県,加古川市,平岡町新在家,2023[sanitize]04[sanitize]13,07,その他,駐車（輪）場,30歳代,その他,施錠した
窃盗,自転車盗,加古川,東加古川,282103,兵庫県,加古川市,平岡町新在家,2023[sanitize]04[sanitize]14,06,その他,駐車（輪）場,10歳代,その他,施錠した
窃盗,自転車盗,加古川,東加古川,282103,兵庫県,加古川市,平岡町新在家,2023[sanitize]04[sanitize]14,18,その他の住宅（３階建て以下共同住宅等）,駐車（輪）場,20歳代,その他,施錠した
窃盗,自転車盗,加古川,東加古川,282103,兵庫県,加古川市,平岡町新在家,2023[sanitize]04[sanitize]18,07,駐車（輪）場,駐車（輪）場,20歳代,大学生,施錠せず
窃盗,自転車盗,加古川,東加古川,282103,兵庫県,加古川市,平岡町新在家,2023[sanitize]05[sanitize]08,07,その他,駐車（輪）場,20歳代,その他,施錠した
窃盗,自転車盗,加古川,東加古川,282103,兵庫県,加古川市,平岡町新在家,2023[sanitize]05[sanitize]17,16,その他,駐車（輪）場,30歳代,その他,施錠した
窃盗,自転車盗,加古川,東加古川,282103,兵庫県,加古川市,平岡町新在家,2023[sanitize]05[sanitize]22,07,その他,駐車（輪）場,10歳代,大学生,施錠せず
窃盗,自転車盗,加古川,東加古川,282103,兵庫県,加古川市,平岡町新在家,2023[sanitize]05[sanitize]25,07,その他,駐車（輪）場,10歳代,大学生,施錠した
窃盗,自転車盗,加古川,東加古川,282103,兵庫県,加古川市,平岡町新在家,2023[sanitize]05[sanitize]29,16,その他,駐車（輪）場,40歳代,その他,施錠せず
窃盗,自転車盗,加古川,東加古川,282103,兵庫県,加古川市,平岡町新在家,2023[sanitize]06[sanitize]07,16,その他,駐車（輪）場,10歳代,その他,施錠せず
窃盗,自転車盗,加古川,東加古川,282103,兵庫県,加古川市,平岡町新在家,2023[sanitize]06[sanitize]11,16,その他,駐車（輪）場,10歳代,高校生,施錠せず
窃盗,自転車盗,加古川,東加古川,282103,兵庫県,加古川市,平岡町新在家,2023[sanitize]06[sanitize]19,07,駐車（輪）場,駐車（輪）場,10歳代,その他,施錠せず
窃盗,自転車盗,加古川,東加古川,282103,兵庫県,加古川市,平岡町新在家,2023[sanitize]06[sanitize]19,14,その他,駐車（輪）場,40歳代,その他,施錠せず
窃盗,自転車盗,加古川,東加古川,282103,兵庫県,加古川市,平岡町新在家,2023[sanitize]06[sanitize]20,07,その他,駐車（輪）場,10歳代,大学生,施錠した
窃盗,自転車盗,加古川,東加古川,282103,兵庫県,加古川市,平岡町新在家,2023[sanitize]07[sanitize]13,14,その他,駐車（輪）場,10歳代,高校生,施錠せず
窃盗,自転車盗,加古川,東加古川,282103,兵庫県,加古川市,平岡町新在家,2023[sanitize]07[sanitize]21,14,駐車（輪）場,駐車（輪）場,10歳代,中学生,施錠せず
窃盗,自転車盗,加古川,東加古川,282103,兵庫県,加古川市,平岡町新在家,2023[sanitize]07[sanitize]24,14,その他,駐車（輪）場,10歳代,中学生,施錠せず
窃盗,自転車盗,加古川,東加古川,282103,兵庫県,加古川市,平岡町新在家,2023[sanitize]07[sanitize]25,14,その他,駐車（輪）場,10歳代,中学生,施錠せず
窃盗,自転車盗,加古川,東加古川,282103,兵庫県,加古川市,平岡町新在家,2023[sanitize]07[sanitize]30,17,その他,駐車（輪）場,50歳代,その他,施錠せず
窃盗,自転車盗,加古川,東加古川,282103,兵庫県,加古川市,平岡町新在家,2023[sanitize]08[sanitize]10,09,その他,駐車（輪）場,10歳代,高校生,施錠せず
窃盗,自転車盗,加古川,東加古川,282103,兵庫県,加古川市,平岡町新在家,2023[sanitize]08[sanitize]11,20,その他,駐車（輪）場,10歳代,大学生,施錠せず
窃盗,自転車盗,加古川,東加古川,282103,兵庫県,加古川市,平岡町新在家,2023[sanitize]08[sanitize]12,07,その他,駐車（輪）場,10歳代,高校生,施錠せず
窃盗,自転車盗,加古川,東加古川,282103,兵庫県,加古川市,平岡町新在家,2023[sanitize]08[sanitize]17,18,その他,駐車（輪）場,10歳代,大学生,施錠した
窃盗,自転車盗,加古川,東加古川,282103,兵庫県,加古川市,平岡町新在家,2023[sanitize]08[sanitize]20,13,その他,駐車（輪）場,10歳代,高校生,施錠せず
窃盗,自転車盗,加古川,東加古川,282103,兵庫県,加古川市,平岡町新在家,2023[sanitize]08[sanitize]21,07,駐車（輪）場,駐車（輪）場,50歳代,その他,施錠せず
窃盗,自転車盗,加古川,東加古川,282103,兵庫県,加古川市,平岡町新在家,2023[sanitize]09[sanitize]08,19,その他の住宅（３階建て以下共同住宅等）,駐車（輪）場,30歳代,その他,施錠した
窃盗,自転車盗,加古川,東加古川,282103,兵庫県,加古川市,平岡町新在家,2023[sanitize]09[sanitize]13,12,その他,駐車（輪）場,50歳代,その他,施錠した
窃盗,自転車盗,加古川,東加古川,282103,兵庫県,加古川市,平岡町新在家,2023[sanitize]09[sanitize]18,12,その他,駐車（輪）場,10歳代,中学生,施錠せず
窃盗,自転車盗,加古川,東加古川,282103,兵庫県,加古川市,平岡町新在家,2023[sanitize]10[sanitize]02,07,駐車（輪）場,駐車（輪）場,20歳代,その他,施錠した
窃盗,自転車盗,加古川,東加古川,282103,兵庫県,加古川市,平岡町新在家,2023[sanitize]10[sanitize]16,07,その他,駐車（輪）場,10歳代,高校生,施錠せず
窃盗,自転車盗,加古川,東加古川,282103,兵庫県,加古川市,平岡町新在家,2023[sanitize]10[sanitize]21,08,その他,駐車（輪）場,20歳代,その他,施錠した
窃盗,自転車盗,加古川,東加古川,282103,兵庫県,加古川市,平岡町新在家,2023[sanitize]11[sanitize]09,21,その他,駐車（輪）場,20歳代,大学生,施錠せず
窃盗,自転車盗,加古川,東加古川,282103,兵庫県,加古川市,平岡町新在家,2023[sanitize]11[sanitize]12,13,その他,駐車（輪）場,20歳代,その他,施錠せず
窃盗,自転車盗,加古川,東加古川,282103,兵庫県,加古川市,平岡町新在家,2023[sanitize]11[sanitize]20,07,一戸建住宅,駐車（輪）場,60[sanitize]64歳,その他,施錠せず
窃盗,自転車盗,加古川,東加古川,282103,兵庫県,加古川市,平岡町新在家,2023[sanitize]12[sanitize]04,08,その他,駐車（輪）場,70歳以上,その他,施錠せず
窃盗,自転車盗,加古川,東加古川,282103,兵庫県,加古川市,平岡町新在家,2023[sanitize]12[sanitize]17,19,その他,駐車（輪）場,30歳代,その他,施錠せず
窃盗,自転車盗,加古川,東加古川,282103,兵庫県,加古川市,平岡町新在家,2023[sanitize]12[sanitize]23,07,その他,駐車（輪）場,40歳代,その他,施錠せず
窃盗,自転車盗,加古川,東加古川,282103,兵庫県,加古川市,平岡町新在家１丁目,2023[sanitize]08[sanitize]11,02,駐車（輪）場,駐車（輪）場,20歳代,その他,施錠した
窃盗,自転車盗,加古川,東加古川,282103,兵庫県,加古川市,平岡町新在家２丁目,2023[sanitize]01[sanitize]10,07,その他,駐車（輪）場,10歳代,高校生,施錠した
窃盗,自転車盗,加古川,東加古川,282103,兵庫県,加古川市,平岡町新在家２丁目,2023[sanitize]02[sanitize]13,17,道路上,その他,10歳代,高校生,施錠せず
窃盗,自転車盗,加古川,東加古川,282103,兵庫県,加古川市,平岡町新在家２丁目,2023[sanitize]03[sanitize]18,09,駐車（輪）場,駐車（輪）場,30歳代,その他,施錠せず
窃盗,自転車盗,加古川,東加古川,282103,兵庫県,加古川市,平岡町新在家２丁目,2023[sanitize]04[sanitize]05,15,道路上,その他,10歳代,高校生,施錠せず
窃盗,自転車盗,加古川,東加古川,282103,兵庫県,加古川市,平岡町新在家２丁目,2023[sanitize]05[sanitize]09,19,その他,その他,10歳代,中学生,施錠せず
窃盗,自転車盗,加古川,東加古川,282103,兵庫県,加古川市,平岡町新在家２丁目,2023[sanitize]06[sanitize]04,14,道路上,その他,20歳代,その他,施錠した
窃盗,自転車盗,加古川,東加古川,282103,兵庫県,加古川市,平岡町新在家２丁目,2023[sanitize]06[sanitize]16,12,道路上,その他,10歳代,高校生,施錠せず
窃盗,自転車盗,加古川,東加古川,282103,兵庫県,加古川市,平岡町新在家２丁目,2023[sanitize]07[sanitize]02,12,４階建て以上共同住宅,駐車（輪）場,10歳代,大学生,施錠せず
窃盗,自転車盗,加古川,東加古川,282103,兵庫県,加古川市,平岡町新在家２丁目,2023[sanitize]07[sanitize]17,00,その他,駐車（輪）場,10歳代,その他,施錠せず
窃盗,自転車盗,加古川,東加古川,282103,兵庫県,加古川市,平岡町新在家２丁目,2023[sanitize]08[sanitize]11,18,４階建て以上共同住宅,駐車（輪）場,50歳代,その他,施錠した
窃盗,自転車盗,加古川,東加古川,282103,兵庫県,加古川市,平岡町新在家２丁目,2023[sanitize]09[sanitize]25,00,その他,駐車（輪）場,10歳代,高校生,施錠せず
窃盗,自転車盗,加古川,東加古川,282103,兵庫県,加古川市,平岡町新在家２丁目,2023[sanitize]10[sanitize]03,07,その他,駐車（輪）場,10歳代,高校生,施錠せず
窃盗,自転車盗,加古川,東加古川,282103,兵庫県,加古川市,平岡町新在家２丁目,2023[sanitize]11[sanitize]15,00,その他,駐車（輪）場,10歳代,高校生,施錠せず
窃盗,自転車盗,加古川,東加古川,282103,兵庫県,加古川市,平岡町新在家３丁目,2023[sanitize]02[sanitize]14,16,その他,駐車（輪）場,20歳代,その他,施錠した
窃盗,自転車盗,加古川,東加古川,282103,兵庫県,加古川市,平岡町新在家３丁目,2023[sanitize]12[sanitize]16,16,その他,駐車（輪）場,30歳代,その他,施錠せず
窃盗,自転車盗,加古川,東加古川,282103,兵庫県,加古川市,平岡町中野,2023[sanitize]10[sanitize]06,18,その他,駐車（輪）場,10歳代,その他,施錠せず
窃盗,自転車盗,加古川,東加古川,282103,兵庫県,加古川市,平岡町西谷,2023[sanitize]11[sanitize]04,15,その他の住宅（３階建て以下共同住宅等）,駐車（輪）場,30歳代,その他,施錠せず
窃盗,自転車盗,加古川,東加古川,282103,兵庫県,加古川市,平岡町二俣,2023[sanitize]05[sanitize]08,16,４階建て以上共同住宅,駐車（輪）場,10歳未満,小学生,施錠した
窃盗,自転車盗,加古川,東加古川,282103,兵庫県,加古川市,平岡町二俣,2023[sanitize]05[sanitize]23,19,一戸建住宅,駐車（輪）場,10歳代,中学生,施錠せず
窃盗,自転車盗,加古川,東加古川,282103,兵庫県,加古川市,平岡町二俣,2023[sanitize]06[sanitize]03,22,一戸建住宅,駐車（輪）場,70歳以上,その他,施錠せず
窃盗,自転車盗,加古川,東加古川,282103,兵庫県,加古川市,平岡町二俣,2023[sanitize]07[sanitize]17,11,４階建て以上共同住宅,駐車（輪）場,30歳代,その他,施錠した
窃盗,自転車盗,加古川,東加古川,282103,兵庫県,加古川市,平岡町二俣,2023[sanitize]08[sanitize]13,21,４階建て以上共同住宅,駐車（輪）場,30歳代,その他,施錠せず
窃盗,自転車盗,加古川,東加古川,282103,兵庫県,加古川市,平岡町二俣,2023[sanitize]10[sanitize]15,12,４階建て以上共同住宅,駐車（輪）場,20歳代,その他,施錠せず
窃盗,自転車盗,加古川,東加古川,282103,兵庫県,加古川市,平岡町二俣,2023[sanitize]10[sanitize]27,21,４階建て以上共同住宅,駐車（輪）場,20歳代,その他,施錠せず
窃盗,自転車盗,加古川,東加古川,282103,兵庫県,加古川市,平岡町二俣,2023[sanitize]11[sanitize]15,22,一戸建住宅,駐車（輪）場,10歳代,高校生,施錠せず
窃盗,自転車盗,加古川,東加古川,282103,兵庫県,加古川市,平岡町一色西１丁目,2023[sanitize]04[sanitize]04,21,一戸建住宅,駐車（輪）場,20歳代,その他,施錠した
窃盗,自転車盗,加古川,東加古川,282103,兵庫県,加古川市,平岡町つつじ野,2023[sanitize]02[sanitize]04,18,一戸建住宅,駐車（輪）場,70歳以上,その他,施錠せず
窃盗,自転車盗,加古川,東加古川,282103,兵庫県,加古川市,平岡町つつじ野,2023[sanitize]09[sanitize]01,20,一戸建住宅,駐車（輪）場,10歳代,高校生,施錠せず
窃盗,自転車盗,加古川,県農前,282103,兵庫県,加古川市,加古川町大野,2023[sanitize]07[sanitize]29,06,その他,駐車（輪）場,30歳代,その他,施錠せず
窃盗,自転車盗,加古川,県農前,282103,兵庫県,加古川市,野口町水足,2023[sanitize]04[sanitize]27,22,４階建て以上共同住宅,駐車（輪）場,10歳代,大学生,施錠せず
窃盗,自転車盗,加古川,県農前,282103,兵庫県,加古川市,平岡町新在家,2023[sanitize]11[sanitize]28,15,その他,駐車（輪）場,10歳代,高校生,施錠せず
窃盗,自転車盗,加古川,神吉,282103,兵庫県,加古川市,西神吉町大国,2023[sanitize]09[sanitize]09,17,道路上,その他,10歳代,小学生,施錠せず
窃盗,自転車盗,加古川,神吉,282103,兵庫県,加古川市,東神吉町天下原,2023[sanitize]10[sanitize]30,19,４階建て以上共同住宅,駐車（輪）場,70歳以上,その他,施錠した
窃盗,自転車盗,加古川,神吉,282103,兵庫県,加古川市,東神吉町神吉,2023[sanitize]01[sanitize]30,08,その他,駐車（輪）場,10歳代,高校生,施錠せず
窃盗,自転車盗,加古川,神野,282103,兵庫県,加古川市,神野町石守,2023[sanitize]07[sanitize]19,18,一戸建住宅,駐車（輪）場,50歳代,その他,施錠せず
窃盗,自転車盗,加古川,神野,282103,兵庫県,加古川市,神野町石守１丁目,2023[sanitize]07[sanitize]26,17,その他,駐車（輪）場,20歳代,その他,施錠せず
窃盗,自転車盗,加古川,神野,282103,兵庫県,加古川市,神野町神野,2023[sanitize]07[sanitize]19,16,一戸建住宅,その他,40歳代,その他,施錠せず
窃盗,自転車盗,加古川,神野,282103,兵庫県,加古川市,神野町神野,2023[sanitize]07[sanitize]19,16,一戸建住宅,駐車（輪）場,10歳代,中学生,施錠せず
窃盗,自転車盗,加古川,稲美,283819,兵庫県,稲美町,岡,2023[sanitize]09[sanitize]24,18,一戸建住宅,駐車（輪）場,30歳代,その他,施錠せず
窃盗,自転車盗,加古川,稲美,283819,兵庫県,稲美町,国岡１丁目,2023[sanitize]02[sanitize]19,17,その他,駐車（輪）場,70歳以上,その他,施錠した
窃盗,自転車盗,加古川,稲美,283819,兵庫県,稲美町,国岡１丁目,2023[sanitize]08[sanitize]11,12,一戸建住宅,駐車（輪）場,10歳代,高校生,施錠せず
窃盗,自転車盗,加古川,稲美,283819,兵庫県,稲美町,国岡２丁目,2023[sanitize]03[sanitize]03,05,その他,駐車（輪）場,20歳代,大学生,施錠した
窃盗,自転車盗,加古川,稲美,283819,兵庫県,稲美町,国安,2023[sanitize]10[sanitize]07,19,その他,その他,10歳代,高校生,施錠せず
窃盗,自転車盗,加古川,稲美,283819,兵庫県,稲美町,六分一,2023[sanitize]04[sanitize]01,12,駐車（輪）場,駐車（輪）場,20歳代,その他,施錠せず
窃盗,自転車盗,加古川,稲美,283819,兵庫県,稲美町,六分一,2023[sanitize]08[sanitize]18,16,その他,駐車（輪）場,10歳代,高校生,施錠せず
窃盗,自転車盗,加古川,稲美,283819,兵庫県,稲美町,六分一,2023[sanitize]08[sanitize]18,17,その他の住宅（３階建て以下共同住宅等）,駐車（輪）場,20歳代,その他,施錠せず
窃盗,自転車盗,加古川,稲美,283819,兵庫県,稲美町,六分一,2023[sanitize]09[sanitize]20,17,その他,駐車（輪）場,10歳代,高校生,施錠せず
窃盗,自転車盗,加古川,稲美,283819,兵庫県,稲美町,六分一,2023[sanitize]09[sanitize]30,18,その他の住宅（３階建て以下共同住宅等）,駐車（輪）場,20歳代,その他,施錠せず
窃盗,自転車盗,加古川,稲美,283819,兵庫県,稲美町,六分一,2023[sanitize]10[sanitize]04,12,その他の住宅（３階建て以下共同住宅等）,駐車（輪）場,20歳代,その他,施錠せず
窃盗,自転車盗,加古川,稲美,283819,兵庫県,稲美町,六分一,2023[sanitize]11[sanitize]13,08,一戸建住宅,駐車（輪）場,50歳代,その他,施錠せず
窃盗,自転車盗,加古川,稲美東,283819,兵庫県,稲美町,蛸草,2023[sanitize]08[sanitize]08,10,道路上,その他,40歳代,その他,施錠せず
窃盗,自転車盗,加古川,野口,282103,兵庫県,加古川市,野口町北野,2023[sanitize]02[sanitize]17,19,一戸建住宅,駐車（輪）場,40歳代,その他,施錠せず
窃盗,自転車盗,加古川,野口,282103,兵庫県,加古川市,野口町坂井,2023[sanitize]04[sanitize]01,11,その他,駐車（輪）場,50歳代,その他,施錠せず
窃盗,自転車盗,加古川,野口,282103,兵庫県,加古川市,野口町坂井,2023[sanitize]05[sanitize]15,19,その他の住宅（３階建て以下共同住宅等）,駐車（輪）場,20歳代,その他,施錠せず
窃盗,自転車盗,加古川,野口,282103,兵庫県,加古川市,野口町坂元,2023[sanitize]03[sanitize]19,10,その他,駐車（輪）場,20歳代,大学生,施錠せず
窃盗,自転車盗,加古川,野口,282103,兵庫県,加古川市,野口町坂元,2023[sanitize]04[sanitize]30,09,その他,駐車（輪）場,20歳代,その他,施錠せず
窃盗,自転車盗,加古川,野口,282103,兵庫県,加古川市,野口町坂元,2023[sanitize]08[sanitize]29,17,その他,駐車（輪）場,10歳代,高校生,施錠せず
窃盗,自転車盗,加古川,野口,282103,兵庫県,加古川市,野口町坂元,2023[sanitize]09[sanitize]01,13,その他の住宅（３階建て以下共同住宅等）,駐車（輪）場,65[sanitize]69歳,その他,施錠せず
窃盗,自転車盗,加古川,野口,282103,兵庫県,加古川市,野口町長砂,2023[sanitize]03[sanitize]06,01,その他の住宅（３階建て以下共同住宅等）,駐車（輪）場,20歳代,その他,施錠せず
窃盗,自転車盗,加古川,野口,282103,兵庫県,加古川市,野口町長砂,2023[sanitize]09[sanitize]01,06,駐車（輪）場,駐車（輪）場,20歳代,その他,施錠せず
窃盗,自転車盗,加古川,野口,282103,兵庫県,加古川市,野口町長砂,2023[sanitize]11[sanitize]08,12,一戸建住宅,駐車（輪）場,70歳以上,その他,施錠せず
窃盗,自転車盗,加古川,野口,282103,兵庫県,加古川市,野口町野口,2023[sanitize]01[sanitize]14,14,その他,その他,10歳代,中学生,施錠せず
窃盗,自転車盗,加古川,野口,282103,兵庫県,加古川市,野口町野口,2023[sanitize]03[sanitize]17,01,その他,駐車（輪）場,10歳代,その他,施錠せず
窃盗,自転車盗,加古川,野口,282103,兵庫県,加古川市,野口町野口,2023[sanitize]05[sanitize]12,09,４階建て以上共同住宅,駐車（輪）場,70歳以上,その他,施錠せず
窃盗,自転車盗,加古川,野口,282103,兵庫県,加古川市,野口町野口,2023[sanitize]07[sanitize]11,01,その他,駐車（輪）場,10歳代,その他,施錠せず
窃盗,自転車盗,加古川,野口,282103,兵庫県,加古川市,野口町野口,2023[sanitize]10[sanitize]22,19,その他,駐車（輪）場,10歳代,高校生,施錠せず
窃盗,自転車盗,加古川,野口,282103,兵庫県,加古川市,野口町野口,2023[sanitize]11[sanitize]09,17,その他,駐車（輪）場,20歳代,その他,施錠せず
窃盗,自転車盗,加古川,野口,282103,兵庫県,加古川市,野口町古大内,2023[sanitize]01[sanitize]20,20,一戸建住宅,駐車（輪）場,50歳代,その他,施錠した
窃盗,自転車盗,加古川,野口,282103,兵庫県,加古川市,野口町良野,2023[sanitize]04[sanitize]01,11,その他,駐車（輪）場,10歳代,高校生,施錠せず
窃盗,自転車盗,加古川,野口,282103,兵庫県,加古川市,野口町良野,2023[sanitize]07[sanitize]31,19,一戸建住宅,駐車（輪）場,20歳代,その他,施錠せず
窃盗,自転車盗,加古川,野口,282103,兵庫県,加古川市,野口町良野,2023[sanitize]08[sanitize]20,17,一戸建住宅,駐車（輪）場,30歳代,その他,施錠せず
窃盗,自転車盗,加古川,野添,,,,,2023[sanitize]11[sanitize]22,16,４階建て以上共同住宅,駐車（輪）場,10歳未満,小学生,施錠せず
窃盗,自転車盗,加古川,野添,283827,兵庫県,播磨町,大中２丁目,2023[sanitize]09[sanitize]16,14,その他の住宅（３階建て以下共同住宅等）,駐車（輪）場,20歳代,その他,施錠せず
窃盗,自転車盗,加古川,野添,283827,兵庫県,播磨町,古田３丁目,2022[sanitize]11[sanitize]10,00,道路上,その他,40歳代,その他,施錠せず
窃盗,自転車盗,加古川,野添,283827,兵庫県,播磨町,古田３丁目,2023[sanitize]02[sanitize]27,19,道路上,その他,60[sanitize]64歳,その他,施錠した
窃盗,自転車盗,加古川,野添,283827,兵庫県,播磨町,野添,2023[sanitize]07[sanitize]07,20,その他の住宅（３階建て以下共同住宅等）,駐車（輪）場,20歳代,その他,施錠せず
窃盗,自転車盗,加古川,野添,283827,兵庫県,播磨町,野添,2023[sanitize]08[sanitize]09,08,その他,駐車（輪）場,10歳代,大学生,施錠せず
窃盗,自転車盗,加古川,野添,283827,兵庫県,播磨町,野添,2023[sanitize]09[sanitize]13,18,その他,駐車（輪）場,10歳代,大学生,施錠せず
窃盗,自転車盗,加古川,野添,283827,兵庫県,播磨町,東本荘１丁目,2022[sanitize]09[sanitize]13,00,その他,駐車（輪）場,50歳代,その他,施錠した
窃盗,自転車盗,加古川,野添,283827,兵庫県,播磨町,南大中１丁目,2023[sanitize]10[sanitize]06,16,その他,駐車（輪）場,10歳代,高校生,施錠せず
窃盗,自転車盗,加古川,野添,283827,兵庫県,播磨町,北野添２丁目,2023[sanitize]01[sanitize]27,09,４階建て以上共同住宅,駐車（輪）場,40歳代,その他,施錠した
窃盗,自転車盗,加古川,野添,283827,兵庫県,播磨町,北野添２丁目,2023[sanitize]03[sanitize]03,15,一戸建住宅,その他,10歳代,高校生,施錠せず
窃盗,自転車盗,加古川,野添,283827,兵庫県,播磨町,北野添２丁目,2023[sanitize]03[sanitize]27,08,その他,駐車（輪）場,10歳代,高校生,施錠せず
窃盗,自転車盗,加古川,野添,283827,兵庫県,播磨町,北野添２丁目,2023[sanitize]06[sanitize]06,07,その他,駐車（輪）場,60[sanitize]64歳,その他,施錠した
窃盗,自転車盗,加古川,野添,283827,兵庫県,播磨町,北野添２丁目,2023[sanitize]07[sanitize]23,16,一戸建住宅,駐車（輪）場,10歳代,中学生,施錠せず
窃盗,自転車盗,加古川,野添,283827,兵庫県,播磨町,北野添２丁目,2023[sanitize]07[sanitize]24,10,その他,駐車（輪）場,10歳代,その他,施錠した
窃盗,自転車盗,加古川,野添,283827,兵庫県,播磨町,北野添２丁目,2023[sanitize]08[sanitize]22,05,道路上,その他,20歳代,その他,施錠した
窃盗,自転車盗,加古川,野添,283827,兵庫県,播磨町,北野添２丁目,2023[sanitize]08[sanitize]25,09,道路上,その他,10歳代,大学生,施錠せず
窃盗,自転車盗,加古川,野添,283827,兵庫県,播磨町,北野添２丁目,2023[sanitize]09[sanitize]01,18,その他,その他,30歳代,その他,施錠せず
窃盗,自転車盗,加古川,野添,283827,兵庫県,播磨町,北野添２丁目,2023[sanitize]09[sanitize]14,07,その他,駐車（輪）場,10歳代,その他,施錠せず
窃盗,自転車盗,加古川,野添,283827,兵庫県,播磨町,北野添２丁目,2023[sanitize]09[sanitize]15,07,その他,駐車（輪）場,10歳代,高校生,施錠した
窃盗,自転車盗,加古川,野添,283827,兵庫県,播磨町,北野添２丁目,2023[sanitize]09[sanitize]23,05,その他,駐車（輪）場,10歳代,高校生,施錠した
窃盗,自転車盗,加古川,野添,283827,兵庫県,播磨町,西野添４丁目,2023[sanitize]12[sanitize]25,01,一戸建住宅,駐車（輪）場,20歳代,その他,施錠せず
窃盗,自転車盗,加古川,野添,283827,兵庫県,播磨町,西野添５丁目,2023[sanitize]01[sanitize]19,09,その他の住宅（３階建て以下共同住宅等）,駐車（輪）場,10歳代,高校生,施錠せず
窃盗,自転車盗,加古川,野添,283827,兵庫県,播磨町,東野添２丁目,2023[sanitize]02[sanitize]28,16,一戸建住宅,その他,50歳代,その他,施錠せず
窃盗,自転車盗,加古川,野添,283827,兵庫県,播磨町,東野添２丁目,2023[sanitize]07[sanitize]04,19,その他の住宅（３階建て以下共同住宅等）,駐車（輪）場,50歳代,その他,施錠せず
窃盗,自転車盗,加古川,野添,283827,兵庫県,播磨町,南野添３丁目,2023[sanitize]03[sanitize]04,19,その他,駐車（輪）場,50歳代,その他,施錠した
窃盗,自転車盗,加古川,野添,283827,兵庫県,播磨町,南野添３丁目,2023[sanitize]06[sanitize]07,17,その他,駐車（輪）場,10歳未満,小学生,施錠せず
窃盗,自転車盗,加古川,鳩里,282103,兵庫県,加古川市,加古川町粟津,2023[sanitize]03[sanitize]12,12,４階建て以上共同住宅,駐車（輪）場,50歳代,その他,施錠した
窃盗,自転車盗,加古川,鳩里,282103,兵庫県,加古川市,加古川町粟津,2023[sanitize]07[sanitize]15,18,一戸建住宅,駐車（輪）場,10歳代,中学生,施錠せず
窃盗,自転車盗,加古川,鳩里,282103,兵庫県,加古川市,加古川町粟津,2023[sanitize]07[sanitize]15,18,一戸建住宅,駐車（輪）場,10歳代,高校生,施錠せず
窃盗,自転車盗,加古川,鳩里,282103,兵庫県,加古川市,加古川町粟津,2023[sanitize]08[sanitize]10,16,その他,駐車（輪）場,50歳代,その他,施錠せず
窃盗,自転車盗,加古川,鳩里,282103,兵庫県,加古川市,加古川町粟津,2023[sanitize]09[sanitize]05,13,その他,駐車（輪）場,20歳代,大学生,施錠した
窃盗,自転車盗,加古川,鳩里,282103,兵庫県,加古川市,加古川町粟津,2023[sanitize]09[sanitize]13,07,一戸建住宅,駐車（輪）場,10歳代,中学生,施錠せず
窃盗,自転車盗,加古川,鳩里,282103,兵庫県,加古川市,加古川町粟津,2023[sanitize]12[sanitize]16,18,その他の住宅（３階建て以下共同住宅等）,駐車（輪）場,20歳代,その他,施錠せず
窃盗,自転車盗,加古川,鳩里,282103,兵庫県,加古川市,加古川町稲屋,2023[sanitize]02[sanitize]28,12,一戸建住宅,駐車（輪）場,20歳代,大学生,施錠せず
窃盗,自転車盗,加古川,鳩里,282103,兵庫県,加古川市,加古川町稲屋,2023[sanitize]04[sanitize]04,12,その他の住宅（３階建て以下共同住宅等）,駐車（輪）場,20歳代,その他,施錠した
窃盗,自転車盗,加古川,鳩里,282103,兵庫県,加古川市,加古川町北在家,2023[sanitize]07[sanitize]26,19,その他,駐車（輪）場,20歳代,その他,施錠せず
窃盗,自転車盗,加古川,鳩里,282103,兵庫県,加古川市,加古川町北在家,2023[sanitize]08[sanitize]21,17,その他,駐車（輪）場,10歳代,大学生,施錠せず
窃盗,自転車盗,加古川,鳩里,282103,兵庫県,加古川市,加古川町北在家,2023[sanitize]10[sanitize]02,13,その他,駐車（輪）場,20歳代,その他,施錠せず
窃盗,自転車盗,加古川,鳩里,282103,兵庫県,加古川市,加古川町友沢,2023[sanitize]12[sanitize]10,11,その他,駐車（輪）場,10歳代,高校生,施錠せず
窃盗,自転車盗,加古川,鳩里,282103,兵庫県,加古川市,加古川町友沢,2023[sanitize]12[sanitize]29,10,その他,駐車（輪）場,10歳代,高校生,施錠せず
窃盗,自転車盗,加古川,鳩里,282103,兵庫県,加古川市,加古川町備後,2023[sanitize]08[sanitize]31,17,４階建て以上共同住宅,駐車（輪）場,30歳代,その他,施錠した
窃盗,自転車盗,加古川,鳩里,282103,兵庫県,加古川市,加古川町南備後,2023[sanitize]12[sanitize]02,17,一戸建住宅,駐車（輪）場,30歳代,その他,施錠せず
窃盗,自転車盗,高砂,伊保,282162,兵庫県,高砂市,,2023[sanitize]02[sanitize]06,19,その他の住宅（３階建て以下共同住宅等）,駐車（輪）場,30歳代,その他,施錠した
窃盗,自転車盗,高砂,伊保,282162,兵庫県,高砂市,伊保１丁目,2023[sanitize]12[sanitize]12,16,一戸建住宅,駐車（輪）場,10歳未満,小学生,施錠せず
窃盗,自転車盗,高砂,伊保,282162,兵庫県,高砂市,伊保東１丁目,2023[sanitize]07[sanitize]18,18,一戸建住宅,その他,40歳代,その他,施錠せず
窃盗,自転車盗,高砂,伊保,282162,兵庫県,高砂市,伊保港町１丁目,2023[sanitize]07[sanitize]29,07,その他,駐車（輪）場,40歳代,その他,施錠した
窃盗,自転車盗,高砂,伊保,282162,兵庫県,高砂市,伊保港町１丁目,2023[sanitize]09[sanitize]21,11,その他,駐車（輪）場,10歳代,高校生,施錠せず
窃盗,自転車盗,高砂,伊保,282162,兵庫県,高砂市,伊保港町１丁目,2023[sanitize]09[sanitize]23,15,その他,駐車（輪）場,10歳代,高校生,施錠せず
窃盗,自転車盗,高砂,伊保,282162,兵庫県,高砂市,伊保港町１丁目,2023[sanitize]10[sanitize]04,15,その他,駐車（輪）場,10歳代,高校生,施錠した
窃盗,自転車盗,高砂,伊保,282162,兵庫県,高砂市,伊保港町１丁目,2023[sanitize]12[sanitize]22,07,その他,駐車（輪）場,10歳代,高校生,施錠せず
窃盗,自転車盗,高砂,伊保,282162,兵庫県,高砂市,竜山１丁目,2023[sanitize]03[sanitize]04,17,４階建て以上共同住宅,駐車（輪）場,50歳代,その他,施錠した
窃盗,自転車盗,高砂,伊保,282162,兵庫県,高砂市,中筋５丁目,2023[sanitize]01[sanitize]29,17,一戸建住宅,その他,10歳代,高校生,施錠せず
窃盗,自転車盗,高砂,伊保,282162,兵庫県,高砂市,梅井１丁目,2023[sanitize]11[sanitize]28,19,一戸建住宅,その他,60[sanitize]64歳,その他,施錠せず
窃盗,自転車盗,高砂,伊保,282162,兵庫県,高砂市,梅井１丁目,2023[sanitize]12[sanitize]05,12,一戸建住宅,駐車（輪）場,20歳代,大学生,施錠せず
窃盗,自転車盗,高砂,伊保,282162,兵庫県,高砂市,梅井２丁目,2023[sanitize]03[sanitize]27,09,一戸建住宅,その他,10歳代,その他,施錠せず
窃盗,自転車盗,高砂,北浜,282162,兵庫県,高砂市,北浜町北脇,2023[sanitize]02[sanitize]20,23,駐車（輪）場,駐車（輪）場,10歳代,小学生,施錠せず
窃盗,自転車盗,高砂,北浜,282162,兵庫県,高砂市,北浜町西浜,2023[sanitize]06[sanitize]28,22,その他,駐車（輪）場,10歳代,高校生,施錠せず
窃盗,自転車盗,高砂,北浜,282162,兵庫県,高砂市,北浜町西浜,2023[sanitize]07[sanitize]02,14,その他,駐車（輪）場,65[sanitize]69歳,その他,施錠せず
窃盗,自転車盗,高砂,曽根,282162,兵庫県,高砂市,春日野町,2023[sanitize]07[sanitize]20,19,その他,駐車（輪）場,10歳代,高校生,施錠せず
窃盗,自転車盗,高砂,曽根,282162,兵庫県,高砂市,春日野町,2023[sanitize]08[sanitize]24,09,その他,駐車（輪）場,40歳代,その他,施錠した
窃盗,自転車盗,高砂,曽根,282162,兵庫県,高砂市,春日野町,2023[sanitize]09[sanitize]03,19,その他,駐車（輪）場,10歳代,高校生,施錠せず
窃盗,自転車盗,高砂,曽根,282162,兵庫県,高砂市,時光寺町,2023[sanitize]02[sanitize]11,07,駐車（輪）場,駐車（輪）場,20歳代,その他,施錠せず
窃盗,自転車盗,高砂,曽根,282162,兵庫県,高砂市,時光寺町,2023[sanitize]03[sanitize]31,12,駐車（輪）場,駐車（輪）場,10歳代,その他,施錠せず
窃盗,自転車盗,高砂,曽根,282162,兵庫県,高砂市,時光寺町,2023[sanitize]07[sanitize]27,07,その他,駐車（輪）場,10歳代,高校生,施錠せず
窃盗,自転車盗,高砂,曽根,282162,兵庫県,高砂市,時光寺町,2023[sanitize]08[sanitize]03,19,その他の住宅（３階建て以下共同住宅等）,駐車（輪）場,10歳代,中学生,施錠せず
窃盗,自転車盗,高砂,曽根,282162,兵庫県,高砂市,時光寺町,2023[sanitize]10[sanitize]08,08,その他,駐車（輪）場,10歳代,中学生,施錠した
窃盗,自転車盗,高砂,曽根,282162,兵庫県,高砂市,曽根町,2022[sanitize]11[sanitize]23,17,一戸建住宅,駐車（輪）場,50歳代,その他,施錠せず
窃盗,自転車盗,高砂,曽根,282162,兵庫県,高砂市,曽根町,2023[sanitize]04[sanitize]06,07,その他,駐車（輪）場,20歳代,その他,施錠した
窃盗,自転車盗,高砂,曽根,282162,兵庫県,高砂市,曽根町,2023[sanitize]04[sanitize]20,07,その他,駐車（輪）場,10歳代,大学生,施錠せず
窃盗,自転車盗,高砂,曽根,282162,兵庫県,高砂市,曽根町,2023[sanitize]04[sanitize]21,07,一戸建住宅,その他,40歳代,その他,施錠せず
窃盗,自転車盗,高砂,曽根,282162,兵庫県,高砂市,曽根町,2023[sanitize]04[sanitize]29,20,その他,駐車（輪）場,10歳代,大学生,施錠せず
窃盗,自転車盗,高砂,曽根,282162,兵庫県,高砂市,曽根町,2023[sanitize]06[sanitize]11,08,その他,駐車（輪）場,10歳代,中学生,施錠せず
窃盗,自転車盗,高砂,曽根,282162,兵庫県,高砂市,曽根町,2023[sanitize]09[sanitize]15,16,その他,駐車（輪）場,10歳代,高校生,施錠せず
窃盗,自転車盗,高砂,曽根,282162,兵庫県,高砂市,曽根町,2023[sanitize]09[sanitize]20,06,その他,駐車（輪）場,30歳代,その他,施錠せず
窃盗,自転車盗,高砂,曽根,282162,兵庫県,高砂市,曽根町,2023[sanitize]09[sanitize]23,10,一戸建住宅,駐車（輪）場,70歳以上,その他,施錠せず
窃盗,自転車盗,高砂,曽根,282162,兵庫県,高砂市,曽根町,2023[sanitize]10[sanitize]14,15,その他,その他,10歳代,小学生,施錠した
窃盗,自転車盗,高砂,曽根,282162,兵庫県,高砂市,曽根町,2023[sanitize]10[sanitize]15,18,その他の住宅（３階建て以下共同住宅等）,駐車（輪）場,10歳代,中学生,施錠せず
窃盗,自転車盗,高砂,曽根,282162,兵庫県,高砂市,曽根町,2023[sanitize]11[sanitize]23,09,その他,駐車（輪）場,10歳代,高校生,施錠せず
窃盗,自転車盗,高砂,曽根,282162,兵庫県,高砂市,曽根町,不明,不明,その他,駐車（輪）場,10歳代,その他,施錠した
窃盗,自転車盗,高砂,曽根,282162,兵庫県,高砂市,曽根町,不明,不明,その他の住宅（３階建て以下共同住宅等）,駐車（輪）場,30歳代,その他,施錠せず
窃盗,自転車盗,高砂,曽根,282162,兵庫県,高砂市,曽根町,不明,不明,駐車（輪）場,駐車（輪）場,10歳代,高校生,施錠せず
窃盗,自転車盗,高砂,曽根,282162,兵庫県,高砂市,中筋２丁目,2023[sanitize]06[sanitize]12,22,一戸建住宅,駐車（輪）場,40歳代,その他,施錠せず
窃盗,自転車盗,高砂,米田,282162,兵庫県,高砂市,中島２丁目,2023[sanitize]12[sanitize]22,19,その他,駐車（輪）場,10歳代,高校生,施錠せず
窃盗,自転車盗,高砂,米田,282162,兵庫県,高砂市,中島３丁目,2023[sanitize]08[sanitize]11,08,一戸建住宅,駐車（輪）場,20歳代,大学生,施錠せず
窃盗,自転車盗,高砂,米田,282162,兵庫県,高砂市,中島３丁目,2023[sanitize]12[sanitize]15,22,その他の住宅（３階建て以下共同住宅等）,駐車（輪）場,30歳代,その他,施錠せず
窃盗,自転車盗,高砂,米田,282162,兵庫県,高砂市,米田町神爪,2023[sanitize]06[sanitize]04,15,その他,駐車（輪）場,10歳代,高校生,施錠せず
窃盗,自転車盗,高砂,米田,282162,兵庫県,高砂市,米田町塩市,2023[sanitize]05[sanitize]12,21,一戸建住宅,駐車（輪）場,10歳代,中学生,施錠せず
窃盗,自転車盗,高砂,米田,282162,兵庫県,高砂市,米田町塩市,2023[sanitize]09[sanitize]15,20,一戸建住宅,その他,10歳代,中学生,施錠せず
窃盗,自転車盗,高砂,米田,282162,兵庫県,高砂市,米田町島,2023[sanitize]07[sanitize]03,13,その他,駐車（輪）場,20歳代,その他,施錠せず
窃盗,自転車盗,高砂,米田,282162,兵庫県,高砂市,米田町島,2023[sanitize]07[sanitize]04,20,一戸建住宅,その他,10歳代,高校生,施錠せず
窃盗,自転車盗,高砂,米田,282162,兵庫県,高砂市,米田町島,2023[sanitize]08[sanitize]27,08,その他,駐車（輪）場,10歳代,高校生,施錠せず
窃盗,自転車盗,高砂,米田,282162,兵庫県,高砂市,米田町米田,2022[sanitize]12[sanitize]07,20,駐車（輪）場,駐車（輪）場,50歳代,その他,施錠した
窃盗,自転車盗,高砂,米田,282162,兵庫県,高砂市,米田町米田,2023[sanitize]02[sanitize]15,19,その他の住宅（３階建て以下共同住宅等）,その他,30歳代,その他,施錠せず
窃盗,自転車盗,高砂,米田,282162,兵庫県,高砂市,米田町米田,2023[sanitize]09[sanitize]17,21,一戸建住宅,その他,10歳代,中学生,施錠せず
窃盗,自転車盗,高砂,米田,282162,兵庫県,高砂市,米田町米田,2023[sanitize]11[sanitize]17,23,一戸建住宅,駐車（輪）場,10歳代,中学生,施錠せず
窃盗,自転車盗,高砂,米田,282162,兵庫県,高砂市,米田町米田,2023[sanitize]11[sanitize]18,21,その他の住宅（３階建て以下共同住宅等）,駐車（輪）場,30歳代,その他,施錠せず
窃盗,自転車盗,高砂,米田,282162,兵庫県,高砂市,米田町米田,2023[sanitize]11[sanitize]23,20,その他,その他,20歳代,その他,施錠せず
窃盗,自転車盗,高砂,米田,282162,兵庫県,高砂市,米田団地,2023[sanitize]03[sanitize]13,20,４階建て以上共同住宅,駐車（輪）場,20歳代,大学生,施錠せず
窃盗,自転車盗,高砂,荒井,282162,兵庫県,高砂市,荒井町扇町,2023[sanitize]07[sanitize]31,19,その他の住宅（３階建て以下共同住宅等）,駐車（輪）場,10歳代,小学生,施錠せず
窃盗,自転車盗,高砂,荒井,282162,兵庫県,高砂市,荒井町扇町,2023[sanitize]08[sanitize]13,07,その他,駐車（輪）場,30歳代,その他,施錠した
窃盗,自転車盗,高砂,荒井,282162,兵庫県,高砂市,荒井町扇町,2023[sanitize]10[sanitize]25,07,その他,駐車（輪）場,10歳代,高校生,施錠せず
窃盗,自転車盗,高砂,荒井,282162,兵庫県,高砂市,荒井町小松原１丁目,2023[sanitize]06[sanitize]08,17,その他の住宅（３階建て以下共同住宅等）,駐車（輪）場,20歳代,その他,施錠せず
窃盗,自転車盗,高砂,荒井,282162,兵庫県,高砂市,荒井町小松原３丁目,2023[sanitize]03[sanitize]11,07,その他,駐車（輪）場,60[sanitize]64歳,その他,施錠せず
窃盗,自転車盗,高砂,荒井,282162,兵庫県,高砂市,荒井町小松原５丁目,2023[sanitize]12[sanitize]05,12,一戸建住宅,駐車（輪）場,10歳代,高校生,施錠せず
窃盗,自転車盗,高砂,荒井,282162,兵庫県,高砂市,荒井町新浜２丁目,2023[sanitize]02[sanitize]01,08,その他,駐車（輪）場,40歳代,その他,施錠せず
窃盗,自転車盗,高砂,荒井,282162,兵庫県,高砂市,荒井町新浜２丁目,2023[sanitize]11[sanitize]24,08,その他,駐車（輪）場,40歳代,その他,施錠せず
窃盗,自転車盗,高砂,荒井,282162,兵庫県,高砂市,荒井町中新町,2022[sanitize]12[sanitize]28,08,一戸建住宅,駐車（輪）場,40歳代,その他,施錠した
窃盗,自転車盗,高砂,荒井,282162,兵庫県,高砂市,荒井町中新町,2023[sanitize]07[sanitize]21,20,その他の住宅（３階建て以下共同住宅等）,駐車（輪）場,30歳代,その他,施錠せず
窃盗,自転車盗,高砂,荒井,282162,兵庫県,高砂市,荒井町東本町,2023[sanitize]03[sanitize]03,14,駐車（輪）場,駐車（輪）場,70歳以上,その他,施錠した
窃盗,自転車盗,高砂,荒井,282162,兵庫県,高砂市,荒井町日之出町,2023[sanitize]04[sanitize]05,08,駐車（輪）場,駐車（輪）場,10歳代,大学生,施錠した
窃盗,自転車盗,高砂,荒井,282162,兵庫県,高砂市,荒井町日之出町,2023[sanitize]06[sanitize]14,06,駐車（輪）場,駐車（輪）場,20歳代,その他,施錠せず
窃盗,自転車盗,高砂,荒井,282162,兵庫県,高砂市,荒井町日之出町,2023[sanitize]08[sanitize]06,07,その他,駐車（輪）場,20歳代,その他,施錠せず
窃盗,自転車盗,高砂,荒井,282162,兵庫県,高砂市,荒井町南栄町,2023[sanitize]09[sanitize]22,20,その他の住宅（３階建て以下共同住宅等）,駐車（輪）場,60[sanitize]64歳,その他,施錠せず
窃盗,自転車盗,高砂,荒井,282162,兵庫県,高砂市,荒井町若宮町,2023[sanitize]12[sanitize]12,13,道路上,その他,70歳以上,その他,施錠せず
窃盗,自転車盗,高砂,荒井,282162,兵庫県,高砂市,緑丘２丁目,2023[sanitize]06[sanitize]11,14,その他,駐車（輪）場,10歳代,中学生,施錠せず
窃盗,自転車盗,高砂,荒井,282162,兵庫県,高砂市,緑丘２丁目,2023[sanitize]08[sanitize]28,12,その他,駐車（輪）場,60[sanitize]64歳,その他,施錠した
窃盗,自転車盗,高砂,荒井,282162,兵庫県,高砂市,緑丘２丁目,2023[sanitize]12[sanitize]02,17,その他,駐車（輪）場,10歳代,中学生,施錠せず
窃盗,自転車盗,高砂,阿弥陀,282162,兵庫県,高砂市,阿弥陀１丁目,2023[sanitize]01[sanitize]24,11,駐車（輪）場,駐車（輪）場,20歳代,大学生,施錠せず
窃盗,自転車盗,高砂,阿弥陀,282162,兵庫県,高砂市,阿弥陀１丁目,2023[sanitize]03[sanitize]11,08,その他,駐車（輪）場,20歳代,その他,施錠せず
窃盗,自転車盗,高砂,阿弥陀,282162,兵庫県,高砂市,阿弥陀１丁目,2023[sanitize]04[sanitize]18,00,その他,駐車（輪）場,20歳代,その他,施錠した
窃盗,自転車盗,高砂,阿弥陀,282162,兵庫県,高砂市,阿弥陀１丁目,2023[sanitize]06[sanitize]25,16,その他,駐車（輪）場,20歳代,その他,施錠せず
窃盗,自転車盗,高砂,阿弥陀,282162,兵庫県,高砂市,阿弥陀１丁目,2023[sanitize]07[sanitize]06,08,その他,駐車（輪）場,10歳代,その他,施錠せず
窃盗,自転車盗,高砂,阿弥陀,282162,兵庫県,高砂市,阿弥陀１丁目,2023[sanitize]07[sanitize]28,06,その他,駐車（輪）場,10歳代,高校生,施錠せず
窃盗,自転車盗,高砂,阿弥陀,282162,兵庫県,高砂市,阿弥陀１丁目,2023[sanitize]10[sanitize]02,08,その他,駐車（輪）場,10歳代,その他,施錠した
窃盗,自転車盗,高砂,阿弥陀,282162,兵庫県,高砂市,阿弥陀１丁目,2023[sanitize]10[sanitize]14,14,その他,駐車（輪）場,50歳代,その他,施錠せず
窃盗,自転車盗,高砂,阿弥陀,282162,兵庫県,高砂市,阿弥陀町阿弥陀,2023[sanitize]04[sanitize]05,11,その他の住宅（３階建て以下共同住宅等）,駐車（輪）場,20歳代,その他,施錠せず
窃盗,自転車盗,高砂,阿弥陀,282162,兵庫県,高砂市,阿弥陀町阿弥陀,2023[sanitize]06[sanitize]16,18,その他,駐車（輪）場,10歳代,その他,施錠せず
窃盗,自転車盗,高砂,阿弥陀,282162,兵庫県,高砂市,阿弥陀町魚橋,2023[sanitize]10[sanitize]16,20,駐車（輪）場,駐車（輪）場,50歳代,その他,施錠した
窃盗,自転車盗,高砂,阿弥陀,282162,兵庫県,高砂市,阿弥陀町生石,2023[sanitize]02[sanitize]12,08,その他,駐車（輪）場,70歳以上,その他,施錠せず
窃盗,自転車盗,高砂,阿弥陀,282162,兵庫県,高砂市,阿弥陀町生石,2023[sanitize]11[sanitize]19,08,一戸建住宅,駐車（輪）場,30歳代,その他,施錠せず
窃盗,自転車盗,高砂,阿弥陀,282162,兵庫県,高砂市,阿弥陀町生石,2023[sanitize]12[sanitize]20,15,一戸建住宅,駐車（輪）場,10歳代,高校生,施錠せず
窃盗,自転車盗,高砂,阿弥陀,282162,兵庫県,高砂市,金ケ田町,2023[sanitize]06[sanitize]30,20,一戸建住宅,その他,40歳代,その他,施錠せず
窃盗,自転車盗,高砂,阿弥陀,282162,兵庫県,高砂市,神爪１丁目,2023[sanitize]01[sanitize]12,12,駐車（輪）場,駐車（輪）場,10歳代,高校生,施錠した
窃盗,自転車盗,高砂,阿弥陀,282162,兵庫県,高砂市,神爪１丁目,2023[sanitize]03[sanitize]14,05,駐車（輪）場,駐車（輪）場,20歳代,その他,施錠した
窃盗,自転車盗,高砂,阿弥陀,282162,兵庫県,高砂市,神爪１丁目,2023[sanitize]04[sanitize]22,08,その他,駐車（輪）場,50歳代,その他,施錠した
窃盗,自転車盗,高砂,阿弥陀,282162,兵庫県,高砂市,神爪１丁目,2023[sanitize]04[sanitize]23,00,その他の住宅（３階建て以下共同住宅等）,駐車（輪）場,20歳代,その他,施錠せず
窃盗,自転車盗,高砂,阿弥陀,282162,兵庫県,高砂市,神爪１丁目,2023[sanitize]06[sanitize]15,08,その他,駐車（輪）場,10歳代,その他,施錠した
窃盗,自転車盗,高砂,阿弥陀,282162,兵庫県,高砂市,神爪１丁目,2023[sanitize]06[sanitize]16,22,道路上,その他,10歳代,高校生,施錠した
窃盗,自転車盗,高砂,阿弥陀,282162,兵庫県,高砂市,神爪１丁目,2023[sanitize]07[sanitize]20,07,その他,駐車（輪）場,10歳代,高校生,施錠せず
窃盗,自転車盗,高砂,阿弥陀,282162,兵庫県,高砂市,神爪１丁目,2023[sanitize]10[sanitize]02,11,その他,駐車（輪）場,20歳代,その他,施錠した
窃盗,自転車盗,高砂,阿弥陀,282162,兵庫県,高砂市,神爪１丁目,2023[sanitize]11[sanitize]19,10,その他,駐車（輪）場,10歳代,高校生,施錠せず
窃盗,自転車盗,高砂,阿弥陀,282162,兵庫県,高砂市,神爪２丁目,2023[sanitize]09[sanitize]13,06,一戸建住宅,その他,20歳代,その他,施錠した
窃盗,自転車盗,高砂,高砂駅前,282162,兵庫県,高砂市,高砂町朝日町３丁目,2023[sanitize]02[sanitize]23,06,その他,駐車（輪）場,10歳代,その他,施錠した
窃盗,自転車盗,高砂,高砂駅前,282162,兵庫県,高砂市,高砂町朝日町３丁目,2023[sanitize]04[sanitize]08,05,その他,駐車（輪）場,10歳代,その他,施錠した
窃盗,自転車盗,高砂,高砂駅前,282162,兵庫県,高砂市,高砂町朝日町３丁目,2023[sanitize]04[sanitize]11,07,駐車（輪）場,駐車（輪）場,10歳代,大学生,施錠した
窃盗,自転車盗,高砂,高砂駅前,282162,兵庫県,高砂市,高砂町朝日町３丁目,2023[sanitize]08[sanitize]12,10,その他,駐車（輪）場,10歳代,高校生,施錠せず
窃盗,自転車盗,高砂,高砂駅前,282162,兵庫県,高砂市,高砂町朝日町３丁目,2023[sanitize]08[sanitize]28,18,その他,駐車（輪）場,20歳代,その他,施錠せず
窃盗,自転車盗,高砂,高砂駅前,282162,兵庫県,高砂市,高砂町朝日町３丁目,2023[sanitize]10[sanitize]13,17,その他,駐車（輪）場,20歳代,その他,施錠せず
窃盗,自転車盗,高砂,高砂駅前,282162,兵庫県,高砂市,高砂町朝日町３丁目,2023[sanitize]10[sanitize]20,17,その他,駐車（輪）場,40歳代,その他,施錠せず
窃盗,自転車盗,高砂,高砂駅前,282162,兵庫県,高砂市,高砂町朝日町３丁目,2023[sanitize]10[sanitize]24,20,その他,駐車（輪）場,10歳代,中学生,施錠した
窃盗,自転車盗,高砂,高砂駅前,282162,兵庫県,高砂市,高砂町朝日町３丁目,2023[sanitize]11[sanitize]21,06,その他,駐車（輪）場,30歳代,その他,施錠した
窃盗,自転車盗,高砂,高砂駅前,282162,兵庫県,高砂市,高砂町朝日町３丁目,2023[sanitize]12[sanitize]06,20,その他,駐車（輪）場,20歳代,その他,施錠せず
窃盗,自転車盗,高砂,高砂駅前,282162,兵庫県,高砂市,高砂町浜田町１丁目,2023[sanitize]11[sanitize]01,18,その他の住宅（３階建て以下共同住宅等）,駐車（輪）場,20歳代,その他,施錠せず
窃盗,自転車盗,高砂,高砂駅前,282162,兵庫県,高砂市,高砂町東宮町,2023[sanitize]08[sanitize]12,20,一戸建住宅,その他,20歳代,その他,施錠せず
窃盗,自転車盗,高砂,高砂駅前,282162,兵庫県,高砂市,高砂町東宮町,2023[sanitize]10[sanitize]10,16,道路上,その他,30歳代,その他,施錠せず
窃盗,自転車盗,高砂,高砂駅前,282162,兵庫県,高砂市,高砂町東宮町,2023[sanitize]10[sanitize]10,17,道路上,その他,10歳代,中学生,施錠せず
窃盗,自転車盗,高砂,高砂駅前,282162,兵庫県,高砂市,西畑３丁目,2023[sanitize]02[sanitize]18,19,駐車（輪）場,駐車（輪）場,40歳代,その他,施錠せず
窃盗,自転車盗,姫路,京口,282014,兵庫県,姫路市,京口町,2023[sanitize]01[sanitize]24,13,その他,駐車（輪）場,10歳代,高校生,施錠せず
窃盗,自転車盗,姫路,京口,282014,兵庫県,姫路市,京口町,2023[sanitize]02[sanitize]06,15,その他,駐車（輪）場,10歳代,高校生,施錠せず
窃盗,自転車盗,姫路,京口,282014,兵庫県,姫路市,京口町,2023[sanitize]03[sanitize]23,12,その他,駐車（輪）場,10歳代,高校生,施錠せず
窃盗,自転車盗,姫路,京口,282014,兵庫県,姫路市,京口町,2023[sanitize]05[sanitize]05,07,その他,駐車（輪）場,10歳代,高校生,施錠せず
窃盗,自転車盗,姫路,京口,282014,兵庫県,姫路市,京口町,2023[sanitize]05[sanitize]19,07,その他,駐車（輪）場,10歳代,高校生,施錠せず
窃盗,自転車盗,姫路,京口,282014,兵庫県,姫路市,京口町,2023[sanitize]06[sanitize]19,09,その他,駐車（輪）場,20歳代,大学生,施錠した
窃盗,自転車盗,姫路,京口,282014,兵庫県,姫路市,京口町,2023[sanitize]07[sanitize]23,18,４階建て以上共同住宅,駐車（輪）場,20歳代,その他,施錠せず
窃盗,自転車盗,姫路,京口,282014,兵庫県,姫路市,京口町,2023[sanitize]10[sanitize]22,08,その他,駐車（輪）場,10歳代,中学生,施錠した
窃盗,自転車盗,姫路,京口,282014,兵庫県,姫路市,京口町,2023[sanitize]11[sanitize]22,18,その他,駐車（輪）場,10歳代,高校生,施錠した
窃盗,自転車盗,姫路,京口,282014,兵庫県,姫路市,五軒邸４丁目,2023[sanitize]04[sanitize]26,18,４階建て以上共同住宅,駐車（輪）場,60[sanitize]64歳,その他,施錠せず
窃盗,自転車盗,姫路,京口,282014,兵庫県,姫路市,下寺町,2023[sanitize]01[sanitize]14,12,４階建て以上共同住宅,駐車（輪）場,10歳代,その他,施錠せず
窃盗,自転車盗,姫路,京口,282014,兵庫県,姫路市,城東町,2023[sanitize]07[sanitize]10,00,その他,駐車（輪）場,20歳代,その他,施錠せず
窃盗,自転車盗,姫路,京口,282014,兵庫県,姫路市,城東町,2023[sanitize]09[sanitize]10,17,その他,駐車（輪）場,10歳代,高校生,施錠せず
窃盗,自転車盗,姫路,京口,282014,兵庫県,姫路市,城東町清水,2023[sanitize]12[sanitize]06,18,４階建て以上共同住宅,駐車（輪）場,20歳代,大学生,施錠せず
窃盗,自転車盗,姫路,京口,282014,兵庫県,姫路市,城東町竹之門,2023[sanitize]09[sanitize]17,16,その他,駐車（輪）場,20歳代,その他,施錠せず
窃盗,自転車盗,姫路,京口,282014,兵庫県,姫路市,睦町,2023[sanitize]11[sanitize]11,15,４階建て以上共同住宅,駐車（輪）場,70歳以上,その他,施錠した
窃盗,自転車盗,姫路,仁豊野,282014,兵庫県,姫路市,砥堀,2023[sanitize]02[sanitize]20,07,一戸建住宅,駐車（輪）場,10歳代,中学生,施錠せず
窃盗,自転車盗,姫路,仁豊野,282014,兵庫県,姫路市,砥堀,2023[sanitize]02[sanitize]22,07,その他,駐車（輪）場,10歳代,高校生,施錠せず
窃盗,自転車盗,姫路,仁豊野,282014,兵庫県,姫路市,砥堀,2023[sanitize]02[sanitize]26,07,その他,駐車（輪）場,10歳代,高校生,施錠せず
窃盗,自転車盗,姫路,仁豊野,282014,兵庫県,姫路市,砥堀,2023[sanitize]03[sanitize]05,07,その他,駐車（輪）場,10歳代,中学生,施錠した
窃盗,自転車盗,姫路,仁豊野,282014,兵庫県,姫路市,砥堀,2023[sanitize]03[sanitize]15,13,その他,駐車（輪）場,10歳代,大学生,施錠せず
窃盗,自転車盗,姫路,仁豊野,282014,兵庫県,姫路市,砥堀,2023[sanitize]05[sanitize]01,01,一戸建住宅,駐車（輪）場,20歳代,その他,施錠せず
窃盗,自転車盗,姫路,仁豊野,282014,兵庫県,姫路市,砥堀,2023[sanitize]07[sanitize]27,06,その他,駐車（輪）場,20歳代,大学生,施錠せず
窃盗,自転車盗,姫路,仁豊野,282014,兵庫県,姫路市,砥堀,2023[sanitize]07[sanitize]30,10,その他,駐車（輪）場,20歳代,その他,施錠せず
窃盗,自転車盗,姫路,仁豊野,282014,兵庫県,姫路市,砥堀,2023[sanitize]09[sanitize]28,07,その他,駐車（輪）場,10歳代,高校生,施錠せず
窃盗,自転車盗,姫路,仁豊野,282014,兵庫県,姫路市,仁豊野,2023[sanitize]10[sanitize]04,08,その他,駐車（輪）場,10歳代,高校生,施錠せず
窃盗,自転車盗,姫路,仁豊野,282014,兵庫県,姫路市,仁豊野,2023[sanitize]12[sanitize]02,14,その他,駐車（輪）場,10歳代,高校生,施錠した
窃盗,自転車盗,姫路,八代,282014,兵庫県,姫路市,北八代２丁目,2023[sanitize]02[sanitize]06,06,その他の住宅（３階建て以下共同住宅等）,駐車（輪）場,40歳代,その他,施錠せず
窃盗,自転車盗,姫路,八代,282014,兵庫県,姫路市,新在家中の町,2023[sanitize]06[sanitize]25,18,一戸建住宅,駐車（輪）場,40歳代,その他,施錠した
窃盗,自転車盗,姫路,八代,282014,兵庫県,姫路市,城北本町,2023[sanitize]04[sanitize]21,16,４階建て以上共同住宅,駐車（輪）場,10歳代,中学生,施錠せず
窃盗,自転車盗,姫路,八代,282014,兵庫県,姫路市,城北本町,2023[sanitize]09[sanitize]07,17,その他,駐車（輪）場,20歳代,大学生,施錠せず
窃盗,自転車盗,姫路,八代,282014,兵庫県,姫路市,上大野１丁目,2023[sanitize]07[sanitize]30,00,その他の住宅（３階建て以下共同住宅等）,駐車（輪）場,10歳代,大学生,施錠せず
窃盗,自転車盗,姫路,八代,282014,兵庫県,姫路市,上大野１丁目,2023[sanitize]08[sanitize]24,11,４階建て以上共同住宅,駐車（輪）場,20歳代,大学生,施錠せず
窃盗,自転車盗,姫路,八代,282014,兵庫県,姫路市,上大野１丁目,2023[sanitize]09[sanitize]02,12,その他の住宅（３階建て以下共同住宅等）,駐車（輪）場,20歳代,大学生,施錠せず
窃盗,自転車盗,姫路,八代,282014,兵庫県,姫路市,上大野１丁目,2023[sanitize]09[sanitize]06,20,その他の住宅（３階建て以下共同住宅等）,駐車（輪）場,20歳代,その他,施錠せず
窃盗,自転車盗,姫路,八代,282014,兵庫県,姫路市,上大野７丁目,2023[sanitize]11[sanitize]01,09,その他,駐車（輪）場,20歳代,大学生,施錠せず
窃盗,自転車盗,姫路,八代,282014,兵庫県,姫路市,北平野２丁目,2023[sanitize]04[sanitize]23,22,４階建て以上共同住宅,駐車（輪）場,10歳代,大学生,施錠せず
窃盗,自転車盗,姫路,八代,282014,兵庫県,姫路市,北平野２丁目,2023[sanitize]06[sanitize]05,19,その他,駐車（輪）場,50歳代,その他,施錠せず
窃盗,自転車盗,姫路,八代,282014,兵庫県,姫路市,北平野２丁目,2023[sanitize]07[sanitize]23,12,その他の住宅（３階建て以下共同住宅等）,駐車（輪）場,40歳代,その他,施錠した
窃盗,自転車盗,姫路,八代,282014,兵庫県,姫路市,北平野南の町,2023[sanitize]07[sanitize]02,16,その他の住宅（３階建て以下共同住宅等）,駐車（輪）場,10歳代,その他,施錠せず
窃盗,自転車盗,姫路,城南,282014,兵庫県,姫路市,忍町,2023[sanitize]04[sanitize]22,00,道路上,その他,10歳代,その他,施錠せず
窃盗,自転車盗,姫路,城南,282014,兵庫県,姫路市,忍町,2023[sanitize]06[sanitize]24,13,４階建て以上共同住宅,駐車（輪）場,10歳代,高校生,施錠せず
窃盗,自転車盗,姫路,城南,282014,兵庫県,姫路市,忍町,2023[sanitize]08[sanitize]24,13,４階建て以上共同住宅,駐車（輪）場,10歳代,高校生,施錠せず
窃盗,自転車盗,姫路,城南,282014,兵庫県,姫路市,忍町,2023[sanitize]10[sanitize]08,17,その他,その他,30歳代,その他,施錠せず
窃盗,自転車盗,姫路,城南,282014,兵庫県,姫路市,忍町,2023[sanitize]11[sanitize]28,21,４階建て以上共同住宅,駐車（輪）場,50歳代,その他,施錠した
窃盗,自転車盗,姫路,城南,282014,兵庫県,姫路市,地内町,2023[sanitize]06[sanitize]23,21,その他,駐車（輪）場,50歳代,その他,施錠せず
窃盗,自転車盗,姫路,城南,282014,兵庫県,姫路市,福沢町,2023[sanitize]03[sanitize]10,00,駐車（輪）場,駐車（輪）場,40歳代,その他,施錠せず
窃盗,自転車盗,姫路,城南,282014,兵庫県,姫路市,福沢町,2023[sanitize]07[sanitize]31,22,その他の住宅（３階建て以下共同住宅等）,駐車（輪）場,65[sanitize]69歳,その他,施錠せず
窃盗,自転車盗,姫路,城南,282014,兵庫県,姫路市,福中町,2023[sanitize]12[sanitize]01,00,その他,その他,60[sanitize]64歳,その他,施錠せず
窃盗,自転車盗,姫路,城南,282014,兵庫県,姫路市,魚町,2023[sanitize]06[sanitize]09,05,その他,駐車（輪）場,40歳代,その他,施錠せず
窃盗,自転車盗,姫路,城南,282014,兵庫県,姫路市,魚町,2023[sanitize]06[sanitize]24,22,道路上,その他,30歳代,その他,施錠した
窃盗,自転車盗,姫路,城南,282014,兵庫県,姫路市,塩町,2023[sanitize]02[sanitize]23,23,道路上,その他,60[sanitize]64歳,その他,施錠した
窃盗,自転車盗,姫路,城南,282014,兵庫県,姫路市,塩町,2023[sanitize]05[sanitize]12,19,道路上,その他,20歳代,その他,施錠せず
窃盗,自転車盗,姫路,城南,282014,兵庫県,姫路市,塩町,2023[sanitize]06[sanitize]27,18,道路上,その他,20歳代,その他,施錠せず
窃盗,自転車盗,姫路,城南,282014,兵庫県,姫路市,塩町,2023[sanitize]07[sanitize]06,20,道路上,その他,40歳代,その他,施錠した
窃盗,自転車盗,姫路,城南,282014,兵庫県,姫路市,塩町,2023[sanitize]07[sanitize]29,19,その他,その他,40歳代,その他,施錠せず
窃盗,自転車盗,姫路,城南,282014,兵庫県,姫路市,塩町,2023[sanitize]09[sanitize]12,15,道路上,その他,40歳代,その他,施錠せず
窃盗,自転車盗,姫路,城南,282014,兵庫県,姫路市,立町,2023[sanitize]09[sanitize]12,17,駐車（輪）場,駐車（輪）場,20歳代,大学生,施錠せず
窃盗,自転車盗,姫路,大手前,282014,兵庫県,姫路市,坂田町,2023[sanitize]06[sanitize]20,00,その他,駐車（輪）場,40歳代,その他,施錠せず
窃盗,自転車盗,姫路,大手前,282014,兵庫県,姫路市,坂田町,2023[sanitize]12[sanitize]06,02,４階建て以上共同住宅,駐車（輪）場,20歳代,その他,施錠せず
窃盗,自転車盗,姫路,大手前,282014,兵庫県,姫路市,総社本町,2023[sanitize]11[sanitize]15,12,道路上,その他,60[sanitize]64歳,その他,施錠した
窃盗,自転車盗,姫路,大手前,282014,兵庫県,姫路市,平野町,2023[sanitize]11[sanitize]04,18,一戸建住宅,駐車（輪）場,20歳代,大学生,施錠せず
窃盗,自転車盗,姫路,大手前,282014,兵庫県,姫路市,本町,2023[sanitize]01[sanitize]18,07,その他,駐車（輪）場,10歳代,高校生,施錠せず
窃盗,自転車盗,姫路,大手前,282014,兵庫県,姫路市,本町,2023[sanitize]06[sanitize]03,21,道路上,その他,20歳代,大学生,施錠せず
窃盗,自転車盗,姫路,大手前,282014,兵庫県,姫路市,本町,2023[sanitize]08[sanitize]30,17,その他,駐車（輪）場,20歳代,大学生,施錠せず
窃盗,自転車盗,姫路,大手前,282014,兵庫県,姫路市,本町,2023[sanitize]09[sanitize]01,15,その他,駐車（輪）場,法人・団体、被害者なし,法人・団体、被害者なし,施錠した
窃盗,自転車盗,姫路,大手前,282014,兵庫県,姫路市,本町,2023[sanitize]09[sanitize]12,12,その他,その他,10歳代,その他,施錠せず
窃盗,自転車盗,姫路,大手前,282014,兵庫県,姫路市,本町,2023[sanitize]12[sanitize]24,03,その他,その他,30歳代,その他,施錠せず
窃盗,自転車盗,姫路,大手前,282014,兵庫県,姫路市,元塩町,2023[sanitize]09[sanitize]06,20,４階建て以上共同住宅,その他,50歳代,その他,施錠せず
窃盗,自転車盗,姫路,大手前,282014,兵庫県,姫路市,元塩町,2023[sanitize]09[sanitize]10,09,駐車（輪）場,駐車（輪）場,50歳代,その他,施錠せず
窃盗,自転車盗,姫路,大手前,282014,兵庫県,姫路市,綿町,2023[sanitize]03[sanitize]31,02,道路上,その他,40歳代,その他,施錠せず
窃盗,自転車盗,姫路,大手前,282014,兵庫県,姫路市,綿町,2023[sanitize]05[sanitize]28,09,その他,その他,30歳代,その他,施錠せず
窃盗,自転車盗,姫路,大手前,282014,兵庫県,姫路市,綿町,2023[sanitize]07[sanitize]07,10,道路上,その他,10歳代,高校生,施錠せず
窃盗,自転車盗,姫路,大手前,282014,兵庫県,姫路市,綿町,2023[sanitize]07[sanitize]23,16,その他,駐車（輪）場,10歳代,中学生,施錠せず
窃盗,自転車盗,姫路,大手前,282014,兵庫県,姫路市,呉服町,2023[sanitize]08[sanitize]11,00,４階建て以上共同住宅,駐車（輪）場,20歳代,その他,施錠せず
窃盗,自転車盗,姫路,大手前,282014,兵庫県,姫路市,呉服町,2023[sanitize]11[sanitize]11,11,その他,駐車（輪）場,70歳以上,その他,施錠した
窃盗,自転車盗,姫路,大手前,282014,兵庫県,姫路市,紺屋町,2023[sanitize]06[sanitize]28,15,道路上,その他,20歳代,大学生,施錠した
窃盗,自転車盗,姫路,大手前,282014,兵庫県,姫路市,紺屋町,2023[sanitize]07[sanitize]15,00,４階建て以上共同住宅,駐車（輪）場,20歳代,その他,施錠せず
窃盗,自転車盗,姫路,大手前,282014,兵庫県,姫路市,白銀町,2023[sanitize]05[sanitize]31,11,道路上,その他,50歳代,その他,施錠した
窃盗,自転車盗,姫路,大手前,282014,兵庫県,姫路市,二階町,2023[sanitize]11[sanitize]05,20,その他の住宅（３階建て以下共同住宅等）,駐車（輪）場,10歳代,高校生,施錠せず
窃盗,自転車盗,姫路,大手前,282014,兵庫県,姫路市,二階町,2023[sanitize]11[sanitize]12,09,道路上,その他,60[sanitize]64歳,その他,施錠した
窃盗,自転車盗,姫路,天神前,282014,兵庫県,姫路市,市川台３丁目,2023[sanitize]04[sanitize]02,09,４階建て以上共同住宅,駐車（輪）場,70歳以上,その他,施錠した
窃盗,自転車盗,姫路,天神前,282014,兵庫県,姫路市,市之郷,2023[sanitize]03[sanitize]02,08,その他,駐車（輪）場,10歳代,高校生,施錠せず
窃盗,自転車盗,姫路,天神前,282014,兵庫県,姫路市,市之郷,2023[sanitize]05[sanitize]02,13,その他,駐車（輪）場,20歳代,その他,施錠せず
窃盗,自転車盗,姫路,天神前,282014,兵庫県,姫路市,市之郷,2023[sanitize]05[sanitize]30,17,駐車（輪）場,駐車（輪）場,20歳代,その他,施錠せず
窃盗,自転車盗,姫路,天神前,282014,兵庫県,姫路市,市之郷,2023[sanitize]10[sanitize]02,19,４階建て以上共同住宅,駐車（輪）場,20歳代,その他,施錠せず
窃盗,自転車盗,姫路,天神前,282014,兵庫県,姫路市,市之郷,2023[sanitize]11[sanitize]07,16,その他,駐車（輪）場,20歳代,その他,施錠せず
窃盗,自転車盗,姫路,天神前,282014,兵庫県,姫路市,市之郷,2023[sanitize]11[sanitize]22,18,その他,駐車（輪）場,30歳代,その他,施錠せず
窃盗,自転車盗,姫路,天神前,282014,兵庫県,姫路市,京町３丁目,2022[sanitize]11[sanitize]01,23,一戸建住宅,駐車（輪）場,40歳代,その他,施錠せず
窃盗,自転車盗,姫路,天神前,282014,兵庫県,姫路市,東郷町,2023[sanitize]01[sanitize]31,20,その他,駐車（輪）場,30歳代,その他,施錠せず
窃盗,自転車盗,姫路,天神前,282014,兵庫県,姫路市,東郷町,2023[sanitize]08[sanitize]02,19,その他,その他,10歳代,中学生,施錠せず
窃盗,自転車盗,姫路,天神前,282014,兵庫県,姫路市,東郷町,2023[sanitize]08[sanitize]02,19,その他,駐車（輪）場,20歳代,その他,施錠した
窃盗,自転車盗,姫路,天神前,282014,兵庫県,姫路市,東郷町,2023[sanitize]09[sanitize]14,11,その他,駐車（輪）場,10歳代,中学生,施錠せず
窃盗,自転車盗,姫路,天神前,282014,兵庫県,姫路市,東郷町,2023[sanitize]10[sanitize]08,04,その他,駐車（輪）場,10歳代,中学生,施錠せず
窃盗,自転車盗,姫路,天神前,282014,兵庫県,姫路市,東郷町,2023[sanitize]10[sanitize]08,11,その他,駐車（輪）場,10歳代,中学生,施錠せず
窃盗,自転車盗,姫路,天神前,282014,兵庫県,姫路市,東郷町,2023[sanitize]10[sanitize]08,11,その他,駐車（輪）場,10歳代,中学生,施錠せず
窃盗,自転車盗,姫路,天神前,282014,兵庫県,姫路市,日出町２丁目,2023[sanitize]01[sanitize]10,11,４階建て以上共同住宅,駐車（輪）場,50歳代,その他,施錠した
窃盗,自転車盗,姫路,天神前,282014,兵庫県,姫路市,宮上町１丁目,2023[sanitize]08[sanitize]16,13,その他の住宅（３階建て以下共同住宅等）,駐車（輪）場,20歳代,その他,施錠した
窃盗,自転車盗,姫路,天神前,282014,兵庫県,姫路市,宮上町１丁目,2023[sanitize]10[sanitize]31,08,その他,駐車（輪）場,30歳代,その他,施錠せず
窃盗,自転車盗,姫路,天神前,282014,兵庫県,姫路市,宮上町１丁目,2023[sanitize]11[sanitize]13,15,その他の住宅（３階建て以下共同住宅等）,駐車（輪）場,20歳代,その他,施錠せず
窃盗,自転車盗,姫路,天神前,282014,兵庫県,姫路市,宮上町２丁目,2023[sanitize]03[sanitize]06,18,その他の住宅（３階建て以下共同住宅等）,駐車（輪）場,20歳代,その他,施錠した
窃盗,自転車盗,姫路,天神前,282014,兵庫県,姫路市,宮西町４丁目,2023[sanitize]11[sanitize]28,12,その他,駐車（輪）場,50歳代,その他,施錠せず
窃盗,自転車盗,姫路,姫路駅前,282014,兵庫県,姫路市,朝日町,2023[sanitize]12[sanitize]04,21,４階建て以上共同住宅,駐車（輪）場,20歳代,その他,施錠せず
窃盗,自転車盗,姫路,姫路駅前,282014,兵庫県,姫路市,駅前町,2022[sanitize]09[sanitize]01,00,駐車（輪）場,駐車（輪）場,20歳代,大学生,施錠せず
窃盗,自転車盗,姫路,姫路駅前,282014,兵庫県,姫路市,駅前町,2023[sanitize]02[sanitize]11,15,駐車（輪）場,駐車（輪）場,20歳代,その他,施錠した
窃盗,自転車盗,姫路,姫路駅前,282014,兵庫県,姫路市,駅前町,2023[sanitize]02[sanitize]13,18,駐車（輪）場,駐車（輪）場,40歳代,その他,施錠せず
窃盗,自転車盗,姫路,姫路駅前,282014,兵庫県,姫路市,駅前町,2023[sanitize]02[sanitize]14,03,道路上,その他,10歳代,その他,施錠した
窃盗,自転車盗,姫路,姫路駅前,282014,兵庫県,姫路市,駅前町,2023[sanitize]02[sanitize]17,22,その他,駐車（輪）場,20歳代,その他,施錠せず
窃盗,自転車盗,姫路,姫路駅前,282014,兵庫県,姫路市,駅前町,2023[sanitize]03[sanitize]28,18,駐車（輪）場,駐車（輪）場,40歳代,その他,施錠した
窃盗,自転車盗,姫路,姫路駅前,282014,兵庫県,姫路市,駅前町,2023[sanitize]04[sanitize]22,18,駐車（輪）場,駐車（輪）場,20歳代,その他,施錠せず
窃盗,自転車盗,姫路,姫路駅前,282014,兵庫県,姫路市,駅前町,2023[sanitize]05[sanitize]01,19,その他,駐車（輪）場,50歳代,高校生,施錠せず
窃盗,自転車盗,姫路,姫路駅前,282014,兵庫県,姫路市,駅前町,2023[sanitize]05[sanitize]02,20,道路上,その他,20歳代,その他,施錠した
窃盗,自転車盗,姫路,姫路駅前,282014,兵庫県,姫路市,駅前町,2023[sanitize]05[sanitize]04,13,駐車（輪）場,駐車（輪）場,20歳代,その他,施錠せず
窃盗,自転車盗,姫路,姫路駅前,282014,兵庫県,姫路市,駅前町,2023[sanitize]05[sanitize]05,17,その他,駐車（輪）場,10歳代,その他,施錠せず
窃盗,自転車盗,姫路,姫路駅前,282014,兵庫県,姫路市,駅前町,2023[sanitize]06[sanitize]04,22,その他,駐車（輪）場,20歳代,大学生,施錠せず
窃盗,自転車盗,姫路,姫路駅前,282014,兵庫県,姫路市,駅前町,2023[sanitize]06[sanitize]12,16,その他,駐車（輪）場,20歳代,大学生,施錠した
窃盗,自転車盗,姫路,姫路駅前,282014,兵庫県,姫路市,駅前町,2023[sanitize]07[sanitize]03,15,その他,駐車（輪）場,10歳代,高校生,施錠せず
窃盗,自転車盗,姫路,姫路駅前,282014,兵庫県,姫路市,駅前町,2023[sanitize]07[sanitize]22,11,その他,駐車（輪）場,20歳代,その他,施錠せず
窃盗,自転車盗,姫路,姫路駅前,282014,兵庫県,姫路市,駅前町,2023[sanitize]07[sanitize]28,17,道路上,その他,20歳代,その他,施錠せず
窃盗,自転車盗,姫路,姫路駅前,282014,兵庫県,姫路市,駅前町,2023[sanitize]07[sanitize]30,09,駐車（輪）場,駐車（輪）場,20歳代,その他,施錠せず
窃盗,自転車盗,姫路,姫路駅前,282014,兵庫県,姫路市,駅前町,2023[sanitize]08[sanitize]03,18,その他,駐車（輪）場,20歳代,その他,施錠せず
窃盗,自転車盗,姫路,姫路駅前,282014,兵庫県,姫路市,駅前町,2023[sanitize]08[sanitize]10,19,その他,駐車（輪）場,30歳代,その他,施錠せず
窃盗,自転車盗,姫路,姫路駅前,282014,兵庫県,姫路市,駅前町,2023[sanitize]08[sanitize]25,18,道路上,その他,20歳代,その他,施錠した
窃盗,自転車盗,姫路,姫路駅前,282014,兵庫県,姫路市,駅前町,2023[sanitize]09[sanitize]15,16,駐車（輪）場,駐車（輪）場,10歳代,中学生,施錠せず
窃盗,自転車盗,姫路,姫路駅前,282014,兵庫県,姫路市,駅前町,2023[sanitize]09[sanitize]15,18,その他,駐車（輪）場,20歳代,その他,施錠せず
窃盗,自転車盗,姫路,姫路駅前,282014,兵庫県,姫路市,駅前町,2023[sanitize]10[sanitize]14,08,駐車（輪）場,駐車（輪）場,40歳代,その他,施錠せず
窃盗,自転車盗,姫路,姫路駅前,282014,兵庫県,姫路市,駅前町,2023[sanitize]10[sanitize]26,07,その他,駐車（輪）場,20歳代,大学生,施錠せず
窃盗,自転車盗,姫路,姫路駅前,282014,兵庫県,姫路市,駅前町,2023[sanitize]10[sanitize]27,23,その他,駐車（輪）場,20歳代,大学生,施錠せず
窃盗,自転車盗,姫路,姫路駅前,282014,兵庫県,姫路市,駅前町,2023[sanitize]12[sanitize]10,10,駐車（輪）場,駐車（輪）場,30歳代,その他,施錠した
窃盗,自転車盗,姫路,姫路駅前,282014,兵庫県,姫路市,神屋町２丁目,2023[sanitize]05[sanitize]27,22,４階建て以上共同住宅,駐車（輪）場,30歳代,その他,施錠せず
窃盗,自転車盗,姫路,姫路駅前,282014,兵庫県,姫路市,神屋町３丁目,2023[sanitize]02[sanitize]21,12,その他,駐車（輪）場,20歳代,その他,施錠せず
窃盗,自転車盗,姫路,姫路駅前,282014,兵庫県,姫路市,神屋町３丁目,2023[sanitize]07[sanitize]03,15,その他,駐車（輪）場,20歳代,その他,施錠せず
窃盗,自転車盗,姫路,姫路駅前,282014,兵庫県,姫路市,神屋町３丁目,2023[sanitize]07[sanitize]06,08,その他,駐車（輪）場,20歳代,その他,施錠せず
窃盗,自転車盗,姫路,姫路駅前,282014,兵庫県,姫路市,神屋町３丁目,2023[sanitize]07[sanitize]22,00,その他の住宅（３階建て以下共同住宅等）,駐車（輪）場,40歳代,その他,施錠せず
窃盗,自転車盗,姫路,姫路駅前,282014,兵庫県,姫路市,神屋町３丁目,2023[sanitize]07[sanitize]31,07,その他,駐車（輪）場,20歳代,その他,施錠した
窃盗,自転車盗,姫路,姫路駅前,282014,兵庫県,姫路市,神屋町６丁目,2023[sanitize]10[sanitize]10,19,４階建て以上共同住宅,駐車（輪）場,20歳代,その他,施錠せず
窃盗,自転車盗,姫路,姫路駅前,282014,兵庫県,姫路市,亀井町,2023[sanitize]08[sanitize]18,21,４階建て以上共同住宅,駐車（輪）場,30歳代,その他,施錠せず
窃盗,自転車盗,姫路,姫路駅前,282014,兵庫県,姫路市,久保町,2023[sanitize]06[sanitize]21,19,４階建て以上共同住宅,駐車（輪）場,20歳代,その他,施錠せず
窃盗,自転車盗,姫路,姫路駅前,282014,兵庫県,姫路市,久保町,2023[sanitize]10[sanitize]27,19,その他の住宅（３階建て以下共同住宅等）,駐車（輪）場,30歳代,その他,施錠せず
窃盗,自転車盗,姫路,姫路駅前,282014,兵庫県,姫路市,豆腐町,2023[sanitize]03[sanitize]14,21,駐車（輪）場,駐車（輪）場,10歳代,その他,施錠せず
窃盗,自転車盗,姫路,姫路駅前,282014,兵庫県,姫路市,豆腐町,2023[sanitize]06[sanitize]25,17,その他,駐車（輪）場,10歳代,高校生,施錠せず
窃盗,自転車盗,姫路,姫路駅前,282014,兵庫県,姫路市,豆腐町,2023[sanitize]07[sanitize]19,14,その他,その他,10歳代,その他,施錠せず
窃盗,自転車盗,姫路,姫路駅前,282014,兵庫県,姫路市,豆腐町,2023[sanitize]08[sanitize]05,18,その他,駐車（輪）場,10歳代,高校生,施錠せず
窃盗,自転車盗,姫路,姫路駅前,282014,兵庫県,姫路市,北条口１丁目,2023[sanitize]01[sanitize]20,13,駐車（輪）場,駐車（輪）場,70歳以上,その他,施錠した
窃盗,自転車盗,姫路,姫路駅前,282014,兵庫県,姫路市,南町,2023[sanitize]02[sanitize]02,14,道路上,その他,70歳以上,その他,施錠せず
窃盗,自転車盗,姫路,姫路駅前,282014,兵庫県,姫路市,南町,2023[sanitize]02[sanitize]17,10,道路上,その他,20歳代,その他,施錠せず
窃盗,自転車盗,姫路,姫路駅前,282014,兵庫県,姫路市,南町,2023[sanitize]02[sanitize]22,18,その他,駐車（輪）場,70歳以上,その他,施錠せず
窃盗,自転車盗,姫路,姫路駅前,282014,兵庫県,姫路市,南町,2023[sanitize]03[sanitize]11,20,駐車（輪）場,駐車（輪）場,10歳代,高校生,施錠せず
窃盗,自転車盗,姫路,姫路駅前,282014,兵庫県,姫路市,南町,2023[sanitize]04[sanitize]19,18,駐車（輪）場,駐車（輪）場,50歳代,その他,施錠せず
窃盗,自転車盗,姫路,姫路駅前,282014,兵庫県,姫路市,南町,2023[sanitize]06[sanitize]15,22,駐車（輪）場,駐車（輪）場,30歳代,その他,施錠せず
窃盗,自転車盗,姫路,姫路駅前,282014,兵庫県,姫路市,南町,2023[sanitize]06[sanitize]28,08,その他,駐車（輪）場,20歳代,その他,施錠せず
窃盗,自転車盗,姫路,姫路駅前,282014,兵庫県,姫路市,南町,2023[sanitize]07[sanitize]13,07,駐車（輪）場,駐車（輪）場,20歳代,大学生,施錠せず
窃盗,自転車盗,姫路,姫路駅前,282014,兵庫県,姫路市,南町,2023[sanitize]07[sanitize]24,05,その他,駐車（輪）場,40歳代,その他,施錠せず
窃盗,自転車盗,姫路,姫路駅前,282014,兵庫県,姫路市,南町,2023[sanitize]07[sanitize]25,13,駐車（輪）場,駐車（輪）場,20歳代,大学生,施錠せず
窃盗,自転車盗,姫路,姫路駅前,282014,兵庫県,姫路市,南町,2023[sanitize]07[sanitize]25,20,その他,駐車（輪）場,10歳代,大学生,施錠せず
窃盗,自転車盗,姫路,姫路駅前,282014,兵庫県,姫路市,南町,2023[sanitize]07[sanitize]28,13,駐車（輪）場,駐車（輪）場,10歳代,中学生,施錠した
窃盗,自転車盗,姫路,姫路駅前,282014,兵庫県,姫路市,南町,2023[sanitize]08[sanitize]09,09,道路上,その他,10歳代,高校生,施錠した
窃盗,自転車盗,姫路,姫路駅前,282014,兵庫県,姫路市,南町,2023[sanitize]08[sanitize]13,09,４階建て以上共同住宅,駐車（輪）場,20歳代,その他,施錠せず
窃盗,自転車盗,姫路,姫路駅前,282014,兵庫県,姫路市,南町,2023[sanitize]09[sanitize]02,09,道路上,その他,40歳代,その他,施錠せず
窃盗,自転車盗,姫路,姫路駅前,282014,兵庫県,姫路市,南町,2023[sanitize]09[sanitize]15,14,その他,駐車（輪）場,20歳代,その他,施錠した
窃盗,自転車盗,姫路,姫路駅前,282014,兵庫県,姫路市,南町,2023[sanitize]10[sanitize]01,13,その他,駐車（輪）場,30歳代,その他,施錠せず
窃盗,自転車盗,姫路,姫路駅前,282014,兵庫県,姫路市,南町,2023[sanitize]11[sanitize]29,07,その他,駐車（輪）場,50歳代,その他,施錠した
窃盗,自転車盗,姫路,姫路駅前,282014,兵庫県,姫路市,南町,2023[sanitize]12[sanitize]15,18,その他,駐車（輪）場,50歳代,その他,施錠した
窃盗,自転車盗,姫路,姫路駅前,282014,兵庫県,姫路市,西駅前町,2022[sanitize]12[sanitize]28,18,道路上,その他,60[sanitize]64歳,その他,施錠せず
窃盗,自転車盗,姫路,姫路駅前,282014,兵庫県,姫路市,西駅前町,2022[sanitize]12[sanitize]31,13,その他,駐車（輪）場,10歳代,高校生,施錠せず
窃盗,自転車盗,姫路,姫路駅前,282014,兵庫県,姫路市,西駅前町,2023[sanitize]03[sanitize]07,20,その他,駐車（輪）場,30歳代,その他,施錠した
窃盗,自転車盗,姫路,姫路駅前,282014,兵庫県,姫路市,西駅前町,2023[sanitize]07[sanitize]30,10,道路上,その他,65[sanitize]69歳,その他,施錠せず
窃盗,自転車盗,姫路,姫路駅前,282014,兵庫県,姫路市,東駅前町,2023[sanitize]01[sanitize]29,11,道路上,その他,30歳代,その他,施錠せず
窃盗,自転車盗,姫路,姫路駅南,282014,兵庫県,姫路市,阿保,2023[sanitize]02[sanitize]21,22,その他,駐車（輪）場,20歳代,その他,施錠せず
窃盗,自転車盗,姫路,姫路駅南,282014,兵庫県,姫路市,阿保,2023[sanitize]03[sanitize]02,06,その他の住宅（３階建て以下共同住宅等）,駐車（輪）場,20歳代,その他,施錠せず
窃盗,自転車盗,姫路,姫路駅南,282014,兵庫県,姫路市,阿保,2023[sanitize]03[sanitize]07,11,その他,駐車（輪）場,70歳以上,その他,施錠せず
窃盗,自転車盗,姫路,姫路駅南,282014,兵庫県,姫路市,阿保,2023[sanitize]07[sanitize]06,22,一戸建住宅,その他,10歳代,中学生,施錠せず
窃盗,自転車盗,姫路,姫路駅南,282014,兵庫県,姫路市,庄田,2023[sanitize]06[sanitize]03,12,４階建て以上共同住宅,駐車（輪）場,30歳代,その他,施錠した
窃盗,自転車盗,姫路,姫路駅南,282014,兵庫県,姫路市,佃町,2023[sanitize]05[sanitize]24,21,４階建て以上共同住宅,駐車（輪）場,30歳代,その他,施錠せず
窃盗,自転車盗,姫路,姫路駅南,282014,兵庫県,姫路市,豊沢町,2023[sanitize]03[sanitize]06,12,その他,駐車（輪）場,20歳代,その他,施錠せず
窃盗,自転車盗,姫路,姫路駅南,282014,兵庫県,姫路市,豊沢町,2023[sanitize]03[sanitize]10,18,駐車（輪）場,駐車（輪）場,20歳代,その他,施錠せず
窃盗,自転車盗,姫路,姫路駅南,282014,兵庫県,姫路市,豊沢町,2023[sanitize]04[sanitize]28,17,その他,駐車（輪）場,20歳代,その他,施錠せず
窃盗,自転車盗,姫路,姫路駅南,282014,兵庫県,姫路市,南畝町１丁目,2023[sanitize]01[sanitize]02,13,その他,駐車（輪）場,20歳代,その他,施錠した
窃盗,自転車盗,姫路,姫路駅南,282014,兵庫県,姫路市,南畝町１丁目,2023[sanitize]07[sanitize]29,12,その他,駐車（輪）場,30歳代,その他,施錠した
窃盗,自転車盗,姫路,姫路駅南,282014,兵庫県,姫路市,南畝町１丁目,2023[sanitize]08[sanitize]04,13,その他,駐車（輪）場,10歳代,高校生,施錠せず
窃盗,自転車盗,姫路,姫路駅南,282014,兵庫県,姫路市,南畝町１丁目,2023[sanitize]08[sanitize]23,22,その他,駐車（輪）場,10歳代,大学生,施錠せず
窃盗,自転車盗,姫路,姫路駅南,282014,兵庫県,姫路市,南畝町１丁目,2023[sanitize]09[sanitize]30,09,４階建て以上共同住宅,駐車（輪）場,20歳代,その他,施錠した
窃盗,自転車盗,姫路,姫路駅南,282014,兵庫県,姫路市,北条,2023[sanitize]01[sanitize]07,17,４階建て以上共同住宅,駐車（輪）場,40歳代,その他,施錠した
窃盗,自転車盗,姫路,姫路駅南,282014,兵庫県,姫路市,北条,2023[sanitize]03[sanitize]15,17,４階建て以上共同住宅,駐車（輪）場,10歳代,その他,施錠した
窃盗,自転車盗,姫路,姫路駅南,282014,兵庫県,姫路市,北条,2023[sanitize]06[sanitize]02,09,４階建て以上共同住宅,駐車（輪）場,70歳以上,その他,施錠せず
窃盗,自転車盗,姫路,姫路駅南,282014,兵庫県,姫路市,南駅前町,2023[sanitize]06[sanitize]01,13,その他,駐車（輪）場,20歳代,その他,施錠した
窃盗,自転車盗,姫路,姫路駅南,282014,兵庫県,姫路市,南駅前町,2023[sanitize]06[sanitize]25,23,道路上,その他,20歳代,その他,施錠した
窃盗,自転車盗,姫路,姫路駅南,282014,兵庫県,姫路市,安田４丁目,2023[sanitize]04[sanitize]03,08,その他,駐車（輪）場,40歳代,その他,施錠せず
窃盗,自転車盗,姫路,姫路駅南,282014,兵庫県,姫路市,安田４丁目,2023[sanitize]07[sanitize]13,09,その他,駐車（輪）場,30歳代,その他,施錠した
窃盗,自転車盗,姫路,姫路駅南,282014,兵庫県,姫路市,安田４丁目,2023[sanitize]09[sanitize]24,13,その他,駐車（輪）場,40歳代,その他,施錠した
窃盗,自転車盗,姫路,姫路駅南,282014,兵庫県,姫路市,安田４丁目,2023[sanitize]11[sanitize]15,08,その他,駐車（輪）場,50歳代,その他,施錠した
窃盗,自転車盗,姫路,姫路駅南,282014,兵庫県,姫路市,南条,2023[sanitize]06[sanitize]18,09,駐車（輪）場,駐車（輪）場,30歳代,その他,施錠した
窃盗,自転車盗,姫路,姫路駅南,282014,兵庫県,姫路市,南条１丁目,2023[sanitize]03[sanitize]16,18,４階建て以上共同住宅,駐車（輪）場,30歳代,その他,施錠せず
窃盗,自転車盗,姫路,姫路駅南,282014,兵庫県,姫路市,南条２丁目,2023[sanitize]08[sanitize]08,17,その他の住宅（３階建て以下共同住宅等）,駐車（輪）場,30歳代,その他,施錠せず
窃盗,自転車盗,姫路,姫路駅南,282014,兵庫県,姫路市,三左衛門堀西の町,2023[sanitize]03[sanitize]01,12,４階建て以上共同住宅,駐車（輪）場,20歳代,その他,施錠せず
窃盗,自転車盗,姫路,姫路駅南,282014,兵庫県,姫路市,三左衛門堀西の町,2023[sanitize]07[sanitize]14,21,４階建て以上共同住宅,駐車（輪）場,10歳代,その他,施錠せず
窃盗,自転車盗,姫路,姫路駅南,282014,兵庫県,姫路市,三左衛門堀東の町,2023[sanitize]06[sanitize]19,21,その他,駐車（輪）場,20歳代,その他,施錠せず
窃盗,自転車盗,姫路,姫路駅南,282014,兵庫県,姫路市,三左衛門堀東の町,2023[sanitize]06[sanitize]25,22,その他,駐車（輪）場,40歳代,その他,施錠せず
窃盗,自転車盗,姫路,姫路駅南,282014,兵庫県,姫路市,三左衛門堀東の町,2023[sanitize]07[sanitize]01,18,その他,駐車（輪）場,30歳代,その他,施錠せず
窃盗,自転車盗,姫路,姫路駅南,282014,兵庫県,姫路市,北条宮の町,2023[sanitize]07[sanitize]18,19,道路上,その他,10歳代,中学生,施錠せず
窃盗,自転車盗,姫路,姫路駅南,282014,兵庫県,姫路市,北条宮の町,2023[sanitize]11[sanitize]10,20,その他,駐車（輪）場,30歳代,その他,施錠せず
窃盗,自転車盗,姫路,岡町,282014,兵庫県,姫路市,嵐山町,2023[sanitize]06[sanitize]03,16,その他,駐車（輪）場,20歳代,その他,施錠した
窃盗,自転車盗,姫路,岡町,282014,兵庫県,姫路市,岩端町,2023[sanitize]02[sanitize]26,09,４階建て以上共同住宅,駐車（輪）場,70歳以上,その他,施錠せず
窃盗,自転車盗,姫路,岡町,282014,兵庫県,姫路市,岩端町,2023[sanitize]05[sanitize]14,23,その他の住宅（３階建て以下共同住宅等）,その他,10歳代,中学生,施錠した
窃盗,自転車盗,姫路,岡町,282014,兵庫県,姫路市,岡町,2023[sanitize]04[sanitize]23,20,４階建て以上共同住宅,駐車（輪）場,10歳代,高校生,施錠した
窃盗,自転車盗,姫路,岡町,282014,兵庫県,姫路市,岡町,2023[sanitize]08[sanitize]03,18,その他の住宅（３階建て以下共同住宅等）,駐車（輪）場,60[sanitize]64歳,その他,施錠せず
窃盗,自転車盗,姫路,岡町,282014,兵庫県,姫路市,材木町,2023[sanitize]10[sanitize]21,16,その他,その他,70歳以上,その他,施錠せず
窃盗,自転車盗,姫路,岡町,282014,兵庫県,姫路市,龍野町５丁目,2023[sanitize]06[sanitize]09,21,駐車（輪）場,駐車（輪）場,20歳代,大学生,施錠せず
窃盗,自転車盗,姫路,岡町,282014,兵庫県,姫路市,船丘町,2022[sanitize]12[sanitize]01,00,４階建て以上共同住宅,駐車（輪）場,20歳代,その他,施錠せず
窃盗,自転車盗,姫路,岡町,282014,兵庫県,姫路市,船丘町,2023[sanitize]11[sanitize]10,18,４階建て以上共同住宅,駐車（輪）場,50歳代,その他,施錠せず
窃盗,自転車盗,姫路,書写,282014,兵庫県,姫路市,書写,2023[sanitize]10[sanitize]15,00,４階建て以上共同住宅,駐車（輪）場,20歳代,その他,施錠せず
窃盗,自転車盗,姫路,書写,282014,兵庫県,姫路市,書写,2023[sanitize]10[sanitize]16,17,その他,駐車（輪）場,20歳代,大学生,施錠せず
窃盗,自転車盗,姫路,書写,282014,兵庫県,姫路市,書写,2023[sanitize]11[sanitize]04,10,その他,駐車（輪）場,20歳代,大学生,施錠した
窃盗,自転車盗,姫路,書写,282014,兵庫県,姫路市,書写,2023[sanitize]11[sanitize]12,08,４階建て以上共同住宅,駐車（輪）場,10歳代,中学生,施錠せず
窃盗,自転車盗,姫路,書写,282014,兵庫県,姫路市,書写,2023[sanitize]11[sanitize]20,15,４階建て以上共同住宅,駐車（輪）場,30歳代,その他,施錠した
窃盗,自転車盗,姫路,書写,282014,兵庫県,姫路市,書写,2023[sanitize]11[sanitize]28,12,一戸建住宅,駐車（輪）場,10歳代,中学生,施錠せず
窃盗,自転車盗,姫路,書写,282014,兵庫県,姫路市,書写台２丁目,2023[sanitize]12[sanitize]16,18,４階建て以上共同住宅,駐車（輪）場,10歳代,小学生,施錠せず
窃盗,自転車盗,姫路,田寺,282014,兵庫県,姫路市,田寺１丁目,2023[sanitize]07[sanitize]14,23,その他の住宅（３階建て以下共同住宅等）,駐車（輪）場,20歳代,大学生,施錠せず
窃盗,自転車盗,姫路,田寺,282014,兵庫県,姫路市,田寺１丁目,2023[sanitize]09[sanitize]18,14,４階建て以上共同住宅,駐車（輪）場,20歳代,大学生,施錠せず
窃盗,自転車盗,姫路,田寺,282014,兵庫県,姫路市,田寺２丁目,2023[sanitize]11[sanitize]25,13,一戸建住宅,駐車（輪）場,10歳未満,小学生,施錠せず
窃盗,自転車盗,姫路,田寺,282014,兵庫県,姫路市,田寺４丁目,2023[sanitize]11[sanitize]08,22,その他の住宅（３階建て以下共同住宅等）,その他,20歳代,大学生,施錠した
窃盗,自転車盗,姫路,田寺,282014,兵庫県,姫路市,田寺５丁目,2023[sanitize]08[sanitize]05,10,その他,駐車（輪）場,20歳代,大学生,施錠せず
窃盗,自転車盗,姫路,田寺,282014,兵庫県,姫路市,田寺６丁目,2023[sanitize]07[sanitize]18,19,４階建て以上共同住宅,駐車（輪）場,20歳代,その他,施錠した
窃盗,自転車盗,姫路,田寺,282014,兵庫県,姫路市,田寺７丁目,2023[sanitize]01[sanitize]14,12,一戸建住宅,駐車（輪）場,70歳以上,その他,施錠せず
窃盗,自転車盗,姫路,田寺,282014,兵庫県,姫路市,田寺８丁目,2023[sanitize]11[sanitize]10,07,その他の住宅（３階建て以下共同住宅等）,駐車（輪）場,20歳代,その他,施錠せず
窃盗,自転車盗,姫路,田寺,282014,兵庫県,姫路市,田寺８丁目,2023[sanitize]11[sanitize]16,16,道路上,その他,10歳代,中学生,施錠せず
窃盗,自転車盗,姫路,田寺,282014,兵庫県,姫路市,辻井１丁目,2023[sanitize]11[sanitize]17,15,その他,その他,10歳代,高校生,施錠せず
窃盗,自転車盗,姫路,田寺,282014,兵庫県,姫路市,辻井５丁目,2023[sanitize]03[sanitize]10,20,その他,駐車（輪）場,20歳代,大学生,施錠せず
窃盗,自転車盗,姫路,田寺,282014,兵庫県,姫路市,辻井５丁目,2023[sanitize]03[sanitize]30,10,その他,駐車（輪）場,20歳代,大学生,施錠せず
窃盗,自転車盗,姫路,田寺,282014,兵庫県,姫路市,東辻井１丁目,2023[sanitize]08[sanitize]31,05,その他の住宅（３階建て以下共同住宅等）,駐車（輪）場,20歳代,大学生,施錠した
窃盗,自転車盗,姫路,田寺,282014,兵庫県,姫路市,東辻井２丁目,2023[sanitize]08[sanitize]11,10,駐車（輪）場,駐車（輪）場,10歳代,中学生,施錠せず
窃盗,自転車盗,姫路,田寺,282014,兵庫県,姫路市,東辻井３丁目,2023[sanitize]09[sanitize]19,16,その他,駐車（輪）場,10歳代,大学生,施錠せず
窃盗,自転車盗,姫路,田寺,282014,兵庫県,姫路市,御立北１丁目,2023[sanitize]11[sanitize]13,09,一戸建住宅,駐車（輪）場,40歳代,その他,施錠せず
窃盗,自転車盗,姫路,田寺,282014,兵庫県,姫路市,御立中１丁目,2023[sanitize]06[sanitize]04,20,一戸建住宅,駐車（輪）場,10歳未満,小学生,施錠せず
窃盗,自転車盗,姫路,田寺,282014,兵庫県,姫路市,御立中２丁目,2023[sanitize]02[sanitize]01,21,一戸建住宅,駐車（輪）場,10歳代,高校生,施錠せず
窃盗,自転車盗,姫路,田寺,282014,兵庫県,姫路市,御立中２丁目,2023[sanitize]09[sanitize]30,10,一戸建住宅,その他,10歳代,高校生,施錠せず
窃盗,自転車盗,姫路,田寺,282014,兵庫県,姫路市,御立中３丁目,2023[sanitize]06[sanitize]20,21,その他の住宅（３階建て以下共同住宅等）,駐車（輪）場,20歳代,その他,施錠した
窃盗,自転車盗,姫路,田寺,282014,兵庫県,姫路市,御立西１丁目,2023[sanitize]02[sanitize]26,00,その他の住宅（３階建て以下共同住宅等）,駐車（輪）場,10歳代,高校生,施錠せず
窃盗,自転車盗,姫路,田寺,282014,兵庫県,姫路市,御立西３丁目,2023[sanitize]09[sanitize]16,20,４階建て以上共同住宅,駐車（輪）場,10歳代,高校生,施錠せず
窃盗,自転車盗,姫路,田寺,282014,兵庫県,姫路市,御立西４丁目,2023[sanitize]04[sanitize]17,15,一戸建住宅,駐車（輪）場,10歳代,高校生,施錠せず
窃盗,自転車盗,姫路,田寺,282014,兵庫県,姫路市,御立西５丁目,2023[sanitize]02[sanitize]23,08,駐車（輪）場,駐車（輪）場,50歳代,その他,施錠した
窃盗,自転車盗,姫路,田寺,282014,兵庫県,姫路市,御立西５丁目,2023[sanitize]08[sanitize]15,16,道路上,その他,10歳代,その他,施錠した
窃盗,自転車盗,姫路,神田,282014,兵庫県,姫路市,千代田町,2023[sanitize]04[sanitize]06,17,４階建て以上共同住宅,駐車（輪）場,70歳以上,その他,施錠せず
窃盗,自転車盗,姫路,神田,282014,兵庫県,姫路市,千代田町,2023[sanitize]09[sanitize]11,21,その他の住宅（３階建て以下共同住宅等）,駐車（輪）場,30歳代,その他,施錠した
窃盗,自転車盗,姫路,神田,282014,兵庫県,姫路市,土山２丁目,2023[sanitize]06[sanitize]01,18,４階建て以上共同住宅,駐車（輪）場,70歳以上,その他,施錠せず
窃盗,自転車盗,姫路,神田,282014,兵庫県,姫路市,土山２丁目,2023[sanitize]12[sanitize]09,04,４階建て以上共同住宅,その他,70歳以上,その他,施錠せず
窃盗,自転車盗,姫路,神田,282014,兵庫県,姫路市,土山３丁目,2023[sanitize]03[sanitize]08,23,４階建て以上共同住宅,駐車（輪）場,30歳代,その他,施錠せず
窃盗,自転車盗,姫路,神田,282014,兵庫県,姫路市,土山３丁目,2023[sanitize]12[sanitize]10,21,４階建て以上共同住宅,駐車（輪）場,40歳代,その他,施錠した
窃盗,自転車盗,姫路,神田,282014,兵庫県,姫路市,花影町１丁目,2023[sanitize]08[sanitize]22,12,その他,駐車（輪）場,10歳代,高校生,施錠せず
窃盗,自転車盗,姫路,神田,282014,兵庫県,姫路市,花影町３丁目,2023[sanitize]08[sanitize]31,23,その他,駐車（輪）場,20歳代,大学生,施錠せず
窃盗,自転車盗,姫路,神田,282014,兵庫県,姫路市,船橋町２丁目,2023[sanitize]07[sanitize]07,01,４階建て以上共同住宅,駐車（輪）場,30歳代,その他,施錠せず
窃盗,自転車盗,姫路,神田,282014,兵庫県,姫路市,南車崎２丁目,2023[sanitize]05[sanitize]20,18,４階建て以上共同住宅,駐車（輪）場,20歳代,その他,施錠した
窃盗,自転車盗,姫路,神田,282014,兵庫県,姫路市,元町,2023[sanitize]01[sanitize]10,17,４階建て以上共同住宅,駐車（輪）場,70歳以上,その他,施錠せず
窃盗,自転車盗,姫路,花田,282014,兵庫県,姫路市,花田町小川,2023[sanitize]03[sanitize]28,18,４階建て以上共同住宅,駐車（輪）場,10歳代,中学生,施錠せず
窃盗,自転車盗,姫路,花田,282014,兵庫県,姫路市,花田町小川,2023[sanitize]07[sanitize]20,12,その他の住宅（３階建て以下共同住宅等）,駐車（輪）場,10歳代,高校生,施錠せず
窃盗,自転車盗,姫路,花田,282014,兵庫県,姫路市,花田町加納原田,2023[sanitize]11[sanitize]10,20,その他の住宅（３階建て以下共同住宅等）,駐車（輪）場,10歳代,その他,施錠せず
窃盗,自転車盗,姫路,花田,282014,兵庫県,姫路市,花田町加納原田,2023[sanitize]12[sanitize]18,12,その他,駐車（輪）場,30歳代,その他,施錠せず
窃盗,自転車盗,姫路,花田,282014,兵庫県,姫路市,花田町加納原田,2023[sanitize]12[sanitize]23,19,その他,その他,20歳代,その他,施錠せず
窃盗,自転車盗,姫路,花田,282014,兵庫県,姫路市,花田町上原田,2023[sanitize]04[sanitize]03,21,駐車（輪）場,駐車（輪）場,10歳代,その他,施錠せず
窃盗,自転車盗,姫路,花田,282014,兵庫県,姫路市,花田町勅旨,2023[sanitize]06[sanitize]15,17,その他の住宅（３階建て以下共同住宅等）,駐車（輪）場,20歳代,その他,施錠せず
窃盗,自転車盗,姫路,菅生,282014,兵庫県,姫路市,,2023[sanitize]10[sanitize]28,14,一戸建住宅,その他,70歳以上,その他,施錠せず
窃盗,自転車盗,姫路,野里,282014,兵庫県,姫路市,伊伝居,2023[sanitize]02[sanitize]25,15,その他,駐車（輪）場,10歳代,中学生,施錠せず
窃盗,自転車盗,姫路,野里,282014,兵庫県,姫路市,伊伝居,2023[sanitize]07[sanitize]27,11,４階建て以上共同住宅,駐車（輪）場,10歳代,中学生,施錠せず
窃盗,自転車盗,姫路,野里,282014,兵庫県,姫路市,白国１丁目,2023[sanitize]08[sanitize]31,16,その他,駐車（輪）場,20歳代,その他,施錠した
窃盗,自転車盗,姫路,野里,282014,兵庫県,姫路市,城北新町２丁目,2023[sanitize]08[sanitize]16,07,その他の住宅（３階建て以下共同住宅等）,駐車（輪）場,10歳代,中学生,施錠せず
窃盗,自転車盗,姫路,野里,282014,兵庫県,姫路市,城北新町２丁目,2023[sanitize]09[sanitize]02,16,４階建て以上共同住宅,駐車（輪）場,10歳代,中学生,施錠した
窃盗,自転車盗,姫路,野里,282014,兵庫県,姫路市,広峰１丁目,2023[sanitize]01[sanitize]24,19,４階建て以上共同住宅,駐車（輪）場,20歳代,その他,施錠せず
窃盗,自転車盗,姫路,野里,282014,兵庫県,姫路市,広峰２丁目,2023[sanitize]08[sanitize]24,16,一戸建住宅,駐車（輪）場,70歳以上,その他,施錠せず
窃盗,自転車盗,姫路,野里,282014,兵庫県,姫路市,増位本町２丁目,2023[sanitize]06[sanitize]23,10,その他,駐車（輪）場,10歳代,高校生,施錠せず
窃盗,自転車盗,姫路,野里,282014,兵庫県,姫路市,増位本町２丁目,2023[sanitize]07[sanitize]12,17,その他,駐車（輪）場,10歳未満,小学生,施錠せず
窃盗,自転車盗,姫路,野里,282014,兵庫県,姫路市,増位本町２丁目,2023[sanitize]07[sanitize]25,01,４階建て以上共同住宅,駐車（輪）場,20歳代,大学生,施錠せず
窃盗,自転車盗,姫路,野里,282014,兵庫県,姫路市,増位本町２丁目,2023[sanitize]07[sanitize]30,18,その他,駐車（輪）場,20歳代,その他,施錠せず
窃盗,自転車盗,姫路,野里,282014,兵庫県,姫路市,増位本町２丁目,2023[sanitize]08[sanitize]05,19,駐車（輪）場,駐車（輪）場,10歳代,高校生,施錠せず
窃盗,自転車盗,姫路,野里,282014,兵庫県,姫路市,増位本町２丁目,2023[sanitize]08[sanitize]12,09,その他,駐車（輪）場,10歳代,大学生,施錠せず
窃盗,自転車盗,姫路,野里,282014,兵庫県,姫路市,増位本町２丁目,2023[sanitize]08[sanitize]28,16,その他,駐車（輪）場,50歳代,その他,施錠せず
窃盗,自転車盗,姫路,野里,282014,兵庫県,姫路市,増位本町２丁目,2023[sanitize]10[sanitize]05,18,その他,駐車（輪）場,10歳代,高校生,施錠せず
窃盗,自転車盗,姫路,野里,282014,兵庫県,姫路市,増位本町２丁目,2023[sanitize]11[sanitize]02,07,その他,駐車（輪）場,10歳代,高校生,施錠せず
窃盗,自転車盗,姫路,野里,282014,兵庫県,姫路市,峰南町,2023[sanitize]05[sanitize]28,15,４階建て以上共同住宅,駐車（輪）場,30歳代,その他,施錠せず
窃盗,自転車盗,姫路,野里,282014,兵庫県,姫路市,峰南町,2023[sanitize]09[sanitize]24,08,道路上,その他,30歳代,その他,施錠せず
窃盗,自転車盗,姫路,野里,282014,兵庫県,姫路市,野里慶雲寺前町,2023[sanitize]06[sanitize]17,18,その他の住宅（３階建て以下共同住宅等）,駐車（輪）場,10歳未満,小学生,施錠せず
窃盗,自転車盗,姫路,野里駅前,282014,兵庫県,姫路市,白国２丁目,2023[sanitize]06[sanitize]08,16,その他の住宅（３階建て以下共同住宅等）,駐車（輪）場,40歳代,その他,施錠した
窃盗,自転車盗,姫路,野里駅前,282014,兵庫県,姫路市,西中島,2023[sanitize]02[sanitize]26,07,その他の住宅（３階建て以下共同住宅等）,駐車（輪）場,20歳代,その他,施錠した
窃盗,自転車盗,姫路,野里駅前,282014,兵庫県,姫路市,西中島,2023[sanitize]04[sanitize]03,19,４階建て以上共同住宅,駐車（輪）場,10歳代,小学生,施錠せず
窃盗,自転車盗,姫路,野里駅前,282014,兵庫県,姫路市,西中島,2023[sanitize]05[sanitize]27,16,その他の住宅（３階建て以下共同住宅等）,駐車（輪）場,70歳以上,その他,施錠した
窃盗,自転車盗,姫路,野里駅前,282014,兵庫県,姫路市,西中島,2023[sanitize]11[sanitize]02,07,その他の住宅（３階建て以下共同住宅等）,駐車（輪）場,10歳代,高校生,施錠せず
窃盗,自転車盗,姫路,野里駅前,282014,兵庫県,姫路市,野里,2022[sanitize]12[sanitize]31,22,４階建て以上共同住宅,駐車（輪）場,20歳代,その他,施錠せず
窃盗,自転車盗,姫路,野里駅前,282014,兵庫県,姫路市,野里,2023[sanitize]08[sanitize]25,20,４階建て以上共同住宅,駐車（輪）場,10歳代,高校生,施錠せず
窃盗,自転車盗,姫路,野里駅前,282014,兵庫県,姫路市,野里,2023[sanitize]09[sanitize]26,13,４階建て以上共同住宅,駐車（輪）場,50歳代,その他,施錠せず
窃盗,自転車盗,姫路,野里駅前,282014,兵庫県,姫路市,野里,2023[sanitize]10[sanitize]22,19,その他の住宅（３階建て以下共同住宅等）,その他,50歳代,その他,施錠した
窃盗,自転車盗,姫路,野里駅前,282014,兵庫県,姫路市,保城,2023[sanitize]03[sanitize]03,22,その他の住宅（３階建て以下共同住宅等）,駐車（輪）場,20歳代,大学生,施錠した
窃盗,自転車盗,姫路,野里駅前,282014,兵庫県,姫路市,保城,2023[sanitize]06[sanitize]19,00,駐車（輪）場,駐車（輪）場,70歳以上,その他,施錠せず
窃盗,自転車盗,姫路,野里駅前,282014,兵庫県,姫路市,増位新町１丁目,2023[sanitize]01[sanitize]30,16,その他,駐車（輪）場,20歳代,大学生,施錠せず
窃盗,自転車盗,姫路,野里駅前,282014,兵庫県,姫路市,増位新町１丁目,2023[sanitize]08[sanitize]26,11,その他,駐車（輪）場,70歳以上,その他,施錠せず
窃盗,自転車盗,姫路,野里駅前,282014,兵庫県,姫路市,増位新町１丁目,2023[sanitize]10[sanitize]04,17,４階建て以上共同住宅,駐車（輪）場,30歳代,その他,施錠した
窃盗,自転車盗,姫路,野里駅前,282014,兵庫県,姫路市,増位新町１丁目,2023[sanitize]12[sanitize]04,08,その他,駐車（輪）場,10歳代,高校生,施錠せず
窃盗,自転車盗,姫路,野里駅前,282014,兵庫県,姫路市,増位新町２丁目,2023[sanitize]08[sanitize]11,17,４階建て以上共同住宅,駐車（輪）場,10歳代,高校生,施錠せず
窃盗,自転車盗,姫路,野里駅前,282014,兵庫県,姫路市,増位新町２丁目,2023[sanitize]08[sanitize]12,12,その他の住宅（３階建て以下共同住宅等）,駐車（輪）場,10歳代,高校生,施錠せず
窃盗,自転車盗,姫路,野里駅前,282014,兵庫県,姫路市,増位新町２丁目,2023[sanitize]10[sanitize]11,17,その他,駐車（輪）場,10歳代,高校生,施錠せず
窃盗,自転車盗,姫路,飾西,282014,兵庫県,姫路市,青山１丁目,2023[sanitize]11[sanitize]02,17,４階建て以上共同住宅,駐車（輪）場,50歳代,その他,施錠せず
窃盗,自転車盗,姫路,飾西,282014,兵庫県,姫路市,青山３丁目,2023[sanitize]10[sanitize]24,08,その他,駐車（輪）場,50歳代,その他,施錠せず
窃盗,自転車盗,姫路,飾西,282014,兵庫県,姫路市,青山４丁目,2023[sanitize]07[sanitize]28,08,４階建て以上共同住宅,駐車（輪）場,10歳代,中学生,施錠せず
窃盗,自転車盗,姫路,飾西,282014,兵庫県,姫路市,飾西,2023[sanitize]09[sanitize]02,10,その他の住宅（３階建て以下共同住宅等）,駐車（輪）場,50歳代,その他,施錠せず
窃盗,自転車盗,姫路,飾西,282014,兵庫県,姫路市,青山北１丁目,2022[sanitize]12[sanitize]28,17,その他,駐車（輪）場,10歳代,高校生,施錠せず
窃盗,自転車盗,姫路,飾西,282014,兵庫県,姫路市,青山北１丁目,2023[sanitize]01[sanitize]12,07,その他,駐車（輪）場,20歳代,大学生,施錠した
窃盗,自転車盗,姫路,飾西,282014,兵庫県,姫路市,青山北１丁目,2023[sanitize]01[sanitize]20,15,その他,駐車（輪）場,10歳代,高校生,施錠せず
窃盗,自転車盗,姫路,飾西,282014,兵庫県,姫路市,青山北１丁目,2023[sanitize]04[sanitize]07,16,その他,駐車（輪）場,10歳代,高校生,施錠せず
窃盗,自転車盗,姫路,飾西,282014,兵庫県,姫路市,青山北１丁目,2023[sanitize]07[sanitize]15,06,その他,駐車（輪）場,10歳代,高校生,施錠せず
窃盗,自転車盗,姫路,飾西,282014,兵庫県,姫路市,青山北１丁目,2023[sanitize]07[sanitize]31,13,その他,駐車（輪）場,10歳代,高校生,施錠せず
窃盗,自転車盗,姫路,飾西,282014,兵庫県,姫路市,青山北１丁目,2023[sanitize]08[sanitize]04,10,その他,駐車（輪）場,10歳代,高校生,施錠せず
窃盗,自転車盗,姫路,飾西,282014,兵庫県,姫路市,青山北１丁目,2023[sanitize]09[sanitize]21,08,その他,駐車（輪）場,10歳代,高校生,施錠せず
窃盗,自転車盗,姫路,飾西,282014,兵庫県,姫路市,青山北１丁目,2023[sanitize]09[sanitize]22,07,その他,駐車（輪）場,10歳代,高校生,施錠せず
窃盗,自転車盗,姫路,飾西,282014,兵庫県,姫路市,青山北１丁目,2023[sanitize]11[sanitize]18,06,その他,駐車（輪）場,10歳代,高校生,施錠せず
窃盗,自転車盗,姫路,飾西,282014,兵庫県,姫路市,青山北２丁目,2023[sanitize]06[sanitize]01,07,その他,駐車（輪）場,10歳代,高校生,施錠せず
窃盗,自転車盗,姫路,飾西,282014,兵庫県,姫路市,青山北２丁目,2023[sanitize]07[sanitize]27,07,その他,駐車（輪）場,10歳代,高校生,施錠せず
窃盗,自転車盗,姫路,飾西,282014,兵庫県,姫路市,青山北２丁目,2023[sanitize]09[sanitize]19,18,その他,駐車（輪）場,20歳代,その他,施錠した
窃盗,自転車盗,姫路,飾西,282014,兵庫県,姫路市,青山南１丁目,2023[sanitize]09[sanitize]26,23,４階建て以上共同住宅,駐車（輪）場,10歳代,中学生,施錠せず
窃盗,自転車盗,姫路,香寺,282014,兵庫県,姫路市,香寺町岩部,2023[sanitize]11[sanitize]16,07,駐車（輪）場,駐車（輪）場,50歳代,その他,施錠せず
窃盗,自転車盗,姫路,香寺,282014,兵庫県,姫路市,香寺町香呂,2023[sanitize]07[sanitize]26,12,その他,駐車（輪）場,10歳代,その他,施錠せず
窃盗,自転車盗,姫路,香寺,282014,兵庫県,姫路市,香寺町香呂,2023[sanitize]08[sanitize]25,14,その他,駐車（輪）場,10歳代,高校生,施錠せず
窃盗,自転車盗,姫路,香寺,282014,兵庫県,姫路市,香寺町香呂,2023[sanitize]12[sanitize]18,18,４階建て以上共同住宅,駐車（輪）場,10歳代,その他,施錠せず
窃盗,自転車盗,姫路,香寺,282014,兵庫県,姫路市,香寺町中寺,2023[sanitize]09[sanitize]08,20,一戸建住宅,駐車（輪）場,10歳代,高校生,施錠せず
窃盗,自転車盗,姫路,香寺,282014,兵庫県,姫路市,香寺町中屋,2023[sanitize]01[sanitize]29,17,その他,駐車（輪）場,10歳代,中学生,施錠せず
窃盗,自転車盗,姫路,香寺,282014,兵庫県,姫路市,香寺町中屋,2023[sanitize]04[sanitize]18,18,その他,駐車（輪）場,30歳代,その他,施錠せず
窃盗,自転車盗,姫路,香寺,282014,兵庫県,姫路市,香寺町中屋,2023[sanitize]04[sanitize]21,07,その他,駐車（輪）場,10歳代,その他,施錠せず
窃盗,自転車盗,姫路,香寺,282014,兵庫県,姫路市,香寺町中屋,2023[sanitize]04[sanitize]23,07,その他,駐車（輪）場,10歳代,高校生,施錠せず
窃盗,自転車盗,姫路,香寺,282014,兵庫県,姫路市,香寺町中屋,2023[sanitize]07[sanitize]23,12,その他,駐車（輪）場,10歳代,中学生,施錠せず
窃盗,自転車盗,姫路,香寺,282014,兵庫県,姫路市,香寺町中屋,2023[sanitize]08[sanitize]06,15,その他,駐車（輪）場,10歳代,高校生,施錠した
窃盗,自転車盗,姫路,香寺,282014,兵庫県,姫路市,香寺町中屋,2023[sanitize]12[sanitize]14,10,その他,駐車（輪）場,10歳代,その他,施錠せず
窃盗,自転車盗,姫路,香寺,282014,兵庫県,姫路市,香寺町溝口,2023[sanitize]07[sanitize]21,18,その他,駐車（輪）場,20歳代,その他,施錠せず
窃盗,自転車盗,姫路,香寺,282014,兵庫県,姫路市,香寺町溝口,2023[sanitize]07[sanitize]29,15,その他,駐車（輪）場,10歳代,中学生,施錠せず
窃盗,自転車盗,姫路,香寺,282014,兵庫県,姫路市,香寺町溝口,2023[sanitize]08[sanitize]04,11,その他,駐車（輪）場,10歳代,高校生,施錠した
窃盗,自転車盗,姫路,香寺,282014,兵庫県,姫路市,香寺町溝口,2023[sanitize]08[sanitize]18,00,その他,駐車（輪）場,10歳代,大学生,施錠せず
窃盗,自転車盗,姫路,香寺,282014,兵庫県,姫路市,香寺町溝口,2023[sanitize]09[sanitize]03,10,その他,駐車（輪）場,10歳代,中学生,施錠せず
窃盗,自転車盗,姫路,,282014,兵庫県,姫路市,飾磨区三宅２丁目,2023[sanitize]01[sanitize]09,00,駐車（輪）場,駐車（輪）場,50歳代,その他,施錠せず
窃盗,自転車盗,姫路,,282014,兵庫県,姫路市,白浜町,2023[sanitize]04[sanitize]09,21,駐車（輪）場,駐車（輪）場,60[sanitize]64歳,その他,施錠せず
窃盗,自転車盗,飾磨,井ノ口,282014,兵庫県,姫路市,井ノ口,2023[sanitize]06[sanitize]12,15,その他の住宅（３階建て以下共同住宅等）,駐車（輪）場,10歳代,中学生,施錠せず
窃盗,自転車盗,飾磨,井ノ口,282014,兵庫県,姫路市,井ノ口,2023[sanitize]09[sanitize]15,17,その他の住宅（３階建て以下共同住宅等）,駐車（輪）場,20歳代,その他,施錠せず
窃盗,自転車盗,飾磨,井ノ口,282014,兵庫県,姫路市,岡田,2023[sanitize]04[sanitize]12,20,４階建て以上共同住宅,駐車（輪）場,20歳代,その他,施錠せず
窃盗,自転車盗,飾磨,井ノ口,282014,兵庫県,姫路市,岡田,2023[sanitize]04[sanitize]13,16,その他の住宅（３階建て以下共同住宅等）,駐車（輪）場,50歳代,その他,施錠した
窃盗,自転車盗,飾磨,井ノ口,282014,兵庫県,姫路市,西庄,2023[sanitize]06[sanitize]01,17,その他の住宅（３階建て以下共同住宅等）,駐車（輪）場,60[sanitize]64歳,その他,施錠した
窃盗,自転車盗,飾磨,井ノ口,282014,兵庫県,姫路市,西庄,2023[sanitize]09[sanitize]15,16,４階建て以上共同住宅,駐車（輪）場,65[sanitize]69歳,その他,施錠せず
窃盗,自転車盗,飾磨,井ノ口,282014,兵庫県,姫路市,西庄,2023[sanitize]09[sanitize]21,05,その他,駐車（輪）場,20歳代,その他,施錠せず
窃盗,自転車盗,飾磨,井ノ口,282014,兵庫県,姫路市,中地,2023[sanitize]03[sanitize]04,15,その他の住宅（３階建て以下共同住宅等）,駐車（輪）場,10歳代,高校生,施錠せず
窃盗,自転車盗,飾磨,井ノ口,282014,兵庫県,姫路市,中地,2023[sanitize]06[sanitize]07,16,その他の住宅（３階建て以下共同住宅等）,駐車（輪）場,10歳代,高校生,施錠した
窃盗,自転車盗,飾磨,井ノ口,282014,兵庫県,姫路市,町坪,2023[sanitize]05[sanitize]26,19,その他の住宅（３階建て以下共同住宅等）,駐車（輪）場,30歳代,その他,施錠せず
窃盗,自転車盗,飾磨,井ノ口,282014,兵庫県,姫路市,土山５丁目,2023[sanitize]09[sanitize]09,16,４階建て以上共同住宅,駐車（輪）場,40歳代,その他,施錠せず
窃盗,自転車盗,飾磨,井ノ口,282014,兵庫県,姫路市,土山６丁目,2023[sanitize]12[sanitize]06,18,その他の住宅（３階建て以下共同住宅等）,駐車（輪）場,20歳代,その他,施錠せず
窃盗,自転車盗,飾磨,井ノ口,282014,兵庫県,姫路市,土山７丁目,2023[sanitize]05[sanitize]07,00,その他,駐車（輪）場,30歳代,その他,施錠せず
窃盗,自転車盗,飾磨,井ノ口,282014,兵庫県,姫路市,土山７丁目,2023[sanitize]09[sanitize]06,22,４階建て以上共同住宅,駐車（輪）場,10歳代,その他,施錠せず
窃盗,自転車盗,飾磨,井ノ口,282014,兵庫県,姫路市,土山７丁目,2023[sanitize]10[sanitize]11,13,４階建て以上共同住宅,駐車（輪）場,20歳代,その他,施錠した
窃盗,自転車盗,飾磨,井ノ口,282014,兵庫県,姫路市,町坪南町,2023[sanitize]07[sanitize]30,16,その他の住宅（３階建て以下共同住宅等）,駐車（輪）場,50歳代,その他,施錠した
窃盗,自転車盗,飾磨,井ノ口,282014,兵庫県,姫路市,町坪南町,2023[sanitize]07[sanitize]30,16,その他の住宅（３階建て以下共同住宅等）,駐車（輪）場,60[sanitize]64歳,その他,施錠した
窃盗,自転車盗,飾磨,井ノ口,282014,兵庫県,姫路市,苫編南２丁目,2023[sanitize]03[sanitize]20,13,４階建て以上共同住宅,駐車（輪）場,10歳代,高校生,施錠せず
窃盗,自転車盗,飾磨,井ノ口,282014,兵庫県,姫路市,苫編南２丁目,2023[sanitize]04[sanitize]21,18,４階建て以上共同住宅,駐車（輪）場,10歳代,高校生,施錠せず
窃盗,自転車盗,飾磨,井ノ口,282014,兵庫県,姫路市,苫編南２丁目,2023[sanitize]05[sanitize]26,17,４階建て以上共同住宅,駐車（輪）場,40歳代,その他,施錠せず
窃盗,自転車盗,飾磨,今宿,282014,兵庫県,姫路市,今宿,2023[sanitize]07[sanitize]27,08,その他,駐車（輪）場,50歳代,その他,施錠した
窃盗,自転車盗,飾磨,今宿,282014,兵庫県,姫路市,上手野,2023[sanitize]02[sanitize]16,16,駐車（輪）場,駐車（輪）場,30歳代,その他,施錠せず
窃盗,自転車盗,飾磨,今宿,282014,兵庫県,姫路市,上手野,2023[sanitize]04[sanitize]10,17,その他,駐車（輪）場,40歳代,その他,施錠せず
窃盗,自転車盗,飾磨,今宿,282014,兵庫県,姫路市,上手野,2023[sanitize]09[sanitize]22,07,その他,駐車（輪）場,30歳代,その他,施錠せず
窃盗,自転車盗,飾磨,今宿,282014,兵庫県,姫路市,上手野,2023[sanitize]11[sanitize]06,10,４階建て以上共同住宅,駐車（輪）場,50歳代,その他,施錠せず
窃盗,自転車盗,飾磨,今宿,282014,兵庫県,姫路市,北今宿１丁目,2023[sanitize]02[sanitize]25,19,その他の住宅（３階建て以下共同住宅等）,駐車（輪）場,40歳代,その他,施錠した
窃盗,自転車盗,飾磨,今宿,282014,兵庫県,姫路市,飾磨区上野田３丁目,2022[sanitize]12[sanitize]25,17,その他の住宅（３階建て以下共同住宅等）,駐車（輪）場,10歳代,中学生,施錠した
窃盗,自転車盗,飾磨,今宿,282014,兵庫県,姫路市,下手野１丁目,2023[sanitize]03[sanitize]08,09,その他,駐車（輪）場,70歳以上,その他,施錠した
窃盗,自転車盗,飾磨,今宿,282014,兵庫県,姫路市,下手野２丁目,2023[sanitize]06[sanitize]12,21,４階建て以上共同住宅,駐車（輪）場,10歳代,その他,施錠した
窃盗,自転車盗,飾磨,今宿,282014,兵庫県,姫路市,下手野３丁目,2023[sanitize]08[sanitize]10,07,道路上,その他,20歳代,その他,施錠した
窃盗,自転車盗,飾磨,今宿,282014,兵庫県,姫路市,下手野４丁目,2023[sanitize]09[sanitize]01,12,その他の住宅（３階建て以下共同住宅等）,駐車（輪）場,50歳代,その他,施錠せず
窃盗,自転車盗,飾磨,今宿,282014,兵庫県,姫路市,下手野４丁目,2023[sanitize]10[sanitize]14,05,その他の住宅（３階建て以下共同住宅等）,駐車（輪）場,40歳代,その他,施錠せず
窃盗,自転車盗,飾磨,今宿,282014,兵庫県,姫路市,下手野６丁目,2023[sanitize]10[sanitize]31,09,４階建て以上共同住宅,駐車（輪）場,65[sanitize]69歳,その他,施錠せず
窃盗,自転車盗,飾磨,今宿,282014,兵庫県,姫路市,西今宿１丁目,2023[sanitize]07[sanitize]21,06,その他,駐車（輪）場,10歳代,高校生,施錠せず
窃盗,自転車盗,飾磨,今宿,282014,兵庫県,姫路市,西今宿２丁目,2023[sanitize]12[sanitize]22,08,その他,駐車（輪）場,50歳代,その他,施錠せず
窃盗,自転車盗,飾磨,今宿,282014,兵庫県,姫路市,西今宿３丁目,2022[sanitize]12[sanitize]31,08,その他,駐車（輪）場,50歳代,その他,施錠せず
窃盗,自転車盗,飾磨,今宿,282014,兵庫県,姫路市,西今宿３丁目,2023[sanitize]03[sanitize]08,19,その他の住宅（３階建て以下共同住宅等）,駐車（輪）場,10歳代,中学生,施錠せず
窃盗,自転車盗,飾磨,今宿,282014,兵庫県,姫路市,西今宿３丁目,2023[sanitize]04[sanitize]29,11,その他,駐車（輪）場,10歳代,中学生,施錠せず
窃盗,自転車盗,飾磨,今宿,282014,兵庫県,姫路市,西今宿３丁目,2023[sanitize]04[sanitize]29,11,その他,駐車（輪）場,10歳代,中学生,施錠せず
窃盗,自転車盗,飾磨,今宿,282014,兵庫県,姫路市,西今宿３丁目,2023[sanitize]05[sanitize]16,06,その他,駐車（輪）場,30歳代,その他,施錠した
窃盗,自転車盗,飾磨,今宿,282014,兵庫県,姫路市,西今宿３丁目,2023[sanitize]05[sanitize]16,18,その他,駐車（輪）場,20歳代,その他,施錠せず
窃盗,自転車盗,飾磨,今宿,282014,兵庫県,姫路市,西今宿３丁目,2023[sanitize]07[sanitize]27,12,その他,駐車（輪）場,10歳代,中学生,施錠した
窃盗,自転車盗,飾磨,今宿,282014,兵庫県,姫路市,西今宿３丁目,2023[sanitize]09[sanitize]03,16,その他,駐車（輪）場,10歳代,高校生,施錠せず
窃盗,自転車盗,飾磨,今宿,282014,兵庫県,姫路市,西今宿３丁目,2023[sanitize]10[sanitize]26,12,その他,駐車（輪）場,40歳代,その他,施錠した
窃盗,自転車盗,飾磨,今宿,282014,兵庫県,姫路市,西今宿３丁目,2023[sanitize]11[sanitize]06,07,その他,駐車（輪）場,10歳代,高校生,施錠せず
窃盗,自転車盗,飾磨,今宿,282014,兵庫県,姫路市,西今宿３丁目,2023[sanitize]12[sanitize]09,18,その他,駐車（輪）場,20歳代,その他,施錠した
窃盗,自転車盗,飾磨,今宿,282014,兵庫県,姫路市,延末,2023[sanitize]10[sanitize]07,09,その他,駐車（輪）場,50歳代,その他,施錠せず
窃盗,自転車盗,飾磨,今宿,282014,兵庫県,姫路市,東今宿３丁目,2023[sanitize]07[sanitize]13,19,その他の住宅（３階建て以下共同住宅等）,駐車（輪）場,40歳代,その他,施錠した
窃盗,自転車盗,飾磨,今宿,282014,兵庫県,姫路市,東今宿６丁目,2023[sanitize]08[sanitize]31,19,一戸建住宅,駐車（輪）場,60[sanitize]64歳,その他,施錠した
窃盗,自転車盗,飾磨,今宿,282014,兵庫県,姫路市,神子岡前３丁目,2017[sanitize]05[sanitize]10,15,その他,駐車（輪）場,40歳代,その他,施錠せず
窃盗,自転車盗,飾磨,今宿,282014,兵庫県,姫路市,神子岡前３丁目,2022[sanitize]12[sanitize]31,16,その他,駐車（輪）場,10歳代,中学生,施錠せず
窃盗,自転車盗,飾磨,今宿,282014,兵庫県,姫路市,神子岡前３丁目,2023[sanitize]01[sanitize]11,16,その他,駐車（輪）場,10歳代,高校生,施錠せず
窃盗,自転車盗,飾磨,今宿,282014,兵庫県,姫路市,神子岡前３丁目,2023[sanitize]03[sanitize]04,22,その他の住宅（３階建て以下共同住宅等）,駐車（輪）場,10歳代,大学生,施錠せず
窃盗,自転車盗,飾磨,今宿,282014,兵庫県,姫路市,神子岡前３丁目,2023[sanitize]04[sanitize]17,17,その他,駐車（輪）場,10歳代,高校生,施錠せず
窃盗,自転車盗,飾磨,今宿,282014,兵庫県,姫路市,神子岡前３丁目,2023[sanitize]09[sanitize]09,10,その他,駐車（輪）場,10歳代,中学生,施錠せず
窃盗,自転車盗,飾磨,今宿,282014,兵庫県,姫路市,車崎２丁目,2023[sanitize]02[sanitize]27,20,４階建て以上共同住宅,駐車（輪）場,50歳代,その他,施錠した
窃盗,自転車盗,飾磨,八木,282014,兵庫県,姫路市,木場,2023[sanitize]06[sanitize]24,12,一戸建住宅,駐車（輪）場,10歳代,大学生,施錠せず
窃盗,自転車盗,飾磨,八木,282014,兵庫県,姫路市,八家,2022[sanitize]12[sanitize]25,07,その他,駐車（輪）場,40歳代,その他,施錠せず
窃盗,自転車盗,飾磨,八木,282014,兵庫県,姫路市,八家,2023[sanitize]01[sanitize]02,10,その他,駐車（輪）場,20歳代,その他,施錠せず
窃盗,自転車盗,飾磨,八木,282014,兵庫県,姫路市,八家,2023[sanitize]03[sanitize]15,05,その他,駐車（輪）場,10歳代,中学生,施錠せず
窃盗,自転車盗,飾磨,八木,282014,兵庫県,姫路市,八家,2023[sanitize]04[sanitize]04,11,その他,駐車（輪）場,10歳代,高校生,施錠せず
窃盗,自転車盗,飾磨,八木,282014,兵庫県,姫路市,八家,2023[sanitize]07[sanitize]10,07,その他,駐車（輪）場,20歳代,その他,施錠せず
窃盗,自転車盗,飾磨,八木,282014,兵庫県,姫路市,八家,2023[sanitize]07[sanitize]21,10,その他,駐車（輪）場,10歳代,高校生,施錠せず
窃盗,自転車盗,飾磨,八木,282014,兵庫県,姫路市,八家,2023[sanitize]08[sanitize]01,06,その他の住宅（３階建て以下共同住宅等）,駐車（輪）場,30歳代,その他,施錠せず
窃盗,自転車盗,飾磨,八木,282014,兵庫県,姫路市,八家,2023[sanitize]09[sanitize]05,06,その他,駐車（輪）場,10歳代,大学生,施錠せず
窃盗,自転車盗,飾磨,八木,282014,兵庫県,姫路市,八家,2023[sanitize]09[sanitize]29,17,その他,駐車（輪）場,10歳代,高校生,施錠せず
窃盗,自転車盗,飾磨,別所,282014,兵庫県,姫路市,別所町小林,2023[sanitize]05[sanitize]11,06,一戸建住宅,駐車（輪）場,10歳代,高校生,施錠せず
窃盗,自転車盗,飾磨,別所,282014,兵庫県,姫路市,別所町小林,2023[sanitize]06[sanitize]03,19,一戸建住宅,駐車（輪）場,10歳代,高校生,施錠せず
窃盗,自転車盗,飾磨,別所,282014,兵庫県,姫路市,別所町佐土,2023[sanitize]07[sanitize]06,17,一戸建住宅,駐車（輪）場,10歳代,高校生,施錠せず
窃盗,自転車盗,飾磨,別所,282014,兵庫県,姫路市,別所町佐土３丁目,2023[sanitize]09[sanitize]25,16,一戸建住宅,その他,10歳代,中学生,施錠せず
窃盗,自転車盗,飾磨,別所,282014,兵庫県,姫路市,別所町佐土３丁目,2023[sanitize]12[sanitize]16,20,一戸建住宅,駐車（輪）場,10歳代,高校生,施錠せず
窃盗,自転車盗,飾磨,別所,282014,兵庫県,姫路市,別所町別所,2023[sanitize]01[sanitize]10,13,その他の住宅（３階建て以下共同住宅等）,その他,50歳代,その他,施錠せず
窃盗,自転車盗,飾磨,別所,282014,兵庫県,姫路市,別所町別所,2023[sanitize]08[sanitize]14,11,その他の住宅（３階建て以下共同住宅等）,駐車（輪）場,10歳代,その他,施錠せず
窃盗,自転車盗,飾磨,別所,282014,兵庫県,姫路市,別所町別所,2023[sanitize]11[sanitize]03,20,その他の住宅（３階建て以下共同住宅等）,駐車（輪）場,10歳代,中学生,施錠せず
窃盗,自転車盗,飾磨,別所,282014,兵庫県,姫路市,別所町別所２丁目,2022[sanitize]12[sanitize]23,13,その他,駐車（輪）場,10歳代,高校生,施錠せず
窃盗,自転車盗,飾磨,大塩,282014,兵庫県,姫路市,大塩町,2023[sanitize]03[sanitize]11,11,その他,駐車（輪）場,10歳代,中学生,施錠せず
窃盗,自転車盗,飾磨,大塩,282014,兵庫県,姫路市,大塩町,2023[sanitize]04[sanitize]21,08,その他,駐車（輪）場,10歳代,大学生,施錠せず
窃盗,自転車盗,飾磨,大塩,282014,兵庫県,姫路市,大塩町,2023[sanitize]05[sanitize]24,17,その他,駐車（輪）場,20歳代,その他,施錠した
窃盗,自転車盗,飾磨,大塩,282014,兵庫県,姫路市,大塩町,2023[sanitize]07[sanitize]21,17,その他の住宅（３階建て以下共同住宅等）,駐車（輪）場,70歳以上,その他,施錠せず
窃盗,自転車盗,飾磨,妻鹿,282014,兵庫県,姫路市,飾磨区妻鹿,2023[sanitize]03[sanitize]07,11,その他,駐車（輪）場,20歳代,大学生,施錠した
窃盗,自転車盗,飾磨,妻鹿,282014,兵庫県,姫路市,飾磨区妻鹿,2023[sanitize]03[sanitize]10,不明,その他,駐車（輪）場,30歳代,その他,施錠した
窃盗,自転車盗,飾磨,妻鹿,282014,兵庫県,姫路市,飾磨区妻鹿,2023[sanitize]04[sanitize]14,08,その他,駐車（輪）場,10歳代,大学生,施錠せず
窃盗,自転車盗,飾磨,妻鹿,282014,兵庫県,姫路市,飾磨区妻鹿,2023[sanitize]07[sanitize]11,07,その他,駐車（輪）場,20歳代,大学生,施錠せず
窃盗,自転車盗,飾磨,妻鹿,282014,兵庫県,姫路市,飾磨区妻鹿,2023[sanitize]07[sanitize]14,16,その他,駐車（輪）場,10歳代,大学生,施錠した
窃盗,自転車盗,飾磨,妻鹿,282014,兵庫県,姫路市,飾磨区妻鹿,2023[sanitize]08[sanitize]24,09,その他,駐車（輪）場,10歳代,高校生,施錠せず
窃盗,自転車盗,飾磨,妻鹿,282014,兵庫県,姫路市,飾磨区妻鹿日田町,2023[sanitize]08[sanitize]05,08,その他,駐車（輪）場,40歳代,その他,施錠せず
窃盗,自転車盗,飾磨,妻鹿,282014,兵庫県,姫路市,白浜町,2023[sanitize]02[sanitize]04,17,駐車（輪）場,駐車（輪）場,10歳代,中学生,施錠せず
窃盗,自転車盗,飾磨,宮,282014,兵庫県,姫路市,飾磨区恵美酒,2023[sanitize]07[sanitize]30,16,４階建て以上共同住宅,駐車（輪）場,10歳代,中学生,施錠せず
窃盗,自転車盗,飾磨,宮,282014,兵庫県,姫路市,飾磨区恵美酒,2023[sanitize]09[sanitize]02,18,その他,駐車（輪）場,10歳代,高校生,施錠せず
窃盗,自転車盗,飾磨,宮,282014,兵庫県,姫路市,飾磨区恵美酒,2023[sanitize]09[sanitize]16,18,４階建て以上共同住宅,駐車（輪）場,20歳代,その他,施錠せず
窃盗,自転車盗,飾磨,宮,282014,兵庫県,姫路市,飾磨区清水,2023[sanitize]08[sanitize]16,08,その他,駐車（輪）場,10歳代,高校生,施錠せず
窃盗,自転車盗,飾磨,宮,282014,兵庫県,姫路市,飾磨区細江,2023[sanitize]01[sanitize]26,12,その他,駐車（輪）場,10歳代,高校生,施錠せず
窃盗,自転車盗,飾磨,宮,282014,兵庫県,姫路市,飾磨区細江,2023[sanitize]04[sanitize]06,14,その他,駐車（輪）場,10歳代,その他,施錠せず
窃盗,自転車盗,飾磨,宮,282014,兵庫県,姫路市,飾磨区細江,2023[sanitize]05[sanitize]04,19,その他,駐車（輪）場,10歳代,高校生,施錠せず
窃盗,自転車盗,飾磨,宮,282014,兵庫県,姫路市,飾磨区細江,2023[sanitize]06[sanitize]01,20,その他,駐車（輪）場,10歳代,高校生,施錠せず
窃盗,自転車盗,飾磨,宮,282014,兵庫県,姫路市,飾磨区細江,2023[sanitize]06[sanitize]18,09,その他,駐車（輪）場,20歳代,その他,施錠せず
窃盗,自転車盗,飾磨,宮,282014,兵庫県,姫路市,飾磨区細江,2023[sanitize]06[sanitize]30,16,その他,その他,10歳代,中学生,施錠せず
窃盗,自転車盗,飾磨,宮,282014,兵庫県,姫路市,飾磨区細江,2023[sanitize]07[sanitize]20,10,道路上,その他,10歳代,高校生,施錠せず
窃盗,自転車盗,飾磨,宮,282014,兵庫県,姫路市,飾磨区細江,2023[sanitize]10[sanitize]09,10,その他,駐車（輪）場,10歳代,高校生,施錠せず
窃盗,自転車盗,飾磨,宮,282014,兵庫県,姫路市,飾磨区細江,2023[sanitize]10[sanitize]09,14,その他,駐車（輪）場,20歳代,その他,施錠した
窃盗,自転車盗,飾磨,宮,282014,兵庫県,姫路市,飾磨区細江,2023[sanitize]10[sanitize]12,08,その他,駐車（輪）場,10歳代,高校生,施錠せず
窃盗,自転車盗,飾磨,宮,282014,兵庫県,姫路市,飾磨区細江,2023[sanitize]10[sanitize]18,11,その他,駐車（輪）場,70歳以上,その他,施錠せず
窃盗,自転車盗,飾磨,宮,282014,兵庫県,姫路市,飾磨区細江,2023[sanitize]11[sanitize]28,11,その他,駐車（輪）場,70歳以上,その他,施錠した
窃盗,自転車盗,飾磨,宮,282014,兵庫県,姫路市,飾磨区宮,2023[sanitize]03[sanitize]05,17,その他,駐車（輪）場,10歳代,その他,施錠せず
窃盗,自転車盗,飾磨,宮,282014,兵庫県,姫路市,飾磨区宮,2023[sanitize]09[sanitize]29,06,その他,駐車（輪）場,20歳代,その他,施錠せず
窃盗,自転車盗,飾磨,御国野,282014,兵庫県,姫路市,四郷町東阿保,2023[sanitize]01[sanitize]23,12,駐車（輪）場,駐車（輪）場,20歳代,その他,施錠せず
窃盗,自転車盗,飾磨,御国野,282014,兵庫県,姫路市,四郷町東阿保,2023[sanitize]11[sanitize]20,19,その他の住宅（３階建て以下共同住宅等）,駐車（輪）場,10歳代,中学生,施錠せず
窃盗,自転車盗,飾磨,御国野,282014,兵庫県,姫路市,四郷町見野,2023[sanitize]01[sanitize]24,07,その他の住宅（３階建て以下共同住宅等）,駐車（輪）場,10歳代,その他,施錠せず
窃盗,自転車盗,飾磨,御国野,282014,兵庫県,姫路市,四郷町山脇,2023[sanitize]06[sanitize]24,22,一戸建住宅,駐車（輪）場,10歳代,高校生,施錠せず
窃盗,自転車盗,飾磨,御国野,282014,兵庫県,姫路市,四郷町山脇,2023[sanitize]10[sanitize]12,01,その他の住宅（３階建て以下共同住宅等）,駐車（輪）場,20歳代,その他,施錠せず
窃盗,自転車盗,飾磨,御国野,282014,兵庫県,姫路市,四郷町山脇,2023[sanitize]12[sanitize]14,20,その他の住宅（３階建て以下共同住宅等）,駐車（輪）場,10歳代,その他,施錠せず
窃盗,自転車盗,飾磨,御国野,282014,兵庫県,姫路市,御国野町国分寺,2023[sanitize]03[sanitize]10,22,その他の住宅（３階建て以下共同住宅等）,駐車（輪）場,30歳代,その他,施錠せず
窃盗,自転車盗,飾磨,御国野,282014,兵庫県,姫路市,御国野町国分寺,2023[sanitize]04[sanitize]28,18,一戸建住宅,その他,10歳代,中学生,施錠せず
窃盗,自転車盗,飾磨,御国野,282014,兵庫県,姫路市,御国野町国分寺,2023[sanitize]06[sanitize]22,09,駐車（輪）場,駐車（輪）場,20歳代,その他,施錠せず
窃盗,自転車盗,飾磨,御国野,282014,兵庫県,姫路市,御国野町国分寺,2023[sanitize]07[sanitize]17,17,その他の住宅（３階建て以下共同住宅等）,駐車（輪）場,20歳代,その他,施錠せず
窃盗,自転車盗,飾磨,御国野,282014,兵庫県,姫路市,御国野町国分寺,2023[sanitize]08[sanitize]11,22,一戸建住宅,駐車（輪）場,20歳代,その他,施錠せず
窃盗,自転車盗,飾磨,御国野,282014,兵庫県,姫路市,御国野町御着,2023[sanitize]04[sanitize]05,10,その他,駐車（輪）場,70歳以上,その他,施錠した
窃盗,自転車盗,飾磨,御国野,282014,兵庫県,姫路市,御国野町御着,2023[sanitize]06[sanitize]08,17,４階建て以上共同住宅,駐車（輪）場,65[sanitize]69歳,その他,施錠せず
窃盗,自転車盗,飾磨,御国野,282014,兵庫県,姫路市,御国野町御着,2023[sanitize]09[sanitize]11,21,４階建て以上共同住宅,駐車（輪）場,10歳代,中学生,施錠した
窃盗,自転車盗,飾磨,御国野,282014,兵庫県,姫路市,御国野町御着,2023[sanitize]11[sanitize]15,07,その他,駐車（輪）場,10歳代,高校生,施錠せず
窃盗,自転車盗,飾磨,御国野,282014,兵庫県,姫路市,御国野町御着,2023[sanitize]12[sanitize]01,20,その他の住宅（３階建て以下共同住宅等）,駐車（輪）場,20歳代,その他,施錠した
窃盗,自転車盗,飾磨,御国野,282014,兵庫県,姫路市,御国野町御着,2023[sanitize]12[sanitize]08,07,その他の住宅（３階建て以下共同住宅等）,駐車（輪）場,20歳代,その他,施錠せず
窃盗,自転車盗,飾磨,御国野,282014,兵庫県,姫路市,御国野町深志野,2023[sanitize]05[sanitize]29,03,その他,駐車（輪）場,30歳代,その他,施錠せず
窃盗,自転車盗,飾磨,思案橋,282014,兵庫県,姫路市,飾磨区今在家２丁目,2023[sanitize]05[sanitize]28,17,一戸建住宅,駐車（輪）場,40歳代,その他,施錠せず
窃盗,自転車盗,飾磨,思案橋,282014,兵庫県,姫路市,飾磨区今在家２丁目,2023[sanitize]06[sanitize]09,08,その他,駐車（輪）場,20歳代,その他,施錠せず
窃盗,自転車盗,飾磨,思案橋,282014,兵庫県,姫路市,飾磨区今在家２丁目,2023[sanitize]07[sanitize]13,08,駐車（輪）場,駐車（輪）場,20歳代,大学生,施錠せず
窃盗,自転車盗,飾磨,思案橋,282014,兵庫県,姫路市,飾磨区今在家２丁目,2023[sanitize]10[sanitize]06,20,その他,その他,30歳代,その他,施錠せず
窃盗,自転車盗,飾磨,思案橋,282014,兵庫県,姫路市,飾磨区今在家４丁目,2023[sanitize]02[sanitize]04,08,駐車（輪）場,駐車（輪）場,20歳代,その他,施錠せず
窃盗,自転車盗,飾磨,思案橋,282014,兵庫県,姫路市,飾磨区今在家４丁目,2023[sanitize]02[sanitize]10,17,駐車（輪）場,駐車（輪）場,40歳代,その他,施錠せず
窃盗,自転車盗,飾磨,思案橋,282014,兵庫県,姫路市,飾磨区今在家４丁目,2023[sanitize]03[sanitize]27,12,その他,駐車（輪）場,10歳代,中学生,施錠せず
窃盗,自転車盗,飾磨,思案橋,282014,兵庫県,姫路市,飾磨区今在家４丁目,2023[sanitize]04[sanitize]11,07,その他,駐車（輪）場,10歳代,高校生,施錠せず
窃盗,自転車盗,飾磨,思案橋,282014,兵庫県,姫路市,飾磨区今在家４丁目,2023[sanitize]08[sanitize]25,07,その他,駐車（輪）場,20歳代,大学生,施錠せず
窃盗,自転車盗,飾磨,思案橋,282014,兵庫県,姫路市,飾磨区今在家４丁目,2023[sanitize]10[sanitize]12,07,その他,駐車（輪）場,20歳代,その他,施錠せず
窃盗,自転車盗,飾磨,思案橋,282014,兵庫県,姫路市,飾磨区今在家４丁目,2023[sanitize]11[sanitize]07,07,その他,駐車（輪）場,10歳代,高校生,施錠せず
窃盗,自転車盗,飾磨,思案橋,282014,兵庫県,姫路市,飾磨区今在家４丁目,2023[sanitize]11[sanitize]12,12,その他,駐車（輪）場,40歳代,その他,施錠せず
窃盗,自転車盗,飾磨,思案橋,282014,兵庫県,姫路市,飾磨区今在家４丁目,2023[sanitize]11[sanitize]14,08,その他,駐車（輪）場,40歳代,その他,施錠せず
窃盗,自転車盗,飾磨,思案橋,282014,兵庫県,姫路市,飾磨区今在家４丁目,2023[sanitize]11[sanitize]28,07,その他,駐車（輪）場,10歳代,高校生,施錠せず
窃盗,自転車盗,飾磨,思案橋,282014,兵庫県,姫路市,飾磨区今在家６丁目,2023[sanitize]04[sanitize]13,08,その他の住宅（３階建て以下共同住宅等）,駐車（輪）場,20歳代,その他,施錠した
窃盗,自転車盗,飾磨,思案橋,282014,兵庫県,姫路市,飾磨区今在家７丁目,2023[sanitize]12[sanitize]06,21,その他の住宅（３階建て以下共同住宅等）,駐車（輪）場,10歳代,大学生,施錠せず
窃盗,自転車盗,飾磨,思案橋,282014,兵庫県,姫路市,飾磨区構１丁目,2023[sanitize]06[sanitize]04,20,一戸建住宅,その他,30歳代,その他,施錠せず
窃盗,自転車盗,飾磨,思案橋,282014,兵庫県,姫路市,飾磨区構２丁目,2023[sanitize]02[sanitize]10,16,その他の住宅（３階建て以下共同住宅等）,駐車（輪）場,10歳代,小学生,施錠した
窃盗,自転車盗,飾磨,思案橋,282014,兵庫県,姫路市,飾磨区構２丁目,2023[sanitize]03[sanitize]18,14,その他,駐車（輪）場,20歳代,大学生,施錠せず
窃盗,自転車盗,飾磨,思案橋,282014,兵庫県,姫路市,飾磨区構２丁目,2023[sanitize]04[sanitize]22,21,その他の住宅（３階建て以下共同住宅等）,駐車（輪）場,20歳代,その他,施錠した
窃盗,自転車盗,飾磨,思案橋,282014,兵庫県,姫路市,飾磨区構３丁目,2023[sanitize]02[sanitize]21,10,その他,駐車（輪）場,70歳以上,その他,施錠せず
窃盗,自転車盗,飾磨,思案橋,282014,兵庫県,姫路市,飾磨区構３丁目,2023[sanitize]03[sanitize]04,17,その他の住宅（３階建て以下共同住宅等）,駐車（輪）場,10歳代,小学生,施錠せず
窃盗,自転車盗,飾磨,思案橋,282014,兵庫県,姫路市,飾磨区構３丁目,2023[sanitize]09[sanitize]11,10,その他の住宅（３階建て以下共同住宅等）,その他,10歳代,高校生,施錠せず
窃盗,自転車盗,飾磨,思案橋,282014,兵庫県,姫路市,飾磨区構５丁目,2023[sanitize]03[sanitize]22,15,駐車（輪）場,駐車（輪）場,10歳代,高校生,施錠した
窃盗,自転車盗,飾磨,思案橋,282014,兵庫県,姫路市,飾磨区加茂南,2023[sanitize]03[sanitize]11,15,一戸建住宅,駐車（輪）場,60[sanitize]64歳,その他,施錠せず
窃盗,自転車盗,飾磨,手柄,282014,兵庫県,姫路市,飯田,2022[sanitize]09[sanitize]16,13,その他の住宅（３階建て以下共同住宅等）,その他,30歳代,その他,施錠せず
窃盗,自転車盗,飾磨,手柄,282014,兵庫県,姫路市,飯田２丁目,2023[sanitize]10[sanitize]27,18,その他の住宅（３階建て以下共同住宅等）,駐車（輪）場,10歳代,高校生,施錠せず
窃盗,自転車盗,飾磨,手柄,282014,兵庫県,姫路市,亀山,2023[sanitize]02[sanitize]15,20,駐車（輪）場,駐車（輪）場,40歳代,その他,施錠した
窃盗,自転車盗,飾磨,手柄,282014,兵庫県,姫路市,亀山,2023[sanitize]04[sanitize]06,07,駐車（輪）場,駐車（輪）場,20歳代,その他,施錠した
窃盗,自転車盗,飾磨,手柄,282014,兵庫県,姫路市,亀山,2023[sanitize]04[sanitize]06,18,４階建て以上共同住宅,駐車（輪）場,20歳代,大学生,施錠せず
窃盗,自転車盗,飾磨,手柄,282014,兵庫県,姫路市,栗山町,2023[sanitize]11[sanitize]20,22,一戸建住宅,駐車（輪）場,70歳以上,その他,施錠せず
窃盗,自転車盗,飾磨,手柄,282014,兵庫県,姫路市,飾磨区亀山,2023[sanitize]03[sanitize]11,09,その他,駐車（輪）場,20歳代,その他,施錠せず
窃盗,自転車盗,飾磨,手柄,282014,兵庫県,姫路市,手柄,2023[sanitize]07[sanitize]11,18,その他の住宅（３階建て以下共同住宅等）,駐車（輪）場,30歳代,その他,施錠せず
窃盗,自転車盗,飾磨,手柄,282014,兵庫県,姫路市,手柄１丁目,2023[sanitize]07[sanitize]01,20,その他の住宅（３階建て以下共同住宅等）,駐車（輪）場,20歳代,その他,施錠せず
窃盗,自転車盗,飾磨,手柄,282014,兵庫県,姫路市,手柄２丁目,2023[sanitize]05[sanitize]28,10,一戸建住宅,その他,40歳代,その他,施錠せず
窃盗,自転車盗,飾磨,手柄,282014,兵庫県,姫路市,西延末,2023[sanitize]09[sanitize]28,17,その他,駐車（輪）場,10歳代,高校生,施錠せず
窃盗,自転車盗,飾磨,手柄,282014,兵庫県,姫路市,延末,2022[sanitize]11[sanitize]27,11,その他,駐車（輪）場,10歳代,高校生,施錠せず
窃盗,自転車盗,飾磨,手柄,282014,兵庫県,姫路市,延末,2023[sanitize]08[sanitize]01,18,一戸建住宅,駐車（輪）場,10歳代,小学生,施錠せず
窃盗,自転車盗,飾磨,手柄,282014,兵庫県,姫路市,延末,2023[sanitize]10[sanitize]02,19,駐車（輪）場,駐車（輪）場,10歳代,その他,施錠した
窃盗,自転車盗,飾磨,手柄,282014,兵庫県,姫路市,延末,2023[sanitize]10[sanitize]08,09,その他,駐車（輪）場,10歳代,その他,施錠せず
窃盗,自転車盗,飾磨,手柄,282014,兵庫県,姫路市,延末,2023[sanitize]11[sanitize]08,12,その他,駐車（輪）場,50歳代,その他,施錠せず
窃盗,自転車盗,飾磨,手柄,282014,兵庫県,姫路市,東延末,2023[sanitize]02[sanitize]14,16,駐車（輪）場,駐車（輪）場,10歳代,大学生,施錠した
窃盗,自転車盗,飾磨,手柄,282014,兵庫県,姫路市,東延末,2023[sanitize]03[sanitize]05,10,その他,駐車（輪）場,10歳代,中学生,施錠せず
窃盗,自転車盗,飾磨,手柄,282014,兵庫県,姫路市,東延末,2023[sanitize]07[sanitize]14,14,その他,駐車（輪）場,10歳代,高校生,施錠せず
窃盗,自転車盗,飾磨,手柄,282014,兵庫県,姫路市,東延末１丁目,2023[sanitize]05[sanitize]04,20,駐車（輪）場,駐車（輪）場,30歳代,その他,施錠せず
窃盗,自転車盗,飾磨,手柄,282014,兵庫県,姫路市,東延末１丁目,2023[sanitize]07[sanitize]06,09,駐車（輪）場,駐車（輪）場,40歳代,その他,施錠した
窃盗,自転車盗,飾磨,手柄,282014,兵庫県,姫路市,東延末１丁目,2023[sanitize]07[sanitize]24,08,駐車（輪）場,駐車（輪）場,20歳代,その他,施錠せず
窃盗,自転車盗,飾磨,手柄,282014,兵庫県,姫路市,東延末２丁目,2022[sanitize]12[sanitize]16,23,その他の住宅（３階建て以下共同住宅等）,駐車（輪）場,20歳代,その他,施錠せず
窃盗,自転車盗,飾磨,手柄,282014,兵庫県,姫路市,東延末２丁目,2023[sanitize]02[sanitize]16,17,その他の住宅（３階建て以下共同住宅等）,駐車（輪）場,40歳代,その他,施錠せず
窃盗,自転車盗,飾磨,手柄,282014,兵庫県,姫路市,東延末２丁目,不明,不明,道路上,その他,10歳代,大学生,施錠せず
窃盗,自転車盗,飾磨,手柄,282014,兵庫県,姫路市,東延末４丁目,2023[sanitize]08[sanitize]12,22,駐車（輪）場,駐車（輪）場,20歳代,その他,施錠せず
窃盗,自転車盗,飾磨,手柄,282014,兵庫県,姫路市,東延末５丁目,2023[sanitize]02[sanitize]22,20,その他の住宅（３階建て以下共同住宅等）,駐車（輪）場,30歳代,その他,施錠した
窃盗,自転車盗,飾磨,手柄,282014,兵庫県,姫路市,東延末５丁目,2023[sanitize]07[sanitize]08,11,その他,駐車（輪）場,10歳代,高校生,施錠せず
窃盗,自転車盗,飾磨,手柄,282014,兵庫県,姫路市,東延末５丁目,2023[sanitize]07[sanitize]16,07,その他,駐車（輪）場,10歳代,高校生,施錠せず
窃盗,自転車盗,飾磨,手柄,282014,兵庫県,姫路市,東延末５丁目,2023[sanitize]08[sanitize]05,19,その他,駐車（輪）場,10歳代,その他,施錠せず
窃盗,自転車盗,飾磨,手柄,282014,兵庫県,姫路市,東延末５丁目,2023[sanitize]09[sanitize]26,06,その他,駐車（輪）場,10歳代,その他,施錠せず
窃盗,自転車盗,飾磨,手柄,282014,兵庫県,姫路市,東延末５丁目,2023[sanitize]12[sanitize]03,07,その他,駐車（輪）場,10歳代,高校生,施錠せず
窃盗,自転車盗,飾磨,手柄,282014,兵庫県,姫路市,安田２丁目,2023[sanitize]02[sanitize]24,22,その他の住宅（３階建て以下共同住宅等）,駐車（輪）場,20歳代,その他,施錠した
窃盗,自転車盗,飾磨,手柄,282014,兵庫県,姫路市,安田２丁目,2023[sanitize]08[sanitize]22,08,その他,駐車（輪）場,20歳代,その他,施錠せず
窃盗,自転車盗,飾磨,手柄,282014,兵庫県,姫路市,安田４丁目,2022[sanitize]12[sanitize]27,09,その他,駐車（輪）場,20歳代,その他,施錠せず
窃盗,自転車盗,飾磨,東山,282014,兵庫県,姫路市,兼田,2023[sanitize]05[sanitize]08,00,その他の住宅（３階建て以下共同住宅等）,駐車（輪）場,20歳代,大学生,施錠せず
窃盗,自転車盗,飾磨,東山,282014,兵庫県,姫路市,兼田,2023[sanitize]07[sanitize]31,08,駐車（輪）場,駐車（輪）場,20歳代,大学生,施錠せず
窃盗,自転車盗,飾磨,東山,282014,兵庫県,姫路市,兼田,2023[sanitize]10[sanitize]11,08,その他,その他,20歳代,大学生,施錠せず
窃盗,自転車盗,飾磨,東山,282014,兵庫県,姫路市,北原,2023[sanitize]06[sanitize]01,19,その他の住宅（３階建て以下共同住宅等）,駐車（輪）場,50歳代,その他,施錠せず
窃盗,自転車盗,飾磨,東山,282014,兵庫県,姫路市,北原,2023[sanitize]06[sanitize]20,20,一戸建住宅,その他,10歳代,高校生,施錠せず
窃盗,自転車盗,飾磨,東山,282014,兵庫県,姫路市,飾磨区中島１丁目,2023[sanitize]01[sanitize]17,14,その他,駐車（輪）場,10歳代,中学生,施錠せず
窃盗,自転車盗,飾磨,東山,282014,兵庫県,姫路市,継,2022[sanitize]10[sanitize]15,17,その他の住宅（３階建て以下共同住宅等）,駐車（輪）場,10歳代,中学生,施錠せず
窃盗,自転車盗,飾磨,東山,282014,兵庫県,姫路市,継,2023[sanitize]07[sanitize]06,17,その他の住宅（３階建て以下共同住宅等）,駐車（輪）場,10歳代,中学生,施錠せず
窃盗,自転車盗,飾磨,東山,282014,兵庫県,姫路市,東山,2023[sanitize]07[sanitize]24,15,その他,駐車（輪）場,30歳代,その他,施錠した
窃盗,自転車盗,飾磨,清水,282014,兵庫県,姫路市,,2023[sanitize]10[sanitize]08,20,その他,駐車（輪）場,20歳代,その他,施錠せず
窃盗,自転車盗,飾磨,清水,282014,兵庫県,姫路市,飾磨区恵美酒,2023[sanitize]02[sanitize]07,12,４階建て以上共同住宅,駐車（輪）場,70歳以上,その他,施錠せず
窃盗,自転車盗,飾磨,清水,282014,兵庫県,姫路市,飾磨区恵美酒,2023[sanitize]04[sanitize]04,22,駐車（輪）場,駐車（輪）場,10歳代,その他,施錠せず
窃盗,自転車盗,飾磨,清水,282014,兵庫県,姫路市,飾磨区恵美酒,2023[sanitize]05[sanitize]28,21,その他の住宅（３階建て以下共同住宅等）,駐車（輪）場,30歳代,その他,施錠せず
窃盗,自転車盗,飾磨,清水,282014,兵庫県,姫路市,飾磨区恵美酒,2023[sanitize]06[sanitize]03,18,その他,駐車（輪）場,40歳代,その他,施錠せず
窃盗,自転車盗,飾磨,清水,282014,兵庫県,姫路市,飾磨区恵美酒,2023[sanitize]06[sanitize]15,08,その他,駐車（輪）場,20歳代,その他,施錠せず
窃盗,自転車盗,飾磨,清水,282014,兵庫県,姫路市,飾磨区亀山,2023[sanitize]02[sanitize]26,23,一戸建住宅,駐車（輪）場,70歳以上,その他,施錠せず
窃盗,自転車盗,飾磨,清水,282014,兵庫県,姫路市,飾磨区清水,2023[sanitize]01[sanitize]06,11,駐車（輪）場,駐車（輪）場,10歳代,中学生,施錠した
窃盗,自転車盗,飾磨,清水,282014,兵庫県,姫路市,飾磨区清水,2023[sanitize]02[sanitize]17,16,駐車（輪）場,駐車（輪）場,10歳代,大学生,施錠せず
窃盗,自転車盗,飾磨,清水,282014,兵庫県,姫路市,飾磨区清水,2023[sanitize]03[sanitize]03,15,その他,駐車（輪）場,20歳代,その他,施錠せず
窃盗,自転車盗,飾磨,清水,282014,兵庫県,姫路市,飾磨区清水,2023[sanitize]03[sanitize]06,18,４階建て以上共同住宅,駐車（輪）場,10歳代,小学生,施錠した
窃盗,自転車盗,飾磨,清水,282014,兵庫県,姫路市,飾磨区清水,2023[sanitize]03[sanitize]07,07,その他,駐車（輪）場,20歳代,その他,施錠せず
窃盗,自転車盗,飾磨,清水,282014,兵庫県,姫路市,飾磨区清水,2023[sanitize]05[sanitize]28,09,その他,駐車（輪）場,10歳代,その他,施錠せず
窃盗,自転車盗,飾磨,清水,282014,兵庫県,姫路市,飾磨区清水,2023[sanitize]08[sanitize]11,14,その他の住宅（３階建て以下共同住宅等）,駐車（輪）場,20歳代,その他,施錠せず
窃盗,自転車盗,飾磨,清水,282014,兵庫県,姫路市,飾磨区清水,2023[sanitize]09[sanitize]01,07,その他,駐車（輪）場,30歳代,その他,施錠せず
窃盗,自転車盗,飾磨,清水,282014,兵庫県,姫路市,飾磨区清水,2023[sanitize]10[sanitize]07,07,その他,駐車（輪）場,10歳代,高校生,施錠せず
窃盗,自転車盗,飾磨,清水,282014,兵庫県,姫路市,飾磨区清水,2023[sanitize]10[sanitize]19,08,その他,駐車（輪）場,20歳代,その他,施錠した
窃盗,自転車盗,飾磨,清水,282014,兵庫県,姫路市,飾磨区清水１丁目,2023[sanitize]01[sanitize]06,11,駐車（輪）場,駐車（輪）場,10歳代,中学生,施錠した
窃盗,自転車盗,飾磨,清水,282014,兵庫県,姫路市,飾磨区清水１丁目,2023[sanitize]01[sanitize]06,11,駐車（輪）場,駐車（輪）場,10歳代,中学生,施錠した
窃盗,自転車盗,飾磨,清水,282014,兵庫県,姫路市,飾磨区清水１丁目,2023[sanitize]02[sanitize]27,08,その他,駐車（輪）場,10歳代,高校生,施錠した
窃盗,自転車盗,飾磨,清水,282014,兵庫県,姫路市,飾磨区清水１丁目,2023[sanitize]12[sanitize]01,07,その他,駐車（輪）場,50歳代,その他,施錠せず
窃盗,自転車盗,飾磨,清水,282014,兵庫県,姫路市,飾磨区玉地,2023[sanitize]04[sanitize]13,06,その他,駐車（輪）場,10歳代,高校生,施錠した
窃盗,自転車盗,飾磨,清水,282014,兵庫県,姫路市,飾磨区玉地,2023[sanitize]10[sanitize]06,08,その他,駐車（輪）場,10歳代,その他,施錠せず
窃盗,自転車盗,飾磨,清水,282014,兵庫県,姫路市,飾磨区玉地１丁目,2020[sanitize]04[sanitize]01,00,４階建て以上共同住宅,駐車（輪）場,20歳代,その他,施錠した
窃盗,自転車盗,飾磨,清水,282014,兵庫県,姫路市,飾磨区玉地１丁目,2023[sanitize]07[sanitize]01,08,その他,駐車（輪）場,20歳代,その他,施錠せず
窃盗,自転車盗,飾磨,清水,282014,兵庫県,姫路市,飾磨区玉地１丁目,2023[sanitize]08[sanitize]12,00,その他,駐車（輪）場,20歳代,その他,施錠した
窃盗,自転車盗,飾磨,清水,282014,兵庫県,姫路市,飾磨区玉地１丁目,2023[sanitize]09[sanitize]17,07,その他,駐車（輪）場,10歳代,大学生,施錠せず
窃盗,自転車盗,飾磨,清水,282014,兵庫県,姫路市,飾磨区玉地１丁目,2023[sanitize]09[sanitize]19,07,その他,駐車（輪）場,10歳代,高校生,施錠せず
窃盗,自転車盗,飾磨,清水,282014,兵庫県,姫路市,飾磨区玉地１丁目,2023[sanitize]10[sanitize]18,15,その他,駐車（輪）場,20歳代,大学生,施錠せず
窃盗,自転車盗,飾磨,清水,282014,兵庫県,姫路市,飾磨区玉地１丁目,2023[sanitize]12[sanitize]07,18,その他,駐車（輪）場,50歳代,その他,施錠せず
窃盗,自転車盗,飾磨,清水,282014,兵庫県,姫路市,飾磨区都倉２丁目,2023[sanitize]03[sanitize]02,15,一戸建住宅,駐車（輪）場,65[sanitize]69歳,その他,施錠せず
窃盗,自転車盗,飾磨,清水,282014,兵庫県,姫路市,飾磨区細江,2023[sanitize]03[sanitize]05,13,一戸建住宅,駐車（輪）場,40歳代,その他,施錠せず
窃盗,自転車盗,飾磨,清水,282014,兵庫県,姫路市,飾磨区三宅１丁目,2023[sanitize]08[sanitize]17,21,４階建て以上共同住宅,駐車（輪）場,20歳代,その他,施錠せず
窃盗,自転車盗,飾磨,白浜,282014,兵庫県,姫路市,白浜町,2022[sanitize]12[sanitize]30,10,その他,駐車（輪）場,20歳代,その他,施錠せず
窃盗,自転車盗,飾磨,白浜,282014,兵庫県,姫路市,白浜町,2023[sanitize]01[sanitize]06,13,駐車（輪）場,駐車（輪）場,10歳代,小学生,施錠せず
窃盗,自転車盗,飾磨,白浜,282014,兵庫県,姫路市,白浜町,2023[sanitize]01[sanitize]26,08,駐車（輪）場,駐車（輪）場,20歳代,その他,施錠した
窃盗,自転車盗,飾磨,白浜,282014,兵庫県,姫路市,白浜町,2023[sanitize]02[sanitize]05,14,駐車（輪）場,駐車（輪）場,10歳代,中学生,施錠せず
窃盗,自転車盗,飾磨,白浜,282014,兵庫県,姫路市,白浜町,2023[sanitize]02[sanitize]15,09,一戸建住宅,駐車（輪）場,10歳代,高校生,施錠せず
窃盗,自転車盗,飾磨,白浜,282014,兵庫県,姫路市,白浜町,2023[sanitize]03[sanitize]06,07,駐車（輪）場,駐車（輪）場,40歳代,その他,施錠せず
窃盗,自転車盗,飾磨,白浜,282014,兵庫県,姫路市,白浜町,2023[sanitize]03[sanitize]15,23,駐車（輪）場,駐車（輪）場,10歳代,中学生,施錠せず
窃盗,自転車盗,飾磨,白浜,282014,兵庫県,姫路市,白浜町,2023[sanitize]03[sanitize]21,07,その他,駐車（輪）場,10歳代,高校生,施錠せず
窃盗,自転車盗,飾磨,白浜,282014,兵庫県,姫路市,白浜町,2023[sanitize]03[sanitize]23,11,その他,駐車（輪）場,10歳代,中学生,施錠せず
窃盗,自転車盗,飾磨,白浜,282014,兵庫県,姫路市,白浜町,2023[sanitize]04[sanitize]10,19,駐車（輪）場,駐車（輪）場,60[sanitize]64歳,その他,施錠した
窃盗,自転車盗,飾磨,白浜,282014,兵庫県,姫路市,白浜町,2023[sanitize]04[sanitize]20,07,その他,駐車（輪）場,10歳代,高校生,施錠せず
窃盗,自転車盗,飾磨,白浜,282014,兵庫県,姫路市,白浜町,2023[sanitize]04[sanitize]20,07,駐車（輪）場,駐車（輪）場,10歳代,中学生,施錠せず
窃盗,自転車盗,飾磨,白浜,282014,兵庫県,姫路市,白浜町,2023[sanitize]04[sanitize]24,07,駐車（輪）場,駐車（輪）場,10歳代,高校生,施錠せず
窃盗,自転車盗,飾磨,白浜,282014,兵庫県,姫路市,白浜町,2023[sanitize]05[sanitize]05,09,その他,駐車（輪）場,10歳代,高校生,施錠せず
窃盗,自転車盗,飾磨,白浜,282014,兵庫県,姫路市,白浜町,2023[sanitize]05[sanitize]05,09,その他,駐車（輪）場,60[sanitize]64歳,その他,施錠せず
窃盗,自転車盗,飾磨,白浜,282014,兵庫県,姫路市,白浜町,2023[sanitize]05[sanitize]20,13,その他,駐車（輪）場,10歳代,中学生,施錠せず
窃盗,自転車盗,飾磨,白浜,282014,兵庫県,姫路市,白浜町,2023[sanitize]06[sanitize]23,17,一戸建住宅,駐車（輪）場,10歳代,高校生,施錠せず
窃盗,自転車盗,飾磨,白浜,282014,兵庫県,姫路市,白浜町,2023[sanitize]07[sanitize]15,18,一戸建住宅,その他,10歳代,中学生,施錠せず
窃盗,自転車盗,飾磨,白浜,282014,兵庫県,姫路市,白浜町,2023[sanitize]07[sanitize]18,09,その他,駐車（輪）場,20歳代,その他,施錠せず
窃盗,自転車盗,飾磨,白浜,282014,兵庫県,姫路市,白浜町,2023[sanitize]07[sanitize]20,07,駐車（輪）場,駐車（輪）場,10歳代,大学生,施錠した
窃盗,自転車盗,飾磨,白浜,282014,兵庫県,姫路市,白浜町,2023[sanitize]08[sanitize]05,08,その他,駐車（輪）場,20歳代,大学生,施錠せず
窃盗,自転車盗,飾磨,白浜,282014,兵庫県,姫路市,白浜町,2023[sanitize]08[sanitize]07,06,その他,駐車（輪）場,10歳代,高校生,施錠せず
窃盗,自転車盗,飾磨,白浜,282014,兵庫県,姫路市,白浜町,2023[sanitize]09[sanitize]18,13,その他,駐車（輪）場,10歳代,中学生,施錠せず
窃盗,自転車盗,飾磨,白浜,282014,兵庫県,姫路市,白浜町,2023[sanitize]09[sanitize]19,07,駐車（輪）場,駐車（輪）場,10歳代,高校生,施錠せず
窃盗,自転車盗,飾磨,白浜,282014,兵庫県,姫路市,白浜町,2023[sanitize]10[sanitize]03,08,その他,駐車（輪）場,10歳代,大学生,施錠せず
窃盗,自転車盗,飾磨,白浜,282014,兵庫県,姫路市,白浜町,2023[sanitize]10[sanitize]12,07,その他,駐車（輪）場,20歳代,大学生,施錠せず
窃盗,自転車盗,飾磨,白浜,282014,兵庫県,姫路市,白浜町,2023[sanitize]10[sanitize]16,09,その他,駐車（輪）場,60[sanitize]64歳,その他,施錠した
窃盗,自転車盗,飾磨,白浜,282014,兵庫県,姫路市,白浜町,2023[sanitize]10[sanitize]20,10,その他,その他,10歳代,大学生,施錠せず
窃盗,自転車盗,飾磨,白浜,282014,兵庫県,姫路市,白浜町,2023[sanitize]10[sanitize]23,07,その他,駐車（輪）場,10歳代,高校生,施錠せず
窃盗,自転車盗,飾磨,白浜,282014,兵庫県,姫路市,白浜町,2023[sanitize]11[sanitize]05,13,その他,駐車（輪）場,30歳代,その他,施錠した
窃盗,自転車盗,飾磨,白浜,282014,兵庫県,姫路市,白浜町,2023[sanitize]11[sanitize]11,10,その他,駐車（輪）場,40歳代,その他,施錠した
窃盗,自転車盗,飾磨,白浜,282014,兵庫県,姫路市,白浜町,2023[sanitize]11[sanitize]25,09,その他,駐車（輪）場,20歳代,大学生,施錠せず
窃盗,自転車盗,飾磨,白浜,282014,兵庫県,姫路市,白浜町,2023[sanitize]12[sanitize]01,18,その他,駐車（輪）場,40歳代,その他,施錠せず
窃盗,自転車盗,飾磨,白浜,282014,兵庫県,姫路市,白浜町,2023[sanitize]12[sanitize]05,11,４階建て以上共同住宅,駐車（輪）場,40歳代,その他,施錠した
窃盗,自転車盗,飾磨,白浜,282014,兵庫県,姫路市,白浜町寺家２丁目,2023[sanitize]02[sanitize]11,22,その他の住宅（３階建て以下共同住宅等）,駐車（輪）場,20歳代,その他,施錠せず
窃盗,自転車盗,飾磨,白浜,282014,兵庫県,姫路市,白浜町宇佐崎中３丁目,2023[sanitize]08[sanitize]25,10,その他,駐車（輪）場,20歳代,大学生,施錠せず
窃盗,自転車盗,飾磨,白浜,282014,兵庫県,姫路市,白浜町宇佐崎北１丁目,2023[sanitize]03[sanitize]01,08,駐車（輪）場,駐車（輪）場,40歳代,その他,施錠せず
窃盗,自転車盗,飾磨,白浜,282014,兵庫県,姫路市,白浜町宇佐崎北１丁目,2023[sanitize]08[sanitize]28,07,その他,駐車（輪）場,10歳代,その他,施錠せず
窃盗,自転車盗,飾磨,白浜,282014,兵庫県,姫路市,白浜町宇佐崎北１丁目,2023[sanitize]08[sanitize]28,19,その他,駐車（輪）場,10歳代,その他,施錠せず
窃盗,自転車盗,飾磨,白浜,282014,兵庫県,姫路市,白浜町宇佐崎北２丁目,2023[sanitize]05[sanitize]19,20,４階建て以上共同住宅,駐車（輪）場,10歳代,その他,施錠せず
窃盗,自転車盗,飾磨,白浜,282014,兵庫県,姫路市,白浜町宇佐崎北３丁目,2023[sanitize]01[sanitize]30,18,その他の住宅（３階建て以下共同住宅等）,駐車（輪）場,20歳代,その他,施錠した
窃盗,自転車盗,飾磨,的形,282014,兵庫県,姫路市,的形町的形,2023[sanitize]05[sanitize]01,11,一戸建住宅,駐車（輪）場,65[sanitize]69歳,その他,施錠せず
窃盗,自転車盗,飾磨,的形,282014,兵庫県,姫路市,的形町的形,2023[sanitize]05[sanitize]02,18,その他,駐車（輪）場,20歳代,その他,施錠せず
窃盗,自転車盗,飾磨,的形,282014,兵庫県,姫路市,的形町的形,2023[sanitize]06[sanitize]01,16,その他,駐車（輪）場,20歳代,大学生,施錠せず
窃盗,自転車盗,飾磨,的形,282014,兵庫県,姫路市,的形町的形,2023[sanitize]07[sanitize]12,07,駐車（輪）場,駐車（輪）場,10歳代,高校生,施錠せず
窃盗,自転車盗,飾磨,的形,282014,兵庫県,姫路市,的形町的形,2023[sanitize]08[sanitize]11,15,その他,駐車（輪）場,10歳代,高校生,施錠せず
窃盗,自転車盗,飾磨,英賀保駅前,282014,兵庫県,姫路市,飾磨区英賀清水町１丁目,2023[sanitize]06[sanitize]18,21,４階建て以上共同住宅,駐車（輪）場,40歳代,その他,施錠せず
窃盗,自転車盗,飾磨,英賀保駅前,282014,兵庫県,姫路市,飾磨区英賀西町２丁目,2021[sanitize]11[sanitize]18,20,その他の住宅（３階建て以下共同住宅等）,駐車（輪）場,20歳代,その他,施錠した
窃盗,自転車盗,飾磨,英賀保駅前,282014,兵庫県,姫路市,飾磨区英賀東町２丁目,2023[sanitize]04[sanitize]07,08,その他の住宅（３階建て以下共同住宅等）,駐車（輪）場,20歳代,その他,施錠せず
窃盗,自転車盗,飾磨,英賀保駅前,282014,兵庫県,姫路市,飾磨区今在家４丁目,2023[sanitize]01[sanitize]13,20,駐車（輪）場,駐車（輪）場,30歳代,その他,施錠せず
窃盗,自転車盗,飾磨,英賀保駅前,282014,兵庫県,姫路市,飾磨区鎌倉町,2023[sanitize]12[sanitize]06,16,道路上,その他,10歳代,中学生,施錠せず
窃盗,自転車盗,飾磨,英賀保駅前,282014,兵庫県,姫路市,飾磨区城南町１丁目,2023[sanitize]01[sanitize]12,17,その他の住宅（３階建て以下共同住宅等）,駐車（輪）場,20歳代,その他,施錠せず
窃盗,自転車盗,飾磨,英賀保駅前,282014,兵庫県,姫路市,飾磨区城南町１丁目,2023[sanitize]10[sanitize]12,17,一戸建住宅,駐車（輪）場,10歳代,高校生,施錠せず
窃盗,自転車盗,飾磨,英賀保駅前,282014,兵庫県,姫路市,飾磨区城南町２丁目,2023[sanitize]04[sanitize]25,15,その他,駐車（輪）場,40歳代,その他,施錠した
窃盗,自転車盗,飾磨,英賀保駅前,282014,兵庫県,姫路市,飾磨区高町２丁目,2023[sanitize]02[sanitize]16,19,一戸建住宅,駐車（輪）場,20歳代,その他,施錠せず
窃盗,自転車盗,飾磨,英賀保駅前,282014,兵庫県,姫路市,飾磨区高町２丁目,2023[sanitize]04[sanitize]08,04,一戸建住宅,駐車（輪）場,10歳代,高校生,施錠せず
窃盗,自転車盗,飾磨,英賀保駅前,282014,兵庫県,姫路市,飾磨区付城１丁目,2023[sanitize]12[sanitize]03,17,その他の住宅（３階建て以下共同住宅等）,駐車（輪）場,10歳代,中学生,施錠せず
窃盗,自転車盗,飾磨,英賀保駅前,282014,兵庫県,姫路市,飾磨区付城２丁目,2023[sanitize]09[sanitize]10,08,その他,その他,60[sanitize]64歳,その他,施錠せず
窃盗,自転車盗,飾磨,英賀保駅前,282014,兵庫県,姫路市,飾磨区西浜町２丁目,2023[sanitize]10[sanitize]16,18,その他の住宅（３階建て以下共同住宅等）,駐車（輪）場,30歳代,その他,施錠せず
窃盗,自転車盗,飾磨,英賀保駅前,282014,兵庫県,姫路市,飾磨区山崎,2023[sanitize]01[sanitize]23,18,駐車（輪）場,駐車（輪）場,10歳代,中学生,施錠せず
窃盗,自転車盗,飾磨,英賀保駅前,282014,兵庫県,姫路市,飾磨区山崎,2023[sanitize]05[sanitize]09,08,一戸建住宅,駐車（輪）場,10歳代,中学生,施錠せず
窃盗,自転車盗,飾磨,英賀保駅前,282014,兵庫県,姫路市,飾磨区山崎,2023[sanitize]11[sanitize]10,21,その他,駐車（輪）場,40歳代,その他,施錠せず
窃盗,自転車盗,飾磨,英賀保駅前,282014,兵庫県,姫路市,飾磨区山崎,2023[sanitize]11[sanitize]11,07,その他,駐車（輪）場,10歳代,中学生,施錠せず
窃盗,自転車盗,飾磨,英賀保駅前,282014,兵庫県,姫路市,飾磨区山崎,2023[sanitize]11[sanitize]11,07,その他,駐車（輪）場,10歳代,高校生,施錠せず
窃盗,自転車盗,飾磨,飾磨東,282014,兵庫県,姫路市,飾磨区上野田４丁目,2023[sanitize]06[sanitize]30,08,その他の住宅（３階建て以下共同住宅等）,その他,10歳代,中学生,施錠せず
窃盗,自転車盗,飾磨,飾磨東,282014,兵庫県,姫路市,飾磨区上野田４丁目,2023[sanitize]09[sanitize]04,19,その他の住宅（３階建て以下共同住宅等）,駐車（輪）場,10歳代,中学生,施錠した
窃盗,自転車盗,飾磨,飾磨東,282014,兵庫県,姫路市,飾磨区上野田６丁目,2023[sanitize]06[sanitize]03,20,その他の住宅（３階建て以下共同住宅等）,駐車（輪）場,10歳代,その他,施錠せず
窃盗,自転車盗,飾磨,飾磨東,282014,兵庫県,姫路市,飾磨区上野田６丁目,2023[sanitize]10[sanitize]16,17,その他の住宅（３階建て以下共同住宅等）,駐車（輪）場,20歳代,その他,施錠せず
窃盗,自転車盗,飾磨,飾磨東,282014,兵庫県,姫路市,飾磨区下野田２丁目,2023[sanitize]06[sanitize]12,18,その他の住宅（３階建て以下共同住宅等）,駐車（輪）場,40歳代,その他,施錠した
窃盗,自転車盗,飾磨,飾磨東,282014,兵庫県,姫路市,飾磨区下野田２丁目,2023[sanitize]06[sanitize]26,20,一戸建住宅,駐車（輪）場,10歳代,高校生,施錠せず
窃盗,自転車盗,飾磨,飾磨東,282014,兵庫県,姫路市,飾磨区中島,2023[sanitize]02[sanitize]17,21,その他の住宅（３階建て以下共同住宅等）,駐車（輪）場,10歳代,高校生,施錠せず
窃盗,自転車盗,飾磨,飾磨東,282014,兵庫県,姫路市,飾磨区中島,2023[sanitize]11[sanitize]08,09,その他,その他,70歳以上,その他,施錠した
窃盗,自転車盗,飾磨,飾磨東,282014,兵庫県,姫路市,飾磨区中島１丁目,2022[sanitize]12[sanitize]31,22,その他,駐車（輪）場,30歳代,その他,施錠せず
窃盗,自転車盗,飾磨,飾磨東,282014,兵庫県,姫路市,飾磨区中島１丁目,2023[sanitize]02[sanitize]08,17,その他,駐車（輪）場,40歳代,その他,施錠した
窃盗,自転車盗,飾磨,飾磨東,282014,兵庫県,姫路市,飾磨区中島１丁目,2023[sanitize]09[sanitize]23,16,その他,駐車（輪）場,10歳代,中学生,施錠せず
窃盗,自転車盗,飾磨,飾磨東,282014,兵庫県,姫路市,飾磨区中島１丁目,2023[sanitize]09[sanitize]24,09,その他,駐車（輪）場,10歳代,高校生,施錠した
窃盗,自転車盗,飾磨,飾磨東,282014,兵庫県,姫路市,飾磨区中島１丁目,2023[sanitize]10[sanitize]03,07,一戸建住宅,駐車（輪）場,10歳代,中学生,施錠せず
窃盗,自転車盗,飾磨,飾磨東,282014,兵庫県,姫路市,飾磨区中島１丁目,2023[sanitize]10[sanitize]13,11,その他,駐車（輪）場,10歳代,高校生,施錠せず
窃盗,自転車盗,飾磨,飾磨東,282014,兵庫県,姫路市,飾磨区中島１丁目,2023[sanitize]10[sanitize]29,10,その他,駐車（輪）場,10歳代,中学生,施錠せず
窃盗,自転車盗,飾磨,飾磨東,282014,兵庫県,姫路市,飾磨区野田町,2023[sanitize]02[sanitize]12,23,４階建て以上共同住宅,駐車（輪）場,40歳代,その他,施錠せず
窃盗,自転車盗,飾磨,飾磨東,282014,兵庫県,姫路市,飾磨区野田町,2023[sanitize]05[sanitize]03,16,その他,駐車（輪）場,50歳代,その他,施錠せず
窃盗,自転車盗,飾磨,飾磨東,282014,兵庫県,姫路市,飾磨区中野田２丁目,2023[sanitize]08[sanitize]04,16,その他の住宅（３階建て以下共同住宅等）,駐車（輪）場,10歳代,その他,施錠せず
窃盗,自転車盗,飾磨,飾磨東,282014,兵庫県,姫路市,飾磨区阿成渡場,2023[sanitize]04[sanitize]27,17,その他の住宅（３階建て以下共同住宅等）,駐車（輪）場,20歳代,その他,施錠せず
窃盗,自転車盗,飾磨,飾磨東,282014,兵庫県,姫路市,飾磨区阿成植木,2022[sanitize]08[sanitize]11,不明,その他の住宅（３階建て以下共同住宅等）,駐車（輪）場,10歳代,その他,施錠せず
窃盗,自転車盗,飾磨,飾磨東,282014,兵庫県,姫路市,飾磨区阿成植木,2023[sanitize]04[sanitize]30,15,その他の住宅（３階建て以下共同住宅等）,駐車（輪）場,20歳代,その他,施錠せず
窃盗,自転車盗,飾磨,飾磨東,282014,兵庫県,姫路市,飾磨区阿成植木,2023[sanitize]05[sanitize]27,09,その他の住宅（３階建て以下共同住宅等）,駐車（輪）場,20歳代,その他,施錠した
窃盗,自転車盗,飾磨,飾磨東,282014,兵庫県,姫路市,飾磨区阿成植木,2023[sanitize]05[sanitize]27,12,その他の住宅（３階建て以下共同住宅等）,駐車（輪）場,30歳代,その他,施錠せず
窃盗,自転車盗,飾磨,飾磨東,282014,兵庫県,姫路市,飾磨区阿成植木,2023[sanitize]06[sanitize]03,12,その他の住宅（３階建て以下共同住宅等）,駐車（輪）場,30歳代,その他,施錠せず
窃盗,自転車盗,飾磨,,282014,兵庫県,姫路市,飾磨区恵美酒,2023[sanitize]01[sanitize]26,11,駐車（輪）場,駐車（輪）場,40歳代,その他,施錠せず
窃盗,自転車盗,飾磨,,282014,兵庫県,姫路市,飾磨区中島１丁目,2023[sanitize]09[sanitize]19,13,その他,駐車（輪）場,10歳代,中学生,施錠せず
窃盗,自転車盗,網干,八幡,282014,兵庫県,姫路市,広畑区蒲田２丁目,2023[sanitize]12[sanitize]01,21,駐車（輪）場,駐車（輪）場,10歳代,中学生,施錠せず
窃盗,自転車盗,網干,八幡,282014,兵庫県,姫路市,広畑区城山町,2023[sanitize]01[sanitize]20,14,４階建て以上共同住宅,駐車（輪）場,10歳代,高校生,施錠せず
窃盗,自転車盗,網干,八幡,282014,兵庫県,姫路市,広畑区則直,2023[sanitize]09[sanitize]18,22,道路上,その他,50歳代,その他,施錠せず
窃盗,自転車盗,網干,八幡,282014,兵庫県,姫路市,広畑区則直,2023[sanitize]10[sanitize]30,23,その他の住宅（３階建て以下共同住宅等）,駐車（輪）場,20歳代,その他,施錠せず
窃盗,自転車盗,網干,勝原,282014,兵庫県,姫路市,勝原区朝日谷,2023[sanitize]09[sanitize]20,13,その他の住宅（３階建て以下共同住宅等）,駐車（輪）場,10歳代,小学生,施錠せず
窃盗,自転車盗,網干,勝原,282014,兵庫県,姫路市,勝原区熊見,2023[sanitize]02[sanitize]11,15,駐車（輪）場,駐車（輪）場,10歳代,高校生,施錠せず
窃盗,自転車盗,網干,勝原,282014,兵庫県,姫路市,勝原区熊見,2023[sanitize]03[sanitize]03,11,その他の住宅（３階建て以下共同住宅等）,駐車（輪）場,20歳代,その他,施錠せず
窃盗,自転車盗,網干,勝原,282014,兵庫県,姫路市,勝原区熊見,2023[sanitize]03[sanitize]09,04,駐車（輪）場,駐車（輪）場,10歳代,高校生,施錠せず
窃盗,自転車盗,網干,勝原,282014,兵庫県,姫路市,勝原区熊見,2023[sanitize]06[sanitize]18,14,駐車（輪）場,駐車（輪）場,10歳代,その他,施錠した
窃盗,自転車盗,網干,勝原,282014,兵庫県,姫路市,勝原区熊見,2023[sanitize]08[sanitize]22,18,駐車（輪）場,駐車（輪）場,10歳代,その他,施錠せず
窃盗,自転車盗,網干,勝原,282014,兵庫県,姫路市,勝原区下太田,2023[sanitize]03[sanitize]02,22,駐車（輪）場,駐車（輪）場,50歳代,その他,施錠せず
窃盗,自転車盗,網干,勝原,282014,兵庫県,姫路市,勝原区宮田,2023[sanitize]06[sanitize]06,06,その他の住宅（３階建て以下共同住宅等）,駐車（輪）場,30歳代,その他,施錠した
窃盗,自転車盗,網干,勝原,282014,兵庫県,姫路市,勝原区宮田,2023[sanitize]07[sanitize]03,14,その他の住宅（３階建て以下共同住宅等）,駐車（輪）場,10歳代,高校生,施錠せず
窃盗,自転車盗,網干,吉美,282014,兵庫県,姫路市,大津区恵美酒町２丁目,2023[sanitize]02[sanitize]17,13,駐車（輪）場,駐車（輪）場,30歳代,その他,施錠せず
窃盗,自転車盗,網干,吉美,282014,兵庫県,姫路市,大津区恵美酒町２丁目,2023[sanitize]02[sanitize]28,20,駐車（輪）場,駐車（輪）場,20歳代,その他,施錠せず
窃盗,自転車盗,網干,吉美,282014,兵庫県,姫路市,大津区恵美酒町２丁目,2023[sanitize]04[sanitize]09,08,一戸建住宅,その他,40歳代,その他,施錠した
窃盗,自転車盗,網干,吉美,282014,兵庫県,姫路市,大津区新町１丁目,2023[sanitize]03[sanitize]27,08,駐車（輪）場,駐車（輪）場,65[sanitize]69歳,その他,施錠せず
窃盗,自転車盗,網干,吉美,282014,兵庫県,姫路市,大津区天神町１丁目,2023[sanitize]05[sanitize]31,16,一戸建住宅,駐車（輪）場,10歳代,中学生,施錠した
窃盗,自転車盗,網干,吉美,282014,兵庫県,姫路市,大津区天神町２丁目,2023[sanitize]04[sanitize]15,12,駐車（輪）場,駐車（輪）場,40歳代,その他,施錠せず
窃盗,自転車盗,網干,吉美,282014,兵庫県,姫路市,大津区平松,2023[sanitize]01[sanitize]18,06,一戸建住宅,駐車（輪）場,10歳未満,小学生,施錠せず
窃盗,自転車盗,網干,吉美,282014,兵庫県,姫路市,大津区平松,2023[sanitize]01[sanitize]23,18,駐車（輪）場,駐車（輪）場,10歳代,高校生,施錠せず
窃盗,自転車盗,網干,吉美,282014,兵庫県,姫路市,大津区平松,2023[sanitize]02[sanitize]05,03,一戸建住宅,駐車（輪）場,10歳未満,小学生,施錠せず
窃盗,自転車盗,網干,吉美,282014,兵庫県,姫路市,大津区平松,2023[sanitize]05[sanitize]03,11,その他,その他,20歳代,その他,施錠せず
窃盗,自転車盗,網干,吉美,282014,兵庫県,姫路市,大津区平松,2023[sanitize]07[sanitize]28,09,その他,駐車（輪）場,10歳代,その他,施錠した
窃盗,自転車盗,網干,吉美,282014,兵庫県,姫路市,大津区平松,2023[sanitize]08[sanitize]28,21,その他,駐車（輪）場,30歳代,その他,施錠した
窃盗,自転車盗,網干,吉美,282014,兵庫県,姫路市,大津区真砂町,2023[sanitize]03[sanitize]09,09,駐車（輪）場,駐車（輪）場,40歳代,その他,施錠せず
窃盗,自転車盗,網干,天満,282014,兵庫県,姫路市,網干区田井,2023[sanitize]02[sanitize]16,22,一戸建住宅,駐車（輪）場,20歳代,その他,施錠せず
窃盗,自転車盗,網干,天満,282014,兵庫県,姫路市,大津区天満,2023[sanitize]02[sanitize]17,14,駐車（輪）場,駐車（輪）場,40歳代,その他,施錠せず
窃盗,自転車盗,網干,天満,282014,兵庫県,姫路市,大津区天満,2023[sanitize]09[sanitize]01,21,駐車（輪）場,駐車（輪）場,70歳以上,その他,施錠せず
窃盗,自転車盗,網干,天満,282014,兵庫県,姫路市,大津区西土井,2023[sanitize]08[sanitize]25,08,その他の住宅（３階建て以下共同住宅等）,駐車（輪）場,50歳代,その他,施錠した
窃盗,自転車盗,網干,広畑,282014,兵庫県,姫路市,広畑区吾妻町１丁目,2023[sanitize]01[sanitize]04,07,その他,駐車（輪）場,30歳代,その他,施錠せず
窃盗,自転車盗,網干,広畑,282014,兵庫県,姫路市,広畑区吾妻町３丁目,2023[sanitize]06[sanitize]13,20,その他,駐車（輪）場,10歳代,その他,施錠せず
窃盗,自転車盗,網干,広畑,282014,兵庫県,姫路市,広畑区才,2023[sanitize]06[sanitize]21,19,その他,その他,10歳代,大学生,施錠せず
窃盗,自転車盗,網干,広畑,282014,兵庫県,姫路市,広畑区才,2023[sanitize]10[sanitize]10,18,駐車（輪）場,駐車（輪）場,10歳代,高校生,施錠せず
窃盗,自転車盗,網干,広畑,282014,兵庫県,姫路市,広畑区清水町１丁目,2023[sanitize]01[sanitize]13,17,その他の住宅（３階建て以下共同住宅等）,駐車（輪）場,20歳代,その他,施錠せず
窃盗,自転車盗,網干,広畑,282014,兵庫県,姫路市,広畑区正門通３丁目,2023[sanitize]01[sanitize]01,08,その他,駐車（輪）場,50歳代,その他,施錠した
窃盗,自転車盗,網干,広畑,282014,兵庫県,姫路市,広畑区高浜町１丁目,2022[sanitize]12[sanitize]31,19,その他,駐車（輪）場,10歳代,高校生,施錠せず
窃盗,自転車盗,網干,広畑,282014,兵庫県,姫路市,広畑区高浜町１丁目,2023[sanitize]09[sanitize]15,11,その他,駐車（輪）場,10歳代,中学生,施錠せず
窃盗,自転車盗,網干,広畑,282014,兵庫県,姫路市,広畑区早瀬町１丁目,2023[sanitize]02[sanitize]12,11,駐車（輪）場,駐車（輪）場,30歳代,その他,施錠せず
窃盗,自転車盗,網干,広畑,282014,兵庫県,姫路市,広畑区東新町２丁目,2023[sanitize]09[sanitize]14,17,４階建て以上共同住宅,駐車（輪）場,10歳代,高校生,施錠せず
窃盗,自転車盗,網干,広畑,282014,兵庫県,姫路市,広畑区東新町３丁目,2023[sanitize]09[sanitize]07,07,その他,駐車（輪）場,20歳代,その他,施錠した
窃盗,自転車盗,網干,広畑,282014,兵庫県,姫路市,広畑区東新町３丁目,2023[sanitize]10[sanitize]13,07,駐車（輪）場,駐車（輪）場,20歳代,大学生,施錠せず
窃盗,自転車盗,網干,広畑,282014,兵庫県,姫路市,広畑区夢前町１丁目,2023[sanitize]08[sanitize]23,11,その他,駐車（輪）場,10歳代,その他,施錠せず
窃盗,自転車盗,網干,広畑,282014,兵庫県,姫路市,広畑区夢前町１丁目,2023[sanitize]10[sanitize]14,15,駐車（輪）場,駐車（輪）場,10歳代,高校生,施錠せず
窃盗,自転車盗,網干,広畑,282014,兵庫県,姫路市,広畑区夢前町１丁目,2023[sanitize]11[sanitize]20,19,その他,駐車（輪）場,50歳代,その他,施錠せず
窃盗,自転車盗,網干,新在家,282014,兵庫県,姫路市,網干区大江島,2023[sanitize]03[sanitize]13,15,駐車（輪）場,駐車（輪）場,60[sanitize]64歳,その他,施錠せず
窃盗,自転車盗,網干,新在家,282014,兵庫県,姫路市,網干区新在家,2023[sanitize]01[sanitize]23,20,駐車（輪）場,駐車（輪）場,20歳代,その他,施錠せず
窃盗,自転車盗,網干,新在家,282014,兵庫県,姫路市,網干区新在家,2023[sanitize]03[sanitize]08,08,駐車（輪）場,駐車（輪）場,10歳代,高校生,施錠せず
窃盗,自転車盗,網干,新在家,282014,兵庫県,姫路市,網干区新在家,2023[sanitize]05[sanitize]12,20,駐車（輪）場,駐車（輪）場,20歳代,その他,施錠した
窃盗,自転車盗,網干,新在家,282014,兵庫県,姫路市,網干区新在家,2023[sanitize]07[sanitize]28,16,その他,駐車（輪）場,10歳代,高校生,施錠せず
窃盗,自転車盗,網干,新在家,282014,兵庫県,姫路市,網干区新在家,2023[sanitize]09[sanitize]27,11,その他,駐車（輪）場,20歳代,その他,施錠せず
窃盗,自転車盗,網干,新在家,282014,兵庫県,姫路市,網干区新在家,2023[sanitize]10[sanitize]30,06,駐車（輪）場,駐車（輪）場,10歳代,大学生,施錠せず
窃盗,自転車盗,網干,新在家,282014,兵庫県,姫路市,網干区新在家,2023[sanitize]11[sanitize]23,09,駐車（輪）場,駐車（輪）場,10歳代,高校生,施錠せず
窃盗,自転車盗,網干,新在家,282014,兵庫県,姫路市,網干区宮内,2023[sanitize]12[sanitize]14,14,一戸建住宅,その他,10歳代,中学生,施錠せず
窃盗,自転車盗,網干,新在家,282014,兵庫県,姫路市,網干区余子浜,2023[sanitize]11[sanitize]27,15,一戸建住宅,駐車（輪）場,20歳代,その他,施錠した
窃盗,自転車盗,網干,新在家,282014,兵庫県,姫路市,網干区垣内東町,2023[sanitize]04[sanitize]24,17,駐車（輪）場,駐車（輪）場,10歳代,その他,施錠した
窃盗,自転車盗,網干,新在家,282014,兵庫県,姫路市,網干区垣内中町,2023[sanitize]01[sanitize]29,18,駐車（輪）場,駐車（輪）場,20歳代,その他,施錠せず
窃盗,自転車盗,網干,新在家,282014,兵庫県,姫路市,網干区垣内本町,2023[sanitize]12[sanitize]08,19,その他の住宅（３階建て以下共同住宅等）,その他,20歳代,その他,施錠せず
窃盗,自転車盗,網干,東芝前,282014,兵庫県,姫路市,網干区津市場,2023[sanitize]01[sanitize]01,00,駐車（輪）場,駐車（輪）場,20歳代,その他,施錠せず
窃盗,自転車盗,網干,東芝前,282014,兵庫県,姫路市,網干区津市場,2023[sanitize]10[sanitize]23,06,駐車（輪）場,駐車（輪）場,30歳代,その他,施錠した
窃盗,自転車盗,網干,東芝前,282014,兵庫県,姫路市,余部区下余部,2023[sanitize]03[sanitize]10,08,その他の住宅（３階建て以下共同住宅等）,駐車（輪）場,20歳代,その他,施錠せず
窃盗,自転車盗,網干,東芝前,282014,兵庫県,姫路市,余部区下余部,2023[sanitize]09[sanitize]22,17,駐車（輪）場,駐車（輪）場,10歳代,中学生,施錠せず
窃盗,自転車盗,網干,浜田,282014,兵庫県,姫路市,網干区興浜,2023[sanitize]04[sanitize]24,11,その他の住宅（３階建て以下共同住宅等）,駐車（輪）場,30歳代,その他,施錠せず
窃盗,自転車盗,網干,網干駅前,282014,兵庫県,姫路市,網干区高田,2023[sanitize]01[sanitize]15,20,その他の住宅（３階建て以下共同住宅等）,駐車（輪）場,20歳代,その他,施錠せず
窃盗,自転車盗,網干,網干駅前,282014,兵庫県,姫路市,網干区高田,2023[sanitize]02[sanitize]08,18,一戸建住宅,その他,10歳代,中学生,施錠せず
窃盗,自転車盗,網干,網干駅前,282014,兵庫県,姫路市,網干区高田,2023[sanitize]02[sanitize]22,18,駐車（輪）場,駐車（輪）場,20歳代,その他,施錠した
窃盗,自転車盗,網干,網干駅前,282014,兵庫県,姫路市,網干区高田,2023[sanitize]06[sanitize]04,17,その他の住宅（３階建て以下共同住宅等）,駐車（輪）場,20歳代,その他,施錠した
窃盗,自転車盗,網干,網干駅前,282014,兵庫県,姫路市,網干区和久,2023[sanitize]01[sanitize]14,13,その他,駐車（輪）場,10歳代,大学生,施錠せず
窃盗,自転車盗,網干,網干駅前,282014,兵庫県,姫路市,網干区和久,2023[sanitize]01[sanitize]21,10,駐車（輪）場,駐車（輪）場,10歳代,高校生,施錠せず
窃盗,自転車盗,網干,網干駅前,282014,兵庫県,姫路市,網干区和久,2023[sanitize]01[sanitize]22,06,駐車（輪）場,駐車（輪）場,10歳代,その他,施錠した
窃盗,自転車盗,網干,網干駅前,282014,兵庫県,姫路市,網干区和久,2023[sanitize]02[sanitize]17,16,一戸建住宅,駐車（輪）場,10歳代,高校生,施錠せず
窃盗,自転車盗,網干,網干駅前,282014,兵庫県,姫路市,網干区和久,2023[sanitize]03[sanitize]04,08,駐車（輪）場,駐車（輪）場,20歳代,その他,施錠せず
窃盗,自転車盗,網干,網干駅前,282014,兵庫県,姫路市,網干区和久,2023[sanitize]04[sanitize]03,11,道路上,その他,10歳代,大学生,施錠せず
窃盗,自転車盗,網干,網干駅前,282014,兵庫県,姫路市,網干区和久,2023[sanitize]04[sanitize]11,19,４階建て以上共同住宅,駐車（輪）場,40歳代,その他,施錠せず
窃盗,自転車盗,網干,網干駅前,282014,兵庫県,姫路市,網干区和久,2023[sanitize]04[sanitize]16,07,駐車（輪）場,駐車（輪）場,10歳代,大学生,施錠せず
窃盗,自転車盗,網干,網干駅前,282014,兵庫県,姫路市,網干区和久,2023[sanitize]04[sanitize]23,10,駐車（輪）場,駐車（輪）場,10歳代,高校生,施錠した
窃盗,自転車盗,網干,網干駅前,282014,兵庫県,姫路市,網干区和久,2023[sanitize]05[sanitize]23,20,道路上,その他,10歳代,その他,施錠した
窃盗,自転車盗,網干,網干駅前,282014,兵庫県,姫路市,網干区和久,2023[sanitize]07[sanitize]14,17,駐車（輪）場,駐車（輪）場,10歳代,大学生,施錠せず
窃盗,自転車盗,網干,網干駅前,282014,兵庫県,姫路市,網干区和久,2023[sanitize]09[sanitize]16,18,駐車（輪）場,駐車（輪）場,30歳代,その他,施錠せず
窃盗,自転車盗,網干,網干駅前,282014,兵庫県,姫路市,網干区和久,2023[sanitize]10[sanitize]10,07,駐車（輪）場,駐車（輪）場,10歳代,大学生,施錠せず
窃盗,自転車盗,網干,網干駅前,282014,兵庫県,姫路市,網干区和久,2023[sanitize]10[sanitize]11,12,駐車（輪）場,駐車（輪）場,20歳代,その他,施錠せず
窃盗,自転車盗,網干,網干駅前,282014,兵庫県,姫路市,網干区和久,2023[sanitize]11[sanitize]15,21,駐車（輪）場,駐車（輪）場,20歳代,その他,施錠せず
窃盗,自転車盗,網干,網干駅前,282014,兵庫県,姫路市,網干区和久,2023[sanitize]11[sanitize]17,18,駐車（輪）場,駐車（輪）場,20歳代,その他,施錠した
窃盗,自転車盗,網干,網干駅前,282014,兵庫県,姫路市,飾磨区細江,2023[sanitize]10[sanitize]29,12,その他,その他,10歳代,中学生,施錠せず
窃盗,自転車盗,福崎,寺前,284467,兵庫県,神河町,鍛治,2023[sanitize]07[sanitize]21,07,その他,その他,10歳代,高校生,施錠せず
窃盗,自転車盗,福崎,市川,284424,兵庫県,市川町,甘地,2022[sanitize]12[sanitize]29,18,その他,駐車（輪）場,20歳代,その他,施錠せず
窃盗,自転車盗,福崎,市川,284424,兵庫県,市川町,甘地,2023[sanitize]02[sanitize]20,06,その他,駐車（輪）場,10歳代,その他,施錠せず
窃盗,自転車盗,福崎,市川,284424,兵庫県,市川町,甘地,2023[sanitize]02[sanitize]20,08,その他,その他,20歳代,その他,施錠せず
窃盗,自転車盗,福崎,市川,284424,兵庫県,市川町,甘地,2023[sanitize]06[sanitize]16,19,その他,駐車（輪）場,20歳代,その他,施錠せず
窃盗,自転車盗,福崎,市川,284424,兵庫県,市川町,甘地,2023[sanitize]07[sanitize]11,09,その他,駐車（輪）場,40歳代,その他,施錠せず
窃盗,自転車盗,福崎,市川,284424,兵庫県,市川町,甘地,2023[sanitize]11[sanitize]03,07,その他,駐車（輪）場,10歳代,高校生,施錠せず
窃盗,自転車盗,福崎,市川,284424,兵庫県,市川町,鶴居,2023[sanitize]02[sanitize]19,12,その他,駐車（輪）場,10歳代,高校生,施錠せず
窃盗,自転車盗,福崎,市川,284424,兵庫県,市川町,鶴居,2023[sanitize]10[sanitize]19,18,その他,駐車（輪）場,20歳代,その他,施錠せず
窃盗,自転車盗,福崎,市川,284424,兵庫県,市川町,鶴居,不明,不明,その他,駐車（輪）場,10歳代,高校生,施錠せず
窃盗,自転車盗,福崎,市川,284424,兵庫県,市川町,西川辺,2023[sanitize]11[sanitize]08,17,その他の住宅（３階建て以下共同住宅等）,その他,40歳代,その他,施錠した
窃盗,自転車盗,福崎,福崎東,284432,兵庫県,福崎町,南田原,2023[sanitize]05[sanitize]26,18,その他の住宅（３階建て以下共同住宅等）,駐車（輪）場,20歳代,その他,施錠した
窃盗,自転車盗,福崎,福崎駅前,284432,兵庫県,福崎町,馬田,2023[sanitize]11[sanitize]10,21,その他の住宅（３階建て以下共同住宅等）,駐車（輪）場,20歳代,その他,施錠せず
窃盗,自転車盗,福崎,福崎駅前,284432,兵庫県,福崎町,西治,2023[sanitize]11[sanitize]24,16,一戸建住宅,駐車（輪）場,40歳代,その他,施錠せず
窃盗,自転車盗,福崎,福崎駅前,284432,兵庫県,福崎町,福田,2023[sanitize]02[sanitize]09,11,駐車（輪）場,駐車（輪）場,10歳代,高校生,施錠せず
窃盗,自転車盗,福崎,福崎駅前,284432,兵庫県,福崎町,福田,2023[sanitize]03[sanitize]11,18,一戸建住宅,駐車（輪）場,65[sanitize]69歳,その他,施錠せず
窃盗,自転車盗,福崎,福崎駅前,284432,兵庫県,福崎町,福田,2023[sanitize]06[sanitize]13,18,その他の住宅（３階建て以下共同住宅等）,駐車（輪）場,20歳代,その他,施錠せず
窃盗,自転車盗,福崎,福崎駅前,284432,兵庫県,福崎町,福田,2023[sanitize]09[sanitize]20,06,駐車（輪）場,駐車（輪）場,10歳代,高校生,施錠せず
窃盗,自転車盗,福崎,福崎駅前,284432,兵庫県,福崎町,福田,2023[sanitize]10[sanitize]03,17,駐車（輪）場,駐車（輪）場,10歳代,高校生,施錠せず
窃盗,自転車盗,福崎,福崎駅前,284432,兵庫県,福崎町,福田,2023[sanitize]12[sanitize]08,19,その他の住宅（３階建て以下共同住宅等）,駐車（輪）場,30歳代,その他,施錠せず
窃盗,自転車盗,福崎,福崎駅前,284432,兵庫県,福崎町,福田,2023[sanitize]12[sanitize]15,19,その他の住宅（３階建て以下共同住宅等）,駐車（輪）場,20歳代,その他,施錠せず
窃盗,自転車盗,福崎,福崎駅前,284432,兵庫県,福崎町,福田,2023[sanitize]12[sanitize]20,11,その他の住宅（３階建て以下共同住宅等）,駐車（輪）場,30歳代,その他,施錠せず
窃盗,自転車盗,福崎,粟賀,284467,兵庫県,神河町,粟賀町,2022[sanitize]11[sanitize]27,12,一戸建住宅,その他,70歳以上,その他,施錠せず
窃盗,自転車盗,たつの,下徳久,285013,兵庫県,佐用町,下徳久,2023[sanitize]07[sanitize]18,08,その他,駐車（輪）場,10歳代,高校生,施錠せず
窃盗,自転車盗,たつの,佐用,285013,兵庫県,佐用町,佐用,2023[sanitize]10[sanitize]28,20,その他,駐車（輪）場,20歳代,その他,施錠せず
窃盗,自転車盗,たつの,半田,282294,兵庫県,たつの市,揖保川町二塚,2023[sanitize]06[sanitize]19,07,一戸建住宅,その他,40歳代,その他,施錠せず
窃盗,自転車盗,たつの,大住寺,282294,兵庫県,たつの市,神岡町東觜崎,2023[sanitize]09[sanitize]12,07,その他,駐車（輪）場,10歳代,高校生,施錠せず
窃盗,自転車盗,たつの,太田,284645,兵庫県,太子町,太田,2023[sanitize]12[sanitize]25,15,その他,駐車（輪）場,10歳代,高校生,施錠せず
窃盗,自転車盗,たつの,太田,284645,兵庫県,太子町,佐用岡,2023[sanitize]01[sanitize]20,18,一戸建住宅,駐車（輪）場,10歳代,その他,施錠せず
窃盗,自転車盗,たつの,御津,282294,兵庫県,たつの市,揖西町土師,2023[sanitize]08[sanitize]27,19,その他の住宅（３階建て以下共同住宅等）,駐車（輪）場,30歳代,その他,施錠せず
窃盗,自転車盗,たつの,斑鳩,284645,兵庫県,太子町,糸井,2022[sanitize]12[sanitize]28,21,その他,駐車（輪）場,10歳代,高校生,施錠せず
窃盗,自転車盗,たつの,斑鳩,284645,兵庫県,太子町,糸井,2023[sanitize]12[sanitize]12,20,その他,駐車（輪）場,10歳代,大学生,施錠せず
窃盗,自転車盗,たつの,斑鳩,284645,兵庫県,太子町,老原,2023[sanitize]08[sanitize]29,16,その他の住宅（３階建て以下共同住宅等）,駐車（輪）場,30歳代,その他,施錠した
窃盗,自転車盗,たつの,斑鳩,284645,兵庫県,太子町,立岡,2023[sanitize]02[sanitize]20,00,駐車（輪）場,駐車（輪）場,30歳代,その他,施錠した
窃盗,自転車盗,たつの,斑鳩,284645,兵庫県,太子町,立岡,2023[sanitize]09[sanitize]23,21,その他の住宅（３階建て以下共同住宅等）,駐車（輪）場,20歳代,その他,施錠した
窃盗,自転車盗,たつの,斑鳩,284645,兵庫県,太子町,東南,2023[sanitize]02[sanitize]05,11,一戸建住宅,その他,70歳以上,その他,施錠せず
窃盗,自転車盗,たつの,斑鳩,284645,兵庫県,太子町,東南,2023[sanitize]08[sanitize]18,19,駐車（輪）場,駐車（輪）場,40歳代,その他,施錠せず
窃盗,自転車盗,たつの,斑鳩,284645,兵庫県,太子町,東保,2023[sanitize]06[sanitize]07,16,駐車（輪）場,駐車（輪）場,10歳代,中学生,施錠せず
窃盗,自転車盗,たつの,新宮,282294,兵庫県,たつの市,新宮町鍛冶屋,2023[sanitize]04[sanitize]06,14,一戸建住宅,その他,70歳以上,その他,施錠せず
窃盗,自転車盗,たつの,新宮,282294,兵庫県,たつの市,新宮町新宮,2023[sanitize]07[sanitize]28,14,その他,駐車（輪）場,10歳代,中学生,施錠せず
窃盗,自転車盗,たつの,新宮,282294,兵庫県,たつの市,新宮町新宮,2023[sanitize]11[sanitize]01,17,その他,駐車（輪）場,70歳以上,その他,施錠せず
窃盗,自転車盗,たつの,新宮,282294,兵庫県,たつの市,新宮町新宮,2023[sanitize]11[sanitize]04,16,駐車（輪）場,駐車（輪）場,20歳代,その他,施錠した
窃盗,自転車盗,たつの,新宮,282294,兵庫県,たつの市,新宮町時重,2023[sanitize]04[sanitize]06,18,一戸建住宅,その他,60[sanitize]64歳,その他,施錠せず
窃盗,自転車盗,たつの,新宮,282294,兵庫県,たつの市,新宮町牧,2023[sanitize]04[sanitize]06,17,一戸建住宅,その他,60[sanitize]64歳,その他,施錠せず
窃盗,自転車盗,たつの,本龍野駅前,282294,兵庫県,たつの市,龍野町堂本,2023[sanitize]11[sanitize]05,14,その他,駐車（輪）場,30歳代,その他,施錠せず
窃盗,自転車盗,たつの,本龍野駅前,282294,兵庫県,たつの市,龍野町富永,2023[sanitize]10[sanitize]09,16,道路上,その他,40歳代,その他,施錠した
窃盗,自転車盗,たつの,本龍野駅前,282294,兵庫県,たつの市,龍野町中村,2023[sanitize]01[sanitize]20,07,その他,駐車（輪）場,10歳代,高校生,施錠せず
窃盗,自転車盗,たつの,本龍野駅前,282294,兵庫県,たつの市,龍野町中村,2023[sanitize]07[sanitize]27,05,その他,駐車（輪）場,10歳代,中学生,施錠せず
窃盗,自転車盗,たつの,本龍野駅前,282294,兵庫県,たつの市,龍野町中村,2023[sanitize]08[sanitize]21,07,その他,駐車（輪）場,10歳代,高校生,施錠せず
窃盗,自転車盗,たつの,本龍野駅前,282294,兵庫県,たつの市,龍野町中村,2023[sanitize]09[sanitize]06,07,その他,駐車（輪）場,10歳代,高校生,施錠せず
窃盗,自転車盗,たつの,本龍野駅前,282294,兵庫県,たつの市,龍野町中村,2023[sanitize]09[sanitize]17,11,その他,駐車（輪）場,10歳代,中学生,施錠せず
窃盗,自転車盗,たつの,本龍野駅前,282294,兵庫県,たつの市,龍野町中村,2023[sanitize]10[sanitize]12,07,その他,駐車（輪）場,10歳代,高校生,施錠せず
窃盗,自転車盗,たつの,本龍野駅前,282294,兵庫県,たつの市,龍野町中村,2023[sanitize]12[sanitize]22,07,その他,駐車（輪）場,10歳代,高校生,施錠せず
窃盗,自転車盗,たつの,東栗栖,282294,兵庫県,たつの市,新宮町能地,2023[sanitize]04[sanitize]14,15,一戸建住宅,駐車（輪）場,50歳代,その他,施錠せず
窃盗,自転車盗,たつの,神部,282294,兵庫県,たつの市,揖保川町黍田,2023[sanitize]02[sanitize]10,10,その他,駐車（輪）場,20歳代,その他,施錠せず
窃盗,自転車盗,たつの,神部,282294,兵庫県,たつの市,揖保川町黍田,2023[sanitize]03[sanitize]09,08,駐車（輪）場,駐車（輪）場,50歳代,その他,施錠した
窃盗,自転車盗,たつの,西栗栖,282294,兵庫県,たつの市,新宮町栗町,2023[sanitize]07[sanitize]26,07,その他の住宅（３階建て以下共同住宅等）,その他,30歳代,その他,施錠せず
窃盗,自転車盗,たつの,誉田,282294,兵庫県,たつの市,誉田町福田,2023[sanitize]12[sanitize]22,20,その他の住宅（３階建て以下共同住宅等）,駐車（輪）場,10歳代,小学生,施錠せず
窃盗,自転車盗,たつの,越部,282294,兵庫県,たつの市,新宮町觜崎,2021[sanitize]03[sanitize]20,00,その他,その他,10歳代,高校生,施錠せず
窃盗,自転車盗,たつの,越部,282294,兵庫県,たつの市,新宮町觜崎,2021[sanitize]03[sanitize]20,00,その他,その他,20歳代,大学生,施錠せず
窃盗,自転車盗,たつの,越部,282294,兵庫県,たつの市,新宮町觜崎,2023[sanitize]07[sanitize]12,09,その他,駐車（輪）場,30歳代,その他,施錠せず
窃盗,自転車盗,相生,上郡駅前,284815,兵庫県,上郡町,大持,2023[sanitize]01[sanitize]13,08,その他,駐車（輪）場,40歳代,その他,施錠せず
窃盗,自転車盗,相生,上郡駅前,284815,兵庫県,上郡町,山野里,2022[sanitize]12[sanitize]25,18,４階建て以上共同住宅,その他,65[sanitize]69歳,その他,施錠した
窃盗,自転車盗,相生,上郡駅前,284815,兵庫県,上郡町,駅前,2023[sanitize]08[sanitize]30,23,駐車（輪）場,駐車（輪）場,70歳以上,その他,施錠せず
窃盗,自転車盗,相生,丘の台,282081,兵庫県,相生市,千尋町,2023[sanitize]05[sanitize]27,16,駐車（輪）場,駐車（輪）場,10歳代,高校生,施錠せず
窃盗,自転車盗,相生,丘の台,282081,兵庫県,相生市,千尋町,2023[sanitize]12[sanitize]17,07,その他,その他,10歳代,高校生,施錠した
窃盗,自転車盗,相生,丘の台,282081,兵庫県,相生市,那波南本町,2023[sanitize]02[sanitize]19,17,その他,駐車（輪）場,10歳代,高校生,施錠せず
窃盗,自転車盗,相生,丘の台,282081,兵庫県,相生市,那波南本町,2023[sanitize]11[sanitize]02,17,その他,駐車（輪）場,20歳代,大学生,施錠せず
窃盗,自転車盗,相生,中央通,282081,兵庫県,相生市,相生,2023[sanitize]03[sanitize]02,08,道路上,その他,10歳代,中学生,施錠せず
窃盗,自転車盗,相生,中央通,282081,兵庫県,相生市,那波南本町,2023[sanitize]10[sanitize]20,18,その他,駐車（輪）場,50歳代,その他,施錠せず
窃盗,自転車盗,相生,相生駅前,282081,兵庫県,相生市,栄町,2023[sanitize]08[sanitize]28,09,その他の住宅（３階建て以下共同住宅等）,駐車（輪）場,60[sanitize]64歳,その他,施錠した
窃盗,自転車盗,相生,相生駅前,282081,兵庫県,相生市,本郷町,2023[sanitize]12[sanitize]02,09,その他,駐車（輪）場,10歳代,高校生,施錠せず
窃盗,自転車盗,相生,相生駅前,282081,兵庫県,相生市,山手１丁目,2023[sanitize]05[sanitize]15,06,４階建て以上共同住宅,駐車（輪）場,10歳代,その他,施錠せず
窃盗,自転車盗,相生,相生駅前,282081,兵庫県,相生市,山手１丁目,2023[sanitize]05[sanitize]18,15,その他,駐車（輪）場,10歳代,中学生,施錠せず
窃盗,自転車盗,相生,相生駅前,282081,兵庫県,相生市,双葉２丁目,2023[sanitize]10[sanitize]07,22,一戸建住宅,駐車（輪）場,10歳代,小学生,施錠せず
窃盗,自転車盗,相生,那波野,282081,兵庫県,相生市,那波野３丁目,2023[sanitize]08[sanitize]22,23,その他の住宅（３階建て以下共同住宅等）,駐車（輪）場,40歳代,その他,施錠した
窃盗,自転車盗,相生,那波野,282081,兵庫県,相生市,向陽台,2023[sanitize]08[sanitize]27,21,その他の住宅（３階建て以下共同住宅等）,駐車（輪）場,10歳代,高校生,施錠せず
窃盗,自転車盗,赤穂,坂越駅前,282120,兵庫県,赤穂市,北野中,2023[sanitize]10[sanitize]06,17,その他の住宅（３階建て以下共同住宅等）,その他,20歳代,その他,施錠せず
窃盗,自転車盗,赤穂,坂越駅前,282120,兵庫県,赤穂市,北野中,2023[sanitize]10[sanitize]09,07,道路上,その他,70歳以上,その他,施錠せず
窃盗,自転車盗,赤穂,坂越駅前,282120,兵庫県,赤穂市,浜市,2023[sanitize]08[sanitize]04,20,その他,駐車（輪）場,10歳代,中学生,施錠せず
窃盗,自転車盗,赤穂,坂越駅前,282120,兵庫県,赤穂市,浜市,2023[sanitize]10[sanitize]11,08,駐車（輪）場,駐車（輪）場,10歳代,大学生,施錠せず
窃盗,自転車盗,赤穂,坂越駅前,282120,兵庫県,赤穂市,砂子,2023[sanitize]06[sanitize]04,20,一戸建住宅,駐車（輪）場,10歳代,中学生,施錠せず
窃盗,自転車盗,赤穂,塩屋,282120,兵庫県,赤穂市,三樋町,2023[sanitize]08[sanitize]01,00,その他の住宅（３階建て以下共同住宅等）,駐車（輪）場,20歳代,大学生,施錠せず
窃盗,自転車盗,赤穂,塩屋,282120,兵庫県,赤穂市,板屋町,2023[sanitize]10[sanitize]17,22,その他の住宅（３階建て以下共同住宅等）,駐車（輪）場,10歳代,高校生,施錠せず
窃盗,自転車盗,赤穂,大橋,282120,兵庫県,赤穂市,尾崎,2022[sanitize]10[sanitize]01,05,その他の住宅（３階建て以下共同住宅等）,駐車（輪）場,40歳代,その他,施錠せず
窃盗,自転車盗,赤穂,大橋,282120,兵庫県,赤穂市,尾崎,2023[sanitize]10[sanitize]20,12,一戸建住宅,駐車（輪）場,70歳以上,その他,施錠せず
窃盗,自転車盗,赤穂,大橋,282120,兵庫県,赤穂市,上仮屋,2023[sanitize]12[sanitize]14,15,その他,駐車（輪）場,10歳代,その他,施錠した
窃盗,自転車盗,赤穂,大橋,282120,兵庫県,赤穂市,加里屋中洲３丁目,2023[sanitize]07[sanitize]15,06,その他,駐車（輪）場,10歳代,その他,施錠せず
窃盗,自転車盗,赤穂,大橋,282120,兵庫県,赤穂市,加里屋中洲５丁目,2023[sanitize]12[sanitize]25,15,その他の住宅（３階建て以下共同住宅等）,駐車（輪）場,20歳代,大学生,施錠せず
窃盗,自転車盗,赤穂,大橋,282120,兵庫県,赤穂市,中広,2023[sanitize]03[sanitize]24,23,一戸建住宅,駐車（輪）場,40歳代,その他,施錠した
窃盗,自転車盗,赤穂,大橋,282120,兵庫県,赤穂市,元沖町,2023[sanitize]01[sanitize]11,22,４階建て以上共同住宅,駐車（輪）場,20歳代,大学生,施錠せず
窃盗,自転車盗,赤穂,折方,282120,兵庫県,赤穂市,,2022[sanitize]12[sanitize]31,11,その他,駐車（輪）場,10歳代,大学生,施錠せず
窃盗,自転車盗,赤穂,折方,282120,兵庫県,赤穂市,,2023[sanitize]07[sanitize]10,06,その他,駐車（輪）場,10歳代,大学生,施錠せず
窃盗,自転車盗,赤穂,折方,282120,兵庫県,赤穂市,,2023[sanitize]09[sanitize]05,07,駐車（輪）場,駐車（輪）場,10歳代,高校生,施錠せず
窃盗,自転車盗,赤穂,折方,282120,兵庫県,赤穂市,,2023[sanitize]11[sanitize]07,07,その他,駐車（輪）場,10歳代,高校生,施錠せず
窃盗,自転車盗,赤穂,折方,282120,兵庫県,赤穂市,鷏和,2023[sanitize]07[sanitize]24,11,道路上,その他,10歳代,大学生,施錠せず
窃盗,自転車盗,赤穂,新田,282120,兵庫県,赤穂市,新田,2023[sanitize]01[sanitize]26,09,その他,駐車（輪）場,20歳代,大学生,施錠せず
窃盗,自転車盗,赤穂,新田,282120,兵庫県,赤穂市,新田,2023[sanitize]01[sanitize]26,15,その他,駐車（輪）場,10歳代,大学生,施錠せず
窃盗,自転車盗,赤穂,新田,282120,兵庫県,赤穂市,新田,2023[sanitize]07[sanitize]24,18,道路上,その他,70歳以上,その他,施錠せず
窃盗,自転車盗,赤穂,新田,282120,兵庫県,赤穂市,新田,2023[sanitize]09[sanitize]05,15,その他,駐車（輪）場,20歳代,大学生,施錠せず
窃盗,自転車盗,赤穂,新田,282120,兵庫県,赤穂市,新田,2023[sanitize]10[sanitize]29,23,その他の住宅（３階建て以下共同住宅等）,駐車（輪）場,10歳代,大学生,施錠せず
窃盗,自転車盗,赤穂,新田,282120,兵庫県,赤穂市,黒崎町,2023[sanitize]02[sanitize]08,08,その他の住宅（３階建て以下共同住宅等）,駐車（輪）場,20歳代,大学生,施錠せず
窃盗,自転車盗,赤穂,新田,282120,兵庫県,赤穂市,黒崎町,2023[sanitize]04[sanitize]04,20,その他の住宅（３階建て以下共同住宅等）,駐車（輪）場,20歳代,大学生,施錠せず
窃盗,自転車盗,赤穂,新田,282120,兵庫県,赤穂市,黒崎町,2023[sanitize]08[sanitize]18,19,その他の住宅（３階建て以下共同住宅等）,駐車（輪）場,20歳代,大学生,施錠せず
窃盗,自転車盗,赤穂,新田,282120,兵庫県,赤穂市,黒崎町,2023[sanitize]09[sanitize]04,14,その他の住宅（３階建て以下共同住宅等）,駐車（輪）場,10歳代,大学生,施錠せず
窃盗,自転車盗,赤穂,新田,282120,兵庫県,赤穂市,黒崎町,2023[sanitize]10[sanitize]26,14,その他の住宅（３階建て以下共同住宅等）,駐車（輪）場,10歳代,大学生,施錠せず
窃盗,自転車盗,赤穂,新田,282120,兵庫県,赤穂市,黒崎町,2023[sanitize]10[sanitize]30,22,その他の住宅（３階建て以下共同住宅等）,その他,10歳代,大学生,施錠した
窃盗,自転車盗,赤穂,新田,282120,兵庫県,赤穂市,黒崎町,2023[sanitize]12[sanitize]01,21,その他の住宅（３階建て以下共同住宅等）,駐車（輪）場,10歳代,大学生,施錠せず
窃盗,自転車盗,赤穂,新田,282120,兵庫県,赤穂市,古浜町,2023[sanitize]04[sanitize]20,19,その他の住宅（３階建て以下共同住宅等）,駐車（輪）場,10歳代,大学生,施錠せず
窃盗,自転車盗,赤穂,新田,282120,兵庫県,赤穂市,古浜町,2023[sanitize]05[sanitize]04,13,その他の住宅（３階建て以下共同住宅等）,駐車（輪）場,10歳代,大学生,施錠せず
窃盗,自転車盗,赤穂,新田,282120,兵庫県,赤穂市,古浜町,2023[sanitize]12[sanitize]09,08,その他の住宅（３階建て以下共同住宅等）,その他,20歳代,大学生,施錠せず
窃盗,自転車盗,赤穂,有年,282120,兵庫県,赤穂市,有年横尾,2023[sanitize]02[sanitize]10,19,その他,駐車（輪）場,40歳代,その他,施錠せず
窃盗,自転車盗,赤穂,有年,282120,兵庫県,赤穂市,有年横尾,2023[sanitize]10[sanitize]29,17,一戸建住宅,駐車（輪）場,65[sanitize]69歳,その他,施錠せず
窃盗,自転車盗,赤穂,有年,282120,兵庫県,赤穂市,有年横尾,2023[sanitize]10[sanitize]31,12,その他,その他,20歳代,その他,施錠せず
窃盗,自転車盗,赤穂,赤穂駅前,282120,兵庫県,赤穂市,加里屋,2022[sanitize]12[sanitize]20,16,その他,駐車（輪）場,10歳代,高校生,施錠せず
窃盗,自転車盗,赤穂,赤穂駅前,282120,兵庫県,赤穂市,加里屋,2023[sanitize]02[sanitize]02,19,その他,駐車（輪）場,10歳代,高校生,施錠せず
窃盗,自転車盗,赤穂,赤穂駅前,282120,兵庫県,赤穂市,加里屋,2023[sanitize]02[sanitize]28,18,その他,駐車（輪）場,20歳代,大学生,施錠せず
窃盗,自転車盗,赤穂,赤穂駅前,282120,兵庫県,赤穂市,加里屋,2023[sanitize]03[sanitize]10,11,駐車（輪）場,駐車（輪）場,10歳代,高校生,施錠せず
窃盗,自転車盗,赤穂,赤穂駅前,282120,兵庫県,赤穂市,加里屋,2023[sanitize]03[sanitize]18,22,その他,駐車（輪）場,50歳代,その他,施錠した
窃盗,自転車盗,赤穂,赤穂駅前,282120,兵庫県,赤穂市,加里屋,2023[sanitize]03[sanitize]26,23,その他の住宅（３階建て以下共同住宅等）,駐車（輪）場,20歳代,その他,施錠せず
窃盗,自転車盗,赤穂,赤穂駅前,282120,兵庫県,赤穂市,加里屋,2023[sanitize]04[sanitize]01,14,その他の住宅（３階建て以下共同住宅等）,駐車（輪）場,60[sanitize]64歳,その他,施錠せず
窃盗,自転車盗,赤穂,赤穂駅前,282120,兵庫県,赤穂市,加里屋,2023[sanitize]04[sanitize]06,08,その他,駐車（輪）場,10歳代,高校生,施錠せず
窃盗,自転車盗,赤穂,赤穂駅前,282120,兵庫県,赤穂市,加里屋,2023[sanitize]05[sanitize]03,09,道路上,その他,20歳代,その他,施錠した
窃盗,自転車盗,赤穂,赤穂駅前,282120,兵庫県,赤穂市,加里屋,2023[sanitize]06[sanitize]18,20,その他,駐車（輪）場,10歳代,大学生,施錠せず
窃盗,自転車盗,赤穂,赤穂駅前,282120,兵庫県,赤穂市,加里屋,2023[sanitize]06[sanitize]24,09,その他,駐車（輪）場,20歳代,大学生,施錠せず
窃盗,自転車盗,赤穂,赤穂駅前,282120,兵庫県,赤穂市,加里屋,2023[sanitize]07[sanitize]04,15,その他,駐車（輪）場,20歳代,大学生,施錠せず
窃盗,自転車盗,赤穂,赤穂駅前,282120,兵庫県,赤穂市,加里屋,2023[sanitize]08[sanitize]02,15,その他,駐車（輪）場,10歳代,高校生,施錠せず
窃盗,自転車盗,赤穂,赤穂駅前,282120,兵庫県,赤穂市,加里屋,2023[sanitize]08[sanitize]21,13,その他の住宅（３階建て以下共同住宅等）,駐車（輪）場,10歳代,高校生,施錠せず
窃盗,自転車盗,赤穂,赤穂駅前,282120,兵庫県,赤穂市,加里屋,2023[sanitize]08[sanitize]31,06,その他,駐車（輪）場,10歳代,大学生,施錠せず
窃盗,自転車盗,赤穂,赤穂駅前,282120,兵庫県,赤穂市,加里屋,2023[sanitize]09[sanitize]07,21,その他,駐車（輪）場,10歳代,大学生,施錠せず
窃盗,自転車盗,赤穂,赤穂駅前,282120,兵庫県,赤穂市,加里屋,2023[sanitize]10[sanitize]09,08,その他,駐車（輪）場,10歳代,中学生,施錠せず
窃盗,自転車盗,赤穂,赤穂駅前,282120,兵庫県,赤穂市,加里屋,2023[sanitize]10[sanitize]12,00,その他,駐車（輪）場,20歳代,その他,施錠せず
窃盗,自転車盗,赤穂,赤穂駅前,282120,兵庫県,赤穂市,加里屋,2023[sanitize]10[sanitize]13,13,その他,駐車（輪）場,10歳代,大学生,施錠した
窃盗,自転車盗,赤穂,赤穂駅前,282120,兵庫県,赤穂市,加里屋,2023[sanitize]10[sanitize]27,17,その他,駐車（輪）場,10歳代,高校生,施錠せず
窃盗,自転車盗,赤穂,赤穂駅前,282120,兵庫県,赤穂市,加里屋,2023[sanitize]11[sanitize]05,14,その他,駐車（輪）場,10歳代,中学生,施錠せず
窃盗,自転車盗,赤穂,赤穂駅前,282120,兵庫県,赤穂市,加里屋,2023[sanitize]11[sanitize]10,22,道路上,その他,10歳代,高校生,施錠せず
窃盗,自転車盗,赤穂,赤穂駅前,282120,兵庫県,赤穂市,加里屋,2023[sanitize]12[sanitize]06,20,その他,駐車（輪）場,10歳代,高校生,施錠せず
窃盗,自転車盗,赤穂,赤穂駅前,282120,兵庫県,赤穂市,中広,2023[sanitize]01[sanitize]11,22,その他,駐車（輪）場,30歳代,その他,施錠せず
窃盗,自転車盗,赤穂,赤穂駅前,282120,兵庫県,赤穂市,中広,2023[sanitize]02[sanitize]08,17,その他,駐車（輪）場,10歳代,高校生,施錠せず
窃盗,自転車盗,赤穂,赤穂駅前,282120,兵庫県,赤穂市,中広,2023[sanitize]09[sanitize]03,00,道路上,その他,50歳代,その他,施錠せず
窃盗,自転車盗,赤穂,赤穂駅前,282120,兵庫県,赤穂市,元町,2023[sanitize]07[sanitize]02,17,その他の住宅（３階建て以下共同住宅等）,駐車（輪）場,20歳代,その他,施錠せず
窃盗,自転車盗,赤穂,赤穂駅前,282120,兵庫県,赤穂市,元町,2023[sanitize]10[sanitize]28,12,一戸建住宅,駐車（輪）場,10歳代,高校生,施錠せず
窃盗,自転車盗,宍粟,山崎中央,282278,兵庫県,宍粟市,山崎町加生,2023[sanitize]03[sanitize]10,08,その他,駐車（輪）場,10歳代,高校生,施錠せず
窃盗,自転車盗,宍粟,山崎中央,282278,兵庫県,宍粟市,山崎町鹿沢,2022[sanitize]12[sanitize]29,12,その他の住宅（３階建て以下共同住宅等）,駐車（輪）場,10歳代,高校生,施錠せず
窃盗,自転車盗,宍粟,山崎中央,282278,兵庫県,宍粟市,山崎町鹿沢,2023[sanitize]03[sanitize]17,07,駐車（輪）場,駐車（輪）場,10歳代,高校生,施錠せず
窃盗,自転車盗,宍粟,山崎中央,282278,兵庫県,宍粟市,山崎町鹿沢,2023[sanitize]07[sanitize]28,06,その他,駐車（輪）場,10歳代,高校生,施錠せず
窃盗,自転車盗,宍粟,山崎中央,282278,兵庫県,宍粟市,山崎町鹿沢,2023[sanitize]08[sanitize]05,20,その他,駐車（輪）場,10歳代,高校生,施錠せず
窃盗,自転車盗,宍粟,山崎中央,282278,兵庫県,宍粟市,山崎町鹿沢,2023[sanitize]08[sanitize]06,11,その他,駐車（輪）場,10歳代,高校生,施錠せず
窃盗,自転車盗,宍粟,山崎中央,282278,兵庫県,宍粟市,山崎町鹿沢,2023[sanitize]08[sanitize]08,07,駐車（輪）場,駐車（輪）場,10歳代,高校生,施錠せず
窃盗,自転車盗,宍粟,山崎中央,282278,兵庫県,宍粟市,山崎町鹿沢,2023[sanitize]12[sanitize]19,07,その他,駐車（輪）場,10歳代,高校生,施錠した
窃盗,自転車盗,宍粟,山崎中央,282278,兵庫県,宍粟市,山崎町中広瀬,2023[sanitize]04[sanitize]21,08,駐車（輪）場,駐車（輪）場,30歳代,その他,施錠せず
窃盗,自転車盗,宍粟,田井,282278,兵庫県,宍粟市,山崎町三津,2023[sanitize]03[sanitize]09,08,その他,駐車（輪）場,10歳代,高校生,施錠せず
窃盗,自転車盗,南但馬,八鹿駅前,282227,兵庫県,養父市,八鹿町九鹿,2023[sanitize]04[sanitize]01,00,４階建て以上共同住宅,駐車（輪）場,30歳代,その他,施錠せず
窃盗,自転車盗,南但馬,八鹿駅前,282227,兵庫県,養父市,八鹿町九鹿,2023[sanitize]11[sanitize]17,16,４階建て以上共同住宅,駐車（輪）場,40歳代,その他,施錠せず
窃盗,自転車盗,南但馬,八鹿駅前,282227,兵庫県,養父市,八鹿町九鹿,2023[sanitize]11[sanitize]30,08,その他,駐車（輪）場,10歳代,高校生,施錠せず
窃盗,自転車盗,南但馬,八鹿駅前,282227,兵庫県,養父市,八鹿町九鹿,2023[sanitize]11[sanitize]30,08,その他,駐車（輪）場,10歳代,高校生,施錠せず
窃盗,自転車盗,南但馬,八鹿駅前,282227,兵庫県,養父市,八鹿町八鹿,2023[sanitize]09[sanitize]02,15,駐車（輪）場,駐車（輪）場,10歳代,高校生,施錠せず
窃盗,自転車盗,南但馬,八鹿駅前,282227,兵庫県,養父市,八鹿町八鹿,2023[sanitize]11[sanitize]07,05,その他,駐車（輪）場,10歳代,高校生,施錠せず
窃盗,自転車盗,南但馬,八鹿駅前,282227,兵庫県,養父市,八鹿町八鹿,2023[sanitize]12[sanitize]05,12,その他,駐車（輪）場,10歳代,高校生,施錠せず
窃盗,自転車盗,南但馬,和田山駅前,282251,兵庫県,朝来市,和田山町枚田岡,2023[sanitize]03[sanitize]24,16,その他,その他,10歳代,中学生,施錠せず
窃盗,自転車盗,南但馬,和田山駅前,282251,兵庫県,朝来市,和田山町枚田岡,2023[sanitize]07[sanitize]21,12,その他,その他,10歳代,小学生,施錠せず
窃盗,自転車盗,南但馬,和田山駅前,282251,兵庫県,朝来市,和田山町枚田岡,2023[sanitize]10[sanitize]31,08,その他,駐車（輪）場,10歳代,高校生,施錠せず
窃盗,自転車盗,南但馬,和田山駅前,282251,兵庫県,朝来市,和田山町枚田岡,2023[sanitize]12[sanitize]14,16,道路上,その他,10歳代,中学生,施錠せず
窃盗,自転車盗,南但馬,矢名瀬,282251,兵庫県,朝来市,山東町滝田,2023[sanitize]01[sanitize]20,07,その他,駐車（輪）場,10歳代,高校生,施錠せず
窃盗,自転車盗,南但馬,矢名瀬,282251,兵庫県,朝来市,山東町滝田,2023[sanitize]03[sanitize]17,08,その他,駐車（輪）場,20歳代,大学生,施錠せず
窃盗,自転車盗,南但馬,関宮,282227,兵庫県,養父市,関宮,2023[sanitize]08[sanitize]10,00,その他,駐車（輪）場,65[sanitize]69歳,その他,施錠せず
窃盗,自転車盗,豊岡,下陰,282090,兵庫県,豊岡市,下陰,2023[sanitize]08[sanitize]03,19,その他の住宅（３階建て以下共同住宅等）,駐車（輪）場,10歳代,高校生,施錠せず
窃盗,自転車盗,豊岡,城崎温泉駅前,282090,兵庫県,豊岡市,城崎町湯島,2023[sanitize]06[sanitize]24,14,駐車（輪）場,駐車（輪）場,20歳代,その他,施錠した
窃盗,自転車盗,豊岡,大橋,282090,兵庫県,豊岡市,出石町川原,2023[sanitize]12[sanitize]23,12,道路上,その他,70歳以上,その他,施錠せず
窃盗,自転車盗,豊岡,江原,282090,兵庫県,豊岡市,日高町日置,2023[sanitize]05[sanitize]10,07,駐車（輪）場,駐車（輪）場,10歳代,高校生,施錠せず
窃盗,自転車盗,豊岡,立野,282090,兵庫県,豊岡市,大磯町,2023[sanitize]04[sanitize]15,不明,駐車（輪）場,駐車（輪）場,20歳代,その他,施錠せず
窃盗,自転車盗,豊岡,立野,282090,兵庫県,豊岡市,桜町,2023[sanitize]03[sanitize]06,22,駐車（輪）場,駐車（輪）場,20歳代,その他,施錠せず
窃盗,自転車盗,豊岡,立野,282090,兵庫県,豊岡市,立野町,2023[sanitize]06[sanitize]17,20,その他,駐車（輪）場,40歳代,その他,施錠せず
窃盗,自転車盗,豊岡,立野,282090,兵庫県,豊岡市,中央町,2023[sanitize]04[sanitize]24,18,その他,その他,30歳代,その他,施錠せず
窃盗,自転車盗,豊岡,立野,282090,兵庫県,豊岡市,弥栄町,2023[sanitize]03[sanitize]19,19,その他の住宅（３階建て以下共同住宅等）,駐車（輪）場,30歳代,その他,施錠せず
窃盗,自転車盗,豊岡,豊岡駅前,282090,兵庫県,豊岡市,今森,2023[sanitize]03[sanitize]22,12,一戸建住宅,駐車（輪）場,10歳代,高校生,施錠した
窃盗,自転車盗,豊岡,豊岡駅前,282090,兵庫県,豊岡市,大手町,2022[sanitize]12[sanitize]23,12,その他,駐車（輪）場,10歳代,大学生,施錠した
窃盗,自転車盗,豊岡,豊岡駅前,282090,兵庫県,豊岡市,大手町,2023[sanitize]02[sanitize]06,14,その他,駐車（輪）場,20歳代,その他,施錠した
窃盗,自転車盗,豊岡,豊岡駅前,282090,兵庫県,豊岡市,大手町,2023[sanitize]03[sanitize]15,08,その他,駐車（輪）場,10歳代,中学生,施錠した
窃盗,自転車盗,豊岡,豊岡駅前,282090,兵庫県,豊岡市,大手町,2023[sanitize]10[sanitize]25,10,その他,その他,70歳以上,その他,施錠せず
窃盗,自転車盗,豊岡,豊岡駅前,282090,兵庫県,豊岡市,大手町,2023[sanitize]12[sanitize]06,07,その他,駐車（輪）場,10歳代,高校生,施錠せず
窃盗,自転車盗,豊岡,豊岡駅前,282090,兵庫県,豊岡市,寿町,2023[sanitize]05[sanitize]27,00,駐車（輪）場,駐車（輪）場,30歳代,その他,施錠せず
窃盗,自転車盗,豊岡,豊岡駅前,282090,兵庫県,豊岡市,山王町,2023[sanitize]03[sanitize]13,14,その他,駐車（輪）場,20歳代,大学生,施錠せず
窃盗,自転車盗,豊岡,豊岡駅前,282090,兵庫県,豊岡市,山王町,2023[sanitize]03[sanitize]22,09,その他,駐車（輪）場,10歳代,大学生,施錠せず
窃盗,自転車盗,豊岡,豊岡駅前,282090,兵庫県,豊岡市,山王町,2023[sanitize]03[sanitize]22,11,その他,駐車（輪）場,10歳代,大学生,施錠せず
窃盗,自転車盗,豊岡,豊岡駅前,282090,兵庫県,豊岡市,高屋,2023[sanitize]10[sanitize]10,07,その他,駐車（輪）場,20歳代,その他,施錠せず
窃盗,自転車盗,豊岡,豊岡駅前,282090,兵庫県,豊岡市,中央町,2023[sanitize]08[sanitize]20,18,一戸建住宅,駐車（輪）場,70歳以上,その他,施錠せず
窃盗,自転車盗,豊岡,野上,282090,兵庫県,豊岡市,船町,2023[sanitize]05[sanitize]21,12,道路上,その他,70歳以上,その他,施錠せず
窃盗,自転車盗,美方,浜坂駅前,285862,兵庫県,新温泉町,浜坂,2023[sanitize]07[sanitize]16,18,その他,駐車（輪）場,10歳代,高校生,施錠せず
窃盗,自転車盗,洲本,内町,282057,兵庫県,洲本市,小路谷,2023[sanitize]04[sanitize]13,16,駐車（輪）場,駐車（輪）場,20歳代,その他,施錠せず
窃盗,自転車盗,洲本,内町,282057,兵庫県,洲本市,塩屋１丁目,2022[sanitize]12[sanitize]20,00,駐車（輪）場,駐車（輪）場,20歳代,その他,施錠せず
窃盗,自転車盗,洲本,内町,282057,兵庫県,洲本市,塩屋１丁目,2023[sanitize]01[sanitize]15,08,駐車（輪）場,駐車（輪）場,10歳代,高校生,施錠せず
窃盗,自転車盗,洲本,内町,282057,兵庫県,洲本市,塩屋１丁目,2023[sanitize]01[sanitize]19,00,その他,その他,40歳代,その他,施錠せず
窃盗,自転車盗,洲本,内町,282057,兵庫県,洲本市,塩屋１丁目,2023[sanitize]02[sanitize]19,15,その他,その他,40歳代,その他,施錠せず
窃盗,自転車盗,洲本,内町,282057,兵庫県,洲本市,塩屋１丁目,2023[sanitize]02[sanitize]25,09,その他,その他,10歳代,小学生,施錠せず
窃盗,自転車盗,洲本,内町,282057,兵庫県,洲本市,塩屋１丁目,2023[sanitize]03[sanitize]05,09,道路上,その他,10歳代,中学生,施錠せず
窃盗,自転車盗,洲本,内町,282057,兵庫県,洲本市,塩屋１丁目,2023[sanitize]04[sanitize]09,10,その他,駐車（輪）場,10歳代,高校生,施錠せず
窃盗,自転車盗,洲本,内町,282057,兵庫県,洲本市,塩屋１丁目,2023[sanitize]05[sanitize]05,10,駐車（輪）場,駐車（輪）場,60[sanitize]64歳,その他,施錠せず
窃盗,自転車盗,洲本,内町,282057,兵庫県,洲本市,塩屋１丁目,2023[sanitize]07[sanitize]16,10,その他,駐車（輪）場,10歳代,中学生,施錠せず
窃盗,自転車盗,洲本,内町,282057,兵庫県,洲本市,塩屋１丁目,2023[sanitize]07[sanitize]29,16,その他,その他,10歳代,高校生,施錠せず
窃盗,自転車盗,洲本,内町,282057,兵庫県,洲本市,塩屋１丁目,2023[sanitize]08[sanitize]27,10,その他,駐車（輪）場,10歳代,中学生,施錠せず
窃盗,自転車盗,洲本,内町,282057,兵庫県,洲本市,塩屋１丁目,2023[sanitize]09[sanitize]01,22,その他,その他,10歳代,高校生,施錠せず
窃盗,自転車盗,洲本,内町,282057,兵庫県,洲本市,塩屋１丁目,2023[sanitize]10[sanitize]21,18,その他,駐車（輪）場,10歳代,高校生,施錠した
窃盗,自転車盗,洲本,内町,282057,兵庫県,洲本市,塩屋１丁目,2023[sanitize]11[sanitize]23,12,その他,駐車（輪）場,10歳代,高校生,施錠せず
窃盗,自転車盗,洲本,内町,282057,兵庫県,洲本市,炬口１丁目,2023[sanitize]09[sanitize]22,18,４階建て以上共同住宅,駐車（輪）場,20歳代,その他,施錠せず
窃盗,自転車盗,洲本,内町,282057,兵庫県,洲本市,本町２丁目,2023[sanitize]09[sanitize]28,09,その他,駐車（輪）場,10歳未満,小学生,施錠せず
窃盗,自転車盗,洲本,内町,282057,兵庫県,洲本市,本町４丁目,2023[sanitize]10[sanitize]03,20,その他,その他,30歳代,その他,施錠せず
窃盗,自転車盗,洲本,内町,282057,兵庫県,洲本市,本町６丁目,2023[sanitize]06[sanitize]10,22,道路上,その他,10歳代,高校生,施錠せず
窃盗,自転車盗,洲本,内町,282057,兵庫県,洲本市,港,2023[sanitize]09[sanitize]10,21,その他,駐車（輪）場,50歳代,その他,施錠した
窃盗,自転車盗,洲本,内町,282057,兵庫県,洲本市,港,2023[sanitize]10[sanitize]01,08,その他,駐車（輪）場,10歳代,高校生,施錠せず
窃盗,自転車盗,洲本,内町,282057,兵庫県,洲本市,港,2023[sanitize]12[sanitize]21,12,その他,駐車（輪）場,50歳代,その他,施錠せず
窃盗,自転車盗,洲本,内膳,282057,兵庫県,洲本市,納,2023[sanitize]04[sanitize]27,08,駐車（輪）場,駐車（輪）場,10歳代,その他,施錠せず
窃盗,自転車盗,洲本,内膳,282057,兵庫県,洲本市,納,2023[sanitize]05[sanitize]26,14,駐車（輪）場,駐車（輪）場,10歳代,中学生,施錠せず
窃盗,自転車盗,洲本,内膳,282057,兵庫県,洲本市,納,2023[sanitize]10[sanitize]03,17,その他,駐車（輪）場,10歳代,高校生,施錠せず
窃盗,自転車盗,洲本,外通,282057,兵庫県,洲本市,,2017[sanitize]08[sanitize]15,00,道路上,その他,法人・団体、被害者なし,法人・団体、被害者なし,施錠した
窃盗,自転車盗,洲本,外通,282057,兵庫県,洲本市,本町８丁目,2023[sanitize]05[sanitize]20,17,その他,駐車（輪）場,40歳代,その他,施錠せず
窃盗,自転車盗,洲本,大野,282057,兵庫県,洲本市,宇原,2023[sanitize]07[sanitize]29,14,その他の住宅（３階建て以下共同住宅等）,その他,10歳代,中学生,施錠せず
窃盗,自転車盗,洲本,宇山,282057,兵庫県,洲本市,納,2023[sanitize]01[sanitize]17,07,道路上,その他,10歳代,大学生,施錠せず
窃盗,自転車盗,洲本,宇山,282057,兵庫県,洲本市,港,2023[sanitize]10[sanitize]16,17,その他,駐車（輪）場,10歳代,高校生,施錠せず
窃盗,自転車盗,洲本,都志,282057,兵庫県,洲本市,五色町都志,2023[sanitize]06[sanitize]29,20,一戸建住宅,駐車（輪）場,70歳以上,その他,施錠せず
窃盗,自転車盗,淡路,中田,282260,兵庫県,淡路市,中田,2023[sanitize]01[sanitize]10,07,その他,駐車（輪）場,10歳代,高校生,施錠せず
窃盗,自転車盗,淡路,塩田,282260,兵庫県,淡路市,塩尾,2023[sanitize]04[sanitize]03,19,道路上,その他,30歳代,その他,施錠せず
窃盗,自転車盗,淡路,岩屋,282260,兵庫県,淡路市,岩屋,2019[sanitize]08[sanitize]15,09,その他の住宅（３階建て以下共同住宅等）,駐車（輪）場,70歳以上,その他,施錠せず
窃盗,自転車盗,淡路,岩屋,282260,兵庫県,淡路市,岩屋,2023[sanitize]11[sanitize]22,07,駐車（輪）場,駐車（輪）場,10歳代,高校生,施錠せず
窃盗,自転車盗,淡路,志筑,282260,兵庫県,淡路市,志筑,2023[sanitize]07[sanitize]08,16,その他,駐車（輪）場,10歳未満,小学生,施錠せず
窃盗,自転車盗,淡路,志筑,282260,兵庫県,淡路市,志筑,2023[sanitize]07[sanitize]09,12,４階建て以上共同住宅,駐車（輪）場,50歳代,その他,施錠せず
窃盗,自転車盗,淡路,志筑,282260,兵庫県,淡路市,志筑,2023[sanitize]07[sanitize]28,15,その他,駐車（輪）場,10歳代,その他,施錠せず
窃盗,自転車盗,淡路,志筑,282260,兵庫県,淡路市,志筑,2023[sanitize]08[sanitize]20,06,その他,駐車（輪）場,10歳代,中学生,施錠した
窃盗,自転車盗,淡路,志筑,282260,兵庫県,淡路市,志筑,2023[sanitize]10[sanitize]19,18,駐車（輪）場,駐車（輪）場,30歳代,その他,施錠した
窃盗,自転車盗,淡路,浦,282260,兵庫県,淡路市,浦,2023[sanitize]04[sanitize]15,09,一戸建住宅,その他,20歳代,その他,施錠せず
窃盗,自転車盗,淡路,浦,282260,兵庫県,淡路市,浦,2023[sanitize]10[sanitize]23,18,一戸建住宅,その他,65[sanitize]69歳,その他,施錠した
窃盗,自転車盗,南あわじ,志知,282243,兵庫県,南あわじ市,志知鈩,2023[sanitize]07[sanitize]22,10,駐車（輪）場,駐車（輪）場,10歳代,高校生,施錠せず
窃盗,自転車盗,南あわじ,志知,282243,兵庫県,南あわじ市,志知鈩,2023[sanitize]09[sanitize]09,12,駐車（輪）場,駐車（輪）場,10歳代,高校生,施錠せず
窃盗,自転車盗,南あわじ,志知,282243,兵庫県,南あわじ市,志知鈩,2023[sanitize]10[sanitize]07,08,駐車（輪）場,駐車（輪）場,20歳代,大学生,施錠せず
窃盗,自転車盗,南あわじ,慶野,282243,兵庫県,南あわじ市,松帆江尻,2023[sanitize]02[sanitize]11,22,一戸建住宅,その他,70歳以上,その他,施錠せず
窃盗,自転車盗,南あわじ,慶野,282243,兵庫県,南あわじ市,松帆北方,2023[sanitize]01[sanitize]07,00,一戸建住宅,その他,20歳代,その他,施錠せず
窃盗,自転車盗,南あわじ,慶野,282243,兵庫県,南あわじ市,松帆古津路,2023[sanitize]08[sanitize]25,18,一戸建住宅,駐車（輪）場,10歳代,中学生,施錠せず
窃盗,自転車盗,南あわじ,慶野,282243,兵庫県,南あわじ市,松帆塩浜,2023[sanitize]03[sanitize]06,18,一戸建住宅,その他,70歳以上,その他,施錠せず
窃盗,自転車盗,南あわじ,掃守,282243,兵庫県,南あわじ市,榎列松田,2023[sanitize]03[sanitize]10,11,駐車（輪）場,駐車（輪）場,60[sanitize]64歳,その他,施錠せず
窃盗,自転車盗,南あわじ,福井,282243,兵庫県,南あわじ市,賀集野田,2023[sanitize]01[sanitize]21,11,一戸建住宅,その他,10歳代,高校生,施錠せず
窃盗,自転車盗,南あわじ,福井,282243,兵庫県,南あわじ市,賀集福井,2023[sanitize]09[sanitize]08,17,４階建て以上共同住宅,駐車（輪）場,50歳代,その他,施錠せず
窃盗,自転車盗,南あわじ,福良,282243,兵庫県,南あわじ市,福良乙,2023[sanitize]12[sanitize]22,18,４階建て以上共同住宅,駐車（輪）場,10歳代,小学生,施錠せず
窃盗,自転車盗,南あわじ,福良,282243,兵庫県,南あわじ市,福良甲,2023[sanitize]02[sanitize]20,17,その他,駐車（輪）場,70歳以上,その他,施錠せず
窃盗,自転車盗,南あわじ,福良,282243,兵庫県,南あわじ市,福良甲,2023[sanitize]08[sanitize]27,06,駐車（輪）場,駐車（輪）場,10歳代,高校生,施錠せず
窃盗,自転車盗,南あわじ,福良,282243,兵庫県,南あわじ市,福良甲,2023[sanitize]08[sanitize]27,08,駐車（輪）場,駐車（輪）場,10歳代,高校生,施錠せず
窃盗,自転車盗,南あわじ,阿万西,282243,兵庫県,南あわじ市,阿万塩屋町,2023[sanitize]02[sanitize]03,19,その他,その他,10歳代,高校生,施錠せず
窃盗,自転車盗,南あわじ,阿万西,282243,兵庫県,南あわじ市,阿万塩屋町,2023[sanitize]11[sanitize]23,18,一戸建住宅,その他,30歳代,その他,施錠せず
窃盗,自転車盗,南あわじ,阿万西,282243,兵庫県,南あわじ市,阿万東町,2023[sanitize]10[sanitize]03,17,一戸建住宅,その他,10歳代,小学生,施錠せず
窃盗,自転車盗,南あわじ,阿那賀,282243,兵庫県,南あわじ市,阿那賀,2023[sanitize]09[sanitize]07,17,道路上,その他,70歳以上,その他,施錠せず
