ß–¼,ŽèŒû,ŠÇŠŒxŽ@i”­¶’nj,ŠÇŠŒð”ÔE’“ÝŠi”­¶’nj,Žs‹æ’¬‘ºƒR[ƒhi”­¶’nj,“s“¹•{Œ§i”­¶’nj,Žs‹æ’¬‘ºi”­¶’nj,’¬’š–Úi”­¶’nj,”­¶”NŒŽ“úiŽnŠúj,”­¶ŽžiŽnŠúj,”­¶êŠ‚Ì‘®«,Ž{ùŠÖŒW,Œ»‹à”íŠQ‚Ì—L–³
Þ“,ŽÔã‚Ë‚ç‚¢,¬–ì,‰Í‡,282189,•ºŒÉŒ§,¬–ìŽs,‰Í‡¼’¬,2018-08-13,19,’“ŽÔi—Öjê,Ž{ù‚µ‚½,‚È‚µ
Þ“,ŽÔã‚Ë‚ç‚¢,¬–ì,‰Í‡,282189,•ºŒÉŒ§,¬–ìŽs,•œˆä’¬,2018-08-14,19,’“ŽÔi—Öjê,Ž{ù‚µ‚½,‚ ‚è
Þ“,ŽÔã‚Ë‚ç‚¢,¬–ì,ŒI¶,282189,•ºŒÉŒ§,¬–ìŽs,ˆ¾¶’¬,2018-02-19,12,’“ŽÔi—Öjê,Ž{ù‚µ‚½,‚ ‚è
Þ“,ŽÔã‚Ë‚ç‚¢,¬–ì,ŒI¶,282189,•ºŒÉŒ§,¬–ìŽs,ˆ¾¶’¬,2018-09-01,16,’“ŽÔi—Öjê,Ž{ù‚µ‚½,‚È‚µ
Þ“,ŽÔã‚Ë‚ç‚¢,¬–ì,ŒI¶,282189,•ºŒÉŒ§,¬–ìŽs,º˜a’¬,2018-05-13,15,’“ŽÔi—Öjê,Ž{ù‚µ‚½,‚ ‚è
Þ“,ŽÔã‚Ë‚ç‚¢,¬–ì,‰º—ˆZ,282189,•ºŒÉŒ§,¬–ìŽs,—ˆZ’¬,2018-02-06,12,‚»‚Ì‘¼,Ž{ù‚µ‚½,‚ ‚è
Þ“,ŽÔã‚Ë‚ç‚¢,¬–ì,¬–ì‰w‘O,282189,•ºŒÉŒ§,¬–ìŽs,‰¤Žq’¬,2018-09-01,05,’“ŽÔi—Öjê,Ž{ù‚µ‚½,‚È‚µ
Þ“,ŽÔã‚Ë‚ç‚¢,¬–ì,¬–ì‰w‘O,282189,•ºŒÉŒ§,¬–ìŽs,‰¤Žq’¬,2018-09-01,19,’“ŽÔi—Öjê,Ž{ù‚µ‚½,‚È‚µ
Þ“,ŽÔã‚Ë‚ç‚¢,¬–ì,¬–ì‰w‘O,282189,•ºŒÉŒ§,¬–ìŽs,‹o“c’¬,2018-03-22,19,’“ŽÔi—Öjê,Ž{ù‚µ‚½,‚È‚µ
Þ“,ŽÔã‚Ë‚ç‚¢,¬–ì,¬–ì‰w‘O,282189,•ºŒÉŒ§,¬–ìŽs,‹o“c’¬,2018-09-07,13,“¹˜Hã,Ž{ù‚µ‚½,‚ ‚è
Þ“,ŽÔã‚Ë‚ç‚¢,¬–ì,¬–ì‰w‘O,282189,•ºŒÉŒ§,¬–ìŽs,•ì’¬,2018-07-08,15,’“ŽÔi—Öjê,Ž{ù‚µ‚½,‚È‚µ
Þ“,ŽÔã‚Ë‚ç‚¢,¬–ì,¬–ì‰w‘O,282189,•ºŒÉŒ§,¬–ìŽs,•ì’¬,2018-11-20,17,‚»‚Ì‘¼,Ž{ù‚µ‚½,‚È‚µ
Þ“,ŽÔã‚Ë‚ç‚¢,¬–ì,¬–ì‰w‘O,282189,•ºŒÉŒ§,¬–ìŽs,‰º—ˆZ’¬,2018-04-11,15,‚»‚Ì‘¼,Ž{ù‚µ‚½,‚ ‚è
Þ“,ŽÔã‚Ë‚ç‚¢,¬–ì,¬–ì‰w‘O,282189,•ºŒÉŒ§,¬–ìŽs,‚“c’¬,2018-09-02,21,’“ŽÔi—Öjê,Ž{ù‚µ‚½,‚È‚µ
Þ“,ŽÔã‚Ë‚ç‚¢,¬–ì,¬–ì‰w‘O,282189,•ºŒÉŒ§,¬–ìŽs,•œˆä’¬,2018-01-04,17,ˆêŒËŒšZ‘î,Ž{ù‚µ‚½,‚ ‚è
Þ“,ŽÔã‚Ë‚ç‚¢,¬–ì,Žsê,282189,•ºŒÉŒ§,¬–ìŽs,Š~ŽR’¬,2018-07-31,08,’“ŽÔi—Öjê,Ž{ù‚µ‚½,‚ ‚è
Þ“,ŽÔã‚Ë‚ç‚¢,¬–ì,Žsê,282189,•ºŒÉŒ§,¬–ìŽs,Š~ŽR’¬,2018-09-18,17,’“ŽÔi—Öjê,Ž{ù‚µ‚½,‚È‚µ
Þ“,ŽÔã‚Ë‚ç‚¢,¬–ì,¬“c,282189,•ºŒÉŒ§,¬–ìŽs,•ŸZ’¬,2018-10-21,13,’“ŽÔi—Öjê,Ž{ù‚µ‚½,‚ ‚è
Þ“,ŽÔã‚Ë‚ç‚¢,ŽO“c,ŽO“c‰w‘O,282197,•ºŒÉŒ§,ŽO“cŽs,“V_‚P’š–Ú,2018-11-18,11,’“ŽÔi—Öjê,Ž{ù‚µ‚½,‚ ‚è
Þ“,ŽÔã‚Ë‚ç‚¢,ŽO“c,‰Á–Î,282197,•ºŒÉŒ§,ŽO“cŽs,––,2018-02-12,16,‚»‚Ì‘¼,Ž{ù‚µ‚½,‚ ‚è
Þ“,ŽÔã‚Ë‚ç‚¢,ŽO“c,‚ ‚¢‚Ì—¢,282197,•ºŒÉŒ§,ŽO“cŽs,‘åì£,2018-02-19,13,‚»‚Ì‘¼,Ž{ù‚µ‚½,‚È‚µ
Þ“,ŽÔã‚Ë‚ç‚¢,ŽO“c,‚ ‚¢‚Ì—¢,282197,•ºŒÉŒ§,ŽO“cŽs,‰º‘Š–ì,2018-01-20,16,’“ŽÔi—Öjê,Ž{ù‚µ‚½,‚ ‚è
Þ“,ŽÔã‚Ë‚ç‚¢,ŽO“c,Žlƒc’Ò,282197,•ºŒÉŒ§,ŽO“cŽs,Žlƒc’Ò,2018-03-06,13,’“ŽÔi—Öjê,Ž{ù‚µ‚½,‚È‚µ
Þ“,ŽÔã‚Ë‚ç‚¢,ŽO“c,“ìƒEƒbƒfƒBƒ^ƒEƒ“,282197,•ºŒÉŒ§,ŽO“cŽs,‚ ‚©‚µ‚ ‘ä‚R’š–Ú,2018-04-16,14,’“ŽÔi—Öjê,Ž{ù‚µ‚½,‚È‚µ
Þ“,ŽÔã‚Ë‚ç‚¢,“Œ“å,[],281018,•ºŒÉŒ§,_ŒËŽs“Œ“å‹æ,[]–k’¬‚R’š–Ú,2018-01-25,17,’“ŽÔi—Öjê,Ž{ù‚µ‚½,‚È‚µ
Þ“,ŽÔã‚Ë‚ç‚¢,“Œ“å,[],281018,•ºŒÉŒ§,_ŒËŽs“Œ“å‹æ,[]•l’¬,2018-01-12,12,’“ŽÔi—Öjê,Ž{ù‚µ‚½,‚È‚µ
Þ“,ŽÔã‚Ë‚ç‚¢,“Œ“å,[],281018,•ºŒÉŒ§,_ŒËŽs“Œ“å‹æ,[]–{’¬‚R’š–Ú,2018-01-22,21,’“ŽÔi—Öjê,Ž{ù‚µ‚½,‚È‚µ
Þ“,ŽÔã‚Ë‚ç‚¢,“Œ“å,[],281018,•ºŒÉŒ§,_ŒËŽs“Œ“å‹æ,[]“ì’¬‚P’š–Ú,2018-03-22,18,’“ŽÔi—Öjê,Ž{ù‚µ‚½,‚È‚µ
Þ“,ŽÔã‚Ë‚ç‚¢,“Œ“å,[],281018,•ºŒÉŒ§,_ŒËŽs“Œ“å‹æ,[]“ì’¬‚P’š–Ú,2018-04-04,20,’“ŽÔi—Öjê,Ž{ù‚µ‚½,‚È‚µ
Þ“,ŽÔã‚Ë‚ç‚¢,“Œ“å,[],281018,•ºŒÉŒ§,_ŒËŽs“Œ“å‹æ,[]“ì’¬‚Q’š–Ú,2018-01-01,22,’“ŽÔi—Öjê,Ž{ù‚µ‚½,‚È‚µ
Þ“,ŽÔã‚Ë‚ç‚¢,“Œ“å,X,281018,•ºŒÉŒ§,_ŒËŽs“Œ“å‹æ,–{¯’¬‚P’š–Ú,2018-03-17,23,’“ŽÔi—Öjê,Ž{ù‚µ‚½,‚È‚µ
Þ“,ŽÔã‚Ë‚ç‚¢,“Œ“å,X,281018,•ºŒÉŒ§,_ŒËŽs“Œ“å‹æ,–{¯’¬‚R’š–Ú,2018-06-06,17,’“ŽÔi—Öjê,Ž{ù‚µ‚½,‚È‚µ
Þ“,ŽÔã‚Ë‚ç‚¢,“Œ“å,X,281018,•ºŒÉŒ§,_ŒËŽs“Œ“å‹æ,–{ŽR“ì’¬‚Q’š–Ú,2018-07-06,18,’“ŽÔi—Öjê,Ž{ù‚µ‚½,‚È‚µ
Þ“,ŽÔã‚Ë‚ç‚¢,“Œ“å,X,281018,•ºŒÉŒ§,_ŒËŽs“Œ“å‹æ,X“ì’¬‚Q’š–Ú,2018-01-24,21,’“ŽÔi—Öjê,Ž{ù‚µ‚½,‚È‚µ
Þ“,ŽÔã‚Ë‚ç‚¢,“Œ“å,‰ª–{,281018,•ºŒÉŒ§,_ŒËŽs“Œ“å‹æ,‰ª–{‚Q’š–Ú,2018-03-18,02,“¹˜Hã,Ž{ù‚µ‚½,‚È‚µ
Þ“,ŽÔã‚Ë‚ç‚¢,“Œ“å,‰ª–{,281018,•ºŒÉŒ§,_ŒËŽs“Œ“å‹æ,¼‰ª–{‚P’š–Ú,2018-05-27,19,’“ŽÔi—Öjê,Ž{ù‚µ‚½,‚È‚µ
Þ“,ŽÔã‚Ë‚ç‚¢,“Œ“å,‰ª–{,281018,•ºŒÉŒ§,_ŒËŽs“Œ“å‹æ,¼‰ª–{‚R’š–Ú,2018-06-04,23,’“ŽÔi—Öjê,Ž{ù‚µ‚½,‚È‚µ
Þ“,ŽÔã‚Ë‚ç‚¢,“Œ“å,‰ª–{,281018,•ºŒÉŒ§,_ŒËŽs“Œ“å‹æ,–{ŽR–k’¬‚Q’š–Ú,2018-04-02,22,’“ŽÔi—Öjê,Ž{ù‚µ‚½,‚È‚µ
Þ“,ŽÔã‚Ë‚ç‚¢,“Œ“å,“c’†,281018,•ºŒÉŒ§,_ŒËŽs“Œ“å‹æ,b“ì’¬‚P’š–Ú,2017-12-31,17,’“ŽÔi—Öjê,Ž{ù‚µ‚½,‚È‚µ
Þ“,ŽÔã‚Ë‚ç‚¢,“Œ“å,“c’†,281018,•ºŒÉŒ§,_ŒËŽs“Œ“å‹æ,b“ì’¬‚Q’š–Ú,2018-01-01,20,’“ŽÔi—Öjê,Ž{ù‚µ‚½,‚È‚µ
Þ“,ŽÔã‚Ë‚ç‚¢,“Œ“å,“c’†,281018,•ºŒÉŒ§,_ŒËŽs“Œ“å‹æ,b“ì’¬‚Q’š–Ú,2018-01-01,21,’“ŽÔi—Öjê,Ž{ù‚µ‚½,‚È‚µ
Þ“,ŽÔã‚Ë‚ç‚¢,“Œ“å,“c’†,281018,•ºŒÉŒ§,_ŒËŽs“Œ“å‹æ,b“ì’¬‚S’š–Ú,2018-01-26,01,“¹˜Hã,Ž{ù‚µ‚½,‚È‚µ
Þ“,ŽÔã‚Ë‚ç‚¢,“Œ“å,“c’†,281018,•ºŒÉŒ§,_ŒËŽs“Œ“å‹æ,–{ŽR’†’¬‚S’š–Ú,2018-09-30,02,“¹˜Hã,Ž{ù‚µ‚½,‚È‚µ
Þ“,ŽÔã‚Ë‚ç‚¢,“Œ“å,“c’†,281018,•ºŒÉŒ§,_ŒËŽs“Œ“å‹æ,–{ŽR“ì’¬‚W’š–Ú,2018-08-26,16,’“ŽÔi—Öjê,Ž{ù‚µ‚½,‚È‚µ
Þ“,ŽÔã‚Ë‚ç‚¢,“Œ“å,“c’†,281018,•ºŒÉŒ§,_ŒËŽs“Œ“å‹æ,–{ŽR“ì’¬‚X’š–Ú,2018-01-01,16,’“ŽÔi—Öjê,Ž{ù‚µ‚½,‚È‚µ
Þ“,ŽÔã‚Ë‚ç‚¢,“Œ“å,“c’†,281018,•ºŒÉŒ§,_ŒËŽs“Œ“å‹æ,–{ŽR“ì’¬‚X’š–Ú,2018-09-13,22,’“ŽÔi—Öjê,Ž{ù‚µ‚½,‚È‚µ
Þ“,ŽÔã‚Ë‚ç‚¢,“Œ“å,Â–Ø‰w‘O,281018,•ºŒÉŒ§,_ŒËŽs“Œ“å‹æ,Â–Ø‚T’š–Ú,2018-02-01,21,’“ŽÔi—Öjê,Ž{ù‚µ‚½,‚È‚µ
Þ“,ŽÔã‚Ë‚ç‚¢,“Œ“å,Â–Ø‰w‘O,281018,•ºŒÉŒ§,_ŒËŽs“Œ“å‹æ,Â–Ø‚T’š–Ú,2018-10-08,00,ˆêŒËŒšZ‘î,Ž{ù‚µ‚½,‚ ‚è
Þ“,ŽÔã‚Ë‚ç‚¢,“Œ“å,Â–Ø‰w‘O,281018,•ºŒÉŒ§,_ŒËŽs“Œ“å‹æ,–kÂ–Ø‚S’š–Ú,2018-09-13,18,’“ŽÔi—Öjê,Ž{ù‚µ‚½,‚È‚µ
Þ“,ŽÔã‚Ë‚ç‚¢,“Œ“å,Â–Ø‰w‘O,281018,•ºŒÉŒ§,_ŒËŽs“Œ“å‹æ,–kÂ–Ø‚S’š–Ú,2018-09-13,18,’“ŽÔi—Öjê,Ž{ù‚µ‚½,‚È‚µ
Þ“,ŽÔã‚Ë‚ç‚¢,“Œ“å,‹›è,281018,•ºŒÉŒ§,_ŒËŽs“Œ“å‹æ,‹›è–k’¬‚P’š–Ú,2018-01-31,17,’“ŽÔi—Öjê,Ž{ù‚µ‚½,‚È‚µ
Þ“,ŽÔã‚Ë‚ç‚¢,“Œ“å,‹›è,281018,•ºŒÉŒ§,_ŒËŽs“Œ“å‹æ,‹›è–k’¬‚S’š–Ú,2018-04-04,18,’“ŽÔi—Öjê,Ž{ù‚µ‚½,‚È‚µ
Þ“,ŽÔã‚Ë‚ç‚¢,“Œ“å,‹›è,281018,•ºŒÉŒ§,_ŒËŽs“Œ“å‹æ,‹›è–k’¬‚S’š–Ú,2018-04-06,18,’“ŽÔi—Öjê,Ž{ù‚µ‚½,‚È‚µ
Þ“,ŽÔã‚Ë‚ç‚¢,“Œ“å,‹›è,281018,•ºŒÉŒ§,_ŒËŽs“Œ“å‹æ,‹›è“ì’¬‚Q’š–Ú,2018-01-19,17,’“ŽÔi—Öjê,Ž{ù‚µ‚½,‚È‚µ
Þ“,ŽÔã‚Ë‚ç‚¢,“Œ“å,‹›è,281018,•ºŒÉŒ§,_ŒËŽs“Œ“å‹æ,‹›è“ì’¬‚S’š–Ú,2018-02-17,18,’“ŽÔi—Öjê,Ž{ù‚µ‚½,‚È‚µ
Þ“,ŽÔã‚Ë‚ç‚¢,“Œ“å,‚i‚qZ‹g‰w‘O,281018,•ºŒÉŒ§,_ŒËŽs“Œ“å‹æ,Z‹g‹{’¬‚P’š–Ú,2018-02-17,16,’“ŽÔi—Öjê,Ž{ù‚µ‚½,‚È‚µ
Þ“,ŽÔã‚Ë‚ç‚¢,“Œ“å,‚i‚qZ‹g‰w‘O,281018,•ºŒÉŒ§,_ŒËŽs“Œ“å‹æ,Z‹g‹{’¬‚T’š–Ú,2018-02-17,20,’“ŽÔi—Öjê,Ž{ù‚µ‚½,‚È‚µ
Þ“,ŽÔã‚Ë‚ç‚¢,“Œ“å,‚i‚qZ‹g‰w‘O,281018,•ºŒÉŒ§,_ŒËŽs“Œ“å‹æ,Z‹g‹{’¬‚T’š–Ú,2018-07-29,23,’“ŽÔi—Öjê,Ž{ù‚µ‚½,‚È‚µ
Þ“,ŽÔã‚Ë‚ç‚¢,“Œ“å,‚i‚qZ‹g‰w‘O,281018,•ºŒÉŒ§,_ŒËŽs“Œ“å‹æ,Z‹g‹{’¬‚T’š–Ú,2018-09-13,08,’“ŽÔi—Öjê,Ž{ù‚µ‚½,‚È‚µ
Þ“,ŽÔã‚Ë‚ç‚¢,“Œ“å,‚i‚qZ‹g‰w‘O,281018,•ºŒÉŒ§,_ŒËŽs“Œ“å‹æ,Z‹g‹{’¬‚T’š–Ú,2018-09-13,17,’“ŽÔi—Öjê,Ž{ù‚µ‚½,‚È‚µ
Þ“,ŽÔã‚Ë‚ç‚¢,“Œ“å,‚i‚qZ‹g‰w‘O,281018,•ºŒÉŒ§,_ŒËŽs“Œ“å‹æ,Z‹g‹{’¬‚U’š–Ú,2018-07-30,18,’“ŽÔi—Öjê,Ž{ù‚µ‚½,‚È‚µ
Þ“,ŽÔã‚Ë‚ç‚¢,“Œ“å,Œà“c,281018,•ºŒÉŒ§,_ŒËŽs“Œ“å‹æ,‹›è¼’¬‚Q’š–Ú,2018-03-21,16,’“ŽÔi—Öjê,Ž{ù‚µ‚½,‚È‚µ
Þ“,ŽÔã‚Ë‚ç‚¢,“Œ“å,Œà“c,281018,•ºŒÉŒ§,_ŒËŽs“Œ“å‹æ,‹›è¼’¬‚Q’š–Ú,2018-08-02,15,’“ŽÔi—Öjê,Ž{ù‚µ‚½,‚È‚µ
Þ“,ŽÔã‚Ë‚ç‚¢,“Œ“å,Œà“c,281018,•ºŒÉŒ§,_ŒËŽs“Œ“å‹æ,‹›è¼’¬‚Q’š–Ú,2018-09-13,19,’“ŽÔi—Öjê,Ž{ù‚µ‚½,‚È‚µ
Þ“,ŽÔã‚Ë‚ç‚¢,“Œ“å,Œà“c,281018,•ºŒÉŒ§,_ŒËŽs“Œ“å‹æ,Œä‰e–{’¬‚Q’š–Ú,2018-01-17,22,ˆêŒËŒšZ‘î,Ž{ù‚µ‚½,‚È‚µ
Þ“,ŽÔã‚Ë‚ç‚¢,“Œ“å,Œà“c,281018,•ºŒÉŒ§,_ŒËŽs“Œ“å‹æ,Œä‰e–{’¬‚Q’š–Ú,2018-08-01,17,’“ŽÔi—Öjê,Ž{ù‚µ‚½,‚È‚µ
Þ“,ŽÔã‚Ë‚ç‚¢,“Œ“å,Œà“c,281018,•ºŒÉŒ§,_ŒËŽs“Œ“å‹æ,Œä‰e–{’¬‚Q’š–Ú,2018-08-02,06,’“ŽÔi—Öjê,Ž{ù‚µ‚½,‚È‚µ
Þ“,ŽÔã‚Ë‚ç‚¢,“Œ“å,Œà“c,281018,•ºŒÉŒ§,_ŒËŽs“Œ“å‹æ,Œä‰e–{’¬‚U’š–Ú,2018-02-13,12,’“ŽÔi—Öjê,Ž{ù‚µ‚½,‚È‚µ
Þ“,ŽÔã‚Ë‚ç‚¢,“Œ“å,Œà“c,281018,•ºŒÉŒ§,_ŒËŽs“Œ“å‹æ,Œä‰e–{’¬‚W’š–Ú,2018-02-13,17,’“ŽÔi—Öjê,Ž{ù‚µ‚½,‚È‚µ
Þ“,ŽÔã‚Ë‚ç‚¢,“Œ“å,Œà“c,281018,•ºŒÉŒ§,_ŒËŽs“Œ“å‹æ,Œä‰e–{’¬‚W’š–Ú,2018-08-23,01,’“ŽÔi—Öjê,Ž{ù‚µ‚½,‚È‚µ
Þ“,ŽÔã‚Ë‚ç‚¢,“Œ“å,Î‰®ì,281018,•ºŒÉŒ§,_ŒËŽs“Œ“å‹æ,Œä‰eÎ’¬‚Q’š–Ú,2018-08-20,16,’“ŽÔi—Öjê,Ž{ù‚µ‚½,‚È‚µ
Þ“,ŽÔã‚Ë‚ç‚¢,“Œ“å,Î‰®ì,281018,•ºŒÉŒ§,_ŒËŽs“Œ“å‹æ,Œä‰eÎ’¬‚S’š–Ú,2018-02-16,21,’“ŽÔi—Öjê,Ž{ù‚µ‚½,‚È‚µ
Þ“,ŽÔã‚Ë‚ç‚¢,“Œ“å,ã‹}Œä‰e‰w‘O,281018,•ºŒÉŒ§,_ŒËŽs“Œ“å‹æ,Œä‰eŽRŽè‚S’š–Ú,2018-02-16,20,’“ŽÔi—Öjê,Ž{ù‚µ‚½,‚È‚µ
Þ“,ŽÔã‚Ë‚ç‚¢,“Œ“å,˜ZbƒAƒCƒ‰ƒ“ƒh,281018,•ºŒÉŒ§,_ŒËŽs“Œ“å‹æ,Œü—m’¬¼‚Q’š–Ú,2018-05-15,19,’“ŽÔi—Öjê,Ž{ù‚µ‚½,‚ ‚è
Þ“,ŽÔã‚Ë‚ç‚¢,“Œ“å,˜ZbƒAƒCƒ‰ƒ“ƒh,281018,•ºŒÉŒ§,_ŒËŽs“Œ“å‹æ,Œü—m’¬’†‚V’š–Ú,2018-07-01,12,’“ŽÔi—Öjê,Ž{ù‚µ‚½,‚È‚µ
Þ“,ŽÔã‚Ë‚ç‚¢,“å,‚‰H,281026,•ºŒÉŒ§,_ŒËŽs“å‹æ,ˆê‰¤ŽR’¬,2018-01-17,19,’“ŽÔi—Öjê,Ž{ù‚µ‚½,‚È‚µ
Þ“,ŽÔã‚Ë‚ç‚¢,“å,‚‰H,281026,•ºŒÉŒ§,_ŒËŽs“å‹æ,‚‰H’¬‚T’š–Ú,2018-08-19,16,’“ŽÔi—Öjê,Ž{ù‚µ‚½,‚È‚µ
Þ“,ŽÔã‚Ë‚ç‚¢,“å,“¿ˆä,281026,•ºŒÉŒ§,_ŒËŽs“å‹æ,‘å˜a’¬‚R’š–Ú,2018-01-19,12,’“ŽÔi—Öjê,Ž{ù‚µ‚½,‚È‚µ
Þ“,ŽÔã‚Ë‚ç‚¢,“å,”ª”¦,281026,•ºŒÉŒ§,_ŒËŽs“å‹æ,“í‹u’¬‚Q’š–Ú,2018-05-30,16,’“ŽÔi—Öjê,Ž{ù‚µ‚½,‚È‚µ
Þ“,ŽÔã‚Ë‚ç‚¢,“å,”ª”¦,281026,•ºŒÉŒ§,_ŒËŽs“å‹æ,‚“¿’¬‚R’š–Ú,2018-08-20,00,“¹˜Hã,Ž{ù‚µ‚½,‚ ‚è
Þ“,ŽÔã‚Ë‚ç‚¢,“å,”ª”¦,281026,•ºŒÉŒ§,_ŒËŽs“å‹æ,ŽR“c’¬‚R’š–Ú,2018-06-01,09,‚»‚Ì‘¼,Ž{ù‚µ‚½,‚ ‚è
Þ“,ŽÔã‚Ë‚ç‚¢,“å,˜Zb,281026,•ºŒÉŒ§,_ŒËŽs“å‹æ,ŽÂŒ´“ì’¬‚P’š–Ú,2018-01-16,14,’“ŽÔi—Öjê,Ž{ù‚µ‚½,‚È‚µ
Þ“,ŽÔã‚Ë‚ç‚¢,“å,˜Zb,281026,•ºŒÉŒ§,_ŒËŽs“å‹æ,•BŒ´’¬‚Q’š–Ú,2018-11-11,20,’“ŽÔi—Öjê,Ž{ù‚µ‚½,‚È‚µ
Þ“,ŽÔã‚Ë‚ç‚¢,“å,˜Zb,281026,•ºŒÉŒ§,_ŒËŽs“å‹æ,˜Zb’¬‚S’š–Ú,2018-03-18,17,’“ŽÔi—Öjê,Ž{ù‚µ‚½,‚È‚µ
Þ“,ŽÔã‚Ë‚ç‚¢,“å,…“¹‹Ø,281026,•ºŒÉŒ§,_ŒËŽs“å‹æ,‘å“à’Ê‚Q’š–Ú,2018-03-21,19,’“ŽÔi—Öjê,Ž{ù‚µ‚½,‚È‚µ
Þ“,ŽÔã‚Ë‚ç‚¢,“å,…“¹‹Ø,281026,•ºŒÉŒ§,_ŒËŽs“å‹æ,‘qÎ’Ê‚R’š–Ú,2018-08-22,18,’“ŽÔi—Öjê,Ž{ù‚µ‚½,‚È‚µ
Þ“,ŽÔã‚Ë‚ç‚¢,“å,…“¹‹Ø,281026,•ºŒÉŒ§,_ŒËŽs“å‹æ,“å–k’Ê‚T’š–Ú,2018-06-23,18,’“ŽÔi—Öjê,Ž{ù‚µ‚½,‚È‚µ
Þ“,ŽÔã‚Ë‚ç‚¢,“å,Ôâ,281026,•ºŒÉŒ§,_ŒËŽs“å‹æ,ã–ì’Ê‚Q’š–Ú,2018-08-22,19,’“ŽÔi—Öjê,Ž{ù‚µ‚½,‚È‚µ
Þ“,ŽÔã‚Ë‚ç‚¢,“å,Ôâ,281026,•ºŒÉŒ§,_ŒËŽs“å‹æ,ŒÜ–ÑŽšŠÛŽR,2018-10-03,21,’“ŽÔi—Öjê,Ž{ù‚µ‚½,‚ ‚è
Þ“,ŽÔã‚Ë‚ç‚¢,“å,Ôâ,281026,•ºŒÉŒ§,_ŒËŽs“å‹æ,”¨Œ´’Ê‚R’š–Ú,2018-08-22,15,’“ŽÔi—Öjê,Ž{ù‚µ‚½,‚È‚µ
Þ“,ŽÔã‚Ë‚ç‚¢,“å,÷Œû,281026,•ºŒÉŒ§,_ŒËŽs“å‹æ,—F“c’¬‚R’š–Ú,2018-09-07,17,’“ŽÔi—Öjê,Ž{ù‚µ‚½,‚È‚µ
Þ“,ŽÔã‚Ë‚ç‚¢,“å,÷Œû,281026,•ºŒÉŒ§,_ŒËŽs“å‹æ,—F“c’¬‚S’š–Ú,2018-05-30,19,’“ŽÔi—Öjê,Ž{ù‚µ‚½,‚È‚µ
Þ“,ŽÔã‚Ë‚ç‚¢,“å,”ú”i’¬,281026,•ºŒÉŒ§,_ŒËŽs“å‹æ,Ž­ƒm‰º’Ê‚P’š–Ú,2018-01-26,03,“¹˜Hã,Ž{ù‚µ‚½,‚È‚µ
Þ“,ŽÔã‚Ë‚ç‚¢,“å,”ú”i’¬,281026,•ºŒÉŒ§,_ŒËŽs“å‹æ,Ž­ƒm‰º’Ê‚Q’š–Ú,2018-01-25,19,’“ŽÔi—Öjê,Ž{ù‚µ‚½,‚È‚µ
Þ“,ŽÔã‚Ë‚ç‚¢,“å,‘åÎ,281026,•ºŒÉŒ§,_ŒËŽs“å‹æ,“å•l“Œ’¬,2018-06-15,17,’“ŽÔi—Öjê,Ž{ù‚µ‚½,‚È‚µ
Þ“,ŽÔã‚Ë‚ç‚¢,“å,¼“å,281026,•ºŒÉŒ§,_ŒËŽs“å‹æ,Šâ‰®–k’¬‚T’š–Ú,2018-11-21,15,“¹˜Hã,Ž{ù‚µ‚½,‚ ‚è
Þ“,ŽÔã‚Ë‚ç‚¢,“å,¼“å,281026,•ºŒÉŒ§,_ŒËŽs“å‹æ,Šâ‰®’†’¬‚R’š–Ú,2018-09-08,00,’“ŽÔi—Öjê,Ž{ù‚µ‚½,‚È‚µ
Þ“,ŽÔã‚Ë‚ç‚¢,“å,¼“å,281026,•ºŒÉŒ§,_ŒËŽs“å‹æ,Šâ‰®’†’¬‚S’š–Ú,2018-05-26,19,’“ŽÔi—Öjê,Ž{ù‚µ‚½,‚È‚µ
Þ“,ŽÔã‚Ë‚ç‚¢,“å,¼“å,281026,•ºŒÉŒ§,_ŒËŽs“å‹æ,Šâ‰®’†’¬‚S’š–Ú,2018-05-27,22,’“ŽÔi—Öjê,Ž{ù‚µ‚½,‚È‚µ
Þ“,ŽÔã‚Ë‚ç‚¢,“å,¼“å,281026,•ºŒÉŒ§,_ŒËŽs“å‹æ,“å•l’¬,2018-03-19,23,’“ŽÔi—Öjê,Ž{ù‚µ‚½,‚È‚µ
Þ“,ŽÔã‚Ë‚ç‚¢,“å,¼“å,281026,•ºŒÉŒ§,_ŒËŽs“å‹æ,“å“ì’Ê‚U’š–Ú,2018-01-08,18,’“ŽÔi—Öjê,Ž{ù‚µ‚½,‚È‚µ
Þ“,ŽÔã‚Ë‚ç‚¢,“å,¼“å,281026,•ºŒÉŒ§,_ŒËŽs“å‹æ,“å“ì’Ê‚U’š–Ú,2018-09-09,15,‚SŠKŒš‚ÄˆÈã‹¤“¯Z‘î,Ž{ù‚µ‚½,‚È‚µ
Þ“,ŽÔã‚Ë‚ç‚¢,“å,¼“å,281026,•ºŒÉŒ§,_ŒËŽs“å‹æ,‘DŽ›’Ê‚T’š–Ú,2018-01-06,23,’“ŽÔi—Öjê,Ž{ù‚µ‚½,‚È‚µ
Þ“,ŽÔã‚Ë‚ç‚¢,“å,¼“å,281026,•ºŒÉŒ§,_ŒËŽs“å‹æ,–€–ëŠCŠÝ’Ê‚P’š–Ú,2018-06-23,18,’“ŽÔi—Öjê,Ž{ù‚µ‚½,‚È‚µ
Þ“,ŽÔã‚Ë‚ç‚¢,“å,˜ZbŽRã,281026,•ºŒÉŒ§,_ŒËŽs“å‹æ,–€–ëŽR,2018-06-22,21,“¹˜Hã,Ž{ù‚µ‚½,‚ ‚è
Þ“,ŽÔã‚Ë‚ç‚¢,“å,˜ZbŽRã,281026,•ºŒÉŒ§,_ŒËŽs“å‹æ,–€–ëŽR’¬,2018-03-31,23,“¹˜Hã,Ž{ù‚µ‚½,‚ ‚è
Þ“,ŽÔã‚Ë‚ç‚¢,“å,˜ZbŽRã,281026,•ºŒÉŒ§,_ŒËŽs“å‹æ,–€–ëŽR’¬,2018-04-30,00,“¹˜Hã,Ž{ù‚µ‚½,‚ ‚è
Þ“,ŽÔã‚Ë‚ç‚¢,“å,˜ZbŽRã,281026,•ºŒÉŒ§,_ŒËŽs“å‹æ,–€–ëŽR’¬,2018-06-16,22,“¹˜Hã,Ž{ù‚µ‚½,‚ ‚è
Þ“,ŽÔã‚Ë‚ç‚¢,“å,˜ZbŽRã,281026,•ºŒÉŒ§,_ŒËŽs“å‹æ,–€–ëŽR’¬,2018-06-18,22,“¹˜Hã,Ž{ù‚µ‚½,‚ ‚è
Þ“,ŽÔã‚Ë‚ç‚¢,“å,˜ZbŽRã,281026,•ºŒÉŒ§,_ŒËŽs“å‹æ,–€–ëŽR’¬,2018-08-02,23,“¹˜Hã,Ž{ù‚µ‚½,‚ ‚è
Þ“,ŽÔã‚Ë‚ç‚¢,“å,˜ZbŽRã,281026,•ºŒÉŒ§,_ŒËŽs“å‹æ,–€–ëŽR’¬,2018-08-13,21,“¹˜Hã,Ž{ù‚µ‚½,‚ ‚è
Þ“,ŽÔã‚Ë‚ç‚¢,“å,˜ZbŽRã,281026,•ºŒÉŒ§,_ŒËŽs“å‹æ,–€–ëŽR’¬,2018-08-22,23,“¹˜Hã,Ž{ù‚µ‚½,‚ ‚è
Þ“,ŽÔã‚Ë‚ç‚¢,“å,˜ZbŽRã,281026,•ºŒÉŒ§,_ŒËŽs“å‹æ,–€–ëŽR’¬,2018-08-26,21,“¹˜Hã,Ž{ù‚µ‚½,‚ ‚è
Þ“,ŽÔã‚Ë‚ç‚¢,“å,˜ZbŽRã,281026,•ºŒÉŒ§,_ŒËŽs“å‹æ,–€–ëŽR’¬,2018-08-26,21,“¹˜Hã,Ž{ù‚µ‚½,‚ ‚è
Þ“,ŽÔã‚Ë‚ç‚¢,“å,˜ZbŽRã,281026,•ºŒÉŒ§,_ŒËŽs“å‹æ,–€–ëŽR’¬,2018-10-03,22,’“ŽÔi—Öjê,Ž{ù‚µ‚½,‚ ‚è
Þ“,ŽÔã‚Ë‚ç‚¢,“å,˜ZbŽRã,281026,•ºŒÉŒ§,_ŒËŽs“å‹æ,–€–ëŽR’¬,2018-10-21,01,“¹˜Hã,Ž{ù‚µ‚½,‚ ‚è
Þ“,ŽÔã‚Ë‚ç‚¢,“å,˜ZbŽRã,281026,•ºŒÉŒ§,_ŒËŽs“å‹æ,–€–ëŽR’¬,2018-10-28,21,“¹˜Hã,Ž{ù‚µ‚½,‚ ‚è
Þ“,ŽÔã‚Ë‚ç‚¢,“å,˜ZbŽRã,281026,•ºŒÉŒ§,_ŒËŽs“å‹æ,–€–ëŽR’¬,2018-10-31,19,“¹˜Hã,Ž{ù‚µ‚½,‚ ‚è
Þ“,ŽÔã‚Ë‚ç‚¢,“å,˜ZbŽRã,281026,•ºŒÉŒ§,_ŒËŽs“å‹æ,˜ZbŽR’¬ˆêƒP’J,2018-05-03,20,’“ŽÔi—Öjê,Ž{ù‚µ‚½,‚ ‚è
Þ“,ŽÔã‚Ë‚ç‚¢,“å,˜ZbŽRã,281026,•ºŒÉŒ§,_ŒËŽs“å‹æ,˜ZbŽR’¬–k˜Zb,2018-10-07,18,’“ŽÔi—Öjê,Ž{ù‚µ‚½,‚ ‚è
Þ“,ŽÔã‚Ë‚ç‚¢,“å,’ßb,281026,•ºŒÉŒ§,_ŒËŽs“å‹æ,‚‰H,2018-01-17,15,’“ŽÔi—Öjê,Ž{ù‚µ‚½,‚È‚µ
Þ“,ŽÔã‚Ë‚ç‚¢,“å,’ßb,281026,•ºŒÉŒ§,_ŒËŽs“å‹æ,‚‰H,2018-06-03,18,’“ŽÔi—Öjê,Ž{ù‚µ‚½,‚È‚µ
Þ“,ŽÔã‚Ë‚ç‚¢,“å,’ßb,281026,•ºŒÉŒ§,_ŒËŽs“å‹æ,’ßb‚P’š–Ú,2018-02-16,16,’“ŽÔi—Öjê,Ž{ù‚µ‚½,‚È‚µ
Þ“,ŽÔã‚Ë‚ç‚¢,“å,’ßb,281026,•ºŒÉŒ§,_ŒËŽs“å‹æ,˜Zb‘ä’¬,2018-01-15,14,’“ŽÔi—Öjê,Ž{ù‚µ‚½,‚È‚µ
Þ“,ŽÔã‚Ë‚ç‚¢,“å,’ßb,281026,•ºŒÉŒ§,_ŒËŽs“å‹æ,˜Zb‘ä’¬,2018-01-21,21,’“ŽÔi—Öjê,Ž{ù‚µ‚½,‚È‚µ
Þ“,ŽÔã‚Ë‚ç‚¢,“å,‚g‚`‚s_ŒË“å‚Ì•l,281026,•ºŒÉŒ§,_ŒËŽs“å‹æ,–€–ëŠCŠÝ’Ê‚P’š–Ú,2018-05-12,00,’“ŽÔi—Öjê,Ž{ù‚µ‚½,‚È‚µ
Þ“,ŽÔã‚Ë‚ç‚¢,“å,‚g‚`‚s_ŒË“å‚Ì•l,281026,•ºŒÉŒ§,_ŒËŽs“å‹æ,–€–ëŠCŠÝ’Ê‚P’š–Ú,2018-05-20,17,’“ŽÔi—Öjê,Ž{ù‚µ‚½,‚È‚µ
Þ“,ŽÔã‚Ë‚ç‚¢,•˜‡,‹{–{,281107,•ºŒÉŒ§,_ŒËŽs’†‰›‹æ,‘å“ú’Ê‚S’š–Ú,2018-02-14,18,“¹˜Hã,Ž{ù‚µ‚½,‚È‚µ
Þ“,ŽÔã‚Ë‚ç‚¢,•˜‡,ŒF“à,281107,•ºŒÉŒ§,_ŒËŽs’†‰›‹æ,¶“c’¬‚Q’š–Ú,2018-10-03,20,’“ŽÔi—Öjê,Ž{ù‚µ‚½,‚ ‚è
Þ“,ŽÔã‚Ë‚ç‚¢,•˜‡,‚g‚`‚s_ŒË,281107,•ºŒÉŒ§,_ŒËŽs’†‰›‹æ,˜e•lŠCŠÝ’Ê‚P’š–Ú,2018-12-11,20,’“ŽÔi—Öjê,Ž{ù‚µ‚½,‚ ‚è
Þ“,ŽÔã‚Ë‚ç‚¢,•˜‡,‚g‚`‚s_ŒË,281107,•ºŒÉŒ§,_ŒËŽs’†‰›‹æ,˜e•lŠCŠÝ’Ê‚R’š–Ú,2018-08-15,15,’“ŽÔi—Öjê,Ž{ù‚µ‚½,‚È‚µ
Þ“,ŽÔã‚Ë‚ç‚¢,•˜‡,‚g‚`‚s_ŒË,281107,•ºŒÉŒ§,_ŒËŽs’†‰›‹æ,˜e•lŠCŠÝ’Ê‚S’š–Ú,2018-01-28,20,’“ŽÔi—Öjê,Ž{ù‚µ‚½,‚È‚µ
Þ“,ŽÔã‚Ë‚ç‚¢,•˜‡,‚g‚`‚s_ŒË,281107,•ºŒÉŒ§,_ŒËŽs’†‰›‹æ,˜e•lŠCŠÝ’Ê‚S’š–Ú,2018-01-28,23,’“ŽÔi—Öjê,Ž{ù‚µ‚½,‚È‚µ
Þ“,ŽÔã‚Ë‚ç‚¢,•˜‡,‚g‚`‚s_ŒË,281107,•ºŒÉŒ§,_ŒËŽs’†‰›‹æ,˜e•lŠCŠÝ’Ê‚S’š–Ú,2018-07-19,14,’“ŽÔi—Öjê,Ž{ù‚µ‚½,‚È‚µ
Þ“,ŽÔã‚Ë‚ç‚¢,•˜‡,‚g‚`‚s_ŒË,281107,•ºŒÉŒ§,_ŒËŽs’†‰›‹æ,˜e•lŠCŠÝ’Ê‚S’š–Ú,2018-10-03,19,’“ŽÔi—Öjê,Ž{ù‚µ‚½,‚È‚µ
Þ“,ŽÔã‚Ë‚ç‚¢,•˜‡,“ñ‹{,281107,•ºŒÉŒ§,_ŒËŽs’†‰›‹æ,‹Õƒm’¬‚Q’š–Ú,2018-02-21,18,’“ŽÔi—Öjê,Ž{ù‚µ‚½,‚ ‚è
Þ“,ŽÔã‚Ë‚ç‚¢,•˜‡,“ñ‹{,281107,•ºŒÉŒ§,_ŒËŽs’†‰›‹æ,‹Õƒm’¬‚Q’š–Ú,2018-03-24,20,’“ŽÔi—Öjê,Ž{ù‚µ‚½,‚È‚µ
Þ“,ŽÔã‚Ë‚ç‚¢,•˜‡,“ñ‹{,281107,•ºŒÉŒ§,_ŒËŽs’†‰›‹æ,‹Õƒm’¬‚R’š–Ú,2018-06-09,19,’“ŽÔi—Öjê,Ž{ù‚µ‚½,‚È‚µ
Þ“,ŽÔã‚Ë‚ç‚¢,•˜‡,“ñ‹{,281107,•ºŒÉŒ§,_ŒËŽs’†‰›‹æ,‹Õƒm’¬‚S’š–Ú,2018-01-24,18,’“ŽÔi—Öjê,Ž{ù‚µ‚½,‚ ‚è
Þ“,ŽÔã‚Ë‚ç‚¢,•˜‡,“ñ‹{,281107,•ºŒÉŒ§,_ŒËŽs’†‰›‹æ,‹Õƒm’¬‚S’š–Ú,2018-10-13,20,’“ŽÔi—Öjê,Ž{ù‚µ‚½,‚ ‚è
Þ“,ŽÔã‚Ë‚ç‚¢,•˜‡,“ñ‹{,281107,•ºŒÉŒ§,_ŒËŽs’†‰›‹æ,‹Õƒm’¬‚S’š–Ú,2018-10-19,20,’“ŽÔi—Öjê,Ž{ù‚µ‚½,‚È‚µ
Þ“,ŽÔã‚Ë‚ç‚¢,•˜‡,“ñ‹{,281107,•ºŒÉŒ§,_ŒËŽs’†‰›‹æ,‹Õƒm’¬‚T’š–Ú,2018-02-21,18,’“ŽÔi—Öjê,Ž{ù‚µ‚½,‚È‚µ
Þ“,ŽÔã‚Ë‚ç‚¢,•˜‡,“ñ‹{,281107,•ºŒÉŒ§,_ŒËŽs’†‰›‹æ,‹Õƒm’¬‚T’š–Ú,2018-08-31,20,’“ŽÔi—Öjê,Ž{ù‚µ‚½,‚È‚µ
Þ“,ŽÔã‚Ë‚ç‚¢,•˜‡,“ñ‹{,281107,•ºŒÉŒ§,_ŒËŽs’†‰›‹æ,‹Õƒm’¬‚T’š–Ú,2018-10-19,18,’“ŽÔi—Öjê,Ž{ù‚µ‚½,‚È‚µ
Þ“,ŽÔã‚Ë‚ç‚¢,•˜‡,“ñ‹{,281107,•ºŒÉŒ§,_ŒËŽs’†‰›‹æ,‹Õƒm’¬‚T’š–Ú,2018-10-24,17,’“ŽÔi—Öjê,Ž{ù‚µ‚½,‚È‚µ
Þ“,ŽÔã‚Ë‚ç‚¢,•˜‡,“ñ‹{,281107,•ºŒÉŒ§,_ŒËŽs’†‰›‹æ,‹Õƒm’¬‚T’š–Ú,2018-10-24,18,’“ŽÔi—Öjê,Ž{ù‚µ‚½,‚È‚µ
Þ“,ŽÔã‚Ë‚ç‚¢,•˜‡,“ñ‹{,281107,•ºŒÉŒ§,_ŒËŽs’†‰›‹æ,“ñ‹{’¬‚R’š–Ú,2018-03-25,20,’“ŽÔi—Öjê,Ž{ù‚µ‚½,‚È‚µ
Þ“,ŽÔã‚Ë‚ç‚¢,•˜‡,“ñ‹{,281107,•ºŒÉŒ§,_ŒËŽs’†‰›‹æ,“ñ‹{’¬‚S’š–Ú,2018-02-23,19,’“ŽÔi—Öjê,Ž{ù‚µ‚½,‚È‚µ
Þ“,ŽÔã‚Ë‚ç‚¢,•˜‡,“ñ‹{,281107,•ºŒÉŒ§,_ŒËŽs’†‰›‹æ,•zˆø’¬‚P’š–Ú,2018-09-29,20,’“ŽÔi—Öjê,Ž{ù‚µ‚½,‚È‚µ
Þ“,ŽÔã‚Ë‚ç‚¢,•˜‡,“ñ‹{,281107,•ºŒÉŒ§,_ŒËŽs’†‰›‹æ,•zˆø’¬‚Q’š–Ú,2017-12-09,22,“¹˜Hã,Ž{ù‚µ‚½,‚È‚µ
Þ“,ŽÔã‚Ë‚ç‚¢,•˜‡,“ñ‹{,281107,•ºŒÉŒ§,_ŒËŽs’†‰›‹æ,•zˆø’¬‚S’š–Ú,2018-03-22,20,’“ŽÔi—Öjê,Ž{ù‚µ‚½,‚È‚µ
Þ“,ŽÔã‚Ë‚ç‚¢,•˜‡,“ñ‹{,281107,•ºŒÉŒ§,_ŒËŽs’†‰›‹æ,•zˆø’¬‚S’š–Ú,2018-06-04,18,’“ŽÔi—Öjê,Ž{ù‚µ‚½,‚È‚µ
Þ“,ŽÔã‚Ë‚ç‚¢,•˜‡,“ñ‹{,281107,•ºŒÉŒ§,_ŒËŽs’†‰›‹æ,•zˆø’¬‚S’š–Ú,2018-09-18,20,’“ŽÔi—Öjê,Ž{ù‚µ‚½,‚È‚µ
Þ“,ŽÔã‚Ë‚ç‚¢,•˜‡,“ñ‹{,281107,•ºŒÉŒ§,_ŒËŽs’†‰›‹æ,•zˆø’¬‚S’š–Ú,2018-10-22,20,’“ŽÔi—Öjê,Ž{ù‚µ‚½,‚ ‚è
Þ“,ŽÔã‚Ë‚ç‚¢,•˜‡,ŽO‹{ƒZƒ“ƒ^[,281107,•ºŒÉŒ§,_ŒËŽs’†‰›‹æ,ˆ®’Ê‚Q’š–Ú,2018-09-09,08,’“ŽÔi—Öjê,Ž{ù‚µ‚½,‚È‚µ
Þ“,ŽÔã‚Ë‚ç‚¢,•˜‡,ŽO‹{ƒZƒ“ƒ^[,281107,•ºŒÉŒ§,_ŒËŽs’†‰›‹æ,ˆ®’Ê‚R’š–Ú,2018-03-16,18,’“ŽÔi—Öjê,Ž{ù‚µ‚½,‚È‚µ
Þ“,ŽÔã‚Ë‚ç‚¢,•˜‡,ŽO‹{ƒZƒ“ƒ^[,281107,•ºŒÉŒ§,_ŒËŽs’†‰›‹æ,ˆ®’Ê‚R’š–Ú,2018-06-04,20,’“ŽÔi—Öjê,Ž{ù‚µ‚½,‚È‚µ
Þ“,ŽÔã‚Ë‚ç‚¢,•˜‡,ŽO‹{ƒZƒ“ƒ^[,281107,•ºŒÉŒ§,_ŒËŽs’†‰›‹æ,ˆ®’Ê‚T’š–Ú,2018-07-20,20,’“ŽÔi—Öjê,Ž{ù‚µ‚½,‚ ‚è
Þ“,ŽÔã‚Ë‚ç‚¢,•˜‡,ŽO‹{ƒZƒ“ƒ^[,281107,•ºŒÉŒ§,_ŒËŽs’†‰›‹æ,ˆé•Ó’Ê‚R’š–Ú,2018-09-30,02,’“ŽÔi—Öjê,Ž{ù‚µ‚½,‚ ‚è
Þ“,ŽÔã‚Ë‚ç‚¢,•˜‡,ŽO‹{ƒZƒ“ƒ^[,281107,•ºŒÉŒ§,_ŒËŽs’†‰›‹æ,ˆé•Ó’Ê‚S’š–Ú,2018-08-10,03,“¹˜Hã,Ž{ù‚µ‚½,‚È‚µ
Þ“,ŽÔã‚Ë‚ç‚¢,•˜‡,ŽO‹{ƒZƒ“ƒ^[,281107,•ºŒÉŒ§,_ŒËŽs’†‰›‹æ,‹Õƒm’¬‚R’š–Ú,2018-11-01,18,’“ŽÔi—Öjê,Ž{ù‚µ‚½,‚È‚µ
Þ“,ŽÔã‚Ë‚ç‚¢,•˜‡,ŽO‹{ƒZƒ“ƒ^[,281107,•ºŒÉŒ§,_ŒËŽs’†‰›‹æ,“ñ‹{’¬‚Q’š–Ú,2018-10-03,21,’“ŽÔi—Öjê,Ž{ù‚µ‚½,‚È‚µ
Þ“,ŽÔã‚Ë‚ç‚¢,•˜‡,ŽO‹{ƒZƒ“ƒ^[,281107,•ºŒÉŒ§,_ŒËŽs’†‰›‹æ,“ñ‹{’¬‚R’š–Ú,2018-10-17,20,’“ŽÔi—Öjê,Ž{ù‚µ‚½,‚È‚µ
Þ“,ŽÔã‚Ë‚ç‚¢,•˜‡,ŽO‹{ƒZƒ“ƒ^[,281107,•ºŒÉŒ§,_ŒËŽs’†‰›‹æ,•zˆø’¬‚R’š–Ú,2018-10-16,18,’“ŽÔi—Öjê,Ž{ù‚µ‚½,‚È‚µ
Þ“,ŽÔã‚Ë‚ç‚¢,•˜‡,ŽO‹{ƒZƒ“ƒ^[,281107,•ºŒÉŒ§,_ŒËŽs’†‰›‹æ,•l•Ó’Ê‚R’š–Ú,2018-10-02,15,’“ŽÔi—Öjê,Ž{ù‚µ‚½,‚È‚µ
Þ“,ŽÔã‚Ë‚ç‚¢,•˜‡,¬–ì•¿,281107,•ºŒÉŒ§,_ŒËŽs’†‰›‹æ,ˆéã’Ê‚Q’š–Ú,2018-12-09,00,’“ŽÔi—Öjê,Ž{ù‚µ‚½,‚È‚µ
Þ“,ŽÔã‚Ë‚ç‚¢,•˜‡,¬–ì•¿,281107,•ºŒÉŒ§,_ŒËŽs’†‰›‹æ,¬–ì•¿’Ê‚R’š–Ú,2018-10-03,22,’“ŽÔi—Öjê,Ž{ù‚µ‚½,‚È‚µ
Þ“,ŽÔã‚Ë‚ç‚¢,•˜‡,¬–ì•¿,281107,•ºŒÉŒ§,_ŒËŽs’†‰›‹æ,ŒäK’Ê‚Q’š–Ú,2018-10-03,21,’“ŽÔi—Öjê,Ž{ù‚µ‚½,‚È‚µ
Þ“,ŽÔã‚Ë‚ç‚¢,•˜‡,¬–ì•¿,281107,•ºŒÉŒ§,_ŒËŽs’†‰›‹æ,“ì–{’¬’Ê‚T’š–Ú,2018-01-15,19,’“ŽÔi—Öjê,Ž{ù‚µ‚½,‚È‚µ
Þ“,ŽÔã‚Ë‚ç‚¢,•˜‡,¬–ì•¿,281107,•ºŒÉŒ§,_ŒËŽs’†‰›‹æ,“ì–{’¬’Ê‚U’š–Ú,2018-01-15,22,“¹˜Hã,Ž{ù‚µ‚½,‚È‚µ
Þ“,ŽÔã‚Ë‚ç‚¢,•˜‡,t“ú–ì,281107,•ºŒÉŒ§,_ŒËŽs’†‰›‹æ,˜e•l’¬‚P’š–Ú,2018-01-07,18,’“ŽÔi—Öjê,Ž{ù‚µ‚½,‚È‚µ
Þ“,ŽÔã‚Ë‚ç‚¢,•˜‡,t“ú–ì,281107,•ºŒÉŒ§,_ŒËŽs’†‰›‹æ,˜e•l’¬‚P’š–Ú,2018-01-08,12,’“ŽÔi—Öjê,Ž{ù‚µ‚½,‚È‚µ
Þ“,ŽÔã‚Ë‚ç‚¢,•˜‡,t“ú–ì,281107,•ºŒÉŒ§,_ŒËŽs’†‰›‹æ,˜e•l’¬‚P’š–Ú,2018-01-09,02,’“ŽÔi—Öjê,Ž{ù‚µ‚½,‚È‚µ
Þ“,ŽÔã‚Ë‚ç‚¢,•˜‡,t“ú–ì,281107,•ºŒÉŒ§,_ŒËŽs’†‰›‹æ,˜e•l’¬‚P’š–Ú,2018-05-30,20,’“ŽÔi—Öjê,Ž{ù‚µ‚½,‚È‚µ
Þ“,ŽÔã‚Ë‚ç‚¢,¶“c,ˆê‹{,281107,•ºŒÉŒ§,_ŒËŽs’†‰›‹æ,‰Á”[’¬‚P’š–Ú,2018-09-07,23,’“ŽÔi—Öjê,Ž{ù‚µ‚½,‚ ‚è
Þ“,ŽÔã‚Ë‚ç‚¢,¶“c,ˆê‹{,281107,•ºŒÉŒ§,_ŒËŽs’†‰›‹æ,ŽR–{’Ê‚Q’š–Ú,2018-10-13,20,’“ŽÔi—Öjê,Ž{ù‚µ‚½,‚ ‚è
Þ“,ŽÔã‚Ë‚ç‚¢,¶“c,z–KŽR,281107,•ºŒÉŒ§,_ŒËŽs’†‰›‹æ,,2018-10-04,22,’“ŽÔi—Öjê,Ž{ù‚µ‚½,‚ ‚è
Þ“,ŽÔã‚Ë‚ç‚¢,¶“c,¶“c‘O,281107,•ºŒÉŒ§,_ŒËŽs’†‰›‹æ,‰Á”[’¬‚R’š–Ú,2018-03-17,23,’“ŽÔi—Öjê,Ž{ù‚µ‚½,‚È‚µ
Þ“,ŽÔã‚Ë‚ç‚¢,¶“c,¶“c‘O,281107,•ºŒÉŒ§,_ŒËŽs’†‰›‹æ,‰Á”[’¬‚R’š–Ú,2018-08-13,18,’“ŽÔi—Öjê,Ž{ù‚µ‚½,‚È‚µ
Þ“,ŽÔã‚Ë‚ç‚¢,¶“c,¶“c‘O,281107,•ºŒÉŒ§,_ŒËŽs’†‰›‹æ,‰Á”[’¬‚R’š–Ú,2018-09-07,22,’“ŽÔi—Öjê,Ž{ù‚µ‚½,‚È‚µ
Þ“,ŽÔã‚Ë‚ç‚¢,¶“c,¶“c‘O,281107,•ºŒÉŒ§,_ŒËŽs’†‰›‹æ,‰Á”[’¬‚S’š–Ú,2018-10-10,20,’“ŽÔi—Öjê,Ž{ù‚µ‚½,‚È‚µ
Þ“,ŽÔã‚Ë‚ç‚¢,¶“c,¶“c‘O,281107,•ºŒÉŒ§,_ŒËŽs’†‰›‹æ,‰ºŽRŽè’Ê‚Q’š–Ú,2018-03-17,21,’“ŽÔi—Öjê,Ž{ù‚µ‚½,‚È‚µ
Þ“,ŽÔã‚Ë‚ç‚¢,¶“c,¶“c‘O,281107,•ºŒÉŒ§,_ŒËŽs’†‰›‹æ,‰ºŽRŽè’Ê‚Q’š–Ú,2018-08-21,18,’“ŽÔi—Öjê,Ž{ù‚µ‚½,‚ ‚è
Þ“,ŽÔã‚Ë‚ç‚¢,¶“c,¶“c‘O,281107,•ºŒÉŒ§,_ŒËŽs’†‰›‹æ,‰ºŽRŽè’Ê‚Q’š–Ú,2018-09-03,19,’“ŽÔi—Öjê,Ž{ù‚µ‚½,‚ ‚è
Þ“,ŽÔã‚Ë‚ç‚¢,¶“c,¶“c‘O,281107,•ºŒÉŒ§,_ŒËŽs’†‰›‹æ,’†ŽRŽè’Ê‚P’š–Ú,2018-09-08,01,’“ŽÔi—Öjê,Ž{ù‚µ‚½,‚È‚µ
Þ“,ŽÔã‚Ë‚ç‚¢,¶“c,¶“c‘O,281107,•ºŒÉŒ§,_ŒËŽs’†‰›‹æ,’†ŽRŽè’Ê‚P’š–Ú,2018-10-12,18,’“ŽÔi—Öjê,Ž{ù‚µ‚½,‚ ‚è
Þ“,ŽÔã‚Ë‚ç‚¢,¶“c,¶“c‘O,281107,•ºŒÉŒ§,_ŒËŽs’†‰›‹æ,’†ŽRŽè’Ê‚Q’š–Ú,2018-11-01,20,’“ŽÔi—Öjê,Ž{ù‚µ‚½,‚È‚µ
Þ“,ŽÔã‚Ë‚ç‚¢,¶“c,Œ³’¬’Ê,281107,•ºŒÉŒ§,_ŒËŽs’†‰›‹æ,ŠCŠÝ’Ê‚R’š–Ú,2018-02-01,22,’“ŽÔi—Öjê,Ž{ù‚µ‚½,‚È‚µ
Þ“,ŽÔã‚Ë‚ç‚¢,¶“c,Œ³’¬’Ê,281107,•ºŒÉŒ§,_ŒËŽs’†‰›‹æ,‰h’¬’Ê‚U’š–Ú,2018-07-18,16,’“ŽÔi—Öjê,Ž{ù‚µ‚½,‚È‚µ
Þ“,ŽÔã‚Ë‚ç‚¢,¶“c,‘å‘qŽR,281107,•ºŒÉŒ§,_ŒËŽs’†‰›‹æ,“í’¬‚U’š–Ú,2018-06-25,21,’“ŽÔi—Öjê,Ž{ù‚µ‚½,‚È‚µ
Þ“,ŽÔã‚Ë‚ç‚¢,¶“c,‘å‘qŽR,281107,•ºŒÉŒ§,_ŒËŽs’†‰›‹æ,“í’¬‚V’š–Ú,2018-08-14,03,“¹˜Hã,Ž{ù‚µ‚½,‚È‚µ
Þ“,ŽÔã‚Ë‚ç‚¢,¶“c,‘å‘qŽR,281107,•ºŒÉŒ§,_ŒËŽs’†‰›‹æ,‰ºŽRŽè’Ê‚W’š–Ú,2018-06-26,23,’“ŽÔi—Öjê,Ž{ù‚µ‚½,‚È‚µ
Þ“,ŽÔã‚Ë‚ç‚¢,¶“c,‘å‘qŽR,281107,•ºŒÉŒ§,_ŒËŽs’†‰›‹æ,‹k’Ê‚P’š–Ú,2018-10-03,04,’“ŽÔi—Öjê,Ž{ù‚µ‚½,‚È‚µ
Þ“,ŽÔã‚Ë‚ç‚¢,¶“c,‘å‘qŽR,281107,•ºŒÉŒ§,_ŒËŽs’†‰›‹æ,‘½•·’Ê‚T’š–Ú,2018-06-26,21,’“ŽÔi—Öjê,Ž{ù‚µ‚½,‚È‚µ
Þ“,ŽÔã‚Ë‚ç‚¢,•ºŒÉ,•½–ì,281051,•ºŒÉŒ§,_ŒËŽs•ºŒÉ‹æ,ãŽOð’¬,2018-03-13,12,’“ŽÔi—Öjê,Ž{ù‚µ‚½,‚ ‚è
Þ“,ŽÔã‚Ë‚ç‚¢,•ºŒÉ,r“c,281051,•ºŒÉŒ§,_ŒËŽs•ºŒÉ‹æ,r“c’¬‚Q’š–Ú,2018-06-26,22,’“ŽÔi—Öjê,Ž{ù‚µ‚½,‚È‚µ
Þ“,ŽÔã‚Ë‚ç‚¢,•ºŒÉ,VŠJ’n,281051,•ºŒÉŒ§,_ŒËŽs•ºŒÉ‹æ,¼o’¬‚P’š–Ú,2018-09-14,12,’“ŽÔi—Öjê,Ž{ù‚µ‚½,‚È‚µ
Þ“,ŽÔã‚Ë‚ç‚¢,•ºŒÉ,VŠJ’n,281051,•ºŒÉŒ§,_ŒËŽs•ºŒÉ‹æ,–©’¬‚P’š–Ú,2018-02-11,22,“¹˜Hã,Ž{ù‚µ‚½,‚ ‚è
Þ“,ŽÔã‚Ë‚ç‚¢,•ºŒÉ,‘åŠJ,281051,•ºŒÉŒ§,_ŒËŽs•ºŒÉ‹æ,‘åŠJ’Ê‚U’š–Ú,2018-02-14,17,’“ŽÔi—Öjê,Ž{ù‚µ‚½,‚È‚µ
Þ“,ŽÔã‚Ë‚ç‚¢,•ºŒÉ,‘åŠJ,281051,•ºŒÉŒ§,_ŒËŽs•ºŒÉ‹æ,‘åŠJ’Ê‚U’š–Ú,2018-02-14,20,’“ŽÔi—Öjê,Ž{ù‚µ‚½,‚È‚µ
Þ“,ŽÔã‚Ë‚ç‚¢,•ºŒÉ,‘åŠJ,281051,•ºŒÉŒ§,_ŒËŽs•ºŒÉ‹æ,‰Hâ’Ê‚R’š–Ú,2018-02-14,21,’“ŽÔi—Öjê,Ž{ù‚µ‚½,‚È‚µ
Þ“,ŽÔã‚Ë‚ç‚¢,•ºŒÉ,Žµ‹{,281051,•ºŒÉŒ§,_ŒËŽs•ºŒÉ‹æ,“ü]’Ê‚P’š–Ú,2018-01-25,18,’“ŽÔi—Öjê,Ž{ù‚µ‚½,‚È‚µ
Þ“,ŽÔã‚Ë‚ç‚¢,•ºŒÉ,Žµ‹{,281051,•ºŒÉŒ§,_ŒËŽs•ºŒÉ‹æ,•ºŒÉ’¬‚P’š–Ú,2018-03-17,00,‚»‚Ì‘¼,Ž{ù‚µ‚½,‚È‚µ
Þ“,ŽÔã‚Ë‚ç‚¢,•ºŒÉ,’†”V“‡,281051,•ºŒÉŒ§,_ŒËŽs•ºŒÉ‹æ,ØŒË’¬,2018-01-29,18,’“ŽÔi—Öjê,Ž{ù‚µ‚½,‚È‚µ
Þ“,ŽÔã‚Ë‚ç‚¢,•ºŒÉ,’†”V“‡,281051,•ºŒÉŒ§,_ŒËŽs•ºŒÉ‹æ,oÝ‰Æ’¬‚Q’š–Ú,2018-09-12,11,’“ŽÔi—Öjê,Ž{ù‚µ‚½,‚È‚µ
Þ“,ŽÔã‚Ë‚ç‚¢,•ºŒÉ,–¾e,281051,•ºŒÉŒ§,_ŒËŽs•ºŒÉ‹æ,‰w“ì’Ê‚Q’š–Ú,2018-06-26,18,’“ŽÔi—Öjê,Ž{ù‚µ‚½,‚È‚µ
Þ“,ŽÔã‚Ë‚ç‚¢,•ºŒÉ,–¾e,281051,•ºŒÉŒ§,_ŒËŽs•ºŒÉ‹æ,¬‰Í’Ê‚R’š–Ú,2018-01-25,23,’“ŽÔi—Öjê,Ž{ù‚µ‚½,‚È‚µ
Þ“,ŽÔã‚Ë‚ç‚¢,•ºŒÉ,–¾e,281051,•ºŒÉŒ§,_ŒËŽs•ºŒÉ‹æ,¼Œ´’Ê‚Q’š–Ú,2018-01-23,19,’“ŽÔi—Öjê,Ž{ù‚µ‚½,‚È‚µ
Þ“,ŽÔã‚Ë‚ç‚¢,•ºŒÉ,ŒäèŒö‰€,281051,•ºŒÉŒ§,_ŒËŽs•ºŒÉ‹æ,‚¼’¬,2018-02-10,16,‚»‚Ì‘¼,Ž{ù‚µ‚½,‚È‚µ
Þ“,ŽÔã‚Ë‚ç‚¢,’·“c,’·“c,281069,•ºŒÉŒ§,_ŒËŽs’·“c‹æ,‘å’Ë’¬‚S’š–Ú,2018-09-02,18,’“ŽÔi—Öjê,Ž{ù‚µ‚½,‚È‚µ
Þ“,ŽÔã‚Ë‚ç‚¢,’·“c,’·“c,281069,•ºŒÉŒ§,_ŒËŽs’·“c‹æ,‘å’Ë’¬‚T’š–Ú,2018-09-03,22,’“ŽÔi—Öjê,Ž{ù‚µ‚½,‚È‚µ
Þ“,ŽÔã‚Ë‚ç‚¢,’·“c,’·“c“Œ,281069,•ºŒÉŒ§,_ŒËŽs’·“c‹æ,ŒÜ”Ô’¬‚V’š–Ú,2018-09-03,20,’“ŽÔi—Öjê,Ž{ù‚µ‚½,‚È‚µ
Þ“,ŽÔã‚Ë‚ç‚¢,’·“c,’·“c“Œ,281069,•ºŒÉŒ§,_ŒËŽs’·“c‹æ,˜Z”Ô’¬‚T’š–Ú,2018-09-03,21,’“ŽÔi—Öjê,Ž{ù‚µ‚½,‚È‚µ
Þ“,ŽÔã‚Ë‚ç‚¢,’·“c,’·“c“Œ,281069,•ºŒÉŒ§,_ŒËŽs’·“c‹æ,˜Z”Ô’¬‚W’š–Ú,2018-10-28,16,“¹˜Hã,Ž{ù‚µ‚½,‚ ‚è
Þ“,ŽÔã‚Ë‚ç‚¢,’·“c,Œä‘ ,281069,•ºŒÉŒ§,_ŒËŽs’·“c‹æ,›Œ´’Ê‚P’š–Ú,2018-09-03,18,’“ŽÔi—Öjê,Ž{ù‚µ‚½,‚È‚µ
Þ“,ŽÔã‚Ë‚ç‚¢,’·“c,Œä‘ ,281069,•ºŒÉŒ§,_ŒËŽs’·“c‹æ,“ñ”Ô’¬‚S’š–Ú,2018-04-09,11,’“ŽÔi—Öjê,Ž{ù‚µ‚½,‚È‚µ
Þ“,ŽÔã‚Ë‚ç‚¢,’·“c,Œä‘ ,281069,•ºŒÉŒ§,_ŒËŽs’·“c‹æ,Œä‘ ’Ê‚U’š–Ú,2018-05-11,12,“¹˜Hã,Ž{ù‚µ‚½,‚ ‚è
Þ“,ŽÔã‚Ë‚ç‚¢,’·“c,–©ì‘å‹´,281069,•ºŒÉŒ§,_ŒËŽs’·“c‹æ,”~ƒP’¬‚Q’š–Ú,2018-07-17,13,‚»‚Ì‘¼,Ž{ù‚µ‚½,‚ ‚è
Þ“,ŽÔã‚Ë‚ç‚¢,’·“c,‘å’J,281069,•ºŒÉŒ§,_ŒËŽs’·“c‹æ,Œä‘D’Ê‚Q’š–Ú,2018-09-02,15,’“ŽÔi—Öjê,Ž{ù‚µ‚½,‚È‚µ
Þ“,ŽÔã‚Ë‚ç‚¢,’·“c,‘å’J,281069,•ºŒÉŒ§,_ŒËŽs’·“c‹æ,Œä‘D’Ê‚Q’š–Ú,2018-09-03,18,’“ŽÔi—Öjê,Ž{ù‚µ‚½,‚È‚µ
Þ“,ŽÔã‚Ë‚ç‚¢,’·“c,V’·“c‰w‘O,281069,•ºŒÉŒ§,_ŒËŽs’·“c‹æ,‘å‹´’¬‚T’š–Ú,2018-10-16,18,‚»‚Ì‘¼,Ž{ù‚µ‚½,‚È‚µ
Þ“,ŽÔã‚Ë‚ç‚¢,’·“c,V’·“c‰w‘O,281069,•ºŒÉŒ§,_ŒËŽs’·“c‹æ,_Šy’¬‚T’š–Ú,2018-08-11,01,’“ŽÔi—Öjê,Ž{ù‚µ‚½,‚È‚µ
Þ“,ŽÔã‚Ë‚ç‚¢,’·“c,…Š},281069,•ºŒÉŒ§,_ŒËŽs’·“c‹æ,Œä‰®•~’Ê‚R’š–Ú,2018-04-15,18,’“ŽÔi—Öjê,Ž{ù‚µ‚½,‚È‚µ
Þ“,ŽÔã‚Ë‚ç‚¢,’·“c,…Š},281069,•ºŒÉŒ§,_ŒËŽs’·“c‹æ,¼‘ã’Ê‚S’š–Ú,2018-08-11,20,’“ŽÔi—Öjê,Ž{ù‚µ‚½,‚È‚µ
Þ“,ŽÔã‚Ë‚ç‚¢,’·“c,…Š},281069,•ºŒÉŒ§,_ŒËŽs’·“c‹æ,…Š}’Ê‚P’š–Ú,2018-09-30,13,ˆêŒËŒšZ‘î,Ž{ù‚µ‚½,‚È‚µ
Þ“,ŽÔã‚Ë‚ç‚¢,’·“c,‹v•Û,281069,•ºŒÉŒ§,_ŒËŽs’·“c‹æ,‹v•Û’¬‚T’š–Ú,2018-02-24,19,“¹˜Hã,Ž{ù‚µ‚½,‚È‚µ
Þ“,ŽÔã‚Ë‚ç‚¢,’·“c,‹v•Û,281069,•ºŒÉŒ§,_ŒËŽs’·“c‹æ,‹îƒP—Ñ’¬‚T’š–Ú,2018-08-13,13,ˆêŒËŒšZ‘î,Ž{ù‚µ‚½,‚È‚µ
Þ“,ŽÔã‚Ë‚ç‚¢,’·“c,‹v•Û,281069,•ºŒÉŒ§,_ŒËŽs’·“c‹æ,“ì‹î‰h’¬,2018-05-12,18,“¹˜Hã,Ž{ù‚µ‚½,‚ ‚è
Þ“,ŽÔã‚Ë‚ç‚¢,{–,“Œ{–,281077,•ºŒÉŒ§,_ŒËŽs{–‹æ,¼•—’¬‚R’š–Ú,2018-08-07,16,’“ŽÔi—Öjê,Ž{ù‚µ‚½,‚È‚µ
Þ“,ŽÔã‚Ë‚ç‚¢,{–,“Œ{–,281077,•ºŒÉŒ§,_ŒËŽs{–‹æ,¼•—’¬‚R’š–Ú,2018-08-10,13,‚SŠKŒš‚ÄˆÈã‹¤“¯Z‘î,Ž{ù‚µ‚½,‚È‚µ
Þ“,ŽÔã‚Ë‚ç‚¢,{–,“Œ{–,281077,•ºŒÉŒ§,_ŒËŽs{–‹æ,¼•—’¬‚R’š–Ú,2018-10-14,16,’“ŽÔi—Öjê,Ž{ù‚µ‚½,‚È‚µ
Þ“,ŽÔã‚Ë‚ç‚¢,{–,“Œ{–,281077,•ºŒÉŒ§,_ŒËŽs{–‹æ,¼•—’¬‚R’š–Ú,2018-10-15,17,’“ŽÔi—Öjê,Ž{ù‚µ‚½,‚È‚µ
Þ“,ŽÔã‚Ë‚ç‚¢,{–,“Œ{–,281077,•ºŒÉŒ§,_ŒËŽs{–‹æ,¼•—’¬‚S’š–Ú,2018-08-10,19,‚SŠKŒš‚ÄˆÈã‹¤“¯Z‘î,Ž{ù‚µ‚½,‚È‚µ
Þ“,ŽÔã‚Ë‚ç‚¢,{–,“Œ{–,281077,•ºŒÉŒ§,_ŒËŽs{–‹æ,¼•—’¬‚U’š–Ú,2018-08-10,22,’“ŽÔi—Öjê,Ž{ù‚µ‚½,‚È‚µ
Þ“,ŽÔã‚Ë‚ç‚¢,{–,Žá‹{,281077,•ºŒÉŒ§,_ŒËŽs{–‹æ,ˆé“é’¬‚S’š–Ú,2018-08-10,22,’“ŽÔi—Öjê,Ž{ù‚µ‚½,‚È‚µ
Þ“,ŽÔã‚Ë‚ç‚¢,{–,Žá‹{,281077,•ºŒÉŒ§,_ŒËŽs{–‹æ,ŠO•l’¬‚Q’š–Ú,2018-04-04,19,’“ŽÔi—Öjê,Ž{ù‚µ‚½,‚È‚µ
Þ“,ŽÔã‚Ë‚ç‚¢,{–,Žá‹{,281077,•ºŒÉŒ§,_ŒËŽs{–‹æ,sK’¬‚P’š–Ú,2018-04-04,21,’“ŽÔi—Öjê,Ž{ù‚µ‚½,‚È‚µ
Þ“,ŽÔã‚Ë‚ç‚¢,{–,Žá‹{,281077,•ºŒÉŒ§,_ŒËŽs{–‹æ,sK’¬‚P’š–Ú,2018-04-04,22,’“ŽÔi—Öjê,Ž{ù‚µ‚½,‚È‚µ
Þ“,ŽÔã‚Ë‚ç‚¢,{–,Žá‹{,281077,•ºŒÉŒ§,_ŒËŽs{–‹æ,sK’¬‚P’š–Ú,2018-08-10,18,‚SŠKŒš‚ÄˆÈã‹¤“¯Z‘î,Ž{ù‚µ‚½,‚È‚µ
Þ“,ŽÔã‚Ë‚ç‚¢,{–,{–‰w‘O,281077,•ºŒÉŒ§,_ŒËŽs{–‹æ,{–‰Y’Ê‚P’š–Ú,2018-08-19,16,’“ŽÔi—Öjê,Ž{ù‚µ‚½,‚È‚µ
Þ“,ŽÔã‚Ë‚ç‚¢,{–,{–‰w‘O,281077,•ºŒÉŒ§,_ŒËŽs{–‹æ,{–‰Y’Ê‚U’š–Ú,2018-01-11,21,’“ŽÔi—Öjê,Ž{ù‚µ‚½,‚È‚µ
Þ“,ŽÔã‚Ë‚ç‚¢,{–,–­–@Ž›,281077,•ºŒÉŒ§,_ŒËŽs{–‹æ,–­–@Ž›Žš¬è,2018-09-03,19,’“ŽÔi—Öjê,Ž{ù‚µ‚½,‚È‚µ
Þ“,ŽÔã‚Ë‚ç‚¢,{–,–¼’J’†‰›,281077,•ºŒÉŒ§,_ŒËŽs{–‹æ,_‚Ì’J‚P’š–Ú,2018-02-03,22,’“ŽÔi—Öjê,Ž{ù‚µ‚½,‚È‚µ
Þ“,ŽÔã‚Ë‚ç‚¢,{–,–¼’J’†‰›,281077,•ºŒÉŒ§,_ŒËŽs{–‹æ,’†—Ž‡‚P’š–Ú,2018-04-05,14,‚SŠKŒš‚ÄˆÈã‹¤“¯Z‘î,Ž{ù‚µ‚½,‚È‚µ
Þ“,ŽÔã‚Ë‚ç‚¢,{–,–¼’J’†‰›,281077,•ºŒÉŒ§,_ŒËŽs{–‹æ,’†—Ž‡‚P’š–Ú,2018-04-06,19,‚SŠKŒš‚ÄˆÈã‹¤“¯Z‘î,Ž{ù‚µ‚½,‚È‚µ
Þ“,ŽÔã‚Ë‚ç‚¢,{–,–¼’J’†‰›,281077,•ºŒÉŒ§,_ŒËŽs{–‹æ,’†—Ž‡‚P’š–Ú,2018-04-06,19,’“ŽÔi—Öjê,Ž{ù‚µ‚½,‚È‚µ
Þ“,ŽÔã‚Ë‚ç‚¢,{–,–¼’J’†‰›,281077,•ºŒÉŒ§,_ŒËŽs{–‹æ,—³‚ª‘ä‚P’š–Ú,2018-10-14,12,’“ŽÔi—Öjê,Ž{ù‚µ‚½,‚È‚µ
Þ“,ŽÔã‚Ë‚ç‚¢,{–,‰¡”ö,281077,•ºŒÉŒ§,_ŒËŽs{–‹æ,‰¡”ö‚P’š–Ú,2018-09-03,14,’“ŽÔi—Öjê,Ž{ù‚µ‚½,‚È‚µ
Þ“,ŽÔã‚Ë‚ç‚¢,‚…,‰–‰®,281085,•ºŒÉŒ§,_ŒËŽs‚…‹æ,‰–‰®–k’¬‚Q’š–Ú,2018-04-13,07,’“ŽÔi—Öjê,Ž{ù‚µ‚½,‚ ‚è
Þ“,ŽÔã‚Ë‚ç‚¢,‚…,‰–‰®,281085,•ºŒÉŒ§,_ŒËŽs‚…‹æ,‰–‰®’¬,2018-10-16,06,’“ŽÔi—Öjê,Ž{ù‚µ‚½,‚È‚µ
Þ“,ŽÔã‚Ë‚ç‚¢,‚…,‰–‰®,281085,•ºŒÉŒ§,_ŒËŽs‚…‹æ,‰–‰®’¬‚P’š–Ú,2018-01-11,20,’“ŽÔi—Öjê,Ž{ù‚µ‚½,‚È‚µ
Þ“,ŽÔã‚Ë‚ç‚¢,‚…,‰–‰®,281085,•ºŒÉŒ§,_ŒËŽs‚…‹æ,‰–‰®’¬‚P’š–Ú,2018-04-04,18,’“ŽÔi—Öjê,Ž{ù‚µ‚½,‚È‚µ
Þ“,ŽÔã‚Ë‚ç‚¢,‚…,•½”ö,281085,•ºŒÉŒ§,_ŒËŽs‚…‹æ,“Œ‚…’¬,2018-01-11,18,’“ŽÔi—Öjê,Ž{ù‚µ‚½,‚È‚µ
Þ“,ŽÔã‚Ë‚ç‚¢,‚…,•½”ö,281085,•ºŒÉŒ§,_ŒËŽs‚…‹æ,“Œ‚…‚P’š–Ú,2018-01-08,19,’“ŽÔi—Öjê,Ž{ù‚µ‚½,‚È‚µ
Þ“,ŽÔã‚Ë‚ç‚¢,‚…,•½”ö,281085,•ºŒÉŒ§,_ŒËŽs‚…‹æ,“Œ‚…‚R’š–Ú,2018-01-08,20,’“ŽÔi—Öjê,Ž{ù‚µ‚½,‚È‚µ
Þ“,ŽÔã‚Ë‚ç‚¢,‚…,‚ŠÛ,281085,•ºŒÉŒ§,_ŒËŽs‚…‹æ,ã‚ŠÛ‚R’š–Ú,2018-03-29,00,’“ŽÔi—Öjê,Ž{ù‚µ‚½,‚È‚µ
Þ“,ŽÔã‚Ë‚ç‚¢,‚…,‚ŠÛ,281085,•ºŒÉŒ§,_ŒËŽs‚…‹æ,Œü—z‚P’š–Ú,2018-01-08,15,’“ŽÔi—Öjê,Ž{ù‚µ‚½,‚È‚µ
Þ“,ŽÔã‚Ë‚ç‚¢,‚…,‚ŠÛ,281085,•ºŒÉŒ§,_ŒËŽs‚…‹æ,Œü—z‚Q’š–Ú,2018-01-08,20,’“ŽÔi—Öjê,Ž{ù‚µ‚½,‚È‚µ
Þ“,ŽÔã‚Ë‚ç‚¢,‚…,‚ŠÛ,281085,•ºŒÉŒ§,_ŒËŽs‚…‹æ,Œü—z‚Q’š–Ú,2018-04-12,22,’“ŽÔi—Öjê,Ž{ù‚µ‚½,‚ ‚è
Þ“,ŽÔã‚Ë‚ç‚¢,‚…,‚ŠÛ,281085,•ºŒÉŒ§,_ŒËŽs‚…‹æ,‚ŠÛ‚P’š–Ú,2018-03-28,12,’“ŽÔi—Öjê,Ž{ù‚µ‚½,‚È‚µ
Þ“,ŽÔã‚Ë‚ç‚¢,‚…,‚ŠÛ,281085,•ºŒÉŒ§,_ŒËŽs‚…‹æ,ç’¹‚ª‹u‚P’š–Ú,2018-04-15,18,’“ŽÔi—Öjê,Ž{ù‚µ‚½,‚È‚µ
Þ“,ŽÔã‚Ë‚ç‚¢,‚…,‚ŠÛ,281085,•ºŒÉŒ§,_ŒËŽs‚…‹æ,•Ÿ“c‚R’š–Ú,2018-04-08,21,’“ŽÔi—Öjê,Ž{ù‚µ‚½,‚È‚µ
Þ“,ŽÔã‚Ë‚ç‚¢,‚…,‚ŠÛ,281085,•ºŒÉŒ§,_ŒËŽs‚…‹æ,•Ÿ“c‚R’š–Ú,2018-04-13,18,’“ŽÔi—Öjê,Ž{ù‚µ‚½,‚È‚µ
Þ“,ŽÔã‚Ë‚ç‚¢,‚…,‚ŠÛ,281085,•ºŒÉŒ§,_ŒËŽs‚…‹æ,•Ÿ“c‚S’š–Ú,2018-04-25,22,’“ŽÔi—Öjê,Ž{ù‚µ‚½,‚È‚µ
Þ“,ŽÔã‚Ë‚ç‚¢,‚…,‚ŠÛ,281085,•ºŒÉŒ§,_ŒËŽs‚…‹æ,ŽRŽè‚W’š–Ú,2018-01-11,19,’“ŽÔi—Öjê,Ž{ù‚µ‚½,‚È‚µ
Þ“,ŽÔã‚Ë‚ç‚¢,‚…,–¼’J,281085,•ºŒÉŒ§,_ŒËŽs‚…‹æ,–¼’J’¬,2018-01-11,18,’“ŽÔi—Öjê,Ž{ù‚µ‚½,‚È‚µ
Þ“,ŽÔã‚Ë‚ç‚¢,‚…,–¼’J,281085,•ºŒÉŒ§,_ŒËŽs‚…‹æ,–¼’J’¬,2018-04-06,17,‚SŠKŒš‚ÄˆÈã‹¤“¯Z‘î,Ž{ù‚µ‚½,‚È‚µ
Þ“,ŽÔã‚Ë‚ç‚¢,‚…,–¼’J,281085,•ºŒÉŒ§,_ŒËŽs‚…‹æ,–¼’J’¬,2018-07-18,16,’“ŽÔi—Öjê,Ž{ù‚µ‚½,‚È‚µ
Þ“,ŽÔã‚Ë‚ç‚¢,‚…,‚…‰w‘O,281085,•ºŒÉŒ§,_ŒËŽs‚…‹æ,ˆ®‚ª‹u‚P’š–Ú,2018-04-01,17,’“ŽÔi—Öjê,Ž{ù‚µ‚½,‚È‚µ
Þ“,ŽÔã‚Ë‚ç‚¢,‚…,‚…‰w‘O,281085,•ºŒÉŒ§,_ŒËŽs‚…‹æ,ˆ®‚ª‹u‚P’š–Ú,2018-04-04,17,’“ŽÔi—Öjê,Ž{ù‚µ‚½,‚È‚µ
Þ“,ŽÔã‚Ë‚ç‚¢,‚…,‚…‰w‘O,281085,•ºŒÉŒ§,_ŒËŽs‚…‹æ,ŠCŠÝ’Ê,2018-08-19,19,’“ŽÔi—Öjê,Ž{ù‚µ‚½,‚È‚µ
Þ“,ŽÔã‚Ë‚ç‚¢,‚…,‚…‰w‘O,281085,•ºŒÉŒ§,_ŒËŽs‚…‹æ,’‡“c‚P’š–Ú,2018-04-04,16,’“ŽÔi—Öjê,Ž{ù‚µ‚½,‚È‚µ
Þ“,ŽÔã‚Ë‚ç‚¢,‚…,‚…‰w‘O,281085,•ºŒÉŒ§,_ŒËŽs‚…‹æ,•½ˆé‚R’š–Ú,2018-03-31,13,’“ŽÔi—Öjê,Ž{ù‚µ‚½,‚È‚µ
Þ“,ŽÔã‚Ë‚ç‚¢,‚…,‰àƒ–‹u,281085,•ºŒÉŒ§,_ŒËŽs‚…‹æ,‰Ì•~ŽR‚R’š–Ú,2018-06-26,20,’“ŽÔi—Öjê,Ž{ù‚µ‚½,‚È‚µ
Þ“,ŽÔã‚Ë‚ç‚¢,‚…,‰àƒ–‹u,281085,•ºŒÉŒ§,_ŒËŽs‚…‹æ,‰àƒP‹u‚V’š–Ú,2018-06-27,00,’“ŽÔi—Öjê,Ž{ù‚µ‚½,‚È‚µ
Þ“,ŽÔã‚Ë‚ç‚¢,‚…,–k•‘Žq,281085,•ºŒÉŒ§,_ŒËŽs‚…‹æ,´…‚ª‹u‚R’š–Ú,2018-09-30,17,’“ŽÔi—Öjê,Ž{ù‚µ‚½,‚ ‚è
Þ“,ŽÔã‚Ë‚ç‚¢,‚…,–k•‘Žq,281085,•ºŒÉŒ§,_ŒËŽs‚…‹æ,¯—Ë‘ä‚S’š–Ú,2018-02-09,16,‚»‚Ì‘¼,Ž{ù‚µ‚½,‚È‚µ
Þ“,ŽÔã‚Ë‚ç‚¢,‚…,•‘Žq‰w‘O,281085,•ºŒÉŒ§,_ŒËŽs‚…‹æ,•‘Žq‘ä‚T’š–Ú,2018-06-24,19,’“ŽÔi—Öjê,Ž{ù‚µ‚½,‚È‚µ
Þ“,ŽÔã‚Ë‚ç‚¢,‚…,¼•‘Žq,281085,•ºŒÉŒ§,_ŒËŽs‚…‹æ,¼•‘Žq‚V’š–Ú,2018-01-19,20,’“ŽÔi—Öjê,Ž{ù‚µ‚½,‚È‚µ
Þ“,ŽÔã‚Ë‚ç‚¢,‚…,ÂŽR‘ä,281085,•ºŒÉŒ§,_ŒËŽs‚…‹æ,ÂŽR‘ä‚Q’š–Ú,2018-01-11,22,’“ŽÔi—Öjê,Ž{ù‚µ‚½,‚È‚µ
Þ“,ŽÔã‚Ë‚ç‚¢,‚…,ÂŽR‘ä,281085,•ºŒÉŒ§,_ŒËŽs‚…‹æ,ÂŽR‘ä‚T’š–Ú,2018-10-14,16,’“ŽÔi—Öjê,Ž{ù‚µ‚½,‚È‚µ
Þ“,ŽÔã‚Ë‚ç‚¢,‚…,ÂŽR‘ä,281085,•ºŒÉŒ§,_ŒËŽs‚…‹æ,ÂŽR‘ä‚T’š–Ú,2018-10-16,20,’“ŽÔi—Öjê,Ž{ù‚µ‚½,‚È‚µ
Þ“,ŽÔã‚Ë‚ç‚¢,‚…,ÂŽR‘ä,281085,•ºŒÉŒ§,_ŒËŽs‚…‹æ,ÂŽR‘ä‚V’š–Ú,2018-01-08,17,’“ŽÔi—Öjê,Ž{ù‚µ‚½,‚È‚µ
Þ“,ŽÔã‚Ë‚ç‚¢,‚…,ÂŽR‘ä,281085,•ºŒÉŒ§,_ŒËŽs‚…‹æ,ÂŽR‘ä‚V’š–Ú,2018-10-17,01,’“ŽÔi—Öjê,Ž{ù‚µ‚½,‚È‚µ
Þ“,ŽÔã‚Ë‚ç‚¢,‚…,ÂŽR‘ä,281085,•ºŒÉŒ§,_ŒËŽs‚…‹æ,‰º”¨’¬,2018-01-05,17,’“ŽÔi—Öjê,Ž{ù‚µ‚½,‚ ‚è
Þ“,ŽÔã‚Ë‚ç‚¢,‚…,V‘½•·,281085,•ºŒÉŒ§,_ŒËŽs‚…‹æ,–{‘½•·‚P’š–Ú,2018-03-25,00,’“ŽÔi—Öjê,Ž{ù‚µ‚½,‚È‚µ
Þ“,ŽÔã‚Ë‚ç‚¢,‚…,V‘½•·,281085,•ºŒÉŒ§,_ŒËŽs‚…‹æ,–{‘½•·‚P’š–Ú,2018-03-26,21,’“ŽÔi—Öjê,Ž{ù‚µ‚½,‚È‚µ
Þ“,ŽÔã‚Ë‚ç‚¢,‚…,V‘½•·,281085,•ºŒÉŒ§,_ŒËŽs‚…‹æ,–{‘½•·‚T’š–Ú,2018-09-22,22,’“ŽÔi—Öjê,Ž{ù‚µ‚½,‚ ‚è
Þ“,ŽÔã‚Ë‚ç‚¢,‚…,“ŽR‘ä,281085,•ºŒÉŒ§,_ŒËŽs‚…‹æ,‰º”¨’¬,2018-11-25,17,’“ŽÔi—Öjê,Ž{ù‚µ‚½,‚È‚µ
Þ“,ŽÔã‚Ë‚ç‚¢,_ŒË…ã,V`,281107,•ºŒÉŒ§,_ŒËŽs’†‰›‹æ,¬–ì•l’¬,2018-01-27,20,’“ŽÔi—Öjê,Ž{ù‚µ‚½,‚È‚µ
Þ“,ŽÔã‚Ë‚ç‚¢,_ŒË…ã,V`,281107,•ºŒÉŒ§,_ŒËŽs’†‰›‹æ,V`’¬,2018-05-14,02,’“ŽÔi—Öjê,Ž{ù‚µ‚½,‚ ‚è
Þ“,ŽÔã‚Ë‚ç‚¢,_ŒË…ã,V`,281107,•ºŒÉŒ§,_ŒËŽs’†‰›‹æ,•l•Ó’Ê‚R’š–Ú,2018-12-21,01,“¹˜Hã,Ž{ù‚µ‚½,‚ ‚è
Þ“,ŽÔã‚Ë‚ç‚¢,_ŒË…ã,ƒ|[ƒgƒAƒCƒ‰ƒ“ƒh,281107,•ºŒÉŒ§,_ŒËŽs’†‰›‹æ,`“‡’†’¬‚P’š–Ú,2018-01-07,04,’“ŽÔi—Öjê,Ž{ù‚µ‚½,‚ ‚è
Þ“,ŽÔã‚Ë‚ç‚¢,_ŒË…ã,ƒ|[ƒgƒAƒCƒ‰ƒ“ƒh,281107,•ºŒÉŒ§,_ŒËŽs’†‰›‹æ,`“‡’†’¬‚Q’š–Ú,2018-01-06,16,’“ŽÔi—Öjê,Ž{ù‚µ‚½,‚È‚µ
Þ“,ŽÔã‚Ë‚ç‚¢,_ŒË…ã,ƒ|[ƒgƒAƒCƒ‰ƒ“ƒh,281107,•ºŒÉŒ§,_ŒËŽs’†‰›‹æ,`“‡’†’¬‚Q’š–Ú,2018-01-12,23,’“ŽÔi—Öjê,Ž{ù‚µ‚½,‚È‚µ
Þ“,ŽÔã‚Ë‚ç‚¢,_ŒË…ã,ƒ|[ƒgƒAƒCƒ‰ƒ“ƒh,281107,•ºŒÉŒ§,_ŒËŽs’†‰›‹æ,`“‡’†’¬‚R’š–Ú,2018-01-15,16,’“ŽÔi—Öjê,Ž{ù‚µ‚½,‚È‚µ
Þ“,ŽÔã‚Ë‚ç‚¢,_ŒË…ã,ƒ|[ƒgƒAƒCƒ‰ƒ“ƒh,281107,•ºŒÉŒ§,_ŒËŽs’†‰›‹æ,`“‡’†’¬‚R’š–Ú,2018-08-13,20,’“ŽÔi—Öjê,Ž{ù‚µ‚½,‚ ‚è
Þ“,ŽÔã‚Ë‚ç‚¢,_ŒË…ã,ƒ|[ƒgƒAƒCƒ‰ƒ“ƒh,281107,•ºŒÉŒ§,_ŒËŽs’†‰›‹æ,`“‡’†’¬‚S’š–Ú,2018-02-21,14,“¹˜Hã,Ž{ù‚µ‚½,‚È‚µ
Þ“,ŽÔã‚Ë‚ç‚¢,_ŒË…ã,ƒ|[ƒgƒAƒCƒ‰ƒ“ƒh,281107,•ºŒÉŒ§,_ŒËŽs’†‰›‹æ,`“‡’†’¬‚S’š–Ú,2018-07-19,15,’“ŽÔi—Öjê,Ž{ù‚µ‚½,‚È‚µ
Þ“,ŽÔã‚Ë‚ç‚¢,_ŒË…ã,ƒ|[ƒgƒAƒCƒ‰ƒ“ƒh,281107,•ºŒÉŒ§,_ŒËŽs’†‰›‹æ,`“‡’†’¬‚T’š–Ú,2018-07-19,23,’“ŽÔi—Öjê,Ž{ù‚µ‚½,‚È‚µ
Þ“,ŽÔã‚Ë‚ç‚¢,_ŒË…ã,ƒ|[ƒgƒAƒCƒ‰ƒ“ƒh,281107,•ºŒÉŒ§,_ŒËŽs’†‰›‹æ,_ŒË‹ó`,2018-01-19,12,’“ŽÔi—Öjê,Ž{ù‚µ‚½,‚È‚µ
Þ“,ŽÔã‚Ë‚ç‚¢,_ŒË¼,ã’r,281115,•ºŒÉŒ§,_ŒËŽs¼‹æ,‹Ê’Ã’¬¡’Ã,2018-06-14,16,ˆêŒËŒšZ‘î,Ž{ù‚µ‚½,‚È‚µ
Þ“,ŽÔã‚Ë‚ç‚¢,_ŒË¼,ã’r,281115,•ºŒÉŒ§,_ŒËŽs¼‹æ,‹Ê’Ã’¬¡’Ã,2018-06-15,00,’“ŽÔi—Öjê,Ž{ù‚µ‚½,‚È‚µ
Þ“,ŽÔã‚Ë‚ç‚¢,_ŒË¼,ã’r,281115,•ºŒÉŒ§,_ŒËŽs¼‹æ,‹Ê’Ã’¬¡’Ã,2018-11-25,17,’“ŽÔi—Öjê,Ž{ù‚µ‚½,‚ ‚è
Þ“,ŽÔã‚Ë‚ç‚¢,_ŒË¼,ã’r,281115,•ºŒÉŒ§,_ŒËŽs¼‹æ,‹Ê’Ã’¬ã’r,2018-04-18,18,“¹˜Hã,Ž{ù‚µ‚½,‚È‚µ
Þ“,ŽÔã‚Ë‚ç‚¢,_ŒË¼,o‡,281115,•ºŒÉŒ§,_ŒËŽs¼‹æ,‹Ê’Ã’¬¬ŽR,2018-05-02,00,’“ŽÔi—Öjê,Ž{ù‚µ‚½,‚È‚µ
Þ“,ŽÔã‚Ë‚ç‚¢,_ŒË¼,o‡,281115,•ºŒÉŒ§,_ŒËŽs¼‹æ,¬ŽR‚R’š–Ú,2018-05-04,17,’“ŽÔi—Öjê,Ž{ù‚µ‚½,‚ ‚è
Þ“,ŽÔã‚Ë‚ç‚¢,_ŒË¼,o‡,281115,•ºŒÉŒ§,_ŒËŽs¼‹æ,¬ŽR‚R’š–Ú,2018-12-04,17,’“ŽÔi—Öjê,Ž{ù‚µ‚½,‚ ‚è
Þ“,ŽÔã‚Ë‚ç‚¢,_ŒË¼,ŒÃ‹½,281115,•ºŒÉŒ§,_ŒËŽs¼‹æ,ãV’n‚P’š–Ú,2018-04-10,08,’“ŽÔi—Öjê,Ž{ù‚µ‚½,‚È‚µ
Þ“,ŽÔã‚Ë‚ç‚¢,_ŒË¼,ŒÃ‹½,281115,•ºŒÉŒ§,_ŒËŽs¼‹æ,ãV’n‚Q’š–Ú,2018-10-16,19,ˆêŒËŒšZ‘î,Ž{ù‚µ‚½,‚È‚µ
Þ“,ŽÔã‚Ë‚ç‚¢,_ŒË¼,ŒÃ‹½,281115,•ºŒÉŒ§,_ŒËŽs¼‹æ,ãV’n‚Q’š–Ú,2018-10-17,00,ˆêŒËŒšZ‘î,Ž{ù‚µ‚½,‚È‚µ
Þ“,ŽÔã‚Ë‚ç‚¢,_ŒË¼,ŒÃ‹½,281115,•ºŒÉŒ§,_ŒËŽs¼‹æ,‘å‘ò‚P’š–Ú,2018-04-01,13,‚»‚Ì‘¼,Ž{ù‚µ‚½,‚È‚µ
Þ“,ŽÔã‚Ë‚ç‚¢,_ŒË¼,”¥’J,281115,•ºŒÉŒ§,_ŒËŽs¼‹æ,”¥’J’¬Ž›’J,2018-01-28,08,‚»‚Ì‘¼,Ž{ù‚µ‚½,‚È‚µ
Þ“,ŽÔã‚Ë‚ç‚¢,_ŒË¼,ˆÉì’J,281115,•ºŒÉŒ§,_ŒËŽs¼‹æ,’rã‚P’š–Ú,2018-01-28,15,’“ŽÔi—Öjê,Ž{ù‚µ‚½,‚È‚µ
Þ“,ŽÔã‚Ë‚ç‚¢,_ŒË¼,ˆÉì’J,281115,•ºŒÉŒ§,_ŒËŽs¼‹æ,’rã‚P’š–Ú,2018-01-28,19,’“ŽÔi—Öjê,Ž{ù‚µ‚½,‚È‚µ
Þ“,ŽÔã‚Ë‚ç‚¢,_ŒË¼,ˆÉì’J,281115,•ºŒÉŒ§,_ŒËŽs¼‹æ,’rã‚P’š–Ú,2018-01-28,22,’“ŽÔi—Öjê,Ž{ù‚µ‚½,‚È‚µ
Þ“,ŽÔã‚Ë‚ç‚¢,_ŒË¼,ˆÉì’J,281115,•ºŒÉŒ§,_ŒËŽs¼‹æ,“ì•Ê•{‚P’š–Ú,2018-04-03,00,’“ŽÔi—Öjê,Ž{ù‚µ‚½,‚È‚µ
Þ“,ŽÔã‚Ë‚ç‚¢,_ŒË¼,Šw‰€‰w‘O,281115,•ºŒÉŒ§,_ŒËŽs¼‹æ,Šw‰€“Œ’¬‚U’š–Ú,2018-10-15,12,‚SŠKŒš‚ÄˆÈã‹¤“¯Z‘î,Ž{ù‚µ‚½,‚È‚µ
Þ“,ŽÔã‚Ë‚ç‚¢,_ŒË¼,—L£,281115,•ºŒÉŒ§,_ŒËŽs¼‹æ,ˆÉì’J’¬—L£,2018-01-14,15,’“ŽÔi—Öjê,Ž{ù‚µ‚½,‚È‚µ
Þ“,ŽÔã‚Ë‚ç‚¢,_ŒË¼,—L£,281115,•ºŒÉŒ§,_ŒËŽs¼‹æ,ˆÉì’J’¬—L£,2018-10-28,21,’“ŽÔi—Öjê,Ž{ù‚µ‚½,‚ ‚è
Þ“,ŽÔã‚Ë‚ç‚¢,_ŒË¼,•xŽmŒ©‚ª‹u,281115,•ºŒÉŒ§,_ŒËŽs¼‹æ,•xŽmŒ©‚ª‹u‚Q’š–Ú,2018-01-05,16,“¹˜Hã,Ž{ù‚µ‚½,‚È‚µ
Þ“,ŽÔã‚Ë‚ç‚¢,_ŒË¼,Ž}‹g,281115,•ºŒÉŒ§,_ŒËŽs¼‹æ,ŽŽq‚Q’š–Ú,2018-11-25,21,’“ŽÔi—Öjê,Ž{ù‚µ‚½,‚È‚µ
Þ“,ŽÔã‚Ë‚ç‚¢,_ŒË¼,ˆä‘ä,281115,•ºŒÉŒ§,_ŒËŽs¼‹æ,ˆä‘ä¼’¬‚P’š–Ú,2018-06-05,16,’“ŽÔi—Öjê,Ž{ù‚µ‚½,‚È‚µ
Þ“,ŽÔã‚Ë‚ç‚¢,_ŒË¼,ˆä‘ä,281115,•ºŒÉŒ§,_ŒËŽs¼‹æ,ˆä‘ä¼’¬‚P’š–Ú,2018-06-06,18,’“ŽÔi—Öjê,Ž{ù‚µ‚½,‚È‚µ
Þ“,ŽÔã‚Ë‚ç‚¢,_ŒË¼,ˆä‘ä,281115,•ºŒÉŒ§,_ŒËŽs¼‹æ,ˆä‘ä–k’¬‚P’š–Ú,2018-06-06,15,’“ŽÔi—Öjê,Ž{ù‚µ‚½,‚È‚µ
Þ“,ŽÔã‚Ë‚ç‚¢,—L”n,“‚ŸC,281093,•ºŒÉŒ§,_ŒËŽs–k‹æ,—L–ì’¬“‚ŸC,2018-04-11,22,’“ŽÔi—Öjê,Ž{ù‚µ‚½,‚ ‚è
Þ“,ŽÔã‚Ë‚ç‚¢,—L”n,—L–ì,281093,•ºŒÉŒ§,_ŒËŽs–k‹æ,—L–ì’¬—L–ì,2018-01-21,23,’“ŽÔi—Öjê,Ž{ù‚µ‚½,‚È‚µ
Þ“,ŽÔã‚Ë‚ç‚¢,—L”n,—L–ì,281093,•ºŒÉŒ§,_ŒËŽs–k‹æ,“¡Œ´‘ä–k’¬‚T’š–Ú,2018-01-14,17,’“ŽÔi—Öjê,Ž{ù‚µ‚½,‚È‚µ
Þ“,ŽÔã‚Ë‚ç‚¢,—L”n,—L–ì,281093,•ºŒÉŒ§,_ŒËŽs–k‹æ,“¡Œ´‘ä–k’¬‚T’š–Ú,2018-01-14,17,’“ŽÔi—Öjê,Ž{ù‚µ‚½,‚È‚µ
Þ“,ŽÔã‚Ë‚ç‚¢,—L”n,—L–ì,281093,•ºŒÉŒ§,_ŒËŽs–k‹æ,“¡Œ´‘ä“ì’¬‚Q’š–Ú,2018-01-13,18,’“ŽÔi—Öjê,Ž{ù‚µ‚½,‚È‚µ
Þ“,ŽÔã‚Ë‚ç‚¢,—L”n,—L–ì,281093,•ºŒÉŒ§,_ŒËŽs–k‹æ,“¡Œ´‘ä“ì’¬‚S’š–Ú,2018-01-14,18,’“ŽÔi—Öjê,Ž{ù‚µ‚½,‚È‚µ
Þ“,ŽÔã‚Ë‚ç‚¢,—L”n,“ñ˜Y,281093,•ºŒÉŒ§,_ŒËŽs–k‹æ,—L–ì’¬—L–ì,2018-07-30,00,’“ŽÔi—Öjê,Ž{ù‚µ‚½,‚È‚µ
Þ“,ŽÔã‚Ë‚ç‚¢,—L”n,“ñ˜Y,281093,•ºŒÉŒ§,_ŒËŽs–k‹æ,—L–ì’†’¬‚S’š–Ú,2018-01-14,19,’“ŽÔi—Öjê,Ž{ù‚µ‚½,‚È‚µ
Þ“,ŽÔã‚Ë‚ç‚¢,—L”n,ã¬–¼“c,281093,•ºŒÉŒ§,_ŒËŽs–k‹æ,”ª‘½’¬‰º¬–¼“c,2018-07-31,09,’“ŽÔi—Öjê,Ž{ù‚µ‚½,‚ ‚è
Þ“,ŽÔã‚Ë‚ç‚¢,—L”n,ã¬–¼“c,281093,•ºŒÉŒ§,_ŒËŽs–k‹æ,”ª‘½’¬’†,2018-03-11,22,’“ŽÔi—Öjê,Ž{ù‚µ‚½,‚ ‚è
Þ“,ŽÔã‚Ë‚ç‚¢,—L”n,ã¬–¼“c,281093,•ºŒÉŒ§,_ŒËŽs–k‹æ,”ª‘½’¬’†,2018-05-08,23,’“ŽÔi—Öjê,Ž{ù‚µ‚½,‚ ‚è
Þ“,ŽÔã‚Ë‚ç‚¢,—L”n,’·”ö,281093,•ºŒÉŒ§,_ŒËŽs–k‹æ,Ô¼‘ä‚P’š–Ú,2018-01-06,17,’“ŽÔi—Öjê,Ž{ù‚µ‚½,‚È‚µ
Þ“,ŽÔã‚Ë‚ç‚¢,—L”n,’·”ö,281093,•ºŒÉŒ§,_ŒËŽs–k‹æ,ã’Ã‘ä‚T’š–Ú,2018-08-20,21,’“ŽÔi—Öjê,Ž{ù‚µ‚½,‚ ‚è
Þ“,ŽÔã‚Ë‚ç‚¢,—L”n,’W‰Í,281093,•ºŒÉŒ§,_ŒËŽs–k‹æ,’W‰Í’¬”‹Œ´,2018-09-19,06,’“ŽÔi—Öjê,Ž{ù‚µ‚½,‚È‚µ
Þ“,ŽÔã‚Ë‚ç‚¢,_ŒË–k,–k—é—–‘ä,281093,•ºŒÉŒ§,_ŒËŽs–k‹æ,ŽR“c’¬¬•”Žš–­‰ê,2018-08-20,16,’“ŽÔi—Öjê,Ž{ù‚µ‚½,‚ ‚è
Þ“,ŽÔã‚Ë‚ç‚¢,_ŒË–k,’Jã‰w‘O,281093,•ºŒÉŒ§,_ŒËŽs–k‹æ,‰ÔŽR’†”ö‘ä‚Q’š–Ú,2018-07-17,17,ˆêŒËŒšZ‘î,Ž{ù‚µ‚½,‚È‚µ
Þ“,ŽÔã‚Ë‚ç‚¢,_ŒË–k,’Jã‰w‘O,281093,•ºŒÉŒ§,_ŒËŽs–k‹æ,’Jã“Œ’¬,2018-01-12,20,’“ŽÔi—Öjê,Ž{ù‚µ‚½,‚ ‚è
Þ“,ŽÔã‚Ë‚ç‚¢,_ŒË–k,’Jã‰w‘O,281093,•ºŒÉŒ§,_ŒËŽs–k‹æ,’Jã“ì’¬,2018-01-13,11,’“ŽÔi—Öjê,Ž{ù‚µ‚½,‚È‚µ
Þ“,ŽÔã‚Ë‚ç‚¢,_ŒË–k,ŽR‚ÌŠX,281093,•ºŒÉŒ§,_ŒËŽs–k‹æ,—Î’¬‚V’š–Ú,2018-01-12,17,’“ŽÔi—Öjê,Ž{ù‚µ‚½,‚È‚µ
Þ“,ŽÔã‚Ë‚ç‚¢,_ŒË–k,ŽR‚ÌŠX,281093,•ºŒÉŒ§,_ŒËŽs–k‹æ,—Î’¬‚W’š–Ú,2018-01-12,18,’“ŽÔi—Öjê,Ž{ù‚µ‚½,‚È‚µ
Þ“,ŽÔã‚Ë‚ç‚¢,ˆ°‰®,‹Æ•½‹´,282065,•ºŒÉŒ§,ˆ°‰®Žs,ŒöŒõ’¬,2018-02-25,16,’“ŽÔi—Öjê,Ž{ù‚µ‚½,‚È‚µ
Þ“,ŽÔã‚Ë‚ç‚¢,ˆ°‰®,‹Æ•½‹´,282065,•ºŒÉŒ§,ˆ°‰®Žs,‹Æ•½’¬,2018-01-08,22,’“ŽÔi—Öjê,Ž{ù‚µ‚½,‚È‚µ
Þ“,ŽÔã‚Ë‚ç‚¢,ˆ°‰®,‹Æ•½‹´,282065,•ºŒÉŒ§,ˆ°‰®Žs,‹Æ•½’¬,2018-02-22,23,’“ŽÔi—Öjê,Ž{ù‚µ‚½,‚È‚µ
Þ“,ŽÔã‚Ë‚ç‚¢,ˆ°‰®,‹{ì,282065,•ºŒÉŒ§,ˆ°‰®Žs,“í’¬,2018-05-13,18,’“ŽÔi—Öjê,Ž{ù‚µ‚½,‚ ‚è
Þ“,ŽÔã‚Ë‚ç‚¢,ˆ°‰®,‹{ì,282065,•ºŒÉŒ§,ˆ°‰®Žs,t“ú’¬,2018-02-25,18,’“ŽÔi—Öjê,Ž{ù‚µ‚½,‚È‚µ
Þ“,ŽÔã‚Ë‚ç‚¢,ˆ°‰®,‹{ì,282065,•ºŒÉŒ§,ˆ°‰®Žs,t“ú’¬,2018-05-11,07,’“ŽÔi—Öjê,Ž{ù‚µ‚½,‚È‚µ
Þ“,ŽÔã‚Ë‚ç‚¢,ˆ°‰®,‹{ì,282065,•ºŒÉŒ§,ˆ°‰®Žs,t“ú’¬,2018-05-13,14,’“ŽÔi—Öjê,Ž{ù‚µ‚½,‚È‚µ
Þ“,ŽÔã‚Ë‚ç‚¢,ˆ°‰®,‹{ì,282065,•ºŒÉŒ§,ˆ°‰®Žs,t“ú’¬,2018-05-13,18,’“ŽÔi—Öjê,Ž{ù‚µ‚½,‚È‚µ
Þ“,ŽÔã‚Ë‚ç‚¢,ˆ°‰®,ŽRˆ°‰®,282065,•ºŒÉŒ§,ˆ°‰®Žs,¼ŽR’¬,2018-01-08,08,’“ŽÔi—Öjê,Ž{ù‚µ‚½,‚È‚µ
Þ“,ŽÔã‚Ë‚ç‚¢,ˆ°‰®,ˆ°‰®‰w‘O,282065,•ºŒÉŒ§,ˆ°‰®Žs,e‰¤’Ë’¬,2018-03-31,18,’“ŽÔi—Öjê,Ž{ù‚µ‚½,‚È‚µ
Þ“,ŽÔã‚Ë‚ç‚¢,ˆ°‰®,•lˆ°‰®,282065,•ºŒÉŒ§,ˆ°‰®Žs,ˆÉ¨’¬,2018-02-18,17,’“ŽÔi—Öjê,Ž{ù‚µ‚½,‚È‚µ
Þ“,ŽÔã‚Ë‚ç‚¢,ˆ°‰®,•lˆ°‰®,282065,•ºŒÉŒ§,ˆ°‰®Žs,•½“c’¬,2018-01-01,17,’“ŽÔi—Öjê,Ž{ù‚µ‚½,‚È‚µ
Þ“,ŽÔã‚Ë‚ç‚¢,ˆ°‰®,‘Åo,282065,•ºŒÉŒ§,ˆ°‰®Žs,‘Åo’¬,2018-05-01,14,’“ŽÔi—Öjê,Ž{ù‚µ‚½,‚È‚µ
Þ“,ŽÔã‚Ë‚ç‚¢,ˆ°‰®,‘Åo,282065,•ºŒÉŒ§,ˆ°‰®Žs,‘å“Œ’¬,2018-02-18,21,’“ŽÔi—Öjê,Ž{ù‚µ‚½,‚È‚µ
Þ“,ŽÔã‚Ë‚ç‚¢,ˆ°‰®,‘Åo,282065,•ºŒÉŒ§,ˆ°‰®Žs,“ì‹{’¬,2018-02-19,21,’“ŽÔi—Öjê,Ž{ù‚µ‚½,‚È‚µ
Þ“,ŽÔã‚Ë‚ç‚¢,ˆ°‰®,‘Åo,282065,•ºŒÉŒ§,ˆ°‰®Žs,“ì‹{’¬,2018-10-16,18,’“ŽÔi—Öjê,Ž{ù‚µ‚½,‚È‚µ
Þ“,ŽÔã‚Ë‚ç‚¢,ˆ°‰®,‘Åo,282065,•ºŒÉŒ§,ˆ°‰®Žs,“ì‹{’¬,2018-10-17,00,’“ŽÔi—Öjê,Ž{ù‚µ‚½,‚È‚µ
Þ“,ŽÔã‚Ë‚ç‚¢,ˆ°‰®,‘Åo,282065,•ºŒÉŒ§,ˆ°‰®Žs,•l’¬,2018-02-19,22,’“ŽÔi—Öjê,Ž{ù‚µ‚½,‚ ‚è
Þ“,ŽÔã‚Ë‚ç‚¢,ˆ°‰®,‘Åo,282065,•ºŒÉŒ§,ˆ°‰®Žs,•l’¬,2018-09-13,20,’“ŽÔi—Öjê,Ž{ù‚µ‚½,‚È‚µ
Þ“,ŽÔã‚Ë‚ç‚¢,ˆ°‰®,‚•l,282065,•ºŒÉŒ§,ˆ°‰®Žs,’ªŒ©’¬,2018-06-04,18,“¹˜Hã,Ž{ù‚µ‚½,‚È‚µ
Þ“,ŽÔã‚Ë‚ç‚¢,ˆ°‰®,‚•l,282065,•ºŒÉŒ§,ˆ°‰®Žs,‚•l’¬,2018-01-11,19,’“ŽÔi—Öjê,Ž{ù‚µ‚½,‚È‚µ
Þ“,ŽÔã‚Ë‚ç‚¢,ˆ°‰®,‚•l,282065,•ºŒÉŒ§,ˆ°‰®Žs,‚•l’¬,2018-01-16,02,’“ŽÔi—Öjê,Ž{ù‚µ‚½,‚ ‚è
Þ“,ŽÔã‚Ë‚ç‚¢,ˆ°‰®,“ìˆ°‰®•l,282065,•ºŒÉŒ§,ˆ°‰®Žs,ŠC—m’¬,2018-04-10,17,’“ŽÔi—Öjê,Ž{ù‚µ‚½,‚È‚µ
Þ“,ŽÔã‚Ë‚ç‚¢,ˆ°‰®,“ìˆ°‰®•l,282065,•ºŒÉŒ§,ˆ°‰®Žs,ŠC—m’¬,2018-12-29,20,’“ŽÔi—Öjê,Ž{ù‚µ‚½,‚È‚µ
Þ“,ŽÔã‚Ë‚ç‚¢,ˆ°‰®,“ìˆ°‰®•l,282065,•ºŒÉŒ§,ˆ°‰®Žs,—Á•—’¬,2018-04-30,05,“¹˜Hã,Ž{ù‚µ‚½,‚ ‚è
Þ“,ŽÔã‚Ë‚ç‚¢,ˆ°‰®,“ìˆ°‰®•l,282065,•ºŒÉŒ§,ˆ°‰®Žs,—zŒõ’¬,2018-04-04,16,’“ŽÔi—Öjê,Ž{ù‚µ‚½,‚È‚µ
Þ“,ŽÔã‚Ë‚ç‚¢,ˆ°‰®,“ìˆ°‰®•l,282065,•ºŒÉŒ§,ˆ°‰®Žs,—zŒõ’¬,2018-10-16,17,’“ŽÔi—Öjê,Ž{ù‚µ‚½,‚È‚µ
Þ“,ŽÔã‚Ë‚ç‚¢,ˆ°‰®,“ìˆ°‰®•l,282065,•ºŒÉŒ§,ˆ°‰®Žs,—zŒõ’¬,2018-10-16,18,’“ŽÔi—Öjê,Ž{ù‚µ‚½,‚È‚µ
Þ“,ŽÔã‚Ë‚ç‚¢,ˆ°‰®,“ìˆ°‰®•l,282065,•ºŒÉŒ§,ˆ°‰®Žs,—zŒõ’¬,2018-10-16,19,’“ŽÔi—Öjê,Ž{ù‚µ‚½,‚È‚µ
Þ“,ŽÔã‚Ë‚ç‚¢,¼‹{,ŽDê‹Ø,282049,•ºŒÉŒ§,¼‹{Žs,’©“â’¬,2018-04-29,10,“¹˜Hã,Ž{ù‚µ‚½,‚È‚µ
Þ“,ŽÔã‚Ë‚ç‚¢,¼‹{,ŽDê‹Ø,282049,•ºŒÉŒ§,¼‹{Žs,ÎÝ’¬,2018-01-12,21,‚SŠKŒš‚ÄˆÈã‹¤“¯Z‘î,Ž{ù‚µ‚½,‚È‚µ
Þ“,ŽÔã‚Ë‚ç‚¢,¼‹{,ŽDê‹Ø,282049,•ºŒÉŒ§,¼‹{Žs,ÎÝ’¬,2018-04-06,17,‚SŠKŒš‚ÄˆÈã‹¤“¯Z‘î,Ž{ù‚µ‚½,‚È‚µ
Þ“,ŽÔã‚Ë‚ç‚¢,¼‹{,ŽDê‹Ø,282049,•ºŒÉŒ§,¼‹{Žs,¡Ý‰Æ’¬,2018-08-05,22,’“ŽÔi—Öjê,Ž{ù‚µ‚½,‚È‚µ
Þ“,ŽÔã‚Ë‚ç‚¢,¼‹{,ŽDê‹Ø,282049,•ºŒÉŒ§,¼‹{Žs,ˆÆŠ|’¬,2018-04-02,20,‚»‚Ì‘¼,Ž{ù‚µ‚½,‚ ‚è
Þ“,ŽÔã‚Ë‚ç‚¢,¼‹{,ŽDê‹Ø,282049,•ºŒÉŒ§,¼‹{Žs,ˆÆŠ|’¬,2018-06-04,18,’“ŽÔi—Öjê,Ž{ù‚µ‚½,‚È‚µ
Þ“,ŽÔã‚Ë‚ç‚¢,¼‹{,ŽDê‹Ø,282049,•ºŒÉŒ§,¼‹{Žs,ŽYŠ’¬,2018-05-01,21,‚»‚Ì‘¼‚ÌZ‘îi‚RŠKŒš‚ÄˆÈ‰º‹¤“¯Z‘î“™j,Ž{ù‚µ‚½,‚È‚µ
Þ“,ŽÔã‚Ë‚ç‚¢,¼‹{,ŽDê‹Ø,282049,•ºŒÉŒ§,¼‹{Žs,•l’¬,2018-01-11,21,‚SŠKŒš‚ÄˆÈã‹¤“¯Z‘î,Ž{ù‚µ‚½,‚È‚µ
Þ“,ŽÔã‚Ë‚ç‚¢,¼‹{,ŽDê‹Ø,282049,•ºŒÉŒ§,¼‹{Žs,•l˜e’¬,2018-02-14,19,’“ŽÔi—Öjê,Ž{ù‚µ‚½,‚È‚µ
Þ“,ŽÔã‚Ë‚ç‚¢,¼‹{,ŽDê‹Ø,282049,•ºŒÉŒ§,¼‹{Žs,•l˜e’¬,2018-04-20,09,’“ŽÔi—Öjê,Ž{ù‚µ‚½,‚ ‚è
Þ“,ŽÔã‚Ë‚ç‚¢,¼‹{,ŽDê‹Ø,282049,•ºŒÉŒ§,¼‹{Žs,“Œ’¬‚Q’š–Ú,2018-04-01,13,‚»‚Ì‘¼‚ÌZ‘îi‚RŠKŒš‚ÄˆÈ‰º‹¤“¯Z‘î“™j,Ž{ù‚µ‚½,‚È‚µ
Þ“,ŽÔã‚Ë‚ç‚¢,¼‹{,ŽDê‹Ø,282049,•ºŒÉŒ§,¼‹{Žs,“Œ’¬‚Q’š–Ú,2018-09-12,17,‚SŠKŒš‚ÄˆÈã‹¤“¯Z‘î,Ž{ù‚µ‚½,‚È‚µ
Þ“,ŽÔã‚Ë‚ç‚¢,¼‹{,ŽDê‹Ø,282049,•ºŒÉŒ§,¼‹{Žs,˜Z’XŽ›’¬,2018-07-18,02,“¹˜Hã,Ž{ù‚µ‚½,‚È‚µ
Þ“,ŽÔã‚Ë‚ç‚¢,¼‹{,ì“Y,282049,•ºŒÉŒ§,¼‹{Žs,–xØ’¬,2018-01-15,15,’“ŽÔi—Öjê,Ž{ù‚µ‚½,‚È‚µ
Þ“,ŽÔã‚Ë‚ç‚¢,¼‹{,Žs’ë,282049,•ºŒÉŒ§,¼‹{Žs,,2018-04-01,02,’“ŽÔi—Öjê,Ž{ù‚µ‚½,‚È‚µ
Þ“,ŽÔã‚Ë‚ç‚¢,¼‹{,Žs’ë,282049,•ºŒÉŒ§,¼‹{Žs,r^’¬,2018-04-06,19,’“ŽÔi—Öjê,Ž{ù‚µ‚½,‚È‚µ
Þ“,ŽÔã‚Ë‚ç‚¢,¼‹{,Žs’ë,282049,•ºŒÉŒ§,¼‹{Žs,_Šy’¬,2018-04-17,22,’“ŽÔi—Öjê,Ž{ù‚µ‚½,‚È‚µ
Þ“,ŽÔã‚Ë‚ç‚¢,¼‹{,Žs’ë,282049,•ºŒÉŒ§,¼‹{Žs,_Šy’¬,2018-04-28,14,‚SŠKŒš‚ÄˆÈã‹¤“¯Z‘î,Ž{ù‚µ‚½,‚È‚µ
Þ“,ŽÔã‚Ë‚ç‚¢,¼‹{,Žs’ë,282049,•ºŒÉŒ§,¼‹{Žs,¼‰º’¬,2018-01-08,21,“¹˜Hã,Ž{ù‚µ‚½,‚È‚µ
Þ“,ŽÔã‚Ë‚ç‚¢,¼‹{,Žs’ë,282049,•ºŒÉŒ§,¼‹{Žs,¼‰º’¬,2018-04-30,19,‚SŠKŒš‚ÄˆÈã‹¤“¯Z‘î,Ž{ù‚µ‚½,‚È‚µ
Þ“,ŽÔã‚Ë‚ç‚¢,¼‹{,Žs’ë,282049,•ºŒÉŒ§,¼‹{Žs,‹{¼’¬,2017-12-31,17,‚SŠKŒš‚ÄˆÈã‹¤“¯Z‘î,Ž{ù‚µ‚½,‚È‚µ
Þ“,ŽÔã‚Ë‚ç‚¢,¼‹{,Žs’ë,282049,•ºŒÉŒ§,¼‹{Žs,‹|ê’¬,2018-02-12,16,‚»‚Ì‘¼‚ÌZ‘îi‚RŠKŒš‚ÄˆÈ‰º‹¤“¯Z‘î“™j,Ž{ù‚µ‚½,‚È‚µ
Þ“,ŽÔã‚Ë‚ç‚¢,¼‹{,Žs’ë,282049,•ºŒÉŒ§,¼‹{Žs,‹|ê’¬,2018-03-17,22,‚»‚Ì‘¼,Ž{ù‚µ‚½,‚È‚µ
Þ“,ŽÔã‚Ë‚ç‚¢,¼‹{,Žs’ë,282049,•ºŒÉŒ§,¼‹{Žs,‹|ê’¬,2018-05-12,18,‚SŠKŒš‚ÄˆÈã‹¤“¯Z‘î,Ž{ù‚µ‚½,‚È‚µ
Þ“,ŽÔã‚Ë‚ç‚¢,¼‹{,¼‹{•l,282049,•ºŒÉŒ§,¼‹{Žs,¼‹{•l‚R’š–Ú,2018-05-04,19,“¹˜Hã,Ž{ù‚µ‚½,‚ ‚è
Þ“,ŽÔã‚Ë‚ç‚¢,¼‹{,¼‹{•l,282049,•ºŒÉŒ§,¼‹{Žs,¼‹{•l‚S’š–Ú,2018-02-09,16,’“ŽÔi—Öjê,Ž{ù‚µ‚½,‚È‚µ
Þ“,ŽÔã‚Ë‚ç‚¢,¼‹{,¼‹{•l,282049,•ºŒÉŒ§,¼‹{Žs,¼‹{•l‚S’š–Ú,2018-04-06,20,‚SŠKŒš‚ÄˆÈã‹¤“¯Z‘î,Ž{ù‚µ‚½,‚È‚µ
Þ“,ŽÔã‚Ë‚ç‚¢,¼‹{,gì‰w‘O,282049,•ºŒÉŒ§,¼‹{Žs,‹½–Æ’¬,2018-02-25,10,“¹˜Hã,Ž{ù‚µ‚½,‚È‚µ
Þ“,ŽÔã‚Ë‚ç‚¢,¼‹{,gì‰w‘O,282049,•ºŒÉŒ§,¼‹{Žs,‹½–Æ’¬,2018-02-25,21,ˆêŒËŒšZ‘î,Ž{ù‚µ‚½,‚È‚µ
Þ“,ŽÔã‚Ë‚ç‚¢,¼‹{,‰z–ØŠâ,282049,•ºŒÉŒ§,¼‹{Žs,‹e’J’¬,2018-03-31,22,’“ŽÔi—Öjê,Ž{ù‚µ‚½,‚È‚µ
Þ“,ŽÔã‚Ë‚ç‚¢,¼‹{,Žõ,282049,•ºŒÉŒ§,¼‹{Žs,]ã’¬,2018-12-31,01,“¹˜Hã,Ž{ù‚µ‚½,‚È‚µ
Þ“,ŽÔã‚Ë‚ç‚¢,¼‹{,Žõ,282049,•ºŒÉŒ§,¼‹{Žs,–k–¼ŽŸ’¬,2018-01-15,16,‚»‚Ì‘¼‚ÌZ‘îi‚RŠKŒš‚ÄˆÈ‰º‹¤“¯Z‘î“™j,Ž{ù‚µ‚½,‚È‚µ
Þ“,ŽÔã‚Ë‚ç‚¢,¼‹{,Žõ,282049,•ºŒÉŒ§,¼‹{Žs,Žõ’¬,2018-01-18,19,‚SŠKŒš‚ÄˆÈã‹¤“¯Z‘î,Ž{ù‚µ‚½,‚È‚µ
Þ“,ŽÔã‚Ë‚ç‚¢,¼‹{,Žõ,282049,•ºŒÉŒ§,¼‹{Žs,éŽR,2018-01-19,21,’“ŽÔi—Öjê,Ž{ù‚µ‚½,‚È‚µ
Þ“,ŽÔã‚Ë‚ç‚¢,¼‹{,Žõ,282049,•ºŒÉŒ§,¼‹{Žs,––L’¬,2018-04-27,19,’“ŽÔi—Öjê,Ž{ù‚µ‚½,‚È‚µ
Þ“,ŽÔã‚Ë‚ç‚¢,¼‹{,Žõ,282049,•ºŒÉŒ§,¼‹{Žs,çÎ’¬,2018-05-02,20,’“ŽÔi—Öjê,Ž{ù‚µ‚½,‚È‚µ
Þ“,ŽÔã‚Ë‚ç‚¢,¼‹{,Žõ,282049,•ºŒÉŒ§,¼‹{Žs,í”Ö’¬,2018-05-02,20,’“ŽÔi—Öjê,Ž{ù‚µ‚½,‚È‚µ
Þ“,ŽÔã‚Ë‚ç‚¢,¼‹{,Žõ,282049,•ºŒÉŒ§,¼‹{Žs,¼“c’¬,2018-04-25,16,’“ŽÔi—Öjê,Ž{ù‚µ‚½,‚È‚µ
Þ“,ŽÔã‚Ë‚ç‚¢,¼‹{,Žõ,282049,•ºŒÉŒ§,¼‹{Žs,ˆÀˆä’¬,2018-05-03,20,’“ŽÔi—Öjê,Ž{ù‚µ‚½,‚ ‚è
Þ“,ŽÔã‚Ë‚ç‚¢,¼‹{,ˆ°Œ´,282049,•ºŒÉŒ§,¼‹{Žs,_‹_Š¯’¬,2018-08-12,11,‚SŠKŒš‚ÄˆÈã‹¤“¯Z‘î,Ž{ù‚µ‚½,‚È‚µ
Þ“,ŽÔã‚Ë‚ç‚¢,¼‹{,ˆ°Œ´,282049,•ºŒÉŒ§,¼‹{Žs,’†{²’¬,2018-12-01,18,’“ŽÔi—Öjê,Ž{ù‚µ‚½,‚È‚µ
Þ“,ŽÔã‚Ë‚ç‚¢,¼‹{,¼‹{‰w‘O,282049,•ºŒÉŒ§,¼‹{Žs,’r“c’¬,2018-09-08,03,“¹˜Hã,Ž{ù‚µ‚½,‚È‚µ
Þ“,ŽÔã‚Ë‚ç‚¢,¼‹{,¼‹{‰w‘O,282049,•ºŒÉŒ§,¼‹{Žs,õ“a’¬,2018-01-21,14,’“ŽÔi—Öjê,Ž{ù‚µ‚½,‚È‚µ
Þ“,ŽÔã‚Ë‚ç‚¢,¼‹{,¼‹{‰w‘O,282049,•ºŒÉŒ§,¼‹{Žs,’Ã–åˆî‰×’¬,2018-08-18,23,’“ŽÔi—Öjê,Ž{ù‚µ‚½,‚È‚µ
Þ“,ŽÔã‚Ë‚ç‚¢,¼‹{,¼‹{‰w‘O,282049,•ºŒÉŒ§,¼‹{Žs,’Ã–å‘å‰Ó’¬,2018-01-21,19,’“ŽÔi—Öjê,Ž{ù‚µ‚½,‚È‚µ
Þ“,ŽÔã‚Ë‚ç‚¢,¼‹{,¼‹{‰w‘O,282049,•ºŒÉŒ§,¼‹{Žs,¼Œ´’¬,2018-05-01,23,‚SŠKŒš‚ÄˆÈã‹¤“¯Z‘î,Ž{ù‚µ‚½,‚È‚µ
Þ“,ŽÔã‚Ë‚ç‚¢,¼‹{,¡’Ã‰w‘O,282049,•ºŒÉŒ§,¼‹{Žs,¡’ÃŒ’¬,2018-09-30,01,“¹˜Hã,Ž{ù‚µ‚½,‚ ‚è
Þ“,ŽÔã‚Ë‚ç‚¢,¼‹{,¡’Ã‰w‘O,282049,•ºŒÉŒ§,¼‹{Žs,’Ã–åì’¬,2018-01-21,23,’“ŽÔi—Öjê,Ž{ù‚µ‚½,‚ ‚è
Þ“,ŽÔã‚Ë‚ç‚¢,¼‹{,¡’Ã‰w‘O,282049,•ºŒÉŒ§,¼‹{Žs,’Ã–åŒà‰H’¬,2017-12-27,10,’“ŽÔi—Öjê,Ž{ù‚µ‚½,‚È‚µ
Þ“,ŽÔã‚Ë‚ç‚¢,¼‹{,¡’Ã‰w‘O,282049,•ºŒÉŒ§,¼‹{Žs,’Ã–åŒà‰H’¬,2018-03-13,19,‚»‚Ì‘¼,Ž{ù‚µ‚½,‚ ‚è
Þ“,ŽÔã‚Ë‚ç‚¢,¼‹{,ŽÐ‘O,282049,•ºŒÉŒ§,¼‹{Žs,¡’Ã’F’¬,2018-01-11,21,‚SŠKŒš‚ÄˆÈã‹¤“¯Z‘î,Ž{ù‚µ‚½,‚È‚µ
Þ“,ŽÔã‚Ë‚ç‚¢,¼‹{,ŽÐ‘O,282049,•ºŒÉŒ§,¼‹{Žs,¡’ÃoÝ‰Æ’¬,2018-02-02,22,‚»‚Ì‘¼,Ž{ù‚µ‚½,‚È‚µ
Þ“,ŽÔã‚Ë‚ç‚¢,¼‹{,ŽÐ‘O,282049,•ºŒÉŒ§,¼‹{Žs,¡’ÃoÝ‰Æ’¬,2018-03-30,21,‚»‚Ì‘¼,Ž{ù‚µ‚½,‚ ‚è
Þ“,ŽÔã‚Ë‚ç‚¢,¼‹{,ŽÐ‘O,282049,•ºŒÉŒ§,¼‹{Žs,“Œ’¬‚P’š–Ú,2018-02-04,11,‚SŠKŒš‚ÄˆÈã‹¤“¯Z‘î,Ž{ù‚µ‚½,‚È‚µ
Þ“,ŽÔã‚Ë‚ç‚¢,¼‹{,ŽÐ‘O,282049,•ºŒÉŒ§,¼‹{Žs,“Œ’¬‚P’š–Ú,2018-03-05,08,‚»‚Ì‘¼,Ž{ù‚µ‚½,‚ ‚è
Þ“,ŽÔã‚Ë‚ç‚¢,¼‹{,ŽÐ‘O,282049,•ºŒÉŒ§,¼‹{Žs,—pŠC’¬,2018-02-20,02,’“ŽÔi—Öjê,Ž{ù‚µ‚½,‚È‚µ
Þ“,ŽÔã‚Ë‚ç‚¢,¼‹{,¼‹{’†‰›,282049,•ºŒÉŒ§,¼‹{Žs,‚–Ø“Œ’¬,2018-04-30,20,‚»‚Ì‘¼,Ž{ù‚µ‚½,‚ ‚è
Þ“,ŽÔã‚Ë‚ç‚¢,¼‹{,¼‹{’†‰›,282049,•ºŒÉŒ§,¼‹{Žs,‚”¨’¬,2018-01-18,22,‚SŠKŒš‚ÄˆÈã‹¤“¯Z‘î,Ž{ù‚µ‚½,‚È‚µ
Þ“,ŽÔã‚Ë‚ç‚¢,¼‹{,¼‹{’†‰›,282049,•ºŒÉŒ§,¼‹{Žs,‚”¨’¬,2018-08-17,18,‚SŠKŒš‚ÄˆÈã‹¤“¯Z‘î,Ž{ù‚µ‚½,‚È‚µ
Þ“,ŽÔã‚Ë‚ç‚¢,¼‹{,¼‹{’†‰›,282049,•ºŒÉŒ§,¼‹{Žs,“ìº˜a’¬,2018-05-27,22,’“ŽÔi—Öjê,Ž{ù‚µ‚½,‚È‚µ
Þ“,ŽÔã‚Ë‚ç‚¢,¼‹{,¼‹{’†‰›,282049,•ºŒÉŒ§,¼‹{Žs,—¼“x’¬,2018-03-15,00,‚SŠKŒš‚ÄˆÈã‹¤“¯Z‘î,Ž{ù‚µ‚½,‚È‚µ
Þ“,ŽÔã‚Ë‚ç‚¢,¼‹{,¼‹{’†‰›,282049,•ºŒÉŒ§,¼‹{Žs,—¼“x’¬,2018-05-05,19,“¹˜Hã,Ž{ù‚µ‚½,‚ ‚è
Þ“,ŽÔã‚Ë‚ç‚¢,¼‹{,–kŒû¼,282049,•ºŒÉŒ§,¼‹{Žs,–kº˜a’¬,2018-04-29,21,’“ŽÔi—Öjê,Ž{ù‚µ‚½,‚È‚µ
Þ“,ŽÔã‚Ë‚ç‚¢,¼‹{,–kŒû¼,282049,•ºŒÉŒ§,¼‹{Žs,•½–Ø’¬,2018-03-24,11,’“ŽÔi—Öjê,Ž{ù‚µ‚½,‚È‚µ
Þ“,ŽÔã‚Ë‚ç‚¢,¼‹{,–kŒû¼,282049,•ºŒÉŒ§,¼‹{Žs,•½–Ø’¬,2018-04-30,20,’“ŽÔi—Öjê,Ž{ù‚µ‚½,‚È‚µ
Þ“,ŽÔã‚Ë‚ç‚¢,¼‹{,“ñŒ©,282049,•ºŒÉŒ§,¼‹{Žs,‘å‰®’¬,2018-09-17,18,‚SŠKŒš‚ÄˆÈã‹¤“¯Z‘î,Ž{ù‚µ‚½,‚È‚µ
Þ“,ŽÔã‚Ë‚ç‚¢,¼‹{,“ñŒ©,282049,•ºŒÉŒ§,¼‹{Žs,“V“¹’¬,2018-01-19,15,‚»‚Ì‘¼‚ÌZ‘îi‚RŠKŒš‚ÄˆÈ‰º‹¤“¯Z‘î“™j,Ž{ù‚µ‚½,‚È‚µ
Þ“,ŽÔã‚Ë‚ç‚¢,¼‹{,“ñŒ©,282049,•ºŒÉŒ§,¼‹{Žs,“ñŒ©’¬,2018-08-10,11,’“ŽÔi—Öjê,Ž{ù‚µ‚½,‚È‚µ
Þ“,ŽÔã‚Ë‚ç‚¢,¼‹{,“ñŒ©,282049,•ºŒÉŒ§,¼‹{Žs,¼ŽR’¬,2018-06-19,20,’“ŽÔi—Öjê,Ž{ù‚µ‚½,‚È‚µ
Þ“,ŽÔã‚Ë‚ç‚¢,¼‹{,ã”V’¬,282049,•ºŒÉŒ§,¼‹{Žs,–å‘O’¬,2018-09-17,15,‚SŠKŒš‚ÄˆÈã‹¤“¯Z‘î,Ž{ù‚µ‚½,‚È‚µ
Þ“,ŽÔã‚Ë‚ç‚¢,¼‹{,–åŒË,282049,•ºŒÉŒ§,¼‹{Žs,–ìŠÔ’¬,2018-09-18,16,‚SŠKŒš‚ÄˆÈã‹¤“¯Z‘î,Ž{ù‚µ‚½,‚È‚µ
Þ“,ŽÔã‚Ë‚ç‚¢,¼‹{,b•‹´,282049,•ºŒÉŒ§,¼‹{Žs,ˆê—¢ŽR’¬,2018-09-02,13,’“ŽÔi—Öjê,Ž{ù‚µ‚½,‚È‚µ
Þ“,ŽÔã‚Ë‚ç‚¢,¼‹{,b•‹´,282049,•ºŒÉŒ§,¼‹{Žs,’iã’¬‚U’š–Ú,2018-09-16,21,’“ŽÔi—Öjê,Ž{ù‚µ‚½,‚È‚µ
Þ“,ŽÔã‚Ë‚ç‚¢,¼‹{,b•‹´,282049,•ºŒÉŒ§,¼‹{Žs,’iã’¬‚U’š–Ú,2018-10-03,14,‚»‚Ì‘¼,Ž{ù‚µ‚½,‚È‚µ
Þ“,ŽÔã‚Ë‚ç‚¢,¼‹{,b•‹´,282049,•ºŒÉŒ§,¼‹{Žs,”óƒmŒû’¬‚P’š–Ú,2018-09-18,22,‚»‚Ì‘¼‚ÌZ‘îi‚RŠKŒš‚ÄˆÈ‰º‹¤“¯Z‘î“™j,Ž{ù‚µ‚½,‚È‚µ
Þ“,ŽÔã‚Ë‚ç‚¢,¼‹{,b“Œ‰€,282049,•ºŒÉŒ§,¼‹{Žs,ãƒPŒ´\”Ô’¬,2018-01-15,15,’“ŽÔi—Öjê,Ž{ù‚µ‚½,‚È‚µ
Þ“,ŽÔã‚Ë‚ç‚¢,¼‹{,b“Œ‰€,282049,•ºŒÉŒ§,¼‹{Žs,’iã’¬‚T’š–Ú,2018-10-12,18,‚SŠKŒš‚ÄˆÈã‹¤“¯Z‘î,Ž{ù‚µ‚½,‚È‚µ
Þ“,ŽÔã‚Ë‚ç‚¢,¼‹{,b“Œ‰€,282049,•ºŒÉŒ§,¼‹{Žs,mì’¬‚P’š–Ú,2018-08-22,10,’“ŽÔi—Öjê,Ž{ù‚µ‚½,‚ ‚è
Þ“,ŽÔã‚Ë‚ç‚¢,¼‹{,b“Œ‰€,282049,•ºŒÉŒ§,¼‹{Žs,mì’¬‚R’š–Ú,2018-01-14,14,’“ŽÔi—Öjê,Ž{ù‚µ‚½,‚È‚µ
Þ“,ŽÔã‚Ë‚ç‚¢,¼‹{,b“Œ‰€,282049,•ºŒÉŒ§,¼‹{Žs,”óƒmŒû’¬‚Q’š–Ú,2018-09-22,22,’“ŽÔi—Öjê,Ž{ù‚µ‚½,‚ ‚è
Þ“,ŽÔã‚Ë‚ç‚¢,¼‹{,ŽRŒû,282049,•ºŒÉŒ§,¼‹{Žs,ŽRŒû’¬ãŽRŒû‚Q’š–Ú,2018-07-08,00,‚»‚Ì‘¼,Ž{ù‚µ‚½,‚È‚µ
Þ“,ŽÔã‚Ë‚ç‚¢,¼‹{,ŽRŒû,282049,•ºŒÉŒ§,¼‹{Žs,ŽRŒû’¬–¼—ˆ‚Q’š–Ú,2018-02-22,05,’“ŽÔi—Öjê,Ž{ù‚µ‚½,‚È‚µ
Þ“,ŽÔã‚Ë‚ç‚¢,¼‹{,ŽRŒû,282049,•ºŒÉŒ§,¼‹{Žs,ŽRŒû’¬–¼—ˆ‚Q’š–Ú,2018-11-07,17,‚»‚Ì‘¼,Ž{ù‚µ‚½,‚È‚µ
Þ“,ŽÔã‚Ë‚ç‚¢,¼‹{,ŽRŒû,282049,•ºŒÉŒ§,¼‹{Žs,–k˜Zb‘ä‚P’š–Ú,2018-03-16,21,“¹˜Hã,Ž{ù‚µ‚½,‚È‚µ
Þ“,ŽÔã‚Ë‚ç‚¢,bŽq‰€,–{‹½,282049,•ºŒÉŒ§,¼‹{Žs,’rŠJ’¬,2018-03-20,15,’“ŽÔi—Öjê,Ž{ù‚µ‚½,‚È‚µ
Þ“,ŽÔã‚Ë‚ç‚¢,bŽq‰€,–{‹½,282049,•ºŒÉŒ§,¼‹{Žs,’rŠJ’¬,2018-03-20,18,’“ŽÔi—Öjê,Ž{ù‚µ‚½,‚È‚µ
Þ“,ŽÔã‚Ë‚ç‚¢,bŽq‰€,–{‹½,282049,•ºŒÉŒ§,¼‹{Žs,’rŠJ’¬,2018-06-01,15,’“ŽÔi—Öjê,Ž{ù‚µ‚½,‚È‚µ
Þ“,ŽÔã‚Ë‚ç‚¢,bŽq‰€,–{‹½,282049,•ºŒÉŒ§,¼‹{Žs,bŽq‰€Žµ”Ô’¬,2018-09-16,20,’“ŽÔi—Öjê,Ž{ù‚µ‚½,‚È‚µ
Þ“,ŽÔã‚Ë‚ç‚¢,bŽq‰€,–{‹½,282049,•ºŒÉŒ§,¼‹{Žs,bŽq‰€Žµ”Ô’¬,2018-10-16,19,‚»‚Ì‘¼,Ž{ù‚µ‚½,‚ ‚è
Þ“,ŽÔã‚Ë‚ç‚¢,bŽq‰€,–{‹½,282049,•ºŒÉŒ§,¼‹{Žs,–Â”ö’¬‚P’š–Ú,2018-08-22,01,“¹˜Hã,Ž{ù‚µ‚½,‚ ‚è
Þ“,ŽÔã‚Ë‚ç‚¢,bŽq‰€,–{‹½,282049,•ºŒÉŒ§,¼‹{Žs,–Â”ö’¬‚T’š–Ú,2018-03-29,00,“¹˜Hã,Ž{ù‚µ‚½,‚ ‚è
Þ“,ŽÔã‚Ë‚ç‚¢,bŽq‰€,–{‹½,282049,•ºŒÉŒ§,¼‹{Žs,•ŒÉì’¬,2018-01-15,08,’“ŽÔi—Öjê,Ž{ù‚µ‚½,‚È‚µ
Þ“,ŽÔã‚Ë‚ç‚¢,bŽq‰€,–{‹½,282049,•ºŒÉŒ§,¼‹{Žs,•ŒÉì’¬,2018-09-16,09,’“ŽÔi—Öjê,Ž{ù‚µ‚½,‚È‚µ
Þ“,ŽÔã‚Ë‚ç‚¢,bŽq‰€,¬¼,282049,•ºŒÉŒ§,¼‹{Žs,¬‘]ª’¬‚S’š–Ú,2018-09-03,09,’“ŽÔi—Öjê,Ž{ù‚µ‚½,‚È‚µ
Þ“,ŽÔã‚Ë‚ç‚¢,bŽq‰€,¬¼,282049,•ºŒÉŒ§,¼‹{Žs,¬¼–k’¬‚P’š–Ú,2018-05-06,17,’“ŽÔi—Öjê,Ž{ù‚µ‚½,‚È‚µ
Þ“,ŽÔã‚Ë‚ç‚¢,bŽq‰€,¬¼,282049,•ºŒÉŒ§,¼‹{Žs,¬¼–k’¬‚Q’š–Ú,2018-09-03,11,’“ŽÔi—Öjê,Ž{ù‚µ‚½,‚È‚µ
Þ“,ŽÔã‚Ë‚ç‚¢,bŽq‰€,¬¼,282049,•ºŒÉŒ§,¼‹{Žs,¬¼¼’¬‚P’š–Ú,2018-09-08,22,’“ŽÔi—Öjê,Ž{ù‚µ‚½,‚È‚µ
Þ“,ŽÔã‚Ë‚ç‚¢,bŽq‰€,¬¼,282049,•ºŒÉŒ§,¼‹{Žs,¬¼¼’¬‚Q’š–Ú,2018-05-11,23,’“ŽÔi—Öjê,Ž{ù‚µ‚½,‚È‚µ
Þ“,ŽÔã‚Ë‚ç‚¢,bŽq‰€,¬¼,282049,•ºŒÉŒ§,¼‹{Žs,¬¼“Œ’¬‚R’š–Ú,2017-12-24,18,’“ŽÔi—Öjê,Ž{ù‚µ‚½,‚È‚µ
Þ“,ŽÔã‚Ë‚ç‚¢,bŽq‰€,¬¼,282049,•ºŒÉŒ§,¼‹{Žs,¬¼“Œ’¬‚R’š–Ú,2018-01-08,08,’“ŽÔi—Öjê,Ž{ù‚µ‚½,‚È‚µ
Þ“,ŽÔã‚Ë‚ç‚¢,bŽq‰€,¬¼,282049,•ºŒÉŒ§,¼‹{Žs,¬¼’¬‚P’š–Ú,2018-03-15,02,’“ŽÔi—Öjê,Ž{ù‚µ‚½,‚È‚µ
Þ“,ŽÔã‚Ë‚ç‚¢,bŽq‰€,¬¼,282049,•ºŒÉŒ§,¼‹{Žs,¬¼’¬‚P’š–Ú,2018-09-03,20,’“ŽÔi—Öjê,Ž{ù‚µ‚½,‚È‚µ
Þ“,ŽÔã‚Ë‚ç‚¢,bŽq‰€,¬¼,282049,•ºŒÉŒ§,¼‹{Žs,¬¼’¬‚Q’š–Ú,2018-03-15,20,’“ŽÔi—Öjê,Ž{ù‚µ‚½,‚È‚µ
Þ“,ŽÔã‚Ë‚ç‚¢,bŽq‰€,¬¼,282049,•ºŒÉŒ§,¼‹{Žs,¬¼’¬‚Q’š–Ú,2018-09-03,19,’“ŽÔi—Öjê,Ž{ù‚µ‚½,‚È‚µ
Þ“,ŽÔã‚Ë‚ç‚¢,bŽq‰€,¬¼,282049,•ºŒÉŒ§,¼‹{Žs,—¢’†’¬‚P’š–Ú,2018-03-15,18,’“ŽÔi—Öjê,Ž{ù‚µ‚½,‚È‚µ
Þ“,ŽÔã‚Ë‚ç‚¢,bŽq‰€,ã“c,282049,•ºŒÉŒ§,¼‹{Žs,ã“c’†’¬,2018-01-14,15,’“ŽÔi—Öjê,Ž{ù‚µ‚½,‚È‚µ
Þ“,ŽÔã‚Ë‚ç‚¢,bŽq‰€,ã“c,282049,•ºŒÉŒ§,¼‹{Žs,ã“c’†’¬,2018-05-13,20,’“ŽÔi—Öjê,Ž{ù‚µ‚½,‚È‚µ
Þ“,ŽÔã‚Ë‚ç‚¢,bŽq‰€,ã“c,282049,•ºŒÉŒ§,¼‹{Žs,ã“c’†’¬,2018-08-22,01,“¹˜Hã,Ž{ù‚µ‚½,‚È‚µ
Þ“,ŽÔã‚Ë‚ç‚¢,bŽq‰€,ã“c,282049,•ºŒÉŒ§,¼‹{Žs,Š}‰®’¬,2018-08-17,18,’“ŽÔi—Öjê,Ž{ù‚µ‚½,‚È‚µ
Þ“,ŽÔã‚Ë‚ç‚¢,bŽq‰€,Ž}ì,282049,•ºŒÉŒ§,¼‹{Žs,Ž}ì’¬,2018-01-11,22,’“ŽÔi—Öjê,Ž{ù‚µ‚½,‚È‚µ
Þ“,ŽÔã‚Ë‚ç‚¢,bŽq‰€,Ž}ì,282049,•ºŒÉŒ§,¼‹{Žs,Ž}ì’¬,2018-01-12,09,’“ŽÔi—Öjê,Ž{ù‚µ‚½,‚È‚µ
Þ“,ŽÔã‚Ë‚ç‚¢,bŽq‰€,Ž}ì,282049,•ºŒÉŒ§,¼‹{Žs,Ž}ì’¬,2018-05-30,18,’“ŽÔi—Öjê,Ž{ù‚µ‚½,‚È‚µ
Þ“,ŽÔã‚Ë‚ç‚¢,bŽq‰€,Ž}ì,282049,•ºŒÉŒ§,¼‹{Žs,Ž}ì’¬,2018-09-15,15,’“ŽÔi—Öjê,Ž{ù‚µ‚½,‚È‚µ
Þ“,ŽÔã‚Ë‚ç‚¢,bŽq‰€,Ž}ì,282049,•ºŒÉŒ§,¼‹{Žs,Š}‰®’¬,2018-03-25,16,’“ŽÔi—Öjê,Ž{ù‚µ‚½,‚È‚µ
Þ“,ŽÔã‚Ë‚ç‚¢,bŽq‰€,Ž}ì,282049,•ºŒÉŒ§,¼‹{Žs,ŒÃì’¬,2018-05-30,20,’“ŽÔi—Öjê,Ž{ù‚µ‚½,‚È‚µ
Þ“,ŽÔã‚Ë‚ç‚¢,bŽq‰€,’†’Ã,282049,•ºŒÉŒ§,¼‹{Žs,bŽq‰€‹ã”Ô’¬,2018-01-11,23,’“ŽÔi—Öjê,Ž{ù‚µ‚½,‚È‚µ
Þ“,ŽÔã‚Ë‚ç‚¢,bŽq‰€,’†’Ã,282049,•ºŒÉŒ§,¼‹{Žs,bŽq‰€‚’ª’¬,2018-08-06,08,’“ŽÔi—Öjê,Ž{ù‚µ‚½,‚ ‚è
Þ“,ŽÔã‚Ë‚ç‚¢,bŽq‰€,’†’Ã,282049,•ºŒÉŒ§,¼‹{Žs,•lbŽq‰€‚Q’š–Ú,2018-01-12,18,’“ŽÔi—Öjê,Ž{ù‚µ‚½,‚È‚µ
Þ“,ŽÔã‚Ë‚ç‚¢,bŽq‰€,’†’Ã,282049,•ºŒÉŒ§,¼‹{Žs,•lbŽq‰€‚S’š–Ú,2018-01-12,16,’“ŽÔi—Öjê,Ž{ù‚µ‚½,‚È‚µ
Þ“,ŽÔã‚Ë‚ç‚¢,bŽq‰€,’†’Ã,282049,•ºŒÉŒ§,¼‹{Žs,•lbŽq‰€‚S’š–Ú,2018-02-25,16,’“ŽÔi—Öjê,Ž{ù‚µ‚½,‚È‚µ
Þ“,ŽÔã‚Ë‚ç‚¢,bŽq‰€,’†’Ã,282049,•ºŒÉŒ§,¼‹{Žs,•lbŽq‰€‚S’š–Ú,2018-03-13,08,’“ŽÔi—Öjê,Ž{ù‚µ‚½,‚È‚µ
Þ“,ŽÔã‚Ë‚ç‚¢,bŽq‰€,’†’Ã,282049,•ºŒÉŒ§,¼‹{Žs,•lbŽq‰€‚S’š–Ú,2018-03-15,21,’“ŽÔi—Öjê,Ž{ù‚µ‚½,‚È‚µ
Þ“,ŽÔã‚Ë‚ç‚¢,bŽq‰€,’†’Ã,282049,•ºŒÉŒ§,¼‹{Žs,“ìbŽq‰€‚P’š–Ú,2018-07-03,17,’“ŽÔi—Öjê,Ž{ù‚µ‚½,‚È‚µ
Þ“,ŽÔã‚Ë‚ç‚¢,bŽq‰€,’†’Ã,282049,•ºŒÉŒ§,¼‹{Žs,“ìbŽq‰€‚P’š–Ú,2018-08-07,19,’“ŽÔi—Öjê,Ž{ù‚µ‚½,‚È‚µ
Þ“,ŽÔã‚Ë‚ç‚¢,bŽq‰€,’†’Ã,282049,•ºŒÉŒ§,¼‹{Žs,“ìbŽq‰€‚R’š–Ú,2018-03-15,23,“¹˜Hã,Ž{ù‚µ‚½,‚È‚µ
Þ“,ŽÔã‚Ë‚ç‚¢,bŽq‰€,’†’Ã,282049,•ºŒÉŒ§,¼‹{Žs,bŽq‰€•l‚P’š–Ú,2018-03-08,21,’“ŽÔi—Öjê,Ž{ù‚µ‚½,‚ ‚è
Þ“,ŽÔã‚Ë‚ç‚¢,bŽq‰€,’†’Ã,282049,•ºŒÉŒ§,¼‹{Žs,bŽq‰€•l‚P’š–Ú,2018-03-21,21,’“ŽÔi—Öjê,Ž{ù‚µ‚½,‚È‚µ
Þ“,ŽÔã‚Ë‚ç‚¢,bŽq‰€,’†’Ã,282049,•ºŒÉŒ§,¼‹{Žs,bŽq‰€•l‚P’š–Ú,2018-04-03,21,’“ŽÔi—Öjê,Ž{ù‚µ‚½,‚È‚µ
Þ“,ŽÔã‚Ë‚ç‚¢,bŽq‰€,‰Y•—,282049,•ºŒÉŒ§,¼‹{Žs,¡’Ã–ì“c’¬,2018-06-17,19,’“ŽÔi—Öjê,Ž{ù‚µ‚½,‚ ‚è
Þ“,ŽÔã‚Ë‚ç‚¢,bŽq‰€,‰Y•—,282049,•ºŒÉŒ§,¼‹{Žs,ãbŽq‰€‚R’š–Ú,2018-07-25,04,“¹˜Hã,Ž{ù‚µ‚½,‚È‚µ
Þ“,ŽÔã‚Ë‚ç‚¢,bŽq‰€,ãbŽq‰€,282049,•ºŒÉŒ§,¼‹{Žs,bŽq‰€ŽO”Ô’¬,2018-03-03,05,’“ŽÔi—Öjê,Ž{ù‚µ‚½,‚È‚µ
Þ“,ŽÔã‚Ë‚ç‚¢,bŽq‰€,ãbŽq‰€,282049,•ºŒÉŒ§,¼‹{Žs,¬‘]ª’¬‚P’š–Ú,2018-03-17,07,’“ŽÔi—Öjê,Ž{ù‚µ‚½,‚È‚µ
Þ“,ŽÔã‚Ë‚ç‚¢,bŽq‰€,ãbŽq‰€,282049,•ºŒÉŒ§,¼‹{Žs,¬‘]ª’¬‚P’š–Ú,2018-04-15,18,’“ŽÔi—Öjê,Ž{ù‚µ‚½,‚È‚µ
Þ“,ŽÔã‚Ë‚ç‚¢,bŽq‰€,‚{,282049,•ºŒÉŒ§,¼‹{Žs,‚{’¬‚P’š–Ú,2018-01-23,21,’“ŽÔi—Öjê,Ž{ù‚µ‚½,‚È‚µ
Þ“,ŽÔã‚Ë‚ç‚¢,bŽq‰€,‚{,282049,•ºŒÉŒ§,¼‹{Žs,‚{’¬‚Q’š–Ú,2018-05-24,17,’“ŽÔi—Öjê,Ž{ù‚µ‚½,‚È‚µ
Þ“,ŽÔã‚Ë‚ç‚¢,bŽq‰€,‚{,282049,•ºŒÉŒ§,¼‹{Žs,‚{’¬‚Q’š–Ú,2018-05-24,18,’“ŽÔi—Öjê,Ž{ù‚µ‚½,‚È‚µ
Þ“,ŽÔã‚Ë‚ç‚¢,bŽq‰€,‚{,282049,•ºŒÉŒ§,¼‹{Žs,‚{’¬‚Q’š–Ú,2018-09-18,19,’“ŽÔi—Öjê,Ž{ù‚µ‚½,‚È‚µ
Þ“,ŽÔã‚Ë‚ç‚¢,bŽq‰€,‚{,282049,•ºŒÉŒ§,¼‹{Žs,‚{’¬‚Q’š–Ú,2018-09-27,17,’“ŽÔi—Öjê,Ž{ù‚µ‚½,‚È‚µ
Þ“,ŽÔã‚Ë‚ç‚¢,bŽq‰€,‚{,282049,•ºŒÉŒ§,¼‹{Žs,‚{’¬‚Q’š–Ú,2018-09-28,18,’“ŽÔi—Öjê,Ž{ù‚µ‚½,‚È‚µ
Þ“,ŽÔã‚Ë‚ç‚¢,bŽq‰€,‚{,282049,•ºŒÉŒ§,¼‹{Žs,–Â”ö•l‚P’š–Ú,2018-12-25,18,’“ŽÔi—Öjê,Ž{ù‚µ‚½,‚È‚µ
Þ“,ŽÔã‚Ë‚ç‚¢,“òè“ì,“Œ“ï”g,282022,•ºŒÉŒ§,“òèŽs,“Œ“ï”g’¬‚S’š–Ú,2018-02-28,18,’“ŽÔi—Öjê,Ž{ù‚µ‚½,‚È‚µ
Þ“,ŽÔã‚Ë‚ç‚¢,“òè“ì,“Œ“ï”g,282022,•ºŒÉŒ§,“òèŽs,“Œ“ï”g’¬‚S’š–Ú,2018-04-09,17,’“ŽÔi—Öjê,Ž{ù‚µ‚½,‚È‚µ
Þ“,ŽÔã‚Ë‚ç‚¢,“òè“ì,“Œ“ï”g,282022,•ºŒÉŒ§,“òèŽs,“Œ“ï”g’¬‚T’š–Ú,2018-06-11,20,’“ŽÔi—Öjê,Ž{ù‚µ‚½,‚È‚µ
Þ“,ŽÔã‚Ë‚ç‚¢,“òè“ì,“Œ“ï”g,282022,•ºŒÉŒ§,“òèŽs,“Œ“ï”g’¬‚T’š–Ú,2018-06-14,21,’“ŽÔi—Öjê,Ž{ù‚µ‚½,‚È‚µ
Þ“,ŽÔã‚Ë‚ç‚¢,“òè“ì,“Œ“ï”g,282022,•ºŒÉŒ§,“òèŽs,“Œ“ï”g’¬‚T’š–Ú,2018-10-08,01,’“ŽÔi—Öjê,Ž{ù‚µ‚½,‚È‚µ
Þ“,ŽÔã‚Ë‚ç‚¢,“òè“ì,“Œ“ï”g,282022,•ºŒÉŒ§,“òèŽs,“Œ“ï”g’¬‚T’š–Ú,2018-12-21,19,’“ŽÔi—Öjê,Ž{ù‚µ‚½,‚È‚µ
Þ“,ŽÔã‚Ë‚ç‚¢,“òè“ì,“Œ“ï”g,282022,•ºŒÉŒ§,“òèŽs,“Œ“ï”g’¬‚T’š–Ú,2018-12-21,22,’“ŽÔi—Öjê,Ž{ù‚µ‚½,‚È‚µ
Þ“,ŽÔã‚Ë‚ç‚¢,“òè“ì,“Œ“ï”g,282022,•ºŒÉŒ§,“òèŽs,“Œ“ï”g’¬‚T’š–Ú,2018-12-31,01,“¹˜Hã,Ž{ù‚µ‚½,‚È‚µ
Þ“,ŽÔã‚Ë‚ç‚¢,“òè“ì,¼“ï”g,282022,•ºŒÉŒ§,“òèŽs,“Œ“ï”g’¬‚Q’š–Ú,2018-01-27,00,’“ŽÔi—Öjê,Ž{ù‚µ‚½,‚È‚µ
Þ“,ŽÔã‚Ë‚ç‚¢,“òè“ì,¼“ï”g,282022,•ºŒÉŒ§,“òèŽs,“Œ“ï”g’¬‚Q’š–Ú,2018-01-30,16,’“ŽÔi—Öjê,Ž{ù‚µ‚½,‚È‚µ
Þ“,ŽÔã‚Ë‚ç‚¢,“òè“ì,º˜a’Ê,282022,•ºŒÉŒ§,“òèŽs,¼“ï”g’¬‚S’š–Ú,2018-09-17,22,’“ŽÔi—Öjê,Ž{ù‚µ‚½,‚È‚µ
Þ“,ŽÔã‚Ë‚ç‚¢,“òè“ì,º˜a’Ê,282022,•ºŒÉŒ§,“òèŽs,¼“ï”g’¬‚S’š–Ú,2018-09-20,06,’“ŽÔi—Öjê,Ž{ù‚µ‚½,‚È‚µ
Þ“,ŽÔã‚Ë‚ç‚¢,“òè“ì,º˜a’Ê,282022,•ºŒÉŒ§,“òèŽs,¼“ï”g’¬‚S’š–Ú,2018-09-20,15,’“ŽÔi—Öjê,Ž{ù‚µ‚½,‚È‚µ
Þ“,ŽÔã‚Ë‚ç‚¢,“òè“ì,’|’J,282022,•ºŒÉŒ§,“òèŽs,_“c–k’Ê‚V’š–Ú,2018-06-15,21,’“ŽÔi—Öjê,Ž{ù‚µ‚½,‚ ‚è
Þ“,ŽÔã‚Ë‚ç‚¢,“òè“ì,’|’J,282022,•ºŒÉŒ§,“òèŽs,_“c’†’Ê‚U’š–Ú,2018-01-07,17,’“ŽÔi—Öjê,Ž{ù‚µ‚½,‚È‚µ
Þ“,ŽÔã‚Ë‚ç‚¢,“òè“ì,’|’J,282022,•ºŒÉŒ§,“òèŽs,_“c’†’Ê‚V’š–Ú,2018-01-18,20,’“ŽÔi—Öjê,Ž{ù‚µ‚½,‚È‚µ
Þ“,ŽÔã‚Ë‚ç‚¢,“òè“ì,’|’J,282022,•ºŒÉŒ§,“òèŽs,_“c“ì’Ê‚S’š–Ú,2018-01-13,13,’“ŽÔi—Öjê,Ž{ù‚µ‚½,‚È‚µ
Þ“,ŽÔã‚Ë‚ç‚¢,“òè“ì,’|’J,282022,•ºŒÉŒ§,“òèŽs,_“c“ì’Ê‚U’š–Ú,2018-01-08,19,’“ŽÔi—Öjê,Ž{ù‚µ‚½,‚È‚µ
Þ“,ŽÔã‚Ë‚ç‚¢,“òè“ì,’|’J,282022,•ºŒÉŒ§,“òèŽs,Œº”Ô–k”V’¬,2018-11-18,20,“¹˜Hã,Ž{ù‚µ‚½,‚È‚µ
Þ“,ŽÔã‚Ë‚ç‚¢,“òè“ì,’|’J,282022,•ºŒÉŒ§,“òèŽs,º˜a“ì’Ê‚W’š–Ú,2018-01-18,20,’“ŽÔi—Öjê,Ž{ù‚µ‚½,‚È‚µ
Þ“,ŽÔã‚Ë‚ç‚¢,“òè“ì,o‰®•~,282022,•ºŒÉŒ§,“òèŽs,Œº”Ô“ì”V’¬,2018-01-14,22,’“ŽÔi—Öjê,Ž{ù‚µ‚½,‚È‚µ
Þ“,ŽÔã‚Ë‚ç‚¢,“òè“ì,o‰®•~,282022,•ºŒÉŒ§,“òèŽs,Œº”Ô“ì”V’¬,2018-01-16,00,’“ŽÔi—Öjê,Ž{ù‚µ‚½,‚È‚µ
Þ“,ŽÔã‚Ë‚ç‚¢,“òè“ì,o‰®•~,282022,•ºŒÉŒ§,“òèŽs,Œº”Ô“ì”V’¬,2018-01-16,22,’“ŽÔi—Öjê,Ž{ù‚µ‚½,‚È‚µ
Þ“,ŽÔã‚Ë‚ç‚¢,“òè“ì,o‰®•~,282022,•ºŒÉŒ§,“òèŽs,¼–{’¬‚R’š–Ú,2018-09-13,21,’“ŽÔi—Öjê,Ž{ù‚µ‚½,‚È‚µ
Þ“,ŽÔã‚Ë‚ç‚¢,“òè“ì,o‰®•~,282022,•ºŒÉŒ§,“òèŽs,¼–{’¬‚V’š–Ú,2018-01-17,20,’“ŽÔi—Öjê,Ž{ù‚µ‚½,‚ ‚è
Þ“,ŽÔã‚Ë‚ç‚¢,“òè“ì,o‰®•~,282022,•ºŒÉŒ§,“òèŽs,“ì’|’J’¬‚R’š–Ú,2018-08-16,18,’“ŽÔi—Öjê,Ž{ù‚µ‚½,‚È‚µ
Þ“,ŽÔã‚Ë‚ç‚¢,“òè“ì,’†‰›,282022,•ºŒÉŒ§,“òèŽs,ŠJ–¾’¬‚P’š–Ú,2018-05-06,04,’“ŽÔi—Öjê,Ž{ù‚µ‚½,‚È‚µ
Þ“,ŽÔã‚Ë‚ç‚¢,“òè“ì,’†‰›,282022,•ºŒÉŒ§,“òèŽs,ŠJ–¾’¬‚P’š–Ú,2018-12-20,18,’“ŽÔi—Öjê,Ž{ù‚µ‚½,‚È‚µ
Þ“,ŽÔã‚Ë‚ç‚¢,“òè“ì,’†‰›,282022,•ºŒÉŒ§,“òèŽs,ŠJ–¾’¬‚P’š–Ú,2018-12-21,20,’“ŽÔi—Öjê,Ž{ù‚µ‚½,‚È‚µ
Þ“,ŽÔã‚Ë‚ç‚¢,“òè“ì,’†‰›,282022,•ºŒÉŒ§,“òèŽs,ŠJ–¾’¬‚Q’š–Ú,2018-07-23,02,’“ŽÔi—Öjê,Ž{ù‚µ‚½,‚ ‚è
Þ“,ŽÔã‚Ë‚ç‚¢,“òè“ì,’†‰›,282022,•ºŒÉŒ§,“òèŽs,ŠJ–¾’¬‚R’š–Ú,2018-01-17,00,’“ŽÔi—Öjê,Ž{ù‚µ‚½,‚È‚µ
Þ“,ŽÔã‚Ë‚ç‚¢,“òè“ì,’†‰›,282022,•ºŒÉŒ§,“òèŽs,ŠJ–¾’¬‚R’š–Ú,2018-01-19,20,’“ŽÔi—Öjê,Ž{ù‚µ‚½,‚ ‚è
Þ“,ŽÔã‚Ë‚ç‚¢,“òè“ì,’†‰›,282022,•ºŒÉŒ§,“òèŽs,_“c–k’Ê‚R’š–Ú,2018-06-14,14,’“ŽÔi—Öjê,Ž{ù‚µ‚½,‚È‚µ
Þ“,ŽÔã‚Ë‚ç‚¢,“òè“ì,’†‰›,282022,•ºŒÉŒ§,“òèŽs,_“c–k’Ê‚R’š–Ú,2018-10-07,20,’“ŽÔi—Öjê,Ž{ù‚µ‚½,‚È‚µ
Þ“,ŽÔã‚Ë‚ç‚¢,“òè“ì,’†‰›,282022,•ºŒÉŒ§,“òèŽs,Ž¬’¬,2018-01-15,21,’“ŽÔi—Öjê,Ž{ù‚µ‚½,‚ ‚è
Þ“,ŽÔã‚Ë‚ç‚¢,“òè“ì,’†‰›,282022,•ºŒÉŒ§,“òèŽs,º˜a’Ê‚T’š–Ú,2018-08-18,21,’“ŽÔi—Öjê,Ž{ù‚µ‚½,‚È‚µ
Þ“,ŽÔã‚Ë‚ç‚¢,“òè“ì,’†‰›,282022,•ºŒÉŒ§,“òèŽs,º˜a“ì’Ê‚R’š–Ú,2018-06-11,19,’“ŽÔi—Öjê,Ž{ù‚µ‚½,‚È‚µ
Þ“,ŽÔã‚Ë‚ç‚¢,“òè“ì,’†‰›,282022,•ºŒÉŒ§,“òèŽs,º˜a“ì’Ê‚S’š–Ú,2018-06-11,20,’“ŽÔi—Öjê,Ž{ù‚µ‚½,‚ ‚è
Þ“,ŽÔã‚Ë‚ç‚¢,“òè“ì,’†‰›,282022,•ºŒÉŒ§,“òèŽs,Œš‰Æ’¬,2018-09-25,16,’“ŽÔi—Öjê,Ž{ù‚µ‚½,‚È‚µ
Þ“,ŽÔã‚Ë‚ç‚¢,“òè“ì,’†‰›,282022,•ºŒÉŒ§,“òèŽs,¼–{’¬‚Q’š–Ú,2018-01-19,00,’“ŽÔi—Öjê,Ž{ù‚µ‚½,‚È‚µ
Þ“,ŽÔã‚Ë‚ç‚¢,“òè“ì,’†‰›,282022,•ºŒÉŒ§,“òèŽs,¼–{’¬‚R’š–Ú,2018-03-20,18,’“ŽÔi—Öjê,Ž{ù‚µ‚½,‚È‚µ
Þ“,ŽÔã‚Ë‚ç‚¢,“òè“ì,’†‰›,282022,•ºŒÉŒ§,“òèŽs,¼–{’¬–k’Ê‚R’š–Ú,2018-03-18,17,’“ŽÔi—Öjê,Ž{ù‚µ‚½,‚È‚µ
Þ“,ŽÔã‚Ë‚ç‚¢,“òè“ì,’†‰›,282022,•ºŒÉŒ§,“òèŽs,¼–{’¬–k’Ê‚R’š–Ú,2018-05-10,20,’“ŽÔi—Öjê,Ž{ù‚µ‚½,‚È‚µ
Þ“,ŽÔã‚Ë‚ç‚¢,“òè“ì,’†‰›,282022,•ºŒÉŒ§,“òèŽs,¼–{’¬–k’Ê‚S’š–Ú,2018-03-17,17,’“ŽÔi—Öjê,Ž{ù‚µ‚½,‚È‚µ
Þ“,ŽÔã‚Ë‚ç‚¢,“òè“ì,’†‰›,282022,•ºŒÉŒ§,“òèŽs,¼–{’¬–k’Ê‚T’š–Ú,2018-12-20,17,’“ŽÔi—Öjê,Ž{ù‚µ‚½,‚È‚µ
Þ“,ŽÔã‚Ë‚ç‚¢,“òè“ì,’†‰›,282022,•ºŒÉŒ§,“òèŽs,¼Œä‰€’¬,2018-01-15,20,’“ŽÔi—Öjê,Ž{ù‚µ‚½,‚È‚µ
Þ“,ŽÔã‚Ë‚ç‚¢,“òè“ì,’†‰›,282022,•ºŒÉŒ§,“òèŽs,¼Œä‰€’¬,2018-01-15,20,’“ŽÔi—Öjê,Ž{ù‚µ‚½,‚ ‚è
Þ“,ŽÔã‚Ë‚ç‚¢,“òè“ì,’†‰›,282022,•ºŒÉŒ§,“òèŽs,¼Œä‰€’¬,2018-05-02,10,’“ŽÔi—Öjê,Ž{ù‚µ‚½,‚È‚µ
Þ“,ŽÔã‚Ë‚ç‚¢,“òè“ì,’†‰›,282022,•ºŒÉŒ§,“òèŽs,¼Œä‰€’¬,2018-05-06,19,’“ŽÔi—Öjê,Ž{ù‚µ‚½,‚È‚µ
Þ“,ŽÔã‚Ë‚ç‚¢,“òè“ì,’†‰›,282022,•ºŒÉŒ§,“òèŽs,“Œ÷–Ø’¬,2018-11-12,22,’“ŽÔi—Öjê,Ž{ù‚µ‚½,‚ ‚è
Þ“,ŽÔã‚Ë‚ç‚¢,“òè“ì,’†‰›,282022,•ºŒÉŒ§,“òèŽs,’z’n‚S’š–Ú,2018-05-06,11,’“ŽÔi—Öjê,Ž{ù‚µ‚½,‚È‚µ
Þ“,ŽÔã‚Ë‚ç‚¢,“òè“ì,Œä’ƒ‰®‹´,282022,•ºŒÉŒ§,“òèŽs,,2018-05-06,16,’“ŽÔi—Öjê,Ž{ù‚µ‚½,‚È‚µ
Þ“,ŽÔã‚Ë‚ç‚¢,“òè“ì,Œä’ƒ‰®‹´,282022,•ºŒÉŒ§,“òèŽs,’z’n‚Q’š–Ú,2018-05-06,20,’“ŽÔi—Öjê,Ž{ù‚µ‚½,‚È‚µ
Þ“,ŽÔã‚Ë‚ç‚¢,“òè“ì,‘å•¨,282022,•ºŒÉŒ§,“òèŽs,º˜a’Ê‚P’š–Ú,2018-03-03,14,’“ŽÔi—Öjê,Ž{ù‚µ‚½,‚È‚µ
Þ“,ŽÔã‚Ë‚ç‚¢,“òè“ì,‘å•¨,282022,•ºŒÉŒ§,“òèŽs,‘å•¨’¬‚P’š–Ú,2018-02-17,17,’“ŽÔi—Öjê,Ž{ù‚µ‚½,‚È‚µ
Þ“,ŽÔã‚Ë‚ç‚¢,“òè“ì,‘å•¨,282022,•ºŒÉŒ§,“òèŽs,“Œ‘å•¨’¬‚P’š–Ú,2018-01-15,15,’“ŽÔi—Öjê,Ž{ù‚µ‚½,‚È‚µ
Þ“,ŽÔã‚Ë‚ç‚¢,“òè“ì,‘å“‡,282022,•ºŒÉŒ§,“òèŽs,ˆî—t‘‘‚P’š–Ú,2018-04-24,18,’“ŽÔi—Öjê,Ž{ù‚µ‚½,‚È‚µ
Þ“,ŽÔã‚Ë‚ç‚¢,“òè“ì,‘å“‡,282022,•ºŒÉŒ§,“òèŽs,ˆî—t‘‘‚P’š–Ú,2018-07-22,14,’“ŽÔi—Öjê,Ž{ù‚µ‚½,‚ ‚è
Þ“,ŽÔã‚Ë‚ç‚¢,“òè“ì,‘å“‡,282022,•ºŒÉŒ§,“òèŽs,•l“c’¬‚Q’š–Ú,2018-05-29,10,’“ŽÔi—Öjê,Ž{ù‚µ‚½,‚È‚µ
Þ“,ŽÔã‚Ë‚ç‚¢,“òè“ì,‘å“‡,282022,•ºŒÉŒ§,“òèŽs,•l“c’¬‚T’š–Ú,2018-10-03,04,“¹˜Hã,Ž{ù‚µ‚½,‚ ‚è
Þ“,ŽÔã‚Ë‚ç‚¢,“òè“ì,‘å“‡,282022,•ºŒÉŒ§,“òèŽs,•l“c’¬‚T’š–Ú,2018-10-07,22,’“ŽÔi—Öjê,Ž{ù‚µ‚½,‚È‚µ
Þ“,ŽÔã‚Ë‚ç‚¢,“òè“ì,‘å“‡,282022,•ºŒÉŒ§,“òèŽs,‘å¯–k‚P’š–Ú,2018-01-29,06,’“ŽÔi—Öjê,Ž{ù‚µ‚½,‚È‚µ
Þ“,ŽÔã‚Ë‚ç‚¢,“òè“ì,Žµ¼,282022,•ºŒÉŒ§,“òèŽs,Žµ¼’¬‚P’š–Ú,2018-10-19,13,‚SŠKŒš‚ÄˆÈã‹¤“¯Z‘î,Ž{ù‚µ‚½,‚È‚µ
Þ“,ŽÔã‚Ë‚ç‚¢,“òè“ì,ˆî—t‘‘,282022,•ºŒÉŒ§,“òèŽs,ˆî—t‘‘‚R’š–Ú,2018-06-09,20,’“ŽÔi—Öjê,Ž{ù‚µ‚½,‚È‚µ
Þ“,ŽÔã‚Ë‚ç‚¢,“òè“ì,ˆî—t‘‘,282022,•ºŒÉŒ§,“òèŽs,ˆî—t‘‘‚S’š–Ú,2018-04-05,19,’“ŽÔi—Öjê,Ž{ù‚µ‚½,‚È‚µ
Þ“,ŽÔã‚Ë‚ç‚¢,“òè“ì,ˆî—t‘‘,282022,•ºŒÉŒ§,“òèŽs,ˆî—tŒ³’¬‚Q’š–Ú,2018-01-29,17,’“ŽÔi—Öjê,Ž{ù‚µ‚½,‚È‚µ
Þ“,ŽÔã‚Ë‚ç‚¢,“òè“ì,ˆî—t‘‘,282022,•ºŒÉŒ§,“òèŽs,ˆî—tŒ³’¬‚Q’š–Ú,2018-01-29,20,’“ŽÔi—Öjê,Ž{ù‚µ‚½,‚È‚µ
Þ“,ŽÔã‚Ë‚ç‚¢,“òè“ì,ˆî—t‘‘,282022,•ºŒÉŒ§,“òèŽs,ˆî—tŒ³’¬‚Q’š–Ú,2018-04-20,19,’“ŽÔi—Öjê,Ž{ù‚µ‚½,‚È‚µ
Þ“,ŽÔã‚Ë‚ç‚¢,“òè“ì,ˆî—t‘‘,282022,•ºŒÉŒ§,“òèŽs,ˆî—tŒ³’¬‚Q’š–Ú,2018-04-20,23,’“ŽÔi—Öjê,Ž{ù‚µ‚½,‚È‚µ
Þ“,ŽÔã‚Ë‚ç‚¢,“òè“ì,‘å¯,282022,•ºŒÉŒ§,“òèŽs,‘å¯’†’Ê‚S’š–Ú,2018-01-08,18,’“ŽÔi—Öjê,Ž{ù‚µ‚½,‚È‚µ
Þ“,ŽÔã‚Ë‚ç‚¢,“òè“ì,‘å¯,282022,•ºŒÉŒ§,“òèŽs,‘å“‡‚R’š–Ú,2018-07-28,20,’“ŽÔi—Öjê,Ž{ù‚µ‚½,‚È‚µ
Þ“,ŽÔã‚Ë‚ç‚¢,“òè“ì,Œ³•l,282022,•ºŒÉŒ§,“òèŽs,––L’¬‚P’š–Ú,2018-05-18,22,’“ŽÔi—Öjê,Ž{ù‚µ‚½,‚È‚µ
Þ“,ŽÔã‚Ë‚ç‚¢,“òè“ì,Œ³•l,282022,•ºŒÉŒ§,“òèŽs,“¹ˆÓ’¬‚U’š–Ú,2018-09-25,18,‚»‚Ì‘¼‚ÌZ‘îi‚RŠKŒš‚ÄˆÈ‰º‹¤“¯Z‘î“™j,Ž{ù‚µ‚½,‚È‚µ
Þ“,ŽÔã‚Ë‚ç‚¢,“òè“ì,Œ³•l,282022,•ºŒÉŒ§,“òèŽs,“¹ˆÓ’¬‚V’š–Ú,2017-12-28,07,’“ŽÔi—Öjê,Ž{ù‚µ‚½,‚È‚µ
Þ“,ŽÔã‚Ë‚ç‚¢,“òè“ì,Œ³•l,282022,•ºŒÉŒ§,“òèŽs,“¹ˆÓ’¬‚V’š–Ú,2018-05-18,20,’“ŽÔi—Öjê,Ž{ù‚µ‚½,‚È‚µ
Þ“,ŽÔã‚Ë‚ç‚¢,“òè“ì,Œ³•l,282022,•ºŒÉŒ§,“òèŽs,•½¶‰q–å’¬,2018-04-30,20,“¹˜Hã,Ž{ù‚µ‚½,‚ ‚è
Þ“,ŽÔã‚Ë‚ç‚¢,“òè“ì,Œ³•l,282022,•ºŒÉŒ§,“òèŽs,Œ³•l’¬‚P’š–Ú,2018-09-23,18,’“ŽÔi—Öjê,Ž{ù‚µ‚½,‚È‚µ
Þ“,ŽÔã‚Ë‚ç‚¢,“òè“ì,Œ³•l,282022,•ºŒÉŒ§,“òèŽs,Œ³•l’¬‚P’š–Ú,2018-09-24,19,’“ŽÔi—Öjê,Ž{ù‚µ‚½,‚È‚µ
Þ“,ŽÔã‚Ë‚ç‚¢,“òè“ì,Œ³•l,282022,•ºŒÉŒ§,“òèŽs,Œ³•l’¬‚P’š–Ú,2018-09-24,20,’“ŽÔi—Öjê,Ž{ù‚µ‚½,‚È‚µ
Þ“,ŽÔã‚Ë‚ç‚¢,“òè“ì,Œ³•l,282022,•ºŒÉŒ§,“òèŽs,Œ³•l’¬‚P’š–Ú,2018-09-25,17,’“ŽÔi—Öjê,Ž{ù‚µ‚½,‚È‚µ
Þ“,ŽÔã‚Ë‚ç‚¢,“òè“ì,Œ³•l,282022,•ºŒÉŒ§,“òèŽs,Œ³•l’¬‚Q’š–Ú,2018-01-18,18,’“ŽÔi—Öjê,Ž{ù‚µ‚½,‚È‚µ
Þ“,ŽÔã‚Ë‚ç‚¢,“òè“ì,Œ³•l,282022,•ºŒÉŒ§,“òèŽs,Œ³•l’¬‚Q’š–Ú,2018-01-18,19,’“ŽÔi—Öjê,Ž{ù‚µ‚½,‚ ‚è
Þ“,ŽÔã‚Ë‚ç‚¢,“òè“ì,ƒZƒ“ƒ^[ƒv[ƒ‹‘O,282022,•ºŒÉŒ§,“òèŽs,‹Õ‰Y’¬,2018-03-19,23,’“ŽÔi—Öjê,Ž{ù‚µ‚½,‚È‚µ
Þ“,ŽÔã‚Ë‚ç‚¢,“òè“ì,ƒZƒ“ƒ^[ƒv[ƒ‹‘O,282022,•ºŒÉŒ§,“òèŽs,…–¾’¬,2018-12-30,10,’“ŽÔi—Öjê,Ž{ù‚µ‚½,‚ ‚è
Þ“,ŽÔã‚Ë‚ç‚¢,“òè“ì,ƒZƒ“ƒ^[ƒv[ƒ‹‘O,282022,•ºŒÉŒ§,“òèŽs,’“¿‰@‚R’š–Ú,2018-03-25,21,’“ŽÔi—Öjê,Ž{ù‚µ‚½,‚È‚µ
Þ“,ŽÔã‚Ë‚ç‚¢,“òè“ì,ƒZƒ“ƒ^[ƒv[ƒ‹‘O,282022,•ºŒÉŒ§,“òèŽs,’“¿‰@‚R’š–Ú,2018-03-27,20,’“ŽÔi—Öjê,Ž{ù‚µ‚½,‚È‚µ
Þ“,ŽÔã‚Ë‚ç‚¢,“òè“ì,ƒZƒ“ƒ^[ƒv[ƒ‹‘O,282022,•ºŒÉŒ§,“òèŽs,“¹ˆÓ’¬‚P’š–Ú,2018-01-11,18,’“ŽÔi—Öjê,Ž{ù‚µ‚½,‚È‚µ
Þ“,ŽÔã‚Ë‚ç‚¢,“òè“ì,ƒZƒ“ƒ^[ƒv[ƒ‹‘O,282022,•ºŒÉŒ§,“òèŽs,“¹ˆÓ’¬‚T’š–Ú,2018-01-06,18,’“ŽÔi—Öjê,Ž{ù‚µ‚½,‚È‚µ
Þ“,ŽÔã‚Ë‚ç‚¢,“òè“ì,ƒZƒ“ƒ^[ƒv[ƒ‹‘O,282022,•ºŒÉŒ§,“òèŽs,“¹ˆÓ’¬‚T’š–Ú,2018-04-01,22,’“ŽÔi—Öjê,Ž{ù‚µ‚½,‚È‚µ
Þ“,ŽÔã‚Ë‚ç‚¢,“òè“ì,ƒZƒ“ƒ^[ƒv[ƒ‹‘O,282022,•ºŒÉŒ§,“òèŽs,“¹ˆÓ’¬‚T’š–Ú,2018-04-05,17,’“ŽÔi—Öjê,Ž{ù‚µ‚½,‚È‚µ
Þ“,ŽÔã‚Ë‚ç‚¢,“òè“ì,ƒZƒ“ƒ^[ƒv[ƒ‹‘O,282022,•ºŒÉŒ§,“òèŽs,•ŒÉì’¬‚R’š–Ú,2018-05-01,18,’“ŽÔi—Öjê,Ž{ù‚µ‚½,‚È‚µ
Þ“,ŽÔã‚Ë‚ç‚¢,“òè“ì,ƒZƒ“ƒ^[ƒv[ƒ‹‘O,282022,•ºŒÉŒ§,“òèŽs,•ŒÉì’¬‚S’š–Ú,2018-05-01,20,’“ŽÔi—Öjê,Ž{ù‚µ‚½,‚È‚µ
Þ“,ŽÔã‚Ë‚ç‚¢,“òè“ì,ƒZƒ“ƒ^[ƒv[ƒ‹‘O,282022,•ºŒÉŒ§,“òèŽs,•ŒÉì’¬‚S’š–Ú,2018-05-01,20,’“ŽÔi—Öjê,Ž{ù‚µ‚½,‚È‚µ
Þ“,ŽÔã‚Ë‚ç‚¢,“òè“ì,ƒZƒ“ƒ^[ƒv[ƒ‹‘O,282022,•ºŒÉŒ§,“òèŽs,–Hì’¬,2018-03-25,22,’“ŽÔi—Öjê,Ž{ù‚µ‚½,‚È‚µ
Þ“,ŽÔã‚Ë‚ç‚¢,“òè“ì,ƒZƒ“ƒ^[ƒv[ƒ‹‘O,282022,•ºŒÉŒ§,“òèŽs,–Hì’¬,2018-03-25,23,’“ŽÔi—Öjê,Ž{ù‚µ‚½,‚È‚µ
Þ“,ŽÔã‚Ë‚ç‚¢,“òè“Œ,’·F,282022,•ºŒÉŒ§,“òèŽs,’·F¼’Ê‚Q’š–Ú,2018-10-18,20,‚»‚Ì‘¼,Ž{ù‚µ‚½,‚ ‚è
Þ“,ŽÔã‚Ë‚ç‚¢,“òè“Œ,’·F,282022,•ºŒÉŒ§,“òèŽs,’·F–{’Ê‚Q’š–Ú,2018-01-16,02,’“ŽÔi—Öjê,Ž{ù‚µ‚½,‚È‚µ
Þ“,ŽÔã‚Ë‚ç‚¢,“òè“Œ,ˆîì‹´,282022,•ºŒÉŒ§,“òèŽs,’·F’†’Ê‚R’š–Ú,2018-09-12,19,’“ŽÔi—Öjê,Ž{ù‚µ‚½,‚È‚µ
Þ“,ŽÔã‚Ë‚ç‚¢,“òè“Œ,ˆîì‹´,282022,•ºŒÉŒ§,“òèŽs,’·F“Œ’Ê‚R’š–Ú,2018-07-15,14,ˆêŒËŒšZ‘î,Ž{ù‚µ‚½,‚È‚µ
Þ“,ŽÔã‚Ë‚ç‚¢,“òè“Œ,Y£,282022,•ºŒÉŒ§,“òèŽs,Y£–kV’¬‚P’š–Ú,2018-12-01,19,’“ŽÔi—Öjê,Ž{ù‚µ‚½,‚È‚µ
Þ“,ŽÔã‚Ë‚ç‚¢,“òè“Œ,Y£,282022,•ºŒÉŒ§,“òèŽs,Y£–{’¬‚R’š–Ú,2018-10-08,00,’“ŽÔi—Öjê,Ž{ù‚µ‚½,‚È‚µ
Þ“,ŽÔã‚Ë‚ç‚¢,“òè“Œ,Y£,282022,•ºŒÉŒ§,“òèŽs,Y£“ìV’¬‚P’š–Ú,2018-08-21,21,’“ŽÔi—Öjê,Ž{ù‚µ‚½,‚È‚µ
Þ“,ŽÔã‚Ë‚ç‚¢,“òè“Œ,íŒõŽ›,282022,•ºŒÉŒ§,“òèŽs,íŒõŽ›‚P’š–Ú,2018-02-25,19,’“ŽÔi—Öjê,Ž{ù‚µ‚½,‚È‚µ
Þ“,ŽÔã‚Ë‚ç‚¢,“òè“Œ,íŒõŽ›,282022,•ºŒÉŒ§,“òèŽs,íŒõŽ›‚R’š–Ú,2018-09-13,08,’“ŽÔi—Öjê,Ž{ù‚µ‚½,‚È‚µ
Þ“,ŽÔã‚Ë‚ç‚¢,“òè“Œ,“òè‰w‘O,282022,•ºŒÉŒ§,“òèŽs,’·F’†’Ê‚P’š–Ú,2018-02-20,21,’“ŽÔi—Öjê,Ž{ù‚µ‚½,‚È‚µ
Þ“,ŽÔã‚Ë‚ç‚¢,“òè“Œ,“òè‰w‘O,282022,•ºŒÉŒ§,“òèŽs,’·F¼’Ê‚P’š–Ú,2018-09-26,20,’“ŽÔi—Öjê,Ž{ù‚µ‚½,‚È‚µ
Þ“,ŽÔã‚Ë‚ç‚¢,“òè“Œ,“òè‰w‘O,282022,•ºŒÉŒ§,“òèŽs,’·F–{’Ê‚P’š–Ú,2018-01-23,19,’“ŽÔi—Öjê,Ž{ù‚µ‚½,‚È‚µ
Þ“,ŽÔã‚Ë‚ç‚¢,“òè“Œ,’ª],282022,•ºŒÉŒ§,“òèŽs,’ª]‚S’š–Ú,2017-12-22,12,’“ŽÔi—Öjê,Ž{ù‚µ‚½,‚ ‚è
Þ“,ŽÔã‚Ë‚ç‚¢,“òè“Œ,’ª],282022,•ºŒÉŒ§,“òèŽs,ŽŸ‰®‚P’š–Ú,2018-03-16,22,’“ŽÔi—Öjê,Ž{ù‚µ‚½,‚È‚µ
Þ“,ŽÔã‚Ë‚ç‚¢,“òè“Œ,’ª],282022,•ºŒÉŒ§,“òèŽs,¼ì‚Q’š–Ú,2018-09-20,19,’“ŽÔi—Öjê,Ž{ù‚µ‚½,‚È‚µ
Þ“,ŽÔã‚Ë‚ç‚¢,“òè“Œ,’ª],282022,•ºŒÉŒ§,“òèŽs,•l‚Q’š–Ú,2018-03-04,21,’“ŽÔi—Öjê,Ž{ù‚µ‚½,‚È‚µ
Þ“,ŽÔã‚Ë‚ç‚¢,“òè“Œ,_è,282022,•ºŒÉŒ§,“òèŽs,_è’¬,2018-09-24,16,’“ŽÔi—Öjê,Ž{ù‚µ‚½,‚È‚µ
Þ“,ŽÔã‚Ë‚ç‚¢,“òè“Œ,_è,282022,•ºŒÉŒ§,“òèŽs,‘P–@Ž›’¬,2018-02-03,17,’“ŽÔi—Öjê,Ž{ù‚µ‚½,‚È‚µ
Þ“,ŽÔã‚Ë‚ç‚¢,“òè“Œ,_è,282022,•ºŒÉŒ§,“òèŽs,ŽŸ‰®‚P’š–Ú,2018-03-16,21,’“ŽÔi—Öjê,Ž{ù‚µ‚½,‚È‚µ
Þ“,ŽÔã‚Ë‚ç‚¢,“òè“Œ,_è,282022,•ºŒÉŒ§,“òèŽs,¼ì‚P’š–Ú,2018-12-16,12,“¹˜Hã,Ž{ù‚µ‚½,‚ ‚è
Þ“,ŽÔã‚Ë‚ç‚¢,“òè“Œ,_è,282022,•ºŒÉŒ§,“òèŽs,¼ì‚Q’š–Ú,2018-09-20,18,’“ŽÔi—Öjê,Ž{ù‚µ‚½,‚È‚µ
Þ“,ŽÔã‚Ë‚ç‚¢,“òè“Œ,_è,282022,•ºŒÉŒ§,“òèŽs,¼ì‚Q’š–Ú,2018-12-08,20,’“ŽÔi—Öjê,Ž{ù‚µ‚½,‚È‚µ
Þ“,ŽÔã‚Ë‚ç‚¢,“òè“Œ,_è,282022,•ºŒÉŒ§,“òèŽs,Šz“c’¬,2018-04-13,19,’“ŽÔi—Öjê,Ž{ù‚µ‚½,‚È‚µ
Þ“,ŽÔã‚Ë‚ç‚¢,“òè“Œ,_è,282022,•ºŒÉŒ§,“òèŽs,Šz“c’¬,2018-04-13,20,’“ŽÔi—Öjê,Ž{ù‚µ‚½,‚È‚µ
Þ“,ŽÔã‚Ë‚ç‚¢,“òè“Œ,_è,282022,•ºŒÉŒ§,“òèŽs,Šz“c’¬,2018-04-14,01,’“ŽÔi—Öjê,Ž{ù‚µ‚½,‚È‚µ
Þ“,ŽÔã‚Ë‚ç‚¢,“òè“Œ,_è,282022,•ºŒÉŒ§,“òèŽs,–í¶ƒP‹u’¬,2018-11-04,12,’“ŽÔi—Öjê,Ž{ù‚µ‚½,‚È‚µ
Þ“,ŽÔã‚Ë‚ç‚¢,“òè“Œ,‰ºâ•”,282022,•ºŒÉŒ§,“òèŽs,_è’¬,2018-09-26,22,’“ŽÔi—Öjê,Ž{ù‚µ‚½,‚È‚µ
Þ“,ŽÔã‚Ë‚ç‚¢,“òè“Œ,‰ºâ•”,282022,•ºŒÉŒ§,“òèŽs,‹vX’m‚Q’š–Ú,2018-02-01,06,’“ŽÔi—Öjê,Ž{ù‚µ‚½,‚È‚µ
Þ“,ŽÔã‚Ë‚ç‚¢,“òè“Œ,‰ºâ•”,282022,•ºŒÉŒ§,“òèŽs,‹vX’m¼’¬‚Q’š–Ú,2018-06-23,12,’“ŽÔi—Öjê,Ž{ù‚µ‚½,‚È‚µ
Þ“,ŽÔã‚Ë‚ç‚¢,“òè“Œ,‰ºâ•”,282022,•ºŒÉŒ§,“òèŽs,‰ºâ•”‚Q’š–Ú,2018-03-16,19,’“ŽÔi—Öjê,Ž{ù‚µ‚½,‚È‚µ
Þ“,ŽÔã‚Ë‚ç‚¢,“òè“Œ,‰ºâ•”,282022,•ºŒÉŒ§,“òèŽs,‰ºâ•”‚R’š–Ú,2018-03-16,20,’“ŽÔi—Öjê,Ž{ù‚µ‚½,‚È‚µ
Þ“,ŽÔã‚Ë‚ç‚¢,“òè“Œ,¼’·F,282022,•ºŒÉŒ§,“òèŽs,¼’·F’¬‚Q’š–Ú,2018-04-22,20,’“ŽÔi—Öjê,Ž{ù‚µ‚½,‚È‚µ
Þ“,ŽÔã‚Ë‚ç‚¢,“òè“Œ,ãâ•”,282022,•ºŒÉŒ§,“òèŽs,ãâ•”‚P’š–Ú,2018-02-20,22,’“ŽÔi—Öjê,Ž{ù‚µ‚½,‚È‚µ
Þ“,ŽÔã‚Ë‚ç‚¢,“òè“Œ,ãâ•”,282022,•ºŒÉŒ§,“òèŽs,ãâ•”‚P’š–Ú,2018-10-08,17,’“ŽÔi—Öjê,Ž{ù‚µ‚½,‚È‚µ
Þ“,ŽÔã‚Ë‚ç‚¢,“òè“Œ,ãâ•”,282022,•ºŒÉŒ§,“òèŽs,ãâ•”‚Q’š–Ú,2018-01-03,19,’“ŽÔi—Öjê,Ž{ù‚µ‚½,‚È‚µ
Þ“,ŽÔã‚Ë‚ç‚¢,“òè“Œ,ãâ•”,282022,•ºŒÉŒ§,“òèŽs,Š¢‹{‚Q’š–Ú,2018-06-29,20,’“ŽÔi—Öjê,Ž{ù‚µ‚½,‚È‚µ
Þ“,ŽÔã‚Ë‚ç‚¢,“òè“Œ,ãâ•”,282022,•ºŒÉŒ§,“òèŽs,¬’†“‡‚P’š–Ú,2018-06-24,20,’“ŽÔi—Öjê,Ž{ù‚µ‚½,‚È‚µ
Þ“,ŽÔã‚Ë‚ç‚¢,“òè“Œ,ãâ•”,282022,•ºŒÉŒ§,“òèŽs,¬’†“‡‚Q’š–Ú,2018-01-20,18,’“ŽÔi—Öjê,Ž{ù‚µ‚½,‚È‚µ
Þ“,ŽÔã‚Ë‚ç‚¢,“òè“Œ,ãâ•”,282022,•ºŒÉŒ§,“òèŽs,¬’†“‡‚R’š–Ú,2018-02-02,13,’“ŽÔi—Öjê,Ž{ù‚µ‚½,‚È‚µ
Þ“,ŽÔã‚Ë‚ç‚¢,“òè“Œ,ãâ•”,282022,•ºŒÉŒ§,“òèŽs,Žá‰¤Ž›‚Q’š–Ú,2018-01-06,16,’“ŽÔi—Öjê,Ž{ù‚µ‚½,‚È‚µ
Þ“,ŽÔã‚Ë‚ç‚¢,“òè“Œ,ãâ•”,282022,•ºŒÉŒ§,“òèŽs,Žá‰¤Ž›‚Q’š–Ú,2018-03-12,20,’“ŽÔi—Öjê,Ž{ù‚µ‚½,‚È‚µ
Þ“,ŽÔã‚Ë‚ç‚¢,“òè“Œ,ãâ•”,282022,•ºŒÉŒ§,“òèŽs,Žá‰¤Ž›‚R’š–Ú,2018-03-12,22,’“ŽÔi—Öjê,Ž{ù‚µ‚½,‚È‚µ
Þ“,ŽÔã‚Ë‚ç‚¢,“òè“Œ,ãâ•”,282022,•ºŒÉŒ§,“òèŽs,Žá‰¤Ž›‚R’š–Ú,2018-10-07,18,‚»‚Ì‘¼,Ž{ù‚µ‚½,‚ ‚è
Þ“,ŽÔã‚Ë‚ç‚¢,“òè“Œ,ãâ•”,282022,•ºŒÉŒ§,“òèŽs,“Œ’ËŒû’¬‚P’š–Ú,2018-01-01,17,’“ŽÔi—Öjê,Ž{ù‚µ‚½,‚È‚µ
Þ“,ŽÔã‚Ë‚ç‚¢,“òè“Œ,ãâ•”,282022,•ºŒÉŒ§,“òèŽs,“Œ’ËŒû’¬‚P’š–Ú,2018-06-19,09,’“ŽÔi—Öjê,Ž{ù‚µ‚½,‚È‚µ
Þ“,ŽÔã‚Ë‚ç‚¢,“òè“Œ,H–ž,282022,•ºŒÉŒ§,“òèŽs,Œû“c’†‚P’š–Ú,2018-01-14,12,’“ŽÔi—Öjê,Ž{ù‚µ‚½,‚È‚µ
Þ“,ŽÔã‚Ë‚ç‚¢,“òè“Œ,H–ž,282022,•ºŒÉŒ§,“òèŽs,¬’†“‡‚P’š–Ú,2018-04-13,18,’“ŽÔi—Öjê,Ž{ù‚µ‚½,‚È‚µ
Þ“,ŽÔã‚Ë‚ç‚¢,“òè“Œ,H–ž,282022,•ºŒÉŒ§,“òèŽs,Œä‰€‚P’š–Ú,2018-03-16,20,’“ŽÔi—Öjê,Ž{ù‚µ‚½,‚È‚µ
Þ“,ŽÔã‚Ë‚ç‚¢,“òè“Œ,H–ž,282022,•ºŒÉŒ§,“òèŽs,Œä‰€‚R’š–Ú,2018-10-12,19,’“ŽÔi—Öjê,Ž{ù‚µ‚½,‚È‚µ
Þ“,ŽÔã‚Ë‚ç‚¢,“òè“Œ,H–ž,282022,•ºŒÉŒ§,“òèŽs,H–ž‚R’š–Ú,2018-02-28,18,’“ŽÔi—Öjê,Ž{ù‚µ‚½,‚ ‚è
Þ“,ŽÔã‚Ë‚ç‚¢,“òè“Œ,H–ž,282022,•ºŒÉŒ§,“òèŽs,H–ž‚R’š–Ú,2018-04-01,03,’“ŽÔi—Öjê,Ž{ù‚µ‚½,‚È‚µ
Þ“,ŽÔã‚Ë‚ç‚¢,“òè“Œ,H–ž,282022,•ºŒÉŒ§,“òèŽs,H–ž‚T’š–Ú,2018-03-15,22,’“ŽÔi—Öjê,Ž{ù‚µ‚½,‚È‚µ
Þ“,ŽÔã‚Ë‚ç‚¢,“òè“Œ,‰€“c‰w‘O,282022,•ºŒÉŒ§,“òèŽs,“Œ‰€“c’¬‚P’š–Ú,2018-01-04,21,’“ŽÔi—Öjê,Ž{ù‚µ‚½,‚È‚µ
Þ“,ŽÔã‚Ë‚ç‚¢,“òè“Œ,‰€“c‰w‘O,282022,•ºŒÉŒ§,“òèŽs,“Œ‰€“c’¬‚P’š–Ú,2018-12-03,17,“¹˜Hã,Ž{ù‚µ‚½,‚ ‚è
Þ“,ŽÔã‚Ë‚ç‚¢,“òè“Œ,‰€“c‰w‘O,282022,•ºŒÉŒ§,“òèŽs,“Œ‰€“c’¬‚T’š–Ú,2018-08-22,18,’“ŽÔi—Öjê,Ž{ù‚µ‚½,‚È‚µ
Þ“,ŽÔã‚Ë‚ç‚¢,“òè“Œ,‰€“c‰w‘O,282022,•ºŒÉŒ§,“òèŽs,“Œ‰€“c’¬‚U’š–Ú,2018-04-30,10,’“ŽÔi—Öjê,Ž{ù‚µ‚½,‚È‚µ
Þ“,ŽÔã‚Ë‚ç‚¢,“òè“Œ,‰€“c‰w‘O,282022,•ºŒÉŒ§,“òèŽs,“Œ‰€“c’¬‚U’š–Ú,2018-04-30,11,’“ŽÔi—Öjê,Ž{ù‚µ‚½,‚È‚µ
Þ“,ŽÔã‚Ë‚ç‚¢,“òè“Œ,‰€“c‰w‘O,282022,•ºŒÉŒ§,“òèŽs,“Œ‰€“c’¬‚V’š–Ú,2018-02-28,03,“¹˜Hã,Ž{ù‚µ‚½,‚È‚µ
Þ“,ŽÔã‚Ë‚ç‚¢,“òè“Œ,‰€“c‰w‘O,282022,•ºŒÉŒ§,“òèŽs,“Œ‰€“c’¬‚W’š–Ú,2018-01-25,06,’“ŽÔi—Öjê,Ž{ù‚µ‚½,‚È‚µ
Þ“,ŽÔã‚Ë‚ç‚¢,“òè“Œ,‰€“c‰w‘O,282022,•ºŒÉŒ§,“òèŽs,“Œ‰€“c’¬‚X’š–Ú,2018-06-24,22,’“ŽÔi—Öjê,Ž{ù‚µ‚½,‚È‚µ
Þ“,ŽÔã‚Ë‚ç‚¢,“òè“Œ,ƒ‚ƒXƒŠƒ“‹´,282022,•ºŒÉŒ§,“òèŽs,ŒËƒm“à’¬‚P’š–Ú,2018-02-10,17,‚»‚Ì‘¼,Ž{ù‚µ‚½,‚È‚µ
Þ“,ŽÔã‚Ë‚ç‚¢,“òè“Œ,ƒ‚ƒXƒŠƒ“‹´,282022,•ºŒÉŒ§,“òèŽs,ŒËƒm“à’¬‚R’š–Ú,2018-01-05,16,’“ŽÔi—Öjê,Ž{ù‚µ‚½,‚È‚µ
Þ“,ŽÔã‚Ë‚ç‚¢,“òè“Œ,ƒ‚ƒXƒŠƒ“‹´,282022,•ºŒÉŒ§,“òèŽs,ŒËƒm“à’¬‚R’š–Ú,2018-02-15,13,’“ŽÔi—Öjê,Ž{ù‚µ‚½,‚È‚µ
Þ“,ŽÔã‚Ë‚ç‚¢,“òè“Œ,ƒ‚ƒXƒŠƒ“‹´,282022,•ºŒÉŒ§,“òèŽs,ŒËƒm“à’¬‚R’š–Ú,2018-04-14,18,’“ŽÔi—Öjê,Ž{ù‚µ‚½,‚È‚µ
Þ“,ŽÔã‚Ë‚ç‚¢,“òè“Œ,ƒ‚ƒXƒŠƒ“‹´,282022,•ºŒÉŒ§,“òèŽs,ŒËƒm“à’¬‚T’š–Ú,2018-01-05,23,“¹˜Hã,Ž{ù‚µ‚½,‚ ‚è
Þ“,ŽÔã‚Ë‚ç‚¢,“òè“Œ,‹£”nê‘O,282022,•ºŒÉŒ§,“òèŽs,’Å“°‚P’š–Ú,2018-01-20,17,’“ŽÔi—Öjê,Ž{ù‚µ‚½,‚È‚µ
Þ“,ŽÔã‚Ë‚ç‚¢,“òè“Œ,‹£”nê‘O,282022,•ºŒÉŒ§,“òèŽs,“c”\‚P’š–Ú,2018-03-01,01,’“ŽÔi—Öjê,Ž{ù‚µ‚½,‚È‚µ
Þ“,ŽÔã‚Ë‚ç‚¢,“òè“Œ,‹£”nê‘O,282022,•ºŒÉŒ§,“òèŽs,“c”\‚R’š–Ú,2018-04-21,23,’“ŽÔi—Öjê,Ž{ù‚µ‚½,‚È‚µ
Þ“,ŽÔã‚Ë‚ç‚¢,“òè“Œ,‹£”nê‘O,282022,•ºŒÉŒ§,“òèŽs,“c”\‚R’š–Ú,2018-05-04,18,’“ŽÔi—Öjê,Ž{ù‚µ‚½,‚È‚µ
Þ“,ŽÔã‚Ë‚ç‚¢,“òè“Œ,‹£”nê‘O,282022,•ºŒÉŒ§,“òèŽs,“c”\‚S’š–Ú,2018-01-16,19,’“ŽÔi—Öjê,Ž{ù‚µ‚½,‚È‚µ
Þ“,ŽÔã‚Ë‚ç‚¢,“òè“Œ,‹£”nê‘O,282022,•ºŒÉŒ§,“òèŽs,“c”\‚S’š–Ú,2018-06-17,18,’“ŽÔi—Öjê,Ž{ù‚µ‚½,‚È‚µ
Þ“,ŽÔã‚Ë‚ç‚¢,“òè“Œ,‹£”nê‘O,282022,•ºŒÉŒ§,“òèŽs,“c”\‚S’š–Ú,2018-06-19,21,’“ŽÔi—Öjê,Ž{ù‚µ‚½,‚È‚µ
Þ“,ŽÔã‚Ë‚ç‚¢,“òè“Œ,‹£”nê‘O,282022,•ºŒÉŒ§,“òèŽs,“Œ‰€“c’¬‚Q’š–Ú,2018-02-25,22,’“ŽÔi—Öjê,Ž{ù‚µ‚½,‚È‚µ
Þ“,ŽÔã‚Ë‚ç‚¢,“òè“Œ,‹£”nê‘O,282022,•ºŒÉŒ§,“òèŽs,“Œ‰€“c’¬‚R’š–Ú,2018-08-30,19,’“ŽÔi—Öjê,Ž{ù‚µ‚½,‚È‚µ
Þ“,ŽÔã‚Ë‚ç‚¢,“òè–k,ã‹}’ËŒû‰w‘O,282022,•ºŒÉŒ§,“òèŽs,“ì’ËŒû’¬‚R’š–Ú,2018-07-20,23,’“ŽÔi—Öjê,Ž{ù‚µ‚½,‚È‚µ
Þ“,ŽÔã‚Ë‚ç‚¢,“òè–k,ã‹}’ËŒû‰w‘O,282022,•ºŒÉŒ§,“òèŽs,“ì’ËŒû’¬‚S’š–Ú,2018-07-16,19,’“ŽÔi—Öjê,Ž{ù‚µ‚½,‚ ‚è
Þ“,ŽÔã‚Ë‚ç‚¢,“òè–k,ã‹}’ËŒû‰w‘O,282022,•ºŒÉŒ§,“òèŽs,“ì’ËŒû’¬‚S’š–Ú,2018-07-20,21,’“ŽÔi—Öjê,Ž{ù‚µ‚½,‚È‚µ
Þ“,ŽÔã‚Ë‚ç‚¢,“òè–k,ã‹}’ËŒû‰w‘O,282022,•ºŒÉŒ§,“òèŽs,“ì’ËŒû’¬‚S’š–Ú,2018-09-26,19,’“ŽÔi—Öjê,Ž{ù‚µ‚½,‚È‚µ
Þ“,ŽÔã‚Ë‚ç‚¢,“òè–k,ã‹}’ËŒû‰w‘O,282022,•ºŒÉŒ§,“òèŽs,“ì’ËŒû’¬‚U’š–Ú,2018-06-08,16,’“ŽÔi—Öjê,Ž{ù‚µ‚½,‚È‚µ
Þ“,ŽÔã‚Ë‚ç‚¢,“òè–k,ã‹}’ËŒû‰w‘O,282022,•ºŒÉŒ§,“òèŽs,“ì’ËŒû’¬‚U’š–Ú,2018-07-20,18,’“ŽÔi—Öjê,Ž{ù‚µ‚½,‚È‚µ
Þ“,ŽÔã‚Ë‚ç‚¢,“òè–k,ã‹}’ËŒû‰w‘O,282022,•ºŒÉŒ§,“òèŽs,“ì’ËŒû’¬‚W’š–Ú,2018-06-13,08,“¹˜Hã,Ž{ù‚µ‚½,‚ ‚è
Þ“,ŽÔã‚Ë‚ç‚¢,“òè–k,’ËŒû“Œ,282022,•ºŒÉŒ§,“òèŽs,’ËŒû–{’¬‚S’š–Ú,2018-11-22,19,’“ŽÔi—Öjê,Ž{ù‚µ‚½,‚È‚µ
Þ“,ŽÔã‚Ë‚ç‚¢,“òè–k,’ËŒû“Œ,282022,•ºŒÉŒ§,“òèŽs,’ËŒû–{’¬‚U’š–Ú,2018-06-16,12,’“ŽÔi—Öjê,Ž{ù‚µ‚½,‚È‚µ
Þ“,ŽÔã‚Ë‚ç‚¢,“òè–k,’ËŒû“Œ,282022,•ºŒÉŒ§,“òèŽs,’ËŒû–{’¬‚V’š–Ú,2018-06-24,20,’“ŽÔi—Öjê,Ž{ù‚µ‚½,‚È‚µ
Þ“,ŽÔã‚Ë‚ç‚¢,“òè–k,’ËŒû¼,282022,•ºŒÉŒ§,“òèŽs,’ËŒû’¬‚S’š–Ú,2018-10-24,00,’“ŽÔi—Öjê,Ž{ù‚µ‚½,‚È‚µ
Þ“,ŽÔã‚Ë‚ç‚¢,“òè–k,¶“‡,282022,•ºŒÉŒ§,“òèŽs,‘å¼’¬‚R’š–Ú,2018-04-20,19,’“ŽÔi—Öjê,Ž{ù‚µ‚½,‚È‚µ
Þ“,ŽÔã‚Ë‚ç‚¢,“òè–k,¶“‡,282022,•ºŒÉŒ§,“òèŽs,‘å¼’¬‚R’š–Ú,2018-10-04,20,“¹˜Hã,Ž{ù‚µ‚½,‚È‚µ
Þ“,ŽÔã‚Ë‚ç‚¢,“òè–k,¶“‡,282022,•ºŒÉŒ§,“òèŽs,ãƒm“‡’¬‚Q’š–Ú,2018-09-23,18,’“ŽÔi—Öjê,Ž{ù‚µ‚½,‚È‚µ
Þ“,ŽÔã‚Ë‚ç‚¢,“òè–k,’ËŒû–k,282022,•ºŒÉŒ§,“òèŽs,•x¼’¬‚R’š–Ú,2018-07-18,00,“¹˜Hã,Ž{ù‚µ‚½,‚È‚µ
Þ“,ŽÔã‚Ë‚ç‚¢,“òè–k,’ËŒû–k,282022,•ºŒÉŒ§,“òèŽs,•x¼’¬‚R’š–Ú,2018-09-18,13,’“ŽÔi—Öjê,Ž{ù‚µ‚½,‚È‚µ
Þ“,ŽÔã‚Ë‚ç‚¢,“òè–k,’ËŒû–k,282022,•ºŒÉŒ§,“òèŽs,•x¼’¬‚S’š–Ú,2017-12-23,12,’“ŽÔi—Öjê,Ž{ù‚µ‚½,‚È‚µ
Þ“,ŽÔã‚Ë‚ç‚¢,“òè–k,’ËŒû–k,282022,•ºŒÉŒ§,“òèŽs,•x¼’¬‚S’š–Ú,2017-12-29,19,’“ŽÔi—Öjê,Ž{ù‚µ‚½,‚È‚µ
Þ“,ŽÔã‚Ë‚ç‚¢,“òè–k,’ËŒû–k,282022,•ºŒÉŒ§,“òèŽs,•ŒÉ”V‘‘“Œ‚Q’š–Ú,2018-04-13,15,’“ŽÔi—Öjê,Ž{ù‚µ‚½,‚È‚µ
Þ“,ŽÔã‚Ë‚ç‚¢,“òè–k,’ËŒû–k,282022,•ºŒÉŒ§,“òèŽs,•ŒÉ”V‘‘–{’¬‚R’š–Ú,2018-03-15,17,‚»‚Ì‘¼,Ž{ù‚µ‚½,‚ ‚è
Þ“,ŽÔã‚Ë‚ç‚¢,“òè–k,•ŒÉ”V‘‘,282022,•ºŒÉŒ§,“òèŽs,“ì•ŒÉ”V‘‘‚P’š–Ú,2018-09-08,23,’“ŽÔi—Öjê,Ž{ù‚µ‚½,‚È‚µ
Þ“,ŽÔã‚Ë‚ç‚¢,“òè–k,•ŒÉ”V‘‘,282022,•ºŒÉŒ§,“òèŽs,•ŒÉ’¬‚P’š–Ú,2018-10-19,15,ˆêŒËŒšZ‘î,Ž{ù‚µ‚½,‚ ‚è
Þ“,ŽÔã‚Ë‚ç‚¢,“òè–k,•ŒÉ”V‘‘,282022,•ºŒÉŒ§,“òèŽs,•ŒÉ”V‘‘‚Q’š–Ú,2018-04-14,00,’“ŽÔi—Öjê,Ž{ù‚µ‚½,‚È‚µ
Þ“,ŽÔã‚Ë‚ç‚¢,“òè–k,•ŒÉ”V‘‘,282022,•ºŒÉŒ§,“òèŽs,•ŒÉ”V‘‘‚Q’š–Ú,2018-07-07,20,‚SŠKŒš‚ÄˆÈã‹¤“¯Z‘î,Ž{ù‚µ‚½,‚È‚µ
Þ“,ŽÔã‚Ë‚ç‚¢,“òè–k,•ŒÉ”V‘‘,282022,•ºŒÉŒ§,“òèŽs,•ŒÉ”V‘‘‚V’š–Ú,2018-01-05,17,’“ŽÔi—Öjê,Ž{ù‚µ‚½,‚È‚µ
Þ“,ŽÔã‚Ë‚ç‚¢,“òè–k,•ŒÉ”V‘‘,282022,•ºŒÉŒ§,“òèŽs,•ŒÉ”V‘‘¼‚Q’š–Ú,2018-07-30,20,’“ŽÔi—Öjê,Ž{ù‚µ‚½,‚È‚µ
Þ“,ŽÔã‚Ë‚ç‚¢,“òè–k,•ŒÉ”V‘‘,282022,•ºŒÉŒ§,“òèŽs,•ŒÉŒ³’¬‚Q’š–Ú,2018-05-04,12,’“ŽÔi—Öjê,Ž{ù‚µ‚½,‚È‚µ
Þ“,ŽÔã‚Ë‚ç‚¢,“òè–k,•ŒÉ”V‘‘,282022,•ºŒÉŒ§,“òèŽs,•ŒÉ–L’¬‚R’š–Ú,2018-10-05,23,’“ŽÔi—Öjê,Ž{ù‚µ‚½,‚È‚µ
Þ“,ŽÔã‚Ë‚ç‚¢,“òè–k,“ì•ŒÉ”V‘‘,282022,•ºŒÉŒ§,“òèŽs,…“°’¬‚S’š–Ú,2018-04-20,22,’“ŽÔi—Öjê,Ž{ù‚µ‚½,‚È‚µ
Þ“,ŽÔã‚Ë‚ç‚¢,“òè–k,“ì•ŒÉ”V‘‘,282022,•ºŒÉŒ§,“òèŽs,“ì•ŒÉ”V‘‘‚S’š–Ú,2018-01-08,23,’“ŽÔi—Öjê,Ž{ù‚µ‚½,‚È‚µ
Þ“,ŽÔã‚Ë‚ç‚¢,“òè–k,“ì•ŒÉ”V‘‘,282022,•ºŒÉŒ§,“òèŽs,“ì•ŒÉ”V‘‘‚S’š–Ú,2018-04-14,02,’“ŽÔi—Öjê,Ž{ù‚µ‚½,‚È‚µ
Þ“,ŽÔã‚Ë‚ç‚¢,“òè–k,“ì•ŒÉ”V‘‘,282022,•ºŒÉŒ§,“òèŽs,“ì•ŒÉ”V‘‘‚T’š–Ú,2018-05-22,13,’“ŽÔi—Öjê,Ž{ù‚µ‚½,‚È‚µ
Þ“,ŽÔã‚Ë‚ç‚¢,“òè–k,“ì•ŒÉ”V‘‘,282022,•ºŒÉŒ§,“òèŽs,“ì•ŒÉ”V‘‘‚U’š–Ú,2018-08-22,19,’“ŽÔi—Öjê,Ž{ù‚µ‚½,‚È‚µ
Þ“,ŽÔã‚Ë‚ç‚¢,“òè–k,“ì•ŒÉ”V‘‘,282022,•ºŒÉŒ§,“òèŽs,“ì•ŒÉ”V‘‘‚V’š–Ú,2018-04-30,23,’“ŽÔi—Öjê,Ž{ù‚µ‚½,‚È‚µ
Þ“,ŽÔã‚Ë‚ç‚¢,“òè–k,¼©—z,282022,•ºŒÉŒ§,“òèŽs,¼©—z‚R’š–Ú,2018-09-23,17,’“ŽÔi—Öjê,Ž{ù‚µ‚½,‚È‚µ
Þ“,ŽÔã‚Ë‚ç‚¢,“òè–k,¼•ŒÉ,282022,•ºŒÉŒ§,“òèŽs,í¼‚P’š–Ú,2018-09-23,20,’“ŽÔi—Öjê,Ž{ù‚µ‚½,‚È‚µ
Þ“,ŽÔã‚Ë‚ç‚¢,“òè–k,¼•ŒÉ,282022,•ºŒÉŒ§,“òèŽs,í¼‚P’š–Ú,2018-11-02,18,’“ŽÔi—Öjê,Ž{ù‚µ‚½,‚È‚µ
Þ“,ŽÔã‚Ë‚ç‚¢,“òè–k,¼•ŒÉ,282022,•ºŒÉŒ§,“òèŽs,•ŒÉ’¬‚Q’š–Ú,2018-05-06,22,“¹˜Hã,Ž{ù‚µ‚½,‚È‚µ
Þ“,ŽÔã‚Ë‚ç‚¢,“òè–k,¼•ŒÉ,282022,•ºŒÉŒ§,“òèŽs,•ŒÉŒ³’¬‚R’š–Ú,2018-06-19,19,’“ŽÔi—Öjê,Ž{ù‚µ‚½,‚È‚µ
Þ“,ŽÔã‚Ë‚ç‚¢,“òè–k,¼•ŒÉ,282022,•ºŒÉŒ§,“òèŽs,•ŒÉ–L’¬‚Q’š–Ú,2018-10-05,20,’“ŽÔi—Öjê,Ž{ù‚µ‚½,‚È‚µ
Þ“,ŽÔã‚Ë‚ç‚¢,“òè–k,¼•ŒÉ,282022,•ºŒÉŒ§,“òèŽs,•ŒÉ–L’¬‚R’š–Ú,2018-10-04,17,’“ŽÔi—Öjê,Ž{ù‚µ‚½,‚È‚µ
Þ“,ŽÔã‚Ë‚ç‚¢,“òè–k,”ö•l,282022,•ºŒÉŒ§,“òèŽs,”ö•l’¬‚P’š–Ú,2018-03-12,18,’“ŽÔi—Öjê,Ž{ù‚µ‚½,‚È‚µ
Þ“,ŽÔã‚Ë‚ç‚¢,“òè–k,”ö•l,282022,•ºŒÉŒ§,“òèŽs,”ö•l’¬‚P’š–Ú,2018-03-12,20,’“ŽÔi—Öjê,Ž{ù‚µ‚½,‚È‚µ
Þ“,ŽÔã‚Ë‚ç‚¢,“òè–k,”ö•l,282022,•ºŒÉŒ§,“òèŽs,”ö•l’¬‚Q’š–Ú,2018-03-03,21,’“ŽÔi—Öjê,Ž{ù‚µ‚½,‚ ‚è
Þ“,ŽÔã‚Ë‚ç‚¢,“òè–k,”ö•l,282022,•ºŒÉŒ§,“òèŽs,“ì’ËŒû’¬‚T’š–Ú,2018-06-08,17,’“ŽÔi—Öjê,Ž{ù‚µ‚½,‚È‚µ
Þ“,ŽÔã‚Ë‚ç‚¢,“òè–k,”ö•l,282022,•ºŒÉŒ§,“òèŽs,“ì’ËŒû’¬‚T’š–Ú,2018-06-08,18,’“ŽÔi—Öjê,Ž{ù‚µ‚½,‚È‚µ
Þ“,ŽÔã‚Ë‚ç‚¢,“òè–k,”ö•l,282022,•ºŒÉŒ§,“òèŽs,–¼_’¬‚P’š–Ú,2018-10-23,18,’“ŽÔi—Öjê,Ž{ù‚µ‚½,‚È‚µ
Þ“,ŽÔã‚Ë‚ç‚¢,“òè–k,”ö•l,282022,•ºŒÉŒ§,“òèŽs,ãƒm“‡’¬‚R’š–Ú,2017-12-29,19,’“ŽÔi—Öjê,Ž{ù‚µ‚½,‚ ‚è
Þ“,ŽÔã‚Ë‚ç‚¢,“òè–k,—§‰Ô‰w‘O,282022,•ºŒÉŒ§,“òèŽs,‘å¼’¬‚Q’š–Ú,2018-04-19,21,’“ŽÔi—Öjê,Ž{ù‚µ‚½,‚È‚µ
Þ“,ŽÔã‚Ë‚ç‚¢,“òè–k,—§‰Ô‰w‘O,282022,•ºŒÉŒ§,“òèŽs,ŽO”½“c’¬‚P’š–Ú,2018-10-19,19,’“ŽÔi—Öjê,Ž{ù‚µ‚½,‚È‚µ
Þ“,ŽÔã‚Ë‚ç‚¢,“òè–k,—§‰Ô‰w‘O,282022,•ºŒÉŒ§,“òèŽs,ŽO”½“c’¬‚Q’š–Ú,2018-10-12,17,’“ŽÔi—Öjê,Ž{ù‚µ‚½,‚È‚µ
Þ“,ŽÔã‚Ë‚ç‚¢,“òè–k,—§‰Ô‰w‘O,282022,•ºŒÉŒ§,“òèŽs,—§‰Ô’¬‚P’š–Ú,2018-08-27,17,’“ŽÔi—Öjê,Ž{ù‚µ‚½,‚È‚µ
Þ“,ŽÔã‚Ë‚ç‚¢,“òè–k,—§‰Ô‰w‘O,282022,•ºŒÉŒ§,“òèŽs,—§‰Ô’¬‚P’š–Ú,2018-09-07,23,’“ŽÔi—Öjê,Ž{ù‚µ‚½,‚È‚µ
Þ“,ŽÔã‚Ë‚ç‚¢,“òè–k,—§‰Ô‰w‘O,282022,•ºŒÉŒ§,“òèŽs,—§‰Ô’¬‚R’š–Ú,2018-09-26,18,’“ŽÔi—Öjê,Ž{ù‚µ‚½,‚ ‚è
Þ“,ŽÔã‚Ë‚ç‚¢,“òè–k,—§‰Ô‰w‘O,282022,•ºŒÉŒ§,“òèŽs,—§‰Ô’¬‚S’š–Ú,2018-10-04,20,’“ŽÔi—Öjê,Ž{ù‚µ‚½,‚È‚µ
Þ“,ŽÔã‚Ë‚ç‚¢,“òè–k,—§‰Ô‰w‘O,282022,•ºŒÉŒ§,“òèŽs,“ì•ŒÉ”V‘‘‚Q’š–Ú,2018-04-03,21,’“ŽÔi—Öjê,Ž{ù‚µ‚½,‚È‚µ
Þ“,ŽÔã‚Ë‚ç‚¢,ˆÉ’O,ã‹}‰w‘O,282073,•ºŒÉŒ§,ˆÉ’OŽs,ç‘m‚T’š–Ú,2018-10-03,20,’“ŽÔi—Öjê,Ž{ù‚µ‚½,‚È‚µ
Þ“,ŽÔã‚Ë‚ç‚¢,ˆÉ’O,ã‹}‰w‘O,282073,•ºŒÉŒ§,ˆÉ’OŽs,’†‰›‚U’š–Ú,2018-10-08,20,’“ŽÔi—Öjê,Ž{ù‚µ‚½,‚ ‚è
Þ“,ŽÔã‚Ë‚ç‚¢,ˆÉ’O,ã‹}‰w‘O,282073,•ºŒÉŒ§,ˆÉ’OŽs,¼‘ä‚R’š–Ú,2018-06-30,01,“¹˜Hã,Ž{ù‚µ‚½,‚ ‚è
Þ“,ŽÔã‚Ë‚ç‚¢,ˆÉ’O,ã‹}‰w‘O,282073,•ºŒÉŒ§,ˆÉ’OŽs,©—z“Œ‚P’š–Ú,2018-09-30,15,’“ŽÔi—Öjê,Ž{ù‚µ‚½,‚È‚µ
Þ“,ŽÔã‚Ë‚ç‚¢,ˆÉ’O,“ì–{’¬,282073,•ºŒÉŒ§,ˆÉ’OŽs,•½¼‚S’š–Ú,2018-01-16,19,’“ŽÔi—Öjê,Ž{ù‚µ‚½,‚È‚µ
Þ“,ŽÔã‚Ë‚ç‚¢,ˆÉ’O,“ì–{’¬,282073,•ºŒÉŒ§,ˆÉ’OŽs,•½¼‚S’š–Ú,2018-05-27,14,’“ŽÔi—Öjê,Ž{ù‚µ‚½,‚È‚µ
Þ“,ŽÔã‚Ë‚ç‚¢,ˆÉ’O,“ì–{’¬,282073,•ºŒÉŒ§,ˆÉ’OŽs,•½¼‚T’š–Ú,2018-08-05,12,’“ŽÔi—Öjê,Ž{ù‚µ‚½,‚È‚µ
Þ“,ŽÔã‚Ë‚ç‚¢,ˆÉ’O,“ì–{’¬,282073,•ºŒÉŒ§,ˆÉ’OŽs,•½¼‚U’š–Ú,2018-06-19,10,’“ŽÔi—Öjê,Ž{ù‚µ‚½,‚È‚µ
Þ“,ŽÔã‚Ë‚ç‚¢,ˆÉ’O,“ì–{’¬,282073,•ºŒÉŒ§,ˆÉ’OŽs,“ì’¬‚Q’š–Ú,2018-06-13,12,’“ŽÔi—Öjê,Ž{ù‚µ‚½,‚È‚µ
Þ“,ŽÔã‚Ë‚ç‚¢,ˆÉ’O,–ìŠÔ,282073,•ºŒÉŒ§,ˆÉ’OŽs,ŽÔ’Ë‚P’š–Ú,2017-12-30,00,’“ŽÔi—Öjê,Ž{ù‚µ‚½,‚È‚µ
Þ“,ŽÔã‚Ë‚ç‚¢,ˆÉ’O,–ìŠÔ,282073,•ºŒÉŒ§,ˆÉ’OŽs,–ìŠÔ‚S’š–Ú,2018-01-15,19,’“ŽÔi—Öjê,Ž{ù‚µ‚½,‚ ‚è
Þ“,ŽÔã‚Ë‚ç‚¢,ˆÉ’O,–ìŠÔ,282073,•ºŒÉŒ§,ˆÉ’OŽs,–ìŠÔ‚V’š–Ú,2018-06-07,18,’“ŽÔi—Öjê,Ž{ù‚µ‚½,‚ ‚è
Þ“,ŽÔã‚Ë‚ç‚¢,ˆÉ’O,–ìŠÔ,282073,•ºŒÉŒ§,ˆÉ’OŽs,–ìŠÔ‚W’š–Ú,2018-04-21,11,“¹˜Hã,Ž{ù‚µ‚½,‚ ‚è
Þ“,ŽÔã‚Ë‚ç‚¢,ˆÉ’O,–ìŠÔ,282073,•ºŒÉŒ§,ˆÉ’OŽs,“ì—éŒ´‚Q’š–Ú,2018-01-09,19,’“ŽÔi—Öjê,Ž{ù‚µ‚½,‚È‚µ
Þ“,ŽÔã‚Ë‚ç‚¢,ˆÉ’O,ˆÉ’O‰w‘O,282073,•ºŒÉŒ§,ˆÉ’OŽs,–k–{’¬‚P’š–Ú,2018-09-20,21,’“ŽÔi—Öjê,Ž{ù‚µ‚½,‚ ‚è
Þ“,ŽÔã‚Ë‚ç‚¢,ˆÉ’O,ˆÉ’O‰w‘O,282073,•ºŒÉŒ§,ˆÉ’OŽs,“¡ƒm–Ø‚R’š–Ú,2018-10-14,17,’“ŽÔi—Öjê,Ž{ù‚µ‚½,‚È‚µ
Þ“,ŽÔã‚Ë‚ç‚¢,ˆÉ’O,_’Ã,282073,•ºŒÉŒ§,ˆÉ’OŽs,Šâ‰®‚P’š–Ú,2018-10-08,08,’“ŽÔi—Öjê,Ž{ù‚µ‚½,‚È‚µ
Þ“,ŽÔã‚Ë‚ç‚¢,ˆÉ’O,_’Ã,282073,•ºŒÉŒ§,ˆÉ’OŽs,ŒûŽðˆä‚P’š–Ú,2018-04-21,23,’“ŽÔi—Öjê,Ž{ù‚µ‚½,‚È‚µ
Þ“,ŽÔã‚Ë‚ç‚¢,ˆÉ’O,_’Ã,282073,•ºŒÉŒ§,ˆÉ’OŽs,X–{‚Q’š–Ú,2018-01-12,23,’“ŽÔi—Öjê,Ž{ù‚µ‚½,‚È‚µ
Þ“,ŽÔã‚Ë‚ç‚¢,ˆÉ’O,_’Ã,282073,•ºŒÉŒ§,ˆÉ’OŽs,X–{‚Q’š–Ú,2018-05-21,21,’“ŽÔi—Öjê,Ž{ù‚µ‚½,‚È‚µ
Þ“,ŽÔã‚Ë‚ç‚¢,ˆÉ’O,_’Ã,282073,•ºŒÉŒ§,ˆÉ’OŽs,X–{‚R’š–Ú,2018-06-25,11,’“ŽÔi—Öjê,Ž{ù‚µ‚½,‚È‚µ
Þ“,ŽÔã‚Ë‚ç‚¢,ˆÉ’O,_’Ã,282073,•ºŒÉŒ§,ˆÉ’OŽs,X–{‚R’š–Ú,2018-06-25,22,’“ŽÔi—Öjê,Ž{ù‚µ‚½,‚È‚µ
Þ“,ŽÔã‚Ë‚ç‚¢,ˆÉ’O,_’Ã,282073,•ºŒÉŒ§,ˆÉ’OŽs,X–{‚S’š–Ú,2018-05-07,19,’“ŽÔi—Öjê,Ž{ù‚µ‚½,‚È‚µ
Þ“,ŽÔã‚Ë‚ç‚¢,ˆÉ’O,_’Ã,282073,•ºŒÉŒ§,ˆÉ’OŽs,X–{‚U’š–Ú,2018-09-03,19,’“ŽÔi—Öjê,Ž{ù‚µ‚½,‚È‚µ
Þ“,ŽÔã‚Ë‚ç‚¢,ˆÉ’O,_’Ã,282073,•ºŒÉŒ§,ˆÉ’OŽs,X–{‚W’š–Ú,2018-02-23,21,’“ŽÔi—Öjê,Ž{ù‚µ‚½,‚È‚µ
Þ“,ŽÔã‚Ë‚ç‚¢,ˆÉ’O,_’Ã,282073,•ºŒÉŒ§,ˆÉ’OŽs,ŒK’Ã‚Q’š–Ú,2018-05-20,11,’“ŽÔi—Öjê,Ž{ù‚µ‚½,‚È‚µ
Þ“,ŽÔã‚Ë‚ç‚¢,ˆÉ’O,–k‘º,282073,•ºŒÉŒ§,ˆÉ’OŽs,–k‰ÍŒ´‚R’š–Ú,2018-09-12,21,’“ŽÔi—Öjê,Ž{ù‚µ‚½,‚ ‚è
Þ“,ŽÔã‚Ë‚ç‚¢,ˆÉ’O,–k‘º,282073,•ºŒÉŒ§,ˆÉ’OŽs,–k‰ÍŒ´‚R’š–Ú,2018-09-16,19,’“ŽÔi—Öjê,Ž{ù‚µ‚½,‚È‚µ
Þ“,ŽÔã‚Ë‚ç‚¢,ˆÉ’O,–k‘º,282073,•ºŒÉŒ§,ˆÉ’OŽs,–k‰ÍŒ´‚R’š–Ú,2018-09-20,13,‚SŠKŒš‚ÄˆÈã‹¤“¯Z‘î,Ž{ù‚µ‚½,‚È‚µ
Þ“,ŽÔã‚Ë‚ç‚¢,ˆÉ’O,–k‘º,282073,•ºŒÉŒ§,ˆÉ’OŽs,–k‰ÍŒ´‚R’š–Ú,2018-09-20,20,’“ŽÔi—Öjê,Ž{ù‚µ‚½,‚È‚µ
Þ“,ŽÔã‚Ë‚ç‚¢,ˆÉ’O,–k‘º,282073,•ºŒÉŒ§,ˆÉ’OŽs,–k‰ÍŒ´‚R’š–Ú,2018-09-20,21,’“ŽÔi—Öjê,Ž{ù‚µ‚½,‚È‚µ
Þ“,ŽÔã‚Ë‚ç‚¢,ˆÉ’O,–k‘º,282073,•ºŒÉŒ§,ˆÉ’OŽs,–k‰ÍŒ´‚R’š–Ú,2018-09-20,23,’“ŽÔi—Öjê,Ž{ù‚µ‚½,‚È‚µ
Þ“,ŽÔã‚Ë‚ç‚¢,ˆÉ’O,—Îƒ–‹u,282073,•ºŒÉŒ§,ˆÉ’OŽs,‚‘ä‚P’š–Ú,2018-04-12,19,’“ŽÔi—Öjê,Ž{ù‚µ‚½,‚È‚µ
Þ“,ŽÔã‚Ë‚ç‚¢,ˆÉ’O,©—z,282073,•ºŒÉŒ§,ˆÉ’OŽs,L”¨‚Q’š–Ú,2018-12-31,00,’“ŽÔi—Öjê,Ž{ù‚µ‚½,‚ ‚è
Þ“,ŽÔã‚Ë‚ç‚¢,ˆÉ’O,©—z,282073,•ºŒÉŒ§,ˆÉ’OŽs,©—z“ì‚P’š–Ú,2018-07-15,14,‚»‚Ì‘¼,Ž{ù‚µ‚½,‚ ‚è
Þ“,ŽÔã‚Ë‚ç‚¢,ˆÉ’O,©—z,282073,•ºŒÉŒ§,ˆÉ’OŽs,©—z“ì‚Q’š–Ú,2018-01-15,18,’“ŽÔi—Öjê,Ž{ù‚µ‚½,‚È‚µ
Þ“,ŽÔã‚Ë‚ç‚¢,ˆÉ’O,©—zƒm—¢,282073,•ºŒÉŒ§,ˆÉ’OŽs,’rK‚Q’š–Ú,2018-07-13,22,’“ŽÔi—Öjê,Ž{ù‚µ‚½,‚È‚µ
Þ“,ŽÔã‚Ë‚ç‚¢,ˆÉ’O,©—zƒm—¢,282073,•ºŒÉŒ§,ˆÉ’OŽs,’rK‚S’š–Ú,2018-07-08,16,’“ŽÔi—Öjê,Ž{ù‚µ‚½,‚È‚µ
Þ“,ŽÔã‚Ë‚ç‚¢,ˆÉ’O,©—zƒm—¢,282073,•ºŒÉŒ§,ˆÉ’OŽs,’rK‚S’š–Ú,2018-07-08,16,’“ŽÔi—Öjê,Ž{ù‚µ‚½,‚È‚µ
Þ“,ŽÔã‚Ë‚ç‚¢,ˆÉ’O,©—zƒm—¢,282073,•ºŒÉŒ§,ˆÉ’OŽs,’rK‚S’š–Ú,2018-10-04,16,’“ŽÔi—Öjê,Ž{ù‚µ‚½,‚È‚µ
Þ“,ŽÔã‚Ë‚ç‚¢,ˆÉ’O,©—zƒm—¢,282073,•ºŒÉŒ§,ˆÉ’OŽs,’rK‚T’š–Ú,2018-09-23,20,’“ŽÔi—Öjê,Ž{ù‚µ‚½,‚È‚µ
Þ“,ŽÔã‚Ë‚ç‚¢,ˆÉ’O,©—zƒm—¢,282073,•ºŒÉŒ§,ˆÉ’OŽs,’rK‚V’š–Ú,2018-02-26,22,’“ŽÔi—Öjê,Ž{ù‚µ‚½,‚È‚µ
Þ“,ŽÔã‚Ë‚ç‚¢,ˆÉ’O,©—zƒm—¢,282073,•ºŒÉŒ§,ˆÉ’OŽs,Ž›–{‚S’š–Ú,2018-12-31,00,“¹˜Hã,Ž{ù‚µ‚½,‚È‚µ
Þ“,ŽÔã‚Ë‚ç‚¢,ˆÉ’O,’†–ì,282073,•ºŒÉŒ§,ˆÉ’OŽs,’†–ì–k‚R’š–Ú,2018-03-08,11,’“ŽÔi—Öjê,Ž{ù‚µ‚½,‚ ‚è
Þ“,ŽÔã‚Ë‚ç‚¢,ˆÉ’O,’†–ì,282073,•ºŒÉŒ§,ˆÉ’OŽs,’†–ì–k‚S’š–Ú,2018-07-16,22,’“ŽÔi—Öjê,Ž{ù‚µ‚½,‚È‚µ
Þ“,ŽÔã‚Ë‚ç‚¢,ˆÉ’O,’†–ì,282073,•ºŒÉŒ§,ˆÉ’OŽs,’†–ì“Œ‚P’š–Ú,2018-01-08,17,’“ŽÔi—Öjê,Ž{ù‚µ‚½,‚È‚µ
Þ“,ŽÔã‚Ë‚ç‚¢,ˆÉ’O,’†–ì,282073,•ºŒÉŒ§,ˆÉ’OŽs,’†–ì“Œ‚P’š–Ú,2018-01-09,20,’“ŽÔi—Öjê,Ž{ù‚µ‚½,‚È‚µ
Þ“,ŽÔã‚Ë‚ç‚¢,ˆÉ’O,’†–ì,282073,•ºŒÉŒ§,ˆÉ’OŽs,’†–ì“Œ‚P’š–Ú,2018-01-10,00,’“ŽÔi—Öjê,Ž{ù‚µ‚½,‚È‚µ
Þ“,ŽÔã‚Ë‚ç‚¢,ˆÉ’O,’†–ì,282073,•ºŒÉŒ§,ˆÉ’OŽs,’†–ì“Œ‚Q’š–Ú,2018-01-07,19,’“ŽÔi—Öjê,Ž{ù‚µ‚½,‚È‚µ
Þ“,ŽÔã‚Ë‚ç‚¢,ˆÉ’O,’†–ì,282073,•ºŒÉŒ§,ˆÉ’OŽs,¼–ì‚S’š–Ú,2018-10-05,18,’“ŽÔi—Öjê,Ž{ù‚µ‚½,‚È‚µ
Þ“,ŽÔã‚Ë‚ç‚¢,ˆÉ’O,’†–ì,282073,•ºŒÉŒ§,ˆÉ’OŽs,¼–ì‚T’š–Ú,2018-01-14,16,’“ŽÔi—Öjê,Ž{ù‚µ‚½,‚È‚µ
Þ“,ŽÔã‚Ë‚ç‚¢,ˆÉ’O,’†–ì,282073,•ºŒÉŒ§,ˆÉ’OŽs,¼–ì‚T’š–Ú,2018-01-15,21,’“ŽÔi—Öjê,Ž{ù‚µ‚½,‚È‚µ
Þ“,ŽÔã‚Ë‚ç‚¢,ˆÉ’O,’†–ì,282073,•ºŒÉŒ§,ˆÉ’OŽs,¼–ì‚V’š–Ú,2018-10-05,19,’“ŽÔi—Öjê,Ž{ù‚µ‚½,‚È‚µ
Þ“,ŽÔã‚Ë‚ç‚¢,ˆÉ’O,r–q,282073,•ºŒÉŒ§,ˆÉ’OŽs,r–q‚T’š–Ú,2018-05-16,20,’“ŽÔi—Öjê,Ž{ù‚µ‚½,‚È‚µ
Þ“,ŽÔã‚Ë‚ç‚¢,ˆÉ’O,r–q,282073,•ºŒÉŒ§,ˆÉ’OŽs,r–q‚T’š–Ú,2018-05-21,21,’“ŽÔi—Öjê,Ž{ù‚µ‚½,‚È‚µ
Þ“,ŽÔã‚Ë‚ç‚¢,ˆÉ’O,r–q,282073,•ºŒÉŒ§,ˆÉ’OŽs,‰¬–ì‚T’š–Ú,2018-06-09,00,’“ŽÔi—Öjê,Ž{ù‚µ‚½,‚È‚µ
Þ“,ŽÔã‚Ë‚ç‚¢,ˆÉ’O,r–q,282073,•ºŒÉŒ§,ˆÉ’OŽs,–k–ì‚Q’š–Ú,2018-05-02,15,’“ŽÔi—Öjê,Ž{ù‚µ‚½,‚È‚µ
Þ“,ŽÔã‚Ë‚ç‚¢,ˆÉ’O,r–q,282073,•ºŒÉŒ§,ˆÉ’OŽs,ƒ’r‚Q’š–Ú,2018-01-08,22,’“ŽÔi—Öjê,Ž{ù‚µ‚½,‚È‚µ
Þ“,ŽÔã‚Ë‚ç‚¢,ˆÉ’O,r–q,282073,•ºŒÉŒ§,ˆÉ’OŽs,ƒ’r‚Q’š–Ú,2018-01-09,18,’“ŽÔi—Öjê,Ž{ù‚µ‚½,‚È‚µ
Þ“,ŽÔã‚Ë‚ç‚¢,ˆÉ’O,r–q,282073,•ºŒÉŒ§,ˆÉ’OŽs,ƒ’r‚Q’š–Ú,2018-02-19,18,’“ŽÔi—Öjê,Ž{ù‚µ‚½,‚È‚µ
Þ“,ŽÔã‚Ë‚ç‚¢,ˆÉ’O,r–q,282073,•ºŒÉŒ§,ˆÉ’OŽs,ƒ’r‚R’š–Ú,2018-04-05,17,’“ŽÔi—Öjê,Ž{ù‚µ‚½,‚È‚µ
Þ“,ŽÔã‚Ë‚ç‚¢,ˆÉ’O,r–q,282073,•ºŒÉŒ§,ˆÉ’OŽs,ƒ’r‚U’š–Ú,2018-07-26,23,’“ŽÔi—Öjê,Ž{ù‚µ‚½,‚È‚µ
Þ“,ŽÔã‚Ë‚ç‚¢,ˆÉ’O,r–q,282073,•ºŒÉŒ§,ˆÉ’OŽs,r–q“ì‚R’š–Ú,2018-02-25,18,’“ŽÔi—Öjê,Ž{ù‚µ‚½,‚È‚µ
Þ“,ŽÔã‚Ë‚ç‚¢,ì¼,’†‰›,282171,•ºŒÉŒ§,ì¼Žs,Ž›”¨‚P’š–Ú,2018-03-20,19,’“ŽÔi—Öjê,Ž{ù‚µ‚½,‚È‚µ
Þ“,ŽÔã‚Ë‚ç‚¢,ì¼,’†‰›,282171,•ºŒÉŒ§,ì¼Žs,Ž›”¨‚Q’š–Ú,2018-02-18,23,’“ŽÔi—Öjê,Ž{ù‚µ‚½,‚È‚µ
Þ“,ŽÔã‚Ë‚ç‚¢,ì¼,¬‰Ô,282171,•ºŒÉŒ§,ì¼Žs,¬‰Ô‚P’š–Ú,2018-06-24,17,’“ŽÔi—Öjê,Ž{ù‚µ‚½,‚È‚µ
Þ“,ŽÔã‚Ë‚ç‚¢,ì¼,‹v‘ã,282171,•ºŒÉŒ§,ì¼Žs,‹v‘ã‚P’š–Ú,2018-12-03,09,’“ŽÔi—Öjê,Ž{ù‚µ‚½,‚È‚µ
Þ“,ŽÔã‚Ë‚ç‚¢,ì¼,‹v‘ã,282171,•ºŒÉŒ§,ì¼Žs,‹v‘ã‚U’š–Ú,2018-10-15,20,‚SŠKŒš‚ÄˆÈã‹¤“¯Z‘î,Ž{ù‚µ‚½,‚È‚µ
Þ“,ŽÔã‚Ë‚ç‚¢,ì¼,“ú‚Ìo,282171,•ºŒÉŒ§,ì¼Žs,‘êŽR’¬,2018-02-15,18,’“ŽÔi—Öjê,Ž{ù‚µ‚½,‚È‚µ
Þ“,ŽÔã‚Ë‚ç‚¢,ì¼,“ú‚Ìo,282171,•ºŒÉŒ§,ì¼Žs,‘êŽR’¬,2018-12-01,21,’“ŽÔi—Öjê,Ž{ù‚µ‚½,‚È‚µ
Þ“,ŽÔã‚Ë‚ç‚¢,ì¼,“ú‚Ìo,282171,•ºŒÉŒ§,ì¼Žs,”‹Œ´‘ä¼‚Q’š–Ú,2018-03-02,02,’“ŽÔi—Öjê,Ž{ù‚µ‚½,‚È‚µ
Þ“,ŽÔã‚Ë‚ç‚¢,ì¼,‘½“c¼,282171,•ºŒÉŒ§,ì¼Žs,¼‘½“c‚P’š–Ú,2018-03-01,23,’“ŽÔi—Öjê,Ž{ù‚µ‚½,‚È‚µ
Þ“,ŽÔã‚Ë‚ç‚¢,ì¼,‘½“c“Œ,282171,•ºŒÉŒ§,ì¼Žs,“Œ‘½“c‚P’š–Ú,2018-12-02,21,’“ŽÔi—Öjê,Ž{ù‚µ‚½,‚È‚µ
Þ“,ŽÔã‚Ë‚ç‚¢,ì¼,‘½“c“Œ,282171,•ºŒÉŒ§,ì¼Žs,“Œ‘½“c‚P’š–Ú,2018-12-02,22,ˆêŒËŒšZ‘î,Ž{ù‚µ‚½,‚È‚µ
Þ“,ŽÔã‚Ë‚ç‚¢,ì¼,‘½“c“Œ,282171,•ºŒÉŒ§,ì¼Žs,“Œ‘½“c‚R’š–Ú,2018-02-13,17,’“ŽÔi—Öjê,Ž{ù‚µ‚½,‚È‚µ
Þ“,ŽÔã‚Ë‚ç‚¢,ì¼,‘½“c“Œ,282171,•ºŒÉŒ§,ì¼Žs,•½–ì‚P’š–Ú,2018-09-27,21,‚»‚Ì‘¼,Ž{ù‚µ‚½,‚È‚µ
Þ“,ŽÔã‚Ë‚ç‚¢,ì¼,‘½“c“Œ,282171,•ºŒÉŒ§,ì¼Žs,•½–ì‚Q’š–Ú,2018-02-14,18,’“ŽÔi—Öjê,Ž{ù‚µ‚½,‚È‚µ
Þ“,ŽÔã‚Ë‚ç‚¢,ì¼,‘½“c“Œ,282171,•ºŒÉŒ§,ì¼Žs,•½–ì‚Q’š–Ú,2018-07-29,18,’“ŽÔi—Öjê,Ž{ù‚µ‚½,‚È‚µ
Þ“,ŽÔã‚Ë‚ç‚¢,ì¼,–Ø’Ã,283011,•ºŒÉŒ§,’––¼ì’¬,ù”öŽš“°’J,2018-03-11,09,’“ŽÔi—Öjê,Ž{ù‚µ‚½,‚ ‚è
Þ“,ŽÔã‚Ë‚ç‚¢,ì¼,‰Á–Î,282171,•ºŒÉŒ§,ì¼Žs,‰Á–Î‚S’š–Ú,2018-12-01,02,’“ŽÔi—Öjê,Ž{ù‚µ‚½,‚È‚µ
Þ“,ŽÔã‚Ë‚ç‚¢,ì¼,‰Á–Î,282171,•ºŒÉŒ§,ì¼Žs,‰Á–Î‚U’š–Ú,2018-10-02,17,’“ŽÔi—Öjê,Ž{ù‚µ‚½,‚È‚µ
Þ“,ŽÔã‚Ë‚ç‚¢,ì¼,‰Á–Î,282171,•ºŒÉŒ§,ì¼Žs,‰Á–Î‚U’š–Ú,2018-10-29,13,’“ŽÔi—Öjê,Ž{ù‚µ‚½,‚È‚µ
Þ“,ŽÔã‚Ë‚ç‚¢,ì¼,‰Á–Î,282171,•ºŒÉŒ§,ì¼Žs,“ì‰Ô‰®•~‚Q’š–Ú,2018-06-16,20,’“ŽÔi—Öjê,Ž{ù‚µ‚½,‚È‚µ
Þ“,ŽÔã‚Ë‚ç‚¢,ì¼,—Î‘ä,282171,•ºŒÉŒ§,ì¼Žs,—Î‘ä‚V’š–Ú,2018-03-01,18,’“ŽÔi—Öjê,Ž{ù‚µ‚½,‚È‚µ
Þ“,ŽÔã‚Ë‚ç‚¢,ì¼,´˜a‘ä,282171,•ºŒÉŒ§,ì¼Žs,Î“¹Žš‰ºƒmŠ_“à,2018-05-27,19,’“ŽÔi—Öjê,Ž{ù‚µ‚½,‚È‚µ
Þ“,ŽÔã‚Ë‚ç‚¢,•ó’Ë,•ó’Ë“ìŒû,282146,•ºŒÉŒ§,•ó’ËŽs,”~–ì’¬,2018-02-14,19,’“ŽÔi—Öjê,Ž{ù‚µ‚½,‚È‚µ
Þ“,ŽÔã‚Ë‚ç‚¢,•ó’Ë,•ó’Ë“ìŒû,282146,•ºŒÉŒ§,•ó’ËŽs,”~–ì’¬,2018-02-15,00,’“ŽÔi—Öjê,Ž{ù‚µ‚½,‚È‚µ
Þ“,ŽÔã‚Ë‚ç‚¢,•ó’Ë,•ó’Ë‰w‘O,282146,•ºŒÉŒ§,•ó’ËŽs,ì–Ê‚S’š–Ú,2018-07-30,18,‚»‚Ì‘¼,Ž{ù‚µ‚½,‚È‚µ
Þ“,ŽÔã‚Ë‚ç‚¢,•ó’Ë,•ó’Ë‰w‘O,282146,•ºŒÉŒ§,•ó’ËŽs,ì–Ê‚T’š–Ú,2018-01-16,19,’“ŽÔi—Öjê,Ž{ù‚µ‚½,‚È‚µ
Þ“,ŽÔã‚Ë‚ç‚¢,•ó’Ë,•ó’Ë‰w‘O,282146,•ºŒÉŒ§,•ó’ËŽs,Ø”¨Žš’·”öŽR,2018-07-24,07,‚»‚Ì‘¼,Ž{ù‚µ‚½,‚È‚µ
Þ“,ŽÔã‚Ë‚ç‚¢,•ó’Ë,•ó’Ë‰w‘O,282146,•ºŒÉŒ§,•ó’ËŽs,‰h’¬‚P’š–Ú,2018-02-14,22,’“ŽÔi—Öjê,Ž{ù‚µ‚½,‚È‚µ
Þ“,ŽÔã‚Ë‚ç‚¢,•ó’Ë,•ó’Ë‰w‘O,282146,•ºŒÉŒ§,•ó’ËŽs,‰h’¬‚R’š–Ú,2018-01-16,19,’“ŽÔi—Öjê,Ž{ù‚µ‚½,‚ ‚è
Þ“,ŽÔã‚Ë‚ç‚¢,•ó’Ë,•ó’Ë‰w‘O,282146,•ºŒÉŒ§,•ó’ËŽs,•ŒÉì’¬,2018-02-14,22,’“ŽÔi—Öjê,Ž{ù‚µ‚½,‚È‚µ
Þ“,ŽÔã‚Ë‚ç‚¢,•ó’Ë,•ó’Ë‰w‘O,282146,•ºŒÉŒ§,•ó’ËŽs,‚·‚Ý‚êƒK‹u‚P’š–Ú,2018-02-12,23,‚SŠKŒš‚ÄˆÈã‹¤“¯Z‘î,Ž{ù‚µ‚½,‚È‚µ
Þ“,ŽÔã‚Ë‚ç‚¢,•ó’Ë,•ó’Ë‰w‘O,282146,•ºŒÉŒ§,•ó’ËŽs,‚·‚Ý‚êƒK‹u‚P’š–Ú,2018-05-13,20,’“ŽÔi—Öjê,Ž{ù‚µ‚½,‚È‚µ
Þ“,ŽÔã‚Ë‚ç‚¢,•ó’Ë,•ó’Ë‰w‘O,282146,•ºŒÉŒ§,•ó’ËŽs,‚·‚Ý‚êƒK‹u‚P’š–Ú,2018-07-17,00,’“ŽÔi—Öjê,Ž{ù‚µ‚½,‚È‚µ
Þ“,ŽÔã‚Ë‚ç‚¢,•ó’Ë,•ó’Ë‰w‘O,282146,•ºŒÉŒ§,•ó’ËŽs,‚·‚Ý‚êƒK‹u‚Q’š–Ú,2018-07-14,13,‚SŠKŒš‚ÄˆÈã‹¤“¯Z‘î,Ž{ù‚µ‚½,‚È‚µ
Þ“,ŽÔã‚Ë‚ç‚¢,•ó’Ë,‹t£ì,282146,•ºŒÉŒ§,•ó’ËŽs,ˆÉ›rŽu‚P’š–Ú,2018-01-16,18,ˆêŒËŒšZ‘î,Ž{ù‚µ‚½,‚È‚µ
Þ“,ŽÔã‚Ë‚ç‚¢,•ó’Ë,‹t£ì,282146,•ºŒÉŒ§,•ó’ËŽs,ˆÉ›rŽu‚R’š–Ú,2018-01-07,18,’“ŽÔi—Öjê,Ž{ù‚µ‚½,‚È‚µ
Þ“,ŽÔã‚Ë‚ç‚¢,•ó’Ë,‹t£ì,282146,•ºŒÉŒ§,•ó’ËŽs,ˆÉ›rŽu‚R’š–Ú,2018-01-09,20,’“ŽÔi—Öjê,Ž{ù‚µ‚½,‚È‚µ
Þ“,ŽÔã‚Ë‚ç‚¢,•ó’Ë,‹t£ì,282146,•ºŒÉŒ§,•ó’ËŽs,‹t£‘ä‚P’š–Ú,2018-01-08,19,‚SŠKŒš‚ÄˆÈã‹¤“¯Z‘î,Ž{ù‚µ‚½,‚È‚µ
Þ“,ŽÔã‚Ë‚ç‚¢,•ó’Ë,‹t£ì,282146,•ºŒÉŒ§,•ó’ËŽs,“Œ—m’¬,2018-05-12,12,’“ŽÔi—Öjê,Ž{ù‚µ‚½,‚È‚µ
Þ“,ŽÔã‚Ë‚ç‚¢,•ó’Ë,‹t£ì,282146,•ºŒÉŒ§,•ó’ËŽs,“Œ—m’¬,2018-05-13,19,’“ŽÔi—Öjê,Ž{ù‚µ‚½,‚È‚µ
Þ“,ŽÔã‚Ë‚ç‚¢,•ó’Ë,‹t£ì,282146,•ºŒÉŒ§,•ó’ËŽs,–ìã‚R’š–Ú,2018-08-28,16,’“ŽÔi—Öjê,Ž{ù‚µ‚½,‚È‚µ
Þ“,ŽÔã‚Ë‚ç‚¢,•ó’Ë,•ŒÉì,282146,•ºŒÉŒ§,•ó’ËŽs,”üK’¬,2018-03-22,07,“¹˜Hã,Ž{ù‚µ‚½,‚ ‚è
Þ“,ŽÔã‚Ë‚ç‚¢,•ó’Ë,¬•l,282146,•ºŒÉŒ§,•ó’ËŽs,ˆÀ‘q–k‚R’š–Ú,2018-02-14,01,’“ŽÔi—Öjê,Ž{ù‚µ‚½,‚È‚µ
Þ“,ŽÔã‚Ë‚ç‚¢,•ó’Ë,¬•l,282146,•ºŒÉŒ§,•ó’ËŽs,ˆÀ‘q–k‚R’š–Ú,2018-03-15,11,’“ŽÔi—Öjê,Ž{ù‚µ‚½,‚ ‚è
Þ“,ŽÔã‚Ë‚ç‚¢,•ó’Ë,¬•l,282146,•ºŒÉŒ§,•ó’ËŽs,ò’¬,2018-07-24,21,’“ŽÔi—Öjê,Ž{ù‚µ‚½,‚ ‚è
Þ“,ŽÔã‚Ë‚ç‚¢,•ó’Ë,¬•l,282146,•ºŒÉŒ§,•ó’ËŽs,’†‹Ø‚V’š–Ú,2018-02-26,17,’“ŽÔi—Öjê,Ž{ù‚µ‚½,‚È‚µ
Þ“,ŽÔã‚Ë‚ç‚¢,•ó’Ë,ˆÀ‘q,282146,•ºŒÉŒ§,•ó’ËŽs,ˆÀ‘q¼‚Q’š–Ú,2018-08-23,10,’“ŽÔi—Öjê,Ž{ù‚µ‚½,‚È‚µ
Þ“,ŽÔã‚Ë‚ç‚¢,•ó’Ë,ˆÀ‘q,282146,•ºŒÉŒ§,•ó’ËŽs,¬•l‚Q’š–Ú,2018-06-25,19,‚SŠKŒš‚ÄˆÈã‹¤“¯Z‘î,Ž{ù‚µ‚½,‚È‚µ
Þ“,ŽÔã‚Ë‚ç‚¢,•ó’Ë,ˆÀ‘q,282146,•ºŒÉŒ§,•ó’ËŽs,–í¶’¬,2018-06-25,08,‚SŠKŒš‚ÄˆÈã‹¤“¯Z‘î,Ž{ù‚µ‚½,‚È‚µ
Þ“,ŽÔã‚Ë‚ç‚¢,•ó’Ë,ŽR–{,282146,•ºŒÉŒ§,•ó’ËŽs,•½ˆä‚R’š–Ú,2018-01-12,21,’“ŽÔi—Öjê,Ž{ù‚µ‚½,‚ ‚è
Þ“,ŽÔã‚Ë‚ç‚¢,•ó’Ë,ŽR–{,282146,•ºŒÉŒ§,•ó’ËŽs,ŽR–{’†‚Q’š–Ú,2018-08-06,12,“¹˜Hã,Ž{ù‚µ‚½,‚ ‚è
Þ“,ŽÔã‚Ë‚ç‚¢,•ó’Ë,ŽR–{,282146,•ºŒÉŒ§,•ó’ËŽs,ŽR–{“Œ‚R’š–Ú,2018-02-19,16,’“ŽÔi—Öjê,Ž{ù‚µ‚½,‚È‚µ
Þ“,ŽÔã‚Ë‚ç‚¢,•ó’Ë,ŽR–{,282146,•ºŒÉŒ§,•ó’ËŽs,ŽR–{ŠÛ‹´‚P’š–Ú,2018-12-29,19,‚SŠKŒš‚ÄˆÈã‹¤“¯Z‘î,Ž{ù‚µ‚½,‚È‚µ
Þ“,ŽÔã‚Ë‚ç‚¢,•ó’Ë,ŽR–{,282146,•ºŒÉŒ§,•ó’ËŽs,ŽR–{ŠÛ‹´‚R’š–Ú,2018-12-29,17,’“ŽÔi—Öjê,Ž{ù‚µ‚½,‚È‚µ
Þ“,ŽÔã‚Ë‚ç‚¢,•ó’Ë,ŽR–{,282146,•ºŒÉŒ§,•ó’ËŽs,ŽR–{“ì‚P’š–Ú,2018-07-16,20,’“ŽÔi—Öjê,Ž{ù‚µ‚½,‚È‚µ
Þ“,ŽÔã‚Ë‚ç‚¢,•ó’Ë,ŽR–{,282146,•ºŒÉŒ§,•ó’ËŽs,ŽR–{“ì‚P’š–Ú,2018-07-17,01,ˆêŒËŒšZ‘î,Ž{ù‚µ‚½,‚È‚µ
Þ“,ŽÔã‚Ë‚ç‚¢,•ó’Ë,¬—Ñ,282146,•ºŒÉŒ§,•ó’ËŽs,¬—Ñ‚S’š–Ú,2018-01-09,18,’“ŽÔi—Öjê,Ž{ù‚µ‚½,‚È‚µ
Þ“,ŽÔã‚Ë‚ç‚¢,•ó’Ë,mì,282146,•ºŒÉŒ§,•ó’ËŽs,‹t£ì‚P’š–Ú,2018-08-28,19,‚SŠKŒš‚ÄˆÈã‹¤“¯Z‘î,Ž{ù‚µ‚½,‚È‚µ
Þ“,ŽÔã‚Ë‚ç‚¢,•ó’Ë,mì,282146,•ºŒÉŒ§,•ó’ËŽs,mì‚‘ä‚P’š–Ú,2018-01-13,20,’“ŽÔi—Öjê,Ž{ù‚µ‚½,‚È‚µ
Þ“,ŽÔã‚Ë‚ç‚¢,•ó’Ë,´r_,282146,•ºŒÉŒ§,•ó’ËŽs,ˆ®’¬‚P’š–Ú,2018-10-15,21,’“ŽÔi—Öjê,Ž{ù‚µ‚½,‚È‚µ
Þ“,ŽÔã‚Ë‚ç‚¢,•ó’Ë,´r_,282146,•ºŒÉŒ§,•ó’ËŽs,´r_‚P’š–Ú,2018-02-14,20,‚SŠKŒš‚ÄˆÈã‹¤“¯Z‘î,Ž{ù‚µ‚½,‚È‚µ
Þ“,ŽÔã‚Ë‚ç‚¢,•ó’Ë,´r_,282146,•ºŒÉŒ§,•ó’ËŽs,´r_‚P’š–Ú,2018-02-19,17,’“ŽÔi—Öjê,Ž{ù‚µ‚½,‚È‚µ
Þ“,ŽÔã‚Ë‚ç‚¢,•ó’Ë,´r_,282146,•ºŒÉŒ§,•ó’ËŽs,‰h’¬‚P’š–Ú,2018-07-30,16,’“ŽÔi—Öjê,Ž{ù‚µ‚½,‚ ‚è
Þ“,ŽÔã‚Ë‚ç‚¢,•ó’Ë,´r_,282146,•ºŒÉŒ§,•ó’ËŽs,”„•z‚Q’š–Ú,2018-02-19,10,’“ŽÔi—Öjê,Ž{ù‚µ‚½,‚È‚µ
Þ“,ŽÔã‚Ë‚ç‚¢,•ó’Ë,´r_,282146,•ºŒÉŒ§,•ó’ËŽs,”„•z‚S’š–Ú,2018-01-13,01,’“ŽÔi—Öjê,Ž{ù‚µ‚½,‚È‚µ
Þ“,ŽÔã‚Ë‚ç‚¢,•ó’Ë,’†ŽR‘ä,282146,•ºŒÉŒ§,•ó’ËŽs,’†‹Ø‚Q’š–Ú,2018-02-26,21,’“ŽÔi—Öjê,Ž{ù‚µ‚½,‚È‚µ
Þ“,ŽÔã‚Ë‚ç‚¢,•ó’Ë,’†ŽR‘ä,282146,•ºŒÉŒ§,•ó’ËŽs,’†‹Ø‚Q’š–Ú,2018-02-27,17,’“ŽÔi—Öjê,Ž{ù‚µ‚½,‚È‚µ
Þ“,ŽÔã‚Ë‚ç‚¢,•ó’Ë,’†ŽR‘ä,282146,•ºŒÉŒ§,•ó’ËŽs,’†‹Ø‚S’š–Ú,2018-02-18,15,’“ŽÔi—Öjê,Ž{ù‚µ‚½,‚È‚µ
Þ“,ŽÔã‚Ë‚ç‚¢,•ó’Ë,’†ŽR‘ä,282146,•ºŒÉŒ§,•ó’ËŽs,’†‹ØŽRŽè‚S’š–Ú,2018-01-12,23,‚»‚Ì‘¼‚ÌZ‘îi‚RŠKŒš‚ÄˆÈ‰º‹¤“¯Z‘î“™j,Ž{ù‚µ‚½,‚È‚µ
Þ“,ŽÔã‚Ë‚ç‚¢,•ó’Ë,‘åŒ´–ì,282146,•ºŒÉŒ§,•ó’ËŽs,‘åŒ´–ìŽš“ì‹{,2018-11-04,07,’“ŽÔi—Öjê,Ž{ù‚µ‚½,‚ ‚è
Þ“,ŽÔã‚Ë‚ç‚¢,•ó’Ë,‘åŒ´–ì,282146,•ºŒÉŒ§,•ó’ËŽs,‹Ê£Žš‰œ”VÄ,2018-09-23,03,’“ŽÔi—Öjê,Ž{ù‚µ‚½,‚È‚µ
Þ“,ŽÔã‚Ë‚ç‚¢,ŽÂŽR,ŽÂŽR,282219,•ºŒÉŒ§,ŽÂŽRŽs,–kV’¬,2018-03-04,09,’“ŽÔi—Öjê,Ž{ù‚µ‚½,‚ ‚è
Þ“,ŽÔã‚Ë‚ç‚¢,ŽÂŽR,ŽÂŽR,282219,•ºŒÉŒ§,ŽÂŽRŽs,•‰ª,2018-12-15,13,’“ŽÔi—Öjê,Ž{ù‚µ‚½,‚ ‚è
Þ“,ŽÔã‚Ë‚ç‚¢,ŽÂŽR,ŽÂŽR,282219,•ºŒÉŒ§,ŽÂŽRŽs,¼V’¬,2018-11-07,09,“¹˜Hã,Ž{ù‚µ‚½,‚È‚µ
Þ“,ŽÔã‚Ë‚ç‚¢,ŽÂŽR,ŽÂŽR,282219,•ºŒÉŒ§,ŽÂŽRŽs,“ìV’¬,2018-05-22,13,’“ŽÔi—Öjê,Ž{ù‚µ‚½,‚ ‚è
Þ“,ŽÔã‚Ë‚ç‚¢,ŽÂŽR,ŽÂŽR,282219,•ºŒÉŒ§,ŽÂŽRŽs,–î‘ã,2018-06-09,09,’“ŽÔi—Öjê,Ž{ù‚µ‚½,‚ ‚è
Þ“,ŽÔã‚Ë‚ç‚¢,ŽÂŽR,“ú’u,282219,•ºŒÉŒ§,ŽÂŽRŽs,“ú’u,2018-11-16,11,’“ŽÔi—Öjê,Ž{ù‚µ‚½,‚ ‚è
Þ“,ŽÔã‚Ë‚ç‚¢,ŽÂŽR,‘åˆð,282219,•ºŒÉŒ§,ŽÂŽRŽs,•Ÿˆä,2018-07-25,17,“¹˜Hã,Ž{ù‚µ‚½,‚ ‚è
Þ“,ŽÔã‚Ë‚ç‚¢,ŽÂŽR,‘åˆð,282219,•ºŒÉŒ§,ŽÂŽRŽs,‹{‘ã,2018-08-18,17,“¹˜Hã,Ž{ù‚µ‚½,‚ ‚è
Þ“,ŽÔã‚Ë‚ç‚¢,ŽÂŽR,‘º‰_,282219,•ºŒÉŒ§,ŽÂŽRŽs,‘ƒmã,2018-12-03,07,‚»‚Ì‘¼,Ž{ù‚µ‚½,‚ ‚è
Þ“,ŽÔã‚Ë‚ç‚¢,ŽÂŽR,‘ŽR,282219,•ºŒÉŒ§,ŽÂŽRŽs,‰“•û,2018-02-24,14,’“ŽÔi—Öjê,Ž{ù‚µ‚½,‚ ‚è
Þ“,ŽÔã‚Ë‚ç‚¢,ŽÂŽR,‰Í“à,282219,•ºŒÉŒ§,ŽÂŽRŽs,Œûã–{,2018-09-11,02,’“ŽÔi—Öjê,Ž{ù‚µ‚½,‚ ‚è
Þ“,ŽÔã‚Ë‚ç‚¢,ŽÂŽR,‘åŽR,282219,•ºŒÉŒ§,ŽÂŽRŽs,–k–ì,2018-06-28,18,’“ŽÔi—Öjê,Ž{ù‚µ‚½,‚È‚µ
Þ“,ŽÔã‚Ë‚ç‚¢,ŽÂŽR,ŽÂŽRŒû‰w‘O,282219,•ºŒÉŒ§,ŽÂŽRŽs,–¡ŠÔ–k,2018-05-23,13,’“ŽÔi—Öjê,Ž{ù‚µ‚½,‚ ‚è
Þ“,ŽÔã‚Ë‚ç‚¢,ŽÂŽR,ŽÂŽRŒû‰w‘O,282219,•ºŒÉŒ§,ŽÂŽRŽs,–¡ŠÔ–k,2018-06-19,11,’“ŽÔi—Öjê,Ž{ù‚µ‚½,‚È‚µ
Þ“,ŽÔã‚Ë‚ç‚¢,ŽÂŽR,ŽÂŽRŒû‰w‘O,282219,•ºŒÉŒ§,ŽÂŽRŽs,‘–ì,2018-01-31,00,“¹˜Hã,Ž{ù‚µ‚½,‚È‚µ
Þ“,ŽÔã‚Ë‚ç‚¢,ŽÂŽR,™,282219,•ºŒÉŒ§,ŽÂŽRŽs,–ÔŠ|,2018-08-22,21,‚»‚Ì‘¼,Ž{ù‚µ‚½,‚ ‚è
Þ“,ŽÔã‚Ë‚ç‚¢,ŽÂŽR,é“ì,282219,•ºŒÉŒ§,ŽÂŽRŽs,”g‰ê–ì,2018-04-18,14,“¹˜Hã,Ž{ù‚µ‚½,‚ ‚è
Þ“,ŽÔã‚Ë‚ç‚¢,ŽÂŽR,é“ì,282219,•ºŒÉŒ§,ŽÂŽRŽs,^“ìðã,2018-09-03,13,“¹˜Hã,Ž{ù‚µ‚½,‚ ‚è
Þ“,ŽÔã‚Ë‚ç‚¢,ŽÂŽR,ŒÃŽs,282219,•ºŒÉŒ§,ŽÂŽRŽs,–ûˆä,2018-12-22,17,’“ŽÔi—Öjê,Ž{ù‚µ‚½,‚ ‚è
Þ“,ŽÔã‚Ë‚ç‚¢,ŽÂŽR,ŒÃŽs,282219,•ºŒÉŒ§,ŽÂŽRŽs,“––ì,2018-09-03,13,‚»‚Ì‘¼,Ž{ù‚µ‚½,‚ ‚è
Þ“,ŽÔã‚Ë‚ç‚¢,ŽÂŽR,ŒÃŽs,282219,•ºŒÉŒ§,ŽÂŽRŽs,”g‰ê–ì,2018-09-23,15,’“ŽÔi—Öjê,Ž{ù‚µ‚½,‚ ‚è
Þ“,ŽÔã‚Ë‚ç‚¢,ŽÂŽR,¡“c,282219,•ºŒÉŒ§,ŽÂŽRŽs,¡“c’¬ã—§Y,2018-05-01,08,’“ŽÔi—Öjê,Ž{ù‚µ‚½,‚È‚µ
Þ“,ŽÔã‚Ë‚ç‚¢,ŽÂŽR,¡“c,282219,•ºŒÉŒ§,ŽÂŽRŽs,¡“c’¬¡“cV“c,2018-02-13,12,‚»‚Ì‘¼,Ž{ù‚µ‚½,‚È‚µ
Þ“,ŽÔã‚Ë‚ç‚¢,ŽÂŽR,¡“c,282219,•ºŒÉŒ§,ŽÂŽRŽs,¡“c’¬¡“cV“c,2018-03-11,19,’“ŽÔi—Öjê,Ž{ù‚µ‚½,‚È‚µ
Þ“,ŽÔã‚Ë‚ç‚¢,ŽÂŽR,¡“c,282219,•ºŒÉŒ§,ŽÂŽRŽs,¡“c’¬¡“cV“c,2018-10-13,07,’“ŽÔi—Öjê,Ž{ù‚µ‚½,‚È‚µ
Þ“,ŽÔã‚Ë‚ç‚¢,ŽÂŽR,¡“c,282219,•ºŒÉŒ§,ŽÂŽRŽs,¡“c’¬‰º¬–ìŒ´,2018-08-14,16,‚»‚Ì‘¼,Ž{ù‚µ‚½,‚ ‚è
Þ“,ŽÔã‚Ë‚ç‚¢,’O”g,”Œ´‰w‘O,282235,•ºŒÉŒ§,’O”gŽs,”Œ´’¬”Œ´,2018-06-20,13,’“ŽÔi—Öjê,Ž{ù‚µ‚½,‚ ‚è
Þ“,ŽÔã‚Ë‚ç‚¢,’O”g,‰º‘ê,282235,•ºŒÉŒ§,’O”gŽs,ŽR“ì’¬ˆ¢‘,2018-03-28,16,’“ŽÔi—Öjê,Ž{ù‚µ‚½,‚ ‚è
Þ“,ŽÔã‚Ë‚ç‚¢,’O”g,‰º‘ê,282235,•ºŒÉŒ§,’O”gŽs,ŽR“ì’¬‘¾“c,2018-09-22,13,’“ŽÔi—Öjê,Ž{ù‚µ‚½,‚È‚µ
Þ“,ŽÔã‚Ë‚ç‚¢,’O”g,¬ì,282235,•ºŒÉŒ§,’O”gŽs,ŽR“ì’¬ˆäŒ´,2018-11-16,15,“¹˜Hã,Ž{ù‚µ‚½,‚È‚µ
Þ“,ŽÔã‚Ë‚ç‚¢,’O”g,˜a“c,282235,•ºŒÉŒ§,’O”gŽs,ŽR“ì’¬˜a“c,2018-01-16,13,‚»‚Ì‘¼,Ž{ù‚µ‚½,‚ ‚è
Þ“,ŽÔã‚Ë‚ç‚¢,’O”g,˜a“c,282235,•ºŒÉŒ§,’O”gŽs,ŽR“ì’¬˜a“c,2018-10-12,17,’“ŽÔi—Öjê,Ž{ù‚µ‚½,‚ ‚è
Þ“,ŽÔã‚Ë‚ç‚¢,’O”g,•x“c,282235,•ºŒÉŒ§,’O”gŽs,ŽR“ì’¬¬–ìK,2018-01-11,15,“¹˜Hã,Ž{ù‚µ‚½,‚ ‚è
Þ“,ŽÔã‚Ë‚ç‚¢,’O”g,•x“c,282235,•ºŒÉŒ§,’O”gŽs,ŽR“ì’¬¬–ìK,2018-02-03,15,’“ŽÔi—Öjê,Ž{ù‚µ‚½,‚È‚µ
Þ“,ŽÔã‚Ë‚ç‚¢,’O”g,Î¶,282235,•ºŒÉŒ§,’O”gŽs,•Xã’¬Î¶,2018-07-30,09,‚»‚Ì‘¼,Ž{ù‚µ‚½,‚È‚µ
Þ“,ŽÔã‚Ë‚ç‚¢,’O”g,Î¶,282235,•ºŒÉŒ§,’O”gŽs,•Xã’¬Î¶,2018-12-17,18,’“ŽÔi—Öjê,Ž{ù‚µ‚½,‚ ‚è
Þ“,ŽÔã‚Ë‚ç‚¢,’O”g,’J‘º,282235,•ºŒÉŒ§,’O”gŽs,•Xã’¬²–ì,2018-02-20,21,’“ŽÔi—Öjê,Ž{ù‚µ‚½,‚ ‚è
Þ“,ŽÔã‚Ë‚ç‚¢,’O”g,’J‘º,282235,•ºŒÉŒ§,’O”gŽs,•Xã’¬²–ì,2018-02-21,02,ˆêŒËŒšZ‘î,Ž{ù‚µ‚½,‚ ‚è
Þ“,ŽÔã‚Ë‚ç‚¢,’O”g,¬¼,282235,•ºŒÉŒ§,’O”gŽs,•Xã’¬¬¼,2018-08-18,18,’“ŽÔi—Öjê,Ž{ù‚µ‚½,‚ ‚è
Þ“,ŽÔã‚Ë‚ç‚¢,’O”g,ãV¯,282235,•ºŒÉŒ§,’O”gŽs,•Xã’¬ŽOŒ´,2018-08-18,19,’“ŽÔi—Öjê,Ž{ù‚µ‚½,‚È‚µ
Þ“,ŽÔã‚Ë‚ç‚¢,’O”g,“cˆä“ê,282235,•ºŒÉŒ§,’O”gŽs,ÂŠ_’¬Œû‰–‹v,2018-05-04,08,’“ŽÔi—Öjê,Ž{ù‚µ‚½,‚È‚µ
Þ“,ŽÔã‚Ë‚ç‚¢,’O”g,“cˆä“ê,282235,•ºŒÉŒ§,’O”gŽs,ÂŠ_’¬¼ˆ°“c,2018-04-14,14,‚»‚Ì‘¼,Ž{ù‚µ‚½,‚ ‚è
Þ“,ŽÔã‚Ë‚ç‚¢,’O”g,²Ž¡,282235,•ºŒÉŒ§,’O”gŽs,ÂŠ_’¬ŽsŒ´,2018-07-27,14,‚»‚Ì‘¼,Ž{ù‚µ‚½,‚ ‚è
Þ“,ŽÔã‚Ë‚ç‚¢,’O”g,²Ž¡,282235,•ºŒÉŒ§,’O”gŽs,ÂŠ_’¬‰“ã,2018-10-31,12,’“ŽÔi—Öjê,Ž{ù‚µ‚½,‚ ‚è
Þ“,ŽÔã‚Ë‚ç‚¢,’O”g,ŽRŠ_,282235,•ºŒÉŒ§,’O”gŽs,ÂŠ_’¬‰“ã,2018-06-30,14,“¹˜Hã,Ž{ù‚µ‚½,‚ ‚è
Þ“,ŽÔã‚Ë‚ç‚¢,’O”g,•ˆä,282235,•ºŒÉŒ§,’O”gŽs,ÂŠ_’¬•¶Žº,2018-11-16,07,’“ŽÔi—Öjê,Ž{ù‚µ‚½,‚ ‚è
Þ“,ŽÔã‚Ë‚ç‚¢,’O”g,•ˆä,282235,•ºŒÉŒ§,’O”gŽs,t“ú’¬–ì‘º,2018-01-21,10,ˆêŒËŒšZ‘î,Ž{ù‚µ‚½,‚ ‚è
Þ“,ŽÔã‚Ë‚ç‚¢,’O”g,•ˆä,282235,•ºŒÉŒ§,’O”gŽs,t“ú’¬–ì‘º,2018-05-27,19,’“ŽÔi—Öjê,Ž{ù‚µ‚½,‚ ‚è
Þ“,ŽÔã‚Ë‚ç‚¢,’O”g,•ˆä,282235,•ºŒÉŒ§,’O”gŽs,t“ú’¬•½¼,2018-08-09,14,’“ŽÔi—Öjê,Ž{ù‚µ‚½,‚ ‚è
Þ“,ŽÔã‚Ë‚ç‚¢,’O”g,¼X,282235,•ºŒÉŒ§,’O”gŽs,t“ú’¬’†ŽR,2018-05-18,03,’“ŽÔi—Öjê,Ž{ù‚µ‚½,‚ ‚è
Þ“,ŽÔã‚Ë‚ç‚¢,’O”g,‘½—˜,282235,•ºŒÉŒ§,’O”gŽs,t“ú’¬‘½—˜,2018-04-23,16,’“ŽÔi—Öjê,Ž{ù‚µ‚½,‚ ‚è
Þ“,ŽÔã‚Ë‚ç‚¢,’O”g,Žs“‡,282235,•ºŒÉŒ§,’O”gŽs,Žs“‡’¬ã“c,2018-11-20,13,’“ŽÔi—Öjê,Ž{ù‚µ‚½,‚ ‚è
Þ“,ŽÔã‚Ë‚ç‚¢,’O”g,’†’|“c,282235,•ºŒÉŒ§,’O”gŽs,Žs“‡’¬‰º’|“c,2018-05-05,17,“¹˜Hã,Ž{ù‚µ‚½,‚È‚µ
Þ“,ŽÔã‚Ë‚ç‚¢,–¾Î,–¾Î‰w‘O,282031,•ºŒÉŒ§,–¾ÎŽs,“Œ’‡ƒm’¬,2018-06-28,11,“¹˜Hã,Ž{ù‚µ‚½,‚ ‚è
Þ“,ŽÔã‚Ë‚ç‚¢,–¾Î,–{’¬,282031,•ºŒÉŒ§,–¾ÎŽs,‘Š¶’¬‚Q’š–Ú,2018-07-06,18,’“ŽÔi—Öjê,Ž{ù‚µ‚½,‚È‚µ
Þ“,ŽÔã‚Ë‚ç‚¢,–¾Î,–{’¬,282031,•ºŒÉŒ§,–¾ÎŽs,–{’¬‚P’š–Ú,2018-04-21,02,“¹˜Hã,Ž{ù‚µ‚½,‚ ‚è
Þ“,ŽÔã‚Ë‚ç‚¢,–¾Î,–{’¬,282031,•ºŒÉŒ§,–¾ÎŽs,’©–¶“ì’¬‚Q’š–Ú,2018-09-30,12,’“ŽÔi—Öjê,Ž{ù‚µ‚½,‚È‚µ
Þ“,ŽÔã‚Ë‚ç‚¢,–¾Î,‘å‘ ,282031,•ºŒÉŒ§,–¾ÎŽs,‘å‘ ’¬,2018-09-30,18,’“ŽÔi—Öjê,Ž{ù‚µ‚½,‚È‚µ
Þ“,ŽÔã‚Ë‚ç‚¢,–¾Î,‘å‘ ,282031,•ºŒÉŒ§,–¾ÎŽs,‘å‘ ’J‰œ,2018-09-30,01,’“ŽÔi—Öjê,Ž{ù‚µ‚½,‚È‚µ
Þ“,ŽÔã‚Ë‚ç‚¢,–¾Î,—Ñè,282031,•ºŒÉŒ§,–¾ÎŽs,‹Mè‚P’š–Ú,2018-08-20,19,’“ŽÔi—Öjê,Ž{ù‚µ‚½,‚È‚µ
Þ“,ŽÔã‚Ë‚ç‚¢,–¾Î,—Ñè,282031,•ºŒÉŒ§,–¾ÎŽs,‹{‚Ìã,2018-08-20,19,’“ŽÔi—Öjê,Ž{ù‚µ‚½,‚È‚µ
Þ“,ŽÔã‚Ë‚ç‚¢,–¾Î,¬‹v•Û,282031,•ºŒÉŒ§,–¾ÎŽs,¬‹v•Û‚T’š–Ú,2018-09-23,00,’“ŽÔi—Öjê,Ž{ù‚µ‚½,‚È‚µ
Þ“,ŽÔã‚Ë‚ç‚¢,–¾Î,‘å‹v•Û“ì,282031,•ºŒÉŒ§,–¾ÎŽs,‘å‹v•Û’¬‘å‹v•Û’¬,2018-08-20,20,’“ŽÔi—Öjê,Ž{ù‚µ‚½,‚È‚µ
Þ“,ŽÔã‚Ë‚ç‚¢,–¾Î,‘å‹v•Û“ì,282031,•ºŒÉŒ§,–¾ÎŽs,‘å‹v•Û’¬’J”ª–Ø,2018-09-06,21,ˆêŒËŒšZ‘î,Ž{ù‚µ‚½,‚ ‚è
Þ“,ŽÔã‚Ë‚ç‚¢,–¾Î,‘å‹v•Û“ì,282031,•ºŒÉŒ§,–¾ÎŽs,‘å‹v•Û’¬‚í‚©‚Î,2018-08-20,20,’“ŽÔi—Öjê,Ž{ù‚µ‚½,‚È‚µ
Þ“,ŽÔã‚Ë‚ç‚¢,–¾Î,‹›Z,282031,•ºŒÉŒ§,–¾ÎŽs,‹›Z’¬´…,2018-03-28,21,’“ŽÔi—Öjê,Ž{ù‚µ‚½,‚È‚µ
Þ“,ŽÔã‚Ë‚ç‚¢,–¾Î,‹›Z,282031,•ºŒÉŒ§,–¾ÎŽs,‹›Z’¬´…,2018-05-16,19,‚SŠKŒš‚ÄˆÈã‹¤“¯Z‘î,Ž{ù‚µ‚½,‚È‚µ
Þ“,ŽÔã‚Ë‚ç‚¢,–¾Î,‹›Z,282031,•ºŒÉŒ§,–¾ÎŽs,‹›Z’¬´…,2018-05-16,19,’“ŽÔi—Öjê,Ž{ù‚µ‚½,‚È‚µ
Þ“,ŽÔã‚Ë‚ç‚¢,–¾Î,‹›Z,282031,•ºŒÉŒ§,–¾ÎŽs,‹›Z’¬´…,2018-05-17,01,’“ŽÔi—Öjê,Ž{ù‚µ‚½,‚È‚µ
Þ“,ŽÔã‚Ë‚ç‚¢,–¾Î,‹›Z,282031,•ºŒÉŒ§,–¾ÎŽs,‹›Z’¬´…,2018-09-22,11,’“ŽÔi—Öjê,Ž{ù‚µ‚½,‚È‚µ
Þ“,ŽÔã‚Ë‚ç‚¢,–¾Î,‹›Z,282031,•ºŒÉŒ§,–¾ÎŽs,‹›Z’¬´…,2018-09-22,21,’“ŽÔi—Öjê,Ž{ù‚µ‚½,‚È‚µ
Þ“,ŽÔã‚Ë‚ç‚¢,–¾Î,‹›Z,282031,•ºŒÉŒ§,–¾ÎŽs,‹›Z’¬’·âŽ›,2018-05-16,18,’“ŽÔi—Öjê,Ž{ù‚µ‚½,‚È‚µ
Þ“,ŽÔã‚Ë‚ç‚¢,–¾Î,‹›Z,282031,•ºŒÉŒ§,–¾ÎŽs,‹›Z’¬’·âŽ›,2018-05-16,20,’“ŽÔi—Öjê,Ž{ù‚µ‚½,‚È‚µ
Þ“,ŽÔã‚Ë‚ç‚¢,–¾Î,‹›Z,282031,•ºŒÉŒ§,–¾ÎŽs,‹›Z’¬’·âŽ›,2018-08-23,15,’“ŽÔi—Öjê,Ž{ù‚µ‚½,‚È‚µ
Þ“,ŽÔã‚Ë‚ç‚¢,–¾Î,¼“ñŒ©,282031,•ºŒÉŒ§,–¾ÎŽs,‹›Z’¬´…,2018-05-13,17,’“ŽÔi—Öjê,Ž{ù‚µ‚½,‚È‚µ
Þ“,ŽÔã‚Ë‚ç‚¢,–¾Î,¼“ñŒ©,282031,•ºŒÉŒ§,–¾ÎŽs,‹›Z’¬´…,2018-05-16,20,’“ŽÔi—Öjê,Ž{ù‚µ‚½,‚È‚µ
Þ“,ŽÔã‚Ë‚ç‚¢,–¾Î,¼“ñŒ©,282031,•ºŒÉŒ§,–¾ÎŽs,“ñŒ©’¬¼“ñŒ©,2018-01-23,20,’“ŽÔi—Öjê,Ž{ù‚µ‚½,‚ ‚è
Þ“,ŽÔã‚Ë‚ç‚¢,–¾Î,¼“ñŒ©,282031,•ºŒÉŒ§,–¾ÎŽs,“ñŒ©’¬•Ÿ—¢,2018-05-16,18,’“ŽÔi—Öjê,Ž{ù‚µ‚½,‚È‚µ
Þ“,ŽÔã‚Ë‚ç‚¢,–¾Î,’©–¶’¬,282031,•ºŒÉŒ§,–¾ÎŽs,‘¾Ž›‘å–ì’¬,2018-01-28,10,’“ŽÔi—Öjê,Ž{ù‚µ‚½,‚È‚µ
Þ“,ŽÔã‚Ë‚ç‚¢,–¾Î,’©–¶’¬,282031,•ºŒÉŒ§,–¾ÎŽs,‘¾Ž›‘å–ì’¬,2018-01-28,17,’“ŽÔi—Öjê,Ž{ù‚µ‚½,‚È‚µ
Þ“,ŽÔã‚Ë‚ç‚¢,–¾Î,’©–¶’¬,282031,•ºŒÉŒ§,–¾ÎŽs,’†’©–¶‹u,2018-11-26,21,’“ŽÔi—Öjê,Ž{ù‚µ‚½,‚ ‚è
Þ“,ŽÔã‚Ë‚ç‚¢,–¾Î,’©–¶’¬,282031,•ºŒÉŒ§,–¾ÎŽs,’†’©–¶‹u,2018-11-27,02,’“ŽÔi—Öjê,Ž{ù‚µ‚½,‚ ‚è
Þ“,ŽÔã‚Ë‚ç‚¢,–¾Î,’©–¶’¬,282031,•ºŒÉŒ§,–¾ÎŽs,‰×ŽR’¬,2018-01-16,18,’“ŽÔi—Öjê,Ž{ù‚µ‚½,‚È‚µ
Þ“,ŽÔã‚Ë‚ç‚¢,ŽO–Ø,‘å’Ë,282154,•ºŒÉŒ§,ŽO–ØŽs,ã‚ÌŠÛ’¬,2018-01-19,15,’“ŽÔi—Öjê,Ž{ù‚µ‚½,‚È‚µ
Þ“,ŽÔã‚Ë‚ç‚¢,ŽO–Ø,‘å’Ë,282154,•ºŒÉŒ§,ŽO–ØŽs,‘å’Ë‚Q’š–Ú,2018-11-21,17,’“ŽÔi—Öjê,Ž{ù‚µ‚½,‚ ‚è
Þ“,ŽÔã‚Ë‚ç‚¢,ŽO–Ø,‘å’Ë,282154,•ºŒÉŒ§,ŽO–ØŽs,•{“à,2018-08-15,15,’“ŽÔi—Öjê,Ž{ù‚µ‚½,‚ ‚è
Þ“,ŽÔã‚Ë‚ç‚¢,ŽO–Ø,–{’¬,282154,•ºŒÉŒ§,ŽO–ØŽs,‘å‘º‚P’š–Ú,2018-11-07,15,’“ŽÔi—Öjê,Ž{ù‚µ‚½,‚ ‚è
Þ“,ŽÔã‚Ë‚ç‚¢,ŽO–Ø,–{’¬,282154,•ºŒÉŒ§,ŽO–ØŽs,‰Á²,2018-09-23,02,’“ŽÔi—Öjê,Ž{ù‚µ‚½,‚ ‚è
Þ“,ŽÔã‚Ë‚ç‚¢,ŽO–Ø,–{’¬,282154,•ºŒÉŒ§,ŽO–ØŽs,––L‚R’š–Ú,2018-05-01,05,’“ŽÔi—Öjê,Ž{ù‚µ‚½,‚ ‚è
Þ“,ŽÔã‚Ë‚ç‚¢,ŽO–Ø,–{’¬,282154,•ºŒÉŒ§,ŽO–ØŽs,•½“c‚Q’š–Ú,2018-01-30,17,’“ŽÔi—Öjê,Ž{ù‚µ‚½,‚È‚µ
Þ“,ŽÔã‚Ë‚ç‚¢,ŽO–Ø,–{’¬,282154,•ºŒÉŒ§,ŽO–ØŽs,•Ÿˆä,2018-04-20,21,’“ŽÔi—Öjê,Ž{ù‚µ‚½,‚ ‚è
Þ“,ŽÔã‚Ë‚ç‚¢,ŽO–Ø,•ÊŠ,282154,•ºŒÉŒ§,ŽO–ØŽs,•ÊŠ’¬‚–Ø,2018-04-23,19,’“ŽÔi—Öjê,Ž{ù‚µ‚½,‚ ‚è
Þ“,ŽÔã‚Ë‚ç‚¢,ŽO–Ø,•ÊŠ,282154,•ºŒÉŒ§,ŽO–ØŽs,•ÊŠ’¬¼”‡“c,2018-03-02,19,’“ŽÔi—Öjê,Ž{ù‚µ‚½,‚ ‚è
Þ“,ŽÔã‚Ë‚ç‚¢,ŽO–Ø,•ÊŠ,282154,•ºŒÉŒ§,ŽO–ØŽs,•ÊŠ’¬¼”‡“c‚P’š–Ú,2018-08-14,08,’“ŽÔi—Öjê,Ž{ù‚µ‚½,‚ ‚è
Þ“,ŽÔã‚Ë‚ç‚¢,ŽO–Ø,×ì,282154,•ºŒÉŒ§,ŽO–ØŽs,×ì’¬–L’n,2018-12-22,18,’“ŽÔi—Öjê,Ž{ù‚µ‚½,‚ ‚è
Þ“,ŽÔã‚Ë‚ç‚¢,ŽO–Ø,‘O“c,282154,•ºŒÉŒ§,ŽO–ØŽs,‹gì’¬ŽÀŠy,2018-04-25,14,“¹˜Hã,Ž{ù‚µ‚½,‚ ‚è
Þ“,ŽÔã‚Ë‚ç‚¢,ŽO–Ø,‘O“c,282154,•ºŒÉŒ§,ŽO–ØŽs,‹gì’¬•y‰ª,2018-12-11,15,’“ŽÔi—Öjê,Ž{ù‚µ‚½,‚ ‚è
Þ“,ŽÔã‚Ë‚ç‚¢,ŽO–Ø,Œäâ,282154,•ºŒÉŒ§,ŽO–ØŽs,Žuõ’¬ŒA‰®,2018-05-21,08,‚»‚Ì‘¼,Ž{ù‚µ‚½,‚ ‚è
Þ“,ŽÔã‚Ë‚ç‚¢,ŽO–Ø,‹g“c,282154,•ºŒÉŒ§,ŽO–ØŽs,Žuõ’¬‹g“c,2018-12-16,14,’“ŽÔi—Öjê,Ž{ù‚µ‚½,‚È‚µ
Þ“,ŽÔã‚Ë‚ç‚¢,ŽO–Ø,Ž©—R‚ª‹u,282154,•ºŒÉŒ§,ŽO–ØŽs,Žuõ’¬¼Ž©—R‚ª‹u‚Q’š–Ú,2018-11-24,18,“¹˜Hã,Ž{ù‚µ‚½,‚È‚µ
Þ“,ŽÔã‚Ë‚ç‚¢,ŽO–Ø,Ž©—R‚ª‹u,282154,•ºŒÉŒ§,ŽO–ØŽs,Žuõ’¬L–ì‚U’š–Ú,2018-01-07,23,’“ŽÔi—Öjê,Ž{ù‚µ‚½,‚ ‚è
Þ“,ŽÔã‚Ë‚ç‚¢,ŽO–Ø,—Î‚ª‹u,282154,•ºŒÉŒ§,ŽO–ØŽs,•ÊŠ’¬¬—Ñ,2018-01-20,07,’“ŽÔi—Öjê,Ž{ù‚µ‚½,‚È‚µ
Þ“,ŽÔã‚Ë‚ç‚¢,ŽO–Ø,—Î‚ª‹u,282154,•ºŒÉŒ§,ŽO–ØŽs,•ÊŠ’¬¼”‡“c,2018-01-20,18,’“ŽÔi—Öjê,Ž{ù‚µ‚½,‚ ‚è
Þ“,ŽÔã‚Ë‚ç‚¢,ŽO–Ø,‹gì,282154,•ºŒÉŒ§,ŽO–ØŽs,‹gì’¬‹gˆÀ,2018-09-07,16,’“ŽÔi—Öjê,Ž{ù‚µ‚½,‚È‚µ
Þ“,ŽÔã‚Ë‚ç‚¢,ŽO–Ø,‹gì,282154,•ºŒÉŒ§,ŽO–ØŽs,‹gì’¬‹gˆÀ,2018-12-18,10,’“ŽÔi—Öjê,Ž{ù‚µ‚½,‚ ‚è
Þ“,ŽÔã‚Ë‚ç‚¢,‰Á“Œ,ŽÐ,282286,•ºŒÉŒ§,‰Á“ŒŽs,‰ÆŒ´,2018-12-28,16,“¹˜Hã,Ž{ù‚µ‚½,‚ ‚è
Þ“,ŽÔã‚Ë‚ç‚¢,‰Á“Œ,ŽÐ,282286,•ºŒÉŒ§,‰Á“ŒŽs,Šì“c‚P’š–Ú,2018-08-23,20,’“ŽÔi—Öjê,Ž{ù‚µ‚½,‚È‚µ
Þ“,ŽÔã‚Ë‚ç‚¢,‰Á“Œ,ŽÐ,282286,•ºŒÉŒ§,‰Á“ŒŽs,ŽÐ,2018-03-20,11,’“ŽÔi—Öjê,Ž{ù‚µ‚½,‚È‚µ
Þ“,ŽÔã‚Ë‚ç‚¢,‰Á“Œ,ŽÐ,282286,•ºŒÉŒ§,‰Á“ŒŽs,ŽÐ,2018-04-21,11,’“ŽÔi—Öjê,Ž{ù‚µ‚½,‚ ‚è
Þ“,ŽÔã‚Ë‚ç‚¢,‰Á“Œ,ŽÐ,282286,•ºŒÉŒ§,‰Á“ŒŽs,ŽÐ,2018-05-27,16,’“ŽÔi—Öjê,Ž{ù‚µ‚½,‚ ‚è
Þ“,ŽÔã‚Ë‚ç‚¢,‰Á“Œ,ŽÐ,282286,•ºŒÉŒ§,‰Á“ŒŽs,ŽÐ,2018-09-07,12,’“ŽÔi—Öjê,Ž{ù‚µ‚½,‚È‚µ
Þ“,ŽÔã‚Ë‚ç‚¢,‰Á“Œ,ŽÐ,282286,•ºŒÉŒ§,‰Á“ŒŽs,ŽÐ,2018-10-12,17,’“ŽÔi—Öjê,Ž{ù‚µ‚½,‚ ‚è
Þ“,ŽÔã‚Ë‚ç‚¢,‰Á“Œ,ŽÐ,282286,•ºŒÉŒ§,‰Á“ŒŽs,ŽÐ,2018-12-24,13,’“ŽÔi—Öjê,Ž{ù‚µ‚½,‚È‚µ
Þ“,ŽÔã‚Ë‚ç‚¢,‰Á“Œ,ŽÐ,282286,•ºŒÉŒ§,‰Á“ŒŽs,ŽÐ,2018-12-29,10,’“ŽÔi—Öjê,Ž{ù‚µ‚½,‚È‚µ
Þ“,ŽÔã‚Ë‚ç‚¢,‰Á“Œ,•Ÿ“c,282286,•ºŒÉŒ§,‰Á“ŒŽs,“ŒŒÃ£,2018-06-28,08,’“ŽÔi—Öjê,Ž{ù‚µ‚½,‚ ‚è
Þ“,ŽÔã‚Ë‚ç‚¢,‰Á“Œ,•Ÿ“c,282286,•ºŒÉŒ§,‰Á“ŒŽs,“ŒŒÃ£,2018-07-12,13,’“ŽÔi—Öjê,Ž{ù‚µ‚½,‚ ‚è
Þ“,ŽÔã‚Ë‚ç‚¢,‰Á“Œ,ã‹v•Ä,282286,•ºŒÉŒ§,‰Á“ŒŽs,ã‹v•Ä,2018-05-08,16,“¹˜Hã,Ž{ù‚µ‚½,‚ ‚è
Þ“,ŽÔã‚Ë‚ç‚¢,‰Á“Œ,ã‹v•Ä,282286,•ºŒÉŒ§,‰Á“ŒŽs,‹v•Ä,2018-04-13,16,“¹˜Hã,Ž{ù‚µ‚½,‚ ‚è
Þ“,ŽÔã‚Ë‚ç‚¢,‰Á“Œ,ŽO‘,282286,•ºŒÉŒ§,‰Á“ŒŽs,–Ø—œ,2018-12-27,13,“¹˜Hã,Ž{ù‚µ‚½,‚ ‚è
Þ“,ŽÔã‚Ë‚ç‚¢,‰Á“Œ,‘ê–ì,282286,•ºŒÉŒ§,‰Á“ŒŽs,ã‘ê–ì,2018-12-12,17,’“ŽÔi—Öjê,Ž{ù‚µ‚½,‚È‚µ
Þ“,ŽÔã‚Ë‚ç‚¢,‰Á“Œ,‘ê–ì,282286,•ºŒÉŒ§,‰Á“ŒŽs,–k–ì,2018-03-13,11,’“ŽÔi—Öjê,Ž{ù‚µ‚½,‚ ‚è
Þ“,ŽÔã‚Ë‚ç‚¢,‰Á“Œ,‚‰ª,282286,•ºŒÉŒ§,‰Á“ŒŽs,‰Í‚,2018-08-08,12,“¹˜Hã,Ž{ù‚µ‚½,‚ ‚è
Þ“,ŽÔã‚Ë‚ç‚¢,‰Á“Œ,‚‰ª,282286,•ºŒÉŒ§,‰Á“ŒŽs,‰Í‚,2018-08-11,15,’“ŽÔi—Öjê,Ž{ù‚µ‚½,‚ ‚è
Þ“,ŽÔã‚Ë‚ç‚¢,‰Á“Œ,‚‰ª,282286,•ºŒÉŒ§,‰Á“ŒŽs,‰Í‚,2018-10-27,14,’“ŽÔi—Öjê,Ž{ù‚µ‚½,‚È‚µ
Þ“,ŽÔã‚Ë‚ç‚¢,‰Á“Œ,‚‰ª,282286,•ºŒÉŒ§,‰Á“ŒŽs,‰Í‚,2018-11-15,13,’“ŽÔi—Öjê,Ž{ù‚µ‚½,‚È‚µ
Þ“,ŽÔã‚Ë‚ç‚¢,‰Á“Œ,‚‰ª,282286,•ºŒÉŒ§,‰Á“ŒŽs,‚‰ª,2018-04-23,00,’“ŽÔi—Öjê,Ž{ù‚µ‚½,‚È‚µ
Þ“,ŽÔã‚Ë‚ç‚¢,‰Á“Œ,‚‰ª,282286,•ºŒÉŒ§,‰Á“ŒŽs,‚‰ª,2018-09-23,14,’“ŽÔi—Öjê,Ž{ù‚µ‚½,‚ ‚è
Þ“,ŽÔã‚Ë‚ç‚¢,‰Á“Œ,“V_,282286,•ºŒÉŒ§,‰Á“ŒŽs,Šâ‰®,2018-12-13,16,’“ŽÔi—Öjê,Ž{ù‚µ‚½,‚ ‚è
Þ“,ŽÔã‚Ë‚ç‚¢,‰Á“Œ,“V_,282286,•ºŒÉŒ§,‰Á“ŒŽs,‰ª–{,2018-02-09,13,‚»‚Ì‘¼,Ž{ù‚µ‚½,‚ ‚è
Þ“,ŽÔã‚Ë‚ç‚¢,‰Á¼,–kð,282201,•ºŒÉŒ§,‰Á¼Žs,,2017-12-29,09,’“ŽÔi—Öjê,Ž{ù‚µ‚½,‚ ‚è
Þ“,ŽÔã‚Ë‚ç‚¢,‰Á¼,–kð,282201,•ºŒÉŒ§,‰Á¼Žs,–kð’¬ŒI“c,2018-09-07,13,‚»‚Ì‘¼,Ž{ù‚µ‚½,‚ ‚è
Þ“,ŽÔã‚Ë‚ç‚¢,‰Á¼,–kð,282201,•ºŒÉŒ§,‰Á¼Žs,–kð’¬ŒÃâ‚U’š–Ú,2018-12-10,16,’“ŽÔi—Öjê,Ž{ù‚µ‚½,‚ ‚è
Þ“,ŽÔã‚Ë‚ç‚¢,‰Á¼,–kð,282201,•ºŒÉŒ§,‰Á¼Žs,–kð’¬–kð,2018-02-01,15,’“ŽÔi—Öjê,Ž{ù‚µ‚½,‚È‚µ
Þ“,ŽÔã‚Ë‚ç‚¢,‰Á¼,–kð,282201,•ºŒÉŒ§,‰Á¼Žs,–kð’¬‰¡”ö,2018-03-20,09,’“ŽÔi—Öjê,Ž{ù‚µ‚½,‚ ‚è
Þ“,ŽÔã‚Ë‚ç‚¢,‰Á¼,•x“c,282201,•ºŒÉŒ§,‰Á¼Žs,¼’J’¬,2017-12-30,14,’“ŽÔi—Öjê,Ž{ù‚µ‚½,‚ ‚è
Þ“,ŽÔã‚Ë‚ç‚¢,‰Á¼,•x“c,282201,•ºŒÉŒ§,‰Á¼Žs,”¨’¬,2018-02-26,09,‚»‚Ì‘¼,Ž{ù‚µ‚½,‚È‚µ
Þ“,ŽÔã‚Ë‚ç‚¢,‰Á¼,‰ê–Î,282201,•ºŒÉŒ§,‰Á¼Žs,’ÁŠâ’¬,2018-05-16,22,ˆêŒËŒšZ‘î,Ž{ù‚µ‚½,‚ ‚è
Þ“,ŽÔã‚Ë‚ç‚¢,‰Á¼,‰ê–Î,282201,•ºŒÉŒ§,‰Á¼Žs,ŽR‰º’¬,2018-04-04,13,‚»‚Ì‘¼,Ž{ù‚µ‚½,‚È‚µ
Þ“,ŽÔã‚Ë‚ç‚¢,‰Á¼,‰ê–Î,282201,•ºŒÉŒ§,‰Á¼Žs,ŽR‰º’¬,2018-08-15,14,‚»‚Ì‘¼,Ž{ù‚µ‚½,‚ ‚è
Þ“,ŽÔã‚Ë‚ç‚¢,‰Á¼,‰ê–Î,282201,•ºŒÉŒ§,‰Á¼Žs,ŽR‰º’¬,2018-10-27,13,‚»‚Ì‘¼,Ž{ù‚µ‚½,‚È‚µ
Þ“,ŽÔã‚Ë‚ç‚¢,‰Á¼,‰ê–Î,282201,•ºŒÉŒ§,‰Á¼Žs,ŽR‰º’¬,2018-11-22,19,’“ŽÔi—Öjê,Ž{ù‚µ‚½,‚ ‚è
Þ“,ŽÔã‚Ë‚ç‚¢,‰Á¼,ŽOŒû,282201,•ºŒÉŒ§,‰Á¼Žs,‘q’J’¬,2018-12-11,15,‚»‚Ì‘¼,Ž{ù‚µ‚½,‚ ‚è
Þ“,ŽÔã‚Ë‚ç‚¢,‰Á¼,ŽOŒû,282201,•ºŒÉŒ§,‰Á¼Žs,‘q’J’¬,2018-12-15,14,‚»‚Ì‘¼,Ž{ù‚µ‚½,‚ ‚è
Þ“,ŽÔã‚Ë‚ç‚¢,‰Á¼,ŽOŒû,282201,•ºŒÉŒ§,‰Á¼Žs,‘q’J’¬,2018-12-29,14,’“ŽÔi—Öjê,Ž{ù‚µ‚½,‚ ‚è
Þ“,ŽÔã‚Ë‚ç‚¢,‰Á¼,–Ôˆø,282201,•ºŒÉŒ§,‰Á¼Žs,ŒKŒ´“c’¬,2018-04-20,13,“¹˜Hã,Ž{ù‚µ‚½,‚ ‚è
Þ“,ŽÔã‚Ë‚ç‚¢,‰Á¼,–Ôˆø,282201,•ºŒÉŒ§,‰Á¼Žs,“cŒ´’¬,2018-05-29,19,’“ŽÔi—Öjê,Ž{ù‚µ‚½,‚ ‚è
Þ“,ŽÔã‚Ë‚ç‚¢,‰Á¼,–Ôˆø,282201,•ºŒÉŒ§,‰Á¼Žs,“cŒ´’¬,2018-12-15,13,‚»‚Ì‘¼,Ž{ù‚µ‚½,‚ ‚è
Þ“,ŽÔã‚Ë‚ç‚¢,‰Á¼,•x‡,282201,•ºŒÉŒ§,‰Á¼Žs,–L‘q’¬,2018-12-27,16,“¹˜Hã,Ž{ù‚µ‚½,‚ ‚è
Þ“,ŽÔã‚Ë‚ç‚¢,‰Á¼,•x‡,282201,•ºŒÉŒ§,‰Á¼Žs,•Ê•{’¬,2018-10-27,14,“¹˜Hã,Ž{ù‚µ‚½,‚ ‚è
Þ“,ŽÔã‚Ë‚ç‚¢,‰Á¼,“ú‹g,282201,•ºŒÉŒ§,‰Á¼Žs,˜aò’¬,2018-09-23,13,’“ŽÔi—Öjê,Ž{ù‚µ‚½,‚ ‚è
Þ“,ŽÔã‚Ë‚ç‚¢,‰Á¼,“ú‹g,282201,•ºŒÉŒ§,‰Á¼Žs,‰Í“à’¬,2018-04-23,18,’“ŽÔi—Öjê,Ž{ù‚µ‚½,‚ ‚è
Þ“,ŽÔã‚Ë‚ç‚¢,‰Á¼,“ú‹g,282201,•ºŒÉŒ§,‰Á¼Žs,‰Í“à’¬,2018-11-15,15,‚»‚Ì‘¼,Ž{ù‚µ‚½,‚ ‚è
Þ“,ŽÔã‚Ë‚ç‚¢,‰Á¼,“ú‹g,282201,•ºŒÉŒ§,‰Á¼Žs,–kð’¬–kð,2018-09-03,08,’“ŽÔi—Öjê,Ž{ù‚µ‚½,‚ ‚è
Þ“,ŽÔã‚Ë‚ç‚¢,‰Á¼,Š›’J,282201,•ºŒÉŒ§,‰Á¼Žs,Š›’J’¬,2017-12-29,13,’“ŽÔi—Öjê,Ž{ù‚µ‚½,‚ ‚è
Þ“,ŽÔã‚Ë‚ç‚¢,‰Á¼,Š›’J,282201,•ºŒÉŒ§,‰Á¼Žs,“aŒ´’¬,2018-01-27,17,’“ŽÔi—Öjê,Ž{ù‚µ‚½,‚È‚µ
Þ“,ŽÔã‚Ë‚ç‚¢,‰Á¼,Š›’J,282201,•ºŒÉŒ§,‰Á¼Žs,“aŒ´’¬,2018-05-15,11,’“ŽÔi—Öjê,Ž{ù‚µ‚½,‚ ‚è
Þ“,ŽÔã‚Ë‚ç‚¢,‰Á¼,Š›’J,282201,•ºŒÉŒ§,‰Á¼Žs,“aŒ´’¬,2018-07-12,10,’“ŽÔi—Öjê,Ž{ù‚µ‚½,‚È‚µ
Þ“,ŽÔã‚Ë‚ç‚¢,¼˜e,¼˜e’†‰›,282138,•ºŒÉŒ§,¼˜eŽs,ã–ì,2018-01-14,23,’“ŽÔi—Öjê,Ž{ù‚µ‚½,‚È‚µ
Þ“,ŽÔã‚Ë‚ç‚¢,¼˜e,¼˜e’†‰›,282138,•ºŒÉŒ§,¼˜eŽs,ã–ì,2018-01-27,19,’“ŽÔi—Öjê,Ž{ù‚µ‚½,‚ ‚è
Þ“,ŽÔã‚Ë‚ç‚¢,¼˜e,–ì‘º,282138,•ºŒÉŒ§,¼˜eŽs,–ì‘º’¬,2018-05-29,17,’“ŽÔi—Öjê,Ž{ù‚µ‚½,‚È‚µ
Þ“,ŽÔã‚Ë‚ç‚¢,¼˜e,–ì‘º,282138,•ºŒÉŒ§,¼˜eŽs,–ì‘º’¬,2018-11-22,18,’“ŽÔi—Öjê,Ž{ù‚µ‚½,‚ ‚è
Þ“,ŽÔã‚Ë‚ç‚¢,¼˜e,–ì‘º,282138,•ºŒÉŒ§,¼˜eŽs,•½–ì’¬,2018-03-07,15,“¹˜Hã,Ž{ù‚µ‚½,‚ ‚è
Þ“,ŽÔã‚Ë‚ç‚¢,¼˜e,’Ã–œ,282138,•ºŒÉŒ§,¼˜eŽs,Ž›“à,2018-11-28,18,’“ŽÔi—Öjê,Ž{ù‚µ‚½,‚ ‚è
Þ“,ŽÔã‚Ë‚ç‚¢,¼˜e,”ä‰„,282138,•ºŒÉŒ§,¼˜eŽs,Ž­–ì’¬,2018-08-13,17,’“ŽÔi—Öjê,Ž{ù‚µ‚½,‚È‚µ
Þ“,ŽÔã‚Ë‚ç‚¢,¼˜e,”ä‰„,282138,•ºŒÉŒ§,¼˜eŽs,”ä‰„’¬,2018-09-22,14,’“ŽÔi—Öjê,Ž{ù‚µ‚½,‚ ‚è
Þ“,ŽÔã‚Ë‚ç‚¢,¼˜e,”ä‰„,282138,•ºŒÉŒ§,¼˜eŽs,–x’¬,2018-05-29,20,’“ŽÔi—Öjê,Ž{ù‚µ‚½,‚ ‚è
Þ“,ŽÔã‚Ë‚ç‚¢,¼˜e,Šì‘½,282138,•ºŒÉŒ§,¼˜eŽs,•“c¯’¬•Ÿ’n,2018-11-25,22,‚»‚Ì‘¼,Ž{ù‚µ‚½,‚È‚µ
Þ“,ŽÔã‚Ë‚ç‚¢,¼˜e,ÎŒ´,282138,•ºŒÉŒ§,¼˜eŽs,ŽsŒ´’¬,2018-11-13,13,’“ŽÔi—Öjê,Ž{ù‚µ‚½,‚ ‚è
Þ“,ŽÔã‚Ë‚ç‚¢,¼˜e,ÎŒ´,282138,•ºŒÉŒ§,¼˜eŽs,•“c¯’¬‘D’¬,2018-06-15,08,’“ŽÔi—Öjê,Ž{ù‚µ‚½,‚È‚µ
Þ“,ŽÔã‚Ë‚ç‚¢,¼˜e,–F“c,282138,•ºŒÉŒ§,¼˜eŽs,‰ªè’¬,2018-06-27,18,’“ŽÔi—Öjê,Ž{ù‚µ‚½,‚ ‚è
Þ“,ŽÔã‚Ë‚ç‚¢,¼˜e,–F“c,282138,•ºŒÉŒ§,¼˜eŽs,…”ö’¬,2018-02-05,14,’“ŽÔi—Öjê,Ž{ù‚µ‚½,‚ ‚è
Þ“,ŽÔã‚Ë‚ç‚¢,¼˜e,’†’¬,283657,•ºŒÉŒ§,‘½‰Â’¬,‰Á”ü‹æ–å‘º,2018-08-26,14,“¹˜Hã,Ž{ù‚µ‚½,‚È‚µ
Þ“,ŽÔã‚Ë‚ç‚¢,¼˜e,’†’¬,283657,•ºŒÉŒ§,‘½‰Â’¬,’†‹æ–Î—˜,2018-11-01,17,’“ŽÔi—Öjê,Ž{ù‚µ‚½,‚ ‚è
Þ“,ŽÔã‚Ë‚ç‚¢,¼˜e,’†’¬,283657,•ºŒÉŒ§,‘½‰Â’¬,’†‹æ‘]‰äˆä,2018-08-09,13,‚»‚Ì‘¼,Ž{ù‚µ‚½,‚ ‚è
Þ“,ŽÔã‚Ë‚ç‚¢,¼˜e,’†’¬,283657,•ºŒÉŒ§,‘½‰Â’¬,’†‹æ‚ŠÝ,2018-05-04,17,“¹˜Hã,Ž{ù‚µ‚½,‚ ‚è
Þ“,ŽÔã‚Ë‚ç‚¢,¼˜e,’†’¬,283657,•ºŒÉŒ§,‘½‰Â’¬,’†‹æ–q–ì,2018-04-13,14,“¹˜Hã,Ž{ù‚µ‚½,‚ ‚è
Þ“,ŽÔã‚Ë‚ç‚¢,¼˜e,¼ˆä¯,283657,•ºŒÉŒ§,‘½‰Â’¬,‰Á”ü‹æŒF–ì•”,2018-05-18,13,’“ŽÔi—Öjê,Ž{ù‚µ‚½,‚ ‚è
Þ“,ŽÔã‚Ë‚ç‚¢,¼˜e,¼ˆä¯,283657,•ºŒÉŒ§,‘½‰Â’¬,‰Á”ü‹æŒF–ì•”,2018-08-18,19,’“ŽÔi—Öjê,Ž{ù‚µ‚½,‚ ‚è
Þ“,ŽÔã‚Ë‚ç‚¢,¼˜e,¼ˆä¯,283657,•ºŒÉŒ§,‘½‰Â’¬,‰Á”ü‹æŽ›“à,2018-01-21,18,’“ŽÔi—Öjê,Ž{ù‚µ‚½,‚ ‚è
Þ“,ŽÔã‚Ë‚ç‚¢,¼˜e,¼ˆä¯,283657,•ºŒÉŒ§,‘½‰Â’¬,‰Á”ü‹æ–L•”,2018-11-16,18,’“ŽÔi—Öjê,Ž{ù‚µ‚½,‚ ‚è
Þ“,ŽÔã‚Ë‚ç‚¢,¼˜e,™Œ´’J,283657,•ºŒÉŒ§,‘½‰Â’¬,‰Á”ü‹æ´…,2018-02-22,15,“¹˜Hã,Ž{ù‚µ‚½,‚ ‚è
Þ“,ŽÔã‚Ë‚ç‚¢,‰ÁŒÃì,‰ÁŒÃì‰w‘O,282103,•ºŒÉŒ§,‰ÁŒÃìŽs,‰ÁŒÃì’¬‰ÍŒ´,2018-06-27,19,’“ŽÔi—Öjê,Ž{ù‚µ‚½,‚ ‚è
Þ“,ŽÔã‚Ë‚ç‚¢,‰ÁŒÃì,‰ÁŒÃì‰w‘O,282103,•ºŒÉŒ§,‰ÁŒÃìŽs,‰ÁŒÃì’¬–kÝ‰Æ,2018-01-04,14,’“ŽÔi—Öjê,Ž{ù‚µ‚½,‚ ‚è
Þ“,ŽÔã‚Ë‚ç‚¢,‰ÁŒÃì,‰ÁŒÃì‰w‘O,282103,•ºŒÉŒ§,‰ÁŒÃìŽs,‰ÁŒÃì’¬–Ø‘º,2018-03-10,19,’“ŽÔi—Öjê,Ž{ù‚µ‚½,‚ ‚è
Þ“,ŽÔã‚Ë‚ç‚¢,‰ÁŒÃì,‰ÁŒÃì‰w‘O,282103,•ºŒÉŒ§,‰ÁŒÃìŽs,‰ÁŒÃì’¬–Ø‘º,2018-11-08,18,’“ŽÔi—Öjê,Ž{ù‚µ‚½,‚È‚µ
Þ“,ŽÔã‚Ë‚ç‚¢,‰ÁŒÃì,‰ÁŒÃì‰w‘O,282103,•ºŒÉŒ§,‰ÁŒÃìŽs,‰ÁŒÃì’¬ŽÂŒ´’¬,2018-02-02,11,‚»‚Ì‘¼,Ž{ù‚µ‚½,‚È‚µ
Þ“,ŽÔã‚Ë‚ç‚¢,‰ÁŒÃì,”µ—¢,282103,•ºŒÉŒ§,‰ÁŒÃìŽs,‰ÁŒÃì’¬–Ø‘º,2018-09-13,16,’“ŽÔi—Öjê,Ž{ù‚µ‚½,‚È‚µ
Þ“,ŽÔã‚Ë‚ç‚¢,‰ÁŒÃì,”µ—¢,282103,•ºŒÉŒ§,‰ÁŒÃìŽs,‰ÁŒÃì’¬–Ø‘º,2018-10-14,18,’“ŽÔi—Öjê,Ž{ù‚µ‚½,‚È‚µ
Þ“,ŽÔã‚Ë‚ç‚¢,‰ÁŒÃì,”µ—¢,282103,•ºŒÉŒ§,‰ÁŒÃìŽs,‰ÁŒÃì’¬—F‘ò,2018-08-02,19,’“ŽÔi—Öjê,Ž{ù‚µ‚½,‚ ‚è
Þ“,ŽÔã‚Ë‚ç‚¢,‰ÁŒÃì,”µ—¢,282103,•ºŒÉŒ§,‰ÁŒÃìŽs,‰ÁŒÃì’¬—F‘ò,2018-12-27,13,’“ŽÔi—Öjê,Ž{ù‚µ‚½,‚ ‚è
Þ“,ŽÔã‚Ë‚ç‚¢,‰ÁŒÃì,”µ—¢,282103,•ºŒÉŒ§,‰ÁŒÃìŽs,‰ÁŒÃì’¬”õŒã,2018-03-02,20,’“ŽÔi—Öjê,Ž{ù‚µ‚½,‚È‚µ
Þ“,ŽÔã‚Ë‚ç‚¢,‰ÁŒÃì,“ú‰ª,282103,•ºŒÉŒ§,‰ÁŒÃìŽs,‰ÁŒÃì’¬‘å–ì,2018-04-18,20,’“ŽÔi—Öjê,Ž{ù‚µ‚½,‚ ‚è
Þ“,ŽÔã‚Ë‚ç‚¢,‰ÁŒÃì,“ú‰ª,282103,•ºŒÉŒ§,‰ÁŒÃìŽs,‰ÁŒÃì’¬‰ÍŒ´,2018-10-03,18,’“ŽÔi—Öjê,Ž{ù‚µ‚½,‚ ‚è
Þ“,ŽÔã‚Ë‚ç‚¢,‰ÁŒÃì,_–ì,282103,•ºŒÉŒ§,‰ÁŒÃìŽs,_–ì’¬ÎŽç,2018-02-22,16,’“ŽÔi—Öjê,Ž{ù‚µ‚½,‚ ‚è
Þ“,ŽÔã‚Ë‚ç‚¢,‰ÁŒÃì,”öã,282103,•ºŒÉŒ§,‰ÁŒÃìŽs,”öã’¬’r“c,2018-03-02,20,’“ŽÔi—Öjê,Ž{ù‚µ‚½,‚È‚µ
Þ“,ŽÔã‚Ë‚ç‚¢,‰ÁŒÃì,”öã,282103,•ºŒÉŒ§,‰ÁŒÃìŽs,”öã’¬ˆÀ“c,2018-01-14,20,’“ŽÔi—Öjê,Ž{ù‚µ‚½,‚È‚µ
Þ“,ŽÔã‚Ë‚ç‚¢,‰ÁŒÃì,–ìŒû,282103,•ºŒÉŒ§,‰ÁŒÃìŽs,–ìŒû’¬’·»,2018-01-14,17,’“ŽÔi—Öjê,Ž{ù‚µ‚½,‚È‚µ
Þ“,ŽÔã‚Ë‚ç‚¢,‰ÁŒÃì,–ìŒû,282103,•ºŒÉŒ§,‰ÁŒÃìŽs,–ìŒû’¬’·»,2018-05-09,18,’“ŽÔi—Öjê,Ž{ù‚µ‚½,‚È‚µ
Þ“,ŽÔã‚Ë‚ç‚¢,‰ÁŒÃì,•Ê•{,282103,•ºŒÉŒ§,‰ÁŒÃìŽs,•½‰ª’¬’†–ì,2018-01-14,21,’“ŽÔi—Öjê,Ž{ù‚µ‚½,‚È‚µ
Þ“,ŽÔã‚Ë‚ç‚¢,‰ÁŒÃì,•Ê•{,282103,•ºŒÉŒ§,‰ÁŒÃìŽs,•Ê•{’¬•Ê•{,2018-03-08,20,’“ŽÔi—Öjê,Ž{ù‚µ‚½,‚È‚µ
Þ“,ŽÔã‚Ë‚ç‚¢,‰ÁŒÃì,“Œ‰ÁŒÃì,282103,•ºŒÉŒ§,‰ÁŒÃìŽs,–ìŒû’¬’·»,2018-03-17,16,’“ŽÔi—Öjê,Ž{ù‚µ‚½,‚È‚µ
Þ“,ŽÔã‚Ë‚ç‚¢,‰ÁŒÃì,“Œ‰ÁŒÃì,282103,•ºŒÉŒ§,‰ÁŒÃìŽs,•½‰ª’¬VÝ‰Æ,2018-02-15,18,’“ŽÔi—Öjê,Ž{ù‚µ‚½,‚È‚µ
Þ“,ŽÔã‚Ë‚ç‚¢,‰ÁŒÃì,“Œ‰ÁŒÃì,282103,•ºŒÉŒ§,‰ÁŒÃìŽs,•½‰ª’¬VÝ‰Æ,2018-02-20,17,’“ŽÔi—Öjê,Ž{ù‚µ‚½,‚È‚µ
Þ“,ŽÔã‚Ë‚ç‚¢,‰ÁŒÃì,“Œ‰ÁŒÃì,282103,•ºŒÉŒ§,‰ÁŒÃìŽs,•½‰ª’¬VÝ‰Æ,2018-02-28,22,‚»‚Ì‘¼‚ÌZ‘îi‚RŠKŒš‚ÄˆÈ‰º‹¤“¯Z‘î“™j,Ž{ù‚µ‚½,‚È‚µ
Þ“,ŽÔã‚Ë‚ç‚¢,‰ÁŒÃì,“Œ‰ÁŒÃì,282103,•ºŒÉŒ§,‰ÁŒÃìŽs,•½‰ª’¬VÝ‰Æ‚Q’š–Ú,2018-04-25,09,’“ŽÔi—Öjê,Ž{ù‚µ‚½,‚ ‚è
Þ“,ŽÔã‚Ë‚ç‚¢,‰ÁŒÃì,“yŽR,282103,•ºŒÉŒ§,‰ÁŒÃìŽs,•½‰ª’¬“yŽR,2018-02-22,06,’“ŽÔi—Öjê,Ž{ù‚µ‚½,‚È‚µ
Þ“,ŽÔã‚Ë‚ç‚¢,‰ÁŒÃì,–{‘‘,283827,•ºŒÉŒ§,”d–’¬,–k–{‘‘‚P’š–Ú,2018-03-08,21,’“ŽÔi—Öjê,Ž{ù‚µ‚½,‚È‚µ
Þ“,ŽÔã‚Ë‚ç‚¢,‰ÁŒÃì,–{‘‘,283827,•ºŒÉŒ§,”d–’¬,–k–{‘‘‚S’š–Ú,2018-07-24,20,’“ŽÔi—Öjê,Ž{ù‚µ‚½,‚È‚µ
Þ“,ŽÔã‚Ë‚ç‚¢,‰ÁŒÃì,–{‘‘,283827,•ºŒÉŒ§,”d–’¬,–k–{‘‘‚V’š–Ú,2018-03-16,17,’“ŽÔi—Öjê,Ž{ù‚µ‚½,‚È‚µ
Þ“,ŽÔã‚Ë‚ç‚¢,‰ÁŒÃì,–{‘‘,283827,•ºŒÉŒ§,”d–’¬,‹{–k‚Q’š–Ú,2018-03-08,11,’“ŽÔi—Öjê,Ž{ù‚µ‚½,‚È‚µ
Þ“,ŽÔã‚Ë‚ç‚¢,‰ÁŒÃì,–{‘‘,283827,•ºŒÉŒ§,”d–’¬,‹{–k‚Q’š–Ú,2018-03-08,21,’“ŽÔi—Öjê,Ž{ù‚µ‚½,‚È‚µ
Þ“,ŽÔã‚Ë‚ç‚¢,‰ÁŒÃì,–{‘‘,283827,•ºŒÉŒ§,”d–’¬,“Œ–{‘‘‚P’š–Ú,2018-03-08,17,’“ŽÔi—Öjê,Ž{ù‚µ‚½,‚È‚µ
Þ“,ŽÔã‚Ë‚ç‚¢,‰ÁŒÃì,ˆî”ü,283819,•ºŒÉŒ§,ˆî”ü’¬,‘‰ª‚R’š–Ú,2018-02-28,17,’“ŽÔi—Öjê,Ž{ù‚µ‚½,‚ ‚è
Þ“,ŽÔã‚Ë‚ç‚¢,‰ÁŒÃì,ˆî”ü,283819,•ºŒÉŒ§,ˆî”ü’¬,‘ˆÀ,2018-10-12,20,’“ŽÔi—Öjê,Ž{ù‚µ‚½,‚È‚µ
Þ“,ŽÔã‚Ë‚ç‚¢,‰ÁŒÃì,ˆî”ü,283819,•ºŒÉŒ§,ˆî”ü’¬,’†ˆêF,2018-11-09,16,’“ŽÔi—Öjê,Ž{ù‚µ‚½,‚ ‚è
Þ“,ŽÔã‚Ë‚ç‚¢,‰ÁŒÃì,ˆî”ü,283819,•ºŒÉŒ§,ˆî”ü’¬,˜Z•ªˆê,2018-02-02,19,’“ŽÔi—Öjê,Ž{ù‚µ‚½,‚ ‚è
Þ“,ŽÔã‚Ë‚ç‚¢,‰ÁŒÃì,”ª”¦,282103,•ºŒÉŒ§,‰ÁŒÃìŽs,”ª”¦’¬’†¼ð,2018-11-24,09,’“ŽÔi—Öjê,Ž{ù‚µ‚½,‚È‚µ
Þ“,ŽÔã‚Ë‚ç‚¢,‰ÁŒÃì,”ª”¦,282103,•ºŒÉŒ§,‰ÁŒÃìŽs,”ª”¦’¬‘D’¬,2018-07-01,17,ˆêŒËŒšZ‘î,Ž{ù‚µ‚½,‚È‚µ
Þ“,ŽÔã‚Ë‚ç‚¢,‰ÁŒÃì,—¼‘‘,282103,•ºŒÉŒ§,‰ÁŒÃìŽs,ã‘‘’¬ˆäƒmŒû,2018-10-08,13,’“ŽÔi—Öjê,Ž{ù‚µ‚½,‚È‚µ
Þ“,ŽÔã‚Ë‚ç‚¢,‰ÁŒÃì,—¼‘‘,282103,•ºŒÉŒ§,‰ÁŒÃìŽs,ã‘‘’¬“s‘ä‚P’š–Ú,2018-01-21,11,ˆêŒËŒšZ‘î,Ž{ù‚µ‚½,‚ ‚è
Þ“,ŽÔã‚Ë‚ç‚¢,‰ÁŒÃì,—¼‘‘,282103,•ºŒÉŒ§,‰ÁŒÃìŽs,•½‘‘’¬ãŒ´,2018-10-21,10,“¹˜Hã,Ž{ù‚µ‚½,‚ ‚è
Þ“,ŽÔã‚Ë‚ç‚¢,‰ÁŒÃì,—¼‘‘,282103,•ºŒÉŒ§,‰ÁŒÃìŽs,•½‘‘’¬—¢,2018-01-30,16,“¹˜Hã,Ž{ù‚µ‚½,‚È‚µ
Þ“,ŽÔã‚Ë‚ç‚¢,‰ÁŒÃì,_‹g,282103,•ºŒÉŒ§,‰ÁŒÃìŽs,“Œ_‹g’¬_‹g,2018-01-25,11,’“ŽÔi—Öjê,Ž{ù‚µ‚½,‚ ‚è
Þ“,ŽÔã‚Ë‚ç‚¢,‰ÁŒÃì,_‹g,282103,•ºŒÉŒ§,‰ÁŒÃìŽs,“Œ_‹g’¬_‹g,2018-05-01,18,’“ŽÔi—Öjê,Ž{ù‚µ‚½,‚È‚µ
Þ“,ŽÔã‚Ë‚ç‚¢,‰ÁŒÃì,_‹g,282103,•ºŒÉŒ§,‰ÁŒÃìŽs,“Œ_‹g’¬_‹g,2018-05-24,18,’“ŽÔi—Öjê,Ž{ù‚µ‚½,‚È‚µ
Þ“,ŽÔã‚Ë‚ç‚¢,‰ÁŒÃì,Žu•û“Œ,282103,•ºŒÉŒ§,‰ÁŒÃìŽs,Žu•û’¬‘åàV,2018-02-17,13,’“ŽÔi—Öjê,Ž{ù‚µ‚½,‚È‚µ
Þ“,ŽÔã‚Ë‚ç‚¢,‰ÁŒÃì,Žu•û“Œ,282103,•ºŒÉŒ§,‰ÁŒÃìŽs,Žu•û’¬×HŠ,2018-01-28,15,’“ŽÔi—Öjê,Ž{ù‚µ‚½,‚ ‚è
Þ“,ŽÔã‚Ë‚ç‚¢,‰ÁŒÃì,Žu•û“Œ,282103,•ºŒÉŒ§,‰ÁŒÃìŽs,Žu•û’¬”¨,2018-01-12,17,“¹˜Hã,Ž{ù‚µ‚½,‚ ‚è
Þ“,ŽÔã‚Ë‚ç‚¢,‰ÁŒÃì,Žu•û,282103,•ºŒÉŒ§,‰ÁŒÃìŽs,Žu•û’¬Žu•û’¬,2018-07-25,17,’“ŽÔi—Öjê,Ž{ù‚µ‚½,‚ ‚è
Þ“,ŽÔã‚Ë‚ç‚¢,‰ÁŒÃì,Žu•û,282103,•ºŒÉŒ§,‰ÁŒÃìŽs,Žu•û’¬¼”Ñâ,2018-03-24,14,’“ŽÔi—Öjê,Ž{ù‚µ‚½,‚ ‚è
Þ“,ŽÔã‚Ë‚ç‚¢,‰ÁŒÃì,Žu•û,282103,•ºŒÉŒ§,‰ÁŒÃìŽs,Žu•û’¬¼–q,2018-03-11,12,ˆêŒËŒšZ‘î,Ž{ù‚µ‚½,‚È‚µ
Þ“,ŽÔã‚Ë‚ç‚¢,‰ÁŒÃì,Žu•û,282103,•ºŒÉŒ§,‰ÁŒÃìŽs,Žu•û’¬“Š¼,2018-09-29,17,’“ŽÔi—Öjê,Ž{ù‚µ‚½,‚È‚µ
Þ“,ŽÔã‚Ë‚ç‚¢,‰ÁŒÃì,V_–ì,282103,•ºŒÉŒ§,‰ÁŒÃìŽs,¼ðŽRŽè‚Q’š–Ú,2018-08-16,10,’“ŽÔi—Öjê,Ž{ù‚µ‚½,‚ ‚è
Þ“,ŽÔã‚Ë‚ç‚¢,‰ÁŒÃì,–ì“Y,283827,•ºŒÉŒ§,”d–’¬,“Œ–ì“Y‚R’š–Ú,2018-04-16,21,ˆêŒËŒšZ‘î,Ž{ù‚µ‚½,‚È‚µ
Þ“,ŽÔã‚Ë‚ç‚¢,‰ÁŒÃì,Œ§”_‘O,282103,•ºŒÉŒ§,‰ÁŒÃìŽs,–ìŒû’¬–k–ì,2018-02-28,17,ˆêŒËŒšZ‘î,Ž{ù‚µ‚½,‚È‚µ
Þ“,ŽÔã‚Ë‚ç‚¢,‰ÁŒÃì,Œ§”_‘O,282103,•ºŒÉŒ§,‰ÁŒÃìŽs,–ìŒû’¬–k–ì,2018-02-28,17,’“ŽÔi—Öjê,Ž{ù‚µ‚½,‚È‚µ
Þ“,ŽÔã‚Ë‚ç‚¢,‰ÁŒÃì,Œ§”_‘O,282103,•ºŒÉŒ§,‰ÁŒÃìŽs,–ìŒû’¬–k–ì,2018-02-28,18,ˆêŒËŒšZ‘î,Ž{ù‚µ‚½,‚È‚µ
Þ“,ŽÔã‚Ë‚ç‚¢,‰ÁŒÃì,Œ§”_‘O,282103,•ºŒÉŒ§,‰ÁŒÃìŽs,–ìŒû’¬–k–ì,2018-02-28,18,ˆêŒËŒšZ‘î,Ž{ù‚µ‚½,‚È‚µ
Þ“,ŽÔã‚Ë‚ç‚¢,‰ÁŒÃì,Œ§”_‘O,282103,•ºŒÉŒ§,‰ÁŒÃìŽs,–ìŒû’¬–k–ì,2018-02-28,18,’“ŽÔi—Öjê,Ž{ù‚µ‚½,‚È‚µ
Þ“,ŽÔã‚Ë‚ç‚¢,‰ÁŒÃì,Œ§”_‘O,282103,•ºŒÉŒ§,‰ÁŒÃìŽs,–ìŒû’¬–k–ì,2018-02-28,22,ˆêŒËŒšZ‘î,Ž{ù‚µ‚½,‚È‚µ
Þ“,ŽÔã‚Ë‚ç‚¢,‰ÁŒÃì,Œ§”_‘O,282103,•ºŒÉŒ§,‰ÁŒÃìŽs,–ìŒû’¬–k–ì,2018-04-16,06,’“ŽÔi—Öjê,Ž{ù‚µ‚½,‚ ‚è
Þ“,ŽÔã‚Ë‚ç‚¢,‰ÁŒÃì,Œ§”_‘O,282103,•ºŒÉŒ§,‰ÁŒÃìŽs,•½‰ª’¬VÝ‰Æ,2018-02-23,22,’“ŽÔi—Öjê,Ž{ù‚µ‚½,‚È‚µ
Þ“,ŽÔã‚Ë‚ç‚¢,‚»,rˆä,282162,•ºŒÉŒ§,‚»Žs,,2018-08-29,18,’“ŽÔi—Öjê,Ž{ù‚µ‚½,‚È‚µ
Þ“,ŽÔã‚Ë‚ç‚¢,‚»,rˆä,282162,•ºŒÉŒ§,‚»Žs,rˆä’¬¬¼Œ´‚R’š–Ú,2018-03-30,19,’“ŽÔi—Öjê,Ž{ù‚µ‚½,‚È‚µ
Þ“,ŽÔã‚Ë‚ç‚¢,‚»,rˆä,282162,•ºŒÉŒ§,‚»Žs,rˆä’¬¬¼Œ´‚R’š–Ú,2018-05-27,19,’“ŽÔi—Öjê,Ž{ù‚µ‚½,‚È‚µ
Þ“,ŽÔã‚Ë‚ç‚¢,‚»,rˆä,282162,•ºŒÉŒ§,‚»Žs,rˆä’¬¬¼Œ´‚R’š–Ú,2018-10-15,06,’“ŽÔi—Öjê,Ž{ù‚µ‚½,‚ ‚è
Þ“,ŽÔã‚Ë‚ç‚¢,‚»,rˆä,282162,•ºŒÉŒ§,‚»Žs,—Î‹u‚Q’š–Ú,2018-04-03,00,’“ŽÔi—Öjê,Ž{ù‚µ‚½,‚ ‚è
Þ“,ŽÔã‚Ë‚ç‚¢,‚»,•Ä“c,282162,•ºŒÉŒ§,‚»Žs,•Ä“c’¬•Ä“cV,2018-08-10,20,’“ŽÔi—Öjê,Ž{ù‚µ‚½,‚È‚µ
Þ“,ŽÔã‚Ë‚ç‚¢,‚»,ˆ¢–í‘É,282162,•ºŒÉŒ§,‚»Žs,ˆ¢–í‘É’¬ˆ¢–í‘É,2018-03-19,20,’“ŽÔi—Öjê,Ž{ù‚µ‚½,‚ ‚è
Þ“,ŽÔã‚Ë‚ç‚¢,‚»,ˆ¢–í‘É,282162,•ºŒÉŒ§,‚»Žs,ˆ¢–í‘É’¬‹›‹´,2018-06-12,19,’“ŽÔi—Öjê,Ž{ù‚µ‚½,‚ ‚è
Þ“,ŽÔã‚Ë‚ç‚¢,‚»,‘]ª,282162,•ºŒÉŒ§,‚»Žs,t“ú–ì’¬,2017-12-31,18,’“ŽÔi—Öjê,Ž{ù‚µ‚½,‚È‚µ
Þ“,ŽÔã‚Ë‚ç‚¢,‚»,–k•l,282162,•ºŒÉŒ§,‚»Žs,–k•l’¬¼•l,2018-10-17,19,’“ŽÔi—Öjê,Ž{ù‚µ‚½,‚ ‚è
Þ“,ŽÔã‚Ë‚ç‚¢,•P˜H,‘åŽè‘O,282014,•ºŒÉŒ§,•P˜HŽs,‘ŽÐ–{’¬,2018-02-09,17,“¹˜Hã,Ž{ù‚µ‚½,‚È‚µ
Þ“,ŽÔã‚Ë‚ç‚¢,•P˜H,•P˜H‰w“ì,282014,•ºŒÉŒ§,•P˜HŽs,,2018-05-16,07,‚»‚Ì‘¼‚ÌZ‘îi‚RŠKŒš‚ÄˆÈ‰º‹¤“¯Z‘î“™j,Ž{ù‚µ‚½,‚È‚µ
Þ“,ŽÔã‚Ë‚ç‚¢,•P˜H,•P˜H‰w“ì,282014,•ºŒÉŒ§,•P˜HŽs,,2018-05-16,19,’“ŽÔi—Öjê,Ž{ù‚µ‚½,‚È‚µ
Þ“,ŽÔã‚Ë‚ç‚¢,•P˜H,•P˜H‰w“ì,282014,•ºŒÉŒ§,•P˜HŽs,,2018-05-16,19,’“ŽÔi—Öjê,Ž{ù‚µ‚½,‚È‚µ
Þ“,ŽÔã‚Ë‚ç‚¢,•P˜H,•P˜H‰w“ì,282014,•ºŒÉŒ§,•P˜HŽs,,2018-05-17,09,’“ŽÔi—Öjê,Ž{ù‚µ‚½,‚È‚µ
Þ“,ŽÔã‚Ë‚ç‚¢,•P˜H,•P˜H‰w“ì,282014,•ºŒÉŒ§,•P˜HŽs,’Ï’¬,2018-08-12,18,‚»‚Ì‘¼,Ž{ù‚µ‚½,‚ ‚è
Þ“,ŽÔã‚Ë‚ç‚¢,•P˜H,•P˜H‰w“ì,282014,•ºŒÉŒ§,•P˜HŽs,–kðŒû‚Q’š–Ú,2018-07-13,22,‚»‚Ì‘¼,Ž{ù‚µ‚½,‚ ‚è
Þ“,ŽÔã‚Ë‚ç‚¢,•P˜H,•P˜H‰w“ì,282014,•ºŒÉŒ§,•P˜HŽs,“ìð‚P’š–Ú,2018-08-28,19,’“ŽÔi—Öjê,Ž{ù‚µ‚½,‚ ‚è
Þ“,ŽÔã‚Ë‚ç‚¢,•P˜H,_“c,282014,•ºŒÉŒ§,•P˜HŽs,_“c’¬‚S’š–Ú,2018-02-22,17,’“ŽÔi—Öjê,Ž{ù‚µ‚½,‚È‚µ
Þ“,ŽÔã‚Ë‚ç‚¢,•P˜H,”ª‘ã,282014,•ºŒÉŒ§,•P˜HŽs,é–k–{’¬,2018-04-06,19,’“ŽÔi—Öjê,Ž{ù‚µ‚½,‚È‚µ
Þ“,ŽÔã‚Ë‚ç‚¢,•P˜H,–ì—¢,282014,•ºŒÉŒ§,•P˜HŽs,ˆÉ“`‹,2018-01-10,20,ˆêŒËŒšZ‘î,Ž{ù‚µ‚½,‚ ‚è
Þ“,ŽÔã‚Ë‚ç‚¢,•P˜H,–ì—¢‰w‘O,282014,•ºŒÉŒ§,•P˜HŽs,”’‘‚R’š–Ú,2018-12-23,11,‚»‚Ì‘¼,Ž{ù‚µ‚½,‚ ‚è
Þ“,ŽÔã‚Ë‚ç‚¢,•P˜H,–ì—¢‰w‘O,282014,•ºŒÉŒ§,•P˜HŽs,¼’†“‡,2018-03-13,07,“¹˜Hã,Ž{ù‚µ‚½,‚ ‚è
Þ“,ŽÔã‚Ë‚ç‚¢,•P˜H,–ì—¢‰w‘O,282014,•ºŒÉŒ§,•P˜HŽs,¼’†“‡,2018-05-30,03,’“ŽÔi—Öjê,Ž{ù‚µ‚½,‚ ‚è
Þ“,ŽÔã‚Ë‚ç‚¢,•P˜H,–ì—¢‰w‘O,282014,•ºŒÉŒ§,•P˜HŽs,‘ˆÊV’¬‚P’š–Ú,2018-01-20,18,“¹˜Hã,Ž{ù‚µ‚½,‚È‚µ
Þ“,ŽÔã‚Ë‚ç‚¢,•P˜H,–ì—¢‰w‘O,282014,•ºŒÉŒ§,•P˜HŽs,‘ˆÊV’¬‚P’š–Ú,2018-02-28,18,“¹˜Hã,Ž{ù‚µ‚½,‚ ‚è
Þ“,ŽÔã‚Ë‚ç‚¢,•P˜H,‰Ô“c,282014,•ºŒÉŒ§,•P˜HŽs,‰Ô“c’¬¬ì,2018-05-31,18,’“ŽÔi—Öjê,Ž{ù‚µ‚½,‚È‚µ
Þ“,ŽÔã‚Ë‚ç‚¢,•P˜H,‰Ô“c,282014,•ºŒÉŒ§,•P˜HŽs,‰Ô“c’¬¬ì,2018-08-07,16,’“ŽÔi—Öjê,Ž{ù‚µ‚½,‚ ‚è
Þ“,ŽÔã‚Ë‚ç‚¢,•P˜H,‰Ô“c,282014,•ºŒÉŒ§,•P˜HŽs,‰Ô“c’¬‰Á”[Œ´“c,2018-02-16,14,’“ŽÔi—Öjê,Ž{ù‚µ‚½,‚È‚µ
Þ“,ŽÔã‚Ë‚ç‚¢,•P˜H,‰Ô“c,282014,•ºŒÉŒ§,•P˜HŽs,‰Ô“c’¬‰Á”[Œ´“c,2018-09-07,19,’“ŽÔi—Öjê,Ž{ù‚µ‚½,‚ ‚è
Þ“,ŽÔã‚Ë‚ç‚¢,•P˜H,‰Ô“c,282014,•ºŒÉŒ§,•P˜HŽs,–²‘O’¬Ž›,2018-01-30,13,“¹˜Hã,Ž{ù‚µ‚½,‚ ‚è
Þ“,ŽÔã‚Ë‚ç‚¢,•P˜H,”ªd”¨,282014,•ºŒÉŒ§,•P˜HŽs,ü“Œ’¬¬Œ´V,2018-01-29,17,“¹˜Hã,Ž{ù‚µ‚½,‚ ‚è
Þ“,ŽÔã‚Ë‚ç‚¢,•P˜H,”ªd”¨,282014,•ºŒÉŒ§,•P˜HŽs,–L•x’¬_’J,2018-05-11,14,“¹˜Hã,Ž{ù‚µ‚½,‚ ‚è
Þ“,ŽÔã‚Ë‚ç‚¢,•P˜H,”ªd”¨,282014,•ºŒÉŒ§,•P˜HŽs,–L•x’¬Œäˆü,2018-05-28,19,’“ŽÔi—Öjê,Ž{ù‚µ‚½,‚È‚µ
Þ“,ŽÔã‚Ë‚ç‚¢,•P˜H,m–L–ì,282014,•ºŒÉŒ§,•P˜HŽs,“u–x,2018-08-01,20,’“ŽÔi—Öjê,Ž{ù‚µ‚½,‚È‚µ
Þ“,ŽÔã‚Ë‚ç‚¢,•P˜H,m–L–ì,282014,•ºŒÉŒ§,•P˜HŽs,“u–x,2018-11-22,20,’“ŽÔi—Öjê,Ž{ù‚µ‚½,‚ ‚è
Þ“,ŽÔã‚Ë‚ç‚¢,•P˜H,–L•x,282014,•ºŒÉŒ§,•P˜HŽs,Ž›’¬“yŽt,2018-04-01,13,’“ŽÔi—Öjê,Ž{ù‚µ‚½,‚ ‚è
Þ“,ŽÔã‚Ë‚ç‚¢,•P˜H,ŽR“c,282014,•ºŒÉŒ§,•P˜HŽs,ŽR“c’¬‘½“c,2018-09-23,13,“¹˜Hã,Ž{ù‚µ‚½,‚ ‚è
Þ“,ŽÔã‚Ë‚ç‚¢,•P˜H,‘D’Ã,282014,•ºŒÉŒ§,•P˜HŽs,‘D’Ã’¬,2018-01-29,12,“¹˜Hã,Ž{ù‚µ‚½,‚ ‚è
Þ“,ŽÔã‚Ë‚ç‚¢,•P˜H,‘D’Ã,282014,•ºŒÉŒ§,•P˜HŽs,‘D’Ã’¬,2018-09-28,12,“¹˜Hã,Ž{ù‚µ‚½,‚ ‚è
Þ“,ŽÔã‚Ë‚ç‚¢,•P˜H,‘D’Ã,282014,•ºŒÉŒ§,•P˜HŽs,‘D’Ã’¬,2018-12-24,13,“¹˜Hã,Ž{ù‚µ‚½,‚È‚µ
Þ“,ŽÔã‚Ë‚ç‚¢,•P˜H,ü¼,282014,•ºŒÉŒ§,•P˜HŽs,ŽÀ–@Ž›,2018-12-06,16,’“ŽÔi—Öjê,Ž{ù‚µ‚½,‚ ‚è
Þ“,ŽÔã‚Ë‚ç‚¢,•P˜H,ü¼,282014,•ºŒÉŒ§,•P˜HŽs,’¬“c,2018-03-06,18,’“ŽÔi—Öjê,Ž{ù‚µ‚½,‚È‚µ
Þ“,ŽÔã‚Ë‚ç‚¢,•P˜H,ü¼,282014,•ºŒÉŒ§,•P˜HŽs,’¬“c,2018-06-27,14,’“ŽÔi—Öjê,Ž{ù‚µ‚½,‚ ‚è
Þ“,ŽÔã‚Ë‚ç‚¢,•P˜H,ü¼,282014,•ºŒÉŒ§,•P˜HŽs,”’’¹‘ä‚R’š–Ú,2018-08-29,16,“¹˜Hã,Ž{ù‚µ‚½,‚ ‚è
Þ“,ŽÔã‚Ë‚ç‚¢,•P˜H,“cŽ›,282014,•ºŒÉŒ§,•P˜HŽs,“cŽ›‚R’š–Ú,2018-02-16,17,’“ŽÔi—Öjê,Ž{ù‚µ‚½,‚ ‚è
Þ“,ŽÔã‚Ë‚ç‚¢,•P˜H,“cŽ›,282014,•ºŒÉŒ§,•P˜HŽs,“cŽ›‚R’š–Ú,2018-07-24,16,’“ŽÔi—Öjê,Ž{ù‚µ‚½,‚ ‚è
Þ“,ŽÔã‚Ë‚ç‚¢,•P˜H,“cŽ›,282014,•ºŒÉŒ§,•P˜HŽs,“Œ’Òˆä‚P’š–Ú,2018-01-30,18,“¹˜Hã,Ž{ù‚µ‚½,‚È‚µ
Þ“,ŽÔã‚Ë‚ç‚¢,•P˜H,“cŽ›,282014,•ºŒÉŒ§,•P˜HŽs,“Œ’Òˆä‚R’š–Ú,2018-09-20,17,’“ŽÔi—Öjê,Ž{ù‚µ‚½,‚ ‚è
Þ“,ŽÔã‚Ë‚ç‚¢,•P˜H,‘ŽÊ,282014,•ºŒÉŒ§,•P˜HŽs,‘ŽÊ,2018-01-04,20,’“ŽÔi—Öjê,Ž{ù‚µ‚½,‚È‚µ
Þ“,ŽÔã‚Ë‚ç‚¢,•P˜H,’Ë–{,282014,•ºŒÉŒ§,•P˜HŽs,–²‘O’¬ŒìŽ,2018-06-02,14,“¹˜Hã,Ž{ù‚µ‚½,‚ ‚è
Þ“,ŽÔã‚Ë‚ç‚¢,•P˜H,’Ë–{,282014,•ºŒÉŒ§,•P˜HŽs,–²‘O’¬’Ë–{,2018-06-13,18,’“ŽÔi—Öjê,Ž{ù‚µ‚½,‚ ‚è
Þ“,ŽÔã‚Ë‚ç‚¢,•P˜H,’u–{,282014,•ºŒÉŒ§,•P˜HŽs,–²‘O’¬–”â,2018-06-02,09,“¹˜Hã,Ž{ù‚µ‚½,‚È‚µ
Þ“,ŽÔã‚Ë‚ç‚¢,•P˜H,’u–{,282014,•ºŒÉŒ§,•P˜HŽs,–²‘O’¬–”â,2018-06-08,13,“¹˜Hã,Ž{ù‚µ‚½,‚È‚µ
Þ“,ŽÔã‚Ë‚ç‚¢,•P˜H,’u–{,282014,•ºŒÉŒ§,•P˜HŽs,–²‘O’¬‹{’u,2018-03-24,13,’“ŽÔi—Öjê,Ž{ù‚µ‚½,‚ ‚è
Þ“,ŽÔã‚Ë‚ç‚¢,•P˜H,‘O”V¯,282014,•ºŒÉŒ§,•P˜HŽs,–²‘O’¬ŒÃ’m”V¯,2018-05-17,12,“¹˜Hã,Ž{ù‚µ‚½,‚ ‚è
Þ“,ŽÔã‚Ë‚ç‚¢,•P˜H,›¶,282014,•ºŒÉŒ§,•P˜HŽs,,2018-11-29,13,’“ŽÔi—Öjê,Ž{ù‚µ‚½,‚È‚µ
Þ“,ŽÔã‚Ë‚ç‚¢,•P˜H,›¶,282014,•ºŒÉŒ§,•P˜HŽs,–²‘O’¬›¶ŠÀ,2018-10-03,13,“¹˜Hã,Ž{ù‚µ‚½,‚ ‚è
Þ“,ŽÔã‚Ë‚ç‚¢,•P˜H,Ž›,282014,•ºŒÉŒ§,•P˜HŽs,Ž›’¬˜C,2018-06-12,18,’“ŽÔi—Öjê,Ž{ù‚µ‚½,‚ ‚è
Þ“,ŽÔã‚Ë‚ç‚¢,•P˜H,Ž›,282014,•ºŒÉŒ§,•P˜HŽs,Ž›’¬˜C,2018-08-30,18,’“ŽÔi—Öjê,Ž{ù‚µ‚½,‚È‚µ
Þ“,ŽÔã‚Ë‚ç‚¢,•P˜H,Ž›,282014,•ºŒÉŒ§,•P˜HŽs,Ž›’¬P‰®,2018-01-25,13,“¹˜Hã,Ž{ù‚µ‚½,‚ ‚è
Þ“,ŽÔã‚Ë‚ç‚¢,•P˜H,Ž›,282014,•ºŒÉŒ§,•P˜HŽs,Ž›’¬P‰®,2018-01-30,20,’“ŽÔi—Öjê,Ž{ù‚µ‚½,‚È‚µ
Þ“,ŽÔã‚Ë‚ç‚¢,•P˜H,Ž›,282014,•ºŒÉŒ§,•P˜HŽs,Ž›’¬’†Ž›,2018-12-12,17,“¹˜Hã,Ž{ù‚µ‚½,‚È‚µ
Þ“,ŽÔã‚Ë‚ç‚¢,•P˜H,‹·ŒË,282014,•ºŒÉŒ§,•P˜HŽs,ˆÀ•x’¬‹·ŒË,2018-06-08,15,‚»‚Ì‘¼,Ž{ù‚µ‚½,‚ ‚è
Þ“,ŽÔã‚Ë‚ç‚¢,•P˜H,‹·ŒË,282014,•ºŒÉŒ§,•P˜HŽs,ˆÀ•x’¬‹·ŒË,2018-10-12,12,’“ŽÔi—Öjê,Ž{ù‚µ‚½,‚ ‚è
Þ“,ŽÔã‚Ë‚ç‚¢,ü–,‘å‰–,282014,•ºŒÉŒ§,•P˜HŽs,‘å‰–’¬Ž¬ç‚P’š–Ú,2018-05-27,18,’“ŽÔi—Öjê,Ž{ù‚µ‚½,‚È‚µ
Þ“,ŽÔã‚Ë‚ç‚¢,ü–,‘å‰–,282014,•ºŒÉŒ§,•P˜HŽs,‘å‰–’¬‹{‘O,2018-09-11,18,’“ŽÔi—Öjê,Ž{ù‚µ‚½,‚È‚µ
Þ“,ŽÔã‚Ë‚ç‚¢,ü–,”ª–Ø,282014,•ºŒÉŒ§,•P˜HŽs,–Øê‘O’†’¬,2018-12-09,06,’“ŽÔi—Öjê,Ž{ù‚µ‚½,‚ ‚è
Þ“,ŽÔã‚Ë‚ç‚¢,ü–,”’•l,282014,•ºŒÉŒ§,•P˜HŽs,”’•l’¬,2018-02-22,18,’“ŽÔi—Öjê,Ž{ù‚µ‚½,‚ ‚è
Þ“,ŽÔã‚Ë‚ç‚¢,ü–,”’•l,282014,•ºŒÉŒ§,•P˜HŽs,”’•l’¬‰F²è–k‚P’š–Ú,2018-12-09,18,’“ŽÔi—Öjê,Ž{ù‚µ‚½,‚È‚µ
Þ“,ŽÔã‚Ë‚ç‚¢,ü–,ü–“Œ,282014,•ºŒÉŒ§,•P˜HŽs,ü–‹æ‰º–ì“c‚S’š–Ú,2018-08-22,20,’“ŽÔi—Öjê,Ž{ù‚µ‚½,‚ ‚è
Þ“,ŽÔã‚Ë‚ç‚¢,ü–,ü–“Œ,282014,•ºŒÉŒ§,•P˜HŽs,ü–‹æˆ¢¬A–Ø,2018-05-14,06,’“ŽÔi—Öjê,Ž{ù‚µ‚½,‚È‚µ
Þ“,ŽÔã‚Ë‚ç‚¢,ü–,´…,282014,•ºŒÉŒ§,•P˜HŽs,ü–‹æŽO‘î‚P’š–Ú,2018-03-11,20,’“ŽÔi—Öjê,Ž{ù‚µ‚½,‚È‚µ
Þ“,ŽÔã‚Ë‚ç‚¢,ü–,´…,282014,•ºŒÉŒ§,•P˜HŽs,ü–‹æŽO‘î‚P’š–Ú,2018-03-13,19,’“ŽÔi—Öjê,Ž{ù‚µ‚½,‚È‚µ
Þ“,ŽÔã‚Ë‚ç‚¢,ü–,´…,282014,•ºŒÉŒ§,•P˜HŽs,ü–‹æŽO‘î‚P’š–Ú,2018-03-13,20,’“ŽÔi—Öjê,Ž{ù‚µ‚½,‚È‚µ
Þ“,ŽÔã‚Ë‚ç‚¢,ü–,´…,282014,•ºŒÉŒ§,•P˜HŽs,ü–‹æŽO‘î‚P’š–Ú,2018-03-13,21,’“ŽÔi—Öjê,Ž{ù‚µ‚½,‚È‚µ
Þ“,ŽÔã‚Ë‚ç‚¢,ü–,´…,282014,•ºŒÉŒ§,•P˜HŽs,ü–‹æŽO‘î‚P’š–Ú,2018-03-14,08,‚»‚Ì‘¼,Ž{ù‚µ‚½,‚È‚µ
Þ“,ŽÔã‚Ë‚ç‚¢,ü–,‹{,282014,•ºŒÉŒ§,•P˜HŽs,ü–‹æŒb”üŽð,2018-08-13,10,’“ŽÔi—Öjê,Ž{ù‚µ‚½,‚È‚µ
Þ“,ŽÔã‚Ë‚ç‚¢,ü–,‹{,282014,•ºŒÉŒ§,•P˜HŽs,ü–‹æ×],2018-04-25,16,‚»‚Ì‘¼,Ž{ù‚µ‚½,‚ ‚è
Þ“,ŽÔã‚Ë‚ç‚¢,ü–,ŽvˆÄ‹´,282014,•ºŒÉŒ§,•P˜HŽs,ü–‹æ\‚S’š–Ú,2018-12-08,19,ˆêŒËŒšZ‘î,Ž{ù‚µ‚½,‚È‚µ
Þ“,ŽÔã‚Ë‚ç‚¢,ü–,‰p‰ê•Û‰w‘O,282014,•ºŒÉŒ§,•P˜HŽs,ü–‹æ‰p‰ê´…’¬‚P’š–Ú,2018-02-19,19,’“ŽÔi—Öjê,Ž{ù‚µ‚½,‚ ‚è
Þ“,ŽÔã‚Ë‚ç‚¢,ü–,‰p‰ê•Û‰w‘O,282014,•ºŒÉŒ§,•P˜HŽs,ü–‹æé“ì’¬‚R’š–Ú,2018-09-05,13,’“ŽÔi—Öjê,Ž{ù‚µ‚½,‚ ‚è
Þ“,ŽÔã‚Ë‚ç‚¢,ü–,Žè•¿,282014,•ºŒÉŒ§,•P˜HŽs,”Ñ“c,2018-01-24,18,‚»‚Ì‘¼,Ž{ù‚µ‚½,‚È‚µ
Þ“,ŽÔã‚Ë‚ç‚¢,ü–,Žè•¿,282014,•ºŒÉŒ§,•P˜HŽs,‹TŽR‚P’š–Ú,2018-01-22,20,’“ŽÔi—Öjê,Ž{ù‚µ‚½,‚È‚µ
Þ“,ŽÔã‚Ë‚ç‚¢,ü–,Žè•¿,282014,•ºŒÉŒ§,•P˜HŽs,‹TŽR‚P’š–Ú,2018-10-22,15,’“ŽÔi—Öjê,Ž{ù‚µ‚½,‚ ‚è
Þ“,ŽÔã‚Ë‚ç‚¢,ü–,Žè•¿,282014,•ºŒÉŒ§,•P˜HŽs,‹TŽR‚Q’š–Ú,2018-08-09,20,ˆêŒËŒšZ‘î,Ž{ù‚µ‚½,‚È‚µ
Þ“,ŽÔã‚Ë‚ç‚¢,ü–,Žè•¿,282014,•ºŒÉŒ§,•P˜HŽs,ŒIŽR’¬,2018-03-06,07,’“ŽÔi—Öjê,Ž{ù‚µ‚½,‚È‚µ
Þ“,ŽÔã‚Ë‚ç‚¢,ü–,Žè•¿,282014,•ºŒÉŒ§,•P˜HŽs,ŒIŽR’¬,2018-03-13,18,’“ŽÔi—Öjê,Ž{ù‚µ‚½,‚È‚µ
Þ“,ŽÔã‚Ë‚ç‚¢,ü–,Žè•¿,282014,•ºŒÉŒ§,•P˜HŽs,Žè•¿,2018-10-07,17,’“ŽÔi—Öjê,Ž{ù‚µ‚½,‚È‚µ
Þ“,ŽÔã‚Ë‚ç‚¢,ü–,Žè•¿,282014,•ºŒÉŒ§,•P˜HŽs,“Œ¡h‚R’š–Ú,2018-12-06,18,’“ŽÔi—Öjê,Ž{ù‚µ‚½,‚ ‚è
Þ“,ŽÔã‚Ë‚ç‚¢,ü–,Žè•¿,282014,•ºŒÉŒ§,•P˜HŽs,“Œ‰„––‚R’š–Ú,2018-12-16,12,’“ŽÔi—Öjê,Ž{ù‚µ‚½,‚È‚µ
Þ“,ŽÔã‚Ë‚ç‚¢,ü–,Žè•¿,282014,•ºŒÉŒ§,•P˜HŽs,“Œ‰„––‚S’š–Ú,2018-05-16,18,’“ŽÔi—Öjê,Ž{ù‚µ‚½,‚È‚µ
Þ“,ŽÔã‚Ë‚ç‚¢,ü–,Žè•¿,282014,•ºŒÉŒ§,•P˜HŽs,“Œ‰„––‚T’š–Ú,2018-03-13,17,ˆêŒËŒšZ‘î,Ž{ù‚µ‚½,‚È‚µ
Þ“,ŽÔã‚Ë‚ç‚¢,ü–,Žè•¿,282014,•ºŒÉŒ§,•P˜HŽs,ˆÀ“c‚Q’š–Ú,2018-05-16,23,’“ŽÔi—Öjê,Ž{ù‚µ‚½,‚È‚µ
Þ“,ŽÔã‚Ë‚ç‚¢,ü–,Žè•¿,282014,•ºŒÉŒ§,•P˜HŽs,ˆÀ“c‚R’š–Ú,2018-04-07,19,’“ŽÔi—Öjê,Ž{ù‚µ‚½,‚ ‚è
Þ“,ŽÔã‚Ë‚ç‚¢,ü–,Žè•¿,282014,•ºŒÉŒ§,•P˜HŽs,ˆÀ“c‚S’š–Ú,2018-05-16,01,’“ŽÔi—Öjê,Ž{ù‚µ‚½,‚È‚µ
Þ“,ŽÔã‚Ë‚ç‚¢,ü–,Žè•¿,282014,•ºŒÉŒ§,•P˜HŽs,ˆÀ“c‚S’š–Ú,2018-05-16,18,’“ŽÔi—Öjê,Ž{ù‚µ‚½,‚È‚µ
Þ“,ŽÔã‚Ë‚ç‚¢,ü–,¡h,282014,•ºŒÉŒ§,•P˜HŽs,‰ª“c,2018-07-31,18,’“ŽÔi—Öjê,Ž{ù‚µ‚½,‚È‚µ
Þ“,ŽÔã‚Ë‚ç‚¢,ü–,¡h,282014,•ºŒÉŒ§,•P˜HŽs,‰ª“c,2018-08-31,18,’“ŽÔi—Öjê,Ž{ù‚µ‚½,‚È‚µ
Þ“,ŽÔã‚Ë‚ç‚¢,ü–,¡h,282014,•ºŒÉŒ§,•P˜HŽs,”’•l’¬,2018-06-16,07,’“ŽÔi—Öjê,Ž{ù‚µ‚½,‚È‚µ
Þ“,ŽÔã‚Ë‚ç‚¢,ü–,¡h,282014,•ºŒÉŒ§,•P˜HŽs,“Œ¡h‚P’š–Ú,2018-10-16,16,’“ŽÔi—Öjê,Ž{ù‚µ‚½,‚ ‚è
Þ“,ŽÔã‚Ë‚ç‚¢,ü–,¡h,282014,•ºŒÉŒ§,•P˜HŽs,“Œ¡h‚P’š–Ú,2018-10-26,16,’“ŽÔi—Öjê,Ž{ù‚µ‚½,‚È‚µ
Þ“,ŽÔã‚Ë‚ç‚¢,ü–,¡h,282014,•ºŒÉŒ§,•P˜HŽs,_Žq‰ª‘O‚P’š–Ú,2018-10-01,14,’“ŽÔi—Öjê,Ž{ù‚µ‚½,‚ ‚è
Þ“,ŽÔã‚Ë‚ç‚¢,ü–,Œä‘–ì,282014,•ºŒÉŒ§,•P˜HŽs,Œä‘–ì’¬¼Œä’…,2018-03-23,16,ˆêŒËŒšZ‘î,Ž{ù‚µ‚½,‚ ‚è
Þ“,ŽÔã‚Ë‚ç‚¢,ü–,•ÊŠ,282014,•ºŒÉŒ§,•P˜HŽs,•ÊŠ’¬•ÊŠ‚Q’š–Ú,2018-09-10,18,’“ŽÔi—Öjê,Ž{ù‚µ‚½,‚ ‚è
Þ“,ŽÔã‚Ë‚ç‚¢,ü–,•ÊŠ,282014,•ºŒÉŒ§,•P˜HŽs,•ÊŠ’¬•ÊŠ‚Q’š–Ú,2018-12-29,17,’“ŽÔi—Öjê,Ž{ù‚µ‚½,‚È‚µ
Þ“,ŽÔã‚Ë‚ç‚¢,ü–,ˆäƒmŒû,282014,•ºŒÉŒ§,•P˜HŽs,‰ª“c,2018-01-10,19,’“ŽÔi—Öjê,Ž{ù‚µ‚½,‚ ‚è
Þ“,ŽÔã‚Ë‚ç‚¢,ü–,ˆäƒmŒû,282014,•ºŒÉŒ§,•P˜HŽs,‰ª“c,2018-03-08,16,’“ŽÔi—Öjê,Ž{ù‚µ‚½,‚ ‚è
Þ“,ŽÔã‚Ë‚ç‚¢,ü–,ˆäƒmŒû,282014,•ºŒÉŒ§,•P˜HŽs,‰ª“c,2018-11-13,18,’“ŽÔi—Öjê,Ž{ù‚µ‚½,‚È‚µ
Þ“,ŽÔã‚Ë‚ç‚¢,ü–,ˆäƒmŒû,282014,•ºŒÉŒ§,•P˜HŽs,’†’n,2018-05-30,10,’“ŽÔi—Öjê,Ž{ù‚µ‚½,‚ ‚è
Þ“,ŽÔã‚Ë‚ç‚¢,ü–,ˆäƒmŒû,282014,•ºŒÉŒ§,•P˜HŽs,‹ÊŽè‚Q’š–Ú,2018-12-09,22,’“ŽÔi—Öjê,Ž{ù‚µ‚½,‚È‚µ
Þ“,ŽÔã‚Ë‚ç‚¢,–ÔŠ±,“ŒŽÅ‘O,282014,•ºŒÉŒ§,•P˜HŽs,—]•”‹æ‰º—]•”,2018-03-09,18,’“ŽÔi—Öjê,Ž{ù‚µ‚½,‚ ‚è
Þ“,ŽÔã‚Ë‚ç‚¢,–ÔŠ±,“ŒŽÅ‘O,282014,•ºŒÉŒ§,•P˜HŽs,—]•”‹æ‰º—]•”,2018-09-06,18,’“ŽÔi—Öjê,Ž{ù‚µ‚½,‚ ‚è
Þ“,ŽÔã‚Ë‚ç‚¢,–ÔŠ±,–ÔŠ±‰w‘O,282014,•ºŒÉŒ§,•P˜HŽs,ŸŒ´‹æ‘å’J,2018-01-05,22,ˆêŒËŒšZ‘î,Ž{ù‚µ‚½,‚ ‚è
Þ“,ŽÔã‚Ë‚ç‚¢,–ÔŠ±,ŸŒ´,282014,•ºŒÉŒ§,•P˜HŽs,ŸŒ´‹æ‹{“c,2018-07-23,19,’“ŽÔi—Öjê,Ž{ù‚µ‚½,‚ ‚è
Þ“,ŽÔã‚Ë‚ç‚¢,–ÔŠ±,‹g”ü,282014,•ºŒÉŒ§,•P˜HŽs,‘å’Ã‹æ•½¼,2018-03-02,18,’“ŽÔi—Öjê,Ž{ù‚µ‚½,‚ ‚è
Þ“,ŽÔã‚Ë‚ç‚¢,–ÔŠ±,L”¨,282014,•ºŒÉŒ§,•P˜HŽs,L”¨‹æ³–å’Ê‚Q’š–Ú,2018-06-11,22,’“ŽÔi—Öjê,Ž{ù‚µ‚½,‚È‚µ
Þ“,ŽÔã‚Ë‚ç‚¢,–ÔŠ±,”ª”¦,282014,•ºŒÉŒ§,•P˜HŽs,L”¨‹æ¼Š—“c,2018-04-03,16,’“ŽÔi—Öjê,Ž{ù‚µ‚½,‚ ‚è
Þ“,ŽÔã‚Ë‚ç‚¢,–ÔŠ±,”ª”¦,282014,•ºŒÉŒ§,•P˜HŽs,L”¨‹æ¼Š—“c,2018-08-21,17,’“ŽÔi—Öjê,Ž{ù‚µ‚½,‚ ‚è
Þ“,ŽÔã‚Ë‚ç‚¢,•Ÿè,•Ÿè‰w‘O,284432,•ºŒÉŒ§,•Ÿè’¬,”n“c,2018-02-02,20,ˆêŒËŒšZ‘î,Ž{ù‚µ‚½,‚È‚µ
Þ“,ŽÔã‚Ë‚ç‚¢,•Ÿè,•Ÿè‰w‘O,284432,•ºŒÉŒ§,•Ÿè’¬,¼Ž¡,2018-01-25,14,‚»‚Ì‘¼,Ž{ù‚µ‚½,‚ ‚è
Þ“,ŽÔã‚Ë‚ç‚¢,•Ÿè,•Ÿè“Œ,284432,•ºŒÉŒ§,•Ÿè’¬,¼“cŒ´,2018-05-05,11,‚»‚Ì‘¼,Ž{ù‚µ‚½,‚ ‚è
Þ“,ŽÔã‚Ë‚ç‚¢,•Ÿè,•Ÿè“Œ,284432,•ºŒÉŒ§,•Ÿè’¬,“ì“cŒ´,2018-01-16,19,‚»‚Ì‘¼,Ž{ù‚µ‚½,‚ ‚è
Þ“,ŽÔã‚Ë‚ç‚¢,•Ÿè,•Ÿè“Œ,284432,•ºŒÉŒ§,•Ÿè’¬,“ì“cŒ´,2018-07-20,20,’“ŽÔi—Öjê,Ž{ù‚µ‚½,‚È‚µ
Þ“,ŽÔã‚Ë‚ç‚¢,•Ÿè,‰z’m’J,284467,•ºŒÉŒ§,_‰Í’¬,Šâ‰®,2018-02-03,13,‚»‚Ì‘¼,Ž{ù‚µ‚½,‚ ‚è
Þ“,ŽÔã‚Ë‚ç‚¢,•Ÿè,ˆ¾‰ê,284467,•ºŒÉŒ§,_‰Í’¬,ãŠâ,2018-05-05,13,‚»‚Ì‘¼,Ž{ù‚µ‚½,‚ ‚è
Þ“,ŽÔã‚Ë‚ç‚¢,•Ÿè,ˆ¾‰ê,284467,•ºŒÉŒ§,_‰Í’¬,’–ŽÂ,2018-06-15,08,“¹˜Hã,Ž{ù‚µ‚½,‚È‚µ
Þ“,ŽÔã‚Ë‚ç‚¢,•Ÿè,ˆ¾‰ê,284467,•ºŒÉŒ§,_‰Í’¬,‘åŽR,2018-04-23,12,“¹˜Hã,Ž{ù‚µ‚½,‚È‚µ
Þ“,ŽÔã‚Ë‚ç‚¢,•Ÿè,ˆ¾‰ê,284467,•ºŒÉŒ§,_‰Í’¬,™,2018-05-23,14,’“ŽÔi—Öjê,Ž{ù‚µ‚½,‚ ‚è
Þ“,ŽÔã‚Ë‚ç‚¢,•Ÿè,ˆ¾‰ê,284467,•ºŒÉŒ§,_‰Í’¬,Ž›–ì,2018-05-17,14,ˆêŒËŒšZ‘î,Ž{ù‚µ‚½,‚È‚µ
Þ“,ŽÔã‚Ë‚ç‚¢,•Ÿè,ˆ¾‰ê,284467,•ºŒÉŒ§,_‰Í’¬,•Ÿ–{,2018-04-17,12,‚»‚Ì‘¼,Ž{ù‚µ‚½,‚È‚µ
Þ“,ŽÔã‚Ë‚ç‚¢,•Ÿè,ˆ¾‰ê,284467,•ºŒÉŒ§,_‰Í’¬,•Ÿ–{,2018-08-30,16,’“ŽÔi—Öjê,Ž{ù‚µ‚½,‚È‚µ
Þ“,ŽÔã‚Ë‚ç‚¢,•Ÿè,Žsì,284424,•ºŒÉŒ§,Žsì’¬,‰º£‰Á,2018-01-06,13,‚»‚Ì‘¼,Ž{ù‚µ‚½,‚ ‚è
Þ“,ŽÔã‚Ë‚ç‚¢,•Ÿè,Žsì,284424,•ºŒÉŒ§,Žsì’¬,¼ì•Ó,2018-05-10,19,‚»‚Ì‘¼,Ž{ù‚µ‚½,‚ ‚è
Þ“,ŽÔã‚Ë‚ç‚¢,‚½‚Â‚Ì,–{—´–ì‰w‘O,282294,•ºŒÉŒ§,‚½‚Â‚ÌŽs,—´–ì’¬“°–{,2018-11-14,18,’“ŽÔi—Öjê,Ž{ù‚µ‚½,‚ ‚è
Þ“,ŽÔã‚Ë‚ç‚¢,‚½‚Â‚Ì,–{—´–ì‰w‘O,282294,•ºŒÉŒ§,‚½‚Â‚ÌŽs,—´–ì’¬•x‰i,2018-08-22,19,’“ŽÔi—Öjê,Ž{ù‚µ‚½,‚ ‚è
Þ“,ŽÔã‚Ë‚ç‚¢,‚½‚Â‚Ì,–{—´–ì‰w‘O,282294,•ºŒÉŒ§,‚½‚Â‚ÌŽs,—´–ì’¬•x‰i,2018-12-12,11,’“ŽÔi—Öjê,Ž{ù‚µ‚½,‚È‚µ
Þ“,ŽÔã‚Ë‚ç‚¢,‚½‚Â‚Ì,–{—´–ì‰w‘O,282294,•ºŒÉŒ§,‚½‚Â‚ÌŽs,—´–ì’¬“úŽ”,2018-10-05,14,“¹˜Hã,Ž{ù‚µ‚½,‚ ‚è
Þ“,ŽÔã‚Ë‚ç‚¢,‚½‚Â‚Ì,‘åZŽ›,282294,•ºŒÉŒ§,‚½‚Â‚ÌŽs,_‰ª’¬‘ò“c,2018-06-13,14,’“ŽÔi—Öjê,Ž{ù‚µ‚½,‚ ‚è
Þ“,ŽÔã‚Ë‚ç‚¢,‚½‚Â‚Ì,‘åZŽ›,282294,•ºŒÉŒ§,‚½‚Â‚ÌŽs,_‰ª’¬¼‰¡“à,2018-12-14,12,“¹˜Hã,Ž{ù‚µ‚½,‚ ‚è
Þ“,ŽÔã‚Ë‚ç‚¢,‚½‚Â‚Ì,¼\,282294,•ºŒÉŒ§,‚½‚Â‚ÌŽs,—K•Û’¬”‹Œ´,2018-06-28,10,“¹˜Hã,Ž{ù‚µ‚½,‚ ‚è
Þ“,ŽÔã‚Ë‚ç‚¢,‚½‚Â‚Ì,’†Š_“à,282294,•ºŒÉŒ§,‚½‚Â‚ÌŽs,—K¼’¬²],2018-01-05,15,“¹˜Hã,Ž{ù‚µ‚½,‚ ‚è
Þ“,ŽÔã‚Ë‚ç‚¢,‚½‚Â‚Ì,’†Š_“à,282294,•ºŒÉŒ§,‚½‚Â‚ÌŽs,—K¼’¬V‹{,2018-08-23,15,“¹˜Hã,Ž{ù‚µ‚½,‚ ‚è
Þ“,ŽÔã‚Ë‚ç‚¢,‚½‚Â‚Ì,Z‹g,282294,•ºŒÉŒ§,‚½‚Â‚ÌŽs,—K¼’¬–k‘ò,2018-05-02,14,“¹˜Hã,Ž{ù‚µ‚½,‚ ‚è
Þ“,ŽÔã‚Ë‚ç‚¢,‚½‚Â‚Ì,_•”,282294,•ºŒÉŒ§,‚½‚Â‚ÌŽs,—K•Ûì’¬³žŠ,2018-04-11,18,’“ŽÔi—Öjê,Ž{ù‚µ‚½,‚ ‚è
Þ“,ŽÔã‚Ë‚ç‚¢,‚½‚Â‚Ì,”Á”µ,284645,•ºŒÉŒ§,‘¾Žq’¬,êB,2018-11-25,17,ˆêŒËŒšZ‘î,Ž{ù‚µ‚½,‚È‚µ
Þ“,ŽÔã‚Ë‚ç‚¢,‚½‚Â‚Ì,‘¾“c,284645,•ºŒÉŒ§,‘¾Žq’¬,“Œo,2018-04-25,20,‚»‚Ì‘¼,Ž{ù‚µ‚½,‚ ‚è
Þ“,ŽÔã‚Ë‚ç‚¢,‚½‚Â‚Ì,‘¾“c,284645,•ºŒÉŒ§,‘¾Žq’¬,“Œo,2018-12-14,19,’“ŽÔi—Öjê,Ž{ù‚µ‚½,‚ ‚è
Þ“,ŽÔã‚Ë‚ç‚¢,‚½‚Â‚Ì,‰z•”,282294,•ºŒÉŒ§,‚½‚Â‚ÌŽs,V‹{’¬²–ì,2018-09-20,13,“¹˜Hã,Ž{ù‚µ‚½,‚ ‚è
Þ“,ŽÔã‚Ë‚ç‚¢,‚½‚Â‚Ì,‰z•”,282294,•ºŒÉŒ§,‚½‚Â‚ÌŽs,V‹{’¬’i”Vã,2018-02-11,10,‚»‚Ì‘¼,Ž{ù‚µ‚½,‚È‚µ
Þ“,ŽÔã‚Ë‚ç‚¢,‚½‚Â‚Ì,‰z•”,282294,•ºŒÉŒ§,‚½‚Â‚ÌŽs,V‹{’¬æXè,2018-11-10,07,’“ŽÔi—Öjê,Ž{ù‚µ‚½,‚È‚µ
Þ“,ŽÔã‚Ë‚ç‚¢,‚½‚Â‚Ì,V‹{,282294,•ºŒÉŒ§,‚½‚Â‚ÌŽs,V‹{’¬ŽÅ“c,2018-03-24,15,‚»‚Ì‘¼,Ž{ù‚µ‚½,‚ ‚è
Þ“,ŽÔã‚Ë‚ç‚¢,‚½‚Â‚Ì,V‹{,282294,•ºŒÉŒ§,‚½‚Â‚ÌŽs,V‹{’¬ŽÅ“c,2018-11-20,12,“¹˜Hã,Ž{ù‚µ‚½,‚ ‚è
Þ“,ŽÔã‚Ë‚ç‚¢,‚½‚Â‚Ì,V‹{,282294,•ºŒÉŒ§,‚½‚Â‚ÌŽs,V‹{’¬V‹{,2018-11-05,18,’“ŽÔi—Öjê,Ž{ù‚µ‚½,‚ ‚è
Þ“,ŽÔã‚Ë‚ç‚¢,‚½‚Â‚Ì,V‹{,282294,•ºŒÉŒ§,‚½‚Â‚ÌŽs,V‹{’¬‹{“à,2018-02-11,09,’“ŽÔi—Öjê,Ž{ù‚µ‚½,‚ ‚è
Þ“,ŽÔã‚Ë‚ç‚¢,‚½‚Â‚Ì,V‹{,282294,•ºŒÉŒ§,‚½‚Â‚ÌŽs,V‹{’¬‹{“à,2018-06-23,13,’“ŽÔi—Öjê,Ž{ù‚µ‚½,‚È‚µ
Þ“,ŽÔã‚Ë‚ç‚¢,‚½‚Â‚Ì,“‡,282294,•ºŒÉŒ§,‚½‚Â‚ÌŽs,V‹{’¬ãù,2018-12-12,14,’“ŽÔi—Öjê,Ž{ù‚µ‚½,‚ ‚è
Þ“,ŽÔã‚Ë‚ç‚¢,‚½‚Â‚Ì,“ŒŒI²,282294,•ºŒÉŒ§,‚½‚Â‚ÌŽs,V‹{’¬‘å‰®,2018-10-12,13,‚»‚Ì‘¼,Ž{ù‚µ‚½,‚ ‚è
Þ“,ŽÔã‚Ë‚ç‚¢,‚½‚Â‚Ì,“ŒŒI²,282294,•ºŒÉŒ§,‚½‚Â‚ÌŽs,V‹{’¬•½–ì,2018-08-04,15,‚»‚Ì‘¼,Ž{ù‚µ‚½,‚ ‚è
Þ“,ŽÔã‚Ë‚ç‚¢,‚½‚Â‚Ì,¼ŒI²,282294,•ºŒÉŒ§,‚½‚Â‚ÌŽs,V‹{’¬ŒI’¬,2018-03-09,16,“¹˜Hã,Ž{ù‚µ‚½,‚ ‚è
Þ“,ŽÔã‚Ë‚ç‚¢,‚½‚Â‚Ì,Œä’Ã,282294,•ºŒÉŒ§,‚½‚Â‚ÌŽs,Œä’Ã’¬Š˜‰®,2018-12-17,04,’“ŽÔi—Öjê,Ž{ù‚µ‚½,‚ ‚è
Þ“,ŽÔã‚Ë‚ç‚¢,‚½‚Â‚Ì,Œä’Ã,282294,•ºŒÉŒ§,‚½‚Â‚ÌŽs,Œä’Ã’¬Š¡‰®,2018-05-12,17,“¹˜Hã,Ž{ù‚µ‚½,‚È‚µ
Þ“,ŽÔã‚Ë‚ç‚¢,‚½‚Â‚Ì,Œä’Ã,282294,•ºŒÉŒ§,‚½‚Â‚ÌŽs,Œä’Ã’¬Š¡‰®,2018-12-17,16,’“ŽÔi—Öjê,Ž{ù‚µ‚½,‚ ‚è
Þ“,ŽÔã‚Ë‚ç‚¢,‘Š¶,“ß”g–ì,282081,•ºŒÉŒ§,‘Š¶Žs,Ôâ‚P’š–Ú,2018-05-17,19,‚»‚Ì‘¼,Ž{ù‚µ‚½,‚ ‚è
Þ“,ŽÔã‚Ë‚ç‚¢,‘Š¶,’†‰›’Ê,282081,•ºŒÉŒ§,‘Š¶Žs,‘Š¶,2018-01-21,13,’“ŽÔi—Öjê,Ž{ù‚µ‚½,‚ ‚è
Þ“,ŽÔã‚Ë‚ç‚¢,‘Š¶,’†‰›’Ê,282081,•ºŒÉŒ§,‘Š¶Žs,‘Š¶,2018-02-11,10,’“ŽÔi—Öjê,Ž{ù‚µ‚½,‚È‚µ
Þ“,ŽÔã‚Ë‚ç‚¢,‘Š¶,’†‰›’Ê,282081,•ºŒÉŒ§,‘Š¶Žs,‘Š¶‚T’š–Ú,2018-02-11,09,’“ŽÔi—Öjê,Ž{ù‚µ‚½,‚ ‚è
Þ“,ŽÔã‚Ë‚ç‚¢,‘Š¶,Žá‹·–ì,282081,•ºŒÉŒ§,‘Š¶Žs,—¤,2018-05-26,13,“¹˜Hã,Ž{ù‚µ‚½,‚È‚µ
Þ“,ŽÔã‚Ë‚ç‚¢,‘Š¶,Žá‹·–ì,282081,•ºŒÉŒ§,‘Š¶Žs,Žá‹·–ì’¬Ž›“c,2018-11-14,18,“¹˜Hã,Ž{ù‚µ‚½,‚ ‚è
Þ“,ŽÔã‚Ë‚ç‚¢,‘Š¶,Žá‹·–ì,282081,•ºŒÉŒ§,‘Š¶Žs,Žá‹·–ì’¬Žá‹·–ì,2018-02-11,08,‚»‚Ì‘¼,Ž{ù‚µ‚½,‚ ‚è
Þ“,ŽÔã‚Ë‚ç‚¢,‘Š¶,–î–ì,282081,•ºŒÉŒ§,‘Š¶Žs,–î–ì’¬“ñ–Ø,2018-12-20,14,“¹˜Hã,Ž{ù‚µ‚½,‚ ‚è
Þ“,ŽÔã‚Ë‚ç‚¢,‘Š¶,’†–ì,284815,•ºŒÉŒ§,ãŒS’¬,Š˜“‡,2018-11-10,15,“¹˜Hã,Ž{ù‚µ‚½,‚ ‚è
Þ“,ŽÔã‚Ë‚ç‚¢,‘Š¶,’†–ì,284815,•ºŒÉŒ§,ãŒS’¬,h,2018-11-29,14,’“ŽÔi—Öjê,Ž{ù‚µ‚½,‚ ‚è
Þ“,ŽÔã‚Ë‚ç‚¢,‘Š¶,’†–ì,284815,•ºŒÉŒ§,ãŒS’¬,’†–ì,2018-12-20,14,“¹˜Hã,Ž{ù‚µ‚½,‚ ‚è
Þ“,ŽÔã‚Ë‚ç‚¢,‘Š¶,”ª•Û,284815,•ºŒÉŒ§,ãŒS’¬,‘Dâ,2018-06-17,15,‚»‚Ì‘¼,Ž{ù‚µ‚½,‚ ‚è
Þ“,ŽÔã‚Ë‚ç‚¢,‘Š¶,”ª•Û,284815,•ºŒÉŒ§,ãŒS’¬,”ª•Û•¸,2018-09-27,13,“¹˜Hã,Ž{ù‚µ‚½,‚È‚µ
Þ“,ŽÔã‚Ë‚ç‚¢,‘Š¶,–ìŒK,284815,•ºŒÉŒ§,ãŒS’¬,–ìŒK,2018-06-23,15,‚»‚Ì‘¼,Ž{ù‚µ‚½,‚ ‚è
Þ“,ŽÔã‚Ë‚ç‚¢,Ô•ä,Ô•ä‰w‘O,282120,•ºŒÉŒ§,Ô•äŽs,‰Á—¢‰®’†F‚R’š–Ú,2018-09-12,16,‚»‚Ì‘¼,Ž{ù‚µ‚½,‚È‚µ
Þ“,ŽÔã‚Ë‚ç‚¢,Ô•ä,â‰z‰w‘O,282120,•ºŒÉŒ§,Ô•äŽs,â‰z,2018-05-12,16,’“ŽÔi—Öjê,Ž{ù‚µ‚½,‚ ‚è
Þ“,ŽÔã‚Ë‚ç‚¢,Ô•ä,—L”N,282120,•ºŒÉŒ§,Ô•äŽs,¼—L”N,2018-08-28,10,‚»‚Ì‘¼,Ž{ù‚µ‚½,‚ ‚è
Þ“,ŽÔã‚Ë‚ç‚¢,Ô•ä,—L”N,282120,•ºŒÉŒ§,Ô•äŽs,“Œ—L”N,2018-11-23,16,“¹˜Hã,Ž{ù‚µ‚½,‚È‚µ
Þ“,ŽÔã‚Ë‚ç‚¢,²—p,‹vè,285013,•ºŒÉŒ§,²—p’¬,‘åŽð,2018-02-10,13,“¹˜Hã,Ž{ù‚µ‚½,‚ ‚è
Þ“,ŽÔã‚Ë‚ç‚¢,²—p,’†“‡,285013,•ºŒÉŒ§,²—p’¬,•Ä“c,2018-04-06,15,’“ŽÔi—Öjê,Ž{ù‚µ‚½,‚ ‚è
Þ“,ŽÔã‚Ë‚ç‚¢,Ž³ˆ¾,ŽRè’†‰›,282278,•ºŒÉŒ§,Ž³ˆ¾Žs,ŽRè’¬–å‘O,2018-12-23,15,“¹˜Hã,Ž{ù‚µ‚½,‚ ‚è
Þ“,ŽÔã‚Ë‚ç‚¢,Ž³ˆ¾,ŒËŒ´,282278,•ºŒÉŒ§,Ž³ˆ¾Žs,ŽRè’¬‰FŒ´,2018-05-29,14,“¹˜Hã,Ž{ù‚µ‚½,‚ ‚è
Þ“,ŽÔã‚Ë‚ç‚¢,Ž³ˆ¾,ŒËŒ´,282278,•ºŒÉŒ§,Ž³ˆ¾Žs,ŽRè’¬‰FŒ´,2018-09-26,13,“¹˜Hã,Ž{ù‚µ‚½,‚ ‚è
Þ“,ŽÔã‚Ë‚ç‚¢,Ž³ˆ¾,ŒËŒ´,282278,•ºŒÉŒ§,Ž³ˆ¾Žs,ŽRè’¬‰FŒ´,2018-11-14,19,“¹˜Hã,Ž{ù‚µ‚½,‚È‚µ
Þ“,ŽÔã‚Ë‚ç‚¢,Ž³ˆ¾,‚‰º,282278,•ºŒÉŒ§,Ž³ˆ¾Žs,ŽRè’¬‚‰º,2018-03-14,13,“¹˜Hã,Ž{ù‚µ‚½,‚È‚µ
Þ“,ŽÔã‚Ë‚ç‚¢,Ž³ˆ¾,ã–q’J,282278,•ºŒÉŒ§,Ž³ˆ¾Žs,ŽRè’¬‰º–q’J,2018-11-05,01,ˆêŒËŒšZ‘î,Ž{ù‚µ‚½,‚ ‚è
Þ“,ŽÔã‚Ë‚ç‚¢,Ž³ˆ¾,‹È—¢,282278,•ºŒÉŒ§,Ž³ˆ¾Žs,ˆê‹{’¬ˆÀÏ,2018-01-11,20,’“ŽÔi—Öjê,Ž{ù‚µ‚½,‚È‚µ
Þ“,ŽÔã‚Ë‚ç‚¢,’©—ˆ,˜a“cŽR‰w‘O,282251,•ºŒÉŒ§,’©—ˆŽs,˜a“cŽR’¬”’ˆä,2018-05-09,13,“¹˜Hã,Ž{ù‚µ‚½,‚ ‚è
Þ“,ŽÔã‚Ë‚ç‚¢,’©—ˆ,˜a“cŽR‰w‘O,282251,•ºŒÉŒ§,’©—ˆŽs,˜a“cŽR’¬’†,2018-10-27,17,’“ŽÔi—Öjê,Ž{ù‚µ‚½,‚ ‚è
Þ“,ŽÔã‚Ë‚ç‚¢,’©—ˆ,‹{“c,282251,•ºŒÉŒ§,’©—ˆŽs,˜a“cŽR’¬‹{“à,2018-09-19,20,’“ŽÔi—Öjê,Ž{ù‚µ‚½,‚ ‚è
Þ“,ŽÔã‚Ë‚ç‚¢,’©—ˆ,ã‘“c,282251,•ºŒÉŒ§,’©—ˆŽs,ŽR“Œ’¬ŽO•Û,2018-06-20,13,“¹˜Hã,Ž{ù‚µ‚½,‚ ‚è
Þ“,ŽÔã‚Ë‚ç‚¢,’©—ˆ,‰Á“s,282251,•ºŒÉŒ§,’©—ˆŽs,˜a“cŽR’¬‰Á“s,2018-11-28,14,“¹˜Hã,Ž{ù‚µ‚½,‚È‚µ
Þ“,ŽÔã‚Ë‚ç‚¢,’©—ˆ,‰Á“s,282251,•ºŒÉŒ§,’©—ˆŽs,˜a“cŽR’¬‰h’¬,2018-05-30,19,“¹˜Hã,Ž{ù‚µ‚½,‚È‚µ
Þ“,ŽÔã‚Ë‚ç‚¢,’©—ˆ,‰Á“s,282251,•ºŒÉŒ§,’©—ˆŽs,˜a“cŽR’¬“›],2018-04-14,15,“¹˜Hã,Ž{ù‚µ‚½,‚ ‚è
Þ“,ŽÔã‚Ë‚ç‚¢,’©—ˆ,’|“c,282251,•ºŒÉŒ§,’©—ˆŽs,˜a“cŽR’¬‹v¢“c,2018-04-14,14,“¹˜Hã,Ž{ù‚µ‚½,‚ ‚è
Þ“,ŽÔã‚Ë‚ç‚¢,’©—ˆ,’|“c,282251,•ºŒÉŒ§,’©—ˆŽs,˜a“cŽR’¬‹v¢“c,2018-11-28,08,“¹˜Hã,Ž{ù‚µ‚½,‚È‚µ
Þ“,ŽÔã‚Ë‚ç‚¢,’©—ˆ,¶–ì‰w‘O,282251,•ºŒÉŒ§,’©—ˆŽs,¶–ì’¬‰~ŽR,2018-04-28,17,’“ŽÔi—Öjê,Ž{ù‚µ‚½,‚ ‚è
Þ“,ŽÔã‚Ë‚ç‚¢,’©—ˆ,¶–ì‰w‘O,282251,•ºŒÉŒ§,’©—ˆŽs,¶–ì’¬‰~ŽR,2018-06-28,17,’“ŽÔi—Öjê,Ž{ù‚µ‚½,‚È‚µ
Þ“,ŽÔã‚Ë‚ç‚¢,’©—ˆ,’©—ˆ,282251,•ºŒÉŒ§,’©—ˆŽs,ã”ª‘ã,2018-11-02,13,“¹˜Hã,Ž{ù‚µ‚½,‚ ‚è
Þ“,ŽÔã‚Ë‚ç‚¢,’©—ˆ,—§–ì,282251,•ºŒÉŒ§,’©—ˆŽs,Šâ’Ã,2018-02-24,10,“¹˜Hã,Ž{ù‚µ‚½,‚ ‚è
Þ“,ŽÔã‚Ë‚ç‚¢,’©—ˆ,—§–ì,282251,•ºŒÉŒ§,’©—ˆŽs,—§–ì,2018-05-25,17,‚»‚Ì‘¼,Ž{ù‚µ‚½,‚ ‚è
Þ“,ŽÔã‚Ë‚ç‚¢,’©—ˆ,—§–ì,282251,•ºŒÉŒ§,’©—ˆŽs,—§–ì,2018-06-15,04,“¹˜Hã,Ž{ù‚µ‚½,‚È‚µ
Þ“,ŽÔã‚Ë‚ç‚¢,’©—ˆ,—§–ì,282251,•ºŒÉŒ§,’©—ˆŽs,‰HŸº,2018-01-16,07,’“ŽÔi—Öjê,Ž{ù‚µ‚½,‚È‚µ
Þ“,ŽÔã‚Ë‚ç‚¢,’©—ˆ,Î“c,282251,•ºŒÉŒ§,’©—ˆŽs,ˆÉ—RŽsê,2018-05-19,13,‚»‚Ì‘¼,Ž{ù‚µ‚½,‚ ‚è
Þ“,ŽÔã‚Ë‚ç‚¢,—{•ƒ,—{•ƒ,282227,•ºŒÉŒ§,—{•ƒŽs,—{•ƒŽsê,2018-01-16,10,’“ŽÔi—Öjê,Ž{ù‚µ‚½,‚ ‚è
Þ“,ŽÔã‚Ë‚ç‚¢,—{•ƒ,Œš‰®,282227,•ºŒÉŒ§,—{•ƒŽs,’·–ì,2018-11-24,11,’“ŽÔi—Öjê,Ž{ù‚µ‚½,‚ ‚è
Þ“,ŽÔã‚Ë‚ç‚¢,—{•ƒ,ŠÖ‹{,282227,•ºŒÉŒ§,—{•ƒŽs,‘å’J,2018-04-28,13,‚»‚Ì‘¼,Ž{ù‚µ‚½,‚ ‚è
Þ“,ŽÔã‚Ë‚ç‚¢,–L‰ª“ì,’†’J,282090,•ºŒÉŒ§,–L‰ªŽs,‘Êâ,2018-11-22,15,“¹˜Hã,Ž{ù‚µ‚½,‚ ‚è
Þ“,ŽÔã‚Ë‚ç‚¢,–L‰ª“ì,]Œ´,282090,•ºŒÉŒ§,–L‰ªŽs,oÎ’¬“ˆ,2018-11-22,13,“¹˜Hã,Ž{ù‚µ‚½,‚ ‚è
Þ“,ŽÔã‚Ë‚ç‚¢,”ü•û,•Ÿ‰ª,285854,•ºŒÉŒ§,”ü’¬,‘º‰ª‹æ“ú‰e,2018-11-02,15,’“ŽÔi—Öjê,Ž{ù‚µ‚½,‚ ‚è
Þ“,ŽÔã‚Ë‚ç‚¢,F–{,“à’¬,282057,•ºŒÉŒ§,F–{Žs,”[,2018-10-20,19,’“ŽÔi—Öjê,Ž{ù‚µ‚½,‚È‚µ
Þ“,ŽÔã‚Ë‚ç‚¢,F–{,“à’¬,282057,•ºŒÉŒ§,F–{Žs,‰–‰®‚P’š–Ú,2018-05-20,22,‚»‚Ì‘¼,Ž{ù‚µ‚½,‚ ‚è
Þ“,ŽÔã‚Ë‚ç‚¢,F–{,“à‘V,282057,•ºŒÉŒ§,F–{Žs,”[,2018-06-17,20,’“ŽÔi—Öjê,Ž{ù‚µ‚½,‚ ‚è
Þ“,ŽÔã‚Ë‚ç‚¢,F–{,“à‘V,282057,•ºŒÉŒ§,F–{Žs,‰º“à‘V,2018-07-11,21,ˆêŒËŒšZ‘î,Ž{ù‚µ‚½,‚ ‚è
Þ“,ŽÔã‚Ë‚ç‚¢,F–{,‘å–ì,282057,•ºŒÉŒ§,F–{Žs,’r“à,2018-11-21,20,ˆêŒËŒšZ‘î,Ž{ù‚µ‚½,‚ ‚è
Þ“,ŽÔã‚Ë‚ç‚¢,F–{,‘å–ì,282057,•ºŒÉŒ§,F–{Žs,‘å–ì,2018-09-11,18,’“ŽÔi—Öjê,Ž{ù‚µ‚½,‚ ‚è
Þ“,ŽÔã‚Ë‚ç‚¢,F–{,‘å–ì,282057,•ºŒÉŒ§,F–{Žs,V‘º,2018-11-20,19,ˆêŒËŒšZ‘î,Ž{ù‚µ‚½,‚ ‚è
Þ“,ŽÔã‚Ë‚ç‚¢,F–{,ç‘,282057,•ºŒÉŒ§,F–{Žs,ç‘b,2018-05-01,16,’“ŽÔi—Öjê,Ž{ù‚µ‚½,‚È‚µ
Þ“,ŽÔã‚Ë‚ç‚¢,F–{,ç‘,282057,•ºŒÉŒ§,F–{Žs,ç‘M,2018-03-06,23,“¹˜Hã,Ž{ù‚µ‚½,‚È‚µ
Þ“,ŽÔã‚Ë‚ç‚¢,F–{,’¹Ž”,282057,•ºŒÉŒ§,F–{Žs,ŒÜF’¬’¹Ž”‰Y,2018-10-26,07,’“ŽÔi—Öjê,Ž{ù‚µ‚½,‚È‚µ
Þ“,ŽÔã‚Ë‚ç‚¢,F–{,’¹Ž”,282057,•ºŒÉŒ§,F–{Žs,ŒÜF’¬’¹Ž”ã,2018-03-09,20,ˆêŒËŒšZ‘î,Ž{ù‚µ‚½,‚ ‚è
Þ“,ŽÔã‚Ë‚ç‚¢,’W˜H,Šâ‰®,282260,•ºŒÉŒ§,’W˜HŽs,Šâ‰®,2018-01-06,21,’“ŽÔi—Öjê,Ž{ù‚µ‚½,‚È‚µ
Þ“,ŽÔã‚Ë‚ç‚¢,’W˜H,ˆç”g,282260,•ºŒÉŒ§,’W˜HŽs,ˆç”g,2018-07-09,20,’“ŽÔi—Öjê,Ž{ù‚µ‚½,‚ ‚è
Þ“,ŽÔã‚Ë‚ç‚¢,’W˜H,ˆç”g,282260,•ºŒÉŒ§,’W˜HŽs,ˆç”g,2018-08-17,20,’“ŽÔi—Öjê,Ž{ù‚µ‚½,‚È‚µ
Þ“,ŽÔã‚Ë‚ç‚¢,’W˜H,ˆç”g,282260,•ºŒÉŒ§,’W˜HŽs,Žº’Ã,2018-08-28,18,ˆêŒËŒšZ‘î,Ž{ù‚µ‚½,‚ ‚è
Þ“,ŽÔã‚Ë‚ç‚¢,’W˜H,”öè,282260,•ºŒÉŒ§,’W˜HŽs,”öè,2018-08-30,23,’“ŽÔi—Öjê,Ž{ù‚µ‚½,‚ ‚è
Þ“,ŽÔã‚Ë‚ç‚¢,’W˜H,‘å’¬,282260,•ºŒÉŒ§,’W˜HŽs,‘å’¬ã,2018-03-15,18,’“ŽÔi—Öjê,Ž{ù‚µ‚½,‚ ‚è
Þ“,ŽÔã‚Ë‚ç‚¢,’W˜H,‘å’¬,282260,•ºŒÉŒ§,’W˜HŽs,‘å’¬ã,2018-03-15,20,ˆêŒËŒšZ‘î,Ž{ù‚µ‚½,‚ ‚è
Þ“,ŽÔã‚Ë‚ç‚¢,’W˜H,‘å’¬,282260,•ºŒÉŒ§,’W˜HŽs,‘å’¬‰º,2018-08-30,18,‚»‚Ì‘¼,Ž{ù‚µ‚½,‚ ‚è
Þ“,ŽÔã‚Ë‚ç‚¢,’W˜H,‘å’¬,282260,•ºŒÉŒ§,’W˜HŽs,–Ø‘]ã,2018-10-07,18,ˆêŒËŒšZ‘î,Ž{ù‚µ‚½,‚È‚µ
Þ“,ŽÔã‚Ë‚ç‚¢,’W˜H,’†“c,282260,•ºŒÉŒ§,’W˜HŽs,’†“c,2018-11-13,17,‚»‚Ì‘¼,Ž{ù‚µ‚½,‚ ‚è
Þ“,ŽÔã‚Ë‚ç‚¢,’W˜H,Žu’},282260,•ºŒÉŒ§,’W˜HŽs,‘å’¬‰º,2018-08-30,19,’“ŽÔi—Öjê,Ž{ù‚µ‚½,‚È‚µ
Þ“,ŽÔã‚Ë‚ç‚¢,’W˜H,Žu’},282260,•ºŒÉŒ§,’W˜HŽs,Žu’},2018-10-23,20,’“ŽÔi—Öjê,Ž{ù‚µ‚½,‚ ‚è
Þ“,ŽÔã‚Ë‚ç‚¢,’W˜H,Žu’},282260,•ºŒÉŒ§,’W˜HŽs,Žu’}V“‡,2018-07-14,18,‚»‚Ì‘¼,Ž{ù‚µ‚½,‚ ‚è
Þ“,ŽÔã‚Ë‚ç‚¢,’W˜H,‰–“c,282260,•ºŒÉŒ§,’W˜HŽs,‰ºŽi,2018-11-27,19,ˆêŒËŒšZ‘î,Ž{ù‚µ‚½,‚È‚µ
Þ“,ŽÔã‚Ë‚ç‚¢,’W˜H,‰–“c,282260,•ºŒÉŒ§,’W˜HŽs,‰ºŽi,2018-11-27,20,ˆêŒËŒšZ‘î,Ž{ù‚µ‚½,‚È‚µ
Þ“,ŽÔã‚Ë‚ç‚¢,’W˜H,‰–“c,282260,•ºŒÉŒ§,’W˜HŽs,‰–“cV“‡,2018-02-23,22,“¹˜Hã,Ž{ù‚µ‚½,‚È‚µ
Þ“,ŽÔã‚Ë‚ç‚¢,’W˜H,¶•ä,282260,•ºŒÉŒ§,’W˜HŽs,¶•ä,2018-11-06,22,ˆêŒËŒšZ‘î,Ž{ù‚µ‚½,‚È‚µ
Þ“,ŽÔã‚Ë‚ç‚¢,“ì‚ ‚í‚¶,Â–Ø,282243,•ºŒÉŒ§,“ì‚ ‚í‚¶Žs,ŽsV,2018-07-20,21,ˆêŒËŒšZ‘î,Ž{ù‚µ‚½,‚ ‚è
Þ“,ŽÔã‚Ë‚ç‚¢,“ì‚ ‚í‚¶,Â–Ø,282243,•ºŒÉŒ§,“ì‚ ‚í‚¶Žs,Žs“¿’·,2018-08-01,22,ˆêŒËŒšZ‘î,Ž{ù‚µ‚½,‚ ‚è
Þ“,ŽÔã‚Ë‚ç‚¢,“ì‚ ‚í‚¶,Â–Ø,282243,•ºŒÉŒ§,“ì‚ ‚í‚¶Žs,_‘ã‰Y•Ç,2018-09-23,17,ˆêŒËŒšZ‘î,Ž{ù‚µ‚½,‚ ‚è
Þ“,ŽÔã‚Ë‚ç‚¢,“ì‚ ‚í‚¶,Â–Ø,282243,•ºŒÉŒ§,“ì‚ ‚í‚¶Žs,_‘ãš åÉ,2018-11-19,19,’“ŽÔi—Öjê,Ž{ù‚µ‚½,‚È‚µ
Þ“,ŽÔã‚Ë‚ç‚¢,“ì‚ ‚í‚¶,Â–Ø,282243,•ºŒÉŒ§,“ì‚ ‚í‚¶Žs,_‘ã’n“ª•û,2018-06-05,01,ˆêŒËŒšZ‘î,Ž{ù‚µ‚½,‚È‚µ
Þ“,ŽÔã‚Ë‚ç‚¢,“ì‚ ‚í‚¶,Â–Ø,282243,•ºŒÉŒ§,“ì‚ ‚í‚¶Žs,_‘ãŽÐ‰Æ,2018-10-27,19,’“ŽÔi—Öjê,Ž{ù‚µ‚½,‚ ‚è
Þ“,ŽÔã‚Ë‚ç‚¢,“ì‚ ‚í‚¶,‘|Žç,282243,•ºŒÉŒ§,“ì‚ ‚í‚¶Žs,‰|—ñã”¦‘½,2018-08-06,16,ˆêŒËŒšZ‘î,Ž{ù‚µ‚½,‚ ‚è
Þ“,ŽÔã‚Ë‚ç‚¢,“ì‚ ‚í‚¶,‘|Žç,282243,•ºŒÉŒ§,“ì‚ ‚í‚¶Žs,˜`•¶ˆÏ•¶,2018-10-08,18,ˆêŒËŒšZ‘î,Ž{ù‚µ‚½,‚È‚µ
Þ“,ŽÔã‚Ë‚ç‚¢,“ì‚ ‚í‚¶,˜`•¶,282243,•ºŒÉŒ§,“ì‚ ‚í‚¶Žs,˜`•¶—¬,2018-10-08,18,ˆêŒËŒšZ‘î,Ž{ù‚µ‚½,‚È‚µ
Þ“,ŽÔã‚Ë‚ç‚¢,“ì‚ ‚í‚¶,ˆ¢“ß‰ê,282243,•ºŒÉŒ§,“ì‚ ‚í‚¶Žs,’Ãˆä,2018-10-13,18,ˆêŒËŒšZ‘î,Ž{ù‚µ‚½,‚È‚µ
Þ“,ŽÔã‚Ë‚ç‚¢,“ì‚ ‚í‚¶,•Ÿˆä,282243,•ºŒÉŒ§,“ì‚ ‚í‚¶Žs,‰êW¶Žq,2018-10-14,13,’“ŽÔi—Öjê,Ž{ù‚µ‚½,‚ ‚è
Þ“,ŽÔã‚Ë‚ç‚¢,¬–ì,‰Í‡,282189,•ºŒÉŒ§,¬–ìŽs,ˆ¾¶’¬,2018-11-15,13,“¹˜Hã,Ž{ù‚¹‚¸,‚È‚µ
Þ“,ŽÔã‚Ë‚ç‚¢,¬–ì,‰Í‡,282189,•ºŒÉŒ§,¬–ìŽs,‰Í‡¼’¬,2018-08-14,12,’“ŽÔi—Öjê,Ž{ù‚¹‚¸,‚ ‚è
Þ“,ŽÔã‚Ë‚ç‚¢,¬–ì,‰Í‡,282189,•ºŒÉŒ§,¬–ìŽs,V•”’¬,2018-03-26,14,“¹˜Hã,Ž{ù‚¹‚¸,‚ ‚è
Þ“,ŽÔã‚Ë‚ç‚¢,¬–ì,ŒI¶,282189,•ºŒÉŒ§,¬–ìŽs,º˜a’¬,2018-02-12,07,’“ŽÔi—Öjê,Ž{ù‚¹‚¸,‚ ‚è
Þ“,ŽÔã‚Ë‚ç‚¢,¬–ì,ŒI¶,282189,•ºŒÉŒ§,¬–ìŽs,º˜a’¬,2018-06-28,07,“¹˜Hã,Ž{ù‚¹‚¸,‚ ‚è
Þ“,ŽÔã‚Ë‚ç‚¢,¬–ì,‰º—ˆZ,282189,•ºŒÉŒ§,¬–ìŽs,•Ÿ™²’¬,2018-04-26,14,“¹˜Hã,Ž{ù‚¹‚¸,‚È‚µ
Þ“,ŽÔã‚Ë‚ç‚¢,¬–ì,¬–ì‰w‘O,282189,•ºŒÉŒ§,¬–ìŽs,‰¤Žq’¬,2018-10-16,16,’“ŽÔi—Öjê,Ž{ù‚¹‚¸,‚È‚µ
Þ“,ŽÔã‚Ë‚ç‚¢,¬–ì,¬–ì‰w‘O,282189,•ºŒÉŒ§,¬–ìŽs,‰¤Žq’¬,2018-11-03,16,’“ŽÔi—Öjê,Ž{ù‚¹‚¸,‚ ‚è
Þ“,ŽÔã‚Ë‚ç‚¢,¬–ì,¬–ì‰w‘O,282189,•ºŒÉŒ§,¬–ìŽs,ò’J’¬,2018-02-20,12,’“ŽÔi—Öjê,Ž{ù‚¹‚¸,‚ ‚è
Þ“,ŽÔã‚Ë‚ç‚¢,¬–ì,¬–ì‰w‘O,282189,•ºŒÉŒ§,¬–ìŽs,ò’J’¬,2018-02-21,17,’“ŽÔi—Öjê,Ž{ù‚¹‚¸,‚È‚µ
Þ“,ŽÔã‚Ë‚ç‚¢,¬–ì,¬–ì‰w‘O,282189,•ºŒÉŒ§,¬–ìŽs,ò’J’¬,2018-05-08,20,’“ŽÔi—Öjê,Ž{ù‚¹‚¸,‚È‚µ
Þ“,ŽÔã‚Ë‚ç‚¢,¬–ì,¬–ì‰w‘O,282189,•ºŒÉŒ§,¬–ìŽs,‰º—ˆZ’¬,2018-04-18,16,’“ŽÔi—Öjê,Ž{ù‚¹‚¸,‚ ‚è
Þ“,ŽÔã‚Ë‚ç‚¢,¬–ì,¬–ì‰w‘O,282189,•ºŒÉŒ§,¬–ìŽs,Z‹g’¬,2018-06-12,18,’“ŽÔi—Öjê,Ž{ù‚¹‚¸,‚ ‚è
Þ“,ŽÔã‚Ë‚ç‚¢,¬–ì,¬–ì‰w‘O,282189,•ºŒÉŒ§,¬–ìŽs,‘åŠJ’¬,2018-04-25,16,‚»‚Ì‘¼,Ž{ù‚¹‚¸,‚ ‚è
Þ“,ŽÔã‚Ë‚ç‚¢,¬–ì,¬–ì‰w‘O,282189,•ºŒÉŒ§,¬–ìŽs,’†“‡’¬,2018-10-15,17,‚»‚Ì‘¼,Ž{ù‚¹‚¸,‚ ‚è
Þ“,ŽÔã‚Ë‚ç‚¢,¬–ì,¬–ì‰w‘O,282189,•ºŒÉŒ§,¬–ìŽs,•œˆä’¬,2018-11-15,12,“¹˜Hã,Ž{ù‚¹‚¸,‚ ‚è
Þ“,ŽÔã‚Ë‚ç‚¢,¬–ì,Žsê,282189,•ºŒÉŒ§,¬–ìŽs,Žsê’¬,2018-07-25,17,’“ŽÔi—Öjê,Ž{ù‚¹‚¸,‚ ‚è
Þ“,ŽÔã‚Ë‚ç‚¢,¬–ì,Žsê,282189,•ºŒÉŒ§,¬–ìŽs,Š~ŽR’¬,2018-08-25,15,“¹˜Hã,Ž{ù‚¹‚¸,‚ ‚è
Þ“,ŽÔã‚Ë‚ç‚¢,ŽO“c,ŽO“c‰w‘O,282197,•ºŒÉŒ§,ŽO“cŽs,ŽO—Ö‚Q’š–Ú,2018-12-03,14,’“ŽÔi—Öjê,Ž{ù‚¹‚¸,‚È‚µ
Þ“,ŽÔã‚Ë‚ç‚¢,ŽO“c,ŽO“c‰w‘O,282197,•ºŒÉŒ§,ŽO“cŽs,ŽO—Ö‚S’š–Ú,2018-01-21,10,’“ŽÔi—Öjê,Ž{ù‚¹‚¸,‚ ‚è
Þ“,ŽÔã‚Ë‚ç‚¢,ŽO“c,L–ì,282197,•ºŒÉŒ§,ŽO“cŽs,ãˆä‘ò,2018-11-04,13,’“ŽÔi—Öjê,Ž{ù‚¹‚¸,‚È‚µ
Þ“,ŽÔã‚Ë‚ç‚¢,ŽO“c,L–ì,282197,•ºŒÉŒ§,ŽO“cŽs,‰ºˆä‘ò,2018-11-10,17,’“ŽÔi—Öjê,Ž{ù‚¹‚¸,‚È‚µ
Þ“,ŽÔã‚Ë‚ç‚¢,ŽO“c,ã‚•½,282197,•ºŒÉŒ§,ŽO“cŽs,¬Š`,2018-06-25,16,“¹˜Hã,Ž{ù‚¹‚¸,‚ ‚è
Þ“,ŽÔã‚Ë‚ç‚¢,ŽO“c,ŽuŽèŒ´,282197,•ºŒÉŒ§,ŽO“cŽs,“òŽ›,2018-03-02,17,‚»‚Ì‘¼,Ž{ù‚¹‚¸,‚È‚µ
Þ“,ŽÔã‚Ë‚ç‚¢,ŽO“c,‚ ‚¢‚Ì—¢,282197,•ºŒÉŒ§,ŽO“cŽs,—•–{,2018-09-28,09,“¹˜Hã,Ž{ù‚¹‚¸,‚ ‚è
Þ“,ŽÔã‚Ë‚ç‚¢,ŽO“c,‚ ‚¢‚Ì—¢,282197,•ºŒÉŒ§,ŽO“cŽs,ã‘Š–ì,2018-09-03,15,ˆêŒËŒšZ‘î,Ž{ù‚¹‚¸,‚È‚µ
Þ“,ŽÔã‚Ë‚ç‚¢,ŽO“c,‚ ‚¢‚Ì—¢,282197,•ºŒÉŒ§,ŽO“cŽs,‰º‘Š–ì,2018-02-12,16,“¹˜Hã,Ž{ù‚¹‚¸,‚ ‚è
Þ“,ŽÔã‚Ë‚ç‚¢,ŽO“c,Žlƒc’Ò,282197,•ºŒÉŒ§,ŽO“cŽs,Žlƒc’Ò,2018-07-16,15,“¹˜Hã,Ž{ù‚¹‚¸,‚ ‚è
Þ“,ŽÔã‚Ë‚ç‚¢,ŽO“c,ƒtƒ‰ƒ[ƒ^ƒEƒ“,282197,•ºŒÉŒ§,ŽO“cŽs,–í¶‚ª‹u‚S’š–Ú,2018-05-16,21,’“ŽÔi—Öjê,Ž{ù‚¹‚¸,‚ ‚è
Þ“,ŽÔã‚Ë‚ç‚¢,ŽO“c,ƒEƒbƒfƒBƒ^ƒEƒ“’†‰›,282197,•ºŒÉŒ§,ŽO“cŽs,‚¯‚â‚«‘ä‚P’š–Ú,2018-06-09,14,’“ŽÔi—Öjê,Ž{ù‚¹‚¸,‚ ‚è
Þ“,ŽÔã‚Ë‚ç‚¢,“Œ“å,[],281018,•ºŒÉŒ§,_ŒËŽs“Œ“å‹æ,[]–k’¬‚R’š–Ú,2018-11-30,14,“¹˜Hã,Ž{ù‚¹‚¸,‚ ‚è
Þ“,ŽÔã‚Ë‚ç‚¢,“Œ“å,[],281018,•ºŒÉŒ§,_ŒËŽs“Œ“å‹æ,[]•l’¬,2018-04-28,16,“¹˜Hã,Ž{ù‚¹‚¸,‚ ‚è
Þ“,ŽÔã‚Ë‚ç‚¢,“Œ“å,[],281018,•ºŒÉŒ§,_ŒËŽs“Œ“å‹æ,[]–{’¬‚P’š–Ú,2018-10-05,21,’“ŽÔi—Öjê,Ž{ù‚¹‚¸,‚È‚µ
Þ“,ŽÔã‚Ë‚ç‚¢,“Œ“å,X,281018,•ºŒÉŒ§,_ŒËŽs“Œ“å‹æ,–{ŽR“ì’¬‚U’š–Ú,2018-04-20,19,’“ŽÔi—Öjê,Ž{ù‚¹‚¸,‚ ‚è
Þ“,ŽÔã‚Ë‚ç‚¢,“Œ“å,X,281018,•ºŒÉŒ§,_ŒËŽs“Œ“å‹æ,–{ŽR“ì’¬‚U’š–Ú,2018-09-02,21,’“ŽÔi—Öjê,Ž{ù‚¹‚¸,‚È‚µ
Þ“,ŽÔã‚Ë‚ç‚¢,“Œ“å,X,281018,•ºŒÉŒ§,_ŒËŽs“Œ“å‹æ,–{ŽR“ì’¬‚U’š–Ú,2018-10-31,20,’“ŽÔi—Öjê,Ž{ù‚¹‚¸,‚È‚µ
Þ“,ŽÔã‚Ë‚ç‚¢,“Œ“å,X,281018,•ºŒÉŒ§,_ŒËŽs“Œ“å‹æ,X–k’¬‚U’š–Ú,2018-01-17,09,’“ŽÔi—Öjê,Ž{ù‚¹‚¸,‚ ‚è
Þ“,ŽÔã‚Ë‚ç‚¢,“Œ“å,‰ª–{,281018,•ºŒÉŒ§,_ŒËŽs“Œ“å‹æ,‰ª–{‚P’š–Ú,2018-07-14,17,“¹˜Hã,Ž{ù‚¹‚¸,‚È‚µ
Þ“,ŽÔã‚Ë‚ç‚¢,“Œ“å,“c’†,281018,•ºŒÉŒ§,_ŒËŽs“Œ“å‹æ,b“ì’¬‚R’š–Ú,2018-02-04,18,“¹˜Hã,Ž{ù‚¹‚¸,‚È‚µ
Þ“,ŽÔã‚Ë‚ç‚¢,“Œ“å,“c’†,281018,•ºŒÉŒ§,_ŒËŽs“Œ“å‹æ,–{ŽR’†’¬‚S’š–Ú,2018-11-30,13,“¹˜Hã,Ž{ù‚¹‚¸,‚ ‚è
Þ“,ŽÔã‚Ë‚ç‚¢,“Œ“å,“c’†,281018,•ºŒÉŒ§,_ŒËŽs“Œ“å‹æ,–{ŽR“ì’¬‚R’š–Ú,2018-11-17,20,‚»‚Ì‘¼,Ž{ù‚¹‚¸,‚È‚µ
Þ“,ŽÔã‚Ë‚ç‚¢,“Œ“å,Â–Ø‰w‘O,281018,•ºŒÉŒ§,_ŒËŽs“Œ“å‹æ,Â–Ø‚R’š–Ú,2018-09-08,18,’“ŽÔi—Öjê,Ž{ù‚¹‚¸,‚È‚µ
Þ“,ŽÔã‚Ë‚ç‚¢,“Œ“å,Â–Ø‰w‘O,281018,•ºŒÉŒ§,_ŒËŽs“Œ“å‹æ,–kÂ–Ø‚Q’š–Ú,2018-09-01,19,’“ŽÔi—Öjê,Ž{ù‚¹‚¸,‚ ‚è
Þ“,ŽÔã‚Ë‚ç‚¢,“Œ“å,Â–Ø‰w‘O,281018,•ºŒÉŒ§,_ŒËŽs“Œ“å‹æ,–{ŽR“ì’¬‚W’š–Ú,2018-01-26,19,“¹˜Hã,Ž{ù‚¹‚¸,‚È‚µ
Þ“,ŽÔã‚Ë‚ç‚¢,“Œ“å,‹›è,281018,•ºŒÉŒ§,_ŒËŽs“Œ“å‹æ,‹›è•l’¬,2018-03-21,20,’“ŽÔi—Öjê,Ž{ù‚¹‚¸,‚È‚µ
Þ“,ŽÔã‚Ë‚ç‚¢,“Œ“å,‹›è,281018,•ºŒÉŒ§,_ŒËŽs“Œ“å‹æ,‹›è•l’¬,2018-04-23,10,’“ŽÔi—Öjê,Ž{ù‚¹‚¸,‚ ‚è
Þ“,ŽÔã‚Ë‚ç‚¢,“Œ“å,‹›è,281018,•ºŒÉŒ§,_ŒËŽs“Œ“å‹æ,‹›è•l’¬,2018-05-12,20,“¹˜Hã,Ž{ù‚¹‚¸,‚È‚µ
Þ“,ŽÔã‚Ë‚ç‚¢,“Œ“å,‹›è,281018,•ºŒÉŒ§,_ŒËŽs“Œ“å‹æ,‹›è•l’¬,2018-10-02,08,’“ŽÔi—Öjê,Ž{ù‚¹‚¸,‚ ‚è
Þ“,ŽÔã‚Ë‚ç‚¢,“Œ“å,‹›è,281018,•ºŒÉŒ§,_ŒËŽs“Œ“å‹æ,‹›è“ì’¬‚T’š–Ú,2018-08-07,18,“¹˜Hã,Ž{ù‚¹‚¸,‚ ‚è
Þ“,ŽÔã‚Ë‚ç‚¢,“Œ“å,‹›è,281018,•ºŒÉŒ§,_ŒËŽs“Œ“å‹æ,‹›è“ì’¬‚W’š–Ú,2018-11-04,18,’“ŽÔi—Öjê,Ž{ù‚¹‚¸,‚ ‚è
Þ“,ŽÔã‚Ë‚ç‚¢,“Œ“å,‚i‚qZ‹g‰w‘O,281018,•ºŒÉŒ§,_ŒËŽs“Œ“å‹æ,Z‹g“Œ’¬‚R’š–Ú,2018-10-08,17,“¹˜Hã,Ž{ù‚¹‚¸,‚ ‚è
Þ“,ŽÔã‚Ë‚ç‚¢,“Œ“å,‚i‚qZ‹g‰w‘O,281018,•ºŒÉŒ§,_ŒËŽs“Œ“å‹æ,Z‹g‹{’¬‚S’š–Ú,2018-08-31,15,’“ŽÔi—Öjê,Ž{ù‚¹‚¸,‚ ‚è
Þ“,ŽÔã‚Ë‚ç‚¢,“Œ“å,Œà“c,281018,•ºŒÉŒ§,_ŒËŽs“Œ“å‹æ,‹›è¼’¬‚R’š–Ú,2018-05-28,19,“¹˜Hã,Ž{ù‚¹‚¸,‚È‚µ
Þ“,ŽÔã‚Ë‚ç‚¢,“Œ“å,Œà“c,281018,•ºŒÉŒ§,_ŒËŽs“Œ“å‹æ,‹›è¼’¬‚S’š–Ú,2018-01-24,14,’“ŽÔi—Öjê,Ž{ù‚¹‚¸,‚È‚µ
Þ“,ŽÔã‚Ë‚ç‚¢,“Œ“å,Œà“c,281018,•ºŒÉŒ§,_ŒËŽs“Œ“å‹æ,‹›è¼’¬‚S’š–Ú,2018-08-14,09,“¹˜Hã,Ž{ù‚¹‚¸,‚È‚µ
Þ“,ŽÔã‚Ë‚ç‚¢,“Œ“å,Œà“c,281018,•ºŒÉŒ§,_ŒËŽs“Œ“å‹æ,Z‹g‹{’¬‚P’š–Ú,2018-01-10,00,’“ŽÔi—Öjê,Ž{ù‚¹‚¸,‚È‚µ
Þ“,ŽÔã‚Ë‚ç‚¢,“Œ“å,Œà“c,281018,•ºŒÉŒ§,_ŒËŽs“Œ“å‹æ,Œä‰e–{’¬‚Q’š–Ú,2018-03-20,11,“¹˜Hã,Ž{ù‚¹‚¸,‚ ‚è
Þ“,ŽÔã‚Ë‚ç‚¢,“Œ“å,Œà“c,281018,•ºŒÉŒ§,_ŒËŽs“Œ“å‹æ,Œä‰e–{’¬‚U’š–Ú,2018-08-15,09,“¹˜Hã,Ž{ù‚¹‚¸,‚ ‚è
Þ“,ŽÔã‚Ë‚ç‚¢,“Œ“å,Œà“c,281018,•ºŒÉŒ§,_ŒËŽs“Œ“å‹æ,Œä‰e–{’¬‚U’š–Ú,2018-11-28,17,“¹˜Hã,Ž{ù‚¹‚¸,‚ ‚è
Þ“,ŽÔã‚Ë‚ç‚¢,“Œ“å,Œà“c,281018,•ºŒÉŒ§,_ŒËŽs“Œ“å‹æ,Œä‰e–{’¬‚W’š–Ú,2018-11-28,17,“¹˜Hã,Ž{ù‚¹‚¸,‚ ‚è
Þ“,ŽÔã‚Ë‚ç‚¢,“Œ“å,Î‰®ì,281018,•ºŒÉŒ§,_ŒËŽs“Œ“å‹æ,Œä‰eÎ’¬‚R’š–Ú,2018-07-12,14,“¹˜Hã,Ž{ù‚¹‚¸,‚È‚µ
Þ“,ŽÔã‚Ë‚ç‚¢,“Œ“å,‘òƒmˆä,281018,•ºŒÉŒ§,_ŒËŽs“Œ“å‹æ,Œä‰e’†’¬‚U’š–Ú,2018-11-28,16,“¹˜Hã,Ž{ù‚¹‚¸,‚È‚µ
Þ“,ŽÔã‚Ë‚ç‚¢,“Œ“å,ã‹}Œä‰e‰w‘O,281018,•ºŒÉŒ§,_ŒËŽs“Œ“å‹æ,Œä‰eŽRŽè‚P’š–Ú,2018-07-22,16,‚»‚Ì‘¼,Ž{ù‚¹‚¸,‚È‚µ
Þ“,ŽÔã‚Ë‚ç‚¢,“Œ“å,ã‹}Œä‰e‰w‘O,281018,•ºŒÉŒ§,_ŒËŽs“Œ“å‹æ,Œä‰e‚Q’š–Ú,2018-03-12,00,“¹˜Hã,Ž{ù‚¹‚¸,‚ ‚è
Þ“,ŽÔã‚Ë‚ç‚¢,“Œ“å,ã‹}Œä‰e‰w‘O,281018,•ºŒÉŒ§,_ŒËŽs“Œ“å‹æ,Œä‰e‚Q’š–Ú,2018-05-26,16,“¹˜Hã,Ž{ù‚¹‚¸,‚ ‚è
Þ“,ŽÔã‚Ë‚ç‚¢,“å,‚‰H,281026,•ºŒÉŒ§,_ŒËŽs“å‹æ,ˆê‰¤ŽR’¬,2018-03-10,09,“¹˜Hã,Ž{ù‚¹‚¸,‚È‚µ
Þ“,ŽÔã‚Ë‚ç‚¢,“å,ŽÂŒ´–k’¬,281026,•ºŒÉŒ§,_ŒËŽs“å‹æ,ŽÂŒ´’†’¬‚U’š–Ú,2018-11-04,09,“¹˜Hã,Ž{ù‚¹‚¸,‚ ‚è
Þ“,ŽÔã‚Ë‚ç‚¢,“å,”ª”¦,281026,•ºŒÉŒ§,_ŒËŽs“å‹æ,“í‹u’¬‚U’š–Ú,2018-11-03,10,“¹˜Hã,Ž{ù‚¹‚¸,‚È‚µ
Þ“,ŽÔã‚Ë‚ç‚¢,“å,”ª”¦,281026,•ºŒÉŒ§,_ŒËŽs“å‹æ,‚“¿’¬‚S’š–Ú,2018-07-23,19,’“ŽÔi—Öjê,Ž{ù‚¹‚¸,‚ ‚è
Þ“,ŽÔã‚Ë‚ç‚¢,“å,”ª”¦,281026,•ºŒÉŒ§,_ŒËŽs“å‹æ,‚“¿’¬‚T’š–Ú,2018-10-12,17,“¹˜Hã,Ž{ù‚¹‚¸,‚ ‚è
Þ“,ŽÔã‚Ë‚ç‚¢,“å,”ª”¦,281026,•ºŒÉŒ§,_ŒËŽs“å‹æ,‚“¿’¬‚U’š–Ú,2018-02-19,17,’“ŽÔi—Öjê,Ž{ù‚¹‚¸,‚È‚µ
Þ“,ŽÔã‚Ë‚ç‚¢,“å,˜Zb,281026,•ºŒÉŒ§,_ŒËŽs“å‹æ,_ƒm–Ø’Ê‚P’š–Ú,2018-10-12,16,‚»‚Ì‘¼,Ž{ù‚¹‚¸,‚ ‚è
Þ“,ŽÔã‚Ë‚ç‚¢,“å,˜Zb,281026,•ºŒÉŒ§,_ŒËŽs“å‹æ,˜Zb’¬‚S’š–Ú,2018-07-01,12,’“ŽÔi—Öjê,Ž{ù‚¹‚¸,‚ ‚è
Þ“,ŽÔã‚Ë‚ç‚¢,“å,÷Œû,281026,•ºŒÉŒ§,_ŒËŽs“å‹æ,—F“c’¬‚T’š–Ú,2018-03-01,17,“¹˜Hã,Ž{ù‚¹‚¸,‚È‚µ
Þ“,ŽÔã‚Ë‚ç‚¢,“å,÷Œû,281026,•ºŒÉŒ§,_ŒËŽs“å‹æ,[“c’¬‚R’š–Ú,2018-10-23,17,“¹˜Hã,Ž{ù‚¹‚¸,‚È‚µ
Þ“,ŽÔã‚Ë‚ç‚¢,“å,”ú”i’¬,281026,•ºŒÉŒ§,_ŒËŽs“å‹æ,‘åÎ“Œ’¬‚S’š–Ú,2018-03-07,01,“¹˜Hã,Ž{ù‚¹‚¸,‚ ‚è
Þ“,ŽÔã‚Ë‚ç‚¢,“å,”ú”i’¬,281026,•ºŒÉŒ§,_ŒËŽs“å‹æ,‰º‰ÍŒ´’Ê‚T’š–Ú,2017-12-31,15,’“ŽÔi—Öjê,Ž{ù‚¹‚¸,‚ ‚è
Þ“,ŽÔã‚Ë‚ç‚¢,“å,”ú”i’¬,281026,•ºŒÉŒ§,_ŒËŽs“å‹æ,”ú”i’¬‚P’š–Ú,2018-02-22,06,“¹˜Hã,Ž{ù‚¹‚¸,‚È‚µ
Þ“,ŽÔã‚Ë‚ç‚¢,“å,‘åÎ,281026,•ºŒÉŒ§,_ŒËŽs“å‹æ,‘åÎ“ì’¬‚P’š–Ú,2018-05-26,16,’“ŽÔi—Öjê,Ž{ù‚¹‚¸,‚ ‚è
Þ“,ŽÔã‚Ë‚ç‚¢,“å,‘åÎ,281026,•ºŒÉŒ§,_ŒËŽs“å‹æ,“å•l“Œ’¬,2018-09-03,18,’“ŽÔi—Öjê,Ž{ù‚¹‚¸,‚È‚µ
Þ“,ŽÔã‚Ë‚ç‚¢,“å,¼“å,281026,•ºŒÉŒ§,_ŒËŽs“å‹æ,–€–ëŠCŠÝ’Ê‚Q’š–Ú,2018-09-16,13,‚SŠKŒš‚ÄˆÈã‹¤“¯Z‘î,Ž{ù‚¹‚¸,‚ ‚è
Þ“,ŽÔã‚Ë‚ç‚¢,“å,˜ZbŽRã,281026,•ºŒÉŒ§,_ŒËŽs“å‹æ,–€–ëŽR’¬,2018-06-07,22,“¹˜Hã,Ž{ù‚¹‚¸,‚ ‚è
Þ“,ŽÔã‚Ë‚ç‚¢,“å,˜ZbŽRã,281026,•ºŒÉŒ§,_ŒËŽs“å‹æ,–€–ëŽR’¬,2018-08-17,00,‚»‚Ì‘¼,Ž{ù‚¹‚¸,‚ ‚è
Þ“,ŽÔã‚Ë‚ç‚¢,“å,˜ZbŽRã,281026,•ºŒÉŒ§,_ŒËŽs“å‹æ,–€–ëŽR’¬,2018-09-23,01,’“ŽÔi—Öjê,Ž{ù‚¹‚¸,‚ ‚è
Þ“,ŽÔã‚Ë‚ç‚¢,“å,˜ZbŽRã,281026,•ºŒÉŒ§,_ŒËŽs“å‹æ,,2018-05-04,22,’“ŽÔi—Öjê,Ž{ù‚¹‚¸,‚ ‚è
Þ“,ŽÔã‚Ë‚ç‚¢,“å,˜ZbŽRã,281026,•ºŒÉŒ§,_ŒËŽs“å‹æ,˜ZbŽR’¬–k˜Zb,2018-09-23,22,’“ŽÔi—Öjê,Ž{ù‚¹‚¸,‚ ‚è
Þ“,ŽÔã‚Ë‚ç‚¢,“å,˜ZbŽRã,281026,•ºŒÉŒ§,_ŒËŽs“å‹æ,˜ZbŽR’¬“ì˜Zb,2018-04-12,00,“¹˜Hã,Ž{ù‚¹‚¸,‚ ‚è
Þ“,ŽÔã‚Ë‚ç‚¢,“å,’ßb,281026,•ºŒÉŒ§,_ŒËŽs“å‹æ,˜Zb‘ä’¬,2018-02-26,09,’“ŽÔi—Öjê,Ž{ù‚¹‚¸,‚ ‚è
Þ“,ŽÔã‚Ë‚ç‚¢,“å,’ßb,281026,•ºŒÉŒ§,_ŒËŽs“å‹æ,˜Zb‘ä’¬,2018-03-26,09,‚»‚Ì‘¼,Ž{ù‚¹‚¸,‚ ‚è
Þ“,ŽÔã‚Ë‚ç‚¢,“å,’ßb,281026,•ºŒÉŒ§,_ŒËŽs“å‹æ,˜Zb‘ä’¬,2018-04-12,08,‚»‚Ì‘¼,Ž{ù‚¹‚¸,‚ ‚è
Þ“,ŽÔã‚Ë‚ç‚¢,“å,’ßb,281026,•ºŒÉŒ§,_ŒËŽs“å‹æ,˜Zb‘ä’¬,2018-04-30,17,’“ŽÔi—Öjê,Ž{ù‚¹‚¸,‚ ‚è
Þ“,ŽÔã‚Ë‚ç‚¢,“å,’ßb,281026,•ºŒÉŒ§,_ŒËŽs“å‹æ,˜Zb‘ä’¬,2018-11-01,00,‚»‚Ì‘¼,Ž{ù‚¹‚¸,‚È‚µ
Þ“,ŽÔã‚Ë‚ç‚¢,•˜‡,‹{–{,281107,•ºŒÉŒ§,_ŒËŽs’†‰›‹æ,_Žá’Ê‚P’š–Ú,2018-07-03,14,“¹˜Hã,Ž{ù‚¹‚¸,‚ ‚è
Þ“,ŽÔã‚Ë‚ç‚¢,•˜‡,‹{–{,281107,•ºŒÉŒ§,_ŒËŽs’†‰›‹æ,,2018-12-11,09,“¹˜Hã,Ž{ù‚¹‚¸,‚È‚µ
Þ“,ŽÔã‚Ë‚ç‚¢,•˜‡,ŒF“à,281107,•ºŒÉŒ§,_ŒËŽs’†‰›‹æ,Šø’Ë’Ê‚T’š–Ú,2018-08-08,12,“¹˜Hã,Ž{ù‚¹‚¸,‚ ‚è
Þ“,ŽÔã‚Ë‚ç‚¢,•˜‡,Š„’Ë,281107,•ºŒÉŒ§,_ŒËŽs’†‰›‹æ,“Œ‰_’Ê‚S’š–Ú,2018-04-27,15,“¹˜Hã,Ž{ù‚¹‚¸,‚È‚µ
Þ“,ŽÔã‚Ë‚ç‚¢,•˜‡,Š„’Ë,281107,•ºŒÉŒ§,_ŒËŽs’†‰›‹æ,“›ˆä’¬‚P’š–Ú,2018-04-03,11,’“ŽÔi—Öjê,Ž{ù‚¹‚¸,‚È‚µ
Þ“,ŽÔã‚Ë‚ç‚¢,•˜‡,Š„’Ë,281107,•ºŒÉŒ§,_ŒËŽs’†‰›‹æ,“›ˆä’¬‚P’š–Ú,2018-04-10,00,’“ŽÔi—Öjê,Ž{ù‚¹‚¸,‚È‚µ
Þ“,ŽÔã‚Ë‚ç‚¢,•˜‡,Š„’Ë,281107,•ºŒÉŒ§,_ŒËŽs’†‰›‹æ,“›ˆä’¬‚Q’š–Ú,2018-12-19,18,“¹˜Hã,Ž{ù‚¹‚¸,‚ ‚è
Þ“,ŽÔã‚Ë‚ç‚¢,•˜‡,Š„’Ë,281107,•ºŒÉŒ§,_ŒËŽs’†‰›‹æ,“›ˆä’¬‚R’š–Ú,2018-09-04,19,“¹˜Hã,Ž{ù‚¹‚¸,‚ ‚è
Þ“,ŽÔã‚Ë‚ç‚¢,•˜‡,Š„’Ë,281107,•ºŒÉŒ§,_ŒËŽs’†‰›‹æ,“ú•é’Ê‚P’š–Ú,2018-10-02,16,“¹˜Hã,Ž{ù‚¹‚¸,‚ ‚è
Þ“,ŽÔã‚Ë‚ç‚¢,•˜‡,Š„’Ë,281107,•ºŒÉŒ§,_ŒËŽs’†‰›‹æ,“ú•é’Ê‚S’š–Ú,2018-05-25,09,“¹˜Hã,Ž{ù‚¹‚¸,‚ ‚è
Þ“,ŽÔã‚Ë‚ç‚¢,•˜‡,Š„’Ë,281107,•ºŒÉŒ§,_ŒËŽs’†‰›‹æ,“ú•é’Ê‚T’š–Ú,2018-07-09,11,“¹˜Hã,Ž{ù‚¹‚¸,‚ ‚è
Þ“,ŽÔã‚Ë‚ç‚¢,•˜‡,Š„’Ë,281107,•ºŒÉŒ§,_ŒËŽs’†‰›‹æ,Š„’Ë’Ê‚U’š–Ú,2018-12-30,15,“¹˜Hã,Ž{ù‚¹‚¸,‚È‚µ
Þ“,ŽÔã‚Ë‚ç‚¢,•˜‡,‚g‚`‚s_ŒË,281107,•ºŒÉŒ§,_ŒËŽs’†‰›‹æ,˜e•lŠCŠÝ’Ê‚Q’š–Ú,2018-09-07,14,’“ŽÔi—Öjê,Ž{ù‚¹‚¸,‚È‚µ
Þ“,ŽÔã‚Ë‚ç‚¢,•˜‡,“ñ‹{,281107,•ºŒÉŒ§,_ŒËŽs’†‰›‹æ,¶“c’¬‚P’š–Ú,2018-10-02,14,“¹˜Hã,Ž{ù‚¹‚¸,‚È‚µ
Þ“,ŽÔã‚Ë‚ç‚¢,•˜‡,“ñ‹{,281107,•ºŒÉŒ§,_ŒËŽs’†‰›‹æ,‹Õƒm’¬‚P’š–Ú,2018-10-04,18,“¹˜Hã,Ž{ù‚¹‚¸,‚ ‚è
Þ“,ŽÔã‚Ë‚ç‚¢,•˜‡,“ñ‹{,281107,•ºŒÉŒ§,_ŒËŽs’†‰›‹æ,‹Õƒm’¬‚Q’š–Ú,2018-05-13,23,’“ŽÔi—Öjê,Ž{ù‚¹‚¸,‚ ‚è
Þ“,ŽÔã‚Ë‚ç‚¢,•˜‡,“ñ‹{,281107,•ºŒÉŒ§,_ŒËŽs’†‰›‹æ,‹Õƒm’¬‚R’š–Ú,2018-06-21,21,’“ŽÔi—Öjê,Ž{ù‚¹‚¸,‚ ‚è
Þ“,ŽÔã‚Ë‚ç‚¢,•˜‡,“ñ‹{,281107,•ºŒÉŒ§,_ŒËŽs’†‰›‹æ,‹Õƒm’¬‚R’š–Ú,2018-09-17,17,“¹˜Hã,Ž{ù‚¹‚¸,‚ ‚è
Þ“,ŽÔã‚Ë‚ç‚¢,•˜‡,“ñ‹{,281107,•ºŒÉŒ§,_ŒËŽs’†‰›‹æ,‹Õƒm’¬‚S’š–Ú,2017-12-16,02,’“ŽÔi—Öjê,Ž{ù‚¹‚¸,‚ ‚è
Þ“,ŽÔã‚Ë‚ç‚¢,•˜‡,“ñ‹{,281107,•ºŒÉŒ§,_ŒËŽs’†‰›‹æ,‹Õƒm’¬‚S’š–Ú,2018-02-22,21,“¹˜Hã,Ž{ù‚¹‚¸,‚È‚µ
Þ“,ŽÔã‚Ë‚ç‚¢,•˜‡,“ñ‹{,281107,•ºŒÉŒ§,_ŒËŽs’†‰›‹æ,‹Õƒm’¬‚T’š–Ú,2018-02-25,20,’“ŽÔi—Öjê,Ž{ù‚¹‚¸,‚È‚µ
Þ“,ŽÔã‚Ë‚ç‚¢,•˜‡,“ñ‹{,281107,•ºŒÉŒ§,_ŒËŽs’†‰›‹æ,‹Õƒm’¬‚T’š–Ú,2018-09-23,09,“¹˜Hã,Ž{ù‚¹‚¸,‚È‚µ
Þ“,ŽÔã‚Ë‚ç‚¢,•˜‡,“ñ‹{,281107,•ºŒÉŒ§,_ŒËŽs’†‰›‹æ,‹Õƒm’¬‚T’š–Ú,2018-11-10,21,“¹˜Hã,Ž{ù‚¹‚¸,‚ ‚è
Þ“,ŽÔã‚Ë‚ç‚¢,•˜‡,“ñ‹{,281107,•ºŒÉŒ§,_ŒËŽs’†‰›‹æ,‹Õƒm’¬‚T’š–Ú,2018-11-17,18,“¹˜Hã,Ž{ù‚¹‚¸,‚È‚µ
Þ“,ŽÔã‚Ë‚ç‚¢,•˜‡,“ñ‹{,281107,•ºŒÉŒ§,_ŒËŽs’†‰›‹æ,ŒäK’Ê‚U’š–Ú,2018-08-17,18,“¹˜Hã,Ž{ù‚¹‚¸,‚È‚µ
Þ“,ŽÔã‚Ë‚ç‚¢,•˜‡,“ñ‹{,281107,•ºŒÉŒ§,_ŒËŽs’†‰›‹æ,“ñ‹{’¬‚Q’š–Ú,2018-02-15,18,“¹˜Hã,Ž{ù‚¹‚¸,‚ ‚è
Þ“,ŽÔã‚Ë‚ç‚¢,•˜‡,“ñ‹{,281107,•ºŒÉŒ§,_ŒËŽs’†‰›‹æ,“ñ‹{’¬‚Q’š–Ú,2018-03-07,12,“¹˜Hã,Ž{ù‚¹‚¸,‚ ‚è
Þ“,ŽÔã‚Ë‚ç‚¢,•˜‡,“ñ‹{,281107,•ºŒÉŒ§,_ŒËŽs’†‰›‹æ,“ñ‹{’¬‚R’š–Ú,2018-03-30,11,’“ŽÔi—Öjê,Ž{ù‚¹‚¸,‚ ‚è
Þ“,ŽÔã‚Ë‚ç‚¢,•˜‡,“ñ‹{,281107,•ºŒÉŒ§,_ŒËŽs’†‰›‹æ,“ñ‹{’¬‚R’š–Ú,2018-07-27,14,“¹˜Hã,Ž{ù‚¹‚¸,‚ ‚è
Þ“,ŽÔã‚Ë‚ç‚¢,•˜‡,“ñ‹{,281107,•ºŒÉŒ§,_ŒËŽs’†‰›‹æ,“ñ‹{’¬‚S’š–Ú,2018-02-24,02,“¹˜Hã,Ž{ù‚¹‚¸,‚ ‚è
Þ“,ŽÔã‚Ë‚ç‚¢,•˜‡,“ñ‹{,281107,•ºŒÉŒ§,_ŒËŽs’†‰›‹æ,“ñ‹{’¬‚S’š–Ú,2018-04-11,05,‚»‚Ì‘¼‚ÌZ‘îi‚RŠKŒš‚ÄˆÈ‰º‹¤“¯Z‘î“™j,Ž{ù‚¹‚¸,‚ ‚è
Þ“,ŽÔã‚Ë‚ç‚¢,•˜‡,“ñ‹{,281107,•ºŒÉŒ§,_ŒËŽs’†‰›‹æ,•zˆø’¬‚R’š–Ú,2018-12-27,15,“¹˜Hã,Ž{ù‚¹‚¸,‚ ‚è
Þ“,ŽÔã‚Ë‚ç‚¢,•˜‡,“ñ‹{,281107,•ºŒÉŒ§,_ŒËŽs’†‰›‹æ,•zˆø’¬‚S’š–Ú,2018-01-07,19,’“ŽÔi—Öjê,Ž{ù‚¹‚¸,‚È‚µ
Þ“,ŽÔã‚Ë‚ç‚¢,•˜‡,“ñ‹{,281107,•ºŒÉŒ§,_ŒËŽs’†‰›‹æ,•zˆø’¬‚S’š–Ú,2018-03-31,05,’“ŽÔi—Öjê,Ž{ù‚¹‚¸,‚ ‚è
Þ“,ŽÔã‚Ë‚ç‚¢,•˜‡,“ñ‹{,281107,•ºŒÉŒ§,_ŒËŽs’†‰›‹æ,•zˆø’¬‚S’š–Ú,2018-07-25,01,’“ŽÔi—Öjê,Ž{ù‚¹‚¸,‚ ‚è
Þ“,ŽÔã‚Ë‚ç‚¢,•˜‡,“ñ‹{,281107,•ºŒÉŒ§,_ŒËŽs’†‰›‹æ,•zˆø’¬‚S’š–Ú,2018-08-11,03,’“ŽÔi—Öjê,Ž{ù‚¹‚¸,‚ ‚è
Þ“,ŽÔã‚Ë‚ç‚¢,•˜‡,“ñ‹{,281107,•ºŒÉŒ§,_ŒËŽs’†‰›‹æ,•zˆø’¬‚S’š–Ú,2018-09-17,03,’“ŽÔi—Öjê,Ž{ù‚¹‚¸,‚ ‚è
Þ“,ŽÔã‚Ë‚ç‚¢,•˜‡,“ñ‹{,281107,•ºŒÉŒ§,_ŒËŽs’†‰›‹æ,•zˆø’¬‚S’š–Ú,2018-09-19,03,’“ŽÔi—Öjê,Ž{ù‚¹‚¸,‚ ‚è
Þ“,ŽÔã‚Ë‚ç‚¢,•˜‡,ŽO‹{ƒZƒ“ƒ^[,281107,•ºŒÉŒ§,_ŒËŽs’†‰›‹æ,ˆ®’Ê‚P’š–Ú,2018-10-09,22,‚SŠKŒš‚ÄˆÈã‹¤“¯Z‘î,Ž{ù‚¹‚¸,‚ ‚è
Þ“,ŽÔã‚Ë‚ç‚¢,•˜‡,ŽO‹{ƒZƒ“ƒ^[,281107,•ºŒÉŒ§,_ŒËŽs’†‰›‹æ,ˆé•Ó’Ê‚P’š–Ú,2018-05-03,19,‚SŠKŒš‚ÄˆÈã‹¤“¯Z‘î,Ž{ù‚¹‚¸,‚ ‚è
Þ“,ŽÔã‚Ë‚ç‚¢,•˜‡,ŽO‹{ƒZƒ“ƒ^[,281107,•ºŒÉŒ§,_ŒËŽs’†‰›‹æ,¬–ì•¿’Ê‚U’š–Ú,2018-10-01,20,’“ŽÔi—Öjê,Ž{ù‚¹‚¸,‚È‚µ
Þ“,ŽÔã‚Ë‚ç‚¢,•˜‡,ŽO‹{ƒZƒ“ƒ^[,281107,•ºŒÉŒ§,_ŒËŽs’†‰›‹æ,‹Õƒm’¬‚S’š–Ú,2018-03-15,21,’“ŽÔi—Öjê,Ž{ù‚¹‚¸,‚È‚µ
Þ“,ŽÔã‚Ë‚ç‚¢,•˜‡,ŽO‹{ƒZƒ“ƒ^[,281107,•ºŒÉŒ§,_ŒËŽs’†‰›‹æ,‹Õƒm’¬‚T’š–Ú,2018-10-05,17,’“ŽÔi—Öjê,Ž{ù‚¹‚¸,‚ ‚è
Þ“,ŽÔã‚Ë‚ç‚¢,•˜‡,ŽO‹{ƒZƒ“ƒ^[,281107,•ºŒÉŒ§,_ŒËŽs’†‰›‹æ,•zˆø’¬‚S’š–Ú,2018-07-31,03,’“ŽÔi—Öjê,Ž{ù‚¹‚¸,‚ ‚è
Þ“,ŽÔã‚Ë‚ç‚¢,•˜‡,ŽO‹{ƒZƒ“ƒ^[,281107,•ºŒÉŒ§,_ŒËŽs’†‰›‹æ,”ª”¦’Ê‚R’š–Ú,2018-10-03,17,“¹˜Hã,Ž{ù‚¹‚¸,‚È‚µ
Þ“,ŽÔã‚Ë‚ç‚¢,•˜‡,ŽO‹{ƒZƒ“ƒ^[,281107,•ºŒÉŒ§,_ŒËŽs’†‰›‹æ,”ª”¦’Ê‚S’š–Ú,2018-08-29,09,“¹˜Hã,Ž{ù‚¹‚¸,‚ ‚è
Þ“,ŽÔã‚Ë‚ç‚¢,•˜‡,t“ú–ì,281107,•ºŒÉŒ§,_ŒËŽs’†‰›‹æ,–k–ì’¬‚P’š–Ú,2018-09-29,16,’“ŽÔi—Öjê,Ž{ù‚¹‚¸,‚È‚µ
Þ“,ŽÔã‚Ë‚ç‚¢,•˜‡,t“ú–ì,281107,•ºŒÉŒ§,_ŒËŽs’†‰›‹æ,–k–{’¬’Ê‚P’š–Ú,2018-03-21,18,’“ŽÔi—Öjê,Ž{ù‚¹‚¸,‚È‚µ
Þ“,ŽÔã‚Ë‚ç‚¢,•˜‡,t“ú–ì,281107,•ºŒÉŒ§,_ŒËŽs’†‰›‹æ,˜e•l’¬‚R’š–Ú,2018-02-26,23,’“ŽÔi—Öjê,Ž{ù‚¹‚¸,‚È‚µ
Þ“,ŽÔã‚Ë‚ç‚¢,•˜‡,t“ú–ì,281107,•ºŒÉŒ§,_ŒËŽs’†‰›‹æ,Š„’Ë’Ê‚P’š–Ú,2018-04-09,07,‚»‚Ì‘¼,Ž{ù‚¹‚¸,‚È‚µ
Þ“,ŽÔã‚Ë‚ç‚¢,¶“c,ˆê‹{,281107,•ºŒÉŒ§,_ŒËŽs’†‰›‹æ,ŽR–{’Ê‚P’š–Ú,2018-03-15,17,’“ŽÔi—Öjê,Ž{ù‚¹‚¸,‚ ‚è
Þ“,ŽÔã‚Ë‚ç‚¢,¶“c,z–KŽR,281107,•ºŒÉŒ§,_ŒËŽs’†‰›‹æ,’†ŽRŽè’Ê‚S’š–Ú,2018-06-18,19,“¹˜Hã,Ž{ù‚¹‚¸,‚ ‚è
Þ“,ŽÔã‚Ë‚ç‚¢,¶“c,¶“c‘O,281107,•ºŒÉŒ§,_ŒËŽs’†‰›‹æ,–¾Î’¬,2018-10-17,19,’“ŽÔi—Öjê,Ž{ù‚¹‚¸,‚ ‚è
Þ“,ŽÔã‚Ë‚ç‚¢,¶“c,¶“c‘O,281107,•ºŒÉŒ§,_ŒËŽs’†‰›‹æ,ŠCŠÝ’Ê‚U’š–Ú,2018-09-17,15,“¹˜Hã,Ž{ù‚¹‚¸,‚ ‚è
Þ“,ŽÔã‚Ë‚ç‚¢,¶“c,¶“c‘O,281107,•ºŒÉŒ§,_ŒËŽs’†‰›‹æ,‰Á”[’¬‚R’š–Ú,2018-02-27,18,’“ŽÔi—Öjê,Ž{ù‚¹‚¸,‚ ‚è
Þ“,ŽÔã‚Ë‚ç‚¢,¶“c,¶“c‘O,281107,•ºŒÉŒ§,_ŒËŽs’†‰›‹æ,‰Á”[’¬‚R’š–Ú,2018-09-28,17,’“ŽÔi—Öjê,Ž{ù‚¹‚¸,‚È‚µ
Þ“,ŽÔã‚Ë‚ç‚¢,¶“c,¶“c‘O,281107,•ºŒÉŒ§,_ŒËŽs’†‰›‹æ,‰Á”[’¬‚R’š–Ú,2018-10-22,17,’“ŽÔi—Öjê,Ž{ù‚¹‚¸,‚ ‚è
Þ“,ŽÔã‚Ë‚ç‚¢,¶“c,¶“c‘O,281107,•ºŒÉŒ§,_ŒËŽs’†‰›‹æ,‰Á”[’¬‚S’š–Ú,2018-11-18,16,“¹˜Hã,Ž{ù‚¹‚¸,‚ ‚è
Þ“,ŽÔã‚Ë‚ç‚¢,¶“c,¶“c‘O,281107,•ºŒÉŒ§,_ŒËŽs’†‰›‹æ,–k’·‹·’Ê‚P’š–Ú,2018-03-09,09,“¹˜Hã,Ž{ù‚¹‚¸,‚ ‚è
Þ“,ŽÔã‚Ë‚ç‚¢,¶“c,¶“c‘O,281107,•ºŒÉŒ§,_ŒËŽs’†‰›‹æ,–k’·‹·’Ê‚P’š–Ú,2018-07-18,06,“¹˜Hã,Ž{ù‚¹‚¸,‚È‚µ
Þ“,ŽÔã‚Ë‚ç‚¢,¶“c,¶“c‘O,281107,•ºŒÉŒ§,_ŒËŽs’†‰›‹æ,–k’·‹·’Ê‚Q’š–Ú,2018-04-07,08,“¹˜Hã,Ž{ù‚¹‚¸,‚È‚µ
Þ“,ŽÔã‚Ë‚ç‚¢,¶“c,¶“c‘O,281107,•ºŒÉŒ§,_ŒËŽs’†‰›‹æ,–k’·‹·’Ê‚Q’š–Ú,2018-08-02,00,“¹˜Hã,Ž{ù‚¹‚¸,‚È‚µ
Þ“,ŽÔã‚Ë‚ç‚¢,¶“c,¶“c‘O,281107,•ºŒÉŒ§,_ŒËŽs’†‰›‹æ,–k’·‹·’Ê‚Q’š–Ú,2018-12-04,01,“¹˜Hã,Ž{ù‚¹‚¸,‚ ‚è
Þ“,ŽÔã‚Ë‚ç‚¢,¶“c,¶“c‘O,281107,•ºŒÉŒ§,_ŒËŽs’†‰›‹æ,‰ºŽRŽè’Ê‚Q’š–Ú,2018-08-02,20,’“ŽÔi—Öjê,Ž{ù‚¹‚¸,‚È‚µ
Þ“,ŽÔã‚Ë‚ç‚¢,¶“c,¶“c‘O,281107,•ºŒÉŒ§,_ŒËŽs’†‰›‹æ,‰ºŽRŽè’Ê‚Q’š–Ú,2018-08-13,21,“¹˜Hã,Ž{ù‚¹‚¸,‚ ‚è
Þ“,ŽÔã‚Ë‚ç‚¢,¶“c,¶“c‘O,281107,•ºŒÉŒ§,_ŒËŽs’†‰›‹æ,‰ºŽRŽè’Ê‚Q’š–Ú,2018-10-17,19,“¹˜Hã,Ž{ù‚¹‚¸,‚È‚µ
Þ“,ŽÔã‚Ë‚ç‚¢,¶“c,¶“c‘O,281107,•ºŒÉŒ§,_ŒËŽs’†‰›‹æ,’†ŽRŽè’Ê‚P’š–Ú,2018-03-15,21,’“ŽÔi—Öjê,Ž{ù‚¹‚¸,‚ ‚è
Þ“,ŽÔã‚Ë‚ç‚¢,¶“c,¶“c‘O,281107,•ºŒÉŒ§,_ŒËŽs’†‰›‹æ,’†ŽRŽè’Ê‚P’š–Ú,2018-06-21,13,“¹˜Hã,Ž{ù‚¹‚¸,‚ ‚è
Þ“,ŽÔã‚Ë‚ç‚¢,¶“c,¶“c‘O,281107,•ºŒÉŒ§,_ŒËŽs’†‰›‹æ,’†ŽRŽè’Ê‚P’š–Ú,2018-08-07,21,’“ŽÔi—Öjê,Ž{ù‚¹‚¸,‚È‚µ
Þ“,ŽÔã‚Ë‚ç‚¢,¶“c,¶“c‘O,281107,•ºŒÉŒ§,_ŒËŽs’†‰›‹æ,’†ŽRŽè’Ê‚Q’š–Ú,2018-08-05,02,“¹˜Hã,Ž{ù‚¹‚¸,‚ ‚è
Þ“,ŽÔã‚Ë‚ç‚¢,¶“c,‹ž’¬,281107,•ºŒÉŒ§,_ŒËŽs’†‰›‹æ,‰Á”[’¬‚U’š–Ú,2018-10-20,16,‚»‚Ì‘¼,Ž{ù‚¹‚¸,‚ ‚è
Þ“,ŽÔã‚Ë‚ç‚¢,¶“c,‹ž’¬,281107,•ºŒÉŒ§,_ŒËŽs’†‰›‹æ,–k’·‹·’Ê‚P’š–Ú,2018-09-21,09,“¹˜Hã,Ž{ù‚¹‚¸,‚ ‚è
Þ“,ŽÔã‚Ë‚ç‚¢,¶“c,‹ž’¬,281107,•ºŒÉŒ§,_ŒËŽs’†‰›‹æ,ŽO‹{’¬‚P’š–Ú,2018-02-23,11,’“ŽÔi—Öjê,Ž{ù‚¹‚¸,‚È‚µ
Þ“,ŽÔã‚Ë‚ç‚¢,¶“c,‹ž’¬,281107,•ºŒÉŒ§,_ŒËŽs’†‰›‹æ,ŽO‹{’¬‚P’š–Ú,2018-05-02,09,“¹˜Hã,Ž{ù‚¹‚¸,‚È‚µ
Þ“,ŽÔã‚Ë‚ç‚¢,¶“c,Œ³’¬‰w,281107,•ºŒÉŒ§,_ŒËŽs’†‰›‹æ,–k’·‹·’Ê‚R’š–Ú,2018-07-09,15,“¹˜Hã,Ž{ù‚¹‚¸,‚ ‚è
Þ“,ŽÔã‚Ë‚ç‚¢,¶“c,Œ³’¬‰w,281107,•ºŒÉŒ§,_ŒËŽs’†‰›‹æ,Œ³’¬’Ê‚P’š–Ú,2018-01-25,23,’“ŽÔi—Öjê,Ž{ù‚¹‚¸,‚ ‚è
Þ“,ŽÔã‚Ë‚ç‚¢,¶“c,Œ³’¬‰w,281107,•ºŒÉŒ§,_ŒËŽs’†‰›‹æ,Œ³’¬’Ê‚P’š–Ú,2018-04-17,09,“¹˜Hã,Ž{ù‚¹‚¸,‚ ‚è
Þ“,ŽÔã‚Ë‚ç‚¢,¶“c,Œ³’¬‰w,281107,•ºŒÉŒ§,_ŒËŽs’†‰›‹æ,Œ³’¬’Ê‚P’š–Ú,2018-07-18,06,“¹˜Hã,Ž{ù‚¹‚¸,‚È‚µ
Þ“,ŽÔã‚Ë‚ç‚¢,¶“c,Œ³’¬‰w,281107,•ºŒÉŒ§,_ŒËŽs’†‰›‹æ,Œ³’¬’Ê‚Q’š–Ú,2018-11-12,23,“¹˜Hã,Ž{ù‚¹‚¸,‚È‚µ
Þ“,ŽÔã‚Ë‚ç‚¢,¶“c,Œ³’¬‰w,281107,•ºŒÉŒ§,_ŒËŽs’†‰›‹æ,Œ³’¬’Ê‚S’š–Ú,2018-04-07,11,“¹˜Hã,Ž{ù‚¹‚¸,‚È‚µ
Þ“,ŽÔã‚Ë‚ç‚¢,¶“c,Œ³’¬’Ê,281107,•ºŒÉŒ§,_ŒËŽs’†‰›‹æ,ŠCŠÝ’Ê‚T’š–Ú,2018-10-05,10,“¹˜Hã,Ž{ù‚¹‚¸,‚ ‚è
Þ“,ŽÔã‚Ë‚ç‚¢,¶“c,Œ³’¬’Ê,281107,•ºŒÉŒ§,_ŒËŽs’†‰›‹æ,Œ³’¬’Ê‚R’š–Ú,2018-08-11,05,“¹˜Hã,Ž{ù‚¹‚¸,‚ ‚è
Þ“,ŽÔã‚Ë‚ç‚¢,¶“c,Œ³’¬’Ê,281107,•ºŒÉŒ§,_ŒËŽs’†‰›‹æ,Œ³’¬’Ê‚S’š–Ú,2018-03-28,09,“¹˜Hã,Ž{ù‚¹‚¸,‚ ‚è
Þ“,ŽÔã‚Ë‚ç‚¢,¶“c,Œ³’¬’Ê,281107,•ºŒÉŒ§,_ŒËŽs’†‰›‹æ,Œ³’¬’Ê‚U’š–Ú,2018-04-07,11,“¹˜Hã,Ž{ù‚¹‚¸,‚ ‚è
Þ“,ŽÔã‚Ë‚ç‚¢,¶“c,Œ³’¬’Ê,281107,•ºŒÉŒ§,_ŒËŽs’†‰›‹æ,Œ³’¬’Ê‚U’š–Ú,2018-06-14,11,“¹˜Hã,Ž{ù‚¹‚¸,‚ ‚è
Þ“,ŽÔã‚Ë‚ç‚¢,¶“c,‰ºŽRŽè,281107,•ºŒÉŒ§,_ŒËŽs’†‰›‹æ,‰ºŽRŽè’Ê‚V’š–Ú,2018-03-28,13,’“ŽÔi—Öjê,Ž{ù‚¹‚¸,‚ ‚è
Þ“,ŽÔã‚Ë‚ç‚¢,¶“c,‰ºŽRŽè,281107,•ºŒÉŒ§,_ŒËŽs’†‰›‹æ,‰ÔŒG’¬,2018-09-19,11,“¹˜Hã,Ž{ù‚¹‚¸,‚È‚µ
Þ“,ŽÔã‚Ë‚ç‚¢,¶“c,‰ºŽRŽè,281107,•ºŒÉŒ§,_ŒËŽs’†‰›‹æ,‰ÔŒG’¬,2018-12-10,08,’“ŽÔi—Öjê,Ž{ù‚¹‚¸,‚ ‚è
Þ“,ŽÔã‚Ë‚ç‚¢,¶“c,‘å‘qŽR,281107,•ºŒÉŒ§,_ŒËŽs’†‰›‹æ,–k’·‹·’Ê‚V’š–Ú,2018-08-01,19,“¹˜Hã,Ž{ù‚¹‚¸,‚ ‚è
Þ“,ŽÔã‚Ë‚ç‚¢,¶“c,‘å‘qŽR,281107,•ºŒÉŒ§,_ŒËŽs’†‰›‹æ,“í’¬‚S’š–Ú,2018-07-27,10,’“ŽÔi—Öjê,Ž{ù‚¹‚¸,‚È‚µ
Þ“,ŽÔã‚Ë‚ç‚¢,¶“c,‘å‘qŽR,281107,•ºŒÉŒ§,_ŒËŽs’†‰›‹æ,“í’¬‚T’š–Ú,2018-04-16,14,’“ŽÔi—Öjê,Ž{ù‚¹‚¸,‚ ‚è
Þ“,ŽÔã‚Ë‚ç‚¢,¶“c,‘å‘qŽR,281107,•ºŒÉŒ§,_ŒËŽs’†‰›‹æ,“í’¬‚V’š–Ú,2018-10-04,15,“¹˜Hã,Ž{ù‚¹‚¸,‚È‚µ
Þ“,ŽÔã‚Ë‚ç‚¢,¶“c,‘å‘qŽR,281107,•ºŒÉŒ§,_ŒËŽs’†‰›‹æ,‰ºŽRŽè’Ê‚W’š–Ú,2018-03-13,16,’“ŽÔi—Öjê,Ž{ù‚¹‚¸,‚ ‚è
Þ“,ŽÔã‚Ë‚ç‚¢,¶“c,‘å‘qŽR,281107,•ºŒÉŒ§,_ŒËŽs’†‰›‹æ,‘½•·’Ê‚T’š–Ú,2018-12-10,15,“¹˜Hã,Ž{ù‚¹‚¸,‚È‚µ
Þ“,ŽÔã‚Ë‚ç‚¢,¶“c,ƒfƒ…ƒI‚±‚¤‚×,281107,•ºŒÉŒ§,_ŒËŽs’†‰›‹æ,‘Š¶’¬‚Q’š–Ú,2018-06-05,23,“¹˜Hã,Ž{ù‚¹‚¸,‚È‚µ
Þ“,ŽÔã‚Ë‚ç‚¢,¶“c,ƒfƒ…ƒI‚±‚¤‚×,281107,•ºŒÉŒ§,_ŒËŽs’†‰›‹æ,ŒÃ–©’Ê‚Q’š–Ú,2018-08-27,09,“¹˜Hã,Ž{ù‚¹‚¸,‚È‚µ
Þ“,ŽÔã‚Ë‚ç‚¢,¶“c,ƒfƒ…ƒI‚±‚¤‚×,281107,•ºŒÉŒ§,_ŒËŽs’†‰›‹æ,’†’¬’Ê‚R’š–Ú,2018-08-08,11,“¹˜Hã,Ž{ù‚¹‚¸,‚ ‚è
Þ“,ŽÔã‚Ë‚ç‚¢,¶“c,ƒn[ƒo[ƒ‰ƒ“ƒh,281107,•ºŒÉŒ§,_ŒËŽs’†‰›‹æ,’†’¬’Ê‚S’š–Ú,2018-05-02,16,“¹˜Hã,Ž{ù‚¹‚¸,‚ ‚è
Þ“,ŽÔã‚Ë‚ç‚¢,¶“c,ƒn[ƒo[ƒ‰ƒ“ƒh,281107,•ºŒÉŒ§,_ŒËŽs’†‰›‹æ,“Œìè’¬‚P’š–Ú,2018-04-12,15,“¹˜Hã,Ž{ù‚¹‚¸,‚ ‚è
Þ“,ŽÔã‚Ë‚ç‚¢,¶“c,ƒn[ƒo[ƒ‰ƒ“ƒh,281107,•ºŒÉŒ§,_ŒËŽs’†‰›‹æ,“Œìè’¬‚V’š–Ú,2018-04-12,08,“¹˜Hã,Ž{ù‚¹‚¸,‚ ‚è
Þ“,ŽÔã‚Ë‚ç‚¢,•ºŒÉ,•½–ì,281051,•ºŒÉŒ§,_ŒËŽs•ºŒÉ‹æ,‹e…’¬‚Q’š–Ú,2018-07-11,15,‚SŠKŒš‚ÄˆÈã‹¤“¯Z‘î,Ž{ù‚¹‚¸,‚ ‚è
Þ“,ŽÔã‚Ë‚ç‚¢,•ºŒÉ,•½–ì,281051,•ºŒÉŒ§,_ŒËŽs•ºŒÉ‹æ,“V‰¤’¬‚Q’š–Ú,2018-02-03,23,’“ŽÔi—Öjê,Ž{ù‚¹‚¸,‚È‚µ
Þ“,ŽÔã‚Ë‚ç‚¢,•ºŒÉ,•½–ì,281051,•ºŒÉŒ§,_ŒËŽs•ºŒÉ‹æ,”nê’¬,2018-08-08,09,“¹˜Hã,Ž{ù‚¹‚¸,‚ ‚è
Þ“,ŽÔã‚Ë‚ç‚¢,•ºŒÉ,•½–ì,281051,•ºŒÉŒ§,_ŒËŽs•ºŒÉ‹æ,–©ŽR’¬,2018-12-17,02,‚»‚Ì‘¼‚ÌZ‘îi‚RŠKŒš‚ÄˆÈ‰º‹¤“¯Z‘î“™j,Ž{ù‚¹‚¸,‚ ‚è
Þ“,ŽÔã‚Ë‚ç‚¢,•ºŒÉ,•½–ì,281051,•ºŒÉŒ§,_ŒËŽs•ºŒÉ‹æ,áŒäŠ’¬,2018-11-17,09,“¹˜Hã,Ž{ù‚¹‚¸,‚ ‚è
Þ“,ŽÔã‚Ë‚ç‚¢,•ºŒÉ,r“c,281051,•ºŒÉŒ§,_ŒËŽs•ºŒÉ‹æ,r“c’¬‚P’š–Ú,2018-02-18,09,“¹˜Hã,Ž{ù‚¹‚¸,‚ ‚è
Þ“,ŽÔã‚Ë‚ç‚¢,•ºŒÉ,r“c,281051,•ºŒÉŒ§,_ŒËŽs•ºŒÉ‹æ,r“c’¬‚Q’š–Ú,2018-05-15,18,‚»‚Ì‘¼,Ž{ù‚¹‚¸,‚ ‚è
Þ“,ŽÔã‚Ë‚ç‚¢,•ºŒÉ,r“c,281051,•ºŒÉŒ§,_ŒËŽs•ºŒÉ‹æ,r“c’¬‚Q’š–Ú,2018-06-04,14,‚»‚Ì‘¼,Ž{ù‚¹‚¸,‚ ‚è
Þ“,ŽÔã‚Ë‚ç‚¢,•ºŒÉ,r“c,281051,•ºŒÉŒ§,_ŒËŽs•ºŒÉ‹æ,r“c’¬‚Q’š–Ú,2018-08-18,15,“¹˜Hã,Ž{ù‚¹‚¸,‚ ‚è
Þ“,ŽÔã‚Ë‚ç‚¢,•ºŒÉ,r“c,281051,•ºŒÉŒ§,_ŒËŽs•ºŒÉ‹æ,r“c’¬‚Q’š–Ú,2018-09-19,12,“¹˜Hã,Ž{ù‚¹‚¸,‚È‚µ
Þ“,ŽÔã‚Ë‚ç‚¢,•ºŒÉ,r“c,281051,•ºŒÉŒ§,_ŒËŽs•ºŒÉ‹æ,r“c’¬‚Q’š–Ú,2018-11-01,10,“¹˜Hã,Ž{ù‚¹‚¸,‚È‚µ
Þ“,ŽÔã‚Ë‚ç‚¢,•ºŒÉ,r“c,281051,•ºŒÉŒ§,_ŒËŽs•ºŒÉ‹æ,r“c’¬‚R’š–Ú,2018-06-19,00,’“ŽÔi—Öjê,Ž{ù‚¹‚¸,‚ ‚è
Þ“,ŽÔã‚Ë‚ç‚¢,•ºŒÉ,•ŸŒ´,281051,•ºŒÉŒ§,_ŒËŽs•ºŒÉ‹æ,¼ã‹k’Ê‚Q’š–Ú,2018-04-18,11,’“ŽÔi—Öjê,Ž{ù‚¹‚¸,‚È‚µ
Þ“,ŽÔã‚Ë‚ç‚¢,•ºŒÉ,•ŸŒ´,281051,•ºŒÉŒ§,_ŒËŽs•ºŒÉ‹æ,•ŸŒ´’¬,2018-11-06,20,“¹˜Hã,Ž{ù‚¹‚¸,‚È‚µ
Þ“,ŽÔã‚Ë‚ç‚¢,•ºŒÉ,–©ì,281051,•ºŒÉŒ§,_ŒËŽs•ºŒÉ‹æ,‰º‘ò’Ê‚P’š–Ú,2018-01-01,00,“¹˜Hã,Ž{ù‚¹‚¸,‚ ‚è
Þ“,ŽÔã‚Ë‚ç‚¢,•ºŒÉ,–©ì,281051,•ºŒÉŒ§,_ŒËŽs•ºŒÉ‹æ,‰º‘ò’Ê‚P’š–Ú,2018-06-27,17,“¹˜Hã,Ž{ù‚¹‚¸,‚È‚µ
Þ“,ŽÔã‚Ë‚ç‚¢,•ºŒÉ,–©ì,281051,•ºŒÉŒ§,_ŒËŽs•ºŒÉ‹æ,VŠJ’n‚Q’š–Ú,2018-12-01,17,“¹˜Hã,Ž{ù‚¹‚¸,‚È‚µ
Þ“,ŽÔã‚Ë‚ç‚¢,•ºŒÉ,–©ì,281051,•ºŒÉŒ§,_ŒËŽs•ºŒÉ‹æ,“ŒŽR’¬‚P’š–Ú,2018-09-22,08,‚»‚Ì‘¼,Ž{ù‚¹‚¸,‚ ‚è
Þ“,ŽÔã‚Ë‚ç‚¢,•ºŒÉ,–©ì,281051,•ºŒÉŒ§,_ŒËŽs•ºŒÉ‹æ,“ŒŽR’¬‚R’š–Ú,2018-04-15,08,“¹˜Hã,Ž{ù‚¹‚¸,‚ ‚è
Þ“,ŽÔã‚Ë‚ç‚¢,•ºŒÉ,–©ì,281051,•ºŒÉŒ§,_ŒËŽs•ºŒÉ‹æ,“ŒŽR’¬‚S’š–Ú,2018-07-14,06,“¹˜Hã,Ž{ù‚¹‚¸,‚ ‚è
Þ“,ŽÔã‚Ë‚ç‚¢,•ºŒÉ,VŠJ’n,281051,•ºŒÉŒ§,_ŒËŽs•ºŒÉ‹æ,VŠJ’n‚R’š–Ú,2018-03-20,16,’“ŽÔi—Öjê,Ž{ù‚¹‚¸,‚È‚µ
Þ“,ŽÔã‚Ë‚ç‚¢,•ºŒÉ,VŠJ’n,281051,•ºŒÉŒ§,_ŒËŽs•ºŒÉ‹æ,VŠJ’n‚S’š–Ú,2018-12-19,01,‚»‚Ì‘¼,Ž{ù‚¹‚¸,‚ ‚è
Þ“,ŽÔã‚Ë‚ç‚¢,•ºŒÉ,VŠJ’n,281051,•ºŒÉŒ§,_ŒËŽs•ºŒÉ‹æ,VŠJ’n‚U’š–Ú,2018-08-19,22,“¹˜Hã,Ž{ù‚¹‚¸,‚ ‚è
Þ“,ŽÔã‚Ë‚ç‚¢,•ºŒÉ,VŠJ’n,281051,•ºŒÉŒ§,_ŒËŽs•ºŒÉ‹æ,¼o’¬‚P’š–Ú,2018-07-31,11,“¹˜Hã,Ž{ù‚¹‚¸,‚ ‚è
Þ“,ŽÔã‚Ë‚ç‚¢,•ºŒÉ,VŠJ’n,281051,•ºŒÉŒ§,_ŒËŽs•ºŒÉ‹æ,¼o’¬‚P’š–Ú,2018-11-26,11,’“ŽÔi—Öjê,Ž{ù‚¹‚¸,‚È‚µ
Þ“,ŽÔã‚Ë‚ç‚¢,•ºŒÉ,VŠJ’n,281051,•ºŒÉŒ§,_ŒËŽs•ºŒÉ‹æ,¼o’¬‚Q’š–Ú,2018-03-29,11,‚»‚Ì‘¼,Ž{ù‚¹‚¸,‚ ‚è
Þ“,ŽÔã‚Ë‚ç‚¢,•ºŒÉ,VŠJ’n,281051,•ºŒÉŒ§,_ŒËŽs•ºŒÉ‹æ,¼o’¬‚Q’š–Ú,2018-10-20,21,’“ŽÔi—Öjê,Ž{ù‚¹‚¸,‚È‚µ
Þ“,ŽÔã‚Ë‚ç‚¢,•ºŒÉ,VŠJ’n,281051,•ºŒÉŒ§,_ŒËŽs•ºŒÉ‹æ,“Œo’¬‚Q’š–Ú,2018-05-27,17,‚»‚Ì‘¼,Ž{ù‚¹‚¸,‚ ‚è
Þ“,ŽÔã‚Ë‚ç‚¢,•ºŒÉ,VŠJ’n,281051,•ºŒÉŒ§,_ŒËŽs•ºŒÉ‹æ,–©’¬‚P’š–Ú,2018-02-17,21,“¹˜Hã,Ž{ù‚¹‚¸,‚ ‚è
Þ“,ŽÔã‚Ë‚ç‚¢,•ºŒÉ,VŠJ’n,281051,•ºŒÉŒ§,_ŒËŽs•ºŒÉ‹æ,–©’¬‚P’š–Ú,2018-11-13,11,“¹˜Hã,Ž{ù‚¹‚¸,‚È‚µ
Þ“,ŽÔã‚Ë‚ç‚¢,•ºŒÉ,VŠJ’n,281051,•ºŒÉŒ§,_ŒËŽs•ºŒÉ‹æ,–©’¬‚R’š–Ú,2018-01-13,15,‚»‚Ì‘¼,Ž{ù‚¹‚¸,‚ ‚è
Þ“,ŽÔã‚Ë‚ç‚¢,•ºŒÉ,ŒF–ì,281051,•ºŒÉŒ§,_ŒËŽs•ºŒÉ‹æ,ŒF–ì’¬‚T’š–Ú,2018-10-10,08,“¹˜Hã,Ž{ù‚¹‚¸,‚ ‚è
Þ“,ŽÔã‚Ë‚ç‚¢,•ºŒÉ,ŒF–ì,281051,•ºŒÉŒ§,_ŒËŽs•ºŒÉ‹æ,–²–ì’¬‚S’š–Ú,2018-02-16,22,’“ŽÔi—Öjê,Ž{ù‚¹‚¸,‚È‚µ
Þ“,ŽÔã‚Ë‚ç‚¢,•ºŒÉ,ŽM’r,281051,•ºŒÉŒ§,_ŒËŽs•ºŒÉ‹æ,ã‘ò’Ê‚T’š–Ú,2018-09-28,09,“¹˜Hã,Ž{ù‚¹‚¸,‚È‚µ
Þ“,ŽÔã‚Ë‚ç‚¢,•ºŒÉ,ŽM’r,281051,•ºŒÉŒ§,_ŒËŽs•ºŒÉ‹æ,‰º‘ò’Ê‚U’š–Ú,2018-09-20,17,‚»‚Ì‘¼‚ÌZ‘îi‚RŠKŒš‚ÄˆÈ‰º‹¤“¯Z‘î“™j,Ž{ù‚¹‚¸,‚ ‚è
Þ“,ŽÔã‚Ë‚ç‚¢,•ºŒÉ,ŽM’r,281051,•ºŒÉŒ§,_ŒËŽs•ºŒÉ‹æ,…–Ø’Ê‚S’š–Ú,2018-06-07,09,“¹˜Hã,Ž{ù‚¹‚¸,‚ ‚è
Þ“,ŽÔã‚Ë‚ç‚¢,•ºŒÉ,ŽM’r,281051,•ºŒÉŒ§,_ŒËŽs•ºŒÉ‹æ,…–Ø’Ê‚U’š–Ú,2018-08-04,21,“¹˜Hã,Ž{ù‚¹‚¸,‚ ‚è
Þ“,ŽÔã‚Ë‚ç‚¢,•ºŒÉ,‘åŠJ,281051,•ºŒÉŒ§,_ŒËŽs•ºŒÉ‹æ,‘åŠJ’Ê‚U’š–Ú,2018-08-19,10,‚»‚Ì‘¼,Ž{ù‚¹‚¸,‚È‚µ
Þ“,ŽÔã‚Ë‚ç‚¢,•ºŒÉ,‘åŠJ,281051,•ºŒÉŒ§,_ŒËŽs•ºŒÉ‹æ,‘åŠJ’Ê‚V’š–Ú,2018-12-20,11,’“ŽÔi—Öjê,Ž{ù‚¹‚¸,‚È‚µ
Þ“,ŽÔã‚Ë‚ç‚¢,•ºŒÉ,‘åŠJ,281051,•ºŒÉŒ§,_ŒËŽs•ºŒÉ‹æ,’Ë–{’Ê‚R’š–Ú,2018-08-11,07,’“ŽÔi—Öjê,Ž{ù‚¹‚¸,‚ ‚è
Þ“,ŽÔã‚Ë‚ç‚¢,•ºŒÉ,‘åŠJ,281051,•ºŒÉŒ§,_ŒËŽs•ºŒÉ‹æ,’Ë–{’Ê‚U’š–Ú,2018-05-26,15,“¹˜Hã,Ž{ù‚¹‚¸,‚ ‚è
Þ“,ŽÔã‚Ë‚ç‚¢,•ºŒÉ,‘åŠJ,281051,•ºŒÉŒ§,_ŒËŽs•ºŒÉ‹æ,‰Hâ’Ê‚P’š–Ú,2018-05-16,18,’“ŽÔi—Öjê,Ž{ù‚¹‚¸,‚È‚µ
Þ“,ŽÔã‚Ë‚ç‚¢,•ºŒÉ,•ºŒÉ‰w‘O,281051,•ºŒÉŒ§,_ŒËŽs•ºŒÉ‹æ,‰w‘O’Ê‚S’š–Ú,2018-10-02,10,“¹˜Hã,Ž{ù‚¹‚¸,‚ ‚è
Þ“,ŽÔã‚Ë‚ç‚¢,•ºŒÉ,•ºŒÉ‰w‘O,281051,•ºŒÉŒ§,_ŒËŽs•ºŒÉ‹æ,‰w“ì’Ê‚T’š–Ú,2018-02-24,12,“¹˜Hã,Ž{ù‚¹‚¸,‚ ‚è
Þ“,ŽÔã‚Ë‚ç‚¢,•ºŒÉ,Žµ‹{,281051,•ºŒÉŒ§,_ŒËŽs•ºŒÉ‹æ,ˆ°Œ´’Ê‚S’š–Ú,2018-09-19,03,’“ŽÔi—Öjê,Ž{ù‚¹‚¸,‚ ‚è
Þ“,ŽÔã‚Ë‚ç‚¢,•ºŒÉ,Žµ‹{,281051,•ºŒÉŒ§,_ŒËŽs•ºŒÉ‹æ,Žµ‹{’¬‚P’š–Ú,2018-10-04,08,“¹˜Hã,Ž{ù‚¹‚¸,‚ ‚è
Þ“,ŽÔã‚Ë‚ç‚¢,•ºŒÉ,Žµ‹{,281051,•ºŒÉŒ§,_ŒËŽs•ºŒÉ‹æ,¼–öŒ´’¬,2018-05-21,17,’“ŽÔi—Öjê,Ž{ù‚¹‚¸,‚ ‚è
Þ“,ŽÔã‚Ë‚ç‚¢,•ºŒÉ,Žµ‹{,281051,•ºŒÉŒ§,_ŒËŽs•ºŒÉ‹æ,¼–öŒ´’¬,2018-06-07,10,“¹˜Hã,Ž{ù‚¹‚¸,‚ ‚è
Þ“,ŽÔã‚Ë‚ç‚¢,•ºŒÉ,Žµ‹{,281051,•ºŒÉŒ§,_ŒËŽs•ºŒÉ‹æ,•ºŒÉ’¬‚P’š–Ú,2018-04-12,08,“¹˜Hã,Ž{ù‚¹‚¸,‚ ‚è
Þ“,ŽÔã‚Ë‚ç‚¢,•ºŒÉ,’†”V“‡,281051,•ºŒÉŒ§,_ŒËŽs•ºŒÉ‹æ,’z’n’¬,2018-01-06,17,‚»‚Ì‘¼,Ž{ù‚¹‚¸,‚È‚µ
Þ“,ŽÔã‚Ë‚ç‚¢,•ºŒÉ,’†”V“‡,281051,•ºŒÉŒ§,_ŒËŽs•ºŒÉ‹æ,oÝ‰Æ’¬‚Q’š–Ú,2018-08-29,23,’“ŽÔi—Öjê,Ž{ù‚¹‚¸,‚ ‚è
Þ“,ŽÔã‚Ë‚ç‚¢,•ºŒÉ,’†”V“‡,281051,•ºŒÉŒ§,_ŒËŽs•ºŒÉ‹æ,’†”V“‡‚P’š–Ú,2018-06-29,08,’“ŽÔi—Öjê,Ž{ù‚¹‚¸,‚È‚µ
Þ“,ŽÔã‚Ë‚ç‚¢,•ºŒÉ,’†”V“‡,281051,•ºŒÉŒ§,_ŒËŽs•ºŒÉ‹æ,’†”V“‡‚Q’š–Ú,2017-04-08,12,‚»‚Ì‘¼,Ž{ù‚¹‚¸,‚È‚µ
Þ“,ŽÔã‚Ë‚ç‚¢,•ºŒÉ,’†”V“‡,281051,•ºŒÉŒ§,_ŒËŽs•ºŒÉ‹æ,’†”V“‡‚Q’š–Ú,2018-07-20,20,’“ŽÔi—Öjê,Ž{ù‚¹‚¸,‚È‚µ
Þ“,ŽÔã‚Ë‚ç‚¢,•ºŒÉ,’†”V“‡,281051,•ºŒÉŒ§,_ŒËŽs•ºŒÉ‹æ,ŽOÎ’Ê‚P’š–Ú,2018-10-20,14,‚»‚Ì‘¼,Ž{ù‚¹‚¸,‚ ‚è
Þ“,ŽÔã‚Ë‚ç‚¢,•ºŒÉ,–¾e,281051,•ºŒÉŒ§,_ŒËŽs•ºŒÉ‹æ,ˆ°Œ´’Ê‚P’š–Ú,2018-11-01,16,’“ŽÔi—Öjê,Ž{ù‚¹‚¸,‚ ‚è
Þ“,ŽÔã‚Ë‚ç‚¢,•ºŒÉ,–¾e,281051,•ºŒÉŒ§,_ŒËŽs•ºŒÉ‹æ,ˆ°Œ´’Ê‚S’š–Ú,2018-09-28,16,“¹˜Hã,Ž{ù‚¹‚¸,‚È‚µ
Þ“,ŽÔã‚Ë‚ç‚¢,•ºŒÉ,–¾e,281051,•ºŒÉŒ§,_ŒËŽs•ºŒÉ‹æ,–¾˜a’Ê‚R’š–Ú,2018-04-25,18,’“ŽÔi—Öjê,Ž{ù‚¹‚¸,‚È‚µ
Þ“,ŽÔã‚Ë‚ç‚¢,•ºŒÉ,ŒäèŒö‰€,281051,•ºŒÉŒ§,_ŒËŽs•ºŒÉ‹æ,•l’†’¬‚P’š–Ú,2018-06-28,18,“¹˜Hã,Ž{ù‚¹‚¸,‚ ‚è
Þ“,ŽÔã‚Ë‚ç‚¢,•ºŒÉ,ŒäèŒö‰€,281051,•ºŒÉŒ§,_ŒËŽs•ºŒÉ‹æ,Œäè’¬‚Q’š–Ú,2018-04-09,10,‚SŠKŒš‚ÄˆÈã‹¤“¯Z‘î,Ž{ù‚¹‚¸,‚ ‚è
Þ“,ŽÔã‚Ë‚ç‚¢,•ºŒÉ,ƒLƒƒƒiƒ‹ƒ^ƒEƒ“,281051,•ºŒÉŒ§,_ŒËŽs•ºŒÉ‹æ,‰w‘O’Ê‚T’š–Ú,2018-11-07,11,“¹˜Hã,Ž{ù‚¹‚¸,‚ ‚è
Þ“,ŽÔã‚Ë‚ç‚¢,•ºŒÉ,ƒLƒƒƒiƒ‹ƒ^ƒEƒ“,281051,•ºŒÉŒ§,_ŒËŽs•ºŒÉ‹æ,‰w“ì’Ê‚T’š–Ú,2018-02-19,19,’“ŽÔi—Öjê,Ž{ù‚¹‚¸,‚È‚µ
Þ“,ŽÔã‚Ë‚ç‚¢,•ºŒÉ,ƒLƒƒƒiƒ‹ƒ^ƒEƒ“,281051,•ºŒÉŒ§,_ŒËŽs•ºŒÉ‹æ,‰w“ì’Ê‚T’š–Ú,2018-03-17,18,“¹˜Hã,Ž{ù‚¹‚¸,‚È‚µ
Þ“,ŽÔã‚Ë‚ç‚¢,•ºŒÉ,ƒLƒƒƒiƒ‹ƒ^ƒEƒ“,281051,•ºŒÉŒ§,_ŒËŽs•ºŒÉ‹æ,‰w“ì’Ê‚T’š–Ú,2018-07-06,11,‚»‚Ì‘¼,Ž{ù‚¹‚¸,‚È‚µ
Þ“,ŽÔã‚Ë‚ç‚¢,’·“c,ŠÛŽR,281069,•ºŒÉŒ§,_ŒËŽs’·“c‹æ,˜@‹{’Ê‚Q’š–Ú,2018-03-19,07,’“ŽÔi—Öjê,Ž{ù‚¹‚¸,‚È‚µ
Þ“,ŽÔã‚Ë‚ç‚¢,’·“c,’·“c,281069,•ºŒÉŒ§,_ŒËŽs’·“c‹æ,’r“cL’¬,2018-04-09,10,“¹˜Hã,Ž{ù‚¹‚¸,‚È‚µ
Þ“,ŽÔã‚Ë‚ç‚¢,’·“c,’·“c,281069,•ºŒÉŒ§,_ŒËŽs’·“c‹æ,‘å’Ë’¬‚P’š–Ú,2018-10-02,09,’“ŽÔi—Öjê,Ž{ù‚¹‚¸,‚È‚µ
Þ“,ŽÔã‚Ë‚ç‚¢,’·“c,’·“c,281069,•ºŒÉŒ§,_ŒËŽs’·“c‹æ,‘å’Ë’¬‚P’š–Ú,2018-10-09,10,“¹˜Hã,Ž{ù‚¹‚¸,‚È‚µ
Þ“,ŽÔã‚Ë‚ç‚¢,’·“c,’·“c,281069,•ºŒÉŒ§,_ŒËŽs’·“c‹æ,’·“c’¬‚Q’š–Ú,2018-05-29,04,“¹˜Hã,Ž{ù‚¹‚¸,‚È‚µ
Þ“,ŽÔã‚Ë‚ç‚¢,’·“c,’·“c“Œ,281069,•ºŒÉŒ§,_ŒËŽs’·“c‹æ,ŒÜ”Ô’¬‚U’š–Ú,2018-07-23,20,“¹˜Hã,Ž{ù‚¹‚¸,‚ ‚è
Þ“,ŽÔã‚Ë‚ç‚¢,’·“c,’·“c“Œ,281069,•ºŒÉŒ§,_ŒËŽs’·“c‹æ,ŒÜ”Ô’¬‚V’š–Ú,2018-01-21,10,“¹˜Hã,Ž{ù‚¹‚¸,‚ ‚è
Þ“,ŽÔã‚Ë‚ç‚¢,’·“c,’·“c“Œ,281069,•ºŒÉŒ§,_ŒËŽs’·“c‹æ,ŽO”Ô’¬‚Q’š–Ú,2018-11-30,17,‚»‚Ì‘¼,Ž{ù‚¹‚¸,‚ ‚è
Þ“,ŽÔã‚Ë‚ç‚¢,’·“c,’·“c“Œ,281069,•ºŒÉŒ§,_ŒËŽs’·“c‹æ,ŽO”Ô’¬‚S’š–Ú,2018-06-11,13,’“ŽÔi—Öjê,Ž{ù‚¹‚¸,‚È‚µ
Þ“,ŽÔã‚Ë‚ç‚¢,’·“c,’·“c“Œ,281069,•ºŒÉŒ§,_ŒËŽs’·“c‹æ,Žl”Ô’¬‚R’š–Ú,2018-11-01,20,’“ŽÔi—Öjê,Ž{ù‚¹‚¸,‚È‚µ
Þ“,ŽÔã‚Ë‚ç‚¢,’·“c,’·“c“Œ,281069,•ºŒÉŒ§,_ŒËŽs’·“c‹æ,Žl”Ô’¬‚R’š–Ú,2018-11-14,17,‚SŠKŒš‚ÄˆÈã‹¤“¯Z‘î,Ž{ù‚¹‚¸,‚È‚µ
Þ“,ŽÔã‚Ë‚ç‚¢,’·“c,’·“c“Œ,281069,•ºŒÉŒ§,_ŒËŽs’·“c‹æ,Žl”Ô’¬‚W’š–Ú,2018-12-14,16,“¹˜Hã,Ž{ù‚¹‚¸,‚È‚µ
Þ“,ŽÔã‚Ë‚ç‚¢,’·“c,Œä‘ ,281069,•ºŒÉŒ§,_ŒËŽs’·“c‹æ,–k’¬‚P’š–Ú,2018-08-28,22,’“ŽÔi—Öjê,Ž{ù‚¹‚¸,‚ ‚è
Þ“,ŽÔã‚Ë‚ç‚¢,’·“c,Œä‘ ,281069,•ºŒÉŒ§,_ŒËŽs’·“c‹æ,–k’¬‚P’š–Ú,2018-09-01,23,’“ŽÔi—Öjê,Ž{ù‚¹‚¸,‚ ‚è
Þ“,ŽÔã‚Ë‚ç‚¢,’·“c,Œä‘ ,281069,•ºŒÉŒ§,_ŒËŽs’·“c‹æ,–k’¬‚P’š–Ú,2018-12-06,13,’“ŽÔi—Öjê,Ž{ù‚¹‚¸,‚È‚µ
Þ“,ŽÔã‚Ë‚ç‚¢,’·“c,Œä‘ ,281069,•ºŒÉŒ§,_ŒËŽs’·“c‹æ,Œä‘ ’Ê‚U’š–Ú,2018-08-05,12,’“ŽÔi—Öjê,Ž{ù‚¹‚¸,‚È‚µ
Þ“,ŽÔã‚Ë‚ç‚¢,’·“c,–©ì‘å‹´,281069,•ºŒÉŒ§,_ŒËŽs’·“c‹æ,”~ƒP’¬‚P’š–Ú,2018-11-02,02,’“ŽÔi—Öjê,Ž{ù‚¹‚¸,‚È‚µ
Þ“,ŽÔã‚Ë‚ç‚¢,’·“c,–©ì‘å‹´,281069,•ºŒÉŒ§,_ŒËŽs’·“c‹æ,Š¡‘”“‡’¬‚P’š–Ú,2018-07-14,11,’“ŽÔi—Öjê,Ž{ù‚¹‚¸,‚È‚µ
Þ“,ŽÔã‚Ë‚ç‚¢,’·“c,–©ì‘å‹´,281069,•ºŒÉŒ§,_ŒËŽs’·“c‹æ,Š¡‘”’Ê‚U’š–Ú,2018-09-30,17,ˆêŒËŒšZ‘î,Ž{ù‚¹‚¸,‚ ‚è
Þ“,ŽÔã‚Ë‚ç‚¢,’·“c,–©ì‘å‹´,281069,•ºŒÉŒ§,_ŒËŽs’·“c‹æ,“ŒK’rV’¬,2018-07-20,14,’“ŽÔi—Öjê,Ž{ù‚¹‚¸,‚È‚µ
Þ“,ŽÔã‚Ë‚ç‚¢,’·“c,‘å’J,281069,•ºŒÉŒ§,_ŒËŽs’·“c‹æ,Œä‘D’Ê‚Q’š–Ú,2018-11-21,22,’“ŽÔi—Öjê,Ž{ù‚¹‚¸,‚È‚µ
Þ“,ŽÔã‚Ë‚ç‚¢,’·“c,‘å’J,281069,•ºŒÉŒ§,_ŒËŽs’·“c‹æ,Œä‘D’Ê‚R’š–Ú,2018-09-25,18,‚»‚Ì‘¼‚ÌZ‘îi‚RŠKŒš‚ÄˆÈ‰º‹¤“¯Z‘î“™j,Ž{ù‚¹‚¸,‚È‚µ
Þ“,ŽÔã‚Ë‚ç‚¢,’·“c,V’·“c‰w‘O,281069,•ºŒÉŒ§,_ŒËŽs’·“c‹æ,‘å‹´’¬‚T’š–Ú,2018-09-12,21,‚»‚Ì‘¼,Ž{ù‚¹‚¸,‚ ‚è
Þ“,ŽÔã‚Ë‚ç‚¢,’·“c,V’·“c‰w‘O,281069,•ºŒÉŒ§,_ŒËŽs’·“c‹æ,¼K’r’¬‚Q’š–Ú,2018-07-12,20,’“ŽÔi—Öjê,Ž{ù‚¹‚¸,‚ ‚è
Þ“,ŽÔã‚Ë‚ç‚¢,’·“c,V’·“c‰w‘O,281069,•ºŒÉŒ§,_ŒËŽs’·“c‹æ,“ú‹g’¬‚P’š–Ú,2018-06-22,14,“¹˜Hã,Ž{ù‚¹‚¸,‚ ‚è
Þ“,ŽÔã‚Ë‚ç‚¢,’·“c,V’·“c‰w‘O,281069,•ºŒÉŒ§,_ŒËŽs’·“c‹æ,Žá¼’¬‚S’š–Ú,2018-03-17,18,’“ŽÔi—Öjê,Ž{ù‚¹‚¸,‚È‚µ
Þ“,ŽÔã‚Ë‚ç‚¢,’·“c,…Š},281069,•ºŒÉŒ§,_ŒËŽs’·“c‹æ,Œä‰®•~’Ê‚R’š–Ú,2018-05-05,22,’“ŽÔi—Öjê,Ž{ù‚¹‚¸,‚È‚µ
Þ“,ŽÔã‚Ë‚ç‚¢,’·“c,…Š},281069,•ºŒÉŒ§,_ŒËŽs’·“c‹æ,Œä‰®•~’Ê‚S’š–Ú,2018-08-02,12,“¹˜Hã,Ž{ù‚¹‚¸,‚ ‚è
Þ“,ŽÔã‚Ë‚ç‚¢,’·“c,…Š},281069,•ºŒÉŒ§,_ŒËŽs’·“c‹æ,_Šy’¬‚R’š–Ú,2018-10-04,08,“¹˜Hã,Ž{ù‚¹‚¸,‚ ‚è
Þ“,ŽÔã‚Ë‚ç‚¢,’·“c,…Š},281069,•ºŒÉŒ§,_ŒËŽs’·“c‹æ,¼–ì’Ê‚Q’š–Ú,2018-06-21,18,’“ŽÔi—Öjê,Ž{ù‚¹‚¸,‚È‚µ
Þ“,ŽÔã‚Ë‚ç‚¢,’·“c,…Š},281069,•ºŒÉŒ§,_ŒËŽs’·“c‹æ,…Š}’Ê‚R’š–Ú,2018-10-17,19,’“ŽÔi—Öjê,Ž{ù‚¹‚¸,‚ ‚è
Þ“,ŽÔã‚Ë‚ç‚¢,’·“c,…Š},281069,•ºŒÉŒ§,_ŒËŽs’·“c‹æ,…Š}’Ê‚S’š–Ú,2018-06-19,09,“¹˜Hã,Ž{ù‚¹‚¸,‚ ‚è
Þ“,ŽÔã‚Ë‚ç‚¢,’·“c,‹v•Û,281069,•ºŒÉŒ§,_ŒËŽs’·“c‹æ,˜r’Ë’¬‚T’š–Ú,2018-11-25,16,“¹˜Hã,Ž{ù‚¹‚¸,‚È‚µ
Þ“,ŽÔã‚Ë‚ç‚¢,’·“c,‹v•Û,281069,•ºŒÉŒ§,_ŒËŽs’·“c‹æ,˜r’Ë’¬‚U’š–Ú,2018-11-07,16,“¹˜Hã,Ž{ù‚¹‚¸,‚È‚µ
Þ“,ŽÔã‚Ë‚ç‚¢,’·“c,‹v•Û,281069,•ºŒÉŒ§,_ŒËŽs’·“c‹æ,‹îƒP—Ñ’¬‚Q’š–Ú,2018-05-16,17,“¹˜Hã,Ž{ù‚¹‚¸,‚ ‚è
Þ“,ŽÔã‚Ë‚ç‚¢,’·“c,‹v•Û,281069,•ºŒÉŒ§,_ŒËŽs’·“c‹æ,¯“c’¬‚P’š–Ú,2018-02-14,09,“¹˜Hã,Ž{ù‚¹‚¸,‚ ‚è
Þ“,ŽÔã‚Ë‚ç‚¢,’·“c,‹v•Û,281069,•ºŒÉŒ§,_ŒËŽs’·“c‹æ,¯“c’¬‚R’š–Ú,2018-01-26,11,“¹˜Hã,Ž{ù‚¹‚¸,‚ ‚è
Þ“,ŽÔã‚Ë‚ç‚¢,’·“c,‹v•Û,281069,•ºŒÉŒ§,_ŒËŽs’·“c‹æ,¼K’r’¬‚T’š–Ú,2018-07-20,12,“¹˜Hã,Ž{ù‚¹‚¸,‚ ‚è
Þ“,ŽÔã‚Ë‚ç‚¢,’·“c,‹v•Û,281069,•ºŒÉŒ§,_ŒËŽs’·“c‹æ,“ñ—t’¬‚V’š–Ú,2018-10-19,16,‚»‚Ì‘¼,Ž{ù‚¹‚¸,‚ ‚è
Þ“,ŽÔã‚Ë‚ç‚¢,’·“c,–ì“c,281069,•ºŒÉŒ§,_ŒËŽs’·“c‹æ,ŠC‰^’¬‚W’š–Ú,2018-06-01,13,“¹˜Hã,Ž{ù‚¹‚¸,‚ ‚è
Þ“,ŽÔã‚Ë‚ç‚¢,’·“c,–ì“c,281069,•ºŒÉŒ§,_ŒËŽs’·“c‹æ,–ì“c’¬‚V’š–Ú,2018-06-28,16,“¹˜Hã,Ž{ù‚¹‚¸,‚ ‚è
Þ“,ŽÔã‚Ë‚ç‚¢,{–,”Âh,281077,•ºŒÉŒ§,_ŒËŽs{–‹æ,–¾_’¬‚P’š–Ú,2018-10-16,04,’“ŽÔi—Öjê,Ž{ù‚¹‚¸,‚È‚µ
Þ“,ŽÔã‚Ë‚ç‚¢,{–,çÎ,281077,•ºŒÉŒ§,_ŒËŽs{–‹æ,‘å“c’¬‚Q’š–Ú,2018-01-26,18,“¹˜Hã,Ž{ù‚¹‚¸,‚È‚µ
Þ“,ŽÔã‚Ë‚ç‚¢,{–,çÎ,281077,•ºŒÉŒ§,_ŒËŽs{–‹æ,‘å“c’¬‚T’š–Ú,2018-06-04,12,“¹˜Hã,Ž{ù‚¹‚¸,‚ ‚è
Þ“,ŽÔã‚Ë‚ç‚¢,{–,“Œ{–,281077,•ºŒÉŒ§,_ŒËŽs{–‹æ,ŒË­’¬‚R’š–Ú,2018-05-15,09,“¹˜Hã,Ž{ù‚¹‚¸,‚È‚µ
Þ“,ŽÔã‚Ë‚ç‚¢,{–,{–Ž›,281077,•ºŒÉŒ§,_ŒËŽs{–‹æ,—£‹{¼’¬‚Q’š–Ú,2018-06-09,12,ˆêŒËŒšZ‘î,Ž{ù‚¹‚¸,‚ ‚è
Þ“,ŽÔã‚Ë‚ç‚¢,{–,{–‰w‘O,281077,•ºŒÉŒ§,_ŒËŽs{–‹æ,ˆî—t’¬‚U’š–Ú,2018-07-14,12,“¹˜Hã,Ž{ù‚¹‚¸,‚ ‚è
Þ“,ŽÔã‚Ë‚ç‚¢,{–,{–‰w‘O,281077,•ºŒÉŒ§,_ŒËŽs{–‹æ,{–‰Y’Ê‚P’š–Ú,2018-08-15,11,“¹˜Hã,Ž{ù‚¹‚¸,‚È‚µ
Þ“,ŽÔã‚Ë‚ç‚¢,{–,–¼’J’†‰›,281077,•ºŒÉŒ§,_ŒËŽs{–‹æ,–k—Ž‡‚Q’š–Ú,2018-02-28,09,“¹˜Hã,Ž{ù‚¹‚¸,‚ ‚è
Þ“,ŽÔã‚Ë‚ç‚¢,{–,–¼’J’†‰›,281077,•ºŒÉŒ§,_ŒËŽs{–‹æ,’†—Ž‡‚Q’š–Ú,2018-10-02,07,’“ŽÔi—Öjê,Ž{ù‚¹‚¸,‚È‚µ
Þ“,ŽÔã‚Ë‚ç‚¢,{–,–¼’J’†‰›,281077,•ºŒÉŒ§,_ŒËŽs{–‹æ,—³‚ª‘ä‚P’š–Ú,2018-01-18,22,’“ŽÔi—Öjê,Ž{ù‚¹‚¸,‚È‚µ
Þ“,ŽÔã‚Ë‚ç‚¢,{–,–¼’J’†‰›,281077,•ºŒÉŒ§,_ŒËŽs{–‹æ,—³‚ª‘ä‚R’š–Ú,2018-10-02,06,’“ŽÔi—Öjê,Ž{ù‚¹‚¸,‚È‚µ
Þ“,ŽÔã‚Ë‚ç‚¢,{–,–¼’J’†‰›,281077,•ºŒÉŒ§,_ŒËŽs{–‹æ,—³‚ª‘ä‚U’š–Ú,2018-01-14,12,’“ŽÔi—Öjê,Ž{ù‚¹‚¸,‚È‚µ
Þ“,ŽÔã‚Ë‚ç‚¢,{–,–¼’J’†‰›,281077,•ºŒÉŒ§,_ŒËŽs{–‹æ,—Î‘ä,2018-09-12,19,’“ŽÔi—Öjê,Ž{ù‚¹‚¸,‚ ‚è
Þ“,ŽÔã‚Ë‚ç‚¢,‚…,‚ŠÛ,281085,•ºŒÉŒ§,_ŒËŽs‚…‹æ,‚ŠÛ‚T’š–Ú,2018-08-29,13,‚»‚Ì‘¼,Ž{ù‚¹‚¸,‚ ‚è
Þ“,ŽÔã‚Ë‚ç‚¢,‚…,–¼’J,281085,•ºŒÉŒ§,_ŒËŽs‚…‹æ,_˜a‘ä‚R’š–Ú,2018-10-16,22,ˆêŒËŒšZ‘î,Ž{ù‚¹‚¸,‚ ‚è
Þ“,ŽÔã‚Ë‚ç‚¢,‚…,–¼’J,281085,•ºŒÉŒ§,_ŒËŽs‚…‹æ,–¼’J’¬,2018-10-21,11,’“ŽÔi—Öjê,Ž{ù‚¹‚¸,‚È‚µ
Þ“,ŽÔã‚Ë‚ç‚¢,‚…,–¼’J,281085,•ºŒÉŒ§,_ŒËŽs‚…‹æ,–¼’J’¬,2018-11-04,10,’“ŽÔi—Öjê,Ž{ù‚¹‚¸,‚È‚µ
Þ“,ŽÔã‚Ë‚ç‚¢,‚…,‚…‰w‘O,281085,•ºŒÉŒ§,_ŒËŽs‚…‹æ,_“c’¬,2018-01-31,16,’“ŽÔi—Öjê,Ž{ù‚¹‚¸,‚È‚µ
Þ“,ŽÔã‚Ë‚ç‚¢,‚…,‚…‰w‘O,281085,•ºŒÉŒ§,_ŒËŽs‚…‹æ,´…’Ê,2018-11-16,18,’“ŽÔi—Öjê,Ž{ù‚¹‚¸,‚È‚µ
Þ“,ŽÔã‚Ë‚ç‚¢,‚…,‚…‰w‘O,281085,•ºŒÉŒ§,_ŒËŽs‚…‹æ,“úŒü‚Q’š–Ú,2018-10-30,14,’“ŽÔi—Öjê,Ž{ù‚¹‚¸,‚ ‚è
Þ“,ŽÔã‚Ë‚ç‚¢,‚…,‚…‰w‘O,281085,•ºŒÉŒ§,_ŒËŽs‚…‹æ,•½ˆé‚S’š–Ú,2018-06-16,12,’“ŽÔi—Öjê,Ž{ù‚¹‚¸,‚È‚µ
Þ“,ŽÔã‚Ë‚ç‚¢,‚…,‚…‰w‘O,281085,•ºŒÉŒ§,_ŒËŽs‚…‹æ,•Ÿ“c‚P’š–Ú,2018-07-10,22,’“ŽÔi—Öjê,Ž{ù‚¹‚¸,‚ ‚è
Þ“,ŽÔã‚Ë‚ç‚¢,‚…,•‘Žq‰w‘O,281085,•ºŒÉŒ§,_ŒËŽs‚…‹æ,“Œ•‘Žq’¬,2018-07-29,07,’“ŽÔi—Öjê,Ž{ù‚¹‚¸,‚È‚µ
Þ“,ŽÔã‚Ë‚ç‚¢,‚…,•‘Žq‰w‘O,281085,•ºŒÉŒ§,_ŒËŽs‚…‹æ,“Œ•‘Žq’¬,2018-10-01,00,’“ŽÔi—Öjê,Ž{ù‚¹‚¸,‚È‚µ
Þ“,ŽÔã‚Ë‚ç‚¢,‚…,•‘Žq‰w‘O,281085,•ºŒÉŒ§,_ŒËŽs‚…‹æ,“Œ•‘Žq’¬,2018-11-19,00,’“ŽÔi—Öjê,Ž{ù‚¹‚¸,‚È‚µ
Þ“,ŽÔã‚Ë‚ç‚¢,‚…,•‘Žq‰w‘O,281085,•ºŒÉŒ§,_ŒËŽs‚…‹æ,“Œ•‘Žq’¬,2018-12-12,14,’“ŽÔi—Öjê,Ž{ù‚¹‚¸,‚È‚µ
Þ“,ŽÔã‚Ë‚ç‚¢,‚…,•‘Žq‰w‘O,281085,•ºŒÉŒ§,_ŒËŽs‚…‹æ,•‘Žq‘ä‚U’š–Ú,2018-02-28,21,‚»‚Ì‘¼,Ž{ù‚¹‚¸,‚È‚µ
Þ“,ŽÔã‚Ë‚ç‚¢,‚…,‘½•·,281085,•ºŒÉŒ§,_ŒËŽs‚…‹æ,‘½•·‘ä‚R’š–Ú,2018-06-09,14,‚»‚Ì‘¼,Ž{ù‚¹‚¸,‚ ‚è
Þ“,ŽÔã‚Ë‚ç‚¢,‚…,‘½•·,281085,•ºŒÉŒ§,_ŒËŽs‚…‹æ,•‘‘½•·¼‚Q’š–Ú,2018-10-15,17,ˆêŒËŒšZ‘î,Ž{ù‚¹‚¸,‚ ‚è
Þ“,ŽÔã‚Ë‚ç‚¢,‚…,–¾•‘,281085,•ºŒÉŒ§,_ŒËŽs‚…‹æ,“ì‘½•·‘ä‚Q’š–Ú,2018-10-29,17,’“ŽÔi—Öjê,Ž{ù‚¹‚¸,‚È‚µ
Þ“,ŽÔã‚Ë‚ç‚¢,‚…,V‘½•·,281085,•ºŒÉŒ§,_ŒËŽs‚…‹æ,–{‘½•·‚R’š–Ú,2018-03-06,18,’“ŽÔi—Öjê,Ž{ù‚¹‚¸,‚È‚µ
Þ“,ŽÔã‚Ë‚ç‚¢,‚…,V‘½•·,281085,•ºŒÉŒ§,_ŒËŽs‚…‹æ,–{‘½•·‚V’š–Ú,2018-03-27,09,’“ŽÔi—Öjê,Ž{ù‚¹‚¸,‚È‚µ
Þ“,ŽÔã‚Ë‚ç‚¢,‚…,“ŽR‘ä,281085,•ºŒÉŒ§,_ŒËŽs‚…‹æ,‰º”¨’¬,2018-02-02,17,’“ŽÔi—Öjê,Ž{ù‚¹‚¸,‚ ‚è
Þ“,ŽÔã‚Ë‚ç‚¢,_ŒË…ã,V`,281107,•ºŒÉŒ§,_ŒËŽs’†‰›‹æ,¬–ì•l’¬,2018-02-05,11,’“ŽÔi—Öjê,Ž{ù‚¹‚¸,‚È‚µ
Þ“,ŽÔã‚Ë‚ç‚¢,_ŒË…ã,’†“Ë’ç,281107,•ºŒÉŒ§,_ŒËŽs’†‰›‹æ,”gŽ~ê’¬,2018-07-16,20,‚»‚Ì‘¼,Ž{ù‚¹‚¸,‚ ‚è
Þ“,ŽÔã‚Ë‚ç‚¢,_ŒË…ã,ƒ|[ƒgƒAƒCƒ‰ƒ“ƒh,281107,•ºŒÉŒ§,_ŒËŽs’†‰›‹æ,¬–ì•l’¬,2018-07-10,00,’“ŽÔi—Öjê,Ž{ù‚¹‚¸,‚È‚µ
Þ“,ŽÔã‚Ë‚ç‚¢,_ŒË…ã,ƒ|[ƒgƒAƒCƒ‰ƒ“ƒh,281107,•ºŒÉŒ§,_ŒËŽs’†‰›‹æ,`“‡‚P’š–Ú,2018-06-13,14,’“ŽÔi—Öjê,Ž{ù‚¹‚¸,‚È‚µ
Þ“,ŽÔã‚Ë‚ç‚¢,_ŒË…ã,ƒ|[ƒgƒAƒCƒ‰ƒ“ƒh,281107,•ºŒÉŒ§,_ŒËŽs’†‰›‹æ,`“‡‚P’š–Ú,2018-06-15,20,’“ŽÔi—Öjê,Ž{ù‚¹‚¸,‚È‚µ
Þ“,ŽÔã‚Ë‚ç‚¢,_ŒË…ã,ƒ|[ƒgƒAƒCƒ‰ƒ“ƒh,281107,•ºŒÉŒ§,_ŒËŽs’†‰›‹æ,`“‡‚P’š–Ú,2018-06-25,09,’“ŽÔi—Öjê,Ž{ù‚¹‚¸,‚È‚µ
Þ“,ŽÔã‚Ë‚ç‚¢,_ŒË…ã,ƒ|[ƒgƒAƒCƒ‰ƒ“ƒh,281107,•ºŒÉŒ§,_ŒËŽs’†‰›‹æ,`“‡‚P’š–Ú,2018-07-10,23,’“ŽÔi—Öjê,Ž{ù‚¹‚¸,‚È‚µ
Þ“,ŽÔã‚Ë‚ç‚¢,_ŒË…ã,ƒ|[ƒgƒAƒCƒ‰ƒ“ƒh,281107,•ºŒÉŒ§,_ŒËŽs’†‰›‹æ,`“‡‚P’š–Ú,2018-07-11,10,’“ŽÔi—Öjê,Ž{ù‚¹‚¸,‚È‚µ
Þ“,ŽÔã‚Ë‚ç‚¢,_ŒË…ã,ƒ|[ƒgƒAƒCƒ‰ƒ“ƒh,281107,•ºŒÉŒ§,_ŒËŽs’†‰›‹æ,`“‡‚P’š–Ú,2018-07-13,11,’“ŽÔi—Öjê,Ž{ù‚¹‚¸,‚È‚µ
Þ“,ŽÔã‚Ë‚ç‚¢,_ŒË…ã,ƒ|[ƒgƒAƒCƒ‰ƒ“ƒh,281107,•ºŒÉŒ§,_ŒËŽs’†‰›‹æ,`“‡‚P’š–Ú,2018-07-14,12,’“ŽÔi—Öjê,Ž{ù‚¹‚¸,‚È‚µ
Þ“,ŽÔã‚Ë‚ç‚¢,_ŒË…ã,ƒ|[ƒgƒAƒCƒ‰ƒ“ƒh,281107,•ºŒÉŒ§,_ŒËŽs’†‰›‹æ,`“‡‚V’š–Ú,2018-09-20,12,“¹˜Hã,Ž{ù‚¹‚¸,‚ ‚è
Þ“,ŽÔã‚Ë‚ç‚¢,_ŒË…ã,ƒ|[ƒgƒAƒCƒ‰ƒ“ƒh,281107,•ºŒÉŒ§,_ŒËŽs’†‰›‹æ,`“‡’†’¬‚U’š–Ú,2018-09-18,16,’“ŽÔi—Öjê,Ž{ù‚¹‚¸,‚È‚µ
Þ“,ŽÔã‚Ë‚ç‚¢,_ŒË¼,o‡,281115,•ºŒÉŒ§,_ŒËŽs¼‹æ,‹Ê’Ã’¬o‡,2018-07-19,19,ˆêŒËŒšZ‘î,Ž{ù‚¹‚¸,‚È‚µ
Þ“,ŽÔã‚Ë‚ç‚¢,_ŒË¼,o‡,281115,•ºŒÉŒ§,_ŒËŽs¼‹æ,‹Ê’Ã’¬o‡,2018-11-20,16,‚»‚Ì‘¼,Ž{ù‚¹‚¸,‚È‚µ
Þ“,ŽÔã‚Ë‚ç‚¢,_ŒË¼,o‡,281115,•ºŒÉŒ§,_ŒËŽs¼‹æ,‹Ê’Ã’¬o‡,2018-12-18,15,“¹˜Hã,Ž{ù‚¹‚¸,‚ ‚è
Þ“,ŽÔã‚Ë‚ç‚¢,_ŒË¼,o‡,281115,•ºŒÉŒ§,_ŒËŽs¼‹æ,ŠÛ’Ë‚P’š–Ú,2018-07-22,09,’“ŽÔi—Öjê,Ž{ù‚¹‚¸,‚È‚µ
Þ“,ŽÔã‚Ë‚ç‚¢,_ŒË¼,o‡,281115,•ºŒÉŒ§,_ŒËŽs¼‹æ,ŠÛ’Ë‚Q’š–Ú,2018-03-13,23,’“ŽÔi—Öjê,Ž{ù‚¹‚¸,‚ ‚è
Þ“,ŽÔã‚Ë‚ç‚¢,_ŒË¼,o‡,281115,•ºŒÉŒ§,_ŒËŽs¼‹æ,ŠÛ’Ë‚Q’š–Ú,2018-04-07,20,’“ŽÔi—Öjê,Ž{ù‚¹‚¸,‚È‚µ
Þ“,ŽÔã‚Ë‚ç‚¢,_ŒË¼,ŒÃ‹½,281115,•ºŒÉŒ§,_ŒËŽs¼‹æ,•Ÿ‹g‘ä‚P’š–Ú,2018-02-15,14,“¹˜Hã,Ž{ù‚¹‚¸,‚ ‚è
Þ“,ŽÔã‚Ë‚ç‚¢,_ŒË¼,_o,281115,•ºŒÉŒ§,_ŒËŽs¼‹æ,_o’¬“ì,2018-06-19,09,“¹˜Hã,Ž{ù‚¹‚¸,‚ ‚è
Þ“,ŽÔã‚Ë‚ç‚¢,_ŒË¼,‰h,281115,•ºŒÉŒ§,_ŒËŽs¼‹æ,‰Ÿ•”’J’¬–Ø’Ã,2018-03-12,19,ˆêŒËŒšZ‘î,Ž{ù‚¹‚¸,‚ ‚è
Þ“,ŽÔã‚Ë‚ç‚¢,_ŒË¼,‰h,281115,•ºŒÉŒ§,_ŒËŽs¼‹æ,‰Ÿ•”’J’¬‰h,2018-06-27,15,“¹˜Hã,Ž{ù‚¹‚¸,‚È‚µ
Þ“,ŽÔã‚Ë‚ç‚¢,_ŒË¼,”¥’J,281115,•ºŒÉŒ§,_ŒËŽs¼‹æ,”¥’J’¬—F´,2018-04-14,03,‚»‚Ì‘¼,Ž{ù‚¹‚¸,‚È‚µ
Þ“,ŽÔã‚Ë‚ç‚¢,_ŒË¼,ˆÉì’J,281115,•ºŒÉŒ§,_ŒËŽs¼‹æ,ˆÉì’J’¬•Ê•{,2018-06-28,18,‚SŠKŒš‚ÄˆÈã‹¤“¯Z‘î,Ž{ù‚¹‚¸,‚È‚µ
Þ“,ŽÔã‚Ë‚ç‚¢,_ŒË¼,ˆÉì’J,281115,•ºŒÉŒ§,_ŒËŽs¼‹æ,–k•Ê•{‚R’š–Ú,2018-01-13,13,’“ŽÔi—Öjê,Ž{ù‚¹‚¸,‚ ‚è
Þ“,ŽÔã‚Ë‚ç‚¢,_ŒË¼,ˆÉì’J,281115,•ºŒÉŒ§,_ŒËŽs¼‹æ,–k•Ê•{‚R’š–Ú,2018-01-20,15,‚»‚Ì‘¼,Ž{ù‚¹‚¸,‚È‚µ
Þ“,ŽÔã‚Ë‚ç‚¢,_ŒË¼,Šw‰€‰w‘O,281115,•ºŒÉŒ§,_ŒËŽs¼‹æ,ˆÉì’J’¬‘OŠJ,2018-02-09,06,’“ŽÔi—Öjê,Ž{ù‚¹‚¸,‚È‚µ
Þ“,ŽÔã‚Ë‚ç‚¢,_ŒË¼,Šw‰€‰w‘O,281115,•ºŒÉŒ§,_ŒËŽs¼‹æ,Šw‰€¼’¬‚P’š–Ú,2018-07-26,05,’“ŽÔi—Öjê,Ž{ù‚¹‚¸,‚È‚µ
Þ“,ŽÔã‚Ë‚ç‚¢,_ŒË¼,—L£,281115,•ºŒÉŒ§,_ŒËŽs¼‹æ,ˆÉì’J’¬—L£,2018-07-24,20,’“ŽÔi—Öjê,Ž{ù‚¹‚¸,‚ ‚è
Þ“,ŽÔã‚Ë‚ç‚¢,_ŒË¼,—L£,281115,•ºŒÉŒ§,_ŒËŽs¼‹æ,ˆÉì’J’¬˜a,2018-08-01,12,‚»‚Ì‘¼,Ž{ù‚¹‚¸,‚ ‚è
Þ“,ŽÔã‚Ë‚ç‚¢,_ŒË¼,•xŽmŒ©‚ª‹u,281115,•ºŒÉŒ§,_ŒËŽs¼‹æ,‰Ÿ•”’J’¬¼·,2018-08-17,06,’“ŽÔi—Öjê,Ž{ù‚¹‚¸,‚È‚µ
Þ“,ŽÔã‚Ë‚ç‚¢,_ŒË¼,•xŽmŒ©‚ª‹u,281115,•ºŒÉŒ§,_ŒËŽs¼‹æ,–kŽR‘ä‚R’š–Ú,2018-11-05,11,“¹˜Hã,Ž{ù‚¹‚¸,‚ ‚è
Þ“,ŽÔã‚Ë‚ç‚¢,_ŒË¼,Ž}‹g,281115,•ºŒÉŒ§,_ŒËŽs¼‹æ,Ž}‹g‚R’š–Ú,2018-04-02,19,ˆêŒËŒšZ‘î,Ž{ù‚¹‚¸,‚È‚µ
Þ“,ŽÔã‚Ë‚ç‚¢,_ŒË¼,Ž}‹g,281115,•ºŒÉŒ§,_ŒËŽs¼‹æ,Ž}‹g‚S’š–Ú,2018-09-30,08,’“ŽÔi—Öjê,Ž{ù‚¹‚¸,‚È‚µ
Þ“,ŽÔã‚Ë‚ç‚¢,_ŒË¼,Ž}‹g,281115,•ºŒÉŒ§,_ŒËŽs¼‹æ,Ž}‹g‚T’š–Ú,2018-01-12,15,’“ŽÔi—Öjê,Ž{ù‚¹‚¸,‚È‚µ
Þ“,ŽÔã‚Ë‚ç‚¢,_ŒË¼,Ž}‹g,281115,•ºŒÉŒ§,_ŒËŽs¼‹æ,ŽŽq‚Q’š–Ú,2018-05-10,12,’“ŽÔi—Öjê,Ž{ù‚¹‚¸,‚È‚µ
Þ“,ŽÔã‚Ë‚ç‚¢,_ŒË¼,Ž}‹g,281115,•ºŒÉŒ§,_ŒËŽs¼‹æ,X—F‚S’š–Ú,2018-09-13,16,“¹˜Hã,Ž{ù‚¹‚¸,‚ ‚è
Þ“,ŽÔã‚Ë‚ç‚¢,_ŒË¼,Ž}‹g,281115,•ºŒÉŒ§,_ŒËŽs¼‹æ,X—F‚T’š–Ú,2018-08-25,13,’“ŽÔi—Öjê,Ž{ù‚¹‚¸,‚ ‚è
Þ“,ŽÔã‚Ë‚ç‚¢,_ŒË¼,Ž}‹g,281115,•ºŒÉŒ§,_ŒËŽs¼‹æ,’·”¨’¬,2018-07-08,14,“¹˜Hã,Ž{ù‚¹‚¸,‚È‚µ
Þ“,ŽÔã‚Ë‚ç‚¢,_ŒË¼,ˆä‘ä,281115,•ºŒÉŒ§,_ŒËŽs¼‹æ,ˆÉì’J’¬ˆä,2018-02-03,07,’“ŽÔi—Öjê,Ž{ù‚¹‚¸,‚È‚µ
Þ“,ŽÔã‚Ë‚ç‚¢,_ŒË¼,ˆä‘ä,281115,•ºŒÉŒ§,_ŒËŽs¼‹æ,”¥’J’¬’JŒû,2018-10-21,18,‚»‚Ì‘¼,Ž{ù‚¹‚¸,‚ ‚è
Þ“,ŽÔã‚Ë‚ç‚¢,_ŒË¼,ˆä‘ä,281115,•ºŒÉŒ§,_ŒËŽs¼‹æ,ˆä‘ä“Œ’¬‚P’š–Ú,2018-01-18,16,’“ŽÔi—Öjê,Ž{ù‚¹‚¸,‚ ‚è
Þ“,ŽÔã‚Ë‚ç‚¢,_ŒË¼,ˆä‘ä,281115,•ºŒÉŒ§,_ŒËŽs¼‹æ,ˆä‘ä¼’¬‚P’š–Ú,2018-11-19,15,’“ŽÔi—Öjê,Ž{ù‚¹‚¸,‚È‚µ
Þ“,ŽÔã‚Ë‚ç‚¢,_ŒË¼,‹Ê’Ã,281115,•ºŒÉŒ§,_ŒËŽs¼‹æ,‹Ê’Ã’¬¬ŽR,2018-12-18,19,“¹˜Hã,Ž{ù‚¹‚¸,‚ ‚è
Þ“,ŽÔã‚Ë‚ç‚¢,_ŒË¼,‹Ê’Ã,281115,•ºŒÉŒ§,_ŒËŽs¼‹æ,•½–ì’¬‘å–ì,2018-06-15,18,’“ŽÔi—Öjê,Ž{ù‚¹‚¸,‚È‚µ
Þ“,ŽÔã‚Ë‚ç‚¢,_ŒË¼,‹Ê’Ã,281115,•ºŒÉŒ§,_ŒËŽs¼‹æ,’†–ì‚Q’š–Ú,2018-05-24,15,ˆêŒËŒšZ‘î,Ž{ù‚¹‚¸,‚ ‚è
Þ“,ŽÔã‚Ë‚ç‚¢,—L”n,—L–ì,281093,•ºŒÉŒ§,_ŒËŽs–k‹æ,“¡Œ´‘ä–k’¬‚T’š–Ú,2018-06-30,15,“¹˜Hã,Ž{ù‚¹‚¸,‚ ‚è
Þ“,ŽÔã‚Ë‚ç‚¢,—L”n,’·”ö,281093,•ºŒÉŒ§,_ŒËŽs–k‹æ,’·”ö’¬‘îŒ´,2018-04-10,20,’“ŽÔi—Öjê,Ž{ù‚¹‚¸,‚È‚µ
Þ“,ŽÔã‚Ë‚ç‚¢,—L”n,’·”ö,281093,•ºŒÉŒ§,_ŒËŽs–k‹æ,’·”ö’¬ã’Ã,2018-03-26,22,’“ŽÔi—Öjê,Ž{ù‚¹‚¸,‚ ‚è
Þ“,ŽÔã‚Ë‚ç‚¢,—L”n,’·”ö,281093,•ºŒÉŒ§,_ŒËŽs–k‹æ,Ô¼‘ä‚P’š–Ú,2018-06-22,18,’“ŽÔi—Öjê,Ž{ù‚¹‚¸,‚È‚µ
Þ“,ŽÔã‚Ë‚ç‚¢,—L”n,’·”ö,281093,•ºŒÉŒ§,_ŒËŽs–k‹æ,ã’Ã‘ä‚R’š–Ú,2018-10-10,13,‚»‚Ì‘¼,Ž{ù‚¹‚¸,‚È‚µ
Þ“,ŽÔã‚Ë‚ç‚¢,—L”n,’·”ö,281093,•ºŒÉŒ§,_ŒËŽs–k‹æ,ã’Ã‘ä‚T’š–Ú,2018-01-21,20,’“ŽÔi—Öjê,Ž{ù‚¹‚¸,‚ ‚è
Þ“,ŽÔã‚Ë‚ç‚¢,—L”n,’·”ö,281093,•ºŒÉŒ§,_ŒËŽs–k‹æ,ã’Ã‘ä‚W’š–Ú,2018-10-21,15,’“ŽÔi—Öjê,Ž{ù‚¹‚¸,‚È‚µ
Þ“,ŽÔã‚Ë‚ç‚¢,—L”n,–ì£,281093,•ºŒÉŒ§,_ŒËŽs–k‹æ,’W‰Í’¬_“c,2018-05-15,20,’“ŽÔi—Öjê,Ž{ù‚¹‚¸,‚ ‚è
Þ“,ŽÔã‚Ë‚ç‚¢,_ŒË–k,—é—–‘ä,281093,•ºŒÉŒ§,_ŒËŽs–k‹æ,—é—–‘ä–k’¬‚X’š–Ú,2018-03-21,13,“¹˜Hã,Ž{ù‚¹‚¸,‚È‚µ
Þ“,ŽÔã‚Ë‚ç‚¢,_ŒË–k,—é—–‘ä,281093,•ºŒÉŒ§,_ŒËŽs–k‹æ,—é—–‘ä–k’¬‚X’š–Ú,2018-10-29,20,“¹˜Hã,Ž{ù‚¹‚¸,‚È‚µ
Þ“,ŽÔã‚Ë‚ç‚¢,_ŒË–k,—é—–‘ä,281093,•ºŒÉŒ§,_ŒËŽs–k‹æ,—é—–‘ä“Œ’¬‚S’š–Ú,2018-01-20,18,“¹˜Hã,Ž{ù‚¹‚¸,‚È‚µ
Þ“,ŽÔã‚Ë‚ç‚¢,_ŒË–k,ŽR‚ÌŠX,281093,•ºŒÉŒ§,_ŒËŽs–k‹æ,—Î’¬‚U’š–Ú,2018-07-16,19,“¹˜Hã,Ž{ù‚¹‚¸,‚È‚µ
Þ“,ŽÔã‚Ë‚ç‚¢,_ŒË–k,‚Ð‚æ‚Ç‚è‘ä,281093,•ºŒÉŒ§,_ŒËŽs–k‹æ,‚Ð‚æ‚Ç‚è‘ä“ì’¬‚Q’š–Ú,2018-10-17,12,’“ŽÔi—Öjê,Ž{ù‚¹‚¸,‚È‚µ
Þ“,ŽÔã‚Ë‚ç‚¢,ˆ°‰®,‹Æ•½‹´,282065,•ºŒÉŒ§,ˆ°‰®Žs,ì¼’¬,2018-12-01,20,’“ŽÔi—Öjê,Ž{ù‚¹‚¸,‚ ‚è
Þ“,ŽÔã‚Ë‚ç‚¢,ˆ°‰®,‹Æ•½‹´,282065,•ºŒÉŒ§,ˆ°‰®Žs,’Ã’m’¬,2018-09-26,08,’“ŽÔi—Öjê,Ž{ù‚¹‚¸,‚ ‚è
Þ“,ŽÔã‚Ë‚ç‚¢,ˆ°‰®,‹{ì,282065,•ºŒÉŒ§,ˆ°‰®Žs,“í’¬,2018-03-17,20,’“ŽÔi—Öjê,Ž{ù‚¹‚¸,‚ ‚è
Þ“,ŽÔã‚Ë‚ç‚¢,ˆ°‰®,Šâ‰€,282065,•ºŒÉŒ§,ˆ°‰®Žs,Šâ‰€’¬,2018-11-10,02,“¹˜Hã,Ž{ù‚¹‚¸,‚ ‚è
Þ“,ŽÔã‚Ë‚ç‚¢,ˆ°‰®,•lˆ°‰®,282065,•ºŒÉŒ§,ˆ°‰®Žs,ˆÉ¨’¬,2018-12-01,14,“¹˜Hã,Ž{ù‚¹‚¸,‚ ‚è
Þ“,ŽÔã‚Ë‚ç‚¢,ˆ°‰®,‘Åo,282065,•ºŒÉŒ§,ˆ°‰®Žs,‘Åo’¬,2018-03-17,19,‚»‚Ì‘¼,Ž{ù‚¹‚¸,‚È‚µ
Þ“,ŽÔã‚Ë‚ç‚¢,ˆ°‰®,‚•l,282065,•ºŒÉŒ§,ˆ°‰®Žs,‚•l’¬,2018-06-01,17,’“ŽÔi—Öjê,Ž{ù‚¹‚¸,‚ ‚è
Þ“,ŽÔã‚Ë‚ç‚¢,ˆ°‰®,‚•l,282065,•ºŒÉŒ§,ˆ°‰®Žs,•l•—’¬,2018-02-27,11,“¹˜Hã,Ž{ù‚¹‚¸,‚ ‚è
Þ“,ŽÔã‚Ë‚ç‚¢,ˆ°‰®,“ìˆ°‰®•l,282065,•ºŒÉŒ§,ˆ°‰®Žs,ŠC—m’¬,2018-03-04,16,‚»‚Ì‘¼,Ž{ù‚¹‚¸,‚È‚µ
Þ“,ŽÔã‚Ë‚ç‚¢,¼‹{,ŽDê‹Ø,282049,•ºŒÉŒ§,¼‹{Žs,ŒË“c’¬,2018-03-04,03,“¹˜Hã,Ž{ù‚¹‚¸,‚ ‚è
Þ“,ŽÔã‚Ë‚ç‚¢,¼‹{,ŽDê‹Ø,282049,•ºŒÉŒ§,¼‹{Žs,ŒË“c’¬,2018-08-30,20,’“ŽÔi—Öjê,Ž{ù‚¹‚¸,‚È‚µ
Þ“,ŽÔã‚Ë‚ç‚¢,¼‹{,ŽDê‹Ø,282049,•ºŒÉŒ§,¼‹{Žs,•l’¬,2018-03-24,14,‚SŠKŒš‚ÄˆÈã‹¤“¯Z‘î,Ž{ù‚¹‚¸,‚È‚µ
Þ“,ŽÔã‚Ë‚ç‚¢,¼‹{,ŽDê‹Ø,282049,•ºŒÉŒ§,¼‹{Žs,”nê’¬,2018-01-08,12,“¹˜Hã,Ž{ù‚¹‚¸,‚ ‚è
Þ“,ŽÔã‚Ë‚ç‚¢,¼‹{,ŽDê‹Ø,282049,•ºŒÉŒ§,¼‹{Žs,˜Z’XŽ›’¬,2018-01-19,10,’“ŽÔi—Öjê,Ž{ù‚¹‚¸,‚È‚µ
Þ“,ŽÔã‚Ë‚ç‚¢,¼‹{,ŽDê‹Ø,282049,•ºŒÉŒ§,¼‹{Žs,˜Z’XŽ›’¬,2018-05-03,11,“¹˜Hã,Ž{ù‚¹‚¸,‚È‚µ
Þ“,ŽÔã‚Ë‚ç‚¢,¼‹{,ŽDê‹Ø,282049,•ºŒÉŒ§,¼‹{Žs,˜Z’XŽ›’¬,2018-05-16,16,’“ŽÔi—Öjê,Ž{ù‚¹‚¸,‚È‚µ
Þ“,ŽÔã‚Ë‚ç‚¢,¼‹{,ŽDê‹Ø,282049,•ºŒÉŒ§,¼‹{Žs,˜Z’XŽ›’¬,2018-05-18,18,“¹˜Hã,Ž{ù‚¹‚¸,‚ ‚è
Þ“,ŽÔã‚Ë‚ç‚¢,¼‹{,ŽDê‹Ø,282049,•ºŒÉŒ§,¼‹{Žs,˜Z’XŽ›’¬,2018-05-23,17,‚»‚Ì‘¼,Ž{ù‚¹‚¸,‚È‚µ
Þ“,ŽÔã‚Ë‚ç‚¢,¼‹{,ŽDê‹Ø,282049,•ºŒÉŒ§,¼‹{Žs,˜Z’XŽ›’¬,2018-08-09,15,’“ŽÔi—Öjê,Ž{ù‚¹‚¸,‚È‚µ
Þ“,ŽÔã‚Ë‚ç‚¢,¼‹{,ŽDê‹Ø,282049,•ºŒÉŒ§,¼‹{Žs,˜Z’XŽ›’¬,2018-08-29,14,‚»‚Ì‘¼,Ž{ù‚¹‚¸,‚È‚µ
Þ“,ŽÔã‚Ë‚ç‚¢,¼‹{,ŽDê‹Ø,282049,•ºŒÉŒ§,¼‹{Žs,˜Z’XŽ›’¬,2018-09-04,00,’“ŽÔi—Öjê,Ž{ù‚¹‚¸,‚È‚µ
Þ“,ŽÔã‚Ë‚ç‚¢,¼‹{,Žs’ë,282049,•ºŒÉŒ§,¼‹{Žs,r^’¬,2018-09-05,13,’“ŽÔi—Öjê,Ž{ù‚¹‚¸,‚ ‚è
Þ“,ŽÔã‚Ë‚ç‚¢,¼‹{,Žs’ë,282049,•ºŒÉŒ§,¼‹{Žs,ì“Œ’¬,2018-03-14,11,ˆêŒËŒšZ‘î,Ž{ù‚¹‚¸,‚ ‚è
Þ“,ŽÔã‚Ë‚ç‚¢,¼‹{,Žs’ë,282049,•ºŒÉŒ§,¼‹{Žs,¼‹{•l‚S’š–Ú,2018-03-23,16,‚»‚Ì‘¼,Ž{ù‚¹‚¸,‚ ‚è
Þ“,ŽÔã‚Ë‚ç‚¢,¼‹{,gì‰w‘O,282049,•ºŒÉŒ§,¼‹{Žs,Œä’ƒ‰ÆŠ’¬,2018-02-26,01,’“ŽÔi—Öjê,Ž{ù‚¹‚¸,‚È‚µ
Þ“,ŽÔã‚Ë‚ç‚¢,¼‹{,gì‰w‘O,282049,•ºŒÉŒ§,¼‹{Žs,‹voƒP’J’¬,2018-09-14,22,ˆêŒËŒšZ‘î,Ž{ù‚¹‚¸,‚È‚µ
Þ“,ŽÔã‚Ë‚ç‚¢,¼‹{,b—z‰€,282049,•ºŒÉŒ§,¼‹{Žs,b—z‰€–Ú_ŽR’¬,2018-09-12,17,“¹˜Hã,Ž{ù‚¹‚¸,‚ ‚è
Þ“,ŽÔã‚Ë‚ç‚¢,¼‹{,Žõ,282049,•ºŒÉŒ§,¼‹{Žs,çÎ’¬,2018-05-26,08,’“ŽÔi—Öjê,Ž{ù‚¹‚¸,‚È‚µ
Þ“,ŽÔã‚Ë‚ç‚¢,¼‹{,Â–Ø,282049,•ºŒÉŒ§,¼‹{Žs,‚À’¬,2018-03-23,23,‚»‚Ì‘¼,Ž{ù‚¹‚¸,‚ ‚è
Þ“,ŽÔã‚Ë‚ç‚¢,¼‹{,Â–Ø,282049,•ºŒÉŒ§,¼‹{Žs,L“c’¬,2018-05-29,14,“¹˜Hã,Ž{ù‚¹‚¸,‚ ‚è
Þ“,ŽÔã‚Ë‚ç‚¢,¼‹{,Â–Ø,282049,•ºŒÉŒ§,¼‹{Žs,Žºì’¬,2018-10-04,11,’“ŽÔi—Öjê,Ž{ù‚¹‚¸,‚ ‚è
Þ“,ŽÔã‚Ë‚ç‚¢,¼‹{,ˆ°Œ´,282049,•ºŒÉŒ§,¼‹{Žs,ˆ°Œ´’¬,2018-08-07,11,’“ŽÔi—Öjê,Ž{ù‚¹‚¸,‚È‚µ
Þ“,ŽÔã‚Ë‚ç‚¢,¼‹{,ˆ°Œ´,282049,•ºŒÉŒ§,¼‹{Žs,ˆ°Œ´’¬,2018-11-30,16,’“ŽÔi—Öjê,Ž{ù‚¹‚¸,‚ ‚è
Þ“,ŽÔã‚Ë‚ç‚¢,¼‹{,ˆ°Œ´,282049,•ºŒÉŒ§,¼‹{Žs,¼•Ÿ’¬,2018-08-26,07,’“ŽÔi—Öjê,Ž{ù‚¹‚¸,‚È‚µ
Þ“,ŽÔã‚Ë‚ç‚¢,¼‹{,ˆ°Œ´,282049,•ºŒÉŒ§,¼‹{Žs,’†‘O“c’¬,2018-03-10,19,’“ŽÔi—Öjê,Ž{ù‚¹‚¸,‚È‚µ
Þ“,ŽÔã‚Ë‚ç‚¢,¼‹{,¼‹{‰w‘O,282049,•ºŒÉŒ§,¼‹{Žs,’r“c’¬,2018-02-02,20,“¹˜Hã,Ž{ù‚¹‚¸,‚È‚µ
Þ“,ŽÔã‚Ë‚ç‚¢,¼‹{,¼‹{‰w‘O,282049,•ºŒÉŒ§,¼‹{Žs,’r“c’¬,2018-02-08,09,“¹˜Hã,Ž{ù‚¹‚¸,‚ ‚è
Þ“,ŽÔã‚Ë‚ç‚¢,¼‹{,¼‹{‰w‘O,282049,•ºŒÉŒ§,¼‹{Žs,’r“c’¬,2018-05-12,19,’“ŽÔi—Öjê,Ž{ù‚¹‚¸,‚ ‚è
Þ“,ŽÔã‚Ë‚ç‚¢,¼‹{,¼‹{‰w‘O,282049,•ºŒÉŒ§,¼‹{Žs,’r“c’¬,2018-08-27,14,’“ŽÔi—Öjê,Ž{ù‚¹‚¸,‚È‚µ
Þ“,ŽÔã‚Ë‚ç‚¢,¼‹{,¼‹{‰w‘O,282049,•ºŒÉŒ§,¼‹{Žs,’r“c’¬,2018-08-31,07,’“ŽÔi—Öjê,Ž{ù‚¹‚¸,‚È‚µ
Þ“,ŽÔã‚Ë‚ç‚¢,¼‹{,¼‹{‰w‘O,282049,•ºŒÉŒ§,¼‹{Žs,’r“c’¬,2018-09-03,07,’“ŽÔi—Öjê,Ž{ù‚¹‚¸,‚È‚µ
Þ“,ŽÔã‚Ë‚ç‚¢,¼‹{,¼‹{‰w‘O,282049,•ºŒÉŒ§,¼‹{Žs,’Ã–å‘å‰Ó’¬,2018-08-30,01,“¹˜Hã,Ž{ù‚¹‚¸,‚È‚µ
Þ“,ŽÔã‚Ë‚ç‚¢,¼‹{,¡’Ã‰w‘O,282049,•ºŒÉŒ§,¼‹{Žs,¡’ÃŒ’¬,2018-01-15,13,’“ŽÔi—Öjê,Ž{ù‚¹‚¸,‚È‚µ
Þ“,ŽÔã‚Ë‚ç‚¢,¼‹{,¡’Ã‰w‘O,282049,•ºŒÉŒ§,¼‹{Žs,¡’ÃŒ’¬,2018-02-24,08,“¹˜Hã,Ž{ù‚¹‚¸,‚ ‚è
Þ“,ŽÔã‚Ë‚ç‚¢,¼‹{,¡’Ã‰w‘O,282049,•ºŒÉŒ§,¼‹{Žs,¡’Ã…”g’¬,2018-05-20,16,“¹˜Hã,Ž{ù‚¹‚¸,‚ ‚è
Þ“,ŽÔã‚Ë‚ç‚¢,¼‹{,¡’Ã‰w‘O,282049,•ºŒÉŒ§,¼‹{Žs,’Ã–åŒà‰H’¬,2018-08-18,03,’“ŽÔi—Öjê,Ž{ù‚¹‚¸,‚È‚µ
Þ“,ŽÔã‚Ë‚ç‚¢,¼‹{,ŽÐ‘O,282049,•ºŒÉŒ§,¼‹{Žs,¡’Ã‘å“Œ’¬,2018-03-28,02,ˆêŒËŒšZ‘î,Ž{ù‚¹‚¸,‚ ‚è
Þ“,ŽÔã‚Ë‚ç‚¢,¼‹{,ŽÐ‘O,282049,•ºŒÉŒ§,¼‹{Žs,¡’ÃŽÐ‘O’¬,2018-04-07,10,“¹˜Hã,Ž{ù‚¹‚¸,‚ ‚è
Þ“,ŽÔã‚Ë‚ç‚¢,¼‹{,ŽÐ‘O,282049,•ºŒÉŒ§,¼‹{Žs,¡’ÃŽÐ‘O’¬,2018-05-09,12,‚»‚Ì‘¼,Ž{ù‚¹‚¸,‚È‚µ
Þ“,ŽÔã‚Ë‚ç‚¢,¼‹{,ŽÐ‘O,282049,•ºŒÉŒ§,¼‹{Žs,¡’Ã’F’¬,2018-05-23,19,’“ŽÔi—Öjê,Ž{ù‚¹‚¸,‚È‚µ
Þ“,ŽÔã‚Ë‚ç‚¢,¼‹{,ŽÐ‘O,282049,•ºŒÉŒ§,¼‹{Žs,¡’ÃoÝ‰Æ’¬,2018-02-19,08,‚»‚Ì‘¼,Ž{ù‚¹‚¸,‚È‚µ
Þ“,ŽÔã‚Ë‚ç‚¢,¼‹{,ŽÐ‘O,282049,•ºŒÉŒ§,¼‹{Žs,¡’ÃoÝ‰Æ’¬,2018-04-15,08,‚»‚Ì‘¼,Ž{ù‚¹‚¸,‚ ‚è
Þ“,ŽÔã‚Ë‚ç‚¢,¼‹{,ŽÐ‘O,282049,•ºŒÉŒ§,¼‹{Žs,’Ã–åZ]’¬,2018-08-19,01,“¹˜Hã,Ž{ù‚¹‚¸,‚È‚µ
Þ“,ŽÔã‚Ë‚ç‚¢,¼‹{,ŽÐ‘O,282049,•ºŒÉŒ§,¼‹{Žs,’Ã–åZ]’¬,2018-09-25,21,‚»‚Ì‘¼,Ž{ù‚¹‚¸,‚ ‚è
Þ“,ŽÔã‚Ë‚ç‚¢,¼‹{,ŽÐ‘O,282049,•ºŒÉŒ§,¼‹{Žs,’Ã–åZ]’¬,2018-11-25,09,‚»‚Ì‘¼,Ž{ù‚¹‚¸,‚ ‚è
Þ“,ŽÔã‚Ë‚ç‚¢,¼‹{,ŽÐ‘O,282049,•ºŒÉŒ§,¼‹{Žs,•l¼Œ´’¬,2018-01-12,18,’“ŽÔi—Öjê,Ž{ù‚¹‚¸,‚È‚µ
Þ“,ŽÔã‚Ë‚ç‚¢,¼‹{,ŽÐ‘O,282049,•ºŒÉŒ§,¼‹{Žs,•l¼Œ´’¬,2018-09-29,17,‚»‚Ì‘¼,Ž{ù‚¹‚¸,‚È‚µ
Þ“,ŽÔã‚Ë‚ç‚¢,¼‹{,ŽÐ‘O,282049,•ºŒÉŒ§,¼‹{Žs,“Œ’¬‚P’š–Ú,2017-11-25,08,“¹˜Hã,Ž{ù‚¹‚¸,‚È‚µ
Þ“,ŽÔã‚Ë‚ç‚¢,¼‹{,ŽÐ‘O,282049,•ºŒÉŒ§,¼‹{Žs,“Œ’¬‚P’š–Ú,2018-05-20,08,“¹˜Hã,Ž{ù‚¹‚¸,‚È‚µ
Þ“,ŽÔã‚Ë‚ç‚¢,¼‹{,ŽÐ‘O,282049,•ºŒÉŒ§,¼‹{Žs,—pŠC’¬,2018-04-17,11,“¹˜Hã,Ž{ù‚¹‚¸,‚È‚µ
Þ“,ŽÔã‚Ë‚ç‚¢,¼‹{,¼‹{’†‰›,282049,•ºŒÉŒ§,¼‹{Žs,–kŒû’¬,2018-06-17,09,“¹˜Hã,Ž{ù‚¹‚¸,‚ ‚è
Þ“,ŽÔã‚Ë‚ç‚¢,¼‹{,¼‹{’†‰›,282049,•ºŒÉŒ§,¼‹{Žs,–kŒû’¬,2018-07-02,09,‚»‚Ì‘¼,Ž{ù‚¹‚¸,‚ ‚è
Þ“,ŽÔã‚Ë‚ç‚¢,¼‹{,¼‹{’†‰›,282049,•ºŒÉŒ§,¼‹{Žs,–kŒû’¬,2018-09-11,09,’“ŽÔi—Öjê,Ž{ù‚¹‚¸,‚ ‚è
Þ“,ŽÔã‚Ë‚ç‚¢,¼‹{,¼‹{’†‰›,282049,•ºŒÉŒ§,¼‹{Žs,–kŒû’¬,2018-10-11,07,‚»‚Ì‘¼,Ž{ù‚¹‚¸,‚È‚µ
Þ“,ŽÔã‚Ë‚ç‚¢,¼‹{,¼‹{’†‰›,282049,•ºŒÉŒ§,¼‹{Žs,‚–Ø¼’¬,2018-07-06,17,‚»‚Ì‘¼,Ž{ù‚¹‚¸,‚È‚µ
Þ“,ŽÔã‚Ë‚ç‚¢,¼‹{,¼‹{’†‰›,282049,•ºŒÉŒ§,¼‹{Žs,‚¼’¬,2018-02-21,18,’“ŽÔi—Öjê,Ž{ù‚¹‚¸,‚È‚µ
Þ“,ŽÔã‚Ë‚ç‚¢,¼‹{,¼‹{’†‰›,282049,•ºŒÉŒ§,¼‹{Žs,‚¼’¬,2018-03-01,14,’“ŽÔi—Öjê,Ž{ù‚¹‚¸,‚È‚µ
Þ“,ŽÔã‚Ë‚ç‚¢,¼‹{,¼‹{’†‰›,282049,•ºŒÉŒ§,¼‹{Žs,‚¼’¬,2018-05-27,19,’“ŽÔi—Öjê,Ž{ù‚¹‚¸,‚È‚µ
Þ“,ŽÔã‚Ë‚ç‚¢,¼‹{,¼‹{’†‰›,282049,•ºŒÉŒ§,¼‹{Žs,‚¼’¬,2018-08-31,20,’“ŽÔi—Öjê,Ž{ù‚¹‚¸,‚È‚µ
Þ“,ŽÔã‚Ë‚ç‚¢,¼‹{,¼‹{’†‰›,282049,•ºŒÉŒ§,¼‹{Žs,‚¼’¬,2018-09-01,16,’“ŽÔi—Öjê,Ž{ù‚¹‚¸,‚È‚µ
Þ“,ŽÔã‚Ë‚ç‚¢,¼‹{,¼‹{’†‰›,282049,•ºŒÉŒ§,¼‹{Žs,‚¼’¬,2018-09-06,16,’“ŽÔi—Öjê,Ž{ù‚¹‚¸,‚È‚µ
Þ“,ŽÔã‚Ë‚ç‚¢,¼‹{,¼‹{’†‰›,282049,•ºŒÉŒ§,¼‹{Žs,‚¼’¬,2018-09-08,10,’“ŽÔi—Öjê,Ž{ù‚¹‚¸,‚È‚µ
Þ“,ŽÔã‚Ë‚ç‚¢,¼‹{,¼‹{’†‰›,282049,•ºŒÉŒ§,¼‹{Žs,‚¼’¬,2018-09-09,20,’“ŽÔi—Öjê,Ž{ù‚¹‚¸,‚È‚µ
Þ“,ŽÔã‚Ë‚ç‚¢,¼‹{,¼‹{’†‰›,282049,•ºŒÉŒ§,¼‹{Žs,‚¼’¬,2018-09-10,17,’“ŽÔi—Öjê,Ž{ù‚¹‚¸,‚È‚µ
Þ“,ŽÔã‚Ë‚ç‚¢,¼‹{,¼‹{’†‰›,282049,•ºŒÉŒ§,¼‹{Žs,‚¼’¬,2018-09-16,09,’“ŽÔi—Öjê,Ž{ù‚¹‚¸,‚È‚µ
Þ“,ŽÔã‚Ë‚ç‚¢,¼‹{,¼‹{’†‰›,282049,•ºŒÉŒ§,¼‹{Žs,’·“c’¬,2018-08-23,14,’“ŽÔi—Öjê,Ž{ù‚¹‚¸,‚ ‚è
Þ“,ŽÔã‚Ë‚ç‚¢,¼‹{,–kŒû¼,282049,•ºŒÉŒ§,¼‹{Žs,‘å”¨’¬,2018-11-07,00,’“ŽÔi—Öjê,Ž{ù‚¹‚¸,‚ ‚è
Þ“,ŽÔã‚Ë‚ç‚¢,¼‹{,“ñŒ©,282049,•ºŒÉŒ§,¼‹{Žs,‘å‰®’¬,2018-11-22,20,‚»‚Ì‘¼,Ž{ù‚¹‚¸,‚È‚µ
Þ“,ŽÔã‚Ë‚ç‚¢,¼‹{,“ñŒ©,282049,•ºŒÉŒ§,¼‹{Žs,ŒF–ì’¬,2018-12-02,08,’“ŽÔi—Öjê,Ž{ù‚¹‚¸,‚ ‚è
Þ“,ŽÔã‚Ë‚ç‚¢,¼‹{,“ñŒ©,282049,•ºŒÉŒ§,¼‹{Žs,bŽq‰€Œû–k’¬,2018-07-06,13,“¹˜Hã,Ž{ù‚¹‚¸,‚ ‚è
Þ“,ŽÔã‚Ë‚ç‚¢,¼‹{,ã”V’¬,282049,•ºŒÉŒ§,¼‹{Žs,r–Ø’¬,2018-05-08,11,“¹˜Hã,Ž{ù‚¹‚¸,‚ ‚è
Þ“,ŽÔã‚Ë‚ç‚¢,¼‹{,ã”V’¬,282049,•ºŒÉŒ§,¼‹{Žs,‘å“‡’¬,2018-06-12,17,“¹˜Hã,Ž{ù‚¹‚¸,‚ ‚è
Þ“,ŽÔã‚Ë‚ç‚¢,¼‹{,ã”V’¬,282049,•ºŒÉŒ§,¼‹{Žs,–òŽt’¬,2018-03-06,09,ˆêŒËŒšZ‘î,Ž{ù‚¹‚¸,‚ ‚è
Þ“,ŽÔã‚Ë‚ç‚¢,¼‹{,ã”V’¬,282049,•ºŒÉŒ§,¼‹{Žs,–òŽt’¬,2018-10-18,18,‚»‚Ì‘¼,Ž{ù‚¹‚¸,‚ ‚è
Þ“,ŽÔã‚Ë‚ç‚¢,¼‹{,–åŒË,282049,•ºŒÉŒ§,¼‹{Žs,—Ñ“c’¬,2018-08-04,09,’“ŽÔi—Öjê,Ž{ù‚¹‚¸,‚È‚µ
Þ“,ŽÔã‚Ë‚ç‚¢,¼‹{,–åŒË,282049,•ºŒÉŒ§,¼‹{Žs,—Ñ“c’¬,2018-12-18,17,’“ŽÔi—Öjê,Ž{ù‚¹‚¸,‚È‚µ
Þ“,ŽÔã‚Ë‚ç‚¢,¼‹{,–åŒË,282049,•ºŒÉŒ§,¼‹{Žs,ŠÛ‹´’¬,2018-04-19,11,“¹˜Hã,Ž{ù‚¹‚¸,‚ ‚è
Þ“,ŽÔã‚Ë‚ç‚¢,¼‹{,–åŒË,282049,•ºŒÉŒ§,¼‹{Žs,–åŒË‘‘,2018-04-08,19,“¹˜Hã,Ž{ù‚¹‚¸,‚È‚µ
Þ“,ŽÔã‚Ë‚ç‚¢,¼‹{,b•‹´,282049,•ºŒÉŒ§,¼‹{Žs,ˆê—¢ŽR’¬,2018-10-05,08,“¹˜Hã,Ž{ù‚¹‚¸,‚ ‚è
Þ“,ŽÔã‚Ë‚ç‚¢,¼‹{,b•‹´,282049,•ºŒÉŒ§,¼‹{Žs,”óƒmŒû’¬‚Q’š–Ú,2018-05-12,13,‚»‚Ì‘¼‚ÌZ‘îi‚RŠKŒš‚ÄˆÈ‰º‹¤“¯Z‘î“™j,Ž{ù‚¹‚¸,‚ ‚è
Þ“,ŽÔã‚Ë‚ç‚¢,¼‹{,b“Œ‰€,282049,•ºŒÉŒ§,¼‹{Žs,ã‘åŽs‚P’š–Ú,2018-05-29,16,“¹˜Hã,Ž{ù‚¹‚¸,‚ ‚è
Þ“,ŽÔã‚Ë‚ç‚¢,¼‹{,b“Œ‰€,282049,•ºŒÉŒ§,¼‹{Žs,ã‘åŽs‚Q’š–Ú,2018-07-30,13,ˆêŒËŒšZ‘î,Ž{ù‚¹‚¸,‚ ‚è
Þ“,ŽÔã‚Ë‚ç‚¢,¼‹{,b“Œ‰€,282049,•ºŒÉŒ§,¼‹{Žs,ã‘åŽs‚R’š–Ú,2018-09-05,21,“¹˜Hã,Ž{ù‚¹‚¸,‚ ‚è
Þ“,ŽÔã‚Ë‚ç‚¢,¼‹{,ãƒ–Œ´,282049,•ºŒÉŒ§,¼‹{Žs,mì•S‡–ì’¬,2018-10-11,08,‚»‚Ì‘¼,Ž{ù‚¹‚¸,‚ ‚è
Þ“,ŽÔã‚Ë‚ç‚¢,bŽq‰€,–{‹½,282049,•ºŒÉŒ§,¼‹{Žs,’rŠJ’¬,2018-02-01,22,’“ŽÔi—Öjê,Ž{ù‚¹‚¸,‚È‚µ
Þ“,ŽÔã‚Ë‚ç‚¢,bŽq‰€,–{‹½,282049,•ºŒÉŒ§,¼‹{Žs,’rŠJ’¬,2018-09-30,01,“¹˜Hã,Ž{ù‚¹‚¸,‚ ‚è
Þ“,ŽÔã‚Ë‚ç‚¢,bŽq‰€,–{‹½,282049,•ºŒÉŒ§,¼‹{Žs,bŽq‰€”ª”Ô’¬,2018-12-25,17,’“ŽÔi—Öjê,Ž{ù‚¹‚¸,‚È‚µ
Þ“,ŽÔã‚Ë‚ç‚¢,bŽq‰€,–{‹½,282049,•ºŒÉŒ§,¼‹{Žs,•ŒÉì’¬,2018-01-30,16,’“ŽÔi—Öjê,Ž{ù‚¹‚¸,‚È‚µ
Þ“,ŽÔã‚Ë‚ç‚¢,bŽq‰€,¬¼,282049,•ºŒÉŒ§,¼‹{Žs,¬¼¼’¬‚Q’š–Ú,2018-10-15,20,“¹˜Hã,Ž{ù‚¹‚¸,‚ ‚è
Þ“,ŽÔã‚Ë‚ç‚¢,bŽq‰€,¬¼,282049,•ºŒÉŒ§,¼‹{Žs,—¢’†’¬‚Q’š–Ú,2018-03-11,11,“¹˜Hã,Ž{ù‚¹‚¸,‚ ‚è
Þ“,ŽÔã‚Ë‚ç‚¢,bŽq‰€,¬¼,282049,•ºŒÉŒ§,¼‹{Žs,—¢’†’¬‚Q’š–Ú,2018-03-18,17,’“ŽÔi—Öjê,Ž{ù‚¹‚¸,‚ ‚è
Þ“,ŽÔã‚Ë‚ç‚¢,bŽq‰€,¬¼,282049,•ºŒÉŒ§,¼‹{Žs,—¢’†’¬‚R’š–Ú,2018-11-03,20,’“ŽÔi—Öjê,Ž{ù‚¹‚¸,‚ ‚è
Þ“,ŽÔã‚Ë‚ç‚¢,bŽq‰€,Ž}ì,282049,•ºŒÉŒ§,¼‹{Žs,Ž}ì’¬,2018-08-12,22,‚»‚Ì‘¼,Ž{ù‚¹‚¸,‚ ‚è
Þ“,ŽÔã‚Ë‚ç‚¢,bŽq‰€,’†’Ã,282049,•ºŒÉŒ§,¼‹{Žs,ã“c¼’¬,2018-10-22,10,“¹˜Hã,Ž{ù‚¹‚¸,‚È‚µ
Þ“,ŽÔã‚Ë‚ç‚¢,bŽq‰€,’†’Ã,282049,•ºŒÉŒ§,¼‹{Žs,bŽq‰€–Ôˆø’¬,2018-10-18,18,“¹˜Hã,Ž{ù‚¹‚¸,‚ ‚è
Þ“,ŽÔã‚Ë‚ç‚¢,bŽq‰€,’†’Ã,282049,•ºŒÉŒ§,¼‹{Žs,bŽq‰€‹ã”Ô’¬,2018-06-23,12,’“ŽÔi—Öjê,Ž{ù‚¹‚¸,‚È‚µ
Þ“,ŽÔã‚Ë‚ç‚¢,bŽq‰€,’†’Ã,282049,•ºŒÉŒ§,¼‹{Žs,bŽq‰€F’¹’¬,2018-03-14,11,“¹˜Hã,Ž{ù‚¹‚¸,‚È‚µ
Þ“,ŽÔã‚Ë‚ç‚¢,bŽq‰€,’†’Ã,282049,•ºŒÉŒ§,¼‹{Žs,bŽq‰€‚’ª’¬,2018-06-07,12,’“ŽÔi—Öjê,Ž{ù‚¹‚¸,‚ ‚è
Þ“,ŽÔã‚Ë‚ç‚¢,bŽq‰€,’†’Ã,282049,•ºŒÉŒ§,¼‹{Žs,bŽq‰€’¬,2018-09-24,22,“¹˜Hã,Ž{ù‚¹‚¸,‚È‚µ
Þ“,ŽÔã‚Ë‚ç‚¢,bŽq‰€,’†’Ã,282049,•ºŒÉŒ§,¼‹{Žs,•lbŽq‰€‚R’š–Ú,2018-06-09,16,‚»‚Ì‘¼,Ž{ù‚¹‚¸,‚È‚µ
Þ“,ŽÔã‚Ë‚ç‚¢,bŽq‰€,’†’Ã,282049,•ºŒÉŒ§,¼‹{Žs,bŽq‰€•l‚P’š–Ú,2018-01-15,20,’“ŽÔi—Öjê,Ž{ù‚¹‚¸,‚ ‚è
Þ“,ŽÔã‚Ë‚ç‚¢,bŽq‰€,’†’Ã,282049,•ºŒÉŒ§,¼‹{Žs,bŽq‰€•l‚Q’š–Ú,2018-03-16,15,‚»‚Ì‘¼,Ž{ù‚¹‚¸,‚ ‚è
Þ“,ŽÔã‚Ë‚ç‚¢,bŽq‰€,‰Y•—,282049,•ºŒÉŒ§,¼‹{Žs,bŽq‰€t•—’¬,2018-05-12,06,“¹˜Hã,Ž{ù‚¹‚¸,‚ ‚è
Þ“,ŽÔã‚Ë‚ç‚¢,bŽq‰€,‰Y•—,282049,•ºŒÉŒ§,¼‹{Žs,bŽq‰€ŽO•Û’¬,2018-04-13,15,“¹˜Hã,Ž{ù‚¹‚¸,‚ ‚è
Þ“,ŽÔã‚Ë‚ç‚¢,bŽq‰€,‰Y•—,282049,•ºŒÉŒ§,¼‹{Žs,bŽq‰€˜Z”Ô’¬,2018-04-01,12,“¹˜Hã,Ž{ù‚¹‚¸,‚ ‚è
Þ“,ŽÔã‚Ë‚ç‚¢,bŽq‰€,ãbŽq‰€,282049,•ºŒÉŒ§,¼‹{Žs,ãbŽq‰€‚R’š–Ú,2018-03-12,16,ˆêŒËŒšZ‘î,Ž{ù‚¹‚¸,‚ ‚è
Þ“,ŽÔã‚Ë‚ç‚¢,bŽq‰€,ãbŽq‰€,282049,•ºŒÉŒ§,¼‹{Žs,bŽq‰€ŽO”Ô’¬,2018-03-25,13,“¹˜Hã,Ž{ù‚¹‚¸,‚ ‚è
Þ“,ŽÔã‚Ë‚ç‚¢,bŽq‰€,ãbŽq‰€,282049,•ºŒÉŒ§,¼‹{Žs,bŽq‰€Œû‚Q’š–Ú,2018-09-20,00,“¹˜Hã,Ž{ù‚¹‚¸,‚ ‚è
Þ“,ŽÔã‚Ë‚ç‚¢,bŽq‰€,‚{,282049,•ºŒÉŒ§,¼‹{Žs,ã“c¼’¬,2018-03-09,19,’“ŽÔi—Öjê,Ž{ù‚¹‚¸,‚È‚µ
Þ“,ŽÔã‚Ë‚ç‚¢,bŽq‰€,‚{,282049,•ºŒÉŒ§,¼‹{Žs,Š}‰®’¬,2018-05-03,14,‚SŠKŒš‚ÄˆÈã‹¤“¯Z‘î,Ž{ù‚¹‚¸,‚ ‚è
Þ“,ŽÔã‚Ë‚ç‚¢,bŽq‰€,‚{,282049,•ºŒÉŒ§,¼‹{Žs,‚{’¬‚P’š–Ú,2018-08-09,09,‚SŠKŒš‚ÄˆÈã‹¤“¯Z‘î,Ž{ù‚¹‚¸,‚ ‚è
Þ“,ŽÔã‚Ë‚ç‚¢,bŽq‰€,‚{,282049,•ºŒÉŒ§,¼‹{Žs,‚{’¬‚P’š–Ú,2018-08-28,16,“¹˜Hã,Ž{ù‚¹‚¸,‚È‚µ
Þ“,ŽÔã‚Ë‚ç‚¢,bŽq‰€,‚{,282049,•ºŒÉŒ§,¼‹{Žs,‚{’¬‚Q’š–Ú,2018-01-29,17,’“ŽÔi—Öjê,Ž{ù‚¹‚¸,‚È‚µ
Þ“,ŽÔã‚Ë‚ç‚¢,bŽq‰€,‚{,282049,•ºŒÉŒ§,¼‹{Žs,–Â”ö•l‚P’š–Ú,2018-09-11,18,’“ŽÔi—Öjê,Ž{ù‚¹‚¸,‚È‚µ
Þ“,ŽÔã‚Ë‚ç‚¢,bŽq‰€,‚{,282049,•ºŒÉŒ§,¼‹{Žs,–Â”ö•l‚P’š–Ú,2018-10-02,17,‚»‚Ì‘¼,Ž{ù‚¹‚¸,‚ ‚è
Þ“,ŽÔã‚Ë‚ç‚¢,“òè“ì,“Œ“ï”g,282022,•ºŒÉŒ§,“òèŽs,“Œ“ï”g’¬‚S’š–Ú,2018-11-02,23,’“ŽÔi—Öjê,Ž{ù‚¹‚¸,‚ ‚è
Þ“,ŽÔã‚Ë‚ç‚¢,“òè“ì,“Œ“ï”g,282022,•ºŒÉŒ§,“òèŽs,“Œ“ï”g’¬‚T’š–Ú,2017-12-31,10,’“ŽÔi—Öjê,Ž{ù‚¹‚¸,‚È‚µ
Þ“,ŽÔã‚Ë‚ç‚¢,“òè“ì,“Œ“ï”g,282022,•ºŒÉŒ§,“òèŽs,“Œ“ï”g’¬‚T’š–Ú,2018-06-06,09,“¹˜Hã,Ž{ù‚¹‚¸,‚È‚µ
Þ“,ŽÔã‚Ë‚ç‚¢,“òè“ì,¼“ï”g,282022,•ºŒÉŒ§,“òèŽs,ˆî—t‘‘‚Q’š–Ú,2018-01-10,15,’“ŽÔi—Öjê,Ž{ù‚¹‚¸,‚ ‚è
Þ“,ŽÔã‚Ë‚ç‚¢,“òè“ì,¼“ï”g,282022,•ºŒÉŒ§,“òèŽs,“Œ“ï”g’¬‚Q’š–Ú,2018-12-13,18,’“ŽÔi—Öjê,Ž{ù‚¹‚¸,‚È‚µ
Þ“,ŽÔã‚Ë‚ç‚¢,“òè“ì,¼“ï”g,282022,•ºŒÉŒ§,“òèŽs,“Œ“ï”g’¬‚R’š–Ú,2018-07-18,08,’“ŽÔi—Öjê,Ž{ù‚¹‚¸,‚ ‚è
Þ“,ŽÔã‚Ë‚ç‚¢,“òè“ì,º˜a’Ê,282022,•ºŒÉŒ§,“òèŽs,_“c–k’Ê‚U’š–Ú,2018-02-21,21,“¹˜Hã,Ž{ù‚¹‚¸,‚ ‚è
Þ“,ŽÔã‚Ë‚ç‚¢,“òè“ì,º˜a’Ê,282022,•ºŒÉŒ§,“òèŽs,º˜a’Ê‚U’š–Ú,2018-03-08,01,“¹˜Hã,Ž{ù‚¹‚¸,‚È‚µ
Þ“,ŽÔã‚Ë‚ç‚¢,“òè“ì,º˜a’Ê,282022,•ºŒÉŒ§,“òèŽs,Œš‰Æ’¬,2018-11-10,13,“¹˜Hã,Ž{ù‚¹‚¸,‚ ‚è
Þ“,ŽÔã‚Ë‚ç‚¢,“òè“ì,º˜a’Ê,282022,•ºŒÉŒ§,“òèŽs,“Œ“ï”g’¬‚T’š–Ú,2018-10-21,17,“¹˜Hã,Ž{ù‚¹‚¸,‚ ‚è
Þ“,ŽÔã‚Ë‚ç‚¢,“òè“ì,’|’J,282022,•ºŒÉŒ§,“òèŽs,º˜a’Ê‚X’š–Ú,2018-05-30,00,“¹˜Hã,Ž{ù‚¹‚¸,‚ ‚è
Þ“,ŽÔã‚Ë‚ç‚¢,“òè“ì,’|’J,282022,•ºŒÉŒ§,“òèŽs,¼–{’¬‚W’š–Ú,2018-06-03,07,’“ŽÔi—Öjê,Ž{ù‚¹‚¸,‚È‚µ
Þ“,ŽÔã‚Ë‚ç‚¢,“òè“ì,o‰®•~,282022,•ºŒÉŒ§,“òèŽs,Ž¬’¬,2018-03-19,15,“¹˜Hã,Ž{ù‚¹‚¸,‚ ‚è
Þ“,ŽÔã‚Ë‚ç‚¢,“òè“ì,o‰®•~,282022,•ºŒÉŒ§,“òèŽs,’|’J’¬‚Q’š–Ú,2018-07-01,21,’“ŽÔi—Öjê,Ž{ù‚¹‚¸,‚È‚µ
Þ“,ŽÔã‚Ë‚ç‚¢,“òè“ì,o‰®•~,282022,•ºŒÉŒ§,“òèŽs,“ì’|’J’¬‚R’š–Ú,2018-08-01,17,’“ŽÔi—Öjê,Ž{ù‚¹‚¸,‚ ‚è
Þ“,ŽÔã‚Ë‚ç‚¢,“òè“ì,’†‰›,282022,•ºŒÉŒ§,“òèŽs,ŠJ–¾’¬‚Q’š–Ú,2018-09-06,00,’“ŽÔi—Öjê,Ž{ù‚¹‚¸,‚ ‚è
Þ“,ŽÔã‚Ë‚ç‚¢,“òè“ì,’†‰›,282022,•ºŒÉŒ§,“òèŽs,ŠJ–¾’¬‚R’š–Ú,2018-02-23,20,’“ŽÔi—Öjê,Ž{ù‚¹‚¸,‚È‚µ
Þ“,ŽÔã‚Ë‚ç‚¢,“òè“ì,’†‰›,282022,•ºŒÉŒ§,“òèŽs,_“c–k’Ê‚P’š–Ú,2018-02-12,06,“¹˜Hã,Ž{ù‚¹‚¸,‚ ‚è
Þ“,ŽÔã‚Ë‚ç‚¢,“òè“ì,’†‰›,282022,•ºŒÉŒ§,“òèŽs,_“c–k’Ê‚P’š–Ú,2018-02-21,19,“¹˜Hã,Ž{ù‚¹‚¸,‚ ‚è
Þ“,ŽÔã‚Ë‚ç‚¢,“òè“ì,’†‰›,282022,•ºŒÉŒ§,“òèŽs,_“c’†’Ê‚R’š–Ú,2018-02-07,17,“¹˜Hã,Ž{ù‚¹‚¸,‚ ‚è
Þ“,ŽÔã‚Ë‚ç‚¢,“òè“ì,’†‰›,282022,•ºŒÉŒ§,“òèŽs,_“c’†’Ê‚R’š–Ú,2018-12-21,16,“¹˜Hã,Ž{ù‚¹‚¸,‚ ‚è
Þ“,ŽÔã‚Ë‚ç‚¢,“òè“ì,’†‰›,282022,•ºŒÉŒ§,“òèŽs,_“c’†’Ê‚S’š–Ú,2018-02-06,12,“¹˜Hã,Ž{ù‚¹‚¸,‚ ‚è
Þ“,ŽÔã‚Ë‚ç‚¢,“òè“ì,’†‰›,282022,•ºŒÉŒ§,“òèŽs,_“c’†’Ê‚S’š–Ú,2018-05-06,12,“¹˜Hã,Ž{ù‚¹‚¸,‚ ‚è
Þ“,ŽÔã‚Ë‚ç‚¢,“òè“ì,’†‰›,282022,•ºŒÉŒ§,“òèŽs,_“c’†’Ê‚S’š–Ú,2018-06-21,21,“¹˜Hã,Ž{ù‚¹‚¸,‚È‚µ
Þ“,ŽÔã‚Ë‚ç‚¢,“òè“ì,’†‰›,282022,•ºŒÉŒ§,“òèŽs,º˜a’Ê‚Q’š–Ú,2018-05-29,21,’“ŽÔi—Öjê,Ž{ù‚¹‚¸,‚ ‚è
Þ“,ŽÔã‚Ë‚ç‚¢,“òè“ì,’†‰›,282022,•ºŒÉŒ§,“òèŽs,º˜a“ì’Ê‚R’š–Ú,2018-06-18,14,’“ŽÔi—Öjê,Ž{ù‚¹‚¸,‚ ‚è
Þ“,ŽÔã‚Ë‚ç‚¢,“òè“ì,’†‰›,282022,•ºŒÉŒ§,“òèŽs,¼–{’¬‚Q’š–Ú,2018-12-11,06,’“ŽÔi—Öjê,Ž{ù‚¹‚¸,‚È‚µ
Þ“,ŽÔã‚Ë‚ç‚¢,“òè“ì,’†‰›,282022,•ºŒÉŒ§,“òèŽs,Œä‰€’¬,2018-07-29,22,“¹˜Hã,Ž{ù‚¹‚¸,‚ ‚è
Þ“,ŽÔã‚Ë‚ç‚¢,“òè“ì,‘å•¨,282022,•ºŒÉŒ§,“òèŽs,º˜a“ì’Ê‚S’š–Ú,2018-12-06,21,“¹˜Hã,Ž{ù‚¹‚¸,‚È‚µ
Þ“,ŽÔã‚Ë‚ç‚¢,“òè“ì,‘å•¨,282022,•ºŒÉŒ§,“òèŽs,‘å•¨’¬‚Q’š–Ú,2018-02-07,19,“¹˜Hã,Ž{ù‚¹‚¸,‚ ‚è
Þ“,ŽÔã‚Ë‚ç‚¢,“òè“ì,‘å“‡,282022,•ºŒÉŒ§,“òèŽs,ˆî—t‘‘‚P’š–Ú,2018-02-20,18,‚»‚Ì‘¼,Ž{ù‚¹‚¸,‚È‚µ
Þ“,ŽÔã‚Ë‚ç‚¢,“òè“ì,‘å“‡,282022,•ºŒÉŒ§,“òèŽs,ˆî—t‘‘‚P’š–Ú,2018-03-01,16,‚»‚Ì‘¼,Ž{ù‚¹‚¸,‚ ‚è
Þ“,ŽÔã‚Ë‚ç‚¢,“òè“ì,‘å“‡,282022,•ºŒÉŒ§,“òèŽs,ˆî—t‘‘‚P’š–Ú,2018-05-12,17,“¹˜Hã,Ž{ù‚¹‚¸,‚È‚µ
Þ“,ŽÔã‚Ë‚ç‚¢,“òè“ì,‘å“‡,282022,•ºŒÉŒ§,“òèŽs,ˆî—t‘‘‚Q’š–Ú,2018-02-25,00,ˆêŒËŒšZ‘î,Ž{ù‚¹‚¸,‚È‚µ
Þ“,ŽÔã‚Ë‚ç‚¢,“òè“ì,‘å“‡,282022,•ºŒÉŒ§,“òèŽs,¼‘å•¨’¬,2018-01-31,18,“¹˜Hã,Ž{ù‚¹‚¸,‚ ‚è
Þ“,ŽÔã‚Ë‚ç‚¢,“òè“ì,‘å“‡,282022,•ºŒÉŒ§,“òèŽs,•l“c’¬‚R’š–Ú,2018-07-23,17,’“ŽÔi—Öjê,Ž{ù‚¹‚¸,‚ ‚è
Þ“,ŽÔã‚Ë‚ç‚¢,“òè“ì,‘å“‡,282022,•ºŒÉŒ§,“òèŽs,•l“c’¬‚S’š–Ú,2018-07-17,16,‚»‚Ì‘¼,Ž{ù‚¹‚¸,‚ ‚è
Þ“,ŽÔã‚Ë‚ç‚¢,“òè“ì,‘å“‡,282022,•ºŒÉŒ§,“òèŽs,‘å¯–k‚P’š–Ú,2018-06-14,17,ˆêŒËŒšZ‘î,Ž{ù‚¹‚¸,‚ ‚è
Þ“,ŽÔã‚Ë‚ç‚¢,“òè“ì,‘å“‡,282022,•ºŒÉŒ§,“òèŽs,‘å¯–k‚Q’š–Ú,2018-06-04,04,“¹˜Hã,Ž{ù‚¹‚¸,‚È‚µ
Þ“,ŽÔã‚Ë‚ç‚¢,“òè“ì,‘å“‡,282022,•ºŒÉŒ§,“òèŽs,‘å¯–k‚R’š–Ú,2014-07-17,19,“¹˜Hã,Ž{ù‚¹‚¸,‚È‚µ
Þ“,ŽÔã‚Ë‚ç‚¢,“òè“ì,‘å“‡,282022,•ºŒÉŒ§,“òèŽs,‘å¯–k‚S’š–Ú,2018-02-24,20,’“ŽÔi—Öjê,Ž{ù‚¹‚¸,‚È‚µ
Þ“,ŽÔã‚Ë‚ç‚¢,“òè“ì,‘å“‡,282022,•ºŒÉŒ§,“òèŽs,‘å¯–k‚S’š–Ú,2018-10-12,21,“¹˜Hã,Ž{ù‚¹‚¸,‚ ‚è
Þ“,ŽÔã‚Ë‚ç‚¢,“òè“ì,‘å“‡,282022,•ºŒÉŒ§,“òèŽs,‘å¯–k‚T’š–Ú,2018-02-10,00,’“ŽÔi—Öjê,Ž{ù‚¹‚¸,‚ ‚è
Þ“,ŽÔã‚Ë‚ç‚¢,“òè“ì,‘å“‡,282022,•ºŒÉŒ§,“òèŽs,‘å¯–k‚T’š–Ú,2018-04-03,21,‚»‚Ì‘¼,Ž{ù‚¹‚¸,‚È‚µ
Þ“,ŽÔã‚Ë‚ç‚¢,“òè“ì,‘å“‡,282022,•ºŒÉŒ§,“òèŽs,‘å¯–k‚T’š–Ú,2018-11-06,17,’“ŽÔi—Öjê,Ž{ù‚¹‚¸,‚ ‚è
Þ“,ŽÔã‚Ë‚ç‚¢,“òè“ì,Žµ¼,282022,•ºŒÉŒ§,“òèŽs,_“c’†’Ê‚R’š–Ú,2018-01-01,01,“¹˜Hã,Ž{ù‚¹‚¸,‚ ‚è
Þ“,ŽÔã‚Ë‚ç‚¢,“òè“ì,Žµ¼,282022,•ºŒÉŒ§,“òèŽs,Žµ¼’¬‚P’š–Ú,2018-04-01,09,’“ŽÔi—Öjê,Ž{ù‚¹‚¸,‚ ‚è
Þ“,ŽÔã‚Ë‚ç‚¢,“òè“ì,Žµ¼,282022,•ºŒÉŒ§,“òèŽs,Žµ¼’¬‚P’š–Ú,2018-07-02,19,‚»‚Ì‘¼,Ž{ù‚¹‚¸,‚È‚µ
Þ“,ŽÔã‚Ë‚ç‚¢,“òè“ì,Žµ¼,282022,•ºŒÉŒ§,“òèŽs,Žµ¼’¬‚P’š–Ú,2018-08-18,19,’“ŽÔi—Öjê,Ž{ù‚¹‚¸,‚È‚µ
Þ“,ŽÔã‚Ë‚ç‚¢,“òè“ì,Žµ¼,282022,•ºŒÉŒ§,“òèŽs,“ŒŽµ¼’¬‚P’š–Ú,2018-01-04,11,’“ŽÔi—Öjê,Ž{ù‚¹‚¸,‚ ‚è
Þ“,ŽÔã‚Ë‚ç‚¢,“òè“ì,Žµ¼,282022,•ºŒÉŒ§,“òèŽs,“ŒŽµ¼’¬‚Q’š–Ú,2018-03-14,13,’“ŽÔi—Öjê,Ž{ù‚¹‚¸,‚ ‚è
Þ“,ŽÔã‚Ë‚ç‚¢,“òè“ì,Žµ¼,282022,•ºŒÉŒ§,“òèŽs,“ìŽµ¼’¬‚Q’š–Ú,2018-12-03,12,‚»‚Ì‘¼,Ž{ù‚¹‚¸,‚È‚µ
Þ“,ŽÔã‚Ë‚ç‚¢,“òè“ì,Žµ¼,282022,•ºŒÉŒ§,“òèŽs,¼—§‰Ô’¬‚Q’š–Ú,2018-05-28,09,’“ŽÔi—Öjê,Ž{ù‚¹‚¸,‚È‚µ
Þ“,ŽÔã‚Ë‚ç‚¢,“òè“ì,Žµ¼,282022,•ºŒÉŒ§,“òèŽs,‘å¯–k‚P’š–Ú,2018-09-10,16,‚»‚Ì‘¼,Ž{ù‚¹‚¸,‚È‚µ
Þ“,ŽÔã‚Ë‚ç‚¢,“òè“ì,ˆî—t‘‘,282022,•ºŒÉŒ§,“òèŽs,¼—§‰Ô’¬‚R’š–Ú,2018-03-03,08,‚»‚Ì‘¼,Ž{ù‚¹‚¸,‚ ‚è
Þ“,ŽÔã‚Ë‚ç‚¢,“òè“ì,‘å¯,282022,•ºŒÉŒ§,“òèŽs,‘å¯’†’Ê‚P’š–Ú,2018-09-17,22,“¹˜Hã,Ž{ù‚¹‚¸,‚ ‚è
Þ“,ŽÔã‚Ë‚ç‚¢,“òè“ì,‘å¯,282022,•ºŒÉŒ§,“òèŽs,‘å“‡‚P’š–Ú,2018-10-07,14,’“ŽÔi—Öjê,Ž{ù‚¹‚¸,‚ ‚è
Þ“,ŽÔã‚Ë‚ç‚¢,“òè“ì,‘å¯,282022,•ºŒÉŒ§,“òèŽs,‘å“‡‚Q’š–Ú,2018-02-22,10,“¹˜Hã,Ž{ù‚¹‚¸,‚ ‚è
Þ“,ŽÔã‚Ë‚ç‚¢,“òè“ì,‘å¯,282022,•ºŒÉŒ§,“òèŽs,‘å“‡‚R’š–Ú,2018-09-03,12,“¹˜Hã,Ž{ù‚¹‚¸,‚ ‚è
Þ“,ŽÔã‚Ë‚ç‚¢,“òè“ì,‘å¯,282022,•ºŒÉŒ§,“òèŽs,‘å¯¼’¬‚R’š–Ú,2018-08-04,09,“¹˜Hã,Ž{ù‚¹‚¸,‚ ‚è
Þ“,ŽÔã‚Ë‚ç‚¢,“òè“ì,Œ³•l,282022,•ºŒÉŒ§,“òèŽs,‘å•l’¬‚Q’š–Ú,2018-12-21,05,“¹˜Hã,Ž{ù‚¹‚¸,‚ ‚è
Þ“,ŽÔã‚Ë‚ç‚¢,“òè“ì,Œ³•l,282022,•ºŒÉŒ§,“òèŽs,Œ³•l’¬‚Q’š–Ú,2018-03-17,15,“¹˜Hã,Ž{ù‚¹‚¸,‚ ‚è
Þ“,ŽÔã‚Ë‚ç‚¢,“òè“ì,Œ³•l,282022,•ºŒÉŒ§,“òèŽs,Œ³•l’¬‚R’š–Ú,2018-06-10,09,“¹˜Hã,Ž{ù‚¹‚¸,‚ ‚è
Þ“,ŽÔã‚Ë‚ç‚¢,“òè“ì,ƒZƒ“ƒ^[ƒv[ƒ‹‘O,282022,•ºŒÉŒ§,“òèŽs,‹Õ‰Y’¬,2018-05-27,14,“¹˜Hã,Ž{ù‚¹‚¸,‚ ‚è
Þ“,ŽÔã‚Ë‚ç‚¢,“òè“ì,ƒZƒ“ƒ^[ƒv[ƒ‹‘O,282022,•ºŒÉŒ§,“òèŽs,…–¾’¬,2018-08-30,00,“¹˜Hã,Ž{ù‚¹‚¸,‚È‚µ
Þ“,ŽÔã‚Ë‚ç‚¢,“òè“ì,ƒZƒ“ƒ^[ƒv[ƒ‹‘O,282022,•ºŒÉŒ§,“òèŽs,…–¾’¬,2018-10-06,17,“¹˜Hã,Ž{ù‚¹‚¸,‚ ‚è
Þ“,ŽÔã‚Ë‚ç‚¢,“òè“ì,ƒZƒ“ƒ^[ƒv[ƒ‹‘O,282022,•ºŒÉŒ§,“òèŽs,’“¿‰@‚Q’š–Ú,2018-08-29,17,“¹˜Hã,Ž{ù‚¹‚¸,‚ ‚è
Þ“,ŽÔã‚Ë‚ç‚¢,“òè“ì,ƒZƒ“ƒ^[ƒv[ƒ‹‘O,282022,•ºŒÉŒ§,“òèŽs,’“¿‰@‚R’š–Ú,2018-09-17,10,‚»‚Ì‘¼,Ž{ù‚¹‚¸,‚ ‚è
Þ“,ŽÔã‚Ë‚ç‚¢,“òè“ì,ƒZƒ“ƒ^[ƒv[ƒ‹‘O,282022,•ºŒÉŒ§,“òèŽs,•ŒÉì’¬‚Q’š–Ú,2018-04-08,15,’“ŽÔi—Öjê,Ž{ù‚¹‚¸,‚È‚µ
Þ“,ŽÔã‚Ë‚ç‚¢,“òè“ì,ƒZƒ“ƒ^[ƒv[ƒ‹‘O,282022,•ºŒÉŒ§,“òèŽs,–Hì’¬,2018-12-11,11,“¹˜Hã,Ž{ù‚¹‚¸,‚È‚µ
Þ“,ŽÔã‚Ë‚ç‚¢,“òè“Œ,’·F,282022,•ºŒÉŒ§,“òèŽs,‹àŠyŽ›’¬‚Q’š–Ú,2018-06-03,19,’“ŽÔi—Öjê,Ž{ù‚¹‚¸,‚ ‚è
Þ“,ŽÔã‚Ë‚ç‚¢,“òè“Œ,’·F,282022,•ºŒÉŒ§,“òèŽs,‹àŠyŽ›’¬‚Q’š–Ú,2018-06-04,18,’“ŽÔi—Öjê,Ž{ù‚¹‚¸,‚È‚µ
Þ“,ŽÔã‚Ë‚ç‚¢,“òè“Œ,ˆîì‹´,282022,•ºŒÉŒ§,“òèŽs,Y£–kV’¬‚S’š–Ú,2018-12-02,18,“¹˜Hã,Ž{ù‚¹‚¸,‚ ‚è
Þ“,ŽÔã‚Ë‚ç‚¢,“òè“Œ,ˆîì‹´,282022,•ºŒÉŒ§,“òèŽs,Y£“ìV’¬‚S’š–Ú,2018-02-20,16,“¹˜Hã,Ž{ù‚¹‚¸,‚È‚µ
Þ“,ŽÔã‚Ë‚ç‚¢,“òè“Œ,ˆîì‹´,282022,•ºŒÉŒ§,“òèŽs,Y£“ìV’¬‚S’š–Ú,2018-03-19,21,’“ŽÔi—Öjê,Ž{ù‚¹‚¸,‚È‚µ
Þ“,ŽÔã‚Ë‚ç‚¢,“òè“Œ,ˆîì‹´,282022,•ºŒÉŒ§,“òèŽs,’·F’†’Ê‚Q’š–Ú,2018-09-12,05,“¹˜Hã,Ž{ù‚¹‚¸,‚ ‚è
Þ“,ŽÔã‚Ë‚ç‚¢,“òè“Œ,ˆîì‹´,282022,•ºŒÉŒ§,“òèŽs,’·F’†’Ê‚R’š–Ú,2018-02-09,23,’“ŽÔi—Öjê,Ž{ù‚¹‚¸,‚ ‚è
Þ“,ŽÔã‚Ë‚ç‚¢,“òè“Œ,ˆîì‹´,282022,•ºŒÉŒ§,“òèŽs,’·F’†’Ê‚R’š–Ú,2018-03-29,17,“¹˜Hã,Ž{ù‚¹‚¸,‚È‚µ
Þ“,ŽÔã‚Ë‚ç‚¢,“òè“Œ,Y£,282022,•ºŒÉŒ§,“òèŽs,Y£–{’¬‚P’š–Ú,2018-04-17,12,“¹˜Hã,Ž{ù‚¹‚¸,‚È‚µ
Þ“,ŽÔã‚Ë‚ç‚¢,“òè“Œ,Y£,282022,•ºŒÉŒ§,“òèŽs,Y£–{’¬‚P’š–Ú,2018-09-19,18,’“ŽÔi—Öjê,Ž{ù‚¹‚¸,‚ ‚è
Þ“,ŽÔã‚Ë‚ç‚¢,“òè“Œ,Y£,282022,•ºŒÉŒ§,“òèŽs,Y£–{’¬‚R’š–Ú,2018-02-27,15,’“ŽÔi—Öjê,Ž{ù‚¹‚¸,‚È‚µ
Þ“,ŽÔã‚Ë‚ç‚¢,“òè“Œ,íŒõŽ›,282022,•ºŒÉŒ§,“òèŽs,íŒõŽ›‚P’š–Ú,2018-03-24,15,‚»‚Ì‘¼,Ž{ù‚¹‚¸,‚È‚µ
Þ“,ŽÔã‚Ë‚ç‚¢,“òè“Œ,“òè‰w‘O,282022,•ºŒÉŒ§,“òèŽs,’ª]‚P’š–Ú,2018-05-11,14,’“ŽÔi—Öjê,Ž{ù‚¹‚¸,‚È‚µ
Þ“,ŽÔã‚Ë‚ç‚¢,“òè“Œ,“òè‰w‘O,282022,•ºŒÉŒ§,“òèŽs,’·F¼’Ê‚P’š–Ú,2018-06-16,17,“¹˜Hã,Ž{ù‚¹‚¸,‚ ‚è
Þ“,ŽÔã‚Ë‚ç‚¢,“òè“Œ,“òè‰w‘O,282022,•ºŒÉŒ§,“òèŽs,’·F¼’Ê‚P’š–Ú,2018-07-25,12,’“ŽÔi—Öjê,Ž{ù‚¹‚¸,‚ ‚è
Þ“,ŽÔã‚Ë‚ç‚¢,“òè“Œ,“òè‰w‘O,282022,•ºŒÉŒ§,“òèŽs,’·F–{’Ê‚P’š–Ú,2018-05-31,13,’“ŽÔi—Öjê,Ž{ù‚¹‚¸,‚È‚µ
Þ“,ŽÔã‚Ë‚ç‚¢,“òè“Œ,“òè‰w‘O,282022,•ºŒÉŒ§,“òèŽs,‹àŠyŽ›’¬‚P’š–Ú,2018-11-13,06,’“ŽÔi—Öjê,Ž{ù‚¹‚¸,‚È‚µ
Þ“,ŽÔã‚Ë‚ç‚¢,“òè“Œ,’ª],282022,•ºŒÉŒ§,“òèŽs,’ª]‚P’š–Ú,2018-02-16,20,’“ŽÔi—Öjê,Ž{ù‚¹‚¸,‚È‚µ
Þ“,ŽÔã‚Ë‚ç‚¢,“òè“Œ,’ª],282022,•ºŒÉŒ§,“òèŽs,’ª]‚P’š–Ú,2018-11-10,09,’“ŽÔi—Öjê,Ž{ù‚¹‚¸,‚È‚µ
Þ“,ŽÔã‚Ë‚ç‚¢,“òè“Œ,’ª],282022,•ºŒÉŒ§,“òèŽs,’ª]‚P’š–Ú,2018-12-17,19,“¹˜Hã,Ž{ù‚¹‚¸,‚ ‚è
Þ“,ŽÔã‚Ë‚ç‚¢,“òè“Œ,’ª],282022,•ºŒÉŒ§,“òèŽs,‰ºâ•”‚R’š–Ú,2017-12-22,09,’“ŽÔi—Öjê,Ž{ù‚¹‚¸,‚È‚µ
Þ“,ŽÔã‚Ë‚ç‚¢,“òè“Œ,’ª],282022,•ºŒÉŒ§,“òèŽs,ŽŸ‰®‚P’š–Ú,2018-08-27,23,’“ŽÔi—Öjê,Ž{ù‚¹‚¸,‚ ‚è
Þ“,ŽÔã‚Ë‚ç‚¢,“òè“Œ,’ª],282022,•ºŒÉŒ§,“òèŽs,ŽŸ‰®‚Q’š–Ú,2018-05-12,09,‚»‚Ì‘¼,Ž{ù‚¹‚¸,‚ ‚è
Þ“,ŽÔã‚Ë‚ç‚¢,“òè“Œ,_è,282022,•ºŒÉŒ§,“òèŽs,‘P–@Ž›’¬,2018-07-26,15,’“ŽÔi—Öjê,Ž{ù‚¹‚¸,‚ ‚è
Þ“,ŽÔã‚Ë‚ç‚¢,“òè“Œ,_è,282022,•ºŒÉŒ§,“òèŽs,‚“c’¬,2018-06-02,20,ˆêŒËŒšZ‘î,Ž{ù‚¹‚¸,‚ ‚è
Þ“,ŽÔã‚Ë‚ç‚¢,“òè“Œ,_è,282022,•ºŒÉŒ§,“òèŽs,ŽŸ‰®‚R’š–Ú,2018-12-30,17,‚»‚Ì‘¼,Ž{ù‚¹‚¸,‚ ‚è
Þ“,ŽÔã‚Ë‚ç‚¢,“òè“Œ,‰ºâ•”,282022,•ºŒÉŒ§,“òèŽs,‹vX’m¼’¬‚P’š–Ú,2018-04-03,10,’“ŽÔi—Öjê,Ž{ù‚¹‚¸,‚ ‚è
Þ“,ŽÔã‚Ë‚ç‚¢,“òè“Œ,‰ºâ•”,282022,•ºŒÉŒ§,“òèŽs,‰ºâ•”‚Q’š–Ú,2018-05-27,13,’“ŽÔi—Öjê,Ž{ù‚¹‚¸,‚ ‚è
Þ“,ŽÔã‚Ë‚ç‚¢,“òè“Œ,‰ºâ•”,282022,•ºŒÉŒ§,“òèŽs,‰ºâ•”‚R’š–Ú,2018-10-25,18,’“ŽÔi—Öjê,Ž{ù‚¹‚¸,‚È‚µ
Þ“,ŽÔã‚Ë‚ç‚¢,“òè“Œ,‰ºâ•”,282022,•ºŒÉŒ§,“òèŽs,‰ºâ•”‚R’š–Ú,2018-12-05,03,‚SŠKŒš‚ÄˆÈã‹¤“¯Z‘î,Ž{ù‚¹‚¸,‚ ‚è
Þ“,ŽÔã‚Ë‚ç‚¢,“òè“Œ,¼’·F,282022,•ºŒÉŒ§,“òèŽs,–¼_’¬‚R’š–Ú,2018-03-24,21,’“ŽÔi—Öjê,Ž{ù‚¹‚¸,‚È‚µ
Þ“,ŽÔã‚Ë‚ç‚¢,“òè“Œ,¼’·F,282022,•ºŒÉŒ§,“òèŽs,¼’·F’¬‚P’š–Ú,2018-11-08,06,‚»‚Ì‘¼,Ž{ù‚¹‚¸,‚È‚µ
Þ“,ŽÔã‚Ë‚ç‚¢,“òè“Œ,ãâ•”,282022,•ºŒÉŒ§,“òèŽs,ãâ•”‚P’š–Ú,2018-03-22,18,’“ŽÔi—Öjê,Ž{ù‚¹‚¸,‚È‚µ
Þ“,ŽÔã‚Ë‚ç‚¢,“òè“Œ,ãâ•”,282022,•ºŒÉŒ§,“òèŽs,ãâ•”‚R’š–Ú,2018-02-13,16,’“ŽÔi—Öjê,Ž{ù‚¹‚¸,‚ ‚è
Þ“,ŽÔã‚Ë‚ç‚¢,“òè“Œ,ãâ•”,282022,•ºŒÉŒ§,“òèŽs,ãâ•”‚R’š–Ú,2018-04-21,11,“¹˜Hã,Ž{ù‚¹‚¸,‚ ‚è
Þ“,ŽÔã‚Ë‚ç‚¢,“òè“Œ,ãâ•”,282022,•ºŒÉŒ§,“òèŽs,Œä‰€‚R’š–Ú,2018-09-08,17,’“ŽÔi—Öjê,Ž{ù‚¹‚¸,‚È‚µ
Þ“,ŽÔã‚Ë‚ç‚¢,“òè“Œ,ãâ•”,282022,•ºŒÉŒ§,“òèŽs,H–ž‚R’š–Ú,2018-03-26,02,“¹˜Hã,Ž{ù‚¹‚¸,‚ ‚è
Þ“,ŽÔã‚Ë‚ç‚¢,“òè“Œ,ãâ•”,282022,•ºŒÉŒ§,“òèŽs,H–ž‚T’š–Ú,2018-11-02,16,‚»‚Ì‘¼,Ž{ù‚¹‚¸,‚ ‚è
Þ“,ŽÔã‚Ë‚ç‚¢,“òè“Œ,H–ž,282022,•ºŒÉŒ§,“òèŽs,Œû“c’†‚P’š–Ú,2018-03-14,23,“¹˜Hã,Ž{ù‚¹‚¸,‚È‚µ
Þ“,ŽÔã‚Ë‚ç‚¢,“òè“Œ,H–ž,282022,•ºŒÉŒ§,“òèŽs,Œû“c’†‚P’š–Ú,2018-04-28,11,“¹˜Hã,Ž{ù‚¹‚¸,‚ ‚è
Þ“,ŽÔã‚Ë‚ç‚¢,“òè“Œ,H–ž,282022,•ºŒÉŒ§,“òèŽs,Œû“c’†‚P’š–Ú,2018-11-06,15,‚»‚Ì‘¼,Ž{ù‚¹‚¸,‚ ‚è
Þ“,ŽÔã‚Ë‚ç‚¢,“òè“Œ,H–ž,282022,•ºŒÉŒ§,“òèŽs,H–ž‚P’š–Ú,2018-09-02,13,’“ŽÔi—Öjê,Ž{ù‚¹‚¸,‚È‚µ
Þ“,ŽÔã‚Ë‚ç‚¢,“òè“Œ,H–ž,282022,•ºŒÉŒ§,“òèŽs,H–ž‚R’š–Ú,2018-07-08,03,’“ŽÔi—Öjê,Ž{ù‚¹‚¸,‚ ‚è
Þ“,ŽÔã‚Ë‚ç‚¢,“òè“Œ,H–ž,282022,•ºŒÉŒ§,“òèŽs,H–ž‚T’š–Ú,2018-11-30,17,‚»‚Ì‘¼,Ž{ù‚¹‚¸,‚È‚µ
Þ“,ŽÔã‚Ë‚ç‚¢,“òè“Œ,H–ž,282022,•ºŒÉŒ§,“òèŽs,H–ž‚V’š–Ú,2018-01-11,16,“¹˜Hã,Ž{ù‚¹‚¸,‚ ‚è
Þ“,ŽÔã‚Ë‚ç‚¢,“òè“Œ,H–ž,282022,•ºŒÉŒ§,“òèŽs,H–ž‚V’š–Ú,2018-11-07,16,‚»‚Ì‘¼,Ž{ù‚¹‚¸,‚ ‚è
Þ“,ŽÔã‚Ë‚ç‚¢,“òè“Œ,‰€“c‰w‘O,282022,•ºŒÉŒ§,“òèŽs,“Œ‰€“c’¬‚P’š–Ú,2018-04-13,20,“¹˜Hã,Ž{ù‚¹‚¸,‚ ‚è
Þ“,ŽÔã‚Ë‚ç‚¢,“òè“Œ,‰€“c‰w‘O,282022,•ºŒÉŒ§,“òèŽs,“Œ‰€“c’¬‚P’š–Ú,2018-06-30,15,’“ŽÔi—Öjê,Ž{ù‚¹‚¸,‚ ‚è
Þ“,ŽÔã‚Ë‚ç‚¢,“òè“Œ,‰€“c‰w‘O,282022,•ºŒÉŒ§,“òèŽs,“Œ‰€“c’¬‚S’š–Ú,2018-04-01,09,’“ŽÔi—Öjê,Ž{ù‚¹‚¸,‚È‚µ
Þ“,ŽÔã‚Ë‚ç‚¢,“òè“Œ,‰€“c‰w‘O,282022,•ºŒÉŒ§,“òèŽs,“Œ‰€“c’¬‚T’š–Ú,2018-03-27,19,“¹˜Hã,Ž{ù‚¹‚¸,‚ ‚è
Þ“,ŽÔã‚Ë‚ç‚¢,“òè“Œ,‰€“c‰w‘O,282022,•ºŒÉŒ§,“òèŽs,“Œ‰€“c’¬‚T’š–Ú,2018-04-25,22,’“ŽÔi—Öjê,Ž{ù‚¹‚¸,‚È‚µ
Þ“,ŽÔã‚Ë‚ç‚¢,“òè“Œ,‰€“c‰w‘O,282022,•ºŒÉŒ§,“òèŽs,“Œ‰€“c’¬‚X’š–Ú,2018-03-26,06,“¹˜Hã,Ž{ù‚¹‚¸,‚È‚µ
Þ“,ŽÔã‚Ë‚ç‚¢,“òè“Œ,‰€“c‰w‘O,282022,•ºŒÉŒ§,“òèŽs,“Œ‰€“c’¬‚X’š–Ú,2018-04-01,20,“¹˜Hã,Ž{ù‚¹‚¸,‚ ‚è
Þ“,ŽÔã‚Ë‚ç‚¢,“òè“Œ,‰€“c‰w‘O,282022,•ºŒÉŒ§,“òèŽs,“Œ‰€“c’¬‚X’š–Ú,2018-04-20,20,’“ŽÔi—Öjê,Ž{ù‚¹‚¸,‚È‚µ
Þ“,ŽÔã‚Ë‚ç‚¢,“òè“Œ,‰€“c‰w‘O,282022,•ºŒÉŒ§,“òèŽs,“Œ‰€“c’¬‚X’š–Ú,2018-05-05,19,“¹˜Hã,Ž{ù‚¹‚¸,‚ ‚è
Þ“,ŽÔã‚Ë‚ç‚¢,“òè“Œ,‰€“c‰w‘O,282022,•ºŒÉŒ§,“òèŽs,“Œ‰€“c’¬‚X’š–Ú,2018-07-23,06,’“ŽÔi—Öjê,Ž{ù‚¹‚¸,‚ ‚è
Þ“,ŽÔã‚Ë‚ç‚¢,“òè“Œ,‰€“c‰w‘O,282022,•ºŒÉŒ§,“òèŽs,“Œ‰€“c’¬‚X’š–Ú,2018-12-13,23,“¹˜Hã,Ž{ù‚¹‚¸,‚ ‚è
Þ“,ŽÔã‚Ë‚ç‚¢,“òè“Œ,‹£”nê‘O,282022,•ºŒÉŒ§,“òèŽs,’Å“°‚P’š–Ú,2018-01-13,02,’“ŽÔi—Öjê,Ž{ù‚¹‚¸,‚È‚µ
Þ“,ŽÔã‚Ë‚ç‚¢,“òè–k,ã‹}’ËŒû‰w‘O,282022,•ºŒÉŒ§,“òèŽs,“ì’ËŒû’¬‚P’š–Ú,2018-08-28,08,“¹˜Hã,Ž{ù‚¹‚¸,‚ ‚è
Þ“,ŽÔã‚Ë‚ç‚¢,“òè–k,’ËŒû“Œ,282022,•ºŒÉŒ§,“òèŽs,’ËŒû–{’¬‚P’š–Ú,2018-04-08,00,“¹˜Hã,Ž{ù‚¹‚¸,‚ ‚è
Þ“,ŽÔã‚Ë‚ç‚¢,“òè–k,’ËŒû“Œ,282022,•ºŒÉŒ§,“òèŽs,’ËŒû–{’¬‚Q’š–Ú,2018-07-20,08,“¹˜Hã,Ž{ù‚¹‚¸,‚ ‚è
Þ“,ŽÔã‚Ë‚ç‚¢,“òè–k,’ËŒû“Œ,282022,•ºŒÉŒ§,“òèŽs,’ËŒû–{’¬‚Q’š–Ú,2018-12-01,11,’“ŽÔi—Öjê,Ž{ù‚¹‚¸,‚È‚µ
Þ“,ŽÔã‚Ë‚ç‚¢,“òè–k,’ËŒû“Œ,282022,•ºŒÉŒ§,“òèŽs,’ËŒû–{’¬‚S’š–Ú,2018-03-02,17,’“ŽÔi—Öjê,Ž{ù‚¹‚¸,‚È‚µ
Þ“,ŽÔã‚Ë‚ç‚¢,“òè–k,’ËŒû“Œ,282022,•ºŒÉŒ§,“òèŽs,’ËŒû–{’¬‚S’š–Ú,2018-11-27,17,’“ŽÔi—Öjê,Ž{ù‚¹‚¸,‚ ‚è
Þ“,ŽÔã‚Ë‚ç‚¢,“òè–k,’ËŒû“Œ,282022,•ºŒÉŒ§,“òèŽs,’ËŒû–{’¬‚V’š–Ú,2018-07-13,13,’“ŽÔi—Öjê,Ž{ù‚¹‚¸,‚È‚µ
Þ“,ŽÔã‚Ë‚ç‚¢,“òè–k,’ËŒû¼,282022,•ºŒÉŒ§,“òèŽs,’ËŒû’¬‚P’š–Ú,2018-11-04,17,’“ŽÔi—Öjê,Ž{ù‚¹‚¸,‚ ‚è
Þ“,ŽÔã‚Ë‚ç‚¢,“òè–k,’ËŒû¼,282022,•ºŒÉŒ§,“òèŽs,’ËŒû’¬‚P’š–Ú,2018-11-10,12,“¹˜Hã,Ž{ù‚¹‚¸,‚ ‚è
Þ“,ŽÔã‚Ë‚ç‚¢,“òè–k,’ËŒû¼,282022,•ºŒÉŒ§,“òèŽs,’ËŒû’¬‚Q’š–Ú,2018-09-08,08,“¹˜Hã,Ž{ù‚¹‚¸,‚ ‚è
Þ“,ŽÔã‚Ë‚ç‚¢,“òè–k,’ËŒû¼,282022,•ºŒÉŒ§,“òèŽs,’ËŒû’¬‚S’š–Ú,2018-04-08,10,“¹˜Hã,Ž{ù‚¹‚¸,‚ ‚è
Þ“,ŽÔã‚Ë‚ç‚¢,“òè–k,¶“‡,282022,•ºŒÉŒ§,“òèŽs,‘å¼’¬‚Q’š–Ú,2018-01-29,15,“¹˜Hã,Ž{ù‚¹‚¸,‚ ‚è
Þ“,ŽÔã‚Ë‚ç‚¢,“òè–k,¶“‡,282022,•ºŒÉŒ§,“òèŽs,—§‰Ô’¬‚R’š–Ú,2018-12-06,19,“¹˜Hã,Ž{ù‚¹‚¸,‚È‚µ
Þ“,ŽÔã‚Ë‚ç‚¢,“òè–k,¶“‡,282022,•ºŒÉŒ§,“òèŽs,ãƒm“‡’¬‚R’š–Ú,2018-06-29,17,’“ŽÔi—Öjê,Ž{ù‚¹‚¸,‚È‚µ
Þ“,ŽÔã‚Ë‚ç‚¢,“òè–k,¶“‡,282022,•ºŒÉŒ§,“òèŽs,ŒIŽR’¬‚Q’š–Ú,2018-05-22,22,‚»‚Ì‘¼,Ž{ù‚¹‚¸,‚ ‚è
Þ“,ŽÔã‚Ë‚ç‚¢,“òè–k,’ËŒû–k,282022,•ºŒÉŒ§,“òèŽs,’ËŒû’¬‚U’š–Ú,2018-11-14,11,“¹˜Hã,Ž{ù‚¹‚¸,‚ ‚è
Þ“,ŽÔã‚Ë‚ç‚¢,“òè–k,’ËŒû–k,282022,•ºŒÉŒ§,“òèŽs,•ŒÉ”V‘‘–{’¬‚R’š–Ú,2018-04-03,13,’“ŽÔi—Öjê,Ž{ù‚¹‚¸,‚ ‚è
Þ“,ŽÔã‚Ë‚ç‚¢,“òè–k,’ËŒû–k,282022,•ºŒÉŒ§,“òèŽs,•ŒÉ”V‘‘–{’¬‚R’š–Ú,2018-06-24,10,“¹˜Hã,Ž{ù‚¹‚¸,‚ ‚è
Þ“,ŽÔã‚Ë‚ç‚¢,“òè–k,’ËŒû–k,282022,•ºŒÉŒ§,“òèŽs,•ŒÉ”V‘‘–{’¬‚R’š–Ú,2018-08-08,16,’“ŽÔi—Öjê,Ž{ù‚¹‚¸,‚È‚µ
Þ“,ŽÔã‚Ë‚ç‚¢,“òè–k,•ŒÉ”V‘‘,282022,•ºŒÉŒ§,“òèŽs,…“°’¬‚S’š–Ú,2018-07-24,19,‚»‚Ì‘¼,Ž{ù‚¹‚¸,‚È‚µ
Þ“,ŽÔã‚Ë‚ç‚¢,“òè–k,•ŒÉ”V‘‘,282022,•ºŒÉŒ§,“òèŽs,“ì•ŒÉ”V‘‘‚P’š–Ú,2018-04-08,10,’“ŽÔi—Öjê,Ž{ù‚¹‚¸,‚ ‚è
Þ“,ŽÔã‚Ë‚ç‚¢,“òè–k,•ŒÉ”V‘‘,282022,•ºŒÉŒ§,“òèŽs,•ŒÉ”V‘‘‚P’š–Ú,2018-07-23,22,’“ŽÔi—Öjê,Ž{ù‚¹‚¸,‚ ‚è
Þ“,ŽÔã‚Ë‚ç‚¢,“òè–k,•ŒÉ”V‘‘,282022,•ºŒÉŒ§,“òèŽs,•ŒÉ”V‘‘‚T’š–Ú,2018-07-02,18,“¹˜Hã,Ž{ù‚¹‚¸,‚È‚µ
Þ“,ŽÔã‚Ë‚ç‚¢,“òè–k,•ŒÉ”V‘‘,282022,•ºŒÉŒ§,“òèŽs,•ŒÉ”V‘‘‚U’š–Ú,2018-01-28,01,’“ŽÔi—Öjê,Ž{ù‚¹‚¸,‚ ‚è
Þ“,ŽÔã‚Ë‚ç‚¢,“òè–k,•ŒÉ”V‘‘,282022,•ºŒÉŒ§,“òèŽs,•ŒÉ”V‘‘“Œ‚P’š–Ú,2018-06-24,18,’“ŽÔi—Öjê,Ž{ù‚¹‚¸,‚È‚µ
Þ“,ŽÔã‚Ë‚ç‚¢,“òè–k,•ŒÉ”V‘‘,282022,•ºŒÉŒ§,“òèŽs,•ŒÉ”V‘‘“Œ‚P’š–Ú,2018-07-02,16,‚»‚Ì‘¼,Ž{ù‚¹‚¸,‚ ‚è
Þ“,ŽÔã‚Ë‚ç‚¢,“òè–k,•ŒÉ”V‘‘,282022,•ºŒÉŒ§,“òèŽs,•ŒÉ”V‘‘–{’¬‚Q’š–Ú,2018-06-23,08,“¹˜Hã,Ž{ù‚¹‚¸,‚ ‚è
Þ“,ŽÔã‚Ë‚ç‚¢,“òè–k,“ì•ŒÉ”V‘‘,282022,•ºŒÉŒ§,“òèŽs,“ì•ŒÉ”V‘‘‚Q’š–Ú,2018-07-24,16,‚»‚Ì‘¼,Ž{ù‚¹‚¸,‚È‚µ
Þ“,ŽÔã‚Ë‚ç‚¢,“òè–k,“ì•ŒÉ”V‘‘,282022,•ºŒÉŒ§,“òèŽs,“ì•ŒÉ”V‘‘‚V’š–Ú,2018-03-12,18,’“ŽÔi—Öjê,Ž{ù‚¹‚¸,‚È‚µ
Þ“,ŽÔã‚Ë‚ç‚¢,“òè–k,“ì•ŒÉ”V‘‘,282022,•ºŒÉŒ§,“òèŽs,“ì•ŒÉ”V‘‘‚V’š–Ú,2018-03-14,08,“¹˜Hã,Ž{ù‚¹‚¸,‚È‚µ
Þ“,ŽÔã‚Ë‚ç‚¢,“òè–k,“ì•ŒÉ”V‘‘,282022,•ºŒÉŒ§,“òèŽs,“ì•ŒÉ”V‘‘‚V’š–Ú,2018-04-04,08,“¹˜Hã,Ž{ù‚¹‚¸,‚È‚µ
Þ“,ŽÔã‚Ë‚ç‚¢,“òè–k,“ì•ŒÉ”V‘‘,282022,•ºŒÉŒ§,“òèŽs,“ì•ŒÉ”V‘‘‚V’š–Ú,2018-11-30,08,“¹˜Hã,Ž{ù‚¹‚¸,‚ ‚è
Þ“,ŽÔã‚Ë‚ç‚¢,“òè–k,“ì•ŒÉ”V‘‘,282022,•ºŒÉŒ§,“òèŽs,“ì•ŒÉ”V‘‘‚W’š–Ú,2018-07-27,20,’“ŽÔi—Öjê,Ž{ù‚¹‚¸,‚ ‚è
Þ“,ŽÔã‚Ë‚ç‚¢,“òè–k,¼©—z,282022,•ºŒÉŒ§,“òèŽs,•ŒÉ”V‘‘‚W’š–Ú,2018-01-16,10,ˆêŒËŒšZ‘î,Ž{ù‚¹‚¸,‚È‚µ
Þ“,ŽÔã‚Ë‚ç‚¢,“òè–k,¼•ŒÉ,282022,•ºŒÉŒ§,“òèŽs,•ŒÉ’¬‚P’š–Ú,2018-12-25,19,’“ŽÔi—Öjê,Ž{ù‚¹‚¸,‚ ‚è
Þ“,ŽÔã‚Ë‚ç‚¢,“òè–k,¼•ŒÉ,282022,•ºŒÉŒ§,“òèŽs,•ŒÉ’¬‚Q’š–Ú,2018-01-20,13,“¹˜Hã,Ž{ù‚¹‚¸,‚È‚µ
Þ“,ŽÔã‚Ë‚ç‚¢,“òè–k,¼•ŒÉ,282022,•ºŒÉŒ§,“òèŽs,•ŒÉ’¬‚R’š–Ú,2018-06-25,01,“¹˜Hã,Ž{ù‚¹‚¸,‚È‚µ
Þ“,ŽÔã‚Ë‚ç‚¢,“òè–k,¼•ŒÉ,282022,•ºŒÉŒ§,“òèŽs,•ŒÉŒ³’¬‚P’š–Ú,2018-11-01,18,“¹˜Hã,Ž{ù‚¹‚¸,‚È‚µ
Þ“,ŽÔã‚Ë‚ç‚¢,“òè–k,¼•ŒÉ,282022,•ºŒÉŒ§,“òèŽs,•ŒÉ–L’¬‚R’š–Ú,2018-10-15,15,’“ŽÔi—Öjê,Ž{ù‚¹‚¸,‚È‚µ
Þ“,ŽÔã‚Ë‚ç‚¢,“òè–k,”ö•l,282022,•ºŒÉŒ§,“òèŽs,”ö•l’¬‚Q’š–Ú,2018-09-25,16,’“ŽÔi—Öjê,Ž{ù‚¹‚¸,‚È‚µ
Þ“,ŽÔã‚Ë‚ç‚¢,“òè–k,”ö•l,282022,•ºŒÉŒ§,“òèŽs,–¼_’¬‚Q’š–Ú,2018-09-27,18,’“ŽÔi—Öjê,Ž{ù‚¹‚¸,‚È‚µ
Þ“,ŽÔã‚Ë‚ç‚¢,“òè–k,—§‰Ô‰w‘O,282022,•ºŒÉŒ§,“òèŽs,ŽO”½“c’¬‚P’š–Ú,2018-05-29,12,“¹˜Hã,Ž{ù‚¹‚¸,‚È‚µ
Þ“,ŽÔã‚Ë‚ç‚¢,“òè–k,—§‰Ô‰w‘O,282022,•ºŒÉŒ§,“òèŽs,—§‰Ô’¬‚P’š–Ú,2018-06-16,15,’“ŽÔi—Öjê,Ž{ù‚¹‚¸,‚È‚µ
Þ“,ŽÔã‚Ë‚ç‚¢,“òè–k,—§‰Ô‰w‘O,282022,•ºŒÉŒ§,“òèŽs,—§‰Ô’¬‚Q’š–Ú,2018-07-15,12,“¹˜Hã,Ž{ù‚¹‚¸,‚È‚µ
Þ“,ŽÔã‚Ë‚ç‚¢,“òè–k,—§‰Ô‰w‘O,282022,•ºŒÉŒ§,“òèŽs,—§‰Ô’¬‚S’š–Ú,2018-02-26,22,“¹˜Hã,Ž{ù‚¹‚¸,‚È‚µ
Þ“,ŽÔã‚Ë‚ç‚¢,“òè–k,—§‰Ô‰w‘O,282022,•ºŒÉŒ§,“òèŽs,—§‰Ô’¬‚S’š–Ú,2018-11-21,18,“¹˜Hã,Ž{ù‚¹‚¸,‚È‚µ
Þ“,ŽÔã‚Ë‚ç‚¢,“òè–k,—§‰Ô‰w‘O,282022,•ºŒÉŒ§,“òèŽs,•x¼’¬‚Q’š–Ú,2018-02-14,12,’“ŽÔi—Öjê,Ž{ù‚¹‚¸,‚ ‚è
Þ“,ŽÔã‚Ë‚ç‚¢,“òè–k,—§‰Ô‰w‘O,282022,•ºŒÉŒ§,“òèŽs,…“°’¬‚R’š–Ú,2018-06-24,21,“¹˜Hã,Ž{ù‚¹‚¸,‚ ‚è
Þ“,ŽÔã‚Ë‚ç‚¢,“òè–k,—§‰Ô‰w‘O,282022,•ºŒÉŒ§,“òèŽs,“ì’ËŒû’¬‚V’š–Ú,2018-08-12,22,“¹˜Hã,Ž{ù‚¹‚¸,‚È‚µ
Þ“,ŽÔã‚Ë‚ç‚¢,“òè–k,—§‰Ô‰w‘O,282022,•ºŒÉŒ§,“òèŽs,“ì•ŒÉ”V‘‘‚R’š–Ú,2018-04-13,17,“¹˜Hã,Ž{ù‚¹‚¸,‚ ‚è
Þ“,ŽÔã‚Ë‚ç‚¢,“òè–k,—§‰Ô‰w‘O,282022,•ºŒÉŒ§,“òèŽs,“ì•ŒÉ”V‘‘‚R’š–Ú,2018-04-18,20,’“ŽÔi—Öjê,Ž{ù‚¹‚¸,‚ ‚è
Þ“,ŽÔã‚Ë‚ç‚¢,“òè–k,—§‰Ô‰w‘O,282022,•ºŒÉŒ§,“òèŽs,“ì•ŒÉ”V‘‘‚R’š–Ú,2018-06-26,17,’“ŽÔi—Öjê,Ž{ù‚¹‚¸,‚È‚µ
Þ“,ŽÔã‚Ë‚ç‚¢,ˆÉ’O,ã‹}‰w‘O,282073,•ºŒÉŒ§,ˆÉ’OŽs,sŠî’¬‚Q’š–Ú,2018-09-08,12,’“ŽÔi—Öjê,Ž{ù‚¹‚¸,‚È‚µ
Þ“,ŽÔã‚Ë‚ç‚¢,ˆÉ’O,ã‹}‰w‘O,282073,•ºŒÉŒ§,ˆÉ’OŽs,÷ƒP‹u‚R’š–Ú,2018-11-11,12,ˆêŒËŒšZ‘î,Ž{ù‚¹‚¸,‚ ‚è
Þ“,ŽÔã‚Ë‚ç‚¢,ˆÉ’O,ã‹}‰w‘O,282073,•ºŒÉŒ§,ˆÉ’OŽs,’†‰›‚P’š–Ú,2018-03-15,19,“¹˜Hã,Ž{ù‚¹‚¸,‚È‚µ
Þ“,ŽÔã‚Ë‚ç‚¢,ˆÉ’O,ã‹}‰w‘O,282073,•ºŒÉŒ§,ˆÉ’OŽs,’†‰›‚P’š–Ú,2018-06-18,20,’“ŽÔi—Öjê,Ž{ù‚¹‚¸,‚ ‚è
Þ“,ŽÔã‚Ë‚ç‚¢,ˆÉ’O,ã‹}‰w‘O,282073,•ºŒÉŒ§,ˆÉ’OŽs,’†‰›‚Q’š–Ú,2018-03-08,22,“¹˜Hã,Ž{ù‚¹‚¸,‚È‚µ
Þ“,ŽÔã‚Ë‚ç‚¢,ˆÉ’O,ã‹}‰w‘O,282073,•ºŒÉŒ§,ˆÉ’OŽs,¼‘ä‚P’š–Ú,2018-02-26,17,“¹˜Hã,Ž{ù‚¹‚¸,‚È‚µ
Þ“,ŽÔã‚Ë‚ç‚¢,ˆÉ’O,ã‹}‰w‘O,282073,•ºŒÉŒ§,ˆÉ’OŽs,¼‘ä‚P’š–Ú,2018-08-13,03,“¹˜Hã,Ž{ù‚¹‚¸,‚È‚µ
Þ“,ŽÔã‚Ë‚ç‚¢,ˆÉ’O,ã‹}‰w‘O,282073,•ºŒÉŒ§,ˆÉ’OŽs,¼‘ä‚P’š–Ú,2018-09-02,10,’“ŽÔi—Öjê,Ž{ù‚¹‚¸,‚È‚µ
Þ“,ŽÔã‚Ë‚ç‚¢,ˆÉ’O,ã‹}‰w‘O,282073,•ºŒÉŒ§,ˆÉ’OŽs,¼‘ä‚P’š–Ú,2018-11-20,21,“¹˜Hã,Ž{ù‚¹‚¸,‚ ‚è
Þ“,ŽÔã‚Ë‚ç‚¢,ˆÉ’O,ã‹}‰w‘O,282073,•ºŒÉŒ§,ˆÉ’OŽs,¼‘ä‚R’š–Ú,2018-04-22,12,“¹˜Hã,Ž{ù‚¹‚¸,‚ ‚è
Þ“,ŽÔã‚Ë‚ç‚¢,ˆÉ’O,ã‹}‰w‘O,282073,•ºŒÉŒ§,ˆÉ’OŽs,¼‘ä‚R’š–Ú,2018-05-02,08,’“ŽÔi—Öjê,Ž{ù‚¹‚¸,‚ ‚è
Þ“,ŽÔã‚Ë‚ç‚¢,ˆÉ’O,ã‹}‰w‘O,282073,•ºŒÉŒ§,ˆÉ’OŽs,¼‘ä‚R’š–Ú,2018-10-12,02,“¹˜Hã,Ž{ù‚¹‚¸,‚ ‚è
Þ“,ŽÔã‚Ë‚ç‚¢,ˆÉ’O,“ì–{’¬,282073,•ºŒÉŒ§,ˆÉ’OŽs,ˆÉ’O‚T’š–Ú,2018-11-05,16,’“ŽÔi—Öjê,Ž{ù‚¹‚¸,‚ ‚è
Þ“,ŽÔã‚Ë‚ç‚¢,ˆÉ’O,“ì–{’¬,282073,•ºŒÉŒ§,ˆÉ’OŽs,•½¼‚S’š–Ú,2018-08-18,15,“¹˜Hã,Ž{ù‚¹‚¸,‚ ‚è
Þ“,ŽÔã‚Ë‚ç‚¢,ˆÉ’O,“ì–{’¬,282073,•ºŒÉŒ§,ˆÉ’OŽs,“ì’¬‚R’š–Ú,2018-09-15,23,’“ŽÔi—Öjê,Ž{ù‚¹‚¸,‚È‚µ
Þ“,ŽÔã‚Ë‚ç‚¢,ˆÉ’O,“ì–{’¬,282073,•ºŒÉŒ§,ˆÉ’OŽs,“ì–{’¬‚R’š–Ú,2018-08-22,10,ˆêŒËŒšZ‘î,Ž{ù‚¹‚¸,‚ ‚è
Þ“,ŽÔã‚Ë‚ç‚¢,ˆÉ’O,VˆÉ’O,282073,•ºŒÉŒ§,ˆÉ’OŽs,©—z“Œ‚U’š–Ú,2018-08-21,23,’“ŽÔi—Öjê,Ž{ù‚¹‚¸,‚È‚µ
Þ“,ŽÔã‚Ë‚ç‚¢,ˆÉ’O,ˆî–ì,282073,•ºŒÉŒ§,ˆÉ’OŽs,ˆî–ì’¬‚Q’š–Ú,2018-08-28,12,“¹˜Hã,Ž{ù‚¹‚¸,‚ ‚è
Þ“,ŽÔã‚Ë‚ç‚¢,ˆÉ’O,ˆî–ì,282073,•ºŒÉŒ§,ˆÉ’OŽs,ŒäŠè’Ë‚Q’š–Ú,2018-12-29,19,’“ŽÔi—Öjê,Ž{ù‚¹‚¸,‚ ‚è
Þ“,ŽÔã‚Ë‚ç‚¢,ˆÉ’O,–ìŠÔ,282073,•ºŒÉŒ§,ˆÉ’OŽs,ˆÀ“°Ž›’¬‚U’š–Ú,2018-07-20,09,“¹˜Hã,Ž{ù‚¹‚¸,‚ ‚è
Þ“,ŽÔã‚Ë‚ç‚¢,ˆÉ’O,–ìŠÔ,282073,•ºŒÉŒ§,ˆÉ’OŽs,ŽÔ’Ë‚P’š–Ú,2018-01-20,15,‚»‚Ì‘¼,Ž{ù‚¹‚¸,‚ ‚è
Þ“,ŽÔã‚Ë‚ç‚¢,ˆÉ’O,–ìŠÔ,282073,•ºŒÉŒ§,ˆÉ’OŽs,ŽÔ’Ë‚P’š–Ú,2018-01-21,13,‚»‚Ì‘¼,Ž{ù‚¹‚¸,‚ ‚è
Þ“,ŽÔã‚Ë‚ç‚¢,ˆÉ’O,–ìŠÔ,282073,•ºŒÉŒ§,ˆÉ’OŽs,—éŒ´’¬‚X’š–Ú,2018-10-27,08,“¹˜Hã,Ž{ù‚¹‚¸,‚ ‚è
Þ“,ŽÔã‚Ë‚ç‚¢,ˆÉ’O,–ìŠÔ,282073,•ºŒÉŒ§,ˆÉ’OŽs,”ü—é’¬‚S’š–Ú,2018-01-10,21,’“ŽÔi—Öjê,Ž{ù‚¹‚¸,‚È‚µ
Þ“,ŽÔã‚Ë‚ç‚¢,ˆÉ’O,–ìŠÔ,282073,•ºŒÉŒ§,ˆÉ’OŽs,“ì–ì‚Q’š–Ú,2018-04-28,09,“¹˜Hã,Ž{ù‚¹‚¸,‚ ‚è
Þ“,ŽÔã‚Ë‚ç‚¢,ˆÉ’O,ˆÉ’O‰w‘O,282073,•ºŒÉŒ§,ˆÉ’OŽs,“¡ƒm–Ø‚P’š–Ú,2018-09-06,16,’“ŽÔi—Öjê,Ž{ù‚¹‚¸,‚È‚µ
Þ“,ŽÔã‚Ë‚ç‚¢,ˆÉ’O,ˆÉ’O‰w‘O,282073,•ºŒÉŒ§,ˆÉ’OŽs,“¡ƒm–Ø‚P’š–Ú,2018-11-11,21,‚»‚Ì‘¼,Ž{ù‚¹‚¸,‚È‚µ
Þ“,ŽÔã‚Ë‚ç‚¢,ˆÉ’O,ˆÉ’O‰w‘O,282073,•ºŒÉŒ§,ˆÉ’OŽs,“¡ƒm–Ø‚P’š–Ú,2018-11-16,18,’“ŽÔi—Öjê,Ž{ù‚¹‚¸,‚È‚µ
Þ“,ŽÔã‚Ë‚ç‚¢,ˆÉ’O,_’Ã,282073,•ºŒÉŒ§,ˆÉ’OŽs,X–{‚S’š–Ú,2018-10-13,18,’“ŽÔi—Öjê,Ž{ù‚¹‚¸,‚È‚µ
Þ“,ŽÔã‚Ë‚ç‚¢,ˆÉ’O,_’Ã,282073,•ºŒÉŒ§,ˆÉ’OŽs,X–{‚S’š–Ú,2018-11-12,08,“¹˜Hã,Ž{ù‚¹‚¸,‚ ‚è
Þ“,ŽÔã‚Ë‚ç‚¢,ˆÉ’O,_’Ã,282073,•ºŒÉŒ§,ˆÉ’OŽs,X–{‚W’š–Ú,2018-11-29,08,‚»‚Ì‘¼,Ž{ù‚¹‚¸,‚È‚µ
Þ“,ŽÔã‚Ë‚ç‚¢,ˆÉ’O,–k‘º,282073,•ºŒÉŒ§,ˆÉ’OŽs,–kˆÉ’O‚Q’š–Ú,2018-06-01,12,“¹˜Hã,Ž{ù‚¹‚¸,‚ ‚è
Þ“,ŽÔã‚Ë‚ç‚¢,ˆÉ’O,–k‘º,282073,•ºŒÉŒ§,ˆÉ’OŽs,–kˆÉ’O‚W’š–Ú,2018-09-28,02,“¹˜Hã,Ž{ù‚¹‚¸,‚ ‚è
Þ“,ŽÔã‚Ë‚ç‚¢,ˆÉ’O,–k‘º,282073,•ºŒÉŒ§,ˆÉ’OŽs,–k–{’¬‚Q’š–Ú,2018-06-09,23,“¹˜Hã,Ž{ù‚¹‚¸,‚ ‚è
Þ“,ŽÔã‚Ë‚ç‚¢,ˆÉ’O,—Îƒ–‹u,282073,•ºŒÉŒ§,ˆÉ’OŽs,‘åŽ­‚V’š–Ú,2018-02-04,15,’“ŽÔi—Öjê,Ž{ù‚¹‚¸,‚ ‚è
Þ“,ŽÔã‚Ë‚ç‚¢,ˆÉ’O,—Îƒ–‹u,282073,•ºŒÉŒ§,ˆÉ’OŽs,‘åŽ­‚V’š–Ú,2018-10-24,19,’“ŽÔi—Öjê,Ž{ù‚¹‚¸,‚È‚µ
Þ“,ŽÔã‚Ë‚ç‚¢,ˆÉ’O,—Îƒ–‹u,282073,•ºŒÉŒ§,ˆÉ’OŽs,•ä’¬‚S’š–Ú,2018-08-11,22,’“ŽÔi—Öjê,Ž{ù‚¹‚¸,‚È‚µ
Þ“,ŽÔã‚Ë‚ç‚¢,ˆÉ’O,—Îƒ–‹u,282073,•ºŒÉŒ§,ˆÉ’OŽs,—ÎƒP‹u‚Q’š–Ú,2018-11-23,13,“¹˜Hã,Ž{ù‚¹‚¸,‚ ‚è
Þ“,ŽÔã‚Ë‚ç‚¢,ˆÉ’O,©—z,282073,•ºŒÉŒ§,ˆÉ’OŽs,©—z‚V’š–Ú,2018-08-21,00,’“ŽÔi—Öjê,Ž{ù‚¹‚¸,‚È‚µ
Þ“,ŽÔã‚Ë‚ç‚¢,ˆÉ’O,©—z,282073,•ºŒÉŒ§,ˆÉ’OŽs,©—z“Œ‚R’š–Ú,2018-03-02,18,“¹˜Hã,Ž{ù‚¹‚¸,‚È‚µ
Þ“,ŽÔã‚Ë‚ç‚¢,ˆÉ’O,©—zƒm—¢,282073,•ºŒÉŒ§,ˆÉ’OŽs,’rK‚P’š–Ú,2018-03-07,11,’“ŽÔi—Öjê,Ž{ù‚¹‚¸,‚È‚µ
Þ“,ŽÔã‚Ë‚ç‚¢,ˆÉ’O,©—zƒm—¢,282073,•ºŒÉŒ§,ˆÉ’OŽs,’rK‚S’š–Ú,2018-01-05,17,’“ŽÔi—Öjê,Ž{ù‚¹‚¸,‚È‚µ
Þ“,ŽÔã‚Ë‚ç‚¢,ˆÉ’O,©—zƒm—¢,282073,•ºŒÉŒ§,ˆÉ’OŽs,’rK‚S’š–Ú,2018-08-10,20,’“ŽÔi—Öjê,Ž{ù‚¹‚¸,‚È‚µ
Þ“,ŽÔã‚Ë‚ç‚¢,ˆÉ’O,©—zƒm—¢,282073,•ºŒÉŒ§,ˆÉ’OŽs,Ž›–{‚T’š–Ú,2018-06-15,20,’“ŽÔi—Öjê,Ž{ù‚¹‚¸,‚ ‚è
Þ“,ŽÔã‚Ë‚ç‚¢,ˆÉ’O,©—zƒm—¢,282073,•ºŒÉŒ§,ˆÉ’OŽs,ŽR“c‚P’š–Ú,2018-08-14,11,‚»‚Ì‘¼,Ž{ù‚¹‚¸,‚È‚µ
Þ“,ŽÔã‚Ë‚ç‚¢,ˆÉ’O,’†–ì,282073,•ºŒÉŒ§,ˆÉ’OŽs,’†–ì–k‚P’š–Ú,2018-07-30,13,“¹˜Hã,Ž{ù‚¹‚¸,‚È‚µ
Þ“,ŽÔã‚Ë‚ç‚¢,ˆÉ’O,’†–ì,282073,•ºŒÉŒ§,ˆÉ’OŽs,’†–ì–k‚S’š–Ú,2018-01-03,12,’“ŽÔi—Öjê,Ž{ù‚¹‚¸,‚È‚µ
Þ“,ŽÔã‚Ë‚ç‚¢,ˆÉ’O,’†–ì,282073,•ºŒÉŒ§,ˆÉ’OŽs,’†–ì¼‚R’š–Ú,2018-08-27,03,’“ŽÔi—Öjê,Ž{ù‚¹‚¸,‚ ‚è
Þ“,ŽÔã‚Ë‚ç‚¢,ˆÉ’O,r–q,282073,•ºŒÉŒ§,ˆÉ’OŽs,r–q‚T’š–Ú,2018-10-09,16,“¹˜Hã,Ž{ù‚¹‚¸,‚ ‚è
Þ“,ŽÔã‚Ë‚ç‚¢,ˆÉ’O,r–q,282073,•ºŒÉŒ§,ˆÉ’OŽs,r–q‚U’š–Ú,2018-02-01,10,’“ŽÔi—Öjê,Ž{ù‚¹‚¸,‚ ‚è
Þ“,ŽÔã‚Ë‚ç‚¢,ˆÉ’O,r–q,282073,•ºŒÉŒ§,ˆÉ’OŽs,r–q‚V’š–Ú,2018-11-21,21,’“ŽÔi—Öjê,Ž{ù‚¹‚¸,‚È‚µ
Þ“,ŽÔã‚Ë‚ç‚¢,ˆÉ’O,r–q,282073,•ºŒÉŒ§,ˆÉ’OŽs,ƒ’r‚Q’š–Ú,2018-08-06,16,‚»‚Ì‘¼,Ž{ù‚¹‚¸,‚ ‚è
Þ“,ŽÔã‚Ë‚ç‚¢,ˆÉ’O,r–q,282073,•ºŒÉŒ§,ˆÉ’OŽs,ƒ’r‚T’š–Ú,2018-01-20,08,‚»‚Ì‘¼,Ž{ù‚¹‚¸,‚ ‚è
Þ“,ŽÔã‚Ë‚ç‚¢,ˆÉ’O,r–q,282073,•ºŒÉŒ§,ˆÉ’OŽs,ƒ’r‚T’š–Ú,2018-11-20,07,’“ŽÔi—Öjê,Ž{ù‚¹‚¸,‚ ‚è
Þ“,ŽÔã‚Ë‚ç‚¢,ì¼,’†‰›,282171,•ºŒÉŒ§,ì¼Žs,‰h’¬,2018-11-27,19,“¹˜Hã,Ž{ù‚¹‚¸,‚È‚µ
Þ“,ŽÔã‚Ë‚ç‚¢,ì¼,’†‰›,282171,•ºŒÉŒ§,ì¼Žs,’†‰›’¬,2018-11-27,12,‚»‚Ì‘¼,Ž{ù‚¹‚¸,‚ ‚è
Þ“,ŽÔã‚Ë‚ç‚¢,ì¼,¬‰Ô,282171,•ºŒÉŒ§,ì¼Žs,¬ŒË‚Q’š–Ú,2018-07-14,11,’“ŽÔi—Öjê,Ž{ù‚¹‚¸,‚È‚µ
Þ“,ŽÔã‚Ë‚ç‚¢,ì¼,‹v‘ã,282171,•ºŒÉŒ§,ì¼Žs,‹v‘ã‚S’š–Ú,2017-12-29,08,“¹˜Hã,Ž{ù‚¹‚¸,‚È‚µ
Þ“,ŽÔã‚Ë‚ç‚¢,ì¼,‹v‘ã,282171,•ºŒÉŒ§,ì¼Žs,‹v‘ã‚T’š–Ú,2018-12-22,14,“¹˜Hã,Ž{ù‚¹‚¸,‚ ‚è
Þ“,ŽÔã‚Ë‚ç‚¢,ì¼,“ú‚Ìo,282171,•ºŒÉŒ§,ì¼Žs,”‹Œ´‚R’š–Ú,2018-07-04,17,‚»‚Ì‘¼,Ž{ù‚¹‚¸,‚È‚µ
Þ“,ŽÔã‚Ë‚ç‚¢,ì¼,‘½“c¼,282171,•ºŒÉŒ§,ì¼Žs,‘½“c‰@¼‚P’š–Ú,2018-02-25,12,’“ŽÔi—Öjê,Ž{ù‚¹‚¸,‚ ‚è
Þ“,ŽÔã‚Ë‚ç‚¢,ì¼,‘½“c“Œ,282171,•ºŒÉŒ§,ì¼Žs,V“c‚R’š–Ú,2018-11-06,18,’“ŽÔi—Öjê,Ž{ù‚¹‚¸,‚È‚µ
Þ“,ŽÔã‚Ë‚ç‚¢,ì¼,‘½“c“Œ,282171,•ºŒÉŒ§,ì¼Žs,‘½“c÷–Ø‚P’š–Ú,2018-11-30,09,’“ŽÔi—Öjê,Ž{ù‚¹‚¸,‚È‚µ
Þ“,ŽÔã‚Ë‚ç‚¢,ì¼,ŽR‰º,282171,•ºŒÉŒ§,ì¼Žs,‘èŽšùƒP’J,2018-10-14,09,‚»‚Ì‘¼,Ž{ù‚¹‚¸,‚È‚µ
Þ“,ŽÔã‚Ë‚ç‚¢,ì¼,ŽR‰º,282171,•ºŒÉŒ§,ì¼Žs,•ìŽš‘åã,2018-04-23,08,“¹˜Hã,Ž{ù‚¹‚¸,‚È‚µ
Þ“,ŽÔã‚Ë‚ç‚¢,ì¼,ŽR‰º,282171,•ºŒÉŒ§,ì¼Žs,“ŒŒl–ì‚Q’š–Ú,2018-12-04,13,’“ŽÔi—Öjê,Ž{ù‚¹‚¸,‚È‚µ
Þ“,ŽÔã‚Ë‚ç‚¢,ì¼,ŽR‰º,282171,•ºŒÉŒ§,ì¼Žs,“ŒŒl–ì‚R’š–Ú,2018-11-27,15,’“ŽÔi—Öjê,Ž{ù‚¹‚¸,‚ ‚è
Þ“,ŽÔã‚Ë‚ç‚¢,ì¼,’––¼ìƒp[ƒNƒ^ƒEƒ“,283011,•ºŒÉŒ§,’––¼ì’¬,”’‹à‚P’š–Ú,2018-10-24,18,‚»‚Ì‘¼,Ž{ù‚¹‚¸,‚È‚µ
Þ“,ŽÔã‚Ë‚ç‚¢,ì¼,’––¼ìƒp[ƒNƒ^ƒEƒ“,283011,•ºŒÉŒ§,’––¼ì’¬,‚Â‚Â‚¶‚ª‹u‚S’š–Ú,2018-11-16,21,“¹˜Hã,Ž{ù‚¹‚¸,‚ ‚è
Þ“,ŽÔã‚Ë‚ç‚¢,ì¼,–Ø’Ã,283011,•ºŒÉŒ§,’––¼ì’¬,”Œ´Žš¼ƒmŽR,2018-11-04,16,’“ŽÔi—Öjê,Ž{ù‚¹‚¸,‚È‚µ
Þ“,ŽÔã‚Ë‚ç‚¢,ì¼,–Ø’Ã,283011,•ºŒÉŒ§,’––¼ì’¬,–œ‘PŽš’|“Y,2018-05-11,03,‚»‚Ì‘¼,Ž{ù‚¹‚¸,‚ ‚è
Þ“,ŽÔã‚Ë‚ç‚¢,ì¼,‰Á–Î,282057,•ºŒÉŒ§,F–{Žs,‰º‰Á–Î‚P’š–Ú,2018-06-18,14,“¹˜Hã,Ž{ù‚¹‚¸,‚È‚µ
Þ“,ŽÔã‚Ë‚ç‚¢,ì¼,‰Á–Î,282171,•ºŒÉŒ§,ì¼Žs,‰Á–Î‚P’š–Ú,2018-06-15,12,’“ŽÔi—Öjê,Ž{ù‚¹‚¸,‚È‚µ
Þ“,ŽÔã‚Ë‚ç‚¢,ì¼,‰Á–Î,282171,•ºŒÉŒ§,ì¼Žs,‰hª‚P’š–Ú,2018-05-22,02,“¹˜Hã,Ž{ù‚¹‚¸,‚È‚µ
Þ“,ŽÔã‚Ë‚ç‚¢,ì¼,‰Á–Î,282171,•ºŒÉŒ§,ì¼Žs,‰hª‚Q’š–Ú,2018-08-25,17,’“ŽÔi—Öjê,Ž{ù‚¹‚¸,‚È‚µ
Þ“,ŽÔã‚Ë‚ç‚¢,ì¼,‰Á–Î,282171,•ºŒÉŒ§,ì¼Žs,‰hª‚Q’š–Ú,2018-10-28,07,’“ŽÔi—Öjê,Ž{ù‚¹‚¸,‚È‚µ
Þ“,ŽÔã‚Ë‚ç‚¢,ì¼,‰Á–Î,282171,•ºŒÉŒ§,ì¼Žs,‰º‰Á–Î‚P’š–Ú,2018-01-25,14,ˆêŒËŒšZ‘î,Ž{ù‚¹‚¸,‚È‚µ
Þ“,ŽÔã‚Ë‚ç‚¢,ì¼,—Î‘ä,282171,•ºŒÉŒ§,ì¼Žs,—Î‘ä‚T’š–Ú,2018-12-22,20,’“ŽÔi—Öjê,Ž{ù‚¹‚¸,‚È‚µ
Þ“,ŽÔã‚Ë‚ç‚¢,ì¼,‘å˜a,282171,•ºŒÉŒ§,ì¼Žs,‘å˜a¼‚P’š–Ú,2018-02-11,20,’“ŽÔi—Öjê,Ž{ù‚¹‚¸,‚È‚µ
Þ“,ŽÔã‚Ë‚ç‚¢,ì¼,‘å˜a,282171,•ºŒÉŒ§,ì¼Žs,‘å˜a“Œ‚S’š–Ú,2018-12-15,16,ˆêŒËŒšZ‘î,Ž{ù‚¹‚¸,‚ ‚è
Þ“,ŽÔã‚Ë‚ç‚¢,ì¼,‘å˜a,282171,•ºŒÉŒ§,ì¼Žs,‘å˜a“Œ‚T’š–Ú,2018-12-16,10,’“ŽÔi—Öjê,Ž{ù‚¹‚¸,‚ ‚è
Þ“,ŽÔã‚Ë‚ç‚¢,ì¼,´˜a‘ä,282171,•ºŒÉŒ§,ì¼Žs,´˜a‘ä“Œ‚Q’š–Ú,2018-08-16,10,’“ŽÔi—Öjê,Ž{ù‚¹‚¸,‚ ‚è
Þ“,ŽÔã‚Ë‚ç‚¢,•ó’Ë,•ó’Ë“ìŒû,282146,•ºŒÉŒ§,•ó’ËŽs,•ŒÉŽR‚P’š–Ú,2018-05-12,17,ˆêŒËŒšZ‘î,Ž{ù‚¹‚¸,‚ ‚è
Þ“,ŽÔã‚Ë‚ç‚¢,•ó’Ë,•ó’Ë‰w‘O,282146,•ºŒÉŒ§,•ó’ËŽs,Œä“aŽR‚Q’š–Ú,2018-05-16,22,’“ŽÔi—Öjê,Ž{ù‚¹‚¸,‚ ‚è
Þ“,ŽÔã‚Ë‚ç‚¢,•ó’Ë,•ó’Ë‰w‘O,282146,•ºŒÉŒ§,•ó’ËŽs,‰h’¬‚Q’š–Ú,2018-03-25,10,“¹˜Hã,Ž{ù‚¹‚¸,‚È‚µ
Þ“,ŽÔã‚Ë‚ç‚¢,•ó’Ë,‹t£ì,282146,•ºŒÉŒ§,•ó’ËŽs,ˆÉ›rŽu‚Q’š–Ú,2018-03-17,19,‚»‚Ì‘¼,Ž{ù‚¹‚¸,‚È‚µ
Þ“,ŽÔã‚Ë‚ç‚¢,•ó’Ë,‹t£ì,282146,•ºŒÉŒ§,•ó’ËŽs,ˆÉ›rŽu‚R’š–Ú,2018-03-19,23,’“ŽÔi—Öjê,Ž{ù‚¹‚¸,‚È‚µ
Þ“,ŽÔã‚Ë‚ç‚¢,•ó’Ë,‹t£ì,282146,•ºŒÉŒ§,•ó’ËŽs,––L’¬,2018-10-14,14,‚»‚Ì‘¼,Ž{ù‚¹‚¸,‚È‚µ
Þ“,ŽÔã‚Ë‚ç‚¢,•ó’Ë,•ŒÉì,282146,•ºŒÉŒ§,•ó’ËŽs,––L’¬,2018-06-22,22,‚»‚Ì‘¼,Ž{ù‚¹‚¸,‚ ‚è
Þ“,ŽÔã‚Ë‚ç‚¢,•ó’Ë,•ŒÉì,282146,•ºŒÉŒ§,•ó’ËŽs,‚Ži‚R’š–Ú,2018-09-15,00,’“ŽÔi—Öjê,Ž{ù‚¹‚¸,‚ ‚è
Þ“,ŽÔã‚Ë‚ç‚¢,•ó’Ë,¬•l,282146,•ºŒÉŒ§,•ó’ËŽs,ˆÀ‘q–k‚S’š–Ú,2018-07-28,14,‚»‚Ì‘¼,Ž{ù‚¹‚¸,‚È‚µ
Þ“,ŽÔã‚Ë‚ç‚¢,•ó’Ë,ˆÀ‘q,282146,•ºŒÉŒ§,•ó’ËŽs,ˆÀ‘q–k‚Q’š–Ú,2018-02-23,21,‚»‚Ì‘¼,Ž{ù‚¹‚¸,‚ ‚è
Þ“,ŽÔã‚Ë‚ç‚¢,•ó’Ë,ˆÀ‘q,282146,•ºŒÉŒ§,•ó’ËŽs,ˆÀ‘q¼‚P’š–Ú,2018-06-17,11,‚»‚Ì‘¼,Ž{ù‚¹‚¸,‚È‚µ
Þ“,ŽÔã‚Ë‚ç‚¢,•ó’Ë,ˆÀ‘q,282146,•ºŒÉŒ§,•ó’ËŽs,‹àˆä’¬,2018-02-24,16,“¹˜Hã,Ž{ù‚¹‚¸,‚È‚µ
Þ“,ŽÔã‚Ë‚ç‚¢,•ó’Ë,ˆÀ‘q,282146,•ºŒÉŒ§,•ó’ËŽs,¬•l‚Q’š–Ú,2018-06-25,13,’“ŽÔi—Öjê,Ž{ù‚¹‚¸,‚È‚µ
Þ“,ŽÔã‚Ë‚ç‚¢,•ó’Ë,ˆÀ‘q,282146,•ºŒÉŒ§,•ó’ËŽs,–í¶’¬,2018-06-25,18,’“ŽÔi—Öjê,Ž{ù‚¹‚¸,‚È‚µ
Þ“,ŽÔã‚Ë‚ç‚¢,•ó’Ë,ŽR–{,282146,•ºŒÉŒ§,•ó’ËŽs,’†‹Ø‚U’š–Ú,2018-08-26,17,’“ŽÔi—Öjê,Ž{ù‚¹‚¸,‚ ‚è
Þ“,ŽÔã‚Ë‚ç‚¢,•ó’Ë,¬—Ñ,282146,•ºŒÉŒ§,•ó’ËŽs,¬—Ñ‚R’š–Ú,2018-06-02,08,’“ŽÔi—Öjê,Ž{ù‚¹‚¸,‚ ‚è
Þ“,ŽÔã‚Ë‚ç‚¢,•ó’Ë,mì,282146,•ºŒÉŒ§,•ó’ËŽs,‘å¬’¬,2018-12-29,09,“¹˜Hã,Ž{ù‚¹‚¸,‚ ‚è
Þ“,ŽÔã‚Ë‚ç‚¢,•ó’Ë,mì,282146,•ºŒÉŒ§,•ó’ËŽs,mì–k‚R’š–Ú,2018-04-30,14,‚»‚Ì‘¼,Ž{ù‚¹‚¸,‚ ‚è
Þ“,ŽÔã‚Ë‚ç‚¢,•ó’Ë,´r_,282146,•ºŒÉŒ§,•ó’ËŽs,ˆ®’¬‚Q’š–Ú,2018-03-22,11,“¹˜Hã,Ž{ù‚¹‚¸,‚ ‚è
Þ“,ŽÔã‚Ë‚ç‚¢,•ó’Ë,´r_,282146,•ºŒÉŒ§,•ó’ËŽs,ˆ®’¬‚Q’š–Ú,2018-09-11,22,ˆêŒËŒšZ‘î,Ž{ù‚¹‚¸,‚È‚µ
Þ“,ŽÔã‚Ë‚ç‚¢,•ó’Ë,´r_,282146,•ºŒÉŒ§,•ó’ËŽs,´r_‚T’š–Ú,2018-12-19,08,‚»‚Ì‘¼,Ž{ù‚¹‚¸,‚ ‚è
Þ“,ŽÔã‚Ë‚ç‚¢,•ó’Ë,‘åŒ´–ì,282146,•ºŒÉŒ§,•ó’ËŽs,‰º²‘]—˜Žš‘å’J,2018-06-22,06,‚»‚Ì‘¼,Ž{ù‚¹‚¸,‚ ‚è
Þ“,ŽÔã‚Ë‚ç‚¢,ŽÂŽR,ŽÂŽR,282219,•ºŒÉŒ§,ŽÂŽRŽs,’rã,2018-08-22,16,“¹˜Hã,Ž{ù‚¹‚¸,‚ ‚è
Þ“,ŽÔã‚Ë‚ç‚¢,ŽÂŽR,ŽÂŽR,282219,•ºŒÉŒ§,ŽÂŽRŽs,’rã,2018-09-28,12,“¹˜Hã,Ž{ù‚¹‚¸,‚ ‚è
Þ“,ŽÔã‚Ë‚ç‚¢,ŽÂŽR,ŽÂŽR,282219,•ºŒÉŒ§,ŽÂŽRŽs,‘åŽR‰º,2018-09-22,15,‚»‚Ì‘¼,Ž{ù‚¹‚¸,‚ ‚è
Þ“,ŽÔã‚Ë‚ç‚¢,ŽÂŽR,ŽÂŽR,282219,•ºŒÉŒ§,ŽÂŽRŽs,¬‘½“c,2018-08-08,13,“¹˜Hã,Ž{ù‚¹‚¸,‚ ‚è
Þ“,ŽÔã‚Ë‚ç‚¢,ŽÂŽR,ŽÂŽR,282219,•ºŒÉŒ§,ŽÂŽRŽs,–kV’¬,2018-03-07,13,’“ŽÔi—Öjê,Ž{ù‚¹‚¸,‚ ‚è
Þ“,ŽÔã‚Ë‚ç‚¢,ŽÂŽR,ŽÂŽR,282219,•ºŒÉŒ§,ŽÂŽRŽs,ŒS‰Æ,2018-07-01,08,’“ŽÔi—Öjê,Ž{ù‚¹‚¸,‚ ‚è
Þ“,ŽÔã‚Ë‚ç‚¢,ŽÂŽR,ŽÂŽR,282219,•ºŒÉŒ§,ŽÂŽRŽs,Ž›“à,2018-05-28,00,ˆêŒËŒšZ‘î,Ž{ù‚¹‚¸,‚ ‚è
Þ“,ŽÔã‚Ë‚ç‚¢,ŽÂŽR,ŽÂŽR,282219,•ºŒÉŒ§,ŽÂŽRŽs,¼‰ª‰®,2018-10-25,14,’“ŽÔi—Öjê,Ž{ù‚¹‚¸,‚ ‚è
Þ“,ŽÔã‚Ë‚ç‚¢,ŽÂŽR,ŽÂŽR,282219,•ºŒÉŒ§,ŽÂŽRŽs,“Œ‘ò“c,2018-08-08,14,“¹˜Hã,Ž{ù‚¹‚¸,‚ ‚è
Þ“,ŽÔã‚Ë‚ç‚¢,ŽÂŽR,‰_•”,282219,•ºŒÉŒ§,ŽÂŽRŽs,ò,2018-09-22,12,“¹˜Hã,Ž{ù‚¹‚¸,‚ ‚è
Þ“,ŽÔã‚Ë‚ç‚¢,ŽÂŽR,“ú’u,282219,•ºŒÉŒ§,ŽÂŽRŽs,”ªãã,2018-05-19,18,’“ŽÔi—Öjê,Ž{ù‚¹‚¸,‚ ‚è
Þ“,ŽÔã‚Ë‚ç‚¢,ŽÂŽR,‘åˆð,282219,•ºŒÉŒ§,ŽÂŽRŽs,•Ÿˆä,2018-11-28,15,ˆêŒËŒšZ‘î,Ž{ù‚¹‚¸,‚ ‚è
Þ“,ŽÔã‚Ë‚ç‚¢,ŽÂŽR,‘º‰_,282219,•ºŒÉŒ§,ŽÂŽRŽs,Œüˆä,2018-05-01,13,“¹˜Hã,Ž{ù‚¹‚¸,‚ ‚è
Þ“,ŽÔã‚Ë‚ç‚¢,ŽÂŽR,‘º‰_,282219,•ºŒÉŒ§,ŽÂŽRŽs,Œüˆä,2018-10-30,10,‚»‚Ì‘¼,Ž{ù‚¹‚¸,‚ ‚è
Þ“,ŽÔã‚Ë‚ç‚¢,ŽÂŽR,•ŸZ,282219,•ºŒÉŒ§,ŽÂŽRŽs,•ŸZ,2018-02-13,13,’“ŽÔi—Öjê,Ž{ù‚¹‚¸,‚ ‚è
Þ“,ŽÔã‚Ë‚ç‚¢,ŽÂŽR,•ŸZ,282219,•ºŒÉŒ§,ŽÂŽRŽs,•ŸZ,2018-12-17,12,’“ŽÔi—Öjê,Ž{ù‚¹‚¸,‚ ‚è
Þ“,ŽÔã‚Ë‚ç‚¢,ŽÂŽR,‰Í“à,282219,•ºŒÉŒ§,ŽÂŽRŽs,Š_‰®,2018-03-06,14,“¹˜Hã,Ž{ù‚¹‚¸,‚ ‚è
Þ“,ŽÔã‚Ë‚ç‚¢,ŽÂŽR,‰Í“à,282219,•ºŒÉŒ§,ŽÂŽRŽs,æ’|,2018-05-18,15,“¹˜Hã,Ž{ù‚¹‚¸,‚ ‚è
Þ“,ŽÔã‚Ë‚ç‚¢,ŽÂŽR,‘åŽR,282219,•ºŒÉŒ§,ŽÂŽRŽs,‘åŽR‰º,2018-09-28,07,“¹˜Hã,Ž{ù‚¹‚¸,‚È‚µ
Þ“,ŽÔã‚Ë‚ç‚¢,ŽÂŽR,™,282219,•ºŒÉŒ§,ŽÂŽRŽs,“Œ,2018-04-16,12,‚»‚Ì‘¼,Ž{ù‚¹‚¸,‚ ‚è
Þ“,ŽÔã‚Ë‚ç‚¢,ŽÂŽR,™,282219,•ºŒÉŒ§,ŽÂŽRŽs,“Œ,2018-09-28,08,’“ŽÔi—Öjê,Ž{ù‚¹‚¸,‚ ‚è
Þ“,ŽÔã‚Ë‚ç‚¢,ŽÂŽR,é“ì,282219,•ºŒÉŒ§,ŽÂŽRŽs,^“ìðã,2018-09-13,10,“¹˜Hã,Ž{ù‚¹‚¸,‚ ‚è
Þ“,ŽÔã‚Ë‚ç‚¢,ŽÂŽR,ŒÃŽs,282219,•ºŒÉŒ§,ŽÂŽRŽs,–ûˆä,2018-05-01,13,“¹˜Hã,Ž{ù‚¹‚¸,‚ ‚è
Þ“,ŽÔã‚Ë‚ç‚¢,ŽÂŽR,ŒÃŽs,282219,•ºŒÉŒ§,ŽÂŽRŽs,^“ìð’†,2018-03-06,12,‚»‚Ì‘¼,Ž{ù‚¹‚¸,‚ ‚è
Þ“,ŽÔã‚Ë‚ç‚¢,ŽÂŽR,¡“c,282219,•ºŒÉŒ§,ŽÂŽRŽs,¡“c’¬‹xê,2018-09-29,15,“¹˜Hã,Ž{ù‚¹‚¸,‚ ‚è
Þ“,ŽÔã‚Ë‚ç‚¢,’O”g,”Œ´‰w‘O,282235,•ºŒÉŒ§,’O”gŽs,”Œ´’¬”Œ´,2018-03-09,19,’“ŽÔi—Öjê,Ž{ù‚¹‚¸,‚È‚µ
Þ“,ŽÔã‚Ë‚ç‚¢,’O”g,’r’J,282235,•ºŒÉŒ§,’O”gŽs,•Xã’¬ˆä’†,2018-05-17,17,‚»‚Ì‘¼,Ž{ù‚¹‚¸,‚ ‚è
Þ“,ŽÔã‚Ë‚ç‚¢,’O”g,¬ì,282235,•ºŒÉŒ§,’O”gŽs,ŽR“ì’¬ˆäŒ´,2018-01-31,11,“¹˜Hã,Ž{ù‚¹‚¸,‚ ‚è
Þ“,ŽÔã‚Ë‚ç‚¢,’O”g,˜a“c,282235,•ºŒÉŒ§,’O”gŽs,ŽR“ì’¬‘•”,2018-05-26,12,‚»‚Ì‘¼,Ž{ù‚¹‚¸,‚ ‚è
Þ“,ŽÔã‚Ë‚ç‚¢,’O”g,•x“c,282235,•ºŒÉŒ§,’O”gŽs,ŽR“ì’¬¬–ìK,2018-03-28,14,‚»‚Ì‘¼,Ž{ù‚¹‚¸,‚ ‚è
Þ“,ŽÔã‚Ë‚ç‚¢,’O”g,Î¶,282235,•ºŒÉŒ§,’O”gŽs,•Xã’¬Î¶,2018-05-29,07,’“ŽÔi—Öjê,Ž{ù‚¹‚¸,‚ ‚è
Þ“,ŽÔã‚Ë‚ç‚¢,’O”g,’J‘º,282235,•ºŒÉŒ§,’O”gŽs,•Xã’¬V‹½,2018-05-27,14,‚»‚Ì‘¼,Ž{ù‚¹‚¸,‚ ‚è
Þ“,ŽÔã‚Ë‚ç‚¢,’O”g,•Xã,282235,•ºŒÉŒ§,’O”gŽs,•Xã’¬¼’†,•s–¾,•s–¾,’“ŽÔi—Öjê,Ž{ù‚¹‚¸,‚È‚µ
Þ“,ŽÔã‚Ë‚ç‚¢,’O”g,ãV¯,282235,•ºŒÉŒ§,’O”gŽs,•Xã’¬Š`ŽÄ,2018-05-25,14,’“ŽÔi—Öjê,Ž{ù‚¹‚¸,‚ ‚è
Þ“,ŽÔã‚Ë‚ç‚¢,’O”g,ãV¯,282235,•ºŒÉŒ§,’O”gŽs,•Xã’¬ãV¯,2018-11-20,15,’“ŽÔi—Öjê,Ž{ù‚¹‚¸,‚È‚µ
Þ“,ŽÔã‚Ë‚ç‚¢,’O”g,ãV¯,282235,•ºŒÉŒ§,’O”gŽs,•Xã’¬ŽOŒ´,2018-05-18,09,’“ŽÔi—Öjê,Ž{ù‚¹‚¸,‚ ‚è
Þ“,ŽÔã‚Ë‚ç‚¢,’O”g,À,282235,•ºŒÉŒ§,’O”gŽs,•Xã’¬Š›“à,2018-05-30,15,“¹˜Hã,Ž{ù‚¹‚¸,‚ ‚è
Þ“,ŽÔã‚Ë‚ç‚¢,’O”g,ŽRŠ_,282235,•ºŒÉŒ§,’O”gŽs,ÂŠ_’¬’†²Ž¡,2018-08-26,15,“¹˜Hã,Ž{ù‚¹‚¸,‚ ‚è
Þ“,ŽÔã‚Ë‚ç‚¢,’O”g,ÎË,282235,•ºŒÉŒ§,’O”gŽs,t“ú’¬’©“ú,2018-05-27,14,“¹˜Hã,Ž{ù‚¹‚¸,‚ ‚è
Þ“,ŽÔã‚Ë‚ç‚¢,’O”g,‘½—˜,282235,•ºŒÉŒ§,’O”gŽs,t“ú’¬¬‘½—˜,2018-05-27,19,’“ŽÔi—Öjê,Ž{ù‚¹‚¸,‚È‚µ
Þ“,ŽÔã‚Ë‚ç‚¢,’O”g,‘½—˜,282235,•ºŒÉŒ§,’O”gŽs,t“ú’¬‘½“c,2018-11-13,13,“¹˜Hã,Ž{ù‚¹‚¸,‚ ‚è
Þ“,ŽÔã‚Ë‚ç‚¢,’O”g,‘½—˜,282235,•ºŒÉŒ§,’O”gŽs,t“ú’¬‘½“c,2018-12-28,19,’“ŽÔi—Öjê,Ž{ù‚¹‚¸,‚ ‚è
Þ“,ŽÔã‚Ë‚ç‚¢,’O”g,‘½—˜,282235,•ºŒÉŒ§,’O”gŽs,t“ú’¬‘½—˜,2018-05-27,19,’“ŽÔi—Öjê,Ž{ù‚¹‚¸,‚ ‚è
Þ“,ŽÔã‚Ë‚ç‚¢,’O”g,‘½—˜,282235,•ºŒÉŒ§,’O”gŽs,t“ú’¬‘½—˜,2018-07-25,18,“¹˜Hã,Ž{ù‚¹‚¸,‚ ‚è
Þ“,ŽÔã‚Ë‚ç‚¢,’O”g,ã–q,282235,•ºŒÉŒ§,’O”gŽs,Žs“‡’¬ã–q,2018-05-19,13,“¹˜Hã,Ž{ù‚¹‚¸,‚È‚µ
Þ“,ŽÔã‚Ë‚ç‚¢,–¾Î,,,,,,2016-07-15,•s–¾,‚»‚Ì‘¼,Ž{ù‚¹‚¸,‚È‚µ
Þ“,ŽÔã‚Ë‚ç‚¢,–¾Î,–¾Î‰w‘O,282031,•ºŒÉŒ§,–¾ÎŽs,‘å–¾Î’¬‚P’š–Ú,2018-08-22,15,“¹˜Hã,Ž{ù‚¹‚¸,‚È‚µ
Þ“,ŽÔã‚Ë‚ç‚¢,–¾Î,–¾Î‰w‘O,282031,•ºŒÉŒ§,–¾ÎŽs,’bŽ¡‰®’¬,2018-10-19,08,’“ŽÔi—Öjê,Ž{ù‚¹‚¸,‚È‚µ
Þ“,ŽÔã‚Ë‚ç‚¢,–¾Î,–¾Î‰w‘O,282031,•ºŒÉŒ§,–¾ÎŽs,“Œ’‡ƒm’¬,2018-03-29,12,’“ŽÔi—Öjê,Ž{ù‚¹‚¸,‚È‚µ
Þ“,ŽÔã‚Ë‚ç‚¢,–¾Î,–¾Î‰w‘O,282031,•ºŒÉŒ§,–¾ÎŽs,“Œ’‡ƒm’¬,2018-05-19,13,’“ŽÔi—Öjê,Ž{ù‚¹‚¸,‚È‚µ
Þ“,ŽÔã‚Ë‚ç‚¢,–¾Î,–¾Î‰w‘O,282031,•ºŒÉŒ§,–¾ÎŽs,“Œ’‡ƒm’¬,2018-10-17,15,’“ŽÔi—Öjê,Ž{ù‚¹‚¸,‚È‚µ
Þ“,ŽÔã‚Ë‚ç‚¢,–¾Î,–¾Î‰w‘O,282031,•ºŒÉŒ§,–¾ÎŽs,¼‚ª‹u‚Q’š–Ú,2018-08-26,14,’“ŽÔi—Öjê,Ž{ù‚¹‚¸,‚È‚µ
Þ“,ŽÔã‚Ë‚ç‚¢,–¾Î,–¾Î‰w‘O,282031,•ºŒÉŒ§,–¾ÎŽs,ŽR‰º’¬,2018-08-16,10,’“ŽÔi—Öjê,Ž{ù‚¹‚¸,‚È‚µ
Þ“,ŽÔã‚Ë‚ç‚¢,–¾Î,–{’¬,282031,•ºŒÉŒ§,–¾ÎŽs,’M‰®’¬,2018-12-13,10,’“ŽÔi—Öjê,Ž{ù‚¹‚¸,‚È‚µ
Þ“,ŽÔã‚Ë‚ç‚¢,–¾Î,–{’¬,282031,•ºŒÉŒ§,–¾ÎŽs,–{’¬‚P’š–Ú,2017-12-30,15,“¹˜Hã,Ž{ù‚¹‚¸,‚ ‚è
Þ“,ŽÔã‚Ë‚ç‚¢,–¾Î,–{’¬,282031,•ºŒÉŒ§,–¾ÎŽs,–{’¬‚Q’š–Ú,2018-08-14,15,’“ŽÔi—Öjê,Ž{ù‚¹‚¸,‚È‚µ
Þ“,ŽÔã‚Ë‚ç‚¢,–¾Î,–{’¬,282031,•ºŒÉŒ§,–¾ÎŽs,–¦’¬,2018-06-13,23,ˆêŒËŒšZ‘î,Ž{ù‚¹‚¸,‚È‚µ
Þ“,ŽÔã‚Ë‚ç‚¢,–¾Î,–{’¬,282031,•ºŒÉŒ§,–¾ÎŽs,–¦’¬,2018-08-17,10,“¹˜Hã,Ž{ù‚¹‚¸,‚ ‚è
Þ“,ŽÔã‚Ë‚ç‚¢,–¾Î,‘å‘ ,282031,•ºŒÉŒ§,–¾ÎŽs,‘å‘ “V_’¬,2018-08-09,10,“¹˜Hã,Ž{ù‚¹‚¸,‚ ‚è
Þ“,ŽÔã‚Ë‚ç‚¢,–¾Î,‘å‘ ,282031,•ºŒÉŒ§,–¾ÎŽs,’©–¶“ì’¬‚S’š–Ú,2018-04-28,20,’“ŽÔi—Öjê,Ž{ù‚¹‚¸,‚ ‚è
Þ“,ŽÔã‚Ë‚ç‚¢,–¾Î,¼V’¬,282031,•ºŒÉŒ§,–¾ÎŽs,Œ¥’¬‚R’š–Ú,2018-01-25,18,’“ŽÔi—Öjê,Ž{ù‚¹‚¸,‚È‚µ
Þ“,ŽÔã‚Ë‚ç‚¢,–¾Î,¼V’¬,282031,•ºŒÉŒ§,–¾ÎŽs,Œ¥’¬‚R’š–Ú,2018-09-12,09,’“ŽÔi—Öjê,Ž{ù‚¹‚¸,‚È‚µ
Þ“,ŽÔã‚Ë‚ç‚¢,–¾Î,¼V’¬,282031,•ºŒÉŒ§,–¾ÎŽs,¼V’¬‚P’š–Ú,2018-01-29,08,“¹˜Hã,Ž{ù‚¹‚¸,‚È‚µ
Þ“,ŽÔã‚Ë‚ç‚¢,–¾Î,—Ñè,282031,•ºŒÉŒ§,–¾ÎŽs,‹Mè‚Q’š–Ú,2018-06-02,12,‚SŠKŒš‚ÄˆÈã‹¤“¯Z‘î,Ž{ù‚¹‚¸,‚ ‚è
Þ“,ŽÔã‚Ë‚ç‚¢,–¾Î,—Ñè,282031,•ºŒÉŒ§,–¾ÎŽs,‹Mè‚Q’š–Ú,2018-06-09,11,“¹˜Hã,Ž{ù‚¹‚¸,‚È‚µ
Þ“,ŽÔã‚Ë‚ç‚¢,–¾Î,¬‹v•Û,282031,•ºŒÉŒ§,–¾ÎŽs,¬‹v•Û‚S’š–Ú,2018-05-26,11,‚»‚Ì‘¼,Ž{ù‚¹‚¸,‚ ‚è
Þ“,ŽÔã‚Ë‚ç‚¢,–¾Î,¬‹v•Û,282031,•ºŒÉŒ§,–¾ÎŽs,¼–¾Î–k’¬‚P’š–Ú,2018-03-15,12,’“ŽÔi—Öjê,Ž{ù‚¹‚¸,‚È‚µ
Þ“,ŽÔã‚Ë‚ç‚¢,–¾Î,¬‹v•Û,282031,•ºŒÉŒ§,–¾ÎŽs,¼–¾Î–k’¬‚P’š–Ú,2018-05-27,17,‚»‚Ì‘¼,Ž{ù‚¹‚¸,‚È‚µ
Þ“,ŽÔã‚Ë‚ç‚¢,–¾Î,¬‹v•Û,282031,•ºŒÉŒ§,–¾ÎŽs,¼–¾Î–k’¬‚P’š–Ú,2018-05-29,18,’“ŽÔi—Öjê,Ž{ù‚¹‚¸,‚È‚µ
Þ“,ŽÔã‚Ë‚ç‚¢,–¾Î,¬‹v•Û,282031,•ºŒÉŒ§,–¾ÎŽs,¼–¾Î–k’¬‚P’š–Ú,2018-06-24,17,’“ŽÔi—Öjê,Ž{ù‚¹‚¸,‚È‚µ
Þ“,ŽÔã‚Ë‚ç‚¢,–¾Î,¬‹v•Û,282031,•ºŒÉŒ§,–¾ÎŽs,¼–¾Î’¬‚T’š–Ú,2018-03-14,09,’“ŽÔi—Öjê,Ž{ù‚¹‚¸,‚È‚µ
Þ“,ŽÔã‚Ë‚ç‚¢,–¾Î,¬‹v•Û,282031,•ºŒÉŒ§,–¾ÎŽs,“¡],2018-03-06,20,“¹˜Hã,Ž{ù‚¹‚¸,‚ ‚è
Þ“,ŽÔã‚Ë‚ç‚¢,–¾Î,¬‹v•Û,282031,•ºŒÉŒ§,–¾ÎŽs,–¾“ì’¬‚R’š–Ú,2018-03-15,17,“¹˜Hã,Ž{ù‚¹‚¸,‚ ‚è
Þ“,ŽÔã‚Ë‚ç‚¢,–¾Î,“¡],282031,•ºŒÉŒ§,–¾ÎŽs,“¡],2018-11-08,20,’“ŽÔi—Öjê,Ž{ù‚¹‚¸,‚È‚µ
Þ“,ŽÔã‚Ë‚ç‚¢,–¾Î,‘å‹v•Û,282031,•ºŒÉŒ§,–¾ÎŽs,‘å‹v•Û’¬‘åŒE,2018-05-15,20,ˆêŒËŒšZ‘î,Ž{ù‚¹‚¸,‚ ‚è
Þ“,ŽÔã‚Ë‚ç‚¢,–¾Î,‘å‹v•Û,282031,•ºŒÉŒ§,–¾ÎŽs,‘å‹v•Û’¬‘åŒE,2018-05-21,10,“¹˜Hã,Ž{ù‚¹‚¸,‚È‚µ
Þ“,ŽÔã‚Ë‚ç‚¢,–¾Î,‘å‹v•Û,282031,•ºŒÉŒ§,–¾ÎŽs,‘å‹v•Û’¬‘åŒE,2018-07-19,05,“¹˜Hã,Ž{ù‚¹‚¸,‚ ‚è
Þ“,ŽÔã‚Ë‚ç‚¢,–¾Î,‘å‹v•Û,282031,•ºŒÉŒ§,–¾ÎŽs,‘å‹v•Û’¬‘åŒE,2018-08-18,09,’“ŽÔi—Öjê,Ž{ù‚¹‚¸,‚ ‚è
Þ“,ŽÔã‚Ë‚ç‚¢,–¾Î,‘å‹v•Û,282031,•ºŒÉŒ§,–¾ÎŽs,‘å‹v•Û’¬‘å‹v•Û’¬,2018-07-23,14,“¹˜Hã,Ž{ù‚¹‚¸,‚ ‚è
Þ“,ŽÔã‚Ë‚ç‚¢,–¾Î,‘å‹v•Û,282031,•ºŒÉŒ§,–¾ÎŽs,‘å‹v•Û’¬¼˜e,2017-12-18,16,’“ŽÔi—Öjê,Ž{ù‚¹‚¸,‚ ‚è
Þ“,ŽÔã‚Ë‚ç‚¢,–¾Î,‘å‹v•Û,282031,•ºŒÉŒ§,–¾ÎŽs,‘å‹v•Û’¬¼‰A,2018-04-02,12,’“ŽÔi—Öjê,Ž{ù‚¹‚¸,‚È‚µ
Þ“,ŽÔã‚Ë‚ç‚¢,–¾Î,‘å‹v•Û,282031,•ºŒÉŒ§,–¾ÎŽs,‘å‹v•Û’¬X“c,2018-11-07,21,’“ŽÔi—Öjê,Ž{ù‚¹‚¸,‚ ‚è
Þ“,ŽÔã‚Ë‚ç‚¢,–¾Î,‘å‹v•Û,282031,•ºŒÉŒ§,–¾ÎŽs,‘å‹v•Û’¬—Î‚ª‹u,2018-05-17,21,’“ŽÔi—Öjê,Ž{ù‚¹‚¸,‚ ‚è
Þ“,ŽÔã‚Ë‚ç‚¢,–¾Î,‘å‹v•Û,282031,•ºŒÉŒ§,–¾ÎŽs,‘å‹v•Û’¬—Î‚ª‹u,2018-09-04,17,’“ŽÔi—Öjê,Ž{ù‚¹‚¸,‚ ‚è
Þ“,ŽÔã‚Ë‚ç‚¢,–¾Î,‘å‹v•Û,282031,•ºŒÉŒ§,–¾ÎŽs,‘å‹v•Û’¬—Î‚ª‹u,2018-09-05,18,’“ŽÔi—Öjê,Ž{ù‚¹‚¸,‚ ‚è
Þ“,ŽÔã‚Ë‚ç‚¢,–¾Î,‘å‹v•Û,282031,•ºŒÉŒ§,–¾ÎŽs,‘å‹v•Û’¬—Î‚ª‹u,2018-09-05,20,“¹˜Hã,Ž{ù‚¹‚¸,‚È‚µ
Þ“,ŽÔã‚Ë‚ç‚¢,–¾Î,‘å‹v•Û,282031,•ºŒÉŒ§,–¾ÎŽs,‘å‹v•Û’¬‰w‘O‚P’š–Ú,2018-07-12,10,’“ŽÔi—Öjê,Ž{ù‚¹‚¸,‚ ‚è
Þ“,ŽÔã‚Ë‚ç‚¢,–¾Î,‘å‹v•Û,282031,•ºŒÉŒ§,–¾ÎŽs,‘å‹v•Û’¬ˆ©‚R’š–Ú,2018-08-27,08,’“ŽÔi—Öjê,Ž{ù‚¹‚¸,‚ ‚è
Þ“,ŽÔã‚Ë‚ç‚¢,–¾Î,‘å‹v•Û“ì,282031,•ºŒÉŒ§,–¾ÎŽs,‹›Z’¬‹àƒPè,2018-09-16,19,’“ŽÔi—Öjê,Ž{ù‚¹‚¸,‚ ‚è
Þ“,ŽÔã‚Ë‚ç‚¢,–¾Î,‘å‹v•Û“ì,282031,•ºŒÉŒ§,–¾ÎŽs,‘å‹v•Û’¬‘åŒE,2018-08-11,17,“¹˜Hã,Ž{ù‚¹‚¸,‚ ‚è
Þ“,ŽÔã‚Ë‚ç‚¢,–¾Î,‘å‹v•Û“ì,282031,•ºŒÉŒ§,–¾ÎŽs,‘å‹v•Û’¬’J”ª–Ø,2018-11-08,17,ˆêŒËŒšZ‘î,Ž{ù‚¹‚¸,‚ ‚è
Þ“,ŽÔã‚Ë‚ç‚¢,–¾Î,‚‹u,282031,•ºŒÉŒ§,–¾ÎŽs,‘å‹v•Û’¬‘åŒE,2018-10-26,18,’“ŽÔi—Öjê,Ž{ù‚¹‚¸,‚È‚µ
Þ“,ŽÔã‚Ë‚ç‚¢,–¾Î,‚‹u,282031,•ºŒÉŒ§,–¾ÎŽs,‘å‹v•Û’¬‚‹u‚R’š–Ú,2018-08-08,18,’“ŽÔi—Öjê,Ž{ù‚¹‚¸,‚ ‚è
Þ“,ŽÔã‚Ë‚ç‚¢,–¾Î,”ª–Ø,282031,•ºŒÉŒ§,–¾ÎŽs,‘å‹v•Û’¬”ª–Ø,2018-07-05,07,“¹˜Hã,Ž{ù‚¹‚¸,‚ ‚è
Þ“,ŽÔã‚Ë‚ç‚¢,–¾Î,”ª–Ø,282031,•ºŒÉŒ§,–¾ÎŽs,‘å‹v•Û’¬”ª–Ø,2018-09-06,13,ˆêŒËŒšZ‘î,Ž{ù‚¹‚¸,‚È‚µ
Þ“,ŽÔã‚Ë‚ç‚¢,–¾Î,”ª–Ø,282031,•ºŒÉŒ§,–¾ÎŽs,‘å‹v•Û’¬”ª–Ø,2018-09-06,21,’“ŽÔi—Öjê,Ž{ù‚¹‚¸,‚ ‚è
Þ“,ŽÔã‚Ë‚ç‚¢,–¾Î,]ˆä“‡,282031,•ºŒÉŒ§,–¾ÎŽs,‘å‹v•Û’¬¼“‡,2018-11-01,19,’“ŽÔi—Öjê,Ž{ù‚¹‚¸,‚È‚µ
Þ“,ŽÔã‚Ë‚ç‚¢,–¾Î,‹›Z,282031,•ºŒÉŒ§,–¾ÎŽs,‹›Z’¬´…,2018-09-15,15,“¹˜Hã,Ž{ù‚¹‚¸,‚ ‚è
Þ“,ŽÔã‚Ë‚ç‚¢,–¾Î,‹›Z,282031,•ºŒÉŒ§,–¾ÎŽs,‹›Z’¬´…,2018-11-29,06,‚SŠKŒš‚ÄˆÈã‹¤“¯Z‘î,Ž{ù‚¹‚¸,‚È‚µ
Þ“,ŽÔã‚Ë‚ç‚¢,–¾Î,‹›Z,282031,•ºŒÉŒ§,–¾ÎŽs,‹›Z’¬’·âŽ›,2018-08-21,06,’“ŽÔi—Öjê,Ž{ù‚¹‚¸,‚È‚µ
Þ“,ŽÔã‚Ë‚ç‚¢,–¾Î,‹›Z,282031,•ºŒÉŒ§,–¾ÎŽs,‹›Z’¬¼‰ª,2018-08-22,09,“¹˜Hã,Ž{ù‚¹‚¸,‚È‚µ
Þ“,ŽÔã‚Ë‚ç‚¢,–¾Î,‹›Z,282031,•ºŒÉŒ§,–¾ÎŽs,‹›Z’¬¼‰ª,2018-11-24,13,“¹˜Hã,Ž{ù‚¹‚¸,‚ ‚è
Þ“,ŽÔã‚Ë‚ç‚¢,–¾Î,‹›Z,282031,•ºŒÉŒ§,–¾ÎŽs,‹›Z’¬‹Ñ‚ª‹u‚P’š–Ú,2018-12-19,01,’“ŽÔi—Öjê,Ž{ù‚¹‚¸,‚È‚µ
Þ“,ŽÔã‚Ë‚ç‚¢,–¾Î,‹›Z,282031,•ºŒÉŒ§,–¾ÎŽs,‹›Z’¬‹Ñ‚ª‹u‚R’š–Ú,2018-08-19,17,ˆêŒËŒšZ‘î,Ž{ù‚¹‚¸,‚È‚µ
Þ“,ŽÔã‚Ë‚ç‚¢,–¾Î,‹›Z,282031,•ºŒÉŒ§,–¾ÎŽs,‹›Z’¬Z‹g‚P’š–Ú,2018-08-31,21,’“ŽÔi—Öjê,Ž{ù‚¹‚¸,‚ ‚è
Þ“,ŽÔã‚Ë‚ç‚¢,–¾Î,“Œ“ñŒ©,282031,•ºŒÉŒ§,–¾ÎŽs,‹›Z’¬¼‰ª,2018-05-23,10,“¹˜Hã,Ž{ù‚¹‚¸,‚È‚µ
Þ“,ŽÔã‚Ë‚ç‚¢,–¾Î,“Œ“ñŒ©,282031,•ºŒÉŒ§,–¾ÎŽs,“ñŒ©’¬¼“ñŒ©,2018-03-23,00,’“ŽÔi—Öjê,Ž{ù‚¹‚¸,‚ ‚è
Þ“,ŽÔã‚Ë‚ç‚¢,–¾Î,“Œ“ñŒ©,282031,•ºŒÉŒ§,–¾ÎŽs,“ñŒ©’¬¼“ñŒ©,2018-07-07,18,’“ŽÔi—Öjê,Ž{ù‚¹‚¸,‚ ‚è
Þ“,ŽÔã‚Ë‚ç‚¢,–¾Î,“Œ“ñŒ©,282031,•ºŒÉŒ§,–¾ÎŽs,“ñŒ©’¬¼“ñŒ©,2018-10-02,22,’“ŽÔi—Öjê,Ž{ù‚¹‚¸,‚ ‚è
Þ“,ŽÔã‚Ë‚ç‚¢,–¾Î,“Œ“ñŒ©,282031,•ºŒÉŒ§,–¾ÎŽs,“ñŒ©’¬“Œ“ñŒ©,2018-02-25,12,ˆêŒËŒšZ‘î,Ž{ù‚¹‚¸,‚ ‚è
Þ“,ŽÔã‚Ë‚ç‚¢,–¾Î,“Œ“ñŒ©,282031,•ºŒÉŒ§,–¾ÎŽs,“ñŒ©’¬“Œ“ñŒ©,2018-06-11,16,’“ŽÔi—Öjê,Ž{ù‚¹‚¸,‚È‚µ
Þ“,ŽÔã‚Ë‚ç‚¢,–¾Î,“Œ“ñŒ©,282031,•ºŒÉŒ§,–¾ÎŽs,“ñŒ©’¬“Œ“ñŒ©,2018-07-29,16,“¹˜Hã,Ž{ù‚¹‚¸,‚ ‚è
Þ“,ŽÔã‚Ë‚ç‚¢,–¾Î,“Œ“ñŒ©,282031,•ºŒÉŒ§,–¾ÎŽs,“ñŒ©’¬“Œ“ñŒ©,2018-10-03,19,ˆêŒËŒšZ‘î,Ž{ù‚¹‚¸,‚ ‚è
Þ“,ŽÔã‚Ë‚ç‚¢,–¾Î,“Œ“ñŒ©,282031,•ºŒÉŒ§,–¾ÎŽs,“ñŒ©’¬¼“ñŒ©‰w‘O‚R’š–Ú,2018-10-01,20,‚»‚Ì‘¼,Ž{ù‚¹‚¸,‚È‚µ
Þ“,ŽÔã‚Ë‚ç‚¢,–¾Î,¼“ñŒ©,282031,•ºŒÉŒ§,–¾ÎŽs,‹›Z’¬´…,2018-01-06,19,’“ŽÔi—Öjê,Ž{ù‚¹‚¸,‚È‚µ
Þ“,ŽÔã‚Ë‚ç‚¢,–¾Î,¼“ñŒ©,282031,•ºŒÉŒ§,–¾ÎŽs,‹›Z’¬´…,2018-03-18,11,’“ŽÔi—Öjê,Ž{ù‚¹‚¸,‚È‚µ
Þ“,ŽÔã‚Ë‚ç‚¢,–¾Î,¼“ñŒ©,282031,•ºŒÉŒ§,–¾ÎŽs,‹›Z’¬´…,2018-10-17,20,’“ŽÔi—Öjê,Ž{ù‚¹‚¸,‚ ‚è
Þ“,ŽÔã‚Ë‚ç‚¢,–¾Î,¼“ñŒ©,282031,•ºŒÉŒ§,–¾ÎŽs,“ñŒ©’¬¼“ñŒ©,2018-09-11,09,’“ŽÔi—Öjê,Ž{ù‚¹‚¸,‚È‚µ
Þ“,ŽÔã‚Ë‚ç‚¢,–¾Î,¼“ñŒ©,282031,•ºŒÉŒ§,–¾ÎŽs,“ñŒ©’¬¼“ñŒ©,2018-10-03,11,’“ŽÔi—Öjê,Ž{ù‚¹‚¸,‚È‚µ
Þ“,ŽÔã‚Ë‚ç‚¢,–¾Î,¼“ñŒ©,282031,•ºŒÉŒ§,–¾ÎŽs,“ñŒ©’¬¼“ñŒ©,2018-10-03,18,ˆêŒËŒšZ‘î,Ž{ù‚¹‚¸,‚ ‚è
Þ“,ŽÔã‚Ë‚ç‚¢,–¾Î,¼“ñŒ©,282031,•ºŒÉŒ§,–¾ÎŽs,“ñŒ©’¬¼“ñŒ©,2018-10-03,20,’“ŽÔi—Öjê,Ž{ù‚¹‚¸,‚È‚µ
Þ“,ŽÔã‚Ë‚ç‚¢,–¾Î,¼“ñŒ©,282031,•ºŒÉŒ§,–¾ÎŽs,“ñŒ©’¬¼“ñŒ©,2018-10-03,22,ˆêŒËŒšZ‘î,Ž{ù‚¹‚¸,‚ ‚è
Þ“,ŽÔã‚Ë‚ç‚¢,–¾Î,¼“ñŒ©,282031,•ºŒÉŒ§,–¾ÎŽs,“ñŒ©’¬“ì“ñŒ©,2018-03-16,12,“¹˜Hã,Ž{ù‚¹‚¸,‚ ‚è
Þ“,ŽÔã‚Ë‚ç‚¢,–¾Î,¼–¾Î,282031,•ºŒÉŒ§,–¾ÎŽs,Œ¥’¬‚Q’š–Ú,2018-03-17,06,’“ŽÔi—Öjê,Ž{ù‚¹‚¸,‚ ‚è
Þ“,ŽÔã‚Ë‚ç‚¢,–¾Î,’©–¶’¬,282031,•ºŒÉŒ§,–¾ÎŽs,–{’¬‚Q’š–Ú,2018-10-15,18,’“ŽÔi—Öjê,Ž{ù‚¹‚¸,‚ ‚è
Þ“,ŽÔã‚Ë‚ç‚¢,–¾Î,–¾•‘,282031,•ºŒÉŒ§,–¾ÎŽs,¼‚ª‹u‚T’š–Ú,2018-03-23,21,’“ŽÔi—Öjê,Ž{ù‚¹‚¸,‚ ‚è
Þ“,ŽÔã‚Ë‚ç‚¢,–¾Î,–¾•‘,282031,•ºŒÉŒ§,–¾ÎŽs,’©–¶“ì’¬‚Q’š–Ú,2018-04-02,23,’“ŽÔi—Öjê,Ž{ù‚¹‚¸,‚È‚µ
Þ“,ŽÔã‚Ë‚ç‚¢,ŽO–Ø,‘å’Ë,282154,•ºŒÉŒ§,ŽO–ØŽs,•{“à’¬,2018-12-06,03,’“ŽÔi—Öjê,Ž{ù‚¹‚¸,‚È‚µ
Þ“,ŽÔã‚Ë‚ç‚¢,ŽO–Ø,–{’¬,282154,•ºŒÉŒ§,ŽO–ØŽs,‘å‘º,2018-08-14,14,“¹˜Hã,Ž{ù‚¹‚¸,‚ ‚è
Þ“,ŽÔã‚Ë‚ç‚¢,ŽO–Ø,–{’¬,282154,•ºŒÉŒ§,ŽO–ØŽs,‰Á²,2018-09-18,21,’“ŽÔi—Öjê,Ž{ù‚¹‚¸,‚È‚µ
Þ“,ŽÔã‚Ë‚ç‚¢,ŽO–Ø,–{’¬,282154,•ºŒÉŒ§,ŽO–ØŽs,––L‚R’š–Ú,2018-10-05,12,’“ŽÔi—Öjê,Ž{ù‚¹‚¸,‚ ‚è
Þ“,ŽÔã‚Ë‚ç‚¢,ŽO–Ø,–{’¬,282154,•ºŒÉŒ§,ŽO–ØŽs,•½“c‚Q’š–Ú,2018-10-10,17,’“ŽÔi—Öjê,Ž{ù‚¹‚¸,‚ ‚è
Þ“,ŽÔã‚Ë‚ç‚¢,ŽO–Ø,×ì,282154,•ºŒÉŒ§,ŽO–ØŽs,×ì’¬‹à‰®,2018-08-11,17,ˆêŒËŒšZ‘î,Ž{ù‚¹‚¸,‚ ‚è
Þ“,ŽÔã‚Ë‚ç‚¢,ŽO–Ø,×ì,282154,•ºŒÉŒ§,ŽO–ØŽs,×ì’¬–L’n,2018-12-27,15,“¹˜Hã,Ž{ù‚¹‚¸,‚ ‚è
Þ“,ŽÔã‚Ë‚ç‚¢,ŽO–Ø,×ì,282154,•ºŒÉŒ§,ŽO–ØŽs,×ì’¬’†—¢,2018-05-11,15,‚»‚Ì‘¼,Ž{ù‚¹‚¸,‚È‚µ
Þ“,ŽÔã‚Ë‚ç‚¢,ŽO–Ø,×ì,282154,•ºŒÉŒ§,ŽO–ØŽs,×ì’¬’†—¢,2018-12-08,16,’“ŽÔi—Öjê,Ž{ù‚¹‚¸,‚È‚µ
Þ“,ŽÔã‚Ë‚ç‚¢,ŽO–Ø,×ì,282154,•ºŒÉŒ§,ŽO–ØŽs,×ì’¬×ì’†,2018-12-21,16,’“ŽÔi—Öjê,Ž{ù‚¹‚¸,‚È‚µ
Þ“,ŽÔã‚Ë‚ç‚¢,ŽO–Ø,×ì,282154,•ºŒÉŒ§,ŽO–ØŽs,×ì’¬•ä,2018-08-31,14,’“ŽÔi—Öjê,Ž{ù‚¹‚¸,‚ ‚è
Þ“,ŽÔã‚Ë‚ç‚¢,ŽO–Ø,Œû‹gì,282154,•ºŒÉŒ§,ŽO–ØŽs,×ì’¬•ä,2018-05-21,13,’“ŽÔi—Öjê,Ž{ù‚¹‚¸,‚ ‚è
Þ“,ŽÔã‚Ë‚ç‚¢,ŽO–Ø,‘O“c,282154,•ºŒÉŒ§,ŽO–ØŽs,‹gì’¬‹gˆÀ,2018-05-27,17,‚»‚Ì‘¼,Ž{ù‚¹‚¸,‚ ‚è
Þ“,ŽÔã‚Ë‚ç‚¢,ŽO–Ø,Œäâ,282154,•ºŒÉŒ§,ŽO–ØŽs,Žuõ’¬ŽO’Ã“c,2018-10-07,12,’“ŽÔi—Öjê,Ž{ù‚¹‚¸,‚ ‚è
Þ“,ŽÔã‚Ë‚ç‚¢,ŽO–Ø,Ž©—R‚ª‹u,282154,•ºŒÉŒ§,ŽO–ØŽs,Žuõ’¬L–ì‚T’š–Ú,2018-12-07,17,’“ŽÔi—Öjê,Ž{ù‚¹‚¸,‚È‚µ
Þ“,ŽÔã‚Ë‚ç‚¢,ŽO–Ø,‹gì,282154,•ºŒÉŒ§,ŽO–ØŽs,‹gì’¬ã¼,2018-09-27,16,’“ŽÔi—Öjê,Ž{ù‚¹‚¸,‚ ‚è
Þ“,ŽÔã‚Ë‚ç‚¢,ŽO–Ø,‹gì,282154,•ºŒÉŒ§,ŽO–ØŽs,‹gì’¬‘å‘ò,2018-11-08,15,’“ŽÔi—Öjê,Ž{ù‚¹‚¸,‚ ‚è
Þ“,ŽÔã‚Ë‚ç‚¢,ŽO–Ø,‹gì,282154,•ºŒÉŒ§,ŽO–ØŽs,‹gì’¬‹à‰ï,2018-12-17,14,‚»‚Ì‘¼,Ž{ù‚¹‚¸,‚È‚µ
Þ“,ŽÔã‚Ë‚ç‚¢,‰Á“Œ,ã‹v•Ä,282286,•ºŒÉŒ§,‰Á“ŒŽs,ã‹v•Ä,2018-07-14,15,“¹˜Hã,Ž{ù‚¹‚¸,‚ ‚è
Þ“,ŽÔã‚Ë‚ç‚¢,‰Á“Œ,ã‹v•Ä,282286,•ºŒÉŒ§,‰Á“ŒŽs,ã‹v•Ä,2018-12-18,17,’“ŽÔi—Öjê,Ž{ù‚¹‚¸,‚ ‚è
Þ“,ŽÔã‚Ë‚ç‚¢,‰Á“Œ,ŽO‘,282286,•ºŒÉŒ§,‰Á“ŒŽs,–Ø—œ,2018-04-21,13,’“ŽÔi—Öjê,Ž{ù‚¹‚¸,‚ ‚è
Þ“,ŽÔã‚Ë‚ç‚¢,‰Á“Œ,‘ê–ì,282286,•ºŒÉŒ§,‰Á“ŒŽs,ŠŒ´,2018-09-28,23,’“ŽÔi—Öjê,Ž{ù‚¹‚¸,‚ ‚è
Þ“,ŽÔã‚Ë‚ç‚¢,‰Á“Œ,‘ê–ì,282286,•ºŒÉŒ§,‰Á“ŒŽs,ã‘ê–ì,2018-08-02,17,’“ŽÔi—Öjê,Ž{ù‚¹‚¸,‚ ‚è
Þ“,ŽÔã‚Ë‚ç‚¢,‰Á“Œ,‘ê–ì,282286,•ºŒÉŒ§,‰Á“ŒŽs,ã‘ê–ì,2018-10-07,12,‚»‚Ì‘¼,Ž{ù‚¹‚¸,‚È‚µ
Þ“,ŽÔã‚Ë‚ç‚¢,‰Á“Œ,‘ê–ì,282286,•ºŒÉŒ§,‰Á“ŒŽs,–k–ì,2018-03-22,15,’“ŽÔi—Öjê,Ž{ù‚¹‚¸,‚ ‚è
Þ“,ŽÔã‚Ë‚ç‚¢,‰Á“Œ,‘ê–ì,282286,•ºŒÉŒ§,‰Á“ŒŽs,–k–ì,2018-05-21,19,’“ŽÔi—Öjê,Ž{ù‚¹‚¸,‚ ‚è
Þ“,ŽÔã‚Ë‚ç‚¢,‰Á“Œ,‚‰ª,282286,•ºŒÉŒ§,‰Á“ŒŽs,‚‰ª,2018-08-11,15,‚»‚Ì‘¼,Ž{ù‚¹‚¸,‚ ‚è
Þ“,ŽÔã‚Ë‚ç‚¢,‰Á“Œ,‚‰ª,282286,•ºŒÉŒ§,‰Á“ŒŽs,¼ŒÃ£,2018-10-26,16,ˆêŒËŒšZ‘î,Ž{ù‚¹‚¸,‚ ‚è
Þ“,ŽÔã‚Ë‚ç‚¢,‰Á“Œ,‹gˆä,282286,•ºŒÉŒ§,‰Á“ŒŽs,V’è,2018-12-22,18,’“ŽÔi—Öjê,Ž{ù‚¹‚¸,‚ ‚è
Þ“,ŽÔã‚Ë‚ç‚¢,‰Á“Œ,H’Ã,282286,•ºŒÉŒ§,‰Á“ŒŽs,H’Ã,2018-02-19,13,‚»‚Ì‘¼,Ž{ù‚¹‚¸,‚ ‚è
Þ“,ŽÔã‚Ë‚ç‚¢,‰Á“Œ,H’Ã,282286,•ºŒÉŒ§,‰Á“ŒŽs,•’J,2018-04-25,13,“¹˜Hã,Ž{ù‚¹‚¸,‚ ‚è
Þ“,ŽÔã‚Ë‚ç‚¢,‰Á¼,,282201,•ºŒÉŒ§,‰Á¼Žs,–kð’¬“Œ“ì,2018-04-04,13,‚»‚Ì‘¼,Ž{ù‚¹‚¸,‚ ‚è
Þ“,ŽÔã‚Ë‚ç‚¢,‰Á¼,–kð,282201,•ºŒÉŒ§,‰Á¼Žs,–kð’¬ŒÃâ‚U’š–Ú,2017-12-21,14,’“ŽÔi—Öjê,Ž{ù‚¹‚¸,‚ ‚è
Þ“,ŽÔã‚Ë‚ç‚¢,‰Á¼,–kð,282201,•ºŒÉŒ§,‰Á¼Žs,–kð’¬–kð,2017-12-29,15,’“ŽÔi—Öjê,Ž{ù‚¹‚¸,‚ ‚è
Þ“,ŽÔã‚Ë‚ç‚¢,‰Á¼,–kð,282201,•ºŒÉŒ§,‰Á¼Žs,–kð’¬–kð,2018-02-04,15,“¹˜Hã,Ž{ù‚¹‚¸,‚ ‚è
Þ“,ŽÔã‚Ë‚ç‚¢,‰Á¼,–kð,282201,•ºŒÉŒ§,‰Á¼Žs,–kð’¬–kð,2018-12-24,13,’“ŽÔi—Öjê,Ž{ù‚¹‚¸,‚È‚µ
Þ“,ŽÔã‚Ë‚ç‚¢,‰Á¼,–kð,282201,•ºŒÉŒ§,‰Á¼Žs,–kð’¬–kð,2018-12-30,15,’“ŽÔi—Öjê,Ž{ù‚¹‚¸,‚È‚µ
Þ“,ŽÔã‚Ë‚ç‚¢,‰Á¼,•x“c,282201,•ºŒÉŒ§,‰Á¼Žs,”¨’¬,2018-04-28,15,‚»‚Ì‘¼‚ÌZ‘îi‚RŠKŒš‚ÄˆÈ‰º‹¤“¯Z‘î“™j,Ž{ù‚¹‚¸,‚ ‚è
Þ“,ŽÔã‚Ë‚ç‚¢,‰Á¼,‰ê–Î,282201,•ºŒÉŒ§,‰Á¼Žs,¼’·’¬,2018-12-30,14,’“ŽÔi—Öjê,Ž{ù‚¹‚¸,‚È‚µ
Þ“,ŽÔã‚Ë‚ç‚¢,‰Á¼,‰ê–Î,282201,•ºŒÉŒ§,‰Á¼Žs,ŽR‰º’¬,2018-09-21,14,“¹˜Hã,Ž{ù‚¹‚¸,‚ ‚è
Þ“,ŽÔã‚Ë‚ç‚¢,‰Á¼,ŽOŒû,282201,•ºŒÉŒ§,‰Á¼Žs,‘q’J’¬,2018-10-27,13,’“ŽÔi—Öjê,Ž{ù‚¹‚¸,‚ ‚è
Þ“,ŽÔã‚Ë‚ç‚¢,‰Á¼,ŽOŒû,282201,•ºŒÉŒ§,‰Á¼Žs,‘q’J’¬,2018-12-27,11,’“ŽÔi—Öjê,Ž{ù‚¹‚¸,‚ ‚è
Þ“,ŽÔã‚Ë‚ç‚¢,‰Á¼,ŽOŒû,282201,•ºŒÉŒ§,‰Á¼Žs,â–{’¬,2018-11-15,12,’“ŽÔi—Öjê,Ž{ù‚¹‚¸,‚ ‚è
Þ“,ŽÔã‚Ë‚ç‚¢,‰Á¼,ŽOŒû,282201,•ºŒÉŒ§,‰Á¼Žs,—¼ŒŽ’¬,2018-11-03,09,’“ŽÔi—Öjê,Ž{ù‚¹‚¸,‚ ‚è
Þ“,ŽÔã‚Ë‚ç‚¢,‰Á¼,–Ôˆø,282201,•ºŒÉŒ§,‰Á¼Žs,êG–ì’¬,2018-07-12,12,ˆêŒËŒšZ‘î,Ž{ù‚¹‚¸,‚ ‚è
Þ“,ŽÔã‚Ë‚ç‚¢,‰Á¼,Š›’J,282201,•ºŒÉŒ§,‰Á¼Žs,Š›’J’¬,2018-02-19,17,“¹˜Hã,Ž{ù‚¹‚¸,‚ ‚è
Þ“,ŽÔã‚Ë‚ç‚¢,¼˜e,¼˜e’†‰›,282138,•ºŒÉŒ§,¼˜eŽs,ã–ì,2018-07-07,11,’“ŽÔi—Öjê,Ž{ù‚¹‚¸,‚ ‚è
Þ“,ŽÔã‚Ë‚ç‚¢,¼˜e,¼˜e’†‰›,282138,•ºŒÉŒ§,¼˜eŽs,‚“cˆä’¬,2018-12-01,12,‚»‚Ì‘¼,Ž{ù‚¹‚¸,‚ ‚è
Þ“,ŽÔã‚Ë‚ç‚¢,¼˜e,–ì‘º,282138,•ºŒÉŒ§,¼˜eŽs,”Â”g’¬,2018-02-14,15,ˆêŒËŒšZ‘î,Ž{ù‚¹‚¸,‚ ‚è
Þ“,ŽÔã‚Ë‚ç‚¢,¼˜e,–ì‘º,282138,•ºŒÉŒ§,¼˜eŽs,‰ºŒË“c,2018-06-10,00,’“ŽÔi—Öjê,Ž{ù‚¹‚¸,‚ ‚è
Þ“,ŽÔã‚Ë‚ç‚¢,¼˜e,–ì‘º,282138,•ºŒÉŒ§,¼˜eŽs,¼˜e,2018-04-29,03,’“ŽÔi—Öjê,Ž{ù‚¹‚¸,‚ ‚è
Þ“,ŽÔã‚Ë‚ç‚¢,¼˜e,–ì‘º,282138,•ºŒÉŒ§,¼˜eŽs,–ì‘º’¬,2018-04-16,07,’“ŽÔi—Öjê,Ž{ù‚¹‚¸,‚È‚µ
Þ“,ŽÔã‚Ë‚ç‚¢,¼˜e,–ì‘º,282138,•ºŒÉŒ§,¼˜eŽs,–ì‘º’¬,2018-09-26,14,’“ŽÔi—Öjê,Ž{ù‚¹‚¸,‚È‚µ
Þ“,ŽÔã‚Ë‚ç‚¢,¼˜e,“ú–ì,282138,•ºŒÉŒ§,¼˜eŽs,•x‹gã’¬,2018-11-23,14,‚»‚Ì‘¼,Ž{ù‚¹‚¸,‚È‚µ
Þ“,ŽÔã‚Ë‚ç‚¢,¼˜e,“ú–ì,282138,•ºŒÉŒ§,¼˜eŽs,–ì’†’¬,2018-10-31,13,“¹˜Hã,Ž{ù‚¹‚¸,‚È‚µ
Þ“,ŽÔã‚Ë‚ç‚¢,¼˜e,Šì‘½,282138,•ºŒÉŒ§,¼˜eŽs,•“c¯’¬Šì‘½,2018-09-15,21,“¹˜Hã,Ž{ù‚¹‚¸,‚È‚µ
Þ“,ŽÔã‚Ë‚ç‚¢,¼˜e,Šì‘½,282138,•ºŒÉŒ§,¼˜eŽs,•“c¯’¬•Ÿ’n,2018-04-05,23,’“ŽÔi—Öjê,Ž{ù‚¹‚¸,‚È‚µ
Þ“,ŽÔã‚Ë‚ç‚¢,¼˜e,–F“c,282138,•ºŒÉŒ§,¼˜eŽs,–¾ŠyŽ›’¬,2018-02-14,12,’“ŽÔi—Öjê,Ž{ù‚¹‚¸,‚È‚µ
Þ“,ŽÔã‚Ë‚ç‚¢,¼˜e,‹M‘D,283657,•ºŒÉŒ§,‘½‰Â’¬,”ªç‘ã‹æ‰º–ìŠÔ,2018-04-04,13,‚»‚Ì‘¼,Ž{ù‚¹‚¸,‚È‚µ
Þ“,ŽÔã‚Ë‚ç‚¢,¼˜e,’†’¬,283657,•ºŒÉŒ§,‘½‰Â’¬,’†‹æˆÀâ,2018-06-29,19,‚»‚Ì‘¼‚ÌZ‘îi‚RŠKŒš‚ÄˆÈ‰º‹¤“¯Z‘î“™j,Ž{ù‚¹‚¸,‚È‚µ
Þ“,ŽÔã‚Ë‚ç‚¢,¼˜e,’†’¬,283657,•ºŒÉŒ§,‘½‰Â’¬,’†‹æˆÀŠy“c,2018-05-16,18,’“ŽÔi—Öjê,Ž{ù‚¹‚¸,‚ ‚è
Þ“,ŽÔã‚Ë‚ç‚¢,¼˜e,’†’¬,283657,•ºŒÉŒ§,‘½‰Â’¬,’†‹æ’b–è‰®,2018-05-30,14,’“ŽÔi—Öjê,Ž{ù‚¹‚¸,‚ ‚è
Þ“,ŽÔã‚Ë‚ç‚¢,¼˜e,’†’¬,283657,•ºŒÉŒ§,‘½‰Â’¬,’†‹æŠÝã,2018-07-23,19,’“ŽÔi—Öjê,Ž{ù‚¹‚¸,‚È‚µ
Þ“,ŽÔã‚Ë‚ç‚¢,¼˜e,’†’¬,283657,•ºŒÉŒ§,‘½‰Â’¬,’†‹æ‘]‰äˆä,2018-10-15,07,‚»‚Ì‘¼,Ž{ù‚¹‚¸,‚È‚µ
Þ“,ŽÔã‚Ë‚ç‚¢,¼˜e,’†’¬,283657,•ºŒÉŒ§,‘½‰Â’¬,’†‹æX–{,2018-11-09,13,“¹˜Hã,Ž{ù‚¹‚¸,‚ ‚è
Þ“,ŽÔã‚Ë‚ç‚¢,¼˜e,’†’¬,283657,•ºŒÉŒ§,‘½‰Â’¬,’†‹æ–å‘O,2018-04-13,14,“¹˜Hã,Ž{ù‚¹‚¸,‚ ‚è
Þ“,ŽÔã‚Ë‚ç‚¢,¼˜e,¼ˆä¯,283657,•ºŒÉŒ§,‘½‰Â’¬,‰Á”ü‹æ‘½“c,2018-02-01,08,ˆêŒËŒšZ‘î,Ž{ù‚¹‚¸,‚È‚µ
Þ“,ŽÔã‚Ë‚ç‚¢,¼˜e,¼ˆä¯,283657,•ºŒÉŒ§,‘½‰Â’¬,‰Á”ü‹æ–L•”,2018-02-27,13,“¹˜Hã,Ž{ù‚¹‚¸,‚ ‚è
Þ“,ŽÔã‚Ë‚ç‚¢,¼˜e,¼ˆä¯,283657,•ºŒÉŒ§,‘½‰Â’¬,‰Á”ü‹æ¼˜e,2018-02-21,12,’“ŽÔi—Öjê,Ž{ù‚¹‚¸,‚È‚µ
Þ“,ŽÔã‚Ë‚ç‚¢,‰ÁŒÃì,,282081,•ºŒÉŒ§,‘Š¶Žs,‘Š¶‚T’š–Ú,2018-06-07,16,‚»‚Ì‘¼,Ž{ù‚¹‚¸,‚ ‚è
Þ“,ŽÔã‚Ë‚ç‚¢,‰ÁŒÃì,,282103,•ºŒÉŒ§,‰ÁŒÃìŽs,•½‰ª’¬ˆêF“Œ‚R’š–Ú,2018-04-18,08,“¹˜Hã,Ž{ù‚¹‚¸,‚ ‚è
Þ“,ŽÔã‚Ë‚ç‚¢,‰ÁŒÃì,‰ÁŒÃì‰w‘O,282103,•ºŒÉŒ§,‰ÁŒÃìŽs,‰ÁŒÃì’¬ˆ¾’Ã,2018-10-22,10,‚»‚Ì‘¼,Ž{ù‚¹‚¸,‚ ‚è
Þ“,ŽÔã‚Ë‚ç‚¢,‰ÁŒÃì,‰ÁŒÃì‰w‘O,282103,•ºŒÉŒ§,‰ÁŒÃìŽs,‰ÁŒÃì’¬‰ÍŒ´,2018-09-12,19,’“ŽÔi—Öjê,Ž{ù‚¹‚¸,‚ ‚è
Þ“,ŽÔã‚Ë‚ç‚¢,‰ÁŒÃì,‰ÁŒÃì‰w‘O,282103,•ºŒÉŒ§,‰ÁŒÃìŽs,‰ÁŒÃì’¬–Ø‘º,2018-06-19,12,‚»‚Ì‘¼,Ž{ù‚¹‚¸,‚ ‚è
Þ“,ŽÔã‚Ë‚ç‚¢,‰ÁŒÃì,‰ÁŒÃì‰w‘O,282103,•ºŒÉŒ§,‰ÁŒÃìŽs,‰ÁŒÃì’¬ŽÂŒ´’¬,2018-01-26,14,’“ŽÔi—Öjê,Ž{ù‚¹‚¸,‚È‚µ
Þ“,ŽÔã‚Ë‚ç‚¢,‰ÁŒÃì,‰ÁŒÃì‰w‘O,282103,•ºŒÉŒ§,‰ÁŒÃìŽs,‰ÁŒÃì’¬ŽÂŒ´’¬,2018-02-02,14,“¹˜Hã,Ž{ù‚¹‚¸,‚È‚µ
Þ“,ŽÔã‚Ë‚ç‚¢,‰ÁŒÃì,‰ÁŒÃì‰w‘O,282103,•ºŒÉŒ§,‰ÁŒÃìŽs,‰ÁŒÃì’¬ŽÂŒ´’¬,2018-08-01,14,’“ŽÔi—Öjê,Ž{ù‚¹‚¸,‚È‚µ
Þ“,ŽÔã‚Ë‚ç‚¢,‰ÁŒÃì,‰ÁŒÃì‰w‘O,282103,•ºŒÉŒ§,‰ÁŒÃìŽs,‰ÁŒÃì’¬ŽÂŒ´’¬,2018-11-22,11,“¹˜Hã,Ž{ù‚¹‚¸,‚È‚µ
Þ“,ŽÔã‚Ë‚ç‚¢,‰ÁŒÃì,‰ÁŒÃì‰w‘O,282103,•ºŒÉŒ§,‰ÁŒÃìŽs,‰ÁŒÃì’¬ŽÂŒ´’¬,2018-12-25,18,“¹˜Hã,Ž{ù‚¹‚¸,‚È‚µ
Þ“,ŽÔã‚Ë‚ç‚¢,‰ÁŒÃì,‰ÁŒÃì‰w‘O,282103,•ºŒÉŒ§,‰ÁŒÃìŽs,‰ÁŒÃì’¬Ž›‰Æ’¬,2018-01-18,15,’“ŽÔi—Öjê,Ž{ù‚¹‚¸,‚È‚µ
Þ“,ŽÔã‚Ë‚ç‚¢,‰ÁŒÃì,‰ÁŒÃì‰w‘O,282103,•ºŒÉŒ§,‰ÁŒÃìŽs,‰ÁŒÃì’¬Ž›‰Æ’¬,2018-02-09,11,’“ŽÔi—Öjê,Ž{ù‚¹‚¸,‚È‚µ
Þ“,ŽÔã‚Ë‚ç‚¢,‰ÁŒÃì,‰ÁŒÃì‰w‘O,282103,•ºŒÉŒ§,‰ÁŒÃìŽs,‰ÁŒÃì’¬Ž›‰Æ’¬,2018-02-19,12,’“ŽÔi—Öjê,Ž{ù‚¹‚¸,‚È‚µ
Þ“,ŽÔã‚Ë‚ç‚¢,‰ÁŒÃì,‰ÁŒÃì‰w‘O,282103,•ºŒÉŒ§,‰ÁŒÃìŽs,‰ÁŒÃì’¬Ž›‰Æ’¬,2018-03-03,16,’“ŽÔi—Öjê,Ž{ù‚¹‚¸,‚È‚µ
Þ“,ŽÔã‚Ë‚ç‚¢,‰ÁŒÃì,‰ÁŒÃì‰w‘O,282103,•ºŒÉŒ§,‰ÁŒÃìŽs,‰ÁŒÃì’¬Ž›‰Æ’¬,2018-06-01,11,’“ŽÔi—Öjê,Ž{ù‚¹‚¸,‚È‚µ
Þ“,ŽÔã‚Ë‚ç‚¢,‰ÁŒÃì,‰ÁŒÃì‰w‘O,282103,•ºŒÉŒ§,‰ÁŒÃìŽs,‰ÁŒÃì’¬Ž›‰Æ’¬,2018-07-20,15,’“ŽÔi—Öjê,Ž{ù‚¹‚¸,‚È‚µ
Þ“,ŽÔã‚Ë‚ç‚¢,‰ÁŒÃì,‰ÁŒÃì‰w‘O,282103,•ºŒÉŒ§,‰ÁŒÃìŽs,‰ÁŒÃì’¬Ž›‰Æ’¬,2018-07-20,15,’“ŽÔi—Öjê,Ž{ù‚¹‚¸,‚È‚µ
Þ“,ŽÔã‚Ë‚ç‚¢,‰ÁŒÃì,‰ÁŒÃì‰w‘O,282103,•ºŒÉŒ§,‰ÁŒÃìŽs,‰ÁŒÃì’¬Ž›‰Æ’¬,2018-09-07,16,’“ŽÔi—Öjê,Ž{ù‚¹‚¸,‚ ‚è
Þ“,ŽÔã‚Ë‚ç‚¢,‰ÁŒÃì,‰ÁŒÃì‰w‘O,282103,•ºŒÉŒ§,‰ÁŒÃìŽs,‰ÁŒÃì’¬Ž›‰Æ’¬,2018-11-09,17,’“ŽÔi—Öjê,Ž{ù‚¹‚¸,‚È‚µ
Þ“,ŽÔã‚Ë‚ç‚¢,‰ÁŒÃì,‰ÁŒÃì‰w‘O,282103,•ºŒÉŒ§,‰ÁŒÃìŽs,‰ÁŒÃì’¬Ž›‰Æ’¬,2018-12-14,17,’“ŽÔi—Öjê,Ž{ù‚¹‚¸,‚È‚µ
Þ“,ŽÔã‚Ë‚ç‚¢,‰ÁŒÃì,‰ÁŒÃì‰w‘O,282103,•ºŒÉŒ§,‰ÁŒÃìŽs,‰ÁŒÃì’¬Ž›‰Æ’¬,2018-12-18,17,’“ŽÔi—Öjê,Ž{ù‚¹‚¸,‚È‚µ
Þ“,ŽÔã‚Ë‚ç‚¢,‰ÁŒÃì,‰ÁŒÃì‰w‘O,282103,•ºŒÉŒ§,‰ÁŒÃìŽs,‰ÁŒÃì’¬Ž›‰Æ’¬,2018-12-25,16,’“ŽÔi—Öjê,Ž{ù‚¹‚¸,‚È‚µ
Þ“,ŽÔã‚Ë‚ç‚¢,‰ÁŒÃì,‰ÁŒÃì‰w‘O,282103,•ºŒÉŒ§,‰ÁŒÃìŽs,‰ÁŒÃì’¬¼‰ÍŒ´,2018-08-08,03,ˆêŒËŒšZ‘î,Ž{ù‚¹‚¸,‚ ‚è
Þ“,ŽÔã‚Ë‚ç‚¢,‰ÁŒÃì,‰ÁŒÃì‰w‘O,282103,•ºŒÉŒ§,‰ÁŒÃìŽs,‰ÁŒÃì’¬–{’¬,2018-04-13,10,“¹˜Hã,Ž{ù‚¹‚¸,‚ ‚è
Þ“,ŽÔã‚Ë‚ç‚¢,‰ÁŒÃì,‰ÁŒÃì‰w‘O,282103,•ºŒÉŒ§,‰ÁŒÃìŽs,‰ÁŒÃì’¬–{’¬,2018-05-01,11,“¹˜Hã,Ž{ù‚¹‚¸,‚ ‚è
Þ“,ŽÔã‚Ë‚ç‚¢,‰ÁŒÃì,‰ÁŒÃì‰w‘O,282103,•ºŒÉŒ§,‰ÁŒÃìŽs,‰ÁŒÃì’¬–{’¬,2018-10-31,17,“¹˜Hã,Ž{ù‚¹‚¸,‚È‚µ
Þ“,ŽÔã‚Ë‚ç‚¢,‰ÁŒÃì,‰ÁŒÃì‰w‘O,282103,•ºŒÉŒ§,‰ÁŒÃìŽs,‰ÁŒÃì’¬–{’¬,2018-12-05,07,’“ŽÔi—Öjê,Ž{ù‚¹‚¸,‚È‚µ
Þ“,ŽÔã‚Ë‚ç‚¢,‰ÁŒÃì,‰ÁŒÃì‰w‘O,282103,•ºŒÉŒ§,‰ÁŒÃìŽs,‰ÁŒÃì’¬a”VŒû,2018-01-28,18,’“ŽÔi—Öjê,Ž{ù‚¹‚¸,‚È‚µ
Þ“,ŽÔã‚Ë‚ç‚¢,‰ÁŒÃì,‰ÁŒÃì‰w‘O,282103,•ºŒÉŒ§,‰ÁŒÃìŽs,‰ÁŒÃì’¬a”VŒû,2018-03-09,17,’“ŽÔi—Öjê,Ž{ù‚¹‚¸,‚ ‚è
Þ“,ŽÔã‚Ë‚ç‚¢,‰ÁŒÃì,‰ÁŒÃì‰w‘O,282103,•ºŒÉŒ§,‰ÁŒÃìŽs,‰ÁŒÃì’¬a”VŒû,2018-06-07,23,’“ŽÔi—Öjê,Ž{ù‚¹‚¸,‚ ‚è
Þ“,ŽÔã‚Ë‚ç‚¢,‰ÁŒÃì,”µ—¢,282103,•ºŒÉŒ§,‰ÁŒÃìŽs,‰ÁŒÃì’¬ˆ¾’Ã,•s–¾,•s–¾,’“ŽÔi—Öjê,Ž{ù‚¹‚¸,‚È‚µ
Þ“,ŽÔã‚Ë‚ç‚¢,‰ÁŒÃì,”µ—¢,282103,•ºŒÉŒ§,‰ÁŒÃìŽs,‰ÁŒÃì’¬–kÝ‰Æ,2018-01-17,19,’“ŽÔi—Öjê,Ž{ù‚¹‚¸,‚ ‚è
Þ“,ŽÔã‚Ë‚ç‚¢,‰ÁŒÃì,”µ—¢,282103,•ºŒÉŒ§,‰ÁŒÃìŽs,‰ÁŒÃì’¬”õŒã,2018-03-28,15,“¹˜Hã,Ž{ù‚¹‚¸,‚È‚µ
Þ“,ŽÔã‚Ë‚ç‚¢,‰ÁŒÃì,”µ—¢,282103,•ºŒÉŒ§,‰ÁŒÃìŽs,‰ÁŒÃì’¬”õŒã,2018-06-27,21,’“ŽÔi—Öjê,Ž{ù‚¹‚¸,‚È‚µ
Þ“,ŽÔã‚Ë‚ç‚¢,‰ÁŒÃì,“ú‰ª,282103,•ºŒÉŒ§,‰ÁŒÃìŽs,‰ÁŒÃì’¬‘å–ì,2018-02-21,19,’“ŽÔi—Öjê,Ž{ù‚¹‚¸,‚È‚µ
Þ“,ŽÔã‚Ë‚ç‚¢,‰ÁŒÃì,“ú‰ª,282103,•ºŒÉŒ§,‰ÁŒÃìŽs,‰ÁŒÃì’¬‘å–ì,2018-10-18,18,ˆêŒËŒšZ‘î,Ž{ù‚¹‚¸,‚ ‚è
Þ“,ŽÔã‚Ë‚ç‚¢,‰ÁŒÃì,“ú‰ª,282103,•ºŒÉŒ§,‰ÁŒÃìŽs,‰ÁŒÃì’¬’†’Ã,2018-10-18,18,ˆêŒËŒšZ‘î,Ž{ù‚¹‚¸,‚ ‚è
Þ“,ŽÔã‚Ë‚ç‚¢,‰ÁŒÃì,“ú‰ª,282103,•ºŒÉŒ§,‰ÁŒÃìŽs,‰ÁŒÃì’¬’†’Ã,2018-10-26,07,’“ŽÔi—Öjê,Ž{ù‚¹‚¸,‚ ‚è
Þ“,ŽÔã‚Ë‚ç‚¢,‰ÁŒÃì,“ú‰ª,282103,•ºŒÉŒ§,‰ÁŒÃìŽs,‰ÁŒÃì’¬’†’Ã,2018-10-26,19,’“ŽÔi—Öjê,Ž{ù‚¹‚¸,‚ ‚è
Þ“,ŽÔã‚Ë‚ç‚¢,‰ÁŒÃì,“ú‰ª,282103,•ºŒÉŒ§,‰ÁŒÃìŽs,‰ÁŒÃì’¬”ü”T—˜,2018-10-26,02,’“ŽÔi—Öjê,Ž{ù‚¹‚¸,‚ ‚è
Þ“,ŽÔã‚Ë‚ç‚¢,‰ÁŒÃì,_–ì,282103,•ºŒÉŒ§,‰ÁŒÃìŽs,_–ì’¬_–ì,2018-12-19,17,ˆêŒËŒšZ‘î,Ž{ù‚¹‚¸,‚ ‚è
Þ“,ŽÔã‚Ë‚ç‚¢,‰ÁŒÃì,”öã,282103,•ºŒÉŒ§,‰ÁŒÃìŽs,”öã’¬’r“c,2018-02-10,13,’“ŽÔi—Öjê,Ž{ù‚¹‚¸,‚È‚µ
Þ“,ŽÔã‚Ë‚ç‚¢,‰ÁŒÃì,”öã,282103,•ºŒÉŒ§,‰ÁŒÃìŽs,”öã’¬’r“c,2018-04-02,19,’“ŽÔi—Öjê,Ž{ù‚¹‚¸,‚È‚µ
Þ“,ŽÔã‚Ë‚ç‚¢,‰ÁŒÃì,”öã,282103,•ºŒÉŒ§,‰ÁŒÃìŽs,”öã’¬’r“c,2018-05-27,09,ˆêŒËŒšZ‘î,Ž{ù‚¹‚¸,‚ ‚è
Þ“,ŽÔã‚Ë‚ç‚¢,‰ÁŒÃì,”öã,282103,•ºŒÉŒ§,‰ÁŒÃìŽs,”öã’¬¡•Ÿ,2018-04-01,00,’“ŽÔi—Öjê,Ž{ù‚¹‚¸,‚ ‚è
Þ“,ŽÔã‚Ë‚ç‚¢,‰ÁŒÃì,”öã,282103,•ºŒÉŒ§,‰ÁŒÃìŽs,”öã’¬¡•Ÿ,2018-10-29,22,ˆêŒËŒšZ‘î,Ž{ù‚¹‚¸,‚È‚µ
Þ“,ŽÔã‚Ë‚ç‚¢,‰ÁŒÃì,”öã,282103,•ºŒÉŒ§,‰ÁŒÃìŽs,”öã’¬Œû—¢,2018-08-04,14,‚»‚Ì‘¼,Ž{ù‚¹‚¸,‚ ‚è
Þ“,ŽÔã‚Ë‚ç‚¢,‰ÁŒÃì,”öã,282103,•ºŒÉŒ§,‰ÁŒÃìŽs,”öã’¬Œû—¢,2018-12-24,13,‚»‚Ì‘¼,Ž{ù‚¹‚¸,‚È‚µ
Þ“,ŽÔã‚Ë‚ç‚¢,‰ÁŒÃì,”öã,282103,•ºŒÉŒ§,‰ÁŒÃìŽs,”öã’¬ˆÀ“c,2018-02-13,17,‚»‚Ì‘¼,Ž{ù‚¹‚¸,‚ ‚è
Þ“,ŽÔã‚Ë‚ç‚¢,‰ÁŒÃì,”öã,282103,•ºŒÉŒ§,‰ÁŒÃìŽs,•Ê•{’¬—Î’¬,2018-01-09,17,’“ŽÔi—Öjê,Ž{ù‚¹‚¸,‚ ‚è
Þ“,ŽÔã‚Ë‚ç‚¢,‰ÁŒÃì,–ìŒû,282103,•ºŒÉŒ§,‰ÁŒÃìŽs,–ìŒû’¬âˆä,2018-07-30,20,’“ŽÔi—Öjê,Ž{ù‚¹‚¸,‚È‚µ
Þ“,ŽÔã‚Ë‚ç‚¢,‰ÁŒÃì,–ìŒû,282103,•ºŒÉŒ§,‰ÁŒÃìŽs,–ìŒû’¬âŒ³,2018-03-07,23,’“ŽÔi—Öjê,Ž{ù‚¹‚¸,‚ ‚è
Þ“,ŽÔã‚Ë‚ç‚¢,‰ÁŒÃì,–ìŒû,282103,•ºŒÉŒ§,‰ÁŒÃìŽs,–ìŒû’¬âŒ³,2018-03-26,18,’“ŽÔi—Öjê,Ž{ù‚¹‚¸,‚È‚µ
Þ“,ŽÔã‚Ë‚ç‚¢,‰ÁŒÃì,–ìŒû,282103,•ºŒÉŒ§,‰ÁŒÃìŽs,–ìŒû’¬âŒ³,2018-07-25,19,ˆêŒËŒšZ‘î,Ž{ù‚¹‚¸,‚ ‚è
Þ“,ŽÔã‚Ë‚ç‚¢,‰ÁŒÃì,–ìŒû,282103,•ºŒÉŒ§,‰ÁŒÃìŽs,–ìŒû’¬’·»,2018-04-13,11,“¹˜Hã,Ž{ù‚¹‚¸,‚ ‚è
Þ“,ŽÔã‚Ë‚ç‚¢,‰ÁŒÃì,–ìŒû,282103,•ºŒÉŒ§,‰ÁŒÃìŽs,–ìŒû’¬–ìŒû,2018-01-03,21,’“ŽÔi—Öjê,Ž{ù‚¹‚¸,‚È‚µ
Þ“,ŽÔã‚Ë‚ç‚¢,‰ÁŒÃì,–ìŒû,282103,•ºŒÉŒ§,‰ÁŒÃìŽs,–ìŒû’¬–ìŒû,2018-10-07,22,’“ŽÔi—Öjê,Ž{ù‚¹‚¸,‚È‚µ
Þ“,ŽÔã‚Ë‚ç‚¢,‰ÁŒÃì,–ìŒû,282103,•ºŒÉŒ§,‰ÁŒÃìŽs,–ìŒû’¬“ñ‰®,2018-04-23,08,’“ŽÔi—Öjê,Ž{ù‚¹‚¸,‚ ‚è
Þ“,ŽÔã‚Ë‚ç‚¢,‰ÁŒÃì,–ìŒû,282103,•ºŒÉŒ§,‰ÁŒÃìŽs,–ìŒû’¬“ñ‰®,2018-05-06,08,‚»‚Ì‘¼,Ž{ù‚¹‚¸,‚ ‚è
Þ“,ŽÔã‚Ë‚ç‚¢,‰ÁŒÃì,–ìŒû,282103,•ºŒÉŒ§,‰ÁŒÃìŽs,–ìŒû’¬“ñ‰®,2018-05-27,19,‚»‚Ì‘¼,Ž{ù‚¹‚¸,‚ ‚è
Þ“,ŽÔã‚Ë‚ç‚¢,‰ÁŒÃì,–ìŒû,282103,•ºŒÉŒ§,‰ÁŒÃìŽs,–ìŒû’¬“ñ‰®,2018-08-03,19,‚»‚Ì‘¼,Ž{ù‚¹‚¸,‚ ‚è
Þ“,ŽÔã‚Ë‚ç‚¢,‰ÁŒÃì,–ìŒû,282103,•ºŒÉŒ§,‰ÁŒÃìŽs,–ìŒû’¬—Ç–ì,2018-03-12,20,’“ŽÔi—Öjê,Ž{ù‚¹‚¸,‚È‚µ
Þ“,ŽÔã‚Ë‚ç‚¢,‰ÁŒÃì,–ìŒû,282103,•ºŒÉŒ§,‰ÁŒÃìŽs,–ìŒû’¬—Ç–ì,2018-08-04,17,ˆêŒËŒšZ‘î,Ž{ù‚¹‚¸,‚ ‚è
Þ“,ŽÔã‚Ë‚ç‚¢,‰ÁŒÃì,–ìŒû,282103,•ºŒÉŒ§,‰ÁŒÃìŽs,•½‰ª’¬VÝ‰Æ,2018-03-23,16,’“ŽÔi—Öjê,Ž{ù‚¹‚¸,‚È‚µ
Þ“,ŽÔã‚Ë‚ç‚¢,‰ÁŒÃì,–ìŒû,282103,•ºŒÉŒ§,‰ÁŒÃìŽs,•½‰ª’¬VÝ‰Æ,2018-12-26,06,’“ŽÔi—Öjê,Ž{ù‚¹‚¸,‚ ‚è
Þ“,ŽÔã‚Ë‚ç‚¢,‰ÁŒÃì,•Ê•{,282103,•ºŒÉŒ§,‰ÁŒÃìŽs,”öã’¬¡•Ÿ,2018-03-28,18,’“ŽÔi—Öjê,Ž{ù‚¹‚¸,‚È‚µ
Þ“,ŽÔã‚Ë‚ç‚¢,‰ÁŒÃì,•Ê•{,282103,•ºŒÉŒ§,‰ÁŒÃìŽs,‹à‘ò’¬,2018-11-05,07,’“ŽÔi—Öjê,Ž{ù‚¹‚¸,‚ ‚è
Þ“,ŽÔã‚Ë‚ç‚¢,‰ÁŒÃì,•Ê•{,282103,•ºŒÉŒ§,‰ÁŒÃìŽs,‹à‘ò’¬,2018-11-27,11,‚»‚Ì‘¼,Ž{ù‚¹‚¸,‚È‚µ
Þ“,ŽÔã‚Ë‚ç‚¢,‰ÁŒÃì,•Ê•{,282103,•ºŒÉŒ§,‰ÁŒÃìŽs,•½‰ª’¬ˆêF,2018-03-20,13,“¹˜Hã,Ž{ù‚¹‚¸,‚È‚µ
Þ“,ŽÔã‚Ë‚ç‚¢,‰ÁŒÃì,•Ê•{,282103,•ºŒÉŒ§,‰ÁŒÃìŽs,•½‰ª’¬”ª”½“c,2018-05-19,13,‚»‚Ì‘¼,Ž{ù‚¹‚¸,‚È‚µ
Þ“,ŽÔã‚Ë‚ç‚¢,‰ÁŒÃì,•Ê•{,282103,•ºŒÉŒ§,‰ÁŒÃìŽs,•Ê•{’¬’©“ú’¬,2018-07-28,15,’“ŽÔi—Öjê,Ž{ù‚¹‚¸,‚È‚µ
Þ“,ŽÔã‚Ë‚ç‚¢,‰ÁŒÃì,•Ê•{,282103,•ºŒÉŒ§,‰ÁŒÃìŽs,•Ê•{’¬Î’¬,2018-05-18,09,“¹˜Hã,Ž{ù‚¹‚¸,‚ ‚è
Þ“,ŽÔã‚Ë‚ç‚¢,‰ÁŒÃì,•Ê•{,282103,•ºŒÉŒ§,‰ÁŒÃìŽs,•Ê•{’¬V–ì•Ó,2018-04-17,09,’“ŽÔi—Öjê,Ž{ù‚¹‚¸,‚ ‚è
Þ“,ŽÔã‚Ë‚ç‚¢,‰ÁŒÃì,•Ê•{,282103,•ºŒÉŒ§,‰ÁŒÃìŽs,•Ê•{’¬V–ì•Ó,2018-09-24,14,“¹˜Hã,Ž{ù‚¹‚¸,‚ ‚è
Þ“,ŽÔã‚Ë‚ç‚¢,‰ÁŒÃì,•Ê•{,282103,•ºŒÉŒ§,‰ÁŒÃìŽs,•Ê•{’¬’†“‡’¬,2018-06-03,20,’“ŽÔi—Öjê,Ž{ù‚¹‚¸,‚È‚µ
Þ“,ŽÔã‚Ë‚ç‚¢,‰ÁŒÃì,•Ê•{,282103,•ºŒÉŒ§,‰ÁŒÃìŽs,•Ê•{’¬•Ê•{,2018-04-02,12,’“ŽÔi—Öjê,Ž{ù‚¹‚¸,‚ ‚è
Þ“,ŽÔã‚Ë‚ç‚¢,‰ÁŒÃì,•Ê•{,282103,•ºŒÉŒ§,‰ÁŒÃìŽs,•Ê•{’¬•Ê•{,2018-12-13,18,’“ŽÔi—Öjê,Ž{ù‚¹‚¸,‚È‚µ
Þ“,ŽÔã‚Ë‚ç‚¢,‰ÁŒÃì,•Ê•{,282103,•ºŒÉŒ§,‰ÁŒÃìŽs,•Ê•{’¬—Î’¬,2018-09-28,18,’“ŽÔi—Öjê,Ž{ù‚¹‚¸,‚È‚µ
Þ“,ŽÔã‚Ë‚ç‚¢,‰ÁŒÃì,“Œ‰ÁŒÃì,282103,•ºŒÉŒ§,‰ÁŒÃìŽs,‰ÁŒÃì’¬ŽÂŒ´’¬,2018-05-23,07,‚»‚Ì‘¼,Ž{ù‚¹‚¸,‚ ‚è
Þ“,ŽÔã‚Ë‚ç‚¢,‰ÁŒÃì,“Œ‰ÁŒÃì,282103,•ºŒÉŒ§,‰ÁŒÃìŽs,–ìŒû’¬’·»,2018-05-02,01,’“ŽÔi—Öjê,Ž{ù‚¹‚¸,‚ ‚è
Þ“,ŽÔã‚Ë‚ç‚¢,‰ÁŒÃì,“Œ‰ÁŒÃì,282103,•ºŒÉŒ§,‰ÁŒÃìŽs,–ìŒû’¬“ñ‰®,2018-03-11,00,’“ŽÔi—Öjê,Ž{ù‚¹‚¸,‚ ‚è
Þ“,ŽÔã‚Ë‚ç‚¢,‰ÁŒÃì,“Œ‰ÁŒÃì,282103,•ºŒÉŒ§,‰ÁŒÃìŽs,–ìŒû’¬—Ç–ì,2018-07-30,19,ˆêŒËŒšZ‘î,Ž{ù‚¹‚¸,‚ ‚è
Þ“,ŽÔã‚Ë‚ç‚¢,‰ÁŒÃì,“Œ‰ÁŒÃì,282103,•ºŒÉŒ§,‰ÁŒÃìŽs,•½‰ª’¬ˆêF,2018-03-19,20,‚»‚Ì‘¼,Ž{ù‚¹‚¸,‚ ‚è
Þ“,ŽÔã‚Ë‚ç‚¢,‰ÁŒÃì,“Œ‰ÁŒÃì,282103,•ºŒÉŒ§,‰ÁŒÃìŽs,•½‰ª’¬ˆêF,2018-03-29,09,’“ŽÔi—Öjê,Ž{ù‚¹‚¸,‚ ‚è
Þ“,ŽÔã‚Ë‚ç‚¢,‰ÁŒÃì,“Œ‰ÁŒÃì,282103,•ºŒÉŒ§,‰ÁŒÃìŽs,•½‰ª’¬ˆêF,2018-05-19,10,“¹˜Hã,Ž{ù‚¹‚¸,‚ ‚è
Þ“,ŽÔã‚Ë‚ç‚¢,‰ÁŒÃì,“Œ‰ÁŒÃì,282103,•ºŒÉŒ§,‰ÁŒÃìŽs,•½‰ª’¬ˆêF,2018-05-24,11,‚»‚Ì‘¼,Ž{ù‚¹‚¸,‚È‚µ
Þ“,ŽÔã‚Ë‚ç‚¢,‰ÁŒÃì,“Œ‰ÁŒÃì,282103,•ºŒÉŒ§,‰ÁŒÃìŽs,•½‰ª’¬VÝ‰Æ,2018-01-08,10,’“ŽÔi—Öjê,Ž{ù‚¹‚¸,‚È‚µ
Þ“,ŽÔã‚Ë‚ç‚¢,‰ÁŒÃì,“Œ‰ÁŒÃì,282103,•ºŒÉŒ§,‰ÁŒÃìŽs,•½‰ª’¬VÝ‰Æ,2018-01-10,11,’“ŽÔi—Öjê,Ž{ù‚¹‚¸,‚È‚µ
Þ“,ŽÔã‚Ë‚ç‚¢,‰ÁŒÃì,“Œ‰ÁŒÃì,282103,•ºŒÉŒ§,‰ÁŒÃìŽs,•½‰ª’¬VÝ‰Æ,2018-01-15,11,’“ŽÔi—Öjê,Ž{ù‚¹‚¸,‚È‚µ
Þ“,ŽÔã‚Ë‚ç‚¢,‰ÁŒÃì,“Œ‰ÁŒÃì,282103,•ºŒÉŒ§,‰ÁŒÃìŽs,•½‰ª’¬VÝ‰Æ,2018-01-21,12,’“ŽÔi—Öjê,Ž{ù‚¹‚¸,‚È‚µ
Þ“,ŽÔã‚Ë‚ç‚¢,‰ÁŒÃì,“Œ‰ÁŒÃì,282103,•ºŒÉŒ§,‰ÁŒÃìŽs,•½‰ª’¬VÝ‰Æ,2018-02-03,12,’“ŽÔi—Öjê,Ž{ù‚¹‚¸,‚È‚µ
Þ“,ŽÔã‚Ë‚ç‚¢,‰ÁŒÃì,“Œ‰ÁŒÃì,282103,•ºŒÉŒ§,‰ÁŒÃìŽs,•½‰ª’¬VÝ‰Æ,2018-02-03,18,’“ŽÔi—Öjê,Ž{ù‚¹‚¸,‚È‚µ
Þ“,ŽÔã‚Ë‚ç‚¢,‰ÁŒÃì,“Œ‰ÁŒÃì,282103,•ºŒÉŒ§,‰ÁŒÃìŽs,•½‰ª’¬VÝ‰Æ,2018-11-30,20,’“ŽÔi—Öjê,Ž{ù‚¹‚¸,‚È‚µ
Þ“,ŽÔã‚Ë‚ç‚¢,‰ÁŒÃì,“Œ‰ÁŒÃì,282103,•ºŒÉŒ§,‰ÁŒÃìŽs,•½‰ª’¬VÝ‰Æ‚Q’š–Ú,2018-01-09,17,’“ŽÔi—Öjê,Ž{ù‚¹‚¸,‚È‚µ
Þ“,ŽÔã‚Ë‚ç‚¢,‰ÁŒÃì,“Œ‰ÁŒÃì,282103,•ºŒÉŒ§,‰ÁŒÃìŽs,•½‰ª’¬VÝ‰Æ‚Q’š–Ú,2018-07-23,08,’“ŽÔi—Öjê,Ž{ù‚¹‚¸,‚È‚µ
Þ“,ŽÔã‚Ë‚ç‚¢,‰ÁŒÃì,“Œ‰ÁŒÃì,282103,•ºŒÉŒ§,‰ÁŒÃìŽs,•½‰ª’¬VÝ‰Æ‚Q’š–Ú,2018-08-02,10,’“ŽÔi—Öjê,Ž{ù‚¹‚¸,‚ ‚è
Þ“,ŽÔã‚Ë‚ç‚¢,‰ÁŒÃì,“Œ‰ÁŒÃì,282103,•ºŒÉŒ§,‰ÁŒÃìŽs,•½‰ª’¬VÝ‰Æ‚R’š–Ú,2018-04-17,08,’“ŽÔi—Öjê,Ž{ù‚¹‚¸,‚ ‚è
Þ“,ŽÔã‚Ë‚ç‚¢,‰ÁŒÃì,“Œ‰ÁŒÃì,282103,•ºŒÉŒ§,‰ÁŒÃìŽs,•½‰ª’¬¼’J,2018-09-09,18,ˆêŒËŒšZ‘î,Ž{ù‚¹‚¸,‚È‚µ
Þ“,ŽÔã‚Ë‚ç‚¢,‰ÁŒÃì,“Œ‰ÁŒÃì,282103,•ºŒÉŒ§,‰ÁŒÃìŽs,•½‰ª’¬“ñ–“,2018-02-25,11,ˆêŒËŒšZ‘î,Ž{ù‚¹‚¸,‚ ‚è
Þ“,ŽÔã‚Ë‚ç‚¢,‰ÁŒÃì,“Œ‰ÁŒÃì,282103,•ºŒÉŒ§,‰ÁŒÃìŽs,•½‰ª’¬“ñ–“,2018-03-16,01,’“ŽÔi—Öjê,Ž{ù‚¹‚¸,‚È‚µ
Þ“,ŽÔã‚Ë‚ç‚¢,‰ÁŒÃì,“Œ‰ÁŒÃì,282103,•ºŒÉŒ§,‰ÁŒÃìŽs,•½‰ª’¬“ñ–“,2018-09-10,18,ˆêŒËŒšZ‘î,Ž{ù‚¹‚¸,‚È‚µ
Þ“,ŽÔã‚Ë‚ç‚¢,‰ÁŒÃì,“Œ‰ÁŒÃì,282103,•ºŒÉŒ§,‰ÁŒÃìŽs,•½‰ª’¬ˆêF¼‚Q’š–Ú,2018-04-08,14,“¹˜Hã,Ž{ù‚¹‚¸,‚ ‚è
Þ“,ŽÔã‚Ë‚ç‚¢,‰ÁŒÃì,“yŽR,282103,•ºŒÉŒ§,‰ÁŒÃìŽs,–ìŒû’¬–ìŒû,2018-01-21,18,“¹˜Hã,Ž{ù‚¹‚¸,‚È‚µ
Þ“,ŽÔã‚Ë‚ç‚¢,‰ÁŒÃì,“yŽR,282103,•ºŒÉŒ§,‰ÁŒÃìŽs,•½‰ª’¬‚”¨,2018-09-11,19,ˆêŒËŒšZ‘î,Ž{ù‚¹‚¸,‚ ‚è
Þ“,ŽÔã‚Ë‚ç‚¢,‰ÁŒÃì,“yŽR,282103,•ºŒÉŒ§,‰ÁŒÃìŽs,•½‰ª’¬‚”¨,2018-10-08,21,ˆêŒËŒšZ‘î,Ž{ù‚¹‚¸,‚È‚µ
Þ“,ŽÔã‚Ë‚ç‚¢,‰ÁŒÃì,“yŽR,282103,•ºŒÉŒ§,‰ÁŒÃìŽs,•½‰ª’¬“yŽR,2018-06-21,18,ˆêŒËŒšZ‘î,Ž{ù‚¹‚¸,‚È‚µ
Þ“,ŽÔã‚Ë‚ç‚¢,‰ÁŒÃì,“yŽR,282103,•ºŒÉŒ§,‰ÁŒÃìŽs,•½‰ª’¬“yŽR,2018-06-21,18,’“ŽÔi—Öjê,Ž{ù‚¹‚¸,‚È‚µ
Þ“,ŽÔã‚Ë‚ç‚¢,‰ÁŒÃì,“yŽR,282103,•ºŒÉŒ§,‰ÁŒÃìŽs,•½‰ª’¬“yŽR,2018-09-08,23,ˆêŒËŒšZ‘î,Ž{ù‚¹‚¸,‚ ‚è
Þ“,ŽÔã‚Ë‚ç‚¢,‰ÁŒÃì,“yŽR,282103,•ºŒÉŒ§,‰ÁŒÃìŽs,•½‰ª’¬“yŽR,2018-12-18,18,ˆêŒËŒšZ‘î,Ž{ù‚¹‚¸,‚È‚µ
Þ“,ŽÔã‚Ë‚ç‚¢,‰ÁŒÃì,“yŽR,282103,•ºŒÉŒ§,‰ÁŒÃìŽs,•½‰ª’¬ŽR”Vã,2018-10-08,19,ˆêŒËŒšZ‘î,Ž{ù‚¹‚¸,‚È‚µ
Þ“,ŽÔã‚Ë‚ç‚¢,‰ÁŒÃì,–{‘‘,283827,•ºŒÉŒ§,”d–’¬,ŒÃ‹{,2018-05-25,18,’“ŽÔi—Öjê,Ž{ù‚¹‚¸,‚È‚µ
Þ“,ŽÔã‚Ë‚ç‚¢,‰ÁŒÃì,–{‘‘,283827,•ºŒÉŒ§,”d–’¬,V“‡,2018-08-14,09,‚»‚Ì‘¼,Ž{ù‚¹‚¸,‚ ‚è
Þ“,ŽÔã‚Ë‚ç‚¢,‰ÁŒÃì,–{‘‘,283827,•ºŒÉŒ§,”d–’¬,“ñŽq,2018-07-26,18,‚»‚Ì‘¼,Ž{ù‚¹‚¸,‚ ‚è
Þ“,ŽÔã‚Ë‚ç‚¢,‰ÁŒÃì,–{‘‘,283827,•ºŒÉŒ§,”d–’¬,‹{¼‚Q’š–Ú,2018-02-01,00,ˆêŒËŒšZ‘î,Ž{ù‚¹‚¸,‚È‚µ
Þ“,ŽÔã‚Ë‚ç‚¢,‰ÁŒÃì,–{‘‘,283827,•ºŒÉŒ§,”d–’¬,–k–{‘‘‚T’š–Ú,2018-04-05,16,ˆêŒËŒšZ‘î,Ž{ù‚¹‚¸,‚È‚µ
Þ“,ŽÔã‚Ë‚ç‚¢,‰ÁŒÃì,–{‘‘,283827,•ºŒÉŒ§,”d–’¬,“Œ–{‘‘‚P’š–Ú,2018-10-16,18,ˆêŒËŒšZ‘î,Ž{ù‚¹‚¸,‚È‚µ
Þ“,ŽÔã‚Ë‚ç‚¢,‰ÁŒÃì,–{‘‘,283827,•ºŒÉŒ§,”d–’¬,“Œ–{‘‘‚Q’š–Ú,2018-01-31,19,‚»‚Ì‘¼,Ž{ù‚¹‚¸,‚È‚µ
Þ“,ŽÔã‚Ë‚ç‚¢,‰ÁŒÃì,–{‘‘,283827,•ºŒÉŒ§,”d–’¬,“Œ–{‘‘‚Q’š–Ú,2018-06-01,17,‚»‚Ì‘¼,Ž{ù‚¹‚¸,‚ ‚è
Þ“,ŽÔã‚Ë‚ç‚¢,‰ÁŒÃì,ˆî”ü,283819,•ºŒÉŒ§,ˆî”ü’¬,‰ÁŒÃ,2018-06-21,13,‚»‚Ì‘¼,Ž{ù‚¹‚¸,‚ ‚è
Þ“,ŽÔã‚Ë‚ç‚¢,‰ÁŒÃì,ˆî”ü,283819,•ºŒÉŒ§,ˆî”ü’¬,–kŽR,2018-12-16,17,ˆêŒËŒšZ‘î,Ž{ù‚¹‚¸,‚È‚µ
Þ“,ŽÔã‚Ë‚ç‚¢,‰ÁŒÃì,ˆî”ü,283819,•ºŒÉŒ§,ˆî”ü’¬,‘‰ª‚P’š–Ú,2018-01-31,13,’“ŽÔi—Öjê,Ž{ù‚¹‚¸,‚È‚µ
Þ“,ŽÔã‚Ë‚ç‚¢,‰ÁŒÃì,ˆî”ü,283819,•ºŒÉŒ§,ˆî”ü’¬,˜Z•ªˆê,2018-04-24,12,’“ŽÔi—Öjê,Ž{ù‚¹‚¸,‚È‚µ
Þ“,ŽÔã‚Ë‚ç‚¢,‰ÁŒÃì,ˆî”ü,283819,•ºŒÉŒ§,ˆî”ü’¬,˜Z•ªˆê,2018-09-13,01,“¹˜Hã,Ž{ù‚¹‚¸,‚ ‚è
Þ“,ŽÔã‚Ë‚ç‚¢,‰ÁŒÃì,ˆî”ü,283819,•ºŒÉŒ§,ˆî”ü’¬,˜a“c,2018-01-08,00,’“ŽÔi—Öjê,Ž{ù‚¹‚¸,‚ ‚è
Þ“,ŽÔã‚Ë‚ç‚¢,‰ÁŒÃì,”ª”¦,282103,•ºŒÉŒ§,‰ÁŒÃìŽs,”ª”¦’¬‘D’¬,2018-10-01,14,’“ŽÔi—Öjê,Ž{ù‚¹‚¸,‚È‚µ
Þ“,ŽÔã‚Ë‚ç‚¢,‰ÁŒÃì,—¼‘‘,282103,•ºŒÉŒ§,‰ÁŒÃìŽs,ã‘‘’¬–òŒI,2018-03-22,19,“¹˜Hã,Ž{ù‚¹‚¸,‚ ‚è
Þ“,ŽÔã‚Ë‚ç‚¢,‰ÁŒÃì,—¼‘‘,282103,•ºŒÉŒ§,‰ÁŒÃìŽs,•½‘‘’¬ŽRŠp,2018-01-10,14,‚»‚Ì‘¼,Ž{ù‚¹‚¸,‚ ‚è
Þ“,ŽÔã‚Ë‚ç‚¢,‰ÁŒÃì,—¼‘‘,282103,•ºŒÉŒ§,‰ÁŒÃìŽs,•½‘‘’¬—{˜V,2018-11-02,16,ˆêŒËŒšZ‘î,Ž{ù‚¹‚¸,‚ ‚è
Þ“,ŽÔã‚Ë‚ç‚¢,‰ÁŒÃì,•½’Ã,282103,•ºŒÉŒ§,‰ÁŒÃìŽs,¼_‹g’¬ŠÝ,2018-09-29,10,ˆêŒËŒšZ‘î,Ž{ù‚¹‚¸,‚È‚µ
Þ“,ŽÔã‚Ë‚ç‚¢,‰ÁŒÃì,•½’Ã,282103,•ºŒÉŒ§,‰ÁŒÃìŽs,“Œ_‹g’¬¼ˆäƒmŒû,2018-10-31,13,ˆêŒËŒšZ‘î,Ž{ù‚¹‚¸,‚ ‚è
Þ“,ŽÔã‚Ë‚ç‚¢,‰ÁŒÃì,_‹g,282103,•ºŒÉŒ§,‰ÁŒÃìŽs,“Œ_‹g’¬_‹g,2018-04-17,12,’“ŽÔi—Öjê,Ž{ù‚¹‚¸,‚ ‚è
Þ“,ŽÔã‚Ë‚ç‚¢,‰ÁŒÃì,_‹g,282103,•ºŒÉŒ§,‰ÁŒÃìŽs,“Œ_‹g’¬¡“c,2018-10-30,19,ˆêŒËŒšZ‘î,Ž{ù‚¹‚¸,‚ ‚è
Þ“,ŽÔã‚Ë‚ç‚¢,‰ÁŒÃì,Žu•û“Œ,282103,•ºŒÉŒ§,‰ÁŒÃìŽs,Žu•û’¬sí,2018-03-14,10,“¹˜Hã,Ž{ù‚¹‚¸,‚ ‚è
Þ“,ŽÔã‚Ë‚ç‚¢,‰ÁŒÃì,Žu•û“Œ,282103,•ºŒÉŒ§,‰ÁŒÃìŽs,Žu•û’¬×HŠ,2018-01-26,01,‚»‚Ì‘¼,Ž{ù‚¹‚¸,‚È‚µ
Þ“,ŽÔã‚Ë‚ç‚¢,‰ÁŒÃì,Žu•û“Œ,282103,•ºŒÉŒ§,‰ÁŒÃìŽs,Žu•û’¬×HŠ,2018-04-26,13,‚»‚Ì‘¼,Ž{ù‚¹‚¸,‚ ‚è
Þ“,ŽÔã‚Ë‚ç‚¢,‰ÁŒÃì,ˆî”ü“Œ,283819,•ºŒÉŒ§,ˆî”ü’¬,‘’J,2018-10-07,09,“¹˜Hã,Ž{ù‚¹‚¸,‚ ‚è
Þ“,ŽÔã‚Ë‚ç‚¢,‰ÁŒÃì,ˆî”ü“Œ,283819,•ºŒÉŒ§,ˆî”ü’¬,‘‰ª‚P’š–Ú,2018-06-02,20,’“ŽÔi—Öjê,Ž{ù‚¹‚¸,‚È‚µ
Þ“,ŽÔã‚Ë‚ç‚¢,‰ÁŒÃì,ˆî”ü“Œ,283819,•ºŒÉŒ§,ˆî”ü’¬,–ìŽ›,2018-08-14,•s–¾,ˆêŒËŒšZ‘î,Ž{ù‚¹‚¸,‚È‚µ
Þ“,ŽÔã‚Ë‚ç‚¢,‰ÁŒÃì,–ì“Y,283827,•ºŒÉŒ§,”d–’¬,ŒÃ“c‚P’š–Ú,2018-10-16,22,ˆêŒËŒšZ‘î,Ž{ù‚¹‚¸,‚ ‚è
Þ“,ŽÔã‚Ë‚ç‚¢,‰ÁŒÃì,–ì“Y,283827,•ºŒÉŒ§,”d–’¬,–k–{‘‘‚R’š–Ú,2018-10-16,17,ˆêŒËŒšZ‘î,Ž{ù‚¹‚¸,‚È‚µ
Þ“,ŽÔã‚Ë‚ç‚¢,‰ÁŒÃì,–ì“Y,283827,•ºŒÉŒ§,”d–’¬,–k–ì“Y‚Q’š–Ú,2018-07-13,07,’“ŽÔi—Öjê,Ž{ù‚¹‚¸,‚È‚µ
Þ“,ŽÔã‚Ë‚ç‚¢,‰ÁŒÃì,Œ§”_‘O,282103,•ºŒÉŒ§,‰ÁŒÃìŽs,–ìŒû’¬–k–ì,2018-09-03,18,’“ŽÔi—Öjê,Ž{ù‚¹‚¸,‚ ‚è
Þ“,ŽÔã‚Ë‚ç‚¢,‰ÁŒÃì,Œ§”_‘O,282103,•ºŒÉŒ§,‰ÁŒÃìŽs,•½‰ª’¬VÝ‰Æ,2018-06-25,17,‚»‚Ì‘¼,Ž{ù‚¹‚¸,‚È‚µ
Þ“,ŽÔã‚Ë‚ç‚¢,‚»,rˆä,282162,•ºŒÉŒ§,‚»Žs,rˆä’¬¬¼Œ´‚Q’š–Ú,2018-06-15,16,’“ŽÔi—Öjê,Ž{ù‚¹‚¸,‚ ‚è
Þ“,ŽÔã‚Ë‚ç‚¢,‚»,rˆä,282162,•ºŒÉŒ§,‚»Žs,‹àƒP“c’¬,2018-06-13,22,’“ŽÔi—Öjê,Ž{ù‚¹‚¸,‚È‚µ
Þ“,ŽÔã‚Ë‚ç‚¢,‚»,ˆÉ•Û,282162,•ºŒÉŒ§,‚»Žs,ˆÉ•Û`’¬‚P’š–Ú,2018-02-07,14,“¹˜Hã,Ž{ù‚¹‚¸,‚ ‚è
Þ“,ŽÔã‚Ë‚ç‚¢,‚»,ˆÉ•Û,282162,•ºŒÉŒ§,‚»Žs,”~ˆä‚P’š–Ú,2018-06-24,17,ˆêŒËŒšZ‘î,Ž{ù‚¹‚¸,‚ ‚è
Þ“,ŽÔã‚Ë‚ç‚¢,‚»,•Ä“c,282162,•ºŒÉŒ§,‚»Žs,•Ä“c’¬“‡,2018-09-25,15,‚»‚Ì‘¼,Ž{ù‚¹‚¸,‚È‚µ
Þ“,ŽÔã‚Ë‚ç‚¢,‚»,•Ä“c,282162,•ºŒÉŒ§,‚»Žs,•Ä“c’¬•Ä“c,2018-03-04,15,ˆêŒËŒšZ‘î,Ž{ù‚¹‚¸,‚È‚µ
Þ“,ŽÔã‚Ë‚ç‚¢,‚»,•Ä“c,282162,•ºŒÉŒ§,‚»Žs,•Ä“c’¬•Ä“c,2018-07-24,20,“¹˜Hã,Ž{ù‚¹‚¸,‚ ‚è
Þ“,ŽÔã‚Ë‚ç‚¢,‚»,•Ä“c,282162,•ºŒÉŒ§,‚»Žs,•Ä“c’¬•Ä“c,2018-07-24,22,’“ŽÔi—Öjê,Ž{ù‚¹‚¸,‚È‚µ
Þ“,ŽÔã‚Ë‚ç‚¢,‚»,•Ä“c,282162,•ºŒÉŒ§,‚»Žs,•Ä“c’¬•Ä“cV,2018-10-15,17,’“ŽÔi—Öjê,Ž{ù‚¹‚¸,‚ ‚è
Þ“,ŽÔã‚Ë‚ç‚¢,‚»,•Ä“c,282162,•ºŒÉŒ§,‚»Žs,•Ä“c’¬•Ä“cV,2018-11-12,09,’“ŽÔi—Öjê,Ž{ù‚¹‚¸,‚È‚µ
Þ“,ŽÔã‚Ë‚ç‚¢,‚»,•Ä“c,282162,•ºŒÉŒ§,‚»Žs,_’Ü‚U’š–Ú,2018-09-28,14,“¹˜Hã,Ž{ù‚¹‚¸,‚È‚µ
Þ“,ŽÔã‚Ë‚ç‚¢,‚»,ˆ¢–í‘É,282162,•ºŒÉŒ§,‚»Žs,ˆ¢–í‘É’¬ˆ¢–í‘É,2018-06-26,22,’“ŽÔi—Öjê,Ž{ù‚¹‚¸,‚ ‚è
Þ“,ŽÔã‚Ë‚ç‚¢,‚»,ˆ¢–í‘É,282162,•ºŒÉŒ§,‚»Žs,ˆ¢–í‘É’¬ˆ¢–í‘É,2018-08-22,08,’“ŽÔi—Öjê,Ž{ù‚¹‚¸,‚È‚µ
Þ“,ŽÔã‚Ë‚ç‚¢,‚»,ˆ¢–í‘É,282162,•ºŒÉŒ§,‚»Žs,ˆ¢–í‘É’¬ˆ¢–í‘É,2018-09-26,08,’“ŽÔi—Öjê,Ž{ù‚¹‚¸,‚È‚µ
Þ“,ŽÔã‚Ë‚ç‚¢,‚»,ˆ¢–í‘É,282162,•ºŒÉŒ§,‚»Žs,ˆ¢–í‘É’¬ˆ¢–í‘É,2018-09-27,02,’“ŽÔi—Öjê,Ž{ù‚¹‚¸,‚È‚µ
Þ“,ŽÔã‚Ë‚ç‚¢,‚»,ˆ¢–í‘É,282162,•ºŒÉŒ§,‚»Žs,_’Ü‚S’š–Ú,2018-09-28,23,’“ŽÔi—Öjê,Ž{ù‚¹‚¸,‚È‚µ
Þ“,ŽÔã‚Ë‚ç‚¢,‚»,ˆ¢–í‘É,282162,•ºŒÉŒ§,‚»Žs,_’Ü‚U’š–Ú,2018-09-26,20,ˆêŒËŒšZ‘î,Ž{ù‚¹‚¸,‚ ‚è
Þ“,ŽÔã‚Ë‚ç‚¢,‚»,‘]ª,282162,•ºŒÉŒ§,‚»Žs,ŽžŒõŽ›’¬,2018-09-25,16,ˆêŒËŒšZ‘î,Ž{ù‚¹‚¸,‚ ‚è
Þ“,ŽÔã‚Ë‚ç‚¢,‚»,‘]ª,282162,•ºŒÉŒ§,‚»Žs,‘]ª’¬,2018-09-18,16,ˆêŒËŒšZ‘î,Ž{ù‚¹‚¸,‚ ‚è
Þ“,ŽÔã‚Ë‚ç‚¢,‚»,‘]ª,282162,•ºŒÉŒ§,‚»Žs,‘]ª’¬,2018-09-20,18,ˆêŒËŒšZ‘î,Ž{ù‚¹‚¸,‚È‚µ
Þ“,ŽÔã‚Ë‚ç‚¢,‚»,‘]ª,282162,•ºŒÉŒ§,‚»Žs,‘]ª’¬,2018-09-22,21,ˆêŒËŒšZ‘î,Ž{ù‚¹‚¸,‚ ‚è
Þ“,ŽÔã‚Ë‚ç‚¢,‚»,‘]ª,282162,•ºŒÉŒ§,‚»Žs,‘]ª’¬,2018-10-07,13,“¹˜Hã,Ž{ù‚¹‚¸,‚ ‚è
Þ“,ŽÔã‚Ë‚ç‚¢,‚»,–k•l,282162,•ºŒÉŒ§,‚»Žs,–k•l’¬‹’J,2018-09-24,19,ˆêŒËŒšZ‘î,Ž{ù‚¹‚¸,‚ ‚è
Þ“,ŽÔã‚Ë‚ç‚¢,•P˜H,‘åŽè‘O,282014,•ºŒÉŒ§,•P˜HŽs,‹Tˆä’¬,2018-09-28,08,“¹˜Hã,Ž{ù‚¹‚¸,‚ ‚è
Þ“,ŽÔã‚Ë‚ç‚¢,•P˜H,‘åŽè‘O,282014,•ºŒÉŒ§,•P˜HŽs,â“c’¬,2018-09-18,08,“¹˜Hã,Ž{ù‚¹‚¸,‚È‚µ
Þ“,ŽÔã‚Ë‚ç‚¢,•P˜H,‘åŽè‘O,282014,•ºŒÉŒ§,•P˜HŽs,•½–ì’¬,2018-05-29,08,“¹˜Hã,Ž{ù‚¹‚¸,‚ ‚è
Þ“,ŽÔã‚Ë‚ç‚¢,•P˜H,‘åŽè‘O,282014,•ºŒÉŒ§,•P˜HŽs,–{’¬,2018-02-11,16,‚»‚Ì‘¼,Ž{ù‚¹‚¸,‚ ‚è
Þ“,ŽÔã‚Ë‚ç‚¢,•P˜H,‘åŽè‘O,282014,•ºŒÉŒ§,•P˜HŽs,–{’¬,2018-05-12,11,‚»‚Ì‘¼,Ž{ù‚¹‚¸,‚ ‚è
Þ“,ŽÔã‚Ë‚ç‚¢,•P˜H,‘åŽè‘O,282014,•ºŒÉŒ§,•P˜HŽs,–{’¬,2018-05-14,09,“¹˜Hã,Ž{ù‚¹‚¸,‚ ‚è
Þ“,ŽÔã‚Ë‚ç‚¢,•P˜H,‘åŽè‘O,282014,•ºŒÉŒ§,•P˜HŽs,–{’¬,2018-06-03,13,“¹˜Hã,Ž{ù‚¹‚¸,‚ ‚è
Þ“,ŽÔã‚Ë‚ç‚¢,•P˜H,‘åŽè‘O,282014,•ºŒÉŒ§,•P˜HŽs,–{’¬,2018-12-04,20,’“ŽÔi—Öjê,Ž{ù‚¹‚¸,‚ ‚è
Þ“,ŽÔã‚Ë‚ç‚¢,•P˜H,‘åŽè‘O,282014,•ºŒÉŒ§,•P˜HŽs,–{’¬,2018-12-24,09,“¹˜Hã,Ž{ù‚¹‚¸,‚ ‚è
Þ“,ŽÔã‚Ë‚ç‚¢,•P˜H,‘åŽè‘O,282014,•ºŒÉŒ§,•P˜HŽs,–È’¬,2018-03-13,08,“¹˜Hã,Ž{ù‚¹‚¸,‚ ‚è
Þ“,ŽÔã‚Ë‚ç‚¢,•P˜H,•P˜H‰w‘O,282014,•ºŒÉŒ§,•P˜HŽs,‰w‘O’¬,2018-04-01,19,“¹˜Hã,Ž{ù‚¹‚¸,‚È‚µ
Þ“,ŽÔã‚Ë‚ç‚¢,•P˜H,•P˜H‰w‘O,282014,•ºŒÉŒ§,•P˜HŽs,‰w‘O’¬,2018-04-07,17,‚»‚Ì‘¼,Ž{ù‚¹‚¸,‚È‚µ
Þ“,ŽÔã‚Ë‚ç‚¢,•P˜H,•P˜H‰w‘O,282014,•ºŒÉŒ§,•P˜HŽs,‰w‘O’¬,2018-09-19,11,“¹˜Hã,Ž{ù‚¹‚¸,‚ ‚è
Þ“,ŽÔã‚Ë‚ç‚¢,•P˜H,•P˜H‰w‘O,282014,•ºŒÉŒ§,•P˜HŽs,‰w‘O’¬,2018-11-05,21,“¹˜Hã,Ž{ù‚¹‚¸,‚È‚µ
Þ“,ŽÔã‚Ë‚ç‚¢,•P˜H,•P˜H‰w‘O,282014,•ºŒÉŒ§,•P˜HŽs,_‰®’¬‚T’š–Ú,2018-05-14,15,‚»‚Ì‘¼,Ž{ù‚¹‚¸,‚ ‚è
Þ“,ŽÔã‚Ë‚ç‚¢,•P˜H,•P˜H‰w‘O,282014,•ºŒÉŒ§,•P˜HŽs,‹Tˆä’¬,2018-05-14,07,“¹˜Hã,Ž{ù‚¹‚¸,‚ ‚è
Þ“,ŽÔã‚Ë‚ç‚¢,•P˜H,•P˜H‰w‘O,282014,•ºŒÉŒ§,•P˜HŽs,‹žŒû’¬,2018-08-08,09,“¹˜Hã,Ž{ù‚¹‚¸,‚ ‚è
Þ“,ŽÔã‚Ë‚ç‚¢,•P˜H,•P˜H‰w‘O,282014,•ºŒÉŒ§,•P˜HŽs,ŒÃ“ñŠK’¬,2018-03-23,09,“¹˜Hã,Ž{ù‚¹‚¸,‚ ‚è
Þ“,ŽÔã‚Ë‚ç‚¢,•P˜H,•P˜H‰w‘O,282014,•ºŒÉŒ§,•P˜HŽs,“¤•…’¬,2018-05-19,00,“¹˜Hã,Ž{ù‚¹‚¸,‚È‚µ
Þ“,ŽÔã‚Ë‚ç‚¢,•P˜H,•P˜H‰w‘O,282014,•ºŒÉŒ§,•P˜HŽs,–{’¬,2018-03-17,08,‚»‚Ì‘¼,Ž{ù‚¹‚¸,‚ ‚è
Þ“,ŽÔã‚Ë‚ç‚¢,•P˜H,•P˜H‰w‘O,282014,•ºŒÉŒ§,•P˜HŽs,“ì’¬,2018-06-06,07,’“ŽÔi—Öjê,Ž{ù‚¹‚¸,‚È‚µ
Þ“,ŽÔã‚Ë‚ç‚¢,•P˜H,•P˜H‰w‘O,282014,•ºŒÉŒ§,•P˜HŽs,“ì’¬,2018-07-16,15,‚»‚Ì‘¼,Ž{ù‚¹‚¸,‚È‚µ
Þ“,ŽÔã‚Ë‚ç‚¢,•P˜H,•P˜H‰w‘O,282014,•ºŒÉŒ§,•P˜HŽs,®‰®’¬,2018-05-28,07,“¹˜Hã,Ž{ù‚¹‚¸,‚È‚µ
Þ“,ŽÔã‚Ë‚ç‚¢,•P˜H,•P˜H‰w‘O,282014,•ºŒÉŒ§,•P˜HŽs,“Œ‰w‘O’¬,2018-04-15,16,’“ŽÔi—Öjê,Ž{ù‚¹‚¸,‚ ‚è
Þ“,ŽÔã‚Ë‚ç‚¢,•P˜H,•P˜H‰w“ì,282014,•ºŒÉŒ§,•P˜HŽs,,2018-01-30,19,’“ŽÔi—Öjê,Ž{ù‚¹‚¸,‚È‚µ
Þ“,ŽÔã‚Ë‚ç‚¢,•P˜H,•P˜H‰w“ì,282014,•ºŒÉŒ§,•P˜HŽs,,2018-05-13,19,‚SŠKŒš‚ÄˆÈã‹¤“¯Z‘î,Ž{ù‚¹‚¸,‚È‚µ
Þ“,ŽÔã‚Ë‚ç‚¢,•P˜H,•P˜H‰w“ì,282014,•ºŒÉŒ§,•P˜HŽs,ü“Œ’¬–L‘,2018-06-22,10,“¹˜Hã,Ž{ù‚¹‚¸,‚È‚µ
Þ“,ŽÔã‚Ë‚ç‚¢,•P˜H,•P˜H‰w“ì,282014,•ºŒÉŒ§,•P˜HŽs,’Òˆä‚U’š–Ú,2017-11-30,00,’“ŽÔi—Öjê,Ž{ù‚¹‚¸,‚È‚µ
Þ“,ŽÔã‚Ë‚ç‚¢,•P˜H,•P˜H‰w“ì,282014,•ºŒÉŒ§,•P˜HŽs,–kð,2018-12-30,11,’“ŽÔi—Öjê,Ž{ù‚¹‚¸,‚ ‚è
Þ“,ŽÔã‚Ë‚ç‚¢,•P˜H,•P˜H‰w“ì,282014,•ºŒÉŒ§,•P˜HŽs,–{’¬,2018-10-11,09,’“ŽÔi—Öjê,Ž{ù‚¹‚¸,‚ ‚è
Þ“,ŽÔã‚Ë‚ç‚¢,•P˜H,•P˜H‰w“ì,282014,•ºŒÉŒ§,•P˜HŽs,ˆÀ“c‚S’š–Ú,2018-03-06,13,’“ŽÔi—Öjê,Ž{ù‚¹‚¸,‚È‚µ
Þ“,ŽÔã‚Ë‚ç‚¢,•P˜H,•P˜H‰w“ì,282014,•ºŒÉŒ§,•P˜HŽs,ˆÀ“c‚S’š–Ú,2018-03-22,06,’“ŽÔi—Öjê,Ž{ù‚¹‚¸,‚ ‚è
Þ“,ŽÔã‚Ë‚ç‚¢,•P˜H,•P˜H‰w“ì,282014,•ºŒÉŒ§,•P˜HŽs,“ìð‚P’š–Ú,2018-01-19,15,’“ŽÔi—Öjê,Ž{ù‚¹‚¸,‚È‚µ
Þ“,ŽÔã‚Ë‚ç‚¢,•P˜H,é“ì,282014,•ºŒÉŒ§,•P˜HŽs,‹v•Û’¬,2018-10-27,08,’“ŽÔi—Öjê,Ž{ù‚¹‚¸,‚ ‚è
Þ“,ŽÔã‚Ë‚ç‚¢,•P˜H,é“ì,282014,•ºŒÉŒ§,•P˜HŽs,‘D‹´’¬‚Q’š–Ú,2018-12-25,08,“¹˜Hã,Ž{ù‚¹‚¸,‚ ‚è
Þ“,ŽÔã‚Ë‚ç‚¢,•P˜H,é“ì,282014,•ºŒÉŒ§,•P˜HŽs,‹›’¬,2018-06-09,10,“¹˜Hã,Ž{ù‚¹‚¸,‚È‚µ
Þ“,ŽÔã‚Ë‚ç‚¢,•P˜H,é“ì,282014,•ºŒÉŒ§,•P˜HŽs,‹›’¬,2018-12-24,10,“¹˜Hã,Ž{ù‚¹‚¸,‚ ‚è
Þ“,ŽÔã‚Ë‚ç‚¢,•P˜H,é“ì,282014,•ºŒÉŒ§,•P˜HŽs,‰–’¬,2018-08-04,14,“¹˜Hã,Ž{ù‚¹‚¸,‚ ‚è
Þ“,ŽÔã‚Ë‚ç‚¢,•P˜H,é“ì,282014,•ºŒÉŒ§,•P˜HŽs,‰–’¬,2018-09-13,10,“¹˜Hã,Ž{ù‚¹‚¸,‚ ‚è
Þ“,ŽÔã‚Ë‚ç‚¢,•P˜H,_“c,282014,•ºŒÉŒ§,•P˜HŽs,ç‘ã“c’¬,2018-05-12,05,’“ŽÔi—Öjê,Ž{ù‚¹‚¸,‚È‚µ
Þ“,ŽÔã‚Ë‚ç‚¢,•P˜H,_“c,282014,•ºŒÉŒ§,•P˜HŽs,“yŽR‚P’š–Ú,2017-08-06,11,’“ŽÔi—Öjê,Ž{ù‚¹‚¸,‚ ‚è
Þ“,ŽÔã‚Ë‚ç‚¢,•P˜H,_“c,282014,•ºŒÉŒ§,•P˜HŽs,“yŽR‚R’š–Ú,2018-03-22,14,’“ŽÔi—Öjê,Ž{ù‚¹‚¸,‚È‚µ
Þ“,ŽÔã‚Ë‚ç‚¢,•P˜H,“V_‘O,282014,•ºŒÉŒ§,•P˜HŽs,Žs”V‹½,2018-07-17,11,’“ŽÔi—Öjê,Ž{ù‚¹‚¸,‚ ‚è
Þ“,ŽÔã‚Ë‚ç‚¢,•P˜H,“V_‘O,282014,•ºŒÉŒ§,•P˜HŽs,“Œ‹½’¬,2018-03-31,13,’“ŽÔi—Öjê,Ž{ù‚¹‚¸,‚È‚µ
Þ“,ŽÔã‚Ë‚ç‚¢,•P˜H,“V_‘O,282014,•ºŒÉŒ§,•P˜HŽs,“Œ‹½’¬,2018-10-19,13,’“ŽÔi—Öjê,Ž{ù‚¹‚¸,‚È‚µ
Þ“,ŽÔã‚Ë‚ç‚¢,•P˜H,“V_‘O,282014,•ºŒÉŒ§,•P˜HŽs,–ì—¢,2018-08-06,13,‚»‚Ì‘¼,Ž{ù‚¹‚¸,‚ ‚è
Þ“,ŽÔã‚Ë‚ç‚¢,•P˜H,“V_‘O,282014,•ºŒÉŒ§,•P˜HŽs,‹{¼’¬‚S’š–Ú,2018-07-27,20,’“ŽÔi—Öjê,Ž{ù‚¹‚¸,‚ ‚è
Þ“,ŽÔã‚Ë‚ç‚¢,•P˜H,”ª‘ã,282014,•ºŒÉŒ§,•P˜HŽs,–VŽå’¬,2018-04-22,18,’“ŽÔi—Öjê,Ž{ù‚¹‚¸,‚ ‚è
Þ“,ŽÔã‚Ë‚ç‚¢,•P˜H,”ª‘ã,282014,•ºŒÉŒ§,•P˜HŽs,ã‘å–ì‚S’š–Ú,2018-02-27,15,‚»‚Ì‘¼,Ž{ù‚¹‚¸,‚È‚µ
Þ“,ŽÔã‚Ë‚ç‚¢,•P˜H,”ª‘ã,282014,•ºŒÉŒ§,•P˜HŽs,–k•½–ì“ì‚Ì’¬,2018-03-09,09,“¹˜Hã,Ž{ù‚¹‚¸,‚ ‚è
Þ“,ŽÔã‚Ë‚ç‚¢,•P˜H,–ì—¢,282014,•ºŒÉŒ§,•P˜HŽs,‘å–ì’¬,2018-05-25,13,’“ŽÔi—Öjê,Ž{ù‚¹‚¸,‚È‚µ
Þ“,ŽÔã‚Ë‚ç‚¢,•P˜H,–ì—¢,282014,•ºŒÉŒ§,•P˜HŽs,é–kV’¬‚Q’š–Ú,2018-08-08,04,ˆêŒËŒšZ‘î,Ž{ù‚¹‚¸,‚ ‚è
Þ“,ŽÔã‚Ë‚ç‚¢,•P˜H,–ì—¢,282014,•ºŒÉŒ§,•P˜HŽs,L•ô‚P’š–Ú,2018-07-17,12,‚»‚Ì‘¼,Ž{ù‚¹‚¸,‚ ‚è
Þ“,ŽÔã‚Ë‚ç‚¢,•P˜H,–ì—¢,282014,•ºŒÉŒ§,•P˜HŽs,‘ˆÊ–{’¬‚Q’š–Ú,2018-07-03,11,’“ŽÔi—Öjê,Ž{ù‚¹‚¸,‚È‚µ
Þ“,ŽÔã‚Ë‚ç‚¢,•P˜H,–ì—¢‰w‘O,282014,•ºŒÉŒ§,•P˜HŽs,”’‘‚S’š–Ú,2018-02-11,02,’“ŽÔi—Öjê,Ž{ù‚¹‚¸,‚ ‚è
Þ“,ŽÔã‚Ë‚ç‚¢,•P˜H,–ì—¢‰w‘O,282014,•ºŒÉŒ§,•P˜HŽs,¼’†“‡,2018-03-24,17,‚»‚Ì‘¼,Ž{ù‚¹‚¸,‚È‚µ
Þ“,ŽÔã‚Ë‚ç‚¢,•P˜H,–ì—¢‰w‘O,282014,•ºŒÉŒ§,•P˜HŽs,¼’†“‡,2018-07-02,19,’“ŽÔi—Öjê,Ž{ù‚¹‚¸,‚È‚µ
Þ“,ŽÔã‚Ë‚ç‚¢,•P˜H,–ì—¢‰w‘O,282014,•ºŒÉŒ§,•P˜HŽs,¼’†“‡,2018-11-26,17,’“ŽÔi—Öjê,Ž{ù‚¹‚¸,‚ ‚è
Þ“,ŽÔã‚Ë‚ç‚¢,•P˜H,–ì—¢‰w‘O,282014,•ºŒÉŒ§,•P˜HŽs,–ì—¢,2018-04-25,11,’“ŽÔi—Öjê,Ž{ù‚¹‚¸,‚ ‚è
Þ“,ŽÔã‚Ë‚ç‚¢,•P˜H,–ì—¢‰w‘O,282014,•ºŒÉŒ§,•P˜HŽs,•Ûé,2018-01-18,18,’“ŽÔi—Öjê,Ž{ù‚¹‚¸,‚ ‚è
Þ“,ŽÔã‚Ë‚ç‚¢,•P˜H,–ì—¢‰w‘O,282014,•ºŒÉŒ§,•P˜HŽs,•Ûé,2018-02-09,17,“¹˜Hã,Ž{ù‚¹‚¸,‚ ‚è
Þ“,ŽÔã‚Ë‚ç‚¢,•P˜H,–ì—¢‰w‘O,282014,•ºŒÉŒ§,•P˜HŽs,•Ûé,2018-07-08,19,’“ŽÔi—Öjê,Ž{ù‚¹‚¸,‚ ‚è
Þ“,ŽÔã‚Ë‚ç‚¢,•P˜H,–ì—¢‰w‘O,282014,•ºŒÉŒ§,•P˜HŽs,•Ûé,2018-09-28,20,’“ŽÔi—Öjê,Ž{ù‚¹‚¸,‚È‚µ
Þ“,ŽÔã‚Ë‚ç‚¢,•P˜H,‰ª’¬,282014,•ºŒÉŒ§,•P˜HŽs,¼V’¬,2017-12-30,09,“¹˜Hã,Ž{ù‚¹‚¸,‚È‚µ
Þ“,ŽÔã‚Ë‚ç‚¢,•P˜H,‰ª’¬,282014,•ºŒÉŒ§,•P˜HŽs,–ö’¬,2018-09-03,22,’“ŽÔi—Öjê,Ž{ù‚¹‚¸,‚ ‚è
Þ“,ŽÔã‚Ë‚ç‚¢,•P˜H,‰Ô“c,282014,•ºŒÉŒ§,•P˜HŽs,ü“Œ’¬²—Ç˜a,2018-07-20,08,“¹˜Hã,Ž{ù‚¹‚¸,‚È‚µ
Þ“,ŽÔã‚Ë‚ç‚¢,•P˜H,‰Ô“c,282014,•ºŒÉŒ§,•P˜HŽs,‰Ô“c’¬¬ì,2018-12-13,17,“¹˜Hã,Ž{ù‚¹‚¸,‚ ‚è
Þ“,ŽÔã‚Ë‚ç‚¢,•P˜H,‰Ô“c,282014,•ºŒÉŒ§,•P˜HŽs,‰Ô“c’¬‰Á”[Œ´“c,2018-06-17,18,’“ŽÔi—Öjê,Ž{ù‚¹‚¸,‚ ‚è
Þ“,ŽÔã‚Ë‚ç‚¢,•P˜H,‰Ô“c,282014,•ºŒÉŒ§,•P˜HŽs,‰Ô“c’¬‰Á”[Œ´“c,2018-06-17,21,ˆêŒËŒšZ‘î,Ž{ù‚¹‚¸,‚ ‚è
Þ“,ŽÔã‚Ë‚ç‚¢,•P˜H,‰Ô“c,282014,•ºŒÉŒ§,•P˜HŽs,‰Ô“c’¬ãŒ´“c,2018-11-09,16,’“ŽÔi—Öjê,Ž{ù‚¹‚¸,‚ ‚è
Þ“,ŽÔã‚Ë‚ç‚¢,•P˜H,”ªd”¨,282014,•ºŒÉŒ§,•P˜HŽs,ü“Œ’¬‘åŠ˜,2018-04-20,12,“¹˜Hã,Ž{ù‚¹‚¸,‚ ‚è
Þ“,ŽÔã‚Ë‚ç‚¢,•P˜H,”ªd”¨,282014,•ºŒÉŒ§,•P˜HŽs,ü“Œ’¬‘åŠ˜,2018-04-21,12,“¹˜Hã,Ž{ù‚¹‚¸,‚ ‚è
Þ“,ŽÔã‚Ë‚ç‚¢,•P˜H,”ªd”¨,282014,•ºŒÉŒ§,•P˜HŽs,ü“Œ’¬¬Œ´,2018-12-21,17,‚»‚Ì‘¼,Ž{ù‚¹‚¸,‚È‚µ
Þ“,ŽÔã‚Ë‚ç‚¢,•P˜H,Œäˆü,282014,•ºŒÉŒ§,•P˜HŽs,–L•x’¬Œäˆü,2018-02-05,09,’“ŽÔi—Öjê,Ž{ù‚¹‚¸,‚È‚µ
Þ“,ŽÔã‚Ë‚ç‚¢,•P˜H,ŽR“c,282014,•ºŒÉŒ§,•P˜HŽs,ŽR“c’¬‘½“c,2018-10-27,09,“¹˜Hã,Ž{ù‚¹‚¸,‚ ‚è
Þ“,ŽÔã‚Ë‚ç‚¢,•P˜H,ŽR“c,282014,•ºŒÉŒ§,•P˜HŽs,ŽR“c’¬‘½“c,2018-12-29,13,“¹˜Hã,Ž{ù‚¹‚¸,‚ ‚è
Þ“,ŽÔã‚Ë‚ç‚¢,•P˜H,ŽR“c,282014,•ºŒÉŒ§,•P˜HŽs,ŽR“c’¬¼ŽR“c,2018-10-21,07,’“ŽÔi—Öjê,Ž{ù‚¹‚¸,‚ ‚è
Þ“,ŽÔã‚Ë‚ç‚¢,•P˜H,‘D’Ã,282014,•ºŒÉŒ§,•P˜HŽs,‘D’Ã’¬,2018-03-07,14,“¹˜Hã,Ž{ù‚¹‚¸,‚ ‚è
Þ“,ŽÔã‚Ë‚ç‚¢,•P˜H,ü¼,282014,•ºŒÉŒ§,•P˜HŽs,ÂŽR‚S’š–Ú,2018-05-24,10,“¹˜Hã,Ž{ù‚¹‚¸,‚ ‚è
Þ“,ŽÔã‚Ë‚ç‚¢,•P˜H,ü¼,282014,•ºŒÉŒ§,•P˜HŽs,ÂŽR‚T’š–Ú,2018-08-23,13,“¹˜Hã,Ž{ù‚¹‚¸,‚ ‚è
Þ“,ŽÔã‚Ë‚ç‚¢,•P˜H,ü¼,282014,•ºŒÉŒ§,•P˜HŽs,”’’¹‘ä‚R’š–Ú,2018-05-01,18,ˆêŒËŒšZ‘î,Ž{ù‚¹‚¸,‚È‚µ
Þ“,ŽÔã‚Ë‚ç‚¢,•P˜H,ü¼,282014,•ºŒÉŒ§,•P˜HŽs,ÂŽR¼‚Q’š–Ú,2018-08-12,10,“¹˜Hã,Ž{ù‚¹‚¸,‚ ‚è
Þ“,ŽÔã‚Ë‚ç‚¢,•P˜H,ü¼,282014,•ºŒÉŒ§,•P˜HŽs,–²‘O’¬‹Ê“c,2018-06-24,16,“¹˜Hã,Ž{ù‚¹‚¸,‚ ‚è
Þ“,ŽÔã‚Ë‚ç‚¢,•P˜H,¼˜e,282014,•ºŒÉŒ§,•P˜HŽs,‘Š–ì,2018-06-26,17,‚»‚Ì‘¼,Ž{ù‚¹‚¸,‚ ‚è
Þ“,ŽÔã‚Ë‚ç‚¢,•P˜H,“cŽ›,282014,•ºŒÉŒ§,•P˜HŽs,Œä—§–k‚Q’š–Ú,2018-02-24,19,’“ŽÔi—Öjê,Ž{ù‚¹‚¸,‚ ‚è
Þ“,ŽÔã‚Ë‚ç‚¢,•P˜H,“cŽ›,282014,•ºŒÉŒ§,•P˜HŽs,Œä—§¼‚S’š–Ú,2018-11-14,17,‚»‚Ì‘¼,Ž{ù‚¹‚¸,‚ ‚è
Þ“,ŽÔã‚Ë‚ç‚¢,•P˜H,“cŽ›,282014,•ºŒÉŒ§,•P˜HŽs,Œä—§¼‚S’š–Ú,2018-11-22,17,‚»‚Ì‘¼,Ž{ù‚¹‚¸,‚ ‚è
Þ“,ŽÔã‚Ë‚ç‚¢,•P˜H,“cŽ›,282014,•ºŒÉŒ§,•P˜HŽs,Œä—§¼‚T’š–Ú,2018-04-09,14,’“ŽÔi—Öjê,Ž{ù‚¹‚¸,‚ ‚è
Þ“,ŽÔã‚Ë‚ç‚¢,•P˜H,“cŽ›,282014,•ºŒÉŒ§,•P˜HŽs,“cŽ›“Œ‚Q’š–Ú,2018-09-23,15,’“ŽÔi—Öjê,Ž{ù‚¹‚¸,‚ ‚è
Þ“,ŽÔã‚Ë‚ç‚¢,•P˜H,“cŽ›,282014,•ºŒÉŒ§,•P˜HŽs,ÂŽR¼‚Q’š–Ú,2018-08-24,09,“¹˜Hã,Ž{ù‚¹‚¸,‚ ‚è
Þ“,ŽÔã‚Ë‚ç‚¢,•P˜H,‘ŽÊ,282014,•ºŒÉŒ§,•P˜HŽs,‘ŽÊ,2018-07-14,02,’“ŽÔi—Öjê,Ž{ù‚¹‚¸,‚ ‚è
Þ“,ŽÔã‚Ë‚ç‚¢,•P˜H,‘ŽÊ,282014,•ºŒÉŒ§,•P˜HŽs,‘ŽÊ,2018-07-16,21,’“ŽÔi—Öjê,Ž{ù‚¹‚¸,‚ ‚è
Þ“,ŽÔã‚Ë‚ç‚¢,•P˜H,’Ë–{,282014,•ºŒÉŒ§,•P˜HŽs,–²‘O’¬ˆ°“c,2018-12-12,13,“¹˜Hã,Ž{ù‚¹‚¸,‚ ‚è
Þ“,ŽÔã‚Ë‚ç‚¢,•P˜H,’Ë–{,282014,•ºŒÉŒ§,•P˜HŽs,–²‘O’¬ŒìŽ,2018-03-27,03,“¹˜Hã,Ž{ù‚¹‚¸,‚ ‚è
Þ“,ŽÔã‚Ë‚ç‚¢,•P˜H,’Ë–{,282014,•ºŒÉŒ§,•P˜HŽs,–²‘O’¬ŒìŽ,2018-12-26,17,“¹˜Hã,Ž{ù‚¹‚¸,‚ ‚è
Þ“,ŽÔã‚Ë‚ç‚¢,•P˜H,’u–{,282014,•ºŒÉŒ§,•P˜HŽs,–²‘O’¬Ž…“c,2018-06-22,12,’“ŽÔi—Öjê,Ž{ù‚¹‚¸,‚ ‚è
Þ“,ŽÔã‚Ë‚ç‚¢,•P˜H,’u–{,282014,•ºŒÉŒ§,•P˜HŽs,–²‘O’¬’u–{,2018-12-18,08,“¹˜Hã,Ž{ù‚¹‚¸,‚ ‚è
Þ“,ŽÔã‚Ë‚ç‚¢,•P˜H,’u–{,282014,•ºŒÉŒ§,•P˜HŽs,–²‘O’¬‹{’u,2018-02-06,18,’“ŽÔi—Öjê,Ž{ù‚¹‚¸,‚ ‚è
Þ“,ŽÔã‚Ë‚ç‚¢,•P˜H,—Ñ“c,282014,•ºŒÉŒ§,•P˜HŽs,—Ñ“c’¬‰œ²Œ©,2018-02-15,13,“¹˜Hã,Ž{ù‚¹‚¸,‚ ‚è
Þ“,ŽÔã‚Ë‚ç‚¢,•P˜H,—Ñ“c,282014,•ºŒÉŒ§,•P˜HŽs,—Ñ“c’¬”ª”¦,2018-10-19,13,“¹˜Hã,Ž{ù‚¹‚¸,‚ ‚è
Þ“,ŽÔã‚Ë‚ç‚¢,•P˜H,›¶,282014,•ºŒÉŒ§,•P˜HŽs,–²‘O’¬›¶ŠÀ,2018-02-06,13,’“ŽÔi—Öjê,Ž{ù‚¹‚¸,‚È‚µ
Þ“,ŽÔã‚Ë‚ç‚¢,•P˜H,ˆÀŽu,282014,•ºŒÉŒ§,•P˜HŽs,ˆÀ•x’¬–¼â,2018-02-08,12,“¹˜Hã,Ž{ù‚¹‚¸,‚ ‚è
Þ“,ŽÔã‚Ë‚ç‚¢,•P˜H,‹·ŒË,282014,•ºŒÉŒ§,•P˜HŽs,ˆÀ•x’¬£ì,2018-06-04,13,“¹˜Hã,Ž{ù‚¹‚¸,‚ ‚è
Þ“,ŽÔã‚Ë‚ç‚¢,•P˜H,‹·ŒË,282014,•ºŒÉŒ§,•P˜HŽs,ˆÀ•x’¬£ì,2018-06-23,13,“¹˜Hã,Ž{ù‚¹‚¸,‚È‚µ
Þ“,ŽÔã‚Ë‚ç‚¢,•P˜H,‹·ŒË,282014,•ºŒÉŒ§,•P˜HŽs,ˆÀ•x’¬£ì,2018-11-20,13,“¹˜Hã,Ž{ù‚¹‚¸,‚ ‚è
Þ“,ŽÔã‚Ë‚ç‚¢,•P˜H,‹·ŒË,282014,•ºŒÉŒ§,•P˜HŽs,ˆÀ•x’¬‹·ŒË,2018-10-17,13,“¹˜Hã,Ž{ù‚¹‚¸,‚ ‚è
Þ“,ŽÔã‚Ë‚ç‚¢,ü–,‘å‰–,282014,•ºŒÉŒ§,•P˜HŽs,‘å‰–’¬,2018-06-03,15,“¹˜Hã,Ž{ù‚¹‚¸,‚ ‚è
Þ“,ŽÔã‚Ë‚ç‚¢,ü–,”’•l,282014,•ºŒÉŒ§,•P˜HŽs,–kŒ´,2018-07-26,12,’“ŽÔi—Öjê,Ž{ù‚¹‚¸,‚È‚µ
Þ“,ŽÔã‚Ë‚ç‚¢,ü–,”’•l,282014,•ºŒÉŒ§,•P˜HŽs,”’•l’¬‰F²è“ì‚Q’š–Ú,2018-12-03,08,’“ŽÔi—Öjê,Ž{ù‚¹‚¸,‚ ‚è
Þ“,ŽÔã‚Ë‚ç‚¢,ü–,ÈŽ­,282014,•ºŒÉŒ§,•P˜HŽs,ü–‹æÈŽ­,2018-07-29,11,’“ŽÔi—Öjê,Ž{ù‚¹‚¸,‚ ‚è
Þ“,ŽÔã‚Ë‚ç‚¢,ü–,ü–“Œ,282014,•ºŒÉŒ§,•P˜HŽs,ü–‹æã–ì“c‚U’š–Ú,2018-01-26,12,’“ŽÔi—Öjê,Ž{ù‚¹‚¸,‚ ‚è
Þ“,ŽÔã‚Ë‚ç‚¢,ü–,ü–“Œ,282014,•ºŒÉŒ§,•P˜HŽs,ü–‹æ’†“‡‚P’š–Ú,2018-11-25,00,’“ŽÔi—Öjê,Ž{ù‚¹‚¸,‚È‚µ
Þ“,ŽÔã‚Ë‚ç‚¢,ü–,ü–“Œ,282014,•ºŒÉŒ§,•P˜HŽs,ü–‹æ’†–ì“c‚R’š–Ú,2018-09-24,10,“¹˜Hã,Ž{ù‚¹‚¸,‚ ‚è
Þ“,ŽÔã‚Ë‚ç‚¢,ü–,ü–“Œ,282014,•ºŒÉŒ§,•P˜HŽs,ü–‹æˆ¢¬Ž­ŒÃ,2018-08-30,10,“¹˜Hã,Ž{ù‚¹‚¸,‚ ‚è
Þ“,ŽÔã‚Ë‚ç‚¢,ü–,ü–“Œ,282014,•ºŒÉŒ§,•P˜HŽs,ü–‹æˆ¢¬“nê,2018-06-20,23,ˆêŒËŒšZ‘î,Ž{ù‚¹‚¸,‚È‚µ
Þ“,ŽÔã‚Ë‚ç‚¢,ü–,ü–“Œ,282014,•ºŒÉŒ§,•P˜HŽs,ü–‹æˆ¢¬A–Ø,2018-04-15,09,‚»‚Ì‘¼,Ž{ù‚¹‚¸,‚ ‚è
Þ“,ŽÔã‚Ë‚ç‚¢,ü–,´…,282014,•ºŒÉŒ§,•P˜HŽs,ü–‹æŒb”üŽð,2018-05-21,20,’“ŽÔi—Öjê,Ž{ù‚¹‚¸,‚È‚µ
Þ“,ŽÔã‚Ë‚ç‚¢,ü–,´…,282014,•ºŒÉŒ§,•P˜HŽs,ü–‹æŽO˜a’¬,2018-01-13,09,‚»‚Ì‘¼,Ž{ù‚¹‚¸,‚ ‚è
Þ“,ŽÔã‚Ë‚ç‚¢,ü–,´…,282014,•ºŒÉŒ§,•P˜HŽs,ü–‹æ’†“‡‚P’š–Ú,2018-10-26,17,“¹˜Hã,Ž{ù‚¹‚¸,‚È‚µ
Þ“,ŽÔã‚Ë‚ç‚¢,ü–,‹{,282014,•ºŒÉŒ§,•P˜HŽs,ü–‹æ“V_,2018-03-08,07,‚»‚Ì‘¼,Ž{ù‚¹‚¸,‚È‚µ
Þ“,ŽÔã‚Ë‚ç‚¢,ü–,‹{,282014,•ºŒÉŒ§,•P˜HŽs,ü–‹æ×],2018-03-05,21,’“ŽÔi—Öjê,Ž{ù‚¹‚¸,‚È‚µ
Þ“,ŽÔã‚Ë‚ç‚¢,ü–,‹{,282014,•ºŒÉŒ§,•P˜HŽs,ü–‹æ×],2018-03-12,10,“¹˜Hã,Ž{ù‚¹‚¸,‚ ‚è
Þ“,ŽÔã‚Ë‚ç‚¢,ü–,‹{,282014,•ºŒÉŒ§,•P˜HŽs,ü–‹æ×],2018-05-27,07,’“ŽÔi—Öjê,Ž{ù‚¹‚¸,‚ ‚è
Þ“,ŽÔã‚Ë‚ç‚¢,ü–,ŽvˆÄ‹´,282014,•ºŒÉŒ§,•P˜HŽs,ü–‹æ\‚S’š–Ú,2018-04-09,08,’“ŽÔi—Öjê,Ž{ù‚¹‚¸,‚È‚µ
Þ“,ŽÔã‚Ë‚ç‚¢,ü–,ŽvˆÄ‹´,282014,•ºŒÉŒ§,•P˜HŽs,ü–‹æ\‚S’š–Ú,2018-08-06,17,’“ŽÔi—Öjê,Ž{ù‚¹‚¸,‚È‚µ
Þ“,ŽÔã‚Ë‚ç‚¢,ü–,ŽvˆÄ‹´,282014,•ºŒÉŒ§,•P˜HŽs,ü–‹æ‰Á–Î,2013-11-04,23,ˆêŒËŒšZ‘î,Ž{ù‚¹‚¸,‚ ‚è
Þ“,ŽÔã‚Ë‚ç‚¢,ü–,ŽvˆÄ‹´,282014,•ºŒÉŒ§,•P˜HŽs,ü–‹æ‰Á–Î,2018-04-02,13,’“ŽÔi—Öjê,Ž{ù‚¹‚¸,‚ ‚è
Þ“,ŽÔã‚Ë‚ç‚¢,ü–,ŽvˆÄ‹´,282014,•ºŒÉŒ§,•P˜HŽs,ü–‹æäø–ì’¬,2018-09-14,08,‚»‚Ì‘¼‚ÌZ‘îi‚RŠKŒš‚ÄˆÈ‰º‹¤“¯Z‘î“™j,Ž{ù‚¹‚¸,‚ ‚è
Þ“,ŽÔã‚Ë‚ç‚¢,ü–,ŽvˆÄ‹´,282014,•ºŒÉŒ§,•P˜HŽs,ü–‹æ¡Ý‰Æ–k‚P’š–Ú,2018-02-17,13,“¹˜Hã,Ž{ù‚¹‚¸,‚È‚µ
Þ“,ŽÔã‚Ë‚ç‚¢,ü–,‰p‰ê•Û‰w‘O,282014,•ºŒÉŒ§,•P˜HŽs,ü–‹æ‰p‰ê,2018-04-13,17,‚»‚Ì‘¼,Ž{ù‚¹‚¸,‚È‚µ
Þ“,ŽÔã‚Ë‚ç‚¢,ü–,‰p‰ê•Û‰w‘O,282014,•ºŒÉŒ§,•P˜HŽs,ü–‹æ‰p‰ê¼’¬‚R’š–Ú,2018-04-22,06,‚»‚Ì‘¼,Ž{ù‚¹‚¸,‚ ‚è
Þ“,ŽÔã‚Ë‚ç‚¢,ü–,‰p‰ê•Û‰w‘O,282014,•ºŒÉŒ§,•P˜HŽs,ü–‹æ‰p‰ê¼’¬‚R’š–Ú,2018-04-25,08,‚»‚Ì‘¼‚ÌZ‘îi‚RŠKŒš‚ÄˆÈ‰º‹¤“¯Z‘î“™j,Ž{ù‚¹‚¸,‚ ‚è
Þ“,ŽÔã‚Ë‚ç‚¢,ü–,‰p‰ê•Û‰w‘O,282014,•ºŒÉŒ§,•P˜HŽs,ü–‹æé“ì’¬‚R’š–Ú,2018-08-13,10,’“ŽÔi—Öjê,Ž{ù‚¹‚¸,‚ ‚è
Þ“,ŽÔã‚Ë‚ç‚¢,ü–,‰p‰ê•Û‰w‘O,282014,•ºŒÉŒ§,•P˜HŽs,ü–‹æ–î‘q’¬‚P’š–Ú,2018-06-12,01,’“ŽÔi—Öjê,Ž{ù‚¹‚¸,‚ ‚è
Þ“,ŽÔã‚Ë‚ç‚¢,ü–,Žè•¿,282014,•ºŒÉŒ§,•P˜HŽs,‹TŽR‚Q’š–Ú,2018-03-20,13,’“ŽÔi—Öjê,Ž{ù‚¹‚¸,‚ ‚è
Þ“,ŽÔã‚Ë‚ç‚¢,ü–,Žè•¿,282014,•ºŒÉŒ§,•P˜HŽs,‰„––,2018-03-23,17,’“ŽÔi—Öjê,Ž{ù‚¹‚¸,‚È‚µ
Þ“,ŽÔã‚Ë‚ç‚¢,ü–,Žè•¿,282014,•ºŒÉŒ§,•P˜HŽs,‰„––,2018-05-01,04,’“ŽÔi—Öjê,Ž{ù‚¹‚¸,‚È‚µ
Þ“,ŽÔã‚Ë‚ç‚¢,ü–,Žè•¿,282014,•ºŒÉŒ§,•P˜HŽs,‰„––‚P’š–Ú,2018-08-20,15,’“ŽÔi—Öjê,Ž{ù‚¹‚¸,‚ ‚è
Þ“,ŽÔã‚Ë‚ç‚¢,ü–,Žè•¿,282014,•ºŒÉŒ§,•P˜HŽs,“Œ‰„––‚P’š–Ú,2018-09-13,18,’“ŽÔi—Öjê,Ž{ù‚¹‚¸,‚È‚µ
Þ“,ŽÔã‚Ë‚ç‚¢,ü–,Žè•¿,282014,•ºŒÉŒ§,•P˜HŽs,“Œ‰„––‚Q’š–Ú,2018-10-04,08,’“ŽÔi—Öjê,Ž{ù‚¹‚¸,‚ ‚è
Þ“,ŽÔã‚Ë‚ç‚¢,ü–,Žè•¿,282014,•ºŒÉŒ§,•P˜HŽs,“Œ‰„––‚Q’š–Ú,2018-12-08,08,’“ŽÔi—Öjê,Ž{ù‚¹‚¸,‚ ‚è
Þ“,ŽÔã‚Ë‚ç‚¢,ü–,Žè•¿,282014,•ºŒÉŒ§,•P˜HŽs,ˆÀ“c‚Q’š–Ú,2018-02-21,16,’“ŽÔi—Öjê,Ž{ù‚¹‚¸,‚È‚µ
Þ“,ŽÔã‚Ë‚ç‚¢,ü–,¡h,282014,•ºŒÉŒ§,•P˜HŽs,ãŽè–ì,2018-04-05,23,’“ŽÔi—Öjê,Ž{ù‚¹‚¸,‚È‚µ
Þ“,ŽÔã‚Ë‚ç‚¢,ü–,¡h,282014,•ºŒÉŒ§,•P˜HŽs,‰ºŽè–ì‚Q’š–Ú,2018-05-22,09,’“ŽÔi—Öjê,Ž{ù‚¹‚¸,‚ ‚è
Þ“,ŽÔã‚Ë‚ç‚¢,ü–,¡h,282014,•ºŒÉŒ§,•P˜HŽs,‰ºŽè–ì‚R’š–Ú,2018-10-28,10,’“ŽÔi—Öjê,Ž{ù‚¹‚¸,‚È‚µ
Þ“,ŽÔã‚Ë‚ç‚¢,ü–,¡h,282014,•ºŒÉŒ§,•P˜HŽs,¼¡h‚W’š–Ú,2018-10-11,20,’“ŽÔi—Öjê,Ž{ù‚¹‚¸,‚ ‚è
Þ“,ŽÔã‚Ë‚ç‚¢,ü–,¡h,282014,•ºŒÉŒ§,•P˜HŽs,“Œ¡h‚P’š–Ú,2018-11-23,12,“¹˜Hã,Ž{ù‚¹‚¸,‚ ‚è
Þ“,ŽÔã‚Ë‚ç‚¢,ü–,¡h,282014,•ºŒÉŒ§,•P˜HŽs,“Œ¡h‚R’š–Ú,2018-09-26,21,‚SŠKŒš‚ÄˆÈã‹¤“¯Z‘î,Ž{ù‚¹‚¸,‚ ‚è
Þ“,ŽÔã‚Ë‚ç‚¢,ü–,¡h,282014,•ºŒÉŒ§,•P˜HŽs,“Œ¡h‚S’š–Ú,2018-07-18,09,ˆêŒËŒšZ‘î,Ž{ù‚¹‚¸,‚ ‚è
Þ“,ŽÔã‚Ë‚ç‚¢,ü–,¡h,282014,•ºŒÉŒ§,•P˜HŽs,_Žq‰ª‘O‚R’š–Ú,2018-05-26,07,’“ŽÔi—Öjê,Ž{ù‚¹‚¸,‚ ‚è
Þ“,ŽÔã‚Ë‚ç‚¢,ü–,¡h,282014,•ºŒÉŒ§,•P˜HŽs,–¼ŒÃŽR’¬,2018-03-30,07,‚»‚Ì‘¼,Ž{ù‚¹‚¸,‚È‚µ
Þ“,ŽÔã‚Ë‚ç‚¢,ü–,Œä‘–ì,282014,•ºŒÉŒ§,•P˜HŽs,Žl‹½’¬–{‹½,2018-06-12,12,’“ŽÔi—Öjê,Ž{ù‚¹‚¸,‚ ‚è
Þ“,ŽÔã‚Ë‚ç‚¢,ü–,Œä‘–ì,282014,•ºŒÉŒ§,•P˜HŽs,Œä‘–ì’¬Œä’…,2018-06-16,20,’“ŽÔi—Öjê,Ž{ù‚¹‚¸,‚ ‚è
Þ“,ŽÔã‚Ë‚ç‚¢,ü–,Œä‘–ì,282014,•ºŒÉŒ§,•P˜HŽs,Œä‘–ì’¬Œä’…,2018-07-04,11,’“ŽÔi—Öjê,Ž{ù‚¹‚¸,‚È‚µ
Þ“,ŽÔã‚Ë‚ç‚¢,ü–,•ÊŠ,282014,•ºŒÉŒ§,•P˜HŽs,•ÊŠ’¬•ÊŠ,2018-01-06,18,ˆêŒËŒšZ‘î,Ž{ù‚¹‚¸,‚ ‚è
Þ“,ŽÔã‚Ë‚ç‚¢,ü–,•ÊŠ,282014,•ºŒÉŒ§,•P˜HŽs,•ÊŠ’¬•ÊŠ‚Q’š–Ú,2018-06-04,17,’“ŽÔi—Öjê,Ž{ù‚¹‚¸,‚ ‚è
Þ“,ŽÔã‚Ë‚ç‚¢,ü–,ˆäƒmŒû,282014,•ºŒÉŒ§,•P˜HŽs,ˆäƒmŒû,2018-02-19,08,‚»‚Ì‘¼,Ž{ù‚¹‚¸,‚ ‚è
Þ“,ŽÔã‚Ë‚ç‚¢,ü–,ˆäƒmŒû,282014,•ºŒÉŒ§,•P˜HŽs,¼¯,2018-06-13,08,‚»‚Ì‘¼‚ÌZ‘îi‚RŠKŒš‚ÄˆÈ‰º‹¤“¯Z‘î“™j,Ž{ù‚¹‚¸,‚ ‚è
Þ“,ŽÔã‚Ë‚ç‚¢,ü–,ˆäƒmŒû,282014,•ºŒÉŒ§,•P˜HŽs,’¬’Ø,2018-04-27,16,‚»‚Ì‘¼,Ž{ù‚¹‚¸,‚ ‚è
Þ“,ŽÔã‚Ë‚ç‚¢,ü–,ˆäƒmŒû,282014,•ºŒÉŒ§,•P˜HŽs,“Ï•Ò,2018-03-09,13,‚»‚Ì‘¼,Ž{ù‚¹‚¸,‚ ‚è
Þ“,ŽÔã‚Ë‚ç‚¢,ü–,ˆäƒmŒû,282014,•ºŒÉŒ§,•P˜HŽs,‹ÊŽè‚P’š–Ú,2018-07-26,18,‚»‚Ì‘¼,Ž{ù‚¹‚¸,‚È‚µ
Þ“,ŽÔã‚Ë‚ç‚¢,ü–,ˆäƒmŒû,282014,•ºŒÉŒ§,•P˜HŽs,‹ÊŽè‚Q’š–Ú,2018-04-09,08,‚»‚Ì‘¼,Ž{ù‚¹‚¸,‚ ‚è
Þ“,ŽÔã‚Ë‚ç‚¢,–ÔŠ±,VÝ‰Æ,282014,•ºŒÉŒ§,•P˜HŽs,–ÔŠ±‹æVÝ‰Æ,2018-05-01,21,’“ŽÔi—Öjê,Ž{ù‚¹‚¸,‚È‚µ
Þ“,ŽÔã‚Ë‚ç‚¢,–ÔŠ±,VÝ‰Æ,282014,•ºŒÉŒ§,•P˜HŽs,–ÔŠ±‹æ–kVÝ‰Æ,2017-12-26,13,’“ŽÔi—Öjê,Ž{ù‚¹‚¸,‚È‚µ
Þ“,ŽÔã‚Ë‚ç‚¢,–ÔŠ±,–{’¬,282014,•ºŒÉŒ§,•P˜HŽs,–ÔŠ±‹æ‹»•l,2018-11-13,17,ˆêŒËŒšZ‘î,Ž{ù‚¹‚¸,‚ ‚è
Þ“,ŽÔã‚Ë‚ç‚¢,–ÔŠ±,–{’¬,282014,•ºŒÉŒ§,•P˜HŽs,–ÔŠ±‹æ‹»•l,2018-11-20,23,ˆêŒËŒšZ‘î,Ž{ù‚¹‚¸,‚È‚µ
Þ“,ŽÔã‚Ë‚ç‚¢,–ÔŠ±,ŸŒ´,282014,•ºŒÉŒ§,•P˜HŽs,ŸŒ´‹æŒFŒ©,2018-09-15,12,’“ŽÔi—Öjê,Ž{ù‚¹‚¸,‚È‚µ
Þ“,ŽÔã‚Ë‚ç‚¢,–ÔŠ±,ŸŒ´,282014,•ºŒÉŒ§,•P˜HŽs,ŸŒ´‹æŒFŒ©,2018-12-26,07,’“ŽÔi—Öjê,Ž{ù‚¹‚¸,‚È‚µ
Þ“,ŽÔã‚Ë‚ç‚¢,–ÔŠ±,ŸŒ´,282014,•ºŒÉŒ§,•P˜HŽs,ŸŒ´‹æ‹{“c,2018-01-24,03,ˆêŒËŒšZ‘î,Ž{ù‚¹‚¸,‚È‚µ
Þ“,ŽÔã‚Ë‚ç‚¢,–ÔŠ±,ŸŒ´,282014,•ºŒÉŒ§,•P˜HŽs,ŸŒ´‹æ‹{“c,2018-02-09,13,’“ŽÔi—Öjê,Ž{ù‚¹‚¸,‚È‚µ
Þ“,ŽÔã‚Ë‚ç‚¢,–ÔŠ±,ŸŒ´,282014,•ºŒÉŒ§,•P˜HŽs,ŸŒ´‹æŽRŒË,2018-03-21,17,’“ŽÔi—Öjê,Ž{ù‚¹‚¸,‚ ‚è
Þ“,ŽÔã‚Ë‚ç‚¢,–ÔŠ±,ŸŒ´,282014,•ºŒÉŒ§,•P˜HŽs,ŸŒ´‹æŽRŒË,2018-09-26,19,’“ŽÔi—Öjê,Ž{ù‚¹‚¸,‚ ‚è
Þ“,ŽÔã‚Ë‚ç‚¢,–ÔŠ±,ŸŒ´,282014,•ºŒÉŒ§,•P˜HŽs,ŸŒ´‹æ’š,2018-04-20,17,’“ŽÔi—Öjê,Ž{ù‚¹‚¸,‚È‚µ
Þ“,ŽÔã‚Ë‚ç‚¢,–ÔŠ±,‹g”ü,282014,•ºŒÉŒ§,•P˜HŽs,‘å’Ã‹æV’¬‚Q’š–Ú,2018-05-04,11,ˆêŒËŒšZ‘î,Ž{ù‚¹‚¸,‚È‚µ
Þ“,ŽÔã‚Ë‚ç‚¢,–ÔŠ±,L”¨,282014,•ºŒÉŒ§,•P˜HŽs,L”¨‹æ¬â,2018-05-10,20,‚»‚Ì‘¼,Ž{ù‚¹‚¸,‚È‚µ
Þ“,ŽÔã‚Ë‚ç‚¢,–ÔŠ±,L”¨,282014,•ºŒÉŒ§,•P˜HŽs,L”¨‹æ––L’¬‚R’š–Ú,2018-07-10,19,ˆêŒËŒšZ‘î,Ž{ù‚¹‚¸,‚ ‚è
Þ“,ŽÔã‚Ë‚ç‚¢,–ÔŠ±,L”¨,282014,•ºŒÉŒ§,•P˜HŽs,L”¨‹æ³–å’Ê‚S’š–Ú,2018-08-04,11,’“ŽÔi—Öjê,Ž{ù‚¹‚¸,‚È‚µ
Þ“,ŽÔã‚Ë‚ç‚¢,–ÔŠ±,L”¨,282014,•ºŒÉŒ§,•P˜HŽs,L”¨‹æ¼–²‘O‘ä‚S’š–Ú,2018-04-07,18,‚»‚Ì‘¼,Ž{ù‚¹‚¸,‚ ‚è
Þ“,ŽÔã‚Ë‚ç‚¢,–ÔŠ±,L”¨,282014,•ºŒÉŒ§,•P˜HŽs,L”¨‹æ•xŽm’¬,2018-08-09,15,‚»‚Ì‘¼,Ž{ù‚¹‚¸,‚ ‚è
Þ“,ŽÔã‚Ë‚ç‚¢,–ÔŠ±,L”¨,282014,•ºŒÉŒ§,•P˜HŽs,L”¨‹æ–²‘O’¬‚P’š–Ú,2018-05-12,11,‚»‚Ì‘¼,Ž{ù‚¹‚¸,‚È‚µ
Þ“,ŽÔã‚Ë‚ç‚¢,–ÔŠ±,”ª”¦,282014,•ºŒÉŒ§,•P˜HŽs,L”¨‹æ¼Š—“c,2018-07-16,13,‚»‚Ì‘¼,Ž{ù‚¹‚¸,‚ ‚è
Þ“,ŽÔã‚Ë‚ç‚¢,–ÔŠ±,”ª”¦,282014,•ºŒÉŒ§,•P˜HŽs,L”¨‹æ¼Š—“c,2018-08-21,01,’“ŽÔi—Öjê,Ž{ù‚¹‚¸,‚ ‚è
Þ“,ŽÔã‚Ë‚ç‚¢,•Ÿè,•Ÿè“Œ,284432,•ºŒÉŒ§,•Ÿè’¬,“ì“cŒ´,2018-02-21,13,‚»‚Ì‘¼,Ž{ù‚¹‚¸,‚ ‚è
Þ“,ŽÔã‚Ë‚ç‚¢,•Ÿè,’·’J,284467,•ºŒÉŒ§,_‰Í’¬,ŽR“c,2018-05-18,13,‚»‚Ì‘¼,Ž{ù‚¹‚¸,‚ ‚è
Þ“,ŽÔã‚Ë‚ç‚¢,•Ÿè,‰z’m’J,284467,•ºŒÉŒ§,_‰Í’¬,Šâ‰®,2018-05-01,18,’“ŽÔi—Öjê,Ž{ù‚¹‚¸,‚È‚µ
Þ“,ŽÔã‚Ë‚ç‚¢,•Ÿè,ˆ¾‰ê,284467,•ºŒÉŒ§,_‰Í’¬,™,2018-05-09,13,‚»‚Ì‘¼,Ž{ù‚¹‚¸,‚ ‚è
Þ“,ŽÔã‚Ë‚ç‚¢,•Ÿè,ˆ¾‰ê,284467,•ºŒÉŒ§,_‰Í’¬,’†‘º,2018-01-17,20,ˆêŒËŒšZ‘î,Ž{ù‚¹‚¸,‚ ‚è
Þ“,ŽÔã‚Ë‚ç‚¢,•Ÿè,ˆ¾‰ê,284467,•ºŒÉŒ§,_‰Í’¬,“Œ””ö,2018-04-14,07,‚»‚Ì‘¼,Ž{ù‚¹‚¸,‚ ‚è
Þ“,ŽÔã‚Ë‚ç‚¢,•Ÿè,ˆ¾‰ê,284467,•ºŒÉŒ§,_‰Í’¬,“Œ””ö,2018-06-28,16,‚»‚Ì‘¼,Ž{ù‚¹‚¸,‚ ‚è
Þ“,ŽÔã‚Ë‚ç‚¢,•Ÿè,ˆ¾‰ê,284467,•ºŒÉŒ§,_‰Í’¬,ŽR“c,2018-01-31,14,‚»‚Ì‘¼,Ž{ù‚¹‚¸,‚ ‚è
Þ“,ŽÔã‚Ë‚ç‚¢,•Ÿè,ˆ¾‰ê,284467,•ºŒÉŒ§,_‰Í’¬,‹g•y,2018-05-19,13,ˆêŒËŒšZ‘î,Ž{ù‚¹‚¸,‚ ‚è
Þ“,ŽÔã‚Ë‚ç‚¢,•Ÿè,Žsì,284424,•ºŒÉŒ§,Žsì’¬,ó–ì,2018-02-03,08,“¹˜Hã,Ž{ù‚¹‚¸,‚ ‚è
Þ“,ŽÔã‚Ë‚ç‚¢,•Ÿè,Žsì,284424,•ºŒÉŒ§,Žsì’¬,ã£‰Á,2018-10-09,09,’“ŽÔi—Öjê,Ž{ù‚¹‚¸,‚ ‚è
Þ“,ŽÔã‚Ë‚ç‚¢,‚½‚Â‚Ì,‘åŽè,282294,•ºŒÉŒ§,‚½‚Â‚ÌŽs,—´–ì’¬ãìŒ´,2018-11-14,19,’“ŽÔi—Öjê,Ž{ù‚¹‚¸,‚È‚µ
Þ“,ŽÔã‚Ë‚ç‚¢,‚½‚Â‚Ì,‘åŽè,282294,•ºŒÉŒ§,‚½‚Â‚ÌŽs,—´–ì’¬ìŒ´’¬,2018-11-01,19,’“ŽÔi—Öjê,Ž{ù‚¹‚¸,‚È‚µ
Þ“,ŽÔã‚Ë‚ç‚¢,‚½‚Â‚Ì,‘åŽè,282294,•ºŒÉŒ§,‚½‚Â‚ÌŽs,—´–ì’¬‰ºìŒ´,2018-05-15,17,’“ŽÔi—Öjê,Ž{ù‚¹‚¸,‚È‚µ
Þ“,ŽÔã‚Ë‚ç‚¢,‚½‚Â‚Ì,–{—´–ì‰w‘O,282294,•ºŒÉŒ§,‚½‚Â‚ÌŽs,—´–ì’¬“‡“c,2018-03-27,16,’“ŽÔi—Öjê,Ž{ù‚¹‚¸,‚ ‚è
Þ“,ŽÔã‚Ë‚ç‚¢,‚½‚Â‚Ì,–{—´–ì‰w‘O,282294,•ºŒÉŒ§,‚½‚Â‚ÌŽs,—´–ì’¬“°–{,2018-10-22,18,’“ŽÔi—Öjê,Ž{ù‚¹‚¸,‚È‚µ
Þ“,ŽÔã‚Ë‚ç‚¢,‚½‚Â‚Ì,–{—´–ì‰w‘O,282294,•ºŒÉŒ§,‚½‚Â‚ÌŽs,—´–ì’¬•x‰i,2018-02-07,16,’“ŽÔi—Öjê,Ž{ù‚¹‚¸,‚ ‚è
Þ“,ŽÔã‚Ë‚ç‚¢,‚½‚Â‚Ì,–{—´–ì‰w‘O,282294,•ºŒÉŒ§,‚½‚Â‚ÌŽs,—´–ì’¬•x‰i,2018-11-14,18,’“ŽÔi—Öjê,Ž{ù‚¹‚¸,‚ ‚è
Þ“,ŽÔã‚Ë‚ç‚¢,‚½‚Â‚Ì,–{—´–ì‰w‘O,282294,•ºŒÉŒ§,‚½‚Â‚ÌŽs,—´–ì’¬“úŽ”,2018-09-07,14,“¹˜Hã,Ž{ù‚¹‚¸,‚ ‚è
Þ“,ŽÔã‚Ë‚ç‚¢,‚½‚Â‚Ì,’†Š_“à,282294,•ºŒÉŒ§,‚½‚Â‚ÌŽs,—K¼’¬¬_,2018-02-20,14,‚»‚Ì‘¼,Ž{ù‚¹‚¸,‚ ‚è
Þ“,ŽÔã‚Ë‚ç‚¢,‚½‚Â‚Ì,’†Š_“à,282294,•ºŒÉŒ§,‚½‚Â‚ÌŽs,—K¼’¬´…V,2018-06-06,14,“¹˜Hã,Ž{ù‚¹‚¸,‚ ‚è
Þ“,ŽÔã‚Ë‚ç‚¢,‚½‚Â‚Ì,’†Š_“à,282294,•ºŒÉŒ§,‚½‚Â‚ÌŽs,—K¼’¬“cˆä,2018-04-07,00,ˆêŒËŒšZ‘î,Ž{ù‚¹‚¸,‚È‚µ
Þ“,ŽÔã‚Ë‚ç‚¢,‚½‚Â‚Ì,Z‹g,282294,•ºŒÉŒ§,‚½‚Â‚ÌŽs,—K¼’¬¬Œ¢ŠÛ,2018-09-26,15,‚»‚Ì‘¼,Ž{ù‚¹‚¸,‚ ‚è
Þ“,ŽÔã‚Ë‚ç‚¢,‚½‚Â‚Ì,Z‹g,282294,•ºŒÉŒ§,‚½‚Â‚ÌŽs,—K¼’¬¬Œ¢ŠÛ,2018-10-17,14,‚»‚Ì‘¼,Ž{ù‚¹‚¸,‚ ‚è
Þ“,ŽÔã‚Ë‚ç‚¢,‚½‚Â‚Ì,Z‹g,282294,•ºŒÉŒ§,‚½‚Â‚ÌŽs,—K¼’¬’|–œ,2018-10-11,12,’“ŽÔi—Öjê,Ž{ù‚¹‚¸,‚ ‚è
Þ“,ŽÔã‚Ë‚ç‚¢,‚½‚Â‚Ì,Z‹g,282294,•ºŒÉŒ§,‚½‚Â‚ÌŽs,—K¼’¬’·”ö,2018-09-27,12,“¹˜Hã,Ž{ù‚¹‚¸,‚È‚µ
Þ“,ŽÔã‚Ë‚ç‚¢,‚½‚Â‚Ì,Z‹g,282294,•ºŒÉŒ§,‚½‚Â‚ÌŽs,—K¼’¬‘O’n,2018-05-26,13,“¹˜Hã,Ž{ù‚¹‚¸,‚ ‚è
Þ“,ŽÔã‚Ë‚ç‚¢,‚½‚Â‚Ì,Z‹g,282294,•ºŒÉŒ§,‚½‚Â‚ÌŽs,—K¼’¬“ìŽR,2018-06-26,14,’“ŽÔi—Öjê,Ž{ù‚¹‚¸,‚ ‚è
Þ“,ŽÔã‚Ë‚ç‚¢,‚½‚Â‚Ì,”¼“c,282294,•ºŒÉŒ§,‚½‚Â‚ÌŽs,—K•Ûì’¬VÝ‰Æ,2018-02-01,13,’“ŽÔi—Öjê,Ž{ù‚¹‚¸,‚ ‚è
Þ“,ŽÔã‚Ë‚ç‚¢,‚½‚Â‚Ì,”¼“c,282294,•ºŒÉŒ§,‚½‚Â‚ÌŽs,—K•Ûì’¬VÝ‰Æ,2018-10-17,08,’“ŽÔi—Öjê,Ž{ù‚¹‚¸,‚ ‚è
Þ“,ŽÔã‚Ë‚ç‚¢,‚½‚Â‚Ì,_•”,282294,•ºŒÉŒ§,‚½‚Â‚ÌŽs,—K•Ûì’¬•Ð“‡,2018-11-24,06,ˆêŒËŒšZ‘î,Ž{ù‚¹‚¸,‚È‚µ
Þ“,ŽÔã‚Ë‚ç‚¢,‚½‚Â‚Ì,_•”,282294,•ºŒÉŒ§,‚½‚Â‚ÌŽs,—K•Ûì’¬ŽR’Ã‰®,2018-07-01,00,’“ŽÔi—Öjê,Ž{ù‚¹‚¸,‚È‚µ
Þ“,ŽÔã‚Ë‚ç‚¢,‚½‚Â‚Ì,”Á”µ,284645,•ºŒÉŒ§,‘¾Žq’¬,êB,2018-01-10,16,’“ŽÔi—Öjê,Ž{ù‚¹‚¸,‚ ‚è
Þ“,ŽÔã‚Ë‚ç‚¢,‚½‚Â‚Ì,”Á”µ,284645,•ºŒÉŒ§,‘¾Žq’¬,êB,2018-07-21,08,ˆêŒËŒšZ‘î,Ž{ù‚¹‚¸,‚È‚µ
Þ“,ŽÔã‚Ë‚ç‚¢,‚½‚Â‚Ì,”Á”µ,284645,•ºŒÉŒ§,‘¾Žq’¬,êB,2018-08-18,18,‚»‚Ì‘¼,Ž{ù‚¹‚¸,‚ ‚è
Þ“,ŽÔã‚Ë‚ç‚¢,‚½‚Â‚Ì,”Á”µ,284645,•ºŒÉŒ§,‘¾Žq’¬,êB,2018-10-12,14,’“ŽÔi—Öjê,Ž{ù‚¹‚¸,‚È‚µ
Þ“,ŽÔã‚Ë‚ç‚¢,‚½‚Â‚Ì,”Á”µ,284645,•ºŒÉŒ§,‘¾Žq’¬,êB,2018-11-14,17,’“ŽÔi—Öjê,Ž{ù‚¹‚¸,‚ ‚è
Þ“,ŽÔã‚Ë‚ç‚¢,‚½‚Â‚Ì,”Á”µ,284645,•ºŒÉŒ§,‘¾Žq’¬,˜VŒ´,2018-03-07,16,’“ŽÔi—Öjê,Ž{ù‚¹‚¸,‚ ‚è
Þ“,ŽÔã‚Ë‚ç‚¢,‚½‚Â‚Ì,‘¾“c,284645,•ºŒÉŒ§,‘¾Žq’¬,‰¤Žq,2018-05-01,19,’“ŽÔi—Öjê,Ž{ù‚¹‚¸,‚ ‚è
Þ“,ŽÔã‚Ë‚ç‚¢,‚½‚Â‚Ì,‘¾“c,284645,•ºŒÉŒ§,‘¾Žq’¬,‘¾“c,2018-08-28,18,’“ŽÔi—Öjê,Ž{ù‚¹‚¸,‚ ‚è
Þ“,ŽÔã‚Ë‚ç‚¢,‚½‚Â‚Ì,‰z•”,282294,•ºŒÉŒ§,‚½‚Â‚ÌŽs,V‹{’¬‰º–ì“c,2018-12-14,12,’“ŽÔi—Öjê,Ž{ù‚¹‚¸,‚È‚µ
Þ“,ŽÔã‚Ë‚ç‚¢,‚½‚Â‚Ì,V‹{,282294,•ºŒÉŒ§,‚½‚Â‚ÌŽs,V‹{’¬ˆä–ìŒ´,2018-09-14,17,’“ŽÔi—Öjê,Ž{ù‚¹‚¸,‚ ‚è
Þ“,ŽÔã‚Ë‚ç‚¢,‚½‚Â‚Ì,V‹{,282294,•ºŒÉŒ§,‚½‚Â‚ÌŽs,V‹{’¬ˆä–ìŒ´,2018-10-12,13,“¹˜Hã,Ž{ù‚¹‚¸,‚È‚µ
Þ“,ŽÔã‚Ë‚ç‚¢,‚½‚Â‚Ì,V‹{,282294,•ºŒÉŒ§,‚½‚Â‚ÌŽs,V‹{’¬•½–ì,2018-02-10,14,’“ŽÔi—Öjê,Ž{ù‚¹‚¸,‚È‚µ
Þ“,ŽÔã‚Ë‚ç‚¢,‚½‚Â‚Ì,“‡,282294,•ºŒÉŒ§,‚½‚Â‚ÌŽs,V‹{’¬‹g“‡,2018-12-01,12,“¹˜Hã,Ž{ù‚¹‚¸,‚ ‚è
Þ“,ŽÔã‚Ë‚ç‚¢,‚½‚Â‚Ì,“‡,282294,•ºŒÉŒ§,‚½‚Â‚ÌŽs,V‹{’¬‹g“‡,2018-12-26,12,ˆêŒËŒšZ‘î,Ž{ù‚¹‚¸,‚ ‚è
Þ“,ŽÔã‚Ë‚ç‚¢,‚½‚Â‚Ì,“ŒŒI²,282294,•ºŒÉŒ§,‚½‚Â‚ÌŽs,V‹{’¬ç–{,2018-06-01,14,‚»‚Ì‘¼,Ž{ù‚¹‚¸,‚ ‚è
Þ“,ŽÔã‚Ë‚ç‚¢,‚½‚Â‚Ì,Œä’Ã,282294,•ºŒÉŒ§,‚½‚Â‚ÌŽs,Œä’Ã’¬Š¡‰®,2018-07-09,10,‚»‚Ì‘¼,Ž{ù‚¹‚¸,‚ ‚è
Þ“,ŽÔã‚Ë‚ç‚¢,‚½‚Â‚Ì,Œä’Ã,282294,•ºŒÉŒ§,‚½‚Â‚ÌŽs,Œä’Ã’¬Š¡‰®,2018-07-24,01,’“ŽÔi—Öjê,Ž{ù‚¹‚¸,‚ ‚è
Þ“,ŽÔã‚Ë‚ç‚¢,‚½‚Â‚Ì,Œä’Ã,282294,•ºŒÉŒ§,‚½‚Â‚ÌŽs,Œä’Ã’¬•è,2018-06-26,14,“¹˜Hã,Ž{ù‚¹‚¸,‚ ‚è
Þ“,ŽÔã‚Ë‚ç‚¢,‘Š¶,‹u‚Ì‘ä,282081,•ºŒÉŒ§,‘Š¶Žs,²•û‚Q’š–Ú,2018-11-15,18,’“ŽÔi—Öjê,Ž{ù‚¹‚¸,‚È‚µ
Þ“,ŽÔã‚Ë‚ç‚¢,‘Š¶,–î–ì,282081,•ºŒÉŒ§,‘Š¶Žs,–î–ì’¬“ñ–Ø,2018-10-03,17,ˆêŒËŒšZ‘î,Ž{ù‚¹‚¸,‚È‚µ
Þ“,ŽÔã‚Ë‚ç‚¢,‘Š¶,–î–ì,282081,•ºŒÉŒ§,‘Š¶Žs,–î–ì’¬“ñ–Ø,2018-10-15,14,“¹˜Hã,Ž{ù‚¹‚¸,‚ ‚è
Þ“,ŽÔã‚Ë‚ç‚¢,‘Š¶,ãŒS‰w‘O,284815,•ºŒÉŒ§,ãŒS’¬,‹ào’n,2018-05-03,10,’“ŽÔi—Öjê,Ž{ù‚¹‚¸,‚ ‚è
Þ“,ŽÔã‚Ë‚ç‚¢,‘Š¶,ãŒS‰w‘O,284815,•ºŒÉŒ§,ãŒS’¬,ŽR–ì—¢,2018-03-23,10,‚»‚Ì‘¼,Ž{ù‚¹‚¸,‚ ‚è
Þ“,ŽÔã‚Ë‚ç‚¢,‘Š¶,ãŒS‰w‘O,284815,•ºŒÉŒ§,ãŒS’¬,ŽR–ì—¢,2018-09-27,13,’“ŽÔi—Öjê,Ž{ù‚¹‚¸,‚ ‚è
Þ“,ŽÔã‚Ë‚ç‚¢,Ô•ä,Ô•ä‰w‘O,282120,•ºŒÉŒ§,Ô•äŽs,’†L,2018-06-14,09,’“ŽÔi—Öjê,Ž{ù‚¹‚¸,‚È‚µ
Þ“,ŽÔã‚Ë‚ç‚¢,Ô•ä,‰–‰®,282120,•ºŒÉŒ§,Ô•äŽs,‰–‰®,2018-08-22,15,’“ŽÔi—Öjê,Ž{ù‚¹‚¸,‚ ‚è
Þ“,ŽÔã‚Ë‚ç‚¢,Ô•ä,‰–‰®,282120,•ºŒÉŒ§,Ô•äŽs,”__’¬,2018-06-25,10,“¹˜Hã,Ž{ù‚¹‚¸,‚ ‚è
Þ“,ŽÔã‚Ë‚ç‚¢,Ô•ä,‰–‰®,282120,•ºŒÉŒ§,Ô•äŽs,é¼’¬,2018-03-27,01,’“ŽÔi—Öjê,Ž{ù‚¹‚¸,‚ ‚è
Þ“,ŽÔã‚Ë‚ç‚¢,Ô•ä,‰–‰®,282120,•ºŒÉŒ§,Ô•äŽs,•½¬’¬,2018-11-20,15,“¹˜Hã,Ž{ù‚¹‚¸,‚ ‚è
Þ“,ŽÔã‚Ë‚ç‚¢,Ô•ä,Œäè,282120,•ºŒÉŒ§,Ô•äŽs,Œäè,2018-11-29,15,’“ŽÔi—Öjê,Ž{ù‚¹‚¸,‚ ‚è
Þ“,ŽÔã‚Ë‚ç‚¢,Ô•ä,—L”N,282120,•ºŒÉŒ§,Ô•äŽs,¼—L”N,2018-01-24,17,“¹˜Hã,Ž{ù‚¹‚¸,‚È‚µ
Þ“,ŽÔã‚Ë‚ç‚¢,Ô•ä,—L”N,282120,•ºŒÉŒ§,Ô•äŽs,¼—L”N,2018-10-13,16,“¹˜Hã,Ž{ù‚¹‚¸,‚È‚µ
Þ“,ŽÔã‚Ë‚ç‚¢,Ô•ä,—L”N,282120,•ºŒÉŒ§,Ô•äŽs,“Œ—L”N,2018-08-28,20,“¹˜Hã,Ž{ù‚¹‚¸,‚ ‚è
Þ“,ŽÔã‚Ë‚ç‚¢,²—p,²—p,285013,•ºŒÉŒ§,²—p’¬,’·”ö,2018-05-19,09,’“ŽÔi—Öjê,Ž{ù‚¹‚¸,‚ ‚è
Þ“,ŽÔã‚Ë‚ç‚¢,²—p,‹vè,285013,•ºŒÉŒ§,²—p’¬,‘åŽð,2018-08-04,19,“¹˜Hã,Ž{ù‚¹‚¸,‚ ‚è
Þ“,ŽÔã‚Ë‚ç‚¢,²—p,‹vè,285013,•ºŒÉŒ§,²—p’¬,‹vè,2018-08-09,08,’“ŽÔi—Öjê,Ž{ù‚¹‚¸,‚ ‚è
Þ“,ŽÔã‚Ë‚ç‚¢,²—p,‹vè,285013,•ºŒÉŒ§,²—p’¬,‹ù“c,2018-09-27,15,“¹˜Hã,Ž{ù‚¹‚¸,‚ ‚è
Þ“,ŽÔã‚Ë‚ç‚¢,²—p,’†ŽO‰Í,285013,•ºŒÉŒ§,²—p’¬,’†ŽO‰Í,2018-04-03,12,‚»‚Ì‘¼,Ž{ù‚¹‚¸,‚È‚µ
Þ“,ŽÔã‚Ë‚ç‚¢,Ž³ˆ¾,ŽRè’†‰›,282278,•ºŒÉŒ§,Ž³ˆ¾Žs,ŽRè’¬¯”\,2018-03-15,20,ˆêŒËŒšZ‘î,Ž{ù‚¹‚¸,‚ ‚è
Þ“,ŽÔã‚Ë‚ç‚¢,Ž³ˆ¾,ŽRè’†‰›,282278,•ºŒÉŒ§,Ž³ˆ¾Žs,ŽRè’¬’i,2018-09-27,12,“¹˜Hã,Ž{ù‚¹‚¸,‚ ‚è
Þ“,ŽÔã‚Ë‚ç‚¢,Ž³ˆ¾,Œä–¼,282278,•ºŒÉŒ§,Ž³ˆ¾Žs,ŽRè’¬’†”ä’n,2018-02-08,13,’“ŽÔi—Öjê,Ž{ù‚¹‚¸,‚ ‚è
Þ“,ŽÔã‚Ë‚ç‚¢,Ž³ˆ¾,ŒËŒ´,282278,•ºŒÉŒ§,Ž³ˆ¾Žs,ŽRè’¬‰FŒ´,2018-06-02,14,“¹˜Hã,Ž{ù‚¹‚¸,‚ ‚è
Þ“,ŽÔã‚Ë‚ç‚¢,Ž³ˆ¾,ŒËŒ´,282278,•ºŒÉŒ§,Ž³ˆ¾Žs,ŽRè’¬‰FŒ´,2018-09-27,15,‚»‚Ì‘¼,Ž{ù‚¹‚¸,‚ ‚è
Þ“,ŽÔã‚Ë‚ç‚¢,Ž³ˆ¾,ŒËŒ´,282278,•ºŒÉŒ§,Ž³ˆ¾Žs,ŽRè’¬ìŒË,2018-02-08,13,‚»‚Ì‘¼,Ž{ù‚¹‚¸,‚ ‚è
Þ“,ŽÔã‚Ë‚ç‚¢,Ž³ˆ¾,ŒËŒ´,282278,•ºŒÉŒ§,Ž³ˆ¾Žs,ŽRè’¬ìŒË,2018-05-26,11,‚»‚Ì‘¼,Ž{ù‚¹‚¸,‚ ‚è
Þ“,ŽÔã‚Ë‚ç‚¢,Ž³ˆ¾,ŒËŒ´,282278,•ºŒÉŒ§,Ž³ˆ¾Žs,ŽRè’¬ìŒË,2018-06-22,13,“¹˜Hã,Ž{ù‚¹‚¸,‚ ‚è
Þ“,ŽÔã‚Ë‚ç‚¢,Ž³ˆ¾,‚‰º,282278,•ºŒÉŒ§,Ž³ˆ¾Žs,ŽRè’¬’†ˆä,2018-04-01,08,‚»‚Ì‘¼,Ž{ù‚¹‚¸,‚È‚µ
Þ“,ŽÔã‚Ë‚ç‚¢,’©—ˆ,˜a“cŽR‰w‘O,282251,•ºŒÉŒ§,’©—ˆŽs,˜a“cŽR’¬–ì‘º,2018-06-20,15,‚»‚Ì‘¼,Ž{ù‚¹‚¸,‚È‚µ
Þ“,ŽÔã‚Ë‚ç‚¢,’©—ˆ,˜a“cŽR‰w‘O,282251,•ºŒÉŒ§,’©—ˆŽs,˜a“cŽR’¬–ì‘º,2018-11-05,13,“¹˜Hã,Ž{ù‚¹‚¸,‚ ‚è
Þ“,ŽÔã‚Ë‚ç‚¢,’©—ˆ,˜a“cŽR‰w‘O,282251,•ºŒÉŒ§,’©—ˆŽs,˜a“cŽR’¬“Œ˜a“c,2018-11-28,15,“¹˜Hã,Ž{ù‚¹‚¸,‚È‚µ
Þ“,ŽÔã‚Ë‚ç‚¢,’©—ˆ,˜a“cŽR‰w‘O,282251,•ºŒÉŒ§,’©—ˆŽs,˜a“cŽR’¬–‡“c,2018-01-12,19,’“ŽÔi—Öjê,Ž{ù‚¹‚¸,‚ ‚è
Þ“,ŽÔã‚Ë‚ç‚¢,’©—ˆ,˜a“cŽR‰w‘O,282251,•ºŒÉŒ§,’©—ˆŽs,˜a“cŽR’¬‹{,2018-11-21,13,‚»‚Ì‘¼,Ž{ù‚¹‚¸,‚ ‚è
Þ“,ŽÔã‚Ë‚ç‚¢,’©—ˆ,–î–¼£,282251,•ºŒÉŒ§,’©—ˆŽs,ŽR“Œ’¬––Î,2018-10-31,13,‚»‚Ì‘¼,Ž{ù‚¹‚¸,‚ ‚è
Þ“,ŽÔã‚Ë‚ç‚¢,’©—ˆ,ã‘“c,282251,•ºŒÉŒ§,’©—ˆŽs,ŽR“Œ’¬ˆ¾Ž­,2018-05-08,17,ˆêŒËŒšZ‘î,Ž{ù‚¹‚¸,‚ ‚è
Þ“,ŽÔã‚Ë‚ç‚¢,’©—ˆ,ã‘“c,282251,•ºŒÉŒ§,’©—ˆŽs,ŽR“Œ’¬‘“c,2018-08-26,15,“¹˜Hã,Ž{ù‚¹‚¸,‚ ‚è
Þ“,ŽÔã‚Ë‚ç‚¢,’©—ˆ,‰Á“s,282251,•ºŒÉŒ§,’©—ˆŽs,˜a“cŽR’¬‰Á“s,2018-04-17,13,’“ŽÔi—Öjê,Ž{ù‚¹‚¸,‚ ‚è
Þ“,ŽÔã‚Ë‚ç‚¢,’©—ˆ,‰Á“s,282251,•ºŒÉŒ§,’©—ˆŽs,˜a“cŽR’¬“›],2018-06-15,13,“¹˜Hã,Ž{ù‚¹‚¸,‚ ‚è
Þ“,ŽÔã‚Ë‚ç‚¢,’©—ˆ,‰Á“s,282251,•ºŒÉŒ§,’©—ˆŽs,˜a“cŽR’¬“›],2018-06-15,13,“¹˜Hã,Ž{ù‚¹‚¸,‚ ‚è
Þ“,ŽÔã‚Ë‚ç‚¢,’©—ˆ,¶–ì‰w‘O,282251,•ºŒÉŒ§,’©—ˆŽs,¶–ì’¬^‹|,2018-05-23,12,‚»‚Ì‘¼,Ž{ù‚¹‚¸,‚ ‚è
Þ“,ŽÔã‚Ë‚ç‚¢,’©—ˆ,’©—ˆ,282251,•ºŒÉŒ§,’©—ˆŽs,Vˆä,2018-11-21,13,ˆêŒËŒšZ‘î,Ž{ù‚¹‚¸,‚ ‚è
Þ“,ŽÔã‚Ë‚ç‚¢,’©—ˆ,—§–ì,282251,•ºŒÉŒ§,’©—ˆŽs,Šâ’Ã,2018-05-04,13,‚»‚Ì‘¼,Ž{ù‚¹‚¸,‚ ‚è
Þ“,ŽÔã‚Ë‚ç‚¢,’©—ˆ,—§–ì,282251,•ºŒÉŒ§,’©—ˆŽs,Šâ’Ã,2018-11-24,09,“¹˜Hã,Ž{ù‚¹‚¸,‚ ‚è
Þ“,ŽÔã‚Ë‚ç‚¢,’©—ˆ,—§–ì,282251,•ºŒÉŒ§,’©—ˆŽs,—§–ì,2018-04-23,14,’“ŽÔi—Öjê,Ž{ù‚¹‚¸,‚ ‚è
Þ“,ŽÔã‚Ë‚ç‚¢,’©—ˆ,—§–ì,282251,•ºŒÉŒ§,’©—ˆŽs,ŽRŒû,2018-11-22,14,“¹˜Hã,Ž{ù‚¹‚¸,‚ ‚è
Þ“,ŽÔã‚Ë‚ç‚¢,’©—ˆ,Î“c,282251,•ºŒÉŒ§,’©—ˆŽs,àV,2018-06-30,14,‚»‚Ì‘¼,Ž{ù‚¹‚¸,‚ ‚è
Þ“,ŽÔã‚Ë‚ç‚¢,—{•ƒ,,282227,•ºŒÉŒ§,—{•ƒŽs,”ªŽ­’¬”ªŽ­,2018-06-05,16,“¹˜Hã,Ž{ù‚¹‚¸,‚ ‚è
Þ“,ŽÔã‚Ë‚ç‚¢,—{•ƒ,”ªŽ­‰w‘O,282227,•ºŒÉŒ§,—{•ƒŽs,”ªŽ­’¬¬²,2018-10-01,13,“¹˜Hã,Ž{ù‚¹‚¸,‚ ‚è
Þ“,ŽÔã‚Ë‚ç‚¢,—{•ƒ,L’J,282227,•ºŒÉŒ§,—{•ƒŽs,ã‰Ó,2018-06-19,12,’“ŽÔi—Öjê,Ž{ù‚¹‚¸,‚È‚µ
Þ“,ŽÔã‚Ë‚ç‚¢,–L‰ª“ì,–L‰ª‰w‘O,282090,•ºŒÉŒ§,–L‰ªŽs,‘åŽè’¬,2018-02-23,12,’“ŽÔi—Öjê,Ž{ù‚¹‚¸,‚È‚µ
Þ“,ŽÔã‚Ë‚ç‚¢,–L‰ª“ì,–L‰ª‰w‘O,282090,•ºŒÉŒ§,–L‰ªŽs,³–@Ž›,2018-01-13,14,’“ŽÔi—Öjê,Ž{ù‚¹‚¸,‚È‚µ
Þ“,ŽÔã‚Ë‚ç‚¢,–L‰ª“ì,–L‰ª‰w‘O,282090,•ºŒÉŒ§,–L‰ªŽs,³–@Ž›,2018-01-15,05,’“ŽÔi—Öjê,Ž{ù‚¹‚¸,‚È‚µ
Þ“,ŽÔã‚Ë‚ç‚¢,–L‰ª“ì,–L‰ª‰w‘O,282090,•ºŒÉŒ§,–L‰ªŽs,‚‰®,2018-01-10,05,’“ŽÔi—Öjê,Ž{ù‚¹‚¸,‚ ‚è
Þ“,ŽÔã‚Ë‚ç‚¢,–L‰ª“ì,–L‰ª‰w‘O,282090,•ºŒÉŒ§,–L‰ªŽs,’†‰›’¬,2018-02-28,09,’“ŽÔi—Öjê,Ž{ù‚¹‚¸,‚ ‚è
Þ“,ŽÔã‚Ë‚ç‚¢,–L‰ª“ì,–L‰ª‰w‘O,282090,•ºŒÉŒ§,–L‰ªŽs,ŒË–q,2018-01-09,06,’“ŽÔi—Öjê,Ž{ù‚¹‚¸,‚È‚µ
Þ“,ŽÔã‚Ë‚ç‚¢,–L‰ª“ì,–L‰ª‰w‘O,282090,•ºŒÉŒ§,–L‰ªŽs,ŒË–q,2018-01-10,06,’“ŽÔi—Öjê,Ž{ù‚¹‚¸,‚ ‚è
Þ“,ŽÔã‚Ë‚ç‚¢,–L‰ª“ì,–L‰ª‰w‘O,282090,•ºŒÉŒ§,–L‰ªŽs,ŒË–q,2018-07-18,21,’“ŽÔi—Öjê,Ž{ù‚¹‚¸,‚ ‚è
Þ“,ŽÔã‚Ë‚ç‚¢,–L‰ª“ì,–L‰ª‰w‘O,282090,•ºŒÉŒ§,–L‰ªŽs,–ì“c,2018-01-12,19,’“ŽÔi—Öjê,Ž{ù‚¹‚¸,‚È‚µ
Þ“,ŽÔã‚Ë‚ç‚¢,–L‰ª“ì,—§–ì,282090,•ºŒÉŒ§,–L‰ªŽs,‹ž’¬,2018-03-03,17,‚»‚Ì‘¼,Ž{ù‚¹‚¸,‚ ‚è
Þ“,ŽÔã‚Ë‚ç‚¢,–L‰ª“ì,—§–ì,282090,•ºŒÉŒ§,–L‰ªŽs,Œ³’¬,2018-08-03,12,’“ŽÔi—Öjê,Ž{ù‚¹‚¸,‚ ‚è
Þ“,ŽÔã‚Ë‚ç‚¢,–L‰ª“ì,‰º‰A,282090,•ºŒÉŒ§,–L‰ªŽs,‰º‰A,2018-07-18,18,’“ŽÔi—Öjê,Ž{ù‚¹‚¸,‚ ‚è
Þ“,ŽÔã‚Ë‚ç‚¢,–L‰ª“ì,‰º‰A,282090,•ºŒÉŒ§,–L‰ªŽs,’†‰A,2018-11-20,17,’“ŽÔi—Öjê,Ž{ù‚¹‚¸,‚È‚µ
Þ“,ŽÔã‚Ë‚ç‚¢,–L‰ª“ì,‰º‰A,282090,•ºŒÉŒ§,–L‰ªŽs,•Ÿ“c,2018-05-13,18,’“ŽÔi—Öjê,Ž{ù‚¹‚¸,‚ ‚è
Þ“,ŽÔã‚Ë‚ç‚¢,–L‰ª“ì,‰º‰A,282090,•ºŒÉŒ§,–L‰ªŽs,•Ÿ“c,2018-08-05,19,’“ŽÔi—Öjê,Ž{ù‚¹‚¸,‚ ‚è
Þ“,ŽÔã‚Ë‚ç‚¢,–L‰ª“ì,]Œ´,282090,•ºŒÉŒ§,–L‰ªŽs,“ú‚’¬’ß‰ª,2018-10-16,19,’“ŽÔi—Öjê,Ž{ù‚¹‚¸,‚È‚µ
Þ“,ŽÔã‚Ë‚ç‚¢,–L‰ª“ì,•{Žsê,282090,•ºŒÉŒ§,–L‰ªŽs,“ú‚’¬“y‹,2018-02-04,17,’“ŽÔi—Öjê,Ž{ù‚¹‚¸,‚ ‚è
Þ“,ŽÔã‚Ë‚ç‚¢,–L‰ª“ì,•{Žsê,282090,•ºŒÉŒ§,–L‰ªŽs,“ú‚’¬“y‹,2018-03-01,17,“¹˜Hã,Ž{ù‚¹‚¸,‚ ‚è
Þ“,ŽÔã‚Ë‚ç‚¢,–L‰ª“ì,“¹ê,282090,•ºŒÉŒ§,–L‰ªŽs,“ú‚’¬‹v“l,2018-03-25,11,’“ŽÔi—Öjê,Ž{ù‚¹‚¸,‚ ‚è
Þ“,ŽÔã‚Ë‚ç‚¢,–L‰ª“ì,_“ç,282090,•ºŒÉŒ§,–L‰ªŽs,“ú‚’¬ŒI²–ì,2018-06-02,08,’“ŽÔi—Öjê,Ž{ù‚¹‚¸,‚È‚µ
Þ“,ŽÔã‚Ë‚ç‚¢,–L‰ª“ì,_“ç,282090,•ºŒÉŒ§,–L‰ªŽs,“ú‚’¬ŽR“c,2018-01-16,10,’“ŽÔi—Öjê,Ž{ù‚¹‚¸,‚È‚µ
Þ“,ŽÔã‚Ë‚ç‚¢,–L‰ª“ì,ŒÑ‹·,282090,•ºŒÉŒ§,–L‰ªŽs,oÎ’¬ŒÑ‹·,2018-12-04,22,ˆêŒËŒšZ‘î,Ž{ù‚¹‚¸,‚ ‚è
Þ“,ŽÔã‚Ë‚ç‚¢,–L‰ª“ì,o‡,282090,•ºŒÉŒ§,–L‰ªŽs,’A“Œ’¬“ú“a,2018-11-21,16,“¹˜Hã,Ž{ù‚¹‚¸,‚ ‚è
Þ“,ŽÔã‚Ë‚ç‚¢,–L‰ª“ì,²“c,282090,•ºŒÉŒ§,–L‰ªŽs,’A“Œ’¬¬â,2018-11-25,12,“¹˜Hã,Ž{ù‚¹‚¸,‚ ‚è
Þ“,ŽÔã‚Ë‚ç‚¢,–L‰ª“ì,²“c,282090,•ºŒÉŒ§,–L‰ªŽs,’A“Œ’¬“Œ’†,2018-05-25,13,’“ŽÔi—Öjê,Ž{ù‚¹‚¸,‚ ‚è
Þ“,ŽÔã‚Ë‚ç‚¢,–L‰ª“ì,’†ŽR,282090,•ºŒÉŒ§,–L‰ªŽs,’A“Œ’¬’†ŽR,2018-11-22,14,’“ŽÔi—Öjê,Ž{ù‚¹‚¸,‚ ‚è
Þ“,ŽÔã‚Ë‚ç‚¢,–L‰ª–k,éè‰·ò‰w‘O,282090,•ºŒÉŒ§,–L‰ªŽs,éè’¬¡’Ã,2018-10-23,06,“¹˜Hã,Ž{ù‚¹‚¸,‚ ‚è
Þ“,ŽÔã‚Ë‚ç‚¢,–L‰ª–k,’|–ì,282090,•ºŒÉŒ§,–L‰ªŽs,’|–ì’¬’|–ì,2018-01-16,13,’“ŽÔi—Öjê,Ž{ù‚¹‚¸,‚ ‚è
Þ“,ŽÔã‚Ë‚ç‚¢,”ü•û,•lâ‰w‘O,285862,•ºŒÉŒ§,V‰·ò’¬,ˆ°‰®,2018-12-01,16,‚»‚Ì‘¼,Ž{ù‚¹‚¸,‚È‚µ
Þ“,ŽÔã‚Ë‚ç‚¢,”ü•û,“’M,285854,•ºŒÉŒ§,”ü’¬,‘º‰ª‹æ“ü],2018-10-02,15,’“ŽÔi—Öjê,Ž{ù‚¹‚¸,‚ ‚è
Þ“,ŽÔã‚Ë‚ç‚¢,”ü•û,Z‰w‘O,285854,•ºŒÉŒ§,”ü’¬,Z‹æŽµ“úŽs,2018-12-04,08,’“ŽÔi—Öjê,Ž{ù‚¹‚¸,‚È‚µ
Þ“,ŽÔã‚Ë‚ç‚¢,F–{,“à’¬,282057,•ºŒÉŒ§,F–{Žs,‰–‰®‚P’š–Ú,2018-09-16,15,’“ŽÔi—Öjê,Ž{ù‚¹‚¸,‚È‚µ
Þ“,ŽÔã‚Ë‚ç‚¢,F–{,“à’¬,282057,•ºŒÉŒ§,F–{Žs,‰–‰®‚P’š–Ú,2018-10-12,16,’“ŽÔi—Öjê,Ž{ù‚¹‚¸,‚È‚µ
Þ“,ŽÔã‚Ë‚ç‚¢,F–{,“à’¬,282057,•ºŒÉŒ§,F–{Žs,‰–‰®‚P’š–Ú,2018-10-19,18,‚»‚Ì‘¼,Ž{ù‚¹‚¸,‚ ‚è
Þ“,ŽÔã‚Ë‚ç‚¢,F–{,“à’¬,282057,•ºŒÉŒ§,F–{Žs,‰–‰®‚P’š–Ú,2018-11-16,18,’“ŽÔi—Öjê,Ž{ù‚¹‚¸,‚È‚µ
Þ“,ŽÔã‚Ë‚ç‚¢,F–{,“à’¬,282057,•ºŒÉŒ§,F–{Žs,ŽRŽè‚R’š–Ú,2018-03-19,15,’“ŽÔi—Öjê,Ž{ù‚¹‚¸,‚ ‚è
Þ“,ŽÔã‚Ë‚ç‚¢,F–{,ŠO’Ê,282057,•ºŒÉŒ§,F–{Žs,ã•¨•”,2018-05-01,22,‚»‚Ì‘¼‚ÌZ‘îi‚RŠKŒš‚ÄˆÈ‰º‹¤“¯Z‘î“™j,Ž{ù‚¹‚¸,‚ ‚è
Þ“,ŽÔã‚Ë‚ç‚¢,F–{,ŠO’Ê,282057,•ºŒÉŒ§,F–{Žs,‰–‰®‚Q’š–Ú,2018-10-21,17,’“ŽÔi—Öjê,Ž{ù‚¹‚¸,‚È‚µ
Þ“,ŽÔã‚Ë‚ç‚¢,F–{,ŠO’Ê,282057,•ºŒÉŒ§,F–{Žs,‰º“à‘V,2018-03-25,14,“¹˜Hã,Ž{ù‚¹‚¸,‚ ‚è
Þ“,ŽÔã‚Ë‚ç‚¢,F–{,‰FŽR,282057,•ºŒÉŒ§,F–{Žs,àxŒû‚Q’š–Ú,2018-09-27,20,ˆêŒËŒšZ‘î,Ž{ù‚¹‚¸,‚ ‚è
Þ“,ŽÔã‚Ë‚ç‚¢,F–{,’†ìŒ´,282057,•ºŒÉŒ§,F–{Žs,’†ìŒ´’¬“ñƒcÎ,2018-08-04,21,’“ŽÔi—Öjê,Ž{ù‚¹‚¸,‚ ‚è
Þ“,ŽÔã‚Ë‚ç‚¢,F–{,“à‘V,282057,•ºŒÉŒ§,F–{Žs,”[,2018-06-17,17,‚»‚Ì‘¼,Ž{ù‚¹‚¸,‚ ‚è
Þ“,ŽÔã‚Ë‚ç‚¢,’W˜H,‰¼‰®,282260,•ºŒÉŒ§,’W˜HŽs,‹v—¯–ƒ,2018-03-09,17,’“ŽÔi—Öjê,Ž{ù‚¹‚¸,‚ ‚è
Þ“,ŽÔã‚Ë‚ç‚¢,’W˜H,•x“‡,282260,•ºŒÉŒ§,’W˜HŽs,ó–ì“ì,2018-04-22,09,“¹˜Hã,Ž{ù‚¹‚¸,‚ ‚è
Þ“,ŽÔã‚Ë‚ç‚¢,’W˜H,”öè,282260,•ºŒÉŒ§,’W˜HŽs,ŒS‰Æ,2018-10-24,21,“¹˜Hã,Ž{ù‚¹‚¸,‚È‚µ
Þ“,ŽÔã‚Ë‚ç‚¢,’W˜H,’†“c,282260,•ºŒÉŒ§,’W˜HŽs,‰¤Žq,2018-05-15,17,’“ŽÔi—Öjê,Ž{ù‚¹‚¸,‚ ‚è
Þ“,ŽÔã‚Ë‚ç‚¢,’W˜H,Žu’},282260,•ºŒÉŒ§,’W˜HŽs,‘å’J,2018-04-26,04,’“ŽÔi—Öjê,Ž{ù‚¹‚¸,‚È‚µ
Þ“,ŽÔã‚Ë‚ç‚¢,’W˜H,Žu’},282260,•ºŒÉŒ§,’W˜HŽs,Žu’},2018-03-24,14,’“ŽÔi—Öjê,Ž{ù‚¹‚¸,‚ ‚è
Þ“,ŽÔã‚Ë‚ç‚¢,’W˜H,Žu’},282260,•ºŒÉŒ§,’W˜HŽs,Žu’}V“‡,2018-10-14,10,’“ŽÔi—Öjê,Ž{ù‚¹‚¸,‚È‚µ
Þ“,ŽÔã‚Ë‚ç‚¢,“ì‚ ‚í‚¶,Â–Ø,282243,•ºŒÉŒ§,“ì‚ ‚í‚¶Žs,ŽsŽOžŠ,2018-11-17,07,“¹˜Hã,Ž{ù‚¹‚¸,‚ ‚è
Þ“,ŽÔã‚Ë‚ç‚¢,“ì‚ ‚í‚¶,Â–Ø,282243,•ºŒÉŒ§,“ì‚ ‚í‚¶Žs,_‘ãš åÉ,2018-01-16,17,’“ŽÔi—Öjê,Ž{ù‚¹‚¸,‚È‚µ
Þ“,ŽÔã‚Ë‚ç‚¢,“ì‚ ‚í‚¶,‰|—ñ,282243,•ºŒÉŒ§,“ì‚ ‚í‚¶Žs,‰|—ñ‘å‰|—ñ,2018-10-08,10,ˆêŒËŒšZ‘î,Ž{ù‚¹‚¸,‚ ‚è
Þ“,ŽÔã‚Ë‚ç‚¢,“ì‚ ‚í‚¶,‰|—ñ,282243,•ºŒÉŒ§,“ì‚ ‚í‚¶Žs,‰|—ñã”¦‘½,2018-03-28,20,ˆêŒËŒšZ‘î,Ž{ù‚¹‚¸,‚ ‚è
Þ“,ŽÔã‚Ë‚ç‚¢,“ì‚ ‚í‚¶,‘|Žç,282243,•ºŒÉŒ§,“ì‚ ‚í‚¶Žs,,2018-07-14,10,ˆêŒËŒšZ‘î,Ž{ù‚¹‚¸,‚ ‚è
Þ“,ŽÔã‚Ë‚ç‚¢,“ì‚ ‚í‚¶,‘|Žç,282243,•ºŒÉŒ§,“ì‚ ‚í‚¶Žs,˜`•¶ˆÏ•¶,2018-10-08,11,‚»‚Ì‘¼,Ž{ù‚¹‚¸,‚ ‚è
Þ“,ŽÔã‚Ë‚ç‚¢,“ì‚ ‚í‚¶,L“c,282243,•ºŒÉŒ§,“ì‚ ‚í‚¶Žs,L“c’†‹Ø,2018-03-04,18,’“ŽÔi—Öjê,Ž{ù‚¹‚¸,‚È‚µ
Þ“,ŽÔã‚Ë‚ç‚¢,“ì‚ ‚í‚¶,Žu’m,282243,•ºŒÉŒ§,“ì‚ ‚í‚¶Žs,Žu’m–k,2018-09-15,17,“¹˜Hã,Ž{ù‚¹‚¸,‚ ‚è
Þ“,ŽÔã‚Ë‚ç‚¢,“ì‚ ‚í‚¶,Žu’m,282243,•ºŒÉŒ§,“ì‚ ‚í‚¶Žs,Žu’m–k,2018-09-15,23,ˆêŒËŒšZ‘î,Ž{ù‚¹‚¸,‚ ‚è
Þ“,ŽÔã‚Ë‚ç‚¢,“ì‚ ‚í‚¶,Žu’m,282243,•ºŒÉŒ§,“ì‚ ‚í‚¶Žs,¼”¿Žu’mì,2018-06-24,00,ˆêŒËŒšZ‘î,Ž{ù‚¹‚¸,‚ ‚è
Þ“,ŽÔã‚Ë‚ç‚¢,“ì‚ ‚í‚¶,–©,282243,•ºŒÉŒ§,“ì‚ ‚í‚¶Žs,–©—¢,2018-03-12,07,ˆêŒËŒšZ‘î,Ž{ù‚¹‚¸,‚ ‚è
Þ“,ŽÔã‚Ë‚ç‚¢,“ì‚ ‚í‚¶,–©,282243,•ºŒÉŒ§,“ì‚ ‚í‚¶Žs,–©—¢,2018-12-12,20,ˆêŒËŒšZ‘î,Ž{ù‚¹‚¸,‚ ‚è
Þ“,ŽÔã‚Ë‚ç‚¢,“ì‚ ‚í‚¶,’Ãˆä,282243,•ºŒÉŒ§,“ì‚ ‚í‚¶Žs,’Ãˆä,2018-03-14,18,’“ŽÔi—Öjê,Ž{ù‚¹‚¸,‚È‚µ
Þ“,ŽÔã‚Ë‚ç‚¢,“ì‚ ‚í‚¶,’Ãˆä,282243,•ºŒÉŒ§,“ì‚ ‚í‚¶Žs,’Ãˆä,2018-09-25,09,‚»‚Ì‘¼,Ž{ù‚¹‚¸,‚ ‚è
Þ“,ŽÔã‚Ë‚ç‚¢,“ì‚ ‚í‚¶,“Œ’J,282243,•ºŒÉŒ§,“ì‚ ‚í‚¶Žs,•Ÿ—Ç•¸,2018-12-03,15,’“ŽÔi—Öjê,Ž{ù‚¹‚¸,‚È‚µ
Þ“,ŽÔã‚Ë‚ç‚¢,“ì‚ ‚í‚¶,•Ÿˆä,282243,•ºŒÉŒ§,“ì‚ ‚í‚¶Žs,‰êW¶Žq,2018-08-20,10,ˆêŒËŒšZ‘î,Ž{ù‚¹‚¸,‚ ‚è
Þ“,ŽÔã‚Ë‚ç‚¢,“ì‚ ‚í‚¶,ˆ¢–œ¼,282243,•ºŒÉŒ§,“ì‚ ‚í‚¶Žs,ˆ¢–œ‰–‰®’¬,2018-08-04,19,“¹˜Hã,Ž{ù‚¹‚¸,‚ ‚è
