罪名,手口,管轄警察署（発生地）,管轄交番・駐在所（発生地）,市区町村コード（発生地）,都道府県（発生地）,市区町村（発生地）,町丁目（発生地）,発生年月日（始期）,発生時（始期）,発生場所,発生場所の詳細,被害者の年齢,被害者の職業,施錠関係
窃盗,自転車盗,東灘,深江,281018,兵庫県,神戸市東灘区,深江北町１丁目,20240216,13,４階建て以上共同住宅,駐車（輪）場,40歳代,その他,施錠した
窃盗,自転車盗,東灘,深江,281018,兵庫県,神戸市東灘区,深江北町２丁目,20240913,12,４階建て以上共同住宅,駐車（輪）場,30歳代,その他,施錠せず
窃盗,自転車盗,東灘,深江,281018,兵庫県,神戸市東灘区,深江北町２丁目,20241206,12,道路上,その他,70歳以上,その他,施錠した
窃盗,自転車盗,東灘,深江,281018,兵庫県,神戸市東灘区,深江北町３丁目,20240501,20,その他,駐車（輪）場,20歳代,その他,施錠せず
窃盗,自転車盗,東灘,深江,281018,兵庫県,神戸市東灘区,深江北町３丁目,20240814,14,その他,駐車（輪）場,20歳代,その他,施錠せず
窃盗,自転車盗,東灘,深江,281018,兵庫県,神戸市東灘区,深江北町３丁目,20241012,17,４階建て以上共同住宅,駐車（輪）場,20歳代,その他,施錠せず
窃盗,自転車盗,東灘,深江,281018,兵庫県,神戸市東灘区,深江北町４丁目,20240112,18,４階建て以上共同住宅,その他,65-69歳,その他,施錠せず
窃盗,自転車盗,東灘,深江,281018,兵庫県,神戸市東灘区,深江北町４丁目,20240411,8,その他,駐車（輪）場,10歳代,その他,施錠した
窃盗,自転車盗,東灘,深江,281018,兵庫県,神戸市東灘区,深江北町４丁目,20240607,6,その他,駐車（輪）場,10歳代,高校生,施錠せず
窃盗,自転車盗,東灘,深江,281018,兵庫県,神戸市東灘区,深江北町４丁目,20240615,12,その他,駐車（輪）場,20歳代,その他,施錠せず
窃盗,自転車盗,東灘,深江,281018,兵庫県,神戸市東灘区,深江北町４丁目,20240928,19,その他,駐車（輪）場,20歳代,その他,施錠した
窃盗,自転車盗,東灘,深江,281018,兵庫県,神戸市東灘区,深江北町４丁目,20241031,19,駐車（輪）場,駐車（輪）場,20歳代,その他,施錠した
窃盗,自転車盗,東灘,深江,281018,兵庫県,神戸市東灘区,深江浜町,20241207,9,その他,駐車（輪）場,20歳代,その他,施錠せず
窃盗,自転車盗,東灘,深江,281018,兵庫県,神戸市東灘区,深江本町１丁目,20240104,16,一戸建住宅,その他,40歳代,その他,施錠せず
窃盗,自転車盗,東灘,深江,281018,兵庫県,神戸市東灘区,深江本町１丁目,20240407,16,４階建て以上共同住宅,駐車（輪）場,70歳以上,その他,施錠した
窃盗,自転車盗,東灘,深江,281018,兵庫県,神戸市東灘区,深江本町１丁目,20240625,16,道路上,その他,10歳代,高校生,施錠せず
窃盗,自転車盗,東灘,深江,281018,兵庫県,神戸市東灘区,深江本町１丁目,20240811,17,４階建て以上共同住宅,駐車（輪）場,40歳代,その他,施錠せず
窃盗,自転車盗,東灘,深江,281018,兵庫県,神戸市東灘区,深江本町１丁目,20241118,22,その他の住宅（３階建て以下共同住宅等）,駐車（輪）場,30歳代,その他,施錠せず
窃盗,自転車盗,東灘,深江,281018,兵庫県,神戸市東灘区,深江本町３丁目,20240511,9,駐車（輪）場,駐車（輪）場,10歳代,大学生,施錠せず
窃盗,自転車盗,東灘,深江,281018,兵庫県,神戸市東灘区,深江本町３丁目,20240815,14,４階建て以上共同住宅,駐車（輪）場,50歳代,その他,施錠せず
窃盗,自転車盗,東灘,深江,281018,兵庫県,神戸市東灘区,深江本町３丁目,20240815,17,４階建て以上共同住宅,その他,20歳代,大学生,施錠せず
窃盗,自転車盗,東灘,深江,281018,兵庫県,神戸市東灘区,深江本町３丁目,20241006,19,４階建て以上共同住宅,駐車（輪）場,50歳代,その他,施錠せず
窃盗,自転車盗,東灘,深江,281018,兵庫県,神戸市東灘区,深江本町３丁目,20240926,18,道路上,その他,30歳代,その他,施錠した
窃盗,自転車盗,東灘,深江,281018,兵庫県,神戸市東灘区,深江本町４丁目,20240802,23,４階建て以上共同住宅,駐車（輪）場,20歳代,その他,施錠せず
窃盗,自転車盗,東灘,深江,281018,兵庫県,神戸市東灘区,深江南町１丁目,20240323,20,その他の住宅（３階建て以下共同住宅等）,駐車（輪）場,10歳代,中学生,施錠した
窃盗,自転車盗,東灘,深江,281018,兵庫県,神戸市東灘区,深江南町１丁目,20240522,22,４階建て以上共同住宅,駐車（輪）場,50歳代,その他,施錠せず
窃盗,自転車盗,東灘,深江,281018,兵庫県,神戸市東灘区,深江南町１丁目,20240717,8,４階建て以上共同住宅,駐車（輪）場,40歳代,その他,施錠せず
窃盗,自転車盗,東灘,深江,281018,兵庫県,神戸市東灘区,深江南町１丁目,20240725,18,４階建て以上共同住宅,その他,20歳代,大学生,施錠した
窃盗,自転車盗,東灘,深江,281018,兵庫県,神戸市東灘区,深江南町３丁目,20240928,22,道路上,その他,10歳代,その他,施錠した
窃盗,自転車盗,東灘,深江,281018,兵庫県,神戸市東灘区,深江南町４丁目,20240310,23,４階建て以上共同住宅,その他,20歳代,その他,施錠せず
窃盗,自転車盗,東灘,深江,281018,兵庫県,神戸市東灘区,深江南町４丁目,20240429,20,その他の住宅（３階建て以下共同住宅等）,駐車（輪）場,20歳代,その他,施錠せず
窃盗,自転車盗,東灘,深江,281018,兵庫県,神戸市東灘区,深江南町５丁目,20240517,17,その他,駐車（輪）場,20歳代,大学生,施錠せず
窃盗,自転車盗,東灘,深江,281018,兵庫県,神戸市東灘区,深江南町５丁目,20241130,15,その他,駐車（輪）場,10歳代,中学生,施錠せず
窃盗,自転車盗,東灘,森,281018,兵庫県,神戸市東灘区,本庄町１丁目,20240429,17,４階建て以上共同住宅,駐車（輪）場,50歳代,その他,施錠した
窃盗,自転車盗,東灘,森,281018,兵庫県,神戸市東灘区,本庄町１丁目,20240525,15,その他,その他,10歳代,中学生,施錠せず
窃盗,自転車盗,東灘,森,281018,兵庫県,神戸市東灘区,本庄町２丁目,20231210,22,その他,その他,20歳代,その他,施錠せず
窃盗,自転車盗,東灘,森,281018,兵庫県,神戸市東灘区,本庄町２丁目,20240624,22,その他の住宅（３階建て以下共同住宅等）,駐車（輪）場,10歳代,大学生,施錠せず
窃盗,自転車盗,東灘,森,281018,兵庫県,神戸市東灘区,本庄町３丁目,20240913,23,４階建て以上共同住宅,駐車（輪）場,50歳代,その他,施錠せず
窃盗,自転車盗,東灘,森,281018,兵庫県,神戸市東灘区,本山北町１丁目,20240828,7,道路上,その他,10歳代,高校生,施錠せず
窃盗,自転車盗,東灘,森,281018,兵庫県,神戸市東灘区,本山北町１丁目,20241004,18,４階建て以上共同住宅,その他,30歳代,その他,施錠せず
窃盗,自転車盗,東灘,森,281018,兵庫県,神戸市東灘区,本山中町１丁目,20240416,12,その他,駐車（輪）場,50歳代,その他,施錠せず
窃盗,自転車盗,東灘,森,281018,兵庫県,神戸市東灘区,本山中町２丁目,20231217,9,４階建て以上共同住宅,駐車（輪）場,10歳代,中学生,施錠した
窃盗,自転車盗,東灘,森,281018,兵庫県,神戸市東灘区,本山中町２丁目,20240429,12,４階建て以上共同住宅,駐車（輪）場,10歳代,中学生,施錠した
窃盗,自転車盗,東灘,森,281018,兵庫県,神戸市東灘区,本山中町３丁目,20240907,23,４階建て以上共同住宅,駐車（輪）場,10歳代,小学生,施錠せず
窃盗,自転車盗,東灘,森,281018,兵庫県,神戸市東灘区,本山南町１丁目,20240807,14,４階建て以上共同住宅,駐車（輪）場,20歳代,大学生,施錠した
窃盗,自転車盗,東灘,森,281018,兵庫県,神戸市東灘区,本山南町６丁目,20240129,10,その他,駐車（輪）場,70歳以上,その他,施錠せず
窃盗,自転車盗,東灘,森,281018,兵庫県,神戸市東灘区,本山南町６丁目,20240202,0,駐車（輪）場,駐車（輪）場,10歳代,高校生,施錠せず
窃盗,自転車盗,東灘,森,281018,兵庫県,神戸市東灘区,本山南町６丁目,20241006,8,その他,駐車（輪）場,20歳代,その他,施錠した
窃盗,自転車盗,東灘,森,281018,兵庫県,神戸市東灘区,本山南町７丁目,20231228,18,駐車（輪）場,駐車（輪）場,10歳代,小学生,施錠せず
窃盗,自転車盗,東灘,森,281018,兵庫県,神戸市東灘区,本山南町７丁目,20240715,10,４階建て以上共同住宅,駐車（輪）場,70歳以上,その他,施錠した
窃盗,自転車盗,東灘,森,281018,兵庫県,神戸市東灘区,本山南町７丁目,20240726,8,その他,駐車（輪）場,20歳代,その他,施錠せず
窃盗,自転車盗,東灘,森,281018,兵庫県,神戸市東灘区,本山南町７丁目,20240902,9,４階建て以上共同住宅,駐車（輪）場,40歳代,その他,施錠した
窃盗,自転車盗,東灘,森,281018,兵庫県,神戸市東灘区,森北町１丁目,20240629,19,その他,駐車（輪）場,20歳代,大学生,施錠せず
窃盗,自転車盗,東灘,森,281018,兵庫県,神戸市東灘区,森北町１丁目,20241012,15,駐車（輪）場,駐車（輪）場,10歳代,高校生,施錠せず
窃盗,自転車盗,東灘,森,281018,兵庫県,神戸市東灘区,森北町１丁目,20241201,9,その他の住宅（３階建て以下共同住宅等）,駐車（輪）場,50歳代,その他,施錠せず
窃盗,自転車盗,東灘,森,281018,兵庫県,神戸市東灘区,森北町１丁目,20241220,7,駐車（輪）場,駐車（輪）場,50歳代,その他,施錠せず
窃盗,自転車盗,東灘,森,281018,兵庫県,神戸市東灘区,森北町３丁目,20240726,18,一戸建住宅,駐車（輪）場,10歳未満,小学生,施錠した
窃盗,自転車盗,東灘,森,281018,兵庫県,神戸市東灘区,森北町３丁目,20240908,17,４階建て以上共同住宅,駐車（輪）場,30歳代,その他,施錠せず
窃盗,自転車盗,東灘,森,281018,兵庫県,神戸市東灘区,森北町３丁目,20240930,20,４階建て以上共同住宅,駐車（輪）場,30歳代,その他,施錠した
窃盗,自転車盗,東灘,森,281018,兵庫県,神戸市東灘区,森北町３丁目,20241024,18,４階建て以上共同住宅,駐車（輪）場,30歳代,その他,施錠せず
窃盗,自転車盗,東灘,森,281018,兵庫県,神戸市東灘区,森北町３丁目,20241109,17,道路上,その他,10歳代,大学生,施錠した
窃盗,自転車盗,東灘,森,281018,兵庫県,神戸市東灘区,森南町１丁目,20240207,19,駐車（輪）場,駐車（輪）場,50歳代,その他,施錠せず
窃盗,自転車盗,東灘,森,281018,兵庫県,神戸市東灘区,森南町１丁目,20240522,8,４階建て以上共同住宅,駐車（輪）場,70歳以上,その他,施錠した
窃盗,自転車盗,東灘,森,281018,兵庫県,神戸市東灘区,森南町１丁目,20240614,7,その他の住宅（３階建て以下共同住宅等）,その他,40歳代,その他,施錠せず
窃盗,自転車盗,東灘,森,281018,兵庫県,神戸市東灘区,森南町１丁目,20240703,18,その他,その他,10歳代,その他,施錠せず
窃盗,自転車盗,東灘,森,281018,兵庫県,神戸市東灘区,森南町２丁目,20240927,18,４階建て以上共同住宅,駐車（輪）場,40歳代,その他,施錠せず
窃盗,自転車盗,東灘,森,281018,兵庫県,神戸市東灘区,森南町２丁目,20241005,17,４階建て以上共同住宅,駐車（輪）場,10歳未満,小学生,施錠せず
窃盗,自転車盗,東灘,森,281018,兵庫県,神戸市東灘区,森南町３丁目,20240812,8,一戸建住宅,駐車（輪）場,40歳代,その他,施錠せず
窃盗,自転車盗,東灘,森,281018,兵庫県,神戸市東灘区,森南町３丁目,20240824,21,４階建て以上共同住宅,駐車（輪）場,20歳代,その他,施錠せず
窃盗,自転車盗,東灘,岡本,281018,兵庫県,神戸市東灘区,岡本１丁目,20240220,7,駐車（輪）場,駐車（輪）場,10歳代,中学生,施錠せず
窃盗,自転車盗,東灘,岡本,281018,兵庫県,神戸市東灘区,岡本１丁目,20240605,9,その他,駐車（輪）場,50歳代,その他,施錠せず
窃盗,自転車盗,東灘,岡本,281018,兵庫県,神戸市東灘区,岡本１丁目,20240611,7,駐車（輪）場,駐車（輪）場,10歳代,高校生,施錠せず
窃盗,自転車盗,東灘,岡本,281018,兵庫県,神戸市東灘区,岡本１丁目,20240718,14,道路上,その他,40歳代,その他,施錠せず
窃盗,自転車盗,東灘,岡本,281018,兵庫県,神戸市東灘区,岡本１丁目,20240712,0,駐車（輪）場,駐車（輪）場,30歳代,その他,施錠せず
窃盗,自転車盗,東灘,岡本,281018,兵庫県,神戸市東灘区,岡本１丁目,20240718,21,その他,駐車（輪）場,10歳代,大学生,施錠せず
窃盗,自転車盗,東灘,岡本,281018,兵庫県,神戸市東灘区,岡本１丁目,20240807,7,駐車（輪）場,駐車（輪）場,50歳代,その他,施錠した
窃盗,自転車盗,東灘,岡本,281018,兵庫県,神戸市東灘区,岡本１丁目,20240804,14,その他,駐車（輪）場,10歳代,高校生,施錠した
窃盗,自転車盗,東灘,岡本,281018,兵庫県,神戸市東灘区,岡本１丁目,20240808,20,その他,駐車（輪）場,20歳代,大学生,施錠せず
窃盗,自転車盗,東灘,岡本,281018,兵庫県,神戸市東灘区,岡本１丁目,20240812,18,駐車（輪）場,駐車（輪）場,10歳代,高校生,施錠せず
窃盗,自転車盗,東灘,岡本,281018,兵庫県,神戸市東灘区,岡本１丁目,20240820,5,その他,駐車（輪）場,10歳代,高校生,施錠せず
窃盗,自転車盗,東灘,岡本,281018,兵庫県,神戸市東灘区,岡本１丁目,20240909,20,その他,駐車（輪）場,10歳代,高校生,施錠せず
窃盗,自転車盗,東灘,岡本,281018,兵庫県,神戸市東灘区,岡本１丁目,20240913,22,その他,駐車（輪）場,10歳代,中学生,施錠せず
窃盗,自転車盗,東灘,岡本,281018,兵庫県,神戸市東灘区,岡本１丁目,20240909,17,道路上,その他,20歳代,大学生,施錠せず
窃盗,自転車盗,東灘,岡本,281018,兵庫県,神戸市東灘区,岡本１丁目,20240923,14,その他,駐車（輪）場,70歳以上,その他,施錠した
窃盗,自転車盗,東灘,岡本,281018,兵庫県,神戸市東灘区,岡本１丁目,20240924,6,駐車（輪）場,駐車（輪）場,50歳代,その他,施錠した
窃盗,自転車盗,東灘,岡本,281018,兵庫県,神戸市東灘区,岡本１丁目,20240924,7,駐車（輪）場,駐車（輪）場,10歳代,大学生,施錠した
窃盗,自転車盗,東灘,岡本,281018,兵庫県,神戸市東灘区,岡本１丁目,20240927,21,駐車（輪）場,駐車（輪）場,20歳代,大学生,施錠した
窃盗,自転車盗,東灘,岡本,281018,兵庫県,神戸市東灘区,岡本１丁目,20240925,7,駐車（輪）場,駐車（輪）場,10歳代,高校生,施錠せず
窃盗,自転車盗,東灘,岡本,281018,兵庫県,神戸市東灘区,岡本１丁目,20240928,8,駐車（輪）場,駐車（輪）場,10歳代,高校生,施錠せず
窃盗,自転車盗,東灘,岡本,281018,兵庫県,神戸市東灘区,岡本１丁目,20240924,6,駐車（輪）場,駐車（輪）場,20歳代,その他,施錠した
窃盗,自転車盗,東灘,岡本,281018,兵庫県,神戸市東灘区,岡本１丁目,20241014,2,道路上,その他,20歳代,大学生,施錠せず
窃盗,自転車盗,東灘,岡本,281018,兵庫県,神戸市東灘区,岡本１丁目,20241103,22,その他,駐車（輪）場,50歳代,その他,施錠せず
窃盗,自転車盗,東灘,岡本,281018,兵庫県,神戸市東灘区,岡本１丁目,20241109,17,道路上,その他,20歳代,その他,施錠した
窃盗,自転車盗,東灘,岡本,281018,兵庫県,神戸市東灘区,岡本２丁目,20240115,8,駐車（輪）場,駐車（輪）場,50歳代,その他,施錠した
窃盗,自転車盗,東灘,岡本,281018,兵庫県,神戸市東灘区,岡本２丁目,20241010,22,道路上,その他,20歳代,大学生,施錠せず
窃盗,自転車盗,東灘,岡本,281018,兵庫県,神戸市東灘区,岡本３丁目,20240202,22,駐車（輪）場,駐車（輪）場,50歳代,その他,施錠せず
窃盗,自転車盗,東灘,岡本,281018,兵庫県,神戸市東灘区,岡本３丁目,20241010,23,４階建て以上共同住宅,駐車（輪）場,10歳代,大学生,施錠した
窃盗,自転車盗,東灘,岡本,281018,兵庫県,神戸市東灘区,岡本７丁目,20241026,12,その他の住宅（３階建て以下共同住宅等）,駐車（輪）場,40歳代,その他,施錠した
窃盗,自転車盗,東灘,岡本,281018,兵庫県,神戸市東灘区,岡本８丁目,20240514,10,その他,駐車（輪）場,20歳代,大学生,施錠せず
窃盗,自転車盗,東灘,岡本,281018,兵庫県,神戸市東灘区,岡本８丁目,20240530,7,その他,駐車（輪）場,20歳代,大学生,施錠せず
窃盗,自転車盗,東灘,岡本,281018,兵庫県,神戸市東灘区,岡本８丁目,20240909,9,その他,駐車（輪）場,40歳代,その他,施錠せず
窃盗,自転車盗,東灘,岡本,281018,兵庫県,神戸市東灘区,岡本８丁目,20241123,9,その他,駐車（輪）場,20歳代,大学生,施錠せず
窃盗,自転車盗,東灘,岡本,281018,兵庫県,神戸市東灘区,岡本９丁目,20240518,12,４階建て以上共同住宅,駐車（輪）場,10歳代,大学生,施錠せず
窃盗,自転車盗,東灘,岡本,281018,兵庫県,神戸市東灘区,岡本９丁目,20240618,12,その他,駐車（輪）場,20歳代,大学生,施錠せず
窃盗,自転車盗,東灘,岡本,281018,兵庫県,神戸市東灘区,岡本９丁目,20240620,13,その他,駐車（輪）場,10歳代,大学生,施錠せず
窃盗,自転車盗,東灘,岡本,281018,兵庫県,神戸市東灘区,岡本９丁目,20240627,9,その他,駐車（輪）場,10歳代,大学生,施錠した
窃盗,自転車盗,東灘,岡本,281018,兵庫県,神戸市東灘区,岡本９丁目,20240621,10,その他,駐車（輪）場,10歳代,大学生,施錠せず
窃盗,自転車盗,東灘,岡本,281018,兵庫県,神戸市東灘区,岡本９丁目,20240726,8,その他,駐車（輪）場,10歳代,大学生,施錠せず
窃盗,自転車盗,東灘,岡本,281018,兵庫県,神戸市東灘区,岡本９丁目,20240828,9,その他,駐車（輪）場,10歳代,大学生,施錠せず
窃盗,自転車盗,東灘,岡本,281018,兵庫県,神戸市東灘区,岡本９丁目,20240905,16,その他,駐車（輪）場,10歳代,大学生,施錠せず
窃盗,自転車盗,東灘,岡本,281018,兵庫県,神戸市東灘区,岡本９丁目,20240924,16,一戸建住宅,その他,10歳未満,小学生,施錠した
窃盗,自転車盗,東灘,岡本,281018,兵庫県,神戸市東灘区,岡本９丁目,20241002,14,その他,駐車（輪）場,20歳代,大学生,施錠せず
窃盗,自転車盗,東灘,岡本,281018,兵庫県,神戸市東灘区,岡本９丁目,20241126,13,その他,駐車（輪）場,10歳代,大学生,施錠せず
窃盗,自転車盗,東灘,岡本,281018,兵庫県,神戸市東灘区,岡本９丁目,20241207,11,その他,駐車（輪）場,20歳代,大学生,施錠せず
窃盗,自転車盗,東灘,岡本,281018,兵庫県,神戸市東灘区,岡本９丁目,20241211,13,その他,駐車（輪）場,10歳代,大学生,施錠せず
窃盗,自転車盗,東灘,岡本,281018,兵庫県,神戸市東灘区,岡本９丁目,20241221,12,その他,駐車（輪）場,20歳代,大学生,施錠せず
窃盗,自転車盗,東灘,岡本,281018,兵庫県,神戸市東灘区,西岡本１丁目,20240331,16,その他の住宅（３階建て以下共同住宅等）,駐車（輪）場,10歳代,中学生,施錠した
窃盗,自転車盗,東灘,岡本,281018,兵庫県,神戸市東灘区,西岡本１丁目,20240904,21,４階建て以上共同住宅,駐車（輪）場,40歳代,その他,施錠せず
窃盗,自転車盗,東灘,岡本,281018,兵庫県,神戸市東灘区,西岡本１丁目,20241118,18,その他の住宅（３階建て以下共同住宅等）,駐車（輪）場,50歳代,その他,施錠せず
窃盗,自転車盗,東灘,岡本,281018,兵庫県,神戸市東灘区,西岡本２丁目,20240107,22,４階建て以上共同住宅,駐車（輪）場,10歳代,高校生,施錠した
窃盗,自転車盗,東灘,岡本,281018,兵庫県,神戸市東灘区,西岡本２丁目,20240522,12,４階建て以上共同住宅,駐車（輪）場,40歳代,その他,施錠せず
窃盗,自転車盗,東灘,岡本,281018,兵庫県,神戸市東灘区,西岡本５丁目,20240510,19,４階建て以上共同住宅,駐車（輪）場,10歳代,大学生,施錠せず
窃盗,自転車盗,東灘,岡本,281018,兵庫県,神戸市東灘区,西岡本５丁目,20240812,20,４階建て以上共同住宅,駐車（輪）場,10歳代,大学生,施錠した
窃盗,自転車盗,東灘,岡本,281018,兵庫県,神戸市東灘区,西岡本５丁目,20241110,18,駐車（輪）場,駐車（輪）場,10歳代,高校生,施錠した
窃盗,自転車盗,東灘,岡本,281018,兵庫県,神戸市東灘区,本山北町１丁目,20240816,17,一戸建住宅,その他,10歳代,中学生,施錠せず
窃盗,自転車盗,東灘,岡本,281018,兵庫県,神戸市東灘区,本山北町３丁目,20240210,18,駐車（輪）場,駐車（輪）場,10歳代,大学生,施錠した
窃盗,自転車盗,東灘,岡本,281018,兵庫県,神戸市東灘区,本山北町３丁目,20240708,9,その他の住宅（３階建て以下共同住宅等）,駐車（輪）場,40歳代,その他,施錠せず
窃盗,自転車盗,東灘,岡本,281018,兵庫県,神戸市東灘区,本山北町３丁目,20240814,17,駐車（輪）場,駐車（輪）場,20歳代,大学生,施錠せず
窃盗,自転車盗,東灘,田中,281018,兵庫県,神戸市東灘区,甲南町１丁目,20240803,23,４階建て以上共同住宅,駐車（輪）場,30歳代,その他,施錠せず
窃盗,自転車盗,東灘,田中,281018,兵庫県,神戸市東灘区,甲南町１丁目,20240809,19,４階建て以上共同住宅,駐車（輪）場,30歳代,その他,施錠せず
窃盗,自転車盗,東灘,田中,281018,兵庫県,神戸市東灘区,甲南町２丁目,20240601,17,４階建て以上共同住宅,駐車（輪）場,10歳代,大学生,施錠した
窃盗,自転車盗,東灘,田中,281018,兵庫県,神戸市東灘区,甲南町２丁目,20240809,18,４階建て以上共同住宅,駐車（輪）場,70歳以上,その他,施錠せず
窃盗,自転車盗,東灘,田中,281018,兵庫県,神戸市東灘区,甲南町３丁目,20240205,16,４階建て以上共同住宅,その他,10歳代,高校生,施錠せず
窃盗,自転車盗,東灘,田中,281018,兵庫県,神戸市東灘区,甲南町３丁目,20240416,16,一戸建住宅,駐車（輪）場,30歳代,その他,施錠した
窃盗,自転車盗,東灘,田中,281018,兵庫県,神戸市東灘区,甲南町４丁目,20231112,18,４階建て以上共同住宅,駐車（輪）場,20歳代,大学生,施錠した
窃盗,自転車盗,東灘,田中,281018,兵庫県,神戸市東灘区,甲南町４丁目,20240203,20,道路上,その他,20歳代,大学生,施錠せず
窃盗,自転車盗,東灘,田中,281018,兵庫県,神戸市東灘区,甲南町４丁目,20231010,不明,４階建て以上共同住宅,駐車（輪）場,20歳代,大学生,施錠した
窃盗,自転車盗,東灘,田中,281018,兵庫県,神戸市東灘区,甲南町５丁目,20240515,16,４階建て以上共同住宅,駐車（輪）場,10歳代,その他,施錠した
窃盗,自転車盗,東灘,田中,281018,兵庫県,神戸市東灘区,田中町１丁目,20240327,20,一戸建住宅,その他,10歳代,中学生,施錠せず
窃盗,自転車盗,東灘,田中,281018,兵庫県,神戸市東灘区,田中町１丁目,20240531,18,その他の住宅（３階建て以下共同住宅等）,駐車（輪）場,20歳代,その他,施錠せず
窃盗,自転車盗,東灘,田中,281018,兵庫県,神戸市東灘区,田中町１丁目,20240704,16,駐車（輪）場,駐車（輪）場,20歳代,大学生,施錠せず
窃盗,自転車盗,東灘,田中,281018,兵庫県,神戸市東灘区,田中町２丁目,20240119,17,その他,その他,10歳代,小学生,施錠せず
窃盗,自転車盗,東灘,田中,281018,兵庫県,神戸市東灘区,田中町３丁目,20240720,16,一戸建住宅,駐車（輪）場,50歳代,その他,施錠した
窃盗,自転車盗,東灘,田中,281018,兵庫県,神戸市東灘区,田中町３丁目,20240817,14,４階建て以上共同住宅,駐車（輪）場,20歳代,その他,施錠せず
窃盗,自転車盗,東灘,田中,281018,兵庫県,神戸市東灘区,田中町４丁目,20240522,0,道路上,その他,20歳代,大学生,施錠せず
窃盗,自転車盗,東灘,田中,281018,兵庫県,神戸市東灘区,田中町４丁目,20240731,12,４階建て以上共同住宅,駐車（輪）場,20歳代,大学生,施錠した
窃盗,自転車盗,東灘,田中,281018,兵庫県,神戸市東灘区,田中町５丁目,20240602,11,４階建て以上共同住宅,駐車（輪）場,20歳代,大学生,施錠した
窃盗,自転車盗,東灘,田中,281018,兵庫県,神戸市東灘区,御影中町４丁目,20231228,19,駐車（輪）場,駐車（輪）場,30歳代,その他,施錠した
窃盗,自転車盗,東灘,田中,281018,兵庫県,神戸市東灘区,本山南町３丁目,20240418,18,その他,駐車（輪）場,20歳代,大学生,施錠せず
窃盗,自転車盗,東灘,田中,281018,兵庫県,神戸市東灘区,本山南町３丁目,20240623,17,その他,駐車（輪）場,20歳代,その他,施錠せず
窃盗,自転車盗,東灘,田中,281018,兵庫県,神戸市東灘区,本山南町３丁目,20240806,19,その他,駐車（輪）場,10歳代,その他,施錠せず
窃盗,自転車盗,東灘,田中,281018,兵庫県,神戸市東灘区,本山南町３丁目,20240923,14,その他,駐車（輪）場,10歳代,中学生,施錠せず
窃盗,自転車盗,東灘,田中,281018,兵庫県,神戸市東灘区,本山南町３丁目,20240929,14,４階建て以上共同住宅,駐車（輪）場,50歳代,その他,施錠せず
窃盗,自転車盗,東灘,田中,281018,兵庫県,神戸市東灘区,本山南町３丁目,20240718,0,その他,その他,30歳代,その他,施錠せず
窃盗,自転車盗,東灘,田中,281018,兵庫県,神戸市東灘区,本山南町３丁目,20241109,13,その他,駐車（輪）場,30歳代,その他,施錠せず
窃盗,自転車盗,東灘,田中,281018,兵庫県,神戸市東灘区,本山南町３丁目,20241213,18,その他,駐車（輪）場,30歳代,その他,施錠せず
窃盗,自転車盗,東灘,田中,281018,兵庫県,神戸市東灘区,本山南町８丁目,20240128,19,４階建て以上共同住宅,駐車（輪）場,10歳代,高校生,施錠せず
窃盗,自転車盗,東灘,田中,281018,兵庫県,神戸市東灘区,本山南町８丁目,20240402,17,４階建て以上共同住宅,駐車（輪）場,40歳代,その他,施錠した
窃盗,自転車盗,東灘,田中,281018,兵庫県,神戸市東灘区,本山南町８丁目,20240427,21,道路上,その他,30歳代,その他,施錠せず
窃盗,自転車盗,東灘,田中,281018,兵庫県,神戸市東灘区,本山南町８丁目,20240608,21,４階建て以上共同住宅,駐車（輪）場,10歳代,大学生,施錠せず
窃盗,自転車盗,東灘,田中,281018,兵庫県,神戸市東灘区,本山南町８丁目,20240818,17,その他,駐車（輪）場,20歳代,その他,施錠せず
窃盗,自転車盗,東灘,田中,281018,兵庫県,神戸市東灘区,本山南町９丁目,20240827,17,４階建て以上共同住宅,駐車（輪）場,20歳代,その他,施錠した
窃盗,自転車盗,東灘,青木駅前,281018,兵庫県,神戸市東灘区,青木１丁目,20240501,15,その他,駐車（輪）場,10歳代,中学生,施錠した
窃盗,自転車盗,東灘,青木駅前,281018,兵庫県,神戸市東灘区,青木１丁目,20240727,17,その他,駐車（輪）場,10歳代,中学生,施錠せず
窃盗,自転車盗,東灘,青木駅前,281018,兵庫県,神戸市東灘区,青木１丁目,20240901,15,その他,その他,10歳代,中学生,施錠せず
窃盗,自転車盗,東灘,青木駅前,281018,兵庫県,神戸市東灘区,青木１丁目,20240906,15,その他,駐車（輪）場,20歳代,その他,施錠せず
窃盗,自転車盗,東灘,青木駅前,281018,兵庫県,神戸市東灘区,青木１丁目,20240919,19,その他,駐車（輪）場,10歳代,その他,施錠せず
窃盗,自転車盗,東灘,青木駅前,281018,兵庫県,神戸市東灘区,青木２丁目,20231226,11,駐車（輪）場,駐車（輪）場,70歳以上,その他,施錠した
窃盗,自転車盗,東灘,青木駅前,281018,兵庫県,神戸市東灘区,青木２丁目,20240409,19,４階建て以上共同住宅,駐車（輪）場,10歳代,中学生,施錠せず
窃盗,自転車盗,東灘,青木駅前,281018,兵庫県,神戸市東灘区,青木２丁目,20240629,16,その他の住宅（３階建て以下共同住宅等）,駐車（輪）場,20歳代,その他,施錠せず
窃盗,自転車盗,東灘,青木駅前,281018,兵庫県,神戸市東灘区,青木３丁目,20240116,12,一戸建住宅,駐車（輪）場,10歳代,高校生,施錠せず
窃盗,自転車盗,東灘,青木駅前,281018,兵庫県,神戸市東灘区,青木３丁目,20240928,16,４階建て以上共同住宅,駐車（輪）場,10歳代,中学生,施錠せず
窃盗,自転車盗,東灘,青木駅前,281018,兵庫県,神戸市東灘区,青木４丁目,20240113,8,その他,その他,10歳代,小学生,施錠せず
窃盗,自転車盗,東灘,青木駅前,281018,兵庫県,神戸市東灘区,青木４丁目,20240211,10,４階建て以上共同住宅,駐車（輪）場,70歳以上,その他,施錠せず
窃盗,自転車盗,東灘,青木駅前,281018,兵庫県,神戸市東灘区,青木４丁目,20240220,16,駐車（輪）場,駐車（輪）場,50歳代,その他,施錠した
窃盗,自転車盗,東灘,青木駅前,281018,兵庫県,神戸市東灘区,青木５丁目,20240610,11,４階建て以上共同住宅,駐車（輪）場,60-64歳,その他,施錠せず
窃盗,自転車盗,東灘,青木駅前,281018,兵庫県,神戸市東灘区,青木５丁目,20241009,18,４階建て以上共同住宅,駐車（輪）場,30歳代,その他,施錠せず
窃盗,自転車盗,東灘,青木駅前,281018,兵庫県,神戸市東灘区,青木５丁目,20241009,18,その他の住宅（３階建て以下共同住宅等）,駐車（輪）場,20歳代,その他,施錠した
窃盗,自転車盗,東灘,青木駅前,281018,兵庫県,神戸市東灘区,青木５丁目,20241022,20,４階建て以上共同住宅,駐車（輪）場,40歳代,その他,施錠せず
窃盗,自転車盗,東灘,青木駅前,281018,兵庫県,神戸市東灘区,青木６丁目,20240206,7,駐車（輪）場,駐車（輪）場,10歳代,高校生,施錠した
窃盗,自転車盗,東灘,青木駅前,281018,兵庫県,神戸市東灘区,青木６丁目,20240206,7,駐車（輪）場,駐車（輪）場,10歳代,高校生,施錠した
窃盗,自転車盗,東灘,青木駅前,281018,兵庫県,神戸市東灘区,青木６丁目,20241005,20,４階建て以上共同住宅,駐車（輪）場,10歳代,高校生,施錠せず
窃盗,自転車盗,東灘,青木駅前,281018,兵庫県,神戸市東灘区,北青木１丁目,20240402,8,４階建て以上共同住宅,駐車（輪）場,50歳代,その他,施錠せず
窃盗,自転車盗,東灘,青木駅前,281018,兵庫県,神戸市東灘区,北青木１丁目,20240714,20,４階建て以上共同住宅,駐車（輪）場,10歳代,小学生,施錠せず
窃盗,自転車盗,東灘,青木駅前,281018,兵庫県,神戸市東灘区,北青木１丁目,20241008,13,４階建て以上共同住宅,その他,65-69歳,その他,施錠した
窃盗,自転車盗,東灘,青木駅前,281018,兵庫県,神戸市東灘区,北青木２丁目,20240618,19,４階建て以上共同住宅,その他,50歳代,その他,施錠せず
窃盗,自転車盗,東灘,青木駅前,281018,兵庫県,神戸市東灘区,北青木２丁目,20240926,22,４階建て以上共同住宅,駐車（輪）場,20歳代,大学生,施錠した
窃盗,自転車盗,東灘,青木駅前,281018,兵庫県,神戸市東灘区,北青木２丁目,20241027,20,４階建て以上共同住宅,駐車（輪）場,20歳代,その他,施錠せず
窃盗,自転車盗,東灘,青木駅前,281018,兵庫県,神戸市東灘区,北青木２丁目,20241106,21,４階建て以上共同住宅,駐車（輪）場,30歳代,その他,施錠せず
窃盗,自転車盗,東灘,青木駅前,281018,兵庫県,神戸市東灘区,北青木２丁目,20241215,21,駐車（輪）場,駐車（輪）場,20歳代,大学生,施錠した
窃盗,自転車盗,東灘,青木駅前,281018,兵庫県,神戸市東灘区,北青木３丁目,20240909,16,駐車（輪）場,駐車（輪）場,50歳代,その他,施錠した
窃盗,自転車盗,東灘,青木駅前,281018,兵庫県,神戸市東灘区,北青木３丁目,20241102,11,その他,駐車（輪）場,20歳代,その他,施錠せず
窃盗,自転車盗,東灘,青木駅前,281018,兵庫県,神戸市東灘区,北青木３丁目,20241108,18,駐車（輪）場,駐車（輪）場,30歳代,その他,施錠せず
窃盗,自転車盗,東灘,青木駅前,281018,兵庫県,神戸市東灘区,北青木４丁目,20240304,14,一戸建住宅,駐車（輪）場,50歳代,その他,施錠した
窃盗,自転車盗,東灘,青木駅前,281018,兵庫県,神戸市東灘区,北青木４丁目,20240703,18,４階建て以上共同住宅,駐車（輪）場,20歳代,その他,施錠せず
窃盗,自転車盗,東灘,青木駅前,281018,兵庫県,神戸市東灘区,北青木４丁目,20240811,12,その他の住宅（３階建て以下共同住宅等）,駐車（輪）場,50歳代,その他,施錠せず
窃盗,自転車盗,東灘,青木駅前,281018,兵庫県,神戸市東灘区,本山中町４丁目,20240310,14,その他,その他,10歳代,中学生,施錠せず
窃盗,自転車盗,東灘,青木駅前,281018,兵庫県,神戸市東灘区,本山南町３丁目,20230829,15,駐車（輪）場,駐車（輪）場,30歳代,その他,施錠した
窃盗,自転車盗,東灘,魚崎,281018,兵庫県,神戸市東灘区,魚崎北町１丁目,20241009,10,その他の住宅（３階建て以下共同住宅等）,その他,20歳代,その他,施錠せず
窃盗,自転車盗,東灘,魚崎,281018,兵庫県,神戸市東灘区,魚崎北町５丁目,20240714,16,その他,駐車（輪）場,20歳代,その他,施錠せず
窃盗,自転車盗,東灘,魚崎,281018,兵庫県,神戸市東灘区,魚崎北町５丁目,20241027,21,その他,駐車（輪）場,20歳代,その他,施錠せず
窃盗,自転車盗,東灘,魚崎,281018,兵庫県,神戸市東灘区,魚崎北町６丁目,20240622,18,４階建て以上共同住宅,駐車（輪）場,10歳代,その他,施錠せず
窃盗,自転車盗,東灘,魚崎,281018,兵庫県,神戸市東灘区,魚崎北町６丁目,20240711,16,一戸建住宅,駐車（輪）場,50歳代,その他,施錠せず
窃盗,自転車盗,東灘,魚崎,281018,兵庫県,神戸市東灘区,魚崎北町６丁目,20240907,19,４階建て以上共同住宅,駐車（輪）場,10歳代,大学生,施錠せず
窃盗,自転車盗,東灘,魚崎,281018,兵庫県,神戸市東灘区,魚崎北町６丁目,20241022,16,４階建て以上共同住宅,駐車（輪）場,10歳代,大学生,施錠した
窃盗,自転車盗,東灘,魚崎,281018,兵庫県,神戸市東灘区,魚崎北町８丁目,20241204,17,その他の住宅（３階建て以下共同住宅等）,駐車（輪）場,20歳代,大学生,施錠せず
窃盗,自転車盗,東灘,魚崎,281018,兵庫県,神戸市東灘区,魚崎中町１丁目,20241105,15,道路上,その他,30歳代,その他,施錠せず
窃盗,自転車盗,東灘,魚崎,281018,兵庫県,神戸市東灘区,魚崎中町２丁目,20240131,20,駐車（輪）場,駐車（輪）場,10歳代,中学生,施錠した
窃盗,自転車盗,東灘,魚崎,281018,兵庫県,神戸市東灘区,魚崎中町２丁目,20241022,6,一戸建住宅,その他,50歳代,その他,施錠せず
窃盗,自転車盗,東灘,魚崎,281018,兵庫県,神戸市東灘区,魚崎中町４丁目,20240120,6,駐車（輪）場,駐車（輪）場,10歳代,高校生,施錠せず
窃盗,自転車盗,東灘,魚崎,281018,兵庫県,神戸市東灘区,魚崎中町４丁目,20240522,8,その他,駐車（輪）場,20歳代,その他,施錠せず
窃盗,自転車盗,東灘,魚崎,281018,兵庫県,神戸市東灘区,魚崎中町４丁目,20240610,17,その他,駐車（輪）場,10歳代,高校生,施錠せず
窃盗,自転車盗,東灘,魚崎,281018,兵庫県,神戸市東灘区,魚崎中町４丁目,20241018,12,駐車（輪）場,駐車（輪）場,20歳代,その他,施錠した
窃盗,自転車盗,東灘,魚崎,281018,兵庫県,神戸市東灘区,魚崎中町４丁目,20241016,16,４階建て以上共同住宅,駐車（輪）場,40歳代,その他,施錠せず
窃盗,自転車盗,東灘,魚崎,281018,兵庫県,神戸市東灘区,魚崎浜町,20231223,18,駐車（輪）場,駐車（輪）場,50歳代,その他,施錠せず
窃盗,自転車盗,東灘,魚崎,281018,兵庫県,神戸市東灘区,魚崎南町１丁目,20241122,17,４階建て以上共同住宅,駐車（輪）場,70歳以上,その他,施錠した
窃盗,自転車盗,東灘,魚崎,281018,兵庫県,神戸市東灘区,魚崎南町２丁目,20240428,22,４階建て以上共同住宅,駐車（輪）場,10歳代,中学生,施錠した
窃盗,自転車盗,東灘,魚崎,281018,兵庫県,神戸市東灘区,魚崎南町２丁目,20240710,1,４階建て以上共同住宅,駐車（輪）場,20歳代,その他,施錠せず
窃盗,自転車盗,東灘,魚崎,281018,兵庫県,神戸市東灘区,魚崎南町２丁目,20240919,20,４階建て以上共同住宅,その他,20歳代,その他,施錠せず
窃盗,自転車盗,東灘,魚崎,281018,兵庫県,神戸市東灘区,魚崎南町２丁目,20240925,22,４階建て以上共同住宅,駐車（輪）場,20歳代,その他,施錠せず
窃盗,自転車盗,東灘,魚崎,281018,兵庫県,神戸市東灘区,魚崎南町２丁目,20241102,19,その他の住宅（３階建て以下共同住宅等）,その他,20歳代,その他,施錠せず
窃盗,自転車盗,東灘,魚崎,281018,兵庫県,神戸市東灘区,魚崎南町２丁目,20241114,11,４階建て以上共同住宅,駐車（輪）場,20歳代,その他,施錠せず
窃盗,自転車盗,東灘,魚崎,281018,兵庫県,神戸市東灘区,魚崎南町２丁目,20241113,19,その他,その他,20歳代,その他,施錠せず
窃盗,自転車盗,東灘,魚崎,281018,兵庫県,神戸市東灘区,魚崎南町３丁目,20240213,22,道路上,その他,20歳代,その他,施錠せず
窃盗,自転車盗,東灘,魚崎,281018,兵庫県,神戸市東灘区,魚崎南町３丁目,20240905,17,その他の住宅（３階建て以下共同住宅等）,駐車（輪）場,65-69歳,その他,施錠した
窃盗,自転車盗,東灘,魚崎,281018,兵庫県,神戸市東灘区,魚崎南町５丁目,20240209,18,駐車（輪）場,駐車（輪）場,10歳未満,小学生,施錠せず
窃盗,自転車盗,東灘,魚崎,281018,兵庫県,神戸市東灘区,魚崎南町５丁目,20240414,16,４階建て以上共同住宅,駐車（輪）場,10歳代,中学生,施錠せず
窃盗,自転車盗,東灘,魚崎,281018,兵庫県,神戸市東灘区,魚崎南町５丁目,20240813,21,４階建て以上共同住宅,駐車（輪）場,50歳代,その他,施錠せず
窃盗,自転車盗,東灘,魚崎,281018,兵庫県,神戸市東灘区,魚崎南町７丁目,20240410,21,４階建て以上共同住宅,その他,20歳代,その他,施錠した
窃盗,自転車盗,東灘,魚崎,281018,兵庫県,神戸市東灘区,魚崎南町７丁目,20240531,12,４階建て以上共同住宅,駐車（輪）場,10歳代,その他,施錠した
窃盗,自転車盗,東灘,魚崎,281018,兵庫県,神戸市東灘区,魚崎南町７丁目,20240904,9,４階建て以上共同住宅,駐車（輪）場,20歳代,その他,施錠せず
窃盗,自転車盗,東灘,魚崎,281018,兵庫県,神戸市東灘区,魚崎南町８丁目,20240709,16,駐車（輪）場,駐車（輪）場,10歳代,大学生,施錠せず
窃盗,自転車盗,東灘,魚崎,281018,兵庫県,神戸市東灘区,魚崎南町８丁目,20241005,11,駐車（輪）場,駐車（輪）場,10歳代,高校生,施錠せず
窃盗,自転車盗,東灘,魚崎,281018,兵庫県,神戸市東灘区,魚崎南町８丁目,20241127,8,駐車（輪）場,駐車（輪）場,20歳代,その他,施錠した
窃盗,自転車盗,東灘,ＪＲ住吉駅前,281018,兵庫県,神戸市東灘区,住吉東町２丁目,20240803,16,その他,駐車（輪）場,20歳代,その他,施錠せず
窃盗,自転車盗,東灘,ＪＲ住吉駅前,281018,兵庫県,神戸市東灘区,住吉東町２丁目,20241017,13,４階建て以上共同住宅,駐車（輪）場,70歳以上,その他,施錠した
窃盗,自転車盗,東灘,ＪＲ住吉駅前,281018,兵庫県,神戸市東灘区,住吉東町４丁目,20240911,22,その他の住宅（３階建て以下共同住宅等）,駐車（輪）場,20歳代,その他,施錠した
窃盗,自転車盗,東灘,ＪＲ住吉駅前,281018,兵庫県,神戸市東灘区,住吉東町５丁目,20240124,10,その他,駐車（輪）場,10歳代,高校生,施錠せず
窃盗,自転車盗,東灘,ＪＲ住吉駅前,281018,兵庫県,神戸市東灘区,住吉東町５丁目,20241017,8,道路上,その他,30歳代,その他,施錠した
窃盗,自転車盗,東灘,ＪＲ住吉駅前,281018,兵庫県,神戸市東灘区,住吉宮町２丁目,20240515,14,４階建て以上共同住宅,駐車（輪）場,20歳代,その他,施錠せず
窃盗,自転車盗,東灘,ＪＲ住吉駅前,281018,兵庫県,神戸市東灘区,住吉宮町２丁目,20240830,16,その他の住宅（３階建て以下共同住宅等）,駐車（輪）場,20歳代,大学生,施錠せず
窃盗,自転車盗,東灘,ＪＲ住吉駅前,281018,兵庫県,神戸市東灘区,住吉宮町４丁目,20240224,14,駐車（輪）場,駐車（輪）場,20歳代,その他,施錠した
窃盗,自転車盗,東灘,ＪＲ住吉駅前,281018,兵庫県,神戸市東灘区,住吉宮町４丁目,20240512,15,道路上,その他,50歳代,その他,施錠せず
窃盗,自転車盗,東灘,ＪＲ住吉駅前,281018,兵庫県,神戸市東灘区,住吉宮町４丁目,20241204,17,駐車（輪）場,駐車（輪）場,10歳代,小学生,施錠せず
窃盗,自転車盗,東灘,ＪＲ住吉駅前,281018,兵庫県,神戸市東灘区,住吉宮町５丁目,20240823,21,その他,駐車（輪）場,20歳代,その他,施錠せず
窃盗,自転車盗,東灘,ＪＲ住吉駅前,281018,兵庫県,神戸市東灘区,住吉宮町６丁目,20240711,17,４階建て以上共同住宅,駐車（輪）場,40歳代,その他,施錠せず
窃盗,自転車盗,東灘,ＪＲ住吉駅前,281018,兵庫県,神戸市東灘区,住吉本町１丁目,20240217,10,その他,駐車（輪）場,30歳代,その他,施錠せず
窃盗,自転車盗,東灘,ＪＲ住吉駅前,281018,兵庫県,神戸市東灘区,住吉本町１丁目,20240607,18,駐車（輪）場,駐車（輪）場,10歳代,大学生,施錠せず
窃盗,自転車盗,東灘,ＪＲ住吉駅前,281018,兵庫県,神戸市東灘区,住吉本町１丁目,20240611,7,その他,駐車（輪）場,10歳代,高校生,施錠せず
窃盗,自転車盗,東灘,ＪＲ住吉駅前,281018,兵庫県,神戸市東灘区,住吉本町１丁目,20240615,16,その他,駐車（輪）場,20歳代,その他,施錠した
窃盗,自転車盗,東灘,ＪＲ住吉駅前,281018,兵庫県,神戸市東灘区,住吉本町１丁目,20240814,14,駐車（輪）場,駐車（輪）場,20歳代,その他,施錠した
窃盗,自転車盗,東灘,ＪＲ住吉駅前,281018,兵庫県,神戸市東灘区,住吉本町１丁目,20240823,7,その他,駐車（輪）場,10歳代,大学生,施錠せず
窃盗,自転車盗,東灘,ＪＲ住吉駅前,281018,兵庫県,神戸市東灘区,住吉本町１丁目,20240923,15,駐車（輪）場,駐車（輪）場,65-69歳,その他,施錠した
窃盗,自転車盗,東灘,ＪＲ住吉駅前,281018,兵庫県,神戸市東灘区,住吉本町１丁目,20241011,18,駐車（輪）場,駐車（輪）場,10歳代,中学生,施錠せず
窃盗,自転車盗,東灘,ＪＲ住吉駅前,281018,兵庫県,神戸市東灘区,住吉本町１丁目,20241125,7,その他,駐車（輪）場,30歳代,その他,施錠せず
窃盗,自転車盗,東灘,ＪＲ住吉駅前,281018,兵庫県,神戸市東灘区,住吉本町１丁目,20241208,18,その他,駐車（輪）場,10歳代,高校生,施錠せず
窃盗,自転車盗,東灘,呉田,281018,兵庫県,神戸市東灘区,魚崎西町１丁目,20231223,18,４階建て以上共同住宅,駐車（輪）場,20歳代,大学生,施錠せず
窃盗,自転車盗,東灘,呉田,281018,兵庫県,神戸市東灘区,魚崎西町１丁目,20240716,7,その他の住宅（３階建て以下共同住宅等）,その他,20歳代,その他,施錠せず
窃盗,自転車盗,東灘,呉田,281018,兵庫県,神戸市東灘区,魚崎西町１丁目,20240813,21,その他,駐車（輪）場,20歳代,その他,施錠した
窃盗,自転車盗,東灘,呉田,281018,兵庫県,神戸市東灘区,魚崎西町３丁目,20240122,12,駐車（輪）場,駐車（輪）場,20歳代,その他,施錠せず
窃盗,自転車盗,東灘,呉田,281018,兵庫県,神戸市東灘区,魚崎西町４丁目,20240216,19,４階建て以上共同住宅,駐車（輪）場,50歳代,その他,施錠した
窃盗,自転車盗,東灘,呉田,281018,兵庫県,神戸市東灘区,魚崎西町４丁目,20240906,17,その他,駐車（輪）場,20歳代,大学生,施錠せず
窃盗,自転車盗,東灘,呉田,281018,兵庫県,神戸市東灘区,魚崎西町４丁目,20241026,7,駐車（輪）場,駐車（輪）場,20歳代,大学生,施錠した
窃盗,自転車盗,東灘,呉田,281018,兵庫県,神戸市東灘区,御影本町４丁目,20241215,14,その他,駐車（輪）場,40歳代,その他,施錠せず
窃盗,自転車盗,東灘,呉田,281018,兵庫県,神戸市東灘区,御影本町７丁目,20241002,23,一戸建住宅,駐車（輪）場,10歳代,小学生,施錠せず
窃盗,自転車盗,東灘,呉田,281018,兵庫県,神戸市東灘区,御影本町７丁目,20241213,14,一戸建住宅,駐車（輪）場,65-69歳,その他,施錠せず
窃盗,自転車盗,東灘,石屋川,281018,兵庫県,神戸市東灘区,御影石町１丁目,20230915,18,駐車（輪）場,駐車（輪）場,10歳代,その他,施錠せず
窃盗,自転車盗,東灘,石屋川,281018,兵庫県,神戸市東灘区,御影石町２丁目,20240104,15,４階建て以上共同住宅,駐車（輪）場,10歳代,中学生,施錠した
窃盗,自転車盗,東灘,石屋川,281018,兵庫県,神戸市東灘区,御影石町２丁目,20240411,14,４階建て以上共同住宅,駐車（輪）場,20歳代,その他,施錠せず
窃盗,自転車盗,東灘,石屋川,281018,兵庫県,神戸市東灘区,御影石町２丁目,20240509,19,その他,駐車（輪）場,20歳代,その他,施錠せず
窃盗,自転車盗,東灘,石屋川,281018,兵庫県,神戸市東灘区,御影石町２丁目,20240523,22,その他の住宅（３階建て以下共同住宅等）,駐車（輪）場,20歳代,大学生,施錠した
窃盗,自転車盗,東灘,石屋川,281018,兵庫県,神戸市東灘区,御影石町２丁目,20240909,7,駐車（輪）場,駐車（輪）場,20歳代,その他,施錠した
窃盗,自転車盗,東灘,石屋川,281018,兵庫県,神戸市東灘区,御影石町２丁目,20241108,7,駐車（輪）場,駐車（輪）場,10歳代,高校生,施錠した
窃盗,自転車盗,東灘,石屋川,281018,兵庫県,神戸市東灘区,御影石町２丁目,20241223,8,駐車（輪）場,駐車（輪）場,10歳代,大学生,施錠せず
窃盗,自転車盗,東灘,石屋川,281018,兵庫県,神戸市東灘区,御影石町３丁目,20240103,18,道路上,その他,10歳代,中学生,施錠せず
窃盗,自転車盗,東灘,石屋川,281018,兵庫県,神戸市東灘区,御影塚町２丁目,20240101,19,道路上,その他,20歳代,その他,施錠せず
窃盗,自転車盗,東灘,石屋川,281018,兵庫県,神戸市東灘区,御影塚町２丁目,20240306,14,道路上,その他,70歳以上,その他,施錠せず
窃盗,自転車盗,東灘,石屋川,281018,兵庫県,神戸市東灘区,御影塚町２丁目,20240412,18,道路上,その他,70歳以上,その他,施錠した
窃盗,自転車盗,東灘,石屋川,281018,兵庫県,神戸市東灘区,御影塚町２丁目,20240928,23,道路上,その他,40歳代,その他,施錠した
窃盗,自転車盗,東灘,石屋川,281018,兵庫県,神戸市東灘区,御影塚町３丁目,20240331,12,道路上,その他,20歳代,大学生,施錠せず
窃盗,自転車盗,東灘,石屋川,281018,兵庫県,神戸市東灘区,御影塚町３丁目,20240329,18,４階建て以上共同住宅,駐車（輪）場,30歳代,その他,施錠した
窃盗,自転車盗,東灘,沢ノ井,281018,兵庫県,神戸市東灘区,御影中町１丁目,20240117,22,道路上,その他,20歳代,その他,施錠せず
窃盗,自転車盗,東灘,沢ノ井,281018,兵庫県,神戸市東灘区,御影中町１丁目,20240120,11,４階建て以上共同住宅,その他,50歳代,その他,施錠した
窃盗,自転車盗,東灘,沢ノ井,281018,兵庫県,神戸市東灘区,御影中町１丁目,20240620,18,駐車（輪）場,駐車（輪）場,30歳代,その他,施錠せず
窃盗,自転車盗,東灘,沢ノ井,281018,兵庫県,神戸市東灘区,御影中町１丁目,20241208,17,その他の住宅（３階建て以下共同住宅等）,その他,70歳以上,その他,施錠した
窃盗,自転車盗,東灘,沢ノ井,281018,兵庫県,神戸市東灘区,御影中町３丁目,20231229,16,その他,その他,20歳代,大学生,施錠した
窃盗,自転車盗,東灘,沢ノ井,281018,兵庫県,神戸市東灘区,御影中町３丁目,20240227,16,その他,その他,10歳代,中学生,施錠せず
窃盗,自転車盗,東灘,沢ノ井,281018,兵庫県,神戸市東灘区,御影中町３丁目,20240802,11,その他,駐車（輪）場,50歳代,その他,施錠した
窃盗,自転車盗,東灘,沢ノ井,281018,兵庫県,神戸市東灘区,御影中町３丁目,20240727,11,道路上,その他,20歳代,大学生,施錠した
窃盗,自転車盗,東灘,沢ノ井,281018,兵庫県,神戸市東灘区,御影中町５丁目,20240822,20,４階建て以上共同住宅,駐車（輪）場,20歳代,大学生,施錠せず
窃盗,自転車盗,東灘,沢ノ井,281018,兵庫県,神戸市東灘区,御影本町２丁目,20231224,16,駐車（輪）場,駐車（輪）場,65-69歳,その他,施錠した
窃盗,自転車盗,東灘,沢ノ井,281018,兵庫県,神戸市東灘区,御影本町２丁目,20240629,1,その他,駐車（輪）場,20歳代,その他,施錠せず
窃盗,自転車盗,東灘,沢ノ井,281018,兵庫県,神戸市東灘区,御影本町４丁目,20240823,19,その他,駐車（輪）場,40歳代,その他,施錠せず
窃盗,自転車盗,東灘,沢ノ井,281018,兵庫県,神戸市東灘区,御影本町４丁目,20240808,12,その他,駐車（輪）場,20歳代,その他,施錠せず
窃盗,自転車盗,東灘,沢ノ井,281018,兵庫県,神戸市東灘区,御影本町６丁目,20240412,14,駐車（輪）場,駐車（輪）場,30歳代,その他,施錠せず
窃盗,自転車盗,東灘,沢ノ井,281018,兵庫県,神戸市東灘区,御影１丁目,20240523,21,その他の住宅（３階建て以下共同住宅等）,駐車（輪）場,40歳代,その他,施錠した
窃盗,自転車盗,東灘,沢ノ井,281018,兵庫県,神戸市東灘区,御影１丁目,20241017,18,一戸建住宅,その他,10歳代,中学生,施錠せず
窃盗,自転車盗,東灘,沢ノ井,281018,兵庫県,神戸市東灘区,御影郡家１丁目,20240126,18,道路上,その他,20歳代,その他,施錠せず
窃盗,自転車盗,東灘,沢ノ井,281018,兵庫県,神戸市東灘区,御影郡家１丁目,20241030,18,その他の住宅（３階建て以下共同住宅等）,駐車（輪）場,30歳代,その他,施錠した
窃盗,自転車盗,東灘,阪急御影駅前,281018,兵庫県,神戸市東灘区,御影２丁目,20241117,8,その他,駐車（輪）場,10歳代,大学生,施錠せず
窃盗,自転車盗,東灘,阪急御影駅前,281018,兵庫県,神戸市東灘区,御影２丁目,20241117,5,道路上,その他,50歳代,その他,施錠した
窃盗,自転車盗,東灘,阪急御影駅前,281018,兵庫県,神戸市東灘区,御影３丁目,20240119,12,４階建て以上共同住宅,駐車（輪）場,60-64歳,その他,施錠した
窃盗,自転車盗,東灘,阪急御影駅前,281018,兵庫県,神戸市東灘区,御影３丁目,20241008,12,一戸建住宅,駐車（輪）場,10歳代,高校生,施錠せず
窃盗,自転車盗,東灘,阪急御影駅前,281018,兵庫県,神戸市東灘区,御影郡家２丁目,20240517,9,その他の住宅（３階建て以下共同住宅等）,その他,20歳代,大学生,施錠せず
窃盗,自転車盗,東灘,鴨子ヶ原,281018,兵庫県,神戸市東灘区,住吉山手７丁目,20240705,10,４階建て以上共同住宅,駐車（輪）場,20歳代,大学生,施錠せず
窃盗,自転車盗,東灘,六甲アイランド,281018,兵庫県,神戸市東灘区,向洋町中１丁目,20240429,17,４階建て以上共同住宅,駐車（輪）場,70歳以上,その他,施錠した
窃盗,自転車盗,東灘,六甲アイランド,281018,兵庫県,神戸市東灘区,向洋町中１丁目,20240508,7,その他,駐車（輪）場,10歳代,高校生,施錠せず
窃盗,自転車盗,東灘,六甲アイランド,281018,兵庫県,神戸市東灘区,向洋町中１丁目,20240802,22,道路上,その他,10歳未満,小学生,施錠せず
窃盗,自転車盗,東灘,六甲アイランド,281018,兵庫県,神戸市東灘区,向洋町中１丁目,20240917,13,４階建て以上共同住宅,駐車（輪）場,10歳代,高校生,施錠した
窃盗,自転車盗,東灘,六甲アイランド,281018,兵庫県,神戸市東灘区,向洋町中１丁目,20240926,17,駐車（輪）場,駐車（輪）場,50歳代,その他,施錠した
窃盗,自転車盗,東灘,六甲アイランド,281018,兵庫県,神戸市東灘区,向洋町中１丁目,20241030,12,駐車（輪）場,駐車（輪）場,50歳代,その他,施錠せず
窃盗,自転車盗,東灘,六甲アイランド,281018,兵庫県,神戸市東灘区,向洋町中１丁目,20241114,16,道路上,その他,10歳代,小学生,施錠した
窃盗,自転車盗,東灘,六甲アイランド,281018,兵庫県,神戸市東灘区,向洋町中２丁目,20231228,5,道路上,その他,10歳代,中学生,施錠した
窃盗,自転車盗,東灘,六甲アイランド,281018,兵庫県,神戸市東灘区,向洋町中２丁目,20240110,20,道路上,その他,10歳代,小学生,施錠せず
窃盗,自転車盗,東灘,六甲アイランド,281018,兵庫県,神戸市東灘区,向洋町中２丁目,20240122,11,駐車（輪）場,駐車（輪）場,40歳代,その他,施錠した
窃盗,自転車盗,東灘,六甲アイランド,281018,兵庫県,神戸市東灘区,向洋町中２丁目,20240425,18,道路上,その他,10歳代,中学生,施錠した
窃盗,自転車盗,東灘,六甲アイランド,281018,兵庫県,神戸市東灘区,向洋町中２丁目,20240425,20,その他,駐車（輪）場,50歳代,その他,施錠した
窃盗,自転車盗,東灘,六甲アイランド,281018,兵庫県,神戸市東灘区,向洋町中２丁目,20240518,13,道路上,その他,10歳代,その他,施錠せず
窃盗,自転車盗,東灘,六甲アイランド,281018,兵庫県,神戸市東灘区,向洋町中２丁目,20240518,9,その他,駐車（輪）場,40歳代,その他,施錠せず
窃盗,自転車盗,東灘,六甲アイランド,281018,兵庫県,神戸市東灘区,向洋町中２丁目,20240524,6,その他,駐車（輪）場,10歳代,高校生,施錠せず
窃盗,自転車盗,東灘,六甲アイランド,281018,兵庫県,神戸市東灘区,向洋町中２丁目,20240705,18,その他,駐車（輪）場,30歳代,その他,施錠した
窃盗,自転車盗,東灘,六甲アイランド,281018,兵庫県,神戸市東灘区,向洋町中２丁目,20240726,19,道路上,その他,10歳代,中学生,施錠せず
窃盗,自転車盗,東灘,六甲アイランド,281018,兵庫県,神戸市東灘区,向洋町中２丁目,20240924,7,駐車（輪）場,駐車（輪）場,10歳代,中学生,施錠した
窃盗,自転車盗,東灘,六甲アイランド,281018,兵庫県,神戸市東灘区,向洋町中２丁目,20241027,17,その他,駐車（輪）場,30歳代,その他,施錠せず
窃盗,自転車盗,東灘,六甲アイランド,281018,兵庫県,神戸市東灘区,向洋町中２丁目,20241203,11,駐車（輪）場,駐車（輪）場,10歳代,大学生,施錠せず
窃盗,自転車盗,東灘,六甲アイランド,281018,兵庫県,神戸市東灘区,向洋町中４丁目,20240111,8,駐車（輪）場,駐車（輪）場,50歳代,その他,施錠した
窃盗,自転車盗,東灘,六甲アイランド,281018,兵庫県,神戸市東灘区,向洋町中４丁目,20240316,11,その他,駐車（輪）場,10歳代,中学生,施錠せず
窃盗,自転車盗,東灘,六甲アイランド,281018,兵庫県,神戸市東灘区,向洋町中４丁目,20240413,10,その他,駐車（輪）場,20歳代,その他,施錠した
窃盗,自転車盗,東灘,六甲アイランド,281018,兵庫県,神戸市東灘区,向洋町中４丁目,20240612,7,その他,駐車（輪）場,10歳代,高校生,施錠した
窃盗,自転車盗,東灘,六甲アイランド,281018,兵庫県,神戸市東灘区,向洋町中４丁目,20240705,19,その他,駐車（輪）場,20歳代,その他,施錠せず
窃盗,自転車盗,東灘,六甲アイランド,281018,兵庫県,神戸市東灘区,向洋町中５丁目,20231228,19,道路上,その他,40歳代,その他,施錠せず
窃盗,自転車盗,東灘,六甲アイランド,281018,兵庫県,神戸市東灘区,向洋町中５丁目,20240102,14,その他,その他,65-69歳,その他,施錠せず
窃盗,自転車盗,東灘,六甲アイランド,281018,兵庫県,神戸市東灘区,向洋町中５丁目,20240310,16,駐車（輪）場,駐車（輪）場,10歳代,小学生,施錠せず
窃盗,自転車盗,東灘,六甲アイランド,281018,兵庫県,神戸市東灘区,向洋町中５丁目,20240308,20,駐車（輪）場,駐車（輪）場,10歳代,中学生,施錠せず
窃盗,自転車盗,東灘,六甲アイランド,281018,兵庫県,神戸市東灘区,向洋町中５丁目,20240321,18,４階建て以上共同住宅,駐車（輪）場,65-69歳,その他,施錠せず
窃盗,自転車盗,東灘,六甲アイランド,281018,兵庫県,神戸市東灘区,向洋町中５丁目,20240430,18,４階建て以上共同住宅,駐車（輪）場,40歳代,その他,施錠せず
窃盗,自転車盗,東灘,六甲アイランド,281018,兵庫県,神戸市東灘区,向洋町中５丁目,20240514,17,道路上,その他,40歳代,その他,施錠せず
窃盗,自転車盗,東灘,六甲アイランド,281018,兵庫県,神戸市東灘区,向洋町中５丁目,20240529,19,４階建て以上共同住宅,駐車（輪）場,10歳代,中学生,施錠せず
窃盗,自転車盗,東灘,六甲アイランド,281018,兵庫県,神戸市東灘区,向洋町中５丁目,20240604,18,４階建て以上共同住宅,駐車（輪）場,40歳代,その他,施錠せず
窃盗,自転車盗,東灘,六甲アイランド,281018,兵庫県,神戸市東灘区,向洋町中５丁目,20240903,15,４階建て以上共同住宅,駐車（輪）場,50歳代,その他,施錠せず
窃盗,自転車盗,東灘,六甲アイランド,281018,兵庫県,神戸市東灘区,向洋町中５丁目,20240904,20,その他,駐車（輪）場,65-69歳,その他,施錠せず
窃盗,自転車盗,東灘,六甲アイランド,281018,兵庫県,神戸市東灘区,向洋町中５丁目,20240915,19,４階建て以上共同住宅,その他,10歳代,中学生,施錠せず
窃盗,自転車盗,東灘,六甲アイランド,281018,兵庫県,神戸市東灘区,向洋町中５丁目,20241030,19,道路上,その他,10歳代,中学生,施錠せず
窃盗,自転車盗,東灘,六甲アイランド,281018,兵庫県,神戸市東灘区,向洋町中５丁目,20241015,13,４階建て以上共同住宅,駐車（輪）場,50歳代,その他,施錠した
窃盗,自転車盗,東灘,六甲アイランド,281018,兵庫県,神戸市東灘区,向洋町中６丁目,20240508,18,駐車（輪）場,駐車（輪）場,30歳代,その他,施錠した
窃盗,自転車盗,東灘,六甲アイランド,281018,兵庫県,神戸市東灘区,向洋町中６丁目,20240619,6,駐車（輪）場,駐車（輪）場,10歳代,高校生,施錠した
窃盗,自転車盗,東灘,六甲アイランド,281018,兵庫県,神戸市東灘区,向洋町中６丁目,20240811,12,駐車（輪）場,駐車（輪）場,10歳代,小学生,施錠せず
窃盗,自転車盗,東灘,六甲アイランド,281018,兵庫県,神戸市東灘区,向洋町中６丁目,20240925,9,駐車（輪）場,駐車（輪）場,30歳代,その他,施錠せず
窃盗,自転車盗,東灘,六甲アイランド,281018,兵庫県,神戸市東灘区,向洋町中６丁目,20240928,15,駐車（輪）場,駐車（輪）場,10歳代,高校生,施錠した
窃盗,自転車盗,東灘,六甲アイランド,281018,兵庫県,神戸市東灘区,向洋町中７丁目,20240511,19,４階建て以上共同住宅,駐車（輪）場,30歳代,その他,施錠せず
窃盗,自転車盗,東灘,六甲アイランド,281018,兵庫県,神戸市東灘区,向洋町中７丁目,20240611,21,４階建て以上共同住宅,駐車（輪）場,10歳代,中学生,施錠せず
窃盗,自転車盗,東灘,六甲アイランド,281018,兵庫県,神戸市東灘区,向洋町中７丁目,20240622,15,４階建て以上共同住宅,駐車（輪）場,40歳代,その他,施錠した
窃盗,自転車盗,灘,高羽,281026,兵庫県,神戸市灘区,一王山町,20240629,10,その他の住宅（３階建て以下共同住宅等）,その他,20歳代,大学生,施錠した
窃盗,自転車盗,灘,高羽,281026,兵庫県,神戸市灘区,高羽町１丁目,20240521,19,４階建て以上共同住宅,その他,40歳代,その他,施錠した
窃盗,自転車盗,灘,高羽徳井,281026,兵庫県,神戸市灘区,徳井町２丁目,20240214,21,道路上,その他,10歳代,大学生,施錠せず
窃盗,自転車盗,灘,高羽徳井,281026,兵庫県,神戸市灘区,中郷町４丁目,20240815,16,４階建て以上共同住宅,駐車（輪）場,20歳代,大学生,施錠した
窃盗,自転車盗,灘,高羽徳井,281026,兵庫県,神戸市灘区,大和町１丁目,20230501,0,４階建て以上共同住宅,駐車（輪）場,40歳代,その他,施錠した
窃盗,自転車盗,灘,高羽徳井,281026,兵庫県,神戸市灘区,大和町３丁目,20240727,13,４階建て以上共同住宅,駐車（輪）場,40歳代,その他,施錠した
窃盗,自転車盗,灘,高羽徳井,281026,兵庫県,神戸市灘区,弓木町４丁目,20240927,15,４階建て以上共同住宅,駐車（輪）場,10歳代,大学生,施錠せず
窃盗,自転車盗,灘,高羽徳井,281026,兵庫県,神戸市灘区,弓木町４丁目,20241002,17,４階建て以上共同住宅,駐車（輪）場,10歳代,大学生,施錠した
窃盗,自転車盗,灘,篠原北町,281026,兵庫県,神戸市灘区,篠原中町２丁目,20241016,8,４階建て以上共同住宅,駐車（輪）場,30歳代,その他,施錠せず
窃盗,自転車盗,灘,篠原北町,281026,兵庫県,神戸市灘区,篠原中町４丁目,20241117,18,その他の住宅（３階建て以下共同住宅等）,その他,50歳代,その他,施錠せず
窃盗,自転車盗,灘,八幡,281026,兵庫県,神戸市灘区,楠丘町４丁目,20240420,9,道路上,その他,20歳代,大学生,施錠せず
窃盗,自転車盗,灘,八幡,281026,兵庫県,神戸市灘区,高徳町１丁目,20240502,18,その他の住宅（３階建て以下共同住宅等）,駐車（輪）場,10歳代,高校生,施錠せず
窃盗,自転車盗,灘,八幡,281026,兵庫県,神戸市灘区,高徳町１丁目,20240401,不明,４階建て以上共同住宅,駐車（輪）場,65-69歳,その他,施錠せず
窃盗,自転車盗,灘,八幡,281026,兵庫県,神戸市灘区,高徳町３丁目,20240516,20,その他の住宅（３階建て以下共同住宅等）,駐車（輪）場,50歳代,その他,施錠した
窃盗,自転車盗,灘,八幡,281026,兵庫県,神戸市灘区,永手町４丁目,20240118,9,その他,駐車（輪）場,20歳代,その他,施錠せず
窃盗,自転車盗,灘,八幡,281026,兵庫県,神戸市灘区,永手町４丁目,20240131,9,駐車（輪）場,駐車（輪）場,20歳代,その他,施錠せず
窃盗,自転車盗,灘,八幡,281026,兵庫県,神戸市灘区,永手町４丁目,20240324,10,その他,駐車（輪）場,30歳代,その他,施錠せず
窃盗,自転車盗,灘,八幡,281026,兵庫県,神戸市灘区,永手町４丁目,20240402,13,道路上,その他,20歳代,大学生,施錠せず
窃盗,自転車盗,灘,八幡,281026,兵庫県,神戸市灘区,永手町４丁目,20240411,22,道路上,その他,10歳代,大学生,施錠した
窃盗,自転車盗,灘,八幡,281026,兵庫県,神戸市灘区,永手町４丁目,20240803,12,駐車（輪）場,駐車（輪）場,20歳代,その他,施錠した
窃盗,自転車盗,灘,八幡,281026,兵庫県,神戸市灘区,永手町４丁目,20240820,5,その他,その他,20歳代,大学生,施錠した
窃盗,自転車盗,灘,八幡,281026,兵庫県,神戸市灘区,永手町４丁目,20240909,12,その他,駐車（輪）場,20歳代,その他,施錠せず
窃盗,自転車盗,灘,八幡,281026,兵庫県,神戸市灘区,永手町４丁目,20240922,16,道路上,その他,60-64歳,その他,施錠せず
窃盗,自転車盗,灘,八幡,281026,兵庫県,神戸市灘区,永手町４丁目,20240924,21,駐車（輪）場,駐車（輪）場,20歳代,その他,施錠した
窃盗,自転車盗,灘,八幡,281026,兵庫県,神戸市灘区,永手町４丁目,20241006,14,道路上,その他,60-64歳,その他,施錠せず
窃盗,自転車盗,灘,八幡,281026,兵庫県,神戸市灘区,永手町４丁目,20241009,17,道路上,その他,30歳代,その他,施錠した
窃盗,自転車盗,灘,八幡,281026,兵庫県,神戸市灘区,永手町４丁目,20241010,11,その他,駐車（輪）場,60-64歳,その他,施錠せず
窃盗,自転車盗,灘,八幡,281026,兵庫県,神戸市灘区,永手町４丁目,20241017,7,その他,駐車（輪）場,10歳代,高校生,施錠せず
窃盗,自転車盗,灘,八幡,281026,兵庫県,神戸市灘区,永手町４丁目,20241018,10,その他,駐車（輪）場,20歳代,大学生,施錠した
窃盗,自転車盗,灘,八幡,281026,兵庫県,神戸市灘区,永手町５丁目,20240313,18,道路上,その他,10歳代,小学生,施錠した
窃盗,自転車盗,灘,八幡,281026,兵庫県,神戸市灘区,永手町５丁目,20240416,16,その他,駐車（輪）場,20歳代,大学生,施錠せず
窃盗,自転車盗,灘,八幡,281026,兵庫県,神戸市灘区,永手町５丁目,20240913,17,その他,駐車（輪）場,20歳代,大学生,施錠した
窃盗,自転車盗,灘,八幡,281026,兵庫県,神戸市灘区,永手町５丁目,20240929,16,道路上,その他,20歳代,その他,施錠せず
窃盗,自転車盗,灘,八幡,281026,兵庫県,神戸市灘区,永手町５丁目,20240928,9,その他,駐車（輪）場,20歳代,その他,施錠せず
窃盗,自転車盗,灘,八幡,281026,兵庫県,神戸市灘区,宮山町３丁目,20240913,11,その他,駐車（輪）場,20歳代,大学生,施錠せず
窃盗,自転車盗,灘,八幡,281026,兵庫県,神戸市灘区,宮山町３丁目,20240918,7,その他,駐車（輪）場,10歳代,高校生,施錠した
窃盗,自転車盗,灘,八幡,281026,兵庫県,神戸市灘区,宮山町３丁目,20241004,6,その他,駐車（輪）場,20歳代,大学生,施錠した
窃盗,自転車盗,灘,八幡,281026,兵庫県,神戸市灘区,宮山町３丁目,20241012,19,道路上,その他,10歳代,高校生,施錠せず
窃盗,自転車盗,灘,八幡,281026,兵庫県,神戸市灘区,宮山町３丁目,20241025,8,その他,駐車（輪）場,50歳代,その他,施錠した
窃盗,自転車盗,灘,八幡,281026,兵庫県,神戸市灘区,宮山町３丁目,20241025,16,その他,その他,20歳代,大学生,施錠せず
窃盗,自転車盗,灘,八幡,281026,兵庫県,神戸市灘区,宮山町３丁目,20241118,10,その他,駐車（輪）場,10歳代,大学生,施錠せず
窃盗,自転車盗,灘,八幡,281026,兵庫県,神戸市灘区,八幡町１丁目,20240322,15,その他の住宅（３階建て以下共同住宅等）,駐車（輪）場,20歳代,大学生,施錠せず
窃盗,自転車盗,灘,八幡,281026,兵庫県,神戸市灘区,八幡町４丁目,20240522,19,その他,駐車（輪）場,40歳代,その他,施錠した
窃盗,自転車盗,灘,六甲,281026,兵庫県,神戸市灘区,神ノ木通３丁目,20240616,13,一戸建住宅,駐車（輪）場,30歳代,その他,施錠した
窃盗,自転車盗,灘,六甲,281026,兵庫県,神戸市灘区,神前町３丁目,20240327,16,４階建て以上共同住宅,駐車（輪）場,20歳代,大学生,施錠した
窃盗,自転車盗,灘,六甲,281026,兵庫県,神戸市灘区,神前町３丁目,20240617,18,４階建て以上共同住宅,駐車（輪）場,20歳代,その他,施錠せず
窃盗,自転車盗,灘,六甲,281026,兵庫県,神戸市灘区,篠原南町１丁目,20240602,7,道路上,その他,20歳代,大学生,施錠した
窃盗,自転車盗,灘,六甲,281026,兵庫県,神戸市灘区,篠原南町５丁目,20241210,1,４階建て以上共同住宅,駐車（輪）場,20歳代,その他,施錠した
窃盗,自転車盗,灘,六甲,281026,兵庫県,神戸市灘区,千旦通２丁目,20241004,19,駐車（輪）場,駐車（輪）場,20歳代,その他,施錠せず
窃盗,自転車盗,灘,六甲,281026,兵庫県,神戸市灘区,六甲町５丁目,20241004,23,４階建て以上共同住宅,駐車（輪）場,20歳代,大学生,施錠せず
窃盗,自転車盗,灘,水道筋,281026,兵庫県,神戸市灘区,天城通３丁目,20240716,12,一戸建住宅,駐車（輪）場,10歳代,小学生,施錠せず
窃盗,自転車盗,灘,水道筋,281026,兵庫県,神戸市灘区,大内通４丁目,20240328,21,その他の住宅（３階建て以下共同住宅等）,駐車（輪）場,20歳代,大学生,施錠せず
窃盗,自転車盗,灘,水道筋,281026,兵庫県,神戸市灘区,倉石通４丁目,20240428,7,道路上,その他,10歳代,その他,施錠せず
窃盗,自転車盗,灘,水道筋,281026,兵庫県,神戸市灘区,篠原中町６丁目,20241026,18,４階建て以上共同住宅,駐車（輪）場,60-64歳,その他,施錠した
窃盗,自転車盗,灘,水道筋,281026,兵庫県,神戸市灘区,篠原南町６丁目,20240727,13,その他,その他,20歳代,その他,施錠せず
窃盗,自転車盗,灘,水道筋,281026,兵庫県,神戸市灘区,水道筋５丁目,20240201,14,道路上,その他,70歳以上,その他,施錠せず
窃盗,自転車盗,灘,水道筋,281026,兵庫県,神戸市灘区,水道筋５丁目,20240604,8,道路上,その他,20歳代,大学生,施錠した
窃盗,自転車盗,灘,水道筋,281026,兵庫県,神戸市灘区,水道筋５丁目,20240619,17,その他,その他,10歳代,高校生,施錠せず
窃盗,自転車盗,灘,水道筋,281026,兵庫県,神戸市灘区,水道筋５丁目,20240923,14,その他,駐車（輪）場,20歳代,その他,施錠せず
窃盗,自転車盗,灘,水道筋,281026,兵庫県,神戸市灘区,水道筋５丁目,20241120,17,道路上,その他,10歳代,小学生,施錠した
窃盗,自転車盗,灘,水道筋,281026,兵庫県,神戸市灘区,水道筋６丁目,20240412,13,道路上,その他,20歳代,大学生,施錠した
窃盗,自転車盗,灘,水道筋,281026,兵庫県,神戸市灘区,水道筋６丁目,20240926,16,４階建て以上共同住宅,その他,20歳代,その他,施錠した
窃盗,自転車盗,灘,水道筋,281026,兵庫県,神戸市灘区,灘北通５丁目,20240614,19,その他,駐車（輪）場,30歳代,その他,施錠せず
窃盗,自転車盗,灘,水道筋,281026,兵庫県,神戸市灘区,灘北通５丁目,20241211,16,その他,駐車（輪）場,20歳代,その他,施錠した
窃盗,自転車盗,灘,水道筋,281026,兵庫県,神戸市灘区,灘北通５丁目,20241213,12,駐車（輪）場,駐車（輪）場,20歳代,その他,施錠せず
窃盗,自転車盗,灘,水道筋,281026,兵庫県,神戸市灘区,灘北通５丁目,20241217,17,その他,駐車（輪）場,10歳代,中学生,施錠せず
窃盗,自転車盗,灘,水道筋,281026,兵庫県,神戸市灘区,灘北通６丁目,20240812,0,一戸建住宅,駐車（輪）場,40歳代,その他,施錠せず
窃盗,自転車盗,灘,水道筋,281026,兵庫県,神戸市灘区,灘北通６丁目,20240927,0,一戸建住宅,駐車（輪）場,40歳代,その他,施錠した
窃盗,自転車盗,灘,赤坂,281026,兵庫県,神戸市灘区,福住通７丁目,20240504,13,その他,その他,10歳代,中学生,施錠せず
窃盗,自転車盗,灘,王子公園,281026,兵庫県,神戸市灘区,青谷町１丁目,20240709,12,その他,駐車（輪）場,30歳代,その他,施錠せず
窃盗,自転車盗,灘,王子公園,281026,兵庫県,神戸市灘区,王子町２丁目,20240909,8,その他,駐車（輪）場,10歳代,高校生,施錠した
窃盗,自転車盗,灘,王子公園,281026,兵庫県,神戸市灘区,灘北通９丁目,20240420,18,４階建て以上共同住宅,駐車（輪）場,20歳代,その他,施錠した
窃盗,自転車盗,灘,桜口,281026,兵庫県,神戸市灘区,桜口町２丁目,20241112,3,道路上,その他,10歳代,大学生,施錠せず
窃盗,自転車盗,灘,桜口,281026,兵庫県,神戸市灘区,桜口町３丁目,20240205,22,その他,その他,30歳代,その他,施錠した
窃盗,自転車盗,灘,桜口,281026,兵庫県,神戸市灘区,桜口町４丁目,20241014,14,その他,その他,10歳未満,小学生,施錠せず
窃盗,自転車盗,灘,桜口,281026,兵庫県,神戸市灘区,新在家北町２丁目,20240411,17,４階建て以上共同住宅,駐車（輪）場,10歳代,高校生,施錠した
窃盗,自転車盗,灘,桜口,281026,兵庫県,神戸市灘区,新在家南町１丁目,20240422,6,その他,駐車（輪）場,70歳以上,その他,施錠せず
窃盗,自転車盗,灘,桜口,281026,兵庫県,神戸市灘区,新在家南町１丁目,20221015,18,４階建て以上共同住宅,駐車（輪）場,20歳代,大学生,施錠した
窃盗,自転車盗,灘,桜口,281026,兵庫県,神戸市灘区,新在家南町３丁目,20240806,16,４階建て以上共同住宅,駐車（輪）場,10歳代,小学生,施錠せず
窃盗,自転車盗,灘,桜口,281026,兵庫県,神戸市灘区,友田町４丁目,20240506,15,道路上,その他,40歳代,その他,施錠した
窃盗,自転車盗,灘,桜口,281026,兵庫県,神戸市灘区,永手町４丁目,20241022,15,その他,駐車（輪）場,50歳代,その他,施錠した
窃盗,自転車盗,灘,桜口,281026,兵庫県,神戸市灘区,備後町４丁目,20240715,17,その他,駐車（輪）場,20歳代,大学生,施錠せず
窃盗,自転車盗,灘,桜口,281026,兵庫県,神戸市灘区,備後町４丁目,20240923,19,道路上,その他,20歳代,その他,施錠せず
窃盗,自転車盗,灘,桜口,281026,兵庫県,神戸市灘区,備後町５丁目,20240509,17,道路上,その他,10歳代,小学生,施錠せず
窃盗,自転車盗,灘,桜口,281026,兵庫県,神戸市灘区,深田町３丁目,20240523,22,その他,駐車（輪）場,70歳以上,その他,施錠せず
窃盗,自転車盗,灘,桜口,281026,兵庫県,神戸市灘区,深田町３丁目,20241117,8,その他,駐車（輪）場,10歳代,中学生,施錠せず
窃盗,自転車盗,灘,桜口,281026,兵庫県,神戸市灘区,深田町４丁目,20240418,8,駐車（輪）場,駐車（輪）場,20歳代,その他,施錠した
窃盗,自転車盗,灘,桜口,281026,兵庫県,神戸市灘区,深田町４丁目,20240703,19,道路上,その他,50歳代,その他,施錠せず
窃盗,自転車盗,灘,桜口,281026,兵庫県,神戸市灘区,深田町４丁目,20240816,23,その他,その他,20歳代,大学生,施錠した
窃盗,自転車盗,灘,桜口,281026,兵庫県,神戸市灘区,深田町４丁目,20241009,10,道路上,その他,70歳以上,その他,施錠せず
窃盗,自転車盗,灘,琵琶町,281026,兵庫県,神戸市灘区,烏帽子町３丁目,20241110,11,その他の住宅（３階建て以下共同住宅等）,駐車（輪）場,40歳代,その他,施錠した
窃盗,自転車盗,灘,琵琶町,281026,兵庫県,神戸市灘区,大石東町,20240925,8,一戸建住宅,駐車（輪）場,40歳代,その他,施錠した
窃盗,自転車盗,灘,琵琶町,281026,兵庫県,神戸市灘区,大石東町５丁目,20240925,8,一戸建住宅,その他,40歳代,その他,施錠した
窃盗,自転車盗,灘,琵琶町,281026,兵庫県,神戸市灘区,鹿ノ下通３丁目,20240913,16,４階建て以上共同住宅,駐車（輪）場,20歳代,その他,施錠した
窃盗,自転車盗,灘,琵琶町,281026,兵庫県,神戸市灘区,下河原通５丁目,20241213,18,その他,駐車（輪）場,40歳代,その他,施錠した
窃盗,自転車盗,灘,琵琶町,281026,兵庫県,神戸市灘区,琵琶町３丁目,20231224,15,４階建て以上共同住宅,駐車（輪）場,40歳代,その他,施錠した
窃盗,自転車盗,灘,琵琶町,281026,兵庫県,神戸市灘区,琵琶町３丁目,20241208,13,その他の住宅（３階建て以下共同住宅等）,駐車（輪）場,30歳代,その他,施錠せず
窃盗,自転車盗,灘,大石,281026,兵庫県,神戸市灘区,大石東町２丁目,20240501,19,道路上,その他,10歳代,その他,施錠せず
窃盗,自転車盗,灘,大石,281026,兵庫県,神戸市灘区,大石東町６丁目,20240507,18,４階建て以上共同住宅,駐車（輪）場,40歳代,その他,施錠せず
窃盗,自転車盗,灘,大石,281026,兵庫県,神戸市灘区,新在家南町３丁目,20240427,8,その他,駐車（輪）場,40歳代,その他,施錠した
窃盗,自転車盗,灘,大石,281026,兵庫県,神戸市灘区,新在家南町３丁目,20240507,13,その他,駐車（輪）場,20歳代,その他,施錠せず
窃盗,自転車盗,灘,大石,281026,兵庫県,神戸市灘区,新在家南町３丁目,20240602,22,４階建て以上共同住宅,駐車（輪）場,70歳以上,その他,施錠した
窃盗,自転車盗,灘,大石,281026,兵庫県,神戸市灘区,新在家南町４丁目,20241013,13,一戸建住宅,その他,10歳未満,小学生,施錠せず
窃盗,自転車盗,灘,大石,281026,兵庫県,神戸市灘区,新在家南町５丁目,20240714,19,その他の住宅（３階建て以下共同住宅等）,駐車（輪）場,20歳代,その他,施錠せず
窃盗,自転車盗,灘,西灘,281026,兵庫県,神戸市灘区,岩屋北町４丁目,20240819,18,駐車（輪）場,駐車（輪）場,50歳代,その他,施錠した
窃盗,自転車盗,灘,西灘,281026,兵庫県,神戸市灘区,岩屋北町７丁目,20240803,13,その他,その他,20歳代,その他,施錠せず
窃盗,自転車盗,灘,西灘,281026,兵庫県,神戸市灘区,岩屋中町２丁目,20241123,22,一戸建住宅,その他,10歳代,その他,施錠した
窃盗,自転車盗,灘,西灘,281026,兵庫県,神戸市灘区,岩屋中町５丁目,20240727,21,道路上,その他,30歳代,大学生,施錠せず
窃盗,自転車盗,灘,西灘,281026,兵庫県,神戸市灘区,灘浜町,20240726,13,その他,その他,40歳代,その他,施錠せず
窃盗,自転車盗,灘,西灘,281026,兵庫県,神戸市灘区,灘南通４丁目,20240714,18,４階建て以上共同住宅,その他,20歳代,その他,施錠せず
窃盗,自転車盗,灘,西灘,281026,兵庫県,神戸市灘区,灘南通５丁目,20240719,21,道路上,その他,50歳代,その他,施錠せず
窃盗,自転車盗,灘,西灘,281026,兵庫県,神戸市灘区,灘南通５丁目,20241215,18,その他,駐車（輪）場,10歳代,大学生,施錠した
窃盗,自転車盗,灘,西灘,281026,兵庫県,神戸市灘区,船寺通１丁目,20240525,11,道路上,その他,40歳代,高校生,施錠した
窃盗,自転車盗,灘,西灘,281026,兵庫県,神戸市灘区,船寺通１丁目,20241114,17,その他,その他,40歳代,その他,施錠せず
窃盗,自転車盗,灘,西灘,281026,兵庫県,神戸市灘区,船寺通３丁目,20241026,17,一戸建住宅,駐車（輪）場,30歳代,その他,施錠せず
窃盗,自転車盗,灘,西灘,281026,兵庫県,神戸市灘区,船寺通５丁目,20240929,10,一戸建住宅,その他,65-69歳,その他,施錠せず
窃盗,自転車盗,灘,西灘,281026,兵庫県,神戸市灘区,味泥町,20240115,18,その他,駐車（輪）場,10歳代,中学生,施錠せず
窃盗,自転車盗,灘,西灘,281026,兵庫県,神戸市灘区,味泥町,20240921,14,その他,駐車（輪）場,10歳代,中学生,施錠せず
窃盗,自転車盗,灘,西灘,281026,兵庫県,神戸市灘区,味泥町,20241007,22,その他,駐車（輪）場,20歳代,その他,施錠せず
窃盗,自転車盗,灘,西灘,281026,兵庫県,神戸市灘区,味泥町,20241017,18,その他,駐車（輪）場,10歳代,高校生,施錠せず
窃盗,自転車盗,灘,西灘,281026,兵庫県,神戸市灘区,味泥町,20241208,13,その他,駐車（輪）場,10歳代,中学生,施錠せず
窃盗,自転車盗,灘,西灘,281026,兵庫県,神戸市灘区,味泥町,20241225,15,その他,駐車（輪）場,10歳代,中学生,施錠せず
窃盗,自転車盗,灘,西灘,281026,兵庫県,神戸市灘区,都通２丁目,20240419,19,４階建て以上共同住宅,駐車（輪）場,30歳代,その他,施錠した
窃盗,自転車盗,灘,西灘,281026,兵庫県,神戸市灘区,都通５丁目,20240428,18,道路上,その他,20歳代,その他,施錠した
窃盗,自転車盗,灘,西灘,281026,兵庫県,神戸市灘区,都通５丁目,20240517,7,その他,駐車（輪）場,10歳代,高校生,施錠せず
窃盗,自転車盗,灘,西灘,281026,兵庫県,神戸市灘区,都通５丁目,20241118,9,４階建て以上共同住宅,駐車（輪）場,40歳代,その他,施錠せず
窃盗,自転車盗,灘,西灘,281026,兵庫県,神戸市灘区,摩耶海岸通１丁目,20241117,7,４階建て以上共同住宅,駐車（輪）場,20歳代,その他,施錠せず
窃盗,自転車盗,灘,西灘,281026,兵庫県,神戸市灘区,摩耶海岸通２丁目,20240705,13,４階建て以上共同住宅,その他,20歳代,その他,施錠した
窃盗,自転車盗,灘,西灘,281026,兵庫県,神戸市灘区,摩耶海岸通２丁目,20240724,18,４階建て以上共同住宅,駐車（輪）場,10歳代,中学生,施錠した
窃盗,自転車盗,灘,西灘,281026,兵庫県,神戸市灘区,摩耶海岸通２丁目,20240817,22,道路上,その他,50歳代,その他,施錠した
窃盗,自転車盗,灘,西灘,281026,兵庫県,神戸市灘区,摩耶海岸通２丁目,20241117,10,４階建て以上共同住宅,その他,20歳代,その他,施錠せず
窃盗,自転車盗,灘,西灘,281026,兵庫県,神戸市灘区,摩耶海岸通２丁目,20241209,16,その他,駐車（輪）場,20歳代,その他,施錠せず
窃盗,自転車盗,灘,鶴甲,281026,兵庫県,神戸市灘区,鶴甲２丁目,20230901,不明,４階建て以上共同住宅,駐車（輪）場,10歳代,中学生,施錠した
窃盗,自転車盗,灘,鶴甲,281026,兵庫県,神戸市灘区,六甲台町,20240611,8,その他,駐車（輪）場,10歳代,大学生,施錠せず
窃盗,自転車盗,葺合,宮本,281107,兵庫県,神戸市中央区,国香通２丁目,20240425,20,その他,その他,30歳代,その他,施錠せず
窃盗,自転車盗,葺合,宮本,281107,兵庫県,神戸市中央区,国香通２丁目,20241101,13,その他の住宅（３階建て以下共同住宅等）,駐車（輪）場,30歳代,その他,施錠せず
窃盗,自転車盗,葺合,宮本,281107,兵庫県,神戸市中央区,坂口通４丁目,20241001,不明,その他の住宅（３階建て以下共同住宅等）,その他,50歳代,その他,施錠した
窃盗,自転車盗,葺合,宮本,281107,兵庫県,神戸市中央区,坂口通６丁目,20241021,20,道路上,その他,50歳代,その他,施錠した
窃盗,自転車盗,葺合,宮本,281107,兵庫県,神戸市中央区,大日通６丁目,20240507,20,その他の住宅（３階建て以下共同住宅等）,その他,30歳代,その他,施錠せず
窃盗,自転車盗,葺合,宮本,281107,兵庫県,神戸市中央区,旗塚通１丁目,20231228,8,４階建て以上共同住宅,駐車（輪）場,40歳代,その他,施錠した
窃盗,自転車盗,葺合,宮本,281107,兵庫県,神戸市中央区,宮本通３丁目,20240616,4,その他,その他,65-69歳,その他,施錠した
窃盗,自転車盗,葺合,宮本,281107,兵庫県,神戸市中央区,宮本通３丁目,20240625,22,４階建て以上共同住宅,駐車（輪）場,40歳代,その他,施錠せず
窃盗,自転車盗,葺合,宮本,281107,兵庫県,神戸市中央区,宮本通７丁目,20240524,7,４階建て以上共同住宅,駐車（輪）場,30歳代,その他,施錠した
窃盗,自転車盗,葺合,宮本,281107,兵庫県,神戸市中央区,割塚通１丁目,20241108,19,４階建て以上共同住宅,駐車（輪）場,20歳代,その他,施錠せず
窃盗,自転車盗,葺合,宮本,281107,兵庫県,神戸市中央区,割塚通２丁目,20240319,19,４階建て以上共同住宅,駐車（輪）場,20歳代,その他,施錠せず
窃盗,自転車盗,葺合,宮本,281107,兵庫県,神戸市中央区,割塚通３丁目,20240913,23,４階建て以上共同住宅,その他,20歳代,大学生,施錠した
窃盗,自転車盗,葺合,宮本,281107,兵庫県,神戸市中央区,割塚通６丁目,20240209,9,道路上,その他,30歳代,その他,施錠せず
窃盗,自転車盗,葺合,中尾前,281107,兵庫県,神戸市中央区,籠池通４丁目,20231225,9,４階建て以上共同住宅,駐車（輪）場,40歳代,その他,施錠した
窃盗,自転車盗,葺合,中尾前,281107,兵庫県,神戸市中央区,上筒井通５丁目,20240703,16,道路上,その他,10歳代,中学生,施錠せず
窃盗,自転車盗,葺合,熊内,281107,兵庫県,神戸市中央区,生田町１丁目,20230919,8,駐車（輪）場,駐車（輪）場,20歳代,その他,施錠せず
窃盗,自転車盗,葺合,熊内,281107,兵庫県,神戸市中央区,生田町１丁目,20240614,7,道路上,その他,10歳代,中学生,施錠せず
窃盗,自転車盗,葺合,熊内,281107,兵庫県,神戸市中央区,生田町１丁目,20241016,15,道路上,その他,10歳未満,小学生,施錠せず
窃盗,自転車盗,葺合,熊内,281107,兵庫県,神戸市中央区,生田町１丁目,20241112,7,駐車（輪）場,駐車（輪）場,10歳代,高校生,施錠せず
窃盗,自転車盗,葺合,熊内,281107,兵庫県,神戸市中央区,加納町１丁目,20240101,6,駐車（輪）場,駐車（輪）場,10歳代,高校生,施錠せず
窃盗,自転車盗,葺合,熊内,281107,兵庫県,神戸市中央区,加納町１丁目,20240726,8,駐車（輪）場,駐車（輪）場,30歳代,その他,施錠せず
窃盗,自転車盗,葺合,熊内,281107,兵庫県,神戸市中央区,神若通６丁目,20240412,19,４階建て以上共同住宅,駐車（輪）場,30歳代,その他,施錠せず
窃盗,自転車盗,葺合,熊内,281107,兵庫県,神戸市中央区,国香通５丁目,20231223,0,４階建て以上共同住宅,駐車（輪）場,30歳代,その他,施錠した
窃盗,自転車盗,葺合,熊内,281107,兵庫県,神戸市中央区,国香通６丁目,20240820,16,一戸建住宅,駐車（輪）場,50歳代,その他,施錠せず
窃盗,自転車盗,葺合,熊内,281107,兵庫県,神戸市中央区,熊内橋通６丁目,20241128,17,４階建て以上共同住宅,駐車（輪）場,20歳代,大学生,施錠せず
窃盗,自転車盗,葺合,熊内,281107,兵庫県,神戸市中央区,熊内橋通６丁目,20241221,2,その他の住宅（３階建て以下共同住宅等）,その他,20歳代,大学生,施錠せず
窃盗,自転車盗,葺合,熊内,281107,兵庫県,神戸市中央区,熊内橋通７丁目,20241012,15,道路上,その他,40歳代,その他,施錠した
窃盗,自転車盗,葺合,熊内,281107,兵庫県,神戸市中央区,旗塚通４丁目,20240907,23,４階建て以上共同住宅,駐車（輪）場,10歳代,大学生,施錠せず
窃盗,自転車盗,葺合,熊内,281107,兵庫県,神戸市中央区,旗塚通５丁目,20231230,22,４階建て以上共同住宅,その他,20歳代,その他,施錠した
窃盗,自転車盗,葺合,熊内,281107,兵庫県,神戸市中央区,旗塚通７丁目,20241222,1,４階建て以上共同住宅,駐車（輪）場,20歳代,その他,施錠した
窃盗,自転車盗,葺合,熊内,281107,兵庫県,神戸市中央区,若菜通５丁目,20240522,0,４階建て以上共同住宅,その他,20歳代,その他,施錠せず
窃盗,自転車盗,葺合,熊内,281107,兵庫県,神戸市中央区,若菜通５丁目,20241010,8,その他,駐車（輪）場,50歳代,その他,施錠した
窃盗,自転車盗,葺合,熊内,281107,兵庫県,神戸市中央区,若菜通６丁目,20240405,22,道路上,その他,20歳代,大学生,施錠した
窃盗,自転車盗,葺合,割塚,281107,兵庫県,神戸市中央区,東雲通１丁目,20240321,10,４階建て以上共同住宅,駐車（輪）場,20歳代,その他,施錠せず
窃盗,自転車盗,葺合,割塚,281107,兵庫県,神戸市中央区,東雲通１丁目,20240410,20,４階建て以上共同住宅,駐車（輪）場,20歳代,その他,施錠した
窃盗,自転車盗,葺合,割塚,281107,兵庫県,神戸市中央区,東雲通１丁目,20240918,17,その他,その他,20歳代,その他,施錠せず
窃盗,自転車盗,葺合,割塚,281107,兵庫県,神戸市中央区,東雲通１丁目,20240930,13,４階建て以上共同住宅,駐車（輪）場,20歳代,その他,施錠した
窃盗,自転車盗,葺合,割塚,281107,兵庫県,神戸市中央区,東雲通３丁目,20241105,21,４階建て以上共同住宅,その他,40歳代,その他,施錠した
窃盗,自転車盗,葺合,割塚,281107,兵庫県,神戸市中央区,筒井町１丁目,20240725,16,４階建て以上共同住宅,駐車（輪）場,20歳代,その他,施錠せず
窃盗,自転車盗,葺合,割塚,281107,兵庫県,神戸市中央区,筒井町１丁目,20240820,19,４階建て以上共同住宅,駐車（輪）場,70歳以上,その他,施錠せず
窃盗,自転車盗,葺合,割塚,281107,兵庫県,神戸市中央区,筒井町１丁目,20241031,0,４階建て以上共同住宅,その他,60-64歳,その他,施錠した
窃盗,自転車盗,葺合,割塚,281107,兵庫県,神戸市中央区,筒井町３丁目,20240217,18,道路上,その他,40歳代,その他,施錠せず
窃盗,自転車盗,葺合,割塚,281107,兵庫県,神戸市中央区,筒井町３丁目,20240413,7,道路上,その他,20歳代,大学生,施錠した
窃盗,自転車盗,葺合,割塚,281107,兵庫県,神戸市中央区,筒井町３丁目,20240614,0,４階建て以上共同住宅,その他,20歳代,その他,施錠した
窃盗,自転車盗,葺合,割塚,281107,兵庫県,神戸市中央区,筒井町３丁目,20240610,10,４階建て以上共同住宅,駐車（輪）場,20歳代,その他,施錠せず
窃盗,自転車盗,葺合,割塚,281107,兵庫県,神戸市中央区,筒井町３丁目,20240815,20,４階建て以上共同住宅,駐車（輪）場,50歳代,その他,施錠した
窃盗,自転車盗,葺合,割塚,281107,兵庫県,神戸市中央区,筒井町３丁目,20240921,20,４階建て以上共同住宅,駐車（輪）場,40歳代,その他,施錠した
窃盗,自転車盗,葺合,割塚,281107,兵庫県,神戸市中央区,筒井町３丁目,20241031,22,４階建て以上共同住宅,駐車（輪）場,20歳代,その他,施錠せず
窃盗,自転車盗,葺合,割塚,281107,兵庫県,神戸市中央区,筒井町３丁目,20241105,5,道路上,その他,20歳代,その他,施錠した
窃盗,自転車盗,葺合,割塚,281107,兵庫県,神戸市中央区,筒井町３丁目,20241105,6,４階建て以上共同住宅,その他,20歳代,その他,施錠せず
窃盗,自転車盗,葺合,割塚,281107,兵庫県,神戸市中央区,日暮通２丁目,20240801,9,道路上,その他,70歳以上,その他,施錠した
窃盗,自転車盗,葺合,割塚,281107,兵庫県,神戸市中央区,日暮通４丁目,20240515,19,４階建て以上共同住宅,その他,30歳代,その他,施錠せず
窃盗,自転車盗,葺合,割塚,281107,兵庫県,神戸市中央区,日暮通４丁目,20241214,5,道路上,その他,40歳代,その他,施錠した
窃盗,自転車盗,葺合,割塚,281107,兵庫県,神戸市中央区,日暮通５丁目,20240411,11,道路上,その他,60-64歳,その他,施錠した
窃盗,自転車盗,葺合,割塚,281107,兵庫県,神戸市中央区,八雲通３丁目,20240114,0,４階建て以上共同住宅,駐車（輪）場,20歳代,その他,施錠した
窃盗,自転車盗,葺合,割塚,281107,兵庫県,神戸市中央区,八雲通５丁目,20240620,10,道路上,その他,70歳以上,その他,施錠せず
窃盗,自転車盗,葺合,割塚,281107,兵庫県,神戸市中央区,八雲通６丁目,20240301,6,４階建て以上共同住宅,その他,40歳代,その他,施錠せず
窃盗,自転車盗,葺合,割塚,281107,兵庫県,神戸市中央区,若菜通１丁目,20240313,7,駐車（輪）場,駐車（輪）場,10歳代,中学生,施錠せず
窃盗,自転車盗,葺合,割塚,281107,兵庫県,神戸市中央区,若菜通１丁目,20240601,12,駐車（輪）場,駐車（輪）場,10歳代,高校生,施錠せず
窃盗,自転車盗,葺合,割塚,281107,兵庫県,神戸市中央区,若菜通１丁目,20240717,18,道路上,その他,10歳代,高校生,施錠した
窃盗,自転車盗,葺合,ＨＡＴ神戸,281107,兵庫県,神戸市中央区,脇浜海岸通１丁目,20240507,13,道路上,その他,法人・団体、被害者なし,法人・団体、被害者なし,施錠せず
窃盗,自転車盗,葺合,ＨＡＴ神戸,281107,兵庫県,神戸市中央区,脇浜海岸通１丁目,20241013,22,駐車（輪）場,駐車（輪）場,50歳代,その他,施錠せず
窃盗,自転車盗,葺合,ＨＡＴ神戸,281107,兵庫県,神戸市中央区,脇浜海岸通２丁目,20240131,19,道路上,その他,20歳代,その他,施錠した
窃盗,自転車盗,葺合,ＨＡＴ神戸,281107,兵庫県,神戸市中央区,脇浜海岸通２丁目,20240313,16,道路上,その他,20歳代,大学生,施錠した
窃盗,自転車盗,葺合,ＨＡＴ神戸,281107,兵庫県,神戸市中央区,脇浜海岸通２丁目,20240510,16,駐車（輪）場,駐車（輪）場,10歳代,中学生,施錠した
窃盗,自転車盗,葺合,ＨＡＴ神戸,281107,兵庫県,神戸市中央区,脇浜海岸通２丁目,20240516,11,駐車（輪）場,駐車（輪）場,10歳代,大学生,施錠した
窃盗,自転車盗,葺合,ＨＡＴ神戸,281107,兵庫県,神戸市中央区,脇浜海岸通２丁目,20240612,13,駐車（輪）場,駐車（輪）場,20歳代,その他,施錠した
窃盗,自転車盗,葺合,ＨＡＴ神戸,281107,兵庫県,神戸市中央区,脇浜海岸通２丁目,20240614,12,駐車（輪）場,駐車（輪）場,20歳代,大学生,施錠した
窃盗,自転車盗,葺合,ＨＡＴ神戸,281107,兵庫県,神戸市中央区,脇浜海岸通２丁目,20240725,15,駐車（輪）場,駐車（輪）場,10歳代,高校生,施錠した
窃盗,自転車盗,葺合,ＨＡＴ神戸,281107,兵庫県,神戸市中央区,脇浜海岸通２丁目,20240912,7,駐車（輪）場,駐車（輪）場,10歳代,高校生,施錠した
窃盗,自転車盗,葺合,ＨＡＴ神戸,281107,兵庫県,神戸市中央区,脇浜海岸通２丁目,20240908,13,その他,駐車（輪）場,40歳代,その他,施錠した
窃盗,自転車盗,葺合,ＨＡＴ神戸,281107,兵庫県,神戸市中央区,脇浜海岸通２丁目,20241013,11,道路上,その他,20歳代,その他,施錠せず
窃盗,自転車盗,葺合,ＨＡＴ神戸,281107,兵庫県,神戸市中央区,脇浜海岸通２丁目,20241017,7,その他,駐車（輪）場,10歳代,高校生,施錠せず
窃盗,自転車盗,葺合,ＨＡＴ神戸,281107,兵庫県,神戸市中央区,脇浜海岸通２丁目,20241117,18,その他,駐車（輪）場,40歳代,その他,施錠せず
窃盗,自転車盗,葺合,ＨＡＴ神戸,281107,兵庫県,神戸市中央区,脇浜海岸通３丁目,20240415,19,駐車（輪）場,駐車（輪）場,50歳代,その他,施錠した
窃盗,自転車盗,葺合,ＨＡＴ神戸,281107,兵庫県,神戸市中央区,脇浜海岸通３丁目,20240415,19,駐車（輪）場,駐車（輪）場,60-64歳,その他,施錠した
窃盗,自転車盗,葺合,ＨＡＴ神戸,281107,兵庫県,神戸市中央区,脇浜海岸通３丁目,20240508,16,駐車（輪）場,駐車（輪）場,10歳代,大学生,施錠した
窃盗,自転車盗,葺合,ＨＡＴ神戸,281107,兵庫県,神戸市中央区,脇浜海岸通３丁目,20240627,13,駐車（輪）場,駐車（輪）場,20歳代,その他,施錠した
窃盗,自転車盗,葺合,ＨＡＴ神戸,281107,兵庫県,神戸市中央区,脇浜海岸通３丁目,20241003,13,４階建て以上共同住宅,駐車（輪）場,65-69歳,その他,施錠した
窃盗,自転車盗,葺合,ＨＡＴ神戸,281107,兵庫県,神戸市中央区,脇浜海岸通３丁目,20241027,8,４階建て以上共同住宅,駐車（輪）場,20歳代,その他,施錠せず
窃盗,自転車盗,葺合,ＨＡＴ神戸,281107,兵庫県,神戸市中央区,脇浜海岸通４丁目,20240406,16,その他,その他,10歳未満,小学生,施錠せず
窃盗,自転車盗,葺合,ＨＡＴ神戸,281107,兵庫県,神戸市中央区,脇浜海岸通４丁目,20240220,不明,４階建て以上共同住宅,駐車（輪）場,50歳代,その他,施錠した
窃盗,自転車盗,葺合,二宮,281107,兵庫県,神戸市中央区,生田町２丁目,20231228,13,その他の住宅（３階建て以下共同住宅等）,その他,30歳代,その他,施錠せず
窃盗,自転車盗,葺合,二宮,281107,兵庫県,神戸市中央区,琴ノ緒町１丁目,20231229,18,４階建て以上共同住宅,駐車（輪）場,30歳代,その他,施錠した
窃盗,自転車盗,葺合,二宮,281107,兵庫県,神戸市中央区,琴ノ緒町１丁目,20231026,18,４階建て以上共同住宅,駐車（輪）場,30歳代,その他,施錠せず
窃盗,自転車盗,葺合,二宮,281107,兵庫県,神戸市中央区,琴ノ緒町１丁目,20240421,0,その他の住宅（３階建て以下共同住宅等）,その他,20歳代,その他,施錠した
窃盗,自転車盗,葺合,二宮,281107,兵庫県,神戸市中央区,琴ノ緒町１丁目,20240526,20,４階建て以上共同住宅,駐車（輪）場,20歳代,その他,施錠した
窃盗,自転車盗,葺合,二宮,281107,兵庫県,神戸市中央区,琴ノ緒町１丁目,20241026,0,４階建て以上共同住宅,駐車（輪）場,10歳代,大学生,施錠した
窃盗,自転車盗,葺合,二宮,281107,兵庫県,神戸市中央区,琴ノ緒町２丁目,20240129,20,道路上,その他,30歳代,その他,施錠せず
窃盗,自転車盗,葺合,二宮,281107,兵庫県,神戸市中央区,琴ノ緒町３丁目,20240518,23,道路上,その他,20歳代,大学生,施錠せず
窃盗,自転車盗,葺合,二宮,281107,兵庫県,神戸市中央区,琴ノ緒町３丁目,20240525,15,道路上,その他,20歳代,その他,施錠した
窃盗,自転車盗,葺合,二宮,281107,兵庫県,神戸市中央区,琴ノ緒町３丁目,20240923,8,道路上,その他,20歳代,大学生,施錠した
窃盗,自転車盗,葺合,二宮,281107,兵庫県,神戸市中央区,琴ノ緒町４丁目,20240402,22,４階建て以上共同住宅,その他,20歳代,その他,施錠せず
窃盗,自転車盗,葺合,二宮,281107,兵庫県,神戸市中央区,琴ノ緒町４丁目,20240914,1,道路上,その他,40歳代,その他,施錠せず
窃盗,自転車盗,葺合,二宮,281107,兵庫県,神戸市中央区,琴ノ緒町４丁目,20241216,11,道路上,その他,40歳代,その他,施錠せず
窃盗,自転車盗,葺合,二宮,281107,兵庫県,神戸市中央区,二宮町,20240924,10,道路上,その他,70歳以上,その他,施錠した
窃盗,自転車盗,葺合,二宮,281107,兵庫県,神戸市中央区,二宮町１丁目,20240731,5,道路上,その他,30歳代,その他,施錠した
窃盗,自転車盗,葺合,二宮,281107,兵庫県,神戸市中央区,二宮町２丁目,20240326,15,４階建て以上共同住宅,駐車（輪）場,40歳代,その他,施錠した
窃盗,自転車盗,葺合,二宮,281107,兵庫県,神戸市中央区,二宮町２丁目,20241108,13,道路上,その他,20歳代,その他,施錠した
窃盗,自転車盗,葺合,二宮,281107,兵庫県,神戸市中央区,二宮町２丁目,20241002,1,道路上,その他,70歳以上,その他,施錠せず
窃盗,自転車盗,葺合,二宮,281107,兵庫県,神戸市中央区,二宮町３丁目,20241023,20,道路上,その他,20歳代,その他,施錠した
窃盗,自転車盗,葺合,二宮,281107,兵庫県,神戸市中央区,二宮町４丁目,20240119,21,４階建て以上共同住宅,駐車（輪）場,30歳代,その他,施錠せず
窃盗,自転車盗,葺合,二宮,281107,兵庫県,神戸市中央区,二宮町４丁目,20240517,22,その他の住宅（３階建て以下共同住宅等）,その他,20歳代,その他,施錠した
窃盗,自転車盗,葺合,二宮,281107,兵庫県,神戸市中央区,二宮町４丁目,20241004,23,道路上,その他,40歳代,その他,施錠せず
窃盗,自転車盗,葺合,二宮,281107,兵庫県,神戸市中央区,二宮町４丁目,20241109,23,４階建て以上共同住宅,その他,20歳代,その他,施錠した
窃盗,自転車盗,葺合,二宮,281107,兵庫県,神戸市中央区,布引町２丁目,20240326,18,道路上,その他,20歳代,その他,施錠せず
窃盗,自転車盗,葺合,二宮,281107,兵庫県,神戸市中央区,布引町２丁目,20240507,22,道路上,その他,20歳代,その他,施錠した
窃盗,自転車盗,葺合,二宮,281107,兵庫県,神戸市中央区,布引町２丁目,20240729,13,その他,その他,20歳代,その他,施錠せず
窃盗,自転車盗,葺合,二宮,281107,兵庫県,神戸市中央区,布引町２丁目,20240929,12,道路上,その他,10歳代,高校生,施錠せず
窃盗,自転車盗,葺合,二宮,281107,兵庫県,神戸市中央区,布引町３丁目,20241009,8,道路上,その他,20歳代,その他,施錠せず
窃盗,自転車盗,葺合,二宮,281107,兵庫県,神戸市中央区,布引町３丁目,20241128,8,道路上,その他,10歳代,高校生,施錠した
窃盗,自転車盗,葺合,二宮,281107,兵庫県,神戸市中央区,布引町４丁目,20240422,9,道路上,その他,10歳代,大学生,施錠した
窃盗,自転車盗,葺合,二宮,281107,兵庫県,神戸市中央区,布引町４丁目,20240120,16,駐車（輪）場,駐車（輪）場,30歳代,その他,施錠せず
窃盗,自転車盗,葺合,二宮,281107,兵庫県,神戸市中央区,布引町４丁目,20240706,9,駐車（輪）場,駐車（輪）場,20歳代,その他,施錠した
窃盗,自転車盗,葺合,二宮,281107,兵庫県,神戸市中央区,布引町４丁目,20240901,15,駐車（輪）場,駐車（輪）場,10歳代,その他,施錠した
窃盗,自転車盗,葺合,三宮センター,281107,兵庫県,神戸市中央区,旭通１丁目,20240619,4,その他,駐車（輪）場,20歳代,その他,施錠せず
窃盗,自転車盗,葺合,三宮センター,281107,兵庫県,神戸市中央区,旭通１丁目,20240720,21,道路上,その他,40歳代,その他,施錠した
窃盗,自転車盗,葺合,三宮センター,281107,兵庫県,神戸市中央区,旭通２丁目,20240805,18,４階建て以上共同住宅,駐車（輪）場,30歳代,その他,施錠した
窃盗,自転車盗,葺合,三宮センター,281107,兵庫県,神戸市中央区,旭通２丁目,20240813,6,道路上,その他,40歳代,その他,施錠せず
窃盗,自転車盗,葺合,三宮センター,281107,兵庫県,神戸市中央区,旭通４丁目,20240315,11,道路上,その他,65-69歳,その他,施錠した
窃盗,自転車盗,葺合,三宮センター,281107,兵庫県,神戸市中央区,旭通４丁目,20240302,14,その他,駐車（輪）場,10歳代,その他,施錠した
窃盗,自転車盗,葺合,三宮センター,281107,兵庫県,神戸市中央区,旭通４丁目,20240510,19,駐車（輪）場,駐車（輪）場,20歳代,その他,施錠した
窃盗,自転車盗,葺合,三宮センター,281107,兵庫県,神戸市中央区,旭通４丁目,20240912,9,その他,駐車（輪）場,20歳代,その他,施錠した
窃盗,自転車盗,葺合,三宮センター,281107,兵庫県,神戸市中央区,旭通５丁目,20230510,0,その他,駐車（輪）場,70歳以上,その他,施錠した
窃盗,自転車盗,葺合,三宮センター,281107,兵庫県,神戸市中央区,旭通５丁目,20241007,18,道路上,その他,50歳代,その他,施錠せず
窃盗,自転車盗,葺合,三宮センター,281107,兵庫県,神戸市中央区,旭通５丁目,20241011,15,道路上,その他,30歳代,その他,施錠せず
窃盗,自転車盗,葺合,三宮センター,281107,兵庫県,神戸市中央区,旭通５丁目,20241018,21,駐車（輪）場,駐車（輪）場,20歳代,その他,施錠せず
窃盗,自転車盗,葺合,三宮センター,281107,兵庫県,神戸市中央区,磯辺通２丁目,20240612,16,道路上,その他,20歳代,その他,施錠した
窃盗,自転車盗,葺合,三宮センター,281107,兵庫県,神戸市中央区,磯辺通４丁目,20240713,6,道路上,その他,20歳代,その他,施錠した
窃盗,自転車盗,葺合,三宮センター,281107,兵庫県,神戸市中央区,小野柄通６丁目,20231228,21,その他,駐車（輪）場,30歳代,その他,施錠した
窃盗,自転車盗,葺合,三宮センター,281107,兵庫県,神戸市中央区,小野柄通６丁目,20240125,19,道路上,その他,20歳代,大学生,施錠せず
窃盗,自転車盗,葺合,三宮センター,281107,兵庫県,神戸市中央区,小野柄通６丁目,20240120,19,その他,駐車（輪）場,20歳代,その他,施錠した
窃盗,自転車盗,葺合,三宮センター,281107,兵庫県,神戸市中央区,小野柄通６丁目,20240507,11,その他,駐車（輪）場,10歳代,高校生,施錠した
窃盗,自転車盗,葺合,三宮センター,281107,兵庫県,神戸市中央区,小野柄通６丁目,20240718,13,その他,駐車（輪）場,10歳代,高校生,施錠した
窃盗,自転車盗,葺合,三宮センター,281107,兵庫県,神戸市中央区,小野柄通７丁目,20240602,10,道路上,その他,30歳代,その他,施錠した
窃盗,自転車盗,葺合,三宮センター,281107,兵庫県,神戸市中央区,小野柄通７丁目,20241011,7,駐車（輪）場,駐車（輪）場,30歳代,その他,施錠した
窃盗,自転車盗,葺合,三宮センター,281107,兵庫県,神戸市中央区,小野柄通７丁目,20241212,14,道路上,その他,30歳代,その他,施錠した
窃盗,自転車盗,葺合,三宮センター,281107,兵庫県,神戸市中央区,小野柄通８丁目,20240202,17,駐車（輪）場,駐車（輪）場,40歳代,その他,施錠した
窃盗,自転車盗,葺合,三宮センター,281107,兵庫県,神戸市中央区,雲井通６丁目,20240722,18,駐車（輪）場,駐車（輪）場,40歳代,その他,施錠した
窃盗,自転車盗,葺合,三宮センター,281107,兵庫県,神戸市中央区,雲井通６丁目,20240815,22,道路上,その他,20歳代,大学生,施錠せず
窃盗,自転車盗,葺合,三宮センター,281107,兵庫県,神戸市中央区,雲井通６丁目,20240906,22,駐車（輪）場,駐車（輪）場,30歳代,その他,施錠せず
窃盗,自転車盗,葺合,三宮センター,281107,兵庫県,神戸市中央区,琴ノ緒町４丁目,20240522,23,道路上,その他,30歳代,その他,施錠した
窃盗,自転車盗,葺合,三宮センター,281107,兵庫県,神戸市中央区,琴ノ緒町５丁目,20240405,16,道路上,その他,50歳代,その他,施錠した
窃盗,自転車盗,葺合,三宮センター,281107,兵庫県,神戸市中央区,琴ノ緒町５丁目,20240511,7,道路上,その他,20歳代,その他,施錠した
窃盗,自転車盗,葺合,三宮センター,281107,兵庫県,神戸市中央区,琴ノ緒町５丁目,20240521,10,道路上,その他,30歳代,その他,施錠した
窃盗,自転車盗,葺合,三宮センター,281107,兵庫県,神戸市中央区,琴ノ緒町５丁目,20240801,7,道路上,その他,10歳代,高校生,施錠せず
窃盗,自転車盗,葺合,三宮センター,281107,兵庫県,神戸市中央区,御幸通７丁目,20241102,18,駐車（輪）場,駐車（輪）場,60-64歳,その他,施錠した
窃盗,自転車盗,葺合,三宮センター,281107,兵庫県,神戸市中央区,八幡通１丁目,20240509,15,４階建て以上共同住宅,駐車（輪）場,20歳代,その他,施錠した
窃盗,自転車盗,葺合,三宮センター,281107,兵庫県,神戸市中央区,八幡通１丁目,20240816,16,４階建て以上共同住宅,駐車（輪）場,20歳代,その他,施錠した
窃盗,自転車盗,葺合,三宮センター,281107,兵庫県,神戸市中央区,八幡通２丁目,20240722,18,その他,駐車（輪）場,20歳代,その他,施錠せず
窃盗,自転車盗,葺合,三宮センター,281107,兵庫県,神戸市中央区,八幡通２丁目,20240818,7,道路上,その他,10歳代,高校生,施錠した
窃盗,自転車盗,葺合,三宮センター,281107,兵庫県,神戸市中央区,八幡通３丁目,20240726,20,道路上,その他,20歳代,その他,施錠せず
窃盗,自転車盗,葺合,三宮センター,281107,兵庫県,神戸市中央区,八幡通３丁目,20240315,9,４階建て以上共同住宅,駐車（輪）場,30歳代,その他,施錠した
窃盗,自転車盗,葺合,三宮センター,281107,兵庫県,神戸市中央区,八幡通３丁目,20241017,8,道路上,その他,20歳代,その他,施錠せず
窃盗,自転車盗,葺合,三宮センター,281107,兵庫県,神戸市中央区,八幡通３丁目,20241023,12,道路上,その他,30歳代,その他,施錠した
窃盗,自転車盗,葺合,三宮センター,281107,兵庫県,神戸市中央区,八幡通４丁目,20240802,18,その他,その他,20歳代,その他,施錠した
窃盗,自転車盗,葺合,三宮センター,281107,兵庫県,神戸市中央区,八幡通４丁目,20240809,13,道路上,その他,30歳代,その他,施錠した
窃盗,自転車盗,葺合,三宮センター,281107,兵庫県,神戸市中央区,浜辺通３丁目,20241130,21,４階建て以上共同住宅,駐車（輪）場,70歳以上,その他,施錠した
窃盗,自転車盗,葺合,三宮センター,281107,兵庫県,神戸市中央区,浜辺通５丁目,20240208,17,その他,その他,30歳代,その他,施錠せず
窃盗,自転車盗,葺合,三宮センター,281107,兵庫県,神戸市中央区,浜辺通５丁目,20241121,21,道路上,その他,30歳代,その他,施錠した
窃盗,自転車盗,葺合,三宮センター,281107,兵庫県,神戸市中央区,浜辺通６丁目,20241023,18,道路上,その他,10歳代,大学生,施錠せず
窃盗,自転車盗,葺合,小野柄,281107,兵庫県,神戸市中央区,吾妻通３丁目,20240908,22,その他,駐車（輪）場,20歳代,大学生,施錠せず
窃盗,自転車盗,葺合,小野柄,281107,兵庫県,神戸市中央区,吾妻通６丁目,20240515,18,その他の住宅（３階建て以下共同住宅等）,駐車（輪）場,10歳代,中学生,施錠せず
窃盗,自転車盗,葺合,小野柄,281107,兵庫県,神戸市中央区,磯上通４丁目,20240101,19,４階建て以上共同住宅,駐車（輪）場,20歳代,その他,施錠した
窃盗,自転車盗,葺合,小野柄,281107,兵庫県,神戸市中央区,磯上通４丁目,20240710,9,道路上,その他,20歳代,その他,施錠せず
窃盗,自転車盗,葺合,小野柄,281107,兵庫県,神戸市中央区,小野柄通２丁目,20241115,13,４階建て以上共同住宅,駐車（輪）場,20歳代,その他,施錠せず
窃盗,自転車盗,葺合,小野柄,281107,兵庫県,神戸市中央区,小野柄通２丁目,20241110,20,その他,駐車（輪）場,20歳代,その他,施錠せず
窃盗,自転車盗,葺合,小野柄,281107,兵庫県,神戸市中央区,小野柄通３丁目,20240625,18,４階建て以上共同住宅,その他,40歳代,その他,施錠した
窃盗,自転車盗,葺合,小野柄,281107,兵庫県,神戸市中央区,小野柄通４丁目,20240503,3,道路上,その他,40歳代,その他,施錠した
窃盗,自転車盗,葺合,小野柄,281107,兵庫県,神戸市中央区,北本町通５丁目,20240911,18,道路上,その他,20歳代,その他,施錠した
窃盗,自転車盗,葺合,小野柄,281107,兵庫県,神戸市中央区,北本町通６丁目,20241214,10,４階建て以上共同住宅,駐車（輪）場,60-64歳,その他,施錠せず
窃盗,自転車盗,葺合,小野柄,281107,兵庫県,神戸市中央区,雲井通４丁目,20240918,12,その他,駐車（輪）場,30歳代,その他,施錠した
窃盗,自転車盗,葺合,小野柄,281107,兵庫県,神戸市中央区,雲井通４丁目,20241212,12,４階建て以上共同住宅,駐車（輪）場,30歳代,その他,施錠した
窃盗,自転車盗,葺合,小野柄,281107,兵庫県,神戸市中央区,御幸通４丁目,20240825,1,道路上,その他,20歳代,大学生,施錠した
窃盗,自転車盗,葺合,小野柄,281107,兵庫県,神戸市中央区,浜辺通１丁目,20240408,16,駐車（輪）場,駐車（輪）場,10歳代,大学生,施錠した
窃盗,自転車盗,葺合,小野柄,281107,兵庫県,神戸市中央区,南本町通６丁目,20240913,11,４階建て以上共同住宅,駐車（輪）場,70歳以上,その他,施錠せず
窃盗,自転車盗,葺合,小野柄,281107,兵庫県,神戸市中央区,南本町通６丁目,20241025,17,４階建て以上共同住宅,その他,10歳代,中学生,施錠せず
窃盗,自転車盗,葺合,春日野,281107,兵庫県,神戸市中央区,吾妻通１丁目,20240818,20,道路上,その他,70歳以上,その他,施錠した
窃盗,自転車盗,葺合,春日野,281107,兵庫県,神戸市中央区,吾妻通１丁目,20241024,13,その他,駐車（輪）場,20歳代,その他,施錠した
窃盗,自転車盗,葺合,春日野,281107,兵庫県,神戸市中央区,吾妻通１丁目,20241020,1,道路上,その他,20歳代,その他,施錠せず
窃盗,自転車盗,葺合,春日野,281107,兵庫県,神戸市中央区,吾妻通１丁目,20241105,12,道路上,その他,20歳代,その他,施錠せず
窃盗,自転車盗,葺合,春日野,281107,兵庫県,神戸市中央区,北本町通１丁目,20240404,17,その他,駐車（輪）場,10歳代,大学生,施錠した
窃盗,自転車盗,葺合,春日野,281107,兵庫県,神戸市中央区,北本町通１丁目,20240517,9,道路上,その他,20歳代,大学生,施錠した
窃盗,自転車盗,葺合,春日野,281107,兵庫県,神戸市中央区,北本町通１丁目,20240921,9,その他,駐車（輪）場,20歳代,その他,施錠せず
窃盗,自転車盗,葺合,春日野,281107,兵庫県,神戸市中央区,北本町通２丁目,20240429,6,駐車（輪）場,駐車（輪）場,10歳代,高校生,施錠した
窃盗,自転車盗,葺合,春日野,281107,兵庫県,神戸市中央区,脇浜町,20240706,0,４階建て以上共同住宅,駐車（輪）場,10歳代,大学生,施錠した
窃盗,自転車盗,葺合,春日野,281107,兵庫県,神戸市中央区,脇浜町１丁目,20241104,23,道路上,その他,20歳代,大学生,施錠した
窃盗,自転車盗,葺合,春日野,281107,兵庫県,神戸市中央区,脇浜町１丁目,20241124,16,その他,その他,20歳代,その他,施錠せず
窃盗,自転車盗,葺合,春日野,281107,兵庫県,神戸市中央区,脇浜町１丁目,20241224,7,その他,駐車（輪）場,20歳代,その他,施錠せず
窃盗,自転車盗,葺合,春日野,281107,兵庫県,神戸市中央区,脇浜町３丁目,20240128,3,道路上,その他,20歳代,大学生,施錠せず
窃盗,自転車盗,葺合,春日野,281107,兵庫県,神戸市中央区,脇浜町３丁目,20240314,18,駐車（輪）場,駐車（輪）場,20歳代,その他,施錠した
窃盗,自転車盗,葺合,春日野,281107,兵庫県,神戸市中央区,脇浜町３丁目,20240404,16,駐車（輪）場,駐車（輪）場,20歳代,その他,施錠した
窃盗,自転車盗,葺合,春日野,281107,兵庫県,神戸市中央区,脇浜町３丁目,20240716,6,駐車（輪）場,駐車（輪）場,20歳代,その他,施錠せず
窃盗,自転車盗,葺合,春日野,281107,兵庫県,神戸市中央区,脇浜町３丁目,20240801,5,駐車（輪）場,駐車（輪）場,20歳代,その他,施錠せず
窃盗,自転車盗,葺合,春日野,281107,兵庫県,神戸市中央区,脇浜町３丁目,20241105,12,駐車（輪）場,駐車（輪）場,20歳代,大学生,施錠した
窃盗,自転車盗,葺合,春日野,281107,兵庫県,神戸市中央区,脇浜町３丁目,20241106,17,駐車（輪）場,駐車（輪）場,法人・団体、被害者なし,法人・団体、被害者なし,施錠せず
窃盗,自転車盗,葺合,春日野,281107,兵庫県,神戸市中央区,脇浜町３丁目,20241224,21,その他,駐車（輪）場,20歳代,大学生,施錠せず
窃盗,自転車盗,葺合,春日野,281107,兵庫県,神戸市中央区,割塚通１丁目,20241002,8,道路上,その他,10歳代,高校生,施錠した
窃盗,自転車盗,葺合,春日野,281107,兵庫県,神戸市中央区,割塚通１丁目,20241202,8,道路上,その他,10歳代,高校生,施錠した
窃盗,自転車盗,生田,,,,,,不明,不明,道路上,その他,法人・団体、被害者なし,法人・団体、被害者なし,施錠せず
窃盗,自転車盗,生田,一宮,281107,兵庫県,神戸市中央区,加納町１丁目,20240416,10,駐車（輪）場,駐車（輪）場,40歳代,その他,施錠した
窃盗,自転車盗,生田,一宮,281107,兵庫県,神戸市中央区,加納町１丁目,20240910,11,駐車（輪）場,駐車（輪）場,40歳代,その他,施錠した
窃盗,自転車盗,生田,一宮,281107,兵庫県,神戸市中央区,加納町２丁目,20240111,7,駐車（輪）場,駐車（輪）場,20歳代,その他,施錠せず
窃盗,自転車盗,生田,一宮,281107,兵庫県,神戸市中央区,加納町２丁目,20240824,23,４階建て以上共同住宅,駐車（輪）場,30歳代,その他,施錠した
窃盗,自転車盗,生田,一宮,281107,兵庫県,神戸市中央区,加納町２丁目,20240907,12,４階建て以上共同住宅,駐車（輪）場,50歳代,その他,施錠せず
窃盗,自転車盗,生田,一宮,281107,兵庫県,神戸市中央区,加納町２丁目,20241010,13,４階建て以上共同住宅,駐車（輪）場,20歳代,その他,施錠した
窃盗,自転車盗,生田,一宮,281107,兵庫県,神戸市中央区,北野町１丁目,20231216,10,道路上,その他,10歳代,高校生,施錠せず
窃盗,自転車盗,生田,北野,281107,兵庫県,神戸市中央区,北野町３丁目,20240815,19,道路上,その他,20歳代,その他,施錠した
窃盗,自転車盗,生田,諏訪山,281107,兵庫県,神戸市中央区,中山手通,20240504,12,道路上,その他,10歳代,高校生,施錠せず
窃盗,自転車盗,生田,諏訪山,281107,兵庫県,神戸市中央区,中山手通４丁目,20240111,22,４階建て以上共同住宅,駐車（輪）場,40歳代,その他,施錠した
窃盗,自転車盗,生田,諏訪山,281107,兵庫県,神戸市中央区,中山手通４丁目,20240327,11,４階建て以上共同住宅,駐車（輪）場,30歳代,その他,施錠せず
窃盗,自転車盗,生田,諏訪山,281107,兵庫県,神戸市中央区,中山手通４丁目,20240707,20,４階建て以上共同住宅,駐車（輪）場,30歳代,その他,施錠した
窃盗,自転車盗,生田,諏訪山,281107,兵庫県,神戸市中央区,中山手通４丁目,20241024,21,４階建て以上共同住宅,駐車（輪）場,40歳代,その他,施錠した
窃盗,自転車盗,生田,諏訪山,281107,兵庫県,神戸市中央区,中山手通５丁目,20240514,23,その他の住宅（３階建て以下共同住宅等）,駐車（輪）場,50歳代,その他,施錠せず
窃盗,自転車盗,生田,生田前,281107,兵庫県,神戸市中央区,加納町２丁目,20240730,22,道路上,その他,40歳代,その他,施錠した
窃盗,自転車盗,生田,生田前,281107,兵庫県,神戸市中央区,加納町３丁目,20240810,17,道路上,その他,20歳代,その他,施錠した
窃盗,自転車盗,生田,生田前,281107,兵庫県,神戸市中央区,加納町３丁目,20240831,18,道路上,その他,50歳代,その他,施錠せず
窃盗,自転車盗,生田,生田前,281107,兵庫県,神戸市中央区,加納町３丁目,20241023,13,道路上,その他,30歳代,その他,施錠した
窃盗,自転車盗,生田,生田前,281107,兵庫県,神戸市中央区,加納町４丁目,20231227,23,道路上,その他,30歳代,その他,施錠した
窃盗,自転車盗,生田,生田前,281107,兵庫県,神戸市中央区,加納町４丁目,20240204,7,その他,駐車（輪）場,50歳代,その他,施錠した
窃盗,自転車盗,生田,生田前,281107,兵庫県,神戸市中央区,加納町４丁目,20240313,16,駐車（輪）場,駐車（輪）場,20歳代,大学生,施錠せず
窃盗,自転車盗,生田,生田前,281107,兵庫県,神戸市中央区,加納町４丁目,20240314,3,道路上,その他,10歳代,大学生,施錠せず
窃盗,自転車盗,生田,生田前,281107,兵庫県,神戸市中央区,加納町４丁目,20240419,17,道路上,その他,50歳代,その他,施錠した
窃盗,自転車盗,生田,生田前,281107,兵庫県,神戸市中央区,加納町４丁目,20240430,16,駐車（輪）場,駐車（輪）場,50歳代,その他,施錠した
窃盗,自転車盗,生田,生田前,281107,兵庫県,神戸市中央区,加納町４丁目,20240522,22,駐車（輪）場,駐車（輪）場,40歳代,その他,施錠した
窃盗,自転車盗,生田,生田前,281107,兵庫県,神戸市中央区,加納町４丁目,20240609,12,その他,駐車（輪）場,10歳代,高校生,施錠した
窃盗,自転車盗,生田,生田前,281107,兵庫県,神戸市中央区,加納町４丁目,20240804,19,道路上,その他,20歳代,大学生,施錠した
窃盗,自転車盗,生田,生田前,281107,兵庫県,神戸市中央区,加納町４丁目,20240817,16,その他,駐車（輪）場,20歳代,その他,施錠せず
窃盗,自転車盗,生田,生田前,281107,兵庫県,神戸市中央区,加納町４丁目,20240918,11,道路上,その他,20歳代,その他,施錠した
窃盗,自転車盗,生田,生田前,281107,兵庫県,神戸市中央区,加納町４丁目,20241004,17,駐車（輪）場,駐車（輪）場,10歳代,大学生,施錠せず
窃盗,自転車盗,生田,生田前,281107,兵庫県,神戸市中央区,加納町４丁目,20241128,17,道路上,その他,40歳代,その他,施錠した
窃盗,自転車盗,生田,生田前,281107,兵庫県,神戸市中央区,加納町４丁目,20241209,12,道路上,その他,40歳代,その他,施錠した
窃盗,自転車盗,生田,生田前,281107,兵庫県,神戸市中央区,北長狭通１丁目,20231228,5,道路上,その他,20歳代,その他,施錠した
窃盗,自転車盗,生田,生田前,281107,兵庫県,神戸市中央区,北長狭通１丁目,20231207,16,道路上,その他,20歳代,その他,施錠した
窃盗,自転車盗,生田,生田前,281107,兵庫県,神戸市中央区,北長狭通１丁目,20240201,22,道路上,その他,20歳代,その他,施錠せず
窃盗,自転車盗,生田,生田前,281107,兵庫県,神戸市中央区,北長狭通１丁目,20231124,12,道路上,その他,30歳代,その他,施錠せず
窃盗,自転車盗,生田,生田前,281107,兵庫県,神戸市中央区,北長狭通１丁目,20240405,8,道路上,その他,20歳代,その他,施錠した
窃盗,自転車盗,生田,生田前,281107,兵庫県,神戸市中央区,北長狭通１丁目,20240328,13,道路上,その他,40歳代,その他,施錠した
窃盗,自転車盗,生田,生田前,281107,兵庫県,神戸市中央区,北長狭通１丁目,20240527,9,道路上,その他,40歳代,その他,施錠せず
窃盗,自転車盗,生田,生田前,281107,兵庫県,神戸市中央区,北長狭通１丁目,20240602,11,道路上,その他,20歳代,その他,施錠せず
窃盗,自転車盗,生田,生田前,281107,兵庫県,神戸市中央区,北長狭通１丁目,20240617,7,道路上,その他,20歳代,その他,施錠した
窃盗,自転車盗,生田,生田前,281107,兵庫県,神戸市中央区,北長狭通１丁目,20240707,23,道路上,その他,20歳代,その他,施錠せず
窃盗,自転車盗,生田,生田前,281107,兵庫県,神戸市中央区,北長狭通１丁目,20231109,0,道路上,その他,40歳代,その他,施錠せず
窃盗,自転車盗,生田,生田前,281107,兵庫県,神戸市中央区,北長狭通１丁目,20240820,19,道路上,その他,40歳代,その他,施錠した
窃盗,自転車盗,生田,生田前,281107,兵庫県,神戸市中央区,北長狭通１丁目,20241030,20,道路上,その他,30歳代,その他,施錠した
窃盗,自転車盗,生田,生田前,281107,兵庫県,神戸市中央区,北長狭通２丁目,20240130,18,道路上,その他,20歳代,大学生,施錠した
窃盗,自転車盗,生田,生田前,281107,兵庫県,神戸市中央区,北長狭通２丁目,20240228,0,道路上,その他,20歳代,その他,施錠した
窃盗,自転車盗,生田,生田前,281107,兵庫県,神戸市中央区,北長狭通２丁目,20240415,20,道路上,その他,20歳代,その他,施錠した
窃盗,自転車盗,生田,生田前,281107,兵庫県,神戸市中央区,北長狭通２丁目,20240714,11,道路上,その他,20歳代,その他,施錠せず
窃盗,自転車盗,生田,生田前,281107,兵庫県,神戸市中央区,北長狭通２丁目,20241006,3,道路上,その他,10歳代,大学生,施錠した
窃盗,自転車盗,生田,生田前,281107,兵庫県,神戸市中央区,北長狭通２丁目,20241102,7,その他,その他,50歳代,その他,施錠せず
窃盗,自転車盗,生田,生田前,281107,兵庫県,神戸市中央区,北長狭通２丁目,20241025,18,その他,その他,20歳代,大学生,施錠せず
窃盗,自転車盗,生田,生田前,281107,兵庫県,神戸市中央区,東雲通６丁目,20241102,20,道路上,その他,20歳代,その他,施錠した
窃盗,自転車盗,生田,生田前,281107,兵庫県,神戸市中央区,下山手通１丁目,20240731,15,その他,その他,30歳代,その他,施錠した
窃盗,自転車盗,生田,生田前,281107,兵庫県,神戸市中央区,下山手通１丁目,20240820,15,道路上,その他,40歳代,その他,施錠した
窃盗,自転車盗,生田,生田前,281107,兵庫県,神戸市中央区,下山手通２丁目,20240113,11,道路上,その他,20歳代,その他,施錠せず
窃盗,自転車盗,生田,生田前,281107,兵庫県,神戸市中央区,下山手通２丁目,20240130,22,道路上,その他,20歳代,大学生,施錠せず
窃盗,自転車盗,生田,生田前,281107,兵庫県,神戸市中央区,下山手通２丁目,20240303,19,駐車（輪）場,駐車（輪）場,50歳代,その他,施錠した
窃盗,自転車盗,生田,生田前,281107,兵庫県,神戸市中央区,下山手通２丁目,20241030,0,道路上,その他,10歳代,その他,施錠した
窃盗,自転車盗,生田,生田前,281107,兵庫県,神戸市中央区,下山手通２丁目,20241102,18,道路上,その他,20歳代,その他,施錠した
窃盗,自転車盗,生田,生田前,281107,兵庫県,神戸市中央区,下山手通２丁目,20241106,4,道路上,その他,法人・団体、被害者なし,法人・団体、被害者なし,施錠せず
窃盗,自転車盗,生田,生田前,281107,兵庫県,神戸市中央区,中山手通１丁目,20240121,16,４階建て以上共同住宅,駐車（輪）場,50歳代,その他,施錠せず
窃盗,自転車盗,生田,生田前,281107,兵庫県,神戸市中央区,中山手通１丁目,20240226,8,その他,その他,20歳代,その他,施錠した
窃盗,自転車盗,生田,生田前,281107,兵庫県,神戸市中央区,中山手通１丁目,20240325,15,道路上,その他,40歳代,その他,施錠した
窃盗,自転車盗,生田,生田前,281107,兵庫県,神戸市中央区,中山手通１丁目,20240327,0,道路上,その他,20歳代,その他,施錠した
窃盗,自転車盗,生田,生田前,281107,兵庫県,神戸市中央区,中山手通１丁目,20240716,12,その他,その他,30歳代,その他,施錠せず
窃盗,自転車盗,生田,生田前,281107,兵庫県,神戸市中央区,中山手通１丁目,20240807,0,道路上,その他,20歳代,その他,施錠した
窃盗,自転車盗,生田,生田前,281107,兵庫県,神戸市中央区,中山手通１丁目,20240913,23,道路上,その他,40歳代,その他,施錠した
窃盗,自転車盗,生田,生田前,281107,兵庫県,神戸市中央区,中山手通１丁目,20240912,5,道路上,その他,20歳代,その他,施錠した
窃盗,自転車盗,生田,生田前,281107,兵庫県,神戸市中央区,中山手通１丁目,20241222,23,道路上,その他,20歳代,大学生,施錠した
窃盗,自転車盗,生田,生田前,281107,兵庫県,神戸市中央区,中山手通３丁目,20240329,9,道路上,その他,40歳代,その他,施錠した
窃盗,自転車盗,生田,生田前,281107,兵庫県,神戸市中央区,中山手通３丁目,20240904,17,４階建て以上共同住宅,駐車（輪）場,30歳代,その他,施錠した
窃盗,自転車盗,生田,生田前,281107,兵庫県,神戸市中央区,中山手通３丁目,20240909,23,道路上,その他,40歳代,その他,施錠せず
窃盗,自転車盗,生田,生田前,281107,兵庫県,神戸市中央区,中山手通３丁目,20240926,23,道路上,その他,20歳代,その他,施錠せず
窃盗,自転車盗,生田,京町,281107,兵庫県,神戸市中央区,海岸通,20241224,11,道路上,その他,50歳代,その他,施錠した
窃盗,自転車盗,生田,京町,281107,兵庫県,神戸市中央区,加納町６丁目,20240323,17,道路上,その他,20歳代,大学生,施錠せず
窃盗,自転車盗,生田,京町,281107,兵庫県,神戸市中央区,加納町６丁目,20240418,8,駐車（輪）場,駐車（輪）場,30歳代,その他,施錠した
窃盗,自転車盗,生田,京町,281107,兵庫県,神戸市中央区,北長狭通３丁目,20240910,9,駐車（輪）場,駐車（輪）場,40歳代,その他,施錠せず
窃盗,自転車盗,生田,京町,281107,兵庫県,神戸市中央区,三宮町,20240624,11,その他,駐車（輪）場,40歳代,その他,施錠した
窃盗,自転車盗,生田,京町,281107,兵庫県,神戸市中央区,三宮町１丁目,20240204,19,道路上,その他,40歳代,その他,施錠せず
窃盗,自転車盗,生田,京町,281107,兵庫県,神戸市中央区,三宮町１丁目,20240313,17,駐車（輪）場,駐車（輪）場,10歳代,中学生,施錠せず
窃盗,自転車盗,生田,京町,281107,兵庫県,神戸市中央区,三宮町１丁目,20240427,17,道路上,その他,30歳代,その他,施錠した
窃盗,自転車盗,生田,京町,281107,兵庫県,神戸市中央区,三宮町１丁目,20240511,15,駐車（輪）場,駐車（輪）場,20歳代,その他,施錠した
窃盗,自転車盗,生田,京町,281107,兵庫県,神戸市中央区,三宮町１丁目,20240603,7,道路上,その他,20歳代,その他,施錠せず
窃盗,自転車盗,生田,京町,281107,兵庫県,神戸市中央区,三宮町１丁目,20240723,8,駐車（輪）場,駐車（輪）場,40歳代,その他,施錠せず
窃盗,自転車盗,生田,京町,281107,兵庫県,神戸市中央区,三宮町１丁目,20240810,9,駐車（輪）場,駐車（輪）場,40歳代,その他,施錠せず
窃盗,自転車盗,生田,京町,281107,兵庫県,神戸市中央区,三宮町１丁目,20240826,18,駐車（輪）場,駐車（輪）場,30歳代,その他,施錠せず
窃盗,自転車盗,生田,京町,281107,兵庫県,神戸市中央区,三宮町１丁目,20241018,19,道路上,その他,20歳代,その他,施錠した
窃盗,自転車盗,生田,京町,281107,兵庫県,神戸市中央区,三宮町１丁目,20241023,17,道路上,その他,30歳代,その他,施錠した
窃盗,自転車盗,生田,京町,281107,兵庫県,神戸市中央区,三宮町１丁目,20241103,16,道路上,その他,40歳代,その他,施錠せず
窃盗,自転車盗,生田,京町,281107,兵庫県,神戸市中央区,三宮町１丁目,20241117,16,道路上,その他,20歳代,その他,施錠した
窃盗,自転車盗,生田,京町,281107,兵庫県,神戸市中央区,三宮町１丁目,20241204,19,駐車（輪）場,駐車（輪）場,10歳代,中学生,施錠せず
窃盗,自転車盗,生田,京町,281107,兵庫県,神戸市中央区,三宮町２丁目,20240326,18,道路上,その他,20歳代,その他,施錠せず
窃盗,自転車盗,生田,京町,281107,兵庫県,神戸市中央区,三宮町２丁目,20240430,16,駐車（輪）場,駐車（輪）場,10歳代,中学生,施錠せず
窃盗,自転車盗,生田,京町,281107,兵庫県,神戸市中央区,三宮町２丁目,20240607,10,その他,その他,20歳代,その他,施錠せず
窃盗,自転車盗,生田,京町,281107,兵庫県,神戸市中央区,三宮町２丁目,20240613,7,駐車（輪）場,駐車（輪）場,30歳代,その他,施錠せず
窃盗,自転車盗,生田,京町,281107,兵庫県,神戸市中央区,三宮町２丁目,20240509,16,道路上,その他,10歳代,高校生,施錠した
窃盗,自転車盗,生田,京町,281107,兵庫県,神戸市中央区,三宮町２丁目,20240729,12,道路上,その他,40歳代,その他,施錠せず
窃盗,自転車盗,生田,京町,281107,兵庫県,神戸市中央区,三宮町２丁目,20240806,15,道路上,その他,20歳代,その他,施錠せず
窃盗,自転車盗,生田,京町,281107,兵庫県,神戸市中央区,三宮町２丁目,20240818,17,駐車（輪）場,駐車（輪）場,10歳代,中学生,施錠せず
窃盗,自転車盗,生田,京町,281107,兵庫県,神戸市中央区,三宮町２丁目,20240928,9,駐車（輪）場,駐車（輪）場,30歳代,その他,施錠せず
窃盗,自転車盗,生田,京町,281107,兵庫県,神戸市中央区,三宮町３丁目,20240705,10,道路上,その他,40歳代,その他,施錠した
窃盗,自転車盗,生田,京町,281107,兵庫県,神戸市中央区,三宮町３丁目,20241019,18,道路上,その他,50歳代,その他,施錠せず
窃盗,自転車盗,生田,京町,281107,兵庫県,神戸市中央区,浪花町,20241012,9,駐車（輪）場,駐車（輪）場,20歳代,その他,施錠せず
窃盗,自転車盗,生田,京町,281107,兵庫県,神戸市中央区,播磨町,20240214,4,道路上,その他,40歳代,その他,施錠した
窃盗,自転車盗,生田,元町駅,281107,兵庫県,神戸市中央区,北長狭通３丁目,20240121,19,道路上,その他,50歳代,その他,施錠せず
窃盗,自転車盗,生田,元町駅,281107,兵庫県,神戸市中央区,北長狭通３丁目,20240321,11,道路上,その他,30歳代,その他,施錠した
窃盗,自転車盗,生田,元町駅,281107,兵庫県,神戸市中央区,北長狭通３丁目,20240920,18,道路上,その他,10歳代,小学生,施錠せず
窃盗,自転車盗,生田,元町駅,281107,兵庫県,神戸市中央区,北長狭通３丁目,20241021,11,道路上,その他,65-69歳,その他,施錠した
窃盗,自転車盗,生田,元町駅,281107,兵庫県,神戸市中央区,北長狭通３丁目,20241212,9,その他,駐車（輪）場,20歳代,その他,施錠せず
窃盗,自転車盗,生田,元町駅,281107,兵庫県,神戸市中央区,北長狭通４丁目,20240327,8,駐車（輪）場,駐車（輪）場,20歳代,その他,施錠せず
窃盗,自転車盗,生田,元町駅,281107,兵庫県,神戸市中央区,下山手通３丁目,20240116,20,道路上,その他,30歳代,その他,施錠した
窃盗,自転車盗,生田,元町駅,281107,兵庫県,神戸市中央区,下山手通３丁目,20240406,10,道路上,その他,20歳代,その他,施錠した
窃盗,自転車盗,生田,元町駅,281107,兵庫県,神戸市中央区,下山手通３丁目,20240524,19,４階建て以上共同住宅,駐車（輪）場,10歳代,高校生,施錠した
窃盗,自転車盗,生田,元町駅,281107,兵庫県,神戸市中央区,下山手通３丁目,20240704,10,道路上,その他,20歳代,その他,施錠した
窃盗,自転車盗,生田,元町駅,281107,兵庫県,神戸市中央区,下山手通３丁目,20241207,16,道路上,その他,20歳代,大学生,施錠した
窃盗,自転車盗,生田,元町駅,281107,兵庫県,神戸市中央区,下山手通３丁目,20241214,21,道路上,その他,20歳代,その他,施錠せず
窃盗,自転車盗,生田,元町駅,281107,兵庫県,神戸市中央区,下山手通４丁目,20240828,19,４階建て以上共同住宅,駐車（輪）場,20歳代,その他,施錠した
窃盗,自転車盗,生田,元町駅,281107,兵庫県,神戸市中央区,下山手通４丁目,20240913,16,４階建て以上共同住宅,駐車（輪）場,30歳代,その他,施錠せず
窃盗,自転車盗,生田,元町駅,281107,兵庫県,神戸市中央区,下山手通４丁目,20241019,18,道路上,その他,30歳代,その他,施錠した
窃盗,自転車盗,生田,元町駅,281107,兵庫県,神戸市中央区,中山手通３丁目,20241205,16,４階建て以上共同住宅,駐車（輪）場,10歳代,その他,施錠せず
窃盗,自転車盗,生田,元町駅,281107,兵庫県,神戸市中央区,東川崎町１丁目,20240805,16,駐車（輪）場,駐車（輪）場,20歳代,大学生,施錠せず
窃盗,自転車盗,生田,元町駅,281107,兵庫県,神戸市中央区,東川崎町１丁目,20240816,9,その他,駐車（輪）場,20歳代,その他,施錠した
窃盗,自転車盗,生田,元町駅,281107,兵庫県,神戸市中央区,元町高架通,20240110,8,駐車（輪）場,駐車（輪）場,20歳代,その他,施錠した
窃盗,自転車盗,生田,元町駅,281107,兵庫県,神戸市中央区,元町高架通,20240204,19,駐車（輪）場,駐車（輪）場,40歳代,その他,施錠した
窃盗,自転車盗,生田,元町駅,281107,兵庫県,神戸市中央区,元町高架通,20240312,15,駐車（輪）場,駐車（輪）場,30歳代,その他,施錠した
窃盗,自転車盗,生田,元町駅,281107,兵庫県,神戸市中央区,元町高架通,20240425,10,その他,駐車（輪）場,20歳代,その他,施錠せず
窃盗,自転車盗,生田,元町駅,281107,兵庫県,神戸市中央区,元町高架通,20240510,10,駐車（輪）場,駐車（輪）場,40歳代,その他,施錠した
窃盗,自転車盗,生田,元町駅,281107,兵庫県,神戸市中央区,元町高架通,20240528,17,駐車（輪）場,駐車（輪）場,50歳代,その他,施錠した
窃盗,自転車盗,生田,元町駅,281107,兵庫県,神戸市中央区,元町高架通,20240607,9,駐車（輪）場,駐車（輪）場,30歳代,その他,施錠せず
窃盗,自転車盗,生田,元町駅,281107,兵庫県,神戸市中央区,元町高架通,20240801,1,その他,駐車（輪）場,20歳代,その他,施錠せず
窃盗,自転車盗,生田,元町駅,281107,兵庫県,神戸市中央区,元町高架通,20241015,9,その他,駐車（輪）場,20歳代,その他,施錠した
窃盗,自転車盗,生田,元町駅,281107,兵庫県,神戸市中央区,元町高架通,20241102,2,駐車（輪）場,駐車（輪）場,20歳代,その他,施錠した
窃盗,自転車盗,生田,元町駅,281107,兵庫県,神戸市中央区,元町高架通,20241031,8,駐車（輪）場,駐車（輪）場,30歳代,その他,施錠した
窃盗,自転車盗,生田,元町駅,281107,兵庫県,神戸市中央区,元町通１丁目,20240525,22,道路上,その他,20歳代,その他,施錠せず
窃盗,自転車盗,生田,元町駅,281107,兵庫県,神戸市中央区,元町通１丁目,20240606,22,その他,その他,30歳代,その他,施錠した
窃盗,自転車盗,生田,元町駅,281107,兵庫県,神戸市中央区,元町通１丁目,20240721,14,道路上,その他,20歳代,その他,施錠せず
窃盗,自転車盗,生田,元町駅,281107,兵庫県,神戸市中央区,元町通１丁目,20240801,17,道路上,その他,40歳代,その他,施錠した
窃盗,自転車盗,生田,元町駅,281107,兵庫県,神戸市中央区,元町通１丁目,20241223,20,道路上,その他,20歳代,その他,施錠せず
窃盗,自転車盗,生田,元町駅,281107,兵庫県,神戸市中央区,元町通２丁目,20240405,0,道路上,その他,30歳代,その他,施錠した
窃盗,自転車盗,生田,元町駅,281107,兵庫県,神戸市中央区,元町通２丁目,20240511,15,その他,その他,65-69歳,その他,施錠せず
窃盗,自転車盗,生田,元町駅,281107,兵庫県,神戸市中央区,元町通２丁目,20240724,8,駐車（輪）場,駐車（輪）場,30歳代,その他,施錠した
窃盗,自転車盗,生田,元町駅,281107,兵庫県,神戸市中央区,元町通２丁目,20241122,8,駐車（輪）場,駐車（輪）場,40歳代,その他,施錠した
窃盗,自転車盗,生田,元町駅,281107,兵庫県,神戸市中央区,元町通３丁目,20241211,14,駐車（輪）場,駐車（輪）場,20歳代,その他,施錠せず
窃盗,自転車盗,生田,元町通,281107,兵庫県,神戸市中央区,海岸通,20240719,8,駐車（輪）場,駐車（輪）場,20歳代,その他,施錠せず
窃盗,自転車盗,生田,元町通,281107,兵庫県,神戸市中央区,海岸通４丁目,20240726,15,４階建て以上共同住宅,駐車（輪）場,20歳代,大学生,施錠した
窃盗,自転車盗,生田,元町通,281107,兵庫県,神戸市中央区,海岸通４丁目,20240904,18,４階建て以上共同住宅,駐車（輪）場,20歳代,大学生,施錠せず
窃盗,自転車盗,生田,元町通,281107,兵庫県,神戸市中央区,栄町通３丁目,20240418,18,道路上,その他,40歳代,その他,施錠せず
窃盗,自転車盗,生田,元町通,281107,兵庫県,神戸市中央区,栄町通３丁目,20241121,18,道路上,その他,20歳代,その他,施錠せず
窃盗,自転車盗,生田,元町通,281107,兵庫県,神戸市中央区,栄町通３丁目,20241229,17,その他,駐車（輪）場,20歳代,その他,施錠せず
窃盗,自転車盗,生田,元町通,281107,兵庫県,神戸市中央区,栄町通５丁目,20240721,23,４階建て以上共同住宅,駐車（輪）場,40歳代,その他,施錠した
窃盗,自転車盗,生田,元町通,281107,兵庫県,神戸市中央区,元町高架通,20240507,6,その他,駐車（輪）場,40歳代,その他,施錠せず
窃盗,自転車盗,生田,元町通,281107,兵庫県,神戸市中央区,元町通２丁目,20240524,13,道路上,その他,65-69歳,その他,施錠した
窃盗,自転車盗,生田,元町通,281107,兵庫県,神戸市中央区,元町通２丁目,20240813,11,道路上,その他,40歳代,その他,施錠せず
窃盗,自転車盗,生田,元町通,281107,兵庫県,神戸市中央区,元町通３丁目,20240226,0,道路上,その他,20歳代,その他,施錠せず
窃盗,自転車盗,生田,元町通,281107,兵庫県,神戸市中央区,元町通３丁目,20240608,8,駐車（輪）場,駐車（輪）場,40歳代,その他,施錠した
窃盗,自転車盗,生田,元町通,281107,兵庫県,神戸市中央区,元町通３丁目,20240802,20,４階建て以上共同住宅,駐車（輪）場,20歳代,その他,施錠した
窃盗,自転車盗,生田,元町通,281107,兵庫県,神戸市中央区,元町通３丁目,20240910,13,駐車（輪）場,駐車（輪）場,50歳代,その他,施錠した
窃盗,自転車盗,生田,元町通,281107,兵庫県,神戸市中央区,元町通３丁目,20241119,21,道路上,その他,20歳代,その他,施錠せず
窃盗,自転車盗,生田,元町通,281107,兵庫県,神戸市中央区,元町通３丁目,20241001,7,４階建て以上共同住宅,駐車（輪）場,60-64歳,その他,施錠した
窃盗,自転車盗,生田,元町通,281107,兵庫県,神戸市中央区,元町通４丁目,20240206,0,道路上,その他,20歳代,大学生,施錠した
窃盗,自転車盗,生田,元町通,281107,兵庫県,神戸市中央区,元町通４丁目,20240916,22,道路上,その他,30歳代,その他,施錠せず
窃盗,自転車盗,生田,元町通,281107,兵庫県,神戸市中央区,元町通５丁目,20240526,13,駐車（輪）場,駐車（輪）場,30歳代,その他,施錠せず
窃盗,自転車盗,生田,元町通,281107,兵庫県,神戸市中央区,元町通５丁目,20241102,0,４階建て以上共同住宅,駐車（輪）場,20歳代,その他,施錠した
窃盗,自転車盗,生田,元町通,281107,兵庫県,神戸市中央区,元町通６丁目,20240129,8,道路上,その他,20歳代,その他,施錠せず
窃盗,自転車盗,生田,元町通,281107,兵庫県,神戸市中央区,元町通６丁目,20240207,2,道路上,その他,20歳代,その他,施錠した
窃盗,自転車盗,生田,元町通,281107,兵庫県,神戸市中央区,元町通６丁目,20240402,15,その他,その他,20歳代,その他,施錠せず
窃盗,自転車盗,生田,下山手,281107,兵庫県,神戸市中央区,北長狭通５丁目,20240515,0,道路上,その他,20歳代,その他,施錠せず
窃盗,自転車盗,生田,下山手,281107,兵庫県,神戸市中央区,北長狭通５丁目,20240917,3,その他,駐車（輪）場,20歳代,その他,施錠せず
窃盗,自転車盗,生田,下山手,281107,兵庫県,神戸市中央区,北長狭通６丁目,20240229,9,その他,駐車（輪）場,20歳代,その他,施錠した
窃盗,自転車盗,生田,下山手,281107,兵庫県,神戸市中央区,北長狭通６丁目,20240707,12,４階建て以上共同住宅,駐車（輪）場,20歳代,その他,施錠せず
窃盗,自転車盗,生田,下山手,281107,兵庫県,神戸市中央区,北長狭通６丁目,20240821,11,駐車（輪）場,駐車（輪）場,10歳代,高校生,施錠せず
窃盗,自転車盗,生田,下山手,281107,兵庫県,神戸市中央区,下山手通５丁目,20240321,19,道路上,その他,10歳代,中学生,施錠せず
窃盗,自転車盗,生田,下山手,281107,兵庫県,神戸市中央区,下山手通５丁目,20240601,12,４階建て以上共同住宅,駐車（輪）場,10歳代,その他,施錠せず
窃盗,自転車盗,生田,下山手,281107,兵庫県,神戸市中央区,下山手通５丁目,20240707,23,道路上,その他,10歳代,その他,施錠せず
窃盗,自転車盗,生田,下山手,281107,兵庫県,神戸市中央区,下山手通５丁目,20240714,22,４階建て以上共同住宅,駐車（輪）場,10歳代,大学生,施錠せず
窃盗,自転車盗,生田,下山手,281107,兵庫県,神戸市中央区,下山手通７丁目,20231210,20,駐車（輪）場,駐車（輪）場,40歳代,その他,施錠せず
窃盗,自転車盗,生田,下山手,281107,兵庫県,神戸市中央区,下山手通７丁目,20240417,15,道路上,その他,20歳代,その他,施錠した
窃盗,自転車盗,生田,下山手,281107,兵庫県,神戸市中央区,下山手通７丁目,20240610,19,４階建て以上共同住宅,駐車（輪）場,20歳代,その他,施錠した
窃盗,自転車盗,生田,下山手,281107,兵庫県,神戸市中央区,下山手通７丁目,20240826,21,４階建て以上共同住宅,駐車（輪）場,20歳代,その他,施錠した
窃盗,自転車盗,生田,下山手,281107,兵庫県,神戸市中央区,下山手通７丁目,20240830,18,駐車（輪）場,駐車（輪）場,20歳代,その他,施錠せず
窃盗,自転車盗,生田,下山手,281107,兵庫県,神戸市中央区,下山手通７丁目,20240904,23,道路上,その他,20歳代,その他,施錠せず
窃盗,自転車盗,生田,下山手,281107,兵庫県,神戸市中央区,下山手通７丁目,20241112,11,駐車（輪）場,駐車（輪）場,50歳代,その他,施錠せず
窃盗,自転車盗,生田,下山手,281107,兵庫県,神戸市中央区,下山手通７丁目,20241108,22,４階建て以上共同住宅,駐車（輪）場,30歳代,その他,施錠せず
窃盗,自転車盗,生田,下山手,281107,兵庫県,神戸市中央区,下山手通７丁目,20241208,23,駐車（輪）場,駐車（輪）場,20歳代,その他,施錠した
窃盗,自転車盗,生田,下山手,281107,兵庫県,神戸市中央区,中山手通７丁目,20240620,16,道路上,その他,70歳以上,その他,施錠せず
窃盗,自転車盗,生田,下山手,281107,兵庫県,神戸市中央区,花隈町,20240119,8,道路上,その他,10歳代,中学生,施錠した
窃盗,自転車盗,生田,下山手,281107,兵庫県,神戸市中央区,花隈町,20240322,1,４階建て以上共同住宅,駐車（輪）場,20歳代,その他,施錠せず
窃盗,自転車盗,生田,下山手,281107,兵庫県,神戸市中央区,花隈町,20240416,16,４階建て以上共同住宅,駐車（輪）場,20歳代,その他,施錠せず
窃盗,自転車盗,生田,下山手,281107,兵庫県,神戸市中央区,花隈町,20240426,7,その他,駐車（輪）場,20歳代,その他,施錠せず
窃盗,自転車盗,生田,下山手,281107,兵庫県,神戸市中央区,花隈町,20240507,13,４階建て以上共同住宅,駐車（輪）場,20歳代,その他,施錠した
窃盗,自転車盗,生田,下山手,281107,兵庫県,神戸市中央区,花隈町,20240731,17,道路上,その他,40歳代,その他,施錠した
窃盗,自転車盗,生田,下山手,281107,兵庫県,神戸市中央区,花隈町,20240810,1,駐車（輪）場,駐車（輪）場,20歳代,その他,施錠せず
窃盗,自転車盗,生田,下山手,281107,兵庫県,神戸市中央区,花隈町,20241010,20,その他の住宅（３階建て以下共同住宅等）,駐車（輪）場,65-69歳,その他,施錠した
窃盗,自転車盗,生田,下山手,281107,兵庫県,神戸市中央区,花隈町,20241105,18,道路上,その他,10歳代,高校生,施錠せず
窃盗,自転車盗,生田,下山手,281107,兵庫県,神戸市中央区,花隈町,20241106,10,４階建て以上共同住宅,駐車（輪）場,40歳代,その他,施錠した
窃盗,自転車盗,生田,大倉山,281107,兵庫県,神戸市中央区,北長狭通７丁目,20240720,17,４階建て以上共同住宅,駐車（輪）場,30歳代,その他,施錠せず
窃盗,自転車盗,生田,大倉山,281107,兵庫県,神戸市中央区,北長狭通８丁目,20240210,18,４階建て以上共同住宅,駐車（輪）場,30歳代,その他,施錠した
窃盗,自転車盗,生田,大倉山,281107,兵庫県,神戸市中央区,北長狭通８丁目,20240408,12,駐車（輪）場,駐車（輪）場,20歳代,その他,施錠せず
窃盗,自転車盗,生田,大倉山,281107,兵庫県,神戸市中央区,楠町１丁目,20230101,3,道路上,その他,70歳以上,その他,施錠せず
窃盗,自転車盗,生田,大倉山,281107,兵庫県,神戸市中央区,楠町１丁目,20240214,9,駐車（輪）場,駐車（輪）場,20歳代,その他,施錠せず
窃盗,自転車盗,生田,大倉山,281107,兵庫県,神戸市中央区,楠町１丁目,20240617,9,その他,駐車（輪）場,20歳代,その他,施錠した
窃盗,自転車盗,生田,大倉山,281107,兵庫県,神戸市中央区,楠町１丁目,20241018,9,その他,駐車（輪）場,20歳代,その他,施錠せず
窃盗,自転車盗,生田,大倉山,281107,兵庫県,神戸市中央区,楠町２丁目,20241129,7,道路上,その他,30歳代,その他,施錠した
窃盗,自転車盗,生田,大倉山,281107,兵庫県,神戸市中央区,楠町３丁目,20240125,13,道路上,その他,30歳代,その他,施錠した
窃盗,自転車盗,生田,大倉山,281107,兵庫県,神戸市中央区,楠町５丁目,20231230,0,一戸建住宅,駐車（輪）場,40歳代,その他,施錠せず
窃盗,自転車盗,生田,大倉山,281107,兵庫県,神戸市中央区,楠町６丁目,20240208,9,駐車（輪）場,駐車（輪）場,30歳代,その他,施錠した
窃盗,自転車盗,生田,大倉山,281107,兵庫県,神戸市中央区,楠町６丁目,20240216,21,４階建て以上共同住宅,駐車（輪）場,20歳代,大学生,施錠した
窃盗,自転車盗,生田,大倉山,281107,兵庫県,神戸市中央区,楠町６丁目,20240718,12,その他,駐車（輪）場,20歳代,大学生,施錠せず
窃盗,自転車盗,生田,大倉山,281107,兵庫県,神戸市中央区,楠町７丁目,20240126,20,その他,駐車（輪）場,20歳代,その他,施錠した
窃盗,自転車盗,生田,大倉山,281107,兵庫県,神戸市中央区,楠町７丁目,20230608,7,その他,駐車（輪）場,30歳代,その他,施錠した
窃盗,自転車盗,生田,大倉山,281107,兵庫県,神戸市中央区,楠町７丁目,20240416,7,駐車（輪）場,駐車（輪）場,10歳代,中学生,施錠せず
窃盗,自転車盗,生田,大倉山,281107,兵庫県,神戸市中央区,楠町７丁目,20241101,7,道路上,その他,20歳代,その他,施錠した
窃盗,自転車盗,生田,大倉山,281107,兵庫県,神戸市中央区,楠町７丁目,20241221,12,その他,駐車（輪）場,30歳代,その他,施錠せず
窃盗,自転車盗,生田,大倉山,281107,兵庫県,神戸市中央区,楠町８丁目,20240701,12,駐車（輪）場,駐車（輪）場,20歳代,その他,施錠せず
窃盗,自転車盗,生田,大倉山,281107,兵庫県,神戸市中央区,下山手通８丁目,20240428,14,４階建て以上共同住宅,その他,20歳代,その他,施錠せず
窃盗,自転車盗,生田,大倉山,281107,兵庫県,神戸市中央区,下山手通８丁目,20241015,21,道路上,その他,40歳代,その他,施錠した
窃盗,自転車盗,生田,大倉山,281107,兵庫県,神戸市中央区,下山手通９丁目,20240112,17,４階建て以上共同住宅,駐車（輪）場,20歳代,その他,施錠せず
窃盗,自転車盗,生田,大倉山,281107,兵庫県,神戸市中央区,多聞通１丁目,20240212,0,道路上,その他,30歳代,その他,施錠せず
窃盗,自転車盗,生田,大倉山,281107,兵庫県,神戸市中央区,多聞通１丁目,20240321,18,道路上,その他,20歳代,その他,施錠した
窃盗,自転車盗,生田,大倉山,281107,兵庫県,神戸市中央区,多聞通１丁目,20240906,17,道路上,その他,20歳代,その他,施錠した
窃盗,自転車盗,生田,大倉山,281107,兵庫県,神戸市中央区,多聞通１丁目,20240822,19,道路上,その他,20歳代,その他,施錠せず
窃盗,自転車盗,生田,大倉山,281107,兵庫県,神戸市中央区,多聞通２丁目,20240228,8,その他,駐車（輪）場,20歳代,その他,施錠した
窃盗,自転車盗,生田,大倉山,281107,兵庫県,神戸市中央区,多聞通２丁目,20241010,7,その他,駐車（輪）場,10歳代,高校生,施錠せず
窃盗,自転車盗,生田,大倉山,281107,兵庫県,神戸市中央区,多聞通４丁目,20240610,14,道路上,その他,60-64歳,その他,施錠した
窃盗,自転車盗,生田,大倉山,281107,兵庫県,神戸市中央区,多聞通５丁目,不明,不明,道路上,その他,法人・団体、被害者なし,法人・団体、被害者なし,施錠せず
窃盗,自転車盗,生田,大倉山,281107,兵庫県,神戸市中央区,中山手通８丁目,20240819,1,道路上,その他,50歳代,その他,施錠した
窃盗,自転車盗,生田,大倉山,281107,兵庫県,神戸市中央区,花隈町,20241005,15,道路上,その他,20歳代,その他,施錠した
窃盗,自転車盗,生田,デュオこうべ,281107,兵庫県,神戸市中央区,相生町１丁目,20241103,18,その他,駐車（輪）場,20歳代,その他,施錠せず
窃盗,自転車盗,生田,デュオこうべ,281107,兵庫県,神戸市中央区,相生町２丁目,20240129,7,その他,駐車（輪）場,10歳代,高校生,施錠した
窃盗,自転車盗,生田,デュオこうべ,281107,兵庫県,神戸市中央区,相生町２丁目,20240228,9,駐車（輪）場,駐車（輪）場,40歳代,その他,施錠した
窃盗,自転車盗,生田,デュオこうべ,281107,兵庫県,神戸市中央区,相生町２丁目,20240221,21,その他,駐車（輪）場,30歳代,その他,施錠した
窃盗,自転車盗,生田,デュオこうべ,281107,兵庫県,神戸市中央区,相生町２丁目,20240518,23,駐車（輪）場,駐車（輪）場,50歳代,その他,施錠せず
窃盗,自転車盗,生田,デュオこうべ,281107,兵庫県,神戸市中央区,相生町２丁目,20240301,不明,駐車（輪）場,駐車（輪）場,50歳代,その他,施錠した
窃盗,自転車盗,生田,デュオこうべ,281107,兵庫県,神戸市中央区,相生町２丁目,20240806,8,駐車（輪）場,駐車（輪）場,40歳代,その他,施錠した
窃盗,自転車盗,生田,デュオこうべ,281107,兵庫県,神戸市中央区,相生町２丁目,20241226,11,駐車（輪）場,駐車（輪）場,20歳代,その他,施錠せず
窃盗,自転車盗,生田,デュオこうべ,281107,兵庫県,神戸市中央区,相生町３丁目,20231228,5,駐車（輪）場,駐車（輪）場,20歳代,その他,施錠した
窃盗,自転車盗,生田,デュオこうべ,281107,兵庫県,神戸市中央区,相生町３丁目,20240601,21,その他,駐車（輪）場,20歳代,その他,施錠した
窃盗,自転車盗,生田,デュオこうべ,281107,兵庫県,神戸市中央区,相生町３丁目,20240819,16,その他,駐車（輪）場,40歳代,その他,施錠せず
窃盗,自転車盗,生田,デュオこうべ,281107,兵庫県,神戸市中央区,相生町３丁目,20240819,7,駐車（輪）場,駐車（輪）場,20歳代,その他,施錠した
窃盗,自転車盗,生田,デュオこうべ,281107,兵庫県,神戸市中央区,相生町３丁目,20240915,12,その他,駐車（輪）場,10歳代,中学生,施錠せず
窃盗,自転車盗,生田,デュオこうべ,281107,兵庫県,神戸市中央区,相生町３丁目,20241103,11,駐車（輪）場,駐車（輪）場,20歳代,その他,施錠せず
窃盗,自転車盗,生田,デュオこうべ,281107,兵庫県,神戸市中央区,相生町４丁目,20240203,1,道路上,その他,30歳代,その他,施錠した
窃盗,自転車盗,生田,デュオこうべ,281107,兵庫県,神戸市中央区,相生町４丁目,20240319,9,道路上,その他,70歳以上,その他,施錠した
窃盗,自転車盗,生田,デュオこうべ,281107,兵庫県,神戸市中央区,相生町４丁目,20240626,6,駐車（輪）場,駐車（輪）場,30歳代,その他,施錠した
窃盗,自転車盗,生田,デュオこうべ,281107,兵庫県,神戸市中央区,相生町４丁目,20240923,18,駐車（輪）場,駐車（輪）場,40歳代,その他,施錠せず
窃盗,自転車盗,生田,デュオこうべ,281107,兵庫県,神戸市中央区,相生町４丁目,20240920,19,駐車（輪）場,駐車（輪）場,40歳代,その他,施錠せず
窃盗,自転車盗,生田,デュオこうべ,281107,兵庫県,神戸市中央区,相生町４丁目,20241106,21,道路上,その他,40歳代,その他,施錠した
窃盗,自転車盗,生田,デュオこうべ,281107,兵庫県,神戸市中央区,相生町４丁目,20241128,6,道路上,その他,20歳代,その他,施錠した
窃盗,自転車盗,生田,デュオこうべ,281107,兵庫県,神戸市中央区,多聞通３丁目,20240217,9,道路上,その他,40歳代,その他,施錠せず
窃盗,自転車盗,生田,デュオこうべ,281107,兵庫県,神戸市中央区,多聞通３丁目,20240214,19,道路上,その他,40歳代,その他,施錠した
窃盗,自転車盗,生田,デュオこうべ,281107,兵庫県,神戸市中央区,多聞通３丁目,20240828,12,道路上,その他,10歳代,大学生,施錠した
窃盗,自転車盗,生田,デュオこうべ,281107,兵庫県,神戸市中央区,多聞通３丁目,20240927,17,道路上,その他,10歳代,高校生,施錠せず
窃盗,自転車盗,生田,デュオこうべ,281107,兵庫県,神戸市中央区,中町通２丁目,20231228,6,駐車（輪）場,駐車（輪）場,10歳代,中学生,施錠した
窃盗,自転車盗,生田,デュオこうべ,281107,兵庫県,神戸市中央区,中町通２丁目,20240225,0,道路上,その他,20歳代,大学生,施錠せず
窃盗,自転車盗,生田,デュオこうべ,281107,兵庫県,神戸市中央区,中町通２丁目,20240226,19,駐車（輪）場,駐車（輪）場,70歳以上,その他,施錠した
窃盗,自転車盗,生田,デュオこうべ,281107,兵庫県,神戸市中央区,中町通２丁目,20240909,16,道路上,その他,20歳代,その他,施錠した
窃盗,自転車盗,生田,デュオこうべ,281107,兵庫県,神戸市中央区,中町通３丁目,20231213,22,その他,駐車（輪）場,20歳代,その他,施錠した
窃盗,自転車盗,生田,デュオこうべ,281107,兵庫県,神戸市中央区,中町通３丁目,20240214,12,その他,その他,30歳代,その他,施錠した
窃盗,自転車盗,生田,デュオこうべ,281107,兵庫県,神戸市中央区,中町通４丁目,20241205,17,道路上,その他,10歳代,小学生,施錠せず
窃盗,自転車盗,生田,デュオこうべ,281107,兵庫県,神戸市中央区,東川崎町１丁目,20240416,12,道路上,その他,20歳代,大学生,施錠した
窃盗,自転車盗,生田,デュオこうべ,281107,兵庫県,神戸市中央区,東川崎町１丁目,20240118,18,駐車（輪）場,駐車（輪）場,30歳代,その他,施錠した
窃盗,自転車盗,生田,デュオこうべ,281107,兵庫県,神戸市中央区,東川崎町１丁目,20240801,8,道路上,その他,20歳代,その他,施錠せず
窃盗,自転車盗,生田,デュオこうべ,281107,兵庫県,神戸市中央区,東川崎町１丁目,20240802,8,その他,駐車（輪）場,20歳代,その他,施錠せず
窃盗,自転車盗,生田,デュオこうべ,281107,兵庫県,神戸市中央区,東川崎町１丁目,20241010,18,その他,駐車（輪）場,40歳代,その他,施錠せず
窃盗,自転車盗,生田,ハーバーランド,281107,兵庫県,神戸市中央区,相生町２丁目,20240301,18,その他,駐車（輪）場,20歳代,その他,施錠した
窃盗,自転車盗,生田,ハーバーランド,281107,兵庫県,神戸市中央区,相生町５丁目,20241012,17,道路上,その他,10歳代,大学生,施錠せず
窃盗,自転車盗,生田,ハーバーランド,281107,兵庫県,神戸市中央区,相生町５丁目,20241025,18,道路上,その他,40歳代,その他,施錠せず
窃盗,自転車盗,生田,ハーバーランド,281107,兵庫県,神戸市中央区,相生町５丁目,20241220,19,道路上,その他,30歳代,その他,施錠した
窃盗,自転車盗,生田,ハーバーランド,281107,兵庫県,神戸市中央区,東川崎町１丁目,20231229,16,道路上,その他,30歳代,その他,施錠した
窃盗,自転車盗,生田,ハーバーランド,281107,兵庫県,神戸市中央区,東川崎町１丁目,20240111,14,道路上,その他,40歳代,その他,施錠せず
窃盗,自転車盗,生田,ハーバーランド,281107,兵庫県,神戸市中央区,東川崎町１丁目,20240130,13,道路上,その他,20歳代,大学生,施錠した
窃盗,自転車盗,生田,ハーバーランド,281107,兵庫県,神戸市中央区,東川崎町１丁目,20240215,9,その他,駐車（輪）場,20歳代,その他,施錠せず
窃盗,自転車盗,生田,ハーバーランド,281107,兵庫県,神戸市中央区,東川崎町１丁目,20240220,16,その他,駐車（輪）場,30歳代,その他,施錠せず
窃盗,自転車盗,生田,ハーバーランド,281107,兵庫県,神戸市中央区,東川崎町１丁目,20240415,12,その他,駐車（輪）場,40歳代,その他,施錠せず
窃盗,自転車盗,生田,ハーバーランド,281107,兵庫県,神戸市中央区,東川崎町１丁目,20240524,14,その他,駐車（輪）場,50歳代,その他,施錠した
窃盗,自転車盗,生田,ハーバーランド,281107,兵庫県,神戸市中央区,東川崎町１丁目,20240714,13,道路上,その他,10歳代,高校生,施錠せず
窃盗,自転車盗,生田,ハーバーランド,281107,兵庫県,神戸市中央区,東川崎町１丁目,20240727,10,道路上,その他,40歳代,その他,施錠した
窃盗,自転車盗,生田,ハーバーランド,281107,兵庫県,神戸市中央区,東川崎町１丁目,20240803,18,駐車（輪）場,駐車（輪）場,20歳代,その他,施錠せず
窃盗,自転車盗,生田,ハーバーランド,281107,兵庫県,神戸市中央区,東川崎町１丁目,20240731,21,その他,駐車（輪）場,30歳代,その他,施錠せず
窃盗,自転車盗,生田,ハーバーランド,281107,兵庫県,神戸市中央区,東川崎町１丁目,20240918,12,駐車（輪）場,駐車（輪）場,40歳代,その他,施錠した
窃盗,自転車盗,生田,ハーバーランド,281107,兵庫県,神戸市中央区,東川崎町１丁目,20241110,17,道路上,その他,20歳代,その他,施錠せず
窃盗,自転車盗,生田,ハーバーランド,281107,兵庫県,神戸市中央区,東川崎町１丁目,20241208,14,道路上,その他,10歳代,中学生,施錠せず
窃盗,自転車盗,生田,デュオこうべ,281107,兵庫県,神戸市中央区,相生町２丁目,20240111,8,道路上,その他,30歳代,その他,施錠せず
窃盗,自転車盗,兵庫,平野,281051,兵庫県,神戸市兵庫区,石井町１丁目,20241224,12,その他,その他,40歳代,その他,施錠せず
窃盗,自転車盗,兵庫,平野,281051,兵庫県,神戸市兵庫区,梅元町,20231228,11,４階建て以上共同住宅,その他,40歳代,その他,施錠した
窃盗,自転車盗,兵庫,平野,281051,兵庫県,神戸市兵庫区,神田町,20241221,9,４階建て以上共同住宅,駐車（輪）場,20歳代,その他,施錠せず
窃盗,自転車盗,兵庫,平野,281051,兵庫県,神戸市兵庫区,菊水町２丁目,20240708,19,４階建て以上共同住宅,駐車（輪）場,60-64歳,その他,施錠した
窃盗,自転車盗,兵庫,平野,281051,兵庫県,神戸市兵庫区,菊水町２丁目,20241014,15,４階建て以上共同住宅,駐車（輪）場,70歳以上,その他,施錠せず
窃盗,自転車盗,兵庫,平野,281051,兵庫県,神戸市兵庫区,五宮町,20240707,1,道路上,その他,20歳代,その他,施錠せず
窃盗,自転車盗,兵庫,平野,281051,兵庫県,神戸市兵庫区,下祇園町,20240621,22,道路上,その他,70歳以上,その他,施錠した
窃盗,自転車盗,兵庫,平野,281051,兵庫県,神戸市兵庫区,湊川町２丁目,20240927,20,その他の住宅（３階建て以下共同住宅等）,駐車（輪）場,20歳代,その他,施錠せず
窃盗,自転車盗,兵庫,平野,281051,兵庫県,神戸市兵庫区,矢部町,20240916,23,その他の住宅（３階建て以下共同住宅等）,駐車（輪）場,20歳代,その他,施錠せず
窃盗,自転車盗,兵庫,荒田,281051,兵庫県,神戸市兵庫区,荒田町１丁目,20240216,22,道路上,その他,60-64歳,その他,施錠した
窃盗,自転車盗,兵庫,荒田,281051,兵庫県,神戸市兵庫区,荒田町１丁目,20240528,19,道路上,その他,40歳代,その他,施錠せず
窃盗,自転車盗,兵庫,荒田,281051,兵庫県,神戸市兵庫区,荒田町１丁目,20240804,21,道路上,その他,10歳未満,小学生,施錠せず
窃盗,自転車盗,兵庫,荒田,281051,兵庫県,神戸市兵庫区,荒田町１丁目,20241104,14,道路上,その他,10歳代,高校生,施錠せず
窃盗,自転車盗,兵庫,荒田,281051,兵庫県,神戸市兵庫区,荒田町１丁目,20240713,22,道路上,その他,60-64歳,その他,施錠した
窃盗,自転車盗,兵庫,荒田,281051,兵庫県,神戸市兵庫区,荒田町２丁目,20240125,7,道路上,その他,65-69歳,その他,施錠した
窃盗,自転車盗,兵庫,荒田,281051,兵庫県,神戸市兵庫区,荒田町２丁目,20240506,14,道路上,その他,10歳代,中学生,施錠した
窃盗,自転車盗,兵庫,荒田,281051,兵庫県,神戸市兵庫区,荒田町２丁目,20240723,8,道路上,その他,10歳代,高校生,施錠せず
窃盗,自転車盗,兵庫,荒田,281051,兵庫県,神戸市兵庫区,荒田町２丁目,20241102,8,道路上,その他,30歳代,その他,施錠せず
窃盗,自転車盗,兵庫,荒田,281051,兵庫県,神戸市兵庫区,荒田町３丁目,20240501,19,その他の住宅（３階建て以下共同住宅等）,駐車（輪）場,60-64歳,その他,施錠した
窃盗,自転車盗,兵庫,荒田,281051,兵庫県,神戸市兵庫区,荒田町３丁目,20241027,23,４階建て以上共同住宅,その他,10歳代,高校生,施錠せず
窃盗,自転車盗,兵庫,荒田,281051,兵庫県,神戸市兵庫区,荒田町４丁目,20240217,11,その他の住宅（３階建て以下共同住宅等）,駐車（輪）場,20歳代,その他,施錠した
窃盗,自転車盗,兵庫,荒田,281051,兵庫県,神戸市兵庫区,荒田町４丁目,20240507,17,道路上,その他,20歳代,その他,施錠せず
窃盗,自転車盗,兵庫,福原,281051,兵庫県,神戸市兵庫区,西上橘通１丁目,20230730,9,４階建て以上共同住宅,駐車（輪）場,30歳代,その他,施錠せず
窃盗,自転車盗,兵庫,福原,281051,兵庫県,神戸市兵庫区,西上橘通１丁目,20240518,19,道路上,その他,30歳代,大学生,施錠せず
窃盗,自転車盗,兵庫,福原,281051,兵庫県,神戸市兵庫区,西上橘通１丁目,20240605,14,道路上,その他,20歳代,その他,施錠せず
窃盗,自転車盗,兵庫,福原,281051,兵庫県,神戸市兵庫区,西上橘通１丁目,20241114,7,駐車（輪）場,駐車（輪）場,20歳代,その他,施錠せず
窃盗,自転車盗,兵庫,福原,281051,兵庫県,神戸市兵庫区,西上橘通１丁目,20241215,5,道路上,その他,20歳代,その他,施錠した
窃盗,自転車盗,兵庫,福原,281051,兵庫県,神戸市兵庫区,西上橘通１丁目,20241226,18,駐車（輪）場,駐車（輪）場,20歳代,その他,施錠した
窃盗,自転車盗,兵庫,福原,281051,兵庫県,神戸市兵庫区,西上橘通２丁目,20240519,16,道路上,その他,40歳代,その他,施錠せず
窃盗,自転車盗,兵庫,福原,281051,兵庫県,神戸市兵庫区,西上橘通２丁目,20241031,17,道路上,その他,10歳代,その他,施錠せず
窃盗,自転車盗,兵庫,福原,281051,兵庫県,神戸市兵庫区,西橘通１丁目,20240421,3,道路上,その他,20歳代,その他,施錠した
窃盗,自転車盗,兵庫,福原,281051,兵庫県,神戸市兵庫区,西橘通１丁目,20241016,8,道路上,その他,40歳代,その他,施錠せず
窃盗,自転車盗,兵庫,福原,281051,兵庫県,神戸市兵庫区,西橘通２丁目,20240102,18,駐車（輪）場,駐車（輪）場,20歳代,その他,施錠した
窃盗,自転車盗,兵庫,福原,281051,兵庫県,神戸市兵庫区,西多聞通１丁目,20240724,12,４階建て以上共同住宅,駐車（輪）場,20歳代,その他,施錠した
窃盗,自転車盗,兵庫,福原,281051,兵庫県,神戸市兵庫区,西多聞通１丁目,20241028,8,道路上,その他,20歳代,その他,施錠せず
窃盗,自転車盗,兵庫,福原,281051,兵庫県,神戸市兵庫区,福原町,20240110,19,道路上,その他,40歳代,その他,施錠した
窃盗,自転車盗,兵庫,福原,281051,兵庫県,神戸市兵庫区,福原町,20240121,17,道路上,その他,60-64歳,その他,施錠した
窃盗,自転車盗,兵庫,福原,281051,兵庫県,神戸市兵庫区,福原町,20240205,17,４階建て以上共同住宅,駐車（輪）場,20歳代,その他,施錠した
窃盗,自転車盗,兵庫,福原,281051,兵庫県,神戸市兵庫区,福原町,20240224,6,道路上,その他,20歳代,その他,施錠した
窃盗,自転車盗,兵庫,福原,281051,兵庫県,神戸市兵庫区,福原町,20240501,4,道路上,その他,40歳代,その他,施錠せず
窃盗,自転車盗,兵庫,福原,281051,兵庫県,神戸市兵庫区,福原町,20240514,13,道路上,その他,10歳代,その他,施錠せず
窃盗,自転車盗,兵庫,福原,281051,兵庫県,神戸市兵庫区,福原町,20240625,19,その他,駐車（輪）場,30歳代,その他,施錠した
窃盗,自転車盗,兵庫,福原,281051,兵庫県,神戸市兵庫区,福原町,20240705,17,道路上,その他,10歳代,その他,施錠せず
窃盗,自転車盗,兵庫,福原,281051,兵庫県,神戸市兵庫区,福原町,20240803,19,道路上,その他,20歳代,その他,施錠した
窃盗,自転車盗,兵庫,福原,281051,兵庫県,神戸市兵庫区,福原町,20240811,14,道路上,その他,40歳代,その他,施錠せず
窃盗,自転車盗,兵庫,福原,281051,兵庫県,神戸市兵庫区,福原町,20240401,12,４階建て以上共同住宅,駐車（輪）場,30歳代,その他,施錠した
窃盗,自転車盗,兵庫,福原,281051,兵庫県,神戸市兵庫区,福原町,20240920,0,道路上,その他,70歳以上,その他,施錠せず
窃盗,自転車盗,兵庫,福原,281051,兵庫県,神戸市兵庫区,福原町,20241010,0,４階建て以上共同住宅,その他,50歳代,その他,施錠せず
窃盗,自転車盗,兵庫,福原,281051,兵庫県,神戸市兵庫区,福原町,20241020,9,道路上,その他,50歳代,その他,施錠した
窃盗,自転車盗,兵庫,福原,281051,兵庫県,神戸市兵庫区,福原町,20241019,8,４階建て以上共同住宅,駐車（輪）場,10歳代,その他,施錠した
窃盗,自転車盗,兵庫,福原,281051,兵庫県,神戸市兵庫区,福原町,20241027,21,道路上,その他,20歳代,その他,施錠せず
窃盗,自転車盗,兵庫,福原,281051,兵庫県,神戸市兵庫区,福原町,20241030,18,道路上,その他,40歳代,その他,施錠せず
窃盗,自転車盗,兵庫,福原,281051,兵庫県,神戸市兵庫区,福原町,20241120,7,４階建て以上共同住宅,駐車（輪）場,30歳代,その他,施錠せず
窃盗,自転車盗,兵庫,福原,281051,兵庫県,神戸市兵庫区,福原町,20241119,2,道路上,その他,40歳代,その他,施錠した
窃盗,自転車盗,兵庫,福原,281051,兵庫県,神戸市兵庫区,福原町,20241205,17,道路上,その他,20歳代,その他,施錠せず
窃盗,自転車盗,兵庫,福原,281051,兵庫県,神戸市兵庫区,福原町,20241213,7,その他の住宅（３階建て以下共同住宅等）,その他,10歳代,その他,施錠した
窃盗,自転車盗,兵庫,湊川,281051,兵庫県,神戸市兵庫区,荒田町１丁目,20240315,9,駐車（輪）場,駐車（輪）場,60-64歳,その他,施錠せず
窃盗,自転車盗,兵庫,湊川,281051,兵庫県,神戸市兵庫区,荒田町１丁目,20240619,21,駐車（輪）場,駐車（輪）場,20歳代,その他,施錠した
窃盗,自転車盗,兵庫,湊川,281051,兵庫県,神戸市兵庫区,荒田町１丁目,20240728,6,駐車（輪）場,駐車（輪）場,10歳代,高校生,施錠せず
窃盗,自転車盗,兵庫,湊川,281051,兵庫県,神戸市兵庫区,荒田町１丁目,20240804,10,駐車（輪）場,駐車（輪）場,10歳代,その他,施錠せず
窃盗,自転車盗,兵庫,湊川,281051,兵庫県,神戸市兵庫区,荒田町１丁目,20240904,15,道路上,その他,10歳代,小学生,施錠せず
窃盗,自転車盗,兵庫,湊川,281051,兵庫県,神戸市兵庫区,荒田町１丁目,20240920,20,駐車（輪）場,駐車（輪）場,10歳代,高校生,施錠した
窃盗,自転車盗,兵庫,湊川,281051,兵庫県,神戸市兵庫区,荒田町１丁目,20241009,23,駐車（輪）場,駐車（輪）場,20歳代,その他,施錠せず
窃盗,自転車盗,兵庫,湊川,281051,兵庫県,神戸市兵庫区,荒田町４丁目,20240220,11,道路上,その他,10歳代,その他,施錠した
窃盗,自転車盗,兵庫,湊川,281051,兵庫県,神戸市兵庫区,上沢通１丁目,20240128,6,その他,駐車（輪）場,10歳代,中学生,施錠した
窃盗,自転車盗,兵庫,湊川,281051,兵庫県,神戸市兵庫区,上沢通１丁目,20240503,7,道路上,その他,40歳代,その他,施錠した
窃盗,自転車盗,兵庫,湊川,281051,兵庫県,神戸市兵庫区,上沢通１丁目,20241010,7,駐車（輪）場,駐車（輪）場,10歳代,高校生,施錠した
窃盗,自転車盗,兵庫,湊川,281051,兵庫県,神戸市兵庫区,上沢通２丁目,20231229,17,駐車（輪）場,駐車（輪）場,40歳代,その他,施錠せず
窃盗,自転車盗,兵庫,湊川,281051,兵庫県,神戸市兵庫区,下沢通１丁目,20240203,22,道路上,その他,30歳代,その他,施錠した
窃盗,自転車盗,兵庫,湊川,281051,兵庫県,神戸市兵庫区,下沢通１丁目,20240411,9,道路上,その他,20歳代,その他,施錠した
窃盗,自転車盗,兵庫,湊川,281051,兵庫県,神戸市兵庫区,下沢通１丁目,20240418,8,道路上,その他,20歳代,その他,施錠した
窃盗,自転車盗,兵庫,湊川,281051,兵庫県,神戸市兵庫区,下沢通１丁目,20240425,8,道路上,その他,20歳代,大学生,施錠した
窃盗,自転車盗,兵庫,湊川,281051,兵庫県,神戸市兵庫区,下沢通１丁目,20241001,23,４階建て以上共同住宅,駐車（輪）場,20歳代,その他,施錠した
窃盗,自転車盗,兵庫,湊川,281051,兵庫県,神戸市兵庫区,下沢通１丁目,20241001,23,４階建て以上共同住宅,駐車（輪）場,20歳代,その他,施錠した
窃盗,自転車盗,兵庫,湊川,281051,兵庫県,神戸市兵庫区,下沢通１丁目,20241028,6,駐車（輪）場,駐車（輪）場,30歳代,その他,施錠した
窃盗,自転車盗,兵庫,湊川,281051,兵庫県,神戸市兵庫区,下沢通１丁目,20241122,14,道路上,その他,10歳代,その他,施錠せず
窃盗,自転車盗,兵庫,湊川,281051,兵庫県,神戸市兵庫区,下沢通１丁目,20241212,20,道路上,その他,20歳代,その他,施錠せず
窃盗,自転車盗,兵庫,湊川,281051,兵庫県,神戸市兵庫区,下沢通２丁目,20240628,18,道路上,その他,20歳代,その他,施錠せず
窃盗,自転車盗,兵庫,湊川,281051,兵庫県,神戸市兵庫区,下沢通５丁目,20240810,9,道路上,その他,50歳代,その他,施錠せず
窃盗,自転車盗,兵庫,湊川,281051,兵庫県,神戸市兵庫区,新開地１丁目,20231228,14,４階建て以上共同住宅,その他,40歳代,その他,施錠した
窃盗,自転車盗,兵庫,湊川,281051,兵庫県,神戸市兵庫区,新開地１丁目,20240520,23,道路上,その他,20歳代,その他,施錠せず
窃盗,自転車盗,兵庫,湊川,281051,兵庫県,神戸市兵庫区,新開地１丁目,20240807,20,その他の住宅（３階建て以下共同住宅等）,駐車（輪）場,30歳代,その他,施錠せず
窃盗,自転車盗,兵庫,湊川,281051,兵庫県,神戸市兵庫区,新開地１丁目,20240801,6,４階建て以上共同住宅,駐車（輪）場,20歳代,その他,施錠せず
窃盗,自転車盗,兵庫,湊川,281051,兵庫県,神戸市兵庫区,新開地１丁目,20240909,18,その他の住宅（３階建て以下共同住宅等）,駐車（輪）場,30歳代,その他,施錠せず
窃盗,自転車盗,兵庫,湊川,281051,兵庫県,神戸市兵庫区,新開地１丁目,20241015,18,４階建て以上共同住宅,その他,40歳代,その他,施錠した
窃盗,自転車盗,兵庫,湊川,281051,兵庫県,神戸市兵庫区,新開地２丁目,20240227,6,その他,駐車（輪）場,65-69歳,その他,施錠した
窃盗,自転車盗,兵庫,湊川,281051,兵庫県,神戸市兵庫区,新開地２丁目,20240604,20,道路上,その他,20歳代,その他,施錠せず
窃盗,自転車盗,兵庫,湊川,281051,兵庫県,神戸市兵庫区,新開地２丁目,20240610,19,その他,駐車（輪）場,20歳代,その他,施錠せず
窃盗,自転車盗,兵庫,湊川,281051,兵庫県,神戸市兵庫区,新開地２丁目,20240621,17,駐車（輪）場,駐車（輪）場,20歳代,その他,施錠した
窃盗,自転車盗,兵庫,湊川,281051,兵庫県,神戸市兵庫区,新開地２丁目,20240623,13,道路上,その他,60-64歳,その他,施錠した
窃盗,自転車盗,兵庫,湊川,281051,兵庫県,神戸市兵庫区,新開地２丁目,20240718,7,駐車（輪）場,駐車（輪）場,40歳代,その他,施錠した
窃盗,自転車盗,兵庫,湊川,281051,兵庫県,神戸市兵庫区,新開地２丁目,20240803,5,その他,その他,30歳代,その他,施錠した
窃盗,自転車盗,兵庫,湊川,281051,兵庫県,神戸市兵庫区,新開地２丁目,20240815,14,道路上,その他,30歳代,その他,施錠した
窃盗,自転車盗,兵庫,湊川,281051,兵庫県,神戸市兵庫区,新開地２丁目,20240825,15,道路上,その他,70歳以上,その他,施錠した
窃盗,自転車盗,兵庫,湊川,281051,兵庫県,神戸市兵庫区,新開地２丁目,20241203,16,駐車（輪）場,駐車（輪）場,20歳代,その他,施錠した
窃盗,自転車盗,兵庫,湊川,281051,兵庫県,神戸市兵庫区,中道通１丁目,20240108,23,道路上,その他,20歳代,その他,施錠した
窃盗,自転車盗,兵庫,湊川,281051,兵庫県,神戸市兵庫区,中道通１丁目,20240412,23,道路上,その他,20歳代,その他,施錠せず
窃盗,自転車盗,兵庫,湊川,281051,兵庫県,神戸市兵庫区,中道通１丁目,20240602,15,道路上,その他,10歳代,その他,施錠せず
窃盗,自転車盗,兵庫,湊川,281051,兵庫県,神戸市兵庫区,中道通１丁目,20240602,15,道路上,その他,10歳代,その他,施錠せず
窃盗,自転車盗,兵庫,湊川,281051,兵庫県,神戸市兵庫区,東山町２丁目,20240808,17,道路上,その他,10歳代,中学生,施錠した
窃盗,自転車盗,兵庫,湊川,281051,兵庫県,神戸市兵庫区,東山町３丁目,20240411,14,道路上,その他,70歳以上,その他,施錠した
窃盗,自転車盗,兵庫,湊川,281051,兵庫県,神戸市兵庫区,東山町３丁目,20240718,14,道路上,その他,30歳代,その他,施錠した
窃盗,自転車盗,兵庫,湊川,281051,兵庫県,神戸市兵庫区,東山町３丁目,20241118,23,道路上,その他,40歳代,その他,施錠した
窃盗,自転車盗,兵庫,湊川,281051,兵庫県,神戸市兵庫区,東山町４丁目,20241019,21,４階建て以上共同住宅,駐車（輪）場,10歳代,高校生,施錠せず
窃盗,自転車盗,兵庫,湊川,281051,兵庫県,神戸市兵庫区,東山町４丁目,20241111,19,道路上,その他,40歳代,その他,施錠せず
窃盗,自転車盗,兵庫,湊川,281051,兵庫県,神戸市兵庫区,東山町４丁目,20241129,17,道路上,その他,20歳代,その他,施錠した
窃盗,自転車盗,兵庫,湊川,281051,兵庫県,神戸市兵庫区,松本通１丁目,20231225,9,その他,その他,70歳以上,その他,施錠した
窃盗,自転車盗,兵庫,湊川,281051,兵庫県,神戸市兵庫区,水木通１丁目,20231231,22,道路上,その他,20歳代,その他,施錠した
窃盗,自転車盗,兵庫,湊川,281051,兵庫県,神戸市兵庫区,水木通１丁目,20240502,7,駐車（輪）場,駐車（輪）場,20歳代,その他,施錠した
窃盗,自転車盗,兵庫,湊川,281051,兵庫県,神戸市兵庫区,水木通１丁目,20240517,9,道路上,その他,20歳代,その他,施錠せず
窃盗,自転車盗,兵庫,湊川,281051,兵庫県,神戸市兵庫区,水木通１丁目,20240724,6,駐車（輪）場,駐車（輪）場,10歳代,高校生,施錠せず
窃盗,自転車盗,兵庫,湊川,281051,兵庫県,神戸市兵庫区,水木通１丁目,20240823,18,道路上,その他,10歳未満,小学生,施錠せず
窃盗,自転車盗,兵庫,湊川,281051,兵庫県,神戸市兵庫区,水木通１丁目,20240915,16,道路上,その他,20歳代,その他,施錠せず
窃盗,自転車盗,兵庫,湊川,281051,兵庫県,神戸市兵庫区,水木通１丁目,20241103,15,道路上,その他,40歳代,その他,施錠せず
窃盗,自転車盗,兵庫,湊川,281051,兵庫県,神戸市兵庫区,水木通２丁目,20240508,13,道路上,その他,65-69歳,その他,施錠した
窃盗,自転車盗,兵庫,湊川,281051,兵庫県,神戸市兵庫区,水木通２丁目,20240921,17,道路上,その他,30歳代,その他,施錠した
窃盗,自転車盗,兵庫,湊川,281051,兵庫県,神戸市兵庫区,水木通２丁目,20241218,0,４階建て以上共同住宅,駐車（輪）場,10歳代,中学生,施錠せず
窃盗,自転車盗,兵庫,湊川,281107,兵庫県,神戸市兵庫区,新開地２丁目,20240504,18,道路上,その他,65-69歳,その他,施錠せず
窃盗,自転車盗,兵庫,新開地,281051,兵庫県,神戸市兵庫区,永沢町３丁目,20241106,17,４階建て以上共同住宅,駐車（輪）場,50歳代,その他,施錠した
窃盗,自転車盗,兵庫,新開地,281051,兵庫県,神戸市兵庫区,永沢町２丁目,20241219,13,道路上,その他,40歳代,その他,施錠せず
窃盗,自転車盗,兵庫,新開地,281051,兵庫県,神戸市兵庫区,永沢町３丁目,20240509,19,道路上,その他,20歳代,その他,施錠した
窃盗,自転車盗,兵庫,新開地,281051,兵庫県,神戸市兵庫区,永沢町３丁目,20240801,12,４階建て以上共同住宅,駐車（輪）場,10歳代,高校生,施錠せず
窃盗,自転車盗,兵庫,新開地,281051,兵庫県,神戸市兵庫区,永沢町３丁目,20240903,22,４階建て以上共同住宅,駐車（輪）場,20歳代,その他,施錠した
窃盗,自転車盗,兵庫,新開地,281051,兵庫県,神戸市兵庫区,永沢町４丁目,20240220,9,道路上,その他,30歳代,その他,施錠せず
窃盗,自転車盗,兵庫,新開地,281051,兵庫県,神戸市兵庫区,永沢町４丁目,20240520,19,道路上,その他,20歳代,その他,施錠せず
窃盗,自転車盗,兵庫,新開地,281051,兵庫県,神戸市兵庫区,永沢町４丁目,20240913,18,４階建て以上共同住宅,駐車（輪）場,10歳代,中学生,施錠せず
窃盗,自転車盗,兵庫,新開地,281051,兵庫県,神戸市兵庫区,佐比江町,20240205,16,道路上,その他,20歳代,その他,施錠せず
窃盗,自転車盗,兵庫,新開地,281051,兵庫県,神戸市兵庫区,佐比江町,20240401,9,道路上,その他,30歳代,その他,施錠せず
窃盗,自転車盗,兵庫,新開地,281051,兵庫県,神戸市兵庫区,佐比江町,20240925,19,道路上,その他,20歳代,その他,施錠した
窃盗,自転車盗,兵庫,新開地,281051,兵庫県,神戸市兵庫区,佐比江町,20241005,21,４階建て以上共同住宅,駐車（輪）場,20歳代,その他,施錠した
窃盗,自転車盗,兵庫,新開地,281051,兵庫県,神戸市兵庫区,佐比江町,20241025,18,道路上,その他,20歳代,その他,施錠した
窃盗,自転車盗,兵庫,新開地,281051,兵庫県,神戸市兵庫区,新開地３丁目,20240522,10,その他,駐車（輪）場,50歳代,その他,施錠した
窃盗,自転車盗,兵庫,新開地,281051,兵庫県,神戸市兵庫区,新開地３丁目,20240616,21,道路上,その他,50歳代,その他,施錠した
窃盗,自転車盗,兵庫,新開地,281051,兵庫県,神戸市兵庫区,新開地３丁目,20240627,8,道路上,その他,10歳代,大学生,施錠した
窃盗,自転車盗,兵庫,新開地,281051,兵庫県,神戸市兵庫区,新開地３丁目,20241021,17,４階建て以上共同住宅,駐車（輪）場,20歳代,大学生,施錠せず
窃盗,自転車盗,兵庫,新開地,281051,兵庫県,神戸市兵庫区,新開地３丁目,20241020,23,道路上,その他,30歳代,その他,施錠した
窃盗,自転車盗,兵庫,新開地,281051,兵庫県,神戸市兵庫区,新開地３丁目,20241018,16,道路上,その他,20歳代,その他,施錠せず
窃盗,自転車盗,兵庫,新開地,281051,兵庫県,神戸市兵庫区,新開地３丁目,20241206,19,４階建て以上共同住宅,駐車（輪）場,30歳代,その他,施錠した
窃盗,自転車盗,兵庫,新開地,281051,兵庫県,神戸市兵庫区,新開地４丁目,20240116,12,道路上,その他,20歳代,その他,施錠せず
窃盗,自転車盗,兵庫,新開地,281051,兵庫県,神戸市兵庫区,新開地４丁目,20240925,17,道路上,その他,20歳代,その他,施錠せず
窃盗,自転車盗,兵庫,新開地,281051,兵庫県,神戸市兵庫区,新開地４丁目,20241103,14,道路上,その他,40歳代,その他,施錠した
窃盗,自転車盗,兵庫,新開地,281051,兵庫県,神戸市兵庫区,新開地５丁目,20240503,23,道路上,その他,40歳代,その他,施錠せず
窃盗,自転車盗,兵庫,新開地,281051,兵庫県,神戸市兵庫区,新開地５丁目,20240223,16,駐車（輪）場,駐車（輪）場,40歳代,その他,施錠せず
窃盗,自転車盗,兵庫,新開地,281051,兵庫県,神戸市兵庫区,新開地５丁目,20240622,10,道路上,その他,60-64歳,その他,施錠した
窃盗,自転車盗,兵庫,新開地,281051,兵庫県,神戸市兵庫区,新開地５丁目,20241012,13,道路上,その他,50歳代,その他,施錠した
窃盗,自転車盗,兵庫,新開地,281051,兵庫県,神戸市兵庫区,新開地６丁目,20240703,18,その他の住宅（３階建て以下共同住宅等）,駐車（輪）場,10歳代,中学生,施錠した
窃盗,自転車盗,兵庫,新開地,281051,兵庫県,神戸市兵庫区,新開地６丁目,20240923,9,道路上,その他,40歳代,その他,施錠せず
窃盗,自転車盗,兵庫,新開地,281051,兵庫県,神戸市兵庫区,大開通１丁目,20231231,17,駐車（輪）場,駐車（輪）場,10歳代,高校生,施錠せず
窃盗,自転車盗,兵庫,新開地,281051,兵庫県,神戸市兵庫区,大開通１丁目,20240202,0,道路上,その他,40歳代,その他,施錠せず
窃盗,自転車盗,兵庫,新開地,281051,兵庫県,神戸市兵庫区,大開通１丁目,20240228,13,道路上,その他,20歳代,その他,施錠した
窃盗,自転車盗,兵庫,新開地,281051,兵庫県,神戸市兵庫区,大開通１丁目,20240301,19,駐車（輪）場,駐車（輪）場,20歳代,その他,施錠した
窃盗,自転車盗,兵庫,新開地,281051,兵庫県,神戸市兵庫区,大開通１丁目,20240414,15,駐車（輪）場,駐車（輪）場,20歳代,その他,施錠せず
窃盗,自転車盗,兵庫,新開地,281051,兵庫県,神戸市兵庫区,大開通１丁目,20240716,16,道路上,その他,10歳代,高校生,施錠せず
窃盗,自転車盗,兵庫,新開地,281051,兵庫県,神戸市兵庫区,大開通１丁目,20240907,8,駐車（輪）場,駐車（輪）場,20歳代,その他,施錠せず
窃盗,自転車盗,兵庫,新開地,281051,兵庫県,神戸市兵庫区,大開通１丁目,20240923,20,道路上,その他,30歳代,その他,施錠した
窃盗,自転車盗,兵庫,新開地,281051,兵庫県,神戸市兵庫区,大開通１丁目,20240927,13,道路上,その他,20歳代,その他,施錠した
窃盗,自転車盗,兵庫,新開地,281051,兵庫県,神戸市兵庫区,大開通１丁目,20240908,9,駐車（輪）場,駐車（輪）場,20歳代,その他,施錠した
窃盗,自転車盗,兵庫,新開地,281051,兵庫県,神戸市兵庫区,大開通１丁目,20241111,10,駐車（輪）場,駐車（輪）場,40歳代,その他,施錠した
窃盗,自転車盗,兵庫,新開地,281051,兵庫県,神戸市兵庫区,大開通１丁目,20241117,23,駐車（輪）場,駐車（輪）場,30歳代,その他,施錠せず
窃盗,自転車盗,兵庫,新開地,281051,兵庫県,神戸市兵庫区,大開通１丁目,20241120,7,駐車（輪）場,駐車（輪）場,50歳代,その他,施錠せず
窃盗,自転車盗,兵庫,新開地,281051,兵庫県,神戸市兵庫区,大開通１丁目,20241223,15,道路上,その他,20歳代,その他,施錠せず
窃盗,自転車盗,兵庫,新開地,281051,兵庫県,神戸市兵庫区,大開通１丁目,20241221,16,道路上,その他,20歳代,大学生,施錠せず
窃盗,自転車盗,兵庫,新開地,281051,兵庫県,神戸市兵庫区,大開通２丁目,20240515,17,道路上,その他,20歳代,その他,施錠せず
窃盗,自転車盗,兵庫,新開地,281051,兵庫県,神戸市兵庫区,大開通２丁目,20240813,22,４階建て以上共同住宅,駐車（輪）場,10歳代,その他,施錠せず
窃盗,自転車盗,兵庫,新開地,281051,兵庫県,神戸市兵庫区,大開通２丁目,20241108,17,４階建て以上共同住宅,駐車（輪）場,20歳代,その他,施錠せず
窃盗,自転車盗,兵庫,新開地,281051,兵庫県,神戸市兵庫区,西出町２丁目,20240526,14,その他の住宅（３階建て以下共同住宅等）,駐車（輪）場,40歳代,その他,施錠した
窃盗,自転車盗,兵庫,新開地,281051,兵庫県,神戸市兵庫区,東出町２丁目,20240704,7,その他,駐車（輪）場,40歳代,その他,施錠した
窃盗,自転車盗,兵庫,新開地,281051,兵庫県,神戸市兵庫区,東出町３丁目,20240524,15,道路上,その他,10歳代,中学生,施錠せず
窃盗,自転車盗,兵庫,新開地,281051,兵庫県,神戸市兵庫区,東山町３丁目,20240106,0,一戸建住宅,その他,40歳代,その他,施錠せず
窃盗,自転車盗,兵庫,新開地,281051,兵庫県,神戸市兵庫区,湊町１丁目,20240415,0,４階建て以上共同住宅,駐車（輪）場,20歳代,大学生,施錠せず
窃盗,自転車盗,兵庫,新開地,281051,兵庫県,神戸市兵庫区,湊町１丁目,20241020,16,道路上,その他,10歳代,高校生,施錠せず
窃盗,自転車盗,兵庫,新開地,281051,兵庫県,神戸市兵庫区,湊町１丁目,20241117,16,４階建て以上共同住宅,駐車（輪）場,20歳代,その他,施錠した
窃盗,自転車盗,兵庫,新開地,281051,兵庫県,神戸市兵庫区,湊町１丁目,20241207,21,４階建て以上共同住宅,駐車（輪）場,20歳代,その他,施錠せず
窃盗,自転車盗,兵庫,新開地,281051,兵庫県,神戸市兵庫区,湊町２丁目,20240411,8,その他の住宅（３階建て以下共同住宅等）,その他,10歳代,中学生,施錠せず
窃盗,自転車盗,兵庫,新開地,281051,兵庫県,神戸市兵庫区,湊町２丁目,20240717,15,道路上,その他,20歳代,その他,施錠した
窃盗,自転車盗,兵庫,新開地,281051,兵庫県,神戸市兵庫区,湊町２丁目,20241010,17,道路上,その他,20歳代,その他,施錠した
窃盗,自転車盗,兵庫,新開地,281051,兵庫県,神戸市兵庫区,湊町３丁目,20240701,20,道路上,その他,50歳代,その他,施錠せず
窃盗,自転車盗,兵庫,新開地,281051,兵庫県,神戸市兵庫区,湊町３丁目,20240902,10,駐車（輪）場,駐車（輪）場,20歳代,その他,施錠した
窃盗,自転車盗,兵庫,新開地,281051,兵庫県,神戸市兵庫区,湊町４丁目,20240129,11,駐車（輪）場,駐車（輪）場,20歳代,その他,施錠した
窃盗,自転車盗,兵庫,新開地,281051,兵庫県,神戸市兵庫区,湊町４丁目,20240130,6,駐車（輪）場,駐車（輪）場,20歳代,その他,施錠した
窃盗,自転車盗,兵庫,新開地,281051,兵庫県,神戸市兵庫区,湊町４丁目,20240221,8,駐車（輪）場,駐車（輪）場,10歳代,高校生,施錠した
窃盗,自転車盗,兵庫,新開地,281051,兵庫県,神戸市兵庫区,湊町４丁目,20240227,9,駐車（輪）場,駐車（輪）場,20歳代,大学生,施錠した
窃盗,自転車盗,兵庫,新開地,281051,兵庫県,神戸市兵庫区,湊町４丁目,20240311,6,その他,駐車（輪）場,20歳代,大学生,施錠した
窃盗,自転車盗,兵庫,新開地,281051,兵庫県,神戸市兵庫区,湊町４丁目,20240326,22,その他,駐車（輪）場,40歳代,その他,施錠した
窃盗,自転車盗,兵庫,新開地,281051,兵庫県,神戸市兵庫区,湊町４丁目,20240308,8,駐車（輪）場,駐車（輪）場,10歳代,高校生,施錠した
窃盗,自転車盗,兵庫,新開地,281051,兵庫県,神戸市兵庫区,湊町４丁目,20240419,14,駐車（輪）場,駐車（輪）場,20歳代,その他,施錠した
窃盗,自転車盗,兵庫,新開地,281051,兵庫県,神戸市兵庫区,湊町４丁目,20240418,7,駐車（輪）場,駐車（輪）場,10歳代,高校生,施錠せず
窃盗,自転車盗,兵庫,新開地,281051,兵庫県,神戸市兵庫区,湊町４丁目,20240517,18,駐車（輪）場,駐車（輪）場,60-64歳,その他,施錠した
窃盗,自転車盗,兵庫,新開地,281051,兵庫県,神戸市兵庫区,湊町４丁目,20240517,8,その他,駐車（輪）場,20歳代,大学生,施錠した
窃盗,自転車盗,兵庫,新開地,281051,兵庫県,神戸市兵庫区,湊町４丁目,20240606,7,駐車（輪）場,駐車（輪）場,20歳代,その他,施錠した
窃盗,自転車盗,兵庫,新開地,281051,兵庫県,神戸市兵庫区,湊町４丁目,20240610,13,駐車（輪）場,駐車（輪）場,20歳代,その他,施錠した
窃盗,自転車盗,兵庫,新開地,281051,兵庫県,神戸市兵庫区,湊町４丁目,20240712,17,駐車（輪）場,駐車（輪）場,30歳代,その他,施錠した
窃盗,自転車盗,兵庫,新開地,281051,兵庫県,神戸市兵庫区,湊町４丁目,20240902,17,駐車（輪）場,駐車（輪）場,50歳代,その他,施錠した
窃盗,自転車盗,兵庫,新開地,281051,兵庫県,神戸市兵庫区,湊町４丁目,20240909,9,道路上,その他,20歳代,その他,施錠した
窃盗,自転車盗,兵庫,新開地,281051,兵庫県,神戸市兵庫区,湊町４丁目,20240909,7,駐車（輪）場,駐車（輪）場,20歳代,その他,施錠した
窃盗,自転車盗,兵庫,新開地,281051,兵庫県,神戸市兵庫区,湊町４丁目,20240909,6,道路上,その他,20歳代,その他,施錠した
窃盗,自転車盗,兵庫,新開地,281051,兵庫県,神戸市兵庫区,湊町４丁目,20240909,7,駐車（輪）場,駐車（輪）場,10歳代,高校生,施錠した
窃盗,自転車盗,兵庫,新開地,281051,兵庫県,神戸市兵庫区,湊町４丁目,20240905,9,道路上,その他,30歳代,その他,施錠した
窃盗,自転車盗,兵庫,新開地,281051,兵庫県,神戸市兵庫区,湊町４丁目,20241017,17,駐車（輪）場,駐車（輪）場,40歳代,その他,施錠した
窃盗,自転車盗,兵庫,新開地,281051,兵庫県,神戸市兵庫区,湊町４丁目,20241029,8,駐車（輪）場,駐車（輪）場,10歳代,その他,施錠した
窃盗,自転車盗,兵庫,新開地,281051,兵庫県,神戸市兵庫区,湊町４丁目,20241110,8,道路上,その他,10歳代,高校生,施錠せず
窃盗,自転車盗,兵庫,新開地,281051,兵庫県,神戸市兵庫区,湊町４丁目,20241219,5,駐車（輪）場,駐車（輪）場,20歳代,その他,施錠した
窃盗,自転車盗,兵庫,新開地,281051,兵庫県,神戸市兵庫区,湊町４丁目,20241219,6,その他,駐車（輪）場,20歳代,その他,施錠した
窃盗,自転車盗,兵庫,新開地,281051,兵庫県,神戸市兵庫区,湊町４丁目,20241217,6,駐車（輪）場,駐車（輪）場,10歳代,高校生,施錠した
窃盗,自転車盗,兵庫,新開地,281051,兵庫県,神戸市兵庫区,湊町４丁目,20241227,17,駐車（輪）場,駐車（輪）場,20歳代,その他,施錠した
窃盗,自転車盗,兵庫,熊野,281051,兵庫県,神戸市兵庫区,熊野町３丁目,20240330,12,一戸建住宅,駐車（輪）場,70歳以上,その他,施錠せず
窃盗,自転車盗,兵庫,熊野,281051,兵庫県,神戸市兵庫区,氷室町１丁目,20240206,不明,道路上,その他,10歳代,中学生,施錠した
窃盗,自転車盗,兵庫,熊野,281051,兵庫県,神戸市兵庫区,湊川町３丁目,20241003,19,道路上,その他,20歳代,大学生,施錠せず
窃盗,自転車盗,兵庫,熊野,281051,兵庫県,神戸市兵庫区,湊川町４丁目,20241204,9,道路上,その他,30歳代,その他,施錠せず
窃盗,自転車盗,兵庫,熊野,281051,兵庫県,神戸市兵庫区,湊川町６丁目,20241021,11,道路上,その他,60-64歳,その他,施錠した
窃盗,自転車盗,兵庫,熊野,281051,兵庫県,神戸市兵庫区,夢野町２丁目,20240205,19,駐車（輪）場,駐車（輪）場,20歳代,その他,施錠せず
窃盗,自転車盗,兵庫,熊野,281051,兵庫県,神戸市兵庫区,夢野町２丁目,20240518,9,道路上,その他,20歳代,その他,施錠した
窃盗,自転車盗,兵庫,菊水西,281051,兵庫県,神戸市兵庫区,菊水町１０丁目,20240428,20,道路上,その他,70歳以上,その他,施錠した
窃盗,自転車盗,兵庫,皿池,281051,兵庫県,神戸市兵庫区,会下山町２丁目,20240914,12,４階建て以上共同住宅,駐車（輪）場,30歳代,その他,施錠した
窃盗,自転車盗,兵庫,皿池,281051,兵庫県,神戸市兵庫区,会下山町２丁目,20240701,9,その他の住宅（３階建て以下共同住宅等）,駐車（輪）場,20歳代,その他,施錠せず
窃盗,自転車盗,兵庫,皿池,281051,兵庫県,神戸市兵庫区,上沢通３丁目,20240412,18,４階建て以上共同住宅,駐車（輪）場,40歳代,その他,施錠せず
窃盗,自転車盗,兵庫,皿池,281051,兵庫県,神戸市兵庫区,上沢通３丁目,20240601,7,道路上,その他,40歳代,その他,施錠せず
窃盗,自転車盗,兵庫,皿池,281051,兵庫県,神戸市兵庫区,上沢通３丁目,20241018,7,道路上,その他,10歳代,高校生,施錠した
窃盗,自転車盗,兵庫,皿池,281051,兵庫県,神戸市兵庫区,上沢通３丁目,20241118,21,駐車（輪）場,駐車（輪）場,30歳代,その他,施錠した
窃盗,自転車盗,兵庫,皿池,281051,兵庫県,神戸市兵庫区,上沢通３丁目,20240727,14,道路上,その他,10歳代,中学生,施錠せず
窃盗,自転車盗,兵庫,皿池,281051,兵庫県,神戸市兵庫区,上沢通４丁目,20241130,11,道路上,その他,40歳代,その他,施錠せず
窃盗,自転車盗,兵庫,皿池,281051,兵庫県,神戸市兵庫区,上沢通７丁目,20240328,20,その他の住宅（３階建て以下共同住宅等）,駐車（輪）場,10歳代,その他,施錠せず
窃盗,自転車盗,兵庫,皿池,281051,兵庫県,神戸市兵庫区,上沢通７丁目,20240819,19,４階建て以上共同住宅,駐車（輪）場,20歳代,その他,施錠した
窃盗,自転車盗,兵庫,皿池,281051,兵庫県,神戸市兵庫区,上沢通７丁目,20240909,0,その他の住宅（３階建て以下共同住宅等）,駐車（輪）場,20歳代,その他,施錠せず
窃盗,自転車盗,兵庫,皿池,281051,兵庫県,神戸市兵庫区,上沢通８丁目,20240712,8,道路上,その他,20歳代,その他,施錠せず
窃盗,自転車盗,兵庫,皿池,281051,兵庫県,神戸市兵庫区,上沢通８丁目,20240709,9,道路上,その他,70歳以上,その他,施錠せず
窃盗,自転車盗,兵庫,皿池,281051,兵庫県,神戸市兵庫区,上沢通８丁目,20240924,13,道路上,その他,10歳代,高校生,施錠した
窃盗,自転車盗,兵庫,皿池,281051,兵庫県,神戸市兵庫区,下沢通３丁目,20240112,17,道路上,その他,10歳代,小学生,施錠せず
窃盗,自転車盗,兵庫,皿池,281051,兵庫県,神戸市兵庫区,下沢通３丁目,20230801,15,その他の住宅（３階建て以下共同住宅等）,その他,20歳代,大学生,施錠せず
窃盗,自転車盗,兵庫,皿池,281051,兵庫県,神戸市兵庫区,下沢通３丁目,20241023,21,駐車（輪）場,駐車（輪）場,20歳代,その他,施錠せず
窃盗,自転車盗,兵庫,皿池,281051,兵庫県,神戸市兵庫区,下沢通３丁目,20241220,17,４階建て以上共同住宅,駐車（輪）場,10歳未満,小学生,施錠せず
窃盗,自転車盗,兵庫,皿池,281051,兵庫県,神戸市兵庫区,下沢通４丁目,20240705,9,駐車（輪）場,駐車（輪）場,30歳代,その他,施錠せず
窃盗,自転車盗,兵庫,皿池,281051,兵庫県,神戸市兵庫区,下沢通５丁目,20241117,8,駐車（輪）場,駐車（輪）場,20歳代,その他,施錠せず
窃盗,自転車盗,兵庫,皿池,281051,兵庫県,神戸市兵庫区,下沢通６丁目,20210822,0,その他の住宅（３階建て以下共同住宅等）,駐車（輪）場,30歳代,その他,施錠せず
窃盗,自転車盗,兵庫,皿池,281051,兵庫県,神戸市兵庫区,下沢通６丁目,20240512,9,道路上,その他,40歳代,その他,施錠した
窃盗,自転車盗,兵庫,皿池,281051,兵庫県,神戸市兵庫区,下沢通８丁目,20240120,19,道路上,その他,20歳代,その他,施錠せず
窃盗,自転車盗,兵庫,皿池,281051,兵庫県,神戸市兵庫区,下沢通８丁目,20240330,15,駐車（輪）場,駐車（輪）場,30歳代,その他,施錠した
窃盗,自転車盗,兵庫,皿池,281051,兵庫県,神戸市兵庫区,下沢通８丁目,20240727,15,４階建て以上共同住宅,駐車（輪）場,20歳代,その他,施錠せず
窃盗,自転車盗,兵庫,皿池,281051,兵庫県,神戸市兵庫区,下沢通８丁目,20240818,11,駐車（輪）場,駐車（輪）場,20歳代,大学生,施錠せず
窃盗,自転車盗,兵庫,皿池,281051,兵庫県,神戸市兵庫区,下沢通８丁目,20240830,8,駐車（輪）場,駐車（輪）場,10歳代,高校生,施錠した
窃盗,自転車盗,兵庫,皿池,281051,兵庫県,神戸市兵庫区,下沢通８丁目,20241003,22,４階建て以上共同住宅,駐車（輪）場,10歳代,中学生,施錠した
窃盗,自転車盗,兵庫,皿池,281051,兵庫県,神戸市兵庫区,中道通４丁目,20240730,0,道路上,その他,20歳代,その他,施錠した
窃盗,自転車盗,兵庫,皿池,281051,兵庫県,神戸市兵庫区,中道通８丁目,20240313,16,道路上,その他,20歳代,その他,施錠した
窃盗,自転車盗,兵庫,皿池,281051,兵庫県,神戸市兵庫区,中道通９丁目,20240202,8,一戸建住宅,駐車（輪）場,10歳代,小学生,施錠した
窃盗,自転車盗,兵庫,皿池,281051,兵庫県,神戸市兵庫区,中道通９丁目,20240327,13,一戸建住宅,駐車（輪）場,30歳代,その他,施錠せず
窃盗,自転車盗,兵庫,皿池,281051,兵庫県,神戸市兵庫区,水木通３丁目,20240519,18,道路上,その他,20歳代,その他,施錠した
窃盗,自転車盗,兵庫,皿池,281051,兵庫県,神戸市兵庫区,水木通３丁目,20240829,18,一戸建住宅,その他,10歳代,中学生,施錠せず
窃盗,自転車盗,兵庫,皿池,281051,兵庫県,神戸市兵庫区,水木通４丁目,20240706,18,４階建て以上共同住宅,駐車（輪）場,40歳代,その他,施錠した
窃盗,自転車盗,兵庫,皿池,281051,兵庫県,神戸市兵庫区,水木通５丁目,20240122,20,道路上,その他,20歳代,その他,施錠せず
窃盗,自転車盗,兵庫,皿池,281051,兵庫県,神戸市兵庫区,水木通５丁目,20241101,20,道路上,その他,20歳代,その他,施錠せず
窃盗,自転車盗,兵庫,皿池,281051,兵庫県,神戸市兵庫区,水木通７丁目,20230907,12,その他,駐車（輪）場,40歳代,その他,施錠した
窃盗,自転車盗,兵庫,皿池,281051,兵庫県,神戸市兵庫区,水木通７丁目,20230907,12,その他,駐車（輪）場,40歳代,その他,施錠した
窃盗,自転車盗,兵庫,皿池,281051,兵庫県,神戸市兵庫区,水木通７丁目,20230907,12,その他,駐車（輪）場,40歳代,その他,施錠した
窃盗,自転車盗,兵庫,皿池,281051,兵庫県,神戸市兵庫区,水木通７丁目,20240412,18,駐車（輪）場,駐車（輪）場,30歳代,その他,施錠した
窃盗,自転車盗,兵庫,皿池,281051,兵庫県,神戸市兵庫区,水木通７丁目,20240622,11,駐車（輪）場,駐車（輪）場,50歳代,その他,施錠した
窃盗,自転車盗,兵庫,皿池,281051,兵庫県,神戸市兵庫区,水木通７丁目,20240706,6,その他の住宅（３階建て以下共同住宅等）,駐車（輪）場,40歳代,その他,施錠した
窃盗,自転車盗,兵庫,皿池,281051,兵庫県,神戸市兵庫区,水木通７丁目,20240716,20,駐車（輪）場,駐車（輪）場,20歳代,その他,施錠した
窃盗,自転車盗,兵庫,皿池,281051,兵庫県,神戸市兵庫区,水木通７丁目,20240816,16,駐車（輪）場,駐車（輪）場,10歳代,高校生,施錠せず
窃盗,自転車盗,兵庫,皿池,281051,兵庫県,神戸市兵庫区,水木通７丁目,20241121,10,道路上,その他,40歳代,その他,施錠した
窃盗,自転車盗,兵庫,皿池,281051,兵庫県,神戸市兵庫区,水木通８丁目,20240311,7,道路上,その他,20歳代,その他,施錠せず
窃盗,自転車盗,兵庫,皿池,281051,兵庫県,神戸市兵庫区,水木通８丁目,20240715,17,４階建て以上共同住宅,その他,30歳代,その他,施錠した
窃盗,自転車盗,兵庫,大開,281051,兵庫県,神戸市兵庫区,大開通３丁目,20240716,15,道路上,その他,30歳代,その他,施錠せず
窃盗,自転車盗,兵庫,大開,281051,兵庫県,神戸市兵庫区,大開通５丁目,20240623,16,４階建て以上共同住宅,駐車（輪）場,40歳代,その他,施錠せず
窃盗,自転車盗,兵庫,大開,281051,兵庫県,神戸市兵庫区,大開通５丁目,20240831,19,４階建て以上共同住宅,その他,20歳代,その他,施錠した
窃盗,自転車盗,兵庫,大開,281051,兵庫県,神戸市兵庫区,大開通５丁目,20241006,14,道路上,その他,20歳代,その他,施錠した
窃盗,自転車盗,兵庫,大開,281051,兵庫県,神戸市兵庫区,大開通５丁目,20241022,21,道路上,その他,10歳代,高校生,施錠した
窃盗,自転車盗,兵庫,大開,281051,兵庫県,神戸市兵庫区,大開通６丁目,20240727,15,その他,駐車（輪）場,20歳代,その他,施錠せず
窃盗,自転車盗,兵庫,大開,281051,兵庫県,神戸市兵庫区,大開通６丁目,20240727,15,その他,駐車（輪）場,20歳代,その他,施錠せず
窃盗,自転車盗,兵庫,大開,281051,兵庫県,神戸市兵庫区,大開通６丁目,20241021,7,その他,駐車（輪）場,50歳代,その他,施錠せず
窃盗,自転車盗,兵庫,大開,281051,兵庫県,神戸市兵庫区,大開通７丁目,20241007,7,道路上,その他,30歳代,高校生,施錠せず
窃盗,自転車盗,兵庫,大開,281051,兵庫県,神戸市兵庫区,大開通７丁目,20241222,11,駐車（輪）場,駐車（輪）場,65-69歳,その他,施錠せず
窃盗,自転車盗,兵庫,大開,281051,兵庫県,神戸市兵庫区,塚本通３丁目,20231229,23,４階建て以上共同住宅,その他,60-64歳,その他,施錠した
窃盗,自転車盗,兵庫,大開,281051,兵庫県,神戸市兵庫区,塚本通３丁目,20240614,12,４階建て以上共同住宅,駐車（輪）場,40歳代,その他,施錠せず
窃盗,自転車盗,兵庫,大開,281051,兵庫県,神戸市兵庫区,塚本通５丁目,20240120,19,４階建て以上共同住宅,駐車（輪）場,20歳代,その他,施錠した
窃盗,自転車盗,兵庫,大開,281051,兵庫県,神戸市兵庫区,塚本通５丁目,20240209,21,道路上,その他,10歳代,高校生,施錠した
窃盗,自転車盗,兵庫,大開,281051,兵庫県,神戸市兵庫区,塚本通５丁目,20240901,18,駐車（輪）場,駐車（輪）場,50歳代,その他,施錠した
窃盗,自転車盗,兵庫,大開,281051,兵庫県,神戸市兵庫区,羽坂通３丁目,20240316,19,道路上,その他,20歳代,その他,施錠した
窃盗,自転車盗,兵庫,大開,281051,兵庫県,神戸市兵庫区,羽坂通３丁目,20240711,13,４階建て以上共同住宅,駐車（輪）場,10歳代,高校生,施錠せず
窃盗,自転車盗,兵庫,大開,281051,兵庫県,神戸市兵庫区,羽坂通３丁目,20240724,22,４階建て以上共同住宅,駐車（輪）場,20歳代,その他,施錠せず
窃盗,自転車盗,兵庫,大開,281051,兵庫県,神戸市兵庫区,羽坂通３丁目,20241027,8,駐車（輪）場,駐車（輪）場,20歳代,その他,施錠せず
窃盗,自転車盗,兵庫,大開,281051,兵庫県,神戸市兵庫区,三川口町２丁目,20240723,20,駐車（輪）場,駐車（輪）場,20歳代,その他,施錠した
窃盗,自転車盗,兵庫,大開,281051,兵庫県,神戸市兵庫区,三川口町２丁目,20241026,7,道路上,その他,20歳代,その他,施錠せず
窃盗,自転車盗,兵庫,大開,281051,兵庫県,神戸市兵庫区,三川口町２丁目,20241105,6,道路上,その他,20歳代,その他,施錠した
窃盗,自転車盗,兵庫,大開,281051,兵庫県,神戸市兵庫区,三川口町３丁目,20240920,19,道路上,その他,20歳代,その他,施錠した
窃盗,自転車盗,兵庫,大開,281051,兵庫県,神戸市兵庫区,三川口町３丁目,20241021,20,道路上,その他,20歳代,その他,施錠した
窃盗,自転車盗,兵庫,兵庫駅前,281051,兵庫県,神戸市兵庫区,駅前通１丁目,20240126,17,その他,駐車（輪）場,30歳代,その他,施錠せず
窃盗,自転車盗,兵庫,兵庫駅前,281051,兵庫県,神戸市兵庫区,駅前通１丁目,20240130,17,駐車（輪）場,駐車（輪）場,30歳代,その他,施錠せず
窃盗,自転車盗,兵庫,兵庫駅前,281051,兵庫県,神戸市兵庫区,駅前通１丁目,20240127,18,駐車（輪）場,駐車（輪）場,30歳代,その他,施錠した
窃盗,自転車盗,兵庫,兵庫駅前,281051,兵庫県,神戸市兵庫区,駅前通１丁目,20240227,16,道路上,その他,60-64歳,その他,施錠した
窃盗,自転車盗,兵庫,兵庫駅前,281051,兵庫県,神戸市兵庫区,駅前通１丁目,20240410,18,道路上,その他,20歳代,その他,施錠した
窃盗,自転車盗,兵庫,兵庫駅前,281051,兵庫県,神戸市兵庫区,駅前通１丁目,20240329,6,駐車（輪）場,駐車（輪）場,30歳代,その他,施錠せず
窃盗,自転車盗,兵庫,兵庫駅前,281051,兵庫県,神戸市兵庫区,駅前通１丁目,20240725,7,道路上,その他,20歳代,その他,施錠した
窃盗,自転車盗,兵庫,兵庫駅前,281051,兵庫県,神戸市兵庫区,駅前通１丁目,20240422,23,その他,駐車（輪）場,10歳代,その他,施錠した
窃盗,自転車盗,兵庫,兵庫駅前,281051,兵庫県,神戸市兵庫区,駅前通１丁目,20240723,12,その他,駐車（輪）場,10歳代,高校生,施錠せず
窃盗,自転車盗,兵庫,兵庫駅前,281051,兵庫県,神戸市兵庫区,駅前通１丁目,20240822,19,駐車（輪）場,駐車（輪）場,10歳代,中学生,施錠せず
窃盗,自転車盗,兵庫,兵庫駅前,281051,兵庫県,神戸市兵庫区,駅前通１丁目,20241009,7,駐車（輪）場,駐車（輪）場,70歳以上,その他,施錠した
窃盗,自転車盗,兵庫,兵庫駅前,281051,兵庫県,神戸市兵庫区,駅前通１丁目,20241030,20,駐車（輪）場,駐車（輪）場,30歳代,その他,施錠した
窃盗,自転車盗,兵庫,兵庫駅前,281051,兵庫県,神戸市兵庫区,駅前通１丁目,20241123,10,道路上,その他,10歳代,高校生,施錠せず
窃盗,自転車盗,兵庫,兵庫駅前,281051,兵庫県,神戸市兵庫区,駅前通２丁目,20240114,17,４階建て以上共同住宅,その他,50歳代,その他,施錠せず
窃盗,自転車盗,兵庫,兵庫駅前,281051,兵庫県,神戸市兵庫区,駅前通２丁目,20240601,16,４階建て以上共同住宅,駐車（輪）場,10歳代,小学生,施錠せず
窃盗,自転車盗,兵庫,兵庫駅前,281051,兵庫県,神戸市兵庫区,駅前通３丁目,20240214,15,４階建て以上共同住宅,駐車（輪）場,50歳代,その他,施錠した
窃盗,自転車盗,兵庫,兵庫駅前,281051,兵庫県,神戸市兵庫区,駅前通４丁目,20240517,22,４階建て以上共同住宅,駐車（輪）場,30歳代,その他,施錠した
窃盗,自転車盗,兵庫,兵庫駅前,281051,兵庫県,神戸市兵庫区,駅前通４丁目,20240915,20,４階建て以上共同住宅,その他,30歳代,その他,施錠した
窃盗,自転車盗,兵庫,兵庫駅前,281051,兵庫県,神戸市兵庫区,駅前通４丁目,20241222,15,駐車（輪）場,駐車（輪）場,70歳以上,その他,施錠した
窃盗,自転車盗,兵庫,兵庫駅前,281051,兵庫県,神戸市兵庫区,駅前通５丁目,20241022,23,道路上,その他,30歳代,その他,施錠せず
窃盗,自転車盗,兵庫,兵庫駅前,281051,兵庫県,神戸市兵庫区,駅前通５丁目,20241110,5,４階建て以上共同住宅,駐車（輪）場,30歳代,その他,施錠した
窃盗,自転車盗,兵庫,兵庫駅前,281051,兵庫県,神戸市兵庫区,駅南通５丁目,20240527,14,駐車（輪）場,駐車（輪）場,70歳以上,その他,施錠した
窃盗,自転車盗,兵庫,兵庫駅前,281051,兵庫県,神戸市兵庫区,駅南通５丁目,20240620,17,駐車（輪）場,駐車（輪）場,20歳代,その他,施錠せず
窃盗,自転車盗,兵庫,兵庫駅前,281051,兵庫県,神戸市兵庫区,大開通８丁目,20240604,21,４階建て以上共同住宅,駐車（輪）場,10歳未満,小学生,施錠せず
窃盗,自転車盗,兵庫,兵庫駅前,281051,兵庫県,神戸市兵庫区,大開通８丁目,20241121,6,４階建て以上共同住宅,駐車（輪）場,10歳未満,小学生,施錠せず
窃盗,自転車盗,兵庫,兵庫駅前,281051,兵庫県,神戸市兵庫区,大開通９丁目,20230411,0,４階建て以上共同住宅,駐車（輪）場,20歳代,大学生,施錠した
窃盗,自転車盗,兵庫,兵庫駅前,281051,兵庫県,神戸市兵庫区,大開通１０丁目,20240529,14,道路上,その他,20歳代,その他,施錠せず
窃盗,自転車盗,兵庫,兵庫駅前,281051,兵庫県,神戸市兵庫区,塚本通５丁目,20241217,15,４階建て以上共同住宅,駐車（輪）場,40歳代,その他,施錠せず
窃盗,自転車盗,兵庫,兵庫駅前,281051,兵庫県,神戸市兵庫区,羽坂通３丁目,20240824,16,駐車（輪）場,駐車（輪）場,50歳代,その他,施錠せず
窃盗,自転車盗,兵庫,兵庫駅前,281051,兵庫県,神戸市兵庫区,羽坂通４丁目,20240506,12,４階建て以上共同住宅,駐車（輪）場,20歳代,その他,施錠せず
窃盗,自転車盗,兵庫,兵庫駅前,281051,兵庫県,神戸市兵庫区,羽坂通４丁目,20240727,13,駐車（輪）場,駐車（輪）場,20歳代,その他,施錠せず
窃盗,自転車盗,兵庫,兵庫駅前,281051,兵庫県,神戸市兵庫区,羽坂通４丁目,20240826,8,道路上,その他,30歳代,その他,施錠せず
窃盗,自転車盗,兵庫,兵庫駅前,281051,兵庫県,神戸市兵庫区,羽坂通４丁目,20240907,20,駐車（輪）場,駐車（輪）場,50歳代,その他,施錠せず
窃盗,自転車盗,兵庫,兵庫駅前,281051,兵庫県,神戸市兵庫区,羽坂通４丁目,20240902,19,駐車（輪）場,駐車（輪）場,50歳代,その他,施錠した
窃盗,自転車盗,兵庫,兵庫駅前,281051,兵庫県,神戸市兵庫区,羽坂通４丁目,20241018,19,駐車（輪）場,駐車（輪）場,40歳代,その他,施錠した
窃盗,自転車盗,兵庫,兵庫駅前,281051,兵庫県,神戸市兵庫区,羽坂通４丁目,20241117,12,駐車（輪）場,駐車（輪）場,30歳代,その他,施錠せず
窃盗,自転車盗,兵庫,兵庫駅前,281051,兵庫県,神戸市兵庫区,湊町３丁目,20241021,18,駐車（輪）場,駐車（輪）場,30歳代,その他,施錠した
窃盗,自転車盗,兵庫,七宮,281051,兵庫県,神戸市兵庫区,鍛冶屋町２丁目,20241001,21,道路上,その他,20歳代,その他,施錠せず
窃盗,自転車盗,兵庫,七宮,281051,兵庫県,神戸市兵庫区,七宮町２丁目,20240804,18,４階建て以上共同住宅,その他,30歳代,その他,施錠した
窃盗,自転車盗,兵庫,七宮,281051,兵庫県,神戸市兵庫区,七宮町２丁目,20240804,18,４階建て以上共同住宅,その他,30歳代,その他,施錠した
窃盗,自転車盗,兵庫,七宮,281051,兵庫県,神戸市兵庫区,七宮町２丁目,20230701,0,４階建て以上共同住宅,駐車（輪）場,40歳代,その他,施錠せず
窃盗,自転車盗,兵庫,七宮,281051,兵庫県,神戸市兵庫区,七宮町２丁目,20241002,19,道路上,その他,10歳代,中学生,施錠した
窃盗,自転車盗,兵庫,七宮,281051,兵庫県,神戸市兵庫区,七宮町２丁目,20241112,18,道路上,その他,10歳代,中学生,施錠した
窃盗,自転車盗,兵庫,七宮,281051,兵庫県,神戸市兵庫区,七宮町２丁目,20241220,18,道路上,その他,10歳代,中学生,施錠せず
窃盗,自転車盗,兵庫,七宮,281051,兵庫県,神戸市兵庫区,西仲町,20240710,12,その他,駐車（輪）場,50歳代,その他,施錠した
窃盗,自転車盗,兵庫,七宮,281051,兵庫県,神戸市兵庫区,西宮内町,20240212,19,その他の住宅（３階建て以下共同住宅等）,駐車（輪）場,20歳代,その他,施錠せず
窃盗,自転車盗,兵庫,七宮,281051,兵庫県,神戸市兵庫区,西柳原町,20240603,20,道路上,その他,20歳代,その他,施錠した
窃盗,自転車盗,兵庫,七宮,281051,兵庫県,神戸市兵庫区,西柳原町,20240602,22,その他の住宅（３階建て以下共同住宅等）,その他,20歳代,その他,施錠せず
窃盗,自転車盗,兵庫,七宮,281051,兵庫県,神戸市兵庫区,西柳原町,20240615,8,その他,駐車（輪）場,40歳代,その他,施錠した
窃盗,自転車盗,兵庫,七宮,281051,兵庫県,神戸市兵庫区,西柳原町,20240921,16,道路上,その他,20歳代,その他,施錠せず
窃盗,自転車盗,兵庫,七宮,281051,兵庫県,神戸市兵庫区,浜崎通,20231228,18,４階建て以上共同住宅,駐車（輪）場,20歳代,その他,施錠せず
窃盗,自転車盗,兵庫,七宮,281051,兵庫県,神戸市兵庫区,浜崎通,20240108,21,４階建て以上共同住宅,駐車（輪）場,50歳代,その他,施錠せず
窃盗,自転車盗,兵庫,七宮,281051,兵庫県,神戸市兵庫区,浜崎通,20240209,8,駐車（輪）場,駐車（輪）場,10歳代,高校生,施錠した
窃盗,自転車盗,兵庫,七宮,281051,兵庫県,神戸市兵庫区,浜崎通,20240330,8,道路上,その他,10歳代,大学生,施錠した
窃盗,自転車盗,兵庫,七宮,281051,兵庫県,神戸市兵庫区,浜崎通,20240405,8,駐車（輪）場,駐車（輪）場,30歳代,その他,施錠した
窃盗,自転車盗,兵庫,七宮,281051,兵庫県,神戸市兵庫区,浜崎通,20240720,9,駐車（輪）場,駐車（輪）場,20歳代,その他,施錠せず
窃盗,自転車盗,兵庫,七宮,281051,兵庫県,神戸市兵庫区,東柳原町,20240825,13,その他,駐車（輪）場,50歳代,その他,施錠せず
窃盗,自転車盗,兵庫,七宮,281051,兵庫県,神戸市兵庫区,東柳原町,20241031,19,駐車（輪）場,駐車（輪）場,30歳代,その他,施錠せず
窃盗,自転車盗,兵庫,七宮,281051,兵庫県,神戸市兵庫区,兵庫町２丁目,20240921,17,４階建て以上共同住宅,駐車（輪）場,50歳代,その他,施錠した
窃盗,自転車盗,兵庫,七宮,281051,兵庫県,神戸市兵庫区,兵庫町２丁目,20241214,21,４階建て以上共同住宅,駐車（輪）場,20歳代,その他,施錠せず
窃盗,自転車盗,兵庫,七宮,281051,兵庫県,神戸市兵庫区,本町１丁目,20240226,12,道路上,その他,30歳代,その他,施錠せず
窃盗,自転車盗,兵庫,七宮,281051,兵庫県,神戸市兵庫区,三川口町１丁目,20240809,18,一戸建住宅,駐車（輪）場,10歳代,高校生,施錠せず
窃盗,自転車盗,兵庫,七宮,281051,兵庫県,神戸市兵庫区,三川口町１丁目,20241108,13,道路上,その他,60-64歳,その他,施錠した
窃盗,自転車盗,兵庫,七宮,281051,兵庫県,神戸市兵庫区,三川口町１丁目,20241025,15,道路上,その他,60-64歳,その他,施錠した
窃盗,自転車盗,兵庫,七宮,281051,兵庫県,神戸市兵庫区,三川口町１丁目,20241112,18,道路上,その他,20歳代,その他,施錠した
窃盗,自転車盗,兵庫,七宮,281051,兵庫県,神戸市兵庫区,門口町,20240112,19,道路上,その他,10歳代,中学生,施錠せず
窃盗,自転車盗,兵庫,中之島,281051,兵庫県,神戸市兵庫区,出在家町２丁目,20240429,1,その他の住宅（３階建て以下共同住宅等）,その他,10歳代,中学生,施錠した
窃盗,自転車盗,兵庫,中之島,281051,兵庫県,神戸市兵庫区,出在家町２丁目,20240817,17,一戸建住宅,その他,10歳未満,小学生,施錠せず
窃盗,自転車盗,兵庫,中之島,281051,兵庫県,神戸市兵庫区,中之島２丁目,20240320,14,その他,駐車（輪）場,10歳代,高校生,施錠せず
窃盗,自転車盗,兵庫,中之島,281051,兵庫県,神戸市兵庫区,中之島２丁目,20240715,18,その他,駐車（輪）場,40歳代,その他,施錠せず
窃盗,自転車盗,兵庫,中之島,281051,兵庫県,神戸市兵庫区,中之島２丁目,20240721,12,その他,駐車（輪）場,10歳代,中学生,施錠せず
窃盗,自転車盗,兵庫,中之島,281051,兵庫県,神戸市兵庫区,中之島２丁目,20240727,9,その他,駐車（輪）場,10歳代,中学生,施錠せず
窃盗,自転車盗,兵庫,中之島,281051,兵庫県,神戸市兵庫区,中之島２丁目,20240802,15,その他,駐車（輪）場,10歳代,高校生,施錠せず
窃盗,自転車盗,兵庫,中之島,281051,兵庫県,神戸市兵庫区,中之島２丁目,20240822,19,駐車（輪）場,駐車（輪）場,20歳代,その他,施錠せず
窃盗,自転車盗,兵庫,中之島,281051,兵庫県,神戸市兵庫区,中之島２丁目,20240930,19,その他,駐車（輪）場,10歳代,高校生,施錠せず
窃盗,自転車盗,兵庫,中之島,281051,兵庫県,神戸市兵庫区,中之島２丁目,20241014,7,駐車（輪）場,駐車（輪）場,30歳代,その他,施錠した
窃盗,自転車盗,兵庫,中之島,281051,兵庫県,神戸市兵庫区,中之島２丁目,20241223,14,駐車（輪）場,駐車（輪）場,10歳代,中学生,施錠せず
窃盗,自転車盗,兵庫,明親,281051,兵庫県,神戸市兵庫区,芦原通４丁目,20240916,16,その他の住宅（３階建て以下共同住宅等）,駐車（輪）場,30歳代,その他,施錠した
窃盗,自転車盗,兵庫,明親,281051,兵庫県,神戸市兵庫区,駅前通５丁目,20240101,15,道路上,その他,20歳代,その他,施錠した
窃盗,自転車盗,兵庫,明親,281051,兵庫県,神戸市兵庫区,駅前通５丁目,20240320,6,駐車（輪）場,駐車（輪）場,30歳代,その他,施錠した
窃盗,自転車盗,兵庫,明親,281051,兵庫県,神戸市兵庫区,駅南通１丁目,20241103,5,道路上,その他,20歳代,その他,施錠した
窃盗,自転車盗,兵庫,明親,281051,兵庫県,神戸市兵庫区,駅南通５丁目,20240212,12,駐車（輪）場,駐車（輪）場,20歳代,その他,施錠せず
窃盗,自転車盗,兵庫,明親,281051,兵庫県,神戸市兵庫区,駅南通５丁目,20240323,14,駐車（輪）場,駐車（輪）場,20歳代,その他,施錠した
窃盗,自転車盗,兵庫,明親,281051,兵庫県,神戸市兵庫区,駅南通５丁目,20240508,14,４階建て以上共同住宅,駐車（輪）場,10歳代,中学生,施錠せず
窃盗,自転車盗,兵庫,明親,281051,兵庫県,神戸市兵庫区,駅南通５丁目,20240119,23,駐車（輪）場,駐車（輪）場,20歳代,その他,施錠した
窃盗,自転車盗,兵庫,明親,281051,兵庫県,神戸市兵庫区,駅南通５丁目,20240726,20,駐車（輪）場,駐車（輪）場,20歳代,その他,施錠した
窃盗,自転車盗,兵庫,明親,281051,兵庫県,神戸市兵庫区,駅南通５丁目,20240809,2,その他,駐車（輪）場,20歳代,その他,施錠した
窃盗,自転車盗,兵庫,明親,281051,兵庫県,神戸市兵庫区,駅南通５丁目,20240914,18,４階建て以上共同住宅,駐車（輪）場,40歳代,その他,施錠せず
窃盗,自転車盗,兵庫,明親,281051,兵庫県,神戸市兵庫区,駅南通５丁目,20241002,12,駐車（輪）場,駐車（輪）場,70歳以上,その他,施錠せず
窃盗,自転車盗,兵庫,明親,281051,兵庫県,神戸市兵庫区,駅南通５丁目,20241026,7,駐車（輪）場,駐車（輪）場,30歳代,その他,施錠せず
窃盗,自転車盗,兵庫,明親,281051,兵庫県,神戸市兵庫区,駅南通５丁目,20241103,5,道路上,その他,50歳代,その他,施錠した
窃盗,自転車盗,兵庫,明親,281051,兵庫県,神戸市兵庫区,駅南通５丁目,不明,不明,４階建て以上共同住宅,駐車（輪）場,60-64歳,その他,施錠した
窃盗,自転車盗,兵庫,明親,281051,兵庫県,神戸市兵庫区,駅南通５丁目,20241111,18,道路上,その他,70歳以上,その他,施錠した
窃盗,自転車盗,兵庫,明親,281051,兵庫県,神戸市兵庫区,駅南通５丁目,20241217,12,その他,駐車（輪）場,20歳代,大学生,施錠せず
窃盗,自転車盗,兵庫,明親,281051,兵庫県,神戸市兵庫区,駅南通５丁目,20241224,22,駐車（輪）場,駐車（輪）場,20歳代,その他,施錠せず
窃盗,自転車盗,兵庫,明親,281051,兵庫県,神戸市兵庫区,小河通３丁目,20240806,18,４階建て以上共同住宅,駐車（輪）場,40歳代,その他,施錠せず
窃盗,自転車盗,兵庫,明親,281051,兵庫県,神戸市兵庫区,小河通３丁目,20240906,8,その他の住宅（３階建て以下共同住宅等）,駐車（輪）場,30歳代,その他,施錠した
窃盗,自転車盗,兵庫,明親,281051,兵庫県,神戸市兵庫区,小河通５丁目,20240716,18,道路上,その他,30歳代,その他,施錠せず
窃盗,自転車盗,兵庫,明親,281051,兵庫県,神戸市兵庫区,切戸町,20240212,15,４階建て以上共同住宅,その他,50歳代,その他,施錠した
窃盗,自転車盗,兵庫,明親,281051,兵庫県,神戸市兵庫区,松原通３丁目,20240427,20,道路上,その他,30歳代,その他,施錠せず
窃盗,自転車盗,兵庫,明親,281051,兵庫県,神戸市兵庫区,松原通５丁目,20240412,22,４階建て以上共同住宅,駐車（輪）場,10歳代,中学生,施錠せず
窃盗,自転車盗,兵庫,明親,281051,兵庫県,神戸市兵庫区,明和通２丁目,20240103,8,４階建て以上共同住宅,駐車（輪）場,10歳代,小学生,施錠せず
窃盗,自転車盗,兵庫,明親,281051,兵庫県,神戸市兵庫区,明和通２丁目,20240730,16,４階建て以上共同住宅,その他,10歳代,中学生,施錠せず
窃盗,自転車盗,兵庫,御崎公園,281051,兵庫県,神戸市兵庫区,今出在家町１丁目,20240713,12,道路上,その他,20歳代,その他,施錠せず
窃盗,自転車盗,兵庫,御崎公園,281051,兵庫県,神戸市兵庫区,金平町１丁目,20241010,17,道路上,その他,10歳代,高校生,施錠せず
窃盗,自転車盗,兵庫,御崎公園,281051,兵庫県,神戸市兵庫区,浜山通３丁目,20240226,7,道路上,その他,30歳代,その他,施錠した
窃盗,自転車盗,兵庫,御崎公園,281051,兵庫県,神戸市兵庫区,御崎町１丁目,20240507,5,道路上,その他,20歳代,その他,施錠した
窃盗,自転車盗,兵庫,御崎公園,281051,兵庫県,神戸市兵庫区,御崎町２丁目,20240906,19,４階建て以上共同住宅,その他,40歳代,その他,施錠せず
窃盗,自転車盗,兵庫,御崎公園,281051,兵庫県,神戸市兵庫区,御崎本町１丁目,20241201,13,４階建て以上共同住宅,駐車（輪）場,50歳代,その他,施錠せず
窃盗,自転車盗,兵庫,御崎公園,281051,兵庫県,神戸市兵庫区,吉田町２丁目,20240315,15,道路上,その他,50歳代,その他,施錠せず
窃盗,自転車盗,長田,,,,,,20240320,不明,その他の住宅（３階建て以下共同住宅等）,その他,50歳代,その他,施錠せず
窃盗,自転車盗,長田,,,,,,不明,不明,その他の住宅（３階建て以下共同住宅等）,その他,50歳代,その他,施錠した
窃盗,自転車盗,長田,名倉,281069,兵庫県,神戸市長田区,長田天神町２丁目,20240404,7,その他,駐車（輪）場,50歳代,その他,施錠せず
窃盗,自転車盗,長田,名倉,281069,兵庫県,神戸市長田区,長田天神町５丁目,20230103,12,その他の住宅（３階建て以下共同住宅等）,駐車（輪）場,20歳代,その他,施錠せず
窃盗,自転車盗,長田,名倉,281069,兵庫県,神戸市長田区,名倉町１丁目,20241004,15,４階建て以上共同住宅,駐車（輪）場,70歳以上,その他,施錠せず
窃盗,自転車盗,長田,寺池,281069,兵庫県,神戸市長田区,片山町２丁目,20241206,16,道路上,その他,20歳代,その他,施錠せず
窃盗,自転車盗,長田,寺池,281069,兵庫県,神戸市長田区,片山町５丁目,20240620,15,その他の住宅（３階建て以下共同住宅等）,駐車（輪）場,50歳代,その他,施錠した
窃盗,自転車盗,長田,寺池,281069,兵庫県,神戸市長田区,北町１丁目,20240421,15,道路上,その他,50歳代,その他,施錠せず
窃盗,自転車盗,長田,寺池,281069,兵庫県,神戸市長田区,寺池町１丁目,20241024,23,道路上,その他,20歳代,その他,施錠せず
窃盗,自転車盗,長田,長田,281069,兵庫県,神戸市長田区,池田広町,20240530,13,４階建て以上共同住宅,駐車（輪）場,20歳代,その他,施錠せず
窃盗,自転車盗,長田,長田,281069,兵庫県,神戸市長田区,池田広町,20240530,18,一戸建住宅,駐車（輪）場,50歳代,その他,施錠せず
窃盗,自転車盗,長田,長田,281069,兵庫県,神戸市長田区,大塚町１丁目,20240128,16,道路上,その他,30歳代,その他,施錠せず
窃盗,自転車盗,長田,長田,281069,兵庫県,神戸市長田区,大塚町１丁目,20240210,21,道路上,その他,20歳代,その他,施錠せず
窃盗,自転車盗,長田,長田,281069,兵庫県,神戸市長田区,大塚町１丁目,20240515,16,その他,駐車（輪）場,30歳代,その他,施錠せず
窃盗,自転車盗,長田,長田,281069,兵庫県,神戸市長田区,大塚町１丁目,20241125,15,一戸建住宅,駐車（輪）場,65-69歳,その他,施錠した
窃盗,自転車盗,長田,長田,281069,兵庫県,神戸市長田区,大塚町３丁目,20240406,21,４階建て以上共同住宅,駐車（輪）場,10歳代,小学生,施錠せず
窃盗,自転車盗,長田,長田,281069,兵庫県,神戸市長田区,長田町１丁目,20240507,17,道路上,その他,20歳代,その他,施錠せず
窃盗,自転車盗,長田,長田,281069,兵庫県,神戸市長田区,長田町１丁目,20240805,17,道路上,その他,70歳以上,その他,施錠した
窃盗,自転車盗,長田,長田,281069,兵庫県,神戸市長田区,長田町１丁目,20240810,7,その他の住宅（３階建て以下共同住宅等）,駐車（輪）場,20歳代,その他,施錠せず
窃盗,自転車盗,長田,長田,281069,兵庫県,神戸市長田区,長田町２丁目,20240223,15,道路上,その他,10歳代,高校生,施錠した
窃盗,自転車盗,長田,長田,281069,兵庫県,神戸市長田区,長田町２丁目,20240304,6,４階建て以上共同住宅,駐車（輪）場,50歳代,その他,施錠した
窃盗,自転車盗,長田,長田,281069,兵庫県,神戸市長田区,長田町２丁目,20240317,13,その他,駐車（輪）場,20歳代,大学生,施錠した
窃盗,自転車盗,長田,長田,281069,兵庫県,神戸市長田区,長田町２丁目,20240630,20,その他,駐車（輪）場,10歳代,中学生,施錠せず
窃盗,自転車盗,長田,長田,281069,兵庫県,神戸市長田区,長田町２丁目,20241027,17,道路上,その他,10歳代,高校生,施錠した
窃盗,自転車盗,長田,長田,281069,兵庫県,神戸市長田区,西山町２丁目,20241101,0,道路上,その他,20歳代,その他,施錠せず
窃盗,自転車盗,長田,長田,281069,兵庫県,神戸市長田区,西山町２丁目,20241211,15,道路上,その他,30歳代,その他,施錠した
窃盗,自転車盗,長田,長田,281069,兵庫県,神戸市長田区,西山町３丁目,20240124,13,その他の住宅（３階建て以下共同住宅等）,その他,10歳代,その他,施錠した
窃盗,自転車盗,長田,長田,281069,兵庫県,神戸市長田区,西山町３丁目,20240817,23,道路上,その他,20歳代,その他,施錠した
窃盗,自転車盗,長田,長田,281069,兵庫県,神戸市長田区,林山町,20240712,22,道路上,その他,20歳代,その他,施錠した
窃盗,自転車盗,長田,長田,281069,兵庫県,神戸市長田区,宮川町１丁目,20240410,3,その他,駐車（輪）場,20歳代,その他,施錠せず
窃盗,自転車盗,長田,長田,281069,兵庫県,神戸市長田区,宮川町１丁目,20240716,17,その他の住宅（３階建て以下共同住宅等）,駐車（輪）場,10歳代,小学生,施錠せず
窃盗,自転車盗,長田,長田,281069,兵庫県,神戸市長田区,宮川町６丁目,20240915,17,４階建て以上共同住宅,駐車（輪）場,65-69歳,その他,施錠した
窃盗,自転車盗,長田,長田東,281069,兵庫県,神戸市長田区,北町１丁目,20240224,23,道路上,その他,20歳代,大学生,施錠せず
窃盗,自転車盗,長田,長田東,281069,兵庫県,神戸市長田区,北町１丁目,20240624,12,道路上,その他,70歳以上,その他,施錠した
窃盗,自転車盗,長田,長田東,281069,兵庫県,神戸市長田区,北町１丁目,20240712,7,駐車（輪）場,駐車（輪）場,20歳代,その他,施錠せず
窃盗,自転車盗,長田,長田東,281069,兵庫県,神戸市長田区,五番町１丁目,20231110,23,道路上,その他,10歳代,高校生,施錠した
窃盗,自転車盗,長田,長田東,281069,兵庫県,神戸市長田区,五番町１丁目,20240821,8,道路上,その他,70歳以上,大学生,施錠した
窃盗,自転車盗,長田,長田東,281069,兵庫県,神戸市長田区,五番町３丁目,20240621,18,４階建て以上共同住宅,その他,10歳代,中学生,施錠した
窃盗,自転車盗,長田,長田東,281069,兵庫県,神戸市長田区,五番町５丁目,20241103,21,道路上,その他,20歳代,大学生,施錠した
窃盗,自転車盗,長田,長田東,281069,兵庫県,神戸市長田区,五番町８丁目,20240401,14,駐車（輪）場,駐車（輪）場,10歳代,中学生,施錠せず
窃盗,自転車盗,長田,長田東,281069,兵庫県,神戸市長田区,五番町８丁目,20240707,10,その他,駐車（輪）場,60-64歳,その他,施錠せず
窃盗,自転車盗,長田,長田東,281069,兵庫県,神戸市長田区,五番町８丁目,20240809,17,駐車（輪）場,駐車（輪）場,20歳代,その他,施錠せず
窃盗,自転車盗,長田,長田東,281069,兵庫県,神戸市長田区,五番町８丁目,20241217,20,駐車（輪）場,駐車（輪）場,50歳代,その他,施錠せず
窃盗,自転車盗,長田,長田東,281069,兵庫県,神戸市長田区,三番町３丁目,20240816,16,その他の住宅（３階建て以下共同住宅等）,駐車（輪）場,10歳代,中学生,施錠せず
窃盗,自転車盗,長田,長田東,281069,兵庫県,神戸市長田区,三番町３丁目,20241128,20,４階建て以上共同住宅,駐車（輪）場,10歳代,高校生,施錠した
窃盗,自転車盗,長田,長田東,281069,兵庫県,神戸市長田区,三番町３丁目,20241129,15,４階建て以上共同住宅,駐車（輪）場,10歳代,小学生,施錠した
窃盗,自転車盗,長田,長田東,281069,兵庫県,神戸市長田区,二番町１丁目,20240710,21,駐車（輪）場,駐車（輪）場,20歳代,その他,施錠せず
窃盗,自転車盗,長田,長田東,281069,兵庫県,神戸市長田区,四番町,20240531,18,道路上,その他,20歳代,その他,施錠した
窃盗,自転車盗,長田,長田東,281069,兵庫県,神戸市長田区,四番町１丁目,20240218,9,道路上,その他,10歳代,小学生,施錠した
窃盗,自転車盗,長田,長田東,281069,兵庫県,神戸市長田区,四番町１丁目,20240924,7,駐車（輪）場,駐車（輪）場,10歳代,高校生,施錠せず
窃盗,自転車盗,長田,長田東,281069,兵庫県,神戸市長田区,四番町１丁目,20241104,13,道路上,その他,10歳代,高校生,施錠せず
窃盗,自転車盗,長田,長田東,281069,兵庫県,神戸市長田区,四番町３丁目,20240307,17,その他の住宅（３階建て以下共同住宅等）,駐車（輪）場,20歳代,その他,施錠せず
窃盗,自転車盗,長田,長田東,281069,兵庫県,神戸市長田区,四番町３丁目,20240410,14,道路上,その他,30歳代,その他,施錠した
窃盗,自転車盗,長田,長田東,281069,兵庫県,神戸市長田区,四番町４丁目,20240212,10,道路上,その他,40歳代,その他,施錠せず
窃盗,自転車盗,長田,長田東,281069,兵庫県,神戸市長田区,四番町４丁目,20240306,18,４階建て以上共同住宅,駐車（輪）場,65-69歳,その他,施錠せず
窃盗,自転車盗,長田,長田東,281069,兵庫県,神戸市長田区,四番町４丁目,20241201,18,４階建て以上共同住宅,駐車（輪）場,50歳代,その他,施錠した
窃盗,自転車盗,長田,長田東,281069,兵庫県,神戸市長田区,四番町４丁目,20241207,21,駐車（輪）場,駐車（輪）場,50歳代,その他,施錠した
窃盗,自転車盗,長田,長田東,281069,兵庫県,神戸市長田区,四番町６丁目,20240825,12,駐車（輪）場,駐車（輪）場,10歳代,大学生,施錠せず
窃盗,自転車盗,長田,長田東,281069,兵庫県,神戸市長田区,四番町７丁目,20240718,17,道路上,その他,10歳代,高校生,施錠せず
窃盗,自転車盗,長田,長田東,281069,兵庫県,神戸市長田区,四番町８丁目,20240124,21,道路上,その他,20歳代,その他,施錠せず
窃盗,自転車盗,長田,長田東,281069,兵庫県,神戸市長田区,四番町８丁目,20240511,13,道路上,その他,20歳代,その他,施錠した
窃盗,自転車盗,長田,長田東,281069,兵庫県,神戸市長田区,四番町８丁目,20240526,14,道路上,その他,20歳代,その他,施錠せず
窃盗,自転車盗,長田,長田東,281069,兵庫県,神戸市長田区,四番町８丁目,20240603,22,道路上,その他,20歳代,その他,施錠せず
窃盗,自転車盗,長田,長田東,281069,兵庫県,神戸市長田区,四番町８丁目,20240709,23,道路上,その他,20歳代,その他,施錠せず
窃盗,自転車盗,長田,長田東,281069,兵庫県,神戸市長田区,四番町８丁目,20240715,7,駐車（輪）場,駐車（輪）場,10歳代,高校生,施錠した
窃盗,自転車盗,長田,長田東,281069,兵庫県,神戸市長田区,四番町８丁目,20240714,22,道路上,その他,20歳代,大学生,施錠せず
窃盗,自転車盗,長田,長田東,281069,兵庫県,神戸市長田区,四番町８丁目,20240719,8,道路上,その他,20歳代,大学生,施錠した
窃盗,自転車盗,長田,長田東,281069,兵庫県,神戸市長田区,四番町８丁目,20240730,9,道路上,その他,10歳代,高校生,施錠した
窃盗,自転車盗,長田,長田東,281069,兵庫県,神戸市長田区,四番町８丁目,20240908,13,道路上,その他,10歳代,小学生,施錠せず
窃盗,自転車盗,長田,長田東,281069,兵庫県,神戸市長田区,四番町８丁目,20240913,18,道路上,その他,50歳代,その他,施錠した
窃盗,自転車盗,長田,長田東,281069,兵庫県,神戸市長田区,四番町８丁目,20241104,11,駐車（輪）場,駐車（輪）場,30歳代,その他,施錠した
窃盗,自転車盗,長田,長田東,281069,兵庫県,神戸市長田区,六番町３丁目,20240403,9,駐車（輪）場,駐車（輪）場,10歳代,その他,施錠せず
窃盗,自転車盗,長田,長田東,281069,兵庫県,神戸市長田区,六番町３丁目,20241004,18,４階建て以上共同住宅,駐車（輪）場,10歳代,その他,施錠せず
窃盗,自転車盗,長田,長田東,281069,兵庫県,神戸市長田区,六番町３丁目,20241115,12,その他の住宅（３階建て以下共同住宅等）,駐車（輪）場,20歳代,その他,施錠せず
窃盗,自転車盗,長田,長田東,281069,兵庫県,神戸市長田区,六番町４丁目,20240510,0,４階建て以上共同住宅,その他,50歳代,その他,施錠した
窃盗,自転車盗,長田,長田東,281069,兵庫県,神戸市長田区,六番町６丁目,20231220,19,その他の住宅（３階建て以下共同住宅等）,駐車（輪）場,20歳代,その他,施錠した
窃盗,自転車盗,長田,長田東,281069,兵庫県,神戸市長田区,六番町８丁目,20240916,7,道路上,その他,50歳代,その他,施錠した
窃盗,自転車盗,長田,長田東,281069,兵庫県,神戸市長田区,六番町８丁目,20240902,12,道路上,その他,10歳代,高校生,施錠した
窃盗,自転車盗,長田,御蔵,281069,兵庫県,神戸市長田区,一番町２丁目,20240814,8,その他,駐車（輪）場,40歳代,その他,施錠せず
窃盗,自転車盗,長田,御蔵,281069,兵庫県,神戸市長田区,一番町３丁目,20240112,23,４階建て以上共同住宅,駐車（輪）場,10歳代,高校生,施錠せず
窃盗,自転車盗,長田,御蔵,281069,兵庫県,神戸市長田区,一番町３丁目,20240330,10,４階建て以上共同住宅,駐車（輪）場,20歳代,その他,施錠した
窃盗,自転車盗,長田,御蔵,281069,兵庫県,神戸市長田区,一番町４丁目,20240331,14,道路上,その他,70歳以上,その他,施錠せず
窃盗,自転車盗,長田,御蔵,281069,兵庫県,神戸市長田区,北町１丁目,20240307,22,４階建て以上共同住宅,駐車（輪）場,20歳代,その他,施錠せず
窃盗,自転車盗,長田,御蔵,281069,兵庫県,神戸市長田区,北町１丁目,20240314,19,その他,駐車（輪）場,50歳代,その他,施錠した
窃盗,自転車盗,長田,御蔵,281069,兵庫県,神戸市長田区,北町１丁目,20240330,12,その他,駐車（輪）場,30歳代,その他,施錠せず
窃盗,自転車盗,長田,御蔵,281069,兵庫県,神戸市長田区,北町１丁目,20240919,10,駐車（輪）場,駐車（輪）場,70歳以上,その他,施錠せず
窃盗,自転車盗,長田,御蔵,281069,兵庫県,神戸市長田区,北町１丁目,20241116,10,道路上,その他,20歳代,大学生,施錠せず
窃盗,自転車盗,長田,御蔵,281069,兵庫県,神戸市長田区,北町１丁目,20241119,18,その他,駐車（輪）場,40歳代,その他,施錠した
窃盗,自転車盗,長田,御蔵,281069,兵庫県,神戸市長田区,北町１丁目,20241121,18,その他,駐車（輪）場,70歳以上,その他,施錠せず
窃盗,自転車盗,長田,御蔵,281069,兵庫県,神戸市長田区,北町２丁目,20240112,8,駐車（輪）場,駐車（輪）場,30歳代,その他,施錠せず
窃盗,自転車盗,長田,御蔵,281069,兵庫県,神戸市長田区,北町２丁目,20240130,2,道路上,その他,20歳代,その他,施錠せず
窃盗,自転車盗,長田,御蔵,281069,兵庫県,神戸市長田区,北町２丁目,20240315,16,道路上,その他,10歳代,高校生,施錠せず
窃盗,自転車盗,長田,御蔵,281069,兵庫県,神戸市長田区,北町２丁目,20240608,8,道路上,その他,40歳代,その他,施錠した
窃盗,自転車盗,長田,御蔵,281069,兵庫県,神戸市長田区,北町２丁目,20240613,16,道路上,その他,10歳代,高校生,施錠せず
窃盗,自転車盗,長田,御蔵,281069,兵庫県,神戸市長田区,北町２丁目,20241011,13,駐車（輪）場,駐車（輪）場,50歳代,その他,施錠せず
窃盗,自転車盗,長田,御蔵,281069,兵庫県,神戸市長田区,北町３丁目,20231231,15,４階建て以上共同住宅,駐車（輪）場,70歳以上,その他,施錠した
窃盗,自転車盗,長田,御蔵,281069,兵庫県,神戸市長田区,北町３丁目,20240823,17,道路上,その他,10歳代,その他,施錠せず
窃盗,自転車盗,長田,御蔵,281069,兵庫県,神戸市長田区,北町３丁目,20240911,14,４階建て以上共同住宅,駐車（輪）場,60-64歳,その他,施錠した
窃盗,自転車盗,長田,御蔵,281069,兵庫県,神戸市長田区,菅原通５丁目,20240606,0,道路上,その他,20歳代,その他,施錠せず
窃盗,自転車盗,長田,御蔵,281069,兵庫県,神戸市長田区,菅原通５丁目,20241016,17,４階建て以上共同住宅,駐車（輪）場,50歳代,その他,施錠せず
窃盗,自転車盗,長田,御蔵,281069,兵庫県,神戸市長田区,菅原通６丁目,20240201,18,その他,駐車（輪）場,40歳代,その他,施錠せず
窃盗,自転車盗,長田,御蔵,281069,兵庫県,神戸市長田区,菅原通７丁目,20240106,7,道路上,その他,30歳代,その他,施錠した
窃盗,自転車盗,長田,御蔵,281069,兵庫県,神戸市長田区,菅原通７丁目,20240314,9,その他,駐車（輪）場,10歳代,中学生,施錠した
窃盗,自転車盗,長田,御蔵,281069,兵庫県,神戸市長田区,二番町３丁目,20241007,12,４階建て以上共同住宅,駐車（輪）場,70歳以上,その他,施錠した
窃盗,自転車盗,長田,御蔵,281069,兵庫県,神戸市長田区,二番町４丁目,20241101,21,駐車（輪）場,駐車（輪）場,20歳代,その他,施錠せず
窃盗,自転車盗,長田,御蔵,281069,兵庫県,神戸市長田区,東尻池町５丁目,20240118,18,４階建て以上共同住宅,駐車（輪）場,10歳代,中学生,施錠せず
窃盗,自転車盗,長田,御蔵,281069,兵庫県,神戸市長田区,御蔵通２丁目,20241016,19,４階建て以上共同住宅,駐車（輪）場,10歳代,高校生,施錠した
窃盗,自転車盗,長田,御蔵,281069,兵庫県,神戸市長田区,御蔵通３丁目,20241204,8,道路上,その他,50歳代,その他,施錠せず
窃盗,自転車盗,長田,御蔵,281069,兵庫県,神戸市長田区,御蔵通６丁目,20240206,12,その他,その他,50歳代,その他,施錠した
窃盗,自転車盗,長田,湊川大橋,281069,兵庫県,神戸市長田区,梅ケ香町１丁目,20240829,18,一戸建住宅,その他,20歳代,その他,施錠した
窃盗,自転車盗,長田,湊川大橋,281069,兵庫県,神戸市長田区,苅藻島町１丁目,20240517,23,その他,駐車（輪）場,20歳代,その他,施錠せず
窃盗,自転車盗,長田,湊川大橋,281069,兵庫県,神戸市長田区,苅藻通２丁目,20240709,21,その他の住宅（３階建て以下共同住宅等）,駐車（輪）場,20歳代,大学生,施錠せず
窃盗,自転車盗,長田,湊川大橋,281069,兵庫県,神戸市長田区,苅藻通２丁目,20241008,12,その他の住宅（３階建て以下共同住宅等）,駐車（輪）場,20歳代,その他,施錠した
窃盗,自転車盗,長田,湊川大橋,281069,兵庫県,神戸市長田区,苅藻通３丁目,20240715,18,道路上,その他,10歳代,その他,施錠せず
窃盗,自転車盗,長田,湊川大橋,281069,兵庫県,神戸市長田区,苅藻通５丁目,20231222,21,その他,その他,10歳代,その他,施錠せず
窃盗,自転車盗,長田,湊川大橋,281069,兵庫県,神戸市長田区,苅藻通７丁目,20240722,18,その他の住宅（３階建て以下共同住宅等）,駐車（輪）場,20歳代,その他,施錠した
窃盗,自転車盗,長田,湊川大橋,281069,兵庫県,神戸市長田区,長尾町１丁目,20241116,17,道路上,その他,40歳代,その他,施錠せず
窃盗,自転車盗,長田,湊川大橋,281069,兵庫県,神戸市長田区,浜添通３丁目,20241103,20,道路上,その他,20歳代,その他,施錠せず
窃盗,自転車盗,長田,湊川大橋,281069,兵庫県,神戸市長田区,浜添通５丁目,20240928,21,道路上,その他,40歳代,その他,施錠せず
窃盗,自転車盗,長田,湊川大橋,281069,兵庫県,神戸市長田区,東尻池新町,20241102,16,その他,駐車（輪）場,40歳代,その他,施錠せず
窃盗,自転車盗,長田,湊川大橋,281069,兵庫県,神戸市長田区,東尻池町１丁目,20241128,9,その他,駐車（輪）場,30歳代,その他,施錠した
窃盗,自転車盗,長田,湊川大橋,281069,兵庫県,神戸市長田区,東尻池町３丁目,20240108,16,その他,その他,65-69歳,その他,施錠した
窃盗,自転車盗,長田,湊川大橋,281069,兵庫県,神戸市長田区,東尻池町４丁目,20240709,22,その他の住宅（３階建て以下共同住宅等）,駐車（輪）場,20歳代,その他,施錠せず
窃盗,自転車盗,長田,湊川大橋,281069,兵庫県,神戸市長田区,東尻池町６丁目,20240223,18,一戸建住宅,駐車（輪）場,10歳代,その他,施錠せず
窃盗,自転車盗,長田,湊川大橋,281069,兵庫県,神戸市長田区,東尻池町８丁目,20240919,22,道路上,その他,20歳代,大学生,施錠した
窃盗,自転車盗,長田,湊川大橋,281069,兵庫県,神戸市長田区,真野町,20240914,16,その他,その他,10歳代,中学生,施錠せず
窃盗,自転車盗,長田,大谷,281069,兵庫県,神戸市長田区,大谷町１丁目,20240805,17,その他の住宅（３階建て以下共同住宅等）,その他,30歳代,その他,施錠した
窃盗,自転車盗,長田,大谷,281069,兵庫県,神戸市長田区,大谷町１丁目,20241026,17,その他の住宅（３階建て以下共同住宅等）,その他,20歳代,大学生,施錠せず
窃盗,自転車盗,長田,大谷,281069,兵庫県,神戸市長田区,大谷町３丁目,20230801,9,４階建て以上共同住宅,駐車（輪）場,20歳代,その他,施錠した
窃盗,自転車盗,長田,大谷,281069,兵庫県,神戸市長田区,五位ノ池町２丁目,20241012,12,４階建て以上共同住宅,その他,65-69歳,その他,施錠した
窃盗,自転車盗,長田,大谷,281069,兵庫県,神戸市長田区,蓮池町,20240415,11,４階建て以上共同住宅,駐車（輪）場,20歳代,その他,施錠した
窃盗,自転車盗,長田,大谷,281069,兵庫県,神戸市長田区,蓮宮通２丁目,20240501,15,道路上,その他,70歳以上,その他,施錠せず
窃盗,自転車盗,長田,大谷,281069,兵庫県,神戸市長田区,蓮宮通４丁目,20240316,15,道路上,その他,70歳以上,その他,施錠せず
窃盗,自転車盗,長田,大谷,281069,兵庫県,神戸市長田区,蓮宮通４丁目,20240329,0,その他の住宅（３階建て以下共同住宅等）,駐車（輪）場,20歳代,その他,施錠せず
窃盗,自転車盗,長田,大谷,281069,兵庫県,神戸市長田区,蓮宮通４丁目,20240923,9,その他の住宅（３階建て以下共同住宅等）,駐車（輪）場,20歳代,大学生,施錠せず
窃盗,自転車盗,長田,大谷,281069,兵庫県,神戸市長田区,御船通２丁目,20240406,17,４階建て以上共同住宅,駐車（輪）場,30歳代,その他,施錠した
窃盗,自転車盗,長田,大谷,281069,兵庫県,神戸市長田区,御船通４丁目,20240511,20,４階建て以上共同住宅,駐車（輪）場,50歳代,その他,施錠せず
窃盗,自転車盗,長田,大谷,281069,兵庫県,神戸市長田区,御船通５丁目,20240223,6,その他の住宅（３階建て以下共同住宅等）,駐車（輪）場,50歳代,その他,施錠した
窃盗,自転車盗,長田,大谷,281069,兵庫県,神戸市長田区,山下町２丁目,20241001,20,一戸建住宅,駐車（輪）場,20歳代,その他,施錠せず
窃盗,自転車盗,長田,平和台,281069,兵庫県,神戸市長田区,長尾町２丁目,20241209,9,道路上,その他,40歳代,その他,施錠した
窃盗,自転車盗,長田,平和台,281069,兵庫県,神戸市長田区,平和台町３丁目,20240605,19,その他,駐車（輪）場,20歳代,その他,施錠せず
窃盗,自転車盗,長田,新長田駅前,281069,兵庫県,神戸市長田区,大橋町４丁目,20240802,13,４階建て以上共同住宅,駐車（輪）場,65-69歳,その他,施錠した
窃盗,自転車盗,長田,新長田駅前,281069,兵庫県,神戸市長田区,大橋町４丁目,20240805,13,道路上,その他,60-64歳,その他,施錠せず
窃盗,自転車盗,長田,新長田駅前,281069,兵庫県,神戸市長田区,大橋町５丁目,20240517,21,４階建て以上共同住宅,駐車（輪）場,50歳代,その他,施錠した
窃盗,自転車盗,長田,新長田駅前,281069,兵庫県,神戸市長田区,大橋町５丁目,20241006,21,道路上,その他,40歳代,その他,施錠せず
窃盗,自転車盗,長田,新長田駅前,281069,兵庫県,神戸市長田区,大橋町５丁目,20231001,8,駐車（輪）場,駐車（輪）場,60-64歳,その他,施錠せず
窃盗,自転車盗,長田,新長田駅前,281069,兵庫県,神戸市長田区,大橋町６丁目,20240426,10,道路上,その他,20歳代,その他,施錠せず
窃盗,自転車盗,長田,新長田駅前,281069,兵庫県,神戸市長田区,大橋町６丁目,20240518,11,道路上,その他,70歳以上,その他,施錠せず
窃盗,自転車盗,長田,新長田駅前,281069,兵庫県,神戸市長田区,大橋町６丁目,20240606,16,道路上,その他,10歳代,中学生,施錠せず
窃盗,自転車盗,長田,新長田駅前,281069,兵庫県,神戸市長田区,大橋町６丁目,20240919,18,道路上,その他,40歳代,その他,施錠せず
窃盗,自転車盗,長田,新長田駅前,281069,兵庫県,神戸市長田区,大橋町６丁目,20240920,9,４階建て以上共同住宅,駐車（輪）場,30歳代,その他,施錠せず
窃盗,自転車盗,長田,新長田駅前,281069,兵庫県,神戸市長田区,大橋町８丁目,20240917,23,一戸建住宅,駐車（輪）場,70歳以上,その他,施錠した
窃盗,自転車盗,長田,新長田駅前,281069,兵庫県,神戸市長田区,神楽町６丁目,20240516,9,駐車（輪）場,駐車（輪）場,20歳代,大学生,施錠した
窃盗,自転車盗,長田,新長田駅前,281069,兵庫県,神戸市長田区,神楽町６丁目,20240719,21,駐車（輪）場,駐車（輪）場,20歳代,その他,施錠した
窃盗,自転車盗,長田,新長田駅前,281069,兵庫県,神戸市長田区,神楽町６丁目,20241005,9,駐車（輪）場,駐車（輪）場,30歳代,その他,施錠せず
窃盗,自転車盗,長田,新長田駅前,281069,兵庫県,神戸市長田区,神楽町６丁目,20241112,10,駐車（輪）場,駐車（輪）場,20歳代,その他,施錠した
窃盗,自転車盗,長田,新長田駅前,281069,兵庫県,神戸市長田区,西尻池町１丁目,20241110,14,道路上,その他,70歳以上,その他,施錠せず
窃盗,自転車盗,長田,新長田駅前,281069,兵庫県,神戸市長田区,日吉町１丁目,20240720,9,その他,その他,10歳未満,小学生,施錠せず
窃盗,自転車盗,長田,新長田駅前,281069,兵庫県,神戸市長田区,日吉町３丁目,20240421,17,４階建て以上共同住宅,駐車（輪）場,50歳代,その他,施錠した
窃盗,自転車盗,長田,新長田駅前,281069,兵庫県,神戸市長田区,日吉町３丁目,20241108,18,４階建て以上共同住宅,駐車（輪）場,30歳代,その他,施錠した
窃盗,自転車盗,長田,新長田駅前,281069,兵庫県,神戸市長田区,日吉町４丁目,20240316,18,その他,駐車（輪）場,50歳代,その他,施錠せず
窃盗,自転車盗,長田,新長田駅前,281069,兵庫県,神戸市長田区,松野通１丁目,20240309,21,道路上,その他,50歳代,その他,施錠した
窃盗,自転車盗,長田,新長田駅前,281069,兵庫県,神戸市長田区,松野通１丁目,20240620,15,駐車（輪）場,駐車（輪）場,30歳代,その他,施錠せず
窃盗,自転車盗,長田,新長田駅前,281069,兵庫県,神戸市長田区,松野通１丁目,20240811,8,その他,その他,40歳代,その他,施錠した
窃盗,自転車盗,長田,新長田駅前,281069,兵庫県,神戸市長田区,松野通１丁目,20240511,8,道路上,その他,10歳代,高校生,施錠せず
窃盗,自転車盗,長田,新長田駅前,281069,兵庫県,神戸市長田区,松野通１丁目,20241025,7,駐車（輪）場,駐車（輪）場,10歳代,高校生,施錠せず
窃盗,自転車盗,長田,新長田駅前,281069,兵庫県,神戸市長田区,若松町１丁目,20240423,17,道路上,その他,70歳以上,その他,施錠した
窃盗,自転車盗,長田,新長田駅前,281069,兵庫県,神戸市長田区,若松町１丁目,20240903,8,駐車（輪）場,駐車（輪）場,40歳代,その他,施錠した
窃盗,自転車盗,長田,新長田駅前,281069,兵庫県,神戸市長田区,若松町１丁目,20241216,4,道路上,その他,50歳代,その他,施錠せず
窃盗,自転車盗,長田,新長田駅前,281069,兵庫県,神戸市長田区,若松町３丁目,20240121,5,道路上,その他,10歳代,大学生,施錠せず
窃盗,自転車盗,長田,新長田駅前,281069,兵庫県,神戸市長田区,若松町３丁目,20240419,20,駐車（輪）場,駐車（輪）場,30歳代,その他,施錠せず
窃盗,自転車盗,長田,新長田駅前,281069,兵庫県,神戸市長田区,若松町３丁目,20240825,5,駐車（輪）場,駐車（輪）場,20歳代,その他,施錠せず
窃盗,自転車盗,長田,新長田駅前,281069,兵庫県,神戸市長田区,若松町３丁目,20240905,19,道路上,その他,60-64歳,その他,施錠せず
窃盗,自転車盗,長田,新長田駅前,281069,兵庫県,神戸市長田区,若松町４丁目,20240223,14,駐車（輪）場,駐車（輪）場,10歳代,高校生,施錠した
窃盗,自転車盗,長田,新長田駅前,281069,兵庫県,神戸市長田区,若松町４丁目,20240226,19,駐車（輪）場,駐車（輪）場,30歳代,その他,施錠せず
窃盗,自転車盗,長田,新長田駅前,281069,兵庫県,神戸市長田区,若松町４丁目,20240303,20,道路上,その他,10歳代,高校生,施錠せず
窃盗,自転車盗,長田,新長田駅前,281069,兵庫県,神戸市長田区,若松町４丁目,20240505,17,道路上,その他,20歳代,その他,施錠せず
窃盗,自転車盗,長田,新長田駅前,281069,兵庫県,神戸市長田区,若松町４丁目,20240806,22,道路上,その他,10歳代,その他,施錠した
窃盗,自転車盗,長田,新長田駅前,281069,兵庫県,神戸市長田区,若松町４丁目,20240807,9,駐車（輪）場,駐車（輪）場,20歳代,その他,施錠した
窃盗,自転車盗,長田,新長田駅前,281069,兵庫県,神戸市長田区,若松町４丁目,20241003,22,駐車（輪）場,駐車（輪）場,20歳代,その他,施錠せず
窃盗,自転車盗,長田,新長田駅前,281069,兵庫県,神戸市長田区,若松町５丁目,20240106,20,道路上,その他,30歳代,その他,施錠した
窃盗,自転車盗,長田,新長田駅前,281069,兵庫県,神戸市長田区,若松町５丁目,20240213,17,道路上,その他,30歳代,その他,施錠した
窃盗,自転車盗,長田,新長田駅前,281069,兵庫県,神戸市長田区,若松町５丁目,20240213,17,道路上,その他,60-64歳,その他,施錠した
窃盗,自転車盗,長田,新長田駅前,281069,兵庫県,神戸市長田区,若松町５丁目,20240217,12,道路上,その他,40歳代,その他,施錠せず
窃盗,自転車盗,長田,新長田駅前,281069,兵庫県,神戸市長田区,若松町５丁目,20240320,15,道路上,その他,50歳代,その他,施錠せず
窃盗,自転車盗,長田,新長田駅前,281069,兵庫県,神戸市長田区,若松町５丁目,20240322,18,４階建て以上共同住宅,駐車（輪）場,20歳代,その他,施錠した
窃盗,自転車盗,長田,新長田駅前,281069,兵庫県,神戸市長田区,若松町５丁目,20240411,17,その他,駐車（輪）場,70歳以上,その他,施錠せず
窃盗,自転車盗,長田,新長田駅前,281069,兵庫県,神戸市長田区,若松町５丁目,20240505,15,道路上,その他,70歳以上,その他,施錠した
窃盗,自転車盗,長田,新長田駅前,281069,兵庫県,神戸市長田区,若松町５丁目,20240522,22,４階建て以上共同住宅,駐車（輪）場,10歳代,その他,施錠した
窃盗,自転車盗,長田,新長田駅前,281069,兵庫県,神戸市長田区,若松町５丁目,20240523,16,道路上,その他,30歳代,その他,施錠せず
窃盗,自転車盗,長田,新長田駅前,281069,兵庫県,神戸市長田区,若松町５丁目,20240525,20,駐車（輪）場,駐車（輪）場,10歳代,高校生,施錠せず
窃盗,自転車盗,長田,新長田駅前,281069,兵庫県,神戸市長田区,若松町５丁目,20240724,11,駐車（輪）場,駐車（輪）場,20歳代,その他,施錠せず
窃盗,自転車盗,長田,新長田駅前,281069,兵庫県,神戸市長田区,若松町５丁目,20240727,18,駐車（輪）場,駐車（輪）場,40歳代,その他,施錠せず
窃盗,自転車盗,長田,新長田駅前,281069,兵庫県,神戸市長田区,若松町５丁目,20240805,21,駐車（輪）場,駐車（輪）場,60-64歳,その他,施錠した
窃盗,自転車盗,長田,新長田駅前,281069,兵庫県,神戸市長田区,若松町５丁目,20240827,18,４階建て以上共同住宅,駐車（輪）場,20歳代,大学生,施錠せず
窃盗,自転車盗,長田,新長田駅前,281069,兵庫県,神戸市長田区,若松町５丁目,20241104,22,道路上,その他,20歳代,その他,施錠した
窃盗,自転車盗,長田,新長田駅前,281069,兵庫県,神戸市長田区,若松町５丁目,20241223,8,その他,駐車（輪）場,20歳代,大学生,施錠せず
窃盗,自転車盗,長田,新長田駅前,281069,兵庫県,神戸市長田区,若松町６丁目,20240225,15,道路上,その他,50歳代,その他,施錠せず
窃盗,自転車盗,長田,新長田駅前,281069,兵庫県,神戸市長田区,若松町６丁目,20240320,13,道路上,その他,40歳代,その他,施錠せず
窃盗,自転車盗,長田,新長田駅前,281069,兵庫県,神戸市長田区,若松町６丁目,20241108,8,その他,その他,20歳代,大学生,施錠した
窃盗,自転車盗,長田,新長田駅前,281069,兵庫県,神戸市長田区,若松町６丁目,20241121,16,道路上,その他,30歳代,その他,施錠せず
窃盗,自転車盗,長田,水笠,281069,兵庫県,神戸市長田区,大道通３丁目,20240419,12,４階建て以上共同住宅,駐車（輪）場,40歳代,その他,施錠せず
窃盗,自転車盗,長田,水笠,281069,兵庫県,神戸市長田区,大道通３丁目,20240820,22,４階建て以上共同住宅,駐車（輪）場,30歳代,その他,施錠せず
窃盗,自転車盗,長田,水笠,281069,兵庫県,神戸市長田区,大道通３丁目,20240210,15,４階建て以上共同住宅,駐車（輪）場,10歳代,中学生,施錠せず
窃盗,自転車盗,長田,水笠,281069,兵庫県,神戸市長田区,大道通５丁目,20240901,23,４階建て以上共同住宅,駐車（輪）場,30歳代,その他,施錠した
窃盗,自転車盗,長田,水笠,281069,兵庫県,神戸市長田区,御屋敷通２丁目,20240207,13,駐車（輪）場,駐車（輪）場,30歳代,その他,施錠せず
窃盗,自転車盗,長田,水笠,281069,兵庫県,神戸市長田区,御屋敷通２丁目,20240604,12,駐車（輪）場,駐車（輪）場,10歳代,その他,施錠せず
窃盗,自転車盗,長田,水笠,281069,兵庫県,神戸市長田区,御屋敷通２丁目,20240925,7,駐車（輪）場,駐車（輪）場,10歳代,高校生,施錠せず
窃盗,自転車盗,長田,水笠,281069,兵庫県,神戸市長田区,御屋敷通２丁目,20241016,7,駐車（輪）場,駐車（輪）場,20歳代,その他,施錠した
窃盗,自転車盗,長田,水笠,281069,兵庫県,神戸市長田区,御屋敷通２丁目,20241109,14,駐車（輪）場,駐車（輪）場,20歳代,大学生,施錠した
窃盗,自転車盗,長田,水笠,281069,兵庫県,神戸市長田区,御屋敷通３丁目,20240105,12,４階建て以上共同住宅,駐車（輪）場,10歳代,小学生,施錠した
窃盗,自転車盗,長田,水笠,281069,兵庫県,神戸市長田区,御屋敷通３丁目,20240120,18,その他,駐車（輪）場,20歳代,大学生,施錠せず
窃盗,自転車盗,長田,水笠,281069,兵庫県,神戸市長田区,御屋敷通３丁目,20240315,6,駐車（輪）場,駐車（輪）場,30歳代,その他,施錠せず
窃盗,自転車盗,長田,水笠,281069,兵庫県,神戸市長田区,御屋敷通３丁目,20240420,13,その他,駐車（輪）場,30歳代,その他,施錠せず
窃盗,自転車盗,長田,水笠,281069,兵庫県,神戸市長田区,御屋敷通３丁目,20230701,9,４階建て以上共同住宅,駐車（輪）場,20歳代,その他,施錠した
窃盗,自転車盗,長田,水笠,281069,兵庫県,神戸市長田区,御屋敷通５丁目,20231215,0,道路上,その他,20歳代,その他,施錠せず
窃盗,自転車盗,長田,水笠,281069,兵庫県,神戸市長田区,神楽町４丁目,20240605,7,道路上,その他,10歳代,高校生,施錠せず
窃盗,自転車盗,長田,水笠,281069,兵庫県,神戸市長田区,戸崎通１丁目,20240215,13,道路上,その他,20歳代,その他,施錠した
窃盗,自転車盗,長田,水笠,281069,兵庫県,神戸市長田区,西代通１丁目,20240903,1,道路上,その他,65-69歳,その他,施錠した
窃盗,自転車盗,長田,水笠,281069,兵庫県,神戸市長田区,西代通１丁目,20241206,10,一戸建住宅,駐車（輪）場,10歳代,中学生,施錠せず
窃盗,自転車盗,長田,水笠,281069,兵庫県,神戸市長田区,細田町４丁目,20240916,17,その他,駐車（輪）場,65-69歳,その他,施錠せず
窃盗,自転車盗,長田,水笠,281069,兵庫県,神戸市長田区,細田町６丁目,20240418,20,４階建て以上共同住宅,駐車（輪）場,40歳代,その他,施錠せず
窃盗,自転車盗,長田,水笠,281069,兵庫県,神戸市長田区,細田町７丁目,20240310,13,駐車（輪）場,駐車（輪）場,20歳代,その他,施錠せず
窃盗,自転車盗,長田,水笠,281069,兵庫県,神戸市長田区,松野通１丁目,20240829,17,その他,駐車（輪）場,40歳代,その他,施錠した
窃盗,自転車盗,長田,水笠,281069,兵庫県,神戸市長田区,松野通１丁目,20240920,15,道路上,その他,70歳以上,その他,施錠せず
窃盗,自転車盗,長田,水笠,281069,兵庫県,神戸市長田区,松野通１丁目,20241014,12,道路上,その他,40歳代,その他,施錠せず
窃盗,自転車盗,長田,水笠,281069,兵庫県,神戸市長田区,松野通２丁目,20240920,7,駐車（輪）場,駐車（輪）場,40歳代,高校生,施錠せず
窃盗,自転車盗,長田,水笠,281069,兵庫県,神戸市長田区,松野通２丁目,20241123,15,駐車（輪）場,駐車（輪）場,20歳代,その他,施錠した
窃盗,自転車盗,長田,水笠,281069,兵庫県,神戸市長田区,松野通３丁目,20240229,19,４階建て以上共同住宅,駐車（輪）場,10歳代,中学生,施錠せず
窃盗,自転車盗,長田,水笠,281069,兵庫県,神戸市長田区,松野通４丁目,20240820,23,４階建て以上共同住宅,駐車（輪）場,10歳代,中学生,施錠した
窃盗,自転車盗,長田,水笠,281069,兵庫県,神戸市長田区,水笠通３丁目,20240311,19,道路上,その他,60-64歳,その他,施錠した
窃盗,自転車盗,長田,水笠,281069,兵庫県,神戸市長田区,水笠通４丁目,20240111,18,道路上,その他,10歳代,高校生,施錠した
窃盗,自転車盗,長田,水笠,281069,兵庫県,神戸市長田区,水笠通４丁目,20240123,21,４階建て以上共同住宅,その他,30歳代,その他,施錠した
窃盗,自転車盗,長田,久保,281069,兵庫県,神戸市長田区,腕塚町３丁目,20240210,18,道路上,その他,65-69歳,その他,施錠せず
窃盗,自転車盗,長田,久保,281069,兵庫県,神戸市長田区,腕塚町５丁目,20240322,10,道路上,その他,70歳以上,その他,施錠した
窃盗,自転車盗,長田,久保,281069,兵庫県,神戸市長田区,腕塚町５丁目,20240308,9,道路上,その他,20歳代,その他,施錠せず
窃盗,自転車盗,長田,久保,281069,兵庫県,神戸市長田区,腕塚町５丁目,20240526,11,道路上,その他,70歳以上,その他,施錠した
窃盗,自転車盗,長田,久保,281069,兵庫県,神戸市長田区,腕塚町６丁目,20240420,15,道路上,その他,70歳以上,その他,施錠した
窃盗,自転車盗,長田,久保,281069,兵庫県,神戸市長田区,腕塚町６丁目,20240915,10,道路上,その他,10歳代,中学生,施錠せず
窃盗,自転車盗,長田,久保,281069,兵庫県,神戸市長田区,腕塚町８丁目,20240228,16,その他,駐車（輪）場,30歳代,その他,施錠せず
窃盗,自転車盗,長田,久保,281069,兵庫県,神戸市長田区,久保町１丁目,20240112,14,道路上,その他,70歳以上,その他,施錠した
窃盗,自転車盗,長田,久保,281069,兵庫県,神戸市長田区,久保町３丁目,20240817,6,道路上,その他,40歳代,その他,施錠した
窃盗,自転車盗,長田,久保,281069,兵庫県,神戸市長田区,久保町３丁目,20240916,14,その他,駐車（輪）場,40歳代,その他,施錠せず
窃盗,自転車盗,長田,久保,281069,兵庫県,神戸市長田区,久保町３丁目,20241011,23,道路上,その他,10歳代,その他,施錠せず
窃盗,自転車盗,長田,久保,281069,兵庫県,神戸市長田区,久保町３丁目,20241225,17,道路上,その他,10歳代,大学生,施錠せず
窃盗,自転車盗,長田,久保,281069,兵庫県,神戸市長田区,久保町５丁目,20240704,12,道路上,その他,70歳以上,その他,施錠した
窃盗,自転車盗,長田,久保,281069,兵庫県,神戸市長田区,久保町６丁目,20240425,17,４階建て以上共同住宅,駐車（輪）場,10歳代,中学生,施錠せず
窃盗,自転車盗,長田,久保,281069,兵庫県,神戸市長田区,久保町６丁目,20240510,21,その他,駐車（輪）場,30歳代,その他,施錠せず
窃盗,自転車盗,長田,久保,281069,兵庫県,神戸市長田区,久保町６丁目,20240823,13,４階建て以上共同住宅,駐車（輪）場,70歳以上,その他,施錠せず
窃盗,自転車盗,長田,久保,281069,兵庫県,神戸市長田区,久保町９丁目,20240904,19,道路上,その他,50歳代,その他,施錠せず
窃盗,自転車盗,長田,久保,281069,兵庫県,神戸市長田区,久保町９丁目,20241213,16,道路上,その他,50歳代,その他,施錠せず
窃盗,自転車盗,長田,久保,281069,兵庫県,神戸市長田区,駒ケ林町１丁目,20240213,18,道路上,その他,70歳以上,その他,施錠せず
窃盗,自転車盗,長田,久保,281069,兵庫県,神戸市長田区,駒ケ林町１丁目,20240414,14,道路上,その他,20歳代,その他,施錠せず
窃盗,自転車盗,長田,久保,281069,兵庫県,神戸市長田区,駒ケ林町１丁目,20240907,9,道路上,その他,30歳代,その他,施錠せず
窃盗,自転車盗,長田,久保,281069,兵庫県,神戸市長田区,駒ケ林町３丁目,20231123,9,その他の住宅（３階建て以下共同住宅等）,駐車（輪）場,30歳代,その他,施錠せず
窃盗,自転車盗,長田,久保,281069,兵庫県,神戸市長田区,駒ケ林町３丁目,20240609,12,一戸建住宅,駐車（輪）場,10歳代,中学生,施錠した
窃盗,自転車盗,長田,久保,281069,兵庫県,神戸市長田区,駒ケ林町３丁目,20240917,16,道路上,その他,10歳未満,小学生,施錠した
窃盗,自転車盗,長田,久保,281069,兵庫県,神戸市長田区,駒ケ林町３丁目,20241008,22,道路上,その他,10歳代,中学生,施錠した
窃盗,自転車盗,長田,久保,281069,兵庫県,神戸市長田区,駒ケ林町４丁目,20240218,0,一戸建住宅,駐車（輪）場,10歳代,小学生,施錠した
窃盗,自転車盗,長田,久保,281069,兵庫県,神戸市長田区,駒ケ林町５丁目,20241004,23,道路上,その他,50歳代,その他,施錠せず
窃盗,自転車盗,長田,久保,281069,兵庫県,神戸市長田区,駒ケ林町５丁目,20241222,18,道路上,その他,10歳未満,小学生,施錠せず
窃盗,自転車盗,長田,久保,281069,兵庫県,神戸市長田区,庄田町４丁目,20240407,21,４階建て以上共同住宅,駐車（輪）場,50歳代,その他,施錠した
窃盗,自転車盗,長田,久保,281069,兵庫県,神戸市長田区,庄田町４丁目,20241001,20,道路上,その他,20歳代,その他,施錠せず
窃盗,自転車盗,長田,久保,281069,兵庫県,神戸市長田区,西尻池町３丁目,20241008,8,その他,その他,10歳代,中学生,施錠せず
窃盗,自転車盗,長田,久保,281069,兵庫県,神戸市長田区,西尻池町３丁目,20241207,7,駐車（輪）場,駐車（輪）場,30歳代,その他,施錠せず
窃盗,自転車盗,長田,久保,281069,兵庫県,神戸市長田区,二番町２丁目,20240625,14,一戸建住宅,駐車（輪）場,60-64歳,その他,施錠せず
窃盗,自転車盗,長田,久保,281069,兵庫県,神戸市長田区,二葉町２丁目,20240827,22,４階建て以上共同住宅,駐車（輪）場,10歳代,その他,施錠せず
窃盗,自転車盗,長田,久保,281069,兵庫県,神戸市長田区,二葉町３丁目,20240711,20,一戸建住宅,駐車（輪）場,10歳代,小学生,施錠せず
窃盗,自転車盗,長田,久保,281069,兵庫県,神戸市長田区,二葉町５丁目,20240530,10,駐車（輪）場,駐車（輪）場,20歳代,その他,施錠した
窃盗,自転車盗,長田,久保,281069,兵庫県,神戸市長田区,二葉町８丁目,20240430,22,道路上,その他,10歳代,大学生,施錠せず
窃盗,自転車盗,長田,久保,281069,兵庫県,神戸市長田区,二葉町８丁目,20240507,21,その他の住宅（３階建て以下共同住宅等）,その他,70歳以上,その他,施錠せず
窃盗,自転車盗,長田,久保,281069,兵庫県,神戸市長田区,二葉町８丁目,20240723,19,４階建て以上共同住宅,駐車（輪）場,50歳代,その他,施錠せず
窃盗,自転車盗,長田,久保,281069,兵庫県,神戸市長田区,南駒栄町,20240718,17,その他,駐車（輪）場,30歳代,その他,施錠せず
窃盗,自転車盗,長田,久保,281069,兵庫県,神戸市長田区,南駒栄町,20240824,20,その他,駐車（輪）場,50歳代,その他,施錠した
窃盗,自転車盗,長田,野田,281069,兵庫県,神戸市長田区,海運町２丁目,20231230,23,４階建て以上共同住宅,駐車（輪）場,10歳代,中学生,施錠した
窃盗,自転車盗,長田,野田,281069,兵庫県,神戸市長田区,海運町５丁目,20240605,18,４階建て以上共同住宅,駐車（輪）場,10歳代,中学生,施錠せず
窃盗,自転車盗,長田,野田,281069,兵庫県,神戸市長田区,長楽町２丁目,20240905,9,駐車（輪）場,駐車（輪）場,20歳代,その他,施錠した
窃盗,自転車盗,長田,野田,281069,兵庫県,神戸市長田区,長楽町２丁目,20241024,8,駐車（輪）場,駐車（輪）場,50歳代,その他,施錠せず
窃盗,自転車盗,長田,野田,281069,兵庫県,神戸市長田区,長楽町４丁目,20240624,16,その他,駐車（輪）場,30歳代,その他,施錠せず
窃盗,自転車盗,長田,野田,281069,兵庫県,神戸市長田区,長楽町５丁目,20240930,2,道路上,その他,10歳代,その他,施錠せず
窃盗,自転車盗,長田,野田,281069,兵庫県,神戸市長田区,長楽町６丁目,20240805,17,道路上,その他,70歳以上,その他,施錠せず
窃盗,自転車盗,長田,野田,281069,兵庫県,神戸市長田区,野田町４丁目,20240812,21,その他,その他,10歳代,小学生,施錠せず
窃盗,自転車盗,長田,野田,281069,兵庫県,神戸市長田区,日吉町６丁目,20240421,17,その他の住宅（３階建て以下共同住宅等）,駐車（輪）場,10歳代,中学生,施錠せず
窃盗,自転車盗,長田,野田,281069,兵庫県,神戸市長田区,日吉町６丁目,20241025,12,その他の住宅（３階建て以下共同住宅等）,その他,50歳代,その他,施錠せず
窃盗,自転車盗,長田,野田,281069,兵庫県,神戸市長田区,二葉町１０丁目,20240204,17,一戸建住宅,駐車（輪）場,50歳代,その他,施錠せず
窃盗,自転車盗,須磨,板宿,281077,兵庫県,神戸市須磨区,板宿町１丁目,20240601,20,駐車（輪）場,駐車（輪）場,50歳代,その他,施錠せず
窃盗,自転車盗,須磨,板宿,281077,兵庫県,神戸市須磨区,板宿町１丁目,20240603,10,駐車（輪）場,駐車（輪）場,40歳代,その他,施錠せず
窃盗,自転車盗,須磨,板宿,281077,兵庫県,神戸市須磨区,禅昌寺町１丁目,20240826,23,その他の住宅（３階建て以下共同住宅等）,駐車（輪）場,20歳代,大学生,施錠した
窃盗,自転車盗,須磨,板宿,281077,兵庫県,神戸市須磨区,飛松町３丁目,20241123,16,道路上,その他,10歳代,その他,施錠した
窃盗,自転車盗,須磨,板宿,281077,兵庫県,神戸市須磨区,平田町２丁目,20240106,10,道路上,その他,10歳代,小学生,施錠せず
窃盗,自転車盗,須磨,板宿,281077,兵庫県,神戸市須磨区,平田町２丁目,20240115,17,道路上,その他,10歳代,小学生,施錠した
窃盗,自転車盗,須磨,板宿,281077,兵庫県,神戸市須磨区,平田町２丁目,20240214,6,その他,駐車（輪）場,10歳代,高校生,施錠した
窃盗,自転車盗,須磨,板宿,281077,兵庫県,神戸市須磨区,平田町２丁目,20240514,14,道路上,その他,70歳以上,その他,施錠した
窃盗,自転車盗,須磨,板宿,281077,兵庫県,神戸市須磨区,平田町２丁目,20240627,8,道路上,その他,50歳代,その他,施錠した
窃盗,自転車盗,須磨,板宿,281077,兵庫県,神戸市須磨区,平田町２丁目,20240728,14,道路上,その他,10歳代,中学生,施錠せず
窃盗,自転車盗,須磨,板宿,281077,兵庫県,神戸市須磨区,平田町２丁目,20240929,13,道路上,その他,10歳代,中学生,施錠せず
窃盗,自転車盗,須磨,板宿,281077,兵庫県,神戸市須磨区,平田町２丁目,20241015,19,道路上,その他,10歳代,小学生,施錠せず
窃盗,自転車盗,須磨,板宿,281077,兵庫県,神戸市須磨区,平田町２丁目,20240924,19,道路上,その他,10歳代,中学生,施錠せず
窃盗,自転車盗,須磨,板宿,281077,兵庫県,神戸市須磨区,平田町２丁目,20240908,23,道路上,その他,20歳代,その他,施錠した
窃盗,自転車盗,須磨,板宿,281077,兵庫県,神戸市須磨区,平田町２丁目,20241119,9,道路上,その他,10歳代,その他,施錠した
窃盗,自転車盗,須磨,板宿,281077,兵庫県,神戸市須磨区,平田町２丁目,20241222,13,駐車（輪）場,駐車（輪）場,70歳以上,その他,施錠せず
窃盗,自転車盗,須磨,板宿,281077,兵庫県,神戸市須磨区,平田町２丁目,20241224,16,駐車（輪）場,駐車（輪）場,65-69歳,その他,施錠した
窃盗,自転車盗,須磨,板宿,281077,兵庫県,神戸市須磨区,平田町３丁目,20230717,12,その他,駐車（輪）場,10歳代,中学生,施錠せず
窃盗,自転車盗,須磨,板宿,281077,兵庫県,神戸市須磨区,平田町３丁目,20240603,17,道路上,その他,10歳代,その他,施錠せず
窃盗,自転車盗,須磨,板宿,281077,兵庫県,神戸市須磨区,平田町３丁目,20240615,10,その他,駐車（輪）場,10歳代,高校生,施錠せず
窃盗,自転車盗,須磨,板宿,281077,兵庫県,神戸市須磨区,平田町３丁目,20240625,7,その他,駐車（輪）場,10歳代,高校生,施錠せず
窃盗,自転車盗,須磨,板宿,281077,兵庫県,神戸市須磨区,平田町３丁目,20240624,19,道路上,その他,10歳代,大学生,施錠せず
窃盗,自転車盗,須磨,板宿,281077,兵庫県,神戸市須磨区,平田町３丁目,20240728,12,その他,駐車（輪）場,20歳代,その他,施錠せず
窃盗,自転車盗,須磨,板宿,281077,兵庫県,神戸市須磨区,平田町３丁目,20241014,19,道路上,その他,10歳代,中学生,施錠せず
窃盗,自転車盗,須磨,板宿,281077,兵庫県,神戸市須磨区,平田町４丁目,20241010,17,その他,駐車（輪）場,70歳以上,その他,施錠した
窃盗,自転車盗,須磨,板宿,281077,兵庫県,神戸市須磨区,前池町３丁目,20241117,10,道路上,その他,10歳代,小学生,施錠せず
窃盗,自転車盗,須磨,板宿,281077,兵庫県,神戸市須磨区,養老町１丁目,20241103,9,一戸建住宅,駐車（輪）場,50歳代,その他,施錠せず
窃盗,自転車盗,須磨,板宿,281077,兵庫県,神戸市須磨区,養老町３丁目,20241102,18,一戸建住宅,駐車（輪）場,70歳以上,その他,施錠せず
窃盗,自転車盗,須磨,千歳,281077,兵庫県,神戸市須磨区,戎町３丁目,20240409,21,道路上,その他,20歳代,大学生,施錠した
窃盗,自転車盗,須磨,千歳,281077,兵庫県,神戸市須磨区,戎町５丁目,20240905,16,その他の住宅（３階建て以下共同住宅等）,駐車（輪）場,10歳代,中学生,施錠せず
窃盗,自転車盗,須磨,千歳,281077,兵庫県,神戸市須磨区,大池町５丁目,20240207,11,その他,駐車（輪）場,20歳代,その他,施錠せず
窃盗,自転車盗,須磨,千歳,281077,兵庫県,神戸市須磨区,大池町５丁目,20221228,17,駐車（輪）場,駐車（輪）場,30歳代,その他,施錠せず
窃盗,自転車盗,須磨,千歳,281077,兵庫県,神戸市須磨区,大池町５丁目,20240227,18,その他,その他,20歳代,その他,施錠せず
窃盗,自転車盗,須磨,千歳,281077,兵庫県,神戸市須磨区,大池町５丁目,20240323,8,道路上,その他,10歳代,小学生,施錠せず
窃盗,自転車盗,須磨,千歳,281077,兵庫県,神戸市須磨区,大池町５丁目,20240430,8,一戸建住宅,駐車（輪）場,50歳代,その他,施錠せず
窃盗,自転車盗,須磨,千歳,281077,兵庫県,神戸市須磨区,大池町５丁目,20240419,18,その他,その他,10歳代,高校生,施錠せず
窃盗,自転車盗,須磨,千歳,281077,兵庫県,神戸市須磨区,大池町５丁目,20240709,18,その他,駐車（輪）場,65-69歳,その他,施錠した
窃盗,自転車盗,須磨,千歳,281077,兵庫県,神戸市須磨区,大池町５丁目,20240919,21,４階建て以上共同住宅,駐車（輪）場,30歳代,その他,施錠せず
窃盗,自転車盗,須磨,千歳,281077,兵庫県,神戸市須磨区,大池町５丁目,20241103,14,４階建て以上共同住宅,その他,10歳代,中学生,施錠した
窃盗,自転車盗,須磨,千歳,281077,兵庫県,神戸市須磨区,大田町２丁目,20240330,18,その他,駐車（輪）場,40歳代,その他,施錠した
窃盗,自転車盗,須磨,千歳,281077,兵庫県,神戸市須磨区,大田町２丁目,20240527,20,道路上,その他,20歳代,その他,施錠せず
窃盗,自転車盗,須磨,千歳,281077,兵庫県,神戸市須磨区,大田町２丁目,20240719,22,道路上,その他,20歳代,大学生,施錠せず
窃盗,自転車盗,須磨,千歳,281077,兵庫県,神戸市須磨区,大田町２丁目,20241102,22,道路上,その他,20歳代,大学生,施錠せず
窃盗,自転車盗,須磨,千歳,281077,兵庫県,神戸市須磨区,大田町３丁目,20240518,22,その他,その他,50歳代,その他,施錠せず
窃盗,自転車盗,須磨,千歳,281077,兵庫県,神戸市須磨区,大田町４丁目,20240422,8,４階建て以上共同住宅,駐車（輪）場,10歳代,小学生,施錠した
窃盗,自転車盗,須磨,千歳,281077,兵庫県,神戸市須磨区,大田町４丁目,20240601,0,道路上,その他,70歳以上,その他,施錠せず
窃盗,自転車盗,須磨,千歳,281077,兵庫県,神戸市須磨区,大田町５丁目,20240510,14,４階建て以上共同住宅,駐車（輪）場,40歳代,その他,施錠した
窃盗,自転車盗,須磨,千歳,281077,兵庫県,神戸市須磨区,大田町７丁目,20240517,14,道路上,その他,70歳以上,その他,施錠せず
窃盗,自転車盗,須磨,千歳,281077,兵庫県,神戸市須磨区,大手町５丁目,20240419,19,その他,その他,10歳代,高校生,施錠せず
窃盗,自転車盗,須磨,千歳,281077,兵庫県,神戸市須磨区,千歳町３丁目,20240125,13,その他,その他,10歳代,小学生,施錠せず
窃盗,自転車盗,須磨,千歳,281077,兵庫県,神戸市須磨区,寺田町３丁目,20240409,17,４階建て以上共同住宅,駐車（輪）場,20歳代,その他,施錠せず
窃盗,自転車盗,須磨,千歳,281077,兵庫県,神戸市須磨区,東町１丁目,20240515,17,その他,その他,50歳代,その他,施錠した
窃盗,自転車盗,須磨,千歳,281077,兵庫県,神戸市須磨区,東町１丁目,20240913,19,一戸建住宅,駐車（輪）場,10歳代,高校生,施錠せず
窃盗,自転車盗,須磨,千歳,281077,兵庫県,神戸市須磨区,堀池町１丁目,20240318,6,その他,駐車（輪）場,10歳代,その他,施錠した
窃盗,自転車盗,須磨,若木,281077,兵庫県,神戸市須磨区,大手町５丁目,20240928,17,４階建て以上共同住宅,駐車（輪）場,40歳代,その他,施錠せず
窃盗,自転車盗,須磨,若木,281077,兵庫県,神戸市須磨区,大手町６丁目,20240117,6,道路上,その他,70歳以上,その他,施錠せず
窃盗,自転車盗,須磨,若木,281077,兵庫県,神戸市須磨区,離宮前町２丁目,20241005,15,その他,駐車（輪）場,20歳代,大学生,施錠せず
窃盗,自転車盗,須磨,若木,281077,兵庫県,神戸市須磨区,若木町１丁目,20240521,9,その他,駐車（輪）場,10歳代,大学生,施錠せず
窃盗,自転車盗,須磨,若木,281077,兵庫県,神戸市須磨区,若木町２丁目,20240621,21,４階建て以上共同住宅,駐車（輪）場,40歳代,その他,施錠せず
窃盗,自転車盗,須磨,若木,281077,兵庫県,神戸市須磨区,若木町４丁目,20240503,16,４階建て以上共同住宅,駐車（輪）場,10歳代,小学生,施錠せず
窃盗,自転車盗,須磨,東須磨,281077,兵庫県,神戸市須磨区,稲葉町２丁目,20240109,21,４階建て以上共同住宅,駐車（輪）場,50歳代,その他,施錠した
窃盗,自転車盗,須磨,東須磨,281077,兵庫県,神戸市須磨区,北町１丁目,20240730,18,一戸建住宅,駐車（輪）場,50歳代,その他,施錠せず
窃盗,自転車盗,須磨,東須磨,281077,兵庫県,神戸市須磨区,北町３丁目,20241015,20,その他の住宅（３階建て以下共同住宅等）,その他,20歳代,その他,施錠せず
窃盗,自転車盗,須磨,東須磨,281077,兵庫県,神戸市須磨区,月見山本町１丁目,20240705,21,一戸建住宅,その他,10歳代,中学生,施錠せず
窃盗,自転車盗,須磨,東須磨,281077,兵庫県,神戸市須磨区,月見山本町２丁目,20240705,19,道路上,その他,20歳代,その他,施錠せず
窃盗,自転車盗,須磨,東須磨,281077,兵庫県,神戸市須磨区,月見山本町２丁目,20240805,23,道路上,その他,50歳代,その他,施錠せず
窃盗,自転車盗,須磨,東須磨,281077,兵庫県,神戸市須磨区,戸政町４丁目,20241201,21,４階建て以上共同住宅,駐車（輪）場,20歳代,その他,施錠せず
窃盗,自転車盗,須磨,東須磨,281077,兵庫県,神戸市須磨区,松風町３丁目,20231231,16,４階建て以上共同住宅,駐車（輪）場,60-64歳,その他,施錠した
窃盗,自転車盗,須磨,東須磨,281077,兵庫県,神戸市須磨区,松風町３丁目,20240222,12,４階建て以上共同住宅,駐車（輪）場,10歳代,その他,施錠せず
窃盗,自転車盗,須磨,東須磨,281077,兵庫県,神戸市須磨区,松風町３丁目,20240427,22,４階建て以上共同住宅,その他,20歳代,大学生,施錠した
窃盗,自転車盗,須磨,東須磨,281077,兵庫県,神戸市須磨区,松風町３丁目,20240511,1,４階建て以上共同住宅,その他,10歳代,大学生,施錠した
窃盗,自転車盗,須磨,東須磨,281077,兵庫県,神戸市須磨区,松風町３丁目,20241127,16,その他の住宅（３階建て以下共同住宅等）,その他,70歳以上,その他,施錠せず
窃盗,自転車盗,須磨,東須磨,281077,兵庫県,神戸市須磨区,松風町５丁目,20241215,16,道路上,その他,10歳代,中学生,施錠した
窃盗,自転車盗,須磨,東須磨,281077,兵庫県,神戸市須磨区,南町１丁目,20240709,20,その他の住宅（３階建て以下共同住宅等）,駐車（輪）場,40歳代,その他,施錠せず
窃盗,自転車盗,須磨,東須磨,281077,兵庫県,神戸市須磨区,行幸町３丁目,20240618,21,一戸建住宅,駐車（輪）場,10歳代,中学生,施錠せず
窃盗,自転車盗,須磨,若宮,281077,兵庫県,神戸市須磨区,青葉町１丁目,20240623,18,道路上,その他,50歳代,その他,施錠した
窃盗,自転車盗,須磨,若宮,281077,兵庫県,神戸市須磨区,青葉町２丁目,20240415,9,４階建て以上共同住宅,駐車（輪）場,50歳代,その他,施錠した
窃盗,自転車盗,須磨,若宮,281077,兵庫県,神戸市須磨区,磯馴町３丁目,20240924,9,その他,駐車（輪）場,20歳代,その他,施錠せず
窃盗,自転車盗,須磨,若宮,281077,兵庫県,神戸市須磨区,鷹取町１丁目,20240823,17,その他,駐車（輪）場,10歳代,高校生,施錠した
窃盗,自転車盗,須磨,若宮,281077,兵庫県,神戸市須磨区,古川町１丁目,20240402,18,道路上,その他,30歳代,その他,施錠せず
窃盗,自転車盗,須磨,若宮,281077,兵庫県,神戸市須磨区,行幸町１丁目,20240510,18,４階建て以上共同住宅,その他,10歳未満,小学生,施錠せず
窃盗,自転車盗,須磨,若宮,281077,兵庫県,神戸市須磨区,村雨町６丁目,20240927,18,一戸建住宅,駐車（輪）場,40歳代,その他,施錠せず
窃盗,自転車盗,須磨,若宮,281077,兵庫県,神戸市須磨区,行平町１丁目,20240312,17,一戸建住宅,その他,40歳代,その他,施錠せず
窃盗,自転車盗,須磨,若宮,281077,兵庫県,神戸市須磨区,若宮町３丁目,20240716,16,道路上,その他,70歳以上,その他,施錠せず
窃盗,自転車盗,須磨,須磨駅前,281077,兵庫県,神戸市須磨区,須磨浦通２丁目,20240427,22,一戸建住宅,駐車（輪）場,30歳代,その他,施錠せず
窃盗,自転車盗,須磨,須磨駅前,281077,兵庫県,神戸市須磨区,須磨浦通４丁目,20240513,18,道路上,その他,20歳代,大学生,施錠せず
窃盗,自転車盗,須磨,須磨駅前,281077,兵庫県,神戸市須磨区,須磨浦通４丁目,20240831,19,道路上,その他,40歳代,その他,施錠せず
窃盗,自転車盗,須磨,須磨駅前,281077,兵庫県,神戸市須磨区,須磨浦通４丁目,20241006,18,道路上,その他,20歳代,その他,施錠せず
窃盗,自転車盗,須磨,須磨駅前,281077,兵庫県,神戸市須磨区,須磨浦通５丁目,20240922,10,その他,その他,70歳以上,その他,施錠した
窃盗,自転車盗,須磨,須磨駅前,281077,兵庫県,神戸市須磨区,須磨浦通５丁目,20230401,0,４階建て以上共同住宅,その他,30歳代,その他,施錠せず
窃盗,自転車盗,須磨,須磨駅前,281077,兵庫県,神戸市須磨区,須磨浦通６丁目,20241002,18,その他の住宅（３階建て以下共同住宅等）,駐車（輪）場,10歳代,小学生,施錠せず
窃盗,自転車盗,須磨,須磨駅前,281077,兵庫県,神戸市須磨区,行幸町２丁目,20240601,0,一戸建住宅,駐車（輪）場,20歳代,その他,施錠せず
窃盗,自転車盗,須磨,白川台,281077,兵庫県,神戸市須磨区,白川台１丁目,20240327,12,その他,駐車（輪）場,60-64歳,その他,施錠せず
窃盗,自転車盗,須磨,高倉台,281077,兵庫県,神戸市須磨区,高倉台１丁目,20240613,8,その他の住宅（３階建て以下共同住宅等）,駐車（輪）場,10歳未満,小学生,施錠せず
窃盗,自転車盗,須磨,高倉台,281077,兵庫県,神戸市須磨区,高倉台６丁目,20241226,18,駐車（輪）場,駐車（輪）場,10歳未満,小学生,施錠せず
窃盗,自転車盗,須磨,名谷中央,281077,兵庫県,神戸市須磨区,神の谷１丁目,20241220,12,４階建て以上共同住宅,駐車（輪）場,10歳代,高校生,施錠した
窃盗,自転車盗,須磨,名谷中央,281077,兵庫県,神戸市須磨区,神の谷６丁目,20240416,16,その他の住宅（３階建て以下共同住宅等）,駐車（輪）場,30歳代,その他,施錠せず
窃盗,自転車盗,須磨,名谷中央,281077,兵庫県,神戸市須磨区,北落合３丁目,20240222,12,４階建て以上共同住宅,駐車（輪）場,10歳代,高校生,施錠せず
窃盗,自転車盗,須磨,名谷中央,281077,兵庫県,神戸市須磨区,中落合１丁目,20240428,16,４階建て以上共同住宅,駐車（輪）場,30歳代,その他,施錠せず
窃盗,自転車盗,須磨,名谷中央,281077,兵庫県,神戸市須磨区,中落合１丁目,20240507,16,４階建て以上共同住宅,駐車（輪）場,10歳代,高校生,施錠せず
窃盗,自転車盗,須磨,名谷中央,281077,兵庫県,神戸市須磨区,中落合２丁目,20231226,11,その他,駐車（輪）場,20歳代,大学生,施錠せず
窃盗,自転車盗,須磨,名谷中央,281077,兵庫県,神戸市須磨区,中落合２丁目,20240315,20,道路上,その他,20歳代,その他,施錠せず
窃盗,自転車盗,須磨,名谷中央,281077,兵庫県,神戸市須磨区,中落合２丁目,20240427,17,その他,駐車（輪）場,20歳代,大学生,施錠せず
窃盗,自転車盗,須磨,名谷中央,281077,兵庫県,神戸市須磨区,中落合２丁目,20240507,13,その他,駐車（輪）場,30歳代,その他,施錠せず
窃盗,自転車盗,須磨,名谷中央,281077,兵庫県,神戸市須磨区,中落合２丁目,20240513,7,その他,駐車（輪）場,10歳代,高校生,施錠せず
窃盗,自転車盗,須磨,名谷中央,281077,兵庫県,神戸市須磨区,中落合２丁目,20240603,8,その他,その他,10歳代,その他,施錠した
窃盗,自転車盗,須磨,名谷中央,281077,兵庫県,神戸市須磨区,中落合２丁目,20240521,7,その他,駐車（輪）場,40歳代,その他,施錠した
窃盗,自転車盗,須磨,名谷中央,281077,兵庫県,神戸市須磨区,中落合２丁目,20240613,16,その他,駐車（輪）場,20歳代,大学生,施錠した
窃盗,自転車盗,須磨,名谷中央,281077,兵庫県,神戸市須磨区,中落合２丁目,20240719,16,その他,駐車（輪）場,10歳未満,小学生,施錠せず
窃盗,自転車盗,須磨,名谷中央,281077,兵庫県,神戸市須磨区,中落合２丁目,20240920,11,その他,駐車（輪）場,20歳代,大学生,施錠せず
窃盗,自転車盗,須磨,名谷中央,281077,兵庫県,神戸市須磨区,中落合２丁目,20241124,15,その他,駐車（輪）場,70歳以上,その他,施錠した
窃盗,自転車盗,須磨,名谷中央,281077,兵庫県,神戸市須磨区,中落合２丁目,20241130,16,駐車（輪）場,駐車（輪）場,20歳代,その他,施錠せず
窃盗,自転車盗,須磨,名谷中央,281077,兵庫県,神戸市須磨区,西落合１丁目,20240608,17,その他,駐車（輪）場,20歳代,その他,施錠せず
窃盗,自転車盗,須磨,名谷中央,281077,兵庫県,神戸市須磨区,西落合６丁目,20241119,13,その他,駐車（輪）場,20歳代,大学生,施錠せず
窃盗,自転車盗,須磨,名谷中央,281077,兵庫県,神戸市須磨区,東落合３丁目,20240601,17,駐車（輪）場,駐車（輪）場,50歳代,その他,施錠した
窃盗,自転車盗,須磨,名谷中央,281077,兵庫県,神戸市須磨区,東落合３丁目,20240617,14,その他の住宅（３階建て以下共同住宅等）,駐車（輪）場,10歳未満,小学生,施錠せず
窃盗,自転車盗,須磨,名谷中央,281077,兵庫県,神戸市須磨区,緑台,20240211,12,その他,駐車（輪）場,10歳代,その他,施錠せず
窃盗,自転車盗,須磨,名谷中央,281077,兵庫県,神戸市須磨区,緑台,20240306,13,その他,駐車（輪）場,10歳代,大学生,施錠した
窃盗,自転車盗,須磨,名谷中央,281077,兵庫県,神戸市須磨区,緑台,20240502,7,その他,駐車（輪）場,10歳代,高校生,施錠せず
窃盗,自転車盗,須磨,名谷中央,281077,兵庫県,神戸市須磨区,緑台,20240319,7,その他,その他,10歳代,中学生,施錠せず
窃盗,自転車盗,須磨,名谷中央,281077,兵庫県,神戸市須磨区,緑台,20240710,8,その他,駐車（輪）場,10歳代,大学生,施錠せず
窃盗,自転車盗,須磨,名谷中央,281077,兵庫県,神戸市須磨区,緑台,20240808,9,その他,駐車（輪）場,20歳代,大学生,施錠した
窃盗,自転車盗,須磨,名谷中央,281077,兵庫県,神戸市須磨区,緑台,20240922,10,その他,駐車（輪）場,10歳代,その他,施錠せず
窃盗,自転車盗,須磨,名谷中央,281077,兵庫県,神戸市須磨区,弥栄台２丁目,20240430,8,その他,駐車（輪）場,10歳代,高校生,施錠した
窃盗,自転車盗,須磨,名谷中央,281077,兵庫県,神戸市須磨区,弥栄台２丁目,20240707,14,駐車（輪）場,駐車（輪）場,10歳代,高校生,施錠せず
窃盗,自転車盗,須磨,名谷中央,281077,兵庫県,神戸市須磨区,弥栄台２丁目,20240630,17,駐車（輪）場,駐車（輪）場,20歳代,大学生,施錠した
窃盗,自転車盗,須磨,名谷中央,281077,兵庫県,神戸市須磨区,弥栄台２丁目,20240925,18,その他,駐車（輪）場,10歳代,高校生,施錠せず
窃盗,自転車盗,須磨,横尾,281077,兵庫県,神戸市須磨区,横尾１丁目,20240527,11,駐車（輪）場,駐車（輪）場,10歳代,大学生,施錠した
窃盗,自転車盗,須磨,横尾,281077,兵庫県,神戸市須磨区,横尾１丁目,20240624,14,道路上,その他,70歳以上,その他,施錠した
窃盗,自転車盗,須磨,横尾,281077,兵庫県,神戸市須磨区,横尾１丁目,20241202,8,その他,駐車（輪）場,20歳代,その他,施錠せず
窃盗,自転車盗,垂水,平尾,281085,兵庫県,神戸市垂水区,城が山１丁目,20240928,9,４階建て以上共同住宅,駐車（輪）場,30歳代,その他,施錠した
窃盗,自転車盗,垂水,平尾,281085,兵庫県,神戸市垂水区,美山台３丁目,20241031,18,その他の住宅（３階建て以下共同住宅等）,駐車（輪）場,20歳代,その他,施錠せず
窃盗,自転車盗,垂水,平尾,281085,兵庫県,神戸市垂水区,王居殿２丁目,20240302,12,その他,その他,40歳代,その他,施錠せず
窃盗,自転車盗,垂水,高丸,281085,兵庫県,神戸市垂水区,高丸４丁目,20240130,16,４階建て以上共同住宅,駐車（輪）場,30歳代,その他,施錠せず
窃盗,自転車盗,垂水,高丸,281085,兵庫県,神戸市垂水区,野田通,20240915,20,４階建て以上共同住宅,駐車（輪）場,20歳代,その他,施錠せず
窃盗,自転車盗,垂水,名谷,281085,兵庫県,神戸市垂水区,多聞町,20240726,16,４階建て以上共同住宅,駐車（輪）場,20歳代,大学生,施錠せず
窃盗,自転車盗,垂水,名谷,281085,兵庫県,神戸市垂水区,名谷町,20240211,21,その他,駐車（輪）場,10歳代,中学生,施錠せず
窃盗,自転車盗,垂水,名谷,281085,兵庫県,神戸市垂水区,名谷町,20241129,14,一戸建住宅,駐車（輪）場,30歳代,その他,施錠した
窃盗,自転車盗,垂水,名谷,281085,兵庫県,神戸市垂水区,名谷町,20241127,7,４階建て以上共同住宅,駐車（輪）場,20歳代,大学生,施錠した
窃盗,自転車盗,垂水,名谷,281085,兵庫県,神戸市垂水区,名谷町字寺池,20241115,20,４階建て以上共同住宅,駐車（輪）場,50歳代,その他,施錠せず
窃盗,自転車盗,垂水,名谷,281085,兵庫県,神戸市垂水区,名谷町字室山,20240526,22,その他の住宅（３階建て以下共同住宅等）,駐車（輪）場,20歳代,大学生,施錠した
窃盗,自転車盗,垂水,名谷,281085,兵庫県,神戸市垂水区,小束山本町３丁目,20240329,18,その他,駐車（輪）場,10歳代,高校生,施錠せず
窃盗,自転車盗,垂水,垂水駅前,281085,兵庫県,神戸市垂水区,海岸通,20240320,8,駐車（輪）場,駐車（輪）場,30歳代,その他,施錠せず
窃盗,自転車盗,垂水,垂水駅前,281085,兵庫県,神戸市垂水区,海岸通,20240509,16,４階建て以上共同住宅,駐車（輪）場,50歳代,その他,施錠せず
窃盗,自転車盗,垂水,垂水駅前,281085,兵庫県,神戸市垂水区,海岸通,20240618,20,４階建て以上共同住宅,駐車（輪）場,40歳代,その他,施錠せず
窃盗,自転車盗,垂水,垂水駅前,281085,兵庫県,神戸市垂水区,海岸通,20240902,12,駐車（輪）場,駐車（輪）場,40歳代,その他,施錠した
窃盗,自転車盗,垂水,垂水駅前,281085,兵庫県,神戸市垂水区,海岸通,20240817,12,４階建て以上共同住宅,駐車（輪）場,10歳代,高校生,施錠せず
窃盗,自転車盗,垂水,垂水駅前,281085,兵庫県,神戸市垂水区,川原１丁目,20240515,10,その他の住宅（３階建て以下共同住宅等）,駐車（輪）場,30歳代,その他,施錠せず
窃盗,自転車盗,垂水,垂水駅前,281085,兵庫県,神戸市垂水区,神田町,20231231,8,道路上,その他,10歳代,高校生,施錠せず
窃盗,自転車盗,垂水,垂水駅前,281085,兵庫県,神戸市垂水区,神田町,20240601,15,その他,駐車（輪）場,10歳代,高校生,施錠せず
窃盗,自転車盗,垂水,垂水駅前,281085,兵庫県,神戸市垂水区,神田町,20240601,18,その他,駐車（輪）場,20歳代,その他,施錠せず
窃盗,自転車盗,垂水,垂水駅前,281085,兵庫県,神戸市垂水区,清水通,20240111,19,その他の住宅（３階建て以下共同住宅等）,駐車（輪）場,30歳代,その他,施錠した
窃盗,自転車盗,垂水,垂水駅前,281085,兵庫県,神戸市垂水区,天ノ下町,20240628,16,その他,駐車（輪）場,10歳代,小学生,施錠せず
窃盗,自転車盗,垂水,垂水駅前,281085,兵庫県,神戸市垂水区,中道２丁目,20240105,22,その他の住宅（３階建て以下共同住宅等）,駐車（輪）場,10歳代,高校生,施錠した
窃盗,自転車盗,垂水,垂水駅前,281085,兵庫県,神戸市垂水区,瑞穂通,20240703,17,一戸建住宅,その他,70歳以上,その他,施錠した
窃盗,自転車盗,垂水,垂水駅前,281085,兵庫県,神戸市垂水区,山手３丁目,20240421,12,道路上,その他,20歳代,その他,施錠した
窃盗,自転車盗,垂水,垂水駅前,281085,兵庫県,神戸市垂水区,山手３丁目,20240520,20,その他の住宅（３階建て以下共同住宅等）,その他,50歳代,その他,施錠した
窃盗,自転車盗,垂水,垂水駅前,281085,兵庫県,神戸市垂水区,山手３丁目,20240908,22,その他の住宅（３階建て以下共同住宅等）,駐車（輪）場,30歳代,その他,施錠した
窃盗,自転車盗,垂水,垂水駅前,281085,兵庫県,神戸市垂水区,山手６丁目,20231220,8,駐車（輪）場,駐車（輪）場,40歳代,その他,施錠せず
窃盗,自転車盗,垂水,北舞子,281085,兵庫県,神戸市垂水区,北舞子３丁目,20240217,3,その他の住宅（３階建て以下共同住宅等）,駐車（輪）場,10歳代,中学生,施錠せず
窃盗,自転車盗,垂水,北舞子,281085,兵庫県,神戸市垂水区,星陵台１丁目,20240511,9,その他,駐車（輪）場,10歳未満,小学生,施錠した
窃盗,自転車盗,垂水,北舞子,281085,兵庫県,神戸市垂水区,星陵台２丁目,20241218,15,その他の住宅（３階建て以下共同住宅等）,駐車（輪）場,10歳代,小学生,施錠した
窃盗,自転車盗,垂水,北舞子,281085,兵庫県,神戸市垂水区,星陵台３丁目,20241018,17,４階建て以上共同住宅,駐車（輪）場,20歳代,その他,施錠せず
窃盗,自転車盗,垂水,北舞子,281085,兵庫県,神戸市垂水区,星陵台８丁目,20240906,19,一戸建住宅,駐車（輪）場,30歳代,その他,施錠せず
窃盗,自転車盗,垂水,北舞子,281085,兵庫県,神戸市垂水区,舞子台７丁目,20240419,19,４階建て以上共同住宅,駐車（輪）場,10歳代,高校生,施錠せず
窃盗,自転車盗,垂水,北舞子,281085,兵庫県,神戸市垂水区,舞子台８丁目,20240207,10,４階建て以上共同住宅,駐車（輪）場,40歳代,その他,施錠せず
窃盗,自転車盗,垂水,北舞子,281085,兵庫県,神戸市垂水区,舞子台８丁目,20241130,15,４階建て以上共同住宅,駐車（輪）場,40歳代,その他,施錠せず
窃盗,自転車盗,垂水,舞子駅前,281085,兵庫県,神戸市垂水区,狩口台７丁目,20241217,22,４階建て以上共同住宅,駐車（輪）場,10歳代,中学生,施錠せず
窃盗,自転車盗,垂水,舞子駅前,281085,兵庫県,神戸市垂水区,東舞子町,20240202,22,４階建て以上共同住宅,駐車（輪）場,40歳代,その他,施錠した
窃盗,自転車盗,垂水,舞子駅前,281085,兵庫県,神戸市垂水区,東舞子町,20240606,7,その他,駐車（輪）場,10歳代,大学生,施錠した
窃盗,自転車盗,垂水,舞子駅前,281085,兵庫県,神戸市垂水区,東舞子町,20240718,5,駐車（輪）場,駐車（輪）場,30歳代,その他,施錠した
窃盗,自転車盗,垂水,舞子駅前,281085,兵庫県,神戸市垂水区,東舞子町,20240807,17,駐車（輪）場,駐車（輪）場,20歳代,大学生,施錠せず
窃盗,自転車盗,垂水,舞子駅前,281085,兵庫県,神戸市垂水区,東舞子町,20240731,8,駐車（輪）場,駐車（輪）場,40歳代,その他,施錠した
窃盗,自転車盗,垂水,舞子駅前,281085,兵庫県,神戸市垂水区,東舞子町,20240913,21,４階建て以上共同住宅,駐車（輪）場,10歳代,大学生,施錠した
窃盗,自転車盗,垂水,舞子駅前,281085,兵庫県,神戸市垂水区,舞子台２丁目,20240321,15,道路上,その他,20歳代,大学生,施錠した
窃盗,自転車盗,垂水,舞子駅前,281085,兵庫県,神戸市垂水区,舞子台２丁目,20241001,11,その他,その他,50歳代,その他,施錠した
窃盗,自転車盗,垂水,舞子駅前,281085,兵庫県,神戸市垂水区,舞子台２丁目,20241217,16,その他,その他,20歳代,大学生,施錠した
窃盗,自転車盗,垂水,舞子駅前,281085,兵庫県,神戸市垂水区,舞子台４丁目,20240619,9,その他,その他,10歳代,大学生,施錠した
窃盗,自転車盗,垂水,西舞子,281085,兵庫県,神戸市垂水区,清水が丘２丁目,20240109,16,４階建て以上共同住宅,その他,10歳代,その他,施錠せず
窃盗,自転車盗,垂水,西舞子,281085,兵庫県,神戸市垂水区,西舞子２丁目,20240210,12,一戸建住宅,その他,70歳以上,その他,施錠せず
窃盗,自転車盗,垂水,西舞子,281085,兵庫県,神戸市垂水区,西舞子５丁目,20240914,19,その他の住宅（３階建て以下共同住宅等）,駐車（輪）場,10歳代,その他,施錠した
窃盗,自転車盗,垂水,西舞子,281085,兵庫県,神戸市垂水区,西舞子８丁目,20240601,10,一戸建住宅,駐車（輪）場,50歳代,その他,施錠せず
窃盗,自転車盗,垂水,西舞子,281085,兵庫県,神戸市垂水区,西舞子９丁目,20240929,19,一戸建住宅,駐車（輪）場,30歳代,その他,施錠せず
窃盗,自転車盗,垂水,多聞,281085,兵庫県,神戸市垂水区,多聞台３丁目,20240821,19,４階建て以上共同住宅,駐車（輪）場,40歳代,その他,施錠せず
窃盗,自転車盗,垂水,多聞,281085,兵庫県,神戸市垂水区,多聞町,20240619,15,その他,駐車（輪）場,10歳代,小学生,施錠せず
窃盗,自転車盗,垂水,多聞,281085,兵庫県,神戸市垂水区,南多聞台３丁目,20240518,16,その他の住宅（３階建て以下共同住宅等）,駐車（輪）場,40歳代,その他,施錠した
窃盗,自転車盗,垂水,多聞,281085,兵庫県,神戸市垂水区,小束台,20241110,14,その他,駐車（輪）場,10歳代,中学生,施錠した
窃盗,自転車盗,垂水,多聞,281085,兵庫県,神戸市垂水区,舞多聞西１丁目,20240607,22,一戸建住宅,駐車（輪）場,10歳代,中学生,施錠せず
窃盗,自転車盗,垂水,多聞,281085,兵庫県,神戸市垂水区,舞多聞西４丁目,20240523,22,一戸建住宅,駐車（輪）場,40歳代,その他,施錠せず
窃盗,自転車盗,垂水,多聞,281085,兵庫県,神戸市垂水区,舞多聞西５丁目,20240119,17,その他,その他,10歳代,小学生,施錠せず
窃盗,自転車盗,垂水,多聞,281085,兵庫県,神戸市垂水区,舞多聞東２丁目,20240213,18,駐車（輪）場,駐車（輪）場,20歳代,大学生,施錠した
窃盗,自転車盗,垂水,多聞,281085,兵庫県,神戸市垂水区,舞多聞東２丁目,20240524,11,その他,駐車（輪）場,10歳代,大学生,施錠せず
窃盗,自転車盗,垂水,多聞,281085,兵庫県,神戸市垂水区,舞多聞東２丁目,20240703,18,一戸建住宅,その他,10歳代,中学生,施錠した
窃盗,自転車盗,垂水,多聞,281085,兵庫県,神戸市垂水区,舞多聞東２丁目,20240705,17,その他,駐車（輪）場,10歳代,中学生,施錠せず
窃盗,自転車盗,垂水,多聞,281085,兵庫県,神戸市垂水区,舞多聞東２丁目,20240927,14,その他,駐車（輪）場,10歳代,中学生,施錠せず
窃盗,自転車盗,垂水,上高丸,281085,兵庫県,神戸市垂水区,上高丸２丁目,20241002,18,その他の住宅（３階建て以下共同住宅等）,駐車（輪）場,20歳代,その他,施錠せず
窃盗,自転車盗,垂水,明舞,281085,兵庫県,神戸市垂水区,神陵台１丁目,20191001,12,駐車（輪）場,駐車（輪）場,50歳代,その他,施錠した
窃盗,自転車盗,垂水,明舞,281085,兵庫県,神戸市垂水区,神陵台２丁目,20231223,21,４階建て以上共同住宅,駐車（輪）場,40歳代,その他,施錠せず
窃盗,自転車盗,垂水,明舞,281085,兵庫県,神戸市垂水区,神陵台２丁目,20240913,11,その他の住宅（３階建て以下共同住宅等）,駐車（輪）場,10歳代,小学生,施錠せず
窃盗,自転車盗,垂水,明舞,281085,兵庫県,神戸市垂水区,神陵台２丁目,20240903,18,その他の住宅（３階建て以下共同住宅等）,駐車（輪）場,10歳代,小学生,施錠せず
窃盗,自転車盗,垂水,明舞,281085,兵庫県,神戸市垂水区,神陵台２丁目,20241207,17,４階建て以上共同住宅,駐車（輪）場,10歳代,小学生,施錠せず
窃盗,自転車盗,垂水,明舞,281085,兵庫県,神戸市垂水区,神陵台４丁目,20241009,19,４階建て以上共同住宅,駐車（輪）場,10歳代,中学生,施錠せず
窃盗,自転車盗,垂水,明舞,281085,兵庫県,神戸市垂水区,神陵台８丁目,20240116,16,駐車（輪）場,駐車（輪）場,20歳代,その他,施錠せず
窃盗,自転車盗,垂水,明舞,281085,兵庫県,神戸市垂水区,南多聞台２丁目,20240426,19,一戸建住宅,その他,10歳代,中学生,施錠せず
窃盗,自転車盗,垂水,明舞,281085,兵庫県,神戸市垂水区,南多聞台４丁目,20240524,17,４階建て以上共同住宅,駐車（輪）場,10歳未満,小学生,施錠せず
窃盗,自転車盗,垂水,明舞,281085,兵庫県,神戸市垂水区,南多聞台７丁目,20241010,21,４階建て以上共同住宅,駐車（輪）場,30歳代,その他,施錠した
窃盗,自転車盗,垂水,明舞,281085,兵庫県,神戸市垂水区,南多聞台７丁目,20241130,12,４階建て以上共同住宅,駐車（輪）場,30歳代,その他,施錠した
窃盗,自転車盗,垂水,青山台,281085,兵庫県,神戸市垂水区,青山台５丁目,20231127,19,その他の住宅（３階建て以下共同住宅等）,駐車（輪）場,10歳代,中学生,施錠せず
窃盗,自転車盗,垂水,青山台,281085,兵庫県,神戸市垂水区,青山台７丁目,20240706,20,その他,駐車（輪）場,10歳代,高校生,施錠した
窃盗,自転車盗,垂水,青山台,281085,兵庫県,神戸市垂水区,下畑町字鷲ケ尾,20240424,21,４階建て以上共同住宅,駐車（輪）場,40歳代,その他,施錠せず
窃盗,自転車盗,垂水,青山台,281085,兵庫県,神戸市垂水区,松風台２丁目,20241217,16,その他,その他,10歳代,小学生,施錠せず
窃盗,自転車盗,垂水,新多聞,281085,兵庫県,神戸市垂水区,本多聞１丁目,20241118,22,道路上,その他,30歳代,その他,施錠せず
窃盗,自転車盗,垂水,新多聞,281085,兵庫県,神戸市垂水区,学が丘４丁目,20240712,22,駐車（輪）場,駐車（輪）場,10歳代,大学生,施錠した
窃盗,自転車盗,垂水,桃山台,281085,兵庫県,神戸市垂水区,桃山台２丁目,20240427,18,一戸建住宅,駐車（輪）場,10歳代,中学生,施錠した
窃盗,自転車盗,垂水,桃山台,281085,兵庫県,神戸市垂水区,桃山台２丁目,20240809,18,一戸建住宅,駐車（輪）場,10歳代,中学生,施錠せず
窃盗,自転車盗,神戸水上,新港,281107,兵庫県,神戸市中央区,小野浜町,20240614,19,その他,その他,10歳代,小学生,施錠せず
窃盗,自転車盗,神戸水上,新港,281107,兵庫県,神戸市中央区,小野浜町,20241012,19,その他,その他,20歳代,その他,施錠せず
窃盗,自転車盗,神戸水上,新港,281107,兵庫県,神戸市中央区,新港町,20241026,19,駐車（輪）場,駐車（輪）場,50歳代,その他,施錠した
窃盗,自転車盗,神戸水上,新港,281107,兵庫県,神戸市中央区,新港町,20241228,22,道路上,その他,40歳代,その他,施錠せず
窃盗,自転車盗,神戸水上,中突堤,281107,兵庫県,神戸市中央区,波止場町,20240209,16,４階建て以上共同住宅,その他,20歳代,その他,施錠せず
窃盗,自転車盗,神戸水上,中突堤,281107,兵庫県,神戸市中央区,波止場町,20240504,0,４階建て以上共同住宅,駐車（輪）場,40歳代,その他,施錠した
窃盗,自転車盗,神戸水上,中突堤,281107,兵庫県,神戸市中央区,波止場町,20240719,8,駐車（輪）場,駐車（輪）場,30歳代,その他,施錠した
窃盗,自転車盗,神戸水上,中突堤,281107,兵庫県,神戸市中央区,波止場町,20240722,7,その他,駐車（輪）場,20歳代,その他,施錠せず
窃盗,自転車盗,神戸水上,中突堤,281107,兵庫県,神戸市中央区,波止場町,20240808,9,道路上,その他,20歳代,その他,施錠せず
窃盗,自転車盗,神戸水上,中突堤,281107,兵庫県,神戸市中央区,波止場町,20240824,9,その他,その他,20歳代,その他,施錠した
窃盗,自転車盗,神戸水上,中突堤,281107,兵庫県,神戸市中央区,波止場町,20241024,15,道路上,その他,70歳以上,その他,施錠せず
窃盗,自転車盗,神戸水上,中突堤,281107,兵庫県,神戸市中央区,弁天町,20240607,18,道路上,その他,10歳代,その他,施錠せず
窃盗,自転車盗,神戸水上,中突堤,281107,兵庫県,神戸市中央区,弁天町,20240808,9,駐車（輪）場,駐車（輪）場,30歳代,その他,施錠せず
窃盗,自転車盗,神戸水上,ポートアイランド,281107,兵庫県,神戸市中央区,下山手通５丁目,20241002,11,駐車（輪）場,駐車（輪）場,20歳代,その他,施錠せず
窃盗,自転車盗,神戸水上,ポートアイランド,281107,兵庫県,神戸市中央区,港島１丁目,20240125,13,その他,駐車（輪）場,20歳代,大学生,施錠せず
窃盗,自転車盗,神戸水上,ポートアイランド,281107,兵庫県,神戸市中央区,港島１丁目,20240610,23,道路上,その他,30歳代,その他,施錠した
窃盗,自転車盗,神戸水上,ポートアイランド,281107,兵庫県,神戸市中央区,港島１丁目,20240618,15,その他,駐車（輪）場,10歳代,大学生,施錠した
窃盗,自転車盗,神戸水上,ポートアイランド,281107,兵庫県,神戸市中央区,港島１丁目,20241011,9,その他,駐車（輪）場,10歳代,大学生,施錠した
窃盗,自転車盗,神戸水上,ポートアイランド,281107,兵庫県,神戸市中央区,港島１丁目,20241203,8,その他,駐車（輪）場,20歳代,大学生,施錠せず
窃盗,自転車盗,神戸水上,ポートアイランド,281107,兵庫県,神戸市中央区,港島１丁目,20241220,1,４階建て以上共同住宅,駐車（輪）場,10歳代,大学生,施錠した
窃盗,自転車盗,神戸水上,ポートアイランド,281107,兵庫県,神戸市中央区,港島１丁目,20241222,23,４階建て以上共同住宅,駐車（輪）場,20歳代,大学生,施錠せず
窃盗,自転車盗,神戸水上,ポートアイランド,281107,兵庫県,神戸市中央区,港島中町２丁目,20240215,10,４階建て以上共同住宅,駐車（輪）場,40歳代,その他,施錠した
窃盗,自転車盗,神戸水上,ポートアイランド,281107,兵庫県,神戸市中央区,港島中町２丁目,20240715,15,４階建て以上共同住宅,駐車（輪）場,10歳代,中学生,施錠せず
窃盗,自転車盗,神戸水上,ポートアイランド,281107,兵庫県,神戸市中央区,港島中町２丁目,20240823,9,４階建て以上共同住宅,その他,10歳代,大学生,施錠せず
窃盗,自転車盗,神戸水上,ポートアイランド,281107,兵庫県,神戸市中央区,港島中町２丁目,20241206,22,４階建て以上共同住宅,その他,10歳代,高校生,施錠せず
窃盗,自転車盗,神戸水上,ポートアイランド,281107,兵庫県,神戸市中央区,港島中町３丁目,20240107,17,４階建て以上共同住宅,駐車（輪）場,10歳代,中学生,施錠せず
窃盗,自転車盗,神戸水上,ポートアイランド,281107,兵庫県,神戸市中央区,港島中町３丁目,20240114,17,４階建て以上共同住宅,駐車（輪）場,40歳代,その他,施錠した
窃盗,自転車盗,神戸水上,ポートアイランド,281107,兵庫県,神戸市中央区,港島中町３丁目,20240822,13,道路上,その他,10歳代,小学生,施錠せず
窃盗,自転車盗,神戸水上,ポートアイランド,281107,兵庫県,神戸市中央区,港島中町３丁目,20241124,16,駐車（輪）場,駐車（輪）場,20歳代,その他,施錠せず
窃盗,自転車盗,神戸水上,ポートアイランド,281107,兵庫県,神戸市中央区,港島中町４丁目,20241007,7,駐車（輪）場,駐車（輪）場,10歳代,大学生,施錠した
窃盗,自転車盗,神戸水上,ポートアイランド,281107,兵庫県,神戸市中央区,港島中町４丁目,20240420,7,その他,駐車（輪）場,50歳代,その他,施錠せず
窃盗,自転車盗,神戸水上,ポートアイランド,281107,兵庫県,神戸市中央区,港島中町４丁目,20241220,8,駐車（輪）場,駐車（輪）場,30歳代,その他,施錠せず
窃盗,自転車盗,神戸水上,ポートアイランド,281107,兵庫県,神戸市中央区,港島中町５丁目,20240513,17,４階建て以上共同住宅,駐車（輪）場,10歳代,大学生,施錠せず
窃盗,自転車盗,神戸水上,ポートアイランド,281107,兵庫県,神戸市中央区,港島中町５丁目,20241219,20,４階建て以上共同住宅,駐車（輪）場,20歳代,大学生,施錠した
窃盗,自転車盗,神戸水上,ポートアイランド,281107,兵庫県,神戸市中央区,港島中町６丁目,20240208,21,４階建て以上共同住宅,駐車（輪）場,30歳代,その他,施錠した
窃盗,自転車盗,神戸水上,ポートアイランド,281107,兵庫県,神戸市中央区,港島中町６丁目,20240715,14,その他,駐車（輪）場,20歳代,その他,施錠した
窃盗,自転車盗,神戸水上,ポートアイランド,281107,兵庫県,神戸市中央区,港島中町６丁目,20241031,10,その他,駐車（輪）場,20歳代,大学生,施錠せず
窃盗,自転車盗,神戸水上,ポートアイランド,281107,兵庫県,神戸市中央区,港島南町２丁目,20240610,8,その他,その他,30歳代,その他,施錠した
窃盗,自転車盗,神戸西,上池,281115,兵庫県,神戸市西区,玉津町　今津,20240415,17,４階建て以上共同住宅,駐車（輪）場,40歳代,高校生,施錠した
窃盗,自転車盗,神戸西,上池,281115,兵庫県,神戸市西区,玉津町　今津,20240615,11,４階建て以上共同住宅,駐車（輪）場,10歳代,その他,施錠した
窃盗,自転車盗,神戸西,上池,281115,兵庫県,神戸市西区,玉津町　今津,20241026,19,４階建て以上共同住宅,駐車（輪）場,10歳代,中学生,施錠せず
窃盗,自転車盗,神戸西,上池,281115,兵庫県,神戸市西区,玉津町　上池,20241129,16,一戸建住宅,駐車（輪）場,10歳代,中学生,施錠せず
窃盗,自転車盗,神戸西,上池,281115,兵庫県,神戸市西区,玉津町　高津橋,20240301,21,その他の住宅（３階建て以下共同住宅等）,駐車（輪）場,20歳代,その他,施錠せず
窃盗,自転車盗,神戸西,上池,281115,兵庫県,神戸市西区,玉津町　高津橋,20241023,18,一戸建住宅,その他,10歳代,中学生,施錠した
窃盗,自転車盗,神戸西,上池,281115,兵庫県,神戸市西区,玉津町　新方,20221201,不明,一戸建住宅,駐車（輪）場,50歳代,その他,施錠せず
窃盗,自転車盗,神戸西,上池,281115,兵庫県,神戸市西区,玉津町　新方,20240709,17,４階建て以上共同住宅,駐車（輪）場,30歳代,その他,施錠した
窃盗,自転車盗,神戸西,上池,281115,兵庫県,神戸市西区,玉津町　西河原,20240304,10,その他の住宅（３階建て以下共同住宅等）,駐車（輪）場,30歳代,その他,施錠せず
窃盗,自転車盗,神戸西,上池,281115,兵庫県,神戸市西区,玉津町　西河原,20240420,7,その他の住宅（３階建て以下共同住宅等）,駐車（輪）場,30歳代,その他,施錠せず
窃盗,自転車盗,神戸西,上池,281115,兵庫県,神戸市西区,玉津町　西河原,20240810,5,道路上,その他,40歳代,その他,施錠せず
窃盗,自転車盗,神戸西,上池,281115,兵庫県,神戸市西区,玉津町　西河原,20240410,0,４階建て以上共同住宅,駐車（輪）場,50歳代,その他,施錠せず
窃盗,自転車盗,神戸西,上池,281115,兵庫県,神戸市西区,水谷２丁目,20240709,16,その他の住宅（３階建て以下共同住宅等）,駐車（輪）場,10歳代,小学生,施錠せず
窃盗,自転車盗,神戸西,上池,281115,兵庫県,神戸市西区,水谷２丁目,20241007,7,その他の住宅（３階建て以下共同住宅等）,その他,20歳代,その他,施錠せず
窃盗,自転車盗,神戸西,出合,281115,兵庫県,神戸市西区,王塚台５丁目,20240414,17,その他の住宅（３階建て以下共同住宅等）,駐車（輪）場,20歳代,その他,施錠せず
窃盗,自転車盗,神戸西,出合,281115,兵庫県,神戸市西区,王塚台５丁目,20241104,20,その他の住宅（３階建て以下共同住宅等）,駐車（輪）場,10歳代,その他,施錠せず
窃盗,自転車盗,神戸西,出合,281115,兵庫県,神戸市西区,玉津町　出合,20240422,19,その他,駐車（輪）場,10歳代,中学生,施錠せず
窃盗,自転車盗,神戸西,出合,281115,兵庫県,神戸市西区,玉津町　出合,20240625,7,その他の住宅（３階建て以下共同住宅等）,駐車（輪）場,10歳代,中学生,施錠せず
窃盗,自転車盗,神戸西,出合,281115,兵庫県,神戸市西区,小山３丁目,20241203,15,４階建て以上共同住宅,駐車（輪）場,30歳代,その他,施錠した
窃盗,自転車盗,神戸西,出合,281115,兵庫県,神戸市西区,丸塚１丁目,20240511,11,一戸建住宅,その他,40歳代,その他,施錠せず
窃盗,自転車盗,神戸西,出合,281115,兵庫県,神戸市西区,丸塚２丁目,20240229,16,その他,駐車（輪）場,20歳代,その他,施錠せず
窃盗,自転車盗,神戸西,出合,281115,兵庫県,神戸市西区,丸塚２丁目,20240314,13,駐車（輪）場,駐車（輪）場,10歳代,中学生,施錠せず
窃盗,自転車盗,神戸西,出合,281115,兵庫県,神戸市西区,丸塚２丁目,20240620,16,その他,駐車（輪）場,10歳未満,小学生,施錠せず
窃盗,自転車盗,神戸西,出合,281115,兵庫県,神戸市西区,丸塚２丁目,20240707,18,その他,駐車（輪）場,10歳代,高校生,施錠せず
窃盗,自転車盗,神戸西,出合,281115,兵庫県,神戸市西区,丸塚２丁目,20240804,22,その他,駐車（輪）場,10歳代,その他,施錠せず
窃盗,自転車盗,神戸西,春日台,281115,兵庫県,神戸市西区,平野町　常本,20241122,12,道路上,その他,20歳代,その他,施錠した
窃盗,自転車盗,神戸西,春日台,281115,兵庫県,神戸市西区,春日台６丁目,20240913,8,その他,駐車（輪）場,10歳代,中学生,施錠せず
窃盗,自転車盗,神戸西,春日台,281115,兵庫県,神戸市西区,春日台７丁目,20240401,10,一戸建住宅,その他,70歳以上,その他,施錠した
窃盗,自転車盗,神戸西,春日台,281115,兵庫県,神戸市西区,春日台９丁目,20240819,9,道路上,その他,40歳代,その他,施錠せず
窃盗,自転車盗,神戸西,春日台,281115,兵庫県,神戸市西区,樫野台３丁目,20240921,17,その他の住宅（３階建て以下共同住宅等）,駐車（輪）場,10歳代,小学生,施錠せず
窃盗,自転車盗,神戸西,古郷,281115,兵庫県,神戸市西区,岩岡町　野中,20230917,13,一戸建住宅,駐車（輪）場,50歳代,その他,施錠せず
窃盗,自転車盗,神戸西,古郷,281115,兵庫県,神戸市西区,糀台５丁目,20240511,22,駐車（輪）場,駐車（輪）場,30歳代,その他,施錠した
窃盗,自転車盗,神戸西,古郷,281115,兵庫県,神戸市西区,竜が岡１丁目,20240615,15,その他,駐車（輪）場,10歳代,その他,施錠せず
窃盗,自転車盗,神戸西,古郷,281115,兵庫県,神戸市西区,竜が岡１丁目,20240628,17,その他,駐車（輪）場,20歳代,その他,施錠せず
窃盗,自転車盗,神戸西,古郷,281115,兵庫県,神戸市西区,竜が岡１丁目,20240813,11,その他,駐車（輪）場,70歳以上,その他,施錠した
窃盗,自転車盗,神戸西,古郷,281115,兵庫県,神戸市西区,竜が岡４丁目,20240913,19,その他の住宅（３階建て以下共同住宅等）,駐車（輪）場,10歳未満,小学生,施錠した
窃盗,自転車盗,神戸西,古郷,281115,兵庫県,神戸市西区,竜が岡５丁目,20240330,17,その他の住宅（３階建て以下共同住宅等）,駐車（輪）場,10歳代,大学生,施錠した
窃盗,自転車盗,神戸西,古郷,281115,兵庫県,神戸市西区,竜が岡５丁目,20240511,10,駐車（輪）場,駐車（輪）場,20歳代,その他,施錠した
窃盗,自転車盗,神戸西,古郷,281115,兵庫県,神戸市西区,竜が岡５丁目,20241001,18,その他の住宅（３階建て以下共同住宅等）,駐車（輪）場,10歳代,小学生,施錠せず
窃盗,自転車盗,神戸西,古郷,281115,兵庫県,神戸市西区,大沢１丁目,20240610,18,その他の住宅（３階建て以下共同住宅等）,駐車（輪）場,50歳代,その他,施錠した
窃盗,自転車盗,神戸西,神出,281115,兵庫県,神戸市西区,神出町　東,20240915,8,道路上,その他,40歳代,その他,施錠せず
窃盗,自転車盗,神戸西,栄,281115,兵庫県,神戸市西区,押部谷町　木津,20240719,17,その他,駐車（輪）場,20歳代,その他,施錠せず
窃盗,自転車盗,神戸西,栄,281115,兵庫県,神戸市西区,糀台５丁目,20240321,20,その他,駐車（輪）場,10歳代,高校生,施錠せず
窃盗,自転車盗,神戸西,栄,281115,兵庫県,神戸市西区,桜が丘中町３丁目,20240625,7,その他,駐車（輪）場,10歳代,高校生,施錠した
窃盗,自転車盗,神戸西,栄,281115,兵庫県,神戸市西区,桜が丘中町３丁目,20241010,7,その他,その他,10歳代,中学生,施錠せず
窃盗,自転車盗,神戸西,栄,281115,兵庫県,神戸市西区,桜が丘東町３丁目,20240625,14,４階建て以上共同住宅,駐車（輪）場,10歳代,小学生,施錠せず
窃盗,自転車盗,神戸西,栄,281115,兵庫県,神戸市西区,桜が丘東町３丁目,20241130,6,その他の住宅（３階建て以下共同住宅等）,駐車（輪）場,30歳代,その他,施錠せず
窃盗,自転車盗,神戸西,伊川谷,281115,兵庫県,神戸市西区,伊川谷町　別府,20240420,10,その他,駐車（輪）場,10歳代,高校生,施錠せず
窃盗,自転車盗,神戸西,伊川谷,281115,兵庫県,神戸市西区,伊川谷町　別府,20241222,17,その他の住宅（３階建て以下共同住宅等）,駐車（輪）場,40歳代,その他,施錠せず
窃盗,自転車盗,神戸西,伊川谷,281115,兵庫県,神戸市西区,北別府３丁目,20240728,18,その他の住宅（３階建て以下共同住宅等）,駐車（輪）場,10歳代,高校生,施錠せず
窃盗,自転車盗,神戸西,伊川谷,281115,兵庫県,神戸市西区,北別府４丁目,20231229,11,４階建て以上共同住宅,駐車（輪）場,10歳代,高校生,施錠せず
窃盗,自転車盗,神戸西,伊川谷,281115,兵庫県,神戸市西区,北別府４丁目,20240315,8,その他の住宅（３階建て以下共同住宅等）,駐車（輪）場,40歳代,その他,施錠した
窃盗,自転車盗,神戸西,伊川谷,281115,兵庫県,神戸市西区,北別府４丁目,20240501,10,４階建て以上共同住宅,駐車（輪）場,70歳以上,その他,施錠した
窃盗,自転車盗,神戸西,伊川谷,281115,兵庫県,神戸市西区,北別府４丁目,20240808,9,４階建て以上共同住宅,駐車（輪）場,30歳代,その他,施錠せず
窃盗,自転車盗,神戸西,伊川谷,281115,兵庫県,神戸市西区,北別府４丁目,20240830,10,その他,駐車（輪）場,10歳代,高校生,施錠せず
窃盗,自転車盗,神戸西,伊川谷,281115,兵庫県,神戸市西区,北別府４丁目,20241224,13,その他,その他,10歳代,中学生,施錠せず
窃盗,自転車盗,神戸西,伊川谷,281115,兵庫県,神戸市西区,池上３丁目,20231230,13,駐車（輪）場,駐車（輪）場,10歳代,中学生,施錠せず
窃盗,自転車盗,神戸西,伊川谷,281115,兵庫県,神戸市西区,池上３丁目,20240108,15,その他,駐車（輪）場,20歳代,大学生,施錠せず
窃盗,自転車盗,神戸西,伊川谷,281115,兵庫県,神戸市西区,池上３丁目,20241122,12,４階建て以上共同住宅,駐車（輪）場,20歳代,その他,施錠した
窃盗,自転車盗,神戸西,伊川谷,281115,兵庫県,神戸市西区,池上３丁目,20241220,10,その他,駐車（輪）場,30歳代,その他,施錠せず
窃盗,自転車盗,神戸西,伊川谷,281115,兵庫県,神戸市西区,池上４丁目,20231220,20,４階建て以上共同住宅,駐車（輪）場,20歳代,大学生,施錠せず
窃盗,自転車盗,神戸西,伊川谷,281115,兵庫県,神戸市西区,池上４丁目,20230921,17,道路上,その他,30歳代,その他,施錠せず
窃盗,自転車盗,神戸西,伊川谷,281115,兵庫県,神戸市西区,池上４丁目,20240101,18,その他の住宅（３階建て以下共同住宅等）,駐車（輪）場,10歳代,高校生,施錠した
窃盗,自転車盗,神戸西,伊川谷,281115,兵庫県,神戸市西区,池上４丁目,20240506,14,その他の住宅（３階建て以下共同住宅等）,駐車（輪）場,30歳代,その他,施錠せず
窃盗,自転車盗,神戸西,伊川谷,281115,兵庫県,神戸市西区,今寺,20240613,17,その他,その他,10歳未満,小学生,施錠せず
窃盗,自転車盗,神戸西,伊川谷,281115,兵庫県,神戸市西区,今寺,20240919,7,４階建て以上共同住宅,駐車（輪）場,10歳代,大学生,施錠せず
窃盗,自転車盗,神戸西,伊川谷,281115,兵庫県,神戸市西区,大津和２丁目,20240304,21,その他の住宅（３階建て以下共同住宅等）,駐車（輪）場,20歳代,その他,施錠した
窃盗,自転車盗,神戸西,伊川谷,281115,兵庫県,神戸市西区,大津和２丁目,20240324,12,４階建て以上共同住宅,駐車（輪）場,20歳代,その他,施錠した
窃盗,自転車盗,神戸西,伊川谷,281115,兵庫県,神戸市西区,大津和２丁目,20240701,18,その他の住宅（３階建て以下共同住宅等）,駐車（輪）場,20歳代,その他,施錠せず
窃盗,自転車盗,神戸西,伊川谷,281115,兵庫県,神戸市西区,大津和２丁目,20240801,17,４階建て以上共同住宅,駐車（輪）場,20歳代,大学生,施錠した
窃盗,自転車盗,神戸西,伊川谷,281115,兵庫県,神戸市西区,大津和２丁目,20241207,23,その他の住宅（３階建て以下共同住宅等）,駐車（輪）場,30歳代,その他,施錠せず
窃盗,自転車盗,神戸西,伊川谷,281115,兵庫県,神戸市西区,南別府１丁目,20240515,16,その他,駐車（輪）場,10歳代,高校生,施錠せず
窃盗,自転車盗,神戸西,伊川谷,281115,兵庫県,神戸市西区,南別府１丁目,20240526,14,その他,駐車（輪）場,10歳代,中学生,施錠せず
窃盗,自転車盗,神戸西,伊川谷,281115,兵庫県,神戸市西区,南別府１丁目,20241027,1,その他,駐車（輪）場,20歳代,大学生,施錠せず
窃盗,自転車盗,神戸西,伊川谷,281115,兵庫県,神戸市西区,南別府２丁目,20240113,2,道路上,その他,20歳代,その他,施錠せず
窃盗,自転車盗,神戸西,伊川谷,281115,兵庫県,神戸市西区,南別府２丁目,20240421,22,その他の住宅（３階建て以下共同住宅等）,駐車（輪）場,30歳代,その他,施錠した
窃盗,自転車盗,神戸西,伊川谷,281115,兵庫県,神戸市西区,南別府２丁目,20240520,12,その他の住宅（３階建て以下共同住宅等）,駐車（輪）場,30歳代,その他,施錠した
窃盗,自転車盗,神戸西,伊川谷,281115,兵庫県,神戸市西区,南別府４丁目,20231001,9,その他の住宅（３階建て以下共同住宅等）,駐車（輪）場,40歳代,その他,施錠せず
窃盗,自転車盗,神戸西,伊川谷,281115,兵庫県,神戸市西区,竜が岡１丁目,20240505,16,その他,駐車（輪）場,20歳代,その他,施錠せず
窃盗,自転車盗,神戸西,伊川谷,281115,兵庫県,神戸市西区,白水１丁目,20240206,8,一戸建住宅,駐車（輪）場,10歳代,中学生,施錠せず
窃盗,自転車盗,神戸西,伊川谷,281115,兵庫県,神戸市西区,白水１丁目,20241216,8,４階建て以上共同住宅,駐車（輪）場,20歳代,その他,施錠せず
窃盗,自転車盗,神戸西,伊川谷,281115,兵庫県,神戸市西区,白水３丁目,20240303,13,その他,駐車（輪）場,10歳代,中学生,施錠せず
窃盗,自転車盗,神戸西,伊川谷,281115,兵庫県,神戸市西区,白水３丁目,20240315,1,その他,駐車（輪）場,10歳代,中学生,施錠せず
窃盗,自転車盗,神戸西,学園駅前,281115,兵庫県,神戸市西区,伊川谷町　長坂,20240508,17,その他,駐車（輪）場,20歳代,大学生,施錠せず
窃盗,自転車盗,神戸西,学園駅前,281115,兵庫県,神戸市西区,伊川谷町　長坂,20240524,16,一戸建住宅,駐車（輪）場,10歳代,中学生,施錠せず
窃盗,自転車盗,神戸西,学園駅前,281115,兵庫県,神戸市西区,伊川谷町　長坂,20240708,19,その他,その他,10歳代,中学生,施錠した
窃盗,自転車盗,神戸西,学園駅前,281115,兵庫県,神戸市西区,学園西町１丁目,20240214,16,その他,駐車（輪）場,10歳代,中学生,施錠せず
窃盗,自転車盗,神戸西,学園駅前,281115,兵庫県,神戸市西区,学園西町１丁目,20240216,19,その他,駐車（輪）場,10歳代,高校生,施錠せず
窃盗,自転車盗,神戸西,学園駅前,281115,兵庫県,神戸市西区,学園西町１丁目,20240602,7,その他,駐車（輪）場,10歳代,大学生,施錠した
窃盗,自転車盗,神戸西,学園駅前,281115,兵庫県,神戸市西区,学園西町１丁目,20240712,9,その他,駐車（輪）場,30歳代,その他,施錠した
窃盗,自転車盗,神戸西,学園駅前,281115,兵庫県,神戸市西区,学園西町１丁目,20240802,19,その他,駐車（輪）場,20歳代,大学生,施錠した
窃盗,自転車盗,神戸西,学園駅前,281115,兵庫県,神戸市西区,学園西町１丁目,20240827,8,その他,駐車（輪）場,20歳代,その他,施錠した
窃盗,自転車盗,神戸西,学園駅前,281115,兵庫県,神戸市西区,学園西町１丁目,20241022,6,その他,駐車（輪）場,10歳代,高校生,施錠せず
窃盗,自転車盗,神戸西,学園駅前,281115,兵庫県,神戸市西区,学園西町１丁目,20241128,16,その他,駐車（輪）場,10歳代,高校生,施錠した
窃盗,自転車盗,神戸西,学園駅前,281115,兵庫県,神戸市西区,学園西町５丁目,20240605,14,道路上,その他,20歳代,大学生,施錠せず
窃盗,自転車盗,神戸西,学園駅前,281115,兵庫県,神戸市西区,学園西町５丁目,20240719,18,４階建て以上共同住宅,駐車（輪）場,10歳代,小学生,施錠せず
窃盗,自転車盗,神戸西,学園駅前,281115,兵庫県,神戸市西区,学園西町７丁目,20231223,21,４階建て以上共同住宅,駐車（輪）場,20歳代,その他,施錠せず
窃盗,自転車盗,神戸西,学園駅前,281115,兵庫県,神戸市西区,学園西町７丁目,20241221,20,４階建て以上共同住宅,駐車（輪）場,10歳代,小学生,施錠せず
窃盗,自転車盗,神戸西,学園駅前,281115,兵庫県,神戸市西区,学園西町８丁目,20240721,5,その他,駐車（輪）場,20歳代,大学生,施錠せず
窃盗,自転車盗,神戸西,学園駅前,281115,兵庫県,神戸市西区,学園西町８丁目,20241026,22,その他,駐車（輪）場,20歳代,大学生,施錠せず
窃盗,自転車盗,神戸西,学園駅前,281115,兵庫県,神戸市西区,学園東町２丁目,20231028,6,その他の住宅（３階建て以下共同住宅等）,駐車（輪）場,10歳未満,小学生,施錠せず
窃盗,自転車盗,神戸西,学園駅前,281115,兵庫県,神戸市西区,学園東町４丁目,20240531,22,その他の住宅（３階建て以下共同住宅等）,駐車（輪）場,10歳代,その他,施錠せず
窃盗,自転車盗,神戸西,学園駅前,281115,兵庫県,神戸市西区,学園東町５丁目,20240302,10,その他,その他,10歳代,高校生,施錠せず
窃盗,自転車盗,神戸西,学園駅前,281115,兵庫県,神戸市西区,学園東町６丁目,20240607,11,４階建て以上共同住宅,駐車（輪）場,10歳代,その他,施錠した
窃盗,自転車盗,神戸西,学園駅前,281115,兵庫県,神戸市西区,学園東町６丁目,20240712,23,４階建て以上共同住宅,駐車（輪）場,10歳代,高校生,施錠せず
窃盗,自転車盗,神戸西,学園駅前,281115,兵庫県,神戸市西区,学園東町９丁目,20240414,8,その他の住宅（３階建て以下共同住宅等）,駐車（輪）場,10歳代,中学生,施錠せず
窃盗,自転車盗,神戸西,学園駅前,281115,兵庫県,神戸市西区,学園東町９丁目,20240509,6,その他,駐車（輪）場,30歳代,その他,施錠した
窃盗,自転車盗,神戸西,学園駅前,281115,兵庫県,神戸市西区,前開南町１丁目,20231222,12,その他,駐車（輪）場,10歳代,大学生,施錠せず
窃盗,自転車盗,神戸西,学園駅前,281115,兵庫県,神戸市西区,前開南町１丁目,20240116,8,その他,駐車（輪）場,10歳代,その他,施錠せず
窃盗,自転車盗,神戸西,学園駅前,281115,兵庫県,神戸市西区,前開南町１丁目,20240119,7,駐車（輪）場,駐車（輪）場,20歳代,その他,施錠せず
窃盗,自転車盗,神戸西,学園駅前,281115,兵庫県,神戸市西区,前開南町１丁目,20240117,6,駐車（輪）場,駐車（輪）場,10歳代,高校生,施錠せず
窃盗,自転車盗,神戸西,学園駅前,281115,兵庫県,神戸市西区,前開南町１丁目,20240727,6,その他,駐車（輪）場,10歳代,高校生,施錠せず
窃盗,自転車盗,神戸西,学園駅前,281115,兵庫県,神戸市西区,前開南町１丁目,20240904,7,その他,駐車（輪）場,10歳代,高校生,施錠せず
窃盗,自転車盗,神戸西,学園駅前,281115,兵庫県,神戸市西区,前開南町２丁目,20241022,8,その他,駐車（輪）場,10歳代,高校生,施錠せず
窃盗,自転車盗,神戸西,有瀬,281115,兵庫県,神戸市西区,伊川谷町　有瀬,20240212,9,その他,駐車（輪）場,40歳代,その他,施錠せず
窃盗,自転車盗,神戸西,有瀬,281115,兵庫県,神戸市西区,伊川谷町　有瀬,20240317,22,４階建て以上共同住宅,駐車（輪）場,40歳代,その他,施錠せず
窃盗,自転車盗,神戸西,有瀬,281115,兵庫県,神戸市西区,伊川谷町　有瀬,20240417,18,４階建て以上共同住宅,駐車（輪）場,10歳代,大学生,施錠せず
窃盗,自転車盗,神戸西,有瀬,281115,兵庫県,神戸市西区,伊川谷町　有瀬,20231206,15,その他,駐車（輪）場,20歳代,大学生,施錠せず
窃盗,自転車盗,神戸西,有瀬,281115,兵庫県,神戸市西区,伊川谷町　有瀬,20240425,14,４階建て以上共同住宅,駐車（輪）場,10歳代,大学生,施錠した
窃盗,自転車盗,神戸西,有瀬,281115,兵庫県,神戸市西区,伊川谷町　有瀬,20240425,21,４階建て以上共同住宅,駐車（輪）場,10歳代,大学生,施錠せず
窃盗,自転車盗,神戸西,有瀬,281115,兵庫県,神戸市西区,伊川谷町　有瀬,20240515,23,その他の住宅（３階建て以下共同住宅等）,駐車（輪）場,20歳代,その他,施錠せず
窃盗,自転車盗,神戸西,有瀬,281115,兵庫県,神戸市西区,伊川谷町　有瀬,20240618,20,道路上,その他,10歳代,中学生,施錠せず
窃盗,自転車盗,神戸西,有瀬,281115,兵庫県,神戸市西区,伊川谷町　有瀬,20240623,18,４階建て以上共同住宅,駐車（輪）場,10歳代,その他,施錠した
窃盗,自転車盗,神戸西,有瀬,281115,兵庫県,神戸市西区,伊川谷町　有瀬,20240710,19,４階建て以上共同住宅,駐車（輪）場,10歳代,その他,施錠せず
窃盗,自転車盗,神戸西,有瀬,281115,兵庫県,神戸市西区,伊川谷町　有瀬,20240701,0,４階建て以上共同住宅,駐車（輪）場,10歳代,中学生,施錠せず
窃盗,自転車盗,神戸西,有瀬,281115,兵庫県,神戸市西区,伊川谷町　有瀬,20240101,0,４階建て以上共同住宅,駐車（輪）場,10歳代,中学生,施錠せず
窃盗,自転車盗,神戸西,有瀬,281115,兵庫県,神戸市西区,伊川谷町　有瀬,20240502,21,４階建て以上共同住宅,駐車（輪）場,10歳代,中学生,施錠した
窃盗,自転車盗,神戸西,有瀬,281115,兵庫県,神戸市西区,伊川谷町　有瀬,20240813,11,その他,駐車（輪）場,10歳代,その他,施錠せず
窃盗,自転車盗,神戸西,有瀬,281115,兵庫県,神戸市西区,伊川谷町　有瀬,20240902,5,４階建て以上共同住宅,駐車（輪）場,65-69歳,その他,施錠せず
窃盗,自転車盗,神戸西,有瀬,281115,兵庫県,神戸市西区,伊川谷町　有瀬,20241127,20,その他の住宅（３階建て以下共同住宅等）,駐車（輪）場,10歳代,中学生,施錠せず
窃盗,自転車盗,神戸西,有瀬,281115,兵庫県,神戸市西区,伊川谷町　有瀬,20241225,16,その他,その他,10歳代,小学生,施錠せず
窃盗,自転車盗,神戸西,有瀬,281115,兵庫県,神戸市西区,伊川谷町　潤和,20231230,16,一戸建住宅,駐車（輪）場,10歳代,小学生,施錠せず
窃盗,自転車盗,神戸西,有瀬,281115,兵庫県,神戸市西区,伊川谷町　潤和,20240325,16,その他の住宅（３階建て以下共同住宅等）,駐車（輪）場,10歳代,高校生,施錠せず
窃盗,自転車盗,神戸西,有瀬,281115,兵庫県,神戸市西区,伊川谷町　長坂,20240929,8,道路上,その他,20歳代,その他,施錠せず
窃盗,自転車盗,神戸西,枝吉,281115,兵庫県,神戸市西区,曙町,20241012,0,その他,駐車（輪）場,20歳代,その他,施錠せず
窃盗,自転車盗,神戸西,枝吉,281115,兵庫県,神戸市西区,枝吉１丁目,20240606,9,その他,駐車（輪）場,30歳代,その他,施錠せず
窃盗,自転車盗,神戸西,枝吉,281115,兵庫県,神戸市西区,枝吉１丁目,20240907,17,４階建て以上共同住宅,駐車（輪）場,60-64歳,その他,施錠した
窃盗,自転車盗,神戸西,枝吉,281115,兵庫県,神戸市西区,枝吉４丁目,20240206,0,４階建て以上共同住宅,駐車（輪）場,20歳代,大学生,施錠せず
窃盗,自転車盗,神戸西,枝吉,281115,兵庫県,神戸市西区,枝吉５丁目,20240414,13,その他,駐車（輪）場,10歳代,中学生,施錠せず
窃盗,自転車盗,神戸西,枝吉,281115,兵庫県,神戸市西区,枝吉５丁目,20240621,10,その他の住宅（３階建て以下共同住宅等）,駐車（輪）場,40歳代,その他,施錠せず
窃盗,自転車盗,神戸西,枝吉,281115,兵庫県,神戸市西区,枝吉５丁目,20241225,18,その他の住宅（３階建て以下共同住宅等）,その他,10歳代,高校生,施錠せず
窃盗,自転車盗,神戸西,枝吉,281115,兵庫県,神戸市西区,王塚台３丁目,20240602,10,その他の住宅（３階建て以下共同住宅等）,駐車（輪）場,10歳代,大学生,施錠せず
窃盗,自転車盗,神戸西,枝吉,281115,兵庫県,神戸市西区,持子２丁目,20241014,16,その他の住宅（３階建て以下共同住宅等）,その他,60-64歳,その他,施錠した
窃盗,自転車盗,神戸西,枝吉,281115,兵庫県,神戸市西区,森友３丁目,20240218,18,その他,駐車（輪）場,60-64歳,その他,施錠せず
窃盗,自転車盗,神戸西,枝吉,281115,兵庫県,神戸市西区,森友３丁目,20240414,13,その他,駐車（輪）場,10歳代,中学生,施錠せず
窃盗,自転車盗,神戸西,枝吉,281115,兵庫県,神戸市西区,森友３丁目,20240513,17,その他,駐車（輪）場,50歳代,その他,施錠せず
窃盗,自転車盗,神戸西,枝吉,281115,兵庫県,神戸市西区,森友３丁目,20241012,10,その他,駐車（輪）場,10歳代,中学生,施錠せず
窃盗,自転車盗,神戸西,枝吉,281115,兵庫県,神戸市西区,森友３丁目,20241218,11,その他,駐車（輪）場,40歳代,その他,施錠せず
窃盗,自転車盗,神戸西,枝吉,281115,兵庫県,神戸市西区,森友４丁目,20240316,11,４階建て以上共同住宅,駐車（輪）場,20歳代,その他,施錠した
窃盗,自転車盗,神戸西,枝吉,281115,兵庫県,神戸市西区,森友４丁目,20240508,19,その他の住宅（３階建て以下共同住宅等）,駐車（輪）場,65-69歳,その他,施錠した
窃盗,自転車盗,神戸西,枝吉,281115,兵庫県,神戸市西区,森友５丁目,20240719,12,その他の住宅（３階建て以下共同住宅等）,駐車（輪）場,20歳代,その他,施錠せず
窃盗,自転車盗,神戸西,狩場台,281115,兵庫県,神戸市西区,糀台４丁目,20240118,18,４階建て以上共同住宅,駐車（輪）場,40歳代,その他,施錠せず
窃盗,自転車盗,神戸西,狩場台,281115,兵庫県,神戸市西区,糀台５丁目,20231231,18,その他,駐車（輪）場,20歳代,その他,施錠せず
窃盗,自転車盗,神戸西,狩場台,281115,兵庫県,神戸市西区,糀台５丁目,20240128,10,その他,駐車（輪）場,10歳代,高校生,施錠せず
窃盗,自転車盗,神戸西,狩場台,281115,兵庫県,神戸市西区,糀台５丁目,20240210,6,その他,駐車（輪）場,10歳代,高校生,施錠せず
窃盗,自転車盗,神戸西,狩場台,281115,兵庫県,神戸市西区,糀台５丁目,20240303,10,その他,駐車（輪）場,10歳代,中学生,施錠せず
窃盗,自転車盗,神戸西,狩場台,281115,兵庫県,神戸市西区,糀台５丁目,20240720,8,その他,駐車（輪）場,50歳代,その他,施錠した
窃盗,自転車盗,神戸西,狩場台,281115,兵庫県,神戸市西区,糀台５丁目,20240724,19,その他,駐車（輪）場,10歳代,中学生,施錠せず
窃盗,自転車盗,神戸西,狩場台,281115,兵庫県,神戸市西区,糀台５丁目,20240805,9,その他,駐車（輪）場,40歳代,その他,施錠した
窃盗,自転車盗,神戸西,狩場台,281115,兵庫県,神戸市西区,糀台５丁目,20240731,15,その他,駐車（輪）場,10歳代,高校生,施錠せず
窃盗,自転車盗,神戸西,狩場台,281115,兵庫県,神戸市西区,糀台５丁目,20241004,18,その他,その他,10歳代,小学生,施錠せず
窃盗,自転車盗,神戸西,竹の台,281115,兵庫県,神戸市西区,美賀多台１丁目,20240701,13,４階建て以上共同住宅,駐車（輪）場,50歳代,その他,施錠した
窃盗,自転車盗,神戸西,竹の台,281115,兵庫県,神戸市西区,美賀多台９丁目,20240109,8,その他,駐車（輪）場,20歳代,その他,施錠せず
窃盗,自転車盗,神戸西,竹の台,281115,兵庫県,神戸市西区,美賀多台９丁目,20241024,19,その他,その他,40歳代,その他,施錠せず
窃盗,自転車盗,神戸西,竹の台,281115,兵庫県,神戸市西区,竹の台６丁目,20240408,11,その他,駐車（輪）場,20歳代,大学生,施錠せず
窃盗,自転車盗,神戸西,竹の台,281115,兵庫県,神戸市西区,竹の台６丁目,20240531,13,その他,駐車（輪）場,20歳代,大学生,施錠せず
窃盗,自転車盗,神戸西,竹の台,281115,兵庫県,神戸市西区,竹の台６丁目,20240617,7,その他,駐車（輪）場,10歳代,高校生,施錠せず
窃盗,自転車盗,神戸西,竹の台,281115,兵庫県,神戸市西区,竹の台６丁目,20240619,8,その他,駐車（輪）場,20歳代,その他,施錠せず
窃盗,自転車盗,神戸西,竹の台,281115,兵庫県,神戸市西区,竹の台６丁目,20240628,7,その他,駐車（輪）場,10歳代,高校生,施錠せず
窃盗,自転車盗,神戸西,竹の台,281115,兵庫県,神戸市西区,竹の台６丁目,20240712,6,その他,駐車（輪）場,10歳代,高校生,施錠せず
窃盗,自転車盗,神戸西,竹の台,281115,兵庫県,神戸市西区,竹の台６丁目,20240902,0,その他,駐車（輪）場,10歳代,高校生,施錠せず
窃盗,自転車盗,神戸西,竹の台,281115,兵庫県,神戸市西区,竹の台６丁目,20240928,16,その他,駐車（輪）場,20歳代,その他,施錠せず
窃盗,自転車盗,神戸西,竹の台,281115,兵庫県,神戸市西区,竹の台６丁目,20241028,10,その他,駐車（輪）場,20歳代,大学生,施錠せず
窃盗,自転車盗,神戸西,竹の台,281115,兵庫県,神戸市西区,竹の台６丁目,20241109,9,駐車（輪）場,駐車（輪）場,40歳代,その他,施錠せず
窃盗,自転車盗,神戸西,井吹台,281115,兵庫県,神戸市西区,井吹台東町１丁目,20240218,1,その他,駐車（輪）場,20歳代,大学生,施錠せず
窃盗,自転車盗,神戸西,井吹台,281115,兵庫県,神戸市西区,井吹台東町１丁目,20240308,13,その他,駐車（輪）場,10歳代,高校生,施錠せず
窃盗,自転車盗,神戸西,井吹台,281115,兵庫県,神戸市西区,井吹台東町１丁目,20240313,8,その他,その他,10歳代,高校生,施錠せず
窃盗,自転車盗,神戸西,井吹台,281115,兵庫県,神戸市西区,井吹台東町１丁目,20240311,6,その他,駐車（輪）場,30歳代,その他,施錠せず
窃盗,自転車盗,神戸西,井吹台,281115,兵庫県,神戸市西区,井吹台東町１丁目,20240408,16,その他,駐車（輪）場,10歳代,高校生,施錠せず
窃盗,自転車盗,神戸西,井吹台,281115,兵庫県,神戸市西区,井吹台東町１丁目,20240418,7,その他,駐車（輪）場,20歳代,その他,施錠した
窃盗,自転車盗,神戸西,井吹台,281115,兵庫県,神戸市西区,井吹台東町１丁目,20240524,18,その他,駐車（輪）場,10歳代,高校生,施錠せず
窃盗,自転車盗,神戸西,井吹台,281115,兵庫県,神戸市西区,井吹台東町１丁目,20240529,11,その他,駐車（輪）場,20歳代,大学生,施錠せず
窃盗,自転車盗,神戸西,井吹台,281115,兵庫県,神戸市西区,井吹台東町１丁目,20240618,7,その他,駐車（輪）場,40歳代,その他,施錠した
窃盗,自転車盗,神戸西,井吹台,281115,兵庫県,神戸市西区,井吹台東町１丁目,20240620,10,その他,駐車（輪）場,10歳代,その他,施錠せず
窃盗,自転車盗,神戸西,井吹台,281115,兵庫県,神戸市西区,井吹台東町１丁目,20240616,13,その他,駐車（輪）場,10歳代,大学生,施錠せず
窃盗,自転車盗,神戸西,井吹台,281115,兵庫県,神戸市西区,井吹台東町１丁目,20240620,8,その他,駐車（輪）場,10歳代,その他,施錠した
窃盗,自転車盗,神戸西,井吹台,281115,兵庫県,神戸市西区,井吹台東町１丁目,20240628,17,その他,その他,10歳代,小学生,施錠せず
窃盗,自転車盗,神戸西,井吹台,281115,兵庫県,神戸市西区,井吹台東町１丁目,20240708,8,その他,駐車（輪）場,10歳代,その他,施錠した
窃盗,自転車盗,神戸西,井吹台,281115,兵庫県,神戸市西区,井吹台東町１丁目,20240708,19,その他,駐車（輪）場,10歳代,中学生,施錠した
窃盗,自転車盗,神戸西,井吹台,281115,兵庫県,神戸市西区,井吹台東町１丁目,20240722,7,その他,駐車（輪）場,30歳代,その他,施錠した
窃盗,自転車盗,神戸西,井吹台,281115,兵庫県,神戸市西区,井吹台東町１丁目,20240821,8,その他,駐車（輪）場,10歳代,高校生,施錠せず
窃盗,自転車盗,神戸西,井吹台,281115,兵庫県,神戸市西区,井吹台東町１丁目,20240718,9,その他,その他,10歳代,大学生,施錠せず
窃盗,自転車盗,神戸西,井吹台,281115,兵庫県,神戸市西区,井吹台東町１丁目,20240917,14,その他,駐車（輪）場,10歳代,大学生,施錠せず
窃盗,自転車盗,神戸西,井吹台,281115,兵庫県,神戸市西区,井吹台東町１丁目,20240923,12,その他,駐車（輪）場,10歳代,高校生,施錠せず
窃盗,自転車盗,神戸西,井吹台,281115,兵庫県,神戸市西区,井吹台東町１丁目,20240928,19,その他,駐車（輪）場,10歳代,中学生,施錠せず
窃盗,自転車盗,神戸西,井吹台,281115,兵庫県,神戸市西区,井吹台東町１丁目,20241015,16,その他,駐車（輪）場,10歳代,中学生,施錠せず
窃盗,自転車盗,神戸西,井吹台,281115,兵庫県,神戸市西区,井吹台東町１丁目,20241014,7,その他,駐車（輪）場,10歳代,高校生,施錠した
窃盗,自転車盗,神戸西,井吹台,281115,兵庫県,神戸市西区,井吹台東町１丁目,20241018,7,その他,駐車（輪）場,10歳代,高校生,施錠せず
窃盗,自転車盗,神戸西,井吹台,281115,兵庫県,神戸市西区,井吹台東町１丁目,20241030,19,その他,駐車（輪）場,10歳代,中学生,施錠せず
窃盗,自転車盗,神戸西,井吹台,281115,兵庫県,神戸市西区,井吹台東町１丁目,20241112,7,その他,駐車（輪）場,10歳代,高校生,施錠せず
窃盗,自転車盗,神戸西,井吹台,281115,兵庫県,神戸市西区,井吹台東町１丁目,20241207,16,その他,駐車（輪）場,40歳代,その他,施錠せず
窃盗,自転車盗,神戸西,井吹台,281115,兵庫県,神戸市西区,井吹台東町３丁目,20240202,20,一戸建住宅,駐車（輪）場,20歳代,その他,施錠した
窃盗,自転車盗,神戸西,井吹台,281115,兵庫県,神戸市西区,井吹台東町３丁目,20240925,16,その他,駐車（輪）場,10歳代,中学生,施錠せず
窃盗,自転車盗,神戸西,井吹台,281115,兵庫県,神戸市西区,井吹台西町１丁目,20240316,7,その他,駐車（輪）場,10歳代,高校生,施錠せず
窃盗,自転車盗,神戸西,井吹台,281115,兵庫県,神戸市西区,井吹台西町１丁目,20240306,7,その他,駐車（輪）場,50歳代,その他,施錠した
窃盗,自転車盗,神戸西,井吹台,281115,兵庫県,神戸市西区,井吹台西町１丁目,20240402,13,その他,駐車（輪）場,10歳代,高校生,施錠せず
窃盗,自転車盗,神戸西,井吹台,281115,兵庫県,神戸市西区,井吹台西町１丁目,20240407,5,その他,駐車（輪）場,30歳代,その他,施錠した
窃盗,自転車盗,神戸西,井吹台,281115,兵庫県,神戸市西区,井吹台西町１丁目,20240407,7,その他,駐車（輪）場,20歳代,大学生,施錠せず
窃盗,自転車盗,神戸西,井吹台,281115,兵庫県,神戸市西区,井吹台西町１丁目,20240526,19,４階建て以上共同住宅,駐車（輪）場,10歳代,中学生,施錠せず
窃盗,自転車盗,神戸西,井吹台,281115,兵庫県,神戸市西区,井吹台西町１丁目,20240531,12,４階建て以上共同住宅,駐車（輪）場,20歳代,その他,施錠せず
窃盗,自転車盗,神戸西,井吹台,281115,兵庫県,神戸市西区,井吹台西町１丁目,20240709,8,その他,駐車（輪）場,70歳以上,その他,施錠した
窃盗,自転車盗,神戸西,井吹台,281115,兵庫県,神戸市西区,井吹台西町１丁目,20240926,10,その他,駐車（輪）場,10歳代,大学生,施錠せず
窃盗,自転車盗,神戸西,井吹台,281115,兵庫県,神戸市西区,井吹台西町１丁目,20241001,7,その他,駐車（輪）場,10歳代,高校生,施錠せず
窃盗,自転車盗,神戸西,井吹台,281115,兵庫県,神戸市西区,井吹台西町１丁目,20241011,7,その他,駐車（輪）場,40歳代,その他,施錠せず
窃盗,自転車盗,神戸西,井吹台,281115,兵庫県,神戸市西区,井吹台西町１丁目,20241011,8,その他,駐車（輪）場,10歳代,高校生,施錠せず
窃盗,自転車盗,神戸西,井吹台,281115,兵庫県,神戸市西区,井吹台西町１丁目,20241022,7,その他,駐車（輪）場,10歳代,中学生,施錠せず
窃盗,自転車盗,神戸西,井吹台,281115,兵庫県,神戸市西区,井吹台西町１丁目,20241109,13,その他,駐車（輪）場,30歳代,その他,施錠せず
窃盗,自転車盗,神戸西,井吹台,281115,兵庫県,神戸市西区,井吹台西町１丁目,20241114,7,その他,駐車（輪）場,10歳代,高校生,施錠せず
窃盗,自転車盗,神戸西,井吹台,281115,兵庫県,神戸市西区,井吹台西町１丁目,20241115,8,その他,駐車（輪）場,10歳代,高校生,施錠せず
窃盗,自転車盗,神戸西,井吹台,281115,兵庫県,神戸市西区,井吹台西町１丁目,20241111,7,その他,駐車（輪）場,10歳代,高校生,施錠せず
窃盗,自転車盗,神戸西,井吹台,281115,兵庫県,神戸市西区,井吹台西町１丁目,20241119,8,その他,駐車（輪）場,10歳代,高校生,施錠せず
窃盗,自転車盗,神戸西,井吹台,281115,兵庫県,神戸市西区,井吹台西町１丁目,20241112,8,その他,駐車（輪）場,10歳代,高校生,施錠せず
窃盗,自転車盗,神戸西,井吹台,281115,兵庫県,神戸市西区,井吹台西町１丁目,20241122,20,その他,駐車（輪）場,30歳代,その他,施錠せず
窃盗,自転車盗,神戸西,井吹台,281115,兵庫県,神戸市西区,井吹台西町１丁目,20241125,6,その他,駐車（輪）場,10歳代,高校生,施錠せず
窃盗,自転車盗,神戸西,井吹台,281115,兵庫県,神戸市西区,井吹台西町１丁目,20241208,12,その他,駐車（輪）場,10歳代,中学生,施錠せず
窃盗,自転車盗,神戸西,井吹台,281115,兵庫県,神戸市西区,井吹台西町１丁目,20241208,10,駐車（輪）場,駐車（輪）場,10歳代,高校生,施錠せず
窃盗,自転車盗,神戸西,井吹台,281115,兵庫県,神戸市西区,井吹台西町１丁目,20241209,6,その他,駐車（輪）場,10歳代,中学生,施錠せず
窃盗,自転車盗,神戸西,井吹台,281115,兵庫県,神戸市西区,井吹台西町１丁目,20241216,8,その他,駐車（輪）場,10歳代,高校生,施錠した
窃盗,自転車盗,神戸西,井吹台,281115,兵庫県,神戸市西区,井吹台西町１丁目,20241213,18,その他,駐車（輪）場,30歳代,その他,施錠した
窃盗,自転車盗,神戸西,井吹台,281115,兵庫県,神戸市西区,井吹台西町２丁目,20240502,20,４階建て以上共同住宅,駐車（輪）場,10歳代,中学生,施錠せず
窃盗,自転車盗,神戸西,井吹台,281115,兵庫県,神戸市西区,井吹台西町３丁目,20241002,7,その他,駐車（輪）場,10歳代,高校生,施錠せず
窃盗,自転車盗,神戸西,井吹台,281115,兵庫県,神戸市西区,井吹台西町３丁目,20241106,5,その他,駐車（輪）場,60-64歳,その他,施錠せず
窃盗,自転車盗,神戸西,井吹台,281115,兵庫県,神戸市西区,井吹台西町４丁目,20240423,8,その他の住宅（３階建て以下共同住宅等）,駐車（輪）場,50歳代,その他,施錠した
窃盗,自転車盗,神戸西,井吹台,281115,兵庫県,神戸市西区,井吹台西町４丁目,20240423,16,その他の住宅（３階建て以下共同住宅等）,駐車（輪）場,50歳代,その他,施錠した
窃盗,自転車盗,神戸西,井吹台,281115,兵庫県,神戸市西区,井吹台西町５丁目,20240121,17,その他,駐車（輪）場,10歳代,高校生,施錠せず
窃盗,自転車盗,神戸西,井吹台,281115,兵庫県,神戸市西区,井吹台北町２丁目,20240419,21,その他の住宅（３階建て以下共同住宅等）,駐車（輪）場,10歳代,高校生,施錠せず
窃盗,自転車盗,神戸西,玉津,281115,兵庫県,神戸市西区,王塚台６丁目,20230914,6,駐車（輪）場,駐車（輪）場,60-64歳,その他,施錠せず
窃盗,自転車盗,神戸西,玉津,281115,兵庫県,神戸市西区,平野町　中津,20240104,22,一戸建住宅,駐車（輪）場,10歳代,高校生,施錠せず
窃盗,自転車盗,神戸西,玉津,281115,兵庫県,神戸市西区,長畑町,20240928,17,その他,駐車（輪）場,10歳代,中学生,施錠せず
窃盗,自転車盗,神戸西,玉津,281115,兵庫県,神戸市西区,二ツ屋,20240509,17,その他の住宅（３階建て以下共同住宅等）,駐車（輪）場,10歳代,中学生,施錠せず
窃盗,自転車盗,神戸西,玉津,281115,兵庫県,神戸市西区,二ツ屋１丁目,20240810,21,その他,駐車（輪）場,20歳代,その他,施錠せず
窃盗,自転車盗,神戸西,玉津,281115,兵庫県,神戸市西区,二ツ屋１丁目,20240905,8,その他,その他,10歳代,中学生,施錠した
窃盗,自転車盗,神戸西,岩岡,281115,兵庫県,神戸市西区,岩岡町　岩岡,20240831,12,その他,駐車（輪）場,65-69歳,その他,施錠せず
窃盗,自転車盗,有馬,有野,281093,兵庫県,神戸市北区,有野台５丁目,20241005,11,４階建て以上共同住宅,駐車（輪）場,40歳代,その他,施錠せず
窃盗,自転車盗,有馬,有野,281093,兵庫県,神戸市北区,有野町　有野,20240419,7,その他,駐車（輪）場,10歳代,高校生,施錠せず
窃盗,自転車盗,有馬,有野,281093,兵庫県,神戸市北区,有野町　有野,20240703,6,その他,駐車（輪）場,20歳代,その他,施錠せず
窃盗,自転車盗,有馬,有野,281093,兵庫県,神戸市北区,有野町　有野,20240812,10,その他,駐車（輪）場,40歳代,その他,施錠した
窃盗,自転車盗,有馬,有野,281093,兵庫県,神戸市北区,有野町　有野,20240913,20,その他,駐車（輪）場,20歳代,その他,施錠した
窃盗,自転車盗,有馬,有野,281093,兵庫県,神戸市北区,有野町　有野,20240923,6,その他,駐車（輪）場,10歳代,高校生,施錠せず
窃盗,自転車盗,有馬,有野,281093,兵庫県,神戸市北区,有野町　有野,20240923,7,その他,駐車（輪）場,10歳代,高校生,施錠せず
窃盗,自転車盗,有馬,有野,281093,兵庫県,神戸市北区,藤原台北町１丁目,20240429,14,その他,駐車（輪）場,20歳代,大学生,施錠せず
窃盗,自転車盗,有馬,有野,281093,兵庫県,神戸市北区,藤原台北町１丁目,20241201,19,駐車（輪）場,駐車（輪）場,50歳代,その他,施錠した
窃盗,自転車盗,有馬,有野,281093,兵庫県,神戸市北区,藤原台北町２丁目,20240601,0,４階建て以上共同住宅,駐車（輪）場,30歳代,その他,施錠せず
窃盗,自転車盗,有馬,有野,281093,兵庫県,神戸市北区,藤原台北町５丁目,20231129,18,４階建て以上共同住宅,駐車（輪）場,10歳代,中学生,施錠せず
窃盗,自転車盗,有馬,有野,281093,兵庫県,神戸市北区,藤原台北町７丁目,20240913,6,その他,駐車（輪）場,10歳代,高校生,施錠した
窃盗,自転車盗,有馬,有野,281093,兵庫県,神戸市北区,藤原台北町７丁目,20240924,6,その他,駐車（輪）場,10歳代,高校生,施錠した
窃盗,自転車盗,有馬,有野,281093,兵庫県,神戸市北区,藤原台北町７丁目,20240925,15,その他,駐車（輪）場,10歳代,高校生,施錠せず
窃盗,自転車盗,有馬,有野,281093,兵庫県,神戸市北区,藤原台北町７丁目,20240928,17,その他,駐車（輪）場,10歳代,高校生,施錠せず
窃盗,自転車盗,有馬,有野,281093,兵庫県,神戸市北区,藤原台北町７丁目,20241006,17,その他,駐車（輪）場,10歳代,その他,施錠せず
窃盗,自転車盗,有馬,有野,281093,兵庫県,神戸市北区,藤原台北町７丁目,20241223,9,その他,駐車（輪）場,10歳代,高校生,施錠した
窃盗,自転車盗,有馬,有野,281093,兵庫県,神戸市北区,藤原台中町１丁目,20240106,14,その他,駐車（輪）場,70歳以上,その他,施錠せず
窃盗,自転車盗,有馬,有野,281093,兵庫県,神戸市北区,藤原台中町１丁目,20240413,12,４階建て以上共同住宅,駐車（輪）場,10歳代,大学生,施錠せず
窃盗,自転車盗,有馬,有野,281093,兵庫県,神戸市北区,藤原台中町１丁目,20240515,18,その他,駐車（輪）場,10歳代,中学生,施錠せず
窃盗,自転車盗,有馬,有野,281093,兵庫県,神戸市北区,藤原台中町１丁目,20240507,7,その他,駐車（輪）場,10歳代,中学生,施錠せず
窃盗,自転車盗,有馬,有野,281093,兵庫県,神戸市北区,藤原台中町１丁目,20240627,12,その他,駐車（輪）場,10歳代,大学生,施錠した
窃盗,自転車盗,有馬,有野,281093,兵庫県,神戸市北区,藤原台中町１丁目,20240625,17,その他,駐車（輪）場,10歳代,中学生,施錠せず
窃盗,自転車盗,有馬,有野,281093,兵庫県,神戸市北区,藤原台中町１丁目,20240719,7,その他,駐車（輪）場,10歳代,高校生,施錠した
窃盗,自転車盗,有馬,有野,281093,兵庫県,神戸市北区,藤原台中町１丁目,20240711,7,その他,駐車（輪）場,20歳代,その他,施錠せず
窃盗,自転車盗,有馬,有野,281093,兵庫県,神戸市北区,藤原台中町１丁目,20240725,13,その他,駐車（輪）場,10歳代,小学生,施錠せず
窃盗,自転車盗,有馬,有野,281093,兵庫県,神戸市北区,藤原台中町１丁目,20240808,13,その他,駐車（輪）場,10歳代,中学生,施錠せず
窃盗,自転車盗,有馬,有野,281093,兵庫県,神戸市北区,藤原台中町１丁目,20241016,14,その他,駐車（輪）場,10歳代,中学生,施錠せず
窃盗,自転車盗,有馬,有野,281093,兵庫県,神戸市北区,藤原台中町１丁目,20241027,10,その他,駐車（輪）場,10歳代,中学生,施錠せず
窃盗,自転車盗,有馬,有野,281093,兵庫県,神戸市北区,藤原台中町１丁目,20241103,9,その他,駐車（輪）場,10歳代,小学生,施錠せず
窃盗,自転車盗,有馬,有野,281093,兵庫県,神戸市北区,藤原台中町２丁目,20240526,14,その他,駐車（輪）場,10歳代,高校生,施錠せず
窃盗,自転車盗,有馬,有野,281093,兵庫県,神戸市北区,藤原台中町７丁目,20240305,18,一戸建住宅,駐車（輪）場,70歳以上,その他,施錠せず
窃盗,自転車盗,有馬,有野,281093,兵庫県,神戸市北区,有野中町２丁目,20240727,17,その他,その他,10歳未満,小学生,施錠せず
窃盗,自転車盗,有馬,有野,281093,兵庫県,神戸市北区,有野中町２丁目,20240308,15,その他の住宅（３階建て以下共同住宅等）,その他,30歳代,その他,施錠せず
窃盗,自転車盗,有馬,有野,281093,兵庫県,神戸市北区,有野中町３丁目,20240308,16,その他の住宅（３階建て以下共同住宅等）,駐車（輪）場,20歳代,その他,施錠せず
窃盗,自転車盗,有馬,有野,281093,兵庫県,神戸市北区,有野中町４丁目,20240405,8,その他,駐車（輪）場,20歳代,その他,施錠した
窃盗,自転車盗,有馬,有野,281093,兵庫県,神戸市北区,有野中町４丁目,20240621,7,駐車（輪）場,駐車（輪）場,10歳代,高校生,施錠した
窃盗,自転車盗,有馬,有野,281093,兵庫県,神戸市北区,有野中町４丁目,20240620,21,その他,駐車（輪）場,40歳代,その他,施錠した
窃盗,自転車盗,有馬,有野,281093,兵庫県,神戸市北区,有野中町４丁目,20240712,12,その他,駐車（輪）場,20歳代,大学生,施錠せず
窃盗,自転車盗,有馬,有野,281093,兵庫県,神戸市北区,有野中町４丁目,20240730,7,その他,駐車（輪）場,10歳代,高校生,施錠した
窃盗,自転車盗,有馬,有野,281093,兵庫県,神戸市北区,有野中町４丁目,20240620,8,その他,駐車（輪）場,20歳代,大学生,施錠した
窃盗,自転車盗,有馬,有野,281093,兵庫県,神戸市北区,有野中町４丁目,20241007,18,駐車（輪）場,駐車（輪）場,50歳代,その他,施錠せず
窃盗,自転車盗,有馬,道場,281093,兵庫県,神戸市北区,有野町　二郎,20240912,7,その他,駐車（輪）場,10歳代,高校生,施錠せず
窃盗,自転車盗,有馬,道場,281093,兵庫県,神戸市北区,道場町　生野,20240625,7,その他,駐車（輪）場,10歳代,大学生,施錠せず
窃盗,自転車盗,有馬,道場,281093,兵庫県,神戸市北区,道場町　日下部,20240704,8,駐車（輪）場,駐車（輪）場,30歳代,その他,施錠せず
窃盗,自転車盗,有馬,道場,281093,兵庫県,神戸市北区,道場町　日下部,20240804,8,その他,駐車（輪）場,70歳以上,その他,施錠した
窃盗,自転車盗,有馬,道場,281093,兵庫県,神戸市北区,道場町　日下部,20240824,18,その他,駐車（輪）場,20歳代,その他,施錠せず
窃盗,自転車盗,有馬,道場,281093,兵庫県,神戸市北区,道場町　日下部,20240912,6,その他,駐車（輪）場,10歳代,高校生,施錠せず
窃盗,自転車盗,有馬,道場,281093,兵庫県,神戸市北区,道場町　日下部,20240912,6,その他,駐車（輪）場,10歳代,高校生,施錠せず
窃盗,自転車盗,有馬,道場,281093,兵庫県,神戸市北区,道場町　日下部,20241212,10,道路上,その他,10歳代,大学生,施錠せず
窃盗,自転車盗,有馬,道場,281093,兵庫県,神戸市北区,菖蒲が丘１丁目,20240528,9,一戸建住宅,その他,10歳代,中学生,施錠せず
窃盗,自転車盗,有馬,長尾,281093,兵庫県,神戸市北区,鹿の子台北町２丁目,20181001,0,４階建て以上共同住宅,駐車（輪）場,10歳代,その他,施錠せず
窃盗,自転車盗,有馬,長尾,281093,兵庫県,神戸市北区,鹿の子台北町２丁目,20240904,7,その他,駐車（輪）場,10歳代,高校生,施錠せず
窃盗,自転車盗,有馬,長尾,281093,兵庫県,神戸市北区,鹿の子台北町２丁目,20240914,5,その他,駐車（輪）場,10歳代,高校生,施錠せず
窃盗,自転車盗,有馬,長尾,281093,兵庫県,神戸市北区,鹿の子台北町２丁目,20241006,11,その他,駐車（輪）場,10歳代,高校生,施錠せず
窃盗,自転車盗,有馬,長尾,281093,兵庫県,神戸市北区,鹿の子台北町２丁目,20241016,5,その他,駐車（輪）場,10歳代,高校生,施錠せず
窃盗,自転車盗,有馬,長尾,281093,兵庫県,神戸市北区,鹿の子台北町８丁目,20240113,13,道路上,その他,30歳代,その他,施錠した
窃盗,自転車盗,有馬,長尾,281093,兵庫県,神戸市北区,上津台２丁目,20240802,18,一戸建住宅,その他,20歳代,その他,施錠せず
窃盗,自転車盗,有馬,長尾,281093,兵庫県,神戸市北区,上津台８丁目,20240609,10,その他,駐車（輪）場,10歳代,中学生,施錠せず
窃盗,自転車盗,有馬,長尾,281093,兵庫県,神戸市北区,上津台８丁目,20240609,9,その他,駐車（輪）場,10歳代,高校生,施錠した
窃盗,自転車盗,有馬,長尾,281093,兵庫県,神戸市北区,上津台８丁目,20240818,14,その他,駐車（輪）場,10歳代,中学生,施錠せず
窃盗,自転車盗,有馬,長尾,281093,兵庫県,神戸市北区,上津台８丁目,20240904,13,その他,駐車（輪）場,10歳代,中学生,施錠せず
窃盗,自転車盗,有馬,長尾,281093,兵庫県,神戸市北区,上津台８丁目,20241005,8,その他,駐車（輪）場,10歳代,大学生,施錠せず
窃盗,自転車盗,有馬,大池,281093,兵庫県,神戸市北区,西大池２丁目,20220325,0,４階建て以上共同住宅,駐車（輪）場,40歳代,その他,施錠せず
窃盗,自転車盗,有馬,有野台,281093,兵庫県,神戸市北区,有野台６丁目,20240723,2,４階建て以上共同住宅,駐車（輪）場,20歳代,その他,施錠せず
窃盗,自転車盗,有馬,野瀬,281093,兵庫県,神戸市北区,淡河町　野瀬,20240531,7,駐車（輪）場,駐車（輪）場,10歳代,高校生,施錠した
窃盗,自転車盗,神戸北,鈴蘭台,281093,兵庫県,神戸市北区,北五葉７丁目,20240716,1,駐車（輪）場,駐車（輪）場,10歳代,その他,施錠せず
窃盗,自転車盗,神戸北,鈴蘭台,281093,兵庫県,神戸市北区,鈴蘭台西町５丁目,20241203,17,駐車（輪）場,駐車（輪）場,10歳代,小学生,施錠せず
窃盗,自転車盗,神戸北,鈴蘭台,281093,兵庫県,神戸市北区,谷上南町,20241111,7,駐車（輪）場,駐車（輪）場,50歳代,その他,施錠せず
窃盗,自転車盗,神戸北,北鈴蘭台,281093,兵庫県,神戸市北区,甲栄台４丁目,20240914,17,駐車（輪）場,駐車（輪）場,10歳代,高校生,施錠せず
窃盗,自転車盗,神戸北,北鈴蘭台,281093,兵庫県,神戸市北区,松が枝町１丁目,20240711,7,駐車（輪）場,駐車（輪）場,10歳代,高校生,施錠せず
窃盗,自転車盗,神戸北,北鈴蘭台,281093,兵庫県,神戸市北区,山田町　小部字東山,20240321,8,駐車（輪）場,駐車（輪）場,10歳代,高校生,施錠した
窃盗,自転車盗,神戸北,谷上駅前,281093,兵庫県,神戸市北区,幸陽町３丁目,20240604,17,道路上,その他,40歳代,その他,施錠せず
窃盗,自転車盗,神戸北,谷上駅前,281093,兵庫県,神戸市北区,花山台,20240518,14,駐車（輪）場,駐車（輪）場,10歳代,大学生,施錠せず
窃盗,自転車盗,神戸北,谷上駅前,281093,兵庫県,神戸市北区,花山台,20241002,7,駐車（輪）場,駐車（輪）場,30歳代,その他,施錠せず
窃盗,自転車盗,神戸北,谷上駅前,281093,兵庫県,神戸市北区,松が枝町１丁目,20240614,7,駐車（輪）場,駐車（輪）場,10歳代,高校生,施錠した
窃盗,自転車盗,神戸北,谷上駅前,281093,兵庫県,神戸市北区,松が枝町１丁目,20240719,8,駐車（輪）場,駐車（輪）場,10歳代,高校生,施錠せず
窃盗,自転車盗,神戸北,谷上駅前,281093,兵庫県,神戸市北区,松が枝町１丁目,20240816,20,駐車（輪）場,駐車（輪）場,20歳代,大学生,施錠せず
窃盗,自転車盗,神戸北,谷上駅前,281093,兵庫県,神戸市北区,山田町　上谷上字古々谷,20240214,11,駐車（輪）場,駐車（輪）場,20歳代,その他,施錠せず
窃盗,自転車盗,神戸北,谷上駅前,281093,兵庫県,神戸市北区,山田町　下谷上字箕谷,20240718,7,道路上,その他,10歳代,高校生,施錠せず
窃盗,自転車盗,神戸北,谷上駅前,281093,兵庫県,神戸市北区,谷上西町,20240928,11,その他,駐車（輪）場,50歳代,その他,施錠せず
窃盗,自転車盗,神戸北,五葉,281093,兵庫県,神戸市北区,北五葉１丁目,20240412,7,駐車（輪）場,駐車（輪）場,10歳代,その他,施錠せず
窃盗,自転車盗,神戸北,五葉,281093,兵庫県,神戸市北区,北五葉１丁目,20241215,10,駐車（輪）場,駐車（輪）場,10歳代,高校生,施錠せず
窃盗,自転車盗,神戸北,五葉,281093,兵庫県,神戸市北区,北五葉３丁目,20241130,13,４階建て以上共同住宅,駐車（輪）場,10歳未満,小学生,施錠せず
窃盗,自転車盗,神戸北,五葉,281093,兵庫県,神戸市北区,北五葉７丁目,20240716,18,４階建て以上共同住宅,その他,30歳代,その他,施錠した
窃盗,自転車盗,神戸北,五葉,281093,兵庫県,神戸市北区,南五葉１丁目,20240229,7,駐車（輪）場,駐車（輪）場,10歳代,高校生,施錠せず
窃盗,自転車盗,神戸北,山の街,281093,兵庫県,神戸市北区,緑町１丁目,20241116,8,その他,駐車（輪）場,10歳代,高校生,施錠した
窃盗,自転車盗,神戸北,山の街,281093,兵庫県,神戸市北区,緑町１丁目,20241121,7,駐車（輪）場,駐車（輪）場,10歳代,高校生,施錠した
窃盗,自転車盗,神戸北,山の街,281093,兵庫県,神戸市北区,緑町１丁目,20241224,8,駐車（輪）場,駐車（輪）場,40歳代,その他,施錠せず
窃盗,自転車盗,神戸北,ひよどり台,281093,兵庫県,神戸市北区,北五葉１丁目,20240321,17,駐車（輪）場,駐車（輪）場,20歳代,大学生,施錠せず
窃盗,自転車盗,神戸北,星和台,281093,兵庫県,神戸市北区,星和台１丁目,20240211,11,一戸建住宅,駐車（輪）場,10歳代,大学生,施錠せず
窃盗,自転車盗,神戸北,広陵,281093,兵庫県,神戸市北区,筑紫が丘２丁目,20241020,18,道路上,その他,10歳代,小学生,施錠せず
窃盗,自転車盗,神戸北,広陵,281093,兵庫県,神戸市北区,筑紫が丘２丁目,20241119,15,道路上,その他,10歳代,小学生,施錠せず
窃盗,自転車盗,神戸北,広陵,281093,兵庫県,神戸市北区,桜森町,20240524,22,一戸建住宅,駐車（輪）場,10歳代,小学生,施錠した
窃盗,自転車盗,神戸北,日の峰,281093,兵庫県,神戸市北区,日の峰２丁目,20240630,13,その他,駐車（輪）場,10歳代,中学生,施錠せず
窃盗,自転車盗,神戸北,日の峰,281093,兵庫県,神戸市北区,日の峰２丁目,20241201,10,その他,その他,10歳代,中学生,施錠せず
窃盗,自転車盗,芦屋,業平橋,282065,兵庫県,芦屋市,清水町,20240911,9,駐車（輪）場,駐車（輪）場,30歳代,その他,施錠した
窃盗,自転車盗,芦屋,業平橋,282065,兵庫県,芦屋市,大桝町,20240508,8,４階建て以上共同住宅,駐車（輪）場,10歳代,高校生,施錠した
窃盗,自転車盗,芦屋,業平橋,282065,兵庫県,芦屋市,大桝町,20240820,18,道路上,その他,20歳代,その他,施錠せず
窃盗,自転車盗,芦屋,業平橋,282065,兵庫県,芦屋市,大桝町,20240821,14,道路上,その他,10歳代,中学生,施錠した
窃盗,自転車盗,芦屋,業平橋,282065,兵庫県,芦屋市,大桝町,20240926,17,駐車（輪）場,駐車（輪）場,20歳代,その他,施錠せず
窃盗,自転車盗,芦屋,業平橋,282065,兵庫県,芦屋市,大桝町,20241005,15,４階建て以上共同住宅,駐車（輪）場,10歳代,中学生,施錠した
窃盗,自転車盗,芦屋,業平橋,282065,兵庫県,芦屋市,川西町,20240326,23,その他,駐車（輪）場,20歳代,大学生,施錠せず
窃盗,自転車盗,芦屋,業平橋,282065,兵庫県,芦屋市,川西町,20240521,7,その他,駐車（輪）場,10歳代,その他,施錠せず
窃盗,自転車盗,芦屋,業平橋,282065,兵庫県,芦屋市,川西町,20240722,9,その他,駐車（輪）場,20歳代,大学生,施錠せず
窃盗,自転車盗,芦屋,業平橋,282065,兵庫県,芦屋市,川西町,20240807,6,駐車（輪）場,駐車（輪）場,10歳代,大学生,施錠せず
窃盗,自転車盗,芦屋,業平橋,282065,兵庫県,芦屋市,川西町,20240902,16,その他,その他,10歳代,高校生,施錠した
窃盗,自転車盗,芦屋,業平橋,282065,兵庫県,芦屋市,川西町,20240926,18,４階建て以上共同住宅,駐車（輪）場,20歳代,その他,施錠せず
窃盗,自転車盗,芦屋,業平橋,282065,兵庫県,芦屋市,川西町,20241018,15,その他,駐車（輪）場,10歳代,大学生,施錠した
窃盗,自転車盗,芦屋,業平橋,282065,兵庫県,芦屋市,川西町,20241104,11,その他,駐車（輪）場,10歳代,高校生,施錠せず
窃盗,自転車盗,芦屋,業平橋,282065,兵庫県,芦屋市,川西町,20241206,15,その他,駐車（輪）場,10歳代,高校生,施錠した
窃盗,自転車盗,芦屋,業平橋,282065,兵庫県,芦屋市,公光町,20240617,7,その他,駐車（輪）場,10歳代,高校生,施錠した
窃盗,自転車盗,芦屋,業平橋,282065,兵庫県,芦屋市,公光町,20240616,21,その他,その他,10歳代,大学生,施錠せず
窃盗,自転車盗,芦屋,業平橋,282065,兵庫県,芦屋市,公光町,20240626,9,駐車（輪）場,駐車（輪）場,20歳代,大学生,施錠せず
窃盗,自転車盗,芦屋,業平橋,282065,兵庫県,芦屋市,精道町,20240102,0,その他,駐車（輪）場,10歳代,大学生,施錠せず
窃盗,自転車盗,芦屋,業平橋,282065,兵庫県,芦屋市,精道町,20240604,8,その他,駐車（輪）場,10歳代,高校生,施錠せず
窃盗,自転車盗,芦屋,業平橋,282065,兵庫県,芦屋市,精道町,20240604,8,その他,駐車（輪）場,10歳代,高校生,施錠せず
窃盗,自転車盗,芦屋,業平橋,282065,兵庫県,芦屋市,精道町,20241130,19,道路上,その他,30歳代,その他,施錠せず
窃盗,自転車盗,芦屋,業平橋,282065,兵庫県,芦屋市,津知町,20240720,18,一戸建住宅,駐車（輪）場,40歳代,その他,施錠せず
窃盗,自転車盗,芦屋,業平橋,282065,兵庫県,芦屋市,津知町,20240926,19,駐車（輪）場,駐車（輪）場,40歳代,その他,施錠せず
窃盗,自転車盗,芦屋,業平橋,282065,兵庫県,芦屋市,津知町,20240923,18,駐車（輪）場,駐車（輪）場,20歳代,その他,施錠せず
窃盗,自転車盗,芦屋,業平橋,282065,兵庫県,芦屋市,業平町,20240703,9,その他,駐車（輪）場,70歳以上,その他,施錠した
窃盗,自転車盗,芦屋,業平橋,282065,兵庫県,芦屋市,業平町,20240902,8,駐車（輪）場,駐車（輪）場,40歳代,その他,施錠せず
窃盗,自転車盗,芦屋,業平橋,282065,兵庫県,芦屋市,業平町,20240917,7,駐車（輪）場,駐車（輪）場,10歳代,高校生,施錠せず
窃盗,自転車盗,芦屋,業平橋,282065,兵庫県,芦屋市,業平町,20240928,17,４階建て以上共同住宅,駐車（輪）場,20歳代,その他,施錠した
窃盗,自転車盗,芦屋,業平橋,282065,兵庫県,芦屋市,平田北町,20241113,18,４階建て以上共同住宅,駐車（輪）場,50歳代,その他,施錠した
窃盗,自転車盗,芦屋,業平橋,282065,兵庫県,芦屋市,前田町,20240117,18,一戸建住宅,その他,40歳代,その他,施錠した
窃盗,自転車盗,芦屋,宮川,282065,兵庫県,芦屋市,打出小槌町,20240329,8,その他,駐車（輪）場,20歳代,その他,施錠せず
窃盗,自転車盗,芦屋,宮川,282065,兵庫県,芦屋市,打出小槌町,20240415,10,その他,駐車（輪）場,30歳代,その他,施錠せず
窃盗,自転車盗,芦屋,宮川,282065,兵庫県,芦屋市,打出小槌町,20241204,20,駐車（輪）場,駐車（輪）場,20歳代,その他,施錠せず
窃盗,自転車盗,芦屋,宮川,282065,兵庫県,芦屋市,上宮川町,20240226,12,駐車（輪）場,駐車（輪）場,20歳代,大学生,施錠した
窃盗,自転車盗,芦屋,宮川,282065,兵庫県,芦屋市,上宮川町,20240306,19,その他,その他,20歳代,その他,施錠した
窃盗,自転車盗,芦屋,宮川,282065,兵庫県,芦屋市,上宮川町,20240920,17,その他,駐車（輪）場,20歳代,その他,施錠せず
窃盗,自転車盗,芦屋,宮川,282065,兵庫県,芦屋市,楠町,20240118,18,その他,駐車（輪）場,10歳代,その他,施錠せず
窃盗,自転車盗,芦屋,宮川,282065,兵庫県,芦屋市,楠町,20240114,17,４階建て以上共同住宅,駐車（輪）場,60-64歳,その他,施錠せず
窃盗,自転車盗,芦屋,宮川,282065,兵庫県,芦屋市,楠町,20240410,18,道路上,その他,50歳代,その他,施錠した
窃盗,自転車盗,芦屋,宮川,282065,兵庫県,芦屋市,楠町,20240903,10,その他,駐車（輪）場,30歳代,その他,施錠せず
窃盗,自転車盗,芦屋,宮川,282065,兵庫県,芦屋市,宮塚町,20240719,21,４階建て以上共同住宅,駐車（輪）場,10歳代,高校生,施錠せず
窃盗,自転車盗,芦屋,宮川,282065,兵庫県,芦屋市,春日町,20231231,11,その他,駐車（輪）場,65-69歳,その他,施錠せず
窃盗,自転車盗,芦屋,宮川,282065,兵庫県,芦屋市,春日町,20240109,16,その他,その他,10歳代,高校生,施錠せず
窃盗,自転車盗,芦屋,宮川,282065,兵庫県,芦屋市,春日町,20240415,19,４階建て以上共同住宅,駐車（輪）場,40歳代,その他,施錠せず
窃盗,自転車盗,芦屋,宮川,282065,兵庫県,芦屋市,春日町,20241005,20,駐車（輪）場,駐車（輪）場,10歳代,大学生,施錠せず
窃盗,自転車盗,芦屋,岩園,282065,兵庫県,芦屋市,朝日ケ丘町,20240429,12,一戸建住宅,駐車（輪）場,10歳代,小学生,施錠した
窃盗,自転車盗,芦屋,山芦屋,282065,兵庫県,芦屋市,西山町,20241213,9,駐車（輪）場,駐車（輪）場,10歳代,大学生,施錠した
窃盗,自転車盗,芦屋,山芦屋,282065,兵庫県,芦屋市,三条町,20230401,9,４階建て以上共同住宅,駐車（輪）場,20歳代,その他,施錠した
窃盗,自転車盗,芦屋,山芦屋,282065,兵庫県,芦屋市,三条町,20240416,17,その他,その他,10歳代,小学生,施錠した
窃盗,自転車盗,芦屋,山芦屋,282065,兵庫県,芦屋市,東芦屋町,20240307,8,駐車（輪）場,駐車（輪）場,20歳代,その他,施錠した
窃盗,自転車盗,芦屋,山芦屋,282065,兵庫県,芦屋市,東芦屋町,20241116,15,駐車（輪）場,駐車（輪）場,10歳代,小学生,施錠せず
窃盗,自転車盗,芦屋,山芦屋,282065,兵庫県,芦屋市,東芦屋町,20241119,11,その他,駐車（輪）場,20歳代,その他,施錠せず
窃盗,自転車盗,芦屋,山芦屋,282065,兵庫県,芦屋市,東芦屋町,20241126,17,駐車（輪）場,駐車（輪）場,20歳代,その他,施錠せず
窃盗,自転車盗,芦屋,芦屋駅前,282065,兵庫県,芦屋市,大原町,20241019,4,道路上,その他,70歳以上,その他,施錠せず
窃盗,自転車盗,芦屋,芦屋駅前,282065,兵庫県,芦屋市,船戸町,20240626,16,駐車（輪）場,駐車（輪）場,10歳代,中学生,施錠せず
窃盗,自転車盗,芦屋,芦屋駅前,282065,兵庫県,芦屋市,船戸町,20240620,14,道路上,その他,20歳代,大学生,施錠せず
窃盗,自転車盗,芦屋,芦屋駅前,282065,兵庫県,芦屋市,船戸町,20240809,9,その他,その他,10歳代,高校生,施錠せず
窃盗,自転車盗,芦屋,芦屋駅前,282065,兵庫県,芦屋市,松ノ内町,20240318,2,４階建て以上共同住宅,その他,40歳代,その他,施錠せず
窃盗,自転車盗,芦屋,芦屋駅前,282065,兵庫県,芦屋市,翠ケ丘町,20231230,16,４階建て以上共同住宅,駐車（輪）場,10歳代,小学生,施錠せず
窃盗,自転車盗,芦屋,浜芦屋,282065,兵庫県,芦屋市,伊勢町,20241011,22,駐車（輪）場,駐車（輪）場,40歳代,その他,施錠せず
窃盗,自転車盗,芦屋,浜芦屋,282065,兵庫県,芦屋市,呉川町,20240310,9,４階建て以上共同住宅,駐車（輪）場,50歳代,その他,施錠した
窃盗,自転車盗,芦屋,浜芦屋,282065,兵庫県,芦屋市,呉川町,20241119,19,４階建て以上共同住宅,その他,50歳代,その他,施錠せず
窃盗,自転車盗,芦屋,浜芦屋,282065,兵庫県,芦屋市,竹園町,20240922,9,４階建て以上共同住宅,その他,20歳代,その他,施錠した
窃盗,自転車盗,芦屋,浜芦屋,282065,兵庫県,芦屋市,竹園町,20241006,22,駐車（輪）場,駐車（輪）場,30歳代,その他,施錠した
窃盗,自転車盗,芦屋,浜芦屋,282065,兵庫県,芦屋市,松浜町,20240614,19,その他,その他,30歳代,その他,施錠せず
窃盗,自転車盗,芦屋,浜芦屋,282065,兵庫県,芦屋市,春日町,20241115,19,その他,駐車（輪）場,40歳代,その他,施錠した
窃盗,自転車盗,芦屋,浜芦屋,282065,兵庫県,芦屋市,陽光町,20240122,7,駐車（輪）場,駐車（輪）場,10歳代,中学生,施錠せず
窃盗,自転車盗,芦屋,打出,282065,兵庫県,芦屋市,打出町,20240627,13,道路上,その他,10歳代,大学生,施錠せず
窃盗,自転車盗,芦屋,打出,282065,兵庫県,芦屋市,打出町,20241011,8,駐車（輪）場,駐車（輪）場,20歳代,その他,施錠した
窃盗,自転車盗,芦屋,打出,282065,兵庫県,芦屋市,大東町,20240106,23,４階建て以上共同住宅,駐車（輪）場,20歳代,その他,施錠した
窃盗,自転車盗,芦屋,打出,282065,兵庫県,芦屋市,大東町,20240702,17,その他の住宅（３階建て以下共同住宅等）,駐車（輪）場,10歳代,中学生,施錠した
窃盗,自転車盗,芦屋,打出,282065,兵庫県,芦屋市,大東町,20240803,21,駐車（輪）場,駐車（輪）場,70歳以上,その他,施錠せず
窃盗,自転車盗,芦屋,打出,282065,兵庫県,芦屋市,南宮町,20240122,8,その他の住宅（３階建て以下共同住宅等）,駐車（輪）場,50歳代,その他,施錠せず
窃盗,自転車盗,芦屋,打出,282065,兵庫県,芦屋市,南宮町,20240131,15,４階建て以上共同住宅,駐車（輪）場,70歳以上,その他,施錠せず
窃盗,自転車盗,芦屋,打出,282065,兵庫県,芦屋市,南宮町,20240213,21,４階建て以上共同住宅,その他,50歳代,その他,施錠した
窃盗,自転車盗,芦屋,打出,282065,兵庫県,芦屋市,南宮町,20241224,14,その他,その他,10歳代,中学生,施錠せず
窃盗,自転車盗,芦屋,打出,282065,兵庫県,芦屋市,西蔵町,20240507,20,その他,駐車（輪）場,20歳代,大学生,施錠した
窃盗,自転車盗,芦屋,打出,282065,兵庫県,芦屋市,西蔵町,20240708,8,一戸建住宅,駐車（輪）場,40歳代,その他,施錠せず
窃盗,自転車盗,芦屋,打出,282065,兵庫県,芦屋市,浜町,20240611,17,道路上,その他,65-69歳,その他,施錠せず
窃盗,自転車盗,芦屋,打出,282065,兵庫県,芦屋市,浜町,20240613,8,一戸建住宅,駐車（輪）場,10歳代,中学生,施錠せず
窃盗,自転車盗,芦屋,高浜,282065,兵庫県,芦屋市,潮見町,20240406,16,一戸建住宅,駐車（輪）場,30歳代,その他,施錠した
窃盗,自転車盗,芦屋,高浜,282065,兵庫県,芦屋市,潮見町,20240426,17,一戸建住宅,駐車（輪）場,40歳代,その他,施錠せず
窃盗,自転車盗,芦屋,高浜,282065,兵庫県,芦屋市,潮見町,20240709,15,その他,その他,10歳未満,小学生,施錠せず
窃盗,自転車盗,芦屋,高浜,282065,兵庫県,芦屋市,高浜町,20240110,19,４階建て以上共同住宅,駐車（輪）場,10歳代,高校生,施錠した
窃盗,自転車盗,芦屋,高浜,282065,兵庫県,芦屋市,高浜町,20240418,21,４階建て以上共同住宅,駐車（輪）場,10歳代,中学生,施錠せず
窃盗,自転車盗,芦屋,高浜,282065,兵庫県,芦屋市,高浜町,20240730,15,４階建て以上共同住宅,駐車（輪）場,70歳以上,その他,施錠した
窃盗,自転車盗,芦屋,高浜,282065,兵庫県,芦屋市,高浜町,20240928,21,駐車（輪）場,駐車（輪）場,10歳代,中学生,施錠せず
窃盗,自転車盗,芦屋,高浜,282065,兵庫県,芦屋市,高浜町,20241009,17,４階建て以上共同住宅,駐車（輪）場,10歳代,大学生,施錠せず
窃盗,自転車盗,芦屋,高浜,282065,兵庫県,芦屋市,若葉町,20240708,16,４階建て以上共同住宅,駐車（輪）場,10歳未満,小学生,施錠せず
窃盗,自転車盗,芦屋,高浜,282065,兵庫県,芦屋市,若葉町,20240727,21,４階建て以上共同住宅,駐車（輪）場,20歳代,その他,施錠せず
窃盗,自転車盗,芦屋,高浜,282065,兵庫県,芦屋市,若葉町,20241124,19,駐車（輪）場,駐車（輪）場,20歳代,その他,施錠せず
窃盗,自転車盗,芦屋,高浜,282065,兵庫県,芦屋市,若葉町,20241216,7,駐車（輪）場,駐車（輪）場,10歳代,高校生,施錠した
窃盗,自転車盗,芦屋,高浜,282065,兵庫県,芦屋市,若葉町,20241211,14,その他,その他,10歳代,高校生,施錠せず
窃盗,自転車盗,芦屋,高浜,282065,兵庫県,芦屋市,若葉町,20241224,20,駐車（輪）場,駐車（輪）場,10歳代,小学生,施錠せず
窃盗,自転車盗,芦屋,高浜,282065,兵庫県,芦屋市,海洋町,20240404,21,一戸建住宅,駐車（輪）場,10歳代,大学生,施錠せず
窃盗,自転車盗,芦屋,高浜,282065,兵庫県,芦屋市,海洋町,20240418,20,一戸建住宅,その他,50歳代,その他,施錠せず
窃盗,自転車盗,芦屋,高浜,282065,兵庫県,芦屋市,海洋町,20241120,15,その他,駐車（輪）場,30歳代,その他,施錠せず
窃盗,自転車盗,芦屋,高浜,282065,兵庫県,芦屋市,海洋町,20241124,9,その他,駐車（輪）場,10歳代,大学生,施錠せず
窃盗,自転車盗,芦屋,高浜,282065,兵庫県,芦屋市,涼風町,20240928,8,道路上,その他,70歳以上,その他,施錠せず
窃盗,自転車盗,芦屋,高浜,282065,兵庫県,芦屋市,南浜町,20240327,6,一戸建住宅,その他,10歳代,高校生,施錠せず
窃盗,自転車盗,芦屋,高浜,282065,兵庫県,芦屋市,陽光町,20240122,8,駐車（輪）場,駐車（輪）場,50歳代,その他,施錠せず
窃盗,自転車盗,芦屋,高浜,282065,兵庫県,芦屋市,陽光町,20240530,17,４階建て以上共同住宅,駐車（輪）場,10歳代,中学生,施錠せず
窃盗,自転車盗,芦屋,高浜,282065,兵庫県,芦屋市,陽光町,20240815,9,その他,その他,50歳代,その他,施錠せず
窃盗,自転車盗,芦屋,高浜,282065,兵庫県,芦屋市,陽光町,20240918,17,駐車（輪）場,駐車（輪）場,20歳代,その他,施錠した
窃盗,自転車盗,芦屋,高浜,282065,兵庫県,芦屋市,陽光町,20240927,7,その他,駐車（輪）場,10歳代,中学生,施錠せず
窃盗,自転車盗,芦屋,高浜,282065,兵庫県,芦屋市,陽光町,20240825,18,４階建て以上共同住宅,その他,10歳代,中学生,施錠せず
窃盗,自転車盗,芦屋,高浜,282065,兵庫県,芦屋市,陽光町,20241113,17,駐車（輪）場,駐車（輪）場,10歳代,高校生,施錠した
窃盗,自転車盗,芦屋,高浜,282065,兵庫県,芦屋市,陽光町,20241106,18,駐車（輪）場,駐車（輪）場,10歳代,中学生,施錠した
窃盗,自転車盗,芦屋,高浜,282065,兵庫県,芦屋市,陽光町,20241125,18,その他,駐車（輪）場,10歳代,中学生,施錠せず
窃盗,自転車盗,西宮,札場筋,282049,兵庫県,西宮市,柏木町５丁目,20240530,17,４階建て以上共同住宅,駐車（輪）場,40歳代,その他,施錠した
窃盗,自転車盗,西宮,札場筋,282049,兵庫県,西宮市,石在町,20240506,23,４階建て以上共同住宅,駐車（輪）場,20歳代,その他,施錠せず
窃盗,自転車盗,西宮,札場筋,282049,兵庫県,西宮市,石在町,20240203,11,その他,その他,70歳以上,その他,施錠せず
窃盗,自転車盗,西宮,札場筋,282049,兵庫県,西宮市,石在町,20240518,22,４階建て以上共同住宅,駐車（輪）場,30歳代,その他,施錠せず
窃盗,自転車盗,西宮,札場筋,282049,兵庫県,西宮市,今在家町,20240220,13,道路上,その他,50歳代,その他,施錠した
窃盗,自転車盗,西宮,札場筋,282049,兵庫県,西宮市,今在家町,20240428,13,４階建て以上共同住宅,駐車（輪）場,50歳代,その他,施錠した
窃盗,自転車盗,西宮,札場筋,282049,兵庫県,西宮市,今在家町,20240724,8,道路上,その他,20歳代,その他,施錠した
窃盗,自転車盗,西宮,札場筋,282049,兵庫県,西宮市,今在家町,20241108,19,その他,駐車（輪）場,10歳代,大学生,施錠せず
窃盗,自転車盗,西宮,札場筋,282049,兵庫県,西宮市,今在家町,20241109,19,その他,駐車（輪）場,10歳代,大学生,施錠せず
窃盗,自転車盗,西宮,札場筋,282049,兵庫県,西宮市,今在家町,20241128,9,その他,駐車（輪）場,20歳代,その他,施錠せず
窃盗,自転車盗,西宮,札場筋,282049,兵庫県,西宮市,今在家町,20241126,18,道路上,その他,10歳代,大学生,施錠した
窃盗,自転車盗,西宮,札場筋,282049,兵庫県,西宮市,久保町,20240209,5,その他,駐車（輪）場,20歳代,その他,施錠した
窃盗,自転車盗,西宮,札場筋,282049,兵庫県,西宮市,久保町,20241222,8,その他,駐車（輪）場,30歳代,その他,施錠せず
窃盗,自転車盗,西宮,札場筋,282049,兵庫県,西宮市,鞍掛町,20240722,15,その他,駐車（輪）場,10歳代,中学生,施錠せず
窃盗,自転車盗,西宮,札場筋,282049,兵庫県,西宮市,産所町,20240112,0,一戸建住宅,その他,30歳代,その他,施錠せず
窃盗,自転車盗,西宮,札場筋,282049,兵庫県,西宮市,産所町,20240506,9,その他の住宅（３階建て以下共同住宅等）,駐車（輪）場,70歳以上,その他,施錠せず
窃盗,自転車盗,西宮,札場筋,282049,兵庫県,西宮市,社家町,20240607,18,４階建て以上共同住宅,駐車（輪）場,50歳代,その他,施錠した
窃盗,自転車盗,西宮,札場筋,282049,兵庫県,西宮市,社家町,20240720,17,その他,駐車（輪）場,10歳代,中学生,施錠せず
窃盗,自転車盗,西宮,札場筋,282049,兵庫県,西宮市,田中町,20240103,15,その他,駐車（輪）場,70歳以上,その他,施錠した
窃盗,自転車盗,西宮,札場筋,282049,兵庫県,西宮市,田中町,20240111,15,道路上,その他,10歳代,大学生,施錠せず
窃盗,自転車盗,西宮,札場筋,282049,兵庫県,西宮市,田中町,20240206,18,道路上,その他,10歳代,大学生,施錠せず
窃盗,自転車盗,西宮,札場筋,282049,兵庫県,西宮市,田中町,20240322,9,その他,駐車（輪）場,20歳代,大学生,施錠せず
窃盗,自転車盗,西宮,札場筋,282049,兵庫県,西宮市,田中町,20240414,10,その他,駐車（輪）場,65-69歳,その他,施錠した
窃盗,自転車盗,西宮,札場筋,282049,兵庫県,西宮市,田中町,20240427,9,その他,駐車（輪）場,30歳代,その他,施錠した
窃盗,自転車盗,西宮,札場筋,282049,兵庫県,西宮市,田中町,20240609,7,駐車（輪）場,駐車（輪）場,10歳代,高校生,施錠せず
窃盗,自転車盗,西宮,札場筋,282049,兵庫県,西宮市,田中町,20240719,8,その他,駐車（輪）場,50歳代,その他,施錠した
窃盗,自転車盗,西宮,札場筋,282049,兵庫県,西宮市,田中町,20230920,0,駐車（輪）場,駐車（輪）場,70歳以上,その他,施錠せず
窃盗,自転車盗,西宮,札場筋,282049,兵庫県,西宮市,田中町,20240727,23,その他,その他,10歳代,高校生,施錠した
窃盗,自転車盗,西宮,札場筋,282049,兵庫県,西宮市,田中町,20240820,16,その他,駐車（輪）場,30歳代,その他,施錠した
窃盗,自転車盗,西宮,札場筋,282049,兵庫県,西宮市,田中町,20240815,22,道路上,その他,20歳代,大学生,施錠せず
窃盗,自転車盗,西宮,札場筋,282049,兵庫県,西宮市,田中町,20240814,17,道路上,その他,10歳代,中学生,施錠した
窃盗,自転車盗,西宮,札場筋,282049,兵庫県,西宮市,田中町,20240827,15,道路上,その他,20歳代,大学生,施錠せず
窃盗,自転車盗,西宮,札場筋,282049,兵庫県,西宮市,田中町,20240912,8,駐車（輪）場,駐車（輪）場,20歳代,その他,施錠した
窃盗,自転車盗,西宮,札場筋,282049,兵庫県,西宮市,田中町,20240918,7,その他,駐車（輪）場,50歳代,その他,施錠した
窃盗,自転車盗,西宮,札場筋,282049,兵庫県,西宮市,田中町,20240918,6,駐車（輪）場,駐車（輪）場,10歳代,高校生,施錠した
窃盗,自転車盗,西宮,札場筋,282049,兵庫県,西宮市,田中町,20240917,16,道路上,その他,10歳代,大学生,施錠した
窃盗,自転車盗,西宮,札場筋,282049,兵庫県,西宮市,田中町,20240930,17,その他,その他,10歳代,高校生,施錠せず
窃盗,自転車盗,西宮,札場筋,282049,兵庫県,西宮市,田中町,20240921,20,道路上,その他,20歳代,大学生,施錠せず
窃盗,自転車盗,西宮,札場筋,282049,兵庫県,西宮市,田中町,20241017,7,駐車（輪）場,駐車（輪）場,20歳代,その他,施錠した
窃盗,自転車盗,西宮,札場筋,282049,兵庫県,西宮市,田中町,20241024,8,駐車（輪）場,駐車（輪）場,20歳代,その他,施錠した
窃盗,自転車盗,西宮,札場筋,282049,兵庫県,西宮市,田中町,20241113,7,駐車（輪）場,駐車（輪）場,20歳代,その他,施錠した
窃盗,自転車盗,西宮,札場筋,282049,兵庫県,西宮市,田中町,20241111,10,その他,駐車（輪）場,20歳代,大学生,施錠した
窃盗,自転車盗,西宮,札場筋,282049,兵庫県,西宮市,田中町,20241119,7,駐車（輪）場,駐車（輪）場,10歳代,高校生,施錠した
窃盗,自転車盗,西宮,札場筋,282049,兵庫県,西宮市,田中町,20241210,8,駐車（輪）場,駐車（輪）場,20歳代,大学生,施錠した
窃盗,自転車盗,西宮,札場筋,282049,兵庫県,西宮市,田中町,20241219,7,駐車（輪）場,駐車（輪）場,20歳代,大学生,施錠した
窃盗,自転車盗,西宮,札場筋,282049,兵庫県,西宮市,田中町,20241227,12,道路上,その他,10歳代,高校生,施錠せず
窃盗,自転車盗,西宮,札場筋,282049,兵庫県,西宮市,戸田町,20240228,23,４階建て以上共同住宅,駐車（輪）場,30歳代,その他,施錠せず
窃盗,自転車盗,西宮,札場筋,282049,兵庫県,西宮市,戸田町,20240420,10,４階建て以上共同住宅,駐車（輪）場,30歳代,その他,施錠した
窃盗,自転車盗,西宮,札場筋,282049,兵庫県,西宮市,戸田町,20240707,19,道路上,その他,10歳代,高校生,施錠せず
窃盗,自転車盗,西宮,札場筋,282049,兵庫県,西宮市,戸田町,20241022,17,４階建て以上共同住宅,駐車（輪）場,20歳代,その他,施錠せず
窃盗,自転車盗,西宮,札場筋,282049,兵庫県,西宮市,浜町,20241024,18,道路上,その他,70歳以上,その他,施錠せず
窃盗,自転車盗,西宮,札場筋,282049,兵庫県,西宮市,浜脇町,20231229,23,道路上,その他,40歳代,その他,施錠せず
窃盗,自転車盗,西宮,札場筋,282049,兵庫県,西宮市,浜脇町,20240912,19,その他の住宅（３階建て以下共同住宅等）,駐車（輪）場,30歳代,その他,施錠せず
窃盗,自転車盗,西宮,札場筋,282049,兵庫県,西宮市,浜脇町,20241026,22,その他の住宅（３階建て以下共同住宅等）,駐車（輪）場,20歳代,その他,施錠せず
窃盗,自転車盗,西宮,札場筋,282049,兵庫県,西宮市,馬場町,20240205,21,その他の住宅（３階建て以下共同住宅等）,駐車（輪）場,20歳代,その他,施錠せず
窃盗,自転車盗,西宮,札場筋,282049,兵庫県,西宮市,東町１丁目,20240101,0,４階建て以上共同住宅,駐車（輪）場,10歳代,中学生,施錠した
窃盗,自転車盗,西宮,札場筋,282049,兵庫県,西宮市,東町２丁目,20240327,19,４階建て以上共同住宅,駐車（輪）場,40歳代,その他,施錠した
窃盗,自転車盗,西宮,札場筋,282049,兵庫県,西宮市,東町２丁目,20240328,3,４階建て以上共同住宅,駐車（輪）場,10歳代,高校生,施錠した
窃盗,自転車盗,西宮,札場筋,282049,兵庫県,西宮市,東町２丁目,20241028,7,４階建て以上共同住宅,駐車（輪）場,50歳代,その他,施錠した
窃盗,自転車盗,西宮,札場筋,282049,兵庫県,西宮市,本町,20240725,13,道路上,その他,20歳代,その他,施錠せず
窃盗,自転車盗,西宮,札場筋,282049,兵庫県,西宮市,六湛寺町,20240217,7,その他,駐車（輪）場,20歳代,その他,施錠した
窃盗,自転車盗,西宮,札場筋,282049,兵庫県,西宮市,六湛寺町,20240315,19,道路上,その他,10歳代,大学生,施錠せず
窃盗,自転車盗,西宮,札場筋,282049,兵庫県,西宮市,六湛寺町,20240322,16,その他,駐車（輪）場,20歳代,その他,施錠せず
窃盗,自転車盗,西宮,札場筋,282049,兵庫県,西宮市,六湛寺町,20240403,0,道路上,その他,20歳代,その他,施錠せず
窃盗,自転車盗,西宮,札場筋,282049,兵庫県,西宮市,六湛寺町,20240421,18,その他,駐車（輪）場,10歳代,高校生,施錠せず
窃盗,自転車盗,西宮,札場筋,282049,兵庫県,西宮市,六湛寺町,20240427,11,その他,駐車（輪）場,10歳代,高校生,施錠せず
窃盗,自転車盗,西宮,札場筋,282049,兵庫県,西宮市,六湛寺町,20240513,8,駐車（輪）場,駐車（輪）場,10歳代,大学生,施錠せず
窃盗,自転車盗,西宮,札場筋,282049,兵庫県,西宮市,六湛寺町,20240522,18,その他,駐車（輪）場,20歳代,その他,施錠せず
窃盗,自転車盗,西宮,札場筋,282049,兵庫県,西宮市,六湛寺町,20240615,17,その他,駐車（輪）場,10歳代,高校生,施錠せず
窃盗,自転車盗,西宮,札場筋,282049,兵庫県,西宮市,六湛寺町,20240615,16,その他,その他,20歳代,その他,施錠せず
窃盗,自転車盗,西宮,札場筋,282049,兵庫県,西宮市,六湛寺町,20240623,23,道路上,その他,10歳代,高校生,施錠せず
窃盗,自転車盗,西宮,札場筋,282049,兵庫県,西宮市,六湛寺町,20240704,8,その他,駐車（輪）場,40歳代,その他,施錠した
窃盗,自転車盗,西宮,札場筋,282049,兵庫県,西宮市,六湛寺町,20240704,12,その他,駐車（輪）場,10歳代,高校生,施錠せず
窃盗,自転車盗,西宮,札場筋,282049,兵庫県,西宮市,六湛寺町,20240801,22,その他,駐車（輪）場,20歳代,大学生,施錠せず
窃盗,自転車盗,西宮,札場筋,282049,兵庫県,西宮市,六湛寺町,20240816,2,道路上,その他,20歳代,大学生,施錠せず
窃盗,自転車盗,西宮,札場筋,282049,兵庫県,西宮市,六湛寺町,20240829,16,道路上,その他,10歳代,中学生,施錠せず
窃盗,自転車盗,西宮,札場筋,282049,兵庫県,西宮市,六湛寺町,20240921,1,その他,駐車（輪）場,10歳代,大学生,施錠した
窃盗,自転車盗,西宮,札場筋,282049,兵庫県,西宮市,六湛寺町,20240919,23,その他,駐車（輪）場,10歳代,大学生,施錠せず
窃盗,自転車盗,西宮,札場筋,282049,兵庫県,西宮市,六湛寺町,20241010,9,その他,駐車（輪）場,20歳代,その他,施錠した
窃盗,自転車盗,西宮,札場筋,282049,兵庫県,西宮市,六湛寺町,20241103,8,その他,駐車（輪）場,30歳代,その他,施錠せず
窃盗,自転車盗,西宮,札場筋,282049,兵庫県,西宮市,和上町,20240404,16,その他,駐車（輪）場,10歳代,大学生,施錠せず
窃盗,自転車盗,西宮,札場筋,282049,兵庫県,西宮市,和上町,20240612,17,その他,その他,40歳代,その他,施錠した
窃盗,自転車盗,西宮,札場筋,282049,兵庫県,西宮市,和上町,20240903,9,その他,駐車（輪）場,20歳代,その他,施錠した
窃盗,自転車盗,西宮,札場筋,282049,兵庫県,西宮市,和上町,20241011,9,駐車（輪）場,駐車（輪）場,40歳代,その他,施錠せず
窃盗,自転車盗,西宮,札場筋,282049,兵庫県,西宮市,和上町,20241101,7,その他,駐車（輪）場,10歳代,高校生,施錠せず
窃盗,自転車盗,西宮,札場筋,282049,兵庫県,西宮市,和上町,20241223,10,駐車（輪）場,駐車（輪）場,10歳代,高校生,施錠せず
窃盗,自転車盗,西宮,川添,282049,兵庫県,西宮市,泉町,20241227,11,一戸建住宅,駐車（輪）場,50歳代,その他,施錠せず
窃盗,自転車盗,西宮,川添,282049,兵庫県,西宮市,大浜町,20240515,15,その他,その他,65-69歳,その他,施錠せず
窃盗,自転車盗,西宮,川添,282049,兵庫県,西宮市,大浜町,20240913,20,道路上,その他,10歳代,高校生,施錠せず
窃盗,自転車盗,西宮,川添,282049,兵庫県,西宮市,川添町,20240805,10,４階建て以上共同住宅,駐車（輪）場,50歳代,その他,施錠せず
窃盗,自転車盗,西宮,川添,282049,兵庫県,西宮市,川添町,20241016,7,一戸建住宅,駐車（輪）場,50歳代,その他,施錠せず
窃盗,自転車盗,西宮,川添,282049,兵庫県,西宮市,川添町,20241021,10,一戸建住宅,駐車（輪）場,20歳代,大学生,施錠した
窃盗,自転車盗,西宮,川添,282049,兵庫県,西宮市,下葭原町,20240914,11,一戸建住宅,駐車（輪）場,10歳代,小学生,施錠せず
窃盗,自転車盗,西宮,川添,282049,兵庫県,西宮市,建石町,20240719,11,その他,駐車（輪）場,10歳代,高校生,施錠せず
窃盗,自転車盗,西宮,川添,282049,兵庫県,西宮市,西波止町,20240104,21,一戸建住宅,その他,10歳代,中学生,施錠せず
窃盗,自転車盗,西宮,川添,282049,兵庫県,西宮市,前浜町,20240514,23,その他の住宅（３階建て以下共同住宅等）,駐車（輪）場,40歳代,その他,施錠せず
窃盗,自転車盗,西宮,川添,282049,兵庫県,西宮市,前浜町,20240806,20,その他,駐車（輪）場,50歳代,その他,施錠せず
窃盗,自転車盗,西宮,市庭,282049,兵庫県,西宮市,観音寺町,20240609,16,一戸建住宅,駐車（輪）場,10歳代,中学生,施錠せず
窃盗,自転車盗,西宮,市庭,282049,兵庫県,西宮市,市庭町,20240422,10,駐車（輪）場,駐車（輪）場,70歳以上,その他,施錠せず
窃盗,自転車盗,西宮,市庭,282049,兵庫県,西宮市,市庭町,20240605,8,その他の住宅（３階建て以下共同住宅等）,駐車（輪）場,20歳代,その他,施錠せず
窃盗,自転車盗,西宮,市庭,282049,兵庫県,西宮市,市庭町,20241011,8,一戸建住宅,その他,10歳代,中学生,施錠せず
窃盗,自転車盗,西宮,市庭,282049,兵庫県,西宮市,神楽町,20240605,19,４階建て以上共同住宅,駐車（輪）場,10歳代,中学生,施錠せず
窃盗,自転車盗,西宮,市庭,282049,兵庫県,西宮市,神楽町,20240603,10,４階建て以上共同住宅,駐車（輪）場,30歳代,その他,施錠した
窃盗,自転車盗,西宮,市庭,282049,兵庫県,西宮市,神楽町,20240820,15,４階建て以上共同住宅,駐車（輪）場,10歳代,高校生,施錠せず
窃盗,自転車盗,西宮,市庭,282049,兵庫県,西宮市,神楽町,20240807,18,道路上,その他,10歳代,大学生,施錠せず
窃盗,自転車盗,西宮,市庭,282049,兵庫県,西宮市,神楽町,20240903,20,その他,駐車（輪）場,30歳代,その他,施錠した
窃盗,自転車盗,西宮,市庭,282049,兵庫県,西宮市,神楽町,20241109,17,道路上,その他,20歳代,その他,施錠せず
窃盗,自転車盗,西宮,市庭,282049,兵庫県,西宮市,川西町,20240330,18,その他の住宅（３階建て以下共同住宅等）,駐車（輪）場,40歳代,その他,施錠した
窃盗,自転車盗,西宮,市庭,282049,兵庫県,西宮市,川西町,20240330,17,４階建て以上共同住宅,駐車（輪）場,20歳代,その他,施錠した
窃盗,自転車盗,西宮,市庭,282049,兵庫県,西宮市,川西町,20240324,18,道路上,その他,20歳代,大学生,施錠せず
窃盗,自転車盗,西宮,市庭,282049,兵庫県,西宮市,川西町,20240731,15,道路上,その他,20歳代,その他,施錠した
窃盗,自転車盗,西宮,市庭,282049,兵庫県,西宮市,中浜町,20240720,14,４階建て以上共同住宅,駐車（輪）場,10歳代,高校生,施錠せず
窃盗,自転車盗,西宮,市庭,282049,兵庫県,西宮市,松下町,20240406,18,道路上,その他,10歳代,中学生,施錠した
窃盗,自転車盗,西宮,市庭,282049,兵庫県,西宮市,弓場町,20240427,3,４階建て以上共同住宅,駐車（輪）場,10歳未満,小学生,施錠せず
窃盗,自転車盗,西宮,市庭,282049,兵庫県,西宮市,弓場町,20240802,21,４階建て以上共同住宅,駐車（輪）場,10歳代,中学生,施錠した
窃盗,自転車盗,西宮,西宮浜,282049,兵庫県,西宮市,西宮浜３丁目,20241120,15,その他,その他,10歳代,小学生,施錠せず
窃盗,自転車盗,西宮,西宮浜,282049,兵庫県,西宮市,西宮浜４丁目,20240422,16,４階建て以上共同住宅,駐車（輪）場,10歳代,小学生,施錠せず
窃盗,自転車盗,西宮,西宮浜,282049,兵庫県,西宮市,西宮浜４丁目,20240621,23,４階建て以上共同住宅,駐車（輪）場,10歳代,中学生,施錠した
窃盗,自転車盗,西宮,西宮浜,282049,兵庫県,西宮市,西宮浜４丁目,20240627,16,４階建て以上共同住宅,駐車（輪）場,40歳代,その他,施錠せず
窃盗,自転車盗,西宮,西宮浜,282049,兵庫県,西宮市,西宮浜４丁目,20240721,19,４階建て以上共同住宅,駐車（輪）場,10歳代,高校生,施錠した
窃盗,自転車盗,西宮,西宮浜,282049,兵庫県,西宮市,西宮浜４丁目,20240823,13,４階建て以上共同住宅,駐車（輪）場,10歳未満,小学生,施錠した
窃盗,自転車盗,西宮,西宮浜,282049,兵庫県,西宮市,西宮浜４丁目,20240828,12,駐車（輪）場,駐車（輪）場,65-69歳,その他,施錠した
窃盗,自転車盗,西宮,西宮浜,282049,兵庫県,西宮市,西宮浜４丁目,20240830,5,４階建て以上共同住宅,駐車（輪）場,10歳代,高校生,施錠せず
窃盗,自転車盗,西宮,西宮浜,282049,兵庫県,西宮市,西宮浜４丁目,20240920,16,４階建て以上共同住宅,駐車（輪）場,20歳代,その他,施錠した
窃盗,自転車盗,西宮,夙川駅前,282049,兵庫県,西宮市,相生町,20240820,18,道路上,その他,20歳代,その他,施錠せず
窃盗,自転車盗,西宮,夙川駅前,282049,兵庫県,西宮市,相生町,20241004,22,道路上,その他,50歳代,その他,施錠せず
窃盗,自転車盗,西宮,夙川駅前,282049,兵庫県,西宮市,相生町,20241110,7,道路上,その他,10歳代,中学生,施錠した
窃盗,自転車盗,西宮,夙川駅前,282049,兵庫県,西宮市,大谷町,20240401,13,一戸建住宅,その他,60-64歳,その他,施錠せず
窃盗,自転車盗,西宮,夙川駅前,282049,兵庫県,西宮市,大谷町,20240620,19,４階建て以上共同住宅,駐車（輪）場,65-69歳,その他,施錠せず
窃盗,自転車盗,西宮,夙川駅前,282049,兵庫県,西宮市,雲井町,20241201,15,道路上,その他,10歳未満,小学生,施錠せず
窃盗,自転車盗,西宮,夙川駅前,282049,兵庫県,西宮市,郷免町,20240201,19,４階建て以上共同住宅,駐車（輪）場,20歳代,大学生,施錠せず
窃盗,自転車盗,西宮,夙川駅前,282049,兵庫県,西宮市,羽衣町,20240207,8,道路上,その他,10歳代,高校生,施錠した
窃盗,自転車盗,西宮,夙川駅前,282049,兵庫県,西宮市,羽衣町,20240803,10,駐車（輪）場,駐車（輪）場,10歳代,高校生,施錠せず
窃盗,自転車盗,西宮,越木岩,282049,兵庫県,西宮市,石刎町,20240701,7,その他,その他,10歳代,高校生,施錠せず
窃盗,自転車盗,西宮,越木岩,282049,兵庫県,西宮市,石刎町,20241001,8,その他,駐車（輪）場,10歳代,大学生,施錠せず
窃盗,自転車盗,西宮,越木岩,282049,兵庫県,西宮市,石刎町,20241103,8,その他,その他,20歳代,大学生,施錠した
窃盗,自転車盗,西宮,越木岩,282049,兵庫県,西宮市,南越木岩町,20241114,9,４階建て以上共同住宅,その他,50歳代,その他,施錠せず
窃盗,自転車盗,西宮,甲陽園,282049,兵庫県,西宮市,一ケ谷町,20241108,21,一戸建住宅,駐車（輪）場,40歳代,その他,施錠せず
窃盗,自転車盗,西宮,甲陽園,282049,兵庫県,西宮市,甲陽園西山町,20240419,6,その他,駐車（輪）場,20歳代,大学生,施錠した
窃盗,自転車盗,西宮,甲陽園,282049,兵庫県,西宮市,甲陽園西山町,20240903,18,４階建て以上共同住宅,駐車（輪）場,60-64歳,その他,施錠した
窃盗,自転車盗,西宮,甲陽園,282049,兵庫県,西宮市,甲陽園日之出町,20241023,11,一戸建住宅,その他,10歳代,高校生,施錠した
窃盗,自転車盗,西宮,寿,282049,兵庫県,西宮市,大井手町,20240316,18,道路上,その他,10歳代,高校生,施錠した
窃盗,自転車盗,西宮,寿,282049,兵庫県,西宮市,大井手町,20241215,18,道路上,その他,40歳代,その他,施錠した
窃盗,自転車盗,西宮,寿,282049,兵庫県,西宮市,奥畑,20240703,22,４階建て以上共同住宅,駐車（輪）場,10歳代,中学生,施錠せず
窃盗,自転車盗,西宮,寿,282049,兵庫県,西宮市,北名次町,20240913,18,道路上,その他,10歳代,中学生,施錠せず
窃盗,自転車盗,西宮,寿,282049,兵庫県,西宮市,寿町,20240225,19,４階建て以上共同住宅,その他,40歳代,その他,施錠した
窃盗,自転車盗,西宮,寿,282049,兵庫県,西宮市,桜谷町,20240730,21,一戸建住宅,その他,30歳代,その他,施錠せず
窃盗,自転車盗,西宮,寿,282049,兵庫県,西宮市,城ケ堀町,20240811,11,道路上,その他,10歳代,大学生,施錠せず
窃盗,自転車盗,西宮,寿,282049,兵庫県,西宮市,城ケ堀町,20240911,20,４階建て以上共同住宅,駐車（輪）場,20歳代,大学生,施錠せず
窃盗,自転車盗,西宮,寿,282049,兵庫県,西宮市,城ケ堀町,20241121,18,４階建て以上共同住宅,駐車（輪）場,40歳代,その他,施錠した
窃盗,自転車盗,西宮,寿,282049,兵庫県,西宮市,末広町,20240907,0,その他の住宅（３階建て以下共同住宅等）,駐車（輪）場,10歳代,大学生,施錠せず
窃盗,自転車盗,西宮,寿,282049,兵庫県,西宮市,千歳町,20240209,10,その他,駐車（輪）場,50歳代,その他,施錠した
窃盗,自転車盗,西宮,寿,282049,兵庫県,西宮市,千歳町,20231229,17,駐車（輪）場,駐車（輪）場,30歳代,その他,施錠した
窃盗,自転車盗,西宮,寿,282049,兵庫県,西宮市,千歳町,20240220,15,駐車（輪）場,駐車（輪）場,10歳代,高校生,施錠した
窃盗,自転車盗,西宮,寿,282049,兵庫県,西宮市,千歳町,20240226,7,駐車（輪）場,駐車（輪）場,10歳代,中学生,施錠せず
窃盗,自転車盗,西宮,寿,282049,兵庫県,西宮市,千歳町,20240228,7,駐車（輪）場,駐車（輪）場,10歳代,中学生,施錠せず
窃盗,自転車盗,西宮,寿,282049,兵庫県,西宮市,千歳町,20240303,10,その他,駐車（輪）場,10歳代,高校生,施錠せず
窃盗,自転車盗,西宮,寿,282049,兵庫県,西宮市,千歳町,20240301,8,その他,駐車（輪）場,10歳代,高校生,施錠せず
窃盗,自転車盗,西宮,寿,282049,兵庫県,西宮市,千歳町,20240312,16,駐車（輪）場,駐車（輪）場,10歳代,大学生,施錠せず
窃盗,自転車盗,西宮,寿,282049,兵庫県,西宮市,千歳町,20240310,16,駐車（輪）場,駐車（輪）場,20歳代,大学生,施錠した
窃盗,自転車盗,西宮,寿,282049,兵庫県,西宮市,千歳町,20240314,16,駐車（輪）場,駐車（輪）場,30歳代,その他,施錠せず
窃盗,自転車盗,西宮,寿,282049,兵庫県,西宮市,千歳町,20240302,8,駐車（輪）場,駐車（輪）場,30歳代,その他,施錠した
窃盗,自転車盗,西宮,寿,282049,兵庫県,西宮市,千歳町,20240311,6,駐車（輪）場,駐車（輪）場,50歳代,その他,施錠した
窃盗,自転車盗,西宮,寿,282049,兵庫県,西宮市,千歳町,20240322,7,駐車（輪）場,駐車（輪）場,10歳代,中学生,施錠した
窃盗,自転車盗,西宮,寿,282049,兵庫県,西宮市,千歳町,20240330,6,駐車（輪）場,駐車（輪）場,20歳代,その他,施錠した
窃盗,自転車盗,西宮,寿,282049,兵庫県,西宮市,千歳町,20240412,13,駐車（輪）場,駐車（輪）場,10歳代,その他,施錠した
窃盗,自転車盗,西宮,寿,282049,兵庫県,西宮市,千歳町,20240413,8,駐車（輪）場,駐車（輪）場,10歳代,大学生,施錠せず
窃盗,自転車盗,西宮,寿,282049,兵庫県,西宮市,千歳町,20240417,7,駐車（輪）場,駐車（輪）場,10歳代,高校生,施錠せず
窃盗,自転車盗,西宮,寿,282049,兵庫県,西宮市,千歳町,20240508,10,駐車（輪）場,駐車（輪）場,10歳代,大学生,施錠せず
窃盗,自転車盗,西宮,寿,282049,兵庫県,西宮市,千歳町,20240825,20,駐車（輪）場,駐車（輪）場,20歳代,大学生,施錠せず
窃盗,自転車盗,西宮,寿,282049,兵庫県,西宮市,千歳町,20241022,10,駐車（輪）場,駐車（輪）場,20歳代,大学生,施錠せず
窃盗,自転車盗,西宮,寿,282049,兵庫県,西宮市,常磐町,20240326,22,その他の住宅（３階建て以下共同住宅等）,駐車（輪）場,40歳代,その他,施錠した
窃盗,自転車盗,西宮,寿,282049,兵庫県,西宮市,西田町,20240125,15,その他,その他,10歳代,小学生,施錠した
窃盗,自転車盗,西宮,寿,282049,兵庫県,西宮市,西田町,20240810,9,一戸建住宅,その他,40歳代,その他,施錠せず
窃盗,自転車盗,西宮,寿,282049,兵庫県,西宮市,西波止町,20240505,16,４階建て以上共同住宅,駐車（輪）場,40歳代,その他,施錠せず
窃盗,自転車盗,西宮,寿,282049,兵庫県,西宮市,櫨塚町,20240402,22,４階建て以上共同住宅,駐車（輪）場,20歳代,その他,施錠せず
窃盗,自転車盗,西宮,寿,282049,兵庫県,西宮市,平松町,20241203,7,その他の住宅（３階建て以下共同住宅等）,駐車（輪）場,20歳代,その他,施錠した
窃盗,自転車盗,西宮,寿,282049,兵庫県,西宮市,分銅町,20240109,16,道路上,その他,30歳代,その他,施錠せず
窃盗,自転車盗,西宮,寿,282049,兵庫県,西宮市,分銅町,20240213,19,道路上,その他,40歳代,その他,施錠した
窃盗,自転車盗,西宮,寿,282049,兵庫県,西宮市,分銅町,20240802,12,４階建て以上共同住宅,駐車（輪）場,10歳未満,小学生,施錠せず
窃盗,自転車盗,西宮,寿,282049,兵庫県,西宮市,分銅町,20241211,18,その他の住宅（３階建て以下共同住宅等）,駐車（輪）場,30歳代,その他,施錠せず
窃盗,自転車盗,西宮,青木,282049,兵庫県,西宮市,青木町,20240128,6,その他の住宅（３階建て以下共同住宅等）,駐車（輪）場,20歳代,その他,施錠せず
窃盗,自転車盗,西宮,青木,282049,兵庫県,西宮市,青木町,20240322,23,一戸建住宅,その他,40歳代,その他,施錠せず
窃盗,自転車盗,西宮,青木,282049,兵庫県,西宮市,青木町,20240410,20,その他の住宅（３階建て以下共同住宅等）,駐車（輪）場,20歳代,その他,施錠した
窃盗,自転車盗,西宮,青木,282049,兵庫県,西宮市,越水町,20240526,17,４階建て以上共同住宅,駐車（輪）場,40歳代,その他,施錠した
窃盗,自転車盗,西宮,青木,282049,兵庫県,西宮市,大社町,20240827,14,その他,その他,10歳代,高校生,施錠した
窃盗,自転車盗,西宮,青木,282049,兵庫県,西宮市,大社町,20241218,18,４階建て以上共同住宅,その他,70歳以上,その他,施錠せず
窃盗,自転車盗,西宮,青木,282049,兵庫県,西宮市,中屋町,20240410,14,その他の住宅（３階建て以下共同住宅等）,駐車（輪）場,20歳代,その他,施錠した
窃盗,自転車盗,西宮,青木,282049,兵庫県,西宮市,能登町,20240109,18,その他,駐車（輪）場,10歳代,中学生,施錠せず
窃盗,自転車盗,西宮,青木,282049,兵庫県,西宮市,広田町,20240624,19,４階建て以上共同住宅,駐車（輪）場,30歳代,その他,施錠せず
窃盗,自転車盗,西宮,青木,282049,兵庫県,西宮市,広田町,20241011,19,４階建て以上共同住宅,駐車（輪）場,50歳代,その他,施錠した
窃盗,自転車盗,西宮,青木,282049,兵庫県,西宮市,室川町,20240305,17,その他の住宅（３階建て以下共同住宅等）,駐車（輪）場,20歳代,大学生,施錠した
窃盗,自転車盗,西宮,青木,282049,兵庫県,西宮市,室川町,20240802,12,その他の住宅（３階建て以下共同住宅等）,駐車（輪）場,20歳代,その他,施錠せず
窃盗,自転車盗,西宮,青木,282049,兵庫県,西宮市,室川町,20240820,22,４階建て以上共同住宅,駐車（輪）場,10歳代,大学生,施錠せず
窃盗,自転車盗,西宮,青木,282049,兵庫県,西宮市,柳本町,20240401,12,４階建て以上共同住宅,駐車（輪）場,20歳代,大学生,施錠せず
窃盗,自転車盗,西宮,芦原,282049,兵庫県,西宮市,芦原町,20240412,20,その他,駐車（輪）場,20歳代,大学生,施錠せず
窃盗,自転車盗,西宮,芦原,282049,兵庫県,西宮市,芦原町,20240607,9,その他,駐車（輪）場,20歳代,その他,施錠した
窃盗,自転車盗,西宮,芦原,282049,兵庫県,西宮市,西福町,20240118,8,その他,駐車（輪）場,50歳代,その他,施錠せず
窃盗,自転車盗,西宮,芦原,282049,兵庫県,西宮市,西福町,20240508,8,その他,駐車（輪）場,10歳未満,小学生,施錠した
窃盗,自転車盗,西宮,芦原,282049,兵庫県,西宮市,西福町,20240511,10,その他の住宅（３階建て以下共同住宅等）,駐車（輪）場,30歳代,その他,施錠した
窃盗,自転車盗,西宮,芦原,282049,兵庫県,西宮市,西福町,20240619,18,その他,その他,30歳代,その他,施錠せず
窃盗,自転車盗,西宮,芦原,282049,兵庫県,西宮市,西福町,20240705,7,駐車（輪）場,駐車（輪）場,65-69歳,その他,施錠した
窃盗,自転車盗,西宮,芦原,282049,兵庫県,西宮市,西福町,20240722,8,駐車（輪）場,駐車（輪）場,50歳代,その他,施錠せず
窃盗,自転車盗,西宮,芦原,282049,兵庫県,西宮市,西福町,20240629,8,その他,その他,10歳代,その他,施錠せず
窃盗,自転車盗,西宮,芦原,282049,兵庫県,西宮市,神明町,20240305,14,道路上,その他,70歳以上,その他,施錠せず
窃盗,自転車盗,西宮,芦原,282049,兵庫県,西宮市,神明町,20241111,9,４階建て以上共同住宅,駐車（輪）場,60-64歳,その他,施錠した
窃盗,自転車盗,西宮,芦原,282049,兵庫県,西宮市,津田町,20240421,10,４階建て以上共同住宅,その他,10歳代,大学生,施錠した
窃盗,自転車盗,西宮,芦原,282049,兵庫県,西宮市,津田町,20241209,9,４階建て以上共同住宅,その他,60-64歳,その他,施錠した
窃盗,自転車盗,西宮,芦原,282049,兵庫県,西宮市,中須佐町,20240426,22,その他の住宅（３階建て以下共同住宅等）,その他,20歳代,その他,施錠せず
窃盗,自転車盗,西宮,芦原,282049,兵庫県,西宮市,中須佐町,20241227,13,一戸建住宅,駐車（輪）場,50歳代,その他,施錠した
窃盗,自転車盗,西宮,芦原,282049,兵庫県,西宮市,中殿町,20230401,20,４階建て以上共同住宅,駐車（輪）場,20歳代,その他,施錠した
窃盗,自転車盗,西宮,芦原,282049,兵庫県,西宮市,森下町,20240122,14,４階建て以上共同住宅,その他,10歳代,小学生,施錠せず
窃盗,自転車盗,西宮,芦原,282049,兵庫県,西宮市,森下町,20240824,22,４階建て以上共同住宅,駐車（輪）場,10歳代,中学生,施錠せず
窃盗,自転車盗,西宮,芦原,282049,兵庫県,西宮市,森下町,20240902,13,４階建て以上共同住宅,その他,20歳代,その他,施錠せず
窃盗,自転車盗,西宮,西宮駅前,282049,兵庫県,西宮市,池田町,20231229,12,その他,駐車（輪）場,30歳代,その他,施錠せず
窃盗,自転車盗,西宮,西宮駅前,282049,兵庫県,西宮市,池田町,20240113,0,その他,駐車（輪）場,20歳代,大学生,施錠せず
窃盗,自転車盗,西宮,西宮駅前,282049,兵庫県,西宮市,池田町,20240115,14,その他,駐車（輪）場,70歳以上,その他,施錠せず
窃盗,自転車盗,西宮,西宮駅前,282049,兵庫県,西宮市,池田町,20240104,9,その他,駐車（輪）場,30歳代,その他,施錠せず
窃盗,自転車盗,西宮,西宮駅前,282049,兵庫県,西宮市,池田町,20240322,22,４階建て以上共同住宅,駐車（輪）場,20歳代,大学生,施錠した
窃盗,自転車盗,西宮,西宮駅前,282049,兵庫県,西宮市,池田町,20240511,6,その他,駐車（輪）場,10歳代,中学生,施錠せず
窃盗,自転車盗,西宮,西宮駅前,282049,兵庫県,西宮市,池田町,20240424,22,道路上,その他,10歳代,大学生,施錠せず
窃盗,自転車盗,西宮,西宮駅前,282049,兵庫県,西宮市,池田町,20240518,20,その他,駐車（輪）場,10歳代,高校生,施錠せず
窃盗,自転車盗,西宮,西宮駅前,282049,兵庫県,西宮市,池田町,20240609,9,その他,駐車（輪）場,20歳代,その他,施錠せず
窃盗,自転車盗,西宮,西宮駅前,282049,兵庫県,西宮市,池田町,20240810,6,その他,駐車（輪）場,10歳代,高校生,施錠した
窃盗,自転車盗,西宮,西宮駅前,282049,兵庫県,西宮市,池田町,20240830,5,道路上,その他,10歳代,大学生,施錠した
窃盗,自転車盗,西宮,西宮駅前,282049,兵庫県,西宮市,池田町,20241004,20,その他,駐車（輪）場,20歳代,その他,施錠せず
窃盗,自転車盗,西宮,西宮駅前,282049,兵庫県,西宮市,池田町,20241003,13,その他,駐車（輪）場,40歳代,その他,施錠せず
窃盗,自転車盗,西宮,西宮駅前,282049,兵庫県,西宮市,池田町,20241207,17,道路上,その他,30歳代,その他,施錠した
窃盗,自転車盗,西宮,西宮駅前,282049,兵庫県,西宮市,染殿町,20231225,17,４階建て以上共同住宅,駐車（輪）場,20歳代,大学生,施錠した
窃盗,自転車盗,西宮,西宮駅前,282049,兵庫県,西宮市,染殿町,20220710,18,４階建て以上共同住宅,駐車（輪）場,20歳代,大学生,施錠した
窃盗,自転車盗,西宮,西宮駅前,282049,兵庫県,西宮市,染殿町,20240424,15,４階建て以上共同住宅,駐車（輪）場,10歳代,大学生,施錠せず
窃盗,自転車盗,西宮,西宮駅前,282049,兵庫県,西宮市,津門綾羽町,20241227,19,その他の住宅（３階建て以下共同住宅等）,駐車（輪）場,20歳代,その他,施錠せず
窃盗,自転車盗,西宮,西宮駅前,282049,兵庫県,西宮市,津門大箇町,20240601,6,その他の住宅（３階建て以下共同住宅等）,駐車（輪）場,60-64歳,その他,施錠せず
窃盗,自転車盗,西宮,西宮駅前,282049,兵庫県,西宮市,津門大箇町,20240803,13,４階建て以上共同住宅,その他,40歳代,その他,施錠せず
窃盗,自転車盗,西宮,西宮駅前,282049,兵庫県,西宮市,津門大塚町,20240420,17,道路上,その他,60-64歳,その他,施錠した
窃盗,自転車盗,西宮,西宮駅前,282049,兵庫県,西宮市,津門西口町,20240201,18,その他の住宅（３階建て以下共同住宅等）,駐車（輪）場,20歳代,その他,施錠せず
窃盗,自転車盗,西宮,西宮駅前,282049,兵庫県,西宮市,津門西口町,20240707,16,その他,その他,10歳代,小学生,施錠した
窃盗,自転車盗,西宮,今津駅前,282049,兵庫県,西宮市,今津　曙町,20231211,13,その他,駐車（輪）場,20歳代,その他,施錠した
窃盗,自転車盗,西宮,今津駅前,282049,兵庫県,西宮市,今津　曙町,20240413,16,４階建て以上共同住宅,その他,30歳代,その他,施錠せず
窃盗,自転車盗,西宮,今津駅前,282049,兵庫県,西宮市,今津　曙町,20240428,5,その他,駐車（輪）場,30歳代,その他,施錠せず
窃盗,自転車盗,西宮,今津駅前,282049,兵庫県,西宮市,今津　曙町,20240504,18,道路上,その他,10歳代,高校生,施錠した
窃盗,自転車盗,西宮,今津駅前,282049,兵庫県,西宮市,今津　曙町,20240518,14,その他,駐車（輪）場,20歳代,その他,施錠した
窃盗,自転車盗,西宮,今津駅前,282049,兵庫県,西宮市,今津　曙町,20240619,12,道路上,その他,70歳以上,その他,施錠した
窃盗,自転車盗,西宮,今津駅前,282049,兵庫県,西宮市,今津　曙町,20240627,16,その他,駐車（輪）場,10歳代,大学生,施錠せず
窃盗,自転車盗,西宮,今津駅前,282049,兵庫県,西宮市,今津　曙町,20240824,8,道路上,その他,20歳代,その他,施錠せず
窃盗,自転車盗,西宮,今津駅前,282049,兵庫県,西宮市,今津　曙町,20240920,18,その他,駐車（輪）場,30歳代,その他,施錠せず
窃盗,自転車盗,西宮,今津駅前,282049,兵庫県,西宮市,今津　曙町,20241220,4,道路上,その他,20歳代,大学生,施錠せず
窃盗,自転車盗,西宮,今津駅前,282049,兵庫県,西宮市,今津　水波町,20231231,20,４階建て以上共同住宅,その他,20歳代,大学生,施錠せず
窃盗,自転車盗,西宮,今津駅前,282049,兵庫県,西宮市,今津　水波町,20231225,8,その他,駐車（輪）場,20歳代,大学生,施錠せず
窃盗,自転車盗,西宮,今津駅前,282049,兵庫県,西宮市,今津　水波町,20240302,17,その他,その他,30歳代,その他,施錠した
窃盗,自転車盗,西宮,今津駅前,282049,兵庫県,西宮市,今津　水波町,20240427,14,道路上,その他,50歳代,その他,施錠した
窃盗,自転車盗,西宮,今津駅前,282049,兵庫県,西宮市,今津　水波町,20240619,23,４階建て以上共同住宅,駐車（輪）場,10歳代,大学生,施錠せず
窃盗,自転車盗,西宮,今津駅前,282049,兵庫県,西宮市,今津　水波町,20241116,15,道路上,その他,20歳代,大学生,施錠せず
窃盗,自転車盗,西宮,今津駅前,282049,兵庫県,西宮市,津門川町,20240402,19,その他,駐車（輪）場,20歳代,その他,施錠せず
窃盗,自転車盗,西宮,今津駅前,282049,兵庫県,西宮市,津門川町,20240624,17,その他,駐車（輪）場,10歳代,大学生,施錠せず
窃盗,自転車盗,西宮,今津駅前,282049,兵庫県,西宮市,津門川町,20240714,0,道路上,その他,10歳代,大学生,施錠せず
窃盗,自転車盗,西宮,今津駅前,282049,兵庫県,西宮市,津門川町,20240802,8,その他,駐車（輪）場,20歳代,その他,施錠した
窃盗,自転車盗,西宮,今津駅前,282049,兵庫県,西宮市,津門川町,20240827,13,その他,駐車（輪）場,20歳代,大学生,施錠せず
窃盗,自転車盗,西宮,今津駅前,282049,兵庫県,西宮市,津門川町,20240906,18,４階建て以上共同住宅,駐車（輪）場,20歳代,その他,施錠した
窃盗,自転車盗,西宮,今津駅前,282049,兵庫県,西宮市,津門川町,20241204,8,駐車（輪）場,駐車（輪）場,50歳代,その他,施錠せず
窃盗,自転車盗,西宮,今津駅前,282049,兵庫県,西宮市,津門呉羽町,20220501,12,その他,駐車（輪）場,65-69歳,その他,施錠した
窃盗,自転車盗,西宮,今津駅前,282049,兵庫県,西宮市,津門呉羽町,20240805,5,その他,駐車（輪）場,20歳代,その他,施錠せず
窃盗,自転車盗,西宮,今津駅前,282049,兵庫県,西宮市,津門呉羽町,20240819,10,道路上,その他,10歳代,その他,施錠せず
窃盗,自転車盗,西宮,今津駅前,282049,兵庫県,西宮市,津門呉羽町,20241020,17,道路上,その他,20歳代,大学生,施錠せず
窃盗,自転車盗,西宮,今津駅前,282049,兵庫県,西宮市,津門呉羽町,20241204,16,その他,駐車（輪）場,10歳代,その他,施錠せず
窃盗,自転車盗,西宮,今津駅前,282049,兵庫県,西宮市,津門宝津町,20240319,19,駐車（輪）場,駐車（輪）場,30歳代,その他,施錠せず
窃盗,自転車盗,西宮,今津駅前,282049,兵庫県,西宮市,津門宝津町,20240225,17,道路上,その他,20歳代,大学生,施錠した
窃盗,自転車盗,西宮,今津駅前,282049,兵庫県,西宮市,津門宝津町,20240531,20,その他,駐車（輪）場,30歳代,その他,施錠せず
窃盗,自転車盗,西宮,今津駅前,282049,兵庫県,西宮市,津門宝津町,20240904,17,その他,駐車（輪）場,30歳代,その他,施錠した
窃盗,自転車盗,西宮,今津駅前,282049,兵庫県,西宮市,津門宝津町,20241103,23,駐車（輪）場,駐車（輪）場,20歳代,その他,施錠せず
窃盗,自転車盗,西宮,社前,282049,兵庫県,西宮市,今津　大東町,20240726,1,その他の住宅（３階建て以下共同住宅等）,駐車（輪）場,20歳代,大学生,施錠した
窃盗,自転車盗,西宮,社前,282049,兵庫県,西宮市,今津　久寿川町,20240403,20,４階建て以上共同住宅,駐車（輪）場,30歳代,その他,施錠せず
窃盗,自転車盗,西宮,社前,282049,兵庫県,西宮市,今津　久寿川町,20240616,19,一戸建住宅,その他,50歳代,その他,施錠せず
窃盗,自転車盗,西宮,社前,282049,兵庫県,西宮市,今津　久寿川町,20240812,17,その他の住宅（３階建て以下共同住宅等）,駐車（輪）場,30歳代,その他,施錠せず
窃盗,自転車盗,西宮,社前,282049,兵庫県,西宮市,今津　社前町,20240502,16,その他,駐車（輪）場,20歳代,大学生,施錠せず
窃盗,自転車盗,西宮,社前,282049,兵庫県,西宮市,今津　社前町,20240927,20,その他の住宅（３階建て以下共同住宅等）,駐車（輪）場,20歳代,その他,施錠せず
窃盗,自転車盗,西宮,社前,282049,兵庫県,西宮市,今津　巽町,20240312,18,道路上,その他,20歳代,その他,施錠せず
窃盗,自転車盗,西宮,社前,282049,兵庫県,西宮市,今津　巽町,20241030,19,４階建て以上共同住宅,駐車（輪）場,65-69歳,その他,施錠した
窃盗,自転車盗,西宮,社前,282049,兵庫県,西宮市,今津　出在家町,20240530,21,４階建て以上共同住宅,その他,30歳代,その他,施錠せず
窃盗,自転車盗,西宮,社前,282049,兵庫県,西宮市,今津　出在家町,20241208,12,その他,駐車（輪）場,10歳代,高校生,施錠せず
窃盗,自転車盗,西宮,社前,282049,兵庫県,西宮市,今津　出在家町,20241212,7,その他,駐車（輪）場,20歳代,その他,施錠せず
窃盗,自転車盗,西宮,社前,282049,兵庫県,西宮市,今津　西浜町,20240327,20,その他の住宅（３階建て以下共同住宅等）,駐車（輪）場,30歳代,その他,施錠した
窃盗,自転車盗,西宮,社前,282049,兵庫県,西宮市,今津　真砂町,20240427,22,４階建て以上共同住宅,駐車（輪）場,20歳代,その他,施錠した
窃盗,自転車盗,西宮,社前,282049,兵庫県,西宮市,今津　真砂町,20240427,13,その他,その他,10歳未満,小学生,施錠した
窃盗,自転車盗,西宮,社前,282049,兵庫県,西宮市,今津　真砂町,20240701,18,４階建て以上共同住宅,駐車（輪）場,50歳代,その他,施錠せず
窃盗,自転車盗,西宮,社前,282049,兵庫県,西宮市,今津　真砂町,20240708,20,４階建て以上共同住宅,その他,40歳代,その他,施錠せず
窃盗,自転車盗,西宮,社前,282049,兵庫県,西宮市,今津　真砂町,20240830,22,４階建て以上共同住宅,駐車（輪）場,20歳代,その他,施錠した
窃盗,自転車盗,西宮,社前,282049,兵庫県,西宮市,今津　真砂町,20240904,23,４階建て以上共同住宅,駐車（輪）場,20歳代,その他,施錠せず
窃盗,自転車盗,西宮,社前,282049,兵庫県,西宮市,今津　真砂町,20240909,3,４階建て以上共同住宅,その他,20歳代,その他,施錠せず
窃盗,自転車盗,西宮,社前,282049,兵庫県,西宮市,今津　真砂町,20240425,20,４階建て以上共同住宅,駐車（輪）場,50歳代,その他,施錠せず
窃盗,自転車盗,西宮,社前,282049,兵庫県,西宮市,今津　真砂町,20241102,19,４階建て以上共同住宅,駐車（輪）場,10歳代,高校生,施錠した
窃盗,自転車盗,西宮,社前,282049,兵庫県,西宮市,今津　真砂町,20241015,20,４階建て以上共同住宅,駐車（輪）場,10歳代,小学生,施錠した
窃盗,自転車盗,西宮,社前,282049,兵庫県,西宮市,今津　水波町,20240122,15,道路上,その他,40歳代,その他,施錠せず
窃盗,自転車盗,西宮,社前,282049,兵庫県,西宮市,今津　水波町,20240206,13,道路上,その他,30歳代,その他,施錠せず
窃盗,自転車盗,西宮,社前,282049,兵庫県,西宮市,今津　水波町,20240919,23,一戸建住宅,その他,10歳代,高校生,施錠せず
窃盗,自転車盗,西宮,社前,282049,兵庫県,西宮市,今津　港町,20240209,8,その他,駐車（輪）場,50歳代,その他,施錠した
窃盗,自転車盗,西宮,社前,282049,兵庫県,西宮市,今津　港町,20240321,10,その他,駐車（輪）場,70歳以上,その他,施錠した
窃盗,自転車盗,西宮,社前,282049,兵庫県,西宮市,今津　港町,20240908,9,その他,駐車（輪）場,10歳代,その他,施錠せず
窃盗,自転車盗,西宮,社前,282049,兵庫県,西宮市,津門住江町,20240320,21,その他の住宅（３階建て以下共同住宅等）,駐車（輪）場,20歳代,その他,施錠せず
窃盗,自転車盗,西宮,社前,282049,兵庫県,西宮市,津門住江町,20241123,12,その他の住宅（３階建て以下共同住宅等）,駐車（輪）場,20歳代,その他,施錠せず
窃盗,自転車盗,西宮,社前,282049,兵庫県,西宮市,浜松原町,20240823,17,その他,駐車（輪）場,70歳以上,その他,施錠した
窃盗,自転車盗,西宮,社前,282049,兵庫県,西宮市,東町１丁目,20240106,22,４階建て以上共同住宅,駐車（輪）場,20歳代,大学生,施錠せず
窃盗,自転車盗,西宮,社前,282049,兵庫県,西宮市,東町１丁目,20240427,13,道路上,その他,60-64歳,その他,施錠せず
窃盗,自転車盗,西宮,社前,282049,兵庫県,西宮市,東町１丁目,20241026,19,一戸建住宅,駐車（輪）場,10歳代,中学生,施錠せず
窃盗,自転車盗,西宮,社前,282049,兵庫県,西宮市,東町１丁目,20241101,22,一戸建住宅,駐車（輪）場,60-64歳,その他,施錠せず
窃盗,自転車盗,西宮,西宮中央,282049,兵庫県,西宮市,長田町１丁目,20241115,15,その他,駐車（輪）場,20歳代,大学生,施錠せず
窃盗,自転車盗,西宮,西宮中央,282049,兵庫県,西宮市,北口町,20240111,16,その他,駐車（輪）場,40歳代,その他,施錠せず
窃盗,自転車盗,西宮,西宮中央,282049,兵庫県,西宮市,北口町,20240124,14,その他,駐車（輪）場,70歳以上,その他,施錠せず
窃盗,自転車盗,西宮,西宮中央,282049,兵庫県,西宮市,北口町,20240209,9,その他,駐車（輪）場,60-64歳,その他,施錠した
窃盗,自転車盗,西宮,西宮中央,282049,兵庫県,西宮市,北口町,20240220,7,その他,駐車（輪）場,60-64歳,その他,施錠せず
窃盗,自転車盗,西宮,西宮中央,282049,兵庫県,西宮市,北口町,20240216,8,その他,その他,20歳代,大学生,施錠した
窃盗,自転車盗,西宮,西宮中央,282049,兵庫県,西宮市,北口町,20240327,14,道路上,その他,70歳以上,その他,施錠した
窃盗,自転車盗,西宮,西宮中央,282049,兵庫県,西宮市,北口町,20240513,23,道路上,その他,20歳代,その他,施錠せず
窃盗,自転車盗,西宮,西宮中央,282049,兵庫県,西宮市,北口町,20240523,18,その他,駐車（輪）場,30歳代,その他,施錠せず
窃盗,自転車盗,西宮,西宮中央,282049,兵庫県,西宮市,北口町,20240531,12,道路上,その他,70歳以上,その他,施錠した
窃盗,自転車盗,西宮,西宮中央,282049,兵庫県,西宮市,北口町,20240625,22,その他,駐車（輪）場,30歳代,その他,施錠した
窃盗,自転車盗,西宮,西宮中央,282049,兵庫県,西宮市,北口町,20240701,17,その他,駐車（輪）場,10歳代,高校生,施錠した
窃盗,自転車盗,西宮,西宮中央,282049,兵庫県,西宮市,北口町,20240807,7,その他,その他,10歳代,高校生,施錠せず
窃盗,自転車盗,西宮,西宮中央,282049,兵庫県,西宮市,北口町,20240823,7,その他,駐車（輪）場,20歳代,その他,施錠せず
窃盗,自転車盗,西宮,西宮中央,282049,兵庫県,西宮市,北口町,20240901,13,その他,駐車（輪）場,40歳代,その他,施錠した
窃盗,自転車盗,西宮,西宮中央,282049,兵庫県,西宮市,北口町,20240918,18,その他,駐車（輪）場,20歳代,その他,施錠した
窃盗,自転車盗,西宮,西宮中央,282049,兵庫県,西宮市,北口町,20240927,7,その他,駐車（輪）場,40歳代,その他,施錠した
窃盗,自転車盗,西宮,西宮中央,282049,兵庫県,西宮市,北口町,20241003,21,その他,駐車（輪）場,20歳代,大学生,施錠せず
窃盗,自転車盗,西宮,西宮中央,282049,兵庫県,西宮市,北口町,20241005,23,その他,駐車（輪）場,30歳代,その他,施錠した
窃盗,自転車盗,西宮,西宮中央,282049,兵庫県,西宮市,北口町,20241007,11,その他,駐車（輪）場,20歳代,大学生,施錠せず
窃盗,自転車盗,西宮,西宮中央,282049,兵庫県,西宮市,北口町,20241030,17,その他,駐車（輪）場,30歳代,その他,施錠した
窃盗,自転車盗,西宮,西宮中央,282049,兵庫県,西宮市,北口町,20241030,12,その他,駐車（輪）場,60-64歳,その他,施錠した
窃盗,自転車盗,西宮,西宮中央,282049,兵庫県,西宮市,北口町,20241114,11,４階建て以上共同住宅,駐車（輪）場,30歳代,その他,施錠せず
窃盗,自転車盗,西宮,西宮中央,282049,兵庫県,西宮市,北口町,20241116,15,その他,駐車（輪）場,20歳代,大学生,施錠した
窃盗,自転車盗,西宮,西宮中央,282049,兵庫県,西宮市,北口町,20241127,8,その他,駐車（輪）場,65-69歳,その他,施錠せず
窃盗,自転車盗,西宮,西宮中央,282049,兵庫県,西宮市,北口町,20241223,7,その他,駐車（輪）場,10歳代,大学生,施錠した
窃盗,自転車盗,西宮,西宮中央,282049,兵庫県,西宮市,甲風園１丁目,20240714,7,その他,駐車（輪）場,30歳代,その他,施錠した
窃盗,自転車盗,西宮,西宮中央,282049,兵庫県,西宮市,高木西町,20240209,7,その他の住宅（３階建て以下共同住宅等）,駐車（輪）場,20歳代,その他,施錠せず
窃盗,自転車盗,西宮,西宮中央,282049,兵庫県,西宮市,高木西町,20240716,18,その他の住宅（３階建て以下共同住宅等）,駐車（輪）場,20歳代,その他,施錠せず
窃盗,自転車盗,西宮,西宮中央,282049,兵庫県,西宮市,高木西町,20240829,17,４階建て以上共同住宅,駐車（輪）場,10歳代,高校生,施錠した
窃盗,自転車盗,西宮,西宮中央,282049,兵庫県,西宮市,高木西町,20241001,22,その他の住宅（３階建て以下共同住宅等）,駐車（輪）場,10歳代,中学生,施錠せず
窃盗,自転車盗,西宮,西宮中央,282049,兵庫県,西宮市,高木東町,20240104,18,４階建て以上共同住宅,その他,40歳代,その他,施錠した
窃盗,自転車盗,西宮,西宮中央,282049,兵庫県,西宮市,高木東町,20240830,5,その他の住宅（３階建て以下共同住宅等）,駐車（輪）場,20歳代,大学生,施錠した
窃盗,自転車盗,西宮,西宮中央,282049,兵庫県,西宮市,高木東町,20240915,15,４階建て以上共同住宅,駐車（輪）場,30歳代,その他,施錠した
窃盗,自転車盗,西宮,西宮中央,282049,兵庫県,西宮市,高木東町,20241026,18,その他の住宅（３階建て以下共同住宅等）,駐車（輪）場,40歳代,その他,施錠せず
窃盗,自転車盗,西宮,西宮中央,282049,兵庫県,西宮市,高畑町,20241201,15,道路上,その他,40歳代,その他,施錠せず
窃盗,自転車盗,西宮,西宮中央,282049,兵庫県,西宮市,高畑町,20241223,16,４階建て以上共同住宅,駐車（輪）場,30歳代,その他,施錠した
窃盗,自転車盗,西宮,西宮中央,282049,兵庫県,西宮市,高松町,20240117,16,道路上,その他,20歳代,大学生,施錠せず
窃盗,自転車盗,西宮,西宮中央,282049,兵庫県,西宮市,高松町,20240126,20,道路上,その他,50歳代,その他,施錠した
窃盗,自転車盗,西宮,西宮中央,282049,兵庫県,西宮市,高松町,20240126,18,その他,駐車（輪）場,20歳代,大学生,施錠せず
窃盗,自転車盗,西宮,西宮中央,282049,兵庫県,西宮市,高松町,20240128,21,道路上,その他,20歳代,大学生,施錠した
窃盗,自転車盗,西宮,西宮中央,282049,兵庫県,西宮市,高松町,20240202,18,その他,駐車（輪）場,20歳代,大学生,施錠した
窃盗,自転車盗,西宮,西宮中央,282049,兵庫県,西宮市,高松町,20240208,13,その他,駐車（輪）場,50歳代,その他,施錠せず
窃盗,自転車盗,西宮,西宮中央,282049,兵庫県,西宮市,高松町,20240201,19,その他,駐車（輪）場,10歳代,大学生,施錠せず
窃盗,自転車盗,西宮,西宮中央,282049,兵庫県,西宮市,高松町,20240209,9,その他,駐車（輪）場,30歳代,その他,施錠せず
窃盗,自転車盗,西宮,西宮中央,282049,兵庫県,西宮市,高松町,20240217,18,道路上,その他,40歳代,その他,施錠した
窃盗,自転車盗,西宮,西宮中央,282049,兵庫県,西宮市,高松町,20240331,15,その他,駐車（輪）場,70歳以上,その他,施錠した
窃盗,自転車盗,西宮,西宮中央,282049,兵庫県,西宮市,高松町,20240410,17,その他,駐車（輪）場,10歳代,高校生,施錠せず
窃盗,自転車盗,西宮,西宮中央,282049,兵庫県,西宮市,高松町,20230906,7,その他,その他,10歳代,高校生,施錠した
窃盗,自転車盗,西宮,西宮中央,282049,兵庫県,西宮市,高松町,20240422,10,その他,駐車（輪）場,40歳代,その他,施錠した
窃盗,自転車盗,西宮,西宮中央,282049,兵庫県,西宮市,高松町,20240511,19,道路上,その他,50歳代,その他,施錠した
窃盗,自転車盗,西宮,西宮中央,282049,兵庫県,西宮市,高松町,20240527,17,道路上,その他,40歳代,その他,施錠せず
窃盗,自転車盗,西宮,西宮中央,282049,兵庫県,西宮市,高松町,20240606,0,道路上,その他,20歳代,大学生,施錠せず
窃盗,自転車盗,西宮,西宮中央,282049,兵庫県,西宮市,高松町,20240527,19,道路上,その他,40歳代,その他,施錠した
窃盗,自転車盗,西宮,西宮中央,282049,兵庫県,西宮市,高松町,20240616,17,道路上,その他,40歳代,その他,施錠した
窃盗,自転車盗,西宮,西宮中央,282049,兵庫県,西宮市,高松町,20240624,14,その他,駐車（輪）場,20歳代,大学生,施錠せず
窃盗,自転車盗,西宮,西宮中央,282049,兵庫県,西宮市,高松町,20240626,11,道路上,その他,20歳代,その他,施錠した
窃盗,自転車盗,西宮,西宮中央,282049,兵庫県,西宮市,高松町,20240701,14,道路上,その他,10歳代,大学生,施錠した
窃盗,自転車盗,西宮,西宮中央,282049,兵庫県,西宮市,高松町,20240918,8,その他,駐車（輪）場,40歳代,その他,施錠せず
窃盗,自転車盗,西宮,西宮中央,282049,兵庫県,西宮市,高松町,20240918,9,駐車（輪）場,駐車（輪）場,30歳代,その他,施錠せず
窃盗,自転車盗,西宮,西宮中央,282049,兵庫県,西宮市,高松町,20241002,21,道路上,その他,10歳代,大学生,施錠した
窃盗,自転車盗,西宮,西宮中央,282049,兵庫県,西宮市,高松町,20241010,9,その他,駐車（輪）場,30歳代,その他,施錠した
窃盗,自転車盗,西宮,西宮中央,282049,兵庫県,西宮市,高松町,20240923,19,道路上,その他,10歳代,高校生,施錠した
窃盗,自転車盗,西宮,西宮中央,282049,兵庫県,西宮市,高松町,20241020,13,その他,駐車（輪）場,10歳代,小学生,施錠せず
窃盗,自転車盗,西宮,西宮中央,282049,兵庫県,西宮市,高松町,20241126,12,その他,駐車（輪）場,30歳代,その他,施錠せず
窃盗,自転車盗,西宮,西宮中央,282049,兵庫県,西宮市,高松町,20241121,20,その他,駐車（輪）場,10歳代,高校生,施錠した
窃盗,自転車盗,西宮,西宮中央,282049,兵庫県,西宮市,高松町,20241204,11,その他,駐車（輪）場,20歳代,大学生,施錠せず
窃盗,自転車盗,西宮,西宮中央,282049,兵庫県,西宮市,高松町,20241210,20,その他,その他,30歳代,その他,施錠せず
窃盗,自転車盗,西宮,西宮中央,282049,兵庫県,西宮市,高松町,20241226,16,その他,その他,40歳代,その他,施錠せず
窃盗,自転車盗,西宮,西宮中央,282049,兵庫県,西宮市,田代町,20230909,19,４階建て以上共同住宅,駐車（輪）場,10歳未満,小学生,施錠せず
窃盗,自転車盗,西宮,西宮中央,282049,兵庫県,西宮市,田代町,20240131,13,一戸建住宅,その他,10歳代,その他,施錠せず
窃盗,自転車盗,西宮,西宮中央,282049,兵庫県,西宮市,田代町,20240924,18,４階建て以上共同住宅,駐車（輪）場,20歳代,大学生,施錠した
窃盗,自転車盗,西宮,西宮中央,282049,兵庫県,西宮市,長田町,20240922,10,その他,駐車（輪）場,20歳代,その他,施錠せず
窃盗,自転車盗,西宮,西宮中央,282049,兵庫県,西宮市,長田町,20240926,11,その他,その他,10歳代,大学生,施錠した
窃盗,自転車盗,西宮,西宮中央,282049,兵庫県,西宮市,長田町,20241019,11,その他,駐車（輪）場,50歳代,その他,施錠せず
窃盗,自転車盗,西宮,西宮中央,282049,兵庫県,西宮市,長田町,20241108,17,その他,駐車（輪）場,10歳代,大学生,施錠せず
窃盗,自転車盗,西宮,西宮中央,282049,兵庫県,西宮市,深津町,20240815,18,その他の住宅（３階建て以下共同住宅等）,駐車（輪）場,20歳代,その他,施錠せず
窃盗,自転車盗,西宮,西宮中央,282049,兵庫県,西宮市,深津町,20220701,12,４階建て以上共同住宅,駐車（輪）場,30歳代,その他,施錠した
窃盗,自転車盗,西宮,西宮中央,282049,兵庫県,西宮市,深津町,20241012,0,４階建て以上共同住宅,駐車（輪）場,20歳代,大学生,施錠した
窃盗,自転車盗,西宮,西宮中央,282049,兵庫県,西宮市,深津町,20241108,21,４階建て以上共同住宅,駐車（輪）場,10歳代,大学生,施錠した
窃盗,自転車盗,西宮,西宮中央,282049,兵庫県,西宮市,両度町,20240112,22,４階建て以上共同住宅,駐車（輪）場,30歳代,その他,施錠した
窃盗,自転車盗,西宮,西宮中央,282049,兵庫県,西宮市,両度町,20240418,11,４階建て以上共同住宅,駐車（輪）場,70歳以上,その他,施錠した
窃盗,自転車盗,西宮,西宮中央,282049,兵庫県,西宮市,両度町,20240606,0,４階建て以上共同住宅,駐車（輪）場,10歳代,高校生,施錠せず
窃盗,自転車盗,西宮,西宮中央,282049,兵庫県,西宮市,両度町,20240621,17,道路上,その他,10歳代,大学生,施錠した
窃盗,自転車盗,西宮,西宮中央,282049,兵庫県,西宮市,両度町,20241212,9,４階建て以上共同住宅,駐車（輪）場,20歳代,その他,施錠した
窃盗,自転車盗,西宮,北口西,282049,兵庫県,西宮市,大畑町,20240211,9,その他の住宅（３階建て以下共同住宅等）,その他,20歳代,大学生,施錠せず
窃盗,自転車盗,西宮,北口西,282049,兵庫県,西宮市,大畑町,20241227,1,その他の住宅（３階建て以下共同住宅等）,駐車（輪）場,20歳代,大学生,施錠せず
窃盗,自転車盗,西宮,北口西,282049,兵庫県,西宮市,北昭和町,20241025,10,その他の住宅（３階建て以下共同住宅等）,駐車（輪）場,20歳代,大学生,施錠せず
窃盗,自転車盗,西宮,北口西,282049,兵庫県,西宮市,北昭和町,20241115,20,道路上,その他,10歳代,高校生,施錠した
窃盗,自転車盗,西宮,北口西,282049,兵庫県,西宮市,甲風園１丁目,20231230,2,その他,その他,10歳代,高校生,施錠せず
窃盗,自転車盗,西宮,北口西,282049,兵庫県,西宮市,甲風園１丁目,20240115,6,その他,駐車（輪）場,50歳代,その他,施錠した
窃盗,自転車盗,西宮,北口西,282049,兵庫県,西宮市,甲風園１丁目,20240121,22,道路上,その他,10歳代,その他,施錠せず
窃盗,自転車盗,西宮,北口西,282049,兵庫県,西宮市,甲風園１丁目,20240214,16,その他,駐車（輪）場,20歳代,大学生,施錠した
窃盗,自転車盗,西宮,北口西,282049,兵庫県,西宮市,甲風園１丁目,20240223,2,道路上,その他,20歳代,大学生,施錠せず
窃盗,自転車盗,西宮,北口西,282049,兵庫県,西宮市,甲風園１丁目,20240226,17,駐車（輪）場,駐車（輪）場,10歳代,高校生,施錠せず
窃盗,自転車盗,西宮,北口西,282049,兵庫県,西宮市,甲風園１丁目,20240227,19,道路上,その他,10歳代,大学生,施錠せず
窃盗,自転車盗,西宮,北口西,282049,兵庫県,西宮市,甲風園１丁目,20240320,23,道路上,その他,20歳代,大学生,施錠せず
窃盗,自転車盗,西宮,北口西,282049,兵庫県,西宮市,甲風園１丁目,20240416,18,道路上,その他,10歳代,高校生,施錠せず
窃盗,自転車盗,西宮,北口西,282049,兵庫県,西宮市,甲風園１丁目,20240427,18,駐車（輪）場,駐車（輪）場,10歳代,高校生,施錠した
窃盗,自転車盗,西宮,北口西,282049,兵庫県,西宮市,甲風園１丁目,20240514,19,道路上,その他,20歳代,その他,施錠せず
窃盗,自転車盗,西宮,北口西,282049,兵庫県,西宮市,甲風園１丁目,20240420,20,その他,駐車（輪）場,20歳代,大学生,施錠した
窃盗,自転車盗,西宮,北口西,282049,兵庫県,西宮市,甲風園１丁目,20240526,21,４階建て以上共同住宅,駐車（輪）場,40歳代,その他,施錠した
窃盗,自転車盗,西宮,北口西,282049,兵庫県,西宮市,甲風園１丁目,20240529,22,道路上,その他,10歳代,大学生,施錠せず
窃盗,自転車盗,西宮,北口西,282049,兵庫県,西宮市,甲風園１丁目,20240531,1,道路上,その他,20歳代,大学生,施錠せず
窃盗,自転車盗,西宮,北口西,282049,兵庫県,西宮市,甲風園１丁目,20240603,9,道路上,その他,20歳代,大学生,施錠せず
窃盗,自転車盗,西宮,北口西,282049,兵庫県,西宮市,甲風園１丁目,20240605,21,道路上,その他,10歳代,大学生,施錠せず
窃盗,自転車盗,西宮,北口西,282049,兵庫県,西宮市,甲風園１丁目,20240601,20,その他,駐車（輪）場,10歳代,高校生,施錠せず
窃盗,自転車盗,西宮,北口西,282049,兵庫県,西宮市,甲風園１丁目,20240602,1,駐車（輪）場,駐車（輪）場,20歳代,大学生,施錠した
窃盗,自転車盗,西宮,北口西,282049,兵庫県,西宮市,甲風園１丁目,20240702,22,その他,駐車（輪）場,20歳代,大学生,施錠せず
窃盗,自転車盗,西宮,北口西,282049,兵庫県,西宮市,甲風園１丁目,20240701,0,道路上,その他,10歳代,大学生,施錠せず
窃盗,自転車盗,西宮,北口西,282049,兵庫県,西宮市,甲風園１丁目,20240706,23,道路上,その他,20歳代,大学生,施錠せず
窃盗,自転車盗,西宮,北口西,282049,兵庫県,西宮市,甲風園１丁目,20240711,9,その他,駐車（輪）場,20歳代,その他,施錠せず
窃盗,自転車盗,西宮,北口西,282049,兵庫県,西宮市,甲風園１丁目,20240719,9,道路上,その他,20歳代,大学生,施錠した
窃盗,自転車盗,西宮,北口西,282049,兵庫県,西宮市,甲風園１丁目,20240718,7,その他,駐車（輪）場,20歳代,その他,施錠せず
窃盗,自転車盗,西宮,北口西,282049,兵庫県,西宮市,甲風園１丁目,20240725,10,道路上,その他,10歳代,高校生,施錠した
窃盗,自転車盗,西宮,北口西,282049,兵庫県,西宮市,甲風園１丁目,20240731,9,道路上,その他,20歳代,大学生,施錠せず
窃盗,自転車盗,西宮,北口西,282049,兵庫県,西宮市,甲風園１丁目,20240802,13,その他,駐車（輪）場,10歳代,小学生,施錠せず
窃盗,自転車盗,西宮,北口西,282049,兵庫県,西宮市,甲風園１丁目,20240704,0,道路上,その他,20歳代,大学生,施錠せず
窃盗,自転車盗,西宮,北口西,282049,兵庫県,西宮市,甲風園１丁目,20240801,7,道路上,その他,20歳代,大学生,施錠した
窃盗,自転車盗,西宮,北口西,282049,兵庫県,西宮市,甲風園１丁目,20240820,6,その他,駐車（輪）場,50歳代,その他,施錠した
窃盗,自転車盗,西宮,北口西,282049,兵庫県,西宮市,甲風園１丁目,20240903,23,その他,駐車（輪）場,40歳代,その他,施錠せず
窃盗,自転車盗,西宮,北口西,282049,兵庫県,西宮市,甲風園１丁目,20240825,19,道路上,その他,10歳代,大学生,施錠せず
窃盗,自転車盗,西宮,北口西,282049,兵庫県,西宮市,甲風園１丁目,20240915,20,道路上,その他,10歳代,大学生,施錠せず
窃盗,自転車盗,西宮,北口西,282049,兵庫県,西宮市,甲風園１丁目,20240909,15,その他,駐車（輪）場,50歳代,その他,施錠した
窃盗,自転車盗,西宮,北口西,282049,兵庫県,西宮市,甲風園１丁目,20240924,2,道路上,その他,10歳代,大学生,施錠せず
窃盗,自転車盗,西宮,北口西,282049,兵庫県,西宮市,甲風園１丁目,20241001,19,道路上,その他,20歳代,大学生,施錠した
窃盗,自転車盗,西宮,北口西,282049,兵庫県,西宮市,甲風園１丁目,20240929,23,道路上,その他,20歳代,大学生,施錠せず
窃盗,自転車盗,西宮,北口西,282049,兵庫県,西宮市,甲風園１丁目,20241013,16,その他,駐車（輪）場,10歳代,大学生,施錠した
窃盗,自転車盗,西宮,北口西,282049,兵庫県,西宮市,甲風園１丁目,20241020,9,道路上,その他,20歳代,大学生,施錠した
窃盗,自転車盗,西宮,北口西,282049,兵庫県,西宮市,甲風園１丁目,20241025,8,その他,駐車（輪）場,20歳代,その他,施錠せず
窃盗,自転車盗,西宮,北口西,282049,兵庫県,西宮市,甲風園１丁目,20241029,23,その他,その他,10歳代,大学生,施錠せず
窃盗,自転車盗,西宮,北口西,282049,兵庫県,西宮市,甲風園１丁目,20241030,21,道路上,その他,20歳代,その他,施錠した
窃盗,自転車盗,西宮,北口西,282049,兵庫県,西宮市,甲風園１丁目,20241101,11,その他,駐車（輪）場,30歳代,その他,施錠せず
窃盗,自転車盗,西宮,北口西,282049,兵庫県,西宮市,甲風園１丁目,20241114,18,道路上,その他,20歳代,大学生,施錠せず
窃盗,自転車盗,西宮,北口西,282049,兵庫県,西宮市,甲風園１丁目,20241120,7,その他,駐車（輪）場,20歳代,その他,施錠した
窃盗,自転車盗,西宮,北口西,282049,兵庫県,西宮市,甲風園１丁目,20241129,23,その他,駐車（輪）場,20歳代,大学生,施錠した
窃盗,自転車盗,西宮,北口西,282049,兵庫県,西宮市,甲風園１丁目,20241208,19,道路上,その他,10歳代,大学生,施錠せず
窃盗,自転車盗,西宮,北口西,282049,兵庫県,西宮市,甲風園１丁目,20241214,0,道路上,その他,20歳代,大学生,施錠せず
窃盗,自転車盗,西宮,北口西,282049,兵庫県,西宮市,甲風園１丁目,20241222,2,道路上,その他,50歳代,その他,施錠せず
窃盗,自転車盗,西宮,北口西,282049,兵庫県,西宮市,甲風園２丁目,20241206,21,その他の住宅（３階建て以下共同住宅等）,その他,10歳代,高校生,施錠せず
窃盗,自転車盗,西宮,北口西,282049,兵庫県,西宮市,甲風園３丁目,20241001,19,その他の住宅（３階建て以下共同住宅等）,その他,20歳代,その他,施錠した
窃盗,自転車盗,西宮,北口西,282049,兵庫県,西宮市,甲風園３丁目,20241109,23,一戸建住宅,駐車（輪）場,10歳代,小学生,施錠せず
窃盗,自転車盗,西宮,北口西,282049,兵庫県,西宮市,能登町,20241011,19,その他,駐車（輪）場,20歳代,その他,施錠した
窃盗,自転車盗,西宮,北口西,282049,兵庫県,西宮市,丸橋町,20240622,19,４階建て以上共同住宅,駐車（輪）場,10歳代,大学生,施錠した
窃盗,自転車盗,西宮,北口西,282049,兵庫県,西宮市,南昭和町,20240119,12,駐車（輪）場,駐車（輪）場,20歳代,大学生,施錠せず
窃盗,自転車盗,西宮,北口西,282049,兵庫県,西宮市,南昭和町,20240402,22,その他,駐車（輪）場,10歳代,大学生,施錠した
窃盗,自転車盗,西宮,北口西,282049,兵庫県,西宮市,南昭和町,20240406,8,その他,その他,20歳代,その他,施錠した
窃盗,自転車盗,西宮,北口西,282049,兵庫県,西宮市,南昭和町,20240619,15,その他,駐車（輪）場,20歳代,大学生,施錠せず
窃盗,自転車盗,西宮,北口西,282049,兵庫県,西宮市,南昭和町,20240825,23,道路上,その他,10歳代,大学生,施錠した
窃盗,自転車盗,西宮,北口西,282049,兵庫県,西宮市,南昭和町,20241104,0,その他,駐車（輪）場,20歳代,大学生,施錠せず
窃盗,自転車盗,西宮,北口西,282049,兵庫県,西宮市,南昭和町,20241206,6,４階建て以上共同住宅,駐車（輪）場,10歳代,高校生,施錠せず
窃盗,自転車盗,西宮,二見,282049,兵庫県,西宮市,大屋町,20231226,9,その他の住宅（３階建て以下共同住宅等）,駐車（輪）場,20歳代,その他,施錠せず
窃盗,自転車盗,西宮,二見,282049,兵庫県,西宮市,大屋町,20240504,16,４階建て以上共同住宅,駐車（輪）場,50歳代,その他,施錠せず
窃盗,自転車盗,西宮,二見,282049,兵庫県,西宮市,大屋町,20240816,9,その他の住宅（３階建て以下共同住宅等）,その他,50歳代,その他,施錠せず
窃盗,自転車盗,西宮,二見,282049,兵庫県,西宮市,瓦林町,20240624,22,その他の住宅（３階建て以下共同住宅等）,駐車（輪）場,20歳代,その他,施錠せず
窃盗,自転車盗,西宮,二見,282049,兵庫県,西宮市,瓦林町,20240824,17,その他の住宅（３階建て以下共同住宅等）,駐車（輪）場,60-64歳,その他,施錠せず
窃盗,自転車盗,西宮,二見,282049,兵庫県,西宮市,瓦林町,20240930,21,４階建て以上共同住宅,駐車（輪）場,30歳代,その他,施錠した
窃盗,自転車盗,西宮,二見,282049,兵庫県,西宮市,瓦林町,20241119,22,その他の住宅（３階建て以下共同住宅等）,駐車（輪）場,30歳代,その他,施錠した
窃盗,自転車盗,西宮,二見,282049,兵庫県,西宮市,熊野町,20240405,20,その他の住宅（３階建て以下共同住宅等）,駐車（輪）場,50歳代,その他,施錠した
窃盗,自転車盗,西宮,二見,282049,兵庫県,西宮市,熊野町,20240605,18,その他,駐車（輪）場,50歳代,その他,施錠せず
窃盗,自転車盗,西宮,二見,282049,兵庫県,西宮市,甲子園口北町,20240113,8,その他,駐車（輪）場,20歳代,その他,施錠した
窃盗,自転車盗,西宮,二見,282049,兵庫県,西宮市,甲子園口北町,20240128,17,その他,駐車（輪）場,40歳代,その他,施錠した
窃盗,自転車盗,西宮,二見,282049,兵庫県,西宮市,甲子園口北町,20240530,16,駐車（輪）場,駐車（輪）場,30歳代,その他,施錠した
窃盗,自転車盗,西宮,二見,282049,兵庫県,西宮市,甲子園口北町,20240623,17,４階建て以上共同住宅,駐車（輪）場,30歳代,その他,施錠した
窃盗,自転車盗,西宮,二見,282049,兵庫県,西宮市,甲子園口北町,20240705,9,道路上,その他,10歳代,大学生,施錠せず
窃盗,自転車盗,西宮,二見,282049,兵庫県,西宮市,甲子園口北町,20240706,11,その他,その他,20歳代,その他,施錠した
窃盗,自転車盗,西宮,二見,282049,兵庫県,西宮市,甲子園口北町,20240913,14,その他,駐車（輪）場,65-69歳,その他,施錠した
窃盗,自転車盗,西宮,二見,282049,兵庫県,西宮市,甲子園口北町,20240919,7,駐車（輪）場,駐車（輪）場,50歳代,その他,施錠せず
窃盗,自転車盗,西宮,二見,282049,兵庫県,西宮市,中島町,20240329,17,４階建て以上共同住宅,その他,70歳以上,その他,施錠した
窃盗,自転車盗,西宮,二見,282049,兵庫県,西宮市,中島町,20240629,21,その他の住宅（３階建て以下共同住宅等）,駐車（輪）場,20歳代,その他,施錠せず
窃盗,自転車盗,西宮,二見,282049,兵庫県,西宮市,中島町,20241206,17,一戸建住宅,その他,50歳代,その他,施錠せず
窃盗,自転車盗,西宮,二見,282049,兵庫県,西宮市,二見町,20240103,16,４階建て以上共同住宅,駐車（輪）場,10歳代,高校生,施錠せず
窃盗,自転車盗,西宮,二見,282049,兵庫県,西宮市,二見町,20240119,9,その他,駐車（輪）場,50歳代,その他,施錠せず
窃盗,自転車盗,西宮,二見,282049,兵庫県,西宮市,二見町,20240705,13,その他,駐車（輪）場,20歳代,その他,施錠せず
窃盗,自転車盗,西宮,二見,282049,兵庫県,西宮市,二見町,20240907,14,その他,駐車（輪）場,70歳以上,その他,施錠せず
窃盗,自転車盗,西宮,二見,282049,兵庫県,西宮市,二見町,20240929,16,その他,駐車（輪）場,20歳代,大学生,施錠せず
窃盗,自転車盗,西宮,二見,282049,兵庫県,西宮市,二見町,20241209,12,一戸建住宅,その他,60-64歳,その他,施錠せず
窃盗,自転車盗,西宮,二見,282049,兵庫県,西宮市,松山町,20240419,20,４階建て以上共同住宅,駐車（輪）場,10歳代,高校生,施錠せず
窃盗,自転車盗,西宮,二見,282049,兵庫県,西宮市,松山町,20240506,20,４階建て以上共同住宅,駐車（輪）場,20歳代,その他,施錠せず
窃盗,自転車盗,西宮,二見,282049,兵庫県,西宮市,松山町,20240629,9,その他の住宅（３階建て以下共同住宅等）,駐車（輪）場,20歳代,その他,施錠せず
窃盗,自転車盗,西宮,二見,282049,兵庫県,西宮市,松山町,20240714,12,その他,その他,30歳代,その他,施錠せず
窃盗,自転車盗,西宮,二見,282049,兵庫県,西宮市,松山町,20240801,23,４階建て以上共同住宅,駐車（輪）場,20歳代,その他,施錠せず
窃盗,自転車盗,西宮,二見,282049,兵庫県,西宮市,松山町,20240903,16,一戸建住宅,駐車（輪）場,20歳代,大学生,施錠した
窃盗,自転車盗,西宮,上之町,282049,兵庫県,西宮市,上野町,20241026,19,その他の住宅（３階建て以下共同住宅等）,駐車（輪）場,20歳代,その他,施錠せず
窃盗,自転車盗,西宮,上之町,282049,兵庫県,西宮市,荒木町,20241117,21,道路上,その他,70歳以上,その他,施錠せず
窃盗,自転車盗,西宮,上之町,282049,兵庫県,西宮市,大森町,20240813,18,その他の住宅（３階建て以下共同住宅等）,駐車（輪）場,20歳代,その他,施錠せず
窃盗,自転車盗,西宮,上之町,282049,兵庫県,西宮市,大森町,20240914,20,その他の住宅（３階建て以下共同住宅等）,駐車（輪）場,10歳代,大学生,施錠せず
窃盗,自転車盗,西宮,上之町,282049,兵庫県,西宮市,大森町,20241118,14,その他,その他,70歳以上,その他,施錠せず
窃盗,自転車盗,西宮,上之町,282049,兵庫県,西宮市,上之町,20240306,8,一戸建住宅,駐車（輪）場,20歳代,その他,施錠せず
窃盗,自転車盗,西宮,上之町,282049,兵庫県,西宮市,上之町,20240712,22,道路上,その他,40歳代,その他,施錠せず
窃盗,自転車盗,西宮,上之町,282049,兵庫県,西宮市,上之町,20240906,23,一戸建住宅,その他,10歳代,高校生,施錠せず
窃盗,自転車盗,西宮,上之町,282049,兵庫県,西宮市,堤町,20240907,8,その他の住宅（３階建て以下共同住宅等）,駐車（輪）場,10歳代,小学生,施錠せず
窃盗,自転車盗,西宮,上之町,282049,兵庫県,西宮市,日野町,20240306,9,一戸建住宅,駐車（輪）場,10歳代,中学生,施錠せず
窃盗,自転車盗,西宮,上之町,282049,兵庫県,西宮市,日野町,20240713,20,一戸建住宅,駐車（輪）場,40歳代,その他,施錠した
窃盗,自転車盗,西宮,上之町,282049,兵庫県,西宮市,日野町,20240821,22,道路上,その他,20歳代,大学生,施錠せず
窃盗,自転車盗,西宮,上之町,282049,兵庫県,西宮市,門前町,20240402,21,一戸建住宅,その他,30歳代,その他,施錠せず
窃盗,自転車盗,西宮,上之町,282049,兵庫県,西宮市,門前町,20240604,22,４階建て以上共同住宅,駐車（輪）場,20歳代,大学生,施錠した
窃盗,自転車盗,西宮,上之町,282049,兵庫県,西宮市,門前町,20241216,13,その他の住宅（３階建て以下共同住宅等）,駐車（輪）場,20歳代,大学生,施錠した
窃盗,自転車盗,西宮,上之町,282049,兵庫県,西宮市,薬師町,20240801,16,その他,駐車（輪）場,20歳代,大学生,施錠した
窃盗,自転車盗,西宮,門戸,282049,兵庫県,西宮市,下大市西町,20240530,22,その他の住宅（３階建て以下共同住宅等）,駐車（輪）場,30歳代,その他,施錠せず
窃盗,自転車盗,西宮,門戸,282049,兵庫県,西宮市,下大市東町,20240131,19,その他の住宅（３階建て以下共同住宅等）,駐車（輪）場,10歳代,中学生,施錠せず
窃盗,自転車盗,西宮,門戸,282049,兵庫県,西宮市,下大市東町,20240414,22,道路上,その他,40歳代,その他,施錠せず
窃盗,自転車盗,西宮,門戸,282049,兵庫県,西宮市,下大市東町,20241001,18,一戸建住宅,駐車（輪）場,30歳代,その他,施錠した
窃盗,自転車盗,西宮,門戸,282049,兵庫県,西宮市,下大市東町,20241123,2,４階建て以上共同住宅,駐車（輪）場,10歳代,大学生,施錠せず
窃盗,自転車盗,西宮,門戸,282049,兵庫県,西宮市,野間町,20240117,19,４階建て以上共同住宅,駐車（輪）場,20歳代,大学生,施錠した
窃盗,自転車盗,西宮,門戸,282049,兵庫県,西宮市,野間町,20240619,19,４階建て以上共同住宅,駐車（輪）場,20歳代,大学生,施錠せず
窃盗,自転車盗,西宮,門戸,282049,兵庫県,西宮市,野間町,20240617,16,４階建て以上共同住宅,駐車（輪）場,20歳代,大学生,施錠せず
窃盗,自転車盗,西宮,門戸,282049,兵庫県,西宮市,野間町,20241026,0,道路上,その他,20歳代,大学生,施錠せず
窃盗,自転車盗,西宮,門戸,282049,兵庫県,西宮市,林田町,20240209,20,その他,駐車（輪）場,20歳代,大学生,施錠せず
窃盗,自転車盗,西宮,門戸,282049,兵庫県,西宮市,林田町,20240511,16,その他,駐車（輪）場,10歳代,中学生,施錠せず
窃盗,自転車盗,西宮,門戸,282049,兵庫県,西宮市,林田町,20240928,20,その他の住宅（３階建て以下共同住宅等）,駐車（輪）場,10歳代,大学生,施錠せず
窃盗,自転車盗,西宮,門戸,282049,兵庫県,西宮市,伏原町,20240113,17,一戸建住宅,駐車（輪）場,10歳代,高校生,施錠した
窃盗,自転車盗,西宮,門戸,282049,兵庫県,西宮市,伏原町,20240810,21,道路上,その他,50歳代,その他,施錠せず
窃盗,自転車盗,西宮,門戸,282049,兵庫県,西宮市,伏原町,20241218,21,一戸建住宅,駐車（輪）場,10歳代,高校生,施錠した
窃盗,自転車盗,西宮,門戸,282049,兵庫県,西宮市,丸橋町,20240316,15,その他の住宅（３階建て以下共同住宅等）,駐車（輪）場,20歳代,大学生,施錠した
窃盗,自転車盗,西宮,門戸,282049,兵庫県,西宮市,丸橋町,20240730,22,その他の住宅（３階建て以下共同住宅等）,駐車（輪）場,20歳代,大学生,施錠した
窃盗,自転車盗,西宮,門戸,282049,兵庫県,西宮市,門戸岡田町,20240116,17,その他の住宅（３階建て以下共同住宅等）,駐車（輪）場,20歳代,大学生,施錠した
窃盗,自転車盗,西宮,門戸,282049,兵庫県,西宮市,門戸岡田町,20240316,19,その他の住宅（３階建て以下共同住宅等）,駐車（輪）場,20歳代,大学生,施錠した
窃盗,自転車盗,西宮,門戸,282049,兵庫県,西宮市,門戸岡田町,20241105,17,その他の住宅（３階建て以下共同住宅等）,駐車（輪）場,70歳以上,その他,施錠せず
窃盗,自転車盗,西宮,門戸,282049,兵庫県,西宮市,門戸荘,20240323,0,道路上,その他,30歳代,その他,施錠せず
窃盗,自転車盗,西宮,門戸,282049,兵庫県,西宮市,門戸荘,20240319,20,道路上,その他,20歳代,大学生,施錠せず
窃盗,自転車盗,西宮,門戸,282049,兵庫県,西宮市,門戸荘,20240507,9,４階建て以上共同住宅,その他,70歳以上,その他,施錠した
窃盗,自転車盗,西宮,門戸,282049,兵庫県,西宮市,門戸荘,20240507,6,道路上,その他,20歳代,大学生,施錠した
窃盗,自転車盗,西宮,門戸,282049,兵庫県,西宮市,門戸荘,20240802,9,道路上,その他,10歳代,高校生,施錠せず
窃盗,自転車盗,西宮,門戸,282049,兵庫県,西宮市,門戸荘,20240810,18,その他の住宅（３階建て以下共同住宅等）,駐車（輪）場,20歳代,その他,施錠せず
窃盗,自転車盗,西宮,甲武橋,282049,兵庫県,西宮市,一里山町,20240915,21,４階建て以上共同住宅,駐車（輪）場,60-64歳,その他,施錠せず
窃盗,自転車盗,西宮,甲武橋,282049,兵庫県,西宮市,一里山町,20240923,15,４階建て以上共同住宅,駐車（輪）場,30歳代,その他,施錠せず
窃盗,自転車盗,西宮,甲武橋,282049,兵庫県,西宮市,大島町,20241022,16,その他の住宅（３階建て以下共同住宅等）,駐車（輪）場,10歳代,大学生,施錠せず
窃盗,自転車盗,西宮,甲武橋,282049,兵庫県,西宮市,上大市４丁目,20240524,20,一戸建住宅,駐車（輪）場,20歳代,大学生,施錠せず
窃盗,自転車盗,西宮,甲武橋,282049,兵庫県,西宮市,上大市５丁目,20240129,19,一戸建住宅,駐車（輪）場,40歳代,その他,施錠せず
窃盗,自転車盗,西宮,甲武橋,282049,兵庫県,西宮市,上大市５丁目,20241214,17,一戸建住宅,駐車（輪）場,10歳代,高校生,施錠せず
窃盗,自転車盗,西宮,甲武橋,282049,兵庫県,西宮市,樋ノ口町１丁目,20240817,17,その他の住宅（３階建て以下共同住宅等）,駐車（輪）場,20歳代,その他,施錠した
窃盗,自転車盗,西宮,甲武橋,282049,兵庫県,西宮市,樋ノ口町２丁目,20240124,21,４階建て以上共同住宅,駐車（輪）場,30歳代,その他,施錠せず
窃盗,自転車盗,西宮,甲武橋,282049,兵庫県,西宮市,樋ノ口町２丁目,20240226,9,４階建て以上共同住宅,駐車（輪）場,50歳代,その他,施錠せず
窃盗,自転車盗,西宮,甲武橋,282049,兵庫県,西宮市,樋ノ口町２丁目,20240707,22,一戸建住宅,その他,10歳代,大学生,施錠せず
窃盗,自転車盗,西宮,甲武橋,282049,兵庫県,西宮市,樋ノ口町２丁目,20241004,18,４階建て以上共同住宅,駐車（輪）場,10歳代,高校生,施錠した
窃盗,自転車盗,西宮,甲武橋,282049,兵庫県,西宮市,若山町,20240925,5,その他の住宅（３階建て以下共同住宅等）,駐車（輪）場,20歳代,大学生,施錠した
窃盗,自転車盗,西宮,甲東園,282049,兵庫県,西宮市,上大市１丁目,20240413,19,４階建て以上共同住宅,その他,65-69歳,その他,施錠した
窃盗,自転車盗,西宮,甲東園,282049,兵庫県,西宮市,上大市１丁目,20240528,22,４階建て以上共同住宅,駐車（輪）場,10歳代,大学生,施錠せず
窃盗,自転車盗,西宮,甲東園,282049,兵庫県,西宮市,上大市１丁目,20240626,16,道路上,その他,20歳代,大学生,施錠した
窃盗,自転車盗,西宮,甲東園,282049,兵庫県,西宮市,上大市１丁目,20240812,14,４階建て以上共同住宅,その他,60-64歳,その他,施錠せず
窃盗,自転車盗,西宮,甲東園,282049,兵庫県,西宮市,上大市１丁目,20240810,14,その他の住宅（３階建て以下共同住宅等）,駐車（輪）場,20歳代,大学生,施錠した
窃盗,自転車盗,西宮,甲東園,282049,兵庫県,西宮市,上大市３丁目,20240424,12,その他の住宅（３階建て以下共同住宅等）,駐車（輪）場,20歳代,その他,施錠せず
窃盗,自転車盗,西宮,甲東園,282049,兵庫県,西宮市,神呪町,20240506,23,４階建て以上共同住宅,駐車（輪）場,10歳代,大学生,施錠した
窃盗,自転車盗,西宮,甲東園,282049,兵庫県,西宮市,甲東園１丁目,20240425,7,その他の住宅（３階建て以下共同住宅等）,その他,30歳代,その他,施錠せず
窃盗,自転車盗,西宮,甲東園,282049,兵庫県,西宮市,甲東園１丁目,20240612,10,その他の住宅（３階建て以下共同住宅等）,駐車（輪）場,20歳代,大学生,施錠せず
窃盗,自転車盗,西宮,甲東園,282049,兵庫県,西宮市,甲東園１丁目,20240618,10,その他の住宅（３階建て以下共同住宅等）,駐車（輪）場,10歳代,大学生,施錠した
窃盗,自転車盗,西宮,甲東園,282049,兵庫県,西宮市,甲東園１丁目,20240710,9,４階建て以上共同住宅,駐車（輪）場,20歳代,大学生,施錠せず
窃盗,自転車盗,西宮,甲東園,282049,兵庫県,西宮市,甲東園１丁目,20240726,17,４階建て以上共同住宅,駐車（輪）場,10歳代,中学生,施錠せず
窃盗,自転車盗,西宮,甲東園,282049,兵庫県,西宮市,甲東園１丁目,20241006,4,その他の住宅（３階建て以下共同住宅等）,駐車（輪）場,20歳代,その他,施錠した
窃盗,自転車盗,西宮,甲東園,282049,兵庫県,西宮市,甲東園１丁目,20241006,0,駐車（輪）場,駐車（輪）場,30歳代,その他,施錠した
窃盗,自転車盗,西宮,甲東園,282049,兵庫県,西宮市,甲東園１丁目,20241019,8,その他の住宅（３階建て以下共同住宅等）,駐車（輪）場,10歳代,高校生,施錠せず
窃盗,自転車盗,西宮,甲東園,282049,兵庫県,西宮市,甲東園３丁目,20240127,20,４階建て以上共同住宅,駐車（輪）場,10歳代,大学生,施錠した
窃盗,自転車盗,西宮,甲東園,282049,兵庫県,西宮市,甲東園３丁目,20240315,16,４階建て以上共同住宅,駐車（輪）場,10歳代,大学生,施錠せず
窃盗,自転車盗,西宮,甲東園,282049,兵庫県,西宮市,甲東園３丁目,20240630,0,４階建て以上共同住宅,駐車（輪）場,10歳代,大学生,施錠した
窃盗,自転車盗,西宮,甲東園,282049,兵庫県,西宮市,松籟荘,20240328,16,その他,駐車（輪）場,10歳代,その他,施錠した
窃盗,自転車盗,西宮,甲東園,282049,兵庫県,西宮市,松籟荘,20240504,11,その他,その他,10歳代,大学生,施錠した
窃盗,自転車盗,西宮,甲東園,282049,兵庫県,西宮市,松籟荘,20241127,8,その他の住宅（３階建て以下共同住宅等）,その他,40歳代,その他,施錠した
窃盗,自転車盗,西宮,甲東園,282049,兵庫県,西宮市,段上町１丁目,20240306,23,その他の住宅（３階建て以下共同住宅等）,駐車（輪）場,10歳代,大学生,施錠した
窃盗,自転車盗,西宮,甲東園,282049,兵庫県,西宮市,段上町１丁目,20240927,17,その他の住宅（３階建て以下共同住宅等）,駐車（輪）場,20歳代,大学生,施錠した
窃盗,自転車盗,西宮,甲東園,282049,兵庫県,西宮市,段上町２丁目,20240703,20,一戸建住宅,駐車（輪）場,50歳代,その他,施錠した
窃盗,自転車盗,西宮,甲東園,282049,兵庫県,西宮市,段上町３丁目,20240215,18,４階建て以上共同住宅,駐車（輪）場,30歳代,その他,施錠せず
窃盗,自転車盗,西宮,甲東園,282049,兵庫県,西宮市,段上町４丁目,20240121,10,その他,駐車（輪）場,10歳代,中学生,施錠した
窃盗,自転車盗,西宮,上ヶ原,282049,兵庫県,西宮市,上ケ原一番町,20240117,19,その他,駐車（輪）場,20歳代,大学生,施錠した
窃盗,自転車盗,西宮,上ヶ原,282049,兵庫県,西宮市,上ケ原一番町,20240419,8,その他,駐車（輪）場,10歳代,大学生,施錠した
窃盗,自転車盗,西宮,上ヶ原,282049,兵庫県,西宮市,上ケ原一番町,20240529,13,その他,駐車（輪）場,20歳代,大学生,施錠せず
窃盗,自転車盗,西宮,上ヶ原,282049,兵庫県,西宮市,上ケ原一番町,20240626,10,その他,駐車（輪）場,10歳代,大学生,施錠せず
窃盗,自転車盗,西宮,上ヶ原,282049,兵庫県,西宮市,上ケ原一番町,20240718,20,その他,駐車（輪）場,20歳代,大学生,施錠せず
窃盗,自転車盗,西宮,上ヶ原,282049,兵庫県,西宮市,上ケ原一番町,20240927,10,その他,駐車（輪）場,20歳代,大学生,施錠せず
窃盗,自転車盗,西宮,上ヶ原,282049,兵庫県,西宮市,上ケ原一番町,20240930,11,その他,駐車（輪）場,10歳代,大学生,施錠せず
窃盗,自転車盗,西宮,上ヶ原,282049,兵庫県,西宮市,上ケ原一番町,20241021,9,その他,駐車（輪）場,10歳代,大学生,施錠せず
窃盗,自転車盗,西宮,上ヶ原,282049,兵庫県,西宮市,上ケ原一番町,20241114,13,その他,駐車（輪）場,10歳代,大学生,施錠せず
窃盗,自転車盗,西宮,上ヶ原,282049,兵庫県,西宮市,上ケ原一番町,20241126,13,その他,駐車（輪）場,20歳代,大学生,施錠せず
窃盗,自転車盗,西宮,上ヶ原,282049,兵庫県,西宮市,上ケ原一番町,20241220,13,その他,駐車（輪）場,10歳代,大学生,施錠せず
窃盗,自転車盗,西宮,上ヶ原,282049,兵庫県,西宮市,上ケ原三番町,20240808,22,その他の住宅（３階建て以下共同住宅等）,駐車（輪）場,10歳代,大学生,施錠した
窃盗,自転車盗,西宮,上ヶ原,282049,兵庫県,西宮市,上ケ原三番町,20241112,9,その他の住宅（３階建て以下共同住宅等）,駐車（輪）場,20歳代,大学生,施錠せず
窃盗,自転車盗,西宮,上ヶ原,282049,兵庫県,西宮市,上ケ原七番町,20240616,22,その他の住宅（３階建て以下共同住宅等）,駐車（輪）場,10歳代,大学生,施錠せず
窃盗,自転車盗,西宮,上ヶ原,282049,兵庫県,西宮市,上ケ原二番町,20231001,13,その他の住宅（３階建て以下共同住宅等）,駐車（輪）場,20歳代,大学生,施錠した
窃盗,自転車盗,西宮,上ヶ原,282049,兵庫県,西宮市,上ケ原二番町,20240115,8,その他の住宅（３階建て以下共同住宅等）,駐車（輪）場,20歳代,大学生,施錠した
窃盗,自転車盗,西宮,上ヶ原,282049,兵庫県,西宮市,上ケ原二番町,20240421,22,その他の住宅（３階建て以下共同住宅等）,その他,20歳代,大学生,施錠した
窃盗,自転車盗,西宮,上ヶ原,282049,兵庫県,西宮市,上ケ原八番町,20241101,18,その他の住宅（３階建て以下共同住宅等）,駐車（輪）場,20歳代,大学生,施錠せず
窃盗,自転車盗,西宮,上ヶ原,282049,兵庫県,西宮市,上ケ原山手町,20240113,2,その他の住宅（３階建て以下共同住宅等）,駐車（輪）場,20歳代,大学生,施錠せず
窃盗,自転車盗,西宮,上ヶ原,282049,兵庫県,西宮市,上ケ原山手町,20240630,18,その他の住宅（３階建て以下共同住宅等）,駐車（輪）場,20歳代,大学生,施錠せず
窃盗,自転車盗,西宮,上ヶ原,282049,兵庫県,西宮市,上ケ原山手町,20240712,20,その他の住宅（３階建て以下共同住宅等）,駐車（輪）場,20歳代,大学生,施錠せず
窃盗,自転車盗,西宮,上ヶ原,282049,兵庫県,西宮市,上ケ原四番町,20240521,23,その他の住宅（３階建て以下共同住宅等）,駐車（輪）場,10歳代,大学生,施錠せず
窃盗,自転車盗,西宮,上ヶ原,282049,兵庫県,西宮市,上ケ原六番町,20240201,15,その他の住宅（３階建て以下共同住宅等）,駐車（輪）場,20歳代,大学生,施錠した
窃盗,自転車盗,西宮,上ヶ原,282049,兵庫県,西宮市,上ケ原六番町,20240701,0,その他の住宅（３階建て以下共同住宅等）,駐車（輪）場,10歳代,大学生,施錠せず
窃盗,自転車盗,西宮,上ヶ原,282049,兵庫県,西宮市,上ケ原六番町,20241104,20,４階建て以上共同住宅,駐車（輪）場,10歳代,大学生,施錠せず
窃盗,自転車盗,西宮,上ヶ原,282049,兵庫県,西宮市,上甲東園２丁目,20240828,10,その他の住宅（３階建て以下共同住宅等）,駐車（輪）場,40歳代,その他,施錠した
窃盗,自転車盗,西宮,上ヶ原,282049,兵庫県,西宮市,上甲東園５丁目,20240627,10,その他の住宅（３階建て以下共同住宅等）,駐車（輪）場,20歳代,大学生,施錠せず
窃盗,自転車盗,西宮,上ヶ原,282049,兵庫県,西宮市,仁川町４丁目,20240107,13,４階建て以上共同住宅,駐車（輪）場,50歳代,その他,施錠せず
窃盗,自転車盗,西宮,上ヶ原,282049,兵庫県,西宮市,仁川町４丁目,20240524,18,一戸建住宅,その他,10歳代,大学生,施錠した
窃盗,自転車盗,西宮,上ヶ原,282049,兵庫県,西宮市,仁川町４丁目,20240615,1,一戸建住宅,その他,10歳代,大学生,施錠せず
窃盗,自転車盗,西宮,上ヶ原,282049,兵庫県,西宮市,仁川町５丁目,20230701,0,その他の住宅（３階建て以下共同住宅等）,駐車（輪）場,20歳代,大学生,施錠した
窃盗,自転車盗,西宮,上ヶ原,282049,兵庫県,西宮市,仁川町６丁目,20240810,13,一戸建住宅,駐車（輪）場,50歳代,その他,施錠せず
窃盗,自転車盗,西宮,生瀬,282049,兵庫県,西宮市,生瀬町１丁目,20240427,12,一戸建住宅,駐車（輪）場,40歳代,その他,施錠せず
窃盗,自転車盗,西宮,生瀬,282049,兵庫県,西宮市,生瀬東町,20240127,0,その他の住宅（３階建て以下共同住宅等）,駐車（輪）場,10歳代,大学生,施錠せず
窃盗,自転車盗,西宮,生瀬,282049,兵庫県,西宮市,生瀬東町,20240125,19,４階建て以上共同住宅,駐車（輪）場,10歳代,中学生,施錠せず
窃盗,自転車盗,西宮,名塩,282049,兵庫県,西宮市,名塩新町,20240618,8,その他,駐車（輪）場,20歳代,大学生,施錠せず
窃盗,自転車盗,西宮,山口,282049,兵庫県,西宮市,山口町下山口４丁目,20240308,11,４階建て以上共同住宅,駐車（輪）場,40歳代,その他,施錠せず
窃盗,自転車盗,西宮,山口,282049,兵庫県,西宮市,山口町名来２丁目,20240420,19,その他の住宅（３階建て以下共同住宅等）,その他,20歳代,その他,施錠した
窃盗,自転車盗,甲子園,本郷,282049,兵庫県,西宮市,武庫川町,20240601,17,その他,駐車（輪）場,20歳代,その他,施錠せず
窃盗,自転車盗,甲子園,本郷,282049,兵庫県,西宮市,池開町,20240611,18,その他,駐車（輪）場,20歳代,大学生,施錠した
窃盗,自転車盗,甲子園,本郷,282049,兵庫県,西宮市,池開町,20240628,17,その他,駐車（輪）場,10歳代,大学生,施錠せず
窃盗,自転車盗,甲子園,本郷,282049,兵庫県,西宮市,池開町,20240818,13,道路上,その他,65-69歳,その他,施錠せず
窃盗,自転車盗,甲子園,本郷,282049,兵庫県,西宮市,池開町,20241115,9,その他,駐車（輪）場,10歳代,大学生,施錠せず
窃盗,自転車盗,甲子園,本郷,282049,兵庫県,西宮市,甲子園七番町,20240113,23,道路上,その他,10歳代,大学生,施錠した
窃盗,自転車盗,甲子園,本郷,282049,兵庫県,西宮市,甲子園七番町,20231122,7,道路上,その他,20歳代,大学生,施錠せず
窃盗,自転車盗,甲子園,本郷,282049,兵庫県,西宮市,甲子園七番町,20240606,11,一戸建住宅,その他,60-64歳,その他,施錠せず
窃盗,自転車盗,甲子園,本郷,282049,兵庫県,西宮市,甲子園七番町,20240628,11,道路上,その他,10歳代,大学生,施錠せず
窃盗,自転車盗,甲子園,本郷,282049,兵庫県,西宮市,甲子園七番町,20240808,20,道路上,その他,10歳代,高校生,施錠せず
窃盗,自転車盗,甲子園,本郷,282049,兵庫県,西宮市,甲子園七番町,20241011,12,駐車（輪）場,駐車（輪）場,20歳代,その他,施錠せず
窃盗,自転車盗,甲子園,本郷,282049,兵庫県,西宮市,甲子園七番町,20241104,22,その他,その他,10歳代,高校生,施錠せず
窃盗,自転車盗,甲子園,本郷,282049,兵庫県,西宮市,甲子園七番町,20241122,17,駐車（輪）場,駐車（輪）場,10歳代,大学生,施錠した
窃盗,自転車盗,甲子園,本郷,282049,兵庫県,西宮市,甲子園高潮町,20241123,18,その他,駐車（輪）場,20歳代,その他,施錠した
窃盗,自転車盗,甲子園,本郷,282049,兵庫県,西宮市,甲子園八番町,20240331,14,その他,駐車（輪）場,70歳以上,その他,施錠した
窃盗,自転車盗,甲子園,本郷,282049,兵庫県,西宮市,甲子園八番町,20240430,21,その他,駐車（輪）場,10歳代,高校生,施錠せず
窃盗,自転車盗,甲子園,本郷,282049,兵庫県,西宮市,甲子園八番町,20240516,20,その他,駐車（輪）場,10歳代,その他,施錠せず
窃盗,自転車盗,甲子園,本郷,282049,兵庫県,西宮市,甲子園八番町,20240520,17,その他,駐車（輪）場,20歳代,大学生,施錠せず
窃盗,自転車盗,甲子園,本郷,282049,兵庫県,西宮市,甲子園八番町,20240529,18,その他,駐車（輪）場,40歳代,その他,施錠せず
窃盗,自転車盗,甲子園,本郷,282049,兵庫県,西宮市,甲子園八番町,20240708,17,その他,駐車（輪）場,10歳代,高校生,施錠せず
窃盗,自転車盗,甲子園,本郷,282049,兵庫県,西宮市,甲子園八番町,20240821,15,その他,駐車（輪）場,10歳代,高校生,施錠せず
窃盗,自転車盗,甲子園,本郷,282049,兵庫県,西宮市,甲子園八番町,20240908,15,その他,駐車（輪）場,20歳代,大学生,施錠せず
窃盗,自転車盗,甲子園,本郷,282049,兵庫県,西宮市,甲子園八番町,20240828,19,その他,駐車（輪）場,10歳代,高校生,施錠せず
窃盗,自転車盗,甲子園,本郷,282049,兵庫県,西宮市,甲子園八番町,20240907,16,その他,駐車（輪）場,10歳代,中学生,施錠せず
窃盗,自転車盗,甲子園,本郷,282049,兵庫県,西宮市,甲子園八番町,20240915,17,その他,駐車（輪）場,10歳代,その他,施錠せず
窃盗,自転車盗,甲子園,本郷,282049,兵庫県,西宮市,甲子園八番町,20241005,19,その他,駐車（輪）場,10歳代,高校生,施錠した
窃盗,自転車盗,甲子園,本郷,282049,兵庫県,西宮市,甲子園八番町,20240928,16,その他,駐車（輪）場,10歳代,大学生,施錠せず
窃盗,自転車盗,甲子園,本郷,282049,兵庫県,西宮市,甲子園八番町,20241013,17,駐車（輪）場,駐車（輪）場,10歳代,大学生,施錠せず
窃盗,自転車盗,甲子園,本郷,282049,兵庫県,西宮市,甲子園八番町,20241012,17,その他,駐車（輪）場,20歳代,大学生,施錠した
窃盗,自転車盗,甲子園,本郷,282049,兵庫県,西宮市,甲子園八番町,20241013,17,その他,駐車（輪）場,10歳代,大学生,施錠せず
窃盗,自転車盗,甲子園,本郷,282049,兵庫県,西宮市,甲子園八番町,20241016,19,その他の住宅（３階建て以下共同住宅等）,その他,10歳代,その他,施錠せず
窃盗,自転車盗,甲子園,本郷,282049,兵庫県,西宮市,甲子園八番町,20241027,11,その他,駐車（輪）場,20歳代,大学生,施錠せず
窃盗,自転車盗,甲子園,本郷,282049,兵庫県,西宮市,甲子園八番町,20241105,15,その他,駐車（輪）場,20歳代,大学生,施錠せず
窃盗,自転車盗,甲子園,本郷,282049,兵庫県,西宮市,甲子園八番町,20241120,18,その他,駐車（輪）場,10歳代,高校生,施錠せず
窃盗,自転車盗,甲子園,本郷,282049,兵庫県,西宮市,甲子園八番町,20241121,10,その他,駐車（輪）場,65-69歳,その他,施錠した
窃盗,自転車盗,甲子園,本郷,282049,兵庫県,西宮市,鳴尾町１丁目,20240212,10,その他の住宅（３階建て以下共同住宅等）,駐車（輪）場,10歳代,大学生,施錠せず
窃盗,自転車盗,甲子園,本郷,282049,兵庫県,西宮市,鳴尾町１丁目,20240302,19,道路上,その他,30歳代,その他,施錠せず
窃盗,自転車盗,甲子園,本郷,282049,兵庫県,西宮市,鳴尾町１丁目,20240321,18,その他,駐車（輪）場,40歳代,その他,施錠せず
窃盗,自転車盗,甲子園,本郷,282049,兵庫県,西宮市,鳴尾町１丁目,20230215,15,その他の住宅（３階建て以下共同住宅等）,駐車（輪）場,20歳代,その他,施錠せず
窃盗,自転車盗,甲子園,本郷,282049,兵庫県,西宮市,鳴尾町１丁目,20240330,14,その他の住宅（３階建て以下共同住宅等）,駐車（輪）場,50歳代,その他,施錠せず
窃盗,自転車盗,甲子園,本郷,282049,兵庫県,西宮市,鳴尾町１丁目,20240609,18,道路上,その他,10歳代,大学生,施錠せず
窃盗,自転車盗,甲子園,本郷,282049,兵庫県,西宮市,鳴尾町１丁目,20240221,0,その他,駐車（輪）場,10歳代,その他,施錠した
窃盗,自転車盗,甲子園,本郷,282049,兵庫県,西宮市,鳴尾町１丁目,20241105,20,その他,駐車（輪）場,10歳代,大学生,施錠せず
窃盗,自転車盗,甲子園,本郷,282049,兵庫県,西宮市,鳴尾町１丁目,20241114,9,その他,駐車（輪）場,10歳代,中学生,施錠せず
窃盗,自転車盗,甲子園,本郷,282049,兵庫県,西宮市,鳴尾町２丁目,20240522,9,その他の住宅（３階建て以下共同住宅等）,駐車（輪）場,20歳代,その他,施錠せず
窃盗,自転車盗,甲子園,本郷,282049,兵庫県,西宮市,鳴尾町２丁目,20241019,17,一戸建住宅,駐車（輪）場,30歳代,その他,施錠した
窃盗,自転車盗,甲子園,本郷,282049,兵庫県,西宮市,鳴尾町２丁目,20241026,22,その他の住宅（３階建て以下共同住宅等）,その他,10歳代,大学生,施錠せず
窃盗,自転車盗,甲子園,本郷,282049,兵庫県,西宮市,鳴尾町２丁目,20241201,19,一戸建住宅,駐車（輪）場,10歳代,高校生,施錠した
窃盗,自転車盗,甲子園,本郷,282049,兵庫県,西宮市,鳴尾町３丁目,20241004,9,その他,駐車（輪）場,20歳代,大学生,施錠せず
窃盗,自転車盗,甲子園,本郷,282049,兵庫県,西宮市,鳴尾町３丁目,20241109,11,４階建て以上共同住宅,駐車（輪）場,20歳代,その他,施錠した
窃盗,自転車盗,甲子園,本郷,282049,兵庫県,西宮市,鳴尾町３丁目,20241202,16,その他の住宅（３階建て以下共同住宅等）,駐車（輪）場,70歳以上,その他,施錠した
窃盗,自転車盗,甲子園,本郷,282049,兵庫県,西宮市,鳴尾町４丁目,20240608,10,その他の住宅（３階建て以下共同住宅等）,駐車（輪）場,30歳代,その他,施錠した
窃盗,自転車盗,甲子園,本郷,282049,兵庫県,西宮市,鳴尾町４丁目,20241106,16,その他,駐車（輪）場,50歳代,その他,施錠せず
窃盗,自転車盗,甲子園,本郷,282049,兵庫県,西宮市,武庫川町,20231019,16,その他,駐車（輪）場,20歳代,その他,施錠せず
窃盗,自転車盗,甲子園,本郷,282049,兵庫県,西宮市,武庫川町,20240215,17,その他,駐車（輪）場,30歳代,その他,施錠せず
窃盗,自転車盗,甲子園,本郷,282049,兵庫県,西宮市,武庫川町,20240317,17,駐車（輪）場,駐車（輪）場,20歳代,大学生,施錠せず
窃盗,自転車盗,甲子園,本郷,282049,兵庫県,西宮市,武庫川町,20240329,21,その他,駐車（輪）場,20歳代,大学生,施錠した
窃盗,自転車盗,甲子園,本郷,282049,兵庫県,西宮市,武庫川町,20240914,20,４階建て以上共同住宅,駐車（輪）場,20歳代,その他,施錠した
窃盗,自転車盗,甲子園,本郷,282049,兵庫県,西宮市,武庫川町,20241012,17,駐車（輪）場,駐車（輪）場,40歳代,その他,施錠せず
窃盗,自転車盗,甲子園,本郷,282049,兵庫県,西宮市,武庫川町,20241104,23,その他,駐車（輪）場,10歳代,大学生,施錠した
窃盗,自転車盗,甲子園,本郷,282049,兵庫県,西宮市,武庫川町,20241117,16,その他,その他,50歳代,その他,施錠した
窃盗,自転車盗,甲子園,小松,282049,兵庫県,西宮市,上鳴尾町,20240210,17,その他の住宅（３階建て以下共同住宅等）,駐車（輪）場,40歳代,その他,施錠せず
窃盗,自転車盗,甲子園,小松,282049,兵庫県,西宮市,上鳴尾町,20240305,12,その他,駐車（輪）場,70歳以上,その他,施錠せず
窃盗,自転車盗,甲子園,小松,282049,兵庫県,西宮市,上鳴尾町,20240804,21,その他の住宅（３階建て以下共同住宅等）,駐車（輪）場,30歳代,その他,施錠せず
窃盗,自転車盗,甲子園,小松,282049,兵庫県,西宮市,上鳴尾町,20241017,8,一戸建住宅,駐車（輪）場,10歳未満,小学生,施錠せず
窃盗,自転車盗,甲子園,小松,282049,兵庫県,西宮市,上鳴尾町,20241201,18,一戸建住宅,その他,50歳代,その他,施錠せず
窃盗,自転車盗,甲子園,小松,282049,兵庫県,西宮市,学文殿町１丁目,20240705,18,道路上,その他,70歳以上,その他,施錠せず
窃盗,自転車盗,甲子園,小松,282049,兵庫県,西宮市,学文殿町１丁目,20240908,23,道路上,その他,10歳代,小学生,施錠せず
窃盗,自転車盗,甲子園,小松,282049,兵庫県,西宮市,甲子園五番町,20240526,15,４階建て以上共同住宅,駐車（輪）場,20歳代,大学生,施錠した
窃盗,自転車盗,甲子園,小松,282049,兵庫県,西宮市,甲子園五番町,20241129,4,その他,その他,30歳代,その他,施錠せず
窃盗,自転車盗,甲子園,小松,282049,兵庫県,西宮市,甲子園六番町,20220408,21,道路上,その他,65-69歳,その他,施錠せず
窃盗,自転車盗,甲子園,小松,282049,兵庫県,西宮市,甲子園六番町,20240130,8,駐車（輪）場,駐車（輪）場,30歳代,その他,施錠した
窃盗,自転車盗,甲子園,小松,282049,兵庫県,西宮市,甲子園六番町,20240224,11,その他,駐車（輪）場,50歳代,その他,施錠した
窃盗,自転車盗,甲子園,小松,282049,兵庫県,西宮市,甲子園六番町,20240611,6,駐車（輪）場,駐車（輪）場,10歳代,中学生,施錠せず
窃盗,自転車盗,甲子園,小松,282049,兵庫県,西宮市,甲子園六番町,20240611,5,駐車（輪）場,駐車（輪）場,20歳代,大学生,施錠せず
窃盗,自転車盗,甲子園,小松,282049,兵庫県,西宮市,甲子園六番町,20240825,12,駐車（輪）場,駐車（輪）場,30歳代,その他,施錠した
窃盗,自転車盗,甲子園,小松,282049,兵庫県,西宮市,甲子園六番町,20241023,12,４階建て以上共同住宅,駐車（輪）場,30歳代,その他,施錠した
窃盗,自転車盗,甲子園,小松,282049,兵庫県,西宮市,甲子園六番町,20241123,16,４階建て以上共同住宅,駐車（輪）場,30歳代,その他,施錠せず
窃盗,自転車盗,甲子園,小松,282049,兵庫県,西宮市,甲子園六番町,20241205,20,駐車（輪）場,駐車（輪）場,20歳代,その他,施錠せず
窃盗,自転車盗,甲子園,小松,282049,兵庫県,西宮市,小松北町１丁目,20240318,18,その他の住宅（３階建て以下共同住宅等）,駐車（輪）場,50歳代,その他,施錠した
窃盗,自転車盗,甲子園,小松,282049,兵庫県,西宮市,小松北町１丁目,20240608,16,一戸建住宅,駐車（輪）場,10歳代,大学生,施錠せず
窃盗,自転車盗,甲子園,小松,282049,兵庫県,西宮市,小松北町１丁目,20241016,19,その他,駐車（輪）場,10歳代,中学生,施錠せず
窃盗,自転車盗,甲子園,小松,282049,兵庫県,西宮市,小松西町２丁目,20241007,15,一戸建住宅,駐車（輪）場,10歳代,中学生,施錠せず
窃盗,自転車盗,甲子園,小松,282049,兵庫県,西宮市,小松西町２丁目,20241008,15,一戸建住宅,駐車（輪）場,20歳代,大学生,施錠せず
窃盗,自転車盗,甲子園,小松,282049,兵庫県,西宮市,小松西町２丁目,20241016,15,その他,その他,10歳代,中学生,施錠せず
窃盗,自転車盗,甲子園,小松,282049,兵庫県,西宮市,小松西町２丁目,20241027,18,その他の住宅（３階建て以下共同住宅等）,駐車（輪）場,20歳代,その他,施錠した
窃盗,自転車盗,甲子園,小松,282049,兵庫県,西宮市,小松南町１丁目,20240120,13,その他の住宅（３階建て以下共同住宅等）,駐車（輪）場,20歳代,その他,施錠した
窃盗,自転車盗,甲子園,小松,282049,兵庫県,西宮市,小松南町１丁目,20240622,20,その他の住宅（３階建て以下共同住宅等）,その他,60-64歳,その他,施錠せず
窃盗,自転車盗,甲子園,小松,282049,兵庫県,西宮市,小松南町１丁目,20240809,14,一戸建住宅,駐車（輪）場,30歳代,その他,施錠せず
窃盗,自転車盗,甲子園,小松,282049,兵庫県,西宮市,小松南町２丁目,20240913,18,その他の住宅（３階建て以下共同住宅等）,駐車（輪）場,20歳代,大学生,施錠せず
窃盗,自転車盗,甲子園,小松,282049,兵庫県,西宮市,小松南町３丁目,20240516,16,４階建て以上共同住宅,駐車（輪）場,70歳以上,その他,施錠した
窃盗,自転車盗,甲子園,小松,282049,兵庫県,西宮市,小松町２丁目,20240407,17,その他の住宅（３階建て以下共同住宅等）,駐車（輪）場,20歳代,その他,施錠した
窃盗,自転車盗,甲子園,小松,282049,兵庫県,西宮市,小松町２丁目,20240901,0,道路上,その他,30歳代,その他,施錠せず
窃盗,自転車盗,甲子園,小松,282049,兵庫県,西宮市,里中町２丁目,20240515,23,その他の住宅（３階建て以下共同住宅等）,駐車（輪）場,20歳代,その他,施錠せず
窃盗,自転車盗,甲子園,小松,282049,兵庫県,西宮市,里中町２丁目,20240629,22,４階建て以上共同住宅,駐車（輪）場,20歳代,大学生,施錠せず
窃盗,自転車盗,甲子園,小松,282049,兵庫県,西宮市,里中町２丁目,20240721,17,その他,その他,10歳未満,小学生,施錠せず
窃盗,自転車盗,甲子園,小松,282049,兵庫県,西宮市,里中町２丁目,20240805,20,その他,駐車（輪）場,20歳代,その他,施錠せず
窃盗,自転車盗,甲子園,小松,282049,兵庫県,西宮市,里中町３丁目,20240308,16,４階建て以上共同住宅,駐車（輪）場,60-64歳,その他,施錠した
窃盗,自転車盗,甲子園,小松,282049,兵庫県,西宮市,里中町３丁目,20240521,16,その他,その他,10歳代,大学生,施錠せず
窃盗,自転車盗,甲子園,小松,282049,兵庫県,西宮市,里中町３丁目,20240721,10,道路上,その他,10歳代,高校生,施錠した
窃盗,自転車盗,甲子園,小松,282049,兵庫県,西宮市,里中町３丁目,20240729,12,その他,駐車（輪）場,50歳代,その他,施錠した
窃盗,自転車盗,甲子園,小松,282049,兵庫県,西宮市,里中町３丁目,20240913,19,その他,駐車（輪）場,10歳代,中学生,施錠せず
窃盗,自転車盗,甲子園,小松,282049,兵庫県,西宮市,里中町３丁目,20240928,12,４階建て以上共同住宅,駐車（輪）場,10歳代,大学生,施錠せず
窃盗,自転車盗,甲子園,小松,282049,兵庫県,西宮市,高須町２丁目,20240609,17,その他,駐車（輪）場,10歳代,高校生,施錠せず
窃盗,自転車盗,甲子園,小松,282049,兵庫県,西宮市,花園町,20240712,21,その他の住宅（３階建て以下共同住宅等）,駐車（輪）場,20歳代,大学生,施錠した
窃盗,自転車盗,甲子園,小松,282049,兵庫県,西宮市,花園町,20241003,20,４階建て以上共同住宅,駐車（輪）場,30歳代,その他,施錠せず
窃盗,自転車盗,甲子園,小松,282049,兵庫県,西宮市,花園町,20241017,9,４階建て以上共同住宅,その他,20歳代,その他,施錠せず
窃盗,自転車盗,甲子園,小松,282049,兵庫県,西宮市,若草町２丁目,20240203,8,その他の住宅（３階建て以下共同住宅等）,その他,30歳代,その他,施錠せず
窃盗,自転車盗,甲子園,上田,282049,兵庫県,西宮市,上田中町,20240531,18,４階建て以上共同住宅,その他,30歳代,その他,施錠せず
窃盗,自転車盗,甲子園,上田,282049,兵庫県,西宮市,上田西町,20240704,18,その他,駐車（輪）場,10歳代,大学生,施錠せず
窃盗,自転車盗,甲子園,上田,282049,兵庫県,西宮市,上田東町,20240130,20,道路上,その他,20歳代,その他,施錠した
窃盗,自転車盗,甲子園,上田,282049,兵庫県,西宮市,上田東町,20240517,18,その他の住宅（３階建て以下共同住宅等）,駐車（輪）場,10歳代,高校生,施錠せず
窃盗,自転車盗,甲子園,上田,282049,兵庫県,西宮市,上田東町,20240607,22,その他の住宅（３階建て以下共同住宅等）,その他,20歳代,その他,施錠せず
窃盗,自転車盗,甲子園,上田,282049,兵庫県,西宮市,上田東町,20240721,13,その他,駐車（輪）場,10歳代,高校生,施錠せず
窃盗,自転車盗,甲子園,上田,282049,兵庫県,西宮市,笠屋町,20241017,17,道路上,その他,65-69歳,その他,施錠した
窃盗,自転車盗,甲子園,上田,282049,兵庫県,西宮市,東鳴尾町１丁目,20240825,20,４階建て以上共同住宅,駐車（輪）場,40歳代,その他,施錠せず
窃盗,自転車盗,甲子園,上田,282049,兵庫県,西宮市,東鳴尾町１丁目,20240908,20,その他の住宅（３階建て以下共同住宅等）,駐車（輪）場,10歳代,中学生,施錠せず
窃盗,自転車盗,甲子園,上田,282049,兵庫県,西宮市,東鳴尾町２丁目,20240413,12,道路上,その他,70歳以上,その他,施錠した
窃盗,自転車盗,甲子園,上田,282049,兵庫県,西宮市,東鳴尾町２丁目,20241016,23,一戸建住宅,駐車（輪）場,10歳代,高校生,施錠せず
窃盗,自転車盗,甲子園,枝川,282049,兵庫県,西宮市,枝川町,20231229,14,４階建て以上共同住宅,駐車（輪）場,60-64歳,その他,施錠せず
窃盗,自転車盗,甲子園,枝川,282049,兵庫県,西宮市,枝川町,20240813,21,その他,その他,10歳代,大学生,施錠せず
窃盗,自転車盗,甲子園,枝川,282049,兵庫県,西宮市,甲子園九番町,20241007,17,４階建て以上共同住宅,駐車（輪）場,70歳以上,その他,施錠せず
窃盗,自転車盗,甲子園,中津,282049,兵庫県,西宮市,甲子園九番町,20231231,14,その他,駐車（輪）場,40歳代,その他,施錠した
窃盗,自転車盗,甲子園,中津,282049,兵庫県,西宮市,甲子園九番町,20240525,12,その他の住宅（３階建て以下共同住宅等）,駐車（輪）場,40歳代,その他,施錠せず
窃盗,自転車盗,甲子園,中津,282049,兵庫県,西宮市,甲子園九番町,20240606,18,一戸建住宅,駐車（輪）場,70歳以上,その他,施錠せず
窃盗,自転車盗,甲子園,中津,282049,兵庫県,西宮市,甲子園高潮町,20240210,6,その他,駐車（輪）場,20歳代,その他,施錠せず
窃盗,自転車盗,甲子園,中津,282049,兵庫県,西宮市,甲子園高潮町,20240216,7,駐車（輪）場,駐車（輪）場,30歳代,その他,施錠せず
窃盗,自転車盗,甲子園,中津,282049,兵庫県,西宮市,甲子園高潮町,20240330,15,その他,駐車（輪）場,20歳代,その他,施錠した
窃盗,自転車盗,甲子園,中津,282049,兵庫県,西宮市,甲子園高潮町,20240402,13,４階建て以上共同住宅,駐車（輪）場,10歳代,大学生,施錠した
窃盗,自転車盗,甲子園,中津,282049,兵庫県,西宮市,甲子園高潮町,20240403,21,その他,駐車（輪）場,30歳代,その他,施錠せず
窃盗,自転車盗,甲子園,中津,282049,兵庫県,西宮市,甲子園高潮町,20240427,12,その他,駐車（輪）場,10歳代,その他,施錠せず
窃盗,自転車盗,甲子園,中津,282049,兵庫県,西宮市,甲子園高潮町,20240510,18,その他,駐車（輪）場,10歳代,大学生,施錠せず
窃盗,自転車盗,甲子園,中津,282049,兵庫県,西宮市,甲子園高潮町,20240511,13,その他,駐車（輪）場,70歳以上,その他,施錠した
窃盗,自転車盗,甲子園,中津,282049,兵庫県,西宮市,甲子園高潮町,20240504,10,その他,駐車（輪）場,10歳代,高校生,施錠せず
窃盗,自転車盗,甲子園,中津,282049,兵庫県,西宮市,甲子園高潮町,20240619,18,一戸建住宅,駐車（輪）場,10歳代,高校生,施錠せず
窃盗,自転車盗,甲子園,中津,282049,兵庫県,西宮市,甲子園高潮町,20240616,14,その他,駐車（輪）場,30歳代,その他,施錠せず
窃盗,自転車盗,甲子園,中津,282049,兵庫県,西宮市,甲子園高潮町,20240701,17,その他,駐車（輪）場,50歳代,その他,施錠せず
窃盗,自転車盗,甲子園,中津,282049,兵庫県,西宮市,甲子園高潮町,20240626,15,その他,駐車（輪）場,40歳代,その他,施錠した
窃盗,自転車盗,甲子園,中津,282049,兵庫県,西宮市,甲子園高潮町,20240703,19,その他,駐車（輪）場,40歳代,その他,施錠せず
窃盗,自転車盗,甲子園,中津,282049,兵庫県,西宮市,甲子園高潮町,20240804,14,その他,駐車（輪）場,50歳代,その他,施錠せず
窃盗,自転車盗,甲子園,中津,282049,兵庫県,西宮市,甲子園高潮町,20240828,11,その他,駐車（輪）場,10歳代,高校生,施錠せず
窃盗,自転車盗,甲子園,中津,282049,兵庫県,西宮市,甲子園高潮町,20240828,16,その他,駐車（輪）場,30歳代,その他,施錠せず
窃盗,自転車盗,甲子園,中津,282049,兵庫県,西宮市,甲子園高潮町,20240904,8,その他,駐車（輪）場,40歳代,その他,施錠した
窃盗,自転車盗,甲子園,中津,282049,兵庫県,西宮市,甲子園高潮町,20241006,6,その他,駐車（輪）場,10歳代,高校生,施錠した
窃盗,自転車盗,甲子園,中津,282049,兵庫県,西宮市,甲子園高潮町,20241008,16,その他,駐車（輪）場,10歳代,小学生,施錠せず
窃盗,自転車盗,甲子園,中津,282049,兵庫県,西宮市,甲子園高潮町,20241022,17,道路上,その他,10歳代,その他,施錠せず
窃盗,自転車盗,甲子園,中津,282049,兵庫県,西宮市,甲子園高潮町,20241030,20,駐車（輪）場,駐車（輪）場,10歳代,大学生,施錠せず
窃盗,自転車盗,甲子園,中津,282049,兵庫県,西宮市,甲子園高潮町,20241118,10,その他,駐車（輪）場,10歳代,その他,施錠せず
窃盗,自転車盗,甲子園,中津,282049,兵庫県,西宮市,甲子園高潮町,20241109,0,その他,駐車（輪）場,10歳代,中学生,施錠せず
窃盗,自転車盗,甲子園,中津,282049,兵庫県,西宮市,甲子園高潮町,20241109,12,その他,駐車（輪）場,30歳代,その他,施錠せず
窃盗,自転車盗,甲子園,中津,282049,兵庫県,西宮市,甲子園高潮町,20241203,11,その他,駐車（輪）場,20歳代,その他,施錠した
窃盗,自転車盗,甲子園,中津,282049,兵庫県,西宮市,甲子園高潮町,20241201,10,その他,駐車（輪）場,70歳以上,その他,施錠した
窃盗,自転車盗,甲子園,中津,282049,兵庫県,西宮市,甲子園高潮町,20241217,13,その他,駐車（輪）場,10歳代,高校生,施錠せず
窃盗,自転車盗,甲子園,中津,282049,兵庫県,西宮市,甲子園高潮町,20241214,21,その他,駐車（輪）場,20歳代,大学生,施錠した
窃盗,自転車盗,甲子園,中津,282049,兵庫県,西宮市,甲子園八番町,20241128,11,その他,駐車（輪）場,20歳代,その他,施錠せず
窃盗,自転車盗,甲子園,中津,282049,兵庫県,西宮市,甲子園町,20240320,10,その他,駐車（輪）場,50歳代,その他,施錠せず
窃盗,自転車盗,甲子園,中津,282049,兵庫県,西宮市,甲子園町,20240521,21,４階建て以上共同住宅,駐車（輪）場,10歳代,小学生,施錠せず
窃盗,自転車盗,甲子園,中津,282049,兵庫県,西宮市,甲子園町,20240814,6,その他の住宅（３階建て以下共同住宅等）,その他,10歳代,その他,施錠せず
窃盗,自転車盗,甲子園,中津,282049,兵庫県,西宮市,甲子園町,20241013,5,道路上,その他,30歳代,その他,施錠した
窃盗,自転車盗,甲子園,中津,282049,兵庫県,西宮市,甲子園町,20241023,9,４階建て以上共同住宅,駐車（輪）場,40歳代,その他,施錠せず
窃盗,自転車盗,甲子園,中津,282049,兵庫県,西宮市,浜甲子園２丁目,20240311,9,道路上,その他,70歳以上,その他,施錠した
窃盗,自転車盗,甲子園,中津,282049,兵庫県,西宮市,南甲子園１丁目,20240506,14,４階建て以上共同住宅,駐車（輪）場,10歳代,小学生,施錠せず
窃盗,自転車盗,甲子園,中津,282049,兵庫県,西宮市,南甲子園１丁目,20240710,17,その他の住宅（３階建て以下共同住宅等）,駐車（輪）場,10歳代,中学生,施錠せず
窃盗,自転車盗,甲子園,中津,282049,兵庫県,西宮市,南甲子園１丁目,20240810,18,４階建て以上共同住宅,駐車（輪）場,10歳代,中学生,施錠せず
窃盗,自転車盗,甲子園,浦風,282049,兵庫県,西宮市,今津　上野町,20241112,14,その他の住宅（３階建て以下共同住宅等）,駐車（輪）場,40歳代,その他,施錠せず
窃盗,自転車盗,甲子園,浦風,282049,兵庫県,西宮市,今津　野田町,20240401,18,その他の住宅（３階建て以下共同住宅等）,駐車（輪）場,30歳代,その他,施錠せず
窃盗,自転車盗,甲子園,浦風,282049,兵庫県,西宮市,今津　野田町,20240419,18,その他の住宅（３階建て以下共同住宅等）,駐車（輪）場,20歳代,その他,施錠せず
窃盗,自転車盗,甲子園,浦風,282049,兵庫県,西宮市,今津　野田町,20240618,18,４階建て以上共同住宅,駐車（輪）場,10歳代,中学生,施錠した
窃盗,自転車盗,甲子園,浦風,282049,兵庫県,西宮市,今津　野田町,20240801,1,４階建て以上共同住宅,駐車（輪）場,40歳代,その他,施錠せず
窃盗,自転車盗,甲子園,浦風,282049,兵庫県,西宮市,今津　野田町,20240818,19,４階建て以上共同住宅,駐車（輪）場,10歳代,中学生,施錠せず
窃盗,自転車盗,甲子園,浦風,282049,兵庫県,西宮市,今津　野田町,20241011,8,４階建て以上共同住宅,駐車（輪）場,50歳代,その他,施錠せず
窃盗,自転車盗,甲子園,浦風,282049,兵庫県,西宮市,上甲子園２丁目,20240823,20,４階建て以上共同住宅,駐車（輪）場,10歳代,中学生,施錠した
窃盗,自転車盗,甲子園,浦風,282049,兵庫県,西宮市,上甲子園３丁目,20240509,20,道路上,その他,50歳代,その他,施錠せず
窃盗,自転車盗,甲子園,浦風,282049,兵庫県,西宮市,上甲子園４丁目,20231224,18,その他の住宅（３階建て以下共同住宅等）,駐車（輪）場,50歳代,その他,施錠せず
窃盗,自転車盗,甲子園,浦風,282049,兵庫県,西宮市,上甲子園４丁目,20240220,12,４階建て以上共同住宅,駐車（輪）場,20歳代,その他,施錠した
窃盗,自転車盗,甲子園,浦風,282049,兵庫県,西宮市,上甲子園４丁目,20240411,17,４階建て以上共同住宅,駐車（輪）場,20歳代,その他,施錠せず
窃盗,自転車盗,甲子園,浦風,282049,兵庫県,西宮市,上甲子園４丁目,20240620,17,その他の住宅（３階建て以下共同住宅等）,駐車（輪）場,50歳代,その他,施錠せず
窃盗,自転車盗,甲子園,浦風,282049,兵庫県,西宮市,上甲子園４丁目,20240925,22,４階建て以上共同住宅,駐車（輪）場,20歳代,その他,施錠せず
窃盗,自転車盗,甲子園,浦風,282049,兵庫県,西宮市,上甲子園４丁目,20241016,9,一戸建住宅,駐車（輪）場,10歳未満,小学生,施錠せず
窃盗,自転車盗,甲子園,浦風,282049,兵庫県,西宮市,上甲子園５丁目,20240106,18,その他の住宅（３階建て以下共同住宅等）,駐車（輪）場,20歳代,その他,施錠せず
窃盗,自転車盗,甲子園,浦風,282049,兵庫県,西宮市,上甲子園５丁目,20240722,12,道路上,その他,10歳代,その他,施錠せず
窃盗,自転車盗,甲子園,浦風,282049,兵庫県,西宮市,甲子園浦風町,20231216,15,道路上,その他,10歳代,中学生,施錠した
窃盗,自転車盗,甲子園,浦風,282049,兵庫県,西宮市,甲子園浦風町,20240824,16,４階建て以上共同住宅,駐車（輪）場,50歳代,その他,施錠した
窃盗,自転車盗,甲子園,浦風,282049,兵庫県,西宮市,甲子園浦風町,20240921,8,その他,駐車（輪）場,30歳代,その他,施錠せず
窃盗,自転車盗,甲子園,浦風,282049,兵庫県,西宮市,甲子園浦風町,20241003,17,その他,駐車（輪）場,20歳代,大学生,施錠せず
窃盗,自転車盗,甲子園,浦風,282049,兵庫県,西宮市,甲子園浦風町,20241112,19,４階建て以上共同住宅,駐車（輪）場,50歳代,その他,施錠した
窃盗,自転車盗,甲子園,浦風,282049,兵庫県,西宮市,甲子園浦風町,20241116,19,道路上,その他,40歳代,その他,施錠せず
窃盗,自転車盗,甲子園,浦風,282049,兵庫県,西宮市,甲子園浦風町,20241214,17,道路上,その他,20歳代,その他,施錠せず
窃盗,自転車盗,甲子園,浦風,282049,兵庫県,西宮市,甲子園浦風町,20241021,19,駐車（輪）場,駐車（輪）場,10歳代,その他,施錠せず
窃盗,自転車盗,甲子園,浦風,282049,兵庫県,西宮市,甲子園高潮町,20240804,8,その他,駐車（輪）場,40歳代,その他,施錠せず
窃盗,自転車盗,甲子園,浦風,282049,兵庫県,西宮市,甲子園八番町,20240723,16,その他,駐車（輪）場,30歳代,その他,施錠せず
窃盗,自転車盗,甲子園,浦風,282049,兵庫県,西宮市,甲子園浜田町,20240220,18,その他の住宅（３階建て以下共同住宅等）,駐車（輪）場,40歳代,その他,施錠した
窃盗,自転車盗,甲子園,浦風,282049,兵庫県,西宮市,甲子園浜田町,20240407,12,道路上,その他,10歳代,中学生,施錠せず
窃盗,自転車盗,甲子園,浦風,282049,兵庫県,西宮市,甲子園浜田町,20240428,7,一戸建住宅,駐車（輪）場,50歳代,その他,施錠せず
窃盗,自転車盗,甲子園,浦風,282049,兵庫県,西宮市,甲子園浜田町,20240701,20,その他の住宅（３階建て以下共同住宅等）,駐車（輪）場,20歳代,その他,施錠せず
窃盗,自転車盗,甲子園,浦風,282049,兵庫県,西宮市,甲子園浜田町,20241013,18,その他,その他,10歳代,小学生,施錠せず
窃盗,自転車盗,甲子園,浦風,282049,兵庫県,西宮市,甲子園春風町,20240212,9,一戸建住宅,駐車（輪）場,10歳代,中学生,施錠せず
窃盗,自転車盗,甲子園,浦風,282049,兵庫県,西宮市,甲子園春風町,20240621,18,４階建て以上共同住宅,駐車（輪）場,10歳代,高校生,施錠せず
窃盗,自転車盗,甲子園,浦風,282049,兵庫県,西宮市,浜町,20240212,14,一戸建住宅,その他,60-64歳,その他,施錠せず
窃盗,自転車盗,甲子園,上甲子園,282049,兵庫県,西宮市,上甲子園１丁目,20240106,13,道路上,その他,10歳代,高校生,施錠せず
窃盗,自転車盗,甲子園,上甲子園,282049,兵庫県,西宮市,上甲子園１丁目,20240402,19,その他,その他,30歳代,その他,施錠せず
窃盗,自転車盗,甲子園,上甲子園,282049,兵庫県,西宮市,上甲子園１丁目,20240505,22,４階建て以上共同住宅,駐車（輪）場,10歳代,大学生,施錠した
窃盗,自転車盗,甲子園,上甲子園,282049,兵庫県,西宮市,上甲子園１丁目,20240512,21,その他の住宅（３階建て以下共同住宅等）,駐車（輪）場,10歳代,大学生,施錠せず
窃盗,自転車盗,甲子園,上甲子園,282049,兵庫県,西宮市,上甲子園１丁目,20240607,21,その他,駐車（輪）場,50歳代,その他,施錠した
窃盗,自転車盗,甲子園,上甲子園,282049,兵庫県,西宮市,上甲子園４丁目,20241223,17,その他の住宅（３階建て以下共同住宅等）,駐車（輪）場,10歳代,中学生,施錠せず
窃盗,自転車盗,甲子園,上甲子園,282049,兵庫県,西宮市,上甲子園５丁目,20240817,22,４階建て以上共同住宅,その他,10歳代,中学生,施錠せず
窃盗,自転車盗,甲子園,上甲子園,282049,兵庫県,西宮市,甲子園一番町,20240430,22,４階建て以上共同住宅,駐車（輪）場,10歳代,高校生,施錠せず
窃盗,自転車盗,甲子園,上甲子園,282049,兵庫県,西宮市,甲子園一番町,20240614,19,４階建て以上共同住宅,その他,40歳代,その他,施錠せず
窃盗,自転車盗,甲子園,上甲子園,282049,兵庫県,西宮市,甲子園一番町,20240730,14,４階建て以上共同住宅,駐車（輪）場,10歳代,高校生,施錠せず
窃盗,自転車盗,甲子園,上甲子園,282049,兵庫県,西宮市,甲子園一番町,20241130,5,４階建て以上共同住宅,駐車（輪）場,40歳代,その他,施錠せず
窃盗,自転車盗,甲子園,上甲子園,282049,兵庫県,西宮市,甲子園三番町,20240515,19,道路上,その他,20歳代,その他,施錠せず
窃盗,自転車盗,甲子園,上甲子園,282049,兵庫県,西宮市,甲子園三番町,20240910,11,その他,その他,70歳以上,その他,施錠した
窃盗,自転車盗,甲子園,上甲子園,282049,兵庫県,西宮市,甲子園口１丁目,20240515,11,一戸建住宅,駐車（輪）場,10歳代,中学生,施錠せず
窃盗,自転車盗,甲子園,上甲子園,282049,兵庫県,西宮市,甲子園口１丁目,20240510,20,４階建て以上共同住宅,駐車（輪）場,20歳代,その他,施錠せず
窃盗,自転車盗,甲子園,上甲子園,282049,兵庫県,西宮市,甲子園口１丁目,20240806,14,４階建て以上共同住宅,駐車（輪）場,40歳代,その他,施錠した
窃盗,自転車盗,甲子園,上甲子園,282049,兵庫県,西宮市,甲子園口２丁目,20240212,18,道路上,その他,10歳代,高校生,施錠した
窃盗,自転車盗,甲子園,上甲子園,282049,兵庫県,西宮市,甲子園口２丁目,20240212,20,道路上,その他,10歳代,高校生,施錠せず
窃盗,自転車盗,甲子園,上甲子園,282049,兵庫県,西宮市,甲子園口２丁目,20240213,10,道路上,その他,10歳代,高校生,施錠せず
窃盗,自転車盗,甲子園,上甲子園,282049,兵庫県,西宮市,甲子園口２丁目,20240422,10,道路上,その他,20歳代,その他,施錠せず
窃盗,自転車盗,甲子園,上甲子園,282049,兵庫県,西宮市,甲子園口２丁目,20240515,19,その他の住宅（３階建て以下共同住宅等）,駐車（輪）場,20歳代,その他,施錠した
窃盗,自転車盗,甲子園,上甲子園,282049,兵庫県,西宮市,甲子園口２丁目,20240603,19,その他の住宅（３階建て以下共同住宅等）,駐車（輪）場,20歳代,その他,施錠した
窃盗,自転車盗,甲子園,上甲子園,282049,兵庫県,西宮市,甲子園口２丁目,20241107,12,道路上,その他,70歳以上,その他,施錠した
窃盗,自転車盗,甲子園,上甲子園,282049,兵庫県,西宮市,甲子園口２丁目,20241110,23,一戸建住宅,その他,10歳代,高校生,施錠した
窃盗,自転車盗,甲子園,上甲子園,282049,兵庫県,西宮市,甲子園口２丁目,20241001,6,その他,その他,30歳代,その他,施錠した
窃盗,自転車盗,甲子園,上甲子園,282049,兵庫県,西宮市,甲子園口２丁目,20241130,12,その他の住宅（３階建て以下共同住宅等）,駐車（輪）場,70歳以上,その他,施錠せず
窃盗,自転車盗,甲子園,上甲子園,282049,兵庫県,西宮市,甲子園口２丁目,20241213,9,その他,駐車（輪）場,60-64歳,その他,施錠せず
窃盗,自転車盗,甲子園,上甲子園,282049,兵庫県,西宮市,甲子園口２丁目,20241214,1,道路上,その他,20歳代,その他,施錠せず
窃盗,自転車盗,甲子園,上甲子園,282049,兵庫県,西宮市,甲子園口２丁目,20241218,18,その他,その他,40歳代,その他,施錠した
窃盗,自転車盗,甲子園,上甲子園,282049,兵庫県,西宮市,甲子園口３丁目,20231202,12,４階建て以上共同住宅,駐車（輪）場,30歳代,その他,施錠した
窃盗,自転車盗,甲子園,上甲子園,282049,兵庫県,西宮市,甲子園口３丁目,20240109,15,その他,駐車（輪）場,20歳代,その他,施錠せず
窃盗,自転車盗,甲子園,上甲子園,282049,兵庫県,西宮市,甲子園口３丁目,20240114,13,４階建て以上共同住宅,駐車（輪）場,20歳代,その他,施錠せず
窃盗,自転車盗,甲子園,上甲子園,282049,兵庫県,西宮市,甲子園口３丁目,20240209,7,駐車（輪）場,駐車（輪）場,20歳代,その他,施錠せず
窃盗,自転車盗,甲子園,上甲子園,282049,兵庫県,西宮市,甲子園口３丁目,20240216,7,その他,駐車（輪）場,20歳代,その他,施錠した
窃盗,自転車盗,甲子園,上甲子園,282049,兵庫県,西宮市,甲子園口３丁目,20240224,15,その他,駐車（輪）場,60-64歳,その他,施錠した
窃盗,自転車盗,甲子園,上甲子園,282049,兵庫県,西宮市,甲子園口３丁目,20240224,6,その他,駐車（輪）場,30歳代,その他,施錠せず
窃盗,自転車盗,甲子園,上甲子園,282049,兵庫県,西宮市,甲子園口３丁目,20240307,17,４階建て以上共同住宅,駐車（輪）場,10歳未満,小学生,施錠せず
窃盗,自転車盗,甲子園,上甲子園,282049,兵庫県,西宮市,甲子園口３丁目,20240604,10,道路上,その他,30歳代,その他,施錠せず
窃盗,自転車盗,甲子園,上甲子園,282049,兵庫県,西宮市,甲子園口３丁目,20240609,0,道路上,その他,10歳代,大学生,施錠せず
窃盗,自転車盗,甲子園,上甲子園,282049,兵庫県,西宮市,甲子園口３丁目,20240621,19,道路上,その他,20歳代,大学生,施錠した
窃盗,自転車盗,甲子園,上甲子園,282049,兵庫県,西宮市,甲子園口３丁目,20240630,10,駐車（輪）場,駐車（輪）場,10歳代,大学生,施錠した
窃盗,自転車盗,甲子園,上甲子園,282049,兵庫県,西宮市,甲子園口３丁目,20240627,17,駐車（輪）場,駐車（輪）場,10歳代,高校生,施錠せず
窃盗,自転車盗,甲子園,上甲子園,282049,兵庫県,西宮市,甲子園口３丁目,20240720,8,その他,駐車（輪）場,20歳代,大学生,施錠せず
窃盗,自転車盗,甲子園,上甲子園,282049,兵庫県,西宮市,甲子園口３丁目,20240711,13,その他,駐車（輪）場,10歳代,高校生,施錠せず
窃盗,自転車盗,甲子園,上甲子園,282049,兵庫県,西宮市,甲子園口３丁目,20240722,16,その他,駐車（輪）場,10歳代,高校生,施錠せず
窃盗,自転車盗,甲子園,上甲子園,282049,兵庫県,西宮市,甲子園口３丁目,20240815,20,その他,駐車（輪）場,10歳代,高校生,施錠せず
窃盗,自転車盗,甲子園,上甲子園,282049,兵庫県,西宮市,甲子園口３丁目,20240922,10,その他,駐車（輪）場,20歳代,大学生,施錠せず
窃盗,自転車盗,甲子園,上甲子園,282049,兵庫県,西宮市,甲子園口３丁目,20241002,6,駐車（輪）場,駐車（輪）場,70歳以上,その他,施錠した
窃盗,自転車盗,甲子園,上甲子園,282049,兵庫県,西宮市,甲子園口３丁目,20241004,9,駐車（輪）場,駐車（輪）場,20歳代,その他,施錠した
窃盗,自転車盗,甲子園,上甲子園,282049,兵庫県,西宮市,甲子園口３丁目,20241001,17,道路上,その他,20歳代,大学生,施錠せず
窃盗,自転車盗,甲子園,上甲子園,282049,兵庫県,西宮市,甲子園口３丁目,20241009,6,駐車（輪）場,駐車（輪）場,40歳代,その他,施錠せず
窃盗,自転車盗,甲子園,上甲子園,282049,兵庫県,西宮市,甲子園口３丁目,20241006,6,駐車（輪）場,駐車（輪）場,20歳代,その他,施錠した
窃盗,自転車盗,甲子園,上甲子園,282049,兵庫県,西宮市,甲子園口３丁目,20241018,19,その他の住宅（３階建て以下共同住宅等）,駐車（輪）場,20歳代,その他,施錠した
窃盗,自転車盗,甲子園,上甲子園,282049,兵庫県,西宮市,甲子園口４丁目,20240814,14,一戸建住宅,駐車（輪）場,10歳未満,小学生,施錠せず
窃盗,自転車盗,甲子園,上甲子園,282049,兵庫県,西宮市,甲子園口４丁目,20240928,16,一戸建住宅,駐車（輪）場,30歳代,その他,施錠した
窃盗,自転車盗,甲子園,上甲子園,282049,兵庫県,西宮市,甲子園口４丁目,20241008,17,４階建て以上共同住宅,駐車（輪）場,20歳代,その他,施錠せず
窃盗,自転車盗,甲子園,上甲子園,282049,兵庫県,西宮市,甲子園口５丁目,20240711,12,その他の住宅（３階建て以下共同住宅等）,その他,10歳代,高校生,施錠せず
窃盗,自転車盗,甲子園,上甲子園,282049,兵庫県,西宮市,甲子園口５丁目,20241030,8,一戸建住宅,駐車（輪）場,10歳代,小学生,施錠した
窃盗,自転車盗,甲子園,上甲子園,282049,兵庫県,西宮市,甲子園口５丁目,20241115,21,４階建て以上共同住宅,駐車（輪）場,30歳代,その他,施錠せず
窃盗,自転車盗,甲子園,上甲子園,282049,兵庫県,西宮市,小曽根町２丁目,20240415,17,一戸建住宅,駐車（輪）場,40歳代,その他,施錠せず
窃盗,自転車盗,甲子園,上甲子園,282049,兵庫県,西宮市,小曽根町２丁目,20241011,20,その他の住宅（３階建て以下共同住宅等）,駐車（輪）場,20歳代,その他,施錠せず
窃盗,自転車盗,甲子園,上甲子園,282049,兵庫県,西宮市,小曽根町２丁目,20241130,12,一戸建住宅,駐車（輪）場,10歳代,高校生,施錠した
窃盗,自転車盗,甲子園,上甲子園,282049,兵庫県,西宮市,小曽根町３丁目,20241024,22,その他の住宅（３階建て以下共同住宅等）,駐車（輪）場,20歳代,その他,施錠せず
窃盗,自転車盗,甲子園,上甲子園,282049,兵庫県,西宮市,小曽根町４丁目,20240702,17,その他の住宅（３階建て以下共同住宅等）,駐車（輪）場,20歳代,その他,施錠せず
窃盗,自転車盗,甲子園,上甲子園,282049,兵庫県,西宮市,戸崎町,20241002,20,その他の住宅（３階建て以下共同住宅等）,駐車（輪）場,30歳代,その他,施錠せず
窃盗,自転車盗,甲子園,上甲子園,282049,兵庫県,西宮市,若草町１丁目,20241115,19,４階建て以上共同住宅,駐車（輪）場,50歳代,その他,施錠した
窃盗,自転車盗,甲子園,高須,282049,兵庫県,西宮市,高須町１丁目,20240108,20,４階建て以上共同住宅,駐車（輪）場,10歳代,高校生,施錠せず
窃盗,自転車盗,甲子園,高須,282049,兵庫県,西宮市,高須町１丁目,20240207,16,４階建て以上共同住宅,駐車（輪）場,40歳代,その他,施錠した
窃盗,自転車盗,甲子園,高須,282049,兵庫県,西宮市,高須町１丁目,20240214,9,４階建て以上共同住宅,その他,10歳代,高校生,施錠した
窃盗,自転車盗,甲子園,高須,282049,兵庫県,西宮市,高須町１丁目,20240302,17,４階建て以上共同住宅,駐車（輪）場,10歳代,中学生,施錠した
窃盗,自転車盗,甲子園,高須,282049,兵庫県,西宮市,高須町１丁目,20240227,5,４階建て以上共同住宅,駐車（輪）場,20歳代,その他,施錠した
窃盗,自転車盗,甲子園,高須,282049,兵庫県,西宮市,高須町１丁目,20240224,13,４階建て以上共同住宅,駐車（輪）場,20歳代,その他,施錠せず
窃盗,自転車盗,甲子園,高須,282049,兵庫県,西宮市,高須町１丁目,20240305,21,４階建て以上共同住宅,駐車（輪）場,20歳代,その他,施錠せず
窃盗,自転車盗,甲子園,高須,282049,兵庫県,西宮市,高須町１丁目,20230601,0,４階建て以上共同住宅,駐車（輪）場,10歳代,高校生,施錠せず
窃盗,自転車盗,甲子園,高須,282049,兵庫県,西宮市,高須町１丁目,20240323,16,４階建て以上共同住宅,その他,10歳未満,小学生,施錠した
窃盗,自転車盗,甲子園,高須,282049,兵庫県,西宮市,高須町１丁目,20240326,9,４階建て以上共同住宅,駐車（輪）場,30歳代,その他,施錠せず
窃盗,自転車盗,甲子園,高須,282049,兵庫県,西宮市,高須町１丁目,20240323,9,４階建て以上共同住宅,駐車（輪）場,10歳未満,小学生,施錠せず
窃盗,自転車盗,甲子園,高須,282049,兵庫県,西宮市,高須町１丁目,20240406,10,４階建て以上共同住宅,その他,60-64歳,その他,施錠せず
窃盗,自転車盗,甲子園,高須,282049,兵庫県,西宮市,高須町１丁目,20240412,15,４階建て以上共同住宅,駐車（輪）場,70歳以上,その他,施錠せず
窃盗,自転車盗,甲子園,高須,282049,兵庫県,西宮市,高須町１丁目,20240418,12,４階建て以上共同住宅,駐車（輪）場,10歳代,その他,施錠した
窃盗,自転車盗,甲子園,高須,282049,兵庫県,西宮市,高須町１丁目,20240504,13,４階建て以上共同住宅,駐車（輪）場,20歳代,その他,施錠した
窃盗,自転車盗,甲子園,高須,282049,兵庫県,西宮市,高須町１丁目,20240425,9,４階建て以上共同住宅,駐車（輪）場,65-69歳,その他,施錠した
窃盗,自転車盗,甲子園,高須,282049,兵庫県,西宮市,高須町１丁目,20240419,22,４階建て以上共同住宅,駐車（輪）場,10歳代,高校生,施錠せず
窃盗,自転車盗,甲子園,高須,282049,兵庫県,西宮市,高須町１丁目,20240607,9,４階建て以上共同住宅,その他,10歳代,中学生,施錠した
窃盗,自転車盗,甲子園,高須,282049,兵庫県,西宮市,高須町１丁目,20240612,17,４階建て以上共同住宅,駐車（輪）場,10歳代,高校生,施錠した
窃盗,自転車盗,甲子園,高須,282049,兵庫県,西宮市,高須町１丁目,20240707,20,一戸建住宅,駐車（輪）場,20歳代,その他,施錠せず
窃盗,自転車盗,甲子園,高須,282049,兵庫県,西宮市,高須町１丁目,20240402,8,駐車（輪）場,駐車（輪）場,50歳代,その他,施錠せず
窃盗,自転車盗,甲子園,高須,282049,兵庫県,西宮市,高須町１丁目,20240713,16,４階建て以上共同住宅,駐車（輪）場,10歳未満,小学生,施錠せず
窃盗,自転車盗,甲子園,高須,282049,兵庫県,西宮市,高須町１丁目,20240723,17,４階建て以上共同住宅,駐車（輪）場,10歳未満,小学生,施錠せず
窃盗,自転車盗,甲子園,高須,282049,兵庫県,西宮市,高須町１丁目,20240802,20,その他,その他,10歳代,高校生,施錠した
窃盗,自転車盗,甲子園,高須,282049,兵庫県,西宮市,高須町１丁目,20240809,13,４階建て以上共同住宅,駐車（輪）場,10歳未満,小学生,施錠した
窃盗,自転車盗,甲子園,高須,282049,兵庫県,西宮市,高須町１丁目,20240814,13,その他,駐車（輪）場,10歳代,小学生,施錠せず
窃盗,自転車盗,甲子園,高須,282049,兵庫県,西宮市,高須町１丁目,20240823,17,４階建て以上共同住宅,駐車（輪）場,30歳代,その他,施錠した
窃盗,自転車盗,甲子園,高須,282049,兵庫県,西宮市,高須町１丁目,20240928,17,４階建て以上共同住宅,駐車（輪）場,20歳代,その他,施錠した
窃盗,自転車盗,甲子園,高須,282049,兵庫県,西宮市,高須町１丁目,20240923,17,４階建て以上共同住宅,駐車（輪）場,20歳代,その他,施錠した
窃盗,自転車盗,甲子園,高須,282049,兵庫県,西宮市,高須町１丁目,20241010,16,４階建て以上共同住宅,駐車（輪）場,40歳代,その他,施錠した
窃盗,自転車盗,甲子園,高須,282049,兵庫県,西宮市,高須町１丁目,20241027,12,道路上,その他,50歳代,その他,施錠せず
窃盗,自転車盗,甲子園,高須,282049,兵庫県,西宮市,高須町１丁目,20241101,14,４階建て以上共同住宅,駐車（輪）場,40歳代,その他,施錠した
窃盗,自転車盗,甲子園,高須,282049,兵庫県,西宮市,高須町１丁目,20241111,20,４階建て以上共同住宅,駐車（輪）場,20歳代,その他,施錠した
窃盗,自転車盗,甲子園,高須,282049,兵庫県,西宮市,高須町１丁目,20241220,9,４階建て以上共同住宅,駐車（輪）場,10歳代,中学生,施錠せず
窃盗,自転車盗,甲子園,高須,282049,兵庫県,西宮市,高須町２丁目,20240106,3,４階建て以上共同住宅,駐車（輪）場,20歳代,その他,施錠した
窃盗,自転車盗,甲子園,高須,282049,兵庫県,西宮市,高須町２丁目,20240123,8,４階建て以上共同住宅,その他,10歳未満,小学生,施錠せず
窃盗,自転車盗,甲子園,高須,282049,兵庫県,西宮市,高須町２丁目,20240208,8,４階建て以上共同住宅,駐車（輪）場,10歳未満,小学生,施錠した
窃盗,自転車盗,甲子園,高須,282049,兵庫県,西宮市,高須町２丁目,20240229,8,その他,駐車（輪）場,10歳代,高校生,施錠せず
窃盗,自転車盗,甲子園,高須,282049,兵庫県,西宮市,高須町２丁目,20240319,10,４階建て以上共同住宅,駐車（輪）場,10歳代,その他,施錠した
窃盗,自転車盗,甲子園,高須,282049,兵庫県,西宮市,高須町２丁目,20240609,8,その他,駐車（輪）場,10歳代,高校生,施錠せず
窃盗,自転車盗,甲子園,高須,282049,兵庫県,西宮市,高須町２丁目,20240613,7,４階建て以上共同住宅,駐車（輪）場,30歳代,その他,施錠せず
窃盗,自転車盗,甲子園,高須,282049,兵庫県,西宮市,高須町２丁目,20240623,13,４階建て以上共同住宅,駐車（輪）場,10歳代,高校生,施錠せず
窃盗,自転車盗,甲子園,高須,282049,兵庫県,西宮市,高須町２丁目,20240705,16,４階建て以上共同住宅,駐車（輪）場,10歳代,高校生,施錠した
窃盗,自転車盗,甲子園,高須,282049,兵庫県,西宮市,高須町２丁目,20240707,17,４階建て以上共同住宅,駐車（輪）場,30歳代,その他,施錠せず
窃盗,自転車盗,甲子園,高須,282049,兵庫県,西宮市,高須町２丁目,20240721,9,４階建て以上共同住宅,その他,40歳代,その他,施錠せず
窃盗,自転車盗,甲子園,高須,282049,兵庫県,西宮市,高須町２丁目,20240828,9,４階建て以上共同住宅,駐車（輪）場,30歳代,その他,施錠せず
窃盗,自転車盗,甲子園,高須,282049,兵庫県,西宮市,高須町２丁目,20240928,14,４階建て以上共同住宅,駐車（輪）場,40歳代,その他,施錠した
窃盗,自転車盗,甲子園,高須,282049,兵庫県,西宮市,高須町２丁目,20241011,15,４階建て以上共同住宅,駐車（輪）場,70歳以上,その他,施錠せず
窃盗,自転車盗,甲子園,高須,282049,兵庫県,西宮市,高須町２丁目,20241109,21,４階建て以上共同住宅,駐車（輪）場,20歳代,その他,施錠せず
窃盗,自転車盗,尼崎南,東難波,282022,兵庫県,尼崎市,西難波町３丁目,20240221,18,駐車（輪）場,駐車（輪）場,40歳代,その他,施錠せず
窃盗,自転車盗,尼崎南,東難波,282022,兵庫県,尼崎市,西難波町３丁目,20240328,15,その他,駐車（輪）場,10歳代,小学生,施錠せず
窃盗,自転車盗,尼崎南,東難波,282022,兵庫県,尼崎市,西難波町３丁目,20240902,19,その他の住宅（３階建て以下共同住宅等）,その他,50歳代,その他,施錠した
窃盗,自転車盗,尼崎南,東難波,282022,兵庫県,尼崎市,西難波町３丁目,20241018,17,一戸建住宅,その他,10歳代,中学生,施錠せず
窃盗,自転車盗,尼崎南,東難波,282022,兵庫県,尼崎市,西難波町４丁目,20240610,18,４階建て以上共同住宅,駐車（輪）場,10歳代,中学生,施錠せず
窃盗,自転車盗,尼崎南,東難波,282022,兵庫県,尼崎市,西難波町４丁目,20240610,17,一戸建住宅,駐車（輪）場,10歳代,大学生,施錠せず
窃盗,自転車盗,尼崎南,東難波,282022,兵庫県,尼崎市,西難波町４丁目,20240628,23,４階建て以上共同住宅,駐車（輪）場,20歳代,大学生,施錠した
窃盗,自転車盗,尼崎南,東難波,282022,兵庫県,尼崎市,西難波町４丁目,20240719,22,４階建て以上共同住宅,駐車（輪）場,20歳代,その他,施錠せず
窃盗,自転車盗,尼崎南,東難波,282022,兵庫県,尼崎市,西難波町４丁目,20240825,17,その他の住宅（３階建て以下共同住宅等）,駐車（輪）場,20歳代,その他,施錠せず
窃盗,自転車盗,尼崎南,東難波,282022,兵庫県,尼崎市,東難波町４丁目,20240608,12,４階建て以上共同住宅,駐車（輪）場,30歳代,その他,施錠した
窃盗,自転車盗,尼崎南,東難波,282022,兵庫県,尼崎市,東難波町４丁目,20240612,12,４階建て以上共同住宅,駐車（輪）場,65-69歳,その他,施錠せず
窃盗,自転車盗,尼崎南,東難波,282022,兵庫県,尼崎市,東難波町４丁目,20240722,5,その他,駐車（輪）場,50歳代,その他,施錠せず
窃盗,自転車盗,尼崎南,東難波,282022,兵庫県,尼崎市,東難波町４丁目,20240723,16,４階建て以上共同住宅,駐車（輪）場,10歳代,大学生,施錠せず
窃盗,自転車盗,尼崎南,東難波,282022,兵庫県,尼崎市,東難波町４丁目,20240807,4,道路上,その他,20歳代,その他,施錠せず
窃盗,自転車盗,尼崎南,東難波,282022,兵庫県,尼崎市,東難波町４丁目,20240904,19,４階建て以上共同住宅,駐車（輪）場,40歳代,その他,施錠した
窃盗,自転車盗,尼崎南,東難波,282022,兵庫県,尼崎市,東難波町４丁目,20240917,18,その他の住宅（３階建て以下共同住宅等）,駐車（輪）場,30歳代,その他,施錠した
窃盗,自転車盗,尼崎南,東難波,282022,兵庫県,尼崎市,東難波町４丁目,20241101,13,４階建て以上共同住宅,駐車（輪）場,65-69歳,その他,施錠した
窃盗,自転車盗,尼崎南,東難波,282022,兵庫県,尼崎市,東難波町５丁目,20240226,8,その他,駐車（輪）場,40歳代,その他,施錠した
窃盗,自転車盗,尼崎南,東難波,282022,兵庫県,尼崎市,東難波町５丁目,20240325,13,４階建て以上共同住宅,駐車（輪）場,20歳代,その他,施錠した
窃盗,自転車盗,尼崎南,東難波,282022,兵庫県,尼崎市,東難波町５丁目,20240404,18,４階建て以上共同住宅,駐車（輪）場,10歳代,高校生,施錠せず
窃盗,自転車盗,尼崎南,東難波,282022,兵庫県,尼崎市,東難波町５丁目,20240409,14,その他,駐車（輪）場,20歳代,大学生,施錠せず
窃盗,自転車盗,尼崎南,東難波,282022,兵庫県,尼崎市,東難波町５丁目,20240331,15,その他,駐車（輪）場,50歳代,その他,施錠せず
窃盗,自転車盗,尼崎南,東難波,282022,兵庫県,尼崎市,東難波町５丁目,20240407,11,４階建て以上共同住宅,駐車（輪）場,20歳代,その他,施錠した
窃盗,自転車盗,尼崎南,東難波,282022,兵庫県,尼崎市,東難波町５丁目,20240615,19,その他,駐車（輪）場,50歳代,その他,施錠せず
窃盗,自転車盗,尼崎南,東難波,282022,兵庫県,尼崎市,東難波町５丁目,20240813,14,４階建て以上共同住宅,駐車（輪）場,50歳代,その他,施錠せず
窃盗,自転車盗,尼崎南,東難波,282022,兵庫県,尼崎市,東難波町５丁目,20240820,14,道路上,その他,10歳代,中学生,施錠せず
窃盗,自転車盗,尼崎南,東難波,282022,兵庫県,尼崎市,東難波町５丁目,20240821,20,４階建て以上共同住宅,駐車（輪）場,20歳代,その他,施錠した
窃盗,自転車盗,尼崎南,東難波,282022,兵庫県,尼崎市,東難波町５丁目,20241031,2,道路上,その他,30歳代,その他,施錠せず
窃盗,自転車盗,尼崎南,西難波,282022,兵庫県,尼崎市,西難波町１丁目,20240120,1,４階建て以上共同住宅,駐車（輪）場,20歳代,その他,施錠せず
窃盗,自転車盗,尼崎南,西難波,282022,兵庫県,尼崎市,西難波町１丁目,20240216,21,４階建て以上共同住宅,駐車（輪）場,30歳代,その他,施錠せず
窃盗,自転車盗,尼崎南,西難波,282022,兵庫県,尼崎市,西難波町１丁目,20240215,19,４階建て以上共同住宅,駐車（輪）場,20歳代,その他,施錠した
窃盗,自転車盗,尼崎南,西難波,282022,兵庫県,尼崎市,西難波町１丁目,20240220,16,４階建て以上共同住宅,駐車（輪）場,30歳代,その他,施錠した
窃盗,自転車盗,尼崎南,西難波,282022,兵庫県,尼崎市,西難波町１丁目,20240522,12,一戸建住宅,駐車（輪）場,50歳代,その他,施錠せず
窃盗,自転車盗,尼崎南,西難波,282022,兵庫県,尼崎市,西難波町１丁目,20240530,21,４階建て以上共同住宅,駐車（輪）場,50歳代,その他,施錠した
窃盗,自転車盗,尼崎南,西難波,282022,兵庫県,尼崎市,西難波町１丁目,20240704,20,４階建て以上共同住宅,駐車（輪）場,10歳代,小学生,施錠せず
窃盗,自転車盗,尼崎南,西難波,282022,兵庫県,尼崎市,西難波町１丁目,20240801,21,道路上,その他,30歳代,その他,施錠せず
窃盗,自転車盗,尼崎南,西難波,282022,兵庫県,尼崎市,西難波町１丁目,20240908,20,道路上,その他,30歳代,その他,施錠せず
窃盗,自転車盗,尼崎南,西難波,282022,兵庫県,尼崎市,西難波町１丁目,20240829,0,その他の住宅（３階建て以下共同住宅等）,駐車（輪）場,30歳代,その他,施錠した
窃盗,自転車盗,尼崎南,西難波,282022,兵庫県,尼崎市,西難波町１丁目,20240925,18,その他の住宅（３階建て以下共同住宅等）,駐車（輪）場,30歳代,その他,施錠した
窃盗,自転車盗,尼崎南,西難波,282022,兵庫県,尼崎市,西難波町１丁目,20241008,6,その他の住宅（３階建て以下共同住宅等）,駐車（輪）場,30歳代,その他,施錠せず
窃盗,自転車盗,尼崎南,西難波,282022,兵庫県,尼崎市,西難波町１丁目,20241006,2,その他,その他,20歳代,その他,施錠した
窃盗,自転車盗,尼崎南,西難波,282022,兵庫県,尼崎市,西難波町１丁目,20241102,12,その他の住宅（３階建て以下共同住宅等）,駐車（輪）場,40歳代,その他,施錠せず
窃盗,自転車盗,尼崎南,西難波,282022,兵庫県,尼崎市,西難波町２丁目,20240510,17,一戸建住宅,駐車（輪）場,70歳以上,その他,施錠せず
窃盗,自転車盗,尼崎南,西難波,282022,兵庫県,尼崎市,西難波町２丁目,20240815,7,道路上,その他,50歳代,その他,施錠せず
窃盗,自転車盗,尼崎南,西難波,282022,兵庫県,尼崎市,西難波町５丁目,20240309,0,その他の住宅（３階建て以下共同住宅等）,駐車（輪）場,20歳代,その他,施錠した
窃盗,自転車盗,尼崎南,西難波,282022,兵庫県,尼崎市,西難波町５丁目,20240427,21,４階建て以上共同住宅,駐車（輪）場,10歳代,高校生,施錠した
窃盗,自転車盗,尼崎南,西難波,282022,兵庫県,尼崎市,西難波町５丁目,20240803,12,４階建て以上共同住宅,駐車（輪）場,70歳以上,その他,施錠した
窃盗,自転車盗,尼崎南,西難波,282022,兵庫県,尼崎市,西難波町５丁目,20240821,19,一戸建住宅,駐車（輪）場,10歳代,高校生,施錠せず
窃盗,自転車盗,尼崎南,西難波,282022,兵庫県,尼崎市,西難波町５丁目,20240914,15,道路上,その他,60-64歳,その他,施錠した
窃盗,自転車盗,尼崎南,西難波,282022,兵庫県,尼崎市,西難波町５丁目,20241008,1,一戸建住宅,駐車（輪）場,30歳代,その他,施錠した
窃盗,自転車盗,尼崎南,西難波,282022,兵庫県,尼崎市,西難波町５丁目,20241029,13,道路上,その他,70歳以上,その他,施錠した
窃盗,自転車盗,尼崎南,西難波,282022,兵庫県,尼崎市,西難波町６丁目,20240318,18,４階建て以上共同住宅,駐車（輪）場,10歳代,小学生,施錠せず
窃盗,自転車盗,尼崎南,西難波,282022,兵庫県,尼崎市,西難波町６丁目,20240706,12,一戸建住宅,駐車（輪）場,40歳代,その他,施錠せず
窃盗,自転車盗,尼崎南,西難波,282022,兵庫県,尼崎市,西難波町６丁目,20240703,15,一戸建住宅,駐車（輪）場,10歳代,小学生,施錠せず
窃盗,自転車盗,尼崎南,西難波,282022,兵庫県,尼崎市,東難波町１丁目,20240326,8,その他,駐車（輪）場,30歳代,その他,施錠した
窃盗,自転車盗,尼崎南,西難波,282022,兵庫県,尼崎市,東難波町１丁目,20240615,19,４階建て以上共同住宅,駐車（輪）場,20歳代,大学生,施錠せず
窃盗,自転車盗,尼崎南,西難波,282022,兵庫県,尼崎市,東難波町２丁目,20240127,8,その他,駐車（輪）場,20歳代,その他,施錠した
窃盗,自転車盗,尼崎南,西難波,282022,兵庫県,尼崎市,東難波町２丁目,20240207,17,その他,駐車（輪）場,20歳代,その他,施錠した
窃盗,自転車盗,尼崎南,西難波,282022,兵庫県,尼崎市,東難波町２丁目,20240521,17,その他,駐車（輪）場,10歳代,その他,施錠せず
窃盗,自転車盗,尼崎南,西難波,282022,兵庫県,尼崎市,東難波町２丁目,20240606,9,その他の住宅（３階建て以下共同住宅等）,駐車（輪）場,20歳代,その他,施錠せず
窃盗,自転車盗,尼崎南,西難波,282022,兵庫県,尼崎市,東難波町２丁目,20240802,18,４階建て以上共同住宅,駐車（輪）場,50歳代,その他,施錠した
窃盗,自転車盗,尼崎南,西難波,282022,兵庫県,尼崎市,東難波町２丁目,20240918,8,その他,駐車（輪）場,20歳代,その他,施錠した
窃盗,自転車盗,尼崎南,西難波,282022,兵庫県,尼崎市,東難波町２丁目,20241202,21,その他の住宅（３階建て以下共同住宅等）,駐車（輪）場,10歳代,中学生,施錠せず
窃盗,自転車盗,尼崎南,西難波,282022,兵庫県,尼崎市,東難波町３丁目,20240321,17,４階建て以上共同住宅,駐車（輪）場,40歳代,その他,施錠した
窃盗,自転車盗,尼崎南,西難波,282022,兵庫県,尼崎市,東難波町３丁目,20240707,20,４階建て以上共同住宅,駐車（輪）場,20歳代,その他,施錠せず
窃盗,自転車盗,尼崎南,西難波,282022,兵庫県,尼崎市,東難波町３丁目,20240724,11,４階建て以上共同住宅,駐車（輪）場,70歳以上,その他,施錠せず
窃盗,自転車盗,尼崎南,西難波,282022,兵庫県,尼崎市,東難波町３丁目,20240714,8,４階建て以上共同住宅,駐車（輪）場,20歳代,その他,施錠せず
窃盗,自転車盗,尼崎南,西難波,282022,兵庫県,尼崎市,東難波町３丁目,20240920,16,４階建て以上共同住宅,駐車（輪）場,50歳代,その他,施錠せず
窃盗,自転車盗,尼崎南,西難波,282022,兵庫県,尼崎市,東難波町３丁目,20241024,12,その他の住宅（３階建て以下共同住宅等）,駐車（輪）場,20歳代,その他,施錠せず
窃盗,自転車盗,尼崎南,西難波,282022,兵庫県,尼崎市,東難波町３丁目,20241206,13,４階建て以上共同住宅,駐車（輪）場,10歳代,高校生,施錠せず
窃盗,自転車盗,尼崎南,西難波,282022,兵庫県,尼崎市,蓬川荘園,20240729,12,道路上,その他,10歳代,高校生,施錠せず
窃盗,自転車盗,尼崎南,昭和通,282022,兵庫県,尼崎市,神田南通２丁目,20240216,19,４階建て以上共同住宅,駐車（輪）場,20歳代,その他,施錠した
窃盗,自転車盗,尼崎南,昭和通,282022,兵庫県,尼崎市,西難波町４丁目,20240110,12,一戸建住宅,その他,40歳代,その他,施錠せず
窃盗,自転車盗,尼崎南,竹谷,282022,兵庫県,尼崎市,神田北通５丁目,20240403,10,その他,駐車（輪）場,20歳代,その他,施錠せず
窃盗,自転車盗,尼崎南,竹谷,282022,兵庫県,尼崎市,神田北通５丁目,20240518,9,その他,駐車（輪）場,30歳代,その他,施錠せず
窃盗,自転車盗,尼崎南,竹谷,282022,兵庫県,尼崎市,神田北通６丁目,20240226,17,道路上,その他,20歳代,その他,施錠せず
窃盗,自転車盗,尼崎南,竹谷,282022,兵庫県,尼崎市,神田北通６丁目,20240731,23,４階建て以上共同住宅,駐車（輪）場,20歳代,大学生,施錠せず
窃盗,自転車盗,尼崎南,竹谷,282022,兵庫県,尼崎市,神田北通６丁目,20241110,19,その他の住宅（３階建て以下共同住宅等）,駐車（輪）場,20歳代,その他,施錠せず
窃盗,自転車盗,尼崎南,竹谷,282022,兵庫県,尼崎市,神田北通６丁目,20241120,8,４階建て以上共同住宅,駐車（輪）場,50歳代,その他,施錠せず
窃盗,自転車盗,尼崎南,竹谷,282022,兵庫県,尼崎市,神田北通６丁目,20241207,17,その他の住宅（３階建て以下共同住宅等）,駐車（輪）場,30歳代,その他,施錠した
窃盗,自転車盗,尼崎南,竹谷,282022,兵庫県,尼崎市,神田中通６丁目,20241201,19,道路上,その他,40歳代,その他,施錠した
窃盗,自転車盗,尼崎南,竹谷,282022,兵庫県,尼崎市,神田南通５丁目,20241116,19,その他の住宅（３階建て以下共同住宅等）,その他,40歳代,その他,施錠せず
窃盗,自転車盗,尼崎南,竹谷,282022,兵庫県,尼崎市,神田南通６丁目,20240125,7,道路上,その他,10歳代,高校生,施錠せず
窃盗,自転車盗,尼崎南,竹谷,282022,兵庫県,尼崎市,北竹谷町３丁目,20240811,18,その他の住宅（３階建て以下共同住宅等）,駐車（輪）場,40歳代,その他,施錠した
窃盗,自転車盗,尼崎南,竹谷,282022,兵庫県,尼崎市,北竹谷町３丁目,20240831,20,その他の住宅（３階建て以下共同住宅等）,駐車（輪）場,20歳代,その他,施錠せず
窃盗,自転車盗,尼崎南,竹谷,282022,兵庫県,尼崎市,北竹谷町３丁目,20241019,12,その他の住宅（３階建て以下共同住宅等）,駐車（輪）場,50歳代,その他,施錠した
窃盗,自転車盗,尼崎南,竹谷,282022,兵庫県,尼崎市,北竹谷町３丁目,20241031,18,その他の住宅（３階建て以下共同住宅等）,駐車（輪）場,50歳代,その他,施錠した
窃盗,自転車盗,尼崎南,竹谷,282022,兵庫県,尼崎市,北竹谷町３丁目,20241109,20,その他の住宅（３階建て以下共同住宅等）,駐車（輪）場,10歳代,大学生,施錠した
窃盗,自転車盗,尼崎南,竹谷,282022,兵庫県,尼崎市,北竹谷町３丁目,20241112,9,その他,その他,70歳以上,その他,施錠せず
窃盗,自転車盗,尼崎南,竹谷,282022,兵庫県,尼崎市,昭和通６丁目,20240719,15,道路上,その他,65-69歳,その他,施錠せず
窃盗,自転車盗,尼崎南,竹谷,282022,兵庫県,尼崎市,昭和通７丁目,20240814,17,道路上,その他,50歳代,その他,施錠せず
窃盗,自転車盗,尼崎南,竹谷,282022,兵庫県,尼崎市,昭和通７丁目,20241215,22,道路上,その他,30歳代,その他,施錠せず
窃盗,自転車盗,尼崎南,竹谷,282022,兵庫県,尼崎市,昭和通９丁目,20240422,9,道路上,その他,40歳代,その他,施錠せず
窃盗,自転車盗,尼崎南,竹谷,282022,兵庫県,尼崎市,昭和南通６丁目,20240719,20,道路上,その他,20歳代,その他,施錠せず
窃盗,自転車盗,尼崎南,竹谷,282022,兵庫県,尼崎市,昭和南通７丁目,20241018,14,その他の住宅（３階建て以下共同住宅等）,駐車（輪）場,60-64歳,その他,施錠した
窃盗,自転車盗,尼崎南,竹谷,282022,兵庫県,尼崎市,昭和南通８丁目,20240914,17,その他の住宅（３階建て以下共同住宅等）,駐車（輪）場,70歳以上,その他,施錠した
窃盗,自転車盗,尼崎南,竹谷,282022,兵庫県,尼崎市,建家町,20240621,16,４階建て以上共同住宅,駐車（輪）場,10歳代,中学生,施錠せず
窃盗,自転車盗,尼崎南,竹谷,282022,兵庫県,尼崎市,西本町８丁目,20240418,21,４階建て以上共同住宅,駐車（輪）場,60-64歳,その他,施錠せず
窃盗,自転車盗,尼崎南,竹谷,282022,兵庫県,尼崎市,宮内町１丁目,20240522,17,道路上,その他,70歳以上,その他,施錠せず
窃盗,自転車盗,尼崎南,竹谷,282022,兵庫県,尼崎市,宮内町１丁目,20240907,19,一戸建住宅,駐車（輪）場,20歳代,その他,施錠した
窃盗,自転車盗,尼崎南,出屋敷,282022,兵庫県,尼崎市,竹谷町１丁目,20240512,19,４階建て以上共同住宅,駐車（輪）場,20歳代,その他,施錠せず
窃盗,自転車盗,尼崎南,出屋敷,282022,兵庫県,尼崎市,竹谷町２丁目,20240102,17,その他,駐車（輪）場,40歳代,その他,施錠せず
窃盗,自転車盗,尼崎南,出屋敷,282022,兵庫県,尼崎市,竹谷町２丁目,20240328,18,道路上,その他,10歳代,中学生,施錠した
窃盗,自転車盗,尼崎南,出屋敷,282022,兵庫県,尼崎市,竹谷町２丁目,20241023,7,道路上,その他,20歳代,大学生,施錠した
窃盗,自転車盗,尼崎南,出屋敷,282022,兵庫県,尼崎市,南竹谷町２丁目,20240108,20,その他の住宅（３階建て以下共同住宅等）,駐車（輪）場,20歳代,その他,施錠せず
窃盗,自転車盗,尼崎南,出屋敷,282022,兵庫県,尼崎市,南竹谷町２丁目,20240520,18,４階建て以上共同住宅,駐車（輪）場,70歳以上,その他,施錠した
窃盗,自転車盗,尼崎南,出屋敷,282022,兵庫県,尼崎市,南竹谷町２丁目,20240608,22,その他,その他,50歳代,その他,施錠した
窃盗,自転車盗,尼崎南,出屋敷,282022,兵庫県,尼崎市,南竹谷町２丁目,20241117,22,４階建て以上共同住宅,駐車（輪）場,50歳代,その他,施錠した
窃盗,自転車盗,尼崎南,中央,282022,兵庫県,尼崎市,開明町２丁目,20240125,8,その他の住宅（３階建て以下共同住宅等）,駐車（輪）場,30歳代,その他,施錠した
窃盗,自転車盗,尼崎南,中央,282022,兵庫県,尼崎市,開明町２丁目,20241118,15,駐車（輪）場,駐車（輪）場,20歳代,その他,施錠した
窃盗,自転車盗,尼崎南,中央,282022,兵庫県,尼崎市,神田北通,20241227,16,４階建て以上共同住宅,駐車（輪）場,65-69歳,その他,施錠せず
窃盗,自転車盗,尼崎南,中央,282022,兵庫県,尼崎市,神田北通１丁目,20240503,15,その他,駐車（輪）場,40歳代,その他,施錠せず
窃盗,自転車盗,尼崎南,中央,282022,兵庫県,尼崎市,神田北通１丁目,20240607,18,道路上,その他,10歳代,高校生,施錠せず
窃盗,自転車盗,尼崎南,中央,282022,兵庫県,尼崎市,神田北通１丁目,20240910,18,駐車（輪）場,駐車（輪）場,20歳代,その他,施錠せず
窃盗,自転車盗,尼崎南,中央,282022,兵庫県,尼崎市,神田北通２丁目,20240308,21,道路上,その他,20歳代,その他,施錠せず
窃盗,自転車盗,尼崎南,中央,282022,兵庫県,尼崎市,神田北通２丁目,20240316,20,道路上,その他,40歳代,その他,施錠した
窃盗,自転車盗,尼崎南,中央,282022,兵庫県,尼崎市,神田北通２丁目,20240529,12,道路上,その他,20歳代,その他,施錠した
窃盗,自転車盗,尼崎南,中央,282022,兵庫県,尼崎市,神田北通２丁目,20240603,20,道路上,その他,20歳代,大学生,施錠した
窃盗,自転車盗,尼崎南,中央,282022,兵庫県,尼崎市,神田北通２丁目,20241009,22,駐車（輪）場,駐車（輪）場,20歳代,その他,施錠せず
窃盗,自転車盗,尼崎南,中央,282022,兵庫県,尼崎市,神田北通２丁目,20241111,10,４階建て以上共同住宅,駐車（輪）場,65-69歳,その他,施錠せず
窃盗,自転車盗,尼崎南,中央,282022,兵庫県,尼崎市,神田北通２丁目,20241102,16,その他,駐車（輪）場,20歳代,その他,施錠せず
窃盗,自転車盗,尼崎南,中央,282022,兵庫県,尼崎市,神田北通２丁目,20241214,2,道路上,その他,20歳代,大学生,施錠せず
窃盗,自転車盗,尼崎南,中央,282022,兵庫県,尼崎市,神田北通２丁目,20241221,17,道路上,その他,10歳代,大学生,施錠せず
窃盗,自転車盗,尼崎南,中央,282022,兵庫県,尼崎市,神田中通１丁目,20240216,21,その他,駐車（輪）場,10歳代,その他,施錠せず
窃盗,自転車盗,尼崎南,中央,282022,兵庫県,尼崎市,神田中通１丁目,20240216,22,その他,駐車（輪）場,20歳代,その他,施錠せず
窃盗,自転車盗,尼崎南,中央,282022,兵庫県,尼崎市,神田中通１丁目,20240305,0,駐車（輪）場,駐車（輪）場,50歳代,その他,施錠せず
窃盗,自転車盗,尼崎南,中央,282022,兵庫県,尼崎市,神田中通１丁目,20240402,18,道路上,その他,50歳代,その他,施錠した
窃盗,自転車盗,尼崎南,中央,282022,兵庫県,尼崎市,神田中通１丁目,20240315,7,道路上,その他,10歳代,高校生,施錠せず
窃盗,自転車盗,尼崎南,中央,282022,兵庫県,尼崎市,神田中通１丁目,20240423,8,その他,駐車（輪）場,30歳代,その他,施錠せず
窃盗,自転車盗,尼崎南,中央,282022,兵庫県,尼崎市,神田中通１丁目,20240423,8,その他,駐車（輪）場,30歳代,その他,施錠せず
窃盗,自転車盗,尼崎南,中央,282022,兵庫県,尼崎市,神田中通１丁目,20240505,19,その他,駐車（輪）場,50歳代,その他,施錠せず
窃盗,自転車盗,尼崎南,中央,282022,兵庫県,尼崎市,神田中通１丁目,20240505,0,その他,駐車（輪）場,10歳代,大学生,施錠した
窃盗,自転車盗,尼崎南,中央,282022,兵庫県,尼崎市,神田中通１丁目,20240503,17,その他,駐車（輪）場,65-69歳,その他,施錠した
窃盗,自転車盗,尼崎南,中央,282022,兵庫県,尼崎市,神田中通１丁目,20240528,8,その他,駐車（輪）場,30歳代,その他,施錠せず
窃盗,自転車盗,尼崎南,中央,282022,兵庫県,尼崎市,神田中通１丁目,20240614,10,その他,駐車（輪）場,70歳以上,その他,施錠した
窃盗,自転車盗,尼崎南,中央,282022,兵庫県,尼崎市,神田中通１丁目,20240623,11,その他,駐車（輪）場,20歳代,その他,施錠した
窃盗,自転車盗,尼崎南,中央,282022,兵庫県,尼崎市,神田中通１丁目,20240518,18,その他,駐車（輪）場,10歳代,その他,施錠した
窃盗,自転車盗,尼崎南,中央,282022,兵庫県,尼崎市,神田中通１丁目,20240712,19,その他,駐車（輪）場,20歳代,その他,施錠せず
窃盗,自転車盗,尼崎南,中央,282022,兵庫県,尼崎市,神田中通１丁目,20240705,23,その他,駐車（輪）場,40歳代,その他,施錠した
窃盗,自転車盗,尼崎南,中央,282022,兵庫県,尼崎市,神田中通１丁目,20240921,18,道路上,その他,20歳代,その他,施錠した
窃盗,自転車盗,尼崎南,中央,282022,兵庫県,尼崎市,神田中通１丁目,20240927,7,その他,駐車（輪）場,30歳代,その他,施錠した
窃盗,自転車盗,尼崎南,中央,282022,兵庫県,尼崎市,神田中通１丁目,20241102,17,その他,駐車（輪）場,10歳代,高校生,施錠せず
窃盗,自転車盗,尼崎南,中央,282022,兵庫県,尼崎市,神田中通１丁目,20210630,9,その他,駐車（輪）場,30歳代,その他,施錠した
窃盗,自転車盗,尼崎南,中央,282022,兵庫県,尼崎市,神田中通１丁目,20241123,18,その他,駐車（輪）場,30歳代,その他,施錠した
窃盗,自転車盗,尼崎南,中央,282022,兵庫県,尼崎市,神田中通１丁目,20241027,22,その他,駐車（輪）場,50歳代,その他,施錠せず
窃盗,自転車盗,尼崎南,中央,282022,兵庫県,尼崎市,神田中通２丁目,20240209,13,道路上,その他,10歳代,高校生,施錠した
窃盗,自転車盗,尼崎南,中央,282022,兵庫県,尼崎市,神田中通２丁目,20240224,10,道路上,その他,10歳代,高校生,施錠せず
窃盗,自転車盗,尼崎南,中央,282022,兵庫県,尼崎市,神田中通２丁目,20240320,23,道路上,その他,10歳代,その他,施錠した
窃盗,自転車盗,尼崎南,中央,282022,兵庫県,尼崎市,神田中通２丁目,20240405,7,道路上,その他,20歳代,その他,施錠せず
窃盗,自転車盗,尼崎南,中央,282022,兵庫県,尼崎市,神田中通２丁目,20240413,18,道路上,その他,10歳代,高校生,施錠した
窃盗,自転車盗,尼崎南,中央,282022,兵庫県,尼崎市,神田中通２丁目,20240422,2,道路上,その他,30歳代,その他,施錠せず
窃盗,自転車盗,尼崎南,中央,282022,兵庫県,尼崎市,神田中通２丁目,20240529,19,駐車（輪）場,駐車（輪）場,20歳代,その他,施錠せず
窃盗,自転車盗,尼崎南,中央,282022,兵庫県,尼崎市,神田中通２丁目,20240601,18,駐車（輪）場,駐車（輪）場,50歳代,その他,施錠せず
窃盗,自転車盗,尼崎南,中央,282022,兵庫県,尼崎市,神田中通２丁目,20240609,16,道路上,その他,10歳代,高校生,施錠せず
窃盗,自転車盗,尼崎南,中央,282022,兵庫県,尼崎市,神田中通２丁目,20240501,不明,道路上,その他,70歳以上,その他,施錠した
窃盗,自転車盗,尼崎南,中央,282022,兵庫県,尼崎市,神田中通２丁目,20240627,21,道路上,その他,10歳代,その他,施錠した
窃盗,自転車盗,尼崎南,中央,282022,兵庫県,尼崎市,神田中通２丁目,20240706,14,駐車（輪）場,駐車（輪）場,40歳代,その他,施錠せず
窃盗,自転車盗,尼崎南,中央,282022,兵庫県,尼崎市,神田中通２丁目,20240708,22,道路上,その他,50歳代,その他,施錠した
窃盗,自転車盗,尼崎南,中央,282022,兵庫県,尼崎市,神田中通２丁目,20240731,13,道路上,その他,10歳代,大学生,施錠せず
窃盗,自転車盗,尼崎南,中央,282022,兵庫県,尼崎市,神田中通２丁目,20240721,23,道路上,その他,20歳代,その他,施錠した
窃盗,自転車盗,尼崎南,中央,282022,兵庫県,尼崎市,神田中通２丁目,20240828,11,その他,駐車（輪）場,30歳代,その他,施錠せず
窃盗,自転車盗,尼崎南,中央,282022,兵庫県,尼崎市,神田中通２丁目,20240917,16,駐車（輪）場,駐車（輪）場,30歳代,その他,施錠した
窃盗,自転車盗,尼崎南,中央,282022,兵庫県,尼崎市,神田中通２丁目,20240715,17,その他,その他,30歳代,その他,施錠せず
窃盗,自転車盗,尼崎南,中央,282022,兵庫県,尼崎市,神田中通２丁目,20241011,0,道路上,その他,10歳代,大学生,施錠せず
窃盗,自転車盗,尼崎南,中央,282022,兵庫県,尼崎市,神田中通２丁目,20241105,22,道路上,その他,60-64歳,その他,施錠した
窃盗,自転車盗,尼崎南,中央,282022,兵庫県,尼崎市,神田中通２丁目,20241112,12,道路上,その他,10歳代,高校生,施錠した
窃盗,自転車盗,尼崎南,中央,282022,兵庫県,尼崎市,神田中通２丁目,20241128,4,道路上,その他,10歳代,その他,施錠せず
窃盗,自転車盗,尼崎南,中央,282022,兵庫県,尼崎市,神田中通２丁目,20241126,12,その他,駐車（輪）場,20歳代,その他,施錠した
窃盗,自転車盗,尼崎南,中央,282022,兵庫県,尼崎市,神田中通２丁目,20241121,17,道路上,その他,10歳代,その他,施錠せず
窃盗,自転車盗,尼崎南,中央,282022,兵庫県,尼崎市,神田中通２丁目,20241211,11,道路上,その他,20歳代,大学生,施錠した
窃盗,自転車盗,尼崎南,中央,282022,兵庫県,尼崎市,神田中通２丁目,20241218,14,道路上,その他,10歳代,高校生,施錠した
窃盗,自転車盗,尼崎南,中央,282022,兵庫県,尼崎市,神田中通３丁目,20231228,18,その他,駐車（輪）場,20歳代,その他,施錠せず
窃盗,自転車盗,尼崎南,中央,282022,兵庫県,尼崎市,神田中通３丁目,20240111,14,道路上,その他,20歳代,その他,施錠せず
窃盗,自転車盗,尼崎南,中央,282022,兵庫県,尼崎市,神田中通３丁目,20240208,22,道路上,その他,40歳代,その他,施錠せず
窃盗,自転車盗,尼崎南,中央,282022,兵庫県,尼崎市,神田中通３丁目,20240322,13,道路上,その他,70歳以上,その他,施錠した
窃盗,自転車盗,尼崎南,中央,282022,兵庫県,尼崎市,神田中通３丁目,20240323,21,道路上,その他,40歳代,その他,施錠せず
窃盗,自転車盗,尼崎南,中央,282022,兵庫県,尼崎市,神田中通３丁目,20230301,16,道路上,その他,30歳代,その他,施錠せず
窃盗,自転車盗,尼崎南,中央,282022,兵庫県,尼崎市,神田中通３丁目,20240417,19,その他,駐車（輪）場,30歳代,その他,施錠せず
窃盗,自転車盗,尼崎南,中央,282022,兵庫県,尼崎市,神田中通３丁目,20240519,19,道路上,その他,20歳代,大学生,施錠せず
窃盗,自転車盗,尼崎南,中央,282022,兵庫県,尼崎市,神田中通３丁目,20240731,21,道路上,その他,20歳代,大学生,施錠した
窃盗,自転車盗,尼崎南,中央,282022,兵庫県,尼崎市,神田中通３丁目,20240821,11,道路上,その他,10歳代,大学生,施錠せず
窃盗,自転車盗,尼崎南,中央,282022,兵庫県,尼崎市,神田中通３丁目,20240915,22,その他,駐車（輪）場,40歳代,その他,施錠せず
窃盗,自転車盗,尼崎南,中央,282022,兵庫県,尼崎市,神田中通３丁目,20241012,18,道路上,その他,20歳代,その他,施錠せず
窃盗,自転車盗,尼崎南,中央,282022,兵庫県,尼崎市,神田中通３丁目,20241030,18,道路上,その他,20歳代,大学生,施錠した
窃盗,自転車盗,尼崎南,中央,282022,兵庫県,尼崎市,神田中通３丁目,20241111,10,その他の住宅（３階建て以下共同住宅等）,駐車（輪）場,40歳代,その他,施錠した
窃盗,自転車盗,尼崎南,中央,282022,兵庫県,尼崎市,神田中通３丁目,20241026,8,道路上,その他,50歳代,その他,施錠せず
窃盗,自転車盗,尼崎南,中央,282022,兵庫県,尼崎市,神田中通４丁目,20240914,8,駐車（輪）場,駐車（輪）場,20歳代,その他,施錠した
窃盗,自転車盗,尼崎南,中央,282022,兵庫県,尼崎市,神田中通４丁目,20241215,9,道路上,その他,10歳代,中学生,施錠した
窃盗,自転車盗,尼崎南,中央,282022,兵庫県,尼崎市,神田南通１丁目,20240616,13,道路上,その他,20歳代,その他,施錠した
窃盗,自転車盗,尼崎南,中央,282022,兵庫県,尼崎市,昭和通３丁目,20240301,22,道路上,その他,60-64歳,その他,施錠せず
窃盗,自転車盗,尼崎南,中央,282022,兵庫県,尼崎市,昭和通３丁目,20240725,13,その他,駐車（輪）場,70歳以上,その他,施錠した
窃盗,自転車盗,尼崎南,中央,282022,兵庫県,尼崎市,昭和通４丁目,20240731,18,道路上,その他,40歳代,その他,施錠せず
窃盗,自転車盗,尼崎南,中央,282022,兵庫県,尼崎市,昭和通４丁目,20241130,15,道路上,その他,50歳代,その他,施錠せず
窃盗,自転車盗,尼崎南,中央,282022,兵庫県,尼崎市,昭和通５丁目,20240309,23,４階建て以上共同住宅,駐車（輪）場,20歳代,その他,施錠せず
窃盗,自転車盗,尼崎南,中央,282022,兵庫県,尼崎市,昭和通５丁目,20240912,23,その他,駐車（輪）場,30歳代,その他,施錠した
窃盗,自転車盗,尼崎南,中央,282022,兵庫県,尼崎市,昭和南通３丁目,20240226,2,道路上,その他,50歳代,その他,施錠した
窃盗,自転車盗,尼崎南,中央,282022,兵庫県,尼崎市,昭和南通３丁目,20240401,18,４階建て以上共同住宅,駐車（輪）場,20歳代,その他,施錠せず
窃盗,自転車盗,尼崎南,中央,282022,兵庫県,尼崎市,昭和南通３丁目,20240610,17,道路上,その他,50歳代,その他,施錠した
窃盗,自転車盗,尼崎南,中央,282022,兵庫県,尼崎市,昭和南通３丁目,20240726,4,道路上,その他,60-64歳,その他,施錠せず
窃盗,自転車盗,尼崎南,中央,282022,兵庫県,尼崎市,昭和南通３丁目,20240922,16,その他,駐車（輪）場,50歳代,その他,施錠せず
窃盗,自転車盗,尼崎南,中央,282022,兵庫県,尼崎市,昭和南通４丁目,20240420,5,道路上,その他,20歳代,大学生,施錠せず
窃盗,自転車盗,尼崎南,中央,282022,兵庫県,尼崎市,昭和南通４丁目,20240827,22,道路上,その他,40歳代,その他,施錠せず
窃盗,自転車盗,尼崎南,中央,282022,兵庫県,尼崎市,昭和南通４丁目,20240926,1,道路上,その他,20歳代,その他,施錠せず
窃盗,自転車盗,尼崎南,中央,282022,兵庫県,尼崎市,昭和南通４丁目,20241019,22,道路上,その他,60-64歳,その他,施錠せず
窃盗,自転車盗,尼崎南,中央,282022,兵庫県,尼崎市,昭和南通５丁目,20241105,18,４階建て以上共同住宅,駐車（輪）場,30歳代,その他,施錠せず
窃盗,自転車盗,尼崎南,中央,282022,兵庫県,尼崎市,昭和南通５丁目,20241031,0,４階建て以上共同住宅,駐車（輪）場,30歳代,その他,施錠せず
窃盗,自転車盗,尼崎南,中央,282022,兵庫県,尼崎市,昭和南通５丁目,20241106,17,その他の住宅（３階建て以下共同住宅等）,駐車（輪）場,10歳代,高校生,施錠せず
窃盗,自転車盗,尼崎南,中央,282022,兵庫県,尼崎市,昭和南通５丁目,20241123,12,道路上,その他,10歳代,中学生,施錠せず
窃盗,自転車盗,尼崎南,中央,282022,兵庫県,尼崎市,建家町,20240810,22,４階建て以上共同住宅,駐車（輪）場,50歳代,その他,施錠せず
窃盗,自転車盗,尼崎南,中央,282022,兵庫県,尼崎市,建家町,20240927,18,４階建て以上共同住宅,駐車（輪）場,65-69歳,その他,施錠した
窃盗,自転車盗,尼崎南,中央,282022,兵庫県,尼崎市,建家町,20240922,10,４階建て以上共同住宅,駐車（輪）場,50歳代,その他,施錠した
窃盗,自転車盗,尼崎南,中央,282022,兵庫県,尼崎市,中在家町４丁目,20240811,20,道路上,その他,20歳代,その他,施錠した
窃盗,自転車盗,尼崎南,中央,282022,兵庫県,尼崎市,西本町１丁目,20241120,19,その他の住宅（３階建て以下共同住宅等）,駐車（輪）場,20歳代,その他,施錠せず
窃盗,自転車盗,尼崎南,中央,282022,兵庫県,尼崎市,西本町２丁目,20241124,12,その他の住宅（３階建て以下共同住宅等）,駐車（輪）場,20歳代,その他,施錠せず
窃盗,自転車盗,尼崎南,中央,282022,兵庫県,尼崎市,西本町３丁目,20240509,17,その他の住宅（３階建て以下共同住宅等）,駐車（輪）場,20歳代,その他,施錠せず
窃盗,自転車盗,尼崎南,中央,282022,兵庫県,尼崎市,西本町３丁目,20241213,13,その他,駐車（輪）場,20歳代,その他,施錠せず
窃盗,自転車盗,尼崎南,中央,282022,兵庫県,尼崎市,西本町北通４丁目,20241116,18,その他の住宅（３階建て以下共同住宅等）,駐車（輪）場,20歳代,大学生,施錠した
窃盗,自転車盗,尼崎南,中央,282022,兵庫県,尼崎市,西御園町,20240604,18,４階建て以上共同住宅,駐車（輪）場,60-64歳,その他,施錠した
窃盗,自転車盗,尼崎南,中央,282022,兵庫県,尼崎市,西御園町,20240625,18,その他,駐車（輪）場,10歳代,中学生,施錠した
窃盗,自転車盗,尼崎南,中央,282022,兵庫県,尼崎市,西御園町,20241027,14,その他,駐車（輪）場,30歳代,その他,施錠せず
窃盗,自転車盗,尼崎南,中央,282022,兵庫県,尼崎市,東御園町,20240502,17,道路上,その他,10歳代,高校生,施錠せず
窃盗,自転車盗,尼崎南,中央,282022,兵庫県,尼崎市,東御園町,20240524,16,道路上,その他,10歳代,その他,施錠した
窃盗,自転車盗,尼崎南,中央,282022,兵庫県,尼崎市,東御園町,20240807,17,その他,駐車（輪）場,20歳代,その他,施錠せず
窃盗,自転車盗,尼崎南,中央,282022,兵庫県,尼崎市,東御園町,20241021,20,その他,駐車（輪）場,30歳代,その他,施錠せず
窃盗,自転車盗,尼崎南,中央,282022,兵庫県,尼崎市,御園町,20240428,20,その他,駐車（輪）場,40歳代,その他,施錠した
窃盗,自転車盗,尼崎南,中央,282022,兵庫県,尼崎市,御園町,20240522,14,４階建て以上共同住宅,駐車（輪）場,30歳代,その他,施錠した
窃盗,自転車盗,尼崎南,中央,282022,兵庫県,尼崎市,御園町,20240706,9,道路上,その他,10歳代,その他,施錠せず
窃盗,自転車盗,尼崎南,中央,282022,兵庫県,尼崎市,御園町,20241130,9,その他,駐車（輪）場,10歳代,小学生,施錠せず
窃盗,自転車盗,尼崎南,御茶屋橋,282022,兵庫県,尼崎市,南城内,20240130,19,駐車（輪）場,駐車（輪）場,10歳代,中学生,施錠せず
窃盗,自転車盗,尼崎南,御茶屋橋,282022,兵庫県,尼崎市,築地２丁目,20231230,17,その他,駐車（輪）場,50歳代,その他,施錠した
窃盗,自転車盗,尼崎南,大物,282022,兵庫県,尼崎市,北城内,20240514,13,その他,駐車（輪）場,70歳以上,その他,施錠せず
窃盗,自転車盗,尼崎南,大物,282022,兵庫県,尼崎市,北城内,20240519,11,その他,駐車（輪）場,10歳代,高校生,施錠せず
窃盗,自転車盗,尼崎南,大物,282022,兵庫県,尼崎市,北城内,20240531,20,一戸建住宅,駐車（輪）場,50歳代,その他,施錠した
窃盗,自転車盗,尼崎南,大物,282022,兵庫県,尼崎市,北大物町,20240315,0,一戸建住宅,駐車（輪）場,20歳代,その他,施錠せず
窃盗,自転車盗,尼崎南,大物,282022,兵庫県,尼崎市,北大物町,20240315,17,一戸建住宅,駐車（輪）場,40歳代,その他,施錠した
窃盗,自転車盗,尼崎南,大物,282022,兵庫県,尼崎市,北大物町,20240602,10,一戸建住宅,駐車（輪）場,10歳代,高校生,施錠せず
窃盗,自転車盗,尼崎南,大物,282022,兵庫県,尼崎市,北大物町,20240608,20,４階建て以上共同住宅,駐車（輪）場,10歳代,高校生,施錠した
窃盗,自転車盗,尼崎南,大物,282022,兵庫県,尼崎市,北大物町,20240807,21,道路上,その他,30歳代,その他,施錠した
窃盗,自転車盗,尼崎南,大物,282022,兵庫県,尼崎市,北大物町,20240831,16,その他の住宅（３階建て以下共同住宅等）,駐車（輪）場,30歳代,その他,施錠せず
窃盗,自転車盗,尼崎南,大物,282022,兵庫県,尼崎市,昭和通１丁目,20240105,21,４階建て以上共同住宅,駐車（輪）場,50歳代,その他,施錠せず
窃盗,自転車盗,尼崎南,大物,282022,兵庫県,尼崎市,昭和通１丁目,20240504,16,４階建て以上共同住宅,駐車（輪）場,10歳代,中学生,施錠せず
窃盗,自転車盗,尼崎南,大物,282022,兵庫県,尼崎市,昭和通１丁目,20240703,18,一戸建住宅,駐車（輪）場,40歳代,その他,施錠せず
窃盗,自転車盗,尼崎南,大物,282022,兵庫県,尼崎市,昭和通１丁目,20240902,20,４階建て以上共同住宅,駐車（輪）場,20歳代,その他,施錠せず
窃盗,自転車盗,尼崎南,大物,282022,兵庫県,尼崎市,昭和通１丁目,20240921,23,道路上,その他,50歳代,その他,施錠せず
窃盗,自転車盗,尼崎南,大物,282022,兵庫県,尼崎市,昭和通２丁目,20240323,20,一戸建住宅,駐車（輪）場,30歳代,その他,施錠せず
窃盗,自転車盗,尼崎南,大物,282022,兵庫県,尼崎市,昭和通２丁目,20240511,22,道路上,その他,50歳代,その他,施錠せず
窃盗,自転車盗,尼崎南,大物,282022,兵庫県,尼崎市,昭和通２丁目,20240713,14,４階建て以上共同住宅,駐車（輪）場,10歳代,中学生,施錠せず
窃盗,自転車盗,尼崎南,大物,282022,兵庫県,尼崎市,昭和通２丁目,20240819,17,４階建て以上共同住宅,駐車（輪）場,40歳代,その他,施錠せず
窃盗,自転車盗,尼崎南,大物,282022,兵庫県,尼崎市,昭和通２丁目,20240903,8,その他,駐車（輪）場,10歳代,高校生,施錠せず
窃盗,自転車盗,尼崎南,大物,282022,兵庫県,尼崎市,昭和通２丁目,20241027,19,道路上,その他,40歳代,その他,施錠した
窃盗,自転車盗,尼崎南,大物,282022,兵庫県,尼崎市,大物町１丁目,20240707,9,その他の住宅（３階建て以下共同住宅等）,駐車（輪）場,30歳代,その他,施錠した
窃盗,自転車盗,尼崎南,大物,282022,兵庫県,尼崎市,大物町２丁目,20240530,19,その他,駐車（輪）場,20歳代,その他,施錠せず
窃盗,自転車盗,尼崎南,大物,282022,兵庫県,尼崎市,大物町２丁目,20240705,8,その他,駐車（輪）場,10歳代,高校生,施錠せず
窃盗,自転車盗,尼崎南,大物,282022,兵庫県,尼崎市,大物町２丁目,20240909,8,駐車（輪）場,駐車（輪）場,30歳代,その他,施錠した
窃盗,自転車盗,尼崎南,大物,282022,兵庫県,尼崎市,大物町２丁目,20241031,19,４階建て以上共同住宅,駐車（輪）場,20歳代,その他,施錠した
窃盗,自転車盗,尼崎南,大物,282022,兵庫県,尼崎市,西大物町,20240120,16,その他,駐車（輪）場,30歳代,その他,施錠した
窃盗,自転車盗,尼崎南,大物,282022,兵庫県,尼崎市,西大物町,20240126,7,駐車（輪）場,駐車（輪）場,10歳代,高校生,施錠せず
窃盗,自転車盗,尼崎南,大物,282022,兵庫県,尼崎市,西大物町,20231120,10,その他,駐車（輪）場,40歳代,その他,施錠せず
窃盗,自転車盗,尼崎南,大物,282022,兵庫県,尼崎市,西大物町,20240529,11,その他,駐車（輪）場,65-69歳,その他,施錠した
窃盗,自転車盗,尼崎南,大物,282022,兵庫県,尼崎市,西大物町,20240913,14,その他,駐車（輪）場,20歳代,その他,施錠した
窃盗,自転車盗,尼崎南,大物,282022,兵庫県,尼崎市,西大物町,20240324,7,その他,駐車（輪）場,10歳代,中学生,施錠せず
窃盗,自転車盗,尼崎南,大物,282022,兵庫県,尼崎市,西大物町,20241015,10,その他,駐車（輪）場,40歳代,その他,施錠せず
窃盗,自転車盗,尼崎南,大物,282022,兵庫県,尼崎市,西大物町,20241029,12,その他,その他,20歳代,大学生,施錠せず
窃盗,自転車盗,尼崎南,大物,282022,兵庫県,尼崎市,西大物町,20241108,20,その他,その他,10歳代,高校生,施錠せず
窃盗,自転車盗,尼崎南,大物,282022,兵庫県,尼崎市,東本町２丁目,20240731,19,その他の住宅（３階建て以下共同住宅等）,駐車（輪）場,30歳代,その他,施錠せず
窃盗,自転車盗,尼崎南,大物,282022,兵庫県,尼崎市,南城内,20240407,13,４階建て以上共同住宅,その他,20歳代,その他,施錠した
窃盗,自転車盗,尼崎南,大物,282022,兵庫県,尼崎市,南城内,20240917,22,４階建て以上共同住宅,駐車（輪）場,30歳代,その他,施錠した
窃盗,自転車盗,尼崎南,大物,282022,兵庫県,尼崎市,南城内,20241204,21,駐車（輪）場,駐車（輪）場,10歳代,高校生,施錠せず
窃盗,自転車盗,尼崎南,大物,282022,兵庫県,尼崎市,南城内,20241204,21,４階建て以上共同住宅,駐車（輪）場,10歳代,高校生,施錠せず
窃盗,自転車盗,尼崎南,大物,282022,兵庫県,尼崎市,南城内,20241227,19,４階建て以上共同住宅,駐車（輪）場,50歳代,その他,施錠せず
窃盗,自転車盗,尼崎南,大物,282022,兵庫県,尼崎市,築地３丁目,20240504,23,４階建て以上共同住宅,駐車（輪）場,10歳代,中学生,施錠せず
窃盗,自転車盗,尼崎南,大物,282022,兵庫県,尼崎市,築地３丁目,20240911,18,４階建て以上共同住宅,駐車（輪）場,10歳代,中学生,施錠した
窃盗,自転車盗,尼崎南,大物,282022,兵庫県,尼崎市,築地４丁目,20240804,0,４階建て以上共同住宅,駐車（輪）場,10歳代,高校生,施錠せず
窃盗,自転車盗,尼崎南,大物,282022,兵庫県,尼崎市,築地５丁目,20240614,15,駐車（輪）場,駐車（輪）場,10歳代,その他,施錠せず
窃盗,自転車盗,尼崎南,大島,282022,兵庫県,尼崎市,稲葉荘１丁目,20230707,11,その他,駐車（輪）場,70歳以上,その他,施錠せず
窃盗,自転車盗,尼崎南,大島,282022,兵庫県,尼崎市,稲葉荘１丁目,20240429,9,駐車（輪）場,駐車（輪）場,50歳代,その他,施錠せず
窃盗,自転車盗,尼崎南,大島,282022,兵庫県,尼崎市,稲葉荘１丁目,20240701,15,道路上,その他,30歳代,その他,施錠せず
窃盗,自転車盗,尼崎南,大島,282022,兵庫県,尼崎市,稲葉荘１丁目,20241116,17,４階建て以上共同住宅,駐車（輪）場,20歳代,その他,施錠した
窃盗,自転車盗,尼崎南,大島,282022,兵庫県,尼崎市,稲葉荘２丁目,20240628,18,道路上,その他,20歳代,その他,施錠せず
窃盗,自転車盗,尼崎南,大島,282022,兵庫県,尼崎市,稲葉荘２丁目,20240916,21,４階建て以上共同住宅,その他,50歳代,その他,施錠せず
窃盗,自転車盗,尼崎南,大島,282022,兵庫県,尼崎市,稲葉荘２丁目,20241002,18,その他の住宅（３階建て以下共同住宅等）,駐車（輪）場,50歳代,その他,施錠した
窃盗,自転車盗,尼崎南,大島,282022,兵庫県,尼崎市,稲葉荘２丁目,20241006,23,４階建て以上共同住宅,駐車（輪）場,50歳代,その他,施錠せず
窃盗,自転車盗,尼崎南,大島,282022,兵庫県,尼崎市,稲葉荘２丁目,20241021,8,一戸建住宅,駐車（輪）場,20歳代,その他,施錠した
窃盗,自転車盗,尼崎南,大島,282022,兵庫県,尼崎市,稲葉荘２丁目,20241021,0,４階建て以上共同住宅,駐車（輪）場,10歳代,高校生,施錠せず
窃盗,自転車盗,尼崎南,大島,282022,兵庫県,尼崎市,稲葉荘２丁目,20241128,17,その他の住宅（３階建て以下共同住宅等）,駐車（輪）場,10歳代,高校生,施錠せず
窃盗,自転車盗,尼崎南,大島,282022,兵庫県,尼崎市,稲葉荘２丁目,20241226,15,一戸建住宅,駐車（輪）場,30歳代,その他,施錠せず
窃盗,自転車盗,尼崎南,大島,282022,兵庫県,尼崎市,浜田町１丁目,20240611,1,４階建て以上共同住宅,駐車（輪）場,30歳代,その他,施錠した
窃盗,自転車盗,尼崎南,大島,282022,兵庫県,尼崎市,浜田町２丁目,20240626,18,一戸建住宅,駐車（輪）場,10歳代,中学生,施錠せず
窃盗,自転車盗,尼崎南,大島,282022,兵庫県,尼崎市,浜田町２丁目,20240919,5,その他の住宅（３階建て以下共同住宅等）,その他,10歳代,その他,施錠せず
窃盗,自転車盗,尼崎南,大島,282022,兵庫県,尼崎市,浜田町３丁目,20240917,8,４階建て以上共同住宅,駐車（輪）場,20歳代,その他,施錠せず
窃盗,自転車盗,尼崎南,大島,282022,兵庫県,尼崎市,浜田町４丁目,20240907,9,道路上,その他,60-64歳,その他,施錠せず
窃盗,自転車盗,尼崎南,大島,282022,兵庫県,尼崎市,浜田町５丁目,20240318,20,道路上,その他,50歳代,その他,施錠した
窃盗,自転車盗,尼崎南,大島,282022,兵庫県,尼崎市,浜田町５丁目,20240730,22,道路上,その他,65-69歳,その他,施錠せず
窃盗,自転車盗,尼崎南,大島,282022,兵庫県,尼崎市,浜田町５丁目,20240816,14,その他,駐車（輪）場,20歳代,大学生,施錠せず
窃盗,自転車盗,尼崎南,大島,282022,兵庫県,尼崎市,浜田町５丁目,20240920,12,４階建て以上共同住宅,駐車（輪）場,20歳代,その他,施錠せず
窃盗,自転車盗,尼崎南,大島,282022,兵庫県,尼崎市,大庄　北１丁目,20240306,8,道路上,その他,10歳代,中学生,施錠せず
窃盗,自転車盗,尼崎南,大島,282022,兵庫県,尼崎市,大庄　北３丁目,20240516,18,一戸建住宅,駐車（輪）場,10歳代,中学生,施錠せず
窃盗,自転車盗,尼崎南,大島,282022,兵庫県,尼崎市,大庄　北３丁目,20240616,22,４階建て以上共同住宅,駐車（輪）場,20歳代,その他,施錠せず
窃盗,自転車盗,尼崎南,大島,282022,兵庫県,尼崎市,大庄　北３丁目,20241001,17,４階建て以上共同住宅,駐車（輪）場,20歳代,その他,施錠せず
窃盗,自転車盗,尼崎南,大島,282022,兵庫県,尼崎市,大庄　北３丁目,20240320,17,その他,その他,50歳代,その他,施錠した
窃盗,自転車盗,尼崎南,大島,282022,兵庫県,尼崎市,大庄　北４丁目,20231230,16,その他,駐車（輪）場,20歳代,その他,施錠せず
窃盗,自転車盗,尼崎南,大島,282022,兵庫県,尼崎市,大庄　北４丁目,20240509,14,４階建て以上共同住宅,駐車（輪）場,60-64歳,その他,施錠した
窃盗,自転車盗,尼崎南,大島,282022,兵庫県,尼崎市,大庄　北４丁目,20240511,14,４階建て以上共同住宅,駐車（輪）場,10歳代,中学生,施錠せず
窃盗,自転車盗,尼崎南,大島,282022,兵庫県,尼崎市,大庄　北４丁目,20240802,16,道路上,その他,60-64歳,その他,施錠せず
窃盗,自転車盗,尼崎南,大島,282022,兵庫県,尼崎市,大庄　北４丁目,20240902,20,道路上,その他,10歳代,小学生,施錠せず
窃盗,自転車盗,尼崎南,大島,282022,兵庫県,尼崎市,大庄　北４丁目,20241015,19,４階建て以上共同住宅,駐車（輪）場,10歳代,その他,施錠せず
窃盗,自転車盗,尼崎南,大島,282022,兵庫県,尼崎市,大庄　北４丁目,20241014,19,４階建て以上共同住宅,駐車（輪）場,50歳代,その他,施錠した
窃盗,自転車盗,尼崎南,大島,282022,兵庫県,尼崎市,大庄　北５丁目,20241002,16,道路上,その他,10歳代,高校生,施錠せず
窃盗,自転車盗,尼崎南,七松,282022,兵庫県,尼崎市,七松町１丁目,20240301,8,その他,駐車（輪）場,30歳代,その他,施錠した
窃盗,自転車盗,尼崎南,七松,282022,兵庫県,尼崎市,七松町１丁目,20240506,12,その他,駐車（輪）場,70歳以上,その他,施錠した
窃盗,自転車盗,尼崎南,七松,282022,兵庫県,尼崎市,七松町１丁目,20240612,7,その他,駐車（輪）場,10歳代,高校生,施錠せず
窃盗,自転車盗,尼崎南,七松,282022,兵庫県,尼崎市,七松町１丁目,20240625,19,４階建て以上共同住宅,駐車（輪）場,10歳代,中学生,施錠せず
窃盗,自転車盗,尼崎南,七松,282022,兵庫県,尼崎市,七松町１丁目,20240814,15,その他,駐車（輪）場,10歳代,高校生,施錠せず
窃盗,自転車盗,尼崎南,七松,282022,兵庫県,尼崎市,七松町１丁目,20240912,19,その他,駐車（輪）場,20歳代,その他,施錠せず
窃盗,自転車盗,尼崎南,七松,282022,兵庫県,尼崎市,七松町１丁目,20240924,14,その他,駐車（輪）場,70歳以上,その他,施錠せず
窃盗,自転車盗,尼崎南,七松,282022,兵庫県,尼崎市,七松町１丁目,20241004,19,その他,駐車（輪）場,10歳代,中学生,施錠せず
窃盗,自転車盗,尼崎南,七松,282022,兵庫県,尼崎市,七松町１丁目,20241004,17,その他,駐車（輪）場,70歳以上,その他,施錠せず
窃盗,自転車盗,尼崎南,七松,282022,兵庫県,尼崎市,七松町１丁目,20241005,15,その他,駐車（輪）場,30歳代,その他,施錠せず
窃盗,自転車盗,尼崎南,七松,282022,兵庫県,尼崎市,七松町１丁目,20241016,18,その他,駐車（輪）場,10歳代,中学生,施錠せず
窃盗,自転車盗,尼崎南,七松,282022,兵庫県,尼崎市,七松町１丁目,20241013,19,その他,駐車（輪）場,40歳代,その他,施錠せず
窃盗,自転車盗,尼崎南,七松,282022,兵庫県,尼崎市,七松町１丁目,20241114,14,その他,駐車（輪）場,65-69歳,その他,施錠した
窃盗,自転車盗,尼崎南,七松,282022,兵庫県,尼崎市,七松町１丁目,20241207,23,道路上,その他,50歳代,その他,施錠した
窃盗,自転車盗,尼崎南,七松,282022,兵庫県,尼崎市,七松町１丁目,20241216,18,その他,駐車（輪）場,10歳代,中学生,施錠せず
窃盗,自転車盗,尼崎南,七松,282022,兵庫県,尼崎市,七松町１丁目,20241219,21,その他,駐車（輪）場,40歳代,その他,施錠せず
窃盗,自転車盗,尼崎南,七松,282022,兵庫県,尼崎市,七松町２丁目,20240215,17,道路上,その他,10歳代,高校生,施錠せず
窃盗,自転車盗,尼崎南,七松,282022,兵庫県,尼崎市,七松町２丁目,20240407,10,その他の住宅（３階建て以下共同住宅等）,駐車（輪）場,20歳代,その他,施錠せず
窃盗,自転車盗,尼崎南,七松,282022,兵庫県,尼崎市,七松町２丁目,20240409,7,その他,駐車（輪）場,50歳代,その他,施錠した
窃盗,自転車盗,尼崎南,七松,282022,兵庫県,尼崎市,七松町２丁目,20240502,19,その他の住宅（３階建て以下共同住宅等）,駐車（輪）場,30歳代,その他,施錠せず
窃盗,自転車盗,尼崎南,七松,282022,兵庫県,尼崎市,七松町２丁目,20240828,18,その他の住宅（３階建て以下共同住宅等）,駐車（輪）場,20歳代,その他,施錠した
窃盗,自転車盗,尼崎南,七松,282022,兵庫県,尼崎市,七松町２丁目,20240910,21,４階建て以上共同住宅,駐車（輪）場,10歳代,高校生,施錠せず
窃盗,自転車盗,尼崎南,七松,282022,兵庫県,尼崎市,七松町２丁目,20240901,16,その他,その他,10歳代,中学生,施錠せず
窃盗,自転車盗,尼崎南,七松,282022,兵庫県,尼崎市,七松町２丁目,20241001,16,その他,駐車（輪）場,30歳代,その他,施錠せず
窃盗,自転車盗,尼崎南,七松,282022,兵庫県,尼崎市,七松町２丁目,20231201,20,４階建て以上共同住宅,駐車（輪）場,10歳代,その他,施錠した
窃盗,自転車盗,尼崎南,七松,282022,兵庫県,尼崎市,七松町３丁目,20240507,19,４階建て以上共同住宅,駐車（輪）場,30歳代,その他,施錠した
窃盗,自転車盗,尼崎南,七松,282022,兵庫県,尼崎市,七松町３丁目,20240520,19,駐車（輪）場,駐車（輪）場,30歳代,その他,施錠した
窃盗,自転車盗,尼崎南,七松,282022,兵庫県,尼崎市,七松町３丁目,20240523,20,４階建て以上共同住宅,その他,30歳代,その他,施錠せず
窃盗,自転車盗,尼崎南,七松,282022,兵庫県,尼崎市,七松町３丁目,20240603,22,４階建て以上共同住宅,駐車（輪）場,10歳代,中学生,施錠せず
窃盗,自転車盗,尼崎南,七松,282022,兵庫県,尼崎市,七松町３丁目,20240810,19,その他の住宅（３階建て以下共同住宅等）,駐車（輪）場,30歳代,その他,施錠せず
窃盗,自転車盗,尼崎南,七松,282022,兵庫県,尼崎市,七松町３丁目,20241104,18,道路上,その他,30歳代,その他,施錠した
窃盗,自転車盗,尼崎南,七松,282022,兵庫県,尼崎市,東七松町１丁目,20240305,8,駐車（輪）場,駐車（輪）場,10歳代,その他,施錠せず
窃盗,自転車盗,尼崎南,七松,282022,兵庫県,尼崎市,東七松町１丁目,20240312,12,駐車（輪）場,駐車（輪）場,30歳代,その他,施錠した
窃盗,自転車盗,尼崎南,七松,282022,兵庫県,尼崎市,東七松町１丁目,20240529,21,４階建て以上共同住宅,駐車（輪）場,20歳代,その他,施錠せず
窃盗,自転車盗,尼崎南,七松,282022,兵庫県,尼崎市,東七松町１丁目,20240709,8,その他,その他,10歳代,中学生,施錠せず
窃盗,自転車盗,尼崎南,七松,282022,兵庫県,尼崎市,東七松町１丁目,20240802,17,一戸建住宅,駐車（輪）場,10歳代,高校生,施錠せず
窃盗,自転車盗,尼崎南,七松,282022,兵庫県,尼崎市,東七松町１丁目,20240910,0,４階建て以上共同住宅,駐車（輪）場,20歳代,その他,施錠せず
窃盗,自転車盗,尼崎南,七松,282022,兵庫県,尼崎市,東七松町１丁目,20241006,18,道路上,その他,70歳以上,その他,施錠せず
窃盗,自転車盗,尼崎南,七松,282022,兵庫県,尼崎市,東七松町１丁目,20241021,8,その他の住宅（３階建て以下共同住宅等）,駐車（輪）場,20歳代,その他,施錠した
窃盗,自転車盗,尼崎南,七松,282022,兵庫県,尼崎市,東七松町２丁目,20240117,17,その他,駐車（輪）場,10歳代,高校生,施錠せず
窃盗,自転車盗,尼崎南,七松,282022,兵庫県,尼崎市,東七松町２丁目,20240404,19,その他,駐車（輪）場,10歳代,高校生,施錠せず
窃盗,自転車盗,尼崎南,七松,282022,兵庫県,尼崎市,東七松町２丁目,20240615,0,その他,駐車（輪）場,20歳代,その他,施錠せず
窃盗,自転車盗,尼崎南,七松,282022,兵庫県,尼崎市,東七松町２丁目,20240722,23,その他,駐車（輪）場,10歳代,その他,施錠せず
窃盗,自転車盗,尼崎南,七松,282022,兵庫県,尼崎市,南七松町１丁目,20240608,14,道路上,その他,10歳代,高校生,施錠せず
窃盗,自転車盗,尼崎南,七松,282022,兵庫県,尼崎市,南七松町１丁目,20240709,21,４階建て以上共同住宅,駐車（輪）場,10歳代,高校生,施錠した
窃盗,自転車盗,尼崎南,七松,282022,兵庫県,尼崎市,南七松町１丁目,20241214,15,４階建て以上共同住宅,その他,20歳代,その他,施錠せず
窃盗,自転車盗,尼崎南,七松,282022,兵庫県,尼崎市,南七松町２丁目,20240211,18,道路上,その他,50歳代,その他,施錠せず
窃盗,自転車盗,尼崎南,七松,282022,兵庫県,尼崎市,南七松町２丁目,20240301,18,道路上,その他,50歳代,その他,施錠せず
窃盗,自転車盗,尼崎南,七松,282022,兵庫県,尼崎市,南七松町２丁目,20240428,17,道路上,その他,10歳代,高校生,施錠せず
窃盗,自転車盗,尼崎南,七松,282022,兵庫県,尼崎市,南七松町２丁目,20240612,19,その他の住宅（３階建て以下共同住宅等）,駐車（輪）場,10歳代,中学生,施錠せず
窃盗,自転車盗,尼崎南,七松,282022,兵庫県,尼崎市,南七松町２丁目,20240909,19,その他の住宅（３階建て以下共同住宅等）,駐車（輪）場,10歳代,中学生,施錠した
窃盗,自転車盗,尼崎南,七松,282022,兵庫県,尼崎市,西立花町,20240707,19,その他の住宅（３階建て以下共同住宅等）,駐車（輪）場,10歳代,高校生,施錠した
窃盗,自転車盗,尼崎南,七松,282022,兵庫県,尼崎市,西立花町１丁目,20240108,10,その他,駐車（輪）場,20歳代,その他,施錠した
窃盗,自転車盗,尼崎南,七松,282022,兵庫県,尼崎市,西立花町１丁目,20231231,6,その他,駐車（輪）場,10歳代,高校生,施錠した
窃盗,自転車盗,尼崎南,七松,282022,兵庫県,尼崎市,西立花町１丁目,20240724,17,その他,駐車（輪）場,20歳代,その他,施錠した
窃盗,自転車盗,尼崎南,七松,282022,兵庫県,尼崎市,西立花町１丁目,20241126,9,その他,駐車（輪）場,10歳代,大学生,施錠せず
窃盗,自転車盗,尼崎南,七松,282022,兵庫県,尼崎市,西立花町１丁目,20241207,5,その他,駐車（輪）場,60-64歳,その他,施錠せず
窃盗,自転車盗,尼崎南,七松,282022,兵庫県,尼崎市,西立花町１丁目,20241219,12,駐車（輪）場,駐車（輪）場,20歳代,その他,施錠した
窃盗,自転車盗,尼崎南,七松,282022,兵庫県,尼崎市,西立花町３丁目,20240502,10,その他,駐車（輪）場,30歳代,その他,施錠した
窃盗,自転車盗,尼崎南,七松,282022,兵庫県,尼崎市,西立花町３丁目,20240530,23,その他,駐車（輪）場,20歳代,その他,施錠せず
窃盗,自転車盗,尼崎南,七松,282022,兵庫県,尼崎市,西立花町３丁目,20240705,22,一戸建住宅,駐車（輪）場,50歳代,その他,施錠した
窃盗,自転車盗,尼崎南,七松,282022,兵庫県,尼崎市,西立花町３丁目,20241204,17,４階建て以上共同住宅,駐車（輪）場,50歳代,その他,施錠せず
窃盗,自転車盗,尼崎南,稲葉荘,282022,兵庫県,尼崎市,稲葉荘３丁目,20241007,21,一戸建住宅,その他,10歳代,高校生,施錠せず
窃盗,自転車盗,尼崎南,稲葉荘,282022,兵庫県,尼崎市,稲葉荘３丁目,20241118,20,一戸建住宅,その他,10歳代,高校生,施錠せず
窃盗,自転車盗,尼崎南,稲葉荘,282022,兵庫県,尼崎市,稲葉荘４丁目,20240420,8,その他の住宅（３階建て以下共同住宅等）,その他,30歳代,その他,施錠せず
窃盗,自転車盗,尼崎南,稲葉荘,282022,兵庫県,尼崎市,稲葉荘４丁目,20240809,20,一戸建住宅,駐車（輪）場,10歳代,高校生,施錠せず
窃盗,自転車盗,尼崎南,稲葉荘,282022,兵庫県,尼崎市,稲葉荘４丁目,20240902,18,道路上,その他,10歳代,小学生,施錠した
窃盗,自転車盗,尼崎南,稲葉荘,282022,兵庫県,尼崎市,稲葉荘４丁目,20241116,21,その他の住宅（３階建て以下共同住宅等）,駐車（輪）場,10歳代,中学生,施錠せず
窃盗,自転車盗,尼崎南,稲葉荘,282022,兵庫県,尼崎市,稲葉荘４丁目,20241121,0,一戸建住宅,駐車（輪）場,10歳代,高校生,施錠せず
窃盗,自転車盗,尼崎南,稲葉荘,282022,兵庫県,尼崎市,稲葉荘４丁目,20241219,9,一戸建住宅,駐車（輪）場,70歳以上,その他,施錠せず
窃盗,自転車盗,尼崎南,稲葉荘,282022,兵庫県,尼崎市,稲葉元町２丁目,20240423,17,４階建て以上共同住宅,駐車（輪）場,10歳未満,小学生,施錠せず
窃盗,自転車盗,尼崎南,稲葉荘,282022,兵庫県,尼崎市,稲葉元町２丁目,20240916,23,４階建て以上共同住宅,その他,10歳代,高校生,施錠せず
窃盗,自転車盗,尼崎南,稲葉荘,282022,兵庫県,尼崎市,稲葉元町３丁目,20240423,18,その他,駐車（輪）場,10歳代,高校生,施錠せず
窃盗,自転車盗,尼崎南,稲葉荘,282022,兵庫県,尼崎市,稲葉元町３丁目,20240827,18,４階建て以上共同住宅,駐車（輪）場,20歳代,その他,施錠せず
窃盗,自転車盗,尼崎南,稲葉荘,282022,兵庫県,尼崎市,稲葉元町３丁目,20240623,21,４階建て以上共同住宅,駐車（輪）場,10歳代,高校生,施錠せず
窃盗,自転車盗,尼崎南,稲葉荘,282022,兵庫県,尼崎市,西立花町１丁目,20241026,20,一戸建住宅,駐車（輪）場,30歳代,その他,施錠した
窃盗,自転車盗,尼崎南,稲葉荘,282022,兵庫県,尼崎市,西立花町４丁目,20231228,15,駐車（輪）場,駐車（輪）場,20歳代,大学生,施錠した
窃盗,自転車盗,尼崎南,稲葉荘,282022,兵庫県,尼崎市,西立花町４丁目,20240523,6,その他の住宅（３階建て以下共同住宅等）,駐車（輪）場,50歳代,その他,施錠した
窃盗,自転車盗,尼崎南,稲葉荘,282022,兵庫県,尼崎市,西立花町４丁目,20240610,18,４階建て以上共同住宅,駐車（輪）場,10歳代,高校生,施錠せず
窃盗,自転車盗,尼崎南,稲葉荘,282022,兵庫県,尼崎市,西立花町４丁目,20240925,17,４階建て以上共同住宅,駐車（輪）場,40歳代,その他,施錠せず
窃盗,自転車盗,尼崎南,大庄,282022,兵庫県,尼崎市,大庄　中通１丁目,20240201,6,一戸建住宅,その他,20歳代,その他,施錠せず
窃盗,自転車盗,尼崎南,大庄,282022,兵庫県,尼崎市,大庄　中通１丁目,20240424,19,その他の住宅（３階建て以下共同住宅等）,駐車（輪）場,30歳代,その他,施錠せず
窃盗,自転車盗,尼崎南,大庄,282022,兵庫県,尼崎市,大庄　中通１丁目,20240510,19,道路上,その他,40歳代,その他,施錠せず
窃盗,自転車盗,尼崎南,大庄,282022,兵庫県,尼崎市,大庄　中通１丁目,20240817,1,一戸建住宅,駐車（輪）場,30歳代,その他,施錠せず
窃盗,自転車盗,尼崎南,大庄,282022,兵庫県,尼崎市,大庄　中通１丁目,20241028,0,道路上,その他,40歳代,その他,施錠せず
窃盗,自転車盗,尼崎南,大庄,282022,兵庫県,尼崎市,大庄　中通２丁目,20240604,19,その他の住宅（３階建て以下共同住宅等）,その他,20歳代,その他,施錠せず
窃盗,自転車盗,尼崎南,大庄,282022,兵庫県,尼崎市,大庄　中通２丁目,20240614,6,その他の住宅（３階建て以下共同住宅等）,駐車（輪）場,30歳代,その他,施錠せず
窃盗,自転車盗,尼崎南,大庄,282022,兵庫県,尼崎市,大庄　中通２丁目,20241213,8,４階建て以上共同住宅,駐車（輪）場,10歳代,中学生,施錠せず
窃盗,自転車盗,尼崎南,大庄,282022,兵庫県,尼崎市,大庄　中通３丁目,20240520,12,その他の住宅（３階建て以下共同住宅等）,その他,70歳以上,その他,施錠せず
窃盗,自転車盗,尼崎南,大庄,282022,兵庫県,尼崎市,大庄　中通３丁目,20241218,13,一戸建住宅,駐車（輪）場,10歳代,中学生,施錠せず
窃盗,自転車盗,尼崎南,大庄,282022,兵庫県,尼崎市,大庄　中通３丁目,20241220,12,道路上,その他,10歳代,小学生,施錠した
窃盗,自転車盗,尼崎南,大庄,282022,兵庫県,尼崎市,大庄　中通４丁目,20241220,7,その他の住宅（３階建て以下共同住宅等）,駐車（輪）場,10歳代,その他,施錠せず
窃盗,自転車盗,尼崎南,大庄,282022,兵庫県,尼崎市,大島１丁目,20240111,23,道路上,その他,20歳代,その他,施錠した
窃盗,自転車盗,尼崎南,大庄,282022,兵庫県,尼崎市,大島１丁目,20240310,22,道路上,その他,30歳代,その他,施錠せず
窃盗,自転車盗,尼崎南,大庄,282022,兵庫県,尼崎市,大島１丁目,20240501,23,道路上,その他,10歳代,大学生,施錠せず
窃盗,自転車盗,尼崎南,大庄,282022,兵庫県,尼崎市,大島１丁目,20240528,19,４階建て以上共同住宅,駐車（輪）場,50歳代,その他,施錠せず
窃盗,自転車盗,尼崎南,大庄,282022,兵庫県,尼崎市,大島１丁目,20240717,19,道路上,その他,10歳代,大学生,施錠せず
窃盗,自転車盗,尼崎南,大庄,282022,兵庫県,尼崎市,大島１丁目,20240826,1,道路上,その他,10歳代,その他,施錠した
窃盗,自転車盗,尼崎南,大庄,282022,兵庫県,尼崎市,大島１丁目,20240929,22,その他,駐車（輪）場,10歳代,高校生,施錠した
窃盗,自転車盗,尼崎南,大庄,282022,兵庫県,尼崎市,大島１丁目,20241207,16,道路上,その他,10歳代,高校生,施錠せず
窃盗,自転車盗,尼崎南,大庄,282022,兵庫県,尼崎市,大島１丁目,20241203,18,道路上,その他,10歳代,高校生,施錠せず
窃盗,自転車盗,尼崎南,大庄,282022,兵庫県,尼崎市,大島１丁目,20241207,21,道路上,その他,10歳代,高校生,施錠せず
窃盗,自転車盗,尼崎南,大庄,282022,兵庫県,尼崎市,大島２丁目,20240326,19,その他の住宅（３階建て以下共同住宅等）,駐車（輪）場,20歳代,その他,施錠せず
窃盗,自転車盗,尼崎南,大庄,282022,兵庫県,尼崎市,大島３丁目,20240907,20,４階建て以上共同住宅,駐車（輪）場,30歳代,その他,施錠せず
窃盗,自転車盗,尼崎南,大庄,282022,兵庫県,尼崎市,大島３丁目,20241109,10,その他,その他,60-64歳,その他,施錠せず
窃盗,自転車盗,尼崎南,大庄,282022,兵庫県,尼崎市,大島３丁目,20241123,14,その他の住宅（３階建て以下共同住宅等）,駐車（輪）場,30歳代,その他,施錠せず
窃盗,自転車盗,尼崎南,大庄,282022,兵庫県,尼崎市,大島３丁目,20241210,0,一戸建住宅,その他,50歳代,その他,施錠せず
窃盗,自転車盗,尼崎南,大庄,282022,兵庫県,尼崎市,大庄　西町２丁目,20240406,19,その他の住宅（３階建て以下共同住宅等）,駐車（輪）場,10歳代,中学生,施錠せず
窃盗,自転車盗,尼崎南,大庄,282022,兵庫県,尼崎市,大庄　西町２丁目,20240621,18,一戸建住宅,その他,30歳代,その他,施錠せず
窃盗,自転車盗,尼崎南,大庄,282022,兵庫県,尼崎市,大庄　西町２丁目,20240821,17,道路上,その他,65-69歳,その他,施錠した
窃盗,自転車盗,尼崎南,大庄,282022,兵庫県,尼崎市,大庄　西町２丁目,20241005,22,その他,駐車（輪）場,20歳代,その他,施錠せず
窃盗,自転車盗,尼崎南,大庄,282022,兵庫県,尼崎市,大庄　西町３丁目,20240203,17,駐車（輪）場,駐車（輪）場,10歳代,小学生,施錠した
窃盗,自転車盗,尼崎南,大庄,282022,兵庫県,尼崎市,大庄　西町３丁目,20240401,19,その他の住宅（３階建て以下共同住宅等）,駐車（輪）場,20歳代,その他,施錠せず
窃盗,自転車盗,尼崎南,大庄,282022,兵庫県,尼崎市,大庄　西町３丁目,20240509,7,一戸建住宅,駐車（輪）場,40歳代,その他,施錠した
窃盗,自転車盗,尼崎南,大庄,282022,兵庫県,尼崎市,大庄　西町３丁目,20240617,18,道路上,その他,30歳代,その他,施錠した
窃盗,自転車盗,尼崎南,大庄,282022,兵庫県,尼崎市,大庄　西町３丁目,20240415,9,道路上,その他,40歳代,その他,施錠せず
窃盗,自転車盗,尼崎南,元浜,282022,兵庫県,尼崎市,扇町,20240924,9,その他,駐車（輪）場,40歳代,その他,施錠せず
窃盗,自転車盗,尼崎南,元浜,282022,兵庫県,尼崎市,末広町１丁目,20241209,15,その他,駐車（輪）場,20歳代,その他,施錠せず
窃盗,自転車盗,尼崎南,元浜,282022,兵庫県,尼崎市,道意町６丁目,20241005,0,その他の住宅（３階建て以下共同住宅等）,駐車（輪）場,20歳代,その他,施錠せず
窃盗,自転車盗,尼崎南,元浜,282022,兵庫県,尼崎市,道意町６丁目,20241007,11,４階建て以上共同住宅,駐車（輪）場,40歳代,その他,施錠せず
窃盗,自転車盗,尼崎南,元浜,282022,兵庫県,尼崎市,道意町７丁目,20241102,10,その他,駐車（輪）場,10歳代,高校生,施錠せず
窃盗,自転車盗,尼崎南,元浜,282022,兵庫県,尼崎市,平左衛門町,20240823,19,その他,その他,60-64歳,その他,施錠した
窃盗,自転車盗,尼崎南,元浜,282022,兵庫県,尼崎市,元浜町１丁目,20240107,18,その他の住宅（３階建て以下共同住宅等）,その他,20歳代,その他,施錠せず
窃盗,自転車盗,尼崎南,元浜,282022,兵庫県,尼崎市,元浜町２丁目,20240725,8,その他,駐車（輪）場,70歳以上,その他,施錠せず
窃盗,自転車盗,尼崎南,元浜,282022,兵庫県,尼崎市,元浜町２丁目,20240924,8,一戸建住宅,駐車（輪）場,20歳代,大学生,施錠せず
窃盗,自転車盗,尼崎南,元浜,282022,兵庫県,尼崎市,元浜町２丁目,20241223,20,その他の住宅（３階建て以下共同住宅等）,駐車（輪）場,20歳代,その他,施錠した
窃盗,自転車盗,尼崎南,元浜,282022,兵庫県,尼崎市,元浜町３丁目,20240829,0,一戸建住宅,駐車（輪）場,10歳代,高校生,施錠せず
窃盗,自転車盗,尼崎南,元浜,282022,兵庫県,尼崎市,元浜町３丁目,20241206,16,４階建て以上共同住宅,駐車（輪）場,10歳代,中学生,施錠せず
窃盗,自転車盗,尼崎南,元浜,282022,兵庫県,尼崎市,元浜町５丁目,20240701,16,その他,その他,60-64歳,その他,施錠した
窃盗,自転車盗,尼崎南,センタープール前,282022,兵庫県,尼崎市,大庄　川田町,20240101,21,４階建て以上共同住宅,駐車（輪）場,10歳代,高校生,施錠せず
窃盗,自転車盗,尼崎南,センタープール前,282022,兵庫県,尼崎市,大庄　川田町,20240625,20,４階建て以上共同住宅,駐車（輪）場,20歳代,その他,施錠せず
窃盗,自転車盗,尼崎南,センタープール前,282022,兵庫県,尼崎市,大庄　川田町,20240721,19,４階建て以上共同住宅,駐車（輪）場,70歳以上,その他,施錠せず
窃盗,自転車盗,尼崎南,センタープール前,282022,兵庫県,尼崎市,大庄　川田町,20241108,16,４階建て以上共同住宅,駐車（輪）場,10歳代,中学生,施錠せず
窃盗,自転車盗,尼崎南,センタープール前,282022,兵庫県,尼崎市,大庄　川田町,20241116,18,４階建て以上共同住宅,駐車（輪）場,10歳代,高校生,施錠した
窃盗,自転車盗,尼崎南,センタープール前,282022,兵庫県,尼崎市,大庄　中通５丁目,20240906,17,道路上,その他,65-69歳,その他,施錠せず
窃盗,自転車盗,尼崎南,センタープール前,282022,兵庫県,尼崎市,大庄　中通５丁目,20241226,23,４階建て以上共同住宅,駐車（輪）場,10歳代,高校生,施錠した
窃盗,自転車盗,尼崎南,センタープール前,282022,兵庫県,尼崎市,大西町１丁目,20231229,17,道路上,その他,10歳代,高校生,施錠した
窃盗,自転車盗,尼崎南,センタープール前,282022,兵庫県,尼崎市,琴浦町,20240610,19,一戸建住宅,駐車（輪）場,10歳代,中学生,施錠せず
窃盗,自転車盗,尼崎南,センタープール前,282022,兵庫県,尼崎市,琴浦町,20240806,21,その他,駐車（輪）場,20歳代,その他,施錠せず
窃盗,自転車盗,尼崎南,センタープール前,282022,兵庫県,尼崎市,琴浦町,20241021,19,その他,駐車（輪）場,50歳代,その他,施錠せず
窃盗,自転車盗,尼崎南,センタープール前,282022,兵庫県,尼崎市,水明町,20240107,13,その他,駐車（輪）場,70歳以上,その他,施錠した
窃盗,自転車盗,尼崎南,センタープール前,282022,兵庫県,尼崎市,水明町,20231124,18,その他,駐車（輪）場,20歳代,その他,施錠せず
窃盗,自転車盗,尼崎南,センタープール前,282022,兵庫県,尼崎市,水明町,20240127,9,その他,駐車（輪）場,30歳代,その他,施錠せず
窃盗,自転車盗,尼崎南,センタープール前,282022,兵庫県,尼崎市,水明町,20240602,9,道路上,その他,20歳代,その他,施錠せず
窃盗,自転車盗,尼崎南,センタープール前,282022,兵庫県,尼崎市,水明町,20240705,17,その他,駐車（輪）場,20歳代,その他,施錠せず
窃盗,自転車盗,尼崎南,センタープール前,282022,兵庫県,尼崎市,水明町,20240802,14,駐車（輪）場,駐車（輪）場,10歳代,中学生,施錠した
窃盗,自転車盗,尼崎南,センタープール前,282022,兵庫県,尼崎市,水明町,20240806,16,その他,駐車（輪）場,20歳代,大学生,施錠せず
窃盗,自転車盗,尼崎南,センタープール前,282022,兵庫県,尼崎市,水明町,20240819,7,その他,駐車（輪）場,10歳代,中学生,施錠せず
窃盗,自転車盗,尼崎南,センタープール前,282022,兵庫県,尼崎市,水明町,20240831,12,その他,駐車（輪）場,10歳代,高校生,施錠せず
窃盗,自転車盗,尼崎南,センタープール前,282022,兵庫県,尼崎市,水明町,20240905,16,その他,駐車（輪）場,20歳代,その他,施錠した
窃盗,自転車盗,尼崎南,センタープール前,282022,兵庫県,尼崎市,水明町,20241001,16,その他,駐車（輪）場,20歳代,大学生,施錠せず
窃盗,自転車盗,尼崎南,センタープール前,282022,兵庫県,尼崎市,水明町,20241128,21,道路上,その他,10歳代,その他,施錠せず
窃盗,自転車盗,尼崎南,センタープール前,282022,兵庫県,尼崎市,崇徳院２丁目,20240106,17,道路上,その他,10歳代,高校生,施錠せず
窃盗,自転車盗,尼崎南,センタープール前,282022,兵庫県,尼崎市,崇徳院２丁目,20240108,12,その他,駐車（輪）場,10歳代,高校生,施錠せず
窃盗,自転車盗,尼崎南,センタープール前,282022,兵庫県,尼崎市,崇徳院２丁目,20240210,16,道路上,その他,70歳以上,その他,施錠せず
窃盗,自転車盗,尼崎南,センタープール前,282022,兵庫県,尼崎市,崇徳院２丁目,20240616,4,道路上,その他,70歳以上,その他,施錠した
窃盗,自転車盗,尼崎南,センタープール前,282022,兵庫県,尼崎市,崇徳院２丁目,20240821,3,４階建て以上共同住宅,駐車（輪）場,30歳代,その他,施錠せず
窃盗,自転車盗,尼崎南,センタープール前,282022,兵庫県,尼崎市,崇徳院３丁目,20240620,18,４階建て以上共同住宅,駐車（輪）場,10歳代,高校生,施錠した
窃盗,自転車盗,尼崎南,センタープール前,282022,兵庫県,尼崎市,崇徳院３丁目,20240913,8,その他,駐車（輪）場,30歳代,その他,施錠せず
窃盗,自転車盗,尼崎南,センタープール前,282022,兵庫県,尼崎市,崇徳院３丁目,20241117,17,一戸建住宅,駐車（輪）場,10歳代,中学生,施錠せず
窃盗,自転車盗,尼崎南,センタープール前,282022,兵庫県,尼崎市,道意町１丁目,20241126,13,その他,駐車（輪）場,30歳代,その他,施錠した
窃盗,自転車盗,尼崎南,センタープール前,282022,兵庫県,尼崎市,道意町２丁目,20240112,19,その他の住宅（３階建て以下共同住宅等）,駐車（輪）場,20歳代,その他,施錠せず
窃盗,自転車盗,尼崎南,センタープール前,282022,兵庫県,尼崎市,道意町４丁目,20240112,7,その他,駐車（輪）場,20歳代,その他,施錠せず
窃盗,自転車盗,尼崎南,センタープール前,282022,兵庫県,尼崎市,道意町４丁目,20241025,17,その他,駐車（輪）場,30歳代,その他,施錠した
窃盗,自転車盗,尼崎南,センタープール前,282022,兵庫県,尼崎市,道意町４丁目,20241114,8,その他,駐車（輪）場,70歳以上,その他,施錠せず
窃盗,自転車盗,尼崎南,センタープール前,282022,兵庫県,尼崎市,道意町４丁目,20241119,7,その他,駐車（輪）場,10歳代,高校生,施錠せず
窃盗,自転車盗,尼崎南,センタープール前,282022,兵庫県,尼崎市,道意町５丁目,20240106,12,一戸建住宅,駐車（輪）場,40歳代,その他,施錠せず
窃盗,自転車盗,尼崎南,センタープール前,282022,兵庫県,尼崎市,道意町５丁目,20240811,17,４階建て以上共同住宅,駐車（輪）場,20歳代,その他,施錠せず
窃盗,自転車盗,尼崎南,センタープール前,282022,兵庫県,尼崎市,菜切山町,20240622,7,その他,その他,10歳代,中学生,施錠せず
窃盗,自転車盗,尼崎南,センタープール前,282022,兵庫県,尼崎市,武庫川町１丁目,20241202,20,一戸建住宅,駐車（輪）場,30歳代,その他,施錠せず
窃盗,自転車盗,尼崎南,センタープール前,282022,兵庫県,尼崎市,武庫川町２丁目,20240404,19,４階建て以上共同住宅,駐車（輪）場,50歳代,その他,施錠した
窃盗,自転車盗,尼崎南,センタープール前,282022,兵庫県,尼崎市,武庫川町３丁目,20241213,14,４階建て以上共同住宅,駐車（輪）場,10歳代,小学生,施錠せず
窃盗,自転車盗,尼崎南,センタープール前,282022,兵庫県,尼崎市,武庫川町４丁目,20230501,0,道路上,その他,20歳代,その他,施錠せず
窃盗,自転車盗,尼崎南,センタープール前,282022,兵庫県,尼崎市,武庫川町４丁目,20240412,7,その他,駐車（輪）場,10歳代,高校生,施錠した
窃盗,自転車盗,尼崎南,センタープール前,282022,兵庫県,尼崎市,武庫川町４丁目,20241029,16,４階建て以上共同住宅,駐車（輪）場,20歳代,その他,施錠せず
窃盗,自転車盗,尼崎南,センタープール前,282022,兵庫県,尼崎市,武庫川町４丁目,20241106,16,その他,駐車（輪）場,20歳代,その他,施錠せず
窃盗,自転車盗,尼崎南,センタープール前,282022,兵庫県,尼崎市,蓬川町,20240108,20,その他,駐車（輪）場,50歳代,その他,施錠せず
窃盗,自転車盗,尼崎南,センタープール前,282022,兵庫県,尼崎市,蓬川町,20240108,16,その他,駐車（輪）場,20歳代,その他,施錠せず
窃盗,自転車盗,尼崎南,センタープール前,282022,兵庫県,尼崎市,蓬川町,20240503,16,４階建て以上共同住宅,駐車（輪）場,10歳代,中学生,施錠した
窃盗,自転車盗,尼崎南,センタープール前,282022,兵庫県,尼崎市,蓬川町,20240710,23,その他,駐車（輪）場,20歳代,その他,施錠せず
窃盗,自転車盗,尼崎南,センタープール前,282022,兵庫県,尼崎市,蓬川町,20240321,0,４階建て以上共同住宅,その他,20歳代,その他,施錠した
窃盗,自転車盗,尼崎南,センタープール前,282022,兵庫県,尼崎市,蓬川町,20240724,17,４階建て以上共同住宅,駐車（輪）場,50歳代,その他,施錠した
窃盗,自転車盗,尼崎南,センタープール前,282022,兵庫県,尼崎市,蓬川町,20240828,4,一戸建住宅,駐車（輪）場,65-69歳,その他,施錠した
窃盗,自転車盗,尼崎南,センタープール前,282022,兵庫県,尼崎市,蓬川町,20240822,12,４階建て以上共同住宅,駐車（輪）場,10歳代,高校生,施錠した
窃盗,自転車盗,尼崎南,センタープール前,282022,兵庫県,尼崎市,蓬川町,20241010,6,その他,駐車（輪）場,40歳代,その他,施錠せず
窃盗,自転車盗,尼崎南,センタープール前,282022,兵庫県,尼崎市,蓬川町,20241112,7,その他,駐車（輪）場,60-64歳,その他,施錠せず
窃盗,自転車盗,尼崎南,センタープール前,282022,兵庫県,尼崎市,蓬川町,20241206,8,その他,駐車（輪）場,20歳代,その他,施錠せず
窃盗,自転車盗,尼崎南,センタープール前,282022,兵庫県,尼崎市,大庄　西町１丁目,20240301,21,その他の住宅（３階建て以下共同住宅等）,駐車（輪）場,10歳代,中学生,施錠せず
窃盗,自転車盗,尼崎南,センタープール前,282022,兵庫県,尼崎市,大庄　西町１丁目,20240417,11,駐車（輪）場,駐車（輪）場,20歳代,その他,施錠せず
窃盗,自転車盗,尼崎南,センタープール前,282022,兵庫県,尼崎市,大庄　西町１丁目,20240525,8,駐車（輪）場,駐車（輪）場,10歳代,中学生,施錠した
窃盗,自転車盗,尼崎南,センタープール前,282022,兵庫県,尼崎市,大庄　西町１丁目,20240728,20,その他,駐車（輪）場,10歳代,大学生,施錠した
窃盗,自転車盗,尼崎南,センタープール前,282022,兵庫県,尼崎市,大庄　西町１丁目,20240822,18,その他,駐車（輪）場,20歳代,大学生,施錠せず
窃盗,自転車盗,尼崎南,センタープール前,282022,兵庫県,尼崎市,大庄　西町１丁目,20240916,18,その他,その他,20歳代,その他,施錠した
窃盗,自転車盗,尼崎南,センタープール前,282022,兵庫県,尼崎市,大庄　西町１丁目,20241125,7,その他,駐車（輪）場,10歳代,高校生,施錠せず
窃盗,自転車盗,尼崎南,センタープール前,282022,兵庫県,尼崎市,大庄　西町１丁目,20241207,15,その他,駐車（輪）場,40歳代,その他,施錠した
窃盗,自転車盗,尼崎南,センタープール前,282022,兵庫県,尼崎市,大庄　西町１丁目,20241213,17,その他,駐車（輪）場,40歳代,その他,施錠せず
窃盗,自転車盗,尼崎南,センタープール前,282022,兵庫県,尼崎市,大庄　西町１丁目,20241217,8,その他,駐車（輪）場,10歳代,大学生,施錠せず
窃盗,自転車盗,尼崎南,センタープール前,282022,兵庫県,尼崎市,大庄　西町４丁目,20240403,18,一戸建住宅,駐車（輪）場,30歳代,その他,施錠した
窃盗,自転車盗,尼崎南,センタープール前,282022,兵庫県,尼崎市,大庄　西町４丁目,20240722,20,４階建て以上共同住宅,駐車（輪）場,30歳代,その他,施錠した
窃盗,自転車盗,尼崎南,センタープール前,282022,兵庫県,尼崎市,大庄　西町４丁目,20240730,19,４階建て以上共同住宅,駐車（輪）場,60-64歳,その他,施錠せず
窃盗,自転車盗,尼崎南,センタープール前,282022,兵庫県,尼崎市,大庄　西町４丁目,20240906,22,４階建て以上共同住宅,駐車（輪）場,10歳未満,小学生,施錠せず
窃盗,自転車盗,尼崎南,センタープール前,282022,兵庫県,尼崎市,大庄　西町４丁目,20241013,18,４階建て以上共同住宅,駐車（輪）場,10歳代,小学生,施錠した
窃盗,自転車盗,尼崎南,センタープール前,282022,兵庫県,尼崎市,大庄　西町４丁目,20241013,18,４階建て以上共同住宅,駐車（輪）場,20歳代,その他,施錠せず
窃盗,自転車盗,尼崎東,長洲,282022,兵庫県,尼崎市,潮江５丁目,20240717,17,４階建て以上共同住宅,駐車（輪）場,70歳以上,その他,施錠した
窃盗,自転車盗,尼崎東,長洲,282022,兵庫県,尼崎市,常光寺２丁目,20240322,3,駐車（輪）場,駐車（輪）場,10歳代,中学生,施錠せず
窃盗,自転車盗,尼崎東,長洲,282022,兵庫県,尼崎市,長洲中通１丁目,20240517,15,その他,その他,40歳代,その他,施錠せず
窃盗,自転車盗,尼崎東,長洲,282022,兵庫県,尼崎市,長洲中通３丁目,20240623,13,一戸建住宅,駐車（輪）場,30歳代,その他,施錠せず
窃盗,自転車盗,尼崎東,長洲,282022,兵庫県,尼崎市,長洲西通１丁目,20240323,1,道路上,その他,20歳代,大学生,施錠した
窃盗,自転車盗,尼崎東,長洲,282022,兵庫県,尼崎市,長洲西通１丁目,20240615,12,駐車（輪）場,駐車（輪）場,20歳代,その他,施錠せず
窃盗,自転車盗,尼崎東,長洲,282022,兵庫県,尼崎市,長洲西通１丁目,20240701,0,４階建て以上共同住宅,駐車（輪）場,50歳代,その他,施錠せず
窃盗,自転車盗,尼崎東,長洲,282022,兵庫県,尼崎市,長洲西通１丁目,20240830,12,その他,駐車（輪）場,40歳代,その他,施錠した
窃盗,自転車盗,尼崎東,長洲,282022,兵庫県,尼崎市,長洲西通２丁目,20240323,16,４階建て以上共同住宅,駐車（輪）場,10歳代,中学生,施錠せず
窃盗,自転車盗,尼崎東,長洲,282022,兵庫県,尼崎市,長洲西通２丁目,20241019,9,その他,駐車（輪）場,40歳代,その他,施錠した
窃盗,自転車盗,尼崎東,長洲,282022,兵庫県,尼崎市,長洲西通２丁目,20241221,12,４階建て以上共同住宅,駐車（輪）場,70歳以上,その他,施錠した
窃盗,自転車盗,尼崎東,長洲,282022,兵庫県,尼崎市,長洲東通３丁目,20240809,4,一戸建住宅,駐車（輪）場,10歳代,中学生,施錠せず
窃盗,自転車盗,尼崎東,長洲,282022,兵庫県,尼崎市,長洲本通１丁目,20240413,19,その他,その他,20歳代,大学生,施錠した
窃盗,自転車盗,尼崎東,長洲,282022,兵庫県,尼崎市,長洲本通１丁目,20240503,20,４階建て以上共同住宅,駐車（輪）場,20歳代,大学生,施錠した
窃盗,自転車盗,尼崎東,長洲,282022,兵庫県,尼崎市,長洲本通１丁目,20240502,18,その他,駐車（輪）場,30歳代,その他,施錠せず
窃盗,自転車盗,尼崎東,長洲,282022,兵庫県,尼崎市,長洲本通１丁目,20240517,18,４階建て以上共同住宅,駐車（輪）場,10歳代,小学生,施錠した
窃盗,自転車盗,尼崎東,長洲,282022,兵庫県,尼崎市,長洲本通１丁目,20240513,10,駐車（輪）場,駐車（輪）場,10歳代,高校生,施錠せず
窃盗,自転車盗,尼崎東,長洲,282022,兵庫県,尼崎市,長洲本通１丁目,20230815,9,その他,その他,40歳代,その他,施錠せず
窃盗,自転車盗,尼崎東,長洲,282022,兵庫県,尼崎市,長洲本通１丁目,20240824,18,その他,その他,20歳代,その他,施錠した
窃盗,自転車盗,尼崎東,長洲,282022,兵庫県,尼崎市,長洲本通１丁目,20240823,18,道路上,その他,20歳代,大学生,施錠せず
窃盗,自転車盗,尼崎東,長洲,282022,兵庫県,尼崎市,長洲本通１丁目,20240916,14,駐車（輪）場,駐車（輪）場,20歳代,その他,施錠した
窃盗,自転車盗,尼崎東,長洲,282022,兵庫県,尼崎市,長洲本通１丁目,20241022,9,その他,駐車（輪）場,20歳代,大学生,施錠した
窃盗,自転車盗,尼崎東,長洲,282022,兵庫県,尼崎市,長洲本通１丁目,20241106,22,その他,駐車（輪）場,20歳代,その他,施錠せず
窃盗,自転車盗,尼崎東,長洲,282022,兵庫県,尼崎市,長洲本通１丁目,20241126,17,道路上,その他,10歳代,その他,施錠せず
窃盗,自転車盗,尼崎東,長洲,282022,兵庫県,尼崎市,長洲本通２丁目,20240611,19,道路上,その他,10歳代,高校生,施錠した
窃盗,自転車盗,尼崎東,長洲,282022,兵庫県,尼崎市,長洲本通２丁目,20240715,20,一戸建住宅,その他,10歳代,大学生,施錠せず
窃盗,自転車盗,尼崎東,長洲,282022,兵庫県,尼崎市,長洲本通２丁目,20241021,19,一戸建住宅,駐車（輪）場,10歳代,その他,施錠した
窃盗,自転車盗,尼崎東,長洲,282022,兵庫県,尼崎市,長洲本通３丁目,20240628,21,その他の住宅（３階建て以下共同住宅等）,駐車（輪）場,30歳代,その他,施錠した
窃盗,自転車盗,尼崎東,長洲,282022,兵庫県,尼崎市,長洲本通３丁目,20241217,17,道路上,その他,70歳以上,その他,施錠せず
窃盗,自転車盗,尼崎東,長洲,282022,兵庫県,尼崎市,金楽寺町１丁目,20240427,10,その他,その他,40歳代,その他,施錠せず
窃盗,自転車盗,尼崎東,長洲,282022,兵庫県,尼崎市,金楽寺町２丁目,20240112,21,その他の住宅（３階建て以下共同住宅等）,駐車（輪）場,30歳代,その他,施錠せず
窃盗,自転車盗,尼崎東,長洲,282022,兵庫県,尼崎市,金楽寺町２丁目,20240215,17,一戸建住宅,その他,70歳以上,その他,施錠した
窃盗,自転車盗,尼崎東,長洲,282022,兵庫県,尼崎市,金楽寺町２丁目,20240426,13,駐車（輪）場,駐車（輪）場,50歳代,その他,施錠した
窃盗,自転車盗,尼崎東,長洲,282022,兵庫県,尼崎市,金楽寺町２丁目,20240517,20,その他の住宅（３階建て以下共同住宅等）,駐車（輪）場,10歳代,中学生,施錠せず
窃盗,自転車盗,尼崎東,長洲,282022,兵庫県,尼崎市,金楽寺町２丁目,20240715,16,その他,その他,30歳代,その他,施錠せず
窃盗,自転車盗,尼崎東,長洲,282022,兵庫県,尼崎市,金楽寺町２丁目,20240719,15,その他,その他,50歳代,その他,施錠せず
窃盗,自転車盗,尼崎東,長洲,282022,兵庫県,尼崎市,金楽寺町２丁目,20240731,17,その他の住宅（３階建て以下共同住宅等）,駐車（輪）場,20歳代,その他,施錠せず
窃盗,自転車盗,尼崎東,長洲,282022,兵庫県,尼崎市,金楽寺町２丁目,20240822,2,４階建て以上共同住宅,駐車（輪）場,20歳代,その他,施錠せず
窃盗,自転車盗,尼崎東,長洲,282022,兵庫県,尼崎市,金楽寺町２丁目,20241006,14,一戸建住宅,その他,50歳代,その他,施錠せず
窃盗,自転車盗,尼崎東,長洲,282022,兵庫県,尼崎市,金楽寺町２丁目,20241012,18,駐車（輪）場,駐車（輪）場,10歳代,小学生,施錠せず
窃盗,自転車盗,尼崎東,長洲,282022,兵庫県,尼崎市,金楽寺町２丁目,20241020,2,一戸建住宅,その他,20歳代,大学生,施錠せず
窃盗,自転車盗,尼崎東,長洲,282022,兵庫県,尼崎市,金楽寺町２丁目,20240408,18,一戸建住宅,駐車（輪）場,10歳代,中学生,施錠せず
窃盗,自転車盗,尼崎東,長洲,282022,兵庫県,尼崎市,金楽寺町２丁目,20241024,16,一戸建住宅,その他,10歳代,小学生,施錠せず
窃盗,自転車盗,尼崎東,長洲,282022,兵庫県,尼崎市,西長洲町１丁目,20240128,8,その他,駐車（輪）場,10歳代,高校生,施錠せず
窃盗,自転車盗,尼崎東,長洲,282022,兵庫県,尼崎市,西長洲町１丁目,20241019,13,道路上,その他,10歳代,中学生,施錠せず
窃盗,自転車盗,尼崎東,長洲,282022,兵庫県,尼崎市,西長洲町１丁目,20241205,15,その他,駐車（輪）場,10歳代,大学生,施錠せず
窃盗,自転車盗,尼崎東,長洲,282022,兵庫県,尼崎市,西長洲町２丁目,20240424,15,一戸建住宅,その他,10歳未満,小学生,施錠せず
窃盗,自転車盗,尼崎東,長洲,282022,兵庫県,尼崎市,西長洲町２丁目,20240611,16,４階建て以上共同住宅,駐車（輪）場,10歳代,中学生,施錠した
窃盗,自転車盗,尼崎東,長洲,282022,兵庫県,尼崎市,西長洲町２丁目,20241024,0,４階建て以上共同住宅,駐車（輪）場,30歳代,その他,施錠せず
窃盗,自転車盗,尼崎東,長洲,282022,兵庫県,尼崎市,西長洲町２丁目,20241030,12,その他,駐車（輪）場,30歳代,その他,施錠せず
窃盗,自転車盗,尼崎東,長洲,282022,兵庫県,尼崎市,西長洲町３丁目,20240327,10,その他,その他,50歳代,その他,施錠せず
窃盗,自転車盗,尼崎東,長洲,282022,兵庫県,尼崎市,西長洲町３丁目,20241115,7,４階建て以上共同住宅,駐車（輪）場,20歳代,その他,施錠せず
窃盗,自転車盗,尼崎東,長洲,282022,兵庫県,尼崎市,長洲本通１丁目,20240418,16,駐車（輪）場,駐車（輪）場,10歳代,高校生,施錠せず
窃盗,自転車盗,尼崎東,稲川橋,282022,兵庫県,尼崎市,杭瀬北新町４丁目,20240223,15,その他,駐車（輪）場,10歳代,高校生,施錠せず
窃盗,自転車盗,尼崎東,稲川橋,282022,兵庫県,尼崎市,杭瀬南新町４丁目,20240127,14,その他,駐車（輪）場,10歳代,中学生,施錠せず
窃盗,自転車盗,尼崎東,稲川橋,282022,兵庫県,尼崎市,杭瀬南新町４丁目,20240217,14,４階建て以上共同住宅,駐車（輪）場,10歳代,中学生,施錠せず
窃盗,自転車盗,尼崎東,杭瀬,282022,兵庫県,尼崎市,今福１丁目,20241011,18,４階建て以上共同住宅,駐車（輪）場,30歳代,その他,施錠した
窃盗,自転車盗,尼崎東,杭瀬,282022,兵庫県,尼崎市,梶ケ島,20240508,17,その他,駐車（輪）場,40歳代,その他,施錠せず
窃盗,自転車盗,尼崎東,杭瀬,282022,兵庫県,尼崎市,梶ケ島,20240908,10,その他,駐車（輪）場,40歳代,その他,施錠した
窃盗,自転車盗,尼崎東,杭瀬,282022,兵庫県,尼崎市,梶ケ島,20241128,6,その他,その他,20歳代,その他,施錠した
窃盗,自転車盗,尼崎東,杭瀬,282022,兵庫県,尼崎市,杭瀬北新町１丁目,20240514,18,駐車（輪）場,駐車（輪）場,30歳代,その他,施錠した
窃盗,自転車盗,尼崎東,杭瀬,282022,兵庫県,尼崎市,杭瀬北新町２丁目,20240117,19,その他の住宅（３階建て以下共同住宅等）,駐車（輪）場,20歳代,その他,施錠した
窃盗,自転車盗,尼崎東,杭瀬,282022,兵庫県,尼崎市,杭瀬北新町２丁目,20241012,9,一戸建住宅,駐車（輪）場,40歳代,その他,施錠せず
窃盗,自転車盗,尼崎東,杭瀬,282022,兵庫県,尼崎市,杭瀬北新町３丁目,20231230,3,４階建て以上共同住宅,駐車（輪）場,65-69歳,その他,施錠せず
窃盗,自転車盗,尼崎東,杭瀬,282022,兵庫県,尼崎市,杭瀬北新町３丁目,20240307,17,駐車（輪）場,駐車（輪）場,20歳代,その他,施錠せず
窃盗,自転車盗,尼崎東,杭瀬,282022,兵庫県,尼崎市,杭瀬北新町３丁目,20240506,21,４階建て以上共同住宅,その他,20歳代,その他,施錠せず
窃盗,自転車盗,尼崎東,杭瀬,282022,兵庫県,尼崎市,杭瀬北新町３丁目,20240520,19,道路上,その他,50歳代,その他,施錠せず
窃盗,自転車盗,尼崎東,杭瀬,282022,兵庫県,尼崎市,杭瀬北新町３丁目,20240711,18,道路上,その他,10歳代,小学生,施錠せず
窃盗,自転車盗,尼崎東,杭瀬,282022,兵庫県,尼崎市,杭瀬北新町４丁目,20240621,19,駐車（輪）場,駐車（輪）場,10歳代,高校生,施錠せず
窃盗,自転車盗,尼崎東,杭瀬,282022,兵庫県,尼崎市,杭瀬本町１丁目,20240410,14,その他,その他,70歳以上,その他,施錠せず
窃盗,自転車盗,尼崎東,杭瀬,282022,兵庫県,尼崎市,杭瀬本町１丁目,20240428,18,道路上,その他,60-64歳,その他,施錠せず
窃盗,自転車盗,尼崎東,杭瀬,282022,兵庫県,尼崎市,杭瀬本町１丁目,20240423,10,その他,駐車（輪）場,40歳代,その他,施錠せず
窃盗,自転車盗,尼崎東,杭瀬,282022,兵庫県,尼崎市,杭瀬本町１丁目,20240512,6,その他,その他,10歳代,大学生,施錠せず
窃盗,自転車盗,尼崎東,杭瀬,282022,兵庫県,尼崎市,杭瀬本町１丁目,20240612,19,４階建て以上共同住宅,駐車（輪）場,10歳代,中学生,施錠せず
窃盗,自転車盗,尼崎東,杭瀬,282022,兵庫県,尼崎市,杭瀬本町１丁目,20240623,13,その他,駐車（輪）場,40歳代,その他,施錠せず
窃盗,自転車盗,尼崎東,杭瀬,282022,兵庫県,尼崎市,杭瀬本町１丁目,20240628,11,その他,駐車（輪）場,60-64歳,その他,施錠した
窃盗,自転車盗,尼崎東,杭瀬,282022,兵庫県,尼崎市,杭瀬本町１丁目,20240920,17,４階建て以上共同住宅,駐車（輪）場,20歳代,その他,施錠せず
窃盗,自転車盗,尼崎東,杭瀬,282022,兵庫県,尼崎市,杭瀬本町１丁目,20240911,6,道路上,その他,20歳代,その他,施錠した
窃盗,自転車盗,尼崎東,杭瀬,282022,兵庫県,尼崎市,杭瀬本町１丁目,20240929,23,４階建て以上共同住宅,駐車（輪）場,20歳代,その他,施錠せず
窃盗,自転車盗,尼崎東,杭瀬,282022,兵庫県,尼崎市,杭瀬本町１丁目,20241004,9,駐車（輪）場,駐車（輪）場,20歳代,その他,施錠せず
窃盗,自転車盗,尼崎東,杭瀬,282022,兵庫県,尼崎市,杭瀬本町１丁目,20241010,22,４階建て以上共同住宅,駐車（輪）場,20歳代,その他,施錠せず
窃盗,自転車盗,尼崎東,杭瀬,282022,兵庫県,尼崎市,杭瀬本町１丁目,20241126,19,駐車（輪）場,駐車（輪）場,30歳代,その他,施錠せず
窃盗,自転車盗,尼崎東,杭瀬,282022,兵庫県,尼崎市,杭瀬本町１丁目,20241128,11,その他,駐車（輪）場,65-69歳,その他,施錠せず
窃盗,自転車盗,尼崎東,杭瀬,282022,兵庫県,尼崎市,杭瀬本町１丁目,20241210,10,その他,その他,70歳以上,その他,施錠した
窃盗,自転車盗,尼崎東,杭瀬,282022,兵庫県,尼崎市,杭瀬本町２丁目,20240126,10,その他,駐車（輪）場,50歳代,その他,施錠せず
窃盗,自転車盗,尼崎東,杭瀬,282022,兵庫県,尼崎市,杭瀬本町２丁目,20240305,16,道路上,その他,10歳代,高校生,施錠せず
窃盗,自転車盗,尼崎東,杭瀬,282022,兵庫県,尼崎市,杭瀬本町３丁目,20240405,21,一戸建住宅,駐車（輪）場,10歳代,高校生,施錠した
窃盗,自転車盗,尼崎東,杭瀬,282022,兵庫県,尼崎市,杭瀬本町３丁目,20241031,16,道路上,その他,70歳以上,その他,施錠せず
窃盗,自転車盗,尼崎東,杭瀬,282022,兵庫県,尼崎市,杭瀬南新町１丁目,20241020,23,その他,駐車（輪）場,20歳代,その他,施錠せず
窃盗,自転車盗,尼崎東,杭瀬,282022,兵庫県,尼崎市,杭瀬南新町４丁目,20240206,22,道路上,その他,50歳代,その他,施錠せず
窃盗,自転車盗,尼崎東,杭瀬,282022,兵庫県,尼崎市,杭瀬南新町４丁目,20240323,22,一戸建住宅,その他,20歳代,その他,施錠せず
窃盗,自転車盗,尼崎東,杭瀬,282022,兵庫県,尼崎市,杭瀬南新町４丁目,20240423,18,一戸建住宅,駐車（輪）場,30歳代,その他,施錠した
窃盗,自転車盗,尼崎東,杭瀬,282022,兵庫県,尼崎市,杭瀬南新町４丁目,20240511,0,道路上,その他,10歳代,大学生,施錠した
窃盗,自転車盗,尼崎東,杭瀬,282022,兵庫県,尼崎市,杭瀬南新町４丁目,20240720,6,道路上,その他,20歳代,大学生,施錠した
窃盗,自転車盗,尼崎東,杭瀬,282022,兵庫県,尼崎市,杭瀬南新町４丁目,20240730,16,駐車（輪）場,駐車（輪）場,20歳代,その他,施錠せず
窃盗,自転車盗,尼崎東,杭瀬,282022,兵庫県,尼崎市,杭瀬南新町４丁目,20240806,1,その他,駐車（輪）場,10歳代,高校生,施錠せず
窃盗,自転車盗,尼崎東,杭瀬,282022,兵庫県,尼崎市,杭瀬南新町４丁目,20241011,16,駐車（輪）場,駐車（輪）場,30歳代,その他,施錠せず
窃盗,自転車盗,尼崎東,杭瀬,282022,兵庫県,尼崎市,杭瀬南新町４丁目,20241019,10,その他,駐車（輪）場,20歳代,大学生,施錠せず
窃盗,自転車盗,尼崎東,杭瀬,282022,兵庫県,尼崎市,潮江１丁目,20240708,18,その他,駐車（輪）場,10歳代,その他,施錠せず
窃盗,自転車盗,尼崎東,杭瀬,282022,兵庫県,尼崎市,常光寺１丁目,20240507,22,駐車（輪）場,駐車（輪）場,10歳代,その他,施錠した
窃盗,自転車盗,尼崎東,杭瀬,282022,兵庫県,尼崎市,常光寺１丁目,20240507,22,駐車（輪）場,駐車（輪）場,20歳代,その他,施錠した
窃盗,自転車盗,尼崎東,杭瀬,282022,兵庫県,尼崎市,常光寺１丁目,20240525,19,一戸建住宅,その他,30歳代,その他,施錠せず
窃盗,自転車盗,尼崎東,杭瀬,282022,兵庫県,尼崎市,常光寺１丁目,20240615,17,４階建て以上共同住宅,駐車（輪）場,30歳代,その他,施錠せず
窃盗,自転車盗,尼崎東,杭瀬,282022,兵庫県,尼崎市,常光寺１丁目,20240621,21,道路上,その他,70歳以上,その他,施錠せず
窃盗,自転車盗,尼崎東,杭瀬,282022,兵庫県,尼崎市,常光寺２丁目,20240529,15,４階建て以上共同住宅,駐車（輪）場,60-64歳,その他,施錠せず
窃盗,自転車盗,尼崎東,杭瀬,282022,兵庫県,尼崎市,常光寺２丁目,20240618,21,道路上,その他,10歳代,高校生,施錠せず
窃盗,自転車盗,尼崎東,杭瀬,282022,兵庫県,尼崎市,常光寺２丁目,20241105,12,道路上,その他,20歳代,その他,施錠した
窃盗,自転車盗,尼崎東,杭瀬,282022,兵庫県,尼崎市,常光寺２丁目,20241106,9,４階建て以上共同住宅,駐車（輪）場,20歳代,その他,施錠せず
窃盗,自転車盗,尼崎東,常光寺,282022,兵庫県,尼崎市,神崎町,20240524,1,その他の住宅（３階建て以下共同住宅等）,駐車（輪）場,40歳代,その他,施錠せず
窃盗,自転車盗,尼崎東,常光寺,282022,兵庫県,尼崎市,常光寺３丁目,20240209,1,その他の住宅（３階建て以下共同住宅等）,駐車（輪）場,10歳代,その他,施錠せず
窃盗,自転車盗,尼崎東,常光寺,282022,兵庫県,尼崎市,常光寺３丁目,20240209,23,４階建て以上共同住宅,駐車（輪）場,20歳代,その他,施錠した
窃盗,自転車盗,尼崎東,尼崎駅前,282022,兵庫県,尼崎市,長洲本通１丁目,20240118,19,４階建て以上共同住宅,駐車（輪）場,50歳代,その他,施錠した
窃盗,自転車盗,尼崎東,尼崎駅前,282022,兵庫県,尼崎市,長洲本通１丁目,20240123,8,その他,駐車（輪）場,10歳代,その他,施錠した
窃盗,自転車盗,尼崎東,尼崎駅前,282022,兵庫県,尼崎市,金楽寺町１丁目,20240101,8,４階建て以上共同住宅,その他,10歳代,高校生,施錠せず
窃盗,自転車盗,尼崎東,潮江,282022,兵庫県,尼崎市,潮江１丁目,20231228,21,道路上,その他,20歳代,大学生,施錠した
窃盗,自転車盗,尼崎東,潮江,282022,兵庫県,尼崎市,潮江１丁目,20240104,13,その他,駐車（輪）場,40歳代,その他,施錠せず
窃盗,自転車盗,尼崎東,潮江,282022,兵庫県,尼崎市,潮江１丁目,20240104,13,道路上,その他,40歳代,その他,施錠せず
窃盗,自転車盗,尼崎東,潮江,282022,兵庫県,尼崎市,潮江１丁目,20240110,18,道路上,その他,10歳代,大学生,施錠した
窃盗,自転車盗,尼崎東,潮江,282022,兵庫県,尼崎市,潮江１丁目,20240112,11,駐車（輪）場,駐車（輪）場,30歳代,その他,施錠した
窃盗,自転車盗,尼崎東,潮江,282022,兵庫県,尼崎市,潮江１丁目,20240112,17,その他,駐車（輪）場,10歳代,高校生,施錠せず
窃盗,自転車盗,尼崎東,潮江,282022,兵庫県,尼崎市,潮江１丁目,20240114,14,駐車（輪）場,駐車（輪）場,60-64歳,その他,施錠した
窃盗,自転車盗,尼崎東,潮江,282022,兵庫県,尼崎市,潮江１丁目,20240113,1,道路上,その他,20歳代,その他,施錠せず
窃盗,自転車盗,尼崎東,潮江,282022,兵庫県,尼崎市,潮江１丁目,20231231,22,駐車（輪）場,駐車（輪）場,10歳代,大学生,施錠せず
窃盗,自転車盗,尼崎東,潮江,282022,兵庫県,尼崎市,潮江１丁目,20240117,18,その他,駐車（輪）場,20歳代,大学生,施錠した
窃盗,自転車盗,尼崎東,潮江,282022,兵庫県,尼崎市,潮江１丁目,20240203,12,その他,駐車（輪）場,70歳以上,その他,施錠せず
窃盗,自転車盗,尼崎東,潮江,282022,兵庫県,尼崎市,潮江１丁目,20240125,20,道路上,その他,20歳代,その他,施錠せず
窃盗,自転車盗,尼崎東,潮江,282022,兵庫県,尼崎市,潮江１丁目,20240212,17,その他,駐車（輪）場,10歳代,高校生,施錠せず
窃盗,自転車盗,尼崎東,潮江,282022,兵庫県,尼崎市,潮江１丁目,20240220,17,道路上,その他,10歳代,大学生,施錠した
窃盗,自転車盗,尼崎東,潮江,282022,兵庫県,尼崎市,潮江１丁目,20240223,22,道路上,その他,50歳代,その他,施錠した
窃盗,自転車盗,尼崎東,潮江,282022,兵庫県,尼崎市,潮江１丁目,20240227,18,道路上,その他,10歳代,中学生,施錠せず
窃盗,自転車盗,尼崎東,潮江,282022,兵庫県,尼崎市,潮江１丁目,20240224,17,その他,駐車（輪）場,20歳代,その他,施錠せず
窃盗,自転車盗,尼崎東,潮江,282022,兵庫県,尼崎市,潮江１丁目,20240304,19,その他,駐車（輪）場,20歳代,大学生,施錠せず
窃盗,自転車盗,尼崎東,潮江,282022,兵庫県,尼崎市,潮江１丁目,20240222,18,その他,駐車（輪）場,10歳代,高校生,施錠した
窃盗,自転車盗,尼崎東,潮江,282022,兵庫県,尼崎市,潮江１丁目,20240311,2,道路上,その他,10歳代,高校生,施錠せず
窃盗,自転車盗,尼崎東,潮江,282022,兵庫県,尼崎市,潮江１丁目,20240316,14,４階建て以上共同住宅,駐車（輪）場,20歳代,その他,施錠した
窃盗,自転車盗,尼崎東,潮江,282022,兵庫県,尼崎市,潮江１丁目,20240309,18,その他,駐車（輪）場,20歳代,その他,施錠した
窃盗,自転車盗,尼崎東,潮江,282022,兵庫県,尼崎市,潮江１丁目,20240312,17,道路上,その他,20歳代,その他,施錠した
窃盗,自転車盗,尼崎東,潮江,282022,兵庫県,尼崎市,潮江１丁目,20240331,21,４階建て以上共同住宅,駐車（輪）場,30歳代,その他,施錠した
窃盗,自転車盗,尼崎東,潮江,282022,兵庫県,尼崎市,潮江１丁目,20240402,19,４階建て以上共同住宅,その他,20歳代,その他,施錠せず
窃盗,自転車盗,尼崎東,潮江,282022,兵庫県,尼崎市,潮江１丁目,20240330,21,道路上,その他,10歳代,高校生,施錠せず
窃盗,自転車盗,尼崎東,潮江,282022,兵庫県,尼崎市,潮江１丁目,20240331,3,道路上,その他,20歳代,大学生,施錠せず
窃盗,自転車盗,尼崎東,潮江,282022,兵庫県,尼崎市,潮江１丁目,20240409,18,駐車（輪）場,駐車（輪）場,10歳代,中学生,施錠せず
窃盗,自転車盗,尼崎東,潮江,282022,兵庫県,尼崎市,潮江１丁目,20240409,10,その他,駐車（輪）場,20歳代,大学生,施錠せず
窃盗,自転車盗,尼崎東,潮江,282022,兵庫県,尼崎市,潮江１丁目,20240411,19,道路上,その他,10歳代,その他,施錠した
窃盗,自転車盗,尼崎東,潮江,282022,兵庫県,尼崎市,潮江１丁目,20240411,12,その他,その他,10歳代,高校生,施錠した
窃盗,自転車盗,尼崎東,潮江,282022,兵庫県,尼崎市,潮江１丁目,20240409,12,その他,駐車（輪）場,20歳代,大学生,施錠せず
窃盗,自転車盗,尼崎東,潮江,282022,兵庫県,尼崎市,潮江１丁目,20240420,13,駐車（輪）場,駐車（輪）場,10歳代,高校生,施錠せず
窃盗,自転車盗,尼崎東,潮江,282022,兵庫県,尼崎市,潮江１丁目,20240421,18,その他,駐車（輪）場,10歳代,その他,施錠せず
窃盗,自転車盗,尼崎東,潮江,282022,兵庫県,尼崎市,潮江１丁目,20240419,20,道路上,その他,20歳代,その他,施錠せず
窃盗,自転車盗,尼崎東,潮江,282022,兵庫県,尼崎市,潮江１丁目,20240410,19,駐車（輪）場,駐車（輪）場,10歳代,高校生,施錠せず
窃盗,自転車盗,尼崎東,潮江,282022,兵庫県,尼崎市,潮江１丁目,20240507,21,道路上,その他,10歳代,中学生,施錠せず
窃盗,自転車盗,尼崎東,潮江,282022,兵庫県,尼崎市,潮江１丁目,20240502,19,４階建て以上共同住宅,駐車（輪）場,30歳代,その他,施錠した
窃盗,自転車盗,尼崎東,潮江,282022,兵庫県,尼崎市,潮江１丁目,20240508,20,その他,駐車（輪）場,10歳代,高校生,施錠せず
窃盗,自転車盗,尼崎東,潮江,282022,兵庫県,尼崎市,潮江１丁目,20240510,20,駐車（輪）場,駐車（輪）場,10歳代,高校生,施錠せず
窃盗,自転車盗,尼崎東,潮江,282022,兵庫県,尼崎市,潮江１丁目,20240511,9,駐車（輪）場,駐車（輪）場,50歳代,その他,施錠した
窃盗,自転車盗,尼崎東,潮江,282022,兵庫県,尼崎市,潮江１丁目,20230723,6,その他,駐車（輪）場,20歳代,大学生,施錠した
窃盗,自転車盗,尼崎東,潮江,282022,兵庫県,尼崎市,潮江１丁目,20240518,20,その他,その他,20歳代,その他,施錠せず
窃盗,自転車盗,尼崎東,潮江,282022,兵庫県,尼崎市,潮江１丁目,20240520,13,その他,駐車（輪）場,30歳代,その他,施錠せず
窃盗,自転車盗,尼崎東,潮江,282022,兵庫県,尼崎市,潮江１丁目,20240604,11,駐車（輪）場,駐車（輪）場,20歳代,その他,施錠せず
窃盗,自転車盗,尼崎東,潮江,282022,兵庫県,尼崎市,潮江１丁目,20240606,18,その他,その他,30歳代,その他,施錠せず
窃盗,自転車盗,尼崎東,潮江,282022,兵庫県,尼崎市,潮江１丁目,20240416,20,その他,駐車（輪）場,20歳代,大学生,施錠した
窃盗,自転車盗,尼崎東,潮江,282022,兵庫県,尼崎市,潮江１丁目,20240530,19,駐車（輪）場,駐車（輪）場,10歳代,大学生,施錠せず
窃盗,自転車盗,尼崎東,潮江,282022,兵庫県,尼崎市,潮江１丁目,20240608,21,駐車（輪）場,駐車（輪）場,10歳代,高校生,施錠した
窃盗,自転車盗,尼崎東,潮江,282022,兵庫県,尼崎市,潮江１丁目,20240607,15,道路上,その他,10歳代,その他,施錠した
窃盗,自転車盗,尼崎東,潮江,282022,兵庫県,尼崎市,潮江１丁目,20240613,16,駐車（輪）場,駐車（輪）場,10歳代,高校生,施錠せず
窃盗,自転車盗,尼崎東,潮江,282022,兵庫県,尼崎市,潮江１丁目,20240610,12,その他,駐車（輪）場,10歳代,中学生,施錠せず
窃盗,自転車盗,尼崎東,潮江,282022,兵庫県,尼崎市,潮江１丁目,20240613,19,駐車（輪）場,駐車（輪）場,20歳代,その他,施錠した
窃盗,自転車盗,尼崎東,潮江,282022,兵庫県,尼崎市,潮江１丁目,20240615,18,道路上,その他,10歳代,高校生,施錠せず
窃盗,自転車盗,尼崎東,潮江,282022,兵庫県,尼崎市,潮江１丁目,20240626,8,その他,駐車（輪）場,50歳代,その他,施錠した
窃盗,自転車盗,尼崎東,潮江,282022,兵庫県,尼崎市,潮江１丁目,20240629,14,その他,駐車（輪）場,40歳代,その他,施錠せず
窃盗,自転車盗,尼崎東,潮江,282022,兵庫県,尼崎市,潮江１丁目,20240628,18,その他,駐車（輪）場,10歳代,大学生,施錠せず
窃盗,自転車盗,尼崎東,潮江,282022,兵庫県,尼崎市,潮江１丁目,20240703,7,その他,駐車（輪）場,10歳代,その他,施錠せず
窃盗,自転車盗,尼崎東,潮江,282022,兵庫県,尼崎市,潮江１丁目,20240703,10,その他,駐車（輪）場,70歳以上,その他,施錠した
窃盗,自転車盗,尼崎東,潮江,282022,兵庫県,尼崎市,潮江１丁目,20240706,19,その他,駐車（輪）場,40歳代,その他,施錠せず
窃盗,自転車盗,尼崎東,潮江,282022,兵庫県,尼崎市,潮江１丁目,20240628,12,４階建て以上共同住宅,駐車（輪）場,40歳代,その他,施錠せず
窃盗,自転車盗,尼崎東,潮江,282022,兵庫県,尼崎市,潮江１丁目,20240710,7,その他,駐車（輪）場,50歳代,その他,施錠した
窃盗,自転車盗,尼崎東,潮江,282022,兵庫県,尼崎市,潮江１丁目,20240711,18,道路上,その他,20歳代,その他,施錠した
窃盗,自転車盗,尼崎東,潮江,282022,兵庫県,尼崎市,潮江１丁目,20240803,17,駐車（輪）場,駐車（輪）場,60-64歳,その他,施錠した
窃盗,自転車盗,尼崎東,潮江,282022,兵庫県,尼崎市,潮江１丁目,20240803,18,道路上,その他,10歳代,その他,施錠せず
窃盗,自転車盗,尼崎東,潮江,282022,兵庫県,尼崎市,潮江１丁目,20240715,0,その他,その他,20歳代,大学生,施錠せず
窃盗,自転車盗,尼崎東,潮江,282022,兵庫県,尼崎市,潮江１丁目,20240730,20,道路上,その他,10歳代,大学生,施錠せず
窃盗,自転車盗,尼崎東,潮江,282022,兵庫県,尼崎市,潮江１丁目,20240807,23,その他,駐車（輪）場,20歳代,その他,施錠せず
窃盗,自転車盗,尼崎東,潮江,282022,兵庫県,尼崎市,潮江１丁目,20240809,10,その他,駐車（輪）場,10歳代,その他,施錠した
窃盗,自転車盗,尼崎東,潮江,282022,兵庫県,尼崎市,潮江１丁目,20240809,16,道路上,その他,10歳代,高校生,施錠せず
窃盗,自転車盗,尼崎東,潮江,282022,兵庫県,尼崎市,潮江１丁目,20240729,19,その他,駐車（輪）場,30歳代,その他,施錠した
窃盗,自転車盗,尼崎東,潮江,282022,兵庫県,尼崎市,潮江１丁目,20240820,14,その他,駐車（輪）場,10歳代,中学生,施錠せず
窃盗,自転車盗,尼崎東,潮江,282022,兵庫県,尼崎市,潮江１丁目,20240820,8,道路上,その他,20歳代,大学生,施錠せず
窃盗,自転車盗,尼崎東,潮江,282022,兵庫県,尼崎市,潮江１丁目,20240822,22,道路上,その他,20歳代,その他,施錠した
窃盗,自転車盗,尼崎東,潮江,282022,兵庫県,尼崎市,潮江１丁目,20240826,20,その他,駐車（輪）場,50歳代,その他,施錠せず
窃盗,自転車盗,尼崎東,潮江,282022,兵庫県,尼崎市,潮江１丁目,20240826,14,道路上,その他,20歳代,その他,施錠せず
窃盗,自転車盗,尼崎東,潮江,282022,兵庫県,尼崎市,潮江１丁目,20240831,11,道路上,その他,10歳代,高校生,施錠せず
窃盗,自転車盗,尼崎東,潮江,282022,兵庫県,尼崎市,潮江１丁目,20240911,20,その他,駐車（輪）場,20歳代,その他,施錠せず
窃盗,自転車盗,尼崎東,潮江,282022,兵庫県,尼崎市,潮江１丁目,20240923,12,その他,駐車（輪）場,10歳代,高校生,施錠せず
窃盗,自転車盗,尼崎東,潮江,282022,兵庫県,尼崎市,潮江１丁目,20240922,17,その他,駐車（輪）場,20歳代,その他,施錠した
窃盗,自転車盗,尼崎東,潮江,282022,兵庫県,尼崎市,潮江１丁目,20240927,17,道路上,その他,20歳代,その他,施錠せず
窃盗,自転車盗,尼崎東,潮江,282022,兵庫県,尼崎市,潮江１丁目,20240630,18,駐車（輪）場,駐車（輪）場,20歳代,その他,施錠せず
窃盗,自転車盗,尼崎東,潮江,282022,兵庫県,尼崎市,潮江１丁目,20240810,7,駐車（輪）場,駐車（輪）場,20歳代,その他,施錠した
窃盗,自転車盗,尼崎東,潮江,282022,兵庫県,尼崎市,潮江１丁目,20241005,13,駐車（輪）場,駐車（輪）場,30歳代,その他,施錠した
窃盗,自転車盗,尼崎東,潮江,282022,兵庫県,尼崎市,潮江１丁目,20241013,23,４階建て以上共同住宅,駐車（輪）場,30歳代,その他,施錠せず
窃盗,自転車盗,尼崎東,潮江,282022,兵庫県,尼崎市,潮江１丁目,20241014,13,その他,駐車（輪）場,10歳代,中学生,施錠せず
窃盗,自転車盗,尼崎東,潮江,282022,兵庫県,尼崎市,潮江１丁目,20241019,13,駐車（輪）場,駐車（輪）場,10歳代,大学生,施錠した
窃盗,自転車盗,尼崎東,潮江,282022,兵庫県,尼崎市,潮江１丁目,20241102,10,その他,その他,20歳代,その他,施錠した
窃盗,自転車盗,尼崎東,潮江,282022,兵庫県,尼崎市,潮江１丁目,20241030,18,道路上,その他,10歳代,中学生,施錠せず
窃盗,自転車盗,尼崎東,潮江,282022,兵庫県,尼崎市,潮江１丁目,20241114,14,その他,その他,60-64歳,その他,施錠した
窃盗,自転車盗,尼崎東,潮江,282022,兵庫県,尼崎市,潮江１丁目,20241111,19,その他,駐車（輪）場,10歳代,高校生,施錠せず
窃盗,自転車盗,尼崎東,潮江,282022,兵庫県,尼崎市,潮江１丁目,20241114,19,道路上,その他,10歳代,中学生,施錠せず
窃盗,自転車盗,尼崎東,潮江,282022,兵庫県,尼崎市,潮江１丁目,20241117,18,駐車（輪）場,駐車（輪）場,10歳代,高校生,施錠した
窃盗,自転車盗,尼崎東,潮江,282022,兵庫県,尼崎市,潮江１丁目,20241121,7,その他,駐車（輪）場,10歳代,大学生,施錠した
窃盗,自転車盗,尼崎東,潮江,282022,兵庫県,尼崎市,潮江１丁目,20241121,21,その他,その他,10歳代,大学生,施錠せず
窃盗,自転車盗,尼崎東,潮江,282022,兵庫県,尼崎市,潮江１丁目,20240705,23,道路上,その他,60-64歳,その他,施錠せず
窃盗,自転車盗,尼崎東,潮江,282022,兵庫県,尼崎市,潮江１丁目,20210801,0,その他,駐車（輪）場,50歳代,その他,施錠せず
窃盗,自転車盗,尼崎東,潮江,282022,兵庫県,尼崎市,潮江１丁目,20241006,11,その他の住宅（３階建て以下共同住宅等）,駐車（輪）場,10歳代,中学生,施錠した
窃盗,自転車盗,尼崎東,潮江,282022,兵庫県,尼崎市,潮江１丁目,20241209,10,その他,駐車（輪）場,10歳代,高校生,施錠せず
窃盗,自転車盗,尼崎東,潮江,282022,兵庫県,尼崎市,潮江１丁目,20241228,14,その他,駐車（輪）場,70歳以上,その他,施錠した
窃盗,自転車盗,尼崎東,潮江,282022,兵庫県,尼崎市,潮江２丁目,20240126,21,一戸建住宅,駐車（輪）場,30歳代,その他,施錠せず
窃盗,自転車盗,尼崎東,潮江,282022,兵庫県,尼崎市,潮江２丁目,20240212,18,一戸建住宅,その他,70歳以上,その他,施錠した
窃盗,自転車盗,尼崎東,潮江,282022,兵庫県,尼崎市,潮江２丁目,20240229,13,道路上,その他,20歳代,その他,施錠せず
窃盗,自転車盗,尼崎東,潮江,282022,兵庫県,尼崎市,潮江２丁目,20240803,0,その他,その他,30歳代,その他,施錠した
窃盗,自転車盗,尼崎東,潮江,282022,兵庫県,尼崎市,潮江２丁目,20241106,11,一戸建住宅,その他,60-64歳,その他,施錠せず
窃盗,自転車盗,尼崎東,潮江,282022,兵庫県,尼崎市,潮江２丁目,20241213,20,４階建て以上共同住宅,駐車（輪）場,30歳代,その他,施錠した
窃盗,自転車盗,尼崎東,潮江,282022,兵庫県,尼崎市,潮江３丁目,20240708,22,４階建て以上共同住宅,駐車（輪）場,40歳代,その他,施錠せず
窃盗,自転車盗,尼崎東,潮江,282022,兵庫県,尼崎市,潮江３丁目,20241022,0,一戸建住宅,その他,30歳代,その他,施錠せず
窃盗,自転車盗,尼崎東,潮江,282022,兵庫県,尼崎市,潮江４丁目,20240313,5,その他,その他,50歳代,その他,施錠せず
窃盗,自転車盗,尼崎東,潮江,282022,兵庫県,尼崎市,潮江４丁目,20240906,7,その他,その他,40歳代,その他,施錠した
窃盗,自転車盗,尼崎東,潮江,282022,兵庫県,尼崎市,潮江５丁目,20240331,4,その他,その他,65-69歳,その他,施錠せず
窃盗,自転車盗,尼崎東,潮江,282022,兵庫県,尼崎市,潮江５丁目,20240407,16,その他,駐車（輪）場,10歳代,大学生,施錠せず
窃盗,自転車盗,尼崎東,潮江,282022,兵庫県,尼崎市,次屋１丁目,20240101,10,駐車（輪）場,駐車（輪）場,60-64歳,その他,施錠した
窃盗,自転車盗,尼崎東,潮江,282022,兵庫県,尼崎市,次屋１丁目,20240301,9,一戸建住宅,その他,10歳未満,小学生,施錠せず
窃盗,自転車盗,尼崎東,潮江,282022,兵庫県,尼崎市,次屋１丁目,20240305,18,４階建て以上共同住宅,駐車（輪）場,30歳代,その他,施錠せず
窃盗,自転車盗,尼崎東,潮江,282022,兵庫県,尼崎市,次屋１丁目,20240321,9,一戸建住宅,その他,70歳以上,その他,施錠せず
窃盗,自転車盗,尼崎東,潮江,282022,兵庫県,尼崎市,次屋１丁目,20240517,19,その他,駐車（輪）場,20歳代,その他,施錠せず
窃盗,自転車盗,尼崎東,潮江,282022,兵庫県,尼崎市,次屋１丁目,20240902,18,４階建て以上共同住宅,駐車（輪）場,10歳代,小学生,施錠せず
窃盗,自転車盗,尼崎東,潮江,282022,兵庫県,尼崎市,次屋１丁目,20240924,19,その他の住宅（３階建て以下共同住宅等）,駐車（輪）場,20歳代,その他,施錠せず
窃盗,自転車盗,尼崎東,潮江,282022,兵庫県,尼崎市,次屋１丁目,20241225,21,一戸建住宅,その他,50歳代,その他,施錠せず
窃盗,自転車盗,尼崎東,潮江,282022,兵庫県,尼崎市,次屋２丁目,20240604,12,一戸建住宅,駐車（輪）場,50歳代,その他,施錠した
窃盗,自転車盗,尼崎東,潮江,282022,兵庫県,尼崎市,次屋２丁目,20241101,14,道路上,その他,20歳代,その他,施錠せず
窃盗,自転車盗,尼崎東,潮江,282022,兵庫県,尼崎市,浜１丁目,20240903,18,４階建て以上共同住宅,駐車（輪）場,50歳代,その他,施錠した
窃盗,自転車盗,尼崎東,潮江,282022,兵庫県,尼崎市,浜１丁目,20241108,18,駐車（輪）場,駐車（輪）場,50歳代,その他,施錠した
窃盗,自転車盗,尼崎東,潮江,282022,兵庫県,尼崎市,浜２丁目,20240120,17,その他の住宅（３階建て以下共同住宅等）,駐車（輪）場,20歳代,その他,施錠せず
窃盗,自転車盗,尼崎東,潮江,282022,兵庫県,尼崎市,浜２丁目,20240217,18,その他の住宅（３階建て以下共同住宅等）,駐車（輪）場,40歳代,その他,施錠せず
窃盗,自転車盗,尼崎東,潮江,282022,兵庫県,尼崎市,浜２丁目,20240417,18,その他の住宅（３階建て以下共同住宅等）,駐車（輪）場,20歳代,その他,施錠せず
窃盗,自転車盗,尼崎東,潮江,282022,兵庫県,尼崎市,浜２丁目,20240907,21,駐車（輪）場,駐車（輪）場,30歳代,その他,施錠せず
窃盗,自転車盗,尼崎東,潮江,282022,兵庫県,尼崎市,浜２丁目,20241105,14,その他の住宅（３階建て以下共同住宅等）,駐車（輪）場,40歳代,その他,施錠した
窃盗,自転車盗,尼崎東,潮江,282022,兵庫県,尼崎市,浜３丁目,20240302,19,一戸建住宅,駐車（輪）場,40歳代,その他,施錠した
窃盗,自転車盗,尼崎東,潮江,282022,兵庫県,尼崎市,浜３丁目,20240610,16,道路上,その他,30歳代,その他,施錠した
窃盗,自転車盗,尼崎東,潮江,282022,兵庫県,尼崎市,浜３丁目,20240815,21,一戸建住宅,駐車（輪）場,30歳代,その他,施錠せず
窃盗,自転車盗,尼崎東,神崎,282022,兵庫県,尼崎市,神崎町,20240120,2,その他の住宅（３階建て以下共同住宅等）,駐車（輪）場,10歳代,高校生,施錠せず
窃盗,自転車盗,尼崎東,神崎,282022,兵庫県,尼崎市,神崎町,20240119,20,４階建て以上共同住宅,駐車（輪）場,50歳代,その他,施錠した
窃盗,自転車盗,尼崎東,神崎,282022,兵庫県,尼崎市,神崎町,20240617,6,道路上,その他,30歳代,その他,施錠せず
窃盗,自転車盗,尼崎東,神崎,282022,兵庫県,尼崎市,神崎町,20240628,19,４階建て以上共同住宅,駐車（輪）場,20歳代,その他,施錠した
窃盗,自転車盗,尼崎東,神崎,282022,兵庫県,尼崎市,神崎町,20241102,20,一戸建住宅,駐車（輪）場,10歳代,その他,施錠せず
窃盗,自転車盗,尼崎東,神崎,282022,兵庫県,尼崎市,神崎町,20241202,18,道路上,その他,10歳代,小学生,施錠せず
窃盗,自転車盗,尼崎東,神崎,282022,兵庫県,尼崎市,善法寺町,20240802,11,４階建て以上共同住宅,駐車（輪）場,50歳代,その他,施錠せず
窃盗,自転車盗,尼崎東,神崎,282022,兵庫県,尼崎市,高田町,20240617,7,道路上,その他,30歳代,その他,施錠せず
窃盗,自転車盗,尼崎東,神崎,282022,兵庫県,尼崎市,次屋３丁目,20231231,19,その他,駐車（輪）場,10歳代,高校生,施錠せず
窃盗,自転車盗,尼崎東,神崎,282022,兵庫県,尼崎市,次屋３丁目,20240104,20,その他,駐車（輪）場,20歳代,その他,施錠した
窃盗,自転車盗,尼崎東,神崎,282022,兵庫県,尼崎市,次屋３丁目,20240122,17,その他,駐車（輪）場,10歳代,中学生,施錠せず
窃盗,自転車盗,尼崎東,神崎,282022,兵庫県,尼崎市,次屋３丁目,20240301,14,その他,駐車（輪）場,10歳代,高校生,施錠せず
窃盗,自転車盗,尼崎東,神崎,282022,兵庫県,尼崎市,次屋３丁目,20240312,15,その他,駐車（輪）場,10歳代,小学生,施錠せず
窃盗,自転車盗,尼崎東,神崎,282022,兵庫県,尼崎市,次屋３丁目,20240401,13,その他,駐車（輪）場,10歳代,高校生,施錠せず
窃盗,自転車盗,尼崎東,神崎,282022,兵庫県,尼崎市,次屋３丁目,20240401,15,その他,駐車（輪）場,10歳代,高校生,施錠せず
窃盗,自転車盗,尼崎東,神崎,282022,兵庫県,尼崎市,次屋３丁目,20240524,12,その他,駐車（輪）場,40歳代,その他,施錠せず
窃盗,自転車盗,尼崎東,神崎,282022,兵庫県,尼崎市,次屋３丁目,20240612,19,その他,駐車（輪）場,40歳代,その他,施錠せず
窃盗,自転車盗,尼崎東,神崎,282022,兵庫県,尼崎市,次屋３丁目,20240721,14,その他,駐車（輪）場,10歳代,中学生,施錠せず
窃盗,自転車盗,尼崎東,神崎,282022,兵庫県,尼崎市,次屋３丁目,20240805,11,その他,その他,10歳代,中学生,施錠せず
窃盗,自転車盗,尼崎東,神崎,282022,兵庫県,尼崎市,次屋３丁目,20240731,14,その他,駐車（輪）場,10歳代,中学生,施錠した
窃盗,自転車盗,尼崎東,神崎,282022,兵庫県,尼崎市,次屋３丁目,20240810,17,その他,その他,50歳代,その他,施錠せず
窃盗,自転車盗,尼崎東,神崎,282022,兵庫県,尼崎市,次屋３丁目,20240816,17,その他,駐車（輪）場,10歳未満,小学生,施錠せず
窃盗,自転車盗,尼崎東,神崎,282022,兵庫県,尼崎市,次屋３丁目,20240909,16,その他,駐車（輪）場,10歳代,小学生,施錠せず
窃盗,自転車盗,尼崎東,神崎,282022,兵庫県,尼崎市,次屋３丁目,20241015,7,その他,駐車（輪）場,50歳代,その他,施錠せず
窃盗,自転車盗,尼崎東,神崎,282022,兵庫県,尼崎市,次屋３丁目,20241025,19,その他,駐車（輪）場,10歳代,中学生,施錠せず
窃盗,自転車盗,尼崎東,神崎,282022,兵庫県,尼崎市,次屋３丁目,20241030,17,一戸建住宅,駐車（輪）場,10歳代,その他,施錠せず
窃盗,自転車盗,尼崎東,神崎,282022,兵庫県,尼崎市,次屋３丁目,20241104,16,駐車（輪）場,駐車（輪）場,10歳代,中学生,施錠せず
窃盗,自転車盗,尼崎東,神崎,282022,兵庫県,尼崎市,次屋３丁目,20241120,19,その他,駐車（輪）場,20歳代,その他,施錠せず
窃盗,自転車盗,尼崎東,神崎,282022,兵庫県,尼崎市,次屋３丁目,20230201,0,その他,駐車（輪）場,50歳代,その他,施錠せず
窃盗,自転車盗,尼崎東,神崎,282022,兵庫県,尼崎市,次屋３丁目,20241223,14,その他,駐車（輪）場,10歳代,小学生,施錠せず
窃盗,自転車盗,尼崎東,神崎,282022,兵庫県,尼崎市,西川１丁目,20240318,20,一戸建住宅,その他,50歳代,その他,施錠した
窃盗,自転車盗,尼崎東,神崎,282022,兵庫県,尼崎市,西川２丁目,20240222,17,その他の住宅（３階建て以下共同住宅等）,駐車（輪）場,10歳代,高校生,施錠した
窃盗,自転車盗,尼崎東,神崎,282022,兵庫県,尼崎市,西川２丁目,20240902,5,一戸建住宅,駐車（輪）場,40歳代,その他,施錠せず
窃盗,自転車盗,尼崎東,神崎,282022,兵庫県,尼崎市,西川２丁目,20240906,19,４階建て以上共同住宅,駐車（輪）場,40歳代,その他,施錠せず
窃盗,自転車盗,尼崎東,神崎,282022,兵庫県,尼崎市,西川２丁目,20240920,22,４階建て以上共同住宅,駐車（輪）場,40歳代,その他,施錠した
窃盗,自転車盗,尼崎東,神崎,282022,兵庫県,尼崎市,額田町,20240306,0,駐車（輪）場,駐車（輪）場,40歳代,その他,施錠した
窃盗,自転車盗,尼崎東,神崎,282022,兵庫県,尼崎市,額田町,20240306,0,駐車（輪）場,駐車（輪）場,40歳代,その他,施錠した
窃盗,自転車盗,尼崎東,神崎,282022,兵庫県,尼崎市,額田町,不明,不明,その他,駐車（輪）場,70歳以上,その他,施錠した
窃盗,自転車盗,尼崎東,神崎,282022,兵庫県,尼崎市,額田町,20240303,10,その他の住宅（３階建て以下共同住宅等）,駐車（輪）場,20歳代,その他,施錠した
窃盗,自転車盗,尼崎東,下坂部,282022,兵庫県,尼崎市,久々知１丁目,20240622,5,その他,駐車（輪）場,10歳代,その他,施錠せず
窃盗,自転車盗,尼崎東,下坂部,282022,兵庫県,尼崎市,久々知１丁目,20241022,2,道路上,その他,10歳代,その他,施錠した
窃盗,自転車盗,尼崎東,下坂部,282022,兵庫県,尼崎市,久々知西町１丁目,20240317,10,その他,駐車（輪）場,50歳代,その他,施錠せず
窃盗,自転車盗,尼崎東,下坂部,282022,兵庫県,尼崎市,久々知西町１丁目,20240502,19,その他の住宅（３階建て以下共同住宅等）,駐車（輪）場,20歳代,その他,施錠した
窃盗,自転車盗,尼崎東,下坂部,282022,兵庫県,尼崎市,久々知西町１丁目,20241101,15,駐車（輪）場,駐車（輪）場,70歳以上,その他,施錠せず
窃盗,自転車盗,尼崎東,下坂部,282022,兵庫県,尼崎市,下坂部１丁目,20240504,16,道路上,その他,20歳代,その他,施錠せず
窃盗,自転車盗,尼崎東,下坂部,282022,兵庫県,尼崎市,下坂部１丁目,20240319,16,一戸建住宅,駐車（輪）場,10歳代,中学生,施錠した
窃盗,自転車盗,尼崎東,下坂部,282022,兵庫県,尼崎市,下坂部１丁目,20240603,22,一戸建住宅,駐車（輪）場,10歳代,小学生,施錠した
窃盗,自転車盗,尼崎東,下坂部,282022,兵庫県,尼崎市,下坂部１丁目,20240610,18,その他の住宅（３階建て以下共同住宅等）,駐車（輪）場,30歳代,その他,施錠せず
窃盗,自転車盗,尼崎東,下坂部,282022,兵庫県,尼崎市,下坂部１丁目,20241201,21,その他の住宅（３階建て以下共同住宅等）,駐車（輪）場,20歳代,その他,施錠せず
窃盗,自転車盗,尼崎東,下坂部,282022,兵庫県,尼崎市,下坂部２丁目,20240108,8,一戸建住宅,駐車（輪）場,30歳代,その他,施錠せず
窃盗,自転車盗,尼崎東,下坂部,282022,兵庫県,尼崎市,下坂部２丁目,20240130,9,駐車（輪）場,駐車（輪）場,30歳代,その他,施錠した
窃盗,自転車盗,尼崎東,下坂部,282022,兵庫県,尼崎市,下坂部２丁目,20240605,21,道路上,その他,40歳代,その他,施錠せず
窃盗,自転車盗,尼崎東,下坂部,282022,兵庫県,尼崎市,下坂部２丁目,20240721,12,道路上,その他,20歳代,その他,施錠せず
窃盗,自転車盗,尼崎東,下坂部,282022,兵庫県,尼崎市,下坂部２丁目,20241025,12,道路上,その他,65-69歳,その他,施錠せず
窃盗,自転車盗,尼崎東,下坂部,282022,兵庫県,尼崎市,下坂部３丁目,20240306,18,その他,駐車（輪）場,10歳代,高校生,施錠せず
窃盗,自転車盗,尼崎東,下坂部,282022,兵庫県,尼崎市,下坂部３丁目,20240718,12,４階建て以上共同住宅,その他,10歳代,その他,施錠せず
窃盗,自転車盗,尼崎東,下坂部,282022,兵庫県,尼崎市,下坂部３丁目,20240727,12,その他,駐車（輪）場,70歳以上,その他,施錠せず
窃盗,自転車盗,尼崎東,下坂部,282022,兵庫県,尼崎市,下坂部３丁目,20241005,9,その他,駐車（輪）場,10歳代,高校生,施錠せず
窃盗,自転車盗,尼崎東,下坂部,282022,兵庫県,尼崎市,下坂部３丁目,20241111,14,駐車（輪）場,駐車（輪）場,70歳以上,その他,施錠せず
窃盗,自転車盗,尼崎東,下坂部,282022,兵庫県,尼崎市,下坂部３丁目,20241122,7,その他,その他,20歳代,その他,施錠せず
窃盗,自転車盗,尼崎東,西長洲,282022,兵庫県,尼崎市,西長洲町１丁目,20240126,0,その他,駐車（輪）場,10歳代,高校生,施錠せず
窃盗,自転車盗,尼崎東,西長洲,282022,兵庫県,尼崎市,西長洲町２丁目,20231224,13,道路上,その他,10歳代,高校生,施錠せず
窃盗,自転車盗,尼崎東,上坂部,282022,兵庫県,尼崎市,上坂部１丁目,20240416,15,その他,駐車（輪）場,10歳代,大学生,施錠した
窃盗,自転車盗,尼崎東,上坂部,282022,兵庫県,尼崎市,上坂部１丁目,20240618,15,その他,駐車（輪）場,20歳代,その他,施錠せず
窃盗,自転車盗,尼崎東,上坂部,282022,兵庫県,尼崎市,上坂部１丁目,20240829,11,駐車（輪）場,駐車（輪）場,40歳代,その他,施錠せず
窃盗,自転車盗,尼崎東,上坂部,282022,兵庫県,尼崎市,上坂部２丁目,20240110,0,４階建て以上共同住宅,駐車（輪）場,30歳代,その他,施錠せず
窃盗,自転車盗,尼崎東,上坂部,282022,兵庫県,尼崎市,上坂部２丁目,20240515,13,駐車（輪）場,駐車（輪）場,10歳代,中学生,施錠せず
窃盗,自転車盗,尼崎東,上坂部,282022,兵庫県,尼崎市,上坂部２丁目,20240619,18,その他の住宅（３階建て以下共同住宅等）,駐車（輪）場,20歳代,その他,施錠せず
窃盗,自転車盗,尼崎東,上坂部,282022,兵庫県,尼崎市,上坂部２丁目,20240806,12,４階建て以上共同住宅,駐車（輪）場,70歳以上,その他,施錠せず
窃盗,自転車盗,尼崎東,上坂部,282022,兵庫県,尼崎市,上坂部２丁目,20240819,20,４階建て以上共同住宅,駐車（輪）場,10歳代,高校生,施錠せず
窃盗,自転車盗,尼崎東,上坂部,282022,兵庫県,尼崎市,上坂部２丁目,20240918,18,その他の住宅（３階建て以下共同住宅等）,駐車（輪）場,20歳代,その他,施錠せず
窃盗,自転車盗,尼崎東,上坂部,282022,兵庫県,尼崎市,上坂部２丁目,20240929,20,４階建て以上共同住宅,駐車（輪）場,60-64歳,その他,施錠せず
窃盗,自転車盗,尼崎東,上坂部,282022,兵庫県,尼崎市,上坂部２丁目,20240930,16,４階建て以上共同住宅,駐車（輪）場,30歳代,その他,施錠せず
窃盗,自転車盗,尼崎東,上坂部,282022,兵庫県,尼崎市,上坂部２丁目,20241005,18,４階建て以上共同住宅,駐車（輪）場,10歳代,中学生,施錠せず
窃盗,自転車盗,尼崎東,上坂部,282022,兵庫県,尼崎市,上坂部３丁目,20240122,7,道路上,その他,10歳代,高校生,施錠せず
窃盗,自転車盗,尼崎東,上坂部,282022,兵庫県,尼崎市,上坂部３丁目,20231125,16,４階建て以上共同住宅,駐車（輪）場,10歳代,高校生,施錠した
窃盗,自転車盗,尼崎東,上坂部,282022,兵庫県,尼崎市,上坂部３丁目,20240308,9,道路上,その他,50歳代,その他,施錠した
窃盗,自転車盗,尼崎東,上坂部,282022,兵庫県,尼崎市,上坂部３丁目,20240408,21,駐車（輪）場,駐車（輪）場,20歳代,その他,施錠せず
窃盗,自転車盗,尼崎東,上坂部,282022,兵庫県,尼崎市,上坂部３丁目,20240726,23,４階建て以上共同住宅,その他,20歳代,その他,施錠せず
窃盗,自転車盗,尼崎東,上坂部,282022,兵庫県,尼崎市,上坂部３丁目,20240811,14,一戸建住宅,その他,10歳代,高校生,施錠せず
窃盗,自転車盗,尼崎東,上坂部,282022,兵庫県,尼崎市,上坂部３丁目,20240814,14,４階建て以上共同住宅,駐車（輪）場,20歳代,その他,施錠せず
窃盗,自転車盗,尼崎東,上坂部,282022,兵庫県,尼崎市,上坂部３丁目,20240727,15,道路上,その他,40歳代,その他,施錠した
窃盗,自転車盗,尼崎東,上坂部,282022,兵庫県,尼崎市,上坂部３丁目,20240812,22,その他,駐車（輪）場,20歳代,その他,施錠せず
窃盗,自転車盗,尼崎東,上坂部,282022,兵庫県,尼崎市,上坂部３丁目,20241012,15,その他,駐車（輪）場,10歳代,中学生,施錠せず
窃盗,自転車盗,尼崎東,上坂部,282022,兵庫県,尼崎市,上坂部３丁目,20241028,17,その他,その他,10歳代,高校生,施錠せず
窃盗,自転車盗,尼崎東,上坂部,282022,兵庫県,尼崎市,瓦宮２丁目,20240705,23,４階建て以上共同住宅,その他,20歳代,その他,施錠せず
窃盗,自転車盗,尼崎東,上坂部,282022,兵庫県,尼崎市,瓦宮２丁目,20240731,7,４階建て以上共同住宅,駐車（輪）場,30歳代,その他,施錠した
窃盗,自転車盗,尼崎東,上坂部,282022,兵庫県,尼崎市,瓦宮２丁目,20241101,21,その他の住宅（３階建て以下共同住宅等）,駐車（輪）場,50歳代,その他,施錠せず
窃盗,自転車盗,尼崎東,上坂部,282022,兵庫県,尼崎市,小中島１丁目,20240625,17,道路上,その他,50歳代,その他,施錠せず
窃盗,自転車盗,尼崎東,上坂部,282022,兵庫県,尼崎市,小中島１丁目,20240821,19,その他の住宅（３階建て以下共同住宅等）,駐車（輪）場,30歳代,その他,施錠した
窃盗,自転車盗,尼崎東,上坂部,282022,兵庫県,尼崎市,小中島２丁目,20240114,19,４階建て以上共同住宅,駐車（輪）場,20歳代,その他,施錠した
窃盗,自転車盗,尼崎東,上坂部,282022,兵庫県,尼崎市,小中島２丁目,20241015,0,４階建て以上共同住宅,駐車（輪）場,20歳代,その他,施錠せず
窃盗,自転車盗,尼崎東,上坂部,282022,兵庫県,尼崎市,小中島３丁目,20240528,9,４階建て以上共同住宅,駐車（輪）場,30歳代,その他,施錠せず
窃盗,自転車盗,尼崎東,上坂部,282022,兵庫県,尼崎市,小中島３丁目,20241125,19,４階建て以上共同住宅,駐車（輪）場,10歳未満,小学生,施錠せず
窃盗,自転車盗,尼崎東,上坂部,282022,兵庫県,尼崎市,下坂部４丁目,20241125,18,道路上,その他,40歳代,その他,施錠せず
窃盗,自転車盗,尼崎東,上坂部,282022,兵庫県,尼崎市,若王寺１丁目,20240207,11,一戸建住宅,その他,30歳代,その他,施錠せず
窃盗,自転車盗,尼崎東,上坂部,282022,兵庫県,尼崎市,若王寺１丁目,20240712,18,その他の住宅（３階建て以下共同住宅等）,駐車（輪）場,30歳代,その他,施錠せず
窃盗,自転車盗,尼崎東,上坂部,282022,兵庫県,尼崎市,若王寺１丁目,20241114,9,その他,その他,10歳代,小学生,施錠せず
窃盗,自転車盗,尼崎東,上坂部,282022,兵庫県,尼崎市,若王寺２丁目,20240309,14,４階建て以上共同住宅,駐車（輪）場,20歳代,その他,施錠せず
窃盗,自転車盗,尼崎東,上坂部,282022,兵庫県,尼崎市,若王寺２丁目,20240330,20,その他の住宅（３階建て以下共同住宅等）,駐車（輪）場,20歳代,その他,施錠した
窃盗,自転車盗,尼崎東,上坂部,282022,兵庫県,尼崎市,若王寺２丁目,20240414,21,駐車（輪）場,駐車（輪）場,20歳代,その他,施錠せず
窃盗,自転車盗,尼崎東,上坂部,282022,兵庫県,尼崎市,若王寺２丁目,20240522,17,駐車（輪）場,駐車（輪）場,10歳代,中学生,施錠せず
窃盗,自転車盗,尼崎東,上坂部,282022,兵庫県,尼崎市,若王寺２丁目,20240803,7,４階建て以上共同住宅,駐車（輪）場,10歳代,小学生,施錠せず
窃盗,自転車盗,尼崎東,上坂部,282022,兵庫県,尼崎市,若王寺３丁目,20240217,18,駐車（輪）場,駐車（輪）場,10歳代,小学生,施錠した
窃盗,自転車盗,尼崎東,上坂部,282022,兵庫県,尼崎市,若王寺３丁目,20240416,16,４階建て以上共同住宅,駐車（輪）場,10歳代,小学生,施錠せず
窃盗,自転車盗,尼崎東,上坂部,282022,兵庫県,尼崎市,若王寺３丁目,20240418,19,駐車（輪）場,駐車（輪）場,10歳代,中学生,施錠した
窃盗,自転車盗,尼崎東,上坂部,282022,兵庫県,尼崎市,東園田町４丁目,20240702,7,その他,駐車（輪）場,10歳代,高校生,施錠せず
窃盗,自転車盗,尼崎東,上坂部,282022,兵庫県,尼崎市,東塚口町１丁目,20240419,16,駐車（輪）場,駐車（輪）場,65-69歳,その他,施錠した
窃盗,自転車盗,尼崎東,上坂部,282022,兵庫県,尼崎市,東塚口町１丁目,20240615,17,４階建て以上共同住宅,駐車（輪）場,30歳代,その他,施錠せず
窃盗,自転車盗,尼崎東,上坂部,282022,兵庫県,尼崎市,東塚口町１丁目,20240509,22,４階建て以上共同住宅,駐車（輪）場,20歳代,大学生,施錠せず
窃盗,自転車盗,尼崎東,上坂部,282022,兵庫県,尼崎市,東塚口町１丁目,20240918,7,その他,駐車（輪）場,40歳代,その他,施錠した
窃盗,自転車盗,尼崎東,上坂部,282022,兵庫県,尼崎市,御園３丁目,20240211,12,４階建て以上共同住宅,駐車（輪）場,30歳代,その他,施錠せず
窃盗,自転車盗,尼崎東,食満,282022,兵庫県,尼崎市,猪名寺２丁目,20240410,5,駐車（輪）場,駐車（輪）場,70歳以上,その他,施錠せず
窃盗,自転車盗,尼崎東,食満,282022,兵庫県,尼崎市,猪名寺２丁目,20240411,7,その他,駐車（輪）場,10歳代,中学生,施錠した
窃盗,自転車盗,尼崎東,食満,282022,兵庫県,尼崎市,猪名寺２丁目,20240603,18,その他,その他,20歳代,その他,施錠した
窃盗,自転車盗,尼崎東,食満,282022,兵庫県,尼崎市,猪名寺２丁目,20240818,10,駐車（輪）場,駐車（輪）場,30歳代,その他,施錠せず
窃盗,自転車盗,尼崎東,食満,282022,兵庫県,尼崎市,瓦宮１丁目,20240908,23,道路上,その他,40歳代,その他,施錠せず
窃盗,自転車盗,尼崎東,食満,282022,兵庫県,尼崎市,口田中１丁目,20240112,11,４階建て以上共同住宅,駐車（輪）場,30歳代,その他,施錠した
窃盗,自転車盗,尼崎東,食満,282022,兵庫県,尼崎市,口田中１丁目,20240413,23,駐車（輪）場,駐車（輪）場,50歳代,その他,施錠せず
窃盗,自転車盗,尼崎東,食満,282022,兵庫県,尼崎市,口田中１丁目,20241021,14,４階建て以上共同住宅,駐車（輪）場,60-64歳,その他,施錠せず
窃盗,自転車盗,尼崎東,食満,282022,兵庫県,尼崎市,口田中１丁目,20241027,18,その他の住宅（３階建て以下共同住宅等）,駐車（輪）場,70歳以上,その他,施錠せず
窃盗,自転車盗,尼崎東,食満,282022,兵庫県,尼崎市,東園田町４丁目,20240719,22,道路上,その他,10歳代,高校生,施錠せず
窃盗,自転車盗,尼崎東,食満,282022,兵庫県,尼崎市,御園１丁目,20240510,22,４階建て以上共同住宅,駐車（輪）場,30歳代,その他,施錠せず
窃盗,自転車盗,尼崎東,食満,282022,兵庫県,尼崎市,御園２丁目,20240702,13,その他の住宅（３階建て以下共同住宅等）,その他,50歳代,その他,施錠した
窃盗,自転車盗,尼崎東,食満,282022,兵庫県,尼崎市,南清水,20240224,10,４階建て以上共同住宅,駐車（輪）場,30歳代,その他,施錠せず
窃盗,自転車盗,尼崎東,食満,282022,兵庫県,尼崎市,南清水,20240523,17,一戸建住宅,その他,40歳代,その他,施錠せず
窃盗,自転車盗,尼崎東,食満,282022,兵庫県,尼崎市,南清水,20240608,20,４階建て以上共同住宅,駐車（輪）場,20歳代,その他,施錠せず
窃盗,自転車盗,尼崎東,食満,282022,兵庫県,尼崎市,南清水,20240731,6,駐車（輪）場,駐車（輪）場,20歳代,その他,施錠した
窃盗,自転車盗,尼崎東,食満,282022,兵庫県,尼崎市,南清水,20240811,16,一戸建住宅,駐車（輪）場,10歳未満,小学生,施錠せず
窃盗,自転車盗,尼崎東,食満,282022,兵庫県,尼崎市,南清水,20240818,22,その他,駐車（輪）場,60-64歳,その他,施錠せず
窃盗,自転車盗,尼崎東,食満,282022,兵庫県,尼崎市,南清水,20240826,22,４階建て以上共同住宅,駐車（輪）場,20歳代,その他,施錠せず
窃盗,自転車盗,尼崎東,食満,282022,兵庫県,尼崎市,南清水,20240830,13,４階建て以上共同住宅,駐車（輪）場,20歳代,その他,施錠した
窃盗,自転車盗,尼崎東,食満,282022,兵庫県,尼崎市,南清水,20241112,12,４階建て以上共同住宅,駐車（輪）場,20歳代,その他,施錠せず
窃盗,自転車盗,尼崎東,食満,282022,兵庫県,尼崎市,食満１丁目,20240115,21,４階建て以上共同住宅,駐車（輪）場,20歳代,その他,施錠した
窃盗,自転車盗,尼崎東,食満,282022,兵庫県,尼崎市,食満１丁目,20240203,18,４階建て以上共同住宅,駐車（輪）場,10歳代,中学生,施錠せず
窃盗,自転車盗,尼崎東,食満,282022,兵庫県,尼崎市,食満２丁目,20231101,0,４階建て以上共同住宅,駐車（輪）場,40歳代,その他,施錠せず
窃盗,自転車盗,尼崎東,食満,282022,兵庫県,尼崎市,食満５丁目,20241018,12,４階建て以上共同住宅,駐車（輪）場,40歳代,その他,施錠した
窃盗,自転車盗,尼崎東,食満,282022,兵庫県,尼崎市,食満６丁目,20241125,17,一戸建住宅,駐車（輪）場,10歳代,中学生,施錠した
窃盗,自転車盗,尼崎東,食満,282022,兵庫県,尼崎市,食満７丁目,20240104,20,その他の住宅（３階建て以下共同住宅等）,駐車（輪）場,20歳代,その他,施錠せず
窃盗,自転車盗,尼崎東,食満,282022,兵庫県,尼崎市,食満７丁目,20240402,18,４階建て以上共同住宅,駐車（輪）場,20歳代,その他,施錠せず
窃盗,自転車盗,尼崎東,食満,282022,兵庫県,尼崎市,食満７丁目,20240503,13,一戸建住宅,その他,40歳代,その他,施錠した
窃盗,自転車盗,尼崎東,食満,282022,兵庫県,尼崎市,食満７丁目,20240708,17,その他,駐車（輪）場,10歳代,小学生,施錠した
窃盗,自転車盗,尼崎東,食満,282022,兵庫県,尼崎市,食満７丁目,20241021,14,一戸建住宅,その他,70歳以上,その他,施錠せず
窃盗,自転車盗,尼崎東,園田駅前,282022,兵庫県,尼崎市,東園田町５丁目,20231231,3,道路上,その他,30歳代,その他,施錠せず
窃盗,自転車盗,尼崎東,園田駅前,282022,兵庫県,尼崎市,東園田町６丁目,20231229,20,道路上,その他,10歳代,高校生,施錠した
窃盗,自転車盗,尼崎東,園田駅前,282022,兵庫県,尼崎市,東園田町９丁目,20231220,20,駐車（輪）場,駐車（輪）場,40歳代,その他,施錠せず
窃盗,自転車盗,尼崎東,園田駅前,282022,兵庫県,尼崎市,東園田町９丁目,20240304,17,駐車（輪）場,駐車（輪）場,10歳代,高校生,施錠せず
窃盗,自転車盗,尼崎東,園田,282022,兵庫県,尼崎市,東園田町５丁目,20240205,11,その他,駐車（輪）場,70歳以上,その他,施錠した
窃盗,自転車盗,尼崎東,園田,282022,兵庫県,尼崎市,東園田町１丁目,20240628,19,道路上,その他,10歳代,高校生,施錠せず
窃盗,自転車盗,尼崎東,園田,282022,兵庫県,尼崎市,東園田町１丁目,20240929,21,４階建て以上共同住宅,駐車（輪）場,20歳代,その他,施錠せず
窃盗,自転車盗,尼崎東,園田,282022,兵庫県,尼崎市,東園田町４丁目,20240519,1,その他,その他,40歳代,その他,施錠した
窃盗,自転車盗,尼崎東,園田,282022,兵庫県,尼崎市,東園田町４丁目,20240602,9,一戸建住宅,駐車（輪）場,30歳代,その他,施錠せず
窃盗,自転車盗,尼崎東,園田,282022,兵庫県,尼崎市,東園田町４丁目,20240717,17,その他,その他,10歳代,中学生,施錠せず
窃盗,自転車盗,尼崎東,園田,282022,兵庫県,尼崎市,東園田町４丁目,20240729,14,その他,その他,10歳代,小学生,施錠せず
窃盗,自転車盗,尼崎東,園田,282022,兵庫県,尼崎市,東園田町４丁目,20240805,12,その他,駐車（輪）場,50歳代,その他,施錠せず
窃盗,自転車盗,尼崎東,園田,282022,兵庫県,尼崎市,東園田町４丁目,20240907,8,その他,駐車（輪）場,40歳代,その他,施錠せず
窃盗,自転車盗,尼崎東,園田,282022,兵庫県,尼崎市,東園田町４丁目,20240811,0,その他,駐車（輪）場,20歳代,その他,施錠した
窃盗,自転車盗,尼崎東,園田,282022,兵庫県,尼崎市,東園田町４丁目,20241111,19,４階建て以上共同住宅,その他,10歳代,中学生,施錠せず
窃盗,自転車盗,尼崎東,園田,282022,兵庫県,尼崎市,東園田町４丁目,20241113,8,その他,駐車（輪）場,20歳代,その他,施錠した
窃盗,自転車盗,尼崎東,園田,282022,兵庫県,尼崎市,東園田町５丁目,20240614,22,その他の住宅（３階建て以下共同住宅等）,駐車（輪）場,30歳代,その他,施錠した
窃盗,自転車盗,尼崎東,園田,282022,兵庫県,尼崎市,東園田町５丁目,20240614,20,その他の住宅（３階建て以下共同住宅等）,その他,30歳代,その他,施錠せず
窃盗,自転車盗,尼崎東,園田,282022,兵庫県,尼崎市,東園田町５丁目,20240714,2,４階建て以上共同住宅,駐車（輪）場,50歳代,その他,施錠した
窃盗,自転車盗,尼崎東,園田,282022,兵庫県,尼崎市,東園田町５丁目,20240719,8,その他の住宅（３階建て以下共同住宅等）,駐車（輪）場,40歳代,その他,施錠した
窃盗,自転車盗,尼崎東,園田,282022,兵庫県,尼崎市,東園田町５丁目,20241009,0,４階建て以上共同住宅,駐車（輪）場,20歳代,その他,施錠した
窃盗,自転車盗,尼崎東,園田,282022,兵庫県,尼崎市,東園田町５丁目,20241021,19,４階建て以上共同住宅,駐車（輪）場,20歳代,その他,施錠した
窃盗,自転車盗,尼崎東,園田,282022,兵庫県,尼崎市,東園田町５丁目,20241225,1,その他の住宅（３階建て以下共同住宅等）,その他,50歳代,その他,施錠せず
窃盗,自転車盗,尼崎東,園田,282022,兵庫県,尼崎市,東園田町６丁目,20240525,9,４階建て以上共同住宅,駐車（輪）場,40歳代,その他,施錠せず
窃盗,自転車盗,尼崎東,園田,282022,兵庫県,尼崎市,東園田町６丁目,20240622,10,一戸建住宅,その他,50歳代,その他,施錠した
窃盗,自転車盗,尼崎東,園田,282022,兵庫県,尼崎市,東園田町６丁目,20240721,21,その他の住宅（３階建て以下共同住宅等）,駐車（輪）場,30歳代,その他,施錠した
窃盗,自転車盗,尼崎東,園田,282022,兵庫県,尼崎市,東園田町６丁目,20240720,19,４階建て以上共同住宅,駐車（輪）場,20歳代,その他,施錠した
窃盗,自転車盗,尼崎東,園田,282022,兵庫県,尼崎市,東園田町９丁目,20240328,10,その他,その他,70歳以上,その他,施錠した
窃盗,自転車盗,尼崎東,園田,282022,兵庫県,尼崎市,東園田町９丁目,20240419,16,その他,駐車（輪）場,20歳代,その他,施錠せず
窃盗,自転車盗,尼崎東,園田,282022,兵庫県,尼崎市,東園田町９丁目,20240424,7,駐車（輪）場,駐車（輪）場,20歳代,大学生,施錠せず
窃盗,自転車盗,尼崎東,園田,282022,兵庫県,尼崎市,東園田町９丁目,20240515,19,その他,駐車（輪）場,10歳代,高校生,施錠せず
窃盗,自転車盗,尼崎東,園田,282022,兵庫県,尼崎市,東園田町９丁目,20240526,7,その他,その他,30歳代,その他,施錠せず
窃盗,自転車盗,尼崎東,園田,282022,兵庫県,尼崎市,東園田町９丁目,20240605,19,駐車（輪）場,駐車（輪）場,40歳代,その他,施錠せず
窃盗,自転車盗,尼崎東,園田,282022,兵庫県,尼崎市,東園田町９丁目,20240527,16,その他の住宅（３階建て以下共同住宅等）,駐車（輪）場,60-64歳,その他,施錠した
窃盗,自転車盗,尼崎東,園田,282022,兵庫県,尼崎市,東園田町９丁目,20240627,8,その他,駐車（輪）場,30歳代,その他,施錠せず
窃盗,自転車盗,尼崎東,園田,282022,兵庫県,尼崎市,東園田町９丁目,20240714,17,駐車（輪）場,駐車（輪）場,30歳代,その他,施錠せず
窃盗,自転車盗,尼崎東,園田,282022,兵庫県,尼崎市,東園田町９丁目,20240723,15,その他,駐車（輪）場,20歳代,その他,施錠せず
窃盗,自転車盗,尼崎東,園田,282022,兵庫県,尼崎市,東園田町９丁目,20240721,21,４階建て以上共同住宅,駐車（輪）場,10歳代,高校生,施錠した
窃盗,自転車盗,尼崎東,園田,282022,兵庫県,尼崎市,東園田町９丁目,20240817,21,その他,駐車（輪）場,50歳代,その他,施錠せず
窃盗,自転車盗,尼崎東,園田,282022,兵庫県,尼崎市,東園田町９丁目,20240817,10,その他,駐車（輪）場,20歳代,その他,施錠せず
窃盗,自転車盗,尼崎東,園田,282022,兵庫県,尼崎市,東園田町９丁目,20240827,16,その他,駐車（輪）場,40歳代,その他,施錠せず
窃盗,自転車盗,尼崎東,園田,282022,兵庫県,尼崎市,東園田町９丁目,20240901,16,その他,駐車（輪）場,20歳代,その他,施錠せず
窃盗,自転車盗,尼崎東,園田,282022,兵庫県,尼崎市,東園田町９丁目,20240911,0,道路上,その他,20歳代,大学生,施錠せず
窃盗,自転車盗,尼崎東,園田,282022,兵庫県,尼崎市,東園田町９丁目,20240914,11,その他,駐車（輪）場,50歳代,その他,施錠せず
窃盗,自転車盗,尼崎東,園田,282022,兵庫県,尼崎市,東園田町９丁目,20240914,16,その他,駐車（輪）場,10歳代,高校生,施錠せず
窃盗,自転車盗,尼崎東,園田,282022,兵庫県,尼崎市,東園田町９丁目,20241028,13,その他,駐車（輪）場,70歳以上,その他,施錠した
窃盗,自転車盗,尼崎東,園田,282022,兵庫県,尼崎市,東園田町９丁目,20241101,21,その他,その他,50歳代,その他,施錠せず
窃盗,自転車盗,尼崎東,園田,282022,兵庫県,尼崎市,東園田町９丁目,20241106,20,駐車（輪）場,駐車（輪）場,10歳代,中学生,施錠せず
窃盗,自転車盗,尼崎東,園田,282022,兵庫県,尼崎市,東園田町９丁目,20241115,22,その他,駐車（輪）場,10歳代,中学生,施錠せず
窃盗,自転車盗,尼崎東,園田,282022,兵庫県,尼崎市,東園田町９丁目,20241114,18,駐車（輪）場,駐車（輪）場,30歳代,その他,施錠せず
窃盗,自転車盗,尼崎東,園田,282022,兵庫県,尼崎市,東園田町９丁目,20241114,9,その他,駐車（輪）場,30歳代,その他,施錠した
窃盗,自転車盗,尼崎東,園田,282022,兵庫県,尼崎市,東園田町９丁目,20241115,18,駐車（輪）場,駐車（輪）場,20歳代,その他,施錠せず
窃盗,自転車盗,尼崎東,園田,282022,兵庫県,尼崎市,東園田町９丁目,20241207,18,その他,駐車（輪）場,20歳代,その他,施錠せず
窃盗,自転車盗,尼崎東,園田,282022,兵庫県,尼崎市,東園田町９丁目,20241219,11,道路上,その他,70歳以上,その他,施錠した
窃盗,自転車盗,尼崎東,園田,282022,兵庫県,尼崎市,東園田町４丁目,20240613,17,駐車（輪）場,駐車（輪）場,10歳代,大学生,施錠せず
窃盗,自転車盗,尼崎東,モスリン橋,282022,兵庫県,尼崎市,戸ノ内町２丁目,20240704,19,その他の住宅（３階建て以下共同住宅等）,駐車（輪）場,30歳代,その他,施錠せず
窃盗,自転車盗,尼崎東,モスリン橋,282022,兵庫県,尼崎市,戸ノ内町３丁目,20231004,22,一戸建住宅,その他,10歳代,高校生,施錠せず
窃盗,自転車盗,尼崎東,モスリン橋,282022,兵庫県,尼崎市,東園田町７丁目,20240407,17,その他の住宅（３階建て以下共同住宅等）,駐車（輪）場,20歳代,その他,施錠せず
窃盗,自転車盗,尼崎東,モスリン橋,282022,兵庫県,尼崎市,東園田町７丁目,20240604,19,４階建て以上共同住宅,駐車（輪）場,10歳代,大学生,施錠せず
窃盗,自転車盗,尼崎東,競馬場前,282022,兵庫県,尼崎市,椎堂１丁目,20240910,20,４階建て以上共同住宅,駐車（輪）場,10歳代,高校生,施錠せず
窃盗,自転車盗,尼崎東,競馬場前,282022,兵庫県,尼崎市,田能１丁目,20240920,10,４階建て以上共同住宅,駐車（輪）場,40歳代,その他,施錠せず
窃盗,自転車盗,尼崎東,競馬場前,282022,兵庫県,尼崎市,田能３丁目,20240506,21,駐車（輪）場,駐車（輪）場,50歳代,その他,施錠した
窃盗,自転車盗,尼崎東,競馬場前,282022,兵庫県,尼崎市,東園田町２丁目,20240202,18,駐車（輪）場,駐車（輪）場,10歳未満,小学生,施錠せず
窃盗,自転車盗,尼崎東,競馬場前,282022,兵庫県,尼崎市,東園田町２丁目,20240506,18,駐車（輪）場,駐車（輪）場,20歳代,大学生,施錠した
窃盗,自転車盗,尼崎東,競馬場前,282022,兵庫県,尼崎市,東園田町２丁目,20240423,18,４階建て以上共同住宅,駐車（輪）場,40歳代,その他,施錠した
窃盗,自転車盗,尼崎東,競馬場前,282022,兵庫県,尼崎市,東園田町３丁目,20240223,3,一戸建住宅,その他,20歳代,その他,施錠せず
窃盗,自転車盗,尼崎東,競馬場前,282022,兵庫県,尼崎市,東園田町３丁目,20240423,21,その他の住宅（３階建て以下共同住宅等）,駐車（輪）場,10歳代,中学生,施錠せず
窃盗,自転車盗,尼崎東,競馬場前,282022,兵庫県,尼崎市,東園田町３丁目,20240616,15,一戸建住宅,その他,10歳代,高校生,施錠した
窃盗,自転車盗,尼崎東,競馬場前,282022,兵庫県,尼崎市,東園田町３丁目,20240906,19,４階建て以上共同住宅,その他,65-69歳,その他,施錠した
窃盗,自転車盗,尼崎北,阪急塚口駅前,282022,兵庫県,尼崎市,南塚口町１丁目,20240107,21,その他,その他,30歳代,その他,施錠した
窃盗,自転車盗,尼崎北,阪急塚口駅前,282022,兵庫県,尼崎市,南塚口町１丁目,20240119,20,その他,駐車（輪）場,20歳代,大学生,施錠した
窃盗,自転車盗,尼崎北,阪急塚口駅前,282022,兵庫県,尼崎市,南塚口町１丁目,20240122,18,その他の住宅（３階建て以下共同住宅等）,駐車（輪）場,10歳代,高校生,施錠せず
窃盗,自転車盗,尼崎北,阪急塚口駅前,282022,兵庫県,尼崎市,南塚口町１丁目,20231219,21,その他,その他,30歳代,その他,施錠せず
窃盗,自転車盗,尼崎北,阪急塚口駅前,282022,兵庫県,尼崎市,南塚口町１丁目,20240315,14,その他,駐車（輪）場,60-64歳,その他,施錠せず
窃盗,自転車盗,尼崎北,阪急塚口駅前,282022,兵庫県,尼崎市,南塚口町１丁目,20240509,17,４階建て以上共同住宅,駐車（輪）場,20歳代,大学生,施錠した
窃盗,自転車盗,尼崎北,阪急塚口駅前,282022,兵庫県,尼崎市,南塚口町１丁目,20240713,18,４階建て以上共同住宅,駐車（輪）場,30歳代,その他,施錠した
窃盗,自転車盗,尼崎北,阪急塚口駅前,282022,兵庫県,尼崎市,南塚口町１丁目,20240826,16,その他,駐車（輪）場,20歳代,大学生,施錠せず
窃盗,自転車盗,尼崎北,阪急塚口駅前,282022,兵庫県,尼崎市,南塚口町１丁目,20241016,9,駐車（輪）場,駐車（輪）場,20歳代,大学生,施錠した
窃盗,自転車盗,尼崎北,阪急塚口駅前,282022,兵庫県,尼崎市,南塚口町２丁目,20240114,14,その他,駐車（輪）場,20歳代,その他,施錠せず
窃盗,自転車盗,尼崎北,阪急塚口駅前,282022,兵庫県,尼崎市,南塚口町２丁目,20240216,0,道路上,その他,70歳以上,その他,施錠せず
窃盗,自転車盗,尼崎北,阪急塚口駅前,282022,兵庫県,尼崎市,南塚口町２丁目,20231126,8,その他,駐車（輪）場,40歳代,その他,施錠せず
窃盗,自転車盗,尼崎北,阪急塚口駅前,282022,兵庫県,尼崎市,南塚口町２丁目,20240307,9,その他,駐車（輪）場,20歳代,その他,施錠せず
窃盗,自転車盗,尼崎北,阪急塚口駅前,282022,兵庫県,尼崎市,南塚口町２丁目,20240518,9,道路上,その他,10歳代,大学生,施錠せず
窃盗,自転車盗,尼崎北,阪急塚口駅前,282022,兵庫県,尼崎市,南塚口町２丁目,20240531,22,道路上,その他,65-69歳,その他,施錠せず
窃盗,自転車盗,尼崎北,阪急塚口駅前,282022,兵庫県,尼崎市,南塚口町２丁目,20240601,15,道路上,その他,50歳代,その他,施錠した
窃盗,自転車盗,尼崎北,阪急塚口駅前,282022,兵庫県,尼崎市,南塚口町２丁目,20240630,19,その他,駐車（輪）場,10歳代,大学生,施錠せず
窃盗,自転車盗,尼崎北,阪急塚口駅前,282022,兵庫県,尼崎市,南塚口町２丁目,20240703,21,駐車（輪）場,駐車（輪）場,40歳代,その他,施錠せず
窃盗,自転車盗,尼崎北,阪急塚口駅前,282022,兵庫県,尼崎市,南塚口町２丁目,20240707,10,道路上,その他,20歳代,その他,施錠せず
窃盗,自転車盗,尼崎北,阪急塚口駅前,282022,兵庫県,尼崎市,南塚口町２丁目,20240709,12,４階建て以上共同住宅,駐車（輪）場,30歳代,その他,施錠した
窃盗,自転車盗,尼崎北,阪急塚口駅前,282022,兵庫県,尼崎市,南塚口町２丁目,20240814,16,その他,駐車（輪）場,10歳代,高校生,施錠せず
窃盗,自転車盗,尼崎北,阪急塚口駅前,282022,兵庫県,尼崎市,南塚口町２丁目,20240815,22,道路上,その他,20歳代,大学生,施錠せず
窃盗,自転車盗,尼崎北,阪急塚口駅前,282022,兵庫県,尼崎市,南塚口町２丁目,20240826,15,その他,駐車（輪）場,10歳代,小学生,施錠せず
窃盗,自転車盗,尼崎北,阪急塚口駅前,282022,兵庫県,尼崎市,南塚口町２丁目,20240902,20,その他,駐車（輪）場,20歳代,大学生,施錠せず
窃盗,自転車盗,尼崎北,阪急塚口駅前,282022,兵庫県,尼崎市,南塚口町２丁目,20240831,20,その他,駐車（輪）場,30歳代,その他,施錠した
窃盗,自転車盗,尼崎北,阪急塚口駅前,282022,兵庫県,尼崎市,南塚口町２丁目,20241101,13,一戸建住宅,駐車（輪）場,65-69歳,その他,施錠せず
窃盗,自転車盗,尼崎北,阪急塚口駅前,282022,兵庫県,尼崎市,南塚口町２丁目,20241208,9,道路上,その他,10歳代,中学生,施錠せず
窃盗,自転車盗,尼崎北,阪急塚口駅前,282022,兵庫県,尼崎市,南塚口町２丁目,20241213,2,道路上,その他,20歳代,大学生,施錠した
窃盗,自転車盗,尼崎北,阪急塚口駅前,282022,兵庫県,尼崎市,南塚口町３丁目,20240305,16,その他の住宅（３階建て以下共同住宅等）,駐車（輪）場,60-64歳,その他,施錠せず
窃盗,自転車盗,尼崎北,阪急塚口駅前,282022,兵庫県,尼崎市,南塚口町３丁目,20240521,17,道路上,その他,70歳以上,その他,施錠せず
窃盗,自転車盗,尼崎北,阪急塚口駅前,282022,兵庫県,尼崎市,南塚口町３丁目,20240910,20,その他の住宅（３階建て以下共同住宅等）,駐車（輪）場,20歳代,その他,施錠した
窃盗,自転車盗,尼崎北,阪急塚口駅前,282022,兵庫県,尼崎市,南塚口町３丁目,20241008,9,４階建て以上共同住宅,駐車（輪）場,30歳代,その他,施錠した
窃盗,自転車盗,尼崎北,阪急塚口駅前,282022,兵庫県,尼崎市,南塚口町３丁目,20241015,7,その他の住宅（３階建て以下共同住宅等）,その他,70歳以上,その他,施錠した
窃盗,自転車盗,尼崎北,阪急塚口駅前,282022,兵庫県,尼崎市,南塚口町３丁目,20241206,5,その他,駐車（輪）場,20歳代,大学生,施錠せず
窃盗,自転車盗,尼崎北,阪急塚口駅前,282022,兵庫県,尼崎市,南塚口町４丁目,20240424,23,その他の住宅（３階建て以下共同住宅等）,駐車（輪）場,20歳代,その他,施錠した
窃盗,自転車盗,尼崎北,阪急塚口駅前,282022,兵庫県,尼崎市,南塚口町６丁目,20241114,17,４階建て以上共同住宅,駐車（輪）場,10歳代,高校生,施錠せず
窃盗,自転車盗,尼崎北,阪急塚口駅前,282022,兵庫県,尼崎市,南塚口町８丁目,20230305,20,一戸建住宅,駐車（輪）場,30歳代,その他,施錠した
窃盗,自転車盗,尼崎北,阪急塚口駅前,282022,兵庫県,尼崎市,南塚口町８丁目,20240412,20,その他,駐車（輪）場,30歳代,その他,施錠した
窃盗,自転車盗,尼崎北,阪急塚口駅前,282022,兵庫県,尼崎市,南塚口町８丁目,20240610,21,道路上,その他,40歳代,その他,施錠した
窃盗,自転車盗,尼崎北,阪急塚口駅前,282022,兵庫県,尼崎市,南塚口町８丁目,20240927,1,その他の住宅（３階建て以下共同住宅等）,駐車（輪）場,30歳代,その他,施錠せず
窃盗,自転車盗,尼崎北,阪急塚口駅前,282022,兵庫県,尼崎市,南塚口町８丁目,20241115,18,一戸建住宅,駐車（輪）場,50歳代,その他,施錠した
窃盗,自転車盗,尼崎北,塚口東,282022,兵庫県,尼崎市,猪名寺３丁目,20240103,11,駐車（輪）場,駐車（輪）場,30歳代,その他,施錠せず
窃盗,自転車盗,尼崎北,塚口東,282022,兵庫県,尼崎市,猪名寺３丁目,20240514,19,その他の住宅（３階建て以下共同住宅等）,駐車（輪）場,20歳代,その他,施錠せず
窃盗,自転車盗,尼崎北,塚口東,282022,兵庫県,尼崎市,猪名寺３丁目,20241002,7,その他,駐車（輪）場,20歳代,その他,施錠した
窃盗,自転車盗,尼崎北,塚口東,282022,兵庫県,尼崎市,猪名寺３丁目,20241002,6,その他,駐車（輪）場,20歳代,その他,施錠せず
窃盗,自転車盗,尼崎北,塚口東,282022,兵庫県,尼崎市,猪名寺３丁目,20241007,7,その他,駐車（輪）場,10歳代,高校生,施錠せず
窃盗,自転車盗,尼崎北,塚口東,282022,兵庫県,尼崎市,猪名寺３丁目,20241105,8,駐車（輪）場,駐車（輪）場,10歳代,高校生,施錠せず
窃盗,自転車盗,尼崎北,塚口東,282022,兵庫県,尼崎市,塚口本町１丁目,20240530,7,その他,駐車（輪）場,30歳代,その他,施錠した
窃盗,自転車盗,尼崎北,塚口東,282022,兵庫県,尼崎市,塚口本町１丁目,20240111,6,その他,駐車（輪）場,50歳代,その他,施錠した
窃盗,自転車盗,尼崎北,塚口東,282022,兵庫県,尼崎市,塚口本町１丁目,20241204,21,その他,駐車（輪）場,30歳代,その他,施錠せず
窃盗,自転車盗,尼崎北,塚口東,282022,兵庫県,尼崎市,塚口本町２丁目,20240714,12,その他,駐車（輪）場,10歳未満,小学生,施錠せず
窃盗,自転車盗,尼崎北,塚口東,282022,兵庫県,尼崎市,塚口本町２丁目,20240802,20,一戸建住宅,駐車（輪）場,50歳代,その他,施錠せず
窃盗,自転車盗,尼崎北,塚口東,282022,兵庫県,尼崎市,塚口本町２丁目,20240620,22,道路上,その他,50歳代,その他,施錠せず
窃盗,自転車盗,尼崎北,塚口東,282022,兵庫県,尼崎市,塚口本町２丁目,20241101,13,４階建て以上共同住宅,駐車（輪）場,10歳代,高校生,施錠せず
窃盗,自転車盗,尼崎北,塚口東,282022,兵庫県,尼崎市,塚口本町３丁目,20240120,22,道路上,その他,60-64歳,その他,施錠せず
窃盗,自転車盗,尼崎北,塚口東,282022,兵庫県,尼崎市,塚口本町４丁目,20240122,17,その他,駐車（輪）場,30歳代,その他,施錠せず
窃盗,自転車盗,尼崎北,塚口東,282022,兵庫県,尼崎市,塚口本町４丁目,20240606,8,その他,駐車（輪）場,30歳代,その他,施錠した
窃盗,自転車盗,尼崎北,塚口東,282022,兵庫県,尼崎市,塚口本町４丁目,20240611,19,その他,駐車（輪）場,30歳代,その他,施錠せず
窃盗,自転車盗,尼崎北,塚口東,282022,兵庫県,尼崎市,塚口本町４丁目,20240702,15,その他,駐車（輪）場,10歳代,高校生,施錠せず
窃盗,自転車盗,尼崎北,塚口東,282022,兵庫県,尼崎市,塚口本町４丁目,20240704,18,その他,駐車（輪）場,30歳代,その他,施錠した
窃盗,自転車盗,尼崎北,塚口東,282022,兵庫県,尼崎市,塚口本町４丁目,20240708,10,駐車（輪）場,駐車（輪）場,20歳代,その他,施錠せず
窃盗,自転車盗,尼崎北,塚口東,282022,兵庫県,尼崎市,塚口本町４丁目,20240803,20,道路上,その他,50歳代,その他,施錠せず
窃盗,自転車盗,尼崎北,塚口東,282022,兵庫県,尼崎市,塚口本町４丁目,20240812,13,その他,駐車（輪）場,10歳代,中学生,施錠せず
窃盗,自転車盗,尼崎北,塚口東,282022,兵庫県,尼崎市,塚口本町４丁目,20240812,16,その他,駐車（輪）場,10歳代,中学生,施錠せず
窃盗,自転車盗,尼崎北,塚口東,282022,兵庫県,尼崎市,塚口本町４丁目,20240831,17,その他,駐車（輪）場,10歳代,高校生,施錠せず
窃盗,自転車盗,尼崎北,塚口東,282022,兵庫県,尼崎市,塚口本町４丁目,20240910,10,その他,駐車（輪）場,70歳以上,その他,施錠せず
窃盗,自転車盗,尼崎北,塚口東,282022,兵庫県,尼崎市,塚口本町４丁目,20240918,17,その他,駐車（輪）場,10歳代,大学生,施錠せず
窃盗,自転車盗,尼崎北,塚口東,282022,兵庫県,尼崎市,塚口本町４丁目,20240916,20,その他,駐車（輪）場,10歳代,中学生,施錠せず
窃盗,自転車盗,尼崎北,塚口東,282022,兵庫県,尼崎市,塚口本町４丁目,20240930,18,その他,駐車（輪）場,20歳代,その他,施錠せず
窃盗,自転車盗,尼崎北,塚口東,282022,兵庫県,尼崎市,塚口本町４丁目,20241105,8,その他,駐車（輪）場,10歳代,高校生,施錠せず
窃盗,自転車盗,尼崎北,塚口東,282022,兵庫県,尼崎市,塚口本町４丁目,20241026,17,その他,駐車（輪）場,10歳代,高校生,施錠した
窃盗,自転車盗,尼崎北,塚口東,282022,兵庫県,尼崎市,塚口本町５丁目,20230925,17,４階建て以上共同住宅,駐車（輪）場,40歳代,その他,施錠した
窃盗,自転車盗,尼崎北,塚口東,282022,兵庫県,尼崎市,塚口本町６丁目,20240102,10,４階建て以上共同住宅,駐車（輪）場,70歳以上,その他,施錠した
窃盗,自転車盗,尼崎北,塚口東,282022,兵庫県,尼崎市,塚口本町６丁目,20240413,10,その他,駐車（輪）場,40歳代,その他,施錠した
窃盗,自転車盗,尼崎北,塚口東,282022,兵庫県,尼崎市,塚口本町６丁目,20240420,15,４階建て以上共同住宅,駐車（輪）場,50歳代,その他,施錠せず
窃盗,自転車盗,尼崎北,塚口東,282022,兵庫県,尼崎市,塚口本町６丁目,20240902,18,４階建て以上共同住宅,駐車（輪）場,10歳代,高校生,施錠した
窃盗,自転車盗,尼崎北,塚口東,282022,兵庫県,尼崎市,塚口本町７丁目,20240623,12,４階建て以上共同住宅,駐車（輪）場,10歳代,その他,施錠せず
窃盗,自転車盗,尼崎北,塚口東,282022,兵庫県,尼崎市,塚口本町７丁目,20240709,7,４階建て以上共同住宅,駐車（輪）場,50歳代,その他,施錠した
窃盗,自転車盗,尼崎北,塚口東,282022,兵庫県,尼崎市,塚口本町７丁目,20241010,0,４階建て以上共同住宅,駐車（輪）場,10歳代,高校生,施錠した
窃盗,自転車盗,尼崎北,塚口東,282022,兵庫県,尼崎市,塚口本町７丁目,20241022,8,４階建て以上共同住宅,駐車（輪）場,30歳代,その他,施錠せず
窃盗,自転車盗,尼崎北,塚口西,282022,兵庫県,尼崎市,塚口町,20240329,22,その他,駐車（輪）場,20歳代,大学生,施錠せず
窃盗,自転車盗,尼崎北,塚口西,282022,兵庫県,尼崎市,塚口町１丁目,20240108,22,その他,駐車（輪）場,20歳代,その他,施錠せず
窃盗,自転車盗,尼崎北,塚口西,282022,兵庫県,尼崎市,塚口町１丁目,20240131,20,４階建て以上共同住宅,駐車（輪）場,10歳代,高校生,施錠せず
窃盗,自転車盗,尼崎北,塚口西,282022,兵庫県,尼崎市,塚口町１丁目,20240128,23,道路上,その他,20歳代,大学生,施錠した
窃盗,自転車盗,尼崎北,塚口西,282022,兵庫県,尼崎市,塚口町１丁目,20240229,17,その他,駐車（輪）場,10歳代,大学生,施錠せず
窃盗,自転車盗,尼崎北,塚口西,282022,兵庫県,尼崎市,塚口町１丁目,20240309,2,道路上,その他,60-64歳,その他,施錠した
窃盗,自転車盗,尼崎北,塚口西,282022,兵庫県,尼崎市,塚口町１丁目,20240228,7,その他,駐車（輪）場,30歳代,その他,施錠した
窃盗,自転車盗,尼崎北,塚口西,282022,兵庫県,尼崎市,塚口町１丁目,20240429,21,４階建て以上共同住宅,その他,30歳代,その他,施錠した
窃盗,自転車盗,尼崎北,塚口西,282022,兵庫県,尼崎市,塚口町１丁目,20240516,12,その他,駐車（輪）場,10歳代,大学生,施錠せず
窃盗,自転車盗,尼崎北,塚口西,282022,兵庫県,尼崎市,塚口町１丁目,20240614,22,道路上,その他,20歳代,その他,施錠せず
窃盗,自転車盗,尼崎北,塚口西,282022,兵庫県,尼崎市,塚口町１丁目,20240621,22,道路上,その他,10歳代,大学生,施錠せず
窃盗,自転車盗,尼崎北,塚口西,282022,兵庫県,尼崎市,塚口町１丁目,20240625,16,４階建て以上共同住宅,駐車（輪）場,10歳代,高校生,施錠せず
窃盗,自転車盗,尼崎北,塚口西,282022,兵庫県,尼崎市,塚口町１丁目,20240705,23,４階建て以上共同住宅,駐車（輪）場,10歳代,その他,施錠せず
窃盗,自転車盗,尼崎北,塚口西,282022,兵庫県,尼崎市,塚口町１丁目,20240719,19,道路上,その他,20歳代,その他,施錠した
窃盗,自転車盗,尼崎北,塚口西,282022,兵庫県,尼崎市,塚口町１丁目,20240805,23,４階建て以上共同住宅,駐車（輪）場,10歳代,大学生,施錠せず
窃盗,自転車盗,尼崎北,塚口西,282022,兵庫県,尼崎市,塚口町１丁目,20240823,18,その他の住宅（３階建て以下共同住宅等）,駐車（輪）場,10歳代,その他,施錠せず
窃盗,自転車盗,尼崎北,塚口西,282022,兵庫県,尼崎市,塚口町１丁目,20240930,0,道路上,その他,10歳代,大学生,施錠した
窃盗,自転車盗,尼崎北,塚口西,282022,兵庫県,尼崎市,塚口町１丁目,20241023,16,道路上,その他,20歳代,大学生,施錠した
窃盗,自転車盗,尼崎北,塚口西,282022,兵庫県,尼崎市,塚口町１丁目,20241101,20,その他,駐車（輪）場,20歳代,その他,施錠せず
窃盗,自転車盗,尼崎北,塚口西,282022,兵庫県,尼崎市,塚口町１丁目,20241207,2,道路上,その他,20歳代,その他,施錠せず
窃盗,自転車盗,尼崎北,塚口西,282022,兵庫県,尼崎市,塚口町１丁目,20241218,14,その他の住宅（３階建て以下共同住宅等）,駐車（輪）場,10歳代,大学生,施錠せず
窃盗,自転車盗,尼崎北,塚口西,282022,兵庫県,尼崎市,塚口町１丁目,20241109,21,道路上,その他,20歳代,その他,施錠した
窃盗,自転車盗,尼崎北,塚口西,282022,兵庫県,尼崎市,塚口町２丁目,20240405,21,その他の住宅（３階建て以下共同住宅等）,駐車（輪）場,50歳代,その他,施錠した
窃盗,自転車盗,尼崎北,塚口西,282022,兵庫県,尼崎市,塚口町２丁目,20240410,19,４階建て以上共同住宅,駐車（輪）場,20歳代,その他,施錠せず
窃盗,自転車盗,尼崎北,塚口西,282022,兵庫県,尼崎市,塚口町３丁目,20240530,6,４階建て以上共同住宅,駐車（輪）場,20歳代,その他,施錠せず
窃盗,自転車盗,尼崎北,塚口西,282022,兵庫県,尼崎市,塚口町３丁目,20241013,18,道路上,その他,10歳代,大学生,施錠せず
窃盗,自転車盗,尼崎北,塚口西,282022,兵庫県,尼崎市,塚口町３丁目,20240706,20,４階建て以上共同住宅,駐車（輪）場,30歳代,その他,施錠せず
窃盗,自転車盗,尼崎北,塚口西,282022,兵庫県,尼崎市,塚口町４丁目,20240407,20,４階建て以上共同住宅,駐車（輪）場,50歳代,その他,施錠した
窃盗,自転車盗,尼崎北,塚口西,282022,兵庫県,尼崎市,塚口町４丁目,20240504,21,その他,駐車（輪）場,10歳代,その他,施錠した
窃盗,自転車盗,尼崎北,塚口西,282022,兵庫県,尼崎市,塚口町４丁目,20240505,20,その他,駐車（輪）場,10歳代,大学生,施錠せず
窃盗,自転車盗,尼崎北,塚口西,282022,兵庫県,尼崎市,塚口町５丁目,20240605,17,その他,駐車（輪）場,30歳代,その他,施錠せず
窃盗,自転車盗,尼崎北,塚口西,282022,兵庫県,尼崎市,塚口町５丁目,20240825,22,４階建て以上共同住宅,駐車（輪）場,20歳代,その他,施錠せず
窃盗,自転車盗,尼崎北,塚口西,282022,兵庫県,尼崎市,富松町１丁目,20240318,18,４階建て以上共同住宅,駐車（輪）場,40歳代,その他,施錠した
窃盗,自転車盗,尼崎北,塚口西,282022,兵庫県,尼崎市,富松町１丁目,20240514,22,一戸建住宅,駐車（輪）場,30歳代,その他,施錠した
窃盗,自転車盗,尼崎北,塚口西,282022,兵庫県,尼崎市,富松町１丁目,20240703,18,道路上,その他,40歳代,その他,施錠せず
窃盗,自転車盗,尼崎北,塚口西,282022,兵庫県,尼崎市,富松町１丁目,20240716,9,一戸建住宅,その他,30歳代,その他,施錠せず
窃盗,自転車盗,尼崎北,塚口西,282022,兵庫県,尼崎市,富松町１丁目,20240728,17,道路上,その他,70歳以上,その他,施錠せず
窃盗,自転車盗,尼崎北,塚口西,282022,兵庫県,尼崎市,富松町１丁目,20240807,20,その他の住宅（３階建て以下共同住宅等）,駐車（輪）場,10歳代,高校生,施錠せず
窃盗,自転車盗,尼崎北,塚口西,282022,兵庫県,尼崎市,富松町１丁目,20241011,16,４階建て以上共同住宅,駐車（輪）場,10歳代,高校生,施錠せず
窃盗,自転車盗,尼崎北,塚口西,282022,兵庫県,尼崎市,富松町２丁目,20240315,23,駐車（輪）場,駐車（輪）場,40歳代,その他,施錠した
窃盗,自転車盗,尼崎北,塚口西,282022,兵庫県,尼崎市,富松町２丁目,20240619,22,一戸建住宅,その他,10歳代,高校生,施錠せず
窃盗,自転車盗,尼崎北,塚口西,282022,兵庫県,尼崎市,富松町３丁目,20240710,13,道路上,その他,50歳代,その他,施錠した
窃盗,自転車盗,尼崎北,塚口西,282022,兵庫県,尼崎市,富松町３丁目,20240725,6,４階建て以上共同住宅,駐車（輪）場,20歳代,その他,施錠せず
窃盗,自転車盗,尼崎北,塚口西,282022,兵庫県,尼崎市,富松町３丁目,20240913,20,一戸建住宅,駐車（輪）場,30歳代,その他,施錠せず
窃盗,自転車盗,尼崎北,塚口西,282022,兵庫県,尼崎市,富松町３丁目,20240929,23,その他の住宅（３階建て以下共同住宅等）,駐車（輪）場,20歳代,その他,施錠せず
窃盗,自転車盗,尼崎北,塚口西,282022,兵庫県,尼崎市,富松町３丁目,20241012,18,４階建て以上共同住宅,駐車（輪）場,30歳代,その他,施錠した
窃盗,自転車盗,尼崎北,塚口西,282022,兵庫県,尼崎市,塚口町１丁目,20240322,23,その他,駐車（輪）場,20歳代,その他,施錠した
窃盗,自転車盗,尼崎北,生島,282022,兵庫県,尼崎市,大西町１丁目,20240321,15,一戸建住宅,駐車（輪）場,65-69歳,その他,施錠した
窃盗,自転車盗,尼崎北,生島,282022,兵庫県,尼崎市,大西町１丁目,20240331,23,その他,駐車（輪）場,20歳代,大学生,施錠せず
窃盗,自転車盗,尼崎北,生島,282022,兵庫県,尼崎市,大西町１丁目,20240420,9,その他,駐車（輪）場,20歳代,その他,施錠せず
窃盗,自転車盗,尼崎北,生島,282022,兵庫県,尼崎市,大西町１丁目,20240621,11,一戸建住宅,駐車（輪）場,50歳代,その他,施錠した
窃盗,自転車盗,尼崎北,生島,282022,兵庫県,尼崎市,大西町２丁目,20241021,19,４階建て以上共同住宅,駐車（輪）場,20歳代,その他,施錠した
窃盗,自転車盗,尼崎北,生島,282022,兵庫県,尼崎市,大西町３丁目,20240229,6,一戸建住宅,駐車（輪）場,40歳代,その他,施錠した
窃盗,自転車盗,尼崎北,生島,282022,兵庫県,尼崎市,大西町３丁目,20240422,10,４階建て以上共同住宅,駐車（輪）場,10歳代,その他,施錠した
窃盗,自転車盗,尼崎北,生島,282022,兵庫県,尼崎市,大西町３丁目,20240506,17,一戸建住宅,その他,10歳代,小学生,施錠せず
窃盗,自転車盗,尼崎北,生島,282022,兵庫県,尼崎市,立花町３丁目,20240305,16,道路上,その他,70歳以上,その他,施錠せず
窃盗,自転車盗,尼崎北,生島,282022,兵庫県,尼崎市,立花町３丁目,20240306,21,その他,駐車（輪）場,10歳代,大学生,施錠せず
窃盗,自転車盗,尼崎北,生島,282022,兵庫県,尼崎市,立花町３丁目,20240623,20,一戸建住宅,その他,30歳代,その他,施錠せず
窃盗,自転車盗,尼崎北,生島,282022,兵庫県,尼崎市,立花町３丁目,20240810,21,一戸建住宅,駐車（輪）場,10歳代,高校生,施錠せず
窃盗,自転車盗,尼崎北,生島,282022,兵庫県,尼崎市,南塚口町７丁目,20240110,7,４階建て以上共同住宅,駐車（輪）場,30歳代,その他,施錠した
窃盗,自転車盗,尼崎北,生島,282022,兵庫県,尼崎市,南塚口町７丁目,20240224,21,道路上,その他,10歳代,中学生,施錠せず
窃盗,自転車盗,尼崎北,生島,282022,兵庫県,尼崎市,南塚口町７丁目,20240429,1,道路上,その他,10歳代,その他,施錠せず
窃盗,自転車盗,尼崎北,生島,282022,兵庫県,尼崎市,南塚口町７丁目,20240618,17,４階建て以上共同住宅,駐車（輪）場,30歳代,その他,施錠せず
窃盗,自転車盗,尼崎北,生島,282022,兵庫県,尼崎市,南塚口町７丁目,20241126,11,その他,駐車（輪）場,10歳代,大学生,施錠せず
窃盗,自転車盗,尼崎北,生島,282022,兵庫県,尼崎市,南武庫之荘２丁目,20240314,18,その他,駐車（輪）場,30歳代,その他,施錠せず
窃盗,自転車盗,尼崎北,生島,282022,兵庫県,尼崎市,南武庫之荘２丁目,20241221,12,道路上,その他,10歳代,その他,施錠せず
窃盗,自転車盗,尼崎北,生島,282022,兵庫県,尼崎市,上ノ島町１丁目,20240513,17,４階建て以上共同住宅,駐車（輪）場,50歳代,その他,施錠せず
窃盗,自転車盗,尼崎北,生島,282022,兵庫県,尼崎市,上ノ島町１丁目,20240604,7,４階建て以上共同住宅,駐車（輪）場,20歳代,その他,施錠せず
窃盗,自転車盗,尼崎北,生島,282022,兵庫県,尼崎市,上ノ島町１丁目,20240609,19,４階建て以上共同住宅,駐車（輪）場,10歳代,中学生,施錠した
窃盗,自転車盗,尼崎北,生島,282022,兵庫県,尼崎市,上ノ島町１丁目,20231201,12,４階建て以上共同住宅,駐車（輪）場,40歳代,その他,施錠した
窃盗,自転車盗,尼崎北,生島,282022,兵庫県,尼崎市,上ノ島町２丁目,20240102,20,４階建て以上共同住宅,駐車（輪）場,30歳代,その他,施錠せず
窃盗,自転車盗,尼崎北,生島,282022,兵庫県,尼崎市,上ノ島町２丁目,20240629,3,４階建て以上共同住宅,駐車（輪）場,30歳代,その他,施錠せず
窃盗,自転車盗,尼崎北,生島,282022,兵庫県,尼崎市,上ノ島町２丁目,20241017,20,一戸建住宅,駐車（輪）場,40歳代,その他,施錠した
窃盗,自転車盗,尼崎北,生島,282022,兵庫県,尼崎市,上ノ島町２丁目,20240814,0,一戸建住宅,その他,50歳代,その他,施錠せず
窃盗,自転車盗,尼崎北,生島,282022,兵庫県,尼崎市,上ノ島町３丁目,20240619,0,その他の住宅（３階建て以下共同住宅等）,駐車（輪）場,30歳代,その他,施錠せず
窃盗,自転車盗,尼崎北,生島,282022,兵庫県,尼崎市,上ノ島町３丁目,20241103,20,４階建て以上共同住宅,駐車（輪）場,10歳未満,小学生,施錠せず
窃盗,自転車盗,尼崎北,生島,282022,兵庫県,尼崎市,上ノ島町３丁目,20241130,2,４階建て以上共同住宅,駐車（輪）場,30歳代,その他,施錠した
窃盗,自転車盗,尼崎北,生島,282022,兵庫県,尼崎市,栗山町１丁目,20240615,14,４階建て以上共同住宅,駐車（輪）場,20歳代,その他,施錠せず
窃盗,自転車盗,尼崎北,生島,282022,兵庫県,尼崎市,栗山町２丁目,20240519,6,４階建て以上共同住宅,駐車（輪）場,30歳代,その他,施錠した
窃盗,自転車盗,尼崎北,塚口北,282022,兵庫県,尼崎市,塚口町６丁目,20240120,17,その他の住宅（３階建て以下共同住宅等）,駐車（輪）場,40歳代,その他,施錠せず
窃盗,自転車盗,尼崎北,塚口北,282022,兵庫県,尼崎市,塚口町６丁目,20240127,17,道路上,その他,50歳代,その他,施錠せず
窃盗,自転車盗,尼崎北,武庫之荘,282022,兵庫県,尼崎市,南武庫之荘１丁目,20240108,13,その他,駐車（輪）場,10歳代,高校生,施錠せず
窃盗,自転車盗,尼崎北,武庫之荘,282022,兵庫県,尼崎市,南武庫之荘１丁目,20240120,18,その他,駐車（輪）場,40歳代,その他,施錠した
窃盗,自転車盗,尼崎北,武庫之荘,282022,兵庫県,尼崎市,南武庫之荘１丁目,20240128,7,その他,駐車（輪）場,10歳代,高校生,施錠せず
窃盗,自転車盗,尼崎北,武庫之荘,282022,兵庫県,尼崎市,南武庫之荘１丁目,20240214,18,道路上,その他,10歳代,中学生,施錠した
窃盗,自転車盗,尼崎北,武庫之荘,282022,兵庫県,尼崎市,南武庫之荘１丁目,20240216,16,その他,駐車（輪）場,10歳代,大学生,施錠せず
窃盗,自転車盗,尼崎北,武庫之荘,282022,兵庫県,尼崎市,南武庫之荘１丁目,20240225,10,その他,駐車（輪）場,20歳代,大学生,施錠した
窃盗,自転車盗,尼崎北,武庫之荘,282022,兵庫県,尼崎市,南武庫之荘１丁目,20240223,8,その他,駐車（輪）場,20歳代,その他,施錠した
窃盗,自転車盗,尼崎北,武庫之荘,282022,兵庫県,尼崎市,南武庫之荘１丁目,20240227,20,４階建て以上共同住宅,駐車（輪）場,10歳代,中学生,施錠した
窃盗,自転車盗,尼崎北,武庫之荘,282022,兵庫県,尼崎市,南武庫之荘１丁目,20240214,7,その他,駐車（輪）場,40歳代,その他,施錠した
窃盗,自転車盗,尼崎北,武庫之荘,282022,兵庫県,尼崎市,南武庫之荘１丁目,20240422,9,その他,駐車（輪）場,20歳代,その他,施錠した
窃盗,自転車盗,尼崎北,武庫之荘,282022,兵庫県,尼崎市,南武庫之荘１丁目,20240330,13,その他,駐車（輪）場,10歳代,高校生,施錠した
窃盗,自転車盗,尼崎北,武庫之荘,282022,兵庫県,尼崎市,南武庫之荘１丁目,20240526,21,その他,駐車（輪）場,50歳代,その他,施錠した
窃盗,自転車盗,尼崎北,武庫之荘,282022,兵庫県,尼崎市,南武庫之荘１丁目,20240603,8,その他,駐車（輪）場,20歳代,その他,施錠した
窃盗,自転車盗,尼崎北,武庫之荘,282022,兵庫県,尼崎市,南武庫之荘１丁目,20240614,10,その他,駐車（輪）場,30歳代,その他,施錠せず
窃盗,自転車盗,尼崎北,武庫之荘,282022,兵庫県,尼崎市,南武庫之荘１丁目,20240605,15,その他,駐車（輪）場,10歳代,高校生,施錠せず
窃盗,自転車盗,尼崎北,武庫之荘,282022,兵庫県,尼崎市,南武庫之荘１丁目,20240630,0,道路上,その他,20歳代,その他,施錠した
窃盗,自転車盗,尼崎北,武庫之荘,282022,兵庫県,尼崎市,南武庫之荘１丁目,20240719,6,その他,駐車（輪）場,40歳代,その他,施錠した
窃盗,自転車盗,尼崎北,武庫之荘,282022,兵庫県,尼崎市,南武庫之荘１丁目,20240811,5,その他,駐車（輪）場,10歳代,中学生,施錠した
窃盗,自転車盗,尼崎北,武庫之荘,282022,兵庫県,尼崎市,南武庫之荘１丁目,20240827,14,道路上,その他,10歳代,中学生,施錠せず
窃盗,自転車盗,尼崎北,武庫之荘,282022,兵庫県,尼崎市,南武庫之荘１丁目,20240827,15,その他,その他,10歳代,高校生,施錠せず
窃盗,自転車盗,尼崎北,武庫之荘,282022,兵庫県,尼崎市,南武庫之荘１丁目,20230911,0,４階建て以上共同住宅,駐車（輪）場,30歳代,その他,施錠した
窃盗,自転車盗,尼崎北,武庫之荘,282022,兵庫県,尼崎市,南武庫之荘１丁目,20240806,17,その他,駐車（輪）場,10歳代,大学生,施錠せず
窃盗,自転車盗,尼崎北,武庫之荘,282022,兵庫県,尼崎市,南武庫之荘１丁目,20240911,12,その他,駐車（輪）場,20歳代,大学生,施錠した
窃盗,自転車盗,尼崎北,武庫之荘,282022,兵庫県,尼崎市,南武庫之荘１丁目,20240913,17,４階建て以上共同住宅,駐車（輪）場,20歳代,その他,施錠した
窃盗,自転車盗,尼崎北,武庫之荘,282022,兵庫県,尼崎市,南武庫之荘１丁目,20240917,14,その他,駐車（輪）場,70歳以上,その他,施錠した
窃盗,自転車盗,尼崎北,武庫之荘,282022,兵庫県,尼崎市,南武庫之荘１丁目,20240915,10,その他,駐車（輪）場,10歳代,その他,施錠した
窃盗,自転車盗,尼崎北,武庫之荘,282022,兵庫県,尼崎市,南武庫之荘１丁目,20240915,10,その他,駐車（輪）場,20歳代,その他,施錠した
窃盗,自転車盗,尼崎北,武庫之荘,282022,兵庫県,尼崎市,南武庫之荘１丁目,20240914,10,その他,駐車（輪）場,20歳代,その他,施錠せず
窃盗,自転車盗,尼崎北,武庫之荘,282022,兵庫県,尼崎市,南武庫之荘１丁目,20240919,18,道路上,その他,10歳代,高校生,施錠せず
窃盗,自転車盗,尼崎北,武庫之荘,282022,兵庫県,尼崎市,南武庫之荘１丁目,20240918,6,その他,駐車（輪）場,30歳代,その他,施錠せず
窃盗,自転車盗,尼崎北,武庫之荘,282022,兵庫県,尼崎市,南武庫之荘１丁目,20240925,19,道路上,その他,10歳代,中学生,施錠せず
窃盗,自転車盗,尼崎北,武庫之荘,282022,兵庫県,尼崎市,南武庫之荘１丁目,20240913,17,道路上,その他,20歳代,その他,施錠した
窃盗,自転車盗,尼崎北,武庫之荘,282022,兵庫県,尼崎市,南武庫之荘１丁目,20241005,17,その他,駐車（輪）場,50歳代,その他,施錠した
窃盗,自転車盗,尼崎北,武庫之荘,282022,兵庫県,尼崎市,南武庫之荘１丁目,20241018,13,その他,その他,10歳代,高校生,施錠せず
窃盗,自転車盗,尼崎北,武庫之荘,282022,兵庫県,尼崎市,南武庫之荘１丁目,20241102,12,その他,駐車（輪）場,60-64歳,その他,施錠せず
窃盗,自転車盗,尼崎北,武庫之荘,282022,兵庫県,尼崎市,南武庫之荘１丁目,20241030,19,道路上,その他,40歳代,その他,施錠せず
窃盗,自転車盗,尼崎北,武庫之荘,282022,兵庫県,尼崎市,南武庫之荘１丁目,20241118,6,その他,駐車（輪）場,30歳代,その他,施錠した
窃盗,自転車盗,尼崎北,武庫之荘,282022,兵庫県,尼崎市,南武庫之荘１丁目,20241120,14,その他,駐車（輪）場,10歳代,高校生,施錠せず
窃盗,自転車盗,尼崎北,武庫之荘,282022,兵庫県,尼崎市,南武庫之荘１丁目,20241215,12,道路上,その他,30歳代,その他,施錠せず
窃盗,自転車盗,尼崎北,武庫之荘,282022,兵庫県,尼崎市,南武庫之荘１丁目,20241129,18,その他,駐車（輪）場,20歳代,大学生,施錠せず
窃盗,自転車盗,尼崎北,武庫之荘,282022,兵庫県,尼崎市,南武庫之荘１丁目,20241207,11,その他,駐車（輪）場,10歳代,その他,施錠せず
窃盗,自転車盗,尼崎北,武庫之荘,282022,兵庫県,尼崎市,南武庫之荘１丁目,20241228,11,道路上,その他,10歳代,大学生,施錠した
窃盗,自転車盗,尼崎北,武庫之荘,282022,兵庫県,尼崎市,南武庫之荘８丁目,20240209,21,４階建て以上共同住宅,駐車（輪）場,40歳代,その他,施錠した
窃盗,自転車盗,尼崎北,武庫之荘,282022,兵庫県,尼崎市,武庫之荘１丁目,20240111,8,その他,駐車（輪）場,20歳代,その他,施錠した
窃盗,自転車盗,尼崎北,武庫之荘,282022,兵庫県,尼崎市,武庫之荘１丁目,20231129,16,その他の住宅（３階建て以下共同住宅等）,駐車（輪）場,50歳代,その他,施錠せず
窃盗,自転車盗,尼崎北,武庫之荘,282022,兵庫県,尼崎市,武庫之荘１丁目,20240203,19,４階建て以上共同住宅,駐車（輪）場,10歳代,小学生,施錠せず
窃盗,自転車盗,尼崎北,武庫之荘,282022,兵庫県,尼崎市,武庫之荘１丁目,20240301,8,道路上,その他,10歳代,高校生,施錠せず
窃盗,自転車盗,尼崎北,武庫之荘,282022,兵庫県,尼崎市,武庫之荘１丁目,20240321,18,道路上,その他,50歳代,その他,施錠せず
窃盗,自転車盗,尼崎北,武庫之荘,282022,兵庫県,尼崎市,武庫之荘１丁目,20240325,13,その他,駐車（輪）場,40歳代,その他,施錠した
窃盗,自転車盗,尼崎北,武庫之荘,282022,兵庫県,尼崎市,武庫之荘１丁目,20240422,8,その他,駐車（輪）場,10歳代,高校生,施錠した
窃盗,自転車盗,尼崎北,武庫之荘,282022,兵庫県,尼崎市,武庫之荘１丁目,20240426,7,その他,駐車（輪）場,10歳代,中学生,施錠せず
窃盗,自転車盗,尼崎北,武庫之荘,282022,兵庫県,尼崎市,武庫之荘１丁目,20240512,14,その他,駐車（輪）場,10歳代,中学生,施錠せず
窃盗,自転車盗,尼崎北,武庫之荘,282022,兵庫県,尼崎市,武庫之荘１丁目,20240521,9,その他,駐車（輪）場,20歳代,その他,施錠した
窃盗,自転車盗,尼崎北,武庫之荘,282022,兵庫県,尼崎市,武庫之荘１丁目,20240522,15,その他,駐車（輪）場,30歳代,その他,施錠した
窃盗,自転車盗,尼崎北,武庫之荘,282022,兵庫県,尼崎市,武庫之荘１丁目,20240608,6,その他,駐車（輪）場,10歳代,大学生,施錠せず
窃盗,自転車盗,尼崎北,武庫之荘,282022,兵庫県,尼崎市,武庫之荘１丁目,20240606,8,道路上,その他,10歳代,その他,施錠せず
窃盗,自転車盗,尼崎北,武庫之荘,282022,兵庫県,尼崎市,武庫之荘１丁目,20240620,16,道路上,その他,10歳代,高校生,施錠した
窃盗,自転車盗,尼崎北,武庫之荘,282022,兵庫県,尼崎市,武庫之荘１丁目,20240701,17,その他,駐車（輪）場,20歳代,その他,施錠した
窃盗,自転車盗,尼崎北,武庫之荘,282022,兵庫県,尼崎市,武庫之荘１丁目,20240716,16,道路上,その他,10歳代,高校生,施錠せず
窃盗,自転車盗,尼崎北,武庫之荘,282022,兵庫県,尼崎市,武庫之荘１丁目,20240907,10,その他,駐車（輪）場,70歳以上,その他,施錠した
窃盗,自転車盗,尼崎北,武庫之荘,282022,兵庫県,尼崎市,武庫之荘１丁目,20240907,6,その他,駐車（輪）場,10歳代,高校生,施錠せず
窃盗,自転車盗,尼崎北,武庫之荘,282022,兵庫県,尼崎市,武庫之荘１丁目,20240910,11,駐車（輪）場,駐車（輪）場,70歳以上,その他,施錠せず
窃盗,自転車盗,尼崎北,武庫之荘,282022,兵庫県,尼崎市,武庫之荘１丁目,20240923,6,４階建て以上共同住宅,駐車（輪）場,70歳以上,その他,施錠した
窃盗,自転車盗,尼崎北,武庫之荘,282022,兵庫県,尼崎市,武庫之荘１丁目,20240927,20,道路上,その他,10歳代,その他,施錠せず
窃盗,自転車盗,尼崎北,武庫之荘,282022,兵庫県,尼崎市,武庫之荘１丁目,20240924,11,その他の住宅（３階建て以下共同住宅等）,駐車（輪）場,20歳代,その他,施錠せず
窃盗,自転車盗,尼崎北,武庫之荘,282022,兵庫県,尼崎市,武庫之荘１丁目,20241030,19,道路上,その他,40歳代,その他,施錠せず
窃盗,自転車盗,尼崎北,武庫之荘,282022,兵庫県,尼崎市,武庫之荘１丁目,20241107,9,その他,駐車（輪）場,10歳代,その他,施錠せず
窃盗,自転車盗,尼崎北,武庫之荘,282022,兵庫県,尼崎市,武庫之荘１丁目,20241122,23,道路上,その他,40歳代,その他,施錠せず
窃盗,自転車盗,尼崎北,武庫之荘,282022,兵庫県,尼崎市,武庫之荘２丁目,20240316,9,その他,駐車（輪）場,20歳代,その他,施錠した
窃盗,自転車盗,尼崎北,武庫之荘,282022,兵庫県,尼崎市,武庫之荘２丁目,20240407,11,その他,駐車（輪）場,20歳代,大学生,施錠せず
窃盗,自転車盗,尼崎北,武庫之荘,282022,兵庫県,尼崎市,武庫之荘２丁目,20240417,12,その他,駐車（輪）場,10歳代,中学生,施錠せず
窃盗,自転車盗,尼崎北,武庫之荘,282022,兵庫県,尼崎市,武庫之荘２丁目,20240705,14,道路上,その他,10歳代,高校生,施錠した
窃盗,自転車盗,尼崎北,武庫之荘,282022,兵庫県,尼崎市,武庫之荘２丁目,20240731,8,その他,駐車（輪）場,20歳代,その他,施錠せず
窃盗,自転車盗,尼崎北,武庫之荘,282022,兵庫県,尼崎市,武庫之荘２丁目,20240818,12,４階建て以上共同住宅,駐車（輪）場,50歳代,その他,施錠せず
窃盗,自転車盗,尼崎北,武庫之荘,282022,兵庫県,尼崎市,武庫之荘２丁目,20240811,17,その他,駐車（輪）場,20歳代,その他,施錠せず
窃盗,自転車盗,尼崎北,武庫之荘,282022,兵庫県,尼崎市,武庫之荘２丁目,20240918,8,その他,駐車（輪）場,20歳代,その他,施錠せず
窃盗,自転車盗,尼崎北,武庫之荘,282022,兵庫県,尼崎市,武庫之荘２丁目,20240918,8,一戸建住宅,駐車（輪）場,20歳代,大学生,施錠せず
窃盗,自転車盗,尼崎北,武庫之荘,282022,兵庫県,尼崎市,武庫之荘２丁目,20241016,9,その他,駐車（輪）場,20歳代,その他,施錠せず
窃盗,自転車盗,尼崎北,武庫之荘,282022,兵庫県,尼崎市,武庫之荘２丁目,20241112,12,その他,駐車（輪）場,10歳代,大学生,施錠せず
窃盗,自転車盗,尼崎北,武庫之荘,282022,兵庫県,尼崎市,武庫之荘２丁目,20241123,8,その他,駐車（輪）場,20歳代,その他,施錠せず
窃盗,自転車盗,尼崎北,武庫之荘,282022,兵庫県,尼崎市,武庫之荘２丁目,20241214,16,駐車（輪）場,駐車（輪）場,10歳代,その他,施錠せず
窃盗,自転車盗,尼崎北,武庫之荘,282022,兵庫県,尼崎市,武庫之荘３丁目,20240204,16,４階建て以上共同住宅,駐車（輪）場,30歳代,その他,施錠せず
窃盗,自転車盗,尼崎北,武庫之荘,282022,兵庫県,尼崎市,武庫之荘３丁目,20240526,21,４階建て以上共同住宅,駐車（輪）場,30歳代,その他,施錠せず
窃盗,自転車盗,尼崎北,武庫之荘,282022,兵庫県,尼崎市,武庫之荘４丁目,20241216,16,その他,駐車（輪）場,40歳代,その他,施錠せず
窃盗,自転車盗,尼崎北,武庫之荘,282022,兵庫県,尼崎市,武庫之荘５丁目,20240323,20,４階建て以上共同住宅,駐車（輪）場,10歳代,中学生,施錠せず
窃盗,自転車盗,尼崎北,武庫之荘,282022,兵庫県,尼崎市,武庫之荘５丁目,20240520,5,４階建て以上共同住宅,駐車（輪）場,20歳代,その他,施錠せず
窃盗,自転車盗,尼崎北,武庫之荘,282022,兵庫県,尼崎市,武庫之荘５丁目,20240828,16,４階建て以上共同住宅,駐車（輪）場,50歳代,その他,施錠した
窃盗,自転車盗,尼崎北,武庫之荘,282022,兵庫県,尼崎市,武庫之荘５丁目,20241130,16,その他,駐車（輪）場,10歳代,その他,施錠せず
窃盗,自転車盗,尼崎北,武庫之荘,282022,兵庫県,尼崎市,武庫之荘６丁目,20240319,7,４階建て以上共同住宅,駐車（輪）場,20歳代,その他,施錠せず
窃盗,自転車盗,尼崎北,武庫之荘,282022,兵庫県,尼崎市,武庫之荘７丁目,20240305,18,その他の住宅（３階建て以下共同住宅等）,駐車（輪）場,30歳代,その他,施錠せず
窃盗,自転車盗,尼崎北,武庫之荘,282022,兵庫県,尼崎市,武庫之荘７丁目,20240905,9,駐車（輪）場,駐車（輪）場,30歳代,その他,施錠せず
窃盗,自転車盗,尼崎北,武庫之荘,282022,兵庫県,尼崎市,武庫之荘西２丁目,20241022,18,４階建て以上共同住宅,駐車（輪）場,60-64歳,その他,施錠した
窃盗,自転車盗,尼崎北,武庫之荘,282022,兵庫県,尼崎市,武庫之荘東１丁目,20240322,12,一戸建住宅,駐車（輪）場,65-69歳,その他,施錠した
窃盗,自転車盗,尼崎北,武庫之荘,282022,兵庫県,尼崎市,武庫之荘東１丁目,20241130,20,その他,駐車（輪）場,10歳代,高校生,施錠した
窃盗,自転車盗,尼崎北,武庫之荘,282022,兵庫県,尼崎市,武庫之荘東１丁目,20241210,13,その他,駐車（輪）場,10歳代,大学生,施錠せず
窃盗,自転車盗,尼崎北,武庫之荘,282022,兵庫県,尼崎市,武庫之荘東２丁目,20240301,20,一戸建住宅,その他,40歳代,その他,施錠せず
窃盗,自転車盗,尼崎北,武庫之荘,282022,兵庫県,尼崎市,武庫之荘東２丁目,20240505,10,その他の住宅（３階建て以下共同住宅等）,駐車（輪）場,40歳代,その他,施錠せず
窃盗,自転車盗,尼崎北,武庫之荘,282022,兵庫県,尼崎市,武庫之荘東２丁目,20240928,15,その他の住宅（３階建て以下共同住宅等）,駐車（輪）場,10歳代,その他,施錠せず
窃盗,自転車盗,尼崎北,武庫之荘,282022,兵庫県,尼崎市,武庫之荘東２丁目,20241014,13,４階建て以上共同住宅,その他,10歳代,高校生,施錠せず
窃盗,自転車盗,尼崎北,武庫之荘,282022,兵庫県,尼崎市,武庫之荘東２丁目,20241025,9,その他,駐車（輪）場,20歳代,その他,施錠した
窃盗,自転車盗,尼崎北,武庫之荘,282022,兵庫県,尼崎市,武庫之荘東２丁目,20241017,16,駐車（輪）場,駐車（輪）場,20歳代,大学生,施錠せず
窃盗,自転車盗,尼崎北,武庫之荘,282022,兵庫県,尼崎市,武庫之荘本町２丁目,20240814,20,４階建て以上共同住宅,駐車（輪）場,30歳代,その他,施錠せず
窃盗,自転車盗,尼崎北,武庫之荘,282022,兵庫県,尼崎市,武庫之荘本町３丁目,20240314,9,４階建て以上共同住宅,駐車（輪）場,10歳代,小学生,施錠せず
窃盗,自転車盗,尼崎北,武庫之荘,282022,兵庫県,尼崎市,武庫之荘本町３丁目,20240514,19,４階建て以上共同住宅,駐車（輪）場,10歳代,高校生,施錠せず
窃盗,自転車盗,尼崎北,武庫之荘,282022,兵庫県,尼崎市,武庫之荘本町３丁目,20241021,6,その他の住宅（３階建て以下共同住宅等）,その他,50歳代,その他,施錠せず
窃盗,自転車盗,尼崎北,南武庫之荘,282022,兵庫県,尼崎市,水堂町４丁目,20240127,17,その他,駐車（輪）場,20歳代,大学生,施錠せず
窃盗,自転車盗,尼崎北,南武庫之荘,282022,兵庫県,尼崎市,水堂町４丁目,20240208,15,その他,駐車（輪）場,10歳代,高校生,施錠した
窃盗,自転車盗,尼崎北,南武庫之荘,282022,兵庫県,尼崎市,水堂町４丁目,20240307,19,その他の住宅（３階建て以下共同住宅等）,駐車（輪）場,30歳代,その他,施錠せず
窃盗,自転車盗,尼崎北,南武庫之荘,282022,兵庫県,尼崎市,水堂町４丁目,20240415,19,その他の住宅（３階建て以下共同住宅等）,駐車（輪）場,40歳代,その他,施錠せず
窃盗,自転車盗,尼崎北,南武庫之荘,282022,兵庫県,尼崎市,水堂町４丁目,20240420,18,４階建て以上共同住宅,駐車（輪）場,20歳代,その他,施錠した
窃盗,自転車盗,尼崎北,南武庫之荘,282022,兵庫県,尼崎市,水堂町４丁目,20240419,8,４階建て以上共同住宅,駐車（輪）場,70歳以上,その他,施錠した
窃盗,自転車盗,尼崎北,南武庫之荘,282022,兵庫県,尼崎市,水堂町４丁目,20240521,20,４階建て以上共同住宅,駐車（輪）場,10歳代,高校生,施錠した
窃盗,自転車盗,尼崎北,南武庫之荘,282022,兵庫県,尼崎市,水堂町４丁目,20240604,8,その他,駐車（輪）場,20歳代,その他,施錠せず
窃盗,自転車盗,尼崎北,南武庫之荘,282022,兵庫県,尼崎市,水堂町４丁目,20240714,7,その他,駐車（輪）場,20歳代,その他,施錠せず
窃盗,自転車盗,尼崎北,南武庫之荘,282022,兵庫県,尼崎市,水堂町４丁目,20240714,7,その他,駐車（輪）場,20歳代,その他,施錠せず
窃盗,自転車盗,尼崎北,南武庫之荘,282022,兵庫県,尼崎市,水堂町４丁目,20240814,10,４階建て以上共同住宅,駐車（輪）場,70歳以上,その他,施錠した
窃盗,自転車盗,尼崎北,南武庫之荘,282022,兵庫県,尼崎市,水堂町４丁目,20240909,15,その他,駐車（輪）場,40歳代,その他,施錠せず
窃盗,自転車盗,尼崎北,南武庫之荘,282022,兵庫県,尼崎市,水堂町４丁目,20241220,14,その他,駐車（輪）場,65-69歳,その他,施錠せず
窃盗,自転車盗,尼崎北,南武庫之荘,282022,兵庫県,尼崎市,水堂町４丁目,20241225,18,その他,駐車（輪）場,10歳代,中学生,施錠せず
窃盗,自転車盗,尼崎北,南武庫之荘,282022,兵庫県,尼崎市,南武庫之荘,20240918,14,その他の住宅（３階建て以下共同住宅等）,駐車（輪）場,20歳代,その他,施錠した
窃盗,自転車盗,尼崎北,南武庫之荘,282022,兵庫県,尼崎市,南武庫之荘４丁目,20240503,19,４階建て以上共同住宅,駐車（輪）場,20歳代,その他,施錠した
窃盗,自転車盗,尼崎北,南武庫之荘,282022,兵庫県,尼崎市,南武庫之荘４丁目,20240625,20,４階建て以上共同住宅,駐車（輪）場,10歳代,中学生,施錠した
窃盗,自転車盗,尼崎北,南武庫之荘,282022,兵庫県,尼崎市,南武庫之荘４丁目,20240629,0,その他,駐車（輪）場,10歳代,その他,施錠せず
窃盗,自転車盗,尼崎北,南武庫之荘,282022,兵庫県,尼崎市,南武庫之荘４丁目,20240726,16,４階建て以上共同住宅,駐車（輪）場,20歳代,その他,施錠せず
窃盗,自転車盗,尼崎北,南武庫之荘,282022,兵庫県,尼崎市,南武庫之荘４丁目,20240903,10,道路上,その他,40歳代,その他,施錠せず
窃盗,自転車盗,尼崎北,南武庫之荘,282022,兵庫県,尼崎市,南武庫之荘４丁目,20230505,10,その他の住宅（３階建て以下共同住宅等）,駐車（輪）場,20歳代,大学生,施錠した
窃盗,自転車盗,尼崎北,南武庫之荘,282022,兵庫県,尼崎市,南武庫之荘４丁目,20241228,22,４階建て以上共同住宅,駐車（輪）場,10歳代,大学生,施錠せず
窃盗,自転車盗,尼崎北,南武庫之荘,282022,兵庫県,尼崎市,南武庫之荘５丁目,20240303,11,４階建て以上共同住宅,駐車（輪）場,20歳代,その他,施錠せず
窃盗,自転車盗,尼崎北,南武庫之荘,282022,兵庫県,尼崎市,南武庫之荘５丁目,20240626,6,一戸建住宅,その他,30歳代,その他,施錠した
窃盗,自転車盗,尼崎北,南武庫之荘,282022,兵庫県,尼崎市,南武庫之荘５丁目,20240827,18,その他の住宅（３階建て以下共同住宅等）,駐車（輪）場,20歳代,その他,施錠せず
窃盗,自転車盗,尼崎北,南武庫之荘,282022,兵庫県,尼崎市,南武庫之荘５丁目,20241017,21,４階建て以上共同住宅,駐車（輪）場,10歳代,中学生,施錠せず
窃盗,自転車盗,尼崎北,南武庫之荘,282022,兵庫県,尼崎市,南武庫之荘７丁目,20240304,20,４階建て以上共同住宅,駐車（輪）場,40歳代,その他,施錠した
窃盗,自転車盗,尼崎北,南武庫之荘,282022,兵庫県,尼崎市,南武庫之荘７丁目,20240424,21,４階建て以上共同住宅,駐車（輪）場,30歳代,その他,施錠せず
窃盗,自転車盗,尼崎北,南武庫之荘,282022,兵庫県,尼崎市,南武庫之荘７丁目,20240510,20,その他の住宅（３階建て以下共同住宅等）,駐車（輪）場,30歳代,その他,施錠せず
窃盗,自転車盗,尼崎北,南武庫之荘,282022,兵庫県,尼崎市,南武庫之荘７丁目,20240530,10,その他の住宅（３階建て以下共同住宅等）,駐車（輪）場,30歳代,その他,施錠せず
窃盗,自転車盗,尼崎北,南武庫之荘,282022,兵庫県,尼崎市,南武庫之荘７丁目,20240603,18,４階建て以上共同住宅,駐車（輪）場,30歳代,その他,施錠した
窃盗,自転車盗,尼崎北,南武庫之荘,282022,兵庫県,尼崎市,南武庫之荘７丁目,20240609,21,４階建て以上共同住宅,その他,10歳代,中学生,施錠せず
窃盗,自転車盗,尼崎北,南武庫之荘,282022,兵庫県,尼崎市,南武庫之荘７丁目,20240712,17,４階建て以上共同住宅,駐車（輪）場,20歳代,その他,施錠せず
窃盗,自転車盗,尼崎北,南武庫之荘,282022,兵庫県,尼崎市,南武庫之荘７丁目,20240808,15,４階建て以上共同住宅,駐車（輪）場,50歳代,その他,施錠せず
窃盗,自転車盗,尼崎北,南武庫之荘,282022,兵庫県,尼崎市,南武庫之荘８丁目,20240830,21,４階建て以上共同住宅,駐車（輪）場,20歳代,その他,施錠した
窃盗,自転車盗,尼崎北,南武庫之荘,282022,兵庫県,尼崎市,南武庫之荘９丁目,20240510,7,その他,駐車（輪）場,30歳代,その他,施錠せず
窃盗,自転車盗,尼崎北,南武庫之荘,282022,兵庫県,尼崎市,南武庫之荘１０丁目,20240224,23,４階建て以上共同住宅,駐車（輪）場,20歳代,その他,施錠した
窃盗,自転車盗,尼崎北,南武庫之荘,282022,兵庫県,尼崎市,南武庫之荘１０丁目,20240312,20,４階建て以上共同住宅,駐車（輪）場,30歳代,その他,施錠せず
窃盗,自転車盗,尼崎北,南武庫之荘,282022,兵庫県,尼崎市,南武庫之荘１０丁目,20240627,20,４階建て以上共同住宅,駐車（輪）場,10歳代,高校生,施錠せず
窃盗,自転車盗,尼崎北,南武庫之荘,282022,兵庫県,尼崎市,南武庫之荘１０丁目,20240628,17,４階建て以上共同住宅,駐車（輪）場,10歳代,中学生,施錠した
窃盗,自転車盗,尼崎北,南武庫之荘,282022,兵庫県,尼崎市,南武庫之荘１０丁目,20240703,0,４階建て以上共同住宅,駐車（輪）場,10歳代,高校生,施錠した
窃盗,自転車盗,尼崎北,南武庫之荘,282022,兵庫県,尼崎市,南武庫之荘１０丁目,20240610,17,４階建て以上共同住宅,駐車（輪）場,10歳代,中学生,施錠せず
窃盗,自転車盗,尼崎北,南武庫之荘,282022,兵庫県,尼崎市,南武庫之荘１０丁目,20240804,18,道路上,その他,65-69歳,その他,施錠した
窃盗,自転車盗,尼崎北,南武庫之荘,282022,兵庫県,尼崎市,南武庫之荘１０丁目,20240813,11,４階建て以上共同住宅,駐車（輪）場,70歳以上,その他,施錠せず
窃盗,自転車盗,尼崎北,南武庫之荘,282022,兵庫県,尼崎市,南武庫之荘１０丁目,20240913,22,４階建て以上共同住宅,駐車（輪）場,40歳代,その他,施錠した
窃盗,自転車盗,尼崎北,南武庫之荘,282022,兵庫県,尼崎市,南武庫之荘１１丁目,20240218,17,４階建て以上共同住宅,駐車（輪）場,20歳代,その他,施錠した
窃盗,自転車盗,尼崎北,南武庫之荘,282022,兵庫県,尼崎市,南武庫之荘１１丁目,20240326,11,４階建て以上共同住宅,駐車（輪）場,60-64歳,その他,施錠せず
窃盗,自転車盗,尼崎北,南武庫之荘,282022,兵庫県,尼崎市,南武庫之荘１１丁目,20240707,17,一戸建住宅,駐車（輪）場,40歳代,その他,施錠した
窃盗,自転車盗,尼崎北,南武庫之荘,282022,兵庫県,尼崎市,南武庫之荘１２丁目,20240521,13,４階建て以上共同住宅,駐車（輪）場,20歳代,その他,施錠した
窃盗,自転車盗,尼崎北,南武庫之荘,282022,兵庫県,尼崎市,武庫之荘８丁目,20240307,16,４階建て以上共同住宅,駐車（輪）場,20歳代,その他,施錠せず
窃盗,自転車盗,尼崎北,西昆陽,282022,兵庫県,尼崎市,西昆陽１丁目,20240225,16,その他,駐車（輪）場,10歳代,大学生,施錠せず
窃盗,自転車盗,尼崎北,西昆陽,282022,兵庫県,尼崎市,西昆陽１丁目,20240521,17,その他,駐車（輪）場,10歳代,その他,施錠せず
窃盗,自転車盗,尼崎北,西昆陽,282022,兵庫県,尼崎市,西昆陽１丁目,20241014,19,４階建て以上共同住宅,駐車（輪）場,50歳代,その他,施錠した
窃盗,自転車盗,尼崎北,西昆陽,282022,兵庫県,尼崎市,西昆陽１丁目,20241014,19,４階建て以上共同住宅,駐車（輪）場,50歳代,その他,施錠した
窃盗,自転車盗,尼崎北,西昆陽,282022,兵庫県,尼崎市,西昆陽２丁目,20240130,15,４階建て以上共同住宅,駐車（輪）場,70歳以上,その他,施錠した
窃盗,自転車盗,尼崎北,西昆陽,282022,兵庫県,尼崎市,西昆陽２丁目,20240611,8,４階建て以上共同住宅,駐車（輪）場,10歳代,小学生,施錠せず
窃盗,自転車盗,尼崎北,西昆陽,282022,兵庫県,尼崎市,西昆陽２丁目,20240930,8,一戸建住宅,駐車（輪）場,10歳代,高校生,施錠せず
窃盗,自転車盗,尼崎北,西昆陽,282022,兵庫県,尼崎市,西昆陽２丁目,20241229,2,その他,駐車（輪）場,20歳代,その他,施錠せず
窃盗,自転車盗,尼崎北,西昆陽,282022,兵庫県,尼崎市,武庫之荘８丁目,20221201,9,４階建て以上共同住宅,駐車（輪）場,20歳代,その他,施錠せず
窃盗,自転車盗,尼崎北,西昆陽,282022,兵庫県,尼崎市,武庫之荘８丁目,20240624,11,４階建て以上共同住宅,駐車（輪）場,10歳代,その他,施錠した
窃盗,自転車盗,尼崎北,西昆陽,282022,兵庫県,尼崎市,武庫之荘８丁目,20240628,18,道路上,その他,10歳代,高校生,施錠せず
窃盗,自転車盗,尼崎北,西昆陽,282022,兵庫県,尼崎市,武庫之荘８丁目,20240925,17,４階建て以上共同住宅,駐車（輪）場,20歳代,その他,施錠せず
窃盗,自転車盗,尼崎北,西昆陽,282022,兵庫県,尼崎市,武庫之荘９丁目,20240502,17,４階建て以上共同住宅,駐車（輪）場,10歳代,中学生,施錠せず
窃盗,自転車盗,尼崎北,西昆陽,282022,兵庫県,尼崎市,武庫之荘９丁目,20240628,18,４階建て以上共同住宅,駐車（輪）場,50歳代,その他,施錠した
窃盗,自転車盗,尼崎北,西昆陽,282022,兵庫県,尼崎市,武庫之荘９丁目,20241122,17,４階建て以上共同住宅,駐車（輪）場,20歳代,大学生,施錠せず
窃盗,自転車盗,尼崎北,西昆陽,282022,兵庫県,尼崎市,武庫の里２丁目,20240420,23,一戸建住宅,その他,30歳代,その他,施錠した
窃盗,自転車盗,尼崎北,西昆陽,282022,兵庫県,尼崎市,武庫の里２丁目,20240823,23,４階建て以上共同住宅,駐車（輪）場,30歳代,その他,施錠した
窃盗,自転車盗,尼崎北,西昆陽,282022,兵庫県,尼崎市,武庫の里２丁目,20240925,21,一戸建住宅,その他,10歳代,中学生,施錠せず
窃盗,自転車盗,尼崎北,西武庫,282022,兵庫県,尼崎市,常松１丁目,20240113,16,その他,駐車（輪）場,20歳代,大学生,施錠せず
窃盗,自転車盗,尼崎北,西武庫,282022,兵庫県,尼崎市,常松１丁目,20240321,20,４階建て以上共同住宅,駐車（輪）場,50歳代,その他,施錠せず
窃盗,自転車盗,尼崎北,西武庫,282022,兵庫県,尼崎市,常松１丁目,20240429,12,その他の住宅（３階建て以下共同住宅等）,駐車（輪）場,30歳代,その他,施錠した
窃盗,自転車盗,尼崎北,西武庫,282022,兵庫県,尼崎市,常松１丁目,20240620,19,４階建て以上共同住宅,駐車（輪）場,40歳代,大学生,施錠した
窃盗,自転車盗,尼崎北,西武庫,282022,兵庫県,尼崎市,常松１丁目,20240831,19,４階建て以上共同住宅,駐車（輪）場,20歳代,その他,施錠した
窃盗,自転車盗,尼崎北,西武庫,282022,兵庫県,尼崎市,常松１丁目,20240930,10,駐車（輪）場,駐車（輪）場,50歳代,その他,施錠した
窃盗,自転車盗,尼崎北,西武庫,282022,兵庫県,尼崎市,常吉１丁目,20240504,17,４階建て以上共同住宅,駐車（輪）場,10歳代,中学生,施錠せず
窃盗,自転車盗,尼崎北,西武庫,282022,兵庫県,尼崎市,常吉１丁目,20221004,19,４階建て以上共同住宅,駐車（輪）場,10歳代,中学生,施錠せず
窃盗,自転車盗,尼崎北,西武庫,282022,兵庫県,尼崎市,常吉１丁目,20240822,10,道路上,その他,40歳代,その他,施錠せず
窃盗,自転車盗,尼崎北,西武庫,282022,兵庫県,尼崎市,常吉１丁目,20240906,21,その他の住宅（３階建て以下共同住宅等）,駐車（輪）場,30歳代,その他,施錠せず
窃盗,自転車盗,尼崎北,西武庫,282022,兵庫県,尼崎市,常吉１丁目,20241125,8,一戸建住宅,駐車（輪）場,10歳代,中学生,施錠せず
窃盗,自転車盗,尼崎北,西武庫,282022,兵庫県,尼崎市,常吉２丁目,20241030,11,４階建て以上共同住宅,駐車（輪）場,30歳代,その他,施錠せず
窃盗,自転車盗,尼崎北,西武庫,282022,兵庫県,尼崎市,武庫町１丁目,20240327,18,その他,駐車（輪）場,30歳代,その他,施錠せず
窃盗,自転車盗,尼崎北,西武庫,282022,兵庫県,尼崎市,武庫町１丁目,20240510,18,４階建て以上共同住宅,駐車（輪）場,10歳代,中学生,施錠せず
窃盗,自転車盗,尼崎北,西武庫,282022,兵庫県,尼崎市,武庫町１丁目,20240607,15,その他,駐車（輪）場,65-69歳,その他,施錠せず
窃盗,自転車盗,尼崎北,西武庫,282022,兵庫県,尼崎市,武庫町１丁目,20240707,12,その他,駐車（輪）場,40歳代,その他,施錠せず
窃盗,自転車盗,尼崎北,西武庫,282022,兵庫県,尼崎市,武庫町１丁目,20240924,18,その他,駐車（輪）場,30歳代,その他,施錠した
窃盗,自転車盗,尼崎北,西武庫,282022,兵庫県,尼崎市,武庫町１丁目,20241029,11,４階建て以上共同住宅,駐車（輪）場,30歳代,その他,施錠した
窃盗,自転車盗,尼崎北,西武庫,282022,兵庫県,尼崎市,武庫町２丁目,20240414,8,道路上,その他,70歳以上,その他,施錠せず
窃盗,自転車盗,尼崎北,西武庫,282022,兵庫県,尼崎市,武庫町２丁目,20240416,9,その他の住宅（３階建て以下共同住宅等）,駐車（輪）場,30歳代,その他,施錠せず
窃盗,自転車盗,尼崎北,西武庫,282022,兵庫県,尼崎市,武庫町２丁目,20240706,14,その他,駐車（輪）場,20歳代,その他,施錠せず
窃盗,自転車盗,尼崎北,西武庫,282022,兵庫県,尼崎市,武庫町３丁目,20240217,20,４階建て以上共同住宅,駐車（輪）場,20歳代,その他,施錠した
窃盗,自転車盗,尼崎北,西武庫,282022,兵庫県,尼崎市,武庫町３丁目,20240605,17,その他,その他,40歳代,その他,施錠せず
窃盗,自転車盗,尼崎北,西武庫,282022,兵庫県,尼崎市,武庫町３丁目,20240816,21,その他の住宅（３階建て以下共同住宅等）,駐車（輪）場,70歳以上,その他,施錠した
窃盗,自転車盗,尼崎北,西武庫,282022,兵庫県,尼崎市,武庫町３丁目,20241206,17,４階建て以上共同住宅,駐車（輪）場,30歳代,その他,施錠せず
窃盗,自転車盗,尼崎北,西武庫,282022,兵庫県,尼崎市,武庫町４丁目,20241025,21,一戸建住宅,駐車（輪）場,10歳代,高校生,施錠せず
窃盗,自転車盗,尼崎北,西武庫,282022,兵庫県,尼崎市,武庫元町１丁目,20240104,23,その他の住宅（３階建て以下共同住宅等）,駐車（輪）場,20歳代,その他,施錠した
窃盗,自転車盗,尼崎北,西武庫,282022,兵庫県,尼崎市,武庫元町１丁目,20240516,23,一戸建住宅,駐車（輪）場,10歳代,高校生,施錠せず
窃盗,自転車盗,尼崎北,西武庫,282022,兵庫県,尼崎市,武庫元町１丁目,20240627,15,その他,駐車（輪）場,10歳代,その他,施錠せず
窃盗,自転車盗,尼崎北,西武庫,282022,兵庫県,尼崎市,武庫元町１丁目,20230615,10,その他,駐車（輪）場,70歳以上,その他,施錠せず
窃盗,自転車盗,尼崎北,西武庫,282022,兵庫県,尼崎市,武庫元町１丁目,20241206,18,道路上,その他,20歳代,その他,施錠せず
窃盗,自転車盗,尼崎北,西武庫,282022,兵庫県,尼崎市,武庫元町２丁目,20240503,19,一戸建住宅,駐車（輪）場,10歳代,中学生,施錠せず
窃盗,自転車盗,尼崎北,西武庫,282022,兵庫県,尼崎市,武庫元町２丁目,20240520,7,その他,駐車（輪）場,70歳以上,その他,施錠せず
窃盗,自転車盗,尼崎北,西武庫,282022,兵庫県,尼崎市,武庫元町２丁目,20240811,16,一戸建住宅,駐車（輪）場,50歳代,その他,施錠せず
窃盗,自転車盗,尼崎北,西武庫,282022,兵庫県,尼崎市,武庫元町２丁目,20240828,18,４階建て以上共同住宅,駐車（輪）場,10歳代,中学生,施錠せず
窃盗,自転車盗,尼崎北,西武庫,282022,兵庫県,尼崎市,武庫元町３丁目,20241224,13,その他,その他,10歳代,小学生,施錠した
窃盗,自転車盗,尼崎北,西武庫,282022,兵庫県,尼崎市,武庫豊町２丁目,20240903,21,４階建て以上共同住宅,駐車（輪）場,20歳代,その他,施錠せず
窃盗,自転車盗,尼崎北,尾浜,282022,兵庫県,尼崎市,尾浜町１丁目,20240216,16,４階建て以上共同住宅,駐車（輪）場,60-64歳,その他,施錠した
窃盗,自転車盗,尼崎北,尾浜,282022,兵庫県,尼崎市,尾浜町１丁目,20240609,12,４階建て以上共同住宅,駐車（輪）場,30歳代,その他,施錠せず
窃盗,自転車盗,尼崎北,尾浜,282022,兵庫県,尼崎市,尾浜町１丁目,20241214,23,一戸建住宅,駐車（輪）場,30歳代,その他,施錠せず
窃盗,自転車盗,尼崎北,尾浜,282022,兵庫県,尼崎市,尾浜町１丁目,20241219,13,道路上,その他,50歳代,その他,施錠せず
窃盗,自転車盗,尼崎北,尾浜,282022,兵庫県,尼崎市,尾浜町２丁目,20231231,2,４階建て以上共同住宅,駐車（輪）場,20歳代,その他,施錠した
窃盗,自転車盗,尼崎北,尾浜,282022,兵庫県,尼崎市,尾浜町２丁目,20240804,13,４階建て以上共同住宅,駐車（輪）場,20歳代,その他,施錠せず
窃盗,自転車盗,尼崎北,尾浜,282022,兵庫県,尼崎市,尾浜町２丁目,20241014,11,道路上,その他,70歳以上,その他,施錠せず
窃盗,自転車盗,尼崎北,尾浜,282022,兵庫県,尼崎市,尾浜町２丁目,20241021,21,４階建て以上共同住宅,駐車（輪）場,50歳代,その他,施錠した
窃盗,自転車盗,尼崎北,尾浜,282022,兵庫県,尼崎市,尾浜町３丁目,20240203,12,４階建て以上共同住宅,駐車（輪）場,40歳代,その他,施錠せず
窃盗,自転車盗,尼崎北,尾浜,282022,兵庫県,尼崎市,尾浜町３丁目,20240420,21,４階建て以上共同住宅,駐車（輪）場,10歳代,高校生,施錠した
窃盗,自転車盗,尼崎北,尾浜,282022,兵庫県,尼崎市,尾浜町３丁目,20240504,15,４階建て以上共同住宅,駐車（輪）場,10歳代,中学生,施錠した
窃盗,自転車盗,尼崎北,尾浜,282022,兵庫県,尼崎市,尾浜町３丁目,20240505,17,道路上,その他,40歳代,その他,施錠せず
窃盗,自転車盗,尼崎北,尾浜,282022,兵庫県,尼崎市,尾浜町３丁目,20240706,21,一戸建住宅,駐車（輪）場,20歳代,大学生,施錠せず
窃盗,自転車盗,尼崎北,尾浜,282022,兵庫県,尼崎市,尾浜町３丁目,20240728,17,４階建て以上共同住宅,駐車（輪）場,10歳代,小学生,施錠せず
窃盗,自転車盗,尼崎北,尾浜,282022,兵庫県,尼崎市,南塚口町５丁目,20241214,18,その他,駐車（輪）場,20歳代,その他,施錠せず
窃盗,自転車盗,尼崎北,尾浜,282022,兵庫県,尼崎市,名神町１丁目,20241007,17,４階建て以上共同住宅,駐車（輪）場,70歳以上,その他,施錠せず
窃盗,自転車盗,尼崎北,尾浜,282022,兵庫県,尼崎市,名神町２丁目,20240616,18,その他,駐車（輪）場,20歳代,大学生,施錠せず
窃盗,自転車盗,尼崎北,尾浜,282022,兵庫県,尼崎市,名神町２丁目,20241127,12,その他の住宅（３階建て以下共同住宅等）,駐車（輪）場,50歳代,その他,施錠した
窃盗,自転車盗,尼崎北,立花駅前,282022,兵庫県,尼崎市,三反田町１丁目,20240409,19,一戸建住宅,駐車（輪）場,60-64歳,その他,施錠せず
窃盗,自転車盗,尼崎北,立花駅前,282022,兵庫県,尼崎市,三反田町１丁目,20240525,18,その他の住宅（３階建て以下共同住宅等）,駐車（輪）場,20歳代,その他,施錠せず
窃盗,自転車盗,尼崎北,立花駅前,282022,兵庫県,尼崎市,三反田町１丁目,20240921,19,その他の住宅（３階建て以下共同住宅等）,駐車（輪）場,20歳代,大学生,施錠した
窃盗,自転車盗,尼崎北,立花駅前,282022,兵庫県,尼崎市,三反田町１丁目,20241029,10,その他,駐車（輪）場,70歳以上,その他,施錠せず
窃盗,自転車盗,尼崎北,立花駅前,282022,兵庫県,尼崎市,三反田町２丁目,20240119,18,道路上,その他,20歳代,大学生,施錠せず
窃盗,自転車盗,尼崎北,立花駅前,282022,兵庫県,尼崎市,三反田町２丁目,20240530,10,一戸建住宅,駐車（輪）場,10歳未満,小学生,施錠した
窃盗,自転車盗,尼崎北,立花駅前,282022,兵庫県,尼崎市,三反田町２丁目,20240602,0,道路上,その他,20歳代,大学生,施錠せず
窃盗,自転車盗,尼崎北,立花駅前,282022,兵庫県,尼崎市,三反田町２丁目,20240920,23,その他の住宅（３階建て以下共同住宅等）,駐車（輪）場,40歳代,その他,施錠せず
窃盗,自転車盗,尼崎北,立花駅前,282022,兵庫県,尼崎市,三反田町２丁目,20241029,14,４階建て以上共同住宅,駐車（輪）場,10歳代,その他,施錠せず
窃盗,自転車盗,尼崎北,立花駅前,282022,兵庫県,尼崎市,三反田町３丁目,20240302,6,道路上,その他,20歳代,その他,施錠した
窃盗,自転車盗,尼崎北,立花駅前,282022,兵庫県,尼崎市,三反田町３丁目,20240405,18,その他の住宅（３階建て以下共同住宅等）,駐車（輪）場,20歳代,その他,施錠せず
窃盗,自転車盗,尼崎北,立花駅前,282022,兵庫県,尼崎市,三反田町３丁目,20240519,0,道路上,その他,40歳代,その他,施錠せず
窃盗,自転車盗,尼崎北,立花駅前,282022,兵庫県,尼崎市,三反田町３丁目,20240902,18,４階建て以上共同住宅,駐車（輪）場,30歳代,その他,施錠せず
窃盗,自転車盗,尼崎北,立花駅前,282022,兵庫県,尼崎市,三反田町３丁目,20241117,16,一戸建住宅,駐車（輪）場,50歳代,その他,施錠せず
窃盗,自転車盗,尼崎北,立花駅前,282022,兵庫県,尼崎市,立花町１丁目,20231228,9,その他,駐車（輪）場,65-69歳,その他,施錠せず
窃盗,自転車盗,尼崎北,立花駅前,282022,兵庫県,尼崎市,立花町１丁目,20240112,7,その他,駐車（輪）場,20歳代,その他,施錠せず
窃盗,自転車盗,尼崎北,立花駅前,282022,兵庫県,尼崎市,立花町１丁目,20240130,18,その他の住宅（３階建て以下共同住宅等）,駐車（輪）場,20歳代,その他,施錠せず
窃盗,自転車盗,尼崎北,立花駅前,282022,兵庫県,尼崎市,立花町１丁目,20240208,7,その他,駐車（輪）場,10歳代,高校生,施錠せず
窃盗,自転車盗,尼崎北,立花駅前,282022,兵庫県,尼崎市,立花町１丁目,20240209,7,その他,駐車（輪）場,10歳代,高校生,施錠した
窃盗,自転車盗,尼崎北,立花駅前,282022,兵庫県,尼崎市,立花町１丁目,20240212,19,道路上,その他,10歳代,高校生,施錠せず
窃盗,自転車盗,尼崎北,立花駅前,282022,兵庫県,尼崎市,立花町１丁目,20240307,7,その他,駐車（輪）場,40歳代,その他,施錠した
窃盗,自転車盗,尼崎北,立花駅前,282022,兵庫県,尼崎市,立花町１丁目,20240412,9,その他,駐車（輪）場,70歳以上,その他,施錠した
窃盗,自転車盗,尼崎北,立花駅前,282022,兵庫県,尼崎市,立花町１丁目,20240409,21,４階建て以上共同住宅,駐車（輪）場,10歳代,中学生,施錠した
窃盗,自転車盗,尼崎北,立花駅前,282022,兵庫県,尼崎市,立花町１丁目,20230701,1,道路上,その他,10歳代,高校生,施錠せず
窃盗,自転車盗,尼崎北,立花駅前,282022,兵庫県,尼崎市,立花町１丁目,20240523,8,その他,駐車（輪）場,20歳代,その他,施錠せず
窃盗,自転車盗,尼崎北,立花駅前,282022,兵庫県,尼崎市,立花町１丁目,20240426,7,その他,駐車（輪）場,40歳代,その他,施錠した
窃盗,自転車盗,尼崎北,立花駅前,282022,兵庫県,尼崎市,立花町１丁目,20240601,18,道路上,その他,40歳代,その他,施錠せず
窃盗,自転車盗,尼崎北,立花駅前,282022,兵庫県,尼崎市,立花町１丁目,20240613,17,４階建て以上共同住宅,駐車（輪）場,20歳代,その他,施錠せず
窃盗,自転車盗,尼崎北,立花駅前,282022,兵庫県,尼崎市,立花町１丁目,20240628,17,道路上,その他,10歳代,高校生,施錠せず
窃盗,自転車盗,尼崎北,立花駅前,282022,兵庫県,尼崎市,立花町１丁目,20240622,23,道路上,その他,20歳代,その他,施錠せず
窃盗,自転車盗,尼崎北,立花駅前,282022,兵庫県,尼崎市,立花町１丁目,20240623,1,道路上,その他,30歳代,その他,施錠した
窃盗,自転車盗,尼崎北,立花駅前,282022,兵庫県,尼崎市,立花町１丁目,20240709,12,その他,駐車（輪）場,40歳代,その他,施錠した
窃盗,自転車盗,尼崎北,立花駅前,282022,兵庫県,尼崎市,立花町１丁目,20240722,15,道路上,その他,10歳代,その他,施錠せず
窃盗,自転車盗,尼崎北,立花駅前,282022,兵庫県,尼崎市,立花町１丁目,20240801,22,道路上,その他,10歳代,大学生,施錠せず
窃盗,自転車盗,尼崎北,立花駅前,282022,兵庫県,尼崎市,立花町１丁目,20240807,18,その他の住宅（３階建て以下共同住宅等）,駐車（輪）場,50歳代,その他,施錠せず
窃盗,自転車盗,尼崎北,立花駅前,282022,兵庫県,尼崎市,立花町１丁目,20240718,13,４階建て以上共同住宅,駐車（輪）場,65-69歳,その他,施錠した
窃盗,自転車盗,尼崎北,立花駅前,282022,兵庫県,尼崎市,立花町１丁目,20240817,19,その他,駐車（輪）場,20歳代,その他,施錠した
窃盗,自転車盗,尼崎北,立花駅前,282022,兵庫県,尼崎市,立花町１丁目,20240810,23,道路上,その他,60-64歳,その他,施錠した
窃盗,自転車盗,尼崎北,立花駅前,282022,兵庫県,尼崎市,立花町１丁目,20240911,16,その他,駐車（輪）場,10歳代,大学生,施錠した
窃盗,自転車盗,尼崎北,立花駅前,282022,兵庫県,尼崎市,立花町１丁目,20240910,17,道路上,その他,20歳代,その他,施錠せず
窃盗,自転車盗,尼崎北,立花駅前,282022,兵庫県,尼崎市,立花町１丁目,20240924,0,その他,駐車（輪）場,20歳代,その他,施錠せず
窃盗,自転車盗,尼崎北,立花駅前,282022,兵庫県,尼崎市,立花町１丁目,20240929,17,その他,駐車（輪）場,60-64歳,その他,施錠した
窃盗,自転車盗,尼崎北,立花駅前,282022,兵庫県,尼崎市,立花町１丁目,20241005,19,道路上,その他,40歳代,その他,施錠した
窃盗,自転車盗,尼崎北,立花駅前,282022,兵庫県,尼崎市,立花町１丁目,20241011,19,道路上,その他,60-64歳,その他,施錠せず
窃盗,自転車盗,尼崎北,立花駅前,282022,兵庫県,尼崎市,立花町１丁目,20241017,16,その他,駐車（輪）場,20歳代,その他,施錠した
窃盗,自転車盗,尼崎北,立花駅前,282022,兵庫県,尼崎市,立花町１丁目,20241024,17,その他,駐車（輪）場,30歳代,その他,施錠した
窃盗,自転車盗,尼崎北,立花駅前,282022,兵庫県,尼崎市,立花町１丁目,20241025,16,その他,駐車（輪）場,10歳代,中学生,施錠した
窃盗,自転車盗,尼崎北,立花駅前,282022,兵庫県,尼崎市,立花町１丁目,20241006,21,その他,駐車（輪）場,20歳代,その他,施錠せず
窃盗,自転車盗,尼崎北,立花駅前,282022,兵庫県,尼崎市,立花町１丁目,20241028,9,その他,その他,20歳代,その他,施錠せず
窃盗,自転車盗,尼崎北,立花駅前,282022,兵庫県,尼崎市,立花町１丁目,20241101,8,その他,駐車（輪）場,40歳代,その他,施錠せず
窃盗,自転車盗,尼崎北,立花駅前,282022,兵庫県,尼崎市,立花町１丁目,20240608,21,駐車（輪）場,駐車（輪）場,20歳代,その他,施錠せず
窃盗,自転車盗,尼崎北,立花駅前,282022,兵庫県,尼崎市,立花町１丁目,20241114,20,その他,駐車（輪）場,20歳代,その他,施錠せず
窃盗,自転車盗,尼崎北,立花駅前,282022,兵庫県,尼崎市,立花町１丁目,20241201,18,駐車（輪）場,駐車（輪）場,30歳代,その他,施錠した
窃盗,自転車盗,尼崎北,立花駅前,282022,兵庫県,尼崎市,立花町１丁目,20241206,16,その他,駐車（輪）場,30歳代,その他,施錠せず
窃盗,自転車盗,尼崎北,立花駅前,282022,兵庫県,尼崎市,立花町２丁目,20240327,20,４階建て以上共同住宅,駐車（輪）場,20歳代,その他,施錠せず
窃盗,自転車盗,尼崎北,立花駅前,282022,兵庫県,尼崎市,立花町２丁目,20240430,11,その他,その他,50歳代,その他,施錠せず
窃盗,自転車盗,尼崎北,立花駅前,282022,兵庫県,尼崎市,立花町２丁目,20240515,11,その他,その他,50歳代,その他,施錠せず
窃盗,自転車盗,尼崎北,立花駅前,282022,兵庫県,尼崎市,立花町２丁目,20240702,17,その他の住宅（３階建て以下共同住宅等）,駐車（輪）場,40歳代,その他,施錠せず
窃盗,自転車盗,尼崎北,立花駅前,282022,兵庫県,尼崎市,立花町２丁目,20240714,6,その他の住宅（３階建て以下共同住宅等）,その他,50歳代,その他,施錠せず
窃盗,自転車盗,尼崎北,立花駅前,282022,兵庫県,尼崎市,立花町２丁目,20240926,22,道路上,その他,10歳代,中学生,施錠せず
窃盗,自転車盗,尼崎北,立花駅前,282022,兵庫県,尼崎市,立花町２丁目,20241223,17,道路上,その他,40歳代,その他,施錠した
窃盗,自転車盗,尼崎北,立花駅前,282022,兵庫県,尼崎市,立花町４丁目,20240305,22,道路上,その他,10歳代,中学生,施錠せず
窃盗,自転車盗,尼崎北,立花駅前,282022,兵庫県,尼崎市,立花町４丁目,20240318,18,道路上,その他,10歳代,小学生,施錠せず
窃盗,自転車盗,尼崎北,立花駅前,282022,兵庫県,尼崎市,立花町４丁目,20240407,17,道路上,その他,40歳代,その他,施錠した
窃盗,自転車盗,尼崎北,立花駅前,282022,兵庫県,尼崎市,立花町４丁目,20240505,7,その他の住宅（３階建て以下共同住宅等）,駐車（輪）場,20歳代,その他,施錠せず
窃盗,自転車盗,尼崎北,立花駅前,282022,兵庫県,尼崎市,立花町４丁目,20240528,5,その他,駐車（輪）場,50歳代,その他,施錠した
窃盗,自転車盗,尼崎北,立花駅前,282022,兵庫県,尼崎市,立花町４丁目,20240611,21,道路上,その他,20歳代,その他,施錠せず
窃盗,自転車盗,尼崎北,立花駅前,282022,兵庫県,尼崎市,立花町４丁目,20240608,19,その他,駐車（輪）場,40歳代,その他,施錠せず
窃盗,自転車盗,尼崎北,立花駅前,282022,兵庫県,尼崎市,立花町４丁目,20240618,7,その他,駐車（輪）場,20歳代,その他,施錠した
窃盗,自転車盗,尼崎北,立花駅前,282022,兵庫県,尼崎市,立花町４丁目,20240708,22,４階建て以上共同住宅,駐車（輪）場,10歳代,中学生,施錠せず
窃盗,自転車盗,尼崎北,立花駅前,282022,兵庫県,尼崎市,立花町４丁目,20240710,13,道路上,その他,40歳代,その他,施錠せず
窃盗,自転車盗,尼崎北,立花駅前,282022,兵庫県,尼崎市,立花町４丁目,20240724,20,その他,その他,40歳代,その他,施錠した
窃盗,自転車盗,尼崎北,立花駅前,282022,兵庫県,尼崎市,立花町４丁目,20240807,17,４階建て以上共同住宅,駐車（輪）場,50歳代,その他,施錠した
窃盗,自転車盗,尼崎北,立花駅前,282022,兵庫県,尼崎市,立花町４丁目,20240913,17,その他,駐車（輪）場,20歳代,その他,施錠せず
窃盗,自転車盗,尼崎北,立花駅前,282022,兵庫県,尼崎市,立花町４丁目,20240926,21,その他,駐車（輪）場,50歳代,その他,施錠せず
窃盗,自転車盗,尼崎北,立花駅前,282022,兵庫県,尼崎市,立花町４丁目,20241112,10,道路上,その他,20歳代,その他,施錠せず
窃盗,自転車盗,尼崎北,立花駅前,282022,兵庫県,尼崎市,立花町４丁目,20241122,6,その他の住宅（３階建て以下共同住宅等）,駐車（輪）場,30歳代,その他,施錠した
窃盗,自転車盗,尼崎北,立花駅前,282022,兵庫県,尼崎市,水堂町１丁目,20240125,17,道路上,その他,70歳以上,その他,施錠せず
窃盗,自転車盗,尼崎北,立花駅前,282022,兵庫県,尼崎市,水堂町１丁目,20240220,14,その他,駐車（輪）場,60-64歳,その他,施錠した
窃盗,自転車盗,尼崎北,立花駅前,282022,兵庫県,尼崎市,水堂町１丁目,20240405,18,道路上,その他,40歳代,その他,施錠せず
窃盗,自転車盗,尼崎北,立花駅前,282022,兵庫県,尼崎市,水堂町１丁目,20240426,15,その他の住宅（３階建て以下共同住宅等）,駐車（輪）場,20歳代,その他,施錠した
窃盗,自転車盗,尼崎北,立花駅前,282022,兵庫県,尼崎市,水堂町１丁目,20240522,16,４階建て以上共同住宅,駐車（輪）場,65-69歳,その他,施錠せず
窃盗,自転車盗,尼崎北,立花駅前,282022,兵庫県,尼崎市,水堂町１丁目,20240714,16,４階建て以上共同住宅,駐車（輪）場,20歳代,その他,施錠せず
窃盗,自転車盗,尼崎北,立花駅前,282022,兵庫県,尼崎市,水堂町１丁目,20240809,9,４階建て以上共同住宅,駐車（輪）場,10歳代,小学生,施錠せず
窃盗,自転車盗,尼崎北,立花駅前,282022,兵庫県,尼崎市,水堂町１丁目,20240905,19,４階建て以上共同住宅,駐車（輪）場,60-64歳,その他,施錠した
窃盗,自転車盗,尼崎北,立花駅前,282022,兵庫県,尼崎市,水堂町１丁目,20241220,17,その他の住宅（３階建て以下共同住宅等）,駐車（輪）場,70歳以上,その他,施錠した
窃盗,自転車盗,尼崎北,立花駅前,282022,兵庫県,尼崎市,水堂町２丁目,20240617,17,一戸建住宅,その他,65-69歳,その他,施錠せず
窃盗,自転車盗,尼崎北,立花駅前,282022,兵庫県,尼崎市,水堂町２丁目,20241102,0,一戸建住宅,駐車（輪）場,20歳代,その他,施錠した
窃盗,自転車盗,尼崎北,立花駅前,282022,兵庫県,尼崎市,水堂町２丁目,20241121,8,４階建て以上共同住宅,駐車（輪）場,10歳未満,小学生,施錠せず
窃盗,自転車盗,尼崎北,立花駅前,282022,兵庫県,尼崎市,水堂町３丁目,20240530,12,一戸建住宅,駐車（輪）場,40歳代,その他,施錠した
窃盗,自転車盗,尼崎北,立花駅前,282022,兵庫県,尼崎市,水堂町３丁目,20240807,19,その他,駐車（輪）場,法人・団体、被害者なし,法人・団体、被害者なし,施錠せず
窃盗,自転車盗,尼崎北,立花駅前,282022,兵庫県,尼崎市,水堂町３丁目,20240816,17,その他,駐車（輪）場,10歳代,大学生,施錠せず
窃盗,自転車盗,尼崎北,立花駅前,282022,兵庫県,尼崎市,水堂町３丁目,20240911,20,その他の住宅（３階建て以下共同住宅等）,その他,20歳代,その他,施錠せず
窃盗,自転車盗,尼崎北,立花駅前,282022,兵庫県,尼崎市,水堂町３丁目,20241125,18,その他,駐車（輪）場,20歳代,その他,施錠せず
窃盗,自転車盗,尼崎北,立花駅前,282022,兵庫県,尼崎市,南武庫之荘２丁目,20241031,23,その他の住宅（３階建て以下共同住宅等）,駐車（輪）場,10歳代,大学生,施錠せず
窃盗,自転車盗,尼崎北,立花駅前,282022,兵庫県,尼崎市,南武庫之荘３丁目,20240213,18,その他,駐車（輪）場,40歳代,その他,施錠せず
窃盗,自転車盗,尼崎北,立花駅前,282022,兵庫県,尼崎市,南武庫之荘３丁目,20240306,17,その他,駐車（輪）場,60-64歳,その他,施錠せず
窃盗,自転車盗,尼崎北,立花駅前,282022,兵庫県,尼崎市,南武庫之荘３丁目,20240316,19,その他,駐車（輪）場,65-69歳,その他,施錠した
窃盗,自転車盗,尼崎北,立花駅前,282022,兵庫県,尼崎市,南武庫之荘３丁目,20240322,15,その他,駐車（輪）場,50歳代,その他,施錠した
窃盗,自転車盗,尼崎北,立花駅前,282022,兵庫県,尼崎市,南武庫之荘３丁目,20240514,13,その他,駐車（輪）場,50歳代,その他,施錠せず
窃盗,自転車盗,尼崎北,立花駅前,282022,兵庫県,尼崎市,南武庫之荘３丁目,20240711,18,４階建て以上共同住宅,駐車（輪）場,30歳代,その他,施錠せず
窃盗,自転車盗,尼崎北,立花駅前,282022,兵庫県,尼崎市,南武庫之荘３丁目,20240909,15,その他,その他,30歳代,その他,施錠せず
窃盗,自転車盗,尼崎北,立花駅前,282022,兵庫県,尼崎市,南武庫之荘３丁目,20240923,18,４階建て以上共同住宅,駐車（輪）場,10歳代,中学生,施錠せず
窃盗,自転車盗,尼崎北,立花駅前,282022,兵庫県,尼崎市,南武庫之荘３丁目,20241115,22,その他の住宅（３階建て以下共同住宅等）,駐車（輪）場,10歳代,高校生,施錠した
窃盗,自転車盗,伊丹,阪急駅前,282073,兵庫県,伊丹市,行基町１丁目,20240111,14,４階建て以上共同住宅,駐車（輪）場,10歳未満,小学生,施錠した
窃盗,自転車盗,伊丹,阪急駅前,282073,兵庫県,伊丹市,行基町１丁目,20240310,15,その他,駐車（輪）場,50歳代,その他,施錠した
窃盗,自転車盗,伊丹,阪急駅前,282073,兵庫県,伊丹市,行基町２丁目,20240513,18,一戸建住宅,駐車（輪）場,10歳代,中学生,施錠した
窃盗,自転車盗,伊丹,阪急駅前,282073,兵庫県,伊丹市,清水１丁目,20240220,22,その他の住宅（３階建て以下共同住宅等）,駐車（輪）場,70歳以上,その他,施錠した
窃盗,自転車盗,伊丹,阪急駅前,282073,兵庫県,伊丹市,千僧５丁目,20240511,6,一戸建住宅,その他,40歳代,その他,施錠せず
窃盗,自転車盗,伊丹,阪急駅前,282073,兵庫県,伊丹市,千僧５丁目,20240523,11,４階建て以上共同住宅,駐車（輪）場,70歳以上,その他,施錠した
窃盗,自転車盗,伊丹,阪急駅前,282073,兵庫県,伊丹市,千僧５丁目,20240605,18,４階建て以上共同住宅,駐車（輪）場,40歳代,その他,施錠した
窃盗,自転車盗,伊丹,阪急駅前,282073,兵庫県,伊丹市,千僧５丁目,20240612,9,４階建て以上共同住宅,駐車（輪）場,50歳代,その他,施錠せず
窃盗,自転車盗,伊丹,阪急駅前,282073,兵庫県,伊丹市,千僧５丁目,20240613,16,４階建て以上共同住宅,駐車（輪）場,30歳代,その他,施錠せず
窃盗,自転車盗,伊丹,阪急駅前,282073,兵庫県,伊丹市,千僧５丁目,20240704,18,４階建て以上共同住宅,駐車（輪）場,70歳以上,その他,施錠した
窃盗,自転車盗,伊丹,阪急駅前,282073,兵庫県,伊丹市,千僧５丁目,20241004,21,４階建て以上共同住宅,駐車（輪）場,10歳代,その他,施錠せず
窃盗,自転車盗,伊丹,阪急駅前,282073,兵庫県,伊丹市,中央１丁目,20240101,17,道路上,その他,40歳代,その他,施錠せず
窃盗,自転車盗,伊丹,阪急駅前,282073,兵庫県,伊丹市,中央１丁目,20240204,20,道路上,その他,20歳代,大学生,施錠せず
窃盗,自転車盗,伊丹,阪急駅前,282073,兵庫県,伊丹市,中央１丁目,20240520,20,その他,駐車（輪）場,30歳代,その他,施錠せず
窃盗,自転車盗,伊丹,阪急駅前,282073,兵庫県,伊丹市,中央１丁目,20240525,9,駐車（輪）場,駐車（輪）場,10歳代,大学生,施錠せず
窃盗,自転車盗,伊丹,阪急駅前,282073,兵庫県,伊丹市,中央１丁目,20240730,22,道路上,その他,20歳代,その他,施錠せず
窃盗,自転車盗,伊丹,阪急駅前,282073,兵庫県,伊丹市,中央１丁目,20240805,19,その他,駐車（輪）場,50歳代,その他,施錠せず
窃盗,自転車盗,伊丹,阪急駅前,282073,兵庫県,伊丹市,中央１丁目,20240815,22,道路上,その他,30歳代,その他,施錠した
窃盗,自転車盗,伊丹,阪急駅前,282073,兵庫県,伊丹市,中央１丁目,20240823,14,その他,駐車（輪）場,20歳代,その他,施錠せず
窃盗,自転車盗,伊丹,阪急駅前,282073,兵庫県,伊丹市,中央１丁目,20240824,9,道路上,その他,20歳代,その他,施錠せず
窃盗,自転車盗,伊丹,阪急駅前,282073,兵庫県,伊丹市,中央１丁目,20240822,22,道路上,その他,40歳代,その他,施錠した
窃盗,自転車盗,伊丹,阪急駅前,282073,兵庫県,伊丹市,中央１丁目,20240823,23,道路上,その他,30歳代,その他,施錠せず
窃盗,自転車盗,伊丹,阪急駅前,282073,兵庫県,伊丹市,中央１丁目,20240914,9,駐車（輪）場,駐車（輪）場,50歳代,その他,施錠した
窃盗,自転車盗,伊丹,阪急駅前,282073,兵庫県,伊丹市,中央１丁目,20240913,19,４階建て以上共同住宅,駐車（輪）場,40歳代,その他,施錠せず
窃盗,自転車盗,伊丹,阪急駅前,282073,兵庫県,伊丹市,中央１丁目,20240922,9,その他,駐車（輪）場,30歳代,その他,施錠せず
窃盗,自転車盗,伊丹,阪急駅前,282073,兵庫県,伊丹市,中央１丁目,20241001,21,４階建て以上共同住宅,駐車（輪）場,50歳代,その他,施錠せず
窃盗,自転車盗,伊丹,阪急駅前,282073,兵庫県,伊丹市,中央１丁目,20241007,19,その他,駐車（輪）場,30歳代,その他,施錠せず
窃盗,自転車盗,伊丹,阪急駅前,282073,兵庫県,伊丹市,中央１丁目,20241020,22,道路上,その他,50歳代,その他,施錠せず
窃盗,自転車盗,伊丹,阪急駅前,282073,兵庫県,伊丹市,中央１丁目,20241024,22,道路上,その他,20歳代,その他,施錠せず
窃盗,自転車盗,伊丹,阪急駅前,282073,兵庫県,伊丹市,中央１丁目,20241210,22,その他,駐車（輪）場,50歳代,その他,施錠せず
窃盗,自転車盗,伊丹,阪急駅前,282073,兵庫県,伊丹市,中央２丁目,20240104,5,その他,駐車（輪）場,60-64歳,その他,施錠せず
窃盗,自転車盗,伊丹,阪急駅前,282073,兵庫県,伊丹市,中央２丁目,20240218,12,駐車（輪）場,駐車（輪）場,20歳代,その他,施錠した
窃盗,自転車盗,伊丹,阪急駅前,282073,兵庫県,伊丹市,中央２丁目,20241121,14,４階建て以上共同住宅,駐車（輪）場,20歳代,大学生,施錠せず
窃盗,自転車盗,伊丹,阪急駅前,282073,兵庫県,伊丹市,中央３丁目,20240316,5,その他,駐車（輪）場,65-69歳,その他,施錠した
窃盗,自転車盗,伊丹,阪急駅前,282073,兵庫県,伊丹市,中央３丁目,20240623,15,その他,駐車（輪）場,50歳代,その他,施錠した
窃盗,自転車盗,伊丹,阪急駅前,282073,兵庫県,伊丹市,中央３丁目,20240909,10,その他,駐車（輪）場,20歳代,大学生,施錠せず
窃盗,自転車盗,伊丹,阪急駅前,282073,兵庫県,伊丹市,中央４丁目,20240117,18,道路上,その他,20歳代,その他,施錠せず
窃盗,自転車盗,伊丹,阪急駅前,282073,兵庫県,伊丹市,中央４丁目,20240219,1,道路上,その他,20歳代,大学生,施錠した
窃盗,自転車盗,伊丹,阪急駅前,282073,兵庫県,伊丹市,中央４丁目,20240605,17,その他,駐車（輪）場,20歳代,その他,施錠せず
窃盗,自転車盗,伊丹,阪急駅前,282073,兵庫県,伊丹市,中央４丁目,20240819,15,その他の住宅（３階建て以下共同住宅等）,駐車（輪）場,50歳代,その他,施錠した
窃盗,自転車盗,伊丹,阪急駅前,282073,兵庫県,伊丹市,中央４丁目,20240826,15,その他,駐車（輪）場,10歳代,高校生,施錠せず
窃盗,自転車盗,伊丹,阪急駅前,282073,兵庫県,伊丹市,中央４丁目,20240501,9,４階建て以上共同住宅,駐車（輪）場,40歳代,その他,施錠せず
窃盗,自転車盗,伊丹,阪急駅前,282073,兵庫県,伊丹市,中央５丁目,20240724,10,その他,駐車（輪）場,30歳代,その他,施錠せず
窃盗,自転車盗,伊丹,阪急駅前,282073,兵庫県,伊丹市,中央５丁目,20240919,11,その他,駐車（輪）場,70歳以上,その他,施錠せず
窃盗,自転車盗,伊丹,阪急駅前,282073,兵庫県,伊丹市,中央６丁目,20240515,21,その他,駐車（輪）場,10歳代,中学生,施錠せず
窃盗,自転車盗,伊丹,阪急駅前,282073,兵庫県,伊丹市,中央６丁目,20240925,8,その他,駐車（輪）場,20歳代,その他,施錠せず
窃盗,自転車盗,伊丹,阪急駅前,282073,兵庫県,伊丹市,西台１丁目,20240104,18,４階建て以上共同住宅,その他,20歳代,大学生,施錠した
窃盗,自転車盗,伊丹,阪急駅前,282073,兵庫県,伊丹市,西台１丁目,20231210,14,道路上,その他,30歳代,その他,施錠せず
窃盗,自転車盗,伊丹,阪急駅前,282073,兵庫県,伊丹市,西台１丁目,20240118,10,駐車（輪）場,駐車（輪）場,30歳代,その他,施錠した
窃盗,自転車盗,伊丹,阪急駅前,282073,兵庫県,伊丹市,西台１丁目,20240120,8,その他,駐車（輪）場,20歳代,その他,施錠せず
窃盗,自転車盗,伊丹,阪急駅前,282073,兵庫県,伊丹市,西台１丁目,20240203,8,その他,駐車（輪）場,10歳代,高校生,施錠した
窃盗,自転車盗,伊丹,阪急駅前,282073,兵庫県,伊丹市,西台１丁目,20240226,10,その他,駐車（輪）場,10歳代,高校生,施錠した
窃盗,自転車盗,伊丹,阪急駅前,282073,兵庫県,伊丹市,西台１丁目,20240601,13,その他,その他,10歳代,中学生,施錠せず
窃盗,自転車盗,伊丹,阪急駅前,282073,兵庫県,伊丹市,西台１丁目,20240618,18,駐車（輪）場,駐車（輪）場,70歳以上,その他,施錠せず
窃盗,自転車盗,伊丹,阪急駅前,282073,兵庫県,伊丹市,西台１丁目,20240703,14,その他,駐車（輪）場,60-64歳,その他,施錠せず
窃盗,自転車盗,伊丹,阪急駅前,282073,兵庫県,伊丹市,西台１丁目,20240708,7,その他,駐車（輪）場,40歳代,その他,施錠せず
窃盗,自転車盗,伊丹,阪急駅前,282073,兵庫県,伊丹市,西台１丁目,20240713,11,４階建て以上共同住宅,駐車（輪）場,10歳代,高校生,施錠せず
窃盗,自転車盗,伊丹,阪急駅前,282073,兵庫県,伊丹市,西台１丁目,20240731,13,駐車（輪）場,駐車（輪）場,10歳代,中学生,施錠せず
窃盗,自転車盗,伊丹,阪急駅前,282073,兵庫県,伊丹市,西台１丁目,20240729,13,その他,駐車（輪）場,60-64歳,その他,施錠した
窃盗,自転車盗,伊丹,阪急駅前,282073,兵庫県,伊丹市,西台１丁目,20240805,10,その他,駐車（輪）場,10歳代,大学生,施錠せず
窃盗,自転車盗,伊丹,阪急駅前,282073,兵庫県,伊丹市,西台１丁目,20240806,14,駐車（輪）場,駐車（輪）場,20歳代,その他,施錠した
窃盗,自転車盗,伊丹,阪急駅前,282073,兵庫県,伊丹市,西台１丁目,20240803,14,駐車（輪）場,駐車（輪）場,40歳代,その他,施錠せず
窃盗,自転車盗,伊丹,阪急駅前,282073,兵庫県,伊丹市,西台１丁目,20240810,13,その他,駐車（輪）場,20歳代,大学生,施錠せず
窃盗,自転車盗,伊丹,阪急駅前,282073,兵庫県,伊丹市,西台１丁目,20240813,20,４階建て以上共同住宅,駐車（輪）場,50歳代,その他,施錠した
窃盗,自転車盗,伊丹,阪急駅前,282073,兵庫県,伊丹市,西台１丁目,20240829,18,４階建て以上共同住宅,その他,20歳代,大学生,施錠せず
窃盗,自転車盗,伊丹,阪急駅前,282073,兵庫県,伊丹市,西台１丁目,20240913,21,駐車（輪）場,駐車（輪）場,10歳代,その他,施錠せず
窃盗,自転車盗,伊丹,阪急駅前,282073,兵庫県,伊丹市,西台１丁目,20241018,23,道路上,その他,30歳代,その他,施錠せず
窃盗,自転車盗,伊丹,阪急駅前,282073,兵庫県,伊丹市,西台１丁目,20241107,21,道路上,その他,10歳代,高校生,施錠せず
窃盗,自転車盗,伊丹,阪急駅前,282073,兵庫県,伊丹市,西台１丁目,20241125,22,道路上,その他,20歳代,その他,施錠した
窃盗,自転車盗,伊丹,阪急駅前,282073,兵庫県,伊丹市,西台１丁目,20241216,16,その他,駐車（輪）場,20歳代,その他,施錠せず
窃盗,自転車盗,伊丹,阪急駅前,282073,兵庫県,伊丹市,西台１丁目,20241218,17,その他,駐車（輪）場,10歳代,高校生,施錠せず
窃盗,自転車盗,伊丹,阪急駅前,282073,兵庫県,伊丹市,西台２丁目,20240224,12,４階建て以上共同住宅,駐車（輪）場,50歳代,その他,施錠した
窃盗,自転車盗,伊丹,阪急駅前,282073,兵庫県,伊丹市,西台２丁目,20240327,22,その他の住宅（３階建て以下共同住宅等）,駐車（輪）場,40歳代,その他,施錠した
窃盗,自転車盗,伊丹,阪急駅前,282073,兵庫県,伊丹市,西台３丁目,20240113,21,道路上,その他,20歳代,その他,施錠せず
窃盗,自転車盗,伊丹,阪急駅前,282073,兵庫県,伊丹市,西台３丁目,20240810,3,道路上,その他,30歳代,その他,施錠した
窃盗,自転車盗,伊丹,阪急駅前,282073,兵庫県,伊丹市,西台３丁目,20240810,2,道路上,その他,10歳代,大学生,施錠せず
窃盗,自転車盗,伊丹,阪急駅前,282073,兵庫県,伊丹市,西台３丁目,20240817,6,道路上,その他,20歳代,その他,施錠せず
窃盗,自転車盗,伊丹,阪急駅前,282073,兵庫県,伊丹市,西台３丁目,20241209,11,その他,駐車（輪）場,30歳代,その他,施錠せず
窃盗,自転車盗,伊丹,阪急駅前,282073,兵庫県,伊丹市,西台４丁目,20241026,21,４階建て以上共同住宅,駐車（輪）場,10歳代,高校生,施錠せず
窃盗,自転車盗,伊丹,阪急駅前,282073,兵庫県,伊丹市,広畑３丁目,20240613,1,道路上,その他,10歳代,高校生,施錠せず
窃盗,自転車盗,伊丹,阪急駅前,282073,兵庫県,伊丹市,宮ノ前１丁目,20240327,14,その他,駐車（輪）場,10歳代,大学生,施錠せず
窃盗,自転車盗,伊丹,阪急駅前,282073,兵庫県,伊丹市,宮ノ前１丁目,20240822,10,その他,その他,50歳代,その他,施錠せず
窃盗,自転車盗,伊丹,阪急駅前,282073,兵庫県,伊丹市,宮ノ前３丁目,20240317,9,４階建て以上共同住宅,駐車（輪）場,10歳代,中学生,施錠せず
窃盗,自転車盗,伊丹,阪急駅前,282073,兵庫県,伊丹市,昆陽東１丁目,20240224,18,その他,駐車（輪）場,10歳代,高校生,施錠せず
窃盗,自転車盗,伊丹,阪急駅前,282073,兵庫県,伊丹市,昆陽東１丁目,20240623,20,その他,駐車（輪）場,30歳代,その他,施錠せず
窃盗,自転車盗,伊丹,阪急駅前,282073,兵庫県,伊丹市,昆陽東１丁目,20240709,1,４階建て以上共同住宅,その他,20歳代,大学生,施錠した
窃盗,自転車盗,伊丹,阪急駅前,282073,兵庫県,伊丹市,昆陽東１丁目,20240708,16,４階建て以上共同住宅,その他,10歳代,高校生,施錠した
窃盗,自転車盗,伊丹,阪急駅前,282073,兵庫県,伊丹市,昆陽東１丁目,20240812,17,その他,駐車（輪）場,40歳代,その他,施錠せず
窃盗,自転車盗,伊丹,阪急駅前,282073,兵庫県,伊丹市,昆陽東２丁目,20240708,22,４階建て以上共同住宅,駐車（輪）場,40歳代,その他,施錠した
窃盗,自転車盗,伊丹,南本町,282073,兵庫県,伊丹市,伊丹４丁目,20240805,21,４階建て以上共同住宅,駐車（輪）場,10歳代,高校生,施錠せず
窃盗,自転車盗,伊丹,南本町,282073,兵庫県,伊丹市,伊丹５丁目,20241025,18,その他,その他,10歳代,中学生,施錠せず
窃盗,自転車盗,伊丹,南本町,282073,兵庫県,伊丹市,伊丹５丁目,20241220,21,道路上,その他,10歳代,大学生,施錠した
窃盗,自転車盗,伊丹,南本町,282073,兵庫県,伊丹市,平松２丁目,20240908,14,４階建て以上共同住宅,駐車（輪）場,50歳代,その他,施錠した
窃盗,自転車盗,伊丹,南本町,282073,兵庫県,伊丹市,平松４丁目,20240907,17,４階建て以上共同住宅,駐車（輪）場,20歳代,その他,施錠せず
窃盗,自転車盗,伊丹,南本町,282073,兵庫県,伊丹市,平松５丁目,20240916,8,その他,その他,10歳代,高校生,施錠せず
窃盗,自転車盗,伊丹,南本町,282073,兵庫県,伊丹市,平松７丁目,20240220,7,４階建て以上共同住宅,駐車（輪）場,10歳代,高校生,施錠せず
窃盗,自転車盗,伊丹,南本町,282073,兵庫県,伊丹市,平松７丁目,20240530,23,４階建て以上共同住宅,駐車（輪）場,10歳代,大学生,施錠した
窃盗,自転車盗,伊丹,南本町,282073,兵庫県,伊丹市,平松７丁目,20240816,19,４階建て以上共同住宅,駐車（輪）場,10歳代,高校生,施錠せず
窃盗,自転車盗,伊丹,南本町,282073,兵庫県,伊丹市,平松７丁目,20240809,8,４階建て以上共同住宅,駐車（輪）場,10歳代,高校生,施錠した
窃盗,自転車盗,伊丹,南本町,282073,兵庫県,伊丹市,南町１丁目,20241105,8,４階建て以上共同住宅,駐車（輪）場,20歳代,大学生,施錠した
窃盗,自転車盗,伊丹,南本町,282073,兵庫県,伊丹市,南町２丁目,20240209,13,４階建て以上共同住宅,駐車（輪）場,40歳代,その他,施錠せず
窃盗,自転車盗,伊丹,南本町,282073,兵庫県,伊丹市,南町２丁目,20240530,21,４階建て以上共同住宅,駐車（輪）場,10歳代,中学生,施錠せず
窃盗,自転車盗,伊丹,南本町,282073,兵庫県,伊丹市,南町２丁目,20240812,22,４階建て以上共同住宅,駐車（輪）場,10歳代,大学生,施錠した
窃盗,自転車盗,伊丹,南本町,282073,兵庫県,伊丹市,南町２丁目,20240911,18,４階建て以上共同住宅,駐車（輪）場,10歳代,中学生,施錠せず
窃盗,自転車盗,伊丹,南本町,282073,兵庫県,伊丹市,南町２丁目,20241111,16,一戸建住宅,駐車（輪）場,10歳代,高校生,施錠した
窃盗,自転車盗,伊丹,南本町,282073,兵庫県,伊丹市,南町３丁目,20240211,14,４階建て以上共同住宅,駐車（輪）場,10歳代,中学生,施錠せず
窃盗,自転車盗,伊丹,南本町,282073,兵庫県,伊丹市,南町３丁目,20241102,21,４階建て以上共同住宅,駐車（輪）場,10歳代,中学生,施錠した
窃盗,自転車盗,伊丹,南本町,282073,兵庫県,伊丹市,南町３丁目,20241019,9,４階建て以上共同住宅,駐車（輪）場,30歳代,その他,施錠せず
窃盗,自転車盗,伊丹,南本町,282073,兵庫県,伊丹市,南町３丁目,20241124,16,４階建て以上共同住宅,駐車（輪）場,10歳代,小学生,施錠せず
窃盗,自転車盗,伊丹,南本町,282073,兵庫県,伊丹市,南町３丁目,20241203,16,４階建て以上共同住宅,駐車（輪）場,10歳代,高校生,施錠した
窃盗,自転車盗,伊丹,南本町,282073,兵庫県,伊丹市,南本町７丁目,20240325,21,４階建て以上共同住宅,駐車（輪）場,20歳代,その他,施錠せず
窃盗,自転車盗,伊丹,新伊丹,282073,兵庫県,伊丹市,梅ノ木２丁目,20240508,15,その他の住宅（３階建て以下共同住宅等）,駐車（輪）場,30歳代,その他,施錠せず
窃盗,自転車盗,伊丹,新伊丹,282073,兵庫県,伊丹市,北本町１丁目,20241218,8,駐車（輪）場,駐車（輪）場,40歳代,その他,施錠せず
窃盗,自転車盗,伊丹,新伊丹,282073,兵庫県,伊丹市,行基町３丁目,20240217,18,その他の住宅（３階建て以下共同住宅等）,駐車（輪）場,30歳代,その他,施錠した
窃盗,自転車盗,伊丹,新伊丹,282073,兵庫県,伊丹市,行基町３丁目,20240522,19,一戸建住宅,駐車（輪）場,65-69歳,その他,施錠せず
窃盗,自転車盗,伊丹,新伊丹,282073,兵庫県,伊丹市,御願塚６丁目,20241213,23,一戸建住宅,駐車（輪）場,70歳以上,その他,施錠した
窃盗,自転車盗,伊丹,新伊丹,282073,兵庫県,伊丹市,鈴原町４丁目,20240215,17,その他の住宅（３階建て以下共同住宅等）,駐車（輪）場,30歳代,その他,施錠せず
窃盗,自転車盗,伊丹,新伊丹,282073,兵庫県,伊丹市,鈴原町５丁目,20241202,21,一戸建住宅,その他,50歳代,その他,施錠した
窃盗,自転車盗,伊丹,新伊丹,282073,兵庫県,伊丹市,西台５丁目,20240801,0,その他の住宅（３階建て以下共同住宅等）,駐車（輪）場,20歳代,その他,施錠した
窃盗,自転車盗,伊丹,稲野,282073,兵庫県,伊丹市,安堂寺町２丁目,20240222,21,一戸建住宅,その他,10歳代,中学生,施錠せず
窃盗,自転車盗,伊丹,稲野,282073,兵庫県,伊丹市,稲野町２丁目,20241224,16,その他,駐車（輪）場,65-69歳,その他,施錠した
窃盗,自転車盗,伊丹,稲野,282073,兵庫県,伊丹市,稲野町６丁目,20241012,18,一戸建住宅,その他,10歳未満,小学生,施錠せず
窃盗,自転車盗,伊丹,稲野,282073,兵庫県,伊丹市,稲野町７丁目,20231227,18,その他の住宅（３階建て以下共同住宅等）,駐車（輪）場,30歳代,その他,施錠した
窃盗,自転車盗,伊丹,稲野,282073,兵庫県,伊丹市,柏木町３丁目,20240702,12,その他の住宅（３階建て以下共同住宅等）,駐車（輪）場,20歳代,大学生,施錠せず
窃盗,自転車盗,伊丹,稲野,282073,兵庫県,伊丹市,御願塚４丁目,20240820,13,その他の住宅（３階建て以下共同住宅等）,その他,50歳代,その他,施錠した
窃盗,自転車盗,伊丹,稲野,282073,兵庫県,伊丹市,御願塚５丁目,20240315,20,その他の住宅（３階建て以下共同住宅等）,駐車（輪）場,20歳代,大学生,施錠せず
窃盗,自転車盗,伊丹,稲野,282073,兵庫県,伊丹市,若菱町３丁目,20240827,8,４階建て以上共同住宅,駐車（輪）場,40歳代,その他,施錠した
窃盗,自転車盗,伊丹,野間,282073,兵庫県,伊丹市,安堂寺町６丁目,20240302,14,４階建て以上共同住宅,駐車（輪）場,20歳代,その他,施錠した
窃盗,自転車盗,伊丹,野間,282073,兵庫県,伊丹市,車塚１丁目,20240322,12,道路上,その他,70歳以上,その他,施錠せず
窃盗,自転車盗,伊丹,野間,282073,兵庫県,伊丹市,車塚１丁目,20241115,8,その他,駐車（輪）場,70歳以上,その他,施錠せず
窃盗,自転車盗,伊丹,野間,282073,兵庫県,伊丹市,鈴原町９丁目,20240816,13,一戸建住宅,駐車（輪）場,70歳以上,その他,施錠した
窃盗,自転車盗,伊丹,野間,282073,兵庫県,伊丹市,野間１丁目,20241001,13,その他,駐車（輪）場,70歳以上,その他,施錠せず
窃盗,自転車盗,伊丹,野間,282073,兵庫県,伊丹市,野間８丁目,20240109,8,一戸建住宅,その他,10歳代,大学生,施錠した
窃盗,自転車盗,伊丹,野間,282073,兵庫県,伊丹市,堀池２丁目,20230701,12,４階建て以上共同住宅,駐車（輪）場,10歳代,中学生,施錠せず
窃盗,自転車盗,伊丹,野間,282073,兵庫県,伊丹市,南野２丁目,20240727,9,その他,駐車（輪）場,10歳代,高校生,施錠せず
窃盗,自転車盗,伊丹,野間,282073,兵庫県,伊丹市,南野４丁目,20240526,21,その他の住宅（３階建て以下共同住宅等）,駐車（輪）場,20歳代,その他,施錠した
窃盗,自転車盗,伊丹,野間,282073,兵庫県,伊丹市,南野５丁目,20240720,21,道路上,その他,10歳代,中学生,施錠せず
窃盗,自転車盗,伊丹,野間,282073,兵庫県,伊丹市,南鈴原１丁目,20240920,18,４階建て以上共同住宅,駐車（輪）場,30歳代,その他,施錠した
窃盗,自転車盗,伊丹,野間,282073,兵庫県,伊丹市,南鈴原３丁目,20240107,17,一戸建住宅,その他,10歳代,小学生,施錠せず
窃盗,自転車盗,伊丹,野間,282073,兵庫県,伊丹市,南鈴原４丁目,20240528,18,４階建て以上共同住宅,駐車（輪）場,10歳代,小学生,施錠せず
窃盗,自転車盗,伊丹,野間,282073,兵庫県,伊丹市,南鈴原４丁目,20241116,0,その他,駐車（輪）場,10歳代,大学生,施錠せず
窃盗,自転車盗,伊丹,野間,282073,兵庫県,伊丹市,野間北４丁目,20220301,0,４階建て以上共同住宅,駐車（輪）場,20歳代,その他,施錠した
窃盗,自転車盗,伊丹,野間,282073,兵庫県,伊丹市,野間北５丁目,20240708,18,その他の住宅（３階建て以下共同住宅等）,駐車（輪）場,60-64歳,その他,施錠した
窃盗,自転車盗,伊丹,伊丹駅前,282073,兵庫県,伊丹市,藤ノ木１丁目,20241019,20,その他,駐車（輪）場,20歳代,その他,施錠せず
窃盗,自転車盗,伊丹,伊丹駅前,282073,兵庫県,伊丹市,伊丹１丁目,20240115,18,駐車（輪）場,駐車（輪）場,30歳代,その他,施錠した
窃盗,自転車盗,伊丹,伊丹駅前,282073,兵庫県,伊丹市,伊丹１丁目,20240203,17,その他,駐車（輪）場,30歳代,その他,施錠せず
窃盗,自転車盗,伊丹,伊丹駅前,282073,兵庫県,伊丹市,伊丹１丁目,20240203,18,その他,その他,20歳代,その他,施錠した
窃盗,自転車盗,伊丹,伊丹駅前,282073,兵庫県,伊丹市,伊丹１丁目,20240301,17,その他,駐車（輪）場,20歳代,その他,施錠せず
窃盗,自転車盗,伊丹,伊丹駅前,282073,兵庫県,伊丹市,伊丹１丁目,20240316,16,駐車（輪）場,駐車（輪）場,30歳代,その他,施錠せず
窃盗,自転車盗,伊丹,伊丹駅前,282073,兵庫県,伊丹市,伊丹１丁目,20240424,7,駐車（輪）場,駐車（輪）場,20歳代,大学生,施錠せず
窃盗,自転車盗,伊丹,伊丹駅前,282073,兵庫県,伊丹市,伊丹１丁目,20240428,10,駐車（輪）場,駐車（輪）場,20歳代,その他,施錠せず
窃盗,自転車盗,伊丹,伊丹駅前,282073,兵庫県,伊丹市,伊丹１丁目,20240502,13,駐車（輪）場,駐車（輪）場,10歳代,大学生,施錠した
窃盗,自転車盗,伊丹,伊丹駅前,282073,兵庫県,伊丹市,伊丹１丁目,20240510,18,その他,駐車（輪）場,20歳代,その他,施錠した
窃盗,自転車盗,伊丹,伊丹駅前,282073,兵庫県,伊丹市,伊丹１丁目,20240513,20,道路上,その他,10歳代,中学生,施錠せず
窃盗,自転車盗,伊丹,伊丹駅前,282073,兵庫県,伊丹市,伊丹１丁目,20240104,11,道路上,その他,20歳代,大学生,施錠せず
窃盗,自転車盗,伊丹,伊丹駅前,282073,兵庫県,伊丹市,伊丹１丁目,20240620,20,その他,駐車（輪）場,10歳代,高校生,施錠せず
窃盗,自転車盗,伊丹,伊丹駅前,282073,兵庫県,伊丹市,伊丹１丁目,20240621,22,駐車（輪）場,駐車（輪）場,30歳代,その他,施錠せず
窃盗,自転車盗,伊丹,伊丹駅前,282073,兵庫県,伊丹市,伊丹１丁目,20240625,8,駐車（輪）場,駐車（輪）場,20歳代,大学生,施錠せず
窃盗,自転車盗,伊丹,伊丹駅前,282073,兵庫県,伊丹市,伊丹１丁目,20240806,13,その他,駐車（輪）場,20歳代,大学生,施錠せず
窃盗,自転車盗,伊丹,伊丹駅前,282073,兵庫県,伊丹市,伊丹１丁目,20240806,20,その他,駐車（輪）場,20歳代,大学生,施錠せず
窃盗,自転車盗,伊丹,伊丹駅前,282073,兵庫県,伊丹市,伊丹１丁目,20240908,11,その他,駐車（輪）場,20歳代,その他,施錠せず
窃盗,自転車盗,伊丹,伊丹駅前,282073,兵庫県,伊丹市,伊丹１丁目,20240928,15,その他,その他,10歳代,中学生,施錠せず
窃盗,自転車盗,伊丹,伊丹駅前,282073,兵庫県,伊丹市,伊丹１丁目,20240926,10,その他,駐車（輪）場,20歳代,その他,施錠せず
窃盗,自転車盗,伊丹,伊丹駅前,282073,兵庫県,伊丹市,伊丹１丁目,20241006,12,その他,駐車（輪）場,50歳代,その他,施錠した
窃盗,自転車盗,伊丹,伊丹駅前,282073,兵庫県,伊丹市,伊丹１丁目,20241013,7,その他,駐車（輪）場,30歳代,その他,施錠せず
窃盗,自転車盗,伊丹,伊丹駅前,282073,兵庫県,伊丹市,伊丹１丁目,20241023,22,４階建て以上共同住宅,駐車（輪）場,20歳代,その他,施錠せず
窃盗,自転車盗,伊丹,伊丹駅前,282073,兵庫県,伊丹市,伊丹１丁目,20241105,5,駐車（輪）場,駐車（輪）場,50歳代,その他,施錠した
窃盗,自転車盗,伊丹,伊丹駅前,282073,兵庫県,伊丹市,伊丹１丁目,20241224,6,その他,駐車（輪）場,30歳代,その他,施錠せず
窃盗,自転車盗,伊丹,伊丹駅前,282073,兵庫県,伊丹市,伊丹２丁目,20240117,7,道路上,その他,20歳代,その他,施錠せず
窃盗,自転車盗,伊丹,伊丹駅前,282073,兵庫県,伊丹市,伊丹２丁目,20240810,17,その他,駐車（輪）場,10歳代,大学生,施錠せず
窃盗,自転車盗,伊丹,伊丹駅前,282073,兵庫県,伊丹市,伊丹３丁目,20240919,20,４階建て以上共同住宅,駐車（輪）場,10歳代,大学生,施錠せず
窃盗,自転車盗,伊丹,伊丹駅前,282073,兵庫県,伊丹市,伊丹３丁目,20241031,17,４階建て以上共同住宅,駐車（輪）場,40歳代,その他,施錠した
窃盗,自転車盗,伊丹,伊丹駅前,282073,兵庫県,伊丹市,北本町１丁目,20240914,13,その他,その他,10歳代,小学生,施錠せず
窃盗,自転車盗,伊丹,伊丹駅前,282073,兵庫県,伊丹市,東有岡１丁目,20240414,21,４階建て以上共同住宅,駐車（輪）場,10歳代,中学生,施錠した
窃盗,自転車盗,伊丹,伊丹駅前,282073,兵庫県,伊丹市,東有岡１丁目,20240524,20,４階建て以上共同住宅,駐車（輪）場,10歳代,中学生,施錠した
窃盗,自転車盗,伊丹,伊丹駅前,282073,兵庫県,伊丹市,東有岡１丁目,20240618,12,駐車（輪）場,駐車（輪）場,10歳代,大学生,施錠した
窃盗,自転車盗,伊丹,伊丹駅前,282073,兵庫県,伊丹市,東有岡１丁目,20240913,17,駐車（輪）場,駐車（輪）場,20歳代,その他,施錠せず
窃盗,自転車盗,伊丹,伊丹駅前,282073,兵庫県,伊丹市,東有岡１丁目,20241220,20,駐車（輪）場,駐車（輪）場,30歳代,その他,施錠した
窃盗,自転車盗,伊丹,伊丹駅前,282073,兵庫県,伊丹市,東有岡３丁目,20240305,19,４階建て以上共同住宅,駐車（輪）場,20歳代,その他,施錠せず
窃盗,自転車盗,伊丹,伊丹駅前,282073,兵庫県,伊丹市,東有岡３丁目,20240824,21,道路上,その他,30歳代,その他,施錠した
窃盗,自転車盗,伊丹,伊丹駅前,282073,兵庫県,伊丹市,藤ノ木１丁目,20240119,7,その他,駐車（輪）場,20歳代,その他,施錠した
窃盗,自転車盗,伊丹,伊丹駅前,282073,兵庫県,伊丹市,藤ノ木１丁目,20240226,14,その他,駐車（輪）場,70歳以上,その他,施錠した
窃盗,自転車盗,伊丹,伊丹駅前,282073,兵庫県,伊丹市,藤ノ木１丁目,20241007,17,その他,駐車（輪）場,10歳代,高校生,施錠せず
窃盗,自転車盗,伊丹,伊丹駅前,282073,兵庫県,伊丹市,藤ノ木１丁目,20241011,18,その他,駐車（輪）場,10歳代,中学生,施錠せず
窃盗,自転車盗,伊丹,伊丹駅前,282073,兵庫県,伊丹市,藤ノ木１丁目,20241217,8,その他,駐車（輪）場,50歳代,その他,施錠せず
窃盗,自転車盗,伊丹,神津,282073,兵庫県,伊丹市,森本１丁目,20240322,18,４階建て以上共同住宅,駐車（輪）場,40歳代,その他,施錠せず
窃盗,自転車盗,伊丹,神津,282073,兵庫県,伊丹市,森本２丁目,20240628,23,４階建て以上共同住宅,駐車（輪）場,65-69歳,その他,施錠せず
窃盗,自転車盗,伊丹,神津,282073,兵庫県,伊丹市,森本３丁目,20240831,19,その他の住宅（３階建て以下共同住宅等）,駐車（輪）場,20歳代,その他,施錠した
窃盗,自転車盗,伊丹,神津,282073,兵庫県,伊丹市,森本３丁目,20241208,19,一戸建住宅,駐車（輪）場,50歳代,その他,施錠せず
窃盗,自転車盗,伊丹,神津,282073,兵庫県,伊丹市,森本６丁目,20240320,11,道路上,その他,70歳以上,その他,施錠せず
窃盗,自転車盗,伊丹,神津,282073,兵庫県,伊丹市,森本７丁目,20240723,19,その他の住宅（３階建て以下共同住宅等）,駐車（輪）場,30歳代,その他,施錠した
窃盗,自転車盗,伊丹,神津,282073,兵庫県,伊丹市,桑津２丁目,20240202,14,その他,駐車（輪）場,40歳代,その他,施錠した
窃盗,自転車盗,伊丹,神津,282073,兵庫県,伊丹市,桑津３丁目,20240406,20,その他の住宅（３階建て以下共同住宅等）,駐車（輪）場,20歳代,その他,施錠した
窃盗,自転車盗,伊丹,北村,282073,兵庫県,伊丹市,北伊丹３丁目,20240129,19,その他の住宅（３階建て以下共同住宅等）,駐車（輪）場,10歳代,小学生,施錠せず
窃盗,自転車盗,伊丹,北村,282073,兵庫県,伊丹市,北伊丹８丁目,20240501,16,道路上,その他,10歳代,高校生,施錠せず
窃盗,自転車盗,伊丹,北村,282073,兵庫県,伊丹市,北河原１丁目,20240422,18,駐車（輪）場,駐車（輪）場,10歳代,高校生,施錠した
窃盗,自転車盗,伊丹,北村,282073,兵庫県,伊丹市,北本町２丁目,20240116,22,その他,駐車（輪）場,70歳以上,その他,施錠せず
窃盗,自転車盗,伊丹,北村,282073,兵庫県,伊丹市,北本町２丁目,20240216,5,４階建て以上共同住宅,駐車（輪）場,30歳代,その他,施錠した
窃盗,自転車盗,伊丹,北村,282073,兵庫県,伊丹市,北本町２丁目,20240305,19,その他の住宅（３階建て以下共同住宅等）,駐車（輪）場,65-69歳,その他,施錠せず
窃盗,自転車盗,伊丹,緑ヶ丘,282073,兵庫県,伊丹市,伊丹１丁目,20241105,9,４階建て以上共同住宅,駐車（輪）場,70歳以上,その他,施錠せず
窃盗,自転車盗,伊丹,緑ヶ丘,282073,兵庫県,伊丹市,大鹿１丁目,20240406,0,一戸建住宅,駐車（輪）場,40歳代,その他,施錠せず
窃盗,自転車盗,伊丹,緑ヶ丘,282073,兵庫県,伊丹市,大鹿１丁目,20240703,19,４階建て以上共同住宅,駐車（輪）場,40歳代,その他,施錠した
窃盗,自転車盗,伊丹,緑ヶ丘,282073,兵庫県,伊丹市,大鹿１丁目,20240714,10,一戸建住宅,駐車（輪）場,20歳代,その他,施錠せず
窃盗,自転車盗,伊丹,緑ヶ丘,282073,兵庫県,伊丹市,大鹿４丁目,20240721,20,その他の住宅（３階建て以下共同住宅等）,駐車（輪）場,20歳代,その他,施錠せず
窃盗,自転車盗,伊丹,緑ヶ丘,282073,兵庫県,伊丹市,大鹿５丁目,20241011,17,４階建て以上共同住宅,駐車（輪）場,20歳代,その他,施錠せず
窃盗,自転車盗,伊丹,緑ヶ丘,282073,兵庫県,伊丹市,大鹿７丁目,20240911,13,その他,駐車（輪）場,10歳代,大学生,施錠せず
窃盗,自転車盗,伊丹,緑ヶ丘,282073,兵庫県,伊丹市,大鹿７丁目,20240913,23,その他,駐車（輪）場,10歳代,その他,施錠せず
窃盗,自転車盗,伊丹,緑ヶ丘,282073,兵庫県,伊丹市,桜ケ丘５丁目,20240815,19,その他の住宅（３階建て以下共同住宅等）,駐車（輪）場,10歳代,高校生,施錠せず
窃盗,自転車盗,伊丹,緑ヶ丘,282073,兵庫県,伊丹市,高台１丁目,20241024,23,一戸建住宅,その他,50歳代,その他,施錠せず
窃盗,自転車盗,伊丹,緑ヶ丘,282073,兵庫県,伊丹市,瑞ケ丘１丁目,20241005,13,その他の住宅（３階建て以下共同住宅等）,駐車（輪）場,10歳代,高校生,施錠せず
窃盗,自転車盗,伊丹,緑ヶ丘,282073,兵庫県,伊丹市,瑞ケ丘１丁目,20241024,10,その他,その他,50歳代,その他,施錠した
窃盗,自転車盗,伊丹,緑ヶ丘,282073,兵庫県,伊丹市,瑞ケ丘４丁目,20241016,20,４階建て以上共同住宅,駐車（輪）場,20歳代,その他,施錠せず
窃盗,自転車盗,伊丹,緑ヶ丘,282073,兵庫県,伊丹市,瑞ケ丘４丁目,20241101,17,その他の住宅（３階建て以下共同住宅等）,駐車（輪）場,30歳代,その他,施錠せず
窃盗,自転車盗,伊丹,緑ヶ丘,282073,兵庫県,伊丹市,瑞ケ丘５丁目,20240818,6,その他,その他,10歳代,中学生,施錠せず
窃盗,自転車盗,伊丹,緑ヶ丘,282073,兵庫県,伊丹市,瑞原１丁目,20241016,20,その他の住宅（３階建て以下共同住宅等）,駐車（輪）場,20歳代,大学生,施錠せず
窃盗,自転車盗,伊丹,緑ヶ丘,282073,兵庫県,伊丹市,瑞穂町１丁目,20240210,11,４階建て以上共同住宅,駐車（輪）場,10歳代,中学生,施錠せず
窃盗,自転車盗,伊丹,緑ヶ丘,282073,兵庫県,伊丹市,瑞穂町１丁目,20240517,17,その他,駐車（輪）場,50歳代,その他,施錠した
窃盗,自転車盗,伊丹,緑ヶ丘,282073,兵庫県,伊丹市,瑞穂町３丁目,20240521,23,その他,駐車（輪）場,20歳代,その他,施錠せず
窃盗,自転車盗,伊丹,緑ヶ丘,282073,兵庫県,伊丹市,瑞穂町３丁目,20240723,20,その他の住宅（３階建て以下共同住宅等）,駐車（輪）場,10歳代,中学生,施錠せず
窃盗,自転車盗,伊丹,緑ヶ丘,282073,兵庫県,伊丹市,瑞穂町３丁目,20241206,17,４階建て以上共同住宅,駐車（輪）場,10歳代,小学生,施錠せず
窃盗,自転車盗,伊丹,緑ヶ丘,282073,兵庫県,伊丹市,瑞穂町５丁目,20231224,22,その他の住宅（３階建て以下共同住宅等）,駐車（輪）場,30歳代,その他,施錠した
窃盗,自転車盗,伊丹,緑ヶ丘,282073,兵庫県,伊丹市,瑞穂町６丁目,20240913,6,一戸建住宅,駐車（輪）場,10歳代,中学生,施錠せず
窃盗,自転車盗,伊丹,緑ヶ丘,282073,兵庫県,伊丹市,瑞穂町６丁目,20241028,23,４階建て以上共同住宅,駐車（輪）場,20歳代,その他,施錠せず
窃盗,自転車盗,伊丹,緑ヶ丘,282073,兵庫県,伊丹市,緑ケ丘１丁目,20231224,2,道路上,その他,20歳代,その他,施錠せず
窃盗,自転車盗,伊丹,緑ヶ丘,282073,兵庫県,伊丹市,緑ケ丘１丁目,20240806,7,その他,駐車（輪）場,20歳代,大学生,施錠せず
窃盗,自転車盗,伊丹,緑ヶ丘,282073,兵庫県,伊丹市,緑ケ丘１丁目,20241012,16,その他,駐車（輪）場,10歳代,高校生,施錠せず
窃盗,自転車盗,伊丹,緑ヶ丘,282073,兵庫県,伊丹市,緑ケ丘１丁目,20241014,12,その他,駐車（輪）場,10歳代,中学生,施錠せず
窃盗,自転車盗,伊丹,緑ヶ丘,282073,兵庫県,伊丹市,緑ケ丘１丁目,20241120,17,その他の住宅（３階建て以下共同住宅等）,駐車（輪）場,10歳代,中学生,施錠せず
窃盗,自転車盗,伊丹,緑ヶ丘,282073,兵庫県,伊丹市,緑ケ丘２丁目,20240705,13,その他の住宅（３階建て以下共同住宅等）,駐車（輪）場,10歳代,中学生,施錠せず
窃盗,自転車盗,伊丹,緑ヶ丘,282073,兵庫県,伊丹市,緑ケ丘３丁目,20240416,4,一戸建住宅,その他,30歳代,その他,施錠せず
窃盗,自転車盗,伊丹,緑ヶ丘,282073,兵庫県,伊丹市,緑ケ丘３丁目,20240920,20,一戸建住宅,駐車（輪）場,10歳代,高校生,施錠せず
窃盗,自転車盗,伊丹,緑ヶ丘,282073,兵庫県,伊丹市,緑ケ丘４丁目,20240405,21,一戸建住宅,その他,20歳代,その他,施錠せず
窃盗,自転車盗,伊丹,緑ヶ丘,282073,兵庫県,伊丹市,緑ケ丘５丁目,20240608,11,その他の住宅（３階建て以下共同住宅等）,その他,50歳代,その他,施錠した
窃盗,自転車盗,伊丹,緑ヶ丘,282073,兵庫県,伊丹市,緑ケ丘５丁目,20241112,21,その他の住宅（３階建て以下共同住宅等）,駐車（輪）場,40歳代,その他,施錠した
窃盗,自転車盗,伊丹,緑ヶ丘,282073,兵庫県,伊丹市,緑ケ丘７丁目,20240709,8,４階建て以上共同住宅,駐車（輪）場,40歳代,その他,施錠せず
窃盗,自転車盗,伊丹,緑ヶ丘,282073,兵庫県,伊丹市,南鈴原１丁目,20241030,12,一戸建住宅,駐車（輪）場,70歳以上,その他,施錠した
窃盗,自転車盗,伊丹,昆陽,282073,兵庫県,伊丹市,昆陽３丁目,20240112,17,その他,駐車（輪）場,10歳代,中学生,施錠せず
窃盗,自転車盗,伊丹,昆陽,282073,兵庫県,伊丹市,昆陽５丁目,20241025,1,その他,駐車（輪）場,30歳代,その他,施錠せず
窃盗,自転車盗,伊丹,昆陽,282073,兵庫県,伊丹市,昆陽６丁目,20240310,23,一戸建住宅,駐車（輪）場,10歳代,大学生,施錠せず
窃盗,自転車盗,伊丹,昆陽,282073,兵庫県,伊丹市,昆陽７丁目,20240108,21,その他,駐車（輪）場,10歳代,高校生,施錠せず
窃盗,自転車盗,伊丹,昆陽,282073,兵庫県,伊丹市,昆陽７丁目,20240220,16,その他,駐車（輪）場,10歳代,高校生,施錠した
窃盗,自転車盗,伊丹,昆陽,282073,兵庫県,伊丹市,昆陽７丁目,20240415,18,その他,駐車（輪）場,10歳代,大学生,施錠せず
窃盗,自転車盗,伊丹,昆陽,282073,兵庫県,伊丹市,昆陽７丁目,20240502,14,その他,駐車（輪）場,10歳代,高校生,施錠せず
窃盗,自転車盗,伊丹,昆陽,282073,兵庫県,伊丹市,昆陽７丁目,20240507,17,その他,駐車（輪）場,10歳代,高校生,施錠せず
窃盗,自転車盗,伊丹,昆陽,282073,兵庫県,伊丹市,昆陽７丁目,20240611,14,その他,駐車（輪）場,10歳代,高校生,施錠せず
窃盗,自転車盗,伊丹,昆陽,282073,兵庫県,伊丹市,昆陽７丁目,20240709,2,その他,駐車（輪）場,10歳代,大学生,施錠せず
窃盗,自転車盗,伊丹,昆陽,282073,兵庫県,伊丹市,昆陽７丁目,20240714,0,その他,駐車（輪）場,10歳代,その他,施錠せず
窃盗,自転車盗,伊丹,昆陽,282073,兵庫県,伊丹市,昆陽７丁目,20240922,12,その他,駐車（輪）場,10歳代,中学生,施錠せず
窃盗,自転車盗,伊丹,昆陽,282073,兵庫県,伊丹市,昆陽７丁目,20241220,23,その他,駐車（輪）場,20歳代,その他,施錠せず
窃盗,自転車盗,伊丹,昆陽,282073,兵庫県,伊丹市,昆陽池２丁目,20241208,10,その他,駐車（輪）場,30歳代,その他,施錠せず
窃盗,自転車盗,伊丹,昆陽,282073,兵庫県,伊丹市,昆陽池３丁目,20241125,9,その他,駐車（輪）場,70歳以上,その他,施錠した
窃盗,自転車盗,伊丹,昆陽,282073,兵庫県,伊丹市,昆陽北２丁目,20241020,11,一戸建住宅,駐車（輪）場,70歳以上,その他,施錠せず
窃盗,自転車盗,伊丹,昆陽,282073,兵庫県,伊丹市,千僧１丁目,20240124,9,その他,駐車（輪）場,70歳以上,その他,施錠した
窃盗,自転車盗,伊丹,昆陽,282073,兵庫県,伊丹市,千僧１丁目,20241218,14,その他,駐車（輪）場,50歳代,その他,施錠した
窃盗,自転車盗,伊丹,昆陽,282073,兵庫県,伊丹市,千僧３丁目,20240818,8,４階建て以上共同住宅,駐車（輪）場,30歳代,その他,施錠せず
窃盗,自転車盗,伊丹,昆陽,282073,兵庫県,伊丹市,千僧６丁目,20240611,6,その他,駐車（輪）場,40歳代,その他,施錠した
窃盗,自転車盗,伊丹,昆陽,282073,兵庫県,伊丹市,広畑２丁目,20241009,18,４階建て以上共同住宅,駐車（輪）場,10歳代,中学生,施錠せず
窃盗,自転車盗,伊丹,昆陽,282073,兵庫県,伊丹市,松ケ丘１丁目,20240421,9,駐車（輪）場,駐車（輪）場,10歳代,その他,施錠した
窃盗,自転車盗,伊丹,昆陽,282073,兵庫県,伊丹市,松ケ丘４丁目,20240601,18,一戸建住宅,その他,40歳代,その他,施錠せず
窃盗,自転車盗,伊丹,昆陽,282073,兵庫県,伊丹市,昆陽東５丁目,20240717,18,４階建て以上共同住宅,駐車（輪）場,10歳代,中学生,施錠せず
窃盗,自転車盗,伊丹,昆陽,282073,兵庫県,伊丹市,昆陽東５丁目,20240825,16,その他,駐車（輪）場,10歳代,大学生,施錠した
窃盗,自転車盗,伊丹,昆陽,282073,兵庫県,伊丹市,昆陽南１丁目,20240309,12,４階建て以上共同住宅,駐車（輪）場,70歳以上,その他,施錠した
窃盗,自転車盗,伊丹,昆陽,282073,兵庫県,伊丹市,昆陽南１丁目,20240722,5,４階建て以上共同住宅,駐車（輪）場,20歳代,その他,施錠した
窃盗,自転車盗,伊丹,昆陽,282073,兵庫県,伊丹市,昆陽南２丁目,20241206,19,４階建て以上共同住宅,駐車（輪）場,30歳代,その他,施錠せず
窃盗,自転車盗,伊丹,昆陽,282073,兵庫県,伊丹市,昆陽南４丁目,20241022,19,４階建て以上共同住宅,駐車（輪）場,70歳以上,その他,施錠せず
窃盗,自転車盗,伊丹,昆陽ノ里,282073,兵庫県,伊丹市,池尻１丁目,20240121,16,道路上,その他,10歳代,中学生,施錠せず
窃盗,自転車盗,伊丹,昆陽ノ里,282073,兵庫県,伊丹市,池尻１丁目,20240209,11,その他,駐車（輪）場,70歳以上,その他,施錠せず
窃盗,自転車盗,伊丹,昆陽ノ里,282073,兵庫県,伊丹市,池尻１丁目,20240505,14,その他,駐車（輪）場,70歳以上,その他,施錠せず
窃盗,自転車盗,伊丹,昆陽ノ里,282073,兵庫県,伊丹市,池尻１丁目,20240823,19,４階建て以上共同住宅,駐車（輪）場,10歳代,その他,施錠せず
窃盗,自転車盗,伊丹,昆陽ノ里,282073,兵庫県,伊丹市,池尻４丁目,20231231,11,その他,駐車（輪）場,30歳代,その他,施錠せず
窃盗,自転車盗,伊丹,昆陽ノ里,282073,兵庫県,伊丹市,池尻４丁目,20240106,12,その他,駐車（輪）場,10歳代,中学生,施錠した
窃盗,自転車盗,伊丹,昆陽ノ里,282073,兵庫県,伊丹市,池尻４丁目,20240118,17,その他,駐車（輪）場,10歳代,高校生,施錠せず
窃盗,自転車盗,伊丹,昆陽ノ里,282073,兵庫県,伊丹市,池尻４丁目,20240129,19,その他,駐車（輪）場,10歳代,高校生,施錠した
窃盗,自転車盗,伊丹,昆陽ノ里,282073,兵庫県,伊丹市,池尻４丁目,20240401,19,その他,駐車（輪）場,10歳代,大学生,施錠せず
窃盗,自転車盗,伊丹,昆陽ノ里,282073,兵庫県,伊丹市,池尻４丁目,20240401,20,その他,駐車（輪）場,10歳代,高校生,施錠せず
窃盗,自転車盗,伊丹,昆陽ノ里,282073,兵庫県,伊丹市,池尻４丁目,20240411,18,その他,駐車（輪）場,10歳代,高校生,施錠せず
窃盗,自転車盗,伊丹,昆陽ノ里,282073,兵庫県,伊丹市,池尻４丁目,20240426,17,その他,駐車（輪）場,10歳代,高校生,施錠せず
窃盗,自転車盗,伊丹,昆陽ノ里,282073,兵庫県,伊丹市,池尻４丁目,20240505,12,その他,駐車（輪）場,10歳代,中学生,施錠せず
窃盗,自転車盗,伊丹,昆陽ノ里,282073,兵庫県,伊丹市,池尻４丁目,20240606,15,その他,駐車（輪）場,10歳代,高校生,施錠せず
窃盗,自転車盗,伊丹,昆陽ノ里,282073,兵庫県,伊丹市,池尻４丁目,20240626,15,その他,駐車（輪）場,70歳以上,その他,施錠せず
窃盗,自転車盗,伊丹,昆陽ノ里,282073,兵庫県,伊丹市,池尻４丁目,20240708,16,その他,その他,10歳代,高校生,施錠した
窃盗,自転車盗,伊丹,昆陽ノ里,282073,兵庫県,伊丹市,池尻４丁目,20240922,13,その他,駐車（輪）場,10歳代,中学生,施錠せず
窃盗,自転車盗,伊丹,昆陽ノ里,282073,兵庫県,伊丹市,池尻４丁目,20241208,10,その他,駐車（輪）場,40歳代,その他,施錠せず
窃盗,自転車盗,伊丹,昆陽ノ里,282073,兵庫県,伊丹市,池尻４丁目,20241217,21,道路上,その他,10歳代,高校生,施錠した
窃盗,自転車盗,伊丹,昆陽ノ里,282073,兵庫県,伊丹市,池尻６丁目,20240505,15,一戸建住宅,その他,30歳代,その他,施錠した
窃盗,自転車盗,伊丹,昆陽ノ里,282073,兵庫県,伊丹市,池尻７丁目,20240610,19,道路上,その他,20歳代,その他,施錠せず
窃盗,自転車盗,伊丹,昆陽ノ里,282073,兵庫県,伊丹市,池尻７丁目,20240702,10,その他,駐車（輪）場,10歳代,高校生,施錠せず
窃盗,自転車盗,伊丹,昆陽ノ里,282073,兵庫県,伊丹市,奥畑２丁目,20240122,21,その他の住宅（３階建て以下共同住宅等）,駐車（輪）場,20歳代,その他,施錠せず
窃盗,自転車盗,伊丹,昆陽ノ里,282073,兵庫県,伊丹市,寺本４丁目,20240422,17,４階建て以上共同住宅,駐車（輪）場,40歳代,その他,施錠せず
窃盗,自転車盗,伊丹,昆陽ノ里,282073,兵庫県,伊丹市,寺本４丁目,20241012,11,４階建て以上共同住宅,駐車（輪）場,10歳代,小学生,施錠せず
窃盗,自転車盗,伊丹,昆陽ノ里,282073,兵庫県,伊丹市,寺本５丁目,20240518,21,一戸建住宅,駐車（輪）場,30歳代,その他,施錠せず
窃盗,自転車盗,伊丹,昆陽ノ里,282073,兵庫県,伊丹市,寺本５丁目,20240515,11,４階建て以上共同住宅,駐車（輪）場,40歳代,その他,施錠せず
窃盗,自転車盗,伊丹,昆陽ノ里,282073,兵庫県,伊丹市,寺本５丁目,20240809,21,一戸建住宅,駐車（輪）場,10歳代,大学生,施錠せず
窃盗,自転車盗,伊丹,昆陽ノ里,282073,兵庫県,伊丹市,寺本５丁目,20241009,22,その他の住宅（３階建て以下共同住宅等）,駐車（輪）場,10歳代,高校生,施錠せず
窃盗,自転車盗,伊丹,昆陽ノ里,282073,兵庫県,伊丹市,野間北１丁目,20240612,17,その他の住宅（３階建て以下共同住宅等）,その他,65-69歳,その他,施錠した
窃盗,自転車盗,伊丹,昆陽ノ里,282073,兵庫県,伊丹市,山田３丁目,20240119,18,一戸建住宅,駐車（輪）場,40歳代,その他,施錠せず
窃盗,自転車盗,伊丹,昆陽ノ里,282073,兵庫県,伊丹市,山田３丁目,20240320,8,道路上,その他,50歳代,その他,施錠せず
窃盗,自転車盗,伊丹,昆陽ノ里,282073,兵庫県,伊丹市,山田６丁目,20240418,12,一戸建住宅,その他,70歳以上,その他,施錠せず
窃盗,自転車盗,伊丹,中野,282073,兵庫県,伊丹市,中野北１丁目,20240808,22,４階建て以上共同住宅,駐車（輪）場,10歳代,中学生,施錠せず
窃盗,自転車盗,伊丹,中野,282073,兵庫県,伊丹市,中野北１丁目,20241015,20,一戸建住宅,その他,10歳代,高校生,施錠せず
窃盗,自転車盗,伊丹,中野,282073,兵庫県,伊丹市,中野北２丁目,20240501,1,一戸建住宅,その他,50歳代,その他,施錠した
窃盗,自転車盗,伊丹,中野,282073,兵庫県,伊丹市,中野北３丁目,20240305,8,その他の住宅（３階建て以下共同住宅等）,駐車（輪）場,20歳代,その他,施錠せず
窃盗,自転車盗,伊丹,中野,282073,兵庫県,伊丹市,中野北３丁目,20240625,14,一戸建住宅,駐車（輪）場,10歳代,小学生,施錠せず
窃盗,自転車盗,伊丹,中野,282073,兵庫県,伊丹市,中野北４丁目,20240828,19,その他の住宅（３階建て以下共同住宅等）,駐車（輪）場,30歳代,その他,施錠した
窃盗,自転車盗,伊丹,中野,282073,兵庫県,伊丹市,中野西１丁目,20240601,7,道路上,その他,70歳以上,その他,施錠せず
窃盗,自転車盗,伊丹,中野,282073,兵庫県,伊丹市,中野西１丁目,20240801,0,４階建て以上共同住宅,駐車（輪）場,20歳代,その他,施錠した
窃盗,自転車盗,伊丹,中野,282073,兵庫県,伊丹市,中野西１丁目,20241022,16,その他,駐車（輪）場,10歳代,小学生,施錠した
窃盗,自転車盗,伊丹,中野,282073,兵庫県,伊丹市,中野西１丁目,20241105,8,その他,駐車（輪）場,50歳代,その他,施錠せず
窃盗,自転車盗,伊丹,中野,282073,兵庫県,伊丹市,中野西１丁目,20241202,15,その他,その他,10歳未満,小学生,施錠せず
窃盗,自転車盗,伊丹,中野,282073,兵庫県,伊丹市,中野西２丁目,20240630,18,その他の住宅（３階建て以下共同住宅等）,駐車（輪）場,20歳代,その他,施錠せず
窃盗,自転車盗,伊丹,中野,282073,兵庫県,伊丹市,中野西４丁目,20240517,19,その他,駐車（輪）場,10歳代,中学生,施錠せず
窃盗,自転車盗,伊丹,中野,282073,兵庫県,伊丹市,中野西４丁目,20240702,18,一戸建住宅,駐車（輪）場,70歳以上,その他,施錠せず
窃盗,自転車盗,伊丹,中野,282073,兵庫県,伊丹市,中野西４丁目,20241105,9,道路上,その他,20歳代,その他,施錠せず
窃盗,自転車盗,伊丹,中野,282073,兵庫県,伊丹市,中野東１丁目,20240819,21,４階建て以上共同住宅,駐車（輪）場,20歳代,その他,施錠した
窃盗,自転車盗,伊丹,中野,282073,兵庫県,伊丹市,中野東１丁目,20241028,22,４階建て以上共同住宅,駐車（輪）場,30歳代,その他,施錠せず
窃盗,自転車盗,伊丹,中野,282073,兵庫県,伊丹市,中野東１丁目,20241211,20,４階建て以上共同住宅,駐車（輪）場,30歳代,その他,施錠した
窃盗,自転車盗,伊丹,中野,282073,兵庫県,伊丹市,中野東２丁目,20240510,16,一戸建住宅,その他,30歳代,その他,施錠した
窃盗,自転車盗,伊丹,中野,282073,兵庫県,伊丹市,中野東２丁目,20240920,18,一戸建住宅,駐車（輪）場,10歳代,高校生,施錠せず
窃盗,自転車盗,伊丹,中野,282073,兵庫県,伊丹市,西野,20240820,13,道路上,その他,10歳代,大学生,施錠せず
窃盗,自転車盗,伊丹,中野,282073,兵庫県,伊丹市,西野１丁目,20240214,13,その他の住宅（３階建て以下共同住宅等）,駐車（輪）場,10歳代,その他,施錠せず
窃盗,自転車盗,伊丹,中野,282073,兵庫県,伊丹市,西野１丁目,20240901,19,その他の住宅（３階建て以下共同住宅等）,駐車（輪）場,30歳代,その他,施錠せず
窃盗,自転車盗,伊丹,中野,282073,兵庫県,伊丹市,西野１丁目,20240927,23,その他の住宅（３階建て以下共同住宅等）,駐車（輪）場,30歳代,その他,施錠した
窃盗,自転車盗,伊丹,中野,282073,兵庫県,伊丹市,西野２丁目,20240726,17,４階建て以上共同住宅,駐車（輪）場,70歳以上,その他,施錠した
窃盗,自転車盗,伊丹,中野,282073,兵庫県,伊丹市,西野２丁目,20240924,18,一戸建住宅,駐車（輪）場,30歳代,その他,施錠せず
窃盗,自転車盗,伊丹,中野,282073,兵庫県,伊丹市,西野３丁目,20240325,19,４階建て以上共同住宅,駐車（輪）場,30歳代,その他,施錠せず
窃盗,自転車盗,伊丹,中野,282073,兵庫県,伊丹市,西野３丁目,20240621,不明,４階建て以上共同住宅,駐車（輪）場,40歳代,高校生,施錠せず
窃盗,自転車盗,伊丹,中野,282073,兵庫県,伊丹市,西野３丁目,20240806,15,４階建て以上共同住宅,駐車（輪）場,50歳代,その他,施錠せず
窃盗,自転車盗,伊丹,中野,282073,兵庫県,伊丹市,西野３丁目,20240925,22,その他の住宅（３階建て以下共同住宅等）,駐車（輪）場,20歳代,その他,施錠した
窃盗,自転車盗,伊丹,中野,282073,兵庫県,伊丹市,西野５丁目,20240120,9,４階建て以上共同住宅,駐車（輪）場,30歳代,その他,施錠せず
窃盗,自転車盗,伊丹,中野,282073,兵庫県,伊丹市,西野５丁目,20240525,17,４階建て以上共同住宅,駐車（輪）場,40歳代,その他,施錠した
窃盗,自転車盗,伊丹,中野,282073,兵庫県,伊丹市,西野５丁目,20240903,16,その他,駐車（輪）場,10歳代,小学生,施錠した
窃盗,自転車盗,伊丹,中野,282073,兵庫県,伊丹市,西野６丁目,20240321,12,４階建て以上共同住宅,駐車（輪）場,40歳代,その他,施錠せず
窃盗,自転車盗,伊丹,中野,282073,兵庫県,伊丹市,西野６丁目,20240321,13,その他の住宅（３階建て以下共同住宅等）,駐車（輪）場,40歳代,その他,施錠せず
窃盗,自転車盗,伊丹,荒牧,282073,兵庫県,伊丹市,荒牧１丁目,20240626,11,その他,駐車（輪）場,10歳代,その他,施錠せず
窃盗,自転車盗,伊丹,荒牧,282073,兵庫県,伊丹市,荒牧１丁目,20241225,14,その他,駐車（輪）場,10歳代,中学生,施錠せず
窃盗,自転車盗,伊丹,荒牧,282073,兵庫県,伊丹市,荒牧３丁目,20240616,21,その他,駐車（輪）場,40歳代,その他,施錠せず
窃盗,自転車盗,伊丹,荒牧,282073,兵庫県,伊丹市,荒牧４丁目,20240921,10,その他,駐車（輪）場,20歳代,その他,施錠した
窃盗,自転車盗,伊丹,荒牧,282073,兵庫県,伊丹市,荒牧５丁目,20240109,22,４階建て以上共同住宅,駐車（輪）場,10歳代,高校生,施錠した
窃盗,自転車盗,伊丹,荒牧,282073,兵庫県,伊丹市,荒牧５丁目,20240905,17,一戸建住宅,その他,40歳代,その他,施錠せず
窃盗,自転車盗,伊丹,荒牧,282073,兵庫県,伊丹市,荒牧５丁目,20240929,18,４階建て以上共同住宅,駐車（輪）場,10歳代,中学生,施錠せず
窃盗,自転車盗,伊丹,荒牧,282073,兵庫県,伊丹市,荒牧６丁目,20241024,15,４階建て以上共同住宅,駐車（輪）場,40歳代,その他,施錠せず
窃盗,自転車盗,伊丹,荒牧,282073,兵庫県,伊丹市,荒牧６丁目,20241110,22,４階建て以上共同住宅,駐車（輪）場,20歳代,大学生,施錠せず
窃盗,自転車盗,伊丹,荒牧,282073,兵庫県,伊丹市,荻野２丁目,20240917,9,４階建て以上共同住宅,駐車（輪）場,40歳代,その他,施錠せず
窃盗,自転車盗,伊丹,荒牧,282073,兵庫県,伊丹市,荻野３丁目,20240917,17,４階建て以上共同住宅,駐車（輪）場,30歳代,その他,施錠せず
窃盗,自転車盗,伊丹,荒牧,282073,兵庫県,伊丹市,荻野４丁目,20240104,8,駐車（輪）場,駐車（輪）場,20歳代,その他,施錠せず
窃盗,自転車盗,伊丹,荒牧,282073,兵庫県,伊丹市,北野２丁目,20230811,0,４階建て以上共同住宅,駐車（輪）場,20歳代,その他,施錠せず
窃盗,自転車盗,伊丹,荒牧,282073,兵庫県,伊丹市,北野３丁目,20240407,19,道路上,その他,10歳代,高校生,施錠せず
窃盗,自転車盗,伊丹,荒牧,282073,兵庫県,伊丹市,北野４丁目,20240323,10,その他,駐車（輪）場,10歳代,中学生,施錠せず
窃盗,自転車盗,伊丹,荒牧,282073,兵庫県,伊丹市,北野４丁目,20240406,9,その他,駐車（輪）場,10歳代,中学生,施錠せず
窃盗,自転車盗,伊丹,荒牧,282073,兵庫県,伊丹市,北野６丁目,20240511,19,道路上,その他,10歳代,中学生,施錠せず
窃盗,自転車盗,伊丹,荒牧,282073,兵庫県,伊丹市,鴻池１丁目,20240331,12,４階建て以上共同住宅,駐車（輪）場,20歳代,その他,施錠せず
窃盗,自転車盗,伊丹,荒牧,282073,兵庫県,伊丹市,鴻池１丁目,20240428,7,その他,駐車（輪）場,10歳代,中学生,施錠せず
窃盗,自転車盗,伊丹,荒牧,282073,兵庫県,伊丹市,鴻池１丁目,20240927,17,その他,駐車（輪）場,10歳代,中学生,施錠せず
窃盗,自転車盗,伊丹,荒牧,282073,兵庫県,伊丹市,鴻池２丁目,20240607,19,４階建て以上共同住宅,駐車（輪）場,20歳代,その他,施錠した
窃盗,自転車盗,伊丹,荒牧,282073,兵庫県,伊丹市,鴻池３丁目,20240605,19,その他,駐車（輪）場,40歳代,その他,施錠せず
窃盗,自転車盗,伊丹,荒牧,282073,兵庫県,伊丹市,鴻池３丁目,20240722,23,一戸建住宅,駐車（輪）場,10歳代,大学生,施錠せず
窃盗,自転車盗,伊丹,荒牧,282073,兵庫県,伊丹市,鴻池３丁目,20240902,16,道路上,その他,20歳代,大学生,施錠せず
窃盗,自転車盗,伊丹,荒牧,282073,兵庫県,伊丹市,鴻池３丁目,20241213,22,一戸建住宅,駐車（輪）場,10歳代,中学生,施錠せず
窃盗,自転車盗,伊丹,荒牧,282073,兵庫県,伊丹市,鴻池４丁目,20240521,19,その他の住宅（３階建て以下共同住宅等）,駐車（輪）場,10歳代,その他,施錠せず
窃盗,自転車盗,伊丹,荒牧,282073,兵庫県,伊丹市,鴻池５丁目,20230401,0,４階建て以上共同住宅,その他,10歳代,その他,施錠せず
窃盗,自転車盗,伊丹,荒牧,282073,兵庫県,伊丹市,鴻池５丁目,20240519,7,その他,駐車（輪）場,20歳代,その他,施錠せず
窃盗,自転車盗,伊丹,荒牧,282073,兵庫県,伊丹市,鴻池５丁目,20240624,17,その他,駐車（輪）場,10歳代,大学生,施錠せず
窃盗,自転車盗,伊丹,荒牧,282073,兵庫県,伊丹市,荒牧南２丁目,20240326,13,その他,駐車（輪）場,20歳代,大学生,施錠せず
窃盗,自転車盗,伊丹,荒牧,282073,兵庫県,伊丹市,荒牧南３丁目,20240522,21,その他の住宅（３階建て以下共同住宅等）,駐車（輪）場,20歳代,その他,施錠せず
窃盗,自転車盗,伊丹,荒牧,282073,兵庫県,伊丹市,荒牧南４丁目,20240704,19,一戸建住宅,駐車（輪）場,20歳代,大学生,施錠せず
窃盗,自転車盗,川西,中央,282171,兵庫県,川西市,小戸１丁目,20231222,15,駐車（輪）場,駐車（輪）場,20歳代,その他,施錠せず
窃盗,自転車盗,川西,中央,282171,兵庫県,川西市,小花１丁目,20240727,20,その他,駐車（輪）場,30歳代,その他,施錠せず
窃盗,自転車盗,川西,中央,282171,兵庫県,川西市,栄町,20240105,17,その他,駐車（輪）場,10歳代,高校生,施錠せず
窃盗,自転車盗,川西,中央,282171,兵庫県,川西市,栄町,20240118,18,道路上,その他,20歳代,その他,施錠せず
窃盗,自転車盗,川西,中央,282171,兵庫県,川西市,栄町,20240227,6,４階建て以上共同住宅,駐車（輪）場,20歳代,その他,施錠した
窃盗,自転車盗,川西,中央,282171,兵庫県,川西市,栄町,20240311,12,その他,駐車（輪）場,10歳代,高校生,施錠せず
窃盗,自転車盗,川西,中央,282171,兵庫県,川西市,栄町,20240327,16,その他,駐車（輪）場,10歳代,中学生,施錠した
窃盗,自転車盗,川西,中央,282171,兵庫県,川西市,栄町,20240405,13,その他,駐車（輪）場,10歳代,高校生,施錠せず
窃盗,自転車盗,川西,中央,282171,兵庫県,川西市,栄町,20240420,18,その他,駐車（輪）場,20歳代,大学生,施錠せず
窃盗,自転車盗,川西,中央,282171,兵庫県,川西市,栄町,20240502,8,その他,駐車（輪）場,20歳代,その他,施錠せず
窃盗,自転車盗,川西,中央,282171,兵庫県,川西市,栄町,20240503,15,その他,駐車（輪）場,10歳代,中学生,施錠せず
窃盗,自転車盗,川西,中央,282171,兵庫県,川西市,栄町,20240507,15,その他,駐車（輪）場,20歳代,その他,施錠した
窃盗,自転車盗,川西,中央,282171,兵庫県,川西市,栄町,20240512,17,４階建て以上共同住宅,駐車（輪）場,10歳代,中学生,施錠した
窃盗,自転車盗,川西,中央,282171,兵庫県,川西市,栄町,20240529,0,４階建て以上共同住宅,その他,40歳代,その他,施錠せず
窃盗,自転車盗,川西,中央,282171,兵庫県,川西市,栄町,20240617,8,その他,駐車（輪）場,40歳代,その他,施錠せず
窃盗,自転車盗,川西,中央,282171,兵庫県,川西市,栄町,20240624,8,その他,駐車（輪）場,30歳代,その他,施錠せず
窃盗,自転車盗,川西,中央,282171,兵庫県,川西市,栄町,20211001,不明,その他,駐車（輪）場,20歳代,その他,施錠せず
窃盗,自転車盗,川西,中央,282171,兵庫県,川西市,栄町,20240811,19,駐車（輪）場,駐車（輪）場,40歳代,その他,施錠せず
窃盗,自転車盗,川西,中央,282171,兵庫県,川西市,栄町,20240824,22,駐車（輪）場,駐車（輪）場,10歳代,大学生,施錠せず
窃盗,自転車盗,川西,中央,282171,兵庫県,川西市,栄町,20240824,17,駐車（輪）場,駐車（輪）場,20歳代,その他,施錠した
窃盗,自転車盗,川西,中央,282171,兵庫県,川西市,栄町,20240902,11,駐車（輪）場,駐車（輪）場,70歳以上,その他,施錠した
窃盗,自転車盗,川西,中央,282171,兵庫県,川西市,栄町,20240812,11,その他,駐車（輪）場,60-64歳,その他,施錠した
窃盗,自転車盗,川西,中央,282171,兵庫県,川西市,栄町,20241002,17,その他,駐車（輪）場,10歳代,高校生,施錠した
窃盗,自転車盗,川西,中央,282171,兵庫県,川西市,栄町,20241017,10,駐車（輪）場,駐車（輪）場,10歳代,高校生,施錠せず
窃盗,自転車盗,川西,中央,282171,兵庫県,川西市,栄町,20241118,18,その他,駐車（輪）場,40歳代,その他,施錠せず
窃盗,自転車盗,川西,中央,282171,兵庫県,川西市,中央町,20231227,11,４階建て以上共同住宅,駐車（輪）場,20歳代,その他,施錠した
窃盗,自転車盗,川西,中央,282171,兵庫県,川西市,中央町,20240126,20,その他の住宅（３階建て以下共同住宅等）,駐車（輪）場,20歳代,その他,施錠せず
窃盗,自転車盗,川西,中央,282171,兵庫県,川西市,中央町,20240726,16,駐車（輪）場,駐車（輪）場,10歳代,大学生,施錠した
窃盗,自転車盗,川西,中央,282171,兵庫県,川西市,中央町,20240822,6,その他,駐車（輪）場,70歳以上,その他,施錠せず
窃盗,自転車盗,川西,中央,282171,兵庫県,川西市,中央町,20240919,7,駐車（輪）場,駐車（輪）場,20歳代,大学生,施錠せず
窃盗,自転車盗,川西,中央,282171,兵庫県,川西市,中央町,20241011,23,道路上,その他,30歳代,その他,施錠せず
窃盗,自転車盗,川西,中央,282171,兵庫県,川西市,中央町,20241201,18,道路上,その他,70歳以上,その他,施錠した
窃盗,自転車盗,川西,中央,282171,兵庫県,川西市,寺畑２丁目,20241114,12,駐車（輪）場,駐車（輪）場,30歳代,その他,施錠せず
窃盗,自転車盗,川西,中央,282171,兵庫県,川西市,花屋敷１丁目,20240301,6,その他の住宅（３階建て以下共同住宅等）,駐車（輪）場,20歳代,その他,施錠せず
窃盗,自転車盗,川西,中央,282171,兵庫県,川西市,花屋敷１丁目,20241119,20,その他の住宅（３階建て以下共同住宅等）,駐車（輪）場,30歳代,その他,施錠せず
窃盗,自転車盗,川西,中央,282171,兵庫県,川西市,花屋敷２丁目,20231230,13,道路上,その他,70歳以上,その他,施錠せず
窃盗,自転車盗,川西,中央,282171,兵庫県,川西市,花屋敷２丁目,20241116,8,一戸建住宅,駐車（輪）場,40歳代,その他,施錠せず
窃盗,自転車盗,川西,中央,282171,兵庫県,川西市,日高町,20240509,16,その他の住宅（３階建て以下共同住宅等）,駐車（輪）場,65-69歳,その他,施錠せず
窃盗,自転車盗,川西,中央,282171,兵庫県,川西市,日高町,20240702,18,駐車（輪）場,駐車（輪）場,10歳代,中学生,施錠せず
窃盗,自転車盗,川西,小花,282171,兵庫県,川西市,小戸１丁目,20240422,17,４階建て以上共同住宅,駐車（輪）場,10歳代,中学生,施錠せず
窃盗,自転車盗,川西,小花,282171,兵庫県,川西市,小戸１丁目,20240617,6,その他,駐車（輪）場,40歳代,その他,施錠した
窃盗,自転車盗,川西,小花,282171,兵庫県,川西市,小戸３丁目,20240623,16,駐車（輪）場,駐車（輪）場,30歳代,その他,施錠した
窃盗,自転車盗,川西,小花,282171,兵庫県,川西市,小花１丁目,20240404,15,その他,駐車（輪）場,65-69歳,その他,施錠せず
窃盗,自転車盗,川西,小花,282171,兵庫県,川西市,小花２丁目,20240830,20,４階建て以上共同住宅,駐車（輪）場,20歳代,その他,施錠せず
窃盗,自転車盗,川西,小花,282171,兵庫県,川西市,小花２丁目,20241116,17,一戸建住宅,駐車（輪）場,50歳代,その他,施錠せず
窃盗,自転車盗,川西,久代,282171,兵庫県,川西市,久代１丁目,20240611,10,その他,その他,60-64歳,その他,施錠した
窃盗,自転車盗,川西,久代,282171,兵庫県,川西市,久代１丁目,20240724,20,一戸建住宅,駐車（輪）場,10歳代,高校生,施錠せず
窃盗,自転車盗,川西,久代,282171,兵庫県,川西市,久代５丁目,20240201,18,その他,駐車（輪）場,10歳代,中学生,施錠せず
窃盗,自転車盗,川西,久代,282171,兵庫県,川西市,久代６丁目,20231222,11,その他,駐車（輪）場,20歳代,その他,施錠した
窃盗,自転車盗,川西,久代,282171,兵庫県,川西市,久代６丁目,20231031,12,その他,駐車（輪）場,40歳代,その他,施錠した
窃盗,自転車盗,川西,久代,282171,兵庫県,川西市,久代６丁目,20240304,17,その他,駐車（輪）場,40歳代,その他,施錠せず
窃盗,自転車盗,川西,久代,282171,兵庫県,川西市,久代６丁目,20240327,8,その他,駐車（輪）場,40歳代,その他,施錠した
窃盗,自転車盗,川西,久代,282171,兵庫県,川西市,久代６丁目,20240331,16,その他,駐車（輪）場,20歳代,その他,施錠した
窃盗,自転車盗,川西,久代,282171,兵庫県,川西市,久代６丁目,20240516,16,その他,駐車（輪）場,40歳代,その他,施錠せず
窃盗,自転車盗,川西,久代,282171,兵庫県,川西市,久代６丁目,20240712,15,その他,駐車（輪）場,10歳代,小学生,施錠せず
窃盗,自転車盗,川西,久代,282171,兵庫県,川西市,久代６丁目,20240817,17,その他,駐車（輪）場,50歳代,その他,施錠せず
窃盗,自転車盗,川西,久代,282171,兵庫県,川西市,久代６丁目,20240822,9,駐車（輪）場,駐車（輪）場,50歳代,その他,施錠した
窃盗,自転車盗,川西,久代,282171,兵庫県,川西市,久代６丁目,20240913,18,その他,駐車（輪）場,30歳代,その他,施錠せず
窃盗,自転車盗,川西,久代,282171,兵庫県,川西市,久代６丁目,20241009,6,その他,駐車（輪）場,20歳代,その他,施錠せず
窃盗,自転車盗,川西,久代,282171,兵庫県,川西市,久代６丁目,20241031,8,その他,駐車（輪）場,30歳代,その他,施錠した
窃盗,自転車盗,川西,久代,282171,兵庫県,川西市,久代６丁目,20241116,20,その他,駐車（輪）場,20歳代,その他,施錠せず
窃盗,自転車盗,川西,日の出,282171,兵庫県,川西市,火打１丁目,20240222,17,その他,駐車（輪）場,70歳以上,その他,施錠した
窃盗,自転車盗,川西,日の出,282171,兵庫県,川西市,火打１丁目,20241225,13,その他,駐車（輪）場,70歳以上,その他,施錠した
窃盗,自転車盗,川西,日の出,282171,兵庫県,川西市,松が丘町,20240428,14,一戸建住宅,その他,40歳代,その他,施錠せず
窃盗,自転車盗,川西,日の出,282171,兵庫県,川西市,美園町,20240220,17,一戸建住宅,その他,70歳以上,その他,施錠せず
窃盗,自転車盗,川西,多田西,282171,兵庫県,川西市,矢問１丁目,20240329,17,一戸建住宅,その他,60-64歳,その他,施錠せず
窃盗,自転車盗,川西,多田西,282171,兵庫県,川西市,多田院西１丁目,20240621,20,駐車（輪）場,駐車（輪）場,10歳代,大学生,施錠せず
窃盗,自転車盗,川西,多田西,282171,兵庫県,川西市,多田院西２丁目,20240512,12,その他,駐車（輪）場,10歳代,中学生,施錠した
窃盗,自転車盗,川西,多田東,282171,兵庫県,川西市,新田２丁目,20240520,19,一戸建住宅,駐車（輪）場,20歳代,その他,施錠せず
窃盗,自転車盗,川西,多田東,282171,兵庫県,川西市,平野２丁目,20240129,9,その他,駐車（輪）場,20歳代,その他,施錠せず
窃盗,自転車盗,川西,多田東,282171,兵庫県,川西市,多田桜木２丁目,20240123,9,その他,駐車（輪）場,20歳代,その他,施錠せず
窃盗,自転車盗,川西,山下,282171,兵庫県,川西市,東畦野,20240127,8,その他,駐車（輪）場,20歳代,大学生,施錠せず
窃盗,自転車盗,川西,山下,282171,兵庫県,川西市,東畦野２丁目,20241001,17,４階建て以上共同住宅,駐車（輪）場,65-69歳,その他,施錠せず
窃盗,自転車盗,川西,山下,282171,兵庫県,川西市,東畦野６丁目,20240126,19,その他,駐車（輪）場,10歳代,高校生,施錠せず
窃盗,自転車盗,川西,山下,282171,兵庫県,川西市,東畦野６丁目,20240126,18,その他,駐車（輪）場,10歳代,高校生,施錠せず
窃盗,自転車盗,川西,山下,282171,兵庫県,川西市,見野２丁目,20240512,9,その他,駐車（輪）場,10歳代,その他,施錠した
窃盗,自転車盗,川西,山下,282171,兵庫県,川西市,見野３丁目,20240414,12,一戸建住宅,駐車（輪）場,10歳未満,小学生,施錠せず
窃盗,自転車盗,川西,山下,282171,兵庫県,川西市,山下町,20240709,19,道路上,その他,10歳代,小学生,施錠せず
窃盗,自転車盗,川西,猪名川パークタウン,283011,兵庫県,猪名川町,白金２丁目,20240127,12,その他,駐車（輪）場,10歳代,中学生,施錠せず
窃盗,自転車盗,川西,猪名川パークタウン,283011,兵庫県,猪名川町,白金２丁目,20240124,17,その他,駐車（輪）場,10歳代,高校生,施錠せず
窃盗,自転車盗,川西,猪名川パークタウン,283011,兵庫県,猪名川町,白金２丁目,20240913,6,その他,駐車（輪）場,50歳代,その他,施錠せず
窃盗,自転車盗,川西,加茂,282171,兵庫県,川西市,加茂６丁目,20240209,16,その他,駐車（輪）場,20歳代,その他,施錠せず
窃盗,自転車盗,川西,加茂,282171,兵庫県,川西市,栄根１丁目,20240405,18,その他の住宅（３階建て以下共同住宅等）,駐車（輪）場,20歳代,大学生,施錠せず
窃盗,自転車盗,川西,加茂,282171,兵庫県,川西市,栄根２丁目,20240705,5,一戸建住宅,駐車（輪）場,50歳代,その他,施錠せず
窃盗,自転車盗,川西,加茂,282171,兵庫県,川西市,栄根２丁目,20241020,0,その他,その他,30歳代,その他,施錠した
窃盗,自転車盗,川西,加茂,282171,兵庫県,川西市,栄根２丁目,20241107,7,その他,駐車（輪）場,20歳代,その他,施錠せず
窃盗,自転車盗,川西,加茂,282171,兵庫県,川西市,下加茂２丁目,20240103,16,駐車（輪）場,駐車（輪）場,65-69歳,その他,施錠した
窃盗,自転車盗,川西,加茂,282171,兵庫県,川西市,下加茂２丁目,20240809,17,４階建て以上共同住宅,駐車（輪）場,50歳代,その他,施錠せず
窃盗,自転車盗,川西,加茂,282171,兵庫県,川西市,南花屋敷３丁目,20240124,13,その他,駐車（輪）場,70歳以上,その他,施錠した
窃盗,自転車盗,川西,大和,282171,兵庫県,川西市,花屋敷１丁目,20240602,21,その他の住宅（３階建て以下共同住宅等）,駐車（輪）場,20歳代,その他,施錠せず
窃盗,自転車盗,川西,清和台,282171,兵庫県,川西市,清和台西３丁目,20240519,10,一戸建住宅,駐車（輪）場,40歳代,その他,施錠した
窃盗,自転車盗,川西,清和台,282171,兵庫県,川西市,清和台西３丁目,20240828,15,一戸建住宅,駐車（輪）場,10歳代,高校生,施錠せず
窃盗,自転車盗,川西,清和台,282171,兵庫県,川西市,清和台西３丁目,20241108,10,一戸建住宅,駐車（輪）場,10歳代,高校生,施錠せず
窃盗,自転車盗,川西,清和台,282171,兵庫県,川西市,清和台西４丁目,20240928,16,一戸建住宅,駐車（輪）場,70歳以上,その他,施錠せず
窃盗,自転車盗,川西,清和台,282171,兵庫県,川西市,清和台東２丁目,20241031,8,その他の住宅（３階建て以下共同住宅等）,その他,40歳代,その他,施錠せず
窃盗,自転車盗,川西,清和台,282171,兵庫県,川西市,清和台東３丁目,20240306,7,その他,駐車（輪）場,20歳代,その他,施錠せず
窃盗,自転車盗,川西,清和台,282171,兵庫県,川西市,清和台東３丁目,20240508,15,その他,その他,10歳代,小学生,施錠せず
窃盗,自転車盗,川西,清和台,282171,兵庫県,川西市,清和台東４丁目,20240102,12,４階建て以上共同住宅,駐車（輪）場,10歳代,中学生,施錠せず
窃盗,自転車盗,川西,清和台,282171,兵庫県,川西市,清和台東４丁目,20240426,20,駐車（輪）場,駐車（輪）場,10歳代,高校生,施錠せず
窃盗,自転車盗,川西,清和台,282171,兵庫県,川西市,清和台東４丁目,20240818,17,４階建て以上共同住宅,駐車（輪）場,20歳代,その他,施錠せず
窃盗,自転車盗,川西,清和台,282171,兵庫県,川西市,清和台東４丁目,20241109,13,一戸建住宅,駐車（輪）場,70歳以上,その他,施錠した
窃盗,自転車盗,川西,清和台,282171,兵庫県,川西市,清和台東５丁目,20240926,14,一戸建住宅,駐車（輪）場,65-69歳,その他,施錠せず
窃盗,自転車盗,川西,清和台,282171,兵庫県,川西市,けやき坂２丁目,20240821,12,その他,駐車（輪）場,10歳代,小学生,施錠せず
窃盗,自転車盗,川西,日生中央,283011,兵庫県,猪名川町,松尾台４丁目,20240125,12,一戸建住宅,駐車（輪）場,10歳代,小学生,施錠せず
窃盗,自転車盗,宝塚,宝塚南口,282146,兵庫県,宝塚市,湯本町,20240827,16,４階建て以上共同住宅,駐車（輪）場,60-64歳,その他,施錠せず
窃盗,自転車盗,宝塚,宝塚南口,282146,兵庫県,宝塚市,南口２丁目,20240520,17,その他の住宅（３階建て以下共同住宅等）,駐車（輪）場,40歳代,その他,施錠せず
窃盗,自転車盗,宝塚,宝塚南口,282146,兵庫県,宝塚市,湯本町,20240719,13,その他,駐車（輪）場,10歳代,大学生,施錠せず
窃盗,自転車盗,宝塚,宝塚駅前,282146,兵庫県,宝塚市,川面３丁目,20240915,15,一戸建住宅,駐車（輪）場,10歳代,高校生,施錠せず
窃盗,自転車盗,宝塚,宝塚駅前,282146,兵庫県,宝塚市,川面５丁目,20240104,23,４階建て以上共同住宅,その他,40歳代,その他,施錠した
窃盗,自転車盗,宝塚,宝塚駅前,282146,兵庫県,宝塚市,川面５丁目,20240111,16,道路上,その他,10歳代,小学生,施錠せず
窃盗,自転車盗,宝塚,宝塚駅前,282146,兵庫県,宝塚市,川面５丁目,20240625,8,道路上,その他,20歳代,その他,施錠した
窃盗,自転車盗,宝塚,宝塚駅前,282146,兵庫県,宝塚市,川面５丁目,20241024,17,その他,その他,20歳代,大学生,施錠せず
窃盗,自転車盗,宝塚,宝塚駅前,282146,兵庫県,宝塚市,御殿山４丁目,20230801,8,道路上,その他,10歳代,中学生,施錠した
窃盗,自転車盗,宝塚,宝塚駅前,282146,兵庫県,宝塚市,栄町１丁目,20240425,8,その他の住宅（３階建て以下共同住宅等）,駐車（輪）場,20歳代,その他,施錠せず
窃盗,自転車盗,宝塚,宝塚駅前,282146,兵庫県,宝塚市,栄町１丁目,20240520,19,一戸建住宅,駐車（輪）場,30歳代,その他,施錠せず
窃盗,自転車盗,宝塚,宝塚駅前,282146,兵庫県,宝塚市,栄町１丁目,20240720,13,道路上,その他,10歳代,中学生,施錠せず
窃盗,自転車盗,宝塚,宝塚駅前,282146,兵庫県,宝塚市,栄町２丁目,20240617,8,その他,駐車（輪）場,10歳代,高校生,施錠せず
窃盗,自転車盗,宝塚,宝塚駅前,282146,兵庫県,宝塚市,栄町２丁目,20240923,17,その他,その他,20歳代,その他,施錠した
窃盗,自転車盗,宝塚,宝塚駅前,282146,兵庫県,宝塚市,栄町２丁目,20241101,8,その他,駐車（輪）場,10歳代,高校生,施錠せず
窃盗,自転車盗,宝塚,宝塚駅前,282146,兵庫県,宝塚市,栄町２丁目,20241113,7,その他,駐車（輪）場,50歳代,その他,施錠せず
窃盗,自転車盗,宝塚,宝塚駅前,282146,兵庫県,宝塚市,栄町３丁目,20240414,18,４階建て以上共同住宅,駐車（輪）場,40歳代,その他,施錠した
窃盗,自転車盗,宝塚,宝塚駅前,282146,兵庫県,宝塚市,宮の町,20241206,8,４階建て以上共同住宅,駐車（輪）場,20歳代,大学生,施錠した
窃盗,自転車盗,宝塚,宝塚駅前,282146,兵庫県,宝塚市,武庫川町,20240410,14,その他,駐車（輪）場,10歳未満,小学生,施錠せず
窃盗,自転車盗,宝塚,逆瀬川,282146,兵庫県,宝塚市,伊孑志３丁目,20240118,7,一戸建住宅,駐車（輪）場,10歳代,高校生,施錠せず
窃盗,自転車盗,宝塚,逆瀬川,282146,兵庫県,宝塚市,伊孑志３丁目,20240521,8,その他,駐車（輪）場,40歳代,その他,施錠せず
窃盗,自転車盗,宝塚,逆瀬川,282146,兵庫県,宝塚市,伊孑志４丁目,20240726,18,道路上,その他,20歳代,その他,施錠した
窃盗,自転車盗,宝塚,逆瀬川,282146,兵庫県,宝塚市,逆瀬川１丁目,20240514,18,その他,その他,10歳代,中学生,施錠せず
窃盗,自転車盗,宝塚,逆瀬川,282146,兵庫県,宝塚市,逆瀬川１丁目,20240714,18,４階建て以上共同住宅,駐車（輪）場,10歳代,中学生,施錠せず
窃盗,自転車盗,宝塚,逆瀬川,282146,兵庫県,宝塚市,逆瀬川１丁目,20240830,15,その他,その他,10歳代,高校生,施錠せず
窃盗,自転車盗,宝塚,逆瀬川,282146,兵庫県,宝塚市,逆瀬川１丁目,20240910,12,その他,駐車（輪）場,50歳代,その他,施錠した
窃盗,自転車盗,宝塚,逆瀬川,282146,兵庫県,宝塚市,東洋町,20240426,13,その他,駐車（輪）場,40歳代,その他,施錠せず
窃盗,自転車盗,宝塚,逆瀬川,282146,兵庫県,宝塚市,東洋町,20241004,17,駐車（輪）場,駐車（輪）場,30歳代,その他,施錠せず
窃盗,自転車盗,宝塚,逆瀬川,282146,兵庫県,宝塚市,野上１丁目,20240116,17,その他,駐車（輪）場,20歳代,大学生,施錠した
窃盗,自転車盗,宝塚,逆瀬川,282146,兵庫県,宝塚市,野上１丁目,20240412,23,一戸建住宅,その他,10歳代,中学生,施錠せず
窃盗,自転車盗,宝塚,逆瀬川,282146,兵庫県,宝塚市,野上１丁目,20241122,10,その他,駐車（輪）場,10歳代,高校生,施錠せず
窃盗,自転車盗,宝塚,逆瀬川,282146,兵庫県,宝塚市,野上３丁目,20241227,16,その他の住宅（３階建て以下共同住宅等）,駐車（輪）場,50歳代,その他,施錠した
窃盗,自転車盗,宝塚,武庫川,282146,兵庫県,宝塚市,亀井町,20240520,20,その他の住宅（３階建て以下共同住宅等）,その他,20歳代,その他,施錠せず
窃盗,自転車盗,宝塚,武庫川,282146,兵庫県,宝塚市,末成町,20241214,12,一戸建住宅,その他,10歳代,中学生,施錠せず
窃盗,自転車盗,宝塚,武庫川,282146,兵庫県,宝塚市,高司２丁目,20240407,7,その他,駐車（輪）場,10歳代,高校生,施錠せず
窃盗,自転車盗,宝塚,武庫川,282146,兵庫県,宝塚市,高司２丁目,20240709,20,その他の住宅（３階建て以下共同住宅等）,駐車（輪）場,20歳代,その他,施錠せず
窃盗,自転車盗,宝塚,武庫川,282146,兵庫県,宝塚市,高司２丁目,20240818,12,道路上,その他,40歳代,その他,施錠した
窃盗,自転車盗,宝塚,武庫川,282146,兵庫県,宝塚市,高司３丁目,20240311,16,その他の住宅（３階建て以下共同住宅等）,駐車（輪）場,30歳代,その他,施錠せず
窃盗,自転車盗,宝塚,武庫川,282146,兵庫県,宝塚市,高司３丁目,20240309,17,その他の住宅（３階建て以下共同住宅等）,駐車（輪）場,10歳未満,小学生,施錠した
窃盗,自転車盗,宝塚,武庫川,282146,兵庫県,宝塚市,高司４丁目,20241223,8,その他,駐車（輪）場,20歳代,その他,施錠せず
窃盗,自転車盗,宝塚,武庫川,282146,兵庫県,宝塚市,高司５丁目,20240206,21,その他,その他,30歳代,その他,施錠せず
窃盗,自転車盗,宝塚,小浜,282146,兵庫県,宝塚市,旭町３丁目,20240729,17,その他の住宅（３階建て以下共同住宅等）,その他,20歳代,その他,施錠した
窃盗,自転車盗,宝塚,小浜,282146,兵庫県,宝塚市,旭町３丁目,20240830,14,４階建て以上共同住宅,駐車（輪）場,70歳以上,その他,施錠した
窃盗,自転車盗,宝塚,小浜,282146,兵庫県,宝塚市,向月町,20240117,17,一戸建住宅,その他,65-69歳,その他,施錠せず
窃盗,自転車盗,宝塚,小浜,282146,兵庫県,宝塚市,小浜３丁目,20240812,15,一戸建住宅,駐車（輪）場,50歳代,その他,施錠せず
窃盗,自転車盗,宝塚,小浜,282146,兵庫県,宝塚市,小浜５丁目,20241113,19,４階建て以上共同住宅,駐車（輪）場,30歳代,その他,施錠した
窃盗,自転車盗,宝塚,小浜,282146,兵庫県,宝塚市,中筋５丁目,20240528,10,その他,駐車（輪）場,20歳代,その他,施錠せず
窃盗,自転車盗,宝塚,小浜,282146,兵庫県,宝塚市,中筋５丁目,20240608,14,その他,駐車（輪）場,20歳代,その他,施錠せず
窃盗,自転車盗,宝塚,小浜,282146,兵庫県,宝塚市,中筋５丁目,20240508,17,その他,その他,40歳代,その他,施錠した
窃盗,自転車盗,宝塚,小浜,282146,兵庫県,宝塚市,中筋５丁目,20240810,13,その他,駐車（輪）場,10歳代,中学生,施錠した
窃盗,自転車盗,宝塚,小浜,282146,兵庫県,宝塚市,中筋５丁目,20240904,13,その他の住宅（３階建て以下共同住宅等）,駐車（輪）場,30歳代,その他,施錠せず
窃盗,自転車盗,宝塚,小浜,282146,兵庫県,宝塚市,中筋５丁目,20241006,18,その他,駐車（輪）場,20歳代,大学生,施錠せず
窃盗,自転車盗,宝塚,小浜,282146,兵庫県,宝塚市,中筋５丁目,20241106,9,その他,駐車（輪）場,20歳代,その他,施錠せず
窃盗,自転車盗,宝塚,小浜,282146,兵庫県,宝塚市,中筋５丁目,20241104,17,その他,駐車（輪）場,10歳代,高校生,施錠せず
窃盗,自転車盗,宝塚,小浜,282146,兵庫県,宝塚市,中筋５丁目,20241112,17,その他,駐車（輪）場,10歳代,高校生,施錠せず
窃盗,自転車盗,宝塚,小浜,282146,兵庫県,宝塚市,中筋５丁目,20241117,11,道路上,その他,20歳代,その他,施錠せず
窃盗,自転車盗,宝塚,小浜,282146,兵庫県,宝塚市,中筋５丁目,20241227,19,その他,駐車（輪）場,20歳代,その他,施錠せず
窃盗,自転車盗,宝塚,小浜,282146,兵庫県,宝塚市,中筋６丁目,20240511,16,４階建て以上共同住宅,その他,20歳代,大学生,施錠せず
窃盗,自転車盗,宝塚,小浜,282146,兵庫県,宝塚市,中筋６丁目,20241001,19,その他,駐車（輪）場,10歳代,大学生,施錠せず
窃盗,自転車盗,宝塚,小浜,282146,兵庫県,宝塚市,中筋６丁目,20241004,17,その他,駐車（輪）場,10歳代,その他,施錠せず
窃盗,自転車盗,宝塚,小浜,282146,兵庫県,宝塚市,中筋７丁目,20240722,16,その他の住宅（３階建て以下共同住宅等）,駐車（輪）場,50歳代,その他,施錠せず
窃盗,自転車盗,宝塚,小浜,282146,兵庫県,宝塚市,中筋９丁目,20240314,17,４階建て以上共同住宅,駐車（輪）場,60-64歳,その他,施錠した
窃盗,自転車盗,宝塚,小浜,282146,兵庫県,宝塚市,中山寺１丁目,20231115,20,４階建て以上共同住宅,駐車（輪）場,50歳代,その他,施錠せず
窃盗,自転車盗,宝塚,小浜,282146,兵庫県,宝塚市,中山寺１丁目,20240813,7,その他,駐車（輪）場,20歳代,大学生,施錠せず
窃盗,自転車盗,宝塚,小浜,282146,兵庫県,宝塚市,中山寺１丁目,20240922,10,その他,駐車（輪）場,20歳代,その他,施錠せず
窃盗,自転車盗,宝塚,小浜,282146,兵庫県,宝塚市,星の荘,20240902,16,その他の住宅（３階建て以下共同住宅等）,その他,20歳代,その他,施錠した
窃盗,自転車盗,宝塚,小浜,282146,兵庫県,宝塚市,売布東の町,20240101,0,その他,駐車（輪）場,10歳代,高校生,施錠した
窃盗,自転車盗,宝塚,小浜,282146,兵庫県,宝塚市,売布東の町,20240101,1,その他,駐車（輪）場,10歳代,中学生,施錠せず
窃盗,自転車盗,宝塚,小浜,282146,兵庫県,宝塚市,売布東の町,20240101,1,その他,駐車（輪）場,10歳代,高校生,施錠せず
窃盗,自転車盗,宝塚,小浜,282146,兵庫県,宝塚市,売布東の町,20240315,17,その他,駐車（輪）場,10歳代,その他,施錠せず
窃盗,自転車盗,宝塚,小浜,282146,兵庫県,宝塚市,売布東の町,20240417,9,その他,駐車（輪）場,10歳代,高校生,施錠せず
窃盗,自転車盗,宝塚,小浜,282146,兵庫県,宝塚市,売布東の町,20240421,6,４階建て以上共同住宅,駐車（輪）場,40歳代,その他,施錠した
窃盗,自転車盗,宝塚,小浜,282146,兵庫県,宝塚市,売布東の町,20240517,17,その他,駐車（輪）場,20歳代,その他,施錠した
窃盗,自転車盗,宝塚,小浜,282146,兵庫県,宝塚市,売布東の町,20240521,11,その他,駐車（輪）場,10歳代,高校生,施錠せず
窃盗,自転車盗,宝塚,小浜,282146,兵庫県,宝塚市,売布東の町,20240804,8,その他,駐車（輪）場,20歳代,その他,施錠せず
窃盗,自転車盗,宝塚,小浜,282146,兵庫県,宝塚市,売布東の町,20240809,19,その他,駐車（輪）場,10歳代,高校生,施錠せず
窃盗,自転車盗,宝塚,小浜,282146,兵庫県,宝塚市,売布東の町,20240809,18,その他,駐車（輪）場,10歳代,中学生,施錠せず
窃盗,自転車盗,宝塚,小浜,282146,兵庫県,宝塚市,売布東の町,20240915,12,その他,駐車（輪）場,10歳代,大学生,施錠せず
窃盗,自転車盗,宝塚,安倉,282146,兵庫県,宝塚市,安倉西２丁目,20240803,22,４階建て以上共同住宅,駐車（輪）場,30歳代,その他,施錠せず
窃盗,自転車盗,宝塚,安倉,282146,兵庫県,宝塚市,安倉西２丁目,20241116,21,４階建て以上共同住宅,駐車（輪）場,10歳代,高校生,施錠せず
窃盗,自転車盗,宝塚,安倉,282146,兵庫県,宝塚市,安倉西４丁目,20240720,18,その他の住宅（３階建て以下共同住宅等）,駐車（輪）場,50歳代,その他,施錠せず
窃盗,自転車盗,宝塚,安倉,282146,兵庫県,宝塚市,安倉南１丁目,20240210,16,その他の住宅（３階建て以下共同住宅等）,駐車（輪）場,60-64歳,その他,施錠した
窃盗,自転車盗,宝塚,安倉,282146,兵庫県,宝塚市,安倉南３丁目,20241009,22,４階建て以上共同住宅,駐車（輪）場,50歳代,その他,施錠せず
窃盗,自転車盗,宝塚,安倉,282146,兵庫県,宝塚市,金井町,20240802,7,道路上,その他,50歳代,その他,施錠した
窃盗,自転車盗,宝塚,安倉,282146,兵庫県,宝塚市,弥生町,20240525,8,一戸建住宅,その他,10歳代,高校生,施錠せず
窃盗,自転車盗,宝塚,安倉,282146,兵庫県,宝塚市,弥生町,20241104,23,一戸建住宅,駐車（輪）場,40歳代,その他,施錠した
窃盗,自転車盗,宝塚,山本,282146,兵庫県,宝塚市,口谷西１丁目,20241001,11,４階建て以上共同住宅,駐車（輪）場,20歳代,その他,施錠せず
窃盗,自転車盗,宝塚,山本,282146,兵庫県,宝塚市,口谷西３丁目,20240721,23,その他の住宅（３階建て以下共同住宅等）,駐車（輪）場,10歳代,中学生,施錠せず
窃盗,自転車盗,宝塚,山本,282146,兵庫県,宝塚市,口谷東３丁目,20240117,18,その他の住宅（３階建て以下共同住宅等）,駐車（輪）場,30歳代,その他,施錠した
窃盗,自転車盗,宝塚,山本,282146,兵庫県,宝塚市,口谷東３丁目,20240612,23,駐車（輪）場,駐車（輪）場,10歳代,大学生,施錠した
窃盗,自転車盗,宝塚,山本,282146,兵庫県,宝塚市,長尾町,20240824,0,４階建て以上共同住宅,駐車（輪）場,65-69歳,その他,施錠せず
窃盗,自転車盗,宝塚,山本,282146,兵庫県,宝塚市,長尾町,20241126,20,４階建て以上共同住宅,駐車（輪）場,10歳代,中学生,施錠せず
窃盗,自転車盗,宝塚,山本,282146,兵庫県,宝塚市,平井１丁目,20240104,9,その他,駐車（輪）場,10歳代,小学生,施錠した
窃盗,自転車盗,宝塚,山本,282146,兵庫県,宝塚市,平井１丁目,20240114,10,その他,駐車（輪）場,40歳代,その他,施錠した
窃盗,自転車盗,宝塚,山本,282146,兵庫県,宝塚市,平井１丁目,20240206,8,その他,駐車（輪）場,50歳代,その他,施錠した
窃盗,自転車盗,宝塚,山本,282146,兵庫県,宝塚市,平井１丁目,20241101,7,その他,駐車（輪）場,10歳代,高校生,施錠した
窃盗,自転車盗,宝塚,山本,282146,兵庫県,宝塚市,平井５丁目,20240128,19,その他の住宅（３階建て以下共同住宅等）,駐車（輪）場,30歳代,その他,施錠した
窃盗,自転車盗,宝塚,山本,282146,兵庫県,宝塚市,山本野里１丁目,20240515,15,４階建て以上共同住宅,駐車（輪）場,10歳代,中学生,施錠せず
窃盗,自転車盗,宝塚,山本,282146,兵庫県,宝塚市,山本野里１丁目,20240923,10,その他の住宅（３階建て以下共同住宅等）,その他,20歳代,その他,施錠せず
窃盗,自転車盗,宝塚,山本,282146,兵庫県,宝塚市,山本野里３丁目,20240527,20,４階建て以上共同住宅,駐車（輪）場,30歳代,その他,施錠せず
窃盗,自転車盗,宝塚,山本,282146,兵庫県,宝塚市,山本東２丁目,20240114,9,道路上,その他,50歳代,その他,施錠した
窃盗,自転車盗,宝塚,山本,282146,兵庫県,宝塚市,山本東３丁目,20240708,17,その他,駐車（輪）場,20歳代,その他,施錠した
窃盗,自転車盗,宝塚,山本,282146,兵庫県,宝塚市,山本丸橋１丁目,20240125,8,４階建て以上共同住宅,駐車（輪）場,40歳代,その他,施錠せず
窃盗,自転車盗,宝塚,山本,282146,兵庫県,宝塚市,山本丸橋１丁目,20240319,18,その他の住宅（３階建て以下共同住宅等）,駐車（輪）場,10歳代,中学生,施錠せず
窃盗,自転車盗,宝塚,山本,282146,兵庫県,宝塚市,山本丸橋１丁目,20240527,1,その他の住宅（３階建て以下共同住宅等）,駐車（輪）場,10歳代,その他,施錠せず
窃盗,自転車盗,宝塚,小林,282146,兵庫県,宝塚市,小林２丁目,20240214,8,その他,駐車（輪）場,10歳代,高校生,施錠した
窃盗,自転車盗,宝塚,小林,282146,兵庫県,宝塚市,小林２丁目,20231203,19,その他の住宅（３階建て以下共同住宅等）,駐車（輪）場,40歳代,その他,施錠した
窃盗,自転車盗,宝塚,小林,282146,兵庫県,宝塚市,小林２丁目,20240522,19,その他,駐車（輪）場,70歳以上,その他,施錠せず
窃盗,自転車盗,宝塚,小林,282146,兵庫県,宝塚市,小林２丁目,20240528,17,４階建て以上共同住宅,駐車（輪）場,70歳以上,その他,施錠せず
窃盗,自転車盗,宝塚,小林,282146,兵庫県,宝塚市,小林２丁目,20240723,8,その他,駐車（輪）場,40歳代,その他,施錠せず
窃盗,自転車盗,宝塚,小林,282146,兵庫県,宝塚市,小林２丁目,20241006,13,その他,駐車（輪）場,65-69歳,その他,施錠した
窃盗,自転車盗,宝塚,小林,282146,兵庫県,宝塚市,小林２丁目,20240914,18,道路上,その他,20歳代,その他,施錠せず
窃盗,自転車盗,宝塚,小林,282146,兵庫県,宝塚市,小林３丁目,20240308,16,一戸建住宅,駐車（輪）場,50歳代,その他,施錠せず
窃盗,自転車盗,宝塚,小林,282146,兵庫県,宝塚市,小林３丁目,20241112,10,道路上,その他,70歳以上,その他,施錠せず
窃盗,自転車盗,宝塚,小林,282146,兵庫県,宝塚市,小林４丁目,20240409,22,その他の住宅（３階建て以下共同住宅等）,駐車（輪）場,30歳代,その他,施錠した
窃盗,自転車盗,宝塚,小林,282146,兵庫県,宝塚市,小林４丁目,20240730,12,４階建て以上共同住宅,駐車（輪）場,20歳代,大学生,施錠した
窃盗,自転車盗,宝塚,小林,282146,兵庫県,宝塚市,小林４丁目,20241111,0,その他の住宅（３階建て以下共同住宅等）,駐車（輪）場,20歳代,大学生,施錠した
窃盗,自転車盗,宝塚,小林,282146,兵庫県,宝塚市,小林５丁目,20240427,8,その他,その他,20歳代,その他,施錠せず
窃盗,自転車盗,宝塚,小林,282146,兵庫県,宝塚市,小林５丁目,20240608,10,その他,駐車（輪）場,65-69歳,その他,施錠せず
窃盗,自転車盗,宝塚,小林,282146,兵庫県,宝塚市,小林５丁目,20240728,15,その他,駐車（輪）場,40歳代,その他,施錠した
窃盗,自転車盗,宝塚,小林,282146,兵庫県,宝塚市,小林５丁目,20240817,9,その他の住宅（３階建て以下共同住宅等）,駐車（輪）場,40歳代,その他,施錠せず
窃盗,自転車盗,宝塚,小林,282146,兵庫県,宝塚市,小林５丁目,20240819,17,その他,駐車（輪）場,20歳代,その他,施錠せず
窃盗,自転車盗,宝塚,小林,282146,兵庫県,宝塚市,小林５丁目,20240915,9,その他,駐車（輪）場,10歳代,高校生,施錠せず
窃盗,自転車盗,宝塚,小林,282146,兵庫県,宝塚市,小林５丁目,20241009,16,道路上,その他,70歳以上,その他,施錠せず
窃盗,自転車盗,宝塚,小林,282146,兵庫県,宝塚市,千種１丁目,20240628,16,一戸建住宅,その他,40歳代,その他,施錠した
窃盗,自転車盗,宝塚,仁川,282146,兵庫県,宝塚市,鹿塩１丁目,20231224,19,４階建て以上共同住宅,駐車（輪）場,40歳代,その他,施錠せず
窃盗,自転車盗,宝塚,仁川,282146,兵庫県,宝塚市,鹿塩１丁目,20240509,16,４階建て以上共同住宅,駐車（輪）場,30歳代,その他,施錠した
窃盗,自転車盗,宝塚,仁川,282146,兵庫県,宝塚市,鹿塩１丁目,20241220,23,その他,駐車（輪）場,10歳代,大学生,施錠せず
窃盗,自転車盗,宝塚,仁川,282146,兵庫県,宝塚市,高司１丁目,20240518,12,４階建て以上共同住宅,駐車（輪）場,10歳代,中学生,施錠した
窃盗,自転車盗,宝塚,仁川,282146,兵庫県,宝塚市,高司１丁目,20240720,18,その他,駐車（輪）場,20歳代,大学生,施錠せず
窃盗,自転車盗,宝塚,仁川,282146,兵庫県,宝塚市,高司１丁目,20240927,16,その他,駐車（輪）場,10歳代,高校生,施錠せず
窃盗,自転車盗,宝塚,仁川,282146,兵庫県,宝塚市,仁川北２丁目,20240222,15,道路上,その他,10歳代,高校生,施錠せず
窃盗,自転車盗,宝塚,仁川,282146,兵庫県,宝塚市,仁川北２丁目,20240503,17,４階建て以上共同住宅,駐車（輪）場,10歳代,高校生,施錠した
窃盗,自転車盗,宝塚,仁川,282146,兵庫県,宝塚市,仁川北２丁目,20240515,19,その他,その他,30歳代,その他,施錠せず
窃盗,自転車盗,宝塚,仁川,282146,兵庫県,宝塚市,仁川北２丁目,20240704,7,道路上,その他,10歳代,小学生,施錠せず
窃盗,自転車盗,宝塚,仁川,282146,兵庫県,宝塚市,仁川北２丁目,20240730,16,その他,駐車（輪）場,10歳代,中学生,施錠せず
窃盗,自転車盗,宝塚,仁川,282146,兵庫県,宝塚市,仁川北２丁目,20241028,11,４階建て以上共同住宅,駐車（輪）場,50歳代,その他,施錠せず
窃盗,自転車盗,宝塚,仁川,282146,兵庫県,宝塚市,仁川北３丁目,20240916,15,４階建て以上共同住宅,駐車（輪）場,10歳代,中学生,施錠せず
窃盗,自転車盗,宝塚,仁川,282146,兵庫県,宝塚市,仁川北３丁目,20241101,17,その他の住宅（３階建て以下共同住宅等）,駐車（輪）場,20歳代,大学生,施錠せず
窃盗,自転車盗,宝塚,仁川,282146,兵庫県,宝塚市,仁川高台２丁目,20241128,21,一戸建住宅,その他,50歳代,その他,施錠せず
窃盗,自転車盗,宝塚,清荒神,282146,兵庫県,宝塚市,清荒神１丁目,20240817,10,その他,駐車（輪）場,40歳代,その他,施錠せず
窃盗,自転車盗,宝塚,清荒神,282146,兵庫県,宝塚市,清荒神４丁目,20241202,17,その他,その他,10歳未満,小学生,施錠せず
窃盗,自転車盗,宝塚,清荒神,282146,兵庫県,宝塚市,売布２丁目,20241019,19,その他,その他,20歳代,その他,施錠せず
窃盗,自転車盗,宝塚,清荒神,282146,兵庫県,宝塚市,売布２丁目,20241026,8,その他,その他,65-69歳,その他,施錠せず
窃盗,自転車盗,宝塚,中山台,282146,兵庫県,宝塚市,中筋１丁目,20240227,18,その他の住宅（３階建て以下共同住宅等）,駐車（輪）場,20歳代,その他,施錠せず
窃盗,自転車盗,宝塚,中山台,282146,兵庫県,宝塚市,中筋３丁目,20241121,8,駐車（輪）場,駐車（輪）場,10歳代,高校生,施錠せず
窃盗,自転車盗,宝塚,中山台,282146,兵庫県,宝塚市,中筋３丁目,20241126,8,その他の住宅（３階建て以下共同住宅等）,駐車（輪）場,10歳代,高校生,施錠せず
窃盗,自転車盗,宝塚,中山台,282146,兵庫県,宝塚市,中筋４丁目,20240315,10,その他,駐車（輪）場,50歳代,その他,施錠せず
窃盗,自転車盗,宝塚,中山台,282146,兵庫県,宝塚市,中筋４丁目,20240824,17,その他,駐車（輪）場,10歳代,高校生,施錠せず
窃盗,自転車盗,宝塚,中山台,282146,兵庫県,宝塚市,中筋４丁目,20240930,18,その他,駐車（輪）場,10歳代,高校生,施錠せず
窃盗,自転車盗,宝塚,中山台,282146,兵庫県,宝塚市,中筋４丁目,20241001,20,その他,駐車（輪）場,10歳代,高校生,施錠せず
窃盗,自転車盗,宝塚,中山台,282146,兵庫県,宝塚市,中筋４丁目,20241116,10,その他,駐車（輪）場,10歳代,高校生,施錠した
窃盗,自転車盗,宝塚,中山台,282146,兵庫県,宝塚市,中筋山手１丁目,20240204,18,駐車（輪）場,駐車（輪）場,20歳代,大学生,施錠した
窃盗,自転車盗,宝塚,つつじガ丘,282146,兵庫県,宝塚市,花屋敷荘園３丁目,20240428,14,一戸建住宅,駐車（輪）場,10歳代,高校生,施錠せず
窃盗,自転車盗,宝塚,つつじガ丘,282146,兵庫県,宝塚市,雲雀丘１丁目,20241129,7,その他,その他,50歳代,その他,施錠せず
窃盗,自転車盗,宝塚,つつじガ丘,282146,兵庫県,宝塚市,ふじガ丘,20240905,18,一戸建住宅,その他,10歳代,高校生,施錠せず
窃盗,自転車盗,宝塚,大原野,282146,兵庫県,宝塚市,大原野字小林,20241205,14,一戸建住宅,その他,70歳以上,その他,施錠せず
窃盗,自転車盗,三田,三田南,282197,兵庫県,三田市,相生町,20240430,8,その他,駐車（輪）場,10歳代,高校生,施錠せず
窃盗,自転車盗,三田,三田南,282197,兵庫県,三田市,相生町,20240522,12,道路上,その他,20歳代,その他,施錠せず
窃盗,自転車盗,三田,三田南,282197,兵庫県,三田市,南が丘２丁目,20240312,21,その他,駐車（輪）場,10歳代,高校生,施錠せず
窃盗,自転車盗,三田,三田南,282197,兵庫県,三田市,横山町,20231228,17,４階建て以上共同住宅,駐車（輪）場,10歳代,高校生,施錠した
窃盗,自転車盗,三田,三田南,282197,兵庫県,三田市,横山町,20230831,17,４階建て以上共同住宅,駐車（輪）場,20歳代,大学生,施錠した
窃盗,自転車盗,三田,三田南,282197,兵庫県,三田市,横山町,20240714,18,４階建て以上共同住宅,駐車（輪）場,10歳代,小学生,施錠した
窃盗,自転車盗,三田,三田南,282197,兵庫県,三田市,三田町,20240531,18,４階建て以上共同住宅,駐車（輪）場,30歳代,その他,施錠した
窃盗,自転車盗,三田,三田駅前,282197,兵庫県,三田市,駅前町,20240210,10,道路上,その他,10歳代,その他,施錠せず
窃盗,自転車盗,三田,三田駅前,282197,兵庫県,三田市,川除,20240430,0,その他,駐車（輪）場,20歳代,その他,施錠した
窃盗,自転車盗,三田,三田駅前,282197,兵庫県,三田市,高次１丁目,20240621,5,４階建て以上共同住宅,駐車（輪）場,50歳代,その他,施錠した
窃盗,自転車盗,三田,三田駅前,282197,兵庫県,三田市,三輪１丁目,20240930,19,４階建て以上共同住宅,駐車（輪）場,10歳代,高校生,施錠した
窃盗,自転車盗,三田,三田駅前,282197,兵庫県,三田市,三輪２丁目,20241220,20,その他の住宅（３階建て以下共同住宅等）,駐車（輪）場,20歳代,その他,施錠せず
窃盗,自転車盗,三田,三田駅前,282197,兵庫県,三田市,三輪４丁目,20240728,13,その他,駐車（輪）場,20歳代,大学生,施錠せず
窃盗,自転車盗,三田,三田駅前,282197,兵庫県,三田市,駅前町,20240329,9,その他,駐車（輪）場,10歳代,中学生,施錠せず
窃盗,自転車盗,三田,三田駅前,282197,兵庫県,三田市,駅前町,20240401,0,４階建て以上共同住宅,駐車（輪）場,10歳代,大学生,施錠した
窃盗,自転車盗,三田,三田駅前,282197,兵庫県,三田市,駅前町,20240509,8,その他,駐車（輪）場,10歳代,高校生,施錠せず
窃盗,自転車盗,三田,三田駅前,282197,兵庫県,三田市,駅前町,20240517,19,道路上,その他,70歳以上,その他,施錠せず
窃盗,自転車盗,三田,三田駅前,282197,兵庫県,三田市,中央町,20240322,10,その他,駐車（輪）場,10歳代,その他,施錠した
窃盗,自転車盗,三田,三田駅前,282197,兵庫県,三田市,中央町,20241220,12,その他,駐車（輪）場,10歳代,高校生,施錠せず
窃盗,自転車盗,三田,三田駅前,282197,兵庫県,三田市,中町,20240621,16,４階建て以上共同住宅,駐車（輪）場,70歳以上,その他,施錠した
窃盗,自転車盗,三田,あいの里,282197,兵庫県,三田市,上相野,20240401,7,その他,駐車（輪）場,50歳代,その他,施錠した
窃盗,自転車盗,三田,あいの里,282197,兵庫県,三田市,下相野,20240109,7,その他,駐車（輪）場,10歳代,高校生,施錠せず
窃盗,自転車盗,三田,あいの里,282197,兵庫県,三田市,下相野,20231129,11,その他,駐車（輪）場,20歳代,大学生,施錠せず
窃盗,自転車盗,三田,あいの里,282197,兵庫県,三田市,下相野,20241206,7,その他,駐車（輪）場,10歳代,中学生,施錠した
窃盗,自転車盗,三田,フラワータウン,282197,兵庫県,三田市,狭間が丘５丁目,20240302,10,４階建て以上共同住宅,駐車（輪）場,20歳代,その他,施錠した
窃盗,自転車盗,三田,フラワータウン,282197,兵庫県,三田市,武庫が丘４丁目,20240604,8,道路上,その他,10歳代,その他,施錠せず
窃盗,自転車盗,三田,フラワータウン,282197,兵庫県,三田市,武庫が丘７丁目,20240426,19,その他,駐車（輪）場,10歳代,中学生,施錠せず
窃盗,自転車盗,三田,フラワータウン,282197,兵庫県,三田市,武庫が丘７丁目,20240529,9,その他,その他,50歳代,その他,施錠せず
窃盗,自転車盗,三田,フラワータウン,282197,兵庫県,三田市,武庫が丘７丁目,20241120,17,その他,駐車（輪）場,10歳代,中学生,施錠せず
窃盗,自転車盗,三田,フラワータウン,282197,兵庫県,三田市,富士が丘２丁目,20240405,8,一戸建住宅,駐車（輪）場,10歳代,中学生,施錠せず
窃盗,自転車盗,三田,フラワータウン,282197,兵庫県,三田市,富士が丘５丁目,20240328,17,一戸建住宅,駐車（輪）場,10歳代,小学生,施錠せず
窃盗,自転車盗,三田,フラワータウン,282197,兵庫県,三田市,弥生が丘１丁目,20240324,17,その他,駐車（輪）場,10歳代,高校生,施錠せず
窃盗,自転車盗,三田,フラワータウン,282197,兵庫県,三田市,弥生が丘１丁目,20240426,19,その他,駐車（輪）場,10歳代,中学生,施錠した
窃盗,自転車盗,三田,フラワータウン,282197,兵庫県,三田市,弥生が丘１丁目,20240905,21,その他,駐車（輪）場,10歳代,大学生,施錠せず
窃盗,自転車盗,三田,フラワータウン,282197,兵庫県,三田市,弥生が丘１丁目,20241208,17,道路上,その他,10歳代,小学生,施錠せず
窃盗,自転車盗,三田,フラワータウン,282197,兵庫県,三田市,弥生が丘４丁目,20240518,15,その他,駐車（輪）場,10歳代,高校生,施錠せず
窃盗,自転車盗,三田,フラワータウン,282197,兵庫県,三田市,弥生が丘６丁目,20240306,17,４階建て以上共同住宅,駐車（輪）場,10歳代,小学生,施錠せず
窃盗,自転車盗,三田,南ウッディタウン,282197,兵庫県,三田市,福島,20240529,21,その他,駐車（輪）場,20歳代,大学生,施錠せず
窃盗,自転車盗,三田,南ウッディタウン,282197,兵庫県,三田市,福島,20241022,8,その他,駐車（輪）場,10歳代,その他,施錠せず
窃盗,自転車盗,三田,南ウッディタウン,282197,兵庫県,三田市,福島２丁目,20240727,11,その他,駐車（輪）場,65-69歳,その他,施錠せず
窃盗,自転車盗,三田,南ウッディタウン,282197,兵庫県,三田市,福島２丁目,20241129,0,その他,駐車（輪）場,20歳代,高校生,施錠せず
窃盗,自転車盗,三田,南ウッディタウン,282197,兵庫県,三田市,すずかけ台２丁目,20240226,8,その他,駐車（輪）場,50歳代,その他,施錠した
窃盗,自転車盗,三田,南ウッディタウン,282197,兵庫県,三田市,すずかけ台２丁目,20240609,14,道路上,その他,10歳代,中学生,施錠せず
窃盗,自転車盗,三田,南ウッディタウン,282197,兵庫県,三田市,すずかけ台２丁目,20241113,9,道路上,その他,20歳代,その他,施錠した
窃盗,自転車盗,三田,南ウッディタウン,282197,兵庫県,三田市,すずかけ台３丁目,20240315,22,４階建て以上共同住宅,駐車（輪）場,20歳代,その他,施錠せず
窃盗,自転車盗,三田,南ウッディタウン,282197,兵庫県,三田市,すずかけ台３丁目,20240325,13,その他,駐車（輪）場,10歳代,高校生,施錠した
窃盗,自転車盗,三田,南ウッディタウン,282197,兵庫県,三田市,すずかけ台３丁目,20240914,0,４階建て以上共同住宅,駐車（輪）場,20歳代,大学生,施錠せず
窃盗,自転車盗,三田,ウッディタウン中央,282197,兵庫県,三田市,けやき台１丁目,20240218,14,その他,駐車（輪）場,10歳代,中学生,施錠せず
窃盗,自転車盗,三田,ウッディタウン中央,282197,兵庫県,三田市,けやき台１丁目,20240401,19,その他,駐車（輪）場,10歳代,高校生,施錠せず
窃盗,自転車盗,三田,ウッディタウン中央,282197,兵庫県,三田市,けやき台１丁目,20240408,14,その他,駐車（輪）場,10歳代,中学生,施錠せず
窃盗,自転車盗,三田,ウッディタウン中央,282197,兵庫県,三田市,けやき台１丁目,20240525,14,その他,その他,10歳代,大学生,施錠せず
窃盗,自転車盗,三田,ウッディタウン中央,282197,兵庫県,三田市,けやき台１丁目,20241026,20,道路上,その他,10歳代,高校生,施錠せず
窃盗,自転車盗,三田,ウッディタウン中央,282197,兵庫県,三田市,けやき台２丁目,20241129,13,その他,その他,20歳代,大学生,施錠した
窃盗,自転車盗,三田,ウッディタウン中央,282197,兵庫県,三田市,ゆりのき台１丁目,20240502,8,その他,駐車（輪）場,40歳代,その他,施錠せず
窃盗,自転車盗,三田,ウッディタウン中央,282197,兵庫県,三田市,ゆりのき台１丁目,20240625,7,その他,駐車（輪）場,10歳代,高校生,施錠せず
窃盗,自転車盗,三田,ウッディタウン中央,282197,兵庫県,三田市,学園上ケ原,20240620,13,その他,駐車（輪）場,20歳代,大学生,施錠した
窃盗,自転車盗,三田,ウッディタウン中央,282197,兵庫県,三田市,学園上ケ原,20240626,12,その他,駐車（輪）場,10歳代,大学生,施錠せず
窃盗,自転車盗,三田,ウッディタウン中央,282197,兵庫県,三田市,学園上ケ原,20240730,9,その他,駐車（輪）場,10歳代,大学生,施錠せず
窃盗,自転車盗,三田,ウッディタウン中央,282197,兵庫県,三田市,学園上ケ原,20240925,15,その他,駐車（輪）場,20歳代,大学生,施錠せず
窃盗,自転車盗,三田,ウッディタウン中央,282197,兵庫県,三田市,学園上ケ原,20241206,11,その他,駐車（輪）場,10歳代,大学生,施錠せず
窃盗,自転車盗,三田,広野,282197,兵庫県,三田市,広野,20240406,15,その他,駐車（輪）場,10歳代,大学生,施錠せず
窃盗,自転車盗,三田,広野,282197,兵庫県,三田市,広野,20210901,10,その他,駐車（輪）場,20歳代,その他,施錠せず
窃盗,自転車盗,三田,広野,282197,兵庫県,三田市,広野,20240812,13,その他,駐車（輪）場,20歳代,大学生,施錠せず
窃盗,自転車盗,三田,下高平,282197,兵庫県,三田市,下里,20240921,19,一戸建住宅,駐車（輪）場,10歳代,小学生,施錠せず
窃盗,自転車盗,篠山,篠山,282219,兵庫県,丹波篠山市,大沢２丁目,20240818,11,駐車（輪）場,駐車（輪）場,10歳代,高校生,施錠せず
窃盗,自転車盗,篠山,篠山,282219,兵庫県,丹波篠山市,北新町,20240105,9,駐車（輪）場,駐車（輪）場,10歳代,小学生,施錠した
窃盗,自転車盗,篠山,篠山,282219,兵庫県,丹波篠山市,黒岡,20241201,9,駐車（輪）場,駐車（輪）場,10歳代,高校生,施錠せず
窃盗,自転車盗,篠山,篠山,282219,兵庫県,丹波篠山市,黒岡,20241201,9,駐車（輪）場,駐車（輪）場,10歳代,高校生,施錠せず
窃盗,自転車盗,篠山,篠山,282219,兵庫県,丹波篠山市,南新町,20240608,15,その他の住宅（３階建て以下共同住宅等）,駐車（輪）場,10歳代,高校生,施錠せず
窃盗,自転車盗,篠山,篠山口駅前,282219,兵庫県,丹波篠山市,大沢２丁目,20240726,6,駐車（輪）場,駐車（輪）場,10歳代,その他,施錠せず
窃盗,自転車盗,篠山,篠山口駅前,282219,兵庫県,丹波篠山市,大沢２丁目,20241211,7,駐車（輪）場,駐車（輪）場,10歳代,高校生,施錠せず
窃盗,自転車盗,篠山,河内,282219,兵庫県,丹波篠山市,打坂,20240303,13,一戸建住宅,その他,65-69歳,その他,施錠せず
窃盗,自転車盗,篠山,河内,282219,兵庫県,丹波篠山市,垣屋,20240909,15,一戸建住宅,駐車（輪）場,65-69歳,その他,施錠せず
窃盗,自転車盗,篠山,古市,282219,兵庫県,丹波篠山市,南矢代,20241030,6,駐車（輪）場,駐車（輪）場,20歳代,その他,施錠せず
窃盗,自転車盗,丹波,柏原駅前,282235,兵庫県,丹波市,柏原町　柏原,20241126,15,４階建て以上共同住宅,駐車（輪）場,10歳代,その他,施錠せず
窃盗,自転車盗,丹波,池谷,282235,兵庫県,丹波市,山南町　池谷,20240524,7,その他,駐車（輪）場,10歳代,高校生,施錠せず
窃盗,自転車盗,丹波,池谷,282235,兵庫県,丹波市,山南町　池谷,20240707,8,その他,駐車（輪）場,10歳代,中学生,施錠せず
窃盗,自転車盗,丹波,池谷,282235,兵庫県,丹波市,山南町　池谷,20241202,7,その他,駐車（輪）場,10歳代,高校生,施錠せず
窃盗,自転車盗,丹波,石生,282235,兵庫県,丹波市,氷上町　石生,20240207,7,その他,駐車（輪）場,30歳代,その他,施錠せず
窃盗,自転車盗,丹波,石生,282235,兵庫県,丹波市,氷上町　石生,20240305,20,その他,駐車（輪）場,40歳代,その他,施錠せず
窃盗,自転車盗,丹波,石生,282235,兵庫県,丹波市,氷上町　石生,20240705,7,その他,駐車（輪）場,10歳代,高校生,施錠せず
窃盗,自転車盗,丹波,石生,282235,兵庫県,丹波市,氷上町　石生,20240710,7,その他,駐車（輪）場,10歳代,高校生,施錠せず
窃盗,自転車盗,丹波,石生,282235,兵庫県,丹波市,氷上町　石生,20241012,8,その他,駐車（輪）場,10歳代,高校生,施錠せず
窃盗,自転車盗,丹波,石生,282235,兵庫県,丹波市,氷上町　石生,20241210,7,その他,駐車（輪）場,20歳代,その他,施錠せず
窃盗,自転車盗,丹波,佐治,282235,兵庫県,丹波市,青垣町　佐治,20240510,17,一戸建住宅,その他,60-64歳,その他,施錠した
窃盗,自転車盗,丹波,黒井,282235,兵庫県,丹波市,春日町　黒井,20240709,20,その他,駐車（輪）場,30歳代,その他,施錠せず
窃盗,自転車盗,丹波,市島,282235,兵庫県,丹波市,市島町　市島,20240806,16,その他,駐車（輪）場,20歳代,その他,施錠せず
窃盗,自転車盗,丹波,中竹田,282235,兵庫県,丹波市,市島町　中竹田,20241010,7,その他,駐車（輪）場,10歳代,高校生,施錠せず
窃盗,自転車盗,明石,明石駅前,282031,兵庫県,明石市,明石公園,20240129,11,その他,駐車（輪）場,40歳代,その他,施錠せず
窃盗,自転車盗,明石,明石駅前,282031,兵庫県,明石市,明石公園,20240521,15,その他,駐車（輪）場,10歳代,高校生,施錠せず
窃盗,自転車盗,明石,明石駅前,282031,兵庫県,明石市,明石公園,20240720,11,その他,駐車（輪）場,65-69歳,その他,施錠せず
窃盗,自転車盗,明石,明石駅前,282031,兵庫県,明石市,明石公園,20240916,13,その他,駐車（輪）場,10歳代,中学生,施錠せず
窃盗,自転車盗,明石,明石駅前,282031,兵庫県,明石市,明石公園,20240926,12,その他,その他,60-64歳,その他,施錠した
窃盗,自転車盗,明石,明石駅前,282031,兵庫県,明石市,明石公園,20241225,12,その他,その他,10歳代,高校生,施錠せず
窃盗,自転車盗,明石,明石駅前,282031,兵庫県,明石市,上ノ丸１丁目,20240202,10,その他の住宅（３階建て以下共同住宅等）,駐車（輪）場,10歳代,高校生,施錠せず
窃盗,自転車盗,明石,明石駅前,282031,兵庫県,明石市,上ノ丸２丁目,20241025,23,その他の住宅（３階建て以下共同住宅等）,駐車（輪）場,20歳代,その他,施錠せず
窃盗,自転車盗,明石,明石駅前,282031,兵庫県,明石市,上ノ丸２丁目,20241223,16,４階建て以上共同住宅,駐車（輪）場,10歳代,中学生,施錠した
窃盗,自転車盗,明石,明石駅前,282031,兵庫県,明石市,大明石町１丁目,20240209,7,駐車（輪）場,駐車（輪）場,30歳代,その他,施錠した
窃盗,自転車盗,明石,明石駅前,282031,兵庫県,明石市,大明石町１丁目,20230611,21,道路上,その他,法人・団体、被害者なし,法人・団体、被害者なし,施錠せず
窃盗,自転車盗,明石,明石駅前,282031,兵庫県,明石市,大明石町１丁目,20240621,20,その他,駐車（輪）場,30歳代,その他,施錠せず
窃盗,自転車盗,明石,明石駅前,282031,兵庫県,明石市,大明石町１丁目,20240619,17,その他,駐車（輪）場,20歳代,その他,施錠せず
窃盗,自転車盗,明石,明石駅前,282031,兵庫県,明石市,大明石町１丁目,20240709,10,その他,駐車（輪）場,30歳代,その他,施錠した
窃盗,自転車盗,明石,明石駅前,282031,兵庫県,明石市,大明石町１丁目,20240729,21,その他,駐車（輪）場,20歳代,その他,施錠した
窃盗,自転車盗,明石,明石駅前,282031,兵庫県,明石市,大明石町１丁目,20240804,22,道路上,その他,10歳代,その他,施錠した
窃盗,自転車盗,明石,明石駅前,282031,兵庫県,明石市,大明石町１丁目,20241224,17,駐車（輪）場,駐車（輪）場,20歳代,その他,施錠せず
窃盗,自転車盗,明石,明石駅前,282031,兵庫県,明石市,大明石町２丁目,20230709,18,４階建て以上共同住宅,駐車（輪）場,10歳代,中学生,施錠せず
窃盗,自転車盗,明石,明石駅前,282031,兵庫県,明石市,茶園場町,20200101,不明,その他,駐車（輪）場,70歳以上,その他,施錠せず
窃盗,自転車盗,明石,明石駅前,282031,兵庫県,明石市,鷹匠町,20240214,20,その他の住宅（３階建て以下共同住宅等）,駐車（輪）場,20歳代,その他,施錠せず
窃盗,自転車盗,明石,明石駅前,282031,兵庫県,明石市,鷹匠町,20240331,8,その他,駐車（輪）場,40歳代,その他,施錠せず
窃盗,自転車盗,明石,明石駅前,282031,兵庫県,明石市,鷹匠町,20240614,16,一戸建住宅,駐車（輪）場,20歳代,その他,施錠せず
窃盗,自転車盗,明石,明石駅前,282031,兵庫県,明石市,鷹匠町,20240902,8,その他,駐車（輪）場,30歳代,その他,施錠せず
窃盗,自転車盗,明石,明石駅前,282031,兵庫県,明石市,東仲ノ町,20240109,12,その他,駐車（輪）場,20歳代,その他,施錠した
窃盗,自転車盗,明石,明石駅前,282031,兵庫県,明石市,東仲ノ町,20240315,0,駐車（輪）場,駐車（輪）場,20歳代,その他,施錠せず
窃盗,自転車盗,明石,明石駅前,282031,兵庫県,明石市,東仲ノ町,20240401,11,道路上,その他,70歳以上,その他,施錠した
窃盗,自転車盗,明石,明石駅前,282031,兵庫県,明石市,東仲ノ町,20240417,14,道路上,その他,70歳以上,その他,施錠した
窃盗,自転車盗,明石,明石駅前,282031,兵庫県,明石市,東仲ノ町,20240412,14,その他,その他,50歳代,その他,施錠した
窃盗,自転車盗,明石,明石駅前,282031,兵庫県,明石市,東仲ノ町,20240426,18,その他,その他,20歳代,大学生,施錠した
窃盗,自転車盗,明石,明石駅前,282031,兵庫県,明石市,東仲ノ町,20240511,16,その他,駐車（輪）場,10歳代,高校生,施錠せず
窃盗,自転車盗,明石,明石駅前,282031,兵庫県,明石市,東仲ノ町,20240511,12,その他,駐車（輪）場,10歳代,大学生,施錠せず
窃盗,自転車盗,明石,明石駅前,282031,兵庫県,明石市,東仲ノ町,20240509,8,駐車（輪）場,駐車（輪）場,10歳代,その他,施錠せず
窃盗,自転車盗,明石,明石駅前,282031,兵庫県,明石市,東仲ノ町,20240718,9,その他,その他,10歳代,高校生,施錠せず
窃盗,自転車盗,明石,明石駅前,282031,兵庫県,明石市,東仲ノ町,20240717,12,その他,駐車（輪）場,20歳代,大学生,施錠せず
窃盗,自転車盗,明石,本町,282031,兵庫県,明石市,相生町２丁目,20240921,0,その他,駐車（輪）場,20歳代,その他,施錠せず
窃盗,自転車盗,明石,本町,282031,兵庫県,明石市,材木町,20241209,20,４階建て以上共同住宅,駐車（輪）場,10歳代,中学生,施錠せず
窃盗,自転車盗,明石,本町,282031,兵庫県,明石市,樽屋町,20240317,8,４階建て以上共同住宅,その他,70歳以上,その他,施錠した
窃盗,自転車盗,明石,本町,282031,兵庫県,明石市,本町１丁目,20240207,19,駐車（輪）場,駐車（輪）場,70歳以上,その他,施錠せず
窃盗,自転車盗,明石,本町,282031,兵庫県,明石市,本町２丁目,20240711,7,道路上,その他,10歳代,高校生,施錠せず
窃盗,自転車盗,明石,本町,282031,兵庫県,明石市,本町２丁目,20240725,3,その他,駐車（輪）場,40歳代,その他,施錠せず
窃盗,自転車盗,明石,本町,282031,兵庫県,明石市,本町２丁目,20240906,17,駐車（輪）場,駐車（輪）場,10歳代,高校生,施錠せず
窃盗,自転車盗,明石,本町,282031,兵庫県,明石市,本町２丁目,20240927,14,駐車（輪）場,駐車（輪）場,40歳代,その他,施錠した
窃盗,自転車盗,明石,本町,282031,兵庫県,明石市,本町２丁目,20241019,13,その他,駐車（輪）場,10歳代,高校生,施錠せず
窃盗,自転車盗,明石,本町,282031,兵庫県,明石市,本町２丁目,20241203,7,駐車（輪）場,駐車（輪）場,20歳代,その他,施錠せず
窃盗,自転車盗,明石,本町,282031,兵庫県,明石市,本町２丁目,20241211,16,駐車（輪）場,駐車（輪）場,10歳代,高校生,施錠せず
窃盗,自転車盗,明石,本町,282031,兵庫県,明石市,港町,20241101,12,一戸建住宅,その他,70歳以上,その他,施錠せず
窃盗,自転車盗,明石,大蔵,282031,兵庫県,明石市,相生町１丁目,20240427,18,４階建て以上共同住宅,駐車（輪）場,50歳代,その他,施錠せず
窃盗,自転車盗,明石,大蔵,282031,兵庫県,明石市,相生町１丁目,20240502,8,４階建て以上共同住宅,駐車（輪）場,40歳代,その他,施錠せず
窃盗,自転車盗,明石,大蔵,282031,兵庫県,明石市,大蔵天神町,20231226,6,駐車（輪）場,駐車（輪）場,10歳代,高校生,施錠した
窃盗,自転車盗,明石,大蔵,282031,兵庫県,明石市,大蔵八幡町,20240629,15,その他,駐車（輪）場,10歳代,高校生,施錠せず
窃盗,自転車盗,明石,大蔵,282031,兵庫県,明石市,大蔵八幡町,20241030,8,その他,駐車（輪）場,70歳以上,その他,施錠せず
窃盗,自転車盗,明石,大蔵,282031,兵庫県,明石市,天文町１丁目,20240416,12,その他,駐車（輪）場,70歳以上,その他,施錠せず
窃盗,自転車盗,明石,大蔵,282031,兵庫県,明石市,東人丸町,20240714,12,一戸建住宅,駐車（輪）場,20歳代,その他,施錠した
窃盗,自転車盗,明石,大蔵,282031,兵庫県,明石市,東人丸町,20240714,12,一戸建住宅,駐車（輪）場,50歳代,その他,施錠した
窃盗,自転車盗,明石,大蔵,282031,兵庫県,明石市,東人丸町,20240714,12,一戸建住宅,駐車（輪）場,50歳代,その他,施錠した
窃盗,自転車盗,明石,大蔵,282031,兵庫県,明石市,人丸町,20240915,17,一戸建住宅,その他,70歳以上,その他,施錠せず
窃盗,自転車盗,明石,大蔵,282031,兵庫県,明石市,人丸町,20241213,13,４階建て以上共同住宅,駐車（輪）場,65-69歳,その他,施錠した
窃盗,自転車盗,明石,大蔵,282031,兵庫県,明石市,大蔵海岸通１丁目,20240521,17,その他,その他,10歳代,中学生,施錠せず
窃盗,自転車盗,明石,大蔵,282031,兵庫県,明石市,大蔵海岸通１丁目,20240706,7,その他,駐車（輪）場,10歳代,中学生,施錠した
窃盗,自転車盗,明石,大蔵,282031,兵庫県,明石市,大蔵海岸通１丁目,20240713,1,その他,駐車（輪）場,20歳代,その他,施錠せず
窃盗,自転車盗,明石,大蔵,282031,兵庫県,明石市,大蔵海岸通１丁目,20240724,11,その他,駐車（輪）場,10歳代,中学生,施錠せず
窃盗,自転車盗,明石,大蔵,282031,兵庫県,明石市,大蔵海岸通１丁目,20241110,14,その他,駐車（輪）場,10歳代,高校生,施錠せず
窃盗,自転車盗,明石,大蔵,282031,兵庫県,明石市,大蔵海岸通２丁目,20240601,12,その他,駐車（輪）場,10歳代,高校生,施錠せず
窃盗,自転車盗,明石,大蔵,282031,兵庫県,明石市,大蔵海岸通２丁目,20240917,8,道路上,その他,70歳以上,その他,施錠せず
窃盗,自転車盗,明石,西新町,282031,兵庫県,明石市,北王子町,20240722,13,一戸建住宅,駐車（輪）場,10歳代,小学生,施錠せず
窃盗,自転車盗,明石,西新町,282031,兵庫県,明石市,硯町１丁目,20241006,14,駐車（輪）場,駐車（輪）場,30歳代,その他,施錠せず
窃盗,自転車盗,明石,西新町,282031,兵庫県,明石市,硯町２丁目,20240402,16,４階建て以上共同住宅,駐車（輪）場,10歳未満,小学生,施錠せず
窃盗,自転車盗,明石,西新町,282031,兵庫県,明石市,硯町２丁目,20240629,3,その他,駐車（輪）場,50歳代,その他,施錠せず
窃盗,自転車盗,明石,西新町,282031,兵庫県,明石市,硯町２丁目,20240827,0,４階建て以上共同住宅,駐車（輪）場,30歳代,その他,施錠せず
窃盗,自転車盗,明石,西新町,282031,兵庫県,明石市,田町１丁目,20240322,20,４階建て以上共同住宅,駐車（輪）場,30歳代,その他,施錠せず
窃盗,自転車盗,明石,西新町,282031,兵庫県,明石市,田町２丁目,20240505,12,４階建て以上共同住宅,駐車（輪）場,10歳代,高校生,施錠せず
窃盗,自転車盗,明石,西新町,282031,兵庫県,明石市,大道町１丁目,20240613,22,その他の住宅（３階建て以下共同住宅等）,駐車（輪）場,20歳代,大学生,施錠せず
窃盗,自転車盗,明石,西新町,282031,兵庫県,明石市,西新町,20240606,17,その他,駐車（輪）場,10歳未満,小学生,施錠せず
窃盗,自転車盗,明石,西新町,282031,兵庫県,明石市,西新町２丁目,20240618,16,その他の住宅（３階建て以下共同住宅等）,駐車（輪）場,20歳代,大学生,施錠せず
窃盗,自転車盗,明石,西新町,282031,兵庫県,明石市,西新町２丁目,20241007,20,その他,その他,10歳代,高校生,施錠せず
窃盗,自転車盗,明石,西新町,282031,兵庫県,明石市,西新町３丁目,20240205,7,その他,駐車（輪）場,10歳代,高校生,施錠せず
窃盗,自転車盗,明石,西新町,282031,兵庫県,明石市,西新町３丁目,20240219,7,駐車（輪）場,駐車（輪）場,10歳代,高校生,施錠せず
窃盗,自転車盗,明石,西新町,282031,兵庫県,明石市,西新町３丁目,20240220,8,駐車（輪）場,駐車（輪）場,10歳代,高校生,施錠せず
窃盗,自転車盗,明石,西新町,282031,兵庫県,明石市,西新町３丁目,20240315,6,その他,駐車（輪）場,50歳代,その他,施錠した
窃盗,自転車盗,明石,西新町,282031,兵庫県,明石市,西新町３丁目,20240226,8,その他,駐車（輪）場,10歳代,高校生,施錠せず
窃盗,自転車盗,明石,西新町,282031,兵庫県,明石市,西新町３丁目,20240713,7,その他,駐車（輪）場,20歳代,その他,施錠せず
窃盗,自転車盗,明石,西新町,282031,兵庫県,明石市,西新町３丁目,20241005,17,その他,駐車（輪）場,10歳代,高校生,施錠せず
窃盗,自転車盗,明石,西新町,282031,兵庫県,明石市,西新町３丁目,20240920,18,その他,駐車（輪）場,30歳代,その他,施錠した
窃盗,自転車盗,明石,西新町,282031,兵庫県,明石市,西新町３丁目,20241126,8,その他,駐車（輪）場,10歳代,大学生,施錠せず
窃盗,自転車盗,明石,西新町,282031,兵庫県,明石市,西新町３丁目,20241203,12,その他,駐車（輪）場,20歳代,大学生,施錠せず
窃盗,自転車盗,明石,西新町,282031,兵庫県,明石市,船上町,20240411,22,一戸建住宅,駐車（輪）場,60-64歳,その他,施錠せず
窃盗,自転車盗,明石,西新町,282031,兵庫県,明石市,船上町,20240814,20,一戸建住宅,駐車（輪）場,10歳代,高校生,施錠せず
窃盗,自転車盗,明石,西新町,282031,兵庫県,明石市,南王子町,20240510,18,４階建て以上共同住宅,駐車（輪）場,10歳未満,小学生,施錠した
窃盗,自転車盗,明石,西新町,282031,兵庫県,明石市,南王子町,20241210,8,４階建て以上共同住宅,駐車（輪）場,50歳代,その他,施錠せず
窃盗,自転車盗,明石,林崎,282031,兵庫県,明石市,貴崎１丁目,20240627,17,４階建て以上共同住宅,駐車（輪）場,60-64歳,その他,施錠せず
窃盗,自転車盗,明石,林崎,282031,兵庫県,明石市,貴崎３丁目,20240702,10,その他,駐車（輪）場,65-69歳,その他,施錠せず
窃盗,自転車盗,明石,林崎,282031,兵庫県,明石市,貴崎４丁目,20240229,8,その他,駐車（輪）場,10歳代,高校生,施錠せず
窃盗,自転車盗,明石,林崎,282031,兵庫県,明石市,貴崎４丁目,20240806,3,４階建て以上共同住宅,駐車（輪）場,20歳代,その他,施錠せず
窃盗,自転車盗,明石,林崎,282031,兵庫県,明石市,立石１丁目,20241130,19,４階建て以上共同住宅,駐車（輪）場,10歳代,高校生,施錠せず
窃盗,自転車盗,明石,林崎,282031,兵庫県,明石市,林２丁目,20240421,17,一戸建住宅,駐車（輪）場,50歳代,その他,施錠せず
窃盗,自転車盗,明石,林崎,282031,兵庫県,明石市,林崎町３丁目,20240315,17,その他の住宅（３階建て以下共同住宅等）,駐車（輪）場,30歳代,その他,施錠した
窃盗,自転車盗,明石,林崎,282031,兵庫県,明石市,林崎町３丁目,20241014,5,４階建て以上共同住宅,駐車（輪）場,20歳代,その他,施錠した
窃盗,自転車盗,明石,林崎,282031,兵庫県,明石市,松江,20240618,8,その他の住宅（３階建て以下共同住宅等）,その他,30歳代,その他,施錠した
窃盗,自転車盗,明石,林崎,282031,兵庫県,明石市,南貴崎町,20240619,8,その他,駐車（輪）場,10歳代,高校生,施錠せず
窃盗,自転車盗,明石,林崎,282031,兵庫県,明石市,南貴崎町,20241021,7,その他,駐車（輪）場,20歳代,その他,施錠せず
窃盗,自転車盗,明石,林崎,282031,兵庫県,明石市,南貴崎町,20241120,6,その他,駐車（輪）場,20歳代,大学生,施錠した
窃盗,自転車盗,明石,小久保,282031,兵庫県,明石市,旭が丘,20240802,12,一戸建住宅,駐車（輪）場,10歳代,高校生,施錠した
窃盗,自転車盗,明石,小久保,282031,兵庫県,明石市,和坂,20240411,7,その他,駐車（輪）場,20歳代,その他,施錠した
窃盗,自転車盗,明石,小久保,282031,兵庫県,明石市,和坂,20240524,21,その他,駐車（輪）場,20歳代,その他,施錠せず
窃盗,自転車盗,明石,小久保,282031,兵庫県,明石市,和坂,20240721,8,その他,その他,10歳代,高校生,施錠した
窃盗,自転車盗,明石,小久保,282031,兵庫県,明石市,和坂,20240801,23,４階建て以上共同住宅,その他,20歳代,大学生,施錠した
窃盗,自転車盗,明石,小久保,282031,兵庫県,明石市,和坂,20240922,0,道路上,その他,50歳代,その他,施錠せず
窃盗,自転車盗,明石,小久保,282031,兵庫県,明石市,和坂往来端,20240308,7,その他,駐車（輪）場,10歳代,その他,施錠せず
窃盗,自転車盗,明石,小久保,282031,兵庫県,明石市,小久保１丁目,20240708,8,４階建て以上共同住宅,駐車（輪）場,40歳代,その他,施錠した
窃盗,自転車盗,明石,小久保,282031,兵庫県,明石市,小久保１丁目,20240911,7,４階建て以上共同住宅,駐車（輪）場,30歳代,その他,施錠した
窃盗,自転車盗,明石,小久保,282031,兵庫県,明石市,小久保２丁目,20240216,9,駐車（輪）場,駐車（輪）場,10歳代,高校生,施錠せず
窃盗,自転車盗,明石,小久保,282031,兵庫県,明石市,小久保２丁目,20240226,17,その他,その他,40歳代,その他,施錠せず
窃盗,自転車盗,明石,小久保,282031,兵庫県,明石市,小久保２丁目,20240227,1,駐車（輪）場,駐車（輪）場,50歳代,その他,施錠せず
窃盗,自転車盗,明石,小久保,282031,兵庫県,明石市,小久保２丁目,20240226,7,その他,駐車（輪）場,40歳代,その他,施錠せず
窃盗,自転車盗,明石,小久保,282031,兵庫県,明石市,小久保２丁目,20240414,10,その他,駐車（輪）場,10歳代,大学生,施錠した
窃盗,自転車盗,明石,小久保,282031,兵庫県,明石市,小久保２丁目,20240527,18,その他,駐車（輪）場,10歳代,大学生,施錠せず
窃盗,自転車盗,明石,小久保,282031,兵庫県,明石市,小久保２丁目,20240601,10,駐車（輪）場,駐車（輪）場,20歳代,その他,施錠せず
窃盗,自転車盗,明石,小久保,282031,兵庫県,明石市,小久保２丁目,20240620,6,その他,駐車（輪）場,30歳代,その他,施錠せず
窃盗,自転車盗,明石,小久保,282031,兵庫県,明石市,小久保２丁目,20240709,18,その他,駐車（輪）場,10歳代,高校生,施錠せず
窃盗,自転車盗,明石,小久保,282031,兵庫県,明石市,小久保２丁目,20240715,0,その他,駐車（輪）場,20歳代,その他,施錠せず
窃盗,自転車盗,明石,小久保,282031,兵庫県,明石市,小久保２丁目,20240803,6,その他,駐車（輪）場,20歳代,その他,施錠せず
窃盗,自転車盗,明石,小久保,282031,兵庫県,明石市,小久保２丁目,20240813,22,その他,駐車（輪）場,50歳代,その他,施錠せず
窃盗,自転車盗,明石,小久保,282031,兵庫県,明石市,小久保２丁目,20241120,9,その他,駐車（輪）場,20歳代,大学生,施錠せず
窃盗,自転車盗,明石,小久保,282031,兵庫県,明石市,小久保３丁目,20231229,6,駐車（輪）場,駐車（輪）場,30歳代,その他,施錠した
窃盗,自転車盗,明石,小久保,282031,兵庫県,明石市,小久保３丁目,20231231,0,一戸建住宅,その他,40歳代,その他,施錠せず
窃盗,自転車盗,明石,小久保,282031,兵庫県,明石市,小久保３丁目,20240613,10,その他の住宅（３階建て以下共同住宅等）,駐車（輪）場,60-64歳,その他,施錠した
窃盗,自転車盗,明石,小久保,282031,兵庫県,明石市,小久保５丁目,20240717,9,４階建て以上共同住宅,駐車（輪）場,30歳代,その他,施錠せず
窃盗,自転車盗,明石,小久保,282031,兵庫県,明石市,西明石北町１丁目,20240913,12,その他,駐車（輪）場,40歳代,その他,施錠せず
窃盗,自転車盗,明石,小久保,282031,兵庫県,明石市,西明石町４丁目,20241030,17,その他の住宅（３階建て以下共同住宅等）,駐車（輪）場,10歳代,小学生,施錠せず
窃盗,自転車盗,明石,小久保,282031,兵庫県,明石市,西明石町５丁目,20240128,21,４階建て以上共同住宅,その他,20歳代,その他,施錠せず
窃盗,自転車盗,明石,小久保,282031,兵庫県,明石市,西明石町５丁目,20240425,19,一戸建住宅,駐車（輪）場,10歳代,小学生,施錠せず
窃盗,自転車盗,明石,小久保,282031,兵庫県,明石市,野々上２丁目,20240531,12,その他の住宅（３階建て以下共同住宅等）,駐車（輪）場,40歳代,その他,施錠せず
窃盗,自転車盗,明石,小久保,282031,兵庫県,明石市,野々上３丁目,20240526,0,その他,駐車（輪）場,50歳代,その他,施錠せず
窃盗,自転車盗,明石,小久保,282031,兵庫県,明石市,野々上３丁目,20240702,23,その他の住宅（３階建て以下共同住宅等）,駐車（輪）場,20歳代,その他,施錠せず
窃盗,自転車盗,明石,小久保,282031,兵庫県,明石市,花園町,20241011,17,４階建て以上共同住宅,駐車（輪）場,30歳代,その他,施錠せず
窃盗,自転車盗,明石,小久保,282031,兵庫県,明石市,花園町,20241109,21,４階建て以上共同住宅,駐車（輪）場,20歳代,その他,施錠せず
窃盗,自転車盗,明石,小久保,282031,兵庫県,明石市,藤江,20240126,17,駐車（輪）場,駐車（輪）場,10歳代,中学生,施錠せず
窃盗,自転車盗,明石,小久保,282031,兵庫県,明石市,藤江,20240119,21,駐車（輪）場,駐車（輪）場,10歳代,高校生,施錠せず
窃盗,自転車盗,明石,小久保,282031,兵庫県,明石市,藤江,20240622,14,４階建て以上共同住宅,駐車（輪）場,30歳代,その他,施錠せず
窃盗,自転車盗,明石,小久保,282031,兵庫県,明石市,松の内１丁目,20240215,8,その他の住宅（３階建て以下共同住宅等）,駐車（輪）場,30歳代,その他,施錠した
窃盗,自転車盗,明石,小久保,282031,兵庫県,明石市,松の内１丁目,20240719,23,４階建て以上共同住宅,駐車（輪）場,20歳代,その他,施錠せず
窃盗,自転車盗,明石,小久保,282031,兵庫県,明石市,松の内２丁目,20230925,16,その他,駐車（輪）場,50歳代,その他,施錠せず
窃盗,自転車盗,明石,小久保,282031,兵庫県,明石市,松の内２丁目,20240619,18,４階建て以上共同住宅,駐車（輪）場,10歳代,小学生,施錠せず
窃盗,自転車盗,明石,小久保,282031,兵庫県,明石市,松の内２丁目,20240828,12,４階建て以上共同住宅,駐車（輪）場,40歳代,その他,施錠せず
窃盗,自転車盗,明石,小久保,282031,兵庫県,明石市,松の内２丁目,20240928,18,４階建て以上共同住宅,駐車（輪）場,60-64歳,大学生,施錠した
窃盗,自転車盗,明石,小久保,282031,兵庫県,明石市,明南町１丁目,20240715,13,その他の住宅（３階建て以下共同住宅等）,駐車（輪）場,40歳代,その他,施錠せず
窃盗,自転車盗,明石,小久保,282031,兵庫県,明石市,明南町１丁目,20241025,14,その他,駐車（輪）場,30歳代,その他,施錠した
窃盗,自転車盗,明石,小久保,282031,兵庫県,明石市,明南町２丁目,20240507,11,その他の住宅（３階建て以下共同住宅等）,駐車（輪）場,20歳代,その他,施錠せず
窃盗,自転車盗,明石,小久保,282031,兵庫県,明石市,和坂１丁目,20240923,21,その他の住宅（３階建て以下共同住宅等）,駐車（輪）場,20歳代,その他,施錠した
窃盗,自転車盗,明石,小久保,282031,兵庫県,明石市,和坂３丁目,20240801,20,４階建て以上共同住宅,駐車（輪）場,50歳代,その他,施錠せず
窃盗,自転車盗,明石,小久保,282031,兵庫県,明石市,沢野南町１丁目,20240624,8,４階建て以上共同住宅,駐車（輪）場,50歳代,その他,施錠した
窃盗,自転車盗,明石,小久保,282031,兵庫県,明石市,沢野南町１丁目,20240624,8,４階建て以上共同住宅,駐車（輪）場,50歳代,その他,施錠した
窃盗,自転車盗,明石,小久保,282031,兵庫県,明石市,沢野南町３丁目,20240508,7,その他の住宅（３階建て以下共同住宅等）,駐車（輪）場,10歳代,小学生,施錠せず
窃盗,自転車盗,明石,藤江,282031,兵庫県,明石市,藤江,20240404,7,その他,駐車（輪）場,30歳代,その他,施錠せず
窃盗,自転車盗,明石,藤江,282031,兵庫県,明石市,藤江,20240325,23,４階建て以上共同住宅,駐車（輪）場,10歳代,中学生,施錠せず
窃盗,自転車盗,明石,藤江,282031,兵庫県,明石市,藤江,20240617,19,４階建て以上共同住宅,駐車（輪）場,70歳以上,その他,施錠した
窃盗,自転車盗,明石,藤江,282031,兵庫県,明石市,藤江,20241217,8,その他,駐車（輪）場,40歳代,その他,施錠した
窃盗,自転車盗,明石,藤江,282031,兵庫県,明石市,藤江,20241218,9,４階建て以上共同住宅,駐車（輪）場,30歳代,その他,施錠せず
窃盗,自転車盗,明石,大久保,282031,兵庫県,明石市,大久保町　大窪,20241228,18,その他,駐車（輪）場,10歳代,中学生,施錠せず
窃盗,自転車盗,明石,大久保,282031,兵庫県,明石市,大久保町　大窪,20240216,19,４階建て以上共同住宅,駐車（輪）場,10歳代,中学生,施錠せず
窃盗,自転車盗,明石,大久保,282031,兵庫県,明石市,大久保町　大窪,20240514,23,道路上,その他,50歳代,その他,施錠せず
窃盗,自転車盗,明石,大久保,282031,兵庫県,明石市,大久保町　大窪,20240601,10,駐車（輪）場,駐車（輪）場,20歳代,その他,施錠せず
窃盗,自転車盗,明石,大久保,282031,兵庫県,明石市,大久保町　大窪,20240725,17,その他,駐車（輪）場,10歳代,高校生,施錠した
窃盗,自転車盗,明石,大久保,282031,兵庫県,明石市,大久保町　大窪,20240814,18,その他,駐車（輪）場,10歳代,高校生,施錠せず
窃盗,自転車盗,明石,大久保,282031,兵庫県,明石市,大久保町　大窪,20240913,10,道路上,その他,20歳代,その他,施錠せず
窃盗,自転車盗,明石,大久保,282031,兵庫県,明石市,大久保町　大窪,20240916,0,その他,駐車（輪）場,10歳代,その他,施錠せず
窃盗,自転車盗,明石,大久保,282031,兵庫県,明石市,大久保町　大窪,20241115,21,その他の住宅（３階建て以下共同住宅等）,その他,10歳代,大学生,施錠せず
窃盗,自転車盗,明石,大久保,282031,兵庫県,明石市,大久保町　大窪,20241210,17,その他,駐車（輪）場,10歳代,高校生,施錠せず
窃盗,自転車盗,明石,大久保,282031,兵庫県,明石市,大久保町　大久保町,20240229,21,一戸建住宅,駐車（輪）場,10歳代,高校生,施錠せず
窃盗,自転車盗,明石,大久保,282031,兵庫県,明石市,大久保町　大久保町,20240804,9,一戸建住宅,駐車（輪）場,30歳代,その他,施錠せず
窃盗,自転車盗,明石,大久保,282031,兵庫県,明石市,大久保町　大久保町,20241114,19,その他の住宅（３階建て以下共同住宅等）,駐車（輪）場,30歳代,その他,施錠した
窃盗,自転車盗,明石,大久保,282031,兵庫県,明石市,大久保町　西脇,20241028,17,４階建て以上共同住宅,駐車（輪）場,10歳代,中学生,施錠せず
窃盗,自転車盗,明石,大久保,282031,兵庫県,明石市,大久保町　福田,20240815,11,４階建て以上共同住宅,駐車（輪）場,10歳代,小学生,施錠せず
窃盗,自転車盗,明石,大久保,282031,兵庫県,明石市,大久保町　福田,20240818,16,４階建て以上共同住宅,駐車（輪）場,10歳代,高校生,施錠せず
窃盗,自転車盗,明石,大久保,282031,兵庫県,明石市,大久保町　松陰,20240614,17,一戸建住宅,その他,10歳未満,小学生,施錠せず
窃盗,自転車盗,明石,大久保,282031,兵庫県,明石市,大久保町　森田,20240127,23,一戸建住宅,駐車（輪）場,30歳代,その他,施錠した
窃盗,自転車盗,明石,大久保,282031,兵庫県,明石市,大久保町　森田,20241217,13,４階建て以上共同住宅,駐車（輪）場,20歳代,その他,施錠した
窃盗,自転車盗,明石,大久保,282031,兵庫県,明石市,藤江,20240119,17,その他,駐車（輪）場,10歳代,高校生,施錠せず
窃盗,自転車盗,明石,大久保,282031,兵庫県,明石市,大久保町　駅前１丁目,20240625,19,４階建て以上共同住宅,その他,10歳代,中学生,施錠せず
窃盗,自転車盗,明石,大久保,282031,兵庫県,明石市,大久保町　駅前１丁目,20240915,18,その他,駐車（輪）場,10歳代,高校生,施錠した
窃盗,自転車盗,明石,大久保,282031,兵庫県,明石市,大久保町　駅前１丁目,20240915,17,その他,駐車（輪）場,20歳代,大学生,施錠せず
窃盗,自転車盗,明石,大久保,282031,兵庫県,明石市,大久保町　駅前１丁目,20241002,7,その他,駐車（輪）場,40歳代,その他,施錠した
窃盗,自転車盗,明石,大久保,282031,兵庫県,明石市,大久保町　駅前１丁目,20241016,6,４階建て以上共同住宅,駐車（輪）場,30歳代,その他,施錠せず
窃盗,自転車盗,明石,大久保,282031,兵庫県,明石市,大久保町　駅前１丁目,20241029,9,その他,駐車（輪）場,20歳代,大学生,施錠せず
窃盗,自転車盗,明石,大久保,282031,兵庫県,明石市,大久保町　駅前１丁目,20241117,21,４階建て以上共同住宅,駐車（輪）場,20歳代,その他,施錠せず
窃盗,自転車盗,明石,大久保,282031,兵庫県,明石市,大久保町　駅前２丁目,20241006,12,４階建て以上共同住宅,駐車（輪）場,30歳代,その他,施錠せず
窃盗,自転車盗,明石,大久保,282031,兵庫県,明石市,大久保町　駅前２丁目,20241213,18,その他,駐車（輪）場,10歳代,中学生,施錠せず
窃盗,自転車盗,明石,大久保,282031,兵庫県,明石市,大久保町　茜１丁目,20241114,17,その他,その他,10歳未満,小学生,施錠せず
窃盗,自転車盗,明石,大久保南,282031,兵庫県,明石市,大久保町　江井島,20240712,13,その他,駐車（輪）場,40歳代,その他,施錠せず
窃盗,自転車盗,明石,大久保南,282031,兵庫県,明石市,大久保町　大久保町,20240316,19,４階建て以上共同住宅,駐車（輪）場,10歳代,高校生,施錠せず
窃盗,自転車盗,明石,大久保南,282031,兵庫県,明石市,大久保町　大久保町,20240518,19,駐車（輪）場,駐車（輪）場,10歳代,中学生,施錠せず
窃盗,自転車盗,明石,大久保南,282031,兵庫県,明石市,大久保町　大久保町,20240518,21,その他,駐車（輪）場,10歳代,高校生,施錠せず
窃盗,自転車盗,明石,大久保南,282031,兵庫県,明石市,大久保町　大久保町,20240909,20,４階建て以上共同住宅,駐車（輪）場,10歳代,中学生,施錠せず
窃盗,自転車盗,明石,大久保南,282031,兵庫県,明石市,大久保町　谷八木,20240318,15,その他の住宅（３階建て以下共同住宅等）,駐車（輪）場,70歳以上,その他,施錠せず
窃盗,自転車盗,明石,大久保南,282031,兵庫県,明石市,大久保町　谷八木,20240502,8,その他,駐車（輪）場,10歳代,高校生,施錠せず
窃盗,自転車盗,明石,大久保南,282031,兵庫県,明石市,大久保町　谷八木,20240812,0,一戸建住宅,駐車（輪）場,10歳代,高校生,施錠せず
窃盗,自転車盗,明石,大久保南,282031,兵庫県,明石市,大久保町　西島,20240115,10,駐車（輪）場,駐車（輪）場,10歳代,その他,施錠せず
窃盗,自転車盗,明石,大久保南,282031,兵庫県,明石市,大久保町　西島,20240721,11,その他,駐車（輪）場,10歳代,中学生,施錠した
窃盗,自転車盗,明石,大久保南,282031,兵庫県,明石市,大久保町　西島,20240722,9,その他,駐車（輪）場,10歳代,大学生,施錠せず
窃盗,自転車盗,明石,大久保南,282031,兵庫県,明石市,大久保町　西島,20241123,13,一戸建住宅,その他,20歳代,その他,施錠せず
窃盗,自転車盗,明石,大久保南,282031,兵庫県,明石市,大久保町　西島,20241204,17,４階建て以上共同住宅,駐車（輪）場,10歳代,小学生,施錠した
窃盗,自転車盗,明石,大久保南,282031,兵庫県,明石市,大久保町　八木,20240705,15,その他,駐車（輪）場,20歳代,その他,施錠せず
窃盗,自転車盗,明石,大久保南,282031,兵庫県,明石市,大久保町　八木,20240920,13,その他の住宅（３階建て以下共同住宅等）,駐車（輪）場,20歳代,その他,施錠せず
窃盗,自転車盗,明石,大久保南,282031,兵庫県,明石市,大久保町　八木,20240928,16,その他,駐車（輪）場,20歳代,その他,施錠せず
窃盗,自転車盗,明石,大久保南,282031,兵庫県,明石市,藤江,20240322,17,４階建て以上共同住宅,駐車（輪）場,10歳代,中学生,施錠せず
窃盗,自転車盗,明石,大久保南,282031,兵庫県,明石市,大久保町　ゆりのき通１丁目,20240301,16,その他,駐車（輪）場,10歳代,高校生,施錠した
窃盗,自転車盗,明石,大久保南,282031,兵庫県,明石市,大久保町　ゆりのき通１丁目,20240313,11,道路上,その他,20歳代,大学生,施錠せず
窃盗,自転車盗,明石,大久保南,282031,兵庫県,明石市,大久保町　ゆりのき通１丁目,20240623,20,その他,駐車（輪）場,20歳代,大学生,施錠せず
窃盗,自転車盗,明石,大久保南,282031,兵庫県,明石市,大久保町　ゆりのき通１丁目,20240729,20,その他,駐車（輪）場,10歳代,高校生,施錠せず
窃盗,自転車盗,明石,大久保南,282031,兵庫県,明石市,大久保町　ゆりのき通１丁目,20240802,13,その他,駐車（輪）場,10歳代,小学生,施錠せず
窃盗,自転車盗,明石,大久保南,282031,兵庫県,明石市,大久保町　ゆりのき通１丁目,20240831,18,その他,駐車（輪）場,10歳代,高校生,施錠せず
窃盗,自転車盗,明石,大久保南,282031,兵庫県,明石市,大久保町　ゆりのき通１丁目,20240904,16,その他,駐車（輪）場,10歳代,高校生,施錠せず
窃盗,自転車盗,明石,大久保南,282031,兵庫県,明石市,大久保町　ゆりのき通１丁目,20241012,11,その他,その他,10歳代,高校生,施錠せず
窃盗,自転車盗,明石,大久保南,282031,兵庫県,明石市,大久保町　ゆりのき通１丁目,20240108,20,その他,駐車（輪）場,20歳代,大学生,施錠せず
窃盗,自転車盗,明石,大久保南,282031,兵庫県,明石市,大久保町　ゆりのき通１丁目,20241203,19,その他,駐車（輪）場,10歳代,中学生,施錠せず
窃盗,自転車盗,明石,大久保南,282031,兵庫県,明石市,大久保町　ゆりのき通２丁目,20240105,19,道路上,その他,10歳代,中学生,施錠せず
窃盗,自転車盗,明石,大久保南,282031,兵庫県,明石市,大久保町　ゆりのき通２丁目,20240108,15,駐車（輪）場,駐車（輪）場,70歳以上,その他,施錠した
窃盗,自転車盗,明石,大久保南,282031,兵庫県,明石市,大久保町　ゆりのき通２丁目,20240303,17,その他,駐車（輪）場,10歳代,中学生,施錠せず
窃盗,自転車盗,明石,大久保南,282031,兵庫県,明石市,大久保町　ゆりのき通２丁目,20240423,21,その他,駐車（輪）場,10歳代,高校生,施錠した
窃盗,自転車盗,明石,大久保南,282031,兵庫県,明石市,大久保町　ゆりのき通２丁目,20240717,17,その他,駐車（輪）場,10歳代,高校生,施錠せず
窃盗,自転車盗,明石,大久保南,282031,兵庫県,明石市,大久保町　ゆりのき通２丁目,20240918,17,その他,駐車（輪）場,10歳代,高校生,施錠せず
窃盗,自転車盗,明石,大久保南,282031,兵庫県,明石市,大久保町　ゆりのき通２丁目,20241013,18,その他,駐車（輪）場,10歳代,高校生,施錠せず
窃盗,自転車盗,明石,大久保南,282031,兵庫県,明石市,大久保町　ゆりのき通２丁目,20241031,11,その他,駐車（輪）場,70歳以上,その他,施錠した
窃盗,自転車盗,明石,大久保南,282031,兵庫県,明石市,大久保町　ゆりのき通２丁目,20241111,12,その他,駐車（輪）場,65-69歳,その他,施錠せず
窃盗,自転車盗,明石,大久保南,282031,兵庫県,明石市,大久保町　ゆりのき通２丁目,20241113,17,その他,駐車（輪）場,10歳代,高校生,施錠せず
窃盗,自転車盗,明石,大久保南,282031,兵庫県,明石市,大久保町　ゆりのき通２丁目,20241208,14,その他,駐車（輪）場,10歳代,中学生,施錠した
窃盗,自転車盗,明石,大久保南,282031,兵庫県,明石市,大久保町　ゆりのき通３丁目,20240325,13,その他,駐車（輪）場,10歳代,高校生,施錠せず
窃盗,自転車盗,明石,大久保南,282031,兵庫県,明石市,大久保町　ゆりのき通３丁目,20240330,8,道路上,その他,10歳代,中学生,施錠せず
窃盗,自転車盗,明石,大久保南,282031,兵庫県,明石市,大久保町　ゆりのき通３丁目,20240604,12,その他,駐車（輪）場,50歳代,その他,施錠せず
窃盗,自転車盗,明石,大久保南,282031,兵庫県,明石市,大久保町　ゆりのき通３丁目,20240611,19,道路上,その他,10歳代,中学生,施錠せず
窃盗,自転車盗,明石,大久保南,282031,兵庫県,明石市,大久保町　ゆりのき通３丁目,20240614,9,道路上,その他,20歳代,その他,施錠せず
窃盗,自転車盗,明石,大久保南,282031,兵庫県,明石市,大久保町　ゆりのき通３丁目,20240617,11,その他,駐車（輪）場,10歳代,高校生,施錠せず
窃盗,自転車盗,明石,大久保南,282031,兵庫県,明石市,大久保町　ゆりのき通３丁目,20240718,12,その他,その他,10歳代,高校生,施錠せず
窃盗,自転車盗,明石,大久保南,282031,兵庫県,明石市,大久保町　ゆりのき通３丁目,20240719,14,その他,その他,10歳代,高校生,施錠せず
窃盗,自転車盗,明石,大久保南,282031,兵庫県,明石市,大久保町　ゆりのき通３丁目,20240825,15,道路上,その他,10歳代,中学生,施錠せず
窃盗,自転車盗,明石,大久保南,282031,兵庫県,明石市,大久保町　ゆりのき通３丁目,20240828,15,その他,駐車（輪）場,10歳代,中学生,施錠せず
窃盗,自転車盗,明石,大久保南,282031,兵庫県,明石市,大久保町　ゆりのき通３丁目,20240905,11,その他,駐車（輪）場,10歳代,その他,施錠せず
窃盗,自転車盗,明石,大久保南,282031,兵庫県,明石市,大久保町　ゆりのき通３丁目,20240922,15,その他,駐車（輪）場,10歳代,中学生,施錠せず
窃盗,自転車盗,明石,大久保南,282031,兵庫県,明石市,大久保町　ゆりのき通３丁目,20241012,18,その他,駐車（輪）場,10歳代,高校生,施錠せず
窃盗,自転車盗,明石,大久保南,282031,兵庫県,明石市,大久保町　ゆりのき通３丁目,20241020,12,道路上,その他,10歳代,中学生,施錠せず
窃盗,自転車盗,明石,大久保南,282031,兵庫県,明石市,大久保町　ゆりのき通３丁目,20241027,13,その他,駐車（輪）場,10歳代,中学生,施錠せず
窃盗,自転車盗,明石,大久保南,282031,兵庫県,明石市,大久保町　ゆりのき通３丁目,20241028,14,その他,その他,10歳代,中学生,施錠せず
窃盗,自転車盗,明石,大久保南,282031,兵庫県,明石市,大久保町　ゆりのき通３丁目,20241101,9,その他,駐車（輪）場,10歳代,大学生,施錠せず
窃盗,自転車盗,明石,大久保南,282031,兵庫県,明石市,大久保町　ゆりのき通３丁目,20241207,14,その他,駐車（輪）場,10歳代,中学生,施錠せず
窃盗,自転車盗,明石,大久保南,282031,兵庫県,明石市,大久保町　ゆりのき通３丁目,20241220,17,その他,駐車（輪）場,10歳代,高校生,施錠せず
窃盗,自転車盗,明石,大久保南,282031,兵庫県,明石市,大久保町　ゆりのき通３丁目,20241223,18,その他,駐車（輪）場,10歳代,高校生,施錠せず
窃盗,自転車盗,明石,大久保南,282031,兵庫県,明石市,大久保町　わかば,20240808,22,その他の住宅（３階建て以下共同住宅等）,駐車（輪）場,10歳代,中学生,施錠せず
窃盗,自転車盗,明石,大久保南,282031,兵庫県,明石市,大久保町　わかば,20241008,19,４階建て以上共同住宅,駐車（輪）場,50歳代,その他,施錠せず
窃盗,自転車盗,明石,高丘,282031,兵庫県,明石市,大久保町　大窪,20240315,15,その他,駐車（輪）場,10歳代,高校生,施錠せず
窃盗,自転車盗,明石,高丘,282031,兵庫県,明石市,大久保町　大窪,20241130,23,その他,駐車（輪）場,10歳代,大学生,施錠した
窃盗,自転車盗,明石,高丘,282031,兵庫県,明石市,大久保町　高丘３丁目,20240616,18,その他の住宅（３階建て以下共同住宅等）,駐車（輪）場,10歳代,高校生,施錠せず
窃盗,自転車盗,明石,高丘,282031,兵庫県,明石市,大久保町　高丘７丁目,20240501,11,４階建て以上共同住宅,駐車（輪）場,20歳代,その他,施錠した
窃盗,自転車盗,明石,高丘,282031,兵庫県,明石市,大久保町　高丘７丁目,20240702,18,４階建て以上共同住宅,駐車（輪）場,40歳代,その他,施錠した
窃盗,自転車盗,明石,八木,282031,兵庫県,明石市,大久保町　八木,20240206,18,駐車（輪）場,駐車（輪）場,20歳代,その他,施錠せず
窃盗,自転車盗,明石,八木,282031,兵庫県,明石市,大久保町　八木,20240203,20,その他,駐車（輪）場,10歳代,高校生,施錠せず
窃盗,自転車盗,明石,八木,282031,兵庫県,明石市,大久保町　八木,20240612,17,４階建て以上共同住宅,駐車（輪）場,40歳代,その他,施錠せず
窃盗,自転車盗,明石,八木,282031,兵庫県,明石市,大久保町　八木,20240615,5,その他,駐車（輪）場,10歳代,高校生,施錠せず
窃盗,自転車盗,明石,八木,282031,兵庫県,明石市,大久保町　八木,20240801,7,駐車（輪）場,駐車（輪）場,20歳代,その他,施錠せず
窃盗,自転車盗,明石,八木,282031,兵庫県,明石市,大久保町　八木,20241023,8,その他,駐車（輪）場,30歳代,その他,施錠せず
窃盗,自転車盗,明石,八木,282031,兵庫県,明石市,大久保町　八木,20241012,19,その他,駐車（輪）場,20歳代,その他,施錠せず
窃盗,自転車盗,明石,八木,282031,兵庫県,明石市,大久保町　八木,20241130,6,その他,駐車（輪）場,20歳代,その他,施錠せず
窃盗,自転車盗,明石,江井島,282031,兵庫県,明石市,大久保町　江井島,20240114,19,駐車（輪）場,駐車（輪）場,20歳代,その他,施錠せず
窃盗,自転車盗,明石,江井島,282031,兵庫県,明石市,大久保町　江井島,20240411,7,その他,駐車（輪）場,10歳代,高校生,施錠せず
窃盗,自転車盗,明石,江井島,282031,兵庫県,明石市,大久保町　江井島,20240904,7,その他の住宅（３階建て以下共同住宅等）,駐車（輪）場,30歳代,その他,施錠した
窃盗,自転車盗,明石,江井島,282031,兵庫県,明石市,大久保町　江井島,20240914,11,その他,駐車（輪）場,20歳代,大学生,施錠した
窃盗,自転車盗,明石,江井島,282031,兵庫県,明石市,大久保町　江井島,20241120,19,その他,駐車（輪）場,20歳代,その他,施錠せず
窃盗,自転車盗,明石,江井島,282031,兵庫県,明石市,大久保町　江井島,20241211,6,その他,駐車（輪）場,50歳代,その他,施錠せず
窃盗,自転車盗,明石,江井島,282031,兵庫県,明石市,大久保町　西島,20240105,11,駐車（輪）場,駐車（輪）場,10歳代,高校生,施錠せず
窃盗,自転車盗,明石,江井島,282031,兵庫県,明石市,大久保町　西島,20240226,13,駐車（輪）場,駐車（輪）場,10歳代,高校生,施錠せず
窃盗,自転車盗,明石,江井島,282031,兵庫県,明石市,大久保町　西島,20240706,23,４階建て以上共同住宅,駐車（輪）場,20歳代,大学生,施錠せず
窃盗,自転車盗,明石,江井島,282031,兵庫県,明石市,大久保町　西島,20240719,11,その他の住宅（３階建て以下共同住宅等）,駐車（輪）場,10歳代,高校生,施錠せず
窃盗,自転車盗,明石,江井島,282031,兵庫県,明石市,大久保町　西島,20241001,7,その他,駐車（輪）場,10歳代,高校生,施錠せず
窃盗,自転車盗,明石,江井島,282031,兵庫県,明石市,大久保町　西島,20241019,12,その他,駐車（輪）場,30歳代,その他,施錠せず
窃盗,自転車盗,明石,江井島,282031,兵庫県,明石市,大久保町　西島,20241105,9,その他,駐車（輪）場,20歳代,その他,施錠した
窃盗,自転車盗,明石,魚住,282031,兵庫県,明石市,魚住町　清水,20241014,20,その他の住宅（３階建て以下共同住宅等）,その他,10歳代,高校生,施錠せず
窃盗,自転車盗,明石,魚住,282031,兵庫県,明石市,魚住町　清水,20240110,15,駐車（輪）場,駐車（輪）場,20歳代,その他,施錠せず
窃盗,自転車盗,明石,魚住,282031,兵庫県,明石市,魚住町　清水,20240118,16,駐車（輪）場,駐車（輪）場,70歳以上,その他,施錠せず
窃盗,自転車盗,明石,魚住,282031,兵庫県,明石市,魚住町　清水,20240227,0,４階建て以上共同住宅,駐車（輪）場,10歳代,高校生,施錠した
窃盗,自転車盗,明石,魚住,282031,兵庫県,明石市,魚住町　清水,20240612,17,４階建て以上共同住宅,駐車（輪）場,10歳代,小学生,施錠せず
窃盗,自転車盗,明石,魚住,282031,兵庫県,明石市,魚住町　清水,20240606,22,４階建て以上共同住宅,駐車（輪）場,10歳代,その他,施錠せず
窃盗,自転車盗,明石,魚住,282031,兵庫県,明石市,魚住町　清水,20240708,15,４階建て以上共同住宅,駐車（輪）場,30歳代,その他,施錠した
窃盗,自転車盗,明石,魚住,282031,兵庫県,明石市,魚住町　清水,20240717,8,４階建て以上共同住宅,駐車（輪）場,10歳代,高校生,施錠せず
窃盗,自転車盗,明石,魚住,282031,兵庫県,明石市,魚住町　清水,20240716,8,その他の住宅（３階建て以下共同住宅等）,駐車（輪）場,20歳代,その他,施錠した
窃盗,自転車盗,明石,魚住,282031,兵庫県,明石市,魚住町　清水,20240805,12,４階建て以上共同住宅,駐車（輪）場,10歳代,小学生,施錠せず
窃盗,自転車盗,明石,魚住,282031,兵庫県,明石市,魚住町　清水,20240825,13,４階建て以上共同住宅,駐車（輪）場,60-64歳,その他,施錠せず
窃盗,自転車盗,明石,魚住,282031,兵庫県,明石市,魚住町　清水,20240915,19,４階建て以上共同住宅,駐車（輪）場,10歳代,高校生,施錠せず
窃盗,自転車盗,明石,魚住,282031,兵庫県,明石市,魚住町　清水,20240910,19,その他の住宅（３階建て以下共同住宅等）,駐車（輪）場,10歳代,中学生,施錠せず
窃盗,自転車盗,明石,魚住,282031,兵庫県,明石市,魚住町　清水,20240831,20,４階建て以上共同住宅,駐車（輪）場,10歳代,その他,施錠せず
窃盗,自転車盗,明石,魚住,282031,兵庫県,明石市,魚住町　清水,20241007,17,４階建て以上共同住宅,駐車（輪）場,10歳代,その他,施錠した
窃盗,自転車盗,明石,魚住,282031,兵庫県,明石市,魚住町　清水,20241026,20,その他の住宅（３階建て以下共同住宅等）,駐車（輪）場,10歳代,高校生,施錠せず
窃盗,自転車盗,明石,魚住,282031,兵庫県,明石市,魚住町　清水,20241207,12,その他の住宅（３階建て以下共同住宅等）,駐車（輪）場,10歳代,高校生,施錠した
窃盗,自転車盗,明石,魚住,282031,兵庫県,明石市,魚住町　清水,20241211,7,その他の住宅（３階建て以下共同住宅等）,駐車（輪）場,10歳代,中学生,施錠せず
窃盗,自転車盗,明石,魚住,282031,兵庫県,明石市,魚住町　長坂寺,20240919,8,その他,駐車（輪）場,10歳代,高校生,施錠せず
窃盗,自転車盗,明石,魚住,282031,兵庫県,明石市,魚住町　長坂寺,20240928,14,その他の住宅（３階建て以下共同住宅等）,その他,20歳代,その他,施錠せず
窃盗,自転車盗,明石,魚住,282031,兵庫県,明石市,魚住町　長坂寺,20241207,17,一戸建住宅,駐車（輪）場,10歳代,小学生,施錠せず
窃盗,自転車盗,明石,魚住,282031,兵庫県,明石市,魚住町　中尾,20240106,14,駐車（輪）場,駐車（輪）場,10歳代,高校生,施錠せず
窃盗,自転車盗,明石,魚住,282031,兵庫県,明石市,魚住町　中尾,20231230,12,道路上,その他,40歳代,その他,施錠せず
窃盗,自転車盗,明石,魚住,282031,兵庫県,明石市,魚住町　中尾,20240117,3,その他,駐車（輪）場,50歳代,その他,施錠せず
窃盗,自転車盗,明石,魚住,282031,兵庫県,明石市,魚住町　中尾,20240124,18,一戸建住宅,駐車（輪）場,70歳以上,その他,施錠せず
窃盗,自転車盗,明石,魚住,282031,兵庫県,明石市,魚住町　中尾,20240208,9,その他,駐車（輪）場,20歳代,その他,施錠せず
窃盗,自転車盗,明石,魚住,282031,兵庫県,明石市,魚住町　中尾,20240322,21,その他の住宅（３階建て以下共同住宅等）,駐車（輪）場,10歳代,中学生,施錠せず
窃盗,自転車盗,明石,魚住,282031,兵庫県,明石市,魚住町　中尾,20240712,13,道路上,その他,30歳代,その他,施錠した
窃盗,自転車盗,明石,魚住,282031,兵庫県,明石市,魚住町　中尾,20240710,18,その他,駐車（輪）場,20歳代,その他,施錠せず
窃盗,自転車盗,明石,魚住,282031,兵庫県,明石市,魚住町　中尾,20240827,5,その他,駐車（輪）場,10歳代,高校生,施錠せず
窃盗,自転車盗,明石,魚住,282031,兵庫県,明石市,魚住町　中尾,20240830,19,４階建て以上共同住宅,駐車（輪）場,20歳代,その他,施錠した
窃盗,自転車盗,明石,魚住,282031,兵庫県,明石市,魚住町　中尾,20241018,11,その他,駐車（輪）場,20歳代,その他,施錠した
窃盗,自転車盗,明石,魚住,282031,兵庫県,明石市,魚住町　西岡,20240117,21,一戸建住宅,駐車（輪）場,10歳代,中学生,施錠した
窃盗,自転車盗,明石,魚住,282031,兵庫県,明石市,魚住町　西岡,20240111,16,４階建て以上共同住宅,駐車（輪）場,20歳代,大学生,施錠せず
窃盗,自転車盗,明石,魚住,282031,兵庫県,明石市,魚住町　西岡,20240314,20,４階建て以上共同住宅,駐車（輪）場,10歳代,高校生,施錠した
窃盗,自転車盗,明石,魚住,282031,兵庫県,明石市,魚住町　西岡,20240319,20,一戸建住宅,その他,10歳代,中学生,施錠せず
窃盗,自転車盗,明石,魚住,282031,兵庫県,明石市,魚住町　西岡,20240425,14,４階建て以上共同住宅,駐車（輪）場,65-69歳,その他,施錠せず
窃盗,自転車盗,明石,魚住,282031,兵庫県,明石市,魚住町　西岡,20240601,7,一戸建住宅,駐車（輪）場,70歳以上,その他,施錠せず
窃盗,自転車盗,明石,魚住,282031,兵庫県,明石市,魚住町　西岡,20240713,17,４階建て以上共同住宅,駐車（輪）場,20歳代,その他,施錠せず
窃盗,自転車盗,明石,魚住,282031,兵庫県,明石市,魚住町　西岡,20240719,10,その他,駐車（輪）場,50歳代,その他,施錠せず
窃盗,自転車盗,明石,魚住,282031,兵庫県,明石市,魚住町　西岡,20240726,17,４階建て以上共同住宅,駐車（輪）場,50歳代,その他,施錠せず
窃盗,自転車盗,明石,魚住,282031,兵庫県,明石市,魚住町　西岡,20240815,19,その他,駐車（輪）場,10歳代,その他,施錠せず
窃盗,自転車盗,明石,魚住,282031,兵庫県,明石市,魚住町　西岡,20240918,11,道路上,その他,10歳代,大学生,施錠せず
窃盗,自転車盗,明石,魚住,282031,兵庫県,明石市,魚住町　西岡,20241212,18,４階建て以上共同住宅,駐車（輪）場,20歳代,その他,施錠せず
窃盗,自転車盗,明石,魚住,282031,兵庫県,明石市,魚住町　西岡,20241218,8,その他,駐車（輪）場,50歳代,その他,施錠した
窃盗,自転車盗,明石,魚住,282031,兵庫県,明石市,魚住町　錦が丘１丁目,20240629,9,その他,その他,10歳代,小学生,施錠した
窃盗,自転車盗,明石,魚住,282031,兵庫県,明石市,魚住町　錦が丘３丁目,20240722,19,４階建て以上共同住宅,駐車（輪）場,10歳代,その他,施錠せず
窃盗,自転車盗,明石,魚住,282031,兵庫県,明石市,魚住町　錦が丘４丁目,20240303,10,その他,駐車（輪）場,70歳以上,その他,施錠せず
窃盗,自転車盗,明石,魚住,282031,兵庫県,明石市,魚住町　錦が丘４丁目,20240330,10,その他,駐車（輪）場,10歳代,高校生,施錠した
窃盗,自転車盗,明石,魚住,282031,兵庫県,明石市,魚住町　錦が丘４丁目,20240413,19,４階建て以上共同住宅,駐車（輪）場,20歳代,その他,施錠した
窃盗,自転車盗,明石,魚住,282031,兵庫県,明石市,魚住町　錦が丘４丁目,20240615,15,４階建て以上共同住宅,駐車（輪）場,10歳未満,小学生,施錠せず
窃盗,自転車盗,明石,魚住,282031,兵庫県,明石市,魚住町　錦が丘４丁目,20240712,16,その他,駐車（輪）場,10歳代,高校生,施錠せず
窃盗,自転車盗,明石,魚住,282031,兵庫県,明石市,魚住町　錦が丘４丁目,20241103,16,その他,駐車（輪）場,10歳代,高校生,施錠した
窃盗,自転車盗,明石,魚住,282031,兵庫県,明石市,魚住町　錦が丘４丁目,20241113,15,その他,駐車（輪）場,10歳代,高校生,施錠せず
窃盗,自転車盗,明石,魚住,282031,兵庫県,明石市,魚住町　鴨池,20240615,18,その他の住宅（３階建て以下共同住宅等）,駐車（輪）場,10歳代,小学生,施錠せず
窃盗,自転車盗,明石,魚住,282031,兵庫県,明石市,魚住町　住吉１丁目,20240619,21,その他,駐車（輪）場,10歳代,その他,施錠した
窃盗,自転車盗,明石,魚住,282031,兵庫県,明石市,魚住町　住吉１丁目,20240620,8,その他,駐車（輪）場,40歳代,その他,施錠せず
窃盗,自転車盗,明石,魚住,282031,兵庫県,明石市,魚住町　住吉１丁目,20240624,18,その他,駐車（輪）場,10歳代,高校生,施錠せず
窃盗,自転車盗,明石,魚住,282031,兵庫県,明石市,魚住町　住吉１丁目,20240717,17,その他,駐車（輪）場,10歳代,中学生,施錠せず
窃盗,自転車盗,明石,魚住,282031,兵庫県,明石市,魚住町　住吉１丁目,20240827,11,その他,駐車（輪）場,10歳代,大学生,施錠せず
窃盗,自転車盗,明石,魚住,282031,兵庫県,明石市,魚住町　住吉１丁目,20240927,12,その他,駐車（輪）場,30歳代,その他,施錠せず
窃盗,自転車盗,明石,魚住,282031,兵庫県,明石市,魚住町　住吉１丁目,20240928,12,駐車（輪）場,駐車（輪）場,10歳代,中学生,施錠せず
窃盗,自転車盗,明石,魚住,282031,兵庫県,明石市,魚住町　住吉１丁目,20241102,14,その他,駐車（輪）場,10歳代,高校生,施錠せず
窃盗,自転車盗,明石,魚住,282031,兵庫県,明石市,魚住町　住吉１丁目,20241104,19,その他,駐車（輪）場,10歳代,高校生,施錠せず
窃盗,自転車盗,明石,魚住,282031,兵庫県,明石市,魚住町　住吉１丁目,20241207,12,その他,駐車（輪）場,10歳代,高校生,施錠せず
窃盗,自転車盗,明石,魚住,282031,兵庫県,明石市,魚住町　住吉２丁目,20240202,9,一戸建住宅,駐車（輪）場,10歳代,中学生,施錠せず
窃盗,自転車盗,明石,魚住,282031,兵庫県,明石市,魚住町　住吉２丁目,20240203,12,その他,駐車（輪）場,10歳代,高校生,施錠せず
窃盗,自転車盗,明石,魚住,282031,兵庫県,明石市,魚住町　住吉２丁目,20240612,12,４階建て以上共同住宅,駐車（輪）場,20歳代,大学生,施錠した
窃盗,自転車盗,明石,魚住,282031,兵庫県,明石市,魚住町　住吉２丁目,20241003,7,その他,駐車（輪）場,30歳代,その他,施錠せず
窃盗,自転車盗,明石,魚住,282031,兵庫県,明石市,魚住町　住吉３丁目,20240309,18,４階建て以上共同住宅,駐車（輪）場,10歳代,中学生,施錠せず
窃盗,自転車盗,明石,魚住,282031,兵庫県,明石市,魚住町　住吉３丁目,20240316,7,一戸建住宅,駐車（輪）場,10歳未満,小学生,施錠せず
窃盗,自転車盗,明石,魚住,282031,兵庫県,明石市,魚住町　住吉３丁目,20240725,15,４階建て以上共同住宅,駐車（輪）場,10歳代,高校生,施錠せず
窃盗,自転車盗,明石,魚住,282031,兵庫県,明石市,魚住町　住吉３丁目,20241001,15,４階建て以上共同住宅,駐車（輪）場,10歳代,小学生,施錠せず
窃盗,自転車盗,明石,魚住,282031,兵庫県,明石市,魚住町　住吉４丁目,20240812,21,４階建て以上共同住宅,駐車（輪）場,10歳代,大学生,施錠せず
窃盗,自転車盗,明石,魚住,282031,兵庫県,明石市,魚住町　住吉４丁目,20241114,17,一戸建住宅,その他,10歳未満,小学生,施錠せず
窃盗,自転車盗,明石,東二見,282031,兵庫県,明石市,二見町　西二見,20240907,17,その他の住宅（３階建て以下共同住宅等）,駐車（輪）場,30歳代,その他,施錠せず
窃盗,自転車盗,明石,東二見,282031,兵庫県,明石市,二見町　東二見,20240322,18,その他の住宅（３階建て以下共同住宅等）,駐車（輪）場,20歳代,その他,施錠せず
窃盗,自転車盗,明石,東二見,282031,兵庫県,明石市,二見町　東二見,20240530,18,４階建て以上共同住宅,駐車（輪）場,20歳代,その他,施錠した
窃盗,自転車盗,明石,東二見,282031,兵庫県,明石市,二見町　東二見,20240621,17,一戸建住宅,駐車（輪）場,50歳代,その他,施錠した
窃盗,自転車盗,明石,東二見,282031,兵庫県,明石市,二見町　東二見,20240709,20,その他の住宅（３階建て以下共同住宅等）,駐車（輪）場,20歳代,その他,施錠せず
窃盗,自転車盗,明石,東二見,282031,兵庫県,明石市,二見町　東二見,20240720,21,４階建て以上共同住宅,駐車（輪）場,10歳代,小学生,施錠せず
窃盗,自転車盗,明石,東二見,282031,兵庫県,明石市,二見町　東二見,20241020,18,道路上,その他,10歳代,中学生,施錠せず
窃盗,自転車盗,明石,東二見,282031,兵庫県,明石市,二見町　東二見,20241020,16,駐車（輪）場,駐車（輪）場,10歳代,高校生,施錠せず
窃盗,自転車盗,明石,東二見,282031,兵庫県,明石市,二見町　東二見,20241020,17,その他,駐車（輪）場,10歳代,中学生,施錠せず
窃盗,自転車盗,明石,東二見,282031,兵庫県,明石市,二見町　東二見,20241111,5,駐車（輪）場,駐車（輪）場,60-64歳,その他,施錠した
窃盗,自転車盗,明石,東二見,282031,兵庫県,明石市,二見町　東二見,20241215,8,その他の住宅（３階建て以下共同住宅等）,駐車（輪）場,10歳代,小学生,施錠した
窃盗,自転車盗,明石,東二見,282031,兵庫県,明石市,二見町　南二見,20240315,17,その他,駐車（輪）場,10歳代,中学生,施錠せず
窃盗,自転車盗,明石,東二見,282031,兵庫県,明石市,二見町　西二見駅前１丁目,20240415,18,その他,駐車（輪）場,10歳代,中学生,施錠せず
窃盗,自転車盗,明石,東二見,282031,兵庫県,明石市,二見町　西二見駅前１丁目,20240604,16,その他,駐車（輪）場,10歳代,中学生,施錠せず
窃盗,自転車盗,明石,東二見,282031,兵庫県,明石市,二見町　西二見駅前１丁目,20240605,16,駐車（輪）場,駐車（輪）場,10歳代,中学生,施錠せず
窃盗,自転車盗,明石,東二見,282031,兵庫県,明石市,二見町　西二見駅前１丁目,20240606,11,駐車（輪）場,駐車（輪）場,10歳代,大学生,施錠せず
窃盗,自転車盗,明石,東二見,282031,兵庫県,明石市,二見町　西二見駅前１丁目,20240814,9,その他,駐車（輪）場,10歳代,大学生,施錠せず
窃盗,自転車盗,明石,東二見,282031,兵庫県,明石市,二見町　西二見駅前１丁目,20240817,15,その他,駐車（輪）場,10歳代,その他,施錠せず
窃盗,自転車盗,明石,東二見,282031,兵庫県,明石市,二見町　西二見駅前１丁目,20240819,9,その他,駐車（輪）場,10歳代,高校生,施錠せず
窃盗,自転車盗,明石,東二見,282031,兵庫県,明石市,二見町　西二見駅前１丁目,20240823,12,その他,駐車（輪）場,10歳代,高校生,施錠せず
窃盗,自転車盗,明石,東二見,282031,兵庫県,明石市,二見町　西二見駅前１丁目,20241006,9,その他,駐車（輪）場,10歳代,中学生,施錠せず
窃盗,自転車盗,明石,東二見,282031,兵庫県,明石市,二見町　西二見駅前１丁目,20241031,17,その他,駐車（輪）場,10歳代,高校生,施錠せず
窃盗,自転車盗,明石,東二見,282031,兵庫県,明石市,二見町　西二見駅前１丁目,20241120,20,その他,駐車（輪）場,10歳代,中学生,施錠した
窃盗,自転車盗,明石,東二見,282031,兵庫県,明石市,二見町　西二見駅前１丁目,20241210,16,その他,駐車（輪）場,10歳代,小学生,施錠せず
窃盗,自転車盗,明石,東二見,282031,兵庫県,明石市,二見町　西二見駅前１丁目,20241218,15,その他,駐車（輪）場,10歳代,中学生,施錠せず
窃盗,自転車盗,明石,東二見,282031,兵庫県,明石市,二見町　西二見駅前３丁目,20240319,17,駐車（輪）場,駐車（輪）場,20歳代,その他,施錠せず
窃盗,自転車盗,明石,東二見,282031,兵庫県,明石市,二見町　西二見駅前４丁目,20240411,10,駐車（輪）場,駐車（輪）場,10歳代,大学生,施錠した
窃盗,自転車盗,明石,東二見,282031,兵庫県,明石市,二見町　西二見駅前４丁目,20240601,15,その他,駐車（輪）場,10歳代,中学生,施錠せず
窃盗,自転車盗,明石,東二見,282031,兵庫県,明石市,二見町　西二見駅前４丁目,20240829,17,その他,駐車（輪）場,20歳代,大学生,施錠せず
窃盗,自転車盗,明石,東二見,282031,兵庫県,明石市,二見町　西二見駅前４丁目,20240930,8,その他,駐車（輪）場,20歳代,その他,施錠せず
窃盗,自転車盗,明石,東二見,282031,兵庫県,明石市,二見町　西二見駅前４丁目,20241112,16,その他,駐車（輪）場,10歳未満,小学生,施錠せず
窃盗,自転車盗,明石,西二見,282031,兵庫県,明石市,魚住町　清水,20231228,21,その他,駐車（輪）場,10歳代,高校生,施錠せず
窃盗,自転車盗,明石,西二見,282031,兵庫県,明石市,魚住町　清水,20240110,18,一戸建住宅,駐車（輪）場,20歳代,大学生,施錠せず
窃盗,自転車盗,明石,西二見,282031,兵庫県,明石市,魚住町　清水,20240116,18,その他,駐車（輪）場,10歳代,中学生,施錠せず
窃盗,自転車盗,明石,西二見,282031,兵庫県,明石市,魚住町　清水,20240113,17,その他,駐車（輪）場,10歳代,大学生,施錠した
窃盗,自転車盗,明石,西二見,282031,兵庫県,明石市,魚住町　清水,20240122,10,その他,駐車（輪）場,20歳代,その他,施錠せず
窃盗,自転車盗,明石,西二見,282031,兵庫県,明石市,魚住町　清水,20240528,15,その他,駐車（輪）場,10歳代,中学生,施錠した
窃盗,自転車盗,明石,西二見,282031,兵庫県,明石市,魚住町　清水,20240926,14,一戸建住宅,その他,10歳代,中学生,施錠せず
窃盗,自転車盗,明石,西二見,282031,兵庫県,明石市,魚住町　清水,20241005,16,４階建て以上共同住宅,駐車（輪）場,50歳代,その他,施錠せず
窃盗,自転車盗,明石,西二見,282031,兵庫県,明石市,魚住町　清水,20241031,13,その他,駐車（輪）場,65-69歳,その他,施錠せず
窃盗,自転車盗,明石,西二見,282031,兵庫県,明石市,魚住町　清水,20241208,18,その他,駐車（輪）場,20歳代,大学生,施錠せず
窃盗,自転車盗,明石,西二見,282031,兵庫県,明石市,魚住町　清水,20241220,17,その他,駐車（輪）場,70歳以上,その他,施錠せず
窃盗,自転車盗,明石,西二見,282031,兵庫県,明石市,二見町　西二見,20240516,6,その他,駐車（輪）場,10歳代,大学生,施錠せず
窃盗,自転車盗,明石,西二見,282031,兵庫県,明石市,二見町　西二見,20240814,15,４階建て以上共同住宅,駐車（輪）場,30歳代,その他,施錠せず
窃盗,自転車盗,明石,西二見,282031,兵庫県,明石市,二見町　西二見,20240913,18,一戸建住宅,その他,30歳代,その他,施錠せず
窃盗,自転車盗,明石,西二見,282031,兵庫県,明石市,二見町　西二見,20241023,8,その他の住宅（３階建て以下共同住宅等）,駐車（輪）場,20歳代,その他,施錠せず
窃盗,自転車盗,明石,西二見,282031,兵庫県,明石市,二見町　西二見,20241115,12,一戸建住宅,その他,40歳代,その他,施錠せず
窃盗,自転車盗,明石,西明石,282031,兵庫県,明石市,川崎町,20240330,15,４階建て以上共同住宅,駐車（輪）場,60-64歳,その他,施錠した
窃盗,自転車盗,明石,西明石,282031,兵庫県,明石市,貴崎５丁目,20241020,4,４階建て以上共同住宅,駐車（輪）場,20歳代,その他,施錠せず
窃盗,自転車盗,明石,西明石,282031,兵庫県,明石市,貴崎５丁目,20241220,17,その他の住宅（３階建て以下共同住宅等）,駐車（輪）場,50歳代,その他,施錠せず
窃盗,自転車盗,明石,西明石,282031,兵庫県,明石市,西明石西町,20241003,21,４階建て以上共同住宅,駐車（輪）場,20歳代,その他,施錠せず
窃盗,自転車盗,明石,西明石,282031,兵庫県,明石市,西明石南町１丁目,20240505,18,その他,駐車（輪）場,10歳代,大学生,施錠せず
窃盗,自転車盗,明石,西明石,282031,兵庫県,明石市,西明石南町１丁目,20240524,9,その他,駐車（輪）場,20歳代,その他,施錠せず
窃盗,自転車盗,明石,西明石,282031,兵庫県,明石市,西明石南町２丁目,20240219,7,その他,駐車（輪）場,10歳代,高校生,施錠せず
窃盗,自転車盗,明石,西明石,282031,兵庫県,明石市,西明石南町２丁目,20240607,15,４階建て以上共同住宅,駐車（輪）場,20歳代,その他,施錠せず
窃盗,自転車盗,明石,西明石,282031,兵庫県,明石市,西明石南町２丁目,20240622,19,その他の住宅（３階建て以下共同住宅等）,駐車（輪）場,40歳代,その他,施錠した
窃盗,自転車盗,明石,西明石,282031,兵庫県,明石市,西明石南町２丁目,20240823,22,その他,駐車（輪）場,20歳代,その他,施錠せず
窃盗,自転車盗,明石,西明石,282031,兵庫県,明石市,西明石南町２丁目,20241117,19,４階建て以上共同住宅,駐車（輪）場,30歳代,その他,施錠した
窃盗,自転車盗,明石,西明石,282031,兵庫県,明石市,西明石南町２丁目,20241128,19,４階建て以上共同住宅,駐車（輪）場,50歳代,その他,施錠した
窃盗,自転車盗,明石,西明石,282031,兵庫県,明石市,西明石南町３丁目,20240426,18,道路上,その他,50歳代,その他,施錠した
窃盗,自転車盗,明石,西明石,282031,兵庫県,明石市,西明石南町３丁目,20241004,22,４階建て以上共同住宅,駐車（輪）場,30歳代,その他,施錠した
窃盗,自転車盗,明石,朝霧町,282031,兵庫県,明石市,太寺４丁目,20240518,22,その他の住宅（３階建て以下共同住宅等）,その他,10歳代,その他,施錠せず
窃盗,自転車盗,明石,朝霧町,282031,兵庫県,明石市,太寺大野町,20240912,10,その他,駐車（輪）場,40歳代,その他,施錠した
窃盗,自転車盗,明石,朝霧町,282031,兵庫県,明石市,東野町,20240805,18,４階建て以上共同住宅,駐車（輪）場,20歳代,その他,施錠した
窃盗,自転車盗,明石,朝霧町,282031,兵庫県,明石市,朝霧町１丁目,20231107,8,駐車（輪）場,駐車（輪）場,10歳代,高校生,施錠せず
窃盗,自転車盗,明石,明舞,282031,兵庫県,明石市,松が丘１丁目,20240601,14,４階建て以上共同住宅,駐車（輪）場,70歳以上,その他,施錠した
窃盗,自転車盗,明石,明舞,282031,兵庫県,明石市,松が丘２丁目,20241024,19,４階建て以上共同住宅,駐車（輪）場,10歳代,小学生,施錠せず
窃盗,自転車盗,明石,明舞,282031,兵庫県,明石市,松が丘４丁目,20240418,16,４階建て以上共同住宅,駐車（輪）場,10歳未満,小学生,施錠せず
窃盗,自転車盗,明石,明舞,282031,兵庫県,明石市,松が丘４丁目,20241105,16,４階建て以上共同住宅,駐車（輪）場,50歳代,その他,施錠した
窃盗,自転車盗,明石,明舞,282031,兵庫県,明石市,朝霧東町１丁目,20240328,15,４階建て以上共同住宅,その他,10歳代,小学生,施錠せず
窃盗,自転車盗,明石,明舞,282031,兵庫県,明石市,朝霧南町１丁目,20240328,20,その他,駐車（輪）場,10歳代,高校生,施錠した
窃盗,自転車盗,明石,明舞,282031,兵庫県,明石市,朝霧南町１丁目,20240726,8,その他,駐車（輪）場,10歳代,高校生,施錠せず
窃盗,自転車盗,明石,明舞,282031,兵庫県,明石市,朝霧南町１丁目,20241027,12,その他,駐車（輪）場,30歳代,その他,施錠せず
窃盗,自転車盗,明石,明舞,282031,兵庫県,明石市,朝霧南町４丁目,20240815,22,４階建て以上共同住宅,駐車（輪）場,50歳代,その他,施錠せず
窃盗,自転車盗,明石,小久保,282031,兵庫県,明石市,小久保１丁目,20240601,19,４階建て以上共同住宅,その他,10歳代,中学生,施錠せず
窃盗,自転車盗,三木,大塚,282154,兵庫県,三木市,大塚１丁目,20240925,17,駐車（輪）場,駐車（輪）場,10歳代,高校生,施錠せず
窃盗,自転車盗,三木,大塚,282154,兵庫県,三木市,大塚２丁目,20240412,6,その他,駐車（輪）場,10歳代,高校生,施錠した
窃盗,自転車盗,三木,大塚,282154,兵庫県,三木市,大塚２丁目,20240411,6,その他,駐車（輪）場,10歳代,高校生,施錠せず
窃盗,自転車盗,三木,大塚,282154,兵庫県,三木市,大塚２丁目,20240728,8,その他,駐車（輪）場,10歳代,高校生,施錠せず
窃盗,自転車盗,三木,大塚,282154,兵庫県,三木市,大塚２丁目,20241030,7,駐車（輪）場,駐車（輪）場,10歳代,高校生,施錠した
窃盗,自転車盗,三木,大塚,282154,兵庫県,三木市,大塚２丁目,20231210,22,駐車（輪）場,駐車（輪）場,20歳代,その他,施錠した
窃盗,自転車盗,三木,大塚,282154,兵庫県,三木市,本町１丁目,20240710,8,その他,駐車（輪）場,10歳代,高校生,施錠せず
窃盗,自転車盗,三木,本町,282154,兵庫県,三木市,大村,20240128,16,その他,駐車（輪）場,10歳代,中学生,施錠せず
窃盗,自転車盗,三木,本町,282154,兵庫県,三木市,大村,20240412,7,駐車（輪）場,駐車（輪）場,10歳代,高校生,施錠した
窃盗,自転車盗,三木,本町,282154,兵庫県,三木市,大村,20240706,20,その他,駐車（輪）場,20歳代,その他,施錠せず
窃盗,自転車盗,三木,本町,282154,兵庫県,三木市,末広１丁目,20231022,17,その他,駐車（輪）場,10歳代,中学生,施錠せず
窃盗,自転車盗,三木,本町,282154,兵庫県,三木市,末広１丁目,20240818,6,駐車（輪）場,駐車（輪）場,10歳代,高校生,施錠せず
窃盗,自転車盗,三木,本町,282154,兵庫県,三木市,末広２丁目,20240727,7,その他,駐車（輪）場,20歳代,その他,施錠した
窃盗,自転車盗,三木,自由が丘,282154,兵庫県,三木市,志染町　西自由が丘１丁目,20240618,10,その他,駐車（輪）場,10歳代,大学生,施錠せず
窃盗,自転車盗,三木,自由が丘,282154,兵庫県,三木市,志染町　中自由が丘２丁目,20240524,5,一戸建住宅,駐車（輪）場,40歳代,その他,施錠せず
窃盗,自転車盗,三木,自由が丘,282154,兵庫県,三木市,志染町　中自由が丘３丁目,20240410,6,一戸建住宅,駐車（輪）場,10歳代,中学生,施錠せず
窃盗,自転車盗,三木,自由が丘,282154,兵庫県,三木市,志染町　西自由が丘１丁目,20240629,6,その他,駐車（輪）場,10歳代,その他,施錠せず
窃盗,自転車盗,三木,自由が丘,282154,兵庫県,三木市,志染町　西自由が丘１丁目,20240719,6,その他,駐車（輪）場,20歳代,その他,施錠せず
窃盗,自転車盗,三木,自由が丘,282154,兵庫県,三木市,志染町　西自由が丘１丁目,20240806,17,その他,駐車（輪）場,20歳代,大学生,施錠せず
窃盗,自転車盗,三木,自由が丘,282154,兵庫県,三木市,志染町　西自由が丘１丁目,20241031,7,駐車（輪）場,駐車（輪）場,10歳代,大学生,施錠せず
窃盗,自転車盗,三木,自由が丘,282154,兵庫県,三木市,志染町　西自由が丘１丁目,20241108,7,駐車（輪）場,駐車（輪）場,10歳代,高校生,施錠せず
窃盗,自転車盗,三木,自由が丘,282154,兵庫県,三木市,志染町　西自由が丘１丁目,20241123,19,駐車（輪）場,駐車（輪）場,20歳代,その他,施錠せず
窃盗,自転車盗,三木,自由が丘,282154,兵庫県,三木市,志染町　西自由が丘１丁目,20241205,8,駐車（輪）場,駐車（輪）場,10歳代,高校生,施錠せず
窃盗,自転車盗,三木,自由が丘,282154,兵庫県,三木市,志染町　広野１丁目,20241030,6,駐車（輪）場,駐車（輪）場,10歳代,高校生,施錠せず
窃盗,自転車盗,三木,自由が丘,282154,兵庫県,三木市,志染町　広野２丁目,20240915,15,駐車（輪）場,駐車（輪）場,10歳代,高校生,施錠せず
窃盗,自転車盗,三木,自由が丘,282154,兵庫県,三木市,志染町　広野５丁目,20241015,6,駐車（輪）場,駐車（輪）場,10歳代,高校生,施錠せず
窃盗,自転車盗,三木,自由が丘,282154,兵庫県,三木市,志染町　広野５丁目,20241201,7,駐車（輪）場,駐車（輪）場,20歳代,その他,施錠せず
窃盗,自転車盗,三木,自由が丘,282154,兵庫県,三木市,志染町　広野６丁目,20240318,22,その他の住宅（３階建て以下共同住宅等）,その他,20歳代,その他,施錠した
窃盗,自転車盗,三木,緑が丘,282154,兵庫県,三木市,緑が丘町西４丁目,20231229,12,一戸建住宅,駐車（輪）場,40歳代,その他,施錠せず
窃盗,自転車盗,三木,緑が丘,282154,兵庫県,三木市,緑が丘町本町１丁目,20240325,16,その他,駐車（輪）場,10歳代,小学生,施錠せず
窃盗,自転車盗,三木,緑が丘,282154,兵庫県,三木市,緑が丘町本町１丁目,20241014,7,駐車（輪）場,駐車（輪）場,10歳代,大学生,施錠せず
窃盗,自転車盗,三木,緑が丘,282154,兵庫県,三木市,緑が丘町本町１丁目,20241016,7,駐車（輪）場,駐車（輪）場,10歳代,高校生,施錠せず
窃盗,自転車盗,三木,緑が丘,282154,兵庫県,三木市,緑が丘町本町１丁目,20241108,7,駐車（輪）場,駐車（輪）場,10歳代,その他,施錠せず
窃盗,自転車盗,三木,吉川,282154,兵庫県,三木市,吉川町　渡瀬,20240419,7,駐車（輪）場,駐車（輪）場,10歳代,高校生,施錠せず
窃盗,自転車盗,加東,社,282286,兵庫県,加東市,社,20241025,22,一戸建住宅,駐車（輪）場,10歳代,高校生,施錠した
窃盗,自転車盗,加東,滝野,282286,兵庫県,加東市,上滝野,20240503,15,一戸建住宅,その他,30歳代,その他,施錠せず
窃盗,自転車盗,加東,滝野,282286,兵庫県,加東市,上滝野,20240612,12,その他の住宅（３階建て以下共同住宅等）,駐車（輪）場,40歳代,その他,施錠した
窃盗,自転車盗,加東,滝野,282286,兵庫県,加東市,上滝野,20240827,8,その他,駐車（輪）場,10歳代,高校生,施錠せず
窃盗,自転車盗,加東,滝野,282286,兵庫県,加東市,上滝野,20240901,7,その他,駐車（輪）場,20歳代,その他,施錠せず
窃盗,自転車盗,加東,滝野,282286,兵庫県,加東市,上滝野,20240922,16,その他,駐車（輪）場,10歳代,その他,施錠せず
窃盗,自転車盗,加東,滝野,282286,兵庫県,加東市,上滝野,20240927,5,その他,駐車（輪）場,10歳代,高校生,施錠せず
窃盗,自転車盗,加東,滝野,282286,兵庫県,加東市,新町,20240220,14,その他の住宅（３階建て以下共同住宅等）,駐車（輪）場,40歳代,その他,施錠した
窃盗,自転車盗,加東,高岡,282286,兵庫県,加東市,河高,20241004,6,その他,駐車（輪）場,10歳代,高校生,施錠せず
窃盗,自転車盗,加東,天神,282286,兵庫県,加東市,天神,20240503,6,駐車（輪）場,駐車（輪）場,65-69歳,その他,施錠せず
窃盗,自転車盗,加東,天神,282286,兵庫県,加東市,南山６丁目,20240206,2,駐車（輪）場,駐車（輪）場,50歳代,その他,施錠せず
窃盗,自転車盗,加西,北条,282201,兵庫県,加西市,北条町　古坂６丁目,20241219,11,その他の住宅（３階建て以下共同住宅等）,駐車（輪）場,20歳代,その他,施錠せず
窃盗,自転車盗,加西,北条,282201,兵庫県,加西市,北条町　古坂７丁目,20240607,18,４階建て以上共同住宅,駐車（輪）場,20歳代,その他,施錠せず
窃盗,自転車盗,加西,北条,282201,兵庫県,加西市,北条町　古坂７丁目,20241018,21,その他の住宅（３階建て以下共同住宅等）,駐車（輪）場,20歳代,その他,施錠せず
窃盗,自転車盗,加西,北条,282201,兵庫県,加西市,北条町　北条,20231222,8,その他,駐車（輪）場,20歳代,その他,施錠せず
窃盗,自転車盗,加西,北条,282201,兵庫県,加西市,北条町　北条,20240214,11,その他,駐車（輪）場,10歳代,高校生,施錠せず
窃盗,自転車盗,加西,北条,282201,兵庫県,加西市,北条町　北条,20231223,9,その他,駐車（輪）場,30歳代,その他,施錠せず
窃盗,自転車盗,加西,北条,282201,兵庫県,加西市,北条町　北条,20240221,7,その他,駐車（輪）場,10歳代,高校生,施錠せず
窃盗,自転車盗,加西,北条,282201,兵庫県,加西市,北条町　北条,20240413,17,４階建て以上共同住宅,駐車（輪）場,20歳代,その他,施錠せず
窃盗,自転車盗,加西,北条,282201,兵庫県,加西市,北条町　北条,20240517,21,その他,駐車（輪）場,20歳代,その他,施錠した
窃盗,自転車盗,加西,北条,282201,兵庫県,加西市,北条町　北条,20240730,6,その他,駐車（輪）場,10歳代,高校生,施錠した
窃盗,自転車盗,加西,北条,282201,兵庫県,加西市,北条町　北条,20240826,17,その他,駐車（輪）場,10歳代,高校生,施錠せず
窃盗,自転車盗,加西,北条,282201,兵庫県,加西市,北条町　横尾,20231225,8,４階建て以上共同住宅,駐車（輪）場,20歳代,その他,施錠した
窃盗,自転車盗,加西,賀茂,282201,兵庫県,加西市,西長町,20240913,16,その他,駐車（輪）場,10歳代,高校生,施錠せず
窃盗,自転車盗,加西,賀茂,282201,兵庫県,加西市,西横田町,20240123,17,その他,駐車（輪）場,10歳代,高校生,施錠せず
窃盗,自転車盗,加西,賀茂,282201,兵庫県,加西市,西横田町,20240207,7,その他,その他,10歳代,その他,施錠せず
窃盗,自転車盗,加西,大村,282201,兵庫県,加西市,段下町,20240509,17,その他,駐車（輪）場,20歳代,その他,施錠せず
窃盗,自転車盗,加西,中野,282201,兵庫県,加西市,中野町,20231230,17,その他,その他,50歳代,その他,施錠せず
窃盗,自転車盗,西脇,西脇中央,282138,兵庫県,西脇市,西脇,20241110,9,駐車（輪）場,駐車（輪）場,10歳代,高校生,施錠せず
窃盗,自転車盗,西脇,西脇中央,282138,兵庫県,西脇市,西脇,20240513,5,その他の住宅（３階建て以下共同住宅等）,駐車（輪）場,30歳代,その他,施錠せず
窃盗,自転車盗,西脇,西脇中央,282138,兵庫県,西脇市,西脇,20240603,8,道路上,その他,10歳代,高校生,施錠した
窃盗,自転車盗,西脇,野村,282138,兵庫県,西脇市,下戸田,20240907,16,４階建て以上共同住宅,駐車（輪）場,10歳代,高校生,施錠せず
窃盗,自転車盗,西脇,野村,282138,兵庫県,西脇市,野村町,20240719,20,駐車（輪）場,駐車（輪）場,20歳代,その他,施錠せず
窃盗,自転車盗,西脇,野村,282138,兵庫県,西脇市,野村町,20240726,5,その他の住宅（３階建て以下共同住宅等）,駐車（輪）場,40歳代,その他,施錠せず
窃盗,自転車盗,西脇,野村,282138,兵庫県,西脇市,野村町,20240729,17,その他,駐車（輪）場,10歳代,高校生,施錠せず
窃盗,自転車盗,西脇,野村,282138,兵庫県,西脇市,野村町,20240817,14,その他,駐車（輪）場,10歳代,高校生,施錠せず
窃盗,自転車盗,西脇,野村,282138,兵庫県,西脇市,野村町,20240912,6,その他,駐車（輪）場,10歳代,高校生,施錠せず
窃盗,自転車盗,西脇,野村,282138,兵庫県,西脇市,野村町,20240910,10,その他,駐車（輪）場,10歳代,その他,施錠せず
窃盗,自転車盗,西脇,野村,282138,兵庫県,西脇市,野村町,20241002,17,その他,駐車（輪）場,10歳代,高校生,施錠せず
窃盗,自転車盗,西脇,野村,282138,兵庫県,西脇市,野村町,20241203,8,その他,駐車（輪）場,10歳代,高校生,施錠せず
窃盗,自転車盗,西脇,日野,282138,兵庫県,西脇市,小坂町,20240322,13,その他の住宅（３階建て以下共同住宅等）,駐車（輪）場,10歳代,中学生,施錠せず
窃盗,自転車盗,加古川,加古川駅前,282103,兵庫県,加古川市,加古川町　溝之口,20240614,10,その他,駐車（輪）場,20歳代,その他,施錠せず
窃盗,自転車盗,加古川,加古川駅前,282103,兵庫県,加古川市,加古川町　粟津,20231230,22,４階建て以上共同住宅,駐車（輪）場,65-69歳,その他,施錠した
窃盗,自転車盗,加古川,加古川駅前,282103,兵庫県,加古川市,加古川町　粟津,20231225,19,４階建て以上共同住宅,駐車（輪）場,10歳代,大学生,施錠せず
窃盗,自転車盗,加古川,加古川駅前,282103,兵庫県,加古川市,加古川町　粟津,20240209,12,その他の住宅（３階建て以下共同住宅等）,駐車（輪）場,20歳代,その他,施錠せず
窃盗,自転車盗,加古川,加古川駅前,282103,兵庫県,加古川市,加古川町　粟津,20240417,8,その他,駐車（輪）場,20歳代,その他,施錠した
窃盗,自転車盗,加古川,加古川駅前,282103,兵庫県,加古川市,加古川町　粟津,20240502,8,その他,駐車（輪）場,20歳代,大学生,施錠せず
窃盗,自転車盗,加古川,加古川駅前,282103,兵庫県,加古川市,加古川町　粟津,20241212,8,その他,駐車（輪）場,65-69歳,その他,施錠した
窃盗,自転車盗,加古川,加古川駅前,282103,兵庫県,加古川市,加古川町　河原,20231228,19,その他,駐車（輪）場,10歳代,中学生,施錠せず
窃盗,自転車盗,加古川,加古川駅前,282103,兵庫県,加古川市,加古川町　河原,20240315,14,その他,駐車（輪）場,30歳代,その他,施錠せず
窃盗,自転車盗,加古川,加古川駅前,282103,兵庫県,加古川市,加古川町　河原,20240314,19,その他の住宅（３階建て以下共同住宅等）,駐車（輪）場,10歳代,中学生,施錠せず
窃盗,自転車盗,加古川,加古川駅前,282103,兵庫県,加古川市,加古川町　河原,20240901,22,その他,駐車（輪）場,10歳代,高校生,施錠せず
窃盗,自転車盗,加古川,加古川駅前,282103,兵庫県,加古川市,加古川町　河原,20241031,0,４階建て以上共同住宅,駐車（輪）場,10歳代,大学生,施錠せず
窃盗,自転車盗,加古川,加古川駅前,282103,兵庫県,加古川市,加古川町　木村,20240311,18,道路上,その他,70歳以上,その他,施錠せず
窃盗,自転車盗,加古川,加古川駅前,282103,兵庫県,加古川市,加古川町　木村,20240708,1,その他,その他,20歳代,その他,施錠せず
窃盗,自転車盗,加古川,加古川駅前,282103,兵庫県,加古川市,加古川町　篠原町,20231227,9,その他,その他,20歳代,その他,施錠せず
窃盗,自転車盗,加古川,加古川駅前,282103,兵庫県,加古川市,加古川町　篠原町,20240224,22,その他,駐車（輪）場,10歳代,その他,施錠せず
窃盗,自転車盗,加古川,加古川駅前,282103,兵庫県,加古川市,加古川町　篠原町,20240329,18,その他,駐車（輪）場,40歳代,その他,施錠した
窃盗,自転車盗,加古川,加古川駅前,282103,兵庫県,加古川市,加古川町　篠原町,20240408,15,その他,駐車（輪）場,20歳代,大学生,施錠した
窃盗,自転車盗,加古川,加古川駅前,282103,兵庫県,加古川市,加古川町　篠原町,20240422,11,その他,駐車（輪）場,20歳代,大学生,施錠せず
窃盗,自転車盗,加古川,加古川駅前,282103,兵庫県,加古川市,加古川町　篠原町,20240425,17,その他,駐車（輪）場,70歳以上,その他,施錠した
窃盗,自転車盗,加古川,加古川駅前,282103,兵庫県,加古川市,加古川町　篠原町,20240513,17,道路上,その他,10歳代,高校生,施錠せず
窃盗,自転車盗,加古川,加古川駅前,282103,兵庫県,加古川市,加古川町　篠原町,20240622,17,その他,駐車（輪）場,10歳代,高校生,施錠せず
窃盗,自転車盗,加古川,加古川駅前,282103,兵庫県,加古川市,加古川町　篠原町,20240701,9,道路上,その他,10歳代,大学生,施錠せず
窃盗,自転車盗,加古川,加古川駅前,282103,兵庫県,加古川市,加古川町　篠原町,20240725,23,駐車（輪）場,駐車（輪）場,20歳代,その他,施錠した
窃盗,自転車盗,加古川,加古川駅前,282103,兵庫県,加古川市,加古川町　篠原町,20240727,14,その他,駐車（輪）場,10歳代,高校生,施錠せず
窃盗,自転車盗,加古川,加古川駅前,282103,兵庫県,加古川市,加古川町　篠原町,20240729,18,その他,駐車（輪）場,10歳代,大学生,施錠せず
窃盗,自転車盗,加古川,加古川駅前,282103,兵庫県,加古川市,加古川町　篠原町,20240514,12,その他,駐車（輪）場,10歳代,中学生,施錠した
窃盗,自転車盗,加古川,加古川駅前,282103,兵庫県,加古川市,加古川町　篠原町,20240811,13,その他,その他,10歳代,高校生,施錠せず
窃盗,自転車盗,加古川,加古川駅前,282103,兵庫県,加古川市,加古川町　篠原町,20240813,23,一戸建住宅,駐車（輪）場,65-69歳,その他,施錠せず
窃盗,自転車盗,加古川,加古川駅前,282103,兵庫県,加古川市,加古川町　篠原町,20240729,9,その他,駐車（輪）場,20歳代,大学生,施錠せず
窃盗,自転車盗,加古川,加古川駅前,282103,兵庫県,加古川市,加古川町　篠原町,20240827,9,道路上,その他,10歳代,高校生,施錠せず
窃盗,自転車盗,加古川,加古川駅前,282103,兵庫県,加古川市,加古川町　篠原町,20240828,7,その他,駐車（輪）場,10歳代,高校生,施錠せず
窃盗,自転車盗,加古川,加古川駅前,282103,兵庫県,加古川市,加古川町　篠原町,20240903,18,その他,駐車（輪）場,10歳代,高校生,施錠せず
窃盗,自転車盗,加古川,加古川駅前,282103,兵庫県,加古川市,加古川町　篠原町,20240722,19,その他,駐車（輪）場,10歳代,高校生,施錠した
窃盗,自転車盗,加古川,加古川駅前,282103,兵庫県,加古川市,加古川町　篠原町,20241013,9,その他,駐車（輪）場,20歳代,大学生,施錠せず
窃盗,自転車盗,加古川,加古川駅前,282103,兵庫県,加古川市,加古川町　篠原町,20241018,20,４階建て以上共同住宅,駐車（輪）場,10歳代,中学生,施錠せず
窃盗,自転車盗,加古川,加古川駅前,282103,兵庫県,加古川市,加古川町　篠原町,20241108,9,その他,駐車（輪）場,10歳代,大学生,施錠した
窃盗,自転車盗,加古川,加古川駅前,282103,兵庫県,加古川市,加古川町　篠原町,20241108,21,その他,駐車（輪）場,10歳代,その他,施錠せず
窃盗,自転車盗,加古川,加古川駅前,282103,兵庫県,加古川市,加古川町　篠原町,20241111,19,その他,駐車（輪）場,50歳代,その他,施錠した
窃盗,自転車盗,加古川,加古川駅前,282103,兵庫県,加古川市,加古川町　篠原町,20241125,11,道路上,その他,10歳代,大学生,施錠せず
窃盗,自転車盗,加古川,加古川駅前,282103,兵庫県,加古川市,加古川町　篠原町,20241130,9,その他,駐車（輪）場,10歳代,高校生,施錠した
窃盗,自転車盗,加古川,加古川駅前,282103,兵庫県,加古川市,加古川町　篠原町,20241224,20,その他,駐車（輪）場,10歳代,中学生,施錠せず
窃盗,自転車盗,加古川,加古川駅前,282103,兵庫県,加古川市,加古川町　寺家町,20240106,12,その他,駐車（輪）場,10歳代,高校生,施錠せず
窃盗,自転車盗,加古川,加古川駅前,282103,兵庫県,加古川市,加古川町　寺家町,20240114,10,その他,駐車（輪）場,50歳代,その他,施錠した
窃盗,自転車盗,加古川,加古川駅前,282103,兵庫県,加古川市,加古川町　寺家町,20240116,16,その他,駐車（輪）場,10歳代,高校生,施錠せず
窃盗,自転車盗,加古川,加古川駅前,282103,兵庫県,加古川市,加古川町　寺家町,20240128,15,その他,駐車（輪）場,50歳代,その他,施錠した
窃盗,自転車盗,加古川,加古川駅前,282103,兵庫県,加古川市,加古川町　寺家町,20240215,8,その他,駐車（輪）場,30歳代,その他,施錠した
窃盗,自転車盗,加古川,加古川駅前,282103,兵庫県,加古川市,加古川町　寺家町,20240228,18,その他,駐車（輪）場,10歳代,高校生,施錠せず
窃盗,自転車盗,加古川,加古川駅前,282103,兵庫県,加古川市,加古川町　寺家町,20240331,16,その他,駐車（輪）場,10歳代,中学生,施錠せず
窃盗,自転車盗,加古川,加古川駅前,282103,兵庫県,加古川市,加古川町　寺家町,20240411,9,その他,駐車（輪）場,10歳代,大学生,施錠せず
窃盗,自転車盗,加古川,加古川駅前,282103,兵庫県,加古川市,加古川町　寺家町,20240428,9,４階建て以上共同住宅,駐車（輪）場,20歳代,その他,施錠せず
窃盗,自転車盗,加古川,加古川駅前,282103,兵庫県,加古川市,加古川町　寺家町,20240506,16,その他,駐車（輪）場,10歳代,大学生,施錠せず
窃盗,自転車盗,加古川,加古川駅前,282103,兵庫県,加古川市,加古川町　寺家町,20240518,13,その他,駐車（輪）場,65-69歳,その他,施錠した
窃盗,自転車盗,加古川,加古川駅前,282103,兵庫県,加古川市,加古川町　寺家町,20240629,15,その他,駐車（輪）場,10歳代,高校生,施錠せず
窃盗,自転車盗,加古川,加古川駅前,282103,兵庫県,加古川市,加古川町　寺家町,20240806,8,その他,駐車（輪）場,40歳代,その他,施錠せず
窃盗,自転車盗,加古川,加古川駅前,282103,兵庫県,加古川市,加古川町　寺家町,20240824,17,その他,駐車（輪）場,10歳代,高校生,施錠せず
窃盗,自転車盗,加古川,加古川駅前,282103,兵庫県,加古川市,加古川町　寺家町,20240908,13,その他,駐車（輪）場,10歳代,中学生,施錠せず
窃盗,自転車盗,加古川,加古川駅前,282103,兵庫県,加古川市,加古川町　寺家町,20240923,19,その他,駐車（輪）場,30歳代,その他,施錠せず
窃盗,自転車盗,加古川,加古川駅前,282103,兵庫県,加古川市,加古川町　寺家町,20241013,16,その他,駐車（輪）場,10歳代,高校生,施錠せず
窃盗,自転車盗,加古川,加古川駅前,282103,兵庫県,加古川市,加古川町　寺家町,20241014,11,その他,駐車（輪）場,10歳代,高校生,施錠せず
窃盗,自転車盗,加古川,加古川駅前,282103,兵庫県,加古川市,加古川町　寺家町,20241023,16,その他,駐車（輪）場,20歳代,その他,施錠せず
窃盗,自転車盗,加古川,加古川駅前,282103,兵庫県,加古川市,加古川町　寺家町,20241024,18,その他,駐車（輪）場,10歳代,小学生,施錠せず
窃盗,自転車盗,加古川,加古川駅前,282103,兵庫県,加古川市,加古川町　寺家町,20241025,17,その他,駐車（輪）場,10歳代,高校生,施錠した
窃盗,自転車盗,加古川,加古川駅前,282103,兵庫県,加古川市,加古川町　寺家町,20241104,21,その他,駐車（輪）場,10歳代,高校生,施錠せず
窃盗,自転車盗,加古川,加古川駅前,282103,兵庫県,加古川市,加古川町　寺家町,20241103,17,その他,駐車（輪）場,20歳代,その他,施錠せず
窃盗,自転車盗,加古川,加古川駅前,282103,兵庫県,加古川市,加古川町　寺家町,20241107,19,その他,駐車（輪）場,10歳代,高校生,施錠せず
窃盗,自転車盗,加古川,加古川駅前,282103,兵庫県,加古川市,加古川町　寺家町,20241108,9,その他,駐車（輪）場,70歳以上,その他,施錠した
窃盗,自転車盗,加古川,加古川駅前,282103,兵庫県,加古川市,加古川町　寺家町,20241107,22,その他,駐車（輪）場,20歳代,大学生,施錠せず
窃盗,自転車盗,加古川,加古川駅前,282103,兵庫県,加古川市,加古川町　寺家町,20241110,10,その他,駐車（輪）場,10歳代,大学生,施錠せず
窃盗,自転車盗,加古川,加古川駅前,282103,兵庫県,加古川市,加古川町　寺家町,20241111,8,その他,駐車（輪）場,40歳代,その他,施錠せず
窃盗,自転車盗,加古川,加古川駅前,282103,兵庫県,加古川市,加古川町　寺家町,20241219,11,その他,駐車（輪）場,65-69歳,その他,施錠せず
窃盗,自転車盗,加古川,加古川駅前,282103,兵庫県,加古川市,加古川町　寺家町,20241227,21,その他,駐車（輪）場,30歳代,その他,施錠せず
窃盗,自転車盗,加古川,加古川駅前,282103,兵庫県,加古川市,加古川町　西河原,20240415,18,４階建て以上共同住宅,駐車（輪）場,70歳以上,その他,施錠した
窃盗,自転車盗,加古川,加古川駅前,282103,兵庫県,加古川市,加古川町　西河原,20240729,18,４階建て以上共同住宅,駐車（輪）場,10歳代,高校生,施錠せず
窃盗,自転車盗,加古川,加古川駅前,282103,兵庫県,加古川市,加古川町　西河原,20241014,22,４階建て以上共同住宅,駐車（輪）場,20歳代,その他,施錠した
窃盗,自転車盗,加古川,加古川駅前,282103,兵庫県,加古川市,加古川町　平野,20240406,16,４階建て以上共同住宅,駐車（輪）場,60-64歳,その他,施錠した
窃盗,自転車盗,加古川,加古川駅前,282103,兵庫県,加古川市,加古川町　本町,20240621,21,４階建て以上共同住宅,駐車（輪）場,20歳代,その他,施錠せず
窃盗,自転車盗,加古川,加古川駅前,282103,兵庫県,加古川市,加古川町　本町,20240705,8,その他,駐車（輪）場,30歳代,その他,施錠した
窃盗,自転車盗,加古川,加古川駅前,282103,兵庫県,加古川市,加古川町　本町,20240731,18,４階建て以上共同住宅,駐車（輪）場,50歳代,その他,施錠せず
窃盗,自転車盗,加古川,加古川駅前,282103,兵庫県,加古川市,加古川町　本町,20241021,21,その他の住宅（３階建て以下共同住宅等）,駐車（輪）場,20歳代,その他,施錠せず
窃盗,自転車盗,加古川,加古川駅前,282103,兵庫県,加古川市,加古川町　溝之口,20240105,20,その他,駐車（輪）場,10歳代,高校生,施錠せず
窃盗,自転車盗,加古川,加古川駅前,282103,兵庫県,加古川市,加古川町　溝之口,20240113,21,道路上,その他,10歳代,大学生,施錠せず
窃盗,自転車盗,加古川,加古川駅前,282103,兵庫県,加古川市,加古川町　溝之口,20240222,11,一戸建住宅,駐車（輪）場,10歳代,高校生,施錠せず
窃盗,自転車盗,加古川,加古川駅前,282103,兵庫県,加古川市,加古川町　溝之口,20231125,9,その他,駐車（輪）場,20歳代,その他,施錠せず
窃盗,自転車盗,加古川,加古川駅前,282103,兵庫県,加古川市,加古川町　溝之口,20240327,7,駐車（輪）場,駐車（輪）場,30歳代,その他,施錠した
窃盗,自転車盗,加古川,加古川駅前,282103,兵庫県,加古川市,加古川町　溝之口,20221001,8,その他,駐車（輪）場,40歳代,その他,施錠せず
窃盗,自転車盗,加古川,加古川駅前,282103,兵庫県,加古川市,加古川町　溝之口,20240509,18,その他,駐車（輪）場,10歳代,高校生,施錠せず
窃盗,自転車盗,加古川,加古川駅前,282103,兵庫県,加古川市,加古川町　溝之口,20240509,6,その他,駐車（輪）場,50歳代,その他,施錠した
窃盗,自転車盗,加古川,加古川駅前,282103,兵庫県,加古川市,加古川町　溝之口,20240519,7,その他,駐車（輪）場,10歳代,高校生,施錠せず
窃盗,自転車盗,加古川,加古川駅前,282103,兵庫県,加古川市,加古川町　溝之口,20240523,10,その他,駐車（輪）場,20歳代,その他,施錠した
窃盗,自転車盗,加古川,加古川駅前,282103,兵庫県,加古川市,加古川町　溝之口,20240610,18,その他,駐車（輪）場,20歳代,その他,施錠せず
窃盗,自転車盗,加古川,加古川駅前,282103,兵庫県,加古川市,加古川町　溝之口,20230418,7,その他,駐車（輪）場,10歳代,高校生,施錠せず
窃盗,自転車盗,加古川,加古川駅前,282103,兵庫県,加古川市,加古川町　溝之口,20240707,19,その他,駐車（輪）場,10歳代,その他,施錠した
窃盗,自転車盗,加古川,加古川駅前,282103,兵庫県,加古川市,加古川町　溝之口,20240715,9,その他,駐車（輪）場,10歳代,大学生,施錠せず
窃盗,自転車盗,加古川,加古川駅前,282103,兵庫県,加古川市,加古川町　溝之口,20240714,12,その他,駐車（輪）場,10歳代,大学生,施錠せず
窃盗,自転車盗,加古川,加古川駅前,282103,兵庫県,加古川市,加古川町　溝之口,20240714,14,駐車（輪）場,駐車（輪）場,10歳代,その他,施錠した
窃盗,自転車盗,加古川,加古川駅前,282103,兵庫県,加古川市,加古川町　溝之口,20240721,6,その他,駐車（輪）場,20歳代,その他,施錠せず
窃盗,自転車盗,加古川,加古川駅前,282103,兵庫県,加古川市,加古川町　溝之口,20240818,16,その他,駐車（輪）場,20歳代,大学生,施錠した
窃盗,自転車盗,加古川,加古川駅前,282103,兵庫県,加古川市,加古川町　溝之口,20241012,7,その他,駐車（輪）場,10歳代,高校生,施錠せず
窃盗,自転車盗,加古川,加古川駅前,282103,兵庫県,加古川市,加古川町　溝之口,20241013,8,その他,駐車（輪）場,10歳代,高校生,施錠せず
窃盗,自転車盗,加古川,加古川駅前,282103,兵庫県,加古川市,加古川町　溝之口,20241105,8,その他,駐車（輪）場,10歳代,大学生,施錠した
窃盗,自転車盗,加古川,加古川駅前,282103,兵庫県,加古川市,加古川町　溝之口,20241120,12,４階建て以上共同住宅,駐車（輪）場,50歳代,その他,施錠せず
窃盗,自転車盗,加古川,加古川駅前,282103,兵庫県,加古川市,加古川町　溝之口,20241218,12,その他,駐車（輪）場,20歳代,大学生,施錠せず
窃盗,自転車盗,加古川,加古川駅前,282103,兵庫県,加古川市,加古川町　溝之口,20241226,5,その他,駐車（輪）場,20歳代,その他,施錠した
窃盗,自転車盗,加古川,加古川駅前,282103,兵庫県,加古川市,加古川町　溝之口,20241228,7,その他,駐車（輪）場,10歳代,高校生,施錠せず
窃盗,自転車盗,加古川,加古川駅前,282103,兵庫県,加古川市,加古川町　溝之口,20241223,10,一戸建住宅,駐車（輪）場,60-64歳,その他,施錠せず
窃盗,自転車盗,加古川,鳩里,282103,兵庫県,加古川市,尾上町　今福,20241206,17,その他,駐車（輪）場,60-64歳,その他,施錠した
窃盗,自転車盗,加古川,鳩里,282103,兵庫県,加古川市,尾上町　安田,20240707,17,その他,その他,10歳代,中学生,施錠せず
窃盗,自転車盗,加古川,鳩里,282103,兵庫県,加古川市,加古川町　粟津,20240722,14,その他,駐車（輪）場,10歳代,中学生,施錠せず
窃盗,自転車盗,加古川,鳩里,282103,兵庫県,加古川市,加古川町　粟津,20240701,10,４階建て以上共同住宅,駐車（輪）場,20歳代,大学生,施錠せず
窃盗,自転車盗,加古川,鳩里,282103,兵庫県,加古川市,加古川町　稲屋,20240619,22,その他の住宅（３階建て以下共同住宅等）,駐車（輪）場,20歳代,その他,施錠せず
窃盗,自転車盗,加古川,鳩里,282103,兵庫県,加古川市,加古川町　北在家,20240304,7,一戸建住宅,駐車（輪）場,70歳以上,その他,施錠せず
窃盗,自転車盗,加古川,鳩里,282103,兵庫県,加古川市,加古川町　北在家,20240623,23,その他,駐車（輪）場,20歳代,その他,施錠せず
窃盗,自転車盗,加古川,鳩里,282103,兵庫県,加古川市,加古川町　北在家,20240720,18,一戸建住宅,駐車（輪）場,50歳代,その他,施錠した
窃盗,自転車盗,加古川,鳩里,282103,兵庫県,加古川市,加古川町　木村,20241014,23,その他,駐車（輪）場,60-64歳,その他,施錠せず
窃盗,自転車盗,加古川,鳩里,282103,兵庫県,加古川市,加古川町　備後,20240704,21,その他の住宅（３階建て以下共同住宅等）,駐車（輪）場,40歳代,その他,施錠せず
窃盗,自転車盗,加古川,鳩里,282103,兵庫県,加古川市,加古川町　備後,20240715,21,４階建て以上共同住宅,駐車（輪）場,10歳代,中学生,施錠せず
窃盗,自転車盗,加古川,鳩里,282103,兵庫県,加古川市,加古川町　備後,20240918,18,４階建て以上共同住宅,駐車（輪）場,20歳代,その他,施錠せず
窃盗,自転車盗,加古川,鳩里,282103,兵庫県,加古川市,加古川町　備後,20241111,18,その他,駐車（輪）場,10歳代,中学生,施錠せず
窃盗,自転車盗,加古川,鳩里,282103,兵庫県,加古川市,加古川町　南備後,20240923,17,一戸建住宅,駐車（輪）場,10歳代,高校生,施錠せず
窃盗,自転車盗,加古川,日岡,282103,兵庫県,加古川市,加古川町　大野,20240119,17,その他,駐車（輪）場,10歳代,小学生,施錠せず
窃盗,自転車盗,加古川,日岡,282103,兵庫県,加古川市,加古川町　大野,20240119,18,一戸建住宅,その他,70歳以上,その他,施錠せず
窃盗,自転車盗,加古川,日岡,282103,兵庫県,加古川市,加古川町　大野,20240119,17,道路上,その他,10歳代,中学生,施錠した
窃盗,自転車盗,加古川,日岡,282103,兵庫県,加古川市,加古川町　大野,20240304,17,その他の住宅（３階建て以下共同住宅等）,駐車（輪）場,20歳代,その他,施錠せず
窃盗,自転車盗,加古川,日岡,282103,兵庫県,加古川市,加古川町　大野,20240325,9,その他,駐車（輪）場,20歳代,その他,施錠せず
窃盗,自転車盗,加古川,日岡,282103,兵庫県,加古川市,加古川町　大野,20240330,12,その他,駐車（輪）場,20歳代,その他,施錠せず
窃盗,自転車盗,加古川,日岡,282103,兵庫県,加古川市,加古川町　大野,20240411,17,一戸建住宅,駐車（輪）場,40歳代,その他,施錠せず
窃盗,自転車盗,加古川,日岡,282103,兵庫県,加古川市,加古川町　大野,20240503,9,その他,駐車（輪）場,20歳代,その他,施錠した
窃盗,自転車盗,加古川,日岡,282103,兵庫県,加古川市,加古川町　大野,20241003,8,その他,駐車（輪）場,10歳代,高校生,施錠せず
窃盗,自転車盗,加古川,日岡,282103,兵庫県,加古川市,加古川町　大野,20241112,6,その他,駐車（輪）場,20歳代,その他,施錠せず
窃盗,自転車盗,加古川,日岡,282103,兵庫県,加古川市,加古川町　中津,20241102,17,一戸建住宅,駐車（輪）場,20歳代,その他,施錠せず
窃盗,自転車盗,加古川,日岡,282103,兵庫県,加古川市,加古川町　美乃利,20231223,14,一戸建住宅,駐車（輪）場,30歳代,その他,施錠せず
窃盗,自転車盗,加古川,日岡,282103,兵庫県,加古川市,加古川町　美乃利,20240122,19,その他,駐車（輪）場,30歳代,その他,施錠せず
窃盗,自転車盗,加古川,日岡,282103,兵庫県,加古川市,加古川町　美乃利,20231115,12,その他の住宅（３階建て以下共同住宅等）,駐車（輪）場,50歳代,その他,施錠した
窃盗,自転車盗,加古川,日岡,282103,兵庫県,加古川市,加古川町　美乃利,20240413,14,一戸建住宅,駐車（輪）場,50歳代,その他,施錠せず
窃盗,自転車盗,加古川,日岡,282103,兵庫県,加古川市,加古川町　美乃利,20240511,23,その他の住宅（３階建て以下共同住宅等）,駐車（輪）場,30歳代,その他,施錠した
窃盗,自転車盗,加古川,日岡,282103,兵庫県,加古川市,加古川町　美乃利,20240711,23,４階建て以上共同住宅,駐車（輪）場,20歳代,その他,施錠せず
窃盗,自転車盗,加古川,日岡,282103,兵庫県,加古川市,加古川町　美乃利,20240813,23,一戸建住宅,その他,50歳代,その他,施錠せず
窃盗,自転車盗,加古川,日岡,282103,兵庫県,加古川市,加古川町　美乃利,20241108,18,その他の住宅（３階建て以下共同住宅等）,駐車（輪）場,30歳代,その他,施錠した
窃盗,自転車盗,加古川,神野,282103,兵庫県,加古川市,神野町　石守,20240815,20,４階建て以上共同住宅,駐車（輪）場,10歳代,高校生,施錠した
窃盗,自転車盗,加古川,神野,282103,兵庫県,加古川市,神野町　石守,20240920,14,その他,駐車（輪）場,50歳代,その他,施錠した
窃盗,自転車盗,加古川,尾上,282103,兵庫県,加古川市,尾上町　旭１丁目,20240422,8,その他,駐車（輪）場,10歳代,高校生,施錠した
窃盗,自転車盗,加古川,尾上,282103,兵庫県,加古川市,尾上町　旭１丁目,20240426,9,その他,駐車（輪）場,10歳代,大学生,施錠した
窃盗,自転車盗,加古川,尾上,282103,兵庫県,加古川市,尾上町　旭１丁目,20240419,6,その他,駐車（輪）場,20歳代,その他,施錠した
窃盗,自転車盗,加古川,尾上,282103,兵庫県,加古川市,尾上町　旭１丁目,20240605,10,その他,駐車（輪）場,20歳代,その他,施錠せず
窃盗,自転車盗,加古川,尾上,282103,兵庫県,加古川市,尾上町　旭１丁目,20240919,8,その他,駐車（輪）場,10歳代,高校生,施錠せず
窃盗,自転車盗,加古川,尾上,282103,兵庫県,加古川市,尾上町　旭１丁目,20240926,7,その他,駐車（輪）場,10歳代,高校生,施錠せず
窃盗,自転車盗,加古川,尾上,282103,兵庫県,加古川市,尾上町　旭１丁目,20241011,7,その他,駐車（輪）場,10歳代,高校生,施錠した
窃盗,自転車盗,加古川,尾上,282103,兵庫県,加古川市,尾上町　旭１丁目,20241014,17,その他,駐車（輪）場,10歳代,高校生,施錠せず
窃盗,自転車盗,加古川,尾上,282103,兵庫県,加古川市,尾上町　旭１丁目,20240430,6,その他,駐車（輪）場,10歳代,高校生,施錠せず
窃盗,自転車盗,加古川,尾上,282103,兵庫県,加古川市,尾上町　旭１丁目,20241020,17,その他,駐車（輪）場,20歳代,その他,施錠せず
窃盗,自転車盗,加古川,尾上,282103,兵庫県,加古川市,尾上町　旭２丁目,20240209,8,その他,駐車（輪）場,30歳代,その他,施錠した
窃盗,自転車盗,加古川,尾上,282103,兵庫県,加古川市,尾上町　旭２丁目,20240215,7,その他,駐車（輪）場,10歳代,高校生,施錠せず
窃盗,自転車盗,加古川,尾上,282103,兵庫県,加古川市,尾上町　旭２丁目,20240208,6,その他,駐車（輪）場,10歳代,高校生,施錠した
窃盗,自転車盗,加古川,尾上,282103,兵庫県,加古川市,尾上町　旭２丁目,20240228,6,その他,駐車（輪）場,10歳代,高校生,施錠した
窃盗,自転車盗,加古川,尾上,282103,兵庫県,加古川市,尾上町　旭２丁目,20240409,9,その他,駐車（輪）場,10歳代,大学生,施錠せず
窃盗,自転車盗,加古川,尾上,282103,兵庫県,加古川市,尾上町　旭２丁目,20240419,9,その他,駐車（輪）場,20歳代,大学生,施錠した
窃盗,自転車盗,加古川,尾上,282103,兵庫県,加古川市,尾上町　旭２丁目,20240425,7,その他,駐車（輪）場,10歳代,高校生,施錠した
窃盗,自転車盗,加古川,尾上,282103,兵庫県,加古川市,尾上町　旭２丁目,20240509,6,その他,駐車（輪）場,40歳代,その他,施錠せず
窃盗,自転車盗,加古川,尾上,282103,兵庫県,加古川市,尾上町　旭２丁目,20240621,12,一戸建住宅,駐車（輪）場,10歳代,小学生,施錠せず
窃盗,自転車盗,加古川,尾上,282103,兵庫県,加古川市,尾上町　旭２丁目,20240715,9,その他,駐車（輪）場,10歳代,高校生,施錠せず
窃盗,自転車盗,加古川,尾上,282103,兵庫県,加古川市,尾上町　旭２丁目,20240810,10,その他,駐車（輪）場,10歳代,高校生,施錠せず
窃盗,自転車盗,加古川,尾上,282103,兵庫県,加古川市,尾上町　旭２丁目,20240826,9,その他,駐車（輪）場,50歳代,その他,施錠した
窃盗,自転車盗,加古川,尾上,282103,兵庫県,加古川市,尾上町　旭２丁目,20240925,10,その他,駐車（輪）場,20歳代,その他,施錠した
窃盗,自転車盗,加古川,尾上,282103,兵庫県,加古川市,尾上町　旭２丁目,20241022,7,その他,駐車（輪）場,10歳代,高校生,施錠した
窃盗,自転車盗,加古川,尾上,282103,兵庫県,加古川市,尾上町　旭３丁目,20240905,18,その他の住宅（３階建て以下共同住宅等）,駐車（輪）場,30歳代,その他,施錠せず
窃盗,自転車盗,加古川,尾上,282103,兵庫県,加古川市,尾上町　池田,20240201,18,その他,駐車（輪）場,10歳代,高校生,施錠せず
窃盗,自転車盗,加古川,尾上,282103,兵庫県,加古川市,尾上町　池田,20240115,9,一戸建住宅,駐車（輪）場,50歳代,その他,施錠した
窃盗,自転車盗,加古川,尾上,282103,兵庫県,加古川市,尾上町　池田,20240324,17,その他の住宅（３階建て以下共同住宅等）,駐車（輪）場,10歳代,小学生,施錠せず
窃盗,自転車盗,加古川,尾上,282103,兵庫県,加古川市,尾上町　池田,20240331,6,その他,駐車（輪）場,20歳代,大学生,施錠した
窃盗,自転車盗,加古川,尾上,282103,兵庫県,加古川市,尾上町　池田,20240907,19,その他の住宅（３階建て以下共同住宅等）,駐車（輪）場,40歳代,その他,施錠せず
窃盗,自転車盗,加古川,尾上,282103,兵庫県,加古川市,尾上町　池田,20241017,12,その他,駐車（輪）場,40歳代,その他,施錠せず
窃盗,自転車盗,加古川,尾上,282103,兵庫県,加古川市,尾上町　今福,20240112,15,その他,駐車（輪）場,30歳代,その他,施錠した
窃盗,自転車盗,加古川,尾上,282103,兵庫県,加古川市,尾上町　今福,20240211,9,その他,駐車（輪）場,20歳代,その他,施錠せず
窃盗,自転車盗,加古川,尾上,282103,兵庫県,加古川市,尾上町　今福,20240209,11,その他,駐車（輪）場,30歳代,その他,施錠した
窃盗,自転車盗,加古川,尾上,282103,兵庫県,加古川市,尾上町　今福,20240215,17,その他,駐車（輪）場,10歳代,中学生,施錠せず
窃盗,自転車盗,加古川,尾上,282103,兵庫県,加古川市,尾上町　今福,20231220,7,その他,駐車（輪）場,30歳代,その他,施錠せず
窃盗,自転車盗,加古川,尾上,282103,兵庫県,加古川市,尾上町　今福,20240222,11,その他,駐車（輪）場,20歳代,大学生,施錠した
窃盗,自転車盗,加古川,尾上,282103,兵庫県,加古川市,尾上町　今福,20240305,16,その他,駐車（輪）場,10歳代,中学生,施錠せず
窃盗,自転車盗,加古川,尾上,282103,兵庫県,加古川市,尾上町　今福,20240328,8,その他,駐車（輪）場,10歳代,高校生,施錠せず
窃盗,自転車盗,加古川,尾上,282103,兵庫県,加古川市,尾上町　今福,20240508,8,その他,駐車（輪）場,20歳代,その他,施錠した
窃盗,自転車盗,加古川,尾上,282103,兵庫県,加古川市,尾上町　今福,20240525,19,その他,駐車（輪）場,10歳代,高校生,施錠せず
窃盗,自転車盗,加古川,尾上,282103,兵庫県,加古川市,尾上町　今福,20240603,15,その他,駐車（輪）場,10歳代,大学生,施錠せず
窃盗,自転車盗,加古川,尾上,282103,兵庫県,加古川市,尾上町　今福,20240707,20,その他,駐車（輪）場,10歳代,中学生,施錠せず
窃盗,自転車盗,加古川,尾上,282103,兵庫県,加古川市,尾上町　今福,20240611,21,その他,駐車（輪）場,10歳代,大学生,施錠せず
窃盗,自転車盗,加古川,尾上,282103,兵庫県,加古川市,尾上町　今福,20240818,12,その他,駐車（輪）場,10歳代,中学生,施錠した
窃盗,自転車盗,加古川,尾上,282103,兵庫県,加古川市,尾上町　今福,20240804,8,その他,駐車（輪）場,10歳代,高校生,施錠せず
窃盗,自転車盗,加古川,尾上,282103,兵庫県,加古川市,尾上町　今福,20240826,11,その他,駐車（輪）場,10歳代,高校生,施錠した
窃盗,自転車盗,加古川,尾上,282103,兵庫県,加古川市,尾上町　今福,20240921,17,その他,駐車（輪）場,10歳代,中学生,施錠せず
窃盗,自転車盗,加古川,尾上,282103,兵庫県,加古川市,尾上町　今福,20240923,12,その他,駐車（輪）場,10歳代,高校生,施錠せず
窃盗,自転車盗,加古川,尾上,282103,兵庫県,加古川市,尾上町　今福,20241008,15,４階建て以上共同住宅,駐車（輪）場,10歳代,中学生,施錠せず
窃盗,自転車盗,加古川,尾上,282103,兵庫県,加古川市,尾上町　今福,20241010,17,その他,駐車（輪）場,10歳代,中学生,施錠せず
窃盗,自転車盗,加古川,尾上,282103,兵庫県,加古川市,尾上町　今福,20241024,16,その他,駐車（輪）場,10歳代,高校生,施錠せず
窃盗,自転車盗,加古川,尾上,282103,兵庫県,加古川市,尾上町　今福,20241223,17,その他,駐車（輪）場,10歳代,高校生,施錠せず
窃盗,自転車盗,加古川,尾上,282103,兵庫県,加古川市,尾上町　口里,20240108,4,その他の住宅（３階建て以下共同住宅等）,駐車（輪）場,20歳代,その他,施錠せず
窃盗,自転車盗,加古川,尾上,282103,兵庫県,加古川市,尾上町　口里,20240118,23,一戸建住宅,駐車（輪）場,10歳代,高校生,施錠せず
窃盗,自転車盗,加古川,尾上,282103,兵庫県,加古川市,尾上町　口里,20240122,7,その他,駐車（輪）場,50歳代,その他,施錠した
窃盗,自転車盗,加古川,尾上,282103,兵庫県,加古川市,尾上町　口里,20240418,9,その他,駐車（輪）場,10歳代,大学生,施錠せず
窃盗,自転車盗,加古川,尾上,282103,兵庫県,加古川市,尾上町　口里,20240420,23,その他,駐車（輪）場,20歳代,その他,施錠した
窃盗,自転車盗,加古川,尾上,282103,兵庫県,加古川市,尾上町　口里,20240423,10,その他,駐車（輪）場,40歳代,その他,施錠した
窃盗,自転車盗,加古川,尾上,282103,兵庫県,加古川市,尾上町　口里,20240420,16,その他,駐車（輪）場,20歳代,大学生,施錠せず
窃盗,自転車盗,加古川,尾上,282103,兵庫県,加古川市,尾上町　口里,20240602,8,その他,駐車（輪）場,10歳代,高校生,施錠した
窃盗,自転車盗,加古川,尾上,282103,兵庫県,加古川市,尾上町　口里,20240619,18,一戸建住宅,駐車（輪）場,70歳以上,その他,施錠せず
窃盗,自転車盗,加古川,尾上,282103,兵庫県,加古川市,尾上町　口里,20240616,10,その他,駐車（輪）場,10歳代,大学生,施錠せず
窃盗,自転車盗,加古川,尾上,282103,兵庫県,加古川市,尾上町　口里,20240711,7,駐車（輪）場,駐車（輪）場,20歳代,その他,施錠せず
窃盗,自転車盗,加古川,尾上,282103,兵庫県,加古川市,尾上町　口里,20240719,22,その他,駐車（輪）場,10歳代,高校生,施錠せず
窃盗,自転車盗,加古川,尾上,282103,兵庫県,加古川市,尾上町　口里,20240719,18,その他の住宅（３階建て以下共同住宅等）,駐車（輪）場,20歳代,その他,施錠せず
窃盗,自転車盗,加古川,尾上,282103,兵庫県,加古川市,尾上町　口里,20240910,6,その他,駐車（輪）場,10歳代,高校生,施錠せず
窃盗,自転車盗,加古川,尾上,282103,兵庫県,加古川市,尾上町　口里,20240903,7,その他,駐車（輪）場,10歳代,中学生,施錠せず
窃盗,自転車盗,加古川,尾上,282103,兵庫県,加古川市,尾上町　口里,20240921,12,その他,駐車（輪）場,20歳代,その他,施錠した
窃盗,自転車盗,加古川,尾上,282103,兵庫県,加古川市,尾上町　口里,20240927,7,その他,駐車（輪）場,10歳代,高校生,施錠せず
窃盗,自転車盗,加古川,尾上,282103,兵庫県,加古川市,尾上町　口里,20241007,15,その他,駐車（輪）場,20歳代,その他,施錠せず
窃盗,自転車盗,加古川,尾上,282103,兵庫県,加古川市,尾上町　口里,20241011,7,その他,駐車（輪）場,20歳代,その他,施錠せず
窃盗,自転車盗,加古川,尾上,282103,兵庫県,加古川市,尾上町　口里,20241025,6,その他,駐車（輪）場,20歳代,大学生,施錠した
窃盗,自転車盗,加古川,尾上,282103,兵庫県,加古川市,尾上町　口里,20241111,10,その他,駐車（輪）場,40歳代,その他,施錠した
窃盗,自転車盗,加古川,尾上,282103,兵庫県,加古川市,尾上町　口里,20241030,7,その他,駐車（輪）場,10歳代,高校生,施錠せず
窃盗,自転車盗,加古川,尾上,282103,兵庫県,加古川市,尾上町　口里,20241212,17,道路上,その他,70歳以上,その他,施錠せず
窃盗,自転車盗,加古川,尾上,282103,兵庫県,加古川市,尾上町　長田,20240321,20,一戸建住宅,その他,70歳以上,その他,施錠せず
窃盗,自転車盗,加古川,尾上,282103,兵庫県,加古川市,尾上町　長田,20241220,20,その他の住宅（３階建て以下共同住宅等）,駐車（輪）場,20歳代,その他,施錠した
窃盗,自転車盗,加古川,尾上,282103,兵庫県,加古川市,尾上町　安田,20240104,17,駐車（輪）場,駐車（輪）場,10歳代,高校生,施錠せず
窃盗,自転車盗,加古川,尾上,282103,兵庫県,加古川市,尾上町　安田,20240121,13,その他,駐車（輪）場,10歳代,小学生,施錠せず
窃盗,自転車盗,加古川,尾上,282103,兵庫県,加古川市,尾上町　安田,20240311,12,その他,駐車（輪）場,10歳代,高校生,施錠せず
窃盗,自転車盗,加古川,尾上,282103,兵庫県,加古川市,尾上町　安田,20240528,18,一戸建住宅,駐車（輪）場,20歳代,その他,施錠せず
窃盗,自転車盗,加古川,尾上,282103,兵庫県,加古川市,尾上町　安田,20240602,10,その他,駐車（輪）場,10歳代,中学生,施錠せず
窃盗,自転車盗,加古川,尾上,282103,兵庫県,加古川市,尾上町　安田,20240713,13,その他,駐車（輪）場,10歳代,中学生,施錠せず
窃盗,自転車盗,加古川,尾上,282103,兵庫県,加古川市,尾上町　安田,20240722,14,一戸建住宅,駐車（輪）場,10歳代,高校生,施錠せず
窃盗,自転車盗,加古川,尾上,282103,兵庫県,加古川市,尾上町　安田,20241013,20,その他,駐車（輪）場,10歳代,中学生,施錠せず
窃盗,自転車盗,加古川,尾上,282103,兵庫県,加古川市,尾上町　安田,20241128,21,４階建て以上共同住宅,駐車（輪）場,50歳代,その他,施錠した
窃盗,自転車盗,加古川,尾上,282103,兵庫県,加古川市,尾上町　安田,20241017,8,その他,駐車（輪）場,10歳代,大学生,施錠せず
窃盗,自転車盗,加古川,尾上,282103,兵庫県,加古川市,尾上町　安田,20241228,8,その他,駐車（輪）場,10歳代,高校生,施錠せず
窃盗,自転車盗,加古川,尾上,282103,兵庫県,加古川市,尾上町　養田,20240614,20,４階建て以上共同住宅,駐車（輪）場,20歳代,その他,施錠せず
窃盗,自転車盗,加古川,尾上,282103,兵庫県,加古川市,尾上町　養田,20241107,18,その他の住宅（３階建て以下共同住宅等）,駐車（輪）場,10歳代,その他,施錠せず
窃盗,自転車盗,加古川,野口,282103,兵庫県,加古川市,野口町　坂元,20240612,20,４階建て以上共同住宅,駐車（輪）場,20歳代,その他,施錠せず
窃盗,自転車盗,加古川,野口,282103,兵庫県,加古川市,野口町　坂元,20241013,10,その他,駐車（輪）場,20歳代,大学生,施錠した
窃盗,自転車盗,加古川,野口,282103,兵庫県,加古川市,野口町　坂元,20241203,16,その他,駐車（輪）場,20歳代,その他,施錠せず
窃盗,自転車盗,加古川,野口,282103,兵庫県,加古川市,野口町　長砂,20240104,11,一戸建住宅,駐車（輪）場,20歳代,その他,施錠せず
窃盗,自転車盗,加古川,野口,282103,兵庫県,加古川市,野口町　長砂,20240116,20,４階建て以上共同住宅,駐車（輪）場,20歳代,大学生,施錠せず
窃盗,自転車盗,加古川,野口,282103,兵庫県,加古川市,野口町　長砂,20240218,19,その他,駐車（輪）場,20歳代,大学生,施錠せず
窃盗,自転車盗,加古川,野口,282103,兵庫県,加古川市,野口町　長砂,20240313,18,４階建て以上共同住宅,駐車（輪）場,20歳代,その他,施錠せず
窃盗,自転車盗,加古川,野口,282103,兵庫県,加古川市,野口町　長砂,20240616,12,その他,駐車（輪）場,20歳代,その他,施錠せず
窃盗,自転車盗,加古川,野口,282103,兵庫県,加古川市,野口町　長砂,20240625,19,その他,駐車（輪）場,10歳代,中学生,施錠せず
窃盗,自転車盗,加古川,野口,282103,兵庫県,加古川市,野口町　長砂,20240722,18,一戸建住宅,駐車（輪）場,30歳代,その他,施錠した
窃盗,自転車盗,加古川,野口,282103,兵庫県,加古川市,野口町　長砂,20241020,15,道路上,その他,20歳代,その他,施錠せず
窃盗,自転車盗,加古川,野口,282103,兵庫県,加古川市,野口町　長砂,20241026,8,一戸建住宅,駐車（輪）場,20歳代,その他,施錠せず
窃盗,自転車盗,加古川,野口,282103,兵庫県,加古川市,野口町　野口,20240313,17,その他,駐車（輪）場,10歳代,中学生,施錠せず
窃盗,自転車盗,加古川,野口,282103,兵庫県,加古川市,野口町　野口,20240419,20,その他の住宅（３階建て以下共同住宅等）,駐車（輪）場,20歳代,その他,施錠せず
窃盗,自転車盗,加古川,野口,282103,兵庫県,加古川市,野口町　野口,20240511,17,その他,駐車（輪）場,50歳代,その他,施錠した
窃盗,自転車盗,加古川,野口,282103,兵庫県,加古川市,野口町　野口,20240619,21,その他,駐車（輪）場,10歳代,高校生,施錠せず
窃盗,自転車盗,加古川,野口,282103,兵庫県,加古川市,野口町　野口,20240616,20,その他,駐車（輪）場,10歳代,中学生,施錠せず
窃盗,自転車盗,加古川,野口,282103,兵庫県,加古川市,野口町　野口,20240627,20,その他の住宅（３階建て以下共同住宅等）,駐車（輪）場,30歳代,その他,施錠せず
窃盗,自転車盗,加古川,野口,282103,兵庫県,加古川市,野口町　野口,20241105,20,その他,駐車（輪）場,10歳代,高校生,施錠せず
窃盗,自転車盗,加古川,野口,282103,兵庫県,加古川市,野口町　野口,20241105,20,その他,駐車（輪）場,10歳代,高校生,施錠せず
窃盗,自転車盗,加古川,野口,282103,兵庫県,加古川市,野口町　二屋,20240420,10,一戸建住宅,駐車（輪）場,50歳代,その他,施錠した
窃盗,自転車盗,加古川,野口,282103,兵庫県,加古川市,野口町　二屋,20241110,16,一戸建住宅,駐車（輪）場,70歳以上,その他,施錠せず
窃盗,自転車盗,加古川,野口,282103,兵庫県,加古川市,野口町　良野,20240104,13,一戸建住宅,駐車（輪）場,10歳代,小学生,施錠せず
窃盗,自転車盗,加古川,野口,282103,兵庫県,加古川市,野口町　良野,20240729,22,その他の住宅（３階建て以下共同住宅等）,駐車（輪）場,20歳代,その他,施錠した
窃盗,自転車盗,加古川,野口,282103,兵庫県,加古川市,野口町　良野,20241115,19,一戸建住宅,駐車（輪）場,50歳代,その他,施錠せず
窃盗,自転車盗,加古川,別府,282103,兵庫県,加古川市,野口町　坂井,20240611,21,その他の住宅（３階建て以下共同住宅等）,駐車（輪）場,30歳代,その他,施錠せず
窃盗,自転車盗,加古川,別府,282103,兵庫県,加古川市,野口町　坂井,20240730,16,その他,駐車（輪）場,10歳代,その他,施錠せず
窃盗,自転車盗,加古川,別府,282103,兵庫県,加古川市,野口町　坂井,20241015,15,その他,駐車（輪）場,20歳代,その他,施錠せず
窃盗,自転車盗,加古川,別府,282103,兵庫県,加古川市,平岡町　中野,20240905,19,その他,駐車（輪）場,10歳代,高校生,施錠せず
窃盗,自転車盗,加古川,別府,282103,兵庫県,加古川市,別府町　朝日町,20241025,14,その他,駐車（輪）場,40歳代,その他,施錠せず
窃盗,自転車盗,加古川,別府,282103,兵庫県,加古川市,別府町　新野辺,20240504,6,その他の住宅（３階建て以下共同住宅等）,駐車（輪）場,10歳代,中学生,施錠した
窃盗,自転車盗,加古川,別府,282103,兵庫県,加古川市,別府町　新野辺,20241030,16,その他,駐車（輪）場,20歳代,その他,施錠せず
窃盗,自転車盗,加古川,別府,282103,兵庫県,加古川市,別府町　新野辺北町３丁目,20241103,0,道路上,その他,10歳代,小学生,施錠せず
窃盗,自転車盗,加古川,別府,282103,兵庫県,加古川市,別府町　新野辺北町４丁目,20241030,19,４階建て以上共同住宅,駐車（輪）場,30歳代,その他,施錠した
窃盗,自転車盗,加古川,別府,282103,兵庫県,加古川市,別府町　新野辺北町５丁目,20240713,10,４階建て以上共同住宅,駐車（輪）場,20歳代,その他,施錠せず
窃盗,自転車盗,加古川,別府,282103,兵庫県,加古川市,別府町　新野辺北町６丁目,20240419,18,４階建て以上共同住宅,駐車（輪）場,20歳代,その他,施錠せず
窃盗,自転車盗,加古川,別府,282103,兵庫県,加古川市,別府町　別府,20240113,6,その他,駐車（輪）場,10歳代,高校生,施錠せず
窃盗,自転車盗,加古川,別府,282103,兵庫県,加古川市,別府町　別府,20231212,7,その他,駐車（輪）場,20歳代,その他,施錠した
窃盗,自転車盗,加古川,別府,282103,兵庫県,加古川市,別府町　別府,20240216,18,その他,駐車（輪）場,20歳代,その他,施錠せず
窃盗,自転車盗,加古川,別府,282103,兵庫県,加古川市,別府町　別府,20240223,19,その他,駐車（輪）場,50歳代,その他,施錠せず
窃盗,自転車盗,加古川,別府,282103,兵庫県,加古川市,別府町　別府,20240302,22,一戸建住宅,駐車（輪）場,60-64歳,その他,施錠せず
窃盗,自転車盗,加古川,別府,282103,兵庫県,加古川市,別府町　別府,20240313,19,その他,駐車（輪）場,20歳代,その他,施錠した
窃盗,自転車盗,加古川,別府,282103,兵庫県,加古川市,別府町　別府,20240327,7,その他,駐車（輪）場,30歳代,その他,施錠した
窃盗,自転車盗,加古川,別府,282103,兵庫県,加古川市,別府町　別府,20240512,8,その他,駐車（輪）場,20歳代,大学生,施錠せず
窃盗,自転車盗,加古川,別府,282103,兵庫県,加古川市,別府町　別府,20240518,20,その他,その他,20歳代,大学生,施錠した
窃盗,自転車盗,加古川,別府,282103,兵庫県,加古川市,別府町　別府,20240527,20,４階建て以上共同住宅,駐車（輪）場,30歳代,その他,施錠せず
窃盗,自転車盗,加古川,別府,282103,兵庫県,加古川市,別府町　別府,20240621,17,その他,駐車（輪）場,65-69歳,その他,施錠した
窃盗,自転車盗,加古川,別府,282103,兵庫県,加古川市,別府町　別府,20240702,7,その他,駐車（輪）場,30歳代,その他,施錠せず
窃盗,自転車盗,加古川,別府,282103,兵庫県,加古川市,別府町　別府,20240703,8,その他,駐車（輪）場,30歳代,その他,施錠せず
窃盗,自転車盗,加古川,別府,282103,兵庫県,加古川市,別府町　別府,20240819,9,その他,駐車（輪）場,10歳代,その他,施錠せず
窃盗,自転車盗,加古川,別府,282103,兵庫県,加古川市,別府町　別府,20240814,11,その他,駐車（輪）場,20歳代,大学生,施錠せず
窃盗,自転車盗,加古川,別府,282103,兵庫県,加古川市,別府町　別府,20240905,11,４階建て以上共同住宅,駐車（輪）場,10歳代,高校生,施錠せず
窃盗,自転車盗,加古川,別府,282103,兵庫県,加古川市,別府町　別府,20240814,11,４階建て以上共同住宅,駐車（輪）場,65-69歳,その他,施錠せず
窃盗,自転車盗,加古川,別府,282103,兵庫県,加古川市,別府町　別府,20240920,8,その他,駐車（輪）場,20歳代,その他,施錠した
窃盗,自転車盗,加古川,別府,282103,兵庫県,加古川市,別府町　別府,20240926,7,その他,駐車（輪）場,20歳代,その他,施錠せず
窃盗,自転車盗,加古川,別府,282103,兵庫県,加古川市,別府町　別府,20241004,18,その他,駐車（輪）場,20歳代,その他,施錠した
窃盗,自転車盗,加古川,別府,282103,兵庫県,加古川市,別府町　別府,20241108,19,その他,駐車（輪）場,65-69歳,その他,施錠した
窃盗,自転車盗,加古川,別府,282103,兵庫県,加古川市,別府町　別府,20241008,7,その他,駐車（輪）場,20歳代,その他,施錠せず
窃盗,自転車盗,加古川,別府,282103,兵庫県,加古川市,別府町　別府,20241018,8,その他,駐車（輪）場,10歳代,大学生,施錠せず
窃盗,自転車盗,加古川,別府,282103,兵庫県,加古川市,別府町　別府,20241220,18,その他,駐車（輪）場,20歳代,その他,施錠せず
窃盗,自転車盗,加古川,別府,282103,兵庫県,加古川市,別府町　緑町,20240104,10,その他,駐車（輪）場,20歳代,大学生,施錠せず
窃盗,自転車盗,加古川,別府,282103,兵庫県,加古川市,別府町　緑町,20240428,12,その他,駐車（輪）場,10歳代,中学生,施錠せず
窃盗,自転車盗,加古川,別府,282103,兵庫県,加古川市,別府町　緑町,20240503,7,その他,駐車（輪）場,10歳代,高校生,施錠せず
窃盗,自転車盗,加古川,別府,282103,兵庫県,加古川市,別府町　緑町,20240529,7,その他,駐車（輪）場,30歳代,その他,施錠せず
窃盗,自転車盗,加古川,別府,282103,兵庫県,加古川市,別府町　緑町,20240609,18,その他,駐車（輪）場,10歳代,中学生,施錠せず
窃盗,自転車盗,加古川,別府,282103,兵庫県,加古川市,別府町　緑町,20240714,15,その他,駐車（輪）場,10歳代,中学生,施錠せず
窃盗,自転車盗,加古川,別府,282103,兵庫県,加古川市,別府町　緑町,20240924,11,その他,駐車（輪）場,10歳代,その他,施錠せず
窃盗,自転車盗,加古川,別府,282103,兵庫県,加古川市,別府町　緑町,20241005,15,その他,駐車（輪）場,20歳代,その他,施錠せず
窃盗,自転車盗,加古川,別府,282103,兵庫県,加古川市,別府町　緑町,20241025,7,その他,駐車（輪）場,10歳代,高校生,施錠せず
窃盗,自転車盗,加古川,別府,282103,兵庫県,加古川市,別府町　緑町,20241223,18,その他,駐車（輪）場,40歳代,その他,施錠せず
窃盗,自転車盗,加古川,東加古川,282103,兵庫県,加古川市,平岡町　一色,20231231,16,その他,駐車（輪）場,40歳代,その他,施錠した
窃盗,自転車盗,加古川,東加古川,282103,兵庫県,加古川市,平岡町　一色,20240216,19,その他の住宅（３階建て以下共同住宅等）,その他,20歳代,その他,施錠せず
窃盗,自転車盗,加古川,東加古川,282103,兵庫県,加古川市,平岡町　一色,20240331,9,その他,駐車（輪）場,10歳代,高校生,施錠せず
窃盗,自転車盗,加古川,東加古川,282103,兵庫県,加古川市,平岡町　一色,20240716,9,４階建て以上共同住宅,駐車（輪）場,20歳代,その他,施錠した
窃盗,自転車盗,加古川,東加古川,282103,兵庫県,加古川市,平岡町　一色,20240826,8,その他,駐車（輪）場,30歳代,その他,施錠せず
窃盗,自転車盗,加古川,東加古川,282103,兵庫県,加古川市,平岡町　一色,20241006,20,その他の住宅（３階建て以下共同住宅等）,駐車（輪）場,10歳代,中学生,施錠せず
窃盗,自転車盗,加古川,東加古川,282103,兵庫県,加古川市,平岡町　新在家,20231231,19,その他,駐車（輪）場,20歳代,その他,施錠せず
窃盗,自転車盗,加古川,東加古川,282103,兵庫県,加古川市,平岡町　新在家,20240103,10,その他,駐車（輪）場,70歳以上,その他,施錠せず
窃盗,自転車盗,加古川,東加古川,282103,兵庫県,加古川市,平岡町　新在家,20240101,9,その他,駐車（輪）場,20歳代,その他,施錠せず
窃盗,自転車盗,加古川,東加古川,282103,兵庫県,加古川市,平岡町　新在家,20240114,22,その他の住宅（３階建て以下共同住宅等）,駐車（輪）場,20歳代,その他,施錠した
窃盗,自転車盗,加古川,東加古川,282103,兵庫県,加古川市,平岡町　新在家,20240118,12,一戸建住宅,その他,70歳以上,その他,施錠した
窃盗,自転車盗,加古川,東加古川,282103,兵庫県,加古川市,平岡町　新在家,20240217,13,その他,駐車（輪）場,10歳代,大学生,施錠せず
窃盗,自転車盗,加古川,東加古川,282103,兵庫県,加古川市,平岡町　新在家,20240310,19,その他,駐車（輪）場,10歳代,中学生,施錠せず
窃盗,自転車盗,加古川,東加古川,282103,兵庫県,加古川市,平岡町　新在家,20240314,11,その他,駐車（輪）場,30歳代,その他,施錠した
窃盗,自転車盗,加古川,東加古川,282103,兵庫県,加古川市,平岡町　新在家,20240319,16,その他の住宅（３階建て以下共同住宅等）,駐車（輪）場,20歳代,大学生,施錠せず
窃盗,自転車盗,加古川,東加古川,282103,兵庫県,加古川市,平岡町　新在家,20240415,8,その他,駐車（輪）場,10歳代,その他,施錠せず
窃盗,自転車盗,加古川,東加古川,282103,兵庫県,加古川市,平岡町　新在家,20240504,15,その他,駐車（輪）場,10歳代,中学生,施錠せず
窃盗,自転車盗,加古川,東加古川,282103,兵庫県,加古川市,平岡町　新在家,20240511,7,その他,駐車（輪）場,20歳代,大学生,施錠せず
窃盗,自転車盗,加古川,東加古川,282103,兵庫県,加古川市,平岡町　新在家,20240517,20,その他,駐車（輪）場,10歳代,中学生,施錠せず
窃盗,自転車盗,加古川,東加古川,282103,兵庫県,加古川市,平岡町　新在家,20240530,15,その他,駐車（輪）場,10歳代,中学生,施錠せず
窃盗,自転車盗,加古川,東加古川,282103,兵庫県,加古川市,平岡町　新在家,20240531,18,その他,駐車（輪）場,10歳代,その他,施錠せず
窃盗,自転車盗,加古川,東加古川,282103,兵庫県,加古川市,平岡町　新在家,20240613,7,その他,駐車（輪）場,10歳代,高校生,施錠せず
窃盗,自転車盗,加古川,東加古川,282103,兵庫県,加古川市,平岡町　新在家,20240617,8,駐車（輪）場,駐車（輪）場,20歳代,その他,施錠せず
窃盗,自転車盗,加古川,東加古川,282103,兵庫県,加古川市,平岡町　新在家,20240720,20,その他,駐車（輪）場,20歳代,大学生,施錠せず
窃盗,自転車盗,加古川,東加古川,282103,兵庫県,加古川市,平岡町　新在家,20240722,7,その他,駐車（輪）場,10歳代,大学生,施錠せず
窃盗,自転車盗,加古川,東加古川,282103,兵庫県,加古川市,平岡町　新在家,20240726,13,その他,駐車（輪）場,10歳代,中学生,施錠せず
窃盗,自転車盗,加古川,東加古川,282103,兵庫県,加古川市,平岡町　新在家,20240805,18,その他,駐車（輪）場,10歳代,高校生,施錠せず
窃盗,自転車盗,加古川,東加古川,282103,兵庫県,加古川市,平岡町　新在家,20240810,13,その他,駐車（輪）場,10歳代,中学生,施錠せず
窃盗,自転車盗,加古川,東加古川,282103,兵庫県,加古川市,平岡町　新在家,20240809,19,その他,駐車（輪）場,30歳代,その他,施錠せず
窃盗,自転車盗,加古川,東加古川,282103,兵庫県,加古川市,平岡町　新在家,20240825,14,その他,駐車（輪）場,10歳代,高校生,施錠せず
窃盗,自転車盗,加古川,東加古川,282103,兵庫県,加古川市,平岡町　新在家,20240828,15,その他,駐車（輪）場,10歳代,中学生,施錠せず
窃盗,自転車盗,加古川,東加古川,282103,兵庫県,加古川市,平岡町　新在家,20240902,20,その他,駐車（輪）場,10歳代,高校生,施錠せず
窃盗,自転車盗,加古川,東加古川,282103,兵庫県,加古川市,平岡町　新在家,20240822,14,その他,駐車（輪）場,10歳代,小学生,施錠せず
窃盗,自転車盗,加古川,東加古川,282103,兵庫県,加古川市,平岡町　新在家,20240914,11,その他,駐車（輪）場,20歳代,大学生,施錠せず
窃盗,自転車盗,加古川,東加古川,282103,兵庫県,加古川市,平岡町　新在家,20240923,14,その他,駐車（輪）場,10歳代,高校生,施錠せず
窃盗,自転車盗,加古川,東加古川,282103,兵庫県,加古川市,平岡町　新在家,20240929,15,その他,駐車（輪）場,10歳代,中学生,施錠せず
窃盗,自転車盗,加古川,東加古川,282103,兵庫県,加古川市,平岡町　新在家,20241001,7,駐車（輪）場,駐車（輪）場,10歳代,大学生,施錠せず
窃盗,自転車盗,加古川,東加古川,282103,兵庫県,加古川市,平岡町　新在家,20241004,16,その他,駐車（輪）場,20歳代,大学生,施錠せず
窃盗,自転車盗,加古川,東加古川,282103,兵庫県,加古川市,平岡町　新在家,20241011,7,その他,駐車（輪）場,10歳代,高校生,施錠せず
窃盗,自転車盗,加古川,東加古川,282103,兵庫県,加古川市,平岡町　新在家,20241013,10,その他,駐車（輪）場,50歳代,その他,施錠せず
窃盗,自転車盗,加古川,東加古川,282103,兵庫県,加古川市,平岡町　新在家,20241014,14,その他,駐車（輪）場,10歳代,中学生,施錠せず
窃盗,自転車盗,加古川,東加古川,282103,兵庫県,加古川市,平岡町　新在家,20241014,14,その他,駐車（輪）場,10歳代,中学生,施錠せず
窃盗,自転車盗,加古川,東加古川,282103,兵庫県,加古川市,平岡町　新在家,20241006,17,その他,駐車（輪）場,20歳代,大学生,施錠せず
窃盗,自転車盗,加古川,東加古川,282103,兵庫県,加古川市,平岡町　新在家,20241024,18,その他,駐車（輪）場,10歳代,中学生,施錠せず
窃盗,自転車盗,加古川,東加古川,282103,兵庫県,加古川市,平岡町　新在家,20241024,16,その他,駐車（輪）場,10歳代,高校生,施錠せず
窃盗,自転車盗,加古川,東加古川,282103,兵庫県,加古川市,平岡町　新在家,20241026,14,その他,駐車（輪）場,10歳代,中学生,施錠せず
窃盗,自転車盗,加古川,東加古川,282103,兵庫県,加古川市,平岡町　新在家,20241027,12,その他,駐車（輪）場,10歳代,高校生,施錠せず
窃盗,自転車盗,加古川,東加古川,282103,兵庫県,加古川市,平岡町　新在家,20241027,18,その他,駐車（輪）場,10歳代,高校生,施錠せず
窃盗,自転車盗,加古川,東加古川,282103,兵庫県,加古川市,平岡町　新在家,20241103,21,その他,駐車（輪）場,65-69歳,その他,施錠せず
窃盗,自転車盗,加古川,東加古川,282103,兵庫県,加古川市,平岡町　新在家,20241110,11,その他,駐車（輪）場,10歳代,中学生,施錠せず
窃盗,自転車盗,加古川,東加古川,282103,兵庫県,加古川市,平岡町　新在家,20241113,17,その他,駐車（輪）場,10歳代,中学生,施錠せず
窃盗,自転車盗,加古川,東加古川,282103,兵庫県,加古川市,平岡町　新在家,20241117,6,その他,駐車（輪）場,20歳代,その他,施錠した
窃盗,自転車盗,加古川,東加古川,282103,兵庫県,加古川市,平岡町　新在家,20241108,16,その他,駐車（輪）場,10歳代,高校生,施錠せず
窃盗,自転車盗,加古川,東加古川,282103,兵庫県,加古川市,平岡町　新在家,20241128,18,その他,駐車（輪）場,40歳代,その他,施錠せず
窃盗,自転車盗,加古川,東加古川,282103,兵庫県,加古川市,平岡町　新在家,20241201,20,その他,駐車（輪）場,30歳代,その他,施錠せず
窃盗,自転車盗,加古川,東加古川,282103,兵庫県,加古川市,平岡町　新在家,20241210,10,駐車（輪）場,駐車（輪）場,10歳代,高校生,施錠せず
窃盗,自転車盗,加古川,東加古川,282103,兵庫県,加古川市,平岡町　新在家,20241206,6,その他,駐車（輪）場,20歳代,その他,施錠せず
窃盗,自転車盗,加古川,東加古川,282103,兵庫県,加古川市,平岡町　新在家,20241210,19,駐車（輪）場,駐車（輪）場,20歳代,その他,施錠せず
窃盗,自転車盗,加古川,東加古川,282103,兵庫県,加古川市,平岡町　新在家,20241212,8,その他,駐車（輪）場,10歳代,その他,施錠せず
窃盗,自転車盗,加古川,東加古川,282103,兵庫県,加古川市,平岡町　新在家,20241213,21,その他,駐車（輪）場,10歳代,大学生,施錠せず
窃盗,自転車盗,加古川,東加古川,282103,兵庫県,加古川市,平岡町　新在家,20241215,10,その他,駐車（輪）場,10歳代,高校生,施錠せず
窃盗,自転車盗,加古川,東加古川,282103,兵庫県,加古川市,平岡町　新在家,20241216,13,その他,駐車（輪）場,10歳代,高校生,施錠せず
窃盗,自転車盗,加古川,東加古川,282103,兵庫県,加古川市,平岡町　新在家,20241221,13,その他,駐車（輪）場,10歳代,高校生,施錠せず
窃盗,自転車盗,加古川,東加古川,282103,兵庫県,加古川市,平岡町　新在家,20241221,17,その他の住宅（３階建て以下共同住宅等）,その他,65-69歳,その他,施錠した
窃盗,自転車盗,加古川,東加古川,282103,兵庫県,加古川市,平岡町　新在家１丁目,20241013,19,その他,駐車（輪）場,10歳代,高校生,施錠せず
窃盗,自転車盗,加古川,東加古川,282103,兵庫県,加古川市,平岡町　新在家２丁目,20231230,15,その他,駐車（輪）場,10歳代,その他,施錠せず
窃盗,自転車盗,加古川,東加古川,282103,兵庫県,加古川市,平岡町　新在家２丁目,20231125,15,その他,駐車（輪）場,30歳代,その他,施錠した
窃盗,自転車盗,加古川,東加古川,282103,兵庫県,加古川市,平岡町　新在家２丁目,20240427,19,道路上,その他,10歳代,その他,施錠した
窃盗,自転車盗,加古川,東加古川,282103,兵庫県,加古川市,平岡町　新在家２丁目,20240524,12,その他,その他,20歳代,その他,施錠した
窃盗,自転車盗,加古川,東加古川,282103,兵庫県,加古川市,平岡町　新在家２丁目,20240601,13,４階建て以上共同住宅,駐車（輪）場,20歳代,その他,施錠せず
窃盗,自転車盗,加古川,東加古川,282103,兵庫県,加古川市,平岡町　新在家２丁目,20240621,22,道路上,その他,20歳代,その他,施錠した
窃盗,自転車盗,加古川,東加古川,282103,兵庫県,加古川市,平岡町　新在家２丁目,20240712,23,道路上,その他,10歳代,高校生,施錠した
窃盗,自転車盗,加古川,東加古川,282103,兵庫県,加古川市,平岡町　新在家２丁目,20240730,9,駐車（輪）場,駐車（輪）場,10歳代,大学生,施錠せず
窃盗,自転車盗,加古川,東加古川,282103,兵庫県,加古川市,平岡町　新在家２丁目,20240731,17,その他,駐車（輪）場,40歳代,その他,施錠せず
窃盗,自転車盗,加古川,東加古川,282103,兵庫県,加古川市,平岡町　新在家２丁目,20240817,19,その他,駐車（輪）場,40歳代,その他,施錠した
窃盗,自転車盗,加古川,東加古川,282103,兵庫県,加古川市,平岡町　新在家２丁目,20240816,7,道路上,その他,10歳代,大学生,施錠した
窃盗,自転車盗,加古川,東加古川,282103,兵庫県,加古川市,平岡町　新在家２丁目,20240822,12,その他,駐車（輪）場,20歳代,その他,施錠せず
窃盗,自転車盗,加古川,東加古川,282103,兵庫県,加古川市,平岡町　新在家２丁目,20241010,11,その他,駐車（輪）場,20歳代,その他,施錠せず
窃盗,自転車盗,加古川,東加古川,282103,兵庫県,加古川市,平岡町　新在家２丁目,20241104,6,その他,その他,10歳代,高校生,施錠せず
窃盗,自転車盗,加古川,東加古川,282103,兵庫県,加古川市,平岡町　新在家３丁目,20240329,11,４階建て以上共同住宅,駐車（輪）場,60-64歳,その他,施錠した
窃盗,自転車盗,加古川,東加古川,282103,兵庫県,加古川市,平岡町　新在家３丁目,20240415,18,その他,駐車（輪）場,50歳代,その他,施錠した
窃盗,自転車盗,加古川,東加古川,282103,兵庫県,加古川市,平岡町　新在家３丁目,20241125,19,その他,その他,10歳代,高校生,施錠せず
窃盗,自転車盗,加古川,東加古川,282103,兵庫県,加古川市,平岡町　西谷,20231229,17,その他,駐車（輪）場,50歳代,その他,施錠した
窃盗,自転車盗,加古川,東加古川,282103,兵庫県,加古川市,平岡町　二俣,20240127,12,４階建て以上共同住宅,駐車（輪）場,20歳代,その他,施錠せず
窃盗,自転車盗,加古川,東加古川,282103,兵庫県,加古川市,平岡町　二俣,20240530,15,その他,駐車（輪）場,10歳代,小学生,施錠せず
窃盗,自転車盗,加古川,東加古川,282103,兵庫県,加古川市,平岡町　二俣,20241103,14,その他,駐車（輪）場,10歳代,中学生,施錠せず
窃盗,自転車盗,加古川,東加古川,282103,兵庫県,加古川市,平岡町　二俣,20241101,0,その他の住宅（３階建て以下共同住宅等）,駐車（輪）場,50歳代,その他,施錠した
窃盗,自転車盗,加古川,東加古川,282103,兵庫県,加古川市,平岡町　一色西２丁目,20240720,16,その他,駐車（輪）場,30歳代,その他,施錠せず
窃盗,自転車盗,加古川,東加古川,282103,兵庫県,加古川市,平岡町　一色東２丁目,20241103,16,一戸建住宅,駐車（輪）場,40歳代,その他,施錠せず
窃盗,自転車盗,加古川,土山,282103,兵庫県,加古川市,平岡町　高畑,20231001,9,その他の住宅（３階建て以下共同住宅等）,駐車（輪）場,10歳代,中学生,施錠せず
窃盗,自転車盗,加古川,土山,282103,兵庫県,加古川市,平岡町　高畑,20240728,11,その他,駐車（輪）場,40歳代,その他,施錠せず
窃盗,自転車盗,加古川,土山,282103,兵庫県,加古川市,平岡町　土山,20240130,18,一戸建住宅,駐車（輪）場,10歳代,高校生,施錠せず
窃盗,自転車盗,加古川,土山,282103,兵庫県,加古川市,平岡町　土山,20240320,0,一戸建住宅,駐車（輪）場,70歳以上,その他,施錠せず
窃盗,自転車盗,加古川,土山,282103,兵庫県,加古川市,平岡町　土山,20240907,1,４階建て以上共同住宅,駐車（輪）場,30歳代,その他,施錠せず
窃盗,自転車盗,加古川,土山,282103,兵庫県,加古川市,平岡町　土山,20240910,15,４階建て以上共同住宅,駐車（輪）場,10歳代,高校生,施錠せず
窃盗,自転車盗,加古川,土山,282103,兵庫県,加古川市,平岡町　土山,20240911,19,４階建て以上共同住宅,駐車（輪）場,10歳代,高校生,施錠せず
窃盗,自転車盗,加古川,土山,282103,兵庫県,加古川市,平岡町　土山,20240913,15,４階建て以上共同住宅,駐車（輪）場,70歳以上,その他,施錠した
窃盗,自転車盗,加古川,土山,282103,兵庫県,加古川市,平岡町　土山,20241112,19,その他の住宅（３階建て以下共同住宅等）,駐車（輪）場,20歳代,その他,施錠せず
窃盗,自転車盗,加古川,土山,282103,兵庫県,加古川市,平岡町　土山,20241209,19,その他,駐車（輪）場,10歳代,高校生,施錠せず
窃盗,自転車盗,加古川,土山,282103,兵庫県,加古川市,平岡町　土山,20241216,11,４階建て以上共同住宅,駐車（輪）場,40歳代,その他,施錠せず
窃盗,自転車盗,加古川,土山,282103,兵庫県,加古川市,平岡町　山之上,20240916,22,４階建て以上共同住宅,駐車（輪）場,10歳代,中学生,施錠せず
窃盗,自転車盗,加古川,土山,283827,兵庫県,播磨町,野添城３丁目,20240913,22,４階建て以上共同住宅,駐車（輪）場,20歳代,その他,施錠せず
窃盗,自転車盗,加古川,土山,282103,兵庫県,加古川市,野添,20240216,9,一戸建住宅,駐車（輪）場,70歳以上,その他,施錠した
窃盗,自転車盗,加古川,土山,283827,兵庫県,播磨町,野添,20231104,10,その他,駐車（輪）場,10歳代,その他,施錠した
窃盗,自転車盗,加古川,土山,283827,兵庫県,播磨町,野添,20240419,7,その他,駐車（輪）場,10歳代,高校生,施錠せず
窃盗,自転車盗,加古川,本荘,283827,兵庫県,播磨町,古宮４丁目,20240923,14,一戸建住宅,駐車（輪）場,10歳代,小学生,施錠せず
窃盗,自転車盗,加古川,本荘,283827,兵庫県,播磨町,古宮４丁目,20241119,18,その他の住宅（３階建て以下共同住宅等）,駐車（輪）場,20歳代,その他,施錠せず
窃盗,自転車盗,加古川,本荘,283827,兵庫県,播磨町,古宮６丁目,20240706,18,一戸建住宅,駐車（輪）場,10歳代,高校生,施錠した
窃盗,自転車盗,加古川,本荘,283827,兵庫県,播磨町,二子,20240318,12,その他の住宅（３階建て以下共同住宅等）,駐車（輪）場,40歳代,その他,施錠した
窃盗,自転車盗,加古川,本荘,283827,兵庫県,播磨町,二子,20240610,18,その他の住宅（３階建て以下共同住宅等）,駐車（輪）場,10歳代,小学生,施錠せず
窃盗,自転車盗,加古川,本荘,283827,兵庫県,播磨町,本荘４丁目,20240110,20,その他の住宅（３階建て以下共同住宅等）,駐車（輪）場,20歳代,その他,施錠した
窃盗,自転車盗,加古川,本荘,283827,兵庫県,播磨町,宮西１丁目,20240901,5,その他の住宅（３階建て以下共同住宅等）,駐車（輪）場,20歳代,その他,施錠せず
窃盗,自転車盗,加古川,本荘,283827,兵庫県,播磨町,北本荘３丁目,20240313,21,その他の住宅（３階建て以下共同住宅等）,駐車（輪）場,10歳代,中学生,施錠せず
窃盗,自転車盗,加古川,本荘,283827,兵庫県,播磨町,北本荘３丁目,20240606,18,その他の住宅（３階建て以下共同住宅等）,駐車（輪）場,40歳代,その他,施錠した
窃盗,自転車盗,加古川,本荘,283827,兵庫県,播磨町,北本荘３丁目,20240703,11,その他,駐車（輪）場,20歳代,その他,施錠せず
窃盗,自転車盗,加古川,本荘,283827,兵庫県,播磨町,宮北１丁目,20240319,18,４階建て以上共同住宅,駐車（輪）場,50歳代,その他,施錠せず
窃盗,自転車盗,加古川,本荘,283827,兵庫県,播磨町,東本荘１丁目,20240707,15,その他,駐車（輪）場,10歳代,高校生,施錠せず
窃盗,自転車盗,加古川,本荘,283827,兵庫県,播磨町,東本荘１丁目,20240818,12,その他,駐車（輪）場,10歳代,中学生,施錠せず
窃盗,自転車盗,加古川,本荘,283827,兵庫県,播磨町,東本荘１丁目,20240903,15,その他,駐車（輪）場,10歳代,高校生,施錠せず
窃盗,自転車盗,加古川,本荘,283827,兵庫県,播磨町,東本荘１丁目,20241010,16,その他,駐車（輪）場,10歳代,高校生,施錠せず
窃盗,自転車盗,加古川,本荘,283827,兵庫県,播磨町,東本荘３丁目,20241103,8,一戸建住宅,駐車（輪）場,20歳代,その他,施錠した
窃盗,自転車盗,加古川,稲美,283819,兵庫県,稲美町,岡,20240812,8,その他,駐車（輪）場,50歳代,その他,施錠せず
窃盗,自転車盗,加古川,稲美,283819,兵庫県,稲美町,国岡６丁目,20240903,17,その他,駐車（輪）場,10歳代,高校生,施錠せず
窃盗,自転車盗,加古川,稲美,283819,兵庫県,稲美町,国岡６丁目,20241011,15,一戸建住宅,駐車（輪）場,10歳代,小学生,施錠せず
窃盗,自転車盗,加古川,稲美,283819,兵庫県,稲美町,国安,20241012,19,その他,駐車（輪）場,10歳代,小学生,施錠せず
窃盗,自転車盗,加古川,稲美,283819,兵庫県,稲美町,中村,20241020,9,その他の住宅（３階建て以下共同住宅等）,駐車（輪）場,65-69歳,高校生,施錠せず
窃盗,自転車盗,加古川,稲美,283819,兵庫県,稲美町,六分一,20240327,21,一戸建住宅,駐車（輪）場,10歳代,大学生,施錠せず
窃盗,自転車盗,加古川,八幡,282103,兵庫県,加古川市,上荘町　国包,20240827,19,その他,駐車（輪）場,30歳代,その他,施錠せず
窃盗,自転車盗,加古川,平津,282103,兵庫県,加古川市,東神吉町　出河原,20240201,15,その他,駐車（輪）場,10歳代,高校生,施錠せず
窃盗,自転車盗,加古川,平津,282103,兵庫県,加古川市,東神吉町　出河原,20240620,9,一戸建住宅,駐車（輪）場,70歳以上,その他,施錠せず
窃盗,自転車盗,加古川,平津,282103,兵庫県,加古川市,東神吉町　西井ノ口,20240615,12,一戸建住宅,駐車（輪）場,40歳代,その他,施錠した
窃盗,自転車盗,加古川,平津,282103,兵庫県,加古川市,東神吉町　西井ノ口,20240904,6,その他の住宅（３階建て以下共同住宅等）,駐車（輪）場,50歳代,その他,施錠した
窃盗,自転車盗,加古川,平津,282103,兵庫県,加古川市,東神吉町　西井ノ口,20240301,7,その他の住宅（３階建て以下共同住宅等）,駐車（輪）場,30歳代,その他,施錠した
窃盗,自転車盗,加古川,平津,282103,兵庫県,加古川市,米田町　平津,20240122,6,その他,駐車（輪）場,30歳代,その他,施錠した
窃盗,自転車盗,加古川,平津,282103,兵庫県,加古川市,米田町　平津,20240130,7,その他,駐車（輪）場,10歳代,高校生,施錠した
窃盗,自転車盗,加古川,平津,282103,兵庫県,加古川市,米田町　平津,20240205,6,その他,駐車（輪）場,10歳代,高校生,施錠せず
窃盗,自転車盗,加古川,平津,282103,兵庫県,加古川市,米田町　平津,20240211,8,その他,駐車（輪）場,20歳代,その他,施錠せず
窃盗,自転車盗,加古川,平津,282103,兵庫県,加古川市,米田町　平津,20240302,10,その他,駐車（輪）場,20歳代,大学生,施錠せず
窃盗,自転車盗,加古川,平津,282103,兵庫県,加古川市,米田町　平津,20240222,10,その他,駐車（輪）場,20歳代,その他,施錠せず
窃盗,自転車盗,加古川,平津,282103,兵庫県,加古川市,米田町　平津,20240222,18,その他,駐車（輪）場,30歳代,その他,施錠した
窃盗,自転車盗,加古川,平津,282103,兵庫県,加古川市,米田町　平津,20240316,10,一戸建住宅,駐車（輪）場,70歳以上,その他,施錠した
窃盗,自転車盗,加古川,平津,282103,兵庫県,加古川市,米田町　平津,20240318,23,その他,駐車（輪）場,10歳代,高校生,施錠せず
窃盗,自転車盗,加古川,平津,282103,兵庫県,加古川市,米田町　平津,20240319,21,その他の住宅（３階建て以下共同住宅等）,駐車（輪）場,20歳代,その他,施錠せず
窃盗,自転車盗,加古川,平津,282103,兵庫県,加古川市,米田町　平津,20240301,10,その他,駐車（輪）場,10歳代,大学生,施錠した
窃盗,自転車盗,加古川,平津,282103,兵庫県,加古川市,米田町　平津,20240315,9,その他,駐車（輪）場,10歳代,高校生,施錠した
窃盗,自転車盗,加古川,平津,282103,兵庫県,加古川市,米田町　平津,20240401,13,その他,駐車（輪）場,10歳代,大学生,施錠せず
窃盗,自転車盗,加古川,平津,282103,兵庫県,加古川市,米田町　平津,20240416,8,その他,駐車（輪）場,20歳代,その他,施錠せず
窃盗,自転車盗,加古川,平津,282103,兵庫県,加古川市,米田町　平津,20240415,16,その他,駐車（輪）場,10歳代,高校生,施錠せず
窃盗,自転車盗,加古川,平津,282103,兵庫県,加古川市,米田町　平津,20240419,8,その他,駐車（輪）場,10歳代,高校生,施錠した
窃盗,自転車盗,加古川,平津,282103,兵庫県,加古川市,米田町　平津,20240416,15,その他,駐車（輪）場,10歳代,中学生,施錠せず
窃盗,自転車盗,加古川,平津,282103,兵庫県,加古川市,米田町　平津,20240514,8,その他,駐車（輪）場,40歳代,その他,施錠した
窃盗,自転車盗,加古川,平津,282103,兵庫県,加古川市,米田町　平津,20240511,14,その他,駐車（輪）場,10歳代,高校生,施錠せず
窃盗,自転車盗,加古川,平津,282103,兵庫県,加古川市,米田町　平津,20240529,6,その他,駐車（輪）場,10歳代,高校生,施錠した
窃盗,自転車盗,加古川,平津,282103,兵庫県,加古川市,米田町　平津,20240530,8,その他,駐車（輪）場,40歳代,その他,施錠せず
窃盗,自転車盗,加古川,平津,282103,兵庫県,加古川市,米田町　平津,20240622,12,その他,駐車（輪）場,20歳代,その他,施錠せず
窃盗,自転車盗,加古川,平津,282103,兵庫県,加古川市,米田町　平津,20240710,7,その他,駐車（輪）場,20歳代,大学生,施錠せず
窃盗,自転車盗,加古川,平津,282103,兵庫県,加古川市,米田町　平津,20240719,8,その他,駐車（輪）場,65-69歳,その他,施錠した
窃盗,自転車盗,加古川,平津,282103,兵庫県,加古川市,米田町　平津,20240728,7,その他,駐車（輪）場,10歳代,高校生,施錠せず
窃盗,自転車盗,加古川,平津,282103,兵庫県,加古川市,米田町　平津,20240810,20,一戸建住宅,駐車（輪）場,30歳代,その他,施錠せず
窃盗,自転車盗,加古川,平津,282103,兵庫県,加古川市,米田町　平津,20240809,17,その他,駐車（輪）場,10歳代,高校生,施錠した
窃盗,自転車盗,加古川,平津,282103,兵庫県,加古川市,米田町　平津,20241011,22,その他の住宅（３階建て以下共同住宅等）,駐車（輪）場,10歳代,その他,施錠せず
窃盗,自転車盗,加古川,平津,282103,兵庫県,加古川市,米田町　平津,20241012,8,その他,駐車（輪）場,60-64歳,その他,施錠した
窃盗,自転車盗,加古川,平津,282103,兵庫県,加古川市,米田町　平津,20241026,15,その他,駐車（輪）場,20歳代,その他,施錠した
窃盗,自転車盗,加古川,平津,282103,兵庫県,加古川市,米田町　平津,20241110,12,その他,駐車（輪）場,10歳代,高校生,施錠した
窃盗,自転車盗,加古川,平津,282103,兵庫県,加古川市,米田町　平津,20241111,7,その他,駐車（輪）場,10歳代,高校生,施錠せず
窃盗,自転車盗,加古川,平津,282103,兵庫県,加古川市,米田町　平津,20241102,18,その他,駐車（輪）場,20歳代,その他,施錠せず
窃盗,自転車盗,加古川,平津,282103,兵庫県,加古川市,米田町　平津,20241121,6,その他,駐車（輪）場,10歳代,大学生,施錠せず
窃盗,自転車盗,加古川,平津,282103,兵庫県,加古川市,米田町　平津,20241110,13,その他,駐車（輪）場,10歳代,高校生,施錠せず
窃盗,自転車盗,加古川,平津,282103,兵庫県,加古川市,米田町　平津,20241205,13,その他,駐車（輪）場,10歳代,大学生,施錠せず
窃盗,自転車盗,加古川,平津,282103,兵庫県,加古川市,米田町　平津,20241208,11,その他,駐車（輪）場,10歳代,高校生,施錠せず
窃盗,自転車盗,加古川,神吉,282103,兵庫県,加古川市,西神吉町　大国,20240719,15,一戸建住宅,駐車（輪）場,30歳代,その他,施錠せず
窃盗,自転車盗,加古川,神吉,282103,兵庫県,加古川市,西神吉町　岸,20241012,17,４階建て以上共同住宅,駐車（輪）場,10歳代,大学生,施錠せず
窃盗,自転車盗,加古川,神吉,282103,兵庫県,加古川市,西神吉町　岸,20241017,12,一戸建住宅,その他,10歳代,高校生,施錠せず
窃盗,自転車盗,加古川,神吉,282103,兵庫県,加古川市,東神吉町　神吉,20241112,8,その他,駐車（輪）場,10歳代,高校生,施錠せず
窃盗,自転車盗,加古川,神吉,282103,兵庫県,加古川市,東神吉町　升田,20241016,13,一戸建住宅,駐車（輪）場,40歳代,その他,施錠せず
窃盗,自転車盗,加古川,神吉,282103,兵庫県,加古川市,東神吉町　升田,20241107,8,その他,駐車（輪）場,70歳以上,その他,施錠せず
窃盗,自転車盗,加古川,志方,282103,兵庫県,加古川市,志方町　志方町,20241224,18,一戸建住宅,駐車（輪）場,10歳代,高校生,施錠せず
窃盗,自転車盗,加古川,志方,282103,兵庫県,加古川市,志方町　西牧,20240113,15,一戸建住宅,駐車（輪）場,70歳以上,その他,施錠せず
窃盗,自転車盗,加古川,新神野,282103,兵庫県,加古川市,神野町　西条,20240112,7,その他,駐車（輪）場,10歳代,高校生,施錠せず
窃盗,自転車盗,加古川,新神野,282103,兵庫県,加古川市,神野町　西条,20240123,7,その他,駐車（輪）場,10歳代,高校生,施錠せず
窃盗,自転車盗,加古川,新神野,282103,兵庫県,加古川市,神野町　西条,20240518,7,その他,駐車（輪）場,10歳代,高校生,施錠せず
窃盗,自転車盗,加古川,新神野,282103,兵庫県,加古川市,神野町　西条,20240627,8,その他,駐車（輪）場,20歳代,その他,施錠せず
窃盗,自転車盗,加古川,新神野,282103,兵庫県,加古川市,神野町　西条,20240627,17,その他,駐車（輪）場,10歳代,高校生,施錠せず
窃盗,自転車盗,加古川,新神野,282103,兵庫県,加古川市,神野町　西条,20240914,12,その他,駐車（輪）場,10歳代,高校生,施錠せず
窃盗,自転車盗,加古川,新神野,282103,兵庫県,加古川市,神野町　西条,20241010,8,その他,駐車（輪）場,20歳代,その他,施錠せず
窃盗,自転車盗,加古川,新神野,282103,兵庫県,加古川市,新神野３丁目,20240202,19,一戸建住宅,駐車（輪）場,50歳代,その他,施錠した
窃盗,自転車盗,加古川,新神野,282103,兵庫県,加古川市,新神野３丁目,20240914,14,その他,駐車（輪）場,10歳代,中学生,施錠せず
窃盗,自転車盗,加古川,新神野,282103,兵庫県,加古川市,新神野３丁目,20241111,6,その他,駐車（輪）場,50歳代,その他,施錠せず
窃盗,自転車盗,加古川,新神野,282103,兵庫県,加古川市,山手２丁目,20240803,19,４階建て以上共同住宅,駐車（輪）場,10歳代,高校生,施錠せず
窃盗,自転車盗,加古川,野添,283827,兵庫県,播磨町,大中２丁目,20231115,23,その他の住宅（３階建て以下共同住宅等）,その他,10歳代,高校生,施錠せず
窃盗,自転車盗,加古川,野添,283827,兵庫県,播磨町,大中２丁目,20240830,22,一戸建住宅,駐車（輪）場,10歳代,高校生,施錠せず
窃盗,自転車盗,加古川,野添,283827,兵庫県,播磨町,野添,20240819,6,駐車（輪）場,駐車（輪）場,40歳代,その他,施錠せず
窃盗,自転車盗,加古川,野添,283827,兵庫県,播磨町,野添,20240822,6,その他,駐車（輪）場,20歳代,その他,施錠せず
窃盗,自転車盗,加古川,野添,283827,兵庫県,播磨町,上野添１丁目,20231023,18,４階建て以上共同住宅,駐車（輪）場,10歳代,中学生,施錠した
窃盗,自転車盗,加古川,野添,283827,兵庫県,播磨町,北野添２丁目,20240404,11,道路上,その他,10歳代,中学生,施錠せず
窃盗,自転車盗,加古川,野添,283827,兵庫県,播磨町,北野添２丁目,20240621,7,その他,駐車（輪）場,10歳代,高校生,施錠した
窃盗,自転車盗,加古川,野添,283827,兵庫県,播磨町,北野添２丁目,20240728,19,その他の住宅（３階建て以下共同住宅等）,駐車（輪）場,30歳代,その他,施錠せず
窃盗,自転車盗,加古川,野添,283827,兵庫県,播磨町,北野添２丁目,20240826,17,その他,駐車（輪）場,60-64歳,その他,施錠せず
窃盗,自転車盗,加古川,野添,283827,兵庫県,播磨町,北野添２丁目,20241003,14,その他,駐車（輪）場,10歳代,中学生,施錠せず
窃盗,自転車盗,加古川,野添,283827,兵庫県,播磨町,北野添２丁目,20240924,8,その他,その他,20歳代,大学生,施錠した
窃盗,自転車盗,加古川,野添,283827,兵庫県,播磨町,北野添２丁目,20241031,8,その他,駐車（輪）場,20歳代,大学生,施錠した
窃盗,自転車盗,加古川,野添,283827,兵庫県,播磨町,西野添３丁目,20240416,15,一戸建住宅,駐車（輪）場,70歳以上,その他,施錠した
窃盗,自転車盗,加古川,野添,283827,兵庫県,播磨町,南野添１丁目,20240514,7,その他,駐車（輪）場,40歳代,その他,施錠せず
窃盗,自転車盗,加古川,野添,283827,兵庫県,播磨町,南野添３丁目,20240426,7,駐車（輪）場,駐車（輪）場,10歳代,高校生,施錠せず
窃盗,自転車盗,加古川,野添,283827,兵庫県,播磨町,南野添３丁目,20241130,12,その他,駐車（輪）場,70歳以上,その他,施錠した
窃盗,自転車盗,加古川,県農前,282103,兵庫県,加古川市,野口町　北野,20241216,15,一戸建住宅,駐車（輪）場,50歳代,その他,施錠せず
窃盗,自転車盗,加古川,県農前,282103,兵庫県,加古川市,野口町　水足,20240730,14,その他,駐車（輪）場,30歳代,その他,施錠せず
窃盗,自転車盗,加古川,県農前,282103,兵庫県,加古川市,野口町　水足,20240809,23,４階建て以上共同住宅,駐車（輪）場,30歳代,その他,施錠した
窃盗,自転車盗,高砂,荒井,282162,兵庫県,高砂市,荒井町　扇町,20240216,6,その他,駐車（輪）場,40歳代,その他,施錠した
窃盗,自転車盗,高砂,荒井,282162,兵庫県,高砂市,荒井町　扇町,20240501,21,その他,駐車（輪）場,30歳代,その他,施錠せず
窃盗,自転車盗,高砂,荒井,282162,兵庫県,高砂市,荒井町　小松原４丁目,20240130,10,その他,駐車（輪）場,10歳代,高校生,施錠せず
窃盗,自転車盗,高砂,荒井,282162,兵庫県,高砂市,荒井町　新浜２丁目,20240618,17,その他,駐車（輪）場,20歳代,その他,施錠せず
窃盗,自転車盗,高砂,荒井,282162,兵庫県,高砂市,荒井町　新浜２丁目,20241101,17,その他,駐車（輪）場,50歳代,その他,施錠した
窃盗,自転車盗,高砂,荒井,282162,兵庫県,高砂市,荒井町　新浜２丁目,20241210,15,駐車（輪）場,駐車（輪）場,10歳代,その他,施錠せず
窃盗,自転車盗,高砂,荒井,282162,兵庫県,高砂市,荒井町　千鳥３丁目,20240315,14,その他,駐車（輪）場,10歳代,小学生,施錠せず
窃盗,自転車盗,高砂,荒井,282162,兵庫県,高砂市,荒井町　日之出町,20240307,11,その他,駐車（輪）場,60-64歳,その他,施錠した
窃盗,自転車盗,高砂,荒井,282162,兵庫県,高砂市,荒井町　日之出町,20240610,8,その他,駐車（輪）場,10歳代,その他,施錠せず
窃盗,自転車盗,高砂,荒井,282162,兵庫県,高砂市,荒井町　日之出町,20240614,21,その他,駐車（輪）場,20歳代,その他,施錠せず
窃盗,自転車盗,高砂,荒井,282162,兵庫県,高砂市,荒井町　日之出町,20240920,19,その他,駐車（輪）場,30歳代,その他,施錠せず
窃盗,自転車盗,高砂,荒井,282162,兵庫県,高砂市,荒井町　日之出町,20241017,13,その他,駐車（輪）場,10歳代,高校生,施錠した
窃盗,自転車盗,高砂,荒井,282162,兵庫県,高砂市,緑丘１丁目,20240130,13,その他,駐車（輪）場,70歳以上,その他,施錠せず
窃盗,自転車盗,高砂,荒井,282162,兵庫県,高砂市,緑丘２丁目,20240421,15,その他,駐車（輪）場,10歳代,中学生,施錠せず
窃盗,自転車盗,高砂,荒井,282162,兵庫県,高砂市,緑丘２丁目,20240530,7,その他の住宅（３階建て以下共同住宅等）,駐車（輪）場,10歳代,中学生,施錠せず
窃盗,自転車盗,高砂,荒井,282162,兵庫県,高砂市,緑丘２丁目,20240609,14,その他,駐車（輪）場,10歳代,高校生,施錠せず
窃盗,自転車盗,高砂,荒井,282162,兵庫県,高砂市,緑丘２丁目,20240825,16,その他,駐車（輪）場,40歳代,その他,施錠した
窃盗,自転車盗,高砂,荒井,282162,兵庫県,高砂市,緑丘２丁目,20240902,8,その他,駐車（輪）場,10歳代,高校生,施錠せず
窃盗,自転車盗,高砂,荒井,282162,兵庫県,高砂市,緑丘２丁目,20241011,1,一戸建住宅,駐車（輪）場,10歳代,中学生,施錠せず
窃盗,自転車盗,高砂,荒井,282162,兵庫県,高砂市,緑丘２丁目,20241106,16,その他,その他,10歳代,中学生,施錠せず
窃盗,自転車盗,高砂,荒井,282162,兵庫県,高砂市,緑丘２丁目,20241123,10,駐車（輪）場,駐車（輪）場,10歳代,高校生,施錠せず
窃盗,自転車盗,高砂,荒井,282162,兵庫県,高砂市,緑丘２丁目,20241119,10,その他,駐車（輪）場,60-64歳,その他,施錠せず
窃盗,自転車盗,高砂,伊保,282162,兵庫県,高砂市,伊保１丁目,20240420,11,一戸建住宅,駐車（輪）場,10歳代,小学生,施錠せず
窃盗,自転車盗,高砂,伊保,282162,兵庫県,高砂市,伊保１丁目,20240915,22,その他,駐車（輪）場,20歳代,その他,施錠した
窃盗,自転車盗,高砂,伊保,282162,兵庫県,高砂市,伊保東１丁目,20241014,17,その他の住宅（３階建て以下共同住宅等）,駐車（輪）場,10歳代,高校生,施錠せず
窃盗,自転車盗,高砂,伊保,282162,兵庫県,高砂市,伊保港町１丁目,20240716,7,その他,駐車（輪）場,10歳代,高校生,施錠せず
窃盗,自転車盗,高砂,伊保,282162,兵庫県,高砂市,伊保港町１丁目,20241001,8,その他,駐車（輪）場,20歳代,大学生,施錠せず
窃盗,自転車盗,高砂,伊保,282162,兵庫県,高砂市,伊保港町１丁目,20241017,7,その他,駐車（輪）場,10歳代,高校生,施錠せず
窃盗,自転車盗,高砂,伊保,282162,兵庫県,高砂市,伊保港町１丁目,20241019,9,駐車（輪）場,駐車（輪）場,20歳代,その他,施錠せず
窃盗,自転車盗,高砂,伊保,282162,兵庫県,高砂市,松陽１丁目,20240327,19,その他,駐車（輪）場,10歳代,中学生,施錠した
窃盗,自転車盗,高砂,伊保,282162,兵庫県,高砂市,松陽１丁目,20240717,12,その他,駐車（輪）場,65-69歳,その他,施錠せず
窃盗,自転車盗,高砂,伊保,282162,兵庫県,高砂市,松陽１丁目,20240823,16,その他,駐車（輪）場,20歳代,大学生,施錠した
窃盗,自転車盗,高砂,伊保,282162,兵庫県,高砂市,中筋５丁目,20240729,10,その他の住宅（３階建て以下共同住宅等）,駐車（輪）場,30歳代,その他,施錠した
窃盗,自転車盗,高砂,伊保,282162,兵庫県,高砂市,伊保崎５丁目,20241028,18,その他の住宅（３階建て以下共同住宅等）,駐車（輪）場,50歳代,その他,施錠せず
窃盗,自転車盗,高砂,伊保,282162,兵庫県,高砂市,伊保崎６丁目,20241011,13,その他の住宅（３階建て以下共同住宅等）,駐車（輪）場,20歳代,その他,施錠せず
窃盗,自転車盗,高砂,伊保,282162,兵庫県,高砂市,梅井６丁目,20241112,8,その他,駐車（輪）場,20歳代,その他,施錠せず
窃盗,自転車盗,高砂,米田,282162,兵庫県,高砂市,中島１丁目,20240324,18,一戸建住宅,駐車（輪）場,10歳代,小学生,施錠せず
窃盗,自転車盗,高砂,米田,282162,兵庫県,高砂市,中島１丁目,20240509,19,一戸建住宅,駐車（輪）場,10歳代,小学生,施錠せず
窃盗,自転車盗,高砂,米田,282162,兵庫県,高砂市,中島１丁目,20240515,19,一戸建住宅,駐車（輪）場,10歳代,小学生,施錠せず
窃盗,自転車盗,高砂,米田,282162,兵庫県,高砂市,中島１丁目,20240605,23,その他,駐車（輪）場,20歳代,その他,施錠した
窃盗,自転車盗,高砂,米田,282162,兵庫県,高砂市,中島２丁目,20240426,17,一戸建住宅,駐車（輪）場,30歳代,その他,施錠せず
窃盗,自転車盗,高砂,米田,282162,兵庫県,高砂市,百合丘,20240617,11,駐車（輪）場,駐車（輪）場,60-64歳,その他,施錠した
窃盗,自転車盗,高砂,米田,282162,兵庫県,高砂市,米田町　塩市,20240126,19,その他の住宅（３階建て以下共同住宅等）,駐車（輪）場,30歳代,その他,施錠せず
窃盗,自転車盗,高砂,米田,282162,兵庫県,高砂市,米田町　塩市,20240911,16,一戸建住宅,その他,50歳代,その他,施錠した
窃盗,自転車盗,高砂,米田,282162,兵庫県,高砂市,米田町　島,20240622,8,その他,その他,10歳代,中学生,施錠せず
窃盗,自転車盗,高砂,米田,282162,兵庫県,高砂市,米田町　島,20240822,9,その他,駐車（輪）場,50歳代,その他,施錠せず
窃盗,自転車盗,高砂,米田,282162,兵庫県,高砂市,米田町　島,20240910,21,一戸建住宅,駐車（輪）場,10歳代,大学生,施錠せず
窃盗,自転車盗,高砂,米田,282162,兵庫県,高砂市,米田町　島,20241116,16,その他,駐車（輪）場,20歳代,大学生,施錠せず
窃盗,自転車盗,高砂,米田,282162,兵庫県,高砂市,米田町　島,20241121,13,一戸建住宅,駐車（輪）場,65-69歳,その他,施錠せず
窃盗,自転車盗,高砂,米田,282162,兵庫県,高砂市,米田町　米田,20240129,11,一戸建住宅,駐車（輪）場,70歳以上,その他,施錠せず
窃盗,自転車盗,高砂,米田,282162,兵庫県,高砂市,米田町　米田,20240524,21,その他の住宅（３階建て以下共同住宅等）,駐車（輪）場,40歳代,その他,施錠した
窃盗,自転車盗,高砂,米田,282162,兵庫県,高砂市,米田町　米田新,20240702,17,その他,駐車（輪）場,10歳代,高校生,施錠せず
窃盗,自転車盗,高砂,阿弥陀,282162,兵庫県,高砂市,阿弥陀,20240520,7,その他,駐車（輪）場,10歳代,高校生,施錠せず
窃盗,自転車盗,高砂,阿弥陀,282162,兵庫県,高砂市,阿弥陀,20240815,5,その他,駐車（輪）場,10歳代,中学生,施錠せず
窃盗,自転車盗,高砂,阿弥陀,282162,兵庫県,高砂市,阿弥陀１丁目,20231205,19,その他,駐車（輪）場,20歳代,その他,施錠せず
窃盗,自転車盗,高砂,阿弥陀,282162,兵庫県,高砂市,阿弥陀１丁目,20240117,7,その他,駐車（輪）場,10歳代,高校生,施錠せず
窃盗,自転車盗,高砂,阿弥陀,282162,兵庫県,高砂市,阿弥陀１丁目,20240228,13,その他,駐車（輪）場,10歳代,高校生,施錠せず
窃盗,自転車盗,高砂,阿弥陀,282162,兵庫県,高砂市,阿弥陀１丁目,20240531,17,その他,駐車（輪）場,10歳代,中学生,施錠せず
窃盗,自転車盗,高砂,阿弥陀,282162,兵庫県,高砂市,阿弥陀１丁目,20240613,11,その他,駐車（輪）場,20歳代,大学生,施錠した
窃盗,自転車盗,高砂,阿弥陀,282162,兵庫県,高砂市,阿弥陀１丁目,20240614,18,その他,駐車（輪）場,20歳代,その他,施錠せず
窃盗,自転車盗,高砂,阿弥陀,282162,兵庫県,高砂市,阿弥陀１丁目,20240723,7,その他,駐車（輪）場,10歳代,大学生,施錠せず
窃盗,自転車盗,高砂,阿弥陀,282162,兵庫県,高砂市,阿弥陀１丁目,20240930,17,その他,駐車（輪）場,10歳代,その他,施錠した
窃盗,自転車盗,高砂,阿弥陀,282162,兵庫県,高砂市,阿弥陀１丁目,20241006,18,その他,駐車（輪）場,10歳代,高校生,施錠せず
窃盗,自転車盗,高砂,阿弥陀,282162,兵庫県,高砂市,阿弥陀１丁目,20241117,18,一戸建住宅,その他,10歳代,高校生,施錠せず
窃盗,自転車盗,高砂,阿弥陀,282162,兵庫県,高砂市,阿弥陀１丁目,20241223,12,その他,駐車（輪）場,10歳代,中学生,施錠せず
窃盗,自転車盗,高砂,阿弥陀,282162,兵庫県,高砂市,阿弥陀１丁目,20241223,11,その他,駐車（輪）場,20歳代,その他,施錠せず
窃盗,自転車盗,高砂,阿弥陀,282162,兵庫県,高砂市,阿弥陀町　阿弥陀,20240101,2,その他,駐車（輪）場,10歳代,大学生,施錠せず
窃盗,自転車盗,高砂,阿弥陀,282162,兵庫県,高砂市,阿弥陀町　阿弥陀,20240727,9,４階建て以上共同住宅,駐車（輪）場,10歳代,中学生,施錠せず
窃盗,自転車盗,高砂,阿弥陀,282162,兵庫県,高砂市,阿弥陀町　阿弥陀,20241014,0,一戸建住宅,その他,10歳代,中学生,施錠せず
窃盗,自転車盗,高砂,阿弥陀,282162,兵庫県,高砂市,神爪,20240329,11,駐車（輪）場,駐車（輪）場,10歳代,高校生,施錠せず
窃盗,自転車盗,高砂,阿弥陀,282162,兵庫県,高砂市,神爪１丁目,20231219,8,その他,駐車（輪）場,10歳代,その他,施錠した
窃盗,自転車盗,高砂,阿弥陀,282162,兵庫県,高砂市,神爪１丁目,20240116,12,その他,駐車（輪）場,50歳代,その他,施錠せず
窃盗,自転車盗,高砂,阿弥陀,282162,兵庫県,高砂市,神爪１丁目,20240718,12,その他,駐車（輪）場,10歳代,中学生,施錠した
窃盗,自転車盗,高砂,阿弥陀,282162,兵庫県,高砂市,神爪１丁目,20240809,18,その他,駐車（輪）場,10歳代,大学生,施錠した
窃盗,自転車盗,高砂,阿弥陀,282162,兵庫県,高砂市,神爪１丁目,20240817,19,その他,駐車（輪）場,30歳代,その他,施錠せず
窃盗,自転車盗,高砂,阿弥陀,282162,兵庫県,高砂市,神爪１丁目,20240914,18,その他,駐車（輪）場,20歳代,大学生,施錠せず
窃盗,自転車盗,高砂,阿弥陀,282162,兵庫県,高砂市,神爪１丁目,20241114,9,その他,駐車（輪）場,10歳代,大学生,施錠した
窃盗,自転車盗,高砂,阿弥陀,282162,兵庫県,高砂市,神爪１丁目,20241205,14,その他,駐車（輪）場,10歳代,高校生,施錠した
窃盗,自転車盗,高砂,阿弥陀,282162,兵庫県,高砂市,神爪６丁目,20241006,12,その他,駐車（輪）場,10歳代,中学生,施錠せず
窃盗,自転車盗,高砂,曽根,282162,兵庫県,高砂市,春日野町,20240428,22,その他の住宅（３階建て以下共同住宅等）,駐車（輪）場,30歳代,その他,施錠した
窃盗,自転車盗,高砂,曽根,282162,兵庫県,高砂市,春日野町,20240721,19,駐車（輪）場,駐車（輪）場,20歳代,その他,施錠せず
窃盗,自転車盗,高砂,曽根,282162,兵庫県,高砂市,時光寺町,20240126,7,その他,駐車（輪）場,10歳代,高校生,施錠せず
窃盗,自転車盗,高砂,曽根,282162,兵庫県,高砂市,時光寺町,20240319,10,その他,駐車（輪）場,10歳代,その他,施錠せず
窃盗,自転車盗,高砂,曽根,282162,兵庫県,高砂市,時光寺町,20240725,13,その他,駐車（輪）場,10歳代,中学生,施錠せず
窃盗,自転車盗,高砂,曽根,282162,兵庫県,高砂市,時光寺町,20240808,16,その他,駐車（輪）場,20歳代,大学生,施錠せず
窃盗,自転車盗,高砂,曽根,282162,兵庫県,高砂市,時光寺町,20241016,15,その他,駐車（輪）場,10歳代,高校生,施錠した
窃盗,自転車盗,高砂,曽根,282162,兵庫県,高砂市,時光寺町,20241110,6,その他,駐車（輪）場,20歳代,その他,施錠せず
窃盗,自転車盗,高砂,曽根,282162,兵庫県,高砂市,時光寺町,20241120,8,駐車（輪）場,駐車（輪）場,20歳代,大学生,施錠せず
窃盗,自転車盗,高砂,曽根,282162,兵庫県,高砂市,曽根町,20231221,13,その他,駐車（輪）場,10歳代,中学生,施錠せず
窃盗,自転車盗,高砂,曽根,282162,兵庫県,高砂市,曽根町,20240110,17,その他の住宅（３階建て以下共同住宅等）,駐車（輪）場,10歳代,中学生,施錠せず
窃盗,自転車盗,高砂,曽根,282162,兵庫県,高砂市,曽根町,20240408,21,駐車（輪）場,駐車（輪）場,10歳代,その他,施錠した
窃盗,自転車盗,高砂,曽根,282162,兵庫県,高砂市,曽根町,20240415,7,その他,その他,10歳代,小学生,施錠せず
窃盗,自転車盗,高砂,曽根,282162,兵庫県,高砂市,曽根町,20240424,21,一戸建住宅,駐車（輪）場,10歳代,中学生,施錠せず
窃盗,自転車盗,高砂,曽根,282162,兵庫県,高砂市,曽根町,20240422,9,その他の住宅（３階建て以下共同住宅等）,駐車（輪）場,10歳未満,小学生,施錠せず
窃盗,自転車盗,高砂,曽根,282162,兵庫県,高砂市,曽根町,20240526,17,その他,駐車（輪）場,40歳代,その他,施錠せず
窃盗,自転車盗,高砂,曽根,282162,兵庫県,高砂市,曽根町,20240621,15,その他,駐車（輪）場,20歳代,その他,施錠せず
窃盗,自転車盗,高砂,曽根,282162,兵庫県,高砂市,曽根町,20240621,17,その他,駐車（輪）場,10歳代,大学生,施錠せず
窃盗,自転車盗,高砂,曽根,282162,兵庫県,高砂市,曽根町,20240620,6,その他,駐車（輪）場,20歳代,その他,施錠した
窃盗,自転車盗,高砂,曽根,282162,兵庫県,高砂市,曽根町,20240626,5,その他,駐車（輪）場,10歳代,高校生,施錠した
窃盗,自転車盗,高砂,曽根,282162,兵庫県,高砂市,曽根町,20240630,20,道路上,その他,10歳未満,小学生,施錠した
窃盗,自転車盗,高砂,曽根,282162,兵庫県,高砂市,曽根町,20240819,18,その他,駐車（輪）場,10歳代,高校生,施錠せず
窃盗,自転車盗,高砂,曽根,282162,兵庫県,高砂市,曽根町,20240717,7,駐車（輪）場,駐車（輪）場,10歳代,高校生,施錠せず
窃盗,自転車盗,高砂,曽根,282162,兵庫県,高砂市,曽根町,20240810,14,４階建て以上共同住宅,駐車（輪）場,50歳代,その他,施錠せず
窃盗,自転車盗,高砂,曽根,282162,兵庫県,高砂市,曽根町,20240915,17,その他,駐車（輪）場,10歳代,中学生,施錠せず
窃盗,自転車盗,高砂,曽根,282162,兵庫県,高砂市,曽根町,20240927,21,その他,その他,20歳代,その他,施錠せず
窃盗,自転車盗,高砂,曽根,282162,兵庫県,高砂市,曽根町,20240922,13,駐車（輪）場,駐車（輪）場,10歳代,高校生,施錠せず
窃盗,自転車盗,高砂,曽根,282162,兵庫県,高砂市,曽根町,20241013,14,駐車（輪）場,駐車（輪）場,10歳代,中学生,施錠せず
窃盗,自転車盗,高砂,曽根,282162,兵庫県,高砂市,曽根町,20241013,16,駐車（輪）場,駐車（輪）場,10歳代,中学生,施錠せず
窃盗,自転車盗,高砂,曽根,282162,兵庫県,高砂市,曽根町,20241013,17,その他,駐車（輪）場,10歳代,高校生,施錠せず
窃盗,自転車盗,高砂,曽根,282162,兵庫県,高砂市,曽根町,20241013,12,その他,駐車（輪）場,10歳代,中学生,施錠した
窃盗,自転車盗,高砂,曽根,282162,兵庫県,高砂市,曽根町,20241018,12,その他,駐車（輪）場,10歳代,高校生,施錠せず
窃盗,自転車盗,高砂,曽根,282162,兵庫県,高砂市,曽根町,20240927,10,一戸建住宅,駐車（輪）場,65-69歳,その他,施錠せず
窃盗,自転車盗,高砂,曽根,282162,兵庫県,高砂市,曽根町,20241109,14,一戸建住宅,駐車（輪）場,60-64歳,その他,施錠した
窃盗,自転車盗,高砂,曽根,282162,兵庫県,高砂市,曽根町,20241020,10,一戸建住宅,その他,60-64歳,その他,施錠せず
窃盗,自転車盗,高砂,曽根,282162,兵庫県,高砂市,曽根町,20241130,8,その他,駐車（輪）場,20歳代,その他,施錠せず
窃盗,自転車盗,高砂,曽根,282162,兵庫県,高砂市,曽根町,20241212,20,その他,駐車（輪）場,10歳代,中学生,施錠せず
窃盗,自転車盗,高砂,曽根,282162,兵庫県,高砂市,曽根町,20241220,17,その他,駐車（輪）場,10歳代,高校生,施錠せず
窃盗,自転車盗,高砂,高砂駅前,282162,兵庫県,高砂市,荒井町　小松原１丁目,20241206,20,その他の住宅（３階建て以下共同住宅等）,駐車（輪）場,30歳代,その他,施錠せず
窃盗,自転車盗,高砂,高砂駅前,282162,兵庫県,高砂市,今市２丁目,20240120,5,一戸建住宅,その他,10歳代,小学生,施錠せず
窃盗,自転車盗,高砂,高砂駅前,282162,兵庫県,高砂市,高砂町　朝日町３丁目,20240216,8,その他,駐車（輪）場,10歳代,高校生,施錠せず
窃盗,自転車盗,高砂,高砂駅前,282162,兵庫県,高砂市,高砂町　朝日町３丁目,20240229,0,その他,駐車（輪）場,10歳代,高校生,施錠した
窃盗,自転車盗,高砂,高砂駅前,282162,兵庫県,高砂市,高砂町　朝日町３丁目,20240308,7,その他,駐車（輪）場,50歳代,その他,施錠せず
窃盗,自転車盗,高砂,高砂駅前,282162,兵庫県,高砂市,高砂町　朝日町３丁目,20240811,5,その他,駐車（輪）場,10歳代,その他,施錠せず
窃盗,自転車盗,高砂,高砂駅前,282162,兵庫県,高砂市,高砂町　朝日町３丁目,20241206,7,駐車（輪）場,駐車（輪）場,30歳代,その他,施錠せず
窃盗,自転車盗,高砂,高砂駅前,282162,兵庫県,高砂市,高砂町　朝日町３丁目,20241208,10,その他,駐車（輪）場,10歳代,高校生,施錠せず
窃盗,自転車盗,高砂,高砂駅前,282162,兵庫県,高砂市,高砂町　浜田町２丁目,20240520,7,駐車（輪）場,駐車（輪）場,10歳代,高校生,施錠せず
窃盗,自転車盗,高砂,高砂駅前,282162,兵庫県,高砂市,高砂町　浜田町２丁目,20240625,6,その他,駐車（輪）場,10歳代,大学生,施錠せず
窃盗,自転車盗,高砂,高砂駅前,282162,兵庫県,高砂市,高砂町　浜田町２丁目,20240629,23,その他,駐車（輪）場,20歳代,その他,施錠せず
窃盗,自転車盗,高砂,高砂駅前,282162,兵庫県,高砂市,西畑１丁目,20240116,8,道路上,その他,10歳代,高校生,施錠した
窃盗,自転車盗,高砂,高砂駅前,282162,兵庫県,高砂市,西畑３丁目,20240423,15,４階建て以上共同住宅,駐車（輪）場,60-64歳,その他,施錠せず
窃盗,自転車盗,小野,小野駅前,282189,兵庫県,小野市,王子町,20240914,15,道路上,その他,30歳代,その他,施錠せず
窃盗,自転車盗,小野,小野駅前,282189,兵庫県,小野市,王子町,20240214,14,その他,駐車（輪）場,10歳代,高校生,施錠せず
窃盗,自転車盗,小野,小野駅前,282189,兵庫県,小野市,王子町,20240714,17,その他,駐車（輪）場,10歳代,中学生,施錠した
窃盗,自転車盗,小野,小野駅前,282189,兵庫県,小野市,中島町,20241115,18,その他,駐車（輪）場,10歳代,高校生,施錠した
窃盗,自転車盗,小野,小野駅前,282189,兵庫県,小野市,中町,20241017,21,４階建て以上共同住宅,駐車（輪）場,50歳代,その他,施錠した
窃盗,自転車盗,小野,小野駅前,282189,兵庫県,小野市,西本町,20240212,9,駐車（輪）場,駐車（輪）場,20歳代,その他,施錠した
窃盗,自転車盗,小野,小野駅前,282189,兵庫県,小野市,西本町,20240422,9,駐車（輪）場,駐車（輪）場,10歳代,大学生,施錠せず
窃盗,自転車盗,小野,小野駅前,282189,兵庫県,小野市,西本町,20240608,5,駐車（輪）場,駐車（輪）場,30歳代,その他,施錠せず
窃盗,自転車盗,小野,小野駅前,282189,兵庫県,小野市,西本町,20240923,12,駐車（輪）場,駐車（輪）場,10歳代,高校生,施錠せず
窃盗,自転車盗,小野,小野駅前,282189,兵庫県,小野市,西本町,20241128,8,駐車（輪）場,駐車（輪）場,10歳代,高校生,施錠せず
窃盗,自転車盗,小野,小野駅前,282189,兵庫県,小野市,西本町,20241207,9,駐車（輪）場,駐車（輪）場,10歳代,大学生,施錠した
窃盗,自転車盗,小野,小野駅前,282189,兵庫県,小野市,本町,20240617,10,その他の住宅（３階建て以下共同住宅等）,駐車（輪）場,20歳代,その他,施錠せず
窃盗,自転車盗,小野,河合,282189,兵庫県,小野市,新部町,20240222,17,一戸建住宅,駐車（輪）場,30歳代,その他,施錠せず
窃盗,自転車盗,小野,河合,282189,兵庫県,小野市,復井町,20240918,6,その他,駐車（輪）場,10歳代,高校生,施錠せず
窃盗,自転車盗,小野,栗生,282189,兵庫県,小野市,粟生町,20240112,7,その他,駐車（輪）場,10歳代,高校生,施錠せず
窃盗,自転車盗,小野,栗生,282189,兵庫県,小野市,粟生町,20240824,8,その他,駐車（輪）場,10歳代,高校生,施錠せず
窃盗,自転車盗,小野,栗生,282189,兵庫県,小野市,粟生町,20241022,8,その他,駐車（輪）場,10歳代,大学生,施錠せず
窃盗,自転車盗,小野,下来住,282189,兵庫県,小野市,下来住町,20240725,10,その他,駐車（輪）場,10歳代,高校生,施錠した
窃盗,自転車盗,小野,下来住,282189,兵庫県,小野市,下来住町,20241104,19,その他,駐車（輪）場,10歳代,高校生,施錠せず
窃盗,自転車盗,小野,下来住,282189,兵庫県,小野市,下来住町,20241206,11,その他,駐車（輪）場,10歳代,高校生,施錠した
窃盗,自転車盗,姫路,大手前,282014,兵庫県,姫路市,坂田町,20240926,20,４階建て以上共同住宅,駐車（輪）場,10歳代,高校生,施錠せず
窃盗,自転車盗,姫路,大手前,282014,兵庫県,姫路市,平野町,20241004,19,４階建て以上共同住宅,駐車（輪）場,10歳代,小学生,施錠せず
窃盗,自転車盗,姫路,大手前,282014,兵庫県,姫路市,本町,20240417,9,その他,駐車（輪）場,60-64歳,その他,施錠せず
窃盗,自転車盗,姫路,大手前,282014,兵庫県,姫路市,本町,20240814,10,４階建て以上共同住宅,駐車（輪）場,70歳以上,その他,施錠せず
窃盗,自転車盗,姫路,大手前,282014,兵庫県,姫路市,本町,20240904,20,道路上,その他,10歳代,中学生,施錠せず
窃盗,自転車盗,姫路,大手前,282014,兵庫県,姫路市,本町,20240904,20,道路上,その他,10歳代,中学生,施錠せず
窃盗,自転車盗,姫路,大手前,282014,兵庫県,姫路市,本町,20240921,10,その他,駐車（輪）場,70歳以上,その他,施錠せず
窃盗,自転車盗,姫路,大手前,282014,兵庫県,姫路市,本町,20240918,16,道路上,その他,10歳代,高校生,施錠せず
窃盗,自転車盗,姫路,大手前,282014,兵庫県,姫路市,本町,20241014,12,道路上,その他,40歳代,その他,施錠せず
窃盗,自転車盗,姫路,大手前,282014,兵庫県,姫路市,本町,20241125,17,その他,駐車（輪）場,50歳代,その他,施錠した
窃盗,自転車盗,姫路,大手前,282014,兵庫県,姫路市,本町,20241210,19,その他,駐車（輪）場,30歳代,その他,施錠せず
窃盗,自転車盗,姫路,大手前,282014,兵庫県,姫路市,綿町,20231225,14,その他,駐車（輪）場,10歳代,中学生,施錠した
窃盗,自転車盗,姫路,大手前,282014,兵庫県,姫路市,綿町,20240224,9,道路上,その他,10歳代,その他,施錠せず
窃盗,自転車盗,姫路,大手前,282014,兵庫県,姫路市,綿町,20241012,17,駐車（輪）場,駐車（輪）場,10歳代,中学生,施錠せず
窃盗,自転車盗,姫路,大手前,282014,兵庫県,姫路市,綿町,20241009,17,その他,駐車（輪）場,10歳代,高校生,施錠せず
窃盗,自転車盗,姫路,大手前,282014,兵庫県,姫路市,呉服町,20240607,18,その他,駐車（輪）場,40歳代,その他,施錠した
窃盗,自転車盗,姫路,大手前,282014,兵庫県,姫路市,呉服町,20240620,16,駐車（輪）場,駐車（輪）場,70歳以上,その他,施錠した
窃盗,自転車盗,姫路,大手前,282014,兵庫県,姫路市,紺屋町,20240623,22,道路上,その他,30歳代,その他,施錠せず
窃盗,自転車盗,姫路,大手前,282014,兵庫県,姫路市,二階町,20240222,9,４階建て以上共同住宅,駐車（輪）場,50歳代,その他,施錠せず
窃盗,自転車盗,姫路,大手前,282014,兵庫県,姫路市,二階町,20240508,11,４階建て以上共同住宅,駐車（輪）場,40歳代,その他,施錠せず
窃盗,自転車盗,姫路,大手前,282014,兵庫県,姫路市,二階町,20240513,9,道路上,その他,40歳代,その他,施錠した
窃盗,自転車盗,姫路,大手前,282014,兵庫県,姫路市,二階町,20240615,9,その他,駐車（輪）場,10歳代,高校生,施錠せず
窃盗,自転車盗,姫路,大手前,282014,兵庫県,姫路市,二階町,20240619,17,道路上,その他,10歳代,高校生,施錠せず
窃盗,自転車盗,姫路,大手前,282014,兵庫県,姫路市,二階町,20240908,19,道路上,その他,20歳代,その他,施錠せず
窃盗,自転車盗,姫路,大手前,282014,兵庫県,姫路市,二階町,20240918,15,道路上,その他,20歳代,その他,施錠せず
窃盗,自転車盗,姫路,大手前,282014,兵庫県,姫路市,二階町,20240909,12,４階建て以上共同住宅,駐車（輪）場,50歳代,その他,施錠した
窃盗,自転車盗,姫路,大手前,282014,兵庫県,姫路市,二階町,20240926,0,道路上,その他,20歳代,大学生,施錠せず
窃盗,自転車盗,姫路,大手前,282014,兵庫県,姫路市,二階町,20241016,17,道路上,その他,10歳代,大学生,施錠せず
窃盗,自転車盗,姫路,姫路駅前,282014,兵庫県,姫路市,駅前町,20241030,19,その他,駐車（輪）場,10歳代,高校生,施錠せず
窃盗,自転車盗,姫路,姫路駅前,282014,兵庫県,姫路市,朝日町,20240711,22,４階建て以上共同住宅,駐車（輪）場,20歳代,その他,施錠した
窃盗,自転車盗,姫路,姫路駅前,282014,兵庫県,姫路市,駅前町,20231001,0,その他,その他,70歳以上,その他,施錠せず
窃盗,自転車盗,姫路,姫路駅前,282014,兵庫県,姫路市,駅前町,20240111,18,道路上,その他,10歳代,高校生,施錠した
窃盗,自転車盗,姫路,姫路駅前,282014,兵庫県,姫路市,駅前町,20240107,15,駐車（輪）場,駐車（輪）場,50歳代,その他,施錠した
窃盗,自転車盗,姫路,姫路駅前,282014,兵庫県,姫路市,駅前町,20240123,18,その他,駐車（輪）場,20歳代,その他,施錠せず
窃盗,自転車盗,姫路,姫路駅前,282014,兵庫県,姫路市,駅前町,20240209,20,その他,駐車（輪）場,10歳代,高校生,施錠せず
窃盗,自転車盗,姫路,姫路駅前,282014,兵庫県,姫路市,駅前町,20240224,16,道路上,その他,10歳代,中学生,施錠せず
窃盗,自転車盗,姫路,姫路駅前,282014,兵庫県,姫路市,駅前町,20240405,12,駐車（輪）場,駐車（輪）場,40歳代,その他,施錠した
窃盗,自転車盗,姫路,姫路駅前,282014,兵庫県,姫路市,駅前町,20240419,19,駐車（輪）場,駐車（輪）場,20歳代,大学生,施錠せず
窃盗,自転車盗,姫路,姫路駅前,282014,兵庫県,姫路市,駅前町,20240510,20,その他,駐車（輪）場,10歳代,中学生,施錠せず
窃盗,自転車盗,姫路,姫路駅前,282014,兵庫県,姫路市,駅前町,20240511,13,その他,駐車（輪）場,10歳代,高校生,施錠せず
窃盗,自転車盗,姫路,姫路駅前,282014,兵庫県,姫路市,駅前町,20240515,18,その他,駐車（輪）場,10歳代,中学生,施錠せず
窃盗,自転車盗,姫路,姫路駅前,282014,兵庫県,姫路市,駅前町,20240517,17,駐車（輪）場,駐車（輪）場,30歳代,その他,施錠せず
窃盗,自転車盗,姫路,姫路駅前,282014,兵庫県,姫路市,駅前町,20240510,19,その他,駐車（輪）場,20歳代,その他,施錠した
窃盗,自転車盗,姫路,姫路駅前,282014,兵庫県,姫路市,駅前町,20240607,18,道路上,その他,20歳代,その他,施錠せず
窃盗,自転車盗,姫路,姫路駅前,282014,兵庫県,姫路市,駅前町,20240606,6,その他,駐車（輪）場,10歳代,高校生,施錠せず
窃盗,自転車盗,姫路,姫路駅前,282014,兵庫県,姫路市,駅前町,20240611,16,駐車（輪）場,駐車（輪）場,20歳代,その他,施錠せず
窃盗,自転車盗,姫路,姫路駅前,282014,兵庫県,姫路市,駅前町,20240611,17,駐車（輪）場,駐車（輪）場,30歳代,その他,施錠せず
窃盗,自転車盗,姫路,姫路駅前,282014,兵庫県,姫路市,駅前町,20240630,12,その他,駐車（輪）場,30歳代,その他,施錠せず
窃盗,自転車盗,姫路,姫路駅前,282014,兵庫県,姫路市,駅前町,20240629,6,駐車（輪）場,駐車（輪）場,20歳代,その他,施錠せず
窃盗,自転車盗,姫路,姫路駅前,282014,兵庫県,姫路市,駅前町,20240629,15,駐車（輪）場,駐車（輪）場,30歳代,その他,施錠せず
窃盗,自転車盗,姫路,姫路駅前,282014,兵庫県,姫路市,駅前町,20240629,16,道路上,その他,10歳代,高校生,施錠せず
窃盗,自転車盗,姫路,姫路駅前,282014,兵庫県,姫路市,駅前町,20240720,16,その他,駐車（輪）場,20歳代,その他,施錠せず
窃盗,自転車盗,姫路,姫路駅前,282014,兵庫県,姫路市,駅前町,20240724,15,その他,駐車（輪）場,20歳代,その他,施錠せず
窃盗,自転車盗,姫路,姫路駅前,282014,兵庫県,姫路市,駅前町,20240808,20,駐車（輪）場,駐車（輪）場,20歳代,その他,施錠せず
窃盗,自転車盗,姫路,姫路駅前,282014,兵庫県,姫路市,駅前町,20240813,15,その他,駐車（輪）場,10歳代,高校生,施錠せず
窃盗,自転車盗,姫路,姫路駅前,282014,兵庫県,姫路市,駅前町,20240901,8,その他,駐車（輪）場,10歳代,高校生,施錠せず
窃盗,自転車盗,姫路,姫路駅前,282014,兵庫県,姫路市,駅前町,20240919,12,その他,駐車（輪）場,50歳代,その他,施錠せず
窃盗,自転車盗,姫路,姫路駅前,282014,兵庫県,姫路市,駅前町,20241020,9,道路上,その他,10歳代,中学生,施錠せず
窃盗,自転車盗,姫路,姫路駅前,282014,兵庫県,姫路市,駅前町,20241028,19,道路上,その他,10歳代,その他,施錠せず
窃盗,自転車盗,姫路,姫路駅前,282014,兵庫県,姫路市,駅前町,20241030,22,その他,駐車（輪）場,10歳代,その他,施錠せず
窃盗,自転車盗,姫路,姫路駅前,282014,兵庫県,姫路市,駅前町,20241110,18,道路上,その他,10歳代,高校生,施錠せず
窃盗,自転車盗,姫路,姫路駅前,282014,兵庫県,姫路市,駅前町,20241118,15,道路上,その他,40歳代,その他,施錠せず
窃盗,自転車盗,姫路,姫路駅前,282014,兵庫県,姫路市,駅前町,20241103,22,道路上,その他,10歳代,中学生,施錠した
窃盗,自転車盗,姫路,姫路駅前,282014,兵庫県,姫路市,駅前町,20241128,13,駐車（輪）場,駐車（輪）場,20歳代,大学生,施錠せず
窃盗,自転車盗,姫路,姫路駅前,282014,兵庫県,姫路市,駅前町,20241211,16,道路上,その他,10歳代,その他,施錠せず
窃盗,自転車盗,姫路,姫路駅前,282014,兵庫県,姫路市,駅前町,20241212,15,その他,駐車（輪）場,10歳代,中学生,施錠せず
窃盗,自転車盗,姫路,姫路駅前,282014,兵庫県,姫路市,久保町,20240122,10,駐車（輪）場,駐車（輪）場,20歳代,その他,施錠せず
窃盗,自転車盗,姫路,姫路駅前,282014,兵庫県,姫路市,久保町,20240405,1,駐車（輪）場,駐車（輪）場,30歳代,その他,施錠せず
窃盗,自転車盗,姫路,姫路駅前,282014,兵庫県,姫路市,久保町,20241126,16,４階建て以上共同住宅,駐車（輪）場,20歳代,その他,施錠せず
窃盗,自転車盗,姫路,姫路駅前,282014,兵庫県,姫路市,古二階町,20240712,18,その他,駐車（輪）場,20歳代,その他,施錠した
窃盗,自転車盗,姫路,姫路駅前,282014,兵庫県,姫路市,豆腐町,20240223,9,駐車（輪）場,駐車（輪）場,20歳代,その他,施錠せず
窃盗,自転車盗,姫路,姫路駅前,282014,兵庫県,姫路市,豆腐町,20240414,15,駐車（輪）場,駐車（輪）場,20歳代,大学生,施錠せず
窃盗,自転車盗,姫路,姫路駅前,282014,兵庫県,姫路市,南畝町,20241025,18,その他,駐車（輪）場,10歳代,大学生,施錠せず
窃盗,自転車盗,姫路,姫路駅前,282014,兵庫県,姫路市,南畝町１丁目,20240510,9,駐車（輪）場,駐車（輪）場,40歳代,その他,施錠した
窃盗,自転車盗,姫路,姫路駅前,282014,兵庫県,姫路市,南畝町１丁目,20241105,12,その他,その他,20歳代,その他,施錠せず
窃盗,自転車盗,姫路,姫路駅前,282014,兵庫県,姫路市,北条口２丁目,20230601,18,４階建て以上共同住宅,駐車（輪）場,40歳代,その他,施錠せず
窃盗,自転車盗,姫路,姫路駅前,282014,兵庫県,姫路市,北条口３丁目,20240801,18,４階建て以上共同住宅,駐車（輪）場,20歳代,その他,施錠せず
窃盗,自転車盗,姫路,姫路駅前,282014,兵庫県,姫路市,北条口５丁目,20240409,19,駐車（輪）場,駐車（輪）場,20歳代,その他,施錠せず
窃盗,自転車盗,姫路,姫路駅前,282014,兵庫県,姫路市,南町,20240121,16,道路上,その他,10歳代,高校生,施錠した
窃盗,自転車盗,姫路,姫路駅前,282014,兵庫県,姫路市,南町,20240122,18,道路上,その他,70歳以上,その他,施錠した
窃盗,自転車盗,姫路,姫路駅前,282014,兵庫県,姫路市,南町,20240222,16,道路上,その他,20歳代,その他,施錠せず
窃盗,自転車盗,姫路,姫路駅前,282014,兵庫県,姫路市,南町,20240101,0,道路上,その他,50歳代,その他,施錠せず
窃盗,自転車盗,姫路,姫路駅前,282014,兵庫県,姫路市,南町,20240612,6,駐車（輪）場,駐車（輪）場,10歳代,高校生,施錠せず
窃盗,自転車盗,姫路,姫路駅前,282014,兵庫県,姫路市,南町,20240713,0,道路上,その他,20歳代,大学生,施錠せず
窃盗,自転車盗,姫路,姫路駅前,282014,兵庫県,姫路市,南町,20240809,18,その他,駐車（輪）場,40歳代,その他,施錠した
窃盗,自転車盗,姫路,姫路駅前,282014,兵庫県,姫路市,南町,20240828,18,道路上,その他,10歳代,高校生,施錠した
窃盗,自転車盗,姫路,姫路駅前,282014,兵庫県,姫路市,南町,20240907,20,その他,駐車（輪）場,20歳代,その他,施錠せず
窃盗,自転車盗,姫路,姫路駅前,282014,兵庫県,姫路市,南町,20240827,9,４階建て以上共同住宅,駐車（輪）場,10歳代,高校生,施錠せず
窃盗,自転車盗,姫路,姫路駅前,282014,兵庫県,姫路市,南町,20240927,5,その他,駐車（輪）場,40歳代,その他,施錠した
窃盗,自転車盗,姫路,姫路駅前,282014,兵庫県,姫路市,南町,20241101,21,道路上,その他,20歳代,大学生,施錠した
窃盗,自転車盗,姫路,姫路駅前,282014,兵庫県,姫路市,西駅前町,20240516,17,駐車（輪）場,駐車（輪）場,10歳代,その他,施錠せず
窃盗,自転車盗,姫路,姫路駅前,282014,兵庫県,姫路市,東駅前町,20240127,11,その他,駐車（輪）場,50歳代,その他,施錠した
窃盗,自転車盗,姫路,姫路駅前,282014,兵庫県,姫路市,東駅前町,20240403,19,駐車（輪）場,駐車（輪）場,20歳代,その他,施錠せず
窃盗,自転車盗,姫路,姫路駅前,282014,兵庫県,姫路市,東駅前町,20240411,8,道路上,その他,40歳代,その他,施錠せず
窃盗,自転車盗,姫路,姫路駅前,282014,兵庫県,姫路市,東駅前町,20240517,18,駐車（輪）場,駐車（輪）場,10歳代,高校生,施錠せず
窃盗,自転車盗,姫路,姫路駅前,282014,兵庫県,姫路市,東駅前町,20240707,14,その他,駐車（輪）場,10歳代,中学生,施錠せず
窃盗,自転車盗,姫路,姫路駅前,282014,兵庫県,姫路市,東駅前町,20240722,8,その他,その他,10歳代,高校生,施錠せず
窃盗,自転車盗,姫路,姫路駅前,282014,兵庫県,姫路市,東駅前町,20240727,15,４階建て以上共同住宅,駐車（輪）場,50歳代,その他,施錠した
窃盗,自転車盗,姫路,姫路駅前,282014,兵庫県,姫路市,東駅前町,20240926,20,駐車（輪）場,駐車（輪）場,30歳代,その他,施錠せず
窃盗,自転車盗,姫路,姫路駅前,282014,兵庫県,姫路市,東駅前町,20241026,18,駐車（輪）場,駐車（輪）場,20歳代,大学生,施錠せず
窃盗,自転車盗,姫路,姫路駅前,282014,兵庫県,姫路市,東駅前町,20241106,19,駐車（輪）場,駐車（輪）場,10歳代,高校生,施錠せず
窃盗,自転車盗,姫路,姫路駅前,282014,兵庫県,姫路市,東駅前町,20241103,8,駐車（輪）場,駐車（輪）場,10歳代,その他,施錠せず
窃盗,自転車盗,姫路,姫路駅前,282014,兵庫県,姫路市,東駅前町,20241202,16,駐車（輪）場,駐車（輪）場,10歳代,中学生,施錠せず
窃盗,自転車盗,姫路,姫路駅南,282014,兵庫県,姫路市,阿保,20240228,16,一戸建住宅,駐車（輪）場,10歳未満,小学生,施錠せず
窃盗,自転車盗,姫路,姫路駅南,282014,兵庫県,姫路市,阿保,20240902,13,その他の住宅（３階建て以下共同住宅等）,駐車（輪）場,10歳代,高校生,施錠せず
窃盗,自転車盗,姫路,姫路駅南,282014,兵庫県,姫路市,阿保,20240926,19,一戸建住宅,駐車（輪）場,10歳代,小学生,施錠せず
窃盗,自転車盗,姫路,姫路駅南,282014,兵庫県,姫路市,阿保,20241005,22,その他,駐車（輪）場,20歳代,その他,施錠せず
窃盗,自転車盗,姫路,姫路駅南,282014,兵庫県,姫路市,市之郷,20241108,5,その他,駐車（輪）場,20歳代,その他,施錠せず
窃盗,自転車盗,姫路,姫路駅南,282014,兵庫県,姫路市,佃町,20240810,0,４階建て以上共同住宅,駐車（輪）場,10歳代,中学生,施錠した
窃盗,自転車盗,姫路,姫路駅南,282014,兵庫県,姫路市,北条,20240711,19,４階建て以上共同住宅,駐車（輪）場,50歳代,その他,施錠せず
窃盗,自転車盗,姫路,姫路駅南,282014,兵庫県,姫路市,北条,20240917,9,その他,駐車（輪）場,20歳代,その他,施錠せず
窃盗,自転車盗,姫路,姫路駅南,282014,兵庫県,姫路市,北条,20241217,17,４階建て以上共同住宅,駐車（輪）場,50歳代,その他,施錠した
窃盗,自転車盗,姫路,姫路駅南,282014,兵庫県,姫路市,北条１丁目,20241120,11,４階建て以上共同住宅,その他,30歳代,その他,施錠せず
窃盗,自転車盗,姫路,姫路駅南,282014,兵庫県,姫路市,南駅前町,20240529,8,その他,駐車（輪）場,30歳代,その他,施錠した
窃盗,自転車盗,姫路,姫路駅南,282014,兵庫県,姫路市,南駅前町,20240606,8,その他,駐車（輪）場,20歳代,その他,施錠せず
窃盗,自転車盗,姫路,姫路駅南,282014,兵庫県,姫路市,南駅前町,20240712,21,４階建て以上共同住宅,駐車（輪）場,20歳代,その他,施錠せず
窃盗,自転車盗,姫路,姫路駅南,282014,兵庫県,姫路市,南駅前町,20240722,7,その他,駐車（輪）場,10歳代,その他,施錠せず
窃盗,自転車盗,姫路,姫路駅南,282014,兵庫県,姫路市,南駅前町,20240802,12,その他,駐車（輪）場,65-69歳,その他,施錠した
窃盗,自転車盗,姫路,姫路駅南,282014,兵庫県,姫路市,安田４丁目,20240308,17,その他,駐車（輪）場,40歳代,その他,施錠せず
窃盗,自転車盗,姫路,姫路駅南,282014,兵庫県,姫路市,安田４丁目,20240605,8,その他,駐車（輪）場,20歳代,その他,施錠せず
窃盗,自転車盗,姫路,姫路駅南,282014,兵庫県,姫路市,安田４丁目,20240705,6,その他,駐車（輪）場,10歳代,その他,施錠した
窃盗,自転車盗,姫路,姫路駅南,282014,兵庫県,姫路市,安田４丁目,20241008,15,その他,駐車（輪）場,20歳代,その他,施錠せず
窃盗,自転車盗,姫路,姫路駅南,282014,兵庫県,姫路市,安田４丁目,20241205,10,その他,駐車（輪）場,20歳代,その他,施錠せず
窃盗,自転車盗,姫路,姫路駅南,282014,兵庫県,姫路市,南条,20240603,19,その他,その他,30歳代,その他,施錠した
窃盗,自転車盗,姫路,姫路駅南,282014,兵庫県,姫路市,南条１丁目,20240817,9,その他,駐車（輪）場,法人・団体、被害者なし,法人・団体、被害者なし,施錠せず
窃盗,自転車盗,姫路,姫路駅南,282014,兵庫県,姫路市,南条１丁目,20240814,18,その他の住宅（３階建て以下共同住宅等）,その他,65-69歳,その他,施錠せず
窃盗,自転車盗,姫路,姫路駅南,282014,兵庫県,姫路市,北条梅原町,20240730,22,その他の住宅（３階建て以下共同住宅等）,駐車（輪）場,40歳代,その他,施錠した
窃盗,自転車盗,姫路,姫路駅南,282014,兵庫県,姫路市,北条永良町,20240912,22,その他の住宅（３階建て以下共同住宅等）,駐車（輪）場,30歳代,その他,施錠せず
窃盗,自転車盗,姫路,姫路駅南,282014,兵庫県,姫路市,三左衛門堀西の町,20240625,23,４階建て以上共同住宅,駐車（輪）場,20歳代,その他,施錠した
窃盗,自転車盗,姫路,姫路駅南,282014,兵庫県,姫路市,三左衛門堀東の町,20241014,17,その他の住宅（３階建て以下共同住宅等）,駐車（輪）場,20歳代,その他,施錠せず
窃盗,自転車盗,姫路,姫路駅南,282014,兵庫県,姫路市,北条宮の町,20240517,9,道路上,その他,10歳代,高校生,施錠せず
窃盗,自転車盗,姫路,姫路駅南,282014,兵庫県,姫路市,北条宮の町,20240916,0,その他の住宅（３階建て以下共同住宅等）,駐車（輪）場,20歳代,大学生,施錠せず
窃盗,自転車盗,姫路,城南,282014,兵庫県,姫路市,景福寺前,20240624,8,一戸建住宅,駐車（輪）場,40歳代,その他,施錠せず
窃盗,自転車盗,姫路,城南,282014,兵庫県,姫路市,小姓町,20241101,8,その他の住宅（３階建て以下共同住宅等）,その他,20歳代,その他,施錠せず
窃盗,自転車盗,姫路,城南,282014,兵庫県,姫路市,小姓町,20241002,18,４階建て以上共同住宅,駐車（輪）場,30歳代,その他,施錠せず
窃盗,自転車盗,姫路,城南,282014,兵庫県,姫路市,琴岡町,20240226,21,その他の住宅（３階建て以下共同住宅等）,駐車（輪）場,20歳代,その他,施錠せず
窃盗,自転車盗,姫路,城南,282014,兵庫県,姫路市,琴岡町,20240317,18,４階建て以上共同住宅,駐車（輪）場,20歳代,その他,施錠せず
窃盗,自転車盗,姫路,城南,282014,兵庫県,姫路市,小利木町,20240625,6,一戸建住宅,その他,10歳代,その他,施錠せず
窃盗,自転車盗,姫路,城南,282014,兵庫県,姫路市,東雲町２丁目,20240320,0,４階建て以上共同住宅,駐車（輪）場,30歳代,その他,施錠せず
窃盗,自転車盗,姫路,城南,282014,兵庫県,姫路市,東雲町５丁目,20240615,6,４階建て以上共同住宅,駐車（輪）場,20歳代,その他,施錠せず
窃盗,自転車盗,姫路,城南,282014,兵庫県,姫路市,忍町,20240314,17,一戸建住宅,駐車（輪）場,40歳代,その他,施錠せず
窃盗,自転車盗,姫路,城南,282014,兵庫県,姫路市,忍町,20240526,21,４階建て以上共同住宅,駐車（輪）場,10歳代,高校生,施錠した
窃盗,自転車盗,姫路,城南,282014,兵庫県,姫路市,忍町,20241103,3,４階建て以上共同住宅,駐車（輪）場,20歳代,その他,施錠せず
窃盗,自転車盗,姫路,城南,282014,兵庫県,姫路市,新在家３丁目,20240808,8,４階建て以上共同住宅,駐車（輪）場,50歳代,その他,施錠せず
窃盗,自転車盗,姫路,城南,282014,兵庫県,姫路市,十二所前町,20240717,18,その他,駐車（輪）場,10歳代,高校生,施錠せず
窃盗,自転車盗,姫路,城南,282014,兵庫県,姫路市,十二所前町,20240811,10,道路上,その他,10歳代,高校生,施錠せず
窃盗,自転車盗,姫路,城南,282014,兵庫県,姫路市,十二所前町,20241109,17,その他,その他,20歳代,大学生,施錠せず
窃盗,自転車盗,姫路,城南,282014,兵庫県,姫路市,龍野町１丁目,20240608,13,一戸建住宅,駐車（輪）場,60-64歳,その他,施錠せず
窃盗,自転車盗,姫路,城南,282014,兵庫県,姫路市,土山３丁目,20240426,22,４階建て以上共同住宅,駐車（輪）場,30歳代,その他,施錠せず
窃盗,自転車盗,姫路,城南,282014,兵庫県,姫路市,西二階町,20240224,22,その他,駐車（輪）場,50歳代,その他,施錠した
窃盗,自転車盗,姫路,城南,282014,兵庫県,姫路市,西二階町,20240519,9,駐車（輪）場,駐車（輪）場,50歳代,その他,施錠した
窃盗,自転車盗,姫路,城南,282014,兵庫県,姫路市,西二階町,20240718,21,道路上,その他,10歳代,小学生,施錠せず
窃盗,自転車盗,姫路,城南,282014,兵庫県,姫路市,花影町１丁目,20240929,17,その他,その他,20歳代,大学生,施錠せず
窃盗,自転車盗,姫路,城南,282014,兵庫県,姫路市,花影町２丁目,20241026,13,４階建て以上共同住宅,駐車（輪）場,20歳代,その他,施錠せず
窃盗,自転車盗,姫路,城南,282014,兵庫県,姫路市,花影町４丁目,20240414,11,その他,駐車（輪）場,20歳代,その他,施錠した
窃盗,自転車盗,姫路,城南,282014,兵庫県,姫路市,博労町,20240127,18,その他,その他,20歳代,その他,施錠せず
窃盗,自転車盗,姫路,城南,282014,兵庫県,姫路市,船丘町,20241104,19,駐車（輪）場,駐車（輪）場,10歳代,大学生,施錠せず
窃盗,自転車盗,姫路,城南,282014,兵庫県,姫路市,南今宿,20240810,21,４階建て以上共同住宅,駐車（輪）場,60-64歳,その他,施錠せず
窃盗,自転車盗,姫路,城南,282014,兵庫県,姫路市,南車崎２丁目,20240628,23,４階建て以上共同住宅,駐車（輪）場,30歳代,その他,施錠した
窃盗,自転車盗,姫路,城南,282014,兵庫県,姫路市,元町,20240705,1,４階建て以上共同住宅,駐車（輪）場,40歳代,その他,施錠せず
窃盗,自転車盗,姫路,城南,282014,兵庫県,姫路市,魚町,20240411,18,道路上,その他,65-69歳,その他,施錠せず
窃盗,自転車盗,姫路,城南,282014,兵庫県,姫路市,魚町,20241101,16,道路上,その他,20歳代,その他,施錠した
窃盗,自転車盗,姫路,城南,282014,兵庫県,姫路市,魚町,20240801,15,道路上,その他,40歳代,その他,施錠せず
窃盗,自転車盗,姫路,城南,282014,兵庫県,姫路市,魚町,20241204,13,道路上,その他,65-69歳,その他,施錠した
窃盗,自転車盗,姫路,城南,282014,兵庫県,姫路市,塩町,20240301,18,その他,その他,10歳代,大学生,施錠せず
窃盗,自転車盗,姫路,城南,282014,兵庫県,姫路市,塩町,20240614,22,道路上,その他,40歳代,その他,施錠した
窃盗,自転車盗,姫路,城南,282014,兵庫県,姫路市,塩町,20240724,20,その他,その他,50歳代,その他,施錠せず
窃盗,自転車盗,姫路,城南,282014,兵庫県,姫路市,塩町,20231104,21,道路上,その他,30歳代,その他,施錠した
窃盗,自転車盗,姫路,城南,282014,兵庫県,姫路市,塩町,20241028,8,その他,駐車（輪）場,50歳代,その他,施錠せず
窃盗,自転車盗,姫路,城南,282014,兵庫県,姫路市,塩町,20241121,12,道路上,その他,30歳代,その他,施錠せず
窃盗,自転車盗,姫路,城南,282014,兵庫県,姫路市,塩町,20241014,20,道路上,その他,10歳代,その他,施錠せず
窃盗,自転車盗,姫路,城南,282014,兵庫県,姫路市,白銀町,20240503,20,道路上,その他,30歳代,その他,施錠せず
窃盗,自転車盗,姫路,城南,282014,兵庫県,姫路市,白銀町,20241108,16,道路上,その他,20歳代,その他,施錠した
窃盗,自転車盗,姫路,城南,282014,兵庫県,姫路市,立町,20240805,7,その他,その他,70歳以上,その他,施錠せず
窃盗,自転車盗,姫路,城南,282014,兵庫県,姫路市,立町,20241024,15,道路上,その他,20歳代,その他,施錠した
窃盗,自転車盗,姫路,城南,282014,兵庫県,姫路市,立町,20240501,17,道路上,その他,30歳代,その他,施錠せず
窃盗,自転車盗,姫路,神田,282014,兵庫県,姫路市,東雲町２丁目,20240218,21,４階建て以上共同住宅,駐車（輪）場,10歳代,高校生,施錠せず
窃盗,自転車盗,姫路,神田,282014,兵庫県,姫路市,東雲町４丁目,20240216,19,一戸建住宅,駐車（輪）場,40歳代,その他,施錠せず
窃盗,自転車盗,姫路,神田,282014,兵庫県,姫路市,土山２丁目,20231215,22,その他の住宅（３階建て以下共同住宅等）,駐車（輪）場,20歳代,その他,施錠せず
窃盗,自転車盗,姫路,神田,282014,兵庫県,姫路市,土山３丁目,20240121,23,その他,駐車（輪）場,50歳代,その他,施錠せず
窃盗,自転車盗,姫路,京口,282014,兵庫県,姫路市,京口町,20240110,7,その他,駐車（輪）場,10歳代,高校生,施錠せず
窃盗,自転車盗,姫路,天神前,282014,兵庫県,姫路市,京口町,20240325,6,駐車（輪）場,駐車（輪）場,10歳代,高校生,施錠した
窃盗,自転車盗,姫路,天神前,282014,兵庫県,姫路市,東郷町,20240317,19,その他,駐車（輪）場,10歳代,高校生,施錠せず
窃盗,自転車盗,姫路,天神前,282014,兵庫県,姫路市,東郷町,20240317,10,その他,駐車（輪）場,20歳代,その他,施錠せず
窃盗,自転車盗,姫路,天神前,282014,兵庫県,姫路市,日出町３丁目,20240314,11,駐車（輪）場,駐車（輪）場,20歳代,その他,施錠せず
窃盗,自転車盗,姫路,八代,282014,兵庫県,姫路市,北八代１丁目,20240829,19,その他の住宅（３階建て以下共同住宅等）,駐車（輪）場,10歳代,大学生,施錠せず
窃盗,自転車盗,姫路,八代,282014,兵庫県,姫路市,北八代１丁目,20241008,16,一戸建住宅,駐車（輪）場,20歳代,大学生,施錠した
窃盗,自転車盗,姫路,八代,282014,兵庫県,姫路市,城北新町３丁目,20240917,15,その他の住宅（３階建て以下共同住宅等）,駐車（輪）場,20歳代,その他,施錠せず
窃盗,自転車盗,姫路,八代,282014,兵庫県,姫路市,城北新町３丁目,20240729,16,４階建て以上共同住宅,駐車（輪）場,20歳代,大学生,施錠せず
窃盗,自転車盗,姫路,八代,282014,兵庫県,姫路市,西八代町,20241025,16,４階建て以上共同住宅,駐車（輪）場,40歳代,その他,施錠せず
窃盗,自転車盗,姫路,八代,282014,兵庫県,姫路市,八代,20240729,12,道路上,その他,10歳代,中学生,施錠せず
窃盗,自転車盗,姫路,八代,282014,兵庫県,姫路市,八代,20241101,15,一戸建住宅,その他,10歳未満,小学生,施錠せず
窃盗,自転車盗,姫路,八代,282014,兵庫県,姫路市,八代東光寺町,20240605,18,４階建て以上共同住宅,駐車（輪）場,10歳代,小学生,施錠せず
窃盗,自転車盗,姫路,八代,282014,兵庫県,姫路市,八代本町１丁目,20240815,10,一戸建住宅,駐車（輪）場,65-69歳,その他,施錠した
窃盗,自転車盗,姫路,八代,282014,兵庫県,姫路市,山野井町,20240818,1,４階建て以上共同住宅,その他,20歳代,大学生,施錠した
窃盗,自転車盗,姫路,八代,282014,兵庫県,姫路市,上大野１丁目,20241106,12,４階建て以上共同住宅,駐車（輪）場,60-64歳,その他,施錠した
窃盗,自転車盗,姫路,八代,282014,兵庫県,姫路市,上大野２丁目,20240323,23,その他の住宅（３階建て以下共同住宅等）,駐車（輪）場,20歳代,大学生,施錠した
窃盗,自転車盗,姫路,八代,282014,兵庫県,姫路市,上大野５丁目,20240222,20,一戸建住宅,その他,10歳代,中学生,施錠した
窃盗,自転車盗,姫路,八代,282014,兵庫県,姫路市,上大野７丁目,20240610,17,その他,駐車（輪）場,20歳代,大学生,施錠せず
窃盗,自転車盗,姫路,八代,282014,兵庫県,姫路市,北平野２丁目,20240410,17,４階建て以上共同住宅,駐車（輪）場,10歳代,中学生,施錠せず
窃盗,自転車盗,姫路,八代,282014,兵庫県,姫路市,北平野南の町,20240708,4,その他の住宅（３階建て以下共同住宅等）,駐車（輪）場,20歳代,大学生,施錠せず
窃盗,自転車盗,姫路,野里,282014,兵庫県,姫路市,伊伝居,20240706,23,一戸建住宅,駐車（輪）場,70歳以上,その他,施錠せず
窃盗,自転車盗,姫路,野里,282014,兵庫県,姫路市,広峰１丁目,20240720,8,その他の住宅（３階建て以下共同住宅等）,駐車（輪）場,法人・団体、被害者なし,法人・団体、被害者なし,施錠せず
窃盗,自転車盗,姫路,野里,282014,兵庫県,姫路市,広峰１丁目,20240718,20,その他の住宅（３階建て以下共同住宅等）,駐車（輪）場,20歳代,大学生,施錠せず
窃盗,自転車盗,姫路,野里駅前,282014,兵庫県,姫路市,鍵町,20240522,17,その他,その他,10歳代,高校生,施錠した
窃盗,自転車盗,姫路,野里駅前,282014,兵庫県,姫路市,河間町,20240218,21,４階建て以上共同住宅,駐車（輪）場,50歳代,その他,施錠した
窃盗,自転車盗,姫路,野里駅前,282014,兵庫県,姫路市,堺町,20241109,15,その他,駐車（輪）場,50歳代,その他,施錠せず
窃盗,自転車盗,姫路,野里駅前,282014,兵庫県,姫路市,白国１丁目,20241201,8,一戸建住宅,駐車（輪）場,10歳代,高校生,施錠せず
窃盗,自転車盗,姫路,野里駅前,282014,兵庫県,姫路市,白国４丁目,20240125,16,その他の住宅（３階建て以下共同住宅等）,駐車（輪）場,10歳代,高校生,施錠せず
窃盗,自転車盗,姫路,野里駅前,282014,兵庫県,姫路市,西中島,20240828,5,４階建て以上共同住宅,駐車（輪）場,20歳代,大学生,施錠せず
窃盗,自転車盗,姫路,野里駅前,282014,兵庫県,姫路市,西中島,20241008,20,一戸建住宅,その他,40歳代,その他,施錠せず
窃盗,自転車盗,姫路,野里駅前,282014,兵庫県,姫路市,野里,20240812,16,その他,駐車（輪）場,10歳代,高校生,施錠せず
窃盗,自転車盗,姫路,野里駅前,282014,兵庫県,姫路市,野里,20240914,20,その他,駐車（輪）場,50歳代,その他,施錠した
窃盗,自転車盗,姫路,野里駅前,282014,兵庫県,姫路市,野里,20241014,18,駐車（輪）場,駐車（輪）場,10歳代,高校生,施錠せず
窃盗,自転車盗,姫路,野里駅前,282014,兵庫県,姫路市,野里,20241225,22,４階建て以上共同住宅,駐車（輪）場,20歳代,その他,施錠せず
窃盗,自転車盗,姫路,野里駅前,282014,兵庫県,姫路市,保城,20240510,10,４階建て以上共同住宅,駐車（輪）場,40歳代,その他,施錠した
窃盗,自転車盗,姫路,野里駅前,282014,兵庫県,姫路市,保城,20240917,7,一戸建住宅,その他,10歳代,中学生,施錠せず
窃盗,自転車盗,姫路,野里駅前,282014,兵庫県,姫路市,増位新町１丁目,20240125,17,その他,駐車（輪）場,10歳代,大学生,施錠せず
窃盗,自転車盗,姫路,野里駅前,282014,兵庫県,姫路市,増位新町１丁目,20241107,7,その他,駐車（輪）場,10歳代,高校生,施錠せず
窃盗,自転車盗,姫路,野里駅前,282014,兵庫県,姫路市,増位新町２丁目,20240518,13,その他,駐車（輪）場,10歳代,その他,施錠せず
窃盗,自転車盗,姫路,野里駅前,282014,兵庫県,姫路市,増位本町２丁目,20240418,20,その他,駐車（輪）場,10歳代,その他,施錠せず
窃盗,自転車盗,姫路,野里駅前,282014,兵庫県,姫路市,増位本町２丁目,20240718,15,その他,駐車（輪）場,10歳代,小学生,施錠せず
窃盗,自転車盗,姫路,野里駅前,282014,兵庫県,姫路市,野里新町,20240525,11,一戸建住宅,駐車（輪）場,20歳代,その他,施錠せず
窃盗,自転車盗,姫路,花田,282014,兵庫県,姫路市,花田町　小川,20240622,6,その他の住宅（３階建て以下共同住宅等）,駐車（輪）場,20歳代,その他,施錠せず
窃盗,自転車盗,姫路,花田,282014,兵庫県,姫路市,花田町　小川,20240825,15,４階建て以上共同住宅,駐車（輪）場,10歳代,中学生,施錠せず
窃盗,自転車盗,姫路,豊国,282014,兵庫県,姫路市,飾東町　庄,20241025,4,その他の住宅（３階建て以下共同住宅等）,駐車（輪）場,20歳代,その他,施錠した
窃盗,自転車盗,姫路,仁豊野,282014,兵庫県,姫路市,砥堀,20240123,14,その他,駐車（輪）場,10歳代,その他,施錠せず
窃盗,自転車盗,姫路,仁豊野,282014,兵庫県,姫路市,砥堀,20240322,8,その他,駐車（輪）場,20歳代,その他,施錠せず
窃盗,自転車盗,姫路,仁豊野,282014,兵庫県,姫路市,砥堀,20240413,0,その他,駐車（輪）場,20歳代,大学生,施錠せず
窃盗,自転車盗,姫路,仁豊野,282014,兵庫県,姫路市,砥堀,20240601,17,その他,駐車（輪）場,40歳代,その他,施錠した
窃盗,自転車盗,姫路,仁豊野,282014,兵庫県,姫路市,砥堀,20240921,6,その他,駐車（輪）場,10歳代,高校生,施錠した
窃盗,自転車盗,姫路,仁豊野,282014,兵庫県,姫路市,砥堀,20241001,10,その他,駐車（輪）場,10歳代,高校生,施錠せず
窃盗,自転車盗,姫路,仁豊野,282014,兵庫県,姫路市,砥堀,20241216,7,その他,駐車（輪）場,10歳代,高校生,施錠せず
窃盗,自転車盗,姫路,仁豊野,282014,兵庫県,姫路市,仁豊野,20240824,6,その他,駐車（輪）場,10歳代,中学生,施錠せず
窃盗,自転車盗,姫路,仁豊野,282014,兵庫県,姫路市,仁豊野,20241028,12,その他,駐車（輪）場,20歳代,その他,施錠せず
窃盗,自転車盗,姫路,仁豊野,282014,兵庫県,姫路市,仁豊野,20241116,16,その他,駐車（輪）場,10歳代,高校生,施錠せず
窃盗,自転車盗,姫路,仁豊野,282014,兵庫県,姫路市,仁豊野,20241116,16,その他,駐車（輪）場,20歳代,大学生,施錠せず
窃盗,自転車盗,姫路,飾西,282014,兵庫県,姫路市,飾西,20240809,13,その他,駐車（輪）場,10歳代,中学生,施錠せず
窃盗,自転車盗,姫路,飾西,282014,兵庫県,姫路市,西夢前台２丁目,20240407,16,その他,駐車（輪）場,20歳代,その他,施錠せず
窃盗,自転車盗,姫路,飾西,282014,兵庫県,姫路市,青山北１丁目,20240301,7,その他,駐車（輪）場,10歳代,高校生,施錠した
窃盗,自転車盗,姫路,飾西,282014,兵庫県,姫路市,青山北１丁目,20240511,11,その他,駐車（輪）場,10歳代,高校生,施錠せず
窃盗,自転車盗,姫路,飾西,282014,兵庫県,姫路市,青山北１丁目,20240608,16,その他,駐車（輪）場,10歳代,高校生,施錠せず
窃盗,自転車盗,姫路,飾西,282014,兵庫県,姫路市,青山北１丁目,20240615,18,その他,駐車（輪）場,20歳代,その他,施錠せず
窃盗,自転車盗,姫路,飾西,282014,兵庫県,姫路市,青山北１丁目,20240619,7,その他,駐車（輪）場,10歳代,高校生,施錠せず
窃盗,自転車盗,姫路,飾西,282014,兵庫県,姫路市,青山北１丁目,20240710,7,その他,駐車（輪）場,10歳代,高校生,施錠せず
窃盗,自転車盗,姫路,飾西,282014,兵庫県,姫路市,青山北１丁目,20240724,19,その他,駐車（輪）場,10歳代,高校生,施錠せず
窃盗,自転車盗,姫路,飾西,282014,兵庫県,姫路市,青山北１丁目,20240726,9,その他,駐車（輪）場,10歳代,高校生,施錠した
窃盗,自転車盗,姫路,飾西,282014,兵庫県,姫路市,青山北１丁目,20241105,7,その他,駐車（輪）場,10歳代,大学生,施錠せず
窃盗,自転車盗,姫路,飾西,282014,兵庫県,姫路市,青山北１丁目,20241109,9,その他,駐車（輪）場,10歳代,高校生,施錠せず
窃盗,自転車盗,姫路,飾西,282014,兵庫県,姫路市,青山北１丁目,20241114,7,その他,駐車（輪）場,20歳代,その他,施錠せず
窃盗,自転車盗,姫路,飾西,282014,兵庫県,姫路市,青山北１丁目,20241113,10,その他,駐車（輪）場,20歳代,大学生,施錠せず
窃盗,自転車盗,姫路,飾西,282014,兵庫県,姫路市,青山北１丁目,20241108,18,駐車（輪）場,駐車（輪）場,20歳代,大学生,施錠せず
窃盗,自転車盗,姫路,飾西,282014,兵庫県,姫路市,青山北１丁目,20241123,12,その他,駐車（輪）場,10歳代,中学生,施錠せず
窃盗,自転車盗,姫路,飾西,282014,兵庫県,姫路市,青山北１丁目,20241122,18,その他,駐車（輪）場,10歳代,高校生,施錠せず
窃盗,自転車盗,姫路,飾西,282014,兵庫県,姫路市,青山北１丁目,20241126,7,その他,駐車（輪）場,10歳代,高校生,施錠せず
窃盗,自転車盗,姫路,飾西,282014,兵庫県,姫路市,青山北１丁目,20241204,7,その他,駐車（輪）場,10歳代,高校生,施錠せず
窃盗,自転車盗,姫路,飾西,282014,兵庫県,姫路市,青山北１丁目,20241206,19,その他,駐車（輪）場,10歳代,高校生,施錠せず
窃盗,自転車盗,姫路,飾西,282014,兵庫県,姫路市,青山北１丁目,20241209,7,その他,駐車（輪）場,10歳代,高校生,施錠せず
窃盗,自転車盗,姫路,飾西,282014,兵庫県,姫路市,青山北１丁目,20241217,7,その他,駐車（輪）場,10歳代,高校生,施錠せず
窃盗,自転車盗,姫路,飾西,282014,兵庫県,姫路市,青山北２丁目,20240801,7,その他,駐車（輪）場,10歳代,高校生,施錠せず
窃盗,自転車盗,姫路,飾西,282014,兵庫県,姫路市,青山北２丁目,20241026,9,その他,駐車（輪）場,10歳代,高校生,施錠せず
窃盗,自転車盗,姫路,飾西,282014,兵庫県,姫路市,青山北２丁目,20241111,7,その他,駐車（輪）場,10歳代,高校生,施錠せず
窃盗,自転車盗,姫路,飾西,282014,兵庫県,姫路市,青山北３丁目,20230601,0,４階建て以上共同住宅,駐車（輪）場,10歳代,高校生,施錠せず
窃盗,自転車盗,姫路,飾西,282014,兵庫県,姫路市,青山西２丁目,20241220,12,その他の住宅（３階建て以下共同住宅等）,駐車（輪）場,40歳代,その他,施錠した
窃盗,自転車盗,姫路,田寺,282014,兵庫県,姫路市,田寺１丁目,20230905,10,その他の住宅（３階建て以下共同住宅等）,駐車（輪）場,20歳代,大学生,施錠せず
窃盗,自転車盗,姫路,田寺,282014,兵庫県,姫路市,田寺１丁目,20240320,19,その他の住宅（３階建て以下共同住宅等）,駐車（輪）場,10歳代,中学生,施錠せず
窃盗,自転車盗,姫路,田寺,282014,兵庫県,姫路市,田寺１丁目,20240506,1,その他の住宅（３階建て以下共同住宅等）,駐車（輪）場,20歳代,その他,施錠せず
窃盗,自転車盗,姫路,田寺,282014,兵庫県,姫路市,田寺１丁目,20240916,22,その他の住宅（３階建て以下共同住宅等）,駐車（輪）場,10歳代,大学生,施錠せず
窃盗,自転車盗,姫路,田寺,282014,兵庫県,姫路市,田寺１丁目,20241010,13,４階建て以上共同住宅,駐車（輪）場,10歳代,高校生,施錠せず
窃盗,自転車盗,姫路,田寺,282014,兵庫県,姫路市,田寺３丁目,20240212,20,その他,駐車（輪）場,20歳代,その他,施錠した
窃盗,自転車盗,姫路,田寺,282014,兵庫県,姫路市,田寺３丁目,20241017,0,その他の住宅（３階建て以下共同住宅等）,駐車（輪）場,20歳代,大学生,施錠せず
窃盗,自転車盗,姫路,田寺,282014,兵庫県,姫路市,田寺４丁目,20240810,20,その他の住宅（３階建て以下共同住宅等）,駐車（輪）場,20歳代,大学生,施錠した
窃盗,自転車盗,姫路,田寺,282014,兵庫県,姫路市,田寺４丁目,20241018,14,その他の住宅（３階建て以下共同住宅等）,駐車（輪）場,20歳代,大学生,施錠した
窃盗,自転車盗,姫路,田寺,282014,兵庫県,姫路市,田寺８丁目,20240704,17,４階建て以上共同住宅,駐車（輪）場,70歳以上,その他,施錠せず
窃盗,自転車盗,姫路,田寺,282014,兵庫県,姫路市,田寺８丁目,20240701,9,駐車（輪）場,駐車（輪）場,20歳代,その他,施錠せず
窃盗,自転車盗,姫路,田寺,282014,兵庫県,姫路市,田寺８丁目,20240801,0,その他の住宅（３階建て以下共同住宅等）,駐車（輪）場,30歳代,その他,施錠した
窃盗,自転車盗,姫路,田寺,282014,兵庫県,姫路市,辻井５丁目,20240713,16,その他の住宅（３階建て以下共同住宅等）,駐車（輪）場,10歳代,大学生,施錠せず
窃盗,自転車盗,姫路,田寺,282014,兵庫県,姫路市,辻井５丁目,20240722,12,その他,駐車（輪）場,10歳代,高校生,施錠せず
窃盗,自転車盗,姫路,田寺,282014,兵庫県,姫路市,辻井７丁目,20241010,15,その他,駐車（輪）場,60-64歳,その他,施錠せず
窃盗,自転車盗,姫路,田寺,282014,兵庫県,姫路市,辻井８丁目,20220701,不明,４階建て以上共同住宅,駐車（輪）場,50歳代,その他,施錠した
窃盗,自転車盗,姫路,田寺,282014,兵庫県,姫路市,東辻井３丁目,20240808,15,４階建て以上共同住宅,駐車（輪）場,10歳代,小学生,施錠せず
窃盗,自転車盗,姫路,田寺,282014,兵庫県,姫路市,御立中４丁目,20240309,6,その他の住宅（３階建て以下共同住宅等）,駐車（輪）場,50歳代,その他,施錠せず
窃盗,自転車盗,姫路,田寺,282014,兵庫県,姫路市,御立中４丁目,20240806,2,その他の住宅（３階建て以下共同住宅等）,駐車（輪）場,20歳代,大学生,施錠せず
窃盗,自転車盗,姫路,田寺,282014,兵庫県,姫路市,御立中４丁目,20241022,16,一戸建住宅,駐車（輪）場,70歳以上,その他,施錠した
窃盗,自転車盗,姫路,田寺,282014,兵庫県,姫路市,御立中５丁目,20240806,23,その他の住宅（３階建て以下共同住宅等）,駐車（輪）場,10歳代,大学生,施錠せず
窃盗,自転車盗,姫路,田寺,282014,兵庫県,姫路市,御立中５丁目,20240823,16,４階建て以上共同住宅,駐車（輪）場,20歳代,大学生,施錠せず
窃盗,自転車盗,姫路,田寺,282014,兵庫県,姫路市,御立中８丁目,20240702,11,その他の住宅（３階建て以下共同住宅等）,駐車（輪）場,20歳代,大学生,施錠した
窃盗,自転車盗,姫路,田寺,282014,兵庫県,姫路市,御立中８丁目,20240724,17,その他の住宅（３階建て以下共同住宅等）,駐車（輪）場,20歳代,大学生,施錠した
窃盗,自転車盗,姫路,田寺,282014,兵庫県,姫路市,御立西４丁目,20240904,20,一戸建住宅,駐車（輪）場,40歳代,その他,施錠せず
窃盗,自転車盗,姫路,田寺,282014,兵庫県,姫路市,田寺東２丁目,20240322,15,その他の住宅（３階建て以下共同住宅等）,駐車（輪）場,10歳代,高校生,施錠せず
窃盗,自転車盗,姫路,田寺,282014,兵庫県,姫路市,田寺東２丁目,20240929,16,その他の住宅（３階建て以下共同住宅等）,駐車（輪）場,40歳代,その他,施錠した
窃盗,自転車盗,姫路,書写,282014,兵庫県,姫路市,書写,20240120,11,その他,駐車（輪）場,10歳代,高校生,施錠せず
窃盗,自転車盗,姫路,書写,282014,兵庫県,姫路市,書写,20240316,17,４階建て以上共同住宅,駐車（輪）場,50歳代,その他,施錠せず
窃盗,自転車盗,姫路,書写,282014,兵庫県,姫路市,書写,20240408,14,その他,駐車（輪）場,20歳代,大学生,施錠せず
窃盗,自転車盗,姫路,書写,282014,兵庫県,姫路市,書写,20240516,11,その他,駐車（輪）場,20歳代,大学生,施錠せず
窃盗,自転車盗,姫路,書写,282014,兵庫県,姫路市,書写,20240720,10,４階建て以上共同住宅,駐車（輪）場,50歳代,その他,施錠せず
窃盗,自転車盗,姫路,書写,282014,兵庫県,姫路市,書写,20240812,23,その他の住宅（３階建て以下共同住宅等）,駐車（輪）場,10歳代,高校生,施錠した
窃盗,自転車盗,姫路,書写,282014,兵庫県,姫路市,書写,20240820,23,４階建て以上共同住宅,駐車（輪）場,20歳代,大学生,施錠せず
窃盗,自転車盗,姫路,書写,282014,兵庫県,姫路市,書写,20240910,22,一戸建住宅,その他,20歳代,大学生,施錠せず
窃盗,自転車盗,姫路,書写,282014,兵庫県,姫路市,書写,20241004,17,その他,駐車（輪）場,10歳代,大学生,施錠せず
窃盗,自転車盗,姫路,書写,282014,兵庫県,姫路市,書写,20241007,14,一戸建住宅,その他,20歳代,大学生,施錠せず
窃盗,自転車盗,姫路,書写,282014,兵庫県,姫路市,書写,20241030,8,その他,駐車（輪）場,20歳代,大学生,施錠せず
窃盗,自転車盗,姫路,書写,282014,兵庫県,姫路市,書写,20241218,14,道路上,その他,70歳以上,その他,施錠せず
窃盗,自転車盗,姫路,書写,282014,兵庫県,姫路市,書写台２丁目,20240412,20,４階建て以上共同住宅,駐車（輪）場,10歳代,中学生,施錠せず
窃盗,自転車盗,姫路,書写,282014,兵庫県,姫路市,書写台２丁目,20240426,12,４階建て以上共同住宅,駐車（輪）場,70歳以上,その他,施錠せず
窃盗,自転車盗,姫路,書写,282014,兵庫県,姫路市,書写台３丁目,20241026,19,４階建て以上共同住宅,駐車（輪）場,10歳代,中学生,施錠せず
窃盗,自転車盗,姫路,林田,282014,兵庫県,姫路市,林田町　口佐見,20241014,13,その他,駐車（輪）場,10歳代,高校生,施錠せず
窃盗,自転車盗,姫路,香寺,282014,兵庫県,姫路市,香寺町　岩部,20240921,19,一戸建住宅,駐車（輪）場,10歳代,高校生,施錠せず
窃盗,自転車盗,姫路,香寺,282014,兵庫県,姫路市,香寺町　香呂,20231225,21,その他の住宅（３階建て以下共同住宅等）,その他,10歳代,高校生,施錠せず
窃盗,自転車盗,姫路,香寺,282014,兵庫県,姫路市,香寺町　香呂,20240721,14,その他,駐車（輪）場,10歳代,高校生,施錠せず
窃盗,自転車盗,姫路,香寺,282014,兵庫県,姫路市,香寺町　香呂,20240801,14,その他,駐車（輪）場,10歳代,高校生,施錠せず
窃盗,自転車盗,姫路,香寺,282014,兵庫県,姫路市,香寺町　中屋,20240118,8,その他,駐車（輪）場,10歳代,高校生,施錠せず
窃盗,自転車盗,姫路,香寺,282014,兵庫県,姫路市,香寺町　中屋,20240130,6,その他,駐車（輪）場,20歳代,その他,施錠せず
窃盗,自転車盗,姫路,香寺,282014,兵庫県,姫路市,香寺町　中屋,20240429,8,その他,駐車（輪）場,10歳代,その他,施錠せず
窃盗,自転車盗,姫路,香寺,282014,兵庫県,姫路市,香寺町　中屋,20240503,11,その他,駐車（輪）場,10歳代,高校生,施錠した
窃盗,自転車盗,姫路,香寺,282014,兵庫県,姫路市,香寺町　中屋,20240621,18,その他の住宅（３階建て以下共同住宅等）,駐車（輪）場,30歳代,その他,施錠せず
窃盗,自転車盗,姫路,香寺,282014,兵庫県,姫路市,香寺町　中屋,20240807,22,その他,駐車（輪）場,20歳代,大学生,施錠せず
窃盗,自転車盗,姫路,香寺,282014,兵庫県,姫路市,香寺町　中屋,20240816,8,その他,駐車（輪）場,20歳代,その他,施錠せず
窃盗,自転車盗,姫路,香寺,282014,兵庫県,姫路市,香寺町　中屋,20240827,7,その他,駐車（輪）場,40歳代,その他,施錠せず
窃盗,自転車盗,姫路,香寺,282014,兵庫県,姫路市,香寺町　中屋,20240908,6,その他,駐車（輪）場,10歳代,高校生,施錠せず
窃盗,自転車盗,姫路,香寺,282014,兵庫県,姫路市,香寺町　中屋,20241021,9,その他,駐車（輪）場,20歳代,大学生,施錠せず
窃盗,自転車盗,姫路,香寺,282014,兵庫県,姫路市,香寺町　中屋,20241030,22,その他,駐車（輪）場,20歳代,大学生,施錠せず
窃盗,自転車盗,姫路,香寺,282014,兵庫県,姫路市,香寺町　中屋,20240925,21,その他,駐車（輪）場,10歳代,高校生,施錠せず
窃盗,自転車盗,姫路,香寺,282014,兵庫県,姫路市,香寺町　中屋,20241210,7,その他,駐車（輪）場,10歳代,高校生,施錠せず
窃盗,自転車盗,姫路,香寺,282014,兵庫県,姫路市,香寺町　土師,20241106,15,一戸建住宅,その他,10歳代,高校生,施錠せず
窃盗,自転車盗,姫路,香寺,282014,兵庫県,姫路市,香寺町　土師,20240711,0,その他,その他,50歳代,その他,施錠せず
窃盗,自転車盗,姫路,香寺,282014,兵庫県,姫路市,香寺町　溝口,20240111,20,その他,その他,30歳代,その他,施錠せず
窃盗,自転車盗,姫路,香寺,282014,兵庫県,姫路市,香寺町　溝口,20240621,7,その他,駐車（輪）場,40歳代,その他,施錠せず
窃盗,自転車盗,姫路,香寺,282014,兵庫県,姫路市,香寺町　溝口,20240803,19,その他,駐車（輪）場,10歳代,高校生,施錠せず
窃盗,自転車盗,姫路,香寺,282014,兵庫県,姫路市,香寺町　溝口,20241009,13,その他,駐車（輪）場,10歳代,高校生,施錠せず
窃盗,自転車盗,姫路,香寺,282014,兵庫県,姫路市,香寺町　溝口,20241007,7,その他,駐車（輪）場,10歳代,高校生,施錠せず
窃盗,自転車盗,姫路,香寺,282014,兵庫県,姫路市,香寺町　溝口,20241125,7,その他,駐車（輪）場,10歳代,高校生,施錠せず
窃盗,自転車盗,姫路,香寺,282014,兵庫県,姫路市,香寺町　溝口,20241207,20,その他,駐車（輪）場,10歳代,高校生,施錠せず
窃盗,自転車盗,姫路,香寺,282014,兵庫県,姫路市,香寺町　溝口,20241220,7,その他,駐車（輪）場,20歳代,その他,施錠せず
窃盗,自転車盗,姫路,城東,282014,兵庫県,姫路市,市川橋通１丁目,20241119,11,その他,駐車（輪）場,20歳代,大学生,施錠せず
窃盗,自転車盗,姫路,城東,282014,兵庫県,姫路市,神屋町,20240521,15,その他,駐車（輪）場,20歳代,その他,施錠せず
窃盗,自転車盗,姫路,城東,282014,兵庫県,姫路市,神屋町,20240706,0,道路上,その他,20歳代,その他,施錠せず
窃盗,自転車盗,姫路,城東,282014,兵庫県,姫路市,神屋町３丁目,20240518,11,その他,駐車（輪）場,70歳以上,その他,施錠せず
窃盗,自転車盗,姫路,城東,282014,兵庫県,姫路市,神屋町３丁目,20240817,22,その他,駐車（輪）場,20歳代,大学生,施錠せず
窃盗,自転車盗,姫路,城東,282014,兵庫県,姫路市,神屋町３丁目,20240624,19,４階建て以上共同住宅,駐車（輪）場,20歳代,その他,施錠せず
窃盗,自転車盗,姫路,城東,282014,兵庫県,姫路市,神屋町３丁目,20241028,19,その他の住宅（３階建て以下共同住宅等）,駐車（輪）場,20歳代,その他,施錠せず
窃盗,自転車盗,姫路,城東,282014,兵庫県,姫路市,神屋町３丁目,20241108,10,その他,駐車（輪）場,20歳代,大学生,施錠せず
窃盗,自転車盗,姫路,城東,282014,兵庫県,姫路市,京口町,20240326,10,その他,駐車（輪）場,10歳代,高校生,施錠した
窃盗,自転車盗,姫路,城東,282014,兵庫県,姫路市,京口町,20240425,7,その他,駐車（輪）場,10歳代,高校生,施錠した
窃盗,自転車盗,姫路,城東,282014,兵庫県,姫路市,京口町,20240429,14,その他,駐車（輪）場,10歳代,小学生,施錠せず
窃盗,自転車盗,姫路,城東,282014,兵庫県,姫路市,京口町,20240503,13,その他,駐車（輪）場,20歳代,その他,施錠せず
窃盗,自転車盗,姫路,城東,282014,兵庫県,姫路市,京口町,20240530,8,その他,駐車（輪）場,10歳代,その他,施錠せず
窃盗,自転車盗,姫路,城東,282014,兵庫県,姫路市,京口町,20240529,8,その他,駐車（輪）場,20歳代,その他,施錠した
窃盗,自転車盗,姫路,城東,282014,兵庫県,姫路市,京口町,20240606,7,その他,駐車（輪）場,10歳代,高校生,施錠せず
窃盗,自転車盗,姫路,城東,282014,兵庫県,姫路市,京口町,20240826,19,その他,駐車（輪）場,10歳代,高校生,施錠した
窃盗,自転車盗,姫路,城東,282014,兵庫県,姫路市,京口町,20240902,7,その他,駐車（輪）場,10歳代,高校生,施錠せず
窃盗,自転車盗,姫路,城東,282014,兵庫県,姫路市,京口町,20240911,19,その他,駐車（輪）場,20歳代,大学生,施錠せず
窃盗,自転車盗,姫路,城東,282014,兵庫県,姫路市,京口町,20240930,7,その他,駐車（輪）場,10歳代,高校生,施錠した
窃盗,自転車盗,姫路,城東,282014,兵庫県,姫路市,京口町,20241003,18,その他,駐車（輪）場,50歳代,その他,施錠せず
窃盗,自転車盗,姫路,城東,282014,兵庫県,姫路市,京口町,20241017,7,その他,駐車（輪）場,10歳代,高校生,施錠せず
窃盗,自転車盗,姫路,城東,282014,兵庫県,姫路市,京口町,20241023,15,その他,駐車（輪）場,10歳代,高校生,施錠せず
窃盗,自転車盗,姫路,城東,282014,兵庫県,姫路市,京口町,20241121,7,駐車（輪）場,駐車（輪）場,10歳代,高校生,施錠せず
窃盗,自転車盗,姫路,城東,282014,兵庫県,姫路市,京口町,20241126,16,その他,駐車（輪）場,10歳代,高校生,施錠せず
窃盗,自転車盗,姫路,城東,282014,兵庫県,姫路市,京口町,20241203,7,その他,駐車（輪）場,40歳代,その他,施錠せず
窃盗,自転車盗,姫路,城東,282014,兵庫県,姫路市,五軒邸１丁目,20240430,0,一戸建住宅,駐車（輪）場,50歳代,その他,施錠せず
窃盗,自転車盗,姫路,城東,282014,兵庫県,姫路市,五軒邸１丁目,20240706,20,一戸建住宅,駐車（輪）場,70歳以上,その他,施錠せず
窃盗,自転車盗,姫路,城東,282014,兵庫県,姫路市,城東町　清水,20240821,13,４階建て以上共同住宅,駐車（輪）場,20歳代,その他,施錠せず
窃盗,自転車盗,姫路,城東,282014,兵庫県,姫路市,城東町　清水,20241118,18,４階建て以上共同住宅,その他,40歳代,その他,施錠せず
窃盗,自転車盗,姫路,城東,282014,兵庫県,姫路市,城東町　竹之門,20240224,14,駐車（輪）場,駐車（輪）場,30歳代,その他,施錠せず
窃盗,自転車盗,姫路,城東,282014,兵庫県,姫路市,東郷町,20240522,20,その他,駐車（輪）場,50歳代,その他,施錠せず
窃盗,自転車盗,姫路,城東,282014,兵庫県,姫路市,東郷町,20240606,14,その他,駐車（輪）場,50歳代,その他,施錠せず
窃盗,自転車盗,姫路,城東,282014,兵庫県,姫路市,東郷町,20240715,14,その他,駐車（輪）場,10歳代,中学生,施錠せず
窃盗,自転車盗,姫路,城東,282014,兵庫県,姫路市,宮上町１丁目,20241120,15,一戸建住宅,駐車（輪）場,65-69歳,その他,施錠せず
窃盗,自転車盗,姫路,城東,282014,兵庫県,姫路市,宮上町２丁目,20240507,18,その他の住宅（３階建て以下共同住宅等）,駐車（輪）場,20歳代,その他,施錠せず
窃盗,自転車盗,姫路,城東,282014,兵庫県,姫路市,宮上町２丁目,20240628,17,その他の住宅（３階建て以下共同住宅等）,駐車（輪）場,20歳代,その他,施錠せず
窃盗,自転車盗,姫路,城東,282014,兵庫県,姫路市,宮西町１丁目,20241129,12,その他の住宅（３階建て以下共同住宅等）,その他,20歳代,その他,施錠せず
窃盗,自転車盗,姫路,城東,282014,兵庫県,姫路市,宮西町４丁目,20240616,8,その他,駐車（輪）場,30歳代,その他,施錠した
窃盗,自転車盗,姫路,城東,282014,兵庫県,姫路市,宮西町４丁目,20240713,20,その他,駐車（輪）場,40歳代,その他,施錠した
窃盗,自転車盗,姫路,城東,282014,兵庫県,姫路市,宮西町４丁目,20240617,20,その他,駐車（輪）場,40歳代,その他,施錠した
窃盗,自転車盗,姫路,御蔭,282014,兵庫県,姫路市,豊富町　御蔭,20241013,12,一戸建住宅,駐車（輪）場,40歳代,その他,施錠せず
窃盗,自転車盗,姫路,山田,282014,兵庫県,姫路市,山田町　南山田,20241112,8,一戸建住宅,駐車（輪）場,60-64歳,その他,施錠せず
窃盗,自転車盗,姫路,山田,282014,兵庫県,姫路市,山田町　南山田,20241114,14,一戸建住宅,駐車（輪）場,20歳代,その他,施錠せず
窃盗,自転車盗,姫路,西脇,282014,兵庫県,姫路市,相野,20240902,6,その他,駐車（輪）場,20歳代,その他,施錠せず
窃盗,自転車盗,姫路,西脇,282014,兵庫県,姫路市,相野,20240510,0,その他,駐車（輪）場,20歳代,大学生,施錠せず
窃盗,自転車盗,姫路,置本,282014,兵庫県,姫路市,夢前町　置本,20241026,20,４階建て以上共同住宅,駐車（輪）場,10歳代,高校生,施錠せず
窃盗,自転車盗,姫路,菅生,282014,兵庫県,姫路市,夢前町　菅生澗,20240126,16,一戸建住宅,駐車（輪）場,70歳以上,その他,施錠せず
窃盗,自転車盗,姫路,安志,282014,兵庫県,姫路市,安富町　安志,20241007,14,その他,その他,10歳代,高校生,施錠せず
窃盗,自転車盗,姫路,安志,282014,兵庫県,姫路市,安富町　安志,20240501,0,駐車（輪）場,駐車（輪）場,10歳代,高校生,施錠せず
窃盗,自転車盗,飾磨,大塩,282014,兵庫県,姫路市,大塩町,20231220,8,駐車（輪）場,駐車（輪）場,20歳代,その他,施錠せず
窃盗,自転車盗,飾磨,大塩,282014,兵庫県,姫路市,大塩町,20240128,6,その他,駐車（輪）場,20歳代,その他,施錠した
窃盗,自転車盗,飾磨,大塩,282014,兵庫県,姫路市,大塩町,20240323,17,その他,駐車（輪）場,10歳代,高校生,施錠せず
窃盗,自転車盗,飾磨,大塩,282014,兵庫県,姫路市,大塩町,20240322,7,その他,駐車（輪）場,20歳代,その他,施錠せず
窃盗,自転車盗,飾磨,大塩,282014,兵庫県,姫路市,大塩町,20240708,8,その他,駐車（輪）場,10歳代,中学生,施錠せず
窃盗,自転車盗,飾磨,大塩,282014,兵庫県,姫路市,大塩町,20240716,9,その他,駐車（輪）場,10歳代,高校生,施錠せず
窃盗,自転車盗,飾磨,大塩,282014,兵庫県,姫路市,大塩町,20240913,7,その他,駐車（輪）場,20歳代,その他,施錠せず
窃盗,自転車盗,飾磨,大塩,282014,兵庫県,姫路市,大塩町,20240921,10,その他,駐車（輪）場,10歳代,高校生,施錠せず
窃盗,自転車盗,飾磨,大塩,282014,兵庫県,姫路市,大塩町,20240308,6,その他,駐車（輪）場,10歳代,高校生,施錠せず
窃盗,自転車盗,飾磨,大塩,282014,兵庫県,姫路市,大塩町,20241014,17,一戸建住宅,駐車（輪）場,20歳代,その他,施錠せず
窃盗,自転車盗,飾磨,大塩,282014,兵庫県,姫路市,大塩町,20241015,10,道路上,その他,20歳代,その他,施錠せず
窃盗,自転車盗,飾磨,大塩,282014,兵庫県,姫路市,大塩町,20241127,8,その他,駐車（輪）場,10歳代,高校生,施錠せず
窃盗,自転車盗,飾磨,大塩,282014,兵庫県,姫路市,大塩町,20241207,7,その他,駐車（輪）場,30歳代,その他,施錠せず
窃盗,自転車盗,飾磨,大塩,282014,兵庫県,姫路市,大塩町　汐咲１丁目,20240927,7,その他,駐車（輪）場,10歳代,高校生,施錠せず
窃盗,自転車盗,飾磨,大塩,282014,兵庫県,姫路市,大塩町　宮前,20240725,6,その他,駐車（輪）場,10歳代,高校生,施錠せず
窃盗,自転車盗,飾磨,大塩,282014,兵庫県,姫路市,大塩町　宮前,20241122,7,その他,駐車（輪）場,10歳代,高校生,施錠せず
窃盗,自転車盗,飾磨,東山,282014,兵庫県,姫路市,兼田,20240216,9,その他,駐車（輪）場,20歳代,その他,施錠した
窃盗,自転車盗,飾磨,東山,282014,兵庫県,姫路市,北原,20240202,7,その他の住宅（３階建て以下共同住宅等）,駐車（輪）場,10歳代,中学生,施錠せず
窃盗,自転車盗,飾磨,東山,282014,兵庫県,姫路市,北原,20240601,0,その他,その他,70歳以上,その他,施錠せず
窃盗,自転車盗,飾磨,東山,282014,兵庫県,姫路市,北原,20241109,22,その他の住宅（３階建て以下共同住宅等）,駐車（輪）場,10歳代,中学生,施錠せず
窃盗,自転車盗,飾磨,東山,282014,兵庫県,姫路市,東山,20240205,15,その他,駐車（輪）場,70歳以上,その他,施錠せず
窃盗,自転車盗,飾磨,東山,282014,兵庫県,姫路市,東山,20240820,21,その他,駐車（輪）場,20歳代,大学生,施錠した
窃盗,自転車盗,飾磨,東山,282014,兵庫県,姫路市,東山,20240824,10,その他,駐車（輪）場,10歳代,高校生,施錠せず
窃盗,自転車盗,飾磨,東山,282014,兵庫県,姫路市,東山,20240923,20,その他の住宅（３階建て以下共同住宅等）,駐車（輪）場,30歳代,その他,施錠した
窃盗,自転車盗,飾磨,白浜,282014,兵庫県,姫路市,白浜町,20231224,14,その他,駐車（輪）場,10歳代,中学生,施錠した
窃盗,自転車盗,飾磨,白浜,282014,兵庫県,姫路市,白浜町,20240107,12,その他,駐車（輪）場,20歳代,その他,施錠した
窃盗,自転車盗,飾磨,白浜,282014,兵庫県,姫路市,白浜町,20240118,7,その他,駐車（輪）場,10歳代,その他,施錠した
窃盗,自転車盗,飾磨,白浜,282014,兵庫県,姫路市,白浜町,20240220,6,駐車（輪）場,駐車（輪）場,20歳代,大学生,施錠した
窃盗,自転車盗,飾磨,白浜,282014,兵庫県,姫路市,白浜町,20240227,12,その他,駐車（輪）場,20歳代,その他,施錠せず
窃盗,自転車盗,飾磨,白浜,282014,兵庫県,姫路市,白浜町,20240308,13,その他,駐車（輪）場,10歳代,高校生,施錠せず
窃盗,自転車盗,飾磨,白浜,282014,兵庫県,姫路市,白浜町,20240314,10,その他,駐車（輪）場,10歳代,中学生,施錠せず
窃盗,自転車盗,飾磨,白浜,282014,兵庫県,姫路市,白浜町,20240320,9,その他,駐車（輪）場,10歳代,高校生,施錠した
窃盗,自転車盗,飾磨,白浜,282014,兵庫県,姫路市,白浜町,20240314,23,４階建て以上共同住宅,駐車（輪）場,10歳代,その他,施錠せず
窃盗,自転車盗,飾磨,白浜,282014,兵庫県,姫路市,白浜町,20240520,6,その他,駐車（輪）場,40歳代,その他,施錠せず
窃盗,自転車盗,飾磨,白浜,282014,兵庫県,姫路市,白浜町,20240529,8,その他,駐車（輪）場,10歳代,その他,施錠せず
窃盗,自転車盗,飾磨,白浜,282014,兵庫県,姫路市,白浜町,20240605,7,その他,駐車（輪）場,10歳代,中学生,施錠した
窃盗,自転車盗,飾磨,白浜,282014,兵庫県,姫路市,白浜町,20240605,8,道路上,その他,10歳代,その他,施錠した
窃盗,自転車盗,飾磨,白浜,282014,兵庫県,姫路市,白浜町,20240608,5,その他,駐車（輪）場,10歳代,高校生,施錠せず
窃盗,自転車盗,飾磨,白浜,282014,兵庫県,姫路市,白浜町,20240617,7,その他,駐車（輪）場,10歳代,高校生,施錠せず
窃盗,自転車盗,飾磨,白浜,282014,兵庫県,姫路市,白浜町,20240618,12,その他の住宅（３階建て以下共同住宅等）,駐車（輪）場,20歳代,大学生,施錠せず
窃盗,自転車盗,飾磨,白浜,282014,兵庫県,姫路市,白浜町,20240619,6,その他,駐車（輪）場,10歳代,高校生,施錠した
窃盗,自転車盗,飾磨,白浜,282014,兵庫県,姫路市,白浜町,20240622,7,その他,駐車（輪）場,10歳代,高校生,施錠せず
窃盗,自転車盗,飾磨,白浜,282014,兵庫県,姫路市,白浜町,20240707,0,４階建て以上共同住宅,駐車（輪）場,20歳代,その他,施錠せず
窃盗,自転車盗,飾磨,白浜,282014,兵庫県,姫路市,白浜町,20240616,14,駐車（輪）場,駐車（輪）場,20歳代,その他,施錠した
窃盗,自転車盗,飾磨,白浜,282014,兵庫県,姫路市,白浜町,20240708,12,その他,駐車（輪）場,20歳代,大学生,施錠した
窃盗,自転車盗,飾磨,白浜,282014,兵庫県,姫路市,白浜町,20240710,13,その他,駐車（輪）場,10歳代,中学生,施錠せず
窃盗,自転車盗,飾磨,白浜,282014,兵庫県,姫路市,白浜町,20240206,7,駐車（輪）場,駐車（輪）場,10歳代,高校生,施錠せず
窃盗,自転車盗,飾磨,白浜,282014,兵庫県,姫路市,白浜町,20240713,16,一戸建住宅,その他,10歳代,中学生,施錠せず
窃盗,自転車盗,飾磨,白浜,282014,兵庫県,姫路市,白浜町,20240718,7,その他,駐車（輪）場,10歳代,高校生,施錠せず
窃盗,自転車盗,飾磨,白浜,282014,兵庫県,姫路市,白浜町,20240719,7,その他,駐車（輪）場,20歳代,大学生,施錠せず
窃盗,自転車盗,飾磨,白浜,282014,兵庫県,姫路市,白浜町,20240723,23,４階建て以上共同住宅,駐車（輪）場,20歳代,大学生,施錠せず
窃盗,自転車盗,飾磨,白浜,282014,兵庫県,姫路市,白浜町,20240724,18,その他,駐車（輪）場,20歳代,その他,施錠せず
窃盗,自転車盗,飾磨,白浜,282014,兵庫県,姫路市,白浜町,20240719,17,その他,駐車（輪）場,20歳代,その他,施錠せず
窃盗,自転車盗,飾磨,白浜,282014,兵庫県,姫路市,白浜町,20240728,14,その他,駐車（輪）場,10歳代,高校生,施錠せず
窃盗,自転車盗,飾磨,白浜,282014,兵庫県,姫路市,白浜町,20240801,6,その他,駐車（輪）場,10歳代,高校生,施錠せず
窃盗,自転車盗,飾磨,白浜,282014,兵庫県,姫路市,白浜町,20240808,16,その他,駐車（輪）場,10歳代,高校生,施錠せず
窃盗,自転車盗,飾磨,白浜,282014,兵庫県,姫路市,白浜町,20240813,7,駐車（輪）場,駐車（輪）場,10歳代,高校生,施錠せず
窃盗,自転車盗,飾磨,白浜,282014,兵庫県,姫路市,白浜町,20240816,12,４階建て以上共同住宅,駐車（輪）場,20歳代,その他,施錠せず
窃盗,自転車盗,飾磨,白浜,282014,兵庫県,姫路市,白浜町,20240828,17,その他,駐車（輪）場,10歳代,高校生,施錠せず
窃盗,自転車盗,飾磨,白浜,282014,兵庫県,姫路市,白浜町,20240904,17,その他,駐車（輪）場,20歳代,その他,施錠した
窃盗,自転車盗,飾磨,白浜,282014,兵庫県,姫路市,白浜町,20240903,19,その他,駐車（輪）場,20歳代,その他,施錠せず
窃盗,自転車盗,飾磨,白浜,282014,兵庫県,姫路市,白浜町,20240905,19,その他,駐車（輪）場,10歳代,その他,施錠せず
窃盗,自転車盗,飾磨,白浜,282014,兵庫県,姫路市,白浜町,20240902,8,その他,駐車（輪）場,10歳代,高校生,施錠せず
窃盗,自転車盗,飾磨,白浜,282014,兵庫県,姫路市,白浜町,20240924,17,その他,駐車（輪）場,20歳代,その他,施錠した
窃盗,自転車盗,飾磨,白浜,282014,兵庫県,姫路市,白浜町,20240908,13,その他,駐車（輪）場,10歳代,中学生,施錠した
窃盗,自転車盗,飾磨,白浜,282014,兵庫県,姫路市,白浜町,20240923,18,その他,駐車（輪）場,20歳代,その他,施錠した
窃盗,自転車盗,飾磨,白浜,282014,兵庫県,姫路市,白浜町,20240930,7,一戸建住宅,その他,20歳代,その他,施錠せず
窃盗,自転車盗,飾磨,白浜,282014,兵庫県,姫路市,白浜町,20240925,17,その他,駐車（輪）場,20歳代,その他,施錠した
窃盗,自転車盗,飾磨,白浜,282014,兵庫県,姫路市,白浜町,20241009,7,その他,駐車（輪）場,10歳代,中学生,施錠せず
窃盗,自転車盗,飾磨,白浜,282014,兵庫県,姫路市,白浜町,20241004,6,その他,駐車（輪）場,10歳代,高校生,施錠した
窃盗,自転車盗,飾磨,白浜,282014,兵庫県,姫路市,白浜町,20241005,17,その他,駐車（輪）場,20歳代,その他,施錠した
窃盗,自転車盗,飾磨,白浜,282014,兵庫県,姫路市,白浜町,20241014,19,その他,駐車（輪）場,10歳代,高校生,施錠せず
窃盗,自転車盗,飾磨,白浜,282014,兵庫県,姫路市,白浜町,20241014,15,その他,駐車（輪）場,30歳代,その他,施錠せず
窃盗,自転車盗,飾磨,白浜,282014,兵庫県,姫路市,白浜町,20241018,7,その他,駐車（輪）場,10歳代,高校生,施錠せず
窃盗,自転車盗,飾磨,白浜,282014,兵庫県,姫路市,白浜町,20241018,18,その他,駐車（輪）場,20歳代,その他,施錠せず
窃盗,自転車盗,飾磨,白浜,282014,兵庫県,姫路市,白浜町,20241022,7,その他,駐車（輪）場,10歳代,大学生,施錠せず
窃盗,自転車盗,飾磨,白浜,282014,兵庫県,姫路市,白浜町,20241022,17,その他の住宅（３階建て以下共同住宅等）,駐車（輪）場,20歳代,その他,施錠せず
窃盗,自転車盗,飾磨,白浜,282014,兵庫県,姫路市,白浜町,20241024,7,その他,駐車（輪）場,10歳代,高校生,施錠した
窃盗,自転車盗,飾磨,白浜,282014,兵庫県,姫路市,白浜町,20241024,17,駐車（輪）場,駐車（輪）場,20歳代,その他,施錠せず
窃盗,自転車盗,飾磨,白浜,282014,兵庫県,姫路市,白浜町,20241029,7,その他,駐車（輪）場,10歳代,高校生,施錠せず
窃盗,自転車盗,飾磨,白浜,282014,兵庫県,姫路市,白浜町,20241103,7,その他,駐車（輪）場,10歳代,中学生,施錠せず
窃盗,自転車盗,飾磨,白浜,282014,兵庫県,姫路市,白浜町,20241109,7,その他,駐車（輪）場,20歳代,大学生,施錠せず
窃盗,自転車盗,飾磨,白浜,282014,兵庫県,姫路市,白浜町,20241111,10,その他,駐車（輪）場,10歳代,中学生,施錠した
窃盗,自転車盗,飾磨,白浜,282014,兵庫県,姫路市,白浜町,20241116,20,その他,駐車（輪）場,10歳代,高校生,施錠せず
窃盗,自転車盗,飾磨,白浜,282014,兵庫県,姫路市,白浜町,20241109,13,その他,駐車（輪）場,10歳代,小学生,施錠した
窃盗,自転車盗,飾磨,白浜,282014,兵庫県,姫路市,白浜町,20240913,18,駐車（輪）場,駐車（輪）場,30歳代,その他,施錠した
窃盗,自転車盗,飾磨,白浜,282014,兵庫県,姫路市,白浜町,20241206,7,その他,駐車（輪）場,10歳代,高校生,施錠せず
窃盗,自転車盗,飾磨,白浜,282014,兵庫県,姫路市,白浜町,20241226,16,その他,駐車（輪）場,10歳代,中学生,施錠せず
窃盗,自転車盗,飾磨,白浜,282014,兵庫県,姫路市,白浜町　神田１丁目,20240117,16,その他,その他,20歳代,大学生,施錠せず
窃盗,自転車盗,飾磨,白浜,282014,兵庫県,姫路市,白浜町　宇佐崎中１丁目,20240916,20,一戸建住宅,その他,10歳代,高校生,施錠せず
窃盗,自転車盗,飾磨,白浜,282014,兵庫県,姫路市,白浜町　宇佐崎中２丁目,20240130,13,その他,駐車（輪）場,65-69歳,その他,施錠せず
窃盗,自転車盗,飾磨,白浜,282014,兵庫県,姫路市,白浜町　宇佐崎南２丁目,20240314,8,その他,その他,30歳代,その他,施錠せず
窃盗,自転車盗,飾磨,白浜,282014,兵庫県,姫路市,白浜町　宇佐崎北１丁目,20231230,14,その他,駐車（輪）場,10歳代,大学生,施錠せず
窃盗,自転車盗,飾磨,白浜,282014,兵庫県,姫路市,白浜町　宇佐崎北１丁目,20240107,10,その他,駐車（輪）場,10歳代,高校生,施錠した
窃盗,自転車盗,飾磨,白浜,282014,兵庫県,姫路市,白浜町　宇佐崎北１丁目,20240921,8,その他,駐車（輪）場,10歳代,高校生,施錠せず
窃盗,自転車盗,飾磨,白浜,282014,兵庫県,姫路市,白浜町　宇佐崎北２丁目,20240301,13,その他の住宅（３階建て以下共同住宅等）,駐車（輪）場,20歳代,その他,施錠せず
窃盗,自転車盗,飾磨,白浜,282014,兵庫県,姫路市,白浜町　宇佐崎北２丁目,20240411,17,その他,その他,10歳代,中学生,施錠せず
窃盗,自転車盗,飾磨,白浜,282014,兵庫県,姫路市,白浜町　宇佐崎北２丁目,20240707,0,４階建て以上共同住宅,駐車（輪）場,20歳代,その他,施錠せず
窃盗,自転車盗,飾磨,白浜,282014,兵庫県,姫路市,白浜町　宇佐崎北２丁目,20240701,12,４階建て以上共同住宅,駐車（輪）場,20歳代,その他,施錠した
窃盗,自転車盗,飾磨,白浜,282014,兵庫県,姫路市,白浜町　甲,20240923,16,その他,駐車（輪）場,20歳代,その他,施錠した
窃盗,自転車盗,飾磨,妻鹿,282014,兵庫県,姫路市,飾磨区　妻鹿,20240515,19,その他,駐車（輪）場,20歳代,その他,施錠せず
窃盗,自転車盗,飾磨,妻鹿,282014,兵庫県,姫路市,飾磨区　妻鹿,20240118,18,その他,駐車（輪）場,10歳代,大学生,施錠せず
窃盗,自転車盗,飾磨,妻鹿,282014,兵庫県,姫路市,飾磨区　妻鹿,20240123,18,その他,駐車（輪）場,20歳代,その他,施錠した
窃盗,自転車盗,飾磨,妻鹿,282014,兵庫県,姫路市,飾磨区　妻鹿,20240615,17,その他,駐車（輪）場,10歳代,その他,施錠せず
窃盗,自転車盗,飾磨,妻鹿,282014,兵庫県,姫路市,飾磨区　妻鹿,20240622,14,その他,駐車（輪）場,10歳代,中学生,施錠せず
窃盗,自転車盗,飾磨,妻鹿,282014,兵庫県,姫路市,飾磨区　妻鹿,20240703,11,その他,駐車（輪）場,10歳代,高校生,施錠せず
窃盗,自転車盗,飾磨,妻鹿,282014,兵庫県,姫路市,飾磨区　妻鹿,20240714,6,その他,駐車（輪）場,10歳代,高校生,施錠せず
窃盗,自転車盗,飾磨,妻鹿,282014,兵庫県,姫路市,飾磨区　妻鹿,20240814,13,その他,駐車（輪）場,20歳代,大学生,施錠せず
窃盗,自転車盗,飾磨,妻鹿,282014,兵庫県,姫路市,飾磨区　妻鹿,20240813,17,その他,駐車（輪）場,10歳代,小学生,施錠せず
窃盗,自転車盗,飾磨,妻鹿,282014,兵庫県,姫路市,飾磨区　妻鹿,20240810,6,その他,駐車（輪）場,20歳代,その他,施錠した
窃盗,自転車盗,飾磨,妻鹿,282014,兵庫県,姫路市,飾磨区　妻鹿,20240824,11,その他,駐車（輪）場,10歳代,その他,施錠せず
窃盗,自転車盗,飾磨,妻鹿,282014,兵庫県,姫路市,飾磨区　妻鹿,20240922,14,その他,駐車（輪）場,20歳代,その他,施錠した
窃盗,自転車盗,飾磨,妻鹿,282014,兵庫県,姫路市,飾磨区　妻鹿,20240929,12,その他,駐車（輪）場,10歳代,高校生,施錠せず
窃盗,自転車盗,飾磨,妻鹿,282014,兵庫県,姫路市,飾磨区　妻鹿,20241015,19,道路上,その他,10歳代,高校生,施錠した
窃盗,自転車盗,飾磨,妻鹿,282014,兵庫県,姫路市,飾磨区　妻鹿,20241014,19,その他,駐車（輪）場,10歳代,高校生,施錠せず
窃盗,自転車盗,飾磨,妻鹿,282014,兵庫県,姫路市,飾磨区　妻鹿,20241017,7,その他,駐車（輪）場,10歳代,高校生,施錠せず
窃盗,自転車盗,飾磨,妻鹿,282014,兵庫県,姫路市,飾磨区　妻鹿,20241101,7,その他,駐車（輪）場,10歳代,高校生,施錠せず
窃盗,自転車盗,飾磨,妻鹿,282014,兵庫県,姫路市,飾磨区　妻鹿,20241212,7,その他,駐車（輪）場,10歳代,高校生,施錠せず
窃盗,自転車盗,飾磨,妻鹿,282014,兵庫県,姫路市,飾磨区　妻鹿東海町,20241025,7,その他,駐車（輪）場,30歳代,その他,施錠せず
窃盗,自転車盗,飾磨,飾磨東,282014,兵庫県,姫路市,飾磨区　中野田２丁目,20241224,18,一戸建住宅,駐車（輪）場,10歳代,高校生,施錠せず
窃盗,自転車盗,飾磨,飾磨東,282014,兵庫県,姫路市,飾磨区　阿成,20240801,9,その他の住宅（３階建て以下共同住宅等）,駐車（輪）場,30歳代,その他,施錠せず
窃盗,自転車盗,飾磨,飾磨東,282014,兵庫県,姫路市,飾磨区　上野田４丁目,20240531,18,４階建て以上共同住宅,駐車（輪）場,20歳代,その他,施錠せず
窃盗,自転車盗,飾磨,飾磨東,282014,兵庫県,姫路市,飾磨区　上野田６丁目,20240607,18,その他の住宅（３階建て以下共同住宅等）,駐車（輪）場,10歳代,その他,施錠せず
窃盗,自転車盗,飾磨,飾磨東,282014,兵庫県,姫路市,飾磨区　上野田６丁目,20240612,10,その他の住宅（３階建て以下共同住宅等）,駐車（輪）場,10歳代,高校生,施錠せず
窃盗,自転車盗,飾磨,飾磨東,282014,兵庫県,姫路市,飾磨区　下野田１丁目,20240630,18,その他の住宅（３階建て以下共同住宅等）,駐車（輪）場,10歳代,中学生,施錠せず
窃盗,自転車盗,飾磨,飾磨東,282014,兵庫県,姫路市,飾磨区　下野田４丁目,20240312,8,一戸建住宅,その他,10歳代,その他,施錠せず
窃盗,自転車盗,飾磨,飾磨東,282014,兵庫県,姫路市,飾磨区　下野田４丁目,20240805,0,その他の住宅（３階建て以下共同住宅等）,駐車（輪）場,20歳代,その他,施錠せず
窃盗,自転車盗,飾磨,飾磨東,282014,兵庫県,姫路市,飾磨区　中島,20240624,16,その他,駐車（輪）場,10歳代,高校生,施錠せず
窃盗,自転車盗,飾磨,飾磨東,282014,兵庫県,姫路市,飾磨区　中島,20240915,21,その他,駐車（輪）場,20歳代,その他,施錠せず
窃盗,自転車盗,飾磨,飾磨東,282014,兵庫県,姫路市,飾磨区　中島１丁目,20240120,16,その他,駐車（輪）場,10歳代,高校生,施錠せず
窃盗,自転車盗,飾磨,飾磨東,282014,兵庫県,姫路市,飾磨区　中島１丁目,20240129,17,その他,駐車（輪）場,10歳代,中学生,施錠せず
窃盗,自転車盗,飾磨,飾磨東,282014,兵庫県,姫路市,飾磨区　中島１丁目,20240705,14,その他,駐車（輪）場,10歳代,高校生,施錠した
窃盗,自転車盗,飾磨,飾磨東,282014,兵庫県,姫路市,飾磨区　中島１丁目,20241222,12,その他,駐車（輪）場,10歳代,中学生,施錠せず
窃盗,自転車盗,飾磨,飾磨東,282014,兵庫県,姫路市,飾磨区　中島２丁目,20241018,12,その他の住宅（３階建て以下共同住宅等）,駐車（輪）場,70歳以上,その他,施錠せず
窃盗,自転車盗,飾磨,飾磨東,282014,兵庫県,姫路市,飾磨区　野田町,20231204,20,その他の住宅（３階建て以下共同住宅等）,駐車（輪）場,30歳代,その他,施錠せず
窃盗,自転車盗,飾磨,飾磨東,282014,兵庫県,姫路市,飾磨区　中野田２丁目,20241107,20,その他,駐車（輪）場,30歳代,その他,施錠せず
窃盗,自転車盗,飾磨,飾磨東,282014,兵庫県,姫路市,飾磨区　阿成鹿古,20241114,8,その他の住宅（３階建て以下共同住宅等）,駐車（輪）場,10歳代,中学生,施錠した
窃盗,自転車盗,飾磨,飾磨東,282014,兵庫県,姫路市,飾磨区　阿成植木,20241107,16,その他の住宅（３階建て以下共同住宅等）,その他,10歳代,高校生,施錠せず
窃盗,自転車盗,飾磨,清水,282014,兵庫県,姫路市,飾磨区　玉地１丁目,20241027,0,その他の住宅（３階建て以下共同住宅等）,駐車（輪）場,50歳代,その他,施錠せず
窃盗,自転車盗,飾磨,清水,282014,兵庫県,姫路市,飾磨区　清水,20240130,8,その他,駐車（輪）場,10歳代,高校生,施錠せず
窃盗,自転車盗,飾磨,清水,282014,兵庫県,姫路市,飾磨区　清水,20240516,6,その他,駐車（輪）場,20歳代,大学生,施錠せず
窃盗,自転車盗,飾磨,清水,282014,兵庫県,姫路市,飾磨区　清水,20240511,14,その他の住宅（３階建て以下共同住宅等）,その他,20歳代,その他,施錠せず
窃盗,自転車盗,飾磨,清水,282014,兵庫県,姫路市,飾磨区　清水,20240602,18,その他,駐車（輪）場,10歳代,中学生,施錠した
窃盗,自転車盗,飾磨,清水,282014,兵庫県,姫路市,飾磨区　清水,20240711,20,４階建て以上共同住宅,駐車（輪）場,10歳代,中学生,施錠せず
窃盗,自転車盗,飾磨,清水,282014,兵庫県,姫路市,飾磨区　清水,20240728,23,４階建て以上共同住宅,駐車（輪）場,20歳代,その他,施錠せず
窃盗,自転車盗,飾磨,清水,282014,兵庫県,姫路市,飾磨区　清水,20240803,16,その他,駐車（輪）場,10歳代,小学生,施錠せず
窃盗,自転車盗,飾磨,清水,282014,兵庫県,姫路市,飾磨区　清水,20240805,10,４階建て以上共同住宅,駐車（輪）場,65-69歳,その他,施錠した
窃盗,自転車盗,飾磨,清水,282014,兵庫県,姫路市,飾磨区　清水,20240813,5,その他,駐車（輪）場,10歳代,高校生,施錠せず
窃盗,自転車盗,飾磨,清水,282014,兵庫県,姫路市,飾磨区　清水,20240824,5,その他,駐車（輪）場,10歳代,高校生,施錠せず
窃盗,自転車盗,飾磨,清水,282014,兵庫県,姫路市,飾磨区　清水,20240918,10,その他,駐車（輪）場,20歳代,その他,施錠せず
窃盗,自転車盗,飾磨,清水,282014,兵庫県,姫路市,飾磨区　清水,20240922,7,その他,駐車（輪）場,10歳代,高校生,施錠せず
窃盗,自転車盗,飾磨,清水,282014,兵庫県,姫路市,飾磨区　清水,20241019,17,その他,駐車（輪）場,10歳代,その他,施錠せず
窃盗,自転車盗,飾磨,清水,282014,兵庫県,姫路市,飾磨区　清水,20241022,6,その他,駐車（輪）場,10歳代,中学生,施錠せず
窃盗,自転車盗,飾磨,清水,282014,兵庫県,姫路市,飾磨区　清水,20241201,16,その他,駐車（輪）場,20歳代,その他,施錠せず
窃盗,自転車盗,飾磨,清水,282014,兵庫県,姫路市,飾磨区　清水１丁目,20240510,19,その他,駐車（輪）場,10歳代,高校生,施錠せず
窃盗,自転車盗,飾磨,清水,282014,兵庫県,姫路市,飾磨区　清水１丁目,20240912,18,その他,駐車（輪）場,10歳代,中学生,施錠せず
窃盗,自転車盗,飾磨,清水,282014,兵庫県,姫路市,飾磨区　玉地,20240314,5,その他,駐車（輪）場,10歳代,中学生,施錠せず
窃盗,自転車盗,飾磨,清水,282014,兵庫県,姫路市,飾磨区　玉地,20240726,16,その他,駐車（輪）場,20歳代,その他,施錠せず
窃盗,自転車盗,飾磨,清水,282014,兵庫県,姫路市,飾磨区　玉地,20240824,17,その他の住宅（３階建て以下共同住宅等）,駐車（輪）場,50歳代,その他,施錠した
窃盗,自転車盗,飾磨,清水,282014,兵庫県,姫路市,飾磨区　玉地,20240921,18,４階建て以上共同住宅,駐車（輪）場,10歳代,中学生,施錠せず
窃盗,自転車盗,飾磨,清水,282014,兵庫県,姫路市,飾磨区　玉地,20241022,18,その他,駐車（輪）場,10歳代,大学生,施錠せず
窃盗,自転車盗,飾磨,清水,282014,兵庫県,姫路市,飾磨区　玉地,20241101,19,その他,駐車（輪）場,20歳代,その他,施錠せず
窃盗,自転車盗,飾磨,清水,282014,兵庫県,姫路市,飾磨区　玉地１丁目,20240204,11,その他,駐車（輪）場,40歳代,その他,施錠せず
窃盗,自転車盗,飾磨,清水,282014,兵庫県,姫路市,飾磨区　玉地１丁目,20240314,5,その他,その他,10歳代,中学生,施錠せず
窃盗,自転車盗,飾磨,清水,282014,兵庫県,姫路市,飾磨区　玉地１丁目,20240507,6,その他,駐車（輪）場,10歳代,大学生,施錠せず
窃盗,自転車盗,飾磨,清水,282014,兵庫県,姫路市,飾磨区　玉地１丁目,20240415,15,その他,駐車（輪）場,10歳代,その他,施錠した
窃盗,自転車盗,飾磨,清水,282014,兵庫県,姫路市,飾磨区　玉地１丁目,20240617,11,その他,駐車（輪）場,10歳代,大学生,施錠せず
窃盗,自転車盗,飾磨,清水,282014,兵庫県,姫路市,飾磨区　玉地１丁目,20240811,19,その他,駐車（輪）場,20歳代,大学生,施錠せず
窃盗,自転車盗,飾磨,清水,282014,兵庫県,姫路市,飾磨区　玉地１丁目,20241004,21,その他,駐車（輪）場,20歳代,その他,施錠せず
窃盗,自転車盗,飾磨,清水,282014,兵庫県,姫路市,飾磨区　玉地１丁目,20241026,7,その他,駐車（輪）場,20歳代,その他,施錠せず
窃盗,自転車盗,飾磨,清水,282014,兵庫県,姫路市,飾磨区　玉地１丁目,20241110,17,その他,駐車（輪）場,10歳代,高校生,施錠せず
窃盗,自転車盗,飾磨,清水,282014,兵庫県,姫路市,飾磨区　都倉３丁目,20240131,19,駐車（輪）場,駐車（輪）場,10歳代,中学生,施錠せず
窃盗,自転車盗,飾磨,清水,282014,兵庫県,姫路市,飾磨区　三宅１丁目,20240508,17,その他の住宅（３階建て以下共同住宅等）,その他,40歳代,その他,施錠した
窃盗,自転車盗,飾磨,清水,282014,兵庫県,姫路市,飾磨区　三宅１丁目,20240618,18,４階建て以上共同住宅,駐車（輪）場,20歳代,その他,施錠した
窃盗,自転車盗,飾磨,清水,282014,兵庫県,姫路市,飾磨区　三宅２丁目,20240926,16,その他,駐車（輪）場,10歳代,中学生,施錠せず
窃盗,自転車盗,飾磨,宮,282014,兵庫県,姫路市,飾磨区　恵美酒,20240304,19,駐車（輪）場,駐車（輪）場,20歳代,その他,施錠せず
窃盗,自転車盗,飾磨,宮,282014,兵庫県,姫路市,飾磨区　恵美酒,20240329,17,４階建て以上共同住宅,駐車（輪）場,10歳代,中学生,施錠せず
窃盗,自転車盗,飾磨,宮,282014,兵庫県,姫路市,飾磨区　恵美酒,20240507,18,その他,駐車（輪）場,10歳代,その他,施錠せず
窃盗,自転車盗,飾磨,宮,282014,兵庫県,姫路市,飾磨区　恵美酒,20240921,16,道路上,その他,10歳代,中学生,施錠せず
窃盗,自転車盗,飾磨,宮,282014,兵庫県,姫路市,飾磨区　恵美酒,20241008,18,その他,駐車（輪）場,10歳代,その他,施錠せず
窃盗,自転車盗,飾磨,宮,282014,兵庫県,姫路市,飾磨区　恵美酒,20241201,21,その他,駐車（輪）場,20歳代,その他,施錠せず
窃盗,自転車盗,飾磨,宮,282014,兵庫県,姫路市,飾磨区　細江,20240104,11,その他,駐車（輪）場,10歳代,中学生,施錠せず
窃盗,自転車盗,飾磨,宮,282014,兵庫県,姫路市,飾磨区　細江,20240215,9,その他,駐車（輪）場,40歳代,その他,施錠せず
窃盗,自転車盗,飾磨,宮,282014,兵庫県,姫路市,飾磨区　細江,20240223,15,その他,駐車（輪）場,10歳代,高校生,施錠せず
窃盗,自転車盗,飾磨,宮,282014,兵庫県,姫路市,飾磨区　細江,20240416,17,その他,駐車（輪）場,10歳代,高校生,施錠した
窃盗,自転車盗,飾磨,宮,282014,兵庫県,姫路市,飾磨区　細江,20240504,9,その他,駐車（輪）場,40歳代,その他,施錠せず
窃盗,自転車盗,飾磨,宮,282014,兵庫県,姫路市,飾磨区　細江,20240516,16,その他,その他,65-69歳,その他,施錠せず
窃盗,自転車盗,飾磨,宮,282014,兵庫県,姫路市,飾磨区　細江,20240624,13,その他,駐車（輪）場,10歳代,高校生,施錠せず
窃盗,自転車盗,飾磨,宮,282014,兵庫県,姫路市,飾磨区　細江,20240718,21,その他,駐車（輪）場,10歳代,中学生,施錠せず
窃盗,自転車盗,飾磨,宮,282014,兵庫県,姫路市,飾磨区　細江,20240818,12,その他,駐車（輪）場,20歳代,大学生,施錠せず
窃盗,自転車盗,飾磨,宮,282014,兵庫県,姫路市,飾磨区　細江,20240921,11,その他,駐車（輪）場,40歳代,その他,施錠せず
窃盗,自転車盗,飾磨,宮,282014,兵庫県,姫路市,飾磨区　細江,20240921,12,その他,駐車（輪）場,30歳代,その他,施錠せず
窃盗,自転車盗,飾磨,宮,282014,兵庫県,姫路市,飾磨区　細江,20240921,14,その他,駐車（輪）場,10歳代,中学生,施錠せず
窃盗,自転車盗,飾磨,宮,282014,兵庫県,姫路市,飾磨区　細江,20241007,6,道路上,その他,10歳代,中学生,施錠せず
窃盗,自転車盗,飾磨,宮,282014,兵庫県,姫路市,飾磨区　細江,20241009,13,その他,駐車（輪）場,70歳以上,その他,施錠した
窃盗,自転車盗,飾磨,宮,282014,兵庫県,姫路市,飾磨区　細江,20241027,10,その他,駐車（輪）場,10歳代,高校生,施錠せず
窃盗,自転車盗,飾磨,宮,282014,兵庫県,姫路市,飾磨区　細江,20241214,13,その他,駐車（輪）場,10歳代,中学生,施錠せず
窃盗,自転車盗,飾磨,思案橋,282014,兵庫県,姫路市,飾磨区　今在家４丁目,20240605,6,その他,駐車（輪）場,10歳代,大学生,施錠せず
窃盗,自転車盗,飾磨,思案橋,282014,兵庫県,姫路市,飾磨区　今在家４丁目,20240608,12,その他,駐車（輪）場,10歳代,高校生,施錠せず
窃盗,自転車盗,飾磨,思案橋,282014,兵庫県,姫路市,飾磨区　今在家２丁目,20240628,16,その他,駐車（輪）場,10歳代,中学生,施錠せず
窃盗,自転車盗,飾磨,思案橋,282014,兵庫県,姫路市,飾磨区　今在家２丁目,20240809,17,その他,駐車（輪）場,40歳代,その他,施錠した
窃盗,自転車盗,飾磨,思案橋,282014,兵庫県,姫路市,飾磨区　今在家２丁目,20240922,12,その他,駐車（輪）場,20歳代,その他,施錠せず
窃盗,自転車盗,飾磨,思案橋,282014,兵庫県,姫路市,飾磨区　今在家３丁目,20240613,22,その他の住宅（３階建て以下共同住宅等）,駐車（輪）場,20歳代,その他,施錠せず
窃盗,自転車盗,飾磨,思案橋,282014,兵庫県,姫路市,飾磨区　今在家３丁目,20241027,19,その他の住宅（３階建て以下共同住宅等）,駐車（輪）場,20歳代,その他,施錠せず
窃盗,自転車盗,飾磨,思案橋,282014,兵庫県,姫路市,飾磨区　今在家３丁目,20241113,21,その他の住宅（３階建て以下共同住宅等）,駐車（輪）場,30歳代,その他,施錠せず
窃盗,自転車盗,飾磨,思案橋,282014,兵庫県,姫路市,飾磨区　今在家４丁目,20240103,21,その他,駐車（輪）場,30歳代,その他,施錠せず
窃盗,自転車盗,飾磨,思案橋,282014,兵庫県,姫路市,飾磨区　今在家４丁目,20240229,9,その他,駐車（輪）場,20歳代,大学生,施錠した
窃盗,自転車盗,飾磨,思案橋,282014,兵庫県,姫路市,飾磨区　今在家４丁目,20230803,8,その他,駐車（輪）場,10歳代,中学生,施錠せず
窃盗,自転車盗,飾磨,思案橋,282014,兵庫県,姫路市,飾磨区　今在家４丁目,20240503,12,その他,駐車（輪）場,10歳代,中学生,施錠せず
窃盗,自転車盗,飾磨,思案橋,282014,兵庫県,姫路市,飾磨区　今在家４丁目,20240604,7,その他,駐車（輪）場,20歳代,大学生,施錠せず
窃盗,自転車盗,飾磨,思案橋,282014,兵庫県,姫路市,飾磨区　今在家４丁目,20240611,9,その他,駐車（輪）場,60-64歳,その他,施錠せず
窃盗,自転車盗,飾磨,思案橋,282014,兵庫県,姫路市,飾磨区　今在家４丁目,20240704,17,その他,駐車（輪）場,10歳代,中学生,施錠せず
窃盗,自転車盗,飾磨,思案橋,282014,兵庫県,姫路市,飾磨区　今在家４丁目,20240709,7,その他,駐車（輪）場,10歳代,高校生,施錠せず
窃盗,自転車盗,飾磨,思案橋,282014,兵庫県,姫路市,飾磨区　今在家４丁目,20240717,8,その他,駐車（輪）場,10歳代,大学生,施錠せず
窃盗,自転車盗,飾磨,思案橋,282014,兵庫県,姫路市,飾磨区　今在家４丁目,20240812,11,その他,駐車（輪）場,10歳代,高校生,施錠せず
窃盗,自転車盗,飾磨,思案橋,282014,兵庫県,姫路市,飾磨区　今在家４丁目,20240826,18,その他,駐車（輪）場,10歳代,高校生,施錠せず
窃盗,自転車盗,飾磨,思案橋,282014,兵庫県,姫路市,飾磨区　今在家４丁目,20240924,8,その他,駐車（輪）場,30歳代,その他,施錠せず
窃盗,自転車盗,飾磨,思案橋,282014,兵庫県,姫路市,飾磨区　今在家４丁目,20241018,14,その他,駐車（輪）場,10歳代,中学生,施錠せず
窃盗,自転車盗,飾磨,思案橋,282014,兵庫県,姫路市,飾磨区　今在家４丁目,20241112,10,その他,駐車（輪）場,30歳代,その他,施錠せず
窃盗,自転車盗,飾磨,思案橋,282014,兵庫県,姫路市,飾磨区　今在家７丁目,20240717,18,その他の住宅（３階建て以下共同住宅等）,駐車（輪）場,10歳代,小学生,施錠せず
窃盗,自転車盗,飾磨,思案橋,282014,兵庫県,姫路市,飾磨区　今在家７丁目,20241207,11,その他,駐車（輪）場,10歳代,中学生,施錠せず
窃盗,自転車盗,飾磨,思案橋,282014,兵庫県,姫路市,飾磨区　構２丁目,20240809,14,その他の住宅（３階建て以下共同住宅等）,駐車（輪）場,60-64歳,その他,施錠せず
窃盗,自転車盗,飾磨,思案橋,282014,兵庫県,姫路市,飾磨区　加茂,20240126,19,駐車（輪）場,駐車（輪）場,10歳代,中学生,施錠せず
窃盗,自転車盗,飾磨,思案橋,282014,兵庫県,姫路市,飾磨区　加茂,20241012,17,その他の住宅（３階建て以下共同住宅等）,駐車（輪）場,20歳代,その他,施錠せず
窃盗,自転車盗,飾磨,思案橋,282014,兵庫県,姫路市,飾磨区　加茂,20240615,0,その他の住宅（３階建て以下共同住宅等）,駐車（輪）場,50歳代,その他,施錠せず
窃盗,自転車盗,飾磨,思案橋,282014,兵庫県,姫路市,飾磨区　思案橋,20240720,14,その他,駐車（輪）場,10歳代,中学生,施錠せず
窃盗,自転車盗,飾磨,思案橋,282014,兵庫県,姫路市,飾磨区　今在家北２丁目,20240704,13,その他の住宅（３階建て以下共同住宅等）,駐車（輪）場,10歳代,高校生,施錠せず
窃盗,自転車盗,飾磨,英賀保駅前,282014,兵庫県,姫路市,飾磨区　英賀西町１丁目,20240626,8,その他の住宅（３階建て以下共同住宅等）,駐車（輪）場,20歳代,その他,施錠せず
窃盗,自転車盗,飾磨,英賀保駅前,282014,兵庫県,姫路市,飾磨区　英賀,20240707,16,その他,駐車（輪）場,20歳代,その他,施錠した
窃盗,自転車盗,飾磨,英賀保駅前,282014,兵庫県,姫路市,飾磨区　英賀,20241204,8,その他,駐車（輪）場,50歳代,その他,施錠せず
窃盗,自転車盗,飾磨,英賀保駅前,282014,兵庫県,姫路市,飾磨区　英賀春日町２丁目,20240927,18,その他の住宅（３階建て以下共同住宅等）,駐車（輪）場,20歳代,その他,施錠した
窃盗,自転車盗,飾磨,英賀保駅前,282014,兵庫県,姫路市,飾磨区　英賀西町１丁目,20240821,19,その他の住宅（３階建て以下共同住宅等）,駐車（輪）場,40歳代,その他,施錠した
窃盗,自転車盗,飾磨,英賀保駅前,282014,兵庫県,姫路市,飾磨区　英賀保駅前町,20240322,19,その他,駐車（輪）場,40歳代,その他,施錠した
窃盗,自転車盗,飾磨,英賀保駅前,282014,兵庫県,姫路市,飾磨区　英賀保駅前町,20241021,21,４階建て以上共同住宅,駐車（輪）場,20歳代,その他,施錠せず
窃盗,自転車盗,飾磨,英賀保駅前,282014,兵庫県,姫路市,飾磨区　英賀保駅前町,20241226,21,その他の住宅（３階建て以下共同住宅等）,駐車（輪）場,40歳代,その他,施錠せず
窃盗,自転車盗,飾磨,英賀保駅前,282014,兵庫県,姫路市,飾磨区　高町１丁目,20240708,14,その他の住宅（３階建て以下共同住宅等）,駐車（輪）場,20歳代,その他,施錠せず
窃盗,自転車盗,飾磨,英賀保駅前,282014,兵庫県,姫路市,飾磨区　山崎,20240225,20,一戸建住宅,駐車（輪）場,10歳代,高校生,施錠した
窃盗,自転車盗,飾磨,英賀保駅前,282014,兵庫県,姫路市,飾磨区　山崎,20240711,23,その他の住宅（３階建て以下共同住宅等）,駐車（輪）場,20歳代,その他,施錠せず
窃盗,自転車盗,飾磨,英賀保駅前,282014,兵庫県,姫路市,飾磨区　山崎,20240827,18,その他の住宅（３階建て以下共同住宅等）,駐車（輪）場,20歳代,その他,施錠せず
窃盗,自転車盗,飾磨,英賀保駅前,282014,兵庫県,姫路市,飾磨区　山崎,20240920,15,その他,駐車（輪）場,10歳代,高校生,施錠した
窃盗,自転車盗,飾磨,英賀保駅前,282014,兵庫県,姫路市,飾磨区　山崎,20240926,6,その他,駐車（輪）場,10歳代,高校生,施錠せず
窃盗,自転車盗,飾磨,英賀保駅前,282014,兵庫県,姫路市,飾磨区　山崎,20241101,6,その他,駐車（輪）場,10歳代,高校生,施錠せず
窃盗,自転車盗,飾磨,英賀保駅前,282014,兵庫県,姫路市,飾磨区　若宮町,20240908,21,４階建て以上共同住宅,駐車（輪）場,10歳代,高校生,施錠せず
窃盗,自転車盗,飾磨,手柄,282014,兵庫県,姫路市,飯田２丁目,20241026,14,その他の住宅（３階建て以下共同住宅等）,駐車（輪）場,20歳代,その他,施錠せず
窃盗,自転車盗,飾磨,手柄,282014,兵庫県,姫路市,飯田３丁目,20240603,12,その他,駐車（輪）場,40歳代,その他,施錠した
窃盗,自転車盗,飾磨,手柄,282014,兵庫県,姫路市,亀山,20240406,13,その他,駐車（輪）場,20歳代,その他,施錠せず
窃盗,自転車盗,飾磨,手柄,282014,兵庫県,姫路市,亀山,20240824,20,一戸建住宅,その他,60-64歳,その他,施錠した
窃盗,自転車盗,飾磨,手柄,282014,兵庫県,姫路市,亀山,20240909,5,その他の住宅（３階建て以下共同住宅等）,駐車（輪）場,40歳代,その他,施錠せず
窃盗,自転車盗,飾磨,手柄,282014,兵庫県,姫路市,亀山１丁目,20240811,12,その他の住宅（３階建て以下共同住宅等）,駐車（輪）場,40歳代,その他,施錠した
窃盗,自転車盗,飾磨,手柄,282014,兵庫県,姫路市,栗山町,20240307,14,４階建て以上共同住宅,駐車（輪）場,10歳代,その他,施錠せず
窃盗,自転車盗,飾磨,手柄,282014,兵庫県,姫路市,栗山町,20240410,9,その他の住宅（３階建て以下共同住宅等）,駐車（輪）場,40歳代,その他,施錠せず
窃盗,自転車盗,飾磨,手柄,282014,兵庫県,姫路市,栗山町,20240812,18,４階建て以上共同住宅,駐車（輪）場,30歳代,その他,施錠した
窃盗,自転車盗,飾磨,手柄,282014,兵庫県,姫路市,飾磨区　亀山,20240228,10,その他,駐車（輪）場,10歳代,高校生,施錠せず
窃盗,自転車盗,飾磨,手柄,282014,兵庫県,姫路市,手柄,20240828,14,その他の住宅（３階建て以下共同住宅等）,駐車（輪）場,20歳代,その他,施錠した
窃盗,自転車盗,飾磨,手柄,282014,兵庫県,姫路市,手柄,20240919,15,一戸建住宅,その他,10歳代,高校生,施錠せず
窃盗,自転車盗,飾磨,手柄,282014,兵庫県,姫路市,西延末,20240919,6,その他,駐車（輪）場,50歳代,その他,施錠した
窃盗,自転車盗,飾磨,手柄,282014,兵庫県,姫路市,西延末,20241006,19,その他の住宅（３階建て以下共同住宅等）,駐車（輪）場,30歳代,その他,施錠した
窃盗,自転車盗,飾磨,手柄,282014,兵庫県,姫路市,延末,20240608,10,道路上,その他,10歳代,その他,施錠した
窃盗,自転車盗,飾磨,手柄,282014,兵庫県,姫路市,延末,20240908,7,道路上,その他,65-69歳,その他,施錠した
窃盗,自転車盗,飾磨,手柄,282014,兵庫県,姫路市,延末,20241128,14,４階建て以上共同住宅,駐車（輪）場,10歳代,高校生,施錠した
窃盗,自転車盗,飾磨,手柄,282014,兵庫県,姫路市,延末,20241204,17,その他,駐車（輪）場,10歳代,高校生,施錠せず
窃盗,自転車盗,飾磨,手柄,282014,兵庫県,姫路市,東延末,20240510,11,その他の住宅（３階建て以下共同住宅等）,駐車（輪）場,20歳代,その他,施錠せず
窃盗,自転車盗,飾磨,手柄,282014,兵庫県,姫路市,東延末１丁目,20240518,17,一戸建住宅,駐車（輪）場,10歳代,小学生,施錠せず
窃盗,自転車盗,飾磨,手柄,282014,兵庫県,姫路市,東延末１丁目,20240730,15,一戸建住宅,駐車（輪）場,10歳代,中学生,施錠せず
窃盗,自転車盗,飾磨,手柄,282014,兵庫県,姫路市,東延末３丁目,20241025,22,４階建て以上共同住宅,駐車（輪）場,10歳代,中学生,施錠せず
窃盗,自転車盗,飾磨,手柄,282014,兵庫県,姫路市,東延末５丁目,20240612,7,その他,駐車（輪）場,10歳代,高校生,施錠せず
窃盗,自転車盗,飾磨,手柄,282014,兵庫県,姫路市,東延末５丁目,20240908,13,その他,駐車（輪）場,10歳代,中学生,施錠した
窃盗,自転車盗,飾磨,手柄,282014,兵庫県,姫路市,東延末５丁目,20240603,9,その他,駐車（輪）場,10歳代,大学生,施錠した
窃盗,自転車盗,飾磨,手柄,282014,兵庫県,姫路市,東延末５丁目,20240922,11,その他,駐車（輪）場,10歳代,中学生,施錠せず
窃盗,自転車盗,飾磨,手柄,282014,兵庫県,姫路市,東延末５丁目,20241029,7,その他,駐車（輪）場,10歳代,中学生,施錠した
窃盗,自転車盗,飾磨,手柄,282014,兵庫県,姫路市,安田２丁目,20240607,22,４階建て以上共同住宅,駐車（輪）場,20歳代,その他,施錠した
窃盗,自転車盗,飾磨,手柄,282014,兵庫県,姫路市,安田２丁目,20240624,23,４階建て以上共同住宅,駐車（輪）場,40歳代,その他,施錠した
窃盗,自転車盗,飾磨,手柄,282014,兵庫県,姫路市,安田４丁目,20240517,17,４階建て以上共同住宅,駐車（輪）場,10歳代,高校生,施錠せず
窃盗,自転車盗,飾磨,手柄,282014,兵庫県,姫路市,安田４丁目,20240826,20,４階建て以上共同住宅,駐車（輪）場,30歳代,その他,施錠せず
窃盗,自転車盗,飾磨,手柄,282014,兵庫県,姫路市,安田４丁目,20241017,17,その他,駐車（輪）場,10歳代,高校生,施錠せず
窃盗,自転車盗,飾磨,手柄,282014,兵庫県,姫路市,安田４丁目,20241115,1,４階建て以上共同住宅,駐車（輪）場,20歳代,その他,施錠せず
窃盗,自転車盗,飾磨,今宿,282014,兵庫県,姫路市,大津区　新町,20240509,8,その他の住宅（３階建て以下共同住宅等）,駐車（輪）場,10歳代,中学生,施錠せず
窃盗,自転車盗,飾磨,今宿,282014,兵庫県,姫路市,上手野,20240116,11,一戸建住宅,駐車（輪）場,70歳以上,その他,施錠せず
窃盗,自転車盗,飾磨,今宿,282014,兵庫県,姫路市,飾磨区　下野田４丁目,20241003,20,その他の住宅（３階建て以下共同住宅等）,駐車（輪）場,10歳代,高校生,施錠せず
窃盗,自転車盗,飾磨,今宿,282014,兵庫県,姫路市,下手野１丁目,20231216,7,その他,駐車（輪）場,20歳代,その他,施錠せず
窃盗,自転車盗,飾磨,今宿,282014,兵庫県,姫路市,下手野１丁目,20240216,18,その他,駐車（輪）場,40歳代,その他,施錠せず
窃盗,自転車盗,飾磨,今宿,282014,兵庫県,姫路市,下手野４丁目,20241004,11,その他,駐車（輪）場,40歳代,その他,施錠せず
窃盗,自転車盗,飾磨,今宿,282014,兵庫県,姫路市,西今宿２丁目,20231222,17,その他の住宅（３階建て以下共同住宅等）,駐車（輪）場,30歳代,その他,施錠せず
窃盗,自転車盗,飾磨,今宿,282014,兵庫県,姫路市,西今宿２丁目,20240420,18,４階建て以上共同住宅,駐車（輪）場,10歳代,中学生,施錠せず
窃盗,自転車盗,飾磨,今宿,282014,兵庫県,姫路市,西今宿３丁目,20231230,13,その他,駐車（輪）場,10歳代,中学生,施錠せず
窃盗,自転車盗,飾磨,今宿,282014,兵庫県,姫路市,西今宿３丁目,20240212,7,その他,駐車（輪）場,10歳代,中学生,施錠せず
窃盗,自転車盗,飾磨,今宿,282014,兵庫県,姫路市,西今宿３丁目,20240129,9,その他,駐車（輪）場,10歳代,高校生,施錠せず
窃盗,自転車盗,飾磨,今宿,282014,兵庫県,姫路市,西今宿３丁目,20240308,17,その他,駐車（輪）場,50歳代,その他,施錠せず
窃盗,自転車盗,飾磨,今宿,282014,兵庫県,姫路市,西今宿３丁目,20240313,13,その他の住宅（３階建て以下共同住宅等）,その他,10歳代,大学生,施錠せず
窃盗,自転車盗,飾磨,今宿,282014,兵庫県,姫路市,西今宿３丁目,20240321,17,その他,駐車（輪）場,10歳代,高校生,施錠せず
窃盗,自転車盗,飾磨,今宿,282014,兵庫県,姫路市,西今宿３丁目,20240318,17,その他,駐車（輪）場,10歳代,高校生,施錠せず
窃盗,自転車盗,飾磨,今宿,282014,兵庫県,姫路市,西今宿３丁目,20240407,16,その他,駐車（輪）場,20歳代,その他,施錠せず
窃盗,自転車盗,飾磨,今宿,282014,兵庫県,姫路市,西今宿３丁目,20240412,5,その他,駐車（輪）場,40歳代,その他,施錠せず
窃盗,自転車盗,飾磨,今宿,282014,兵庫県,姫路市,西今宿３丁目,20240324,17,その他,駐車（輪）場,10歳代,高校生,施錠せず
窃盗,自転車盗,飾磨,今宿,282014,兵庫県,姫路市,西今宿３丁目,20240430,7,その他,駐車（輪）場,10歳代,大学生,施錠せず
窃盗,自転車盗,飾磨,今宿,282014,兵庫県,姫路市,西今宿３丁目,20240525,7,その他,駐車（輪）場,10歳代,高校生,施錠せず
窃盗,自転車盗,飾磨,今宿,282014,兵庫県,姫路市,西今宿３丁目,20240519,13,その他,駐車（輪）場,10歳代,高校生,施錠せず
窃盗,自転車盗,飾磨,今宿,282014,兵庫県,姫路市,西今宿３丁目,20240531,6,その他,駐車（輪）場,10歳代,その他,施錠せず
窃盗,自転車盗,飾磨,今宿,282014,兵庫県,姫路市,西今宿３丁目,20240619,9,その他,駐車（輪）場,10歳代,高校生,施錠せず
窃盗,自転車盗,飾磨,今宿,282014,兵庫県,姫路市,西今宿３丁目,20240707,8,その他,駐車（輪）場,10歳代,高校生,施錠せず
窃盗,自転車盗,飾磨,今宿,282014,兵庫県,姫路市,西今宿３丁目,20240822,17,その他,駐車（輪）場,20歳代,大学生,施錠せず
窃盗,自転車盗,飾磨,今宿,282014,兵庫県,姫路市,西今宿３丁目,20241002,7,その他,駐車（輪）場,10歳代,高校生,施錠した
窃盗,自転車盗,飾磨,今宿,282014,兵庫県,姫路市,西今宿３丁目,20241106,6,その他,駐車（輪）場,10歳代,高校生,施錠せず
窃盗,自転車盗,飾磨,今宿,282014,兵庫県,姫路市,西今宿３丁目,20241107,7,その他,駐車（輪）場,10歳代,高校生,施錠せず
窃盗,自転車盗,飾磨,今宿,282014,兵庫県,姫路市,西今宿３丁目,20241105,7,その他,駐車（輪）場,20歳代,その他,施錠せず
窃盗,自転車盗,飾磨,今宿,282014,兵庫県,姫路市,西今宿３丁目,20241115,12,その他,駐車（輪）場,70歳以上,その他,施錠した
窃盗,自転車盗,飾磨,今宿,282014,兵庫県,姫路市,西今宿３丁目,20241204,21,その他,駐車（輪）場,10歳代,その他,施錠せず
窃盗,自転車盗,飾磨,今宿,282014,兵庫県,姫路市,西今宿３丁目,20241221,18,その他,駐車（輪）場,10歳代,その他,施錠せず
窃盗,自転車盗,飾磨,今宿,282014,兵庫県,姫路市,西今宿５丁目,20240216,20,その他の住宅（３階建て以下共同住宅等）,駐車（輪）場,10歳代,中学生,施錠せず
窃盗,自転車盗,飾磨,今宿,282014,兵庫県,姫路市,西今宿７丁目,20241013,19,道路上,その他,10歳代,中学生,施錠せず
窃盗,自転車盗,飾磨,今宿,282014,兵庫県,姫路市,西今宿８丁目,20240815,15,その他,駐車（輪）場,20歳代,大学生,施錠せず
窃盗,自転車盗,飾磨,今宿,282014,兵庫県,姫路市,東今宿１丁目,20240428,23,４階建て以上共同住宅,駐車（輪）場,20歳代,大学生,施錠せず
窃盗,自転車盗,飾磨,今宿,282014,兵庫県,姫路市,東今宿３丁目,20240627,20,４階建て以上共同住宅,駐車（輪）場,20歳代,その他,施錠せず
窃盗,自転車盗,飾磨,今宿,282014,兵庫県,姫路市,東今宿４丁目,20240126,21,駐車（輪）場,駐車（輪）場,30歳代,その他,施錠せず
窃盗,自転車盗,飾磨,今宿,282014,兵庫県,姫路市,東夢前台１丁目,20231020,11,道路上,その他,10歳代,高校生,施錠せず
窃盗,自転車盗,飾磨,今宿,282014,兵庫県,姫路市,東夢前台２丁目,20240213,18,４階建て以上共同住宅,駐車（輪）場,10歳代,中学生,施錠せず
窃盗,自転車盗,飾磨,今宿,282014,兵庫県,姫路市,東夢前台２丁目,20240603,17,その他,駐車（輪）場,10歳代,高校生,施錠せず
窃盗,自転車盗,飾磨,今宿,282014,兵庫県,姫路市,東夢前台２丁目,20240621,18,４階建て以上共同住宅,駐車（輪）場,10歳代,高校生,施錠せず
窃盗,自転車盗,飾磨,今宿,282014,兵庫県,姫路市,東夢前台３丁目,20240426,20,一戸建住宅,その他,10歳代,高校生,施錠せず
窃盗,自転車盗,飾磨,今宿,282014,兵庫県,姫路市,東夢前台３丁目,20240615,1,その他,駐車（輪）場,30歳代,その他,施錠せず
窃盗,自転車盗,飾磨,今宿,282014,兵庫県,姫路市,神子岡前３丁目,20240121,18,その他,駐車（輪）場,10歳代,高校生,施錠せず
窃盗,自転車盗,飾磨,今宿,282014,兵庫県,姫路市,神子岡前３丁目,20240212,10,その他,駐車（輪）場,10歳代,高校生,施錠せず
窃盗,自転車盗,飾磨,今宿,282014,兵庫県,姫路市,神子岡前３丁目,20240702,16,その他,駐車（輪）場,10歳代,中学生,施錠せず
窃盗,自転車盗,飾磨,今宿,282014,兵庫県,姫路市,神子岡前３丁目,20240914,14,その他,駐車（輪）場,10歳代,中学生,施錠せず
窃盗,自転車盗,飾磨,今宿,282014,兵庫県,姫路市,神子岡前３丁目,20240921,10,その他,駐車（輪）場,10歳代,高校生,施錠せず
窃盗,自転車盗,飾磨,今宿,282014,兵庫県,姫路市,神子岡前３丁目,20241001,15,その他,駐車（輪）場,10歳代,中学生,施錠せず
窃盗,自転車盗,飾磨,今宿,282014,兵庫県,姫路市,神子岡前３丁目,20230918,14,その他,駐車（輪）場,10歳代,中学生,施錠せず
窃盗,自転車盗,飾磨,今宿,282014,兵庫県,姫路市,神子岡前３丁目,20241020,14,その他,駐車（輪）場,10歳代,中学生,施錠せず
窃盗,自転車盗,飾磨,今宿,282014,兵庫県,姫路市,神子岡前３丁目,20241017,11,その他,駐車（輪）場,70歳以上,その他,施錠せず
窃盗,自転車盗,飾磨,今宿,282014,兵庫県,姫路市,名古山町,20240408,10,その他,その他,70歳以上,その他,施錠した
窃盗,自転車盗,飾磨,今宿,282014,兵庫県,姫路市,名古山町,20241206,9,道路上,その他,40歳代,その他,施錠せず
窃盗,自転車盗,飾磨,今宿,282014,兵庫県,姫路市,車崎１丁目,20241103,17,４階建て以上共同住宅,駐車（輪）場,70歳以上,その他,施錠した
窃盗,自転車盗,飾磨,御国野,282014,兵庫県,姫路市,四郷町　東阿保,20241016,8,４階建て以上共同住宅,駐車（輪）場,10歳代,中学生,施錠した
窃盗,自転車盗,飾磨,御国野,282014,兵庫県,姫路市,四郷町　東阿保,20241205,3,道路上,その他,20歳代,大学生,施錠した
窃盗,自転車盗,飾磨,御国野,282014,兵庫県,姫路市,御国野町　国分寺,20231013,8,その他,その他,10歳代,中学生,施錠せず
窃盗,自転車盗,飾磨,御国野,282014,兵庫県,姫路市,御国野町　国分寺,20240603,10,その他の住宅（３階建て以下共同住宅等）,駐車（輪）場,20歳代,その他,施錠せず
窃盗,自転車盗,飾磨,御国野,282014,兵庫県,姫路市,御国野町　御着,20240330,0,一戸建住宅,駐車（輪）場,10歳代,大学生,施錠せず
窃盗,自転車盗,飾磨,御国野,282014,兵庫県,姫路市,御国野町　御着,20240331,19,その他の住宅（３階建て以下共同住宅等）,駐車（輪）場,10歳代,その他,施錠せず
窃盗,自転車盗,飾磨,御国野,282014,兵庫県,姫路市,御国野町　御着,20240525,19,その他の住宅（３階建て以下共同住宅等）,駐車（輪）場,10歳代,高校生,施錠せず
窃盗,自転車盗,飾磨,御国野,282014,兵庫県,姫路市,御国野町　御着,20240623,14,道路上,その他,20歳代,その他,施錠せず
窃盗,自転車盗,飾磨,御国野,282014,兵庫県,姫路市,御国野町　御着,20241115,7,その他の住宅（３階建て以下共同住宅等）,駐車（輪）場,40歳代,その他,施錠せず
窃盗,自転車盗,飾磨,御国野,282014,兵庫県,姫路市,御国野町　御着,20241214,11,その他,その他,10歳代,その他,施錠せず
窃盗,自転車盗,飾磨,別所,282014,兵庫県,姫路市,別所町　北宿,20241006,23,その他の住宅（３階建て以下共同住宅等）,駐車（輪）場,20歳代,その他,施錠せず
窃盗,自転車盗,飾磨,別所,282014,兵庫県,姫路市,別所町　小林,20240927,5,４階建て以上共同住宅,駐車（輪）場,30歳代,その他,施錠せず
窃盗,自転車盗,飾磨,別所,282014,兵庫県,姫路市,別所町　佐土,20241015,17,４階建て以上共同住宅,駐車（輪）場,10歳代,中学生,施錠せず
窃盗,自転車盗,飾磨,別所,282014,兵庫県,姫路市,別所町　別所,20240412,16,駐車（輪）場,駐車（輪）場,10歳代,高校生,施錠せず
窃盗,自転車盗,飾磨,別所,282014,兵庫県,姫路市,別所町　別所２丁目,20240913,8,その他,駐車（輪）場,20歳代,その他,施錠せず
窃盗,自転車盗,飾磨,別所,282014,兵庫県,姫路市,別所町　別所４丁目,20240319,21,その他,駐車（輪）場,20歳代,その他,施錠せず
窃盗,自転車盗,飾磨,別所,282014,兵庫県,姫路市,別所町　別所４丁目,20240530,20,その他,駐車（輪）場,10歳代,大学生,施錠せず
窃盗,自転車盗,飾磨,井ノ口,282014,兵庫県,姫路市,岡田,20231229,22,その他,駐車（輪）場,20歳代,その他,施錠せず
窃盗,自転車盗,飾磨,井ノ口,282014,兵庫県,姫路市,岡田,20240601,23,４階建て以上共同住宅,駐車（輪）場,20歳代,その他,施錠した
窃盗,自転車盗,飾磨,井ノ口,282014,兵庫県,姫路市,岡田,20240901,18,４階建て以上共同住宅,駐車（輪）場,50歳代,その他,施錠した
窃盗,自転車盗,飾磨,井ノ口,282014,兵庫県,姫路市,西庄,20240212,12,駐車（輪）場,駐車（輪）場,10歳代,高校生,施錠せず
窃盗,自転車盗,飾磨,井ノ口,282014,兵庫県,姫路市,西庄,20240330,18,その他,駐車（輪）場,10歳代,小学生,施錠せず
窃盗,自転車盗,飾磨,井ノ口,282014,兵庫県,姫路市,西庄,20240810,9,４階建て以上共同住宅,駐車（輪）場,40歳代,その他,施錠した
窃盗,自転車盗,飾磨,井ノ口,282014,兵庫県,姫路市,中地,20240112,7,その他の住宅（３階建て以下共同住宅等）,駐車（輪）場,10歳代,その他,施錠せず
窃盗,自転車盗,飾磨,井ノ口,282014,兵庫県,姫路市,町坪,20240324,18,その他の住宅（３階建て以下共同住宅等）,駐車（輪）場,40歳代,その他,施錠した
窃盗,自転車盗,飾磨,井ノ口,282014,兵庫県,姫路市,町坪,20241216,7,一戸建住宅,駐車（輪）場,20歳代,その他,施錠せず
窃盗,自転車盗,飾磨,井ノ口,282014,兵庫県,姫路市,土山５丁目,20240213,19,その他,駐車（輪）場,60-64歳,その他,施錠せず
窃盗,自転車盗,飾磨,井ノ口,282014,兵庫県,姫路市,土山７丁目,20240711,10,その他,駐車（輪）場,10歳代,大学生,施錠せず
窃盗,自転車盗,飾磨,井ノ口,282014,兵庫県,姫路市,土山７丁目,20241031,22,その他,駐車（輪）場,10歳代,大学生,施錠せず
窃盗,自転車盗,飾磨,井ノ口,282014,兵庫県,姫路市,土山東の町,20240407,0,その他,駐車（輪）場,20歳代,その他,施錠せず
窃盗,自転車盗,飾磨,井ノ口,282014,兵庫県,姫路市,苫編,20240908,6,その他の住宅（３階建て以下共同住宅等）,駐車（輪）場,10歳未満,小学生,施錠した
窃盗,自転車盗,飾磨,井ノ口,282014,兵庫県,姫路市,苫編,20240908,6,その他の住宅（３階建て以下共同住宅等）,駐車（輪）場,10歳未満,小学生,施錠せず
窃盗,自転車盗,飾磨,井ノ口,282014,兵庫県,姫路市,苫編,20240901,10,その他の住宅（３階建て以下共同住宅等）,駐車（輪）場,30歳代,その他,施錠した
窃盗,自転車盗,飾磨,井ノ口,282014,兵庫県,姫路市,苫編,20241009,17,その他の住宅（３階建て以下共同住宅等）,駐車（輪）場,10歳代,小学生,施錠した
窃盗,自転車盗,飾磨,井ノ口,282014,兵庫県,姫路市,町坪南町,20240218,12,その他の住宅（３階建て以下共同住宅等）,駐車（輪）場,20歳代,その他,施錠せず
窃盗,自転車盗,飾磨,井ノ口,282014,兵庫県,姫路市,苫編南１丁目,20240616,17,その他の住宅（３階建て以下共同住宅等）,駐車（輪）場,40歳代,その他,施錠せず
窃盗,自転車盗,飾磨,井ノ口,282014,兵庫県,姫路市,苫編南１丁目,20241018,22,４階建て以上共同住宅,駐車（輪）場,20歳代,その他,施錠せず
窃盗,自転車盗,飾磨,的形,282014,兵庫県,姫路市,的形町　的形,20240610,7,その他,駐車（輪）場,40歳代,その他,施錠せず
窃盗,自転車盗,飾磨,的形,282014,兵庫県,姫路市,的形町　的形,20240703,7,その他,駐車（輪）場,10歳代,高校生,施錠せず
窃盗,自転車盗,飾磨,的形,282014,兵庫県,姫路市,的形町　的形,20240624,6,その他,駐車（輪）場,10歳代,高校生,施錠せず
窃盗,自転車盗,飾磨,的形,282014,兵庫県,姫路市,的形町　的形,20240913,7,その他,駐車（輪）場,10歳代,高校生,施錠せず
窃盗,自転車盗,飾磨,的形,282014,兵庫県,姫路市,的形町　的形,20241119,7,その他,駐車（輪）場,10歳代,高校生,施錠せず
窃盗,自転車盗,飾磨,八木,282014,兵庫県,姫路市,八家,20240816,19,その他,駐車（輪）場,20歳代,その他,施錠せず
窃盗,自転車盗,飾磨,八木,282014,兵庫県,姫路市,八家,20240906,6,その他,駐車（輪）場,20歳代,その他,施錠した
窃盗,自転車盗,飾磨,八木,282014,兵庫県,姫路市,八家,20241008,7,その他,駐車（輪）場,10歳代,高校生,施錠した
窃盗,自転車盗,飾磨,八木,282014,兵庫県,姫路市,八家,20241124,12,その他,駐車（輪）場,30歳代,その他,施錠せず
窃盗,自転車盗,網干,新在家,282014,兵庫県,姫路市,網干区　新在家,20240308,17,その他の住宅（３階建て以下共同住宅等）,駐車（輪）場,20歳代,その他,施錠した
窃盗,自転車盗,網干,新在家,282014,兵庫県,姫路市,網干区　新在家,20240329,18,駐車（輪）場,駐車（輪）場,30歳代,その他,施錠せず
窃盗,自転車盗,網干,新在家,282014,兵庫県,姫路市,網干区　新在家,20240501,6,その他,駐車（輪）場,20歳代,その他,施錠せず
窃盗,自転車盗,網干,新在家,282014,兵庫県,姫路市,網干区　新在家,20240210,6,その他,駐車（輪）場,10歳代,大学生,施錠した
窃盗,自転車盗,網干,新在家,282014,兵庫県,姫路市,網干区　新在家,20240903,8,その他,駐車（輪）場,10歳代,その他,施錠せず
窃盗,自転車盗,網干,新在家,282014,兵庫県,姫路市,網干区　新在家,20240912,17,駐車（輪）場,駐車（輪）場,30歳代,その他,施錠せず
窃盗,自転車盗,網干,新在家,282014,兵庫県,姫路市,網干区　新在家,20240925,9,駐車（輪）場,駐車（輪）場,20歳代,大学生,施錠せず
窃盗,自転車盗,網干,新在家,282014,兵庫県,姫路市,網干区　新在家,20240927,15,駐車（輪）場,駐車（輪）場,10歳代,高校生,施錠せず
窃盗,自転車盗,網干,新在家,282014,兵庫県,姫路市,網干区　新在家,20240930,7,その他,駐車（輪）場,10歳代,高校生,施錠せず
窃盗,自転車盗,網干,新在家,282014,兵庫県,姫路市,網干区　新在家,20240909,10,その他,駐車（輪）場,10歳代,その他,施錠せず
窃盗,自転車盗,網干,新在家,282014,兵庫県,姫路市,網干区　新在家,20241002,7,駐車（輪）場,駐車（輪）場,10歳代,大学生,施錠せず
窃盗,自転車盗,網干,新在家,282014,兵庫県,姫路市,網干区　新在家,20241008,17,その他の住宅（３階建て以下共同住宅等）,駐車（輪）場,20歳代,その他,施錠せず
窃盗,自転車盗,網干,新在家,282014,兵庫県,姫路市,網干区　新在家,20241011,18,駐車（輪）場,駐車（輪）場,10歳代,高校生,施錠せず
窃盗,自転車盗,網干,新在家,282014,兵庫県,姫路市,網干区　新在家,20241021,14,駐車（輪）場,駐車（輪）場,10歳代,高校生,施錠せず
窃盗,自転車盗,網干,新在家,282014,兵庫県,姫路市,網干区　新在家,20241119,17,駐車（輪）場,駐車（輪）場,10歳代,高校生,施錠せず
窃盗,自転車盗,網干,新在家,282014,兵庫県,姫路市,網干区　宮内,20221021,17,道路上,その他,20歳代,大学生,施錠せず
窃盗,自転車盗,網干,新在家,282014,兵庫県,姫路市,網干区　宮内,20241021,19,道路上,その他,10歳代,大学生,施錠せず
窃盗,自転車盗,網干,新在家,282014,兵庫県,姫路市,網干区　宮内,20241021,19,一戸建住宅,駐車（輪）場,10歳代,高校生,施錠せず
窃盗,自転車盗,網干,新在家,282014,兵庫県,姫路市,網干区　宮内,20241022,14,道路上,その他,法人・団体、被害者なし,法人・団体、被害者なし,施錠せず
窃盗,自転車盗,網干,新在家,282014,兵庫県,姫路市,網干区　宮内,20241022,20,道路上,その他,10歳代,高校生,施錠せず
窃盗,自転車盗,網干,新在家,282014,兵庫県,姫路市,網干区　宮内,20241021,19,道路上,その他,10歳代,高校生,施錠せず
窃盗,自転車盗,網干,新在家,282014,兵庫県,姫路市,網干区　北新在家,20240915,8,その他の住宅（３階建て以下共同住宅等）,駐車（輪）場,20歳代,その他,施錠せず
窃盗,自転車盗,網干,新在家,282014,兵庫県,姫路市,網干区　垣内北町,20241022,21,その他,駐車（輪）場,10歳代,高校生,施錠せず
窃盗,自転車盗,網干,新在家,282014,兵庫県,姫路市,網干区　垣内本町,20240807,21,その他の住宅（３階建て以下共同住宅等）,その他,10歳代,小学生,施錠せず
窃盗,自転車盗,網干,新在家,282014,兵庫県,姫路市,網干区　垣内本町,20241022,10,その他,その他,10歳代,中学生,施錠せず
窃盗,自転車盗,網干,東芝前,282014,兵庫県,姫路市,網干区　津市場,20241013,17,その他,その他,10歳代,高校生,施錠せず
窃盗,自転車盗,網干,東芝前,282014,兵庫県,姫路市,余部区　上余部,20240824,14,４階建て以上共同住宅,その他,10歳代,中学生,施錠せず
窃盗,自転車盗,網干,東芝前,282014,兵庫県,姫路市,余部区　下余部,20241201,12,その他,駐車（輪）場,10歳代,高校生,施錠せず
窃盗,自転車盗,網干,網干駅前,282014,兵庫県,姫路市,網干区　坂上,20240317,12,４階建て以上共同住宅,その他,10歳代,中学生,施錠せず
窃盗,自転車盗,網干,網干駅前,282014,兵庫県,姫路市,網干区　坂上,20240706,6,その他の住宅（３階建て以下共同住宅等）,駐車（輪）場,40歳代,その他,施錠せず
窃盗,自転車盗,網干,網干駅前,282014,兵庫県,姫路市,網干区　高田,20240508,9,４階建て以上共同住宅,駐車（輪）場,50歳代,その他,施錠せず
窃盗,自転車盗,網干,網干駅前,282014,兵庫県,姫路市,網干区　高田,20240923,15,４階建て以上共同住宅,駐車（輪）場,50歳代,その他,施錠せず
窃盗,自転車盗,網干,網干駅前,282014,兵庫県,姫路市,網干区　和久,20240406,11,駐車（輪）場,駐車（輪）場,40歳代,大学生,施錠せず
窃盗,自転車盗,網干,網干駅前,282014,兵庫県,姫路市,網干区　和久,20240418,7,駐車（輪）場,駐車（輪）場,10歳代,高校生,施錠せず
窃盗,自転車盗,網干,網干駅前,282014,兵庫県,姫路市,網干区　和久,20240612,7,駐車（輪）場,駐車（輪）場,10歳代,高校生,施錠せず
窃盗,自転車盗,網干,網干駅前,282014,兵庫県,姫路市,網干区　和久,20240822,14,駐車（輪）場,駐車（輪）場,10歳代,高校生,施錠せず
窃盗,自転車盗,網干,網干駅前,282014,兵庫県,姫路市,網干区　和久,20240930,18,駐車（輪）場,駐車（輪）場,20歳代,その他,施錠せず
窃盗,自転車盗,網干,網干駅前,282014,兵庫県,姫路市,網干区　和久,20241101,2,その他の住宅（３階建て以下共同住宅等）,その他,10歳代,中学生,施錠せず
窃盗,自転車盗,網干,網干駅前,282014,兵庫県,姫路市,勝原区　朝日谷,20240115,20,その他,その他,30歳代,その他,施錠せず
窃盗,自転車盗,網干,網干駅前,282014,兵庫県,姫路市,勝原区　大谷,20240110,11,その他の住宅（３階建て以下共同住宅等）,駐車（輪）場,30歳代,その他,施錠せず
窃盗,自転車盗,網干,網干駅前,282014,兵庫県,姫路市,勝原区　大谷,20240322,17,その他の住宅（３階建て以下共同住宅等）,駐車（輪）場,10歳代,小学生,施錠せず
窃盗,自転車盗,網干,網干駅前,282014,兵庫県,姫路市,勝原区　大谷,20240620,12,一戸建住宅,駐車（輪）場,40歳代,その他,施錠せず
窃盗,自転車盗,網干,勝原,282014,兵庫県,姫路市,勝原区　熊見,20240129,22,駐車（輪）場,駐車（輪）場,20歳代,大学生,施錠せず
窃盗,自転車盗,網干,勝原,282014,兵庫県,姫路市,勝原区　熊見,20240618,18,その他,駐車（輪）場,20歳代,その他,施錠せず
窃盗,自転車盗,網干,勝原,282014,兵庫県,姫路市,勝原区　熊見,20240703,21,その他,駐車（輪）場,10歳代,高校生,施錠せず
窃盗,自転車盗,網干,勝原,282014,兵庫県,姫路市,勝原区　熊見,20240703,13,駐車（輪）場,駐車（輪）場,20歳代,大学生,施錠せず
窃盗,自転車盗,網干,勝原,282014,兵庫県,姫路市,勝原区　熊見,20240702,8,駐車（輪）場,駐車（輪）場,10歳代,大学生,施錠した
窃盗,自転車盗,網干,勝原,282014,兵庫県,姫路市,勝原区　熊見,20240717,15,駐車（輪）場,駐車（輪）場,10歳代,高校生,施錠した
窃盗,自転車盗,網干,勝原,282014,兵庫県,姫路市,勝原区　熊見,20240726,19,駐車（輪）場,駐車（輪）場,50歳代,その他,施錠した
窃盗,自転車盗,網干,勝原,282014,兵庫県,姫路市,勝原区　熊見,20240925,16,駐車（輪）場,駐車（輪）場,20歳代,その他,施錠せず
窃盗,自転車盗,網干,勝原,282014,兵庫県,姫路市,勝原区　熊見,20241006,10,駐車（輪）場,駐車（輪）場,10歳代,高校生,施錠せず
窃盗,自転車盗,網干,勝原,282014,兵庫県,姫路市,勝原区　熊見,20241026,13,その他,駐車（輪）場,10歳代,高校生,施錠せず
窃盗,自転車盗,網干,勝原,282014,兵庫県,姫路市,勝原区　熊見,20241026,13,一戸建住宅,駐車（輪）場,60-64歳,その他,施錠せず
窃盗,自転車盗,網干,勝原,282014,兵庫県,姫路市,勝原区　熊見,20241120,7,その他,駐車（輪）場,10歳代,高校生,施錠せず
窃盗,自転車盗,網干,勝原,282014,兵庫県,姫路市,勝原区　熊見,20241202,8,駐車（輪）場,駐車（輪）場,10歳代,高校生,施錠せず
窃盗,自転車盗,網干,勝原,282014,兵庫県,姫路市,勝原区　下太田,20241208,16,一戸建住宅,その他,30歳代,その他,施錠せず
窃盗,自転車盗,網干,勝原,282014,兵庫県,姫路市,勝原区　宮田,20240109,17,その他,その他,10歳代,中学生,施錠せず
窃盗,自転車盗,網干,勝原,282014,兵庫県,姫路市,勝原区　宮田,20240219,11,その他,駐車（輪）場,10歳代,大学生,施錠せず
窃盗,自転車盗,網干,勝原,282014,兵庫県,姫路市,勝原区　宮田,20231101,12,その他の住宅（３階建て以下共同住宅等）,駐車（輪）場,20歳代,その他,施錠した
窃盗,自転車盗,網干,勝原,282014,兵庫県,姫路市,勝原区　宮田,20240320,9,一戸建住宅,駐車（輪）場,40歳代,その他,施錠した
窃盗,自転車盗,網干,勝原,282014,兵庫県,姫路市,勝原区　宮田,不明,不明,その他の住宅（３階建て以下共同住宅等）,駐車（輪）場,30歳代,その他,施錠せず
窃盗,自転車盗,網干,勝原,282014,兵庫県,姫路市,勝原区　宮田,20240906,19,その他の住宅（３階建て以下共同住宅等）,駐車（輪）場,20歳代,その他,施錠せず
窃盗,自転車盗,網干,勝原,282014,兵庫県,姫路市,勝原区　山戸,20231231,22,一戸建住宅,駐車（輪）場,10歳代,高校生,施錠せず
窃盗,自転車盗,網干,天満,282014,兵庫県,姫路市,大津区　大津町２丁目,20240425,13,その他,駐車（輪）場,10歳代,高校生,施錠せず
窃盗,自転車盗,網干,天満,282014,兵庫県,姫路市,大津区　大津町２丁目,20240602,12,その他,駐車（輪）場,10歳代,中学生,施錠せず
窃盗,自転車盗,網干,天満,282014,兵庫県,姫路市,大津区　大津町２丁目,20241022,12,その他,駐車（輪）場,10歳代,高校生,施錠せず
窃盗,自転車盗,網干,天満,282014,兵庫県,姫路市,大津区　大津町２丁目,20241112,18,その他,駐車（輪）場,10歳代,高校生,施錠せず
窃盗,自転車盗,網干,天満,282014,兵庫県,姫路市,大津区　天満,20240202,12,その他,駐車（輪）場,70歳以上,その他,施錠せず
窃盗,自転車盗,網干,天満,282014,兵庫県,姫路市,大津区　長松,20240615,16,一戸建住宅,駐車（輪）場,50歳代,その他,施錠せず
窃盗,自転車盗,網干,天満,282014,兵庫県,姫路市,大津区　西土井,20240212,18,その他,駐車（輪）場,10歳代,その他,施錠せず
窃盗,自転車盗,網干,天満,282014,兵庫県,姫路市,勝原区　宮田,20240601,16,一戸建住宅,駐車（輪）場,10歳代,中学生,施錠せず
窃盗,自転車盗,網干,吉美,282014,兵庫県,姫路市,大津区　吉美,20240427,11,その他の住宅（３階建て以下共同住宅等）,駐車（輪）場,50歳代,その他,施錠せず
窃盗,自転車盗,網干,吉美,282014,兵庫県,姫路市,大津区　天神町２丁目,20231229,18,その他の住宅（３階建て以下共同住宅等）,駐車（輪）場,20歳代,その他,施錠せず
窃盗,自転車盗,網干,吉美,282014,兵庫県,姫路市,大津区　平松,20240127,22,駐車（輪）場,駐車（輪）場,40歳代,その他,施錠せず
窃盗,自転車盗,網干,吉美,282014,兵庫県,姫路市,大津区　平松,20240314,9,その他,駐車（輪）場,10歳代,その他,施錠した
窃盗,自転車盗,網干,吉美,282014,兵庫県,姫路市,大津区　平松,20240407,10,その他,駐車（輪）場,10歳代,高校生,施錠せず
窃盗,自転車盗,網干,吉美,282014,兵庫県,姫路市,大津区　平松,20240418,9,その他,駐車（輪）場,10歳代,高校生,施錠せず
窃盗,自転車盗,網干,吉美,282014,兵庫県,姫路市,大津区　平松,20240503,7,その他,駐車（輪）場,10歳代,高校生,施錠せず
窃盗,自転車盗,網干,吉美,282014,兵庫県,姫路市,大津区　平松,20241019,16,その他,駐車（輪）場,20歳代,その他,施錠した
窃盗,自転車盗,網干,吉美,282014,兵庫県,姫路市,大津区　平松,20241210,7,その他,駐車（輪）場,10歳代,高校生,施錠せず
窃盗,自転車盗,網干,広畑,282014,兵庫県,姫路市,広畑区　吾妻町１丁目,20240215,18,４階建て以上共同住宅,駐車（輪）場,10歳代,中学生,施錠せず
窃盗,自転車盗,網干,広畑,282014,兵庫県,姫路市,広畑区　吾妻町１丁目,20240727,13,その他の住宅（３階建て以下共同住宅等）,駐車（輪）場,20歳代,その他,施錠せず
窃盗,自転車盗,網干,広畑,282014,兵庫県,姫路市,広畑区　北野町１丁目,20241017,20,その他の住宅（３階建て以下共同住宅等）,駐車（輪）場,30歳代,その他,施錠した
窃盗,自転車盗,網干,広畑,282014,兵庫県,姫路市,広畑区　小松町１丁目,20240419,7,一戸建住宅,駐車（輪）場,60-64歳,その他,施錠せず
窃盗,自転車盗,網干,広畑,282014,兵庫県,姫路市,広畑区　小松町２丁目,20241001,18,その他の住宅（３階建て以下共同住宅等）,駐車（輪）場,20歳代,その他,施錠した
窃盗,自転車盗,網干,広畑,282014,兵庫県,姫路市,広畑区　才,20240525,13,４階建て以上共同住宅,駐車（輪）場,10歳代,中学生,施錠した
窃盗,自転車盗,網干,広畑,282014,兵庫県,姫路市,広畑区　才,20241204,18,その他,駐車（輪）場,10歳代,中学生,施錠せず
窃盗,自転車盗,網干,広畑,282014,兵庫県,姫路市,広畑区　正門通１丁目,20241010,16,その他,駐車（輪）場,10歳代,中学生,施錠した
窃盗,自転車盗,網干,広畑,282014,兵庫県,姫路市,広畑区　正門通３丁目,20240404,21,その他,駐車（輪）場,20歳代,その他,施錠した
窃盗,自転車盗,網干,広畑,282014,兵庫県,姫路市,広畑区　正門通３丁目,20240917,7,その他,駐車（輪）場,10歳代,高校生,施錠せず
窃盗,自転車盗,網干,広畑,282014,兵庫県,姫路市,広畑区　正門通３丁目,20241118,7,その他,駐車（輪）場,10歳代,その他,施錠せず
窃盗,自転車盗,網干,広畑,282014,兵庫県,姫路市,広畑区　早瀬町３丁目,20240916,9,一戸建住宅,駐車（輪）場,50歳代,その他,施錠せず
窃盗,自転車盗,網干,広畑,282014,兵庫県,姫路市,広畑区　東新町１丁目,20240911,15,その他,駐車（輪）場,40歳代,その他,施錠せず
窃盗,自転車盗,網干,広畑,282014,兵庫県,姫路市,広畑区　東新町１丁目,20240926,18,４階建て以上共同住宅,駐車（輪）場,50歳代,その他,施錠せず
窃盗,自転車盗,網干,広畑,282014,兵庫県,姫路市,広畑区　東新町１丁目,20241114,18,その他,その他,10歳代,中学生,施錠せず
窃盗,自転車盗,網干,広畑,282014,兵庫県,姫路市,広畑区　東新町２丁目,20240312,3,４階建て以上共同住宅,その他,30歳代,その他,施錠せず
窃盗,自転車盗,網干,広畑,282014,兵庫県,姫路市,広畑区　東新町３丁目,20240219,7,駐車（輪）場,駐車（輪）場,10歳代,高校生,施錠せず
窃盗,自転車盗,網干,広畑,282014,兵庫県,姫路市,広畑区　東新町３丁目,20240329,17,その他,駐車（輪）場,10歳代,その他,施錠せず
窃盗,自転車盗,網干,広畑,282014,兵庫県,姫路市,広畑区　東新町３丁目,20241123,10,その他,駐車（輪）場,30歳代,その他,施錠せず
窃盗,自転車盗,網干,広畑,282014,兵庫県,姫路市,広畑区　夢前町１丁目,20240126,16,その他,駐車（輪）場,10歳代,中学生,施錠した
窃盗,自転車盗,網干,広畑,282014,兵庫県,姫路市,広畑区　夢前町１丁目,20240629,12,その他,駐車（輪）場,50歳代,その他,施錠せず
窃盗,自転車盗,網干,広畑,282014,兵庫県,姫路市,広畑区　夢前町１丁目,20240707,20,その他,駐車（輪）場,10歳代,大学生,施錠せず
窃盗,自転車盗,網干,広畑,282014,兵庫県,姫路市,広畑区　夢前町１丁目,20240713,15,その他,駐車（輪）場,70歳以上,その他,施錠せず
窃盗,自転車盗,網干,広畑,282014,兵庫県,姫路市,広畑区　夢前町３丁目,20240531,19,その他,駐車（輪）場,20歳代,その他,施錠せず
窃盗,自転車盗,網干,広畑,282014,兵庫県,姫路市,広畑区　末広町末広町,20240719,12,その他,駐車（輪）場,10歳代,高校生,施錠せず
窃盗,自転車盗,網干,八幡,282014,兵庫県,姫路市,広畑区　蒲田３丁目,20240401,10,一戸建住宅,駐車（輪）場,20歳代,大学生,施錠した
窃盗,自転車盗,網干,八幡,282014,兵庫県,姫路市,広畑区　蒲田４丁目,20241222,12,その他,その他,10歳代,小学生,施錠せず
窃盗,自転車盗,網干,八幡,282014,兵庫県,姫路市,広畑区　才,20240216,19,その他の住宅（３階建て以下共同住宅等）,駐車（輪）場,10歳代,その他,施錠せず
窃盗,自転車盗,網干,八幡,282014,兵庫県,姫路市,広畑区　才,20240912,21,その他の住宅（３階建て以下共同住宅等）,駐車（輪）場,20歳代,その他,施錠せず
窃盗,自転車盗,網干,八幡,282014,兵庫県,姫路市,広畑区　城山町,20231227,16,その他,その他,50歳代,その他,施錠した
窃盗,自転車盗,網干,八幡,282014,兵庫県,姫路市,広畑区　西蒲田,20240202,9,その他の住宅（３階建て以下共同住宅等）,駐車（輪）場,65-69歳,その他,施錠した
窃盗,自転車盗,網干,八幡,282014,兵庫県,姫路市,広畑区　西蒲田,20241012,22,一戸建住宅,駐車（輪）場,10歳代,中学生,施錠せず
窃盗,自転車盗,網干,八幡,282014,兵庫県,姫路市,広畑区　西夢前台５丁目,20240928,22,４階建て以上共同住宅,駐車（輪）場,10歳代,中学生,施錠せず
窃盗,自転車盗,福崎,福崎駅前,284432,兵庫県,福崎町,馬田,20240213,16,一戸建住宅,その他,10歳代,高校生,施錠した
窃盗,自転車盗,福崎,福崎駅前,284432,兵庫県,福崎町,田口,20240518,9,４階建て以上共同住宅,駐車（輪）場,10歳代,大学生,施錠した
窃盗,自転車盗,福崎,福崎東,284432,兵庫県,福崎町,西田原,20240706,18,その他,駐車（輪）場,30歳代,その他,施錠せず
窃盗,自転車盗,福崎,福崎東,284432,兵庫県,福崎町,南田原,20240809,20,その他,その他,10歳代,高校生,施錠せず
窃盗,自転車盗,福崎,粟賀,284467,兵庫県,神河町,福本,20240902,12,一戸建住宅,その他,20歳代,その他,施錠せず
窃盗,自転車盗,福崎,粟賀,284467,兵庫県,神河町,粟賀町,20240413,2,一戸建住宅,その他,10歳代,高校生,施錠せず
窃盗,自転車盗,福崎,粟賀,284467,兵庫県,神河町,杉,20240414,20,一戸建住宅,駐車（輪）場,40歳代,その他,施錠せず
窃盗,自転車盗,福崎,市川,284424,兵庫県,市川町,甘地,20240104,16,その他,駐車（輪）場,20歳代,その他,施錠せず
窃盗,自転車盗,福崎,市川,284424,兵庫県,市川町,甘地,20240726,10,その他,その他,10歳代,高校生,施錠せず
窃盗,自転車盗,福崎,市川,284424,兵庫県,市川町,小室,20240202,20,その他,駐車（輪）場,20歳代,その他,施錠せず
窃盗,自転車盗,福崎,市川,284424,兵庫県,市川町,近平,20240716,8,その他,駐車（輪）場,20歳代,その他,施錠せず
窃盗,自転車盗,福崎,市川,284424,兵庫県,市川町,鶴居,20240418,18,その他,駐車（輪）場,10歳代,その他,施錠せず
窃盗,自転車盗,福崎,市川,284424,兵庫県,市川町,鶴居,20241004,11,その他,駐車（輪）場,10歳代,その他,施錠せず
窃盗,自転車盗,福崎,寺前,284467,兵庫県,神河町,新野,20241007,13,駐車（輪）場,駐車（輪）場,10歳代,高校生,施錠せず
窃盗,自転車盗,福崎,寺前,284467,兵庫県,神河町,新野,20241004,18,駐車（輪）場,駐車（輪）場,10歳代,高校生,施錠せず
窃盗,自転車盗,たつの,本龍野駅前,282294,兵庫県,たつの市,龍野町　中村,20240407,13,駐車（輪）場,駐車（輪）場,10歳代,中学生,施錠せず
窃盗,自転車盗,たつの,本龍野駅前,282294,兵庫県,たつの市,龍野町　堂本,20240209,6,その他,駐車（輪）場,60-64歳,その他,施錠せず
窃盗,自転車盗,たつの,本龍野駅前,282294,兵庫県,たつの市,龍野町　堂本,20241223,7,その他,駐車（輪）場,10歳代,高校生,施錠せず
窃盗,自転車盗,たつの,本龍野駅前,282294,兵庫県,たつの市,龍野町　富永,20240803,19,その他,駐車（輪）場,10歳代,高校生,施錠せず
窃盗,自転車盗,たつの,本龍野駅前,282294,兵庫県,たつの市,龍野町　富永,20240701,不明,４階建て以上共同住宅,駐車（輪）場,30歳代,その他,施錠した
窃盗,自転車盗,たつの,本龍野駅前,282294,兵庫県,たつの市,龍野町　中村,20240112,7,その他,駐車（輪）場,10歳代,高校生,施錠せず
窃盗,自転車盗,たつの,本龍野駅前,282294,兵庫県,たつの市,龍野町　中村,20240218,7,駐車（輪）場,駐車（輪）場,10歳代,中学生,施錠せず
窃盗,自転車盗,たつの,本龍野駅前,282294,兵庫県,たつの市,龍野町　中村,20240228,7,その他,駐車（輪）場,10歳代,高校生,施錠せず
窃盗,自転車盗,たつの,本龍野駅前,282294,兵庫県,たつの市,龍野町　中村,20240228,7,その他,駐車（輪）場,10歳代,高校生,施錠せず
窃盗,自転車盗,たつの,本龍野駅前,282294,兵庫県,たつの市,龍野町　中村,20240222,7,その他,駐車（輪）場,10歳代,高校生,施錠せず
窃盗,自転車盗,たつの,本龍野駅前,282294,兵庫県,たつの市,龍野町　中村,20240310,13,その他,駐車（輪）場,10歳代,高校生,施錠せず
窃盗,自転車盗,たつの,本龍野駅前,282294,兵庫県,たつの市,龍野町　中村,20240526,16,その他,駐車（輪）場,20歳代,その他,施錠せず
窃盗,自転車盗,たつの,本龍野駅前,282294,兵庫県,たつの市,龍野町　中村,20240710,7,その他,駐車（輪）場,10歳代,高校生,施錠せず
窃盗,自転車盗,たつの,本龍野駅前,282294,兵庫県,たつの市,龍野町　中村,20240716,12,その他,駐車（輪）場,40歳代,その他,施錠せず
窃盗,自転車盗,たつの,本龍野駅前,282294,兵庫県,たつの市,龍野町　中村,20240802,17,その他,駐車（輪）場,20歳代,その他,施錠した
窃盗,自転車盗,たつの,本龍野駅前,282294,兵庫県,たつの市,龍野町　中村,20240819,6,その他,駐車（輪）場,20歳代,大学生,施錠せず
窃盗,自転車盗,たつの,本龍野駅前,282294,兵庫県,たつの市,龍野町　中村,20241013,7,その他,駐車（輪）場,20歳代,その他,施錠せず
窃盗,自転車盗,たつの,本龍野駅前,282294,兵庫県,たつの市,龍野町　中村,20241020,8,その他,駐車（輪）場,10歳代,高校生,施錠せず
窃盗,自転車盗,たつの,神部,282294,兵庫県,たつの市,揖保川町　黍田,20240330,12,その他,その他,20歳代,その他,施錠した
窃盗,自転車盗,たつの,神部,282294,兵庫県,たつの市,揖保川町　神戸北山,20240125,20,駐車（輪）場,駐車（輪）場,10歳代,中学生,施錠した
窃盗,自転車盗,たつの,神部,282294,兵庫県,たつの市,揖保川町　黍田,20240811,7,その他,その他,10歳代,大学生,施錠せず
窃盗,自転車盗,たつの,斑鳩,284645,兵庫県,太子町,鵤,20241002,18,その他の住宅（３階建て以下共同住宅等）,駐車（輪）場,20歳代,その他,施錠せず
窃盗,自転車盗,たつの,斑鳩,284645,兵庫県,太子町,鵤,20241021,14,その他,駐車（輪）場,10歳代,中学生,施錠せず
窃盗,自転車盗,たつの,斑鳩,284645,兵庫県,太子町,鵤,20241109,15,その他,駐車（輪）場,10歳代,中学生,施錠せず
窃盗,自転車盗,たつの,斑鳩,284645,兵庫県,太子町,糸井,20241026,23,その他の住宅（３階建て以下共同住宅等）,駐車（輪）場,30歳代,その他,施錠せず
窃盗,自転車盗,たつの,斑鳩,284645,兵庫県,太子町,東出,20241021,7,その他,駐車（輪）場,40歳代,その他,施錠せず
窃盗,自転車盗,たつの,斑鳩,284645,兵庫県,太子町,東南,20240206,22,駐車（輪）場,駐車（輪）場,20歳代,その他,施錠せず
窃盗,自転車盗,たつの,斑鳩,284645,兵庫県,太子町,東南,20240504,15,その他,駐車（輪）場,10歳代,高校生,施錠せず
窃盗,自転車盗,たつの,斑鳩,284645,兵庫県,太子町,東南,20241223,15,その他,駐車（輪）場,10歳代,中学生,施錠せず
窃盗,自転車盗,たつの,斑鳩,284645,兵庫県,太子町,東保,20240423,12,駐車（輪）場,駐車（輪）場,60-64歳,その他,施錠せず
窃盗,自転車盗,たつの,太田,284645,兵庫県,太子町,太田,20240229,11,その他,駐車（輪）場,70歳以上,その他,施錠した
窃盗,自転車盗,たつの,太田,284645,兵庫県,太子町,東出,20240724,18,その他,駐車（輪）場,20歳代,その他,施錠せず
窃盗,自転車盗,たつの,太田,284645,兵庫県,太子町,東出,20241015,16,その他,駐車（輪）場,10歳代,高校生,施錠せず
窃盗,自転車盗,たつの,太田,284645,兵庫県,太子町,東出,20241212,14,その他,駐車（輪）場,10歳代,高校生,施錠せず
窃盗,自転車盗,たつの,新宮,282294,兵庫県,たつの市,新宮町　新宮,20241101,7,その他,その他,10歳代,中学生,施錠せず
窃盗,自転車盗,たつの,新宮,282294,兵庫県,たつの市,新宮町　宮内,20241215,8,その他,駐車（輪）場,10歳代,高校生,施錠せず
窃盗,自転車盗,たつの,佐用,285013,兵庫県,佐用町,佐用,20240819,12,その他の住宅（３階建て以下共同住宅等）,駐車（輪）場,10歳代,高校生,施錠せず
窃盗,自転車盗,たつの,大住寺,282294,兵庫県,たつの市,神岡町　大住寺,20240613,7,その他,駐車（輪）場,10歳代,高校生,施錠せず
窃盗,自転車盗,たつの,大住寺,282294,兵庫県,たつの市,神岡町　大住寺,20240624,7,その他,駐車（輪）場,10歳代,その他,施錠せず
窃盗,自転車盗,たつの,大住寺,282294,兵庫県,たつの市,神岡町　大住寺,20240624,6,その他,駐車（輪）場,50歳代,その他,施錠せず
窃盗,自転車盗,たつの,大住寺,282294,兵庫県,たつの市,神岡町　大住寺,20240530,11,その他,駐車（輪）場,10歳代,高校生,施錠せず
窃盗,自転車盗,たつの,大住寺,282294,兵庫県,たつの市,神岡町　大住寺,20240930,8,その他,駐車（輪）場,30歳代,その他,施錠せず
窃盗,自転車盗,たつの,大住寺,282294,兵庫県,たつの市,神岡町　大住寺,20241015,不明,その他,駐車（輪）場,60-64歳,その他,施錠せず
窃盗,自転車盗,たつの,誉田,282294,兵庫県,たつの市,誉田町　広山,20240402,18,その他,駐車（輪）場,10歳代,大学生,施錠せず
窃盗,自転車盗,たつの,誉田,282294,兵庫県,たつの市,誉田町　広山,20241221,11,その他の住宅（３階建て以下共同住宅等）,駐車（輪）場,60-64歳,その他,施錠せず
窃盗,自転車盗,たつの,中垣内,282294,兵庫県,たつの市,揖西町　小神,20240810,19,その他の住宅（３階建て以下共同住宅等）,駐車（輪）場,10歳代,高校生,施錠せず
窃盗,自転車盗,たつの,中垣内,282294,兵庫県,たつの市,揖西町　小神,20240719,16,その他の住宅（３階建て以下共同住宅等）,駐車（輪）場,10歳代,中学生,施錠せず
窃盗,自転車盗,たつの,越部,282294,兵庫県,たつの市,新宮町　下野田,20240116,16,その他,その他,10歳未満,小学生,施錠せず
窃盗,自転車盗,たつの,香島,282294,兵庫県,たつの市,新宮町　香山,20240624,8,一戸建住宅,駐車（輪）場,10歳代,その他,施錠せず
窃盗,自転車盗,相生,相生駅前,282081,兵庫県,相生市,本郷町,20240221,7,駐車（輪）場,駐車（輪）場,10歳代,高校生,施錠せず
窃盗,自転車盗,相生,那波野,282081,兵庫県,相生市,赤坂１丁目,20240716,23,その他の住宅（３階建て以下共同住宅等）,駐車（輪）場,10歳代,大学生,施錠せず
窃盗,自転車盗,相生,中央通,282081,兵庫県,相生市,旭３丁目,20241130,17,その他,駐車（輪）場,10歳代,中学生,施錠せず
窃盗,自転車盗,相生,丘の台,282081,兵庫県,相生市,千尋町,20240309,8,駐車（輪）場,駐車（輪）場,10歳代,中学生,施錠せず
窃盗,自転車盗,相生,丘の台,282081,兵庫県,相生市,千尋町,20240524,6,駐車（輪）場,駐車（輪）場,20歳代,その他,施錠せず
窃盗,自転車盗,相生,丘の台,282081,兵庫県,相生市,千尋町,20240530,17,駐車（輪）場,駐車（輪）場,10歳代,高校生,施錠した
窃盗,自転車盗,相生,丘の台,282081,兵庫県,相生市,千尋町,20240726,22,駐車（輪）場,駐車（輪）場,10歳代,高校生,施錠せず
窃盗,自転車盗,相生,丘の台,282081,兵庫県,相生市,千尋町,20241112,8,駐車（輪）場,駐車（輪）場,10歳代,大学生,施錠せず
窃盗,自転車盗,相生,丘の台,282081,兵庫県,相生市,千尋町,20241225,13,駐車（輪）場,駐車（輪）場,10歳代,高校生,施錠せず
窃盗,自転車盗,相生,丘の台,282081,兵庫県,相生市,那波南本町,20240414,17,その他,駐車（輪）場,10歳代,大学生,施錠せず
窃盗,自転車盗,赤穂,赤穂駅前,282120,兵庫県,赤穂市,加里屋,20240318,9,その他,その他,10歳代,高校生,施錠せず
窃盗,自転車盗,赤穂,赤穂駅前,282120,兵庫県,赤穂市,加里屋,20240405,8,その他,駐車（輪）場,40歳代,その他,施錠せず
窃盗,自転車盗,赤穂,赤穂駅前,282120,兵庫県,赤穂市,加里屋,20240415,6,その他,駐車（輪）場,10歳代,高校生,施錠せず
窃盗,自転車盗,赤穂,赤穂駅前,282120,兵庫県,赤穂市,加里屋,20240427,14,その他,駐車（輪）場,10歳代,中学生,施錠せず
窃盗,自転車盗,赤穂,赤穂駅前,282120,兵庫県,赤穂市,加里屋,20240505,23,道路上,その他,10歳代,その他,施錠せず
窃盗,自転車盗,赤穂,赤穂駅前,282120,兵庫県,赤穂市,加里屋,20240728,7,駐車（輪）場,駐車（輪）場,10歳代,高校生,施錠せず
窃盗,自転車盗,赤穂,赤穂駅前,282120,兵庫県,赤穂市,加里屋,20241020,17,その他,駐車（輪）場,10歳代,大学生,施錠せず
窃盗,自転車盗,赤穂,赤穂駅前,282120,兵庫県,赤穂市,加里屋,20241029,19,４階建て以上共同住宅,駐車（輪）場,30歳代,その他,施錠せず
窃盗,自転車盗,赤穂,赤穂駅前,282120,兵庫県,赤穂市,加里屋,20241030,10,その他,駐車（輪）場,20歳代,大学生,施錠せず
窃盗,自転車盗,赤穂,赤穂駅前,282120,兵庫県,赤穂市,加里屋,20241031,13,その他,その他,20歳代,大学生,施錠せず
窃盗,自転車盗,赤穂,赤穂駅前,282120,兵庫県,赤穂市,加里屋,20241218,21,その他,駐車（輪）場,20歳代,その他,施錠せず
窃盗,自転車盗,赤穂,赤穂駅前,282120,兵庫県,赤穂市,中広,20240806,17,その他,駐車（輪）場,50歳代,その他,施錠した
窃盗,自転車盗,赤穂,赤穂駅前,282120,兵庫県,赤穂市,元町,20240608,7,道路上,その他,10歳代,高校生,施錠せず
窃盗,自転車盗,赤穂,赤穂駅前,282120,兵庫県,赤穂市,元町,20240901,7,その他,その他,10歳代,高校生,施錠せず
窃盗,自転車盗,赤穂,塩屋,282120,兵庫県,赤穂市,大町,20240819,18,その他の住宅（３階建て以下共同住宅等）,駐車（輪）場,20歳代,その他,施錠せず
窃盗,自転車盗,赤穂,塩屋,282120,兵庫県,赤穂市,城西町,20240901,4,その他の住宅（３階建て以下共同住宅等）,駐車（輪）場,20歳代,大学生,施錠せず
窃盗,自転車盗,赤穂,塩屋,282120,兵庫県,赤穂市,長池町,20240115,11,一戸建住宅,駐車（輪）場,40歳代,その他,施錠せず
窃盗,自転車盗,赤穂,大橋,282120,兵庫県,赤穂市,尾崎,20240130,16,４階建て以上共同住宅,駐車（輪）場,10歳代,中学生,施錠せず
窃盗,自転車盗,赤穂,大橋,282120,兵庫県,赤穂市,加里屋中洲６丁目,20240730,15,その他の住宅（３階建て以下共同住宅等）,駐車（輪）場,20歳代,大学生,施錠せず
窃盗,自転車盗,赤穂,大橋,282120,兵庫県,赤穂市,清水町,20240825,21,一戸建住宅,駐車（輪）場,10歳代,高校生,施錠せず
窃盗,自転車盗,赤穂,大橋,282120,兵庫県,赤穂市,中広,20240126,15,４階建て以上共同住宅,駐車（輪）場,50歳代,その他,施錠せず
窃盗,自転車盗,赤穂,大橋,282120,兵庫県,赤穂市,本水尾町,20240923,18,道路上,その他,10歳代,中学生,施錠せず
窃盗,自転車盗,赤穂,大橋,282120,兵庫県,赤穂市,元禄橋町,20240220,14,その他の住宅（３階建て以下共同住宅等）,駐車（輪）場,30歳代,その他,施錠せず
窃盗,自転車盗,赤穂,有年,282120,兵庫県,赤穂市,有年横尾,20240217,16,その他,駐車（輪）場,10歳代,高校生,施錠した
窃盗,自転車盗,赤穂,有年,282120,兵庫県,赤穂市,有年横尾,20240704,7,その他,駐車（輪）場,10歳代,大学生,施錠せず
窃盗,自転車盗,赤穂,有年,282120,兵庫県,赤穂市,有年横尾,20240827,6,その他,駐車（輪）場,10歳代,中学生,施錠せず
窃盗,自転車盗,赤穂,有年,282120,兵庫県,赤穂市,有年原,20240912,16,その他,駐車（輪）場,10歳代,大学生,施錠せず
窃盗,自転車盗,赤穂,新田,282120,兵庫県,赤穂市,新田,20240425,13,その他,駐車（輪）場,10歳代,大学生,施錠せず
窃盗,自転車盗,赤穂,新田,282120,兵庫県,赤穂市,新田,20240703,10,その他,駐車（輪）場,20歳代,大学生,施錠せず
窃盗,自転車盗,赤穂,新田,282120,兵庫県,赤穂市,黒崎町,20241011,1,その他の住宅（３階建て以下共同住宅等）,駐車（輪）場,20歳代,大学生,施錠せず
窃盗,自転車盗,赤穂,御崎,282120,兵庫県,赤穂市,正保橋町,20241121,7,一戸建住宅,駐車（輪）場,20歳代,その他,施錠せず
窃盗,自転車盗,赤穂,坂越駅前,282120,兵庫県,赤穂市,北野中,20240108,19,その他の住宅（３階建て以下共同住宅等）,駐車（輪）場,10歳代,高校生,施錠せず
窃盗,自転車盗,赤穂,坂越駅前,282120,兵庫県,赤穂市,浜市,20240214,9,駐車（輪）場,駐車（輪）場,10歳代,高校生,施錠せず
窃盗,自転車盗,赤穂,坂越駅前,282120,兵庫県,赤穂市,浜市,20240626,19,駐車（輪）場,駐車（輪）場,20歳代,その他,施錠せず
窃盗,自転車盗,赤穂,坂越駅前,282120,兵庫県,赤穂市,砂子,20240814,8,その他の住宅（３階建て以下共同住宅等）,駐車（輪）場,10歳代,高校生,施錠せず
窃盗,自転車盗,宍粟,山崎中央,282278,兵庫県,宍粟市,山崎町　上寺,20240805,7,その他の住宅（３階建て以下共同住宅等）,駐車（輪）場,40歳代,その他,施錠せず
窃盗,自転車盗,宍粟,山崎中央,282278,兵庫県,宍粟市,山崎町　加生,20240706,8,その他,駐車（輪）場,10歳代,高校生,施錠せず
窃盗,自転車盗,宍粟,山崎中央,282278,兵庫県,宍粟市,山崎町　鹿沢,20240521,18,その他,駐車（輪）場,10歳代,高校生,施錠した
窃盗,自転車盗,宍粟,山崎中央,282278,兵庫県,宍粟市,山崎町　鹿沢,20240601,11,その他,駐車（輪）場,10歳代,高校生,施錠せず
窃盗,自転車盗,宍粟,山崎中央,282278,兵庫県,宍粟市,山崎町　鹿沢,20240610,6,その他,駐車（輪）場,10歳代,高校生,施錠せず
窃盗,自転車盗,宍粟,山崎中央,282278,兵庫県,宍粟市,山崎町　鹿沢,20240704,9,その他,駐車（輪）場,10歳代,高校生,施錠せず
窃盗,自転車盗,宍粟,山崎中央,282278,兵庫県,宍粟市,山崎町　鹿沢,20240719,7,その他,駐車（輪）場,10歳代,高校生,施錠せず
窃盗,自転車盗,宍粟,山崎中央,282278,兵庫県,宍粟市,山崎町　鹿沢,20240818,16,駐車（輪）場,駐車（輪）場,10歳代,高校生,施錠せず
窃盗,自転車盗,宍粟,山崎中央,282278,兵庫県,宍粟市,山崎町　鹿沢,20240802,18,道路上,その他,10歳代,高校生,施錠せず
窃盗,自転車盗,宍粟,山崎中央,282278,兵庫県,宍粟市,山崎町　鹿沢,20240906,19,その他,駐車（輪）場,10歳代,高校生,施錠せず
窃盗,自転車盗,宍粟,山崎中央,282278,兵庫県,宍粟市,山崎町　鹿沢,20241003,6,駐車（輪）場,駐車（輪）場,10歳代,高校生,施錠せず
窃盗,自転車盗,宍粟,山崎中央,282278,兵庫県,宍粟市,山崎町　鹿沢,20241002,7,駐車（輪）場,駐車（輪）場,10歳代,その他,施錠せず
窃盗,自転車盗,宍粟,山崎中央,282278,兵庫県,宍粟市,山崎町　鹿沢,20241027,8,その他,駐車（輪）場,20歳代,その他,施錠せず
窃盗,自転車盗,宍粟,山崎中央,282278,兵庫県,宍粟市,山崎町　鹿沢,20241112,15,その他,駐車（輪）場,10歳代,高校生,施錠せず
窃盗,自転車盗,宍粟,山崎中央,282278,兵庫県,宍粟市,山崎町　鹿沢,20241212,6,その他,駐車（輪）場,10歳代,高校生,施錠せず
窃盗,自転車盗,宍粟,山崎中央,282278,兵庫県,宍粟市,山崎町　庄能,20240620,8,その他の住宅（３階建て以下共同住宅等）,駐車（輪）場,65-69歳,その他,施錠せず
窃盗,自転車盗,宍粟,山崎中央,282278,兵庫県,宍粟市,山崎町　庄能,20240823,15,一戸建住宅,その他,10歳未満,小学生,施錠せず
窃盗,自転車盗,宍粟,山崎中央,282278,兵庫県,宍粟市,山崎町　中井,20241102,14,その他,駐車（輪）場,20歳代,その他,施錠せず
窃盗,自転車盗,宍粟,山崎中央,282278,兵庫県,宍粟市,山崎町　中井,20241103,15,その他,駐車（輪）場,10歳代,中学生,施錠せず
窃盗,自転車盗,宍粟,高下,282278,兵庫県,宍粟市,山崎町　青木,20240501,0,一戸建住宅,その他,40歳代,その他,施錠した
窃盗,自転車盗,南但馬,和田山駅前,282251,兵庫県,朝来市,和田山町　寺谷,20230901,0,その他,その他,10歳代,その他,施錠せず
窃盗,自転車盗,南但馬,和田山駅前,282251,兵庫県,朝来市,和田山町　東谷,20241015,9,その他,駐車（輪）場,20歳代,その他,施錠せず
窃盗,自転車盗,南但馬,和田山駅前,282251,兵庫県,朝来市,和田山町　東谷,20241211,7,駐車（輪）場,駐車（輪）場,10歳代,高校生,施錠せず
窃盗,自転車盗,南但馬,和田山駅前,282251,兵庫県,朝来市,和田山町　和田山,20241005,12,一戸建住宅,駐車（輪）場,40歳代,その他,施錠せず
窃盗,自転車盗,南但馬,八鹿駅前,282227,兵庫県,養父市,八鹿町　八鹿,20240527,7,その他,駐車（輪）場,10歳代,高校生,施錠せず
窃盗,自転車盗,南但馬,八鹿駅前,282227,兵庫県,養父市,八鹿町　八鹿,20241017,12,駐車（輪）場,駐車（輪）場,10歳代,高校生,施錠せず
窃盗,自転車盗,南但馬,八鹿駅前,282227,兵庫県,養父市,八鹿町　八鹿,20241009,13,駐車（輪）場,駐車（輪）場,20歳代,その他,施錠せず
窃盗,自転車盗,南但馬,八鹿駅前,282227,兵庫県,養父市,八鹿町　八鹿,20241128,12,その他,駐車（輪）場,10歳代,高校生,施錠せず
窃盗,自転車盗,南但馬,宮田,282251,兵庫県,朝来市,和田山町　土田,20240704,17,一戸建住宅,駐車（輪）場,10歳代,高校生,施錠せず
窃盗,自転車盗,南但馬,宮田,282251,兵庫県,朝来市,和田山町　宮田,20240630,8,一戸建住宅,駐車（輪）場,10歳代,大学生,施錠せず
窃盗,自転車盗,南但馬,広谷,282227,兵庫県,養父市,上箇,20240106,15,一戸建住宅,駐車（輪）場,50歳代,その他,施錠せず
窃盗,自転車盗,南但馬,広谷,282227,兵庫県,養父市,広谷,20240526,15,駐車（輪）場,駐車（輪）場,60-64歳,その他,施錠せず
窃盗,自転車盗,豊岡,豊岡駅前,282090,兵庫県,豊岡市,泉町,20241209,8,駐車（輪）場,駐車（輪）場,40歳代,その他,施錠せず
窃盗,自転車盗,豊岡,豊岡駅前,282090,兵庫県,豊岡市,大手町,20240520,10,その他,駐車（輪）場,70歳以上,その他,施錠した
窃盗,自転車盗,豊岡,豊岡駅前,282090,兵庫県,豊岡市,大手町,20240628,9,その他,駐車（輪）場,10歳代,高校生,施錠せず
窃盗,自転車盗,豊岡,豊岡駅前,282090,兵庫県,豊岡市,大手町,20240717,18,その他,駐車（輪）場,20歳代,大学生,施錠せず
窃盗,自転車盗,豊岡,豊岡駅前,282090,兵庫県,豊岡市,大手町,20240809,12,その他,その他,10歳代,高校生,施錠せず
窃盗,自転車盗,豊岡,豊岡駅前,282090,兵庫県,豊岡市,大手町,20240820,14,駐車（輪）場,駐車（輪）場,30歳代,その他,施錠せず
窃盗,自転車盗,豊岡,豊岡駅前,282090,兵庫県,豊岡市,加広町,20241120,17,その他,駐車（輪）場,20歳代,大学生,施錠した
窃盗,自転車盗,豊岡,豊岡駅前,282090,兵庫県,豊岡市,正法寺,20240131,15,その他の住宅（３階建て以下共同住宅等）,駐車（輪）場,70歳以上,その他,施錠した
窃盗,自転車盗,豊岡,豊岡駅前,282090,兵庫県,豊岡市,正法寺,20240719,13,その他の住宅（３階建て以下共同住宅等）,駐車（輪）場,10歳代,高校生,施錠せず
窃盗,自転車盗,豊岡,豊岡駅前,282090,兵庫県,豊岡市,正法寺,20240925,20,その他の住宅（３階建て以下共同住宅等）,駐車（輪）場,10歳代,高校生,施錠せず
窃盗,自転車盗,豊岡,豊岡駅前,282090,兵庫県,豊岡市,正法寺,20241017,16,その他の住宅（３階建て以下共同住宅等）,駐車（輪）場,10歳代,高校生,施錠せず
窃盗,自転車盗,豊岡,豊岡駅前,282090,兵庫県,豊岡市,若松町,20241202,19,一戸建住宅,駐車（輪）場,70歳以上,その他,施錠した
窃盗,自転車盗,豊岡,立野,282090,兵庫県,豊岡市,桜町,20240928,0,その他の住宅（３階建て以下共同住宅等）,駐車（輪）場,20歳代,その他,施錠した
窃盗,自転車盗,豊岡,立野,282090,兵庫県,豊岡市,昭和町,20240731,10,その他,駐車（輪）場,40歳代,その他,施錠した
窃盗,自転車盗,豊岡,下陰,282090,兵庫県,豊岡市,下陰,20240514,15,４階建て以上共同住宅,その他,70歳以上,その他,施錠せず
窃盗,自転車盗,豊岡,下陰,282090,兵庫県,豊岡市,中陰,20240513,7,一戸建住宅,その他,70歳以上,その他,施錠せず
窃盗,自転車盗,豊岡,下陰,282090,兵庫県,豊岡市,中陰,20240511,13,一戸建住宅,駐車（輪）場,40歳代,その他,施錠せず
窃盗,自転車盗,豊岡,下陰,282090,兵庫県,豊岡市,福田,20240107,4,一戸建住宅,その他,10歳代,高校生,施錠した
窃盗,自転車盗,豊岡,城崎温泉駅前,282090,兵庫県,豊岡市,城崎町　湯島,20240720,17,その他,駐車（輪）場,40歳代,その他,施錠した
窃盗,自転車盗,豊岡,日高,282090,兵庫県,豊岡市,日高町　江原,20240710,7,その他,駐車（輪）場,10歳代,高校生,施錠せず
窃盗,自転車盗,豊岡,日高,282090,兵庫県,豊岡市,日高町　江原,20240908,10,その他,駐車（輪）場,20歳代,その他,施錠せず
窃盗,自転車盗,豊岡,日高,282090,兵庫県,豊岡市,日高町　鶴岡,20240717,20,４階建て以上共同住宅,駐車（輪）場,10歳代,中学生,施錠せず
窃盗,自転車盗,豊岡,日高,282090,兵庫県,豊岡市,日高町　日置,20241026,9,その他,駐車（輪）場,50歳代,その他,施錠せず
窃盗,自転車盗,豊岡,神美,282090,兵庫県,豊岡市,三宅,20241011,22,その他,駐車（輪）場,40歳代,その他,施錠せず
窃盗,自転車盗,豊岡,九日市,282090,兵庫県,豊岡市,九日市上町,20240830,9,その他,駐車（輪）場,20歳代,その他,施錠せず
窃盗,自転車盗,豊岡,小坂,282090,兵庫県,豊岡市,出石町　鳥居,20240802,18,一戸建住宅,駐車（輪）場,50歳代,その他,施錠せず
窃盗,自転車盗,美方,香住駅前,285854,兵庫県,香美町,香住区　若松,20240229,14,一戸建住宅,駐車（輪）場,70歳以上,その他,施錠せず
窃盗,自転車盗,洲本,内町,282057,兵庫県,洲本市,海岸通２丁目,20240224,22,その他の住宅（３階建て以下共同住宅等）,駐車（輪）場,10歳代,高校生,施錠せず
窃盗,自転車盗,洲本,内町,282057,兵庫県,洲本市,塩屋１丁目,20240207,15,その他,駐車（輪）場,50歳代,その他,施錠せず
窃盗,自転車盗,洲本,内町,282057,兵庫県,洲本市,塩屋１丁目,20240422,17,その他,駐車（輪）場,10歳代,高校生,施錠せず
窃盗,自転車盗,洲本,内町,282057,兵庫県,洲本市,塩屋１丁目,20240520,7,その他,駐車（輪）場,10歳代,高校生,施錠せず
窃盗,自転車盗,洲本,内町,282057,兵庫県,洲本市,塩屋１丁目,20240601,12,その他,駐車（輪）場,10歳代,高校生,施錠せず
窃盗,自転車盗,洲本,内町,282057,兵庫県,洲本市,塩屋１丁目,20240906,18,その他,駐車（輪）場,10歳代,高校生,施錠せず
窃盗,自転車盗,洲本,内町,282057,兵庫県,洲本市,塩屋１丁目,20241006,9,その他,駐車（輪）場,10歳代,中学生,施錠せず
窃盗,自転車盗,洲本,内町,282057,兵庫県,洲本市,塩屋１丁目,20241015,20,その他,駐車（輪）場,10歳代,中学生,施錠せず
窃盗,自転車盗,洲本,内町,282057,兵庫県,洲本市,塩屋１丁目,20241014,10,その他,駐車（輪）場,10歳代,高校生,施錠せず
窃盗,自転車盗,洲本,内町,282057,兵庫県,洲本市,塩屋１丁目,20241106,18,その他,駐車（輪）場,10歳代,その他,施錠せず
窃盗,自転車盗,洲本,内町,282057,兵庫県,洲本市,塩屋１丁目,20241206,12,その他,駐車（輪）場,10歳代,高校生,施錠した
窃盗,自転車盗,洲本,内町,282057,兵庫県,洲本市,本町１丁目,20240904,8,その他,駐車（輪）場,20歳代,その他,施錠せず
窃盗,自転車盗,洲本,内町,282057,兵庫県,洲本市,本町４丁目,20240217,0,その他,その他,20歳代,その他,施錠せず
窃盗,自転車盗,洲本,内町,282057,兵庫県,洲本市,本町５丁目,20241021,14,道路上,その他,30歳代,その他,施錠せず
窃盗,自転車盗,洲本,内町,282057,兵庫県,洲本市,港,20240511,18,駐車（輪）場,駐車（輪）場,20歳代,その他,施錠せず
窃盗,自転車盗,洲本,内町,282057,兵庫県,洲本市,港,20240516,7,駐車（輪）場,駐車（輪）場,10歳代,その他,施錠せず
窃盗,自転車盗,洲本,内町,282057,兵庫県,洲本市,港,20240805,10,駐車（輪）場,駐車（輪）場,20歳代,その他,施錠せず
窃盗,自転車盗,洲本,内町,282057,兵庫県,洲本市,港,20240908,17,駐車（輪）場,駐車（輪）場,10歳代,高校生,施錠せず
窃盗,自転車盗,洲本,内町,282057,兵庫県,洲本市,港,20240906,18,駐車（輪）場,駐車（輪）場,20歳代,その他,施錠せず
窃盗,自転車盗,洲本,宇山,282057,兵庫県,洲本市,宇山１丁目,20240507,19,４階建て以上共同住宅,駐車（輪）場,30歳代,その他,施錠せず
窃盗,自転車盗,洲本,宇山,282057,兵庫県,洲本市,宇山３丁目,20240928,20,一戸建住宅,駐車（輪）場,30歳代,その他,施錠せず
窃盗,自転車盗,洲本,宇山,282057,兵庫県,洲本市,上加茂,20230402,16,４階建て以上共同住宅,駐車（輪）場,10歳代,小学生,施錠せず
窃盗,自転車盗,洲本,宇山,282057,兵庫県,洲本市,下加茂１丁目,20240617,18,その他,駐車（輪）場,10歳代,高校生,施錠せず
窃盗,自転車盗,洲本,宇山,282057,兵庫県,洲本市,下加茂１丁目,20240827,9,その他,駐車（輪）場,10歳代,高校生,施錠せず
窃盗,自転車盗,洲本,由良,282057,兵庫県,洲本市,由良１丁目,20240813,5,道路上,その他,70歳以上,その他,施錠せず
窃盗,自転車盗,洲本,内膳,282057,兵庫県,洲本市,納,20240531,7,その他,駐車（輪）場,10歳代,大学生,施錠せず
窃盗,自転車盗,洲本,内膳,282057,兵庫県,洲本市,納,20240819,11,駐車（輪）場,駐車（輪）場,10歳代,高校生,施錠せず
窃盗,自転車盗,洲本,内膳,282057,兵庫県,洲本市,納,20240903,7,駐車（輪）場,駐車（輪）場,10歳代,その他,施錠せず
窃盗,自転車盗,洲本,内膳,282057,兵庫県,洲本市,納,20240731,14,駐車（輪）場,駐車（輪）場,10歳代,高校生,施錠した
窃盗,自転車盗,洲本,内膳,282057,兵庫県,洲本市,納,20241205,7,駐車（輪）場,駐車（輪）場,10歳代,高校生,施錠せず
窃盗,自転車盗,洲本,広石,282057,兵庫県,洲本市,五色町　広石下,20240324,7,その他,その他,10歳代,高校生,施錠した
窃盗,自転車盗,洲本,広石,282057,兵庫県,洲本市,五色町　広石中,20241111,9,一戸建住宅,その他,10歳代,大学生,施錠せず
窃盗,自転車盗,淡路,岩屋,282260,兵庫県,淡路市,岩屋,20240105,8,駐車（輪）場,駐車（輪）場,50歳代,その他,施錠せず
窃盗,自転車盗,淡路,岩屋,282260,兵庫県,淡路市,岩屋,20240415,6,その他,その他,40歳代,その他,施錠せず
窃盗,自転車盗,淡路,岩屋,282260,兵庫県,淡路市,岩屋,20241018,16,その他,駐車（輪）場,10歳代,高校生,施錠せず
窃盗,自転車盗,淡路,岩屋,282260,兵庫県,淡路市,岩屋,20241014,11,駐車（輪）場,駐車（輪）場,20歳代,大学生,施錠せず
窃盗,自転車盗,淡路,岩屋,282260,兵庫県,淡路市,岩屋,20241115,8,駐車（輪）場,駐車（輪）場,10歳代,高校生,施錠した
窃盗,自転車盗,淡路,仮屋,282260,兵庫県,淡路市,久留麻,20240131,15,その他の住宅（３階建て以下共同住宅等）,その他,10歳代,中学生,施錠せず
窃盗,自転車盗,淡路,仮屋,282260,兵庫県,淡路市,久留麻,20240306,18,その他の住宅（３階建て以下共同住宅等）,駐車（輪）場,30歳代,その他,施錠せず
窃盗,自転車盗,淡路,仮屋,282260,兵庫県,淡路市,久留麻,20240628,8,一戸建住宅,その他,70歳以上,その他,施錠せず
窃盗,自転車盗,淡路,仮屋,282260,兵庫県,淡路市,久留麻,20240708,11,その他,その他,70歳以上,その他,施錠せず
窃盗,自転車盗,淡路,育波,282260,兵庫県,淡路市,育波,20241228,3,その他,その他,70歳以上,その他,施錠せず
窃盗,自転車盗,淡路,志筑,282260,兵庫県,淡路市,志筑,20231107,14,その他,駐車（輪）場,法人・団体、被害者なし,法人・団体、被害者なし,施錠せず
窃盗,自転車盗,淡路,志筑,282260,兵庫県,淡路市,志筑,20240222,19,その他,駐車（輪）場,20歳代,その他,施錠せず
窃盗,自転車盗,淡路,志筑,282260,兵庫県,淡路市,志筑,20240411,18,その他の住宅（３階建て以下共同住宅等）,駐車（輪）場,10歳代,その他,施錠した
窃盗,自転車盗,淡路,志筑,282260,兵庫県,淡路市,志筑,20240415,18,一戸建住宅,駐車（輪）場,10歳代,小学生,施錠せず
窃盗,自転車盗,淡路,志筑,282260,兵庫県,淡路市,志筑,20240608,9,その他の住宅（３階建て以下共同住宅等）,駐車（輪）場,20歳代,その他,施錠せず
窃盗,自転車盗,淡路,志筑,282260,兵庫県,淡路市,志筑,20240911,6,駐車（輪）場,駐車（輪）場,30歳代,その他,施錠せず
窃盗,自転車盗,淡路,志筑,282260,兵庫県,淡路市,志筑新島,20241221,16,駐車（輪）場,駐車（輪）場,10歳代,大学生,施錠せず
窃盗,自転車盗,南あわじ,福良,282243,兵庫県,南あわじ市,福良甲,20241125,6,その他,駐車（輪）場,10歳代,高校生,施錠せず
窃盗,自転車盗,南あわじ,湊,282243,兵庫県,南あわじ市,湊,20240604,7,その他,駐車（輪）場,10歳代,高校生,施錠せず
窃盗,自転車盗,南あわじ,湊,282243,兵庫県,南あわじ市,湊,20240707,16,その他,駐車（輪）場,20歳代,大学生,施錠せず
窃盗,自転車盗,南あわじ,福井,282243,兵庫県,南あわじ市,賀集鍛治屋,20240210,不明,一戸建住宅,駐車（輪）場,40歳代,その他,施錠せず
