ί–Ό,θϋ,Ηx@i”­¶’nj,Ηπ”ΤE’“έi”­¶’nj,s‹ζ’¬‘ΊƒR[ƒhi”­¶’nj,“s“Ή•{§i”­¶’nj,s‹ζ’¬‘Ίi”­¶’nj,’¬’–Ϊi”­¶’nj,”­¶”N“ϊinϊj,”­¶inϊj,”­¶κ,”­¶κ‚ΜΪΧ,{ωΦW,»‹ΰ”νQ‚Μ—L–³
ή“,Τγ‚Λ‚η‚Ά,¬–μ,‰Ί—Z,282189,•ΊΙ§,¬–μs,‹o“c’¬,2023[sanitize]10[sanitize]06,19,’“Τi—Φjκ,’“Τi—Φjκ,{ω‚µ‚½,‚ ‚θ
ή“,Τγ‚Λ‚η‚Ά,¬–μ,‰Ί—Z,282189,•ΊΙ§,¬–μs,‹o“c’¬,2023[sanitize]10[sanitize]18,19,“ΉHγ,‚»‚Μ‘Ό,{ω‚µ‚½,‚ ‚θ
ή“,Τγ‚Λ‚η‚Ά,¬–μ,¬–μ‰w‘O,282189,•ΊΙ§,¬–μs,‰¤q’¬,2022[sanitize]12[sanitize]31,13,‚»‚Μ‘Ό,’“Τi—Φjκ,{ω‚Ή‚Έ,‚Θ‚µ
ή“,Τγ‚Λ‚η‚Ά,¬–μ,¬–μ‰w‘O,282189,•ΊΙ§,¬–μs,‰¤q’¬,2023[sanitize]02[sanitize]09,12,‚»‚Μ‘Ό,’“Τi—Φjκ,{ω‚Ή‚Έ,‚ ‚θ
ή“,Τγ‚Λ‚η‚Ά,¬–μ,¬–μ‰w‘O,282189,•ΊΙ§,¬–μs,ς’J’¬,2023[sanitize]11[sanitize]24,02,‚»‚Μ‘Ό,’“Τi—Φjκ,{ω‚µ‚½,‚ ‚θ
ή“,Τγ‚Λ‚η‚Ά,¬–μ,¬–μ‰w‘O,282189,•ΊΙ§,¬–μs,_–Ύ’¬,2023[sanitize]05[sanitize]21,18,‚»‚Μ‘Ό‚ΜZ‘ξi‚RK‚ΔΘ‰Ί‹¤“―Z‘ξ“™j,’“Τi—Φjκ,{ω‚µ‚½,‚ ‚θ
ή“,Τγ‚Λ‚η‚Ά,¬–μ,sκ,282189,•ΊΙ§,¬–μs,ηƒP‹u’¬,2023[sanitize]08[sanitize]02,06,‚»‚Μ‘Ό,’“Τi—Φjκ,{ω‚µ‚½,‚ ‚θ
ή“,Τγ‚Λ‚η‚Ά,O“c,‚ ‚Ά‚Μ—Ά,282197,•ΊΙ§,O“cs,Ό‘–μ,2023[sanitize]08[sanitize]09,20,’“Τi—Φjκ,’“Τi—Φjκ,{ω‚Ή‚Έ,‚ ‚θ
ή“,Τγ‚Λ‚η‚Ά,O“c,ƒEƒbƒfƒBƒ^ƒEƒ“’†‰›,282197,•ΊΙ§,O“cs,w‰€‚S’–Ϊ,2023[sanitize]08[sanitize]05,06,‚»‚Μ‘Ό,’“Τi—Φjκ,{ω‚Ή‚Έ,‚Θ‚µ
ή“,Τγ‚Λ‚η‚Ά,O“c,ƒtƒ‰ƒ[ƒ^ƒEƒ“,282197,•ΊΙ§,O“cs,–ν¶‚ª‹u‚P’–Ϊ,2023[sanitize]04[sanitize]01,14,‚»‚Μ‘Ό,’“Τi—Φjκ,{ω‚Ή‚Έ,‚Θ‚µ
ή“,Τγ‚Λ‚η‚Ά,O“c,O“c“μ,282197,•ΊΙ§,O“cs,‘Ξ’†’¬,2023[sanitize]11[sanitize]22,21,‚SK‚ΔΘγ‹¤“―Z‘ξ,’“Τi—Φjκ,{ω‚µ‚½,‚Θ‚µ
ή“,Τγ‚Λ‚η‚Ά,O“c,O“c“μ,282197,•ΊΙ§,O“cs,“V_‚R’–Ϊ,2023[sanitize]11[sanitize]10,22,’“Τi—Φjκ,’“Τi—Φjκ,{ω‚µ‚½,‚ ‚θ
ή“,Τγ‚Λ‚η‚Ά,O“c,γ‚•½,282197,•ΊΙ§,O“cs,\‘q,2023[sanitize]08[sanitize]25,18,‚»‚Μ‘Ό,’“Τi—Φjκ,{ω‚µ‚½,‚Θ‚µ
ή“,Τγ‚Λ‚η‚Ά,O“c,‰Α–Ξ,282197,•ΊΙ§,O“cs,‰Α–Ξ,2023[sanitize]01[sanitize]01,07,‚SK‚ΔΘγ‹¤“―Z‘ξ,’“Τi—Φjκ,{ω‚µ‚½,‚Θ‚µ
ή“,Τγ‚Λ‚η‚Ά,O“c,‰Α–Ξ,282197,•ΊΙ§,O“cs,‰Α–Ξ,2023[sanitize]10[sanitize]28,20,‚SK‚ΔΘγ‹¤“―Z‘ξ,’“Τi—Φjκ,{ω‚Ή‚Έ,‚ ‚θ
ή“,Τγ‚Λ‚η‚Ά,O“c,“μƒEƒbƒfƒBƒ^ƒEƒ“,282197,•ΊΙ§,O“cs,•“‡,2023[sanitize]03[sanitize]17,19,’“Τi—Φjκ,’“Τi—Φjκ,{ω‚Ή‚Έ,‚ ‚θ
ή“,Τγ‚Λ‚η‚Ά,O“c,“μƒEƒbƒfƒBƒ^ƒEƒ“,282197,•ΊΙ§,O“cs,‚·‚Έ‚©‚―‘δ‚S’–Ϊ,2023[sanitize]01[sanitize]02,17,‚SK‚ΔΘγ‹¤“―Z‘ξ,’“Τi—Φjκ,{ω‚µ‚½,‚Θ‚µ
ή“,Τγ‚Λ‚η‚Ά,O“c,lƒc’Ò,282197,•ΊΙ§,O“cs,‘ε”¨,2023[sanitize]02[sanitize]04,18,κΛZ‘ξ,’“Τi—Φjκ,{ω‚Ή‚Έ,‚ ‚θ
ή“,Τγ‚Λ‚η‚Ά,O“c,lƒc’Ò,282197,•ΊΙ§,O“cs,“–{―,2023[sanitize]11[sanitize]10,12,‚»‚Μ‘Ό,’“Τi—Φjκ,{ω‚Ή‚Έ,‚ ‚θ
ή“,Τγ‚Λ‚η‚Ά,O“c,L–μ,282197,•ΊΙ§,O“cs,‰Ίδ‘ς,2023[sanitize]01[sanitize]02,18,‚»‚Μ‘Ό‚ΜZ‘ξi‚RK‚ΔΘ‰Ί‹¤“―Z‘ξ“™j,’“Τi—Φjκ,{ω‚µ‚½,‚Θ‚µ
ή“,Τγ‚Λ‚η‚Ά,““ε,ZbƒAƒCƒ‰ƒ“ƒh,281018,•ΊΙ§,_Λs““ε‹ζ,ό—m’¬’†‚R’–Ϊ,2023[sanitize]10[sanitize]26,09,‚»‚Μ‘Ό,’“Τi—Φjκ,{ω‚Ή‚Έ,‚ ‚θ
ή“,Τγ‚Λ‚η‚Ά,““ε,ΰ“c,281018,•ΊΙ§,_Λs““ε‹ζ,Z‹g“μ’¬‚S’–Ϊ,2023[sanitize]04[sanitize]21,19,“ΉHγ,‚»‚Μ‘Ό,{ω‚Ή‚Έ,‚ ‚θ
ή“,Τγ‚Λ‚η‚Ά,““ε,ΰ“c,281018,•ΊΙ§,_Λs““ε‹ζ,δ‰e–{’¬‚Q’–Ϊ,2023[sanitize]05[sanitize]15,01,“ΉHγ,‚»‚Μ‘Ό,{ω‚Ή‚Έ,‚Θ‚µ
ή“,Τγ‚Λ‚η‚Ά,““ε,ΰ“c,281018,•ΊΙ§,_Λs““ε‹ζ,δ‰e–{’¬‚S’–Ϊ,2023[sanitize]11[sanitize]21,11,“ΉHγ,‚»‚Μ‘Ό,{ω‚Ή‚Έ,‚ ‚θ
ή“,Τγ‚Λ‚η‚Ά,““ε,ΰ“c,281018,•ΊΙ§,_Λs““ε‹ζ,δ‰e–{’¬‚V’–Ϊ,2023[sanitize]12[sanitize]18,09,’“Τi—Φjκ,’“Τi—Φjκ,{ω‚Ή‚Έ,‚ ‚θ
ή“,Τγ‚Λ‚η‚Ά,““ε,ΰ“c,281018,•ΊΙ§,_Λs““ε‹ζ,δ‰e–{’¬‚W’–Ϊ,2023[sanitize]03[sanitize]12,21,κΛZ‘ξ,’“Τi—Φjκ,{ω‚Ή‚Έ,‚Θ‚µ
ή“,Τγ‚Λ‚η‚Ά,““ε,‰ª–{,281018,•ΊΙ§,_Λs““ε‹ζ,‰ª–{‚P’–Ϊ,2023[sanitize]11[sanitize]08,19,’“Τi—Φjκ,’“Τi—Φjκ,{ω‚µ‚½,‚Θ‚µ
ή“,Τγ‚Λ‚η‚Ά,““ε,‰ª–{,281018,•ΊΙ§,_Λs““ε‹ζ,‰ª–{‚Q’–Ϊ,2023[sanitize]11[sanitize]13,20,’“Τi—Φjκ,’“Τi—Φjκ,{ω‚µ‚½,‚Θ‚µ
ή“,Τγ‚Λ‚η‚Ά,““ε,‰ª–{,281018,•ΊΙ§,_Λs““ε‹ζ,‰ª–{‚T’–Ϊ,2023[sanitize]03[sanitize]08,13,κΛZ‘ξ,’“Τi—Φjκ,{ω‚Ή‚Έ,‚ ‚θ
ή“,Τγ‚Λ‚η‚Ά,““ε,‰ª–{,281018,•ΊΙ§,_Λs““ε‹ζ,‰ª–{‚U’–Ϊ,2023[sanitize]11[sanitize]13,20,’“Τi—Φjκ,’“Τi—Φjκ,{ω‚µ‚½,‚Θ‚µ
ή“,Τγ‚Λ‚η‚Ά,““ε,‰ª–{,281018,•ΊΙ§,_Λs““ε‹ζ,Ό‰ª–{‚P’–Ϊ,2023[sanitize]02[sanitize]28,22,’“Τi—Φjκ,’“Τi—Φjκ,{ω‚µ‚½,‚ ‚θ
ή“,Τγ‚Λ‚η‚Ά,““ε,‰ª–{,281018,•ΊΙ§,_Λs““ε‹ζ,Ό‰ª–{‚R’–Ϊ,2023[sanitize]11[sanitize]13,23,’“Τi—Φjκ,’“Τi—Φjκ,{ω‚µ‚½,‚Θ‚µ
ή“,Τγ‚Λ‚η‚Ά,““ε,‰ª–{,281018,•ΊΙ§,_Λs““ε‹ζ,Ό‰ª–{‚U’–Ϊ,2023[sanitize]06[sanitize]11,23,’“Τi—Φjκ,’“Τi—Φjκ,{ω‚µ‚½,‚Θ‚µ
ή“,Τγ‚Λ‚η‚Ά,““ε,‰ª–{,281018,•ΊΙ§,_Λs““ε‹ζ,–{R–k’¬‚P’–Ϊ,2023[sanitize]06[sanitize]03,15,’“Τi—Φjκ,’“Τi—Φjκ,{ω‚µ‚½,‚Θ‚µ
ή“,Τγ‚Λ‚η‚Ά,““ε,‰ª–{,281018,•ΊΙ§,_Λs““ε‹ζ,–{R–k’¬‚P’–Ϊ,2023[sanitize]06[sanitize]11,19,’“Τi—Φjκ,’“Τi—Φjκ,{ω‚µ‚½,‚Θ‚µ
ή“,Τγ‚Λ‚η‚Ά,““ε,X,281018,•ΊΙ§,_Λs““ε‹ζ,–{―’¬‚P’–Ϊ,2023[sanitize]06[sanitize]22,03,κΛZ‘ξ,’“Τi—Φjκ,{ω‚µ‚½,‚Θ‚µ
ή“,Τγ‚Λ‚η‚Ά,““ε,X,281018,•ΊΙ§,_Λs““ε‹ζ,–{R“μ’¬‚V’–Ϊ,2023[sanitize]05[sanitize]09,19,“ΉHγ,‚»‚Μ‘Ό,{ω‚Ή‚Έ,‚Θ‚µ
ή“,Τγ‚Λ‚η‚Ά,““ε,X,281018,•ΊΙ§,_Λs““ε‹ζ,X“μ’¬‚P’–Ϊ,2023[sanitize]12[sanitize]13,11,‚»‚Μ‘Ό,’“Τi—Φjκ,{ω‚Ή‚Έ,‚Θ‚µ
ή“,Τγ‚Λ‚η‚Ά,““ε,X,281018,•ΊΙ§,_Λs““ε‹ζ,X“μ’¬‚Q’–Ϊ,2023[sanitize]01[sanitize]05,01,κΛZ‘ξ,’“Τi—Φjκ,{ω‚µ‚½,‚Θ‚µ
ή“,Τγ‚Λ‚η‚Ά,““ε,‘ςƒmδ,281018,•ΊΙ§,_Λs““ε‹ζ,δ‰e’†’¬‚R’–Ϊ,2023[sanitize]03[sanitize]14,15,‚»‚Μ‘Ό,’“Τi—Φjκ,{ω‚Ή‚Έ,‚Θ‚µ
ή“,Τγ‚Λ‚η‚Ά,““ε,‘ςƒmδ,281018,•ΊΙ§,_Λs““ε‹ζ,δ‰e’†’¬‚U’–Ϊ,2023[sanitize]04[sanitize]27,09,“ΉHγ,‚»‚Μ‘Ό,{ω‚Ή‚Έ,‚ ‚θ
ή“,Τγ‚Λ‚η‚Ά,““ε,‘ςƒmδ,281018,•ΊΙ§,_Λs““ε‹ζ,δ‰e’†’¬‚W’–Ϊ,•s–Ύ,•s–Ύ,κΛZ‘ξ,’“Τi—Φjκ,{ω‚Ή‚Έ,‚ ‚θ
ή“,Τγ‚Λ‚η‚Ά,““ε,‘ςƒmδ,281018,•ΊΙ§,_Λs““ε‹ζ,δ‰e‚P’–Ϊ,2023[sanitize]02[sanitize]07,07,‚SK‚ΔΘγ‹¤“―Z‘ξ,’“Τi—Φjκ,{ω‚Ή‚Έ,‚Θ‚µ
ή“,Τγ‚Λ‚η‚Ά,““ε,‘ςƒmδ,281018,•ΊΙ§,_Λs““ε‹ζ,δ‰e‚P’–Ϊ,2023[sanitize]06[sanitize]03,17,‚»‚Μ‘Ό,’“Τi—Φjκ,{ω‚Ή‚Έ,‚Θ‚µ
ή“,Τγ‚Λ‚η‚Ά,““ε,‘ςƒmδ,281018,•ΊΙ§,_Λs““ε‹ζ,δ‰eS‰Ζ‚P’–Ϊ,2023[sanitize]12[sanitize]01,08,“ΉHγ,‚»‚Μ‘Ό,{ω‚Ή‚Έ,‚ ‚θ
ή“,Τγ‚Λ‚η‚Ά,““ε,[],281018,•ΊΙ§,_Λs““ε‹ζ,[]•l’¬,2023[sanitize]06[sanitize]28,17,’“Τi—Φjκ,’“Τi—Φjκ,{ω‚Ή‚Έ,‚ ‚θ
ή“,Τγ‚Λ‚η‚Ά,““ε,[],281018,•ΊΙ§,_Λs““ε‹ζ,[]–{’¬‚R’–Ϊ,2023[sanitize]08[sanitize]31,11,“ΉHγ,‚»‚Μ‘Ό,{ω‚Ή‚Έ,‚ ‚θ
ή“,Τγ‚Λ‚η‚Ά,““ε,[],281018,•ΊΙ§,_Λs““ε‹ζ,[]“μ’¬‚P’–Ϊ,2023[sanitize]02[sanitize]19,14,‚SK‚ΔΘγ‹¤“―Z‘ξ,’“Τi—Φjκ,{ω‚Ή‚Έ,‚ ‚θ
ή“,Τγ‚Λ‚η‚Ά,““ε,“c’†,281018,•ΊΙ§,_Λs““ε‹ζ,b“μ’¬‚Q’–Ϊ,2023[sanitize]01[sanitize]04,21,’“Τi—Φjκ,’“Τi—Φjκ,{ω‚µ‚½,‚Θ‚µ
ή“,Τγ‚Λ‚η‚Ά,““ε,“c’†,281018,•ΊΙ§,_Λs““ε‹ζ,“c’†’¬‚P’–Ϊ,2023[sanitize]07[sanitize]04,15,“ΉHγ,‚»‚Μ‘Ό,{ω‚Ή‚Έ,‚ ‚θ
ή“,Τγ‚Λ‚η‚Ά,““ε,“c’†,281018,•ΊΙ§,_Λs““ε‹ζ,–{R’†’¬‚S’–Ϊ,2023[sanitize]11[sanitize]19,09,’“Τi—Φjκ,’“Τi—Φjκ,{ω‚µ‚½,‚Θ‚µ
ή“,Τγ‚Λ‚η‚Ά,““ε,“c’†,281018,•ΊΙ§,_Λs““ε‹ζ,–{R’†’¬‚S’–Ϊ,2023[sanitize]11[sanitize]19,20,κΛZ‘ξ,’“Τi—Φjκ,{ω‚µ‚½,‚Θ‚µ
ή“,Τγ‚Λ‚η‚Ά,““ε,Ξ‰®μ,281018,•ΊΙ§,_Λs““ε‹ζ,δ‰e’Λ’¬‚P’–Ϊ,2023[sanitize]03[sanitize]20,20,‚»‚Μ‘Ό,’“Τi—Φjκ,{ω‚Ή‚Έ,‚ ‚θ
ή“,Τγ‚Λ‚η‚Ά,““ε,γ‹}δ‰e‰w‘O,281018,•ΊΙ§,_Λs““ε‹ζ,Z‹gRθ‚Q’–Ϊ,2023[sanitize]02[sanitize]19,16,κΛZ‘ξ,’“Τi—Φjκ,{ω‚Ή‚Έ,‚ ‚θ
ή“,Τγ‚Λ‚η‚Ά,““ε,γ‹}δ‰e‰w‘O,281018,•ΊΙ§,_Λs““ε‹ζ,δ‰eRθ‚Q’–Ϊ,2022[sanitize]12[sanitize]28,13,‚»‚Μ‘Ό‚ΜZ‘ξi‚RK‚ΔΘ‰Ί‹¤“―Z‘ξ“™j,’“Τi—Φjκ,{ω‚µ‚½,‚ ‚θ
ή“,Τγ‚Λ‚η‚Ά,““ε,γ‹}δ‰e‰w‘O,281018,•ΊΙ§,_Λs““ε‹ζ,δ‰eRθ‚Q’–Ϊ,2023[sanitize]01[sanitize]03,12,‚SK‚ΔΘγ‹¤“―Z‘ξ,’“Τi—Φjκ,{ω‚µ‚½,‚Θ‚µ
ή“,Τγ‚Λ‚η‚Ά,““ε,γ‹}δ‰e‰w‘O,281018,•ΊΙ§,_Λs““ε‹ζ,δ‰eRθ‚S’–Ϊ,2023[sanitize]01[sanitize]16,08,“ΉHγ,‚»‚Μ‘Ό,{ω‚Ή‚Έ,‚ ‚θ
ή“,Τγ‚Λ‚η‚Ά,““ε,γ‹}δ‰e‰w‘O,281018,•ΊΙ§,_Λs““ε‹ζ,δ‰eS‰Ζ‚Q’–Ϊ,2023[sanitize]03[sanitize]14,22,κΛZ‘ξ,’“Τi—Φjκ,{ω‚µ‚½,‚ ‚θ
ή“,Τγ‚Λ‚η‚Ά,““ε,γ‹}δ‰e‰w‘O,281018,•ΊΙ§,_Λs““ε‹ζ,δ‰eS‰Ζ‚Q’–Ϊ,2023[sanitize]11[sanitize]26,16,’“Τi—Φjκ,’“Τi—Φjκ,{ω‚µ‚½,‚Θ‚µ
ή“,Τγ‚Λ‚η‚Ά,““ε,Β–Ψ‰w‘O,281018,•ΊΙ§,_Λs““ε‹ζ,Β–Ψ‚R’–Ϊ,2023[sanitize]04[sanitize]27,21,“ΉHγ,‚»‚Μ‘Ό,{ω‚Ή‚Έ,‚ ‚θ
ή“,Τγ‚Λ‚η‚Ά,““ε,Β–Ψ‰w‘O,281018,•ΊΙ§,_Λs““ε‹ζ,Β–Ψ‚T’–Ϊ,2023[sanitize]12[sanitize]09,14,‚»‚Μ‘Ό,‚»‚Μ‘Ό,{ω‚Ή‚Έ,‚ ‚θ
ή“,Τγ‚Λ‚η‚Ά,““ε,Β–Ψ‰w‘O,281018,•ΊΙ§,_Λs““ε‹ζ,Β–Ψ‚U’–Ϊ,2023[sanitize]03[sanitize]07,14,“ΉHγ,‚»‚Μ‘Ό,{ω‚Ή‚Έ,‚Θ‚µ
ή“,Τγ‚Λ‚η‚Ά,““ε,Β–Ψ‰w‘O,281018,•ΊΙ§,_Λs““ε‹ζ,–kΒ–Ψ‚P’–Ϊ,2023[sanitize]12[sanitize]08,09,‚»‚Μ‘Ό,‚»‚Μ‘Ό,{ω‚Ή‚Έ,‚ ‚θ
ή“,Τγ‚Λ‚η‚Ά,““ε,Β–Ψ‰w‘O,281018,•ΊΙ§,_Λs““ε‹ζ,–kΒ–Ψ‚R’–Ϊ,2023[sanitize]06[sanitize]14,11,’“Τi—Φjκ,’“Τi—Φjκ,{ω‚Ή‚Έ,‚Θ‚µ
ή“,Τγ‚Λ‚η‚Ά,““ε,Β–Ψ‰w‘O,281018,•ΊΙ§,_Λs““ε‹ζ,–kΒ–Ψ‚S’–Ϊ,2023[sanitize]06[sanitize]04,21,κΛZ‘ξ,’“Τi—Φjκ,{ω‚Ή‚Έ,‚Θ‚µ
ή“,Τγ‚Λ‚η‚Ά,““ε,‹›θ,281018,•ΊΙ§,_Λs““ε‹ζ,‹›θ–k’¬‚R’–Ϊ,2023[sanitize]06[sanitize]03,12,κΛZ‘ξ,’“Τi—Φjκ,{ω‚Ή‚Έ,‚Θ‚µ
ή“,Τγ‚Λ‚η‚Ά,““ε,‹›θ,281018,•ΊΙ§,_Λs““ε‹ζ,‹›θ–k’¬‚W’–Ϊ,2023[sanitize]01[sanitize]04,23,’“Τi—Φjκ,’“Τi—Φjκ,{ω‚µ‚½,‚ ‚θ
ή“,Τγ‚Λ‚η‚Ά,““ε,‹›θ,281018,•ΊΙ§,_Λs““ε‹ζ,‹›θ’†’¬‚R’–Ϊ,2023[sanitize]09[sanitize]21,22,’“Τi—Φjκ,’“Τi—Φjκ,{ω‚µ‚½,‚Θ‚µ
ή“,Τγ‚Λ‚η‚Ά,““ε,‹›θ,281018,•ΊΙ§,_Λs““ε‹ζ,‹›θ’†’¬‚S’–Ϊ,2023[sanitize]03[sanitize]04,17,“ΉHγ,‚»‚Μ‘Ό,{ω‚Ή‚Έ,‚Θ‚µ
ή“,Τγ‚Λ‚η‚Ά,““ε,‹›θ,281018,•ΊΙ§,_Λs““ε‹ζ,‹›θ•l’¬,2023[sanitize]01[sanitize]12,14,‚»‚Μ‘Ό,‚»‚Μ‘Ό,{ω‚Ή‚Έ,‚ ‚θ
ή“,Τγ‚Λ‚η‚Ά,““ε,›qƒ–΄,281018,•ΊΙ§,_Λs““ε‹ζ,δ‰eRθ‚T’–Ϊ,2023[sanitize]01[sanitize]04,12,‚SK‚ΔΘγ‹¤“―Z‘ξ,’“Τi—Φjκ,{ω‚µ‚½,‚Θ‚µ
ή“,Τγ‚Λ‚η‚Ά,““ε,‚i‚qZ‹g‰w‘O,281018,•ΊΙ§,_Λs““ε‹ζ,Z‹g“’¬‚R’–Ϊ,2023[sanitize]02[sanitize]05,03,κΛZ‘ξ,’“Τi—Φjκ,{ω‚Ή‚Έ,‚Θ‚µ
ή“,Τγ‚Λ‚η‚Ά,““ε,‚i‚qZ‹g‰w‘O,281018,•ΊΙ§,_Λs““ε‹ζ,Z‹g“’¬‚S’–Ϊ,2023[sanitize]02[sanitize]11,21,‚»‚Μ‘Ό,’“Τi—Φjκ,{ω‚Ή‚Έ,‚Θ‚µ
ή“,Τγ‚Λ‚η‚Ά,““ε,‚i‚qZ‹g‰w‘O,281018,•ΊΙ§,_Λs““ε‹ζ,Z‹g‹{’¬‚U’–Ϊ,2023[sanitize]05[sanitize]24,14,κΛZ‘ξ,’“Τi—Φjκ,{ω‚µ‚½,‚ ‚θ
ή“,Τγ‚Λ‚η‚Ά,““ε,‚i‚qZ‹g‰w‘O,281018,•ΊΙ§,_Λs““ε‹ζ,Z‹g–{’¬‚P’–Ϊ,2023[sanitize]03[sanitize]26,19,’“Τi—Φjκ,’“Τi—Φjκ,{ω‚Ή‚Έ,‚ ‚θ
ή“,Τγ‚Λ‚η‚Ά,““ε,‚i‚qZ‹g‰w‘O,281018,•ΊΙ§,_Λs““ε‹ζ,Z‹g–{’¬‚Q’–Ϊ,2023[sanitize]01[sanitize]04,23,’“Τi—Φjκ,’“Τi—Φjκ,{ω‚µ‚½,‚ ‚θ
ή“,Τγ‚Λ‚η‚Ά,““ε,‚i‚qZ‹g‰w‘O,281018,•ΊΙ§,_Λs““ε‹ζ,Z‹g–{’¬‚R’–Ϊ,2023[sanitize]07[sanitize]18,14,’“Τi—Φjκ,’“Τi—Φjκ,{ω‚µ‚½,‚Θ‚µ
ή“,Τγ‚Λ‚η‚Ά,““ε,,,,,,2023[sanitize]01[sanitize]08,11,‚»‚Μ‘Ό,‚»‚Μ‘Ό,{ω‚Ή‚Έ,‚Θ‚µ
ή“,Τγ‚Λ‚η‚Ά,“ε,”ª”¦,281026,•ΊΙ§,_Λs“ε‹ζ,Xγ’¬‚Q’–Ϊ,2023[sanitize]07[sanitize]30,20,’“Τi—Φjκ,’“Τi—Φjκ,{ω‚µ‚½,‚Θ‚µ
ή“,Τγ‚Λ‚η‚Ά,“ε,Zb,281026,•ΊΙ§,_Λs“ε‹ζ,—F“c’¬‚S’–Ϊ,2023[sanitize]04[sanitize]10,11,“ΉHγ,‚»‚Μ‘Ό,{ω‚Ή‚Έ,‚Θ‚µ
ή“,Τγ‚Λ‚η‚Ά,“ε,ZbRγ,281026,•ΊΙ§,_Λs“ε‹ζ,ZbR’¬κƒP’J,2023[sanitize]03[sanitize]03,18,’“Τi—Φjκ,’“Τi—Φjκ,{ω‚µ‚½,‚ ‚θ
ή“,Τγ‚Λ‚η‚Ά,“ε,‘εΞ,281026,•ΊΙ§,_Λs“ε‹ζ,‘εΞ“μ’¬‚P’–Ϊ,2023[sanitize]07[sanitize]23,05,“ΉHγ,‚»‚Μ‘Ό,{ω‚Ή‚Έ,‚Θ‚µ
ή“,Τγ‚Λ‚η‚Ά,“ε,‘εΞ,281026,•ΊΙ§,_Λs“ε‹ζ,Vέ‰Ζ“μ’¬‚R’–Ϊ,2023[sanitize]12[sanitize]04,12,‚»‚Μ‘Ό,’“Τi—Φjκ,{ω‚µ‚½,‚Θ‚µ
ή“,Τγ‚Λ‚η‚Ά,“ε,χϋ,281026,•ΊΙ§,_Λs“ε‹ζ,χϋ’¬‚R’–Ϊ,2023[sanitize]02[sanitize]18,14,‚»‚Μ‘Ό,‚»‚Μ‘Ό,{ω‚Ή‚Έ,‚Θ‚µ
ή“,Τγ‚Λ‚η‚Ά,“ε,χϋ,281026,•ΊΙ§,_Λs“ε‹ζ,χϋ’¬‚S’–Ϊ,2023[sanitize]12[sanitize]14,17,“ΉHγ,‚»‚Μ‘Ό,{ω‚Ή‚Έ,‚Θ‚µ
ή“,Τγ‚Λ‚η‚Ά,“ε,χϋ,281026,•ΊΙ§,_Λs“ε‹ζ,χϋ’¬‚T’–Ϊ,2023[sanitize]01[sanitize]19,07,‚»‚Μ‘Ό,’“Τi—Φjκ,{ω‚Ή‚Έ,‚Θ‚µ
ή“,Τγ‚Λ‚η‚Ά,“ε,χϋ,281026,•ΊΙ§,_Λs“ε‹ζ,—F“c’¬‚T’–Ϊ,2023[sanitize]08[sanitize]17,20,“ΉHγ,‚»‚Μ‘Ό,{ω‚Ή‚Έ,‚Θ‚µ
ή“,Τγ‚Λ‚η‚Ά,“ε,χϋ,281026,•ΊΙ§,_Λs“ε‹ζ,—F“c’¬‚T’–Ϊ,2023[sanitize]10[sanitize]10,15,“ΉHγ,‚»‚Μ‘Ό,{ω‚Ή‚Έ,‚Θ‚µ
ή“,Τγ‚Λ‚η‚Ά,“ε,…“Ή‹Ψ,281026,•ΊΙ§,_Λs“ε‹ζ,Β΄“μ’¬‚U’–Ϊ,2023[sanitize]01[sanitize]15,13,‚»‚Μ‘Ό,’“Τi—Φjκ,{ω‚Ή‚Έ,‚Θ‚µ
ή“,Τγ‚Λ‚η‚Ά,“ε,…“Ή‹Ψ,281026,•ΊΙ§,_Λs“ε‹ζ,…“Ή‹Ψ‚S’–Ϊ,2023[sanitize]01[sanitize]20,10,“ΉHγ,‚»‚Μ‘Ό,{ω‚Ή‚Έ,‚Θ‚µ
ή“,Τγ‚Λ‚η‚Ά,“ε,…“Ή‹Ψ,281026,•ΊΙ§,_Λs“ε‹ζ,…“Ή‹Ψ‚U’–Ϊ,2023[sanitize]02[sanitize]21,08,“ΉHγ,‚»‚Μ‘Ό,{ω‚Ή‚Έ,‚ ‚θ
ή“,Τγ‚Λ‚η‚Ά,“ε,…“Ή‹Ψ,281026,•ΊΙ§,_Λs“ε‹ζ,…“Ή‹Ψ‚U’–Ϊ,2023[sanitize]02[sanitize]21,09,“ΉHγ,‚»‚Μ‘Ό,{ω‚Ή‚Έ,‚Θ‚µ
ή“,Τγ‚Λ‚η‚Ά,“ε,‰¤qφ‰€,281026,•ΊΙ§,_Λs“ε‹ζ,“ε–k’Κ‚X’–Ϊ,2023[sanitize]05[sanitize]27,20,’“Τi—Φjκ,’“Τi—Φjκ,{ω‚µ‚½,‚Θ‚µ
ή“,Τγ‚Λ‚η‚Ά,“ε,‰¤qφ‰€,281026,•ΊΙ§,_Λs“ε‹ζ,“ε–k’Κ‚X’–Ϊ,2023[sanitize]05[sanitize]29,23,’“Τi—Φjκ,’“Τi—Φjκ,{ω‚µ‚½,‚Θ‚µ
ή“,Τγ‚Λ‚η‚Ά,“ε,”ϊ”i’¬,281026,•ΊΙ§,_Λs“ε‹ζ,‰Ί‰Ν΄’Κ‚R’–Ϊ,2023[sanitize]10[sanitize]27,08,“ΉHγ,‚»‚Μ‘Ό,{ω‚Ή‚Έ,‚Θ‚µ
ή“,Τγ‚Λ‚η‚Ά,“ε,Β΄–k’¬,281026,•ΊΙ§,_Λs“ε‹ζ,Β΄–k’¬‚Q’–Ϊ,2023[sanitize]01[sanitize]09,14,‚»‚Μ‘Ό‚ΜZ‘ξi‚RK‚ΔΘ‰Ί‹¤“―Z‘ξ“™j,’“Τi—Φjκ,{ω‚Ή‚Έ,‚ ‚θ
ή“,Τγ‚Λ‚η‚Ά,“ε,Β΄–k’¬,281026,•ΊΙ§,_Λs“ε‹ζ,Β΄–k’¬‚R’–Ϊ,2023[sanitize]02[sanitize]05,16,κΛZ‘ξ,’“Τi—Φjκ,{ω‚Ή‚Έ,‚Θ‚µ
ή“,Τγ‚Λ‚η‚Ά,“ε,Ό“ε,281026,•ΊΙ§,_Λs“ε‹ζ,β‰®’†’¬‚P’–Ϊ,2023[sanitize]03[sanitize]29,14,‚»‚Μ‘Ό,‚»‚Μ‘Ό,{ω‚Ή‚Έ,‚ ‚θ
ή“,Τγ‚Λ‚η‚Ά,“ε,Ό“ε,281026,•ΊΙ§,_Λs“ε‹ζ,β‰®’†’¬‚Q’–Ϊ,2023[sanitize]05[sanitize]28,20,’“Τi—Φjκ,’“Τi—Φjκ,{ω‚µ‚½,‚Θ‚µ
ή“,Τγ‚Λ‚η‚Ά,“ε,Ό“ε,281026,•ΊΙ§,_Λs“ε‹ζ,β‰®’†’¬‚Q’–Ϊ,2023[sanitize]05[sanitize]29,18,’“Τi—Φjκ,’“Τi—Φjκ,{ω‚µ‚½,‚Θ‚µ
ή“,Τγ‚Λ‚η‚Ά,“ε,Ό“ε,281026,•ΊΙ§,_Λs“ε‹ζ,β‰®’†’¬‚S’–Ϊ,2023[sanitize]03[sanitize]04,18,‚»‚Μ‘Ό,’“Τi—Φjκ,{ω‚Ή‚Έ,‚Θ‚µ
ή“,Τγ‚Λ‚η‚Ά,“ε,Ό“ε,281026,•ΊΙ§,_Λs“ε‹ζ,“ε•l’¬,2023[sanitize]12[sanitize]05,17,‚»‚Μ‘Ό,’“Τi—Φjκ,{ω‚µ‚½,‚Θ‚µ
ή“,Τγ‚Λ‚η‚Ά,“ε,Ό“ε,281026,•ΊΙ§,_Λs“ε‹ζ,“ε“μ’Κ‚U’–Ϊ,2023[sanitize]07[sanitize]19,14,’“Τi—Φjκ,’“Τi—Φjκ,{ω‚Ή‚Έ,‚Θ‚µ
ή“,Τγ‚Λ‚η‚Ά,“ε,Ό“ε,281026,•ΊΙ§,_Λs“ε‹ζ,“s’Κ‚P’–Ϊ,2023[sanitize]04[sanitize]10,15,‚»‚Μ‘Ό,‚»‚Μ‘Ό,{ω‚Ή‚Έ,‚ ‚θ
ή“,Τγ‚Λ‚η‚Ά,“ε,Ό“ε,281026,•ΊΙ§,_Λs“ε‹ζ,–€–λCέ’Κ‚Q’–Ϊ,2023[sanitize]10[sanitize]05,10,‚SK‚ΔΘγ‹¤“―Z‘ξ,‚»‚Μ‘Ό,{ω‚Ή‚Έ,‚Θ‚µ
ή“,Τγ‚Λ‚η‚Ά,“ε,Τβ,281026,•ΊΙ§,_Λs“ε‹ζ,Β’J’¬‚S’–Ϊ,2023[sanitize]11[sanitize]26,18,’“Τi—Φjκ,’“Τi—Φjκ,{ω‚µ‚½,‚Θ‚µ
ή“,Τγ‚Λ‚η‚Ά,“ε,Τβ,281026,•ΊΙ§,_Λs“ε‹ζ,γ–μ’Κ‚W’–Ϊ,2023[sanitize]04[sanitize]15,19,κΛZ‘ξ,’“Τi—Φjκ,{ω‚Ή‚Έ,‚ ‚θ
ή“,Τγ‚Λ‚η‚Ά,“ε,‚‰H,281026,•ΊΙ§,_Λs“ε‹ζ,χƒP‹u’¬,2023[sanitize]01[sanitize]04,12,‚SK‚ΔΘγ‹¤“―Z‘ξ,’“Τi—Φjκ,{ω‚µ‚½,‚Θ‚µ
ή“,Τγ‚Λ‚η‚Ά,“ε,’ίb,281026,•ΊΙ§,_Λs“ε‹ζ,’ίb‚T’–Ϊ,2023[sanitize]11[sanitize]01,18,‚»‚Μ‘Ό,’“Τi—Φjκ,{ω‚Ή‚Έ,‚Θ‚µ
ή“,Τγ‚Λ‚η‚Ά,“ε,’ίb,281026,•ΊΙ§,_Λs“ε‹ζ,Zb‘δ’¬,2023[sanitize]10[sanitize]05,18,‚»‚Μ‘Ό,‚»‚Μ‘Ό,{ω‚Ή‚Έ,‚Θ‚µ
ή“,Τγ‚Λ‚η‚Ά,•‡,O‹{ƒZƒ“ƒ^[,281107,•ΊΙ§,_Λs’†‰›‹ζ,ιγ’Κ‚W’–Ϊ,2023[sanitize]09[sanitize]29,11,’“Τi—Φjκ,’“Τi—Φjκ,{ω‚µ‚½,‚Θ‚µ
ή“,Τγ‚Λ‚η‚Ά,•‡,O‹{ƒZƒ“ƒ^[,281107,•ΊΙ§,_Λs’†‰›‹ζ,¬–μ•Ώ’Κ‚U’–Ϊ,2023[sanitize]07[sanitize]20,18,‚»‚Μ‘Ό,’“Τi—Φjκ,{ω‚Ή‚Έ,‚Θ‚µ
ή“,Τγ‚Λ‚η‚Ά,•‡,O‹{ƒZƒ“ƒ^[,281107,•ΊΙ§,_Λs’†‰›‹ζ,¬–μ•Ώ’Κ‚U’–Ϊ,2023[sanitize]08[sanitize]30,21,‚»‚Μ‘Ό,’“Τi—Φjκ,{ω‚Ή‚Έ,‚Θ‚µ
ή“,Τγ‚Λ‚η‚Ά,•‡,O‹{ƒZƒ“ƒ^[,281107,•ΊΙ§,_Λs’†‰›‹ζ,‰_δ’Κ‚U’–Ϊ,2023[sanitize]07[sanitize]02,20,“ΉHγ,‚»‚Μ‘Ό,{ω‚Ή‚Έ,‚Θ‚µ
ή“,Τγ‚Λ‚η‚Ά,•‡,O‹{ƒZƒ“ƒ^[,281107,•ΊΙ§,_Λs’†‰›‹ζ,‹Υƒm’¬‚R’–Ϊ,2023[sanitize]03[sanitize]14,16,’“Τi—Φjκ,’“Τi—Φjκ,{ω‚Ή‚Έ,‚Θ‚µ
ή“,Τγ‚Λ‚η‚Ά,•‡,O‹{ƒZƒ“ƒ^[,281107,•ΊΙ§,_Λs’†‰›‹ζ,‹Υƒm’¬‚R’–Ϊ,2023[sanitize]05[sanitize]24,11,’“Τi—Φjκ,’“Τi—Φjκ,{ω‚Ή‚Έ,‚Θ‚µ
ή“,Τγ‚Λ‚η‚Ά,•‡,O‹{ƒZƒ“ƒ^[,281107,•ΊΙ§,_Λs’†‰›‹ζ,‹Υƒm’¬‚R’–Ϊ,2023[sanitize]10[sanitize]15,14,’“Τi—Φjκ,’“Τi—Φjκ,{ω‚Ή‚Έ,‚Θ‚µ
ή“,Τγ‚Λ‚η‚Ά,•‡,O‹{ƒZƒ“ƒ^[,281107,•ΊΙ§,_Λs’†‰›‹ζ,δK’Κ‚T’–Ϊ,2023[sanitize]09[sanitize]30,01,’“Τi—Φjκ,’“Τi—Φjκ,{ω‚µ‚½,‚ ‚θ
ή“,Τγ‚Λ‚η‚Ά,•‡,“ρ‹{,281107,•ΊΙ§,_Λs’†‰›‹ζ,‹Υƒm’¬‚Q’–Ϊ,2023[sanitize]08[sanitize]02,19,’“Τi—Φjκ,’“Τi—Φjκ,{ω‚Ή‚Έ,‚Θ‚µ
ή“,Τγ‚Λ‚η‚Ά,•‡,“ρ‹{,281107,•ΊΙ§,_Λs’†‰›‹ζ,‹Υƒm’¬‚R’–Ϊ,2023[sanitize]04[sanitize]14,22,’“Τi—Φjκ,’“Τi—Φjκ,{ω‚Ή‚Έ,‚Θ‚µ
ή“,Τγ‚Λ‚η‚Ά,•‡,“ρ‹{,281107,•ΊΙ§,_Λs’†‰›‹ζ,‹Υƒm’¬‚T’–Ϊ,2023[sanitize]03[sanitize]18,13,“ΉHγ,‚»‚Μ‘Ό,{ω‚Ή‚Έ,‚ ‚θ
ή“,Τγ‚Λ‚η‚Ά,•‡,“ρ‹{,281107,•ΊΙ§,_Λs’†‰›‹ζ,“ρ‹{’¬‚Q’–Ϊ,2023[sanitize]07[sanitize]25,16,’“Τi—Φjκ,’“Τi—Φjκ,{ω‚µ‚½,‚Θ‚µ
ή“,Τγ‚Λ‚η‚Ά,•‡,“ρ‹{,281107,•ΊΙ§,_Λs’†‰›‹ζ,“ρ‹{’¬‚Q’–Ϊ,2023[sanitize]08[sanitize]02,23,’“Τi—Φjκ,’“Τi—Φjκ,{ω‚µ‚½,‚ ‚θ
ή“,Τγ‚Λ‚η‚Ά,•‡,“ρ‹{,281107,•ΊΙ§,_Λs’†‰›‹ζ,“ρ‹{’¬‚Q’–Ϊ,2023[sanitize]10[sanitize]21,17,‚SK‚ΔΘγ‹¤“―Z‘ξ,’“Τi—Φjκ,{ω‚µ‚½,‚Θ‚µ
ή“,Τγ‚Λ‚η‚Ά,•‡,“ρ‹{,281107,•ΊΙ§,_Λs’†‰›‹ζ,“ρ‹{’¬‚R’–Ϊ,2023[sanitize]08[sanitize]14,17,’“Τi—Φjκ,’“Τi—Φjκ,{ω‚µ‚½,‚Θ‚µ
ή“,Τγ‚Λ‚η‚Ά,•‡,“ρ‹{,281107,•ΊΙ§,_Λs’†‰›‹ζ,“ρ‹{’¬‚R’–Ϊ,2023[sanitize]08[sanitize]23,13,“ΉHγ,‚»‚Μ‘Ό,{ω‚Ή‚Έ,‚Θ‚µ
ή“,Τγ‚Λ‚η‚Ά,•‡,“ρ‹{,281107,•ΊΙ§,_Λs’†‰›‹ζ,“ρ‹{’¬‚R’–Ϊ,2023[sanitize]09[sanitize]15,20,‚SK‚ΔΘγ‹¤“―Z‘ξ,‚»‚Μ‘Ό,{ω‚Ή‚Έ,‚Θ‚µ
ή“,Τγ‚Λ‚η‚Ά,•‡,„’Λ,281107,•ΊΙ§,_Λs’†‰›‹ζ,“›δ’¬‚P’–Ϊ,2023[sanitize]12[sanitize]05,17,‚»‚Μ‘Ό,’“Τi—Φjκ,{ω‚µ‚½,‚Θ‚µ
ή“,Τγ‚Λ‚η‚Ά,•‡,„’Λ,281107,•ΊΙ§,_Λs’†‰›‹ζ,“ϊ•ι’Κ‚R’–Ϊ,2023[sanitize]05[sanitize]13,16,‚SK‚ΔΘγ‹¤“―Z‘ξ,’“Τi—Φjκ,{ω‚Ή‚Έ,‚ ‚θ
ή“,Τγ‚Λ‚η‚Ά,•‡,„’Λ,281107,•ΊΙ§,_Λs’†‰›‹ζ,“ϊ•ι’Κ‚T’–Ϊ,2023[sanitize]04[sanitize]08,22,“ΉHγ,‚»‚Μ‘Ό,{ω‚Ή‚Έ,‚ ‚θ
ή“,Τγ‚Λ‚η‚Ά,•‡,„’Λ,281107,•ΊΙ§,_Λs’†‰›‹ζ,“ϊ•ι’Κ‚T’–Ϊ,2023[sanitize]10[sanitize]24,08,“ΉHγ,‚»‚Μ‘Ό,{ω‚Ή‚Έ,‚ ‚θ
ή“,Τγ‚Λ‚η‚Ά,•‡,„’Λ,281107,•ΊΙ§,_Λs’†‰›‹ζ,”ª‰_’Κ‚S’–Ϊ,2022[sanitize]12[sanitize]27,05,κΛZ‘ξ,‚»‚Μ‘Ό,{ω‚Ή‚Έ,‚Θ‚µ
ή“,Τγ‚Λ‚η‚Ά,•‡,‹{–{,281107,•ΊΙ§,_Λs’†‰›‹ζ,_α’Κ‚P’–Ϊ,2023[sanitize]05[sanitize]05,17,’“Τi—Φjκ,’“Τi—Φjκ,{ω‚µ‚½,‚ ‚θ
ή“,Τγ‚Λ‚η‚Ά,•‡,‹{–{,281107,•ΊΙ§,_Λs’†‰›‹ζ,‘’Κ‚Q’–Ϊ,2023[sanitize]12[sanitize]06,19,“ΉHγ,‚»‚Μ‘Ό,{ω‚Ή‚Έ,‚Θ‚µ
ή“,Τγ‚Λ‚η‚Ά,•‡,¬–μ•Ώ,281107,•ΊΙ§,_Λs’†‰›‹ζ,‰_δ’Κ‚S’–Ϊ,2023[sanitize]04[sanitize]17,22,“ΉHγ,‚»‚Μ‘Ό,{ω‚Ή‚Έ,‚Θ‚µ
ή“,Τγ‚Λ‚η‚Ά,•‡,¬–μ•Ώ,281107,•ΊΙ§,_Λs’†‰›‹ζ,δK’Κ‚R’–Ϊ,2023[sanitize]09[sanitize]29,22,’“Τi—Φjκ,’“Τi—Φjκ,{ω‚µ‚½,‚Θ‚µ
ή“,Τγ‚Λ‚η‚Ά,•‡,t“ϊ–μ,281107,•ΊΙ§,_Λs’†‰›‹ζ,–k–{’¬’Κ‚P’–Ϊ,2022[sanitize]12[sanitize]29,15,‚»‚Μ‘Ό,’“Τi—Φjκ,{ω‚Ή‚Έ,‚Θ‚µ
ή“,Τγ‚Λ‚η‚Ά,•‡,t“ϊ–μ,281107,•ΊΙ§,_Λs’†‰›‹ζ,–k–{’¬’Κ‚P’–Ϊ,2023[sanitize]05[sanitize]03,10,‚»‚Μ‘Ό,’“Τi—Φjκ,{ω‚Ή‚Έ,‚ ‚θ
ή“,Τγ‚Λ‚η‚Ά,•‡,t“ϊ–μ,281107,•ΊΙ§,_Λs’†‰›‹ζ,–k–{’¬’Κ‚P’–Ϊ,2023[sanitize]11[sanitize]23,20,‚»‚Μ‘Ό,’“Τi—Φjκ,{ω‚µ‚½,‚ ‚θ
ή“,Τγ‚Λ‚η‚Ά,•‡,t“ϊ–μ,281107,•ΊΙ§,_Λs’†‰›‹ζ,e•l’¬‚R’–Ϊ,2023[sanitize]01[sanitize]09,17,’“Τi—Φjκ,’“Τi—Φjκ,{ω‚Ή‚Έ,‚ ‚θ
ή“,Τγ‚Λ‚η‚Ά,•‡,t“ϊ–μ,281107,•ΊΙ§,_Λs’†‰›‹ζ,e•l’¬‚R’–Ϊ,2023[sanitize]02[sanitize]16,00,‚»‚Μ‘Ό,’“Τi—Φjκ,{ω‚µ‚½,‚Θ‚µ
ή“,Τγ‚Λ‚η‚Ά,•‡,t“ϊ–μ,281107,•ΊΙ§,_Λs’†‰›‹ζ,e•l’¬‚R’–Ϊ,2023[sanitize]09[sanitize]02,11,‚»‚Μ‘Ό,’“Τi—Φjκ,{ω‚Ή‚Έ,‚ ‚θ
ή“,Τγ‚Λ‚η‚Ά,•‡,t“ϊ–μ,281107,•ΊΙ§,_Λs’†‰›‹ζ,„’Λ’Κ‚P’–Ϊ,2023[sanitize]10[sanitize]01,04,‚»‚Μ‘Ό,’“Τi—Φjκ,{ω‚Ή‚Έ,‚Θ‚µ
ή“,Τγ‚Λ‚η‚Ά,•‡,F“ΰ,281107,•ΊΙ§,_Λs’†‰›‹ζ,F“ΰ’¬‚V’–Ϊ,2023[sanitize]08[sanitize]02,18,‚SK‚ΔΘγ‹¤“―Z‘ξ,’“Τi—Φjκ,{ω‚µ‚½,‚Θ‚µ
ή“,Τγ‚Λ‚η‚Ά,•‡,‚g‚`‚s_Λ,281107,•ΊΙ§,_Λs’†‰›‹ζ,e•lCέ’Κ‚P’–Ϊ,2023[sanitize]08[sanitize]04,15,‚»‚Μ‘Ό,‚»‚Μ‘Ό,{ω‚Ή‚Έ,‚ ‚θ
ή“,Τγ‚Λ‚η‚Ά,•‡,‚g‚`‚s_Λ,281107,•ΊΙ§,_Λs’†‰›‹ζ,e•lCέ’Κ‚Q’–Ϊ,2023[sanitize]07[sanitize]21,14,‚»‚Μ‘Ό,’“Τi—Φjκ,{ω‚Ή‚Έ,‚Θ‚µ
ή“,Τγ‚Λ‚η‚Ά,•‡,‚g‚`‚s_Λ,281107,•ΊΙ§,_Λs’†‰›‹ζ,e•lCέ’Κ‚R’–Ϊ,2023[sanitize]09[sanitize]16,20,‚SK‚ΔΘγ‹¤“―Z‘ξ,’“Τi—Φjκ,{ω‚Ή‚Έ,‚Θ‚µ
ή“,Τγ‚Λ‚η‚Ά,¶“c,ƒfƒ…ƒI‚±‚¤‚Χ,281107,•ΊΙ§,_Λs’†‰›‹ζ,’†’¬’Κ‚R’–Ϊ,2023[sanitize]09[sanitize]26,21,“ΉHγ,‚»‚Μ‘Ό,{ω‚Ή‚Έ,‚Θ‚µ
ή“,Τγ‚Λ‚η‚Ά,¶“c,ƒfƒ…ƒI‚±‚¤‚Χ,281107,•ΊΙ§,_Λs’†‰›‹ζ,’†’¬’Κ‚R’–Ϊ,2023[sanitize]10[sanitize]05,21,“ΉHγ,‚»‚Μ‘Ό,{ω‚Ή‚Έ,‚Θ‚µ
ή“,Τγ‚Λ‚η‚Ά,¶“c,ƒfƒ…ƒI‚±‚¤‚Χ,281107,•ΊΙ§,_Λs’†‰›‹ζ,’†’¬’Κ‚R’–Ϊ,2023[sanitize]10[sanitize]17,09,’“Τi—Φjκ,’“Τi—Φjκ,{ω‚Ή‚Έ,‚ ‚θ
ή“,Τγ‚Λ‚η‚Ά,¶“c,ƒn[ƒo[ƒ‰ƒ“ƒh,281107,•ΊΙ§,_Λs’†‰›‹ζ,“μθ’¬‚P’–Ϊ,2023[sanitize]05[sanitize]15,16,‚»‚Μ‘Ό,’“Τi—Φjκ,{ω‚µ‚½,‚Θ‚µ
ή“,Τγ‚Λ‚η‚Ά,¶“c,ƒn[ƒo[ƒ‰ƒ“ƒh,281107,•ΊΙ§,_Λs’†‰›‹ζ,“μθ’¬‚P’–Ϊ,2023[sanitize]07[sanitize]26,06,‚»‚Μ‘Ό,‚»‚Μ‘Ό,{ω‚Ή‚Έ,‚ ‚θ
ή“,Τγ‚Λ‚η‚Ά,¶“c,κ‹{,281107,•ΊΙ§,_Λs’†‰›‹ζ,‰Α”[’¬‚P’–Ϊ,2023[sanitize]04[sanitize]14,12,’“Τi—Φjκ,’“Τi—Φjκ,{ω‚µ‚½,‚Θ‚µ
ή“,Τγ‚Λ‚η‚Ά,¶“c,‹’¬,281107,•ΊΙ§,_Λs’†‰›‹ζ,‹’¬,2023[sanitize]04[sanitize]08,03,‚»‚Μ‘Ό,‚»‚Μ‘Ό,{ω‚Ή‚Έ,‚ ‚θ
ή“,Τγ‚Λ‚η‚Ά,¶“c,‹’¬,281107,•ΊΙ§,_Λs’†‰›‹ζ,O‹{’¬‚P’–Ϊ,2023[sanitize]05[sanitize]01,09,’“Τi—Φjκ,’“Τi—Φjκ,{ω‚Ή‚Έ,‚ ‚θ
ή“,Τγ‚Λ‚η‚Ά,¶“c,‹’¬,281107,•ΊΙ§,_Λs’†‰›‹ζ,O‹{’¬‚P’–Ϊ,2023[sanitize]07[sanitize]08,07,’“Τi—Φjκ,’“Τi—Φjκ,{ω‚µ‚½,‚Θ‚µ
ή“,Τγ‚Λ‚η‚Ά,¶“c,‹’¬,281107,•ΊΙ§,_Λs’†‰›‹ζ,O‹{’¬‚P’–Ϊ,2023[sanitize]12[sanitize]20,09,“ΉHγ,‚»‚Μ‘Ό,{ω‚Ή‚Έ,‚Θ‚µ
ή“,Τγ‚Λ‚η‚Ά,¶“c,³’¬’Κ,281107,•ΊΙ§,_Λs’†‰›‹ζ,‰h’¬’Κ‚R’–Ϊ,2023[sanitize]12[sanitize]20,16,’“Τi—Φjκ,’“Τi—Φjκ,{ω‚Ή‚Έ,‚ ‚θ
ή“,Τγ‚Λ‚η‚Ά,¶“c,³’¬’Κ,281107,•ΊΙ§,_Λs’†‰›‹ζ,‰h’¬’Κ‚U’–Ϊ,2023[sanitize]03[sanitize]20,21,’“Τi—Φjκ,’“Τi—Φjκ,{ω‚µ‚½,‚ ‚θ
ή“,Τγ‚Λ‚η‚Ά,¶“c,³’¬’Κ,281107,•ΊΙ§,_Λs’†‰›‹ζ,‰h’¬’Κ‚U’–Ϊ,2023[sanitize]08[sanitize]13,08,“ΉHγ,‚»‚Μ‘Ό,{ω‚Ή‚Έ,‚ ‚θ
ή“,Τγ‚Λ‚η‚Ά,¶“c,³’¬’Κ,281107,•ΊΙ§,_Λs’†‰›‹ζ,³’¬’Κ‚S’–Ϊ,2023[sanitize]06[sanitize]30,10,“ΉHγ,‚»‚Μ‘Ό,{ω‚Ή‚Έ,‚ ‚θ
ή“,Τγ‚Λ‚η‚Ά,¶“c,³’¬’Κ,281107,•ΊΙ§,_Λs’†‰›‹ζ,³’¬’Κ‚T’–Ϊ,2023[sanitize]04[sanitize]28,10,’“Τi—Φjκ,’“Τi—Φjκ,{ω‚Ή‚Έ,‚Θ‚µ
ή“,Τγ‚Λ‚η‚Ά,¶“c,³’¬’Κ,281107,•ΊΙ§,_Λs’†‰›‹ζ,³’¬’Κ‚T’–Ϊ,2023[sanitize]06[sanitize]28,13,“ΉHγ,‚»‚Μ‘Ό,{ω‚Ή‚Έ,‚Θ‚µ
ή“,Τγ‚Λ‚η‚Ά,¶“c,³’¬’Κ,281107,•ΊΙ§,_Λs’†‰›‹ζ,³’¬’Κ‚T’–Ϊ,2023[sanitize]06[sanitize]30,09,“ΉHγ,‚»‚Μ‘Ό,{ω‚Ή‚Έ,‚ ‚θ
ή“,Τγ‚Λ‚η‚Ά,¶“c,³’¬‰w,281107,•ΊΙ§,_Λs’†‰›‹ζ,³’¬’Κ‚Q’–Ϊ,2023[sanitize]12[sanitize]15,22,“ΉHγ,‚»‚Μ‘Ό,{ω‚Ή‚Έ,‚ ‚θ
ή“,Τγ‚Λ‚η‚Ά,¶“c,–k–μ,281107,•ΊΙ§,_Λs’†‰›‹ζ,–k–μ’¬‚P’–Ϊ,2023[sanitize]11[sanitize]25,08,’“Τi—Φjκ,’“Τi—Φjκ,{ω‚µ‚½,‚Θ‚µ
ή“,Τγ‚Λ‚η‚Ά,¶“c,‘ε‘qR,281107,•ΊΙ§,_Λs’†‰›‹ζ,–k’·‹·’Κ‚V’–Ϊ,2023[sanitize]04[sanitize]26,13,“ΉHγ,‚»‚Μ‘Ό,{ω‚Ή‚Έ,‚ ‚θ
ή“,Τγ‚Λ‚η‚Ά,¶“c,¶“c‘O,281107,•ΊΙ§,_Λs’†‰›‹ζ,‰Α”[’¬‚R’–Ϊ,2023[sanitize]09[sanitize]28,23,“ΉHγ,‚»‚Μ‘Ό,{ω‚µ‚½,‚ ‚θ
ή“,Τγ‚Λ‚η‚Ά,¶“c,¶“c‘O,281107,•ΊΙ§,_Λs’†‰›‹ζ,‰Α”[’¬‚S’–Ϊ,2023[sanitize]08[sanitize]06,22,’“Τi—Φjκ,’“Τi—Φjκ,{ω‚Ή‚Έ,‚Θ‚µ
ή“,Τγ‚Λ‚η‚Ά,¶“c,¶“c‘O,281107,•ΊΙ§,_Λs’†‰›‹ζ,–k’·‹·’Κ‚P’–Ϊ,2023[sanitize]09[sanitize]09,16,“ΉHγ,‚»‚Μ‘Ό,{ω‚µ‚½,‚ ‚θ
ή“,Τγ‚Λ‚η‚Ά,¶“c,¶“c‘O,281107,•ΊΙ§,_Λs’†‰›‹ζ,–k’·‹·’Κ‚Q’–Ϊ,2023[sanitize]01[sanitize]12,23,’“Τi—Φjκ,’“Τi—Φjκ,{ω‚Ή‚Έ,‚Θ‚µ
ή“,Τγ‚Λ‚η‚Ά,¶“c,¶“c‘O,281107,•ΊΙ§,_Λs’†‰›‹ζ,–k’·‹·’Κ‚Q’–Ϊ,2023[sanitize]01[sanitize]25,21,’“Τi—Φjκ,’“Τi—Φjκ,{ω‚Ή‚Έ,‚Θ‚µ
ή“,Τγ‚Λ‚η‚Ά,¶“c,¶“c‘O,281107,•ΊΙ§,_Λs’†‰›‹ζ,–k’·‹·’Κ‚Q’–Ϊ,2023[sanitize]06[sanitize]28,16,’“Τi—Φjκ,’“Τi—Φjκ,{ω‚Ή‚Έ,‚Θ‚µ
ή“,Τγ‚Λ‚η‚Ά,¶“c,¶“c‘O,281107,•ΊΙ§,_Λs’†‰›‹ζ,–k’·‹·’Κ‚Q’–Ϊ,2023[sanitize]10[sanitize]14,02,’“Τi—Φjκ,’“Τi—Φjκ,{ω‚Ή‚Έ,‚Θ‚µ
ή“,Τγ‚Λ‚η‚Ά,¶“c,¶“c‘O,281107,•ΊΙ§,_Λs’†‰›‹ζ,‰ΊRθ’Κ‚Q’–Ϊ,2023[sanitize]06[sanitize]30,16,’“Τi—Φjκ,’“Τi—Φjκ,{ω‚Ή‚Έ,‚Θ‚µ
ή“,Τγ‚Λ‚η‚Ά,¶“c,¶“c‘O,281107,•ΊΙ§,_Λs’†‰›‹ζ,‰ΊRθ’Κ‚Q’–Ϊ,2023[sanitize]08[sanitize]24,01,“ΉHγ,‚»‚Μ‘Ό,{ω‚Ή‚Έ,‚ ‚θ
ή“,Τγ‚Λ‚η‚Ά,¶“c,¶“c‘O,281107,•ΊΙ§,_Λs’†‰›‹ζ,’†Rθ’Κ‚P’–Ϊ,2023[sanitize]02[sanitize]13,16,“ΉHγ,‚»‚Μ‘Ό,{ω‚Ή‚Έ,‚ ‚θ
ή“,Τγ‚Λ‚η‚Ά,¶“c,¶“c‘O,281107,•ΊΙ§,_Λs’†‰›‹ζ,’†Rθ’Κ‚P’–Ϊ,2023[sanitize]07[sanitize]25,17,“ΉHγ,‚»‚Μ‘Ό,{ω‚Ή‚Έ,‚ ‚θ
ή“,Τγ‚Λ‚η‚Ά,¶“c,z–KR,281107,•ΊΙ§,_Λs’†‰›‹ζ,R–{’Κ‚R’–Ϊ,2023[sanitize]05[sanitize]11,20,κΛZ‘ξ,’“Τi—Φjκ,{ω‚Ή‚Έ,‚Θ‚µ
ή“,Τγ‚Λ‚η‚Ά,¶“c,z–KR,281107,•ΊΙ§,_Λs’†‰›‹ζ,R–{’Κ‚S’–Ϊ,2023[sanitize]11[sanitize]22,19,’“Τi—Φjκ,’“Τi—Φjκ,{ω‚µ‚½,‚Θ‚µ
ή“,Τγ‚Λ‚η‚Ά,¶“c,z–KR,281107,•ΊΙ§,_Λs’†‰›‹ζ,R–{’Κ‚S’–Ϊ,2023[sanitize]11[sanitize]26,11,’“Τi—Φjκ,’“Τi—Φjκ,{ω‚µ‚½,‚Θ‚µ
ή“,Τγ‚Λ‚η‚Ά,•ΊΙ,’†”V“‡,281051,•ΊΙ§,_Λs•ΊΙ‹ζ,’†”V“‡‚Q’–Ϊ,2023[sanitize]04[sanitize]28,13,‚»‚Μ‘Ό,’“Τi—Φjκ,{ω‚Ή‚Έ,‚Θ‚µ
ή“,Τγ‚Λ‚η‚Ά,•ΊΙ,’†”V“‡,281051,•ΊΙ§,_Λs•ΊΙ‹ζ,’†”V“‡‚Q’–Ϊ,2023[sanitize]04[sanitize]28,14,‚»‚Μ‘Ό,’“Τi—Φjκ,{ω‚Ή‚Έ,‚Θ‚µ
ή“,Τγ‚Λ‚η‚Ά,•ΊΙ,’†”V“‡,281051,•ΊΙ§,_Λs•ΊΙ‹ζ,’†”V“‡‚Q’–Ϊ,2023[sanitize]04[sanitize]28,15,’“Τi—Φjκ,’“Τi—Φjκ,{ω‚Ή‚Έ,‚Θ‚µ
ή“,Τγ‚Λ‚η‚Ά,•ΊΙ,•ΊΙ‰w‘O,281051,•ΊΙ§,_Λs•ΊΙ‹ζ,‰w“μ’Κ‚T’–Ϊ,2023[sanitize]12[sanitize]13,11,“ΉHγ,‚»‚Μ‘Ό,{ω‚Ή‚Έ,‚Θ‚µ
ή“,Τγ‚Λ‚η‚Ά,•ΊΙ,‘εJ,281051,•ΊΙ§,_Λs•ΊΙ‹ζ,’Λ–{’Κ‚R’–Ϊ,2023[sanitize]01[sanitize]29,11,’“Τi—Φjκ,’“Τi—Φjκ,{ω‚Ή‚Έ,‚ ‚θ
ή“,Τγ‚Λ‚η‚Ά,•ΊΙ,VJ’n,281051,•ΊΙ§,_Λs•ΊΙ‹ζ,VJ’n‚R’–Ϊ,2023[sanitize]05[sanitize]28,09,“ΉHγ,‚»‚Μ‘Ό,{ω‚Ή‚Έ,‚ ‚θ
ή“,Τγ‚Λ‚η‚Ά,•ΊΙ,VJ’n,281051,•ΊΙ§,_Λs•ΊΙ‹ζ,‘εJ’Κ‚P’–Ϊ,2023[sanitize]05[sanitize]10,13,“ΉHγ,‚»‚Μ‘Ό,{ω‚Ή‚Έ,‚ ‚θ
ή“,Τγ‚Λ‚η‚Ά,•ΊΙ,VJ’n,281051,•ΊΙ§,_Λs•ΊΙ‹ζ,Όo’¬‚Q’–Ϊ,2023[sanitize]05[sanitize]31,22,‚SK‚ΔΘγ‹¤“―Z‘ξ,’“Τi—Φjκ,{ω‚Ή‚Έ,‚ ‚θ
ή“,Τγ‚Λ‚η‚Ά,•ΊΙ,VJ’n,281051,•ΊΙ§,_Λs•ΊΙ‹ζ,Όo’¬‚Q’–Ϊ,2023[sanitize]10[sanitize]22,05,‚SK‚ΔΘγ‹¤“―Z‘ξ,’“Τi—Φjκ,{ω‚µ‚½,‚Θ‚µ
ή“,Τγ‚Λ‚η‚Ά,•ΊΙ,VJ’n,281051,•ΊΙ§,_Λs•ΊΙ‹ζ,–©’¬‚S’–Ϊ,2022[sanitize]12[sanitize]24,19,’“Τi—Φjκ,’“Τi—Φjκ,{ω‚Ή‚Έ,‚Θ‚µ
ή“,Τγ‚Λ‚η‚Ά,•ΊΙ,VJ’n,281051,•ΊΙ§,_Λs•ΊΙ‹ζ,–©’¬‚S’–Ϊ,2023[sanitize]09[sanitize]03,12,‚SK‚ΔΘγ‹¤“―Z‘ξ,‚»‚Μ‘Ό,{ω‚Ή‚Έ,‚Θ‚µ
ή“,Τγ‚Λ‚η‚Ά,•ΊΙ,–Ύe,281051,•ΊΙ§,_Λs•ΊΙ‹ζ,‰w“μ’Κ‚T’–Ϊ,2023[sanitize]06[sanitize]28,21,‚»‚Μ‘Ό,‚»‚Μ‘Ό,{ω‚Ή‚Έ,‚Θ‚µ
ή“,Τγ‚Λ‚η‚Ά,•ΊΙ,–Ύe,281051,•ΊΙ§,_Λs•ΊΙ‹ζ,Ό΄’Κ‚Q’–Ϊ,2023[sanitize]08[sanitize]20,12,“ΉHγ,‚»‚Μ‘Ό,{ω‚Ή‚Έ,‚ ‚θ
ή“,Τγ‚Λ‚η‚Ά,•ΊΙ,–©μ,281051,•ΊΙ§,_Λs•ΊΙ‹ζ,r“c’¬‚P’–Ϊ,2023[sanitize]07[sanitize]10,01,‚»‚Μ‘Ό,‚»‚Μ‘Ό,{ω‚Ή‚Έ,‚ ‚θ
ή“,Τγ‚Λ‚η‚Ά,•ΊΙ,–©μ,281051,•ΊΙ§,_Λs•ΊΙ‹ζ,r“c’¬‚P’–Ϊ,2023[sanitize]07[sanitize]10,01,‚»‚Μ‘Ό,‚»‚Μ‘Ό,{ω‚Ή‚Έ,‚ ‚θ
ή“,Τγ‚Λ‚η‚Ά,•ΊΙ,–©μ,281051,•ΊΙ§,_Λs•ΊΙ‹ζ,‰Ί‘ς’Κ‚P’–Ϊ,2023[sanitize]04[sanitize]16,01,“ΉHγ,‚»‚Μ‘Ό,{ω‚µ‚½,‚ ‚θ
ή“,Τγ‚Λ‚η‚Ά,•ΊΙ,–©μ,281051,•ΊΙ§,_Λs•ΊΙ‹ζ,VJ’n‚Q’–Ϊ,2023[sanitize]10[sanitize]24,07,“ΉHγ,‚»‚Μ‘Ό,{ω‚Ή‚Έ,‚ ‚θ
ή“,Τγ‚Λ‚η‚Ά,•ΊΙ,–©μ,281051,•ΊΙ§,_Λs•ΊΙ‹ζ,“R’¬‚P’–Ϊ,2023[sanitize]12[sanitize]14,15,“ΉHγ,‚»‚Μ‘Ό,{ω‚Ή‚Έ,‚ ‚θ
ή“,Τγ‚Λ‚η‚Ά,•ΊΙ,–©μ,281051,•ΊΙ§,_Λs•ΊΙ‹ζ,“R’¬‚S’–Ϊ,2023[sanitize]04[sanitize]07,18,‚SK‚ΔΘγ‹¤“―Z‘ξ,’“Τi—Φjκ,{ω‚Ή‚Έ,‚Θ‚µ
ή“,Τγ‚Λ‚η‚Ά,•ΊΙ,F–μ,281051,•ΊΙ§,_Λs•ΊΙ‹ζ,F–μ’¬‚P’–Ϊ,2023[sanitize]07[sanitize]22,18,’“Τi—Φjκ,’“Τi—Φjκ,{ω‚Ή‚Έ,‚Θ‚µ
ή“,Τγ‚Λ‚η‚Ά,•ΊΙ,F–μ,281051,•ΊΙ§,_Λs•ΊΙ‹ζ,F–μ’¬‚R’–Ϊ,2023[sanitize]05[sanitize]22,12,κΛZ‘ξ,’“Τi—Φjκ,{ω‚Ή‚Έ,‚ ‚θ
ή“,Τγ‚Λ‚η‚Ά,•ΊΙ,F–μ,281051,•ΊΙ§,_Λs•ΊΙ‹ζ,•XΊ’¬‚Q’–Ϊ,2023[sanitize]05[sanitize]24,15,‚»‚Μ‘Ό,’“Τi—Φjκ,{ω‚Ή‚Έ,‚Θ‚µ
ή“,Τγ‚Λ‚η‚Ά,•ΊΙ,F–μ,281051,•ΊΙ§,_Λs•ΊΙ‹ζ,•XΊ’¬‚Q’–Ϊ,2023[sanitize]06[sanitize]23,16,‚»‚Μ‘Ό,’“Τi—Φjκ,{ω‚Ή‚Έ,‚Θ‚µ
ή“,Τγ‚Λ‚η‚Ά,•ΊΙ,F–μ,281051,•ΊΙ§,_Λs•ΊΙ‹ζ,–©μ’¬‚W’–Ϊ,2023[sanitize]02[sanitize]13,23,“ΉHγ,‚»‚Μ‘Ό,{ω‚Ή‚Έ,‚ ‚θ
ή“,Τγ‚Λ‚η‚Ά,•ΊΙ,M’r,281051,•ΊΙ§,_Λs•ΊΙ‹ζ,γ‘ς’Κ‚R’–Ϊ,2023[sanitize]02[sanitize]22,11,“ΉHγ,‚»‚Μ‘Ό,{ω‚Ή‚Έ,‚Θ‚µ
ή“,Τγ‚Λ‚η‚Ά,•ΊΙ,M’r,281051,•ΊΙ§,_Λs•ΊΙ‹ζ,γ‘ς’Κ‚S’–Ϊ,2023[sanitize]04[sanitize]28,16,“ΉHγ,‚»‚Μ‘Ό,{ω‚Ή‚Έ,‚Θ‚µ
ή“,Τγ‚Λ‚η‚Ά,•ΊΙ,M’r,281051,•ΊΙ§,_Λs•ΊΙ‹ζ,γ‘ς’Κ‚S’–Ϊ,2023[sanitize]12[sanitize]07,12,’“Τi—Φjκ,’“Τi—Φjκ,{ω‚Ή‚Έ,‚ ‚θ
ή“,Τγ‚Λ‚η‚Ά,•ΊΙ,M’r,281051,•ΊΙ§,_Λs•ΊΙ‹ζ,γ‘ς’Κ‚V’–Ϊ,2023[sanitize]06[sanitize]02,08,‚SK‚ΔΘγ‹¤“―Z‘ξ,‚»‚Μ‘Ό,{ω‚Ή‚Έ,‚Θ‚µ
ή“,Τγ‚Λ‚η‚Ά,•ΊΙ,M’r,281051,•ΊΙ§,_Λs•ΊΙ‹ζ,…–Ψ’Κ‚V’–Ϊ,2023[sanitize]11[sanitize]21,13,’“Τi—Φjκ,’“Τi—Φjκ,{ω‚Ή‚Έ,‚ ‚θ
ή“,Τγ‚Λ‚η‚Ά,•ΊΙ,r“c,281051,•ΊΙ§,_Λs•ΊΙ‹ζ,r“c’¬‚P’–Ϊ,2023[sanitize]11[sanitize]16,17,“ΉHγ,‚»‚Μ‘Ό,{ω‚Ή‚Έ,‚ ‚θ
ή“,Τγ‚Λ‚η‚Ά,•ΊΙ,r“c,281051,•ΊΙ§,_Λs•ΊΙ‹ζ,r“c’¬‚Q’–Ϊ,2023[sanitize]02[sanitize]28,10,“ΉHγ,‚»‚Μ‘Ό,{ω‚Ή‚Έ,‚Θ‚µ
ή“,Τγ‚Λ‚η‚Ά,•ΊΙ,r“c,281051,•ΊΙ§,_Λs•ΊΙ‹ζ,r“c’¬‚Q’–Ϊ,2023[sanitize]03[sanitize]12,11,’“Τi—Φjκ,’“Τi—Φjκ,{ω‚Ή‚Έ,‚Θ‚µ
ή“,Τγ‚Λ‚η‚Ά,•ΊΙ,r“c,281051,•ΊΙ§,_Λs•ΊΙ‹ζ,r“c’¬‚Q’–Ϊ,2023[sanitize]03[sanitize]14,11,’“Τi—Φjκ,’“Τi—Φjκ,{ω‚Ή‚Έ,‚Θ‚µ
ή“,Τγ‚Λ‚η‚Ά,•ΊΙ,r“c,281051,•ΊΙ§,_Λs•ΊΙ‹ζ,r“c’¬‚Q’–Ϊ,2023[sanitize]10[sanitize]16,11,“ΉHγ,‚»‚Μ‘Ό,{ω‚Ή‚Έ,‚ ‚θ
ή“,Τγ‚Λ‚η‚Ά,•ΊΙ,r“c,281051,•ΊΙ§,_Λs•ΊΙ‹ζ,r“c’¬‚R’–Ϊ,2023[sanitize]07[sanitize]01,21,‚»‚Μ‘Ό,‚»‚Μ‘Ό,{ω‚Ή‚Έ,‚Θ‚µ
ή“,Τγ‚Λ‚η‚Ά,•ΊΙ,‹e…Ό,281051,•ΊΙ§,_Λs•ΊΙ‹ζ,–©μ’¬‚P‚O’–Ϊ,2023[sanitize]07[sanitize]15,09,“ΉHγ,‚»‚Μ‘Ό,{ω‚Ή‚Έ,‚Θ‚µ
ή“,Τγ‚Λ‚η‚Ά,’·“c,‹v•Ϋ,281069,•ΊΙ§,_Λs’·“c‹ζ,‹ξƒP—Ρ’¬‚P’–Ϊ,2023[sanitize]10[sanitize]24,00,’“Τi—Φjκ,’“Τi—Φjκ,{ω‚µ‚½,‚Θ‚µ
ή“,Τγ‚Λ‚η‚Ά,’·“c,‹v•Ϋ,281069,•ΊΙ§,_Λs’·“c‹ζ,‹ξƒP—Ρ’¬‚Q’–Ϊ,2023[sanitize]11[sanitize]05,10,“ΉHγ,‚»‚Μ‘Ό,{ω‚Ή‚Έ,‚Θ‚µ
ή“,Τγ‚Λ‚η‚Ά,’·“c,‹v•Ϋ,281069,•ΊΙ§,_Λs’·“c‹ζ,“μ‹ξ‰h’¬,2023[sanitize]01[sanitize]06,19,‚»‚Μ‘Ό,’“Τi—Φjκ,{ω‚µ‚½,‚Θ‚µ
ή“,Τγ‚Λ‚η‚Ά,’·“c,–Ό‘q,281069,•ΊΙ§,_Λs’·“c‹ζ,–[‰¤›’¬‚V’–Ϊ,2023[sanitize]08[sanitize]13,04,“ΉHγ,‚»‚Μ‘Ό,{ω‚µ‚½,‚ ‚θ
ή“,Τγ‚Λ‚η‚Ά,’·“c,‘ε’J,281069,•ΊΙ§,_Λs’·“c‹ζ,@’r’¬,2023[sanitize]11[sanitize]12,16,‚»‚Μ‘Ό,‚»‚Μ‘Ό,{ω‚Ή‚Έ,‚ ‚θ
ή“,Τγ‚Λ‚η‚Ά,’·“c,‘ε’J,281069,•ΊΙ§,_Λs’·“c‹ζ,@’r’¬,2023[sanitize]11[sanitize]26,18,‚»‚Μ‘Ό,’“Τi—Φjκ,{ω‚µ‚½,‚Θ‚µ
ή“,Τγ‚Λ‚η‚Ά,’·“c,δ‘ ,281069,•ΊΙ§,_Λs’·“c‹ζ,–k’¬‚P’–Ϊ,2023[sanitize]02[sanitize]23,10,‚»‚Μ‘Ό,’“Τi—Φjκ,{ω‚µ‚½,‚Θ‚µ
ή“,Τγ‚Λ‚η‚Ά,’·“c,δ‘ ,281069,•ΊΙ§,_Λs’·“c‹ζ,–k’¬‚P’–Ϊ,2023[sanitize]04[sanitize]12,19,’“Τi—Φjκ,’“Τi—Φjκ,{ω‚Ή‚Έ,‚Θ‚µ
ή“,Τγ‚Λ‚η‚Ά,’·“c,δ‘ ,281069,•ΊΙ§,_Λs’·“c‹ζ,–k’¬‚Q’–Ϊ,2023[sanitize]09[sanitize]29,10,“ΉHγ,‚»‚Μ‘Ό,{ω‚Ή‚Έ,‚ ‚θ
ή“,Τγ‚Λ‚η‚Ά,’·“c,δ‘ ,281069,•ΊΙ§,_Λs’·“c‹ζ,›΄’Κ‚T’–Ϊ,2023[sanitize]01[sanitize]10,10,‚»‚Μ‘Ό,‚»‚Μ‘Ό,{ω‚Ή‚Έ,‚Θ‚µ
ή“,Τγ‚Λ‚η‚Ά,’·“c,δ‘ ,281069,•ΊΙ§,_Λs’·“c‹ζ,›΄’Κ‚T’–Ϊ,2023[sanitize]03[sanitize]01,12,‚»‚Μ‘Ό,’“Τi—Φjκ,{ω‚Ή‚Έ,‚Θ‚µ
ή“,Τγ‚Λ‚η‚Ά,’·“c,δ‘ ,281069,•ΊΙ§,_Λs’·“c‹ζ,›΄’Κ‚T’–Ϊ,2023[sanitize]03[sanitize]15,12,‚»‚Μ‘Ό,’“Τi—Φjκ,{ω‚Ή‚Έ,‚Θ‚µ
ή“,Τγ‚Λ‚η‚Ά,’·“c,δ‘ ,281069,•ΊΙ§,_Λs’·“c‹ζ,δ‘ ’Κ‚Q’–Ϊ,2023[sanitize]09[sanitize]29,17,’“Τi—Φjκ,’“Τi—Φjκ,{ω‚µ‚½,‚Θ‚µ
ή“,Τγ‚Λ‚η‚Ά,’·“c,δ‘ ,281069,•ΊΙ§,_Λs’·“c‹ζ,δ‘ ’Κ‚T’–Ϊ,2023[sanitize]06[sanitize]30,18,’“Τi—Φjκ,’“Τi—Φjκ,{ω‚Ή‚Έ,‚ ‚θ
ή“,Τγ‚Λ‚η‚Ά,’·“c,V’·“c‰w‘O,281069,•ΊΙ§,_Λs’·“c‹ζ,‘ε‹΄’¬‚T’–Ϊ,2023[sanitize]10[sanitize]07,15,“ΉHγ,‚»‚Μ‘Ό,{ω‚Ή‚Έ,‚Θ‚µ
ή“,Τγ‚Λ‚η‚Ά,’·“c,V’·“c‰w‘O,281069,•ΊΙ§,_Λs’·“c‹ζ,ΌK’r’¬‚Q’–Ϊ,2023[sanitize]10[sanitize]19,22,’“Τi—Φjκ,’“Τi—Φjκ,{ω‚µ‚½,‚Θ‚µ
ή“,Τγ‚Λ‚η‚Ά,’·“c,V’·“c‰w‘O,281069,•ΊΙ§,_Λs’·“c‹ζ,αΌ’¬‚U’–Ϊ,2023[sanitize]07[sanitize]07,22,‚»‚Μ‘Ό,‚»‚Μ‘Ό,{ω‚Ή‚Έ,‚ ‚θ
ή“,Τγ‚Λ‚η‚Ά,’·“c,V’·“c‰w‘O,281069,•ΊΙ§,_Λs’·“c‹ζ,αΌ’¬‚U’–Ϊ,2023[sanitize]10[sanitize]23,13,“ΉHγ,‚»‚Μ‘Ό,{ω‚Ή‚Έ,‚Θ‚µ
ή“,Τγ‚Λ‚η‚Ά,’·“c,…},281069,•ΊΙ§,_Λs’·“c‹ζ,_y’¬‚Q’–Ϊ,2023[sanitize]06[sanitize]13,12,“ΉHγ,‚»‚Μ‘Ό,{ω‚Ή‚Έ,‚ ‚θ
ή“,Τγ‚Λ‚η‚Ά,’·“c,…},281069,•ΊΙ§,_Λs’·“c‹ζ,μΌ’Κ‚R’–Ϊ,2023[sanitize]05[sanitize]23,13,‚»‚Μ‘Ό,’“Τi—Φjκ,{ω‚Ή‚Έ,‚Θ‚µ
ή“,Τγ‚Λ‚η‚Ά,’·“c,…},281069,•ΊΙ§,_Λs’·“c‹ζ,Χ“c’¬‚S’–Ϊ,2023[sanitize]10[sanitize]06,22,‚»‚Μ‘Ό,’“Τi—Φjκ,{ω‚Ή‚Έ,‚Θ‚µ
ή“,Τγ‚Λ‚η‚Ά,’·“c,…},281069,•ΊΙ§,_Λs’·“c‹ζ,Χ“c’¬‚T’–Ϊ,2023[sanitize]10[sanitize]09,14,‚»‚Μ‘Ό,‚»‚Μ‘Ό,{ω‚Ή‚Έ,‚ ‚θ
ή“,Τγ‚Λ‚η‚Ά,’·“c,…},281069,•ΊΙ§,_Λs’·“c‹ζ,…}’Κ‚Q’–Ϊ,2023[sanitize]11[sanitize]25,16,‚»‚Μ‘Ό,‚»‚Μ‘Ό,{ω‚Ή‚Έ,‚ ‚θ
ή“,Τγ‚Λ‚η‚Ά,’·“c,–©μ‘ε‹΄,281069,•ΊΙ§,_Λs’·“c‹ζ,“K’r’¬‚Q’–Ϊ,2023[sanitize]01[sanitize]29,08,“ΉHγ,‚»‚Μ‘Ό,{ω‚Ή‚Έ,‚Θ‚µ
ή“,Τγ‚Λ‚η‚Ά,’·“c,–©μ‘ε‹΄,281069,•ΊΙ§,_Λs’·“c‹ζ,“K’r’¬‚R’–Ϊ,2023[sanitize]01[sanitize]21,12,‚»‚Μ‘Ό,’“Τi—Φjκ,{ω‚Ή‚Έ,‚Θ‚µ
ή“,Τγ‚Λ‚η‚Ά,’·“c,–μ“c,281069,•ΊΙ§,_Λs’·“c‹ζ,–μ“c’¬‚S’–Ϊ,2023[sanitize]10[sanitize]12,09,’“Τi—Φjκ,’“Τi—Φjκ,{ω‚Ή‚Έ,‚Θ‚µ
ή“,Τγ‚Λ‚η‚Ά,’·“c,–μ“c,281069,•ΊΙ§,_Λs’·“c‹ζ,–{―’¬‚V’–Ϊ,2023[sanitize]07[sanitize]06,14,“ΉHγ,‚»‚Μ‘Ό,{ω‚Ή‚Έ,‚Θ‚µ
ή“,Τγ‚Λ‚η‚Ά,’·“c,’·“c,281069,•ΊΙ§,_Λs’·“c‹ζ,‘ε’Λ’¬‚P’–Ϊ,2023[sanitize]07[sanitize]24,18,“ΉHγ,‚»‚Μ‘Ό,{ω‚Ή‚Έ,‚ ‚θ
ή“,Τγ‚Λ‚η‚Ά,’·“c,’·“c,281069,•ΊΙ§,_Λs’·“c‹ζ,’·“c’¬‚Q’–Ϊ,2023[sanitize]03[sanitize]06,08,’“Τi—Φjκ,’“Τi—Φjκ,{ω‚µ‚½,‚ ‚θ
ή“,Τγ‚Λ‚η‚Ά,’·“c,’·“c“,281069,•ΊΙ§,_Λs’·“c‹ζ,O”Τ’¬‚R’–Ϊ,2022[sanitize]11[sanitize]30,10,’“Τi—Φjκ,’“Τi—Φjκ,{ω‚µ‚½,‚Θ‚µ
ή“,Τγ‚Λ‚η‚Ά,’·“c,’·“c“,281069,•ΊΙ§,_Λs’·“c‹ζ,“ρ”Τ’¬‚P’–Ϊ,2023[sanitize]08[sanitize]04,04,‚SK‚ΔΘγ‹¤“―Z‘ξ,’“Τi—Φjκ,{ω‚Ή‚Έ,‚Θ‚µ
ή“,Τγ‚Λ‚η‚Ά,’·“c,’·“c“,281069,•ΊΙ§,_Λs’·“c‹ζ,Z”Τ’¬‚Q’–Ϊ,2023[sanitize]08[sanitize]05,10,‚»‚Μ‘Ό‚ΜZ‘ξi‚RK‚ΔΘ‰Ί‹¤“―Z‘ξ“™j,’“Τi—Φjκ,{ω‚Ή‚Έ,‚ ‚θ
ή“,Τγ‚Λ‚η‚Ά,’·“c,’·“c“,281069,•ΊΙ§,_Λs’·“c‹ζ,Z”Τ’¬‚V’–Ϊ,2023[sanitize]11[sanitize]21,17,‚»‚Μ‘Ό,‚»‚Μ‘Ό,{ω‚Ή‚Έ,‚ ‚θ
ή“,Τγ‚Λ‚η‚Ά,{–,ηΞ,281077,•ΊΙ§,_Λs{–‹ζ,ηΞ’¬‚R’–Ϊ,2023[sanitize]09[sanitize]29,22,’“Τi—Φjκ,’“Τi—Φjκ,{ω‚µ‚½,‚Θ‚µ
ή“,Τγ‚Λ‚η‚Ά,{–,–Ό’J’†‰›,281077,•ΊΙ§,_Λs{–‹ζ,“μ—‡‚R’–Ϊ,2023[sanitize]08[sanitize]03,17,‚»‚Μ‘Ό,‚»‚Μ‘Ό,{ω‚Ή‚Έ,‚ ‚θ
ή“,Τγ‚Λ‚η‚Ά,{–,–Ό’J’†‰›,281077,•ΊΙ§,_Λs{–‹ζ,–ν‰h‘δ‚R’–Ϊ,2023[sanitize]12[sanitize]04,17,‚»‚Μ‘Ό,’“Τi—Φjκ,{ω‚µ‚½,‚Θ‚µ
ή“,Τγ‚Λ‚η‚Ά,{–,‘½δ”¨,281077,•ΊΙ§,_Λs{–‹ζ,‘½δ”¨’rƒm‰γ,2023[sanitize]08[sanitize]29,00,‚»‚Μ‘Ό,’“Τi—Φjκ,{ω‚Ή‚Έ,‚Θ‚µ
ή“,Τγ‚Λ‚η‚Ά,{–,–­–@›,281077,•ΊΙ§,_Λs{–‹ζ,,2023[sanitize]04[sanitize]22,15,’“Τi—Φjκ,’“Τi—Φjκ,{ω‚µ‚½,‚Θ‚µ
ή“,Τγ‚Λ‚η‚Ά,{–,–­–@›,281077,•ΊΙ§,_Λs{–‹ζ,Τ‰Ί•§β,2023[sanitize]10[sanitize]16,13,κΛZ‘ξ,’“Τi—Φjκ,{ω‚Ή‚Έ,‚ ‚θ
ή“,Τγ‚Λ‚η‚Ά,{–,–­–@›,281077,•ΊΙ§,_Λs{–‹ζ,–­–@›‚ζR,2023[sanitize]11[sanitize]04,11,‚»‚Μ‘Ό,’“Τi—Φjκ,{ω‚µ‚½,‚Θ‚µ
ή“,Τγ‚Λ‚η‚Ά,{–,“{–,281077,•ΊΙ§,_Λs{–‹ζ,ξ—t’¬‚T’–Ϊ,2023[sanitize]07[sanitize]26,12,“ΉHγ,‚»‚Μ‘Ό,{ω‚Ή‚Έ,‚ ‚θ
ή“,Τγ‚Λ‚η‚Ά,{–,“{–,281077,•ΊΙ§,_Λs{–‹ζ,Λ­’¬‚R’–Ϊ,2023[sanitize]06[sanitize]13,00,κΛZ‘ξ,’“Τi—Φjκ,{ω‚µ‚½,‚ ‚θ
ή“,Τγ‚Λ‚η‚Ά,{–,“{–,281077,•ΊΙ§,_Λs{–‹ζ,’†“‡’¬‚P’–Ϊ,2023[sanitize]10[sanitize]15,13,‚»‚Μ‘Ό,‚»‚Μ‘Ό,{ω‚µ‚½,‚Θ‚µ
ή“,Τγ‚Λ‚η‚Ά,{–,“{–,281077,•ΊΙ§,_Λs{–‹ζ,Ό•—’¬‚R’–Ϊ,2023[sanitize]08[sanitize]07,16,‚SK‚ΔΘγ‹¤“―Z‘ξ,’“Τi—Φjκ,{ω‚Ή‚Έ,‚Θ‚µ
ή“,Τγ‚Λ‚η‚Ά,{–,”’μ‘δ,281077,•ΊΙ§,_Λs{–‹ζ,”’μ‘δ‚R’–Ϊ,2023[sanitize]09[sanitize]09,17,’“Τi—Φjκ,’“Τi—Φjκ,{ω‚µ‚½,‚ ‚θ
ή“,Τγ‚Λ‚η‚Ά,{–,α‹{,281107,•ΊΙ§,_Λs’†‰›‹ζ,–k’·‹·’Κ‚R’–Ϊ,2023[sanitize]10[sanitize]05,11,“ΉHγ,‚»‚Μ‘Ό,{ω‚Ή‚Έ,‚ ‚θ
ή“,Τγ‚Λ‚η‚Ά,{–,α–Ψ,271284,‘εγ•{,‘εγs’†‰›‹ζ,@‰E‰q–ε’¬,2023[sanitize]10[sanitize]11,16,’“Τi—Φjκ,’“Τi—Φjκ,{ω‚Ή‚Έ,‚Θ‚µ
ή“,Τγ‚Λ‚η‚Ά,{–,›‚Μ‘δ,281077,•ΊΙ§,_Λs{–‹ζ,—F‚ª‹u‚R’–Ϊ,2023[sanitize]09[sanitize]09,20,’“Τi—Φjκ,’“Τi—Φjκ,{ω‚µ‚½,‚Θ‚µ
ή“,Τγ‚Λ‚η‚Ά,{–,{–›,281077,•ΊΙ§,_Λs{–‹ζ,ηη’¬‚P’–Ϊ,2023[sanitize]09[sanitize]25,10,“ΉHγ,‚»‚Μ‘Ό,{ω‚Ή‚Έ,‚Θ‚µ
ή“,Τγ‚Λ‚η‚Ά,{–,{–‰w‘O,281077,•ΊΙ§,_Λs{–‹ζ,{–‰Y’Κ‚P’–Ϊ,2023[sanitize]06[sanitize]21,09,‚»‚Μ‘Ό,‚»‚Μ‘Ό,{ω‚Ή‚Έ,‚Θ‚µ
ή“,Τγ‚Λ‚η‚Ά,‚…,γ‚Ϋ,281085,•ΊΙ§,_Λs‚…‹ζ,η’Ή‚ª‹u‚R’–Ϊ,2023[sanitize]04[sanitize]17,23,‚»‚Μ‘Ό‚ΜZ‘ξi‚RK‚ΔΘ‰Ί‹¤“―Z‘ξ“™j,’“Τi—Φjκ,{ω‚µ‚½,‚Θ‚µ
ή“,Τγ‚Λ‚η‚Ά,‚…,–Ό’J,281085,•ΊΙ§,_Λs‚…‹ζ,¬‘©R–{’¬‚Q’–Ϊ,2023[sanitize]07[sanitize]28,06,‚SK‚ΔΘγ‹¤“―Z‘ξ,’“Τi—Φjκ,{ω‚Ή‚Έ,‚Θ‚µ
ή“,Τγ‚Λ‚η‚Ά,‚…,V‘½•·,281085,•ΊΙ§,_Λs‚…‹ζ,w‚ª‹u‚P’–Ϊ,2023[sanitize]06[sanitize]27,10,‚»‚Μ‘Ό,’“Τi—Φjκ,{ω‚Ή‚Έ,‚Θ‚µ
ή“,Τγ‚Λ‚η‚Ά,‚…,“R‘δ,281085,•ΊΙ§,_Λs‚…‹ζ,“R‘δ‚Q’–Ϊ,2023[sanitize]04[sanitize]23,00,‚SK‚ΔΘγ‹¤“―Z‘ξ,‚»‚Μ‘Ό,{ω‚Ή‚Έ,‚ ‚θ
ή“,Τγ‚Λ‚η‚Ά,‚…,•‘q‰w‘O,281085,•ΊΙ§,_Λs‚…‹ζ,Cέ’Κ,2023[sanitize]07[sanitize]25,01,’“Τi—Φjκ,’“Τi—Φjκ,{ω‚Ή‚Έ,‚Θ‚µ
ή“,Τγ‚Λ‚η‚Ά,‚…,•‘q‰w‘O,281085,•ΊΙ§,_Λs‚…‹ζ,‰ΰƒP‹u‚V’–Ϊ,2023[sanitize]02[sanitize]15,20,‚»‚Μ‘Ό,’“Τi—Φjκ,{ω‚Ή‚Έ,‚Θ‚µ
ή“,Τγ‚Λ‚η‚Ά,‚…,•‘q‰w‘O,281085,•ΊΙ§,_Λs‚…‹ζ,Ό•‘q‚P’–Ϊ,2023[sanitize]08[sanitize]22,13,’“Τi—Φjκ,’“Τi—Φjκ,{ω‚µ‚½,‚Θ‚µ
ή“,Τγ‚Λ‚η‚Ά,‚…,•‘q‰w‘O,281085,•ΊΙ§,_Λs‚…‹ζ,“•‘q’¬,2023[sanitize]08[sanitize]29,18,‚»‚Μ‘Ό,’“Τi—Φjκ,{ω‚Ή‚Έ,‚Θ‚µ
ή“,Τγ‚Λ‚η‚Ά,‚…,Ό•‘q,281085,•ΊΙ§,_Λs‚…‹ζ,Ό•‘q‚W’–Ϊ,2023[sanitize]01[sanitize]25,18,“ΉHγ,‚»‚Μ‘Ό,{ω‚µ‚½,‚ ‚θ
ή“,Τγ‚Λ‚η‚Ά,‚…,ΒR‘δ,281085,•ΊΙ§,_Λs‚…‹ζ,ΒR‘δ‚V’–Ϊ,2023[sanitize]04[sanitize]14,18,‚»‚Μ‘Ό,’“Τi—Φjκ,{ω‚Ή‚Έ,‚Θ‚µ
ή“,Τγ‚Λ‚η‚Ά,_Λ…γ,ƒ|[ƒgƒAƒCƒ‰ƒ“ƒh,281107,•ΊΙ§,_Λs’†‰›‹ζ,`“‡‚U’–Ϊ,2023[sanitize]01[sanitize]07,16,‚»‚Μ‘Ό,’“Τi—Φjκ,{ω‚Ή‚Έ,‚Θ‚µ
ή“,Τγ‚Λ‚η‚Ά,_Λ…γ,ƒ|[ƒgƒAƒCƒ‰ƒ“ƒh,281107,•ΊΙ§,_Λs’†‰›‹ζ,`“‡’†’¬‚R’–Ϊ,2023[sanitize]06[sanitize]20,00,‚SK‚ΔΘγ‹¤“―Z‘ξ,’“Τi—Φjκ,{ω‚Ή‚Έ,‚Θ‚µ
ή“,Τγ‚Λ‚η‚Ά,_ΛΌ,γ’r,281115,•ΊΙ§,_ΛsΌ‹ζ,‹Κ’Γ’¬΅’Γ,2023[sanitize]04[sanitize]25,10,κΛZ‘ξ,’“Τi—Φjκ,{ω‚µ‚½,‚ ‚θ
ή“,Τγ‚Λ‚η‚Ά,_ΛΌ,γ’r,281115,•ΊΙ§,_ΛsΌ‹ζ,‹Κ’Γ’¬΅’Γ,2023[sanitize]04[sanitize]25,22,’“Τi—Φjκ,’“Τi—Φjκ,{ω‚Ή‚Έ,‚Θ‚µ
ή“,Τγ‚Λ‚η‚Ά,_ΛΌ,γ’r,281115,•ΊΙ§,_ΛsΌ‹ζ,‹Κ’Γ’¬΅’Γ,2023[sanitize]06[sanitize]03,10,“ΉHγ,‚»‚Μ‘Ό,{ω‚Ή‚Έ,‚ ‚θ
ή“,Τγ‚Λ‚η‚Ά,_ΛΌ,γ’r,281115,•ΊΙ§,_ΛsΌ‹ζ,…’J‚Q’–Ϊ,2023[sanitize]08[sanitize]04,17,‚»‚Μ‘Ό‚ΜZ‘ξi‚RK‚ΔΘ‰Ί‹¤“―Z‘ξ“™j,’“Τi—Φjκ,{ω‚Ή‚Έ,‚Θ‚µ
ή“,Τγ‚Λ‚η‚Ά,_ΛΌ,δ‘δ,281115,•ΊΙ§,_ΛsΌ‹ζ,δ‘δ“’¬‚Q’–Ϊ,2023[sanitize]05[sanitize]20,09,‚»‚Μ‘Ό,‚»‚Μ‘Ό,{ω‚Ή‚Έ,‚ ‚θ
ή“,Τγ‚Λ‚η‚Ά,_ΛΌ,δ‘δ,281115,•ΊΙ§,_ΛsΌ‹ζ,δ‘δ“’¬‚R’–Ϊ,2023[sanitize]10[sanitize]16,18,’“Τi—Φjκ,’“Τi—Φjκ,{ω‚µ‚½,‚Θ‚µ
ή“,Τγ‚Λ‚η‚Ά,_ΛΌ,δ‘δ,281115,•ΊΙ§,_ΛsΌ‹ζ,δ‘δ“’¬‚R’–Ϊ,2023[sanitize]10[sanitize]16,19,’“Τi—Φjκ,’“Τi—Φjκ,{ω‚µ‚½,‚Θ‚µ
ή“,Τγ‚Λ‚η‚Ά,_ΛΌ,Ιμ’J,281115,•ΊΙ§,_ΛsΌ‹ζ,Ιμ’J’¬—L£,2023[sanitize]01[sanitize]20,22,‚SK‚ΔΘγ‹¤“―Z‘ξ,’“Τi—Φjκ,{ω‚µ‚½,‚ ‚θ
ή“,Τγ‚Λ‚η‚Ά,_ΛΌ,Ιμ’J,281115,•ΊΙ§,_ΛsΌ‹ζ,Ιμ’J’¬γe,2023[sanitize]10[sanitize]28,12,“ΉHγ,‚»‚Μ‘Ό,{ω‚Ή‚Έ,‚ ‚θ
ή“,Τγ‚Λ‚η‚Ά,_ΛΌ,Ιμ’J,281115,•ΊΙ§,_ΛsΌ‹ζ,–k•Κ•{‚Q’–Ϊ,2023[sanitize]10[sanitize]16,18,‚»‚Μ‘Ό,’“Τi—Φjκ,{ω‚Ή‚Έ,‚Θ‚µ
ή“,Τγ‚Λ‚η‚Ά,_ΛΌ,Ιμ’J,281115,•ΊΙ§,_ΛsΌ‹ζ,–k•Κ•{‚T’–Ϊ,2023[sanitize]06[sanitize]07,03,’“Τi—Φjκ,’“Τi—Φjκ,{ω‚µ‚½,‚Θ‚µ
ή“,Τγ‚Λ‚η‚Ά,_ΛΌ,Ιμ’J,281115,•ΊΙ§,_ΛsΌ‹ζ,’rγ‚S’–Ϊ,2023[sanitize]09[sanitize]26,15,“ΉHγ,‚»‚Μ‘Ό,{ω‚µ‚½,‚Θ‚µ
ή“,Τγ‚Λ‚η‚Ά,_ΛΌ,Ιμ’J,281115,•ΊΙ§,_ΛsΌ‹ζ,‘ε’Γa‚P’–Ϊ,2023[sanitize]10[sanitize]09,22,‚SK‚ΔΘγ‹¤“―Z‘ξ,’“Τi—Φjκ,{ω‚µ‚½,‚ ‚θ
ή“,Τγ‚Λ‚η‚Ά,_ΛΌ,Ιμ’J,281115,•ΊΙ§,_ΛsΌ‹ζ,“μ•Κ•{‚R’–Ϊ,2023[sanitize]09[sanitize]12,20,‚»‚Μ‘Ό‚ΜZ‘ξi‚RK‚ΔΘ‰Ί‹¤“―Z‘ξ“™j,’“Τi—Φjκ,{ω‚µ‚½,‚Θ‚µ
ή“,Τγ‚Λ‚η‚Ά,_ΛΌ,Ιμ’J,281115,•ΊΙ§,_ΛsΌ‹ζ,”’…‚R’–Ϊ,2023[sanitize]10[sanitize]20,16,‚»‚Μ‘Ό,’“Τi—Φjκ,{ω‚µ‚½,‚Θ‚µ
ή“,Τγ‚Λ‚η‚Ά,_ΛΌ,o‡,281115,•ΊΙ§,_ΛsΌ‹ζ,•½–μ’¬’†’Γ,2023[sanitize]03[sanitize]17,09,‚»‚Μ‘Ό,‚»‚Μ‘Ό,{ω‚Ή‚Έ,‚ ‚θ
ή“,Τγ‚Λ‚η‚Ά,_ΛΌ,o‡,281115,•ΊΙ§,_ΛsΌ‹ζ,•½–μ’¬’†’Γ,2023[sanitize]06[sanitize]27,10,‚»‚Μ‘Ό,‚»‚Μ‘Ό,{ω‚Ή‚Έ,‚ ‚θ
ή“,Τγ‚Λ‚η‚Ά,_ΛΌ,o‡,281115,•ΊΙ§,_ΛsΌ‹ζ,•½–μ’¬’†’Γ,2023[sanitize]10[sanitize]20,17,κΛZ‘ξ,’“Τi—Φjκ,{ω‚µ‚½,‚Θ‚µ
ή“,Τγ‚Λ‚η‚Ά,_ΛΌ,o‡,281115,•ΊΙ§,_ΛsΌ‹ζ,Ϋ’Λ‚P’–Ϊ,2023[sanitize]06[sanitize]05,17,‚SK‚ΔΘγ‹¤“―Z‘ξ,’“Τi—Φjκ,{ω‚µ‚½,‚ ‚θ
ή“,Τγ‚Λ‚η‚Ά,_ΛΌ,o‡,281115,•ΊΙ§,_ΛsΌ‹ζ,Ϋ’Λ‚Q’–Ϊ,2023[sanitize]01[sanitize]25,16,‚»‚Μ‘Ό,’“Τi—Φjκ,{ω‚Ή‚Έ,‚Θ‚µ
ή“,Τγ‚Λ‚η‚Ά,_ΛΌ,w‰€‰w‘O,281115,•ΊΙ§,_ΛsΌ‹ζ,Ιμ’J’¬¬›,2023[sanitize]03[sanitize]11,07,“ΉHγ,‚»‚Μ‘Ό,{ω‚Ή‚Έ,‚ ‚θ
ή“,Τγ‚Λ‚η‚Ά,_ΛΌ,w‰€‰w‘O,281115,•ΊΙ§,_ΛsΌ‹ζ,Ιμ’J’¬’·β,2022[sanitize]12[sanitize]19,18,‚»‚Μ‘Ό,’“Τi—Φjκ,{ω‚µ‚½,‚Θ‚µ
ή“,Τγ‚Λ‚η‚Ά,_ΛΌ,β‰ª,281115,•ΊΙ§,_ΛsΌ‹ζ,β‰ª’¬β‰ª,2023[sanitize]02[sanitize]27,13,‚»‚Μ‘Ό,‚»‚Μ‘Ό,{ω‚Ή‚Έ,‚Θ‚µ
ή“,Τγ‚Λ‚η‚Ά,_ΛΌ,β‰ª,281115,•ΊΙ§,_ΛsΌ‹ζ,β‰ª’¬β‰ª,2023[sanitize]06[sanitize]16,11,“ΉHγ,‚»‚Μ‘Ό,{ω‚Ή‚Έ,‚Θ‚µ
ή“,Τγ‚Λ‚η‚Ά,_ΛΌ,β‰ª,281115,•ΊΙ§,_ΛsΌ‹ζ,β‰ª’¬β‰ª,2023[sanitize]08[sanitize]28,11,‚»‚Μ‘Ό,‚»‚Μ‘Ό,{ω‚µ‚½,‚Θ‚µ
ή“,Τγ‚Λ‚η‚Ά,_ΛΌ,β‰ª,281115,•ΊΙ§,_ΛsΌ‹ζ,β‰ª’¬β‰ª,2023[sanitize]09[sanitize]04,10,“ΉHγ,‚»‚Μ‘Ό,{ω‚Ή‚Έ,‚ ‚θ
ή“,Τγ‚Λ‚η‚Ά,_ΛΌ,β‰ª,281115,•ΊΙ§,_ΛsΌ‹ζ,β‰ª’¬–μ’†,2023[sanitize]06[sanitize]13,10,“ΉHγ,‚»‚Μ‘Ό,{ω‚Ή‚Έ,‚ ‚θ
ή“,Τγ‚Λ‚η‚Ά,_ΛΌ,t“ϊ‘δ,281115,•ΊΙ§,_ΛsΌ‹ζ,•½–μ’¬‘ε”¨,2023[sanitize]07[sanitize]06,10,‚»‚Μ‘Ό,‚»‚Μ‘Ό,{ω‚Ή‚Έ,‚ ‚θ
ή“,Τγ‚Λ‚η‚Ά,_ΛΌ,t“ϊ‘δ,281115,•ΊΙ§,_ΛsΌ‹ζ,•½–μ’¬”Ι“c,2023[sanitize]01[sanitize]14,01,κΛZ‘ξ,’“Τi—Φjκ,{ω‚Ή‚Έ,‚ ‚θ
ή“,Τγ‚Λ‚η‚Ά,_ΛΌ,t“ϊ‘δ,281115,•ΊΙ§,_ΛsΌ‹ζ,•½–μ’¬‹{‘O,2023[sanitize]06[sanitize]20,17,‚»‚Μ‘Ό,’“Τi—Φjκ,{ω‚Ή‚Έ,‚Θ‚µ
ή“,Τγ‚Λ‚η‚Ά,_ΛΌ,—L£,281115,•ΊΙ§,_ΛsΌ‹ζ,Ιμ’J’¬—L£,2023[sanitize]11[sanitize]26,22,‚SK‚ΔΘγ‹¤“―Z‘ξ,’“Τi—Φjκ,{ω‚µ‚½,‚Θ‚µ
ή“,Τγ‚Λ‚η‚Ά,_ΛΌ,—L£,281115,•ΊΙ§,_ΛsΌ‹ζ,Ιμ’J’¬a,2023[sanitize]07[sanitize]30,16,“ΉHγ,‚»‚Μ‘Ό,{ω‚Ή‚Έ,‚Θ‚µ
ή“,Τγ‚Λ‚η‚Ά,_ΛΌ,λκ‘δ,281115,•ΊΙ§,_ΛsΌ‹ζ,βο‘δ‚T’–Ϊ,2023[sanitize]04[sanitize]13,11,‚»‚Μ‘Ό,’“Τi—Φjκ,{ω‚µ‚½,‚ ‚θ
ή“,Τγ‚Λ‚η‚Ά,_ΛΌ,λκ‘δ,281115,•ΊΙ§,_ΛsΌ‹ζ,βο‘δ‚T’–Ϊ,2023[sanitize]05[sanitize]23,14,‚»‚Μ‘Ό,’“Τi—Φjκ,{ω‚Ή‚Έ,‚Θ‚µ
ή“,Τγ‚Λ‚η‚Ά,_ΛΌ,‹Κ’Γ,281115,•ΊΙ§,_ΛsΌ‹ζ,•½–μ’¬Εθ,2023[sanitize]02[sanitize]22,17,‚»‚Μ‘Ό,‚»‚Μ‘Ό,{ω‚µ‚½,‚Θ‚µ
ή“,Τγ‚Λ‚η‚Ά,_ΛΌ,‹Κ’Γ,281115,•ΊΙ§,_ΛsΌ‹ζ,•½–μ’¬Εθ,2023[sanitize]11[sanitize]07,07,‚»‚Μ‘Ό,’“Τi—Φjκ,{ω‚Ή‚Έ,‚ ‚θ
ή“,Τγ‚Λ‚η‚Ά,_ΛΌ,‹Κ’Γ,281115,•ΊΙ§,_ΛsΌ‹ζ,“ρƒc‰®‚P’–Ϊ,2023[sanitize]06[sanitize]05,17,‚SK‚ΔΘγ‹¤“―Z‘ξ,’“Τi—Φjκ,{ω‚µ‚½,‚Θ‚µ
ή“,Τγ‚Λ‚η‚Ά,_ΛΌ,_o,281115,•ΊΙ§,_ΛsΌ‹ζ,_o’¬¬‘©–μ,2023[sanitize]07[sanitize]26,13,‚»‚Μ‘Ό,‚»‚Μ‘Ό,{ω‚µ‚½,‚Θ‚µ
ή“,Τγ‚Λ‚η‚Ά,_ΛΌ,_o,281115,•ΊΙ§,_ΛsΌ‹ζ,_o’¬¬‘©–μ,2023[sanitize]12[sanitize]14,23,κΛZ‘ξ,‚»‚Μ‘Ό,{ω‚Ή‚Έ,‚ ‚θ
ή“,Τγ‚Λ‚η‚Ά,_ΛΌ,_o,281115,•ΊΙ§,_ΛsΌ‹ζ,_o’¬L’J,2022[sanitize]10[sanitize]20,18,κΛZ‘ξ,’“Τi—Φjκ,{ω‚µ‚½,‚Θ‚µ
ή“,Τγ‚Λ‚η‚Ά,_ΛΌ,’|‚Μ‘δ,281115,•ΊΙ§,_ΛsΌ‹ζ,’|‚Μ‘δ‚U’–Ϊ,2023[sanitize]02[sanitize]02,20,’“Τi—Φjκ,’“Τi—Φjκ,{ω‚Ή‚Έ,‚Θ‚µ
ή“,Τγ‚Λ‚η‚Ά,_ΛΌ,‚a,281115,•ΊΙ§,_ΛsΌ‹ζ,‰•”’J’¬Ό·,2023[sanitize]07[sanitize]24,08,‚»‚Μ‘Ό,‚»‚Μ‘Ό,{ω‚Ή‚Έ,‚ ‚θ
ή“,Τγ‚Λ‚η‚Ά,_ΛΌ,‚a,281115,•ΊΙ§,_ΛsΌ‹ζ,‰•”’J’¬—{“c,2023[sanitize]05[sanitize]01,10,“ΉHγ,‚»‚Μ‘Ό,{ω‚Ή‚Έ,‚ ‚θ
ή“,Τγ‚Λ‚η‚Ά,_ΛΌ,‚a,281115,•ΊΙ§,_ΛsΌ‹ζ,‰•”’J’¬—{“c,2023[sanitize]06[sanitize]27,10,‚»‚Μ‘Ό,‚»‚Μ‘Ό,{ω‚Ή‚Έ,‚ ‚θ
ή“,Τγ‚Λ‚η‚Ά,—L”n,γ¬–Ό“c,281093,•ΊΙ§,_Λs–k‹ζ,”ª‘½’¬‰Ί¬–Ό“c,2023[sanitize]01[sanitize]11,16,‚»‚Μ‘Ό,’“Τi—Φjκ,{ω‚Ή‚Έ,‚Θ‚µ
ή“,Τγ‚Λ‚η‚Ά,—L”n,“ρY,281093,•ΊΙ§,_Λs–k‹ζ,—L–μ’¬—L–μ,2023[sanitize]01[sanitize]02,18,‚»‚Μ‘Ό‚ΜZ‘ξi‚RK‚ΔΘ‰Ί‹¤“―Z‘ξ“™j,’“Τi—Φjκ,{ω‚µ‚½,‚Θ‚µ
ή“,Τγ‚Λ‚η‚Ά,—L”n,“ρY,281093,•ΊΙ§,_Λs–k‹ζ,—L–μ’¬“ρY,2023[sanitize]01[sanitize]02,16,‚»‚Μ‘Ό‚ΜZ‘ξi‚RK‚ΔΘ‰Ί‹¤“―Z‘ξ“™j,’“Τi—Φjκ,{ω‚µ‚½,‚Θ‚µ
ή“,Τγ‚Λ‚η‚Ά,—L”n,“ρY,281093,•ΊΙ§,_Λs–k‹ζ,—L–μ’¬“ρY,2023[sanitize]01[sanitize]03,01,‚»‚Μ‘Ό‚ΜZ‘ξi‚RK‚ΔΘ‰Ί‹¤“―Z‘ξ“™j,’“Τi—Φjκ,{ω‚µ‚½,‚Θ‚µ
ή“,Τγ‚Λ‚η‚Ά,—L”n,“ρY,281093,•ΊΙ§,_Λs–k‹ζ,—L–μ’¬“ρY,2023[sanitize]03[sanitize]23,22,‚»‚Μ‘Ό‚ΜZ‘ξi‚RK‚ΔΘ‰Ί‹¤“―Z‘ξ“™j,’“Τi—Φjκ,{ω‚µ‚½,‚ ‚θ
ή“,Τγ‚Λ‚η‚Ά,—L”n,“ρY,281093,•ΊΙ§,_Λs–k‹ζ,—L–μ’†’¬‚S’–Ϊ,2023[sanitize]10[sanitize]14,20,‚»‚Μ‘Ό,’“Τi—Φjκ,{ω‚µ‚½,‚Θ‚µ
ή“,Τγ‚Λ‚η‚Ά,—L”n,—L–μ,281093,•ΊΙ§,_Λs–k‹ζ,—L–μ’¬—L–μ,2023[sanitize]04[sanitize]15,20,‚»‚Μ‘Ό‚ΜZ‘ξi‚RK‚ΔΘ‰Ί‹¤“―Z‘ξ“™j,’“Τi—Φjκ,{ω‚µ‚½,‚Θ‚µ
ή“,Τγ‚Λ‚η‚Ά,—L”n,—L–μ,281093,•ΊΙ§,_Λs–k‹ζ,—L–μ’¬—L–μ,2023[sanitize]10[sanitize]13,10,‚»‚Μ‘Ό,’“Τi—Φjκ,{ω‚µ‚½,‚Θ‚µ
ή“,Τγ‚Λ‚η‚Ά,—L”n,—L–μ,281093,•ΊΙ§,_Λs–k‹ζ,“΅΄‘δ’†’¬‚P’–Ϊ,2023[sanitize]09[sanitize]26,17,“ΉHγ,‚»‚Μ‘Ό,{ω‚Ή‚Έ,‚Θ‚µ
ή“,Τγ‚Λ‚η‚Ά,—L”n,—L–μ,281093,•ΊΙ§,_Λs–k‹ζ,“΅΄‘δ’†’¬‚Q’–Ϊ,2023[sanitize]04[sanitize]13,08,’“Τi—Φjκ,’“Τi—Φjκ,{ω‚µ‚½,‚Θ‚µ
ή“,Τγ‚Λ‚η‚Ά,—L”n,—L–μ,281093,•ΊΙ§,_Λs–k‹ζ,“΅΄‘δ“μ’¬‚Q’–Ϊ,2023[sanitize]03[sanitize]23,20,‚»‚Μ‘Ό‚ΜZ‘ξi‚RK‚ΔΘ‰Ί‹¤“―Z‘ξ“™j,’“Τi—Φjκ,{ω‚Ή‚Έ,‚Θ‚µ
ή“,Τγ‚Λ‚η‚Ά,—L”n,—L–μ,281093,•ΊΙ§,_Λs–k‹ζ,“΅΄‘δ“μ’¬‚S’–Ϊ,2023[sanitize]04[sanitize]17,17,‚»‚Μ‘Ό,‚»‚Μ‘Ό,{ω‚Ή‚Έ,‚ ‚θ
ή“,Τγ‚Λ‚η‚Ά,—L”n,—L–μ,281093,•ΊΙ§,_Λs–k‹ζ,—L–μ’†’¬‚P’–Ϊ,2023[sanitize]04[sanitize]14,21,’“Τi—Φjκ,’“Τi—Φjκ,{ω‚µ‚½,‚Θ‚µ
ή“,Τγ‚Λ‚η‚Ά,—L”n,—L–μ,281093,•ΊΙ§,_Λs–k‹ζ,—L–μ’†’¬‚P’–Ϊ,2023[sanitize]04[sanitize]15,18,’“Τi—Φjκ,’“Τi—Φjκ,{ω‚µ‚½,‚Θ‚µ
ή“,Τγ‚Λ‚η‚Ά,—L”n,—L–μ,281093,•ΊΙ§,_Λs–k‹ζ,—L–μ’†’¬‚R’–Ϊ,2022[sanitize]12[sanitize]28,10,‚»‚Μ‘Ό,’“Τi—Φjκ,{ω‚Ή‚Έ,‚Θ‚µ
ή“,Τγ‚Λ‚η‚Ά,—L”n,—L–μ,281093,•ΊΙ§,_Λs–k‹ζ,—L–μ’†’¬‚R’–Ϊ,2023[sanitize]03[sanitize]23,18,‚SK‚ΔΘγ‹¤“―Z‘ξ,’“Τi—Φjκ,{ω‚µ‚½,‚ ‚θ
ή“,Τγ‚Λ‚η‚Ά,—L”n,—L–μ‘δ,281093,•ΊΙ§,_Λs–k‹ζ,—L–μ‘δ‚Q’–Ϊ,2023[sanitize]10[sanitize]26,10,‚»‚Μ‘Ό,’“Τi—Φjκ,{ω‚Ή‚Έ,‚ ‚θ
ή“,Τγ‚Λ‚η‚Ά,—L”n,’W‰Ν,281093,•ΊΙ§,_Λs–k‹ζ,“Ήκ’¬“ϊ‰Ί•”,2023[sanitize]03[sanitize]23,20,’“Τi—Φjκ,’“Τi—Φjκ,{ω‚µ‚½,‚Θ‚µ
ή“,Τγ‚Λ‚η‚Ά,—L”n,“Ήκ,281093,•ΊΙ§,_Λs–k‹ζ,“Ήκ’¬“ϊ‰Ί•”,2023[sanitize]01[sanitize]02,15,‚»‚Μ‘Ό,’“Τi—Φjκ,{ω‚µ‚½,‚Θ‚µ
ή“,Τγ‚Λ‚η‚Ά,—L”n,’·”φ,281093,•ΊΙ§,_Λs–k‹ζ,’·”φ’¬γ’Γ,2023[sanitize]04[sanitize]02,19,‚»‚Μ‘Ό,’“Τi—Φjκ,{ω‚Ή‚Έ,‚Θ‚µ
ή“,Τγ‚Λ‚η‚Ά,—L”n,’·”φ,281093,•ΊΙ§,_Λs–k‹ζ,­‚Μq‘δ–k’¬‚W’–Ϊ,2023[sanitize]06[sanitize]14,16,‚»‚Μ‘Ό,’“Τi—Φjκ,{ω‚Ή‚Έ,‚Θ‚µ
ή“,Τγ‚Λ‚η‚Ά,—L”n,’·”φ,281093,•ΊΙ§,_Λs–k‹ζ,γ’Γ‘δ‚V’–Ϊ,2023[sanitize]12[sanitize]10,09,‚»‚Μ‘Ό,’“Τi—Φjκ,{ω‚µ‚½,‚ ‚θ
ή“,Τγ‚Λ‚η‚Ά,—L”n,’·”φ,281093,•ΊΙ§,_Λs–k‹ζ,γ’Γ‘δ‚W’–Ϊ,2023[sanitize]06[sanitize]04,15,‚»‚Μ‘Ό,’“Τi—Φjκ,{ω‚µ‚½,‚Θ‚µ
ή“,Τγ‚Λ‚η‚Ά,_Λ–k,‚Π‚ζ‚Η‚θ‘δ,281093,•ΊΙ§,_Λs–k‹ζ,‚µ‚ ‚ν‚Ή‚Μ‘Ί,2023[sanitize]03[sanitize]25,11,‚»‚Μ‘Ό,‚»‚Μ‘Ό,{ω‚Ή‚Έ,‚ ‚θ
ή“,Τγ‚Λ‚η‚Ά,_Λ–k,ά—t,281093,•ΊΙ§,_Λs–k‹ζ,–kά—t‚P’–Ϊ,2023[sanitize]11[sanitize]29,13,‚»‚Μ‘Ό,’“Τi—Φjκ,{ω‚Ή‚Έ,‚ ‚θ
ή“,Τγ‚Λ‚η‚Ά,_Λ–k,ά—t,281093,•ΊΙ§,_Λs–k‹ζ,–kά—t‚R’–Ϊ,2023[sanitize]01[sanitize]04,20,κΛZ‘ξ,’“Τi—Φjκ,{ω‚Ή‚Έ,‚ ‚θ
ή“,Τγ‚Λ‚η‚Ά,_Λ–k,–k—ι—–‘δ,281093,•ΊΙ§,_Λs–k‹ζ,b‰h‘δ‚Q’–Ϊ,2023[sanitize]04[sanitize]04,16,’“Τi—Φjκ,’“Τi—Φjκ,{ω‚Ή‚Έ,‚ ‚θ
ή“,Τγ‚Λ‚η‚Ά,_Λ–k,–k—ι—–‘δ,281093,•ΊΙ§,_Λs–k‹ζ,R“c’¬¬•”,2023[sanitize]05[sanitize]23,21,’“Τi—Φjκ,’“Τi—Φjκ,{ω‚Ή‚Έ,‚Θ‚µ
ή“,Τγ‚Λ‚η‚Ά,_Λ–k,–k—ι—–‘δ,281093,•ΊΙ§,_Λs–k‹ζ,R“c’¬¬•”‘εeR,2023[sanitize]05[sanitize]26,00,’“Τi—Φjκ,’“Τi—Φjκ,{ω‚Ή‚Έ,‚ ‚θ
ή“,Τγ‚Λ‚η‚Ά,°‰®,‹{μ,282065,•ΊΙ§,°‰®s,t“ϊ’¬,2023[sanitize]06[sanitize]11,19,’“Τi—Φjκ,’“Τi—Φjκ,{ω‚µ‚½,‚Θ‚µ
ή“,Τγ‚Λ‚η‚Ά,°‰®,‹{μ,282065,•ΊΙ§,°‰®s,t“ϊ’¬,2023[sanitize]06[sanitize]11,19,’“Τi—Φjκ,’“Τi—Φjκ,{ω‚µ‚½,‚Θ‚µ
ή“,Τγ‚Λ‚η‚Ά,°‰®,R°‰®,282065,•ΊΙ§,°‰®s,μΌ’¬,2023[sanitize]09[sanitize]26,08,‚»‚Μ‘Ό,’“Τi—Φjκ,{ω‚Ή‚Έ,‚ ‚θ
ή“,Τγ‚Λ‚η‚Ά,°‰®,R°‰®,282065,•ΊΙ§,°‰®s,Oπ“μ’¬,2023[sanitize]03[sanitize]14,14,κΛZ‘ξ,’“Τi—Φjκ,{ω‚Ή‚Έ,‚ ‚θ
ή“,Τγ‚Λ‚η‚Ά,°‰®,R°‰®,282065,•ΊΙ§,°‰®s,Oπ“μ’¬,2023[sanitize]10[sanitize]17,09,“ΉHγ,‚»‚Μ‘Ό,{ω‚Ή‚Έ,‚Θ‚µ
ή“,Τγ‚Λ‚η‚Ά,°‰®,R°‰®,282065,•ΊΙ§,°‰®s,Oπ“μ’¬,2023[sanitize]11[sanitize]05,18,κΛZ‘ξ,’“Τi—Φjκ,{ω‚µ‚½,‚Θ‚µ
ή“,Τγ‚Λ‚η‚Ά,°‰®,R°‰®,282065,•ΊΙ§,°‰®s,Ό°‰®’¬,2023[sanitize]05[sanitize]28,18,κΛZ‘ξ,’“Τi—Φjκ,{ω‚Ή‚Έ,‚Θ‚µ
ή“,Τγ‚Λ‚η‚Ά,°‰®,R°‰®,282065,•ΊΙ§,°‰®s,Rθ’¬,2023[sanitize]11[sanitize]05,13,κΛZ‘ξ,’“Τi—Φjκ,{ω‚µ‚½,‚Θ‚µ
ή“,Τγ‚Λ‚η‚Ά,°‰®,R°‰®,282065,•ΊΙ§,°‰®s,Rθ’¬,2023[sanitize]11[sanitize]15,20,‚SK‚ΔΘγ‹¤“―Z‘ξ,’“Τi—Φjκ,{ω‚µ‚½,‚Θ‚µ
ή“,Τγ‚Λ‚η‚Ά,°‰®,β‰€,282065,•ΊΙ§,°‰®s,’©“ϊƒP‹u’¬,2023[sanitize]06[sanitize]14,07,’“Τi—Φjκ,’“Τi—Φjκ,{ω‚µ‚½,‚Θ‚µ
ή“,Τγ‚Λ‚η‚Ά,°‰®,β‰€,282065,•ΊΙ§,°‰®s,’©“ϊƒP‹u’¬,2023[sanitize]10[sanitize]18,16,‚SK‚ΔΘγ‹¤“―Z‘ξ,’“Τi—Φjκ,{ω‚Ή‚Έ,‚Θ‚µ
ή“,Τγ‚Λ‚η‚Ά,°‰®,β‰€,282065,•ΊΙ§,°‰®s,β‰€’¬,2023[sanitize]11[sanitize]05,20,κΛZ‘ξ,’“Τi—Φjκ,{ω‚µ‚½,‚Θ‚µ
ή“,Τγ‚Λ‚η‚Ά,°‰®,‘Εo,282065,•ΊΙ§,°‰®s,‘Εo’¬,2023[sanitize]08[sanitize]10,19,’“Τi—Φjκ,’“Τi—Φjκ,{ω‚Ή‚Έ,‚Θ‚µ
ή“,Τγ‚Λ‚η‚Ά,°‰®,‘Εo,282065,•ΊΙ§,°‰®s,‘ε“’¬,2023[sanitize]06[sanitize]06,17,‚SK‚ΔΘγ‹¤“―Z‘ξ,’“Τi—Φjκ,{ω‚µ‚½,‚Θ‚µ
ή“,Τγ‚Λ‚η‚Ά,°‰®,‘Εo,282065,•ΊΙ§,°‰®s,‘ε“’¬,2023[sanitize]07[sanitize]02,13,’“Τi—Φjκ,’“Τi—Φjκ,{ω‚Ή‚Έ,‚ ‚θ
ή“,Τγ‚Λ‚η‚Ά,°‰®,‘Εo,282065,•ΊΙ§,°‰®s,‘ε“’¬,2023[sanitize]11[sanitize]04,22,‚SK‚ΔΘγ‹¤“―Z‘ξ,’“Τi—Φjκ,{ω‚µ‚½,‚Θ‚µ
ή“,Τγ‚Λ‚η‚Ά,°‰®,‘Εo,282065,•ΊΙ§,°‰®s,‘ε“’¬,2023[sanitize]11[sanitize]14,16,‚SK‚ΔΘγ‹¤“―Z‘ξ,’“Τi—Φjκ,{ω‚µ‚½,‚Θ‚µ
ή“,Τγ‚Λ‚η‚Ά,°‰®,‘Εo,282065,•ΊΙ§,°‰®s,“μ‹{’¬,2023[sanitize]06[sanitize]05,12,‚»‚Μ‘Ό,‚»‚Μ‘Ό,{ω‚Ή‚Έ,‚ ‚θ
ή“,Τγ‚Λ‚η‚Ά,°‰®,‘Εo,282065,•ΊΙ§,°‰®s,•l’¬,2023[sanitize]11[sanitize]24,09,“ΉHγ,‚»‚Μ‘Ό,{ω‚Ή‚Έ,‚ ‚θ
ή“,Τγ‚Λ‚η‚Ά,°‰®,‹Ζ•½‹΄,282065,•ΊΙ§,°‰®s,Έ“Ή’¬,2023[sanitize]07[sanitize]07,17,‚»‚Μ‘Ό,’“Τi—Φjκ,{ω‚Ή‚Έ,‚Θ‚µ
ή“,Τγ‚Λ‚η‚Ά,°‰®,•l°‰®,282065,•ΊΙ§,°‰®s,Ι¨’¬,2023[sanitize]05[sanitize]29,16,κΛZ‘ξ,’“Τi—Φjκ,{ω‚Ή‚Έ,‚ ‚θ
ή“,Τγ‚Λ‚η‚Ά,°‰®,•l°‰®,282065,•ΊΙ§,°‰®s,•l°‰®’¬,2023[sanitize]11[sanitize]09,22,κΛZ‘ξ,’“Τi—Φjκ,{ω‚µ‚½,‚Θ‚µ
ή“,Τγ‚Λ‚η‚Ά,°‰®,•l°‰®,282065,•ΊΙ§,°‰®s,Ό•l’¬,2023[sanitize]06[sanitize]25,20,‚»‚Μ‘Ό‚ΜZ‘ξi‚RK‚ΔΘ‰Ί‹¤“―Z‘ξ“™j,’“Τi—Φjκ,{ω‚Ή‚Έ,‚ ‚θ
ή“,Τγ‚Λ‚η‚Ά,°‰®,°‰®‰w‘O,282065,•ΊΙ§,°‰®s,e‰¤’Λ’¬,2023[sanitize]04[sanitize]24,20,κΛZ‘ξ,’“Τi—Φjκ,{ω‚Ή‚Έ,‚Θ‚µ
ή“,Τγ‚Λ‚η‚Ά,°‰®,°‰®‰w‘O,282065,•ΊΙ§,°‰®s,‰ƒP‹u’¬,2023[sanitize]10[sanitize]02,16,‚SK‚ΔΘγ‹¤“―Z‘ξ,‚»‚Μ‘Ό,{ω‚Ή‚Έ,‚Θ‚µ
ή“,Τγ‚Λ‚η‚Ά,°‰®,‚•l,282065,•ΊΙ§,°‰®s,•l•—’¬,2023[sanitize]08[sanitize]02,09,‚»‚Μ‘Ό,’“Τi—Φjκ,{ω‚µ‚½,‚Θ‚µ
ή“,Τγ‚Λ‚η‚Ά,Ό‹{,γƒ–΄,282049,•ΊΙ§,Ό‹{s,γƒP΄“ρ”Τ’¬,2023[sanitize]07[sanitize]11,10,‚»‚Μ‘Ό‚ΜZ‘ξi‚RK‚ΔΘ‰Ί‹¤“―Z‘ξ“™j,’“Τi—Φjκ,{ω‚Ή‚Έ,‚Θ‚µ
ή“,Τγ‚Λ‚η‚Ά,Ό‹{,γ”V’¬,282049,•ΊΙ§,Ό‹{s,r–Ψ’¬,2023[sanitize]02[sanitize]02,15,“ΉHγ,‚»‚Μ‘Ό,{ω‚Ή‚Έ,‚ ‚θ
ή“,Τγ‚Λ‚η‚Ά,Ό‹{,γ”V’¬,282049,•ΊΙ§,Ό‹{s,r–Ψ’¬,2023[sanitize]08[sanitize]08,20,‚SK‚ΔΘγ‹¤“―Z‘ξ,‚»‚Μ‘Ό,{ω‚Ή‚Έ,‚ ‚θ
ή“,Τγ‚Λ‚η‚Ά,Ό‹{,γ”V’¬,282049,•ΊΙ§,Ό‹{s,“ϊ–μ’¬,2023[sanitize]03[sanitize]10,12,“ΉHγ,‚»‚Μ‘Ό,{ω‚Ή‚Έ,‚Θ‚µ
ή“,Τγ‚Λ‚η‚Ά,Ό‹{,γ”V’¬,282049,•ΊΙ§,Ό‹{s,–ε‘O’¬,2023[sanitize]04[sanitize]06,18,“ΉHγ,‚»‚Μ‘Ό,{ω‚Ή‚Έ,‚ ‚θ
ή“,Τγ‚Λ‚η‚Ά,Ό‹{,γ”V’¬,282049,•ΊΙ§,Ό‹{s,–ε‘O’¬,2023[sanitize]05[sanitize]08,22,“ΉHγ,‚»‚Μ‘Ό,{ω‚Ή‚Έ,‚Θ‚µ
ή“,Τγ‚Λ‚η‚Ά,Ό‹{,“ρ©,282049,•ΊΙ§,Ό‹{s,Ά—Ρ’¬,2023[sanitize]09[sanitize]09,08,“ΉHγ,‚»‚Μ‘Ό,{ω‚Ή‚Έ,‚ ‚θ
ή“,Τγ‚Λ‚η‚Ά,Ό‹{,“ρ©,282049,•ΊΙ§,Ό‹{s,bq‰€ϋ–k’¬,2023[sanitize]12[sanitize]13,14,“ΉHγ,‚»‚Μ‘Ό,{ω‚Ή‚Έ,‚ ‚θ
ή“,Τγ‚Λ‚η‚Ά,Ό‹{,“ρ©,282049,•ΊΙ§,Ό‹{s,“V“Ή’¬,2023[sanitize]06[sanitize]18,10,“ΉHγ,‚»‚Μ‘Ό,{ω‚Ή‚Έ,‚ ‚θ
ή“,Τγ‚Λ‚η‚Ά,Ό‹{,“ρ©,282049,•ΊΙ§,Ό‹{s,Ό•ΐ’¬,2023[sanitize]10[sanitize]23,14,“ΉHγ,‚»‚Μ‘Ό,{ω‚Ή‚Έ,‚ ‚θ
ή“,Τγ‚Λ‚η‚Ά,Ό‹{,“ρ©,282049,•ΊΙ§,Ό‹{s,ΌR’¬,2023[sanitize]09[sanitize]21,18,’“Τi—Φjκ,’“Τi—Φjκ,{ω‚µ‚½,‚Θ‚µ
ή“,Τγ‚Λ‚η‚Ά,Ό‹{,΅’Γ‰w‘O,282049,•ΊΙ§,Ό‹{s,’Γ–εμ’¬,2023[sanitize]09[sanitize]19,16,‚SK‚ΔΘγ‹¤“―Z‘ξ,’“Τi—Φjκ,{ω‚Ή‚Έ,‚Θ‚µ
ή“,Τγ‚Λ‚η‚Ά,Ό‹{,΅’Γ‰w‘O,282049,•ΊΙ§,Ό‹{s,’Γ–εΰ‰H’¬,2023[sanitize]10[sanitize]30,08,“ΉHγ,‚»‚Μ‘Ό,{ω‚Ή‚Έ,‚ ‚θ
ή“,Τγ‚Λ‚η‚Ά,Ό‹{,–kϋΌ,282049,•ΊΙ§,Ό‹{s,‘ε”¨’¬,2023[sanitize]10[sanitize]31,20,‚»‚Μ‘Ό‚ΜZ‘ξi‚RK‚ΔΘ‰Ί‹¤“―Z‘ξ“™j,’“Τi—Φjκ,{ω‚µ‚½,‚Θ‚µ
ή“,Τγ‚Λ‚η‚Ά,Ό‹{,–kϋΌ,282049,•ΊΙ§,Ό‹{s,b•—‰€‚P’–Ϊ,2023[sanitize]06[sanitize]14,19,“ΉHγ,‚»‚Μ‘Ό,{ω‚Ή‚Έ,‚ ‚θ
ή“,Τγ‚Λ‚η‚Ά,Ό‹{,–kϋΌ,282049,•ΊΙ§,Ό‹{s,b•—‰€‚P’–Ϊ,2023[sanitize]11[sanitize]10,17,’“Τi—Φjκ,’“Τi—Φjκ,{ω‚Ή‚Έ,‚Θ‚µ
ή“,Τγ‚Λ‚η‚Ά,Ό‹{,–kϋΌ,282049,•ΊΙ§,Ό‹{s,b•—‰€‚P’–Ϊ,2023[sanitize]11[sanitize]19,17,‚SK‚ΔΘγ‹¤“―Z‘ξ,‚»‚Μ‘Ό,{ω‚Ή‚Έ,‚ ‚θ
ή“,Τγ‚Λ‚η‚Ά,Ό‹{,–kϋΌ,282049,•ΊΙ§,Ό‹{s,Ϋ‹΄’¬,2023[sanitize]05[sanitize]02,06,‚»‚Μ‘Ό,’“Τi—Φjκ,{ω‚Ή‚Έ,‚Θ‚µ
ή“,Τγ‚Λ‚η‚Ά,Ό‹{,gμ‰w‘O,282049,•ΊΙ§,Ό‹{s,‚’Λ’¬,2023[sanitize]11[sanitize]05,19,“ΉHγ,‚»‚Μ‘Ό,{ω‚µ‚½,‚Θ‚µ
ή“,Τγ‚Λ‚η‚Ά,Ό‹{,gμ‰w‘O,282049,•ΊΙ§,Ό‹{s,‚’Λ’¬,2023[sanitize]11[sanitize]05,22,“ΉHγ,‚»‚Μ‘Ό,{ω‚µ‚½,‚Θ‚µ
ή“,Τγ‚Λ‚η‚Ά,Ό‹{,gμ‰w‘O,282049,•ΊΙ§,Ό‹{s,“aR’¬,2023[sanitize]02[sanitize]18,12,κΛZ‘ξ,‚»‚Μ‘Ό,{ω‚Ή‚Έ,‚ ‚θ
ή“,Τγ‚Λ‚η‚Ά,Ό‹{,gμ‰w‘O,282049,•ΊΙ§,Ό‹{s,Ό¶’¬,2023[sanitize]10[sanitize]02,00,’“Τi—Φjκ,’“Τi—Φjκ,{ω‚µ‚½,‚Θ‚µ
ή“,Τγ‚Λ‚η‚Ά,Ό‹{,υ,282049,•ΊΙ§,Ό‹{s,χ’J’¬,2023[sanitize]11[sanitize]30,10,“ΉHγ,‚»‚Μ‘Ό,{ω‚Ή‚Έ,‚ ‚θ
ή“,Τγ‚Λ‚η‚Ά,Ό‹{,υ,282049,•ΊΙ§,Ό‹{s,ηΞ’¬,2023[sanitize]10[sanitize]03,03,’“Τi—Φjκ,’“Τi—Φjκ,{ω‚µ‚½,‚Θ‚µ
ή“,Τγ‚Λ‚η‚Ά,Ό‹{,υ,282049,•ΊΙ§,Ό‹{s,ν”Φ’¬,2023[sanitize]10[sanitize]02,21,’“Τi—Φjκ,’“Τi—Φjκ,{ω‚µ‚½,‚Θ‚µ
ή“,Τγ‚Λ‚η‚Ά,Ό‹{,υ,282049,•ΊΙ§,Ό‹{s,αΌ’¬,2023[sanitize]02[sanitize]03,17,‚»‚Μ‘Ό,’“Τi—Φjκ,{ω‚Ή‚Έ,‚ ‚θ
ή“,Τγ‚Λ‚η‚Ά,Ό‹{,Rϋ,282049,•ΊΙ§,Ό‹{s,Rϋ’¬γRϋ‚Q’–Ϊ,2023[sanitize]03[sanitize]23,20,’“Τi—Φjκ,’“Τi—Φjκ,{ω‚µ‚½,‚Θ‚µ
ή“,Τγ‚Λ‚η‚Ά,Ό‹{,μ“Y,282049,•ΊΙ§,Ό‹{s,ς’¬,2023[sanitize]04[sanitize]01,09,‚SK‚ΔΘγ‹¤“―Z‘ξ,’“Τi—Φjκ,{ω‚Ή‚Έ,‚Θ‚µ
ή“,Τγ‚Λ‚η‚Ά,Ό‹{,μ“Y,282049,•ΊΙ§,Ό‹{s,Ό”g~’¬,2023[sanitize]06[sanitize]06,18,‚SK‚ΔΘγ‹¤“―Z‘ξ,’“Τi—Φjκ,{ω‚µ‚½,‚Θ‚µ
ή“,Τγ‚Λ‚η‚Ά,Ό‹{,μ“Y,282049,•ΊΙ§,Ό‹{s,Ό”g~’¬,2023[sanitize]07[sanitize]29,21,‚»‚Μ‘Ό,‚»‚Μ‘Ό,{ω‚Ή‚Έ,‚ ‚θ
ή“,Τγ‚Λ‚η‚Ά,Ό‹{,μ“Y,282049,•ΊΙ§,Ό‹{s,‘O•l’¬,2023[sanitize]04[sanitize]08,12,‚»‚Μ‘Ό,’“Τi—Φjκ,{ω‚Ή‚Έ,‚Θ‚µ
ή“,Τγ‚Λ‚η‚Ά,Ό‹{,μ“Y,282049,•ΊΙ§,Ό‹{s,‘O•l’¬,2023[sanitize]12[sanitize]12,11,“ΉHγ,‚»‚Μ‘Ό,{ω‚Ή‚Έ,‚ ‚θ
ή“,Τγ‚Λ‚η‚Ά,Ό‹{,s’λ,282049,•ΊΙ§,Ό‹{s,s’λ’¬,2023[sanitize]05[sanitize]27,19,κΛZ‘ξ,’“Τi—Φjκ,{ω‚Ή‚Έ,‚ ‚θ
ή“,Τγ‚Λ‚η‚Ά,Ό‹{,s’λ,282049,•ΊΙ§,Ό‹{s,μΌ’¬,2023[sanitize]11[sanitize]06,07,‚»‚Μ‘Ό‚ΜZ‘ξi‚RK‚ΔΘ‰Ί‹¤“―Z‘ξ“™j,’“Τi—Φjκ,{ω‚µ‚½,‚Θ‚µ
ή“,Τγ‚Λ‚η‚Ά,Ό‹{,Dκ‹Ψ,282049,•ΊΙ§,Ό‹{s,Ξέ’¬,2023[sanitize]05[sanitize]25,19,κΛZ‘ξ,’“Τi—Φjκ,{ω‚Ή‚Έ,‚ ‚θ
ή“,Τγ‚Λ‚η‚Ά,Ό‹{,Dκ‹Ψ,282049,•ΊΙ§,Ό‹{s,Ξέ’¬,2023[sanitize]07[sanitize]08,04,‚SK‚ΔΘγ‹¤“―Z‘ξ,’“Τi—Φjκ,{ω‚Ή‚Έ,‚ ‚θ
ή“,Τγ‚Λ‚η‚Ά,Ό‹{,Dκ‹Ψ,282049,•ΊΙ§,Ό‹{s,“c’†’¬,2023[sanitize]02[sanitize]02,20,’“Τi—Φjκ,’“Τi—Φjκ,{ω‚Ή‚Έ,‚Θ‚µ
ή“,Τγ‚Λ‚η‚Ά,Ό‹{,Dκ‹Ψ,282049,•ΊΙ§,Ό‹{s,Z’X›’¬,2023[sanitize]01[sanitize]13,16,‚»‚Μ‘Ό,‚»‚Μ‘Ό,{ω‚Ή‚Έ,‚Θ‚µ
ή“,Τγ‚Λ‚η‚Ά,Ό‹{,Dκ‹Ψ,282049,•ΊΙ§,Ό‹{s,Z’X›’¬,2023[sanitize]02[sanitize]11,15,“ΉHγ,‚»‚Μ‘Ό,{ω‚Ή‚Έ,‚Θ‚µ
ή“,Τγ‚Λ‚η‚Ά,Ό‹{,Dκ‹Ψ,282049,•ΊΙ§,Ό‹{s,Z’X›’¬,2023[sanitize]08[sanitize]24,23,“ΉHγ,‚»‚Μ‘Ό,{ω‚Ή‚Έ,‚ ‚θ
ή“,Τγ‚Λ‚η‚Ά,Ό‹{,Dκ‹Ψ,282049,•ΊΙ§,Ό‹{s,Z’X›’¬,2023[sanitize]10[sanitize]07,22,“ΉHγ,‚»‚Μ‘Ό,{ω‚Ή‚Έ,‚Θ‚µ
ή“,Τγ‚Λ‚η‚Ά,Ό‹{,¶£,282049,•ΊΙ§,Ό‹{s,¶£“’¬,2023[sanitize]04[sanitize]15,22,’“Τi—Φjκ,’“Τi—Φjκ,{ω‚µ‚½,‚Θ‚µ
ή“,Τγ‚Λ‚η‚Ά,Ό‹{,b“‰€,282049,•ΊΙ§,Ό‹{s,γ‘εs‚Q’–Ϊ,2023[sanitize]10[sanitize]12,09,κΛZ‘ξ,’“Τi—Φjκ,{ω‚Ή‚Έ,‚Θ‚µ
ή“,Τγ‚Λ‚η‚Ά,Ό‹{,b•‹΄,282049,•ΊΙ§,Ό‹{s,γ‘εs‚S’–Ϊ,2023[sanitize]07[sanitize]03,18,‚»‚Μ‘Ό,’“Τi—Φjκ,{ω‚Ή‚Έ,‚ ‚θ
ή“,Τγ‚Λ‚η‚Ά,Ό‹{,b•‹΄,282049,•ΊΙ§,Ό‹{s,“c‹ί–μ’¬,2023[sanitize]08[sanitize]13,22,‚SK‚ΔΘγ‹¤“―Z‘ξ,’“Τi—Φjκ,{ω‚µ‚½,‚Θ‚µ
ή“,Τγ‚Λ‚η‚Ά,Ό‹{,b•‹΄,282049,•ΊΙ§,Ό‹{s,’iγ’¬‚W’–Ϊ,2023[sanitize]09[sanitize]03,11,“ΉHγ,‚»‚Μ‘Ό,{ω‚Ή‚Έ,‚Θ‚µ
ή“,Τγ‚Λ‚η‚Ά,Ό‹{,b•‹΄,282049,•ΊΙ§,Ό‹{s,’iγ’¬‚W’–Ϊ,2023[sanitize]10[sanitize]31,11,’“Τi—Φjκ,’“Τi—Φjκ,{ω‚µ‚½,‚Θ‚µ
ή“,Τγ‚Λ‚η‚Ά,Ό‹{,b•‹΄,282049,•ΊΙ§,Ό‹{s,’iγ’¬‚W’–Ϊ,2023[sanitize]11[sanitize]08,08,“ΉHγ,‚»‚Μ‘Ό,{ω‚Ή‚Έ,‚ ‚θ
ή“,Τγ‚Λ‚η‚Ά,Ό‹{,b—z‰€,282049,•ΊΙ§,Ό‹{s,άƒP‹u,2023[sanitize]06[sanitize]11,18,‚»‚Μ‘Ό‚ΜZ‘ξi‚RK‚ΔΘ‰Ί‹¤“―Z‘ξ“™j,’“Τi—Φjκ,{ω‚µ‚½,‚Θ‚µ
ή“,Τγ‚Λ‚η‚Ά,Ό‹{,b—z‰€,282049,•ΊΙ§,Ό‹{s,Z¬’¬,2023[sanitize]01[sanitize]15,13,’“Τi—Φjκ,’“Τi—Φjκ,{ω‚Ή‚Έ,‚Θ‚µ
ή“,Τγ‚Λ‚η‚Ά,Ό‹{,Π‘O,282049,•ΊΙ§,Ό‹{s,΅’ΓΠ‘O’¬,2023[sanitize]08[sanitize]03,15,‚»‚Μ‘Ό,’“Τi—Φjκ,{ω‚Ή‚Έ,‚ ‚θ
ή“,Τγ‚Λ‚η‚Ά,Ό‹{,Π‘O,282049,•ΊΙ§,Ό‹{s,΅’Γ^»’¬,2023[sanitize]08[sanitize]04,21,‚»‚Μ‘Ό,‚»‚Μ‘Ό,{ω‚Ή‚Έ,‚Θ‚µ
ή“,Τγ‚Λ‚η‚Ά,Ό‹{,°΄,282049,•ΊΙ§,Ό‹{s,Ό•’¬,2023[sanitize]01[sanitize]16,11,“ΉHγ,‚»‚Μ‘Ό,{ω‚Ή‚Έ,‚Θ‚µ
ή“,Τγ‚Λ‚η‚Ά,Ό‹{,°΄,282049,•ΊΙ§,Ό‹{s,_‹_―’¬,2023[sanitize]02[sanitize]26,21,‚SK‚ΔΘγ‹¤“―Z‘ξ,’“Τi—Φjκ,{ω‚µ‚½,‚ ‚θ
ή“,Τγ‚Λ‚η‚Ά,Ό‹{,°΄,282049,•ΊΙ§,Ό‹{s,’†{²’¬,2023[sanitize]10[sanitize]19,10,‚»‚Μ‘Ό,‚»‚Μ‘Ό,{ω‚Ή‚Έ,‚Θ‚µ
ή“,Τγ‚Λ‚η‚Ά,Ό‹{,°΄,282049,•ΊΙ§,Ό‹{s,X‰Ί’¬,2023[sanitize]09[sanitize]16,13,‚SK‚ΔΘγ‹¤“―Z‘ξ,‚»‚Μ‘Ό,{ω‚Ή‚Έ,‚Θ‚µ
ή“,Τγ‚Λ‚η‚Ά,Ό‹{,‹κy‰€,282049,•ΊΙ§,Ό‹{s,‹κy‰€ά”Τ’¬,2023[sanitize]09[sanitize]27,00,‚»‚Μ‘Ό‚ΜZ‘ξi‚RK‚ΔΘ‰Ί‹¤“―Z‘ξ“™j,’“Τi—Φjκ,{ω‚µ‚½,‚Θ‚µ
ή“,Τγ‚Λ‚η‚Ά,Ό‹{,‹κy‰€,282049,•ΊΙ§,Ό‹{s,‹κy‰€l”Τ’¬,2023[sanitize]08[sanitize]25,18,“ΉHγ,‚»‚Μ‘Ό,{ω‚Ή‚Έ,‚Θ‚µ
ή“,Τγ‚Λ‚η‚Ά,Ό‹{,Ό‹{’†‰›,282049,•ΊΙ§,Ό‹{s,–kϋ’¬,2023[sanitize]07[sanitize]07,10,“ΉHγ,‚»‚Μ‘Ό,{ω‚Ή‚Έ,‚ ‚θ
ή“,Τγ‚Λ‚η‚Ά,Ό‹{,Ό‹{’†‰›,282049,•ΊΙ§,Ό‹{s,–kϋ’¬,2023[sanitize]11[sanitize]18,18,‚»‚Μ‘Ό,’“Τi—Φjκ,{ω‚Ή‚Έ,‚Θ‚µ
ή“,Τγ‚Λ‚η‚Ά,Ό‹{,Ό‹{’†‰›,282049,•ΊΙ§,Ό‹{s,‚–Ψ“’¬,2023[sanitize]03[sanitize]21,20,“ΉHγ,‚»‚Μ‘Ό,{ω‚µ‚½,‚ ‚θ
ή“,Τγ‚Λ‚η‚Ά,Ό‹{,Ό‹{’†‰›,282049,•ΊΙ§,Ό‹{s,‚–Ψ“’¬,2023[sanitize]07[sanitize]29,18,κΛZ‘ξ,’“Τi—Φjκ,{ω‚Ή‚Έ,‚ ‚θ
ή“,Τγ‚Λ‚η‚Ά,Ό‹{,Ό‹{’†‰›,282049,•ΊΙ§,Ό‹{s,‚–Ψ“’¬,2023[sanitize]09[sanitize]28,07,‚»‚Μ‘Ό,’“Τi—Φjκ,{ω‚Ή‚Έ,‚ ‚θ
ή“,Τγ‚Λ‚η‚Ά,Ό‹{,Ό‹{’†‰›,282049,•ΊΙ§,Ό‹{s,‚–Ψ“’¬,2023[sanitize]10[sanitize]12,19,‚»‚Μ‘Ό,‚»‚Μ‘Ό,{ω‚Ή‚Έ,‚Θ‚µ
ή“,Τγ‚Λ‚η‚Ά,Ό‹{,Ό‹{’†‰›,282049,•ΊΙ§,Ό‹{s,‚Ό’¬,2023[sanitize]03[sanitize]25,12,‚»‚Μ‘Ό,’“Τi—Φjκ,{ω‚Ή‚Έ,‚Θ‚µ
ή“,Τγ‚Λ‚η‚Ά,Ό‹{,Ό‹{’†‰›,282049,•ΊΙ§,Ό‹{s,‚Ό’¬,2023[sanitize]10[sanitize]21,18,‚»‚Μ‘Ό,’“Τi—Φjκ,{ω‚Ή‚Έ,‚ ‚θ
ή“,Τγ‚Λ‚η‚Ά,Ό‹{,Ό‹{’†‰›,282049,•ΊΙ§,Ό‹{s,“c‘γ’¬,2023[sanitize]09[sanitize]16,13,’“Τi—Φjκ,’“Τi—Φjκ,{ω‚Ή‚Έ,‚Θ‚µ
ή“,Τγ‚Λ‚η‚Ά,Ό‹{,Ό‹{•l,282049,•ΊΙ§,Ό‹{s,Ό‹{•l‚R’–Ϊ,2023[sanitize]09[sanitize]16,19,“ΉHγ,‚»‚Μ‘Ό,{ω‚Ή‚Έ,‚ ‚θ
ή“,Τγ‚Λ‚η‚Ά,Ό‹{,Ό‹{•l,282049,•ΊΙ§,Ό‹{s,Ό‹{•l‚S’–Ϊ,2023[sanitize]03[sanitize]22,19,‚»‚Μ‘Ό,’“Τi—Φjκ,{ω‚µ‚½,‚ ‚θ
ή“,Τγ‚Λ‚η‚Ά,Ό‹{,Ό‹{•l,282049,•ΊΙ§,Ό‹{s,Ό‹{•l‚S’–Ϊ,2023[sanitize]04[sanitize]11,20,‚»‚Μ‘Ό,’“Τi—Φjκ,{ω‚µ‚½,‚Θ‚µ
ή“,Τγ‚Λ‚η‚Ά,Ό‹{,Ό‹{‰w‘O,282049,•ΊΙ§,Ό‹{s,’r“c’¬,2023[sanitize]01[sanitize]04,12,“ΉHγ,‚»‚Μ‘Ό,{ω‚Ή‚Έ,‚Θ‚µ
ή“,Τγ‚Λ‚η‚Ά,Ό‹{,Ό‹{‰w‘O,282049,•ΊΙ§,Ό‹{s,’Γ–ε‘ε’Λ’¬,2023[sanitize]06[sanitize]11,19,‚»‚Μ‘Ό‚ΜZ‘ξi‚RK‚ΔΘ‰Ί‹¤“―Z‘ξ“™j,’“Τi—Φjκ,{ω‚µ‚½,‚Θ‚µ
ή“,Τγ‚Λ‚η‚Ά,Ό‹{,‰z–Ψβ,282049,•ΊΙ§,Ό‹{s,Ξ™†’¬,2023[sanitize]11[sanitize]01,11,“ΉHγ,‚»‚Μ‘Ό,{ω‚Ή‚Έ,‚Θ‚µ
ή“,Τγ‚Λ‚η‚Ά,Ό‹{,‰z–Ψβ,282049,•ΊΙ§,Ό‹{s,‹e’J’¬,2023[sanitize]10[sanitize]02,17,’“Τi—Φjκ,’“Τi—Φjκ,{ω‚µ‚½,‚Θ‚µ
ή“,Τγ‚Λ‚η‚Ά,Ό‹{,‰z–Ψβ,282049,•ΊΙ§,Ό‹{s,ΌƒP‹u’¬,2023[sanitize]06[sanitize]04,18,‚SK‚ΔΘγ‹¤“―Z‘ξ,’“Τi—Φjκ,{ω‚µ‚½,‚Θ‚µ
ή“,Τγ‚Λ‚η‚Ά,Ό‹{,‰z–Ψβ,282049,•ΊΙ§,Ό‹{s,“μ‰z–Ψβ’¬,2023[sanitize]09[sanitize]09,15,‚»‚Μ‘Ό,‚»‚Μ‘Ό,{ω‚Ή‚Έ,‚Θ‚µ
ή“,Τγ‚Λ‚η‚Ά,Ό‹{,‰z–Ψβ,282049,•ΊΙ§,Ό‹{s,“μ‰z–Ψβ’¬,2023[sanitize]10[sanitize]02,17,‚»‚Μ‘Ό‚ΜZ‘ξi‚RK‚ΔΘ‰Ί‹¤“―Z‘ξ“™j,’“Τi—Φjκ,{ω‚µ‚½,‚Θ‚µ
ή“,Τγ‚Λ‚η‚Ά,Ό‹{,–εΛ,282049,•ΊΙ§,Ό‹{s,‰Ί‘εs“’¬,2023[sanitize]02[sanitize]24,09,“ΉHγ,‚»‚Μ‘Ό,{ω‚Ή‚Έ,‚ ‚θ
ή“,Τγ‚Λ‚η‚Ά,Ό‹{,–εΛ,282049,•ΊΙ§,Ό‹{s,•΄’¬,2022[sanitize]08[sanitize]16,20,κΛZ‘ξ,’“Τi—Φjκ,{ω‚Ή‚Έ,‚ ‚θ
ή“,Τγ‚Λ‚η‚Ά,Ό‹{,–εΛ,282049,•ΊΙ§,Ό‹{s,Ϋ‹΄’¬,2023[sanitize]11[sanitize]28,15,“ΉHγ,‚»‚Μ‘Ό,{ω‚Ή‚Έ,‚ ‚θ
ή“,Τγ‚Λ‚η‚Ά,Ό‹{,Β–Ψ,282049,•ΊΙ§,Ό‹{s,’†‰®’¬,2023[sanitize]10[sanitize]07,08,“ΉHγ,‚»‚Μ‘Ό,{ω‚Ή‚Έ,‚ ‚θ
ή“,Τγ‚Λ‚η‚Ά,bq‰€,γ“c,282049,•ΊΙ§,Ό‹{s,γ“c’†’¬,2023[sanitize]08[sanitize]16,15,’“Τi—Φjκ,’“Τi—Φjκ,{ω‚µ‚½,‚Θ‚µ
ή“,Τγ‚Λ‚η‚Ά,bq‰€,γ“c,282049,•ΊΙ§,Ό‹{s,γ“c’†’¬,2023[sanitize]08[sanitize]22,00,’“Τi—Φjκ,’“Τi—Φjκ,{ω‚µ‚½,‚ ‚θ
ή“,Τγ‚Λ‚η‚Ά,bq‰€,γ“c,282049,•ΊΙ§,Ό‹{s,γ“c’†’¬,2023[sanitize]09[sanitize]22,11,’“Τi—Φjκ,’“Τi—Φjκ,{ω‚µ‚½,‚Θ‚µ
ή“,Τγ‚Λ‚η‚Ά,bq‰€,γ“c,282049,•ΊΙ§,Ό‹{s,γ“c’†’¬,2023[sanitize]11[sanitize]04,20,’“Τi—Φjκ,’“Τi—Φjκ,{ω‚µ‚½,‚Θ‚µ
ή“,Τγ‚Λ‚η‚Ά,bq‰€,γ“c,282049,•ΊΙ§,Ό‹{s,γ“c’†’¬,2023[sanitize]11[sanitize]09,15,’“Τi—Φjκ,’“Τi—Φjκ,{ω‚µ‚½,‚ ‚θ
ή“,Τγ‚Λ‚η‚Ά,bq‰€,γ“c,282049,•ΊΙ§,Ό‹{s,γ“cΌ’¬,2023[sanitize]10[sanitize]30,14,“ΉHγ,‚»‚Μ‘Ό,{ω‚Ή‚Έ,‚ ‚θ
ή“,Τγ‚Λ‚η‚Ά,bq‰€,γ“c,282049,•ΊΙ§,Ό‹{s,}‰®’¬,2023[sanitize]09[sanitize]21,16,’“Τi—Φjκ,’“Τi—Φjκ,{ω‚µ‚½,‚Θ‚µ
ή“,Τγ‚Λ‚η‚Ά,bq‰€,γ“c,282049,•ΊΙ§,Ό‹{s,“–Β”φ’¬‚P’–Ϊ,2023[sanitize]10[sanitize]19,08,“ΉHγ,‚»‚Μ‘Ό,{ω‚Ή‚Έ,‚ ‚θ
ή“,Τγ‚Λ‚η‚Ά,bq‰€,γbq‰€,282049,•ΊΙ§,Ό‹{s,γbq‰€‚P’–Ϊ,2023[sanitize]09[sanitize]13,14,κΛZ‘ξ,’“Τi—Φjκ,{ω‚µ‚½,‚Θ‚µ
ή“,Τγ‚Λ‚η‚Ά,bq‰€,γbq‰€,282049,•ΊΙ§,Ό‹{s,bq‰€κ”Τ’¬,2023[sanitize]03[sanitize]03,21,‚»‚Μ‘Ό,’“Τi—Φjκ,{ω‚µ‚½,‚ ‚θ
ή“,Τγ‚Λ‚η‚Ά,bq‰€,γbq‰€,282049,•ΊΙ§,Ό‹{s,bq‰€κ”Τ’¬,2023[sanitize]09[sanitize]08,15,“ΉHγ,‚»‚Μ‘Ό,{ω‚Ή‚Έ,‚ ‚θ
ή“,Τγ‚Λ‚η‚Ά,bq‰€,γbq‰€,282049,•ΊΙ§,Ό‹{s,bq‰€κ”Τ’¬,2023[sanitize]09[sanitize]12,23,‚»‚Μ‘Ό‚ΜZ‘ξi‚RK‚ΔΘ‰Ί‹¤“―Z‘ξ“™j,’“Τi—Φjκ,{ω‚µ‚½,‚Θ‚µ
ή“,Τγ‚Λ‚η‚Ά,bq‰€,γbq‰€,282049,•ΊΙ§,Ό‹{s,bq‰€“ρ”Τ’¬,2023[sanitize]04[sanitize]04,15,“ΉHγ,‚»‚Μ‘Ό,{ω‚Ή‚Έ,‚ ‚θ
ή“,Τγ‚Λ‚η‚Ά,bq‰€,γbq‰€,282049,•ΊΙ§,Ό‹{s,bq‰€“ρ”Τ’¬,2023[sanitize]09[sanitize]13,18,‚»‚Μ‘Ό‚ΜZ‘ξi‚RK‚ΔΘ‰Ί‹¤“―Z‘ξ“™j,’“Τi—Φjκ,{ω‚µ‚½,‚Θ‚µ
ή“,Τγ‚Λ‚η‚Ά,bq‰€,γbq‰€,282049,•ΊΙ§,Ό‹{s,bq‰€ϋ‚P’–Ϊ,2023[sanitize]10[sanitize]12,10,“ΉHγ,‚»‚Μ‘Ό,{ω‚Ή‚Έ,‚ ‚θ
ή“,Τγ‚Λ‚η‚Ά,bq‰€,γbq‰€,282049,•ΊΙ§,Ό‹{s,bq‰€ϋ‚R’–Ϊ,2023[sanitize]12[sanitize]11,15,‚»‚Μ‘Ό,‚»‚Μ‘Ό,{ω‚Ή‚Έ,‚ ‚θ
ή“,Τγ‚Λ‚η‚Ά,bq‰€,γbq‰€,282049,•ΊΙ§,Ό‹{s,¬‘]ª’¬‚P’–Ϊ,2023[sanitize]01[sanitize]20,09,“ΉHγ,‚»‚Μ‘Ό,{ω‚Ή‚Έ,‚ ‚θ
ή“,Τγ‚Λ‚η‚Ά,bq‰€,’†’Γ,282049,•ΊΙ§,Ό‹{s,bq‰€‚’ª’¬,2023[sanitize]04[sanitize]27,22,‚»‚Μ‘Ό,’“Τi—Φjκ,{ω‚Ή‚Έ,‚Θ‚µ
ή“,Τγ‚Λ‚η‚Ά,bq‰€,’†’Γ,282049,•ΊΙ§,Ό‹{s,bq‰€‚’ª’¬,2023[sanitize]10[sanitize]03,16,‚»‚Μ‘Ό,’“Τi—Φjκ,{ω‚µ‚½,‚Θ‚µ
ή“,Τγ‚Λ‚η‚Ά,bq‰€,’†’Γ,282049,•ΊΙ§,Ό‹{s,•lbq‰€‚P’–Ϊ,2023[sanitize]02[sanitize]01,17,κΛZ‘ξ,’“Τi—Φjκ,{ω‚Ή‚Έ,‚ ‚θ
ή“,Τγ‚Λ‚η‚Ά,bq‰€,’†’Γ,282049,•ΊΙ§,Ό‹{s,bq‰€•l‚R’–Ϊ,2023[sanitize]03[sanitize]21,15,‚»‚Μ‘Ό,‚»‚Μ‘Ό,{ω‚Ή‚Έ,‚ ‚θ
ή“,Τγ‚Λ‚η‚Ά,bq‰€,’†’Γ,282049,•ΊΙ§,Ό‹{s,bq‰€•l‚R’–Ϊ,2023[sanitize]05[sanitize]16,17,‚»‚Μ‘Ό,‚»‚Μ‘Ό,{ω‚Ή‚Έ,‚ ‚θ
ή“,Τγ‚Λ‚η‚Ά,bq‰€,¬Ό,282049,•ΊΙ§,Ό‹{s,γ–Β”φ’¬,2023[sanitize]12[sanitize]08,10,‚SK‚ΔΘγ‹¤“―Z‘ξ,’“Τi—Φjκ,{ω‚Ή‚Έ,‚ ‚θ
ή“,Τγ‚Λ‚η‚Ά,bq‰€,¬Ό,282049,•ΊΙ§,Ό‹{s,w•¶“a’¬‚P’–Ϊ,2023[sanitize]05[sanitize]12,11,“ΉHγ,‚»‚Μ‘Ό,{ω‚Ή‚Έ,‚ ‚θ
ή“,Τγ‚Λ‚η‚Ά,bq‰€,¬Ό,282049,•ΊΙ§,Ό‹{s,bq‰€l”Τ’¬,2023[sanitize]03[sanitize]28,10,“ΉHγ,‚»‚Μ‘Ό,{ω‚Ή‚Έ,‚ ‚θ
ή“,Τγ‚Λ‚η‚Ά,bq‰€,¬Ό,282049,•ΊΙ§,Ό‹{s,bq‰€l”Τ’¬,2023[sanitize]08[sanitize]02,16,‚»‚Μ‘Ό,‚»‚Μ‘Ό,{ω‚µ‚½,‚Θ‚µ
ή“,Τγ‚Λ‚η‚Ά,bq‰€,¬Ό,282049,•ΊΙ§,Ό‹{s,bq‰€Z”Τ’¬,2023[sanitize]11[sanitize]04,16,κΛZ‘ξ,’“Τi—Φjκ,{ω‚µ‚½,‚Θ‚µ
ή“,Τγ‚Λ‚η‚Ά,bq‰€,¬Ό,282049,•ΊΙ§,Ό‹{s,¬Ό–k’¬‚Q’–Ϊ,2023[sanitize]05[sanitize]09,21,“ΉHγ,‚»‚Μ‘Ό,{ω‚Ή‚Έ,‚ ‚θ
ή“,Τγ‚Λ‚η‚Ά,bq‰€,¬Ό,282049,•ΊΙ§,Ό‹{s,¬Ό–k’¬‚Q’–Ϊ,2023[sanitize]08[sanitize]18,15,‚»‚Μ‘Ό,‚»‚Μ‘Ό,{ω‚Ή‚Έ,‚Θ‚µ
ή“,Τγ‚Λ‚η‚Ά,bq‰€,¬Ό,282049,•ΊΙ§,Ό‹{s,¬Ό–k’¬‚Q’–Ϊ,2023[sanitize]08[sanitize]21,20,‚SK‚ΔΘγ‹¤“―Z‘ξ,’“Τi—Φjκ,{ω‚µ‚½,‚Θ‚µ
ή“,Τγ‚Λ‚η‚Ά,bq‰€,¬Ό,282049,•ΊΙ§,Ό‹{s,¬ΌΌ’¬‚P’–Ϊ,2023[sanitize]08[sanitize]04,15,‚»‚Μ‘Ό,‚»‚Μ‘Ό,{ω‚Ή‚Έ,‚Θ‚µ
ή“,Τγ‚Λ‚η‚Ά,bq‰€,¬Ό,282049,•ΊΙ§,Ό‹{s,¬Ό“’¬‚Q’–Ϊ,2023[sanitize]09[sanitize]03,22,’“Τi—Φjκ,’“Τi—Φjκ,{ω‚µ‚½,‚Θ‚µ
ή“,Τγ‚Λ‚η‚Ά,bq‰€,¬Ό,282049,•ΊΙ§,Ό‹{s,—Ά’†’¬‚R’–Ϊ,2023[sanitize]03[sanitize]02,08,“ΉHγ,‚»‚Μ‘Ό,{ω‚Ή‚Έ,‚ ‚θ
ή“,Τγ‚Λ‚η‚Ά,bq‰€,–{‹½,282049,•ΊΙ§,Ό‹{s,’rJ’¬,2023[sanitize]03[sanitize]06,19,‚»‚Μ‘Ό,’“Τi—Φjκ,{ω‚Ή‚Έ,‚Θ‚µ
ή“,Τγ‚Λ‚η‚Ά,bq‰€,–{‹½,282049,•ΊΙ§,Ό‹{s,bq‰€”ª”Τ’¬,2023[sanitize]08[sanitize]31,20,‚»‚Μ‘Ό,’“Τi—Φjκ,{ω‚Ή‚Έ,‚ ‚θ
ή“,Τγ‚Λ‚η‚Ά,bq‰€,–{‹½,282049,•ΊΙ§,Ό‹{s,–Β”φ’¬‚T’–Ϊ,2023[sanitize]05[sanitize]15,09,“ΉHγ,‚»‚Μ‘Ό,{ω‚Ή‚Έ,‚ ‚θ
ή“,Τγ‚Λ‚η‚Ά,bq‰€,}μ,282049,•ΊΙ§,Ό‹{s,}μ’¬,2023[sanitize]03[sanitize]02,14,‚»‚Μ‘Ό,‚»‚Μ‘Ό,{ω‚Ή‚Έ,‚ ‚θ
ή“,Τγ‚Λ‚η‚Ά,bq‰€,}μ,282049,•ΊΙ§,Ό‹{s,}μ’¬,2023[sanitize]07[sanitize]30,21,‚»‚Μ‘Ό,‚»‚Μ‘Ό,{ω‚Ή‚Έ,‚ ‚θ
ή“,Τγ‚Λ‚η‚Ά,bq‰€,}μ,282049,•ΊΙ§,Ό‹{s,}μ’¬,2023[sanitize]08[sanitize]02,17,‚»‚Μ‘Ό,‚»‚Μ‘Ό,{ω‚Ή‚Έ,‚Θ‚µ
ή“,Τγ‚Λ‚η‚Ά,bq‰€,}μ,282049,•ΊΙ§,Ό‹{s,}μ’¬,2023[sanitize]12[sanitize]04,17,‚»‚Μ‘Ό,‚»‚Μ‘Ό,{ω‚Ή‚Έ,‚Θ‚µ
ή“,Τγ‚Λ‚η‚Ά,bq‰€,}μ,282049,•ΊΙ§,Ό‹{s,Γμ’¬,2023[sanitize]06[sanitize]06,18,‚SK‚ΔΘγ‹¤“―Z‘ξ,’“Τi—Φjκ,{ω‚µ‚½,‚Θ‚µ
ή“,Τγ‚Λ‚η‚Ά,bq‰€,}μ,282049,•ΊΙ§,Ό‹{s,Γμ’¬,2023[sanitize]06[sanitize]07,01,‚SK‚ΔΘγ‹¤“―Z‘ξ,’“Τi—Φjκ,{ω‚µ‚½,‚Θ‚µ
ή“,Τγ‚Λ‚η‚Ά,bq‰€,‰Y•—,282049,•ΊΙ§,Ό‹{s,γbq‰€‚Q’–Ϊ,2023[sanitize]10[sanitize]16,08,“ΉHγ,‚»‚Μ‘Ό,{ω‚Ή‚Έ,‚ ‚θ
ή“,Τγ‚Λ‚η‚Ά,bq‰€,‰Y•—,282049,•ΊΙ§,Ό‹{s,γbq‰€‚R’–Ϊ,2023[sanitize]02[sanitize]07,20,“ΉHγ,‚»‚Μ‘Ό,{ω‚µ‚½,‚Θ‚µ
ή“,Τγ‚Λ‚η‚Ά,bq‰€,‰Y•—,282049,•ΊΙ§,Ό‹{s,γbq‰€‚R’–Ϊ,2023[sanitize]11[sanitize]30,10,“ΉHγ,‚»‚Μ‘Ό,{ω‚Ή‚Έ,‚Θ‚µ
ή“,Τγ‚Λ‚η‚Ά,bq‰€,‰Y•—,282049,•ΊΙ§,Ό‹{s,γbq‰€‚S’–Ϊ,2023[sanitize]03[sanitize]03,13,‚»‚Μ‘Ό,’“Τi—Φjκ,{ω‚Ή‚Έ,‚ ‚θ
ή“,Τγ‚Λ‚η‚Ά,bq‰€,‚{,282049,•ΊΙ§,Ό‹{s,‚{’¬‚P’–Ϊ,2023[sanitize]02[sanitize]05,20,‚SK‚ΔΘγ‹¤“―Z‘ξ,’“Τi—Φjκ,{ω‚µ‚½,‚Θ‚µ
ή“,Τγ‚Λ‚η‚Ά,bq‰€,‚{,282049,•ΊΙ§,Ό‹{s,‚{’¬‚P’–Ϊ,2023[sanitize]04[sanitize]20,18,‚»‚Μ‘Ό,’“Τi—Φjκ,{ω‚Ή‚Έ,‚ ‚θ
ή“,Τγ‚Λ‚η‚Ά,bq‰€,‚{,282049,•ΊΙ§,Ό‹{s,‚{’¬‚P’–Ϊ,2023[sanitize]08[sanitize]10,17,‚»‚Μ‘Ό,‚»‚Μ‘Ό,{ω‚Ή‚Έ,‚Θ‚µ
ή“,Τγ‚Λ‚η‚Ά,bq‰€,‚{,282049,•ΊΙ§,Ό‹{s,‚{’¬‚P’–Ϊ,2023[sanitize]08[sanitize]10,17,‚SK‚ΔΘγ‹¤“―Z‘ξ,’“Τi—Φjκ,{ω‚Ή‚Έ,‚Θ‚µ
ή“,Τγ‚Λ‚η‚Ά,bq‰€,‚{,282049,•ΊΙ§,Ό‹{s,‚{’¬‚P’–Ϊ,2023[sanitize]10[sanitize]03,08,‚»‚Μ‘Ό,’“Τi—Φjκ,{ω‚µ‚½,‚Θ‚µ
ή“,Τγ‚Λ‚η‚Ά,bq‰€,‚{,282049,•ΊΙ§,Ό‹{s,‚{’¬‚Q’–Ϊ,2023[sanitize]05[sanitize]02,08,‚»‚Μ‘Ό,’“Τi—Φjκ,{ω‚Ή‚Έ,‚Θ‚µ
ή“,Τγ‚Λ‚η‚Ά,bq‰€,‚{,282049,•ΊΙ§,Ό‹{s,‚{’¬‚Q’–Ϊ,2023[sanitize]06[sanitize]27,22,‚SK‚ΔΘγ‹¤“―Z‘ξ,’“Τi—Φjκ,{ω‚Ή‚Έ,‚ ‚θ
ή“,Τγ‚Λ‚η‚Ά,bq‰€,‚{,282049,•ΊΙ§,Ό‹{s,‚{’¬‚Q’–Ϊ,2023[sanitize]09[sanitize]22,07,‚SK‚ΔΘγ‹¤“―Z‘ξ,’“Τi—Φjκ,{ω‚µ‚½,‚ ‚θ
ή“,Τγ‚Λ‚η‚Ά,bq‰€,‚{,282049,•ΊΙ§,Ό‹{s,–Β”φ’¬‚R’–Ϊ,2023[sanitize]08[sanitize]16,15,‚»‚Μ‘Ό,’“Τi—Φjκ,{ω‚Ή‚Έ,‚ ‚θ
ή“,Τγ‚Λ‚η‚Ά,bq‰€,‚{,282049,•ΊΙ§,Ό‹{s,–Β”φ’¬‚R’–Ϊ,2023[sanitize]08[sanitize]22,05,‚»‚Μ‘Ό,’“Τi—Φjκ,{ω‚µ‚½,‚Θ‚µ
ή“,Τγ‚Λ‚η‚Ά,bq‰€,‚{,282049,•ΊΙ§,Ό‹{s,–Β”φ•l‚P’–Ϊ,2023[sanitize]09[sanitize]12,12,’“Τi—Φjκ,’“Τi—Φjκ,{ω‚µ‚½,‚Θ‚µ
ή“,Τγ‚Λ‚η‚Ά,bq‰€,‚{,282049,•ΊΙ§,Ό‹{s,–Β”φ•l‚Q’–Ϊ,2023[sanitize]09[sanitize]17,05,‚»‚Μ‘Ό,’“Τi—Φjκ,{ω‚µ‚½,‚Θ‚µ
ή“,Τγ‚Λ‚η‚Ά,bq‰€,‚{,282049,•ΊΙ§,Ό‹{s,–Β”φ•l‚Q’–Ϊ,2023[sanitize]12[sanitize]22,08,‚»‚Μ‘Ό,’“Τi—Φjκ,{ω‚Ή‚Έ,‚Θ‚µ
ή“,Τγ‚Λ‚η‚Ά,bq‰€,‚{,282049,•ΊΙ§,Ό‹{s,–Β”φ•l‚R’–Ϊ,2023[sanitize]04[sanitize]18,09,‚»‚Μ‘Ό,’“Τi—Φjκ,{ω‚Ή‚Έ,‚ ‚θ
ή“,Τγ‚Λ‚η‚Ά,bq‰€,,282049,•ΊΙ§,Ό‹{s,,2023[sanitize]09[sanitize]27,19,“ΉHγ,‚»‚Μ‘Ό,{ω‚Ή‚Έ,‚ ‚θ
ή“,Τγ‚Λ‚η‚Ά,bq‰€,,282049,•ΊΙ§,Ό‹{s,}μ’¬,2023[sanitize]03[sanitize]02,14,‚»‚Μ‘Ό,‚»‚Μ‘Ό,{ω‚Ή‚Έ,‚ ‚θ
ή“,Τγ‚Λ‚η‚Ά,“ςθ“μ,ƒZƒ“ƒ^[ƒv[ƒ‹‘O,282022,•ΊΙ§,“ςθs,‹Υ‰Y’¬,2023[sanitize]01[sanitize]10,09,“ΉHγ,‚»‚Μ‘Ό,{ω‚Ή‚Έ,‚ ‚θ
ή“,Τγ‚Λ‚η‚Ά,“ςθ“μ,ƒZƒ“ƒ^[ƒv[ƒ‹‘O,282022,•ΊΙ§,“ςθs,…–Ύ’¬,2023[sanitize]12[sanitize]04,11,‚»‚Μ‘Ό,’“Τi—Φjκ,{ω‚Ή‚Έ,‚Θ‚µ
ή“,Τγ‚Λ‚η‚Ά,“ςθ“μ,ƒZƒ“ƒ^[ƒv[ƒ‹‘O,282022,•ΊΙ§,“ςθs,•Ιμ’¬‚P’–Ϊ,2023[sanitize]02[sanitize]10,18,’“Τi—Φjκ,’“Τi—Φjκ,{ω‚µ‚½,‚Θ‚µ
ή“,Τγ‚Λ‚η‚Ά,“ςθ“μ,ƒZƒ“ƒ^[ƒv[ƒ‹‘O,282022,•ΊΙ§,“ςθs,•Ιμ’¬‚P’–Ϊ,2023[sanitize]05[sanitize]29,14,’“Τi—Φjκ,’“Τi—Φjκ,{ω‚Ή‚Έ,‚Θ‚µ
ή“,Τγ‚Λ‚η‚Ά,“ςθ“μ,ƒZƒ“ƒ^[ƒv[ƒ‹‘O,282022,•ΊΙ§,“ςθs,•Ιμ’¬‚S’–Ϊ,2023[sanitize]04[sanitize]13,10,“ΉHγ,‚»‚Μ‘Ό,{ω‚µ‚½,‚ ‚θ
ή“,Τγ‚Λ‚η‚Ά,“ςθ“μ,ƒZƒ“ƒ^[ƒv[ƒ‹‘O,282022,•ΊΙ§,“ςθs,‘ε―Ό’¬‚P’–Ϊ,2023[sanitize]08[sanitize]06,15,‚»‚Μ‘Ό,‚»‚Μ‘Ό,{ω‚Ή‚Έ,‚ ‚θ
ή“,Τγ‚Λ‚η‚Ά,“ςθ“μ,ƒZƒ“ƒ^[ƒv[ƒ‹‘O,282022,•ΊΙ§,“ςθs,‘ε―Ό’¬‚S’–Ϊ,2023[sanitize]02[sanitize]04,12,“ΉHγ,‚»‚Μ‘Ό,{ω‚Ή‚Έ,‚ ‚θ
ή“,Τγ‚Λ‚η‚Ά,“ςθ“μ,ƒZƒ“ƒ^[ƒv[ƒ‹‘O,282022,•ΊΙ§,“ςθs,‘ε―Ό’¬‚S’–Ϊ,2023[sanitize]09[sanitize]08,22,’“Τi—Φjκ,’“Τi—Φjκ,{ω‚µ‚½,‚ ‚θ
ή“,Τγ‚Λ‚η‚Ά,“ςθ“μ,µΌ,282022,•ΊΙ§,“ςθs,µΌ’¬‚Q’–Ϊ,2023[sanitize]07[sanitize]20,08,“ΉHγ,‚»‚Μ‘Ό,{ω‚Ή‚Έ,‚ ‚θ
ή“,Τγ‚Λ‚η‚Ά,“ςθ“μ,µΌ,282022,•ΊΙ§,“ςθs,•l“c’¬‚Q’–Ϊ,2023[sanitize]09[sanitize]30,18,‚»‚Μ‘Ό,‚»‚Μ‘Ό,{ω‚Ή‚Έ,‚ ‚θ
ή“,Τγ‚Λ‚η‚Ά,“ςθ“μ,µΌ,282022,•ΊΙ§,“ςθs,“µΌ’¬‚Q’–Ϊ,2023[sanitize]09[sanitize]14,18,‚»‚Μ‘Ό,’“Τi—Φjκ,{ω‚Ή‚Έ,‚Θ‚µ
ή“,Τγ‚Λ‚η‚Ά,“ςθ“μ,µΌ,282022,•ΊΙ§,“ςθs,Ό—§‰Τ’¬‚R’–Ϊ,2023[sanitize]05[sanitize]13,09,“ΉHγ,‚»‚Μ‘Ό,{ω‚Ή‚Έ,‚ ‚θ
ή“,Τγ‚Λ‚η‚Ά,“ςθ“μ,’†‰›,282022,•ΊΙ§,“ςθs,_“c–k’Κ‚P’–Ϊ,2023[sanitize]06[sanitize]24,02,“ΉHγ,‚»‚Μ‘Ό,{ω‚Ή‚Έ,‚ ‚θ
ή“,Τγ‚Λ‚η‚Ά,“ςθ“μ,’†‰›,282022,•ΊΙ§,“ςθs,_“c–k’Κ‚S’–Ϊ,2023[sanitize]08[sanitize]14,20,’“Τi—Φjκ,’“Τi—Φjκ,{ω‚µ‚½,‚Θ‚µ
ή“,Τγ‚Λ‚η‚Ά,“ςθ“μ,’†‰›,282022,•ΊΙ§,“ςθs,_“c’†’Κ‚P’–Ϊ,2023[sanitize]02[sanitize]02,18,’“Τi—Φjκ,’“Τi—Φjκ,{ω‚Ή‚Έ,‚Θ‚µ
ή“,Τγ‚Λ‚η‚Ά,“ςθ“μ,’†‰›,282022,•ΊΙ§,“ςθs,_“c’†’Κ‚P’–Ϊ,2023[sanitize]09[sanitize]16,17,‚»‚Μ‘Ό,’“Τi—Φjκ,{ω‚Ή‚Έ,‚ ‚θ
ή“,Τγ‚Λ‚η‚Ά,“ςθ“μ,’†‰›,282022,•ΊΙ§,“ςθs,_“c’†’Κ‚Q’–Ϊ,2023[sanitize]11[sanitize]21,17,‚»‚Μ‘Ό,’“Τi—Φjκ,{ω‚Ή‚Έ,‚Θ‚µ
ή“,Τγ‚Λ‚η‚Ά,“ςθ“μ,’†‰›,282022,•ΊΙ§,“ςθs,Ίa’Κ‚S’–Ϊ,2023[sanitize]01[sanitize]22,21,’“Τi—Φjκ,’“Τi—Φjκ,{ω‚Ή‚Έ,‚Θ‚µ
ή“,Τγ‚Λ‚η‚Ά,“ςθ“μ,’†‰›,282022,•ΊΙ§,“ςθs,Ίa’Κ‚S’–Ϊ,2023[sanitize]01[sanitize]31,20,’“Τi—Φjκ,’“Τi—Φjκ,{ω‚Ή‚Έ,‚Θ‚µ
ή“,Τγ‚Λ‚η‚Ά,“ςθ“μ,’†‰›,282022,•ΊΙ§,“ςθs,Ίa’Κ‚S’–Ϊ,2023[sanitize]10[sanitize]09,14,’“Τi—Φjκ,’“Τi—Φjκ,{ω‚Ή‚Έ,‚Θ‚µ
ή“,Τγ‚Λ‚η‚Ά,“ςθ“μ,’†‰›,282022,•ΊΙ§,“ςθs,Ίa’Κ‚S’–Ϊ,2023[sanitize]10[sanitize]09,16,’“Τi—Φjκ,’“Τi—Φjκ,{ω‚Ή‚Έ,‚Θ‚µ
ή“,Τγ‚Λ‚η‚Ά,“ςθ“μ,’†‰›,282022,•ΊΙ§,“ςθs,Ίa’Κ‚S’–Ϊ,2023[sanitize]10[sanitize]12,12,’“Τi—Φjκ,’“Τi—Φjκ,{ω‚Ή‚Έ,‚Θ‚µ
ή“,Τγ‚Λ‚η‚Ά,“ςθ“μ,’†‰›,282022,•ΊΙ§,“ςθs,Ίa’Κ‚T’–Ϊ,2023[sanitize]10[sanitize]28,15,‚»‚Μ‘Ό,’“Τi—Φjκ,{ω‚Ή‚Έ,‚Θ‚µ
ή“,Τγ‚Λ‚η‚Ά,“ςθ“μ,’†‰›,282022,•ΊΙ§,“ςθs,Όχ–Ψ’¬,2023[sanitize]09[sanitize]22,18,κΛZ‘ξ,’“Τi—Φjκ,{ω‚Ή‚Έ,‚Θ‚µ
ή“,Τγ‚Λ‚η‚Ά,“ςθ“μ,’†‰›,282022,•ΊΙ§,“ςθs,Ό–{’¬‚R’–Ϊ,2023[sanitize]03[sanitize]17,19,’“Τi—Φjκ,’“Τi—Φjκ,{ω‚µ‚½,‚ ‚θ
ή“,Τγ‚Λ‚η‚Ά,“ςθ“μ,’†‰›,282022,•ΊΙ§,“ςθs,Όδ‰€’¬,2023[sanitize]02[sanitize]17,19,’“Τi—Φjκ,’“Τi—Φjκ,{ω‚µ‚½,‚Θ‚µ
ή“,Τγ‚Λ‚η‚Ά,“ςθ“μ,’†‰›,282022,•ΊΙ§,“ςθs,δ‰€’¬,2023[sanitize]10[sanitize]29,07,‚»‚Μ‘Ό,’“Τi—Φjκ,{ω‚Ή‚Έ,‚Θ‚µ
ή“,Τγ‚Λ‚η‚Ά,“ςθ“μ,³•l,282022,•ΊΙ§,“ςθs,ξ’¬,2023[sanitize]09[sanitize]15,16,‚»‚Μ‘Ό,’“Τi—Φjκ,{ω‚Ή‚Έ,‚ ‚θ
ή“,Τγ‚Λ‚η‚Ά,“ςθ“μ,³•l,282022,•ΊΙ§,“ςθs,“ΉΣ’¬‚U’–Ϊ,2023[sanitize]01[sanitize]09,22,“ΉHγ,‚»‚Μ‘Ό,{ω‚µ‚½,‚Θ‚µ
ή“,Τγ‚Λ‚η‚Ά,“ςθ“μ,³•l,282022,•ΊΙ§,“ςθs,“ΉΣ’¬‚U’–Ϊ,2023[sanitize]09[sanitize]12,07,’“Τi—Φjκ,’“Τi—Φjκ,{ω‚µ‚½,‚Θ‚µ
ή“,Τγ‚Λ‚η‚Ά,“ςθ“μ,³•l,282022,•ΊΙ§,“ςθs,³•l’¬‚P’–Ϊ,2023[sanitize]01[sanitize]09,17,‚»‚Μ‘Ό,’“Τi—Φjκ,{ω‚µ‚½,‚Θ‚µ
ή“,Τγ‚Λ‚η‚Ά,“ςθ“μ,³•l,282022,•ΊΙ§,“ςθs,³•l’¬‚Q’–Ϊ,2023[sanitize]03[sanitize]04,12,κΛZ‘ξ,’“Τi—Φjκ,{ω‚Ή‚Έ,‚ ‚θ
ή“,Τγ‚Λ‚η‚Ά,“ςθ“μ,³•l,282022,•ΊΙ§,“ςθs,³•l’¬‚Q’–Ϊ,2023[sanitize]08[sanitize]26,21,’“Τi—Φjκ,’“Τi—Φjκ,{ω‚µ‚½,‚Θ‚µ
ή“,Τγ‚Λ‚η‚Ά,“ςθ“μ,³•l,282022,•ΊΙ§,“ςθs,³•l’¬‚R’–Ϊ,2023[sanitize]04[sanitize]17,17,‚»‚Μ‘Ό‚ΜZ‘ξi‚RK‚ΔΘ‰Ί‹¤“―Z‘ξ“™j,‚»‚Μ‘Ό,{ω‚Ή‚Έ,‚Θ‚µ
ή“,Τγ‚Λ‚η‚Ά,“ςθ“μ,³•l,282022,•ΊΙ§,“ςθs,³•l’¬‚R’–Ϊ,2023[sanitize]05[sanitize]11,08,‚»‚Μ‘Ό‚ΜZ‘ξi‚RK‚ΔΘ‰Ί‹¤“―Z‘ξ“™j,’“Τi—Φjκ,{ω‚Ή‚Έ,‚Θ‚µ
ή“,Τγ‚Λ‚η‚Ά,“ςθ“μ,³•l,282022,•ΊΙ§,“ςθs,³•l’¬‚S’–Ϊ,2023[sanitize]08[sanitize]19,17,“ΉHγ,‚»‚Μ‘Ό,{ω‚Ή‚Έ,‚ ‚θ
ή“,Τγ‚Λ‚η‚Ά,“ςθ“μ,³•l,282022,•ΊΙ§,“ςθs,³•l’¬‚T’–Ϊ,2023[sanitize]08[sanitize]18,10,“ΉHγ,‚»‚Μ‘Ό,{ω‚Ή‚Έ,‚ ‚θ
ή“,Τγ‚Λ‚η‚Ά,“ςθ“μ,o‰®•~,282022,•ΊΙ§,“ςθs,’|’J’¬‚Q’–Ϊ,2023[sanitize]10[sanitize]04,14,‚»‚Μ‘Ό,’“Τi—Φjκ,{ω‚Ή‚Έ,‚Θ‚µ
ή“,Τγ‚Λ‚η‚Ά,“ςθ“μ,o‰®•~,282022,•ΊΙ§,“ςθs,Ό–{’¬‚V’–Ϊ,2023[sanitize]07[sanitize]06,08,“ΉHγ,‚»‚Μ‘Ό,{ω‚Ή‚Έ,‚ ‚θ
ή“,Τγ‚Λ‚η‚Ά,“ςθ“μ,o‰®•~,282022,•ΊΙ§,“ςθs,Όό“‡’¬,2023[sanitize]12[sanitize]16,22,‚»‚Μ‘Ό,’“Τi—Φjκ,{ω‚Ή‚Έ,‚Θ‚µ
ή“,Τγ‚Λ‚η‚Ά,“ςθ“μ,o‰®•~,282022,•ΊΙ§,“ςθs,“μ’|’J’¬‚P’–Ϊ,2023[sanitize]05[sanitize]23,08,“ΉHγ,‚»‚Μ‘Ό,{ω‚Ή‚Έ,‚ ‚θ
ή“,Τγ‚Λ‚η‚Ά,“ςθ“μ,o‰®•~,282022,•ΊΙ§,“ςθs,“μ’|’J’¬‚P’–Ϊ,2023[sanitize]06[sanitize]06,08,“ΉHγ,‚»‚Μ‘Ό,{ω‚Ή‚Έ,‚ ‚θ
ή“,Τγ‚Λ‚η‚Ά,“ςθ“μ,o‰®•~,282022,•ΊΙ§,“ςθs,“μ’|’J’¬‚R’–Ϊ,2023[sanitize]06[sanitize]16,08,κΛZ‘ξ,’“Τi—Φjκ,{ω‚Ή‚Έ,‚ ‚θ
ή“,Τγ‚Λ‚η‚Ά,“ςθ“μ,‘ε“‡,282022,•ΊΙ§,“ςθs,ξ—t‘‘‚P’–Ϊ,2023[sanitize]12[sanitize]01,09,“ΉHγ,‚»‚Μ‘Ό,{ω‚Ή‚Έ,‚Θ‚µ
ή“,Τγ‚Λ‚η‚Ά,“ςθ“μ,‘ε“‡,282022,•ΊΙ§,“ςθs,ξ—t‘‘‚P’–Ϊ,2023[sanitize]12[sanitize]20,19,’“Τi—Φjκ,’“Τi—Φjκ,{ω‚Ή‚Έ,‚ ‚θ
ή“,Τγ‚Λ‚η‚Ά,“ςθ“μ,‘ε“‡,282022,•ΊΙ§,“ςθs,•l“c’¬‚Q’–Ϊ,2023[sanitize]10[sanitize]01,19,‚»‚Μ‘Ό,‚»‚Μ‘Ό,{ω‚Ή‚Έ,‚ ‚θ
ή“,Τγ‚Λ‚η‚Ά,“ςθ“μ,‘ε“‡,282022,•ΊΙ§,“ςθs,•l“c’¬‚Q’–Ϊ,2023[sanitize]10[sanitize]03,16,‚»‚Μ‘Ό,‚»‚Μ‘Ό,{ω‚Ή‚Έ,‚ ‚θ
ή“,Τγ‚Λ‚η‚Ά,“ςθ“μ,‘ε“‡,282022,•ΊΙ§,“ςθs,•l“c’¬‚Q’–Ϊ,2023[sanitize]10[sanitize]26,17,‚»‚Μ‘Ό,‚»‚Μ‘Ό,{ω‚Ή‚Έ,‚ ‚θ
ή“,Τγ‚Λ‚η‚Ά,“ςθ“μ,‘ε“‡,282022,•ΊΙ§,“ςθs,‘ε―–k‚S’–Ϊ,2023[sanitize]01[sanitize]31,20,’“Τi—Φjκ,’“Τi—Φjκ,{ω‚µ‚½,‚ ‚θ
ή“,Τγ‚Λ‚η‚Ά,“ςθ“μ,‘ε―,282022,•ΊΙ§,“ςθs,‘ε―’†’Κ‚R’–Ϊ,2023[sanitize]03[sanitize]22,09,“ΉHγ,‚»‚Μ‘Ό,{ω‚Ή‚Έ,‚ ‚θ
ή“,Τγ‚Λ‚η‚Ά,“ςθ“μ,‘ε―,282022,•ΊΙ§,“ςθs,‘ε“‡‚P’–Ϊ,2023[sanitize]05[sanitize]10,09,“ΉHγ,‚»‚Μ‘Ό,{ω‚Ή‚Έ,‚ ‚θ
ή“,Τγ‚Λ‚η‚Ά,“ςθ“μ,‘ε―,282022,•ΊΙ§,“ςθs,‘ε“‡‚R’–Ϊ,2023[sanitize]06[sanitize]04,13,“ΉHγ,‚»‚Μ‘Ό,{ω‚Ή‚Έ,‚ ‚θ
ή“,Τγ‚Λ‚η‚Ά,“ςθ“μ,‘ε―,282022,•ΊΙ§,“ςθs,‘ε“‡‚R’–Ϊ,2023[sanitize]10[sanitize]29,05,“ΉHγ,‚»‚Μ‘Ό,{ω‚Ή‚Έ,‚ ‚θ
ή“,Τγ‚Λ‚η‚Ά,“ςθ“μ,‘ε―,282022,•ΊΙ§,“ςθs,‘ε―Ό’¬‚Q’–Ϊ,2023[sanitize]07[sanitize]26,08,“ΉHγ,‚»‚Μ‘Ό,{ω‚Ή‚Έ,‚ ‚θ
ή“,Τγ‚Λ‚η‚Ά,“ςθ“μ,‘ε•¨,282022,•ΊΙ§,“ςθs,Ίa’Κ‚Q’–Ϊ,2023[sanitize]11[sanitize]01,09,‚»‚Μ‘Ό,‚»‚Μ‘Ό,{ω‚Ή‚Έ,‚Θ‚µ
ή“,Τγ‚Λ‚η‚Ά,“ςθ“μ,‘ε•¨,282022,•ΊΙ§,“ςθs,‘ε•¨’¬‚Q’–Ϊ,2023[sanitize]06[sanitize]17,11,‚»‚Μ‘Ό,’“Τi—Φjκ,{ω‚Ή‚Έ,‚ ‚θ
ή“,Τγ‚Λ‚η‚Ά,“ςθ“μ,Ίa’Κ,282022,•ΊΙ§,“ςθs,_“c–k’Κ‚T’–Ϊ,2023[sanitize]10[sanitize]06,15,‚»‚Μ‘Ό,’“Τi—Φjκ,{ω‚µ‚½,‚Θ‚µ
ή“,Τγ‚Λ‚η‚Ά,“ςθ“μ,Ίa’Κ,282022,•ΊΙ§,“ςθs,_“c–k’Κ‚T’–Ϊ,2023[sanitize]10[sanitize]16,20,‚»‚Μ‘Ό,’“Τi—Φjκ,{ω‚Ή‚Έ,‚Θ‚µ
ή“,Τγ‚Λ‚η‚Ά,“ςθ“μ,Ίa’Κ,282022,•ΊΙ§,“ςθs,_“c–k’Κ‚U’–Ϊ,2023[sanitize]08[sanitize]21,21,’“Τi—Φjκ,’“Τi—Φjκ,{ω‚µ‚½,‚Θ‚µ
ή“,Τγ‚Λ‚η‚Ά,“ςθ“μ,Ίa’Κ,282022,•ΊΙ§,“ςθs,Ίa’Κ‚U’–Ϊ,2023[sanitize]06[sanitize]23,13,‚»‚Μ‘Ό,’“Τi—Φjκ,{ω‚Ή‚Έ,‚Θ‚µ
ή“,Τγ‚Λ‚η‚Ά,“ςθ“μ,Ίa’Κ,282022,•ΊΙ§,“ςθs,Ίa’Κ‚V’–Ϊ,2023[sanitize]01[sanitize]28,10,“ΉHγ,‚»‚Μ‘Ό,{ω‚Ή‚Έ,‚Θ‚µ
ή“,Τγ‚Λ‚η‚Ά,“ςθ“μ,Ίa’Κ,282022,•ΊΙ§,“ςθs,Ό“ο”g’¬‚R’–Ϊ,2023[sanitize]12[sanitize]13,18,κΛZ‘ξ,’“Τi—Φjκ,{ω‚Ή‚Έ,‚Θ‚µ
ή“,Τγ‚Λ‚η‚Ά,“ςθ“μ,Ίa’Κ,282022,•ΊΙ§,“ςθs,Ό“ο”g’¬‚S’–Ϊ,2023[sanitize]06[sanitize]27,13,’“Τi—Φjκ,’“Τi—Φjκ,{ω‚µ‚½,‚ ‚θ
ή“,Τγ‚Λ‚η‚Ά,“ςθ“μ,““ο”g,282022,•ΊΙ§,“ςθs,““ο”g’¬‚S’–Ϊ,2023[sanitize]10[sanitize]06,12,“ΉHγ,‚»‚Μ‘Ό,{ω‚Ή‚Έ,‚ ‚θ
ή“,Τγ‚Λ‚η‚Ά,“ςθ“μ,““ο”g,282022,•ΊΙ§,“ςθs,““ο”g’¬‚T’–Ϊ,2023[sanitize]03[sanitize]04,20,‚»‚Μ‘Ό,’“Τi—Φjκ,{ω‚Ή‚Έ,‚ ‚θ
ή“,Τγ‚Λ‚η‚Ά,“ςθ“μ,ξ—t‘‘,282022,•ΊΙ§,“ςθs,ξ—t³’¬‚P’–Ϊ,2023[sanitize]02[sanitize]04,01,κΛZ‘ξ,’“Τi—Φjκ,{ω‚µ‚½,‚Θ‚µ
ή“,Τγ‚Λ‚η‚Ά,“ςθ“μ,ξ—t‘‘,282022,•ΊΙ§,“ςθs,ξ—t³’¬‚P’–Ϊ,2023[sanitize]03[sanitize]28,02,κΛZ‘ξ,’“Τi—Φjκ,{ω‚µ‚½,‚Θ‚µ
ή“,Τγ‚Λ‚η‚Ά,“ςθ“μ,ξ—t‘‘,282022,•ΊΙ§,“ςθs,Ό—§‰Τ’¬‚S’–Ϊ,2023[sanitize]05[sanitize]25,09,“ΉHγ,‚»‚Μ‘Ό,{ω‚Ή‚Έ,‚ ‚θ
ή“,Τγ‚Λ‚η‚Ά,“ςθ“μ,ξ—t‘‘,282022,•ΊΙ§,“ςθs,Ό—§‰Τ’¬‚S’–Ϊ,2023[sanitize]06[sanitize]13,21,‚SK‚ΔΘγ‹¤“―Z‘ξ,’“Τi—Φjκ,{ω‚Ή‚Έ,‚ ‚θ
ή“,Τγ‚Λ‚η‚Ά,“ςθ“μ,’|’J,282022,•ΊΙ§,“ςθs,_“c“μ’Κ‚R’–Ϊ,2023[sanitize]08[sanitize]19,12,“ΉHγ,‚»‚Μ‘Ό,{ω‚Ή‚Έ,‚ ‚θ
ή“,Τγ‚Λ‚η‚Ά,“ςθ“μ,’|’J,282022,•ΊΙ§,“ςθs,_“c“μ’Κ‚R’–Ϊ,2023[sanitize]12[sanitize]05,18,“ΉHγ,‚»‚Μ‘Ό,{ω‚Ή‚Έ,‚ ‚θ
ή“,Τγ‚Λ‚η‚Ά,“ςθ“μ,’|’J,282022,•ΊΙ§,“ςθs,_“c“μ’Κ‚S’–Ϊ,2023[sanitize]01[sanitize]06,08,“ΉHγ,‚»‚Μ‘Ό,{ω‚Ή‚Έ,‚ ‚θ
ή“,Τγ‚Λ‚η‚Ά,“ςθ“μ,’|’J,282022,•ΊΙ§,“ςθs,Ίa’Κ‚X’–Ϊ,2023[sanitize]04[sanitize]26,13,“ΉHγ,‚»‚Μ‘Ό,{ω‚Ή‚Έ,‚ ‚θ
ή“,Τγ‚Λ‚η‚Ά,“ςθ“μ,’|’J,282022,•ΊΙ§,“ςθs,Ίa“μ’Κ‚X’–Ϊ,2023[sanitize]08[sanitize]06,09,’“Τi—Φjκ,’“Τi—Φjκ,{ω‚µ‚½,‚Θ‚µ
ή“,Τγ‚Λ‚η‚Ά,“ςθ“μ,Ό“ο”g,282022,•ΊΙ§,“ςθs,Ό“ο”g’¬‚P’–Ϊ,2023[sanitize]07[sanitize]24,08,“ΉHγ,‚»‚Μ‘Ό,{ω‚Ή‚Έ,‚ ‚θ
ή“,Τγ‚Λ‚η‚Ά,“ςθ“μ,Ό“ο”g,282022,•ΊΙ§,“ςθs,Ό“ο”g’¬‚Q’–Ϊ,2023[sanitize]01[sanitize]16,20,“ΉHγ,‚»‚Μ‘Ό,{ω‚µ‚½,‚ ‚θ
ή“,Τγ‚Λ‚η‚Ά,“ςθ“μ,Ό“ο”g,282022,•ΊΙ§,“ςθs,Ό“ο”g’¬‚Q’–Ϊ,2023[sanitize]07[sanitize]16,00,‚»‚Μ‘Ό,’“Τi—Φjκ,{ω‚Ή‚Έ,‚ ‚θ
ή“,Τγ‚Λ‚η‚Ά,“ςθ“μ,Ό“ο”g,282022,•ΊΙ§,“ςθs,Ό“ο”g’¬‚Q’–Ϊ,2023[sanitize]08[sanitize]01,08,“ΉHγ,‚»‚Μ‘Ό,{ω‚Ή‚Έ,‚ ‚θ
ή“,Τγ‚Λ‚η‚Ά,“ςθ“μ,Ό“ο”g,282022,•ΊΙ§,“ςθs,Ό“ο”g’¬‚Q’–Ϊ,2023[sanitize]08[sanitize]01,09,“ΉHγ,‚»‚Μ‘Ό,{ω‚Ή‚Έ,‚ ‚θ
ή“,Τγ‚Λ‚η‚Ά,“ςθ“μ,Ό“ο”g,282022,•ΊΙ§,“ςθs,Ό“ο”g’¬‚S’–Ϊ,2023[sanitize]01[sanitize]16,20,“ΉHγ,‚»‚Μ‘Ό,{ω‚µ‚½,‚ ‚θ
ή“,Τγ‚Λ‚η‚Ά,“ςθ“μ,Ό“ο”g,282022,•ΊΙ§,“ςθs,Ό“ο”g’¬‚U’–Ϊ,2023[sanitize]01[sanitize]28,13,“ΉHγ,‚»‚Μ‘Ό,{ω‚Ή‚Έ,‚ ‚θ
ή“,Τγ‚Λ‚η‚Ά,“ςθ“μ,Ό“ο”g,282022,•ΊΙ§,“ςθs,““ο”g’¬‚R’–Ϊ,2023[sanitize]10[sanitize]20,22,‚SK‚ΔΘγ‹¤“―Z‘ξ,’“Τi—Φjκ,{ω‚Ή‚Έ,‚ ‚θ
ή“,Τγ‚Λ‚η‚Ά,“ςθ“μ,Ό“ο”g,282022,•ΊΙ§,“ςθs,““ο”g’¬‚R’–Ϊ,2023[sanitize]10[sanitize]29,07,“ΉHγ,‚»‚Μ‘Ό,{ω‚Ή‚Έ,‚ ‚θ
ή“,Τγ‚Λ‚η‚Ά,“ςθ“μ,Ό“ο”g,282022,•ΊΙ§,“ςθs,““ο”g’¬‚R’–Ϊ,2023[sanitize]11[sanitize]07,13,“ΉHγ,‚»‚Μ‘Ό,{ω‚Ή‚Έ,‚Θ‚µ
ή“,Τγ‚Λ‚η‚Ά,“ςθ“,ƒ‚ƒXƒƒ“‹΄,282022,•ΊΙ§,“ςθs,Λƒm“ΰ’¬‚Q’–Ϊ,2023[sanitize]09[sanitize]16,14,“ΉHγ,‚»‚Μ‘Ό,{ω‚Ή‚Έ,‚ ‚θ
ή“,Τγ‚Λ‚η‚Ά,“ςθ“,ƒ‚ƒXƒƒ“‹΄,282022,•ΊΙ§,“ςθs,Λƒm“ΰ’¬‚S’–Ϊ,2023[sanitize]02[sanitize]13,17,‚SK‚ΔΘγ‹¤“―Z‘ξ,’“Τi—Φjκ,{ω‚µ‚½,‚Θ‚µ
ή“,Τγ‚Λ‚η‚Ά,“ςθ“,ƒ‚ƒXƒƒ“‹΄,282022,•ΊΙ§,“ςθs,Λƒm“ΰ’¬‚S’–Ϊ,2023[sanitize]09[sanitize]23,20,‚»‚Μ‘Ό,‚»‚Μ‘Ό,{ω‚Ή‚Έ,‚Θ‚µ
ή“,Τγ‚Λ‚η‚Ά,“ςθ“,γβ•”,282022,•ΊΙ§,“ςθs,γβ•”‚P’–Ϊ,2023[sanitize]11[sanitize]30,04,‚SK‚ΔΘγ‹¤“―Z‘ξ,‚»‚Μ‘Ό,{ω‚Ή‚Έ,‚ ‚θ
ή“,Τγ‚Λ‚η‚Ά,“ςθ“,γβ•”,282022,•ΊΙ§,“ςθs,Ά‹{‚Q’–Ϊ,2023[sanitize]01[sanitize]29,16,’“Τi—Φjκ,’“Τi—Φjκ,{ω‚µ‚½,‚Θ‚µ
ή“,Τγ‚Λ‚η‚Ά,“ςθ“,γβ•”,282022,•ΊΙ§,“ςθs,Ά‹{‚Q’–Ϊ,2023[sanitize]01[sanitize]29,19,’“Τi—Φjκ,’“Τi—Φjκ,{ω‚µ‚½,‚Θ‚µ
ή“,Τγ‚Λ‚η‚Ά,“ςθ“,γβ•”,282022,•ΊΙ§,“ςθs,¬’†“‡‚R’–Ϊ,2023[sanitize]08[sanitize]29,11,“ΉHγ,‚»‚Μ‘Ό,{ω‚Ή‚Έ,‚ ‚θ
ή“,Τγ‚Λ‚η‚Ά,“ςθ“,γβ•”,282022,•ΊΙ§,“ςθs,α‰¤›‚P’–Ϊ,2023[sanitize]09[sanitize]03,18,‚SK‚ΔΘγ‹¤“―Z‘ξ,’“Τi—Φjκ,{ω‚Ή‚Έ,‚Θ‚µ
ή“,Τγ‚Λ‚η‚Ά,“ςθ“,γβ•”,282022,•ΊΙ§,“ςθs,α‰¤›‚Q’–Ϊ,2023[sanitize]02[sanitize]12,11,“ΉHγ,‚»‚Μ‘Ό,{ω‚Ή‚Έ,‚ ‚θ
ή“,Τγ‚Λ‚η‚Ά,“ςθ“,γβ•”,282022,•ΊΙ§,“ςθs,α‰¤›‚Q’–Ϊ,2023[sanitize]02[sanitize]13,21,’“Τi—Φjκ,’“Τi—Φjκ,{ω‚µ‚½,‚Θ‚µ
ή“,Τγ‚Λ‚η‚Ά,“ςθ“,γβ•”,282022,•ΊΙ§,“ςθs,“’Λϋ’¬‚P’–Ϊ,2023[sanitize]03[sanitize]11,00,κΛZ‘ξ,‚»‚Μ‘Ό,{ω‚Ή‚Έ,‚ ‚θ
ή“,Τγ‚Λ‚η‚Ά,“ςθ“,γβ•”,282022,•ΊΙ§,“ςθs,“’Λϋ’¬‚P’–Ϊ,2023[sanitize]04[sanitize]01,10,“ΉHγ,‚»‚Μ‘Ό,{ω‚Ή‚Έ,‚Θ‚µ
ή“,Τγ‚Λ‚η‚Ά,“ςθ“,γβ•”,282022,•ΊΙ§,“ςθs,“’Λϋ’¬‚P’–Ϊ,2023[sanitize]04[sanitize]04,08,κΛZ‘ξ,’“Τi—Φjκ,{ω‚Ή‚Έ,‚ ‚θ
ή“,Τγ‚Λ‚η‚Ά,“ςθ“,‰Ίβ•”,282022,•ΊΙ§,“ςθs,‹vX’m‚Q’–Ϊ,2023[sanitize]08[sanitize]28,03,‚»‚Μ‘Ό,’“Τi—Φjκ,{ω‚Ή‚Έ,‚ ‚θ
ή“,Τγ‚Λ‚η‚Ά,“ςθ“,‰Ίβ•”,282022,•ΊΙ§,“ςθs,‰Ίβ•”‚P’–Ϊ,2023[sanitize]02[sanitize]12,17,’“Τi—Φjκ,’“Τi—Φjκ,{ω‚µ‚½,‚Θ‚µ
ή“,Τγ‚Λ‚η‚Ά,“ςθ“,‰Ίβ•”,282022,•ΊΙ§,“ςθs,‰Ίβ•”‚P’–Ϊ,2023[sanitize]02[sanitize]12,22,’“Τi—Φjκ,’“Τi—Φjκ,{ω‚µ‚½,‚Θ‚µ
ή“,Τγ‚Λ‚η‚Ά,“ςθ“,‰Ίβ•”,282022,•ΊΙ§,“ςθs,‰Ίβ•”‚R’–Ϊ,2023[sanitize]02[sanitize]12,16,’“Τi—Φjκ,’“Τi—Φjκ,{ω‚µ‚½,‚Θ‚µ
ή“,Τγ‚Λ‚η‚Ά,“ςθ“,‰Ίβ•”,282022,•ΊΙ§,“ςθs,‰Ίβ•”‚R’–Ϊ,2023[sanitize]05[sanitize]16,15,‚»‚Μ‘Ό,’“Τi—Φjκ,{ω‚Ή‚Έ,‚ ‚θ
ή“,Τγ‚Λ‚η‚Ά,“ςθ“,‰Ίβ•”,282022,•ΊΙ§,“ςθs,‰Ίβ•”‚S’–Ϊ,2022[sanitize]12[sanitize]01,•s–Ύ,‚»‚Μ‘Ό,’“Τi—Φjκ,{ω‚Ή‚Έ,‚Θ‚µ
ή“,Τγ‚Λ‚η‚Ά,“ςθ“,‰Ίβ•”,282022,•ΊΙ§,“ςθs,–Ό_’¬‚R’–Ϊ,2023[sanitize]02[sanitize]10,20,’“Τi—Φjκ,’“Τi—Φjκ,{ω‚µ‚½,‚ ‚θ
ή“,Τγ‚Λ‚η‚Ά,“ςθ“,‰€“c‰w‘O,282022,•ΊΙ§,“ςθs,“‰€“c’¬‚P’–Ϊ,2023[sanitize]02[sanitize]02,17,‚»‚Μ‘Ό,‚»‚Μ‘Ό,{ω‚Ή‚Έ,‚ ‚θ
ή“,Τγ‚Λ‚η‚Ά,“ςθ“,‰€“c‰w‘O,282022,•ΊΙ§,“ςθs,“‰€“c’¬‚S’–Ϊ,2023[sanitize]09[sanitize]12,21,‚»‚Μ‘Ό,’“Τi—Φjκ,{ω‚Ή‚Έ,‚ ‚θ
ή“,Τγ‚Λ‚η‚Ά,“ςθ“,‰€“c‰w‘O,282022,•ΊΙ§,“ςθs,“‰€“c’¬‚T’–Ϊ,2023[sanitize]09[sanitize]14,18,’“Τi—Φjκ,’“Τi—Φjκ,{ω‚µ‚½,‚Θ‚µ
ή“,Τγ‚Λ‚η‚Ά,“ςθ“,‰€“c‰w‘O,282022,•ΊΙ§,“ςθs,“‰€“c’¬‚T’–Ϊ,2023[sanitize]12[sanitize]28,09,‚»‚Μ‘Ό‚ΜZ‘ξi‚RK‚ΔΘ‰Ί‹¤“―Z‘ξ“™j,’“Τi—Φjκ,{ω‚Ή‚Έ,‚Θ‚µ
ή“,Τγ‚Λ‚η‚Ά,“ςθ“,‰€“c‰w‘O,282022,•ΊΙ§,“ςθs,“‰€“c’¬‚U’–Ϊ,2023[sanitize]10[sanitize]05,11,“ΉHγ,‚»‚Μ‘Ό,{ω‚Ή‚Έ,‚ ‚θ
ή“,Τγ‚Λ‚η‚Ά,“ςθ“,‰€“c‰w‘O,282022,•ΊΙ§,“ςθs,“‰€“c’¬‚W’–Ϊ,2023[sanitize]10[sanitize]28,13,‚SK‚ΔΘγ‹¤“―Z‘ξ,’“Τi—Φjκ,{ω‚Ή‚Έ,‚ ‚θ
ή“,Τγ‚Λ‚η‚Ά,“ςθ“,‰€“c‰w‘O,282022,•ΊΙ§,“ςθs,“‰€“c’¬‚X’–Ϊ,2023[sanitize]02[sanitize]14,11,‚»‚Μ‘Ό‚ΜZ‘ξi‚RK‚ΔΘ‰Ί‹¤“―Z‘ξ“™j,’“Τi—Φjκ,{ω‚µ‚½,‚Θ‚µ
ή“,Τγ‚Λ‚η‚Ά,“ςθ“,‰€“c‰w‘O,282022,•ΊΙ§,“ςθs,“‰€“c’¬‚X’–Ϊ,2023[sanitize]10[sanitize]02,09,‚»‚Μ‘Ό,’“Τi—Φjκ,{ω‚µ‚½,‚Θ‚µ
ή“,Τγ‚Λ‚η‚Ά,“ςθ“,“ςθ‰w‘O,282022,•ΊΙ§,“ςθs,’·F“’Κ‚P’–Ϊ,2023[sanitize]02[sanitize]11,07,“ΉHγ,‚»‚Μ‘Ό,{ω‚Ή‚Έ,‚ ‚θ
ή“,Τγ‚Λ‚η‚Ά,“ςθ“,νυ›,282022,•ΊΙ§,“ςθs,΅•‚P’–Ϊ,2023[sanitize]02[sanitize]06,17,‚SK‚ΔΘγ‹¤“―Z‘ξ,’“Τi—Φjκ,{ω‚µ‚½,‚Θ‚µ
ή“,Τγ‚Λ‚η‚Ά,“ςθ“,νυ›,282022,•ΊΙ§,“ςθs,΅•‚P’–Ϊ,2023[sanitize]02[sanitize]06,19,‚SK‚ΔΘγ‹¤“―Z‘ξ,’“Τi—Φjκ,{ω‚µ‚½,‚Θ‚µ
ή“,Τγ‚Λ‚η‚Ά,“ςθ“,νυ›,282022,•ΊΙ§,“ςθs,΅•‚P’–Ϊ,2023[sanitize]02[sanitize]06,21,’“Τi—Φjκ,’“Τi—Φjκ,{ω‚µ‚½,‚Θ‚µ
ή“,Τγ‚Λ‚η‚Ά,“ςθ“,νυ›,282022,•ΊΙ§,“ςθs,νυ›‚Q’–Ϊ,2023[sanitize]02[sanitize]06,18,‚SK‚ΔΘγ‹¤“―Z‘ξ,’“Τi—Φjκ,{ω‚µ‚½,‚Θ‚µ
ή“,Τγ‚Λ‚η‚Ά,“ςθ“,νυ›,282022,•ΊΙ§,“ςθs,νυ›‚Q’–Ϊ,2023[sanitize]02[sanitize]06,20,‚SK‚ΔΘγ‹¤“―Z‘ξ,’“Τi—Φjκ,{ω‚µ‚½,‚Θ‚µ
ή“,Τγ‚Λ‚η‚Ά,“ςθ“,νυ›,282022,•ΊΙ§,“ςθs,νυ›‚S’–Ϊ,2023[sanitize]01[sanitize]29,17,’“Τi—Φjκ,’“Τi—Φjκ,{ω‚µ‚½,‚Θ‚µ
ή“,Τγ‚Λ‚η‚Ά,“ςθ“,νυ›,282022,•ΊΙ§,“ςθs,’·F“’Κ‚Q’–Ϊ,2023[sanitize]03[sanitize]24,14,‚»‚Μ‘Ό,‚»‚Μ‘Ό,{ω‚Ή‚Έ,‚ ‚θ
ή“,Τγ‚Λ‚η‚Ά,“ςθ“,νυ›,282022,•ΊΙ§,“ςθs,Y£›“‡‚P’–Ϊ,2023[sanitize]04[sanitize]13,08,“ΉHγ,‚»‚Μ‘Ό,{ω‚Ή‚Έ,‚ ‚θ
ή“,Τγ‚Λ‚η‚Ά,“ςθ“,Y£,282022,•ΊΙ§,“ςθs,Y£–kV’¬‚R’–Ϊ,2023[sanitize]02[sanitize]14,22,’“Τi—Φjκ,’“Τi—Φjκ,{ω‚µ‚½,‚Θ‚µ
ή“,Τγ‚Λ‚η‚Ά,“ςθ“,Y£,282022,•ΊΙ§,“ςθs,Y£–kV’¬‚S’–Ϊ,2023[sanitize]07[sanitize]03,09,‚»‚Μ‘Ό,‚»‚Μ‘Ό,{ω‚Ή‚Έ,‚ ‚θ
ή“,Τγ‚Λ‚η‚Ά,“ςθ“,Y£,282022,•ΊΙ§,“ςθs,Y£–{’¬‚P’–Ϊ,2023[sanitize]11[sanitize]01,15,‚»‚Μ‘Ό,‚»‚Μ‘Ό,{ω‚Ή‚Έ,‚ ‚θ
ή“,Τγ‚Λ‚η‚Ά,“ςθ“,Y£,282022,•ΊΙ§,“ςθs,Y£“μV’¬‚Q’–Ϊ,2023[sanitize]06[sanitize]05,08,‚»‚Μ‘Ό,‚»‚Μ‘Ό,{ω‚Ή‚Έ,‚ ‚θ
ή“,Τγ‚Λ‚η‚Ά,“ςθ“,’ª],282022,•ΊΙ§,“ςθs,’ª]‚P’–Ϊ,2023[sanitize]02[sanitize]02,19,‚»‚Μ‘Ό,’“Τi—Φjκ,{ω‚Ή‚Έ,‚Θ‚µ
ή“,Τγ‚Λ‚η‚Ά,“ςθ“,’ª],282022,•ΊΙ§,“ςθs,’ª]‚P’–Ϊ,2023[sanitize]02[sanitize]06,08,“ΉHγ,‚»‚Μ‘Ό,{ω‚Ή‚Έ,‚Θ‚µ
ή“,Τγ‚Λ‚η‚Ά,“ςθ“,’ª],282022,•ΊΙ§,“ςθs,’ª]‚P’–Ϊ,2023[sanitize]03[sanitize]05,19,“ΉHγ,‚»‚Μ‘Ό,{ω‚Ή‚Έ,‚ ‚θ
ή“,Τγ‚Λ‚η‚Ά,“ςθ“,’ª],282022,•ΊΙ§,“ςθs,’ª]‚P’–Ϊ,2023[sanitize]04[sanitize]19,10,“ΉHγ,‚»‚Μ‘Ό,{ω‚Ή‚Έ,‚Θ‚µ
ή“,Τγ‚Λ‚η‚Ά,“ςθ“,’ª],282022,•ΊΙ§,“ςθs,’ª]‚P’–Ϊ,2023[sanitize]04[sanitize]22,09,‚»‚Μ‘Ό,’“Τi—Φjκ,{ω‚Ή‚Έ,‚Θ‚µ
ή“,Τγ‚Λ‚η‚Ά,“ςθ“,’ª],282022,•ΊΙ§,“ςθs,’ª]‚P’–Ϊ,2023[sanitize]04[sanitize]27,08,‚»‚Μ‘Ό,‚»‚Μ‘Ό,{ω‚Ή‚Έ,‚Θ‚µ
ή“,Τγ‚Λ‚η‚Ά,“ςθ“,’ª],282022,•ΊΙ§,“ςθs,’ª]‚P’–Ϊ,2023[sanitize]04[sanitize]30,08,κΛZ‘ξ,’“Τi—Φjκ,{ω‚Ή‚Έ,‚Θ‚µ
ή“,Τγ‚Λ‚η‚Ά,“ςθ“,’ª],282022,•ΊΙ§,“ςθs,’ª]‚P’–Ϊ,2023[sanitize]07[sanitize]25,10,“ΉHγ,‚»‚Μ‘Ό,{ω‚Ή‚Έ,‚ ‚θ
ή“,Τγ‚Λ‚η‚Ά,“ςθ“,’ª],282022,•ΊΙ§,“ςθs,’ª]‚P’–Ϊ,2023[sanitize]10[sanitize]19,18,’“Τi—Φjκ,’“Τi—Φjκ,{ω‚µ‚½,‚Θ‚µ
ή“,Τγ‚Λ‚η‚Ά,“ςθ“,’ª],282022,•ΊΙ§,“ςθs,’ª]‚P’–Ϊ,2023[sanitize]10[sanitize]19,21,’“Τi—Φjκ,’“Τi—Φjκ,{ω‚Ή‚Έ,‚Θ‚µ
ή“,Τγ‚Λ‚η‚Ά,“ςθ“,’ª],282022,•ΊΙ§,“ςθs,’ª]‚P’–Ϊ,2023[sanitize]10[sanitize]21,10,“ΉHγ,‚»‚Μ‘Ό,{ω‚Ή‚Έ,‚ ‚θ
ή“,Τγ‚Λ‚η‚Ά,“ςθ“,’ª],282022,•ΊΙ§,“ςθs,’ª]‚P’–Ϊ,2023[sanitize]11[sanitize]18,13,‚SK‚ΔΘγ‹¤“―Z‘ξ,’“Τi—Φjκ,{ω‚Ή‚Έ,‚Θ‚µ
ή“,Τγ‚Λ‚η‚Ά,“ςθ“,’ª],282022,•ΊΙ§,“ςθs,’ª]‚Q’–Ϊ,2023[sanitize]03[sanitize]05,18,“ΉHγ,‚»‚Μ‘Ό,{ω‚µ‚½,‚Θ‚µ
ή“,Τγ‚Λ‚η‚Ά,“ςθ“,’ª],282022,•ΊΙ§,“ςθs,’ª]‚R’–Ϊ,2023[sanitize]02[sanitize]12,17,’“Τi—Φjκ,’“Τi—Φjκ,{ω‚µ‚½,‚Θ‚µ
ή“,Τγ‚Λ‚η‚Ά,“ςθ“,’ª],282022,•ΊΙ§,“ςθs,’ª]‚R’–Ϊ,2023[sanitize]10[sanitize]02,18,‚»‚Μ‘Ό,‚»‚Μ‘Ό,{ω‚Ή‚Έ,‚Θ‚µ
ή“,Τγ‚Λ‚η‚Ά,“ςθ“,’ª],282022,•ΊΙ§,“ςθs,’ª]‚T’–Ϊ,2023[sanitize]02[sanitize]27,09,“ΉHγ,‚»‚Μ‘Ό,{ω‚Ή‚Έ,‚Θ‚µ
ή“,Τγ‚Λ‚η‚Ά,“ςθ“,’ª],282022,•ΊΙ§,“ςθs,‰®‚Q’–Ϊ,2023[sanitize]02[sanitize]10,18,’“Τi—Φjκ,’“Τi—Φjκ,{ω‚µ‚½,‚Θ‚µ
ή“,Τγ‚Λ‚η‚Ά,“ςθ“,’ª],282022,•ΊΙ§,“ςθs,•l‚Q’–Ϊ,2023[sanitize]01[sanitize]25,18,’“Τi—Φjκ,’“Τi—Φjκ,{ω‚µ‚½,‚Θ‚µ
ή“,Τγ‚Λ‚η‚Ά,“ςθ“,’ª],282022,•ΊΙ§,“ςθs,•l‚Q’–Ϊ,2023[sanitize]02[sanitize]12,21,‚»‚Μ‘Ό‚ΜZ‘ξi‚RK‚ΔΘ‰Ί‹¤“―Z‘ξ“™j,’“Τi—Φjκ,{ω‚µ‚½,‚Θ‚µ
ή“,Τγ‚Λ‚η‚Ά,“ςθ“,’ª],282022,•ΊΙ§,“ςθs,•l‚R’–Ϊ,2023[sanitize]04[sanitize]29,09,‚»‚Μ‘Ό,‚»‚Μ‘Ό,{ω‚Ή‚Έ,‚ ‚θ
ή“,Τγ‚Λ‚η‚Ά,“ςθ“,_θ,282022,•ΊΙ§,“ςθs,_θ’¬,2023[sanitize]01[sanitize]27,07,’“Τi—Φjκ,’“Τi—Φjκ,{ω‚µ‚½,‚Θ‚µ
ή“,Τγ‚Λ‚η‚Ά,“ςθ“,_θ,282022,•ΊΙ§,“ςθs,_θ’¬,2023[sanitize]04[sanitize]02,07,κΛZ‘ξ,‚»‚Μ‘Ό,{ω‚Ή‚Έ,‚Θ‚µ
ή“,Τγ‚Λ‚η‚Ά,“ςθ“,_θ,282022,•ΊΙ§,“ςθs,_θ’¬,2023[sanitize]07[sanitize]10,23,‚»‚Μ‘Ό‚ΜZ‘ξi‚RK‚ΔΘ‰Ί‹¤“―Z‘ξ“™j,’“Τi—Φjκ,{ω‚Ή‚Έ,‚ ‚θ
ή“,Τγ‚Λ‚η‚Ά,“ςθ“,_θ,282022,•ΊΙ§,“ςθs,‰®‚R’–Ϊ,2023[sanitize]03[sanitize]18,18,’“Τi—Φjκ,’“Τi—Φjκ,{ω‚Ή‚Έ,‚Θ‚µ
ή“,Τγ‚Λ‚η‚Ά,“ςθ“,_θ,282022,•ΊΙ§,“ςθs,‰®‚R’–Ϊ,2023[sanitize]05[sanitize]25,18,‚»‚Μ‘Ό,’“Τi—Φjκ,{ω‚Ή‚Έ,‚Θ‚µ
ή“,Τγ‚Λ‚η‚Ά,“ςθ“,_θ,282022,•ΊΙ§,“ςθs,‰®‚R’–Ϊ,2023[sanitize]06[sanitize]24,03,κΛZ‘ξ,’“Τi—Φjκ,{ω‚Ή‚Έ,‚Θ‚µ
ή“,Τγ‚Λ‚η‚Ά,“ςθ“,_θ,282022,•ΊΙ§,“ςθs,‰®‚R’–Ϊ,2023[sanitize]07[sanitize]25,16,‚»‚Μ‘Ό,’“Τi—Φjκ,{ω‚Ή‚Έ,‚ ‚θ
ή“,Τγ‚Λ‚η‚Ά,“ςθ“,_θ,282022,•ΊΙ§,“ςθs,‰®‚R’–Ϊ,2023[sanitize]10[sanitize]05,09,‚»‚Μ‘Ό,’“Τi—Φjκ,{ω‚Ή‚Έ,‚ ‚θ
ή“,Τγ‚Λ‚η‚Ά,“ςθ“,_θ,282022,•ΊΙ§,“ςθs,Όμ‚P’–Ϊ,2023[sanitize]03[sanitize]26,17,‚»‚Μ‘Ό,’“Τi—Φjκ,{ω‚µ‚½,‚Θ‚µ
ή“,Τγ‚Λ‚η‚Ά,“ςθ“,_θ,282022,•ΊΙ§,“ςθs,Όμ‚Q’–Ϊ,2023[sanitize]06[sanitize]14,08,‚»‚Μ‘Ό,‚»‚Μ‘Ό,{ω‚Ή‚Έ,‚Θ‚µ
ή“,Τγ‚Λ‚η‚Ά,“ςθ“,ξμ‹΄,282022,•ΊΙ§,“ςθs,Y£–kV’¬‚S’–Ϊ,2023[sanitize]05[sanitize]19,15,‚»‚Μ‘Ό,’“Τi—Φjκ,{ω‚Ή‚Έ,‚ ‚θ
ή“,Τγ‚Λ‚η‚Ά,“ςθ“,ξμ‹΄,282022,•ΊΙ§,“ςθs,’·F’†’Κ‚R’–Ϊ,2023[sanitize]01[sanitize]16,19,κΛZ‘ξ,’“Τi—Φjκ,{ω‚Ή‚Έ,‚Θ‚µ
ή“,Τγ‚Λ‚η‚Ά,“ςθ“,ξμ‹΄,282022,•ΊΙ§,“ςθs,’·F“’Κ‚R’–Ϊ,2023[sanitize]08[sanitize]28,04,‚»‚Μ‘Ό‚ΜZ‘ξi‚RK‚ΔΘ‰Ί‹¤“―Z‘ξ“™j,‚»‚Μ‘Ό,{ω‚Ή‚Έ,‚ ‚θ
ή“,Τγ‚Λ‚η‚Ά,“ςθ“,‹£”nκ‘O,282022,•ΊΙ§,“ςθs,’Ε“°‚P’–Ϊ,2023[sanitize]11[sanitize]12,18,’“Τi—Φjκ,’“Τi—Φjκ,{ω‚Ή‚Έ,‚Θ‚µ
ή“,Τγ‚Λ‚η‚Ά,“ςθ“,‹£”nκ‘O,282022,•ΊΙ§,“ςθs,’Ε“°‚P’–Ϊ,2023[sanitize]11[sanitize]12,20,’“Τi—Φjκ,’“Τi—Φjκ,{ω‚µ‚½,‚Θ‚µ
ή“,Τγ‚Λ‚η‚Ά,“ςθ“,‹£”nκ‘O,282022,•ΊΙ§,“ςθs,“c”\‚P’–Ϊ,2023[sanitize]06[sanitize]19,16,‚»‚Μ‘Ό,‚»‚Μ‘Ό,{ω‚Ή‚Έ,‚ ‚θ
ή“,Τγ‚Λ‚η‚Ά,“ςθ“,‹£”nκ‘O,282022,•ΊΙ§,“ςθs,“c”\‚P’–Ϊ,2023[sanitize]12[sanitize]09,16,’“Τi—Φjκ,’“Τi—Φjκ,{ω‚µ‚½,‚Θ‚µ
ή“,Τγ‚Λ‚η‚Ά,“ςθ“,‹£”nκ‘O,282022,•ΊΙ§,“ςθs,“c”\‚Q’–Ϊ,2023[sanitize]10[sanitize]05,11,’“Τi—Φjκ,’“Τi—Φjκ,{ω‚Ή‚Έ,‚Θ‚µ
ή“,Τγ‚Λ‚η‚Ά,“ςθ“,‹£”nκ‘O,282022,•ΊΙ§,“ςθs,“c”\‚R’–Ϊ,2023[sanitize]01[sanitize]29,20,’“Τi—Φjκ,’“Τi—Φjκ,{ω‚µ‚½,‚ ‚θ
ή“,Τγ‚Λ‚η‚Ά,“ςθ“,‹£”nκ‘O,282022,•ΊΙ§,“ςθs,“c”\‚S’–Ϊ,2023[sanitize]02[sanitize]02,20,’“Τi—Φjκ,’“Τi—Φjκ,{ω‚µ‚½,‚Θ‚µ
ή“,Τγ‚Λ‚η‚Ά,“ςθ“,‹£”nκ‘O,282022,•ΊΙ§,“ςθs,“‰€“c’¬‚Q’–Ϊ,2023[sanitize]04[sanitize]20,21,‚»‚Μ‘Ό,’“Τi—Φjκ,{ω‚µ‚½,‚ ‚θ
ή“,Τγ‚Λ‚η‚Ά,“ςθ“,‹£”nκ‘O,282022,•ΊΙ§,“ςθs,“‰€“c’¬‚R’–Ϊ,2023[sanitize]12[sanitize]20,16,‚»‚Μ‘Ό,‚»‚Μ‘Ό,{ω‚Ή‚Έ,‚Θ‚µ
ή“,Τγ‚Λ‚η‚Ά,“ςθ“,Ό’·F,282022,•ΊΙ§,“ςθs,Ό’·F’¬‚P’–Ϊ,2023[sanitize]08[sanitize]28,06,‚»‚Μ‘Ό,’“Τi—Φjκ,{ω‚Ή‚Έ,‚ ‚θ
ή“,Τγ‚Λ‚η‚Ά,“ςθ“,’·F,282022,•ΊΙ§,“ςθs,‹ΰy›’¬‚Q’–Ϊ,2023[sanitize]11[sanitize]18,16,‚»‚Μ‘Ό,‚»‚Μ‘Ό,{ω‚Ή‚Έ,‚Θ‚µ
ή“,Τγ‚Λ‚η‚Ά,“ςθ“,H–,282022,•ΊΙ§,“ςθs,’––Ό›‚P’–Ϊ,2023[sanitize]08[sanitize]05,09,‚»‚Μ‘Ό‚ΜZ‘ξi‚RK‚ΔΘ‰Ί‹¤“―Z‘ξ“™j,‚»‚Μ‘Ό,{ω‚Ή‚Έ,‚ ‚θ
ή“,Τγ‚Λ‚η‚Ά,“ςθ“,H–,282022,•ΊΙ§,“ςθs,’––Ό›‚Q’–Ϊ,2022[sanitize]06[sanitize]01,•s–Ύ,’“Τi—Φjκ,’“Τi—Φjκ,{ω‚Ή‚Έ,‚Θ‚µ
ή“,Τγ‚Λ‚η‚Ά,“ςθ“,H–,282022,•ΊΙ§,“ςθs,’––Ό›‚Q’–Ϊ,2023[sanitize]05[sanitize]18,21,’“Τi—Φjκ,’“Τi—Φjκ,{ω‚µ‚½,‚Θ‚µ
ή“,Τγ‚Λ‚η‚Ά,“ςθ“,H–,282022,•ΊΙ§,“ςθs,ϋ“c’†‚P’–Ϊ,2023[sanitize]02[sanitize]13,18,’“Τi—Φjκ,’“Τi—Φjκ,{ω‚µ‚½,‚Θ‚µ
ή“,Τγ‚Λ‚η‚Ά,“ςθ“,H–,282022,•ΊΙ§,“ςθs,ϋ“c’†‚P’–Ϊ,2023[sanitize]11[sanitize]27,08,“ΉHγ,‚»‚Μ‘Ό,{ω‚Ή‚Έ,‚ ‚θ
ή“,Τγ‚Λ‚η‚Ά,“ςθ“,H–,282022,•ΊΙ§,“ςθs,ϋ“c’†‚P’–Ϊ,2023[sanitize]12[sanitize]04,19,‚»‚Μ‘Ό‚ΜZ‘ξi‚RK‚ΔΘ‰Ί‹¤“―Z‘ξ“™j,’“Τi—Φjκ,{ω‚Ή‚Έ,‚ ‚θ
ή“,Τγ‚Λ‚η‚Ά,“ςθ“,H–,282022,•ΊΙ§,“ςθs,δ‰€‚P’–Ϊ,2023[sanitize]02[sanitize]02,19,’“Τi—Φjκ,’“Τi—Φjκ,{ω‚µ‚½,‚Θ‚µ
ή“,Τγ‚Λ‚η‚Ά,“ςθ“,H–,282022,•ΊΙ§,“ςθs,δ‰€‚P’–Ϊ,2023[sanitize]03[sanitize]06,11,“ΉHγ,‚»‚Μ‘Ό,{ω‚µ‚½,‚ ‚θ
ή“,Τγ‚Λ‚η‚Ά,“ςθ“,H–,282022,•ΊΙ§,“ςθs,δ‰€‚Q’–Ϊ,2023[sanitize]09[sanitize]08,18,‚SK‚ΔΘγ‹¤“―Z‘ξ,‚»‚Μ‘Ό,{ω‚Ή‚Έ,‚ ‚θ
ή“,Τγ‚Λ‚η‚Ά,“ςθ“,H–,282022,•ΊΙ§,“ςθs,“μ΄…,2023[sanitize]02[sanitize]01,19,’“Τi—Φjκ,’“Τi—Φjκ,{ω‚µ‚½,‚Θ‚µ
ή“,Τγ‚Λ‚η‚Ά,“ςθ“,H–,282022,•ΊΙ§,“ςθs,“μ΄…,2023[sanitize]02[sanitize]02,20,’“Τi—Φjκ,’“Τi—Φjκ,{ω‚µ‚½,‚Θ‚µ
ή“,Τγ‚Λ‚η‚Ά,“ςθ“,H–,282022,•ΊΙ§,“ςθs,“μ΄…,2023[sanitize]02[sanitize]02,20,’“Τi—Φjκ,’“Τi—Φjκ,{ω‚µ‚½,‚Θ‚µ
ή“,Τγ‚Λ‚η‚Ά,“ςθ“,H–,282022,•ΊΙ§,“ςθs,“μ΄…,2023[sanitize]02[sanitize]02,23,’“Τi—Φjκ,’“Τi—Φjκ,{ω‚µ‚½,‚Θ‚µ
ή“,Τγ‚Λ‚η‚Ά,“ςθ“,H–,282022,•ΊΙ§,“ςθs,“μ΄…,2023[sanitize]03[sanitize]08,07,‚»‚Μ‘Ό,’“Τi—Φjκ,{ω‚Ή‚Έ,‚ ‚θ
ή“,Τγ‚Λ‚η‚Ά,“ςθ“,H–,282022,•ΊΙ§,“ςθs,H–‚P’–Ϊ,2023[sanitize]05[sanitize]15,15,‚SK‚ΔΘγ‹¤“―Z‘ξ,‚»‚Μ‘Ό,{ω‚Ή‚Έ,‚Θ‚µ
ή“,Τγ‚Λ‚η‚Ά,“ςθ“,H–,282022,•ΊΙ§,“ςθs,H–‚R’–Ϊ,2023[sanitize]01[sanitize]28,19,’“Τi—Φjκ,’“Τi—Φjκ,{ω‚µ‚½,‚Θ‚µ
ή“,Τγ‚Λ‚η‚Ά,“ςθ“,H–,282022,•ΊΙ§,“ςθs,H–‚R’–Ϊ,2023[sanitize]01[sanitize]29,13,’“Τi—Φjκ,’“Τi—Φjκ,{ω‚µ‚½,‚Θ‚µ
ή“,Τγ‚Λ‚η‚Ά,“ςθ“,H–,282022,•ΊΙ§,“ςθs,H–‚R’–Ϊ,2023[sanitize]02[sanitize]02,19,’“Τi—Φjκ,’“Τi—Φjκ,{ω‚µ‚½,‚Θ‚µ
ή“,Τγ‚Λ‚η‚Ά,“ςθ“,H–,282022,•ΊΙ§,“ςθs,H–‚T’–Ϊ,2023[sanitize]01[sanitize]28,18,’“Τi—Φjκ,’“Τi—Φjκ,{ω‚µ‚½,‚Θ‚µ
ή“,Τγ‚Λ‚η‚Ά,“ςθ“,H–,282022,•ΊΙ§,“ςθs,H–‚T’–Ϊ,2023[sanitize]01[sanitize]29,18,‚SK‚ΔΘγ‹¤“―Z‘ξ,’“Τi—Φjκ,{ω‚µ‚½,‚Θ‚µ
ή“,Τγ‚Λ‚η‚Ά,“ςθ“,H–,282022,•ΊΙ§,“ςθs,H–‚T’–Ϊ,2023[sanitize]02[sanitize]14,17,‚SK‚ΔΘγ‹¤“―Z‘ξ,’“Τi—Φjκ,{ω‚µ‚½,‚Θ‚µ
ή“,Τγ‚Λ‚η‚Ά,“ςθ“,H–,282022,•ΊΙ§,“ςθs,H–‚T’–Ϊ,2023[sanitize]03[sanitize]28,13,“ΉHγ,‚»‚Μ‘Ό,{ω‚Ή‚Έ,‚Θ‚µ
ή“,Τγ‚Λ‚η‚Ά,“ςθ“,H–,282022,•ΊΙ§,“ςθs,H–‚T’–Ϊ,2023[sanitize]06[sanitize]20,10,κΛZ‘ξ,’“Τi—Φjκ,{ω‚Ή‚Έ,‚Θ‚µ
ή“,Τγ‚Λ‚η‚Ά,“ςθ“,H–,282022,•ΊΙ§,“ςθs,H–‚V’–Ϊ,2023[sanitize]01[sanitize]29,21,‚»‚Μ‘Ό,’“Τi—Φjκ,{ω‚µ‚½,‚Θ‚µ
ή“,Τγ‚Λ‚η‚Ά,“ςθ“,H–,282022,•ΊΙ§,“ςθs,H–‚V’–Ϊ,2023[sanitize]09[sanitize]14,17,κΛZ‘ξ,’“Τi—Φjκ,{ω‚µ‚½,‚ ‚θ
ή“,Τγ‚Λ‚η‚Ά,“ςθ–k,“μ•Ι”V‘‘,282022,•ΊΙ§,“ςθs,…“°’¬‚S’–Ϊ,2023[sanitize]08[sanitize]28,21,‚SK‚ΔΘγ‹¤“―Z‘ξ,’“Τi—Φjκ,{ω‚Ή‚Έ,‚Θ‚µ
ή“,Τγ‚Λ‚η‚Ά,“ςθ–k,“μ•Ι”V‘‘,282022,•ΊΙ§,“ςθs,“μ•Ι”V‘‘‚S’–Ϊ,2023[sanitize]04[sanitize]24,10,“ΉHγ,‚»‚Μ‘Ό,{ω‚Ή‚Έ,‚ ‚θ
ή“,Τγ‚Λ‚η‚Ά,“ςθ–k,“μ•Ι”V‘‘,282022,•ΊΙ§,“ςθs,“μ•Ι”V‘‘‚S’–Ϊ,2023[sanitize]06[sanitize]18,15,‚SK‚ΔΘγ‹¤“―Z‘ξ,’“Τi—Φjκ,{ω‚Ή‚Έ,‚ ‚θ
ή“,Τγ‚Λ‚η‚Ά,“ςθ–k,“μ•Ι”V‘‘,282022,•ΊΙ§,“ςθs,“μ•Ι”V‘‘‚S’–Ϊ,2023[sanitize]06[sanitize]25,01,‚»‚Μ‘Ό,‚»‚Μ‘Ό,{ω‚Ή‚Έ,‚ ‚θ
ή“,Τγ‚Λ‚η‚Ά,“ςθ–k,“μ•Ι”V‘‘,282022,•ΊΙ§,“ςθs,“μ•Ι”V‘‘‚U’–Ϊ,2023[sanitize]11[sanitize]01,16,‚»‚Μ‘Ό,‚»‚Μ‘Ό,{ω‚Ή‚Έ,‚ ‚θ
ή“,Τγ‚Λ‚η‚Ά,“ςθ–k,“μ•Ι”V‘‘,282022,•ΊΙ§,“ςθs,“μ•Ι”V‘‘‚V’–Ϊ,2023[sanitize]03[sanitize]13,17,‚»‚Μ‘Ό,‚»‚Μ‘Ό,{ω‚Ή‚Έ,‚ ‚θ
ή“,Τγ‚Λ‚η‚Ά,“ςθ–k,“μ•Ι”V‘‘,282022,•ΊΙ§,“ςθs,“μ•Ι”V‘‘‚V’–Ϊ,2023[sanitize]07[sanitize]08,18,‚»‚Μ‘Ό,‚»‚Μ‘Ό,{ω‚Ή‚Έ,‚Θ‚µ
ή“,Τγ‚Λ‚η‚Ά,“ςθ–k,“μ•Ι”V‘‘,282022,•ΊΙ§,“ςθs,“μ•Ι”V‘‘‚V’–Ϊ,2023[sanitize]07[sanitize]18,15,‚»‚Μ‘Ό,‚»‚Μ‘Ό,{ω‚Ή‚Έ,‚Θ‚µ
ή“,Τγ‚Λ‚η‚Ά,“ςθ–k,“μ•Ι”V‘‘,282022,•ΊΙ§,“ςθs,“μ•Ι”V‘‘‚V’–Ϊ,2023[sanitize]09[sanitize]30,16,‚»‚Μ‘Ό,‚»‚Μ‘Ό,{ω‚Ή‚Έ,‚ ‚θ
ή“,Τγ‚Λ‚η‚Ά,“ςθ–k,“μ•Ι”V‘‘,282022,•ΊΙ§,“ςθs,“μ•Ι”V‘‘‚W’–Ϊ,2023[sanitize]05[sanitize]28,22,‚SK‚ΔΘγ‹¤“―Z‘ξ,’“Τi—Φjκ,{ω‚Ή‚Έ,‚Θ‚µ
ή“,Τγ‚Λ‚η‚Ά,“ςθ–k,“μ•Ι”V‘‘,282022,•ΊΙ§,“ςθs,“μ•Ι”V‘‘‚W’–Ϊ,2023[sanitize]09[sanitize]21,21,’“Τi—Φjκ,’“Τi—Φjκ,{ω‚µ‚½,‚Θ‚µ
ή“,Τγ‚Λ‚η‚Ά,“ςθ–k,“μ•Ι”V‘‘,282022,•ΊΙ§,“ςθs,“μ•Ι”V‘‘‚P‚O’–Ϊ,2023[sanitize]02[sanitize]09,19,‚SK‚ΔΘγ‹¤“―Z‘ξ,’“Τi—Φjκ,{ω‚µ‚½,‚Θ‚µ
ή“,Τγ‚Λ‚η‚Ά,“ςθ–k,“μ•Ι”V‘‘,282022,•ΊΙ§,“ςθs,“μ•Ι”V‘‘‚P‚P’–Ϊ,2023[sanitize]02[sanitize]06,18,‚SK‚ΔΘγ‹¤“―Z‘ξ,’“Τi—Φjκ,{ω‚Ή‚Έ,‚Θ‚µ
ή“,Τγ‚Λ‚η‚Ά,“ςθ–k,“μ•Ι”V‘‘,282022,•ΊΙ§,“ςθs,“μ•Ι”V‘‘‚P‚P’–Ϊ,2023[sanitize]03[sanitize]03,21,‚»‚Μ‘Ό,’“Τi—Φjκ,{ω‚µ‚½,‚ ‚θ
ή“,Τγ‚Λ‚η‚Ά,“ςθ–k,’Λϋ–k,282022,•ΊΙ§,“ςθs,•xΌ’¬‚Q’–Ϊ,2023[sanitize]03[sanitize]28,11,“ΉHγ,‚»‚Μ‘Ό,{ω‚Ή‚Έ,‚ ‚θ
ή“,Τγ‚Λ‚η‚Ά,“ςθ–k,’Λϋ“,282022,•ΊΙ§,“ςθs,’Λϋ–{’¬‚Q’–Ϊ,2023[sanitize]02[sanitize]25,19,’“Τi—Φjκ,’“Τi—Φjκ,{ω‚Ή‚Έ,‚ ‚θ
ή“,Τγ‚Λ‚η‚Ά,“ςθ–k,’Λϋ“,282022,•ΊΙ§,“ςθs,’Λϋ–{’¬‚S’–Ϊ,2023[sanitize]01[sanitize]22,14,‚»‚Μ‘Ό,’“Τi—Φjκ,{ω‚Ή‚Έ,‚Θ‚µ
ή“,Τγ‚Λ‚η‚Ά,“ςθ–k,’ΛϋΌ,282022,•ΊΙ§,“ςθs,’Λϋ’¬‚P’–Ϊ,2023[sanitize]03[sanitize]29,19,“ΉHγ,‚»‚Μ‘Ό,{ω‚Ή‚Έ,‚ ‚θ
ή“,Τγ‚Λ‚η‚Ά,“ςθ–k,’ΛϋΌ,282022,•ΊΙ§,“ςθs,’Λϋ’¬‚R’–Ϊ,2023[sanitize]02[sanitize]20,09,“ΉHγ,‚»‚Μ‘Ό,{ω‚Ή‚Έ,‚ ‚θ
ή“,Τγ‚Λ‚η‚Ά,“ςθ–k,’ΛϋΌ,282022,•ΊΙ§,“ςθs,’Λϋ’¬‚R’–Ϊ,2023[sanitize]12[sanitize]15,10,“ΉHγ,‚»‚Μ‘Ό,{ω‚Ή‚Έ,‚ ‚θ
ή“,Τγ‚Λ‚η‚Ά,“ςθ–k,”φ•l,282022,•ΊΙ§,“ςθs,”φ•l’¬‚P’–Ϊ,2023[sanitize]03[sanitize]21,20,‚»‚Μ‘Ό,’“Τi—Φjκ,{ω‚µ‚½,‚ ‚θ
ή“,Τγ‚Λ‚η‚Ά,“ςθ–k,•Ι”V‘‘,282022,•ΊΙ§,“ςθs,“μ•Ι”V‘‘‚P’–Ϊ,2023[sanitize]09[sanitize]25,11,‚»‚Μ‘Ό,’“Τi—Φjκ,{ω‚Ή‚Έ,‚Θ‚µ
ή“,Τγ‚Λ‚η‚Ά,“ςθ–k,•Ι”V‘‘,282022,•ΊΙ§,“ςθs,•Ι”V‘‘‚P’–Ϊ,2023[sanitize]01[sanitize]28,13,‚SK‚ΔΘγ‹¤“―Z‘ξ,’“Τi—Φjκ,{ω‚µ‚½,‚ ‚θ
ή“,Τγ‚Λ‚η‚Ά,“ςθ–k,•Ι”V‘‘,282022,•ΊΙ§,“ςθs,•Ι”V‘‘‚P’–Ϊ,2023[sanitize]12[sanitize]08,00,“ΉHγ,‚»‚Μ‘Ό,{ω‚Ή‚Έ,‚Θ‚µ
ή“,Τγ‚Λ‚η‚Ά,“ςθ–k,•Ι”V‘‘,282022,•ΊΙ§,“ςθs,•Ι”V‘‘‚Q’–Ϊ,2023[sanitize]08[sanitize]25,21,“ΉHγ,‚»‚Μ‘Ό,{ω‚Ή‚Έ,‚ ‚θ
ή“,Τγ‚Λ‚η‚Ά,“ςθ–k,•Ι”V‘‘,282022,•ΊΙ§,“ςθs,•Ι”V‘‘‚Q’–Ϊ,2023[sanitize]10[sanitize]17,08,“ΉHγ,‚»‚Μ‘Ό,{ω‚Ή‚Έ,‚Θ‚µ
ή“,Τγ‚Λ‚η‚Ά,“ςθ–k,•Ι”V‘‘,282022,•ΊΙ§,“ςθs,•Ι”V‘‘‚R’–Ϊ,2023[sanitize]08[sanitize]19,22,‚SK‚ΔΘγ‹¤“―Z‘ξ,’“Τi—Φjκ,{ω‚Ή‚Έ,‚ ‚θ
ή“,Τγ‚Λ‚η‚Ά,“ςθ–k,•Ι”V‘‘,282022,•ΊΙ§,“ςθs,•Ι”V‘‘‚S’–Ϊ,2023[sanitize]02[sanitize]01,20,“ΉHγ,‚»‚Μ‘Ό,{ω‚µ‚½,‚ ‚θ
ή“,Τγ‚Λ‚η‚Ά,“ςθ–k,•Ι”V‘‘,282022,•ΊΙ§,“ςθs,•Ι”V‘‘‚S’–Ϊ,2023[sanitize]12[sanitize]16,20,κΛZ‘ξ,’“Τi—Φjκ,{ω‚µ‚½,‚Θ‚µ
ή“,Τγ‚Λ‚η‚Ά,“ςθ–k,•Ι”V‘‘,282022,•ΊΙ§,“ςθs,•Ι”V‘‘‚U’–Ϊ,2023[sanitize]09[sanitize]21,19,κΛZ‘ξ,’“Τi—Φjκ,{ω‚µ‚½,‚Θ‚µ
ή“,Τγ‚Λ‚η‚Ά,“ςθ–k,•Ι”V‘‘,282022,•ΊΙ§,“ςθs,•Ι”V‘‘‚V’–Ϊ,2023[sanitize]08[sanitize]30,09,κΛZ‘ξ,‚»‚Μ‘Ό,{ω‚Ή‚Έ,‚ ‚θ
ή“,Τγ‚Λ‚η‚Ά,“ςθ–k,¶“‡,282022,•ΊΙ§,“ςθs,‘εΌ’¬‚P’–Ϊ,2023[sanitize]12[sanitize]29,19,’“Τi—Φjκ,’“Τi—Φjκ,{ω‚Ή‚Έ,‚Θ‚µ
ή“,Τγ‚Λ‚η‚Ά,“ςθ–k,¶“‡,282022,•ΊΙ§,“ςθs,“μ’Λϋ’¬‚V’–Ϊ,2023[sanitize]02[sanitize]16,21,‚»‚Μ‘Ό,’“Τi—Φjκ,{ω‚µ‚½,‚ ‚θ
ή“,Τγ‚Λ‚η‚Ά,“ςθ–k,¶“‡,282022,•ΊΙ§,“ςθs,“μ•Ι”V‘‘‚Q’–Ϊ,2023[sanitize]01[sanitize]18,10,“ΉHγ,‚»‚Μ‘Ό,{ω‚Ή‚Έ,‚ ‚θ
ή“,Τγ‚Λ‚η‚Ά,“ςθ–k,¶“‡,282022,•ΊΙ§,“ςθs,“μ•Ι”V‘‘‚Q’–Ϊ,2023[sanitize]07[sanitize]17,07,‚»‚Μ‘Ό,‚»‚Μ‘Ό,{ω‚Ή‚Έ,‚Θ‚µ
ή“,Τγ‚Λ‚η‚Ά,“ςθ–k,¶“‡,282022,•ΊΙ§,“ςθs,γƒm“‡’¬‚Q’–Ϊ,2023[sanitize]08[sanitize]06,13,“ΉHγ,‚»‚Μ‘Ό,{ω‚Ή‚Έ,‚Θ‚µ
ή“,Τγ‚Λ‚η‚Ά,“ςθ–k,¶“‡,282022,•ΊΙ§,“ςθs,γƒm“‡’¬‚R’–Ϊ,2023[sanitize]07[sanitize]01,14,κΛZ‘ξ,’“Τi—Φjκ,{ω‚Ή‚Έ,‚ ‚θ
ή“,Τγ‚Λ‚η‚Ά,“ςθ–k,¶“‡,282022,•ΊΙ§,“ςθs,IR’¬‚P’–Ϊ,2023[sanitize]12[sanitize]08,22,‚SK‚ΔΘγ‹¤“―Z‘ξ,’“Τi—Φjκ,{ω‚µ‚½,‚ ‚θ
ή“,Τγ‚Λ‚η‚Ά,“ςθ–k,—§‰Τ‰w‘O,282022,•ΊΙ§,“ςθs,O”½“c’¬‚R’–Ϊ,2023[sanitize]02[sanitize]03,17,‚»‚Μ‘Ό,’“Τi—Φjκ,{ω‚Ή‚Έ,‚ ‚θ
ή“,Τγ‚Λ‚η‚Ά,“ςθ–k,—§‰Τ‰w‘O,282022,•ΊΙ§,“ςθs,O”½“c’¬‚R’–Ϊ,2023[sanitize]04[sanitize]01,12,“ΉHγ,‚»‚Μ‘Ό,{ω‚Ή‚Έ,‚ ‚θ
ή“,Τγ‚Λ‚η‚Ά,“ςθ–k,—§‰Τ‰w‘O,282022,•ΊΙ§,“ςθs,—§‰Τ’¬‚P’–Ϊ,2023[sanitize]02[sanitize]01,00,‚SK‚ΔΘγ‹¤“―Z‘ξ,’“Τi—Φjκ,{ω‚Ή‚Έ,‚Θ‚µ
ή“,Τγ‚Λ‚η‚Ά,“ςθ–k,—§‰Τ‰w‘O,282022,•ΊΙ§,“ςθs,—§‰Τ’¬‚P’–Ϊ,2023[sanitize]04[sanitize]18,08,‚»‚Μ‘Ό,’“Τi—Φjκ,{ω‚Ή‚Έ,‚Θ‚µ
ή“,Τγ‚Λ‚η‚Ά,“ςθ–k,—§‰Τ‰w‘O,282022,•ΊΙ§,“ςθs,—§‰Τ’¬‚P’–Ϊ,2023[sanitize]04[sanitize]22,21,“ΉHγ,‚»‚Μ‘Ό,{ω‚µ‚½,‚ ‚θ
ή“,Τγ‚Λ‚η‚Ά,“ςθ–k,—§‰Τ‰w‘O,282022,•ΊΙ§,“ςθs,—§‰Τ’¬‚P’–Ϊ,2023[sanitize]09[sanitize]29,19,“ΉHγ,‚»‚Μ‘Ό,{ω‚Ή‚Έ,‚ ‚θ
ή“,Τγ‚Λ‚η‚Ά,“ςθ–k,—§‰Τ‰w‘O,282022,•ΊΙ§,“ςθs,—§‰Τ’¬‚S’–Ϊ,2023[sanitize]02[sanitize]20,10,“ΉHγ,‚»‚Μ‘Ό,{ω‚Ή‚Έ,‚ ‚θ
ή“,Τγ‚Λ‚η‚Ά,“ςθ–k,—§‰Τ‰w‘O,282022,•ΊΙ§,“ςθs,—§‰Τ’¬‚S’–Ϊ,2023[sanitize]08[sanitize]21,07,“ΉHγ,‚»‚Μ‘Ό,{ω‚Ή‚Έ,‚Θ‚µ
ή“,Τγ‚Λ‚η‚Ά,“ςθ–k,—§‰Τ‰w‘O,282022,•ΊΙ§,“ςθs,—§‰Τ’¬‚S’–Ϊ,2023[sanitize]10[sanitize]13,23,“ΉHγ,‚»‚Μ‘Ό,{ω‚Ή‚Έ,‚ ‚θ
ή“,Τγ‚Λ‚η‚Ά,“ςθ–k,—§‰Τ‰w‘O,282022,•ΊΙ§,“ςθs,…“°’¬‚P’–Ϊ,2023[sanitize]09[sanitize]29,12,“ΉHγ,‚»‚Μ‘Ό,{ω‚Ή‚Έ,‚ ‚θ
ή“,Τγ‚Λ‚η‚Ά,“ςθ–k,—§‰Τ‰w‘O,282022,•ΊΙ§,“ςθs,…“°’¬‚Q’–Ϊ,2023[sanitize]03[sanitize]25,16,“ΉHγ,‚»‚Μ‘Ό,{ω‚Ή‚Έ,‚ ‚θ
ή“,Τγ‚Λ‚η‚Ά,“ςθ–k,—§‰Τ‰w‘O,282022,•ΊΙ§,“ςθs,…“°’¬‚Q’–Ϊ,2023[sanitize]07[sanitize]10,09,‚»‚Μ‘Ό‚ΜZ‘ξi‚RK‚ΔΘ‰Ί‹¤“―Z‘ξ“™j,’“Τi—Φjκ,{ω‚µ‚½,‚Θ‚µ
ή“,Τγ‚Λ‚η‚Ά,“ςθ–k,—§‰Τ‰w‘O,282022,•ΊΙ§,“ςθs,…“°’¬‚R’–Ϊ,2023[sanitize]06[sanitize]12,08,‚»‚Μ‘Ό‚ΜZ‘ξi‚RK‚ΔΘ‰Ί‹¤“―Z‘ξ“™j,’“Τi—Φjκ,{ω‚Ή‚Έ,‚ ‚θ
ή“,Τγ‚Λ‚η‚Ά,“ςθ–k,—§‰Τ‰w‘O,282022,•ΊΙ§,“ςθs,…“°’¬‚R’–Ϊ,2023[sanitize]06[sanitize]24,14,‚»‚Μ‘Ό,‚»‚Μ‘Ό,{ω‚Ή‚Έ,‚ ‚θ
ή“,Τγ‚Λ‚η‚Ά,“ςθ–k,—§‰Τ‰w‘O,282022,•ΊΙ§,“ςθs,…“°’¬‚R’–Ϊ,2023[sanitize]10[sanitize]03,04,‚»‚Μ‘Ό,‚»‚Μ‘Ό,{ω‚Ή‚Έ,‚ ‚θ
ή“,Τγ‚Λ‚η‚Ά,“ςθ–k,—§‰Τ‰w‘O,282022,•ΊΙ§,“ςθs,…“°’¬‚R’–Ϊ,2023[sanitize]11[sanitize]25,13,‚»‚Μ‘Ό,‚»‚Μ‘Ό,{ω‚Ή‚Έ,‚Θ‚µ
ή“,Τγ‚Λ‚η‚Ά,“ςθ–k,—§‰Τ‰w‘O,282022,•ΊΙ§,“ςθs,“μ•Ι”V‘‘‚R’–Ϊ,2023[sanitize]03[sanitize]15,16,‚»‚Μ‘Ό,‚»‚Μ‘Ό,{ω‚Ή‚Έ,‚ ‚θ
ή“,Τγ‚Λ‚η‚Ά,“ςθ–k,—§‰Τ‰w‘O,282022,•ΊΙ§,“ςθs,“μ•Ι”V‘‘‚R’–Ϊ,2023[sanitize]03[sanitize]15,17,‚»‚Μ‘Ό,‚»‚Μ‘Ό,{ω‚Ή‚Έ,‚ ‚θ
ή“,Τγ‚Λ‚η‚Ά,“ςθ–k,—§‰Τ‰w‘O,282022,•ΊΙ§,“ςθs,“μ•Ι”V‘‘‚R’–Ϊ,2023[sanitize]06[sanitize]29,18,‚»‚Μ‘Ό,‚»‚Μ‘Ό,{ω‚Ή‚Έ,‚ ‚θ
ή“,Τγ‚Λ‚η‚Ά,“ςθ–k,—§‰Τ‰w‘O,282022,•ΊΙ§,“ςθs,“μ•Ι”V‘‘‚R’–Ϊ,2023[sanitize]11[sanitize]30,21,“ΉHγ,‚»‚Μ‘Ό,{ω‚Ή‚Έ,‚ ‚θ
ή“,Τγ‚Λ‚η‚Ά,“ςθ–k,Ό©—z,282022,•ΊΙ§,“ςθs,Ό©—z‚Q’–Ϊ,2023[sanitize]01[sanitize]22,15,‚»‚Μ‘Ό,‚»‚Μ‘Ό,{ω‚Ή‚Έ,‚ ‚θ
ή“,Τγ‚Λ‚η‚Ά,“ςθ–k,Ό©—z,282022,•ΊΙ§,“ςθs,Ό©—z‚R’–Ϊ,2023[sanitize]10[sanitize]03,16,‚SK‚ΔΘγ‹¤“―Z‘ξ,’“Τi—Φjκ,{ω‚µ‚½,‚Θ‚µ
ή“,Τγ‚Λ‚η‚Ά,“ςθ–k,Ό©—z,282022,•ΊΙ§,“ςθs,•Ι”V‘‘‚W’–Ϊ,2023[sanitize]01[sanitize]31,09,“ΉHγ,‚»‚Μ‘Ό,{ω‚Ή‚Έ,‚ ‚θ
ή“,Τγ‚Λ‚η‚Ά,“ςθ–k,Ό•Ι,282022,•ΊΙ§,“ςθs,νΌ‚P’–Ϊ,2023[sanitize]08[sanitize]13,20,‚SK‚ΔΘγ‹¤“―Z‘ξ,’“Τi—Φjκ,{ω‚µ‚½,‚Θ‚µ
ή“,Τγ‚Λ‚η‚Ά,“ςθ–k,Ό•Ι,282022,•ΊΙ§,“ςθs,νΌ‚P’–Ϊ,2023[sanitize]09[sanitize]09,23,‚SK‚ΔΘγ‹¤“―Z‘ξ,’“Τi—Φjκ,{ω‚Ή‚Έ,‚ ‚θ
ή“,Τγ‚Λ‚η‚Ά,“ςθ–k,Ό•Ι,282022,•ΊΙ§,“ςθs,νΌ‚P’–Ϊ,2023[sanitize]11[sanitize]15,18,’“Τi—Φjκ,’“Τi—Φjκ,{ω‚µ‚½,‚Θ‚µ
ή“,Τγ‚Λ‚η‚Ά,“ςθ–k,Ό•Ι,282022,•ΊΙ§,“ςθs,ν‹g‚P’–Ϊ,2023[sanitize]02[sanitize]03,21,’“Τi—Φjκ,’“Τi—Φjκ,{ω‚Ή‚Έ,‚Θ‚µ
ή“,Τγ‚Λ‚η‚Ά,“ςθ–k,Ό•Ι,282022,•ΊΙ§,“ςθs,ν‹g‚P’–Ϊ,2023[sanitize]09[sanitize]22,01,’“Τi—Φjκ,’“Τi—Φjκ,{ω‚µ‚½,‚ ‚θ
ή“,Τγ‚Λ‚η‚Ά,“ςθ–k,Ό•Ι,282022,•ΊΙ§,“ςθs,•Ι’¬‚S’–Ϊ,2023[sanitize]02[sanitize]27,09,κΛZ‘ξ,’“Τi—Φjκ,{ω‚Ή‚Έ,‚ ‚θ
ή“,Τγ‚Λ‚η‚Ά,“ςθ–k,Ό•Ι,282022,•ΊΙ§,“ςθs,•Ι³’¬‚P’–Ϊ,2023[sanitize]06[sanitize]12,08,“ΉHγ,‚»‚Μ‘Ό,{ω‚Ή‚Έ,‚Θ‚µ
ή“,Τγ‚Λ‚η‚Ά,“ςθ–k,Ό•Ι,282022,•ΊΙ§,“ςθs,•Ι³’¬‚P’–Ϊ,2023[sanitize]10[sanitize]28,17,‚»‚Μ‘Ό,‚»‚Μ‘Ό,{ω‚Ή‚Έ,‚ ‚θ
ή“,Τγ‚Λ‚η‚Ά,“ςθ–k,Ό•Ι,282022,•ΊΙ§,“ςθs,•Ι³’¬‚Q’–Ϊ,2023[sanitize]03[sanitize]24,15,“ΉHγ,‚»‚Μ‘Ό,{ω‚Ή‚Έ,‚Θ‚µ
ή“,Τγ‚Λ‚η‚Ά,“ςθ–k,Ό•Ι,282022,•ΊΙ§,“ςθs,•Ι³’¬‚R’–Ϊ,2023[sanitize]06[sanitize]26,17,‚»‚Μ‘Ό,‚»‚Μ‘Ό,{ω‚Ή‚Έ,‚ ‚θ
ή“,Τγ‚Λ‚η‚Ά,“ςθ–k,Ό•Ι,282022,•ΊΙ§,“ςθs,•Ι–L’¬‚R’–Ϊ,2023[sanitize]06[sanitize]23,15,“ΉHγ,‚»‚Μ‘Ό,{ω‚Ή‚Έ,‚ ‚θ
ή“,Τγ‚Λ‚η‚Ά,“ςθ–k,γ‹}’Λϋ‰w‘O,282022,•ΊΙ§,“ςθs,’ί’¬,2023[sanitize]03[sanitize]20,16,“ΉHγ,‚»‚Μ‘Ό,{ω‚Ή‚Έ,‚ ‚θ
ή“,Τγ‚Λ‚η‚Ά,“ςθ–k,γ‹}’Λϋ‰w‘O,282022,•ΊΙ§,“ςθs,“μ’Λϋ’¬‚Q’–Ϊ,2023[sanitize]05[sanitize]19,23,“ΉHγ,‚»‚Μ‘Ό,{ω‚Ή‚Έ,‚ ‚θ
ή“,Τγ‚Λ‚η‚Ά,“ςθ–k,γ‹}’Λϋ‰w‘O,282022,•ΊΙ§,“ςθs,“μ’Λϋ’¬‚Q’–Ϊ,2023[sanitize]12[sanitize]02,11,‚»‚Μ‘Ό,’“Τi—Φjκ,{ω‚Ή‚Έ,‚ ‚θ
ή“,Τγ‚Λ‚η‚Ά,“ςθ–k,γ‹}’Λϋ‰w‘O,282022,•ΊΙ§,“ςθs,“μ’Λϋ’¬‚R’–Ϊ,2023[sanitize]06[sanitize]11,16,“ΉHγ,‚»‚Μ‘Ό,{ω‚Ή‚Έ,‚ ‚θ
ή“,Τγ‚Λ‚η‚Ά,“ςθ–k,γ‹}’Λϋ‰w‘O,282022,•ΊΙ§,“ςθs,“μ’Λϋ’¬‚S’–Ϊ,2023[sanitize]05[sanitize]29,11,‚»‚Μ‘Ό,’“Τi—Φjκ,{ω‚Ή‚Έ,‚Θ‚µ
ή“,Τγ‚Λ‚η‚Ά,“ςθ–k,γ‹}’Λϋ‰w‘O,282022,•ΊΙ§,“ςθs,“μ’Λϋ’¬‚W’–Ϊ,2023[sanitize]04[sanitize]11,22,“ΉHγ,‚»‚Μ‘Ό,{ω‚µ‚½,‚Θ‚µ
ή“,Τγ‚Λ‚η‚Ά,Ι’O,’†–μ,282073,•ΊΙ§,Ι’Os,’†–μΌ‚P’–Ϊ,2023[sanitize]09[sanitize]15,08,‚SK‚ΔΘγ‹¤“―Z‘ξ,’“Τi—Φjκ,{ω‚Ή‚Έ,‚ ‚θ
ή“,Τγ‚Λ‚η‚Ά,Ι’O,’†–μ,282073,•ΊΙ§,Ι’Os,’†–μΌ‚S’–Ϊ,2023[sanitize]12[sanitize]09,20,“ΉHγ,‚»‚Μ‘Ό,{ω‚Ή‚Έ,‚Θ‚µ
ή“,Τγ‚Λ‚η‚Ά,Ι’O,’†–μ,282073,•ΊΙ§,Ι’Os,Ό–μ‚R’–Ϊ,2023[sanitize]01[sanitize]26,17,’“Τi—Φjκ,’“Τi—Φjκ,{ω‚Ή‚Έ,‚Θ‚µ
ή“,Τγ‚Λ‚η‚Ά,Ι’O,’†–μ,282073,•ΊΙ§,Ι’Os,Ό–μ‚S’–Ϊ,2023[sanitize]10[sanitize]31,17,‚SK‚ΔΘγ‹¤“―Z‘ξ,’“Τi—Φjκ,{ω‚µ‚½,‚Θ‚µ
ή“,Τγ‚Λ‚η‚Ά,Ι’O,Ι’O‰w‘O,282073,•ΊΙ§,Ι’Os,Ι’O‚Q’–Ϊ,2023[sanitize]11[sanitize]09,18,‚»‚Μ‘Ό,‚»‚Μ‘Ό,{ω‚Ή‚Έ,‚ ‚θ
ή“,Τγ‚Λ‚η‚Ά,Ι’O,Ι’O‰w‘O,282073,•ΊΙ§,Ι’Os,–k–{’¬‚P’–Ϊ,2023[sanitize]02[sanitize]06,10,“ΉHγ,‚»‚Μ‘Ό,{ω‚Ή‚Έ,‚ ‚θ
ή“,Τγ‚Λ‚η‚Ά,Ι’O,Ι’O‰w‘O,282073,•ΊΙ§,Ι’Os,’†‰›‚R’–Ϊ,2023[sanitize]01[sanitize]13,18,‚»‚Μ‘Ό,’“Τi—Φjκ,{ω‚µ‚½,‚Θ‚µ
ή“,Τγ‚Λ‚η‚Ά,Ι’O,Ι’O‰w‘O,282073,•ΊΙ§,Ι’Os,“΅ƒm–Ψ‚P’–Ϊ,2023[sanitize]04[sanitize]03,07,‚»‚Μ‘Ό,’“Τi—Φjκ,{ω‚Ή‚Έ,‚ ‚θ
ή“,Τγ‚Λ‚η‚Ά,Ι’O,Ι’O‰w‘O,282073,•ΊΙ§,Ι’Os,“΅ƒm–Ψ‚P’–Ϊ,2023[sanitize]08[sanitize]14,16,‚»‚Μ‘Ό,’“Τi—Φjκ,{ω‚µ‚½,‚Θ‚µ
ή“,Τγ‚Λ‚η‚Ά,Ι’O,–k‘Ί,282073,•ΊΙ§,Ι’Os,’’•¨t‚S’–Ϊ,2023[sanitize]06[sanitize]21,17,‚»‚Μ‘Ό,‚»‚Μ‘Ό,{ω‚Ή‚Έ,‚Θ‚µ
ή“,Τγ‚Λ‚η‚Ά,Ι’O,–k‘Ί,282073,•ΊΙ§,Ι’Os,t“ϊ‹u‚R’–Ϊ,2023[sanitize]06[sanitize]01,20,‚SK‚ΔΘγ‹¤“―Z‘ξ,’“Τi—Φjκ,{ω‚µ‚½,‚Θ‚µ
ή“,Τγ‚Λ‚η‚Ά,Ι’O,–k‘Ί,282073,•ΊΙ§,Ι’Os,t“ϊ‹u‚U’–Ϊ,2023[sanitize]08[sanitize]26,17,κΛZ‘ξ,’“Τi—Φjκ,{ω‚Ή‚Έ,‚ ‚θ
ή“,Τγ‚Λ‚η‚Ά,Ι’O,–k‘Ί,282073,•ΊΙ§,Ι’Os,–kΙ’O‚Q’–Ϊ,2023[sanitize]03[sanitize]06,16,‚»‚Μ‘Ό,‚»‚Μ‘Ό,{ω‚Ή‚Έ,‚Θ‚µ
ή“,Τγ‚Λ‚η‚Ά,Ι’O,–k‘Ί,282073,•ΊΙ§,Ι’Os,–kΙ’O‚S’–Ϊ,2023[sanitize]06[sanitize]01,17,’“Τi—Φjκ,’“Τi—Φjκ,{ω‚µ‚½,‚Θ‚µ
ή“,Τγ‚Λ‚η‚Ά,Ι’O,–k‘Ί,282073,•ΊΙ§,Ι’Os,–kΙ’O‚S’–Ϊ,2023[sanitize]06[sanitize]01,22,‚»‚Μ‘Ό‚ΜZ‘ξi‚RK‚ΔΘ‰Ί‹¤“―Z‘ξ“™j,’“Τi—Φjκ,{ω‚µ‚½,‚ ‚θ
ή“,Τγ‚Λ‚η‚Ά,Ι’O,–k‘Ί,282073,•ΊΙ§,Ι’Os,–kΙ’O‚S’–Ϊ,2023[sanitize]08[sanitize]04,09,’“Τi—Φjκ,’“Τi—Φjκ,{ω‚Ή‚Έ,‚Θ‚µ
ή“,Τγ‚Λ‚η‚Ά,Ι’O,–k‘Ί,282073,•ΊΙ§,Ι’Os,–kΙ’O‚T’–Ϊ,2023[sanitize]06[sanitize]07,15,‚»‚Μ‘Ό,’“Τi—Φjκ,{ω‚µ‚½,‚Θ‚µ
ή“,Τγ‚Λ‚η‚Ά,Ι’O,–k‘Ί,282073,•ΊΙ§,Ι’Os,–k‰Ν΄‚Q’–Ϊ,2023[sanitize]11[sanitize]14,11,“ΉHγ,‚»‚Μ‘Ό,{ω‚Ή‚Έ,‚ ‚θ
ή“,Τγ‚Λ‚η‚Ά,Ι’O,“μ–{’¬,282073,•ΊΙ§,Ι’Os,Ι’O‚W’–Ϊ,2023[sanitize]01[sanitize]15,17,‚»‚Μ‘Ό‚ΜZ‘ξi‚RK‚ΔΘ‰Ί‹¤“―Z‘ξ“™j,’“Τi—Φjκ,{ω‚µ‚½,‚Θ‚µ
ή“,Τγ‚Λ‚η‚Ά,Ι’O,“μ–{’¬,282073,•ΊΙ§,Ι’Os,“μ’¬‚Q’–Ϊ,2023[sanitize]08[sanitize]05,08,‚»‚Μ‘Ό,’“Τi—Φjκ,{ω‚Ή‚Έ,‚ ‚θ
ή“,Τγ‚Λ‚η‚Ά,Ι’O,“μ–{’¬,282073,•ΊΙ§,Ι’Os,“μ’¬‚S’–Ϊ,2023[sanitize]01[sanitize]15,15,’“Τi—Φjκ,’“Τi—Φjκ,{ω‚µ‚½,‚Θ‚µ
ή“,Τγ‚Λ‚η‚Ά,Ι’O,VΙ’O,282073,•ΊΙ§,Ι’Os,”~ƒm–Ψ‚S’–Ϊ,2023[sanitize]06[sanitize]04,09,κΛZ‘ξ,’“Τi—Φjκ,{ω‚Ή‚Έ,‚ ‚θ
ή“,Τγ‚Λ‚η‚Ά,Ι’O,VΙ’O,282073,•ΊΙ§,Ι’Os,δθ’Λ‚U’–Ϊ,2023[sanitize]11[sanitize]10,12,“ΉHγ,‚»‚Μ‘Ό,{ω‚Ή‚Έ,‚Θ‚µ
ή“,Τγ‚Λ‚η‚Ά,Ι’O,©—z,282073,•ΊΙ§,Ι’Os,©—z‚P’–Ϊ,2023[sanitize]03[sanitize]16,13,‚»‚Μ‘Ό,‚»‚Μ‘Ό,{ω‚Ή‚Έ,‚ ‚θ
ή“,Τγ‚Λ‚η‚Ά,Ι’O,©—z,282073,•ΊΙ§,Ι’Os,©—z‚P’–Ϊ,2023[sanitize]04[sanitize]27,20,“ΉHγ,‚»‚Μ‘Ό,{ω‚Ή‚Έ,‚ ‚θ
ή“,Τγ‚Λ‚η‚Ά,Ι’O,©—z,282073,•ΊΙ§,Ι’Os,©—z‚R’–Ϊ,2023[sanitize]08[sanitize]09,01,“ΉHγ,‚»‚Μ‘Ό,{ω‚Ή‚Έ,‚ ‚θ
ή“,Τγ‚Λ‚η‚Ά,Ι’O,©—z,282073,•ΊΙ§,Ι’Os,©—z‚V’–Ϊ,2023[sanitize]07[sanitize]26,20,‚»‚Μ‘Ό,’“Τi—Φjκ,{ω‚Ή‚Έ,‚ ‚θ
ή“,Τγ‚Λ‚η‚Ά,Ι’O,©—z,282073,•ΊΙ§,Ι’Os,©—z’r‚P’–Ϊ,2023[sanitize]03[sanitize]03,18,‚»‚Μ‘Ό,’“Τi—Φjκ,{ω‚µ‚½,‚ ‚θ
ή“,Τγ‚Λ‚η‚Ά,Ι’O,©—z,282073,•ΊΙ§,Ι’Os,η‘m‚P’–Ϊ,2023[sanitize]02[sanitize]03,12,‚»‚Μ‘Ό,’“Τi—Φjκ,{ω‚Ή‚Έ,‚ ‚θ
ή“,Τγ‚Λ‚η‚Ά,Ι’O,©—z,282073,•ΊΙ§,Ι’Os,η‘m‚R’–Ϊ,2023[sanitize]02[sanitize]23,16,“ΉHγ,‚»‚Μ‘Ό,{ω‚Ή‚Έ,‚Θ‚µ
ή“,Τγ‚Λ‚η‚Ά,Ι’O,©—zƒm—Ά,282073,•ΊΙ§,Ι’Os,’rK‚P’–Ϊ,2023[sanitize]02[sanitize]07,15,‚»‚Μ‘Ό,’“Τi—Φjκ,{ω‚Ή‚Έ,‚Θ‚µ
ή“,Τγ‚Λ‚η‚Ά,Ι’O,©—zƒm—Ά,282073,•ΊΙ§,Ι’Os,’rK‚S’–Ϊ,2023[sanitize]02[sanitize]28,12,‚»‚Μ‘Ό,’“Τi—Φjκ,{ω‚Ή‚Έ,‚Θ‚µ
ή“,Τγ‚Λ‚η‚Ά,Ι’O,©—zƒm—Ά,282073,•ΊΙ§,Ι’Os,’rK‚S’–Ϊ,2023[sanitize]07[sanitize]20,11,‚»‚Μ‘Ό,’“Τi—Φjκ,{ω‚Ή‚Έ,‚Θ‚µ
ή“,Τγ‚Λ‚η‚Ά,Ι’O,©—zƒm—Ά,282073,•ΊΙ§,Ι’Os,’rK‚S’–Ϊ,2023[sanitize]08[sanitize]06,11,‚»‚Μ‘Ό,’“Τi—Φjκ,{ω‚Ή‚Έ,‚Θ‚µ
ή“,Τγ‚Λ‚η‚Ά,Ι’O,©—zƒm—Ά,282073,•ΊΙ§,Ι’Os,’rK‚U’–Ϊ,2023[sanitize]01[sanitize]27,16,“ΉHγ,‚»‚Μ‘Ό,{ω‚Ή‚Έ,‚ ‚θ
ή“,Τγ‚Λ‚η‚Ά,Ι’O,©—zƒm—Ά,282073,•ΊΙ§,Ι’Os,›–{‚Q’–Ϊ,2023[sanitize]01[sanitize]07,19,’“Τi—Φjκ,’“Τi—Φjκ,{ω‚Ή‚Έ,‚Θ‚µ
ή“,Τγ‚Λ‚η‚Ά,Ι’O,©—zƒm—Ά,282073,•ΊΙ§,Ι’Os,›–{‚S’–Ϊ,2023[sanitize]05[sanitize]14,18,‚SK‚ΔΘγ‹¤“―Z‘ξ,’“Τi—Φjκ,{ω‚Ή‚Έ,‚ ‚θ
ή“,Τγ‚Λ‚η‚Ά,Ι’O,©—zƒm—Ά,282073,•ΊΙ§,Ι’Os,R“c‚R’–Ϊ,2023[sanitize]08[sanitize]31,12,‚»‚Μ‘Ό,’“Τi—Φjκ,{ω‚Ή‚Έ,‚Θ‚µ
ή“,Τγ‚Λ‚η‚Ά,Ι’O,©—zƒm—Ά,282073,•ΊΙ§,Ι’Os,R“c‚R’–Ϊ,2023[sanitize]09[sanitize]28,20,‚»‚Μ‘Ό,’“Τi—Φjκ,{ω‚µ‚½,‚Θ‚µ
ή“,Τγ‚Λ‚η‚Ά,Ι’O,_’Γ,282073,•ΊΙ§,Ι’Os,X–{‚V’–Ϊ,2023[sanitize]04[sanitize]22,20,‚»‚Μ‘Ό,’“Τi—Φjκ,{ω‚µ‚½,‚ ‚θ
ή“,Τγ‚Λ‚η‚Ά,Ι’O,ξ–μ,282073,•ΊΙ§,Ι’Os,ξ–μ’¬‚S’–Ϊ,2023[sanitize]12[sanitize]15,08,‚SK‚ΔΘγ‹¤“―Z‘ξ,’“Τi—Φjκ,{ω‚Ή‚Έ,‚ ‚θ
ή“,Τγ‚Λ‚η‚Ά,Ι’O,ξ–μ,282073,•ΊΙ§,Ι’Os,δθ’Λ‚R’–Ϊ,2023[sanitize]01[sanitize]15,19,‚»‚Μ‘Ό‚ΜZ‘ξi‚RK‚ΔΘ‰Ί‹¤“―Z‘ξ“™j,’“Τi—Φjκ,{ω‚µ‚½,‚Θ‚µ
ή“,Τγ‚Λ‚η‚Ά,Ι’O,—Ξƒ–‹u,282073,•ΊΙ§,Ι’Os,‘ε­‚V’–Ϊ,2023[sanitize]01[sanitize]05,15,‚»‚Μ‘Ό,’“Τi—Φjκ,{ω‚Ή‚Έ,‚Θ‚µ
ή“,Τγ‚Λ‚η‚Ά,Ι’O,—Ξƒ–‹u,282073,•ΊΙ§,Ι’Os,‘ε­‚V’–Ϊ,2023[sanitize]09[sanitize]04,01,‚»‚Μ‘Ό,’“Τi—Φjκ,{ω‚µ‚½,‚ ‚θ
ή“,Τγ‚Λ‚η‚Ά,Ι’O,—Ξƒ–‹u,282073,•ΊΙ§,Ι’Os,t“ϊ‹u‚Q’–Ϊ,2023[sanitize]10[sanitize]04,20,‚SK‚ΔΘγ‹¤“―Z‘ξ,’“Τi—Φjκ,{ω‚µ‚½,‚Θ‚µ
ή“,Τγ‚Λ‚η‚Ά,Ι’O,—Ξƒ–‹u,282073,•ΊΙ§,Ι’Os,t“ϊ‹u‚S’–Ϊ,2023[sanitize]10[sanitize]04,17,κΛZ‘ξ,’“Τi—Φjκ,{ω‚µ‚½,‚Θ‚µ
ή“,Τγ‚Λ‚η‚Ά,Ι’O,—Ξƒ–‹u,282073,•ΊΙ§,Ι’Os,χƒP‹u‚T’–Ϊ,2023[sanitize]05[sanitize]02,08,“ΉHγ,‚»‚Μ‘Ό,{ω‚Ή‚Έ,‚ ‚θ
ή“,Τγ‚Λ‚η‚Ά,Ι’O,—Ξƒ–‹u,282073,•ΊΙ§,Ι’Os,χƒP‹u‚V’–Ϊ,2023[sanitize]10[sanitize]04,20,κΛZ‘ξ,’“Τi—Φjκ,{ω‚µ‚½,‚Θ‚µ
ή“,Τγ‚Λ‚η‚Ά,Ι’O,—Ξƒ–‹u,282073,•ΊΙ§,Ι’Os,“–μ‚P’–Ϊ,2023[sanitize]02[sanitize]16,18,‚»‚Μ‘Ό,’“Τi—Φjκ,{ω‚µ‚½,‚ ‚θ
ή“,Τγ‚Λ‚η‚Ά,Ι’O,r–q,282073,•ΊΙ§,Ι’Os,r–q‚P’–Ϊ,2023[sanitize]06[sanitize]08,04,‚»‚Μ‘Ό,’“Τi—Φjκ,{ω‚µ‚½,‚Θ‚µ
ή“,Τγ‚Λ‚η‚Ά,Ι’O,r–q,282073,•ΊΙ§,Ι’Os,r–q‚T’–Ϊ,2023[sanitize]05[sanitize]18,18,“ΉHγ,‚»‚Μ‘Ό,{ω‚µ‚½,‚ ‚θ
ή“,Τγ‚Λ‚η‚Ά,Ι’O,r–q,282073,•ΊΙ§,Ι’Os,r–q‚V’–Ϊ,2023[sanitize]03[sanitize]22,17,‚»‚Μ‘Ό,’“Τi—Φjκ,{ω‚Ή‚Έ,‚Θ‚µ
ή“,Τγ‚Λ‚η‚Ά,Ι’O,r–q,282073,•ΊΙ§,Ι’Os,‘ε–μ‚Q’–Ϊ,2023[sanitize]05[sanitize]30,14,“ΉHγ,‚»‚Μ‘Ό,{ω‚Ή‚Έ,‚ ‚θ
ή“,Τγ‚Λ‚η‚Ά,Ι’O,r–q,282073,•ΊΙ§,Ι’Os,‰¬–μ‚P’–Ϊ,2023[sanitize]11[sanitize]19,18,κΛZ‘ξ,’“Τi—Φjκ,{ω‚µ‚½,‚Θ‚µ
ή“,Τγ‚Λ‚η‚Ά,Ι’O,r–q,282073,•ΊΙ§,Ι’Os,‰¬–μ‚Q’–Ϊ,2023[sanitize]10[sanitize]10,12,’“Τi—Φjκ,’“Τi—Φjκ,{ω‚µ‚½,‚Θ‚µ
ή“,Τγ‚Λ‚η‚Ά,Ι’O,r–q,282073,•ΊΙ§,Ι’Os,ƒ’r‚S’–Ϊ,2023[sanitize]04[sanitize]10,18,‚»‚Μ‘Ό,’“Τi—Φjκ,{ω‚Ή‚Έ,‚Θ‚µ
ή“,Τγ‚Λ‚η‚Ά,Ι’O,r–q,282073,•ΊΙ§,Ι’Os,r–q“μ‚S’–Ϊ,2023[sanitize]06[sanitize]06,14,κΛZ‘ξ,’“Τi—Φjκ,{ω‚Ή‚Έ,‚Θ‚µ
ή“,Τγ‚Λ‚η‚Ά,Ι’O,r–q,282073,•ΊΙ§,Ι’Os,r–q“μ‚S’–Ϊ,2023[sanitize]11[sanitize]19,21,κΛZ‘ξ,’“Τi—Φjκ,{ω‚µ‚½,‚Θ‚µ
ή“,Τγ‚Λ‚η‚Ά,Ι’O,r–q,282073,•ΊΙ§,Ι’Os,‰¬–μΌ‚P’–Ϊ,2023[sanitize]10[sanitize]23,12,κΛZ‘ξ,’“Τi—Φjκ,{ω‚Ή‚Έ,‚ ‚θ
ή“,Τγ‚Λ‚η‚Ά,Ι’O,–μΤ,282073,•ΊΙ§,Ι’Os,ΐ“°›’¬‚V’–Ϊ,2023[sanitize]10[sanitize]20,15,“ΉHγ,‚»‚Μ‘Ό,{ω‚Ή‚Έ,‚ ‚θ
ή“,Τγ‚Λ‚η‚Ά,Ι’O,–μΤ,282073,•ΊΙ§,Ι’Os,–x’r‚Q’–Ϊ,2023[sanitize]10[sanitize]06,02,“ΉHγ,‚»‚Μ‘Ό,{ω‚µ‚½,‚ ‚θ
ή“,Τγ‚Λ‚η‚Ά,Ι’O,–μΤ,282073,•ΊΙ§,Ι’Os,“μ—ι΄‚R’–Ϊ,2023[sanitize]08[sanitize]28,09,“ΉHγ,‚»‚Μ‘Ό,{ω‚Ή‚Έ,‚ ‚θ
ή“,Τγ‚Λ‚η‚Ά,Ι’O,–μΤ,282073,•ΊΙ§,Ι’Os,–μΤ–k‚R’–Ϊ,2023[sanitize]01[sanitize]20,20,‚»‚Μ‘Ό,‚»‚Μ‘Ό,{ω‚Ή‚Έ,‚ ‚θ
ή“,Τγ‚Λ‚η‚Ά,Ι’O,γ‹}‰w‘O,282073,•ΊΙ§,Ι’Os,Ι’O‚P’–Ϊ,2023[sanitize]09[sanitize]01,07,‚»‚Μ‘Ό,’“Τi—Φjκ,{ω‚µ‚½,‚Θ‚µ
ή“,Τγ‚Λ‚η‚Ά,Ι’O,γ‹}‰w‘O,282073,•ΊΙ§,Ι’Os,Ι’O‚Q’–Ϊ,2023[sanitize]06[sanitize]04,18,‚»‚Μ‘Ό,‚»‚Μ‘Ό,{ω‚Ή‚Έ,‚ ‚θ
ή“,Τγ‚Λ‚η‚Ά,Ι’O,γ‹}‰w‘O,282073,•ΊΙ§,Ι’Os,’†‰›‚S’–Ϊ,2023[sanitize]03[sanitize]27,20,’“Τi—Φjκ,’“Τi—Φjκ,{ω‚Ή‚Έ,‚Θ‚µ
ή“,Τγ‚Λ‚η‚Ά,Ι’O,γ‹}‰w‘O,282073,•ΊΙ§,Ι’Os,Ό‘δ‚P’–Ϊ,2023[sanitize]06[sanitize]06,19,‚»‚Μ‘Ό,’“Τi—Φjκ,{ω‚Ή‚Έ,‚Θ‚µ
ή“,Τγ‚Λ‚η‚Ά,Ι’O,γ‹}‰w‘O,282073,•ΊΙ§,Ι’Os,Ό‘δ‚P’–Ϊ,2023[sanitize]07[sanitize]31,18,‚»‚Μ‘Ό,’“Τi—Φjκ,{ω‚µ‚½,‚Θ‚µ
ή“,Τγ‚Λ‚η‚Ά,Ι’O,γ‹}‰w‘O,282073,•ΊΙ§,Ι’Os,Ό‘δ‚R’–Ϊ,2023[sanitize]04[sanitize]02,20,‚»‚Μ‘Ό,’“Τi—Φjκ,{ω‚Ή‚Έ,‚Θ‚µ
ή“,Τγ‚Λ‚η‚Ά,Ι’O,γ‹}‰w‘O,282073,•ΊΙ§,Ι’Os,Ό–μ‚R’–Ϊ,2023[sanitize]11[sanitize]01,16,’“Τi—Φjκ,’“Τi—Φjκ,{ω‚Ή‚Έ,‚Θ‚µ
ή“,Τγ‚Λ‚η‚Ά,Ι’O,γ‹}‰w‘O,282073,•ΊΙ§,Ι’Os,‘D΄‚P’–Ϊ,2023[sanitize]09[sanitize]06,18,κΛZ‘ξ,‚»‚Μ‘Ό,{ω‚µ‚½,‚Θ‚µ
ή“,Τγ‚Λ‚η‚Ά,μΌ,’†‰›,282171,•ΊΙ§,μΌs,‰h’¬,2023[sanitize]04[sanitize]20,10,’“Τi—Φjκ,’“Τi—Φjκ,{ω‚Ή‚Έ,‚Θ‚µ
ή“,Τγ‚Λ‚η‚Ά,μΌ,’†‰›,282171,•ΊΙ§,μΌs,‰h’¬,2023[sanitize]09[sanitize]22,18,’“Τi—Φjκ,’“Τi—Φjκ,{ω‚Ή‚Έ,‚Θ‚µ
ή“,Τγ‚Λ‚η‚Ά,μΌ,’†‰›,282171,•ΊΙ§,μΌs,‰h’¬,2023[sanitize]12[sanitize]26,12,‚»‚Μ‘Ό,’“Τi—Φjκ,{ω‚µ‚½,‚Θ‚µ
ή“,Τγ‚Λ‚η‚Ά,μΌ,’†‰›,282171,•ΊΙ§,μΌs,’†‰›’¬,2023[sanitize]04[sanitize]25,07,’“Τi—Φjκ,’“Τi—Φjκ,{ω‚µ‚½,‚ ‚θ
ή“,Τγ‚Λ‚η‚Ά,μΌ,’†‰›,282171,•ΊΙ§,μΌs,’†‰›’¬,2023[sanitize]06[sanitize]01,20,’“Τi—Φjκ,’“Τi—Φjκ,{ω‚µ‚½,‚Θ‚µ
ή“,Τγ‚Λ‚η‚Ά,μΌ,’†‰›,282171,•ΊΙ§,μΌs,›”¨‚Q’–Ϊ,2023[sanitize]04[sanitize]12,20,’“Τi—Φjκ,’“Τi—Φjκ,{ω‚µ‚½,‚Θ‚µ
ή“,Τγ‚Λ‚η‚Ά,μΌ,’†‰›,282171,•ΊΙ§,μΌs,›”¨‚Q’–Ϊ,2023[sanitize]05[sanitize]16,19,’“Τi—Φjκ,’“Τi—Φjκ,{ω‚µ‚½,‚Θ‚µ
ή“,Τγ‚Λ‚η‚Ά,μΌ,’†‰›,282171,•ΊΙ§,μΌs,‰Τ‰®•~‚P’–Ϊ,2023[sanitize]05[sanitize]28,18,κΛZ‘ξ,’“Τi—Φjκ,{ω‚µ‚½,‚Θ‚µ
ή“,Τγ‚Λ‚η‚Ά,μΌ,‹v‘γ,282171,•ΊΙ§,μΌs,‹v‘γ‚P’–Ϊ,2023[sanitize]04[sanitize]18,19,’“Τi—Φjκ,’“Τi—Φjκ,{ω‚µ‚½,‚ ‚θ
ή“,Τγ‚Λ‚η‚Ά,μΌ,‹v‘γ,282171,•ΊΙ§,μΌs,‹v‘γ‚Q’–Ϊ,2023[sanitize]01[sanitize]18,18,’“Τi—Φjκ,’“Τi—Φjκ,{ω‚µ‚½,‚ ‚θ
ή“,Τγ‚Λ‚η‚Ά,μΌ,‹v‘γ,282171,•ΊΙ§,μΌs,‹v‘γ‚S’–Ϊ,2023[sanitize]02[sanitize]07,09,“ΉHγ,‚»‚Μ‘Ό,{ω‚Ή‚Έ,‚Θ‚µ
ή“,Τγ‚Λ‚η‚Ά,μΌ,‹v‘γ,282171,•ΊΙ§,μΌs,‹v‘γ‚T’–Ϊ,2023[sanitize]12[sanitize]24,14,‚»‚Μ‘Ό,’“Τi—Φjκ,{ω‚Ή‚Έ,‚Θ‚µ
ή“,Τγ‚Λ‚η‚Ά,μΌ,‹v‘γ,282171,•ΊΙ§,μΌs,‹v‘γ‚U’–Ϊ,2022[sanitize]12[sanitize]26,18,‚»‚Μ‘Ό,’“Τi—Φjκ,{ω‚Ή‚Έ,‚ ‚θ
ή“,Τγ‚Λ‚η‚Ά,μΌ,‰Α–Ξ,282171,•ΊΙ§,μΌs,‰Α–Ξ‚P’–Ϊ,2023[sanitize]10[sanitize]13,09,‚»‚Μ‘Ό,‚»‚Μ‘Ό,{ω‚Ή‚Έ,‚ ‚θ
ή“,Τγ‚Λ‚η‚Ά,μΌ,‰Α–Ξ,282171,•ΊΙ§,μΌs,‰Α–Ξ‚T’–Ϊ,2023[sanitize]08[sanitize]27,08,“ΉHγ,‚»‚Μ‘Ό,{ω‚Ή‚Έ,‚ ‚θ
ή“,Τγ‚Λ‚η‚Ά,μΌ,‰Α–Ξ,282171,•ΊΙ§,μΌs,‰hª‚Q’–Ϊ,2023[sanitize]05[sanitize]27,20,’“Τi—Φjκ,’“Τi—Φjκ,{ω‚µ‚½,‚Θ‚µ
ή“,Τγ‚Λ‚η‚Ά,μΌ,‰Α–Ξ,282171,•ΊΙ§,μΌs,‰hª‚Q’–Ϊ,2023[sanitize]05[sanitize]28,20,’“Τi—Φjκ,’“Τi—Φjκ,{ω‚Ή‚Έ,‚Θ‚µ
ή“,Τγ‚Λ‚η‚Ά,μΌ,‰Α–Ξ,282171,•ΊΙ§,μΌs,‰hª‚Q’–Ϊ,2023[sanitize]11[sanitize]13,08,’“Τi—Φjκ,’“Τi—Φjκ,{ω‚Ή‚Έ,‚Θ‚µ
ή“,Τγ‚Λ‚η‚Ά,μΌ,‰Α–Ξ,282171,•ΊΙ§,μΌs,‰hª‚Q’–Ϊ,2023[sanitize]12[sanitize]21,09,’“Τi—Φjκ,’“Τi—Φjκ,{ω‚Ή‚Έ,‚Θ‚µ
ή“,Τγ‚Λ‚η‚Ά,μΌ,‰Α–Ξ,282171,•ΊΙ§,μΌs,‰hª‚Q’–Ϊ,2023[sanitize]12[sanitize]22,17,’“Τi—Φjκ,’“Τi—Φjκ,{ω‚Ή‚Έ,‚Θ‚µ
ή“,Τγ‚Λ‚η‚Ά,μΌ,‰Α–Ξ,282171,•ΊΙ§,μΌs,‰Ί‰Α–Ξ‚Q’–Ϊ,2022[sanitize]10[sanitize]20,20,‚»‚Μ‘Ό,’“Τi—Φjκ,{ω‚Ή‚Έ,‚Θ‚µ
ή“,Τγ‚Λ‚η‚Ά,μΌ,‰Α–Ξ,282171,•ΊΙ§,μΌs,“μ‰Τ‰®•~‚P’–Ϊ,2023[sanitize]11[sanitize]15,08,“ΉHγ,‚»‚Μ‘Ό,{ω‚Ή‚Έ,‚ ‚θ
ή“,Τγ‚Λ‚η‚Ά,μΌ,‰Α–Ξ,282171,•ΊΙ§,μΌs,“μ‰Τ‰®•~‚Q’–Ϊ,2023[sanitize]05[sanitize]28,15,’“Τi—Φjκ,’“Τi—Φjκ,{ω‚µ‚½,‚Θ‚µ
ή“,Τγ‚Λ‚η‚Ά,μΌ,‰Α–Ξ,282171,•ΊΙ§,μΌs,“μ‰Τ‰®•~‚R’–Ϊ,2023[sanitize]05[sanitize]15,04,’“Τi—Φjκ,’“Τi—Φjκ,{ω‚µ‚½,‚Θ‚µ
ή“,Τγ‚Λ‚η‚Ά,μΌ,‰Α–Ξ,282171,•ΊΙ§,μΌs,“μ‰Τ‰®•~‚R’–Ϊ,2023[sanitize]06[sanitize]16,16,κΛZ‘ξ,’“Τi—Φjκ,{ω‚Ή‚Έ,‚Θ‚µ
ή“,Τγ‚Λ‚η‚Ά,μΌ,‘½“c“,282171,•ΊΙ§,μΌs,‘½“c‰@‚P’–Ϊ,2023[sanitize]08[sanitize]29,15,‚»‚Μ‘Ό,’“Τi—Φjκ,{ω‚Ή‚Έ,‚Θ‚µ
ή“,Τγ‚Λ‚η‚Ά,μΌ,‘½“cΌ,282171,•ΊΙ§,μΌs,Ό‘½“c‚Q’–Ϊ,2023[sanitize]11[sanitize]03,21,’“Τi—Φjκ,’“Τi—Φjκ,{ω‚µ‚½,‚ ‚θ
ή“,Τγ‚Λ‚η‚Ά,μΌ,‘½“cΌ,282171,•ΊΙ§,μΌs,–ξ–β‚P’–Ϊ,2023[sanitize]05[sanitize]22,19,‚SK‚ΔΘγ‹¤“―Z‘ξ,’“Τi—Φjκ,{ω‚µ‚½,‚Θ‚µ
ή“,Τγ‚Λ‚η‚Ά,μΌ,¬‰Τ,282171,•ΊΙ§,μΌs,¬‰Τ‚P’–Ϊ,2023[sanitize]04[sanitize]12,19,’“Τi—Φjκ,’“Τi—Φjκ,{ω‚µ‚½,‚Θ‚µ
ή“,Τγ‚Λ‚η‚Ά,μΌ,¬‰Τ,282171,•ΊΙ§,μΌs,¬‰Τ‚Q’–Ϊ,2023[sanitize]04[sanitize]12,17,’“Τi—Φjκ,’“Τi—Φjκ,{ω‚µ‚½,‚Θ‚µ
ή“,Τγ‚Λ‚η‚Ά,μΌ,¬‰Τ,282171,•ΊΙ§,μΌs,“μ‰Τ‰®•~‚S’–Ϊ,2023[sanitize]04[sanitize]05,11,’“Τi—Φjκ,’“Τi—Φjκ,{ω‚µ‚½,‚Θ‚µ
ή“,Τγ‚Λ‚η‚Ά,μΌ,“ϊ‚Μo,282171,•ΊΙ§,μΌs,¦‰„’¬,2023[sanitize]06[sanitize]01,19,’“Τi—Φjκ,’“Τi—Φjκ,{ω‚µ‚½,‚Θ‚µ
ή“,Τγ‚Λ‚η‚Ά,μΌ,“ϊ‚Μo,282171,•ΊΙ§,μΌs,”‹΄‚P’–Ϊ,2023[sanitize]08[sanitize]18,09,‚SK‚ΔΘγ‹¤“―Z‘ξ,’“Τi—Φjκ,{ω‚µ‚½,‚Θ‚µ
ή“,Τγ‚Λ‚η‚Ά,μΌ,“ϊ‚Μo,282171,•ΊΙ§,μΌs,‰Ξ‘Ε‚P’–Ϊ,2023[sanitize]12[sanitize]17,10,‚»‚Μ‘Ό,’“Τi—Φjκ,{ω‚Ή‚Έ,‚Θ‚µ
ή“,Τγ‚Λ‚η‚Ά,μΌ,“ϊ‚Μo,282171,•ΊΙ§,μΌs,Ϋ‚Μ“ΰ’¬,2023[sanitize]06[sanitize]18,23,‚»‚Μ‘Ό‚ΜZ‘ξi‚RK‚ΔΘ‰Ί‹¤“―Z‘ξ“™j,’“Τi—Φjκ,{ω‚Ή‚Έ,‚ ‚θ
ή“,Τγ‚Λ‚η‚Ά,μΌ,“ϊ‚Μo,282171,•ΊΙ§,μΌs,”ό‰€’¬,2022[sanitize]12[sanitize]29,13,’“Τi—Φjκ,’“Τi—Φjκ,{ω‚Ή‚Έ,‚Θ‚µ
ή“,Τγ‚Λ‚η‚Ά,μΌ,—Ξ‘δ,282171,•ΊΙ§,μΌs,—Ξ‘δ‚T’–Ϊ,2023[sanitize]10[sanitize]15,09,‚»‚Μ‘Ό,’“Τi—Φjκ,{ω‚Ή‚Έ,‚Θ‚µ
ή“,Τγ‚Λ‚η‚Ά,•σ’Λ,‚Β‚Β‚¶ƒK‹u,282146,•ΊΙ§,•σ’Λs,‰_‹u‚P’–Ϊ,2023[sanitize]04[sanitize]12,15,‚»‚Μ‘Ό‚ΜZ‘ξi‚RK‚ΔΘ‰Ί‹¤“―Z‘ξ“™j,’“Τi—Φjκ,{ω‚µ‚½,‚Θ‚µ
ή“,Τγ‚Λ‚η‚Ά,•σ’Λ,‚Β‚Β‚¶ƒK‹u,282146,•ΊΙ§,•σ’Λs,‰_‹u‚P’–Ϊ,2023[sanitize]05[sanitize]13,19,’“Τi—Φjκ,’“Τi—Φjκ,{ω‚µ‚½,‚Θ‚µ
ή“,Τγ‚Λ‚η‚Ά,•σ’Λ,‚Β‚Β‚¶ƒK‹u,282146,•ΊΙ§,•σ’Λs,‰_‹u‚Q’–Ϊ,2023[sanitize]04[sanitize]12,18,‚»‚Μ‘Ό‚ΜZ‘ξi‚RK‚ΔΘ‰Ί‹¤“―Z‘ξ“™j,’“Τi—Φjκ,{ω‚µ‚½,‚Θ‚µ
ή“,Τγ‚Λ‚η‚Ά,•σ’Λ,‚Β‚Β‚¶ƒK‹u,282146,•ΊΙ§,•σ’Λs,‰_‹u‚Q’–Ϊ,2023[sanitize]05[sanitize]03,13,’“Τi—Φjκ,’“Τi—Φjκ,{ω‚µ‚½,‚Θ‚µ
ή“,Τγ‚Λ‚η‚Ά,•σ’Λ,‚Β‚Β‚¶ƒK‹u,282146,•ΊΙ§,•σ’Λs,‰_‹u‚R’–Ϊ,2023[sanitize]05[sanitize]16,21,‚»‚Μ‘Ό,‚»‚Μ‘Ό,{ω‚µ‚½,‚Θ‚µ
ή“,Τγ‚Λ‚η‚Ά,•σ’Λ,’†R‘δ,282146,•ΊΙ§,•σ’Λs,’†‹Ψ‚Q’–Ϊ,2023[sanitize]01[sanitize]20,18,‚»‚Μ‘Ό,’“Τi—Φjκ,{ω‚µ‚½,‚ ‚θ
ή“,Τγ‚Λ‚η‚Ά,•σ’Λ,’†R‘δ,282146,•ΊΙ§,•σ’Λs,’†‹Ψ‚S’–Ϊ,2023[sanitize]02[sanitize]01,18,‚»‚Μ‘Ό,’“Τi—Φjκ,{ω‚µ‚½,‚ ‚θ
ή“,Τγ‚Λ‚η‚Ά,•σ’Λ,’†R‘δ,282146,•ΊΙ§,•σ’Λs,’†‹ΨRθ‚T’–Ϊ,2023[sanitize]05[sanitize]13,11,‚SK‚ΔΘγ‹¤“―Z‘ξ,’“Τi—Φjκ,{ω‚µ‚½,‚Θ‚µ
ή“,Τγ‚Λ‚η‚Ά,•σ’Λ,mμ,282146,•ΊΙ§,•σ’Λs,mμ–k‚Q’–Ϊ,2023[sanitize]04[sanitize]13,23,‚»‚Μ‘Ό,’“Τi—Φjκ,{ω‚µ‚½,‚Θ‚µ
ή“,Τγ‚Λ‚η‚Ά,•σ’Λ,ΐ‘q,282146,•ΊΙ§,•σ’Λs,ΐ‘qΌ‚S’–Ϊ,2023[sanitize]04[sanitize]02,13,‚»‚Μ‘Ό,’“Τi—Φjκ,{ω‚Ή‚Έ,‚ ‚θ
ή“,Τγ‚Λ‚η‚Ά,•σ’Λ,ΐ‘q,282146,•ΊΙ§,•σ’Λs,ΐ‘qΌ‚S’–Ϊ,2023[sanitize]04[sanitize]13,18,‚»‚Μ‘Ό,’“Τi—Φjκ,{ω‚Ή‚Έ,‚Θ‚µ
ή“,Τγ‚Λ‚η‚Ά,•σ’Λ,ΐ‘q,282146,•ΊΙ§,•σ’Λs,ΐ‘qΌ‚S’–Ϊ,2023[sanitize]09[sanitize]06,15,‚»‚Μ‘Ό,’“Τi—Φjκ,{ω‚Ή‚Έ,‚Θ‚µ
ή“,Τγ‚Λ‚η‚Ά,•σ’Λ,ΐ‘q,282146,•ΊΙ§,•σ’Λs,ΐ‘q“μ‚P’–Ϊ,2023[sanitize]04[sanitize]10,13,‚»‚Μ‘Ό‚ΜZ‘ξi‚RK‚ΔΘ‰Ί‹¤“―Z‘ξ“™j,‚»‚Μ‘Ό,{ω‚Ή‚Έ,‚ ‚θ
ή“,Τγ‚Λ‚η‚Ά,•σ’Λ,ΐ‘q,282146,•ΊΙ§,•σ’Λs,ΐ‘q“μ‚R’–Ϊ,2023[sanitize]02[sanitize]13,00,‚»‚Μ‘Ό,’“Τi—Φjκ,{ω‚µ‚½,‚Θ‚µ
ή“,Τγ‚Λ‚η‚Ά,•σ’Λ,ΐ‘q,282146,•ΊΙ§,•σ’Λs,ΐ‘q“μ‚S’–Ϊ,2023[sanitize]11[sanitize]19,21,’“Τi—Φjκ,’“Τi—Φjκ,{ω‚µ‚½,‚Θ‚µ
ή“,Τγ‚Λ‚η‚Ά,•σ’Λ,ΐ‘q,282146,•ΊΙ§,•σ’Λs,–ν¶’¬,2023[sanitize]10[sanitize]31,21,’“Τi—Φjκ,’“Τi—Φjκ,{ω‚µ‚½,‚Θ‚µ
ή“,Τγ‚Λ‚η‚Ά,•σ’Λ,•σ’Λ“μϋ,282146,•ΊΙ§,•σ’Λs,“μϋ‚P’–Ϊ,2023[sanitize]10[sanitize]18,09,κΛZ‘ξ,’“Τi—Φjκ,{ω‚Ή‚Έ,‚ ‚θ
ή“,Τγ‚Λ‚η‚Ά,•σ’Λ,•σ’Λ‰w‘O,282146,•ΊΙ§,•σ’Λs,‰h’¬‚R’–Ϊ,2023[sanitize]04[sanitize]15,17,’“Τi—Φjκ,’“Τi—Φjκ,{ω‚µ‚½,‚Θ‚µ
ή“,Τγ‚Λ‚η‚Ά,•σ’Λ,•σ’Λ‰w‘O,282146,•ΊΙ§,•σ’Λs,‰h’¬‚R’–Ϊ,2023[sanitize]04[sanitize]15,19,’“Τi—Φjκ,’“Τi—Φjκ,{ω‚µ‚½,‚Θ‚µ
ή“,Τγ‚Λ‚η‚Ά,•σ’Λ,•σ’Λ‰w‘O,282146,•ΊΙ§,•σ’Λs,–ν¶’¬,2023[sanitize]01[sanitize]20,18,’“Τi—Φjκ,’“Τi—Φjκ,{ω‚µ‚½,‚Θ‚µ
ή“,Τγ‚Λ‚η‚Ά,•σ’Λ,¬—Ρ,282146,•ΊΙ§,•σ’Λs,¬—Ρ‚Q’–Ϊ,2023[sanitize]03[sanitize]20,12,‚»‚Μ‘Ό,‚»‚Μ‘Ό,{ω‚Ή‚Έ,‚Θ‚µ
ή“,Τγ‚Λ‚η‚Ά,•σ’Λ,¬—Ρ,282146,•ΊΙ§,•σ’Λs,¬—Ρ‚T’–Ϊ,2023[sanitize]04[sanitize]02,11,‚»‚Μ‘Ό,’“Τi—Φjκ,{ω‚Ή‚Έ,‚ ‚θ
ή“,Τγ‚Λ‚η‚Ά,•σ’Λ,¬•l,282146,•ΊΙ§,•σ’Λs,’†‹Ψ‚W’–Ϊ,2023[sanitize]06[sanitize]07,16,’“Τi—Φjκ,’“Τi—Φjκ,{ω‚µ‚½,‚Θ‚µ
ή“,Τγ‚Λ‚η‚Ά,•σ’Λ,¬•l,282146,•ΊΙ§,•σ’Λs,’†‹Ψ‚X’–Ϊ,2023[sanitize]06[sanitize]07,20,κΛZ‘ξ,’“Τi—Φjκ,{ω‚µ‚½,‚Θ‚µ
ή“,Τγ‚Λ‚η‚Ά,•σ’Λ,¬•l,282146,•ΊΙ§,•σ’Λs,’†‹Ψ‚X’–Ϊ,2023[sanitize]06[sanitize]08,04,‚SK‚ΔΘγ‹¤“―Z‘ξ,’“Τi—Φjκ,{ω‚µ‚½,‚Θ‚µ
ή“,Τγ‚Λ‚η‚Ά,•σ’Λ,¬•l,282146,•ΊΙ§,•σ’Λs,•Δ’J‚P’–Ϊ,2023[sanitize]11[sanitize]23,19,’“Τi—Φjκ,’“Τi—Φjκ,{ω‚µ‚½,‚Θ‚µ
ή“,Τγ‚Λ‚η‚Ά,•σ’Λ,¬•l,282146,•ΊΙ§,•σ’Λs,O}’¬,2023[sanitize]02[sanitize]28,20,“ΉHγ,‚»‚Μ‘Ό,{ω‚µ‚½,‚ ‚θ
ή“,Τγ‚Λ‚η‚Ά,•σ’Λ,¬•l,282146,•ΊΙ§,•σ’Λs,”„•z“‚Μ’¬,2023[sanitize]04[sanitize]22,12,‚»‚Μ‘Ό,’“Τi—Φjκ,{ω‚Ή‚Έ,‚Θ‚µ
ή“,Τγ‚Λ‚η‚Ά,•σ’Λ,R–{,282146,•ΊΙ§,•σ’Λs,ϋ’JΌ‚R’–Ϊ,2023[sanitize]10[sanitize]09,01,’“Τi—Φjκ,’“Τi—Φjκ,{ω‚Ή‚Έ,‚Θ‚µ
ή“,Τγ‚Λ‚η‚Ά,•σ’Λ,R–{,282146,•ΊΙ§,•σ’Λs,ϋ’J“‚P’–Ϊ,2023[sanitize]05[sanitize]14,18,‚SK‚ΔΘγ‹¤“―Z‘ξ,’“Τi—Φjκ,{ω‚µ‚½,‚Θ‚µ
ή“,Τγ‚Λ‚η‚Ά,•σ’Λ,R–{,282146,•ΊΙ§,•σ’Λs,’·”φ’¬,2023[sanitize]01[sanitize]20,18,‚»‚Μ‘Ό,’“Τi—Φjκ,{ω‚µ‚½,‚ ‚θ
ή“,Τγ‚Λ‚η‚Ά,•σ’Λ,R–{,282146,•ΊΙ§,•σ’Λs,•½δ‚P’–Ϊ,2023[sanitize]05[sanitize]12,19,’“Τi—Φjκ,’“Τi—Φjκ,{ω‚Ή‚Έ,‚Θ‚µ
ή“,Τγ‚Λ‚η‚Ά,•σ’Λ,R–{,282146,•ΊΙ§,•σ’Λs,R–{Ϋ‹΄‚Q’–Ϊ,2023[sanitize]02[sanitize]28,06,‚»‚Μ‘Ό,‚»‚Μ‘Ό,{ω‚Ή‚Έ,‚ ‚θ
ή“,Τγ‚Λ‚η‚Ά,•σ’Λ,R–{,282146,•ΊΙ§,•σ’Λs,R–{Ϋ‹΄‚Q’–Ϊ,2023[sanitize]04[sanitize]22,19,‚»‚Μ‘Ό,’“Τi—Φjκ,{ω‚µ‚½,‚Θ‚µ
ή“,Τγ‚Λ‚η‚Ά,•σ’Λ,R–{,282146,•ΊΙ§,•σ’Λs,R–{Ϋ‹΄‚R’–Ϊ,2023[sanitize]05[sanitize]23,19,‚SK‚ΔΘγ‹¤“―Z‘ξ,’“Τi—Φjκ,{ω‚µ‚½,‚Θ‚µ
ή“,Τγ‚Λ‚η‚Ά,•σ’Λ,R–{,282146,•ΊΙ§,•σ’Λs,R–{Ϋ‹΄‚R’–Ϊ,2023[sanitize]06[sanitize]14,02,‚SK‚ΔΘγ‹¤“―Z‘ξ,’“Τi—Φjκ,{ω‚µ‚½,‚Θ‚µ
ή“,Τγ‚Λ‚η‚Ά,•σ’Λ,R–{,282146,•ΊΙ§,•σ’Λs,R–{“μ‚Q’–Ϊ,2023[sanitize]01[sanitize]18,18,‚»‚Μ‘Ό,’“Τi—Φjκ,{ω‚Ή‚Έ,‚Θ‚µ
ή“,Τγ‚Λ‚η‚Ά,•σ’Λ,R–{,282146,•ΊΙ§,•σ’Λs,R–{“μ‚R’–Ϊ,2023[sanitize]05[sanitize]16,18,‚»‚Μ‘Ό‚ΜZ‘ξi‚RK‚ΔΘ‰Ί‹¤“―Z‘ξ“™j,’“Τi—Φjκ,{ω‚µ‚½,‚Θ‚µ
ή“,Τγ‚Λ‚η‚Ά,•σ’Λ,R–{,282146,•ΊΙ§,•σ’Λs,R–{“μ‚R’–Ϊ,2023[sanitize]07[sanitize]25,07,’“Τi—Φjκ,’“Τi—Φjκ,{ω‚µ‚½,‚Θ‚µ
ή“,Τγ‚Λ‚η‚Ά,•σ’Λ,R–{,282146,•ΊΙ§,•σ’Λs,Rθ‘δ“‚Q’–Ϊ,2023[sanitize]05[sanitize]14,12,κΛZ‘ξ,’“Τi—Φjκ,{ω‚µ‚½,‚Θ‚µ
ή“,Τγ‚Λ‚η‚Ά,•σ’Λ,΄r_,282146,•ΊΙ§,•σ’Λs,”„•z‚Q’–Ϊ,2023[sanitize]05[sanitize]04,20,’“Τi—Φjκ,’“Τi—Φjκ,{ω‚µ‚½,‚Θ‚µ
ή“,Τγ‚Λ‚η‚Ά,•σ’Λ,‹t£μ,282146,•ΊΙ§,•σ’Λs,––L’¬,2023[sanitize]08[sanitize]24,10,‚»‚Μ‘Ό,‚»‚Μ‘Ό,{ω‚Ή‚Έ,‚ ‚θ
ή“,Τγ‚Λ‚η‚Ά,•σ’Λ,‹t£μ,282146,•ΊΙ§,•σ’Λs,––L’¬,2023[sanitize]10[sanitize]04,17,‚»‚Μ‘Ό,‚»‚Μ‘Ό,{ω‚µ‚½,‚Θ‚µ
ή“,Τγ‚Λ‚η‚Ά,•σ’Λ,‹t£μ,282146,•ΊΙ§,•σ’Λs,––L’¬,2023[sanitize]11[sanitize]08,06,‚»‚Μ‘Ό,’“Τi—Φjκ,{ω‚Ή‚Έ,‚Θ‚µ
ή“,Τγ‚Λ‚η‚Ά,ΒR,‘εR,282219,•ΊΙ§,’O”gΒRs,‘εR‰Ί,2023[sanitize]08[sanitize]11,18,’“Τi—Φjκ,’“Τi—Φjκ,{ω‚µ‚½,‚Θ‚µ
ή“,Τγ‚Λ‚η‚Ά,ΒR,•Z,282219,•ΊΙ§,’O”gΒRs,•Z,2023[sanitize]11[sanitize]20,22,’“Τi—Φjκ,’“Τi—Φjκ,{ω‚µ‚½,‚Θ‚µ
ή“,Τγ‚Λ‚η‚Ά,ΒR,ΒR,282219,•ΊΙ§,’O”gΒRs,•‰ª,2023[sanitize]07[sanitize]08,17,’“Τi—Φjκ,’“Τi—Φjκ,{ω‚Ή‚Έ,‚Θ‚µ
ή“,Τγ‚Λ‚η‚Ά,ΒR,ΒR,282219,•ΊΙ§,’O”gΒRs,•‰ª,2023[sanitize]11[sanitize]06,18,‚»‚Μ‘Ό,’“Τi—Φjκ,{ω‚Ή‚Έ,‚Θ‚µ
ή“,Τγ‚Λ‚η‚Ά,ΒR,ΒR,282219,•ΊΙ§,’O”gΒRs,βχƒP’Ψ,2023[sanitize]02[sanitize]15,07,‚»‚Μ‘Ό,’“Τi—Φjκ,{ω‚Ή‚Έ,‚Θ‚µ
ή“,Τγ‚Λ‚η‚Ά,ΒR,ΒR,282219,•ΊΙ§,’O”gΒRs,βχƒP’Ψ,2023[sanitize]03[sanitize]21,07,‚»‚Μ‘Ό,’“Τi—Φjκ,{ω‚µ‚½,‚ ‚θ
ή“,Τγ‚Λ‚η‚Ά,ΒR,ΒRϋ‰w‘O,282219,•ΊΙ§,’O”gΒRs,‘ε‘ς‚P’–Ϊ,2023[sanitize]09[sanitize]05,17,‚»‚Μ‘Ό,‚»‚Μ‘Ό,{ω‚Ή‚Έ,‚Θ‚µ
ή“,Τγ‚Λ‚η‚Ά,’O”g,’†’|“c,282235,•ΊΙ§,’O”gs,s“‡’¬’†’|“c,2023[sanitize]08[sanitize]20,14,’“Τi—Φjκ,’“Τi—Φjκ,{ω‚Ή‚Έ,‚Θ‚µ
ή“,Τγ‚Λ‚η‚Ά,’O”g,²΅,282235,•ΊΙ§,’O”gs,Β_’¬‘ε–Ό‘,2023[sanitize]05[sanitize]26,07,‚»‚Μ‘Ό,‚»‚Μ‘Ό,{ω‚Ή‚Έ,‚ ‚θ
ή“,Τγ‚Λ‚η‚Ά,’O”g,”΄‰w‘O,282235,•ΊΙ§,’O”gs,”΄’¬“μ‘½“c,2023[sanitize]07[sanitize]04,18,“ΉHγ,‚»‚Μ‘Ό,{ω‚Ή‚Έ,‚Θ‚µ
ή“,Τγ‚Λ‚η‚Ά,’O”g,•Xγ,282235,•ΊΙ§,’O”gs,•Xγ’¬s•Σ,2023[sanitize]11[sanitize]15,21,‚»‚Μ‘Ό,‚»‚Μ‘Ό,{ω‚Ή‚Έ,‚ ‚θ
ή“,Τγ‚Λ‚η‚Ά,’O”g,Ξ¶,282235,•ΊΙ§,’O”gs,•Xγ’¬Ξ¶,2023[sanitize]08[sanitize]23,20,’“Τi—Φjκ,’“Τi—Φjκ,{ω‚Ή‚Έ,‚ ‚θ
ή“,Τγ‚Λ‚η‚Ά,–ΎΞ,‘ε‹v•Ϋ,282031,•ΊΙ§,–ΎΞs,‘ε‹v•Ϋ’¬Ό‰A,2023[sanitize]04[sanitize]17,10,‚»‚Μ‘Ό,‚»‚Μ‘Ό,{ω‚Ή‚Έ,‚ ‚θ
ή“,Τγ‚Λ‚η‚Ά,–ΎΞ,‘ε‹v•Ϋ,282031,•ΊΙ§,–ΎΞs,‘ε‹v•Ϋ’¬Ό‰A,2023[sanitize]05[sanitize]01,11,“ΉHγ,‚»‚Μ‘Ό,{ω‚Ή‚Έ,‚ ‚θ
ή“,Τγ‚Λ‚η‚Ά,–ΎΞ,‘ε‹v•Ϋ,282031,•ΊΙ§,–ΎΞs,‘ε‹v•Ϋ’¬Ό‰AV“c,2023[sanitize]03[sanitize]30,08,“ΉHγ,‚»‚Μ‘Ό,{ω‚Ή‚Έ,‚ ‚θ
ή“,Τγ‚Λ‚η‚Ά,–ΎΞ,‘ε‹v•Ϋ,282031,•ΊΙ§,–ΎΞs,‘ε‹v•Ϋ’¬Ό‰AV“c,2023[sanitize]08[sanitize]05,10,κΛZ‘ξ,’“Τi—Φjκ,{ω‚Ή‚Έ,‚Θ‚µ
ή“,Τγ‚Λ‚η‚Ά,–ΎΞ,‘ε‹v•Ϋ“μ,282031,•ΊΙ§,–ΎΞs,‘ε‹v•Ϋ’¬‚δ‚θ‚Μ‚«’Κ‚P’–Ϊ,2023[sanitize]11[sanitize]02,16,’“Τi—Φjκ,’“Τi—Φjκ,{ω‚Ή‚Έ,‚Θ‚µ
ή“,Τγ‚Λ‚η‚Ά,–ΎΞ,‘ε‹v•Ϋ“μ,282031,•ΊΙ§,–ΎΞs,‘ε‹v•Ϋ’¬‚δ‚θ‚Μ‚«’Κ‚P’–Ϊ,2023[sanitize]11[sanitize]04,19,’“Τi—Φjκ,’“Τi—Φjκ,{ω‚Ή‚Έ,‚Θ‚µ
ή“,Τγ‚Λ‚η‚Ά,–ΎΞ,‘ε‹v•Ϋ“μ,282031,•ΊΙ§,–ΎΞs,‘ε‹v•Ϋ’¬‚δ‚θ‚Μ‚«’Κ‚P’–Ϊ,2023[sanitize]11[sanitize]05,18,‚»‚Μ‘Ό,’“Τi—Φjκ,{ω‚Ή‚Έ,‚Θ‚µ
ή“,Τγ‚Λ‚η‚Ά,–ΎΞ,‘ε‹v•Ϋ“μ,282031,•ΊΙ§,–ΎΞs,‘ε‹v•Ϋ’¬‚δ‚θ‚Μ‚«’Κ‚Q’–Ϊ,2023[sanitize]07[sanitize]11,10,‚»‚Μ‘Ό,’“Τi—Φjκ,{ω‚Ή‚Έ,‚Θ‚µ
ή“,Τγ‚Λ‚η‚Ά,–ΎΞ,‘ε‘ ,282031,•ΊΙ§,–ΎΞs,‘ε‘ ”ª”¦’¬,2023[sanitize]06[sanitize]05,22,‚»‚Μ‘Ό‚ΜZ‘ξi‚RK‚ΔΘ‰Ί‹¤“―Z‘ξ“™j,’“Τi—Φjκ,{ω‚µ‚½,‚Θ‚µ
ή“,Τγ‚Λ‚η‚Ά,–ΎΞ,‘ε‘ ,282031,•ΊΙ§,–ΎΞs,‘ε‘ Cέ’Κ‚P’–Ϊ,2023[sanitize]08[sanitize]23,18,‚»‚Μ‘Ό,’“Τi—Φjκ,{ω‚Ή‚Έ,‚Θ‚µ
ή“,Τγ‚Λ‚η‚Ά,–ΎΞ,‘ε‘ ,282031,•ΊΙ§,–ΎΞs,‘ε‘ Cέ’Κ‚P’–Ϊ,2023[sanitize]10[sanitize]05,16,’“Τi—Φjκ,’“Τi—Φjκ,{ω‚Ή‚Έ,‚Θ‚µ
ή“,Τγ‚Λ‚η‚Ά,–ΎΞ,‘ε‘ ,282031,•ΊΙ§,–ΎΞs,‘ε‘ Cέ’Κ‚P’–Ϊ,2023[sanitize]10[sanitize]17,19,’“Τi—Φjκ,’“Τi—Φjκ,{ω‚Ή‚Έ,‚Θ‚µ
ή“,Τγ‚Λ‚η‚Ά,–ΎΞ,‘ε‘ ,282031,•ΊΙ§,–ΎΞs,‘ε‘ Cέ’Κ‚Q’–Ϊ,2022[sanitize]12[sanitize]31,09,‚»‚Μ‘Ό,’“Τi—Φjκ,{ω‚Ή‚Έ,‚Θ‚µ
ή“,Τγ‚Λ‚η‚Ά,–ΎΞ,‘ε‘ ,282031,•ΊΙ§,–ΎΞs,‘ε‘ Cέ’Κ‚Q’–Ϊ,2023[sanitize]11[sanitize]09,22,‚»‚Μ‘Ό,’“Τi—Φjκ,{ω‚µ‚½,‚Θ‚µ
ή“,Τγ‚Λ‚η‚Ά,–ΎΞ,¬‹v•Ϋ,282031,•ΊΙ§,–ΎΞs,®‚ª‹u,2023[sanitize]02[sanitize]24,17,“ΉHγ,‚»‚Μ‘Ό,{ω‚Ή‚Έ,‚Θ‚µ
ή“,Τγ‚Λ‚η‚Ά,–ΎΞ,¬‹v•Ϋ,282031,•ΊΙ§,–ΎΞs,aβ,2023[sanitize]01[sanitize]23,18,“ΉHγ,‚»‚Μ‘Ό,{ω‚Ή‚Έ,‚ ‚θ
ή“,Τγ‚Λ‚η‚Ά,–ΎΞ,¬‹v•Ϋ,282031,•ΊΙ§,–ΎΞs,aβ,2023[sanitize]10[sanitize]20,18,’“Τi—Φjκ,’“Τi—Φjκ,{ω‚Ή‚Έ,‚Θ‚µ
ή“,Τγ‚Λ‚η‚Ά,–ΎΞ,¬‹v•Ϋ,282031,•ΊΙ§,–ΎΞs,¬‹v•Ϋ‚P’–Ϊ,2023[sanitize]09[sanitize]15,12,‚»‚Μ‘Ό,’“Τi—Φjκ,{ω‚Ή‚Έ,‚ ‚θ
ή“,Τγ‚Λ‚η‚Ά,–ΎΞ,¬‹v•Ϋ,282031,•ΊΙ§,–ΎΞs,¬‹v•Ϋ‚Q’–Ϊ,2023[sanitize]09[sanitize]16,09,‚»‚Μ‘Ό,’“Τi—Φjκ,{ω‚Ή‚Έ,‚Θ‚µ
ή“,Τγ‚Λ‚η‚Ά,–ΎΞ,¬‹v•Ϋ,282031,•ΊΙ§,–ΎΞs,‘ς–μ‚P’–Ϊ,2023[sanitize]04[sanitize]19,11,κΛZ‘ξ,’“Τi—Φjκ,{ω‚Ή‚Έ,‚Θ‚µ
ή“,Τγ‚Λ‚η‚Ά,–ΎΞ,¬‹v•Ϋ,282031,•ΊΙ§,–ΎΞs,Ό–ΎΞ’¬‚S’–Ϊ,2023[sanitize]06[sanitize]23,15,“ΉHγ,‚»‚Μ‘Ό,{ω‚Ή‚Έ,‚ ‚θ
ή“,Τγ‚Λ‚η‚Ά,–ΎΞ,¬‹v•Ϋ,282031,•ΊΙ§,–ΎΞs,Ό–ΎΞ’¬‚T’–Ϊ,2023[sanitize]06[sanitize]14,08,“ΉHγ,‚»‚Μ‘Ό,{ω‚Ή‚Έ,‚ ‚θ
ή“,Τγ‚Λ‚η‚Ά,–ΎΞ,¬‹v•Ϋ,282031,•ΊΙ§,–ΎΞs,–μXγ‚P’–Ϊ,2023[sanitize]06[sanitize]14,07,‚»‚Μ‘Ό‚ΜZ‘ξi‚RK‚ΔΘ‰Ί‹¤“―Z‘ξ“™j,‚»‚Μ‘Ό,{ω‚Ή‚Έ,‚ ‚θ
ή“,Τγ‚Λ‚η‚Ά,–ΎΞ,¬‹v•Ϋ,282031,•ΊΙ§,–ΎΞs,Ό‚Μ“ΰ‚Q’–Ϊ,2023[sanitize]06[sanitize]03,19,“ΉHγ,‚»‚Μ‘Ό,{ω‚Ή‚Έ,‚Θ‚µ
ή“,Τγ‚Λ‚η‚Ά,–ΎΞ,¬‹v•Ϋ,282031,•ΊΙ§,–ΎΞs,Ό‚Μ“ΰ‚Q’–Ϊ,2023[sanitize]09[sanitize]01,20,‚»‚Μ‘Ό,‚»‚Μ‘Ό,{ω‚Ή‚Έ,‚ ‚θ
ή“,Τγ‚Λ‚η‚Ά,–ΎΞ,¬‹v•Ϋ,282031,•ΊΙ§,–ΎΞs,Ό‚Μ“ΰ‚Q’–Ϊ,2023[sanitize]09[sanitize]10,20,“ΉHγ,‚»‚Μ‘Ό,{ω‚Ή‚Έ,‚ ‚θ
ή“,Τγ‚Λ‚η‚Ά,–ΎΞ,¬‹v•Ϋ,282031,•ΊΙ§,–ΎΞs,aβ‚P’–Ϊ,2023[sanitize]09[sanitize]06,16,‚»‚Μ‘Ό,‚»‚Μ‘Ό,{ω‚µ‚½,‚Θ‚µ
ή“,Τγ‚Λ‚η‚Ά,–ΎΞ,–ΎΞ‰w‘O,282031,•ΊΙ§,–ΎΞs,‘ε–ΎΞ’¬‚P’–Ϊ,2023[sanitize]01[sanitize]11,16,‚»‚Μ‘Ό,’“Τi—Φjκ,{ω‚Ή‚Έ,‚Θ‚µ
ή“,Τγ‚Λ‚η‚Ά,–ΎΞ,–ΎΞ‰w‘O,282031,•ΊΙ§,–ΎΞs,‘ε–ΎΞ’¬‚Q’–Ϊ,2023[sanitize]08[sanitize]18,19,‚»‚Μ‘Ό,’“Τi—Φjκ,{ω‚Ή‚Έ,‚Θ‚µ
ή“,Τγ‚Λ‚η‚Ά,–ΎΞ,–ΎΞ‰w‘O,282031,•ΊΙ§,–ΎΞs,“’‡ƒm’¬,2023[sanitize]01[sanitize]20,15,‚»‚Μ‘Ό,’“Τi—Φjκ,{ω‚µ‚½,‚Θ‚µ
ή“,Τγ‚Λ‚η‚Ά,–ΎΞ,–ΎΞ‰w‘O,282031,•ΊΙ§,–ΎΞs,“’‡ƒm’¬,2023[sanitize]05[sanitize]24,05,’“Τi—Φjκ,’“Τi—Φjκ,{ω‚Ή‚Έ,‚Θ‚µ
ή“,Τγ‚Λ‚η‚Ά,–ΎΞ,–ΎΞ‰w‘O,282031,•ΊΙ§,–ΎΞs,“’‡ƒm’¬,2023[sanitize]09[sanitize]01,11,‚»‚Μ‘Ό,’“Τi—Φjκ,{ω‚Ή‚Έ,‚Θ‚µ
ή“,Τγ‚Λ‚η‚Ά,–ΎΞ,’©–¶’¬,282031,•ΊΙ§,–ΎΞs,’©–¶’¬‚R’–Ϊ,2023[sanitize]10[sanitize]10,13,‚»‚Μ‘Ό,’“Τi—Φjκ,{ω‚Ή‚Έ,‚Θ‚µ
ή“,Τγ‚Λ‚η‚Ά,–ΎΞ,’©–¶’¬,282031,•ΊΙ§,–ΎΞs,’†’©–¶‹u,2023[sanitize]03[sanitize]10,07,‚»‚Μ‘Ό,‚»‚Μ‘Ό,{ω‚Ή‚Έ,‚Θ‚µ
ή“,Τγ‚Λ‚η‚Ά,–ΎΞ,’©–¶’¬,282031,•ΊΙ§,–ΎΞs,’©–¶–k’¬,2023[sanitize]07[sanitize]14,11,κΛZ‘ξ,’“Τi—Φjκ,{ω‚Ή‚Έ,‚ ‚θ
ή“,Τγ‚Λ‚η‚Ά,–ΎΞ,–{’¬,282031,•ΊΙ§,–ΎΞs,χ’¬,2023[sanitize]12[sanitize]25,14,‚»‚Μ‘Ό,’“Τi—Φjκ,{ω‚Ή‚Έ,‚Θ‚µ
ή“,Τγ‚Λ‚η‚Ά,–ΎΞ,–{’¬,282031,•ΊΙ§,–ΎΞs,–{’¬‚Q’–Ϊ,2023[sanitize]11[sanitize]03,10,’“Τi—Φjκ,’“Τi—Φjκ,{ω‚Ή‚Έ,‚Θ‚µ
ή“,Τγ‚Λ‚η‚Ά,–ΎΞ,““ρ©,282031,•ΊΙ§,–ΎΞs,“ρ©’¬“μ“ρ©,2023[sanitize]01[sanitize]01,15,‚»‚Μ‘Ό,‚»‚Μ‘Ό,{ω‚µ‚½,‚Θ‚µ
ή“,Τγ‚Λ‚η‚Ά,–ΎΞ,““ρ©,282031,•ΊΙ§,–ΎΞs,“ρ©’¬“μ“ρ©,2023[sanitize]04[sanitize]29,05,‚»‚Μ‘Ό,‚»‚Μ‘Ό,{ω‚Ή‚Έ,‚Θ‚µ
ή“,Τγ‚Λ‚η‚Ά,–ΎΞ,““ρ©,282031,•ΊΙ§,–ΎΞs,“ρ©’¬Ό“ρ©‰w‘O‚P’–Ϊ,2023[sanitize]06[sanitize]17,12,‚»‚Μ‘Ό,’“Τi—Φjκ,{ω‚µ‚½,‚Θ‚µ
ή“,Τγ‚Λ‚η‚Ά,–ΎΞ,““ρ©,282031,•ΊΙ§,–ΎΞs,“ρ©’¬Ό“ρ©‰w‘O‚P’–Ϊ,2023[sanitize]07[sanitize]30,17,’“Τi—Φjκ,’“Τi—Φjκ,{ω‚Ή‚Έ,‚Θ‚µ
ή“,Τγ‚Λ‚η‚Ά,–ΎΞ,““ρ©,282031,•ΊΙ§,–ΎΞs,“ρ©’¬Ό“ρ©‰w‘O‚P’–Ϊ,2023[sanitize]08[sanitize]02,13,‚»‚Μ‘Ό,’“Τi—Φjκ,{ω‚µ‚½,‚ ‚θ
ή“,Τγ‚Λ‚η‚Ά,–ΎΞ,—Ρθ,282031,•ΊΙ§,–ΎΞs,‹Mθ‚P’–Ϊ,2023[sanitize]10[sanitize]20,13,’“Τi—Φjκ,’“Τi—Φjκ,{ω‚Ή‚Έ,‚Θ‚µ
ή“,Τγ‚Λ‚η‚Ά,–ΎΞ,—Ρθ,282031,•ΊΙ§,–ΎΞs,—Ρθ’¬‚Q’–Ϊ,2023[sanitize]06[sanitize]05,20,’“Τi—Φjκ,’“Τi—Φjκ,{ω‚µ‚½,‚Θ‚µ
ή“,Τγ‚Λ‚η‚Ά,–ΎΞ,—Ρθ,282031,•ΊΙ§,–ΎΞs,—Ρθ’¬‚R’–Ϊ,2023[sanitize]08[sanitize]02,13,‚»‚Μ‘Ό,‚»‚Μ‘Ό,{ω‚Ή‚Έ,‚ ‚θ
ή“,Τγ‚Λ‚η‚Ά,–ΎΞ,—Ρθ,282031,•ΊΙ§,–ΎΞs,Ό],2022[sanitize]12[sanitize]25,14,’“Τi—Φjκ,’“Τi—Φjκ,{ω‚Ή‚Έ,‚Θ‚µ
ή“,Τγ‚Λ‚η‚Ά,–ΎΞ,—Ρθ,282031,•ΊΙ§,–ΎΞs,aβξ‰Χ’¬,2023[sanitize]05[sanitize]08,21,‚»‚Μ‘Ό,’“Τi—Φjκ,{ω‚µ‚½,‚Θ‚µ
ή“,Τγ‚Λ‚η‚Ά,–ΎΞ,]δ“‡,282031,•ΊΙ§,–ΎΞs,‘ε‹v•Ϋ’¬]δ“‡,2023[sanitize]05[sanitize]23,11,“ΉHγ,‚»‚Μ‘Ό,{ω‚Ή‚Έ,‚Θ‚µ
ή“,Τγ‚Λ‚η‚Ά,–ΎΞ,“΅],282031,•ΊΙ§,–ΎΞs,“΅],2023[sanitize]06[sanitize]04,17,‚SK‚ΔΘγ‹¤“―Z‘ξ,’“Τi—Φjκ,{ω‚µ‚½,‚Θ‚µ
ή“,Τγ‚Λ‚η‚Ά,–ΎΞ,“΅],282031,•ΊΙ§,–ΎΞs,“΅],2023[sanitize]06[sanitize]05,19,‚»‚Μ‘Ό‚ΜZ‘ξi‚RK‚ΔΘ‰Ί‹¤“―Z‘ξ“™j,’“Τi—Φjκ,{ω‚µ‚½,‚Θ‚µ
ή“,Τγ‚Λ‚η‚Ά,–ΎΞ,“΅],282031,•ΊΙ§,–ΎΞs,“΅],2023[sanitize]09[sanitize]25,19,‚»‚Μ‘Ό,’“Τi—Φjκ,{ω‚µ‚½,‚ ‚θ
ή“,Τγ‚Λ‚η‚Ά,–ΎΞ,Ό“ρ©,282031,•ΊΙ§,–ΎΞs,‹›Z’¬΄…,2023[sanitize]03[sanitize]30,22,‚»‚Μ‘Ό,’“Τi—Φjκ,{ω‚µ‚½,‚Θ‚µ
ή“,Τγ‚Λ‚η‚Ά,–ΎΞ,Ό“ρ©,282031,•ΊΙ§,–ΎΞs,‹›Z’¬΄…,2023[sanitize]08[sanitize]28,19,‚»‚Μ‘Ό,’“Τi—Φjκ,{ω‚µ‚½,‚Θ‚µ
ή“,Τγ‚Λ‚η‚Ά,–ΎΞ,Ό“ρ©,282031,•ΊΙ§,–ΎΞs,“ρ©’¬Ό“ρ©,2023[sanitize]06[sanitize]16,19,κΛZ‘ξ,’“Τi—Φjκ,{ω‚Ή‚Έ,‚ ‚θ
ή“,Τγ‚Λ‚η‚Ά,–ΎΞ,Ό“ρ©,282031,•ΊΙ§,–ΎΞs,“ρ©’¬Ό“ρ©,2023[sanitize]06[sanitize]17,02,κΛZ‘ξ,’“Τi—Φjκ,{ω‚Ή‚Έ,‚ ‚θ
ή“,Τγ‚Λ‚η‚Ά,–ΎΞ,Ό“ρ©,282031,•ΊΙ§,–ΎΞs,“ρ©’¬Ό“ρ©,2023[sanitize]08[sanitize]04,12,‚»‚Μ‘Ό,’“Τi—Φjκ,{ω‚µ‚½,‚Θ‚µ
ή“,Τγ‚Λ‚η‚Ά,–ΎΞ,Ό“ρ©,282031,•ΊΙ§,–ΎΞs,“ρ©’¬Ό“ρ©,2023[sanitize]09[sanitize]11,20,’“Τi—Φjκ,’“Τi—Φjκ,{ω‚µ‚½,‚ ‚θ
ή“,Τγ‚Λ‚η‚Ά,–ΎΞ,Ό“ρ©,282031,•ΊΙ§,–ΎΞs,“ρ©’¬Ό“ρ©,2023[sanitize]09[sanitize]22,00,‚»‚Μ‘Ό,’“Τi—Φjκ,{ω‚µ‚½,‚Θ‚µ
ή“,Τγ‚Λ‚η‚Ά,–ΎΞ,ΌV’¬,282031,•ΊΙ§,–ΎΞs,–k‰¤q’¬,2023[sanitize]10[sanitize]28,13,“ΉHγ,‚»‚Μ‘Ό,{ω‚Ή‚Έ,‚ ‚θ
ή“,Τγ‚Λ‚η‚Ά,–ΎΞ,ΌV’¬,282031,•ΊΙ§,–ΎΞs,ΌV’¬‚R’–Ϊ,2023[sanitize]01[sanitize]20,07,‚»‚Μ‘Ό,’“Τi—Φjκ,{ω‚µ‚½,‚Θ‚µ
ή“,Τγ‚Λ‚η‚Ά,–ΎΞ,‚‹u,282031,•ΊΙ§,–ΎΞs,‘ε‹v•Ϋ’¬‘εE,2023[sanitize]02[sanitize]22,17,‚»‚Μ‘Ό,’“Τi—Φjκ,{ω‚µ‚½,‚Θ‚µ
ή“,Τγ‚Λ‚η‚Ά,–ΎΞ,‚‹u,282031,•ΊΙ§,–ΎΞs,‘ε‹v•Ϋ’¬‘εE,2023[sanitize]03[sanitize]20,12,‚»‚Μ‘Ό,’“Τi—Φjκ,{ω‚µ‚½,‚Θ‚µ
ή“,Τγ‚Λ‚η‚Ά,–ΎΞ,‚‹u,282031,•ΊΙ§,–ΎΞs,‘ε‹v•Ϋ’¬‘εE,2023[sanitize]05[sanitize]24,18,‚»‚Μ‘Ό,’“Τi—Φjκ,{ω‚µ‚½,‚Θ‚µ
ή“,Τγ‚Λ‚η‚Ά,–ΎΞ,‚‹u,282031,•ΊΙ§,–ΎΞs,‘ε‹v•Ϋ’¬‘εE,2023[sanitize]11[sanitize]06,08,‚»‚Μ‘Ό,‚»‚Μ‘Ό,{ω‚µ‚½,‚Θ‚µ
ή“,Τγ‚Λ‚η‚Ά,–ΎΞ,‚‹u,282031,•ΊΙ§,–ΎΞs,‘ε‹v•Ϋ’¬‘εE,2023[sanitize]12[sanitize]18,17,‚»‚Μ‘Ό,‚»‚Μ‘Ό,{ω‚µ‚½,‚Θ‚µ
ή“,Τγ‚Λ‚η‚Ά,–ΎΞ,‹›Z,282031,•ΊΙ§,–ΎΞs,‹›Z’¬’·β›,2023[sanitize]02[sanitize]15,16,‚SK‚ΔΘγ‹¤“―Z‘ξ,‚»‚Μ‘Ό,{ω‚Ή‚Έ,‚Θ‚µ
ή“,Τγ‚Λ‚η‚Ά,–ΎΞ,‹›Z,282031,•ΊΙ§,–ΎΞs,‹›Z’¬’·β›,2023[sanitize]10[sanitize]25,03,‚»‚Μ‘Ό,‚»‚Μ‘Ό,{ω‚µ‚½,‚Θ‚µ
ή“,Τγ‚Λ‚η‚Ά,–ΎΞ,‹›Z,282031,•ΊΙ§,–ΎΞs,‹›Z’¬’†”φ,2023[sanitize]01[sanitize]18,10,‚»‚Μ‘Ό,’“Τi—Φjκ,{ω‚µ‚½,‚Θ‚µ
ή“,Τγ‚Λ‚η‚Ά,–ΎΞ,‹›Z,282031,•ΊΙ§,–ΎΞs,‹›Z’¬’†”φ,2023[sanitize]04[sanitize]30,15,‚»‚Μ‘Ό,‚»‚Μ‘Ό,{ω‚Ή‚Έ,‚ ‚θ
ή“,Τγ‚Λ‚η‚Ά,–ΎΞ,‹›Z,282031,•ΊΙ§,–ΎΞs,‹›Z’¬’†”φ,2023[sanitize]07[sanitize]15,17,‚»‚Μ‘Ό,’“Τi—Φjκ,{ω‚µ‚½,‚ ‚θ
ή“,Τγ‚Λ‚η‚Ά,–ΎΞ,‹›Z,282031,•ΊΙ§,–ΎΞs,‹›Z’¬’†”φ,2023[sanitize]11[sanitize]18,12,‚»‚Μ‘Ό,’“Τi—Φjκ,{ω‚Ή‚Έ,‚Θ‚µ
ή“,Τγ‚Λ‚η‚Ά,–ΎΞ,‹›Z,282031,•ΊΙ§,–ΎΞs,‹›Z’¬Ό‰ª,2023[sanitize]05[sanitize]28,15,“ΉHγ,‚»‚Μ‘Ό,{ω‚µ‚½,‚ ‚θ
ή“,Τγ‚Λ‚η‚Ά,–ΎΞ,‹›Z,282031,•ΊΙ§,–ΎΞs,‹›Z’¬Ό‰ª,2023[sanitize]09[sanitize]26,17,‚»‚Μ‘Ό,‚»‚Μ‘Ό,{ω‚Ή‚Έ,‚Θ‚µ
ή“,Τγ‚Λ‚η‚Ά,–ΎΞ,‹›Z,282031,•ΊΙ§,–ΎΞs,‹›Z’¬‹Ρ‚ª‹u‚P’–Ϊ,2023[sanitize]05[sanitize]20,09,‚»‚Μ‘Ό,‚»‚Μ‘Ό,{ω‚Ή‚Έ,‚Θ‚µ
ή“,Τγ‚Λ‚η‚Ά,–ΎΞ,‹›Z,282031,•ΊΙ§,–ΎΞs,‹›Z’¬‹Ρ‚ª‹u‚R’–Ϊ,2023[sanitize]04[sanitize]10,16,“ΉHγ,‚»‚Μ‘Ό,{ω‚Ή‚Έ,‚ ‚θ
ή“,Τγ‚Λ‚η‚Ά,–ΎΞ,‹›Z,282031,•ΊΙ§,–ΎΞs,‹›Z’¬‹Ρ‚ª‹u‚S’–Ϊ,2023[sanitize]03[sanitize]21,15,‚»‚Μ‘Ό,’“Τi—Φjκ,{ω‚Ή‚Έ,‚ ‚θ
ή“,Τγ‚Λ‚η‚Ά,O–Ψ,‹gμ,282154,•ΊΙ§,O–Ψs,‹gμ’¬‹gΐ,2023[sanitize]09[sanitize]13,18,‚»‚Μ‘Ό,’“Τi—Φjκ,{ω‚µ‚½,‚ ‚θ
ή“,Τγ‚Λ‚η‚Ά,O–Ψ,‹g“c,282154,•ΊΙ§,O–Ψs,uυ’¬‹g“c,2023[sanitize]02[sanitize]18,16,’“Τi—Φjκ,’“Τi—Φjκ,{ω‚Ή‚Έ,‚ ‚θ
ή“,Τγ‚Λ‚η‚Ά,O–Ψ,‘ε’Λ,282154,•ΊΙ§,O–Ψs,‘ε’Λ‚Q’–Ϊ,2023[sanitize]03[sanitize]13,15,‚»‚Μ‘Ό,’“Τi—Φjκ,{ω‚Ή‚Έ,‚ ‚θ
ή“,Τγ‚Λ‚η‚Ά,O–Ψ,‘ε’Λ,282154,•ΊΙ§,O–Ψs,h΄,2023[sanitize]08[sanitize]28,22,‚»‚Μ‘Ό,’“Τi—Φjκ,{ω‚µ‚½,‚Θ‚µ
ή“,Τγ‚Λ‚η‚Ά,O–Ψ,–{’¬,282154,•ΊΙ§,O–Ψs,‘ε‘Ί,2023[sanitize]01[sanitize]08,13,’“Τi—Φjκ,’“Τi—Φjκ,{ω‚Ή‚Έ,‚ ‚θ
ή“,Τγ‚Λ‚η‚Ά,O–Ψ,–{’¬,282154,•ΊΙ§,O–Ψs,‘ε‘Ί,2023[sanitize]08[sanitize]11,10,‚»‚Μ‘Ό,’“Τi—Φjκ,{ω‚Ή‚Έ,‚Θ‚µ
ή“,Τγ‚Λ‚η‚Ά,O–Ψ,–{’¬,282154,•ΊΙ§,O–Ψs,‘ε‘Ί,2023[sanitize]09[sanitize]02,16,‚»‚Μ‘Ό,’“Τi—Φjκ,{ω‚µ‚½,‚Θ‚µ
ή“,Τγ‚Λ‚η‚Ά,O–Ψ,–{’¬,282154,•ΊΙ§,O–Ψs,‰Α²,2023[sanitize]06[sanitize]17,15,‚»‚Μ‘Ό,’“Τi—Φjκ,{ω‚µ‚½,‚ ‚θ
ή“,Τγ‚Λ‚η‚Ά,O–Ψ,–{’¬,282154,•ΊΙ§,O–Ψs,‰Α²,2023[sanitize]09[sanitize]23,18,’“Τi—Φjκ,’“Τi—Φjκ,{ω‚µ‚½,‚Θ‚µ
ή“,Τγ‚Λ‚η‚Ά,O–Ψ,–{’¬,282154,•ΊΙ§,O–Ψs,––L‚P’–Ϊ,2023[sanitize]09[sanitize]01,17,‚»‚Μ‘Ό,‚»‚Μ‘Ό,{ω‚Ή‚Έ,‚ ‚θ
ή“,Τγ‚Λ‚η‚Ά,O–Ψ,–{’¬,282154,•ΊΙ§,O–Ψs,•δ‚P’–Ϊ,2023[sanitize]10[sanitize]21,17,‚»‚Μ‘Ό‚ΜZ‘ξi‚RK‚ΔΘ‰Ί‹¤“―Z‘ξ“™j,’“Τi—Φjκ,{ω‚Ή‚Έ,‚Θ‚µ
ή“,Τγ‚Λ‚η‚Ά,O–Ψ,–{’¬,282154,•ΊΙ§,O–Ψs,•δ‚P’–Ϊ,2023[sanitize]11[sanitize]27,11,’“Τi—Φjκ,’“Τi—Φjκ,{ω‚Ή‚Έ,‚ ‚θ
ή“,Τγ‚Λ‚η‚Ά,O–Ψ,—Ξ‚ª‹u,282154,•ΊΙ§,O–Ψs,uυ’¬L–μ‚W’–Ϊ,2023[sanitize]10[sanitize]12,07,‚»‚Μ‘Ό,’“Τi—Φjκ,{ω‚Ή‚Έ,‚ ‚θ
ή“,Τγ‚Λ‚η‚Ά,O–Ψ,—Ξ‚ª‹u,282154,•ΊΙ§,O–Ψs,—Ξ‚ª‹u’¬“‚P’–Ϊ,2023[sanitize]06[sanitize]18,10,“ΉHγ,‚»‚Μ‘Ό,{ω‚Ή‚Έ,‚ ‚θ
ή“,Τγ‚Λ‚η‚Ά,O–Ψ,©—R‚ª‹u,282154,•ΊΙ§,O–Ψs,uυ’¬L–μ‚P’–Ϊ,2023[sanitize]07[sanitize]11,01,‚»‚Μ‘Ό,’“Τi—Φjκ,{ω‚Ή‚Έ,‚ ‚θ
ή“,Τγ‚Λ‚η‚Ά,O–Ψ,©—R‚ª‹u,282154,•ΊΙ§,O–Ψs,•Κ’¬¬—Ρ,2023[sanitize]05[sanitize]24,17,’“Τi—Φjκ,’“Τi—Φjκ,{ω‚µ‚½,‚Θ‚µ
ή“,Τγ‚Λ‚η‚Ά,‰Α“,γ‹v•Δ,282286,•ΊΙ§,‰Α“s,γ‹v•Δ,2023[sanitize]09[sanitize]08,11,‚»‚Μ‘Ό,’“Τi—Φjκ,{ω‚µ‚½,‚ ‚θ
ή“,Τγ‚Λ‚η‚Ά,‰Α“,“V_,282286,•ΊΙ§,‰Α“s,“μR‚U’–Ϊ,2023[sanitize]08[sanitize]06,06,‚»‚Μ‘Ό,’“Τi—Φjκ,{ω‚µ‚½,‚ ‚θ
ή“,Τγ‚Λ‚η‚Ά,‰Α“,‘κ–μ,282286,•ΊΙ§,‰Α“s,‰Ί‘κ–μ,2023[sanitize]09[sanitize]14,17,’“Τi—Φjκ,’“Τi—Φjκ,{ω‚µ‚½,‚ ‚θ
ή“,Τγ‚Λ‚η‚Ά,‰Α“,Π,282286,•ΊΙ§,‰Α“s,Π,2023[sanitize]12[sanitize]20,15,’“Τi—Φjκ,’“Τi—Φjκ,{ω‚Ή‚Έ,‚Θ‚µ
ή“,Τγ‚Λ‚η‚Ά,‰Α“,‚‰ª,282286,•ΊΙ§,‰Α“s,‰Ν‚,2023[sanitize]09[sanitize]23,08,‚»‚Μ‘Ό,’“Τi—Φjκ,{ω‚µ‚½,‚ ‚θ
ή“,Τγ‚Λ‚η‚Ά,‰Α“,‚‰ª,282286,•ΊΙ§,‰Α“s,‰Ν‚,2023[sanitize]09[sanitize]26,14,’“Τi—Φjκ,’“Τi—Φjκ,{ω‚µ‚½,‚ ‚θ
ή“,Τγ‚Λ‚η‚Ά,‰ΑΌ,Oϋ,282201,•ΊΙ§,‰ΑΌs,Ό}΄’¬,2023[sanitize]07[sanitize]22,09,κΛZ‘ξ,’“Τi—Φjκ,{ω‚Ή‚Έ,‚ ‚θ
ή“,Τγ‚Λ‚η‚Ά,‰ΑΌ,’†–μ,282201,•ΊΙ§,‰ΑΌs,κG–μ’¬,2023[sanitize]09[sanitize]20,17,‚»‚Μ‘Ό‚ΜZ‘ξi‚RK‚ΔΘ‰Ί‹¤“―Z‘ξ“™j,‚»‚Μ‘Ό,{ω‚Ή‚Έ,‚ ‚θ
ή“,Τγ‚Λ‚η‚Ά,‰ΑΌ,–kπ,282201,•ΊΙ§,‰ΑΌs,–kπ’¬I“c,2023[sanitize]12[sanitize]01,19,‚»‚Μ‘Ό,’“Τi—Φjκ,{ω‚Ή‚Έ,‚Θ‚µ
ή“,Τγ‚Λ‚η‚Ά,‰ΑΌ,–kπ,282201,•ΊΙ§,‰ΑΌs,–kπ’¬Γβ,2023[sanitize]12[sanitize]04,11,‚»‚Μ‘Ό,’“Τi—Φjκ,{ω‚Ή‚Έ,‚Θ‚µ
ή“,Τγ‚Λ‚η‚Ά,‰ΑΌ,•x‡,282201,•ΊΙ§,‰ΑΌs,’©Θ’¬,2023[sanitize]09[sanitize]29,10,‚»‚Μ‘Ό‚ΜZ‘ξi‚RK‚ΔΘ‰Ί‹¤“―Z‘ξ“™j,‚»‚Μ‘Ό,{ω‚Ή‚Έ,‚Θ‚µ
ή“,Τγ‚Λ‚η‚Ά,‰ΑΌ,•x‡,282201,•ΊΙ§,‰ΑΌs,‹Κ‹u’¬,2023[sanitize]12[sanitize]14,10,’“Τi—Φjκ,’“Τi—Φjκ,{ω‚Ή‚Έ,‚ ‚θ
ή“,Τγ‚Λ‚η‚Ά,‰ΑΌ,“ϊ‹g,282201,•ΊΙ§,‰ΑΌs,R“c’¬,2023[sanitize]01[sanitize]20,08,’“Τi—Φjκ,’“Τi—Φjκ,{ω‚µ‚½,‚Θ‚µ
ή“,Τγ‚Λ‚η‚Ά,‰ΑΌ,–Τψ,282201,•ΊΙ§,‰ΑΌs,K΄“c’¬,2023[sanitize]04[sanitize]28,03,’“Τi—Φjκ,’“Τi—Φjκ,{ω‚Ή‚Έ,‚Θ‚µ
ή“,Τγ‚Λ‚η‚Ά,‰ΑΌ,Όέ“c,282201,•ΊΙ§,‰ΑΌs,‘ε“ΰ’¬,2023[sanitize]09[sanitize]12,19,’“Τi—Φjκ,’“Τi—Φjκ,{ω‚µ‚½,‚Θ‚µ
ή“,Τγ‚Λ‚η‚Ά,‰ΑΌ,‰κ–Ξ,282201,•ΊΙ§,‰ΑΌs,Ό‰΅“c’¬,2023[sanitize]06[sanitize]04,10,’“Τi—Φjκ,’“Τi—Φjκ,{ω‚Ή‚Έ,‚Θ‚µ
ή“,Τγ‚Λ‚η‚Ά,‰ΑΌ,‰κ–Ξ,282201,•ΊΙ§,‰ΑΌs,Ό‰΅“c’¬,2023[sanitize]09[sanitize]23,16,κΛZ‘ξ,’“Τi—Φjκ,{ω‚Ή‚Έ,‚ ‚θ
ή“,Τγ‚Λ‚η‚Ά,‰ΑΌ,‰κ–Ξ,282201,•ΊΙ§,‰ΑΌs,R‰Ί’¬,2023[sanitize]09[sanitize]24,16,’“Τi—Φjκ,’“Τi—Φjκ,{ω‚Ή‚Έ,‚ ‚θ
ή“,Τγ‚Λ‚η‚Ά,‰ΑΌ,›’J,282201,•ΊΙ§,‰ΑΌs,’†•x’¬,2023[sanitize]07[sanitize]18,06,’“Τi—Φjκ,’“Τi—Φjκ,{ω‚Ή‚Έ,‚ ‚θ
ή“,Τγ‚Λ‚η‚Ά,Όe,“ϊ–μ,282138,•ΊΙ§,Όes,•x‹g“μ’¬,2023[sanitize]12[sanitize]20,20,‚SK‚ΔΘγ‹¤“―Z‘ξ,‚»‚Μ‘Ό,{ω‚Ή‚Έ,‚ ‚θ
ή“,Τγ‚Λ‚η‚Ά,Όe,“ϊ–μ,282138,•ΊΙ§,Όes,Ό“c’¬,2023[sanitize]10[sanitize]21,18,‚»‚Μ‘Ό‚ΜZ‘ξi‚RK‚ΔΘ‰Ί‹¤“―Z‘ξ“™j,’“Τi—Φjκ,{ω‚µ‚½,‚Θ‚µ
ή“,Τγ‚Λ‚η‚Ά,‰ΑΓμ,—Ό‘‘,282103,•ΊΙ§,‰ΑΓμs,γ‘‘’¬δƒmϋ,2023[sanitize]09[sanitize]17,13,‚»‚Μ‘Ό,’“Τi—Φjκ,{ω‚µ‚½,‚ ‚θ
ή“,Τγ‚Λ‚η‚Ά,‰ΑΓμ,—Ό‘‘,282103,•ΊΙ§,‰ΑΓμs,γ‘‘’¬–ςI,2023[sanitize]03[sanitize]02,13,‚»‚Μ‘Ό,‚»‚Μ‘Ό,{ω‚Ή‚Έ,‚ ‚θ
ή“,Τγ‚Λ‚η‚Ά,‰ΑΓμ,—Ό‘‘,282103,•ΊΙ§,‰ΑΓμs,•½‘‘’¬—Ά,2023[sanitize]05[sanitize]03,13,‚»‚Μ‘Ό,’“Τi—Φjκ,{ω‚Ή‚Έ,‚Θ‚µ
ή“,Τγ‚Λ‚η‚Ά,‰ΑΓμ,—Ό‘‘,282103,•ΊΙ§,‰ΑΓμs,•½‘‘’¬—Ά,2023[sanitize]09[sanitize]08,13,’“Τi—Φjκ,’“Τi—Φjκ,{ω‚µ‚½,‚ ‚θ
ή“,Τγ‚Λ‚η‚Ά,‰ΑΓμ,—Ό‘‘,282103,•ΊΙ§,‰ΑΓμs,•½‘‘’¬—Ά,2023[sanitize]09[sanitize]23,07,‚»‚Μ‘Ό,’“Τi—Φjκ,{ω‚µ‚½,‚ ‚θ
ή“,Τγ‚Λ‚η‚Ά,‰ΑΓμ,—Ό‘‘,282103,•ΊΙ§,‰ΑΓμs,•½‘‘’¬—Ά,2023[sanitize]09[sanitize]26,12,‚»‚Μ‘Ό,’“Τi—Φjκ,{ω‚µ‚½,‚Θ‚µ
ή“,Τγ‚Λ‚η‚Ά,‰ΑΓμ,”ª”¦,282103,•ΊΙ§,‰ΑΓμs,”ª”¦’¬γΌπ,2023[sanitize]06[sanitize]27,13,“ΉHγ,‚»‚Μ‘Ό,{ω‚Ή‚Έ,‚ ‚θ
ή“,Τγ‚Λ‚η‚Ά,‰ΑΓμ,”ª”¦,282103,•ΊΙ§,‰ΑΓμs,γ‘‘’¬‘•ο,2023[sanitize]08[sanitize]27,13,κΛZ‘ξ,’“Τi—Φjκ,{ω‚µ‚½,‚Θ‚µ
ή“,Τγ‚Λ‚η‚Ά,‰ΑΓμ,•Κ•{,282103,•ΊΙ§,‰ΑΓμs,‹ΰ‘ς’¬,2023[sanitize]11[sanitize]28,16,‚»‚Μ‘Ό,’“Τi—Φjκ,{ω‚Ή‚Έ,‚Θ‚µ
ή“,Τγ‚Λ‚η‚Ά,‰ΑΓμ,•Κ•{,282103,•ΊΙ§,‰ΑΓμs,•Κ•{’¬’©“ϊ’¬,2023[sanitize]07[sanitize]11,15,‚»‚Μ‘Ό,’“Τi—Φjκ,{ω‚Ή‚Έ,‚Θ‚µ
ή“,Τγ‚Λ‚η‚Ά,‰ΑΓμ,•Κ•{,282103,•ΊΙ§,‰ΑΓμs,•Κ•{’¬•Κ•{,2023[sanitize]03[sanitize]28,06,’“Τi—Φjκ,’“Τi—Φjκ,{ω‚Ή‚Έ,‚Θ‚µ
ή“,Τγ‚Λ‚η‚Ά,‰ΑΓμ,•Κ•{,282103,•ΊΙ§,‰ΑΓμs,•Κ•{’¬—Ξ’¬,2023[sanitize]07[sanitize]21,16,‚»‚Μ‘Ό,’“Τi—Φjκ,{ω‚Ή‚Έ,‚Θ‚µ
ή“,Τγ‚Λ‚η‚Ά,‰ΑΓμ,‰ΑΓμ‰w‘O,282103,•ΊΙ§,‰ΑΓμs,‰ΑΓμ’¬›‰Ζ’¬,2023[sanitize]01[sanitize]22,14,‚»‚Μ‘Ό,’“Τi—Φjκ,{ω‚Ή‚Έ,‚ ‚θ
ή“,Τγ‚Λ‚η‚Ά,‰ΑΓμ,‰ΑΓμ‰w‘O,282103,•ΊΙ§,‰ΑΓμs,‰ΑΓμ’¬›‰Ζ’¬,2023[sanitize]04[sanitize]22,18,‚»‚Μ‘Ό,’“Τi—Φjκ,{ω‚µ‚½,‚ ‚θ
ή“,Τγ‚Λ‚η‚Ά,‰ΑΓμ,‰ΑΓμ‰w‘O,282103,•ΊΙ§,‰ΑΓμs,‰ΑΓμ’¬›‰Ζ’¬,2023[sanitize]06[sanitize]01,10,‚»‚Μ‘Ό,’“Τi—Φjκ,{ω‚Ή‚Έ,‚Θ‚µ
ή“,Τγ‚Λ‚η‚Ά,‰ΑΓμ,‰ΑΓμ‰w‘O,282103,•ΊΙ§,‰ΑΓμs,‰ΑΓμ’¬•½–μ,2023[sanitize]04[sanitize]03,16,‚SK‚ΔΘγ‹¤“―Z‘ξ,’“Τi—Φjκ,{ω‚µ‚½,‚Θ‚µ
ή“,Τγ‚Λ‚η‚Ά,‰ΑΓμ,‰ΑΓμ‰w‘O,282103,•ΊΙ§,‰ΑΓμs,‰ΑΓμ’¬•½–μ,2023[sanitize]04[sanitize]13,09,‚»‚Μ‘Ό,’“Τi—Φjκ,{ω‚Ή‚Έ,‚ ‚θ
ή“,Τγ‚Λ‚η‚Ά,‰ΑΓμ,‰ΑΓμ‰w‘O,282103,•ΊΙ§,‰ΑΓμs,‰ΑΓμ’¬–{’¬,2023[sanitize]06[sanitize]14,19,‚»‚Μ‘Ό,’“Τi—Φjκ,{ω‚Ή‚Έ,‚ ‚θ
ή“,Τγ‚Λ‚η‚Ά,‰ΑΓμ,“yR,282103,•ΊΙ§,‰ΑΓμs,•½‰ª’¬‚”¨,2023[sanitize]01[sanitize]03,06,‚»‚Μ‘Ό,’“Τi—Φjκ,{ω‚Ή‚Έ,‚ ‚θ
ή“,Τγ‚Λ‚η‚Ά,‰ΑΓμ,“yR,282103,•ΊΙ§,‰ΑΓμs,•½‰ª’¬“yR,2023[sanitize]05[sanitize]30,19,κΛZ‘ξ,’“Τi—Φjκ,{ω‚Ή‚Έ,‚Θ‚µ
ή“,Τγ‚Λ‚η‚Ά,‰ΑΓμ,“yR,282103,•ΊΙ§,‰ΑΓμs,•½‰ª’¬R”Vγ,2023[sanitize]09[sanitize]23,20,“ΉHγ,‚»‚Μ‘Ό,{ω‚Ή‚Έ,‚ ‚θ
ή“,Τγ‚Λ‚η‚Ά,‰ΑΓμ,“yR,283827,•ΊΙ§,”d–’¬,–μ“Y,2023[sanitize]05[sanitize]11,12,‚»‚Μ‘Ό‚ΜZ‘ξi‚RK‚ΔΘ‰Ί‹¤“―Z‘ξ“™j,’“Τi—Φjκ,{ω‚Ή‚Έ,‚Θ‚µ
ή“,Τγ‚Λ‚η‚Ά,‰ΑΓμ,”φγ,282103,•ΊΙ§,‰ΑΓμs,”φγ’¬΅•,2023[sanitize]01[sanitize]02,17,κΛZ‘ξ,’“Τi—Φjκ,{ω‚Ή‚Έ,‚Θ‚µ
ή“,Τγ‚Λ‚η‚Ά,‰ΑΓμ,”φγ,282103,•ΊΙ§,‰ΑΓμs,”φγ’¬ΐ“c,2023[sanitize]03[sanitize]02,16,κΛZ‘ξ,’“Τi—Φjκ,{ω‚Ή‚Έ,‚ ‚θ
ή“,Τγ‚Λ‚η‚Ά,‰ΑΓμ,”φγ,282103,•ΊΙ§,‰ΑΓμs,”φγ’¬ΐ“c,2023[sanitize]10[sanitize]11,09,‚»‚Μ‘Ό,’“Τi—Φjκ,{ω‚Ή‚Έ,‚Θ‚µ
ή“,Τγ‚Λ‚η‚Ά,‰ΑΓμ,”φγ,282103,•ΊΙ§,‰ΑΓμs,”φγ’¬ΐ“c,2023[sanitize]10[sanitize]23,11,“ΉHγ,‚»‚Μ‘Ό,{ω‚Ή‚Έ,‚ ‚θ
ή“,Τγ‚Λ‚η‚Ά,‰ΑΓμ,•½’Γ,282103,•ΊΙ§,‰ΑΓμs,•Δ“c’¬•½’Γ,2023[sanitize]02[sanitize]05,15,‚»‚Μ‘Ό,’“Τi—Φjκ,{ω‚Ή‚Έ,‚Θ‚µ
ή“,Τγ‚Λ‚η‚Ά,‰ΑΓμ,u•ϋ,282103,•ΊΙ§,‰ΑΓμs,u•ϋ’¬‰iΊ,2023[sanitize]03[sanitize]18,05,κΛZ‘ξ,’“Τi—Φjκ,{ω‚µ‚½,‚ ‚θ
ή“,Τγ‚Λ‚η‚Ά,‰ΑΓμ,u•ϋ,282103,•ΊΙ§,‰ΑΓμs,u•ϋ’¬¬δ,2023[sanitize]08[sanitize]10,09,‚»‚Μ‘Ό,‚»‚Μ‘Ό,{ω‚Ή‚Έ,‚ ‚θ
ή“,Τγ‚Λ‚η‚Ά,‰ΑΓμ,u•ϋ,282103,•ΊΙ§,‰ΑΓμs,u•ϋ’¬΄,2023[sanitize]06[sanitize]08,13,‚»‚Μ‘Ό,‚»‚Μ‘Ό,{ω‚Ή‚Έ,‚ ‚θ
ή“,Τγ‚Λ‚η‚Ά,‰ΑΓμ,u•ϋ,282103,•ΊΙ§,‰ΑΓμs,u•ϋ’¬‰΅‘εH,2023[sanitize]02[sanitize]25,10,‚»‚Μ‘Ό,‚»‚Μ‘Ό,{ω‚Ή‚Έ,‚ ‚θ
ή“,Τγ‚Λ‚η‚Ά,‰ΑΓμ,u•ϋ,282103,•ΊΙ§,‰ΑΓμs,u•ϋ’¬‰΅‘εH,2023[sanitize]09[sanitize]07,09,“ΉHγ,‚»‚Μ‘Ό,{ω‚Ή‚Έ,‚ ‚θ
ή“,Τγ‚Λ‚η‚Ά,‰ΑΓμ,u•ϋ,282103,•ΊΙ§,‰ΑΓμs,•½‘‘’¬ΌR,2023[sanitize]06[sanitize]15,10,‚»‚Μ‘Ό,‚»‚Μ‘Ό,{ω‚Ή‚Έ,‚ ‚θ
ή“,Τγ‚Λ‚η‚Ά,‰ΑΓμ,u•ϋ,282103,•ΊΙ§,‰ΑΓμs,u•ϋ’¬γ•y–Ψ,2023[sanitize]04[sanitize]28,09,“ΉHγ,‚»‚Μ‘Ό,{ω‚Ή‚Έ,‚ ‚θ
ή“,Τγ‚Λ‚η‚Ά,‰ΑΓμ,u•ϋ,282103,•ΊΙ§,‰ΑΓμs,u•ϋ’¬γ•y–Ψ,2023[sanitize]06[sanitize]18,14,κΛZ‘ξ,‚»‚Μ‘Ό,{ω‚µ‚½,‚Θ‚µ
ή“,Τγ‚Λ‚η‚Ά,‰ΑΓμ,u•ϋ,282103,•ΊΙ§,‰ΑΓμs,u•ϋ’¬γ•y–Ψ,2023[sanitize]06[sanitize]18,19,κΛZ‘ξ,‚»‚Μ‘Ό,{ω‚Ή‚Έ,‚Θ‚µ
ή“,Τγ‚Λ‚η‚Ά,‰ΑΓμ,u•ϋ,282103,•ΊΙ§,‰ΑΓμs,u•ϋ’¬γ•y–Ψ,2023[sanitize]08[sanitize]07,10,“ΉHγ,‚»‚Μ‘Ό,{ω‚Ή‚Έ,‚ ‚θ
ή“,Τγ‚Λ‚η‚Ά,‰ΑΓμ,u•ϋ“,282103,•ΊΙ§,‰ΑΓμs,u•ϋ’¬ΧH,2023[sanitize]08[sanitize]25,09,‚»‚Μ‘Ό,’“Τi—Φjκ,{ω‚µ‚½,‚ ‚θ
ή“,Τγ‚Λ‚η‚Ά,‰ΑΓμ,V_–μ,282103,•ΊΙ§,‰ΑΓμs,V_–μ‚Q’–Ϊ,2023[sanitize]07[sanitize]15,18,‚SK‚ΔΘγ‹¤“―Z‘ξ,’“Τi—Φjκ,{ω‚Ή‚Έ,‚ ‚θ
ή“,Τγ‚Λ‚η‚Ά,‰ΑΓμ,V_–μ,282103,•ΊΙ§,‰ΑΓμs,V_–μ‚T’–Ϊ,2023[sanitize]06[sanitize]21,11,‚»‚Μ‘Ό,’“Τi—Φjκ,{ω‚Ή‚Έ,‚ ‚θ
ή“,Τγ‚Λ‚η‚Ά,‰ΑΓμ,–{‘‘,283827,•ΊΙ§,”d–’¬,–k–{‘‘‚P’–Ϊ,2023[sanitize]02[sanitize]15,06,’“Τi—Φjκ,’“Τi—Φjκ,{ω‚Ή‚Έ,‚ ‚θ
ή“,Τγ‚Λ‚η‚Ά,‰ΑΓμ,–{‘‘,283827,•ΊΙ§,”d–’¬,“–{‘‘‚Q’–Ϊ,2023[sanitize]03[sanitize]19,07,‚»‚Μ‘Ό,’“Τi—Φjκ,{ω‚Ή‚Έ,‚ ‚θ
ή“,Τγ‚Λ‚η‚Ά,‰ΑΓμ,“‰ΑΓμ,282103,•ΊΙ§,‰ΑΓμs,•½‰ª’¬κF,2023[sanitize]04[sanitize]22,08,‚»‚Μ‘Ό,’“Τi—Φjκ,{ω‚Ή‚Έ,‚ ‚θ
ή“,Τγ‚Λ‚η‚Ά,‰ΑΓμ,“‰ΑΓμ,282103,•ΊΙ§,‰ΑΓμs,•½‰ª’¬Vέ‰Ζ,2023[sanitize]01[sanitize]14,16,‚»‚Μ‘Ό,’“Τi—Φjκ,{ω‚Ή‚Έ,‚Θ‚µ
ή“,Τγ‚Λ‚η‚Ά,‰ΑΓμ,“‰ΑΓμ,282103,•ΊΙ§,‰ΑΓμs,•½‰ª’¬Vέ‰Ζ,2023[sanitize]10[sanitize]23,13,“ΉHγ,‚»‚Μ‘Ό,{ω‚Ή‚Έ,‚Θ‚µ
ή“,Τγ‚Λ‚η‚Ά,‰ΑΓμ,“‰ΑΓμ,282103,•ΊΙ§,‰ΑΓμs,•½‰ª’¬Vέ‰Ζ,2023[sanitize]12[sanitize]30,12,“ΉHγ,‚»‚Μ‘Ό,{ω‚Ή‚Έ,‚ ‚θ
ή“,Τγ‚Λ‚η‚Ά,‰ΑΓμ,“‰ΑΓμ,282103,•ΊΙ§,‰ΑΓμs,•½‰ª’¬Vέ‰Ζ‚Q’–Ϊ,2023[sanitize]11[sanitize]11,14,‚»‚Μ‘Ό,’“Τi—Φjκ,{ω‚Ή‚Έ,‚Θ‚µ
ή“,Τγ‚Λ‚η‚Ά,‰ΑΓμ,§”_‘O,282103,•ΊΙ§,‰ΑΓμs,•½‰ª’¬Vέ‰Ζ,2023[sanitize]06[sanitize]07,11,κΛZ‘ξ,’“Τi—Φjκ,{ω‚Ή‚Έ,‚ ‚θ
ή“,Τγ‚Λ‚η‚Ά,‰ΑΓμ,§”_‘O,282103,•ΊΙ§,‰ΑΓμs,•½‰ª’¬Vέ‰Ζ,2023[sanitize]12[sanitize]16,11,“ΉHγ,‚»‚Μ‘Ό,{ω‚Ή‚Έ,‚ ‚θ
ή“,Τγ‚Λ‚η‚Ά,‰ΑΓμ,_‹g,282103,•ΊΙ§,‰ΑΓμs,Ό_‹g’¬έ,2023[sanitize]05[sanitize]28,22,‚»‚Μ‘Ό‚ΜZ‘ξi‚RK‚ΔΘ‰Ί‹¤“―Z‘ξ“™j,’“Τi—Φjκ,{ω‚µ‚½,‚Θ‚µ
ή“,Τγ‚Λ‚η‚Ά,‰ΑΓμ,_‹g,282103,•ΊΙ§,‰ΑΓμs,Ό_‹g’¬’Ò,2023[sanitize]09[sanitize]08,10,‚»‚Μ‘Ό,‚»‚Μ‘Ό,{ω‚Ή‚Έ,‚ ‚θ
ή“,Τγ‚Λ‚η‚Ά,‰ΑΓμ,_‹g,282103,•ΊΙ§,‰ΑΓμs,“_‹g’¬“V‰Ί΄,2023[sanitize]11[sanitize]24,16,‚»‚Μ‘Ό,’“Τi—Φjκ,{ω‚µ‚½,‚ ‚θ
ή“,Τγ‚Λ‚η‚Ά,‰ΑΓμ,_‹g,282103,•ΊΙ§,‰ΑΓμs,“_‹g’¬_‹g,2023[sanitize]06[sanitize]26,12,κΛZ‘ξ,’“Τi—Φjκ,{ω‚Ή‚Έ,‚ ‚θ
ή“,Τγ‚Λ‚η‚Ά,‰ΑΓμ,_‹g,282103,•ΊΙ§,‰ΑΓμs,“_‹g’¬o‰Ν΄,2023[sanitize]06[sanitize]06,11,‚»‚Μ‘Ό,‚»‚Μ‘Ό,{ω‚Ή‚Έ,‚ ‚θ
ή“,Τγ‚Λ‚η‚Ά,‰ΑΓμ,_‹g,282103,•ΊΙ§,‰ΑΓμs,“_‹g’¬΅“c,2023[sanitize]02[sanitize]04,09,“ΉHγ,‚»‚Μ‘Ό,{ω‚Ή‚Έ,‚ ‚θ
ή“,Τγ‚Λ‚η‚Ά,‰ΑΓμ,_‹g,282103,•ΊΙ§,‰ΑΓμs,“_‹g’¬΅“c,2023[sanitize]03[sanitize]24,09,‚»‚Μ‘Ό,‚»‚Μ‘Ό,{ω‚Ή‚Έ,‚ ‚θ
ή“,Τγ‚Λ‚η‚Ά,‰ΑΓμ,_‹g,282103,•ΊΙ§,‰ΑΓμs,“_‹g’¬΅“c,2023[sanitize]04[sanitize]27,10,“ΉHγ,‚»‚Μ‘Ό,{ω‚Ή‚Έ,‚ ‚θ
ή“,Τγ‚Λ‚η‚Ά,‰ΑΓμ,_–μ,282103,•ΊΙ§,‰ΑΓμs,_–μ’¬Ξη,2023[sanitize]07[sanitize]19,15,‚»‚Μ‘Ό,’“Τi—Φjκ,{ω‚Ή‚Έ,‚ ‚θ
ή“,Τγ‚Λ‚η‚Ά,‰ΑΓμ,_–μ,282103,•ΊΙ§,‰ΑΓμs,_–μ’¬_–μ,2023[sanitize]12[sanitize]04,08,‚»‚Μ‘Ό,’“Τi—Φjκ,{ω‚Ή‚Έ,‚ ‚θ
ή“,Τγ‚Λ‚η‚Ά,‰ΑΓμ,_–μ,282103,•ΊΙ§,‰ΑΓμs,_–μ’¬•—―,2023[sanitize]03[sanitize]30,10,‚»‚Μ‘Ό,‚»‚Μ‘Ό,{ω‚Ή‚Έ,‚ ‚θ
ή“,Τγ‚Λ‚η‚Ά,‰ΑΓμ,_–μ,282103,•ΊΙ§,‰ΑΓμs,_–μ’¬•—―,2023[sanitize]07[sanitize]06,09,‚»‚Μ‘Ό,‚»‚Μ‘Ό,{ω‚Ή‚Έ,‚ ‚θ
ή“,Τγ‚Λ‚η‚Ά,‰ΑΓμ,ξ”ό,283819,•ΊΙ§,ξ”ό’¬,‰ª,2023[sanitize]08[sanitize]28,20,‚»‚Μ‘Ό,’“Τi—Φjκ,{ω‚µ‚½,‚Θ‚µ
ή“,Τγ‚Λ‚η‚Ά,‰ΑΓμ,ξ”ό,283819,•ΊΙ§,ξ”ό’¬,‰ª,2023[sanitize]09[sanitize]01,10,“ΉHγ,‚»‚Μ‘Ό,{ω‚µ‚½,‚ ‚θ
ή“,Τγ‚Λ‚η‚Ά,‰ΑΓμ,ξ”ό,283819,•ΊΙ§,ξ”ό’¬,‰ª,2023[sanitize]12[sanitize]11,09,‚»‚Μ‘Ό,’“Τi—Φjκ,{ω‚µ‚½,‚Θ‚µ
ή“,Τγ‚Λ‚η‚Ά,‰ΑΓμ,ξ”ό,283819,•ΊΙ§,ξ”ό’¬,‰ΑΓ,2023[sanitize]05[sanitize]15,10,“ΉHγ,‚»‚Μ‘Ό,{ω‚Ή‚Έ,‚ ‚θ
ή“,Τγ‚Λ‚η‚Ά,‰ΑΓμ,ξ”ό,283819,•ΊΙ§,ξ”ό’¬,‰ΑΓ,2023[sanitize]12[sanitize]09,10,‚»‚Μ‘Ό,’“Τi—Φjκ,{ω‚Ή‚Έ,‚ ‚θ
ή“,Τγ‚Λ‚η‚Ά,‰ΑΓμ,ξ”ό,283819,•ΊΙ§,ξ”ό’¬,‘‰ª‚P’–Ϊ,2023[sanitize]04[sanitize]14,06,‚»‚Μ‘Ό,’“Τi—Φjκ,{ω‚Ή‚Έ,‚Θ‚µ
ή“,Τγ‚Λ‚η‚Ά,‰ΑΓμ,ξ”ό,283819,•ΊΙ§,ξ”ό’¬,‘‰ª‚S’–Ϊ,2023[sanitize]07[sanitize]18,16,κΛZ‘ξ,’“Τi—Φjκ,{ω‚µ‚½,‚ ‚θ
ή“,Τγ‚Λ‚η‚Ά,‰ΑΓμ,ξ”ό,283819,•ΊΙ§,ξ”ό’¬,‘ΐ,2023[sanitize]09[sanitize]01,10,“ΉHγ,‚»‚Μ‘Ό,{ω‚Ή‚Έ,‚ ‚θ
ή“,Τγ‚Λ‚η‚Ά,‰ΑΓμ,ξ”ό,283819,•ΊΙ§,ξ”ό’¬,‘ΐ,2023[sanitize]12[sanitize]08,19,‚»‚Μ‘Ό,’“Τi—Φjκ,{ω‚Ή‚Έ,‚Θ‚µ
ή“,Τγ‚Λ‚η‚Ά,‰ΑΓμ,ξ”ό,283819,•ΊΙ§,ξ”ό’¬,’†‘Ί,2023[sanitize]04[sanitize]10,01,κΛZ‘ξ,’“Τi—Φjκ,{ω‚Ή‚Έ,‚Θ‚µ
ή“,Τγ‚Λ‚η‚Ά,‰ΑΓμ,ξ”ό,283819,•ΊΙ§,ξ”ό’¬,Z•ªκ,2023[sanitize]04[sanitize]22,16,‚»‚Μ‘Ό‚ΜZ‘ξi‚RK‚ΔΘ‰Ί‹¤“―Z‘ξ“™j,’“Τi—Φjκ,{ω‚Ή‚Έ,‚ ‚θ
ή“,Τγ‚Λ‚η‚Ά,‰ΑΓμ,ξ”ό“,283819,•ΊΙ§,ξ”ό’¬,σ“μ,2023[sanitize]03[sanitize]27,12,‚»‚Μ‘Ό,‚»‚Μ‘Ό,{ω‚Ή‚Έ,‚ ‚θ
ή“,Τγ‚Λ‚η‚Ά,‰ΑΓμ,ξ”ό“,283819,•ΊΙ§,ξ”ό’¬,‘ϋ‘,2023[sanitize]03[sanitize]17,13,‚»‚Μ‘Ό,’“Τi—Φjκ,{ω‚Ή‚Έ,‚Θ‚µ
ή“,Τγ‚Λ‚η‚Ά,‰ΑΓμ,ξ”ό“,283819,•ΊΙ§,ξ”ό’¬,–μ›,2023[sanitize]07[sanitize]20,09,‚»‚Μ‘Ό,‚»‚Μ‘Ό,{ω‚Ή‚Έ,‚ ‚θ
ή“,Τγ‚Λ‚η‚Ά,‰ΑΓμ,–μϋ,282103,•ΊΙ§,‰ΑΓμs,–μϋ’¬’·»,2023[sanitize]06[sanitize]25,16,‚»‚Μ‘Ό‚ΜZ‘ξi‚RK‚ΔΘ‰Ί‹¤“―Z‘ξ“™j,’“Τi—Φjκ,{ω‚Ή‚Έ,‚ ‚θ
ή“,Τγ‚Λ‚η‚Ά,‰ΑΓμ,–μϋ,282103,•ΊΙ§,‰ΑΓμs,–μϋ’¬–μϋ,2023[sanitize]11[sanitize]21,16,‚»‚Μ‘Ό,’“Τi—Φjκ,{ω‚Ή‚Έ,‚Θ‚µ
ή“,Τγ‚Λ‚η‚Ά,‰ΑΓμ,–μ“Y,283827,•ΊΙ§,”d–’¬,‘ε’†‚R’–Ϊ,2023[sanitize]03[sanitize]01,17,κΛZ‘ξ,’“Τi—Φjκ,{ω‚Ή‚Έ,‚Θ‚µ
ή“,Τγ‚Λ‚η‚Ά,‰ΑΓμ,–μ“Y,283827,•ΊΙ§,”d–’¬,–kΓ“c‚Q’–Ϊ,2023[sanitize]04[sanitize]08,20,‚»‚Μ‘Ό,’“Τi—Φjκ,{ω‚Ή‚Έ,‚Θ‚µ
ή“,Τγ‚Λ‚η‚Ά,‰ΑΓμ,–μ“Y,283827,•ΊΙ§,”d–’¬,Ό–μ“Y‚P’–Ϊ,2023[sanitize]07[sanitize]29,08,‚»‚Μ‘Ό,‚»‚Μ‘Ό,{ω‚µ‚½,‚ ‚θ
ή“,Τγ‚Λ‚η‚Ά,‰ΑΓμ,–μ“Y,283827,•ΊΙ§,”d–’¬,“μ–μ“Y‚P’–Ϊ,2023[sanitize]06[sanitize]15,19,κΛZ‘ξ,’“Τi—Φjκ,{ω‚Ή‚Έ,‚ ‚θ
ή“,Τγ‚Λ‚η‚Ά,‰ΑΓμ,”µ—Ά,282103,•ΊΙ§,‰ΑΓμs,‰ΑΓμ’¬ξ‰®,2023[sanitize]11[sanitize]16,13,κΛZ‘ξ,’“Τi—Φjκ,{ω‚Ή‚Έ,‚ ‚θ
ή“,Τγ‚Λ‚η‚Ά,‰ΑΓμ,”µ—Ά,282103,•ΊΙ§,‰ΑΓμs,‰ΑΓμ’¬ξ‰®,2023[sanitize]11[sanitize]18,18,‚»‚Μ‘Ό‚ΜZ‘ξi‚RK‚ΔΘ‰Ί‹¤“―Z‘ξ“™j,’“Τi—Φjκ,{ω‚Ή‚Έ,‚Θ‚µ
ή“,Τγ‚Λ‚η‚Ά,‰ΑΓμ,”µ—Ά,282103,•ΊΙ§,‰ΑΓμs,‰ΑΓμ’¬–kέ‰Ζ,2023[sanitize]10[sanitize]13,15,‚»‚Μ‘Ό,‚»‚Μ‘Ό,{ω‚Ή‚Έ,‚ ‚θ
ή“,Τγ‚Λ‚η‚Ά,‰ΑΓμ,”µ—Ά,282103,•ΊΙ§,‰ΑΓμs,‰ΑΓμ’¬—F‘ς,2023[sanitize]10[sanitize]28,05,‚»‚Μ‘Ό,’“Τi—Φjκ,{ω‚Ή‚Έ,‚Θ‚µ
ή“,Τγ‚Λ‚η‚Ά,‰ΑΓμ,”µ—Ά,282103,•ΊΙ§,‰ΑΓμs,‰ΑΓμ’¬—F‘ς,2023[sanitize]12[sanitize]12,10,‚»‚Μ‘Ό,’“Τi—Φjκ,{ω‚Ή‚Έ,‚ ‚θ
ή“,Τγ‚Λ‚η‚Ά,‚»,Ι•Ϋ,282162,•ΊΙ§,‚»s,Ι•Ϋ’¬’†‹Ψ,2023[sanitize]02[sanitize]14,16,‚»‚Μ‘Ό,’“Τi—Φjκ,{ω‚Ή‚Έ,‚ ‚θ
ή“,Τγ‚Λ‚η‚Ά,‚»,Ι•Ϋ,282162,•ΊΙ§,‚»s,Ό—z‚P’–Ϊ,2023[sanitize]02[sanitize]03,12,“ΉHγ,‚»‚Μ‘Ό,{ω‚Ή‚Έ,‚Θ‚µ
ή“,Τγ‚Λ‚η‚Ά,‚»,Ι•Ϋ,282162,•ΊΙ§,‚»s,Ό—z‚Q’–Ϊ,2023[sanitize]11[sanitize]30,18,‚»‚Μ‘Ό,’“Τi—Φjκ,{ω‚Ή‚Έ,‚Θ‚µ
ή“,Τγ‚Λ‚η‚Ά,‚»,Ι•Ϋ,282162,•ΊΙ§,‚»s,’†‹Ψ‚T’–Ϊ,2023[sanitize]04[sanitize]04,02,“ΉHγ,‚»‚Μ‘Ό,{ω‚µ‚½,‚Θ‚µ
ή“,Τγ‚Λ‚η‚Ά,‚»,Ι•Ϋ,282162,•ΊΙ§,‚»s,”~δ‚T’–Ϊ,2023[sanitize]02[sanitize]10,09,‚»‚Μ‘Ό,‚»‚Μ‘Ό,{ω‚Ή‚Έ,‚ ‚θ
ή“,Τγ‚Λ‚η‚Ά,‚»,‘]ª,282162,•ΊΙ§,‚»s,‘]ª’¬,2023[sanitize]02[sanitize]15,17,‚»‚Μ‘Ό,‚»‚Μ‘Ό,{ω‚Ή‚Έ,‚Θ‚µ
ή“,Τγ‚Λ‚η‚Ά,‚»,•Δ“c,282162,•ΊΙ§,‚»s,•Δ“c’¬“‡,2023[sanitize]01[sanitize]31,12,‚»‚Μ‘Ό,’“Τi—Φjκ,{ω‚Ή‚Έ,‚Θ‚µ
ή“,Τγ‚Λ‚η‚Ά,‚»,•Δ“c,282162,•ΊΙ§,‚»s,•Δ“c’¬“‡,2023[sanitize]02[sanitize]02,08,“ΉHγ,‚»‚Μ‘Ό,{ω‚Ή‚Έ,‚ ‚θ
ή“,Τγ‚Λ‚η‚Ά,‚»,•Δ“c,282162,•ΊΙ§,‚»s,•Δ“c’¬“‡,2023[sanitize]02[sanitize]07,12,‚»‚Μ‘Ό,’“Τi—Φjκ,{ω‚Ή‚Έ,‚Θ‚µ
ή“,Τγ‚Λ‚η‚Ά,‚»,•Δ“c,282162,•ΊΙ§,‚»s,•Δ“c’¬“‡,2023[sanitize]02[sanitize]08,11,’“Τi—Φjκ,’“Τi—Φjκ,{ω‚Ή‚Έ,‚Θ‚µ
ή“,Τγ‚Λ‚η‚Ά,‚»,•Δ“c,282162,•ΊΙ§,‚»s,•Δ“c’¬“‡,2023[sanitize]05[sanitize]26,16,κΛZ‘ξ,’“Τi—Φjκ,{ω‚Ή‚Έ,‚ ‚θ
ή“,Τγ‚Λ‚η‚Ά,‚»,•Δ“c,282162,•ΊΙ§,‚»s,•Δ“c’¬•Δ“c,2023[sanitize]05[sanitize]28,22,‚»‚Μ‘Ό‚ΜZ‘ξi‚RK‚ΔΘ‰Ί‹¤“―Z‘ξ“™j,’“Τi—Φjκ,{ω‚µ‚½,‚ ‚θ
ή“,Τγ‚Λ‚η‚Ά,‚»,•Δ“c,282162,•ΊΙ§,‚»s,•Δ“c’¬•Δ“c,2023[sanitize]05[sanitize]28,22,’“Τi—Φjκ,’“Τi—Φjκ,{ω‚µ‚½,‚Θ‚µ
ή“,Τγ‚Λ‚η‚Ά,‚»,•Δ“c,282162,•ΊΙ§,‚»s,•Δ“c’¬•Δ“cV,2023[sanitize]12[sanitize]06,19,‚»‚Μ‘Ό,’“Τi—Φjκ,{ω‚µ‚½,‚ ‚θ
ή“,Τγ‚Λ‚η‚Ά,‚»,rδ,282162,•ΊΙ§,‚»s,rδ’¬ξ’¬,2023[sanitize]07[sanitize]12,19,κΛZ‘ξ,’“Τi—Φjκ,{ω‚Ή‚Έ,‚ ‚θ
ή“,Τγ‚Λ‚η‚Ά,‚»,rδ,282162,•ΊΙ§,‚»s,rδ’¬¬Ό΄‚Q’–Ϊ,2023[sanitize]02[sanitize]01,18,κΛZ‘ξ,’“Τi—Φjκ,{ω‚Ή‚Έ,‚ ‚θ
ή“,Τγ‚Λ‚η‚Ά,‚»,rδ,282162,•ΊΙ§,‚»s,rδ’¬¬Ό΄‚Q’–Ϊ,2023[sanitize]11[sanitize]11,01,κΛZ‘ξ,’“Τi—Φjκ,{ω‚Ή‚Έ,‚Θ‚µ
ή“,Τγ‚Λ‚η‚Ά,‚»,rδ,282162,•ΊΙ§,‚»s,rδ’¬¬Ό΄‚S’–Ϊ,2023[sanitize]12[sanitize]12,11,‚»‚Μ‘Ό,’“Τi—Φjκ,{ω‚Ή‚Έ,‚Θ‚µ
ή“,Τγ‚Λ‚η‚Ά,‚»,rδ,282162,•ΊΙ§,‚»s,—Ξ‹u‚Q’–Ϊ,2023[sanitize]01[sanitize]19,11,’“Τi—Φjκ,’“Τi—Φjκ,{ω‚Ή‚Έ,‚Θ‚µ
ή“,Τγ‚Λ‚η‚Ά,‚»,rδ,282162,•ΊΙ§,‚»s,—Ξ‹u‚Q’–Ϊ,2023[sanitize]02[sanitize]07,12,‚»‚Μ‘Ό,’“Τi—Φjκ,{ω‚Ή‚Έ,‚Θ‚µ
ή“,Τγ‚Λ‚η‚Ά,‚»,rδ,282162,•ΊΙ§,‚»s,—Ξ‹u‚Q’–Ϊ,2023[sanitize]09[sanitize]05,19,‚»‚Μ‘Ό,’“Τi—Φjκ,{ω‚Ή‚Έ,‚Θ‚µ
ή“,Τγ‚Λ‚η‚Ά,‚»,Ά–ν‘Ι,282162,•ΊΙ§,‚»s,Ά–ν‘Ι’¬–k’r,2023[sanitize]05[sanitize]13,21,κΛZ‘ξ,’“Τi—Φjκ,{ω‚µ‚½,‚Θ‚µ
ή“,Τγ‚Λ‚η‚Ά,‚»,Ά–ν‘Ι,282162,•ΊΙ§,‚»s,Ά–ν‘Ι’¬–k’r,2023[sanitize]05[sanitize]28,10,‚»‚Μ‘Ό‚ΜZ‘ξi‚RK‚ΔΘ‰Ί‹¤“―Z‘ξ“™j,’“Τi—Φjκ,{ω‚µ‚½,‚ ‚θ
ή“,Τγ‚Λ‚η‚Ά,‚»,Ά–ν‘Ι,282162,•ΊΙ§,‚»s,_’ά‚P’–Ϊ,2023[sanitize]08[sanitize]22,17,’“Τi—Φjκ,’“Τi—Φjκ,{ω‚µ‚½,‚ ‚θ
ή“,Τγ‚Λ‚η‚Ά,‚»,Ά–ν‘Ι,282162,•ΊΙ§,‚»s,_’ά‚Q’–Ϊ,2023[sanitize]05[sanitize]28,22,‚»‚Μ‘Ό‚ΜZ‘ξi‚RK‚ΔΘ‰Ί‹¤“―Z‘ξ“™j,’“Τi—Φjκ,{ω‚µ‚½,‚Θ‚µ
ή“,Τγ‚Λ‚η‚Ά,•PH,‹ϋ,282014,•ΊΙ§,•PHs,ά¬“@‚Q’–Ϊ,2023[sanitize]09[sanitize]12,16,“ΉHγ,‚»‚Μ‘Ό,{ω‚Ή‚Έ,‚ ‚θ
ή“,Τγ‚Λ‚η‚Ά,•PH,‹ϋ,282014,•ΊΙ§,•PHs,’|“c’¬,2023[sanitize]09[sanitize]16,12,’“Τi—Φjκ,’“Τi—Φjκ,{ω‚Ή‚Έ,‚ ‚θ
ή“,Τγ‚Λ‚η‚Ά,•PH,m–L–μ,282014,•ΊΙ§,•PHs,“u–x,2023[sanitize]03[sanitize]15,19,κΛZ‘ξ,’“Τi—Φjκ,{ω‚Ή‚Έ,‚ ‚θ
ή“,Τγ‚Λ‚η‚Ά,•PH,m–L–μ,282014,•ΊΙ§,•PHs,“u–x,2023[sanitize]03[sanitize]24,14,’“Τi—Φjκ,’“Τi—Φjκ,{ω‚Ή‚Έ,‚Θ‚µ
ή“,Τγ‚Λ‚η‚Ά,•PH,m–L–μ,282014,•ΊΙ§,•PHs,“u–x,2023[sanitize]03[sanitize]27,13,‚»‚Μ‘Ό,’“Τi—Φjκ,{ω‚Ή‚Έ,‚ ‚θ
ή“,Τγ‚Λ‚η‚Ά,•PH,m–L–μ,282014,•ΊΙ§,•PHs,“u–x,2023[sanitize]04[sanitize]13,08,κΛZ‘ξ,’“Τi—Φjκ,{ω‚Ή‚Έ,‚ ‚θ
ή“,Τγ‚Λ‚η‚Ά,•PH,”ª‘γ,282014,•ΊΙ§,•PHs,Vέ‰Ζ‚R’–Ϊ,2023[sanitize]05[sanitize]08,10,“ΉHγ,‚»‚Μ‘Ό,{ω‚Ή‚Έ,‚ ‚θ
ή“,Τγ‚Λ‚η‚Ά,•PH,”ª‘γ,282014,•ΊΙ§,•PHs,Vέ‰Ζ’†‚Μ’¬,2023[sanitize]06[sanitize]07,12,‚SK‚ΔΘγ‹¤“―Z‘ξ,’“Τi—Φjκ,{ω‚Ή‚Έ,‚ ‚θ
ή“,Τγ‚Λ‚η‚Ά,•PH,”ª‘γ,282014,•ΊΙ§,•PHs,”ª‘γ“υ›’¬,2023[sanitize]06[sanitize]10,12,“ΉHγ,‚»‚Μ‘Ό,{ω‚Ή‚Έ,‚ ‚θ
ή“,Τγ‚Λ‚η‚Ά,•PH,”ª‘γ,282014,•ΊΙ§,•PHs,”ª‘γ–{’¬‚P’–Ϊ,2023[sanitize]08[sanitize]24,22,κΛZ‘ξ,’“Τi—Φjκ,{ω‚Ή‚Έ,‚ ‚θ
ή“,Τγ‚Λ‚η‚Ά,•PH,ι“μ,282014,•ΊΙ§,•PHs,‹›’¬,2023[sanitize]07[sanitize]12,11,“ΉHγ,‚»‚Μ‘Ό,{ω‚Ή‚Έ,‚ ‚θ
ή“,Τγ‚Λ‚η‚Ά,•PH,ι“μ,282014,•ΊΙ§,•PHs,‰–’¬,2023[sanitize]09[sanitize]18,16,“ΉHγ,‚»‚Μ‘Ό,{ω‚Ή‚Έ,‚ ‚θ
ή“,Τγ‚Λ‚η‚Ά,•PH,‘εθ‘O,282014,•ΊΙ§,•PHs,β“c’¬,2023[sanitize]07[sanitize]12,07,‚»‚Μ‘Ό,‚»‚Μ‘Ό,{ω‚Ή‚Έ,‚Θ‚µ
ή“,Τγ‚Λ‚η‚Ά,•PH,‘εθ‘O,282014,•ΊΙ§,•PHs,–{’¬,2023[sanitize]01[sanitize]15,16,‚»‚Μ‘Ό,‚»‚Μ‘Ό,{ω‚Ή‚Έ,‚ ‚θ
ή“,Τγ‚Λ‚η‚Ά,•PH,‘εθ‘O,282014,•ΊΙ§,•PHs,–{’¬,2023[sanitize]04[sanitize]13,00,‚»‚Μ‘Ό,’“Τi—Φjκ,{ω‚Ή‚Έ,‚Θ‚µ
ή“,Τγ‚Λ‚η‚Ά,•PH,‘εθ‘O,282014,•ΊΙ§,•PHs,–{’¬,2023[sanitize]05[sanitize]25,12,“ΉHγ,‚»‚Μ‘Ό,{ω‚Ή‚Έ,‚Θ‚µ
ή“,Τγ‚Λ‚η‚Ά,•PH,‘εθ‘O,282014,•ΊΙ§,•PHs,–{’¬,2023[sanitize]05[sanitize]26,15,‚»‚Μ‘Ό,’“Τi—Φjκ,{ω‚Ή‚Έ,‚Θ‚µ
ή“,Τγ‚Λ‚η‚Ά,•PH,‘εθ‘O,282014,•ΊΙ§,•PHs,–{’¬,2023[sanitize]12[sanitize]10,16,‚»‚Μ‘Ό,‚»‚Μ‘Ό,{ω‚Ή‚Έ,‚Θ‚µ
ή“,Τγ‚Λ‚η‚Ά,•PH,‘εθ‘O,282014,•ΊΙ§,•PHs,ΰ•’¬,2023[sanitize]09[sanitize]02,06,“ΉHγ,‚»‚Μ‘Ό,{ω‚Ή‚Έ,‚ ‚θ
ή“,Τγ‚Λ‚η‚Ά,•PH,“V_‘O,282014,•ΊΙ§,•PHs,‹’¬‚Q’–Ϊ,2023[sanitize]02[sanitize]25,16,κΛZ‘ξ,’“Τi—Φjκ,{ω‚Ή‚Έ,‚ ‚θ
ή“,Τγ‚Λ‚η‚Ά,•PH,“V_‘O,282014,•ΊΙ§,•PHs,“‹½’¬,2023[sanitize]02[sanitize]22,18,‚»‚Μ‘Ό,’“Τi—Φjκ,{ω‚Ή‚Έ,‚ ‚θ
ή“,Τγ‚Λ‚η‚Ά,•PH,“V_‘O,282014,•ΊΙ§,•PHs,‹{Ό’¬‚Q’–Ϊ,2023[sanitize]03[sanitize]10,18,‚»‚Μ‘Ό,’“Τi—Φjκ,{ω‚Ή‚Έ,‚ ‚θ
ή“,Τγ‚Λ‚η‚Ά,•PH,•PH‰w‘O,282014,•ΊΙ§,•PHs,‰w‘O’¬,2023[sanitize]01[sanitize]21,13,‚»‚Μ‘Ό,’“Τi—Φjκ,{ω‚Ή‚Έ,‚ ‚θ
ή“,Τγ‚Λ‚η‚Ά,•PH,•PH‰w‘O,282014,•ΊΙ§,•PHs,‰w‘O’¬,2023[sanitize]04[sanitize]15,00,’“Τi—Φjκ,’“Τi—Φjκ,{ω‚Ή‚Έ,‚ ‚θ
ή“,Τγ‚Λ‚η‚Ά,•PH,•PH‰w‘O,282014,•ΊΙ§,•PHs,‰w‘O’¬,2023[sanitize]05[sanitize]05,13,‚»‚Μ‘Ό,’“Τi—Φjκ,{ω‚Ή‚Έ,‚Θ‚µ
ή“,Τγ‚Λ‚η‚Ά,•PH,•PH‰w‘O,282014,•ΊΙ§,•PHs,‰w‘O’¬,2023[sanitize]05[sanitize]08,09,’“Τi—Φjκ,’“Τi—Φjκ,{ω‚Ή‚Έ,‚Θ‚µ
ή“,Τγ‚Λ‚η‚Ά,•PH,•PH‰w‘O,282014,•ΊΙ§,•PHs,‹v•Ϋ’¬,2023[sanitize]12[sanitize]04,11,’“Τi—Φjκ,’“Τi—Φjκ,{ω‚µ‚½,‚ ‚θ
ή“,Τγ‚Λ‚η‚Ά,•PH,•PH‰w‘O,282014,•ΊΙ§,•PHs,–kπϋ‚R’–Ϊ,2023[sanitize]07[sanitize]07,10,‚SK‚ΔΘγ‹¤“―Z‘ξ,’“Τi—Φjκ,{ω‚Ή‚Έ,‚Θ‚µ
ή“,Τγ‚Λ‚η‚Ά,•PH,•PH‰w‘O,282014,•ΊΙ§,•PHs,“‰w‘O’¬,2023[sanitize]01[sanitize]07,16,’“Τi—Φjκ,’“Τi—Φjκ,{ω‚Ή‚Έ,‚Θ‚µ
ή“,Τγ‚Λ‚η‚Ά,•PH,•PH‰w“μ,282014,•ΊΙ§,•PHs,Ά•Ϋ,2023[sanitize]07[sanitize]10,18,κΛZ‘ξ,’“Τi—Φjκ,{ω‚Ή‚Έ,‚Θ‚µ
ή“,Τγ‚Λ‚η‚Ά,•PH,•PH‰w“μ,282014,•ΊΙ§,•PHs,Ά•Ϋ,2023[sanitize]07[sanitize]15,20,‚SK‚ΔΘγ‹¤“―Z‘ξ,’“Τi—Φjκ,{ω‚µ‚½,‚ ‚θ
ή“,Τγ‚Λ‚η‚Ά,•PH,•PH‰w“μ,282014,•ΊΙ§,•PHs,Ά•Ϋ,2023[sanitize]07[sanitize]30,23,κΛZ‘ξ,’“Τi—Φjκ,{ω‚µ‚½,‚ ‚θ
ή“,Τγ‚Λ‚η‚Ά,•PH,•PH‰w“μ,282014,•ΊΙ§,•PHs,“μ¤’¬‚P’–Ϊ,2023[sanitize]04[sanitize]03,18,’“Τi—Φjκ,’“Τi—Φjκ,{ω‚Ή‚Έ,‚Θ‚µ
ή“,Τγ‚Λ‚η‚Ά,•PH,•PH‰w“μ,282014,•ΊΙ§,•PHs,–kπ,2023[sanitize]07[sanitize]10,17,‚»‚Μ‘Ό,’“Τi—Φjκ,{ω‚µ‚½,‚ ‚θ
ή“,Τγ‚Λ‚η‚Ά,•PH,•PH‰w“μ,282014,•ΊΙ§,•PHs,–kπ‚P’–Ϊ,2023[sanitize]05[sanitize]14,01,κΛZ‘ξ,‚»‚Μ‘Ό,{ω‚Ή‚Έ,‚ ‚θ
ή“,Τγ‚Λ‚η‚Ά,•PH,•PH‰w“μ,282014,•ΊΙ§,•PHs,–kπ‚P’–Ϊ,2023[sanitize]07[sanitize]15,23,κΛZ‘ξ,’“Τi—Φjκ,{ω‚µ‚½,‚ ‚θ
ή“,Τγ‚Λ‚η‚Ά,•PH,•PH‰w“μ,282014,•ΊΙ§,•PHs,“μ‰w‘O’¬,2023[sanitize]04[sanitize]15,20,“ΉHγ,‚»‚Μ‘Ό,{ω‚Ή‚Έ,‚ ‚θ
ή“,Τγ‚Λ‚η‚Ά,•PH,•PH‰w“μ,282014,•ΊΙ§,•PHs,O¶‰q–ε–x“‚Μ’¬,2023[sanitize]10[sanitize]25,10,‚»‚Μ‘Ό,’“Τi—Φjκ,{ω‚Ή‚Έ,‚Θ‚µ
ή“,Τγ‚Λ‚η‚Ά,•PH,•PH‰w“μ,282014,•ΊΙ§,•PHs,O¶‰q–ε–x“‚Μ’¬,2023[sanitize]11[sanitize]27,10,‚»‚Μ‘Ό,’“Τi—Φjκ,{ω‚Ή‚Έ,‚Θ‚µ
ή“,Τγ‚Λ‚η‚Ά,•PH,•PH‰w“μ,282014,•ΊΙ§,•PHs,–kπ‹{‚Μ’¬,2023[sanitize]04[sanitize]23,20,‚»‚Μ‘Ό,’“Τi—Φjκ,{ω‚Ή‚Έ,‚ ‚θ
ή“,Τγ‚Λ‚η‚Ά,•PH,ΐu,282014,•ΊΙ§,•PHs,ΐ•x’¬OX,2023[sanitize]06[sanitize]21,10,‚»‚Μ‘Ό,‚»‚Μ‘Ό,{ω‚Ή‚Έ,‚ ‚θ
ή“,Τγ‚Λ‚η‚Ά,•PH,R“c,282014,•ΊΙ§,•PHs,R“c’¬–q–μ,2023[sanitize]10[sanitize]26,16,κΛZ‘ξ,’“Τi—Φjκ,{ω‚Ή‚Έ,‚Θ‚µ
ή“,Τγ‚Λ‚η‚Ά,•PH,‘Κ,282014,•ΊΙ§,•PHs,‘Κ,2023[sanitize]04[sanitize]18,08,‚»‚Μ‘Ό,‚»‚Μ‘Ό,{ω‚Ή‚Έ,‚ ‚θ
ή“,Τγ‚Λ‚η‚Ά,•PH,‘Κ,282014,•ΊΙ§,•PHs,‘Κ,2023[sanitize]05[sanitize]15,10,‚»‚Μ‘Ό,’“Τi—Φjκ,{ω‚Ή‚Έ,‚ ‚θ
ή“,Τγ‚Λ‚η‚Ά,•PH,—Ρ“c,282014,•ΊΙ§,•PHs,—Ρ“c’¬ϋ²©,2022[sanitize]12[sanitize]05,08,‚»‚Μ‘Ό,‚»‚Μ‘Ό,{ω‚Ή‚Έ,‚ ‚θ
ή“,Τγ‚Λ‚η‚Ά,•PH,“c›,282014,•ΊΙ§,•PHs,“c›‚R’–Ϊ,2023[sanitize]04[sanitize]21,16,“ΉHγ,‚»‚Μ‘Ό,{ω‚Ή‚Έ,‚ ‚θ
ή“,Τγ‚Λ‚η‚Ά,•PH,“c›,282014,•ΊΙ§,•PHs,’Òδ‚P’–Ϊ,2023[sanitize]07[sanitize]25,17,κΛZ‘ξ,’“Τi—Φjκ,{ω‚Ή‚Έ,‚ ‚θ
ή“,Τγ‚Λ‚η‚Ά,•PH,“c›,282014,•ΊΙ§,•PHs,δ—§Ό‚S’–Ϊ,2023[sanitize]07[sanitize]24,16,‚»‚Μ‘Ό,‚»‚Μ‘Ό,{ω‚Ή‚Έ,‚ ‚θ
ή“,Τγ‚Λ‚η‚Ά,•PH,“c›,282014,•ΊΙ§,•PHs,δ—§Ό‚S’–Ϊ,2023[sanitize]12[sanitize]13,08,‚»‚Μ‘Ό,’“Τi—Φjκ,{ω‚µ‚½,‚ ‚θ
ή“,Τγ‚Λ‚η‚Ά,•PH,“c›,282014,•ΊΙ§,•PHs,δ—§“‚Q’–Ϊ,2023[sanitize]03[sanitize]22,11,“ΉHγ,‚»‚Μ‘Ό,{ω‚Ή‚Έ,‚ ‚θ
ή“,Τγ‚Λ‚η‚Ά,•PH,“c›,282014,•ΊΙ§,•PHs,δ—§“‚S’–Ϊ,2023[sanitize]02[sanitize]22,11,‚»‚Μ‘Ό,‚»‚Μ‘Ό,{ω‚Ή‚Έ,‚ ‚θ
ή“,Τγ‚Λ‚η‚Ά,•PH,_“c,282014,•ΊΙ§,•PHs,_“c’¬‚Q’–Ϊ,2023[sanitize]03[sanitize]09,13,κΛZ‘ξ,’“Τi—Φjκ,{ω‚Ή‚Έ,‚ ‚θ
ή“,Τγ‚Λ‚η‚Ά,•PH,_“c,282014,•ΊΙ§,•PHs,“μ΅h,2023[sanitize]10[sanitize]21,20,‚»‚Μ‘Ό,’“Τi—Φjκ,{ω‚Ή‚Έ,‚Θ‚µ
ή“,Τγ‚Λ‚η‚Ά,•PH,‰Τ“c,282014,•ΊΙ§,•PHs,‰Τ“c’¬¬μ,2023[sanitize]01[sanitize]01,14,‚»‚Μ‘Ό,‚»‚Μ‘Ό,{ω‚Ή‚Έ,‚ ‚θ
ή“,Τγ‚Λ‚η‚Ά,•PH,‰Τ“c,282014,•ΊΙ§,•PHs,‰Τ“c’¬¬μ,2023[sanitize]04[sanitize]03,20,‚SK‚ΔΘγ‹¤“―Z‘ξ,’“Τi—Φjκ,{ω‚µ‚½,‚Θ‚µ
ή“,Τγ‚Λ‚η‚Ά,•PH,‰Τ“c,282014,•ΊΙ§,•PHs,‰Τ“c’¬γ΄“c,2023[sanitize]12[sanitize]21,12,‚»‚Μ‘Ό,’“Τi—Φjκ,{ω‚Ή‚Έ,‚Θ‚µ
ή“,Τγ‚Λ‚η‚Ά,•PH,Όe,282014,•ΊΙ§,•PHs,‘Ύs’†,2023[sanitize]12[sanitize]13,09,‚»‚Μ‘Ό,’“Τi—Φjκ,{ω‚µ‚½,‚ ‚θ
ή“,Τγ‚Λ‚η‚Ά,•PH,–L‘,282014,•ΊΙ§,•PHs,ό“’¬“‚’[V,2023[sanitize]03[sanitize]28,13,‚»‚Μ‘Ό,‚»‚Μ‘Ό,{ω‚Ή‚Έ,‚ ‚θ
ή“,Τγ‚Λ‚η‚Ά,•PH,–L‘,282014,•ΊΙ§,•PHs,ό“’¬‰–θ,2023[sanitize]02[sanitize]16,13,“ΉHγ,‚»‚Μ‘Ό,{ω‚Ή‚Έ,‚ ‚θ
ή“,Τγ‚Λ‚η‚Ά,•PH,–L‘,282014,•ΊΙ§,•PHs,ό“’¬–L‘,2023[sanitize]02[sanitize]24,17,‚»‚Μ‘Ό,’“Τi—Φjκ,{ω‚Ή‚Έ,‚Θ‚µ
ή“,Τγ‚Λ‚η‚Ά,•PH,–μ—Ά,282014,•ΊΙ§,•PHs,Ι“`‹,2023[sanitize]06[sanitize]07,12,κΛZ‘ξ,’“Τi—Φjκ,{ω‚Ή‚Έ,‚Θ‚µ
ή“,Τγ‚Λ‚η‚Ά,•PH,–μ—Ά,282014,•ΊΙ§,•PHs,άY‰E‰q–ε“@,2023[sanitize]06[sanitize]01,22,κΛZ‘ξ,’“Τi—Φjκ,{ω‚Ή‚Έ,‚ ‚θ
ή“,Τγ‚Λ‚η‚Ά,•PH,–μ—Ά,282014,•ΊΙ§,•PHs,ι–kV’¬‚Q’–Ϊ,2023[sanitize]03[sanitize]17,21,κΛZ‘ξ,’“Τi—Φjκ,{ω‚Ή‚Έ,‚Θ‚µ
ή“,Τγ‚Λ‚η‚Ά,•PH,–μ—Ά,282014,•ΊΙ§,•PHs,“‹½’¬,2023[sanitize]02[sanitize]24,23,‚»‚Μ‘Ό,’“Τi—Φjκ,{ω‚Ή‚Έ,‚Θ‚µ
ή“,Τγ‚Λ‚η‚Ά,•PH,–μ—Ά,282014,•ΊΙ§,•PHs,‘Κ–{’¬‚Q’–Ϊ,2023[sanitize]05[sanitize]23,13,“ΉHγ,‚»‚Μ‘Ό,{ω‚Ή‚Έ,‚Θ‚µ
ή“,Τγ‚Λ‚η‚Ά,•PH,–μ—Ά,282014,•ΊΙ§,•PHs,–μ—Άγ–μ’¬‚P’–Ϊ,2023[sanitize]09[sanitize]20,09,κΛZ‘ξ,’“Τi—Φjκ,{ω‚Ή‚Έ,‚ ‚θ
ή“,Τγ‚Λ‚η‚Ά,•PH,–μ—Ά,282014,•ΊΙ§,•PHs,–μ—Ά–x—―’¬,2023[sanitize]07[sanitize]19,21,κΛZ‘ξ,’“Τi—Φjκ,{ω‚µ‚½,‚ ‚θ
ή“,Τγ‚Λ‚η‚Ά,•PH,–μ—Ά‰w‘O,282014,•ΊΙ§,•PHs,–μ—Ά,2023[sanitize]04[sanitize]23,15,‚SK‚ΔΘγ‹¤“―Z‘ξ,’“Τi—Φjκ,{ω‚Ή‚Έ,‚Θ‚µ
ή“,Τγ‚Λ‚η‚Ά,•PH,–μ—Ά‰w‘O,282014,•ΊΙ§,•PHs,–μ—Ά,2023[sanitize]07[sanitize]19,18,’“Τi—Φjκ,’“Τi—Φjκ,{ω‚µ‚½,‚ ‚θ
ή“,Τγ‚Λ‚η‚Ά,•PH,–μ—Ά‰w‘O,282014,•ΊΙ§,•PHs,•Ϋι,2023[sanitize]04[sanitize]03,18,κΛZ‘ξ,’“Τi—Φjκ,{ω‚µ‚½,‚ ‚θ
ή“,Τγ‚Λ‚η‚Ά,•PH,–μ—Ά‰w‘O,282014,•ΊΙ§,•PHs,•Ϋι,2023[sanitize]07[sanitize]24,12,‚»‚Μ‘Ό,‚»‚Μ‘Ό,{ω‚Ή‚Έ,‚ ‚θ
ή“,Τγ‚Λ‚η‚Ά,•PH,όΌ,282014,•ΊΙ§,•PHs,ΒR‚T’–Ϊ,2023[sanitize]04[sanitize]17,15,‚SK‚ΔΘγ‹¤“―Z‘ξ,’“Τi—Φjκ,{ω‚µ‚½,‚Θ‚µ
ή“,Τγ‚Λ‚η‚Ά,•PH,όΌ,282014,•ΊΙ§,•PHs,’¬“c,2023[sanitize]12[sanitize]16,18,‚»‚Μ‘Ό,’“Τi—Φjκ,{ω‚Ή‚Έ,‚Θ‚µ
ή“,Τγ‚Λ‚η‚Ά,•PH,›,282014,•ΊΙ§,•PHs,›’¬{‰Α‰@,2023[sanitize]06[sanitize]27,21,κΛZ‘ξ,’“Τi—Φjκ,{ω‚Ή‚Έ,‚Θ‚µ
ή“,Τγ‚Λ‚η‚Ά,•PH,›,282014,•ΊΙ§,•PHs,›’¬“yt,2023[sanitize]09[sanitize]01,07,κΛZ‘ξ,’“Τi—Φjκ,{ω‚Ή‚Έ,‚Θ‚µ
ή“,Τγ‚Λ‚η‚Ά,•PH,›,282014,•ΊΙ§,•PHs,›’¬“yt,2023[sanitize]11[sanitize]20,17,κΛZ‘ξ,’“Τi—Φjκ,{ω‚Ή‚Έ,‚ ‚θ
ή“,Τγ‚Λ‚η‚Ά,•PH,›,282014,•ΊΙ§,•PHs,›’¬aϋ,2023[sanitize]10[sanitize]27,08,‚»‚Μ‘Ό,’“Τi—Φjκ,{ω‚Ή‚Έ,‚Θ‚µ
ή“,Τγ‚Λ‚η‚Ά,•PH,,,,,,2023[sanitize]07[sanitize]30,13,’“Τi—Φjκ,’“Τi—Φjκ,{ω‚µ‚½,‚Θ‚µ
ή“,Τγ‚Λ‚η‚Ά,ό–,δƒmϋ,282014,•ΊΙ§,•PHs,‰ª“c,2023[sanitize]03[sanitize]27,15,‚»‚Μ‘Ό,’“Τi—Φjκ,{ω‚Ή‚Έ,‚ ‚θ
ή“,Τγ‚Λ‚η‚Ά,ό–,δƒmϋ,282014,•ΊΙ§,•PHs,‰ª“c,2023[sanitize]05[sanitize]23,21,‚SK‚ΔΘγ‹¤“―Z‘ξ,‚»‚Μ‘Ό,{ω‚Ή‚Έ,‚ ‚θ
ή“,Τγ‚Λ‚η‚Ά,ό–,δƒmϋ,282014,•ΊΙ§,•PHs,Ό―,2023[sanitize]04[sanitize]30,16,κΛZ‘ξ,’“Τi—Φjκ,{ω‚Ή‚Έ,‚ ‚θ
ή“,Τγ‚Λ‚η‚Ά,ό–,δƒmϋ,282014,•ΊΙ§,•PHs,Ό―,2023[sanitize]09[sanitize]26,23,’“Τi—Φjκ,’“Τi—Φjκ,{ω‚Ή‚Έ,‚ ‚θ
ή“,Τγ‚Λ‚η‚Ά,ό–,δƒmϋ,282014,•ΊΙ§,•PHs,’†’n“μ’¬,2023[sanitize]04[sanitize]17,20,‚»‚Μ‘Ό‚ΜZ‘ξi‚RK‚ΔΘ‰Ί‹¤“―Z‘ξ“™j,’“Τi—Φjκ,{ω‚µ‚½,‚Θ‚µ
ή“,Τγ‚Λ‚η‚Ά,ό–,δƒmϋ,282014,•ΊΙ§,•PHs,’¬’Ψ,2023[sanitize]05[sanitize]07,20,κΛZ‘ξ,’“Τi—Φjκ,{ω‚Ή‚Έ,‚Θ‚µ
ή“,Τγ‚Λ‚η‚Ά,ό–,δƒmϋ,282014,•ΊΙ§,•PHs,’¬’Ψ,2023[sanitize]06[sanitize]15,16,κΛZ‘ξ,’“Τi—Φjκ,{ω‚Ή‚Έ,‚Θ‚µ
ή“,Τγ‚Λ‚η‚Ά,ό–,δƒmϋ,282014,•ΊΙ§,•PHs,“yR‚V’–Ϊ,2023[sanitize]02[sanitize]01,19,‚SK‚ΔΘγ‹¤“―Z‘ξ,’“Τi—Φjκ,{ω‚Ή‚Έ,‚Θ‚µ
ή“,Τγ‚Λ‚η‚Ά,ό–,΅h,282014,•ΊΙ§,•PHs,Ό΅h‚R’–Ϊ,2023[sanitize]04[sanitize]14,10,’“Τi—Φjκ,’“Τi—Φjκ,{ω‚Ή‚Έ,‚ ‚θ
ή“,Τγ‚Λ‚η‚Ά,ό–,΅h,282014,•ΊΙ§,•PHs,_q‰ª‘O‚R’–Ϊ,2023[sanitize]10[sanitize]20,00,’“Τi—Φjκ,’“Τi—Φjκ,{ω‚Ή‚Έ,‚Θ‚µ
ή“,Τγ‚Λ‚η‚Ά,ό–,΅h,282014,•ΊΙ§,•PHs,_q‰ª‘O‚R’–Ϊ,2023[sanitize]10[sanitize]20,13,‚»‚Μ‘Ό,’“Τi—Φjκ,{ω‚Ή‚Έ,‚Θ‚µ
ή“,Τγ‚Λ‚η‚Ά,ό–,΅h,282014,•ΊΙ§,•PHs,–ΌΓR’¬,2023[sanitize]01[sanitize]16,16,“ΉHγ,‚»‚Μ‘Ό,{ω‚Ή‚Έ,‚ ‚θ
ή“,Τγ‚Λ‚η‚Ά,ό–,΅h,282014,•ΊΙ§,•PHs,–ΌΓR’¬,2023[sanitize]03[sanitize]07,10,“ΉHγ,‚»‚Μ‘Ό,{ω‚Ή‚Έ,‚ ‚θ
ή“,Τγ‚Λ‚η‚Ά,ό–,”ª–Ψ,282014,•ΊΙ§,•PHs,”ª‰Ζ,2023[sanitize]02[sanitize]28,09,“ΉHγ,‚»‚Μ‘Ό,{ω‚Ή‚Έ,‚ ‚θ
ή“,Τγ‚Λ‚η‚Ά,ό–,•Κ,282014,•ΊΙ§,•PHs,•Κ’¬–kh,2023[sanitize]05[sanitize]26,10,“ΉHγ,‚»‚Μ‘Ό,{ω‚Ή‚Έ,‚ ‚θ
ή“,Τγ‚Λ‚η‚Ά,ό–,•Κ,282014,•ΊΙ§,•PHs,•Κ’¬¬—Ρ,2023[sanitize]02[sanitize]12,20,κΛZ‘ξ,’“Τi—Φjκ,{ω‚Ή‚Έ,‚ ‚θ
ή“,Τγ‚Λ‚η‚Ά,ό–,•Κ,282014,•ΊΙ§,•PHs,•Κ’¬²“y‚P’–Ϊ,2023[sanitize]05[sanitize]28,19,‚»‚Μ‘Ό‚ΜZ‘ξi‚RK‚ΔΘ‰Ί‹¤“―Z‘ξ“™j,’“Τi—Φjκ,{ω‚µ‚½,‚Θ‚µ
ή“,Τγ‚Λ‚η‚Ά,ό–,•Κ,282014,•ΊΙ§,•PHs,•Κ’¬•Κ,2023[sanitize]05[sanitize]28,19,‚»‚Μ‘Ό‚ΜZ‘ξi‚RK‚ΔΘ‰Ί‹¤“―Z‘ξ“™j,’“Τi—Φjκ,{ω‚µ‚½,‚Θ‚µ
ή“,Τγ‚Λ‚η‚Ά,ό–,‘ε‰–,282014,•ΊΙ§,•PHs,‘ε‰–’¬,2023[sanitize]01[sanitize]18,15,‚»‚Μ‘Ό,‚»‚Μ‘Ό,{ω‚Ή‚Έ,‚ ‚θ
ή“,Τγ‚Λ‚η‚Ά,ό–,Θ­,282014,•ΊΙ§,•PHs,ό–‹ζΘ­,2023[sanitize]06[sanitize]20,10,κΛZ‘ξ,’“Τi—Φjκ,{ω‚Ή‚Έ,‚Θ‚µ
ή“,Τγ‚Λ‚η‚Ά,ό–,Θ­,282014,•ΊΙ§,•PHs,ό–‹ζΘ­“ϊ“c’¬,2023[sanitize]01[sanitize]14,17,‚»‚Μ‘Ό,‚»‚Μ‘Ό,{ω‚Ή‚Έ,‚Θ‚µ
ή“,Τγ‚Λ‚η‚Ά,ό–,‹{,282014,•ΊΙ§,•PHs,ό–‹ζΧ],2023[sanitize]01[sanitize]29,21,κΛZ‘ξ,’“Τi—Φjκ,{ω‚µ‚½,‚Θ‚µ
ή“,Τγ‚Λ‚η‚Ά,ό–,‹{,282014,•ΊΙ§,•PHs,ό–‹ζΧ],2023[sanitize]09[sanitize]14,20,‚»‚Μ‘Ό,’“Τi—Φjκ,{ω‚Ή‚Έ,‚Θ‚µ
ή“,Τγ‚Λ‚η‚Ά,ό–,‹{,282014,•ΊΙ§,•PHs,ό–‹ζΧ],2023[sanitize]10[sanitize]14,15,‚»‚Μ‘Ό,’“Τi—Φjκ,{ω‚Ή‚Έ,‚Θ‚µ
ή“,Τγ‚Λ‚η‚Ά,ό–,‹{,282014,•ΊΙ§,•PHs,ό–‹ζ–xμ’¬,2023[sanitize]02[sanitize]17,14,κΛZ‘ξ,’“Τi—Φjκ,{ω‚Ή‚Έ,‚Θ‚µ
ή“,Τγ‚Λ‚η‚Ά,ό–,‰Ζ“‡,282014,•ΊΙ§,•PHs,‰Ζ“‡’¬‹{,2023[sanitize]10[sanitize]21,07,“ΉHγ,‚»‚Μ‘Ό,{ω‚Ή‚Έ,‚ ‚θ
ή“,Τγ‚Λ‚η‚Ά,ό–,δ‘–μ,282014,•ΊΙ§,•PHs,l‹½’¬“Ά•Ϋ,2023[sanitize]07[sanitize]01,22,κΛZ‘ξ,’“Τi—Φjκ,{ω‚Ή‚Έ,‚ ‚θ
ή“,Τγ‚Λ‚η‚Ά,ό–,δ‘–μ,282014,•ΊΙ§,•PHs,l‹½’¬“Ά•Ϋ,2023[sanitize]07[sanitize]03,17,κΛZ‘ξ,’“Τi—Φjκ,{ω‚Ή‚Έ,‚ ‚θ
ή“,Τγ‚Λ‚η‚Ά,ό–,δ‘–μ,282014,•ΊΙ§,•PHs,l‹½’¬“Ά•Ϋ,2023[sanitize]07[sanitize]03,19,κΛZ‘ξ,’“Τi—Φjκ,{ω‚Ή‚Έ,‚ ‚θ
ή“,Τγ‚Λ‚η‚Ά,ό–,δ‘–μ,282014,•ΊΙ§,•PHs,l‹½’¬“Ά•Ϋ,2023[sanitize]07[sanitize]22,10,‚»‚Μ‘Ό,‚»‚Μ‘Ό,{ω‚Ή‚Έ,‚ ‚θ
ή“,Τγ‚Λ‚η‚Ά,ό–,δ‘–μ,282014,•ΊΙ§,•PHs,l‹½’¬–{‹½,2023[sanitize]09[sanitize]14,07,‚»‚Μ‘Ό,’“Τi—Φjκ,{ω‚Ή‚Έ,‚Θ‚µ
ή“,Τγ‚Λ‚η‚Ά,ό–,δ‘–μ,282014,•ΊΙ§,•PHs,l‹½’¬©–μ,2023[sanitize]03[sanitize]12,14,’“Τi—Φjκ,’“Τi—Φjκ,{ω‚Ή‚Έ,‚ ‚θ
ή“,Τγ‚Λ‚η‚Ά,ό–,δ‘–μ,282014,•ΊΙ§,•PHs,l‹½’¬©–μ,2023[sanitize]04[sanitize]04,00,‚SK‚ΔΘγ‹¤“―Z‘ξ,’“Τi—Φjκ,{ω‚µ‚½,‚ ‚θ
ή“,Τγ‚Λ‚η‚Ά,ό–,δ‘–μ,282014,•ΊΙ§,•PHs,l‹½’¬Re,2023[sanitize]05[sanitize]25,21,κΛZ‘ξ,’“Τi—Φjκ,{ω‚Ή‚Έ,‚ ‚θ
ή“,Τγ‚Λ‚η‚Ά,ό–,δ‘–μ,282014,•ΊΙ§,•PHs,δ‘–μ’¬[u–μ,2023[sanitize]02[sanitize]21,09,‚»‚Μ‘Ό,‚»‚Μ‘Ό,{ω‚Ή‚Έ,‚ ‚θ
ή“,Τγ‚Λ‚η‚Ά,ό–,vΔ‹΄,282014,•ΊΙ§,•PHs,ό–‹ζ\‚Q’–Ϊ,2023[sanitize]06[sanitize]30,09,‚»‚Μ‘Ό,’“Τi—Φjκ,{ω‚Ή‚Έ,‚Θ‚µ
ή“,Τγ‚Λ‚η‚Ά,ό–,vΔ‹΄,282014,•ΊΙ§,•PHs,ό–‹ζ\‚R’–Ϊ,2023[sanitize]04[sanitize]03,10,“ΉHγ,‚»‚Μ‘Ό,{ω‚Ή‚Έ,‚ ‚θ
ή“,Τγ‚Λ‚η‚Ά,ό–,vΔ‹΄,282014,•ΊΙ§,•PHs,ό–‹ζ‰Α–Ξ,2023[sanitize]03[sanitize]27,18,κΛZ‘ξ,’“Τi—Φjκ,{ω‚Ή‚Έ,‚Θ‚µ
ή“,Τγ‚Λ‚η‚Ά,ό–,vΔ‹΄,282014,•ΊΙ§,•PHs,ό–‹ζ‰Α–Ξ,2023[sanitize]04[sanitize]25,23,’“Τi—Φjκ,’“Τi—Φjκ,{ω‚µ‚½,‚ ‚θ
ή“,Τγ‚Λ‚η‚Ά,ό–,θ•Ώ,282014,•ΊΙ§,•PHs,Ό‰„––,2023[sanitize]09[sanitize]16,17,‚SK‚ΔΘγ‹¤“―Z‘ξ,’“Τi—Φjκ,{ω‚Ή‚Έ,‚Θ‚µ
ή“,Τγ‚Λ‚η‚Ά,ό–,θ•Ώ,282014,•ΊΙ§,•PHs,“‰„––‚R’–Ϊ,2023[sanitize]02[sanitize]22,13,’“Τi—Φjκ,’“Τi—Φjκ,{ω‚Ή‚Έ,‚Θ‚µ
ή“,Τγ‚Λ‚η‚Ά,ό–,θ•Ώ,282014,•ΊΙ§,•PHs,ΐ“c‚P’–Ϊ,2023[sanitize]03[sanitize]30,03,“ΉHγ,‚»‚Μ‘Ό,{ω‚Ή‚Έ,‚ ‚θ
ή“,Τγ‚Λ‚η‚Ά,ό–,“R,282014,•ΊΙ§,•PHs,–k΄,2023[sanitize]07[sanitize]31,22,κΛZ‘ξ,’“Τi—Φjκ,{ω‚Ή‚Έ,‚ ‚θ
ή“,Τγ‚Λ‚η‚Ά,ό–,“R,282014,•ΊΙ§,•PHs,p,2023[sanitize]07[sanitize]25,20,κΛZ‘ξ,’“Τi—Φjκ,{ω‚Ή‚Έ,‚Θ‚µ
ή“,Τγ‚Λ‚η‚Ά,ό–,“R,282014,•ΊΙ§,•PHs,p,2023[sanitize]07[sanitize]27,15,’“Τi—Φjκ,’“Τi—Φjκ,{ω‚µ‚½,‚ ‚θ
ή“,Τγ‚Λ‚η‚Ά,ό–,“R,282014,•ΊΙ§,•PHs,p,2023[sanitize]07[sanitize]27,19,κΛZ‘ξ,’“Τi—Φjκ,{ω‚Ή‚Έ,‚Θ‚µ
ή“,Τγ‚Λ‚η‚Ά,ό–,“R,282014,•ΊΙ§,•PHs,“R,2023[sanitize]05[sanitize]21,12,‚»‚Μ‘Ό,’“Τi—Φjκ,{ω‚Ή‚Έ,‚ ‚θ
ή“,Τγ‚Λ‚η‚Ά,ό–,“R,282014,•ΊΙ§,•PHs,“R,2023[sanitize]07[sanitize]20,00,κΛZ‘ξ,’“Τi—Φjκ,{ω‚Ή‚Έ,‚Θ‚µ
ή“,Τγ‚Λ‚η‚Ά,ό–,“R,282014,•ΊΙ§,•PHs,L”¨‹ζ³–ε’Κ‚S’–Ϊ,2023[sanitize]03[sanitize]16,17,κΛZ‘ξ,’“Τi—Φjκ,{ω‚Ή‚Έ,‚Θ‚µ
ή“,Τγ‚Λ‚η‚Ά,ό–,΄…,282014,•ΊΙ§,•PHs,‹TR,2023[sanitize]06[sanitize]03,22,‚»‚Μ‘Ό,’“Τi—Φjκ,{ω‚Ή‚Έ,‚ ‚θ
ή“,Τγ‚Λ‚η‚Ά,ό–,΄…,282014,•ΊΙ§,•PHs,ό–‹ζb”όπ,2023[sanitize]03[sanitize]15,16,“ΉHγ,‚»‚Μ‘Ό,{ω‚Ή‚Έ,‚ ‚θ
ή“,Τγ‚Λ‚η‚Ά,ό–,”’•l,282014,•ΊΙ§,•PHs,”’•l’¬,2023[sanitize]01[sanitize]19,14,“ΉHγ,‚»‚Μ‘Ό,{ω‚Ή‚Έ,‚ ‚θ
ή“,Τγ‚Λ‚η‚Ά,ό–,”’•l,282014,•ΊΙ§,•PHs,”’•l’¬,2023[sanitize]02[sanitize]14,23,’“Τi—Φjκ,’“Τi—Φjκ,{ω‚Ή‚Έ,‚ ‚θ
ή“,Τγ‚Λ‚η‚Ά,ό–,”’•l,282014,•ΊΙ§,•PHs,”’•l’¬,2023[sanitize]04[sanitize]15,16,‚»‚Μ‘Ό,’“Τi—Φjκ,{ω‚Ή‚Έ,‚ ‚θ
ή“,Τγ‚Λ‚η‚Ά,ό–,”’•l,282014,•ΊΙ§,•PHs,”’•l’¬,2023[sanitize]08[sanitize]08,19,κΛZ‘ξ,’“Τi—Φjκ,{ω‚Ή‚Έ,‚Θ‚µ
ή“,Τγ‚Λ‚η‚Ά,ό–,”’•l,282014,•ΊΙ§,•PHs,”’•l’¬‰F²θ–k‚Q’–Ϊ,2022[sanitize]12[sanitize]23,21,“ΉHγ,‚»‚Μ‘Ό,{ω‚µ‚½,‚ ‚θ
ή“,Τγ‚Λ‚η‚Ά,ό–,‰p‰κ•Ϋ‰w‘O,282014,•ΊΙ§,•PHs,ό–‹ζ‚’¬‚P’–Ϊ,2023[sanitize]03[sanitize]27,22,κΛZ‘ξ,’“Τi—Φjκ,{ω‚Ή‚Έ,‚Θ‚µ
ή“,Τγ‚Λ‚η‚Ά,ό–,‰p‰κ•Ϋ‰w‘O,282014,•ΊΙ§,•PHs,ό–‹ζ•tι‚P’–Ϊ,2023[sanitize]04[sanitize]17,19,‚»‚Μ‘Ό‚ΜZ‘ξi‚RK‚ΔΘ‰Ί‹¤“―Z‘ξ“™j,’“Τi—Φjκ,{ω‚µ‚½,‚Θ‚µ
ή“,Τγ‚Λ‚η‚Ά,ό–,‰p‰κ•Ϋ‰w‘O,282014,•ΊΙ§,•PHs,ό–‹ζΌ•l’¬‚Q’–Ϊ,2023[sanitize]05[sanitize]31,18,’“Τi—Φjκ,’“Τi—Φjκ,{ω‚Ή‚Έ,‚Θ‚µ
ή“,Τγ‚Λ‚η‚Ά,ό–,ό–“,282014,•ΊΙ§,•PHs,ό–‹ζγ–μ“c‚S’–Ϊ,2023[sanitize]05[sanitize]19,19,κΛZ‘ξ,’“Τi—Φjκ,{ω‚Ή‚Έ,‚ ‚θ
ή“,Τγ‚Λ‚η‚Ά,ό–,ό–“,282014,•ΊΙ§,•PHs,ό–‹ζγ–μ“c‚T’–Ϊ,2023[sanitize]05[sanitize]04,01,κΛZ‘ξ,’“Τi—Φjκ,{ω‚Ή‚Έ,‚ ‚θ
ή“,Τγ‚Λ‚η‚Ά,ό–,ό–“,282014,•ΊΙ§,•PHs,ό–‹ζγ–μ“c‚U’–Ϊ,2023[sanitize]05[sanitize]02,20,κΛZ‘ξ,’“Τi—Φjκ,{ω‚Ή‚Έ,‚ ‚θ
ή“,Τγ‚Λ‚η‚Ά,ό–,ό–“,282014,•ΊΙ§,•PHs,ό–‹ζ’†“‡,2023[sanitize]06[sanitize]26,08,‚»‚Μ‘Ό‚ΜZ‘ξi‚RK‚ΔΘ‰Ί‹¤“―Z‘ξ“™j,’“Τi—Φjκ,{ω‚Ή‚Έ,‚ ‚θ
ή“,Τγ‚Λ‚η‚Ά,ό–,ό–“,282014,•ΊΙ§,•PHs,ό–‹ζ’†–μ“c‚S’–Ϊ,2023[sanitize]07[sanitize]17,02,‚»‚Μ‘Ό‚ΜZ‘ξi‚RK‚ΔΘ‰Ί‹¤“―Z‘ξ“™j,’“Τi—Φjκ,{ω‚µ‚½,‚ ‚θ
ή“,Τγ‚Λ‚η‚Ά,ό–,ό–“,282014,•ΊΙ§,•PHs,ό–‹ζΆ¬A–Ψ,2023[sanitize]03[sanitize]08,13,‚»‚Μ‘Ό,’“Τi—Φjκ,{ω‚Ή‚Έ,‚Θ‚µ
ή“,Τγ‚Λ‚η‚Ά,ό–,ό–“,282014,•ΊΙ§,•PHs,ό–‹ζΆ¬A–Ψ,2023[sanitize]06[sanitize]20,07,‚»‚Μ‘Ό‚ΜZ‘ξi‚RK‚ΔΘ‰Ί‹¤“―Z‘ξ“™j,’“Τi—Φjκ,{ω‚Ή‚Έ,‚Θ‚µ
ή“,Τγ‚Λ‚η‚Ά,ό–,ό–“,282014,•ΊΙ§,•PHs,ό–‹ζΆ¬A–Ψ,2023[sanitize]06[sanitize]29,19,‚»‚Μ‘Ό‚ΜZ‘ξi‚RK‚ΔΘ‰Ί‹¤“―Z‘ξ“™j,’“Τi—Φjκ,{ω‚µ‚½,‚ ‚θ
ή“,Τγ‚Λ‚η‚Ά,–Τ±,”ª”¦,282014,•ΊΙ§,•PHs,L”¨‹ζ—“c,2023[sanitize]03[sanitize]10,20,’“Τi—Φjκ,’“Τi—Φjκ,{ω‚Ή‚Έ,‚ ‚θ
ή“,Τγ‚Λ‚η‚Ά,–Τ±,”ª”¦,282014,•ΊΙ§,•PHs,L”¨‹ζ—“c‚P’–Ϊ,2023[sanitize]04[sanitize]04,18,κΛZ‘ξ,’“Τi—Φjκ,{ω‚Ή‚Έ,‚ ‚θ
ή“,Τγ‚Λ‚η‚Ά,–Τ±,”ª”¦,282014,•ΊΙ§,•PHs,L”¨‹ζ—“c‚R’–Ϊ,2023[sanitize]08[sanitize]06,20,κΛZ‘ξ,’“Τi—Φjκ,{ω‚µ‚½,‚ ‚θ
ή“,Τγ‚Λ‚η‚Ά,–Τ±,”ª”¦,282014,•ΊΙ§,•PHs,L”¨‹ζΛ,2023[sanitize]07[sanitize]22,14,κΛZ‘ξ,’“Τi—Φjκ,{ω‚Ή‚Έ,‚ ‚θ
ή“,Τγ‚Λ‚η‚Ά,–Τ±,”ª”¦,282014,•ΊΙ§,•PHs,L”¨‹ζ‘¥’Ό,2023[sanitize]06[sanitize]07,19,κΛZ‘ξ,’“Τi—Φjκ,{ω‚Ή‚Έ,‚Θ‚µ
ή“,Τγ‚Λ‚η‚Ά,–Τ±,”ª”¦,282014,•ΊΙ§,•PHs,L”¨‹ζ‘¥’Ό,2023[sanitize]06[sanitize]07,23,“ΉHγ,‚»‚Μ‘Ό,{ω‚Ή‚Έ,‚ ‚θ
ή“,Τγ‚Λ‚η‚Ά,–Τ±,΄,282014,•ΊΙ§,•PHs,΄‹ζ‰Ί‘Ύ“c,2023[sanitize]04[sanitize]17,19,‚»‚Μ‘Ό‚ΜZ‘ξi‚RK‚ΔΘ‰Ί‹¤“―Z‘ξ“™j,’“Τi—Φjκ,{ω‚µ‚½,‚Θ‚µ
ή“,Τγ‚Λ‚η‚Ά,–Τ±,΄,282014,•ΊΙ§,•PHs,΄‹ζ‹{“c,2023[sanitize]07[sanitize]28,12,‚»‚Μ‘Ό‚ΜZ‘ξi‚RK‚ΔΘ‰Ί‹¤“―Z‘ξ“™j,‚»‚Μ‘Ό,{ω‚Ή‚Έ,‚Θ‚µ
ή“,Τγ‚Λ‚η‚Ά,–Τ±,‹g”ό,282014,•ΊΙ§,•PHs,‘ε’Γ‹ζb”όπ’¬‚Q’–Ϊ,2023[sanitize]01[sanitize]18,15,‚»‚Μ‘Ό,’“Τi—Φjκ,{ω‚Ή‚Έ,‚Θ‚µ
ή“,Τγ‚Λ‚η‚Ά,–Τ±,“V–,282014,•ΊΙ§,•PHs,‘ε’Γ‹ζ‘ε’Γ’¬‚Q’–Ϊ,2023[sanitize]04[sanitize]03,13,‚»‚Μ‘Ό,’“Τi—Φjκ,{ω‚Ή‚Έ,‚Θ‚µ
ή“,Τγ‚Λ‚η‚Ά,–Τ±,“V–,282014,•ΊΙ§,•PHs,‘ε’Γ‹ζ‘ε’Γ’¬‚Q’–Ϊ,2023[sanitize]05[sanitize]10,16,’“Τi—Φjκ,’“Τi—Φjκ,{ω‚Ή‚Έ,‚Θ‚µ
ή“,Τγ‚Λ‚η‚Ά,–Τ±,“V–,282014,•ΊΙ§,•PHs,‘ε’Γ‹ζ‘ε’Γ’¬‚Q’–Ϊ,2023[sanitize]06[sanitize]05,18,‚»‚Μ‘Ό,’“Τi—Φjκ,{ω‚Ή‚Έ,‚Θ‚µ
ή“,Τγ‚Λ‚η‚Ά,–Τ±,“V–,282014,•ΊΙ§,•PHs,‘ε’Γ‹ζ‘ε’Γ’¬‚Q’–Ϊ,2023[sanitize]06[sanitize]09,18,‚»‚Μ‘Ό,’“Τi—Φjκ,{ω‚Ή‚Έ,‚Θ‚µ
ή“,Τγ‚Λ‚η‚Ά,–Τ±,“V–,282014,•ΊΙ§,•PHs,‘ε’Γ‹ζ“V–,2023[sanitize]06[sanitize]21,13,κΛZ‘ξ,’“Τi—Φjκ,{ω‚Ή‚Έ,‚Θ‚µ
ή“,Τγ‚Λ‚η‚Ά,–Τ±,L”¨,282014,•ΊΙ§,•PHs,L”¨‹ζ‚•l’¬‚Q’–Ϊ,2023[sanitize]01[sanitize]23,21,‚»‚Μ‘Ό,’“Τi—Φjκ,{ω‚µ‚½,‚Θ‚µ
ή“,Τγ‚Λ‚η‚Ά,–Τ±,L”¨,282014,•ΊΙ§,•PHs,L”¨‹ζ‚•l’¬‚Q’–Ϊ,2023[sanitize]08[sanitize]21,18,‚»‚Μ‘Ό,’“Τi—Φjκ,{ω‚Ή‚Έ,‚Θ‚µ
ή“,Τγ‚Λ‚η‚Ά,–Τ±,L”¨,282014,•ΊΙ§,•PHs,L”¨‹ζ‚•l’¬‚Q’–Ϊ,2023[sanitize]11[sanitize]07,18,‚»‚Μ‘Ό,’“Τi—Φjκ,{ω‚Ή‚Έ,‚Θ‚µ
ή“,Τγ‚Λ‚η‚Ά,–Τ±,L”¨,282014,•ΊΙ§,•PHs,L”¨‹ζ‚•l’¬‚R’–Ϊ,2023[sanitize]02[sanitize]11,13,’“Τi—Φjκ,’“Τi—Φjκ,{ω‚Ή‚Έ,‚Θ‚µ
ή“,Τγ‚Λ‚η‚Ά,•θ,›‘O,284467,•ΊΙ§,_‰Ν’¬,›‘O,2023[sanitize]10[sanitize]26,17,’“Τi—Φjκ,’“Τi—Φjκ,{ω‚Ή‚Έ,‚Θ‚µ
ή“,Τγ‚Λ‚η‚Ά,•θ,•θ“,284432,•ΊΙ§,•θ’¬,“μ“c΄,2023[sanitize]10[sanitize]26,18,κΛZ‘ξ,’“Τi—Φjκ,{ω‚Ή‚Έ,‚Θ‚µ
ή“,Τγ‚Λ‚η‚Ά,•θ,•θ‰w‘O,284432,•ΊΙ§,•θ’¬,‚‰ª,2023[sanitize]10[sanitize]04,12,κΛZ‘ξ,’“Τi—Φjκ,{ω‚Ή‚Έ,‚Θ‚µ
ή“,Τγ‚Λ‚η‚Ά,•θ,•θ‰w‘O,284432,•ΊΙ§,•θ’¬,‚‰ª,2023[sanitize]10[sanitize]04,21,‚»‚Μ‘Ό,’“Τi—Φjκ,{ω‚Ή‚Έ,‚Θ‚µ
ή“,Τγ‚Λ‚η‚Ά,•θ,•θ‰w‘O,284432,•ΊΙ§,•θ’¬,•θV,2023[sanitize]06[sanitize]16,03,‚»‚Μ‘Ό,‚»‚Μ‘Ό,{ω‚µ‚½,‚ ‚θ
ή“,Τγ‚Λ‚η‚Ά,•θ,•θ‰w‘O,284432,•ΊΙ§,•θ’¬,•“c,2023[sanitize]11[sanitize]08,10,’“Τi—Φjκ,’“Τi—Φjκ,{ω‚Ή‚Έ,‚ ‚θ
ή“,Τγ‚Λ‚η‚Ά,•θ,‰z’m’J,284467,•ΊΙ§,_‰Ν’¬,ª‰F–μ,2023[sanitize]08[sanitize]25,15,’“Τi—Φjκ,’“Τi—Φjκ,{ω‚Ή‚Έ,‚ ‚θ
ή“,Τγ‚Λ‚η‚Ά,‚½‚Β‚Μ,Z‹g,282294,•ΊΙ§,‚½‚Β‚Μs,—KΌ’¬¬”¨,2023[sanitize]04[sanitize]03,13,‚»‚Μ‘Ό,’“Τi—Φjκ,{ω‚Ή‚Έ,‚Θ‚µ
ή“,Τγ‚Λ‚η‚Ά,‚½‚Β‚Μ,Z‹g,282294,•ΊΙ§,‚½‚Β‚Μs,—KΌ’¬’|΄,2023[sanitize]10[sanitize]03,21,κΛZ‘ξ,’“Τi—Φjκ,{ω‚µ‚½,‚ ‚θ
ή“,Τγ‚Λ‚η‚Ά,‚½‚Β‚Μ,²—p,285013,•ΊΙ§,²—p’¬,–L•,2023[sanitize]05[sanitize]17,23,κΛZ‘ξ,‚»‚Μ‘Ό,{ω‚Ή‚Έ,‚ ‚θ
ή“,Τγ‚Λ‚η‚Ά,‚½‚Β‚Μ,‘Ύ“c,284645,•ΊΙ§,‘Ύq’¬,‘Ύ“c,2023[sanitize]04[sanitize]17,20,’“Τi—Φjκ,’“Τi—Φjκ,{ω‚µ‚½,‚Θ‚µ
ή“,Τγ‚Λ‚η‚Ά,‚½‚Β‚Μ,‘Ύ“c,284645,•ΊΙ§,‘Ύq’¬,΄,2023[sanitize]04[sanitize]17,21,‚»‚Μ‘Ό‚ΜZ‘ξi‚RK‚ΔΘ‰Ί‹¤“―Z‘ξ“™j,’“Τi—Φjκ,{ω‚µ‚½,‚Θ‚µ
ή“,Τγ‚Λ‚η‚Ά,‚½‚Β‚Μ,”Α”µ,284645,•ΊΙ§,‘Ύq’¬,κB,2023[sanitize]05[sanitize]26,13,‚»‚Μ‘Ό,’“Τi—Φjκ,{ω‚Ή‚Έ,‚ ‚θ
ή“,Τγ‚Λ‚η‚Ά,‚½‚Β‚Μ,”Α”µ,284645,•ΊΙ§,‘Ύq’¬,…δ,2023[sanitize]03[sanitize]08,06,“ΉHγ,‚»‚Μ‘Ό,{ω‚Ή‚Έ,‚ ‚θ
ή“,Τγ‚Λ‚η‚Ά,‚½‚Β‚Μ,V‹{,282294,•ΊΙ§,‚½‚Β‚Μs,V‹{’¬V‹{,2023[sanitize]12[sanitize]01,08,‚»‚Μ‘Ό,‚»‚Μ‘Ό,{ω‚Ή‚Έ,‚ ‚θ
ή“,Τγ‚Λ‚η‚Ά,‚½‚Β‚Μ,–{—΄–μ‰w‘O,282294,•ΊΙ§,‚½‚Β‚Μs,—΄–μ’¬•x‰i,2023[sanitize]09[sanitize]28,13,‚»‚Μ‘Ό,’“Τi—Φjκ,{ω‚µ‚½,‚Θ‚µ
ή“,Τγ‚Λ‚η‚Ά,‚½‚Β‚Μ,_•”,282294,•ΊΙ§,‚½‚Β‚Μs,—K•Ϋμ’¬•Π“‡,2023[sanitize]11[sanitize]03,18,κΛZ‘ξ,’“Τi—Φjκ,{ω‚Ή‚Έ,‚ ‚θ
ή“,Τγ‚Λ‚η‚Ά,‚½‚Β‚Μ,_•”,282294,•ΊΙ§,‚½‚Β‚Μs,—K•Ϋμ’¬‹o“c,2023[sanitize]12[sanitize]16,15,κΛZ‘ξ,’“Τi—Φjκ,{ω‚Ή‚Έ,‚ ‚θ
ή“,Τγ‚Λ‚η‚Ά,‚½‚Β‚Μ,•’n,284645,•ΊΙ§,‘Ύq’¬,•’n,2023[sanitize]03[sanitize]02,08,’“Τi—Φjκ,’“Τi—Φjκ,{ω‚Ή‚Έ,‚ ‚θ
ή“,Τγ‚Λ‚η‚Ά,‚½‚Β‚Μ,Ό\,282294,•ΊΙ§,‚½‚Β‚Μs,—K•Ϋ’¬–ε‘O,2023[sanitize]04[sanitize]16,06,’“Τi—Φjκ,’“Τi—Φjκ,{ω‚µ‚½,‚Θ‚µ
ή“,Τγ‚Λ‚η‚Ά,‚½‚Β‚Μ,—_“c,282294,•ΊΙ§,‚½‚Β‚Μs,—_“c’¬•“c,2023[sanitize]04[sanitize]16,17,κΛZ‘ξ,’“Τi—Φjκ,{ω‚µ‚½,‚Θ‚µ
ή“,Τγ‚Λ‚η‚Ά,‚½‚Β‚Μ,—_“c,282294,•ΊΙ§,‚½‚Β‚Μs,—_“c’¬•“c,2023[sanitize]04[sanitize]17,16,’“Τi—Φjκ,’“Τi—Φjκ,{ω‚µ‚½,‚Θ‚µ
ή“,Τγ‚Λ‚η‚Ά,‚½‚Β‚Μ,—_“c,282294,•ΊΙ§,‚½‚Β‚Μs,—_“c’¬•“c,2023[sanitize]04[sanitize]17,18,‚»‚Μ‘Ό‚ΜZ‘ξi‚RK‚ΔΘ‰Ί‹¤“―Z‘ξ“™j,’“Τi—Φjκ,{ω‚µ‚½,‚ ‚θ
ή“,Τγ‚Λ‚η‚Ά,‚½‚Β‚Μ,‰z•”,282294,•ΊΙ§,‚½‚Β‚Μs,V‹{’¬’†–μ―,2023[sanitize]07[sanitize]12,14,‚»‚Μ‘Ό,’“Τi—Φjκ,{ω‚Ή‚Έ,‚Θ‚µ
ή“,Τγ‚Λ‚η‚Ά,‘¶,‹u‚Μ‘δ,282081,•ΊΙ§,‘¶s,“ί”g“μ–{’¬,2023[sanitize]08[sanitize]04,08,‚»‚Μ‘Ό,’“Τi—Φjκ,{ω‚Ή‚Έ,‚ ‚θ
ή“,Τγ‚Λ‚η‚Ά,‘¶,’†‰›’Κ,282081,•ΊΙ§,‘¶s,‘¶‚T’–Ϊ,2023[sanitize]07[sanitize]13,18,κΛZ‘ξ,’“Τi—Φjκ,{ω‚Ή‚Έ,‚ ‚θ
ή“,Τγ‚Λ‚η‚Ά,‘¶,’†–μ,284815,•ΊΙ§,γS’¬,_–Ύ›,2023[sanitize]06[sanitize]09,15,‚»‚Μ‘Ό,‚»‚Μ‘Ό,{ω‚Ή‚Έ,‚Θ‚µ
ή“,Τγ‚Λ‚η‚Ά,‘¶,‘¶‰w‘O,282081,•ΊΙ§,‘¶s,—¤–{’¬,2023[sanitize]12[sanitize]22,06,’“Τi—Φjκ,’“Τi—Φjκ,{ω‚Ή‚Έ,‚Θ‚µ
ή“,Τγ‚Λ‚η‚Ά,‘¶,‘¶‰w‘O,282081,•ΊΙ§,‘¶s,¬©‘δ,2023[sanitize]10[sanitize]04,18,κΛZ‘ξ,’“Τi—Φjκ,{ω‚Ή‚Έ,‚Θ‚µ
ή“,Τγ‚Λ‚η‚Ά,‘¶,“ί”g–μ,282081,•ΊΙ§,‘¶s,“ί”g–μ‚R’–Ϊ,2023[sanitize]10[sanitize]18,19,κΛZ‘ξ,’“Τi—Φjκ,{ω‚Ή‚Έ,‚ ‚θ
ή“,Τγ‚Λ‚η‚Ά,‘¶,“ί”g–μ,282081,•ΊΙ§,‘¶s,Γ’r‚Q’–Ϊ,2023[sanitize]03[sanitize]15,03,κΛZ‘ξ,’“Τi—Φjκ,{ω‚µ‚½,‚ ‚θ
ή“,Τγ‚Λ‚η‚Ά,Τ•δ,‰–‰®,282120,•ΊΙ§,Τ•δs,‰–‰®,2023[sanitize]01[sanitize]20,12,‚»‚Μ‘Ό,‚»‚Μ‘Ό,{ω‚Ή‚Έ,‚ ‚θ
ή“,Τγ‚Λ‚η‚Ά,Τ•δ,‘ε‹΄,282120,•ΊΙ§,Τ•δs,‰Α—Ά‰®’†F‚R’–Ϊ,2023[sanitize]07[sanitize]02,11,“ΉHγ,‚»‚Μ‘Ό,{ω‚Ή‚Έ,‚ ‚θ
ή“,Τγ‚Λ‚η‚Ά,Τ•δ,‘ε‹΄,282120,•ΊΙ§,Τ•δs,–{…”φ’¬,2023[sanitize]08[sanitize]29,20,κΛZ‘ξ,’“Τi—Φjκ,{ω‚Ή‚Έ,‚ ‚θ
ή“,Τγ‚Λ‚η‚Ά,Τ•δ,V“c,282120,•ΊΙ§,Τ•δs,V“c,2023[sanitize]03[sanitize]02,13,‚»‚Μ‘Ό,‚»‚Μ‘Ό,{ω‚Ή‚Έ,‚ ‚θ
ή“,Τγ‚Λ‚η‚Ά,Τ•δ,V“c,282120,•ΊΙ§,Τ•δs,V“c,2023[sanitize]12[sanitize]13,15,κΛZ‘ξ,’“Τi—Φjκ,{ω‚Ή‚Έ,‚Θ‚µ
ή“,Τγ‚Λ‚η‚Ά,Τ•δ,V“c,282120,•ΊΙ§,Τ•δs,Γ•l’¬,2023[sanitize]03[sanitize]30,10,‚»‚Μ‘Ό,‚»‚Μ‘Ό,{ω‚Ή‚Έ,‚ ‚θ
ή“,Τγ‚Λ‚η‚Ά,Τ•δ,—L”N,282120,•ΊΙ§,Τ•δs,Ό—L”N,2023[sanitize]12[sanitize]08,18,κΛZ‘ξ,’“Τi—Φjκ,{ω‚Ή‚Έ,‚ ‚θ
ή“,Τγ‚Λ‚η‚Ά,Τ•δ,Τ•δ‰w‘O,282120,•ΊΙ§,Τ•δs,’†L,2023[sanitize]09[sanitize]17,15,‚»‚Μ‘Ό,’“Τi—Φjκ,{ω‚Ή‚Έ,‚Θ‚µ
ή“,Τγ‚Λ‚η‚Ά,³Ύ,O•ϋ,282278,•ΊΙ§,³Ύs,κ‹{’¬φ•¶,2022[sanitize]12[sanitize]01,•s–Ύ,‚»‚Μ‘Ό,’“Τi—Φjκ,{ω‚Ή‚Έ,‚ ‚θ
ή“,Τγ‚Λ‚η‚Ά,³Ύ,O•ϋ,282278,•ΊΙ§,³Ύs,κ‹{’¬φ•¶,2023[sanitize]01[sanitize]01,•s–Ύ,‚»‚Μ‘Ό,’“Τi—Φjκ,{ω‚Ή‚Έ,‚ ‚θ
ή“,Τγ‚Λ‚η‚Ά,³Ύ,O•ϋ,282278,•ΊΙ§,³Ύs,κ‹{’¬φ•¶,2023[sanitize]07[sanitize]21,00,‚»‚Μ‘Ό,’“Τi—Φjκ,{ω‚Ή‚Έ,‚ ‚θ
ή“,Τγ‚Λ‚η‚Ά,³Ύ,O•ϋ,282278,•ΊΙ§,³Ύs,κ‹{’¬φ•¶,2023[sanitize]08[sanitize]11,00,‚»‚Μ‘Ό,’“Τi—Φjκ,{ω‚Ή‚Έ,‚ ‚θ
ή“,Τγ‚Λ‚η‚Ά,³Ύ,O•ϋ,282278,•ΊΙ§,³Ύs,κ‹{’¬φ•¶,2023[sanitize]09[sanitize]01,•s–Ύ,‚»‚Μ‘Ό,’“Τi—Φjκ,{ω‚Ή‚Έ,‚ ‚θ
ή“,Τγ‚Λ‚η‚Ά,³Ύ,O•ϋ,282278,•ΊΙ§,³Ύs,κ‹{’¬φ•¶,2023[sanitize]10[sanitize]01,00,‚»‚Μ‘Ό,’“Τi—Φjκ,{ω‚Ή‚Έ,‚ ‚θ
ή“,Τγ‚Λ‚η‚Ά,³Ύ,O•ϋ,282278,•ΊΙ§,³Ύs,κ‹{’¬φ•¶,2023[sanitize]11[sanitize]14,00,’“Τi—Φjκ,’“Τi—Φjκ,{ω‚Ή‚Έ,‚Θ‚µ
ή“,Τγ‚Λ‚η‚Ά,³Ύ,O•ϋ,282278,•ΊΙ§,³Ύs,κ‹{’¬φ•¶,•s–Ύ,•s–Ύ,‚»‚Μ‘Ό,’“Τi—Φjκ,{ω‚Ή‚Έ,‚ ‚θ
ή“,Τγ‚Λ‚η‚Ά,³Ύ,Rθ’†‰›,282278,•ΊΙ§,³Ύs,Rθ’¬΅h,2023[sanitize]11[sanitize]10,23,‚»‚Μ‘Ό,’“Τi—Φjκ,{ω‚Ή‚Έ,‚ ‚θ
ή“,Τγ‚Λ‚η‚Ά,³Ύ,“cδ,282278,•ΊΙ§,³Ύs,Rθ’¬O’Γ,2023[sanitize]03[sanitize]09,17,‚»‚Μ‘Ό,’“Τi—Φjκ,{ω‚Ή‚Έ,‚Θ‚µ
ή“,Τγ‚Λ‚η‚Ά,“μ’A”n,‰Α“s,282251,•ΊΙ§,’©—s,a“cR’¬‹v—―ψ,2018[sanitize]01[sanitize]01,00,‚»‚Μ‘Ό,’“Τi—Φjκ,{ω‚µ‚½,‚Θ‚µ
ή“,Τγ‚Λ‚η‚Ά,“μ’A”n,‰Α“s,282251,•ΊΙ§,’©—s,a“cR’¬‹v—―ψ,2020[sanitize]01[sanitize]01,00,‚»‚Μ‘Ό,’“Τi—Φjκ,{ω‚µ‚½,‚Θ‚µ
ή“,Τγ‚Λ‚η‚Ά,“μ’A”n,‘ε‰®,282227,•ΊΙ§,—{•ƒs,‘ε‰®’¬‘ _,2023[sanitize]03[sanitize]13,09,“ΉHγ,‚»‚Μ‘Ό,{ω‚Ή‚Έ,‚Θ‚µ
ή“,Τγ‚Λ‚η‚Ά,“μ’A”n,σ–μ,282227,•ΊΙ§,—{•ƒs,‘D’J,2023[sanitize]06[sanitize]04,08,κΛZ‘ξ,‚»‚Μ‘Ό,{ω‚Ή‚Έ,‚Θ‚µ
ή“,Τγ‚Λ‚η‚Ά,“μ’A”n,–ξ–Ό£,282251,•ΊΙ§,’©—s,R“’¬–ξ–Ό£’¬,2023[sanitize]06[sanitize]02,18,‚»‚Μ‘Ό,’“Τi—Φjκ,{ω‚Ή‚Έ,‚Θ‚µ
ή“,Τγ‚Λ‚η‚Ά,“μ’A”n,ι•”,282251,•ΊΙ§,’©—s,R“’¬–μΤ,2023[sanitize]11[sanitize]12,16,κΛZ‘ξ,’“Τi—Φjκ,{ω‚Ή‚Έ,‚ ‚θ
ή“,Τγ‚Λ‚η‚Ά,“μ’A”n,Φ‹{,282227,•ΊΙ§,—{•ƒs,–‹v—Ά,2023[sanitize]06[sanitize]05,12,‚»‚Μ‘Ό,’“Τi—Φjκ,{ω‚Ή‚Έ,‚ ‚θ
ή“,Τγ‚Λ‚η‚Ά,–L‰ª,’†’J,282090,•ΊΙ§,–L‰ªs,]–{,2023[sanitize]06[sanitize]12,18,’“Τi—Φjκ,’“Τi—Φjκ,{ω‚µ‚½,‚Θ‚µ
ή“,Τγ‚Λ‚η‚Ά,–L‰ª,’†’J,282090,•ΊΙ§,–L‰ªs,]–{,2023[sanitize]06[sanitize]13,00,’“Τi—Φjκ,’“Τi—Φjκ,{ω‚µ‚½,‚ ‚θ
ή“,Τγ‚Λ‚η‚Ά,–L‰ª,ιθ‰·ς‰w‘O,282090,•ΊΙ§,–L‰ªs,ιθ’¬“’“‡,2023[sanitize]03[sanitize]06,16,‚»‚Μ‘Ό,’“Τi—Φjκ,{ω‚µ‚½,‚ ‚θ
ή“,Τγ‚Λ‚η‚Ά,–L‰ª,ιθ‰·ς‰w‘O,282090,•ΊΙ§,–L‰ªs,ιθ’¬“’“‡,2023[sanitize]05[sanitize]28,14,‚»‚Μ‘Ό,’“Τi—Φjκ,{ω‚Ή‚Έ,‚ ‚θ
ή“,Τγ‚Λ‚η‚Ά,–L‰ª,“ή²,282090,•ΊΙ§,–L‰ªs,βδ,2023[sanitize]02[sanitize]21,21,“ΉHγ,‚»‚Μ‘Ό,{ω‚Ή‚Έ,‚ ‚θ
ή“,Τγ‚Λ‚η‚Ά,–L‰ª,―‹«,282090,•ΊΙ§,–L‰ªs,‘D’¬,2023[sanitize]02[sanitize]01,11,‚»‚Μ‘Ό,’“Τi—Φjκ,{ω‚Ή‚Έ,‚ ‚θ
ή“,Τγ‚Λ‚η‚Ά,–L‰ª,]΄,282090,•ΊΙ§,–L‰ªs,“ϊ‚’¬‘•ª›,2023[sanitize]03[sanitize]18,17,‚»‚Μ‘Ό,’“Τi—Φjκ,{ω‚Ή‚Έ,‚ ‚θ
ή“,Τγ‚Λ‚η‚Ά,–L‰ª,—§–μ,282090,•ΊΙ§,–L‰ªs,ι“μ’¬,2023[sanitize]07[sanitize]02,13,’“Τi—Φjκ,’“Τi—Φjκ,{ω‚Ή‚Έ,‚ ‚θ
ή“,Τγ‚Λ‚η‚Ά,–L‰ª,–L‰ª‰w‘O,282090,•ΊΙ§,–L‰ªs,υ’¬,2023[sanitize]10[sanitize]05,11,“ΉHγ,‚»‚Μ‘Ό,{ω‚µ‚½,‚Θ‚µ
ή“,Τγ‚Λ‚η‚Ά,–L‰ª,,282090,•ΊΙ§,–L‰ªs,’|–μ’¬a“c,2023[sanitize]05[sanitize]22,10,’“Τi—Φjκ,’“Τi—Φjκ,{ω‚µ‚½,‚Θ‚µ
ή“,Τγ‚Λ‚η‚Ά,”ό•ϋ,η’J,285862,•ΊΙ§,V‰·ς’¬,έ“c,2023[sanitize]08[sanitize]05,19,κΛZ‘ξ,’“Τi—Φjκ,{ω‚Ή‚Έ,‚ ‚θ
ή“,Τγ‚Λ‚η‚Ά,F–{,“ΰ’¬,282057,•ΊΙ§,F–{s,‰h’¬‚P’–Ϊ,2023[sanitize]07[sanitize]11,08,‚»‚Μ‘Ό,‚»‚Μ‘Ό,{ω‚Ή‚Έ,‚ ‚θ
ή“,Τγ‚Λ‚η‚Ά,F–{,“ΰ’¬,282057,•ΊΙ§,F–{s,‰–‰®‚P’–Ϊ,2023[sanitize]10[sanitize]29,15,‚»‚Μ‘Ό,’“Τi—Φjκ,{ω‚Ή‚Έ,‚ ‚θ
ή“,Τγ‚Λ‚η‚Ά,F–{,“ΰ’¬,282057,•ΊΙ§,F–{s,`,2023[sanitize]06[sanitize]18,14,‚»‚Μ‘Ό,’“Τi—Φjκ,{ω‚Ή‚Έ,‚Θ‚µ
ή“,Τγ‚Λ‚η‚Ά,F–{,‰FR,282057,•ΊΙ§,F–{s,‰Ί‰Α–Ξ‚P’–Ϊ,2023[sanitize]03[sanitize]27,12,’“Τi—Φjκ,’“Τi—Φjκ,{ω‚Ή‚Έ,‚ ‚θ
ή“,Τγ‚Λ‚η‚Ά,F–{,‰FR,282057,•ΊΙ§,F–{s,‰Ί‰Α–Ξ‚P’–Ϊ,2023[sanitize]08[sanitize]16,13,“ΉHγ,‚»‚Μ‘Ό,{ω‚Ή‚Έ,‚ ‚θ
ή“,Τγ‚Λ‚η‚Ά,F–{,Ό΄,282057,•ΊΙ§,F–{s,άF’¬Ό΄_—z,2022[sanitize]12[sanitize]26,23,κΛZ‘ξ,‚»‚Μ‘Ό,{ω‚Ή‚Έ,‚Θ‚µ
ή“,Τγ‚Λ‚η‚Ά,’WH,•x“‡,282260,•ΊΙ§,’WHs,σ–μ“μ,2023[sanitize]08[sanitize]03,18,‚SK‚ΔΘγ‹¤“―Z‘ξ,’“Τi—Φjκ,{ω‚Ή‚Έ,‚Θ‚µ
ή“,Τγ‚Λ‚η‚Ά,’WH,”φθ,282260,•ΊΙ§,’WHs,”φθ,2023[sanitize]11[sanitize]25,17,‚»‚Μ‘Ό,‚»‚Μ‘Ό,{ω‚Ή‚Έ,‚ ‚θ
ή“,Τγ‚Λ‚η‚Ά,’WH,β‰®,282260,•ΊΙ§,’WHs,β‰®,2023[sanitize]01[sanitize]13,20,‚»‚Μ‘Ό,’“Τi—Φjκ,{ω‚µ‚½,‚Θ‚µ
ή“,Τγ‚Λ‚η‚Ά,’WH,u’},282260,•ΊΙ§,’WHs,u’},2023[sanitize]05[sanitize]23,19,’“Τi—Φjκ,’“Τi—Φjκ,{ω‚µ‚½,‚ ‚θ
ή“,Τγ‚Λ‚η‚Ά,’WH,u’},282260,•ΊΙ§,’WHs,u’},2023[sanitize]05[sanitize]27,07,’“Τi—Φjκ,’“Τi—Φjκ,{ω‚Ή‚Έ,‚ ‚θ
ή“,Τγ‚Λ‚η‚Ά,’WH,u’},282260,•ΊΙ§,’WHs,u’},2023[sanitize]07[sanitize]11,06,’“Τi—Φjκ,’“Τi—Φjκ,{ω‚µ‚½,‚Θ‚µ
ή“,Τγ‚Λ‚η‚Ά,’WH,u’},282260,•ΊΙ§,’WHs,u’},2023[sanitize]07[sanitize]19,21,’“Τi—Φjκ,’“Τi—Φjκ,{ω‚Ή‚Έ,‚ ‚θ
ή“,Τγ‚Λ‚η‚Ά,’WH,u’},282260,•ΊΙ§,’WHs,u’},2023[sanitize]09[sanitize]09,22,‚SK‚ΔΘγ‹¤“―Z‘ξ,’“Τi—Φjκ,{ω‚µ‚½,‚Θ‚µ
ή“,Τγ‚Λ‚η‚Ά,’WH,u’},282260,•ΊΙ§,’WHs,u’},2023[sanitize]11[sanitize]16,11,‚»‚Μ‘Ό,’“Τi—Φjκ,{ω‚Ή‚Έ,‚ ‚θ
ή“,Τγ‚Λ‚η‚Ά,’WH,]δ,282260,•ΊΙ§,’WHs,]δ,2023[sanitize]02[sanitize]03,12,κΛZ‘ξ,’“Τi—Φjκ,{ω‚µ‚½,‚ ‚θ
ή“,Τγ‚Λ‚η‚Ά,’WH,]δ,282260,•ΊΙ§,’WHs,‘½‰κ,2023[sanitize]12[sanitize]24,00,κΛZ‘ξ,’“Τi—Φjκ,{ω‚Ή‚Έ,‚Θ‚µ
ή“,Τγ‚Λ‚η‚Ά,’WH,‰Y,282260,•ΊΙ§,’WHs,‰Y,2023[sanitize]09[sanitize]22,01,‚»‚Μ‘Ό,‚»‚Μ‘Ό,{ω‚Ή‚Έ,‚Θ‚µ
ή“,Τγ‚Λ‚η‚Ά,’WH,η”g,282260,•ΊΙ§,’WHs,η”g,2023[sanitize]10[sanitize]24,19,κΛZ‘ξ,’“Τi—Φjκ,{ω‚Ή‚Έ,‚ ‚θ
ή“,Τγ‚Λ‚η‚Ά,“μ‚ ‚ν‚¶,u’m,282243,•ΊΙ§,“μ‚ ‚ν‚¶s,Ό”Ώu’mμ,2023[sanitize]08[sanitize]26,10,κΛZ‘ξ,’“Τi—Φjκ,{ω‚µ‚½,‚ ‚θ
ή“,Τγ‚Λ‚η‚Ά,“μ‚ ‚ν‚¶,‰|—ρ,282243,•ΊΙ§,“μ‚ ‚ν‚¶s,‰|—ρ¬‰|—ρ,2023[sanitize]10[sanitize]17,07,κΛZ‘ξ,’“Τi—Φjκ,{ω‚Ή‚Έ,‚ ‚θ
ή“,Τγ‚Λ‚η‚Ά,“μ‚ ‚ν‚¶,‰|—ρ,282243,•ΊΙ§,“μ‚ ‚ν‚¶s,‰|—ρ¬‰|—ρ,2023[sanitize]12[sanitize]10,07,κΛZ‘ξ,’“Τi—Φjκ,{ω‚Ή‚Έ,‚ ‚θ
ή“,Τγ‚Λ‚η‚Ά,“μ‚ ‚ν‚¶,–©,282243,•ΊΙ§,“μ‚ ‚ν‚¶s,–©—Ά,2023[sanitize]01[sanitize]29,15,κΛZ‘ξ,’“Τi—Φjκ,{ω‚µ‚½,‚ ‚θ
ή“,Τγ‚Λ‚η‚Ά,“μ‚ ‚ν‚¶,–©,282243,•ΊΙ§,“μ‚ ‚ν‚¶s,–©—Ά,2023[sanitize]08[sanitize]29,20,κΛZ‘ξ,’“Τi—Φjκ,{ω‚Ή‚Έ,‚ ‚θ
ή“,Τγ‚Λ‚η‚Ά,“μ‚ ‚ν‚¶,•δ,282243,•ΊΙ§,“μ‚ ‚ν‚¶s,‰κW”ª”¦’†,2023[sanitize]03[sanitize]05,14,‚»‚Μ‘Ό,’“Τi—Φjκ,{ω‚Ή‚Έ,‚ ‚θ
ή“,Τγ‚Λ‚η‚Ά,“μ‚ ‚ν‚¶,Ά–Ό,282243,•ΊΙ§,“μ‚ ‚ν‚¶s,Ά–γ’¬,2023[sanitize]07[sanitize]02,18,‚»‚Μ‘Ό,‚»‚Μ‘Ό,{ω‚Ή‚Έ,‚Θ‚µ
ή“,Τγ‚Λ‚η‚Ά,“μ‚ ‚ν‚¶,Ά“ί‰κ,282243,•ΊΙ§,“μ‚ ‚ν‚¶s,Ά“ί‰κ,2023[sanitize]03[sanitize]03,12,κΛZ‘ξ,’“Τi—Φjκ,{ω‚Ή‚Έ,‚ ‚θ
ή“,Τγ‚Λ‚η‚Ά,“μ‚ ‚ν‚¶,Ά“ί‰κ,282243,•ΊΙ§,“μ‚ ‚ν‚¶s,Ά“ί‰κ,2023[sanitize]03[sanitize]09,19,κΛZ‘ξ,’“Τi—Φjκ,{ω‚Ή‚Έ,‚ ‚θ
ή“,Τγ‚Λ‚η‚Ά,“μ‚ ‚ν‚¶,Ά“ί‰κ,282243,•ΊΙ§,“μ‚ ‚ν‚¶s,Ά“ί‰κ,2023[sanitize]03[sanitize]09,21,κΛZ‘ξ,’“Τi—Φjκ,{ω‚Ή‚Έ,‚ ‚θ
ή“,Τγ‚Λ‚η‚Ά,“μ‚ ‚ν‚¶,Ά“ί‰κ,282243,•ΊΙ§,“μ‚ ‚ν‚¶s,Ά“ί‰κ,2023[sanitize]09[sanitize]07,20,κΛZ‘ξ,’“Τi—Φjκ,{ω‚Ή‚Έ,‚ ‚θ
ή“,Τγ‚Λ‚η‚Ά,“μ‚ ‚ν‚¶,Β–Ψ,282243,•ΊΙ§,“μ‚ ‚ν‚¶s,ss,2023[sanitize]04[sanitize]26,18,κΛZ‘ξ,’“Τi—Φjκ,{ω‚Ή‚Έ,‚ ‚θ
ή“,Τγ‚Λ‚η‚Ά,“μ‚ ‚ν‚¶,Β–Ψ,282243,•ΊΙ§,“μ‚ ‚ν‚¶s,_‘γ’n“ª•ϋ,2023[sanitize]01[sanitize]20,14,‚»‚Μ‘Ό,’“Τi—Φjκ,{ω‚Ή‚Έ,‚ ‚θ
