罪名,手口,管轄警察署（発生地）,管轄交番・駐在所（発生地）,市区町村コード（発生地）,都道府県（発生地）,市区町村（発生地）,町丁目（発生地）,発生年月日（始期）,発生時（始期）,発生場所,発生場所の詳細,施錠関係,現金被害の有無
窃盗,車上ねらい,小野,河合,282189,兵庫県,小野市,三和町,2020/4/18,17,駐車（輪）場,駐車（輪）場,施錠した,あり
窃盗,車上ねらい,小野,栗生,282189,兵庫県,小野市,昭和町,2020/1/25,14,その他,駐車（輪）場,施錠した,なし
窃盗,車上ねらい,小野,下来住,282189,兵庫県,小野市,黍田町,2020/1/25,13,駐車（輪）場,駐車（輪）場,施錠した,なし
窃盗,車上ねらい,小野,小野駅前,282189,兵庫県,小野市,王子町,2020/1/26,10,駐車（輪）場,駐車（輪）場,施錠した,あり
窃盗,車上ねらい,小野,小野駅前,282189,兵庫県,小野市,王子町,2020/6/8,11,駐車（輪）場,駐車（輪）場,施錠した,あり
窃盗,車上ねらい,小野,小野駅前,282189,兵庫県,小野市,上本町,2020/3/4,20,その他,駐車（輪）場,施錠した,なし
窃盗,車上ねらい,小野,小野駅前,282189,兵庫県,小野市,北丘町,2020/2/15,14,その他,その他,施錠した,あり
窃盗,車上ねらい,小野,小野駅前,282189,兵庫県,小野市,北丘町,2020/3/3,14,駐車（輪）場,駐車（輪）場,施錠した,あり
窃盗,車上ねらい,小野,小野駅前,282189,兵庫県,小野市,広渡町,2020/5/23,14,その他,その他,施錠した,あり
窃盗,車上ねらい,小野,小野駅前,282189,兵庫県,小野市,敷地町,2020/8/1,14,道路上,その他,施錠した,あり
窃盗,車上ねらい,小野,小野駅前,282189,兵庫県,小野市,高田町,2020/1/14,15,駐車（輪）場,駐車（輪）場,施錠した,なし
窃盗,車上ねらい,小野,小野駅前,282189,兵庫県,小野市,中町,2020/1/14,17,駐車（輪）場,駐車（輪）場,施錠した,あり
窃盗,車上ねらい,小野,小野駅前,282189,兵庫県,小野市,本町,2020/1/18,21,駐車（輪）場,駐車（輪）場,施錠した,なし
窃盗,車上ねらい,小野,小野駅前,282189,兵庫県,小野市,住永町,2020/2/29,13,道路上,その他,施錠した,あり
窃盗,車上ねらい,小野,市場,282189,兵庫県,小野市,匠台,2020/2/1,7,その他,駐車（輪）場,施錠した,あり
窃盗,車上ねらい,小野,菅田,282189,兵庫県,小野市,福住町,2020/1/2,12,駐車（輪）場,駐車（輪）場,施錠した,あり
窃盗,車上ねらい,小野,小田,282189,兵庫県,小野市,万勝寺町,2020/1/25,15,その他,駐車（輪）場,施錠した,あり
窃盗,車上ねらい,三田,あいの里,282197,兵庫県,三田市,上相野,2020/3/21,16,道路上,その他,施錠した,あり
窃盗,車上ねらい,三田,四ツ辻,282197,兵庫県,三田市,長坂,2020/1/30,14,その他,その他,施錠した,あり
窃盗,車上ねらい,東灘,深江,281018,兵庫県,神戸市東灘区,深江本町１丁目,2020/2/19,20,駐車（輪）場,駐車（輪）場,施錠した,あり
窃盗,車上ねらい,東灘,深江,281018,兵庫県,神戸市東灘区,深江南町２丁目,2020/2/20,18,駐車（輪）場,駐車（輪）場,施錠した,なし
窃盗,車上ねらい,東灘,深江,281018,兵庫県,神戸市東灘区,深江南町２丁目,2020/10/4,20,駐車（輪）場,駐車（輪）場,施錠した,なし
窃盗,車上ねらい,東灘,森,281018,兵庫県,神戸市東灘区,森北町２丁目,2020/2/26,18,駐車（輪）場,駐車（輪）場,施錠した,あり
窃盗,車上ねらい,東灘,田中,281018,兵庫県,神戸市東灘区,甲南町４丁目,2020/3/12,20,４階建て以上共同住宅,駐車（輪）場,施錠した,なし
窃盗,車上ねらい,東灘,田中,281018,兵庫県,神戸市東灘区,田中町３丁目,2020/1/15,15,駐車（輪）場,駐車（輪）場,施錠した,なし
窃盗,車上ねらい,東灘,青木駅前,281018,兵庫県,神戸市東灘区,青木６丁目,2020/1/15,21,駐車（輪）場,駐車（輪）場,施錠した,なし
窃盗,車上ねらい,東灘,魚崎,281018,兵庫県,神戸市東灘区,魚崎北町３丁目,2020/2/26,22,駐車（輪）場,駐車（輪）場,施錠した,なし
窃盗,車上ねらい,東灘,ＪＲ住吉駅前,281018,兵庫県,神戸市東灘区,住吉東町４丁目,2020/10/5,6,その他,駐車（輪）場,施錠した,なし
窃盗,車上ねらい,東灘,ＪＲ住吉駅前,281018,兵庫県,神戸市東灘区,住吉本町３丁目,2020/3/7,20,駐車（輪）場,駐車（輪）場,施錠した,なし
窃盗,車上ねらい,東灘,阪急御影駅前,281018,兵庫県,神戸市東灘区,御影３丁目,2020/5/10,15,駐車（輪）場,駐車（輪）場,施錠した,なし
窃盗,車上ねらい,東灘,阪急御影駅前,281018,兵庫県,神戸市東灘区,御影郡家２丁目,2020/5/10,19,駐車（輪）場,駐車（輪）場,施錠した,なし
窃盗,車上ねらい,灘,高羽,281026,兵庫県,神戸市灘区,高羽町３丁目,2020/5/5,17,駐車（輪）場,駐車（輪）場,施錠した,なし
窃盗,車上ねらい,灘,八幡,281026,兵庫県,神戸市灘区,大土平町１丁目,2020/5/9,17,駐車（輪）場,駐車（輪）場,施錠した,なし
窃盗,車上ねらい,灘,八幡,281026,兵庫県,神戸市灘区,永手町４丁目,2020/3/31,16,その他,駐車（輪）場,施錠した,なし
窃盗,車上ねらい,灘,六甲,281026,兵庫県,神戸市灘区,篠原南町２丁目,2020/3/8,17,駐車（輪）場,駐車（輪）場,施錠した,なし
窃盗,車上ねらい,灘,水道筋,281026,兵庫県,神戸市灘区,水道筋５丁目,2020/12/12,21,道路上,その他,施錠した,なし
窃盗,車上ねらい,灘,西灘,281026,兵庫県,神戸市灘区,摩耶埠頭,2020/3/12,23,道路上,その他,施錠した,なし
窃盗,車上ねらい,灘,六甲山上,281026,兵庫県,神戸市灘区,摩耶山町,2020/2/23,20,道路上,その他,施錠した,あり
窃盗,車上ねらい,灘,六甲山上,281026,兵庫県,神戸市灘区,摩耶山町,2020/3/11,21,道路上,その他,施錠した,あり
窃盗,車上ねらい,灘,六甲山上,281026,兵庫県,神戸市灘区,六甲山町一ケ谷,2020/3/11,21,駐車（輪）場,駐車（輪）場,施錠した,あり
窃盗,車上ねらい,灘,六甲山上,281026,兵庫県,神戸市灘区,六甲山町北六甲,2020/2/14,22,駐車（輪）場,駐車（輪）場,施錠した,あり
窃盗,車上ねらい,灘,六甲山上,281026,兵庫県,神戸市灘区,六甲山町北六甲,2020/9/29,23,駐車（輪）場,駐車（輪）場,施錠した,あり
窃盗,車上ねらい,灘,六甲山上,281026,兵庫県,神戸市灘区,六甲山町西谷山,2020/8/15,22,その他,駐車（輪）場,施錠した,あり
窃盗,車上ねらい,灘,鶴甲,281026,兵庫県,神戸市灘区,六甲台町,2020/8/25,9,４階建て以上共同住宅,駐車（輪）場,施錠した,なし
窃盗,車上ねらい,葺合,宮本,281107,兵庫県,神戸市中央区,熊内橋通２丁目,2020/9/5,21,駐車（輪）場,駐車（輪）場,施錠した,なし
窃盗,車上ねらい,葺合,中尾前,281107,兵庫県,神戸市中央区,上筒井通６丁目,2020/1/16,4,駐車（輪）場,駐車（輪）場,施錠した,あり
窃盗,車上ねらい,葺合,中尾前,281107,兵庫県,神戸市中央区,熊内町５丁目,2020/4/26,18,駐車（輪）場,駐車（輪）場,施錠した,なし
窃盗,車上ねらい,葺合,割塚,281107,兵庫県,神戸市中央区,日暮通２丁目,2020/5/5,16,駐車（輪）場,駐車（輪）場,施錠した,なし
窃盗,車上ねらい,葺合,割塚,281107,兵庫県,神戸市中央区,八雲通６丁目,2020/3/24,22,道路上,その他,施錠した,あり
窃盗,車上ねらい,葺合,小野柄,281107,兵庫県,神戸市中央区,南本町通３丁目,2020/1/21,15,その他,駐車（輪）場,施錠した,あり
窃盗,車上ねらい,葺合,春日野,281107,兵庫県,神戸市中央区,吾妻通２丁目,2020/5/5,18,駐車（輪）場,駐車（輪）場,施錠した,あり
窃盗,車上ねらい,葺合,春日野,281107,兵庫県,神戸市中央区,脇浜町２丁目,2020/2/1,3,その他,駐車（輪）場,施錠した,なし
窃盗,車上ねらい,葺合,春日野,281107,兵庫県,神戸市中央区,脇浜町２丁目,2020/2/1,4,その他,駐車（輪）場,施錠した,あり
窃盗,車上ねらい,葺合,春日野,281107,兵庫県,神戸市中央区,脇浜町２丁目,2020/11/21,20,駐車（輪）場,駐車（輪）場,施錠した,あり
窃盗,車上ねらい,生田,一宮,281107,兵庫県,神戸市中央区,加納町２丁目,2020/4/26,16,駐車（輪）場,駐車（輪）場,施錠した,なし
窃盗,車上ねらい,生田,一宮,281107,兵庫県,神戸市中央区,加納町２丁目,2020/4/26,19,駐車（輪）場,駐車（輪）場,施錠した,なし
窃盗,車上ねらい,生田,一宮,281107,兵庫県,神戸市中央区,加納町２丁目,2020/11/21,20,駐車（輪）場,駐車（輪）場,施錠した,なし
窃盗,車上ねらい,生田,北野,281107,兵庫県,神戸市中央区,北野町４丁目,2020/4/26,12,駐車（輪）場,駐車（輪）場,施錠した,なし
窃盗,車上ねらい,生田,生田前,281107,兵庫県,神戸市中央区,下山手通２丁目,2020/5/4,21,道路上,その他,施錠した,なし
窃盗,車上ねらい,生田,京町,281107,兵庫県,神戸市中央区,三宮町１丁目,2020/9/30,13,駐車（輪）場,駐車（輪）場,施錠した,なし
窃盗,車上ねらい,生田,京町,281107,兵庫県,神戸市中央区,三宮町３丁目,2020/4/6,3,道路上,その他,施錠した,あり
窃盗,車上ねらい,生田,元町駅,281107,兵庫県,神戸市中央区,下山手通３丁目,2020/3/30,19,道路上,その他,施錠した,なし
窃盗,車上ねらい,生田,下山手,281107,兵庫県,神戸市中央区,北長狭通６丁目,2020/2/27,2,道路上,その他,施錠した,あり
窃盗,車上ねらい,生田,下山手,281107,兵庫県,神戸市中央区,下山手通７丁目,2020/4/26,15,その他の住宅（３階建て以下共同住宅等）,その他,施錠した,あり
窃盗,車上ねらい,生田,大倉山,281107,兵庫県,神戸市中央区,楠町３丁目,2020/3/25,2,道路上,その他,施錠した,あり
窃盗,車上ねらい,生田,大倉山,281107,兵庫県,神戸市中央区,楠町７丁目,2020/2/1,4,道路上,その他,施錠した,なし
窃盗,車上ねらい,兵庫,皿池,281051,兵庫県,神戸市兵庫区,松本通４丁目,2020/1/26,19,一戸建住宅,駐車（輪）場,施錠した,なし
窃盗,車上ねらい,兵庫,御崎公園,281051,兵庫県,神戸市兵庫区,御崎町１丁目,2020/6/22,19,その他,駐車（輪）場,施錠した,なし
窃盗,車上ねらい,長田,御蔵,281069,兵庫県,神戸市長田区,三番町４丁目,2019/12/31,21,４階建て以上共同住宅,その他,施錠した,なし
窃盗,車上ねらい,長田,大谷,281069,兵庫県,神戸市長田区,御船通３丁目,2020/9/7,23,駐車（輪）場,駐車（輪）場,施錠した,あり
窃盗,車上ねらい,長田,水笠,281069,兵庫県,神戸市長田区,西代通３丁目,2020/6/6,23,駐車（輪）場,駐車（輪）場,施錠した,なし
窃盗,車上ねらい,長田,野田,281069,兵庫県,神戸市長田区,日吉町５丁目,2020/6/6,19,駐車（輪）場,駐車（輪）場,施錠した,なし
窃盗,車上ねらい,須磨,千歳,281077,兵庫県,神戸市須磨区,戎町２丁目,2020/6/6,21,駐車（輪）場,駐車（輪）場,施錠した,なし
窃盗,車上ねらい,須磨,千歳,281077,兵庫県,神戸市須磨区,戎町３丁目,2020/6/5,17,駐車（輪）場,駐車（輪）場,施錠した,なし
窃盗,車上ねらい,須磨,東須磨,281077,兵庫県,神戸市須磨区,月見山町１丁目,2020/12/18,11,駐車（輪）場,駐車（輪）場,施錠した,なし
窃盗,車上ねらい,須磨,妙法寺,281077,兵庫県,神戸市須磨区,若草町１丁目,2020/9/10,21,駐車（輪）場,駐車（輪）場,施錠した,あり
窃盗,車上ねらい,垂水,平尾,281085,兵庫県,神戸市垂水区,東垂水町字高丸,2020/7/2,21,４階建て以上共同住宅,駐車（輪）場,施錠した,あり
窃盗,車上ねらい,垂水,霞ヶ丘,281085,兵庫県,神戸市垂水区,霞ケ丘２丁目,2020/9/23,22,駐車（輪）場,駐車（輪）場,施錠した,なし
窃盗,車上ねらい,垂水,霞ヶ丘,281085,兵庫県,神戸市垂水区,霞ケ丘６丁目,2020/9/23,19,駐車（輪）場,駐車（輪）場,施錠した,なし
窃盗,車上ねらい,垂水,北舞子,281085,兵庫県,神戸市垂水区,北舞子２丁目,2020/8/3,19,４階建て以上共同住宅,駐車（輪）場,施錠した,なし
窃盗,車上ねらい,垂水,舞子駅前,281085,兵庫県,神戸市垂水区,西舞子２丁目,2020/3/4,16,その他の住宅（３階建て以下共同住宅等）,駐車（輪）場,施錠した,なし
窃盗,車上ねらい,垂水,舞子駅前,281085,兵庫県,神戸市垂水区,東舞子町,2020/11/6,7,駐車（輪）場,駐車（輪）場,施錠した,なし
窃盗,車上ねらい,垂水,西舞子,281085,兵庫県,神戸市垂水区,狩口台７丁目,2020/9/23,15,駐車（輪）場,駐車（輪）場,施錠した,なし
窃盗,車上ねらい,垂水,西舞子,281085,兵庫県,神戸市垂水区,西舞子２丁目,2020/9/23,22,駐車（輪）場,駐車（輪）場,施錠した,なし
窃盗,車上ねらい,垂水,西舞子,281085,兵庫県,神戸市垂水区,西舞子４丁目,2020/3/4,17,駐車（輪）場,駐車（輪）場,施錠した,なし
窃盗,車上ねらい,垂水,多聞,281085,兵庫県,神戸市垂水区,多聞町,2020/6/7,11,その他,駐車（輪）場,施錠した,なし
窃盗,車上ねらい,垂水,明舞,281085,兵庫県,神戸市垂水区,南多聞台３丁目,2018/6/6,17,駐車（輪）場,駐車（輪）場,施錠した,なし
窃盗,車上ねらい,垂水,明舞,281085,兵庫県,神戸市垂水区,南多聞台３丁目,2018/6/7,10,駐車（輪）場,駐車（輪）場,施錠した,なし
窃盗,車上ねらい,垂水,明舞,281085,兵庫県,神戸市垂水区,南多聞台３丁目,2018/6/10,14,駐車（輪）場,駐車（輪）場,施錠した,なし
窃盗,車上ねらい,垂水,明舞,281085,兵庫県,神戸市垂水区,南多聞台３丁目,2018/6/10,18,駐車（輪）場,駐車（輪）場,施錠した,なし
窃盗,車上ねらい,垂水,明舞,281085,兵庫県,神戸市垂水区,南多聞台３丁目,2018/6/11,17,駐車（輪）場,駐車（輪）場,施錠した,なし
窃盗,車上ねらい,垂水,明舞,281085,兵庫県,神戸市垂水区,南多聞台３丁目,2018/6/29,9,駐車（輪）場,駐車（輪）場,施錠した,なし
窃盗,車上ねらい,垂水,明舞,281085,兵庫県,神戸市垂水区,南多聞台３丁目,2019/6/6,10,駐車（輪）場,駐車（輪）場,施錠した,なし
窃盗,車上ねらい,垂水,新多聞,281085,兵庫県,神戸市垂水区,本多聞６丁目,2020/3/15,17,駐車（輪）場,駐車（輪）場,施錠した,なし
窃盗,車上ねらい,垂水,桃山台,281085,兵庫県,神戸市垂水区,清玄町,2020/10/15,23,その他の住宅（３階建て以下共同住宅等）,駐車（輪）場,施錠した,あり
窃盗,車上ねらい,神戸水上,ポートアイランド,281107,兵庫県,神戸市中央区,港島中町３丁目,2020/5/10,2,４階建て以上共同住宅,その他,施錠した,なし
窃盗,車上ねらい,神戸西,上池,281115,兵庫県,神戸市西区,玉津町上池,2020/6/12,17,道路上,その他,施錠した,なし
窃盗,車上ねらい,神戸西,上池,281115,兵庫県,神戸市西区,玉津町新方,2020/9/7,3,４階建て以上共同住宅,駐車（輪）場,施錠した,あり
窃盗,車上ねらい,神戸西,栄,281115,兵庫県,神戸市西区,桜が丘東町３丁目,2020/11/14,17,駐車（輪）場,駐車（輪）場,施錠した,あり
窃盗,車上ねらい,神戸西,伊川谷,281115,兵庫県,神戸市西区,伊川谷町上脇,2020/1/3,9,道路上,その他,施錠した,なし
窃盗,車上ねらい,神戸西,伊川谷,281115,兵庫県,神戸市西区,北別府５丁目,2020/6/23,9,駐車（輪）場,駐車（輪）場,施錠した,なし
窃盗,車上ねらい,神戸西,伊川谷,281115,兵庫県,神戸市西区,南別府２丁目,2020/10/10,17,駐車（輪）場,駐車（輪）場,施錠した,なし
窃盗,車上ねらい,神戸西,伊川谷,281115,兵庫県,神戸市西区,白水２丁目,2020/5/2,18,一戸建住宅,駐車（輪）場,施錠した,なし
窃盗,車上ねらい,神戸西,有瀬,281115,兵庫県,神戸市西区,伊川谷町有瀬,2020/3/20,18,駐車（輪）場,駐車（輪）場,施錠した,あり
窃盗,車上ねらい,神戸西,有瀬,281115,兵庫県,神戸市西区,伊川谷町有瀬,2020/9/21,19,駐車（輪）場,駐車（輪）場,施錠した,なし
窃盗,車上ねらい,神戸西,有瀬,281115,兵庫県,神戸市西区,伊川谷町有瀬,2020/9/23,15,駐車（輪）場,駐車（輪）場,施錠した,なし
窃盗,車上ねらい,神戸西,枝吉,281115,兵庫県,神戸市西区,王塚台１丁目,2020/2/28,23,その他の住宅（３階建て以下共同住宅等）,駐車（輪）場,施錠した,あり
窃盗,車上ねらい,神戸西,枝吉,281115,兵庫県,神戸市西区,王塚台２丁目,2020/10/31,18,４階建て以上共同住宅,駐車（輪）場,施錠した,なし
窃盗,車上ねらい,神戸西,玉津,281115,兵庫県,神戸市西区,玉津町小山,2020/3/13,18,駐車（輪）場,駐車（輪）場,施錠した,なし
窃盗,車上ねらい,有馬,有野,281093,兵庫県,神戸市北区,藤原台中町１丁目,2020/1/31,13,駐車（輪）場,駐車（輪）場,施錠した,なし
窃盗,車上ねらい,有馬,上八多,281093,兵庫県,神戸市北区,八多町屏風,2019/9/1,0,その他,駐車（輪）場,施錠した,なし
窃盗,車上ねらい,有馬,大池,281093,兵庫県,神戸市北区,西大池１丁目,2020/1/23,20,一戸建住宅,駐車（輪）場,施錠した,あり
窃盗,車上ねらい,神戸北,鈴蘭台,281093,兵庫県,神戸市北区,鈴蘭台東町１丁目,2020/5/18,13,駐車（輪）場,駐車（輪）場,施錠した,あり
窃盗,車上ねらい,神戸北,山田中,281093,兵庫県,神戸市北区,山田町原野,2020/11/12,2,駐車（輪）場,駐車（輪）場,施錠した,なし
窃盗,車上ねらい,芦屋,宮川,282065,兵庫県,芦屋市,楠町,2020/1/4,18,駐車（輪）場,駐車（輪）場,施錠した,なし
窃盗,車上ねらい,芦屋,宮川,282065,兵庫県,芦屋市,春日町,2020/1/4,21,駐車（輪）場,駐車（輪）場,施錠した,あり
窃盗,車上ねらい,芦屋,岩園,282065,兵庫県,芦屋市,岩園町,2020/5/10,12,一戸建住宅,駐車（輪）場,施錠した,なし
窃盗,車上ねらい,芦屋,山芦屋,282065,兵庫県,芦屋市,三条町,2020/5/1,16,４階建て以上共同住宅,駐車（輪）場,施錠した,なし
窃盗,車上ねらい,芦屋,山芦屋,282065,兵庫県,芦屋市,三条南町,2020/1/4,20,駐車（輪）場,駐車（輪）場,施錠した,なし
窃盗,車上ねらい,芦屋,山芦屋,282065,兵庫県,芦屋市,西山町,2020/3/7,0,４階建て以上共同住宅,駐車（輪）場,施錠した,なし
窃盗,車上ねらい,芦屋,芦屋駅前,282065,兵庫県,芦屋市,翠ケ丘町,2020/3/7,22,駐車（輪）場,駐車（輪）場,施錠した,なし
窃盗,車上ねらい,芦屋,打出,282065,兵庫県,芦屋市,南宮町,2020/1/4,20,駐車（輪）場,駐車（輪）場,施錠した,あり
窃盗,車上ねらい,芦屋,高浜,282065,兵庫県,芦屋市,浜風町,2020/5/6,13,その他,駐車（輪）場,施錠した,なし
窃盗,車上ねらい,芦屋,南芦屋浜,282065,兵庫県,芦屋市,海洋町,2019/3/20,22,その他,駐車（輪）場,施錠した,あり
窃盗,車上ねらい,西宮,札場筋,282049,兵庫県,西宮市,六湛寺町,2020/8/7,17,道路上,その他,施錠した,なし
窃盗,車上ねらい,西宮,札場筋,282049,兵庫県,西宮市,六湛寺町,2020/8/14,17,道路上,その他,施錠した,なし
窃盗,車上ねらい,西宮,札場筋,282049,兵庫県,西宮市,六湛寺町,2020/8/21,17,道路上,その他,施錠した,なし
窃盗,車上ねらい,西宮,札場筋,282049,兵庫県,西宮市,六湛寺町,2020/8/27,17,道路上,その他,施錠した,なし
窃盗,車上ねらい,西宮,札場筋,282049,兵庫県,西宮市,六湛寺町,2020/9/3,16,道路上,その他,施錠した,なし
窃盗,車上ねらい,西宮,札場筋,282049,兵庫県,西宮市,六湛寺町,2020/9/11,17,道路上,その他,施錠した,なし
窃盗,車上ねらい,西宮,札場筋,282049,兵庫県,西宮市,六湛寺町,2020/9/17,17,道路上,その他,施錠した,なし
窃盗,車上ねらい,西宮,札場筋,282049,兵庫県,西宮市,六湛寺町,2020/9/21,15,道路上,その他,施錠した,なし
窃盗,車上ねらい,西宮,川添,282049,兵庫県,西宮市,建石町,2020/1/4,22,道路上,その他,施錠した,あり
窃盗,車上ねらい,西宮,市庭,282049,兵庫県,西宮市,弓場町,2020/1/4,19,駐車（輪）場,駐車（輪）場,施錠した,なし
窃盗,車上ねらい,西宮,西宮浜,282049,兵庫県,西宮市,西宮浜４丁目,2020/5/22,23,道路上,その他,施錠した,あり
窃盗,車上ねらい,西宮,西宮浜,282049,兵庫県,西宮市,西宮浜４丁目,2020/6/9,22,道路上,その他,施錠した,あり
窃盗,車上ねらい,西宮,甲陽園,282049,兵庫県,西宮市,甲山町,2020/5/24,17,その他,駐車（輪）場,施錠した,なし
窃盗,車上ねらい,西宮,寿,282049,兵庫県,西宮市,奥畑,2020/5/10,19,４階建て以上共同住宅,駐車（輪）場,施錠した,なし
窃盗,車上ねらい,西宮,寿,282049,兵庫県,西宮市,常磐町,2020/5/17,16,駐車（輪）場,駐車（輪）場,施錠した,なし
窃盗,車上ねらい,西宮,西宮駅前,282049,兵庫県,西宮市,津門大箇町,2020/2/21,12,駐車（輪）場,駐車（輪）場,施錠した,あり
窃盗,車上ねらい,西宮,今津駅前,282049,兵庫県,西宮市,今津曙町,2020/3/25,1,道路上,その他,施錠した,あり
窃盗,車上ねらい,西宮,今津駅前,282049,兵庫県,西宮市,津門川町,2020/2/22,20,４階建て以上共同住宅,駐車（輪）場,施錠した,なし
窃盗,車上ねらい,西宮,今津駅前,282049,兵庫県,西宮市,津門呉羽町,2020/3/16,20,駐車（輪）場,駐車（輪）場,施錠した,なし
窃盗,車上ねらい,西宮,西宮中央,282049,兵庫県,西宮市,高松町,2020/9/29,20,その他,駐車（輪）場,施錠した,なし
窃盗,車上ねらい,西宮,門戸,282049,兵庫県,西宮市,丸橋町,2020/12/17,17,４階建て以上共同住宅,駐車（輪）場,施錠した,なし
窃盗,車上ねらい,西宮,上ヶ原,282049,兵庫県,西宮市,上ケ原七番町,2020/12/2,18,道路上,その他,施錠した,なし
窃盗,車上ねらい,甲子園,小松,282049,兵庫県,西宮市,学文殿町１丁目,2020/3/31,3,駐車（輪）場,駐車（輪）場,施錠した,なし
窃盗,車上ねらい,甲子園,小松,282049,兵庫県,西宮市,小松西町１丁目,2020/1/29,0,その他,駐車（輪）場,施錠した,なし
窃盗,車上ねらい,甲子園,小松,282049,兵庫県,西宮市,里中町１丁目,2020/5/8,18,駐車（輪）場,駐車（輪）場,施錠した,なし
窃盗,車上ねらい,甲子園,小松,282049,兵庫県,西宮市,里中町３丁目,2020/1/25,18,駐車（輪）場,駐車（輪）場,施錠した,なし
窃盗,車上ねらい,甲子園,上田,282049,兵庫県,西宮市,上田中町,2020/10/2,19,駐車（輪）場,駐車（輪）場,施錠した,なし
窃盗,車上ねらい,甲子園,上田,282049,兵庫県,西宮市,上田西町,2020/3/21,21,駐車（輪）場,駐車（輪）場,施錠した,なし
窃盗,車上ねらい,甲子園,中津,282049,兵庫県,西宮市,甲子園浜１丁目,2020/5/5,22,道路上,その他,施錠した,あり
窃盗,車上ねらい,甲子園,中津,282049,兵庫県,西宮市,甲子園浜１丁目,2020/5/19,17,その他,駐車（輪）場,施錠した,なし
窃盗,車上ねらい,甲子園,浦風,282049,兵庫県,西宮市,甲子園浦風町,2020/3/16,17,駐車（輪）場,駐車（輪）場,施錠した,なし
窃盗,車上ねらい,尼崎南,東難波,282022,兵庫県,尼崎市,東難波町５丁目,2020/5/1,12,駐車（輪）場,駐車（輪）場,施錠した,なし
窃盗,車上ねらい,尼崎南,東難波,282022,兵庫県,尼崎市,東難波町５丁目,2020/5/6,10,駐車（輪）場,駐車（輪）場,施錠した,なし
窃盗,車上ねらい,尼崎南,昭和通,282022,兵庫県,尼崎市,西難波町４丁目,2020/10/16,10,一戸建住宅,駐車（輪）場,施錠した,なし
窃盗,車上ねらい,尼崎南,出屋敷,282022,兵庫県,尼崎市,玄番南之町,2020/1/25,15,その他,駐車（輪）場,施錠した,なし
窃盗,車上ねらい,尼崎南,出屋敷,282022,兵庫県,尼崎市,西高洲町,2020/5/6,10,道路上,その他,施錠した,なし
窃盗,車上ねらい,尼崎南,出屋敷,282022,兵庫県,尼崎市,南竹谷町３丁目,2020/1/25,18,その他,駐車（輪）場,施錠した,なし
窃盗,車上ねらい,尼崎南,中央,282022,兵庫県,尼崎市,神田北通４丁目,2020/3/16,9,駐車（輪）場,駐車（輪）場,施錠した,あり
窃盗,車上ねらい,尼崎南,御茶屋橋,282022,兵庫県,尼崎市,南城内,2020/2/1,0,その他,駐車（輪）場,施錠した,あり
窃盗,車上ねらい,尼崎南,大島,282022,兵庫県,尼崎市,稲葉荘１丁目,2020/5/16,8,駐車（輪）場,駐車（輪）場,施錠した,なし
窃盗,車上ねらい,尼崎南,大島,282022,兵庫県,尼崎市,大庄北３丁目,2020/6/30,16,駐車（輪）場,駐車（輪）場,施錠した,あり
窃盗,車上ねらい,尼崎南,大島,282022,兵庫県,尼崎市,大庄北４丁目,2020/3/29,16,その他,駐車（輪）場,施錠した,なし
窃盗,車上ねらい,尼崎南,七松,282022,兵庫県,尼崎市,七松町１丁目,2020/2/17,17,駐車（輪）場,駐車（輪）場,施錠した,なし
窃盗,車上ねらい,尼崎南,七松,282022,兵庫県,尼崎市,大島１丁目,2020/1/13,15,その他,その他,施錠した,あり
窃盗,車上ねらい,尼崎南,稲葉荘,282022,兵庫県,尼崎市,稲葉元町２丁目,2020/2/10,17,駐車（輪）場,駐車（輪）場,施錠した,なし
窃盗,車上ねらい,尼崎南,大庄,282022,兵庫県,尼崎市,大庄川田町,2020/3/30,20,駐車（輪）場,駐車（輪）場,施錠した,なし
窃盗,車上ねらい,尼崎南,大庄,282022,兵庫県,尼崎市,大庄中通１丁目,2020/6/14,22,駐車（輪）場,駐車（輪）場,施錠した,なし
窃盗,車上ねらい,尼崎南,大庄,282022,兵庫県,尼崎市,大島１丁目,2020/6/25,20,一戸建住宅,駐車（輪）場,施錠した,なし
窃盗,車上ねらい,尼崎南,大庄,282022,兵庫県,尼崎市,大島３丁目,2020/7/21,20,道路上,その他,施錠した,あり
窃盗,車上ねらい,尼崎南,元浜,282022,兵庫県,尼崎市,道意町７丁目,2020/4/3,10,駐車（輪）場,駐車（輪）場,施錠した,なし
窃盗,車上ねらい,尼崎南,元浜,282022,兵庫県,尼崎市,元浜町４丁目,2020/3/5,11,駐車（輪）場,駐車（輪）場,施錠した,あり
窃盗,車上ねらい,尼崎南,センタープール前,282022,兵庫県,尼崎市,水明町,2020/5/6,11,その他,駐車（輪）場,施錠した,なし
窃盗,車上ねらい,尼崎東,長洲,282022,兵庫県,尼崎市,金楽寺町２丁目,2020/7/17,7,その他,駐車（輪）場,施錠した,なし
窃盗,車上ねらい,尼崎東,杭瀬,282022,兵庫県,尼崎市,梶ケ島,2020/1/20,16,駐車（輪）場,駐車（輪）場,施錠した,なし
窃盗,車上ねらい,尼崎東,尼崎駅前,282022,兵庫県,尼崎市,長洲西通１丁目,2020/5/30,17,その他,駐車（輪）場,施錠した,なし
窃盗,車上ねらい,尼崎東,尼崎駅前,282022,兵庫県,尼崎市,長洲本通１丁目,2020/5/5,21,駐車（輪）場,駐車（輪）場,施錠した,なし
窃盗,車上ねらい,尼崎東,神崎,282022,兵庫県,尼崎市,次屋３丁目,2020/9/28,0,駐車（輪）場,駐車（輪）場,施錠した,なし
窃盗,車上ねらい,尼崎東,神崎,282022,兵庫県,尼崎市,西川２丁目,2020/6/4,18,駐車（輪）場,駐車（輪）場,施錠した,なし
窃盗,車上ねらい,尼崎東,神崎,282022,兵庫県,尼崎市,額田町,2020/8/2,17,一戸建住宅,駐車（輪）場,施錠した,なし
窃盗,車上ねらい,尼崎東,下坂部,282022,兵庫県,尼崎市,下坂部２丁目,2020/9/27,19,駐車（輪）場,駐車（輪）場,施錠した,なし
窃盗,車上ねらい,尼崎東,上坂部,282022,兵庫県,尼崎市,東塚口町１丁目,2020/2/6,20,４階建て以上共同住宅,駐車（輪）場,施錠した,なし
窃盗,車上ねらい,尼崎東,園田駅前,282022,兵庫県,尼崎市,東園田町６丁目,2020/11/27,13,その他の住宅（３階建て以下共同住宅等）,駐車（輪）場,施錠した,なし
窃盗,車上ねらい,尼崎東,モスリン橋,282022,兵庫県,尼崎市,戸ノ内町３丁目,2020/2/21,19,駐車（輪）場,駐車（輪）場,施錠した,なし
窃盗,車上ねらい,尼崎北,阪急塚口駅前,282022,兵庫県,尼崎市,南塚口町８丁目,2020/1/7,22,駐車（輪）場,駐車（輪）場,施錠した,あり
窃盗,車上ねらい,尼崎北,塚口東,282022,兵庫県,尼崎市,塚口本町３丁目,2020/3/27,0,道路上,その他,施錠した,あり
窃盗,車上ねらい,尼崎北,生島,282022,兵庫県,尼崎市,大西町３丁目,2020/4/6,17,駐車（輪）場,駐車（輪）場,施錠した,なし
窃盗,車上ねらい,尼崎北,武庫之荘,282022,兵庫県,尼崎市,武庫之荘６丁目,2020/1/11,2,駐車（輪）場,駐車（輪）場,施錠した,なし
窃盗,車上ねらい,尼崎北,武庫之荘,282022,兵庫県,尼崎市,武庫之荘７丁目,2020/3/12,19,その他,駐車（輪）場,施錠した,なし
窃盗,車上ねらい,尼崎北,南武庫之荘,282022,兵庫県,尼崎市,水堂町４丁目,2020/2/11,16,駐車（輪）場,駐車（輪）場,施錠した,なし
窃盗,車上ねらい,尼崎北,南武庫之荘,282022,兵庫県,尼崎市,南武庫之荘６丁目,2020/3/22,20,駐車（輪）場,駐車（輪）場,施錠した,なし
窃盗,車上ねらい,尼崎北,西武庫,282022,兵庫県,尼崎市,武庫町３丁目,2020/10/21,8,駐車（輪）場,駐車（輪）場,施錠した,なし
窃盗,車上ねらい,尼崎北,西武庫,282022,兵庫県,尼崎市,武庫町４丁目,2020/6/6,16,その他の住宅（３階建て以下共同住宅等）,駐車（輪）場,施錠した,なし
窃盗,車上ねらい,尼崎北,西武庫,282022,兵庫県,尼崎市,武庫元町２丁目,2020/3/21,20,道路上,その他,施錠した,なし
窃盗,車上ねらい,尼崎北,西武庫,282022,兵庫県,尼崎市,武庫元町３丁目,2020/6/25,18,駐車（輪）場,駐車（輪）場,施錠した,なし
窃盗,車上ねらい,尼崎北,西武庫,282022,兵庫県,尼崎市,武庫豊町２丁目,2020/9/16,18,一戸建住宅,駐車（輪）場,施錠した,なし
窃盗,車上ねらい,尼崎北,尾浜,282022,兵庫県,尼崎市,尾浜町１丁目,2020/2/21,16,駐車（輪）場,駐車（輪）場,施錠した,なし
窃盗,車上ねらい,尼崎北,立花駅前,282022,兵庫県,尼崎市,三反田町２丁目,2020/5/20,18,駐車（輪）場,駐車（輪）場,施錠した,なし
窃盗,車上ねらい,尼崎北,立花駅前,282022,兵庫県,尼崎市,立花町１丁目,2020/3/29,15,駐車（輪）場,駐車（輪）場,施錠した,なし
窃盗,車上ねらい,尼崎北,立花駅前,282022,兵庫県,尼崎市,水堂町１丁目,2020/6/9,19,駐車（輪）場,駐車（輪）場,施錠した,なし
窃盗,車上ねらい,伊丹,阪急駅前,282073,兵庫県,伊丹市,北本町２丁目,2020/5/15,18,その他,駐車（輪）場,施錠した,なし
窃盗,車上ねらい,伊丹,阪急駅前,282073,兵庫県,伊丹市,桜ケ丘１丁目,2020/1/19,11,駐車（輪）場,駐車（輪）場,施錠した,なし
窃盗,車上ねらい,伊丹,野間,282073,兵庫県,伊丹市,野間７丁目,2020/4/18,15,一戸建住宅,駐車（輪）場,施錠した,あり
窃盗,車上ねらい,伊丹,野間,282073,兵庫県,伊丹市,野間７丁目,2020/10/24,18,駐車（輪）場,駐車（輪）場,施錠した,なし
窃盗,車上ねらい,伊丹,野間,282073,兵庫県,伊丹市,野間北４丁目,2020/1/29,21,道路上,その他,施錠した,あり
窃盗,車上ねらい,伊丹,野間,282073,兵庫県,伊丹市,南野北１丁目,2020/2/6,22,駐車（輪）場,駐車（輪）場,施錠した,なし
窃盗,車上ねらい,伊丹,神津,282073,兵庫県,伊丹市,桑津１丁目,2020/9/1,19,駐車（輪）場,駐車（輪）場,施錠した,なし
窃盗,車上ねらい,伊丹,北村,282073,兵庫県,伊丹市,北伊丹５丁目,2020/11/23,10,その他,駐車（輪）場,施錠した,なし
窃盗,車上ねらい,伊丹,北村,282073,兵庫県,伊丹市,下河原３丁目,2020/5/20,21,道路上,その他,施錠した,あり
窃盗,車上ねらい,伊丹,北村,282073,兵庫県,伊丹市,下河原３丁目,2020/5/22,22,その他,その他,施錠した,あり
窃盗,車上ねらい,伊丹,緑ヶ丘,282073,兵庫県,伊丹市,大鹿７丁目,2020/9/23,21,その他,駐車（輪）場,施錠した,なし
窃盗,車上ねらい,伊丹,昆陽,282073,兵庫県,伊丹市,昆陽東４丁目,2020/2/6,16,駐車（輪）場,駐車（輪）場,施錠した,なし
窃盗,車上ねらい,伊丹,昆陽ノ里,282073,兵庫県,伊丹市,野間北６丁目,2020/3/2,18,駐車（輪）場,駐車（輪）場,施錠した,なし
窃盗,車上ねらい,伊丹,中野,282073,兵庫県,伊丹市,中野東１丁目,2020/5/17,20,駐車（輪）場,駐車（輪）場,施錠した,あり
窃盗,車上ねらい,伊丹,中野,282073,兵庫県,伊丹市,西野２丁目,2020/1/6,18,駐車（輪）場,駐車（輪）場,施錠した,なし
窃盗,車上ねらい,伊丹,荒牧,282073,兵庫県,伊丹市,荒牧５丁目,2020/1/7,21,４階建て以上共同住宅,駐車（輪）場,施錠した,あり
窃盗,車上ねらい,川西,日の出,282171,兵庫県,川西市,萩原台西３丁目,2020/6/30,12,その他,駐車（輪）場,施錠した,あり
窃盗,車上ねらい,川西,多田西,282171,兵庫県,川西市,多田院西２丁目,2020/5/15,19,その他,駐車（輪）場,施錠した,なし
窃盗,車上ねらい,川西,山下,282171,兵庫県,川西市,西畦野字南山,2020/5/15,19,その他,駐車（輪）場,施錠した,あり
窃盗,車上ねらい,川西,山下,282171,兵庫県,川西市,一庫字中ノ坪,2020/10/11,15,その他,駐車（輪）場,施錠した,なし
窃盗,車上ねらい,宝塚,武庫川,282146,兵庫県,宝塚市,高司１丁目,2020/5/21,14,その他,駐車（輪）場,施錠した,なし
窃盗,車上ねらい,宝塚,山本,282146,兵庫県,宝塚市,山本西１丁目,2020/6/30,14,道路上,その他,施錠した,あり
窃盗,車上ねらい,宝塚,小林,282146,兵庫県,宝塚市,小林５丁目,2020/3/27,15,駐車（輪）場,駐車（輪）場,施錠した,なし
窃盗,車上ねらい,篠山,篠山,282219,兵庫県,丹波篠山市,池上,2020/8/18,10,駐車（輪）場,駐車（輪）場,施錠した,あり
窃盗,車上ねらい,篠山,篠山,282219,兵庫県,丹波篠山市,熊谷,2020/11/29,17,その他,その他,施錠した,あり
窃盗,車上ねらい,篠山,大芋,282219,兵庫県,丹波篠山市,福井,2020/3/11,12,その他,その他,施錠した,あり
窃盗,車上ねらい,篠山,大芋,282219,兵庫県,丹波篠山市,福井,2020/3/23,17,駐車（輪）場,駐車（輪）場,施錠した,あり
窃盗,車上ねらい,篠山,福住,282219,兵庫県,丹波篠山市,福住,2020/10/2,16,一戸建住宅,駐車（輪）場,施錠した,なし
窃盗,車上ねらい,篠山,河内,282219,兵庫県,丹波篠山市,下板井,2020/1/18,18,駐車（輪）場,駐車（輪）場,施錠した,あり
窃盗,車上ねらい,篠山,大山,282219,兵庫県,丹波篠山市,大山下,2020/1/7,16,一戸建住宅,駐車（輪）場,施錠した,あり
窃盗,車上ねらい,篠山,篠山口駅前,282219,兵庫県,丹波篠山市,住吉台,2020/12/13,17,一戸建住宅,駐車（輪）場,施錠した,なし
窃盗,車上ねらい,篠山,城南,282219,兵庫県,丹波篠山市,北,2020/11/26,18,一戸建住宅,駐車（輪）場,施錠した,なし
窃盗,車上ねらい,篠山,城南,282219,兵庫県,丹波篠山市,真南条中,2020/3/27,15,その他,その他,施錠した,あり
窃盗,車上ねらい,篠山,今田,282219,兵庫県,丹波篠山市,今田町上小野原,2020/3/14,17,道路上,その他,施錠した,なし
窃盗,車上ねらい,丹波,下滝,282235,兵庫県,丹波市,山南町青田,2020/1/14,16,道路上,その他,施錠した,あり
窃盗,車上ねらい,丹波,和田,282235,兵庫県,丹波市,山南町和田,2020/3/17,16,駐車（輪）場,駐車（輪）場,施錠した,あり
窃盗,車上ねらい,丹波,富田,282235,兵庫県,丹波市,山南町小野尻,2020/3/20,18,道路上,その他,施錠した,あり
窃盗,車上ねらい,丹波,佐治,282235,兵庫県,丹波市,青垣町沢野,2020/1/8,11,その他,その他,施錠した,あり
窃盗,車上ねらい,丹波,佐治,282235,兵庫県,丹波市,青垣町桧倉,2020/1/22,15,駐車（輪）場,駐車（輪）場,施錠した,なし
窃盗,車上ねらい,明石,明石駅前,282031,兵庫県,明石市,大明石町１丁目,2020/8/31,17,道路上,その他,施錠した,なし
窃盗,車上ねらい,明石,明石駅前,282031,兵庫県,明石市,鷹匠町,2020/10/26,5,一戸建住宅,駐車（輪）場,施錠した,あり
窃盗,車上ねらい,明石,西新町,282031,兵庫県,明石市,船上町,2020/4/29,17,一戸建住宅,駐車（輪）場,施錠した,あり
窃盗,車上ねらい,明石,小久保,282031,兵庫県,明石市,野々上３丁目,2020/10/15,18,駐車（輪）場,駐車（輪）場,施錠した,なし
窃盗,車上ねらい,明石,小久保,282031,兵庫県,明石市,松の内１丁目,2020/5/9,18,駐車（輪）場,駐車（輪）場,施錠した,なし
窃盗,車上ねらい,明石,高丘,282031,兵庫県,明石市,大久保町山手台４丁目,2020/5/7,18,一戸建住宅,駐車（輪）場,施錠した,なし
窃盗,車上ねらい,明石,魚住,282031,兵庫県,明石市,魚住町清水,2020/12/16,19,駐車（輪）場,駐車（輪）場,施錠した,なし
窃盗,車上ねらい,明石,魚住,282031,兵庫県,明石市,魚住町中尾,2020/8/1,17,その他,駐車（輪）場,施錠した,なし
窃盗,車上ねらい,明石,魚住,282031,兵庫県,明石市,魚住町住吉２丁目,2020/8/1,20,その他の住宅（３階建て以下共同住宅等）,駐車（輪）場,施錠した,なし
窃盗,車上ねらい,明石,朝霧町,282031,兵庫県,明石市,太寺２丁目,2020/10/15,18,４階建て以上共同住宅,駐車（輪）場,施錠した,あり
窃盗,車上ねらい,明石,明舞,282031,兵庫県,明石市,松が丘１丁目,2020/8/25,22,４階建て以上共同住宅,駐車（輪）場,施錠した,なし
窃盗,車上ねらい,三木,大塚,282154,兵庫県,三木市,上の丸町,2019/12/25,9,道路上,その他,施錠した,あり
窃盗,車上ねらい,三木,大塚,282154,兵庫県,三木市,大塚,2020/1/18,14,その他,駐車（輪）場,施錠した,なし
窃盗,車上ねらい,三木,大塚,282154,兵庫県,三木市,久留美,2020/2/3,5,駐車（輪）場,駐車（輪）場,施錠した,なし
窃盗,車上ねらい,三木,大塚,282154,兵庫県,三木市,久留美,2020/2/4,5,駐車（輪）場,駐車（輪）場,施錠した,なし
窃盗,車上ねらい,三木,本町,282154,兵庫県,三木市,大村１丁目,2020/1/18,21,一戸建住宅,駐車（輪）場,施錠した,なし
窃盗,車上ねらい,三木,本町,282154,兵庫県,三木市,末広２丁目,2020/1/17,17,駐車（輪）場,駐車（輪）場,施錠した,なし
窃盗,車上ねらい,三木,別所,282154,兵庫県,三木市,別所町朝日ケ丘,2020/1/25,18,４階建て以上共同住宅,駐車（輪）場,施錠した,なし
窃盗,車上ねらい,三木,別所,282154,兵庫県,三木市,別所町石野,2020/7/9,14,一戸建住宅,駐車（輪）場,施錠した,あり
窃盗,車上ねらい,三木,細川,282154,兵庫県,三木市,細川町垂穂,2020/4/22,14,駐車（輪）場,駐車（輪）場,施錠した,あり
窃盗,車上ねらい,三木,細川,282154,兵庫県,三木市,細川町細川中,2020/3/16,13,道路上,その他,施錠した,あり
窃盗,車上ねらい,三木,細川,282154,兵庫県,三木市,細川町瑞穂,2020/5/5,13,駐車（輪）場,駐車（輪）場,施錠した,あり
窃盗,車上ねらい,三木,口吉川,282154,兵庫県,三木市,口吉川町東中,2020/1/30,13,道路上,その他,施錠した,なし
窃盗,車上ねらい,三木,前田,282154,兵庫県,三木市,吉川町冨岡,2020/3/21,16,道路上,その他,施錠した,あり
窃盗,車上ねらい,三木,吉川,282154,兵庫県,三木市,吉川町金会,2020/7/29,15,その他,駐車（輪）場,施錠した,あり
窃盗,車上ねらい,三木,吉川,282154,兵庫県,三木市,吉川町長谷,2020/1/17,15,その他,その他,施錠した,あり
窃盗,車上ねらい,三木,吉川,282154,兵庫県,三木市,吉川町畑枝,2020/2/1,13,道路上,その他,施錠した,あり
窃盗,車上ねらい,三木,吉川,282154,兵庫県,三木市,吉川町湯谷,2020/10/4,14,その他,駐車（輪）場,施錠した,あり
窃盗,車上ねらい,加東,社,282286,兵庫県,加東市,家原,2020/3/2,15,その他,駐車（輪）場,施錠した,なし
窃盗,車上ねらい,加東,社,282286,兵庫県,加東市,窪田,2020/5/11,20,道路上,その他,施錠した,あり
窃盗,車上ねらい,加東,社,282286,兵庫県,加東市,社,2020/2/14,18,駐車（輪）場,駐車（輪）場,施錠した,なし
窃盗,車上ねらい,加東,社,282286,兵庫県,加東市,社,2020/2/20,18,駐車（輪）場,駐車（輪）場,施錠した,なし
窃盗,車上ねらい,加東,社,282286,兵庫県,加東市,社,2020/3/9,20,駐車（輪）場,駐車（輪）場,施錠した,なし
窃盗,車上ねらい,加東,福田,282286,兵庫県,加東市,西古瀬,2020/3/16,7,その他,駐車（輪）場,施錠した,なし
窃盗,車上ねらい,加東,三草,282286,兵庫県,加東市,木梨,2020/2/15,18,駐車（輪）場,駐車（輪）場,施錠した,あり
窃盗,車上ねらい,加東,三草,282286,兵庫県,加東市,木梨,2020/8/23,14,道路上,その他,施錠した,あり
窃盗,車上ねらい,加東,滝野,282286,兵庫県,加東市,下滝野,2020/1/19,12,駐車（輪）場,駐車（輪）場,施錠した,あり
窃盗,車上ねらい,加東,滝野,282286,兵庫県,加東市,下滝野,2020/1/25,15,その他,駐車（輪）場,施錠した,あり
窃盗,車上ねらい,加東,吉井,282286,兵庫県,加東市,新定,2020/10/16,1,道路上,その他,施錠した,あり
窃盗,車上ねらい,加東,秋津,282286,兵庫県,加東市,黒谷,2020/2/6,11,道路上,その他,施錠した,なし
窃盗,車上ねらい,加西,富田,282201,兵庫県,加西市,窪田町,2020/12/19,17,道路上,その他,施錠した,なし
窃盗,車上ねらい,加西,賀茂,282201,兵庫県,加西市,山下町,2020/1/11,17,駐車（輪）場,駐車（輪）場,施錠した,あり
窃盗,車上ねらい,加西,賀茂,282201,兵庫県,加西市,山下町,2020/1/25,17,駐車（輪）場,駐車（輪）場,施錠した,なし
窃盗,車上ねらい,加西,賀茂,282201,兵庫県,加西市,山下町,2020/2/13,16,道路上,その他,施錠した,あり
窃盗,車上ねらい,加西,三口,282201,兵庫県,加西市,三口町,2020/3/21,13,その他,その他,施錠した,あり
窃盗,車上ねらい,加西,網引,282201,兵庫県,加西市,田原町,2020/7/19,1,一戸建住宅,駐車（輪）場,施錠した,なし
窃盗,車上ねらい,加西,中野,282201,兵庫県,加西市,中野町,2020/6/14,1,道路上,その他,施錠した,あり
窃盗,車上ねらい,加西,富合,282201,兵庫県,加西市,別府町,2020/2/15,21,駐車（輪）場,駐車（輪）場,施錠した,なし
窃盗,車上ねらい,加西,富合,282201,兵庫県,加西市,別府町,2020/5/23,15,その他,その他,施錠した,あり
窃盗,車上ねらい,加西,鴨谷,282201,兵庫県,加西市,中富町,2020/6/11,14,道路上,その他,施錠した,あり
窃盗,車上ねらい,西脇,西脇中央,282138,兵庫県,西脇市,西脇,2020/2/26,17,一戸建住宅,駐車（輪）場,施錠した,なし
窃盗,車上ねらい,西脇,西脇中央,282138,兵庫県,西脇市,西脇,2020/6/29,9,その他,駐車（輪）場,施錠した,あり
窃盗,車上ねらい,西脇,野村,282138,兵庫県,西脇市,板波町,2020/6/17,19,駐車（輪）場,駐車（輪）場,施錠した,なし
窃盗,車上ねらい,西脇,野村,282138,兵庫県,西脇市,高松町,2020/1/27,18,駐車（輪）場,駐車（輪）場,施錠した,あり
窃盗,車上ねらい,西脇,野村,282138,兵庫県,西脇市,和布町,2020/1/14,15,その他,駐車（輪）場,施錠した,なし
窃盗,車上ねらい,西脇,比延,282138,兵庫県,西脇市,上比延町,2020/6/18,19,駐車（輪）場,駐車（輪）場,施錠した,なし
窃盗,車上ねらい,西脇,日野,282138,兵庫県,西脇市,郷瀬町,2020/6/15,9,その他,駐車（輪）場,施錠した,あり
窃盗,車上ねらい,西脇,喜多,282138,兵庫県,西脇市,黒田庄町喜多,2020/1/14,16,駐車（輪）場,駐車（輪）場,施錠した,なし
窃盗,車上ねらい,西脇,大和,283657,兵庫県,多可町,八千代区下三原,2020/12/23,17,道路上,その他,施錠した,あり
窃盗,車上ねらい,西脇,杉原谷,283657,兵庫県,多可町,加美区轟,2020/3/31,20,駐車（輪）場,駐車（輪）場,施錠した,なし
窃盗,車上ねらい,西脇,杉原谷,283657,兵庫県,多可町,加美区西山,2020/3/31,18,一戸建住宅,駐車（輪）場,施錠した,あり
窃盗,車上ねらい,西脇,杉原谷,283657,兵庫県,多可町,加美区山口,2020/3/31,18,一戸建住宅,駐車（輪）場,施錠した,なし
窃盗,車上ねらい,加古川,加古川駅前,282103,兵庫県,加古川市,加古川町河原,2020/6/26,20,その他,駐車（輪）場,施錠した,あり
窃盗,車上ねらい,加古川,日岡,282103,兵庫県,加古川市,加古川町大野,2020/9/24,20,その他,その他,施錠した,なし
窃盗,車上ねらい,加古川,日岡,282103,兵庫県,加古川市,加古川町大野,2020/11/8,23,道路上,その他,施錠した,あり
窃盗,車上ねらい,加古川,尾上,282103,兵庫県,加古川市,尾上町池田,2020/10/5,8,その他,駐車（輪）場,施錠した,なし
窃盗,車上ねらい,加古川,尾上,282103,兵庫県,加古川市,尾上町安田,2020/2/28,14,駐車（輪）場,駐車（輪）場,施錠した,なし
窃盗,車上ねらい,加古川,野口,282103,兵庫県,加古川市,野口町良野,2020/2/18,8,４階建て以上共同住宅,駐車（輪）場,施錠した,なし
窃盗,車上ねらい,加古川,別府,282103,兵庫県,加古川市,別府町新野辺北町８丁目,2020/3/28,18,駐車（輪）場,駐車（輪）場,施錠した,なし
窃盗,車上ねらい,加古川,東加古川,282103,兵庫県,加古川市,平岡町新在家,2020/2/19,0,駐車（輪）場,駐車（輪）場,施錠した,なし
窃盗,車上ねらい,加古川,東加古川,282103,兵庫県,加古川市,平岡町一色西２丁目,2020/10/24,19,その他,駐車（輪）場,施錠した,あり
窃盗,車上ねらい,加古川,稲美,283819,兵庫県,稲美町,国岡３丁目,2020/9/19,17,駐車（輪）場,駐車（輪）場,施錠した,なし
窃盗,車上ねらい,加古川,稲美,283819,兵庫県,稲美町,国岡３丁目,2020/9/19,20,一戸建住宅,駐車（輪）場,施錠した,なし
窃盗,車上ねらい,加古川,稲美,283819,兵庫県,稲美町,国岡６丁目,2020/9/13,12,駐車（輪）場,駐車（輪）場,施錠した,なし
窃盗,車上ねらい,加古川,稲美,283819,兵庫県,稲美町,中村,2020/8/7,16,４階建て以上共同住宅,駐車（輪）場,施錠した,なし
窃盗,車上ねらい,加古川,稲美,283819,兵庫県,稲美町,中村,2020/9/2,16,４階建て以上共同住宅,駐車（輪）場,施錠した,なし
窃盗,車上ねらい,加古川,稲美,283819,兵庫県,稲美町,中村,2020/10/16,12,その他,駐車（輪）場,施錠した,なし
窃盗,車上ねらい,加古川,八幡,282103,兵庫県,加古川市,八幡町宗佐,2020/3/21,14,その他,その他,施錠した,あり
窃盗,車上ねらい,加古川,両荘,282103,兵庫県,加古川市,平荘町里,2020/1/1,9,その他,その他,施錠した,なし
窃盗,車上ねらい,加古川,両荘,282103,兵庫県,加古川市,平荘町里,2020/4/4,5,その他,駐車（輪）場,施錠した,あり
窃盗,車上ねらい,加古川,両荘,282103,兵庫県,加古川市,平荘町中山,2019/12/31,10,その他,その他,施錠した,あり
窃盗,車上ねらい,加古川,両荘,282103,兵庫県,加古川市,平荘町中山,2020/4/19,6,道路上,その他,施錠した,あり
窃盗,車上ねらい,加古川,両荘,282103,兵庫県,加古川市,平荘町中山,2020/5/1,4,道路上,その他,施錠した,なし
窃盗,車上ねらい,加古川,神吉,282103,兵庫県,加古川市,西神吉町岸,2020/3/12,20,駐車（輪）場,駐車（輪）場,施錠した,なし
窃盗,車上ねらい,加古川,志方東,282103,兵庫県,加古川市,志方町廣尾,2020/4/18,16,その他,その他,施錠した,なし
窃盗,車上ねらい,加古川,新神野,282103,兵庫県,加古川市,新神野５丁目,2020/3/12,15,４階建て以上共同住宅,駐車（輪）場,施錠した,なし
窃盗,車上ねらい,加古川,新神野,282103,兵庫県,加古川市,新神野７丁目,2020/3/12,14,４階建て以上共同住宅,駐車（輪）場,施錠した,なし
窃盗,車上ねらい,加古川,稲美東,283819,兵庫県,稲美町,下草谷,2019/12/28,7,その他,その他,施錠した,なし
窃盗,車上ねらい,加古川,野添,283827,兵庫県,播磨町,西野添４丁目,2020/6/21,18,道路上,その他,施錠した,なし
窃盗,車上ねらい,加古川,野添,283827,兵庫県,播磨町,南野添２丁目,2020/12/1,18,その他,駐車（輪）場,施錠した,なし
窃盗,車上ねらい,加古川,県農前,282103,兵庫県,加古川市,野口町水足,2020/1/15,10,その他,駐車（輪）場,施錠した,あり
窃盗,車上ねらい,高砂,伊保,282162,兵庫県,高砂市,松陽４丁目,2020/12/2,16,その他,駐車（輪）場,施錠した,あり
窃盗,車上ねらい,高砂,伊保,282162,兵庫県,高砂市,梅井６丁目,2020/3/21,6,駐車（輪）場,駐車（輪）場,施錠した,あり
窃盗,車上ねらい,高砂,伊保,282162,兵庫県,高砂市,高須,2020/8/13,14,駐車（輪）場,駐車（輪）場,施錠した,なし
窃盗,車上ねらい,高砂,米田,282162,兵庫県,高砂市,米田町米田,2020/9/19,18,その他,駐車（輪）場,施錠した,なし
窃盗,車上ねらい,高砂,米田,282162,兵庫県,高砂市,米田町米田新,2020/8/5,18,その他,駐車（輪）場,施錠した,あり
窃盗,車上ねらい,高砂,米田,282162,兵庫県,高砂市,米田団地,2020/8/10,18,駐車（輪）場,駐車（輪）場,施錠した,なし
窃盗,車上ねらい,姫路,姫路駅南,282014,兵庫県,姫路市,北条,2020/1/10,22,一戸建住宅,駐車（輪）場,施錠した,あり
窃盗,車上ねらい,姫路,城南,282014,兵庫県,姫路市,龍野町３丁目,2020/3/20,10,駐車（輪）場,駐車（輪）場,施錠した,なし
窃盗,車上ねらい,姫路,城南,282014,兵庫県,姫路市,元町,2020/3/18,12,その他,駐車（輪）場,施錠した,なし
窃盗,車上ねらい,姫路,八代,282014,兵庫県,姫路市,新在家本町１丁目,2020/3/11,20,駐車（輪）場,駐車（輪）場,施錠した,なし
窃盗,車上ねらい,姫路,岡町,282014,兵庫県,姫路市,柳町,2020/12/1,14,一戸建住宅,駐車（輪）場,施錠した,あり
窃盗,車上ねらい,姫路,花田,282014,兵庫県,姫路市,花田町上原田,2020/12/16,18,その他の住宅（３階建て以下共同住宅等）,駐車（輪）場,施錠した,なし
窃盗,車上ねらい,姫路,八重畑,282014,兵庫県,姫路市,飾東町八重畑,2020/2/7,7,駐車（輪）場,駐車（輪）場,施錠した,あり
窃盗,車上ねらい,姫路,御蔭,282014,兵庫県,姫路市,豊富町神谷,2020/2/4,13,道路上,その他,施錠した,あり
窃盗,車上ねらい,姫路,船津,282014,兵庫県,姫路市,船津町,2020/5/12,16,道路上,その他,施錠した,あり
窃盗,車上ねらい,姫路,飾西,282014,兵庫県,姫路市,青山１丁目,2020/8/18,19,一戸建住宅,駐車（輪）場,施錠した,なし
窃盗,車上ねらい,姫路,杉之内,282014,兵庫県,姫路市,夢前町前之庄,2020/1/15,16,道路上,その他,施錠した,あり
窃盗,車上ねらい,姫路,林田,282014,兵庫県,姫路市,林田町久保,2020/12/20,14,その他,その他,施錠した,あり
窃盗,車上ねらい,姫路,香寺,282014,兵庫県,姫路市,香寺町土師,2020/10/19,21,一戸建住宅,駐車（輪）場,施錠した,あり
窃盗,車上ねらい,姫路,香寺,282014,兵庫県,姫路市,香寺町溝口,2020/8/5,23,その他の住宅（３階建て以下共同住宅等）,駐車（輪）場,施錠した,あり
窃盗,車上ねらい,飾磨,東山,282014,兵庫県,姫路市,継,2020/4/3,23,その他の住宅（３階建て以下共同住宅等）,駐車（輪）場,施錠した,あり
窃盗,車上ねらい,飾磨,飾磨東,282014,兵庫県,姫路市,飾磨区上野田４丁目,2020/2/3,2,駐車（輪）場,駐車（輪）場,施錠した,あり
窃盗,車上ねらい,飾磨,清水,282014,兵庫県,姫路市,飾磨区中島１丁目,2020/10/18,3,一戸建住宅,駐車（輪）場,施錠した,なし
窃盗,車上ねらい,飾磨,宮,282014,兵庫県,姫路市,飾磨区恵美酒,2020/11/10,17,その他,駐車（輪）場,施錠した,なし
窃盗,車上ねらい,飾磨,手柄,282014,兵庫県,姫路市,飯田,2020/3/22,13,駐車（輪）場,駐車（輪）場,施錠した,なし
窃盗,車上ねらい,飾磨,手柄,282014,兵庫県,姫路市,飯田,2020/3/22,14,駐車（輪）場,駐車（輪）場,施錠した,なし
窃盗,車上ねらい,飾磨,手柄,282014,兵庫県,姫路市,飯田３丁目,2020/3/23,1,駐車（輪）場,駐車（輪）場,施錠した,なし
窃盗,車上ねらい,飾磨,手柄,282014,兵庫県,姫路市,西延末,2020/11/20,11,道路上,その他,施錠した,あり
窃盗,車上ねらい,飾磨,今宿,282014,兵庫県,姫路市,下手野２丁目,2020/10/17,14,一戸建住宅,駐車（輪）場,施錠した,なし
窃盗,車上ねらい,飾磨,今宿,282014,兵庫県,姫路市,山吹２丁目,2020/6/14,17,その他,駐車（輪）場,施錠した,あり
窃盗,車上ねらい,飾磨,御国野,282014,兵庫県,姫路市,御国野町御着,2020/6/8,22,駐車（輪）場,駐車（輪）場,施錠した,なし
窃盗,車上ねらい,飾磨,井ノ口,282014,兵庫県,姫路市,岡田,2020/3/22,12,一戸建住宅,駐車（輪）場,施錠した,なし
窃盗,車上ねらい,飾磨,井ノ口,282014,兵庫県,姫路市,苫編南２丁目,2020/12/20,2,４階建て以上共同住宅,駐車（輪）場,施錠した,なし
窃盗,車上ねらい,網干,網干駅前,282014,兵庫県,姫路市,網干区坂上,2020/10/17,15,その他の住宅（３階建て以下共同住宅等）,駐車（輪）場,施錠した,あり
窃盗,車上ねらい,網干,網干駅前,282014,兵庫県,姫路市,網干区坂出,2020/12/21,20,その他の住宅（３階建て以下共同住宅等）,駐車（輪）場,施錠した,あり
窃盗,車上ねらい,網干,吉美,282014,兵庫県,姫路市,大津区真砂町,2020/8/28,12,駐車（輪）場,駐車（輪）場,施錠した,なし
窃盗,車上ねらい,網干,広畑,282014,兵庫県,姫路市,広畑区長町２丁目,2020/5/28,19,その他,駐車（輪）場,施錠した,あり
窃盗,車上ねらい,網干,八幡,282014,兵庫県,姫路市,広畑区蒲田４丁目,2020/9/2,19,一戸建住宅,駐車（輪）場,施錠した,なし
窃盗,車上ねらい,福崎,福崎駅前,284432,兵庫県,福崎町,福崎新,2019/12/31,10,駐車（輪）場,駐車（輪）場,施錠した,あり
窃盗,車上ねらい,福崎,福崎東,284432,兵庫県,福崎町,南田原,2020/6/10,13,駐車（輪）場,駐車（輪）場,施錠した,あり
窃盗,車上ねらい,たつの,本龍野駅前,282294,兵庫県,たつの市,龍野町富永,2020/1/11,8,その他,駐車（輪）場,施錠した,なし
窃盗,車上ねらい,たつの,神部,282294,兵庫県,たつの市,揖保川町正條,2020/10/18,1,その他の住宅（３階建て以下共同住宅等）,駐車（輪）場,施錠した,あり
窃盗,車上ねらい,たつの,河内,282294,兵庫県,たつの市,揖保川町馬場,2020/1/17,23,駐車（輪）場,駐車（輪）場,施錠した,あり
窃盗,車上ねらい,たつの,斑鳩,284645,兵庫県,太子町,糸井,2020/10/17,8,駐車（輪）場,駐車（輪）場,施錠した,あり
窃盗,車上ねらい,たつの,斑鳩,284645,兵庫県,太子町,東保,2020/9/22,23,その他の住宅（３階建て以下共同住宅等）,駐車（輪）場,施錠した,なし
窃盗,車上ねらい,佐用,佐用,285013,兵庫県,佐用町,長尾,2020/3/6,17,その他,駐車（輪）場,施錠した,なし
窃盗,車上ねらい,佐用,福吉,285013,兵庫県,佐用町,金屋,2020/7/6,10,その他,その他,施錠した,あり
窃盗,車上ねらい,宍粟,戸原,282278,兵庫県,宍粟市,山崎町川戸,2020/7/12,18,駐車（輪）場,駐車（輪）場,施錠した,なし
窃盗,車上ねらい,宍粟,高下,282278,兵庫県,宍粟市,山崎町高下,2020/1/15,14,その他,その他,施錠した,なし
窃盗,車上ねらい,朝来,矢名瀬,282251,兵庫県,朝来市,山東町末歳,2020/2/20,15,道路上,その他,施錠した,あり
窃盗,車上ねらい,朝来,上早田,282251,兵庫県,朝来市,山東町粟鹿,2020/6/6,15,駐車（輪）場,駐車（輪）場,施錠した,あり
窃盗,車上ねらい,朝来,竹田,282251,兵庫県,朝来市,和田山町竹田,2020/1/13,13,道路上,その他,施錠した,なし
窃盗,車上ねらい,朝来,朝来,282251,兵庫県,朝来市,新井,2020/12/9,19,駐車（輪）場,駐車（輪）場,施錠した,あり
窃盗,車上ねらい,朝来,立野,282251,兵庫県,朝来市,立野,2020/3/31,13,道路上,その他,施錠した,あり
窃盗,車上ねらい,養父,広谷,282227,兵庫県,養父市,十二所,2020/4/17,15,道路上,その他,施錠した,あり
窃盗,車上ねらい,豊岡南,神美,282090,兵庫県,豊岡市,三宅,2020/1/23,6,駐車（輪）場,駐車（輪）場,施錠した,あり
窃盗,車上ねらい,淡路,仮屋,282260,兵庫県,淡路市,久留麻,2020/4/8,16,駐車（輪）場,駐車（輪）場,施錠した,なし
窃盗,車上ねらい,南あわじ,青木,282243,兵庫県,南あわじ市,賀集野田,2020/11/19,0,一戸建住宅,駐車（輪）場,施錠した,あり
窃盗,車上ねらい,南あわじ,青木,282243,兵庫県,南あわじ市,神代喜来,2020/3/27,22,駐車（輪）場,駐車（輪）場,施錠した,あり
窃盗,車上ねらい,南あわじ,慶野,282243,兵庫県,南あわじ市,松帆櫟田,2020/2/26,21,一戸建住宅,駐車（輪）場,施錠した,あり
窃盗,車上ねらい,南あわじ,慶野,282243,兵庫県,南あわじ市,松帆江尻,2020/4/7,23,一戸建住宅,駐車（輪）場,施錠した,あり
窃盗,車上ねらい,南あわじ,湊,282243,兵庫県,南あわじ市,湊,2020/12/14,18,一戸建住宅,駐車（輪）場,施錠した,あり
窃盗,車上ねらい,南あわじ,津井,282243,兵庫県,南あわじ市,津井,2020/3/2,7,一戸建住宅,駐車（輪）場,施錠した,あり
窃盗,車上ねらい,小野,河合,282189,兵庫県,小野市,河合西町,2020/1/7,18,道路上,その他,施錠せず,あり
窃盗,車上ねらい,小野,栗生,282189,兵庫県,小野市,粟生町,2020/3/25,15,駐車（輪）場,駐車（輪）場,施錠せず,あり
窃盗,車上ねらい,小野,栗生,282189,兵庫県,小野市,粟生町,2020/5/29,14,駐車（輪）場,駐車（輪）場,施錠せず,なし
窃盗,車上ねらい,小野,栗生,282189,兵庫県,小野市,粟生町,2020/6/30,13,その他,その他,施錠せず,あり
窃盗,車上ねらい,小野,小野駅前,282189,兵庫県,小野市,王子町,2020/1/25,13,道路上,その他,施錠せず,あり
窃盗,車上ねらい,小野,小野駅前,282189,兵庫県,小野市,王子町,2020/3/12,18,その他,その他,施錠せず,なし
窃盗,車上ねらい,小野,小野駅前,282189,兵庫県,小野市,浄谷町,2020/5/4,13,道路上,その他,施錠せず,あり
窃盗,車上ねらい,小野,小野駅前,282189,兵庫県,小野市,浄谷町,2020/11/10,15,その他,その他,施錠せず,あり
窃盗,車上ねらい,小野,小野駅前,282189,兵庫県,小野市,中町,2020/6/8,17,その他,その他,施錠せず,あり
窃盗,車上ねらい,小野,小田,282189,兵庫県,小野市,万勝寺町,2020/4/11,14,駐車（輪）場,駐車（輪）場,施錠せず,あり
窃盗,車上ねらい,小野,小田,282189,兵庫県,小野市,万勝寺町,2020/12/16,13,道路上,その他,施錠せず,あり
窃盗,車上ねらい,小野,小田,282189,兵庫県,小野市,脇本町,2020/7/25,13,道路上,その他,施錠せず,あり
窃盗,車上ねらい,三田,三田駅前,282197,兵庫県,三田市,桑原,2020/12/8,12,一戸建住宅,駐車（輪）場,施錠せず,あり
窃盗,車上ねらい,三田,三田駅前,282197,兵庫県,三田市,中央町,2020/2/5,16,その他,駐車（輪）場,施錠せず,あり
窃盗,車上ねらい,三田,広野,282197,兵庫県,三田市,下内神,2020/12/16,8,一戸建住宅,その他,施錠せず,あり
窃盗,車上ねらい,三田,志手原,282197,兵庫県,三田市,志手原,2020/2/2,9,道路上,その他,施錠せず,あり
窃盗,車上ねらい,三田,あいの里,282197,兵庫県,三田市,西相野,2020/7/21,17,その他,その他,施錠せず,あり
窃盗,車上ねらい,三田,四ツ辻,282197,兵庫県,三田市,東本庄,2020/11/14,15,道路上,その他,施錠せず,あり
窃盗,車上ねらい,三田,ウッディタウン中央,282197,兵庫県,三田市,けやき台３丁目,2020/6/4,5,一戸建住宅,駐車（輪）場,施錠せず,あり
窃盗,車上ねらい,東灘,深江,281018,兵庫県,神戸市東灘区,深江北町１丁目,2020/6/5,20,駐車（輪）場,駐車（輪）場,施錠せず,なし
窃盗,車上ねらい,東灘,深江,281018,兵庫県,神戸市東灘区,深江南町４丁目,2020/8/24,13,４階建て以上共同住宅,駐車（輪）場,施錠せず,なし
窃盗,車上ねらい,東灘,森,281018,兵庫県,神戸市東灘区,本庄町２丁目,2020/10/4,18,道路上,その他,施錠せず,あり
窃盗,車上ねらい,東灘,森,281018,兵庫県,神戸市東灘区,本庄町３丁目,2020/1/21,1,道路上,その他,施錠せず,なし
窃盗,車上ねらい,東灘,森,281018,兵庫県,神戸市東灘区,森北町２丁目,2020/2/10,14,駐車（輪）場,駐車（輪）場,施錠せず,なし
窃盗,車上ねらい,東灘,森,281018,兵庫県,神戸市東灘区,森北町４丁目,2020/10/18,11,４階建て以上共同住宅,その他,施錠せず,あり
窃盗,車上ねらい,東灘,田中,281018,兵庫県,神戸市東灘区,甲南町３丁目,2020/3/23,18,駐車（輪）場,駐車（輪）場,施錠せず,なし
窃盗,車上ねらい,東灘,青木駅前,281018,兵庫県,神戸市東灘区,青木１丁目,2020/11/29,17,その他,駐車（輪）場,施錠せず,なし
窃盗,車上ねらい,東灘,青木駅前,281018,兵庫県,神戸市東灘区,青木２丁目,2020/4/10,13,道路上,その他,施錠せず,あり
窃盗,車上ねらい,東灘,青木駅前,281018,兵庫県,神戸市東灘区,青木６丁目,2020/7/30,19,道路上,その他,施錠せず,なし
窃盗,車上ねらい,東灘,青木駅前,281018,兵庫県,神戸市東灘区,北青木３丁目,2020/1/29,0,道路上,その他,施錠せず,なし
窃盗,車上ねらい,東灘,青木駅前,281018,兵庫県,神戸市東灘区,本山南町４丁目,2020/9/19,18,その他,その他,施錠せず,あり
窃盗,車上ねらい,東灘,魚崎,281018,兵庫県,神戸市東灘区,魚崎北町２丁目,2020/3/2,14,その他,その他,施錠せず,なし
窃盗,車上ねらい,東灘,魚崎,281018,兵庫県,神戸市東灘区,魚崎浜町,2020/3/20,7,その他,その他,施錠せず,あり
窃盗,車上ねらい,東灘,ＪＲ住吉駅前,281018,兵庫県,神戸市東灘区,住吉宮町３丁目,2020/7/20,15,その他,その他,施錠せず,なし
窃盗,車上ねらい,東灘,ＪＲ住吉駅前,281018,兵庫県,神戸市東灘区,住吉宮町４丁目,2020/11/7,17,道路上,その他,施錠せず,なし
窃盗,車上ねらい,東灘,呉田,281018,兵庫県,神戸市東灘区,魚崎西町１丁目,2020/2/19,12,一戸建住宅,駐車（輪）場,施錠せず,なし
窃盗,車上ねらい,東灘,呉田,281018,兵庫県,神戸市東灘区,魚崎西町４丁目,2020/5/12,14,その他,駐車（輪）場,施錠せず,あり
窃盗,車上ねらい,東灘,呉田,281018,兵庫県,神戸市東灘区,住吉南町１丁目,2020/6/3,19,一戸建住宅,駐車（輪）場,施錠せず,なし
窃盗,車上ねらい,東灘,呉田,281018,兵庫県,神戸市東灘区,御影本町２丁目,2020/7/4,9,その他,駐車（輪）場,施錠せず,なし
窃盗,車上ねらい,東灘,石屋川,281018,兵庫県,神戸市東灘区,御影石町２丁目,2020/2/29,12,駐車（輪）場,駐車（輪）場,施錠せず,なし
窃盗,車上ねらい,東灘,沢ノ井,281018,兵庫県,神戸市東灘区,御影中町３丁目,2020/2/7,17,駐車（輪）場,駐車（輪）場,施錠せず,なし
窃盗,車上ねらい,東灘,沢ノ井,281018,兵庫県,神戸市東灘区,御影中町３丁目,2020/4/27,9,駐車（輪）場,駐車（輪）場,施錠せず,なし
窃盗,車上ねらい,東灘,沢ノ井,281018,兵庫県,神戸市東灘区,御影中町４丁目,2020/2/15,15,道路上,その他,施錠せず,なし
窃盗,車上ねらい,東灘,沢ノ井,281018,兵庫県,神戸市東灘区,御影中町５丁目,2020/12/1,16,その他,その他,施錠せず,なし
窃盗,車上ねらい,東灘,沢ノ井,281018,兵庫県,神戸市東灘区,御影本町６丁目,2020/10/31,9,道路上,その他,施錠せず,なし
窃盗,車上ねらい,灘,徳井,281026,兵庫県,神戸市灘区,中郷町２丁目,2020/3/17,19,道路上,その他,施錠せず,なし
窃盗,車上ねらい,灘,徳井,281026,兵庫県,神戸市灘区,大和町１丁目,2020/10/22,12,道路上,その他,施錠せず,なし
窃盗,車上ねらい,灘,八幡,281026,兵庫県,神戸市灘区,永手町３丁目,2020/4/15,18,道路上,その他,施錠せず,なし
窃盗,車上ねらい,灘,六甲,281026,兵庫県,神戸市灘区,稗原町１丁目,2020/8/3,17,道路上,その他,施錠せず,なし
窃盗,車上ねらい,灘,六甲,281026,兵庫県,神戸市灘区,六甲町２丁目,2020/11/11,16,その他,その他,施錠せず,なし
窃盗,車上ねらい,灘,赤坂,281026,兵庫県,神戸市灘区,高尾通４丁目,2020/4/26,16,駐車（輪）場,駐車（輪）場,施錠せず,あり
窃盗,車上ねらい,灘,桜口,281026,兵庫県,神戸市灘区,新在家北町１丁目,2020/6/7,16,その他,駐車（輪）場,施錠せず,あり
窃盗,車上ねらい,灘,桜口,281026,兵庫県,神戸市灘区,友田町５丁目,2020/8/19,2,道路上,その他,施錠せず,なし
窃盗,車上ねらい,灘,桜口,281026,兵庫県,神戸市灘区,友田町５丁目,2020/12/21,19,その他,駐車（輪）場,施錠せず,なし
窃盗,車上ねらい,灘,桜口,281026,兵庫県,神戸市灘区,永手町４丁目,2020/3/21,16,道路上,その他,施錠せず,なし
窃盗,車上ねらい,灘,西灘,281026,兵庫県,神戸市灘区,岩屋北町４丁目,2020/8/28,1,駐車（輪）場,駐車（輪）場,施錠せず,あり
窃盗,車上ねらい,灘,西灘,281026,兵庫県,神戸市灘区,灘浜町,2020/11/28,2,その他,駐車（輪）場,施錠せず,なし
窃盗,車上ねらい,葺合,熊内,281107,兵庫県,神戸市中央区,旗塚通５丁目,2020/3/6,8,道路上,その他,施錠せず,あり
窃盗,車上ねらい,葺合,割塚,281107,兵庫県,神戸市中央区,東雲通４丁目,2020/8/19,11,道路上,その他,施錠せず,あり
窃盗,車上ねらい,葺合,割塚,281107,兵庫県,神戸市中央区,筒井町１丁目,2020/4/14,9,その他,駐車（輪）場,施錠せず,なし
窃盗,車上ねらい,葺合,割塚,281107,兵庫県,神戸市中央区,筒井町１丁目,2020/7/30,14,４階建て以上共同住宅,駐車（輪）場,施錠せず,なし
窃盗,車上ねらい,葺合,ＨＡＴ神戸,281107,兵庫県,神戸市中央区,脇浜海岸通１丁目,2020/10/26,21,その他,駐車（輪）場,施錠せず,なし
窃盗,車上ねらい,葺合,ＨＡＴ神戸,281107,兵庫県,神戸市中央区,脇浜海岸通２丁目,2020/11/20,17,その他,駐車（輪）場,施錠せず,なし
窃盗,車上ねらい,葺合,ＨＡＴ神戸,281107,兵庫県,神戸市中央区,脇浜海岸通２丁目,2020/11/22,8,その他,駐車（輪）場,施錠せず,なし
窃盗,車上ねらい,葺合,二宮,281107,兵庫県,神戸市中央区,生田町１丁目,2020/3/29,9,道路上,その他,施錠せず,なし
窃盗,車上ねらい,葺合,二宮,281107,兵庫県,神戸市中央区,生田町４丁目,2020/6/12,8,道路上,その他,施錠せず,あり
窃盗,車上ねらい,葺合,二宮,281107,兵庫県,神戸市中央区,琴ノ緒町４丁目,2020/2/3,17,道路上,その他,施錠せず,なし
窃盗,車上ねらい,葺合,二宮,281107,兵庫県,神戸市中央区,二宮町４丁目,2020/2/20,16,道路上,その他,施錠せず,あり
窃盗,車上ねらい,葺合,二宮,281107,兵庫県,神戸市中央区,布引町１丁目,2020/3/3,18,道路上,その他,施錠せず,あり
窃盗,車上ねらい,葺合,二宮,281107,兵庫県,神戸市中央区,布引町４丁目,2020/3/26,22,道路上,その他,施錠せず,あり
窃盗,車上ねらい,葺合,三宮センター,281107,兵庫県,神戸市中央区,旭通３丁目,2020/2/27,20,道路上,その他,施錠せず,あり
窃盗,車上ねらい,葺合,三宮センター,281107,兵庫県,神戸市中央区,磯辺通４丁目,2020/10/5,5,道路上,その他,施錠せず,なし
窃盗,車上ねらい,葺合,三宮センター,281107,兵庫県,神戸市中央区,小野柄通６丁目,2020/9/26,14,その他,駐車（輪）場,施錠せず,なし
窃盗,車上ねらい,葺合,三宮センター,281107,兵庫県,神戸市中央区,小野柄通６丁目,2020/9/28,11,その他,駐車（輪）場,施錠せず,なし
窃盗,車上ねらい,葺合,三宮センター,281107,兵庫県,神戸市中央区,小野柄通６丁目,2020/10/14,15,その他,駐車（輪）場,施錠せず,なし
窃盗,車上ねらい,葺合,三宮センター,281107,兵庫県,神戸市中央区,小野柄通６丁目,2020/11/14,11,その他,駐車（輪）場,施錠せず,なし
窃盗,車上ねらい,葺合,三宮センター,281107,兵庫県,神戸市中央区,雲井通６丁目,2020/11/10,19,道路上,その他,施錠せず,なし
窃盗,車上ねらい,葺合,小野柄,281107,兵庫県,神戸市中央区,御幸通２丁目,2020/12/12,3,道路上,その他,施錠せず,あり
窃盗,車上ねらい,葺合,小野柄,281107,兵庫県,神戸市中央区,南本町通３丁目,2020/10/2,1,道路上,その他,施錠せず,あり
窃盗,車上ねらい,葺合,春日野,281107,兵庫県,神戸市中央区,脇浜町３丁目,2020/9/21,0,その他,駐車（輪）場,施錠せず,なし
窃盗,車上ねらい,生田,,281107,兵庫県,神戸市中央区,脇浜海岸通３丁目,2020/12/18,14,道路上,その他,施錠せず,あり
窃盗,車上ねらい,生田,一宮,281107,兵庫県,神戸市中央区,加納町１丁目,2020/2/1,4,道路上,その他,施錠せず,なし
窃盗,車上ねらい,生田,一宮,281107,兵庫県,神戸市中央区,加納町２丁目,2020/1/16,13,道路上,その他,施錠せず,あり
窃盗,車上ねらい,生田,諏訪山,281107,兵庫県,神戸市中央区,再度筋町,2020/2/1,4,道路上,その他,施錠せず,あり
窃盗,車上ねらい,生田,諏訪山,281107,兵庫県,神戸市中央区,山本通４丁目,2020/11/1,16,道路上,その他,施錠せず,あり
窃盗,車上ねらい,生田,生田前,281107,兵庫県,神戸市中央区,加納町３丁目,2020/1/27,14,道路上,その他,施錠せず,あり
窃盗,車上ねらい,生田,生田前,281107,兵庫県,神戸市中央区,加納町４丁目,2020/8/31,3,道路上,その他,施錠せず,あり
窃盗,車上ねらい,生田,生田前,281107,兵庫県,神戸市中央区,北長狭通１丁目,2020/5/12,15,道路上,その他,施錠せず,あり
窃盗,車上ねらい,生田,生田前,281107,兵庫県,神戸市中央区,北長狭通２丁目,2020/11/4,23,道路上,その他,施錠せず,あり
窃盗,車上ねらい,生田,生田前,281107,兵庫県,神戸市中央区,中山手通１丁目,2020/3/15,1,駐車（輪）場,駐車（輪）場,施錠せず,あり
窃盗,車上ねらい,生田,生田前,281107,兵庫県,神戸市中央区,中山手通１丁目,2020/3/20,17,道路上,その他,施錠せず,なし
窃盗,車上ねらい,生田,生田前,281107,兵庫県,神戸市中央区,中山手通１丁目,2020/9/13,5,道路上,その他,施錠せず,あり
窃盗,車上ねらい,生田,生田前,281107,兵庫県,神戸市中央区,中山手通３丁目,2020/9/13,3,その他,駐車（輪）場,施錠せず,あり
窃盗,車上ねらい,生田,京町,281107,兵庫県,神戸市中央区,三宮町１丁目,2020/10/7,9,道路上,その他,施錠せず,あり
窃盗,車上ねらい,生田,京町,281107,兵庫県,神戸市中央区,三宮町１丁目,2020/10/31,8,駐車（輪）場,駐車（輪）場,施錠せず,なし
窃盗,車上ねらい,生田,京町,281107,兵庫県,神戸市中央区,三宮町１丁目,2020/11/15,14,駐車（輪）場,駐車（輪）場,施錠せず,なし
窃盗,車上ねらい,生田,元町駅,281107,兵庫県,神戸市中央区,北長狭通３丁目,2020/2/3,15,道路上,その他,施錠せず,なし
窃盗,車上ねらい,生田,元町駅,281107,兵庫県,神戸市中央区,北長狭通３丁目,2020/9/11,17,駐車（輪）場,駐車（輪）場,施錠せず,なし
窃盗,車上ねらい,生田,元町駅,281107,兵庫県,神戸市中央区,北長狭通３丁目,2020/9/24,17,駐車（輪）場,駐車（輪）場,施錠せず,なし
窃盗,車上ねらい,生田,元町駅,281107,兵庫県,神戸市中央区,北長狭通３丁目,2020/11/10,11,駐車（輪）場,駐車（輪）場,施錠せず,なし
窃盗,車上ねらい,生田,元町駅,281107,兵庫県,神戸市中央区,北長狭通３丁目,2020/11/12,13,駐車（輪）場,駐車（輪）場,施錠せず,なし
窃盗,車上ねらい,生田,元町駅,281107,兵庫県,神戸市中央区,下山手通３丁目,2020/2/22,20,道路上,その他,施錠せず,あり
窃盗,車上ねらい,生田,元町駅,281107,兵庫県,神戸市中央区,下山手通４丁目,2020/6/10,12,道路上,その他,施錠せず,なし
窃盗,車上ねらい,生田,元町駅,281107,兵庫県,神戸市中央区,下山手通４丁目,2020/8/18,6,道路上,その他,施錠せず,あり
窃盗,車上ねらい,生田,元町駅,281107,兵庫県,神戸市中央区,元町通２丁目,2020/3/31,18,道路上,その他,施錠せず,なし
窃盗,車上ねらい,生田,元町通,281107,兵庫県,神戸市中央区,栄町通３丁目,2020/10/4,9,道路上,その他,施錠せず,あり
窃盗,車上ねらい,生田,元町通,281107,兵庫県,神戸市中央区,栄町通４丁目,2020/2/6,8,道路上,その他,施錠せず,なし
窃盗,車上ねらい,生田,元町通,281107,兵庫県,神戸市中央区,元町通３丁目,2020/4/30,18,道路上,その他,施錠せず,なし
窃盗,車上ねらい,生田,元町通,281107,兵庫県,神戸市中央区,元町通４丁目,2020/4/2,18,道路上,その他,施錠せず,あり
窃盗,車上ねらい,生田,下山手,281107,兵庫県,神戸市中央区,北長狭通６丁目,2020/5/28,18,道路上,その他,施錠せず,なし
窃盗,車上ねらい,生田,下山手,281107,兵庫県,神戸市中央区,下山手通６丁目,2020/10/28,12,道路上,その他,施錠せず,あり
窃盗,車上ねらい,生田,大倉山,281107,兵庫県,神戸市中央区,楠町４丁目,2020/6/10,17,道路上,その他,施錠せず,なし
窃盗,車上ねらい,生田,大倉山,281107,兵庫県,神戸市中央区,楠町７丁目,2020/9/21,11,道路上,その他,施錠せず,なし
窃盗,車上ねらい,生田,大倉山,281107,兵庫県,神戸市中央区,橘通４丁目,2020/10/20,4,道路上,その他,施錠せず,なし
窃盗,車上ねらい,生田,デュオこうべ,281107,兵庫県,神戸市中央区,古湊通１丁目,2020/10/5,16,道路上,その他,施錠せず,あり
窃盗,車上ねらい,生田,デュオこうべ,281107,兵庫県,神戸市中央区,中町通３丁目,2020/2/21,10,４階建て以上共同住宅,駐車（輪）場,施錠せず,なし
窃盗,車上ねらい,生田,デュオこうべ,281107,兵庫県,神戸市中央区,中町通３丁目,2020/9/28,22,その他,駐車（輪）場,施錠せず,なし
窃盗,車上ねらい,生田,デュオこうべ,281107,兵庫県,神戸市中央区,中町通４丁目,2020/1/3,10,道路上,その他,施錠せず,あり
窃盗,車上ねらい,生田,ハーバーランド,281107,兵庫県,神戸市中央区,相生町５丁目,2020/7/31,0,道路上,その他,施錠せず,あり
窃盗,車上ねらい,生田,ハーバーランド,281107,兵庫県,神戸市中央区,東川崎町１丁目,2020/10/4,7,その他,駐車（輪）場,施錠せず,なし
窃盗,車上ねらい,生田,ハーバーランド,281107,兵庫県,神戸市中央区,東川崎町１丁目,2020/10/14,19,その他,その他,施錠せず,あり
窃盗,車上ねらい,生田,ハーバーランド,281107,兵庫県,神戸市中央区,東川崎町１丁目,2020/11/6,9,その他,駐車（輪）場,施錠せず,なし
窃盗,車上ねらい,兵庫,荒田,281051,兵庫県,神戸市兵庫区,荒田町１丁目,2020/3/4,12,駐車（輪）場,駐車（輪）場,施錠せず,なし
窃盗,車上ねらい,兵庫,荒田,281051,兵庫県,神戸市兵庫区,荒田町１丁目,2020/3/27,17,道路上,その他,施錠せず,なし
窃盗,車上ねらい,兵庫,荒田,281051,兵庫県,神戸市兵庫区,荒田町１丁目,2020/9/27,16,道路上,その他,施錠せず,なし
窃盗,車上ねらい,兵庫,荒田,281051,兵庫県,神戸市兵庫区,荒田町１丁目,2020/11/30,10,道路上,その他,施錠せず,あり
窃盗,車上ねらい,兵庫,荒田,281051,兵庫県,神戸市兵庫区,荒田町１丁目,2020/12/10,16,道路上,その他,施錠せず,なし
窃盗,車上ねらい,兵庫,福原,281051,兵庫県,神戸市兵庫区,西上橘通２丁目,2020/5/28,1,道路上,その他,施錠せず,あり
窃盗,車上ねらい,兵庫,福原,281051,兵庫県,神戸市兵庫区,西上橘通２丁目,2020/8/11,13,道路上,その他,施錠せず,あり
窃盗,車上ねらい,兵庫,福原,281051,兵庫県,神戸市兵庫区,西上橘通２丁目,2020/11/21,20,駐車（輪）場,駐車（輪）場,施錠せず,なし
窃盗,車上ねらい,兵庫,福原,281051,兵庫県,神戸市兵庫区,福原町,2020/8/11,3,駐車（輪）場,駐車（輪）場,施錠せず,あり
窃盗,車上ねらい,兵庫,湊川,281051,兵庫県,神戸市兵庫区,荒田町４丁目,2020/9/6,11,道路上,その他,施錠せず,なし
窃盗,車上ねらい,兵庫,湊川,281051,兵庫県,神戸市兵庫区,上沢通１丁目,2020/9/28,21,道路上,その他,施錠せず,あり
窃盗,車上ねらい,兵庫,湊川,281051,兵庫県,神戸市兵庫区,中道通１丁目,2020/9/18,13,駐車（輪）場,駐車（輪）場,施錠せず,あり
窃盗,車上ねらい,兵庫,湊川,281051,兵庫県,神戸市兵庫区,松本通２丁目,2020/11/25,10,道路上,その他,施錠せず,あり
窃盗,車上ねらい,兵庫,新開地,281051,兵庫県,神戸市兵庫区,佐比江町,2020/10/28,23,４階建て以上共同住宅,駐車（輪）場,施錠せず,あり
窃盗,車上ねらい,兵庫,新開地,281051,兵庫県,神戸市兵庫区,新開地５丁目,2020/2/9,20,道路上,その他,施錠せず,あり
窃盗,車上ねらい,兵庫,新開地,281051,兵庫県,神戸市兵庫区,新開地６丁目,2020/1/20,16,道路上,その他,施錠せず,なし
窃盗,車上ねらい,兵庫,新開地,281051,兵庫県,神戸市兵庫区,新開地６丁目,2020/6/2,21,道路上,その他,施錠せず,なし
窃盗,車上ねらい,兵庫,新開地,281051,兵庫県,神戸市兵庫区,新開地６丁目,2020/12/11,13,駐車（輪）場,駐車（輪）場,施錠せず,あり
窃盗,車上ねらい,兵庫,新開地,281051,兵庫県,神戸市兵庫区,大開通２丁目,2020/6/25,10,その他,その他,施錠せず,なし
窃盗,車上ねらい,兵庫,新開地,281051,兵庫県,神戸市兵庫区,東出町２丁目,2020/6/17,18,道路上,その他,施錠せず,あり
窃盗,車上ねらい,兵庫,皿池,281051,兵庫県,神戸市兵庫区,上沢通３丁目,2020/1/8,17,４階建て以上共同住宅,駐車（輪）場,施錠せず,なし
窃盗,車上ねらい,兵庫,皿池,281051,兵庫県,神戸市兵庫区,上沢通４丁目,2020/8/28,12,その他の住宅（３階建て以下共同住宅等）,駐車（輪）場,施錠せず,あり
窃盗,車上ねらい,兵庫,皿池,281051,兵庫県,神戸市兵庫区,下沢通３丁目,2020/4/14,14,道路上,その他,施錠せず,なし
窃盗,車上ねらい,兵庫,皿池,281051,兵庫県,神戸市兵庫区,下沢通４丁目,2020/6/18,13,その他の住宅（３階建て以下共同住宅等）,駐車（輪）場,施錠せず,なし
窃盗,車上ねらい,兵庫,皿池,281051,兵庫県,神戸市兵庫区,水木通５丁目,2020/9/11,12,道路上,その他,施錠せず,あり
窃盗,車上ねらい,兵庫,大開,281051,兵庫県,神戸市兵庫区,塚本通５丁目,2020/12/6,5,４階建て以上共同住宅,その他,施錠せず,なし
窃盗,車上ねらい,兵庫,大開,281051,兵庫県,神戸市兵庫区,羽坂通３丁目,2020/12/6,16,駐車（輪）場,駐車（輪）場,施錠せず,あり
窃盗,車上ねらい,兵庫,兵庫駅前,281051,兵庫県,神戸市兵庫区,駅前通１丁目,2020/5/28,18,道路上,その他,施錠せず,あり
窃盗,車上ねらい,兵庫,兵庫駅前,281051,兵庫県,神戸市兵庫区,駅南通５丁目,2020/7/27,17,道路上,その他,施錠せず,なし
窃盗,車上ねらい,兵庫,兵庫駅前,281051,兵庫県,神戸市兵庫区,羽坂通４丁目,2020/8/22,10,道路上,その他,施錠せず,あり
窃盗,車上ねらい,兵庫,七宮,281051,兵庫県,神戸市兵庫区,西柳原町,2020/1/23,19,道路上,その他,施錠せず,あり
窃盗,車上ねらい,兵庫,七宮,281051,兵庫県,神戸市兵庫区,西柳原町,2020/9/3,20,４階建て以上共同住宅,駐車（輪）場,施錠せず,あり
窃盗,車上ねらい,兵庫,七宮,281051,兵庫県,神戸市兵庫区,兵庫町２丁目,2020/11/6,16,道路上,その他,施錠せず,あり
窃盗,車上ねらい,兵庫,七宮,281051,兵庫県,神戸市兵庫区,門口町,2020/10/11,15,その他,その他,施錠せず,あり
窃盗,車上ねらい,兵庫,中之島,281051,兵庫県,神戸市兵庫区,中之島２丁目,2020/9/23,12,その他,駐車（輪）場,施錠せず,なし
窃盗,車上ねらい,兵庫,明親,281051,兵庫県,神戸市兵庫区,小河通２丁目,2020/4/2,13,道路上,その他,施錠せず,あり
窃盗,車上ねらい,兵庫,御崎公園,281051,兵庫県,神戸市兵庫区,御崎町１丁目,2020/10/22,13,一戸建住宅,駐車（輪）場,施錠せず,あり
窃盗,車上ねらい,兵庫,キャナルタウン,281051,兵庫県,神戸市兵庫区,駅南通５丁目,2020/6/21,12,道路上,その他,施錠せず,あり
窃盗,車上ねらい,兵庫,キャナルタウン,281051,兵庫県,神戸市兵庫区,駅南通５丁目,2020/9/26,15,駐車（輪）場,駐車（輪）場,施錠せず,あり
窃盗,車上ねらい,長田,丸山,281069,兵庫県,神戸市長田区,丸山町４丁目,2020/5/3,9,駐車（輪）場,駐車（輪）場,施錠せず,なし
窃盗,車上ねらい,長田,寺池,281069,兵庫県,神戸市長田区,房王寺町１丁目,2020/6/8,17,道路上,その他,施錠せず,なし
窃盗,車上ねらい,長田,長田東,281069,兵庫県,神戸市長田区,五番町３丁目,2019/12/31,17,その他,その他,施錠せず,あり
窃盗,車上ねらい,長田,長田東,281069,兵庫県,神戸市長田区,五番町６丁目,2020/4/7,13,その他,駐車（輪）場,施錠せず,あり
窃盗,車上ねらい,長田,長田東,281069,兵庫県,神戸市長田区,三番町５丁目,2020/11/16,17,道路上,その他,施錠せず,なし
窃盗,車上ねらい,長田,長田東,281069,兵庫県,神戸市長田区,四番町１丁目,2020/10/1,16,４階建て以上共同住宅,駐車（輪）場,施錠せず,なし
窃盗,車上ねらい,長田,長田東,281069,兵庫県,神戸市長田区,六番町８丁目,2020/5/21,11,道路上,その他,施錠せず,あり
窃盗,車上ねらい,長田,御蔵,281069,兵庫県,神戸市長田区,北町１丁目,2020/10/5,15,その他,駐車（輪）場,施錠せず,なし
窃盗,車上ねらい,長田,御蔵,281069,兵庫県,神戸市長田区,菅原通５丁目,2020/3/16,19,駐車（輪）場,駐車（輪）場,施錠せず,あり
窃盗,車上ねらい,長田,湊川大橋,281069,兵庫県,神戸市長田区,浜添通２丁目,2020/7/21,13,道路上,その他,施錠せず,あり
窃盗,車上ねらい,長田,湊川大橋,281069,兵庫県,神戸市長田区,東尻池新町,2020/6/25,14,その他,駐車（輪）場,施錠せず,なし
窃盗,車上ねらい,長田,湊川大橋,281069,兵庫県,神戸市長田区,東尻池町６丁目,2020/6/22,9,道路上,その他,施錠せず,なし
窃盗,車上ねらい,長田,大谷,281069,兵庫県,神戸市長田区,大谷町３丁目,2020/6/8,17,その他,その他,施錠せず,なし
窃盗,車上ねらい,長田,大谷,281069,兵庫県,神戸市長田区,五位ノ池町１丁目,2020/2/28,19,駐車（輪）場,駐車（輪）場,施錠せず,なし
窃盗,車上ねらい,長田,大谷,281069,兵庫県,神戸市長田区,庄山町４丁目,2020/1/29,10,道路上,その他,施錠せず,あり
窃盗,車上ねらい,長田,平和台,281069,兵庫県,神戸市長田区,庄山町４丁目,2020/4/3,8,道路上,その他,施錠せず,あり
窃盗,車上ねらい,長田,平和台,281069,兵庫県,神戸市長田区,長尾町２丁目,2020/5/10,11,道路上,その他,施錠せず,あり
窃盗,車上ねらい,長田,新長田駅前,281069,兵庫県,神戸市長田区,大橋町６丁目,2020/2/16,10,道路上,その他,施錠せず,なし
窃盗,車上ねらい,長田,新長田駅前,281069,兵庫県,神戸市長田区,大橋町６丁目,2020/10/5,12,その他,駐車（輪）場,施錠せず,なし
窃盗,車上ねらい,長田,新長田駅前,281069,兵庫県,神戸市長田区,大橋町６丁目,2020/11/12,12,道路上,その他,施錠せず,なし
窃盗,車上ねらい,長田,新長田駅前,281069,兵庫県,神戸市長田区,松野通１丁目,2020/10/26,8,その他,駐車（輪）場,施錠せず,あり
窃盗,車上ねらい,長田,新長田駅前,281069,兵庫県,神戸市長田区,松野通２丁目,2020/10/27,13,道路上,その他,施錠せず,なし
窃盗,車上ねらい,長田,新長田駅前,281069,兵庫県,神戸市長田区,水笠通４丁目,2020/12/25,13,その他,駐車（輪）場,施錠せず,なし
窃盗,車上ねらい,長田,新長田駅前,281069,兵庫県,神戸市長田区,若松町４丁目,2020/10/31,14,道路上,その他,施錠せず,なし
窃盗,車上ねらい,長田,新長田駅前,281069,兵庫県,神戸市長田区,若松町５丁目,2020/3/25,17,道路上,その他,施錠せず,あり
窃盗,車上ねらい,長田,新長田駅前,281069,兵庫県,神戸市長田区,若松町５丁目,2020/12/10,23,その他,その他,施錠せず,なし
窃盗,車上ねらい,長田,新長田駅前,281069,兵庫県,神戸市長田区,若松町６丁目,2020/7/9,17,道路上,その他,施錠せず,なし
窃盗,車上ねらい,長田,新長田駅前,281069,兵庫県,神戸市長田区,若松町６丁目,2020/10/10,14,道路上,その他,施錠せず,なし
窃盗,車上ねらい,長田,水笠,281069,兵庫県,神戸市長田区,川西通４丁目,2020/6/3,9,道路上,その他,施錠せず,あり
窃盗,車上ねらい,長田,水笠,281069,兵庫県,神戸市長田区,戸崎通２丁目,2020/1/15,8,道路上,その他,施錠せず,なし
窃盗,車上ねらい,長田,久保,281069,兵庫県,神戸市長田区,腕塚町３丁目,2020/11/30,12,道路上,その他,施錠せず,なし
窃盗,車上ねらい,長田,久保,281069,兵庫県,神戸市長田区,腕塚町５丁目,2020/11/21,11,道路上,その他,施錠せず,なし
窃盗,車上ねらい,長田,久保,281069,兵庫県,神戸市長田区,腕塚町６丁目,2020/2/12,10,道路上,その他,施錠せず,なし
窃盗,車上ねらい,長田,久保,281069,兵庫県,神戸市長田区,駒ケ林町２丁目,2020/9/16,9,その他,駐車（輪）場,施錠せず,なし
窃盗,車上ねらい,長田,久保,281069,兵庫県,神戸市長田区,二葉町８丁目,2020/2/21,14,道路上,その他,施錠せず,なし
窃盗,車上ねらい,長田,野田,281077,兵庫県,神戸市須磨区,弥栄台３丁目,2020/3/20,9,道路上,その他,施錠せず,なし
窃盗,車上ねらい,須磨,板宿,281077,兵庫県,神戸市須磨区,川上町３丁目,2020/8/4,8,その他,その他,施錠せず,あり
窃盗,車上ねらい,須磨,板宿,281077,兵庫県,神戸市須磨区,大黒町１丁目,2020/1/10,9,道路上,その他,施錠せず,あり
窃盗,車上ねらい,須磨,板宿,281077,兵庫県,神戸市須磨区,飛松町３丁目,2020/1/29,16,道路上,その他,施錠せず,なし
窃盗,車上ねらい,須磨,板宿,281077,兵庫県,神戸市須磨区,宝田町１丁目,2020/1/9,9,その他,駐車（輪）場,施錠せず,あり
窃盗,車上ねらい,須磨,板宿,281077,兵庫県,神戸市須磨区,宝田町１丁目,2020/2/10,9,その他,その他,施錠せず,あり
窃盗,車上ねらい,須磨,千歳,281077,兵庫県,神戸市須磨区,大池町２丁目,2020/6/15,18,駐車（輪）場,駐車（輪）場,施錠せず,なし
窃盗,車上ねらい,須磨,千歳,281077,兵庫県,神戸市須磨区,権現町３丁目,2020/3/6,13,道路上,その他,施錠せず,あり
窃盗,車上ねらい,須磨,千歳,281077,兵庫県,神戸市須磨区,東町１丁目,2020/2/5,10,道路上,その他,施錠せず,なし
窃盗,車上ねらい,須磨,東須磨,281077,兵庫県,神戸市須磨区,稲葉町３丁目,2020/9/16,10,道路上,その他,施錠せず,あり
窃盗,車上ねらい,須磨,東須磨,281077,兵庫県,神戸市須磨区,松風町１丁目,2020/11/20,22,その他,駐車（輪）場,施錠せず,なし
窃盗,車上ねらい,須磨,若宮,281077,兵庫県,神戸市須磨区,磯馴町１丁目,2020/9/21,8,道路上,その他,施錠せず,あり
窃盗,車上ねらい,須磨,若宮,281077,兵庫県,神戸市須磨区,行平町２丁目,2020/1/15,7,その他,その他,施錠せず,あり
窃盗,車上ねらい,須磨,若宮,281077,兵庫県,神戸市須磨区,若宮町１丁目,2020/7/5,15,その他,その他,施錠せず,なし
窃盗,車上ねらい,須磨,妙法寺,281077,兵庫県,神戸市須磨区,妙法寺字円満林,2020/6/2,13,駐車（輪）場,駐車（輪）場,施錠せず,あり
窃盗,車上ねらい,須磨,菅の台,281077,兵庫県,神戸市須磨区,竜が台３丁目,2020/6/12,15,道路上,その他,施錠せず,あり
窃盗,車上ねらい,須磨,名谷中央,281077,兵庫県,神戸市須磨区,中落合２丁目,2020/3/28,9,駐車（輪）場,駐車（輪）場,施錠せず,あり
窃盗,車上ねらい,須磨,名谷中央,281077,兵庫県,神戸市須磨区,中落合２丁目,2020/6/29,11,道路上,その他,施錠せず,なし
窃盗,車上ねらい,須磨,名谷中央,281077,兵庫県,神戸市須磨区,中落合２丁目,2020/11/17,17,道路上,その他,施錠せず,なし
窃盗,車上ねらい,須磨,名谷中央,281077,兵庫県,神戸市須磨区,南落合３丁目,2020/4/17,16,４階建て以上共同住宅,駐車（輪）場,施錠せず,あり
窃盗,車上ねらい,須磨,名谷中央,281077,兵庫県,神戸市須磨区,弥栄台１丁目,2020/7/13,7,道路上,その他,施錠せず,なし
窃盗,車上ねらい,垂水,高丸,281085,兵庫県,神戸市垂水区,千代が丘２丁目,2020/11/23,19,４階建て以上共同住宅,駐車（輪）場,施錠せず,なし
窃盗,車上ねらい,垂水,名谷,281085,兵庫県,神戸市垂水区,学が丘４丁目,2020/10/28,13,駐車（輪）場,駐車（輪）場,施錠せず,なし
窃盗,車上ねらい,垂水,名谷,281085,兵庫県,神戸市垂水区,名谷町,2020/4/7,16,その他,駐車（輪）場,施錠せず,なし
窃盗,車上ねらい,垂水,名谷,281085,兵庫県,神戸市垂水区,小束山本町３丁目,2020/11/28,9,その他,駐車（輪）場,施錠せず,なし
窃盗,車上ねらい,垂水,垂水駅前,281085,兵庫県,神戸市垂水区,神田町,2020/11/9,9,その他,駐車（輪）場,施錠せず,なし
窃盗,車上ねらい,垂水,垂水駅前,281085,兵庫県,神戸市垂水区,天ノ下町,2020/10/26,9,その他,駐車（輪）場,施錠せず,なし
窃盗,車上ねらい,垂水,舞子駅前,281085,兵庫県,神戸市垂水区,東舞子町,2020/10/24,7,駐車（輪）場,駐車（輪）場,施錠せず,なし
窃盗,車上ねらい,垂水,西舞子,281085,兵庫県,神戸市垂水区,西舞子２丁目,2020/9/23,18,駐車（輪）場,駐車（輪）場,施錠せず,あり
窃盗,車上ねらい,垂水,明舞,281085,兵庫県,神戸市垂水区,神陵台７丁目,2020/6/24,10,道路上,その他,施錠せず,なし
窃盗,車上ねらい,垂水,新多聞,281085,兵庫県,神戸市垂水区,本多聞３丁目,2020/11/26,18,その他,駐車（輪）場,施錠せず,なし
窃盗,車上ねらい,神戸水上,新港,281107,兵庫県,神戸市中央区,小野浜町,2020/6/18,10,その他,駐車（輪）場,施錠せず,なし
窃盗,車上ねらい,神戸水上,中突堤,281107,兵庫県,神戸市中央区,海岸通１丁目,2020/11/13,8,道路上,その他,施錠せず,なし
窃盗,車上ねらい,神戸水上,中突堤,281107,兵庫県,神戸市中央区,波止場町,2020/2/19,23,道路上,その他,施錠せず,なし
窃盗,車上ねらい,神戸水上,中突堤,281107,兵庫県,神戸市中央区,波止場町,2020/6/3,10,道路上,その他,施錠せず,なし
窃盗,車上ねらい,神戸水上,中突堤,281107,兵庫県,神戸市中央区,波止場町,2020/8/28,4,その他,駐車（輪）場,施錠せず,なし
窃盗,車上ねらい,神戸水上,中突堤,281107,兵庫県,神戸市中央区,波止場町,2020/11/8,13,その他,駐車（輪）場,施錠せず,なし
窃盗,車上ねらい,神戸水上,中突堤,281107,兵庫県,神戸市中央区,弁天町,2020/8/3,10,その他,駐車（輪）場,施錠せず,なし
窃盗,車上ねらい,神戸水上,ポートアイランド,281107,兵庫県,神戸市中央区,港島４丁目,2020/8/12,23,４階建て以上共同住宅,駐車（輪）場,施錠せず,なし
窃盗,車上ねらい,神戸水上,ポートアイランド,281107,兵庫県,神戸市中央区,港島９丁目,2020/4/4,17,駐車（輪）場,駐車（輪）場,施錠せず,なし
窃盗,車上ねらい,神戸西,上池,281115,兵庫県,神戸市西区,玉津町今津,2019/8/1,0,一戸建住宅,駐車（輪）場,施錠せず,なし
窃盗,車上ねらい,神戸西,上池,281115,兵庫県,神戸市西区,玉津町今津,2020/11/21,1,一戸建住宅,駐車（輪）場,施錠せず,なし
窃盗,車上ねらい,神戸西,出合,281115,兵庫県,神戸市西区,王塚台７丁目,2020/3/3,12,その他,駐車（輪）場,施錠せず,あり
窃盗,車上ねらい,神戸西,西戸田,281115,兵庫県,神戸市西区,平野町西戸田,2020/6/3,14,その他,駐車（輪）場,施錠せず,あり
窃盗,車上ねらい,神戸西,西戸田,281115,兵庫県,神戸市西区,平野町西戸田,2020/12/21,8,その他,駐車（輪）場,施錠せず,あり
窃盗,車上ねらい,神戸西,岩岡,281115,兵庫県,神戸市西区,岩岡町岩岡,2020/8/12,17,一戸建住宅,駐車（輪）場,施錠せず,なし
窃盗,車上ねらい,神戸西,古郷,281115,兵庫県,神戸市西区,岩岡町西脇,2020/12/2,12,一戸建住宅,駐車（輪）場,施錠せず,あり
窃盗,車上ねらい,神戸西,古郷,281115,兵庫県,神戸市西区,岩岡町古郷,2020/3/4,11,その他,その他,施錠せず,あり
窃盗,車上ねらい,神戸西,古郷,281115,兵庫県,神戸市西区,岩岡町古郷,2020/7/24,9,道路上,その他,施錠せず,あり
窃盗,車上ねらい,神戸西,古郷,281115,兵庫県,神戸市西区,上新地２丁目,2020/6/27,14,道路上,その他,施錠せず,なし
窃盗,車上ねらい,神戸西,神出,281115,兵庫県,神戸市西区,神出町宝勢,2020/5/20,8,その他,駐車（輪）場,施錠せず,なし
窃盗,車上ねらい,神戸西,伊川谷,281115,兵庫県,神戸市西区,池上１丁目,2020/8/23,21,駐車（輪）場,駐車（輪）場,施錠せず,なし
窃盗,車上ねらい,神戸西,有瀬,281115,兵庫県,神戸市西区,伊川谷町有瀬,2020/11/24,13,その他,駐車（輪）場,施錠せず,あり
窃盗,車上ねらい,神戸西,有瀬,281115,兵庫県,神戸市西区,伊川谷町有瀬,2020/12/23,14,その他,その他,施錠せず,あり
窃盗,車上ねらい,神戸西,有瀬,281115,兵庫県,神戸市西区,伊川谷町潤和,2020/5/9,17,一戸建住宅,駐車（輪）場,施錠せず,あり
窃盗,車上ねらい,神戸西,有瀬,281115,兵庫県,神戸市西区,伊川谷町潤和,2020/10/26,18,その他,駐車（輪）場,施錠せず,なし
窃盗,車上ねらい,神戸西,有瀬,281115,兵庫県,神戸市西区,伊川谷町潤和,2020/11/17,19,その他,駐車（輪）場,施錠せず,なし
窃盗,車上ねらい,神戸西,富士見が丘,281115,兵庫県,神戸市西区,富士見が丘５丁目,2020/2/28,13,一戸建住宅,駐車（輪）場,施錠せず,なし
窃盗,車上ねらい,神戸西,枝吉,281115,兵庫県,神戸市西区,枝吉２丁目,2020/4/3,14,一戸建住宅,その他,施錠せず,あり
窃盗,車上ねらい,神戸西,枝吉,281115,兵庫県,神戸市西区,枝吉５丁目,2020/11/8,10,その他,駐車（輪）場,施錠せず,なし
窃盗,車上ねらい,神戸西,枝吉,281115,兵庫県,神戸市西区,王塚台７丁目,2019/12/12,20,駐車（輪）場,駐車（輪）場,施錠せず,あり
窃盗,車上ねらい,神戸西,枝吉,281115,兵庫県,神戸市西区,持子３丁目,2020/8/22,9,道路上,その他,施錠せず,なし
窃盗,車上ねらい,神戸西,狩場台,281115,兵庫県,神戸市西区,押部谷町和田,2020/12/10,16,その他,その他,施錠せず,あり
窃盗,車上ねらい,神戸西,竹の台,281115,兵庫県,神戸市西区,竹の台６丁目,2020/9/1,9,その他,駐車（輪）場,施錠せず,なし
窃盗,車上ねらい,神戸西,井吹台,281115,兵庫県,神戸市西区,井吹台西町１丁目,2020/8/30,0,その他,その他,施錠せず,あり
窃盗,車上ねらい,神戸西,井吹台,281115,兵庫県,神戸市西区,井吹台西町５丁目,2020/9/8,9,道路上,その他,施錠せず,あり
窃盗,車上ねらい,神戸西,井吹台,281115,兵庫県,神戸市西区,井吹台北町２丁目,2020/10/19,16,その他,その他,施錠せず,なし
窃盗,車上ねらい,神戸西,玉津,281115,兵庫県,神戸市西区,平野町芝崎,2020/3/3,19,駐車（輪）場,駐車（輪）場,施錠せず,あり
窃盗,車上ねらい,神戸西,玉津,281115,兵庫県,神戸市西区,平野町福中,2020/4/5,16,その他,その他,施錠せず,あり
窃盗,車上ねらい,有馬,長尾,281093,兵庫県,神戸市北区,長尾町宅原,2020/1/31,17,その他,その他,施錠せず,あり
窃盗,車上ねらい,有馬,長尾,281093,兵庫県,神戸市北区,長尾町上津,2020/4/1,18,道路上,その他,施錠せず,あり
窃盗,車上ねらい,神戸北,鈴蘭台,281093,兵庫県,神戸市北区,鈴蘭台東町５丁目,2020/1/4,15,道路上,その他,施錠せず,なし
窃盗,車上ねらい,神戸北,北鈴蘭台,281093,兵庫県,神戸市北区,若葉台３丁目,2020/9/4,14,一戸建住宅,駐車（輪）場,施錠せず,なし
窃盗,車上ねらい,神戸北,谷上駅前,281093,兵庫県,神戸市北区,谷上東町,2020/12/13,10,道路上,その他,施錠せず,なし
窃盗,車上ねらい,芦屋,山芦屋,282065,兵庫県,芦屋市,月若町,2020/7/2,16,道路上,その他,施錠せず,なし
窃盗,車上ねらい,芦屋,芦屋駅前,282065,兵庫県,芦屋市,親王塚町,2020/1/28,22,一戸建住宅,その他,施錠せず,なし
窃盗,車上ねらい,芦屋,芦屋駅前,282065,兵庫県,芦屋市,親王塚町,2020/6/30,20,一戸建住宅,駐車（輪）場,施錠せず,なし
窃盗,車上ねらい,芦屋,浜芦屋,282065,兵庫県,芦屋市,伊勢町,2020/3/31,11,その他の住宅（３階建て以下共同住宅等）,駐車（輪）場,施錠せず,なし
窃盗,車上ねらい,芦屋,浜芦屋,282065,兵庫県,芦屋市,松浜町,2020/10/20,17,その他,その他,施錠せず,あり
窃盗,車上ねらい,芦屋,高浜,282065,兵庫県,芦屋市,高浜町,2020/2/6,12,４階建て以上共同住宅,駐車（輪）場,施錠せず,なし
窃盗,車上ねらい,芦屋,高浜,282065,兵庫県,芦屋市,若葉町,2020/5/25,18,４階建て以上共同住宅,駐車（輪）場,施錠せず,あり
窃盗,車上ねらい,西宮,札場筋,282049,兵庫県,西宮市,石在町,2020/5/23,20,その他,その他,施錠せず,あり
窃盗,車上ねらい,西宮,札場筋,282049,兵庫県,西宮市,社家町,2020/9/5,8,その他,駐車（輪）場,施錠せず,あり
窃盗,車上ねらい,西宮,札場筋,282049,兵庫県,西宮市,田中町,2020/10/30,14,その他,駐車（輪）場,施錠せず,なし
窃盗,車上ねらい,西宮,札場筋,282049,兵庫県,西宮市,戸田町,2020/1/4,11,道路上,その他,施錠せず,なし
窃盗,車上ねらい,西宮,札場筋,282049,兵庫県,西宮市,六湛寺町,2020/1/16,22,道路上,その他,施錠せず,なし
窃盗,車上ねらい,西宮,札場筋,282049,兵庫県,西宮市,六湛寺町,2020/2/7,22,道路上,その他,施錠せず,なし
窃盗,車上ねらい,西宮,札場筋,282049,兵庫県,西宮市,六湛寺町,2020/3/29,5,駐車（輪）場,駐車（輪）場,施錠せず,なし
窃盗,車上ねらい,西宮,札場筋,282049,兵庫県,西宮市,六湛寺町,2020/9/15,20,その他,駐車（輪）場,施錠せず,なし
窃盗,車上ねらい,西宮,札場筋,282049,兵庫県,西宮市,六湛寺町,2020/10/15,3,道路上,その他,施錠せず,あり
窃盗,車上ねらい,西宮,札場筋,282049,兵庫県,西宮市,六湛寺町,2020/12/31,1,その他,駐車（輪）場,施錠せず,なし
窃盗,車上ねらい,西宮,川添,282049,兵庫県,西宮市,前浜町,2020/2/24,23,その他,駐車（輪）場,施錠せず,なし
窃盗,車上ねらい,西宮,市庭,282049,兵庫県,西宮市,川西町,2020/10/31,21,その他,その他,施錠せず,なし
窃盗,車上ねらい,西宮,市庭,282049,兵庫県,西宮市,川西町,2020/10/31,22,その他,その他,施錠せず,あり
窃盗,車上ねらい,西宮,夙川駅前,282049,兵庫県,西宮市,御茶家所町,2020/9/8,15,その他,駐車（輪）場,施錠せず,なし
窃盗,車上ねらい,西宮,寿,282049,兵庫県,西宮市,北名次町,2020/1/29,13,道路上,その他,施錠せず,あり
窃盗,車上ねらい,西宮,寿,282049,兵庫県,西宮市,常磐町,2020/10/2,21,その他,駐車（輪）場,施錠せず,なし
窃盗,車上ねらい,西宮,芦原,282049,兵庫県,西宮市,西福町,2020/1/21,18,道路上,その他,施錠せず,あり
窃盗,車上ねらい,西宮,芦原,282049,兵庫県,西宮市,西福町,2020/11/7,3,道路上,その他,施錠せず,あり
窃盗,車上ねらい,西宮,芦原,282049,兵庫県,西宮市,中須佐町,2020/12/3,7,その他,駐車（輪）場,施錠せず,あり
窃盗,車上ねらい,西宮,西宮駅前,282049,兵庫県,西宮市,池田町,2020/9/21,2,道路上,その他,施錠せず,あり
窃盗,車上ねらい,西宮,西宮駅前,282049,兵庫県,西宮市,池田町,2020/11/23,22,道路上,その他,施錠せず,あり
窃盗,車上ねらい,西宮,西宮駅前,282049,兵庫県,西宮市,津門大箇町,2020/3/16,17,４階建て以上共同住宅,駐車（輪）場,施錠せず,あり
窃盗,車上ねらい,西宮,西宮駅前,282049,兵庫県,西宮市,津門西口町,2020/2/23,20,駐車（輪）場,駐車（輪）場,施錠せず,なし
窃盗,車上ねらい,西宮,今津駅前,282049,兵庫県,西宮市,今津水波町,2020/3/8,8,その他,駐車（輪）場,施錠せず,なし
窃盗,車上ねらい,西宮,今津駅前,282049,兵庫県,西宮市,津門川町,2020/2/29,11,その他,駐車（輪）場,施錠せず,なし
窃盗,車上ねらい,西宮,今津駅前,282049,兵庫県,西宮市,津門川町,2020/3/18,18,道路上,その他,施錠せず,あり
窃盗,車上ねらい,西宮,今津駅前,282049,兵庫県,西宮市,津門宝津町,2020/3/6,17,道路上,その他,施錠せず,なし
窃盗,車上ねらい,西宮,社前,282049,兵庫県,西宮市,今津大東町,2020/3/29,15,その他,その他,施錠せず,なし
窃盗,車上ねらい,西宮,社前,282049,兵庫県,西宮市,今津出在家町,2020/9/25,11,その他,駐車（輪）場,施錠せず,あり
窃盗,車上ねらい,西宮,社前,282049,兵庫県,西宮市,東町１丁目,2020/1/16,16,その他,駐車（輪）場,施錠せず,なし
窃盗,車上ねらい,西宮,西宮中央,282049,兵庫県,西宮市,北口町,2020/1/25,10,その他,駐車（輪）場,施錠せず,あり
窃盗,車上ねらい,西宮,西宮中央,282049,兵庫県,西宮市,高木東町,2020/5/24,3,４階建て以上共同住宅,駐車（輪）場,施錠せず,あり
窃盗,車上ねらい,西宮,西宮中央,282049,兵庫県,西宮市,高木東町,2020/8/11,20,その他,駐車（輪）場,施錠せず,あり
窃盗,車上ねらい,西宮,西宮中央,282049,兵庫県,西宮市,高松町,2020/9/27,8,その他,駐車（輪）場,施錠せず,なし
窃盗,車上ねらい,西宮,西宮中央,282049,兵庫県,西宮市,高松町,2020/11/3,13,その他,駐車（輪）場,施錠せず,あり
窃盗,車上ねらい,西宮,西宮中央,282049,兵庫県,西宮市,高松町,2020/12/11,13,その他,駐車（輪）場,施錠せず,なし
窃盗,車上ねらい,西宮,西宮中央,282049,兵庫県,西宮市,薬師町,2020/1/2,15,駐車（輪）場,駐車（輪）場,施錠せず,あり
窃盗,車上ねらい,西宮,北口西,282049,兵庫県,西宮市,大畑町,2020/9/8,20,その他の住宅（３階建て以下共同住宅等）,駐車（輪）場,施錠せず,あり
窃盗,車上ねらい,西宮,北口西,282049,兵庫県,西宮市,北口町,2020/3/19,19,道路上,その他,施錠せず,なし
窃盗,車上ねらい,西宮,北口西,282049,兵庫県,西宮市,南昭和町,2020/1/31,23,その他,駐車（輪）場,施錠せず,なし
窃盗,車上ねらい,西宮,二見,282049,兵庫県,西宮市,熊野町,2020/2/21,17,その他,駐車（輪）場,施錠せず,なし
窃盗,車上ねらい,西宮,二見,282049,兵庫県,西宮市,甲子園口北町,2020/2/24,18,駐車（輪）場,駐車（輪）場,施錠せず,なし
窃盗,車上ねらい,西宮,二見,282049,兵庫県,西宮市,中島町,2020/2/10,10,道路上,その他,施錠せず,あり
窃盗,車上ねらい,西宮,上之町,282049,兵庫県,西宮市,上之町,2020/9/9,19,道路上,その他,施錠せず,なし
窃盗,車上ねらい,西宮,上之町,282049,兵庫県,西宮市,堤町,2020/9/11,17,道路上,その他,施錠せず,なし
窃盗,車上ねらい,西宮,門戸,282049,兵庫県,西宮市,下大市東町,2020/2/22,1,４階建て以上共同住宅,駐車（輪）場,施錠せず,あり
窃盗,車上ねらい,西宮,門戸,282049,兵庫県,西宮市,林田町,2020/3/13,17,その他,駐車（輪）場,施錠せず,なし
窃盗,車上ねらい,西宮,門戸,282049,兵庫県,西宮市,林田町,2020/3/19,17,駐車（輪）場,駐車（輪）場,施錠せず,なし
窃盗,車上ねらい,西宮,門戸,282049,兵庫県,西宮市,門戸荘,2020/2/4,18,その他,駐車（輪）場,施錠せず,なし
窃盗,車上ねらい,西宮,門戸,282049,兵庫県,西宮市,門戸荘,2020/7/11,6,道路上,その他,施錠せず,なし
窃盗,車上ねらい,西宮,門戸,282049,兵庫県,西宮市,門戸荘,2020/12/8,17,道路上,その他,施錠せず,あり
窃盗,車上ねらい,西宮,甲武橋,282049,兵庫県,西宮市,上大市４丁目,2020/4/19,10,その他,駐車（輪）場,施錠せず,なし
窃盗,車上ねらい,西宮,甲武橋,282049,兵庫県,西宮市,樋ノ口町２丁目,2020/10/11,15,４階建て以上共同住宅,駐車（輪）場,施錠せず,あり
窃盗,車上ねらい,西宮,甲東園,282049,兵庫県,西宮市,上大市１丁目,2020/9/20,4,その他,その他,施錠せず,あり
窃盗,車上ねらい,西宮,上ヶ原,282049,兵庫県,西宮市,仁川百合野町,2020/5/21,11,道路上,その他,施錠せず,あり
窃盗,車上ねらい,西宮,上ヶ原,282049,兵庫県,西宮市,仁川百合野町,2020/9/27,15,道路上,その他,施錠せず,あり
窃盗,車上ねらい,西宮,名塩,282049,兵庫県,西宮市,名塩南台３丁目,2020/10/13,13,一戸建住宅,駐車（輪）場,施錠せず,あり
窃盗,車上ねらい,西宮,山口,282049,兵庫県,西宮市,山口町下山口２丁目,2020/10/12,13,その他,駐車（輪）場,施錠せず,なし
窃盗,車上ねらい,西宮,山口,282049,兵庫県,西宮市,山口町名来１丁目,2020/6/14,13,道路上,その他,施錠せず,あり
窃盗,車上ねらい,甲子園,本郷,282049,兵庫県,西宮市,池開町,2020/1/18,18,その他,駐車（輪）場,施錠せず,あり
窃盗,車上ねらい,甲子園,本郷,282049,兵庫県,西宮市,池開町,2020/1/29,18,その他,駐車（輪）場,施錠せず,なし
窃盗,車上ねらい,甲子園,本郷,282049,兵庫県,西宮市,池開町,2020/8/30,2,その他,駐車（輪）場,施錠せず,なし
窃盗,車上ねらい,甲子園,本郷,282049,兵庫県,西宮市,甲子園八番町,2020/1/22,14,その他,駐車（輪）場,施錠せず,なし
窃盗,車上ねらい,甲子園,本郷,282049,兵庫県,西宮市,甲子園八番町,2020/11/25,18,その他,駐車（輪）場,施錠せず,なし
窃盗,車上ねらい,甲子園,本郷,282049,兵庫県,西宮市,鳴尾町１丁目,2020/9/24,9,道路上,その他,施錠せず,あり
窃盗,車上ねらい,甲子園,本郷,282049,兵庫県,西宮市,鳴尾町２丁目,2020/1/26,17,道路上,その他,施錠せず,あり
窃盗,車上ねらい,甲子園,本郷,282049,兵庫県,西宮市,鳴尾町２丁目,2020/4/18,20,その他,駐車（輪）場,施錠せず,なし
窃盗,車上ねらい,甲子園,本郷,282049,兵庫県,西宮市,鳴尾町３丁目,2020/1/7,18,道路上,その他,施錠せず,あり
窃盗,車上ねらい,甲子園,本郷,282049,兵庫県,西宮市,鳴尾町３丁目,2020/9/4,20,道路上,その他,施錠せず,あり
窃盗,車上ねらい,甲子園,本郷,282049,兵庫県,西宮市,武庫川町,2020/8/19,20,駐車（輪）場,駐車（輪）場,施錠せず,あり
窃盗,車上ねらい,甲子園,本郷,282049,兵庫県,西宮市,武庫川町,2020/10/15,11,道路上,その他,施錠せず,なし
窃盗,車上ねらい,甲子園,小松,282049,兵庫県,西宮市,学文殿町１丁目,2020/3/7,14,道路上,その他,施錠せず,あり
窃盗,車上ねらい,甲子園,小松,282049,兵庫県,西宮市,甲子園六番町,2020/8/26,13,道路上,その他,施錠せず,なし
窃盗,車上ねらい,甲子園,小松,282049,兵庫県,西宮市,小松北町１丁目,2020/4/15,18,その他,駐車（輪）場,施錠せず,なし
窃盗,車上ねらい,甲子園,小松,282049,兵庫県,西宮市,小松東町１丁目,2020/8/1,4,道路上,その他,施錠せず,あり
窃盗,車上ねらい,甲子園,上田,282049,兵庫県,西宮市,上田中町,2020/7/16,11,道路上,その他,施錠せず,なし
窃盗,車上ねらい,甲子園,上田,282049,兵庫県,西宮市,上田東町,2020/3/15,20,その他,駐車（輪）場,施錠せず,なし
窃盗,車上ねらい,甲子園,枝川,282049,兵庫県,西宮市,枝川町,2020/4/10,15,その他,その他,施錠せず,あり
窃盗,車上ねらい,甲子園,枝川,282049,兵庫県,西宮市,枝川町,2020/4/11,17,その他,その他,施錠せず,あり
窃盗,車上ねらい,甲子園,枝川,282049,兵庫県,西宮市,枝川町,2020/4/14,15,その他,その他,施錠せず,あり
窃盗,車上ねらい,甲子園,中津,282049,兵庫県,西宮市,甲子園町,2019/12/10,18,その他の住宅（３階建て以下共同住宅等）,駐車（輪）場,施錠せず,なし
窃盗,車上ねらい,甲子園,中津,282049,兵庫県,西宮市,甲子園網引町,2020/7/18,19,道路上,その他,施錠せず,あり
窃盗,車上ねらい,甲子園,中津,282049,兵庫県,西宮市,甲子園網引町,2020/12/17,13,道路上,その他,施錠せず,なし
窃盗,車上ねらい,甲子園,中津,282049,兵庫県,西宮市,甲子園高潮町,2020/2/21,15,その他,駐車（輪）場,施錠せず,なし
窃盗,車上ねらい,甲子園,中津,282049,兵庫県,西宮市,甲子園八番町,2020/6/20,13,その他,駐車（輪）場,施錠せず,あり
窃盗,車上ねらい,甲子園,中津,282049,兵庫県,西宮市,甲子園浜２丁目,2020/8/8,8,駐車（輪）場,駐車（輪）場,施錠せず,なし
窃盗,車上ねらい,甲子園,浦風,282049,兵庫県,西宮市,上甲子園３丁目,2020/3/5,13,その他,その他,施錠せず,あり
窃盗,車上ねらい,甲子園,浦風,282049,兵庫県,西宮市,上甲子園３丁目,2020/11/29,15,その他,その他,施錠せず,なし
窃盗,車上ねらい,甲子園,浦風,282049,兵庫県,西宮市,甲子園浦風町,2020/8/10,10,その他,駐車（輪）場,施錠せず,なし
窃盗,車上ねらい,甲子園,上甲子園,282049,兵庫県,西宮市,甲子園口２丁目,2020/10/10,19,道路上,その他,施錠せず,なし
窃盗,車上ねらい,甲子園,上甲子園,282049,兵庫県,西宮市,甲子園口３丁目,2020/12/23,18,道路上,その他,施錠せず,あり
窃盗,車上ねらい,甲子園,高須,282049,兵庫県,西宮市,高須町１丁目,2020/2/22,18,４階建て以上共同住宅,その他,施錠せず,なし
窃盗,車上ねらい,甲子園,高須,282049,兵庫県,西宮市,高須町１丁目,2020/4/15,17,４階建て以上共同住宅,その他,施錠せず,なし
窃盗,車上ねらい,甲子園,高須,282049,兵庫県,西宮市,高須町１丁目,2020/6/27,18,４階建て以上共同住宅,駐車（輪）場,施錠せず,なし
窃盗,車上ねらい,甲子園,高須,282049,兵庫県,西宮市,高須町２丁目,2020/6/13,9,駐車（輪）場,駐車（輪）場,施錠せず,なし
窃盗,車上ねらい,甲子園,高須,282049,兵庫県,西宮市,高須町２丁目,2020/7/4,21,４階建て以上共同住宅,駐車（輪）場,施錠せず,あり
窃盗,車上ねらい,尼崎南,東難波,282022,兵庫県,尼崎市,東難波町５丁目,2020/4/8,18,道路上,その他,施錠せず,なし
窃盗,車上ねらい,尼崎南,東難波,282022,兵庫県,尼崎市,東難波町５丁目,2020/8/16,12,その他,駐車（輪）場,施錠せず,あり
窃盗,車上ねらい,尼崎南,西難波,282022,兵庫県,尼崎市,西難波町１丁目,2020/4/2,11,その他,駐車（輪）場,施錠せず,なし
窃盗,車上ねらい,尼崎南,昭和通,282022,兵庫県,尼崎市,神田北通５丁目,2020/1/29,20,その他,駐車（輪）場,施錠せず,なし
窃盗,車上ねらい,尼崎南,昭和通,282022,兵庫県,尼崎市,神田北通５丁目,2020/3/29,20,駐車（輪）場,駐車（輪）場,施錠せず,なし
窃盗,車上ねらい,尼崎南,昭和通,282022,兵庫県,尼崎市,神田北通６丁目,2020/1/25,17,道路上,その他,施錠せず,なし
窃盗,車上ねらい,尼崎南,昭和通,282022,兵庫県,尼崎市,昭和通７丁目,2020/1/10,11,道路上,その他,施錠せず,なし
窃盗,車上ねらい,尼崎南,昭和通,282022,兵庫県,尼崎市,昭和通７丁目,2020/3/15,11,道路上,その他,施錠せず,あり
窃盗,車上ねらい,尼崎南,昭和通,282022,兵庫県,尼崎市,昭和南通７丁目,2020/1/22,17,道路上,その他,施錠せず,あり
窃盗,車上ねらい,尼崎南,昭和通,282022,兵庫県,尼崎市,西難波町３丁目,2020/7/30,18,道路上,その他,施錠せず,なし
窃盗,車上ねらい,尼崎南,昭和通,282022,兵庫県,尼崎市,西難波町３丁目,2020/10/13,17,その他,駐車（輪）場,施錠せず,なし
窃盗,車上ねらい,尼崎南,昭和通,282022,兵庫県,尼崎市,西難波町４丁目,2020/4/11,19,その他,駐車（輪）場,施錠せず,あり
窃盗,車上ねらい,尼崎南,竹谷,282022,兵庫県,尼崎市,神田北通７丁目,2020/7/1,10,道路上,その他,施錠せず,あり
窃盗,車上ねらい,尼崎南,竹谷,282022,兵庫県,尼崎市,神田南通３丁目,2020/9/12,2,道路上,その他,施錠せず,あり
窃盗,車上ねらい,尼崎南,竹谷,282022,兵庫県,尼崎市,神田南通３丁目,2020/10/19,12,道路上,その他,施錠せず,なし
窃盗,車上ねらい,尼崎南,竹谷,282022,兵庫県,尼崎市,玄番北之町,2020/10/13,1,道路上,その他,施錠せず,あり
窃盗,車上ねらい,尼崎南,竹谷,282022,兵庫県,尼崎市,昭和通９丁目,2020/4/20,18,道路上,その他,施錠せず,なし
窃盗,車上ねらい,尼崎南,中央,282022,兵庫県,尼崎市,神田北通２丁目,2020/9/21,18,道路上,その他,施錠せず,あり
窃盗,車上ねらい,尼崎南,中央,282022,兵庫県,尼崎市,神田北通３丁目,2020/1/28,14,道路上,その他,施錠せず,なし
窃盗,車上ねらい,尼崎南,中央,282022,兵庫県,尼崎市,神田中通２丁目,2020/4/29,14,道路上,その他,施錠せず,あり
窃盗,車上ねらい,尼崎南,中央,282022,兵庫県,尼崎市,神田中通３丁目,2020/2/1,19,道路上,その他,施錠せず,あり
窃盗,車上ねらい,尼崎南,中央,282022,兵庫県,尼崎市,神田中通３丁目,2020/3/29,19,道路上,その他,施錠せず,あり
窃盗,車上ねらい,尼崎南,中央,282022,兵庫県,尼崎市,神田中通３丁目,2020/9/26,15,道路上,その他,施錠せず,あり
窃盗,車上ねらい,尼崎南,中央,282022,兵庫県,尼崎市,神田中通３丁目,2020/9/29,17,道路上,その他,施錠せず,なし
窃盗,車上ねらい,尼崎南,中央,282022,兵庫県,尼崎市,昭和通４丁目,2020/8/25,23,道路上,その他,施錠せず,あり
窃盗,車上ねらい,尼崎南,中央,282022,兵庫県,尼崎市,昭和通５丁目,2020/10/6,17,その他,駐車（輪）場,施錠せず,なし
窃盗,車上ねらい,尼崎南,中央,282022,兵庫県,尼崎市,昭和南通５丁目,2020/8/2,2,駐車（輪）場,駐車（輪）場,施錠せず,あり
窃盗,車上ねらい,尼崎南,中央,282022,兵庫県,尼崎市,建家町,2020/10/22,17,４階建て以上共同住宅,駐車（輪）場,施錠せず,あり
窃盗,車上ねらい,尼崎南,中央,282022,兵庫県,尼崎市,東海岸町,2020/4/28,12,駐車（輪）場,駐車（輪）場,施錠せず,なし
窃盗,車上ねらい,尼崎南,御茶屋橋,282022,兵庫県,尼崎市,南城内,2020/5/5,4,駐車（輪）場,駐車（輪）場,施錠せず,なし
窃盗,車上ねらい,尼崎南,御茶屋橋,282022,兵庫県,尼崎市,南城内,2020/8/16,14,４階建て以上共同住宅,その他,施錠せず,あり
窃盗,車上ねらい,尼崎南,大島,282022,兵庫県,尼崎市,稲葉荘２丁目,2020/11/4,3,その他の住宅（３階建て以下共同住宅等）,駐車（輪）場,施錠せず,あり
窃盗,車上ねらい,尼崎南,大島,282022,兵庫県,尼崎市,大庄中通１丁目,2020/6/15,13,その他,駐車（輪）場,施錠せず,なし
窃盗,車上ねらい,尼崎南,大島,282022,兵庫県,尼崎市,浜田町４丁目,2020/6/8,12,その他,駐車（輪）場,施錠せず,なし
窃盗,車上ねらい,尼崎南,大島,282022,兵庫県,尼崎市,大庄北５丁目,2020/6/27,14,駐車（輪）場,駐車（輪）場,施錠せず,あり
窃盗,車上ねらい,尼崎南,七松,282022,兵庫県,尼崎市,七松町１丁目,2020/4/2,21,道路上,その他,施錠せず,なし
窃盗,車上ねらい,尼崎南,七松,282022,兵庫県,尼崎市,七松町１丁目,2020/7/31,19,道路上,その他,施錠せず,あり
窃盗,車上ねらい,尼崎南,七松,282022,兵庫県,尼崎市,東七松町１丁目,2020/6/23,9,その他,駐車（輪）場,施錠せず,なし
窃盗,車上ねらい,尼崎南,七松,282022,兵庫県,尼崎市,東七松町２丁目,2020/8/30,20,その他,駐車（輪）場,施錠せず,なし
窃盗,車上ねらい,尼崎南,七松,282022,兵庫県,尼崎市,西立花町１丁目,2020/3/14,20,道路上,その他,施錠せず,なし
窃盗,車上ねらい,尼崎南,稲葉荘,282022,兵庫県,尼崎市,稲葉荘３丁目,2020/8/31,17,その他,駐車（輪）場,施錠せず,あり
窃盗,車上ねらい,尼崎南,稲葉荘,282022,兵庫県,尼崎市,西立花町２丁目,2020/11/26,17,その他,その他,施錠せず,あり
窃盗,車上ねらい,尼崎南,大庄,282022,兵庫県,尼崎市,大庄中通１丁目,2020/10/30,22,道路上,その他,施錠せず,なし
窃盗,車上ねらい,尼崎南,大庄,282022,兵庫県,尼崎市,大庄中通２丁目,2020/10/31,13,道路上,その他,施錠せず,あり
窃盗,車上ねらい,尼崎南,大庄,282022,兵庫県,尼崎市,大庄中通３丁目,2020/5/20,14,駐車（輪）場,駐車（輪）場,施錠せず,なし
窃盗,車上ねらい,尼崎南,大庄,282022,兵庫県,尼崎市,大庄中通３丁目,2020/6/3,21,その他,駐車（輪）場,施錠せず,なし
窃盗,車上ねらい,尼崎南,大庄,282022,兵庫県,尼崎市,大島２丁目,2020/8/2,9,その他,その他,施錠せず,あり
窃盗,車上ねらい,尼崎南,大庄,282022,兵庫県,尼崎市,大島３丁目,2020/5/20,22,４階建て以上共同住宅,駐車（輪）場,施錠せず,あり
窃盗,車上ねらい,尼崎南,元浜,282022,兵庫県,尼崎市,道意町７丁目,2020/9/19,20,駐車（輪）場,駐車（輪）場,施錠せず,なし
窃盗,車上ねらい,尼崎南,元浜,282022,兵庫県,尼崎市,元浜町１丁目,2020/6/10,23,４階建て以上共同住宅,駐車（輪）場,施錠せず,あり
窃盗,車上ねらい,尼崎南,元浜,282022,兵庫県,尼崎市,元浜町２丁目,2020/8/4,11,道路上,その他,施錠せず,あり
窃盗,車上ねらい,尼崎南,センタープール前,282022,兵庫県,尼崎市,大庄川田町,2020/7/8,2,一戸建住宅,その他,施錠せず,なし
窃盗,車上ねらい,尼崎南,センタープール前,282022,兵庫県,尼崎市,琴浦町,2020/1/2,13,道路上,その他,施錠せず,あり
窃盗,車上ねらい,尼崎南,センタープール前,282022,兵庫県,尼崎市,崇徳院２丁目,2020/4/19,21,道路上,その他,施錠せず,あり
窃盗,車上ねらい,尼崎南,センタープール前,282022,兵庫県,尼崎市,崇徳院３丁目,2020/8/21,12,一戸建住宅,駐車（輪）場,施錠せず,あり
窃盗,車上ねらい,尼崎南,センタープール前,282022,兵庫県,尼崎市,崇徳院３丁目,2020/9/1,8,道路上,その他,施錠せず,あり
窃盗,車上ねらい,尼崎南,センタープール前,282022,兵庫県,尼崎市,菜切山町,2020/7/27,13,その他,その他,施錠せず,あり
窃盗,車上ねらい,尼崎南,センタープール前,282022,兵庫県,尼崎市,蓬川町,2020/3/21,19,４階建て以上共同住宅,その他,施錠せず,あり
窃盗,車上ねらい,尼崎南,センタープール前,282022,兵庫県,尼崎市,大庄西町４丁目,2020/5/12,10,その他,駐車（輪）場,施錠せず,なし
窃盗,車上ねらい,尼崎東,長洲,282022,兵庫県,尼崎市,杭瀬北新町３丁目,2020/3/25,14,道路上,その他,施錠せず,あり
窃盗,車上ねらい,尼崎東,長洲,282022,兵庫県,尼崎市,長洲西通２丁目,2020/1/25,17,その他,駐車（輪）場,施錠せず,なし
窃盗,車上ねらい,尼崎東,長洲,282022,兵庫県,尼崎市,金楽寺町２丁目,2020/1/8,18,その他,駐車（輪）場,施錠せず,なし
窃盗,車上ねらい,尼崎東,長洲,282022,兵庫県,尼崎市,金楽寺町２丁目,2020/2/15,18,その他,駐車（輪）場,施錠せず,なし
窃盗,車上ねらい,尼崎東,稲川橋,282022,兵庫県,尼崎市,長洲東通３丁目,2020/2/13,23,４階建て以上共同住宅,駐車（輪）場,施錠せず,なし
窃盗,車上ねらい,尼崎東,杭瀬,282022,兵庫県,尼崎市,杭瀬本町２丁目,2020/5/10,16,その他,駐車（輪）場,施錠せず,なし
窃盗,車上ねらい,尼崎東,杭瀬,282022,兵庫県,尼崎市,杭瀬本町２丁目,2020/9/19,11,道路上,その他,施錠せず,あり
窃盗,車上ねらい,尼崎東,杭瀬,282022,兵庫県,尼崎市,杭瀬本町３丁目,2020/5/9,13,その他,駐車（輪）場,施錠せず,なし
窃盗,車上ねらい,尼崎東,杭瀬,282022,兵庫県,尼崎市,杭瀬南新町１丁目,2020/6/26,19,道路上,その他,施錠せず,あり
窃盗,車上ねらい,尼崎東,常光寺,282022,兵庫県,尼崎市,今福１丁目,2020/10/6,19,駐車（輪）場,駐車（輪）場,施錠せず,なし
窃盗,車上ねらい,尼崎東,常光寺,282022,兵庫県,尼崎市,常光寺２丁目,2020/8/11,22,その他,駐車（輪）場,施錠せず,なし
窃盗,車上ねらい,尼崎東,尼崎駅前,282022,兵庫県,尼崎市,潮江１丁目,2020/5/27,19,道路上,その他,施錠せず,あり
窃盗,車上ねらい,尼崎東,尼崎駅前,282022,兵庫県,尼崎市,金楽寺町１丁目,2020/10/20,12,その他,駐車（輪）場,施錠せず,なし
窃盗,車上ねらい,尼崎東,潮江,282022,兵庫県,尼崎市,潮江１丁目,2020/2/2,18,駐車（輪）場,駐車（輪）場,施錠せず,なし
窃盗,車上ねらい,尼崎東,潮江,282022,兵庫県,尼崎市,潮江１丁目,2020/12/28,13,駐車（輪）場,駐車（輪）場,施錠せず,あり
窃盗,車上ねらい,尼崎東,潮江,282022,兵庫県,尼崎市,次屋１丁目,2020/8/9,0,その他の住宅（３階建て以下共同住宅等）,駐車（輪）場,施錠せず,あり
窃盗,車上ねらい,尼崎東,潮江,282022,兵庫県,尼崎市,次屋２丁目,2020/8/1,22,道路上,その他,施錠せず,あり
窃盗,車上ねらい,尼崎東,潮江,282022,兵庫県,尼崎市,次屋３丁目,2020/3/31,17,駐車（輪）場,駐車（輪）場,施錠せず,なし
窃盗,車上ねらい,尼崎東,潮江,282022,兵庫県,尼崎市,浜２丁目,2020/2/5,21,道路上,その他,施錠せず,なし
窃盗,車上ねらい,尼崎東,神崎,282022,兵庫県,尼崎市,神崎町,2020/8/28,10,道路上,その他,施錠せず,あり
窃盗,車上ねらい,尼崎東,神崎,282022,兵庫県,尼崎市,神崎町,2020/8/31,8,その他の住宅（３階建て以下共同住宅等）,駐車（輪）場,施錠せず,あり
窃盗,車上ねらい,尼崎東,神崎,282022,兵庫県,尼崎市,西川２丁目,2020/3/3,11,その他,駐車（輪）場,施錠せず,なし
窃盗,車上ねらい,尼崎東,西長洲,282022,兵庫県,尼崎市,西長洲町１丁目,2020/5/28,8,その他,その他,施錠せず,あり
窃盗,車上ねらい,尼崎東,上坂部,282022,兵庫県,尼崎市,上坂部１丁目,2020/9/11,18,その他,駐車（輪）場,施錠せず,なし
窃盗,車上ねらい,尼崎東,上坂部,282022,兵庫県,尼崎市,若王寺２丁目,2020/8/13,18,駐車（輪）場,駐車（輪）場,施錠せず,なし
窃盗,車上ねらい,尼崎東,上坂部,282022,兵庫県,尼崎市,御園３丁目,2020/3/12,7,その他,その他,施錠せず,なし
窃盗,車上ねらい,尼崎東,食満,282022,兵庫県,尼崎市,口田中１丁目,2020/6/27,13,その他,その他,施錠せず,あり
窃盗,車上ねらい,尼崎東,食満,282022,兵庫県,尼崎市,口田中１丁目,2020/10/25,17,道路上,その他,施錠せず,なし
窃盗,車上ねらい,尼崎東,食満,282022,兵庫県,尼崎市,御園１丁目,2020/11/20,15,４階建て以上共同住宅,その他,施錠せず,なし
窃盗,車上ねらい,尼崎東,食満,282022,兵庫県,尼崎市,食満５丁目,2020/2/1,8,その他,駐車（輪）場,施錠せず,なし
窃盗,車上ねらい,尼崎東,園田駅前,282022,兵庫県,尼崎市,東園田町５丁目,2020/4/24,17,駐車（輪）場,駐車（輪）場,施錠せず,あり
窃盗,車上ねらい,尼崎東,園田駅前,282022,兵庫県,尼崎市,東園田町５丁目,2020/5/6,21,４階建て以上共同住宅,駐車（輪）場,施錠せず,なし
窃盗,車上ねらい,尼崎東,園田駅前,282022,兵庫県,尼崎市,東園田町６丁目,2020/10/26,20,その他,駐車（輪）場,施錠せず,あり
窃盗,車上ねらい,尼崎東,園田駅前,282022,兵庫県,尼崎市,東園田町９丁目,2020/1/19,11,道路上,その他,施錠せず,あり
窃盗,車上ねらい,尼崎東,モスリン橋,282022,兵庫県,尼崎市,東園田町８丁目,2020/1/17,16,その他,その他,施錠せず,なし
窃盗,車上ねらい,尼崎東,競馬場前,282022,兵庫県,尼崎市,椎堂１丁目,2020/2/17,17,その他,その他,施錠せず,あり
窃盗,車上ねらい,尼崎東,競馬場前,282022,兵庫県,尼崎市,椎堂１丁目,2020/10/4,16,その他,その他,施錠せず,なし
窃盗,車上ねらい,尼崎東,競馬場前,282022,兵庫県,尼崎市,東園田町３丁目,2020/7/27,15,一戸建住宅,駐車（輪）場,施錠せず,あり
窃盗,車上ねらい,尼崎北,阪急塚口駅前,282022,兵庫県,尼崎市,南塚口町２丁目,2020/5/4,14,４階建て以上共同住宅,駐車（輪）場,施錠せず,あり
窃盗,車上ねらい,尼崎北,阪急塚口駅前,282022,兵庫県,尼崎市,南塚口町２丁目,2020/5/18,14,その他,駐車（輪）場,施錠せず,なし
窃盗,車上ねらい,尼崎北,阪急塚口駅前,282022,兵庫県,尼崎市,南塚口町２丁目,2020/12/2,21,その他,駐車（輪）場,施錠せず,あり
窃盗,車上ねらい,尼崎北,阪急塚口駅前,282022,兵庫県,尼崎市,南塚口町３丁目,2020/10/20,9,道路上,その他,施錠せず,なし
窃盗,車上ねらい,尼崎北,塚口東,282022,兵庫県,尼崎市,塚口本町２丁目,2018/1/1,22,駐車（輪）場,駐車（輪）場,施錠せず,あり
窃盗,車上ねらい,尼崎北,塚口東,282022,兵庫県,尼崎市,塚口本町４丁目,2020/2/4,20,その他,駐車（輪）場,施錠せず,なし
窃盗,車上ねらい,尼崎北,生島,282022,兵庫県,尼崎市,上ノ島町３丁目,2020/12/29,19,一戸建住宅,駐車（輪）場,施錠せず,なし
窃盗,車上ねらい,尼崎北,生島,282022,兵庫県,尼崎市,栗山町２丁目,2020/11/1,4,４階建て以上共同住宅,駐車（輪）場,施錠せず,あり
窃盗,車上ねらい,尼崎北,塚口北,282022,兵庫県,尼崎市,富松町１丁目,2020/7/19,1,４階建て以上共同住宅,駐車（輪）場,施錠せず,あり
窃盗,車上ねらい,尼崎北,塚口北,282022,兵庫県,尼崎市,富松町２丁目,2020/6/6,18,道路上,その他,施錠せず,なし
窃盗,車上ねらい,尼崎北,武庫之荘,282022,兵庫県,尼崎市,南武庫之荘１丁目,2020/6/5,22,道路上,その他,施錠せず,あり
窃盗,車上ねらい,尼崎北,武庫之荘,282022,兵庫県,尼崎市,南武庫之荘１丁目,2020/10/2,23,駐車（輪）場,駐車（輪）場,施錠せず,なし
窃盗,車上ねらい,尼崎北,武庫之荘,282022,兵庫県,尼崎市,武庫之荘１丁目,2020/1/26,18,道路上,その他,施錠せず,あり
窃盗,車上ねらい,尼崎北,武庫之荘,282022,兵庫県,尼崎市,武庫之荘１丁目,2020/2/24,16,その他,駐車（輪）場,施錠せず,なし
窃盗,車上ねらい,尼崎北,武庫之荘,282022,兵庫県,尼崎市,武庫之荘１丁目,2020/4/20,19,道路上,その他,施錠せず,あり
窃盗,車上ねらい,尼崎北,武庫之荘,282022,兵庫県,尼崎市,武庫之荘５丁目,2020/4/30,15,一戸建住宅,駐車（輪）場,施錠せず,あり
窃盗,車上ねらい,尼崎北,武庫之荘,282022,兵庫県,尼崎市,武庫之荘７丁目,2020/5/17,9,その他,その他,施錠せず,あり
窃盗,車上ねらい,尼崎北,武庫之荘,282022,兵庫県,尼崎市,武庫之荘東１丁目,2020/2/11,13,道路上,その他,施錠せず,あり
窃盗,車上ねらい,尼崎北,武庫之荘,282022,兵庫県,尼崎市,武庫之荘本町１丁目,2020/3/15,10,駐車（輪）場,駐車（輪）場,施錠せず,あり
窃盗,車上ねらい,尼崎北,武庫之荘,282022,兵庫県,尼崎市,武庫之荘本町２丁目,2020/3/29,15,その他,その他,施錠せず,なし
窃盗,車上ねらい,尼崎北,南武庫之荘,282022,兵庫県,尼崎市,水堂町４丁目,2020/11/28,21,その他,駐車（輪）場,施錠せず,あり
窃盗,車上ねらい,尼崎北,南武庫之荘,282022,兵庫県,尼崎市,南武庫之荘４丁目,2020/5/10,15,４階建て以上共同住宅,駐車（輪）場,施錠せず,あり
窃盗,車上ねらい,尼崎北,南武庫之荘,282022,兵庫県,尼崎市,南武庫之荘４丁目,2020/9/25,19,その他の住宅（３階建て以下共同住宅等）,駐車（輪）場,施錠せず,あり
窃盗,車上ねらい,尼崎北,南武庫之荘,282022,兵庫県,尼崎市,南武庫之荘４丁目,2020/11/19,23,４階建て以上共同住宅,駐車（輪）場,施錠せず,あり
窃盗,車上ねらい,尼崎北,南武庫之荘,282022,兵庫県,尼崎市,南武庫之荘４丁目,2020/12/28,10,道路上,その他,施錠せず,あり
窃盗,車上ねらい,尼崎北,南武庫之荘,282022,兵庫県,尼崎市,南武庫之荘６丁目,2020/4/16,19,その他,その他,施錠せず,なし
窃盗,車上ねらい,尼崎北,南武庫之荘,282022,兵庫県,尼崎市,南武庫之荘９丁目,2020/10/20,11,道路上,その他,施錠せず,あり
窃盗,車上ねらい,尼崎北,南武庫之荘,282022,兵庫県,尼崎市,南武庫之荘１１丁目,2020/10/25,14,駐車（輪）場,駐車（輪）場,施錠せず,なし
窃盗,車上ねらい,尼崎北,西昆陽,282022,兵庫県,尼崎市,西昆陽２丁目,2020/6/2,15,その他,その他,施錠せず,あり
窃盗,車上ねらい,尼崎北,西昆陽,282022,兵庫県,尼崎市,武庫之荘９丁目,2020/11/28,22,４階建て以上共同住宅,駐車（輪）場,施錠せず,なし
窃盗,車上ねらい,尼崎北,西武庫,282022,兵庫県,尼崎市,武庫元町１丁目,2020/4/24,13,その他,駐車（輪）場,施錠せず,なし
窃盗,車上ねらい,尼崎北,西武庫,282022,兵庫県,尼崎市,武庫元町３丁目,2020/11/12,16,その他,その他,施錠せず,なし
窃盗,車上ねらい,尼崎北,尾浜,282022,兵庫県,尼崎市,尾浜町１丁目,2020/10/19,16,駐車（輪）場,駐車（輪）場,施錠せず,なし
窃盗,車上ねらい,尼崎北,尾浜,282022,兵庫県,尼崎市,尾浜町２丁目,2020/1/25,17,その他,駐車（輪）場,施錠せず,なし
窃盗,車上ねらい,尼崎北,尾浜,282022,兵庫県,尼崎市,尾浜町２丁目,2020/9/21,16,その他,その他,施錠せず,あり
窃盗,車上ねらい,尼崎北,尾浜,282022,兵庫県,尼崎市,尾浜町３丁目,2020/12/11,15,４階建て以上共同住宅,その他,施錠せず,なし
窃盗,車上ねらい,尼崎北,尾浜,282022,兵庫県,尼崎市,名神町２丁目,2020/6/1,14,その他,その他,施錠せず,なし
窃盗,車上ねらい,尼崎北,立花駅前,282022,兵庫県,尼崎市,三反田町２丁目,2020/10/18,12,道路上,その他,施錠せず,あり
窃盗,車上ねらい,尼崎北,立花駅前,282022,兵庫県,尼崎市,立花町１丁目,2020/1/19,7,道路上,その他,施錠せず,あり
窃盗,車上ねらい,尼崎北,立花駅前,282022,兵庫県,尼崎市,立花町１丁目,2020/3/13,15,道路上,その他,施錠せず,なし
窃盗,車上ねらい,尼崎北,立花駅前,282022,兵庫県,尼崎市,立花町１丁目,2020/10/8,17,その他,駐車（輪）場,施錠せず,なし
窃盗,車上ねらい,尼崎北,立花駅前,282022,兵庫県,尼崎市,立花町２丁目,2020/2/15,10,道路上,その他,施錠せず,あり
窃盗,車上ねらい,尼崎北,立花駅前,282022,兵庫県,尼崎市,立花町２丁目,2020/4/9,16,道路上,その他,施錠せず,あり
窃盗,車上ねらい,尼崎北,立花駅前,282022,兵庫県,尼崎市,立花町２丁目,2020/4/26,17,４階建て以上共同住宅,その他,施錠せず,あり
窃盗,車上ねらい,尼崎北,立花駅前,282022,兵庫県,尼崎市,立花町２丁目,2020/6/9,11,道路上,その他,施錠せず,なし
窃盗,車上ねらい,尼崎北,立花駅前,282022,兵庫県,尼崎市,立花町２丁目,2020/12/15,23,道路上,その他,施錠せず,なし
窃盗,車上ねらい,尼崎北,立花駅前,282022,兵庫県,尼崎市,水堂町１丁目,2020/5/29,15,その他,その他,施錠せず,なし
窃盗,車上ねらい,尼崎北,立花駅前,282022,兵庫県,尼崎市,水堂町３丁目,2020/3/2,11,道路上,その他,施錠せず,なし
窃盗,車上ねらい,尼崎北,立花駅前,282022,兵庫県,尼崎市,水堂町３丁目,2020/3/4,21,道路上,その他,施錠せず,なし
窃盗,車上ねらい,尼崎北,立花駅前,282022,兵庫県,尼崎市,南武庫之荘２丁目,2020/6/12,13,道路上,その他,施錠せず,なし
窃盗,車上ねらい,尼崎北,立花駅前,282022,兵庫県,尼崎市,南武庫之荘３丁目,2020/2/8,17,その他,駐車（輪）場,施錠せず,なし
窃盗,車上ねらい,尼崎北,立花駅前,282022,兵庫県,尼崎市,南武庫之荘３丁目,2020/7/27,9,その他,駐車（輪）場,施錠せず,なし
窃盗,車上ねらい,尼崎北,立花駅前,282022,兵庫県,尼崎市,南武庫之荘３丁目,2020/8/26,16,その他,その他,施錠せず,あり
窃盗,車上ねらい,伊丹,阪急駅前,282073,兵庫県,伊丹市,行基町１丁目,2020/1/27,11,駐車（輪）場,駐車（輪）場,施錠せず,あり
窃盗,車上ねらい,伊丹,阪急駅前,282073,兵庫県,伊丹市,中央４丁目,2020/2/14,17,その他,駐車（輪）場,施錠せず,あり
窃盗,車上ねらい,伊丹,阪急駅前,282073,兵庫県,伊丹市,中央５丁目,2020/4/6,16,その他,駐車（輪）場,施錠せず,あり
窃盗,車上ねらい,伊丹,阪急駅前,282073,兵庫県,伊丹市,西台１丁目,2020/7/1,10,道路上,その他,施錠せず,あり
窃盗,車上ねらい,伊丹,新伊丹,282073,兵庫県,伊丹市,梅ノ木４丁目,2020/2/14,8,駐車（輪）場,駐車（輪）場,施錠せず,あり
窃盗,車上ねらい,伊丹,新伊丹,282073,兵庫県,伊丹市,御願塚６丁目,2020/9/24,16,その他,駐車（輪）場,施錠せず,なし
窃盗,車上ねらい,伊丹,新伊丹,282073,兵庫県,伊丹市,鈴原町７丁目,2020/4/28,8,その他,駐車（輪）場,施錠せず,あり
窃盗,車上ねらい,伊丹,稲野,282073,兵庫県,伊丹市,安堂寺町３丁目,2020/1/21,18,その他,駐車（輪）場,施錠せず,なし
窃盗,車上ねらい,伊丹,野間,282073,兵庫県,伊丹市,車塚１丁目,2020/12/18,18,一戸建住宅,駐車（輪）場,施錠せず,あり
窃盗,車上ねらい,伊丹,野間,282073,兵庫県,伊丹市,野間１丁目,2020/7/21,19,その他,駐車（輪）場,施錠せず,なし
窃盗,車上ねらい,伊丹,野間,282073,兵庫県,伊丹市,野間７丁目,2020/5/11,9,道路上,その他,施錠せず,なし
窃盗,車上ねらい,伊丹,野間,282073,兵庫県,伊丹市,野間８丁目,2020/4/4,15,その他,駐車（輪）場,施錠せず,あり
窃盗,車上ねらい,伊丹,野間,282073,兵庫県,伊丹市,野間８丁目,2020/6/21,16,４階建て以上共同住宅,駐車（輪）場,施錠せず,なし
窃盗,車上ねらい,伊丹,野間,282073,兵庫県,伊丹市,野間北３丁目,2020/12/11,0,道路上,その他,施錠せず,あり
窃盗,車上ねらい,伊丹,伊丹駅前,282073,兵庫県,伊丹市,伊丹１丁目,2020/2/17,12,駐車（輪）場,駐車（輪）場,施錠せず,なし
窃盗,車上ねらい,伊丹,伊丹駅前,282073,兵庫県,伊丹市,伊丹３丁目,2020/12/28,17,駐車（輪）場,駐車（輪）場,施錠せず,あり
窃盗,車上ねらい,伊丹,伊丹駅前,282073,兵庫県,伊丹市,藤ノ木１丁目,2020/9/27,13,その他,駐車（輪）場,施錠せず,なし
窃盗,車上ねらい,伊丹,神津,282073,兵庫県,伊丹市,岩屋１丁目,2020/8/9,18,一戸建住宅,駐車（輪）場,施錠せず,なし
窃盗,車上ねらい,伊丹,北村,282073,兵庫県,伊丹市,北伊丹８丁目,2020/8/5,22,その他,駐車（輪）場,施錠せず,なし
窃盗,車上ねらい,伊丹,緑ヶ丘,282073,兵庫県,伊丹市,清水４丁目,2020/8/15,13,駐車（輪）場,駐車（輪）場,施錠せず,なし
窃盗,車上ねらい,伊丹,緑ヶ丘,282073,兵庫県,伊丹市,高台１丁目,2020/4/27,8,道路上,その他,施錠せず,あり
窃盗,車上ねらい,伊丹,緑ヶ丘,282073,兵庫県,伊丹市,緑ケ丘６丁目,2020/6/8,10,駐車（輪）場,駐車（輪）場,施錠せず,あり
窃盗,車上ねらい,伊丹,昆陽,282073,兵庫県,伊丹市,昆陽１丁目,2020/11/24,14,その他,駐車（輪）場,施錠せず,あり
窃盗,車上ねらい,伊丹,昆陽,282073,兵庫県,伊丹市,昆陽１丁目,2020/11/30,8,その他,駐車（輪）場,施錠せず,あり
窃盗,車上ねらい,伊丹,昆陽ノ里,282073,兵庫県,伊丹市,池尻３丁目,2020/6/28,13,その他,駐車（輪）場,施錠せず,あり
窃盗,車上ねらい,伊丹,昆陽ノ里,282073,兵庫県,伊丹市,池尻４丁目,2020/1/6,9,その他の住宅（３階建て以下共同住宅等）,駐車（輪）場,施錠せず,あり
窃盗,車上ねらい,伊丹,昆陽ノ里,282073,兵庫県,伊丹市,池尻４丁目,2020/2/11,16,駐車（輪）場,駐車（輪）場,施錠せず,なし
窃盗,車上ねらい,伊丹,昆陽ノ里,282073,兵庫県,伊丹市,池尻４丁目,2020/12/13,10,その他,駐車（輪）場,施錠せず,なし
窃盗,車上ねらい,伊丹,昆陽ノ里,282073,兵庫県,伊丹市,池尻６丁目,2020/1/24,9,道路上,その他,施錠せず,なし
窃盗,車上ねらい,伊丹,昆陽ノ里,282073,兵庫県,伊丹市,池尻６丁目,2020/9/8,15,その他,その他,施錠せず,あり
窃盗,車上ねらい,伊丹,昆陽ノ里,282073,兵庫県,伊丹市,奥畑２丁目,2020/11/23,17,道路上,その他,施錠せず,あり
窃盗,車上ねらい,伊丹,昆陽ノ里,282073,兵庫県,伊丹市,寺本６丁目,2020/7/23,18,その他,駐車（輪）場,施錠せず,あり
窃盗,車上ねらい,伊丹,昆陽ノ里,282073,兵庫県,伊丹市,山田１丁目,2020/9/3,16,その他,その他,施錠せず,なし
窃盗,車上ねらい,伊丹,昆陽ノ里,282073,兵庫県,伊丹市,昆陽南５丁目,2020/8/5,16,その他,駐車（輪）場,施錠せず,あり
窃盗,車上ねらい,伊丹,中野,282073,兵庫県,伊丹市,中野西１丁目,2020/2/10,20,道路上,その他,施錠せず,なし
窃盗,車上ねらい,伊丹,中野,282073,兵庫県,伊丹市,中野西３丁目,2020/5/9,12,一戸建住宅,駐車（輪）場,施錠せず,なし
窃盗,車上ねらい,伊丹,中野,282073,兵庫県,伊丹市,中野東１丁目,2020/1/24,11,その他,その他,施錠せず,あり
窃盗,車上ねらい,伊丹,中野,282073,兵庫県,伊丹市,中野東１丁目,2020/9/30,23,４階建て以上共同住宅,駐車（輪）場,施錠せず,あり
窃盗,車上ねらい,伊丹,中野,282073,兵庫県,伊丹市,西野１丁目,2020/2/4,16,一戸建住宅,駐車（輪）場,施錠せず,なし
窃盗,車上ねらい,伊丹,中野,282073,兵庫県,伊丹市,西野２丁目,2020/2/4,18,その他,駐車（輪）場,施錠せず,なし
窃盗,車上ねらい,伊丹,荒牧,282073,兵庫県,伊丹市,北野５丁目,2020/11/20,9,道路上,その他,施錠せず,あり
窃盗,車上ねらい,伊丹,荒牧,282073,兵庫県,伊丹市,荒牧南２丁目,2020/1/13,21,その他,駐車（輪）場,施錠せず,あり
窃盗,車上ねらい,伊丹,荒牧,282073,兵庫県,伊丹市,荒牧南４丁目,2020/11/30,16,４階建て以上共同住宅,駐車（輪）場,施錠せず,あり
窃盗,車上ねらい,川西,中央,282171,兵庫県,川西市,小花１丁目,2020/2/23,17,駐車（輪）場,駐車（輪）場,施錠せず,あり
窃盗,車上ねらい,川西,中央,282171,兵庫県,川西市,小花１丁目,2020/8/6,10,その他,駐車（輪）場,施錠せず,なし
窃盗,車上ねらい,川西,中央,282171,兵庫県,川西市,栄町,2020/3/19,11,その他,駐車（輪）場,施錠せず,なし
窃盗,車上ねらい,川西,中央,282171,兵庫県,川西市,栄町,2020/10/25,17,その他,駐車（輪）場,施錠せず,なし
窃盗,車上ねらい,川西,中央,282171,兵庫県,川西市,中央町,2020/1/31,14,その他,駐車（輪）場,施錠せず,あり
窃盗,車上ねらい,川西,中央,282171,兵庫県,川西市,中央町,2020/5/18,11,道路上,その他,施錠せず,あり
窃盗,車上ねらい,川西,中央,282171,兵庫県,川西市,中央町,2020/7/31,15,その他,駐車（輪）場,施錠せず,なし
窃盗,車上ねらい,川西,中央,282171,兵庫県,川西市,花屋敷１丁目,2020/8/11,8,道路上,その他,施錠せず,あり
窃盗,車上ねらい,川西,小花,282171,兵庫県,川西市,小戸１丁目,2020/5/4,16,その他,その他,施錠せず,あり
窃盗,車上ねらい,川西,小花,282171,兵庫県,川西市,小花２丁目,2020/1/31,22,その他の住宅（３階建て以下共同住宅等）,その他,施錠せず,あり
窃盗,車上ねらい,川西,小花,282171,兵庫県,川西市,小花２丁目,2020/5/5,11,その他,その他,施錠せず,なし
窃盗,車上ねらい,川西,久代,282171,兵庫県,川西市,久代４丁目,2020/3/3,9,道路上,その他,施錠せず,あり
窃盗,車上ねらい,川西,日の出,282171,兵庫県,川西市,火打１丁目,2020/2/17,16,その他,駐車（輪）場,施錠せず,なし
窃盗,車上ねらい,川西,日の出,282171,兵庫県,川西市,火打２丁目,2020/9/21,22,その他の住宅（３階建て以下共同住宅等）,駐車（輪）場,施錠せず,なし
窃盗,車上ねらい,川西,木津,283011,兵庫県,猪名川町,万善字一本松,2020/4/11,13,道路上,その他,施錠せず,あり
窃盗,車上ねらい,川西,木津,283011,兵庫県,猪名川町,万善字十貫,2020/8/2,13,その他,駐車（輪）場,施錠せず,なし
窃盗,車上ねらい,川西,加茂,282171,兵庫県,川西市,南花屋敷１丁目,2020/10/21,9,駐車（輪）場,駐車（輪）場,施錠せず,なし
窃盗,車上ねらい,宝塚,宝塚駅前,282146,兵庫県,宝塚市,川面５丁目,2020/5/7,18,その他,駐車（輪）場,施錠せず,なし
窃盗,車上ねらい,宝塚,逆瀬川,282146,兵庫県,宝塚市,野上３丁目,2020/3/22,18,駐車（輪）場,駐車（輪）場,施錠せず,あり
窃盗,車上ねらい,宝塚,武庫川,282146,兵庫県,宝塚市,高司４丁目,2020/7/25,22,その他,駐車（輪）場,施錠せず,あり
窃盗,車上ねらい,宝塚,武庫川,282146,兵庫県,宝塚市,高司４丁目,2020/12/24,17,その他,駐車（輪）場,施錠せず,なし
窃盗,車上ねらい,宝塚,小浜,282146,兵庫県,宝塚市,中筋５丁目,2020/5/26,7,その他,駐車（輪）場,施錠せず,なし
窃盗,車上ねらい,宝塚,小浜,282146,兵庫県,宝塚市,中筋８丁目,2020/5/1,20,その他,駐車（輪）場,施錠せず,なし
窃盗,車上ねらい,宝塚,安倉,282146,兵庫県,宝塚市,安倉中４丁目,2020/3/19,21,駐車（輪）場,駐車（輪）場,施錠せず,あり
窃盗,車上ねらい,宝塚,安倉,282146,兵庫県,宝塚市,安倉中４丁目,2020/6/25,15,その他の住宅（３階建て以下共同住宅等）,駐車（輪）場,施錠せず,なし
窃盗,車上ねらい,宝塚,安倉,282146,兵庫県,宝塚市,安倉南４丁目,2020/4/25,19,一戸建住宅,駐車（輪）場,施錠せず,なし
窃盗,車上ねらい,宝塚,山本,282146,兵庫県,宝塚市,中筋山手５丁目,2020/3/5,21,４階建て以上共同住宅,駐車（輪）場,施錠せず,なし
窃盗,車上ねらい,宝塚,小林,282146,兵庫県,宝塚市,小林２丁目,2020/4/3,19,駐車（輪）場,駐車（輪）場,施錠せず,なし
窃盗,車上ねらい,宝塚,仁川,282146,兵庫県,宝塚市,大吹町,2020/3/1,13,道路上,その他,施錠せず,あり
窃盗,車上ねらい,宝塚,仁川,282146,兵庫県,宝塚市,鹿塩２丁目,2020/8/31,20,その他の住宅（３階建て以下共同住宅等）,駐車（輪）場,施錠せず,あり
窃盗,車上ねらい,篠山,篠山,282219,兵庫県,丹波篠山市,河原町,2020/8/30,20,駐車（輪）場,駐車（輪）場,施錠せず,なし
窃盗,車上ねらい,篠山,篠山,282219,兵庫県,丹波篠山市,八上下,2020/8/18,12,道路上,その他,施錠せず,あり
窃盗,車上ねらい,篠山,福住,282219,兵庫県,丹波篠山市,安田,2020/11/26,16,その他,駐車（輪）場,施錠せず,あり
窃盗,車上ねらい,篠山,河内,282219,兵庫県,丹波篠山市,上板井,2020/2/20,16,その他,その他,施錠せず,あり
窃盗,車上ねらい,篠山,大山,282219,兵庫県,丹波篠山市,大山下,2020/10/24,16,道路上,その他,施錠せず,あり
窃盗,車上ねらい,篠山,篠山口駅前,282219,兵庫県,丹波篠山市,味間北,2020/1/27,16,一戸建住宅,駐車（輪）場,施錠せず,あり
窃盗,車上ねらい,篠山,杉,282219,兵庫県,丹波篠山市,網掛,2020/2/23,9,その他,駐車（輪）場,施錠せず,あり
窃盗,車上ねらい,篠山,杉,282219,兵庫県,丹波篠山市,東吹,2020/1/21,14,その他,その他,施錠せず,あり
窃盗,車上ねらい,篠山,城南,282219,兵庫県,丹波篠山市,宇土,2020/6/11,11,その他,その他,施錠せず,なし
窃盗,車上ねらい,篠山,城南,282219,兵庫県,丹波篠山市,野中,2020/2/24,16,一戸建住宅,その他,施錠せず,あり
窃盗,車上ねらい,篠山,今田,282219,兵庫県,丹波篠山市,今田町上立杭,2020/3/20,16,駐車（輪）場,駐車（輪）場,施錠せず,あり
窃盗,車上ねらい,篠山,今田,282219,兵庫県,丹波篠山市,今田町今田新田,2020/1/30,16,駐車（輪）場,駐車（輪）場,施錠せず,あり
窃盗,車上ねらい,丹波,小川,282235,兵庫県,丹波市,山南町奥,2020/2/8,11,その他,駐車（輪）場,施錠せず,あり
窃盗,車上ねらい,丹波,石生,282235,兵庫県,丹波市,氷上町石生,2020/8/19,7,その他,その他,施錠せず,あり
窃盗,車上ねらい,丹波,香良,282235,兵庫県,丹波市,氷上町絹山,2020/1/13,8,道路上,その他,施錠せず,あり
窃盗,車上ねらい,丹波,多利,282235,兵庫県,丹波市,春日町野上野,2020/4/20,16,道路上,その他,施錠せず,あり
窃盗,車上ねらい,明石,明石駅前,282031,兵庫県,明石市,鷹匠町,2020/8/16,13,その他の住宅（３階建て以下共同住宅等）,駐車（輪）場,施錠せず,あり
窃盗,車上ねらい,明石,本町,282031,兵庫県,明石市,桜町,2020/11/20,17,その他,駐車（輪）場,施錠せず,なし
窃盗,車上ねらい,明石,大蔵,282031,兵庫県,明石市,大蔵天神町,2020/7/28,7,その他,駐車（輪）場,施錠せず,あり
窃盗,車上ねらい,明石,大蔵,282031,兵庫県,明石市,大蔵八幡町,2020/10/11,22,その他,駐車（輪）場,施錠せず,なし
窃盗,車上ねらい,明石,大蔵,282031,兵庫県,明石市,天文町１丁目,2020/12/6,18,その他,駐車（輪）場,施錠せず,あり
窃盗,車上ねらい,明石,大蔵,282031,兵庫県,明石市,大蔵海岸通２丁目,2020/5/13,7,その他,駐車（輪）場,施錠せず,あり
窃盗,車上ねらい,明石,西新町,282031,兵庫県,明石市,硯町２丁目,2020/5/2,20,その他の住宅（３階建て以下共同住宅等）,駐車（輪）場,施錠せず,あり
窃盗,車上ねらい,明石,林崎,282031,兵庫県,明石市,林２丁目,2020/8/2,17,一戸建住宅,駐車（輪）場,施錠せず,なし
窃盗,車上ねらい,明石,小久保,282031,兵庫県,明石市,和坂,2020/9/18,21,その他,駐車（輪）場,施錠せず,あり
窃盗,車上ねらい,明石,小久保,282031,兵庫県,明石市,立石１丁目,2020/11/19,17,駐車（輪）場,駐車（輪）場,施錠せず,なし
窃盗,車上ねらい,明石,小久保,282031,兵庫県,明石市,野々上２丁目,2020/12/25,21,その他,駐車（輪）場,施錠せず,あり
窃盗,車上ねらい,明石,小久保,282031,兵庫県,明石市,藤江,2020/5/9,20,駐車（輪）場,駐車（輪）場,施錠せず,あり
窃盗,車上ねらい,明石,藤江,282031,兵庫県,明石市,藤江,2020/12/23,17,道路上,その他,施錠せず,あり
窃盗,車上ねらい,明石,大久保,282031,兵庫県,明石市,大久保町森田,2020/7/24,13,その他,駐車（輪）場,施錠せず,なし
窃盗,車上ねらい,明石,大久保,282031,兵庫県,明石市,大久保町駅前１丁目,2020/7/9,19,その他,その他,施錠せず,なし
窃盗,車上ねらい,明石,大久保南,282031,兵庫県,明石市,大久保町大久保町,2020/5/29,14,その他,駐車（輪）場,施錠せず,なし
窃盗,車上ねらい,明石,大久保南,282031,兵庫県,明石市,大久保町森田,2020/11/21,8,その他,駐車（輪）場,施錠せず,あり
窃盗,車上ねらい,明石,大久保南,282031,兵庫県,明石市,大久保町ゆりのき通３丁目,2020/12/30,12,道路上,その他,施錠せず,あり
窃盗,車上ねらい,明石,八木,282031,兵庫県,明石市,大久保町八木,2020/1/10,11,道路上,その他,施錠せず,あり
窃盗,車上ねらい,明石,江井島,282031,兵庫県,明石市,大久保町江井島,2020/3/3,19,駐車（輪）場,駐車（輪）場,施錠せず,なし
窃盗,車上ねらい,明石,魚住,282031,兵庫県,明石市,魚住町中尾,2020/3/10,17,その他,その他,施錠せず,なし
窃盗,車上ねらい,明石,魚住,282031,兵庫県,明石市,魚住町中尾,2020/4/3,13,その他,その他,施錠せず,なし
窃盗,車上ねらい,明石,魚住,282031,兵庫県,明石市,魚住町錦が丘４丁目,2020/8/28,12,その他,その他,施錠せず,あり
窃盗,車上ねらい,明石,魚住,282031,兵庫県,明石市,魚住町錦が丘４丁目,2020/11/20,15,４階建て以上共同住宅,駐車（輪）場,施錠せず,なし
窃盗,車上ねらい,明石,魚住,282031,兵庫県,明石市,魚住町錦が丘４丁目,2020/11/20,18,その他,駐車（輪）場,施錠せず,なし
窃盗,車上ねらい,明石,魚住,282031,兵庫県,明石市,魚住町住吉１丁目,2020/1/18,13,その他,駐車（輪）場,施錠せず,なし
窃盗,車上ねらい,明石,東二見,282031,兵庫県,明石市,二見町東二見,2020/4/26,8,道路上,その他,施錠せず,なし
窃盗,車上ねらい,明石,東二見,282031,兵庫県,明石市,二見町東二見,2020/12/10,12,駐車（輪）場,駐車（輪）場,施錠せず,なし
窃盗,車上ねらい,明石,東二見,282031,兵庫県,明石市,二見町東二見,2020/12/11,16,駐車（輪）場,駐車（輪）場,施錠せず,なし
窃盗,車上ねらい,明石,東二見,282031,兵庫県,明石市,二見町南二見,2020/2/15,20,その他,その他,施錠せず,なし
窃盗,車上ねらい,明石,東二見,282031,兵庫県,明石市,二見町西二見駅前３丁目,2020/6/18,16,その他,駐車（輪）場,施錠せず,なし
窃盗,車上ねらい,明石,西二見,282031,兵庫県,明石市,魚住町清水,2020/1/29,7,道路上,その他,施錠せず,あり
窃盗,車上ねらい,明石,西二見,282031,兵庫県,明石市,二見町西二見,2020/7/29,8,その他,その他,施錠せず,なし
窃盗,車上ねらい,明石,西二見,282031,兵庫県,明石市,二見町福里,2020/9/15,15,その他,その他,施錠せず,なし
窃盗,車上ねらい,明石,西明石,282031,兵庫県,明石市,西明石南町３丁目,2020/9/15,10,その他,駐車（輪）場,施錠せず,あり
窃盗,車上ねらい,明石,朝霧町,282031,兵庫県,明石市,太寺１丁目,2020/1/8,4,駐車（輪）場,駐車（輪）場,施錠せず,なし
窃盗,車上ねらい,明石,朝霧町,282031,兵庫県,明石市,太寺２丁目,2019/12/31,19,道路上,その他,施錠せず,なし
窃盗,車上ねらい,明石,朝霧町,282031,兵庫県,明石市,太寺２丁目,2020/10/4,7,道路上,その他,施錠せず,あり
窃盗,車上ねらい,明石,朝霧町,282031,兵庫県,明石市,朝霧台,2020/5/18,16,駐車（輪）場,駐車（輪）場,施錠せず,なし
窃盗,車上ねらい,三木,大塚,282154,兵庫県,三木市,福井,2020/1/28,6,その他,駐車（輪）場,施錠せず,あり
窃盗,車上ねらい,三木,本町,282154,兵庫県,三木市,大村,2020/3/10,10,道路上,その他,施錠せず,あり
窃盗,車上ねらい,三木,本町,282154,兵庫県,三木市,大村,2020/5/1,15,その他,駐車（輪）場,施錠せず,なし
窃盗,車上ねらい,三木,本町,282154,兵庫県,三木市,大村,2020/10/11,18,その他,駐車（輪）場,施錠せず,なし
窃盗,車上ねらい,三木,本町,282154,兵庫県,三木市,大村,2020/10/20,18,その他,駐車（輪）場,施錠せず,なし
窃盗,車上ねらい,三木,本町,282154,兵庫県,三木市,加佐,2020/11/17,19,その他,駐車（輪）場,施錠せず,なし
窃盗,車上ねらい,三木,本町,282154,兵庫県,三木市,加佐,2020/12/1,12,その他,駐車（輪）場,施錠せず,なし
窃盗,車上ねらい,三木,本町,282154,兵庫県,三木市,末広３丁目,2020/1/15,17,その他,駐車（輪）場,施錠せず,なし
窃盗,車上ねらい,三木,本町,282154,兵庫県,三木市,末広３丁目,2020/6/27,15,その他,駐車（輪）場,施錠せず,あり
窃盗,車上ねらい,三木,本町,282154,兵庫県,三木市,末広３丁目,2020/10/23,18,その他,駐車（輪）場,施錠せず,なし
窃盗,車上ねらい,三木,本町,282154,兵庫県,三木市,福井,2020/6/26,13,その他,駐車（輪）場,施錠せず,あり
窃盗,車上ねらい,三木,本町,282154,兵庫県,三木市,福井２丁目,2020/6/3,15,その他,駐車（輪）場,施錠せず,あり
窃盗,車上ねらい,三木,別所,282154,兵庫県,三木市,別所町石野,2020/9/8,7,駐車（輪）場,駐車（輪）場,施錠せず,なし
窃盗,車上ねらい,三木,別所,282154,兵庫県,三木市,別所町下石野１丁目,2020/9/3,10,その他,その他,施錠せず,あり
窃盗,車上ねらい,三木,別所,282154,兵庫県,三木市,別所町高木,2020/7/3,10,その他,駐車（輪）場,施錠せず,あり
窃盗,車上ねらい,三木,細川,282154,兵庫県,三木市,細川町高畑,2020/6/19,20,一戸建住宅,駐車（輪）場,施錠せず,なし
窃盗,車上ねらい,三木,細川,282154,兵庫県,三木市,細川町高畑,2020/7/11,15,一戸建住宅,駐車（輪）場,施錠せず,あり
窃盗,車上ねらい,三木,細川,282154,兵庫県,三木市,細川町細川中,2020/9/19,15,一戸建住宅,駐車（輪）場,施錠せず,あり
窃盗,車上ねらい,三木,口吉川,282154,兵庫県,三木市,口吉川町東中,2020/12/12,15,道路上,その他,施錠せず,なし
窃盗,車上ねらい,三木,前田,282154,兵庫県,三木市,吉川町古川,2020/8/8,10,一戸建住宅,駐車（輪）場,施錠せず,あり
窃盗,車上ねらい,三木,前田,282154,兵庫県,三木市,吉川町前田,2020/1/7,13,道路上,その他,施錠せず,あり
窃盗,車上ねらい,三木,御坂,282154,兵庫県,三木市,志染町三津田,2020/3/25,12,道路上,その他,施錠せず,あり
窃盗,車上ねらい,三木,自由が丘,282154,兵庫県,三木市,口吉川町殿畑,2020/4/28,7,道路上,その他,施錠せず,あり
窃盗,車上ねらい,三木,自由が丘,282154,兵庫県,三木市,口吉川町久次,2020/4/6,20,道路上,その他,施錠せず,あり
窃盗,車上ねらい,三木,吉川,282154,兵庫県,三木市,吉川町福吉,2020/3/12,14,道路上,その他,施錠せず,なし
窃盗,車上ねらい,加東,社,282286,兵庫県,加東市,貝原,2020/7/17,14,道路上,その他,施錠せず,あり
窃盗,車上ねらい,加東,社,282286,兵庫県,加東市,窪田,2020/4/11,14,駐車（輪）場,駐車（輪）場,施錠せず,あり
窃盗,車上ねらい,加東,社,282286,兵庫県,加東市,社,2020/3/9,16,駐車（輪）場,駐車（輪）場,施錠せず,なし
窃盗,車上ねらい,加東,社,282286,兵庫県,加東市,社,2020/11/18,18,駐車（輪）場,駐車（輪）場,施錠せず,なし
窃盗,車上ねらい,加東,社,282286,兵庫県,加東市,山国,2020/5/19,15,その他,その他,施錠せず,あり
窃盗,車上ねらい,加東,上久米,282286,兵庫県,加東市,秋津,2020/3/12,15,道路上,その他,施錠せず,あり
窃盗,車上ねらい,加東,上久米,282286,兵庫県,加東市,上久米,2020/1/26,11,その他,駐車（輪）場,施錠せず,あり
窃盗,車上ねらい,加東,上久米,282286,兵庫県,加東市,久米,2020/12/17,8,一戸建住宅,駐車（輪）場,施錠せず,なし
窃盗,車上ねらい,加東,上久米,282286,兵庫県,加東市,畑,2020/1/18,20,一戸建住宅,駐車（輪）場,施錠せず,なし
窃盗,車上ねらい,加東,三草,282286,兵庫県,加東市,下三草,2020/9/18,13,一戸建住宅,駐車（輪）場,施錠せず,あり
窃盗,車上ねらい,加東,三草,282286,兵庫県,加東市,牧野,2020/4/24,13,駐車（輪）場,駐車（輪）場,施錠せず,なし
窃盗,車上ねらい,加東,三草,282286,兵庫県,加東市,牧野,2020/6/21,15,道路上,その他,施錠せず,あり
窃盗,車上ねらい,加東,高岡,282286,兵庫県,加東市,高岡,2020/3/4,14,道路上,その他,施錠せず,あり
窃盗,車上ねらい,加東,吉井,282286,兵庫県,加東市,新定,2020/2/8,15,道路上,その他,施錠せず,なし
窃盗,車上ねらい,加東,吉井,282286,兵庫県,加東市,新定,2020/5/21,15,道路上,その他,施錠せず,あり
窃盗,車上ねらい,加東,秋津,282286,兵庫県,加東市,秋津,2020/7/5,15,道路上,その他,施錠せず,あり
窃盗,車上ねらい,加東,秋津,282286,兵庫県,加東市,秋津,2020/7/25,13,道路上,その他,施錠せず,なし
窃盗,車上ねらい,加西,北条,282201,兵庫県,加西市,北町,2020/5/29,16,その他,その他,施錠せず,なし
窃盗,車上ねらい,加西,富田,282201,兵庫県,加西市,谷町,2020/5/29,17,その他,その他,施錠せず,あり
窃盗,車上ねらい,加西,富田,282201,兵庫県,加西市,畑町,2020/10/31,12,その他,駐車（輪）場,施錠せず,なし
窃盗,車上ねらい,加西,賀茂,282201,兵庫県,加西市,山下町,2020/8/9,14,一戸建住宅,駐車（輪）場,施錠せず,あり
窃盗,車上ねらい,加西,三口,282201,兵庫県,加西市,三口町,2020/3/29,19,一戸建住宅,その他,施錠せず,あり
窃盗,車上ねらい,加西,三口,282201,兵庫県,加西市,三口町,2020/9/6,14,道路上,その他,施錠せず,あり
窃盗,車上ねらい,加西,網引,282201,兵庫県,加西市,桑原田町,2020/5/11,10,一戸建住宅,駐車（輪）場,施錠せず,あり
窃盗,車上ねらい,加西,網引,282201,兵庫県,加西市,桑原田町,2020/7/17,15,道路上,その他,施錠せず,あり
窃盗,車上ねらい,加西,網引,282201,兵庫県,加西市,田原町,2020/1/14,14,一戸建住宅,駐車（輪）場,施錠せず,あり
窃盗,車上ねらい,加西,網引,282201,兵庫県,加西市,田原町,2020/1/27,14,一戸建住宅,駐車（輪）場,施錠せず,あり
窃盗,車上ねらい,加西,網引,282201,兵庫県,加西市,田原町,2020/1/31,13,道路上,その他,施錠せず,あり
窃盗,車上ねらい,加西,網引,282201,兵庫県,加西市,田原町,2020/1/31,18,一戸建住宅,駐車（輪）場,施錠せず,なし
窃盗,車上ねらい,加西,網引,282201,兵庫県,加西市,田原町,2020/9/19,15,その他,その他,施錠せず,あり
窃盗,車上ねらい,加西,富合,282201,兵庫県,加西市,玉野町,2020/12/9,8,その他,駐車（輪）場,施錠せず,あり
窃盗,車上ねらい,加西,富合,282201,兵庫県,加西市,別府町,2020/8/13,15,道路上,その他,施錠せず,なし
窃盗,車上ねらい,加西,日吉,282201,兵庫県,加西市,池上町,2020/2/26,14,その他,その他,施錠せず,あり
窃盗,車上ねらい,加西,上野,282201,兵庫県,加西市,下芥田町,2020/5/9,13,その他,その他,施錠せず,なし
窃盗,車上ねらい,加西,上野,282201,兵庫県,加西市,別所町,2020/6/5,11,駐車（輪）場,駐車（輪）場,施錠せず,あり
窃盗,車上ねらい,加西,鴨谷,282201,兵庫県,加西市,中富町,2020/8/4,17,その他,その他,施錠せず,なし
窃盗,車上ねらい,西脇,西脇中央,282138,兵庫県,西脇市,八坂町,2020/5/15,16,道路上,その他,施錠せず,あり
窃盗,車上ねらい,西脇,野村,282138,兵庫県,西脇市,野村町,2020/1/12,15,一戸建住宅,その他,施錠せず,あり
窃盗,車上ねらい,西脇,比延,282138,兵庫県,西脇市,中畑町,2020/3/12,12,道路上,その他,施錠せず,あり
窃盗,車上ねらい,西脇,喜多,282138,兵庫県,西脇市,黒田庄町喜多,2020/6/8,16,道路上,その他,施錠せず,なし
窃盗,車上ねらい,西脇,喜多,282138,兵庫県,西脇市,黒田庄町福地,2020/5/28,18,駐車（輪）場,駐車（輪）場,施錠せず,あり
窃盗,車上ねらい,西脇,中町,283657,兵庫県,多可町,中区東山,2020/4/17,8,道路上,その他,施錠せず,あり
窃盗,車上ねらい,西脇,杉原谷,283657,兵庫県,多可町,加美区市原,2020/11/26,15,一戸建住宅,駐車（輪）場,施錠せず,あり
窃盗,車上ねらい,西脇,杉原谷,283657,兵庫県,多可町,加美区鳥羽,2020/6/18,18,一戸建住宅,その他,施錠せず,なし
窃盗,車上ねらい,西脇,杉原谷,283657,兵庫県,多可町,加美区山口,2020/3/31,22,一戸建住宅,駐車（輪）場,施錠せず,あり
窃盗,車上ねらい,加古川,加古川駅前,282103,兵庫県,加古川市,加古川町河原,2020/3/29,19,その他,駐車（輪）場,施錠せず,あり
窃盗,車上ねらい,加古川,加古川駅前,282103,兵庫県,加古川市,加古川町篠原町,2018/9/1,0,駐車（輪）場,駐車（輪）場,施錠せず,なし
窃盗,車上ねらい,加古川,加古川駅前,282103,兵庫県,加古川市,加古川町寺家町,2019/1/1,0,その他,駐車（輪）場,施錠せず,なし
窃盗,車上ねらい,加古川,加古川駅前,282103,兵庫県,加古川市,加古川町寺家町,2019/4/12,19,その他,駐車（輪）場,施錠せず,なし
窃盗,車上ねらい,加古川,加古川駅前,282103,兵庫県,加古川市,加古川町寺家町,2019/5/1,0,その他,駐車（輪）場,施錠せず,なし
窃盗,車上ねらい,加古川,加古川駅前,282103,兵庫県,加古川市,加古川町寺家町,2019/6/1,0,その他,駐車（輪）場,施錠せず,なし
窃盗,車上ねらい,加古川,加古川駅前,282103,兵庫県,加古川市,加古川町寺家町,2019/6/11,0,その他,駐車（輪）場,施錠せず,なし
窃盗,車上ねらい,加古川,加古川駅前,282103,兵庫県,加古川市,加古川町寺家町,2020/3/2,11,その他,駐車（輪）場,施錠せず,なし
窃盗,車上ねらい,加古川,加古川駅前,282103,兵庫県,加古川市,加古川町寺家町,2020/3/19,13,駐車（輪）場,駐車（輪）場,施錠せず,なし
窃盗,車上ねらい,加古川,加古川駅前,282103,兵庫県,加古川市,加古川町寺家町,2020/6/9,15,その他,駐車（輪）場,施錠せず,なし
窃盗,車上ねらい,加古川,加古川駅前,282103,兵庫県,加古川市,加古川町寺家町,2020/8/7,15,その他,駐車（輪）場,施錠せず,なし
窃盗,車上ねらい,加古川,加古川駅前,282103,兵庫県,加古川市,加古川町寺家町,2020/11/21,17,その他,駐車（輪）場,施錠せず,なし
窃盗,車上ねらい,加古川,加古川駅前,282103,兵庫県,加古川市,加古川町寺家町,2020/11/28,16,その他,駐車（輪）場,施錠せず,なし
窃盗,車上ねらい,加古川,加古川駅前,282103,兵庫県,加古川市,加古川町寺家町,2020/11/30,16,その他,駐車（輪）場,施錠せず,なし
窃盗,車上ねらい,加古川,鳩里,282103,兵庫県,加古川市,加古川町稲屋,2020/2/8,12,その他,その他,施錠せず,あり
窃盗,車上ねらい,加古川,鳩里,282103,兵庫県,加古川市,加古川町備後,2020/6/7,20,駐車（輪）場,駐車（輪）場,施錠せず,なし
窃盗,車上ねらい,加古川,日岡,282103,兵庫県,加古川市,加古川町中津,2020/2/25,9,道路上,その他,施錠せず,あり
窃盗,車上ねらい,加古川,神野,282103,兵庫県,加古川市,神野町石守,2015/1/10,18,一戸建住宅,駐車（輪）場,施錠せず,なし
窃盗,車上ねらい,加古川,神野,282103,兵庫県,加古川市,神野町石守,2020/3/1,20,その他,駐車（輪）場,施錠せず,なし
窃盗,車上ねらい,加古川,神野,282103,兵庫県,加古川市,神野町石守２丁目,2017/6/1,20,一戸建住宅,駐車（輪）場,施錠せず,なし
窃盗,車上ねらい,加古川,尾上,282103,兵庫県,加古川市,尾上町安田,2020/2/25,10,その他,その他,施錠せず,あり
窃盗,車上ねらい,加古川,尾上,282103,兵庫県,加古川市,尾上町安田,2020/3/19,10,駐車（輪）場,駐車（輪）場,施錠せず,なし
窃盗,車上ねらい,加古川,尾上,282103,兵庫県,加古川市,尾上町安田,2020/3/25,18,駐車（輪）場,駐車（輪）場,施錠せず,なし
窃盗,車上ねらい,加古川,尾上,282103,兵庫県,加古川市,尾上町安田,2020/6/28,13,その他,駐車（輪）場,施錠せず,あり
窃盗,車上ねらい,加古川,尾上,282103,兵庫県,加古川市,尾上町養田,2020/11/18,21,その他の住宅（３階建て以下共同住宅等）,駐車（輪）場,施錠せず,あり
窃盗,車上ねらい,加古川,野口,282103,兵庫県,加古川市,野口町北野,2020/7/11,12,道路上,その他,施錠せず,なし
窃盗,車上ねらい,加古川,野口,282103,兵庫県,加古川市,野口町野口,2020/5/19,9,その他,駐車（輪）場,施錠せず,なし
窃盗,車上ねらい,加古川,野口,282103,兵庫県,加古川市,野口町野口,2020/8/15,19,その他,駐車（輪）場,施錠せず,なし
窃盗,車上ねらい,加古川,野口,282103,兵庫県,加古川市,野口町野口,2020/9/27,19,その他,駐車（輪）場,施錠せず,なし
窃盗,車上ねらい,加古川,野口,282103,兵庫県,加古川市,野口町二屋,2020/2/13,15,道路上,その他,施錠せず,あり
窃盗,車上ねらい,加古川,野口,282103,兵庫県,加古川市,野口町良野,2020/5/7,15,その他,駐車（輪）場,施錠せず,なし
窃盗,車上ねらい,加古川,別府,282103,兵庫県,加古川市,金沢町,2020/7/11,13,駐車（輪）場,駐車（輪）場,施錠せず,あり
窃盗,車上ねらい,加古川,別府,282103,兵庫県,加古川市,野口町坂井,2020/10/21,11,その他,駐車（輪）場,施錠せず,なし
窃盗,車上ねらい,加古川,別府,282103,兵庫県,加古川市,平岡町中野,2020/6/5,12,その他,駐車（輪）場,施錠せず,なし
窃盗,車上ねらい,加古川,別府,282103,兵庫県,加古川市,別府町朝日町,2020/1/29,20,その他,駐車（輪）場,施錠せず,なし
窃盗,車上ねらい,加古川,別府,282103,兵庫県,加古川市,別府町新野辺,2020/3/1,17,その他,駐車（輪）場,施錠せず,なし
窃盗,車上ねらい,加古川,別府,282103,兵庫県,加古川市,別府町新野辺,2020/10/12,9,道路上,その他,施錠せず,あり
窃盗,車上ねらい,加古川,別府,282103,兵庫県,加古川市,別府町中島町,2020/6/20,19,その他,駐車（輪）場,施錠せず,なし
窃盗,車上ねらい,加古川,別府,282103,兵庫県,加古川市,別府町別府,2020/1/7,19,道路上,その他,施錠せず,あり
窃盗,車上ねらい,加古川,別府,282103,兵庫県,加古川市,別府町別府,2020/7/15,19,道路上,その他,施錠せず,あり
窃盗,車上ねらい,加古川,別府,282103,兵庫県,加古川市,別府町別府,2020/9/12,11,道路上,その他,施錠せず,なし
窃盗,車上ねらい,加古川,別府,282103,兵庫県,加古川市,別府町緑町,2020/3/26,21,その他,駐車（輪）場,施錠せず,なし
窃盗,車上ねらい,加古川,東加古川,282103,兵庫県,加古川市,平岡町一色西２丁目,2020/3/3,10,駐車（輪）場,駐車（輪）場,施錠せず,あり
窃盗,車上ねらい,加古川,東加古川,282103,兵庫県,加古川市,平岡町新在家,2020/2/29,6,駐車（輪）場,駐車（輪）場,施錠せず,なし
窃盗,車上ねらい,加古川,東加古川,282103,兵庫県,加古川市,平岡町新在家,2020/8/21,11,駐車（輪）場,駐車（輪）場,施錠せず,なし
窃盗,車上ねらい,加古川,東加古川,282103,兵庫県,加古川市,平岡町新在家１丁目,2020/1/19,19,駐車（輪）場,駐車（輪）場,施錠せず,あり
窃盗,車上ねらい,加古川,本荘,283827,兵庫県,播磨町,新島,2020/7/14,7,その他,駐車（輪）場,施錠せず,なし
窃盗,車上ねらい,加古川,本荘,283827,兵庫県,播磨町,東本荘１丁目,2020/9/9,17,一戸建住宅,駐車（輪）場,施錠せず,あり
窃盗,車上ねらい,加古川,本荘,283827,兵庫県,播磨町,東本荘２丁目,2020/8/14,12,駐車（輪）場,駐車（輪）場,施錠せず,なし
窃盗,車上ねらい,加古川,稲美,283819,兵庫県,稲美町,岡,2018/1/10,15,一戸建住宅,駐車（輪）場,施錠せず,なし
窃盗,車上ねらい,加古川,稲美,283819,兵庫県,稲美町,岡,2020/5/28,11,その他,その他,施錠せず,あり
窃盗,車上ねらい,加古川,稲美,283819,兵庫県,稲美町,国安,2018/6/1,18,一戸建住宅,駐車（輪）場,施錠せず,なし
窃盗,車上ねらい,加古川,稲美,283819,兵庫県,稲美町,国安,2020/3/21,13,道路上,その他,施錠せず,あり
窃盗,車上ねらい,加古川,稲美,283819,兵庫県,稲美町,国安,2020/6/1,10,道路上,その他,施錠せず,あり
窃盗,車上ねらい,加古川,稲美,283819,兵庫県,稲美町,森安,2020/8/30,9,その他,その他,施錠せず,なし
窃盗,車上ねらい,加古川,神吉,282103,兵庫県,加古川市,平荘町里,2020/12/29,15,駐車（輪）場,駐車（輪）場,施錠せず,あり
窃盗,車上ねらい,加古川,神吉,282103,兵庫県,加古川市,米田町平津,2020/4/17,15,道路上,その他,施錠せず,あり
窃盗,車上ねらい,加古川,新神野,282103,兵庫県,加古川市,新神野８丁目,2020/9/15,13,道路上,その他,施錠せず,あり
窃盗,車上ねらい,加古川,野添,283827,兵庫県,播磨町,南大中３丁目,2020/12/1,15,その他,その他,施錠せず,あり
窃盗,車上ねらい,加古川,野添,283827,兵庫県,播磨町,南大中３丁目,2020/12/27,11,道路上,その他,施錠せず,あり
窃盗,車上ねらい,加古川,野添,283827,兵庫県,播磨町,南野添１丁目,2020/3/21,10,道路上,その他,施錠せず,なし
窃盗,車上ねらい,加古川,野添,283827,兵庫県,播磨町,南野添２丁目,2020/10/10,8,道路上,その他,施錠せず,あり
窃盗,車上ねらい,加古川,野添,283827,兵庫県,播磨町,南野添３丁目,2020/9/17,7,その他,駐車（輪）場,施錠せず,あり
窃盗,車上ねらい,加古川,県農前,282103,兵庫県,加古川市,平岡町新在家,2020/2/13,22,４階建て以上共同住宅,駐車（輪）場,施錠せず,あり
窃盗,車上ねらい,加古川,県農前,282103,兵庫県,加古川市,平岡町新在家,2020/8/27,17,道路上,その他,施錠せず,あり
窃盗,車上ねらい,高砂,荒井,282162,兵庫県,高砂市,荒井町新浜２丁目,2020/4/23,15,駐車（輪）場,駐車（輪）場,施錠せず,あり
窃盗,車上ねらい,高砂,伊保,282162,兵庫県,高砂市,梅井６丁目,2020/1/18,9,道路上,その他,施錠せず,なし
窃盗,車上ねらい,高砂,米田,282162,兵庫県,高砂市,米田町島,2020/9/4,21,その他,その他,施錠せず,あり
窃盗,車上ねらい,高砂,米田,282162,兵庫県,高砂市,米田町米田,2020/3/28,13,その他,駐車（輪）場,施錠せず,あり
窃盗,車上ねらい,高砂,阿弥陀,282162,兵庫県,高砂市,阿弥陀町生石,2020/3/25,17,一戸建住宅,駐車（輪）場,施錠せず,あり
窃盗,車上ねらい,高砂,曽根,282162,兵庫県,高砂市,春日野町,2020/10/3,0,その他,駐車（輪）場,施錠せず,なし
窃盗,車上ねらい,高砂,曽根,282162,兵庫県,高砂市,曽根町,2020/11/30,13,一戸建住宅,駐車（輪）場,施錠せず,あり
窃盗,車上ねらい,高砂,高砂駅前,282162,兵庫県,高砂市,高砂町浜田町１丁目,2019/9/1,0,その他,駐車（輪）場,施錠せず,なし
窃盗,車上ねらい,姫路,,282014,兵庫県,姫路市,,2020/9/1,0,その他,その他,施錠せず,なし
窃盗,車上ねらい,姫路,大手前,282014,兵庫県,姫路市,総社本町,2017/7/1,16,その他,駐車（輪）場,施錠せず,なし
窃盗,車上ねらい,姫路,大手前,282014,兵庫県,姫路市,総社本町,2018/6/1,16,その他,駐車（輪）場,施錠せず,なし
窃盗,車上ねらい,姫路,大手前,282014,兵庫県,姫路市,総社本町,2018/11/19,17,その他,駐車（輪）場,施錠せず,なし
窃盗,車上ねらい,姫路,大手前,282014,兵庫県,姫路市,総社本町,2019/8/1,18,その他,駐車（輪）場,施錠せず,なし
窃盗,車上ねらい,姫路,大手前,282014,兵庫県,姫路市,総社本町,2019/11/1,16,その他,駐車（輪）場,施錠せず,なし
窃盗,車上ねらい,姫路,大手前,282014,兵庫県,姫路市,総社本町,2019/12/1,18,その他,駐車（輪）場,施錠せず,なし
窃盗,車上ねらい,姫路,大手前,282014,兵庫県,姫路市,本町,2020/1/10,12,その他,その他,施錠せず,あり
窃盗,車上ねらい,姫路,大手前,282014,兵庫県,姫路市,本町,2020/5/28,7,その他,その他,施錠せず,あり
窃盗,車上ねらい,姫路,大手前,282014,兵庫県,姫路市,本町,2020/12/3,12,その他,その他,施錠せず,あり
窃盗,車上ねらい,姫路,大手前,282014,兵庫県,姫路市,本町,2020/12/15,10,道路上,その他,施錠せず,なし
窃盗,車上ねらい,姫路,大手前,282014,兵庫県,姫路市,綿町,2019/9/20,16,駐車（輪）場,駐車（輪）場,施錠せず,なし
窃盗,車上ねらい,姫路,姫路駅前,282014,兵庫県,姫路市,駅前町,2020/11/6,23,道路上,その他,施錠せず,あり
窃盗,車上ねらい,姫路,姫路駅前,282014,兵庫県,姫路市,駅前町,2020/12/18,11,その他,駐車（輪）場,施錠せず,なし
窃盗,車上ねらい,姫路,姫路駅前,282014,兵庫県,姫路市,駅前町,2020/12/28,17,駐車（輪）場,駐車（輪）場,施錠せず,なし
窃盗,車上ねらい,姫路,姫路駅前,282014,兵庫県,姫路市,久保町,2020/10/29,5,駐車（輪）場,駐車（輪）場,施錠せず,あり
窃盗,車上ねらい,姫路,姫路駅前,282014,兵庫県,姫路市,北条口４丁目,2020/6/4,10,駐車（輪）場,駐車（輪）場,施錠せず,あり
窃盗,車上ねらい,姫路,姫路駅前,282014,兵庫県,姫路市,南町,2020/2/25,7,駐車（輪）場,駐車（輪）場,施錠せず,あり
窃盗,車上ねらい,姫路,姫路駅前,282014,兵庫県,姫路市,南町,2020/9/17,17,その他,駐車（輪）場,施錠せず,なし
窃盗,車上ねらい,姫路,姫路駅前,282014,兵庫県,姫路市,南町,2020/10/14,23,道路上,その他,施錠せず,あり
窃盗,車上ねらい,姫路,姫路駅前,282014,兵庫県,姫路市,綿町,2019/6/1,19,駐車（輪）場,駐車（輪）場,施錠せず,なし
窃盗,車上ねらい,姫路,姫路駅前,282014,兵庫県,姫路市,白銀町,2018/10/1,16,道路上,その他,施錠せず,なし
窃盗,車上ねらい,姫路,姫路駅前,282014,兵庫県,姫路市,東駅前町,2020/10/16,11,４階建て以上共同住宅,駐車（輪）場,施錠せず,なし
窃盗,車上ねらい,姫路,姫路駅前,282014,兵庫県,姫路市,東駅前町,2020/12/25,18,その他,駐車（輪）場,施錠せず,なし
窃盗,車上ねらい,姫路,姫路駅南,282014,兵庫県,姫路市,三左衛門堀西の町,2020/1/9,16,その他,その他,施錠せず,なし
窃盗,車上ねらい,姫路,姫路駅南,282014,兵庫県,姫路市,阿保,2020/10/12,3,その他,駐車（輪）場,施錠せず,なし
窃盗,車上ねらい,姫路,姫路駅南,282014,兵庫県,姫路市,駅前町,2020/10/31,18,その他,駐車（輪）場,施錠せず,なし
窃盗,車上ねらい,姫路,姫路駅南,282014,兵庫県,姫路市,佃町,2020/8/7,15,駐車（輪）場,駐車（輪）場,施錠せず,あり
窃盗,車上ねらい,姫路,姫路駅南,282014,兵庫県,姫路市,豊沢町,2020/5/12,7,その他,その他,施錠せず,なし
窃盗,車上ねらい,姫路,姫路駅南,282014,兵庫県,姫路市,南畝町,2020/6/16,9,駐車（輪）場,駐車（輪）場,施錠せず,あり
窃盗,車上ねらい,姫路,姫路駅南,282014,兵庫県,姫路市,南駅前町,2020/2/25,19,駐車（輪）場,駐車（輪）場,施錠せず,あり
窃盗,車上ねらい,姫路,姫路駅南,282014,兵庫県,姫路市,南条,2020/2/18,0,その他,駐車（輪）場,施錠せず,あり
窃盗,車上ねらい,姫路,姫路駅南,282014,兵庫県,姫路市,南条,2020/2/23,4,駐車（輪）場,駐車（輪）場,施錠せず,あり
窃盗,車上ねらい,姫路,姫路駅南,282014,兵庫県,姫路市,南条１丁目,2020/1/14,1,駐車（輪）場,駐車（輪）場,施錠せず,あり
窃盗,車上ねらい,姫路,姫路駅南,282014,兵庫県,姫路市,北条宮の町,2020/4/15,22,その他,駐車（輪）場,施錠せず,あり
窃盗,車上ねらい,姫路,城南,282014,兵庫県,姫路市,米田町,2020/3/7,18,道路上,その他,施錠せず,なし
窃盗,車上ねらい,姫路,城南,282014,兵庫県,姫路市,魚町,2020/6/9,4,道路上,その他,施錠せず,なし
窃盗,車上ねらい,姫路,城南,282014,兵庫県,姫路市,塩町,2020/10/20,8,駐車（輪）場,駐車（輪）場,施錠せず,あり
窃盗,車上ねらい,姫路,京口,282014,兵庫県,姫路市,城東町,2020/7/10,18,その他,その他,施錠せず,なし
窃盗,車上ねらい,姫路,京口,282014,兵庫県,姫路市,城東町,2020/11/19,11,その他,駐車（輪）場,施錠せず,あり
窃盗,車上ねらい,姫路,京口,282014,兵庫県,姫路市,城東町毘沙門,2020/12/19,17,４階建て以上共同住宅,駐車（輪）場,施錠せず,あり
窃盗,車上ねらい,姫路,天神前,282014,兵庫県,姫路市,城見町,2020/9/10,8,道路上,その他,施錠せず,あり
窃盗,車上ねらい,姫路,天神前,282014,兵庫県,姫路市,東郷町,2020/6/1,9,その他,駐車（輪）場,施錠せず,なし
窃盗,車上ねらい,姫路,天神前,282014,兵庫県,姫路市,東郷町,2020/7/24,8,その他,駐車（輪）場,施錠せず,あり
窃盗,車上ねらい,姫路,天神前,282014,兵庫県,姫路市,東郷町,2020/10/15,14,その他,駐車（輪）場,施錠せず,なし
窃盗,車上ねらい,姫路,天神前,282014,兵庫県,姫路市,日出町２丁目,2020/10/2,9,道路上,その他,施錠せず,あり
窃盗,車上ねらい,姫路,八代,282014,兵庫県,姫路市,新在家中の町,2020/3/20,0,一戸建住宅,駐車（輪）場,施錠せず,なし
窃盗,車上ねらい,姫路,八代,282014,兵庫県,姫路市,新在家中の町,2020/6/9,8,駐車（輪）場,駐車（輪）場,施錠せず,あり
窃盗,車上ねらい,姫路,八代,282014,兵庫県,姫路市,北平野４丁目,2020/12/2,18,道路上,その他,施錠せず,なし
窃盗,車上ねらい,姫路,八代,282014,兵庫県,姫路市,北平野南の町,2020/11/10,16,その他の住宅（３階建て以下共同住宅等）,駐車（輪）場,施錠せず,あり
窃盗,車上ねらい,姫路,野里,282014,兵庫県,姫路市,梅ケ枝町,2020/5/25,11,駐車（輪）場,駐車（輪）場,施錠せず,あり
窃盗,車上ねらい,姫路,野里,282014,兵庫県,姫路市,野里,2020/1/10,12,その他,駐車（輪）場,施錠せず,なし
窃盗,車上ねらい,姫路,野里,282014,兵庫県,姫路市,八代,2020/1/6,14,その他,駐車（輪）場,施錠せず,あり
窃盗,車上ねらい,姫路,野里駅前,282014,兵庫県,姫路市,増位新町１丁目,2020/1/6,18,その他,駐車（輪）場,施錠せず,あり
窃盗,車上ねらい,姫路,野里駅前,282014,兵庫県,姫路市,野里,2020/11/28,9,その他,その他,施錠せず,あり
窃盗,車上ねらい,姫路,野里駅前,282014,兵庫県,姫路市,船丘町,2020/5/15,18,駐車（輪）場,駐車（輪）場,施錠せず,あり
窃盗,車上ねらい,姫路,野里駅前,282014,兵庫県,姫路市,保城,2020/2/4,11,一戸建住宅,その他,施錠せず,あり
窃盗,車上ねらい,姫路,野里駅前,282014,兵庫県,姫路市,保城,2020/5/20,19,４階建て以上共同住宅,駐車（輪）場,施錠せず,なし
窃盗,車上ねらい,姫路,岡町,282014,兵庫県,姫路市,嵐山町,2020/3/22,0,その他,駐車（輪）場,施錠せず,あり
窃盗,車上ねらい,姫路,岡町,282014,兵庫県,姫路市,琴岡町,2020/4/5,14,駐車（輪）場,駐車（輪）場,施錠せず,あり
窃盗,車上ねらい,姫路,岡町,282014,兵庫県,姫路市,柳町,2019/12/16,13,一戸建住宅,駐車（輪）場,施錠せず,あり
窃盗,車上ねらい,姫路,花田,282014,兵庫県,姫路市,花田町小川,2020/11/20,17,４階建て以上共同住宅,その他,施錠せず,あり
窃盗,車上ねらい,姫路,八重畑,282014,兵庫県,姫路市,飾東町小原,2020/7/23,6,駐車（輪）場,駐車（輪）場,施錠せず,あり
窃盗,車上ねらい,姫路,八重畑,282014,兵庫県,姫路市,飾東町八重畑,2020/3/19,13,駐車（輪）場,駐車（輪）場,施錠せず,あり
窃盗,車上ねらい,姫路,豊富,282014,兵庫県,姫路市,豊富町神谷,2020/4/18,18,道路上,その他,施錠せず,あり
窃盗,車上ねらい,姫路,船津,282014,兵庫県,姫路市,船津町,2020/12/23,14,道路上,その他,施錠せず,あり
窃盗,車上ねらい,姫路,飾西,282014,兵庫県,姫路市,青山４丁目,2020/1/26,8,その他,駐車（輪）場,施錠せず,あり
窃盗,車上ねらい,姫路,飾西,282014,兵庫県,姫路市,青山北１丁目,2019/11/21,8,駐車（輪）場,駐車（輪）場,施錠せず,なし
窃盗,車上ねらい,姫路,飾西,282014,兵庫県,姫路市,青山北１丁目,2020/1/17,16,その他,駐車（輪）場,施錠せず,なし
窃盗,車上ねらい,姫路,田寺,282014,兵庫県,姫路市,辻井６丁目,2020/4/15,1,駐車（輪）場,駐車（輪）場,施錠せず,あり
窃盗,車上ねらい,姫路,田寺,282014,兵庫県,姫路市,御立中２丁目,2020/4/11,9,その他,駐車（輪）場,施錠せず,なし
窃盗,車上ねらい,姫路,書写,282014,兵庫県,姫路市,書写,2020/2/29,11,駐車（輪）場,駐車（輪）場,施錠せず,あり
窃盗,車上ねらい,姫路,書写,282014,兵庫県,姫路市,書写,2020/8/25,18,一戸建住宅,駐車（輪）場,施錠せず,なし
窃盗,車上ねらい,姫路,山之内,282014,兵庫県,姫路市,夢前町山之内,2020/12/7,9,その他,その他,施錠せず,あり
窃盗,車上ねらい,姫路,林田,282014,兵庫県,姫路市,林田町六九谷,2020/6/19,14,道路上,その他,施錠せず,あり
窃盗,車上ねらい,姫路,香寺,282014,兵庫県,姫路市,香寺町恒屋,2020/10/26,16,一戸建住宅,駐車（輪）場,施錠せず,なし
窃盗,車上ねらい,姫路,香寺,282014,兵庫県,姫路市,香寺町中寺,2020/6/17,18,一戸建住宅,駐車（輪）場,施錠せず,あり
窃盗,車上ねらい,姫路,香寺,282014,兵庫県,姫路市,香寺町中寺,2020/10/23,15,一戸建住宅,駐車（輪）場,施錠せず,あり
窃盗,車上ねらい,姫路,香寺,282014,兵庫県,姫路市,香寺町中寺,2020/10/24,19,一戸建住宅,駐車（輪）場,施錠せず,あり
窃盗,車上ねらい,姫路,香寺,282014,兵庫県,姫路市,香寺町土師,2020/5/11,18,一戸建住宅,駐車（輪）場,施錠せず,なし
窃盗,車上ねらい,姫路,香寺,282014,兵庫県,姫路市,香寺町土師,2020/5/14,14,一戸建住宅,駐車（輪）場,施錠せず,あり
窃盗,車上ねらい,姫路,香寺,282014,兵庫県,姫路市,香寺町土師,2020/10/20,17,一戸建住宅,駐車（輪）場,施錠せず,なし
窃盗,車上ねらい,姫路,香寺,282014,兵庫県,姫路市,香寺町溝口,2020/8/4,18,一戸建住宅,駐車（輪）場,施錠せず,あり
窃盗,車上ねらい,姫路,香寺,282014,兵庫県,姫路市,香寺町溝口,2020/8/10,22,一戸建住宅,駐車（輪）場,施錠せず,あり
窃盗,車上ねらい,姫路,香寺,282014,兵庫県,姫路市,香寺町溝口,2020/9/29,19,一戸建住宅,駐車（輪）場,施錠せず,あり
窃盗,車上ねらい,姫路,香寺,282014,兵庫県,姫路市,香寺町溝口,2020/10/5,7,一戸建住宅,駐車（輪）場,施錠せず,あり
窃盗,車上ねらい,姫路,香寺,282014,兵庫県,姫路市,香寺町溝口,2020/10/7,13,一戸建住宅,駐車（輪）場,施錠せず,あり
窃盗,車上ねらい,飾磨,大塩,282014,兵庫県,姫路市,大塩町,2020/11/5,1,その他,駐車（輪）場,施錠せず,なし
窃盗,車上ねらい,飾磨,東山,282014,兵庫県,姫路市,東山,2020/3/6,10,その他,駐車（輪）場,施錠せず,あり
窃盗,車上ねらい,飾磨,白浜,282014,兵庫県,姫路市,白浜町,2020/1/15,9,その他,駐車（輪）場,施錠せず,なし
窃盗,車上ねらい,飾磨,白浜,282014,兵庫県,姫路市,白浜町,2020/4/21,17,駐車（輪）場,駐車（輪）場,施錠せず,なし
窃盗,車上ねらい,飾磨,白浜,282014,兵庫県,姫路市,白浜町,2020/6/6,22,その他,駐車（輪）場,施錠せず,なし
窃盗,車上ねらい,飾磨,白浜,282014,兵庫県,姫路市,白浜町,2020/7/28,14,道路上,その他,施錠せず,なし
窃盗,車上ねらい,飾磨,飾磨東,282014,兵庫県,姫路市,飾磨区上野田３丁目,2020/5/15,16,その他の住宅（３階建て以下共同住宅等）,駐車（輪）場,施錠せず,あり
窃盗,車上ねらい,飾磨,飾磨東,282014,兵庫県,姫路市,飾磨区上野田６丁目,2020/7/29,8,道路上,その他,施錠せず,なし
窃盗,車上ねらい,飾磨,飾磨東,282014,兵庫県,姫路市,飾磨区下野田２丁目,2020/1/12,20,一戸建住宅,駐車（輪）場,施錠せず,なし
窃盗,車上ねらい,飾磨,飾磨東,282014,兵庫県,姫路市,飾磨区下野田４丁目,2020/1/25,17,一戸建住宅,駐車（輪）場,施錠せず,あり
窃盗,車上ねらい,飾磨,飾磨東,282014,兵庫県,姫路市,飾磨区中野田１丁目,2020/7/10,10,その他,駐車（輪）場,施錠せず,なし
窃盗,車上ねらい,飾磨,飾磨東,282014,兵庫県,姫路市,飾磨区阿成植木,2020/1/6,13,その他,その他,施錠せず,あり
窃盗,車上ねらい,飾磨,飾磨東,282014,兵庫県,姫路市,飾磨区阿成植木,2020/1/13,9,その他,その他,施錠せず,なし
窃盗,車上ねらい,飾磨,飾磨東,282014,兵庫県,姫路市,飾磨区阿成植木,2020/1/16,19,その他,駐車（輪）場,施錠せず,あり
窃盗,車上ねらい,飾磨,飾磨東,282014,兵庫県,姫路市,飾磨区阿成植木,2020/7/19,10,その他,その他,施錠せず,あり
窃盗,車上ねらい,飾磨,清水,282014,兵庫県,姫路市,飾磨区恵美酒,2020/2/4,18,道路上,その他,施錠せず,あり
窃盗,車上ねらい,飾磨,清水,282014,兵庫県,姫路市,飾磨区都倉２丁目,2020/8/25,8,道路上,その他,施錠せず,あり
窃盗,車上ねらい,飾磨,清水,282014,兵庫県,姫路市,飾磨区三宅３丁目,2020/5/30,11,道路上,その他,施錠せず,なし
窃盗,車上ねらい,飾磨,清水,282014,兵庫県,姫路市,飾磨区三宅３丁目,2020/8/27,10,道路上,その他,施錠せず,なし
窃盗,車上ねらい,飾磨,宮,282014,兵庫県,姫路市,飾磨区御幸,2020/10/1,12,その他,その他,施錠せず,あり
窃盗,車上ねらい,飾磨,宮,282014,兵庫県,姫路市,飾磨区細江,2020/1/27,21,駐車（輪）場,駐車（輪）場,施錠せず,なし
窃盗,車上ねらい,飾磨,思案橋,282014,兵庫県,姫路市,飾磨区今在家２丁目,2020/3/8,11,道路上,その他,施錠せず,あり
窃盗,車上ねらい,飾磨,思案橋,282014,兵庫県,姫路市,飾磨区今在家２丁目,2020/11/19,10,駐車（輪）場,駐車（輪）場,施錠せず,なし
窃盗,車上ねらい,飾磨,思案橋,282014,兵庫県,姫路市,飾磨区構,2020/7/11,14,その他,駐車（輪）場,施錠せず,なし
窃盗,車上ねらい,飾磨,思案橋,282014,兵庫県,姫路市,飾磨区構２丁目,2020/10/23,17,その他,駐車（輪）場,施錠せず,あり
窃盗,車上ねらい,飾磨,思案橋,282014,兵庫県,姫路市,飾磨区構４丁目,2020/3/16,13,その他,駐車（輪）場,施錠せず,なし
窃盗,車上ねらい,飾磨,思案橋,282014,兵庫県,姫路市,飾磨区加茂,2020/6/10,10,駐車（輪）場,駐車（輪）場,施錠せず,あり
窃盗,車上ねらい,飾磨,思案橋,282014,兵庫県,姫路市,飾磨区今在家北１丁目,2020/5/3,10,その他,その他,施錠せず,なし
窃盗,車上ねらい,飾磨,思案橋,282014,兵庫県,姫路市,飾磨区今在家北１丁目,2020/8/18,17,その他,その他,施錠せず,なし
窃盗,車上ねらい,飾磨,英賀保駅前,282014,兵庫県,姫路市,飾磨区英賀西町３丁目,2020/9/24,14,その他,その他,施錠せず,あり
窃盗,車上ねらい,飾磨,英賀保駅前,282014,兵庫県,姫路市,飾磨区英賀保駅前町,2020/9/27,16,その他の住宅（３階建て以下共同住宅等）,駐車（輪）場,施錠せず,なし
窃盗,車上ねらい,飾磨,英賀保駅前,282014,兵庫県,姫路市,飾磨区城南町２丁目,2020/3/2,12,その他,駐車（輪）場,施錠せず,なし
窃盗,車上ねらい,飾磨,英賀保駅前,282014,兵庫県,姫路市,飾磨区付城１丁目,2020/6/19,20,その他の住宅（３階建て以下共同住宅等）,駐車（輪）場,施錠せず,あり
窃盗,車上ねらい,飾磨,英賀保駅前,282014,兵庫県,姫路市,飾磨区山崎,2020/6/6,9,道路上,その他,施錠せず,なし
窃盗,車上ねらい,飾磨,手柄,282014,兵庫県,姫路市,飯田,2020/3/22,18,駐車（輪）場,駐車（輪）場,施錠せず,なし
窃盗,車上ねらい,飾磨,手柄,282014,兵庫県,姫路市,飯田１丁目,2020/2/2,20,道路上,その他,施錠せず,なし
窃盗,車上ねらい,飾磨,手柄,282014,兵庫県,姫路市,亀山,2020/4/10,14,その他,駐車（輪）場,施錠せず,なし
窃盗,車上ねらい,飾磨,手柄,282014,兵庫県,姫路市,亀山１丁目,2020/8/18,19,その他,駐車（輪）場,施錠せず,なし
窃盗,車上ねらい,飾磨,手柄,282014,兵庫県,姫路市,栗山町,2020/6/16,9,その他の住宅（３階建て以下共同住宅等）,駐車（輪）場,施錠せず,あり
窃盗,車上ねらい,飾磨,手柄,282014,兵庫県,姫路市,栗山町,2020/8/19,19,４階建て以上共同住宅,駐車（輪）場,施錠せず,あり
窃盗,車上ねらい,飾磨,手柄,282014,兵庫県,姫路市,手柄,2020/1/10,19,駐車（輪）場,駐車（輪）場,施錠せず,なし
窃盗,車上ねらい,飾磨,手柄,282014,兵庫県,姫路市,手柄,2020/1/11,0,その他の住宅（３階建て以下共同住宅等）,駐車（輪）場,施錠せず,あり
窃盗,車上ねらい,飾磨,手柄,282014,兵庫県,姫路市,西延末,2020/6/15,13,その他,駐車（輪）場,施錠せず,あり
窃盗,車上ねらい,飾磨,今宿,282014,兵庫県,姫路市,西今宿２丁目,2020/1/26,16,駐車（輪）場,駐車（輪）場,施錠せず,あり
窃盗,車上ねらい,飾磨,今宿,282014,兵庫県,姫路市,東今宿３丁目,2020/3/25,19,駐車（輪）場,駐車（輪）場,施錠せず,なし
窃盗,車上ねらい,飾磨,今宿,282014,兵庫県,姫路市,神子岡前３丁目,2020/2/28,19,その他,駐車（輪）場,施錠せず,なし
窃盗,車上ねらい,飾磨,今宿,282014,兵庫県,姫路市,山吹２丁目,2020/12/20,17,その他の住宅（３階建て以下共同住宅等）,駐車（輪）場,施錠せず,あり
窃盗,車上ねらい,飾磨,今宿,284467,兵庫県,神河町,福本,2020/7/28,12,その他,その他,施錠せず,あり
窃盗,車上ねらい,飾磨,御国野,282014,兵庫県,姫路市,四郷町見野,2014/12/10,12,一戸建住宅,駐車（輪）場,施錠せず,なし
窃盗,車上ねらい,飾磨,御国野,282014,兵庫県,姫路市,四郷町山脇,2020/3/25,16,駐車（輪）場,駐車（輪）場,施錠せず,あり
窃盗,車上ねらい,飾磨,井ノ口,282014,兵庫県,姫路市,中地南町,2020/7/21,19,その他,駐車（輪）場,施錠せず,なし
窃盗,車上ねらい,飾磨,井ノ口,282014,兵庫県,姫路市,町坪,2020/12/26,15,道路上,その他,施錠せず,あり
窃盗,車上ねらい,飾磨,井ノ口,282014,兵庫県,姫路市,苫編,2020/4/17,15,その他,その他,施錠せず,あり
窃盗,車上ねらい,飾磨,井ノ口,282014,兵庫県,姫路市,玉手３丁目,2020/7/28,21,その他,駐車（輪）場,施錠せず,なし
窃盗,車上ねらい,網干,,282014,兵庫県,姫路市,大津区長松,2019/12/1,7,一戸建住宅,駐車（輪）場,施錠せず,なし
窃盗,車上ねらい,網干,,282014,兵庫県,姫路市,大津区西土井,2018/7/1,20,その他,駐車（輪）場,施錠せず,なし
窃盗,車上ねらい,網干,新在家,282014,兵庫県,姫路市,網干区新在家,2020/3/2,16,その他,駐車（輪）場,施錠せず,あり
窃盗,車上ねらい,網干,本町,282014,兵庫県,姫路市,網干区興浜,2020/1/10,12,一戸建住宅,その他,施錠せず,あり
窃盗,車上ねらい,網干,本町,282014,兵庫県,姫路市,網干区興浜,2020/7/21,8,道路上,その他,施錠せず,なし
窃盗,車上ねらい,網干,浜田,282014,兵庫県,姫路市,網干区浜田,2020/8/31,16,道路上,その他,施錠せず,なし
窃盗,車上ねらい,網干,東芝前,282014,兵庫県,姫路市,網干区福井,2020/11/11,15,道路上,その他,施錠せず,あり
窃盗,車上ねらい,網干,網干駅前,282014,兵庫県,姫路市,網干区坂上,2020/5/27,11,その他,その他,施錠せず,なし
窃盗,車上ねらい,網干,網干駅前,282014,兵庫県,姫路市,網干区坂出,2020/7/1,23,一戸建住宅,駐車（輪）場,施錠せず,あり
窃盗,車上ねらい,網干,網干駅前,282014,兵庫県,姫路市,勝原区朝日谷,2020/12/21,22,一戸建住宅,駐車（輪）場,施錠せず,なし
窃盗,車上ねらい,網干,勝原,282014,兵庫県,姫路市,勝原区熊見,2020/1/16,18,その他,駐車（輪）場,施錠せず,なし
窃盗,車上ねらい,網干,勝原,282014,兵庫県,姫路市,勝原区宮田,2020/2/3,21,４階建て以上共同住宅,駐車（輪）場,施錠せず,あり
窃盗,車上ねらい,網干,勝原,282014,兵庫県,姫路市,勝原区山戸,2020/12/14,11,その他,駐車（輪）場,施錠せず,あり
窃盗,車上ねらい,網干,天満,282014,兵庫県,姫路市,大津区大津町２丁目,2020/9/26,11,その他,駐車（輪）場,施錠せず,なし
窃盗,車上ねらい,網干,天満,282014,兵庫県,姫路市,大津区天満,2018/4/1,18,一戸建住宅,駐車（輪）場,施錠せず,なし
窃盗,車上ねらい,網干,天満,282014,兵庫県,姫路市,大津区天満,2020/6/16,18,４階建て以上共同住宅,駐車（輪）場,施錠せず,あり
窃盗,車上ねらい,網干,天満,282014,兵庫県,姫路市,大津区天満,2020/10/1,18,一戸建住宅,駐車（輪）場,施錠せず,あり
窃盗,車上ねらい,網干,吉美,282014,兵庫県,姫路市,大津区天神町２丁目,2020/1/15,19,その他,その他,施錠せず,あり
窃盗,車上ねらい,網干,広畑,282014,兵庫県,姫路市,広畑区吾妻町３丁目,2020/6/21,11,その他,駐車（輪）場,施錠せず,なし
窃盗,車上ねらい,網干,広畑,282014,兵庫県,姫路市,広畑区長町２丁目,2020/9/18,18,その他,駐車（輪）場,施錠せず,なし
窃盗,車上ねらい,網干,広畑,282014,兵庫県,姫路市,広畑区夢前町１丁目,2020/4/13,14,その他,駐車（輪）場,施錠せず,なし
窃盗,車上ねらい,福崎,福崎駅前,284432,兵庫県,福崎町,西治,2020/5/30,8,その他,その他,施錠せず,あり
窃盗,車上ねらい,福崎,福崎東,284432,兵庫県,福崎町,八千種,2020/9/15,17,道路上,その他,施錠せず,あり
窃盗,車上ねらい,福崎,福崎東,284432,兵庫県,福崎町,八千種,2020/5/7,14,駐車（輪）場,駐車（輪）場,施錠せず,あり
窃盗,車上ねらい,福崎,福崎東,284432,兵庫県,福崎町,八千種,2020/8/14,13,その他,その他,施錠せず,あり
窃盗,車上ねらい,福崎,越知谷,284467,兵庫県,神河町,岩屋,2020/12/23,13,その他,駐車（輪）場,施錠せず,あり
窃盗,車上ねらい,福崎,越知谷,284467,兵庫県,神河町,根宇野,2020/6/6,19,道路上,その他,施錠せず,あり
窃盗,車上ねらい,福崎,市川,284424,兵庫県,市川町,屋形,2020/3/17,21,その他,駐車（輪）場,施錠せず,あり
窃盗,車上ねらい,たつの,大手,282294,兵庫県,たつの市,龍野町上川原,2018/4/1,19,駐車（輪）場,駐車（輪）場,施錠せず,なし
窃盗,車上ねらい,たつの,大手,282294,兵庫県,たつの市,龍野町上川原,2018/10/23,12,駐車（輪）場,駐車（輪）場,施錠せず,なし
窃盗,車上ねらい,たつの,大手,282294,兵庫県,たつの市,龍野町川原町,2018/6/1,18,その他,駐車（輪）場,施錠せず,なし
窃盗,車上ねらい,たつの,大手,282294,兵庫県,たつの市,龍野町川原町,2018/10/1,16,その他,駐車（輪）場,施錠せず,なし
窃盗,車上ねらい,たつの,大手,282294,兵庫県,たつの市,龍野町川原町,2018/10/10,0,駐車（輪）場,駐車（輪）場,施錠せず,なし
窃盗,車上ねらい,たつの,大手,282294,兵庫県,たつの市,龍野町川原町,2019/4/1,16,道路上,その他,施錠せず,なし
窃盗,車上ねらい,たつの,大手,282294,兵庫県,たつの市,龍野町川原町,2019/12/1,17,駐車（輪）場,駐車（輪）場,施錠せず,なし
窃盗,車上ねらい,たつの,大手,282294,兵庫県,たつの市,龍野町下川原,2019/3/1,19,一戸建住宅,駐車（輪）場,施錠せず,なし
窃盗,車上ねらい,たつの,大手,282294,兵庫県,たつの市,龍野町立町,2015/4/1,18,駐車（輪）場,駐車（輪）場,施錠せず,なし
窃盗,車上ねらい,たつの,大手,282294,兵庫県,たつの市,龍野町立町,2019/12/1,18,駐車（輪）場,駐車（輪）場,施錠せず,なし
窃盗,車上ねらい,たつの,大手,282294,兵庫県,たつの市,龍野町日山,2018/7/21,16,その他,駐車（輪）場,施錠せず,なし
窃盗,車上ねらい,たつの,大手,282294,兵庫県,たつの市,龍野町日山,2019/4/21,15,その他,駐車（輪）場,施錠せず,なし
窃盗,車上ねらい,たつの,大手,282294,兵庫県,たつの市,龍野町日山,2019/5/1,15,その他,駐車（輪）場,施錠せず,なし
窃盗,車上ねらい,たつの,大手,282294,兵庫県,たつの市,龍野町本町,2019/6/1,14,その他,駐車（輪）場,施錠せず,なし
窃盗,車上ねらい,たつの,大手,282294,兵庫県,たつの市,龍野町本町,2019/10/1,10,その他,駐車（輪）場,施錠せず,なし
窃盗,車上ねらい,たつの,本龍野駅前,282294,兵庫県,たつの市,揖保川町黍田,2019/2/13,19,駐車（輪）場,駐車（輪）場,施錠せず,なし
窃盗,車上ねらい,たつの,本龍野駅前,282294,兵庫県,たつの市,龍野町旭町,2019/6/1,16,一戸建住宅,駐車（輪）場,施錠せず,なし
窃盗,車上ねらい,たつの,本龍野駅前,282294,兵庫県,たつの市,龍野町旭町,2019/10/1,16,一戸建住宅,駐車（輪）場,施錠せず,なし
窃盗,車上ねらい,たつの,本龍野駅前,282294,兵庫県,たつの市,龍野町片山,2018/8/1,0,一戸建住宅,駐車（輪）場,施錠せず,なし
窃盗,車上ねらい,たつの,本龍野駅前,282294,兵庫県,たつの市,龍野町片山,2019/5/1,19,一戸建住宅,駐車（輪）場,施錠せず,なし
窃盗,車上ねらい,たつの,本龍野駅前,282294,兵庫県,たつの市,龍野町片山,2019/10/1,18,一戸建住宅,駐車（輪）場,施錠せず,なし
窃盗,車上ねらい,たつの,本龍野駅前,282294,兵庫県,たつの市,龍野町島田,2019/5/1,18,一戸建住宅,駐車（輪）場,施錠せず,なし
窃盗,車上ねらい,たつの,本龍野駅前,282294,兵庫県,たつの市,龍野町大道,2019/7/1,18,一戸建住宅,駐車（輪）場,施錠せず,なし
窃盗,車上ねらい,たつの,本龍野駅前,282294,兵庫県,たつの市,龍野町大道,2019/9/1,18,一戸建住宅,駐車（輪）場,施錠せず,なし
窃盗,車上ねらい,たつの,本龍野駅前,282294,兵庫県,たつの市,龍野町堂本,2018/10/1,17,その他の住宅（３階建て以下共同住宅等）,駐車（輪）場,施錠せず,なし
窃盗,車上ねらい,たつの,本龍野駅前,282294,兵庫県,たつの市,龍野町堂本,2019/4/1,16,その他,駐車（輪）場,施錠せず,なし
窃盗,車上ねらい,たつの,本龍野駅前,282294,兵庫県,たつの市,龍野町堂本,2019/9/1,18,一戸建住宅,駐車（輪）場,施錠せず,なし
窃盗,車上ねらい,たつの,本龍野駅前,282294,兵庫県,たつの市,龍野町堂本,2020/1/25,18,その他,駐車（輪）場,施錠せず,なし
窃盗,車上ねらい,たつの,本龍野駅前,282294,兵庫県,たつの市,龍野町堂本,2020/3/17,13,駐車（輪）場,駐車（輪）場,施錠せず,あり
窃盗,車上ねらい,たつの,本龍野駅前,282294,兵庫県,たつの市,龍野町富永,2017/8/1,18,一戸建住宅,駐車（輪）場,施錠せず,なし
窃盗,車上ねらい,たつの,本龍野駅前,282294,兵庫県,たつの市,龍野町富永,2018/1/20,14,その他,駐車（輪）場,施錠せず,なし
窃盗,車上ねらい,たつの,本龍野駅前,282294,兵庫県,たつの市,龍野町富永,2018/5/1,18,その他,駐車（輪）場,施錠せず,なし
窃盗,車上ねらい,たつの,本龍野駅前,282294,兵庫県,たつの市,龍野町富永,2018/6/10,18,駐車（輪）場,駐車（輪）場,施錠せず,なし
窃盗,車上ねらい,たつの,本龍野駅前,282294,兵庫県,たつの市,龍野町富永,2018/11/1,18,駐車（輪）場,駐車（輪）場,施錠せず,なし
窃盗,車上ねらい,たつの,本龍野駅前,282294,兵庫県,たつの市,龍野町富永,2018/12/1,16,一戸建住宅,駐車（輪）場,施錠せず,なし
窃盗,車上ねらい,たつの,本龍野駅前,282294,兵庫県,たつの市,龍野町富永,2019/4/1,18,駐車（輪）場,駐車（輪）場,施錠せず,なし
窃盗,車上ねらい,たつの,本龍野駅前,282294,兵庫県,たつの市,龍野町富永,2019/5/1,18,駐車（輪）場,駐車（輪）場,施錠せず,なし
窃盗,車上ねらい,たつの,本龍野駅前,282294,兵庫県,たつの市,龍野町富永,2019/6/1,19,その他,駐車（輪）場,施錠せず,なし
窃盗,車上ねらい,たつの,本龍野駅前,282294,兵庫県,たつの市,龍野町富永,2019/7/1,0,一戸建住宅,駐車（輪）場,施錠せず,なし
窃盗,車上ねらい,たつの,本龍野駅前,282294,兵庫県,たつの市,龍野町富永,2019/7/1,0,その他,駐車（輪）場,施錠せず,なし
窃盗,車上ねらい,たつの,本龍野駅前,282294,兵庫県,たつの市,龍野町富永,2019/8/20,16,駐車（輪）場,駐車（輪）場,施錠せず,なし
窃盗,車上ねらい,たつの,本龍野駅前,282294,兵庫県,たつの市,龍野町富永,2019/9/1,0,その他,駐車（輪）場,施錠せず,なし
窃盗,車上ねらい,たつの,本龍野駅前,282294,兵庫県,たつの市,龍野町富永,2019/10/1,16,その他,駐車（輪）場,施錠せず,なし
窃盗,車上ねらい,たつの,本龍野駅前,282294,兵庫県,たつの市,龍野町富永,2019/12/1,15,駐車（輪）場,駐車（輪）場,施錠せず,なし
窃盗,車上ねらい,たつの,本龍野駅前,282294,兵庫県,たつの市,龍野町富永,2019/12/2,18,その他,駐車（輪）場,施錠せず,なし
窃盗,車上ねらい,たつの,本龍野駅前,282294,兵庫県,たつの市,龍野町富永,2019/12/24,18,その他,駐車（輪）場,施錠せず,なし
窃盗,車上ねらい,たつの,本龍野駅前,282294,兵庫県,たつの市,龍野町中村,2019/4/1,7,駐車（輪）場,駐車（輪）場,施錠せず,なし
窃盗,車上ねらい,たつの,本龍野駅前,282294,兵庫県,たつの市,龍野町中村,2019/10/1,17,一戸建住宅,駐車（輪）場,施錠せず,なし
窃盗,車上ねらい,たつの,本龍野駅前,282294,兵庫県,たつの市,龍野町中村,2019/11/9,7,駐車（輪）場,駐車（輪）場,施錠せず,なし
窃盗,車上ねらい,たつの,本龍野駅前,282294,兵庫県,たつの市,誉田町上沖,2019/5/1,16,一戸建住宅,駐車（輪）場,施錠せず,なし
窃盗,車上ねらい,たつの,大住寺,282294,兵庫県,たつの市,神岡町大住寺,2019/8/1,0,一戸建住宅,駐車（輪）場,施錠せず,なし
窃盗,車上ねらい,たつの,大住寺,282294,兵庫県,たつの市,神岡町大住寺,2020/10/20,10,その他,その他,施錠せず,なし
窃盗,車上ねらい,たつの,大住寺,282294,兵庫県,たつの市,神岡町東觜崎,2019/11/21,11,駐車（輪）場,駐車（輪）場,施錠せず,なし
窃盗,車上ねらい,たつの,誉田,282294,兵庫県,たつの市,誉田町福田,2019/7/1,19,一戸建住宅,駐車（輪）場,施錠せず,なし
窃盗,車上ねらい,たつの,西構,282294,兵庫県,たつの市,揖保川町黍田,2019/3/11,12,その他,駐車（輪）場,施錠せず,なし
窃盗,車上ねらい,たつの,西構,282294,兵庫県,たつの市,揖保町西構,2018/10/1,16,一戸建住宅,駐車（輪）場,施錠せず,なし
窃盗,車上ねらい,たつの,西構,282294,兵庫県,たつの市,揖保町西構,2019/11/1,16,一戸建住宅,駐車（輪）場,施錠せず,なし
窃盗,車上ねらい,たつの,西構,282294,兵庫県,たつの市,揖保町山下,2018/10/1,18,一戸建住宅,駐車（輪）場,施錠せず,なし
窃盗,車上ねらい,たつの,西構,282294,兵庫県,たつの市,揖保町山下,2018/11/1,18,一戸建住宅,駐車（輪）場,施錠せず,なし
窃盗,車上ねらい,たつの,中垣内,282294,兵庫県,たつの市,揖西町芦原台,2013/7/1,18,一戸建住宅,駐車（輪）場,施錠せず,なし
窃盗,車上ねらい,たつの,中垣内,282294,兵庫県,たつの市,揖西町清水,2019/7/1,18,一戸建住宅,その他,施錠せず,なし
窃盗,車上ねらい,たつの,中垣内,282294,兵庫県,たつの市,揖西町中垣内,2019/7/1,17,駐車（輪）場,駐車（輪）場,施錠せず,なし
窃盗,車上ねらい,たつの,住吉,282294,兵庫県,たつの市,揖西町前地,2019/7/1,16,一戸建住宅,駐車（輪）場,施錠せず,なし
窃盗,車上ねらい,たつの,住吉,282294,兵庫県,たつの市,揖西町住吉,2019/6/1,0,一戸建住宅,駐車（輪）場,施錠せず,なし
窃盗,車上ねらい,たつの,住吉,282294,兵庫県,たつの市,揖西町長尾,2020/6/7,14,一戸建住宅,駐車（輪）場,施錠せず,あり
窃盗,車上ねらい,たつの,住吉,282294,兵庫県,たつの市,揖西町土師,2019/10/1,0,一戸建住宅,駐車（輪）場,施錠せず,なし
窃盗,車上ねらい,たつの,住吉,282294,兵庫県,たつの市,揖西町土師,2020/2/22,9,その他の住宅（３階建て以下共同住宅等）,駐車（輪）場,施錠せず,あり
窃盗,車上ねらい,たつの,住吉,282294,兵庫県,たつの市,揖西町土師１丁目,2018/4/1,18,一戸建住宅,駐車（輪）場,施錠せず,なし
窃盗,車上ねらい,たつの,住吉,282294,兵庫県,たつの市,揖西町土師１丁目,2019/4/1,18,一戸建住宅,駐車（輪）場,施錠せず,なし
窃盗,車上ねらい,たつの,住吉,282294,兵庫県,たつの市,揖西町土師１丁目,2019/6/1,18,一戸建住宅,駐車（輪）場,施錠せず,なし
窃盗,車上ねらい,たつの,住吉,282294,兵庫県,たつの市,揖西町土師１丁目,2019/8/20,18,一戸建住宅,駐車（輪）場,施錠せず,なし
窃盗,車上ねらい,たつの,住吉,282294,兵庫県,たつの市,揖西町土師４丁目,2019/6/1,0,一戸建住宅,駐車（輪）場,施錠せず,なし
窃盗,車上ねらい,たつの,住吉,282294,兵庫県,たつの市,揖西町南山,,,一戸建住宅,その他,施錠せず,なし
窃盗,車上ねらい,たつの,住吉,282294,兵庫県,たつの市,揖西町南山,2019/3/1,19,一戸建住宅,駐車（輪）場,施錠せず,なし
窃盗,車上ねらい,たつの,住吉,282294,兵庫県,たつの市,揖西町南山,2019/6/1,19,一戸建住宅,駐車（輪）場,施錠せず,なし
窃盗,車上ねらい,たつの,住吉,282294,兵庫県,たつの市,揖西町南山,2019/10/1,18,一戸建住宅,駐車（輪）場,施錠せず,なし
窃盗,車上ねらい,たつの,住吉,282294,兵庫県,たつの市,揖西町南山,2019/11/1,16,一戸建住宅,駐車（輪）場,施錠せず,なし
窃盗,車上ねらい,たつの,住吉,282294,兵庫県,たつの市,揖西町南山１丁目,2017/7/1,16,一戸建住宅,駐車（輪）場,施錠せず,なし
窃盗,車上ねらい,たつの,住吉,282294,兵庫県,たつの市,揖西町南山２丁目,2019/4/1,0,一戸建住宅,駐車（輪）場,施錠せず,なし
窃盗,車上ねらい,たつの,半田,282294,兵庫県,たつの市,揖保川町新在家,2016/6/1,18,一戸建住宅,駐車（輪）場,施錠せず,なし
窃盗,車上ねらい,たつの,半田,282294,兵庫県,たつの市,揖保川町新在家,2018/6/1,18,一戸建住宅,駐車（輪）場,施錠せず,なし
窃盗,車上ねらい,たつの,半田,282294,兵庫県,たつの市,揖保川町新在家,2019/7/1,16,一戸建住宅,駐車（輪）場,施錠せず,なし
窃盗,車上ねらい,たつの,半田,282294,兵庫県,たつの市,揖保川町養久,2019/6/1,17,一戸建住宅,駐車（輪）場,施錠せず,なし
窃盗,車上ねらい,たつの,神部,282294,兵庫県,たつの市,揖保川町神戸北山,2017/6/1,17,一戸建住宅,駐車（輪）場,施錠せず,なし
窃盗,車上ねらい,たつの,神部,282294,兵庫県,たつの市,揖保川町黍田,2018/6/18,8,駐車（輪）場,駐車（輪）場,施錠せず,なし
窃盗,車上ねらい,たつの,神部,282294,兵庫県,たつの市,揖保川町黍田,2018/7/1,7,駐車（輪）場,駐車（輪）場,施錠せず,なし
窃盗,車上ねらい,たつの,神部,282294,兵庫県,たつの市,揖保川町黍田,2018/8/1,0,一戸建住宅,駐車（輪）場,施錠せず,なし
窃盗,車上ねらい,たつの,神部,282294,兵庫県,たつの市,揖保川町黍田,2019/10/1,16,その他,駐車（輪）場,施錠せず,なし
窃盗,車上ねらい,たつの,神部,282294,兵庫県,たつの市,揖保川町正條,2018/11/1,16,その他,駐車（輪）場,施錠せず,なし
窃盗,車上ねらい,たつの,福地,284645,兵庫県,太子町,吉福,2020/5/13,13,一戸建住宅,駐車（輪）場,施錠せず,あり
窃盗,車上ねらい,たつの,斑鳩,284645,兵庫県,太子町,鵤,2018/2/1,14,その他,駐車（輪）場,施錠せず,なし
窃盗,車上ねらい,たつの,斑鳩,284645,兵庫県,太子町,鵤,2018/7/1,19,一戸建住宅,駐車（輪）場,施錠せず,なし
窃盗,車上ねらい,たつの,斑鳩,284645,兵庫県,太子町,鵤,2019/9/10,16,駐車（輪）場,駐車（輪）場,施錠せず,なし
窃盗,車上ねらい,たつの,斑鳩,284645,兵庫県,太子町,鵤,2019/12/23,14,一戸建住宅,駐車（輪）場,施錠せず,なし
窃盗,車上ねらい,たつの,斑鳩,284645,兵庫県,太子町,鵤,2020/3/6,11,道路上,その他,施錠せず,あり
窃盗,車上ねらい,たつの,斑鳩,284645,兵庫県,太子町,東南,2018/7/1,19,一戸建住宅,駐車（輪）場,施錠せず,なし
窃盗,車上ねらい,たつの,斑鳩,284645,兵庫県,太子町,東保,2015/7/1,18,一戸建住宅,駐車（輪）場,施錠せず,なし
窃盗,車上ねらい,たつの,斑鳩,284645,兵庫県,太子町,東保,2019/4/10,16,一戸建住宅,駐車（輪）場,施錠せず,なし
窃盗,車上ねらい,たつの,斑鳩,284645,兵庫県,太子町,矢田部,2020/7/30,11,その他,駐車（輪）場,施錠せず,なし
窃盗,車上ねらい,たつの,東栗栖,282294,兵庫県,たつの市,新宮町千本,2020/12/27,16,その他,その他,施錠せず,あり
窃盗,車上ねらい,相生,相生駅前,282081,兵庫県,相生市,本郷町,2020/7/6,17,駐車（輪）場,駐車（輪）場,施錠せず,あり
窃盗,車上ねらい,相生,中央通,282081,兵庫県,相生市,那波本町,2020/2/15,11,駐車（輪）場,駐車（輪）場,施錠せず,あり
窃盗,車上ねらい,相生,丘の台,282081,兵庫県,相生市,那波南本町,2020/5/25,12,その他,駐車（輪）場,施錠せず,なし
窃盗,車上ねらい,相生,上郡駅前,284815,兵庫県,赤穂郡上郡町,竹万,2020/8/8,10,その他,駐車（輪）場,施錠せず,なし
窃盗,車上ねらい,相生,上郡駅前,284815,兵庫県,赤穂郡上郡町,山野里,2020/7/3,10,その他,駐車（輪）場,施錠せず,なし
窃盗,車上ねらい,相生,中野,284815,兵庫県,赤穂郡上郡町,宿,2020/9/12,14,一戸建住宅,その他,施錠せず,あり
窃盗,車上ねらい,相生,八保,284815,兵庫県,赤穂郡上郡町,八保丙,2020/3/12,17,その他,その他,施錠せず,あり
窃盗,車上ねらい,赤穂,赤穂駅前,282120,兵庫県,赤穂市,中広,2020/5/20,19,駐車（輪）場,駐車（輪）場,施錠せず,なし
窃盗,車上ねらい,赤穂,大橋,282120,兵庫県,赤穂市,中広,2020/11/20,8,その他,駐車（輪）場,施錠せず,あり
窃盗,車上ねらい,赤穂,高雄,282120,兵庫県,赤穂市,木津,2020/4/23,13,一戸建住宅,駐車（輪）場,施錠せず,あり
窃盗,車上ねらい,赤穂,有年,282120,兵庫県,赤穂市,有年楢原,2020/5/5,13,道路上,その他,施錠せず,あり
窃盗,車上ねらい,佐用,久崎,285013,兵庫県,佐用町,家内,2020/7/12,15,その他,その他,施錠せず,あり
窃盗,車上ねらい,佐用,中島,285013,兵庫県,佐用町,安川,2020/1/13,16,一戸建住宅,駐車（輪）場,施錠せず,あり
窃盗,車上ねらい,朝来,和田山駅前,282251,兵庫県,朝来市,和田山町中,2020/3/14,13,道路上,その他,施錠せず,あり
窃盗,車上ねらい,朝来,和田山駅前,282251,兵庫県,朝来市,和田山町平野,2020/10/12,15,その他,駐車（輪）場,施錠せず,あり
窃盗,車上ねらい,朝来,和田山駅前,282251,兵庫県,朝来市,和田山町和田山,2020/2/15,0,駐車（輪）場,駐車（輪）場,施錠せず,あり
窃盗,車上ねらい,朝来,矢名瀬,282251,兵庫県,朝来市,山東町大月,2020/1/8,15,駐車（輪）場,駐車（輪）場,施錠せず,あり
窃盗,車上ねらい,朝来,矢名瀬,282251,兵庫県,朝来市,山東町滝田,2020/5/1,12,一戸建住宅,駐車（輪）場,施錠せず,あり
窃盗,車上ねらい,朝来,矢名瀬,282251,兵庫県,朝来市,山東町末歳,2020/7/24,15,その他,その他,施錠せず,あり
窃盗,車上ねらい,朝来,磯部,282251,兵庫県,朝来市,山東町大内,2020/3/31,14,その他,その他,施錠せず,あり
窃盗,車上ねらい,朝来,磯部,282251,兵庫県,朝来市,山東町金浦,2020/1/22,13,道路上,その他,施錠せず,あり
窃盗,車上ねらい,朝来,上早田,282251,兵庫県,朝来市,山東町粟鹿,2020/5/31,12,その他,駐車（輪）場,施錠せず,なし
窃盗,車上ねらい,朝来,上早田,282251,兵庫県,朝来市,山東町和賀,2020/5/18,17,駐車（輪）場,駐車（輪）場,施錠せず,あり
窃盗,車上ねらい,朝来,生野駅前,282251,兵庫県,朝来市,生野町円山,2020/1/23,14,その他,その他,施錠せず,あり
窃盗,車上ねらい,朝来,朝来,282251,兵庫県,朝来市,新井,2020/8/28,9,駐車（輪）場,駐車（輪）場,施錠せず,あり
窃盗,車上ねらい,朝来,立野,282251,兵庫県,朝来市,生野町円山,2020/4/8,14,その他,駐車（輪）場,施錠せず,なし
窃盗,車上ねらい,朝来,立野,282251,兵庫県,朝来市,立野,2020/1/8,13,道路上,その他,施錠せず,なし
窃盗,車上ねらい,朝来,青倉,282251,兵庫県,朝来市,物部,2020/5/13,15,その他,駐車（輪）場,施錠せず,なし
窃盗,車上ねらい,豊岡南,豊岡駅前,282090,兵庫県,豊岡市,大手町,2020/6/24,6,その他,駐車（輪）場,施錠せず,なし
窃盗,車上ねらい,豊岡南,豊岡駅前,282090,兵庫県,豊岡市,中央町,2020/12/18,16,道路上,その他,施錠せず,なし
窃盗,車上ねらい,豊岡南,豊岡駅前,282090,兵庫県,豊岡市,若松町,2020/2/15,0,一戸建住宅,駐車（輪）場,施錠せず,あり
窃盗,車上ねらい,豊岡南,立野,282090,兵庫県,豊岡市,昭和町,2020/6/15,11,その他,駐車（輪）場,施錠せず,なし
窃盗,車上ねらい,豊岡南,立野,282090,兵庫県,豊岡市,昭和町,2020/9/8,19,その他,駐車（輪）場,施錠せず,あり
窃盗,車上ねらい,豊岡南,下陰,282090,兵庫県,豊岡市,下陰,2020/2/17,14,その他の住宅（３階建て以下共同住宅等）,駐車（輪）場,施錠せず,あり
窃盗,車上ねらい,豊岡南,小坂,282090,兵庫県,豊岡市,出石町田多地,2020/8/19,8,その他,駐車（輪）場,施錠せず,あり
窃盗,車上ねらい,豊岡南,出合,282090,兵庫県,豊岡市,但東町小谷,2020/1/23,15,その他,その他,施錠せず,あり
窃盗,車上ねらい,豊岡南,出合,282090,兵庫県,豊岡市,但東町日殿,2020/5/22,12,その他の住宅（３階建て以下共同住宅等）,駐車（輪）場,施錠せず,あり
窃盗,車上ねらい,美方,香住駅前,285854,兵庫県,香美町,香住区香住,2020/3/12,20,その他,駐車（輪）場,施錠せず,なし
窃盗,車上ねらい,洲本,内町,282057,兵庫県,洲本市,海岸通１丁目,2020/9/29,14,その他,駐車（輪）場,施錠せず,なし
窃盗,車上ねらい,洲本,内町,282057,兵庫県,洲本市,本町５丁目,2020/2/8,0,駐車（輪）場,駐車（輪）場,施錠せず,あり
窃盗,車上ねらい,洲本,内町,282057,兵庫県,洲本市,本町５丁目,2020/6/25,3,その他,駐車（輪）場,施錠せず,なし
窃盗,車上ねらい,洲本,宇山,282057,兵庫県,洲本市,下加茂１丁目,2020/7/3,8,その他,その他,施錠せず,なし
窃盗,車上ねらい,洲本,宇山,282057,兵庫県,洲本市,物部１丁目,2020/6/2,22,駐車（輪）場,駐車（輪）場,施錠せず,なし
窃盗,車上ねらい,洲本,由良,282057,兵庫県,洲本市,由良２丁目,2020/6/24,9,その他,その他,施錠せず,あり
窃盗,車上ねらい,洲本,広石,282057,兵庫県,洲本市,五色町下堺,2020/4/3,17,一戸建住宅,駐車（輪）場,施錠せず,あり
窃盗,車上ねらい,洲本,広石,282057,兵庫県,洲本市,五色町広石上,2020/4/15,14,道路上,その他,施錠せず,なし
窃盗,車上ねらい,洲本,鮎原,282057,兵庫県,洲本市,五色町鮎原神陽,2020/11/11,22,駐車（輪）場,駐車（輪）場,施錠せず,あり
窃盗,車上ねらい,淡路,仮屋,282260,兵庫県,淡路市,釜口,2020/2/9,18,駐車（輪）場,駐車（輪）場,施錠せず,あり
窃盗,車上ねらい,淡路,浦,282260,兵庫県,淡路市,大磯,2020/10/22,7,道路上,その他,施錠せず,あり
窃盗,車上ねらい,淡路,尾崎,282260,兵庫県,淡路市,尾崎,2020/3/31,21,その他,その他,施錠せず,あり
窃盗,車上ねらい,淡路,志筑,282260,兵庫県,淡路市,大谷,2020/12/27,16,道路上,その他,施錠せず,あり
窃盗,車上ねらい,淡路,塩田,282260,兵庫県,淡路市,塩尾,2020/3/30,15,駐車（輪）場,駐車（輪）場,施錠せず,あり
窃盗,車上ねらい,南あわじ,慶野,282243,兵庫県,南あわじ市,松帆慶野,2020/10/31,20,一戸建住宅,駐車（輪）場,施錠せず,あり
窃盗,車上ねらい,南あわじ,慶野,282243,兵庫県,南あわじ市,松帆古津路,2020/9/19,11,道路上,その他,施錠せず,あり
窃盗,車上ねらい,南あわじ,湊,282243,兵庫県,南あわじ市,湊,2020/2/1,17,駐車（輪）場,駐車（輪）場,施錠せず,なし
窃盗,車上ねらい,南あわじ,福井,282243,兵庫県,南あわじ市,賀集,2020/9/5,10,その他,その他,施錠せず,あり
窃盗,車上ねらい,南あわじ,阿万西,282243,兵庫県,南あわじ市,阿万塩屋町,2020/12/2,10,一戸建住宅,駐車（輪）場,施錠せず,あり
