market,tf,signal,dir,N,k_range,k_vol,H,n,mean_net_pct,win_rate,t_stat,excess_pct
BTCUSD,1h,capit,long,12,1.5,1.5,4,2374,-0.043539455896919266,0.5155855096882898,-1.2025701936101523,0.024127516283856038
BTCUSD,1h,capit,long,12,1.5,1.5,24,1614,-0.024378362302998134,0.5266418835192069,-0.2714074916606487,-0.11654456136214371
BTCUSD,1h,capit,short,12,1.5,1.5,4,2418,-0.17721972938395456,0.46153846153846156,-5.721562565733581,-0.04488670156472968
BTCUSD,1h,capit,short,12,1.5,1.5,24,1600,-0.4091318168598097,0.46,-4.604158247991337,-0.11696561780066395
BTCUSD,1h,wick,long,12,1.5,1.5,4,1983,-0.10164019980889025,0.4891578416540595,-2.9858363036949864,-0.033973227628114944
BTCUSD,1h,wick,long,12,1.5,1.5,24,1468,-0.13729667140188584,0.49659400544959126,-1.459826902826004,-0.22946287046103142
BTCUSD,1h,wick,short,12,1.5,1.5,4,1549,-0.21812534014702742,0.4234990316333118,-5.948737376763176,-0.08579231232780253
BTCUSD,1h,wick,short,12,1.5,1.5,24,1179,-0.2986091798629291,0.46140797285835455,-3.339827121016318,-0.0064429808037833325
BTCUSD,1h,capit,long,12,1.5,2.0,4,2155,-0.030251913755669785,0.5136890951276102,-0.8031403430175575,0.03741505842510551
BTCUSD,1h,capit,long,12,1.5,2.0,24,1503,-0.07411940900776935,0.520292747837658,-0.7988717104612708,-0.16628560806691495
BTCUSD,1h,capit,short,12,1.5,2.0,4,2145,-0.19327752755561622,0.45454545454545453,-5.932881071268834,-0.06094449973639135
BTCUSD,1h,capit,short,12,1.5,2.0,24,1474,-0.4944264295030364,0.4559023066485753,-5.476842706547415,-0.20226023044389063
BTCUSD,1h,wick,long,12,1.5,2.0,4,1711,-0.11838075292231558,0.4886031560490941,-3.1589514808637316,-0.05071378074154026
BTCUSD,1h,wick,long,12,1.5,2.0,24,1309,-0.18983197928734322,0.4912146676852559,-1.9294608860370595,-0.2819981783464888
BTCUSD,1h,wick,short,12,1.5,2.0,4,1338,-0.20926362213887184,0.4319880418535127,-5.241969678130111,-0.07693059431964695
BTCUSD,1h,wick,short,12,1.5,2.0,24,1046,-0.35068376416759145,0.4608030592734226,-3.7761564060114488,-0.05851756510844569
BTCUSD,1h,capit,long,12,1.5,3.0,4,1624,-0.033861545550777986,0.5043103448275862,-0.7574892196684979,0.03380542662999732
BTCUSD,1h,capit,long,12,1.5,3.0,24,1213,-0.18583780858288948,0.5045342126957956,-1.7600333330381956,-0.2780040076420351
BTCUSD,1h,capit,short,12,1.5,3.0,4,1584,-0.19735783261499648,0.44696969696969696,-5.449716461898724,-0.06502480479577163
BTCUSD,1h,capit,short,12,1.5,3.0,24,1191,-0.4593631426799078,0.45424013434089,-4.829058567352214,-0.16719694362076198
BTCUSD,1h,wick,long,12,1.5,3.0,4,1159,-0.11597673898609762,0.4771354616048318,-2.6204857183962127,-0.048309766805322306
BTCUSD,1h,wick,long,12,1.5,3.0,24,943,-0.22728214026030338,0.4941675503711559,-1.9875422380799932,-0.31944833931944894
BTCUSD,1h,wick,short,12,1.5,3.0,4,921,-0.15710746236086284,0.43431053203040176,-3.3369600187060846,-0.024774434541637996
BTCUSD,1h,wick,short,12,1.5,3.0,24,775,-0.36939295100005337,0.472258064516129,-3.4365570021768077,-0.07722675194090767
BTCUSD,1h,capit,long,12,2.0,1.5,4,1754,-0.05944874252332013,0.508551881413911,-1.393488268159349,0.008218229657455167
BTCUSD,1h,capit,long,12,2.0,1.5,24,1311,-0.08762237094010726,0.5232646834477498,-0.8787757826430779,-0.17978856999925283
BTCUSD,1h,capit,short,12,2.0,1.5,4,1683,-0.2580106635982239,0.44206773618538325,-7.09957841715388,-0.12567763577899904
BTCUSD,1h,capit,short,12,2.0,1.5,24,1237,-0.5572207706188916,0.44058205335489087,-5.75796955543222,-0.2650545715597459
BTCUSD,1h,wick,long,12,2.0,1.5,4,1102,-0.06715950251143869,0.49909255898366606,-1.5226398574709568,0.0005074696693366035
BTCUSD,1h,wick,long,12,2.0,1.5,24,919,-0.11383026302270868,0.5092491838955386,-0.9474462956554371,-0.20599646208185426
BTCUSD,1h,wick,short,12,2.0,1.5,4,880,-0.1975622663520079,0.42613636363636365,-3.869645062851026,-0.065229238532783
BTCUSD,1h,wick,short,12,2.0,1.5,24,746,-0.3178046268044313,0.467828418230563,-2.945477787396033,-0.02563842774528552
BTCUSD,1h,capit,long,12,2.0,2.0,4,1655,-0.038501290263741994,0.5063444108761329,-0.8868647768487478,0.029165681917033316
BTCUSD,1h,capit,long,12,2.0,2.0,24,1248,-0.10178446943932655,0.5216346153846154,-0.9998321322148684,-0.19395066849847212
BTCUSD,1h,capit,short,12,2.0,2.0,4,1570,-0.2572859258825001,0.4388535031847134,-6.903173825956859,-0.12495289806327517
BTCUSD,1h,capit,short,12,2.0,2.0,24,1171,-0.5322521299654928,0.4449188727583262,-5.42168271158629,-0.2400859309063471
BTCUSD,1h,wick,long,12,2.0,2.0,4,1014,-0.0866444203788061,0.4921104536489152,-1.8694705526430386,-0.018977448198030787
BTCUSD,1h,wick,long,12,2.0,2.0,24,857,-0.1571287188736808,0.5052508751458576,-1.2763113074475263,-0.24929491793282638
BTCUSD,1h,wick,short,12,2.0,2.0,4,807,-0.18753434044656753,0.436183395291202,-3.5156301796619727,-0.055201312627342625
BTCUSD,1h,wick,short,12,2.0,2.0,24,689,-0.32144979611360014,0.4760522496371553,-2.8646352473077266,-0.029283597054454408
BTCUSD,1h,capit,long,12,2.0,3.0,4,1358,-0.041100999106929756,0.5014727540500736,-0.8316918653996296,0.02656597307384554
BTCUSD,1h,capit,long,12,2.0,3.0,24,1069,-0.18639066007984825,0.5088868101028999,-1.6856290878014324,-0.2785568591389938
BTCUSD,1h,capit,short,12,2.0,3.0,4,1286,-0.24293052107629715,0.43779160186625193,-5.977052937794762,-0.1105974932570723
BTCUSD,1h,capit,short,12,2.0,3.0,24,1003,-0.5246833680582912,0.4426719840478564,-4.940797698139933,-0.23251716899914537
BTCUSD,1h,wick,long,12,2.0,3.0,4,781,-0.0933169829849713,0.47759282970550576,-1.7416953371744017,-0.025650010804196006
BTCUSD,1h,wick,long,12,2.0,3.0,24,685,-0.23064761802047304,0.49343065693430654,-1.7130465327985152,-0.32281381707961865
BTCUSD,1h,wick,short,12,2.0,3.0,4,633,-0.1296239927058331,0.44075829383886256,-2.214758681083555,0.0027090351133917667
BTCUSD,1h,wick,short,12,2.0,3.0,24,562,-0.2730811184515366,0.4786476868327402,-2.2168983986152933,0.01908508060760916
BTCUSD,1h,capit,long,12,3.0,1.5,4,823,-0.1445197254273063,0.4738760631834751,-2.2354068489984704,-0.07685275324653099
BTCUSD,1h,capit,long,12,3.0,1.5,24,718,-0.34737147880001135,0.48885793871866295,-2.638501480093954,-0.4395376778591569
BTCUSD,1h,capit,short,12,3.0,1.5,4,787,-0.22269872422388753,0.4383735705209657,-4.029136157014811,-0.09036569640466269
BTCUSD,1h,capit,short,12,3.0,1.5,24,682,-0.535748351257092,0.43548387096774194,-4.152303256105575,-0.2435821521979462
BTCUSD,1h,wick,long,12,3.0,1.5,4,365,0.001494360751925787,0.4876712328767123,0.02059304509736469,0.06916133293270108
BTCUSD,1h,wick,long,12,3.0,1.5,24,346,-0.16754235325664207,0.4913294797687861,-0.9521256656497898,-0.25970855231578766
BTCUSD,1h,wick,short,12,3.0,1.5,4,322,-0.11072851445871801,0.4472049689440994,-1.4169157151695173,0.021604513360506873
BTCUSD,1h,wick,short,12,3.0,1.5,24,306,-0.1861040895802256,0.4869281045751634,-1.037544092650985,0.10606210947892017
BTCUSD,1h,capit,long,12,3.0,2.0,4,816,-0.14548840802295746,0.4730392156862745,-2.2315879217069488,-0.07782143584218214
BTCUSD,1h,capit,long,12,3.0,2.0,24,713,-0.3433036799952769,0.48807854137447404,-2.6024054784577886,-0.4354698790544225
BTCUSD,1h,capit,short,12,3.0,2.0,4,773,-0.22987288602848832,0.4372574385510996,-4.152237337596273,-0.09753985820926347
BTCUSD,1h,capit,short,12,3.0,2.0,24,669,-0.540167282628739,0.4334828101644245,-4.124489357892832,-0.24800108356959333
BTCUSD,1h,wick,long,12,3.0,2.0,4,353,-0.0015246617651770184,0.47875354107648727,-0.020792022822429573,0.06614231041559827
BTCUSD,1h,wick,long,12,3.0,2.0,24,334,-0.1946139803745269,0.48502994011976047,-1.0746025857600712,-0.2867801794336725
BTCUSD,1h,wick,short,12,3.0,2.0,4,315,-0.10901713521617752,0.44761904761904764,-1.4008984744871769,0.02331589260304736
BTCUSD,1h,wick,short,12,3.0,2.0,24,299,-0.2147218699949135,0.4882943143812709,-1.1851582355720072,0.07744432906423226
BTCUSD,1h,capit,long,12,3.0,3.0,4,763,-0.13102846070461166,0.47706422018348627,-1.919261420405,-0.06336148852383636
BTCUSD,1h,capit,long,12,3.0,3.0,24,671,-0.3996476084394737,0.4843517138599106,-2.9451654825620786,-0.4918138074986193
BTCUSD,1h,capit,short,12,3.0,3.0,4,722,-0.2032461460009538,0.4362880886426593,-3.6377081656847574,-0.07091311818172896
BTCUSD,1h,capit,short,12,3.0,3.0,24,629,-0.534131641368406,0.43402225755166934,-3.8865980710799186,-0.2419654423092602
BTCUSD,1h,wick,long,12,3.0,3.0,4,326,-0.006484791233110162,0.4723926380368098,-0.08345545061531028,0.06118218094766513
BTCUSD,1h,wick,long,12,3.0,3.0,24,310,-0.2946852398161638,0.47419354838709676,-1.5734618789780779,-0.3868514388753094
BTCUSD,1h,wick,short,12,3.0,3.0,4,290,-0.09576909360760878,0.4482758620689655,-1.1780002271572023,0.03656393421161609
BTCUSD,1h,wick,short,12,3.0,3.0,24,278,-0.19289162136843613,0.4892086330935252,-1.0534339351535016,0.09927457769070964
BTCUSD,1h,capit,long,24,1.5,1.5,4,1690,0.00556297405259364,0.5159763313609468,0.12163046169189307,0.07322994623336894
BTCUSD,1h,capit,long,24,1.5,1.5,24,1170,0.006177658683383888,0.5367521367521367,0.055674646822695545,-0.08598854037576167
BTCUSD,1h,capit,short,24,1.5,1.5,4,1853,-0.21001677245389064,0.4635725849973017,-5.953932794329896,-0.07768374463466578
BTCUSD,1h,capit,short,24,1.5,1.5,24,1215,-0.540711787892587,0.45267489711934156,-5.570555727637121,-0.24854558883344124
BTCUSD,1h,wick,long,24,1.5,1.5,4,1435,-0.10325605855268993,0.5149825783972125,-2.2892639026168617,-0.03558908637191464
BTCUSD,1h,wick,long,24,1.5,1.5,24,1056,-0.13911615014123566,0.5208333333333334,-1.2019504022225929,-0.23128234920038124
BTCUSD,1h,wick,short,24,1.5,1.5,4,1226,-0.18709978480665332,0.42251223491027734,-4.376439341213874,-0.05476675698742846
BTCUSD,1h,wick,short,24,1.5,1.5,24,928,-0.3954386734262195,0.4676724137931034,-3.7997647428096664,-0.10327247436707382
BTCUSD,1h,capit,long,24,1.5,2.0,4,1571,-0.003386535153880294,0.513049013367282,-0.07069768765104875,0.06428043702689501
BTCUSD,1h,capit,long,24,1.5,2.0,24,1102,-0.07040190150945778,0.5372050816696915,-0.6224234790645047,-0.16256810056860338
BTCUSD,1h,capit,short,24,1.5,2.0,4,1692,-0.2077266299516786,0.46217494089834515,-5.89431170380711,-0.07539360213245369
BTCUSD,1h,capit,short,24,1.5,2.0,24,1148,-0.5601820781083837,0.4520905923344948,-5.702676858564674,-0.26801587904923796
BTCUSD,1h,wick,long,24,1.5,2.0,4,1303,-0.11264469738683353,0.5149654643131235,-2.328060996731349,-0.04497772520605822
BTCUSD,1h,wick,long,24,1.5,2.0,24,980,-0.1758711850065316,0.5224489795918368,-1.4800295372639327,-0.2680373840656772
BTCUSD,1h,wick,short,24,1.5,2.0,4,1084,-0.15571315082359907,0.42343173431734316,-3.6797377239202085,-0.02338012300437422
BTCUSD,1h,wick,short,24,1.5,2.0,24,845,-0.4472022438155313,0.4591715976331361,-4.072228124594534,-0.1550360447563856
BTCUSD,1h,capit,long,24,1.5,3.0,4,1265,-0.01891290769241145,0.500395256916996,-0.34483111826604873,0.04875406448836385
BTCUSD,1h,capit,long,24,1.5,3.0,24,922,-0.15253153216804405,0.5195227765726681,-1.2057193168977154,-0.24469773122718963
BTCUSD,1h,capit,short,24,1.5,3.0,4,1286,-0.23597488259599803,0.45023328149300157,-5.853200181997936,-0.10364185477677315
BTCUSD,1h,capit,short,24,1.5,3.0,24,931,-0.5957698796813025,0.44038668098818473,-5.64881401300104,-0.3036036806221567
BTCUSD,1h,wick,long,24,1.5,3.0,4,918,-0.14827807899522003,0.5032679738562091,-2.7006122331353497,-0.08061110681444472
BTCUSD,1h,wick,long,24,1.5,3.0,24,735,-0.30866366488914565,0.5210884353741496,-2.302615356971927,-0.4008298639482912
BTCUSD,1h,wick,short,24,1.5,3.0,4,777,-0.1841136761325878,0.4041184041184041,-3.6193048897584483,-0.05178064831336292
BTCUSD,1h,wick,short,24,1.5,3.0,24,645,-0.4915543973778108,0.45271317829457364,-3.9377541457571534,-0.19938819831866517
BTCUSD,1h,capit,long,24,2.0,1.5,4,1295,-0.0402344450020163,0.4942084942084942,-0.7933375313041936,0.027432527178759
BTCUSD,1h,capit,long,24,2.0,1.5,24,959,-0.05068318128547783,0.5318039624608968,-0.3996977704152353,-0.1428493803446234
BTCUSD,1h,capit,short,24,2.0,1.5,4,1344,-0.2570158897914539,0.45014880952380953,-6.208861993268643,-0.12468286197222903
BTCUSD,1h,capit,short,24,2.0,1.5,24,970,-0.6100208538015602,0.4402061855670103,-5.530633307380844,-0.3178546547424145
BTCUSD,1h,wick,long,24,2.0,1.5,4,815,-0.13996114175062385,0.49938650306748467,-2.497994458718248,-0.07229416956984855
BTCUSD,1h,wick,long,24,2.0,1.5,24,685,-0.20443734962503038,0.5109489051094891,-1.446612885265836,-0.29660354868417593
BTCUSD,1h,wick,short,24,2.0,1.5,4,675,-0.193632722581125,0.42074074074074075,-3.2749456905850214,-0.06129969476190014
BTCUSD,1h,wick,short,24,2.0,1.5,24,593,-0.41660711103628384,0.47386172006745364,-3.520663562369939,-0.12444091197713797
BTCUSD,1h,capit,long,24,2.0,2.0,4,1255,-0.043561021550969574,0.49482071713147413,-0.8398652422778738,0.02410595062980573
BTCUSD,1h,capit,long,24,2.0,2.0,24,934,-0.07629013706615806,0.5331905781584583,-0.5948736971547078,-0.16845633612530367
BTCUSD,1h,capit,short,24,2.0,2.0,4,1279,-0.23947779840142652,0.45426114151681,-5.725281634090234,-0.10714477058220165
BTCUSD,1h,capit,short,24,2.0,2.0,24,933,-0.6232593239093775,0.43837084673097537,-5.636216346776767,-0.3310931248502318
BTCUSD,1h,wick,long,24,2.0,2.0,4,782,-0.14760738151714986,0.49872122762148335,-2.545498510434729,-0.07994040933637458
BTCUSD,1h,wick,long,24,2.0,2.0,24,662,-0.24088296323237748,0.5151057401812689,-1.7110684480358405,-0.33304916229152304
BTCUSD,1h,wick,short,24,2.0,2.0,4,622,-0.1731007696206108,0.41639871382636656,-3.085959268569339,-0.040767741801385954
BTCUSD,1h,wick,short,24,2.0,2.0,24,553,-0.4713095969892747,0.46473779385171793,-3.7795210659124896,-0.17914339793012896
BTCUSD,1h,capit,long,24,2.0,3.0,4,1091,-0.03582864881551905,0.4867094408799267,-0.62701924393693,0.031838323365256244
BTCUSD,1h,capit,long,24,2.0,3.0,24,824,-0.16541273483113192,0.5169902912621359,-1.1940822550298222,-0.25757893389027753
BTCUSD,1h,capit,short,24,2.0,3.0,4,1068,-0.26679497227270466,0.4438202247191011,-5.928868380498909,-0.13446194445347978
BTCUSD,1h,capit,short,24,2.0,3.0,24,813,-0.6245416858132213,0.43788437884378845,-5.334059959236594,-0.3323754867540756
BTCUSD,1h,wick,long,24,2.0,3.0,4,620,-0.2088123315947587,0.4854838709677419,-3.0854898303805003,-0.14114535941398337
BTCUSD,1h,wick,long,24,2.0,3.0,24,533,-0.4556896405559836,0.49343339587242024,-2.8654928115129006,-0.5478558396151292
BTCUSD,1h,wick,short,24,2.0,3.0,4,513,-0.19172270389491994,0.4093567251461988,-3.0207313019124835,-0.05938967607569508
BTCUSD,1h,wick,short,24,2.0,3.0,24,466,-0.504652836721416,0.4592274678111588,-3.7072148880999505,-0.21248663766227033
BTCUSD,1h,capit,long,24,3.0,1.5,4,664,-0.15017227269878,0.463855421686747,-1.9734662363862117,-0.0825053005180047
BTCUSD,1h,capit,long,24,3.0,1.5,24,559,-0.39000624599284234,0.47227191413237923,-2.387325928919661,-0.4821724450519879
BTCUSD,1h,capit,short,24,3.0,1.5,4,654,-0.2785784792654698,0.44648318042813456,-4.352044281659936,-0.14624545144624496
BTCUSD,1h,capit,short,24,3.0,1.5,24,552,-0.615994558652354,0.44565217391304346,-4.073571535973515,-0.3238283595932082
BTCUSD,1h,wick,long,24,3.0,1.5,4,261,-0.08323654445070855,0.4904214559386973,-0.8218886514064513,-0.015569572269933253
BTCUSD,1h,wick,long,24,3.0,1.5,24,250,-0.5470421074849842,0.488,-2.4927062529208057,-0.6392083065441296
BTCUSD,1h,wick,short,24,3.0,1.5,4,251,-0.107054527566737,0.43824701195219123,-1.2999313620751718,0.025278500252487866
BTCUSD,1h,wick,short,24,3.0,1.5,24,243,-0.3938895358402261,0.4773662551440329,-1.854786719639997,-0.10172333678108042
BTCUSD,1h,capit,long,24,3.0,2.0,4,661,-0.15339966916106373,0.46444780635400906,-2.0090947319618495,-0.08573269698028844
BTCUSD,1h,capit,long,24,3.0,2.0,24,558,-0.3781432306389765,0.47491039426523296,-2.3148520360059313,-0.47030942969812206
BTCUSD,1h,capit,short,24,3.0,2.0,4,646,-0.28133069553680096,0.44427244582043346,-4.342663045259355,-0.14899766771757608
BTCUSD,1h,capit,short,24,3.0,2.0,24,544,-0.612049778842626,0.44485294117647056,-4.002544338977085,-0.31988357978348025
BTCUSD,1h,wick,long,24,3.0,2.0,4,260,-0.0847359778017078,0.48846153846153845,-0.8335737318267049,-0.01706900562093252
BTCUSD,1h,wick,long,24,3.0,2.0,24,249,-0.546180378274443,0.4899598393574297,-2.4788236134695394,-0.6383465773335886
BTCUSD,1h,wick,short,24,3.0,2.0,4,246,-0.11137707125893218,0.4349593495934959,-1.3271885168868494,0.020955956560292706
BTCUSD,1h,wick,short,24,3.0,2.0,24,238,-0.4539698334942226,0.47058823529411764,-2.129754349156899,-0.1618036344350769
BTCUSD,1h,capit,long,24,3.0,3.0,4,635,-0.17396794007845887,0.4582677165354331,-2.2185169887857774,-0.10630096789768359
BTCUSD,1h,capit,long,24,3.0,3.0,24,539,-0.4107223250206439,0.47680890538033394,-2.490775118925805,-0.5028885240797896
BTCUSD,1h,capit,short,24,3.0,3.0,4,611,-0.2823943667750176,0.4500818330605565,-4.328842783581455,-0.15006133895579274
BTCUSD,1h,capit,short,24,3.0,3.0,24,518,-0.6152056544546481,0.444015444015444,-3.850777485847659,-0.3230394553955023
BTCUSD,1h,wick,long,24,3.0,3.0,4,241,-0.06997951446589717,0.4896265560165975,-0.646174206646239,-0.0023125422851218783
BTCUSD,1h,wick,long,24,3.0,3.0,24,232,-0.5904785228713249,0.49137931034482757,-2.4968352839032946,-0.6826447219304703
BTCUSD,1h,wick,short,24,3.0,3.0,4,231,-0.09634122852487263,0.42424242424242425,-1.1317906609495447,0.03599179929435223
BTCUSD,1h,wick,short,24,3.0,3.0,24,224,-0.3769372678168097,0.4732142857142857,-1.814155811302829,-0.08477106875766394
BTCUSD,1h,capit,long,48,1.5,1.5,4,1171,0.016632636078407148,0.5132365499573015,0.27461928557548354,0.08429960825918244
BTCUSD,1h,capit,long,48,1.5,1.5,24,755,-0.24916306590476991,0.5059602649006623,-1.6619495234028945,-0.3413292649639155
BTCUSD,1h,capit,short,48,1.5,1.5,4,1403,-0.24204013112560457,0.4540270848182466,-5.652314025810359,-0.1097071033063797
BTCUSD,1h,capit,short,48,1.5,1.5,24,880,-0.6841142634902667,0.4409090909090909,-5.5832620813106635,-0.39194806443112096
BTCUSD,1h,wick,long,48,1.5,1.5,4,1093,-0.05508864786570571,0.5233302836230558,-1.0035063989218553,0.012578324315069583
BTCUSD,1h,wick,long,48,1.5,1.5,24,785,-0.058507639945621,0.5490445859872611,-0.4321448353151146,-0.15067383900476658
BTCUSD,1h,wick,short,48,1.5,1.5,4,1045,-0.17738434461532795,0.44688995215311006,-3.87293391830321,-0.045051316796103066
BTCUSD,1h,wick,short,48,1.5,1.5,24,736,-0.45962376357640294,0.45516304347826086,-4.071270617139979,-0.16745756451725718
BTCUSD,1h,capit,long,48,1.5,2.0,4,1125,0.0165273844608304,0.5128888888888888,0.265450615450098,0.08419435664160572
BTCUSD,1h,capit,long,48,1.5,2.0,24,732,-0.21648913325714184,0.5013661202185792,-1.391866737001625,-0.3086553323162874
BTCUSD,1h,capit,short,48,1.5,2.0,4,1307,-0.2349173819079683,0.45830145371078806,-5.292114550220016,-0.10258435408874347
BTCUSD,1h,capit,short,48,1.5,2.0,24,843,-0.6527323522011194,0.4483985765124555,-5.193279559962967,-0.3605661531419736
BTCUSD,1h,wick,long,48,1.5,2.0,4,1026,-0.04994768539516207,0.5282651072124757,-0.8675750336163666,0.017719286785613235
BTCUSD,1h,wick,long,48,1.5,2.0,24,745,-0.08446549063748952,0.5409395973154363,-0.6034245641809164,-0.1766316896966351
BTCUSD,1h,wick,short,48,1.5,2.0,4,970,-0.17430694336204863,0.44432989690721647,-3.6439869710467816,-0.04197391554282376
BTCUSD,1h,wick,short,48,1.5,2.0,24,700,-0.5019845478731211,0.46,-4.2751685087891955,-0.20981834881397526
BTCUSD,1h,capit,long,48,1.5,3.0,4,974,-0.015935635927848055,0.5,-0.23137319511532412,0.05173133625292725
BTCUSD,1h,capit,long,48,1.5,3.0,24,662,-0.2767381305020998,0.49395770392749244,-1.6718297277496676,-0.3689043295612453
BTCUSD,1h,capit,short,48,1.5,3.0,4,1048,-0.2623656209593164,0.44274809160305345,-5.28206512839989,-0.13003259314009155
BTCUSD,1h,capit,short,48,1.5,3.0,24,722,-0.7406099312216364,0.44182825484764543,-5.573719976870628,-0.4484437321624908
BTCUSD,1h,wick,long,48,1.5,3.0,4,801,-0.05131275670361405,0.529338327091136,-0.7565017425421191,0.016354215477161246
BTCUSD,1h,wick,long,48,1.5,3.0,24,606,-0.2041916775902407,0.523102310231023,-1.3312962320529014,-0.2963578766493863
BTCUSD,1h,wick,short,48,1.5,3.0,4,735,-0.17629491972020422,0.42585034013605444,-3.323707958576559,-0.04396189190097935
BTCUSD,1h,wick,short,48,1.5,3.0,24,559,-0.5122496405461202,0.4543828264758497,-3.9408146455591466,-0.2200834414869745
BTCUSD,1h,capit,long,48,2.0,1.5,4,956,0.010014129354094993,0.5010460251046025,0.15477753772207042,0.0776811015348703
BTCUSD,1h,capit,long,48,2.0,1.5,24,656,-0.1207397092786831,0.5045731707317073,-0.7206975605176129,-0.2129059083378287
BTCUSD,1h,capit,short,48,2.0,1.5,4,1050,-0.2657383024738722,0.44476190476190475,-5.267810407247305,-0.13340527465464733
BTCUSD,1h,capit,short,48,2.0,1.5,24,726,-0.6573850194539197,0.44214876033057854,-5.0277922028308195,-0.36521882039477394
BTCUSD,1h,wick,long,48,2.0,1.5,4,681,-0.0896026011168857,0.5212922173274597,-1.2165296933292356,-0.021935628936110396
BTCUSD,1h,wick,long,48,2.0,1.5,24,538,-0.2919207666803378,0.5223048327137546,-1.8270382711462685,-0.3840869657394833
BTCUSD,1h,wick,short,48,2.0,1.5,4,628,-0.206869890337524,0.4315286624203822,-3.1769329495440046,-0.0745368625182991
BTCUSD,1h,wick,short,48,2.0,1.5,24,506,-0.6348520219725188,0.44664031620553357,-4.536661342149819,-0.342685822913373
BTCUSD,1h,capit,long,48,2.0,2.0,4,937,0.013739740489451466,0.5016008537886874,0.20859655902480095,0.0814067126702268
BTCUSD,1h,capit,long,48,2.0,2.0,24,646,-0.09776930623795246,0.5046439628482973,-0.5768539034488629,-0.18993550529709805
BTCUSD,1h,capit,short,48,2.0,2.0,4,1013,-0.2617807504292487,0.4461994076999013,-5.094119678154049,-0.12944772261002382
BTCUSD,1h,capit,short,48,2.0,2.0,24,707,-0.582380245648205,0.4497878359264498,-4.229785426987935,-0.2902140465890593
BTCUSD,1h,wick,long,48,2.0,2.0,4,658,-0.08080647785004703,0.5258358662613982,-1.0667283264078506,-0.013139505669271752
BTCUSD,1h,wick,long,48,2.0,2.0,24,523,-0.27463097888172183,0.5219885277246654,-1.693642242686511,-0.3667971779408674
BTCUSD,1h,wick,short,48,2.0,2.0,4,602,-0.2101173821922331,0.4318936877076412,-3.1310113663992554,-0.07778435437300825
BTCUSD,1h,wick,short,48,2.0,2.0,24,487,-0.6544156837924097,0.4455852156057495,-4.526064144169794,-0.3622494847332639
BTCUSD,1h,capit,long,48,2.0,3.0,4,863,-0.007753019813603048,0.4947856315179606,-0.11227022919714859,0.05991395236717226
BTCUSD,1h,capit,long,48,2.0,3.0,24,604,-0.2288589286879759,0.4900662251655629,-1.3026601068396606,-0.3210251277471215
BTCUSD,1h,capit,short,48,2.0,3.0,4,883,-0.2679436445340432,0.4416761041902605,-4.945619881578388,-0.1356106167148183
BTCUSD,1h,capit,short,48,2.0,3.0,24,629,-0.7015225550651012,0.43879173290937995,-5.094656170712834,-0.40935635600595544
BTCUSD,1h,wick,long,48,2.0,3.0,4,576,-0.05988241887431979,0.53125,-0.7252453515039535,0.007784553306455513
BTCUSD,1h,wick,long,48,2.0,3.0,24,459,-0.31096166722047586,0.5098039215686274,-1.7639631823995399,-0.4031278662796214
BTCUSD,1h,wick,short,48,2.0,3.0,4,498,-0.18474566372813903,0.42570281124497994,-2.6405822932872165,-0.05241263590891415
BTCUSD,1h,wick,short,48,2.0,3.0,24,418,-0.6109126978022991,0.44019138755980863,-3.921391000758316,-0.3187464987431533
BTCUSD,1h,capit,long,48,3.0,1.5,4,528,-0.1911808800187046,0.4696969696969697,-2.2055568716576697,-0.12351390783792927
BTCUSD,1h,capit,long,48,3.0,1.5,24,417,-0.4923201012941837,0.4580335731414868,-2.6286357948124652,-0.5844863003533293
BTCUSD,1h,capit,short,48,3.0,1.5,4,543,-0.2734790759600002,0.44567219152854515,-3.817892960094931,-0.14114604814077533
BTCUSD,1h,capit,short,48,3.0,1.5,24,434,-0.6246857308718532,0.4447004608294931,-3.5779828687559716,-0.3325195318127073
BTCUSD,1h,wick,long,48,3.0,1.5,4,254,-0.06998017519373544,0.484251968503937,-0.7810147727267917,-0.0023132030129601328
BTCUSD,1h,wick,long,48,3.0,1.5,24,236,-0.22911590203680515,0.5,-1.0107111454524111,-0.3212821010959508
BTCUSD,1h,wick,short,48,3.0,1.5,4,250,-0.19227469150271692,0.392,-2.0076671470297063,-0.05994166368349205
BTCUSD,1h,wick,short,48,3.0,1.5,24,234,-0.7775697979916202,0.3974358974358974,-3.394445393977022,-0.4854035989324744
BTCUSD,1h,capit,long,48,3.0,2.0,4,528,-0.1911808800187046,0.4696969696969697,-2.2055568716576697,-0.12351390783792927
BTCUSD,1h,capit,long,48,3.0,2.0,24,417,-0.4923201012941837,0.4580335731414868,-2.6286357948124652,-0.5844863003533293
BTCUSD,1h,capit,short,48,3.0,2.0,4,540,-0.27746627642381727,0.4425925925925926,-3.8543080574320303,-0.14513324860459245
BTCUSD,1h,capit,short,48,3.0,2.0,24,431,-0.6321840671062908,0.44547563805104406,-3.6004822531324465,-0.34001786804714507
BTCUSD,1h,wick,long,48,3.0,2.0,4,252,-0.06097295096946545,0.4880952380952381,-0.6772266090771663,0.00669402121130986
BTCUSD,1h,wick,long,48,3.0,2.0,24,234,-0.2243875687932343,0.5042735042735043,-0.9816649229708819,-0.3165537678523799
BTCUSD,1h,wick,short,48,3.0,2.0,4,247,-0.19014612633485223,0.39271255060728744,-1.9631044319616024,-0.05781309851562737
BTCUSD,1h,wick,short,48,3.0,2.0,24,232,-0.7805980948168996,0.39655172413793105,-3.3789539163275712,-0.4884318957577538
BTCUSD,1h,capit,long,48,3.0,3.0,4,523,-0.1905986717121592,0.47036328871892924,-2.186983875979228,-0.12293169953138389
BTCUSD,1h,capit,long,48,3.0,3.0,24,412,-0.5085998998267796,0.4538834951456311,-2.692112833796904,-0.6007660988859251
BTCUSD,1h,capit,short,48,3.0,3.0,4,518,-0.2835770898698951,0.4420849420849421,-3.867137036121878,-0.15124406205067026
BTCUSD,1h,capit,short,48,3.0,3.0,24,412,-0.6247246603789626,0.4393203883495146,-3.550152592569866,-0.3325584613198168
BTCUSD,1h,wick,long,48,3.0,3.0,4,249,-0.05619679172194455,0.4899598393574297,-0.6170173078481792,0.011470180458830748
BTCUSD,1h,wick,long,48,3.0,3.0,24,232,-0.24447446696714592,0.5,-1.0580283170798275,-0.3366406660262915
BTCUSD,1h,wick,short,48,3.0,3.0,4,237,-0.14175224918398577,0.39662447257383965,-1.466780838668723,-0.009419221364760907
BTCUSD,1h,wick,short,48,3.0,3.0,24,223,-0.8333851245793009,0.3991031390134529,-3.541940332214933,-0.541218925520155
BTCUSD,1d,capit,long,10,1.5,1.5,1,109,1.087391952963345,0.5963302752293578,2.1702111586751314,0.9938010727463693
BTCUSD,1d,capit,long,10,1.5,1.5,3,93,1.7426510641412638,0.6666666666666666,2.3636554970241144,1.2697193367919952
BTCUSD,1d,capit,long,10,1.5,1.5,5,88,1.6384557004268343,0.6136363636363636,1.3902191361631713,0.7732393211273969
BTCUSD,1d,capit,short,10,1.5,1.5,1,167,-0.439843818839882,0.46107784431137727,-1.5666465677211188,-0.14625293862290617
BTCUSD,1d,capit,short,10,1.5,1.5,3,133,-0.6644811590583454,0.43609022556390975,-1.3288103420422595,0.008450568290923388
BTCUSD,1d,capit,short,10,1.5,1.5,5,123,-1.3396362959574635,0.3983739837398374,-1.804443066269939,-0.2744199166580261
BTCUSD,1d,wick,long,10,1.5,1.5,1,52,-0.19365681117484668,0.5769230769230769,-0.43772683836203363,-0.2872476913918224
BTCUSD,1d,wick,long,10,1.5,1.5,3,50,0.568518944826155,0.48,0.791470478015309,0.09558721747688637
BTCUSD,1d,wick,long,10,1.5,1.5,5,48,0.2673599281345413,0.5416666666666666,0.2608924237733272,-0.597856451164896
BTCUSD,1d,wick,short,10,1.5,1.5,1,70,-0.7646416786470539,0.32857142857142857,-2.2212807346461814,-0.4710507984300781
BTCUSD,1d,wick,short,10,1.5,1.5,3,69,-1.3474468068612873,0.391304347826087,-2.027771698497526,-0.6745150795120185
BTCUSD,1d,wick,short,10,1.5,1.5,5,67,-1.2373278074910476,0.44776119402985076,-1.3031944011530652,-0.17211142819161007
BTCUSD,1d,capit,long,10,1.5,2.0,1,78,1.4926654573181148,0.5897435897435898,2.322751968202324,1.3990745771011386
BTCUSD,1d,capit,long,10,1.5,2.0,3,65,2.165807584993575,0.676923076923077,2.348863011759849,1.6928758576443068
BTCUSD,1d,capit,long,10,1.5,2.0,5,62,1.6250401316363585,0.6290322580645161,1.131151289317533,0.7598237523369218
BTCUSD,1d,capit,short,10,1.5,2.0,1,98,-0.24753042280392734,0.5,-0.6654779256939656,0.046060457413048456
BTCUSD,1d,capit,short,10,1.5,2.0,3,78,-0.5510378400631788,0.41025641025641024,-0.8640195481697096,0.12189388728608996
BTCUSD,1d,capit,short,10,1.5,2.0,5,75,-0.6302033707483203,0.3466666666666667,-0.6814305060740693,0.43501300855111724
BTCUSD,1d,wick,long,10,1.5,2.0,1,40,-0.6664524383742831,0.5,-1.2735031802244383,-0.7600433185912587
BTCUSD,1d,wick,long,10,1.5,2.0,3,38,0.33231133628846937,0.4473684210526316,0.36785932210473143,-0.1406203910607992
BTCUSD,1d,wick,long,10,1.5,2.0,5,37,0.3535175914349565,0.5405405405405406,0.30054809553619377,-0.511698787864481
BTCUSD,1d,wick,short,10,1.5,2.0,1,38,-1.050948836890494,0.3157894736842105,-2.173858104496684,-0.7573579566735182
BTCUSD,1d,wick,short,10,1.5,2.0,3,37,-1.5811367070078468,0.40540540540540543,-1.7672580221850522,-0.908204979658578
BTCUSD,1d,wick,short,10,1.5,2.0,5,36,-1.6090926711112021,0.4166666666666667,-1.3213916519547324,-0.5438762918117643
BTCUSD,1d,capit,long,10,1.5,3.0,1,36,2.2248270245773494,0.6388888888888888,2.0770775912347066,2.131236144360374
BTCUSD,1d,capit,long,10,1.5,3.0,3,32,1.5573694782893746,0.65625,1.3886061968145833,1.084437750940106
BTCUSD,1d,capit,long,10,1.5,3.0,5,31,2.1257756918333026,0.6451612903225806,1.2300069458488847,1.2605593125338652
BTCUSD,1d,capit,short,10,1.5,3.0,1,39,-0.6513051878288321,0.5128205128205128,-1.0325731806702407,-0.35771430761185624
BTCUSD,1d,capit,short,10,1.5,3.0,3,31,-2.434732919534528,0.25806451612903225,-2.626318768571101,-1.7618011921852592
BTCUSD,1d,capit,short,10,1.5,3.0,5,29,-4.440124339473653,0.1724137931034483,-3.2403002204543436,-3.3749079601742165
BTCUSD,1d,wick,long,10,1.5,3.0,1,15,-1.6348585686141177,0.4,-1.7799553658900742,-1.7284494488310933
BTCUSD,1d,wick,long,10,1.5,3.0,3,14,1.0305026228852876,0.42857142857142855,0.4944952253485703,0.557570895536019
BTCUSD,1d,wick,long,10,1.5,3.0,5,14,-0.3882112635851555,0.5714285714285714,-0.15865661063314457,-1.253427642884593
BTCUSD,1d,wick,short,10,1.5,3.0,1,16,-1.4383878667748866,0.3125,-1.4081653353099328,-1.1447969865579108
BTCUSD,1d,wick,short,10,1.5,3.0,3,16,-3.7739400028825303,0.25,-2.464717079157634,-3.1010082755332613
BTCUSD,1d,wick,short,10,1.5,3.0,5,16,-4.477076834344435,0.1875,-3.0318227166303244,-3.4118604550449967
BTCUSD,1d,capit,long,10,2.0,1.5,1,68,0.8688511425321807,0.5588235294117647,1.3857212169768311,0.775260262315205
BTCUSD,1d,capit,long,10,2.0,1.5,3,60,0.9884245604385552,0.6166666666666667,1.1342684578875997,0.5154928330892865
BTCUSD,1d,capit,long,10,2.0,1.5,5,59,0.0725168235405221,0.559322033898305,0.05552474556342325,-0.7926995557589154
BTCUSD,1d,capit,short,10,2.0,1.5,1,116,-0.6821531309990695,0.4482758620689655,-1.8717659037193402,-0.38856225078209367
BTCUSD,1d,capit,short,10,2.0,1.5,3,95,-1.3747906130928238,0.37894736842105264,-2.3141155274142675,-0.7018588857435559
BTCUSD,1d,capit,short,10,2.0,1.5,5,88,-2.303351220047993,0.3181818181818182,-2.9527220974742074,-1.2381348407485553
BTCUSD,1d,wick,long,10,2.0,1.5,1,31,-0.9246406303222743,0.45161290322580644,-1.7400201488418885,-1.0182315105392499
BTCUSD,1d,wick,long,10,2.0,1.5,3,30,-0.20701451483158198,0.43333333333333335,-0.2372430917367905,-0.6799462421808505
BTCUSD,1d,wick,long,10,2.0,1.5,5,30,-0.9660564410078993,0.4666666666666667,-0.682857031532845,-1.8312728203073367
BTCUSD,1d,wick,short,10,2.0,1.5,1,43,-0.9862121865805283,0.3488372093023256,-2.015024878314065,-0.6926213063635525
BTCUSD,1d,wick,short,10,2.0,1.5,3,43,-1.9664012469180936,0.3953488372093023,-2.537954818670876,-1.2934695195688248
BTCUSD,1d,wick,short,10,2.0,1.5,5,43,-2.473522527423064,0.37209302325581395,-2.903711570859027,-1.4083061481236254
BTCUSD,1d,capit,long,10,2.0,2.0,1,58,1.0211942998808738,0.5517241379310345,1.4020511267818792,0.9276034196638983
BTCUSD,1d,capit,long,10,2.0,2.0,3,52,1.3151478633272995,0.6346153846153846,1.356440198918316,0.8422161359780309
BTCUSD,1d,capit,long,10,2.0,2.0,5,51,0.5365548777385457,0.5882352941176471,0.35843410872920395,-0.3286615015608917
BTCUSD,1d,capit,short,10,2.0,2.0,1,80,-0.4294064421188142,0.475,-0.9922978368168636,-0.1358155619018383
BTCUSD,1d,capit,short,10,2.0,2.0,3,66,-0.7443460156201748,0.3939393939393939,-1.0399160580278357,-0.07141428827090601
BTCUSD,1d,capit,short,10,2.0,2.0,5,64,-1.518389062887617,0.328125,-1.6048904625917664,-0.4531726835881795
BTCUSD,1d,wick,long,10,2.0,2.0,1,24,-1.2744644048648244,0.375,-1.9324714784586552,-1.3680552850818
BTCUSD,1d,wick,long,10,2.0,2.0,3,23,-0.40765855335629325,0.391304347826087,-0.3698809553227362,-0.8805902807055619
BTCUSD,1d,wick,long,10,2.0,2.0,5,23,-0.6594298744868093,0.4782608695652174,-0.40770999704375066,-1.5246462537862469
BTCUSD,1d,wick,short,10,2.0,2.0,1,30,-1.0119138810955213,0.36666666666666664,-1.7118778718887688,-0.7183230008785455
BTCUSD,1d,wick,short,10,2.0,2.0,3,30,-2.155251218522863,0.4,-2.065581078930273,-1.4823194911735944
BTCUSD,1d,wick,short,10,2.0,2.0,5,30,-3.3351085750778324,0.36666666666666664,-3.0631098431824686,-2.269892195778395
BTCUSD,1d,capit,long,10,2.0,3.0,1,30,2.040787464851919,0.6333333333333333,1.6138116941341385,1.9471965846349435
BTCUSD,1d,capit,long,10,2.0,3.0,3,27,0.9691338033064307,0.5925925925925926,0.7486342635071763,0.49620207595716215
BTCUSD,1d,capit,long,10,2.0,3.0,5,27,1.4914735138999922,0.5925925925925926,0.7647214574684967,0.6262571346005548
BTCUSD,1d,capit,short,10,2.0,3.0,1,37,-0.7893736460236275,0.4864864864864865,-1.2062045987347016,-0.49578276580665176
BTCUSD,1d,capit,short,10,2.0,3.0,3,30,-2.480007977667736,0.26666666666666666,-2.590513621746249,-1.8070762503184674
BTCUSD,1d,capit,short,10,2.0,3.0,5,28,-4.533439116593674,0.17857142857142858,-3.199706510432892,-3.4682227372942367
BTCUSD,1d,wick,long,10,2.0,3.0,1,12,-1.9821534061029145,0.3333333333333333,-1.7731254654911082,-2.0757442863198903
BTCUSD,1d,wick,long,10,2.0,3.0,3,11,-1.8076807811343627,0.2727272727272727,-1.0015168787981648,-2.2806125084836313
BTCUSD,1d,wick,long,10,2.0,3.0,5,11,-1.0066757819901861,0.5454545454545454,-0.32980008793941357,-1.8718921612896233
BTCUSD,1d,wick,short,10,2.0,3.0,1,14,-1.4409544493137845,0.35714285714285715,-1.2290880501770869,-1.1473635690968087
BTCUSD,1d,wick,short,10,2.0,3.0,3,14,-3.791719612801404,0.2857142857142857,-2.2083955811868607,-3.118787885452135
BTCUSD,1d,wick,short,10,2.0,3.0,5,14,-4.408930754662867,0.21428571428571427,-2.6490432480235353,-3.343714375363429
BTCUSD,1d,capit,long,10,3.0,1.5,1,26,1.6999671707268313,0.6153846153846154,1.2263631230656764,1.6063762905098558
BTCUSD,1d,capit,long,10,3.0,1.5,3,24,0.6938402213862304,0.5833333333333334,0.46679365115814986,0.2209084940369619
BTCUSD,1d,capit,long,10,3.0,1.5,5,24,-0.7472970677146866,0.5,-0.32262477843673676,-1.612513447014124
BTCUSD,1d,capit,short,10,3.0,1.5,1,48,-0.9326203790877172,0.4375,-1.425087008276458,-0.6390294988707415
BTCUSD,1d,capit,short,10,3.0,1.5,3,40,-2.041468841090617,0.275,-1.9812234904300114,-1.3685371137413482
BTCUSD,1d,capit,short,10,3.0,1.5,5,40,-2.8629743479003276,0.25,-2.2493962623105044,-1.79775796860089
BTCUSD,1d,wick,long,10,3.0,1.5,1,7,-4.284371881365022,0.0,-2.947832986929704,-4.377962761581998
BTCUSD,1d,wick,long,10,3.0,1.5,3,7,-4.865796366406278,0.14285714285714285,-3.0182511682164717,-5.338728093755547
BTCUSD,1d,wick,long,10,3.0,1.5,5,7,-4.540061532246157,0.14285714285714285,-3.1317137577842997,-5.4052779115455944
BTCUSD,1d,wick,short,10,3.0,1.5,1,18,-0.7724754320206066,0.3333333333333333,-1.2819528301514256,-0.4788845518036308
BTCUSD,1d,wick,short,10,3.0,1.5,3,18,-1.6759099270520925,0.3333333333333333,-1.3027081458832257,-1.0029781997028238
BTCUSD,1d,wick,short,10,3.0,1.5,5,18,-3.3505553661427467,0.3888888888888889,-2.2507163419465184,-2.285338986843309
BTCUSD,1d,capit,long,10,3.0,2.0,1,25,1.7198230004130475,0.6,1.1921360098717422,1.6262321201960719
BTCUSD,1d,capit,long,10,3.0,2.0,3,23,0.5441547030614082,0.5652173913043478,0.35229538741607064,0.07122297571213965
BTCUSD,1d,capit,long,10,3.0,2.0,5,23,-0.8703550147581821,0.4782608695652174,-0.36026357406637965,-1.7355713940576196
BTCUSD,1d,capit,short,10,3.0,2.0,1,42,-0.9418628802122007,0.42857142857142855,-1.4441757308751435,-0.6482719999952249
BTCUSD,1d,capit,short,10,3.0,2.0,3,35,-2.174962212282176,0.2571428571428571,-2.0737185263539293,-1.5020304849329074
BTCUSD,1d,capit,short,10,3.0,2.0,5,35,-2.990687387789373,0.2571428571428571,-2.181684661126327,-1.925471008489935
BTCUSD,1d,wick,long,10,3.0,2.0,1,7,-4.284371881365022,0.0,-2.947832986929704,-4.377962761581998
BTCUSD,1d,wick,long,10,3.0,2.0,3,7,-4.865796366406278,0.14285714285714285,-3.0182511682164717,-5.338728093755547
BTCUSD,1d,wick,long,10,3.0,2.0,5,7,-4.540061532246157,0.14285714285714285,-3.1317137577842997,-5.4052779115455944
BTCUSD,1d,wick,short,10,3.0,2.0,1,17,-0.6750796580260762,0.35294117647058826,-1.0703221262790024,-0.38148877780910034
BTCUSD,1d,wick,short,10,3.0,2.0,3,17,-1.6666951834289079,0.35294117647058826,-1.2214832487660099,-0.9937634560796391
BTCUSD,1d,wick,short,10,3.0,2.0,5,17,-3.426331887444397,0.4117647058823529,-2.172803757949977,-2.3611155081449593
BTCUSD,1d,capit,long,10,3.0,3.0,1,18,2.5252573000759964,0.6111111111111112,1.2800336382794433,2.4316664198590208
BTCUSD,1d,capit,long,10,3.0,3.0,3,17,2.2039961950886853,0.6470588235294118,1.1598378058409933,1.7310644677394167
BTCUSD,1d,capit,long,10,3.0,3.0,5,17,0.9662943065628778,0.5294117647058824,0.3189992794718445,0.10107792726344056
BTCUSD,1d,capit,short,10,3.0,3.0,1,25,-1.3305280068692626,0.44,-1.4343367625739945,-1.0369371266522869
BTCUSD,1d,capit,short,10,3.0,3.0,3,20,-2.449410213600612,0.25,-1.8977784101232105,-1.7764784862513434
BTCUSD,1d,capit,short,10,3.0,3.0,5,20,-4.782746331602294,0.2,-2.5271068233179124,-3.7175299523028564
BTCUSD,1d,wick,long,10,3.0,3.0,1,5,-4.840810655182448,0.0,-2.391541861619606,-4.934401535399425
BTCUSD,1d,wick,long,10,3.0,3.0,3,5,-6.212401223104426,0.0,-3.77668252108814,-6.685332950453695
BTCUSD,1d,wick,long,10,3.0,3.0,5,5,-4.946827957276286,0.2,-2.459049630734739,-5.812044336575722
BTCUSD,1d,wick,short,10,3.0,3.0,1,9,-0.22661235316259434,0.4444444444444444,-0.20239352853923814,0.06697852705438148
BTCUSD,1d,wick,short,10,3.0,3.0,3,9,-2.5986449742136473,0.3333333333333333,-1.2645632425653257,-1.9257132468643785
BTCUSD,1d,wick,short,10,3.0,3.0,5,9,-4.8096234606575115,0.3333333333333333,-1.8522710114879357,-3.7444070813580734
BTCUSD,1d,capit,long,20,1.5,1.5,1,76,0.819471545333495,0.5921052631578947,1.3449527543849806,0.7258806651165193
BTCUSD,1d,capit,long,20,1.5,1.5,3,61,1.4281468172384024,0.639344262295082,1.602333662577193,0.9552150898891336
BTCUSD,1d,capit,long,20,1.5,1.5,5,58,1.541002035001794,0.6724137931034483,1.0454190583888496,0.675785655702356
BTCUSD,1d,capit,short,20,1.5,1.5,1,138,-0.6518842982002776,0.4420289855072464,-1.8200471430781542,-0.3582934179833018
BTCUSD,1d,capit,short,20,1.5,1.5,3,107,-1.244608968744479,0.40186915887850466,-2.305632813379456,-0.57167724139521
BTCUSD,1d,capit,short,20,1.5,1.5,5,95,-2.5202522484520555,0.3157894736842105,-2.952713316781186,-1.455035869152618
BTCUSD,1d,wick,long,20,1.5,1.5,1,51,-1.194393754576513,0.45098039215686275,-2.347483468118599,-1.2879846347934887
BTCUSD,1d,wick,long,20,1.5,1.5,3,45,-0.3124609075052722,0.37777777777777777,-0.33893684016648956,-0.7853926348545408
BTCUSD,1d,wick,long,20,1.5,1.5,5,43,-0.5406305397864345,0.46511627906976744,-0.48507563367583695,-1.4058469190858718
BTCUSD,1d,wick,short,20,1.5,1.5,1,68,-0.7667363839754346,0.3382352941176471,-1.9393408793331024,-0.4731455037584588
BTCUSD,1d,wick,short,20,1.5,1.5,3,60,-1.668679164798446,0.38333333333333336,-2.2643863398507635,-0.9957474374491773
BTCUSD,1d,wick,short,20,1.5,1.5,5,55,-1.4117279938574467,0.4,-1.4353113327772566,-0.34651161455800916
BTCUSD,1d,capit,long,20,1.5,2.0,1,62,0.9787058487077662,0.5967741935483871,1.3273237988190532,0.8851149684907906
BTCUSD,1d,capit,long,20,1.5,2.0,3,50,1.3167229169931358,0.62,1.3326563747357376,0.8437911896438672
BTCUSD,1d,capit,long,20,1.5,2.0,5,48,0.9178068446045845,0.6458333333333334,0.6796271180290971,0.052590465305147216
BTCUSD,1d,capit,short,20,1.5,2.0,1,93,-0.1602845283877707,0.5268817204301075,-0.3892812632919702,0.1333063518292051
BTCUSD,1d,capit,short,20,1.5,2.0,3,73,-0.8195466544998355,0.4383561643835616,-1.2178146008736626,-0.14661492715056668
BTCUSD,1d,capit,short,20,1.5,2.0,5,70,-1.308606109555431,0.32857142857142857,-1.3819510837349884,-0.24338973025599353
BTCUSD,1d,wick,long,20,1.5,2.0,1,37,-1.5872356685207571,0.40540540540540543,-2.4422731879889947,-1.6808265487377327
BTCUSD,1d,wick,long,20,1.5,2.0,3,33,-0.3288998098798097,0.3939393939393939,-0.2748821544393013,-0.8018315372290783
BTCUSD,1d,wick,long,20,1.5,2.0,5,31,0.06872468682499466,0.5483870967741935,0.04959141323118649,-0.7964916924744427
BTCUSD,1d,wick,short,20,1.5,2.0,1,41,-1.1885702418480475,0.2682926829268293,-2.182847540123274,-0.8949793616310717
BTCUSD,1d,wick,short,20,1.5,2.0,3,38,-2.417568149666812,0.3157894736842105,-2.663215181100881,-1.7446364223175432
BTCUSD,1d,wick,short,20,1.5,2.0,5,37,-1.8457947675008615,0.35135135135135137,-1.668389018200946,-0.7805783882014239
BTCUSD,1d,capit,long,20,1.5,3.0,1,34,2.3009122107853974,0.5882352941176471,2.1014310531890796,2.207321330568422
BTCUSD,1d,capit,long,20,1.5,3.0,3,29,2.187093276184822,0.6206896551724138,1.6635838652751085,1.7141615488355535
BTCUSD,1d,capit,long,20,1.5,3.0,5,28,2.660246904291597,0.6428571428571429,1.4275465564154912,1.7950305249921596
BTCUSD,1d,capit,short,20,1.5,3.0,1,38,-0.2943024427977839,0.5526315789473685,-0.4189771847536257,-0.0007115625808080672
BTCUSD,1d,capit,short,20,1.5,3.0,3,31,-2.1271865311100693,0.25806451612903225,-1.7239283613268768,-1.4542548037608005
BTCUSD,1d,capit,short,20,1.5,3.0,5,30,-3.315388750651966,0.23333333333333334,-2.0837840932508747,-2.2501723713525283
BTCUSD,1d,wick,long,20,1.5,3.0,1,20,-1.4475751297605388,0.4,-1.7288819967793743,-1.5411660099775144
BTCUSD,1d,wick,long,20,1.5,3.0,3,18,1.362684915137341,0.3888888888888889,0.7921275496757155,0.8897531877880724
BTCUSD,1d,wick,long,20,1.5,3.0,5,18,0.09856922529197171,0.5555555555555556,0.04939099830414464,-0.7666471540074657
BTCUSD,1d,wick,short,20,1.5,3.0,1,16,-1.565475680809765,0.375,-1.5159367585937662,-1.2718848005927892
BTCUSD,1d,wick,short,20,1.5,3.0,3,16,-3.4607038479770336,0.1875,-2.3902213800811944,-2.787772120627765
BTCUSD,1d,wick,short,20,1.5,3.0,5,16,-3.8642120209414315,0.125,-3.401131889353413,-2.798995641641994
BTCUSD,1d,capit,long,20,2.0,1.5,1,53,1.3599837973440339,0.6037735849056604,1.9149498178688569,1.2663929171270583
BTCUSD,1d,capit,long,20,2.0,1.5,3,45,1.0486599817382167,0.6,0.950063427529031,0.5757282543889481
BTCUSD,1d,capit,long,20,2.0,1.5,5,43,0.38016916541060736,0.6046511627906976,0.23087556061011272,-0.48504721388883
BTCUSD,1d,capit,short,20,2.0,1.5,1,96,-0.6757755880579174,0.4479166666666667,-1.455901044584832,-0.38218470784094155
BTCUSD,1d,capit,short,20,2.0,1.5,3,74,-1.4595199667339935,0.36486486486486486,-2.1036329412124153,-0.7865882393847248
BTCUSD,1d,capit,short,20,2.0,1.5,5,66,-3.4893511242042754,0.25757575757575757,-3.292394498818698,-2.4241347449048387
BTCUSD,1d,wick,long,20,2.0,1.5,1,24,-0.9334736716657721,0.4166666666666667,-1.5393423894475744,-1.0270645518827477
BTCUSD,1d,wick,long,20,2.0,1.5,3,24,0.1623788731767638,0.4166666666666667,0.14084407391659298,-0.3105528541725047
BTCUSD,1d,wick,long,20,2.0,1.5,5,23,0.9418548487710393,0.5652173913043478,0.5529442716721371,0.07663846947160202
BTCUSD,1d,wick,short,20,2.0,1.5,1,40,-1.1327266978506303,0.325,-2.172385764530814,-0.8391358176336545
BTCUSD,1d,wick,short,20,2.0,1.5,3,39,-2.295720096054359,0.358974358974359,-2.385183327410148,-1.6227883687050901
BTCUSD,1d,wick,short,20,2.0,1.5,5,38,-1.9965836882132924,0.3684210526315789,-1.8108242473763643,-0.9313673089138548
BTCUSD,1d,capit,long,20,2.0,2.0,1,45,1.596776972089125,0.6222222222222222,1.9331327578183817,1.5031860918721494
BTCUSD,1d,capit,long,20,2.0,2.0,3,39,1.364423743723393,0.5897435897435898,1.1313546276731712,0.8914920163741245
BTCUSD,1d,capit,long,20,2.0,2.0,5,38,0.8711855376806512,0.6052631578947368,0.523355893930277,0.005969158381213813
BTCUSD,1d,capit,short,20,2.0,2.0,1,71,-0.22173639237463508,0.5070422535211268,-0.4590983896853185,0.07185448784234078
BTCUSD,1d,capit,short,20,2.0,2.0,3,57,-0.7528378543401286,0.40350877192982454,-0.9151312187100882,-0.07990612699085986
BTCUSD,1d,capit,short,20,2.0,2.0,5,55,-1.9920409744289764,0.2727272727272727,-1.7379357891702434,-0.9268245951295386
BTCUSD,1d,wick,long,20,2.0,2.0,1,21,-1.2179825980128023,0.38095238095238093,-1.8595240346743804,-1.3115734782297779
BTCUSD,1d,wick,long,20,2.0,2.0,3,21,0.21732383190930013,0.42857142857142855,0.17251793502898388,-0.2556078954399685
BTCUSD,1d,wick,long,20,2.0,2.0,5,20,0.8564954909427953,0.6,0.4558965351916988,-0.008720888356642087
BTCUSD,1d,wick,short,20,2.0,2.0,1,34,-1.3729726581431756,0.2647058823529412,-2.3487259121639115,-1.0793817779261998
BTCUSD,1d,wick,short,20,2.0,2.0,3,33,-2.860716883781925,0.30303030303030304,-2.9613871474888827,-2.187785156432656
BTCUSD,1d,wick,short,20,2.0,2.0,5,32,-2.5009694864510092,0.3125,-2.151472521388877,-1.4357531071515717
BTCUSD,1d,capit,long,20,2.0,3.0,1,29,2.356258196320551,0.6206896551724138,1.9181075446056954,2.2626673161035753
BTCUSD,1d,capit,long,20,2.0,3.0,3,26,1.7452032523843044,0.5769230769230769,1.2163021023185876,1.2722715250350358
BTCUSD,1d,capit,long,20,2.0,3.0,5,25,2.038556109994456,0.6,0.9950651518145559,1.1733397306950186
BTCUSD,1d,capit,short,20,2.0,3.0,1,36,-0.2225707064765131,0.5555555555555556,-0.3042005924627829,0.07102017374046271
BTCUSD,1d,capit,short,20,2.0,3.0,3,29,-1.8726205703218788,0.27586206896551724,-1.4608489294126694,-1.19968884297261
BTCUSD,1d,capit,short,20,2.0,3.0,5,29,-3.4140096706930816,0.2413793103448276,-2.0770039093948793,-2.348793291393644
BTCUSD,1d,wick,long,20,2.0,3.0,1,13,-0.8952836520745291,0.38461538461538464,-0.9442987922491581,-0.9888745322915047
BTCUSD,1d,wick,long,20,2.0,3.0,3,13,1.5953277629954261,0.46153846153846156,0.8620956634399172,1.1223960356461575
BTCUSD,1d,wick,long,20,2.0,3.0,5,13,0.885925749715384,0.6153846153846154,0.3278551554646253,0.02070937041594656
BTCUSD,1d,wick,short,20,2.0,3.0,1,15,-1.4751491914810126,0.4,-1.3413510124621864,-1.1815583112640369
BTCUSD,1d,wick,short,20,2.0,3.0,3,15,-3.455152945993952,0.2,-2.232277520480147,-2.7822212186446835
BTCUSD,1d,wick,short,20,2.0,3.0,5,15,-3.977113039365022,0.13333333333333333,-3.2907083482091126,-2.9118966600655845
BTCUSD,1d,capit,long,20,3.0,1.5,1,18,2.3477838084321894,0.6111111111111112,1.3529583492104302,2.2541929282152138
BTCUSD,1d,capit,long,20,3.0,1.5,3,16,1.2259514208915259,0.5625,0.6644139423478903,0.7530196935422573
BTCUSD,1d,capit,long,20,3.0,1.5,5,16,-1.933971541390829,0.4375,-0.647262290786832,-2.799187920690266
BTCUSD,1d,capit,short,20,3.0,1.5,1,42,-0.8441284777075978,0.42857142857142855,-1.1612571470648674,-0.5505375974906219
BTCUSD,1d,capit,short,20,3.0,1.5,3,34,-1.1581558722054264,0.3235294117647059,-1.0949449910365292,-0.4852241448561576
BTCUSD,1d,capit,short,20,3.0,1.5,5,34,-3.2248804210513025,0.23529411764705882,-2.301204247132028,-2.159664041751865
BTCUSD,1d,wick,long,20,3.0,1.5,1,7,-1.4920574648288507,0.14285714285714285,-0.9780674448655141,-1.5856483450458263
BTCUSD,1d,wick,long,20,3.0,1.5,3,7,-1.5487702640020893,0.14285714285714285,-0.604198107597808,-2.0217019913513576
BTCUSD,1d,wick,long,20,3.0,1.5,5,7,-4.098770463296392,0.2857142857142857,-1.0316391007009351,-4.96398684259583
BTCUSD,1d,wick,short,20,3.0,1.5,1,18,-0.3177239806337156,0.3888888888888889,-0.42091948669637524,-0.024133100416739772
BTCUSD,1d,wick,short,20,3.0,1.5,3,18,-2.774265943899406,0.2222222222222222,-2.4221832458319024,-2.1013342165501374
BTCUSD,1d,wick,short,20,3.0,1.5,5,18,-3.8922853132375352,0.2777777777777778,-2.679409809665693,-2.8270689339380977
BTCUSD,1d,capit,long,20,3.0,2.0,1,17,2.4150904190122344,0.5882352941176471,1.3131380432239004,2.321499538795259
BTCUSD,1d,capit,long,20,3.0,2.0,3,15,1.0319077060938182,0.5333333333333333,0.5260478460098502,0.5589759787445496
BTCUSD,1d,capit,long,20,3.0,2.0,5,15,-2.2017720251025983,0.4,-0.6920827303531566,-3.0669884044020357
BTCUSD,1d,capit,short,20,3.0,2.0,1,36,-0.5566319551179177,0.4722222222222222,-0.70648495009614,-0.263041074900942
BTCUSD,1d,capit,short,20,3.0,2.0,3,29,-1.0464549440866995,0.3103448275862069,-0.8410483749928434,-0.3735232167374306
BTCUSD,1d,capit,short,20,3.0,2.0,5,29,-3.131304883915108,0.2413793103448276,-1.8754811284078563,-2.0660885046156707
BTCUSD,1d,wick,long,20,3.0,2.0,1,7,-1.4920574648288507,0.14285714285714285,-0.9780674448655141,-1.5856483450458263
BTCUSD,1d,wick,long,20,3.0,2.0,3,7,-1.5487702640020893,0.14285714285714285,-0.604198107597808,-2.0217019913513576
BTCUSD,1d,wick,long,20,3.0,2.0,5,7,-4.098770463296392,0.2857142857142857,-1.0316391007009351,-4.96398684259583
BTCUSD,1d,wick,short,20,3.0,2.0,1,18,-0.3177239806337156,0.3888888888888889,-0.42091948669637524,-0.024133100416739772
BTCUSD,1d,wick,short,20,3.0,2.0,3,18,-2.774265943899406,0.2222222222222222,-2.4221832458319024,-2.1013342165501374
BTCUSD,1d,wick,short,20,3.0,2.0,5,18,-3.8922853132375352,0.2777777777777778,-2.679409809665693,-2.8270689339380977
BTCUSD,1d,capit,long,20,3.0,3.0,1,16,2.71183649222888,0.625,1.4034260484858843,2.618245612011904
BTCUSD,1d,capit,long,20,3.0,3.0,3,14,1.3835990072538764,0.5714285714285714,0.6674445251599317,0.9106672799046078
BTCUSD,1d,capit,long,20,3.0,3.0,5,14,-0.912409980538458,0.42857142857142855,-0.29205529737530855,-1.7776263598378954
BTCUSD,1d,capit,short,20,3.0,3.0,1,27,-0.6866870747864349,0.48148148148148145,-0.7226060338496789,-0.39309619456945905
BTCUSD,1d,capit,short,20,3.0,3.0,3,21,-2.1153808619491605,0.23809523809523808,-1.4011636600924338,-1.4424491345998918
BTCUSD,1d,capit,short,20,3.0,3.0,5,21,-3.7310890908993457,0.23809523809523808,-1.7936539593338505,-2.665872711599908
BTCUSD,1d,wick,long,20,3.0,3.0,1,6,-1.4099421251543751,0.16666666666666666,-0.7822590702808203,-1.5035330053713507
BTCUSD,1d,wick,long,20,3.0,3.0,3,6,-1.4711438197904694,0.16666666666666666,-0.4852691738418794,-1.944075547139738
BTCUSD,1d,wick,long,20,3.0,3.0,5,6,-4.832155864348855,0.16666666666666666,-1.0458731279527251,-5.697372243648292
BTCUSD,1d,wick,short,20,3.0,3.0,1,9,-0.3042773646539598,0.5555555555555556,-0.2641793014419103,-0.010686484436984
BTCUSD,1d,wick,short,20,3.0,3.0,3,9,-1.988039566925727,0.2222222222222222,-1.1117649627835866,-1.3151078395764582
BTCUSD,1d,wick,short,20,3.0,3.0,5,9,-3.787973152369544,0.2222222222222222,-1.9482152297632844,-2.7227567730701066
BTCUSD,1d,capit,long,40,1.5,1.5,1,55,1.2439479443287855,0.5454545454545454,2.026167955815021,1.15035706411181
BTCUSD,1d,capit,long,40,1.5,1.5,3,45,1.893806685540772,0.6666666666666666,1.873840358636251,1.4208749581915034
BTCUSD,1d,capit,long,40,1.5,1.5,5,43,1.2539483765924297,0.6976744186046512,0.7677143101772586,0.38873199729299235
BTCUSD,1d,capit,short,40,1.5,1.5,1,122,-0.6595567423580566,0.45901639344262296,-1.697662926459991,-0.3659658621410808
BTCUSD,1d,capit,short,40,1.5,1.5,3,88,-1.3656529800096546,0.3977272727272727,-2.226885055628485,-0.6927212526603859
BTCUSD,1d,capit,short,40,1.5,1.5,5,80,-2.1819398760754076,0.3125,-2.694672941803434,-1.11672349677597
BTCUSD,1d,wick,long,40,1.5,1.5,1,39,-1.8805008341792158,0.41025641025641024,-2.7311906593601427,-1.9740917143961914
BTCUSD,1d,wick,long,40,1.5,1.5,3,33,-0.6303290337993632,0.45454545454545453,-0.5659725826652496,-1.1032607611486318
BTCUSD,1d,wick,long,40,1.5,1.5,5,32,-0.555077718006549,0.5625,-0.429996472274304,-1.4202940973059865
BTCUSD,1d,wick,short,40,1.5,1.5,1,69,-0.6121111309760038,0.391304347826087,-1.5082653543174867,-0.31852025075902796
BTCUSD,1d,wick,short,40,1.5,1.5,3,60,-1.9635843723043227,0.36666666666666664,-2.760409292883956,-1.290652644955054
BTCUSD,1d,wick,short,40,1.5,1.5,5,54,-2.4172400811373356,0.37037037037037035,-2.389432346840856,-1.352023701837898
BTCUSD,1d,capit,long,40,1.5,2.0,1,44,1.41169567196797,0.5227272727272727,1.8610937315140161,1.3181047917509945
BTCUSD,1d,capit,long,40,1.5,2.0,3,37,2.2177663815231794,0.6486486486486487,1.9240144119124603,1.7448346541739108
BTCUSD,1d,capit,long,40,1.5,2.0,5,36,1.5283531423127303,0.6944444444444444,0.8877212311745566,0.6631367630132929
BTCUSD,1d,capit,short,40,1.5,2.0,1,82,-0.5556026739560371,0.5,-1.1036637402846916,-0.26201179373906125
BTCUSD,1d,capit,short,40,1.5,2.0,3,62,-1.468882622596945,0.45161290322580644,-1.9904801197758553,-0.7959508952476761
BTCUSD,1d,capit,short,40,1.5,2.0,5,59,-1.5701752798857413,0.3559322033898305,-1.3958474016776574,-0.504958900586304
BTCUSD,1d,wick,long,40,1.5,2.0,1,29,-2.556300673177288,0.3448275862068966,-3.058755839868051,-2.6498915533942635
BTCUSD,1d,wick,long,40,1.5,2.0,3,25,-0.9609620880232402,0.44,-0.6865613639470164,-1.433893815372509
BTCUSD,1d,wick,long,40,1.5,2.0,5,24,-0.8861582587334558,0.5833333333333334,-0.5386463998094334,-1.7513746380328932
BTCUSD,1d,wick,short,40,1.5,2.0,1,50,-0.9274455280697629,0.34,-1.9143742150749938,-0.6338546478527871
BTCUSD,1d,wick,short,40,1.5,2.0,3,45,-1.9915238583095192,0.35555555555555557,-2.2459118389986,-1.3185921309602504
BTCUSD,1d,wick,short,40,1.5,2.0,5,41,-2.0192167103880987,0.3902439024390244,-1.8164336379078154,-0.9540003310886611
BTCUSD,1d,capit,long,40,1.5,3.0,1,25,2.3671078132932726,0.52,2.018727479687402,2.273516933076297
BTCUSD,1d,capit,long,40,1.5,3.0,3,21,1.2942852861049914,0.5714285714285714,0.9440150298554075,0.8213535587557228
BTCUSD,1d,capit,long,40,1.5,3.0,5,20,1.4978642786648921,0.6,0.6692644227442799,0.6326478993654545
BTCUSD,1d,capit,short,40,1.5,3.0,1,34,-0.22472204181192393,0.5,-0.30224791281201263,0.06886883840505188
BTCUSD,1d,capit,short,40,1.5,3.0,3,28,-0.9714043157691168,0.39285714285714285,-0.8287508120086973,-0.29847258841984803
BTCUSD,1d,capit,short,40,1.5,3.0,5,26,-2.267398672014812,0.3076923076923077,-1.271579360951236,-1.2021822927153742
BTCUSD,1d,wick,long,40,1.5,3.0,1,15,-1.7937794108470635,0.4666666666666667,-1.38115668343423,-1.887370291064039
BTCUSD,1d,wick,long,40,1.5,3.0,3,14,1.072769910069023,0.5,0.5829504097651601,0.5998381827197543
BTCUSD,1d,wick,long,40,1.5,3.0,5,14,0.09104608375017682,0.7142857142857143,0.039436427284758414,-0.7741702955492606
BTCUSD,1d,wick,short,40,1.5,3.0,1,17,-1.4545157930612598,0.4117647058823529,-1.4839572587479954,-1.160924912844284
BTCUSD,1d,wick,short,40,1.5,3.0,3,17,-3.403162121985232,0.23529411764705882,-2.1973349212446758,-2.7302303946359636
BTCUSD,1d,wick,short,40,1.5,3.0,5,17,-3.5644096157598835,0.23529411764705882,-1.8152153991882383,-2.4991932364604463
BTCUSD,1d,capit,long,40,2.0,1.5,1,33,1.8503235690920357,0.5454545454545454,2.127418118252772,1.75673268887506
BTCUSD,1d,capit,long,40,2.0,1.5,3,30,1.1169233579888977,0.5666666666666667,0.8367758397741327,0.6439916306396292
BTCUSD,1d,capit,long,40,2.0,1.5,5,28,-0.08538180241907548,0.6071428571428571,-0.0371193471045799,-0.9505981817185128
BTCUSD,1d,capit,short,40,2.0,1.5,1,98,-0.8375298090917588,0.4387755102040816,-1.8857385749482753,-0.5439389288747829
BTCUSD,1d,capit,short,40,2.0,1.5,3,69,-2.2548049104119907,0.30434782608695654,-3.167404483921573,-1.5818731830627224
BTCUSD,1d,capit,short,40,2.0,1.5,5,63,-3.1978025067698495,0.25396825396825395,-3.70310573061998,-2.132586127470411
BTCUSD,1d,wick,long,40,2.0,1.5,1,17,-2.5263750827063647,0.29411764705882354,-2.4614458168611852,-2.6199659629233403
BTCUSD,1d,wick,long,40,2.0,1.5,3,17,0.5540986649778489,0.47058823529411764,0.3340528000487482,0.0811669376285803
BTCUSD,1d,wick,long,40,2.0,1.5,5,16,-0.9472491272120089,0.5625,-0.4594889453771296,-1.8124655065114463
BTCUSD,1d,wick,short,40,2.0,1.5,1,50,-0.9360253588769232,0.32,-1.9184900140829704,-0.6424344786599474
BTCUSD,1d,wick,short,40,2.0,1.5,3,46,-2.516802125357133,0.30434782608695654,-2.85721130528865,-1.843870398007865
BTCUSD,1d,wick,short,40,2.0,1.5,5,42,-2.5517718528998663,0.38095238095238093,-1.9919308008784873,-1.4865554736004287
BTCUSD,1d,capit,long,40,2.0,2.0,1,27,2.1651352807872204,0.5555555555555556,2.065281945829603,2.071544400570245
BTCUSD,1d,capit,long,40,2.0,2.0,3,25,1.3682615017080684,0.56,0.9205115115208374,0.8953297743587998
BTCUSD,1d,capit,long,40,2.0,2.0,5,24,0.35276824205618623,0.625,0.15170920718724945,-0.5124481372432511
BTCUSD,1d,capit,short,40,2.0,2.0,1,68,-0.6299124376363765,0.5,-1.1001196241777675,-0.3363215574194007
BTCUSD,1d,capit,short,40,2.0,2.0,3,49,-2.098194598019209,0.3877551020408163,-2.350916061017398,-1.4252628706699404
BTCUSD,1d,capit,short,40,2.0,2.0,5,47,-2.303328682340963,0.3191489361702128,-1.8556989605508438,-1.2381123030415249
BTCUSD,1d,wick,long,40,2.0,2.0,1,17,-2.5263750827063647,0.29411764705882354,-2.4614458168611852,-2.6199659629233403
BTCUSD,1d,wick,long,40,2.0,2.0,3,17,0.5540986649778489,0.47058823529411764,0.3340528000487482,0.0811669376285803
BTCUSD,1d,wick,long,40,2.0,2.0,5,16,-0.9472491272120089,0.5625,-0.4594889453771296,-1.8124655065114463
BTCUSD,1d,wick,short,40,2.0,2.0,1,37,-1.357023515659025,0.2702702702702703,-2.476156824182638,-1.0634326354420491
BTCUSD,1d,wick,short,40,2.0,2.0,3,35,-2.661019015845926,0.2857142857142857,-2.4948039210546193,-1.9880872884966572
BTCUSD,1d,wick,short,40,2.0,2.0,5,33,-2.363959324119649,0.3939393939393939,-1.8293669066533793,-1.2987429448202112
BTCUSD,1d,capit,long,40,2.0,3.0,1,21,2.679626224984438,0.5714285714285714,2.04039807942051,2.5860353447674624
BTCUSD,1d,capit,long,40,2.0,3.0,3,19,0.7527899231944962,0.5263157894736842,0.5203130906468233,0.27985819584522764
BTCUSD,1d,capit,long,40,2.0,3.0,5,18,0.6934917835243877,0.5555555555555556,0.28795397705766607,-0.17172459577504962
BTCUSD,1d,capit,short,40,2.0,3.0,1,32,-0.25583111740561765,0.5,-0.32414553395297346,0.03775976281135818
BTCUSD,1d,capit,short,40,2.0,3.0,3,26,-1.033034721535662,0.38461538461538464,-0.8179705035256319,-0.360102994186393
BTCUSD,1d,capit,short,40,2.0,3.0,5,24,-2.709275601145671,0.2916666666666667,-1.429989113826959,-1.6440592218462333
BTCUSD,1d,wick,long,40,2.0,3.0,1,11,-2.4784344749482856,0.36363636363636365,-1.5992359581713602,-2.572025355165261
BTCUSD,1d,wick,long,40,2.0,3.0,3,11,2.0376797712651986,0.5454545454545454,0.876533436949528,1.56474804391593
BTCUSD,1d,wick,long,40,2.0,3.0,5,11,-0.6898400846651013,0.6363636363636364,-0.2373607400945488,-1.5550564639645388
BTCUSD,1d,wick,short,40,2.0,3.0,1,16,-1.609463128068228,0.375,-1.562070812772222,-1.3158722478512523
BTCUSD,1d,wick,short,40,2.0,3.0,3,16,-3.6005325565308817,0.25,-2.201694181623542,-2.927600829181613
BTCUSD,1d,wick,short,40,2.0,3.0,5,16,-3.2430530434309075,0.25,-1.5725732610114698,-2.17783666413147
BTCUSD,1d,capit,long,40,3.0,1.5,1,15,3.7252883519895295,0.6666666666666666,2.211461210916699,3.631697471772554
BTCUSD,1d,capit,long,40,3.0,1.5,3,14,1.951372548958211,0.5714285714285714,1.2204971500527617,1.4784408216089424
BTCUSD,1d,capit,long,40,3.0,1.5,5,14,0.07275026257442252,0.5714285714285714,0.02298947385136036,-0.7924661167250149
BTCUSD,1d,capit,short,40,3.0,1.5,1,41,-0.11018070308768602,0.4878048780487805,-0.1562453642733609,0.1834101771292898
BTCUSD,1d,capit,short,40,3.0,1.5,3,32,-0.4960258447748878,0.40625,-0.4362327128791833,0.17690588257438095
BTCUSD,1d,capit,short,40,3.0,1.5,5,29,-3.5271655898785497,0.2413793103448276,-2.0973004847740464,-2.461949210579112
BTCUSD,1d,wick,long,40,3.0,1.5,1,7,-3.7252383772510758,0.2857142857142857,-1.5966844158980875,-3.8188292574680514
BTCUSD,1d,wick,long,40,3.0,1.5,3,7,0.7590707964481469,0.42857142857142855,0.23315742075946153,0.2861390690988783
BTCUSD,1d,wick,long,40,3.0,1.5,5,7,-3.812952627814438,0.42857142857142855,-0.9084193044968725,-4.678169007113875
BTCUSD,1d,wick,short,40,3.0,1.5,1,19,-1.169125042065965,0.3157894736842105,-1.2360123885918366,-0.8755341618489891
BTCUSD,1d,wick,short,40,3.0,1.5,3,19,-3.67604588342896,0.21052631578947367,-2.6408962483753413,-3.0031141560796915
BTCUSD,1d,wick,short,40,3.0,1.5,5,19,-3.4634884327734734,0.2631578947368421,-1.8708784548628385,-2.398272053474036
BTCUSD,1d,capit,long,40,3.0,2.0,1,14,3.9054109893765365,0.6428571428571429,2.1707472330464728,3.811820109159561
BTCUSD,1d,capit,long,40,3.0,2.0,3,13,1.783277580196755,0.5384615384615384,1.0383786492263127,1.3103458528474865
BTCUSD,1d,capit,long,40,3.0,2.0,5,13,-0.08188707986490715,0.5384615384615384,-0.023985877095392762,-0.9471034591643446
BTCUSD,1d,capit,short,40,3.0,2.0,1,36,-0.2964403210192562,0.4722222222222222,-0.37536689985119565,-0.0028494408022803897
BTCUSD,1d,capit,short,40,3.0,2.0,3,27,-1.0057658386276702,0.37037037037037035,-0.797361488727767,-0.33283411127840146
BTCUSD,1d,capit,short,40,3.0,2.0,5,26,-3.874234949657434,0.23076923076923078,-2.084849117445736,-2.8090185703579964
BTCUSD,1d,wick,long,40,3.0,2.0,1,7,-3.7252383772510758,0.2857142857142857,-1.5966844158980875,-3.8188292574680514
BTCUSD,1d,wick,long,40,3.0,2.0,3,7,0.7590707964481469,0.42857142857142855,0.23315742075946153,0.2861390690988783
BTCUSD,1d,wick,long,40,3.0,2.0,5,7,-3.812952627814438,0.42857142857142855,-0.9084193044968725,-4.678169007113875
BTCUSD,1d,wick,short,40,3.0,2.0,1,18,-1.6477921670763833,0.2777777777777778,-1.910519455547799,-1.3542012868594075
BTCUSD,1d,wick,short,40,3.0,2.0,3,18,-3.6390947612122546,0.2222222222222222,-2.4737996043501287,-2.966163033862986
BTCUSD,1d,wick,short,40,3.0,2.0,5,18,-3.492084889744641,0.2777777777777778,-1.7844981599088012,-2.4268685104452032
BTCUSD,1d,capit,long,40,3.0,3.0,1,13,4.3852769695173555,0.6923076923076923,2.341485321315021,4.291686089300379
BTCUSD,1d,capit,long,40,3.0,3.0,3,12,2.256198254392068,0.5833333333333334,1.2570807251446945,1.7832665270427992
BTCUSD,1d,capit,long,40,3.0,3.0,5,12,1.599025717563064,0.5833333333333334,0.49500143968086235,0.7338093382636266
BTCUSD,1d,capit,short,40,3.0,3.0,1,24,0.07177617750496237,0.5,0.07753473784802802,0.36536705772193817
BTCUSD,1d,capit,short,40,3.0,3.0,3,20,-0.12314386699260327,0.4,-0.08596604932182095,0.5497878603566655
BTCUSD,1d,capit,short,40,3.0,3.0,5,19,-2.1579891802622453,0.3157894736842105,-0.9366922822709771,-1.0927728009628077
BTCUSD,1d,wick,long,40,3.0,3.0,1,7,-3.7252383772510758,0.2857142857142857,-1.5966844158980875,-3.8188292574680514
BTCUSD,1d,wick,long,40,3.0,3.0,3,7,0.7590707964481469,0.42857142857142855,0.23315742075946153,0.2861390690988783
BTCUSD,1d,wick,long,40,3.0,3.0,5,7,-3.812952627814438,0.42857142857142855,-0.9084193044968725,-4.678169007113875
BTCUSD,1d,wick,short,40,3.0,3.0,1,12,-1.4316983790748674,0.4166666666666667,-1.0995542924239867,-1.1381074988578916
BTCUSD,1d,wick,short,40,3.0,3.0,3,12,-2.348589653450156,0.3333333333333333,-1.1632693249121568,-1.6756579261008875
BTCUSD,1d,wick,short,40,3.0,3.0,5,12,-1.4013844368929773,0.3333333333333333,-0.574790496078916,-0.33616805759353974
USDJPY,1h,capit,long,12,1.5,1.5,4,1126,-0.005623609187140026,0.5239786856127886,-0.7516877192858115,-0.004660592430955906
USDJPY,1h,capit,long,12,1.5,1.5,24,818,-0.009094536493490187,0.508557457212714,-0.47670204921974196,-0.02149990800252837
USDJPY,1h,capit,short,12,1.5,1.5,4,1069,-0.012556858791865886,0.4695977549111319,-1.6584206031689057,-0.006142952892586758
USDJPY,1h,capit,short,12,1.5,1.5,24,792,-0.03501457233019993,0.4772727272727273,-1.9707891116164753,-0.01523354171525318
USDJPY,1h,wick,long,12,1.5,1.5,4,773,-0.010422500757469873,0.500646830530401,-1.011411525956247,-0.009473021136049415
USDJPY,1h,wick,long,12,1.5,1.5,24,627,-0.012487215753625847,0.49920255183413076,-0.568795959545842,-0.024903711383682185
USDJPY,1h,wick,short,12,1.5,1.5,4,611,0.011427680697742845,0.49427168576104746,1.142149568495315,0.017812304586781083
USDJPY,1h,wick,short,12,1.5,1.5,24,513,0.020900803294880595,0.5087719298245614,0.9223905625951414,0.0406569196132842
USDJPY,1h,capit,long,12,1.5,2.0,4,649,-0.007329376820421268,0.522342064714946,-0.6904970144396778,-0.006376544979963003
USDJPY,1h,capit,long,12,1.5,2.0,24,537,0.0014315144987002548,0.515828677839851,0.05953886094744255,-0.010988173476071873
USDJPY,1h,capit,short,12,1.5,2.0,4,574,-0.01894875686487355,0.4337979094076655,-1.622645016786189,-0.012535166126235056
USDJPY,1h,capit,short,12,1.5,2.0,24,486,-0.045623086444829715,0.4711934156378601,-1.994716911443592,-0.025847225354261205
USDJPY,1h,wick,long,12,1.5,2.0,4,432,-0.009895908066896308,0.5046296296296297,-0.6569851268158305,-0.0089479768706093
USDJPY,1h,wick,long,12,1.5,2.0,24,382,-0.01893171091587984,0.48429319371727747,-0.7066459022304982,-0.031355163412965605
USDJPY,1h,wick,short,12,1.5,2.0,4,318,0.01865028035255429,0.4811320754716981,1.165988335951969,0.025029378351537804
USDJPY,1h,wick,short,12,1.5,2.0,24,290,0.008996595650313388,0.496551724137931,0.2845696341052608,0.028746878748580878
USDJPY,1h,capit,long,12,1.5,3.0,4,159,-0.007038439175419408,0.48427672955974843,-0.40461799990072733,-0.006095127190996301
USDJPY,1h,capit,long,12,1.5,3.0,24,147,-0.016933943424639834,0.46938775510204084,-0.4332804729511992,-0.02935690048877177
USDJPY,1h,capit,short,12,1.5,3.0,4,134,-0.025846529070104884,0.39552238805970147,-1.1894884037977225,-0.019437159211615367
USDJPY,1h,capit,short,12,1.5,3.0,24,131,-0.024750912163242763,0.44274809160305345,-0.5585683751019711,-0.004972128290380382
USDJPY,1h,wick,long,12,1.5,3.0,4,101,-0.0023772117145090645,0.49504950495049505,-0.08493368124155769,-0.0014077442338620314
USDJPY,1h,wick,long,12,1.5,3.0,24,97,0.016737834132163558,0.5051546391752577,0.3189435186093858,0.004335104981273808
USDJPY,1h,wick,short,12,1.5,3.0,4,88,0.017204270413326287,0.45454545454545453,0.5494690275517395,0.023580932478010297
USDJPY,1h,wick,short,12,1.5,3.0,24,87,0.03922273696374711,0.5517241379310345,0.7571717345494996,0.058969108077440296
USDJPY,1h,capit,long,12,2.0,1.5,4,795,-0.012706446185096464,0.5056603773584906,-1.331813151954853,-0.01174750938149227
USDJPY,1h,capit,long,12,2.0,1.5,24,646,-0.014381085728014935,0.4953560371517028,-0.6614455277170805,-0.026788131308952596
USDJPY,1h,capit,short,12,2.0,1.5,4,705,-0.01586839814094907,0.4553191489361702,-1.493056294900363,-0.009460511244229398
USDJPY,1h,capit,short,12,2.0,1.5,24,590,-0.029325682795847397,0.47627118644067795,-1.3478383135736525,-0.009550556750692975
USDJPY,1h,wick,long,12,2.0,1.5,4,401,-0.0168849675273207,0.49625935162094764,-1.005428192297858,-0.015930899349007092
USDJPY,1h,wick,long,12,2.0,1.5,24,363,-0.018903855516841223,0.46831955922865015,-0.6770004102029918,-0.031322317048312495
USDJPY,1h,wick,short,12,2.0,1.5,4,332,0.018910730484785223,0.49096385542168675,1.1858641025577492,0.02529907496001657
USDJPY,1h,wick,short,12,2.0,1.5,24,304,0.05000161940312962,0.5493421052631579,1.5194612651550408,0.06976511202618768
USDJPY,1h,capit,long,12,2.0,2.0,4,514,-0.012274673983462943,0.5136186770428015,-0.9779624990833361,-0.0113235150411368
USDJPY,1h,capit,long,12,2.0,2.0,24,447,-0.02052495107338748,0.4966442953020134,-0.8031137467304107,-0.032947681659578246
USDJPY,1h,capit,short,12,2.0,2.0,4,449,-0.023919073579716656,0.41870824053452116,-1.6741197678932924,-0.01750303410728305
USDJPY,1h,capit,short,12,2.0,2.0,24,394,-0.03929560676925671,0.4746192893401015,-1.4921276521877096,-0.019516909163194936
USDJPY,1h,wick,long,12,2.0,2.0,4,263,-0.02422296885031674,0.5019011406844106,-1.0606884782970247,-0.023277374682455915
USDJPY,1h,wick,long,12,2.0,2.0,24,242,-0.029192124309782113,0.4669421487603306,-0.8850193735279355,-0.04162054047129333
USDJPY,1h,wick,short,12,2.0,2.0,4,209,0.024360983525373633,0.49282296650717705,1.0682669947965548,0.03073908903910231
USDJPY,1h,wick,short,12,2.0,2.0,24,198,0.005298282922929847,0.5151515151515151,0.1280637896190938,0.02505000761261817
USDJPY,1h,capit,long,12,2.0,3.0,4,141,-0.009847740066456898,0.48226950354609927,-0.5170747122426498,-0.008902760350191028
USDJPY,1h,capit,long,12,2.0,3.0,24,131,-0.007457108244650346,0.4732824427480916,-0.17538376924038274,-0.01988036832030533
USDJPY,1h,capit,short,12,2.0,3.0,4,125,-0.026176826674462163,0.4,-1.1409857057855592,-0.019760275634958364
USDJPY,1h,capit,short,12,2.0,3.0,24,123,-0.02217486394085798,0.45528455284552843,-0.470538577191244,-0.0023891233733469054
USDJPY,1h,wick,long,12,2.0,3.0,4,70,-0.009043591983930517,0.4714285714285714,-0.23696594333612644,-0.00804755199638803
USDJPY,1h,wick,long,12,2.0,3.0,24,68,-0.053622182043996304,0.4117647058823529,-0.8062272966315124,-0.06600079112093038
USDJPY,1h,wick,short,12,2.0,3.0,4,73,0.007510092307406121,0.4246575342465753,0.20736186590564146,0.013896685843967511
USDJPY,1h,wick,short,12,2.0,3.0,24,73,0.02613187705552947,0.5342465753424658,0.43741115135198505,0.0458874801611643
USDJPY,1h,capit,long,12,3.0,1.5,4,348,-0.03409260349593866,0.47988505747126436,-1.9502397274753314,-0.03313695236410512
USDJPY,1h,capit,long,12,3.0,1.5,24,324,-0.03309542420953067,0.49691358024691357,-1.0433780354942723,-0.04551726266388951
USDJPY,1h,capit,short,12,3.0,1.5,4,285,-0.03490201993055687,0.40350877192982454,-1.6513271527314177,-0.02849005214135357
USDJPY,1h,capit,short,12,3.0,1.5,24,264,-0.05851032478711364,0.4583333333333333,-1.5922740346034914,-0.03872398501331943
USDJPY,1h,wick,long,12,3.0,1.5,4,126,-0.059594995620170316,0.42857142857142855,-1.311445420640085,-0.05864465903062873
USDJPY,1h,wick,long,12,3.0,1.5,24,122,-0.10807801317628128,0.4098360655737705,-1.9850435068146122,-0.12050183404631284
USDJPY,1h,wick,short,12,3.0,1.5,4,125,0.03744365565892343,0.496,1.1333868994313523,0.04380894515793985
USDJPY,1h,wick,short,12,3.0,1.5,24,123,0.03681863972513784,0.5121951219512195,0.5659471605739379,0.05655355385780776
USDJPY,1h,capit,long,12,3.0,2.0,4,270,-0.03868826599525537,0.4666666666666667,-1.8642063696687015,-0.037737037287680145
USDJPY,1h,capit,long,12,3.0,2.0,24,254,-0.057486061934189446,0.46062992125984253,-1.5539746587098224,-0.06991343857612259
USDJPY,1h,capit,short,12,3.0,2.0,4,227,-0.03084260776110684,0.41409691629955947,-1.2572180562537383,-0.024422642444737575
USDJPY,1h,capit,short,12,3.0,2.0,24,213,-0.03679191597919276,0.4694835680751174,-0.8943380688250104,-0.017000789758804348
USDJPY,1h,wick,long,12,3.0,2.0,4,103,-0.07032108239145164,0.44660194174757284,-1.3199732829271036,-0.06937357295560462
USDJPY,1h,wick,long,12,3.0,2.0,24,101,-0.07323363376052923,0.4158415841584158,-1.2507412147546675,-0.0856598917827735
USDJPY,1h,wick,short,12,3.0,2.0,4,102,0.03949240306162238,0.5098039215686274,1.0113523127687467,0.04586509277997564
USDJPY,1h,wick,short,12,3.0,2.0,24,101,-0.0321706533265227,0.49504950495049505,-0.47998022509709926,-0.012429196533917313
USDJPY,1h,capit,long,12,3.0,3.0,4,101,-0.024336632704541828,0.45544554455445546,-0.9938370343676931,-0.023394581108878425
USDJPY,1h,capit,long,12,3.0,3.0,24,99,0.01173894341350963,0.48484848484848486,0.22541713830476734,-0.0006892216885816781
USDJPY,1h,capit,short,12,3.0,3.0,4,94,-0.021593972412843433,0.4148936170212766,-0.7893309609978136,-0.01515548155693716
USDJPY,1h,capit,short,12,3.0,3.0,24,92,-0.005636041953219433,0.45652173913043476,-0.09968244041643155,0.014172248111623945
USDJPY,1h,wick,long,12,3.0,3.0,4,42,-0.02579112674955595,0.47619047619047616,-0.42537206025690605,-0.024788734366684897
USDJPY,1h,wick,long,12,3.0,3.0,24,40,-0.07184390872684454,0.35,-0.7327442388073734,-0.08421979543546582
USDJPY,1h,wick,short,12,3.0,3.0,4,45,0.0024493255601616914,0.4888888888888889,0.05444570160113699,0.008838869026124675
USDJPY,1h,wick,short,12,3.0,3.0,24,45,0.043902554663411815,0.5555555555555556,0.5056145755652804,0.06366110769844824
USDJPY,1h,capit,long,24,1.5,1.5,4,774,-0.0024103492022474545,0.5322997416020672,-0.28596668762487304,-0.0014496535907789977
USDJPY,1h,capit,long,24,1.5,1.5,24,573,-0.015344173161303556,0.506108202443281,-0.6329478025809455,-0.027750563625368645
USDJPY,1h,capit,short,24,1.5,1.5,4,692,-0.012079639198524882,0.45664739884393063,-1.1897993164095182,-0.005660603542978485
USDJPY,1h,capit,short,24,1.5,1.5,24,545,-0.03644801268087579,0.45137614678899085,-1.6390234372346835,-0.016662625547975318
USDJPY,1h,wick,long,24,1.5,1.5,4,545,-0.0151600989441056,0.48807339449541287,-1.105300938428209,-0.014201360185382601
USDJPY,1h,wick,long,24,1.5,1.5,24,460,-0.026938077598052588,0.49130434782608695,-0.916202790869171,-0.039351858056932074
USDJPY,1h,wick,short,24,1.5,1.5,4,409,0.017676155211238723,0.4889975550122249,1.2908411516228218,0.02406641444187998
USDJPY,1h,wick,short,24,1.5,1.5,24,370,0.012893040914940368,0.518918918918919,0.4490824880267495,0.032660017455077725
USDJPY,1h,capit,long,24,1.5,2.0,4,432,-0.0007954736243547175,0.5509259259259259,-0.07575985174741108,0.00016240804058747843
USDJPY,1h,capit,long,24,1.5,2.0,24,365,-0.01496279721871317,0.5260273972602739,-0.5019032916282663,-0.027379702083370143
USDJPY,1h,capit,short,24,1.5,2.0,4,357,-0.012417907743826059,0.4425770308123249,-0.7295716251327529,-0.0060119406080120005
USDJPY,1h,capit,short,24,1.5,2.0,24,314,-0.04902895889341277,0.4394904458598726,-1.6132422514503293,-0.029255127541001076
USDJPY,1h,wick,long,24,1.5,2.0,4,314,-0.00910735417954881,0.47770700636942676,-0.5837618396328049,-0.008163910418124084
USDJPY,1h,wick,long,24,1.5,2.0,24,279,-0.016003156037031337,0.48028673835125446,-0.4735705061330537,-0.028432703475266753
USDJPY,1h,wick,short,24,1.5,2.0,4,246,0.014869227830453715,0.47560975609756095,0.7608130320879742,0.021252086075865165
USDJPY,1h,wick,short,24,1.5,2.0,24,231,0.009231291058259844,0.5108225108225108,0.24299518459642974,0.02898670700127856
USDJPY,1h,capit,long,24,1.5,3.0,4,117,0.0032729759388713856,0.5470085470085471,0.16707066463697473,0.004228909469463467
USDJPY,1h,capit,long,24,1.5,3.0,24,110,-0.01918662188939748,0.509090909090909,-0.37829046048124176,-0.03159782260078655
USDJPY,1h,capit,short,24,1.5,3.0,4,96,0.01737755385344066,0.4479166666666667,0.35962204891116656,0.02379823916143102
USDJPY,1h,capit,short,24,1.5,3.0,24,93,-0.04503770792282107,0.44086021505376344,-0.8362242394897971,-0.025244094476448063
USDJPY,1h,wick,long,24,1.5,3.0,4,86,-0.030170464049126038,0.4186046511627907,-0.960052348328836,-0.02921079482209673
USDJPY,1h,wick,long,24,1.5,3.0,24,81,-0.0565510755009965,0.4074074074074074,-0.9092484345177936,-0.06896209893304289
USDJPY,1h,wick,short,24,1.5,3.0,4,71,0.044846030859493236,0.43661971830985913,0.8612751439535699,0.05125468805023683
USDJPY,1h,wick,short,24,1.5,3.0,24,69,0.042830374120979696,0.5652173913043478,0.6386869660842354,0.06261937974668515
USDJPY,1h,capit,long,24,2.0,1.5,4,576,-0.0035163775291061983,0.5329861111111112,-0.34629069930358125,-0.0025568081604873997
USDJPY,1h,capit,long,24,2.0,1.5,24,452,-0.0312580679499531,0.504424778761062,-1.154727131127342,-0.043664704682848846
USDJPY,1h,capit,short,24,2.0,1.5,4,462,-0.01320738764620592,0.44155844155844154,-0.9422943313639734,-0.006794245626155625
USDJPY,1h,capit,short,24,2.0,1.5,24,392,-0.045910825531633837,0.4413265306122449,-1.6788894661223295,-0.026132713992131858
USDJPY,1h,wick,long,24,2.0,1.5,4,318,-0.03750705421763087,0.4811320754716981,-1.879274074045093,-0.03655272890720525
USDJPY,1h,wick,long,24,2.0,1.5,24,295,-0.04349484723225092,0.48135593220338985,-1.1933103404787404,-0.05590888151154513
USDJPY,1h,wick,short,24,2.0,1.5,4,228,0.03879922952962683,0.5219298245614035,1.819208813364887,0.045190866858403116
USDJPY,1h,wick,short,24,2.0,1.5,24,219,0.05192283555420025,0.5707762557077626,1.257950819198096,0.07168710215580605
USDJPY,1h,capit,long,24,2.0,2.0,4,365,-0.003933241223156589,0.5452054794520548,-0.34512846002315833,-0.0029784200871478205
USDJPY,1h,capit,long,24,2.0,2.0,24,316,-0.027085145431709937,0.5316455696202531,-0.8951782354201275,-0.03950450381805437
USDJPY,1h,capit,short,24,2.0,2.0,4,285,-0.020159665862638555,0.43157894736842106,-0.9789185644654564,-0.013754511369108395
USDJPY,1h,capit,short,24,2.0,2.0,24,258,-0.06305010251809728,0.4263565891472868,-1.7745466107747898,-0.04327528869848668
USDJPY,1h,wick,long,24,2.0,2.0,4,212,-0.029015452438093607,0.4669811320754717,-1.4884714203118996,-0.028075329728604832
USDJPY,1h,wick,long,24,2.0,2.0,24,198,-0.02588000798610775,0.48484848484848486,-0.64514147299957,-0.03831009389097212
USDJPY,1h,wick,short,24,2.0,2.0,4,169,0.03268655818543856,0.4911242603550296,1.2118966089556638,0.03907306763388369
USDJPY,1h,wick,short,24,2.0,2.0,24,166,0.047310415302760124,0.5662650602409639,0.959717918230545,0.06706480215792372
USDJPY,1h,capit,long,24,2.0,3.0,4,112,0.010040565447404582,0.5714285714285714,0.4928524034751112,0.011000121935702394
USDJPY,1h,capit,long,24,2.0,3.0,24,106,-0.0054254853507972834,0.5377358490566038,-0.10418642343433872,-0.01783280249897513
USDJPY,1h,capit,short,24,2.0,3.0,4,88,0.017171178656064566,0.4318181818181818,0.32609092732133504,0.023597352617970017
USDJPY,1h,capit,short,24,2.0,3.0,24,85,-0.06467380829958018,0.43529411764705883,-1.1295813133198096,-0.04487414367557185
USDJPY,1h,wick,long,24,2.0,3.0,4,67,-0.023433124290696265,0.43283582089552236,-0.6030497569418112,-0.02246550635448269
USDJPY,1h,wick,long,24,2.0,3.0,24,64,-0.054712357562335,0.40625,-0.7258119393766307,-0.06711457634862836
USDJPY,1h,wick,short,24,2.0,3.0,4,60,0.0586989331502363,0.45,0.9633508854499557,0.06511177800827965
USDJPY,1h,wick,short,24,2.0,3.0,24,60,0.05523221435989969,0.6,0.7527588664318766,0.07501406878701644
USDJPY,1h,capit,long,24,3.0,1.5,4,249,-0.014316470392635195,0.5140562248995983,-0.8253999096558783,-0.013368907748869755
USDJPY,1h,capit,long,24,3.0,1.5,24,227,-0.03995108598110149,0.4889867841409692,-1.0091666703999218,-0.05236889866411609
USDJPY,1h,capit,short,24,3.0,1.5,4,197,-0.031860943298878244,0.39593908629441626,-1.1142527188320788,-0.025431278433193948
USDJPY,1h,capit,short,24,3.0,1.5,24,186,-0.0777236592092194,0.3924731182795699,-1.6586832990449858,-0.0579230235499727
USDJPY,1h,wick,long,24,3.0,1.5,4,106,-0.07536074979493422,0.4528301886792453,-1.4938002403381134,-0.074414026716546
USDJPY,1h,wick,long,24,3.0,1.5,24,103,-0.10604371331178958,0.39805825242718446,-1.6268743042542215,-0.11846755425634511
USDJPY,1h,wick,short,24,3.0,1.5,4,96,0.04433971992438808,0.4895833333333333,1.0761436039903662,0.05071361537006741
USDJPY,1h,wick,short,24,3.0,1.5,24,95,0.07943313435017631,0.6105263157894737,1.0342065517270604,0.09917726200794277
USDJPY,1h,capit,long,24,3.0,2.0,4,203,0.0002769581066915135,0.5320197044334976,0.016848946132655487,0.0012248984937681283
USDJPY,1h,capit,long,24,3.0,2.0,24,189,-0.009934305992730288,0.5079365079365079,-0.24573004745111926,-0.022351255306264833
USDJPY,1h,capit,short,24,3.0,2.0,4,158,-0.03219811602828021,0.3987341772151899,-0.9402892525392348,-0.025779976921110982
USDJPY,1h,capit,short,24,3.0,2.0,24,147,-0.07342988887941689,0.41496598639455784,-1.318011581256959,-0.05364112112554647
USDJPY,1h,wick,long,24,3.0,2.0,4,90,-0.04840086757960049,0.43333333333333335,-1.225327081363029,-0.04745547416856955
USDJPY,1h,wick,long,24,3.0,2.0,24,87,-0.10556495685201833,0.3563218390804598,-1.5945544168908223,-0.11799045919110357
USDJPY,1h,wick,short,24,3.0,2.0,4,86,0.03636893387627229,0.47674418604651164,0.8205513596750865,0.042741789948538285
USDJPY,1h,wick,short,24,3.0,2.0,24,85,0.06581327162976482,0.6,0.7897244987180979,0.08555649152654998
USDJPY,1h,capit,long,24,3.0,3.0,4,83,-0.0007425837029406319,0.5301204819277109,-0.03073577992328351,0.00022604243162525559
USDJPY,1h,capit,long,24,3.0,3.0,24,83,-0.0025889387639453157,0.5180722891566265,-0.04137625227505067,-0.014989322198452865
USDJPY,1h,capit,short,24,3.0,3.0,4,70,0.026488677776156766,0.45714285714285713,0.4038711358462957,0.03291550758315283
USDJPY,1h,capit,short,24,3.0,3.0,24,67,-0.03749933663092562,0.417910447761194,-0.5503432635654932,-0.0176976839305492
USDJPY,1h,wick,long,24,3.0,3.0,4,44,-0.024181979410799963,0.38636363636363635,-0.44069448844466896,-0.02322356793320654
USDJPY,1h,wick,long,24,3.0,3.0,24,43,-0.08024205259494917,0.37209302325581395,-0.7899891077960243,-0.09264830733394996
USDJPY,1h,wick,short,24,3.0,3.0,4,43,0.05680056972857683,0.5116279069767442,0.7581324257088418,0.06321355033517134
USDJPY,1h,wick,short,24,3.0,3.0,24,43,0.07696945483420364,0.627906976744186,0.849691962333211,0.09675144500987154
USDJPY,1h,capit,long,48,1.5,1.5,4,588,0.00242259586094094,0.5374149659863946,0.22785129723495878,0.0033866775353520668
USDJPY,1h,capit,long,48,1.5,1.5,24,408,-0.03663213427859793,0.49754901960784315,-1.3002348520818345,-0.04903370303701195
USDJPY,1h,capit,short,48,1.5,1.5,4,525,-0.012135114411556198,0.45904761904761904,-0.963535614932162,-0.005722215372895403
USDJPY,1h,capit,short,48,1.5,1.5,24,406,-0.03832975554426121,0.43842364532019706,-1.4408356247551501,-0.018551605283718284
USDJPY,1h,wick,long,48,1.5,1.5,4,411,-0.012792688169683684,0.4768856447688564,-0.7642096468409967,-0.011845517479969732
USDJPY,1h,wick,long,48,1.5,1.5,24,338,-0.018123435541247443,0.514792899408284,-0.5047828004283382,-0.030539780014407415
USDJPY,1h,wick,short,48,1.5,1.5,4,310,0.022772793983310897,0.5,1.3799405527956607,0.02915087813677135
USDJPY,1h,wick,short,48,1.5,1.5,24,283,0.0018826386178771059,0.5159010600706714,0.052285001542623104,0.021633893175667412
USDJPY,1h,capit,long,48,1.5,2.0,4,357,0.00013155069130741734,0.5294117647058824,0.010610737953532874,0.0010850999301814522
USDJPY,1h,capit,long,48,1.5,2.0,24,277,-0.04492261351279599,0.516245487364621,-1.38619751190386,-0.05734111081455615
USDJPY,1h,capit,short,48,1.5,2.0,4,281,-0.017095562493023315,0.4306049822064057,-0.8328782231973725,-0.010678988992241735
USDJPY,1h,capit,short,48,1.5,2.0,24,245,-0.06734618235303821,0.39591836734693875,-1.796862249724087,-0.047568946865827695
USDJPY,1h,wick,long,48,1.5,2.0,4,242,-0.02818301632474433,0.45867768595041325,-1.1309598742605576,-0.027246888779148562
USDJPY,1h,wick,long,48,1.5,2.0,24,214,0.01752278322866952,0.5233644859813084,0.4110314692147417,0.0050913856968299726
USDJPY,1h,wick,short,48,1.5,2.0,4,196,0.023013368936380712,0.47959183673469385,0.9736137431750579,0.029385923967915777
USDJPY,1h,wick,short,48,1.5,2.0,24,181,0.02234047590950351,0.5414364640883977,0.4666129439960805,0.04208525625102141
USDJPY,1h,capit,long,48,1.5,3.0,4,97,-0.008127086091110059,0.5257731958762887,-0.34611368516275554,-0.007159880906895222
USDJPY,1h,capit,long,48,1.5,3.0,24,85,-0.005345609511552162,0.4823529411764706,-0.09914878807049737,-0.017742882028065385
USDJPY,1h,capit,short,48,1.5,3.0,4,84,-0.005163891754024577,0.40476190476190477,-0.09291834140118464,0.0012578758245657047
USDJPY,1h,capit,short,48,1.5,3.0,24,78,-0.08682608144344514,0.3717948717948718,-1.2805822317882058,-0.06703788097597996
USDJPY,1h,wick,long,48,1.5,3.0,4,60,-0.049428202531052394,0.43333333333333335,-1.0196986486540789,-0.04845238083282676
USDJPY,1h,wick,long,48,1.5,3.0,24,58,-0.07469637208180899,0.43103448275862066,-0.8952741508350134,-0.08709212152898982
USDJPY,1h,wick,short,48,1.5,3.0,4,62,0.07374166967694788,0.5,1.306179781507421,0.08014263880557147
USDJPY,1h,wick,short,48,1.5,3.0,24,61,-0.0003967782269725274,0.5901639344262295,-0.005908323329638291,0.01938018921024559
USDJPY,1h,capit,long,48,2.0,1.5,4,436,0.004739693405520657,0.5435779816513762,0.36690805952660754,0.005708284178938778
USDJPY,1h,capit,long,48,2.0,1.5,24,330,-0.05079849621231902,0.49393939393939396,-1.6312274461614606,-0.0631930862419522
USDJPY,1h,capit,short,48,2.0,1.5,4,353,-0.018635197466169273,0.43059490084985835,-1.0560328465685702,-0.01221584043826971
USDJPY,1h,capit,short,48,2.0,1.5,24,289,-0.06198390682175822,0.4083044982698962,-1.8064293808099094,-0.04220215697460313
USDJPY,1h,wick,long,48,2.0,1.5,4,233,-0.010860742260515286,0.5107296137339056,-0.40751008597853833,-0.009920488591644155
USDJPY,1h,wick,long,48,2.0,1.5,24,209,-7.906266529385692e-05,0.5119617224880383,-0.0015801329014715076,-0.012509955506827921
USDJPY,1h,wick,short,48,2.0,1.5,4,184,0.03254284086552194,0.4782608695652174,1.3197890424490268,0.03892695608410952
USDJPY,1h,wick,short,48,2.0,1.5,24,174,0.03195091104025267,0.5459770114942529,0.6331959007872767,0.05170415761566601
USDJPY,1h,capit,long,48,2.0,2.0,4,303,-0.003073961331758878,0.528052805280528,-0.22105228942298444,-0.0021157109522146056
USDJPY,1h,capit,long,48,2.0,2.0,24,248,-0.04840606454004749,0.5161290322580645,-1.401628854777382,-0.060816046566438034
USDJPY,1h,capit,short,48,2.0,2.0,4,222,-0.017653827726429927,0.42792792792792794,-0.6993225775086365,-0.011230909492492175
USDJPY,1h,capit,short,48,2.0,2.0,24,197,-0.06766077924596883,0.40609137055837563,-1.5281629065239104,-0.047886240262493336
USDJPY,1h,wick,long,48,2.0,2.0,4,162,-0.01840019481799473,0.5185185185185185,-0.5252902553488179,-0.017459292270082395
USDJPY,1h,wick,long,48,2.0,2.0,24,151,0.03841970760647484,0.5298013245033113,0.6809352042194226,0.025989775974796417
USDJPY,1h,wick,short,48,2.0,2.0,4,137,0.03529399305501584,0.48175182481751827,1.1210846003396875,0.04167265174657093
USDJPY,1h,wick,short,48,2.0,2.0,24,131,0.047826107681192,0.5725190839694656,0.7864233356791003,0.06757823640496408
USDJPY,1h,capit,long,48,2.0,3.0,4,91,0.0008735401245002547,0.5714285714285714,0.035707983815391635,0.001849036249057824
USDJPY,1h,capit,long,48,2.0,3.0,24,80,0.030180832840540055,0.55,0.5463882791192918,0.017791132234316158
USDJPY,1h,capit,short,48,2.0,3.0,4,77,-0.0008038253000233392,0.42857142857142855,-0.013266974671432712,0.005631477650234274
USDJPY,1h,capit,short,48,2.0,3.0,24,72,-0.05993825889912907,0.4027777777777778,-0.8313243126282459,-0.04014290695218724
USDJPY,1h,wick,long,48,2.0,3.0,4,51,-0.04769859047809281,0.45098039215686275,-0.8518308733889186,-0.046712879128814416
USDJPY,1h,wick,long,48,2.0,3.0,24,50,-0.08164380174688374,0.42,-0.8555597985985544,-0.094029153561345
USDJPY,1h,wick,short,48,2.0,3.0,4,52,0.08824068478567368,0.5,1.3207107377017038,0.09466193491735346
USDJPY,1h,wick,short,48,2.0,3.0,24,51,0.01307649826596213,0.5882352941176471,0.17057997153690893,0.03287551471404561
USDJPY,1h,capit,long,48,3.0,1.5,4,198,0.005495618862968979,0.5757575757575758,0.2394815409221311,0.006455535820599196
USDJPY,1h,capit,long,48,3.0,1.5,24,170,-0.03390951237061605,0.49411764705882355,-0.7661552105193613,-0.04631228335949379
USDJPY,1h,capit,short,48,3.0,1.5,4,161,-0.021484052154237977,0.422360248447205,-0.6193783622273097,-0.015057270425512694
USDJPY,1h,capit,short,48,3.0,1.5,24,150,-0.07780248097398292,0.3933333333333333,-1.3656368294880408,-0.058008157941238404
USDJPY,1h,wick,long,48,3.0,1.5,4,92,-0.04340487880856516,0.4673913043478261,-0.7494017449350768,-0.04247856950378726
USDJPY,1h,wick,long,48,3.0,1.5,24,88,-0.0018714719664857389,0.5,-0.023755179946082984,-0.014317417780721004
USDJPY,1h,wick,short,48,3.0,1.5,4,72,0.06982441361466053,0.5138888888888888,1.3693688956411427,0.07618503533678293
USDJPY,1h,wick,short,48,3.0,1.5,24,72,0.0669706956558336,0.5972222222222222,0.7336163354086995,0.08670018461354778
USDJPY,1h,capit,long,48,3.0,2.0,4,158,-0.0010145358424120349,0.569620253164557,-0.0446053385136349,-6.242242438159835e-05
USDJPY,1h,capit,long,48,3.0,2.0,24,139,-0.021785423732166482,0.5035971223021583,-0.4511335552056828,-0.03419852149002785
USDJPY,1h,capit,short,48,3.0,2.0,4,131,-0.011871171291883836,0.4351145038167939,-0.2948136123184287,-0.0054396619155766095
USDJPY,1h,capit,short,48,3.0,2.0,24,123,-0.05735779197428406,0.3983739837398374,-0.8770056905406389,-0.03755890794740505
USDJPY,1h,wick,long,48,3.0,2.0,4,73,-0.08233654112124883,0.4246575342465753,-1.1866953189834024,-0.08138327602788767
USDJPY,1h,wick,long,48,3.0,2.0,24,70,-0.004083900252457886,0.4857142857142857,-0.043472658669786036,-0.016498968500296553
USDJPY,1h,wick,short,48,3.0,2.0,4,64,0.0685455298845517,0.5,1.202231302091978,0.0749161867674573
USDJPY,1h,wick,short,48,3.0,2.0,24,64,0.08381494905559035,0.625,0.8285142778759519,0.10355445538240252
USDJPY,1h,capit,long,48,3.0,3.0,4,59,-0.0021400342227924835,0.5932203389830508,-0.06475722281517896,-0.0011677707065688306
USDJPY,1h,capit,long,48,3.0,3.0,24,56,0.034582965667690604,0.5,0.46674606847707445,0.022191305174259393
USDJPY,1h,capit,short,48,3.0,3.0,4,66,0.02709262189115174,0.48484848484848486,0.3876853650453217,0.03351925211426353
USDJPY,1h,capit,short,48,3.0,3.0,24,64,-0.05961772556117497,0.40625,-0.7388869532767386,-0.03981662378963111
USDJPY,1h,wick,long,48,3.0,3.0,4,37,-0.02467850192756378,0.4864864864864865,-0.3277220377873485,-0.02368240570247543
USDJPY,1h,wick,long,48,3.0,3.0,24,37,-0.04477937150742124,0.43243243243243246,-0.35954987134226835,-0.057152284851406304
USDJPY,1h,wick,short,48,3.0,3.0,4,34,0.07135727508781482,0.5,0.7711507942474881,0.07777521055567031
USDJPY,1h,wick,short,48,3.0,3.0,24,34,0.033669287718277076,0.6176470588235294,0.30469162927129906,0.053456232755206015
USDJPY,1d,capit,long,10,1.5,1.5,1,23,0.16355250862790044,0.5652173913043478,0.7681029996164295,0.14817942648424284
USDJPY,1d,capit,long,10,1.5,1.5,3,21,0.27551755121258853,0.5714285714285714,1.1631641092609282,0.2282626626392489
USDJPY,1d,capit,long,10,1.5,1.5,5,20,0.3404413593563108,0.55,1.149030097116835,0.26261160539612294
USDJPY,1d,capit,short,10,1.5,1.5,1,6,-0.20050242080432742,0.6666666666666666,-0.8451177367434888,-0.17787678974249962
USDJPY,1d,capit,short,10,1.5,1.5,3,6,-0.24493600850064612,0.6666666666666666,-0.38371544924133816,-0.19041146977079243
USDJPY,1d,capit,short,10,1.5,1.5,5,6,-0.11998993904245704,0.6666666666666666,-0.15262198172023864,-0.034880820256894415
USDJPY,1d,wick,long,10,1.5,1.5,1,13,0.19368140278969856,0.7692307692307693,1.7492941615243471,0.1784456332983357
USDJPY,1d,wick,long,10,1.5,1.5,3,12,0.46766091963518264,0.6666666666666666,1.7742855838556646,0.42053026780657665
USDJPY,1d,wick,long,10,1.5,1.5,5,12,0.7156597244068802,0.8333333333333334,2.681029134108855,0.6379444925225652
USDJPY,1d,wick,short,10,1.5,1.5,1,4,0.5236313537609729,1.0,3.057430817816125,0.5462300786763218
USDJPY,1d,wick,short,10,1.5,1.5,3,4,0.7345824051177093,1.0,4.783380966958648,0.789080037701084
USDJPY,1d,wick,short,10,1.5,1.5,5,4,1.0779876734782896,1.0,4.096760245851297,1.1630698861173734
USDJPY,1d,capit,long,10,1.5,2.0,1,10,-0.011234619367115452,0.5,-0.06375185663434974,-0.026651516024749806
USDJPY,1d,capit,long,10,1.5,2.0,3,9,0.18857042809967248,0.4444444444444444,0.5257159393371722,0.14126767552420946
USDJPY,1d,capit,long,10,1.5,2.0,5,8,0.0466235925845159,0.5,0.08600268035670196,-0.0312454363747698
USDJPY,1d,capit,short,10,1.5,2.0,1,2,-0.5110535153637371,0.5,-0.8922889539379671,-0.48831190321564866
USDJPY,1d,capit,short,10,1.5,2.0,3,2,-1.1975633718374643,0.5,-0.8452573042927793,-1.14292285202135
USDJPY,1d,capit,short,10,1.5,2.0,5,2,-1.2403965515428401,0.5,-0.6238540357401242,-1.155171451671017
USDJPY,1d,wick,long,10,1.5,2.0,1,6,0.16679637811134612,0.6666666666666666,0.7932935617576509,0.15158853765585706
USDJPY,1d,wick,long,10,1.5,2.0,3,6,0.5531992774691034,0.6666666666666666,1.1697224253491803,0.5060925293455885
USDJPY,1d,wick,long,10,1.5,2.0,5,6,0.8452213054642792,0.8333333333333334,1.7035661139516372,0.7675299772850553
USDJPY,1d,wick,short,10,1.5,2.0,1,0,,,,
USDJPY,1d,wick,short,10,1.5,2.0,3,0,,,,
USDJPY,1d,wick,short,10,1.5,2.0,5,0,,,,
USDJPY,1d,capit,long,10,1.5,3.0,1,1,-1.0023951789565217,0.0,0.0,-1.017936005328674
USDJPY,1d,capit,long,10,1.5,3.0,3,1,0.18496577706935172,1.0,0.0,0.1375260430291738
USDJPY,1d,capit,long,10,1.5,3.0,5,1,0.5327355330338627,1.0,0.0,0.45471121893797584
USDJPY,1d,capit,short,10,1.5,3.0,1,0,,,,
USDJPY,1d,capit,short,10,1.5,3.0,3,0,,,,
USDJPY,1d,capit,short,10,1.5,3.0,5,0,,,,
USDJPY,1d,wick,long,10,1.5,3.0,1,0,,,,
USDJPY,1d,wick,long,10,1.5,3.0,3,0,,,,
USDJPY,1d,wick,long,10,1.5,3.0,5,0,,,,
USDJPY,1d,wick,short,10,1.5,3.0,1,0,,,,
USDJPY,1d,wick,short,10,1.5,3.0,3,0,,,,
USDJPY,1d,wick,short,10,1.5,3.0,5,0,,,,
USDJPY,1d,capit,long,10,2.0,1.5,1,16,0.30169297484314,0.625,1.0350338327858546,0.2862651166046874
USDJPY,1d,capit,long,10,2.0,1.5,3,14,0.2780365777140316,0.5714285714285714,0.8363215319773637,0.23072763850866954
USDJPY,1d,capit,long,10,2.0,1.5,5,13,0.30416168927494763,0.46153846153846156,0.6977566021309393,0.22627895791735297
USDJPY,1d,capit,short,10,2.0,1.5,1,5,-0.2612345094625364,0.6,-0.9300355137034844,-0.23856731825589184
USDJPY,1d,capit,short,10,2.0,1.5,3,5,-0.4106044692487728,0.6,-0.5438477595699632,-0.35603837037410235
USDJPY,1d,capit,short,10,2.0,1.5,5,5,-0.2110839851742415,0.6,-0.22070741659751583,-0.12593330624386212
USDJPY,1d,wick,long,10,2.0,1.5,1,6,0.192597005907199,0.6666666666666666,0.9259613455115555,0.17742773987544788
USDJPY,1d,wick,long,10,2.0,1.5,3,6,0.4217362735027211,0.5,0.8654598630355821,0.37466809980294413
USDJPY,1d,wick,long,10,2.0,1.5,5,6,0.7273763933912419,0.8333333333333334,1.4261047302205276,0.6497236396357562
USDJPY,1d,wick,short,10,2.0,1.5,1,2,0.3902763380945257,1.0,1.3211142553373967,0.41304587596767184
USDJPY,1d,wick,short,10,2.0,1.5,3,2,0.5859302562223729,1.0,2.721654179781919,0.6405987017635448
USDJPY,1d,wick,short,10,2.0,1.5,5,2,0.7800597936615756,1.0,1.9761116701063206,0.8653128192584565
USDJPY,1d,capit,long,10,2.0,2.0,1,7,0.19255539903258354,0.5714285714285714,1.1570134910648064,0.1771041328648379
USDJPY,1d,capit,long,10,2.0,2.0,3,6,0.18235401540434637,0.3333333333333333,0.33744624663267336,0.13501769094218538
USDJPY,1d,capit,long,10,2.0,2.0,5,5,-0.04482788320790323,0.4,-0.052553376139147186,-0.12272621622809467
USDJPY,1d,capit,short,10,2.0,2.0,1,2,-0.5110535153637371,0.5,-0.8922889539379671,-0.48831190321564866
USDJPY,1d,capit,short,10,2.0,2.0,3,2,-1.1975633718374643,0.5,-0.8452573042927793,-1.14292285202135
USDJPY,1d,capit,short,10,2.0,2.0,5,2,-1.2403965515428401,0.5,-0.6238540357401242,-1.155171451671017
USDJPY,1d,wick,long,10,2.0,2.0,1,5,0.19802542579922594,0.6,0.7776185450833276,0.18285600803122315
USDJPY,1d,wick,long,10,2.0,2.0,3,5,0.5399308747792969,0.6,0.9325341232530517,0.49286254934326834
USDJPY,1d,wick,long,10,2.0,2.0,5,5,0.845622521751343,0.8,1.3916166323127008,0.7679696162596056
USDJPY,1d,wick,short,10,2.0,2.0,1,0,,,,
USDJPY,1d,wick,short,10,2.0,2.0,3,0,,,,
USDJPY,1d,wick,short,10,2.0,2.0,5,0,,,,
USDJPY,1d,capit,long,10,2.0,3.0,1,0,,,,
USDJPY,1d,capit,long,10,2.0,3.0,3,0,,,,
USDJPY,1d,capit,long,10,2.0,3.0,5,0,,,,
USDJPY,1d,capit,short,10,2.0,3.0,1,0,,,,
USDJPY,1d,capit,short,10,2.0,3.0,3,0,,,,
USDJPY,1d,capit,short,10,2.0,3.0,5,0,,,,
USDJPY,1d,wick,long,10,2.0,3.0,1,0,,,,
USDJPY,1d,wick,long,10,2.0,3.0,3,0,,,,
USDJPY,1d,wick,long,10,2.0,3.0,5,0,,,,
USDJPY,1d,wick,short,10,2.0,3.0,1,0,,,,
USDJPY,1d,wick,short,10,2.0,3.0,3,0,,,,
USDJPY,1d,wick,short,10,2.0,3.0,5,0,,,,
USDJPY,1d,capit,long,10,3.0,1.5,1,2,0.15796495142731112,0.5,0.6491545840852311,0.14246462054907605
USDJPY,1d,capit,long,10,3.0,1.5,3,2,0.7348214698726123,0.5,0.4958079337930461,0.6874222313263514
USDJPY,1d,capit,long,10,3.0,1.5,5,2,0.8549868336853589,0.5,0.5514957762747678,0.7770030150833889
USDJPY,1d,capit,short,10,3.0,1.5,1,4,-0.43852472009607,0.5,-1.5591247074700358,-0.4158205980656716
USDJPY,1d,capit,short,10,3.0,1.5,3,4,-0.9321827048420714,0.5,-1.3227673502864863,-0.8775796751436473
USDJPY,1d,capit,short,10,3.0,1.5,5,4,-0.819747621913233,0.5,-0.8607296622142473,-0.7345600121590999
USDJPY,1d,wick,long,10,3.0,1.5,1,2,0.7246337657008798,1.0,2.061008849873266,0.7094096589011551
USDJPY,1d,wick,long,10,3.0,1.5,3,2,1.686063083441594,1.0,1.831221759686613,1.6389400689738434
USDJPY,1d,wick,long,10,3.0,1.5,5,2,1.9703039158644047,1.0,1.5752345698401085,1.8925963213409451
USDJPY,1d,wick,short,10,3.0,1.5,1,1,0.6856908614923176,1.0,0.0,0.7083677760448663
USDJPY,1d,wick,short,10,3.0,1.5,3,1,0.8012148653306919,1.0,0.0,0.8557906875512664
USDJPY,1d,wick,short,10,3.0,1.5,5,1,1.1748045874209314,1.0,0.0,1.259964989697215
USDJPY,1d,capit,long,10,3.0,2.0,1,2,0.15796495142731112,0.5,0.6491545840852311,0.14246462054907605
USDJPY,1d,capit,long,10,3.0,2.0,3,2,0.7348214698726123,0.5,0.4958079337930461,0.6874222313263514
USDJPY,1d,capit,long,10,3.0,2.0,5,2,0.8549868336853589,0.5,0.5514957762747678,0.7770030150833889
USDJPY,1d,capit,short,10,3.0,2.0,1,2,-0.5110535153637371,0.5,-0.8922889539379671,-0.48831190321564866
USDJPY,1d,capit,short,10,3.0,2.0,3,2,-1.1975633718374643,0.5,-0.8452573042927793,-1.14292285202135
USDJPY,1d,capit,short,10,3.0,2.0,5,2,-1.2403965515428401,0.5,-0.6238540357401242,-1.155171451671017
USDJPY,1d,wick,long,10,3.0,2.0,1,2,0.7246337657008798,1.0,2.061008849873266,0.7094096589011551
USDJPY,1d,wick,long,10,3.0,2.0,3,2,1.686063083441594,1.0,1.831221759686613,1.6389400689738434
USDJPY,1d,wick,long,10,3.0,2.0,5,2,1.9703039158644047,1.0,1.5752345698401085,1.8925963213409451
USDJPY,1d,wick,short,10,3.0,2.0,1,0,,,,
USDJPY,1d,wick,short,10,3.0,2.0,3,0,,,,
USDJPY,1d,wick,short,10,3.0,2.0,5,0,,,,
USDJPY,1d,capit,long,10,3.0,3.0,1,0,,,,
USDJPY,1d,capit,long,10,3.0,3.0,3,0,,,,
USDJPY,1d,capit,long,10,3.0,3.0,5,0,,,,
USDJPY,1d,capit,short,10,3.0,3.0,1,0,,,,
USDJPY,1d,capit,short,10,3.0,3.0,3,0,,,,
USDJPY,1d,capit,short,10,3.0,3.0,5,0,,,,
USDJPY,1d,wick,long,10,3.0,3.0,1,0,,,,
USDJPY,1d,wick,long,10,3.0,3.0,3,0,,,,
USDJPY,1d,wick,long,10,3.0,3.0,5,0,,,,
USDJPY,1d,wick,short,10,3.0,3.0,1,0,,,,
USDJPY,1d,wick,short,10,3.0,3.0,3,0,,,,
USDJPY,1d,wick,short,10,3.0,3.0,5,0,,,,
USDJPY,1d,capit,long,20,1.5,1.5,1,18,0.2490316438421749,0.6666666666666666,1.1034209499186434,0.2338340987117754
USDJPY,1d,capit,long,20,1.5,1.5,3,15,0.6344459975971648,0.7333333333333333,2.4530487550209483,0.5873350466636675
USDJPY,1d,capit,long,20,1.5,1.5,5,15,0.7457058249161557,0.6666666666666666,1.8221003526820567,0.6680144414193857
USDJPY,1d,capit,short,20,1.5,1.5,1,9,-0.19074146870108977,0.3333333333333333,-0.9256381689684363,-0.16814740437662618
USDJPY,1d,capit,short,20,1.5,1.5,3,7,-0.46332087252933796,0.2857142857142857,-0.6752015828728173,-0.4088568204963864
USDJPY,1d,capit,short,20,1.5,1.5,5,6,-0.6157658201478146,0.3333333333333333,-0.7069721218581105,-0.5307297427999258
USDJPY,1d,wick,long,20,1.5,1.5,1,19,0.11438450194613174,0.6842105263157895,0.9174825771836985,0.0991227568884056
USDJPY,1d,wick,long,20,1.5,1.5,3,17,0.1601416999532873,0.5882352941176471,0.5893225886982059,0.11298286060016358
USDJPY,1d,wick,long,20,1.5,1.5,5,17,-0.07153045270050074,0.7647058823529411,-0.14475366611106955,-0.14927387210933343
USDJPY,1d,wick,short,20,1.5,1.5,1,2,0.27796950092499745,0.5,0.6817633997351018,0.3003949494364393
USDJPY,1d,wick,short,20,1.5,1.5,3,2,-0.20020009133069191,0.5,-0.1999172171325848,-0.1458757351512243
USDJPY,1d,wick,short,20,1.5,1.5,5,2,0.4862603161631743,0.5,0.7062150343287692,0.5711692523983509
USDJPY,1d,capit,long,20,1.5,2.0,1,6,0.28727291886258466,0.6666666666666666,0.4289553184783855,0.2720440942925779
USDJPY,1d,capit,long,20,1.5,2.0,3,4,0.48056960472027954,0.25,0.8245762501467624,0.4333912926824087
USDJPY,1d,capit,long,20,1.5,2.0,5,4,0.733947791671255,0.5,0.566555751791092,0.6561848995776752
USDJPY,1d,capit,short,20,1.5,2.0,1,2,-0.6757319418679874,0.0,-1.655937912301182,-0.6530101536978357
USDJPY,1d,capit,short,20,1.5,2.0,3,2,-1.5560657331420666,0.0,-1.47034328092252,-1.5014450373038892
USDJPY,1d,capit,short,20,1.5,2.0,5,2,-2.5098452840396934,0.0,-3.4915634881787545,-2.424640008145807
USDJPY,1d,wick,long,20,1.5,2.0,1,7,0.06888670791332992,0.7142857142857143,0.27659551038137487,0.05361728323329059
USDJPY,1d,wick,long,20,1.5,2.0,3,7,0.21613077403897654,0.5714285714285714,0.39720667796847364,0.16896244169091132
USDJPY,1d,wick,long,20,1.5,2.0,5,7,-0.019029922793589,0.8571428571428571,-0.018727599227425396,-0.09678283519736323
USDJPY,1d,wick,short,20,1.5,2.0,1,1,-0.12975185964232266,0.0,0.0,-0.10757787717198775
USDJPY,1d,wick,short,20,1.5,2.0,3,1,-1.2016150479920757,0.0,0.0,-1.147542157853715
USDJPY,1d,wick,short,20,1.5,2.0,5,1,-0.20228395509458283,0.0,0.0,-0.11762648490051307
USDJPY,1d,capit,long,20,1.5,3.0,1,1,0.7208430608391474,1.0,0.0,0.7056132073695871
USDJPY,1d,capit,long,20,1.5,3.0,3,1,-0.002790360235517957,0.0,0.0,-0.049919121373104086
USDJPY,1d,capit,long,20,1.5,3.0,5,1,-2.017430450271131,0.0,0.0,-2.095143791464426
USDJPY,1d,capit,short,20,1.5,3.0,1,0,,,,
USDJPY,1d,capit,short,20,1.5,3.0,3,0,,,,
USDJPY,1d,capit,short,20,1.5,3.0,5,0,,,,
USDJPY,1d,wick,long,20,1.5,3.0,1,0,,,,
USDJPY,1d,wick,long,20,1.5,3.0,3,0,,,,
USDJPY,1d,wick,long,20,1.5,3.0,5,0,,,,
USDJPY,1d,wick,short,20,1.5,3.0,1,0,,,,
USDJPY,1d,wick,short,20,1.5,3.0,3,0,,,,
USDJPY,1d,wick,short,20,1.5,3.0,5,0,,,,
USDJPY,1d,capit,long,20,2.0,1.5,1,14,0.45984198202903515,0.7142857142857143,2.089198864678609,0.444648719136001
USDJPY,1d,capit,long,20,2.0,1.5,3,12,0.683039877574381,0.75,2.1851719206015083,0.6359367740262035
USDJPY,1d,capit,long,20,2.0,1.5,5,12,0.8323662730003585,0.6666666666666666,1.6767715963086025,0.7546905255142784
USDJPY,1d,capit,short,20,2.0,1.5,1,4,-0.3990798126685855,0.25,-1.1991188341159364,-0.376461541006048
USDJPY,1d,capit,short,20,2.0,1.5,3,4,-0.8772965168170314,0.25,-0.9590964428183224,-0.822779337486468
USDJPY,1d,capit,short,20,2.0,1.5,5,4,-0.9068748136546576,0.25,-0.7962906146600175,-0.8217730542683853
USDJPY,1d,wick,long,20,2.0,1.5,1,6,0.19550146261241613,0.6666666666666666,0.9407911593066111,0.1802907390955358
USDJPY,1d,wick,long,20,2.0,1.5,3,6,0.5802969307563368,0.6666666666666666,1.2356956675818527,0.5331872995714306
USDJPY,1d,wick,long,20,2.0,1.5,5,6,0.8870077147213656,1.0,1.8194198785709321,0.8093135034807505
USDJPY,1d,wick,short,20,2.0,1.5,1,1,0.6856908614923176,1.0,0.0,0.7083677760448663
USDJPY,1d,wick,short,20,2.0,1.5,3,1,0.8012148653306919,1.0,0.0,0.8557906875512664
USDJPY,1d,wick,short,20,2.0,1.5,5,1,1.1748045874209314,1.0,0.0,1.259964989697215
USDJPY,1d,capit,long,20,2.0,2.0,1,4,1.097724765200897,1.0,1.7979128932319564,1.0824607373775603
USDJPY,1d,capit,long,20,2.0,2.0,3,3,1.573469079563401,0.6666666666666666,1.985335528350253,1.5262903073120377
USDJPY,1d,capit,long,20,2.0,2.0,5,3,1.3063292102666648,0.6666666666666666,0.7714418910610582,1.2285658579595928
USDJPY,1d,capit,short,20,2.0,2.0,1,1,-1.0837979308451666,0.0,0.0,-1.0610614034167238
USDJPY,1d,capit,short,20,2.0,2.0,3,1,-2.6143667117854776,0.0,0.0,-2.5597312766890092
USDJPY,1d,capit,short,20,2.0,2.0,5,1,-3.228676630666262,0.0,0.0,-3.1434566155140846
USDJPY,1d,wick,long,20,2.0,2.0,1,5,0.3101594880260662,0.8,1.4612144774491505,0.29494299346635233
USDJPY,1d,wick,long,20,2.0,2.0,3,5,0.6272049753338939,0.6,1.0959798264512906,0.5800895731061542
USDJPY,1d,wick,long,20,2.0,2.0,5,5,1.0523501681269,1.0,1.8735007698380486,0.9746501858434513
USDJPY,1d,wick,short,20,2.0,2.0,1,0,,,,
USDJPY,1d,wick,short,20,2.0,2.0,3,0,,,,
USDJPY,1d,wick,short,20,2.0,2.0,5,0,,,,
USDJPY,1d,capit,long,20,2.0,3.0,1,1,0.7208430608391474,1.0,0.0,0.7056132073695871
USDJPY,1d,capit,long,20,2.0,3.0,3,1,-0.002790360235517957,0.0,0.0,-0.049919121373104086
USDJPY,1d,capit,long,20,2.0,3.0,5,1,-2.017430450271131,0.0,0.0,-2.095143791464426
USDJPY,1d,capit,short,20,2.0,3.0,1,0,,,,
USDJPY,1d,capit,short,20,2.0,3.0,3,0,,,,
USDJPY,1d,capit,short,20,2.0,3.0,5,0,,,,
USDJPY,1d,wick,long,20,2.0,3.0,1,0,,,,
USDJPY,1d,wick,long,20,2.0,3.0,3,0,,,,
USDJPY,1d,wick,long,20,2.0,3.0,5,0,,,,
USDJPY,1d,wick,short,20,2.0,3.0,1,0,,,,
USDJPY,1d,wick,short,20,2.0,3.0,3,0,,,,
USDJPY,1d,wick,short,20,2.0,3.0,5,0,,,,
USDJPY,1d,capit,long,20,3.0,1.5,1,6,0.8751686149562753,0.8333333333333334,2.0506723336959922,0.8599288414315652
USDJPY,1d,capit,long,20,3.0,1.5,3,6,1.1842926047981874,0.8333333333333334,2.7624769647215746,1.1371539236054518
USDJPY,1d,capit,long,20,3.0,1.5,5,6,0.7944050802312514,0.6666666666666666,0.9514719876777822,0.7166818189828066
USDJPY,1d,capit,short,20,3.0,1.5,1,2,-0.909353963253277,0.0,-5.212871363833599,-0.8867396651878463
USDJPY,1d,capit,short,20,3.0,1.5,3,2,-2.096547525931434,0.0,-4.048802329472557,-2.0420343201979776
USDJPY,1d,capit,short,20,3.0,1.5,5,2,-2.3465920098053688,0.0,-2.6602799258818863,-2.2614942240162033
USDJPY,1d,wick,long,20,3.0,1.5,1,3,0.5382408126162748,1.0,1.953073858016263,0.523035238966294
USDJPY,1d,wick,long,20,3.0,1.5,3,3,1.0676298113343432,0.6666666666666666,1.3091706105382008,1.0205253300163366
USDJPY,1d,wick,long,20,3.0,1.5,5,3,1.3589178611065156,1.0,1.436185430824441,1.2812287997328
USDJPY,1d,wick,short,20,3.0,1.5,1,1,0.6856908614923176,1.0,0.0,0.7083677760448663
USDJPY,1d,wick,short,20,3.0,1.5,3,1,0.8012148653306919,1.0,0.0,0.8557906875512664
USDJPY,1d,wick,short,20,3.0,1.5,5,1,1.1748045874209314,1.0,0.0,1.259964989697215
USDJPY,1d,capit,long,20,3.0,2.0,1,3,1.3450843546404458,1.0,1.703892898728113,1.3298044900571087
USDJPY,1d,capit,long,20,3.0,2.0,3,3,1.573469079563401,0.6666666666666666,1.985335528350253,1.5262903073120377
USDJPY,1d,capit,long,20,3.0,2.0,5,3,1.3063292102666648,0.6666666666666666,0.7714418910610582,1.2285658579595928
USDJPY,1d,capit,short,20,3.0,2.0,1,1,-1.0837979308451666,0.0,0.0,-1.0610614034167238
USDJPY,1d,capit,short,20,3.0,2.0,3,1,-2.6143667117854776,0.0,0.0,-2.5597312766890092
USDJPY,1d,capit,short,20,3.0,2.0,5,1,-3.228676630666262,0.0,0.0,-3.1434566155140846
USDJPY,1d,wick,long,20,3.0,2.0,1,3,0.5382408126162748,1.0,1.953073858016263,0.523035238966294
USDJPY,1d,wick,long,20,3.0,2.0,3,3,1.0676298113343432,0.6666666666666666,1.3091706105382008,1.0205253300163366
USDJPY,1d,wick,long,20,3.0,2.0,5,3,1.3589178611065156,1.0,1.436185430824441,1.2812287997328
USDJPY,1d,wick,short,20,3.0,2.0,1,0,,,,
USDJPY,1d,wick,short,20,3.0,2.0,3,0,,,,
USDJPY,1d,wick,short,20,3.0,2.0,5,0,,,,
USDJPY,1d,capit,long,20,3.0,3.0,1,1,0.7208430608391474,1.0,0.0,0.7056132073695871
USDJPY,1d,capit,long,20,3.0,3.0,3,1,-0.002790360235517957,0.0,0.0,-0.049919121373104086
USDJPY,1d,capit,long,20,3.0,3.0,5,1,-2.017430450271131,0.0,0.0,-2.095143791464426
USDJPY,1d,capit,short,20,3.0,3.0,1,0,,,,
USDJPY,1d,capit,short,20,3.0,3.0,3,0,,,,
USDJPY,1d,capit,short,20,3.0,3.0,5,0,,,,
USDJPY,1d,wick,long,20,3.0,3.0,1,0,,,,
USDJPY,1d,wick,long,20,3.0,3.0,3,0,,,,
USDJPY,1d,wick,long,20,3.0,3.0,5,0,,,,
USDJPY,1d,wick,short,20,3.0,3.0,1,0,,,,
USDJPY,1d,wick,short,20,3.0,3.0,3,0,,,,
USDJPY,1d,wick,short,20,3.0,3.0,5,0,,,,
USDJPY,1d,capit,long,40,1.5,1.5,1,21,0.11811778708829125,0.5714285714285714,0.5901015495152506,0.10285626802457995
USDJPY,1d,capit,long,40,1.5,1.5,3,16,0.4622534369353495,0.625,1.9680296236161474,0.4150938888145448
USDJPY,1d,capit,long,40,1.5,1.5,5,15,0.5039757193135684,0.6666666666666666,1.7451548410992053,0.4262222040018334
USDJPY,1d,capit,short,40,1.5,1.5,1,13,-0.09638285818151758,0.46153846153846156,-0.6178245141386067,-0.07375319001381012
USDJPY,1d,capit,short,40,1.5,1.5,3,10,-0.11077683438982008,0.4,-0.22343602773013202,-0.05621783431285407
USDJPY,1d,capit,short,40,1.5,1.5,5,8,-0.4922075223414889,0.375,-0.7388351888730222,-0.40703363272111315
USDJPY,1d,wick,long,40,1.5,1.5,1,16,-0.014874423108457208,0.5,-0.0833326745537138,-0.0300897102354929
USDJPY,1d,wick,long,40,1.5,1.5,3,13,-0.15225296321153636,0.38461538461538464,-0.577762722160905,-0.1993618792776676
USDJPY,1d,wick,long,40,1.5,1.5,5,11,-0.5770675360012278,0.5454545454545454,-1.1213567002976457,-0.6547723242330303
USDJPY,1d,wick,short,40,1.5,1.5,1,4,0.29438706430586675,0.75,1.5493892814513506,0.31691443514801954
USDJPY,1d,wick,short,40,1.5,1.5,3,4,-0.1725065877741747,0.5,-0.3953510486008486,-0.11808030926399612
USDJPY,1d,wick,short,40,1.5,1.5,5,4,0.31527729983523617,0.5,0.8009610291473622,0.40028815840112375
USDJPY,1d,capit,long,40,1.5,2.0,1,8,0.19341993999833462,0.625,0.37875715691050194,0.17820321170225428
USDJPY,1d,capit,long,40,1.5,2.0,3,5,0.255429453569148,0.4,0.3921169138734647,0.20826290311548054
USDJPY,1d,capit,long,40,1.5,2.0,5,4,0.12630687090703632,0.5,0.13753836948728923,0.04851878805736441
USDJPY,1d,capit,short,40,1.5,2.0,1,2,-0.6757319418679874,0.0,-1.655937912301182,-0.6530101536978357
USDJPY,1d,capit,short,40,1.5,2.0,3,2,-1.5560657331420666,0.0,-1.47034328092252,-1.5014450373038892
USDJPY,1d,capit,short,40,1.5,2.0,5,2,-2.5098452840396934,0.0,-3.4915634881787545,-2.424640008145807
USDJPY,1d,wick,long,40,1.5,2.0,1,9,-0.09068134412089396,0.3333333333333333,-0.4110216775835064,-0.105877518621221
USDJPY,1d,wick,long,40,1.5,2.0,3,7,-0.549435517741057,0.2857142857142857,-1.4497838271749441,-0.5965231867855285
USDJPY,1d,wick,long,40,1.5,2.0,5,7,-1.039455658667087,0.42857142857142855,-1.5931654874963326,-1.1171279077672676
USDJPY,1d,wick,short,40,1.5,2.0,1,1,-0.12975185964232266,0.0,0.0,-0.10757787717198775
USDJPY,1d,wick,short,40,1.5,2.0,3,1,-1.2016150479920757,0.0,0.0,-1.147542157853715
USDJPY,1d,wick,short,40,1.5,2.0,5,1,-0.20228395509458283,0.0,0.0,-0.11762648490051307
USDJPY,1d,capit,long,40,1.5,3.0,1,3,0.3978593265797821,0.6666666666666666,0.2762630309393083,0.38273427212474204
USDJPY,1d,capit,long,40,1.5,3.0,3,2,-0.8331077486021592,0.0,-1.0000000000000073,-0.8801748317540823
USDJPY,1d,capit,long,40,1.5,3.0,5,1,-1.762361265390319,0.0,0.0,-1.840061270657389
USDJPY,1d,capit,short,40,1.5,3.0,1,0,,,,
USDJPY,1d,capit,short,40,1.5,3.0,3,0,,,,
USDJPY,1d,capit,short,40,1.5,3.0,5,0,,,,
USDJPY,1d,wick,long,40,1.5,3.0,1,2,-0.19941084293739236,0.5,-0.21669111331019597,-0.21465482816047143
USDJPY,1d,wick,long,40,1.5,3.0,3,1,-0.002790360235517957,0.0,0.0,-0.049919121373104086
USDJPY,1d,wick,long,40,1.5,3.0,5,1,-2.017430450271131,0.0,0.0,-2.095143791464426
USDJPY,1d,wick,short,40,1.5,3.0,1,0,,,,
USDJPY,1d,wick,short,40,1.5,3.0,3,0,,,,
USDJPY,1d,wick,short,40,1.5,3.0,5,0,,,,
USDJPY,1d,capit,long,40,2.0,1.5,1,12,0.1897294315466102,0.5,0.5682988456830766,0.1745151027233674
USDJPY,1d,capit,long,40,2.0,1.5,3,10,0.6793641966089307,0.8,1.919167358930157,0.6322301801738464
USDJPY,1d,capit,long,40,2.0,1.5,5,9,0.6158105615263468,0.6666666666666666,1.3865609212022352,0.5380791566641536
USDJPY,1d,capit,short,40,2.0,1.5,1,5,-0.3035886980239608,0.4,-1.1171278928625823,-0.2807914162182119
USDJPY,1d,capit,short,40,2.0,1.5,3,5,-0.18853286130560226,0.6,-0.2270863185023096,-0.13383667183182754
USDJPY,1d,capit,short,40,2.0,1.5,5,5,-0.46560555017096966,0.4,-0.5028248714003326,-0.38032478064148606
USDJPY,1d,wick,long,40,2.0,1.5,1,9,0.1433184081242156,0.6666666666666666,0.683300930336947,0.12809953504465202
USDJPY,1d,wick,long,40,2.0,1.5,3,8,-0.1309032633807884,0.5,-0.43752468826980434,-0.17801613864124857
USDJPY,1d,wick,long,40,2.0,1.5,5,8,-0.1954949289642656,0.75,-0.29515692821336464,-0.2731923842804347
USDJPY,1d,wick,short,40,2.0,1.5,1,2,0.609859552214644,1.0,8.04231864151923,0.6325083249838608
USDJPY,1d,wick,short,40,2.0,1.5,3,2,0.513927858786852,1.0,1.788900462187895,0.5684755392240946
USDJPY,1d,wick,short,40,2.0,1.5,5,2,0.9746186485548,1.0,4.86856696366945,1.0597509090477515
USDJPY,1d,capit,long,40,2.0,2.0,1,6,0.2739837803229951,0.6666666666666666,0.4031403794372113,0.2587567687506116
USDJPY,1d,capit,long,40,2.0,2.0,3,4,0.3922421898548782,0.5,0.47705746114220393,0.345057979380359
USDJPY,1d,capit,long,40,2.0,2.0,5,3,0.45835398724248766,0.6666666666666666,0.37853576195725597,0.38053004025158144
USDJPY,1d,capit,short,40,2.0,2.0,1,1,-1.0837979308451666,0.0,0.0,-1.0610614034167238
USDJPY,1d,capit,short,40,2.0,2.0,3,1,-2.6143667117854776,0.0,0.0,-2.5597312766890092
USDJPY,1d,capit,short,40,2.0,2.0,5,1,-3.228676630666262,0.0,0.0,-3.1434566155140846
USDJPY,1d,wick,long,40,2.0,2.0,1,6,0.0531757680227747,0.5,0.17028935323834712,0.0380074623749241
USDJPY,1d,wick,long,40,2.0,2.0,3,5,-0.31099858102795275,0.4,-0.6642517210614328,-0.3580478320780798
USDJPY,1d,wick,long,40,2.0,2.0,5,5,-0.9738668863831192,0.6,-1.1250592747413022,-1.0515007174889555
USDJPY,1d,wick,short,40,2.0,2.0,1,0,,,,
USDJPY,1d,wick,short,40,2.0,2.0,3,0,,,,
USDJPY,1d,wick,short,40,2.0,2.0,5,0,,,,
USDJPY,1d,capit,long,40,2.0,3.0,1,3,0.3978593265797821,0.6666666666666666,0.2762630309393083,0.38273427212474204
USDJPY,1d,capit,long,40,2.0,3.0,3,2,-0.8331077486021592,0.0,-1.0000000000000073,-0.8801748317540823
USDJPY,1d,capit,long,40,2.0,3.0,5,1,-1.762361265390319,0.0,0.0,-1.840061270657389
USDJPY,1d,capit,short,40,2.0,3.0,1,0,,,,
USDJPY,1d,capit,short,40,2.0,3.0,3,0,,,,
USDJPY,1d,capit,short,40,2.0,3.0,5,0,,,,
USDJPY,1d,wick,long,40,2.0,3.0,1,2,-0.19941084293739236,0.5,-0.21669111331019597,-0.21465482816047143
USDJPY,1d,wick,long,40,2.0,3.0,3,1,-0.002790360235517957,0.0,0.0,-0.049919121373104086
USDJPY,1d,wick,long,40,2.0,3.0,5,1,-2.017430450271131,0.0,0.0,-2.095143791464426
USDJPY,1d,wick,short,40,2.0,3.0,1,0,,,,
USDJPY,1d,wick,short,40,2.0,3.0,3,0,,,,
USDJPY,1d,wick,short,40,2.0,3.0,5,0,,,,
USDJPY,1d,capit,long,40,3.0,1.5,1,4,1.1516377881442712,1.0,1.939934525816245,1.1364245567448579
USDJPY,1d,capit,long,40,3.0,1.5,3,4,1.7605120656319966,1.0,4.935360579640722,1.7133999265645574
USDJPY,1d,capit,long,40,3.0,1.5,5,4,1.920844368803664,1.0,2.9575960622926605,1.843147649680516
USDJPY,1d,capit,short,40,3.0,1.5,1,2,-0.909353963253277,0.0,-5.212871363833599,-0.8867396651878463
USDJPY,1d,capit,short,40,3.0,1.5,3,2,-2.096547525931434,0.0,-4.048802329472557,-2.0420343201979776
USDJPY,1d,capit,short,40,3.0,1.5,5,2,-2.3465920098053688,0.0,-2.6602799258818863,-2.2614942240162033
USDJPY,1d,wick,long,40,3.0,1.5,1,2,0.5469425243427443,1.0,3.145145698581884,0.5316855608775868
USDJPY,1d,wick,long,40,3.0,1.5,3,2,0.38127074107597,0.5,0.9927345929437024,0.3341148699427867
USDJPY,1d,wick,long,40,3.0,1.5,5,2,-0.648963430959418,0.5,-0.47422657747778396,-0.7267038821483103
USDJPY,1d,wick,short,40,3.0,1.5,1,1,0.6856908614923176,1.0,0.0,0.7083677760448663
USDJPY,1d,wick,short,40,3.0,1.5,3,1,0.8012148653306919,1.0,0.0,0.8557906875512664
USDJPY,1d,wick,short,40,3.0,1.5,5,1,1.1748045874209314,1.0,0.0,1.259964989697215
USDJPY,1d,capit,long,40,3.0,2.0,1,3,1.3739327363607756,1.0,1.764929171984328,1.3586515121422742
USDJPY,1d,capit,long,40,3.0,2.0,3,3,1.9138305282863786,1.0,4.201640643057256,1.8666503963998513
USDJPY,1d,capit,long,40,3.0,2.0,5,3,2.2228497195162693,1.0,2.7336844949501686,2.145085007574033
USDJPY,1d,capit,short,40,3.0,2.0,1,1,-1.0837979308451666,0.0,0.0,-1.0610614034167238
USDJPY,1d,capit,short,40,3.0,2.0,3,1,-2.6143667117854776,0.0,0.0,-2.5597312766890092
USDJPY,1d,capit,short,40,3.0,2.0,5,1,-3.228676630666262,0.0,0.0,-3.1434566155140846
USDJPY,1d,wick,long,40,3.0,2.0,1,2,0.5469425243427443,1.0,3.145145698581884,0.5316855608775868
USDJPY,1d,wick,long,40,3.0,2.0,3,2,0.38127074107597,0.5,0.9927345929437024,0.3341148699427867
USDJPY,1d,wick,long,40,3.0,2.0,5,2,-0.648963430959418,0.5,-0.47422657747778396,-0.7267038821483103
USDJPY,1d,wick,short,40,3.0,2.0,1,0,,,,
USDJPY,1d,wick,short,40,3.0,2.0,3,0,,,,
USDJPY,1d,wick,short,40,3.0,2.0,5,0,,,,
USDJPY,1d,capit,long,40,3.0,3.0,1,1,2.9131055524046188,1.0,0.0,2.898066740007293
USDJPY,1d,capit,long,40,3.0,3.0,3,1,2.506307328235305,1.0,0.0,2.4593696081699536
USDJPY,1d,capit,long,40,3.0,3.0,5,1,3.5311259314310255,1.0,0.0,3.4536036313099654
USDJPY,1d,capit,short,40,3.0,3.0,1,0,,,,
USDJPY,1d,capit,short,40,3.0,3.0,3,0,,,,
USDJPY,1d,capit,short,40,3.0,3.0,5,0,,,,
USDJPY,1d,wick,long,40,3.0,3.0,1,1,0.7208430608391474,1.0,0.0,0.7056132073695871
USDJPY,1d,wick,long,40,3.0,3.0,3,1,-0.002790360235517957,0.0,0.0,-0.049919121373104086
USDJPY,1d,wick,long,40,3.0,3.0,5,1,-2.017430450271131,0.0,0.0,-2.095143791464426
USDJPY,1d,wick,short,40,3.0,3.0,1,0,,,,
USDJPY,1d,wick,short,40,3.0,3.0,3,0,,,,
USDJPY,1d,wick,short,40,3.0,3.0,5,0,,,,
GBPJPY,1h,capit,long,12,1.5,1.5,4,1154,-0.012366164304688418,0.5025996533795494,-0.9125823159083017,-0.007835732668014045
GBPJPY,1h,capit,long,12,1.5,1.5,24,821,-0.030329676810276276,0.48112058465286234,-1.1280866352208943,-0.03396479509870437
GBPJPY,1h,capit,short,12,1.5,1.5,4,1093,-0.008266594404029926,0.5068618481244281,-0.8769298210388956,0.0004187356769276432
GBPJPY,1h,capit,short,12,1.5,1.5,24,836,-0.003281100088665868,0.48564593301435405,-0.1224977930545406,0.01355901951876724
GBPJPY,1h,wick,long,12,1.5,1.5,4,859,-0.014627589887191894,0.5005820721769499,-1.0903967510322505,-0.010090083469355946
GBPJPY,1h,wick,long,12,1.5,1.5,24,692,-0.030774020388421402,0.5144508670520231,-1.016219684571745,-0.03439760040207341
GBPJPY,1h,wick,short,12,1.5,1.5,4,819,-0.015212909549851753,0.4700854700854701,-1.591264408438006,-0.0065851217357063415
GBPJPY,1h,wick,short,12,1.5,1.5,24,662,-0.0006178923400821378,0.48489425981873113,-0.024931260254102854,0.01617212381237979
GBPJPY,1h,capit,long,12,1.5,2.0,4,652,0.0011457613174821264,0.504601226993865,0.08850085682967969,0.00565938333778382
GBPJPY,1h,capit,long,12,1.5,2.0,24,546,-0.019081008775880346,0.4706959706959707,-0.6662483674254014,-0.022729757792970866
GBPJPY,1h,capit,short,12,1.5,2.0,4,636,-0.019336153592422686,0.4748427672955975,-1.5831589888205746,-0.01064465244264795
GBPJPY,1h,capit,short,12,1.5,2.0,24,533,-0.03713131238574333,0.46904315196998125,-1.058713254317995,-0.020286931373801734
GBPJPY,1h,wick,long,12,1.5,2.0,4,480,-0.004676999761252341,0.5270833333333333,-0.23175038117687202,-0.0001502707405293942
GBPJPY,1h,wick,long,12,1.5,2.0,24,430,-0.048990209991844565,0.5046511627906977,-1.229791363637452,-0.0526008161672578
GBPJPY,1h,wick,short,12,1.5,2.0,4,479,-0.012715247942307863,0.4759916492693111,-1.0143555319509094,-0.004079643495515268
GBPJPY,1h,wick,short,12,1.5,2.0,24,418,0.0024961063972748325,0.48086124401913877,0.06857338389358711,0.01929205620178761
GBPJPY,1h,capit,long,12,1.5,3.0,4,159,-0.032161958734480425,0.4591194968553459,-1.2668258311628446,-0.027590763346366922
GBPJPY,1h,capit,long,12,1.5,3.0,24,148,-0.008488323300518814,0.4797297297297297,-0.14771968196029242,-0.012073165677678398
GBPJPY,1h,capit,short,12,1.5,3.0,4,151,-0.03404789659493034,0.4768211920529801,-1.2776722695044047,-0.025363980546460992
GBPJPY,1h,capit,short,12,1.5,3.0,24,137,-0.05118963816993417,0.5109489051094891,-0.9889259688418045,-0.03435689147801561
GBPJPY,1h,wick,long,12,1.5,3.0,4,94,0.03171693633548928,0.5212765957446809,1.0241777551270945,0.036264310436176776
GBPJPY,1h,wick,long,12,1.5,3.0,24,92,0.07899439097310038,0.5217391304347826,1.326192250574834,0.07538369952087814
GBPJPY,1h,wick,short,12,1.5,3.0,4,115,-0.02292345669135967,0.45217391304347826,-0.8609033608777229,-0.014254733996496825
GBPJPY,1h,wick,short,12,1.5,3.0,24,108,-0.03822406623324194,0.42592592592592593,-0.6061809086315867,-0.02141545897217044
GBPJPY,1h,capit,long,12,2.0,1.5,4,835,-0.022245806756645732,0.4994011976047904,-1.2589824437074049,-0.01773470696878792
GBPJPY,1h,capit,long,12,2.0,1.5,24,647,-0.0317922023763243,0.4868624420401855,-1.0310541335056602,-0.035438268998135174
GBPJPY,1h,capit,short,12,2.0,1.5,4,772,-0.011979613350991554,0.49222797927461137,-1.0179957996882283,-0.0033019640087783046
GBPJPY,1h,capit,short,12,2.0,1.5,24,628,-0.008768308411201065,0.48089171974522293,-0.27000094618779913,0.008058859827324284
GBPJPY,1h,wick,long,12,2.0,1.5,4,459,-0.007581690643562638,0.5098039215686274,-0.35706277407657433,-0.003090554515372512
GBPJPY,1h,wick,long,12,2.0,1.5,24,416,-0.02275714459527515,0.5336538461538461,-0.5442780415968212,-0.02640291284621739
GBPJPY,1h,wick,short,12,2.0,1.5,4,432,-0.015771418185891267,0.46064814814814814,-1.0840130137349366,-0.00715224275405489
GBPJPY,1h,wick,short,12,2.0,1.5,24,394,0.003932557589200535,0.48984771573604063,0.12238803939509843,0.020709142537992258
GBPJPY,1h,capit,long,12,2.0,2.0,4,529,-0.0033091167123135527,0.5066162570888468,-0.22637884135710207,0.0011881680455373637
GBPJPY,1h,capit,long,12,2.0,2.0,24,462,-0.018636698475175056,0.474025974025974,-0.585949168430712,-0.022296827418237047
GBPJPY,1h,capit,short,12,2.0,2.0,4,488,-0.020461821400872535,0.47540983606557374,-1.4568040699526537,-0.011783349405246557
GBPJPY,1h,capit,short,12,2.0,2.0,24,423,-0.03361336514438407,0.475177304964539,-0.8018636858649416,-0.016787623800467028
GBPJPY,1h,wick,long,12,2.0,2.0,4,296,-0.0009023814594157859,0.527027027027027,-0.03016044168335982,0.0035910662009729965
GBPJPY,1h,wick,long,12,2.0,2.0,24,279,-0.0305631146394045,0.5340501792114696,-0.5445520556029889,-0.034203131888763144
GBPJPY,1h,wick,short,12,2.0,2.0,4,289,-0.028632496530071612,0.4359861591695502,-1.6260093746004065,-0.020009344292658944
GBPJPY,1h,wick,short,12,2.0,2.0,24,272,0.0036966856034272295,0.45955882352941174,0.07654304000280192,0.020485670866861594
GBPJPY,1h,capit,long,12,2.0,3.0,4,143,-0.03295394740896599,0.4755244755244755,-1.199776878446307,-0.028386939658623073
GBPJPY,1h,capit,long,12,2.0,3.0,24,136,-0.014712080078195511,0.47058823529411764,-0.2426905290019478,-0.018303011234434362
GBPJPY,1h,capit,short,12,2.0,3.0,4,127,-0.03928751628008151,0.4645669291338583,-1.292773718062118,-0.030612065690561206
GBPJPY,1h,capit,short,12,2.0,3.0,24,116,-0.03579656417118103,0.5344827586206896,-0.6721830987909914,-0.018980054706136257
GBPJPY,1h,wick,long,12,2.0,3.0,4,63,0.08061558376475982,0.5873015873015873,2.0574056676287076,0.08511650640223718
GBPJPY,1h,wick,long,12,2.0,3.0,24,62,0.16169897886593507,0.6129032258064516,2.1746935192501513,0.158043639537786
GBPJPY,1h,wick,short,12,2.0,3.0,4,76,-0.06089845998798227,0.3684210526315789,-1.6748582019824798,-0.052171941185829414
GBPJPY,1h,wick,short,12,2.0,3.0,24,72,-0.07895816477199885,0.4444444444444444,-1.0257630897211925,-0.062094571218539014
GBPJPY,1h,capit,long,12,3.0,1.5,4,346,-0.035646729684534424,0.5202312138728323,-0.9496545823241782,-0.031148097996701655
GBPJPY,1h,capit,long,12,3.0,1.5,24,310,-0.01611448333989616,0.4967741935483871,-0.3091304276407714,-0.019770824895680196
GBPJPY,1h,capit,short,12,3.0,1.5,4,295,-0.000990393883267445,0.49491525423728816,-0.04913869826473695,0.007635649832942735
GBPJPY,1h,capit,short,12,3.0,1.5,24,279,0.06417440682629581,0.5232974910394266,1.0898867741995903,0.08094289568582141
GBPJPY,1h,wick,long,12,3.0,1.5,4,127,-0.03698363263141115,0.5118110236220472,-0.5702855336537788,-0.032582088269141274
GBPJPY,1h,wick,long,12,3.0,1.5,24,127,-0.09297298506050802,0.48031496062992124,-0.9039841548216887,-0.0967260255908678
GBPJPY,1h,wick,short,12,3.0,1.5,4,130,-0.012901269802824801,0.46923076923076923,-0.5139717733116269,-0.0043079426475866375
GBPJPY,1h,wick,short,12,3.0,1.5,24,128,-0.04814888020255407,0.4609375,-0.92799304663849,-0.031384712049636554
GBPJPY,1h,capit,long,12,3.0,2.0,4,273,-0.0052244875427372535,0.5054945054945055,-0.2516103883760417,-0.0007216425205400121
GBPJPY,1h,capit,long,12,3.0,2.0,24,254,-0.00616588374715485,0.468503937007874,-0.13343808305753707,-0.009821736727679123
GBPJPY,1h,capit,short,12,3.0,2.0,4,222,0.004735816378211773,0.5045045045045045,0.2055894639365869,0.013370896995133583
GBPJPY,1h,capit,short,12,3.0,2.0,24,211,0.06894189474059248,0.5118483412322274,0.9625657179429864,0.08571871061649573
GBPJPY,1h,wick,long,12,3.0,2.0,4,102,-0.05917492536617891,0.5098039215686274,-0.7462698352464904,-0.05476018296661038
GBPJPY,1h,wick,long,12,3.0,2.0,24,102,-0.14181889262579292,0.46078431372549017,-1.1376518635167236,-0.1455587351188541
GBPJPY,1h,wick,short,12,3.0,2.0,4,93,-0.01922749032948375,0.45161290322580644,-0.6409857668962567,-0.01060048056094241
GBPJPY,1h,wick,short,12,3.0,2.0,24,92,-0.0290099959154886,0.4782608695652174,-0.48889941760093636,-0.012216633705919263
GBPJPY,1h,capit,long,12,3.0,3.0,4,97,-0.052321040783491264,0.422680412371134,-1.499780025954676,-0.04770220355149486
GBPJPY,1h,capit,long,12,3.0,3.0,24,95,0.01347679743511609,0.45263157894736844,0.18278313028135748,0.009942678159436497
GBPJPY,1h,capit,short,12,3.0,3.0,4,72,-0.015972872600461402,0.4583333333333333,-0.37668212767788156,-0.007377700021160341
GBPJPY,1h,capit,short,12,3.0,3.0,24,69,-0.016670754197008985,0.5507246376811594,-0.24419174101200064,6.800191932726345e-05
GBPJPY,1h,wick,long,12,3.0,3.0,4,27,0.07586357370753924,0.5185185185185185,1.0329748276299429,0.08037462524541214
GBPJPY,1h,wick,long,12,3.0,3.0,24,27,0.09589115102327501,0.48148148148148145,0.6912026315705381,0.09224761766851827
GBPJPY,1h,wick,short,12,3.0,3.0,4,29,-0.0463060458127152,0.4482758620689655,-0.8639924166983385,-0.03748774924587237
GBPJPY,1h,wick,short,12,3.0,3.0,24,29,0.047040866557714486,0.5172413793103449,0.4922033023842247,0.06401374801718697
GBPJPY,1h,capit,long,24,1.5,1.5,4,698,-0.021517177929520962,0.49140401146131807,-1.0547161760509616,-0.017008834261176577
GBPJPY,1h,capit,long,24,1.5,1.5,24,531,-0.04858423826654111,0.4708097928436911,-1.376697319322832,-0.05220885313643491
GBPJPY,1h,capit,short,24,1.5,1.5,4,668,-0.022052936137681046,0.4805389221556886,-1.6706161726905226,-0.013388903778055978
GBPJPY,1h,capit,short,24,1.5,1.5,24,526,-0.03017982850076544,0.4600760456273764,-0.8090746529511291,-0.013351428205435821
GBPJPY,1h,wick,long,24,1.5,1.5,4,464,-0.005051495941051987,0.5172413793103449,-0.24162829929115295,-0.0005137295296779702
GBPJPY,1h,wick,long,24,1.5,1.5,24,411,-0.009498513771118534,0.5352798053527981,-0.22567515098812588,-0.013122422336967005
GBPJPY,1h,wick,short,24,1.5,1.5,4,439,-0.018468199159775586,0.46697038724373574,-1.277050544284312,-0.009807245077117454
GBPJPY,1h,wick,short,24,1.5,1.5,24,377,-0.053618774092436455,0.44562334217506633,-1.7350317344463275,-0.036801434561332426
GBPJPY,1h,capit,long,24,1.5,2.0,4,338,-0.04576225526641129,0.46745562130177515,-1.232412080824371,-0.041216982953256605
GBPJPY,1h,capit,long,24,1.5,2.0,24,293,-0.09708608419498974,0.4300341296928328,-1.769813003254692,-0.1006859233851091
GBPJPY,1h,capit,short,24,1.5,2.0,4,313,-0.013141751140829735,0.4728434504792332,-0.7008313978269964,-0.004474549869397438
GBPJPY,1h,capit,short,24,1.5,2.0,24,274,-0.06464335767813868,0.4781021897810219,-1.5552186962987997,-0.04782016165899552
GBPJPY,1h,wick,long,24,1.5,2.0,4,236,-0.03096273802701222,0.4788135593220339,-0.8727341074243062,-0.026395881799685134
GBPJPY,1h,wick,long,24,1.5,2.0,24,219,-0.0294141860853191,0.5159817351598174,-0.4541429001852785,-0.0330081045955058
GBPJPY,1h,wick,short,24,1.5,2.0,4,214,-0.02997658900636941,0.4672897196261682,-1.3021128565032167,-0.021243331025274734
GBPJPY,1h,wick,short,24,1.5,2.0,24,198,-0.08762958285388832,0.42424242424242425,-1.993630539547831,-0.07074114739849542
GBPJPY,1h,capit,long,24,1.5,3.0,4,71,-0.015251040906722068,0.38028169014084506,-0.4621107090163446,-0.010804139443930924
GBPJPY,1h,capit,long,24,1.5,3.0,24,69,0.024585112580870292,0.5217391304347826,0.31109637088123654,0.02088620326521174
GBPJPY,1h,capit,short,24,1.5,3.0,4,61,0.031869464552247435,0.5573770491803278,0.9431367001759544,0.04035155904379181
GBPJPY,1h,capit,short,24,1.5,3.0,24,61,0.13503075612197488,0.6229508196721312,2.0214815880150847,0.15166743550614895
GBPJPY,1h,wick,long,24,1.5,3.0,4,41,0.08050686806937242,0.6097560975609756,1.8944923467148915,0.0848950548619299
GBPJPY,1h,wick,long,24,1.5,3.0,24,40,0.11848065694740526,0.55,1.4542940743267634,0.11469851431202367
GBPJPY,1h,wick,short,24,1.5,3.0,4,45,-0.05843105355760107,0.3333333333333333,-1.081576979476226,-0.04957768095578663
GBPJPY,1h,wick,short,24,1.5,3.0,24,44,-0.217571494864317,0.3409090909090909,-2.546508575821552,-0.20056088384851176
GBPJPY,1h,capit,long,24,2.0,1.5,4,501,-0.04347876270475779,0.46506986027944114,-1.6100245026608553,-0.039005844885738584
GBPJPY,1h,capit,long,24,2.0,1.5,24,408,-0.08078397889914629,0.4681372549019608,-1.9110932636968887,-0.08443222580663359
GBPJPY,1h,capit,short,24,2.0,1.5,4,434,-0.027219606390283507,0.45852534562211983,-1.666009059458915,-0.01855493072594691
GBPJPY,1h,capit,short,24,2.0,1.5,24,379,-0.03963842715766265,0.45118733509234826,-0.8476998228517972,-0.022828304451934227
GBPJPY,1h,wick,long,24,2.0,1.5,4,237,0.0004243468822084589,0.5147679324894515,0.01172958933216786,0.004988300388831665
GBPJPY,1h,wick,long,24,2.0,1.5,24,222,0.05587153224963262,0.5720720720720721,0.8686423108858804,0.0522831341528771
GBPJPY,1h,wick,short,24,2.0,1.5,4,222,-0.03783318733207178,0.46846846846846846,-1.630929744299689,-0.02915829445295974
GBPJPY,1h,wick,short,24,2.0,1.5,24,207,-0.05348980107250619,0.463768115942029,-1.19041242192632,-0.036662131746047114
GBPJPY,1h,capit,long,24,2.0,2.0,4,261,-0.0731908370125814,0.42528735632183906,-1.5551220227939646,-0.06865092196289817
GBPJPY,1h,capit,long,24,2.0,2.0,24,232,-0.11834845435302226,0.44396551724137934,-1.8514747556265212,-0.12196015657430796
GBPJPY,1h,capit,short,24,2.0,2.0,4,231,-0.004889085736878692,0.46320346320346323,-0.2279137693788231,0.0037920198887195925
GBPJPY,1h,capit,short,24,2.0,2.0,24,216,-0.049659567870158614,0.46296296296296297,-1.0189383596288752,-0.03282824237224092
GBPJPY,1h,wick,long,24,2.0,2.0,4,141,-0.025799830687274667,0.48226950354609927,-0.452124692040091,-0.02124020160701864
GBPJPY,1h,wick,long,24,2.0,2.0,24,137,-0.0023733366121513814,0.5182481751824818,-0.02558223639273139,-0.005970395784184408
GBPJPY,1h,wick,short,24,2.0,2.0,4,123,-0.07476680432119763,0.4146341463414634,-2.134882951224416,-0.06599848796953424
GBPJPY,1h,wick,short,24,2.0,2.0,24,118,-0.1306451419737432,0.4322033898305085,-2.017508470739854,-0.11372319510499392
GBPJPY,1h,capit,long,24,2.0,3.0,4,64,-0.038184054734781696,0.34375,-1.1075423810195109,-0.033751987243080886
GBPJPY,1h,capit,long,24,2.0,3.0,24,62,-0.011610035089987555,0.5,-0.14098731079656288,-0.01532326626613839
GBPJPY,1h,capit,short,24,2.0,3.0,4,54,0.033906879702522395,0.5185185185185185,0.914827535575244,0.042411657123854335
GBPJPY,1h,capit,short,24,2.0,3.0,24,54,0.12648777172576522,0.6296296296296297,1.7628259870631389,0.14314713403972687
GBPJPY,1h,wick,long,24,2.0,3.0,4,33,0.0713493920188974,0.6060606060606061,1.4767847945755985,0.07571844152443821
GBPJPY,1h,wick,long,24,2.0,3.0,24,33,0.1447201028615564,0.6363636363636364,1.6513491300667518,0.14093456747446756
GBPJPY,1h,wick,short,24,2.0,3.0,4,35,-0.06742699764272318,0.2857142857142857,-0.9929318032458251,-0.05859576877830901
GBPJPY,1h,wick,short,24,2.0,3.0,24,34,-0.2392141583825388,0.35294117647058826,-2.2547493768166595,-0.2222255619430688
GBPJPY,1h,capit,long,24,3.0,1.5,4,199,-0.06981993988765417,0.47738693467336685,-1.1331592901255414,-0.06533282877701431
GBPJPY,1h,capit,long,24,3.0,1.5,24,191,-0.07435513563397653,0.5130890052356021,-0.9692303491158293,-0.07801615150974545
GBPJPY,1h,capit,short,24,3.0,1.5,4,172,-0.03350721245499785,0.45930232558139533,-1.1759835908740197,-0.024869197262260653
GBPJPY,1h,capit,short,24,3.0,1.5,24,168,0.008592051249713135,0.4880952380952381,0.09787381032899897,0.025380821315058824
GBPJPY,1h,wick,long,24,3.0,1.5,4,69,-0.06646112830878377,0.5362318840579711,-0.59193606563625,-0.06204708794104736
GBPJPY,1h,wick,long,24,3.0,1.5,24,68,0.042848417717957006,0.5588235294117647,0.2481785184113009,0.03911056465683865
GBPJPY,1h,wick,short,24,3.0,1.5,4,63,-0.051559329824124915,0.5079365079365079,-0.889945455442366,-0.04296871117641024
GBPJPY,1h,wick,short,24,3.0,1.5,24,62,-0.10583317736174647,0.41935483870967744,-1.337217721165245,-0.08908951240908247
GBPJPY,1h,capit,long,24,3.0,2.0,4,134,-0.1005943303065917,0.4701492537313433,-1.1354731845112525,-0.09604509282732844
GBPJPY,1h,capit,long,24,3.0,2.0,24,129,-0.11521630312112165,0.4806201550387597,-1.0991005164793441,-0.11882461577191576
GBPJPY,1h,capit,short,24,3.0,2.0,4,113,-0.015420170922070688,0.4424778761061947,-0.4613603038553975,-0.006744853862101851
GBPJPY,1h,capit,short,24,3.0,2.0,24,110,-0.07105223155539211,0.4727272727272727,-0.9637898284086759,-0.05421921901679282
GBPJPY,1h,wick,long,24,3.0,2.0,4,54,-0.14164583278327567,0.48148148148148145,-1.0040751134885932,-0.1372096749295656
GBPJPY,1h,wick,long,24,3.0,2.0,24,54,-0.06594036055375005,0.5,-0.31279489132951277,-0.06965878759266965
GBPJPY,1h,wick,short,24,3.0,2.0,4,42,-0.08506390240343988,0.47619047619047616,-1.0077639064626276,-0.07632163993686951
GBPJPY,1h,wick,short,24,3.0,2.0,24,42,-0.12411985396524937,0.42857142857142855,-1.2172349399765612,-0.10722300660604936
GBPJPY,1h,capit,long,24,3.0,3.0,4,37,-0.02659171348530769,0.40540540540540543,-0.5518100954580165,-0.022089556530914226
GBPJPY,1h,capit,long,24,3.0,3.0,24,37,0.07110012494469137,0.5135135135135135,0.5926664031683594,0.06744769700645516
GBPJPY,1h,capit,short,24,3.0,3.0,4,31,0.016851940874046047,0.5161290322580645,0.34538765930913534,0.02533454750561786
GBPJPY,1h,capit,short,24,3.0,3.0,24,31,0.14459863233288664,0.6129032258064516,1.4987150055178173,0.16123582385708818
GBPJPY,1h,wick,long,24,3.0,3.0,4,17,0.0609466622930742,0.5294117647058824,0.6766034585043691,0.06533753362533504
GBPJPY,1h,wick,long,24,3.0,3.0,24,17,0.08968606691303772,0.5294117647058824,0.6990559732348511,0.0859223533526689
GBPJPY,1h,wick,short,24,3.0,3.0,4,14,-0.0036602367782366607,0.42857142857142855,-0.02470359112859715,0.005281074366963968
GBPJPY,1h,wick,short,24,3.0,3.0,24,14,-0.22183532660753918,0.35714285714285715,-1.4676178352813698,-0.2047394305697089
GBPJPY,1h,capit,long,48,1.5,1.5,4,525,-0.02114013354481238,0.4895238095238095,-0.8005372382959959,-0.01663808293034102
GBPJPY,1h,capit,long,48,1.5,1.5,24,390,-0.06696602530132782,0.5,-1.6039455044399091,-0.07059356166203028
GBPJPY,1h,capit,short,48,1.5,1.5,4,472,-0.03301028298525517,0.4809322033898305,-2.143012797090429,-0.024336174112227812
GBPJPY,1h,capit,short,48,1.5,1.5,24,367,-0.08422663776314539,0.4087193460490463,-1.7588599787486707,-0.06740037387512691
GBPJPY,1h,wick,long,48,1.5,1.5,4,334,-0.02385767654502524,0.5149700598802395,-0.8480507509235602,-0.019331961449892528
GBPJPY,1h,wick,long,48,1.5,1.5,24,286,-0.02429447880336546,0.5034965034965035,-0.465676654644647,-0.027930217410167046
GBPJPY,1h,wick,short,48,1.5,1.5,4,317,-0.03332382904117457,0.45425867507886436,-2.052488647499245,-0.024627919174670387
GBPJPY,1h,wick,short,48,1.5,1.5,24,265,-0.10001066452807947,0.4339622641509434,-2.517138501046215,-0.08315541604446217
GBPJPY,1h,capit,long,48,1.5,2.0,4,260,-0.06634719890382011,0.4461538461538462,-1.3930502843944501,-0.06180206829380452
GBPJPY,1h,capit,long,48,1.5,2.0,24,218,-0.08871933330741726,0.4908256880733945,-1.3657556832992028,-0.09229302092031265
GBPJPY,1h,capit,short,48,1.5,2.0,4,220,-0.02760807872031473,0.45454545454545453,-1.1577349010004847,-0.018910639410951082
GBPJPY,1h,capit,short,48,1.5,2.0,24,194,-0.10372948378353139,0.42783505154639173,-2.019640946539969,-0.08686242728955614
GBPJPY,1h,wick,long,48,1.5,2.0,4,173,-0.04832023025185442,0.4682080924855491,-0.9998809562623805,-0.04370760232092332
GBPJPY,1h,wick,long,48,1.5,2.0,24,158,-0.07143078359003216,0.4810126582278481,-0.8503056820581821,-0.07497370378541131
GBPJPY,1h,wick,short,48,1.5,2.0,4,158,-0.040992682603656606,0.4620253164556962,-1.6517219269828758,-0.03222896036369158
GBPJPY,1h,wick,short,48,1.5,2.0,24,140,-0.17853518034311797,0.35,-3.562880709039282,-0.1616122949646351
GBPJPY,1h,capit,long,48,1.5,3.0,4,60,-0.07518600141939812,0.36666666666666664,-2.4051979204481677,-0.07071094598295177
GBPJPY,1h,capit,long,48,1.5,3.0,24,57,-0.08270491963939891,0.45614035087719296,-0.9540980116436453,-0.0863766475424661
GBPJPY,1h,capit,short,48,1.5,3.0,4,46,0.00866428763645328,0.5217391304347826,0.19034629260624747,0.017238187888295897
GBPJPY,1h,capit,short,48,1.5,3.0,24,44,0.06305895876085071,0.5681818181818182,0.7020619822244071,0.07981223624173953
GBPJPY,1h,wick,long,48,1.5,3.0,4,24,0.011596617393993858,0.375,0.20759657225578146,0.016176589117038884
GBPJPY,1h,wick,long,48,1.5,3.0,24,24,0.1538250240899761,0.5,1.2306935445623919,0.15025041092039143
GBPJPY,1h,wick,short,48,1.5,3.0,4,29,-0.04796470707138701,0.41379310344827586,-0.6655705274647039,-0.039072865578808874
GBPJPY,1h,wick,short,48,1.5,3.0,24,28,-0.21055267498514846,0.32142857142857145,-2.1638564014540047,-0.1934831445307985
GBPJPY,1h,capit,long,48,2.0,1.5,4,377,-0.04636882779809311,0.4880636604774536,-1.3339904928706972,-0.04187591456529876
GBPJPY,1h,capit,long,48,2.0,1.5,24,299,-0.08224802869088425,0.5150501672240803,-1.6099601126824494,-0.0858892170181629
GBPJPY,1h,capit,short,48,2.0,1.5,4,316,-0.031666563311353,0.46835443037974683,-1.5907042084695506,-0.022995019644681976
GBPJPY,1h,capit,short,48,2.0,1.5,24,264,-0.07064194026049299,0.42045454545454547,-1.1510509979254324,-0.05382464984046819
GBPJPY,1h,wick,long,48,2.0,1.5,4,170,-0.03104569216952739,0.5235294117647059,-0.6285821329577882,-0.02653759525589968
GBPJPY,1h,wick,long,48,2.0,1.5,24,160,-0.02140839237519702,0.54375,-0.2631718978758277,-0.025056358892908852
GBPJPY,1h,wick,short,48,2.0,1.5,4,161,-0.06350311288133745,0.40993788819875776,-2.6516657576970095,-0.054808698811834505
GBPJPY,1h,wick,short,48,2.0,1.5,24,149,-0.08015786808313874,0.436241610738255,-1.0468334444917669,-0.06331594943721292
GBPJPY,1h,capit,long,48,2.0,2.0,4,207,-0.07570668650054617,0.45893719806763283,-1.283361430392806,-0.07115838616076625
GBPJPY,1h,capit,long,48,2.0,2.0,24,178,-0.06648657839215817,0.5056179775280899,-0.8856186495863196,-0.07007376923011374
GBPJPY,1h,capit,short,48,2.0,2.0,4,167,-0.03097559112457256,0.4491017964071856,-1.0762043937573946,-0.02226564726967325
GBPJPY,1h,capit,short,48,2.0,2.0,24,151,-0.10151174462201899,0.41721854304635764,-1.7167167405731691,-0.08466027242407753
GBPJPY,1h,wick,long,48,2.0,2.0,4,102,-0.04564879867690955,0.49019607843137253,-0.5942686538354225,-0.04101807815375826
GBPJPY,1h,wick,long,48,2.0,2.0,24,99,-0.10062205475758791,0.494949494949495,-0.8109950876686199,-0.10415129165560613
GBPJPY,1h,wick,short,48,2.0,2.0,4,99,-0.07666003335101808,0.40404040404040403,-2.3103829389698043,-0.06784347413088745
GBPJPY,1h,wick,short,48,2.0,2.0,24,93,-0.20101681244722916,0.3870967741935484,-2.9009281013957033,-0.18404472346233186
GBPJPY,1h,capit,long,48,2.0,3.0,4,56,-0.08534788401559772,0.3392857142857143,-2.601264253077674,-0.08087743195377176
GBPJPY,1h,capit,long,48,2.0,3.0,24,53,-0.10041051821679771,0.4339622641509434,-1.0915107028389066,-0.10408652126639842
GBPJPY,1h,capit,short,48,2.0,3.0,4,37,0.012843861402073454,0.5405405405405406,0.24693329084116122,0.021446505852405217
GBPJPY,1h,capit,short,48,2.0,3.0,24,37,0.07458484834423858,0.5945945945945946,0.7511530290951786,0.09134207768720003
GBPJPY,1h,wick,long,48,2.0,3.0,4,19,0.03336777662494834,0.42105263157894735,0.5653996620651232,0.03792601923536797
GBPJPY,1h,wick,long,48,2.0,3.0,24,19,0.15798478911082145,0.631578947368421,1.1935520420997179,0.15438844682861141
GBPJPY,1h,wick,short,48,2.0,3.0,4,24,-0.07050238720190562,0.3333333333333333,-0.8147789413596539,-0.06158245747446255
GBPJPY,1h,wick,short,48,2.0,3.0,24,23,-0.2498645798313746,0.30434782608695654,-2.1912086132619573,-0.2327607172908304
GBPJPY,1h,capit,long,48,3.0,1.5,4,148,-0.08524494019474141,0.4864864864864865,-1.0515771834080172,-0.08077068128268154
GBPJPY,1h,capit,long,48,3.0,1.5,24,136,-0.060193896500508985,0.5294117647058824,-0.6290985512137752,-0.06386192697766042
GBPJPY,1h,capit,short,48,3.0,1.5,4,129,-0.021731640956690414,0.46511627906976744,-0.642577929674881,-0.013110703025705245
GBPJPY,1h,capit,short,48,3.0,1.5,24,125,0.014543696229149278,0.448,0.12749046372283113,0.0313035661250132
GBPJPY,1h,wick,long,48,3.0,1.5,4,52,-0.07826729963674774,0.5576923076923077,-0.5292423798618201,-0.07386646518515542
GBPJPY,1h,wick,long,48,3.0,1.5,24,52,-0.021065681956495642,0.5192307692307693,-0.09426273784425496,-0.024819432397532964
GBPJPY,1h,wick,short,48,3.0,1.5,4,50,-0.02993163997475771,0.5,-0.605941765277217,-0.021295654843519994
GBPJPY,1h,wick,short,48,3.0,1.5,24,50,0.0594562755509663,0.46,0.3230069425766198,0.07624684557483367
GBPJPY,1h,capit,long,48,3.0,2.0,4,96,-0.1452159583098031,0.4375,-1.1856767871373777,-0.14070940010485244
GBPJPY,1h,capit,long,48,3.0,2.0,24,90,-0.15465883531989869,0.4666666666666667,-1.1593164893735224,-0.15829977151315403
GBPJPY,1h,capit,short,48,3.0,2.0,4,81,-0.03045521226054524,0.41975308641975306,-0.6853839622485972,-0.021789234927324125
GBPJPY,1h,capit,short,48,3.0,2.0,24,78,-0.1462392817345511,0.3974358974358974,-1.4486497081586391,-0.12943159036733698
GBPJPY,1h,wick,long,48,3.0,2.0,4,36,-0.17908024262913505,0.5,-0.8636755044433473,-0.17462431801234576
GBPJPY,1h,wick,long,48,3.0,2.0,24,36,-0.17307901374289064,0.4722222222222222,-0.5622441572860739,-0.176777674018731
GBPJPY,1h,wick,short,48,3.0,2.0,4,34,-0.02593160182667657,0.47058823529411764,-0.3968466205189578,-0.01714853361800648
GBPJPY,1h,wick,short,48,3.0,2.0,24,34,-0.1271062247115901,0.4117647058823529,-1.162204350153642,-0.11016857161029035
GBPJPY,1h,capit,long,48,3.0,3.0,4,31,-0.039092183613760656,0.41935483870967744,-0.6795595958346016,-0.03443496683515371
GBPJPY,1h,capit,long,48,3.0,3.0,24,31,-0.05672001493316676,0.45161290322580644,-0.4075655153968377,-0.06021738304718951
GBPJPY,1h,capit,short,48,3.0,3.0,4,26,0.014327878280517684,0.5384615384615384,0.21934530309129713,0.02279767356577806
GBPJPY,1h,capit,short,48,3.0,3.0,24,26,0.06310060245354383,0.5384615384615384,0.45656039077369387,0.07972498263143389
GBPJPY,1h,wick,long,48,3.0,3.0,4,10,0.01527170923480465,0.3,0.14631886985113862,0.01983782663540431
GBPJPY,1h,wick,long,48,3.0,3.0,24,10,0.20467450607698873,0.5,0.8997826907830618,0.20108603858495874
GBPJPY,1h,wick,short,48,3.0,3.0,4,12,0.0011690851767161468,0.4166666666666667,0.006986596661413733,0.010056654267996436
GBPJPY,1h,wick,short,48,3.0,3.0,24,12,-0.2107156766883198,0.3333333333333333,-1.2921833180683275,-0.1936735227044099
GBPJPY,1d,capit,long,10,1.5,1.5,1,19,0.027292780434791917,0.5789473684210527,0.15812976747877608,0.011903656934975086
GBPJPY,1d,capit,long,10,1.5,1.5,3,16,-0.47772616666362167,0.1875,-1.9024111665566859,-0.5130212768544437
GBPJPY,1d,capit,long,10,1.5,1.5,5,14,-0.9991353926428758,0.14285714285714285,-3.219560837834989,-1.0531325484212983
GBPJPY,1d,capit,short,10,1.5,1.5,1,4,-0.6046496530059816,0.25,-0.9490697232575314,-0.5755983039537208
GBPJPY,1d,capit,short,10,1.5,1.5,3,4,-0.09523045288230862,0.75,-0.08700712303613868,-0.04616820676825332
GBPJPY,1d,capit,short,10,1.5,1.5,5,4,-0.18113381509858045,0.5,-0.146939843679817,-0.1133238322968185
GBPJPY,1d,wick,long,10,1.5,1.5,1,3,-0.5253817096292384,0.0,-6.647927390455479,-0.5410289180159595
GBPJPY,1d,wick,long,10,1.5,1.5,3,3,-0.6135894249388051,0.0,-2.7560923418574172,-0.6492475303873204
GBPJPY,1d,wick,long,10,1.5,1.5,5,3,-0.5518346284235373,0.0,-2.0293576901993005,-0.6062404705597595
GBPJPY,1d,wick,short,10,1.5,1.5,1,3,0.09219720386021246,0.6666666666666666,0.5098184342323143,0.12022903326450825
GBPJPY,1d,wick,short,10,1.5,1.5,3,3,0.044198117466799226,0.6666666666666666,0.21086514805185944,0.09224084393288949
GBPJPY,1d,wick,short,10,1.5,1.5,5,3,-0.2879008820797677,0.3333333333333333,-1.3114417053507714,-0.2211104189259707
GBPJPY,1d,capit,long,10,1.5,2.0,1,4,0.3309192904157671,0.75,0.6772055207125001,0.31554515288981877
GBPJPY,1d,capit,long,10,1.5,2.0,3,3,-0.7051618525133929,0.3333333333333333,-1.0557785642075475,-0.7403033214843335
GBPJPY,1d,capit,long,10,1.5,2.0,5,3,-1.3726461508881804,0.0,-1.6174825574426723,-1.4265353565468275
GBPJPY,1d,capit,short,10,1.5,2.0,1,1,-2.270525135232049,0.0,0.0,-2.240912229826781
GBPJPY,1d,capit,short,10,1.5,2.0,3,1,-3.276087006279038,0.0,0.0,-3.226463203811976
GBPJPY,1d,capit,short,10,1.5,2.0,5,1,-3.5225183297602047,0.0,0.0,-3.454146790605436
GBPJPY,1d,wick,long,10,1.5,2.0,1,1,-0.3761929509590863,0.0,0.0,-0.3922707058077448
GBPJPY,1d,wick,long,10,1.5,2.0,3,1,-0.6472644807710589,0.0,0.0,-0.6833531326815119
GBPJPY,1d,wick,long,10,1.5,2.0,5,1,-0.19784087687801893,0.0,0.0,-0.2526772654761787
GBPJPY,1d,wick,short,10,1.5,2.0,1,2,-0.044652720215230354,0.5,-0.21806710585819555,-0.01695355612991811
GBPJPY,1d,wick,short,10,1.5,2.0,3,2,0.037428234481892024,0.5,0.10314932543398389,0.08513829562899874
GBPJPY,1d,wick,short,10,1.5,2.0,5,2,-0.0766962029107233,0.5,-0.7394454040476252,-0.01023840507590986
GBPJPY,1d,capit,long,10,1.5,3.0,1,0,,,,
GBPJPY,1d,capit,long,10,1.5,3.0,3,0,,,,
GBPJPY,1d,capit,long,10,1.5,3.0,5,0,,,,
GBPJPY,1d,capit,short,10,1.5,3.0,1,0,,,,
GBPJPY,1d,capit,short,10,1.5,3.0,3,0,,,,
GBPJPY,1d,capit,short,10,1.5,3.0,5,0,,,,
GBPJPY,1d,wick,long,10,1.5,3.0,1,0,,,,
GBPJPY,1d,wick,long,10,1.5,3.0,3,0,,,,
GBPJPY,1d,wick,long,10,1.5,3.0,5,0,,,,
GBPJPY,1d,wick,short,10,1.5,3.0,1,1,-0.24941867993896363,0.0,0.0,-0.22180500876427067
GBPJPY,1d,wick,short,10,1.5,3.0,3,1,-0.32542662980751424,0.0,0.0,-0.2778020615710269
GBPJPY,1d,wick,short,10,1.5,3.0,5,1,0.027025048842142508,1.0,0.0,0.09339735376633665
GBPJPY,1d,capit,long,10,2.0,1.5,1,12,0.17118738361025562,0.5833333333333334,0.8216817233026799,0.15596822029442786
GBPJPY,1d,capit,long,10,2.0,1.5,3,12,-0.26075392350709775,0.3333333333333333,-0.8770991023017197,-0.29598398388471986
GBPJPY,1d,capit,long,10,2.0,1.5,5,11,-0.7919685273012101,0.09090909090909091,-2.3082778679142835,-0.8459624961160302
GBPJPY,1d,capit,short,10,2.0,1.5,1,3,-1.0644497443357464,0.0,-1.7067753852572332,-1.0352328471834935
GBPJPY,1d,capit,short,10,2.0,1.5,3,3,-0.31513078858287796,0.6666666666666666,-0.20782694683464328,-0.26590299436883086
GBPJPY,1d,capit,short,10,2.0,1.5,5,3,-0.20471274178108118,0.6666666666666666,-0.11744901492894977,-0.13673721087932728
GBPJPY,1d,wick,long,10,2.0,1.5,1,1,-0.6451864160348808,0.0,0.0,-0.6606790596863579
GBPJPY,1d,wick,long,10,2.0,1.5,3,1,-0.21224945477202775,0.0,0.0,-0.24775299548529925
GBPJPY,1d,wick,long,10,2.0,1.5,5,1,-0.37127427562569815,0.0,0.0,-0.42552555302667644
GBPJPY,1d,wick,short,10,2.0,1.5,1,1,0.16011323950850292,1.0,0.0,0.18789789650443445
GBPJPY,1d,wick,short,10,2.0,1.5,3,1,0.4002830987712983,1.0,0.0,0.4480786528290243
GBPJPY,1d,wick,short,10,2.0,1.5,5,1,-0.1804174546635891,0.0,0.0,-0.11387416391815638
GBPJPY,1d,capit,long,10,2.0,2.0,1,3,0.22293302806879722,0.6666666666666666,0.33077292965757044,0.2078024561596512
GBPJPY,1d,capit,long,10,2.0,2.0,3,3,-0.7051618525133929,0.3333333333333333,-1.0557785642075475,-0.7403033214843335
GBPJPY,1d,capit,long,10,2.0,2.0,5,3,-1.3726461508881804,0.0,-1.6174825574426723,-1.4265353565468275
GBPJPY,1d,capit,short,10,2.0,2.0,1,1,-2.270525135232049,0.0,0.0,-2.240912229826781
GBPJPY,1d,capit,short,10,2.0,2.0,3,1,-3.276087006279038,0.0,0.0,-3.226463203811976
GBPJPY,1d,capit,short,10,2.0,2.0,5,1,-3.5225183297602047,0.0,0.0,-3.454146790605436
GBPJPY,1d,wick,long,10,2.0,2.0,1,0,,,,
GBPJPY,1d,wick,long,10,2.0,2.0,3,0,,,,
GBPJPY,1d,wick,long,10,2.0,2.0,5,0,,,,
GBPJPY,1d,wick,short,10,2.0,2.0,1,1,0.16011323950850292,1.0,0.0,0.18789789650443445
GBPJPY,1d,wick,short,10,2.0,2.0,3,1,0.4002830987712983,1.0,0.0,0.4480786528290243
GBPJPY,1d,wick,short,10,2.0,2.0,5,1,-0.1804174546635891,0.0,0.0,-0.11387416391815638
GBPJPY,1d,capit,long,10,2.0,3.0,1,0,,,,
GBPJPY,1d,capit,long,10,2.0,3.0,3,0,,,,
GBPJPY,1d,capit,long,10,2.0,3.0,5,0,,,,
GBPJPY,1d,capit,short,10,2.0,3.0,1,0,,,,
GBPJPY,1d,capit,short,10,2.0,3.0,3,0,,,,
GBPJPY,1d,capit,short,10,2.0,3.0,5,0,,,,
GBPJPY,1d,wick,long,10,2.0,3.0,1,0,,,,
GBPJPY,1d,wick,long,10,2.0,3.0,3,0,,,,
GBPJPY,1d,wick,long,10,2.0,3.0,5,0,,,,
GBPJPY,1d,wick,short,10,2.0,3.0,1,0,,,,
GBPJPY,1d,wick,short,10,2.0,3.0,3,0,,,,
GBPJPY,1d,wick,short,10,2.0,3.0,5,0,,,,
GBPJPY,1d,capit,long,10,3.0,1.5,1,5,0.32127217517710976,0.6,1.023309159355151,0.3061686875355616
GBPJPY,1d,capit,long,10,3.0,1.5,3,5,0.06021250642030306,0.4,0.12485838673322615,0.025098121716960388
GBPJPY,1d,capit,long,10,3.0,1.5,5,5,-0.2820583975255485,0.2,-0.5302360930769572,-0.33592051891659797
GBPJPY,1d,capit,short,10,3.0,1.5,1,2,-1.2282216861852089,0.0,-1.1783724665867568,-1.198993281372158
GBPJPY,1d,capit,short,10,3.0,1.5,3,2,-0.7715684717529523,0.5,-0.30807057768448554,-0.7223291698781069
GBPJPY,1d,capit,short,10,3.0,1.5,5,2,-0.5709708201012451,0.5,-0.19344795170422943,-0.502983781538693
GBPJPY,1d,wick,long,10,3.0,1.5,1,0,,,,
GBPJPY,1d,wick,long,10,3.0,1.5,3,0,,,,
GBPJPY,1d,wick,long,10,3.0,1.5,5,0,,,,
GBPJPY,1d,wick,short,10,3.0,1.5,1,0,,,,
GBPJPY,1d,wick,short,10,3.0,1.5,3,0,,,,
GBPJPY,1d,wick,short,10,3.0,1.5,5,0,,,,
GBPJPY,1d,capit,long,10,3.0,2.0,1,1,0.4239136757605944,1.0,0.0,0.40920146967719595
GBPJPY,1d,capit,long,10,3.0,2.0,3,1,0.6100575882729432,1.0,0.0,0.5753344851277502
GBPJPY,1d,capit,long,10,3.0,2.0,5,1,-0.08361933569891002,0.0,0.0,-0.13709017553180972
GBPJPY,1d,capit,short,10,3.0,2.0,1,1,-2.270525135232049,0.0,0.0,-2.240912229826781
GBPJPY,1d,capit,short,10,3.0,2.0,3,1,-3.276087006279038,0.0,0.0,-3.226463203811976
GBPJPY,1d,capit,short,10,3.0,2.0,5,1,-3.5225183297602047,0.0,0.0,-3.454146790605436
GBPJPY,1d,wick,long,10,3.0,2.0,1,0,,,,
GBPJPY,1d,wick,long,10,3.0,2.0,3,0,,,,
GBPJPY,1d,wick,long,10,3.0,2.0,5,0,,,,
GBPJPY,1d,wick,short,10,3.0,2.0,1,0,,,,
GBPJPY,1d,wick,short,10,3.0,2.0,3,0,,,,
GBPJPY,1d,wick,short,10,3.0,2.0,5,0,,,,
GBPJPY,1d,capit,long,10,3.0,3.0,1,0,,,,
GBPJPY,1d,capit,long,10,3.0,3.0,3,0,,,,
GBPJPY,1d,capit,long,10,3.0,3.0,5,0,,,,
GBPJPY,1d,capit,short,10,3.0,3.0,1,0,,,,
GBPJPY,1d,capit,short,10,3.0,3.0,3,0,,,,
GBPJPY,1d,capit,short,10,3.0,3.0,5,0,,,,
GBPJPY,1d,wick,long,10,3.0,3.0,1,0,,,,
GBPJPY,1d,wick,long,10,3.0,3.0,3,0,,,,
GBPJPY,1d,wick,long,10,3.0,3.0,5,0,,,,
GBPJPY,1d,wick,short,10,3.0,3.0,1,0,,,,
GBPJPY,1d,wick,short,10,3.0,3.0,3,0,,,,
GBPJPY,1d,wick,short,10,3.0,3.0,5,0,,,,
GBPJPY,1d,capit,long,20,1.5,1.5,1,12,0.0912974960083667,0.5,0.5906018461791571,0.07624025016828107
GBPJPY,1d,capit,long,20,1.5,1.5,3,10,-0.5502346637240448,0.2,-2.4896062513204513,-0.5853522175385801
GBPJPY,1d,capit,long,20,1.5,1.5,5,10,-0.9878303021498983,0.0,-3.69307815471323,-1.0416844577915672
GBPJPY,1d,capit,short,20,1.5,1.5,1,6,-0.29566976539509376,0.5,-0.6522924133704522,-0.26661767863248675
GBPJPY,1d,capit,short,20,1.5,1.5,3,5,0.061690468189607384,0.8,0.0715495406976462,0.11067513144592264
GBPJPY,1d,capit,short,20,1.5,1.5,5,5,-0.08932960102643382,0.6,-0.09312402675538067,-0.021597201082411886
GBPJPY,1d,wick,long,20,1.5,1.5,1,6,-0.5129890633282516,0.3333333333333333,-1.4012204391154166,-0.528182867598088
GBPJPY,1d,wick,long,20,1.5,1.5,3,6,-1.2557843798926,0.16666666666666666,-1.2088149686477294,-1.2909890812242313
GBPJPY,1d,wick,long,20,1.5,1.5,5,6,-0.8908770953810309,0.16666666666666666,-1.1144910354895532,-0.9448295334003685
GBPJPY,1d,wick,short,20,1.5,1.5,1,3,0.032004091058214515,0.3333333333333333,0.17824280788838037,0.06030284148126437
GBPJPY,1d,wick,short,20,1.5,1.5,3,3,0.16252544087321932,0.6666666666666666,0.5137716715333168,0.21083508835806367
GBPJPY,1d,wick,short,20,1.5,1.5,5,3,-0.3417557007283583,0.3333333333333333,-1.6056146029845495,-0.2746983165558072
GBPJPY,1d,capit,long,20,1.5,2.0,1,2,0.8503341865038156,1.0,1.994121213873466,0.8357217424341543
GBPJPY,1d,capit,long,20,1.5,2.0,3,2,-0.4775344272598063,0.5,-0.4390749660164518,-0.5121577683912621
GBPJPY,1d,capit,long,20,1.5,2.0,5,2,-1.528493019237153,0.0,-1.057873111436386,-1.5818640970563156
GBPJPY,1d,capit,short,20,1.5,2.0,1,2,-1.503715497934435,0.0,-1.9610023463369874,-1.4743121043164729
GBPJPY,1d,capit,short,20,1.5,2.0,3,2,-1.3391712142608838,0.5,-0.691393616480118,-1.2897569235811273
GBPJPY,1d,capit,short,20,1.5,2.0,5,2,-1.497357457450479,0.5,-0.7393770430408924,-1.4291954300830159
GBPJPY,1d,wick,long,20,1.5,2.0,1,2,-0.5417718760341333,0.0,-3.271985705841372,-0.5571824654561621
GBPJPY,1d,wick,long,20,1.5,2.0,3,2,-0.5897032940269081,0.0,-10.244807784245909,-0.6251247805107314
GBPJPY,1d,wick,long,20,1.5,2.0,5,2,-1.6461145653277582,0.0,-1.1366046200078328,-1.700283788499288
GBPJPY,1d,wick,short,20,1.5,2.0,1,2,0.05823918603606723,0.5,0.18929854385973624,0.08639460164454515
GBPJPY,1d,wick,short,20,1.5,2.0,3,2,-0.1338443731854503,0.5,-0.698626143910009,-0.08567806051517793
GBPJPY,1d,wick,short,20,1.5,2.0,5,2,-0.341642595787857,0.5,-0.9266953603447754,-0.2747285464298778
GBPJPY,1d,capit,long,20,1.5,3.0,1,1,1.276754697247037,1.0,0.0,1.2622420151911127
GBPJPY,1d,capit,long,20,1.5,3.0,3,1,-1.5651264427925557,0.0,0.0,-1.5996500219102745
GBPJPY,1d,capit,long,20,1.5,3.0,5,1,-2.973366702775396,0.0,0.0,-3.0266380185808215
GBPJPY,1d,capit,short,20,1.5,3.0,1,0,,,,
GBPJPY,1d,capit,short,20,1.5,3.0,3,0,,,,
GBPJPY,1d,capit,short,20,1.5,3.0,5,0,,,,
GBPJPY,1d,wick,long,20,1.5,3.0,1,0,,,,
GBPJPY,1d,wick,long,20,1.5,3.0,3,0,,,,
GBPJPY,1d,wick,long,20,1.5,3.0,5,0,,,,
GBPJPY,1d,wick,short,20,1.5,3.0,1,1,-0.24941867993896363,0.0,0.0,-0.22180500876427067
GBPJPY,1d,wick,short,20,1.5,3.0,3,1,-0.32542662980751424,0.0,0.0,-0.2778020615710269
GBPJPY,1d,wick,short,20,1.5,3.0,5,1,0.027025048842142508,1.0,0.0,0.09339735376633665
GBPJPY,1d,capit,long,20,2.0,1.5,1,8,0.10459519354588429,0.5,0.5493694633751374,0.0896808922781151
GBPJPY,1d,capit,long,20,2.0,1.5,3,8,-0.7467697924202039,0.125,-2.4704483125140517,-0.7816949907497677
GBPJPY,1d,capit,long,20,2.0,1.5,5,8,-1.1654260705858062,0.0,-3.8334866150752145,-1.2190990056030766
GBPJPY,1d,capit,short,20,2.0,1.5,1,5,-0.509753842670775,0.4,-1.041739453711004,-0.48060227950610357
GBPJPY,1d,capit,short,20,2.0,1.5,3,4,-0.06400455331784062,0.75,-0.05812192469283948,-0.014915124700966488
GBPJPY,1d,capit,short,20,2.0,1.5,5,4,-0.0840627425202727,0.75,-0.0678816013264072,-0.01622557721569181
GBPJPY,1d,wick,long,20,2.0,1.5,1,3,0.05562774781721112,0.6666666666666666,0.2574464093513296,0.03972467126447661
GBPJPY,1d,wick,long,20,2.0,1.5,3,3,0.1883612032814882,0.3333333333333333,0.1950830672734369,0.15244722966695926
GBPJPY,1d,wick,long,20,2.0,1.5,5,3,0.5053379958307573,0.3333333333333333,0.6806387511312492,0.4506762855285215
GBPJPY,1d,wick,short,20,2.0,1.5,1,2,0.05823918603606723,0.5,0.18929854385973624,0.08639460164454515
GBPJPY,1d,wick,short,20,2.0,1.5,3,2,-0.1338443731854503,0.5,-0.698626143910009,-0.08567806051517793
GBPJPY,1d,wick,short,20,2.0,1.5,5,2,-0.341642595787857,0.5,-0.9266953603447754,-0.2747285464298778
GBPJPY,1d,capit,long,20,2.0,2.0,1,2,0.8503341865038156,1.0,1.994121213873466,0.8357217424341543
GBPJPY,1d,capit,long,20,2.0,2.0,3,2,-0.4775344272598063,0.5,-0.4390749660164518,-0.5121577683912621
GBPJPY,1d,capit,long,20,2.0,2.0,5,2,-1.528493019237153,0.0,-1.057873111436386,-1.5818640970563156
GBPJPY,1d,capit,short,20,2.0,2.0,1,2,-1.503715497934435,0.0,-1.9610023463369874,-1.4743121043164729
GBPJPY,1d,capit,short,20,2.0,2.0,3,2,-1.3391712142608838,0.5,-0.691393616480118,-1.2897569235811273
GBPJPY,1d,capit,short,20,2.0,2.0,5,2,-1.497357457450479,0.5,-0.7393770430408924,-1.4291954300830159
GBPJPY,1d,wick,long,20,2.0,2.0,1,1,-0.3761929509590863,0.0,0.0,-0.3922707058077448
GBPJPY,1d,wick,long,20,2.0,2.0,3,1,-0.6472644807710589,0.0,0.0,-0.6833531326815119
GBPJPY,1d,wick,long,20,2.0,2.0,5,1,-0.19784087687801893,0.0,0.0,-0.2526772654761787
GBPJPY,1d,wick,short,20,2.0,2.0,1,2,0.05823918603606723,0.5,0.18929854385973624,0.08639460164454515
GBPJPY,1d,wick,short,20,2.0,2.0,3,2,-0.1338443731854503,0.5,-0.698626143910009,-0.08567806051517793
GBPJPY,1d,wick,short,20,2.0,2.0,5,2,-0.341642595787857,0.5,-0.9266953603447754,-0.2747285464298778
GBPJPY,1d,capit,long,20,2.0,3.0,1,1,1.276754697247037,1.0,0.0,1.2622420151911127
GBPJPY,1d,capit,long,20,2.0,3.0,3,1,-1.5651264427925557,0.0,0.0,-1.5996500219102745
GBPJPY,1d,capit,long,20,2.0,3.0,5,1,-2.973366702775396,0.0,0.0,-3.0266380185808215
GBPJPY,1d,capit,short,20,2.0,3.0,1,0,,,,
GBPJPY,1d,capit,short,20,2.0,3.0,3,0,,,,
GBPJPY,1d,capit,short,20,2.0,3.0,5,0,,,,
GBPJPY,1d,wick,long,20,2.0,3.0,1,0,,,,
GBPJPY,1d,wick,long,20,2.0,3.0,3,0,,,,
GBPJPY,1d,wick,long,20,2.0,3.0,5,0,,,,
GBPJPY,1d,wick,short,20,2.0,3.0,1,1,-0.24941867993896363,0.0,0.0,-0.22180500876427067
GBPJPY,1d,wick,short,20,2.0,3.0,3,1,-0.32542662980751424,0.0,0.0,-0.2778020615710269
GBPJPY,1d,wick,short,20,2.0,3.0,5,1,0.027025048842142508,1.0,0.0,0.09339735376633665
GBPJPY,1d,capit,long,20,3.0,1.5,1,4,0.3974091518251004,0.75,1.2421276820597762,0.38240421678243186
GBPJPY,1d,capit,long,20,3.0,1.5,3,4,-0.44327851914663996,0.25,-0.9839603612988197,-0.4782943512511029
GBPJPY,1d,capit,long,20,3.0,1.5,5,4,-1.1463460743114031,0.0,-1.773051370072035,-1.2001096431035727
GBPJPY,1d,capit,short,20,3.0,1.5,1,2,-1.2282216861852089,0.0,-1.1783724665867568,-1.198993281372158
GBPJPY,1d,capit,short,20,3.0,1.5,3,2,-0.7715684717529523,0.5,-0.30807057768448554,-0.7223291698781069
GBPJPY,1d,capit,short,20,3.0,1.5,5,2,-0.5709708201012451,0.5,-0.19344795170422943,-0.502983781538693
GBPJPY,1d,wick,long,20,3.0,1.5,1,0,,,,
GBPJPY,1d,wick,long,20,3.0,1.5,3,0,,,,
GBPJPY,1d,wick,long,20,3.0,1.5,5,0,,,,
GBPJPY,1d,wick,short,20,3.0,1.5,1,0,,,,
GBPJPY,1d,wick,short,20,3.0,1.5,3,0,,,,
GBPJPY,1d,wick,short,20,3.0,1.5,5,0,,,,
GBPJPY,1d,capit,long,20,3.0,2.0,1,2,0.8503341865038156,1.0,1.994121213873466,0.8357217424341543
GBPJPY,1d,capit,long,20,3.0,2.0,3,2,-0.4775344272598063,0.5,-0.4390749660164518,-0.5121577683912621
GBPJPY,1d,capit,long,20,3.0,2.0,5,2,-1.528493019237153,0.0,-1.057873111436386,-1.5818640970563156
GBPJPY,1d,capit,short,20,3.0,2.0,1,1,-2.270525135232049,0.0,0.0,-2.240912229826781
GBPJPY,1d,capit,short,20,3.0,2.0,3,1,-3.276087006279038,0.0,0.0,-3.226463203811976
GBPJPY,1d,capit,short,20,3.0,2.0,5,1,-3.5225183297602047,0.0,0.0,-3.454146790605436
GBPJPY,1d,wick,long,20,3.0,2.0,1,0,,,,
GBPJPY,1d,wick,long,20,3.0,2.0,3,0,,,,
GBPJPY,1d,wick,long,20,3.0,2.0,5,0,,,,
GBPJPY,1d,wick,short,20,3.0,2.0,1,0,,,,
GBPJPY,1d,wick,short,20,3.0,2.0,3,0,,,,
GBPJPY,1d,wick,short,20,3.0,2.0,5,0,,,,
GBPJPY,1d,capit,long,20,3.0,3.0,1,1,1.276754697247037,1.0,0.0,1.2622420151911127
GBPJPY,1d,capit,long,20,3.0,3.0,3,1,-1.5651264427925557,0.0,0.0,-1.5996500219102745
GBPJPY,1d,capit,long,20,3.0,3.0,5,1,-2.973366702775396,0.0,0.0,-3.0266380185808215
GBPJPY,1d,capit,short,20,3.0,3.0,1,0,,,,
GBPJPY,1d,capit,short,20,3.0,3.0,3,0,,,,
GBPJPY,1d,capit,short,20,3.0,3.0,5,0,,,,
GBPJPY,1d,wick,long,20,3.0,3.0,1,0,,,,
GBPJPY,1d,wick,long,20,3.0,3.0,3,0,,,,
GBPJPY,1d,wick,long,20,3.0,3.0,5,0,,,,
GBPJPY,1d,wick,short,20,3.0,3.0,1,0,,,,
GBPJPY,1d,wick,short,20,3.0,3.0,3,0,,,,
GBPJPY,1d,wick,short,20,3.0,3.0,5,0,,,,
GBPJPY,1d,capit,long,40,1.5,1.5,1,14,0.43271470551727537,0.7142857142857143,2.091798282504068,0.41779800829173896
GBPJPY,1d,capit,long,40,1.5,1.5,3,13,0.6113130986805002,0.6153846153846154,1.3450052424712406,0.5763368565249046
GBPJPY,1d,capit,long,40,1.5,1.5,5,11,0.12436867301855196,0.2727272727272727,0.17014034964041036,0.07057320042756235
GBPJPY,1d,capit,short,40,1.5,1.5,1,7,0.12672431948799284,0.5714285714285714,0.5852481862784051,0.15506977041232248
GBPJPY,1d,capit,short,40,1.5,1.5,3,7,0.43340462811244945,0.8571428571428571,1.4856559535852083,0.48176097609857355
GBPJPY,1d,capit,short,40,1.5,1.5,5,7,0.4603725639947591,0.7142857142857143,1.1793598665872738,0.5274766486685899
GBPJPY,1d,wick,long,40,1.5,1.5,1,8,-0.9242231761811581,0.375,-1.8246440451966568,-0.9395941801480294
GBPJPY,1d,wick,long,40,1.5,1.5,3,7,-0.5167074346456872,0.2857142857142857,-0.5342207496252614,-0.5522455658667214
GBPJPY,1d,wick,long,40,1.5,1.5,5,7,-0.5459575675159621,0.42857142857142855,-0.719610641174964,-0.6002434354247029
GBPJPY,1d,wick,short,40,1.5,1.5,1,4,0.1565590158318183,0.75,1.0028691464192205,0.18488522189949363
GBPJPY,1d,wick,short,40,1.5,1.5,3,4,-0.05669623417993853,0.5,-0.27925208309538635,-0.008359131050468739
GBPJPY,1d,wick,short,40,1.5,1.5,5,4,-0.35438655485657694,0.5,-0.9554560950199511,-0.28730171503940044
GBPJPY,1d,capit,long,40,1.5,2.0,1,5,0.7683330360855379,0.8,2.570118323302893,0.7539537515041126
GBPJPY,1d,capit,long,40,1.5,2.0,3,4,-0.007617702367642386,0.5,-0.007805726002294718,-0.042031636421695016
GBPJPY,1d,capit,long,40,1.5,2.0,5,3,-1.4416802034153413,0.0,-1.7189395972355408,-1.4949418915239816
GBPJPY,1d,capit,short,40,1.5,2.0,1,0,,,,
GBPJPY,1d,capit,short,40,1.5,2.0,3,0,,,,
GBPJPY,1d,capit,short,40,1.5,2.0,5,0,,,,
GBPJPY,1d,wick,long,40,1.5,2.0,1,4,-1.5944021662927699,0.25,-2.030054115804275,-1.6091022190855777
GBPJPY,1d,wick,long,40,1.5,2.0,3,3,-2.198004584166659,0.0,-1.2606680258987002,-2.2328564207454327
GBPJPY,1d,wick,long,40,1.5,2.0,5,3,-2.3717794928862554,0.0,-3.168596555335658,-2.425379066152736
GBPJPY,1d,wick,short,40,1.5,2.0,1,2,0.05823918603606723,0.5,0.18929854385973624,0.08639460164454515
GBPJPY,1d,wick,short,40,1.5,2.0,3,2,-0.1338443731854503,0.5,-0.698626143910009,-0.08567806051517793
GBPJPY,1d,wick,short,40,1.5,2.0,5,2,-0.341642595787857,0.5,-0.9266953603447754,-0.2747285464298778
GBPJPY,1d,capit,long,40,1.5,3.0,1,1,1.276754697247037,1.0,0.0,1.2622420151911127
GBPJPY,1d,capit,long,40,1.5,3.0,3,1,-1.5651264427925557,0.0,0.0,-1.5996500219102745
GBPJPY,1d,capit,long,40,1.5,3.0,5,1,-2.973366702775396,0.0,0.0,-3.0266380185808215
GBPJPY,1d,capit,short,40,1.5,3.0,1,0,,,,
GBPJPY,1d,capit,short,40,1.5,3.0,3,0,,,,
GBPJPY,1d,capit,short,40,1.5,3.0,5,0,,,,
GBPJPY,1d,wick,long,40,1.5,3.0,1,1,-3.5216694408482843,0.0,0.0,-3.5359468334685777
GBPJPY,1d,wick,long,40,1.5,3.0,3,1,-0.9254978114789477,0.0,0.0,-0.9597861011610349
GBPJPY,1d,wick,long,40,1.5,3.0,5,1,0.5178472350656386,1.0,0.0,0.46481120869584464
GBPJPY,1d,wick,short,40,1.5,3.0,1,1,-0.24941867993896363,0.0,0.0,-0.22180500876427067
GBPJPY,1d,wick,short,40,1.5,3.0,3,1,-0.32542662980751424,0.0,0.0,-0.2778020615710269
GBPJPY,1d,wick,short,40,1.5,3.0,5,1,0.027025048842142508,1.0,0.0,0.09339735376633665
GBPJPY,1d,capit,long,40,2.0,1.5,1,11,0.460394280518009,0.7272727272727273,1.8711872835491767,0.4457776824244686
GBPJPY,1d,capit,long,40,2.0,1.5,3,10,0.6560221666972843,0.6,1.175299202848359,0.6213614392264049
GBPJPY,1d,capit,long,40,2.0,1.5,5,8,0.10545125258237262,0.25,0.10358961637357236,0.05202336319189529
GBPJPY,1d,capit,short,40,2.0,1.5,1,4,0.08598950266384753,0.5,0.2560381103953522,0.11455911596332713
GBPJPY,1d,capit,short,40,2.0,1.5,3,4,0.8020049478743386,1.0,2.438421255967239,0.8505854582356127
GBPJPY,1d,capit,short,40,2.0,1.5,5,4,0.9808818815934378,1.0,2.061030013004088,1.0482101286424188
GBPJPY,1d,wick,long,40,2.0,1.5,1,5,-0.2821342122549259,0.6,-0.5744814541908556,-0.2978578403952328
GBPJPY,1d,wick,long,40,2.0,1.5,3,5,-0.46883552724318617,0.4,-0.33475643758436274,-0.5045700524452873
GBPJPY,1d,wick,long,40,2.0,1.5,5,5,-0.22278681901056588,0.4,-0.24686442932673233,-0.27726908090037394
GBPJPY,1d,wick,short,40,2.0,1.5,1,2,0.05823918603606723,0.5,0.18929854385973624,0.08639460164454515
GBPJPY,1d,wick,short,40,2.0,1.5,3,2,-0.1338443731854503,0.5,-0.698626143910009,-0.08567806051517793
GBPJPY,1d,wick,short,40,2.0,1.5,5,2,-0.341642595787857,0.5,-0.9266953603447754,-0.2747285464298778
GBPJPY,1d,capit,long,40,2.0,2.0,1,5,0.7683330360855379,0.8,2.570118323302893,0.7539537515041126
GBPJPY,1d,capit,long,40,2.0,2.0,3,4,-0.007617702367642386,0.5,-0.007805726002294718,-0.042031636421695016
GBPJPY,1d,capit,long,40,2.0,2.0,5,3,-1.4416802034153413,0.0,-1.7189395972355408,-1.4949418915239816
GBPJPY,1d,capit,short,40,2.0,2.0,1,0,,,,
GBPJPY,1d,capit,short,40,2.0,2.0,3,0,,,,
GBPJPY,1d,capit,short,40,2.0,2.0,5,0,,,,
GBPJPY,1d,wick,long,40,2.0,2.0,1,2,-1.0742942116068073,0.5,-0.9889737692696785,-1.089183908884577
GBPJPY,1d,wick,long,40,2.0,2.0,3,2,-3.03093582260861,0.0,-1.1424647566163149,-3.0658364169481738
GBPJPY,1d,wick,long,40,2.0,2.0,5,2,-2.0104751124406346,0.0,-1.770636258082461,-2.0641234434679054
GBPJPY,1d,wick,short,40,2.0,2.0,1,2,0.05823918603606723,0.5,0.18929854385973624,0.08639460164454515
GBPJPY,1d,wick,short,40,2.0,2.0,3,2,-0.1338443731854503,0.5,-0.698626143910009,-0.08567806051517793
GBPJPY,1d,wick,short,40,2.0,2.0,5,2,-0.341642595787857,0.5,-0.9266953603447754,-0.2747285464298778
GBPJPY,1d,capit,long,40,2.0,3.0,1,1,1.276754697247037,1.0,0.0,1.2622420151911127
GBPJPY,1d,capit,long,40,2.0,3.0,3,1,-1.5651264427925557,0.0,0.0,-1.5996500219102745
GBPJPY,1d,capit,long,40,2.0,3.0,5,1,-2.973366702775396,0.0,0.0,-3.0266380185808215
GBPJPY,1d,capit,short,40,2.0,3.0,1,0,,,,
GBPJPY,1d,capit,short,40,2.0,3.0,3,0,,,,
GBPJPY,1d,capit,short,40,2.0,3.0,5,0,,,,
GBPJPY,1d,wick,long,40,2.0,3.0,1,0,,,,
GBPJPY,1d,wick,long,40,2.0,3.0,3,0,,,,
GBPJPY,1d,wick,long,40,2.0,3.0,5,0,,,,
GBPJPY,1d,wick,short,40,2.0,3.0,1,1,-0.24941867993896363,0.0,0.0,-0.22180500876427067
GBPJPY,1d,wick,short,40,2.0,3.0,3,1,-0.32542662980751424,0.0,0.0,-0.2778020615710269
GBPJPY,1d,wick,short,40,2.0,3.0,5,1,0.027025048842142508,1.0,0.0,0.09339735376633665
GBPJPY,1d,capit,long,40,3.0,1.5,1,6,0.6351159597129561,0.8333333333333334,1.539056184293322,0.6206726684633448
GBPJPY,1d,capit,long,40,3.0,1.5,3,6,0.6402065481664848,0.6666666666666666,1.0499523933656525,0.6057523598550789
GBPJPY,1d,capit,long,40,3.0,1.5,5,6,0.44971652191999967,0.3333333333333333,0.379849947652213,0.396514596920887
GBPJPY,1d,capit,short,40,3.0,1.5,1,1,-0.18591823713836877,0.0,0.0,-0.1570743329175348
GBPJPY,1d,capit,short,40,3.0,1.5,3,1,1.7329500627731336,1.0,0.0,1.7818048640557622
GBPJPY,1d,capit,short,40,3.0,1.5,5,1,2.3805766895577145,1.0,0.0,2.44817922752805
GBPJPY,1d,wick,long,40,3.0,1.5,1,1,-0.2040477503869504,0.0,0.0,-0.22067561905320576
GBPJPY,1d,wick,long,40,3.0,1.5,3,1,-0.22868343678536135,0.0,0.0,-0.26532220251341115
GBPJPY,1d,wick,long,40,3.0,1.5,5,1,-0.4059532671740102,0.0,0.0,-0.4613397695897668
GBPJPY,1d,wick,short,40,3.0,1.5,1,1,-0.24941867993896363,0.0,0.0,-0.22180500876427067
GBPJPY,1d,wick,short,40,3.0,1.5,3,1,-0.32542662980751424,0.0,0.0,-0.2778020615710269
GBPJPY,1d,wick,short,40,3.0,1.5,5,1,0.027025048842142508,1.0,0.0,0.09339735376633665
GBPJPY,1d,capit,long,40,3.0,2.0,1,3,1.0863575223709512,1.0,3.185285621224166,1.071952014229215
GBPJPY,1d,capit,long,40,3.0,2.0,3,3,0.5098622860102507,0.6666666666666666,0.4357259840365949,0.4754458808067202
GBPJPY,1d,capit,long,40,3.0,2.0,5,3,0.8209871784034135,0.3333333333333333,0.3292932536093273,0.7678230365121762
GBPJPY,1d,capit,short,40,3.0,2.0,1,0,,,,
GBPJPY,1d,capit,short,40,3.0,2.0,3,0,,,,
GBPJPY,1d,capit,short,40,3.0,2.0,5,0,,,,
GBPJPY,1d,wick,long,40,3.0,2.0,1,0,,,,
GBPJPY,1d,wick,long,40,3.0,2.0,3,0,,,,
GBPJPY,1d,wick,long,40,3.0,2.0,5,0,,,,
GBPJPY,1d,wick,short,40,3.0,2.0,1,1,-0.24941867993896363,0.0,0.0,-0.22180500876427067
GBPJPY,1d,wick,short,40,3.0,2.0,3,1,-0.32542662980751424,0.0,0.0,-0.2778020615710269
GBPJPY,1d,wick,short,40,3.0,2.0,5,1,0.027025048842142508,1.0,0.0,0.09339735376633665
GBPJPY,1d,capit,long,40,3.0,3.0,1,1,1.276754697247037,1.0,0.0,1.2622420151911127
GBPJPY,1d,capit,long,40,3.0,3.0,3,1,-1.5651264427925557,0.0,0.0,-1.5996500219102745
GBPJPY,1d,capit,long,40,3.0,3.0,5,1,-2.973366702775396,0.0,0.0,-3.0266380185808215
GBPJPY,1d,capit,short,40,3.0,3.0,1,0,,,,
GBPJPY,1d,capit,short,40,3.0,3.0,3,0,,,,
GBPJPY,1d,capit,short,40,3.0,3.0,5,0,,,,
GBPJPY,1d,wick,long,40,3.0,3.0,1,0,,,,
GBPJPY,1d,wick,long,40,3.0,3.0,3,0,,,,
GBPJPY,1d,wick,long,40,3.0,3.0,5,0,,,,
GBPJPY,1d,wick,short,40,3.0,3.0,1,1,-0.24941867993896363,0.0,0.0,-0.22180500876427067
GBPJPY,1d,wick,short,40,3.0,3.0,3,1,-0.32542662980751424,0.0,0.0,-0.2778020615710269
GBPJPY,1d,wick,short,40,3.0,3.0,5,1,0.027025048842142508,1.0,0.0,0.09339735376633665
EURUSD,1h,capit,long,12,1.5,1.5,4,1545,-0.002414412112797299,0.4964401294498382,-0.3538248800216007,0.0015995989769634574
EURUSD,1h,capit,long,12,1.5,1.5,24,1070,-0.01664608049261489,0.4654205607476635,-1.1205999118809546,-0.008435250585166592
EURUSD,1h,capit,short,12,1.5,1.5,4,1492,0.0009192813024531324,0.5241286863270778,0.14568129750781897,0.0037052085558525196
EURUSD,1h,capit,short,12,1.5,1.5,24,1017,-0.013927994030038493,0.48475909537856443,-0.9507467869972259,-0.015333370061234407
EURUSD,1h,wick,long,12,1.5,1.5,4,1267,-0.006078835123806979,0.47355958958168903,-0.8531120113269247,-0.0020665905376376194
EURUSD,1h,wick,long,12,1.5,1.5,24,945,-0.0012908479579277353,0.4888888888888889,-0.0836453243110491,0.006917964468241645
EURUSD,1h,wick,short,12,1.5,1.5,4,1306,0.008862746068428906,0.5099540581929556,1.382075899274924,0.011656912649321208
EURUSD,1h,wick,short,12,1.5,1.5,24,954,-0.0023416116462864453,0.4832285115303983,-0.15005477471607426,-0.003736772440617068
EURUSD,1h,capit,long,12,1.5,2.0,4,1198,-0.004860269744539448,0.48914858096828046,-0.6132377542260771,-0.0008476061994800235
EURUSD,1h,capit,long,12,1.5,2.0,24,900,-0.01810241019941763,0.4677777777777778,-1.104791382563622,-0.009893443254032996
EURUSD,1h,capit,short,12,1.5,2.0,4,1112,0.004371964684978581,0.5350719424460432,0.583808660006091,0.0071582600786287195
EURUSD,1h,capit,short,12,1.5,2.0,24,845,-0.00035173357768643223,0.49940828402366866,-0.021894703138695737,-0.0017566970888793646
EURUSD,1h,wick,long,12,1.5,2.0,4,990,-0.00473143747649484,0.4575757575757576,-0.5695724440821205,-0.0007226868478301806
EURUSD,1h,wick,long,12,1.5,2.0,24,795,-0.005793902970367935,0.4880503144654088,-0.34282353820111816,0.002411257663479898
EURUSD,1h,wick,short,12,1.5,2.0,4,1003,0.014971581309515777,0.5154536390827518,2.019037460866033,0.017763559745904673
EURUSD,1h,wick,short,12,1.5,2.0,24,806,0.012110689726960338,0.5,0.7187375357661226,0.010713751938318711
EURUSD,1h,capit,long,12,1.5,3.0,4,524,-0.0253323322066648,0.4599236641221374,-2.347902741456761,-0.02132713749681702
EURUSD,1h,capit,long,12,1.5,3.0,24,459,-0.04821864946959469,0.46405228758169936,-2.231583811773101,-0.04001206811760472
EURUSD,1h,capit,short,12,1.5,3.0,4,498,2.7280788168201007e-06,0.5200803212851406,0.0002454113516207731,0.0028024796500862982
EURUSD,1h,capit,short,12,1.5,3.0,24,442,0.007763733644836661,0.4819004524886878,0.35571875283334775,0.0063718777816955
EURUSD,1h,wick,long,12,1.5,3.0,4,406,8.414348118055369e-05,0.4605911330049261,0.005909070650299344,0.004106317965106483
EURUSD,1h,wick,long,12,1.5,3.0,24,369,0.012440373319621664,0.5176151761517616,0.5057709582077289,0.02065679384470099
EURUSD,1h,wick,short,12,1.5,3.0,4,422,0.025178137292776872,0.542654028436019,2.025755217731514,0.02798450090333622
EURUSD,1h,wick,short,12,1.5,3.0,24,384,0.04405547795456475,0.5260416666666666,1.7365410703521107,0.04266613733094457
EURUSD,1h,capit,long,12,2.0,1.5,4,1232,-0.0019488959805441424,0.476461038961039,-0.23567444591848144,0.0020639761003176348
EURUSD,1h,capit,long,12,2.0,1.5,24,909,-0.02166467069286548,0.47414741474147415,-1.3635528122984284,-0.013459812621493051
EURUSD,1h,capit,short,12,2.0,1.5,4,1165,0.0057497231822495895,0.5313304721030043,0.7662716031105556,0.008527333184025468
EURUSD,1h,capit,short,12,2.0,1.5,24,866,0.00688344120496517,0.5023094688221709,0.41658026528978453,0.005472837156986616
EURUSD,1h,wick,long,12,2.0,1.5,4,731,-0.0012189145959210724,0.46511627906976744,-0.11889057293936031,0.002786809441836366
EURUSD,1h,wick,long,12,2.0,1.5,24,623,0.006901215033621606,0.5200642054574639,0.3621543908540663,0.015102078375610733
EURUSD,1h,wick,short,12,2.0,1.5,4,805,0.0011623920966332324,0.4993788819875776,0.1366611198944224,0.003942398296068133
EURUSD,1h,wick,short,12,2.0,1.5,24,670,0.004194081473732625,0.48208955223880595,0.21828836050075218,0.002786469214449516
EURUSD,1h,capit,long,12,2.0,2.0,4,1002,-0.005464996386009877,0.468063872255489,-0.582442669428246,-0.0014558477125498717
EURUSD,1h,capit,long,12,2.0,2.0,24,790,-0.027646747429225724,0.47341772151898737,-1.616298874351896,-0.01944141609639051
EURUSD,1h,capit,short,12,2.0,2.0,4,929,0.005513490576425335,0.5339074273412271,0.648027100626088,0.008291056105950581
EURUSD,1h,capit,short,12,2.0,2.0,24,735,0.010251399947487217,0.5115646258503401,0.5853755488502751,0.008841869288918565
EURUSD,1h,wick,long,12,2.0,2.0,4,636,-0.0019749093168613717,0.46226415094339623,-0.175466342051184,0.0020280439213352704
EURUSD,1h,wick,long,12,2.0,2.0,24,554,0.003875472383690421,0.5180505415162455,0.19608198174732142,0.012073930331228049
EURUSD,1h,wick,short,12,2.0,2.0,4,668,0.011806916198609463,0.5119760479041916,1.2392767931465043,0.014582047970389915
EURUSD,1h,wick,short,12,2.0,2.0,24,585,0.00675527562752546,0.4888888888888889,0.3269979514765249,0.005343726837931953
EURUSD,1h,capit,long,12,2.0,3.0,4,488,-0.025654281663667525,0.45491803278688525,-2.233396126379618,-0.021651386573522415
EURUSD,1h,capit,long,12,2.0,3.0,24,429,-0.052334621810721065,0.46386946386946387,-2.317850595230016,-0.04412939450741567
EURUSD,1h,capit,short,12,2.0,3.0,4,456,0.002527415260892772,0.5219298245614035,0.21323171135415359,0.005321270582263822
EURUSD,1h,capit,short,12,2.0,3.0,24,408,0.020504236242596088,0.49754901960784315,0.8997870690990306,0.01910698626249422
EURUSD,1h,wick,long,12,2.0,3.0,4,313,0.0010186444216796367,0.4504792332268371,0.05958419810023573,0.005036631400088466
EURUSD,1h,wick,long,12,2.0,3.0,24,293,0.02056699336998653,0.5255972696245734,0.7337050196301553,0.028779915350727124
EURUSD,1h,wick,short,12,2.0,3.0,4,329,0.02204067163046812,0.5349544072948328,1.5073481204904176,0.02483714050041801
EURUSD,1h,wick,short,12,2.0,3.0,24,308,0.02086135934054337,0.5032467532467533,0.7869831489584427,0.01946405584198039
EURUSD,1h,capit,long,12,3.0,1.5,4,579,-0.0027793324392776887,0.4697754749568221,-0.21977400891382562,0.0012044777595402525
EURUSD,1h,capit,long,12,3.0,1.5,24,493,-0.03825481920095444,0.45841784989858014,-1.6784844716539276,-0.030071508168190847
EURUSD,1h,capit,short,12,3.0,1.5,4,555,-0.0061467538030913,0.5045045045045045,-0.4919611099981902,-0.003391343641768399
EURUSD,1h,capit,short,12,3.0,1.5,24,472,0.003671623654938322,0.4872881355932203,0.159065866539133,0.002240644338246174
EURUSD,1h,wick,long,12,3.0,1.5,4,245,0.0051073438501014826,0.4530612244897959,0.23530760234073364,0.009093884012123
EURUSD,1h,wick,long,12,3.0,1.5,24,234,-0.0038279853527174146,0.5384615384615384,-0.11471570595564871,0.004354993947776684
EURUSD,1h,wick,short,12,3.0,1.5,4,274,0.02678414698146734,0.5401459854014599,1.532650140574129,0.029556354469298093
EURUSD,1h,wick,short,12,3.0,1.5,24,261,0.044208239115839466,0.5363984674329502,1.2736326639868503,0.042785427591308364
EURUSD,1h,capit,long,12,3.0,2.0,4,513,-0.0058735383649923065,0.4619883040935672,-0.43213453329733775,-0.0018878670135096735
EURUSD,1h,capit,long,12,3.0,2.0,24,448,-0.032730040065176755,0.46651785714285715,-1.409168172896113,-0.024542932414496538
EURUSD,1h,capit,short,12,3.0,2.0,4,497,-0.009912712972129478,0.4969818913480885,-0.7537525884734153,-0.007155418578409184
EURUSD,1h,capit,short,12,3.0,2.0,24,432,0.0049426214246291265,0.49074074074074076,0.21231927856433114,0.0035124910463588867
EURUSD,1h,wick,long,12,3.0,2.0,4,234,0.00976632786048972,0.45726495726495725,0.43872571987911085,0.013748882454000267
EURUSD,1h,wick,long,12,3.0,2.0,24,223,-0.0034385076471693038,0.5291479820627802,-0.10239686992029688,0.004740416737349213
EURUSD,1h,wick,short,12,3.0,2.0,4,254,0.03182925097977582,0.5393700787401575,1.727136371023277,0.034600298065024494
EURUSD,1h,wick,short,12,3.0,2.0,24,243,0.052856250305164734,0.5390946502057613,1.4716522119346833,0.05143225730662763
EURUSD,1h,capit,long,12,3.0,3.0,4,313,-0.03493344705825448,0.4440894568690096,-2.225672929364196,-0.030948526910118616
EURUSD,1h,capit,long,12,3.0,3.0,24,287,-0.05832650969545924,0.47038327526132406,-2.027503075199262,-0.050136586176492845
EURUSD,1h,capit,short,12,3.0,3.0,4,288,-0.00945940910219777,0.4930555555555556,-0.5842972592856863,-0.006686561968369089
EURUSD,1h,capit,short,12,3.0,3.0,24,267,0.009113199115636603,0.4681647940074906,0.33825309444886753,0.0076952298718312925
EURUSD,1h,wick,long,12,3.0,3.0,4,148,0.017898424168313457,0.4391891891891892,0.5706644036443176,0.021891084725472475
EURUSD,1h,wick,long,12,3.0,3.0,24,142,-0.026403824921677935,0.5211267605633803,-0.60264207208968,-0.018212333487232675
EURUSD,1h,wick,short,12,3.0,3.0,4,161,0.04755951740970982,0.5714285714285714,2.0049332757389355,0.05034618471085371
EURUSD,1h,wick,short,12,3.0,3.0,24,155,0.09896519552202716,0.5935483870967742,2.4279063125081857,0.09755175433278979
EURUSD,1h,capit,long,24,1.5,1.5,4,915,-0.00455937844636552,0.47759562841530057,-0.49466659526332607,-0.0005441711520851771
EURUSD,1h,capit,long,24,1.5,1.5,24,672,-0.0235645287770534,0.46130952380952384,-1.2541809302229332,-0.015355109541611034
EURUSD,1h,capit,short,24,1.5,1.5,4,883,0.0010908877233179273,0.5334088335220838,0.11811425705668085,0.0038699183469908358
EURUSD,1h,capit,short,24,1.5,1.5,24,656,0.0014454265057244403,0.49085365853658536,0.07472501470223337,2.817963303483606e-05
EURUSD,1h,wick,long,24,1.5,1.5,4,682,-0.004447483790977954,0.4941348973607038,-0.37566016677492164,-0.00042122176243392464
EURUSD,1h,wick,long,24,1.5,1.5,24,565,-0.007368988811452227,0.5026548672566372,-0.35177054563346266,0.000847805394506026
EURUSD,1h,wick,short,24,1.5,1.5,4,701,-0.008558177507513944,0.48502139800285304,-0.9093616546974329,-0.0057686167469298295
EURUSD,1h,wick,short,24,1.5,1.5,24,570,-0.006189506486018872,0.4789473684210526,-0.29891065417203755,-0.0075899909045935654
EURUSD,1h,capit,long,24,1.5,2.0,4,650,-0.012024784896307317,0.4646153846153846,-1.0402822311116193,-0.008021070214222506
EURUSD,1h,capit,long,24,1.5,2.0,24,531,-0.01808848744615383,0.4651600753295669,-0.8540242908045905,-0.009889837454886693
EURUSD,1h,capit,short,24,1.5,2.0,4,589,-0.013874033890504709,0.5144312393887945,-1.2088474395207969,-0.011101765607305128
EURUSD,1h,capit,short,24,1.5,2.0,24,498,-0.0019074655518111655,0.4879518072289157,-0.08498922759774509,-0.0033292490242668137
EURUSD,1h,wick,long,24,1.5,2.0,4,493,-0.006668227259206807,0.4847870182555781,-0.4385145515872986,-0.002655603079038916
EURUSD,1h,wick,long,24,1.5,2.0,24,426,-0.015308558689074013,0.4859154929577465,-0.6086348367145433,-0.0071030036630947285
EURUSD,1h,wick,short,24,1.5,2.0,4,503,0.0009774103636382436,0.49105367793240556,0.0900518567152548,0.0037516525367280707
EURUSD,1h,wick,short,24,1.5,2.0,24,441,0.015104533476223411,0.49206349206349204,0.6633099116880066,0.013690167684514731
EURUSD,1h,capit,long,24,1.5,3.0,4,220,0.017836625618660545,0.5136363636363637,0.8239139744040698,0.021799994423436896
EURUSD,1h,capit,long,24,1.5,3.0,24,204,-0.04738919002726618,0.46568627450980393,-1.4028723033044752,-0.03922678646531213
EURUSD,1h,capit,short,24,1.5,3.0,4,200,-0.044692377732932206,0.46,-2.0352464356198854,-0.041907932423631555
EURUSD,1h,capit,short,24,1.5,3.0,24,193,0.038903734569559485,0.5181347150259067,1.137469360201504,0.03749157903513824
EURUSD,1h,wick,long,24,1.5,3.0,4,180,0.016389905441200763,0.48333333333333334,0.6756360045276655,0.020384398013807432
EURUSD,1h,wick,long,24,1.5,3.0,24,169,-0.007468351069005461,0.5207100591715976,-0.18792734746509096,0.0007151334483762621
EURUSD,1h,wick,short,24,1.5,3.0,4,164,0.03222576238556502,0.5365853658536586,1.45451667521047,0.035010648446392754
EURUSD,1h,wick,short,24,1.5,3.0,24,156,0.0352982000568816,0.5,0.8833111695536293,0.033886878539035284
EURUSD,1h,capit,long,24,2.0,1.5,4,660,-0.001820693919285533,0.47878787878787876,-0.15331643846243756,0.002187623685006439
EURUSD,1h,capit,long,24,2.0,1.5,24,542,-0.016846623704560255,0.470479704797048,-0.76589249431033,-0.008644806824781644
EURUSD,1h,capit,short,24,2.0,1.5,4,647,-0.0062107311531581725,0.5301391035548686,-0.5524562135523124,-0.003443249067290044
EURUSD,1h,capit,short,24,2.0,1.5,24,535,0.004389437620108787,0.5009345794392523,0.20203047455956463,0.002961220018108294
EURUSD,1h,wick,long,24,2.0,1.5,4,369,0.007887103612224847,0.5040650406504065,0.4081780105429036,0.011904644109649502
EURUSD,1h,wick,long,24,2.0,1.5,24,340,0.007938508110032745,0.5205882352941177,0.2801052786026225,0.01614492533542501
EURUSD,1h,wick,short,24,2.0,1.5,4,370,4.400158525411338e-05,0.4810810810810811,0.003101779689744866,0.0028329046022553058
EURUSD,1h,wick,short,24,2.0,1.5,24,340,0.01451877318923633,0.47941176470588237,0.5468826859378552,0.013119084533212715
EURUSD,1h,capit,long,24,2.0,2.0,4,516,-0.0077421861612860885,0.4728682170542636,-0.5555040405315114,-0.0037404970407575104
EURUSD,1h,capit,long,24,2.0,2.0,24,451,-0.015888590983905236,0.48337028824833705,-0.6722345060979485,-0.007692593901155944
EURUSD,1h,capit,short,24,2.0,2.0,4,473,-0.023118653249718887,0.5031712473572939,-1.724948837668727,-0.020346298387479693
EURUSD,1h,capit,short,24,2.0,2.0,24,422,0.0034173908705103515,0.4928909952606635,0.13837129754051436,0.0019934788744287264
EURUSD,1h,wick,long,24,2.0,2.0,4,300,0.006600313786443009,0.5,0.2923505782068407,0.01061212084988474
EURUSD,1h,wick,long,24,2.0,2.0,24,281,0.009203280195694542,0.5160142348754448,0.2863951570216688,0.017405910818869573
EURUSD,1h,wick,short,24,2.0,2.0,4,309,0.009824272092535242,0.4854368932038835,0.6902792871828642,0.012600919474054336
EURUSD,1h,wick,short,24,2.0,2.0,24,286,0.02481802640315693,0.486013986013986,0.891436111310233,0.023405110126495494
EURUSD,1h,capit,long,24,2.0,3.0,4,199,0.023792879516798295,0.5175879396984925,1.01288784738765,0.027746424546944735
EURUSD,1h,capit,long,24,2.0,3.0,24,190,-0.040733030446025845,0.4842105263157895,-1.178647053092949,-0.03257700357846771
EURUSD,1h,capit,short,24,2.0,3.0,4,184,-0.04898860343623451,0.46195652173913043,-2.070009449989206,-0.04621136234930862
EURUSD,1h,capit,short,24,2.0,3.0,24,181,0.03861420542583308,0.5082872928176796,1.083872554334406,0.03719606819676808
EURUSD,1h,wick,long,24,2.0,3.0,4,147,0.02185123540095693,0.4897959183673469,0.749393050543514,0.02585598790167163
EURUSD,1h,wick,long,24,2.0,3.0,24,142,0.010223192048233493,0.528169014084507,0.22524577714704772,0.018419247422473615
EURUSD,1h,wick,short,24,2.0,3.0,4,136,0.0320456217684585,0.5367647058823529,1.299154457440651,0.03484190774951259
EURUSD,1h,wick,short,24,2.0,3.0,24,130,0.031314717215318824,0.4846153846153846,0.726687517789893,0.029914725252501814
EURUSD,1h,capit,long,24,3.0,1.5,4,295,0.0007104505019326884,0.47796610169491527,0.031221722011650698,0.004697432007822485
EURUSD,1h,capit,long,24,3.0,1.5,24,276,-0.055761871837532416,0.463768115942029,-1.6864442863648037,-0.0475783898177336
EURUSD,1h,capit,short,24,3.0,1.5,4,305,-0.02730916029267626,0.5049180327868853,-1.438542650664011,-0.02455715877080375
EURUSD,1h,capit,short,24,3.0,1.5,24,286,0.0046536155423041285,0.506993006993007,0.14759282976844357,0.0032142790435879167
EURUSD,1h,wick,long,24,3.0,1.5,4,128,0.02906495199944443,0.5390625,0.605533982579807,0.03306036402160799
EURUSD,1h,wick,long,24,3.0,1.5,24,122,0.022189744122624252,0.5655737704918032,0.3784053738176719,0.030370252620854528
EURUSD,1h,wick,short,24,3.0,1.5,4,150,0.03327654047926035,0.52,1.4573495030266073,0.03604960485592833
EURUSD,1h,wick,short,24,3.0,1.5,24,149,0.024323232929457695,0.48322147651006714,0.5867327310885762,0.022905093697276828
EURUSD,1h,capit,long,24,3.0,2.0,4,265,0.002485891245056696,0.4830188679245283,0.1015054676355825,0.00647439461000574
EURUSD,1h,capit,long,24,3.0,2.0,24,249,-0.0571456816863891,0.4578313253012048,-1.6073220415214602,-0.04896263932287541
EURUSD,1h,capit,short,24,3.0,2.0,4,267,-0.043308398139155366,0.4868913857677903,-2.0948548640363223,-0.04054520955253564
EURUSD,1h,capit,short,24,3.0,2.0,24,255,-0.025244725268101634,0.47843137254901963,-0.7677838681752106,-0.02667498277291727
EURUSD,1h,wick,long,24,3.0,2.0,4,122,0.026658593560510188,0.5327868852459017,0.5313784315709467,0.030657701518981
EURUSD,1h,wick,long,24,3.0,2.0,24,117,0.01584008755360558,0.5555555555555556,0.26005990248861405,0.024025827058538236
EURUSD,1h,wick,short,24,3.0,2.0,4,140,0.040703899864803904,0.5285714285714286,1.685556503340407,0.043465201118812365
EURUSD,1h,wick,short,24,3.0,2.0,24,139,0.032301966137966244,0.4892086330935252,0.7634780638472646,0.030872170222772208
EURUSD,1h,capit,long,24,3.0,3.0,4,153,0.021088353362365798,0.5032679738562091,0.7165298617464538,0.025033439793628848
EURUSD,1h,capit,long,24,3.0,3.0,24,149,-0.05046845455911924,0.48322147651006714,-1.2018617613318656,-0.04232736489955182
EURUSD,1h,capit,short,24,3.0,3.0,4,144,-0.0651573467211286,0.4444444444444444,-2.2658730966539915,-0.0623882469986686
EURUSD,1h,capit,short,24,3.0,3.0,24,141,0.02384539746923251,0.524822695035461,0.5642377880570282,0.02241851476616203
EURUSD,1h,wick,long,24,3.0,3.0,4,81,0.028228313353378526,0.5061728395061729,0.5869769141516133,0.03221950837151878
EURUSD,1h,wick,long,24,3.0,3.0,24,79,0.04208747154965685,0.5822784810126582,0.6116032046148101,0.05026856105335783
EURUSD,1h,wick,short,24,3.0,3.0,4,96,0.054522646503800974,0.5416666666666666,1.7139249404183605,0.05730608725277448
EURUSD,1h,wick,short,24,3.0,3.0,24,96,0.053729224588130675,0.5,1.077269291903384,0.052318805904905355
EURUSD,1h,capit,long,48,1.5,1.5,4,691,0.0038906468915906587,0.48625180897250364,0.38086035191740314,0.007909130956252562
EURUSD,1h,capit,long,48,1.5,1.5,24,504,-0.013407204876896988,0.4623015873015873,-0.6256104610389075,-0.00519748502457925
EURUSD,1h,capit,short,48,1.5,1.5,4,657,-0.00865202302154886,0.5038051750380518,-0.8310546012191443,-0.00587154359257829
EURUSD,1h,capit,short,48,1.5,1.5,24,489,0.013209104817170195,0.5112474437627812,0.5991386081374472,0.011795702452283058
EURUSD,1h,wick,long,48,1.5,1.5,4,519,0.000861030159148013,0.49710982658959535,0.06141065669439894,0.00488015812054122
EURUSD,1h,wick,long,48,1.5,1.5,24,416,-0.0103840298462449,0.47836538461538464,-0.38085961153523007,-0.00217422555997369
EURUSD,1h,wick,short,48,1.5,1.5,4,518,0.00165081647895164,0.5038610038610039,0.1246282192112009,0.0044305091499943754
EURUSD,1h,wick,short,48,1.5,1.5,24,426,0.032798425316116174,0.5046948356807511,1.2536803352684573,0.03138953859609142
EURUSD,1h,capit,long,48,1.5,2.0,4,482,0.0005621722668869882,0.470954356846473,0.042662404874957566,0.004568327099771079
EURUSD,1h,capit,long,48,1.5,2.0,24,385,-0.013269966147301382,0.4597402597402597,-0.5427364936699958,-0.005071090961284811
EURUSD,1h,capit,short,48,1.5,2.0,4,463,-0.004435751413294268,0.5118790496760259,-0.3619014655658168,-0.0016530784588513659
EURUSD,1h,capit,short,48,1.5,2.0,24,374,0.02625243818901123,0.5026737967914439,1.0013902642689996,0.024841725723101643
EURUSD,1h,wick,long,48,1.5,2.0,4,383,0.0038154608262293546,0.49869451697127937,0.2144471186859597,0.007820561361032187
EURUSD,1h,wick,long,48,1.5,2.0,24,328,-0.025613442541848858,0.4725609756097561,-0.8054904515092866,-0.01741035746420888
EURUSD,1h,wick,short,48,1.5,2.0,4,369,0.006333233001063104,0.4932249322493225,0.38620547487058304,0.00911502374531086
EURUSD,1h,wick,short,48,1.5,2.0,24,322,0.044487418585143344,0.5062111801242236,1.4606826491075384,0.04308078717733317
EURUSD,1h,capit,long,48,1.5,3.0,4,172,0.0009399195373969072,0.45348837209302323,0.03893882498399571,0.004907587291402962
EURUSD,1h,capit,long,48,1.5,3.0,24,157,-0.07384391949208358,0.4585987261146497,-1.8700778326066823,-0.06567821901614067
EURUSD,1h,capit,short,48,1.5,3.0,4,166,-0.032909150744005494,0.4819277108433735,-1.762784199434149,-0.030104904711341734
EURUSD,1h,capit,short,48,1.5,3.0,24,157,0.02870127422264407,0.5159235668789809,0.7699361798555053,0.02730799025441953
EURUSD,1h,wick,long,48,1.5,3.0,4,136,0.00912085393717216,0.4485294117647059,0.2562408488734949,0.013123224807440385
EURUSD,1h,wick,long,48,1.5,3.0,24,125,-0.13160925430169482,0.408,-2.510943775417788,-0.12341452719371267
EURUSD,1h,wick,short,48,1.5,3.0,4,137,0.016728204065290315,0.5182481751824818,0.5053649586411323,0.019515522805665556
EURUSD,1h,wick,short,48,1.5,3.0,24,131,0.0718457131743898,0.5114503816793893,1.3430612629330076,0.07044054791022905
EURUSD,1h,capit,long,48,2.0,1.5,4,499,0.003201824014509796,0.46092184368737477,0.24361366588002972,0.007215531249171365
EURUSD,1h,capit,long,48,2.0,1.5,24,398,-0.02573311064871963,0.4748743718592965,-1.0722024020986687,-0.017530141491410446
EURUSD,1h,capit,short,48,2.0,1.5,4,484,-0.009808958500752684,0.493801652892562,-0.7911007389602714,-0.007031551841942414
EURUSD,1h,capit,short,48,2.0,1.5,24,396,0.019821123102567926,0.49747474747474746,0.7810896159700049,0.0184067770204238
EURUSD,1h,wick,long,48,2.0,1.5,4,267,0.02258354710757446,0.5168539325842697,0.9433195058803786,0.02659197355824465
EURUSD,1h,wick,long,48,2.0,1.5,24,246,-0.013128062617553086,0.4878048780487805,-0.34126242837704557,-0.00492983917908664
EURUSD,1h,wick,short,48,2.0,1.5,4,286,-0.004155857310006042,0.5104895104895105,-0.19853959373386149,-0.0013835623129539324
EURUSD,1h,wick,short,48,2.0,1.5,24,266,0.03837472353295763,0.5112781954887218,1.1547272129563755,0.03695470018510775
EURUSD,1h,capit,long,48,2.0,2.0,4,396,0.00226809279092217,0.45707070707070707,0.14673903011122208,0.0062713392172691895
EURUSD,1h,capit,long,48,2.0,2.0,24,333,-0.01813923786793856,0.4804804804804805,-0.690759156415134,-0.009945745316036881
EURUSD,1h,capit,short,48,2.0,2.0,4,370,-0.01350504088421082,0.4972972972972973,-0.9476093175731273,-0.010724073621932896
EURUSD,1h,capit,short,48,2.0,2.0,24,320,0.026282472829470188,0.496875,0.9209414290262736,0.02487147574514871
EURUSD,1h,wick,long,48,2.0,2.0,4,228,0.02216996549548645,0.5175438596491229,0.8281589134098764,0.026170646664217083
EURUSD,1h,wick,long,48,2.0,2.0,24,210,-0.014708868735768252,0.49523809523809526,-0.34522730191185386,-0.00651843961332778
EURUSD,1h,wick,short,48,2.0,2.0,4,239,0.004519280631999287,0.5062761506276151,0.19398913010757246,0.007285984899745615
EURUSD,1h,wick,short,48,2.0,2.0,24,224,0.048036986124994276,0.5044642857142857,1.3283878198435914,0.046614148885670226
EURUSD,1h,capit,long,48,2.0,3.0,4,162,0.0023432675051833526,0.4506172839506173,0.09313198645114615,0.006306372675972239
EURUSD,1h,capit,long,48,2.0,3.0,24,151,-0.06977601909827018,0.4768211920529801,-1.7800907598099096,-0.06161212672880595
EURUSD,1h,capit,short,48,2.0,3.0,4,152,-0.03599783216567838,0.48026315789473684,-1.7867766841858184,-0.033199406052554725
EURUSD,1h,capit,short,48,2.0,3.0,24,147,0.03016414313394541,0.5170068027210885,0.7790814599381529,0.028766650223372894
EURUSD,1h,wick,long,48,2.0,3.0,4,108,0.029770251006183933,0.4722222222222222,0.6916547606426126,0.03376730670260975
EURUSD,1h,wick,long,48,2.0,3.0,24,103,-0.07357679040009206,0.4854368932038835,-1.2275283088820128,-0.06538790010404588
EURUSD,1h,wick,short,48,2.0,3.0,4,115,0.011590500532886462,0.5478260869565217,0.30768697638133313,0.014376228468095779
EURUSD,1h,wick,short,48,2.0,3.0,24,112,0.05492859333799692,0.5,1.0413938355910892,0.05352226536792766
EURUSD,1h,capit,long,48,3.0,1.5,4,218,0.012952830296022021,0.481651376146789,0.5174716255146385,0.016933005576844233
EURUSD,1h,capit,long,48,3.0,1.5,24,201,-0.08321264533536042,0.42786069651741293,-2.315971130632923,-0.07504080976246288
EURUSD,1h,capit,short,48,3.0,1.5,4,239,-0.0218383567757197,0.497907949790795,-1.1088222976418396,-0.01907655070266864
EURUSD,1h,capit,short,48,3.0,1.5,24,221,0.001860064002124284,0.5067873303167421,0.0547459422611142,0.0004292675134401312
EURUSD,1h,wick,long,48,3.0,1.5,4,101,0.03533446986663884,0.5346534653465347,0.6304421072146322,0.03930509369372846
EURUSD,1h,wick,long,48,3.0,1.5,24,95,-0.044356690886366415,0.4842105263157895,-0.5688172054876908,-0.036196906813245125
EURUSD,1h,wick,short,48,3.0,1.5,4,116,0.021169903217003287,0.5862068965517241,0.5815961181749246,0.023956889903899898
EURUSD,1h,wick,short,48,3.0,1.5,24,114,0.01576301404689285,0.47368421052631576,0.31071334554478325,0.014359275184008402
EURUSD,1h,capit,long,48,3.0,2.0,4,202,0.007870108821460409,0.46534653465346537,0.2993614534562255,0.011848842759705493
EURUSD,1h,capit,long,48,3.0,2.0,24,187,-0.07901450561956794,0.42780748663101603,-2.0914256758040177,-0.07084416186765873
EURUSD,1h,capit,short,48,3.0,2.0,4,214,-0.029356934003840773,0.49065420560747663,-1.4389315183834688,-0.02659142018315728
EURUSD,1h,capit,short,48,3.0,2.0,24,202,0.006119955724473245,0.5,0.1696680469411637,0.004691322967548572
EURUSD,1h,wick,long,48,3.0,2.0,4,96,0.030533815636384864,0.5208333333333334,0.5194491815852758,0.03450129968966807
EURUSD,1h,wick,long,48,3.0,2.0,24,91,-0.03841193790730128,0.4835164835164835,-0.4768666357097611,-0.03025314821329709
EURUSD,1h,wick,short,48,3.0,2.0,4,109,0.0257683988058034,0.5963302752293578,0.6675513501272764,0.028545110854193433
EURUSD,1h,wick,short,48,3.0,2.0,24,107,0.03615361801880187,0.48598130841121495,0.6936031100080234,0.034739617488438054
EURUSD,1h,capit,long,48,3.0,3.0,4,120,-0.007068125856919492,0.4166666666666667,-0.2170721027556144,-0.003107732283481379
EURUSD,1h,capit,long,48,3.0,3.0,24,118,-0.09869669711096136,0.4491525423728814,-2.0679118258425913,-0.09054026658654953
EURUSD,1h,capit,short,48,3.0,3.0,4,121,-0.03905264998064134,0.47107438016528924,-1.6092416960477558,-0.03626880750687253
EURUSD,1h,capit,short,48,3.0,3.0,24,119,0.03765768665023324,0.5294117647058824,0.8506001839622781,0.036246665483563784
EURUSD,1h,wick,long,48,3.0,3.0,4,62,0.03940218764465598,0.46774193548387094,0.5555103358127408,0.04337509454730921
EURUSD,1h,wick,long,48,3.0,3.0,24,61,-0.08648355177226537,0.47540983606557374,-0.985389880071545,-0.07830912513847717
EURUSD,1h,wick,short,48,3.0,3.0,4,73,0.03086964844734042,0.6027397260273972,0.5690405311592774,0.03366113454830792
EURUSD,1h,wick,short,48,3.0,3.0,24,71,0.04752957171576712,0.49295774647887325,0.6916818491029058,0.046132356996138116
EURUSD,1d,capit,long,10,1.5,1.5,1,10,0.15189683549795313,0.7,1.3648851282688763,0.15315778353704895
EURUSD,1d,capit,long,10,1.5,1.5,3,10,0.0937152934157013,0.5,0.41469158853937427,0.10463729728151704
EURUSD,1d,capit,long,10,1.5,1.5,5,10,0.05353757282145581,0.5,0.1979209448760654,0.0739279666501392
EURUSD,1d,capit,short,10,1.5,1.5,1,6,-0.17528857221586067,0.3333333333333333,-0.703718506032223,-0.16977532784682053
EURUSD,1d,capit,short,10,1.5,1.5,3,4,0.48323693434738096,0.75,0.4817657434085245,0.4790098081996145
EURUSD,1d,capit,short,10,1.5,1.5,5,4,0.6128652726297731,0.5,0.50979589430955,0.5991697565191388
EURUSD,1d,wick,long,10,1.5,1.5,1,4,-0.1041269893280935,0.25,-0.299961522300747,-0.1027878762450763
EURUSD,1d,wick,long,10,1.5,1.5,3,4,-0.1922870769066417,0.5,-0.3126509990160006,-0.1812869079969046
EURUSD,1d,wick,long,10,1.5,1.5,5,4,-0.4980623576684053,0.5,-0.919114910191189,-0.47759379879580055
EURUSD,1d,wick,short,10,1.5,1.5,1,7,0.0012210733018174623,0.42857142857142855,0.009634982975978854,0.006563977889804341
EURUSD,1d,wick,short,10,1.5,1.5,3,7,0.08425491628535818,0.42857142857142855,0.2432146470891771,0.07993676504662518
EURUSD,1d,wick,short,10,1.5,1.5,5,7,0.25025799334052545,0.5714285714285714,0.5956892131773247,0.23647145213892481
EURUSD,1d,capit,long,10,1.5,2.0,1,2,-0.06422000930274126,0.5,-0.25265706258883636,-0.062991831838023
EURUSD,1d,capit,long,10,1.5,2.0,3,2,0.37162859110006374,0.5,0.5123051289234551,0.38251782439150195
EURUSD,1d,capit,long,10,1.5,2.0,5,2,0.22841564957354776,0.5,0.2323332072212746,0.24877327282785364
EURUSD,1d,capit,short,10,1.5,2.0,1,3,-0.07352753289393554,0.3333333333333333,-0.14408203651719909,-0.06789629852269859
EURUSD,1d,capit,short,10,1.5,2.0,3,2,0.843066184289917,0.5,0.3508252244325994,0.839008663068521
EURUSD,1d,capit,short,10,1.5,2.0,5,2,0.6730207479253039,0.5,0.23748344365667348,0.6594948367410401
EURUSD,1d,wick,long,10,1.5,2.0,1,1,0.869127631264731,1.0,0.0,0.870475644495493
EURUSD,1d,wick,long,10,1.5,2.0,3,1,0.7497185357033241,1.0,0.0,0.760727604760806
EURUSD,1d,wick,long,10,1.5,2.0,5,1,0.4460782641329307,1.0,0.0,0.4665557231532803
EURUSD,1d,wick,short,10,1.5,2.0,1,4,-0.13339702781273505,0.25,-1.2843248044722195,-0.12788781786131237
EURUSD,1d,wick,short,10,1.5,2.0,3,4,0.03317537939828634,0.5,0.058006734542278,0.029023533522989156
EURUSD,1d,wick,short,10,1.5,2.0,5,4,0.4688376898754198,0.75,0.7107836906357401,0.4552174540372549
EURUSD,1d,capit,long,10,1.5,3.0,1,0,,,,
EURUSD,1d,capit,long,10,1.5,3.0,3,0,,,,
EURUSD,1d,capit,long,10,1.5,3.0,5,0,,,,
EURUSD,1d,capit,short,10,1.5,3.0,1,0,,,,
EURUSD,1d,capit,short,10,1.5,3.0,3,0,,,,
EURUSD,1d,capit,short,10,1.5,3.0,5,0,,,,
EURUSD,1d,wick,long,10,1.5,3.0,1,0,,,,
EURUSD,1d,wick,long,10,1.5,3.0,3,0,,,,
EURUSD,1d,wick,long,10,1.5,3.0,5,0,,,,
EURUSD,1d,wick,short,10,1.5,3.0,1,0,,,,
EURUSD,1d,wick,short,10,1.5,3.0,3,0,,,,
EURUSD,1d,wick,short,10,1.5,3.0,5,0,,,,
EURUSD,1d,capit,long,10,2.0,1.5,1,5,0.28817609335224004,1.0,2.489492715519733,0.2895987221939255
EURUSD,1d,capit,long,10,2.0,1.5,3,5,0.2869526426944188,0.6,0.8021779782396592,0.29803632736282415
EURUSD,1d,capit,long,10,2.0,1.5,5,5,0.337138276231422,0.6,0.780210811981427,0.3576903508626951
EURUSD,1d,capit,short,10,2.0,1.5,1,5,-0.04205985554506318,0.4,-0.16317083155445727,-0.03658128908282759
EURUSD,1d,capit,short,10,2.0,1.5,3,4,0.48323693434738096,0.75,0.4817657434085245,0.4790098081996145
EURUSD,1d,capit,short,10,2.0,1.5,5,4,0.6128652726297731,0.5,0.50979589430955,0.5991697565191388
EURUSD,1d,wick,long,10,2.0,1.5,1,3,-0.012431072674162595,0.3333333333333333,-0.02625439498776629,-0.01115019600568004
EURUSD,1d,wick,long,10,2.0,1.5,3,3,0.2707018684204589,0.6666666666666666,0.4728207459964314,0.2816438009156613
EURUSD,1d,wick,long,10,2.0,1.5,5,3,-0.03712669959042645,0.6666666666666666,-0.09213582477381663,-0.016716377132356325
EURUSD,1d,wick,short,10,2.0,1.5,1,3,0.18239442706625913,0.6666666666666666,0.8047466864042611,0.18785570979256266
EURUSD,1d,wick,short,10,2.0,1.5,3,3,0.4841629881844651,0.6666666666666666,0.5956622515762527,0.47996321508404877
EURUSD,1d,wick,short,10,2.0,1.5,5,3,0.5704176275857344,0.6666666666666666,0.6027730436020875,0.5567494645224506
EURUSD,1d,capit,long,10,2.0,2.0,1,1,0.1899585544971959,1.0,0.0,0.19153044970434568
EURUSD,1d,capit,long,10,2.0,2.0,3,1,1.09703337453644,1.0,0.0,1.1082663255703098
EURUSD,1d,capit,long,10,2.0,2.0,5,1,1.2115538427979209,1.0,0.0,1.2322551837946583
EURUSD,1d,capit,short,10,2.0,2.0,1,2,0.3104247784440207,0.5,0.5331488136079364,0.3160283130493447
EURUSD,1d,capit,short,10,2.0,2.0,3,2,0.843066184289917,0.5,0.3508252244325994,0.839008663068521
EURUSD,1d,capit,short,10,2.0,2.0,5,2,0.6730207479253039,0.5,0.23748344365667348,0.6594948367410401
EURUSD,1d,wick,long,10,2.0,2.0,1,1,0.869127631264731,1.0,0.0,0.870475644495493
EURUSD,1d,wick,long,10,2.0,2.0,3,1,0.7497185357033241,1.0,0.0,0.760727604760806
EURUSD,1d,wick,long,10,2.0,2.0,5,1,0.4460782641329307,1.0,0.0,0.4665557231532803
EURUSD,1d,wick,short,10,2.0,2.0,1,2,-0.019775798505199085,0.5,-0.11144189481338358,-0.01406087182121312
EURUSD,1d,wick,short,10,2.0,2.0,3,2,0.23669660051966607,0.5,0.1765073852016477,0.23275047137693217
EURUSD,1d,wick,short,10,2.0,2.0,5,2,0.39028498624719826,0.5,0.24254711831446651,0.37687046714159667
EURUSD,1d,capit,long,10,2.0,3.0,1,0,,,,
EURUSD,1d,capit,long,10,2.0,3.0,3,0,,,,
EURUSD,1d,capit,long,10,2.0,3.0,5,0,,,,
EURUSD,1d,capit,short,10,2.0,3.0,1,0,,,,
EURUSD,1d,capit,short,10,2.0,3.0,3,0,,,,
EURUSD,1d,capit,short,10,2.0,3.0,5,0,,,,
EURUSD,1d,wick,long,10,2.0,3.0,1,0,,,,
EURUSD,1d,wick,long,10,2.0,3.0,3,0,,,,
EURUSD,1d,wick,long,10,2.0,3.0,5,0,,,,
EURUSD,1d,wick,short,10,2.0,3.0,1,0,,,,
EURUSD,1d,wick,short,10,2.0,3.0,3,0,,,,
EURUSD,1d,wick,short,10,2.0,3.0,5,0,,,,
EURUSD,1d,capit,long,10,3.0,1.5,1,2,0.15257183118846113,1.0,4.080909416119258,0.15387205001571197
EURUSD,1d,capit,long,10,3.0,1.5,3,2,0.5651373571971735,1.0,1.0624959367513072,0.5760986318511443
EURUSD,1d,capit,long,10,3.0,1.5,5,2,0.5563014388197368,0.5,0.8489880165907155,0.5767311034365753
EURUSD,1d,capit,short,10,3.0,1.5,1,0,,,,
EURUSD,1d,capit,short,10,3.0,1.5,3,0,,,,
EURUSD,1d,capit,short,10,3.0,1.5,5,0,,,,
EURUSD,1d,wick,long,10,3.0,1.5,1,1,-0.15370089805238538,0.0,0.0,-0.1528369371128558
EURUSD,1d,wick,long,10,3.0,1.5,3,1,-0.8695079375535227,0.0,0.0,-0.8589829207872732
EURUSD,1d,wick,long,10,3.0,1.5,5,1,-0.8373039398663592,0.0,0.0,-0.817310533137242
EURUSD,1d,wick,short,10,3.0,1.5,1,2,-0.019775798505199085,0.5,-0.11144189481338358,-0.01406087182121312
EURUSD,1d,wick,short,10,3.0,1.5,3,2,0.23669660051966607,0.5,0.1765073852016477,0.23275047137693217
EURUSD,1d,wick,short,10,3.0,1.5,5,2,0.39028498624719826,0.5,0.24254711831446651,0.37687046714159667
EURUSD,1d,capit,long,10,3.0,2.0,1,1,0.1899585544971959,1.0,0.0,0.19153044970434568
EURUSD,1d,capit,long,10,3.0,2.0,3,1,1.09703337453644,1.0,0.0,1.1082663255703098
EURUSD,1d,capit,long,10,3.0,2.0,5,1,1.2115538427979209,1.0,0.0,1.2322551837946583
EURUSD,1d,capit,short,10,3.0,2.0,1,0,,,,
EURUSD,1d,capit,short,10,3.0,2.0,3,0,,,,
EURUSD,1d,capit,short,10,3.0,2.0,5,0,,,,
EURUSD,1d,wick,long,10,3.0,2.0,1,0,,,,
EURUSD,1d,wick,long,10,3.0,2.0,3,0,,,,
EURUSD,1d,wick,long,10,3.0,2.0,5,0,,,,
EURUSD,1d,wick,short,10,3.0,2.0,1,2,-0.019775798505199085,0.5,-0.11144189481338358,-0.01406087182121312
EURUSD,1d,wick,short,10,3.0,2.0,3,2,0.23669660051966607,0.5,0.1765073852016477,0.23275047137693217
EURUSD,1d,wick,short,10,3.0,2.0,5,2,0.39028498624719826,0.5,0.24254711831446651,0.37687046714159667
EURUSD,1d,capit,long,10,3.0,3.0,1,0,,,,
EURUSD,1d,capit,long,10,3.0,3.0,3,0,,,,
EURUSD,1d,capit,long,10,3.0,3.0,5,0,,,,
EURUSD,1d,capit,short,10,3.0,3.0,1,0,,,,
EURUSD,1d,capit,short,10,3.0,3.0,3,0,,,,
EURUSD,1d,capit,short,10,3.0,3.0,5,0,,,,
EURUSD,1d,wick,long,10,3.0,3.0,1,0,,,,
EURUSD,1d,wick,long,10,3.0,3.0,3,0,,,,
EURUSD,1d,wick,long,10,3.0,3.0,5,0,,,,
EURUSD,1d,wick,short,10,3.0,3.0,1,0,,,,
EURUSD,1d,wick,short,10,3.0,3.0,3,0,,,,
EURUSD,1d,wick,short,10,3.0,3.0,5,0,,,,
EURUSD,1d,capit,long,20,1.5,1.5,1,9,0.18273735664288365,0.6666666666666666,1.0970459311690148,0.18407976669838133
EURUSD,1d,capit,long,20,1.5,1.5,3,9,0.2518952321964687,0.5555555555555556,0.922952090094593,0.2628986980786864
EURUSD,1d,capit,long,20,1.5,1.5,5,9,0.4468681968478552,0.6666666666666666,0.8251575655447512,0.46734005269294066
EURUSD,1d,capit,short,20,1.5,1.5,1,8,-0.05707961117101185,0.375,-0.1993194387670747,-0.05151307473601507
EURUSD,1d,capit,short,20,1.5,1.5,3,6,0.2806625677223691,0.3333333333333333,0.4585252648165519,0.2765651721457042
EURUSD,1d,capit,short,20,1.5,1.5,5,6,0.19379280671567642,0.5,0.19834492895735356,0.18021670762589787
EURUSD,1d,wick,long,20,1.5,1.5,1,6,0.17523715694451777,0.5,0.832847218254487,0.17654312767401403
EURUSD,1d,wick,long,20,1.5,1.5,3,6,-0.1719927861897148,0.5,-0.41113224028671763,-0.1610257596334987
EURUSD,1d,wick,long,20,1.5,1.5,5,6,-0.34185944975157767,0.5,-0.7358651952185321,-0.3214240332324938
EURUSD,1d,wick,short,20,1.5,1.5,1,10,-0.02782448325347385,0.4,-0.2759826758591973,-0.02240593503569082
EURUSD,1d,wick,short,20,1.5,1.5,3,10,-0.1411732247669609,0.4,-0.510331732696574,-0.14541573237589778
EURUSD,1d,wick,short,20,1.5,1.5,5,10,-0.15058880639217265,0.4,-0.4081509720822172,-0.16429970396397717
EURUSD,1d,capit,long,20,1.5,2.0,1,1,0.2973343088149806,1.0,0.0,0.2990224860782919
EURUSD,1d,capit,long,20,1.5,2.0,3,1,1.1321214849831862,1.0,0.0,1.1434707180732175
EURUSD,1d,capit,long,20,1.5,2.0,5,1,3.4451385371527166,1.0,0.0,3.4659561602056157
EURUSD,1d,capit,short,20,1.5,2.0,1,3,0.04024354851618374,0.3333333333333333,0.06431614360558037,0.045846029707853404
EURUSD,1d,capit,short,20,1.5,2.0,3,2,-0.09850293379094865,0.5,-0.11525440059498389,-0.10254099926174452
EURUSD,1d,capit,short,20,1.5,2.0,5,2,-0.24237517682277715,0.5,-0.09711225324606743,-0.25589533438310175
EURUSD,1d,wick,long,20,1.5,2.0,1,3,0.5925111605850173,1.0,2.8773461589964904,0.5939880265452656
EURUSD,1d,wick,long,20,1.5,2.0,3,3,0.4121430483704194,0.6666666666666666,0.7911046706840624,0.4232809701573876
EURUSD,1d,wick,long,20,1.5,2.0,5,3,0.17932079274170568,0.6666666666666666,0.2613790511445086,0.19992710449154152
EURUSD,1d,wick,short,20,1.5,2.0,1,8,-0.11619403745998971,0.25,-1.2735870777280103,-0.11072288060491202
EURUSD,1d,wick,short,20,1.5,2.0,3,8,-0.19944570000964879,0.375,-0.6559514412801813,-0.20363559898129097
EURUSD,1d,wick,short,20,1.5,2.0,5,8,-0.28747238029495126,0.375,-0.6506340445035065,-0.3011306692294611
EURUSD,1d,capit,long,20,1.5,3.0,1,0,,,,
EURUSD,1d,capit,long,20,1.5,3.0,3,0,,,,
EURUSD,1d,capit,long,20,1.5,3.0,5,0,,,,
EURUSD,1d,capit,short,20,1.5,3.0,1,1,1.267073575963193,1.0,0.0,1.272635038826354
EURUSD,1d,capit,short,20,1.5,3.0,3,1,2.349638853425204,1.0,0.0,2.345539260461645
EURUSD,1d,capit,short,20,1.5,3.0,5,1,2.25344969306914,1.0,0.0,2.2398817101427135
EURUSD,1d,wick,long,20,1.5,3.0,1,0,,,,
EURUSD,1d,wick,long,20,1.5,3.0,3,0,,,,
EURUSD,1d,wick,long,20,1.5,3.0,5,0,,,,
EURUSD,1d,wick,short,20,1.5,3.0,1,0,,,,
EURUSD,1d,wick,short,20,1.5,3.0,3,0,,,,
EURUSD,1d,wick,short,20,1.5,3.0,5,0,,,,
EURUSD,1d,capit,long,20,2.0,1.5,1,4,0.03700254301225536,0.75,0.17746728187748445,0.03851898106515144
EURUSD,1d,capit,long,20,2.0,1.5,3,4,0.33332297277519995,0.5,0.697504771680637,0.34450046665481593
EURUSD,1d,capit,long,20,2.0,1.5,5,4,0.7111970331505243,0.75,0.6033102891689077,0.7318429169930081
EURUSD,1d,capit,short,20,2.0,1.5,1,6,0.14538259374872245,0.5,0.423358190668799,0.15092436689686817
EURUSD,1d,capit,short,20,2.0,1.5,3,5,0.6191862975971929,0.6,0.871045667557068,0.6150630769756158
EURUSD,1d,capit,short,20,2.0,1.5,5,5,0.6232879982699069,0.6,0.5798995689171256,0.6096909068347977
EURUSD,1d,wick,long,20,2.0,1.5,1,4,0.4059581459256667,0.75,1.7154230800293342,0.4072817856307353
EURUSD,1d,wick,long,20,2.0,1.5,3,4,0.09173030188943385,0.5,0.1878827922580334,0.10271499742122235
EURUSD,1d,wick,long,20,2.0,1.5,5,4,-0.07483539041031051,0.5,-0.13664556597415742,-0.05438230491565435
EURUSD,1d,wick,short,20,2.0,1.5,1,4,0.09657435506991457,0.5,0.5312236541256138,0.10208503961039013
EURUSD,1d,wick,short,20,2.0,1.5,3,4,0.3918839592914865,0.75,0.6732157055754843,0.38773358800524216
EURUSD,1d,wick,short,20,2.0,1.5,5,4,0.541062485917282,0.75,0.8078036387722854,0.52744372466817
EURUSD,1d,capit,long,20,2.0,2.0,1,1,0.2973343088149806,1.0,0.0,0.2990224860782919
EURUSD,1d,capit,long,20,2.0,2.0,3,1,1.1321214849831862,1.0,0.0,1.1434707180732175
EURUSD,1d,capit,long,20,2.0,2.0,5,1,3.4451385371527166,1.0,0.0,3.4659561602056157
EURUSD,1d,capit,short,20,2.0,2.0,1,3,0.04024354851618374,0.3333333333333333,0.06431614360558037,0.045846029707853404
EURUSD,1d,capit,short,20,2.0,2.0,3,2,-0.09850293379094865,0.5,-0.11525440059498389,-0.10254099926174452
EURUSD,1d,capit,short,20,2.0,2.0,5,2,-0.24237517682277715,0.5,-0.09711225324606743,-0.25589533438310175
EURUSD,1d,wick,long,20,2.0,2.0,1,3,0.5925111605850173,1.0,2.8773461589964904,0.5939880265452656
EURUSD,1d,wick,long,20,2.0,2.0,3,3,0.4121430483704194,0.6666666666666666,0.7911046706840624,0.4232809701573876
EURUSD,1d,wick,long,20,2.0,2.0,5,3,0.17932079274170568,0.6666666666666666,0.2613790511445086,0.19992710449154152
EURUSD,1d,wick,short,20,2.0,2.0,1,3,-0.06681248597650574,0.3333333333333333,-0.5926531551478715,-0.061116238192851245
EURUSD,1d,wick,short,20,2.0,2.0,3,3,0.19614669121729425,0.6666666666666666,0.2529983168639495,0.19218188317422888
EURUSD,1d,wick,short,20,2.0,2.0,5,3,0.4111890111354404,0.6666666666666666,0.4424930839757514,0.39775581312950736
EURUSD,1d,capit,long,20,2.0,3.0,1,0,,,,
EURUSD,1d,capit,long,20,2.0,3.0,3,0,,,,
EURUSD,1d,capit,long,20,2.0,3.0,5,0,,,,
EURUSD,1d,capit,short,20,2.0,3.0,1,1,1.267073575963193,1.0,0.0,1.272635038826354
EURUSD,1d,capit,short,20,2.0,3.0,3,1,2.349638853425204,1.0,0.0,2.345539260461645
EURUSD,1d,capit,short,20,2.0,3.0,5,1,2.25344969306914,1.0,0.0,2.2398817101427135
EURUSD,1d,wick,long,20,2.0,3.0,1,0,,,,
EURUSD,1d,wick,long,20,2.0,3.0,3,0,,,,
EURUSD,1d,wick,long,20,2.0,3.0,5,0,,,,
EURUSD,1d,wick,short,20,2.0,3.0,1,0,,,,
EURUSD,1d,wick,short,20,2.0,3.0,3,0,,,,
EURUSD,1d,wick,short,20,2.0,3.0,5,0,,,,
EURUSD,1d,capit,long,20,3.0,1.5,1,0,,,,
EURUSD,1d,capit,long,20,3.0,1.5,3,0,,,,
EURUSD,1d,capit,long,20,3.0,1.5,5,0,,,,
EURUSD,1d,capit,short,20,3.0,1.5,1,1,0.8926726809448391,1.0,0.0,0.8981796451883696
EURUSD,1d,capit,short,20,3.0,1.5,3,1,3.2461607327319064,1.0,0.0,3.2420066411487167
EURUSD,1d,capit,short,20,3.0,1.5,5,1,3.50698987673026,1.0,0.0,3.4933673951842024
EURUSD,1d,wick,long,20,3.0,1.5,1,1,0.1899585544971959,1.0,0.0,0.19153044970434568
EURUSD,1d,wick,long,20,3.0,1.5,3,1,1.09703337453644,1.0,0.0,1.1082663255703098
EURUSD,1d,wick,long,20,3.0,1.5,5,1,1.2115538427979209,1.0,0.0,1.2322551837946583
EURUSD,1d,wick,short,20,3.0,1.5,1,3,0.18239442706625913,0.6666666666666666,0.8047466864042611,0.18785570979256266
EURUSD,1d,wick,short,20,3.0,1.5,3,3,0.4841629881844651,0.6666666666666666,0.5956622515762527,0.47996321508404877
EURUSD,1d,wick,short,20,3.0,1.5,5,3,0.5704176275857344,0.6666666666666666,0.6027730436020875,0.5567494645224506
EURUSD,1d,capit,long,20,3.0,2.0,1,0,,,,
EURUSD,1d,capit,long,20,3.0,2.0,3,0,,,,
EURUSD,1d,capit,long,20,3.0,2.0,5,0,,,,
EURUSD,1d,capit,short,20,3.0,2.0,1,0,,,,
EURUSD,1d,capit,short,20,3.0,2.0,3,0,,,,
EURUSD,1d,capit,short,20,3.0,2.0,5,0,,,,
EURUSD,1d,wick,long,20,3.0,2.0,1,1,0.1899585544971959,1.0,0.0,0.19153044970434568
EURUSD,1d,wick,long,20,3.0,2.0,3,1,1.09703337453644,1.0,0.0,1.1082663255703098
EURUSD,1d,wick,long,20,3.0,2.0,5,1,1.2115538427979209,1.0,0.0,1.2322551837946583
EURUSD,1d,wick,short,20,3.0,2.0,1,2,-0.019775798505199085,0.5,-0.11144189481338358,-0.01406087182121312
EURUSD,1d,wick,short,20,3.0,2.0,3,2,0.23669660051966607,0.5,0.1765073852016477,0.23275047137693217
EURUSD,1d,wick,short,20,3.0,2.0,5,2,0.39028498624719826,0.5,0.24254711831446651,0.37687046714159667
EURUSD,1d,capit,long,20,3.0,3.0,1,0,,,,
EURUSD,1d,capit,long,20,3.0,3.0,3,0,,,,
EURUSD,1d,capit,long,20,3.0,3.0,5,0,,,,
EURUSD,1d,capit,short,20,3.0,3.0,1,0,,,,
EURUSD,1d,capit,short,20,3.0,3.0,3,0,,,,
EURUSD,1d,capit,short,20,3.0,3.0,5,0,,,,
EURUSD,1d,wick,long,20,3.0,3.0,1,0,,,,
EURUSD,1d,wick,long,20,3.0,3.0,3,0,,,,
EURUSD,1d,wick,long,20,3.0,3.0,5,0,,,,
EURUSD,1d,wick,short,20,3.0,3.0,1,0,,,,
EURUSD,1d,wick,short,20,3.0,3.0,3,0,,,,
EURUSD,1d,wick,short,20,3.0,3.0,5,0,,,,
EURUSD,1d,capit,long,40,1.5,1.5,1,7,0.19559156630360883,0.5714285714285714,0.8753434442030255,0.19701908621188235
EURUSD,1d,capit,long,40,1.5,1.5,3,6,0.2513173573202979,0.6666666666666666,0.6619001164050232,0.26241071824464324
EURUSD,1d,capit,long,40,1.5,1.5,5,6,0.4484886194506983,0.6666666666666666,0.5481539044275495,0.4690503703379113
EURUSD,1d,capit,short,40,1.5,1.5,1,6,0.07283845839944751,0.5,0.21153412778588257,0.07832387378015547
EURUSD,1d,capit,short,40,1.5,1.5,3,4,0.7600308679031821,0.75,0.9028657672433852,0.7558103526526131
EURUSD,1d,capit,short,40,1.5,1.5,5,4,0.9582719976502637,0.5,1.1019628029039263,0.9445830924368269
EURUSD,1d,wick,long,40,1.5,1.5,1,8,0.27748960060284017,0.625,1.93507995721275,0.2788892887651678
EURUSD,1d,wick,long,40,1.5,1.5,3,7,0.07625993975360415,0.5714285714285714,0.1651194052897831,0.08728253015167019
EURUSD,1d,wick,long,40,1.5,1.5,5,6,0.6714077445554152,0.6666666666666666,0.853540879631948,0.6918703315043079
EURUSD,1d,wick,short,40,1.5,1.5,1,8,-0.005992072827363604,0.375,-0.04476616922556264,-0.0005377753045004343
EURUSD,1d,wick,short,40,1.5,1.5,3,8,0.01265395915461036,0.5,0.04402829952343152,0.008447200850753636
EURUSD,1d,wick,short,40,1.5,1.5,5,8,-0.06390197790567352,0.5,-0.148285227909228,-0.07757712617239795
EURUSD,1d,capit,long,40,1.5,2.0,1,1,0.2973343088149806,1.0,0.0,0.2990224860782919
EURUSD,1d,capit,long,40,1.5,2.0,3,1,1.1321214849831862,1.0,0.0,1.1434707180732175
EURUSD,1d,capit,long,40,1.5,2.0,5,1,3.4451385371527166,1.0,0.0,3.4659561602056157
EURUSD,1d,capit,short,40,1.5,2.0,1,3,-0.030791911484758714,0.3333333333333333,-0.04723543469459983,-0.025293737417100587
EURUSD,1d,capit,short,40,1.5,2.0,3,2,0.4129323247832558,1.0,1.203107961731918,0.40873779862644266
EURUSD,1d,capit,short,40,1.5,2.0,5,2,0.9538044009526467,0.5,0.7971203123021418,0.9401414848329658
EURUSD,1d,wick,long,40,1.5,2.0,1,4,0.4397024171831436,1.0,3.6501053100536196,0.44130896539680714
EURUSD,1d,wick,long,40,1.5,2.0,3,3,0.7404589382479295,0.6666666666666666,1.0577616728962649,0.7517064705931349
EURUSD,1d,wick,long,40,1.5,2.0,5,3,1.4302059826772675,0.6666666666666666,0.9292009024989478,1.4509219049853403
EURUSD,1d,wick,short,40,1.5,2.0,1,6,-0.09523945723693411,0.3333333333333333,-0.7734087001800561,-0.08983760403313716
EURUSD,1d,wick,short,40,1.5,2.0,3,6,-0.1010513262185504,0.3333333333333333,-0.27002522539474105,-0.10531052884147335
EURUSD,1d,wick,short,40,1.5,2.0,5,6,-0.2556585199386025,0.3333333333333333,-0.45406880509448255,-0.26938611252439326
EURUSD,1d,capit,long,40,1.5,3.0,1,1,0.2973343088149806,1.0,0.0,0.2990224860782919
EURUSD,1d,capit,long,40,1.5,3.0,3,1,1.1321214849831862,1.0,0.0,1.1434707180732175
EURUSD,1d,capit,long,40,1.5,3.0,5,1,3.4451385371527166,1.0,0.0,3.4659561602056157
EURUSD,1d,capit,short,40,1.5,3.0,1,1,1.267073575963193,1.0,0.0,1.272635038826354
EURUSD,1d,capit,short,40,1.5,3.0,3,1,2.349638853425204,1.0,0.0,2.345539260461645
EURUSD,1d,capit,short,40,1.5,3.0,5,1,2.25344969306914,1.0,0.0,2.2398817101427135
EURUSD,1d,wick,long,40,1.5,3.0,1,2,0.4252019091211267,1.0,3.2783286190652503,0.4268737132234623
EURUSD,1d,wick,long,40,1.5,3.0,3,1,1.7346662053358546,1.0,0.0,1.7460041060680478
EURUSD,1d,wick,long,40,1.5,3.0,5,1,4.198733833939616,1.0,0.0,4.219540124634676
EURUSD,1d,wick,short,40,1.5,3.0,1,1,-0.2759711440698541,0.0,0.0,-0.27067973617682534
EURUSD,1d,wick,short,40,1.5,3.0,3,1,-0.07988638380969179,0.0,0.0,-0.0842560317433829
EURUSD,1d,wick,short,40,1.5,3.0,5,1,-0.9328147442828848,0.0,0.0,-0.9466527821794436
EURUSD,1d,capit,long,40,2.0,1.5,1,2,-0.13463966817106565,0.5,-0.31168467394834487,-0.13310780062081978
EURUSD,1d,capit,long,40,2.0,1.5,3,2,0.20924031344727342,0.5,0.22672508650170364,0.2204332368242392
EURUSD,1d,capit,long,40,2.0,1.5,5,2,0.5760149501893632,0.5,0.20076338042970487,0.5966762635291968
EURUSD,1d,capit,short,40,2.0,1.5,1,5,0.06483824486454087,0.4,0.1537880427110073,0.07036321098676919
EURUSD,1d,capit,short,40,2.0,1.5,3,3,0.9454021093549122,0.6666666666666666,0.8141178281964683,0.9412325537386913
EURUSD,1d,capit,short,40,2.0,1.5,5,3,1.2954279223929361,0.6666666666666666,1.1427435873744076,1.2817899768138477
EURUSD,1d,wick,long,40,2.0,1.5,1,4,0.4059581459256667,0.75,1.7154230800293342,0.4072817856307353
EURUSD,1d,wick,long,40,2.0,1.5,3,4,0.09173030188943385,0.5,0.1878827922580334,0.10271499742122235
EURUSD,1d,wick,long,40,2.0,1.5,5,4,-0.07483539041031051,0.5,-0.13664556597415742,-0.05438230491565435
EURUSD,1d,wick,short,40,2.0,1.5,1,4,0.012339785943835179,0.5,0.08832272537702744,0.01792113019709169
EURUSD,1d,wick,short,40,2.0,1.5,3,4,0.13510243657644805,0.5,0.2471472392851395,0.13102272500298473
EURUSD,1d,wick,short,40,2.0,1.5,5,4,0.11088700441461707,0.5,0.1544974612364275,0.09733890287828609
EURUSD,1d,capit,long,40,2.0,2.0,1,1,0.2973343088149806,1.0,0.0,0.2990224860782919
EURUSD,1d,capit,long,40,2.0,2.0,3,1,1.1321214849831862,1.0,0.0,1.1434707180732175
EURUSD,1d,capit,long,40,2.0,2.0,5,1,3.4451385371527166,1.0,0.0,3.4659561602056157
EURUSD,1d,capit,short,40,2.0,2.0,1,3,-0.030791911484758714,0.3333333333333333,-0.04723543469459983,-0.025293737417100587
EURUSD,1d,capit,short,40,2.0,2.0,3,2,0.4129323247832558,1.0,1.203107961731918,0.40873779862644266
EURUSD,1d,capit,short,40,2.0,2.0,5,2,0.9538044009526467,0.5,0.7971203123021418,0.9401414848329658
EURUSD,1d,wick,long,40,2.0,2.0,1,2,0.4542029252451606,1.0,1.718874555244084,0.455744217570152
EURUSD,1d,wick,long,40,2.0,2.0,3,2,0.24335530470396702,0.5,0.2850668340955782,0.25455765285567833
EURUSD,1d,wick,long,40,2.0,2.0,5,2,0.04594205704609323,0.5,0.03941454402544522,0.06661279516067217
EURUSD,1d,wick,short,40,2.0,2.0,1,3,0.0700816682314866,0.6666666666666666,0.389517577890886,0.07563716390816476
EURUSD,1d,wick,short,40,2.0,2.0,3,3,0.1417876245644139,0.3333333333333333,0.1834207181647506,0.1376820644143722
EURUSD,1d,wick,short,40,2.0,2.0,5,3,-0.003149681084485429,0.3333333333333333,-0.0031430007337478333,-0.016723631197394773
EURUSD,1d,capit,long,40,2.0,3.0,1,1,0.2973343088149806,1.0,0.0,0.2990224860782919
EURUSD,1d,capit,long,40,2.0,3.0,3,1,1.1321214849831862,1.0,0.0,1.1434707180732175
EURUSD,1d,capit,long,40,2.0,3.0,5,1,3.4451385371527166,1.0,0.0,3.4659561602056157
EURUSD,1d,capit,short,40,2.0,3.0,1,1,1.267073575963193,1.0,0.0,1.272635038826354
EURUSD,1d,capit,short,40,2.0,3.0,3,1,2.349638853425204,1.0,0.0,2.345539260461645
EURUSD,1d,capit,short,40,2.0,3.0,5,1,2.25344969306914,1.0,0.0,2.2398817101427135
EURUSD,1d,wick,long,40,2.0,3.0,1,0,,,,
EURUSD,1d,wick,long,40,2.0,3.0,3,0,,,,
EURUSD,1d,wick,long,40,2.0,3.0,5,0,,,,
EURUSD,1d,wick,short,40,2.0,3.0,1,1,-0.2759711440698541,0.0,0.0,-0.27067973617682534
EURUSD,1d,wick,short,40,2.0,3.0,3,1,-0.07988638380969179,0.0,0.0,-0.0842560317433829
EURUSD,1d,wick,short,40,2.0,3.0,5,1,-0.9328147442828848,0.0,0.0,-0.9466527821794436
EURUSD,1d,capit,long,40,3.0,1.5,1,1,0.2973343088149806,1.0,0.0,0.2990224860782919
EURUSD,1d,capit,long,40,3.0,1.5,3,1,1.1321214849831862,1.0,0.0,1.1434707180732175
EURUSD,1d,capit,long,40,3.0,1.5,5,1,3.4451385371527166,1.0,0.0,3.4659561602056157
EURUSD,1d,capit,short,40,3.0,1.5,1,0,,,,
EURUSD,1d,capit,short,40,3.0,1.5,3,0,,,,
EURUSD,1d,capit,short,40,3.0,1.5,5,0,,,,
EURUSD,1d,wick,long,40,3.0,1.5,1,2,0.018128828222405254,0.5,0.10550460979850235,0.019346756295744942
EURUSD,1d,wick,long,40,3.0,1.5,3,2,0.11376271849145866,0.5,0.11569827472432412,0.12464170239151827
EURUSD,1d,wick,long,40,3.0,1.5,5,2,0.18712495146578087,0.5,0.18266270411648441,0.20747232532870816
EURUSD,1d,wick,short,40,3.0,1.5,1,1,0.15767809832879584,1.0,0.0,0.16340870606191943
EURUSD,1d,wick,short,40,3.0,1.5,3,1,1.5776977164177703,1.0,0.0,1.5737672683241741
EURUSD,1d,wick,short,40,3.0,1.5,5,1,1.9993949561343156,1.0,0.0,1.9859961180778518
EURUSD,1d,capit,long,40,3.0,2.0,1,1,0.2973343088149806,1.0,0.0,0.2990224860782919
EURUSD,1d,capit,long,40,3.0,2.0,3,1,1.1321214849831862,1.0,0.0,1.1434707180732175
EURUSD,1d,capit,long,40,3.0,2.0,5,1,3.4451385371527166,1.0,0.0,3.4659561602056157
EURUSD,1d,capit,short,40,3.0,2.0,1,0,,,,
EURUSD,1d,capit,short,40,3.0,2.0,3,0,,,,
EURUSD,1d,capit,short,40,3.0,2.0,5,0,,,,
EURUSD,1d,wick,long,40,3.0,2.0,1,1,0.1899585544971959,1.0,0.0,0.19153044970434568
EURUSD,1d,wick,long,40,3.0,2.0,3,1,1.09703337453644,1.0,0.0,1.1082663255703098
EURUSD,1d,wick,long,40,3.0,2.0,5,1,1.2115538427979209,1.0,0.0,1.2322551837946583
EURUSD,1d,wick,short,40,3.0,2.0,1,1,0.15767809832879584,1.0,0.0,0.16340870606191943
EURUSD,1d,wick,short,40,3.0,2.0,3,1,1.5776977164177703,1.0,0.0,1.5737672683241741
EURUSD,1d,wick,short,40,3.0,2.0,5,1,1.9993949561343156,1.0,0.0,1.9859961180778518
EURUSD,1d,capit,long,40,3.0,3.0,1,1,0.2973343088149806,1.0,0.0,0.2990224860782919
EURUSD,1d,capit,long,40,3.0,3.0,3,1,1.1321214849831862,1.0,0.0,1.1434707180732175
EURUSD,1d,capit,long,40,3.0,3.0,5,1,3.4451385371527166,1.0,0.0,3.4659561602056157
EURUSD,1d,capit,short,40,3.0,3.0,1,0,,,,
EURUSD,1d,capit,short,40,3.0,3.0,3,0,,,,
EURUSD,1d,capit,short,40,3.0,3.0,5,0,,,,
EURUSD,1d,wick,long,40,3.0,3.0,1,0,,,,
EURUSD,1d,wick,long,40,3.0,3.0,3,0,,,,
EURUSD,1d,wick,long,40,3.0,3.0,5,0,,,,
EURUSD,1d,wick,short,40,3.0,3.0,1,0,,,,
EURUSD,1d,wick,short,40,3.0,3.0,3,0,,,,
EURUSD,1d,wick,short,40,3.0,3.0,5,0,,,,
