signal_time,entry_time,exit_time,entry,exit,gross,stopped,cost,net
2015-01-09 21:00:00,2015-01-09 22:00:00,2015-01-10 21:00:00,289.59,276.67,0.04461480023481457,False,0.001,0.043614800234814566
2015-01-18 08:00:00,2015-01-18 09:00:00,2015-01-19 08:00:00,207.63,209.59,-0.009439868997736411,False,0.001,-0.010439868997736412
2015-01-21 21:00:00,2015-01-21 22:00:00,2015-01-22 21:00:00,225.4,232.1,-0.0297249334516414,False,0.001,-0.0307249334516414
2015-01-24 15:00:00,2015-01-24 16:00:00,2015-01-25 15:00:00,241.54,248.3,-0.027987082884822545,False,0.001,-0.028987082884822546
2015-01-26 01:00:00,2015-01-26 02:00:00,2015-01-27 01:00:00,269.0,256.11,0.04791821561338283,False,0.001,0.04691821561338283
2015-02-02 23:00:00,2015-02-03 00:00:00,2015-02-03 23:00:00,238.38,227.99,0.04358587129792757,False,0.001,0.04258587129792757
2015-02-07 10:00:00,2015-02-07 11:00:00,2015-02-08 10:00:00,230.5,228.73,0.00767895878524949,False,0.001,0.00667895878524949
2015-02-13 03:00:00,2015-02-13 04:00:00,2015-02-14 03:00:00,224.5,239.21,-0.06552338530066826,False,0.001,-0.06652338530066826
2015-02-14 20:00:00,2015-02-14 21:00:00,2015-02-15 20:00:00,254.48,233.0,0.084407419050613,False,0.001,0.083407419050613
2015-02-17 17:00:00,2015-02-17 18:00:00,2015-02-18 17:00:00,245.72,234.99,0.04366758912583424,False,0.001,0.04266758912583424
2015-02-27 03:00:00,2015-02-27 04:00:00,2015-02-28 03:00:00,246.68,250.63,-0.016012647964974924,False,0.001,-0.017012647964974925
2015-03-01 21:00:00,2015-03-01 22:00:00,2015-03-02 21:00:00,257.0,274.14,-0.0666926070038909,False,0.001,-0.0676926070038909
2015-03-05 21:00:00,2015-03-05 22:00:00,2015-03-06 21:00:00,278.68,272.64,0.021673604133773616,False,0.001,0.020673604133773615
2015-03-07 17:00:00,2015-03-07 18:00:00,2015-03-08 17:00:00,276.0,273.88,0.007681159420289907,False,0.001,0.006681159420289907
2015-03-10 14:00:00,2015-03-10 15:00:00,2015-03-11 14:00:00,295.4,291.83,0.012085308056872024,False,0.001,0.011085308056872023
2015-03-15 19:00:00,2015-03-15 20:00:00,2015-03-16 19:00:00,285.87,289.0,-0.010949032777136436,False,0.001,-0.011949032777136437
2015-03-22 19:00:00,2015-03-22 20:00:00,2015-03-23 19:00:00,268.03,262.18,0.021825915009513697,False,0.001,0.020825915009513696
2015-03-28 04:00:00,2015-03-28 05:00:00,2015-03-29 04:00:00,252.84,247.7,0.0203290618573011,False,0.001,0.0193290618573011
2015-04-02 16:00:00,2015-04-02 17:00:00,2015-04-03 16:00:00,250.69,254.0,-0.013203558179424757,False,0.001,-0.014203558179424758
2015-04-05 10:00:00,2015-04-05 11:00:00,2015-04-06 10:00:00,254.75,257.91,-0.012404317958783162,False,0.001,-0.013404317958783163
2015-04-19 07:00:00,2015-04-19 08:00:00,2015-04-20 07:00:00,226.01,223.8,0.009778328392548885,False,0.001,0.008778328392548884
2015-04-21 20:00:00,2015-04-21 21:00:00,2015-04-22 20:00:00,233.15,234.46,-0.00561870040746304,False,0.001,-0.00661870040746304
2015-04-27 21:00:00,2015-04-27 22:00:00,2015-04-28 21:00:00,229.74,224.75,0.021720205449638708,False,0.001,0.020720205449638707
2015-04-30 07:00:00,2015-04-30 08:00:00,2015-05-01 07:00:00,229.37,237.37,-0.034878144482713536,False,0.001,-0.035878144482713537
2015-05-07 18:00:00,2015-05-07 19:00:00,2015-05-08 18:00:00,238.17,246.57,-0.03526892555737504,False,0.001,-0.03626892555737504
2015-05-20 08:00:00,2015-05-20 09:00:00,2015-05-21 08:00:00,234.49,235.48,-0.004221928440445222,False,0.001,-0.005221928440445222
2015-05-22 17:00:00,2015-05-22 18:00:00,2015-05-23 17:00:00,239.52,239.01,0.0021292585170341605,False,0.001,0.0011292585170341604
2015-05-24 16:00:00,2015-05-24 17:00:00,2015-05-25 16:00:00,241.43,235.59,0.024189205981029693,False,0.001,0.023189205981029692
2015-06-08 12:00:00,2015-06-08 13:00:00,2015-06-09 12:00:00,225.66,230.37,-0.02087210848178689,False,0.001,-0.02187210848178689
2015-06-12 07:00:00,2015-06-12 08:00:00,2015-06-13 07:00:00,229.67,229.56,0.00047894805590620315,False,0.001,-0.0005210519440937969
2015-06-13 20:00:00,2015-06-13 21:00:00,2015-06-14 20:00:00,231.69,231.66,0.00012948336138807193,False,0.001,-0.0008705166386119281
2015-06-16 06:00:00,2015-06-16 07:00:00,2015-06-17 06:00:00,237.19,248.16,-0.04624984189889969,False,0.001,-0.04724984189889969
2015-06-22 10:00:00,2015-06-22 11:00:00,2015-06-23 10:00:00,245.98,244.18,0.007317668103097752,False,0.001,0.006317668103097752
2015-06-26 21:00:00,2015-06-26 22:00:00,2015-06-27 21:00:00,242.5,250.71,-0.03385567010309276,False,0.001,-0.03485567010309276
2015-06-27 21:00:00,2015-06-27 22:00:00,2015-06-28 21:00:00,250.77,248.34,0.009690154324680011,False,0.001,0.00869015432468001
2015-06-29 11:00:00,2015-06-29 12:00:00,2015-06-30 11:00:00,255.0,261.71,-0.02631372549019595,False,0.001,-0.02731372549019595
2015-07-04 21:00:00,2015-07-04 22:00:00,2015-07-05 21:00:00,261.0,270.78,-0.03747126436781589,False,0.001,-0.038471264367815894
2015-07-10 08:00:00,2015-07-10 09:00:00,2015-07-11 08:00:00,281.41,290.42,-0.03201734124586908,False,0.001,-0.03301734124586908
2015-07-12 03:00:00,2015-07-12 04:00:00,2015-07-13 03:00:00,302.11,307.43,-0.017609479990731813,False,0.001,-0.018609479990731814
2015-07-14 14:00:00,2015-07-14 15:00:00,2015-07-15 14:00:00,294.89,292.19,0.00915595645834033,False,0.001,0.00815595645834033
2015-07-18 09:00:00,2015-07-18 10:00:00,2015-07-19 09:00:00,282.18,276.61,0.01973917357714927,False,0.001,0.01873917357714927
2015-07-23 13:00:00,2015-07-23 14:00:00,2015-07-24 13:00:00,278.55,284.94,-0.022940226171243916,False,0.001,-0.023940226171243917
2015-07-26 10:00:00,2015-07-26 11:00:00,2015-07-27 10:00:00,293.06,287.93,0.017504947792260972,False,0.001,0.01650494779226097
2015-08-03 07:00:00,2015-08-03 08:00:00,2015-08-04 07:00:00,282.85,283.84,-0.003500088386070077,False,0.001,-0.004500088386070077
2015-08-11 21:00:00,2015-08-11 22:00:00,2015-08-12 21:00:00,268.86,270.13,-0.004723647995239055,False,0.001,-0.005723647995239055
2015-08-20 10:00:00,2015-08-20 11:00:00,2015-08-21 10:00:00,235.23,235.2,0.00012753475322024865,False,0.001,-0.0008724652467797514
2015-08-28 16:00:00,2015-08-28 17:00:00,2015-08-29 16:00:00,234.31,229.61,0.020058896333916554,False,0.001,0.019058896333916553
2015-09-05 12:00:00,2015-09-05 13:00:00,2015-09-06 12:00:00,234.73,240.3,-0.023729391215439044,False,0.001,-0.024729391215439045
2015-09-06 13:00:00,2015-09-06 14:00:00,2015-09-07 13:00:00,243.23,241.94,0.005303622086091364,False,0.001,0.004303622086091364
2015-09-17 16:00:00,2015-09-17 17:00:00,2015-09-18 16:00:00,234.76,233.47,0.005494973590049357,False,0.001,0.004494973590049357
2015-09-22 09:00:00,2015-09-22 10:00:00,2015-09-23 09:00:00,230.05,229.0,0.004564225168441682,False,0.001,0.0035642251684416823
2015-09-28 03:00:00,2015-09-28 04:00:00,2015-09-29 03:00:00,236.39,237.0,-0.0025804814078429494,False,0.001,-0.0035804814078429495
2015-10-06 12:00:00,2015-10-06 13:00:00,2015-10-07 12:00:00,243.0,244.52,-0.006255144032921933,False,0.001,-0.007255144032921933
2015-10-11 16:00:00,2015-10-11 17:00:00,2015-10-12 16:00:00,247.36,246.46,0.0036384217335058144,False,0.001,0.0026384217335058144
2015-10-16 15:00:00,2015-10-16 16:00:00,2015-10-17 15:00:00,264.36,273.0,-0.03268270540172491,False,0.001,-0.03368270540172491
2015-10-20 07:00:00,2015-10-20 08:00:00,2015-10-21 07:00:00,267.26,268.59,-0.004976427448926124,False,0.001,-0.005976427448926124
2015-10-22 08:00:00,2015-10-22 09:00:00,2015-10-23 08:00:00,272.14,279.33,-0.026420224884250665,False,0.001,-0.027420224884250666
2015-10-24 23:00:00,2015-10-25 00:00:00,2015-10-25 23:00:00,283.03,283.96,-0.0032858707557503752,False,0.001,-0.004285870755750375
2015-10-27 12:00:00,2015-10-27 13:00:00,2015-10-28 12:00:00,294.3,303.75,-0.032110091743119185,False,0.001,-0.033110091743119185
2015-10-30 01:00:00,2015-10-30 02:00:00,2015-10-31 01:00:00,324.33,331.27,-0.021397958869053157,False,0.001,-0.02239795886905316
2015-11-02 11:00:00,2015-11-02 12:00:00,2015-11-03 11:00:00,339.0,378.26,-0.11581120943952805,False,0.001,-0.11681120943952805
2015-11-16 17:00:00,2015-11-16 18:00:00,2015-11-17 17:00:00,331.91,335.0,-0.00930975264378886,False,0.001,-0.010309752643788861
2015-11-25 11:00:00,2015-11-25 12:00:00,2015-11-26 11:00:00,324.73,356.25,-0.09706525421119072,False,0.001,-0.09806525421119072
2015-11-26 11:00:00,2015-11-26 12:00:00,2015-11-27 11:00:00,356.25,357.0,-0.002105263157894832,False,0.001,-0.0031052631578948322
2015-11-29 11:00:00,2015-11-29 12:00:00,2015-11-30 11:00:00,363.32,379.29,-0.04395574149510084,False,0.001,-0.04495574149510084
2015-12-05 01:00:00,2015-12-05 02:00:00,2015-12-06 01:00:00,369.23,393.09,-0.06462096796034977,False,0.001,-0.06562096796034977
2015-12-08 23:00:00,2015-12-09 00:00:00,2015-12-09 23:00:00,416.67,416.98,-0.0007439940480475915,False,0.001,-0.0017439940480475915
2015-12-11 08:00:00,2015-12-11 09:00:00,2015-12-12 08:00:00,434.4,423.0,0.026243093922651894,False,0.001,0.025243093922651894
2015-12-18 05:00:00,2015-12-18 06:00:00,2015-12-19 05:00:00,463.25,463.01,0.0005180787911495122,False,0.001,-0.00048192120885048786
2015-12-24 02:00:00,2015-12-24 03:00:00,2015-12-25 02:00:00,452.76,457.19,-0.009784433253821057,False,0.001,-0.010784433253821057
2015-12-29 15:00:00,2015-12-29 16:00:00,2015-12-30 15:00:00,428.01,426.02,0.004649424078876696,False,0.001,0.003649424078876696
2016-01-07 02:00:00,2016-01-07 03:00:00,2016-01-08 02:00:00,442.72,458.98,-0.036727502710516724,False,0.001,-0.037727502710516725
2016-01-20 12:00:00,2016-01-20 13:00:00,2016-01-21 12:00:00,391.0,414.88,-0.06107416879795391,False,0.001,-0.06207416879795391
2016-01-24 09:00:00,2016-01-24 10:00:00,2016-01-25 09:00:00,400.96,399.98,0.002444134078212201,False,0.001,0.0014441340782122012
2016-02-04 14:00:00,2016-02-04 15:00:00,2016-02-05 14:00:00,383.29,388.21,-0.012836233661196461,False,0.001,-0.013836233661196462
2016-02-10 13:00:00,2016-02-10 14:00:00,2016-02-11 13:00:00,381.91,379.8,0.0055248618784530246,False,0.001,0.0045248618784530245
2016-02-14 00:00:00,2016-02-14 01:00:00,2016-02-15 00:00:00,394.35,405.0,-0.027006466337010204,False,0.001,-0.028006466337010205
2016-02-20 09:00:00,2016-02-20 10:00:00,2016-02-21 09:00:00,428.99,444.0,-0.03498916058649382,False,0.001,-0.03598916058649382
2016-02-26 22:00:00,2016-02-26 23:00:00,2016-02-27 22:00:00,427.3,431.06,-0.00879943833372332,False,0.001,-0.00979943833372332
2016-02-28 14:00:00,2016-02-28 15:00:00,2016-02-29 14:00:00,434.36,437.8,-0.007919697946403792,False,0.001,-0.008919697946403793
2016-03-22 02:00:00,2016-03-22 03:00:00,2016-03-23 02:00:00,414.21,416.98,-0.006687429081866814,False,0.001,-0.007687429081866814
2016-03-27 15:00:00,2016-03-27 16:00:00,2016-03-28 15:00:00,424.99,421.47,0.008282547824654651,False,0.001,0.007282547824654651
2016-04-02 00:00:00,2016-04-02 01:00:00,2016-04-03 00:00:00,418.76,419.07,-0.0007402808291145924,False,0.001,-0.0017402808291145924
2016-04-10 10:00:00,2016-04-10 11:00:00,2016-04-11 10:00:00,420.85,419.67,0.0028038493525008867,False,0.001,0.0018038493525008867
2016-04-11 14:00:00,2016-04-11 15:00:00,2016-04-12 14:00:00,421.34,425.69,-0.010324203730953663,False,0.001,-0.011324203730953664
2016-04-19 09:00:00,2016-04-19 10:00:00,2016-04-20 09:00:00,429.04,437.2,-0.01901920566846904,False,0.001,-0.020019205668469042
2016-04-23 22:00:00,2016-04-23 23:00:00,2016-04-24 22:00:00,451.93,459.46,-0.016661872413869405,False,0.001,-0.017661872413869406
2016-05-06 20:00:00,2016-05-06 21:00:00,2016-05-07 20:00:00,462.11,459.3,0.006080803271948265,False,0.001,0.005080803271948265
2016-05-09 15:00:00,2016-05-09 16:00:00,2016-05-10 15:00:00,462.13,451.64,0.022699240473459836,False,0.001,0.021699240473459835
2016-05-27 00:00:00,2016-05-27 01:00:00,2016-05-28 00:00:00,456.47,471.57,-0.03307993953600441,False,0.001,-0.03407993953600441
2016-05-28 20:00:00,2016-05-28 21:00:00,2016-05-29 20:00:00,509.42,526.67,-0.03386203918181452,False,0.001,-0.03486203918181452
2016-06-03 08:00:00,2016-06-03 09:00:00,2016-06-04 08:00:00,550.0,584.23,-0.062236363636363645,False,0.001,-0.06323636363636365
2016-06-07 00:00:00,2016-06-07 01:00:00,2016-06-08 00:00:00,590.58,577.22,0.022621829388059234,False,0.001,0.021621829388059233
2016-06-11 02:00:00,2016-06-11 03:00:00,2016-06-12 02:00:00,583.03,620.33,-0.06397612472771574,False,0.001,-0.06497612472771574
2016-06-12 03:00:00,2016-06-12 04:00:00,2016-06-13 03:00:00,630.01,678.19,-0.07647497658767333,False,0.001,-0.07747497658767333
2016-06-13 14:00:00,2016-06-13 15:00:00,2016-06-14 14:00:00,718.5,682.27,0.05042449547668759,False,0.001,0.04942449547668759
2016-06-16 00:00:00,2016-06-16 01:00:00,2016-06-17 00:00:00,714.98,769.01,-0.07556854737195451,False,0.001,-0.07656854737195451
2016-06-18 16:00:00,2016-06-18 17:00:00,2016-06-19 16:00:00,765.68,760.87,0.006281997701389597,False,0.001,0.005281997701389597
2016-06-30 12:00:00,2016-06-30 13:00:00,2016-07-01 12:00:00,659.88,677.29,-0.0263835848942231,False,0.001,-0.0273835848942231
2016-07-02 09:00:00,2016-07-02 10:00:00,2016-07-03 09:00:00,690.16,672.15,0.026095398168540562,False,0.001,0.02509539816854056
2016-07-11 01:00:00,2016-07-11 02:00:00,2016-07-12 01:00:00,657.8,649.66,0.012374581939799345,False,0.001,0.011374581939799344
2016-07-12 09:00:00,2016-07-12 10:00:00,2016-07-13 09:00:00,653.81,667.77,-0.021351768862513554,False,0.001,-0.022351768862513555
2016-07-15 20:00:00,2016-07-15 21:00:00,2016-07-16 20:00:00,667.96,661.77,0.009267021977363954,False,0.001,0.008267021977363953
2016-07-17 16:00:00,2016-07-17 17:00:00,2016-07-18 16:00:00,682.24,672.34,0.014511022514071215,False,0.001,0.013511022514071214
2016-07-24 14:00:00,2016-07-24 15:00:00,2016-07-25 14:00:00,657.5,655.45,0.0031178707224334135,False,0.001,0.0021178707224334134
2016-08-10 13:00:00,2016-08-10 14:00:00,2016-08-11 13:00:00,592.89,597.43,-0.007657406938892386,False,0.001,-0.008657406938892387
2016-08-21 06:00:00,2016-08-21 07:00:00,2016-08-22 06:00:00,582.81,576.52,0.01079253959266302,False,0.001,0.009792539592663019
2016-08-22 15:00:00,2016-08-22 16:00:00,2016-08-23 15:00:00,583.66,578.31,0.009166295445978911,False,0.001,0.00816629544597891
2016-09-03 19:00:00,2016-09-03 20:00:00,2016-09-04 19:00:00,589.72,601.87,-0.020602998032964726,False,0.001,-0.021602998032964726
2016-09-08 08:00:00,2016-09-08 09:00:00,2016-09-09 08:00:00,624.02,619.0,0.008044613954680924,False,0.001,0.007044613954680924
2016-09-11 18:00:00,2016-09-11 19:00:00,2016-09-12 18:00:00,627.12,604.72,0.035718841688990866,False,0.001,0.034718841688990865
2016-09-26 08:00:00,2016-09-26 09:00:00,2016-09-27 08:00:00,605.45,605.19,0.0004294326533982318,False,0.001,-0.0005705673466017682
2016-09-30 22:00:00,2016-09-30 23:00:00,2016-10-01 22:00:00,607.98,613.0,-0.008256850554294592,False,0.001,-0.009256850554294593
2016-10-05 12:00:00,2016-10-05 13:00:00,2016-10-06 12:00:00,612.0,609.15,0.004656862745098023,False,0.001,0.0036568627450980227
2016-10-07 08:00:00,2016-10-07 09:00:00,2016-10-08 08:00:00,612.99,614.7,-0.0027896050506535097,False,0.001,-0.0037896050506535097
2016-10-11 04:00:00,2016-10-11 05:00:00,2016-10-12 04:00:00,630.0,630.96,-0.0015238095238094829,False,0.001,-0.002523809523809483
2016-10-22 14:00:00,2016-10-22 15:00:00,2016-10-23 14:00:00,639.99,651.95,-0.01868779199675008,False,0.001,-0.01968779199675008
2016-10-29 01:00:00,2016-10-29 02:00:00,2016-10-30 01:00:00,691.68,696.0,-0.006245662734212454,False,0.001,-0.007245662734212454
2016-11-01 07:00:00,2016-11-01 08:00:00,2016-11-02 07:00:00,719.99,721.24,-0.0017361352241003214,False,0.001,-0.0027361352241003214
2016-11-02 23:00:00,2016-11-03 00:00:00,2016-11-03 23:00:00,742.0,685.22,0.0765229110512129,False,0.001,0.0755229110512129
2016-11-06 03:00:00,2016-11-06 04:00:00,2016-11-07 03:00:00,710.0,703.99,0.008464788732394313,False,0.001,0.007464788732394313
2016-11-09 02:00:00,2016-11-09 03:00:00,2016-11-10 02:00:00,713.83,719.13,-0.00742473698219448,False,0.001,-0.00842473698219448
2016-11-14 20:00:00,2016-11-14 21:00:00,2016-11-15 20:00:00,704.03,716.27,-0.017385622771756815,False,0.001,-0.018385622771756815
2016-11-16 12:00:00,2016-11-16 13:00:00,2016-11-17 12:00:00,737.72,748.0,-0.013934826221330576,False,0.001,-0.014934826221330577
2016-11-19 07:00:00,2016-11-19 08:00:00,2016-11-20 07:00:00,749.3,753.53,-0.005645268917656487,False,0.001,-0.0066452689176564874
2016-11-22 14:00:00,2016-11-22 15:00:00,2016-11-23 14:00:00,746.39,735.73,0.014282077734160348,False,0.001,0.013282077734160347
2016-12-02 01:00:00,2016-12-02 02:00:00,2016-12-03 01:00:00,762.5,766.0,-0.004590163934426128,False,0.001,-0.005590163934426128
2016-12-07 09:00:00,2016-12-07 10:00:00,2016-12-08 09:00:00,763.64,767.31,-0.004805929495573791,False,0.001,-0.005805929495573791
2016-12-12 10:00:00,2016-12-12 11:00:00,2016-12-13 10:00:00,776.0,776.4,-0.0005154639175257714,False,0.001,-0.0015154639175257714
2016-12-17 02:00:00,2016-12-17 03:00:00,2016-12-18 02:00:00,789.02,788.87,0.00019010924944862229,False,0.001,-0.0008098907505513777
2016-12-19 01:00:00,2016-12-19 02:00:00,2016-12-20 01:00:00,792.32,789.2,0.00393780290791601,False,0.001,0.0029378029079160104
2016-12-20 23:00:00,2016-12-21 00:00:00,2016-12-21 23:00:00,798.83,832.75,-0.04246210082245283,False,0.001,-0.04346210082245283
2016-12-22 06:00:00,2016-12-22 07:00:00,2016-12-23 06:00:00,855.41,901.7,-0.05411440128125711,False,0.001,-0.05511440128125711
2016-12-23 22:00:00,2016-12-23 23:00:00,2016-12-24 22:00:00,917.32,892.64,0.026904460820651566,False,0.001,0.025904460820651565
2016-12-27 12:00:00,2016-12-27 13:00:00,2016-12-28 12:00:00,928.9,958.99,-0.032393153191947466,False,0.001,-0.03339315319194747
2017-01-01 10:00:00,2017-01-01 11:00:00,2017-01-02 10:00:00,973.98,1020.0,-0.04724943017310412,False,0.001,-0.048249430173104124
2017-01-03 23:00:00,2017-01-04 00:00:00,2017-01-04 23:00:00,1035.51,1114.92,-0.0766868499579918,False,0.001,-0.0776868499579918
2017-01-17 03:00:00,2017-01-17 04:00:00,2017-01-18 03:00:00,847.18,892.64,-0.05366037914020638,False,0.001,-0.05466037914020638
2017-01-21 02:00:00,2017-01-21 03:00:00,2017-01-22 02:00:00,907.05,934.67,-0.030450361060581077,False,0.001,-0.03145036106058108
2017-01-26 15:00:00,2017-01-26 16:00:00,2017-01-27 15:00:00,918.52,923.05,-0.004931846884117963,False,0.001,-0.005931846884117963
2017-01-31 07:00:00,2017-01-31 08:00:00,2017-02-01 07:00:00,934.35,972.57,-0.040905442286081284,False,0.001,-0.041905442286081285
2017-02-02 16:00:00,2017-02-02 17:00:00,2017-02-03 16:00:00,1004.99,1012.99,-0.007960278211723404,False,0.001,-0.008960278211723405
2017-02-04 17:00:00,2017-02-04 18:00:00,2017-02-05 17:00:00,1039.08,1010.89,0.027129768641490526,False,0.001,0.026129768641490525
2017-02-14 08:00:00,2017-02-14 09:00:00,2017-02-15 08:00:00,1014.0,1007.17,0.006735700197238681,False,0.001,0.005735700197238681
2017-02-16 02:00:00,2017-02-16 03:00:00,2017-02-17 02:00:00,1026.39,1036.31,-0.0096649421759758,False,0.001,-0.0106649421759758
2017-02-17 13:00:00,2017-02-17 14:00:00,2017-02-18 13:00:00,1053.0,1060.4,-0.007027540360873719,False,0.001,-0.00802754036087372
2017-02-20 23:00:00,2017-02-21 00:00:00,2017-02-21 23:00:00,1084.0,1124.62,-0.03747232472324713,False,0.001,-0.03847232472324713
2017-02-23 22:00:00,2017-02-23 23:00:00,2017-02-24 22:00:00,1182.06,1179.89,0.0018357782176876558,False,0.001,0.0008357782176876558
2017-02-28 02:00:00,2017-02-28 03:00:00,2017-03-01 02:00:00,1205.0,1194.29,0.008887966804979275,False,0.001,0.007887966804979274
2017-03-01 11:00:00,2017-03-01 12:00:00,2017-03-02 11:00:00,1202.23,1234.0,-0.026425891884248376,False,0.001,-0.027425891884248377
2017-03-02 15:00:00,2017-03-02 16:00:00,2017-03-03 15:00:00,1253.0,1273.92,-0.016695929768555606,False,0.001,-0.017695929768555607
2017-03-10 13:00:00,2017-03-10 14:00:00,2017-03-11 13:00:00,1273.0,1196.79,0.059866457187745525,False,0.001,0.058866457187745524
2017-03-12 14:00:00,2017-03-12 15:00:00,2017-03-13 14:00:00,1204.35,1228.87,-0.020359530036949458,False,0.001,-0.02135953003694946
2017-03-31 14:00:00,2017-03-31 15:00:00,2017-04-01 14:00:00,1055.0,1075.21,-0.019156398104265504,False,0.001,-0.020156398104265505
2017-04-03 00:00:00,2017-04-03 01:00:00,2017-04-04 00:00:00,1106.41,1149.11,-0.03859328820238406,False,0.001,-0.03959328820238406
2017-04-09 16:00:00,2017-04-09 17:00:00,2017-04-10 16:00:00,1208.55,1211.01,-0.0020354970832816566,False,0.001,-0.0030354970832816566
2017-04-17 15:00:00,2017-04-17 16:00:00,2017-04-18 15:00:00,1187.65,1202.25,-0.012293184018860703,False,0.001,-0.013293184018860704
2017-04-20 16:00:00,2017-04-20 17:00:00,2017-04-21 16:00:00,1236.89,1238.07,-0.0009540056108463535,False,0.001,-0.0019540056108463535
2017-04-25 10:00:00,2017-04-25 11:00:00,2017-04-26 10:00:00,1266.3,1283.65,-0.013701334596857073,False,0.001,-0.014701334596857074
2017-04-26 14:00:00,2017-04-26 15:00:00,2017-04-27 14:00:00,1300.59,1325.0,-0.018768405108450903,False,0.001,-0.019768405108450904
2017-04-28 02:00:00,2017-04-28 03:00:00,2017-04-29 02:00:00,1342.9,1326.08,0.012525132176632758,False,0.001,0.011525132176632757
2017-05-01 14:00:00,2017-05-01 15:00:00,2017-05-02 14:00:00,1385.74,1446.38,-0.043760012700795325,False,0.001,-0.044760012700795326
2017-05-11 05:00:00,2017-05-11 06:00:00,2017-05-12 05:00:00,1822.92,1768.54,0.029831259737125082,False,0.001,0.02883125973712508
2017-05-22 05:00:00,2017-05-22 06:00:00,2017-05-23 05:00:00,2098.0,2188.44,-0.043107721639656926,False,0.001,-0.04410772163965693
2017-05-24 11:00:00,2017-05-24 12:00:00,2017-05-25 11:00:00,2383.36,2709.66,-0.13690755907626206,False,0.001,-0.13790755907626207
2017-05-31 15:00:00,2017-05-31 16:00:00,2017-06-01 15:00:00,2299.01,2402.65,-0.04508027368302003,False,0.001,-0.046080273683020034
2017-06-05 21:00:00,2017-06-05 22:00:00,2017-06-06 21:00:00,2665.97,2855.9,-0.07124236206709011,False,0.001,-0.07224236206709012
2017-06-11 15:00:00,2017-06-11 16:00:00,2017-06-12 15:00:00,2943.92,2775.99,0.057042990298649565,False,0.001,0.056042990298649564
2017-06-20 18:00:00,2017-06-20 19:00:00,2017-06-21 18:00:00,2761.82,2702.93,0.021322895771628936,False,0.001,0.020322895771628935
2017-07-03 13:00:00,2017-07-03 14:00:00,2017-07-04 13:00:00,2576.23,2617.86,-0.016159271493616734,False,0.001,-0.017159271493616735
2017-07-20 11:00:00,2017-07-20 12:00:00,2017-07-21 11:00:00,2461.92,2757.99,-0.12025979723142899,False,0.001,-0.12125979723142899
2017-07-27 21:00:00,2017-07-27 22:00:00,2017-07-28 21:00:00,2650.0,2774.01,-0.04679622641509451,False,0.001,-0.04779622641509451
2017-08-04 08:00:00,2017-08-04 09:00:00,2017-08-05 08:00:00,2840.0,3171.8,-0.11683098591549301,False,0.001,-0.11783098591549301
2017-08-07 11:00:00,2017-08-07 12:00:00,2017-08-08 11:00:00,3354.27,3440.2,-0.02561809275937832,False,0.001,-0.02661809275937832
2017-08-11 05:00:00,2017-08-11 06:00:00,2017-08-12 05:00:00,3470.19,3715.0,-0.07054656949619464,False,0.001,-0.07154656949619465
2017-08-16 15:00:00,2017-08-16 16:00:00,2017-08-17 15:00:00,4308.63,4350.0,-0.00960165992438422,False,0.001,-0.010601659924384221
2017-08-24 22:00:00,2017-08-24 23:00:00,2017-08-25 22:00:00,4314.16,4369.0,-0.012711628683219844,False,0.001,-0.013711628683219845
2017-08-29 13:00:00,2017-08-29 14:00:00,2017-08-30 13:00:00,4609.31,4566.64,0.009257350883320914,False,0.001,0.008257350883320913
2017-08-31 10:00:00,2017-08-31 11:00:00,2017-09-01 10:00:00,4647.83,4799.95,-0.03272925214562483,False,0.001,-0.03372925214562483
2017-09-15 14:00:00,2017-09-15 15:00:00,2017-09-16 14:00:00,3641.51,3570.0,0.019637458087441773,False,0.001,0.01863745808744177
2017-09-25 14:00:00,2017-09-25 15:00:00,2017-09-26 14:00:00,3939.95,3936.03,0.0009949364839654251,False,0.001,-5.0635160345749095e-06
2017-09-27 10:00:00,2017-09-27 11:00:00,2017-09-28 10:00:00,4056.27,4158.12,-0.0251092752701374,False,0.001,-0.0261092752701374
2017-10-05 12:00:00,2017-10-05 13:00:00,2017-10-06 12:00:00,4315.74,4385.69,-0.01620811262958366,False,0.001,-0.01720811262958366
2017-10-07 22:00:00,2017-10-07 23:00:00,2017-10-08 22:00:00,4448.98,4611.99,-0.03663985902386613,False,0.001,-0.03763985902386613
2017-10-09 14:00:00,2017-10-09 15:00:00,2017-10-10 14:00:00,4664.97,4789.05,-0.02659824178933623,False,0.001,-0.02759824178933623
2017-10-12 07:00:00,2017-10-12 08:00:00,2017-10-13 07:00:00,5018.23,5616.41,-0.11920139172576794,False,0.001,-0.12020139172576794
2017-10-20 14:00:00,2017-10-20 15:00:00,2017-10-21 14:00:00,5906.01,6121.83,-0.03654243727999096,False,0.001,-0.03754243727999096
2017-10-26 11:00:00,2017-10-26 12:00:00,2017-10-27 11:00:00,5898.0,5839.17,0.009974567650050892,False,0.001,0.00897456765005089
2017-10-29 15:00:00,2017-10-29 16:00:00,2017-10-30 15:00:00,5980.12,6081.09,-0.01688427656970104,False,0.001,-0.01788427656970104
2017-10-31 13:00:00,2017-10-31 14:00:00,2017-11-01 13:00:00,6343.99,6500.8,-0.02471788259439256,False,0.001,-0.02571788259439256
2017-11-01 23:00:00,2017-11-02 00:00:00,2017-11-02 23:00:00,6745.04,7030.0,-0.04224734026781163,False,0.001,-0.04324734026781163
2017-11-08 01:00:00,2017-11-08 02:00:00,2017-11-09 01:00:00,7305.99,7410.01,-0.014237632408475864,False,0.001,-0.015237632408475865
2017-11-16 17:00:00,2017-11-16 18:00:00,2017-11-17 17:00:00,7694.65,7825.0,-0.01694034166596281,False,0.001,-0.01794034166596281
2017-11-19 17:00:00,2017-11-19 18:00:00,2017-11-20 17:00:00,7960.4,8216.36,-0.03215416310738162,False,0.001,-0.03315416310738162
2017-11-25 12:00:00,2017-11-25 13:00:00,2017-11-26 12:00:00,8599.99,8902.55,-0.035181436257484044,False,0.001,-0.036181436257484045
2017-12-03 11:00:00,2017-12-03 12:00:00,2017-12-04 11:00:00,11585.4,11141.2,0.038341360678094794,False,0.001,0.03734136067809479
2017-12-06 22:00:00,2017-12-06 23:00:00,2017-12-07 22:00:00,13700.0,16450.0,-0.2007299270072993,False,0.001,-0.2017299270072993
2017-12-15 02:00:00,2017-12-15 03:00:00,2017-12-16 02:00:00,17245.6,17413.3,-0.009724219511063836,False,0.001,-0.010724219511063837
2017-12-31 16:00:00,2017-12-31 17:00:00,2018-01-01 16:00:00,14036.4,13051.4,0.0701746886666097,False,0.001,0.0691746886666097
2018-01-02 18:00:00,2018-01-02 19:00:00,2018-01-03 18:00:00,14596.7,14834.3,-0.016277651798008996,False,0.001,-0.017277651798008997
2018-01-15 12:00:00,2018-01-15 13:00:00,2018-01-16 12:00:00,14182.9,12191.0,0.1404437738403288,False,0.001,0.1394437738403288
2018-01-27 15:00:00,2018-01-27 16:00:00,2018-01-28 15:00:00,11501.0,11583.6,-0.007181984175289147,False,0.001,-0.008181984175289148
2018-02-14 12:00:00,2018-02-14 13:00:00,2018-02-15 12:00:00,9157.17,9744.0,-0.06408420942278026,False,0.001,-0.06508420942278026
2018-02-26 13:00:00,2018-02-26 14:00:00,2018-02-27 13:00:00,10127.0,10850.0,-0.0713933050261677,False,0.001,-0.0723933050261677
2018-03-05 18:00:00,2018-03-05 19:00:00,2018-03-06 18:00:00,11670.0,10712.4,0.08205655526992295,False,0.001,0.08105655526992295
2018-03-11 17:00:00,2018-03-11 18:00:00,2018-03-12 17:00:00,9648.0,9181.29,0.048373756218905384,False,0.001,0.04737375621890538
2018-03-16 13:00:00,2018-03-16 14:00:00,2018-03-17 13:00:00,8480.43,8017.05,0.05464109720851418,False,0.001,0.05364109720851418
2018-03-18 21:00:00,2018-03-18 22:00:00,2018-03-19 21:00:00,8250.0,8387.25,-0.01663636363636356,False,0.001,-0.01763636363636356
2018-03-20 16:00:00,2018-03-20 17:00:00,2018-03-21 16:00:00,8830.25,8876.84,-0.005276181308569994,False,0.001,-0.006276181308569994
2018-04-03 04:00:00,2018-04-03 05:00:00,2018-04-04 04:00:00,7363.8,7313.32,0.0068551563051686415,False,0.001,0.0058551563051686415
2018-04-07 15:00:00,2018-04-07 16:00:00,2018-04-08 15:00:00,7004.3,7045.91,-0.005940636466170712,False,0.001,-0.006940636466170712
2018-04-11 13:00:00,2018-04-11 14:00:00,2018-04-12 13:00:00,6935.99,7693.76,-0.1092518876180617,False,0.001,-0.1102518876180617
2018-04-13 07:00:00,2018-04-13 08:00:00,2018-04-14 07:00:00,8094.98,8142.98,-0.0059296008143319145,False,0.001,-0.006929600814331915
2018-04-15 11:00:00,2018-04-15 12:00:00,2018-04-16 11:00:00,8329.01,8097.05,0.027849648397588633,False,0.001,0.026849648397588632
2018-04-20 10:00:00,2018-04-20 11:00:00,2018-04-21 10:00:00,8484.42,8710.75,-0.026675954278548186,False,0.001,-0.027675954278548187
2018-04-24 00:00:00,2018-04-24 01:00:00,2018-04-25 00:00:00,9174.76,9567.81,-0.04284035767693095,False,0.001,-0.04384035767693095
2018-04-28 12:00:00,2018-04-28 13:00:00,2018-04-29 12:00:00,9360.2,9242.84,0.012538193628341299,False,0.001,0.011538193628341298
2018-05-03 12:00:00,2018-05-03 13:00:00,2018-05-04 12:00:00,9314.62,9670.0,-0.03815292518642721,False,0.001,-0.03915292518642721
2018-05-19 11:00:00,2018-05-19 12:00:00,2018-05-20 11:00:00,8365.06,8336.91,0.0033651880560330305,False,0.001,0.0023651880560330305
2018-05-20 16:00:00,2018-05-20 17:00:00,2018-05-21 16:00:00,8489.1,8400.96,0.010382726084037341,False,0.001,0.00938272608403734
2018-05-29 11:00:00,2018-05-29 12:00:00,2018-05-30 11:00:00,7395.22,7501.71,-0.014399842060141443,False,0.001,-0.015399842060141444
2018-06-02 06:00:00,2018-06-02 07:00:00,2018-06-03 06:00:00,7652.09,7723.65,-0.00935169345891107,False,0.001,-0.010351693458911071
2018-06-03 06:00:00,2018-06-03 07:00:00,2018-06-04 06:00:00,7722.13,7577.5,0.018729288421717838,False,0.001,0.017729288421717837
2018-06-05 15:00:00,2018-06-05 16:00:00,2018-06-06 15:00:00,7570.99,7651.28,-0.010604953909594483,False,0.001,-0.011604953909594484
2018-06-18 16:00:00,2018-06-18 17:00:00,2018-06-19 16:00:00,6650.23,6714.91,-0.0097259794022162,False,0.001,-0.010725979402216201
2018-06-23 21:00:00,2018-06-23 22:00:00,2018-06-24 21:00:00,6231.6,6165.96,0.010533410360100137,False,0.001,0.009533410360100136
2018-06-25 14:00:00,2018-06-25 15:00:00,2018-06-26 14:00:00,6290.99,6184.09,0.016992556020594463,False,0.001,0.01599255602059446
2018-06-29 22:00:00,2018-06-29 23:00:00,2018-06-30 22:00:00,6249.0,6336.48,-0.013999039846375405,False,0.001,-0.014999039846375406
2018-07-02 13:00:00,2018-07-02 14:00:00,2018-07-03 13:00:00,6597.37,6562.97,0.005214198991416175,False,0.001,0.004214198991416175
2018-07-04 13:00:00,2018-07-04 14:00:00,2018-07-05 13:00:00,6716.99,6601.44,0.0172026458279676,False,0.001,0.0162026458279676
2018-07-07 23:00:00,2018-07-08 00:00:00,2018-07-08 23:00:00,6755.46,6706.6,0.0072326680936605214,False,0.001,0.006232668093660521
2018-07-16 09:00:00,2018-07-16 10:00:00,2018-07-17 09:00:00,6516.03,6702.3,-0.028586424556056533,False,0.001,-0.029586424556056534
2018-07-17 17:00:00,2018-07-17 18:00:00,2018-07-18 17:00:00,7186.99,7500.86,-0.043671968376190806,False,0.001,-0.04467196837619081
2018-07-23 02:00:00,2018-07-23 03:00:00,2018-07-24 02:00:00,7637.22,7729.3,-0.012056743160469452,False,0.001,-0.013056743160469453
2018-07-24 05:00:00,2018-07-24 06:00:00,2018-07-25 05:00:00,7967.8,8427.36,-0.057677150530886845,False,0.001,-0.058677150530886846
2018-08-11 17:00:00,2018-08-11 18:00:00,2018-08-12 17:00:00,6454.49,6299.93,0.023946121227238604,False,0.001,0.022946121227238603
2018-08-15 16:00:00,2018-08-15 17:00:00,2018-08-16 16:00:00,6592.6,6397.31,0.029622607165609938,False,0.001,0.028622607165609937
2018-08-19 20:00:00,2018-08-19 21:00:00,2018-08-20 20:00:00,6539.99,6455.82,0.012870050260015753,False,0.001,0.011870050260015752
2018-08-22 01:00:00,2018-08-22 02:00:00,2018-08-23 01:00:00,6804.45,6416.14,0.057067066405073086,False,0.001,0.056067066405073085
2018-08-23 22:00:00,2018-08-23 23:00:00,2018-08-24 22:00:00,6506.57,6685.68,-0.027527560604127865,False,0.001,-0.028527560604127866
2018-08-27 23:00:00,2018-08-28 00:00:00,2018-08-28 23:00:00,6911.7,7080.94,-0.02448601646483506,False,0.001,-0.02548601646483506
2018-09-01 15:00:00,2018-09-01 16:00:00,2018-09-02 15:00:00,7165.97,7217.49,-0.0071895360990905655,False,0.001,-0.008189536099090566
2018-09-04 12:00:00,2018-09-04 13:00:00,2018-09-05 12:00:00,7359.99,6981.87,0.05137506980308393,False,0.001,0.05037506980308393
2018-09-13 00:00:00,2018-09-13 01:00:00,2018-09-14 00:00:00,6407.55,6456.1,-0.007576999008981566,False,0.001,-0.008576999008981567
2018-09-19 19:00:00,2018-09-19 20:00:00,2018-09-20 19:00:00,6410.55,6418.59,-0.0012541825584388988,False,0.001,-0.002254182558438899
2018-09-21 07:00:00,2018-09-21 08:00:00,2018-09-22 07:00:00,6645.86,6713.38,-0.010159708450072635,False,0.001,-0.011159708450072636
2018-09-23 09:00:00,2018-09-23 10:00:00,2018-09-24 09:00:00,6760.56,6588.81,0.025404700202350083,False,0.001,0.024404700202350083
2018-09-27 19:00:00,2018-09-27 20:00:00,2018-09-28 19:00:00,6656.1,6670.0,-0.0020883099713044917,False,0.001,-0.0030883099713044917
2018-09-30 10:00:00,2018-09-30 11:00:00,2018-10-01 10:00:00,6621.05,6550.33,0.010681085326345596,False,0.001,0.009681085326345595
2018-10-04 01:00:00,2018-10-04 02:00:00,2018-10-05 01:00:00,6555.01,6568.52,-0.0020610189763250464,False,0.001,-0.0030610189763250464
2018-10-07 23:00:00,2018-10-08 00:00:00,2018-10-08 23:00:00,6574.15,6604.75,-0.004654594130039769,False,0.001,-0.005654594130039769
2018-10-14 04:00:00,2018-10-14 05:00:00,2018-10-15 04:00:00,6261.21,6209.3,0.008290729747125525,False,0.001,0.007290729747125525
2018-10-15 05:00:00,2018-10-15 06:00:00,2018-10-16 05:00:00,6359.46,6474.62,-0.018108455749387575,False,0.001,-0.019108455749387576
2018-10-18 03:00:00,2018-10-18 04:00:00,2018-10-19 03:00:00,6459.38,6391.05,0.010578414646606915,False,0.001,0.009578414646606914
2018-10-20 06:00:00,2018-10-20 07:00:00,2018-10-21 06:00:00,6409.1,6425.23,-0.002516734018816802,False,0.001,-0.003516734018816802
2018-10-24 04:00:00,2018-10-24 05:00:00,2018-10-25 04:00:00,6454.1,6394.48,0.009237538928743128,False,0.001,0.008237538928743127
2018-10-26 08:00:00,2018-10-26 09:00:00,2018-10-27 08:00:00,6430.42,6409.91,0.0031895272781560235,False,0.001,0.0021895272781560235
2018-10-31 15:00:00,2018-10-31 16:00:00,2018-11-01 15:00:00,6330.53,6307.36,0.0036600411024038104,False,0.001,0.0026600411024038104
2018-11-01 19:00:00,2018-11-01 20:00:00,2018-11-02 19:00:00,6320.6,6355.74,-0.005559598772268304,False,0.001,-0.006559598772268304
2018-11-04 15:00:00,2018-11-04 16:00:00,2018-11-05 15:00:00,6430.89,6411.74,0.002977814890318564,False,0.001,0.001977814890318564
2018-11-07 00:00:00,2018-11-07 01:00:00,2018-11-08 00:00:00,6504.5,6499.16,0.0008209700976247181,False,0.001,-0.00017902990237528196
2018-11-28 04:00:00,2018-11-28 05:00:00,2018-11-29 04:00:00,4035.0,4149.48,-0.028371747211895837,False,0.001,-0.029371747211895838
2018-12-17 12:00:00,2018-12-17 13:00:00,2018-12-18 12:00:00,3386.06,3474.32,-0.026065692870179458,False,0.001,-0.02706569287017946
2018-12-18 23:00:00,2018-12-19 00:00:00,2018-12-19 23:00:00,3667.16,3684.5,-0.004728454717001673,False,0.001,-0.005728454717001673
2018-12-20 08:00:00,2018-12-20 09:00:00,2018-12-21 08:00:00,3969.5,4034.18,-0.01629424360750731,False,0.001,-0.01729424360750731
2018-12-22 23:00:00,2018-12-23 00:00:00,2018-12-23 23:00:00,3977.65,3943.83,0.008502507762120914,False,0.001,0.007502507762120914
2018-12-24 00:00:00,2018-12-24 01:00:00,2018-12-25 00:00:00,4182.67,3822.05,0.08621765522979341,False,0.001,0.08521765522979341
2018-12-28 15:00:00,2018-12-28 16:00:00,2018-12-29 15:00:00,3826.19,3871.22,-0.011768887587913834,False,0.001,-0.012768887587913835
2019-01-01 23:00:00,2019-01-02 00:00:00,2019-01-02 23:00:00,3825.41,3885.87,-0.015804841833947147,False,0.001,-0.01680484183394715
2019-01-06 17:00:00,2019-01-06 18:00:00,2019-01-07 17:00:00,4061.47,4014.08,0.01166818910394507,False,0.001,0.01066818910394507
2019-01-14 15:00:00,2019-01-14 16:00:00,2019-01-15 15:00:00,3668.54,3632.47,0.009832249341700017,False,0.001,0.008832249341700016
2019-01-19 10:00:00,2019-01-19 11:00:00,2019-01-20 10:00:00,3727.69,3692.63,0.009405288529893863,False,0.001,0.008405288529893862
2019-01-26 07:00:00,2019-01-26 08:00:00,2019-01-27 07:00:00,3619.24,3548.68,0.019495805749273343,False,0.001,0.018495805749273342
2019-01-30 12:00:00,2019-01-30 13:00:00,2019-01-31 12:00:00,3441.94,3413.65,0.008219201961684353,False,0.001,0.0072192019616843526
2019-02-02 23:00:00,2019-02-03 00:00:00,2019-02-03 23:00:00,3470.5,3414.82,0.016043797723670927,False,0.001,0.015043797723670926
2019-02-08 15:00:00,2019-02-08 16:00:00,2019-02-09 15:00:00,3451.74,3604.94,-0.04438341242387911,False,0.001,-0.04538341242387911
2019-02-10 23:00:00,2019-02-11 00:00:00,2019-02-11 23:00:00,3651.32,3588.7,0.017149962205449065,False,0.001,0.016149962205449064
2019-02-18 13:00:00,2019-02-18 14:00:00,2019-02-19 13:00:00,3796.5,3954.06,-0.04150138285262739,False,0.001,-0.04250138285262739
2019-02-23 16:00:00,2019-02-23 17:00:00,2019-02-24 16:00:00,3952.97,3757.42,0.04946913333518843,False,0.001,0.04846913333518843
2019-02-28 15:00:00,2019-02-28 16:00:00,2019-03-01 15:00:00,3843.6,3813.32,0.007878031012592324,False,0.001,0.006878031012592324
2019-03-05 13:00:00,2019-03-05 14:00:00,2019-03-06 13:00:00,3837.17,3839.25,-0.0005420661581321262,False,0.001,-0.0015420661581321262
2019-03-08 06:00:00,2019-03-08 07:00:00,2019-03-09 06:00:00,3887.47,3889.21,-0.00044759187852250193,False,0.001,-0.001447591878522502
2019-03-15 15:00:00,2019-03-15 16:00:00,2019-03-16 15:00:00,3900.44,3976.38,-0.019469598301730118,False,0.001,-0.02046959830173012
2019-03-18 01:00:00,2019-03-18 02:00:00,2019-03-19 01:00:00,3999.41,3973.57,0.006460952990566038,False,0.001,0.005460952990566038
2019-03-20 22:00:00,2019-03-20 23:00:00,2019-03-21 22:00:00,4031.9,3978.31,0.01329150028522541,False,0.001,0.01229150028522541
2019-03-27 01:00:00,2019-03-27 02:00:00,2019-03-28 01:00:00,3967.6,4013.73,-0.011626676076217368,False,0.001,-0.012626676076217369
2019-03-29 09:00:00,2019-03-29 10:00:00,2019-03-30 09:00:00,4068.89,4075.64,-0.0016589290936839252,False,0.001,-0.002658929093683925
2019-04-01 00:00:00,2019-04-01 01:00:00,2019-04-02 00:00:00,4109.75,4146.12,-0.008849686720603378,False,0.001,-0.009849686720603379
2019-04-02 04:00:00,2019-04-02 05:00:00,2019-04-03 04:00:00,4666.46,4918.45,-0.05400024858243713,False,0.001,-0.05500024858243713
2019-04-03 16:00:00,2019-04-03 17:00:00,2019-04-04 16:00:00,5133.79,4938.01,0.038135568459169544,False,0.001,0.03713556845916954
2019-04-06 15:00:00,2019-04-06 16:00:00,2019-04-07 15:00:00,5119.94,5115.88,0.0007929780427113897,False,0.001,-0.0002070219572886103
2019-04-07 22:00:00,2019-04-07 23:00:00,2019-04-08 22:00:00,5185.66,5268.52,-0.015978679666619255,False,0.001,-0.016978679666619256
2019-04-10 18:00:00,2019-04-10 19:00:00,2019-04-11 18:00:00,5402.64,5077.44,0.060192794633734725,False,0.001,0.059192794633734724
2019-04-14 22:00:00,2019-04-14 23:00:00,2019-04-15 22:00:00,5159.04,5043.62,0.022372379357399885,False,0.001,0.021372379357399884
2019-04-16 17:00:00,2019-04-16 18:00:00,2019-04-17 17:00:00,5208.03,5226.68,-0.0035810085579384143,False,0.001,-0.004581008557938414
2019-04-23 04:00:00,2019-04-23 05:00:00,2019-04-24 04:00:00,5515.84,5592.5,-0.013898155131403245,False,0.001,-0.014898155131403246
2019-04-30 13:00:00,2019-04-30 14:00:00,2019-05-01 13:00:00,5253.94,5288.93,-0.006659763910513039,False,0.001,-0.007659763910513039
2019-05-01 17:00:00,2019-05-01 18:00:00,2019-05-02 17:00:00,5351.48,5395.27,-0.008182783080568523,False,0.001,-0.009182783080568524
2019-05-03 06:00:00,2019-05-03 07:00:00,2019-05-04 06:00:00,5518.64,5733.66,-0.03896249800675511,False,0.001,-0.03996249800675511
2019-05-07 02:00:00,2019-05-07 03:00:00,2019-05-08 02:00:00,5918.86,5788.85,0.02196537846815083,False,0.001,0.02096537846815083
2019-05-09 00:00:00,2019-05-09 01:00:00,2019-05-10 00:00:00,6012.88,6111.96,-0.016477960644483147,False,0.001,-0.017477960644483148
2019-05-10 02:00:00,2019-05-10 03:00:00,2019-05-11 02:00:00,6222.58,6518.48,-0.047552622867042205,False,0.001,-0.048552622867042206
2019-05-11 04:00:00,2019-05-11 05:00:00,2019-05-12 04:00:00,6694.77,7194.86,-0.0746986080179004,False,0.001,-0.0756986080179004
2019-05-13 15:00:00,2019-05-13 16:00:00,2019-05-14 15:00:00,7828.6,7941.49,-0.014420202845975005,False,0.001,-0.015420202845975006
2019-05-19 01:00:00,2019-05-19 02:00:00,2019-05-20 01:00:00,7607.6,7977.34,-0.04860139860139867,False,0.001,-0.04960139860139867
2019-05-26 19:00:00,2019-05-26 20:00:00,2019-05-27 19:00:00,8585.77,8808.53,-0.025945255929287647,False,0.001,-0.026945255929287648
2019-05-30 15:00:00,2019-05-30 16:00:00,2019-05-31 15:00:00,8937.02,8343.52,0.06640916099549965,False,0.001,0.06540916099549965
2019-06-02 07:00:00,2019-06-02 08:00:00,2019-06-03 07:00:00,8706.27,8462.32,0.02802003613487758,False,0.001,0.02702003613487758
2019-06-07 06:00:00,2019-06-07 07:00:00,2019-06-08 06:00:00,7934.0,7915.25,0.0023632467859843187,False,0.001,0.0013632467859843187
2019-06-10 11:00:00,2019-06-10 12:00:00,2019-06-11 11:00:00,7941.59,7794.0,0.018584439639920958,False,0.001,0.017584439639920957
2019-06-12 02:00:00,2019-06-12 03:00:00,2019-06-13 02:00:00,8035.92,8098.08,-0.0077352686437892615,False,0.001,-0.008735268643789262
2019-06-13 18:00:00,2019-06-13 19:00:00,2019-06-14 18:00:00,8278.92,8421.88,-0.017267952824764565,False,0.001,-0.018267952824764566
2019-06-14 21:00:00,2019-06-14 22:00:00,2019-06-15 21:00:00,8620.52,8826.05,-0.023841949209560287,False,0.001,-0.024841949209560288
2019-06-16 01:00:00,2019-06-16 02:00:00,2019-06-17 01:00:00,8961.01,9143.28,-0.020340341099942982,False,0.001,-0.021340341099942983
2019-06-20 19:00:00,2019-06-20 20:00:00,2019-06-21 19:00:00,9546.09,9906.8,-0.037786151188601735,False,0.001,-0.038786151188601736
2019-06-21 23:00:00,2019-06-22 00:00:00,2019-06-22 23:00:00,10222.1,10661.3,-0.042965731112002414,False,0.001,-0.043965731112002415
2019-06-26 00:00:00,2019-06-26 01:00:00,2019-06-27 00:00:00,11921.8,13097.1,-0.09858410642688198,False,0.001,-0.09958410642688198
2019-07-03 22:00:00,2019-07-03 23:00:00,2019-07-04 22:00:00,11922.6,11621.2,0.025279720866253963,False,0.001,0.024279720866253962
2019-07-06 00:00:00,2019-07-06 01:00:00,2019-07-07 00:00:00,11465.0,11194.2,0.023619712167466167,False,0.001,0.022619712167466166
2019-07-08 08:00:00,2019-07-08 09:00:00,2019-07-09 08:00:00,11790.0,12574.3,-0.06652247667514843,False,0.001,-0.06752247667514844
2019-07-15 18:00:00,2019-07-15 19:00:00,2019-07-16 18:00:00,10920.7,9590.32,0.12182186123600147,False,0.001,0.12082186123600147
2019-07-18 14:00:00,2019-07-18 15:00:00,2019-07-19 14:00:00,10310.0,10325.9,-0.0015421920465568117,False,0.001,-0.0025421920465568118
2019-07-20 16:00:00,2019-07-20 17:00:00,2019-07-21 16:00:00,10826.7,10384.9,0.040806524610453865,False,0.001,0.039806524610453864
2019-07-25 00:00:00,2019-07-25 01:00:00,2019-07-26 00:00:00,10113.9,9727.4,0.038214734177715814,False,0.001,0.037214734177715814
2019-07-27 00:00:00,2019-07-27 01:00:00,2019-07-28 00:00:00,10164.8,9408.86,0.07436840862584593,False,0.001,0.07336840862584593
2019-07-29 01:00:00,2019-07-29 02:00:00,2019-07-30 01:00:00,9651.01,9469.57,0.018800104859491462,False,0.001,0.01780010485949146
2019-07-30 15:00:00,2019-07-30 16:00:00,2019-07-31 15:00:00,9708.0,10052.8,-0.035517099299546606,False,0.001,-0.03651709929954661
2019-08-01 19:00:00,2019-08-01 20:00:00,2019-08-02 19:00:00,10290.0,10472.0,-0.017687074829932037,False,0.001,-0.018687074829932038
2019-08-03 02:00:00,2019-08-03 03:00:00,2019-08-04 02:00:00,10782.7,10842.6,-0.005555194895527027,False,0.001,-0.006555194895527027
2019-08-04 15:00:00,2019-08-04 16:00:00,2019-08-05 15:00:00,10970.8,11773.2,-0.07313960695664878,False,0.001,-0.07413960695664878
2019-08-06 06:00:00,2019-08-06 07:00:00,2019-08-07 06:00:00,12140.0,11612.0,0.04349258649093901,False,0.001,0.04249258649093901
2019-08-07 13:00:00,2019-08-07 14:00:00,2019-08-08 13:00:00,12024.3,11671.4,0.029348901807173755,False,0.001,0.028348901807173754
2019-08-11 21:00:00,2019-08-11 22:00:00,2019-08-12 21:00:00,11505.0,11389.5,0.010039113428943924,False,0.001,0.009039113428943923
2019-08-19 07:00:00,2019-08-19 08:00:00,2019-08-20 07:00:00,10736.1,10818.0,-0.007628468438259706,False,0.001,-0.008628468438259707
2019-08-23 13:00:00,2019-08-23 14:00:00,2019-08-24 13:00:00,10371.9,9996.5,0.03619394710708734,False,0.001,0.03519394710708734
2019-08-25 12:00:00,2019-08-25 13:00:00,2019-08-26 12:00:00,10327.6,10357.4,-0.0028854719392694683,False,0.001,-0.0038854719392694683
2019-09-01 21:00:00,2019-09-01 22:00:00,2019-09-02 21:00:00,9705.44,10388.6,-0.0703893898679504,False,0.001,-0.0713893898679504
2019-09-03 12:00:00,2019-09-03 13:00:00,2019-09-04 12:00:00,10580.5,10487.6,0.008780303388308597,False,0.001,0.007780303388308597
2019-09-06 11:00:00,2019-09-06 12:00:00,2019-09-07 11:00:00,10875.0,10435.9,0.04037701149425288,False,0.001,0.03937701149425288
2019-09-12 13:00:00,2019-09-12 14:00:00,2019-09-13 13:00:00,10340.3,10329.0,0.0010928116205525251,False,0.001,9.28116205525251e-05
2019-09-19 20:00:00,2019-09-19 21:00:00,2019-09-20 20:00:00,10258.4,10139.2,0.011619745769320677,False,0.001,0.010619745769320676
2019-09-27 21:00:00,2019-09-27 22:00:00,2019-09-28 21:00:00,8245.56,8132.02,0.01376983491721595,False,0.001,0.01276983491721595
2019-10-07 12:00:00,2019-10-07 13:00:00,2019-10-08 12:00:00,8131.2,8233.85,-0.012624212908303845,False,0.001,-0.013624212908303845
2019-10-09 14:00:00,2019-10-09 15:00:00,2019-10-10 14:00:00,8450.01,8509.18,-0.007002358577090417,False,0.001,-0.008002358577090418
2019-10-11 04:00:00,2019-10-11 05:00:00,2019-10-12 04:00:00,8726.81,8325.24,0.04601566895578102,False,0.001,0.04501566895578102
2019-10-12 14:00:00,2019-10-12 15:00:00,2019-10-13 14:00:00,8395.45,8424.44,-0.003453060884169412,False,0.001,-0.004453060884169412
2019-10-19 12:00:00,2019-10-19 13:00:00,2019-10-20 12:00:00,8053.88,7956.11,0.012139490531271946,False,0.001,0.011139490531271945
2019-10-20 17:00:00,2019-10-20 18:00:00,2019-10-21 17:00:00,8150.35,8197.54,-0.005789935401547153,False,0.001,-0.006789935401547153
2019-10-25 10:00:00,2019-10-25 11:00:00,2019-10-26 10:00:00,7597.3,9252.92,-0.21792215655561842,False,0.001,-0.21892215655561842
2019-10-27 16:00:00,2019-10-27 17:00:00,2019-10-28 16:00:00,9712.88,9369.47,0.03535614565401812,False,0.001,0.03435614565401812
2019-10-31 12:00:00,2019-10-31 13:00:00,2019-11-01 12:00:00,9331.84,9204.61,0.013633967149029536,False,0.001,0.012633967149029535
2019-11-02 12:00:00,2019-11-02 13:00:00,2019-11-03 12:00:00,9346.85,9164.79,0.019478219935058272,False,0.001,0.01847821993505827
2019-11-04 20:00:00,2019-11-04 21:00:00,2019-11-05 20:00:00,9475.33,9363.11,0.011843386984938697,False,0.001,0.010843386984938697
2019-11-10 16:00:00,2019-11-10 17:00:00,2019-11-11 16:00:00,9017.3,8715.76,0.03344016501613556,False,0.001,0.03244016501613556
2019-11-17 08:00:00,2019-11-17 09:00:00,2019-11-18 08:00:00,8557.35,8471.55,0.010026468474469419,False,0.001,0.009026468474469418
2019-11-27 12:00:00,2019-11-27 13:00:00,2019-11-28 12:00:00,7232.26,7445.08,-0.029426486326542323,False,0.001,-0.030426486326542324
2019-11-29 13:00:00,2019-11-29 14:00:00,2019-11-30 13:00:00,7749.7,7639.86,0.01417345187555652,False,0.001,0.013173451875556519
2019-12-04 13:00:00,2019-12-04 14:00:00,2019-12-05 13:00:00,7495.46,7388.71,0.014241954463101614,False,0.001,0.013241954463101613
2019-12-06 17:00:00,2019-12-06 18:00:00,2019-12-07 17:00:00,7492.07,7515.09,-0.003072582076782515,False,0.001,-0.004072582076782515
2019-12-18 15:00:00,2019-12-18 16:00:00,2019-12-19 15:00:00,6831.23,7134.33,-0.04436975478793714,False,0.001,-0.045369754787937144
2019-12-22 07:00:00,2019-12-22 08:00:00,2019-12-23 07:00:00,7190.25,7504.74,-0.04373839574423699,False,0.001,-0.04473839574423699
2019-12-26 16:00:00,2019-12-26 17:00:00,2019-12-27 16:00:00,7330.1,7189.53,0.01917709171771198,False,0.001,0.01817709171771198
2019-12-29 19:00:00,2019-12-29 20:00:00,2019-12-30 19:00:00,7466.81,7212.11,0.034110952334397204,False,0.001,0.0331109523343972
2020-01-03 04:00:00,2020-01-03 05:00:00,2020-01-04 04:00:00,7197.79,7325.04,-0.01767903759348366,False,0.001,-0.01867903759348366
2020-01-05 01:00:00,2020-01-05 02:00:00,2020-01-06 01:00:00,7463.03,7417.9,0.0060471417105385505,False,0.001,0.0050471417105385505
2020-01-06 02:00:00,2020-01-06 03:00:00,2020-01-07 02:00:00,7548.73,7900.57,-0.0466091647204232,False,0.001,-0.0476091647204232
2020-01-07 18:00:00,2020-01-07 19:00:00,2020-01-08 18:00:00,8050.0,8051.1,-0.00013664596273299523,False,0.001,-0.0011366459627329953
2020-01-14 00:00:00,2020-01-14 01:00:00,2020-01-15 00:00:00,8274.63,8776.66,-0.060670990727077934,False,0.001,-0.061670990727077935
2020-01-19 01:00:00,2020-01-19 02:00:00,2020-01-20 01:00:00,9145.62,8635.24,0.05580594863989552,False,0.001,0.05480594863989552
2020-01-26 17:00:00,2020-01-26 18:00:00,2020-01-27 17:00:00,8560.72,8752.44,-0.02239531254380478,False,0.001,-0.02339531254380478
2020-01-27 19:00:00,2020-01-27 20:00:00,2020-01-28 19:00:00,8906.39,8986.13,-0.008953122421093251,False,0.001,-0.009953122421093252
2020-01-28 23:00:00,2020-01-29 00:00:00,2020-01-29 23:00:00,9386.57,9289.18,0.010375461963209043,False,0.001,0.009375461963209042
2020-02-03 01:00:00,2020-02-03 02:00:00,2020-02-04 01:00:00,9499.28,9265.29,0.024632393191905022,False,0.001,0.02363239319190502
2020-02-05 10:00:00,2020-02-05 11:00:00,2020-02-06 10:00:00,9371.05,9652.25,-0.03000730974650656,False,0.001,-0.03100730974650656
2020-02-09 03:00:00,2020-02-09 04:00:00,2020-02-10 03:00:00,10054.4,10081.9,-0.0027351209420751754,False,0.001,-0.0037351209420751754
2020-02-11 15:00:00,2020-02-11 16:00:00,2020-02-12 15:00:00,10211.7,10345.4,-0.013092824896931754,False,0.001,-0.014092824896931755
2020-02-18 15:00:00,2020-02-18 16:00:00,2020-02-19 15:00:00,9854.59,10127.7,-0.027713989115731863,False,0.001,-0.028713989115731864
2020-02-23 03:00:00,2020-02-23 04:00:00,2020-02-24 03:00:00,9820.0,9778.86,0.004189409368635433,False,0.001,0.0031894093686354328
2020-03-05 00:00:00,2020-03-05 01:00:00,2020-03-06 00:00:00,8871.4,8999.42,-0.014430642288703055,False,0.001,-0.015430642288703056
2020-03-10 10:00:00,2020-03-10 11:00:00,2020-03-11 10:00:00,8045.32,7842.51,0.02520844416381196,False,0.001,0.02420844416381196
2020-03-15 21:00:00,2020-03-15 22:00:00,2020-03-16 21:00:00,5942.04,4974.71,0.1627942592106415,False,0.001,0.1617942592106415
2020-03-19 12:00:00,2020-03-19 13:00:00,2020-03-20 12:00:00,5881.89,6632.56,-0.12762394400439314,False,0.001,-0.12862394400439314
2020-03-23 12:00:00,2020-03-23 13:00:00,2020-03-24 12:00:00,6339.21,6690.07,-0.055347590630378196,False,0.001,-0.0563475906303782
2020-04-01 22:00:00,2020-04-01 23:00:00,2020-04-02 22:00:00,6545.47,6855.87,-0.04742211025335075,False,0.001,-0.04842211025335075
2020-04-06 04:00:00,2020-04-06 05:00:00,2020-04-07 04:00:00,6947.73,7254.96,-0.04422019853966708,False,0.001,-0.04522019853966708
2020-04-12 14:00:00,2020-04-12 15:00:00,2020-04-13 14:00:00,6982.76,6728.01,0.03648270884292171,False,0.001,0.035482708842921706
2020-04-16 08:00:00,2020-04-16 09:00:00,2020-04-17 08:00:00,7058.29,7072.0,-0.0019423968128258196,False,0.001,-0.0029423968128258196
2020-04-18 13:00:00,2020-04-18 14:00:00,2020-04-19 13:00:00,7251.76,7103.83,0.02039918585281375,False,0.001,0.01939918585281375
2020-04-22 13:00:00,2020-04-22 14:00:00,2020-04-23 13:00:00,7070.37,7251.1,-0.025561604272478,False,0.001,-0.026561604272478
2020-04-23 13:00:00,2020-04-23 14:00:00,2020-04-24 13:00:00,7257.68,7478.18,-0.030381609550159228,False,0.001,-0.03138160955015923
2020-04-29 02:00:00,2020-04-29 03:00:00,2020-04-30 02:00:00,7793.94,8959.38,-0.1495315591344044,False,0.001,-0.1505315591344044
2020-04-30 03:00:00,2020-04-30 04:00:00,2020-05-01 03:00:00,9292.88,8669.7,0.06705994266578263,False,0.001,0.06605994266578263
2020-05-03 00:00:00,2020-05-03 01:00:00,2020-05-04 00:00:00,9136.59,8818.73,0.0347897848103067,False,0.001,0.0337897848103067
2020-05-05 04:00:00,2020-05-05 05:00:00,2020-05-06 04:00:00,9067.69,9008.56,0.006520955171603893,False,0.001,0.005520955171603893
2020-05-06 10:00:00,2020-05-06 11:00:00,2020-05-07 10:00:00,9238.44,9306.71,-0.007389775763007478,False,0.001,-0.008389775763007479
2020-05-07 13:00:00,2020-05-07 14:00:00,2020-05-08 13:00:00,9498.92,9899.0,-0.04211847241581146,False,0.001,-0.04311847241581146
2020-05-13 20:00:00,2020-05-13 21:00:00,2020-05-14 20:00:00,9304.61,9652.83,-0.03742445948836104,False,0.001,-0.03842445948836104
2020-05-17 12:00:00,2020-05-17 13:00:00,2020-05-18 12:00:00,9769.91,9659.0,0.011352202835031244,False,0.001,0.010352202835031243
2020-05-19 08:00:00,2020-05-19 09:00:00,2020-05-20 08:00:00,9803.43,9776.95,0.0027010954329249603,False,0.001,0.0017010954329249603
2020-05-27 10:00:00,2020-05-27 11:00:00,2020-05-28 10:00:00,9124.14,9161.67,-0.00411326437340942,False,0.001,-0.00511326437340942
2020-05-28 12:00:00,2020-05-28 13:00:00,2020-05-29 12:00:00,9432.51,9397.01,0.003763579365407499,False,0.001,0.002763579365407499
2020-05-30 22:00:00,2020-05-30 23:00:00,2020-05-31 22:00:00,9728.11,9456.08,0.02796329400058184,False,0.001,0.02696329400058184
2020-06-01 20:00:00,2020-06-01 21:00:00,2020-06-02 20:00:00,9684.39,9516.19,0.017368156383623434,False,0.001,0.016368156383623433
2020-06-04 13:00:00,2020-06-04 14:00:00,2020-06-05 13:00:00,9766.45,9702.9,0.006506970291149883,False,0.001,0.005506970291149883
2020-06-07 19:00:00,2020-06-07 20:00:00,2020-06-08 19:00:00,9780.62,9695.56,0.008696790183035596,False,0.001,0.0076967901830355965
2020-06-22 16:00:00,2020-06-22 17:00:00,2020-06-23 16:00:00,9593.26,9662.45,-0.007212355341145837,False,0.001,-0.008212355341145838
2020-07-01 13:00:00,2020-07-01 14:00:00,2020-07-02 13:00:00,9215.16,9248.22,-0.003587566575078416,False,0.001,-0.004587566575078416
2020-07-04 17:00:00,2020-07-04 18:00:00,2020-07-05 17:00:00,9173.76,9033.5,0.015289259801869681,False,0.001,0.01428925980186968
2020-07-06 06:00:00,2020-07-06 07:00:00,2020-07-07 06:00:00,9230.11,9273.14,-0.004661916271853528,False,0.001,-0.005661916271853528
2020-07-08 13:00:00,2020-07-08 14:00:00,2020-07-09 13:00:00,9441.99,9396.47,0.004821017603280686,False,0.001,0.003821017603280686
2020-07-10 23:00:00,2020-07-11 00:00:00,2020-07-11 23:00:00,9291.0,9238.3,0.005672155849747118,False,0.001,0.004672155849747118
2020-07-19 23:00:00,2020-07-20 00:00:00,2020-07-20 23:00:00,9213.15,9162.43,0.005505174668815727,False,0.001,0.004505174668815727
2020-07-21 07:00:00,2020-07-21 08:00:00,2020-07-22 07:00:00,9318.32,9302.09,0.0017417302689755054,False,0.001,0.0007417302689755054
2020-07-22 22:00:00,2020-07-22 23:00:00,2020-07-23 22:00:00,9513.86,9606.45,-0.009732117142779106,False,0.001,-0.010732117142779107
2020-07-25 17:00:00,2020-07-25 18:00:00,2020-07-26 17:00:00,9717.6,9914.81,-0.020294105540462626,False,0.001,-0.021294105540462627
2020-07-27 03:00:00,2020-07-27 04:00:00,2020-07-28 03:00:00,10271.1,10986.8,-0.06968094946013559,False,0.001,-0.07068094946013559
2020-08-01 05:00:00,2020-08-01 06:00:00,2020-08-02 05:00:00,11619.4,11263.6,0.03062120247172828,False,0.001,0.02962120247172828
2020-08-05 12:00:00,2020-08-05 13:00:00,2020-08-06 12:00:00,11573.9,11778.8,-0.017703626262538963,False,0.001,-0.018703626262538964
2020-08-10 02:00:00,2020-08-10 03:00:00,2020-08-11 02:00:00,12018.1,11865.3,0.012714156147810463,False,0.001,0.011714156147810462
2020-08-17 13:00:00,2020-08-17 14:00:00,2020-08-18 13:00:00,12123.3,12174.6,-0.004231521120487081,False,0.001,-0.005231521120487081
2020-08-24 06:00:00,2020-08-24 07:00:00,2020-08-25 06:00:00,11757.3,11607.8,0.012715504410026113,False,0.001,0.011715504410026112
2020-08-30 01:00:00,2020-08-30 02:00:00,2020-08-31 01:00:00,11621.0,11690.3,-0.005963342225281831,False,0.001,-0.006963342225281831
2020-09-01 15:00:00,2020-09-01 16:00:00,2020-09-02 15:00:00,12057.0,11346.7,0.058911835448287264,False,0.001,0.05791183544828726
2020-09-07 22:00:00,2020-09-07 23:00:00,2020-09-08 22:00:00,10390.7,10111.6,0.026860557998979906,False,0.001,0.025860557998979905
2020-09-12 18:00:00,2020-09-12 19:00:00,2020-09-13 18:00:00,10459.6,10262.5,0.018843932846380418,False,0.001,0.017843932846380417
2020-09-14 13:00:00,2020-09-14 14:00:00,2020-09-15 13:00:00,10649.7,10839.0,-0.017775148595734924,False,0.001,-0.018775148595734925
2020-09-19 11:00:00,2020-09-19 12:00:00,2020-09-20 11:00:00,11146.1,10947.5,0.017817891459793178,False,0.001,0.016817891459793177
2020-09-24 15:00:00,2020-09-24 16:00:00,2020-09-25 15:00:00,10539.5,10649.4,-0.010427439631861102,False,0.001,-0.011427439631861103
2020-09-28 00:00:00,2020-09-28 01:00:00,2020-09-29 00:00:00,10885.0,10705.4,0.01649977032613692,False,0.001,0.015499770326136919
2020-10-01 08:00:00,2020-10-01 09:00:00,2020-10-02 08:00:00,10883.8,10457.7,0.039149929252650595,False,0.001,0.038149929252650594
2020-10-04 06:00:00,2020-10-04 07:00:00,2020-10-05 06:00:00,10621.7,10646.4,-0.0023254281329729842,False,0.001,-0.0033254281329729843
2020-10-08 13:00:00,2020-10-08 14:00:00,2020-10-09 13:00:00,10736.2,11089.1,-0.0328701030159646,False,0.001,-0.0338701030159646
2020-10-10 02:00:00,2020-10-10 03:00:00,2020-10-11 02:00:00,11388.8,11351.6,0.003266366957010325,False,0.001,0.002266366957010325
2020-10-12 13:00:00,2020-10-12 14:00:00,2020-10-13 13:00:00,11498.4,11356.0,0.01238433173311071,False,0.001,0.011384331733110709
2020-10-14 13:00:00,2020-10-14 14:00:00,2020-10-15 13:00:00,11539.1,11410.5,0.011144716659011511,False,0.001,0.01014471665901151
2020-10-18 06:00:00,2020-10-18 07:00:00,2020-10-19 06:00:00,11458.0,11458.3,-2.6182579856870447e-05,False,0.001,-0.0010261825798568705
2020-10-19 13:00:00,2020-10-19 14:00:00,2020-10-20 13:00:00,11649.5,11934.5,-0.02446456929481955,False,0.001,-0.02546456929481955
2020-10-21 11:00:00,2020-10-21 12:00:00,2020-10-22 11:00:00,12350.0,12985.7,-0.05147368421052634,False,0.001,-0.05247368421052634
2020-10-24 14:00:00,2020-10-24 15:00:00,2020-10-25 14:00:00,13080.0,13001.5,0.006001529051987808,False,0.001,0.005001529051987808
2020-10-27 10:00:00,2020-10-27 11:00:00,2020-10-28 10:00:00,13265.8,13569.5,-0.022893455351354675,False,0.001,-0.023893455351354675
2020-10-29 14:00:00,2020-10-29 15:00:00,2020-10-30 14:00:00,13441.5,13377.9,0.004731614775136728,False,0.001,0.0037316147751367277
2020-10-31 08:00:00,2020-10-31 09:00:00,2020-11-01 08:00:00,13754.5,13760.8,-0.00045803191682725064,False,0.001,-0.0014580319168272507
2020-11-03 23:00:00,2020-11-04 00:00:00,2020-11-04 23:00:00,14041.6,14160.6,-0.008474817684594349,False,0.001,-0.00947481768459435
2020-11-05 12:00:00,2020-11-05 13:00:00,2020-11-06 12:00:00,14890.6,15475.6,-0.039286529757027955,False,0.001,-0.040286529757027956
2020-11-09 11:00:00,2020-11-09 12:00:00,2020-11-10 11:00:00,15804.8,15306.1,0.03155370520348244,False,0.001,0.03055370520348244
2020-11-11 16:00:00,2020-11-11 17:00:00,2020-11-12 16:00:00,15782.2,16160.9,-0.02399538720837402,False,0.001,-0.02499538720837402
2020-11-17 16:00:00,2020-11-17 17:00:00,2020-11-18 16:00:00,17656.9,17807.5,-0.008529243525194019,False,0.001,-0.00952924352519402
2020-11-20 14:00:00,2020-11-20 15:00:00,2020-11-21 14:00:00,18659.2,18759.4,-0.0053700051449152575,False,0.001,-0.0063700051449152575
2020-11-24 09:00:00,2020-11-24 10:00:00,2020-11-25 09:00:00,18996.1,19172.9,-0.009307173577734584,False,0.001,-0.010307173577734585
2020-11-29 08:00:00,2020-11-29 09:00:00,2020-11-30 08:00:00,18158.9,18471.4,-0.017209192186751432,False,0.001,-0.018209192186751433
2020-11-30 13:00:00,2020-11-30 14:00:00,2020-12-01 13:00:00,19185.0,18802.0,0.019963513161323942,False,0.001,0.01896351316132394
2020-12-06 23:00:00,2020-12-07 00:00:00,2020-12-07 23:00:00,19385.1,19173.5,0.010915600125869784,False,0.001,0.009915600125869783
2020-12-12 18:00:00,2020-12-12 19:00:00,2020-12-13 18:00:00,18692.9,19177.4,-0.02591893178693505,False,0.001,-0.026918931786935052
2020-12-16 10:00:00,2020-12-16 11:00:00,2020-12-17 10:00:00,19805.6,22622.8,-0.14224259805307593,False,0.001,-0.14324259805307593
2020-12-19 14:00:00,2020-12-19 15:00:00,2020-12-20 14:00:00,23324.0,23545.1,-0.009479506088149403,False,0.001,-0.010479506088149404
2020-12-25 11:00:00,2020-12-25 12:00:00,2020-12-26 11:00:00,24556.5,24831.8,-0.01121088102946266,False,0.001,-0.012210881029462661
2020-12-26 14:00:00,2020-12-26 15:00:00,2020-12-27 14:00:00,25364.5,27295.1,-0.07611425417414086,False,0.001,-0.07711425417414086
2021-01-02 12:00:00,2021-01-02 13:00:00,2021-01-03 12:00:00,30663.4,34144.7,-0.11353274587945217,False,0.001,-0.11453274587945217
2021-01-06 04:00:00,2021-01-06 05:00:00,2021-01-07 04:00:00,35488.6,37571.2,-0.05868363361755602,False,0.001,-0.05968363361755602
2021-01-25 03:00:00,2021-01-25 04:00:00,2021-01-26 03:00:00,33589.6,31518.0,0.06167385143020454,False,0.001,0.06067385143020454
2021-01-29 08:00:00,2021-01-29 09:00:00,2021-01-30 08:00:00,36314.6,33906.4,0.0663149256772757,False,0.001,0.0653149256772757
2021-02-02 09:00:00,2021-02-02 10:00:00,2021-02-03 09:00:00,35341.0,35878.3,-0.01520330494326716,False,0.001,-0.01620330494326716
2021-02-08 12:00:00,2021-02-08 13:00:00,2021-02-09 12:00:00,43200.1,45359.4,-0.049983680593332025,False,0.001,-0.050983680593332026
2021-02-11 13:00:00,2021-02-11 14:00:00,2021-02-12 13:00:00,47567.9,47934.2,-0.007700571183508087,False,0.001,-0.008700571183508088
2021-02-14 05:00:00,2021-02-14 06:00:00,2021-02-15 05:00:00,48952.0,46799.9,0.04396347442392545,False,0.001,0.04296347442392545
2021-02-16 03:00:00,2021-02-16 04:00:00,2021-02-17 03:00:00,49574.9,49651.1,-0.0015370681534405684,False,0.001,-0.0025370681534405684
2021-02-19 15:00:00,2021-02-19 16:00:00,2021-02-20 15:00:00,53870.0,56229.7,-0.043803601262297986,False,0.001,-0.04480360126229799
2021-03-09 01:00:00,2021-03-09 02:00:00,2021-03-10 01:00:00,53584.1,54715.9,-0.02112193729109957,False,0.001,-0.02212193729109957
2021-03-13 10:00:00,2021-03-13 11:00:00,2021-03-14 10:00:00,59390.8,60237.4,-0.014254733056298319,False,0.001,-0.01525473305629832
2021-03-17 18:00:00,2021-03-17 19:00:00,2021-03-18 18:00:00,57636.0,58208.0,-0.009924352835033678,False,0.001,-0.01092435283503368
2021-03-27 16:00:00,2021-03-27 17:00:00,2021-03-28 16:00:00,56193.8,56300.0,-0.0018898882083075996,False,0.001,-0.0028898882083075996
2021-03-29 08:00:00,2021-03-29 09:00:00,2021-03-30 08:00:00,57133.2,57955.8,-0.014397933250719364,False,0.001,-0.015397933250719364
2021-03-31 06:00:00,2021-03-31 07:00:00,2021-04-01 06:00:00,59727.3,58738.1,0.016561940687089605,False,0.001,0.015561940687089604
2021-04-02 02:00:00,2021-04-02 03:00:00,2021-04-03 02:00:00,59657.7,59414.1,0.004083295199110881,False,0.001,0.003083295199110881
2021-04-05 14:00:00,2021-04-05 15:00:00,2021-04-06 14:00:00,59191.1,57925.0,0.021390040056697646,False,0.001,0.020390040056697645
2021-04-08 12:00:00,2021-04-08 13:00:00,2021-04-09 12:00:00,57465.8,58493.8,-0.01788890087669537,False,0.001,-0.01888890087669537
2021-04-10 04:00:00,2021-04-10 05:00:00,2021-04-11 04:00:00,60980.2,59864.3,0.018299382422491184,False,0.001,0.017299382422491183
2021-04-13 08:00:00,2021-04-13 09:00:00,2021-04-14 08:00:00,62651.8,64450.1,-0.028703085944857154,False,0.001,-0.029703085944857155
2021-04-26 00:00:00,2021-04-26 01:00:00,2021-04-27 00:00:00,50964.6,53747.2,-0.05459868222256237,False,0.001,-0.05559868222256237
2021-04-30 13:00:00,2021-04-30 14:00:00,2021-05-01 13:00:00,56019.0,57660.5,-0.029302558060658068,False,0.001,-0.03030255806065807
2021-05-03 07:00:00,2021-05-03 08:00:00,2021-05-04 07:00:00,58841.7,55946.3,0.049206600081234786,False,0.001,0.048206600081234785
2021-05-26 06:00:00,2021-05-26 07:00:00,2021-05-27 06:00:00,40611.3,38311.5,0.05662955876812614,False,0.001,0.05562955876812614
2021-06-09 15:00:00,2021-06-09 16:00:00,2021-06-10 15:00:00,36377.0,36923.6,-0.015025977953102121,False,0.001,-0.016025977953102122
2021-06-13 16:00:00,2021-06-13 17:00:00,2021-06-14 16:00:00,37047.1,40161.0,-0.0840524629458177,False,0.001,-0.0850524629458177
2021-06-27 22:00:00,2021-06-27 23:00:00,2021-06-28 22:00:00,34445.8,34441.3,0.000130640019973427,False,0.001,-0.000869359980026573
2021-07-03 07:00:00,2021-07-03 08:00:00,2021-07-04 07:00:00,34517.1,35592.2,-0.031146880821389944,False,0.001,-0.032146880821389945
2021-07-06 04:00:00,2021-07-06 05:00:00,2021-07-07 04:00:00,34699.1,34726.2,-0.0007810000835755115,False,0.001,-0.0017810000835755116
2021-07-11 21:00:00,2021-07-11 22:00:00,2021-07-12 21:00:00,34475.7,32877.3,0.04636309052463028,False,0.001,0.04536309052463028
2021-07-21 04:00:00,2021-07-21 05:00:00,2021-07-22 04:00:00,30696.3,32067.3,-0.04466336333694931,False,0.001,-0.045663363336949314
2021-07-23 23:00:00,2021-07-24 00:00:00,2021-07-24 23:00:00,33685.0,34301.8,-0.018310820840136577,False,0.001,-0.019310820840136578
2021-07-25 23:00:00,2021-07-26 00:00:00,2021-07-26 23:00:00,35438.9,37291.2,-0.052267423650282474,False,0.001,-0.053267423650282475
2021-07-30 20:00:00,2021-07-30 21:00:00,2021-07-31 20:00:00,40721.8,41537.6,-0.020033495572395976,False,0.001,-0.021033495572395977
2021-08-05 17:00:00,2021-08-05 18:00:00,2021-08-06 17:00:00,40749.0,42894.9,-0.052661415004049195,False,0.001,-0.053661415004049196
2021-08-13 20:00:00,2021-08-13 21:00:00,2021-08-14 20:00:00,47624.0,46700.7,0.019387283722492876,False,0.001,0.018387283722492875
2021-08-16 00:00:00,2021-08-16 01:00:00,2021-08-17 00:00:00,47619.3,45772.8,0.03877629448563924,False,0.001,0.03777629448563924
2021-08-19 18:00:00,2021-08-19 19:00:00,2021-08-20 18:00:00,46582.7,48494.4,-0.04103884059962182,False,0.001,-0.04203884059962182
2021-08-27 14:00:00,2021-08-27 15:00:00,2021-08-28 14:00:00,48158.5,48654.2,-0.010293094676952164,False,0.001,-0.011293094676952165
2021-08-29 00:00:00,2021-08-29 01:00:00,2021-08-30 00:00:00,49612.6,48429.9,0.02383870226515028,False,0.001,0.02283870226515028
2021-09-01 17:00:00,2021-09-01 18:00:00,2021-09-02 17:00:00,48772.5,49547.2,-0.015883950996975704,False,0.001,-0.016883950996975705
2021-09-03 12:00:00,2021-09-03 13:00:00,2021-09-04 12:00:00,50672.6,50275.4,0.007838555748076792,False,0.001,0.006838555748076792
2021-09-05 20:00:00,2021-09-05 21:00:00,2021-09-06 20:00:00,51703.1,51943.3,-0.004645756250592381,False,0.001,-0.005645756250592381
2021-09-12 08:00:00,2021-09-12 09:00:00,2021-09-13 08:00:00,46155.2,44418.0,0.037638229278607716,False,0.001,0.036638229278607715
2021-09-23 17:00:00,2021-09-23 18:00:00,2021-09-24 17:00:00,44899.5,41994.6,0.06469782514281897,False,0.001,0.06369782514281896
2021-09-26 09:00:00,2021-09-26 10:00:00,2021-09-27 09:00:00,43294.9,43548.5,-0.005857502846755569,False,0.001,-0.006857502846755569
2021-10-01 10:00:00,2021-10-01 11:00:00,2021-10-02 10:00:00,47109.7,47642.4,-0.011307650016875614,False,0.001,-0.012307650016875615
2021-10-03 17:00:00,2021-10-03 18:00:00,2021-10-04 17:00:00,48936.5,49283.1,-0.007082647921285767,False,0.001,-0.008082647921285768
2021-10-04 17:00:00,2021-10-04 18:00:00,2021-10-05 17:00:00,49348.8,50173.9,-0.016719758129883466,False,0.001,-0.017719758129883467
2021-10-06 12:00:00,2021-10-06 13:00:00,2021-10-07 12:00:00,52782.6,54000.0,-0.023064418956247,False,0.001,-0.024064418956247002
2021-10-08 08:00:00,2021-10-08 09:00:00,2021-10-09 08:00:00,55845.8,54748.7,0.019645165795816433,False,0.001,0.018645165795816432
2021-10-10 04:00:00,2021-10-10 05:00:00,2021-10-11 04:00:00,55956.8,56472.2,-0.00921067680782306,False,0.001,-0.01021067680782306
2021-10-15 02:00:00,2021-10-15 03:00:00,2021-10-16 02:00:00,59147.7,61620.0,-0.04179875126167221,False,0.001,-0.04279875126167221
2021-10-20 13:00:00,2021-10-20 14:00:00,2021-10-21 13:00:00,66030.6,64728.3,0.019722674032948362,False,0.001,0.01872267403294836
2021-11-01 07:00:00,2021-11-01 08:00:00,2021-11-02 07:00:00,62210.7,61544.9,0.010702338986701587,False,0.001,0.009702338986701586
2021-11-02 09:00:00,2021-11-02 10:00:00,2021-11-03 09:00:00,63134.1,63316.8,-0.002893840254315938,False,0.001,-0.003893840254315938
2021-11-08 00:00:00,2021-11-08 01:00:00,2021-11-09 00:00:00,65040.4,67650.8,-0.04013505451995991,False,0.001,-0.04113505451995991
2021-11-13 14:00:00,2021-11-13 15:00:00,2021-11-14 14:00:00,64752.0,64371.0,0.005883988139362528,False,0.001,0.004883988139362528
2021-11-14 23:00:00,2021-11-15 00:00:00,2021-11-15 23:00:00,65509.9,63606.1,0.029061256390255585,False,0.001,0.028061256390255584
2021-11-20 18:00:00,2021-11-20 19:00:00,2021-11-21 18:00:00,59490.2,59514.4,-0.0004067896897304024,False,0.001,-0.0014067896897304024
2021-11-25 00:00:00,2021-11-25 01:00:00,2021-11-26 00:00:00,58121.1,58760.5,-0.011001168250428961,False,0.001,-0.012001168250428962
2021-11-28 21:00:00,2021-11-28 22:00:00,2021-11-29 21:00:00,56389.9,58298.8,-0.03385180679518851,False,0.001,-0.03485180679518851
2021-12-10 13:00:00,2021-12-10 14:00:00,2021-12-11 13:00:00,49647.9,48335.9,0.02642609254369266,False,0.001,0.025426092543692658
2021-12-19 03:00:00,2021-12-19 04:00:00,2021-12-20 03:00:00,47749.8,46697.4,0.022039882889561824,False,0.001,0.021039882889561823
2021-12-21 03:00:00,2021-12-21 04:00:00,2021-12-22 03:00:00,47949.0,49264.5,-0.02743540011261958,False,0.001,-0.02843540011261958
2021-12-23 17:00:00,2021-12-23 18:00:00,2021-12-24 17:00:00,50080.1,51168.1,-0.02172519623563063,False,0.001,-0.02272519623563063
2021-12-31 08:00:00,2021-12-31 09:00:00,2022-01-01 08:00:00,48500.0,47122.8,0.028395876288659694,False,0.001,0.027395876288659693
2022-01-09 19:00:00,2022-01-09 20:00:00,2022-01-10 19:00:00,42712.8,41297.2,0.03314228989904677,False,0.001,0.03214228989904677
2022-01-11 16:00:00,2022-01-11 17:00:00,2022-01-12 16:00:00,42734.1,43643.0,-0.021268729188165914,False,0.001,-0.022268729188165914
2022-01-20 14:00:00,2022-01-20 15:00:00,2022-01-21 14:00:00,43001.1,38427.6,0.10635774433677281,False,0.001,0.10535774433677281
2022-01-23 23:00:00,2022-01-24 00:00:00,2022-01-24 23:00:00,36262.2,36725.0,-0.012762601276260277,False,0.001,-0.013762601276260278
2022-01-29 20:00:00,2022-01-29 21:00:00,2022-01-30 20:00:00,38375.1,37724.3,0.016958913462114644,False,0.001,0.015958913462114643
2022-01-31 16:00:00,2022-01-31 17:00:00,2022-02-01 16:00:00,38351.8,39161.8,-0.021120260326764395,False,0.001,-0.022120260326764396
2022-02-04 15:00:00,2022-02-04 16:00:00,2022-02-05 15:00:00,39501.7,41809.4,-0.05842027052000298,False,0.001,-0.05942027052000298
2022-02-06 23:00:00,2022-02-07 00:00:00,2022-02-07 23:00:00,42420.2,43869.0,-0.0341535400587456,False,0.001,-0.0351535400587456
2022-02-15 01:00:00,2022-02-15 02:00:00,2022-02-16 01:00:00,43491.8,44015.3,-0.012036751755503339,False,0.001,-0.01303675175550334
2022-02-24 20:00:00,2022-02-24 21:00:00,2022-02-25 20:00:00,38438.7,39134.4,-0.018098947154820744,False,0.001,-0.019098947154820745
2022-02-26 00:00:00,2022-02-26 01:00:00,2022-02-27 00:00:00,39774.7,38836.1,0.02359791525768895,False,0.001,0.02259791525768895
2022-02-28 14:00:00,2022-02-28 15:00:00,2022-03-01 14:00:00,39830.5,43818.9,-0.10013431917751481,False,0.001,-0.10113431917751481
2022-03-02 14:00:00,2022-03-02 15:00:00,2022-03-03 14:00:00,44858.1,43453.1,0.03132098773688585,False,0.001,0.03032098773688585
2022-03-09 03:00:00,2022-03-09 04:00:00,2022-03-10 03:00:00,41310.1,40831.3,0.011590385886260157,False,0.001,0.010590385886260156
2022-03-14 22:00:00,2022-03-14 23:00:00,2022-03-15 22:00:00,39341.3,39490.1,-0.003782284774524358,False,0.001,-0.004782284774524358
2022-03-16 02:00:00,2022-03-16 03:00:00,2022-03-17 02:00:00,40915.0,41134.5,-0.0053647806427961076,False,0.001,-0.006364780642796108
2022-03-18 16:00:00,2022-03-18 17:00:00,2022-03-19 16:00:00,41437.9,41985.2,-0.013207715641960549,False,0.001,-0.01420771564196055
2022-03-22 02:00:00,2022-03-22 03:00:00,2022-03-23 02:00:00,41857.3,42350.6,-0.011785279987003294,False,0.001,-0.012785279987003295
2022-03-24 14:00:00,2022-03-24 15:00:00,2022-03-25 14:00:00,43607.7,44881.9,-0.02921961029818143,False,0.001,-0.030219610298181432
2022-03-27 20:00:00,2022-03-27 21:00:00,2022-03-28 20:00:00,46119.3,47978.1,-0.04030416766950062,False,0.001,-0.041304167669500624
2022-04-03 21:00:00,2022-04-03 22:00:00,2022-04-04 21:00:00,46975.5,46481.4,0.010518248874413216,False,0.001,0.009518248874413215
2022-04-10 17:00:00,2022-04-10 18:00:00,2022-04-11 17:00:00,43134.3,40471.9,0.06172350078707667,False,0.001,0.06072350078707667
2022-04-13 15:00:00,2022-04-13 16:00:00,2022-04-14 15:00:00,41181.9,39976.4,0.02927256877414597,False,0.001,0.028272568774145967
2022-04-18 18:00:00,2022-04-18 19:00:00,2022-04-19 18:00:00,40667.2,41401.9,-0.018066156509422893,False,0.001,-0.019066156509422894
2022-04-21 10:00:00,2022-04-21 11:00:00,2022-04-22 10:00:00,42270.0,40468.3,0.042623610125384404,False,0.001,0.0416236101253844
2022-04-25 18:00:00,2022-04-25 19:00:00,2022-04-26 18:00:00,39903.1,38424.2,0.037062283381491756,False,0.001,0.036062283381491755
2022-05-04 16:00:00,2022-05-04 17:00:00,2022-05-05 16:00:00,39190.1,37044.2,0.0547561756668139,False,0.001,0.0537561756668139
2022-05-14 22:00:00,2022-05-14 23:00:00,2022-05-15 22:00:00,30184.7,31051.0,-0.028699970514863393,False,0.001,-0.029699970514863394
2022-05-19 15:00:00,2022-05-19 16:00:00,2022-05-20 15:00:00,30365.1,29088.0,0.0420581522866712,False,0.001,0.0410581522866712
2022-05-22 09:00:00,2022-05-22 10:00:00,2022-05-23 09:00:00,30124.5,30426.0,-0.010008464870786327,False,0.001,-0.011008464870786328
2022-05-30 01:00:00,2022-05-30 02:00:00,2022-05-31 01:00:00,29734.6,31545.7,-0.060908840206358894,False,0.001,-0.061908840206358895
2022-06-06 00:00:00,2022-06-06 01:00:00,2022-06-07 00:00:00,30287.4,30178.6,0.003592252884037639,False,0.001,0.002592252884037639
2022-06-19 10:00:00,2022-06-19 11:00:00,2022-06-20 10:00:00,19859.8,20846.6,-0.04968831508877236,False,0.001,-0.05068831508877236
2022-06-23 19:00:00,2022-06-23 20:00:00,2022-06-24 19:00:00,20894.0,21233.6,-0.016253469895663786,False,0.001,-0.017253469895663787
2022-06-26 11:00:00,2022-06-26 12:00:00,2022-06-27 11:00:00,21711.0,21284.8,0.019630601998986696,False,0.001,0.018630601998986696
2022-07-01 00:00:00,2022-07-01 01:00:00,2022-07-02 00:00:00,20291.0,19166.6,0.05541373022522311,False,0.001,0.05441373022522311
2022-07-03 19:00:00,2022-07-03 20:00:00,2022-07-04 19:00:00,19482.1,19803.6,-0.016502327777806247,False,0.001,-0.017502327777806248
2022-07-07 14:00:00,2022-07-07 15:00:00,2022-07-08 14:00:00,20910.0,21730.7,-0.039249163079866145,False,0.001,-0.040249163079866146
2022-07-13 23:00:00,2022-07-14 00:00:00,2022-07-14 23:00:00,20225.2,20577.2,-0.01740403061527207,False,0.001,-0.01840403061527207
2022-07-16 16:00:00,2022-07-16 17:00:00,2022-07-17 16:00:00,21462.7,21145.8,0.014765150703313301,False,0.001,0.0137651507033133
2022-07-18 05:00:00,2022-07-18 06:00:00,2022-07-19 05:00:00,21852.9,22013.2,-0.007335410860801028,False,0.001,-0.008335410860801029
2022-07-27 18:00:00,2022-07-27 19:00:00,2022-07-28 18:00:00,22558.8,23826.8,-0.05620866358139609,False,0.001,-0.05720866358139609
2022-07-30 12:00:00,2022-07-30 13:00:00,2022-07-31 12:00:00,24385.5,23832.4,0.022681511553997225,False,0.001,0.021681511553997224
2022-08-08 06:00:00,2022-08-08 07:00:00,2022-08-09 06:00:00,23761.2,23856.8,-0.004023365823274894,False,0.001,-0.005023365823274894
2022-08-10 12:00:00,2022-08-10 13:00:00,2022-08-11 12:00:00,24032.0,24884.0,-0.03545272969374169,False,0.001,-0.03645272969374169
2022-08-14 07:00:00,2022-08-14 08:00:00,2022-08-15 07:00:00,24893.0,24044.0,0.03410597356686618,False,0.001,0.033105973566866176
2022-08-29 14:00:00,2022-08-29 15:00:00,2022-08-30 14:00:00,20169.0,19813.0,0.017650850314839595,False,0.001,0.016650850314839594
2022-09-04 23:00:00,2022-09-05 00:00:00,2022-09-05 23:00:00,20014.0,19794.0,0.01099230538622964,False,0.001,0.009992305386229638
2022-09-06 00:00:00,2022-09-06 01:00:00,2022-09-07 00:00:00,20105.0,18837.0,0.06306888833623481,False,0.001,0.062068888336234807
2022-09-07 20:00:00,2022-09-07 21:00:00,2022-09-08 20:00:00,19394.0,19380.0,0.0007218727441477002,False,0.001,-0.0002781272558522998
2022-09-09 03:00:00,2022-09-09 04:00:00,2022-09-10 03:00:00,19960.0,21310.0,-0.0676352705410821,False,0.001,-0.0686352705410821
2022-09-12 01:00:00,2022-09-12 02:00:00,2022-09-13 01:00:00,22040.0,22239.0,-0.009029038112522647,False,0.001,-0.010029038112522648
2022-09-17 00:00:00,2022-09-17 01:00:00,2022-09-18 00:00:00,19952.0,19986.0,-0.0017040898155573636,False,0.001,-0.0027040898155573636
2022-09-21 17:00:00,2022-09-21 18:00:00,2022-09-22 17:00:00,19824.0,19070.0,0.0380347054075868,False,0.001,0.0370347054075868
2022-09-26 08:00:00,2022-09-26 09:00:00,2022-09-27 08:00:00,19283.0,20144.0,-0.04465072862106512,False,0.001,-0.04565072862106512
2022-09-30 14:00:00,2022-09-30 15:00:00,2022-10-01 14:00:00,20008.0,19322.0,0.0342862854858057,False,0.001,0.0332862854858057
2022-10-03 14:00:00,2022-10-03 15:00:00,2022-10-04 14:00:00,19414.0,20117.0,-0.03621098176573612,False,0.001,-0.03721098176573612
2022-10-04 20:00:00,2022-10-04 21:00:00,2022-10-05 20:00:00,20347.0,19986.0,0.017742173293360253,False,0.001,0.016742173293360252
2022-10-13 18:00:00,2022-10-13 19:00:00,2022-10-14 18:00:00,19444.0,19204.0,0.012343139271754788,False,0.001,0.011343139271754787
2022-10-16 19:00:00,2022-10-16 20:00:00,2022-10-17 19:00:00,19375.0,19527.0,-0.007845161290322533,False,0.001,-0.008845161290322534
2022-10-23 17:00:00,2022-10-23 18:00:00,2022-10-24 17:00:00,19475.0,19288.0,0.009602053915276021,False,0.001,0.00860205391527602
2022-10-25 13:00:00,2022-10-25 14:00:00,2022-10-26 13:00:00,19484.0,20557.0,-0.05507082734551427,False,0.001,-0.056070827345514274
2022-10-26 14:00:00,2022-10-26 15:00:00,2022-10-27 14:00:00,20852.0,20571.0,0.013475925570688663,False,0.001,0.012475925570688662
2022-10-28 16:00:00,2022-10-28 17:00:00,2022-10-29 16:00:00,20714.0,20877.0,-0.00786907405619397,False,0.001,-0.00886907405619397
2022-11-04 06:00:00,2022-11-04 07:00:00,2022-11-05 06:00:00,20606.0,21403.0,-0.03867805493545573,False,0.001,-0.03967805493545573
2022-11-18 00:00:00,2022-11-18 01:00:00,2022-11-19 00:00:00,16947.0,16649.0,0.01758423319761615,False,0.001,0.01658423319761615
2022-11-19 22:00:00,2022-11-19 23:00:00,2022-11-20 22:00:00,16726.0,16274.0,0.027023795288771968,False,0.001,0.026023795288771967
2022-11-23 02:00:00,2022-11-23 03:00:00,2022-11-24 02:00:00,16493.0,16679.0,-0.011277511671618168,False,0.001,-0.012277511671618169
2022-11-29 04:00:00,2022-11-29 05:00:00,2022-11-30 04:00:00,16428.0,16871.0,-0.026966155344533727,False,0.001,-0.027966155344533727
2022-12-05 00:00:00,2022-12-05 01:00:00,2022-12-06 00:00:00,17212.0,17040.0,0.009993028119916314,False,0.001,0.008993028119916313
2022-12-08 18:00:00,2022-12-08 19:00:00,2022-12-09 18:00:00,17248.0,17150.0,0.005681818181818232,False,0.001,0.004681818181818232
2022-12-13 09:00:00,2022-12-13 10:00:00,2022-12-14 09:00:00,17434.0,17811.0,-0.02162441206837218,False,0.001,-0.02262441206837218
2022-12-14 14:00:00,2022-12-14 15:00:00,2022-12-15 14:00:00,18062.0,17454.0,0.033661831469383285,False,0.001,0.032661831469383285
2022-12-20 14:00:00,2022-12-20 15:00:00,2022-12-21 14:00:00,16903.0,16788.0,0.006803526001301519,False,0.001,0.005803526001301519
2022-12-26 23:00:00,2022-12-27 00:00:00,2022-12-27 23:00:00,16920.0,16700.0,0.013002364066193817,False,0.001,0.012002364066193816
2023-01-02 03:00:00,2023-01-02 04:00:00,2023-01-03 03:00:00,16660.0,16689.0,-0.0017406962785113667,False,0.001,-0.0027406962785113667
2023-01-04 03:00:00,2023-01-04 04:00:00,2023-01-05 03:00:00,16865.0,16823.0,0.0024903646605395346,False,0.001,0.0014903646605395346
2023-01-06 19:00:00,2023-01-06 20:00:00,2023-01-07 19:00:00,16935.0,16940.0,-0.0002952465308532215,False,0.001,-0.0012952465308532215
2023-01-08 15:00:00,2023-01-08 16:00:00,2023-01-09 15:00:00,17001.0,17271.0,-0.015881418740074205,False,0.001,-0.016881418740074206
2023-01-10 18:00:00,2023-01-10 19:00:00,2023-01-11 18:00:00,17439.0,17488.0,-0.0028097941395721637,False,0.001,-0.0038097941395721638
2023-01-11 23:00:00,2023-01-12 00:00:00,2023-01-12 23:00:00,17948.0,18853.0,-0.05042344550924893,False,0.001,-0.05142344550924893
2023-01-13 21:00:00,2023-01-13 22:00:00,2023-01-14 21:00:00,19818.0,20900.0,-0.05459683116358871,False,0.001,-0.05559683116358871
2023-01-16 01:00:00,2023-01-16 02:00:00,2023-01-17 01:00:00,21190.0,21050.0,0.006606890042472835,False,0.001,0.005606890042472835
2023-01-20 20:00:00,2023-01-20 21:00:00,2023-01-21 20:00:00,22287.0,23109.0,-0.036882487548795195,False,0.001,-0.037882487548795196
2023-01-25 21:00:00,2023-01-25 22:00:00,2023-01-26 21:00:00,23624.0,23076.0,0.023196749068743694,False,0.001,0.022196749068743693
2023-01-29 01:00:00,2023-01-29 02:00:00,2023-01-30 01:00:00,23245.0,23670.0,-0.018283501828350257,False,0.001,-0.019283501828350258
2023-02-01 19:00:00,2023-02-01 20:00:00,2023-02-02 19:00:00,23392.0,23809.0,-0.017826607387140925,False,0.001,-0.018826607387140926
2023-02-07 17:00:00,2023-02-07 18:00:00,2023-02-08 17:00:00,23290.0,23000.0,0.012451696006869906,False,0.001,0.011451696006869905
2023-02-12 09:00:00,2023-02-12 10:00:00,2023-02-13 09:00:00,21916.0,21609.0,0.014008030662529647,False,0.001,0.013008030662529646
2023-02-14 14:00:00,2023-02-14 15:00:00,2023-02-15 14:00:00,22273.0,22692.0,-0.018812014546760736,False,0.001,-0.019812014546760737
2023-02-15 18:00:00,2023-02-15 19:00:00,2023-02-16 18:00:00,22981.0,24972.0,-0.08663678691092636,False,0.001,-0.08763678691092636
2023-02-19 15:00:00,2023-02-19 16:00:00,2023-02-20 15:00:00,24930.0,24946.0,-0.0006417970316887622,False,0.001,-0.0016417970316887623
2023-02-23 02:00:00,2023-02-23 03:00:00,2023-02-24 02:00:00,24539.0,23943.0,0.02428786829129137,False,0.001,0.02328786829129137
2023-02-26 18:00:00,2023-02-26 19:00:00,2023-02-27 18:00:00,23490.0,23290.0,0.008514261387824629,False,0.001,0.007514261387824629
2023-03-01 04:00:00,2023-03-01 05:00:00,2023-03-02 04:00:00,23813.0,23543.0,0.011338344601688144,False,0.001,0.010338344601688143
2023-03-05 01:00:00,2023-03-05 02:00:00,2023-03-06 01:00:00,22603.0,22386.0,0.009600495509445639,False,0.001,0.008600495509445638
2023-03-06 15:00:00,2023-03-06 16:00:00,2023-03-07 15:00:00,22562.0,22322.0,0.010637354844428737,False,0.001,0.009637354844428736
2023-03-11 01:00:00,2023-03-11 02:00:00,2023-03-12 01:00:00,20783.0,20565.0,0.010489342250878164,False,0.001,0.009489342250878163
2023-03-12 17:00:00,2023-03-12 18:00:00,2023-03-13 17:00:00,21042.0,24189.0,-0.1495580268035357,False,0.001,-0.1505580268035357
2023-03-14 12:00:00,2023-03-14 13:00:00,2023-03-15 12:00:00,25991.0,24939.0,0.0404755492285791,False,0.001,0.0394755492285791
2023-03-17 01:00:00,2023-03-17 02:00:00,2023-03-18 01:00:00,25729.0,27398.0,-0.06486843639472961,False,0.001,-0.06586843639472961
2023-03-19 16:00:00,2023-03-19 17:00:00,2023-03-20 16:00:00,28028.0,27647.0,0.013593549307835073,False,0.001,0.012593549307835072
2023-03-22 14:00:00,2023-03-22 15:00:00,2023-03-23 14:00:00,28637.0,28117.0,0.018158326640360323,False,0.001,0.017158326640360322
2023-03-26 13:00:00,2023-03-26 14:00:00,2023-03-27 13:00:00,28185.0,27691.0,0.017527053397197068,False,0.001,0.016527053397197067
2023-03-28 18:00:00,2023-03-28 19:00:00,2023-03-29 18:00:00,27342.0,28325.0,-0.03595201521468794,False,0.001,-0.03695201521468794
2023-03-30 02:00:00,2023-03-30 03:00:00,2023-03-31 02:00:00,28965.0,28156.0,0.027930260659416506,False,0.001,0.026930260659416505
2023-04-05 00:00:00,2023-04-05 01:00:00,2023-04-06 00:00:00,28692.0,28002.0,0.024048515265579273,False,0.001,0.023048515265579272
2023-04-09 19:00:00,2023-04-09 20:00:00,2023-04-10 19:00:00,28174.0,29198.0,-0.03634556683467016,False,0.001,-0.03734556683467016
2023-04-10 22:00:00,2023-04-10 23:00:00,2023-04-11 22:00:00,29623.0,30304.0,-0.022988893764979812,False,0.001,-0.023988893764979813
2023-04-13 14:00:00,2023-04-13 15:00:00,2023-04-14 14:00:00,30490.0,30639.0,-0.00488684814693352,False,0.001,-0.00588684814693352
2023-04-16 18:00:00,2023-04-16 19:00:00,2023-04-17 18:00:00,30498.0,29542.0,0.03134631779133057,False,0.001,0.030346317791330568
2023-04-18 11:00:00,2023-04-18 12:00:00,2023-04-19 11:00:00,30387.0,29324.0,0.034982064698719895,False,0.001,0.033982064698719894
2023-04-25 17:00:00,2023-04-25 18:00:00,2023-04-26 17:00:00,27626.0,29726.0,-0.07601534786071085,False,0.001,-0.07701534786071085
2023-04-30 14:00:00,2023-04-30 15:00:00,2023-05-01 14:00:00,29415.0,28471.0,0.032092469828318926,False,0.001,0.031092469828318925
2023-05-03 21:00:00,2023-05-03 22:00:00,2023-05-04 21:00:00,28949.0,28855.0,0.0032470897094890594,False,0.001,0.0022470897094890594
2023-05-10 12:00:00,2023-05-10 13:00:00,2023-05-11 12:00:00,28196.0,27401.0,0.02819548872180455,False,0.001,0.02719548872180455
2023-05-14 15:00:00,2023-05-14 16:00:00,2023-05-15 15:00:00,27100.0,27413.0,-0.011549815498155036,False,0.001,-0.012549815498155037
2023-05-17 19:00:00,2023-05-17 20:00:00,2023-05-18 19:00:00,27409.0,26755.0,0.023860775657630673,False,0.001,0.022860775657630672
2023-05-20 17:00:00,2023-05-20 18:00:00,2023-05-21 17:00:00,27145.0,26882.0,0.00968870878614847,False,0.001,0.008688708786148469
2023-05-22 13:00:00,2023-05-22 14:00:00,2023-05-23 13:00:00,27016.0,27236.0,-0.008143322475570036,False,0.001,-0.009143322475570037
2023-05-26 14:00:00,2023-05-26 15:00:00,2023-05-27 14:00:00,26778.0,26679.0,0.0036970647546493707,False,0.001,0.0026970647546493707
2023-05-28 00:00:00,2023-05-28 01:00:00,2023-05-29 00:00:00,27093.0,28194.0,-0.04063780312257781,False,0.001,-0.04163780312257781
2023-06-03 15:00:00,2023-06-03 16:00:00,2023-06-04 15:00:00,27312.0,27190.0,0.004466900995899192,False,0.001,0.0034669009958991923
2023-06-06 17:00:00,2023-06-06 18:00:00,2023-06-07 17:00:00,26671.0,26519.0,0.005699073900491181,False,0.001,0.0046990739004911805
2023-06-16 15:00:00,2023-06-16 16:00:00,2023-06-17 15:00:00,25805.0,26407.0,-0.023328812245688724,False,0.001,-0.024328812245688725
2023-06-20 16:00:00,2023-06-20 17:00:00,2023-06-21 16:00:00,27386.0,30148.0,-0.1008544511794347,False,0.001,-0.1018544511794347
2023-06-21 16:00:00,2023-06-21 17:00:00,2023-06-22 16:00:00,30149.0,29985.0,0.0054396497396265175,False,0.001,0.0044396497396265175
2023-06-23 15:00:00,2023-06-23 16:00:00,2023-06-24 15:00:00,31242.0,30415.0,0.02647077651878882,False,0.001,0.025470776518788818
2023-06-25 04:00:00,2023-06-25 05:00:00,2023-06-26 04:00:00,30902.0,30252.0,0.021034237266196354,False,0.001,0.020034237266196353
2023-06-27 14:00:00,2023-06-27 15:00:00,2023-06-28 14:00:00,30825.0,30312.0,0.016642335766423377,False,0.001,0.015642335766423376
2023-06-29 10:00:00,2023-06-29 11:00:00,2023-06-30 10:00:00,30712.0,30806.0,-0.0030606928887730867,False,0.001,-0.004060692888773087
2023-07-03 15:00:00,2023-07-03 16:00:00,2023-07-04 15:00:00,31070.0,30962.0,0.0034760218860637737,False,0.001,0.0024760218860637737
2023-07-06 08:00:00,2023-07-06 09:00:00,2023-07-07 08:00:00,31334.0,30058.0,0.04072253781834434,False,0.001,0.03972253781834434
2023-07-10 18:00:00,2023-07-10 19:00:00,2023-07-11 18:00:00,30539.0,30486.0,0.001735485772291212,False,0.001,0.000735485772291212
2023-07-13 15:00:00,2023-07-13 16:00:00,2023-07-14 15:00:00,30925.0,31258.0,-0.0107679870654811,False,0.001,-0.0117679870654811
2023-07-16 14:00:00,2023-07-16 15:00:00,2023-07-17 14:00:00,30410.0,30276.0,0.004406445248273605,False,0.001,0.003406445248273605
2023-07-23 17:00:00,2023-07-23 18:00:00,2023-07-24 17:00:00,30121.0,29036.0,0.036021380432256556,False,0.001,0.035021380432256555
2023-07-26 20:00:00,2023-07-26 21:00:00,2023-07-27 20:00:00,29584.0,29141.0,0.014974310438074623,False,0.001,0.013974310438074622
2023-07-28 14:00:00,2023-07-28 15:00:00,2023-07-29 14:00:00,29483.0,29283.0,0.006783570192992583,False,0.001,0.005783570192992583
2023-07-30 14:00:00,2023-07-30 15:00:00,2023-07-31 14:00:00,29388.0,29292.0,0.0032666394446713154,False,0.001,0.0022666394446713154
2023-08-01 23:00:00,2023-08-02 00:00:00,2023-08-02 23:00:00,29697.0,29164.0,0.017947940869448065,False,0.001,0.016947940869448064
2023-08-08 12:00:00,2023-08-08 13:00:00,2023-08-09 12:00:00,29545.0,30053.0,-0.01719411067862575,False,0.001,-0.018194110678625752
2023-08-14 14:00:00,2023-08-14 15:00:00,2023-08-15 14:00:00,29499.0,29418.0,0.0027458557917217075,False,0.001,0.0017458557917217074
2023-08-20 20:00:00,2023-08-20 21:00:00,2023-08-21 20:00:00,26235.0,26110.0,0.004764627406136812,False,0.001,0.003764627406136812
2023-08-23 16:00:00,2023-08-23 17:00:00,2023-08-24 16:00:00,26390.0,26097.0,0.011102690413035243,False,0.001,0.010102690413035242
2023-08-27 14:00:00,2023-08-27 15:00:00,2023-08-28 14:00:00,26139.0,26122.0,0.000650369180152266,False,0.001,-0.00034963081984773405
2023-08-29 14:00:00,2023-08-29 15:00:00,2023-08-30 14:00:00,27524.0,27108.0,0.015114082255486161,False,0.001,0.01411408225548616
2023-09-06 17:00:00,2023-09-06 18:00:00,2023-09-07 17:00:00,25846.0,25918.0,-0.0027857308674457126,False,0.001,-0.0037857308674457127
2023-09-07 20:00:00,2023-09-07 21:00:00,2023-09-08 20:00:00,26012.0,25900.0,0.0043057050592034685,False,0.001,0.0033057050592034684
2023-09-12 10:00:00,2023-09-12 11:00:00,2023-09-13 10:00:00,26167.0,26145.0,0.0008407536209730226,False,0.001,-0.00015924637902697738
2023-09-14 00:00:00,2023-09-14 01:00:00,2023-09-15 00:00:00,26500.0,26492.0,0.00030188679245279904,False,0.001,-0.000698113207547201
2023-09-15 22:00:00,2023-09-15 23:00:00,2023-09-16 22:00:00,26775.0,26570.0,0.007656395891689982,False,0.001,0.006656395891689982
2023-09-18 02:00:00,2023-09-18 03:00:00,2023-09-19 02:00:00,26667.0,26823.0,-0.005849926875914013,False,0.001,-0.006849926875914013
2023-09-24 17:00:00,2023-09-24 18:00:00,2023-09-25 17:00:00,26685.0,26358.0,0.012254075323215319,False,0.001,0.011254075323215318
2023-09-27 11:00:00,2023-09-27 12:00:00,2023-09-28 11:00:00,26759.0,26454.0,0.011398034306214777,False,0.001,0.010398034306214776
2023-09-28 14:00:00,2023-09-28 15:00:00,2023-09-29 14:00:00,26814.0,26903.0,-0.003319161631983203,False,0.001,-0.004319161631983203
2023-10-01 22:00:00,2023-10-01 23:00:00,2023-10-02 22:00:00,27997.0,27566.0,0.015394506554273657,False,0.001,0.014394506554273656
2023-10-05 13:00:00,2023-10-05 14:00:00,2023-10-06 13:00:00,28003.0,27532.0,0.016819626468592697,False,0.001,0.015819626468592696
2023-10-13 20:00:00,2023-10-13 21:00:00,2023-10-14 20:00:00,26978.0,26850.0,0.004744606716583832,False,0.001,0.0037446067165838324
2023-10-15 17:00:00,2023-10-15 18:00:00,2023-10-16 17:00:00,26983.0,28241.0,-0.04662194715191048,False,0.001,-0.04762194715191048
2023-10-18 04:00:00,2023-10-18 05:00:00,2023-10-19 04:00:00,28748.0,28290.0,0.01593154306386535,False,0.001,0.014931543063865349
2023-10-19 14:00:00,2023-10-19 15:00:00,2023-10-20 14:00:00,28700.0,29615.0,-0.031881533101045356,False,0.001,-0.03288153310104536
2023-10-21 17:00:00,2023-10-21 18:00:00,2023-10-22 17:00:00,30180.0,29933.0,0.00818422796554008,False,0.001,0.007184227965540081
2023-10-23 01:00:00,2023-10-23 02:00:00,2023-10-24 01:00:00,30350.0,34165.0,-0.12570016474464585,False,0.001,-0.12670016474464585
2023-10-24 02:00:00,2023-10-24 03:00:00,2023-10-25 02:00:00,34552.0,34010.0,0.015686501504977968,False,0.001,0.014686501504977967
2023-10-29 17:00:00,2023-10-29 18:00:00,2023-10-30 17:00:00,34576.0,34328.0,0.007172605275335475,False,0.001,0.006172605275335475
2023-11-01 12:00:00,2023-11-01 13:00:00,2023-11-02 12:00:00,34802.0,35375.0,-0.01646457100166665,False,0.001,-0.01746457100166665
2023-11-04 22:00:00,2023-11-04 23:00:00,2023-11-05 22:00:00,35183.0,35039.0,0.004092885768695154,False,0.001,0.0030928857686951536
2023-11-07 18:00:00,2023-11-07 19:00:00,2023-11-08 18:00:00,35401.0,35593.0,-0.005423575605208786,False,0.001,-0.006423575605208786
2023-11-09 02:00:00,2023-11-09 03:00:00,2023-11-10 02:00:00,36392.0,36857.0,-0.012777533523851359,False,0.001,-0.01377753352385136
2023-11-15 18:00:00,2023-11-15 19:00:00,2023-11-16 18:00:00,37383.0,36238.0,0.03062889548725356,False,0.001,0.02962889548725356
2023-11-19 18:00:00,2023-11-19 19:00:00,2023-11-20 18:00:00,36882.0,37554.0,-0.01822027005043103,False,0.001,-0.019220270050431032
2023-11-22 18:00:00,2023-11-22 19:00:00,2023-11-23 18:00:00,37203.0,37267.0,-0.0017202913743514792,False,0.001,-0.002720291374351479
2023-11-24 15:00:00,2023-11-24 16:00:00,2023-11-25 15:00:00,38259.0,37728.0,0.013879087273582669,False,0.001,0.012879087273582668
2023-11-28 16:00:00,2023-11-28 17:00:00,2023-11-29 16:00:00,37904.0,37778.0,0.00332418742085272,False,0.001,0.00232418742085272
2023-12-01 09:00:00,2023-12-01 10:00:00,2023-12-02 09:00:00,38718.0,38790.0,-0.0018596001859600975,False,0.001,-0.0028596001859600975
2023-12-02 19:00:00,2023-12-02 20:00:00,2023-12-03 19:00:00,39445.0,39575.0,-0.003295728229179895,False,0.001,-0.004295728229179895
2023-12-03 22:00:00,2023-12-03 23:00:00,2023-12-04 22:00:00,40089.0,41958.0,-0.046621267679413325,False,0.001,-0.047621267679413326
2023-12-05 16:00:00,2023-12-05 17:00:00,2023-12-06 16:00:00,42727.0,43846.0,-0.026189528869333234,False,0.001,-0.027189528869333235
2023-12-08 14:00:00,2023-12-08 15:00:00,2023-12-09 14:00:00,43982.0,43951.0,0.0007048337956436779,False,0.001,-0.00029516620435632215
2023-12-13 19:00:00,2023-12-13 20:00:00,2023-12-14 19:00:00,42743.0,43109.0,-0.008562805605596191,False,0.001,-0.009562805605596192
2023-12-18 21:00:00,2023-12-18 22:00:00,2023-12-19 21:00:00,42654.0,42497.0,0.00368078023163132,False,0.001,0.00268078023163132
2023-12-20 13:00:00,2023-12-20 14:00:00,2023-12-21 13:00:00,43763.0,44152.0,-0.008888787331764236,False,0.001,-0.009888787331764237
2023-12-27 10:00:00,2023-12-27 11:00:00,2023-12-28 10:00:00,43200.0,43117.0,0.0019212962962963376,False,0.001,0.0009212962962963376
2023-12-31 09:00:00,2023-12-31 10:00:00,2024-01-01 09:00:00,42741.0,42635.0,0.002480054280433297,False,0.001,0.001480054280433297
2024-01-01 19:00:00,2024-01-01 20:00:00,2024-01-02 19:00:00,43534.0,45065.0,-0.035167914733311934,False,0.001,-0.036167914733311934
2024-01-08 11:00:00,2024-01-08 12:00:00,2024-01-09 11:00:00,44653.0,46662.0,-0.044991377958927714,False,0.001,-0.045991377958927715
2024-01-10 22:00:00,2024-01-10 23:00:00,2024-01-11 22:00:00,46929.0,46413.0,0.010995333375950933,False,0.001,0.009995333375950932
2024-01-26 10:00:00,2024-01-26 11:00:00,2024-01-27 10:00:00,40652.0,41745.0,-0.02688674603955521,False,0.001,-0.02788674603955521
2024-01-28 04:00:00,2024-01-28 05:00:00,2024-01-29 04:00:00,42712.0,42206.0,0.011846787787975321,False,0.001,0.01084678778797532
2024-01-29 15:00:00,2024-01-29 16:00:00,2024-01-30 15:00:00,42631.0,43370.0,-0.017334803312143654,False,0.001,-0.018334803312143655
2024-02-07 17:00:00,2024-02-07 18:00:00,2024-02-08 17:00:00,43469.0,45039.0,-0.03611769306862356,False,0.001,-0.03711769306862356
2024-02-10 20:00:00,2024-02-10 21:00:00,2024-02-11 20:00:00,47894.0,48061.0,-0.003486866830918256,False,0.001,-0.004486866830918256
2024-02-12 00:00:00,2024-02-12 01:00:00,2024-02-13 00:00:00,48618.0,50130.0,-0.031099592743428328,False,0.001,-0.03209959274342833
2024-02-14 08:00:00,2024-02-14 09:00:00,2024-02-15 08:00:00,50818.0,51986.0,-0.02298398205360308,False,0.001,-0.02398398205360308
2024-02-15 14:00:00,2024-02-15 15:00:00,2024-02-16 14:00:00,52652.0,51956.0,0.013218871078021777,False,0.001,0.012218871078021776
2024-02-18 22:00:00,2024-02-18 23:00:00,2024-02-19 22:00:00,52262.0,51933.0,0.0062952049290114775,False,0.001,0.0052952049290114775
2024-02-20 13:00:00,2024-02-20 14:00:00,2024-02-21 13:00:00,52844.0,51188.0,0.031337521762167864,False,0.001,0.030337521762167863
2024-02-24 17:00:00,2024-02-24 18:00:00,2024-02-25 17:00:00,51516.0,51554.0,-0.0007376349095427059,False,0.001,-0.001737634909542706
2024-02-26 15:00:00,2024-02-26 16:00:00,2024-02-27 15:00:00,52916.0,56788.0,-0.07317257540252475,False,0.001,-0.07417257540252475
2024-02-28 07:00:00,2024-02-28 08:00:00,2024-02-29 07:00:00,58282.0,62699.0,-0.07578669228921453,False,0.001,-0.07678669228921453
2024-03-03 16:00:00,2024-03-03 17:00:00,2024-03-04 16:00:00,62866.0,66602.0,-0.059427989692361516,False,0.001,-0.06042798969236152
2024-03-04 17:00:00,2024-03-04 18:00:00,2024-03-05 17:00:00,66932.0,65603.0,0.0198559732265583,False,0.001,0.018855973226558298
2024-03-08 14:00:00,2024-03-08 15:00:00,2024-03-09 14:00:00,68547.0,68313.0,0.0034137161363735347,False,0.001,0.0024137161363735346
2024-03-10 01:00:00,2024-03-10 02:00:00,2024-03-11 01:00:00,69109.0,68349.0,0.010997120490818801,False,0.001,0.0099971204908188
2024-03-11 07:00:00,2024-03-11 08:00:00,2024-03-12 07:00:00,71025.0,72150.0,-0.015839493136219573,False,0.001,-0.016839493136219574
2024-03-25 13:00:00,2024-03-25 14:00:00,2024-03-26 13:00:00,68012.0,70404.0,-0.03517026407104629,False,0.001,-0.03617026407104629
2024-03-31 18:00:00,2024-03-31 19:00:00,2024-04-01 18:00:00,70843.0,68930.0,0.027003373657242036,False,0.001,0.026003373657242035
2024-04-06 22:00:00,2024-04-06 23:00:00,2024-04-07 22:00:00,69093.0,69214.0,-0.001751262790731234,False,0.001,-0.002751262790731234
2024-04-08 07:00:00,2024-04-08 08:00:00,2024-04-09 07:00:00,70708.0,70394.0,0.0044407987780732405,False,0.001,0.0034407987780732405
2024-04-22 03:00:00,2024-04-22 04:00:00,2024-04-23 03:00:00,65733.0,66485.0,-0.011440220285092728,False,0.001,-0.012440220285092729
2024-05-03 12:00:00,2024-05-03 13:00:00,2024-05-04 12:00:00,60634.0,64082.0,-0.05686578487317351,False,0.001,-0.05786578487317351
2024-05-06 08:00:00,2024-05-06 09:00:00,2024-05-07 08:00:00,65149.0,64228.0,0.014136824816958105,False,0.001,0.013136824816958104
2024-05-13 07:00:00,2024-05-13 08:00:00,2024-05-14 07:00:00,62304.0,61993.0,0.004991653826399545,False,0.001,0.003991653826399545
2024-05-15 09:00:00,2024-05-15 10:00:00,2024-05-16 09:00:00,62675.0,66366.0,-0.05889110490626237,False,0.001,-0.05989110490626237
2024-05-17 14:00:00,2024-05-17 15:00:00,2024-05-18 14:00:00,66845.0,66816.0,0.0004338394793925726,False,0.001,-0.0005661605206074274
2024-05-20 16:00:00,2024-05-20 17:00:00,2024-05-21 16:00:00,68235.0,69640.0,-0.020590605993991318,False,0.001,-0.02159060599399132
2024-05-27 14:00:00,2024-05-27 15:00:00,2024-05-28 14:00:00,69399.0,67894.0,0.02168619144368078,False,0.001,0.02068619144368078
2024-05-30 17:00:00,2024-05-30 18:00:00,2024-05-31 17:00:00,69328.0,67287.0,0.029439764597276707,False,0.001,0.028439764597276707
2024-06-02 11:00:00,2024-06-02 12:00:00,2024-06-03 11:00:00,68238.0,69065.0,-0.012119346991412483,False,0.001,-0.013119346991412484
2024-06-04 15:00:00,2024-06-04 16:00:00,2024-06-05 15:00:00,70457.0,71619.0,-0.01649232865435657,False,0.001,-0.01749232865435657
2024-06-05 15:00:00,2024-06-05 16:00:00,2024-06-06 15:00:00,71622.0,71281.0,0.004761106922454017,False,0.001,0.003761106922454017
2024-06-09 12:00:00,2024-06-09 13:00:00,2024-06-10 12:00:00,69731.0,69337.0,0.005650284665356886,False,0.001,0.004650284665356886
2024-06-10 15:00:00,2024-06-10 16:00:00,2024-06-11 15:00:00,70058.0,66220.0,0.05478317965114621,False,0.001,0.05378317965114621
2024-06-12 12:00:00,2024-06-12 13:00:00,2024-06-13 12:00:00,69363.0,67729.0,0.023557227916900958,False,0.001,0.022557227916900957
2024-06-17 18:00:00,2024-06-17 19:00:00,2024-06-18 18:00:00,67056.0,64658.0,0.03576115485564302,False,0.001,0.03476115485564302
2024-06-20 10:00:00,2024-06-20 11:00:00,2024-06-21 10:00:00,66193.0,63858.0,0.03527563337513029,False,0.001,0.03427563337513029
2024-06-30 07:00:00,2024-06-30 08:00:00,2024-07-01 07:00:00,61410.0,63210.0,-0.029311187103077785,False,0.001,-0.030311187103077786
2024-07-06 16:00:00,2024-07-06 17:00:00,2024-07-07 16:00:00,57834.0,57110.0,0.012518587681986326,False,0.001,0.011518587681986325
2024-07-10 04:00:00,2024-07-10 05:00:00,2024-07-11 04:00:00,59349.0,57765.0,0.026689581964312814,False,0.001,0.025689581964312813
2024-07-13 09:00:00,2024-07-13 10:00:00,2024-07-14 09:00:00,58685.0,60217.0,-0.026105478401635906,False,0.001,-0.027105478401635907
2024-07-14 21:00:00,2024-07-14 22:00:00,2024-07-15 21:00:00,61349.0,63566.0,-0.03613750835384444,False,0.001,-0.03713750835384444
2024-07-19 13:00:00,2024-07-19 14:00:00,2024-07-20 13:00:00,65163.0,66558.0,-0.021407854150361505,False,0.001,-0.022407854150361506
2024-07-27 13:00:00,2024-07-27 14:00:00,2024-07-28 13:00:00,69241.0,67993.0,0.018024003119539,False,0.001,0.017024003119539
2024-07-29 00:00:00,2024-07-29 01:00:00,2024-07-30 00:00:00,68726.0,66598.0,0.030963536361784505,False,0.001,0.029963536361784504
2024-08-08 12:00:00,2024-08-08 13:00:00,2024-08-09 12:00:00,57955.0,60574.0,-0.045190233802087754,False,0.001,-0.046190233802087755
2024-08-13 16:00:00,2024-08-13 17:00:00,2024-08-14 16:00:00,61196.0,59154.0,0.033368193999607776,False,0.001,0.032368193999607775
2024-08-18 02:00:00,2024-08-18 03:00:00,2024-08-19 02:00:00,60125.0,58719.0,0.023384615384615337,False,0.001,0.022384615384615336
2024-08-20 00:00:00,2024-08-20 01:00:00,2024-08-21 00:00:00,60503.0,59005.0,0.02475910285440397,False,0.001,0.02375910285440397
2024-08-21 18:00:00,2024-08-21 19:00:00,2024-08-22 18:00:00,60791.0,60356.0,0.00715566448980931,False,0.001,0.00615566448980931
2024-08-23 17:00:00,2024-08-23 18:00:00,2024-08-24 17:00:00,63025.0,64074.0,-0.01664418881396279,False,0.001,-0.01764418881396279
2024-09-02 20:00:00,2024-09-02 21:00:00,2024-09-03 20:00:00,58999.0,58176.0,0.013949388972694488,False,0.001,0.012949388972694487
2024-09-09 16:00:00,2024-09-09 17:00:00,2024-09-10 16:00:00,56435.0,56820.0,-0.006822007619385229,False,0.001,-0.00782200761938523
2024-09-13 15:00:00,2024-09-13 16:00:00,2024-09-14 15:00:00,59689.0,59895.0,-0.003451222168238788,False,0.001,-0.004451222168238788
2024-09-17 14:00:00,2024-09-17 15:00:00,2024-09-18 14:00:00,60278.0,59485.0,0.0131557118683433,False,0.001,0.0121557118683433
2024-09-18 23:00:00,2024-09-19 00:00:00,2024-09-19 23:00:00,61765.0,62940.0,-0.019023718934671807,False,0.001,-0.020023718934671808
2024-09-22 22:00:00,2024-09-22 23:00:00,2024-09-23 22:00:00,63886.0,63224.0,0.010362207682434343,False,0.001,0.009362207682434343
2024-09-24 19:00:00,2024-09-24 20:00:00,2024-09-25 19:00:00,64290.0,63139.0,0.017903250894384826,False,0.001,0.016903250894384825
2024-09-26 10:00:00,2024-09-26 11:00:00,2024-09-27 10:00:00,64401.0,65506.0,-0.01715811866275363,False,0.001,-0.01815811866275363
2024-09-27 14:00:00,2024-09-27 15:00:00,2024-09-28 14:00:00,66290.0,65734.0,0.008387388746417312,False,0.001,0.0073873887464173124
2024-10-06 14:00:00,2024-10-06 15:00:00,2024-10-07 14:00:00,62713.0,63978.0,-0.020171256358330725,False,0.001,-0.021171256358330726
2024-10-07 14:00:00,2024-10-07 15:00:00,2024-10-08 14:00:00,63969.0,62733.0,0.01932185902546546,False,0.001,0.01832185902546546
2024-10-11 17:00:00,2024-10-11 18:00:00,2024-10-12 17:00:00,62913.0,63098.0,-0.00294056872188575,False,0.001,-0.00394056872188575
2024-10-14 03:00:00,2024-10-14 04:00:00,2024-10-15 03:00:00,64285.0,65326.0,-0.016193513261258508,False,0.001,-0.01719351326125851
2024-10-15 13:00:00,2024-10-15 14:00:00,2024-10-16 13:00:00,67650.0,67360.0,0.004286770140428664,False,0.001,0.003286770140428664
2024-10-18 01:00:00,2024-10-18 02:00:00,2024-10-19 01:00:00,68060.0,68324.0,-0.0038789303555686327,False,0.001,-0.004878930355568633
2024-10-20 14:00:00,2024-10-20 15:00:00,2024-10-21 14:00:00,68626.0,67240.0,0.020196427010171103,False,0.001,0.019196427010171102
2024-10-27 13:00:00,2024-10-27 14:00:00,2024-10-28 13:00:00,67532.0,68765.0,-0.01825801101699942,False,0.001,-0.01925801101699942
2024-10-28 19:00:00,2024-10-28 20:00:00,2024-10-29 19:00:00,69606.0,72512.0,-0.04174927448783161,False,0.001,-0.04274927448783161
2024-11-05 14:00:00,2024-11-05 15:00:00,2024-11-06 14:00:00,69959.0,73653.0,-0.0528023556654611,False,0.001,-0.0538023556654611
2024-11-10 04:00:00,2024-11-10 05:00:00,2024-11-11 04:00:00,79063.0,81526.0,-0.031152372158911312,False,0.001,-0.03215237215891131
2024-11-11 15:00:00,2024-11-11 16:00:00,2024-11-12 15:00:00,84211.0,86707.0,-0.029639833275937777,False,0.001,-0.030639833275937778
2024-11-13 14:00:00,2024-11-13 15:00:00,2024-11-14 14:00:00,91656.0,88742.0,0.0317927904337959,False,0.001,0.030792790433795902
2024-11-18 15:00:00,2024-11-18 16:00:00,2024-11-19 15:00:00,92360.0,92466.0,-0.0011476829796448484,False,0.001,-0.0021476829796448485
2024-11-29 14:00:00,2024-11-29 15:00:00,2024-11-30 14:00:00,98092.0,96509.0,0.016137911348529932,False,0.001,0.015137911348529931
2024-12-04 19:00:00,2024-12-04 20:00:00,2024-12-05 19:00:00,97381.0,99057.0,-0.017210749530195857,False,0.001,-0.018210749530195858
2024-12-08 23:00:00,2024-12-09 00:00:00,2024-12-09 23:00:00,101188.0,97468.0,0.03676325255959201,False,0.001,0.03576325255959201
2024-12-14 01:00:00,2024-12-14 02:00:00,2024-12-15 01:00:00,102196.0,102123.0,0.0007143136717679965,False,0.001,-0.0002856863282320035
2024-12-15 04:00:00,2024-12-15 05:00:00,2024-12-16 04:00:00,102360.0,104656.0,-0.02243063696756553,False,0.001,-0.023430636967565532
2025-01-02 14:00:00,2025-01-02 15:00:00,2025-01-03 14:00:00,97215.0,96975.0,0.002468754821786767,False,0.001,0.0014687548217867672
2025-01-06 14:00:00,2025-01-06 15:00:00,2025-01-07 14:00:00,100776.0,100013.0,0.007571247122330704,False,0.001,0.006571247122330704
2025-01-10 17:00:00,2025-01-10 18:00:00,2025-01-11 17:00:00,95777.0,94101.0,0.01749898201029476,False,0.001,0.01649898201029476
2025-01-12 15:00:00,2025-01-12 16:00:00,2025-01-13 15:00:00,95027.0,92102.0,0.03078072547802202,False,0.001,0.02978072547802202
2025-01-14 09:00:00,2025-01-14 10:00:00,2025-01-15 09:00:00,97149.0,96792.0,0.0036747676249884176,False,0.001,0.0026747676249884176
2025-01-15 13:00:00,2025-01-15 14:00:00,2025-01-16 13:00:00,98962.0,99060.0,-0.0009902790970270914,False,0.001,-0.0019902790970270914
2025-01-17 01:00:00,2025-01-17 02:00:00,2025-01-18 01:00:00,101636.0,104298.0,-0.026191506946357634,False,0.001,-0.027191506946357635
2025-01-20 06:00:00,2025-01-20 07:00:00,2025-01-21 06:00:00,107212.0,102020.0,0.04842741484162216,False,0.001,0.04742741484162216
2025-01-23 14:00:00,2025-01-23 15:00:00,2025-01-24 14:00:00,105174.0,105786.0,-0.005818928632551845,False,0.001,-0.006818928632551845
2025-01-29 19:00:00,2025-01-29 20:00:00,2025-01-30 19:00:00,103583.0,105713.0,-0.020563219833370283,False,0.001,-0.021563219833370284
2025-02-14 14:00:00,2025-02-14 15:00:00,2025-02-15 14:00:00,97422.0,97621.0,-0.002042659768840771,False,0.001,-0.003042659768840771
2025-03-02 15:00:00,2025-03-02 16:00:00,2025-03-03 15:00:00,87414.0,89989.0,-0.02945752396641277,False,0.001,-0.03045752396641277
2025-03-14 15:00:00,2025-03-14 16:00:00,2025-03-15 15:00:00,84724.0,84344.0,0.004485151786978947,False,0.001,0.003485151786978947
2025-03-19 18:00:00,2025-03-19 19:00:00,2025-03-20 18:00:00,85660.0,83989.0,0.01950735465795006,False,0.001,0.01850735465795006
2025-03-23 11:00:00,2025-03-23 12:00:00,2025-03-24 11:00:00,84652.0,87699.0,-0.0359944242309691,False,0.001,-0.0369944242309691
2025-03-24 14:00:00,2025-03-24 15:00:00,2025-03-25 14:00:00,87980.0,88047.0,-0.0007615367128892547,False,0.001,-0.0017615367128892548
2025-03-31 14:00:00,2025-03-31 15:00:00,2025-04-01 14:00:00,83495.0,84202.0,-0.008467572908557486,False,0.001,-0.009467572908557487
2025-04-01 15:00:00,2025-04-01 16:00:00,2025-04-02 15:00:00,85314.0,86768.0,-0.01704292378742056,False,0.001,-0.01804292378742056
2025-04-02 15:00:00,2025-04-02 16:00:00,2025-04-03 15:00:00,86786.0,82032.0,0.054778420482566315,False,0.001,0.053778420482566314
2025-04-09 17:00:00,2025-04-09 18:00:00,2025-04-10 17:00:00,82229.0,79262.0,0.03608216079485338,False,0.001,0.03508216079485338
2025-04-12 20:00:00,2025-04-12 21:00:00,2025-04-13 20:00:00,85506.0,83475.0,0.023752719107431042,False,0.001,0.02275271910743104
2025-04-21 00:00:00,2025-04-21 01:00:00,2025-04-22 00:00:00,86633.0,87701.0,-0.012327865824801165,False,0.001,-0.013327865824801166
2025-04-22 13:00:00,2025-04-22 14:00:00,2025-04-23 13:00:00,90270.0,93063.0,-0.03094051179793955,False,0.001,-0.03194051179793955
2025-04-25 14:00:00,2025-04-25 15:00:00,2025-04-26 14:00:00,95491.0,94278.0,0.012702767800106818,False,0.001,0.011702767800106817
2025-04-28 10:00:00,2025-04-28 11:00:00,2025-04-29 10:00:00,95100.0,94851.0,0.002618296529968478,False,0.001,0.001618296529968478
2025-05-01 14:00:00,2025-05-01 15:00:00,2025-05-02 14:00:00,96949.0,97784.0,-0.008612775789332616,False,0.001,-0.009612775789332617
2025-05-02 14:00:00,2025-05-02 15:00:00,2025-05-03 14:00:00,97840.0,96415.0,0.014564595257563373,False,0.001,0.013564595257563372
2025-05-06 22:00:00,2025-05-06 23:00:00,2025-05-07 22:00:00,96267.0,97275.0,-0.010470877870921491,False,0.001,-0.011470877870921492
2025-05-08 02:00:00,2025-05-08 03:00:00,2025-05-09 02:00:00,98709.0,102557.0,-0.038983274068220775,False,0.001,-0.039983274068220775
2025-05-10 23:00:00,2025-05-11 00:00:00,2025-05-11 23:00:00,104809.0,104129.0,0.006487992443397039,False,0.001,0.005487992443397039
2025-05-18 13:00:00,2025-05-18 14:00:00,2025-05-19 13:00:00,104817.0,103336.0,0.014129387408531091,False,0.001,0.01312938740853109
2025-05-20 19:00:00,2025-05-20 20:00:00,2025-05-21 19:00:00,107064.0,108691.0,-0.015196517970559764,False,0.001,-0.016196517970559765
2025-05-25 22:00:00,2025-05-25 23:00:00,2025-05-26 22:00:00,109219.0,109229.0,-9.155916095182626e-05,False,0.001,-0.0010915591609518263
2025-06-03 14:00:00,2025-06-03 15:00:00,2025-06-04 14:00:00,106678.0,105065.0,0.015120268471474851,False,0.001,0.01412026847147485
2025-06-05 12:00:00,2025-06-05 13:00:00,2025-06-06 12:00:00,105698.0,103874.0,0.017256712520577477,False,0.001,0.016256712520577477
2025-06-09 09:00:00,2025-06-09 10:00:00,2025-06-10 09:00:00,106714.0,109539.0,-0.02647262777142645,False,0.001,-0.02747262777142645
2025-06-20 07:00:00,2025-06-20 08:00:00,2025-06-21 07:00:00,105820.0,103496.0,0.021961821961821948,False,0.001,0.020961821961821947
2025-06-23 22:00:00,2025-06-23 23:00:00,2025-06-24 22:00:00,105655.0,106083.0,-0.004050920448629869,False,0.001,-0.005050920448629869
2025-06-29 08:00:00,2025-06-29 09:00:00,2025-06-30 08:00:00,107712.0,107540.0,0.0015968508615566979,False,0.001,0.0005968508615566978
2025-07-02 16:00:00,2025-07-02 17:00:00,2025-07-03 16:00:00,109481.0,109333.0,0.001351832738100689,False,0.001,0.0003518327381006889
2025-07-06 13:00:00,2025-07-06 14:00:00,2025-07-07 13:00:00,108861.0,108539.0,0.0029579004418478494,False,0.001,0.0019579004418478494
2025-07-09 19:00:00,2025-07-09 20:00:00,2025-07-10 19:00:00,111789.0,113417.0,-0.014563150220504806,False,0.001,-0.015563150220504807
2025-07-10 21:00:00,2025-07-10 22:00:00,2025-07-11 21:00:00,116468.0,117680.0,-0.010406291856990713,False,0.001,-0.011406291856990713
2025-07-13 12:00:00,2025-07-13 13:00:00,2025-07-14 12:00:00,118454.0,121929.0,-0.029336282438752637,False,0.001,-0.030336282438752638
2025-07-17 21:00:00,2025-07-17 22:00:00,2025-07-18 21:00:00,120345.0,117748.0,0.02157962524408996,False,0.001,0.02057962524408996
2025-07-21 06:00:00,2025-07-21 07:00:00,2025-07-22 06:00:00,119210.0,117859.0,0.011332941867293056,False,0.001,0.010332941867293055
2025-07-27 16:00:00,2025-07-27 17:00:00,2025-07-28 16:00:00,119118.0,118015.0,0.009259725650195616,False,0.001,0.008259725650195615
2025-08-04 00:00:00,2025-08-04 01:00:00,2025-08-05 00:00:00,114907.0,114874.0,0.0002871887700488518,False,0.001,-0.0007128112299511482
2025-08-06 14:00:00,2025-08-06 15:00:00,2025-08-07 14:00:00,115214.0,116388.0,-0.010189733886506902,False,0.001,-0.011189733886506903
2025-08-07 19:00:00,2025-08-07 20:00:00,2025-08-08 19:00:00,117536.0,116491.0,0.008890893002994837,False,0.001,0.007890893002994837
2025-08-10 03:00:00,2025-08-10 04:00:00,2025-08-11 03:00:00,118499.0,121705.0,-0.027055080633591855,False,0.001,-0.028055080633591856
2025-08-13 13:00:00,2025-08-13 14:00:00,2025-08-14 13:00:00,121775.0,118498.0,0.02691028536234863,False,0.001,0.02591028536234863
2025-08-22 14:00:00,2025-08-22 15:00:00,2025-08-23 14:00:00,115810.0,114597.0,0.010474052327087424,False,0.001,0.009474052327087423
2025-09-01 07:00:00,2025-09-01 08:00:00,2025-09-02 07:00:00,109422.0,110254.0,-0.007603589771709496,False,0.001,-0.008603589771709497
2025-09-02 13:00:00,2025-09-02 14:00:00,2025-09-03 13:00:00,111186.0,111490.0,-0.0027341571780619134,False,0.001,-0.0037341571780619134
2025-09-03 14:00:00,2025-09-03 15:00:00,2025-09-04 14:00:00,112303.0,109853.0,0.02181597998272533,False,0.001,0.02081597998272533
2025-09-05 07:00:00,2025-09-05 08:00:00,2025-09-06 07:00:00,112973.0,110834.0,0.018933727527816413,False,0.001,0.017933727527816412
2025-09-07 08:00:00,2025-09-07 09:00:00,2025-09-08 08:00:00,111074.0,111668.0,-0.005347786160577739,False,0.001,-0.006347786160577739
2025-09-08 14:00:00,2025-09-08 15:00:00,2025-09-09 14:00:00,112658.0,111773.0,0.00785563386532695,False,0.001,0.00685563386532695
2025-09-10 12:00:00,2025-09-10 13:00:00,2025-09-11 12:00:00,113415.0,113998.0,-0.005140413525547727,False,0.001,-0.006140413525547727
2025-09-11 13:00:00,2025-09-11 14:00:00,2025-09-12 13:00:00,114665.0,115201.0,-0.004674486547769696,False,0.001,-0.005674486547769696
2025-09-16 17:00:00,2025-09-16 18:00:00,2025-09-17 17:00:00,116511.0,115701.0,0.006952133274969796,False,0.001,0.005952133274969796
2025-09-24 14:00:00,2025-09-24 15:00:00,2025-09-25 14:00:00,113765.0,111590.0,0.01911835801872286,False,0.001,0.018118358018722858
2025-09-28 16:00:00,2025-09-28 17:00:00,2025-09-29 16:00:00,110243.0,113688.0,-0.031249149605870663,False,0.001,-0.032249149605870664
2025-10-01 08:00:00,2025-10-01 09:00:00,2025-10-02 08:00:00,116147.0,118746.0,-0.022376815587143772,False,0.001,-0.023376815587143773
2025-10-02 15:00:00,2025-10-02 16:00:00,2025-10-03 15:00:00,119995.0,122355.0,-0.019667486145256152,False,0.001,-0.020667486145256153
2025-10-03 16:00:00,2025-10-03 17:00:00,2025-10-04 16:00:00,122621.0,121806.0,0.006646496114042444,False,0.001,0.005646496114042444
2025-10-05 02:00:00,2025-10-05 03:00:00,2025-10-06 02:00:00,124078.0,124195.0,-0.0009429552378341644,False,0.001,-0.0019429552378341644
2025-10-19 09:00:00,2025-10-19 10:00:00,2025-10-20 09:00:00,107428.0,110992.0,-0.03317570838142747,False,0.001,-0.03417570838142747
2025-10-21 14:00:00,2025-10-21 15:00:00,2025-10-22 14:00:00,112217.0,108940.0,0.029202349020201912,False,0.001,0.02820234902020191
2025-10-23 17:00:00,2025-10-23 18:00:00,2025-10-24 17:00:00,111292.0,110250.0,0.009362757430902535,False,0.001,0.008362757430902534
2025-10-26 09:00:00,2025-10-26 10:00:00,2025-10-27 09:00:00,112552.0,115259.0,-0.024051105266898798,False,0.001,-0.0250511052668988
2025-11-02 04:00:00,2025-11-02 05:00:00,2025-11-03 04:00:00,110641.0,107882.0,0.02493650635840239,False,0.001,0.023936506358402387
2025-11-09 14:00:00,2025-11-09 15:00:00,2025-11-10 14:00:00,103022.0,104858.0,-0.01782143619809351,False,0.001,-0.01882143619809351
2025-11-26 17:00:00,2025-11-26 18:00:00,2025-11-27 17:00:00,89814.0,91462.0,-0.018349032444830327,False,0.001,-0.019349032444830327
2025-11-28 13:00:00,2025-11-28 14:00:00,2025-11-29 13:00:00,92371.0,90817.0,0.016823461909040716,False,0.001,0.015823461909040715
2025-12-02 14:00:00,2025-12-02 15:00:00,2025-12-03 14:00:00,89274.0,92359.0,-0.03455653381723689,False,0.001,-0.03555653381723689
2025-12-07 17:00:00,2025-12-07 18:00:00,2025-12-08 17:00:00,90970.0,90262.0,0.007782785533692382,False,0.001,0.006782785533692382
2025-12-09 15:00:00,2025-12-09 16:00:00,2025-12-10 15:00:00,92707.0,92067.0,0.00690347007237857,False,0.001,0.00590347007237857
2025-12-11 21:00:00,2025-12-11 22:00:00,2025-12-12 21:00:00,92889.0,90197.0,0.02898082657795864,False,0.001,0.02798082657795864
2025-12-17 14:00:00,2025-12-17 15:00:00,2025-12-18 14:00:00,89633.0,88304.0,0.014827128401370016,False,0.001,0.013827128401370015
2025-12-21 08:00:00,2025-12-21 09:00:00,2025-12-22 08:00:00,88509.0,89286.0,-0.008778768260854886,False,0.001,-0.009778768260854886
2025-12-25 15:00:00,2025-12-25 16:00:00,2025-12-26 15:00:00,88301.0,87047.0,0.014201424672427243,False,0.001,0.013201424672427242
2025-12-29 00:00:00,2025-12-29 01:00:00,2025-12-30 00:00:00,88210.0,87127.0,0.012277519555605965,False,0.001,0.011277519555605964
2025-12-30 14:00:00,2025-12-30 15:00:00,2025-12-31 14:00:00,88755.0,88372.0,0.004315249845079139,False,0.001,0.0033152498450791388
2026-01-01 17:00:00,2026-01-01 18:00:00,2026-01-02 17:00:00,88193.0,90326.0,-0.02418559296089251,False,0.001,-0.02518559296089251
2026-01-04 00:00:00,2026-01-04 01:00:00,2026-01-05 00:00:00,91294.0,92350.0,-0.011567025215238669,False,0.001,-0.01256702521523867
2026-01-05 00:00:00,2026-01-05 01:00:00,2026-01-06 00:00:00,92374.0,93819.0,-0.015642929828739716,False,0.001,-0.016642929828739716
2026-01-11 12:00:00,2026-01-11 13:00:00,2026-01-12 12:00:00,90810.0,90664.0,0.0016077524501706408,False,0.001,0.0006077524501706408
2026-01-13 15:00:00,2026-01-13 16:00:00,2026-01-14 15:00:00,93394.0,96765.0,-0.03609439578559659,False,0.001,-0.03709439578559659
2026-01-23 16:00:00,2026-01-23 17:00:00,2026-01-24 16:00:00,90013.0,89148.0,0.009609723040005291,False,0.001,0.00860972304000529
2026-01-27 20:00:00,2026-01-27 21:00:00,2026-01-28 20:00:00,89289.0,88996.0,0.003281479241563856,False,0.001,0.002281479241563856
2026-02-13 15:00:00,2026-02-13 16:00:00,2026-02-14 15:00:00,68649.0,69766.0,-0.016271176564844447,False,0.001,-0.017271176564844448
2026-02-25 01:00:00,2026-02-25 02:00:00,2026-02-26 01:00:00,65896.0,68250.0,-0.03572295738739828,False,0.001,-0.03672295738739828
2026-03-02 15:00:00,2026-03-02 16:00:00,2026-03-03 15:00:00,69135.0,67716.0,0.020525059665871148,False,0.001,0.019525059665871147
2026-03-04 15:00:00,2026-03-04 16:00:00,2026-03-05 15:00:00,73419.0,71665.0,0.023890273634890158,False,0.001,0.022890273634890157
2026-03-10 02:00:00,2026-03-10 03:00:00,2026-03-11 02:00:00,70275.0,69826.0,0.006389185343294246,False,0.001,0.005389185343294246
2026-03-13 00:00:00,2026-03-13 01:00:00,2026-03-14 00:00:00,71485.0,70661.0,0.011526893753934342,False,0.001,0.010526893753934341
2026-03-15 02:00:00,2026-03-15 03:00:00,2026-03-16 02:00:00,71483.0,72547.0,-0.01488465789068738,False,0.001,-0.01588465789068738
2026-03-16 03:00:00,2026-03-16 04:00:00,2026-03-17 03:00:00,73592.0,74472.0,-0.011957821502337262,False,0.001,-0.012957821502337263
2026-03-23 11:00:00,2026-03-23 12:00:00,2026-03-24 11:00:00,70121.0,71133.0,-0.014432195775873069,False,0.001,-0.01543219577587307
2026-04-04 15:00:00,2026-04-04 16:00:00,2026-04-05 15:00:00,67378.0,67282.0,0.0014247974116180506,False,0.001,0.0004247974116180506
2026-04-05 22:00:00,2026-04-05 23:00:00,2026-04-06 22:00:00,68321.0,68821.0,-0.007318394051609278,False,0.001,-0.00831839405160928
2026-04-07 22:00:00,2026-04-07 23:00:00,2026-04-08 22:00:00,71518.0,71087.0,0.006026454878492182,False,0.001,0.005026454878492182
2026-04-09 15:00:00,2026-04-09 16:00:00,2026-04-10 15:00:00,72148.0,72475.0,-0.00453235016909681,False,0.001,-0.0055323501690968105
2026-04-11 18:00:00,2026-04-11 19:00:00,2026-04-12 18:00:00,73590.0,71170.0,0.03288490284005974,False,0.001,0.03188490284005974
2026-04-13 13:00:00,2026-04-13 14:00:00,2026-04-14 13:00:00,71703.0,75601.0,-0.054363136828305736,False,0.001,-0.05536313682830574
2026-04-14 13:00:00,2026-04-14 14:00:00,2026-04-15 13:00:00,75601.0,74076.0,0.02017169085065007,False,0.001,0.01917169085065007
2026-04-17 13:00:00,2026-04-17 14:00:00,2026-04-18 13:00:00,77380.0,76153.0,0.01585681054536059,False,0.001,0.014856810545360588
2026-04-26 05:00:00,2026-04-26 06:00:00,2026-04-27 05:00:00,77999.0,77807.0,0.0024615700201284785,False,0.001,0.0014615700201284785
2026-05-01 03:00:00,2026-05-01 04:00:00,2026-05-02 03:00:00,77098.0,78416.0,-0.017095125684194246,False,0.001,-0.018095125684194246
2026-05-02 21:00:00,2026-05-02 22:00:00,2026-05-03 21:00:00,78725.0,78827.0,-0.0012956494125118123,False,0.001,-0.0022956494125118123
2026-05-04 01:00:00,2026-05-04 02:00:00,2026-05-05 01:00:00,79756.0,80345.0,-0.00738502432418886,False,0.001,-0.008385024324188861
2026-05-10 15:00:00,2026-05-10 16:00:00,2026-05-11 15:00:00,81413.0,81421.0,-9.826440494764555e-05,False,0.001,-0.0010982644049476456
2026-05-14 14:00:00,2026-05-14 15:00:00,2026-05-15 14:00:00,80965.0,79125.0,0.02272586920274189,False,0.001,0.021725869202741888
2026-05-23 20:00:00,2026-05-23 21:00:00,2026-05-24 20:00:00,77207.0,76559.9,0.008381364384058565,False,0.001,0.007381364384058565
2026-06-10 15:00:00,2026-06-10 16:00:00,2026-06-11 15:00:00,62589.1,62685.1,-0.0015338133956233069,False,0.001,-0.002533813395623307
2026-06-11 17:00:00,2026-06-11 18:00:00,2026-06-12 17:00:00,63562.4,63823.2,-0.004103054636074077,False,0.001,-0.005103054636074077
2026-06-13 21:00:00,2026-06-13 22:00:00,2026-06-14 21:00:00,64441.8,65279.9,-0.013005533675347403,False,0.001,-0.014005533675347404
2026-06-14 21:00:00,2026-06-14 22:00:00,2026-06-15 21:00:00,65282.0,66332.9,-0.016097852394228118,False,0.001,-0.01709785239422812
2026-06-22 01:00:00,2026-06-22 02:00:00,2026-06-23 01:00:00,64529.0,64092.2,0.006769049574609887,False,0.001,0.005769049574609887
2026-07-01 13:00:00,2026-07-01 14:00:00,2026-07-02 13:00:00,59411.8,61863.5,-0.04126621310918033,False,0.001,-0.04226621310918033
2026-07-03 20:00:00,2026-07-03 21:00:00,2026-07-04 20:00:00,62712.0,63186.9,-0.007572713356295502,False,0.001,-0.008572713356295503
2026-07-05 22:00:00,2026-07-05 23:00:00,2026-07-06 22:00:00,63679.7,64204.2,-0.00823653377764022,False,0.001,-0.009236533777640221
2026-07-10 01:00:00,2026-07-10 02:00:00,2026-07-11 01:00:00,63703.5,63976.9,-0.004291757909691052,False,0.001,-0.005291757909691052
2026-07-14 12:00:00,2026-07-14 13:00:00,2026-07-15 12:00:00,63908.7,65113.3,-0.018848763939808055,False,0.001,-0.019848763939808056
2026-07-20 15:00:00,2026-07-20 16:00:00,2026-07-21 15:00:00,65544.6,66646.8,-0.01681603061121728,False,0.001,-0.01781603061121728
2026-07-26 14:00:00,2026-07-26 15:00:00,2026-07-27 14:00:00,64658.1,64618.5,0.000612452268161312,False,0.001,-0.000387547731838688
2026-08-02 02:00:00,2026-08-02 03:00:00,2026-08-03 02:00:00,63380.0,63071.2,0.00487219943199757,False,0.001,0.0038721994319975703
2026-08-03 14:00:00,2026-08-03 15:00:00,2026-08-04 14:00:00,63887.8,64068.1,-0.0028221350555190927,False,0.001,-0.0038221350555190927
2026-08-09 13:00:00,2026-08-09 14:00:00,2026-08-10 13:00:00,65170.1,64498.5,0.010305339411785464,False,0.001,0.009305339411785463
2026-08-16 16:00:00,2026-08-16 17:00:00,2026-08-17 16:00:00,63188.7,64061.8,-0.01381734392383449,False,0.001,-0.014817343923834492
2026-08-17 17:00:00,2026-08-17 18:00:00,2026-08-18 17:00:00,64274.2,64633.2,-0.005585444859679267,False,0.001,-0.006585444859679267
2026-08-19 14:00:00,2026-08-19 15:00:00,2026-08-20 14:00:00,65894.3,71776.6,-0.0892687227878588,False,0.001,-0.0902687227878588
2026-08-21 01:00:00,2026-08-21 02:00:00,2026-08-22 01:00:00,75117.5,77846.3,-0.03632708756281833,False,0.001,-0.03732708756281833
2026-08-24 11:00:00,2026-08-24 12:00:00,2026-08-25 11:00:00,78430.0,79102.0,-0.008568149942624004,False,0.001,-0.009568149942624005
2026-08-27 08:00:00,2026-08-27 09:00:00,2026-08-28 08:00:00,79754.0,79513.7,0.003013015021190224,False,0.001,0.002013015021190224
2026-08-30 12:00:00,2026-08-30 13:00:00,2026-08-31 12:00:00,78781.0,77895.6,0.011238750460136226,False,0.001,0.010238750460136226
2026-09-03 14:00:00,2026-09-03 15:00:00,2026-09-04 14:00:00,80534.5,78907.6,0.020201280196685767,False,0.001,0.019201280196685766
