signal_time,entry_time,exit_time,entry,exit,gross,stopped,cost,net
2015-01-03 06:00:00,2015-01-03 07:00:00,2015-01-04 06:00:00,308.74,279.89,-0.09344432208330644,False,0.001,-0.09444432208330644
2015-01-04 13:00:00,2015-01-04 14:00:00,2015-01-05 13:00:00,264.97,276.8,0.04464656376193532,False,0.001,0.04364656376193532
2015-01-11 15:00:00,2015-01-11 16:00:00,2015-01-12 15:00:00,272.4,270.71,-0.006204111600587314,False,0.001,-0.007204111600587314
2015-01-13 00:00:00,2015-01-13 01:00:00,2015-01-14 00:00:00,261.13,219.75,-0.1584651323095776,False,0.001,-0.1594651323095776
2015-01-14 07:00:00,2015-01-14 08:00:00,2015-01-15 07:00:00,184.59,194.81,0.055365946150929046,False,0.001,0.054365946150929045
2015-01-28 13:00:00,2015-01-28 14:00:00,2015-01-29 13:00:00,249.0,224.9,-0.09678714859437754,False,0.001,-0.09778714859437754
2015-01-31 23:00:00,2015-02-01 00:00:00,2015-02-01 23:00:00,218.04,226.93,0.04077233535131186,False,0.001,0.03977233535131186
2015-02-05 15:00:00,2015-02-05 16:00:00,2015-02-06 15:00:00,216.5,223.55,0.03256351039260985,False,0.001,0.03156351039260985
2015-02-08 12:00:00,2015-02-08 13:00:00,2015-02-09 12:00:00,222.0,218.49,-0.015810810810810816,False,0.001,-0.016810810810810817
2015-02-18 17:00:00,2015-02-18 18:00:00,2015-02-19 17:00:00,235.0,242.26,0.030893617021276576,False,0.001,0.029893617021276575
2015-02-22 14:00:00,2015-02-22 15:00:00,2015-02-23 14:00:00,237.44,236.87,-0.002400606469002642,False,0.001,-0.003400606469002642
2015-03-01 12:00:00,2015-03-01 13:00:00,2015-03-02 12:00:00,247.87,261.2,0.05377819018033647,False,0.001,0.05277819018033647
2015-03-17 14:00:00,2015-03-17 15:00:00,2015-03-18 14:00:00,287.4,274.36,-0.04537230340988152,False,0.001,-0.04637230340988152
2015-03-18 21:00:00,2015-03-18 22:00:00,2015-03-19 21:00:00,254.67,263.19,0.03345505948875016,False,0.001,0.03245505948875016
2015-03-24 11:00:00,2015-03-24 12:00:00,2015-03-25 11:00:00,253.7,245.27,-0.0332282223098147,False,0.001,-0.034228222309814704
2015-03-29 09:00:00,2015-03-29 10:00:00,2015-03-30 09:00:00,241.22,245.76,0.018820993284138998,False,0.001,0.017820993284138997
2015-04-07 01:00:00,2015-04-07 02:00:00,2015-04-08 01:00:00,252.88,253.58,0.0027681113571655924,False,0.001,0.0017681113571655924
2015-04-08 10:00:00,2015-04-08 11:00:00,2015-04-09 10:00:00,245.61,242.11,-0.014250234110988913,False,0.001,-0.015250234110988914
2015-04-10 12:00:00,2015-04-10 13:00:00,2015-04-11 12:00:00,233.75,234.94,0.005090909090909035,False,0.001,0.004090909090909035
2015-04-13 18:00:00,2015-04-13 19:00:00,2015-04-14 18:00:00,226.05,215.0,-0.048882990488829936,False,0.001,-0.04988299048882994
2015-04-17 08:00:00,2015-04-17 09:00:00,2015-04-18 08:00:00,222.56,223.39,0.0037293314162472058,False,0.001,0.0027293314162472057
2015-04-26 01:00:00,2015-04-26 02:00:00,2015-04-27 01:00:00,221.95,219.48,-0.011128632574904262,False,0.001,-0.012128632574904263
2015-05-05 09:00:00,2015-05-05 10:00:00,2015-05-06 09:00:00,230.76,234.63,0.016770670826833145,False,0.001,0.015770670826833144
2015-05-06 21:00:00,2015-05-06 22:00:00,2015-05-07 21:00:00,230.34,238.01,0.03329860206651025,False,0.001,0.03229860206651025
2015-05-13 21:00:00,2015-05-13 22:00:00,2015-05-14 21:00:00,235.75,236.68,0.003944856839872779,False,0.001,0.002944856839872779
2015-05-18 20:00:00,2015-05-18 21:00:00,2015-05-19 20:00:00,232.42,231.67,-0.0032269167885724537,False,0.001,-0.004226916788572454
2015-05-22 10:00:00,2015-05-22 11:00:00,2015-05-23 10:00:00,234.42,240.12,0.024315331456360445,False,0.001,0.023315331456360444
2015-05-25 10:00:00,2015-05-25 11:00:00,2015-05-26 10:00:00,235.73,237.79,0.00873881135197041,False,0.001,0.00773881135197041
2015-05-27 15:00:00,2015-05-27 16:00:00,2015-05-28 15:00:00,234.79,236.48,0.007197921546914232,False,0.001,0.006197921546914232
2015-05-30 09:00:00,2015-05-30 10:00:00,2015-05-31 09:00:00,232.85,232.01,-0.0036074726218595643,False,0.001,-0.004607472621859564
2015-05-31 11:00:00,2015-05-31 12:00:00,2015-06-01 11:00:00,230.38,227.46,-0.012674711346471024,False,0.001,-0.013674711346471025
2015-06-01 15:00:00,2015-06-01 16:00:00,2015-06-02 15:00:00,222.47,225.34,0.01290061581336821,False,0.001,0.01190061581336821
2015-06-07 14:00:00,2015-06-07 15:00:00,2015-06-08 14:00:00,223.4,227.07,0.016427931960608655,False,0.001,0.015427931960608654
2015-06-24 13:00:00,2015-06-24 14:00:00,2015-06-25 13:00:00,241.75,241.45,-0.0012409513960703888,False,0.001,-0.002240951396070389
2015-07-13 07:00:00,2015-07-13 08:00:00,2015-07-14 07:00:00,284.95,287.26,0.008106685383400647,False,0.001,0.007106685383400647
2015-07-15 23:00:00,2015-07-16 00:00:00,2015-07-16 23:00:00,285.67,277.89,-0.02723422130430231,False,0.001,-0.02823422130430231
2015-07-22 01:00:00,2015-07-22 02:00:00,2015-07-23 01:00:00,275.2,278.12,0.010610465116279055,False,0.001,0.009610465116279054
2015-07-30 10:00:00,2015-07-30 11:00:00,2015-07-31 10:00:00,286.75,284.33,-0.008439407149084643,False,0.001,-0.009439407149084644
2015-08-01 11:00:00,2015-08-01 12:00:00,2015-08-02 11:00:00,278.12,280.0,0.0067596720839924185,False,0.001,0.0057596720839924185
2015-08-08 11:00:00,2015-08-08 12:00:00,2015-08-09 11:00:00,276.39,264.99,-0.04124606534245079,False,0.001,-0.04224606534245079
2015-08-15 22:00:00,2015-08-15 23:00:00,2015-08-16 22:00:00,260.8,256.09,-0.018059815950920433,False,0.001,-0.019059815950920433
2015-08-18 13:00:00,2015-08-18 14:00:00,2015-08-19 13:00:00,252.84,232.5,-0.08044613194114858,False,0.001,-0.08144613194114858
2015-08-22 11:00:00,2015-08-22 12:00:00,2015-08-23 11:00:00,228.7,230.7,0.008745080891998214,False,0.001,0.007745080891998214
2015-08-24 05:00:00,2015-08-24 06:00:00,2015-08-25 05:00:00,224.38,210.73,-0.06083429895712633,False,0.001,-0.06183429895712633
2015-09-12 16:00:00,2015-09-12 17:00:00,2015-09-13 16:00:00,236.08,228.74,-0.031091155540494797,False,0.001,-0.0320911555404948
2015-09-13 16:00:00,2015-09-13 17:00:00,2015-09-14 16:00:00,228.56,231.1,0.011113055652782533,False,0.001,0.010113055652782532
2015-10-31 15:00:00,2015-10-31 16:00:00,2015-11-01 15:00:00,319.09,311.94,-0.02240747124635678,False,0.001,-0.02340747124635678
2015-11-04 22:00:00,2015-11-04 23:00:00,2015-11-05 22:00:00,394.99,391.47,-0.008911618015645884,False,0.001,-0.009911618015645884
2015-11-10 13:00:00,2015-11-10 14:00:00,2015-11-11 13:00:00,362.46,320.53,-0.11568173039783702,False,0.001,-0.11668173039783702
2015-11-15 13:00:00,2015-11-15 14:00:00,2015-11-16 13:00:00,320.0,318.81,-0.003718749999999993,False,0.001,-0.004718749999999993
2015-11-19 12:00:00,2015-11-19 13:00:00,2015-11-20 12:00:00,326.5,324.18,-0.007105666156202117,False,0.001,-0.008105666156202118
2015-11-22 11:00:00,2015-11-22 12:00:00,2015-11-23 11:00:00,322.79,324.7,0.005917159763313418,False,0.001,0.004917159763313418
2015-11-24 02:00:00,2015-11-24 03:00:00,2015-11-25 02:00:00,320.09,317.14,-0.009216157955574955,False,0.001,-0.010216157955574956
2015-12-01 08:00:00,2015-12-01 09:00:00,2015-12-02 08:00:00,365.49,355.11,-0.028400229828449475,False,0.001,-0.029400229828449476
2015-12-12 05:00:00,2015-12-12 06:00:00,2015-12-13 05:00:00,411.42,434.09,0.05510184239949423,False,0.001,0.05410184239949423
2015-12-16 03:00:00,2015-12-16 04:00:00,2015-12-17 03:00:00,444.86,450.95,0.013689700130377958,False,0.001,0.012689700130377957
2015-12-20 14:00:00,2015-12-20 15:00:00,2015-12-21 14:00:00,451.54,437.51,-0.031071444390308733,False,0.001,-0.032071444390308734
2015-12-26 03:00:00,2015-12-26 04:00:00,2015-12-27 03:00:00,447.6,420.94,-0.05956210902591608,False,0.001,-0.06056210902591608
2016-01-03 13:00:00,2016-01-03 14:00:00,2016-01-04 13:00:00,427.04,431.02,0.009319970026226976,False,0.001,0.008319970026226975
2016-01-06 03:00:00,2016-01-06 04:00:00,2016-01-07 03:00:00,427.31,441.58,0.03339495916313684,False,0.001,0.03239495916313684
2016-01-10 00:00:00,2016-01-10 01:00:00,2016-01-11 00:00:00,446.06,449.07,0.006747971124960728,False,0.001,0.005747971124960728
2016-01-12 23:00:00,2016-01-13 00:00:00,2016-01-13 23:00:00,434.78,432.64,-0.00492202953217713,False,0.001,-0.00592202953217713
2016-01-15 01:00:00,2016-01-15 02:00:00,2016-01-16 01:00:00,422.53,371.07,-0.12179016874541448,False,0.001,-0.12279016874541449
2016-01-22 04:00:00,2016-01-22 05:00:00,2016-01-23 04:00:00,393.83,393.45,-0.0009648833252926536,False,0.001,-0.0019648833252926537
2016-01-25 16:00:00,2016-01-25 17:00:00,2016-01-26 16:00:00,390.92,393.85,0.007495139670520734,False,0.001,0.006495139670520734
2016-01-28 02:00:00,2016-01-28 03:00:00,2016-01-29 02:00:00,381.98,367.05,-0.03908581601130956,False,0.001,-0.04008581601130956
2016-01-31 23:00:00,2016-02-01 00:00:00,2016-02-01 23:00:00,368.49,371.81,0.009009742462481984,False,0.001,0.008009742462481984
2016-02-06 00:00:00,2016-02-06 01:00:00,2016-02-07 00:00:00,378.66,374.06,-0.012148101198964811,False,0.001,-0.013148101198964812
2016-02-08 19:00:00,2016-02-08 20:00:00,2016-02-09 19:00:00,370.91,373.43,0.006794100994850449,False,0.001,0.005794100994850449
2016-02-23 08:00:00,2016-02-23 09:00:00,2016-02-24 08:00:00,422.0,415.15,-0.016232227488151674,False,0.001,-0.017232227488151675
2016-02-28 00:00:00,2016-02-28 01:00:00,2016-02-29 00:00:00,426.44,431.87,0.01273332708001118,False,0.001,0.01173332708001118
2016-03-02 23:00:00,2016-03-03 00:00:00,2016-03-03 23:00:00,422.4,420.29,-0.004995265151515049,False,0.001,-0.005995265151515049
2016-03-04 19:00:00,2016-03-04 20:00:00,2016-03-05 19:00:00,415.16,401.96,-0.03179497061373937,False,0.001,-0.03279497061373937
2016-03-18 14:00:00,2016-03-18 15:00:00,2016-03-19 14:00:00,409.85,407.13,-0.006636574356471914,False,0.001,-0.007636574356471914
2016-03-29 11:00:00,2016-03-29 12:00:00,2016-03-30 11:00:00,415.8,413.36,-0.005868205868205911,False,0.001,-0.006868205868205911
2016-04-09 01:00:00,2016-04-09 02:00:00,2016-04-10 01:00:00,414.47,418.28,0.009192462663160095,False,0.001,0.008192462663160094
2016-04-27 12:00:00,2016-04-27 13:00:00,2016-04-28 12:00:00,455.04,448.02,-0.015427215189873555,False,0.001,-0.016427215189873556
2016-04-30 17:00:00,2016-04-30 18:00:00,2016-05-01 17:00:00,449.05,451.35,0.005121924061908478,False,0.001,0.004121924061908478
2016-05-02 08:00:00,2016-05-02 09:00:00,2016-05-03 08:00:00,442.62,447.95,0.012041932131399369,False,0.001,0.011041932131399368
2016-05-10 09:00:00,2016-05-10 10:00:00,2016-05-11 09:00:00,454.21,454.36,0.00033024371986534184,False,0.001,-0.0006697562801346582
2016-05-16 19:00:00,2016-05-16 20:00:00,2016-05-17 19:00:00,453.58,453.42,-0.0003527492393843312,False,0.001,-0.0013527492393843312
2016-05-19 09:00:00,2016-05-19 10:00:00,2016-05-20 09:00:00,449.0,442.51,-0.01445434298440984,False,0.001,-0.015454342984409841
2016-05-22 17:00:00,2016-05-22 18:00:00,2016-05-23 17:00:00,437.35,442.7,0.012232765519606614,False,0.001,0.011232765519606613
2016-06-07 14:00:00,2016-06-07 15:00:00,2016-06-08 14:00:00,575.94,578.65,0.004705351251866441,False,0.001,0.003705351251866441
2016-06-14 16:00:00,2016-06-14 17:00:00,2016-06-15 16:00:00,666.0,687.78,0.0327027027027027,False,0.001,0.0317027027027027
2016-06-17 06:00:00,2016-06-17 07:00:00,2016-06-18 06:00:00,720.01,745.27,0.03508284607158241,False,0.001,0.03408284607158241
2016-06-21 00:00:00,2016-06-21 01:00:00,2016-06-22 00:00:00,699.0,675.63,-0.03343347639484984,False,0.001,-0.03443347639484984
2016-06-23 01:00:00,2016-06-23 02:00:00,2016-06-24 01:00:00,552.48,634.84,0.14907326962061984,False,0.001,0.14807326962061984
2016-06-26 12:00:00,2016-06-26 13:00:00,2016-06-27 12:00:00,624.22,636.8,0.0201531511326134,False,0.001,0.0191531511326134
2016-07-03 08:00:00,2016-07-03 09:00:00,2016-07-04 08:00:00,670.55,670.1,-0.0006710908955334105,False,0.001,-0.0016710908955334105
2016-07-05 14:00:00,2016-07-05 15:00:00,2016-07-06 14:00:00,662.24,673.0,0.01624788596279303,False,0.001,0.015247885962793029
2016-07-07 04:00:00,2016-07-07 05:00:00,2016-07-08 04:00:00,642.96,635.88,-0.011011571481896243,False,0.001,-0.012011571481896244
2016-07-09 16:00:00,2016-07-09 17:00:00,2016-07-10 16:00:00,639.21,645.89,0.010450399712144565,False,0.001,0.009450399712144564
2016-07-16 12:00:00,2016-07-16 13:00:00,2016-07-17 12:00:00,658.96,668.98,0.015205778802962255,False,0.001,0.014205778802962254
2016-07-20 15:00:00,2016-07-20 16:00:00,2016-07-21 15:00:00,664.62,664.67,7.523095904415911e-05,False,0.001,-0.0009247690409558409
2016-07-22 13:00:00,2016-07-22 14:00:00,2016-07-23 13:00:00,654.89,654.65,-0.0003664737589519351,False,0.001,-0.0013664737589519351
2016-07-26 06:00:00,2016-07-26 07:00:00,2016-07-27 06:00:00,646.07,654.71,0.013373163898648732,False,0.001,0.012373163898648731
2016-07-31 02:00:00,2016-07-31 03:00:00,2016-08-01 02:00:00,638.0,617.0,-0.0329153605015674,False,0.001,-0.033915360501567404
2016-08-01 22:00:00,2016-08-01 23:00:00,2016-08-02 22:00:00,608.47,486.11,-0.20109454862195342,False,0.001,-0.20209454862195342
2016-08-02 22:00:00,2016-08-02 23:00:00,2016-08-03 22:00:00,486.42,565.0,0.16154763373216552,False,0.001,0.16054763373216552
2016-08-14 03:00:00,2016-08-14 04:00:00,2016-08-15 03:00:00,579.22,569.15,-0.01738544939746567,False,0.001,-0.01838544939746567
2016-08-25 01:00:00,2016-08-25 02:00:00,2016-08-26 01:00:00,573.38,574.76,0.002406780843419609,False,0.001,0.0014067808434196092
2016-08-27 15:00:00,2016-08-27 16:00:00,2016-08-28 15:00:00,565.0,569.97,0.008796460176991205,False,0.001,0.007796460176991205
2016-09-11 19:00:00,2016-09-11 20:00:00,2016-09-12 19:00:00,599.45,606.24,0.011327049795645916,False,0.001,0.010327049795645915
2016-09-15 16:00:00,2016-09-15 17:00:00,2016-09-16 16:00:00,604.23,605.34,0.0018370488059182843,False,0.001,0.0008370488059182843
2016-09-20 23:00:00,2016-09-21 00:00:00,2016-09-21 23:00:00,600.85,595.46,-0.00897062494799028,False,0.001,-0.009970624947990281
2016-09-25 13:00:00,2016-09-25 14:00:00,2016-09-26 13:00:00,597.2,603.25,0.010130609511051603,False,0.001,0.009130609511051602
2016-10-02 05:00:00,2016-10-02 06:00:00,2016-10-03 05:00:00,609.35,608.65,-0.0011487650775416913,False,0.001,-0.0021487650775416913
2016-10-19 13:00:00,2016-10-19 14:00:00,2016-10-20 13:00:00,626.49,627.99,0.002394292007853238,False,0.001,0.0013942920078532381
2016-10-31 01:00:00,2016-10-31 02:00:00,2016-11-01 01:00:00,688.9,706.0,0.024822180287414675,False,0.001,0.023822180287414674
2016-11-03 15:00:00,2016-11-03 16:00:00,2016-11-04 15:00:00,716.21,693.1,-0.03226707250666705,False,0.001,-0.03326707250666705
2016-11-12 09:00:00,2016-11-12 10:00:00,2016-11-13 09:00:00,708.02,691.08,-0.023925877800062056,False,0.001,-0.024925877800062057
2016-11-13 13:00:00,2016-11-13 14:00:00,2016-11-14 13:00:00,686.76,697.15,0.015129011590657493,False,0.001,0.014129011590657492
2016-11-20 13:00:00,2016-11-20 14:00:00,2016-11-21 13:00:00,739.63,734.57,-0.006841258467071287,False,0.001,-0.007841258467071288
2016-11-23 16:00:00,2016-11-23 17:00:00,2016-11-24 16:00:00,732.62,730.0,-0.0035762059457836726,False,0.001,-0.004576205945783673
2016-11-26 09:00:00,2016-11-26 10:00:00,2016-11-27 09:00:00,725.53,729.0,0.004782710570203852,False,0.001,0.003782710570203852
2016-12-03 05:00:00,2016-12-03 06:00:00,2016-12-04 05:00:00,753.81,759.87,0.008039161061806022,False,0.001,0.007039161061806022
2016-12-05 05:00:00,2016-12-05 06:00:00,2016-12-06 05:00:00,747.88,750.96,0.0041183077499065135,False,0.001,0.0031183077499065135
2016-12-11 02:00:00,2016-12-11 03:00:00,2016-12-12 02:00:00,765.42,769.58,0.005434924616550596,False,0.001,0.004434924616550596
2016-12-30 04:00:00,2016-12-30 05:00:00,2016-12-31 04:00:00,947.3,948.12,0.0008656180724164741,False,0.001,-0.00013438192758352587
2017-01-05 12:00:00,2017-01-05 13:00:00,2017-01-06 12:00:00,982.22,885.25,-0.0987253364826618,False,0.001,-0.0997253364826618
2017-01-11 09:00:00,2017-01-11 10:00:00,2017-01-12 09:00:00,866.0,758.33,-0.12433025404157039,False,0.001,-0.1253302540415704
2017-01-18 13:00:00,2017-01-18 14:00:00,2017-01-19 13:00:00,864.48,891.19,0.030897186748102934,False,0.001,0.029897186748102933
2017-01-22 12:00:00,2017-01-22 13:00:00,2017-01-23 12:00:00,908.97,921.37,0.013641814361309956,False,0.001,0.012641814361309955
2017-01-24 00:00:00,2017-01-24 01:00:00,2017-01-25 00:00:00,901.97,895.07,-0.007649921837755147,False,0.001,-0.008649921837755148
2017-02-08 08:00:00,2017-02-08 09:00:00,2017-02-09 08:00:00,1038.33,1062.0,0.022796220854641724,False,0.001,0.021796220854641724
2017-02-09 13:00:00,2017-02-09 14:00:00,2017-02-10 13:00:00,983.01,967.0,-0.01628671122369052,False,0.001,-0.01728671122369052
2017-02-13 08:00:00,2017-02-13 09:00:00,2017-02-14 08:00:00,983.33,1013.01,0.030183153163231058,False,0.001,0.029183153163231057
2017-02-25 16:00:00,2017-02-25 17:00:00,2017-02-26 16:00:00,1144.1,1181.95,0.03308277248492275,False,0.001,0.03208277248492275
2017-03-04 15:00:00,2017-03-04 16:00:00,2017-03-05 15:00:00,1248.02,1264.76,0.013413246582586913,False,0.001,0.012413246582586912
2017-03-07 09:00:00,2017-03-07 10:00:00,2017-03-08 09:00:00,1257.01,1211.0,-0.036602731879619044,False,0.001,-0.037602731879619045
2017-03-10 21:00:00,2017-03-10 22:00:00,2017-03-11 21:00:00,1105.0,1165.51,0.054760180995475194,False,0.001,0.05376018099547519
2017-03-16 05:00:00,2017-03-16 06:00:00,2017-03-17 05:00:00,1226.6,1138.39,-0.07191423446926448,False,0.001,-0.07291423446926448
2017-03-17 06:00:00,2017-03-17 07:00:00,2017-03-18 06:00:00,1097.99,1074.76,-0.02115684113698668,False,0.001,-0.022156841136986682
2017-03-18 13:00:00,2017-03-18 14:00:00,2017-03-19 13:00:00,1026.71,986.0,-0.03965092382464375,False,0.001,-0.04065092382464375
2017-03-22 07:00:00,2017-03-22 08:00:00,2017-03-23 07:00:00,1056.01,1037.9,-0.017149458811942964,False,0.001,-0.018149458811942965
2017-03-24 12:00:00,2017-03-24 13:00:00,2017-03-25 12:00:00,968.3,921.0,-0.04884849736651864,False,0.001,-0.04984849736651864
2017-04-04 14:00:00,2017-04-04 15:00:00,2017-04-05 14:00:00,1120.0,1127.01,0.0062589285714285126,False,0.001,0.0052589285714285125
2017-04-08 18:00:00,2017-04-08 19:00:00,2017-04-09 18:00:00,1172.02,1206.97,0.029820310233613867,False,0.001,0.028820310233613866
2017-04-13 06:00:00,2017-04-13 07:00:00,2017-04-14 06:00:00,1181.0,1189.01,0.006782387806943291,False,0.001,0.005782387806943291
2017-04-22 13:00:00,2017-04-22 14:00:00,2017-04-23 13:00:00,1211.02,1233.62,0.018661954385559287,False,0.001,0.017661954385559286
2017-05-12 19:00:00,2017-05-12 20:00:00,2017-05-13 19:00:00,1679.99,1720.91,0.024357287840998998,False,0.001,0.023357287840998997
2017-05-15 04:00:00,2017-05-15 05:00:00,2017-05-16 04:00:00,1719.1,1669.56,-0.02881740445581993,False,0.001,-0.02981740445581993
2017-06-07 21:00:00,2017-06-07 22:00:00,2017-06-08 21:00:00,2635.0,2783.02,0.05617457305502849,False,0.001,0.055174573055028486
2017-06-12 10:00:00,2017-06-12 11:00:00,2017-06-13 10:00:00,2711.81,2692.01,-0.007301396484266864,False,0.001,-0.008301396484266865
2017-06-14 13:00:00,2017-06-14 14:00:00,2017-06-15 13:00:00,2630.0,2121.1,-0.19349809885931557,False,0.001,-0.19449809885931557
2017-06-15 13:00:00,2017-06-15 14:00:00,2017-06-16 13:00:00,2121.1,2434.73,0.14786195841780203,False,0.001,0.14686195841780203
2017-06-23 23:00:00,2017-06-24 00:00:00,2017-06-24 23:00:00,2685.05,2557.66,-0.047444181672594676,False,0.001,-0.04844418167259468
2017-06-30 21:00:00,2017-06-30 22:00:00,2017-07-01 21:00:00,2480.71,2419.83,-0.024541361142576212,False,0.001,-0.025541361142576213
2017-07-07 11:00:00,2017-07-07 12:00:00,2017-07-08 11:00:00,2539.94,2510.3,-0.011669566997645542,False,0.001,-0.012669566997645543
2017-07-10 11:00:00,2017-07-10 12:00:00,2017-07-11 11:00:00,2490.0,2352.76,-0.055116465863453756,False,0.001,-0.05611646586345376
2017-07-14 12:00:00,2017-07-14 13:00:00,2017-07-15 12:00:00,2274.98,2037.0,-0.10460751303308158,False,0.001,-0.10560751303308158
2017-07-25 06:00:00,2017-07-25 07:00:00,2017-07-26 06:00:00,2688.02,2447.97,-0.08930365101450144,False,0.001,-0.09030365101450144
2017-07-30 05:00:00,2017-07-30 06:00:00,2017-07-31 05:00:00,2625.0,2717.08,0.03507809523809513,False,0.001,0.03407809523809513
2017-08-09 10:00:00,2017-08-09 11:00:00,2017-08-10 10:00:00,3289.98,3395.0,0.03192116669402245,False,0.001,0.03092116669402245
2017-08-15 10:00:00,2017-08-15 11:00:00,2017-08-16 10:00:00,4064.72,4090.12,0.006248892912672943,False,0.001,0.005248892912672943
2017-08-22 00:00:00,2017-08-22 01:00:00,2017-08-23 00:00:00,3883.93,4062.82,0.04605901754151098,False,0.001,0.04505901754151098
2017-08-28 04:00:00,2017-08-28 05:00:00,2017-08-29 04:00:00,4240.0,4385.0,0.034198113207547065,False,0.001,0.033198113207547064
2017-09-02 05:00:00,2017-09-02 06:00:00,2017-09-03 05:00:00,4644.89,4699.76,0.011812981577604686,False,0.001,0.010812981577604686
2017-09-03 13:00:00,2017-09-03 14:00:00,2017-09-04 13:00:00,4405.1,4354.0,-0.01160019068806617,False,0.001,-0.01260019068806617
2017-09-04 14:00:00,2017-09-04 15:00:00,2017-09-05 14:00:00,4225.15,4301.03,0.017959125711513257,False,0.001,0.016959125711513257
2017-09-08 13:00:00,2017-09-08 14:00:00,2017-09-09 13:00:00,4460.0,4285.0,-0.039237668161434924,False,0.001,-0.040237668161434925
2017-09-10 06:00:00,2017-09-10 07:00:00,2017-09-11 06:00:00,4023.0,4169.15,0.036328610489684277,False,0.001,0.035328610489684276
2017-09-12 18:00:00,2017-09-12 19:00:00,2017-09-13 18:00:00,4122.11,3895.0,-0.05509556998721521,False,0.001,-0.05609556998721521
2017-09-14 11:00:00,2017-09-14 12:00:00,2017-09-15 11:00:00,3615.07,3022.89,-0.16380872292929327,False,0.001,-0.16480872292929327
2017-09-21 14:00:00,2017-09-21 15:00:00,2017-09-22 14:00:00,3786.49,3591.52,-0.05149095864507758,False,0.001,-0.05249095864507758
2017-09-29 02:00:00,2017-09-29 03:00:00,2017-09-30 02:00:00,4080.0,4203.33,0.03022794117647054,False,0.001,0.02922794117647054
2017-10-01 12:00:00,2017-10-01 13:00:00,2017-10-02 12:00:00,4245.01,4380.0,0.031799689517810314,False,0.001,0.030799689517810314
2017-10-03 05:00:00,2017-10-03 06:00:00,2017-10-04 05:00:00,4304.75,4330.99,0.006095592078517953,False,0.001,0.005095592078517953
2017-10-15 08:00:00,2017-10-15 09:00:00,2017-10-16 08:00:00,5561.77,5581.97,0.003631937314919398,False,0.001,0.002631937314919398
2017-10-17 11:00:00,2017-10-17 12:00:00,2017-10-18 11:00:00,5564.98,5304.2,-0.04686090516048569,False,0.001,-0.04786090516048569
2017-10-18 13:00:00,2017-10-18 14:00:00,2017-10-19 13:00:00,5155.0,5730.0,0.11154219204655669,False,0.001,0.11054219204655669
2017-10-22 04:00:00,2017-10-22 05:00:00,2017-10-23 04:00:00,5765.76,5993.0,0.039411976911976954,False,0.001,0.03841197691197695
2017-11-10 11:00:00,2017-11-10 12:00:00,2017-11-11 11:00:00,6880.09,6500.0,-0.05524491685428534,False,0.001,-0.05624491685428534
2017-11-12 05:00:00,2017-11-12 06:00:00,2017-11-13 05:00:00,5875.0,6225.53,0.05966468085106369,False,0.001,0.05866468085106369
2017-11-21 03:00:00,2017-11-21 04:00:00,2017-11-22 03:00:00,7848.82,8161.66,0.039858220726172844,False,0.001,0.03885822072617284
2017-11-23 23:00:00,2017-11-24 00:00:00,2017-11-24 23:00:00,7988.96,8199.19,0.02631506478940948,False,0.001,0.02531506478940948
2017-11-29 19:00:00,2017-11-29 20:00:00,2017-11-30 19:00:00,9504.0,9864.26,0.037906144781144846,False,0.001,0.036906144781144845
2017-12-09 17:00:00,2017-12-09 18:00:00,2017-12-10 17:00:00,13216.8,14910.2,0.12812481084680116,False,0.001,0.12712481084680116
2017-12-13 18:00:00,2017-12-13 19:00:00,2017-12-14 18:00:00,15999.5,16351.4,0.02199443732616646,False,0.001,0.02099443732616646
2017-12-18 00:00:00,2017-12-18 01:00:00,2017-12-19 00:00:00,18001.0,18841.7,0.04670296094661408,False,0.001,0.04570296094661408
2017-12-19 10:00:00,2017-12-19 11:00:00,2017-12-20 10:00:00,18139.9,17421.3,-0.03961433083975119,False,0.001,-0.04061433083975119
2017-12-22 02:00:00,2017-12-22 03:00:00,2017-12-23 02:00:00,14000.5,14389.9,0.02781329238241481,False,0.001,0.02681329238241481
2017-12-28 02:00:00,2017-12-28 03:00:00,2017-12-29 02:00:00,14200.0,15000.0,0.05633802816901401,False,0.001,0.05533802816901401
2017-12-30 12:00:00,2017-12-30 13:00:00,2017-12-31 12:00:00,12743.9,13100.0,0.027942780467517858,False,0.001,0.026942780467517857
2018-01-07 17:00:00,2018-01-07 18:00:00,2018-01-08 17:00:00,15850.0,14830.1,-0.06434700315457409,False,0.001,-0.06534700315457409
2018-01-10 00:00:00,2018-01-10 01:00:00,2018-01-11 00:00:00,14076.5,14662.6,0.04163677050403147,False,0.001,0.04063677050403147
2018-01-11 03:00:00,2018-01-11 04:00:00,2018-01-12 03:00:00,13269.7,13600.0,0.024891293699179196,False,0.001,0.023891293699179195
2018-01-14 05:00:00,2018-01-14 06:00:00,2018-01-15 05:00:00,13782.9,13616.7,-0.012058420216354948,False,0.001,-0.013058420216354949
2018-01-16 00:00:00,2018-01-16 01:00:00,2018-01-17 00:00:00,13250.0,11143.8,-0.15895849056603784,False,0.001,-0.15995849056603784
2018-01-22 13:00:00,2018-01-22 14:00:00,2018-01-23 13:00:00,10670.8,10317.8,-0.033080931139183534,False,0.001,-0.034080931139183535
2018-01-26 08:00:00,2018-01-26 09:00:00,2018-01-27 08:00:00,10740.6,11152.9,0.03838705472692383,False,0.001,0.03738705472692383
2018-01-30 01:00:00,2018-01-30 02:00:00,2018-01-31 01:00:00,10886.0,9742.96,-0.1050009186110602,False,0.001,-0.1060009186110602
2018-02-01 09:00:00,2018-02-01 10:00:00,2018-02-02 09:00:00,9522.37,8286.54,-0.12978176651400852,False,0.001,-0.13078176651400852
2018-02-22 12:00:00,2018-02-22 13:00:00,2018-02-23 12:00:00,9924.25,10210.0,0.028793107791520667,False,0.001,0.027793107791520666
2018-02-24 10:00:00,2018-02-24 11:00:00,2018-02-25 10:00:00,9751.95,9655.68,-0.009871871779490338,False,0.001,-0.010871871779490339
2018-03-06 10:00:00,2018-03-06 11:00:00,2018-03-07 10:00:00,10935.5,10489.0,-0.04083032325911029,False,0.001,-0.04183032325911029
2018-03-07 16:00:00,2018-03-07 17:00:00,2018-03-08 16:00:00,9956.19,9435.01,-0.052347333668803064,False,0.001,-0.053347333668803065
2018-03-08 16:00:00,2018-03-08 17:00:00,2018-03-09 16:00:00,9433.96,8715.81,-0.0761239182697403,False,0.001,-0.0771239182697403
2018-03-11 00:00:00,2018-03-11 01:00:00,2018-03-12 00:00:00,8507.34,9599.39,0.1283656230972312,False,0.001,0.1273656230972312
2018-03-14 16:00:00,2018-03-14 17:00:00,2018-03-15 16:00:00,8419.99,8085.05,-0.039779144630813,False,0.001,-0.040779144630813
2018-03-18 14:00:00,2018-03-18 15:00:00,2018-03-19 14:00:00,7478.0,8587.68,0.14839261834715178,False,0.001,0.14739261834715178
2018-03-23 02:00:00,2018-03-23 03:00:00,2018-03-24 02:00:00,8430.1,8887.54,0.05426270151006518,False,0.001,0.05326270151006518
2018-03-26 17:00:00,2018-03-26 18:00:00,2018-03-27 17:00:00,7924.98,7914.61,-0.0013085206524180437,False,0.001,-0.0023085206524180437
2018-03-29 04:00:00,2018-03-29 05:00:00,2018-03-30 04:00:00,7591.52,6696.67,-0.11787494467511117,False,0.001,-0.11887494467511117
2018-04-04 09:00:00,2018-04-04 10:00:00,2018-04-05 09:00:00,7085.51,6855.3,-0.03249025123103344,False,0.001,-0.03349025123103344
2018-04-06 06:00:00,2018-04-06 07:00:00,2018-04-07 06:00:00,6577.9,6864.76,0.043609662658295356,False,0.001,0.042609662658295355
2018-04-09 10:00:00,2018-04-09 11:00:00,2018-04-10 10:00:00,6781.0,6726.45,-0.008044536204099728,False,0.001,-0.009044536204099729
2018-04-12 06:00:00,2018-04-12 07:00:00,2018-04-13 06:00:00,6794.0,7824.0,0.15160435678539885,False,0.001,0.15060435678539885
2018-04-16 12:00:00,2018-04-16 13:00:00,2018-04-17 12:00:00,7963.6,8098.5,0.01693957506655286,False,0.001,0.015939575066552858
2018-04-17 18:00:00,2018-04-17 19:00:00,2018-04-18 18:00:00,7940.0,8107.25,0.021064231738035177,False,0.001,0.020064231738035176
2018-04-25 14:00:00,2018-04-25 15:00:00,2018-04-26 14:00:00,8901.06,8810.67,-0.010154970306907152,False,0.001,-0.011154970306907153
2018-05-01 00:00:00,2018-05-01 01:00:00,2018-05-02 00:00:00,8976.14,9032.84,0.006316746396558104,False,0.001,0.005316746396558104
2018-05-06 06:00:00,2018-05-06 07:00:00,2018-05-07 06:00:00,9646.79,9344.02,-0.03138556970764372,False,0.001,-0.032385569707643724
2018-05-08 12:00:00,2018-05-08 13:00:00,2018-05-09 12:00:00,9125.95,9273.24,0.01613968956656553,False,0.001,0.015139689566565528
2018-05-10 17:00:00,2018-05-10 18:00:00,2018-05-11 17:00:00,9154.98,8592.58,-0.06143104627208362,False,0.001,-0.06243104627208362
2018-05-11 20:00:00,2018-05-11 21:00:00,2018-05-12 20:00:00,8427.63,8439.34,0.0013894772314400061,False,0.001,0.0003894772314400061
2018-05-15 14:00:00,2018-05-15 15:00:00,2018-05-16 14:00:00,8517.77,8225.0,-0.03437167239782246,False,0.001,-0.03537167239782246
2018-05-17 22:00:00,2018-05-17 23:00:00,2018-05-18 22:00:00,8079.99,8219.9,0.017315615489623015,False,0.001,0.016315615489623014
2018-05-22 20:00:00,2018-05-22 21:00:00,2018-05-23 20:00:00,8112.0,7596.24,-0.06357988165680473,False,0.001,-0.06457988165680473
2018-05-26 22:00:00,2018-05-26 23:00:00,2018-05-27 22:00:00,7321.79,7357.0,0.004808933334607968,False,0.001,0.0038089333346079677
2018-05-28 05:00:00,2018-05-28 06:00:00,2018-05-29 05:00:00,7191.92,7101.58,-0.012561318813334998,False,0.001,-0.013561318813335
2018-05-30 14:00:00,2018-05-30 15:00:00,2018-05-31 14:00:00,7379.33,7554.24,0.023702693876002323,False,0.001,0.022702693876002322
2018-06-01 11:00:00,2018-06-01 12:00:00,2018-06-02 11:00:00,7358.77,7639.97,0.03821290786367837,False,0.001,0.03721290786367837
2018-06-04 06:00:00,2018-06-04 07:00:00,2018-06-05 06:00:00,7571.77,7427.23,-0.019089327858611727,False,0.001,-0.020089327858611727
2018-06-06 16:00:00,2018-06-06 17:00:00,2018-06-07 16:00:00,7519.67,7718.07,0.0263841365379065,False,0.001,0.0253841365379065
2018-06-09 23:00:00,2018-06-10 00:00:00,2018-06-10 23:00:00,7498.0,6781.17,-0.09560282742064552,False,0.001,-0.09660282742064552
2018-06-12 19:00:00,2018-06-12 20:00:00,2018-06-13 19:00:00,6511.81,6292.5,-0.033678808196185184,False,0.001,-0.034678808196185185
2018-06-18 00:00:00,2018-06-18 01:00:00,2018-06-19 00:00:00,6408.64,6711.41,0.04724403305537517,False,0.001,0.04624403305537517
2018-06-20 01:00:00,2018-06-20 02:00:00,2018-06-21 01:00:00,6618.62,6755.4,0.02066593942543915,False,0.001,0.01966593942543915
2018-06-22 01:00:00,2018-06-22 02:00:00,2018-06-23 01:00:00,6648.87,6147.0,-0.07548199919685594,False,0.001,-0.07648199919685594
2018-06-24 04:00:00,2018-06-24 05:00:00,2018-06-25 04:00:00,5920.57,6138.49,0.036807266867886046,False,0.001,0.035807266867886045
2018-06-26 23:00:00,2018-06-27 00:00:00,2018-06-27 23:00:00,6073.99,6135.64,0.010149835610529623,False,0.001,0.009149835610529622
2018-06-28 21:00:00,2018-06-28 22:00:00,2018-06-29 21:00:00,5914.57,5920.74,0.0010431865714668476,False,0.001,4.318657146684755e-05
2018-07-03 22:00:00,2018-07-03 23:00:00,2018-07-04 22:00:00,6476.4,6593.01,0.018005373355568066,False,0.001,0.017005373355568065
2018-07-05 18:00:00,2018-07-05 19:00:00,2018-07-06 18:00:00,6482.68,6563.73,0.01250254524363359,False,0.001,0.011502545243633588
2018-07-10 09:00:00,2018-07-10 10:00:00,2018-07-11 09:00:00,6450.99,6341.93,-0.016905932267760382,False,0.001,-0.017905932267760383
2018-07-12 06:00:00,2018-07-12 07:00:00,2018-07-13 06:00:00,6217.03,6230.01,0.0020878136344846254,False,0.001,0.0010878136344846254
2018-07-20 17:00:00,2018-07-20 18:00:00,2018-07-21 17:00:00,7332.45,7410.33,0.010621279381380022,False,0.001,0.009621279381380021
2018-07-26 21:00:00,2018-07-26 22:00:00,2018-07-27 21:00:00,7958.39,8261.68,0.03810946686452921,False,0.001,0.037109466864529206
2018-07-30 17:00:00,2018-07-30 18:00:00,2018-07-31 17:00:00,7912.0,7724.58,-0.02368806875631957,False,0.001,-0.02468806875631957
2018-08-03 00:00:00,2018-08-03 01:00:00,2018-08-04 00:00:00,7387.47,7454.54,0.009078886276357112,False,0.001,0.008078886276357111
2018-08-04 12:00:00,2018-08-04 13:00:00,2018-08-05 12:00:00,7249.99,7042.54,-0.02861383257080352,False,0.001,-0.029613832570803522
2018-08-07 21:00:00,2018-08-07 22:00:00,2018-08-08 21:00:00,6752.14,6299.33,-0.06706170191968774,False,0.001,-0.06806170191968774
2018-08-10 20:00:00,2018-08-10 21:00:00,2018-08-11 20:00:00,6189.01,6419.37,0.03722081560701951,False,0.001,0.03622081560701951
2018-08-14 01:00:00,2018-08-14 02:00:00,2018-08-15 01:00:00,6032.28,6221.39,0.0313496720974491,False,0.001,0.0303496720974491
2018-08-18 13:00:00,2018-08-18 14:00:00,2018-08-19 13:00:00,6358.0,6454.69,0.015207612456747288,False,0.001,0.014207612456747287
2018-08-20 22:00:00,2018-08-20 23:00:00,2018-08-21 22:00:00,6304.83,6476.0,0.027149027015795912,False,0.001,0.02614902701579591
2018-08-22 20:00:00,2018-08-22 21:00:00,2018-08-23 20:00:00,6328.03,6414.54,0.013670921281978776,False,0.001,0.012670921281978775
2018-08-26 02:00:00,2018-08-26 03:00:00,2018-08-27 02:00:00,6647.25,6666.39,0.0028793862123435154,False,0.001,0.0018793862123435154
2018-08-29 15:00:00,2018-08-29 16:00:00,2018-08-30 15:00:00,6975.26,6859.02,-0.016664611785080385,False,0.001,-0.017664611785080386
2018-09-05 09:00:00,2018-09-05 10:00:00,2018-09-06 09:00:00,7105.16,6384.99,-0.10135873083786995,False,0.001,-0.10235873083786995
2018-09-08 17:00:00,2018-09-08 18:00:00,2018-09-09 17:00:00,6212.68,6369.99,0.025320795534294227,False,0.001,0.024320795534294226
2018-09-16 04:00:00,2018-09-16 05:00:00,2018-09-17 04:00:00,6445.51,6486.7,0.006390495088829162,False,0.001,0.005390495088829162
2018-09-17 14:00:00,2018-09-17 15:00:00,2018-09-18 14:00:00,6347.0,6359.86,0.002026154088545784,False,0.001,0.001026154088545784
2018-09-19 18:00:00,2018-09-19 19:00:00,2018-09-20 18:00:00,6153.08,6405.52,0.041026607812672866,False,0.001,0.040026607812672865
2018-09-24 06:00:00,2018-09-24 07:00:00,2018-09-25 06:00:00,6640.45,6413.29,-0.03420852502465943,False,0.001,-0.03520852502465943
2018-09-29 01:00:00,2018-09-29 02:00:00,2018-09-30 01:00:00,6466.71,6574.41,0.01665452757275343,False,0.001,0.01565452757275343
2018-10-03 03:00:00,2018-10-03 04:00:00,2018-10-04 03:00:00,6419.95,6557.56,0.021434746376529423,False,0.001,0.020434746376529422
2018-10-07 08:00:00,2018-10-07 09:00:00,2018-10-08 08:00:00,6512.72,6544.8,0.004925745310714991,False,0.001,0.003925745310714991
2018-10-10 03:00:00,2018-10-10 04:00:00,2018-10-11 03:00:00,6537.98,6221.55,-0.04839874089550589,False,0.001,-0.04939874089550589
2018-10-14 23:00:00,2018-10-15 00:00:00,2018-10-15 23:00:00,6185.04,6441.74,0.04150336942040789,False,0.001,0.040503369420407886
2018-10-18 17:00:00,2018-10-18 18:00:00,2018-10-19 17:00:00,6392.64,6390.46,-0.0003410171697452169,False,0.001,-0.001341017169745217
2018-10-25 01:00:00,2018-10-25 02:00:00,2018-10-26 01:00:00,6385.14,6391.8,0.0010430468243451951,False,0.001,4.304682434519511e-05
2018-10-29 11:00:00,2018-10-29 12:00:00,2018-10-30 11:00:00,6333.05,6260.82,-0.011405247076842984,False,0.001,-0.012405247076842985
2018-10-31 14:00:00,2018-10-31 15:00:00,2018-11-01 14:00:00,6218.02,6307.48,0.014387216509435419,False,0.001,0.013387216509435418
2018-11-08 02:00:00,2018-11-08 03:00:00,2018-11-09 02:00:00,6455.29,6386.98,-0.010582018778397262,False,0.001,-0.011582018778397263
2018-11-09 09:00:00,2018-11-09 10:00:00,2018-11-10 09:00:00,6352.76,6356.24,0.000547793400033969,False,0.001,-0.000452206599966031
2018-11-11 15:00:00,2018-11-11 16:00:00,2018-11-12 15:00:00,6309.82,6353.28,0.00688767666906509,False,0.001,0.00588767666906509
2018-11-13 01:00:00,2018-11-13 02:00:00,2018-11-14 01:00:00,6288.34,6274.16,-0.0022549671296400176,False,0.001,-0.0032549671296400176
2018-11-14 10:00:00,2018-11-14 11:00:00,2018-11-15 10:00:00,6189.03,5387.26,-0.12954695646975367,False,0.001,-0.13054695646975367
2018-11-19 05:00:00,2018-11-19 06:00:00,2018-11-20 05:00:00,5429.99,4595.21,-0.15373508975154648,False,0.001,-0.15473508975154648
2018-11-20 08:00:00,2018-11-20 09:00:00,2018-11-21 08:00:00,4309.98,4578.08,0.062204464985916585,False,0.001,0.061204464985916585
2018-11-22 23:00:00,2018-11-23 00:00:00,2018-11-23 23:00:00,4268.4,4288.26,0.004652797301096578,False,0.001,0.0036527973010965784
2018-11-24 19:00:00,2018-11-24 20:00:00,2018-11-25 19:00:00,4139.2,3790.11,-0.08433755315036717,False,0.001,-0.08533755315036717
2018-12-03 02:00:00,2018-12-03 03:00:00,2018-12-04 02:00:00,3942.29,3832.93,-0.027740222053679542,False,0.001,-0.028740222053679543
2018-12-05 16:00:00,2018-12-05 17:00:00,2018-12-06 16:00:00,3691.27,3599.67,-0.024815307468703196,False,0.001,-0.025815307468703197
2018-12-06 23:00:00,2018-12-07 00:00:00,2018-12-07 23:00:00,3437.22,3380.68,-0.01644933987350239,False,0.001,-0.01744933987350239
2018-12-13 19:00:00,2018-12-13 20:00:00,2018-12-14 19:00:00,3317.7,3180.87,-0.0412424269825481,False,0.001,-0.0422424269825481
2018-12-25 00:00:00,2018-12-25 01:00:00,2018-12-26 00:00:00,3824.71,3770.19,-0.014254675517882398,False,0.001,-0.015254675517882399
2018-12-27 19:00:00,2018-12-27 20:00:00,2018-12-28 19:00:00,3611.62,3883.84,0.07537337815163281,False,0.001,0.07437337815163281
2018-12-29 23:00:00,2018-12-30 00:00:00,2018-12-30 23:00:00,3728.96,3835.79,0.0286487385222689,False,0.001,0.0276487385222689
2018-12-31 19:00:00,2018-12-31 20:00:00,2019-01-01 19:00:00,3685.65,3696.58,0.0029655556007759376,False,0.001,0.0019655556007759376
2019-01-03 16:00:00,2019-01-03 17:00:00,2019-01-04 16:00:00,3773.86,3771.4,-0.0006518524799542513,False,0.001,-0.0016518524799542514
2019-01-10 06:00:00,2019-01-10 07:00:00,2019-01-11 06:00:00,3812.9,3627.2,-0.04870308688924452,False,0.001,-0.04970308688924452
2019-01-13 16:00:00,2019-01-13 17:00:00,2019-01-14 16:00:00,3504.91,3660.0,0.04424935305043509,False,0.001,0.04324935305043509
2019-01-15 20:00:00,2019-01-15 21:00:00,2019-01-16 20:00:00,3560.51,3591.43,0.008684149180875567,False,0.001,0.007684149180875567
2019-01-20 11:00:00,2019-01-20 12:00:00,2019-01-21 11:00:00,3589.1,3548.46,-0.011323172940291393,False,0.001,-0.012323172940291394
2019-01-23 19:00:00,2019-01-23 20:00:00,2019-01-24 19:00:00,3535.0,3577.37,0.011985855728430028,False,0.001,0.010985855728430027
2019-01-28 05:00:00,2019-01-28 06:00:00,2019-01-29 05:00:00,3416.5,3389.24,-0.007978925801258696,False,0.001,-0.008978925801258697
2019-01-29 07:00:00,2019-01-29 08:00:00,2019-01-30 07:00:00,3359.48,3413.71,0.016142379177729982,False,0.001,0.015142379177729981
2019-02-01 01:00:00,2019-02-01 02:00:00,2019-02-02 01:00:00,3387.2,3429.64,0.012529522909777935,False,0.001,0.011529522909777934
2019-02-06 01:00:00,2019-02-06 02:00:00,2019-02-07 01:00:00,3378.83,3369.0,-0.0029092910859676024,False,0.001,-0.0039092910859676025
2019-02-12 00:00:00,2019-02-12 01:00:00,2019-02-13 00:00:00,3565.82,3595.96,0.008452473764800184,False,0.001,0.0074524737648001835
2019-02-15 14:00:00,2019-02-15 15:00:00,2019-02-16 14:00:00,3552.61,3598.41,0.012891930158390519,False,0.001,0.011891930158390518
2019-02-24 14:00:00,2019-02-24 15:00:00,2019-02-25 14:00:00,3791.0,3776.8,-0.003745713532049555,False,0.001,-0.004745713532049555
2019-02-27 20:00:00,2019-02-27 21:00:00,2019-02-28 20:00:00,3725.68,3801.71,0.02040701294797187,False,0.001,0.01940701294797187
2019-03-04 04:00:00,2019-03-04 05:00:00,2019-03-05 04:00:00,3746.95,3703.64,-0.011558734437342344,False,0.001,-0.012558734437342345
2019-03-08 22:00:00,2019-03-08 23:00:00,2019-03-09 22:00:00,3825.75,3897.75,0.018819839247206538,False,0.001,0.017819839247206537
2019-03-11 12:00:00,2019-03-11 13:00:00,2019-03-12 12:00:00,3828.53,3870.83,0.01104862701872511,False,0.001,0.01004862701872511
2019-03-18 05:00:00,2019-03-18 06:00:00,2019-03-19 05:00:00,3935.34,3962.64,0.006937138849502089,False,0.001,0.005937138849502089
2019-03-21 14:00:00,2019-03-21 15:00:00,2019-03-22 14:00:00,3926.12,3992.62,0.016937841940643628,False,0.001,0.015937841940643627
2019-03-25 18:00:00,2019-03-25 19:00:00,2019-03-26 18:00:00,3892.17,3922.0,0.007664105113599939,False,0.001,0.006664105113599939
2019-04-11 03:00:00,2019-04-11 04:00:00,2019-04-12 03:00:00,5195.68,5023.33,-0.033171788870754226,False,0.001,-0.03417178887075423
2019-04-15 17:00:00,2019-04-15 18:00:00,2019-04-16 17:00:00,5062.03,5208.7,0.028974541834007272,False,0.001,0.02797454183400727
2019-04-19 01:00:00,2019-04-19 02:00:00,2019-04-20 01:00:00,5217.61,5305.9,0.016921540705418847,False,0.001,0.015921540705418846
2019-04-21 09:00:00,2019-04-21 10:00:00,2019-04-22 09:00:00,5256.45,5299.96,0.008277449609527476,False,0.001,0.007277449609527476
2019-04-24 07:00:00,2019-04-24 08:00:00,2019-04-25 07:00:00,5469.41,5429.47,-0.007302432986373231,False,0.001,-0.008302432986373232
2019-04-25 22:00:00,2019-04-25 23:00:00,2019-04-26 22:00:00,5129.97,5147.04,0.0033275048392096274,False,0.001,0.0023275048392096273
2019-05-04 13:00:00,2019-05-04 14:00:00,2019-05-05 13:00:00,5566.97,5734.0,0.030003754286443085,False,0.001,0.029003754286443084
2019-05-06 01:00:00,2019-05-06 02:00:00,2019-05-07 01:00:00,5613.58,5749.27,0.024171740671728337,False,0.001,0.023171740671728336
2019-05-17 02:00:00,2019-05-17 03:00:00,2019-05-18 02:00:00,7318.0,7309.0,-0.0012298442197321569,False,0.001,-0.002229844219732157
2019-05-22 21:00:00,2019-05-22 22:00:00,2019-05-23 21:00:00,7670.0,7922.23,0.03288526727509766,False,0.001,0.03188526727509766
2019-05-29 05:00:00,2019-05-29 06:00:00,2019-05-30 05:00:00,8456.93,8714.31,0.030434211942158562,False,0.001,0.02943421194215856
2019-05-30 20:00:00,2019-05-30 21:00:00,2019-05-31 20:00:00,8457.53,8498.9,0.004891499054688442,False,0.001,0.003891499054688442
2019-06-03 06:00:00,2019-06-03 07:00:00,2019-06-04 06:00:00,8520.2,7838.62,-0.07999577474707176,False,0.001,-0.08099577474707176
2019-06-04 17:00:00,2019-06-04 18:00:00,2019-06-05 17:00:00,7597.33,7797.61,0.02636189292817348,False,0.001,0.02536189292817348
2019-06-09 12:00:00,2019-06-09 13:00:00,2019-06-10 12:00:00,7763.05,7996.01,0.030008823851450206,False,0.001,0.029008823851450205
2019-06-30 13:00:00,2019-06-30 14:00:00,2019-07-01 13:00:00,11072.5,10519.4,-0.049952585233687063,False,0.001,-0.050952585233687064
2019-07-02 04:00:00,2019-07-02 05:00:00,2019-07-03 04:00:00,9887.54,11285.0,0.141335458567045,False,0.001,0.140335458567045
2019-07-04 23:00:00,2019-07-05 00:00:00,2019-07-05 23:00:00,11144.8,10997.8,-0.013190007896059175,False,0.001,-0.014190007896059176
2019-07-10 20:00:00,2019-07-10 21:00:00,2019-07-11 20:00:00,11772.3,11153.5,-0.05256406989288409,False,0.001,-0.05356406989288409
2019-07-11 20:00:00,2019-07-11 21:00:00,2019-07-12 20:00:00,11138.4,11919.0,0.07008187890540829,False,0.001,0.06908187890540829
2019-07-13 10:00:00,2019-07-13 11:00:00,2019-07-14 10:00:00,11309.1,10733.6,-0.05088822275866334,False,0.001,-0.05188822275866334
2019-07-16 16:00:00,2019-07-16 17:00:00,2019-07-17 16:00:00,9902.38,9721.35,-0.01828146364813299,False,0.001,-0.01928146364813299
2019-07-22 14:00:00,2019-07-22 15:00:00,2019-07-23 14:00:00,10192.7,9976.43,-0.021218126698519524,False,0.001,-0.022218126698519525
2019-07-24 16:00:00,2019-07-24 17:00:00,2019-07-25 16:00:00,9567.7,9985.0,0.04361549797757025,False,0.001,0.04261549797757025
2019-07-26 00:00:00,2019-07-26 01:00:00,2019-07-27 00:00:00,9731.6,10170.5,0.045100497348842916,False,0.001,0.044100497348842915
2019-07-27 10:00:00,2019-07-27 11:00:00,2019-07-28 10:00:00,9509.1,9442.84,-0.006968062172024725,False,0.001,-0.007968062172024726
2019-08-08 17:00:00,2019-08-08 18:00:00,2019-08-09 17:00:00,11558.9,11769.0,0.018176470079332763,False,0.001,0.017176470079332762
2019-08-10 11:00:00,2019-08-10 12:00:00,2019-08-11 11:00:00,11355.0,11458.8,0.009141347424042268,False,0.001,0.008141347424042267
2019-08-13 13:00:00,2019-08-13 14:00:00,2019-08-14 13:00:00,11099.5,10559.0,-0.04869588720212625,False,0.001,-0.049695887202126254
2019-08-14 16:00:00,2019-08-14 17:00:00,2019-08-15 16:00:00,10310.4,10039.6,-0.026264742396027274,False,0.001,-0.027264742396027275
2019-08-17 17:00:00,2019-08-17 18:00:00,2019-08-18 17:00:00,10074.8,10389.2,0.031206574820344057,False,0.001,0.030206574820344056
2019-08-21 03:00:00,2019-08-21 04:00:00,2019-08-22 03:00:00,10280.4,9867.37,-0.04017645227812139,False,0.001,-0.04117645227812139
2019-08-24 09:00:00,2019-08-24 10:00:00,2019-08-25 09:00:00,9987.23,10160.1,0.017309103725457575,False,0.001,0.016309103725457574
2019-08-28 18:00:00,2019-08-28 19:00:00,2019-08-29 18:00:00,9692.64,9487.14,-0.02120165403852825,False,0.001,-0.02220165403852825
2019-08-31 20:00:00,2019-08-31 21:00:00,2019-09-01 20:00:00,9493.49,9633.57,0.014755374472401606,False,0.001,0.013755374472401605
2019-09-06 17:00:00,2019-09-06 18:00:00,2019-09-07 17:00:00,10428.6,10509.5,0.007757512993115112,False,0.001,0.006757512993115112
2019-09-09 07:00:00,2019-09-09 08:00:00,2019-09-10 07:00:00,10147.0,10266.7,0.011796590125160211,False,0.001,0.01079659012516021
2019-09-10 19:00:00,2019-09-10 20:00:00,2019-09-11 19:00:00,10011.5,10068.0,0.005643509963541904,False,0.001,0.004643509963541904
2019-09-13 17:00:00,2019-09-13 18:00:00,2019-09-14 17:00:00,10235.3,10391.9,0.01529999120690162,False,0.001,0.014299991206901619
2019-09-16 12:00:00,2019-09-16 13:00:00,2019-09-17 12:00:00,10138.8,10208.4,0.006864717718073177,False,0.001,0.005864717718073177
2019-09-19 03:00:00,2019-09-19 04:00:00,2019-09-20 03:00:00,9815.0,10224.8,0.04175241976566468,False,0.001,0.04075241976566468
2019-09-24 18:00:00,2019-09-24 19:00:00,2019-09-25 18:00:00,8630.42,8334.01,-0.03434479434372828,False,0.001,-0.03534479434372828
2019-09-26 15:00:00,2019-09-26 16:00:00,2019-09-27 15:00:00,7919.39,7993.32,0.009335314967440667,False,0.001,0.008335314967440666
2019-09-29 12:00:00,2019-09-29 13:00:00,2019-09-30 12:00:00,7999.77,8015.32,0.0019438058844190031,False,0.001,0.0009438058844190031
2019-10-03 14:00:00,2019-10-03 15:00:00,2019-10-04 14:00:00,8112.72,8168.91,0.0069261603999644095,False,0.001,0.0059261603999644094
2019-10-06 06:00:00,2019-10-06 07:00:00,2019-10-07 06:00:00,7979.44,7829.15,-0.018834655063513228,False,0.001,-0.01983465506351323
2019-10-11 05:00:00,2019-10-11 06:00:00,2019-10-12 05:00:00,8435.68,8342.0,-0.01110521024979616,False,0.001,-0.012105210249796161
2019-10-13 20:00:00,2019-10-13 21:00:00,2019-10-14 20:00:00,8262.17,8337.02,0.009059363339171123,False,0.001,0.008059363339171122
2019-10-15 16:00:00,2019-10-15 17:00:00,2019-10-16 16:00:00,8184.63,7965.6,-0.02676113642278266,False,0.001,-0.027761136422782662
2019-10-18 05:00:00,2019-10-18 06:00:00,2019-10-19 05:00:00,7903.1,7937.57,0.004361579633308299,False,0.001,0.003361579633308299
2019-10-22 20:00:00,2019-10-22 21:00:00,2019-10-23 20:00:00,8124.2,7487.69,-0.07834740651387218,False,0.001,-0.07934740651387218
2019-10-28 23:00:00,2019-10-29 00:00:00,2019-10-29 23:00:00,9216.39,9426.94,0.022845170397520098,False,0.001,0.021845170397520097
2019-11-03 10:00:00,2019-11-03 11:00:00,2019-11-04 10:00:00,9140.62,9211.5,0.007754397404114766,False,0.001,0.006754397404114766
2019-11-07 07:00:00,2019-11-07 08:00:00,2019-11-08 07:00:00,9249.79,9133.62,-0.012559204046794559,False,0.001,-0.01355920404679456
2019-11-08 08:00:00,2019-11-08 09:00:00,2019-11-09 08:00:00,9055.08,8813.16,-0.026716495050292166,False,0.001,-0.027716495050292167
2019-11-11 06:00:00,2019-11-11 07:00:00,2019-11-12 06:00:00,8783.28,8764.99,-0.0020823655855216616,False,0.001,-0.0030823655855216616
2019-11-14 04:00:00,2019-11-14 05:00:00,2019-11-15 04:00:00,8659.56,8542.79,-0.01348451884391344,False,0.001,-0.014484518843913441
2019-11-15 14:00:00,2019-11-15 15:00:00,2019-11-16 14:00:00,8453.93,8487.02,0.003914155901456606,False,0.001,0.0029141559014566063
2019-11-17 07:00:00,2019-11-17 08:00:00,2019-11-18 07:00:00,8418.35,8439.95,0.002565823468969608,False,0.001,0.001565823468969608
2019-11-18 12:00:00,2019-11-18 13:00:00,2019-11-19 12:00:00,8401.0,8038.77,-0.043117486013569795,False,0.001,-0.044117486013569795
2019-11-21 08:00:00,2019-11-21 09:00:00,2019-11-22 08:00:00,7906.74,7513.91,-0.049682928741807575,False,0.001,-0.050682928741807576
2019-11-22 10:00:00,2019-11-22 11:00:00,2019-11-23 10:00:00,7070.62,7174.29,0.014662080553049073,False,0.001,0.013662080553049072
2019-11-24 14:00:00,2019-11-24 15:00:00,2019-11-25 14:00:00,7071.33,7164.87,0.013228063179062444,False,0.001,0.012228063179062443
2019-11-27 09:00:00,2019-11-27 10:00:00,2019-11-28 09:00:00,6894.99,7519.55,0.09058171222873423,False,0.001,0.08958171222873423
2019-11-30 14:00:00,2019-11-30 15:00:00,2019-12-01 14:00:00,7564.6,7401.95,-0.021501467361129567,False,0.001,-0.022501467361129568
2019-12-04 00:00:00,2019-12-04 01:00:00,2019-12-05 00:00:00,7133.4,7220.0,0.012140073457257428,False,0.001,0.011140073457257427
2019-12-09 15:00:00,2019-12-09 16:00:00,2019-12-10 15:00:00,7421.85,7232.28,-0.025542149194607844,False,0.001,-0.026542149194607845
2019-12-14 08:00:00,2019-12-14 09:00:00,2019-12-15 08:00:00,7178.86,7150.77,-0.003912877532087133,False,0.001,-0.004912877532087133
2019-12-16 18:00:00,2019-12-16 19:00:00,2019-12-17 18:00:00,6910.19,6704.29,-0.02979657578156314,False,0.001,-0.03079657578156314
2019-12-17 19:00:00,2019-12-17 20:00:00,2019-12-18 19:00:00,6619.19,6959.57,0.0514232103928125,False,0.001,0.0504232103928125
2019-12-27 11:00:00,2019-12-27 12:00:00,2019-12-28 11:00:00,7103.24,7294.11,0.026870836407048015,False,0.001,0.025870836407048015
2020-01-02 16:00:00,2020-01-02 17:00:00,2020-01-03 16:00:00,7025.0,7389.02,0.05181779359430605,False,0.001,0.05081779359430605
2020-01-19 11:00:00,2020-01-19 12:00:00,2020-01-20 11:00:00,8669.41,8603.31,-0.007624509626375953,False,0.001,-0.008624509626375954
2020-01-21 19:00:00,2020-01-21 20:00:00,2020-01-22 19:00:00,8511.38,8644.35,0.01562261348923455,False,0.001,0.014622613489234548
2020-01-23 09:00:00,2020-01-23 10:00:00,2020-01-24 09:00:00,8405.28,8236.64,-0.020063579083623773,False,0.001,-0.021063579083623774
2020-02-10 05:00:00,2020-02-10 06:00:00,2020-02-11 05:00:00,9822.8,9749.64,-0.007447978173229619,False,0.001,-0.00844797817322962
2020-02-15 15:00:00,2020-02-15 16:00:00,2020-02-16 15:00:00,9967.82,9864.2,-0.010395452566358432,False,0.001,-0.011395452566358433
2020-02-16 16:00:00,2020-02-16 17:00:00,2020-02-17 16:00:00,9737.04,9685.81,-0.005261352526024443,False,0.001,-0.006261352526024443
2020-02-19 21:00:00,2020-02-19 22:00:00,2020-02-20 21:00:00,9620.73,9616.56,-0.0004334390425674295,False,0.001,-0.0014334390425674295
2020-02-25 14:00:00,2020-02-25 15:00:00,2020-02-26 14:00:00,9400.96,9021.07,-0.04040970283885892,False,0.001,-0.04140970283885892
2020-02-26 16:00:00,2020-02-26 17:00:00,2020-02-27 16:00:00,8730.51,8941.88,0.024210498584847695,False,0.001,0.023210498584847694
2020-03-07 17:00:00,2020-03-07 18:00:00,2020-03-08 17:00:00,8939.75,8323.85,-0.06889454403087325,False,0.001,-0.06989454403087325
2020-03-08 23:00:00,2020-03-09 00:00:00,2020-03-09 23:00:00,8035.79,7936.25,-0.01238708328614857,False,0.001,-0.013387083286148571
2020-03-12 10:00:00,2020-03-12 11:00:00,2020-03-13 10:00:00,6334.46,5638.07,-0.10993675861872998,False,0.001,-0.11093675861872998
2020-03-16 10:00:00,2020-03-16 11:00:00,2020-03-17 10:00:00,4461.34,5316.24,0.19162404120735022,False,0.001,0.19062404120735021
2020-03-20 20:00:00,2020-03-20 21:00:00,2020-03-21 20:00:00,5975.53,6328.48,0.05906589038963905,False,0.001,0.05806589038963905
2020-03-27 23:00:00,2020-03-28 00:00:00,2020-03-28 23:00:00,6376.03,6253.08,-0.019283158956278412,False,0.001,-0.020283158956278413
2020-03-29 19:00:00,2020-03-29 20:00:00,2020-03-30 19:00:00,5904.88,6378.07,0.08013541342076369,False,0.001,0.07913541342076369
2020-04-01 00:00:00,2020-04-01 01:00:00,2020-04-02 00:00:00,6305.28,6644.85,0.05385486449451893,False,0.001,0.05285486449451893
2020-04-07 20:00:00,2020-04-07 21:00:00,2020-04-08 20:00:00,7120.48,7325.3,0.0287649147248501,False,0.001,0.027764914724850098
2020-04-09 11:00:00,2020-04-09 12:00:00,2020-04-10 11:00:00,7185.0,6904.9,-0.03898399443284628,False,0.001,-0.03998399443284628
2020-04-13 00:00:00,2020-04-13 01:00:00,2020-04-14 00:00:00,6723.6,6849.06,0.01865964661788322,False,0.001,0.017659646617883218
2020-04-15 10:00:00,2020-04-15 11:00:00,2020-04-16 10:00:00,6785.98,6969.71,0.027074939802357312,False,0.001,0.02607493980235731
2020-04-20 11:00:00,2020-04-20 12:00:00,2020-04-21 11:00:00,6963.14,6802.25,-0.023105955071993423,False,0.001,-0.024105955071993423
2020-05-10 00:00:00,2020-05-10 01:00:00,2020-05-11 00:00:00,8705.04,8784.22,0.009095880087856889,False,0.001,0.008095880087856888
2020-05-20 15:00:00,2020-05-20 16:00:00,2020-05-21 15:00:00,9411.62,9076.61,-0.03559535977865658,False,0.001,-0.03659535977865658
2020-05-24 16:00:00,2020-05-24 17:00:00,2020-05-25 16:00:00,8930.12,8811.35,-0.013299933259575458,False,0.001,-0.014299933259575459
2020-06-07 12:00:00,2020-06-07 13:00:00,2020-06-08 12:00:00,9509.82,9725.25,0.022653425616888656,False,0.001,0.021653425616888655
2020-06-11 16:00:00,2020-06-11 17:00:00,2020-06-12 16:00:00,9088.0,9420.16,0.03654929577464783,False,0.001,0.03554929577464783
2020-06-14 14:00:00,2020-06-14 15:00:00,2020-06-15 14:00:00,9339.34,9200.54,-0.014861863900446859,False,0.001,-0.01586186390044686
2020-06-24 07:00:00,2020-06-24 08:00:00,2020-06-25 07:00:00,9490.92,9163.18,-0.034531952645265096,False,0.001,-0.0355319526452651
2020-06-27 19:00:00,2020-06-27 20:00:00,2020-06-28 19:00:00,8929.0,9108.21,0.020070556613282386,False,0.001,0.019070556613282386
2020-07-02 15:00:00,2020-07-02 16:00:00,2020-07-03 15:00:00,9043.55,9104.1,0.006695379579921612,False,0.001,0.005695379579921612
2020-07-05 09:00:00,2020-07-05 10:00:00,2020-07-06 09:00:00,9013.24,9201.05,0.020837124053059597,False,0.001,0.019837124053059596
2020-07-09 14:00:00,2020-07-09 15:00:00,2020-07-10 14:00:00,9291.88,9185.24,-0.011476687172025435,False,0.001,-0.012476687172025436
2020-07-16 07:00:00,2020-07-16 08:00:00,2020-07-17 07:00:00,9110.79,9100.97,-0.0010778428654377725,False,0.001,-0.0020778428654377725
2020-07-19 10:00:00,2020-07-19 11:00:00,2020-07-20 10:00:00,9125.74,9156.22,0.003340003112076273,False,0.001,0.002340003112076273
2020-08-02 04:00:00,2020-08-02 05:00:00,2020-08-03 04:00:00,11177.6,11166.9,-0.0009572716862297215,False,0.001,-0.0019572716862297215
2020-08-04 11:00:00,2020-08-04 12:00:00,2020-08-05 11:00:00,11124.5,11450.3,0.029286709515034426,False,0.001,0.028286709515034425
2020-08-07 14:00:00,2020-08-07 15:00:00,2020-08-08 14:00:00,11633.1,11745.3,0.009644892590968679,False,0.001,0.008644892590968678
2020-08-11 15:00:00,2020-08-11 16:00:00,2020-08-12 15:00:00,11485.5,11588.5,0.008967829001784944,False,0.001,0.007967829001784943
2020-08-13 08:00:00,2020-08-13 09:00:00,2020-08-14 08:00:00,11420.1,11698.1,0.024343044281573745,False,0.001,0.023343044281573744
2020-08-18 14:00:00,2020-08-18 15:00:00,2020-08-19 14:00:00,11943.0,11757.0,-0.015573976387842303,False,0.001,-0.016573976387842304
2020-08-21 21:00:00,2020-08-21 22:00:00,2020-08-22 21:00:00,11530.0,11667.4,0.011916738941890603,False,0.001,0.010916738941890602
2020-08-25 12:00:00,2020-08-25 13:00:00,2020-08-26 12:00:00,11485.5,11308.6,-0.015402028644812993,False,0.001,-0.016402028644812994
2020-09-02 10:00:00,2020-09-02 11:00:00,2020-09-03 10:00:00,11584.7,11266.7,-0.027449998705188716,False,0.001,-0.028449998705188717
2020-09-03 12:00:00,2020-09-03 13:00:00,2020-09-04 12:00:00,10804.5,10472.2,-0.030755703642000976,False,0.001,-0.031755703642000976
2020-09-07 12:00:00,2020-09-07 13:00:00,2020-09-08 12:00:00,9950.0,10010.2,0.006050251256281447,False,0.001,0.005050251256281447
2020-09-20 12:00:00,2020-09-20 13:00:00,2020-09-21 12:00:00,10845.8,10562.4,-0.02612993048000145,False,0.001,-0.027129930480001452
2020-09-21 14:00:00,2020-09-21 15:00:00,2020-09-22 14:00:00,10405.6,10433.9,0.0027196893980163672,False,0.001,0.0017196893980163672
2020-09-23 19:00:00,2020-09-23 20:00:00,2020-09-24 19:00:00,10280.6,10653.1,0.03623329377662787,False,0.001,0.03523329377662787
2020-09-28 23:00:00,2020-09-29 00:00:00,2020-09-29 23:00:00,10681.4,10836.4,0.01451120639616521,False,0.001,0.01351120639616521
2020-10-01 16:00:00,2020-10-01 17:00:00,2020-10-02 16:00:00,10505.4,10552.0,0.004435813962343271,False,0.001,0.0034358139623432713
2020-10-06 18:00:00,2020-10-06 19:00:00,2020-10-07 18:00:00,10598.0,10659.0,0.0057558029816946465,False,0.001,0.0047558029816946465
2020-10-12 10:00:00,2020-10-12 11:00:00,2020-10-13 10:00:00,11266.5,11525.0,0.022944126392402175,False,0.001,0.021944126392402175
2020-10-14 15:00:00,2020-10-14 16:00:00,2020-10-15 15:00:00,11321.7,11410.4,0.00783451248487399,False,0.001,0.00683451248487399
2020-10-23 16:00:00,2020-10-23 17:00:00,2020-10-24 16:00:00,12798.5,13097.8,0.02338555299449152,False,0.001,0.02238555299449152
2020-10-26 16:00:00,2020-10-26 17:00:00,2020-10-27 16:00:00,12856.5,13659.5,0.06245867848948006,False,0.001,0.061458678489480056
2020-11-02 08:00:00,2020-11-02 09:00:00,2020-11-03 08:00:00,13452.3,13525.4,0.005434015001152259,False,0.001,0.004434015001152259
2020-11-07 18:00:00,2020-11-07 19:00:00,2020-11-08 18:00:00,14926.3,15548.5,0.04168481137321378,False,0.001,0.04068481137321378
2020-11-09 14:00:00,2020-11-09 15:00:00,2020-11-10 14:00:00,15084.0,15237.3,0.01016308671439936,False,0.001,0.00916308671439936
2020-11-22 11:00:00,2020-11-22 12:00:00,2020-11-23 11:00:00,17890.1,18581.0,0.03861912454374217,False,0.001,0.037619124543742166
2020-11-26 03:00:00,2020-11-26 04:00:00,2020-11-27 03:00:00,17941.7,17094.1,-0.047241900154389005,False,0.001,-0.048241900154389006
2020-12-01 12:00:00,2020-12-01 13:00:00,2020-12-02 12:00:00,18593.1,18952.9,0.019351264716481076,False,0.001,0.018351264716481075
2020-12-04 10:00:00,2020-12-04 11:00:00,2020-12-05 10:00:00,18986.6,19127.0,0.007394688885845824,False,0.001,0.006394688885845824
2020-12-07 18:00:00,2020-12-07 19:00:00,2020-12-08 18:00:00,18933.4,18824.5,-0.005751740310773634,False,0.001,-0.006751740310773634
2020-12-08 22:00:00,2020-12-08 23:00:00,2020-12-09 22:00:00,18325.0,18558.8,0.012758526603001252,False,0.001,0.011758526603001251
2020-12-21 10:00:00,2020-12-21 11:00:00,2020-12-22 10:00:00,22438.3,22697.5,0.011551677266103066,False,0.001,0.010551677266103066
2021-01-04 09:00:00,2021-01-04 10:00:00,2021-01-05 09:00:00,31009.4,31573.1,0.01817835882022867,False,0.001,0.017178358820228667
2021-01-15 15:00:00,2021-01-15 16:00:00,2021-01-16 15:00:00,35557.2,37485.6,0.054233741689446946,False,0.001,0.053233741689446945
2021-01-21 08:00:00,2021-01-21 09:00:00,2021-01-22 08:00:00,33218.4,31519.3,-0.051149363003636594,False,0.001,-0.052149363003636595
2021-01-24 19:00:00,2021-01-24 20:00:00,2021-01-25 19:00:00,31334.8,33424.7,0.06669581423848236,False,0.001,0.06569581423848236
2021-01-27 14:00:00,2021-01-27 15:00:00,2021-01-28 14:00:00,29540.0,31887.0,0.0794515910629654,False,0.001,0.0784515910629654
2021-01-31 15:00:00,2021-01-31 16:00:00,2021-02-01 15:00:00,32914.9,33148.9,0.007109242318828146,False,0.001,0.006109242318828146
2021-02-10 15:00:00,2021-02-10 16:00:00,2021-02-11 15:00:00,44404.5,48048.2,0.0820569987276063,False,0.001,0.0810569987276063
2021-02-15 02:00:00,2021-02-15 03:00:00,2021-02-16 02:00:00,46960.0,48462.3,0.03199105621805809,False,0.001,0.03099105621805809
2021-02-22 13:00:00,2021-02-22 14:00:00,2021-02-23 13:00:00,51938.7,48778.2,-0.060850579625597145,False,0.001,-0.061850579625597146
2021-02-26 07:00:00,2021-02-26 08:00:00,2021-02-27 07:00:00,44938.8,47190.0,0.05009479558866725,False,0.001,0.04909479558866725
2021-03-02 16:00:00,2021-03-02 17:00:00,2021-03-03 16:00:00,47528.8,51150.0,0.07618959451953344,False,0.001,0.07518959451953344
2021-03-15 09:00:00,2021-03-15 10:00:00,2021-03-16 09:00:00,55805.4,55897.9,0.0016575456855429938,False,0.001,0.0006575456855429937
2021-03-21 09:00:00,2021-03-21 10:00:00,2021-03-22 09:00:00,55954.9,57387.7,0.02560633653174249,False,0.001,0.02460633653174249
2021-03-22 20:00:00,2021-03-22 21:00:00,2021-03-23 20:00:00,54557.4,54453.8,-0.0018989174704072687,False,0.001,-0.0028989174704072687
2021-03-24 22:00:00,2021-03-24 23:00:00,2021-03-25 22:00:00,52496.5,51755.8,-0.01410951206270894,False,0.001,-0.01510951206270894
2021-04-06 14:00:00,2021-04-06 15:00:00,2021-04-07 14:00:00,57902.3,56686.1,-0.021004346977581245,False,0.001,-0.022004346977581246
2021-04-16 04:00:00,2021-04-16 05:00:00,2021-04-17 04:00:00,61738.7,62275.2,0.008689849316555032,False,0.001,0.007689849316555032
2021-04-18 03:00:00,2021-04-18 04:00:00,2021-04-19 03:00:00,55428.5,57163.2,0.03129617435074006,False,0.001,0.030296174350740057
2021-04-25 20:00:00,2021-04-25 21:00:00,2021-04-26 20:00:00,48141.4,53280.9,0.10675842414221437,False,0.001,0.10575842414221437
2021-05-02 03:00:00,2021-05-02 04:00:00,2021-05-03 03:00:00,56485.0,57983.8,0.026534478180047838,False,0.001,0.025534478180047837
2021-05-04 00:00:00,2021-05-04 01:00:00,2021-05-05 00:00:00,55313.5,54566.9,-0.013497609082773643,False,0.001,-0.014497609082773644
2021-05-06 18:00:00,2021-05-06 19:00:00,2021-05-07 18:00:00,55775.1,57941.9,0.038848877007840565,False,0.001,0.037848877007840565
2021-05-09 12:00:00,2021-05-09 13:00:00,2021-05-10 12:00:00,56465.4,57756.6,0.02286710091489641,False,0.001,0.02186710091489641
2021-05-10 19:00:00,2021-05-10 20:00:00,2021-05-11 19:00:00,55694.8,56729.7,0.01858162701006183,False,0.001,0.01758162701006183
2021-05-12 16:00:00,2021-05-12 17:00:00,2021-05-13 16:00:00,55016.8,48691.4,-0.11497215396024485,False,0.001,-0.11597215396024485
2021-05-15 23:00:00,2021-05-16 00:00:00,2021-05-16 23:00:00,46753.4,46444.8,-0.006600589475845631,False,0.001,-0.007600589475845631
2021-05-19 01:00:00,2021-05-19 02:00:00,2021-05-20 01:00:00,40835.1,37016.8,-0.09350534221784679,False,0.001,-0.09450534221784679
2021-05-21 14:00:00,2021-05-21 15:00:00,2021-05-22 14:00:00,37868.8,37834.5,-0.00090575883048849,False,0.001,-0.00190575883048849
2021-05-23 08:00:00,2021-05-23 09:00:00,2021-05-24 08:00:00,34390.6,36671.5,0.06632335580071302,False,0.001,0.06532335580071302
2021-05-28 08:00:00,2021-05-28 09:00:00,2021-05-29 08:00:00,36035.3,35798.0,-0.006585209502904199,False,0.001,-0.007585209502904199
2021-06-04 05:00:00,2021-06-04 06:00:00,2021-06-05 05:00:00,36720.4,37613.8,0.024329800328972473,False,0.001,0.023329800328972472
2021-06-07 20:00:00,2021-06-07 21:00:00,2021-06-08 20:00:00,34441.7,33635.7,-0.023401864600179456,False,0.001,-0.024401864600179457
2021-06-16 11:00:00,2021-06-16 12:00:00,2021-06-17 11:00:00,39083.6,39170.6,0.002225997605133534,False,0.001,0.001225997605133534
2021-06-17 17:00:00,2021-06-17 18:00:00,2021-06-18 17:00:00,37625.1,36243.3,-0.03672548378608953,False,0.001,-0.03772548378608953
2021-06-18 18:00:00,2021-06-18 19:00:00,2021-06-19 18:00:00,35275.3,35534.6,0.007350752509546199,False,0.001,0.006350752509546199
2021-06-20 10:00:00,2021-06-20 11:00:00,2021-06-21 10:00:00,34069.4,32327.2,-0.051136797243274024,False,0.001,-0.052136797243274025
2021-06-22 12:00:00,2021-06-22 13:00:00,2021-06-23 12:00:00,29897.1,34227.9,0.14485685902646095,False,0.001,0.14385685902646095
2021-07-05 11:00:00,2021-07-05 12:00:00,2021-07-06 11:00:00,33393.0,34085.4,0.02073488455664374,False,0.001,0.01973488455664374
2021-07-08 00:00:00,2021-07-08 01:00:00,2021-07-09 00:00:00,33223.8,32399.8,-0.024801497721512966,False,0.001,-0.025801497721512967
2021-07-13 12:00:00,2021-07-13 13:00:00,2021-07-14 12:00:00,32355.2,32320.4,-0.0010755612699040462,False,0.001,-0.0020755612699040462
2021-07-15 10:00:00,2021-07-15 11:00:00,2021-07-16 10:00:00,31870.5,31325.0,-0.017116141886697744,False,0.001,-0.018116141886697745
2021-07-18 14:00:00,2021-07-18 15:00:00,2021-07-19 14:00:00,31300.0,30821.3,-0.01529392971246013,False,0.001,-0.01629392971246013
2021-07-20 02:00:00,2021-07-20 03:00:00,2021-07-21 02:00:00,30178.8,29817.6,-0.01196866674619268,False,0.001,-0.01296866674619268
2021-07-30 08:00:00,2021-07-30 09:00:00,2021-07-31 08:00:00,38726.2,41724.1,0.07741270767594033,False,0.001,0.07641270767594033
2021-08-01 22:00:00,2021-08-01 23:00:00,2021-08-02 22:00:00,40245.7,39431.9,-0.020220793774241574,False,0.001,-0.021220793774241575
2021-08-17 20:00:00,2021-08-17 21:00:00,2021-08-18 20:00:00,44965.5,44557.8,-0.009066951329352424,False,0.001,-0.010066951329352425
2021-08-22 14:00:00,2021-08-22 15:00:00,2021-08-23 14:00:00,48257.2,49748.4,0.030901088335004934,False,0.001,0.029901088335004933
2021-08-24 13:00:00,2021-08-24 14:00:00,2021-08-25 13:00:00,48612.0,47660.0,-0.01958364189911954,False,0.001,-0.020583641899119542
2021-08-26 05:00:00,2021-08-26 06:00:00,2021-08-27 05:00:00,47070.0,47117.1,0.0010006373486297626,False,0.001,6.373486297625922e-07
2021-09-03 00:00:00,2021-09-03 01:00:00,2021-09-04 00:00:00,48569.0,49948.9,0.028411126438674827,False,0.001,0.027411126438674827
2021-09-07 09:00:00,2021-09-07 10:00:00,2021-09-08 09:00:00,50830.2,46281.1,-0.0894960082785431,False,0.001,-0.0904960082785431
2021-09-10 14:00:00,2021-09-10 15:00:00,2021-09-11 14:00:00,45133.0,45689.3,0.012325792657257528,False,0.001,0.011325792657257527
2021-09-13 14:00:00,2021-09-13 15:00:00,2021-09-14 14:00:00,43944.3,46583.2,0.060051019131036165,False,0.001,0.059051019131036164
2021-09-19 11:00:00,2021-09-19 12:00:00,2021-09-20 11:00:00,47302.9,43704.9,-0.0760629897955516,False,0.001,-0.0770629897955516
2021-09-20 11:00:00,2021-09-20 12:00:00,2021-09-21 11:00:00,43718.8,43307.0,-0.00941928872704656,False,0.001,-0.01041928872704656
2021-09-24 09:00:00,2021-09-24 10:00:00,2021-09-25 09:00:00,42370.5,42688.2,0.007498141395546387,False,0.001,0.006498141395546387
2021-09-26 07:00:00,2021-09-26 08:00:00,2021-09-27 07:00:00,41283.0,43736.7,0.05943608749364149,False,0.001,0.058436087493641486
2021-09-27 23:00:00,2021-09-28 00:00:00,2021-09-28 23:00:00,42154.9,41049.0,-0.02623419815964456,False,0.001,-0.027234198159644563
2021-10-03 00:00:00,2021-10-03 01:00:00,2021-10-04 00:00:00,47321.3,47961.6,0.013530904687740986,False,0.001,0.012530904687740985
2021-10-17 20:00:00,2021-10-17 21:00:00,2021-10-18 20:00:00,59343.0,61425.8,0.03509765262962783,False,0.001,0.03409765262962783
2021-10-26 21:00:00,2021-10-26 22:00:00,2021-10-27 21:00:00,60814.2,58797.4,-0.03316330725389782,False,0.001,-0.03416330725389782
2021-11-10 20:00:00,2021-11-10 21:00:00,2021-11-11 20:00:00,65815.0,64821.3,-0.015098381827850726,False,0.001,-0.016098381827850727
2021-11-12 09:00:00,2021-11-12 10:00:00,2021-11-13 09:00:00,63823.9,63465.7,-0.005612317642763931,False,0.001,-0.006612317642763931
2021-11-16 00:00:00,2021-11-16 01:00:00,2021-11-17 00:00:00,62561.1,59804.4,-0.04406412291343975,False,0.001,-0.04506412291343975
2021-11-18 15:00:00,2021-11-18 16:00:00,2021-11-19 15:00:00,58102.9,57979.6,-0.0021220971758725282,False,0.001,-0.0031220971758725282
2021-11-26 07:00:00,2021-11-26 08:00:00,2021-11-27 07:00:00,56960.2,54438.4,-0.044273018704288236,False,0.001,-0.04527301870428824
2021-11-30 05:00:00,2021-11-30 06:00:00,2021-12-01 05:00:00,56300.0,56839.1,0.009575488454706793,False,0.001,0.008575488454706792
2021-12-03 16:00:00,2021-12-03 17:00:00,2021-12-04 16:00:00,54979.9,47883.8,-0.12906716818328146,False,0.001,-0.13006716818328146
2021-12-08 10:00:00,2021-12-08 11:00:00,2021-12-09 10:00:00,49243.2,49371.1,0.002597312928485529,False,0.001,0.001597312928485529
2021-12-13 01:00:00,2021-12-13 02:00:00,2021-12-14 01:00:00,48635.3,46917.0,-0.03533030535434145,False,0.001,-0.03633030535434145
2021-12-17 14:00:00,2021-12-17 15:00:00,2021-12-18 14:00:00,45923.1,47041.0,0.024342868839429377,False,0.001,0.023342868839429376
2021-12-26 02:00:00,2021-12-26 03:00:00,2021-12-27 02:00:00,50058.6,50847.5,0.01575952983103801,False,0.001,0.01475952983103801
2021-12-28 04:00:00,2021-12-28 05:00:00,2021-12-29 04:00:00,49054.6,47806.2,-0.025449193347820587,False,0.001,-0.026449193347820588
2021-12-29 12:00:00,2021-12-29 13:00:00,2021-12-30 12:00:00,46834.8,47544.1,0.015144721446445741,False,0.001,0.01414472144644574
2021-12-31 19:00:00,2021-12-31 20:00:00,2022-01-01 19:00:00,45703.1,47350.0,0.03603475475405382,False,0.001,0.03503475475405382
2022-01-03 20:00:00,2022-01-03 21:00:00,2022-01-04 20:00:00,45907.8,46266.9,0.007822200148994263,False,0.001,0.006822200148994263
2022-01-05 19:00:00,2022-01-05 20:00:00,2022-01-06 19:00:00,44679.5,43433.7,-0.027883033606016294,False,0.001,-0.028883033606016295
2022-01-07 03:00:00,2022-01-07 04:00:00,2022-01-08 03:00:00,41754.1,41805.5,0.0012310168342750671,False,0.001,0.00023101683427506712
2022-01-08 18:00:00,2022-01-08 19:00:00,2022-01-09 18:00:00,40668.9,41993.0,0.03255804804162388,False,0.001,0.031558048041623876
2022-01-13 15:00:00,2022-01-13 16:00:00,2022-01-14 15:00:00,43215.4,43123.8,-0.002119614766957989,False,0.001,-0.003119614766957989
2022-01-17 21:00:00,2022-01-17 22:00:00,2022-01-18 21:00:00,41738.4,42403.6,0.015937362237172348,False,0.001,0.014937362237172347
2022-01-20 21:00:00,2022-01-20 22:00:00,2022-01-21 21:00:00,41327.2,36685.0,-0.11232795834220555,False,0.001,-0.11332795834220555
2022-01-21 21:00:00,2022-01-21 22:00:00,2022-01-22 21:00:00,36672.5,35428.2,-0.03393005658190751,False,0.001,-0.03493005658190751
2022-01-24 10:00:00,2022-01-24 11:00:00,2022-01-25 10:00:00,33286.5,36471.3,0.09567842819160921,False,0.001,0.09467842819160921
2022-01-27 01:00:00,2022-01-27 02:00:00,2022-01-28 01:00:00,35852.7,36907.6,0.02942316757175889,False,0.001,0.02842316757175889
2022-01-31 00:00:00,2022-01-31 01:00:00,2022-02-01 00:00:00,36845.0,38384.9,0.04179400189985083,False,0.001,0.04079400189985083
2022-02-02 14:00:00,2022-02-02 15:00:00,2022-02-03 14:00:00,37710.9,36528.8,-0.031346374655603526,False,0.001,-0.03234637465560353
2022-02-14 01:00:00,2022-02-14 02:00:00,2022-02-15 01:00:00,41675.5,43496.3,0.043689937733200734,False,0.001,0.042689937733200733
2022-02-16 13:00:00,2022-02-16 14:00:00,2022-02-17 13:00:00,43646.1,42289.1,-0.031090979491867565,False,0.001,-0.032090979491867566
2022-02-17 13:00:00,2022-02-17 14:00:00,2022-02-18 13:00:00,42262.2,40412.3,-0.04377197590281612,False,0.001,-0.04477197590281612
2022-02-20 06:00:00,2022-02-20 07:00:00,2022-02-21 06:00:00,38787.5,39236.6,0.01157847244601995,False,0.001,0.010578472446019949
2022-02-21 11:00:00,2022-02-21 12:00:00,2022-02-22 11:00:00,37590.1,37552.9,-0.000989622267565049,False,0.001,-0.001989622267565049
2022-02-24 02:00:00,2022-02-24 03:00:00,2022-02-25 02:00:00,35950.4,38837.2,0.08029952378833038,False,0.001,0.07929952378833038
2022-02-27 19:00:00,2022-02-27 20:00:00,2022-02-28 19:00:00,37588.0,41362.5,0.10041768649569005,False,0.001,0.09941768649569005
2022-03-03 15:00:00,2022-03-03 16:00:00,2022-03-04 15:00:00,42544.1,40700.7,-0.043329157274451746,False,0.001,-0.04432915727445175
2022-03-04 19:00:00,2022-03-04 20:00:00,2022-03-05 19:00:00,39781.2,39457.4,-0.008139523191859399,False,0.001,-0.0091395231918594
2022-03-06 09:00:00,2022-03-06 10:00:00,2022-03-07 09:00:00,38728.6,38160.9,-0.014658417810093805,False,0.001,-0.015658417810093805
2022-03-10 04:00:00,2022-03-10 05:00:00,2022-03-11 04:00:00,39530.2,38514.4,-0.025696809021962808,False,0.001,-0.02669680902196281
2022-03-13 22:00:00,2022-03-13 23:00:00,2022-03-14 22:00:00,37731.8,39330.5,0.04237009631133404,False,0.001,0.04137009631133404
2022-03-18 00:00:00,2022-03-18 01:00:00,2022-03-19 00:00:00,40340.6,41901.5,0.03869302885926351,False,0.001,0.03769302885926351
2022-03-21 02:00:00,2022-03-21 03:00:00,2022-03-22 02:00:00,40842.8,41856.6,0.024822000450507753,False,0.001,0.023822000450507752
2022-03-30 01:00:00,2022-03-30 02:00:00,2022-03-31 01:00:00,46869.6,47421.7,0.011779490330619424,False,0.001,0.010779490330619423
2022-03-31 14:00:00,2022-03-31 15:00:00,2022-04-01 14:00:00,46710.0,46127.6,-0.012468422179404914,False,0.001,-0.013468422179404915
2022-04-02 18:00:00,2022-04-02 19:00:00,2022-04-03 18:00:00,45857.6,46606.0,0.016320086528732514,False,0.001,0.015320086528732513
2022-04-06 00:00:00,2022-04-06 01:00:00,2022-04-07 00:00:00,45011.1,42916.2,-0.04654185300959102,False,0.001,-0.04754185300959102
2022-04-10 22:00:00,2022-04-10 23:00:00,2022-04-11 22:00:00,42096.5,39779.2,-0.05504733172591547,False,0.001,-0.05604733172591547
2022-04-16 15:00:00,2022-04-16 16:00:00,2022-04-17 15:00:00,40083.0,40451.5,0.009193423645934784,False,0.001,0.008193423645934783
2022-04-17 23:00:00,2022-04-18 00:00:00,2022-04-18 23:00:00,39660.6,40814.6,0.029096887086932588,False,0.001,0.028096887086932587
2022-04-21 20:00:00,2022-04-21 21:00:00,2022-04-22 20:00:00,40607.9,39631.7,-0.024039657308060902,False,0.001,-0.025039657308060903
2022-04-25 00:00:00,2022-04-25 01:00:00,2022-04-26 00:00:00,38891.9,40572.5,0.043212082721594935,False,0.001,0.042212082721594935
2022-04-26 15:00:00,2022-04-26 16:00:00,2022-04-27 15:00:00,38582.3,39003.3,0.01091173932088041,False,0.001,0.009911739320880408
2022-04-30 23:00:00,2022-05-01 00:00:00,2022-05-01 23:00:00,37638.8,38488.3,0.02256979499877776,False,0.001,0.021569794998777758
2022-05-05 14:00:00,2022-05-05 15:00:00,2022-05-06 14:00:00,38184.6,36153.8,-0.0531837442319677,False,0.001,-0.0541837442319677
2022-05-07 21:00:00,2022-05-07 22:00:00,2022-05-08 21:00:00,35018.1,34455.5,-0.016065977308877377,False,0.001,-0.017065977308877378
2022-05-09 02:00:00,2022-05-09 03:00:00,2022-05-10 02:00:00,33483.4,31028.8,-0.07330796753017921,False,0.001,-0.07430796753017921
2022-05-11 12:00:00,2022-05-11 13:00:00,2022-05-12 12:00:00,29267.6,28307.7,-0.03279735953750895,False,0.001,-0.03379735953750895
2022-05-20 14:00:00,2022-05-20 15:00:00,2022-05-21 14:00:00,29412.9,29348.2,-0.0021997150909974783,False,0.001,-0.0031997150909974783
2022-05-23 19:00:00,2022-05-23 20:00:00,2022-05-24 19:00:00,29043.8,29362.2,0.010962752807828213,False,0.001,0.009962752807828212
2022-05-26 08:00:00,2022-05-26 09:00:00,2022-05-27 08:00:00,28974.2,28908.4,-0.0022709859116041287,False,0.001,-0.0032709859116041287
2022-06-01 14:00:00,2022-06-01 15:00:00,2022-06-02 14:00:00,31149.7,30035.1,-0.035782046055018224,False,0.001,-0.036782046055018225
2022-06-07 01:00:00,2022-06-07 02:00:00,2022-06-08 01:00:00,29547.8,31080.1,0.051858344783706434,False,0.001,0.05085834478370643
2022-06-10 00:00:00,2022-06-10 01:00:00,2022-06-11 00:00:00,29779.0,29220.5,-0.018754827227240645,False,0.001,-0.019754827227240646
2022-06-12 02:00:00,2022-06-12 03:00:00,2022-06-13 02:00:00,27403.5,25320.4,-0.07601583739303364,False,0.001,-0.07701583739303364
2022-06-18 06:00:00,2022-06-18 07:00:00,2022-06-19 06:00:00,19409.3,18230.5,-0.06073377195468144,False,0.001,-0.06173377195468144
2022-06-27 13:00:00,2022-06-27 14:00:00,2022-06-28 13:00:00,20717.6,21027.2,0.014943815886010015,False,0.001,0.013943815886010014
2022-06-28 18:00:00,2022-06-28 19:00:00,2022-06-29 18:00:00,20324.7,20018.9,-0.01504573253233743,False,0.001,-0.01604573253233743
2022-06-30 06:00:00,2022-06-30 07:00:00,2022-07-01 06:00:00,19385.5,19375.2,-0.0005313249593767999,False,0.001,-0.0015313249593768
2022-07-10 02:00:00,2022-07-10 03:00:00,2022-07-11 02:00:00,21295.5,20542.3,-0.0353689746660093,False,0.001,-0.0363689746660093
2022-07-12 19:00:00,2022-07-12 20:00:00,2022-07-13 19:00:00,19381.6,19645.0,0.013590209270648579,False,0.001,0.012590209270648578
2022-07-17 17:00:00,2022-07-17 18:00:00,2022-07-18 17:00:00,20912.2,21896.9,0.047087346142443254,False,0.001,0.04608734614244325
2022-07-22 19:00:00,2022-07-22 20:00:00,2022-07-23 19:00:00,22605.5,22281.9,-0.014315100307447204,False,0.001,-0.015315100307447205
2022-07-25 23:00:00,2022-07-26 00:00:00,2022-07-26 23:00:00,21314.3,21259.8,-0.002556968795597303,False,0.001,-0.003556968795597303
2022-08-04 16:00:00,2022-08-04 17:00:00,2022-08-05 16:00:00,22592.4,23040.6,0.019838529771073254,False,0.001,0.018838529771073254
2022-08-06 23:00:00,2022-08-07 00:00:00,2022-08-07 23:00:00,22946.0,23187.6,0.010529068247189022,False,0.001,0.009529068247189021
2022-08-09 09:00:00,2022-08-09 10:00:00,2022-08-10 09:00:00,23478.2,23090.0,-0.01653448731163376,False,0.001,-0.017534487311633762
2022-08-15 06:00:00,2022-08-15 07:00:00,2022-08-16 06:00:00,24139.0,24014.0,-0.005178342101992639,False,0.001,-0.006178342101992639
2022-08-18 23:00:00,2022-08-19 00:00:00,2022-08-19 23:00:00,23192.0,20841.0,-0.10137116246981714,False,0.001,-0.10237116246981715
2022-08-26 11:00:00,2022-08-26 12:00:00,2022-08-27 11:00:00,21198.0,20215.0,-0.04637229927351638,False,0.001,-0.04737229927351638
2022-08-28 23:00:00,2022-08-29 00:00:00,2022-08-29 23:00:00,19571.0,20302.0,0.03735118287261763,False,0.001,0.03635118287261763
2022-08-30 14:00:00,2022-08-30 15:00:00,2022-08-31 14:00:00,19825.0,20108.0,0.014274905422446471,False,0.001,0.01327490542244647
2022-09-06 17:00:00,2022-09-06 18:00:00,2022-09-07 17:00:00,19100.0,18998.0,-0.005340314136125679,False,0.001,-0.006340314136125679
2022-09-13 12:00:00,2022-09-13 13:00:00,2022-09-14 12:00:00,21387.0,20320.0,-0.04989012016645622,False,0.001,-0.05089012016645622
2022-09-14 18:00:00,2022-09-14 19:00:00,2022-09-15 18:00:00,19774.0,19753.0,-0.0010620006068574606,False,0.001,-0.0020620006068574606
2022-09-18 21:00:00,2022-09-18 22:00:00,2022-09-19 21:00:00,19465.0,19520.0,0.0028255843822244664,False,0.001,0.0018255843822244664
2022-09-21 21:00:00,2022-09-21 22:00:00,2022-09-22 21:00:00,18463.0,19172.0,0.038401126577479294,False,0.001,0.03740112657747929
2022-09-23 13:00:00,2022-09-23 14:00:00,2022-09-24 13:00:00,18625.0,19121.0,0.02663087248322138,False,0.001,0.02563087248322138
2022-09-28 02:00:00,2022-09-28 03:00:00,2022-09-29 02:00:00,18634.0,19438.0,0.04314693570891914,False,0.001,0.04214693570891914
2022-09-29 13:00:00,2022-09-29 14:00:00,2022-09-30 13:00:00,18988.0,19478.0,0.02580577206656831,False,0.001,0.02480577206656831
2022-10-02 10:00:00,2022-10-02 11:00:00,2022-10-03 10:00:00,19106.0,19227.0,0.0063330890819637276,False,0.001,0.0053330890819637275
2022-10-07 12:00:00,2022-10-07 13:00:00,2022-10-08 12:00:00,19613.0,19520.0,-0.004741752918982267,False,0.001,-0.005741752918982267
2022-10-08 21:00:00,2022-10-08 22:00:00,2022-10-09 21:00:00,19302.0,19483.0,0.009377266604496892,False,0.001,0.008377266604496891
2022-10-10 08:00:00,2022-10-10 09:00:00,2022-10-11 08:00:00,19234.0,19108.0,-0.006550899448892533,False,0.001,-0.007550899448892533
2022-10-13 10:00:00,2022-10-13 11:00:00,2022-10-14 10:00:00,18672.0,19692.0,0.054627249357326546,False,0.001,0.053627249357326545
2022-10-18 18:00:00,2022-10-18 19:00:00,2022-10-19 18:00:00,19219.0,19187.0,-0.0016650189916228575,False,0.001,-0.0026650189916228575
2022-10-20 00:00:00,2022-10-20 01:00:00,2022-10-21 00:00:00,18943.0,19048.0,0.005542944623343704,False,0.001,0.004542944623343704
2022-10-21 12:00:00,2022-10-21 13:00:00,2022-10-22 12:00:00,18877.0,19183.0,0.01621020289240871,False,0.001,0.015210202892408708
2022-10-27 20:00:00,2022-10-27 21:00:00,2022-10-28 20:00:00,20398.0,20633.0,0.011520737327188835,False,0.001,0.010520737327188834
2022-10-31 13:00:00,2022-10-31 14:00:00,2022-11-01 13:00:00,20348.0,20420.0,0.0035384312954589436,False,0.001,0.0025384312954589436
2022-11-06 23:00:00,2022-11-07 00:00:00,2022-11-07 23:00:00,20899.0,20590.0,-0.014785396430451181,False,0.001,-0.015785396430451182
2022-11-08 03:00:00,2022-11-08 04:00:00,2022-11-09 03:00:00,20147.0,18312.0,-0.09108055789943914,False,0.001,-0.09208055789943914
2022-11-13 09:00:00,2022-11-13 10:00:00,2022-11-14 09:00:00,16507.0,16738.0,0.013994063124735057,False,0.001,0.012994063124735056
2022-11-20 11:00:00,2022-11-20 12:00:00,2022-11-21 11:00:00,16501.0,16058.0,-0.026846857766195997,False,0.001,-0.027846857766195998
2022-11-21 19:00:00,2022-11-21 20:00:00,2022-11-22 19:00:00,15702.0,16150.0,0.028531397274232484,False,0.001,0.027531397274232483
2022-11-26 22:00:00,2022-11-26 23:00:00,2022-11-27 22:00:00,16418.0,16574.0,0.009501766354001795,False,0.001,0.008501766354001794
2022-11-28 01:00:00,2022-11-28 02:00:00,2022-11-29 01:00:00,16128.0,16243.0,0.007130456349206282,False,0.001,0.006130456349206282
2022-12-07 07:00:00,2022-12-07 08:00:00,2022-12-08 07:00:00,16765.0,16826.0,0.0036385326573218357,False,0.001,0.0026385326573218357
2022-12-12 00:00:00,2022-12-12 01:00:00,2022-12-13 00:00:00,16950.0,17159.0,0.012330383480825935,False,0.001,0.011330383480825934
2022-12-16 08:00:00,2022-12-16 09:00:00,2022-12-17 08:00:00,17228.0,16727.0,-0.02908056651961921,False,0.001,-0.030080566519619212
2022-12-19 16:00:00,2022-12-19 17:00:00,2022-12-20 16:00:00,16633.0,16834.0,0.012084410509228594,False,0.001,0.011084410509228593
2022-12-22 14:00:00,2022-12-22 15:00:00,2022-12-23 14:00:00,16674.0,16789.0,0.006896965335252414,False,0.001,0.005896965335252414
2022-12-27 14:00:00,2022-12-27 15:00:00,2022-12-28 14:00:00,16766.0,16722.0,-0.0026243588214243108,False,0.001,-0.0036243588214243108
2022-12-28 21:00:00,2022-12-28 22:00:00,2022-12-29 21:00:00,16513.0,16594.0,0.004905226185429656,False,0.001,0.0039052261854296564
2022-12-30 07:00:00,2022-12-30 08:00:00,2022-12-31 07:00:00,16472.0,16559.0,0.005281690140845008,False,0.001,0.004281690140845008
2022-12-31 22:00:00,2022-12-31 23:00:00,2023-01-01 22:00:00,16509.0,16599.0,0.005451571869889094,False,0.001,0.004451571869889094
2023-01-18 15:00:00,2023-01-18 16:00:00,2023-01-19 15:00:00,21028.0,20877.0,-0.007180901654936234,False,0.001,-0.008180901654936235
2023-01-22 20:00:00,2023-01-22 21:00:00,2023-01-23 20:00:00,22467.0,23029.0,0.025014465660746943,False,0.001,0.024014465660746942
2023-01-24 23:00:00,2023-01-25 00:00:00,2023-01-25 23:00:00,22636.0,23054.0,0.018466160098957518,False,0.001,0.017466160098957517
2023-01-27 01:00:00,2023-01-27 02:00:00,2023-01-28 01:00:00,22646.0,23098.0,0.01995937472401299,False,0.001,0.01895937472401299
2023-01-30 19:00:00,2023-01-30 20:00:00,2023-01-31 19:00:00,22775.0,23169.0,0.017299670691547808,False,0.001,0.016299670691547807
2023-02-05 12:00:00,2023-02-05 13:00:00,2023-02-06 12:00:00,23160.0,22892.0,-0.011571675302245232,False,0.001,-0.012571675302245233
2023-02-09 03:00:00,2023-02-09 04:00:00,2023-02-10 03:00:00,22506.0,21833.0,-0.029903136941260122,False,0.001,-0.030903136941260123
2023-02-13 09:00:00,2023-02-13 10:00:00,2023-02-14 09:00:00,21608.0,21831.0,0.010320251758607846,False,0.001,0.009320251758607845
2023-02-16 22:00:00,2023-02-16 23:00:00,2023-02-17 22:00:00,24002.0,24689.0,0.028622614782101596,False,0.001,0.027622614782101595
2023-02-19 17:00:00,2023-02-19 18:00:00,2023-02-20 17:00:00,24367.0,24813.0,0.018303443181351797,False,0.001,0.017303443181351796
2023-02-24 15:00:00,2023-02-24 16:00:00,2023-02-25 15:00:00,23346.0,23011.0,-0.014349353208258364,False,0.001,-0.015349353208258365
2023-03-03 01:00:00,2023-03-03 02:00:00,2023-03-04 01:00:00,22165.0,22347.0,0.008211143695014744,False,0.001,0.007211143695014744
2023-03-07 14:00:00,2023-03-07 15:00:00,2023-03-08 14:00:00,22315.0,21976.0,-0.015191575173649996,False,0.001,-0.016191575173649997
2023-03-08 22:00:00,2023-03-08 23:00:00,2023-03-09 22:00:00,21798.0,20351.0,-0.06638223690246814,False,0.001,-0.06738223690246814
2023-03-22 19:00:00,2023-03-22 20:00:00,2023-03-23 19:00:00,26739.0,28405.0,0.06230599498859335,False,0.001,0.06130599498859335
2023-03-24 21:00:00,2023-03-24 22:00:00,2023-03-25 21:00:00,27365.0,27449.0,0.0030696144710395945,False,0.001,0.0020696144710395945
2023-03-27 14:00:00,2023-03-27 15:00:00,2023-03-28 14:00:00,26991.0,26949.0,-0.0015560742469712396,False,0.001,-0.0025560742469712397
2023-03-30 17:00:00,2023-03-30 18:00:00,2023-03-31 17:00:00,27823.0,28334.0,0.018366099989217455,False,0.001,0.017366099989217454
2023-04-02 15:00:00,2023-04-02 16:00:00,2023-04-03 15:00:00,28136.0,28066.0,-0.0024879158373614096,False,0.001,-0.0034879158373614097
2023-04-03 20:00:00,2023-04-03 21:00:00,2023-04-04 20:00:00,27581.0,28262.0,0.024690910409339795,False,0.001,0.023690910409339794
2023-04-09 06:00:00,2023-04-09 07:00:00,2023-04-10 06:00:00,27909.0,28301.0,0.014045648357160712,False,0.001,0.01304564835716071
2023-04-17 00:00:00,2023-04-17 01:00:00,2023-04-18 00:00:00,29845.0,29372.0,-0.015848550846037868,False,0.001,-0.01684855084603787
2023-04-19 08:00:00,2023-04-19 09:00:00,2023-04-20 08:00:00,29189.0,28835.0,-0.012127856384254287,False,0.001,-0.013127856384254288
2023-04-21 19:00:00,2023-04-21 20:00:00,2023-04-22 19:00:00,27276.0,27627.0,0.012868455785305821,False,0.001,0.01186845578530582
2023-04-24 08:00:00,2023-04-24 09:00:00,2023-04-25 08:00:00,27175.0,27429.0,0.009346826126954921,False,0.001,0.00834682612695492
2023-05-01 01:00:00,2023-05-01 02:00:00,2023-05-02 01:00:00,28515.0,27931.0,-0.020480448886550984,False,0.001,-0.021480448886550985
2023-05-06 14:00:00,2023-05-06 15:00:00,2023-05-07 14:00:00,28645.0,29090.0,0.015534997381742022,False,0.001,0.01453499738174202
2023-05-07 23:00:00,2023-05-08 00:00:00,2023-05-08 23:00:00,28485.0,27690.0,-0.027909426013691396,False,0.001,-0.028909426013691397
2023-05-12 05:00:00,2023-05-12 06:00:00,2023-05-13 05:00:00,26285.0,26757.0,0.017957009701350612,False,0.001,0.01695700970135061
2023-05-17 07:00:00,2023-05-17 08:00:00,2023-05-18 07:00:00,26840.0,27399.0,0.020827123695976058,False,0.001,0.019827123695976057
2023-05-18 17:00:00,2023-05-18 18:00:00,2023-05-19 17:00:00,26487.0,26924.0,0.01649865971986264,False,0.001,0.01549865971986264
2023-05-21 11:00:00,2023-05-21 12:00:00,2023-05-22 11:00:00,26833.0,26832.0,-3.726754369615115e-05,False,0.001,-0.0010372675436961512
2023-05-24 03:00:00,2023-05-24 04:00:00,2023-05-25 03:00:00,26773.0,26175.0,-0.022335935457363787,False,0.001,-0.023335935457363788
2023-05-31 04:00:00,2023-05-31 05:00:00,2023-06-01 04:00:00,27266.0,26814.0,-0.01657742243086624,False,0.001,-0.01757742243086624
2023-06-03 21:00:00,2023-06-03 22:00:00,2023-06-04 21:00:00,27020.0,27204.0,0.006809770540340487,False,0.001,0.005809770540340487
2023-06-05 15:00:00,2023-06-05 16:00:00,2023-06-06 15:00:00,25999.0,26074.0,0.002884726335628196,False,0.001,0.001884726335628196
2023-06-10 04:00:00,2023-06-10 05:00:00,2023-06-11 04:00:00,25787.0,25747.0,-0.0015511691937798444,False,0.001,-0.0025511691937798444
2023-06-14 20:00:00,2023-06-14 21:00:00,2023-06-15 20:00:00,24927.0,25559.0,0.025354033778633545,False,0.001,0.024354033778633544
2023-06-18 23:00:00,2023-06-19 00:00:00,2023-06-19 23:00:00,26336.0,26842.0,0.019213244228432513,False,0.001,0.018213244228432512
2023-06-26 01:00:00,2023-06-26 02:00:00,2023-06-27 01:00:00,30182.0,30380.0,0.006560201444569591,False,0.001,0.005560201444569591
2023-06-30 13:00:00,2023-06-30 14:00:00,2023-07-01 13:00:00,30139.0,30565.0,0.014134510103188669,False,0.001,0.013134510103188668
2023-07-04 19:00:00,2023-07-04 20:00:00,2023-07-05 19:00:00,30700.0,30439.0,-0.008501628664495109,False,0.001,-0.00950162866449511
2023-07-06 14:00:00,2023-07-06 15:00:00,2023-07-07 14:00:00,30217.0,30427.0,0.006949730284277145,False,0.001,0.005949730284277145
2023-07-08 19:00:00,2023-07-08 20:00:00,2023-07-09 19:00:00,30115.0,30249.0,0.0044496098289887875,False,0.001,0.0034496098289887875
2023-07-12 19:00:00,2023-07-12 20:00:00,2023-07-13 19:00:00,30277.0,31637.0,0.04491858506457036,False,0.001,0.04391858506457036
2023-07-14 17:00:00,2023-07-14 18:00:00,2023-07-15 17:00:00,30707.0,30297.0,-0.013352004428957565,False,0.001,-0.014352004428957565
2023-07-16 02:00:00,2023-07-16 03:00:00,2023-07-17 02:00:00,30271.0,30275.0,0.00013213967163294704,False,0.001,-0.000867860328367053
2023-07-17 18:00:00,2023-07-17 19:00:00,2023-07-18 18:00:00,29812.0,29911.0,0.0033208104119146764,False,0.001,0.0023208104119146764
2023-07-22 23:00:00,2023-07-23 00:00:00,2023-07-23 23:00:00,29790.0,30085.0,0.00990265189660966,False,0.001,0.008902651896609659
2023-07-24 09:00:00,2023-07-24 10:00:00,2023-07-25 09:00:00,29164.0,29162.0,-6.857769853241269e-05,False,0.001,-0.0010685776985324127
2023-07-30 19:00:00,2023-07-30 20:00:00,2023-07-31 19:00:00,29190.0,29157.0,-0.0011305241521069043,False,0.001,-0.0021305241521069043
2023-08-01 02:00:00,2023-08-01 03:00:00,2023-08-02 02:00:00,28924.0,29799.0,0.030251694094869386,False,0.001,0.029251694094869385
2023-08-04 18:00:00,2023-08-04 19:00:00,2023-08-05 18:00:00,29032.0,29046.0,0.00048222650868012806,False,0.001,-0.000517773491319872
2023-08-07 15:00:00,2023-08-07 16:00:00,2023-08-08 15:00:00,28818.0,29518.0,0.0242903740717606,False,0.001,0.0232903740717606
2023-08-13 22:00:00,2023-08-13 23:00:00,2023-08-14 22:00:00,29293.0,29414.0,0.004130679684566374,False,0.001,0.003130679684566374
2023-08-15 19:00:00,2023-08-15 20:00:00,2023-08-16 19:00:00,29147.0,29078.0,-0.0023673105293855468,False,0.001,-0.0033673105293855468
2023-08-16 23:00:00,2023-08-17 00:00:00,2023-08-17 23:00:00,28692.0,26642.0,-0.07144848738324272,False,0.001,-0.07244848738324272
2023-08-22 21:00:00,2023-08-22 22:00:00,2023-08-23 21:00:00,25660.0,26322.0,0.025798908807482368,False,0.001,0.024798908807482367
2023-08-25 14:00:00,2023-08-25 15:00:00,2023-08-26 14:00:00,25804.0,26046.0,0.00937839094713988,False,0.001,0.00837839094713988
2023-08-28 05:00:00,2023-08-28 06:00:00,2023-08-29 05:00:00,25950.0,26047.0,0.003737957610789877,False,0.001,0.002737957610789877
2023-08-31 15:00:00,2023-08-31 16:00:00,2023-09-01 15:00:00,26916.0,25799.0,-0.0414994798632784,False,0.001,-0.0424994798632784
2023-09-01 17:00:00,2023-09-01 18:00:00,2023-09-02 17:00:00,25463.0,25813.0,0.013745434552095093,False,0.001,0.012745434552095092
2023-09-04 21:00:00,2023-09-04 22:00:00,2023-09-05 21:00:00,25661.0,25723.0,0.0024161178441992615,False,0.001,0.0014161178441992614
2023-09-06 14:00:00,2023-09-06 15:00:00,2023-09-07 14:00:00,25586.0,25748.0,0.006331587586961618,False,0.001,0.005331587586961618
2023-09-11 14:00:00,2023-09-11 15:00:00,2023-09-12 14:00:00,25141.0,26129.0,0.039298357265025174,False,0.001,0.038298357265025174
2023-09-20 19:00:00,2023-09-20 20:00:00,2023-09-21 19:00:00,26950.0,26602.0,-0.012912801484230019,False,0.001,-0.01391280148423002
2023-09-24 23:00:00,2023-09-25 00:00:00,2023-09-25 23:00:00,26215.0,26297.0,0.0031279801640282656,False,0.001,0.0021279801640282656
2023-10-06 12:00:00,2023-10-06 13:00:00,2023-10-07 12:00:00,27262.0,27977.0,0.026226982613161143,False,0.001,0.025226982613161142
2023-10-09 09:00:00,2023-10-09 10:00:00,2023-10-10 09:00:00,27542.0,27668.0,0.004574831166945126,False,0.001,0.003574831166945126
2023-10-11 02:00:00,2023-10-11 03:00:00,2023-10-12 02:00:00,27122.0,26899.0,-0.008222107514195165,False,0.001,-0.009222107514195166
2023-10-27 17:00:00,2023-10-27 18:00:00,2023-10-28 17:00:00,33595.0,34146.0,0.01640125018603955,False,0.001,0.01540125018603955
2023-11-05 21:00:00,2023-11-05 22:00:00,2023-11-06 21:00:00,34669.0,35035.0,0.01055698174161357,False,0.001,0.009556981741613568
2023-11-11 22:00:00,2023-11-11 23:00:00,2023-11-12 22:00:00,36901.0,37170.0,0.0072897753448415425,False,0.001,0.0062897753448415425
2023-11-13 21:00:00,2023-11-13 22:00:00,2023-11-14 21:00:00,36473.0,35565.0,-0.024895127902832215,False,0.001,-0.025895127902832216
2023-11-16 19:00:00,2023-11-16 20:00:00,2023-11-17 19:00:00,35908.0,36327.0,0.011668708922802695,False,0.001,0.010668708922802694
2023-11-21 14:00:00,2023-11-21 15:00:00,2023-11-22 14:00:00,36625.0,36400.0,-0.006143344709897636,False,0.001,-0.007143344709897636
2023-11-26 12:00:00,2023-11-26 13:00:00,2023-11-27 12:00:00,37641.0,36976.0,-0.017666905767646957,False,0.001,-0.018666905767646957
2023-12-07 09:00:00,2023-12-07 10:00:00,2023-12-08 09:00:00,43365.0,43145.0,-0.005073215726968727,False,0.001,-0.006073215726968727
2023-12-09 23:00:00,2023-12-10 00:00:00,2023-12-10 23:00:00,43710.0,43786.0,0.0017387325554794053,False,0.001,0.0007387325554794053
2023-12-11 01:00:00,2023-12-11 02:00:00,2023-12-12 01:00:00,43219.0,41650.0,-0.03630347763715036,False,0.001,-0.03730347763715036
2023-12-15 15:00:00,2023-12-15 16:00:00,2023-12-16 15:00:00,41891.0,42566.0,0.016113246282017712,False,0.001,0.015113246282017712
2023-12-17 14:00:00,2023-12-17 15:00:00,2023-12-18 14:00:00,41593.0,41566.0,-0.0006491476931214102,False,0.001,-0.0016491476931214102
2023-12-24 22:00:00,2023-12-24 23:00:00,2023-12-25 22:00:00,43043.0,43701.0,0.015287038542852516,False,0.001,0.014287038542852515
2023-12-26 05:00:00,2023-12-26 06:00:00,2023-12-27 05:00:00,42775.0,42441.0,-0.007808299240210426,False,0.001,-0.008808299240210427
2024-01-03 11:00:00,2024-01-03 12:00:00,2024-01-04 11:00:00,43751.0,43226.0,-0.011999725720554966,False,0.001,-0.012999725720554967
2024-01-09 21:00:00,2024-01-09 22:00:00,2024-01-10 21:00:00,45381.0,45960.0,0.012758643485158983,False,0.001,0.011758643485158982
2024-01-12 15:00:00,2024-01-12 16:00:00,2024-01-13 15:00:00,44336.0,43147.0,-0.026817935763262413,False,0.001,-0.027817935763262414
2024-01-14 20:00:00,2024-01-14 21:00:00,2024-01-15 20:00:00,42487.0,42924.0,0.010285499093840578,False,0.001,0.009285499093840577
2024-01-18 16:00:00,2024-01-18 17:00:00,2024-01-19 16:00:00,41880.0,40362.0,-0.03624641833810893,False,0.001,-0.03724641833810893
2024-01-22 01:00:00,2024-01-22 02:00:00,2024-01-23 01:00:00,41318.0,39794.0,-0.036884650757539106,False,0.001,-0.03788465075753911
2024-01-30 23:00:00,2024-01-31 00:00:00,2024-01-31 23:00:00,42945.0,42558.0,-0.009011526370939604,False,0.001,-0.010011526370939605
2024-02-04 19:00:00,2024-02-04 20:00:00,2024-02-05 19:00:00,42608.0,42713.0,0.0024643259481786917,False,0.001,0.0014643259481786916
2024-02-17 13:00:00,2024-02-17 14:00:00,2024-02-18 13:00:00,51221.0,51626.0,0.007906913180141029,False,0.001,0.006906913180141029
2024-02-26 09:00:00,2024-02-26 10:00:00,2024-02-27 09:00:00,50963.0,56654.0,0.11166925024037044,False,0.001,0.11066925024037044
2024-03-03 07:00:00,2024-03-03 08:00:00,2024-03-04 07:00:00,61636.0,64117.0,0.04025244986696097,False,0.001,0.03925244986696097
2024-03-05 19:00:00,2024-03-05 20:00:00,2024-03-06 19:00:00,61465.0,66819.0,0.08710648336451632,False,0.001,0.08610648336451632
2024-03-11 00:00:00,2024-03-11 01:00:00,2024-03-12 00:00:00,68151.0,72027.0,0.056873706915525846,False,0.001,0.055873706915525845
2024-03-12 16:00:00,2024-03-12 17:00:00,2024-03-13 16:00:00,70500.0,73075.0,0.03652482269503543,False,0.001,0.03552482269503543
2024-03-14 15:00:00,2024-03-14 16:00:00,2024-03-15 15:00:00,70804.0,68152.0,-0.037455510988079754,False,0.001,-0.038455510988079755
2024-03-16 23:00:00,2024-03-17 00:00:00,2024-03-17 23:00:00,65245.0,68352.0,0.047620507318568484,False,0.001,0.04662050731856848
2024-03-22 13:00:00,2024-03-22 14:00:00,2024-03-23 13:00:00,63060.0,64601.0,0.02443704408499836,False,0.001,0.02343704408499836
2024-03-29 15:00:00,2024-03-29 16:00:00,2024-03-30 15:00:00,69195.0,70055.0,0.012428643688127794,False,0.001,0.011428643688127793
2024-04-01 05:00:00,2024-04-01 06:00:00,2024-04-02 05:00:00,69156.0,66814.0,-0.03386546358956566,False,0.001,-0.03486546358956566
2024-04-09 14:00:00,2024-04-09 15:00:00,2024-04-10 14:00:00,69330.0,68695.0,-0.009159094187220496,False,0.001,-0.010159094187220497
2024-04-12 14:00:00,2024-04-12 15:00:00,2024-04-13 14:00:00,69210.0,67587.0,-0.0234503684438665,False,0.001,-0.0244503684438665
2024-04-13 19:00:00,2024-04-13 20:00:00,2024-04-14 19:00:00,64759.0,64206.0,-0.008539353603360111,False,0.001,-0.009539353603360112
2024-04-17 14:00:00,2024-04-17 15:00:00,2024-04-18 14:00:00,61281.0,63880.0,0.042411187806987494,False,0.001,0.04141118780698749
2024-04-24 14:00:00,2024-04-24 15:00:00,2024-04-25 14:00:00,65214.0,63367.0,-0.028322139417916392,False,0.001,-0.029322139417916393
2024-04-27 00:00:00,2024-04-27 01:00:00,2024-04-28 00:00:00,63163.0,63580.0,0.006601966341054144,False,0.001,0.005601966341054144
2024-04-28 22:00:00,2024-04-28 23:00:00,2024-04-29 22:00:00,63133.0,63857.0,0.011467853578952303,False,0.001,0.010467853578952302
2024-04-30 19:00:00,2024-04-30 20:00:00,2024-05-01 19:00:00,59160.0,56893.0,-0.03831981068289381,False,0.001,-0.03931981068289381
2024-05-06 12:00:00,2024-05-06 13:00:00,2024-05-07 12:00:00,63578.0,63663.0,0.0013369404510994443,False,0.001,0.00033694045109944424
2024-05-10 14:00:00,2024-05-10 15:00:00,2024-05-11 14:00:00,61059.0,60813.0,-0.004028890089913029,False,0.001,-0.005028890089913029
2024-05-19 19:00:00,2024-05-19 20:00:00,2024-05-20 19:00:00,66032.0,70057.0,0.060955294402713855,False,0.001,0.059955294402713855
2024-05-23 13:00:00,2024-05-23 14:00:00,2024-05-24 13:00:00,67952.0,67045.0,-0.013347657169766936,False,0.001,-0.014347657169766936
2024-05-26 15:00:00,2024-05-26 16:00:00,2024-05-27 15:00:00,68824.0,70311.0,0.021605835173776677,False,0.001,0.020605835173776677
2024-05-28 03:00:00,2024-05-28 04:00:00,2024-05-29 03:00:00,68020.0,68756.0,0.01082034695677736,False,0.001,0.00982034695677736
2024-05-31 14:00:00,2024-05-31 15:00:00,2024-06-01 14:00:00,67423.0,67740.0,0.004701659671032088,False,0.001,0.003701659671032088
2024-06-02 09:00:00,2024-06-02 10:00:00,2024-06-03 09:00:00,67483.0,69001.0,0.02249455418401669,False,0.001,0.02149455418401669
2024-06-07 17:00:00,2024-06-07 18:00:00,2024-06-08 17:00:00,69695.0,69443.0,-0.003615754358275325,False,0.001,-0.004615754358275325
2024-06-11 01:00:00,2024-06-11 02:00:00,2024-06-12 01:00:00,68541.0,67160.0,-0.02014852424096525,False,0.001,-0.02114852424096525
2024-06-13 15:00:00,2024-06-13 16:00:00,2024-06-14 15:00:00,66416.0,66356.0,-0.0009033967718622415,False,0.001,-0.0019033967718622416
2024-06-14 16:00:00,2024-06-14 17:00:00,2024-06-15 16:00:00,65221.0,66145.0,0.014167216080710254,False,0.001,0.013167216080710253
2024-06-17 09:00:00,2024-06-17 10:00:00,2024-06-18 09:00:00,65699.0,65467.0,-0.003531256183503584,False,0.001,-0.004531256183503584
2024-06-23 16:00:00,2024-06-23 17:00:00,2024-06-24 16:00:00,63916.0,60135.0,-0.059155766944114174,False,0.001,-0.060155766944114175
2024-06-24 16:00:00,2024-06-24 17:00:00,2024-06-25 16:00:00,60120.0,61381.0,0.020974717232202345,False,0.001,0.019974717232202344
2024-06-28 14:00:00,2024-06-28 15:00:00,2024-06-29 14:00:00,60832.0,60919.0,0.0014301683324566827,False,0.001,0.0004301683324566827
2024-07-02 14:00:00,2024-07-02 15:00:00,2024-07-03 14:00:00,61943.0,60202.0,-0.028106484994268932,False,0.001,-0.029106484994268933
2024-07-04 01:00:00,2024-07-04 02:00:00,2024-07-05 01:00:00,58543.0,57151.0,-0.023777394393864393,False,0.001,-0.024777394393864394
2024-07-05 02:00:00,2024-07-05 03:00:00,2024-07-06 02:00:00,55809.0,56438.0,0.01127058359762767,False,0.001,0.01027058359762767
2024-07-08 00:00:00,2024-07-08 01:00:00,2024-07-09 00:00:00,55056.0,56527.0,0.026718250508573016,False,0.001,0.025718250508573015
2024-07-25 01:00:00,2024-07-25 02:00:00,2024-07-26 01:00:00,64467.0,66421.0,0.03031008112677802,False,0.001,0.02931008112677802
2024-07-29 16:00:00,2024-07-29 17:00:00,2024-07-30 16:00:00,66923.0,66156.0,-0.011460932713715732,False,0.001,-0.012460932713715733
2024-07-31 19:00:00,2024-07-31 20:00:00,2024-08-01 19:00:00,65228.0,63389.0,-0.028193413871343553,False,0.001,-0.029193413871343554
2024-08-02 21:00:00,2024-08-02 22:00:00,2024-08-03 21:00:00,61922.0,60598.0,-0.02138173831594592,False,0.001,-0.02238173831594592
2024-08-04 14:00:00,2024-08-04 15:00:00,2024-08-05 14:00:00,59554.0,54092.0,-0.09171508211035362,False,0.001,-0.09271508211035362
2024-08-11 19:00:00,2024-08-11 20:00:00,2024-08-12 19:00:00,59634.0,59051.0,-0.00977630210953484,False,0.001,-0.010776302109534841
2024-08-15 19:00:00,2024-08-15 20:00:00,2024-08-16 19:00:00,57062.0,59695.0,0.04614279205075178,False,0.001,0.04514279205075178
2024-08-18 23:00:00,2024-08-19 00:00:00,2024-08-19 23:00:00,58440.0,59497.0,0.018086926762491462,False,0.001,0.01708692676249146
2024-08-27 21:00:00,2024-08-27 22:00:00,2024-08-28 21:00:00,60421.0,59136.0,-0.02126744012843218,False,0.001,-0.02226744012843218
2024-08-30 14:00:00,2024-08-30 15:00:00,2024-08-31 14:00:00,58459.0,59128.0,0.01144391795959554,False,0.001,0.010443917959595539
2024-09-01 02:00:00,2024-09-01 03:00:00,2024-09-02 02:00:00,58532.0,57508.0,-0.01749470375179385,False,0.001,-0.01849470375179385
2024-09-03 14:00:00,2024-09-03 15:00:00,2024-09-04 14:00:00,57649.0,57515.0,-0.002324411524918024,False,0.001,-0.003324411524918024
2024-09-05 15:00:00,2024-09-05 16:00:00,2024-09-06 15:00:00,55958.0,54015.0,-0.03472247042424681,False,0.001,-0.03572247042424681
2024-09-06 15:00:00,2024-09-06 16:00:00,2024-09-07 15:00:00,54012.0,54782.0,0.01425609123898397,False,0.001,0.013256091238983969
2024-09-11 13:00:00,2024-09-11 14:00:00,2024-09-12 13:00:00,55740.0,57598.0,0.03333333333333344,False,0.001,0.032333333333333436
2024-09-15 23:00:00,2024-09-16 00:00:00,2024-09-16 23:00:00,59121.0,58212.0,-0.01537524737402951,False,0.001,-0.01637524737402951
2024-09-30 01:00:00,2024-09-30 02:00:00,2024-10-01 01:00:00,64768.0,63419.0,-0.020828186758893308,False,0.001,-0.02182818675889331
2024-10-01 13:00:00,2024-10-01 14:00:00,2024-10-02 13:00:00,62845.0,61333.0,-0.024059193253242128,False,0.001,-0.02505919325324213
2024-10-09 18:00:00,2024-10-09 19:00:00,2024-10-10 18:00:00,61139.0,59426.0,-0.028018122638577614,False,0.001,-0.029018122638577615
2024-10-13 14:00:00,2024-10-13 15:00:00,2024-10-14 14:00:00,62220.0,65903.0,0.05919318547090957,False,0.001,0.05819318547090957
2024-10-21 13:00:00,2024-10-21 14:00:00,2024-10-22 13:00:00,67272.0,66941.0,-0.004920323462956344,False,0.001,-0.005920323462956344
2024-10-25 17:00:00,2024-10-25 18:00:00,2024-10-26 17:00:00,66758.0,66965.0,0.0031007519698014185,False,0.001,0.0021007519698014185
2024-11-01 01:00:00,2024-11-01 02:00:00,2024-11-02 01:00:00,69277.0,69645.0,0.00531200831444778,False,0.001,0.00431200831444778
2024-11-03 02:00:00,2024-11-03 03:00:00,2024-11-04 02:00:00,68182.0,69244.0,0.015575958464110862,False,0.001,0.01457595846411086
2024-11-23 16:00:00,2024-11-23 17:00:00,2024-11-24 16:00:00,97836.0,96477.0,-0.01389059241996815,False,0.001,-0.014890592419968152
2024-11-25 14:00:00,2024-11-25 15:00:00,2024-11-26 14:00:00,95443.0,93284.0,-0.022620831281497833,False,0.001,-0.023620831281497834
2024-12-01 02:00:00,2024-12-01 03:00:00,2024-12-02 02:00:00,95832.0,97707.0,0.019565489606811814,False,0.001,0.018565489606811814
2024-12-02 08:00:00,2024-12-02 09:00:00,2024-12-03 08:00:00,95113.0,95535.0,0.00443682777328025,False,0.001,0.0034368277732802497
2024-12-04 16:00:00,2024-12-04 17:00:00,2024-12-05 16:00:00,94852.0,101144.0,0.06633492177286726,False,0.001,0.06533492177286726
2024-12-05 22:00:00,2024-12-05 23:00:00,2024-12-06 22:00:00,96780.0,100662.0,0.04011159330440184,False,0.001,0.03911159330440184
2024-12-09 15:00:00,2024-12-09 16:00:00,2024-12-10 15:00:00,97714.0,95703.0,-0.02058046953353665,False,0.001,-0.02158046953353665
2024-12-12 19:00:00,2024-12-12 20:00:00,2024-12-13 19:00:00,99472.0,101493.0,0.02031727521312532,False,0.001,0.019317275213125318
2024-12-18 19:00:00,2024-12-18 20:00:00,2024-12-19 19:00:00,102768.0,97080.0,-0.055347968239140566,False,0.001,-0.05634796823914057
2024-12-22 14:00:00,2024-12-22 15:00:00,2024-12-23 14:00:00,95303.0,94274.0,-0.010797141747898809,False,0.001,-0.01179714174789881
2024-12-26 08:00:00,2024-12-26 09:00:00,2024-12-27 08:00:00,95726.0,95627.0,-0.001034201784259281,False,0.001,-0.002034201784259281
2024-12-27 15:00:00,2024-12-27 16:00:00,2024-12-28 15:00:00,94428.0,94293.0,-0.0014296606938619671,False,0.001,-0.002429660693861967
2024-12-29 16:00:00,2024-12-29 17:00:00,2024-12-30 16:00:00,93740.0,91950.0,-0.019095370172818482,False,0.001,-0.020095370172818483
2025-01-07 15:00:00,2025-01-07 16:00:00,2025-01-08 15:00:00,97914.0,95458.0,-0.025083236309414336,False,0.001,-0.026083236309414337
2025-01-08 17:00:00,2025-01-08 18:00:00,2025-01-09 17:00:00,94000.0,92688.0,-0.013957446808510632,False,0.001,-0.014957446808510633
2025-01-13 06:00:00,2025-01-13 07:00:00,2025-01-14 06:00:00,93607.0,94973.0,0.014592925742732854,False,0.001,0.013592925742732853
2025-01-16 14:00:00,2025-01-16 15:00:00,2025-01-17 14:00:00,97549.0,103364.0,0.059611067258505956,False,0.001,0.058611067258505956
2025-01-19 22:00:00,2025-01-19 23:00:00,2025-01-20 22:00:00,103298.0,103466.0,0.0016263625626826705,False,0.001,0.0006263625626826705
2025-01-26 23:00:00,2025-01-27 00:00:00,2025-01-27 23:00:00,102573.0,102090.0,-0.004708841507999217,False,0.001,-0.005708841507999217
2025-01-31 18:00:00,2025-01-31 19:00:00,2025-02-01 18:00:00,102577.0,102005.0,-0.005576298780428313,False,0.001,-0.006576298780428313
2025-02-01 22:00:00,2025-02-01 23:00:00,2025-02-02 22:00:00,100653.0,97962.0,-0.026735417722273502,False,0.001,-0.027735417722273503
2025-02-03 01:00:00,2025-02-03 02:00:00,2025-02-04 01:00:00,93428.0,101469.0,0.08606627563471325,False,0.001,0.08506627563471325
2025-02-04 21:00:00,2025-02-04 22:00:00,2025-02-05 21:00:00,96540.0,96920.0,0.003936192251916326,False,0.001,0.002936192251916326
2025-02-09 21:00:00,2025-02-09 22:00:00,2025-02-10 21:00:00,95161.0,97406.0,0.0235915973980938,False,0.001,0.0225915973980938
2025-02-16 13:00:00,2025-02-16 14:00:00,2025-02-17 13:00:00,96829.0,96411.0,-0.004316888535459418,False,0.001,-0.005316888535459418
2025-02-17 15:00:00,2025-02-17 16:00:00,2025-02-18 15:00:00,95668.0,95513.0,-0.001620186478237251,False,0.001,-0.002620186478237251
2025-02-18 16:00:00,2025-02-18 17:00:00,2025-02-19 16:00:00,94607.0,96296.0,0.017852801589734346,False,0.001,0.016852801589734345
2025-02-21 17:00:00,2025-02-21 18:00:00,2025-02-22 17:00:00,96966.0,96628.0,-0.00348575789451977,False,0.001,-0.00448575789451977
2025-02-24 14:00:00,2025-02-24 15:00:00,2025-02-25 14:00:00,94664.0,87110.0,-0.07979802247950651,False,0.001,-0.08079802247950651
2025-02-26 18:00:00,2025-02-26 19:00:00,2025-02-27 18:00:00,84175.0,84519.0,0.004086724086724169,False,0.001,0.0030867240867241694
2025-02-28 01:00:00,2025-02-28 02:00:00,2025-03-01 01:00:00,81629.0,84619.0,0.03662913915397703,False,0.001,0.03562913915397703
2025-03-03 18:00:00,2025-03-03 19:00:00,2025-03-04 18:00:00,87096.0,86772.0,-0.0037200330669605597,False,0.001,-0.00472003306696056
2025-03-07 00:00:00,2025-03-07 01:00:00,2025-03-08 00:00:00,85563.0,86693.0,0.013206643058331302,False,0.001,0.012206643058331301
2025-03-09 10:00:00,2025-03-09 11:00:00,2025-03-10 10:00:00,84812.0,82307.0,-0.02953591472904782,False,0.001,-0.03053591472904782
2025-03-10 14:00:00,2025-03-10 15:00:00,2025-03-11 14:00:00,79887.0,79742.0,-0.0018150637775858902,False,0.001,-0.0028150637775858902
2025-03-16 11:00:00,2025-03-16 12:00:00,2025-03-17 11:00:00,82404.0,83502.0,0.01332459589340318,False,0.001,0.012324595893403179
2025-03-18 13:00:00,2025-03-18 14:00:00,2025-03-19 13:00:00,81314.0,84123.0,0.03454509678530138,False,0.001,0.033545096785301376
2025-03-26 13:00:00,2025-03-26 14:00:00,2025-03-27 13:00:00,86868.0,86362.0,-0.005824929778514565,False,0.001,-0.006824929778514565
2025-04-06 16:00:00,2025-04-06 17:00:00,2025-04-07 16:00:00,81950.0,77395.0,-0.05558267236119585,False,0.001,-0.05658267236119585
2025-04-20 10:00:00,2025-04-20 11:00:00,2025-04-21 10:00:00,84173.0,87368.0,0.037957539828686215,False,0.001,0.036957539828686214
2025-04-28 01:00:00,2025-04-28 02:00:00,2025-04-29 01:00:00,92973.0,94903.0,0.020758714895722452,False,0.001,0.01975871489572245
2025-04-30 13:00:00,2025-04-30 14:00:00,2025-05-01 13:00:00,93035.0,95872.0,0.030493900145106778,False,0.001,0.029493900145106777
2025-05-04 22:00:00,2025-05-04 23:00:00,2025-05-05 22:00:00,95027.0,95047.0,0.00021046649899503223,False,0.001,-0.0007895335010049678
2025-05-12 14:00:00,2025-05-12 15:00:00,2025-05-13 14:00:00,102799.0,103211.0,0.004007821087753882,False,0.001,0.0030078210877538822
2025-05-23 11:00:00,2025-05-23 12:00:00,2025-05-24 11:00:00,109099.0,109228.0,0.0011824123044208434,False,0.001,0.00018241230442084342
2025-05-27 01:00:00,2025-05-27 02:00:00,2025-05-28 01:00:00,108399.0,108724.0,0.002998182640061353,False,0.001,0.001998182640061353
2025-05-30 00:00:00,2025-05-30 01:00:00,2025-05-31 00:00:00,104945.0,103995.0,-0.009052360760398281,False,0.001,-0.010052360760398282
2025-06-05 16:00:00,2025-06-05 17:00:00,2025-06-06 16:00:00,103300.0,104850.0,0.015004840271055198,False,0.001,0.014004840271055197
2025-06-13 00:00:00,2025-06-13 01:00:00,2025-06-14 00:00:00,103826.0,105863.0,0.01961936316529589,False,0.001,0.018619363165295888
2025-06-20 14:00:00,2025-06-20 15:00:00,2025-06-21 14:00:00,103940.0,103574.0,-0.00352126226669236,False,0.001,-0.00452126226669236
2025-06-21 18:00:00,2025-06-21 19:00:00,2025-06-22 18:00:00,102684.0,99463.0,-0.03136808071364572,False,0.001,-0.03236808071364572
2025-06-30 14:00:00,2025-06-30 15:00:00,2025-07-01 14:00:00,106816.0,105977.0,-0.007854628520071905,False,0.001,-0.008854628520071905
2025-07-01 14:00:00,2025-07-01 15:00:00,2025-07-02 14:00:00,105977.0,108173.0,0.020721477301678615,False,0.001,0.019721477301678614
2025-07-04 13:00:00,2025-07-04 14:00:00,2025-07-05 13:00:00,108026.0,108161.0,0.0012496991465018592,False,0.001,0.0002496991465018592
2025-07-15 14:00:00,2025-07-15 15:00:00,2025-07-16 14:00:00,115981.0,119070.0,0.026633672756744664,False,0.001,0.025633672756744663
2025-07-18 14:00:00,2025-07-18 15:00:00,2025-07-19 14:00:00,118198.0,117741.0,-0.003866393678404023,False,0.001,-0.004866393678404023
2025-07-20 22:00:00,2025-07-20 23:00:00,2025-07-21 22:00:00,117561.0,117418.0,-0.0012163897891307451,False,0.001,-0.002216389789130745
2025-07-30 18:00:00,2025-07-30 19:00:00,2025-07-31 18:00:00,116501.0,117641.0,0.009785323731126727,False,0.001,0.008785323731126726
2025-08-01 00:00:00,2025-08-01 01:00:00,2025-08-02 00:00:00,115425.0,113762.0,-0.014407623998267227,False,0.001,-0.015407623998267228
2025-08-05 14:00:00,2025-08-05 15:00:00,2025-08-06 14:00:00,112927.0,115213.0,0.02024316593905806,False,0.001,0.01924316593905806
2025-08-14 12:00:00,2025-08-14 13:00:00,2025-08-15 12:00:00,118927.0,118728.0,-0.0016732953828819674,False,0.001,-0.0026732953828819675
2025-08-18 01:00:00,2025-08-18 02:00:00,2025-08-19 01:00:00,116307.0,115849.0,-0.003937854127438634,False,0.001,-0.004937854127438634
2025-08-19 14:00:00,2025-08-19 15:00:00,2025-08-20 14:00:00,113909.0,113447.0,-0.004055869158714365,False,0.001,-0.005055869158714365
2025-08-24 19:00:00,2025-08-24 20:00:00,2025-08-25 19:00:00,112559.0,110666.0,-0.016817846640428624,False,0.001,-0.017817846640428625
2025-08-25 20:00:00,2025-08-25 21:00:00,2025-08-26 20:00:00,109561.0,111355.0,0.016374439809786256,False,0.001,0.015374439809786256
2025-08-29 07:00:00,2025-08-29 08:00:00,2025-08-30 07:00:00,110040.0,108520.0,-0.013813158851326834,False,0.001,-0.014813158851326835
2025-09-01 02:00:00,2025-09-01 03:00:00,2025-09-02 02:00:00,107637.0,110244.0,0.024220295994871632,False,0.001,0.02322029599487163
2025-09-09 15:00:00,2025-09-09 16:00:00,2025-09-10 15:00:00,110885.0,113875.0,0.026964873517608234,False,0.001,0.025964873517608233
2025-09-15 08:00:00,2025-09-15 09:00:00,2025-09-16 08:00:00,114761.0,115681.0,0.008016660712262924,False,0.001,0.007016660712262924
2025-09-17 18:00:00,2025-09-17 19:00:00,2025-09-18 18:00:00,115257.0,117886.0,0.022809894409884013,False,0.001,0.021809894409884012
2025-09-19 14:00:00,2025-09-19 15:00:00,2025-09-20 14:00:00,115940.0,116046.0,0.0009142659996550506,False,0.001,-8.57340003449494e-05
2025-09-22 00:00:00,2025-09-22 01:00:00,2025-09-23 00:00:00,114457.0,112485.0,-0.017229177769817472,False,0.001,-0.018229177769817473
2025-09-25 13:00:00,2025-09-25 14:00:00,2025-09-26 13:00:00,111021.0,109701.0,-0.011889642500067521,False,0.001,-0.012889642500067522
2025-10-07 14:00:00,2025-10-07 15:00:00,2025-10-08 14:00:00,122876.0,122350.0,-0.004280738305283416,False,0.001,-0.005280738305283416
2025-10-09 16:00:00,2025-10-09 17:00:00,2025-10-10 16:00:00,119883.0,118254.0,-0.013588248542328762,False,0.001,-0.014588248542328763
2025-10-10 19:00:00,2025-10-10 20:00:00,2025-10-11 19:00:00,116680.0,111291.0,-0.04618615015426808,False,0.001,-0.04718615015426808
2025-10-16 15:00:00,2025-10-16 16:00:00,2025-10-17 15:00:00,108583.0,106821.0,-0.016227217888619805,False,0.001,-0.017227217888619806
2025-10-19 08:00:00,2025-10-19 09:00:00,2025-10-20 08:00:00,106440.0,111123.0,0.04399661781285236,False,0.001,0.042996617812852356
2025-10-21 04:00:00,2025-10-21 05:00:00,2025-10-22 04:00:00,107823.0,108676.0,0.007911113584300189,False,0.001,0.006911113584300189
2025-10-22 11:00:00,2025-10-22 12:00:00,2025-10-23 11:00:00,107592.0,109302.0,0.015893374972116847,False,0.001,0.014893374972116846
2025-10-28 20:00:00,2025-10-28 21:00:00,2025-10-29 20:00:00,112807.0,111439.0,-0.012126907018181532,False,0.001,-0.013126907018181533
2025-10-30 04:00:00,2025-10-30 05:00:00,2025-10-31 04:00:00,108578.0,110067.0,0.01371364364788441,False,0.001,0.01271364364788441
2025-11-03 02:00:00,2025-11-03 03:00:00,2025-11-04 02:00:00,109025.0,106454.0,-0.02358174730566387,False,0.001,-0.02458174730566387
2025-11-04 05:00:00,2025-11-04 06:00:00,2025-11-05 05:00:00,104177.0,101804.0,-0.022778540368795452,False,0.001,-0.023778540368795453
2025-11-06 14:00:00,2025-11-06 15:00:00,2025-11-07 14:00:00,102064.0,100721.0,-0.013158410409154997,False,0.001,-0.014158410409154998
2025-11-12 15:00:00,2025-11-12 16:00:00,2025-11-13 15:00:00,102151.0,101356.0,-0.007782596352458593,False,0.001,-0.008782596352458594
2025-11-13 18:00:00,2025-11-13 19:00:00,2025-11-14 18:00:00,98531.0,95014.0,-0.035694350001522324,False,0.001,-0.036694350001522325
2025-11-16 15:00:00,2025-11-16 16:00:00,2025-11-17 15:00:00,94503.0,93859.0,-0.006814598478355194,False,0.001,-0.007814598478355195
2025-11-19 15:00:00,2025-11-19 16:00:00,2025-11-20 15:00:00,89879.0,89758.0,-0.001346254408705061,False,0.001,-0.002346254408705061
2025-11-20 16:00:00,2025-11-20 17:00:00,2025-11-21 16:00:00,87775.0,84823.0,-0.03363144403303897,False,0.001,-0.03463144403303897
2025-11-30 23:00:00,2025-12-01 00:00:00,2025-12-01 23:00:00,90369.0,86291.0,-0.04512609412519775,False,0.001,-0.04612609412519775
2025-12-05 16:00:00,2025-12-05 17:00:00,2025-12-06 16:00:00,88834.0,89728.0,0.010063714343607089,False,0.001,0.009063714343607088
2025-12-07 14:00:00,2025-12-07 15:00:00,2025-12-08 14:00:00,88234.0,90853.0,0.029682435342385016,False,0.001,0.028682435342385015
2025-12-14 11:00:00,2025-12-14 12:00:00,2025-12-15 11:00:00,89363.0,89644.0,0.0031444781397222954,False,0.001,0.0021444781397222954
2025-12-15 15:00:00,2025-12-15 16:00:00,2025-12-16 15:00:00,87030.0,87950.0,0.0105710674480064,False,0.001,0.009571067448006398
2025-12-18 19:00:00,2025-12-18 20:00:00,2025-12-19 19:00:00,84440.0,87794.0,0.03972051160587409,False,0.001,0.038720511605874086
2025-12-21 13:00:00,2025-12-21 14:00:00,2025-12-22 13:00:00,87639.0,89874.0,0.025502344846472402,False,0.001,0.0245023448464724
2025-12-23 14:00:00,2025-12-23 15:00:00,2025-12-24 14:00:00,86789.0,86922.0,0.001532452269296769,False,0.001,0.000532452269296769
2025-12-25 23:00:00,2025-12-26 00:00:00,2025-12-26 23:00:00,87168.0,87296.0,0.001468428781204123,False,0.001,0.000468428781204123
2026-01-06 16:00:00,2026-01-06 17:00:00,2026-01-07 16:00:00,92648.0,91165.0,-0.01600682151800359,False,0.001,-0.01700682151800359
2026-01-16 15:00:00,2026-01-16 16:00:00,2026-01-17 15:00:00,94538.0,95542.0,0.010620068120755777,False,0.001,0.009620068120755776
2026-01-18 23:00:00,2026-01-19 00:00:00,2026-01-19 23:00:00,93627.0,92560.0,-0.011396285259593908,False,0.001,-0.012396285259593909
2026-01-20 05:00:00,2026-01-20 06:00:00,2026-01-21 05:00:00,91530.0,89852.0,-0.018332787064350486,False,0.001,-0.019332787064350487
2026-01-21 16:00:00,2026-01-21 17:00:00,2026-01-22 16:00:00,87535.0,88969.0,0.016382018621122985,False,0.001,0.015382018621122984
2026-01-25 03:00:00,2026-01-25 04:00:00,2026-01-26 03:00:00,88817.0,87154.0,-0.018723892948422027,False,0.001,-0.019723892948422028
2026-01-29 14:00:00,2026-01-29 15:00:00,2026-01-30 14:00:00,86861.0,82962.0,-0.04488780925847047,False,0.001,-0.04588780925847047
2026-01-31 14:00:00,2026-01-31 15:00:00,2026-02-01 14:00:00,81360.0,78132.0,-0.039675516224188745,False,0.001,-0.040675516224188746
2026-02-03 16:00:00,2026-02-03 17:00:00,2026-02-04 16:00:00,76408.0,73502.0,-0.038032666736467435,False,0.001,-0.039032666736467436
2026-02-05 15:00:00,2026-02-05 16:00:00,2026-02-06 15:00:00,67372.0,68605.0,0.018301371489639617,False,0.001,0.017301371489639616
2026-02-12 16:00:00,2026-02-12 17:00:00,2026-02-13 16:00:00,65821.0,68916.0,0.04702146731286372,False,0.001,0.04602146731286372
2026-02-16 15:00:00,2026-02-16 16:00:00,2026-02-17 15:00:00,67500.0,67346.0,-0.00228148148148144,False,0.001,-0.00328148148148144
2026-02-18 18:00:00,2026-02-18 19:00:00,2026-02-19 18:00:00,66326.0,66999.0,0.010146850405572394,False,0.001,0.009146850405572393
2026-02-23 00:00:00,2026-02-23 01:00:00,2026-02-24 00:00:00,66716.0,64910.0,-0.027069968223514596,False,0.001,-0.028069968223514596
2026-02-28 06:00:00,2026-02-28 07:00:00,2026-03-01 06:00:00,63216.0,66932.0,0.05878258668691472,False,0.001,0.057782586686914716
2026-03-07 19:00:00,2026-03-07 20:00:00,2026-03-08 19:00:00,67090.0,67318.0,0.0033984200327916714,False,0.001,0.0023984200327916714
2026-03-08 22:00:00,2026-03-08 23:00:00,2026-03-09 22:00:00,66235.0,68648.0,0.03643089001283317,False,0.001,0.03543089001283317
2026-03-18 14:00:00,2026-03-18 15:00:00,2026-03-19 14:00:00,71198.0,69500.0,-0.023848984522037098,False,0.001,-0.0248489845220371
2026-03-21 23:00:00,2026-03-22 00:00:00,2026-03-22 23:00:00,68910.0,67860.0,-0.015237265999129335,False,0.001,-0.016237265999129336
2026-03-24 13:00:00,2026-03-24 14:00:00,2026-03-25 13:00:00,70076.0,71559.0,0.021162737599178083,False,0.001,0.020162737599178082
2026-03-27 08:00:00,2026-03-27 09:00:00,2026-03-28 08:00:00,67887.0,66364.0,-0.02243433941697237,False,0.001,-0.023434339416972372
2026-03-29 22:00:00,2026-03-29 23:00:00,2026-03-30 22:00:00,65817.0,66729.0,0.013856602397556816,False,0.001,0.012856602397556816
2026-04-02 01:00:00,2026-04-02 02:00:00,2026-04-03 01:00:00,67348.0,66611.0,-0.010943160895646509,False,0.001,-0.01194316089564651
2026-04-05 06:00:00,2026-04-05 07:00:00,2026-04-06 06:00:00,66800.0,68957.0,0.03229041916167663,False,0.001,0.03129041916167663
2026-04-12 01:00:00,2026-04-12 02:00:00,2026-04-13 01:00:00,71677.0,71228.0,-0.006264213066953128,False,0.001,-0.007264213066953128
2026-04-19 17:00:00,2026-04-19 18:00:00,2026-04-20 17:00:00,74810.0,75931.0,0.014984627723566346,False,0.001,0.013984627723566345
2026-04-21 19:00:00,2026-04-21 20:00:00,2026-04-22 19:00:00,75032.0,78877.0,0.05124480221772054,False,0.001,0.05024480221772054
2026-04-27 15:00:00,2026-04-27 16:00:00,2026-04-28 15:00:00,76791.0,76058.0,-0.00954538943365757,False,0.001,-0.01054538943365757
2026-04-29 18:00:00,2026-04-29 19:00:00,2026-04-30 18:00:00,75489.0,76317.0,0.01096848547470497,False,0.001,0.009968485474704969
2026-05-07 13:00:00,2026-05-07 14:00:00,2026-05-08 13:00:00,80510.0,79619.0,-0.01106694820519194,False,0.001,-0.01206694820519194
2026-05-13 13:00:00,2026-05-13 14:00:00,2026-05-14 13:00:00,79632.0,79690.0,0.0007283504118946738,False,0.001,-0.00027164958810532627
2026-05-15 13:00:00,2026-05-15 14:00:00,2026-05-16 13:00:00,78707.0,77978.0,-0.00926220031255165,False,0.001,-0.01026220031255165
2026-05-17 23:00:00,2026-05-18 00:00:00,2026-05-18 23:00:00,77419.0,76949.0,-0.006070861158113616,False,0.001,-0.007070861158113616
2026-05-22 18:00:00,2026-05-22 19:00:00,2026-05-23 18:00:00,76440.0,75759.0,-0.00890894819466248,False,0.001,-0.009908948194662481
2026-05-24 21:00:00,2026-05-24 22:00:00,2026-05-25 21:00:00,76051.0,77300.4,0.01642844933005483,False,0.001,0.015428449330054828
2026-05-26 00:00:00,2026-05-26 01:00:00,2026-05-27 00:00:00,76718.0,75977.0,-0.009658750228108137,False,0.001,-0.010658750228108138
2026-05-27 13:00:00,2026-05-27 14:00:00,2026-05-28 13:00:00,74927.0,72891.0,-0.02717311516542764,False,0.001,-0.028173115165427642
2026-05-31 14:00:00,2026-05-31 15:00:00,2026-06-01 14:00:00,73497.0,71423.0,-0.028218838864171314,False,0.001,-0.029218838864171315
2026-06-02 14:00:00,2026-06-02 15:00:00,2026-06-03 14:00:00,67884.0,66764.6,-0.01648989452595595,False,0.001,-0.01748989452595595
2026-06-04 00:00:00,2026-06-04 01:00:00,2026-06-05 00:00:00,63259.2,63346.5,0.001380036421579911,False,0.001,0.000380036421579911
2026-06-09 14:00:00,2026-06-09 15:00:00,2026-06-10 14:00:00,61506.7,62141.4,0.010319200997614963,False,0.001,0.009319200997614963
2026-06-17 19:00:00,2026-06-17 20:00:00,2026-06-18 19:00:00,64251.9,62866.2,-0.02156667740564877,False,0.001,-0.022566677405648772
2026-06-21 23:00:00,2026-06-22 00:00:00,2026-06-22 23:00:00,63237.2,63949.0,0.011256032841428842,False,0.001,0.010256032841428842
2026-06-23 06:00:00,2026-06-23 07:00:00,2026-06-24 06:00:00,62865.0,62692.0,-0.0027519287361806866,False,0.001,-0.0037519287361806866
2026-06-24 13:00:00,2026-06-24 14:00:00,2026-06-25 13:00:00,61230.0,58213.9,-0.04925853339866071,False,0.001,-0.05025853339866071
2026-06-25 13:00:00,2026-06-25 14:00:00,2026-06-26 13:00:00,58196.6,60079.4,0.032352405466986145,False,0.001,0.031352405466986144
2026-06-28 22:00:00,2026-06-28 23:00:00,2026-06-29 22:00:00,58971.3,60268.1,0.021990358021613865,False,0.001,0.020990358021613864
2026-07-06 12:00:00,2026-07-06 13:00:00,2026-07-07 12:00:00,61695.9,63415.6,0.02787381333281469,False,0.001,0.02687381333281469
2026-07-08 08:00:00,2026-07-08 09:00:00,2026-07-09 08:00:00,61956.9,62843.1,0.014303491620788034,False,0.001,0.013303491620788033
2026-07-11 23:00:00,2026-07-12 00:00:00,2026-07-12 23:00:00,63780.0,63743.5,-0.0005722797115083056,False,0.001,-0.0015722797115083056
2026-07-13 01:00:00,2026-07-13 02:00:00,2026-07-14 01:00:00,63379.0,62463.5,-0.014444847662475002,False,0.001,-0.015444847662475003
2026-07-17 05:00:00,2026-07-17 06:00:00,2026-07-18 05:00:00,62779.6,63913.3,0.018058413879668,False,0.001,0.017058413879668
2026-07-23 12:00:00,2026-07-23 13:00:00,2026-07-24 12:00:00,65134.0,64716.0,-0.006417539226824753,False,0.001,-0.007417539226824753
2026-07-24 13:00:00,2026-07-24 14:00:00,2026-07-25 13:00:00,64092.0,64117.3,0.0003947450539849573,False,0.001,-0.0006052549460150427
2026-07-27 22:00:00,2026-07-27 23:00:00,2026-07-28 22:00:00,63738.0,63701.5,-0.0005726568138316734,False,0.001,-0.0015726568138316735
2026-07-31 13:00:00,2026-07-31 14:00:00,2026-08-01 13:00:00,63190.4,63002.9,-0.0029672228692966263,False,0.001,-0.003967222869296626
2026-08-01 17:00:00,2026-08-01 18:00:00,2026-08-02 17:00:00,62647.4,63229.4,0.009290090251151684,False,0.001,0.008290090251151683
2026-08-10 13:00:00,2026-08-10 14:00:00,2026-08-11 13:00:00,64498.5,64133.8,-0.005654395063451001,False,0.001,-0.006654395063451001
2026-08-11 14:00:00,2026-08-11 15:00:00,2026-08-12 14:00:00,63704.5,63302.6,-0.00630881648863113,False,0.001,-0.0073088164886311304
2026-08-13 16:00:00,2026-08-13 17:00:00,2026-08-14 16:00:00,63091.5,63071.9,-0.0003106599145684674,False,0.001,-0.0013106599145684674
2026-08-16 21:00:00,2026-08-16 22:00:00,2026-08-17 21:00:00,62866.6,64331.0,0.02329376807398531,False,0.001,0.02229376807398531
2026-08-23 05:00:00,2026-08-23 06:00:00,2026-08-24 05:00:00,76048.9,77160.9,0.014622170734882367,False,0.001,0.013622170734882366
2026-08-28 15:00:00,2026-08-28 16:00:00,2026-08-29 15:00:00,78331.8,77858.6,-0.006040969312590794,False,0.001,-0.007040969312590794
2026-08-30 23:00:00,2026-08-31 00:00:00,2026-08-31 23:00:00,77659.1,78571.2,0.011744921071709546,False,0.001,0.010744921071709546
2026-09-01 18:00:00,2026-09-01 19:00:00,2026-09-02 18:00:00,77130.8,77343.4,0.0027563567342745454,False,0.001,0.0017563567342745454
